Z00001	yes	[a-z]+(?=@)	diff=0/7481	no_auto_possess	
Z00002	yes	[a-z]+(?=[\d.])	diff=0/7481	no_auto_possess	
Z00006	yes	[a-z]+(?=\W)	diff=0/7481	no_auto_possess	
Z00007	yes	x[a-z]+(?=@)	diff=0/7481	no_auto_possess	
Z00008	yes	x[a-z]+(?=[\d.])	diff=0/7481	no_auto_possess	
Z00012	yes	x[a-z]+(?=\W)	diff=0/7481	no_auto_possess	
Z00013	yes	[a-z]+(?=@)$	diff=0/7481	no_auto_possess	
Z00014	yes	[a-z]+(?=[\d.])$	diff=0/7481	no_auto_possess	
Z00018	yes	[a-z]+(?=\W)$	diff=0/7481	no_auto_possess	
Z00028	yes	[a-z]+(?![a-z])	diff=0/7481	no_auto_possess	
Z00029	yes	[a-z]+(?!\w)	diff=0/7481	no_auto_possess	
Z00034	yes	x[a-z]+(?![a-z])	diff=0/7481	no_auto_possess	
Z00035	yes	x[a-z]+(?!\w)	diff=0/7481	no_auto_possess	
Z00040	yes	[a-z]+(?![a-z])$	diff=0/7481	no_auto_possess	
Z00041	yes	[a-z]+(?!\w)$	diff=0/7481	no_auto_possess	
Z00049	yes	[a-z]+(?=@)y	diff=0/7481	no_auto_possess	
Z00050	yes	[a-z]+(?=[\d.])y	diff=0/7481	no_auto_possess	
Z00054	yes	[a-z]+(?=\W)y	diff=0/7481	no_auto_possess	
Z00055	yes	x[a-z]+(?=@)y	diff=0/7481	no_auto_possess	
Z00056	yes	x[a-z]+(?=[\d.])y	diff=0/7481	no_auto_possess	
Z00060	yes	x[a-z]+(?=\W)y	diff=0/7481	no_auto_possess	
Z00061	yes	[a-z]+(?=@)y$	diff=0/7481	no_auto_possess	
Z00062	yes	[a-z]+(?=[\d.])y$	diff=0/7481	no_auto_possess	
Z00066	yes	[a-z]+(?=\W)y$	diff=0/7481	no_auto_possess	
Z00121	yes	[a-z]+(?:(?=@)[ab])+	diff=0/7481	no_auto_possess	
Z00122	yes	[a-z]+(?:(?=[\d.])[ab])+	diff=0/7481	no_auto_possess	
Z00126	yes	[a-z]+(?:(?=\W)[ab])+	diff=0/7481	no_auto_possess	
Z00127	yes	x[a-z]+(?:(?=@)[ab])+	diff=0/7481	no_auto_possess	
Z00128	yes	x[a-z]+(?:(?=[\d.])[ab])+	diff=0/7481	no_auto_possess	
Z00132	yes	x[a-z]+(?:(?=\W)[ab])+	diff=0/7481	no_auto_possess	
Z00133	yes	[a-z]+(?:(?=@)[ab])+$	diff=0/7481	no_auto_possess	
Z00134	yes	[a-z]+(?:(?=[\d.])[ab])+$	diff=0/7481	no_auto_possess	
Z00138	yes	[a-z]+(?:(?=\W)[ab])+$	diff=0/7481	no_auto_possess	
Z00145	yes	[a-z]+(?<=@)	diff=0/7481	no_auto_possess	
Z00146	yes	[a-z]+(?<=[\d.])	diff=0/7481	no_auto_possess	
Z00150	yes	[a-z]+(?<=\W)	diff=0/7481	no_auto_possess	
Z00151	yes	x[a-z]+(?<=@)	diff=0/7481	no_auto_possess	
Z00152	yes	x[a-z]+(?<=[\d.])	diff=0/7481	no_auto_possess	
Z00156	yes	x[a-z]+(?<=\W)	diff=0/7481	no_auto_possess	
Z00157	yes	[a-z]+(?<=@)$	diff=0/7481	no_auto_possess	
Z00158	yes	[a-z]+(?<=[\d.])$	diff=0/7481	no_auto_possess	
Z00162	yes	[a-z]+(?<=\W)$	diff=0/7481	no_auto_possess	
Z00172	yes	[a-z]+(?<![a-z])	diff=0/7481	no_auto_possess	
Z00173	yes	[a-z]+(?<!\w)	diff=0/7481	no_auto_possess	
Z00178	yes	x[a-z]+(?<![a-z])	diff=0/7481	no_auto_possess	
Z00179	yes	x[a-z]+(?<!\w)	diff=0/7481	no_auto_possess	
Z00184	yes	[a-z]+(?<![a-z])$	diff=0/7481	no_auto_possess	
Z00185	yes	[a-z]+(?<!\w)$	diff=0/7481	no_auto_possess	
Z00193	yes	[a-z]+(?:(?=@)|)	diff=0/7481	no_auto_possess	
Z00194	yes	[a-z]+(?:(?=[\d.])|)	diff=0/7481	no_auto_possess	
Z00198	yes	[a-z]+(?:(?=\W)|)	diff=0/7481	no_auto_possess	
Z00199	yes	x[a-z]+(?:(?=@)|)	diff=0/7481	no_auto_possess	
Z00200	yes	x[a-z]+(?:(?=[\d.])|)	diff=0/7481	no_auto_possess	
Z00204	yes	x[a-z]+(?:(?=\W)|)	diff=0/7481	no_auto_possess	
Z00205	yes	[a-z]+(?:(?=@)|)$	diff=0/7481	no_auto_possess	
Z00206	yes	[a-z]+(?:(?=[\d.])|)$	diff=0/7481	no_auto_possess	
Z00210	yes	[a-z]+(?:(?=\W)|)$	diff=0/7481	no_auto_possess	
Z00220	yes	[a-z]+(?:(?![a-z])|)	diff=0/7481	no_auto_possess	
Z00221	yes	[a-z]+(?:(?!\w)|)	diff=0/7481	no_auto_possess	
Z00226	yes	x[a-z]+(?:(?![a-z])|)	diff=0/7481	no_auto_possess	
Z00227	yes	x[a-z]+(?:(?!\w)|)	diff=0/7481	no_auto_possess	
Z00232	yes	[a-z]+(?:(?![a-z])|)$	diff=0/7481	no_auto_possess	
Z00233	yes	[a-z]+(?:(?!\w)|)$	diff=0/7481	no_auto_possess	
Z00241	yes	[a-z]*(?=@)	diff=0/7481	no_auto_possess	
Z00242	yes	[a-z]*(?=[\d.])	diff=0/7481	no_auto_possess	
Z00246	yes	[a-z]*(?=\W)	diff=0/7481	no_auto_possess	
Z00247	yes	x[a-z]*(?=@)	diff=0/7481	no_auto_possess	
Z00248	yes	x[a-z]*(?=[\d.])	diff=0/7481	no_auto_possess	
Z00252	yes	x[a-z]*(?=\W)	diff=0/7481	no_auto_possess	
Z00253	yes	[a-z]*(?=@)$	diff=0/7481	no_auto_possess	
Z00254	yes	[a-z]*(?=[\d.])$	diff=0/7481	no_auto_possess	
Z00258	yes	[a-z]*(?=\W)$	diff=0/7481	no_auto_possess	
Z00268	yes	[a-z]*(?![a-z])	diff=0/7481	no_auto_possess	
Z00269	yes	[a-z]*(?!\w)	diff=0/7481	no_auto_possess	
Z00274	yes	x[a-z]*(?![a-z])	diff=0/7481	no_auto_possess	
Z00275	yes	x[a-z]*(?!\w)	diff=0/7481	no_auto_possess	
Z00280	yes	[a-z]*(?![a-z])$	diff=0/7481	no_auto_possess	
Z00281	yes	[a-z]*(?!\w)$	diff=0/7481	no_auto_possess	
Z00289	yes	[a-z]*(?=@)y	diff=0/7481	no_auto_possess	
Z00290	yes	[a-z]*(?=[\d.])y	diff=0/7481	no_auto_possess	
Z00294	yes	[a-z]*(?=\W)y	diff=0/7481	no_auto_possess	
Z00295	yes	x[a-z]*(?=@)y	diff=0/7481	no_auto_possess	
Z00296	yes	x[a-z]*(?=[\d.])y	diff=0/7481	no_auto_possess	
Z00300	yes	x[a-z]*(?=\W)y	diff=0/7481	no_auto_possess	
Z00301	yes	[a-z]*(?=@)y$	diff=0/7481	no_auto_possess	
Z00302	yes	[a-z]*(?=[\d.])y$	diff=0/7481	no_auto_possess	
Z00306	yes	[a-z]*(?=\W)y$	diff=0/7481	no_auto_possess	
Z00361	yes	[a-z]*(?:(?=@)[ab])+	diff=0/7481	no_auto_possess	
Z00362	yes	[a-z]*(?:(?=[\d.])[ab])+	diff=0/7481	no_auto_possess	
Z00366	yes	[a-z]*(?:(?=\W)[ab])+	diff=0/7481	no_auto_possess	
Z00367	yes	x[a-z]*(?:(?=@)[ab])+	diff=0/7481	no_auto_possess	
Z00368	yes	x[a-z]*(?:(?=[\d.])[ab])+	diff=0/7481	no_auto_possess	
Z00372	yes	x[a-z]*(?:(?=\W)[ab])+	diff=0/7481	no_auto_possess	
Z00373	yes	[a-z]*(?:(?=@)[ab])+$	diff=0/7481	no_auto_possess	
Z00374	yes	[a-z]*(?:(?=[\d.])[ab])+$	diff=0/7481	no_auto_possess	
Z00378	yes	[a-z]*(?:(?=\W)[ab])+$	diff=0/7481	no_auto_possess	
Z00433	yes	[a-z]*(?:(?=@)|)	diff=0/7481	no_auto_possess	
Z00434	yes	[a-z]*(?:(?=[\d.])|)	diff=0/7481	no_auto_possess	
Z00438	yes	[a-z]*(?:(?=\W)|)	diff=0/7481	no_auto_possess	
Z00439	yes	x[a-z]*(?:(?=@)|)	diff=0/7481	no_auto_possess	
Z00440	yes	x[a-z]*(?:(?=[\d.])|)	diff=0/7481	no_auto_possess	
Z00444	yes	x[a-z]*(?:(?=\W)|)	diff=0/7481	no_auto_possess	
Z00445	yes	[a-z]*(?:(?=@)|)$	diff=0/7481	no_auto_possess	
Z00446	yes	[a-z]*(?:(?=[\d.])|)$	diff=0/7481	no_auto_possess	
Z00450	yes	[a-z]*(?:(?=\W)|)$	diff=0/7481	no_auto_possess	
Z00460	yes	[a-z]*(?:(?![a-z])|)	diff=0/7481	no_auto_possess	
Z00461	yes	[a-z]*(?:(?!\w)|)	diff=0/7481	no_auto_possess	
Z00466	yes	x[a-z]*(?:(?![a-z])|)	diff=0/7481	no_auto_possess	
Z00467	yes	x[a-z]*(?:(?!\w)|)	diff=0/7481	no_auto_possess	
Z00472	yes	[a-z]*(?:(?![a-z])|)$	diff=0/7481	no_auto_possess	
Z00473	yes	[a-z]*(?:(?!\w)|)$	diff=0/7481	no_auto_possess	
Z00481	yes	[a-z]?(?=@)	diff=0/7481	no_auto_possess	
Z00482	yes	[a-z]?(?=[\d.])	diff=0/7481	no_auto_possess	
Z00486	yes	[a-z]?(?=\W)	diff=0/7481	no_auto_possess	
Z00487	yes	x[a-z]?(?=@)	diff=0/7481	no_auto_possess	
Z00488	yes	x[a-z]?(?=[\d.])	diff=0/7481	no_auto_possess	
Z00492	yes	x[a-z]?(?=\W)	diff=0/7481	no_auto_possess	
Z00493	yes	[a-z]?(?=@)$	diff=0/7481	no_auto_possess	
Z00494	yes	[a-z]?(?=[\d.])$	diff=0/7481	no_auto_possess	
Z00498	yes	[a-z]?(?=\W)$	diff=0/7481	no_auto_possess	
Z00508	yes	[a-z]?(?![a-z])	diff=0/7481	no_auto_possess	
Z00509	yes	[a-z]?(?!\w)	diff=0/7481	no_auto_possess	
Z00514	yes	x[a-z]?(?![a-z])	diff=0/7481	no_auto_possess	
Z00515	yes	x[a-z]?(?!\w)	diff=0/7481	no_auto_possess	
Z00520	yes	[a-z]?(?![a-z])$	diff=0/7481	no_auto_possess	
Z00521	yes	[a-z]?(?!\w)$	diff=0/7481	no_auto_possess	
Z00529	yes	[a-z]?(?=@)y	diff=0/7481	no_auto_possess	
Z00530	yes	[a-z]?(?=[\d.])y	diff=0/7481	no_auto_possess	
Z00534	yes	[a-z]?(?=\W)y	diff=0/7481	no_auto_possess	
Z00535	yes	x[a-z]?(?=@)y	diff=0/7481	no_auto_possess	
Z00536	yes	x[a-z]?(?=[\d.])y	diff=0/7481	no_auto_possess	
Z00540	yes	x[a-z]?(?=\W)y	diff=0/7481	no_auto_possess	
Z00541	yes	[a-z]?(?=@)y$	diff=0/7481	no_auto_possess	
Z00542	yes	[a-z]?(?=[\d.])y$	diff=0/7481	no_auto_possess	
Z00546	yes	[a-z]?(?=\W)y$	diff=0/7481	no_auto_possess	
Z00601	yes	[a-z]?(?:(?=@)[ab])+	diff=0/7481	no_auto_possess	
Z00602	yes	[a-z]?(?:(?=[\d.])[ab])+	diff=0/7481	no_auto_possess	
Z00606	yes	[a-z]?(?:(?=\W)[ab])+	diff=0/7481	no_auto_possess	
Z00607	yes	x[a-z]?(?:(?=@)[ab])+	diff=0/7481	no_auto_possess	
Z00608	yes	x[a-z]?(?:(?=[\d.])[ab])+	diff=0/7481	no_auto_possess	
Z00612	yes	x[a-z]?(?:(?=\W)[ab])+	diff=0/7481	no_auto_possess	
Z00613	yes	[a-z]?(?:(?=@)[ab])+$	diff=0/7481	no_auto_possess	
Z00614	yes	[a-z]?(?:(?=[\d.])[ab])+$	diff=0/7481	no_auto_possess	
Z00618	yes	[a-z]?(?:(?=\W)[ab])+$	diff=0/7481	no_auto_possess	
Z00673	yes	[a-z]?(?:(?=@)|)	diff=0/7481	no_auto_possess	
Z00674	yes	[a-z]?(?:(?=[\d.])|)	diff=0/7481	no_auto_possess	
Z00678	yes	[a-z]?(?:(?=\W)|)	diff=0/7481	no_auto_possess	
Z00679	yes	x[a-z]?(?:(?=@)|)	diff=0/7481	no_auto_possess	
Z00680	yes	x[a-z]?(?:(?=[\d.])|)	diff=0/7481	no_auto_possess	
Z00684	yes	x[a-z]?(?:(?=\W)|)	diff=0/7481	no_auto_possess	
Z00685	yes	[a-z]?(?:(?=@)|)$	diff=0/7481	no_auto_possess	
Z00686	yes	[a-z]?(?:(?=[\d.])|)$	diff=0/7481	no_auto_possess	
Z00690	yes	[a-z]?(?:(?=\W)|)$	diff=0/7481	no_auto_possess	
Z00700	yes	[a-z]?(?:(?![a-z])|)	diff=0/7481	no_auto_possess	
Z00701	yes	[a-z]?(?:(?!\w)|)	diff=0/7481	no_auto_possess	
Z00706	yes	x[a-z]?(?:(?![a-z])|)	diff=0/7481	no_auto_possess	
Z00707	yes	x[a-z]?(?:(?!\w)|)	diff=0/7481	no_auto_possess	
Z00712	yes	[a-z]?(?:(?![a-z])|)$	diff=0/7481	no_auto_possess	
Z00713	yes	[a-z]?(?:(?!\w)|)$	diff=0/7481	no_auto_possess	
Z00721	yes	[a-z]{2,4}(?=@)	diff=0/7481	no_auto_possess	
Z00722	yes	[a-z]{2,4}(?=[\d.])	diff=0/7481	no_auto_possess	
Z00726	yes	[a-z]{2,4}(?=\W)	diff=0/7481	no_auto_possess	
Z00727	yes	x[a-z]{2,4}(?=@)	diff=0/7481	no_auto_possess	
Z00728	yes	x[a-z]{2,4}(?=[\d.])	diff=0/7481	no_auto_possess	
Z00732	yes	x[a-z]{2,4}(?=\W)	diff=0/7481	no_auto_possess	
Z00733	yes	[a-z]{2,4}(?=@)$	diff=0/7481	no_auto_possess	
Z00734	yes	[a-z]{2,4}(?=[\d.])$	diff=0/7481	no_auto_possess	
Z00738	yes	[a-z]{2,4}(?=\W)$	diff=0/7481	no_auto_possess	
Z00748	yes	[a-z]{2,4}(?![a-z])	diff=0/7481	no_auto_possess	
Z00749	yes	[a-z]{2,4}(?!\w)	diff=0/7481	no_auto_possess	
Z00754	yes	x[a-z]{2,4}(?![a-z])	diff=0/7481	no_auto_possess	
Z00755	yes	x[a-z]{2,4}(?!\w)	diff=0/7481	no_auto_possess	
Z00760	yes	[a-z]{2,4}(?![a-z])$	diff=0/7481	no_auto_possess	
Z00761	yes	[a-z]{2,4}(?!\w)$	diff=0/7481	no_auto_possess	
Z00769	yes	[a-z]{2,4}(?=@)y	diff=0/7481	no_auto_possess	
Z00770	yes	[a-z]{2,4}(?=[\d.])y	diff=0/7481	no_auto_possess	
Z00774	yes	[a-z]{2,4}(?=\W)y	diff=0/7481	no_auto_possess	
Z00775	yes	x[a-z]{2,4}(?=@)y	diff=0/7481	no_auto_possess	
Z00776	yes	x[a-z]{2,4}(?=[\d.])y	diff=0/7481	no_auto_possess	
Z00780	yes	x[a-z]{2,4}(?=\W)y	diff=0/7481	no_auto_possess	
Z00781	yes	[a-z]{2,4}(?=@)y$	diff=0/7481	no_auto_possess	
Z00782	yes	[a-z]{2,4}(?=[\d.])y$	diff=0/7481	no_auto_possess	
Z00786	yes	[a-z]{2,4}(?=\W)y$	diff=0/7481	no_auto_possess	
Z00841	yes	[a-z]{2,4}(?:(?=@)[ab])+	diff=0/7481	no_auto_possess	
Z00842	yes	[a-z]{2,4}(?:(?=[\d.])[ab])+	diff=0/7481	no_auto_possess	
Z00846	yes	[a-z]{2,4}(?:(?=\W)[ab])+	diff=0/7481	no_auto_possess	
Z00847	yes	x[a-z]{2,4}(?:(?=@)[ab])+	diff=0/7481	no_auto_possess	
Z00848	yes	x[a-z]{2,4}(?:(?=[\d.])[ab])+	diff=0/7481	no_auto_possess	
Z00852	yes	x[a-z]{2,4}(?:(?=\W)[ab])+	diff=0/7481	no_auto_possess	
Z00853	yes	[a-z]{2,4}(?:(?=@)[ab])+$	diff=0/7481	no_auto_possess	
Z00854	yes	[a-z]{2,4}(?:(?=[\d.])[ab])+$	diff=0/7481	no_auto_possess	
Z00858	yes	[a-z]{2,4}(?:(?=\W)[ab])+$	diff=0/7481	no_auto_possess	
Z00865	yes	[a-z]{2,4}(?<=@)	diff=0/7481	no_auto_possess	
Z00866	yes	[a-z]{2,4}(?<=[\d.])	diff=0/7481	no_auto_possess	
Z00870	yes	[a-z]{2,4}(?<=\W)	diff=0/7481	no_auto_possess	
Z00871	yes	x[a-z]{2,4}(?<=@)	diff=0/7481	no_auto_possess	
Z00872	yes	x[a-z]{2,4}(?<=[\d.])	diff=0/7481	no_auto_possess	
Z00876	yes	x[a-z]{2,4}(?<=\W)	diff=0/7481	no_auto_possess	
Z00877	yes	[a-z]{2,4}(?<=@)$	diff=0/7481	no_auto_possess	
Z00878	yes	[a-z]{2,4}(?<=[\d.])$	diff=0/7481	no_auto_possess	
Z00882	yes	[a-z]{2,4}(?<=\W)$	diff=0/7481	no_auto_possess	
Z00892	yes	[a-z]{2,4}(?<![a-z])	diff=0/7481	no_auto_possess	
Z00893	yes	[a-z]{2,4}(?<!\w)	diff=0/7481	no_auto_possess	
Z00898	yes	x[a-z]{2,4}(?<![a-z])	diff=0/7481	no_auto_possess	
Z00899	yes	x[a-z]{2,4}(?<!\w)	diff=0/7481	no_auto_possess	
Z00904	yes	[a-z]{2,4}(?<![a-z])$	diff=0/7481	no_auto_possess	
Z00905	yes	[a-z]{2,4}(?<!\w)$	diff=0/7481	no_auto_possess	
Z00913	yes	[a-z]{2,4}(?:(?=@)|)	diff=0/7481	no_auto_possess	
Z00914	yes	[a-z]{2,4}(?:(?=[\d.])|)	diff=0/7481	no_auto_possess	
Z00918	yes	[a-z]{2,4}(?:(?=\W)|)	diff=0/7481	no_auto_possess	
Z00919	yes	x[a-z]{2,4}(?:(?=@)|)	diff=0/7481	no_auto_possess	
Z00920	yes	x[a-z]{2,4}(?:(?=[\d.])|)	diff=0/7481	no_auto_possess	
Z00924	yes	x[a-z]{2,4}(?:(?=\W)|)	diff=0/7481	no_auto_possess	
Z00925	yes	[a-z]{2,4}(?:(?=@)|)$	diff=0/7481	no_auto_possess	
Z00926	yes	[a-z]{2,4}(?:(?=[\d.])|)$	diff=0/7481	no_auto_possess	
Z00930	yes	[a-z]{2,4}(?:(?=\W)|)$	diff=0/7481	no_auto_possess	
Z00940	yes	[a-z]{2,4}(?:(?![a-z])|)	diff=0/7481	no_auto_possess	
Z00941	yes	[a-z]{2,4}(?:(?!\w)|)	diff=0/7481	no_auto_possess	
Z00946	yes	x[a-z]{2,4}(?:(?![a-z])|)	diff=0/7481	no_auto_possess	
Z00947	yes	x[a-z]{2,4}(?:(?!\w)|)	diff=0/7481	no_auto_possess	
Z00952	yes	[a-z]{2,4}(?:(?![a-z])|)$	diff=0/7481	no_auto_possess	
Z00953	yes	[a-z]{2,4}(?:(?!\w)|)$	diff=0/7481	no_auto_possess	
Z00961	yes	[a-z]{3}(?=@)	diff=0/7481	no_auto_possess	
Z00962	yes	[a-z]{3}(?=[\d.])	diff=0/7481	no_auto_possess	
Z00963	yes	[a-z]{3}(?=[ab])	diff=0/7481	no_auto_possess	
Z00964	yes	[a-z]{3}(?=[a-z])	diff=0/7481	no_auto_possess	
Z00965	yes	[a-z]{3}(?=\w)	diff=0/7481	no_auto_possess	
Z00966	yes	[a-z]{3}(?=\W)	diff=0/7481	no_auto_possess	
Z00967	yes	x[a-z]{3}(?=@)	diff=0/7481	no_auto_possess	
Z00968	yes	x[a-z]{3}(?=[\d.])	diff=0/7481	no_auto_possess	
Z00969	yes	x[a-z]{3}(?=[ab])	diff=0/7481	no_auto_possess	
Z00970	yes	x[a-z]{3}(?=[a-z])	diff=0/7481	no_auto_possess	
Z00971	yes	x[a-z]{3}(?=\w)	diff=0/7481	no_auto_possess	
Z00972	yes	x[a-z]{3}(?=\W)	diff=0/7481	no_auto_possess	
Z00973	yes	[a-z]{3}(?=@)$	diff=0/7481	no_auto_possess	
Z00974	yes	[a-z]{3}(?=[\d.])$	diff=0/7481	no_auto_possess	
Z00975	yes	[a-z]{3}(?=[ab])$	diff=0/7481	no_auto_possess	
Z00976	yes	[a-z]{3}(?=[a-z])$	diff=0/7481	no_auto_possess	
Z00977	yes	[a-z]{3}(?=\w)$	diff=0/7481	no_auto_possess	
Z00978	yes	[a-z]{3}(?=\W)$	diff=0/7481	no_auto_possess	
Z00979	yes	(?:[a-z]{3}(?=@)y)+	diff=0/7481	no_auto_possess	
Z00980	yes	(?:[a-z]{3}(?=[\d.])y)+	diff=0/7481	no_auto_possess	
Z00981	yes	(?:[a-z]{3}(?=[ab])y)+	diff=0/7481	no_auto_possess	
Z00982	yes	(?:[a-z]{3}(?=[a-z])y)+	diff=0/7481	no_auto_possess	
Z00983	yes	(?:[a-z]{3}(?=\w)y)+	diff=0/7481	no_auto_possess	
Z00984	yes	(?:[a-z]{3}(?=\W)y)+	diff=0/7481	no_auto_possess	
Z00985	yes	[a-z]{3}(?!@)	diff=0/7481	no_auto_possess	
Z00986	yes	[a-z]{3}(?![\d.])	diff=0/7481	no_auto_possess	
Z00987	yes	[a-z]{3}(?![ab])	diff=0/7481	no_auto_possess	
Z00988	yes	[a-z]{3}(?![a-z])	diff=0/7481	no_auto_possess	
Z00989	yes	[a-z]{3}(?!\w)	diff=0/7481	no_auto_possess	
Z00990	yes	[a-z]{3}(?!\W)	diff=0/7481	no_auto_possess	
Z00991	yes	x[a-z]{3}(?!@)	diff=0/7481	no_auto_possess	
Z00992	yes	x[a-z]{3}(?![\d.])	diff=0/7481	no_auto_possess	
Z00993	yes	x[a-z]{3}(?![ab])	diff=0/7481	no_auto_possess	
Z00994	yes	x[a-z]{3}(?![a-z])	diff=0/7481	no_auto_possess	
Z00995	yes	x[a-z]{3}(?!\w)	diff=0/7481	no_auto_possess	
Z00996	yes	x[a-z]{3}(?!\W)	diff=0/7481	no_auto_possess	
Z00997	yes	[a-z]{3}(?!@)$	diff=0/7481	no_auto_possess	
Z00998	yes	[a-z]{3}(?![\d.])$	diff=0/7481	no_auto_possess	
Z00999	yes	[a-z]{3}(?![ab])$	diff=0/7481	no_auto_possess	
Z01000	yes	[a-z]{3}(?![a-z])$	diff=0/7481	no_auto_possess	
Z01001	yes	[a-z]{3}(?!\w)$	diff=0/7481	no_auto_possess	
Z01002	yes	[a-z]{3}(?!\W)$	diff=0/7481	no_auto_possess	
Z01003	yes	(?:[a-z]{3}(?!@)y)+	diff=0/7481	no_auto_possess	
Z01004	yes	(?:[a-z]{3}(?![\d.])y)+	diff=0/7481	no_auto_possess	
Z01005	yes	(?:[a-z]{3}(?![ab])y)+	diff=0/7481	no_auto_possess	
Z01006	yes	(?:[a-z]{3}(?![a-z])y)+	diff=0/7481	no_auto_possess	
Z01007	yes	(?:[a-z]{3}(?!\w)y)+	diff=0/7481	no_auto_possess	
Z01008	yes	(?:[a-z]{3}(?!\W)y)+	diff=0/7481	no_auto_possess	
Z01009	yes	[a-z]{3}(?=@)y	diff=0/7481	no_auto_possess	
Z01010	yes	[a-z]{3}(?=[\d.])y	diff=0/7481	no_auto_possess	
Z01011	yes	[a-z]{3}(?=[ab])y	diff=0/7481	no_auto_possess	
Z01012	yes	[a-z]{3}(?=[a-z])y	diff=0/7481	no_auto_possess	
Z01013	yes	[a-z]{3}(?=\w)y	diff=0/7481	no_auto_possess	
Z01014	yes	[a-z]{3}(?=\W)y	diff=0/7481	no_auto_possess	
Z01015	yes	x[a-z]{3}(?=@)y	diff=0/7481	no_auto_possess	
Z01016	yes	x[a-z]{3}(?=[\d.])y	diff=0/7481	no_auto_possess	
Z01017	yes	x[a-z]{3}(?=[ab])y	diff=0/7481	no_auto_possess	
Z01018	yes	x[a-z]{3}(?=[a-z])y	diff=0/7481	no_auto_possess	
Z01019	yes	x[a-z]{3}(?=\w)y	diff=0/7481	no_auto_possess	
Z01020	yes	x[a-z]{3}(?=\W)y	diff=0/7481	no_auto_possess	
Z01021	yes	[a-z]{3}(?=@)y$	diff=0/7481	no_auto_possess	
Z01022	yes	[a-z]{3}(?=[\d.])y$	diff=0/7481	no_auto_possess	
Z01023	yes	[a-z]{3}(?=[ab])y$	diff=0/7481	no_auto_possess	
Z01024	yes	[a-z]{3}(?=[a-z])y$	diff=0/7481	no_auto_possess	
Z01025	yes	[a-z]{3}(?=\w)y$	diff=0/7481	no_auto_possess	
Z01026	yes	[a-z]{3}(?=\W)y$	diff=0/7481	no_auto_possess	
Z01027	yes	(?:[a-z]{3}(?=@)yy)+	diff=0/7481	no_auto_possess	
Z01028	yes	(?:[a-z]{3}(?=[\d.])yy)+	diff=0/7481	no_auto_possess	
Z01029	yes	(?:[a-z]{3}(?=[ab])yy)+	diff=0/7481	no_auto_possess	
Z01030	yes	(?:[a-z]{3}(?=[a-z])yy)+	diff=0/7481	no_auto_possess	
Z01031	yes	(?:[a-z]{3}(?=\w)yy)+	diff=0/7481	no_auto_possess	
Z01032	yes	(?:[a-z]{3}(?=\W)yy)+	diff=0/7481	no_auto_possess	
Z01033	yes	[a-z]{3}(?:(?=@)|y)	diff=0/7481	no_auto_possess	
Z01034	yes	[a-z]{3}(?:(?=[\d.])|y)	diff=0/7481	no_auto_possess	
Z01035	yes	[a-z]{3}(?:(?=[ab])|y)	diff=0/7481	no_auto_possess	
Z01036	yes	[a-z]{3}(?:(?=[a-z])|y)	diff=0/7481	no_auto_possess	
Z01037	yes	[a-z]{3}(?:(?=\w)|y)	diff=0/7481	no_auto_possess	
Z01038	yes	[a-z]{3}(?:(?=\W)|y)	diff=0/7481	no_auto_possess	
Z01039	yes	x[a-z]{3}(?:(?=@)|y)	diff=0/7481	no_auto_possess	
Z01040	yes	x[a-z]{3}(?:(?=[\d.])|y)	diff=0/7481	no_auto_possess	
Z01041	yes	x[a-z]{3}(?:(?=[ab])|y)	diff=0/7481	no_auto_possess	
Z01042	yes	x[a-z]{3}(?:(?=[a-z])|y)	diff=0/7481	no_auto_possess	
Z01043	yes	x[a-z]{3}(?:(?=\w)|y)	diff=0/7481	no_auto_possess	
Z01044	yes	x[a-z]{3}(?:(?=\W)|y)	diff=0/7481	no_auto_possess	
Z01045	yes	[a-z]{3}(?:(?=@)|y)$	diff=0/7481	no_auto_possess	
Z01046	yes	[a-z]{3}(?:(?=[\d.])|y)$	diff=0/7481	no_auto_possess	
Z01047	yes	[a-z]{3}(?:(?=[ab])|y)$	diff=0/7481	no_auto_possess	
Z01048	yes	[a-z]{3}(?:(?=[a-z])|y)$	diff=0/7481	no_auto_possess	
Z01049	yes	[a-z]{3}(?:(?=\w)|y)$	diff=0/7481	no_auto_possess	
Z01050	yes	[a-z]{3}(?:(?=\W)|y)$	diff=0/7481	no_auto_possess	
Z01051	yes	(?:[a-z]{3}(?:(?=@)|y)y)+	diff=0/7481	no_auto_possess	
Z01052	yes	(?:[a-z]{3}(?:(?=[\d.])|y)y)+	diff=0/7481	no_auto_possess	
Z01053	yes	(?:[a-z]{3}(?:(?=[ab])|y)y)+	diff=0/7481	no_auto_possess	
Z01054	yes	(?:[a-z]{3}(?:(?=[a-z])|y)y)+	diff=0/7481	no_auto_possess	
Z01055	yes	(?:[a-z]{3}(?:(?=\w)|y)y)+	diff=0/7481	no_auto_possess	
Z01056	yes	(?:[a-z]{3}(?:(?=\W)|y)y)+	diff=0/7481	no_auto_possess	
Z01057	yes	[a-z]{3}(?:(?!@)y|z)	diff=0/7481	no_auto_possess	
Z01058	yes	[a-z]{3}(?:(?![\d.])y|z)	diff=0/7481	no_auto_possess	
Z01059	yes	[a-z]{3}(?:(?![ab])y|z)	diff=0/7481	no_auto_possess	
Z01060	yes	[a-z]{3}(?:(?![a-z])y|z)	diff=0/7481	no_auto_possess	
Z01061	yes	[a-z]{3}(?:(?!\w)y|z)	diff=0/7481	no_auto_possess	
Z01062	yes	[a-z]{3}(?:(?!\W)y|z)	diff=0/7481	no_auto_possess	
Z01063	yes	x[a-z]{3}(?:(?!@)y|z)	diff=0/7481	no_auto_possess	
Z01064	yes	x[a-z]{3}(?:(?![\d.])y|z)	diff=0/7481	no_auto_possess	
Z01065	yes	x[a-z]{3}(?:(?![ab])y|z)	diff=0/7481	no_auto_possess	
Z01066	yes	x[a-z]{3}(?:(?![a-z])y|z)	diff=0/7481	no_auto_possess	
Z01067	yes	x[a-z]{3}(?:(?!\w)y|z)	diff=0/7481	no_auto_possess	
Z01068	yes	x[a-z]{3}(?:(?!\W)y|z)	diff=0/7481	no_auto_possess	
Z01069	yes	[a-z]{3}(?:(?!@)y|z)$	diff=0/7481	no_auto_possess	
Z01070	yes	[a-z]{3}(?:(?![\d.])y|z)$	diff=0/7481	no_auto_possess	
Z01071	yes	[a-z]{3}(?:(?![ab])y|z)$	diff=0/7481	no_auto_possess	
Z01072	yes	[a-z]{3}(?:(?![a-z])y|z)$	diff=0/7481	no_auto_possess	
Z01073	yes	[a-z]{3}(?:(?!\w)y|z)$	diff=0/7481	no_auto_possess	
Z01074	yes	[a-z]{3}(?:(?!\W)y|z)$	diff=0/7481	no_auto_possess	
Z01075	yes	(?:[a-z]{3}(?:(?!@)y|z)y)+	diff=0/7481	no_auto_possess	
Z01076	yes	(?:[a-z]{3}(?:(?![\d.])y|z)y)+	diff=0/7481	no_auto_possess	
Z01077	yes	(?:[a-z]{3}(?:(?![ab])y|z)y)+	diff=0/7481	no_auto_possess	
Z01078	yes	(?:[a-z]{3}(?:(?![a-z])y|z)y)+	diff=0/7481	no_auto_possess	
Z01079	yes	(?:[a-z]{3}(?:(?!\w)y|z)y)+	diff=0/7481	no_auto_possess	
Z01080	yes	(?:[a-z]{3}(?:(?!\W)y|z)y)+	diff=0/7481	no_auto_possess	
Z01081	yes	[a-z]{3}(?:(?=@)[ab])+	diff=0/7481	no_auto_possess	
Z01082	yes	[a-z]{3}(?:(?=[\d.])[ab])+	diff=0/7481	no_auto_possess	
Z01083	yes	[a-z]{3}(?:(?=[ab])[ab])+	diff=0/7481	no_auto_possess	
Z01084	yes	[a-z]{3}(?:(?=[a-z])[ab])+	diff=0/7481	no_auto_possess	
Z01085	yes	[a-z]{3}(?:(?=\w)[ab])+	diff=0/7481	no_auto_possess	
Z01086	yes	[a-z]{3}(?:(?=\W)[ab])+	diff=0/7481	no_auto_possess	
Z01087	yes	x[a-z]{3}(?:(?=@)[ab])+	diff=0/7481	no_auto_possess	
Z01088	yes	x[a-z]{3}(?:(?=[\d.])[ab])+	diff=0/7481	no_auto_possess	
Z01089	yes	x[a-z]{3}(?:(?=[ab])[ab])+	diff=0/7481	no_auto_possess	
Z01090	yes	x[a-z]{3}(?:(?=[a-z])[ab])+	diff=0/7481	no_auto_possess	
Z01091	yes	x[a-z]{3}(?:(?=\w)[ab])+	diff=0/7481	no_auto_possess	
Z01092	yes	x[a-z]{3}(?:(?=\W)[ab])+	diff=0/7481	no_auto_possess	
Z01093	yes	[a-z]{3}(?:(?=@)[ab])+$	diff=0/7481	no_auto_possess	
Z01094	yes	[a-z]{3}(?:(?=[\d.])[ab])+$	diff=0/7481	no_auto_possess	
Z01095	yes	[a-z]{3}(?:(?=[ab])[ab])+$	diff=0/7481	no_auto_possess	
Z01096	yes	[a-z]{3}(?:(?=[a-z])[ab])+$	diff=0/7481	no_auto_possess	
Z01097	yes	[a-z]{3}(?:(?=\w)[ab])+$	diff=0/7481	no_auto_possess	
Z01098	yes	[a-z]{3}(?:(?=\W)[ab])+$	diff=0/7481	no_auto_possess	
Z01099	yes	(?:[a-z]{3}(?:(?=@)[ab])+y)+	diff=0/7481	no_auto_possess	
Z01100	yes	(?:[a-z]{3}(?:(?=[\d.])[ab])+y)+	diff=0/7481	no_auto_possess	
Z01101	yes	(?:[a-z]{3}(?:(?=[ab])[ab])+y)+	diff=0/7481	no_auto_possess	
Z01102	yes	(?:[a-z]{3}(?:(?=[a-z])[ab])+y)+	diff=0/7481	no_auto_possess	
Z01103	yes	(?:[a-z]{3}(?:(?=\w)[ab])+y)+	diff=0/7481	no_auto_possess	
Z01104	yes	(?:[a-z]{3}(?:(?=\W)[ab])+y)+	diff=0/7481	no_auto_possess	
Z01105	yes	[a-z]{3}(?<=@)	diff=0/7481	no_auto_possess	
Z01106	yes	[a-z]{3}(?<=[\d.])	diff=0/7481	no_auto_possess	
Z01107	yes	[a-z]{3}(?<=[ab])	diff=0/7481	no_auto_possess	
Z01108	yes	[a-z]{3}(?<=[a-z])	diff=0/7481	no_auto_possess	
Z01109	yes	[a-z]{3}(?<=\w)	diff=0/7481	no_auto_possess	
Z01110	yes	[a-z]{3}(?<=\W)	diff=0/7481	no_auto_possess	
Z01111	yes	x[a-z]{3}(?<=@)	diff=0/7481	no_auto_possess	
Z01112	yes	x[a-z]{3}(?<=[\d.])	diff=0/7481	no_auto_possess	
Z01113	yes	x[a-z]{3}(?<=[ab])	diff=0/7481	no_auto_possess	
Z01114	yes	x[a-z]{3}(?<=[a-z])	diff=0/7481	no_auto_possess	
Z01115	yes	x[a-z]{3}(?<=\w)	diff=0/7481	no_auto_possess	
Z01116	yes	x[a-z]{3}(?<=\W)	diff=0/7481	no_auto_possess	
Z01117	yes	[a-z]{3}(?<=@)$	diff=0/7481	no_auto_possess	
Z01118	yes	[a-z]{3}(?<=[\d.])$	diff=0/7481	no_auto_possess	
Z01119	yes	[a-z]{3}(?<=[ab])$	diff=0/7481	no_auto_possess	
Z01120	yes	[a-z]{3}(?<=[a-z])$	diff=0/7481	no_auto_possess	
Z01121	yes	[a-z]{3}(?<=\w)$	diff=0/7481	no_auto_possess	
Z01122	yes	[a-z]{3}(?<=\W)$	diff=0/7481	no_auto_possess	
Z01123	yes	(?:[a-z]{3}(?<=@)y)+	diff=0/7481	no_auto_possess	
Z01124	yes	(?:[a-z]{3}(?<=[\d.])y)+	diff=0/7481	no_auto_possess	
Z01125	yes	(?:[a-z]{3}(?<=[ab])y)+	diff=0/7481	no_auto_possess	
Z01126	yes	(?:[a-z]{3}(?<=[a-z])y)+	diff=0/7481	no_auto_possess	
Z01127	yes	(?:[a-z]{3}(?<=\w)y)+	diff=0/7481	no_auto_possess	
Z01128	yes	(?:[a-z]{3}(?<=\W)y)+	diff=0/7481	no_auto_possess	
Z01129	yes	[a-z]{3}(?<!@)	diff=0/7481	no_auto_possess	
Z01130	yes	[a-z]{3}(?<![\d.])	diff=0/7481	no_auto_possess	
Z01131	yes	[a-z]{3}(?<![ab])	diff=0/7481	no_auto_possess	
Z01132	yes	[a-z]{3}(?<![a-z])	diff=0/7481	no_auto_possess	
Z01133	yes	[a-z]{3}(?<!\w)	diff=0/7481	no_auto_possess	
Z01134	yes	[a-z]{3}(?<!\W)	diff=0/7481	no_auto_possess	
Z01135	yes	x[a-z]{3}(?<!@)	diff=0/7481	no_auto_possess	
Z01136	yes	x[a-z]{3}(?<![\d.])	diff=0/7481	no_auto_possess	
Z01137	yes	x[a-z]{3}(?<![ab])	diff=0/7481	no_auto_possess	
Z01138	yes	x[a-z]{3}(?<![a-z])	diff=0/7481	no_auto_possess	
Z01139	yes	x[a-z]{3}(?<!\w)	diff=0/7481	no_auto_possess	
Z01140	yes	x[a-z]{3}(?<!\W)	diff=0/7481	no_auto_possess	
Z01141	yes	[a-z]{3}(?<!@)$	diff=0/7481	no_auto_possess	
Z01142	yes	[a-z]{3}(?<![\d.])$	diff=0/7481	no_auto_possess	
Z01143	yes	[a-z]{3}(?<![ab])$	diff=0/7481	no_auto_possess	
Z01144	yes	[a-z]{3}(?<![a-z])$	diff=0/7481	no_auto_possess	
Z01145	yes	[a-z]{3}(?<!\w)$	diff=0/7481	no_auto_possess	
Z01146	yes	[a-z]{3}(?<!\W)$	diff=0/7481	no_auto_possess	
Z01147	yes	(?:[a-z]{3}(?<!@)y)+	diff=0/7481	no_auto_possess	
Z01148	yes	(?:[a-z]{3}(?<![\d.])y)+	diff=0/7481	no_auto_possess	
Z01149	yes	(?:[a-z]{3}(?<![ab])y)+	diff=0/7481	no_auto_possess	
Z01150	yes	(?:[a-z]{3}(?<![a-z])y)+	diff=0/7481	no_auto_possess	
Z01151	yes	(?:[a-z]{3}(?<!\w)y)+	diff=0/7481	no_auto_possess	
Z01152	yes	(?:[a-z]{3}(?<!\W)y)+	diff=0/7481	no_auto_possess	
Z01153	yes	[a-z]{3}(?:(?=@)|)	diff=0/7481	no_auto_possess	
Z01154	yes	[a-z]{3}(?:(?=[\d.])|)	diff=0/7481	no_auto_possess	
Z01155	yes	[a-z]{3}(?:(?=[ab])|)	diff=0/7481	no_auto_possess	
Z01156	yes	[a-z]{3}(?:(?=[a-z])|)	diff=0/7481	no_auto_possess	
Z01157	yes	[a-z]{3}(?:(?=\w)|)	diff=0/7481	no_auto_possess	
Z01158	yes	[a-z]{3}(?:(?=\W)|)	diff=0/7481	no_auto_possess	
Z01159	yes	x[a-z]{3}(?:(?=@)|)	diff=0/7481	no_auto_possess	
Z01160	yes	x[a-z]{3}(?:(?=[\d.])|)	diff=0/7481	no_auto_possess	
Z01161	yes	x[a-z]{3}(?:(?=[ab])|)	diff=0/7481	no_auto_possess	
Z01162	yes	x[a-z]{3}(?:(?=[a-z])|)	diff=0/7481	no_auto_possess	
Z01163	yes	x[a-z]{3}(?:(?=\w)|)	diff=0/7481	no_auto_possess	
Z01164	yes	x[a-z]{3}(?:(?=\W)|)	diff=0/7481	no_auto_possess	
Z01165	yes	[a-z]{3}(?:(?=@)|)$	diff=0/7481	no_auto_possess	
Z01166	yes	[a-z]{3}(?:(?=[\d.])|)$	diff=0/7481	no_auto_possess	
Z01167	yes	[a-z]{3}(?:(?=[ab])|)$	diff=0/7481	no_auto_possess	
Z01168	yes	[a-z]{3}(?:(?=[a-z])|)$	diff=0/7481	no_auto_possess	
Z01169	yes	[a-z]{3}(?:(?=\w)|)$	diff=0/7481	no_auto_possess	
Z01170	yes	[a-z]{3}(?:(?=\W)|)$	diff=0/7481	no_auto_possess	
Z01171	yes	(?:[a-z]{3}(?:(?=@)|)y)+	diff=0/7481	no_auto_possess	
Z01172	yes	(?:[a-z]{3}(?:(?=[\d.])|)y)+	diff=0/7481	no_auto_possess	
Z01173	yes	(?:[a-z]{3}(?:(?=[ab])|)y)+	diff=0/7481	no_auto_possess	
Z01174	yes	(?:[a-z]{3}(?:(?=[a-z])|)y)+	diff=0/7481	no_auto_possess	
Z01175	yes	(?:[a-z]{3}(?:(?=\w)|)y)+	diff=0/7481	no_auto_possess	
Z01176	yes	(?:[a-z]{3}(?:(?=\W)|)y)+	diff=0/7481	no_auto_possess	
Z01177	yes	[a-z]{3}(?:(?!@)|)	diff=0/7481	no_auto_possess	
Z01178	yes	[a-z]{3}(?:(?![\d.])|)	diff=0/7481	no_auto_possess	
Z01179	yes	[a-z]{3}(?:(?![ab])|)	diff=0/7481	no_auto_possess	
Z01180	yes	[a-z]{3}(?:(?![a-z])|)	diff=0/7481	no_auto_possess	
Z01181	yes	[a-z]{3}(?:(?!\w)|)	diff=0/7481	no_auto_possess	
Z01182	yes	[a-z]{3}(?:(?!\W)|)	diff=0/7481	no_auto_possess	
Z01183	yes	x[a-z]{3}(?:(?!@)|)	diff=0/7481	no_auto_possess	
Z01184	yes	x[a-z]{3}(?:(?![\d.])|)	diff=0/7481	no_auto_possess	
Z01185	yes	x[a-z]{3}(?:(?![ab])|)	diff=0/7481	no_auto_possess	
Z01186	yes	x[a-z]{3}(?:(?![a-z])|)	diff=0/7481	no_auto_possess	
Z01187	yes	x[a-z]{3}(?:(?!\w)|)	diff=0/7481	no_auto_possess	
Z01188	yes	x[a-z]{3}(?:(?!\W)|)	diff=0/7481	no_auto_possess	
Z01189	yes	[a-z]{3}(?:(?!@)|)$	diff=0/7481	no_auto_possess	
Z01190	yes	[a-z]{3}(?:(?![\d.])|)$	diff=0/7481	no_auto_possess	
Z01191	yes	[a-z]{3}(?:(?![ab])|)$	diff=0/7481	no_auto_possess	
Z01192	yes	[a-z]{3}(?:(?![a-z])|)$	diff=0/7481	no_auto_possess	
Z01193	yes	[a-z]{3}(?:(?!\w)|)$	diff=0/7481	no_auto_possess	
Z01194	yes	[a-z]{3}(?:(?!\W)|)$	diff=0/7481	no_auto_possess	
Z01195	yes	(?:[a-z]{3}(?:(?!@)|)y)+	diff=0/7481	no_auto_possess	
Z01196	yes	(?:[a-z]{3}(?:(?![\d.])|)y)+	diff=0/7481	no_auto_possess	
Z01197	yes	(?:[a-z]{3}(?:(?![ab])|)y)+	diff=0/7481	no_auto_possess	
Z01198	yes	(?:[a-z]{3}(?:(?![a-z])|)y)+	diff=0/7481	no_auto_possess	
Z01199	yes	(?:[a-z]{3}(?:(?!\w)|)y)+	diff=0/7481	no_auto_possess	
Z01200	yes	(?:[a-z]{3}(?:(?!\W)|)y)+	diff=0/7481	no_auto_possess	
Z01201	yes	[a-z]+?(?=@)	diff=0/7481	no_auto_possess	
Z01202	yes	[a-z]+?(?=[\d.])	diff=0/7481	no_auto_possess	
Z01206	yes	[a-z]+?(?=\W)	diff=0/7481	no_auto_possess	
Z01207	yes	x[a-z]+?(?=@)	diff=0/7481	no_auto_possess	
Z01208	yes	x[a-z]+?(?=[\d.])	diff=0/7481	no_auto_possess	
Z01212	yes	x[a-z]+?(?=\W)	diff=0/7481	no_auto_possess	
Z01213	yes	[a-z]+?(?=@)$	diff=0/7481	no_auto_possess	
Z01214	yes	[a-z]+?(?=[\d.])$	diff=0/7481	no_auto_possess	
Z01218	yes	[a-z]+?(?=\W)$	diff=0/7481	no_auto_possess	
Z01228	yes	[a-z]+?(?![a-z])	diff=0/7481	no_auto_possess	
Z01229	yes	[a-z]+?(?!\w)	diff=0/7481	no_auto_possess	
Z01234	yes	x[a-z]+?(?![a-z])	diff=0/7481	no_auto_possess	
Z01235	yes	x[a-z]+?(?!\w)	diff=0/7481	no_auto_possess	
Z01240	yes	[a-z]+?(?![a-z])$	diff=0/7481	no_auto_possess	
Z01241	yes	[a-z]+?(?!\w)$	diff=0/7481	no_auto_possess	
Z01249	yes	[a-z]+?(?=@)y	diff=0/7481	no_auto_possess	
Z01250	yes	[a-z]+?(?=[\d.])y	diff=0/7481	no_auto_possess	
Z01254	yes	[a-z]+?(?=\W)y	diff=0/7481	no_auto_possess	
Z01255	yes	x[a-z]+?(?=@)y	diff=0/7481	no_auto_possess	
Z01256	yes	x[a-z]+?(?=[\d.])y	diff=0/7481	no_auto_possess	
Z01260	yes	x[a-z]+?(?=\W)y	diff=0/7481	no_auto_possess	
Z01261	yes	[a-z]+?(?=@)y$	diff=0/7481	no_auto_possess	
Z01262	yes	[a-z]+?(?=[\d.])y$	diff=0/7481	no_auto_possess	
Z01266	yes	[a-z]+?(?=\W)y$	diff=0/7481	no_auto_possess	
Z01321	yes	[a-z]+?(?:(?=@)[ab])+	diff=0/7481	no_auto_possess	
Z01322	yes	[a-z]+?(?:(?=[\d.])[ab])+	diff=0/7481	no_auto_possess	
Z01326	yes	[a-z]+?(?:(?=\W)[ab])+	diff=0/7481	no_auto_possess	
Z01327	yes	x[a-z]+?(?:(?=@)[ab])+	diff=0/7481	no_auto_possess	
Z01328	yes	x[a-z]+?(?:(?=[\d.])[ab])+	diff=0/7481	no_auto_possess	
Z01332	yes	x[a-z]+?(?:(?=\W)[ab])+	diff=0/7481	no_auto_possess	
Z01333	yes	[a-z]+?(?:(?=@)[ab])+$	diff=0/7481	no_auto_possess	
Z01334	yes	[a-z]+?(?:(?=[\d.])[ab])+$	diff=0/7481	no_auto_possess	
Z01338	yes	[a-z]+?(?:(?=\W)[ab])+$	diff=0/7481	no_auto_possess	
Z01441	yes	[a-z]*?(?=@)	diff=0/7481	no_auto_possess	
Z01442	yes	[a-z]*?(?=[\d.])	diff=0/7481	no_auto_possess	
Z01446	yes	[a-z]*?(?=\W)	diff=0/7481	no_auto_possess	
Z01447	yes	x[a-z]*?(?=@)	diff=0/7481	no_auto_possess	
Z01448	yes	x[a-z]*?(?=[\d.])	diff=0/7481	no_auto_possess	
Z01452	yes	x[a-z]*?(?=\W)	diff=0/7481	no_auto_possess	
Z01453	yes	[a-z]*?(?=@)$	diff=0/7481	no_auto_possess	
Z01454	yes	[a-z]*?(?=[\d.])$	diff=0/7481	no_auto_possess	
Z01458	yes	[a-z]*?(?=\W)$	diff=0/7481	no_auto_possess	
Z01468	yes	[a-z]*?(?![a-z])	diff=0/7481	no_auto_possess	
Z01469	yes	[a-z]*?(?!\w)	diff=0/7481	no_auto_possess	
Z01474	yes	x[a-z]*?(?![a-z])	diff=0/7481	no_auto_possess	
Z01475	yes	x[a-z]*?(?!\w)	diff=0/7481	no_auto_possess	
Z01480	yes	[a-z]*?(?![a-z])$	diff=0/7481	no_auto_possess	
Z01481	yes	[a-z]*?(?!\w)$	diff=0/7481	no_auto_possess	
Z01489	yes	[a-z]*?(?=@)y	diff=0/7481	no_auto_possess	
Z01490	yes	[a-z]*?(?=[\d.])y	diff=0/7481	no_auto_possess	
Z01494	yes	[a-z]*?(?=\W)y	diff=0/7481	no_auto_possess	
Z01495	yes	x[a-z]*?(?=@)y	diff=0/7481	no_auto_possess	
Z01496	yes	x[a-z]*?(?=[\d.])y	diff=0/7481	no_auto_possess	
Z01500	yes	x[a-z]*?(?=\W)y	diff=0/7481	no_auto_possess	
Z01501	yes	[a-z]*?(?=@)y$	diff=0/7481	no_auto_possess	
Z01502	yes	[a-z]*?(?=[\d.])y$	diff=0/7481	no_auto_possess	
Z01506	yes	[a-z]*?(?=\W)y$	diff=0/7481	no_auto_possess	
Z01561	yes	[a-z]*?(?:(?=@)[ab])+	diff=0/7481	no_auto_possess	
Z01562	yes	[a-z]*?(?:(?=[\d.])[ab])+	diff=0/7481	no_auto_possess	
Z01566	yes	[a-z]*?(?:(?=\W)[ab])+	diff=0/7481	no_auto_possess	
Z01567	yes	x[a-z]*?(?:(?=@)[ab])+	diff=0/7481	no_auto_possess	
Z01568	yes	x[a-z]*?(?:(?=[\d.])[ab])+	diff=0/7481	no_auto_possess	
Z01572	yes	x[a-z]*?(?:(?=\W)[ab])+	diff=0/7481	no_auto_possess	
Z01573	yes	[a-z]*?(?:(?=@)[ab])+$	diff=0/7481	no_auto_possess	
Z01574	yes	[a-z]*?(?:(?=[\d.])[ab])+$	diff=0/7481	no_auto_possess	
Z01578	yes	[a-z]*?(?:(?=\W)[ab])+$	diff=0/7481	no_auto_possess	
Z01681	yes	[a-z]{2,4}?(?=@)	diff=0/7481	no_auto_possess	
Z01682	yes	[a-z]{2,4}?(?=[\d.])	diff=0/7481	no_auto_possess	
Z01686	yes	[a-z]{2,4}?(?=\W)	diff=0/7481	no_auto_possess	
Z01687	yes	x[a-z]{2,4}?(?=@)	diff=0/7481	no_auto_possess	
Z01688	yes	x[a-z]{2,4}?(?=[\d.])	diff=0/7481	no_auto_possess	
Z01692	yes	x[a-z]{2,4}?(?=\W)	diff=0/7481	no_auto_possess	
Z01693	yes	[a-z]{2,4}?(?=@)$	diff=0/7481	no_auto_possess	
Z01694	yes	[a-z]{2,4}?(?=[\d.])$	diff=0/7481	no_auto_possess	
Z01698	yes	[a-z]{2,4}?(?=\W)$	diff=0/7481	no_auto_possess	
Z01708	yes	[a-z]{2,4}?(?![a-z])	diff=0/7481	no_auto_possess	
Z01709	yes	[a-z]{2,4}?(?!\w)	diff=0/7481	no_auto_possess	
Z01714	yes	x[a-z]{2,4}?(?![a-z])	diff=0/7481	no_auto_possess	
Z01715	yes	x[a-z]{2,4}?(?!\w)	diff=0/7481	no_auto_possess	
Z01720	yes	[a-z]{2,4}?(?![a-z])$	diff=0/7481	no_auto_possess	
Z01721	yes	[a-z]{2,4}?(?!\w)$	diff=0/7481	no_auto_possess	
Z01729	yes	[a-z]{2,4}?(?=@)y	diff=0/7481	no_auto_possess	
Z01730	yes	[a-z]{2,4}?(?=[\d.])y	diff=0/7481	no_auto_possess	
Z01734	yes	[a-z]{2,4}?(?=\W)y	diff=0/7481	no_auto_possess	
Z01735	yes	x[a-z]{2,4}?(?=@)y	diff=0/7481	no_auto_possess	
Z01736	yes	x[a-z]{2,4}?(?=[\d.])y	diff=0/7481	no_auto_possess	
Z01740	yes	x[a-z]{2,4}?(?=\W)y	diff=0/7481	no_auto_possess	
Z01741	yes	[a-z]{2,4}?(?=@)y$	diff=0/7481	no_auto_possess	
Z01742	yes	[a-z]{2,4}?(?=[\d.])y$	diff=0/7481	no_auto_possess	
Z01746	yes	[a-z]{2,4}?(?=\W)y$	diff=0/7481	no_auto_possess	
Z01801	yes	[a-z]{2,4}?(?:(?=@)[ab])+	diff=0/7481	no_auto_possess	
Z01802	yes	[a-z]{2,4}?(?:(?=[\d.])[ab])+	diff=0/7481	no_auto_possess	
Z01806	yes	[a-z]{2,4}?(?:(?=\W)[ab])+	diff=0/7481	no_auto_possess	
Z01807	yes	x[a-z]{2,4}?(?:(?=@)[ab])+	diff=0/7481	no_auto_possess	
Z01808	yes	x[a-z]{2,4}?(?:(?=[\d.])[ab])+	diff=0/7481	no_auto_possess	
Z01812	yes	x[a-z]{2,4}?(?:(?=\W)[ab])+	diff=0/7481	no_auto_possess	
Z01813	yes	[a-z]{2,4}?(?:(?=@)[ab])+$	diff=0/7481	no_auto_possess	
Z01814	yes	[a-z]{2,4}?(?:(?=[\d.])[ab])+$	diff=0/7481	no_auto_possess	
Z01818	yes	[a-z]{2,4}?(?:(?=\W)[ab])+$	diff=0/7481	no_auto_possess	
Z01921	yes	\d+(?=@)	diff=0/7481	no_auto_possess	
Z01923	yes	\d+(?=[ab])	diff=0/7481	no_auto_possess	
Z01924	yes	\d+(?=[a-z])	diff=0/7481	no_auto_possess	
Z01926	yes	\d+(?=\W)	diff=0/7481	no_auto_possess	
Z01927	yes	x\d+(?=@)	diff=0/7481	no_auto_possess	
Z01929	yes	x\d+(?=[ab])	diff=0/7481	no_auto_possess	
Z01930	yes	x\d+(?=[a-z])	diff=0/7481	no_auto_possess	
Z01932	yes	x\d+(?=\W)	diff=0/7481	no_auto_possess	
Z01933	yes	\d+(?=@)$	diff=0/7481	no_auto_possess	
Z01935	yes	\d+(?=[ab])$	diff=0/7481	no_auto_possess	
Z01936	yes	\d+(?=[a-z])$	diff=0/7481	no_auto_possess	
Z01938	yes	\d+(?=\W)$	diff=0/7481	no_auto_possess	
Z01946	yes	\d+(?![\d.])	diff=0/7481	no_auto_possess	
Z01949	yes	\d+(?!\w)	diff=0/7481	no_auto_possess	
Z01952	yes	x\d+(?![\d.])	diff=0/7481	no_auto_possess	
Z01955	yes	x\d+(?!\w)	diff=0/7481	no_auto_possess	
Z01958	yes	\d+(?![\d.])$	diff=0/7481	no_auto_possess	
Z01961	yes	\d+(?!\w)$	diff=0/7481	no_auto_possess	
Z01969	yes	\d+(?=@)y	diff=0/7481	no_auto_possess	
Z01971	yes	\d+(?=[ab])y	diff=0/7481	no_auto_possess	
Z01972	yes	\d+(?=[a-z])y	diff=0/7481	no_auto_possess	
Z01974	yes	\d+(?=\W)y	diff=0/7481	no_auto_possess	
Z01975	yes	x\d+(?=@)y	diff=0/7481	no_auto_possess	
Z01977	yes	x\d+(?=[ab])y	diff=0/7481	no_auto_possess	
Z01978	yes	x\d+(?=[a-z])y	diff=0/7481	no_auto_possess	
Z01980	yes	x\d+(?=\W)y	diff=0/7481	no_auto_possess	
Z01981	yes	\d+(?=@)y$	diff=0/7481	no_auto_possess	
Z01983	yes	\d+(?=[ab])y$	diff=0/7481	no_auto_possess	
Z01984	yes	\d+(?=[a-z])y$	diff=0/7481	no_auto_possess	
Z01986	yes	\d+(?=\W)y$	diff=0/7481	no_auto_possess	
Z01993	yes	\d+(?:(?=@)|y)	diff=0/7481	no_auto_possess	
Z01995	yes	\d+(?:(?=[ab])|y)	diff=0/7481	no_auto_possess	
Z01996	yes	\d+(?:(?=[a-z])|y)	diff=0/7481	no_auto_possess	
Z01998	yes	\d+(?:(?=\W)|y)	diff=0/7481	no_auto_possess	
Z01999	yes	x\d+(?:(?=@)|y)	diff=0/7481	no_auto_possess	
Z02001	yes	x\d+(?:(?=[ab])|y)	diff=0/7481	no_auto_possess	
Z02002	yes	x\d+(?:(?=[a-z])|y)	diff=0/7481	no_auto_possess	
Z02004	yes	x\d+(?:(?=\W)|y)	diff=0/7481	no_auto_possess	
Z02005	yes	\d+(?:(?=@)|y)$	diff=0/7481	no_auto_possess	
Z02007	yes	\d+(?:(?=[ab])|y)$	diff=0/7481	no_auto_possess	
Z02008	yes	\d+(?:(?=[a-z])|y)$	diff=0/7481	no_auto_possess	
Z02010	yes	\d+(?:(?=\W)|y)$	diff=0/7481	no_auto_possess	
Z02018	yes	\d+(?:(?![\d.])y|z)	diff=0/7481	no_auto_possess	
Z02021	yes	\d+(?:(?!\w)y|z)	diff=0/7481	no_auto_possess	
Z02024	yes	x\d+(?:(?![\d.])y|z)	diff=0/7481	no_auto_possess	
Z02027	yes	x\d+(?:(?!\w)y|z)	diff=0/7481	no_auto_possess	
Z02030	yes	\d+(?:(?![\d.])y|z)$	diff=0/7481	no_auto_possess	
Z02033	yes	\d+(?:(?!\w)y|z)$	diff=0/7481	no_auto_possess	
Z02041	yes	\d+(?:(?=@)[ab])+	diff=0/7481	no_auto_possess	
Z02043	yes	\d+(?:(?=[ab])[ab])+	diff=0/7481	no_auto_possess	
Z02044	yes	\d+(?:(?=[a-z])[ab])+	diff=0/7481	no_auto_possess	
Z02046	yes	\d+(?:(?=\W)[ab])+	diff=0/7481	no_auto_possess	
Z02047	yes	x\d+(?:(?=@)[ab])+	diff=0/7481	no_auto_possess	
Z02049	yes	x\d+(?:(?=[ab])[ab])+	diff=0/7481	no_auto_possess	
Z02050	yes	x\d+(?:(?=[a-z])[ab])+	diff=0/7481	no_auto_possess	
Z02052	yes	x\d+(?:(?=\W)[ab])+	diff=0/7481	no_auto_possess	
Z02053	yes	\d+(?:(?=@)[ab])+$	diff=0/7481	no_auto_possess	
Z02055	yes	\d+(?:(?=[ab])[ab])+$	diff=0/7481	no_auto_possess	
Z02056	yes	\d+(?:(?=[a-z])[ab])+$	diff=0/7481	no_auto_possess	
Z02058	yes	\d+(?:(?=\W)[ab])+$	diff=0/7481	no_auto_possess	
Z02065	yes	\d+(?<=@)	diff=0/7481	no_auto_possess	
Z02067	yes	\d+(?<=[ab])	diff=0/7481	no_auto_possess	
Z02068	yes	\d+(?<=[a-z])	diff=0/7481	no_auto_possess	
Z02070	yes	\d+(?<=\W)	diff=0/7481	no_auto_possess	
Z02071	yes	x\d+(?<=@)	diff=0/7481	no_auto_possess	
Z02073	yes	x\d+(?<=[ab])	diff=0/7481	no_auto_possess	
Z02074	yes	x\d+(?<=[a-z])	diff=0/7481	no_auto_possess	
Z02076	yes	x\d+(?<=\W)	diff=0/7481	no_auto_possess	
Z02077	yes	\d+(?<=@)$	diff=0/7481	no_auto_possess	
Z02079	yes	\d+(?<=[ab])$	diff=0/7481	no_auto_possess	
Z02080	yes	\d+(?<=[a-z])$	diff=0/7481	no_auto_possess	
Z02082	yes	\d+(?<=\W)$	diff=0/7481	no_auto_possess	
Z02090	yes	\d+(?<![\d.])	diff=0/7481	no_auto_possess	
Z02093	yes	\d+(?<!\w)	diff=0/7481	no_auto_possess	
Z02096	yes	x\d+(?<![\d.])	diff=0/7481	no_auto_possess	
Z02099	yes	x\d+(?<!\w)	diff=0/7481	no_auto_possess	
Z02102	yes	\d+(?<![\d.])$	diff=0/7481	no_auto_possess	
Z02105	yes	\d+(?<!\w)$	diff=0/7481	no_auto_possess	
Z02113	yes	\d+(?:(?=@)|)	diff=0/7481	no_auto_possess	
Z02115	yes	\d+(?:(?=[ab])|)	diff=0/7481	no_auto_possess	
Z02116	yes	\d+(?:(?=[a-z])|)	diff=0/7481	no_auto_possess	
Z02118	yes	\d+(?:(?=\W)|)	diff=0/7481	no_auto_possess	
Z02119	yes	x\d+(?:(?=@)|)	diff=0/7481	no_auto_possess	
Z02121	yes	x\d+(?:(?=[ab])|)	diff=0/7481	no_auto_possess	
Z02122	yes	x\d+(?:(?=[a-z])|)	diff=0/7481	no_auto_possess	
Z02124	yes	x\d+(?:(?=\W)|)	diff=0/7481	no_auto_possess	
Z02125	yes	\d+(?:(?=@)|)$	diff=0/7481	no_auto_possess	
Z02127	yes	\d+(?:(?=[ab])|)$	diff=0/7481	no_auto_possess	
Z02128	yes	\d+(?:(?=[a-z])|)$	diff=0/7481	no_auto_possess	
Z02130	yes	\d+(?:(?=\W)|)$	diff=0/7481	no_auto_possess	
Z02138	yes	\d+(?:(?![\d.])|)	diff=0/7481	no_auto_possess	
Z02141	yes	\d+(?:(?!\w)|)	diff=0/7481	no_auto_possess	
Z02144	yes	x\d+(?:(?![\d.])|)	diff=0/7481	no_auto_possess	
Z02147	yes	x\d+(?:(?!\w)|)	diff=0/7481	no_auto_possess	
Z02150	yes	\d+(?:(?![\d.])|)$	diff=0/7481	no_auto_possess	
Z02153	yes	\d+(?:(?!\w)|)$	diff=0/7481	no_auto_possess	
Z02161	yes	\d*(?=@)	diff=0/7481	no_auto_possess	
Z02163	yes	\d*(?=[ab])	diff=0/7481	no_auto_possess	
Z02164	yes	\d*(?=[a-z])	diff=0/7481	no_auto_possess	
Z02166	yes	\d*(?=\W)	diff=0/7481	no_auto_possess	
Z02167	yes	x\d*(?=@)	diff=0/7481	no_auto_possess	
Z02169	yes	x\d*(?=[ab])	diff=0/7481	no_auto_possess	
Z02170	yes	x\d*(?=[a-z])	diff=0/7481	no_auto_possess	
Z02172	yes	x\d*(?=\W)	diff=0/7481	no_auto_possess	
Z02173	yes	\d*(?=@)$	diff=0/7481	no_auto_possess	
Z02175	yes	\d*(?=[ab])$	diff=0/7481	no_auto_possess	
Z02176	yes	\d*(?=[a-z])$	diff=0/7481	no_auto_possess	
Z02178	yes	\d*(?=\W)$	diff=0/7481	no_auto_possess	
Z02186	yes	\d*(?![\d.])	diff=0/7481	no_auto_possess	
Z02189	yes	\d*(?!\w)	diff=0/7481	no_auto_possess	
Z02192	yes	x\d*(?![\d.])	diff=0/7481	no_auto_possess	
Z02195	yes	x\d*(?!\w)	diff=0/7481	no_auto_possess	
Z02198	yes	\d*(?![\d.])$	diff=0/7481	no_auto_possess	
Z02201	yes	\d*(?!\w)$	diff=0/7481	no_auto_possess	
Z02209	yes	\d*(?=@)y	diff=0/7481	no_auto_possess	
Z02211	yes	\d*(?=[ab])y	diff=0/7481	no_auto_possess	
Z02212	yes	\d*(?=[a-z])y	diff=0/7481	no_auto_possess	
Z02214	yes	\d*(?=\W)y	diff=0/7481	no_auto_possess	
Z02215	yes	x\d*(?=@)y	diff=0/7481	no_auto_possess	
Z02217	yes	x\d*(?=[ab])y	diff=0/7481	no_auto_possess	
Z02218	yes	x\d*(?=[a-z])y	diff=0/7481	no_auto_possess	
Z02220	yes	x\d*(?=\W)y	diff=0/7481	no_auto_possess	
Z02221	yes	\d*(?=@)y$	diff=0/7481	no_auto_possess	
Z02223	yes	\d*(?=[ab])y$	diff=0/7481	no_auto_possess	
Z02224	yes	\d*(?=[a-z])y$	diff=0/7481	no_auto_possess	
Z02226	yes	\d*(?=\W)y$	diff=0/7481	no_auto_possess	
Z02233	yes	\d*(?:(?=@)|y)	diff=0/7481	no_auto_possess	
Z02235	yes	\d*(?:(?=[ab])|y)	diff=0/7481	no_auto_possess	
Z02236	yes	\d*(?:(?=[a-z])|y)	diff=0/7481	no_auto_possess	
Z02238	yes	\d*(?:(?=\W)|y)	diff=0/7481	no_auto_possess	
Z02239	yes	x\d*(?:(?=@)|y)	diff=0/7481	no_auto_possess	
Z02241	yes	x\d*(?:(?=[ab])|y)	diff=0/7481	no_auto_possess	
Z02242	yes	x\d*(?:(?=[a-z])|y)	diff=0/7481	no_auto_possess	
Z02244	yes	x\d*(?:(?=\W)|y)	diff=0/7481	no_auto_possess	
Z02245	yes	\d*(?:(?=@)|y)$	diff=0/7481	no_auto_possess	
Z02247	yes	\d*(?:(?=[ab])|y)$	diff=0/7481	no_auto_possess	
Z02248	yes	\d*(?:(?=[a-z])|y)$	diff=0/7481	no_auto_possess	
Z02250	yes	\d*(?:(?=\W)|y)$	diff=0/7481	no_auto_possess	
Z02258	yes	\d*(?:(?![\d.])y|z)	diff=0/7481	no_auto_possess	
Z02261	yes	\d*(?:(?!\w)y|z)	diff=0/7481	no_auto_possess	
Z02264	yes	x\d*(?:(?![\d.])y|z)	diff=0/7481	no_auto_possess	
Z02267	yes	x\d*(?:(?!\w)y|z)	diff=0/7481	no_auto_possess	
Z02270	yes	\d*(?:(?![\d.])y|z)$	diff=0/7481	no_auto_possess	
Z02273	yes	\d*(?:(?!\w)y|z)$	diff=0/7481	no_auto_possess	
Z02281	yes	\d*(?:(?=@)[ab])+	diff=0/7481	no_auto_possess	
Z02283	yes	\d*(?:(?=[ab])[ab])+	diff=0/7481	no_auto_possess	
Z02284	yes	\d*(?:(?=[a-z])[ab])+	diff=0/7481	no_auto_possess	
Z02286	yes	\d*(?:(?=\W)[ab])+	diff=0/7481	no_auto_possess	
Z02287	yes	x\d*(?:(?=@)[ab])+	diff=0/7481	no_auto_possess	
Z02289	yes	x\d*(?:(?=[ab])[ab])+	diff=0/7481	no_auto_possess	
Z02290	yes	x\d*(?:(?=[a-z])[ab])+	diff=0/7481	no_auto_possess	
Z02292	yes	x\d*(?:(?=\W)[ab])+	diff=0/7481	no_auto_possess	
Z02293	yes	\d*(?:(?=@)[ab])+$	diff=0/7481	no_auto_possess	
Z02295	yes	\d*(?:(?=[ab])[ab])+$	diff=0/7481	no_auto_possess	
Z02296	yes	\d*(?:(?=[a-z])[ab])+$	diff=0/7481	no_auto_possess	
Z02298	yes	\d*(?:(?=\W)[ab])+$	diff=0/7481	no_auto_possess	
Z02353	yes	\d*(?:(?=@)|)	diff=0/7481	no_auto_possess	
Z02355	yes	\d*(?:(?=[ab])|)	diff=0/7481	no_auto_possess	
Z02356	yes	\d*(?:(?=[a-z])|)	diff=0/7481	no_auto_possess	
Z02358	yes	\d*(?:(?=\W)|)	diff=0/7481	no_auto_possess	
Z02359	yes	x\d*(?:(?=@)|)	diff=0/7481	no_auto_possess	
Z02361	yes	x\d*(?:(?=[ab])|)	diff=0/7481	no_auto_possess	
Z02362	yes	x\d*(?:(?=[a-z])|)	diff=0/7481	no_auto_possess	
Z02364	yes	x\d*(?:(?=\W)|)	diff=0/7481	no_auto_possess	
Z02365	yes	\d*(?:(?=@)|)$	diff=0/7481	no_auto_possess	
Z02367	yes	\d*(?:(?=[ab])|)$	diff=0/7481	no_auto_possess	
Z02368	yes	\d*(?:(?=[a-z])|)$	diff=0/7481	no_auto_possess	
Z02370	yes	\d*(?:(?=\W)|)$	diff=0/7481	no_auto_possess	
Z02378	yes	\d*(?:(?![\d.])|)	diff=0/7481	no_auto_possess	
Z02381	yes	\d*(?:(?!\w)|)	diff=0/7481	no_auto_possess	
Z02384	yes	x\d*(?:(?![\d.])|)	diff=0/7481	no_auto_possess	
Z02387	yes	x\d*(?:(?!\w)|)	diff=0/7481	no_auto_possess	
Z02390	yes	\d*(?:(?![\d.])|)$	diff=0/7481	no_auto_possess	
Z02393	yes	\d*(?:(?!\w)|)$	diff=0/7481	no_auto_possess	
Z02401	yes	\d?(?=@)	diff=0/7481	no_auto_possess	
Z02403	yes	\d?(?=[ab])	diff=0/7481	no_auto_possess	
Z02404	yes	\d?(?=[a-z])	diff=0/7481	no_auto_possess	
Z02406	yes	\d?(?=\W)	diff=0/7481	no_auto_possess	
Z02407	yes	x\d?(?=@)	diff=0/7481	no_auto_possess	
Z02409	yes	x\d?(?=[ab])	diff=0/7481	no_auto_possess	
Z02410	yes	x\d?(?=[a-z])	diff=0/7481	no_auto_possess	
Z02412	yes	x\d?(?=\W)	diff=0/7481	no_auto_possess	
Z02413	yes	\d?(?=@)$	diff=0/7481	no_auto_possess	
Z02415	yes	\d?(?=[ab])$	diff=0/7481	no_auto_possess	
Z02416	yes	\d?(?=[a-z])$	diff=0/7481	no_auto_possess	
Z02418	yes	\d?(?=\W)$	diff=0/7481	no_auto_possess	
Z02426	yes	\d?(?![\d.])	diff=0/7481	no_auto_possess	
Z02429	yes	\d?(?!\w)	diff=0/7481	no_auto_possess	
Z02432	yes	x\d?(?![\d.])	diff=0/7481	no_auto_possess	
Z02435	yes	x\d?(?!\w)	diff=0/7481	no_auto_possess	
Z02438	yes	\d?(?![\d.])$	diff=0/7481	no_auto_possess	
Z02441	yes	\d?(?!\w)$	diff=0/7481	no_auto_possess	
Z02449	yes	\d?(?=@)y	diff=0/7481	no_auto_possess	
Z02451	yes	\d?(?=[ab])y	diff=0/7481	no_auto_possess	
Z02452	yes	\d?(?=[a-z])y	diff=0/7481	no_auto_possess	
Z02454	yes	\d?(?=\W)y	diff=0/7481	no_auto_possess	
Z02455	yes	x\d?(?=@)y	diff=0/7481	no_auto_possess	
Z02457	yes	x\d?(?=[ab])y	diff=0/7481	no_auto_possess	
Z02458	yes	x\d?(?=[a-z])y	diff=0/7481	no_auto_possess	
Z02460	yes	x\d?(?=\W)y	diff=0/7481	no_auto_possess	
Z02461	yes	\d?(?=@)y$	diff=0/7481	no_auto_possess	
Z02463	yes	\d?(?=[ab])y$	diff=0/7481	no_auto_possess	
Z02464	yes	\d?(?=[a-z])y$	diff=0/7481	no_auto_possess	
Z02466	yes	\d?(?=\W)y$	diff=0/7481	no_auto_possess	
Z02473	yes	\d?(?:(?=@)|y)	diff=0/7481	no_auto_possess	
Z02475	yes	\d?(?:(?=[ab])|y)	diff=0/7481	no_auto_possess	
Z02476	yes	\d?(?:(?=[a-z])|y)	diff=0/7481	no_auto_possess	
Z02478	yes	\d?(?:(?=\W)|y)	diff=0/7481	no_auto_possess	
Z02479	yes	x\d?(?:(?=@)|y)	diff=0/7481	no_auto_possess	
Z02481	yes	x\d?(?:(?=[ab])|y)	diff=0/7481	no_auto_possess	
Z02482	yes	x\d?(?:(?=[a-z])|y)	diff=0/7481	no_auto_possess	
Z02484	yes	x\d?(?:(?=\W)|y)	diff=0/7481	no_auto_possess	
Z02485	yes	\d?(?:(?=@)|y)$	diff=0/7481	no_auto_possess	
Z02487	yes	\d?(?:(?=[ab])|y)$	diff=0/7481	no_auto_possess	
Z02488	yes	\d?(?:(?=[a-z])|y)$	diff=0/7481	no_auto_possess	
Z02490	yes	\d?(?:(?=\W)|y)$	diff=0/7481	no_auto_possess	
Z02498	yes	\d?(?:(?![\d.])y|z)	diff=0/7481	no_auto_possess	
Z02501	yes	\d?(?:(?!\w)y|z)	diff=0/7481	no_auto_possess	
Z02504	yes	x\d?(?:(?![\d.])y|z)	diff=0/7481	no_auto_possess	
Z02507	yes	x\d?(?:(?!\w)y|z)	diff=0/7481	no_auto_possess	
Z02510	yes	\d?(?:(?![\d.])y|z)$	diff=0/7481	no_auto_possess	
Z02513	yes	\d?(?:(?!\w)y|z)$	diff=0/7481	no_auto_possess	
Z02521	yes	\d?(?:(?=@)[ab])+	diff=0/7481	no_auto_possess	
Z02523	yes	\d?(?:(?=[ab])[ab])+	diff=0/7481	no_auto_possess	
Z02524	yes	\d?(?:(?=[a-z])[ab])+	diff=0/7481	no_auto_possess	
Z02526	yes	\d?(?:(?=\W)[ab])+	diff=0/7481	no_auto_possess	
Z02527	yes	x\d?(?:(?=@)[ab])+	diff=0/7481	no_auto_possess	
Z02529	yes	x\d?(?:(?=[ab])[ab])+	diff=0/7481	no_auto_possess	
Z02530	yes	x\d?(?:(?=[a-z])[ab])+	diff=0/7481	no_auto_possess	
Z02532	yes	x\d?(?:(?=\W)[ab])+	diff=0/7481	no_auto_possess	
Z02533	yes	\d?(?:(?=@)[ab])+$	diff=0/7481	no_auto_possess	
Z02535	yes	\d?(?:(?=[ab])[ab])+$	diff=0/7481	no_auto_possess	
Z02536	yes	\d?(?:(?=[a-z])[ab])+$	diff=0/7481	no_auto_possess	
Z02538	yes	\d?(?:(?=\W)[ab])+$	diff=0/7481	no_auto_possess	
Z02593	yes	\d?(?:(?=@)|)	diff=0/7481	no_auto_possess	
Z02595	yes	\d?(?:(?=[ab])|)	diff=0/7481	no_auto_possess	
Z02596	yes	\d?(?:(?=[a-z])|)	diff=0/7481	no_auto_possess	
Z02598	yes	\d?(?:(?=\W)|)	diff=0/7481	no_auto_possess	
Z02599	yes	x\d?(?:(?=@)|)	diff=0/7481	no_auto_possess	
Z02601	yes	x\d?(?:(?=[ab])|)	diff=0/7481	no_auto_possess	
Z02602	yes	x\d?(?:(?=[a-z])|)	diff=0/7481	no_auto_possess	
Z02604	yes	x\d?(?:(?=\W)|)	diff=0/7481	no_auto_possess	
Z02605	yes	\d?(?:(?=@)|)$	diff=0/7481	no_auto_possess	
Z02607	yes	\d?(?:(?=[ab])|)$	diff=0/7481	no_auto_possess	
Z02608	yes	\d?(?:(?=[a-z])|)$	diff=0/7481	no_auto_possess	
Z02610	yes	\d?(?:(?=\W)|)$	diff=0/7481	no_auto_possess	
Z02618	yes	\d?(?:(?![\d.])|)	diff=0/7481	no_auto_possess	
Z02621	yes	\d?(?:(?!\w)|)	diff=0/7481	no_auto_possess	
Z02624	yes	x\d?(?:(?![\d.])|)	diff=0/7481	no_auto_possess	
Z02627	yes	x\d?(?:(?!\w)|)	diff=0/7481	no_auto_possess	
Z02630	yes	\d?(?:(?![\d.])|)$	diff=0/7481	no_auto_possess	
Z02633	yes	\d?(?:(?!\w)|)$	diff=0/7481	no_auto_possess	
Z02641	yes	\d{2,4}(?=@)	diff=0/7481	no_auto_possess	
Z02643	yes	\d{2,4}(?=[ab])	diff=0/7481	no_auto_possess	
Z02644	yes	\d{2,4}(?=[a-z])	diff=0/7481	no_auto_possess	
Z02646	yes	\d{2,4}(?=\W)	diff=0/7481	no_auto_possess	
Z02647	yes	x\d{2,4}(?=@)	diff=0/7481	no_auto_possess	
Z02649	yes	x\d{2,4}(?=[ab])	diff=0/7481	no_auto_possess	
Z02650	yes	x\d{2,4}(?=[a-z])	diff=0/7481	no_auto_possess	
Z02652	yes	x\d{2,4}(?=\W)	diff=0/7481	no_auto_possess	
Z02653	yes	\d{2,4}(?=@)$	diff=0/7481	no_auto_possess	
Z02655	yes	\d{2,4}(?=[ab])$	diff=0/7481	no_auto_possess	
Z02656	yes	\d{2,4}(?=[a-z])$	diff=0/7481	no_auto_possess	
Z02658	yes	\d{2,4}(?=\W)$	diff=0/7481	no_auto_possess	
Z02666	yes	\d{2,4}(?![\d.])	diff=0/7481	no_auto_possess	
Z02669	yes	\d{2,4}(?!\w)	diff=0/7481	no_auto_possess	
Z02672	yes	x\d{2,4}(?![\d.])	diff=0/7481	no_auto_possess	
Z02675	yes	x\d{2,4}(?!\w)	diff=0/7481	no_auto_possess	
Z02678	yes	\d{2,4}(?![\d.])$	diff=0/7481	no_auto_possess	
Z02681	yes	\d{2,4}(?!\w)$	diff=0/7481	no_auto_possess	
Z02689	yes	\d{2,4}(?=@)y	diff=0/7481	no_auto_possess	
Z02691	yes	\d{2,4}(?=[ab])y	diff=0/7481	no_auto_possess	
Z02692	yes	\d{2,4}(?=[a-z])y	diff=0/7481	no_auto_possess	
Z02694	yes	\d{2,4}(?=\W)y	diff=0/7481	no_auto_possess	
Z02695	yes	x\d{2,4}(?=@)y	diff=0/7481	no_auto_possess	
Z02697	yes	x\d{2,4}(?=[ab])y	diff=0/7481	no_auto_possess	
Z02698	yes	x\d{2,4}(?=[a-z])y	diff=0/7481	no_auto_possess	
Z02700	yes	x\d{2,4}(?=\W)y	diff=0/7481	no_auto_possess	
Z02701	yes	\d{2,4}(?=@)y$	diff=0/7481	no_auto_possess	
Z02703	yes	\d{2,4}(?=[ab])y$	diff=0/7481	no_auto_possess	
Z02704	yes	\d{2,4}(?=[a-z])y$	diff=0/7481	no_auto_possess	
Z02706	yes	\d{2,4}(?=\W)y$	diff=0/7481	no_auto_possess	
Z02713	yes	\d{2,4}(?:(?=@)|y)	diff=0/7481	no_auto_possess	
Z02715	yes	\d{2,4}(?:(?=[ab])|y)	diff=0/7481	no_auto_possess	
Z02716	yes	\d{2,4}(?:(?=[a-z])|y)	diff=0/7481	no_auto_possess	
Z02718	yes	\d{2,4}(?:(?=\W)|y)	diff=0/7481	no_auto_possess	
Z02719	yes	x\d{2,4}(?:(?=@)|y)	diff=0/7481	no_auto_possess	
Z02721	yes	x\d{2,4}(?:(?=[ab])|y)	diff=0/7481	no_auto_possess	
Z02722	yes	x\d{2,4}(?:(?=[a-z])|y)	diff=0/7481	no_auto_possess	
Z02724	yes	x\d{2,4}(?:(?=\W)|y)	diff=0/7481	no_auto_possess	
Z02725	yes	\d{2,4}(?:(?=@)|y)$	diff=0/7481	no_auto_possess	
Z02727	yes	\d{2,4}(?:(?=[ab])|y)$	diff=0/7481	no_auto_possess	
Z02728	yes	\d{2,4}(?:(?=[a-z])|y)$	diff=0/7481	no_auto_possess	
Z02730	yes	\d{2,4}(?:(?=\W)|y)$	diff=0/7481	no_auto_possess	
Z02738	yes	\d{2,4}(?:(?![\d.])y|z)	diff=0/7481	no_auto_possess	
Z02741	yes	\d{2,4}(?:(?!\w)y|z)	diff=0/7481	no_auto_possess	
Z02744	yes	x\d{2,4}(?:(?![\d.])y|z)	diff=0/7481	no_auto_possess	
Z02747	yes	x\d{2,4}(?:(?!\w)y|z)	diff=0/7481	no_auto_possess	
Z02750	yes	\d{2,4}(?:(?![\d.])y|z)$	diff=0/7481	no_auto_possess	
Z02753	yes	\d{2,4}(?:(?!\w)y|z)$	diff=0/7481	no_auto_possess	
Z02761	yes	\d{2,4}(?:(?=@)[ab])+	diff=0/7481	no_auto_possess	
Z02763	yes	\d{2,4}(?:(?=[ab])[ab])+	diff=0/7481	no_auto_possess	
Z02764	yes	\d{2,4}(?:(?=[a-z])[ab])+	diff=0/7481	no_auto_possess	
Z02766	yes	\d{2,4}(?:(?=\W)[ab])+	diff=0/7481	no_auto_possess	
Z02767	yes	x\d{2,4}(?:(?=@)[ab])+	diff=0/7481	no_auto_possess	
Z02769	yes	x\d{2,4}(?:(?=[ab])[ab])+	diff=0/7481	no_auto_possess	
Z02770	yes	x\d{2,4}(?:(?=[a-z])[ab])+	diff=0/7481	no_auto_possess	
Z02772	yes	x\d{2,4}(?:(?=\W)[ab])+	diff=0/7481	no_auto_possess	
Z02773	yes	\d{2,4}(?:(?=@)[ab])+$	diff=0/7481	no_auto_possess	
Z02775	yes	\d{2,4}(?:(?=[ab])[ab])+$	diff=0/7481	no_auto_possess	
Z02776	yes	\d{2,4}(?:(?=[a-z])[ab])+$	diff=0/7481	no_auto_possess	
Z02778	yes	\d{2,4}(?:(?=\W)[ab])+$	diff=0/7481	no_auto_possess	
Z02785	yes	\d{2,4}(?<=@)	diff=0/7481	no_auto_possess	
Z02787	yes	\d{2,4}(?<=[ab])	diff=0/7481	no_auto_possess	
Z02788	yes	\d{2,4}(?<=[a-z])	diff=0/7481	no_auto_possess	
Z02790	yes	\d{2,4}(?<=\W)	diff=0/7481	no_auto_possess	
Z02791	yes	x\d{2,4}(?<=@)	diff=0/7481	no_auto_possess	
Z02793	yes	x\d{2,4}(?<=[ab])	diff=0/7481	no_auto_possess	
Z02794	yes	x\d{2,4}(?<=[a-z])	diff=0/7481	no_auto_possess	
Z02796	yes	x\d{2,4}(?<=\W)	diff=0/7481	no_auto_possess	
Z02797	yes	\d{2,4}(?<=@)$	diff=0/7481	no_auto_possess	
Z02799	yes	\d{2,4}(?<=[ab])$	diff=0/7481	no_auto_possess	
Z02800	yes	\d{2,4}(?<=[a-z])$	diff=0/7481	no_auto_possess	
Z02802	yes	\d{2,4}(?<=\W)$	diff=0/7481	no_auto_possess	
Z02810	yes	\d{2,4}(?<![\d.])	diff=0/7481	no_auto_possess	
Z02813	yes	\d{2,4}(?<!\w)	diff=0/7481	no_auto_possess	
Z02816	yes	x\d{2,4}(?<![\d.])	diff=0/7481	no_auto_possess	
Z02819	yes	x\d{2,4}(?<!\w)	diff=0/7481	no_auto_possess	
Z02822	yes	\d{2,4}(?<![\d.])$	diff=0/7481	no_auto_possess	
Z02825	yes	\d{2,4}(?<!\w)$	diff=0/7481	no_auto_possess	
Z02833	yes	\d{2,4}(?:(?=@)|)	diff=0/7481	no_auto_possess	
Z02835	yes	\d{2,4}(?:(?=[ab])|)	diff=0/7481	no_auto_possess	
Z02836	yes	\d{2,4}(?:(?=[a-z])|)	diff=0/7481	no_auto_possess	
Z02838	yes	\d{2,4}(?:(?=\W)|)	diff=0/7481	no_auto_possess	
Z02839	yes	x\d{2,4}(?:(?=@)|)	diff=0/7481	no_auto_possess	
Z02841	yes	x\d{2,4}(?:(?=[ab])|)	diff=0/7481	no_auto_possess	
Z02842	yes	x\d{2,4}(?:(?=[a-z])|)	diff=0/7481	no_auto_possess	
Z02844	yes	x\d{2,4}(?:(?=\W)|)	diff=0/7481	no_auto_possess	
Z02845	yes	\d{2,4}(?:(?=@)|)$	diff=0/7481	no_auto_possess	
Z02847	yes	\d{2,4}(?:(?=[ab])|)$	diff=0/7481	no_auto_possess	
Z02848	yes	\d{2,4}(?:(?=[a-z])|)$	diff=0/7481	no_auto_possess	
Z02850	yes	\d{2,4}(?:(?=\W)|)$	diff=0/7481	no_auto_possess	
Z02858	yes	\d{2,4}(?:(?![\d.])|)	diff=0/7481	no_auto_possess	
Z02861	yes	\d{2,4}(?:(?!\w)|)	diff=0/7481	no_auto_possess	
Z02864	yes	x\d{2,4}(?:(?![\d.])|)	diff=0/7481	no_auto_possess	
Z02867	yes	x\d{2,4}(?:(?!\w)|)	diff=0/7481	no_auto_possess	
Z02870	yes	\d{2,4}(?:(?![\d.])|)$	diff=0/7481	no_auto_possess	
Z02873	yes	\d{2,4}(?:(?!\w)|)$	diff=0/7481	no_auto_possess	
Z02881	yes	\d{3}(?=@)	diff=0/7481	no_auto_possess	
Z02882	yes	\d{3}(?=[\d.])	diff=0/7481	no_auto_possess	
Z02883	yes	\d{3}(?=[ab])	diff=0/7481	no_auto_possess	
Z02884	yes	\d{3}(?=[a-z])	diff=0/7481	no_auto_possess	
Z02885	yes	\d{3}(?=\w)	diff=0/7481	no_auto_possess	
Z02886	yes	\d{3}(?=\W)	diff=0/7481	no_auto_possess	
Z02887	yes	x\d{3}(?=@)	diff=0/7481	no_auto_possess	
Z02888	yes	x\d{3}(?=[\d.])	diff=0/7481	no_auto_possess	
Z02889	yes	x\d{3}(?=[ab])	diff=0/7481	no_auto_possess	
Z02890	yes	x\d{3}(?=[a-z])	diff=0/7481	no_auto_possess	
Z02891	yes	x\d{3}(?=\w)	diff=0/7481	no_auto_possess	
Z02892	yes	x\d{3}(?=\W)	diff=0/7481	no_auto_possess	
Z02893	yes	\d{3}(?=@)$	diff=0/7481	no_auto_possess	
Z02894	yes	\d{3}(?=[\d.])$	diff=0/7481	no_auto_possess	
Z02895	yes	\d{3}(?=[ab])$	diff=0/7481	no_auto_possess	
Z02896	yes	\d{3}(?=[a-z])$	diff=0/7481	no_auto_possess	
Z02897	yes	\d{3}(?=\w)$	diff=0/7481	no_auto_possess	
Z02898	yes	\d{3}(?=\W)$	diff=0/7481	no_auto_possess	
Z02899	yes	(?:\d{3}(?=@)y)+	diff=0/7481	no_auto_possess	
Z02900	yes	(?:\d{3}(?=[\d.])y)+	diff=0/7481	no_auto_possess	
Z02901	yes	(?:\d{3}(?=[ab])y)+	diff=0/7481	no_auto_possess	
Z02902	yes	(?:\d{3}(?=[a-z])y)+	diff=0/7481	no_auto_possess	
Z02903	yes	(?:\d{3}(?=\w)y)+	diff=0/7481	no_auto_possess	
Z02904	yes	(?:\d{3}(?=\W)y)+	diff=0/7481	no_auto_possess	
Z02905	yes	\d{3}(?!@)	diff=0/7481	no_auto_possess	
Z02906	yes	\d{3}(?![\d.])	diff=0/7481	no_auto_possess	
Z02907	yes	\d{3}(?![ab])	diff=0/7481	no_auto_possess	
Z02908	yes	\d{3}(?![a-z])	diff=0/7481	no_auto_possess	
Z02909	yes	\d{3}(?!\w)	diff=0/7481	no_auto_possess	
Z02910	yes	\d{3}(?!\W)	diff=0/7481	no_auto_possess	
Z02911	yes	x\d{3}(?!@)	diff=0/7481	no_auto_possess	
Z02912	yes	x\d{3}(?![\d.])	diff=0/7481	no_auto_possess	
Z02913	yes	x\d{3}(?![ab])	diff=0/7481	no_auto_possess	
Z02914	yes	x\d{3}(?![a-z])	diff=0/7481	no_auto_possess	
Z02915	yes	x\d{3}(?!\w)	diff=0/7481	no_auto_possess	
Z02916	yes	x\d{3}(?!\W)	diff=0/7481	no_auto_possess	
Z02917	yes	\d{3}(?!@)$	diff=0/7481	no_auto_possess	
Z02918	yes	\d{3}(?![\d.])$	diff=0/7481	no_auto_possess	
Z02919	yes	\d{3}(?![ab])$	diff=0/7481	no_auto_possess	
Z02920	yes	\d{3}(?![a-z])$	diff=0/7481	no_auto_possess	
Z02921	yes	\d{3}(?!\w)$	diff=0/7481	no_auto_possess	
Z02922	yes	\d{3}(?!\W)$	diff=0/7481	no_auto_possess	
Z02923	yes	(?:\d{3}(?!@)y)+	diff=0/7481	no_auto_possess	
Z02924	yes	(?:\d{3}(?![\d.])y)+	diff=0/7481	no_auto_possess	
Z02925	yes	(?:\d{3}(?![ab])y)+	diff=0/7481	no_auto_possess	
Z02926	yes	(?:\d{3}(?![a-z])y)+	diff=0/7481	no_auto_possess	
Z02927	yes	(?:\d{3}(?!\w)y)+	diff=0/7481	no_auto_possess	
Z02928	yes	(?:\d{3}(?!\W)y)+	diff=0/7481	no_auto_possess	
Z02929	yes	\d{3}(?=@)y	diff=0/7481	no_auto_possess	
Z02930	yes	\d{3}(?=[\d.])y	diff=0/7481	no_auto_possess	
Z02931	yes	\d{3}(?=[ab])y	diff=0/7481	no_auto_possess	
Z02932	yes	\d{3}(?=[a-z])y	diff=0/7481	no_auto_possess	
Z02933	yes	\d{3}(?=\w)y	diff=0/7481	no_auto_possess	
Z02934	yes	\d{3}(?=\W)y	diff=0/7481	no_auto_possess	
Z02935	yes	x\d{3}(?=@)y	diff=0/7481	no_auto_possess	
Z02936	yes	x\d{3}(?=[\d.])y	diff=0/7481	no_auto_possess	
Z02937	yes	x\d{3}(?=[ab])y	diff=0/7481	no_auto_possess	
Z02938	yes	x\d{3}(?=[a-z])y	diff=0/7481	no_auto_possess	
Z02939	yes	x\d{3}(?=\w)y	diff=0/7481	no_auto_possess	
Z02940	yes	x\d{3}(?=\W)y	diff=0/7481	no_auto_possess	
Z02941	yes	\d{3}(?=@)y$	diff=0/7481	no_auto_possess	
Z02942	yes	\d{3}(?=[\d.])y$	diff=0/7481	no_auto_possess	
Z02943	yes	\d{3}(?=[ab])y$	diff=0/7481	no_auto_possess	
Z02944	yes	\d{3}(?=[a-z])y$	diff=0/7481	no_auto_possess	
Z02945	yes	\d{3}(?=\w)y$	diff=0/7481	no_auto_possess	
Z02946	yes	\d{3}(?=\W)y$	diff=0/7481	no_auto_possess	
Z02947	yes	(?:\d{3}(?=@)yy)+	diff=0/7481	no_auto_possess	
Z02948	yes	(?:\d{3}(?=[\d.])yy)+	diff=0/7481	no_auto_possess	
Z02949	yes	(?:\d{3}(?=[ab])yy)+	diff=0/7481	no_auto_possess	
Z02950	yes	(?:\d{3}(?=[a-z])yy)+	diff=0/7481	no_auto_possess	
Z02951	yes	(?:\d{3}(?=\w)yy)+	diff=0/7481	no_auto_possess	
Z02952	yes	(?:\d{3}(?=\W)yy)+	diff=0/7481	no_auto_possess	
Z02953	yes	\d{3}(?:(?=@)|y)	diff=0/7481	no_auto_possess	
Z02954	yes	\d{3}(?:(?=[\d.])|y)	diff=0/7481	no_auto_possess	
Z02955	yes	\d{3}(?:(?=[ab])|y)	diff=0/7481	no_auto_possess	
Z02956	yes	\d{3}(?:(?=[a-z])|y)	diff=0/7481	no_auto_possess	
Z02957	yes	\d{3}(?:(?=\w)|y)	diff=0/7481	no_auto_possess	
Z02958	yes	\d{3}(?:(?=\W)|y)	diff=0/7481	no_auto_possess	
Z02959	yes	x\d{3}(?:(?=@)|y)	diff=0/7481	no_auto_possess	
Z02960	yes	x\d{3}(?:(?=[\d.])|y)	diff=0/7481	no_auto_possess	
Z02961	yes	x\d{3}(?:(?=[ab])|y)	diff=0/7481	no_auto_possess	
Z02962	yes	x\d{3}(?:(?=[a-z])|y)	diff=0/7481	no_auto_possess	
Z02963	yes	x\d{3}(?:(?=\w)|y)	diff=0/7481	no_auto_possess	
Z02964	yes	x\d{3}(?:(?=\W)|y)	diff=0/7481	no_auto_possess	
Z02965	yes	\d{3}(?:(?=@)|y)$	diff=0/7481	no_auto_possess	
Z02966	yes	\d{3}(?:(?=[\d.])|y)$	diff=0/7481	no_auto_possess	
Z02967	yes	\d{3}(?:(?=[ab])|y)$	diff=0/7481	no_auto_possess	
Z02968	yes	\d{3}(?:(?=[a-z])|y)$	diff=0/7481	no_auto_possess	
Z02969	yes	\d{3}(?:(?=\w)|y)$	diff=0/7481	no_auto_possess	
Z02970	yes	\d{3}(?:(?=\W)|y)$	diff=0/7481	no_auto_possess	
Z02971	yes	(?:\d{3}(?:(?=@)|y)y)+	diff=0/7481	no_auto_possess	
Z02972	yes	(?:\d{3}(?:(?=[\d.])|y)y)+	diff=0/7481	no_auto_possess	
Z02973	yes	(?:\d{3}(?:(?=[ab])|y)y)+	diff=0/7481	no_auto_possess	
Z02974	yes	(?:\d{3}(?:(?=[a-z])|y)y)+	diff=0/7481	no_auto_possess	
Z02975	yes	(?:\d{3}(?:(?=\w)|y)y)+	diff=0/7481	no_auto_possess	
Z02976	yes	(?:\d{3}(?:(?=\W)|y)y)+	diff=0/7481	no_auto_possess	
Z02977	yes	\d{3}(?:(?!@)y|z)	diff=0/7481	no_auto_possess	
Z02978	yes	\d{3}(?:(?![\d.])y|z)	diff=0/7481	no_auto_possess	
Z02979	yes	\d{3}(?:(?![ab])y|z)	diff=0/7481	no_auto_possess	
Z02980	yes	\d{3}(?:(?![a-z])y|z)	diff=0/7481	no_auto_possess	
Z02981	yes	\d{3}(?:(?!\w)y|z)	diff=0/7481	no_auto_possess	
Z02982	yes	\d{3}(?:(?!\W)y|z)	diff=0/7481	no_auto_possess	
Z02983	yes	x\d{3}(?:(?!@)y|z)	diff=0/7481	no_auto_possess	
Z02984	yes	x\d{3}(?:(?![\d.])y|z)	diff=0/7481	no_auto_possess	
Z02985	yes	x\d{3}(?:(?![ab])y|z)	diff=0/7481	no_auto_possess	
Z02986	yes	x\d{3}(?:(?![a-z])y|z)	diff=0/7481	no_auto_possess	
Z02987	yes	x\d{3}(?:(?!\w)y|z)	diff=0/7481	no_auto_possess	
Z02988	yes	x\d{3}(?:(?!\W)y|z)	diff=0/7481	no_auto_possess	
Z02989	yes	\d{3}(?:(?!@)y|z)$	diff=0/7481	no_auto_possess	
Z02990	yes	\d{3}(?:(?![\d.])y|z)$	diff=0/7481	no_auto_possess	
Z02991	yes	\d{3}(?:(?![ab])y|z)$	diff=0/7481	no_auto_possess	
Z02992	yes	\d{3}(?:(?![a-z])y|z)$	diff=0/7481	no_auto_possess	
Z02993	yes	\d{3}(?:(?!\w)y|z)$	diff=0/7481	no_auto_possess	
Z02994	yes	\d{3}(?:(?!\W)y|z)$	diff=0/7481	no_auto_possess	
Z02995	yes	(?:\d{3}(?:(?!@)y|z)y)+	diff=0/7481	no_auto_possess	
Z02996	yes	(?:\d{3}(?:(?![\d.])y|z)y)+	diff=0/7481	no_auto_possess	
Z02997	yes	(?:\d{3}(?:(?![ab])y|z)y)+	diff=0/7481	no_auto_possess	
Z02998	yes	(?:\d{3}(?:(?![a-z])y|z)y)+	diff=0/7481	no_auto_possess	
Z02999	yes	(?:\d{3}(?:(?!\w)y|z)y)+	diff=0/7481	no_auto_possess	
Z03000	yes	(?:\d{3}(?:(?!\W)y|z)y)+	diff=0/7481	no_auto_possess	
Z03001	yes	\d{3}(?:(?=@)[ab])+	diff=0/7481	no_auto_possess	
Z03002	yes	\d{3}(?:(?=[\d.])[ab])+	diff=0/7481	no_auto_possess	
Z03003	yes	\d{3}(?:(?=[ab])[ab])+	diff=0/7481	no_auto_possess	
Z03004	yes	\d{3}(?:(?=[a-z])[ab])+	diff=0/7481	no_auto_possess	
Z03005	yes	\d{3}(?:(?=\w)[ab])+	diff=0/7481	no_auto_possess	
Z03006	yes	\d{3}(?:(?=\W)[ab])+	diff=0/7481	no_auto_possess	
Z03007	yes	x\d{3}(?:(?=@)[ab])+	diff=0/7481	no_auto_possess	
Z03008	yes	x\d{3}(?:(?=[\d.])[ab])+	diff=0/7481	no_auto_possess	
Z03009	yes	x\d{3}(?:(?=[ab])[ab])+	diff=0/7481	no_auto_possess	
Z03010	yes	x\d{3}(?:(?=[a-z])[ab])+	diff=0/7481	no_auto_possess	
Z03011	yes	x\d{3}(?:(?=\w)[ab])+	diff=0/7481	no_auto_possess	
Z03012	yes	x\d{3}(?:(?=\W)[ab])+	diff=0/7481	no_auto_possess	
Z03013	yes	\d{3}(?:(?=@)[ab])+$	diff=0/7481	no_auto_possess	
Z03014	yes	\d{3}(?:(?=[\d.])[ab])+$	diff=0/7481	no_auto_possess	
Z03015	yes	\d{3}(?:(?=[ab])[ab])+$	diff=0/7481	no_auto_possess	
Z03016	yes	\d{3}(?:(?=[a-z])[ab])+$	diff=0/7481	no_auto_possess	
Z03017	yes	\d{3}(?:(?=\w)[ab])+$	diff=0/7481	no_auto_possess	
Z03018	yes	\d{3}(?:(?=\W)[ab])+$	diff=0/7481	no_auto_possess	
Z03019	yes	(?:\d{3}(?:(?=@)[ab])+y)+	diff=0/7481	no_auto_possess	
Z03020	yes	(?:\d{3}(?:(?=[\d.])[ab])+y)+	diff=0/7481	no_auto_possess	
Z03021	yes	(?:\d{3}(?:(?=[ab])[ab])+y)+	diff=0/7481	no_auto_possess	
Z03022	yes	(?:\d{3}(?:(?=[a-z])[ab])+y)+	diff=0/7481	no_auto_possess	
Z03023	yes	(?:\d{3}(?:(?=\w)[ab])+y)+	diff=0/7481	no_auto_possess	
Z03024	yes	(?:\d{3}(?:(?=\W)[ab])+y)+	diff=0/7481	no_auto_possess	
Z03025	yes	\d{3}(?<=@)	diff=0/7481	no_auto_possess	
Z03026	yes	\d{3}(?<=[\d.])	diff=0/7481	no_auto_possess	
Z03027	yes	\d{3}(?<=[ab])	diff=0/7481	no_auto_possess	
Z03028	yes	\d{3}(?<=[a-z])	diff=0/7481	no_auto_possess	
Z03029	yes	\d{3}(?<=\w)	diff=0/7481	no_auto_possess	
Z03030	yes	\d{3}(?<=\W)	diff=0/7481	no_auto_possess	
Z03031	yes	x\d{3}(?<=@)	diff=0/7481	no_auto_possess	
Z03032	yes	x\d{3}(?<=[\d.])	diff=0/7481	no_auto_possess	
Z03033	yes	x\d{3}(?<=[ab])	diff=0/7481	no_auto_possess	
Z03034	yes	x\d{3}(?<=[a-z])	diff=0/7481	no_auto_possess	
Z03035	yes	x\d{3}(?<=\w)	diff=0/7481	no_auto_possess	
Z03036	yes	x\d{3}(?<=\W)	diff=0/7481	no_auto_possess	
Z03037	yes	\d{3}(?<=@)$	diff=0/7481	no_auto_possess	
Z03038	yes	\d{3}(?<=[\d.])$	diff=0/7481	no_auto_possess	
Z03039	yes	\d{3}(?<=[ab])$	diff=0/7481	no_auto_possess	
Z03040	yes	\d{3}(?<=[a-z])$	diff=0/7481	no_auto_possess	
Z03041	yes	\d{3}(?<=\w)$	diff=0/7481	no_auto_possess	
Z03042	yes	\d{3}(?<=\W)$	diff=0/7481	no_auto_possess	
Z03043	yes	(?:\d{3}(?<=@)y)+	diff=0/7481	no_auto_possess	
Z03044	yes	(?:\d{3}(?<=[\d.])y)+	diff=0/7481	no_auto_possess	
Z03045	yes	(?:\d{3}(?<=[ab])y)+	diff=0/7481	no_auto_possess	
Z03046	yes	(?:\d{3}(?<=[a-z])y)+	diff=0/7481	no_auto_possess	
Z03047	yes	(?:\d{3}(?<=\w)y)+	diff=0/7481	no_auto_possess	
Z03048	yes	(?:\d{3}(?<=\W)y)+	diff=0/7481	no_auto_possess	
Z03049	yes	\d{3}(?<!@)	diff=0/7481	no_auto_possess	
Z03050	yes	\d{3}(?<![\d.])	diff=0/7481	no_auto_possess	
Z03051	yes	\d{3}(?<![ab])	diff=0/7481	no_auto_possess	
Z03052	yes	\d{3}(?<![a-z])	diff=0/7481	no_auto_possess	
Z03053	yes	\d{3}(?<!\w)	diff=0/7481	no_auto_possess	
Z03054	yes	\d{3}(?<!\W)	diff=0/7481	no_auto_possess	
Z03055	yes	x\d{3}(?<!@)	diff=0/7481	no_auto_possess	
Z03056	yes	x\d{3}(?<![\d.])	diff=0/7481	no_auto_possess	
Z03057	yes	x\d{3}(?<![ab])	diff=0/7481	no_auto_possess	
Z03058	yes	x\d{3}(?<![a-z])	diff=0/7481	no_auto_possess	
Z03059	yes	x\d{3}(?<!\w)	diff=0/7481	no_auto_possess	
Z03060	yes	x\d{3}(?<!\W)	diff=0/7481	no_auto_possess	
Z03061	yes	\d{3}(?<!@)$	diff=0/7481	no_auto_possess	
Z03062	yes	\d{3}(?<![\d.])$	diff=0/7481	no_auto_possess	
Z03063	yes	\d{3}(?<![ab])$	diff=0/7481	no_auto_possess	
Z03064	yes	\d{3}(?<![a-z])$	diff=0/7481	no_auto_possess	
Z03065	yes	\d{3}(?<!\w)$	diff=0/7481	no_auto_possess	
Z03066	yes	\d{3}(?<!\W)$	diff=0/7481	no_auto_possess	
Z03067	yes	(?:\d{3}(?<!@)y)+	diff=0/7481	no_auto_possess	
Z03068	yes	(?:\d{3}(?<![\d.])y)+	diff=0/7481	no_auto_possess	
Z03069	yes	(?:\d{3}(?<![ab])y)+	diff=0/7481	no_auto_possess	
Z03070	yes	(?:\d{3}(?<![a-z])y)+	diff=0/7481	no_auto_possess	
Z03071	yes	(?:\d{3}(?<!\w)y)+	diff=0/7481	no_auto_possess	
Z03072	yes	(?:\d{3}(?<!\W)y)+	diff=0/7481	no_auto_possess	
Z03073	yes	\d{3}(?:(?=@)|)	diff=0/7481	no_auto_possess	
Z03074	yes	\d{3}(?:(?=[\d.])|)	diff=0/7481	no_auto_possess	
Z03075	yes	\d{3}(?:(?=[ab])|)	diff=0/7481	no_auto_possess	
Z03076	yes	\d{3}(?:(?=[a-z])|)	diff=0/7481	no_auto_possess	
Z03077	yes	\d{3}(?:(?=\w)|)	diff=0/7481	no_auto_possess	
Z03078	yes	\d{3}(?:(?=\W)|)	diff=0/7481	no_auto_possess	
Z03079	yes	x\d{3}(?:(?=@)|)	diff=0/7481	no_auto_possess	
Z03080	yes	x\d{3}(?:(?=[\d.])|)	diff=0/7481	no_auto_possess	
Z03081	yes	x\d{3}(?:(?=[ab])|)	diff=0/7481	no_auto_possess	
Z03082	yes	x\d{3}(?:(?=[a-z])|)	diff=0/7481	no_auto_possess	
Z03083	yes	x\d{3}(?:(?=\w)|)	diff=0/7481	no_auto_possess	
Z03084	yes	x\d{3}(?:(?=\W)|)	diff=0/7481	no_auto_possess	
Z03085	yes	\d{3}(?:(?=@)|)$	diff=0/7481	no_auto_possess	
Z03086	yes	\d{3}(?:(?=[\d.])|)$	diff=0/7481	no_auto_possess	
Z03087	yes	\d{3}(?:(?=[ab])|)$	diff=0/7481	no_auto_possess	
Z03088	yes	\d{3}(?:(?=[a-z])|)$	diff=0/7481	no_auto_possess	
Z03089	yes	\d{3}(?:(?=\w)|)$	diff=0/7481	no_auto_possess	
Z03090	yes	\d{3}(?:(?=\W)|)$	diff=0/7481	no_auto_possess	
Z03091	yes	(?:\d{3}(?:(?=@)|)y)+	diff=0/7481	no_auto_possess	
Z03092	yes	(?:\d{3}(?:(?=[\d.])|)y)+	diff=0/7481	no_auto_possess	
Z03093	yes	(?:\d{3}(?:(?=[ab])|)y)+	diff=0/7481	no_auto_possess	
Z03094	yes	(?:\d{3}(?:(?=[a-z])|)y)+	diff=0/7481	no_auto_possess	
Z03095	yes	(?:\d{3}(?:(?=\w)|)y)+	diff=0/7481	no_auto_possess	
Z03096	yes	(?:\d{3}(?:(?=\W)|)y)+	diff=0/7481	no_auto_possess	
Z03097	yes	\d{3}(?:(?!@)|)	diff=0/7481	no_auto_possess	
Z03098	yes	\d{3}(?:(?![\d.])|)	diff=0/7481	no_auto_possess	
Z03099	yes	\d{3}(?:(?![ab])|)	diff=0/7481	no_auto_possess	
Z03100	yes	\d{3}(?:(?![a-z])|)	diff=0/7481	no_auto_possess	
Z03101	yes	\d{3}(?:(?!\w)|)	diff=0/7481	no_auto_possess	
Z03102	yes	\d{3}(?:(?!\W)|)	diff=0/7481	no_auto_possess	
Z03103	yes	x\d{3}(?:(?!@)|)	diff=0/7481	no_auto_possess	
Z03104	yes	x\d{3}(?:(?![\d.])|)	diff=0/7481	no_auto_possess	
Z03105	yes	x\d{3}(?:(?![ab])|)	diff=0/7481	no_auto_possess	
Z03106	yes	x\d{3}(?:(?![a-z])|)	diff=0/7481	no_auto_possess	
Z03107	yes	x\d{3}(?:(?!\w)|)	diff=0/7481	no_auto_possess	
Z03108	yes	x\d{3}(?:(?!\W)|)	diff=0/7481	no_auto_possess	
Z03109	yes	\d{3}(?:(?!@)|)$	diff=0/7481	no_auto_possess	
Z03110	yes	\d{3}(?:(?![\d.])|)$	diff=0/7481	no_auto_possess	
Z03111	yes	\d{3}(?:(?![ab])|)$	diff=0/7481	no_auto_possess	
Z03112	yes	\d{3}(?:(?![a-z])|)$	diff=0/7481	no_auto_possess	
Z03113	yes	\d{3}(?:(?!\w)|)$	diff=0/7481	no_auto_possess	
Z03114	yes	\d{3}(?:(?!\W)|)$	diff=0/7481	no_auto_possess	
Z03115	yes	(?:\d{3}(?:(?!@)|)y)+	diff=0/7481	no_auto_possess	
Z03116	yes	(?:\d{3}(?:(?![\d.])|)y)+	diff=0/7481	no_auto_possess	
Z03117	yes	(?:\d{3}(?:(?![ab])|)y)+	diff=0/7481	no_auto_possess	
Z03118	yes	(?:\d{3}(?:(?![a-z])|)y)+	diff=0/7481	no_auto_possess	
Z03119	yes	(?:\d{3}(?:(?!\w)|)y)+	diff=0/7481	no_auto_possess	
Z03120	yes	(?:\d{3}(?:(?!\W)|)y)+	diff=0/7481	no_auto_possess	
Z03121	yes	\d+?(?=@)	diff=0/7481	no_auto_possess	
Z03123	yes	\d+?(?=[ab])	diff=0/7481	no_auto_possess	
Z03124	yes	\d+?(?=[a-z])	diff=0/7481	no_auto_possess	
Z03126	yes	\d+?(?=\W)	diff=0/7481	no_auto_possess	
Z03127	yes	x\d+?(?=@)	diff=0/7481	no_auto_possess	
Z03129	yes	x\d+?(?=[ab])	diff=0/7481	no_auto_possess	
Z03130	yes	x\d+?(?=[a-z])	diff=0/7481	no_auto_possess	
Z03132	yes	x\d+?(?=\W)	diff=0/7481	no_auto_possess	
Z03133	yes	\d+?(?=@)$	diff=0/7481	no_auto_possess	
Z03135	yes	\d+?(?=[ab])$	diff=0/7481	no_auto_possess	
Z03136	yes	\d+?(?=[a-z])$	diff=0/7481	no_auto_possess	
Z03138	yes	\d+?(?=\W)$	diff=0/7481	no_auto_possess	
Z03146	yes	\d+?(?![\d.])	diff=0/7481	no_auto_possess	
Z03149	yes	\d+?(?!\w)	diff=0/7481	no_auto_possess	
Z03152	yes	x\d+?(?![\d.])	diff=0/7481	no_auto_possess	
Z03155	yes	x\d+?(?!\w)	diff=0/7481	no_auto_possess	
Z03158	yes	\d+?(?![\d.])$	diff=0/7481	no_auto_possess	
Z03161	yes	\d+?(?!\w)$	diff=0/7481	no_auto_possess	
Z03169	yes	\d+?(?=@)y	diff=0/7481	no_auto_possess	
Z03171	yes	\d+?(?=[ab])y	diff=0/7481	no_auto_possess	
Z03172	yes	\d+?(?=[a-z])y	diff=0/7481	no_auto_possess	
Z03174	yes	\d+?(?=\W)y	diff=0/7481	no_auto_possess	
Z03175	yes	x\d+?(?=@)y	diff=0/7481	no_auto_possess	
Z03177	yes	x\d+?(?=[ab])y	diff=0/7481	no_auto_possess	
Z03178	yes	x\d+?(?=[a-z])y	diff=0/7481	no_auto_possess	
Z03180	yes	x\d+?(?=\W)y	diff=0/7481	no_auto_possess	
Z03181	yes	\d+?(?=@)y$	diff=0/7481	no_auto_possess	
Z03183	yes	\d+?(?=[ab])y$	diff=0/7481	no_auto_possess	
Z03184	yes	\d+?(?=[a-z])y$	diff=0/7481	no_auto_possess	
Z03186	yes	\d+?(?=\W)y$	diff=0/7481	no_auto_possess	
Z03193	yes	\d+?(?:(?=@)|y)	diff=0/7481	no_auto_possess	
Z03195	yes	\d+?(?:(?=[ab])|y)	diff=0/7481	no_auto_possess	
Z03196	yes	\d+?(?:(?=[a-z])|y)	diff=0/7481	no_auto_possess	
Z03198	yes	\d+?(?:(?=\W)|y)	diff=0/7481	no_auto_possess	
Z03199	yes	x\d+?(?:(?=@)|y)	diff=0/7481	no_auto_possess	
Z03201	yes	x\d+?(?:(?=[ab])|y)	diff=0/7481	no_auto_possess	
Z03202	yes	x\d+?(?:(?=[a-z])|y)	diff=0/7481	no_auto_possess	
Z03204	yes	x\d+?(?:(?=\W)|y)	diff=0/7481	no_auto_possess	
Z03205	yes	\d+?(?:(?=@)|y)$	diff=0/7481	no_auto_possess	
Z03207	yes	\d+?(?:(?=[ab])|y)$	diff=0/7481	no_auto_possess	
Z03208	yes	\d+?(?:(?=[a-z])|y)$	diff=0/7481	no_auto_possess	
Z03210	yes	\d+?(?:(?=\W)|y)$	diff=0/7481	no_auto_possess	
Z03218	yes	\d+?(?:(?![\d.])y|z)	diff=0/7481	no_auto_possess	
Z03221	yes	\d+?(?:(?!\w)y|z)	diff=0/7481	no_auto_possess	
Z03224	yes	x\d+?(?:(?![\d.])y|z)	diff=0/7481	no_auto_possess	
Z03227	yes	x\d+?(?:(?!\w)y|z)	diff=0/7481	no_auto_possess	
Z03230	yes	\d+?(?:(?![\d.])y|z)$	diff=0/7481	no_auto_possess	
Z03233	yes	\d+?(?:(?!\w)y|z)$	diff=0/7481	no_auto_possess	
Z03241	yes	\d+?(?:(?=@)[ab])+	diff=0/7481	no_auto_possess	
Z03243	yes	\d+?(?:(?=[ab])[ab])+	diff=0/7481	no_auto_possess	
Z03244	yes	\d+?(?:(?=[a-z])[ab])+	diff=0/7481	no_auto_possess	
Z03246	yes	\d+?(?:(?=\W)[ab])+	diff=0/7481	no_auto_possess	
Z03247	yes	x\d+?(?:(?=@)[ab])+	diff=0/7481	no_auto_possess	
Z03249	yes	x\d+?(?:(?=[ab])[ab])+	diff=0/7481	no_auto_possess	
Z03250	yes	x\d+?(?:(?=[a-z])[ab])+	diff=0/7481	no_auto_possess	
Z03252	yes	x\d+?(?:(?=\W)[ab])+	diff=0/7481	no_auto_possess	
Z03253	yes	\d+?(?:(?=@)[ab])+$	diff=0/7481	no_auto_possess	
Z03255	yes	\d+?(?:(?=[ab])[ab])+$	diff=0/7481	no_auto_possess	
Z03256	yes	\d+?(?:(?=[a-z])[ab])+$	diff=0/7481	no_auto_possess	
Z03258	yes	\d+?(?:(?=\W)[ab])+$	diff=0/7481	no_auto_possess	
Z03361	yes	\d*?(?=@)	diff=0/7481	no_auto_possess	
Z03363	yes	\d*?(?=[ab])	diff=0/7481	no_auto_possess	
Z03364	yes	\d*?(?=[a-z])	diff=0/7481	no_auto_possess	
Z03366	yes	\d*?(?=\W)	diff=0/7481	no_auto_possess	
Z03367	yes	x\d*?(?=@)	diff=0/7481	no_auto_possess	
Z03369	yes	x\d*?(?=[ab])	diff=0/7481	no_auto_possess	
Z03370	yes	x\d*?(?=[a-z])	diff=0/7481	no_auto_possess	
Z03372	yes	x\d*?(?=\W)	diff=0/7481	no_auto_possess	
Z03373	yes	\d*?(?=@)$	diff=0/7481	no_auto_possess	
Z03375	yes	\d*?(?=[ab])$	diff=0/7481	no_auto_possess	
Z03376	yes	\d*?(?=[a-z])$	diff=0/7481	no_auto_possess	
Z03378	yes	\d*?(?=\W)$	diff=0/7481	no_auto_possess	
Z03386	yes	\d*?(?![\d.])	diff=0/7481	no_auto_possess	
Z03389	yes	\d*?(?!\w)	diff=0/7481	no_auto_possess	
Z03392	yes	x\d*?(?![\d.])	diff=0/7481	no_auto_possess	
Z03395	yes	x\d*?(?!\w)	diff=0/7481	no_auto_possess	
Z03398	yes	\d*?(?![\d.])$	diff=0/7481	no_auto_possess	
Z03401	yes	\d*?(?!\w)$	diff=0/7481	no_auto_possess	
Z03409	yes	\d*?(?=@)y	diff=0/7481	no_auto_possess	
Z03411	yes	\d*?(?=[ab])y	diff=0/7481	no_auto_possess	
Z03412	yes	\d*?(?=[a-z])y	diff=0/7481	no_auto_possess	
Z03414	yes	\d*?(?=\W)y	diff=0/7481	no_auto_possess	
Z03415	yes	x\d*?(?=@)y	diff=0/7481	no_auto_possess	
Z03417	yes	x\d*?(?=[ab])y	diff=0/7481	no_auto_possess	
Z03418	yes	x\d*?(?=[a-z])y	diff=0/7481	no_auto_possess	
Z03420	yes	x\d*?(?=\W)y	diff=0/7481	no_auto_possess	
Z03421	yes	\d*?(?=@)y$	diff=0/7481	no_auto_possess	
Z03423	yes	\d*?(?=[ab])y$	diff=0/7481	no_auto_possess	
Z03424	yes	\d*?(?=[a-z])y$	diff=0/7481	no_auto_possess	
Z03426	yes	\d*?(?=\W)y$	diff=0/7481	no_auto_possess	
Z03433	yes	\d*?(?:(?=@)|y)	diff=0/7481	no_auto_possess	
Z03435	yes	\d*?(?:(?=[ab])|y)	diff=0/7481	no_auto_possess	
Z03436	yes	\d*?(?:(?=[a-z])|y)	diff=0/7481	no_auto_possess	
Z03438	yes	\d*?(?:(?=\W)|y)	diff=0/7481	no_auto_possess	
Z03439	yes	x\d*?(?:(?=@)|y)	diff=0/7481	no_auto_possess	
Z03441	yes	x\d*?(?:(?=[ab])|y)	diff=0/7481	no_auto_possess	
Z03442	yes	x\d*?(?:(?=[a-z])|y)	diff=0/7481	no_auto_possess	
Z03444	yes	x\d*?(?:(?=\W)|y)	diff=0/7481	no_auto_possess	
Z03445	yes	\d*?(?:(?=@)|y)$	diff=0/7481	no_auto_possess	
Z03447	yes	\d*?(?:(?=[ab])|y)$	diff=0/7481	no_auto_possess	
Z03448	yes	\d*?(?:(?=[a-z])|y)$	diff=0/7481	no_auto_possess	
Z03450	yes	\d*?(?:(?=\W)|y)$	diff=0/7481	no_auto_possess	
Z03458	yes	\d*?(?:(?![\d.])y|z)	diff=0/7481	no_auto_possess	
Z03461	yes	\d*?(?:(?!\w)y|z)	diff=0/7481	no_auto_possess	
Z03464	yes	x\d*?(?:(?![\d.])y|z)	diff=0/7481	no_auto_possess	
Z03467	yes	x\d*?(?:(?!\w)y|z)	diff=0/7481	no_auto_possess	
Z03470	yes	\d*?(?:(?![\d.])y|z)$	diff=0/7481	no_auto_possess	
Z03473	yes	\d*?(?:(?!\w)y|z)$	diff=0/7481	no_auto_possess	
Z03481	yes	\d*?(?:(?=@)[ab])+	diff=0/7481	no_auto_possess	
Z03483	yes	\d*?(?:(?=[ab])[ab])+	diff=0/7481	no_auto_possess	
Z03484	yes	\d*?(?:(?=[a-z])[ab])+	diff=0/7481	no_auto_possess	
Z03486	yes	\d*?(?:(?=\W)[ab])+	diff=0/7481	no_auto_possess	
Z03487	yes	x\d*?(?:(?=@)[ab])+	diff=0/7481	no_auto_possess	
Z03489	yes	x\d*?(?:(?=[ab])[ab])+	diff=0/7481	no_auto_possess	
Z03490	yes	x\d*?(?:(?=[a-z])[ab])+	diff=0/7481	no_auto_possess	
Z03492	yes	x\d*?(?:(?=\W)[ab])+	diff=0/7481	no_auto_possess	
Z03493	yes	\d*?(?:(?=@)[ab])+$	diff=0/7481	no_auto_possess	
Z03495	yes	\d*?(?:(?=[ab])[ab])+$	diff=0/7481	no_auto_possess	
Z03496	yes	\d*?(?:(?=[a-z])[ab])+$	diff=0/7481	no_auto_possess	
Z03498	yes	\d*?(?:(?=\W)[ab])+$	diff=0/7481	no_auto_possess	
Z03601	yes	\d{2,4}?(?=@)	diff=0/7481	no_auto_possess	
Z03603	yes	\d{2,4}?(?=[ab])	diff=0/7481	no_auto_possess	
Z03604	yes	\d{2,4}?(?=[a-z])	diff=0/7481	no_auto_possess	
Z03606	yes	\d{2,4}?(?=\W)	diff=0/7481	no_auto_possess	
Z03607	yes	x\d{2,4}?(?=@)	diff=0/7481	no_auto_possess	
Z03609	yes	x\d{2,4}?(?=[ab])	diff=0/7481	no_auto_possess	
Z03610	yes	x\d{2,4}?(?=[a-z])	diff=0/7481	no_auto_possess	
Z03612	yes	x\d{2,4}?(?=\W)	diff=0/7481	no_auto_possess	
Z03613	yes	\d{2,4}?(?=@)$	diff=0/7481	no_auto_possess	
Z03615	yes	\d{2,4}?(?=[ab])$	diff=0/7481	no_auto_possess	
Z03616	yes	\d{2,4}?(?=[a-z])$	diff=0/7481	no_auto_possess	
Z03618	yes	\d{2,4}?(?=\W)$	diff=0/7481	no_auto_possess	
Z03626	yes	\d{2,4}?(?![\d.])	diff=0/7481	no_auto_possess	
Z03629	yes	\d{2,4}?(?!\w)	diff=0/7481	no_auto_possess	
Z03632	yes	x\d{2,4}?(?![\d.])	diff=0/7481	no_auto_possess	
Z03635	yes	x\d{2,4}?(?!\w)	diff=0/7481	no_auto_possess	
Z03638	yes	\d{2,4}?(?![\d.])$	diff=0/7481	no_auto_possess	
Z03641	yes	\d{2,4}?(?!\w)$	diff=0/7481	no_auto_possess	
Z03649	yes	\d{2,4}?(?=@)y	diff=0/7481	no_auto_possess	
Z03651	yes	\d{2,4}?(?=[ab])y	diff=0/7481	no_auto_possess	
Z03652	yes	\d{2,4}?(?=[a-z])y	diff=0/7481	no_auto_possess	
Z03654	yes	\d{2,4}?(?=\W)y	diff=0/7481	no_auto_possess	
Z03655	yes	x\d{2,4}?(?=@)y	diff=0/7481	no_auto_possess	
Z03657	yes	x\d{2,4}?(?=[ab])y	diff=0/7481	no_auto_possess	
Z03658	yes	x\d{2,4}?(?=[a-z])y	diff=0/7481	no_auto_possess	
Z03660	yes	x\d{2,4}?(?=\W)y	diff=0/7481	no_auto_possess	
Z03661	yes	\d{2,4}?(?=@)y$	diff=0/7481	no_auto_possess	
Z03663	yes	\d{2,4}?(?=[ab])y$	diff=0/7481	no_auto_possess	
Z03664	yes	\d{2,4}?(?=[a-z])y$	diff=0/7481	no_auto_possess	
Z03666	yes	\d{2,4}?(?=\W)y$	diff=0/7481	no_auto_possess	
Z03673	yes	\d{2,4}?(?:(?=@)|y)	diff=0/7481	no_auto_possess	
Z03675	yes	\d{2,4}?(?:(?=[ab])|y)	diff=0/7481	no_auto_possess	
Z03676	yes	\d{2,4}?(?:(?=[a-z])|y)	diff=0/7481	no_auto_possess	
Z03678	yes	\d{2,4}?(?:(?=\W)|y)	diff=0/7481	no_auto_possess	
Z03679	yes	x\d{2,4}?(?:(?=@)|y)	diff=0/7481	no_auto_possess	
Z03681	yes	x\d{2,4}?(?:(?=[ab])|y)	diff=0/7481	no_auto_possess	
Z03682	yes	x\d{2,4}?(?:(?=[a-z])|y)	diff=0/7481	no_auto_possess	
Z03684	yes	x\d{2,4}?(?:(?=\W)|y)	diff=0/7481	no_auto_possess	
Z03685	yes	\d{2,4}?(?:(?=@)|y)$	diff=0/7481	no_auto_possess	
Z03687	yes	\d{2,4}?(?:(?=[ab])|y)$	diff=0/7481	no_auto_possess	
Z03688	yes	\d{2,4}?(?:(?=[a-z])|y)$	diff=0/7481	no_auto_possess	
Z03690	yes	\d{2,4}?(?:(?=\W)|y)$	diff=0/7481	no_auto_possess	
Z03698	yes	\d{2,4}?(?:(?![\d.])y|z)	diff=0/7481	no_auto_possess	
Z03701	yes	\d{2,4}?(?:(?!\w)y|z)	diff=0/7481	no_auto_possess	
Z03704	yes	x\d{2,4}?(?:(?![\d.])y|z)	diff=0/7481	no_auto_possess	
Z03707	yes	x\d{2,4}?(?:(?!\w)y|z)	diff=0/7481	no_auto_possess	
Z03710	yes	\d{2,4}?(?:(?![\d.])y|z)$	diff=0/7481	no_auto_possess	
Z03713	yes	\d{2,4}?(?:(?!\w)y|z)$	diff=0/7481	no_auto_possess	
Z03721	yes	\d{2,4}?(?:(?=@)[ab])+	diff=0/7481	no_auto_possess	
Z03723	yes	\d{2,4}?(?:(?=[ab])[ab])+	diff=0/7481	no_auto_possess	
Z03724	yes	\d{2,4}?(?:(?=[a-z])[ab])+	diff=0/7481	no_auto_possess	
Z03726	yes	\d{2,4}?(?:(?=\W)[ab])+	diff=0/7481	no_auto_possess	
Z03727	yes	x\d{2,4}?(?:(?=@)[ab])+	diff=0/7481	no_auto_possess	
Z03729	yes	x\d{2,4}?(?:(?=[ab])[ab])+	diff=0/7481	no_auto_possess	
Z03730	yes	x\d{2,4}?(?:(?=[a-z])[ab])+	diff=0/7481	no_auto_possess	
Z03732	yes	x\d{2,4}?(?:(?=\W)[ab])+	diff=0/7481	no_auto_possess	
Z03733	yes	\d{2,4}?(?:(?=@)[ab])+$	diff=0/7481	no_auto_possess	
Z03735	yes	\d{2,4}?(?:(?=[ab])[ab])+$	diff=0/7481	no_auto_possess	
Z03736	yes	\d{2,4}?(?:(?=[a-z])[ab])+$	diff=0/7481	no_auto_possess	
Z03738	yes	\d{2,4}?(?:(?=\W)[ab])+$	diff=0/7481	no_auto_possess	
Z03841	yes	[ab]+(?=@)	diff=0/7481	no_auto_possess	
Z03842	yes	[ab]+(?=[\d.])	diff=0/7481	no_auto_possess	
Z03846	yes	[ab]+(?=\W)	diff=0/7481	no_auto_possess	
Z03847	yes	x[ab]+(?=@)	diff=0/7481	no_auto_possess	
Z03848	yes	x[ab]+(?=[\d.])	diff=0/7481	no_auto_possess	
Z03852	yes	x[ab]+(?=\W)	diff=0/7481	no_auto_possess	
Z03853	yes	[ab]+(?=@)$	diff=0/7481	no_auto_possess	
Z03854	yes	[ab]+(?=[\d.])$	diff=0/7481	no_auto_possess	
Z03858	yes	[ab]+(?=\W)$	diff=0/7481	no_auto_possess	
Z03867	yes	[ab]+(?![ab])	diff=0/7481	no_auto_possess	
Z03868	yes	[ab]+(?![a-z])	diff=0/7481	no_auto_possess	
Z03869	yes	[ab]+(?!\w)	diff=0/7481	no_auto_possess	
Z03873	yes	x[ab]+(?![ab])	diff=0/7481	no_auto_possess	
Z03874	yes	x[ab]+(?![a-z])	diff=0/7481	no_auto_possess	
Z03875	yes	x[ab]+(?!\w)	diff=0/7481	no_auto_possess	
Z03879	yes	[ab]+(?![ab])$	diff=0/7481	no_auto_possess	
Z03880	yes	[ab]+(?![a-z])$	diff=0/7481	no_auto_possess	
Z03881	yes	[ab]+(?!\w)$	diff=0/7481	no_auto_possess	
Z03889	yes	[ab]+(?=@)y	diff=0/7481	no_auto_possess	
Z03890	yes	[ab]+(?=[\d.])y	diff=0/7481	no_auto_possess	
Z03894	yes	[ab]+(?=\W)y	diff=0/7481	no_auto_possess	
Z03895	yes	x[ab]+(?=@)y	diff=0/7481	no_auto_possess	
Z03896	yes	x[ab]+(?=[\d.])y	diff=0/7481	no_auto_possess	
Z03900	yes	x[ab]+(?=\W)y	diff=0/7481	no_auto_possess	
Z03901	yes	[ab]+(?=@)y$	diff=0/7481	no_auto_possess	
Z03902	yes	[ab]+(?=[\d.])y$	diff=0/7481	no_auto_possess	
Z03906	yes	[ab]+(?=\W)y$	diff=0/7481	no_auto_possess	
Z03913	yes	[ab]+(?:(?=@)|y)	diff=0/7481	no_auto_possess	
Z03914	yes	[ab]+(?:(?=[\d.])|y)	diff=0/7481	no_auto_possess	
Z03918	yes	[ab]+(?:(?=\W)|y)	diff=0/7481	no_auto_possess	
Z03919	yes	x[ab]+(?:(?=@)|y)	diff=0/7481	no_auto_possess	
Z03920	yes	x[ab]+(?:(?=[\d.])|y)	diff=0/7481	no_auto_possess	
Z03924	yes	x[ab]+(?:(?=\W)|y)	diff=0/7481	no_auto_possess	
Z03925	yes	[ab]+(?:(?=@)|y)$	diff=0/7481	no_auto_possess	
Z03926	yes	[ab]+(?:(?=[\d.])|y)$	diff=0/7481	no_auto_possess	
Z03930	yes	[ab]+(?:(?=\W)|y)$	diff=0/7481	no_auto_possess	
Z03939	yes	[ab]+(?:(?![ab])y|z)	diff=0/7481	no_auto_possess	
Z03940	yes	[ab]+(?:(?![a-z])y|z)	diff=0/7481	no_auto_possess	
Z03941	yes	[ab]+(?:(?!\w)y|z)	diff=0/7481	no_auto_possess	
Z03945	yes	x[ab]+(?:(?![ab])y|z)	diff=0/7481	no_auto_possess	
Z03946	yes	x[ab]+(?:(?![a-z])y|z)	diff=0/7481	no_auto_possess	
Z03947	yes	x[ab]+(?:(?!\w)y|z)	diff=0/7481	no_auto_possess	
Z03951	yes	[ab]+(?:(?![ab])y|z)$	diff=0/7481	no_auto_possess	
Z03952	yes	[ab]+(?:(?![a-z])y|z)$	diff=0/7481	no_auto_possess	
Z03953	yes	[ab]+(?:(?!\w)y|z)$	diff=0/7481	no_auto_possess	
Z03961	yes	[ab]+(?:(?=@)[ab])+	diff=0/7481	no_auto_possess	
Z03962	yes	[ab]+(?:(?=[\d.])[ab])+	diff=0/7481	no_auto_possess	
Z03966	yes	[ab]+(?:(?=\W)[ab])+	diff=0/7481	no_auto_possess	
Z03967	yes	x[ab]+(?:(?=@)[ab])+	diff=0/7481	no_auto_possess	
Z03968	yes	x[ab]+(?:(?=[\d.])[ab])+	diff=0/7481	no_auto_possess	
Z03972	yes	x[ab]+(?:(?=\W)[ab])+	diff=0/7481	no_auto_possess	
Z03973	yes	[ab]+(?:(?=@)[ab])+$	diff=0/7481	no_auto_possess	
Z03974	yes	[ab]+(?:(?=[\d.])[ab])+$	diff=0/7481	no_auto_possess	
Z03978	yes	[ab]+(?:(?=\W)[ab])+$	diff=0/7481	no_auto_possess	
Z03985	yes	[ab]+(?<=@)	diff=0/7481	no_auto_possess	
Z03986	yes	[ab]+(?<=[\d.])	diff=0/7481	no_auto_possess	
Z03990	yes	[ab]+(?<=\W)	diff=0/7481	no_auto_possess	
Z03991	yes	x[ab]+(?<=@)	diff=0/7481	no_auto_possess	
Z03992	yes	x[ab]+(?<=[\d.])	diff=0/7481	no_auto_possess	
Z03996	yes	x[ab]+(?<=\W)	diff=0/7481	no_auto_possess	
Z03997	yes	[ab]+(?<=@)$	diff=0/7481	no_auto_possess	
Z03998	yes	[ab]+(?<=[\d.])$	diff=0/7481	no_auto_possess	
Z04002	yes	[ab]+(?<=\W)$	diff=0/7481	no_auto_possess	
Z04011	yes	[ab]+(?<![ab])	diff=0/7481	no_auto_possess	
Z04012	yes	[ab]+(?<![a-z])	diff=0/7481	no_auto_possess	
Z04013	yes	[ab]+(?<!\w)	diff=0/7481	no_auto_possess	
Z04017	yes	x[ab]+(?<![ab])	diff=0/7481	no_auto_possess	
Z04018	yes	x[ab]+(?<![a-z])	diff=0/7481	no_auto_possess	
Z04019	yes	x[ab]+(?<!\w)	diff=0/7481	no_auto_possess	
Z04023	yes	[ab]+(?<![ab])$	diff=0/7481	no_auto_possess	
Z04024	yes	[ab]+(?<![a-z])$	diff=0/7481	no_auto_possess	
Z04025	yes	[ab]+(?<!\w)$	diff=0/7481	no_auto_possess	
Z04033	yes	[ab]+(?:(?=@)|)	diff=0/7481	no_auto_possess	
Z04034	yes	[ab]+(?:(?=[\d.])|)	diff=0/7481	no_auto_possess	
Z04038	yes	[ab]+(?:(?=\W)|)	diff=0/7481	no_auto_possess	
Z04039	yes	x[ab]+(?:(?=@)|)	diff=0/7481	no_auto_possess	
Z04040	yes	x[ab]+(?:(?=[\d.])|)	diff=0/7481	no_auto_possess	
Z04044	yes	x[ab]+(?:(?=\W)|)	diff=0/7481	no_auto_possess	
Z04045	yes	[ab]+(?:(?=@)|)$	diff=0/7481	no_auto_possess	
Z04046	yes	[ab]+(?:(?=[\d.])|)$	diff=0/7481	no_auto_possess	
Z04050	yes	[ab]+(?:(?=\W)|)$	diff=0/7481	no_auto_possess	
Z04059	yes	[ab]+(?:(?![ab])|)	diff=0/7481	no_auto_possess	
Z04060	yes	[ab]+(?:(?![a-z])|)	diff=0/7481	no_auto_possess	
Z04061	yes	[ab]+(?:(?!\w)|)	diff=0/7481	no_auto_possess	
Z04065	yes	x[ab]+(?:(?![ab])|)	diff=0/7481	no_auto_possess	
Z04066	yes	x[ab]+(?:(?![a-z])|)	diff=0/7481	no_auto_possess	
Z04067	yes	x[ab]+(?:(?!\w)|)	diff=0/7481	no_auto_possess	
Z04071	yes	[ab]+(?:(?![ab])|)$	diff=0/7481	no_auto_possess	
Z04072	yes	[ab]+(?:(?![a-z])|)$	diff=0/7481	no_auto_possess	
Z04073	yes	[ab]+(?:(?!\w)|)$	diff=0/7481	no_auto_possess	
Z04081	yes	[ab]*(?=@)	diff=0/7481	no_auto_possess	
Z04082	yes	[ab]*(?=[\d.])	diff=0/7481	no_auto_possess	
Z04086	yes	[ab]*(?=\W)	diff=0/7481	no_auto_possess	
Z04087	yes	x[ab]*(?=@)	diff=0/7481	no_auto_possess	
Z04088	yes	x[ab]*(?=[\d.])	diff=0/7481	no_auto_possess	
Z04092	yes	x[ab]*(?=\W)	diff=0/7481	no_auto_possess	
Z04093	yes	[ab]*(?=@)$	diff=0/7481	no_auto_possess	
Z04094	yes	[ab]*(?=[\d.])$	diff=0/7481	no_auto_possess	
Z04098	yes	[ab]*(?=\W)$	diff=0/7481	no_auto_possess	
Z04107	yes	[ab]*(?![ab])	diff=0/7481	no_auto_possess	
Z04108	yes	[ab]*(?![a-z])	diff=0/7481	no_auto_possess	
Z04109	yes	[ab]*(?!\w)	diff=0/7481	no_auto_possess	
Z04113	yes	x[ab]*(?![ab])	diff=0/7481	no_auto_possess	
Z04114	yes	x[ab]*(?![a-z])	diff=0/7481	no_auto_possess	
Z04115	yes	x[ab]*(?!\w)	diff=0/7481	no_auto_possess	
Z04119	yes	[ab]*(?![ab])$	diff=0/7481	no_auto_possess	
Z04120	yes	[ab]*(?![a-z])$	diff=0/7481	no_auto_possess	
Z04121	yes	[ab]*(?!\w)$	diff=0/7481	no_auto_possess	
Z04129	yes	[ab]*(?=@)y	diff=0/7481	no_auto_possess	
Z04130	yes	[ab]*(?=[\d.])y	diff=0/7481	no_auto_possess	
Z04134	yes	[ab]*(?=\W)y	diff=0/7481	no_auto_possess	
Z04135	yes	x[ab]*(?=@)y	diff=0/7481	no_auto_possess	
Z04136	yes	x[ab]*(?=[\d.])y	diff=0/7481	no_auto_possess	
Z04140	yes	x[ab]*(?=\W)y	diff=0/7481	no_auto_possess	
Z04141	yes	[ab]*(?=@)y$	diff=0/7481	no_auto_possess	
Z04142	yes	[ab]*(?=[\d.])y$	diff=0/7481	no_auto_possess	
Z04146	yes	[ab]*(?=\W)y$	diff=0/7481	no_auto_possess	
Z04153	yes	[ab]*(?:(?=@)|y)	diff=0/7481	no_auto_possess	
Z04154	yes	[ab]*(?:(?=[\d.])|y)	diff=0/7481	no_auto_possess	
Z04158	yes	[ab]*(?:(?=\W)|y)	diff=0/7481	no_auto_possess	
Z04159	yes	x[ab]*(?:(?=@)|y)	diff=0/7481	no_auto_possess	
Z04160	yes	x[ab]*(?:(?=[\d.])|y)	diff=0/7481	no_auto_possess	
Z04164	yes	x[ab]*(?:(?=\W)|y)	diff=0/7481	no_auto_possess	
Z04165	yes	[ab]*(?:(?=@)|y)$	diff=0/7481	no_auto_possess	
Z04166	yes	[ab]*(?:(?=[\d.])|y)$	diff=0/7481	no_auto_possess	
Z04170	yes	[ab]*(?:(?=\W)|y)$	diff=0/7481	no_auto_possess	
Z04179	yes	[ab]*(?:(?![ab])y|z)	diff=0/7481	no_auto_possess	
Z04180	yes	[ab]*(?:(?![a-z])y|z)	diff=0/7481	no_auto_possess	
Z04181	yes	[ab]*(?:(?!\w)y|z)	diff=0/7481	no_auto_possess	
Z04185	yes	x[ab]*(?:(?![ab])y|z)	diff=0/7481	no_auto_possess	
Z04186	yes	x[ab]*(?:(?![a-z])y|z)	diff=0/7481	no_auto_possess	
Z04187	yes	x[ab]*(?:(?!\w)y|z)	diff=0/7481	no_auto_possess	
Z04191	yes	[ab]*(?:(?![ab])y|z)$	diff=0/7481	no_auto_possess	
Z04192	yes	[ab]*(?:(?![a-z])y|z)$	diff=0/7481	no_auto_possess	
Z04193	yes	[ab]*(?:(?!\w)y|z)$	diff=0/7481	no_auto_possess	
Z04201	yes	[ab]*(?:(?=@)[ab])+	diff=0/7481	no_auto_possess	
Z04202	yes	[ab]*(?:(?=[\d.])[ab])+	diff=0/7481	no_auto_possess	
Z04206	yes	[ab]*(?:(?=\W)[ab])+	diff=0/7481	no_auto_possess	
Z04207	yes	x[ab]*(?:(?=@)[ab])+	diff=0/7481	no_auto_possess	
Z04208	yes	x[ab]*(?:(?=[\d.])[ab])+	diff=0/7481	no_auto_possess	
Z04212	yes	x[ab]*(?:(?=\W)[ab])+	diff=0/7481	no_auto_possess	
Z04213	yes	[ab]*(?:(?=@)[ab])+$	diff=0/7481	no_auto_possess	
Z04214	yes	[ab]*(?:(?=[\d.])[ab])+$	diff=0/7481	no_auto_possess	
Z04218	yes	[ab]*(?:(?=\W)[ab])+$	diff=0/7481	no_auto_possess	
Z04273	yes	[ab]*(?:(?=@)|)	diff=0/7481	no_auto_possess	
Z04274	yes	[ab]*(?:(?=[\d.])|)	diff=0/7481	no_auto_possess	
Z04278	yes	[ab]*(?:(?=\W)|)	diff=0/7481	no_auto_possess	
Z04279	yes	x[ab]*(?:(?=@)|)	diff=0/7481	no_auto_possess	
Z04280	yes	x[ab]*(?:(?=[\d.])|)	diff=0/7481	no_auto_possess	
Z04284	yes	x[ab]*(?:(?=\W)|)	diff=0/7481	no_auto_possess	
Z04285	yes	[ab]*(?:(?=@)|)$	diff=0/7481	no_auto_possess	
Z04286	yes	[ab]*(?:(?=[\d.])|)$	diff=0/7481	no_auto_possess	
Z04290	yes	[ab]*(?:(?=\W)|)$	diff=0/7481	no_auto_possess	
Z04299	yes	[ab]*(?:(?![ab])|)	diff=0/7481	no_auto_possess	
Z04300	yes	[ab]*(?:(?![a-z])|)	diff=0/7481	no_auto_possess	
Z04301	yes	[ab]*(?:(?!\w)|)	diff=0/7481	no_auto_possess	
Z04305	yes	x[ab]*(?:(?![ab])|)	diff=0/7481	no_auto_possess	
Z04306	yes	x[ab]*(?:(?![a-z])|)	diff=0/7481	no_auto_possess	
Z04307	yes	x[ab]*(?:(?!\w)|)	diff=0/7481	no_auto_possess	
Z04311	yes	[ab]*(?:(?![ab])|)$	diff=0/7481	no_auto_possess	
Z04312	yes	[ab]*(?:(?![a-z])|)$	diff=0/7481	no_auto_possess	
Z04313	yes	[ab]*(?:(?!\w)|)$	diff=0/7481	no_auto_possess	
Z04321	yes	[ab]?(?=@)	diff=0/7481	no_auto_possess	
Z04322	yes	[ab]?(?=[\d.])	diff=0/7481	no_auto_possess	
Z04326	yes	[ab]?(?=\W)	diff=0/7481	no_auto_possess	
Z04327	yes	x[ab]?(?=@)	diff=0/7481	no_auto_possess	
Z04328	yes	x[ab]?(?=[\d.])	diff=0/7481	no_auto_possess	
Z04332	yes	x[ab]?(?=\W)	diff=0/7481	no_auto_possess	
Z04333	yes	[ab]?(?=@)$	diff=0/7481	no_auto_possess	
Z04334	yes	[ab]?(?=[\d.])$	diff=0/7481	no_auto_possess	
Z04338	yes	[ab]?(?=\W)$	diff=0/7481	no_auto_possess	
Z04347	yes	[ab]?(?![ab])	diff=0/7481	no_auto_possess	
Z04348	yes	[ab]?(?![a-z])	diff=0/7481	no_auto_possess	
Z04349	yes	[ab]?(?!\w)	diff=0/7481	no_auto_possess	
Z04353	yes	x[ab]?(?![ab])	diff=0/7481	no_auto_possess	
Z04354	yes	x[ab]?(?![a-z])	diff=0/7481	no_auto_possess	
Z04355	yes	x[ab]?(?!\w)	diff=0/7481	no_auto_possess	
Z04359	yes	[ab]?(?![ab])$	diff=0/7481	no_auto_possess	
Z04360	yes	[ab]?(?![a-z])$	diff=0/7481	no_auto_possess	
Z04361	yes	[ab]?(?!\w)$	diff=0/7481	no_auto_possess	
Z04369	yes	[ab]?(?=@)y	diff=0/7481	no_auto_possess	
Z04370	yes	[ab]?(?=[\d.])y	diff=0/7481	no_auto_possess	
Z04374	yes	[ab]?(?=\W)y	diff=0/7481	no_auto_possess	
Z04375	yes	x[ab]?(?=@)y	diff=0/7481	no_auto_possess	
Z04376	yes	x[ab]?(?=[\d.])y	diff=0/7481	no_auto_possess	
Z04380	yes	x[ab]?(?=\W)y	diff=0/7481	no_auto_possess	
Z04381	yes	[ab]?(?=@)y$	diff=0/7481	no_auto_possess	
Z04382	yes	[ab]?(?=[\d.])y$	diff=0/7481	no_auto_possess	
Z04386	yes	[ab]?(?=\W)y$	diff=0/7481	no_auto_possess	
Z04393	yes	[ab]?(?:(?=@)|y)	diff=0/7481	no_auto_possess	
Z04394	yes	[ab]?(?:(?=[\d.])|y)	diff=0/7481	no_auto_possess	
Z04398	yes	[ab]?(?:(?=\W)|y)	diff=0/7481	no_auto_possess	
Z04399	yes	x[ab]?(?:(?=@)|y)	diff=0/7481	no_auto_possess	
Z04400	yes	x[ab]?(?:(?=[\d.])|y)	diff=0/7481	no_auto_possess	
Z04404	yes	x[ab]?(?:(?=\W)|y)	diff=0/7481	no_auto_possess	
Z04405	yes	[ab]?(?:(?=@)|y)$	diff=0/7481	no_auto_possess	
Z04406	yes	[ab]?(?:(?=[\d.])|y)$	diff=0/7481	no_auto_possess	
Z04410	yes	[ab]?(?:(?=\W)|y)$	diff=0/7481	no_auto_possess	
Z04419	yes	[ab]?(?:(?![ab])y|z)	diff=0/7481	no_auto_possess	
Z04420	yes	[ab]?(?:(?![a-z])y|z)	diff=0/7481	no_auto_possess	
Z04421	yes	[ab]?(?:(?!\w)y|z)	diff=0/7481	no_auto_possess	
Z04425	yes	x[ab]?(?:(?![ab])y|z)	diff=0/7481	no_auto_possess	
Z04426	yes	x[ab]?(?:(?![a-z])y|z)	diff=0/7481	no_auto_possess	
Z04427	yes	x[ab]?(?:(?!\w)y|z)	diff=0/7481	no_auto_possess	
Z04431	yes	[ab]?(?:(?![ab])y|z)$	diff=0/7481	no_auto_possess	
Z04432	yes	[ab]?(?:(?![a-z])y|z)$	diff=0/7481	no_auto_possess	
Z04433	yes	[ab]?(?:(?!\w)y|z)$	diff=0/7481	no_auto_possess	
Z04441	yes	[ab]?(?:(?=@)[ab])+	diff=0/7481	no_auto_possess	
Z04442	yes	[ab]?(?:(?=[\d.])[ab])+	diff=0/7481	no_auto_possess	
Z04446	yes	[ab]?(?:(?=\W)[ab])+	diff=0/7481	no_auto_possess	
Z04447	yes	x[ab]?(?:(?=@)[ab])+	diff=0/7481	no_auto_possess	
Z04448	yes	x[ab]?(?:(?=[\d.])[ab])+	diff=0/7481	no_auto_possess	
Z04452	yes	x[ab]?(?:(?=\W)[ab])+	diff=0/7481	no_auto_possess	
Z04453	yes	[ab]?(?:(?=@)[ab])+$	diff=0/7481	no_auto_possess	
Z04454	yes	[ab]?(?:(?=[\d.])[ab])+$	diff=0/7481	no_auto_possess	
Z04458	yes	[ab]?(?:(?=\W)[ab])+$	diff=0/7481	no_auto_possess	
Z04513	yes	[ab]?(?:(?=@)|)	diff=0/7481	no_auto_possess	
Z04514	yes	[ab]?(?:(?=[\d.])|)	diff=0/7481	no_auto_possess	
Z04518	yes	[ab]?(?:(?=\W)|)	diff=0/7481	no_auto_possess	
Z04519	yes	x[ab]?(?:(?=@)|)	diff=0/7481	no_auto_possess	
Z04520	yes	x[ab]?(?:(?=[\d.])|)	diff=0/7481	no_auto_possess	
Z04524	yes	x[ab]?(?:(?=\W)|)	diff=0/7481	no_auto_possess	
Z04525	yes	[ab]?(?:(?=@)|)$	diff=0/7481	no_auto_possess	
Z04526	yes	[ab]?(?:(?=[\d.])|)$	diff=0/7481	no_auto_possess	
Z04530	yes	[ab]?(?:(?=\W)|)$	diff=0/7481	no_auto_possess	
Z04539	yes	[ab]?(?:(?![ab])|)	diff=0/7481	no_auto_possess	
Z04540	yes	[ab]?(?:(?![a-z])|)	diff=0/7481	no_auto_possess	
Z04541	yes	[ab]?(?:(?!\w)|)	diff=0/7481	no_auto_possess	
Z04545	yes	x[ab]?(?:(?![ab])|)	diff=0/7481	no_auto_possess	
Z04546	yes	x[ab]?(?:(?![a-z])|)	diff=0/7481	no_auto_possess	
Z04547	yes	x[ab]?(?:(?!\w)|)	diff=0/7481	no_auto_possess	
Z04551	yes	[ab]?(?:(?![ab])|)$	diff=0/7481	no_auto_possess	
Z04552	yes	[ab]?(?:(?![a-z])|)$	diff=0/7481	no_auto_possess	
Z04553	yes	[ab]?(?:(?!\w)|)$	diff=0/7481	no_auto_possess	
Z04561	yes	[ab]{2,4}(?=@)	diff=0/7481	no_auto_possess	
Z04562	yes	[ab]{2,4}(?=[\d.])	diff=0/7481	no_auto_possess	
Z04566	yes	[ab]{2,4}(?=\W)	diff=0/7481	no_auto_possess	
Z04567	yes	x[ab]{2,4}(?=@)	diff=0/7481	no_auto_possess	
Z04568	yes	x[ab]{2,4}(?=[\d.])	diff=0/7481	no_auto_possess	
Z04572	yes	x[ab]{2,4}(?=\W)	diff=0/7481	no_auto_possess	
Z04573	yes	[ab]{2,4}(?=@)$	diff=0/7481	no_auto_possess	
Z04574	yes	[ab]{2,4}(?=[\d.])$	diff=0/7481	no_auto_possess	
Z04578	yes	[ab]{2,4}(?=\W)$	diff=0/7481	no_auto_possess	
Z04587	yes	[ab]{2,4}(?![ab])	diff=0/7481	no_auto_possess	
Z04588	yes	[ab]{2,4}(?![a-z])	diff=0/7481	no_auto_possess	
Z04589	yes	[ab]{2,4}(?!\w)	diff=0/7481	no_auto_possess	
Z04593	yes	x[ab]{2,4}(?![ab])	diff=0/7481	no_auto_possess	
Z04594	yes	x[ab]{2,4}(?![a-z])	diff=0/7481	no_auto_possess	
Z04595	yes	x[ab]{2,4}(?!\w)	diff=0/7481	no_auto_possess	
Z04599	yes	[ab]{2,4}(?![ab])$	diff=0/7481	no_auto_possess	
Z04600	yes	[ab]{2,4}(?![a-z])$	diff=0/7481	no_auto_possess	
Z04601	yes	[ab]{2,4}(?!\w)$	diff=0/7481	no_auto_possess	
Z04609	yes	[ab]{2,4}(?=@)y	diff=0/7481	no_auto_possess	
Z04610	yes	[ab]{2,4}(?=[\d.])y	diff=0/7481	no_auto_possess	
Z04614	yes	[ab]{2,4}(?=\W)y	diff=0/7481	no_auto_possess	
Z04615	yes	x[ab]{2,4}(?=@)y	diff=0/7481	no_auto_possess	
Z04616	yes	x[ab]{2,4}(?=[\d.])y	diff=0/7481	no_auto_possess	
Z04620	yes	x[ab]{2,4}(?=\W)y	diff=0/7481	no_auto_possess	
Z04621	yes	[ab]{2,4}(?=@)y$	diff=0/7481	no_auto_possess	
Z04622	yes	[ab]{2,4}(?=[\d.])y$	diff=0/7481	no_auto_possess	
Z04626	yes	[ab]{2,4}(?=\W)y$	diff=0/7481	no_auto_possess	
Z04633	yes	[ab]{2,4}(?:(?=@)|y)	diff=0/7481	no_auto_possess	
Z04634	yes	[ab]{2,4}(?:(?=[\d.])|y)	diff=0/7481	no_auto_possess	
Z04638	yes	[ab]{2,4}(?:(?=\W)|y)	diff=0/7481	no_auto_possess	
Z04639	yes	x[ab]{2,4}(?:(?=@)|y)	diff=0/7481	no_auto_possess	
Z04640	yes	x[ab]{2,4}(?:(?=[\d.])|y)	diff=0/7481	no_auto_possess	
Z04644	yes	x[ab]{2,4}(?:(?=\W)|y)	diff=0/7481	no_auto_possess	
Z04645	yes	[ab]{2,4}(?:(?=@)|y)$	diff=0/7481	no_auto_possess	
Z04646	yes	[ab]{2,4}(?:(?=[\d.])|y)$	diff=0/7481	no_auto_possess	
Z04650	yes	[ab]{2,4}(?:(?=\W)|y)$	diff=0/7481	no_auto_possess	
Z04659	yes	[ab]{2,4}(?:(?![ab])y|z)	diff=0/7481	no_auto_possess	
Z04660	yes	[ab]{2,4}(?:(?![a-z])y|z)	diff=0/7481	no_auto_possess	
Z04661	yes	[ab]{2,4}(?:(?!\w)y|z)	diff=0/7481	no_auto_possess	
Z04665	yes	x[ab]{2,4}(?:(?![ab])y|z)	diff=0/7481	no_auto_possess	
Z04666	yes	x[ab]{2,4}(?:(?![a-z])y|z)	diff=0/7481	no_auto_possess	
Z04667	yes	x[ab]{2,4}(?:(?!\w)y|z)	diff=0/7481	no_auto_possess	
Z04671	yes	[ab]{2,4}(?:(?![ab])y|z)$	diff=0/7481	no_auto_possess	
Z04672	yes	[ab]{2,4}(?:(?![a-z])y|z)$	diff=0/7481	no_auto_possess	
Z04673	yes	[ab]{2,4}(?:(?!\w)y|z)$	diff=0/7481	no_auto_possess	
Z04681	yes	[ab]{2,4}(?:(?=@)[ab])+	diff=0/7481	no_auto_possess	
Z04682	yes	[ab]{2,4}(?:(?=[\d.])[ab])+	diff=0/7481	no_auto_possess	
Z04686	yes	[ab]{2,4}(?:(?=\W)[ab])+	diff=0/7481	no_auto_possess	
Z04687	yes	x[ab]{2,4}(?:(?=@)[ab])+	diff=0/7481	no_auto_possess	
Z04688	yes	x[ab]{2,4}(?:(?=[\d.])[ab])+	diff=0/7481	no_auto_possess	
Z04692	yes	x[ab]{2,4}(?:(?=\W)[ab])+	diff=0/7481	no_auto_possess	
Z04693	yes	[ab]{2,4}(?:(?=@)[ab])+$	diff=0/7481	no_auto_possess	
Z04694	yes	[ab]{2,4}(?:(?=[\d.])[ab])+$	diff=0/7481	no_auto_possess	
Z04698	yes	[ab]{2,4}(?:(?=\W)[ab])+$	diff=0/7481	no_auto_possess	
Z04705	yes	[ab]{2,4}(?<=@)	diff=0/7481	no_auto_possess	
Z04706	yes	[ab]{2,4}(?<=[\d.])	diff=0/7481	no_auto_possess	
Z04710	yes	[ab]{2,4}(?<=\W)	diff=0/7481	no_auto_possess	
Z04711	yes	x[ab]{2,4}(?<=@)	diff=0/7481	no_auto_possess	
Z04712	yes	x[ab]{2,4}(?<=[\d.])	diff=0/7481	no_auto_possess	
Z04716	yes	x[ab]{2,4}(?<=\W)	diff=0/7481	no_auto_possess	
Z04717	yes	[ab]{2,4}(?<=@)$	diff=0/7481	no_auto_possess	
Z04718	yes	[ab]{2,4}(?<=[\d.])$	diff=0/7481	no_auto_possess	
Z04722	yes	[ab]{2,4}(?<=\W)$	diff=0/7481	no_auto_possess	
Z04731	yes	[ab]{2,4}(?<![ab])	diff=0/7481	no_auto_possess	
Z04732	yes	[ab]{2,4}(?<![a-z])	diff=0/7481	no_auto_possess	
Z04733	yes	[ab]{2,4}(?<!\w)	diff=0/7481	no_auto_possess	
Z04737	yes	x[ab]{2,4}(?<![ab])	diff=0/7481	no_auto_possess	
Z04738	yes	x[ab]{2,4}(?<![a-z])	diff=0/7481	no_auto_possess	
Z04739	yes	x[ab]{2,4}(?<!\w)	diff=0/7481	no_auto_possess	
Z04743	yes	[ab]{2,4}(?<![ab])$	diff=0/7481	no_auto_possess	
Z04744	yes	[ab]{2,4}(?<![a-z])$	diff=0/7481	no_auto_possess	
Z04745	yes	[ab]{2,4}(?<!\w)$	diff=0/7481	no_auto_possess	
Z04753	yes	[ab]{2,4}(?:(?=@)|)	diff=0/7481	no_auto_possess	
Z04754	yes	[ab]{2,4}(?:(?=[\d.])|)	diff=0/7481	no_auto_possess	
Z04758	yes	[ab]{2,4}(?:(?=\W)|)	diff=0/7481	no_auto_possess	
Z04759	yes	x[ab]{2,4}(?:(?=@)|)	diff=0/7481	no_auto_possess	
Z04760	yes	x[ab]{2,4}(?:(?=[\d.])|)	diff=0/7481	no_auto_possess	
Z04764	yes	x[ab]{2,4}(?:(?=\W)|)	diff=0/7481	no_auto_possess	
Z04765	yes	[ab]{2,4}(?:(?=@)|)$	diff=0/7481	no_auto_possess	
Z04766	yes	[ab]{2,4}(?:(?=[\d.])|)$	diff=0/7481	no_auto_possess	
Z04770	yes	[ab]{2,4}(?:(?=\W)|)$	diff=0/7481	no_auto_possess	
Z04779	yes	[ab]{2,4}(?:(?![ab])|)	diff=0/7481	no_auto_possess	
Z04780	yes	[ab]{2,4}(?:(?![a-z])|)	diff=0/7481	no_auto_possess	
Z04781	yes	[ab]{2,4}(?:(?!\w)|)	diff=0/7481	no_auto_possess	
Z04785	yes	x[ab]{2,4}(?:(?![ab])|)	diff=0/7481	no_auto_possess	
Z04786	yes	x[ab]{2,4}(?:(?![a-z])|)	diff=0/7481	no_auto_possess	
Z04787	yes	x[ab]{2,4}(?:(?!\w)|)	diff=0/7481	no_auto_possess	
Z04791	yes	[ab]{2,4}(?:(?![ab])|)$	diff=0/7481	no_auto_possess	
Z04792	yes	[ab]{2,4}(?:(?![a-z])|)$	diff=0/7481	no_auto_possess	
Z04793	yes	[ab]{2,4}(?:(?!\w)|)$	diff=0/7481	no_auto_possess	
Z04801	yes	[ab]{3}(?=@)	diff=0/7481	no_auto_possess	
Z04802	yes	[ab]{3}(?=[\d.])	diff=0/7481	no_auto_possess	
Z04803	yes	[ab]{3}(?=[ab])	diff=0/7481	no_auto_possess	
Z04804	yes	[ab]{3}(?=[a-z])	diff=0/7481	no_auto_possess	
Z04805	yes	[ab]{3}(?=\w)	diff=0/7481	no_auto_possess	
Z04806	yes	[ab]{3}(?=\W)	diff=0/7481	no_auto_possess	
Z04807	yes	x[ab]{3}(?=@)	diff=0/7481	no_auto_possess	
Z04808	yes	x[ab]{3}(?=[\d.])	diff=0/7481	no_auto_possess	
Z04809	yes	x[ab]{3}(?=[ab])	diff=0/7481	no_auto_possess	
Z04810	yes	x[ab]{3}(?=[a-z])	diff=0/7481	no_auto_possess	
Z04811	yes	x[ab]{3}(?=\w)	diff=0/7481	no_auto_possess	
Z04812	yes	x[ab]{3}(?=\W)	diff=0/7481	no_auto_possess	
Z04813	yes	[ab]{3}(?=@)$	diff=0/7481	no_auto_possess	
Z04814	yes	[ab]{3}(?=[\d.])$	diff=0/7481	no_auto_possess	
Z04815	yes	[ab]{3}(?=[ab])$	diff=0/7481	no_auto_possess	
Z04816	yes	[ab]{3}(?=[a-z])$	diff=0/7481	no_auto_possess	
Z04817	yes	[ab]{3}(?=\w)$	diff=0/7481	no_auto_possess	
Z04818	yes	[ab]{3}(?=\W)$	diff=0/7481	no_auto_possess	
Z04819	yes	(?:[ab]{3}(?=@)y)+	diff=0/7481	no_auto_possess	
Z04820	yes	(?:[ab]{3}(?=[\d.])y)+	diff=0/7481	no_auto_possess	
Z04821	yes	(?:[ab]{3}(?=[ab])y)+	diff=0/7481	no_auto_possess	
Z04822	yes	(?:[ab]{3}(?=[a-z])y)+	diff=0/7481	no_auto_possess	
Z04823	yes	(?:[ab]{3}(?=\w)y)+	diff=0/7481	no_auto_possess	
Z04824	yes	(?:[ab]{3}(?=\W)y)+	diff=0/7481	no_auto_possess	
Z04825	yes	[ab]{3}(?!@)	diff=0/7481	no_auto_possess	
Z04826	yes	[ab]{3}(?![\d.])	diff=0/7481	no_auto_possess	
Z04827	yes	[ab]{3}(?![ab])	diff=0/7481	no_auto_possess	
Z04828	yes	[ab]{3}(?![a-z])	diff=0/7481	no_auto_possess	
Z04829	yes	[ab]{3}(?!\w)	diff=0/7481	no_auto_possess	
Z04830	yes	[ab]{3}(?!\W)	diff=0/7481	no_auto_possess	
Z04831	yes	x[ab]{3}(?!@)	diff=0/7481	no_auto_possess	
Z04832	yes	x[ab]{3}(?![\d.])	diff=0/7481	no_auto_possess	
Z04833	yes	x[ab]{3}(?![ab])	diff=0/7481	no_auto_possess	
Z04834	yes	x[ab]{3}(?![a-z])	diff=0/7481	no_auto_possess	
Z04835	yes	x[ab]{3}(?!\w)	diff=0/7481	no_auto_possess	
Z04836	yes	x[ab]{3}(?!\W)	diff=0/7481	no_auto_possess	
Z04837	yes	[ab]{3}(?!@)$	diff=0/7481	no_auto_possess	
Z04838	yes	[ab]{3}(?![\d.])$	diff=0/7481	no_auto_possess	
Z04839	yes	[ab]{3}(?![ab])$	diff=0/7481	no_auto_possess	
Z04840	yes	[ab]{3}(?![a-z])$	diff=0/7481	no_auto_possess	
Z04841	yes	[ab]{3}(?!\w)$	diff=0/7481	no_auto_possess	
Z04842	yes	[ab]{3}(?!\W)$	diff=0/7481	no_auto_possess	
Z04843	yes	(?:[ab]{3}(?!@)y)+	diff=0/7481	no_auto_possess	
Z04844	yes	(?:[ab]{3}(?![\d.])y)+	diff=0/7481	no_auto_possess	
Z04845	yes	(?:[ab]{3}(?![ab])y)+	diff=0/7481	no_auto_possess	
Z04846	yes	(?:[ab]{3}(?![a-z])y)+	diff=0/7481	no_auto_possess	
Z04847	yes	(?:[ab]{3}(?!\w)y)+	diff=0/7481	no_auto_possess	
Z04848	yes	(?:[ab]{3}(?!\W)y)+	diff=0/7481	no_auto_possess	
Z04849	yes	[ab]{3}(?=@)y	diff=0/7481	no_auto_possess	
Z04850	yes	[ab]{3}(?=[\d.])y	diff=0/7481	no_auto_possess	
Z04851	yes	[ab]{3}(?=[ab])y	diff=0/7481	no_auto_possess	
Z04852	yes	[ab]{3}(?=[a-z])y	diff=0/7481	no_auto_possess	
Z04853	yes	[ab]{3}(?=\w)y	diff=0/7481	no_auto_possess	
Z04854	yes	[ab]{3}(?=\W)y	diff=0/7481	no_auto_possess	
Z04855	yes	x[ab]{3}(?=@)y	diff=0/7481	no_auto_possess	
Z04856	yes	x[ab]{3}(?=[\d.])y	diff=0/7481	no_auto_possess	
Z04857	yes	x[ab]{3}(?=[ab])y	diff=0/7481	no_auto_possess	
Z04858	yes	x[ab]{3}(?=[a-z])y	diff=0/7481	no_auto_possess	
Z04859	yes	x[ab]{3}(?=\w)y	diff=0/7481	no_auto_possess	
Z04860	yes	x[ab]{3}(?=\W)y	diff=0/7481	no_auto_possess	
Z04861	yes	[ab]{3}(?=@)y$	diff=0/7481	no_auto_possess	
Z04862	yes	[ab]{3}(?=[\d.])y$	diff=0/7481	no_auto_possess	
Z04863	yes	[ab]{3}(?=[ab])y$	diff=0/7481	no_auto_possess	
Z04864	yes	[ab]{3}(?=[a-z])y$	diff=0/7481	no_auto_possess	
Z04865	yes	[ab]{3}(?=\w)y$	diff=0/7481	no_auto_possess	
Z04866	yes	[ab]{3}(?=\W)y$	diff=0/7481	no_auto_possess	
Z04867	yes	(?:[ab]{3}(?=@)yy)+	diff=0/7481	no_auto_possess	
Z04868	yes	(?:[ab]{3}(?=[\d.])yy)+	diff=0/7481	no_auto_possess	
Z04869	yes	(?:[ab]{3}(?=[ab])yy)+	diff=0/7481	no_auto_possess	
Z04870	yes	(?:[ab]{3}(?=[a-z])yy)+	diff=0/7481	no_auto_possess	
Z04871	yes	(?:[ab]{3}(?=\w)yy)+	diff=0/7481	no_auto_possess	
Z04872	yes	(?:[ab]{3}(?=\W)yy)+	diff=0/7481	no_auto_possess	
Z04873	yes	[ab]{3}(?:(?=@)|y)	diff=0/7481	no_auto_possess	
Z04874	yes	[ab]{3}(?:(?=[\d.])|y)	diff=0/7481	no_auto_possess	
Z04875	yes	[ab]{3}(?:(?=[ab])|y)	diff=0/7481	no_auto_possess	
Z04876	yes	[ab]{3}(?:(?=[a-z])|y)	diff=0/7481	no_auto_possess	
Z04877	yes	[ab]{3}(?:(?=\w)|y)	diff=0/7481	no_auto_possess	
Z04878	yes	[ab]{3}(?:(?=\W)|y)	diff=0/7481	no_auto_possess	
Z04879	yes	x[ab]{3}(?:(?=@)|y)	diff=0/7481	no_auto_possess	
Z04880	yes	x[ab]{3}(?:(?=[\d.])|y)	diff=0/7481	no_auto_possess	
Z04881	yes	x[ab]{3}(?:(?=[ab])|y)	diff=0/7481	no_auto_possess	
Z04882	yes	x[ab]{3}(?:(?=[a-z])|y)	diff=0/7481	no_auto_possess	
Z04883	yes	x[ab]{3}(?:(?=\w)|y)	diff=0/7481	no_auto_possess	
Z04884	yes	x[ab]{3}(?:(?=\W)|y)	diff=0/7481	no_auto_possess	
Z04885	yes	[ab]{3}(?:(?=@)|y)$	diff=0/7481	no_auto_possess	
Z04886	yes	[ab]{3}(?:(?=[\d.])|y)$	diff=0/7481	no_auto_possess	
Z04887	yes	[ab]{3}(?:(?=[ab])|y)$	diff=0/7481	no_auto_possess	
Z04888	yes	[ab]{3}(?:(?=[a-z])|y)$	diff=0/7481	no_auto_possess	
Z04889	yes	[ab]{3}(?:(?=\w)|y)$	diff=0/7481	no_auto_possess	
Z04890	yes	[ab]{3}(?:(?=\W)|y)$	diff=0/7481	no_auto_possess	
Z04891	yes	(?:[ab]{3}(?:(?=@)|y)y)+	diff=0/7481	no_auto_possess	
Z04892	yes	(?:[ab]{3}(?:(?=[\d.])|y)y)+	diff=0/7481	no_auto_possess	
Z04893	yes	(?:[ab]{3}(?:(?=[ab])|y)y)+	diff=0/7481	no_auto_possess	
Z04894	yes	(?:[ab]{3}(?:(?=[a-z])|y)y)+	diff=0/7481	no_auto_possess	
Z04895	yes	(?:[ab]{3}(?:(?=\w)|y)y)+	diff=0/7481	no_auto_possess	
Z04896	yes	(?:[ab]{3}(?:(?=\W)|y)y)+	diff=0/7481	no_auto_possess	
Z04897	yes	[ab]{3}(?:(?!@)y|z)	diff=0/7481	no_auto_possess	
Z04898	yes	[ab]{3}(?:(?![\d.])y|z)	diff=0/7481	no_auto_possess	
Z04899	yes	[ab]{3}(?:(?![ab])y|z)	diff=0/7481	no_auto_possess	
Z04900	yes	[ab]{3}(?:(?![a-z])y|z)	diff=0/7481	no_auto_possess	
Z04901	yes	[ab]{3}(?:(?!\w)y|z)	diff=0/7481	no_auto_possess	
Z04902	yes	[ab]{3}(?:(?!\W)y|z)	diff=0/7481	no_auto_possess	
Z04903	yes	x[ab]{3}(?:(?!@)y|z)	diff=0/7481	no_auto_possess	
Z04904	yes	x[ab]{3}(?:(?![\d.])y|z)	diff=0/7481	no_auto_possess	
Z04905	yes	x[ab]{3}(?:(?![ab])y|z)	diff=0/7481	no_auto_possess	
Z04906	yes	x[ab]{3}(?:(?![a-z])y|z)	diff=0/7481	no_auto_possess	
Z04907	yes	x[ab]{3}(?:(?!\w)y|z)	diff=0/7481	no_auto_possess	
Z04908	yes	x[ab]{3}(?:(?!\W)y|z)	diff=0/7481	no_auto_possess	
Z04909	yes	[ab]{3}(?:(?!@)y|z)$	diff=0/7481	no_auto_possess	
Z04910	yes	[ab]{3}(?:(?![\d.])y|z)$	diff=0/7481	no_auto_possess	
Z04911	yes	[ab]{3}(?:(?![ab])y|z)$	diff=0/7481	no_auto_possess	
Z04912	yes	[ab]{3}(?:(?![a-z])y|z)$	diff=0/7481	no_auto_possess	
Z04913	yes	[ab]{3}(?:(?!\w)y|z)$	diff=0/7481	no_auto_possess	
Z04914	yes	[ab]{3}(?:(?!\W)y|z)$	diff=0/7481	no_auto_possess	
Z04915	yes	(?:[ab]{3}(?:(?!@)y|z)y)+	diff=0/7481	no_auto_possess	
Z04916	yes	(?:[ab]{3}(?:(?![\d.])y|z)y)+	diff=0/7481	no_auto_possess	
Z04917	yes	(?:[ab]{3}(?:(?![ab])y|z)y)+	diff=0/7481	no_auto_possess	
Z04918	yes	(?:[ab]{3}(?:(?![a-z])y|z)y)+	diff=0/7481	no_auto_possess	
Z04919	yes	(?:[ab]{3}(?:(?!\w)y|z)y)+	diff=0/7481	no_auto_possess	
Z04920	yes	(?:[ab]{3}(?:(?!\W)y|z)y)+	diff=0/7481	no_auto_possess	
Z04921	yes	[ab]{3}(?:(?=@)[ab])+	diff=0/7481	no_auto_possess	
Z04922	yes	[ab]{3}(?:(?=[\d.])[ab])+	diff=0/7481	no_auto_possess	
Z04923	yes	[ab]{3}(?:(?=[ab])[ab])+	diff=0/7481	no_auto_possess	
Z04924	yes	[ab]{3}(?:(?=[a-z])[ab])+	diff=0/7481	no_auto_possess	
Z04925	yes	[ab]{3}(?:(?=\w)[ab])+	diff=0/7481	no_auto_possess	
Z04926	yes	[ab]{3}(?:(?=\W)[ab])+	diff=0/7481	no_auto_possess	
Z04927	yes	x[ab]{3}(?:(?=@)[ab])+	diff=0/7481	no_auto_possess	
Z04928	yes	x[ab]{3}(?:(?=[\d.])[ab])+	diff=0/7481	no_auto_possess	
Z04929	yes	x[ab]{3}(?:(?=[ab])[ab])+	diff=0/7481	no_auto_possess	
Z04930	yes	x[ab]{3}(?:(?=[a-z])[ab])+	diff=0/7481	no_auto_possess	
Z04931	yes	x[ab]{3}(?:(?=\w)[ab])+	diff=0/7481	no_auto_possess	
Z04932	yes	x[ab]{3}(?:(?=\W)[ab])+	diff=0/7481	no_auto_possess	
Z04933	yes	[ab]{3}(?:(?=@)[ab])+$	diff=0/7481	no_auto_possess	
Z04934	yes	[ab]{3}(?:(?=[\d.])[ab])+$	diff=0/7481	no_auto_possess	
Z04935	yes	[ab]{3}(?:(?=[ab])[ab])+$	diff=0/7481	no_auto_possess	
Z04936	yes	[ab]{3}(?:(?=[a-z])[ab])+$	diff=0/7481	no_auto_possess	
Z04937	yes	[ab]{3}(?:(?=\w)[ab])+$	diff=0/7481	no_auto_possess	
Z04938	yes	[ab]{3}(?:(?=\W)[ab])+$	diff=0/7481	no_auto_possess	
Z04939	yes	(?:[ab]{3}(?:(?=@)[ab])+y)+	diff=0/7481	no_auto_possess	
Z04940	yes	(?:[ab]{3}(?:(?=[\d.])[ab])+y)+	diff=0/7481	no_auto_possess	
Z04941	yes	(?:[ab]{3}(?:(?=[ab])[ab])+y)+	diff=0/7481	no_auto_possess	
Z04942	yes	(?:[ab]{3}(?:(?=[a-z])[ab])+y)+	diff=0/7481	no_auto_possess	
Z04943	yes	(?:[ab]{3}(?:(?=\w)[ab])+y)+	diff=0/7481	no_auto_possess	
Z04944	yes	(?:[ab]{3}(?:(?=\W)[ab])+y)+	diff=0/7481	no_auto_possess	
Z04945	yes	[ab]{3}(?<=@)	diff=0/7481	no_auto_possess	
Z04946	yes	[ab]{3}(?<=[\d.])	diff=0/7481	no_auto_possess	
Z04947	yes	[ab]{3}(?<=[ab])	diff=0/7481	no_auto_possess	
Z04948	yes	[ab]{3}(?<=[a-z])	diff=0/7481	no_auto_possess	
Z04949	yes	[ab]{3}(?<=\w)	diff=0/7481	no_auto_possess	
Z04950	yes	[ab]{3}(?<=\W)	diff=0/7481	no_auto_possess	
Z04951	yes	x[ab]{3}(?<=@)	diff=0/7481	no_auto_possess	
Z04952	yes	x[ab]{3}(?<=[\d.])	diff=0/7481	no_auto_possess	
Z04953	yes	x[ab]{3}(?<=[ab])	diff=0/7481	no_auto_possess	
Z04954	yes	x[ab]{3}(?<=[a-z])	diff=0/7481	no_auto_possess	
Z04955	yes	x[ab]{3}(?<=\w)	diff=0/7481	no_auto_possess	
Z04956	yes	x[ab]{3}(?<=\W)	diff=0/7481	no_auto_possess	
Z04957	yes	[ab]{3}(?<=@)$	diff=0/7481	no_auto_possess	
Z04958	yes	[ab]{3}(?<=[\d.])$	diff=0/7481	no_auto_possess	
Z04959	yes	[ab]{3}(?<=[ab])$	diff=0/7481	no_auto_possess	
Z04960	yes	[ab]{3}(?<=[a-z])$	diff=0/7481	no_auto_possess	
Z04961	yes	[ab]{3}(?<=\w)$	diff=0/7481	no_auto_possess	
Z04962	yes	[ab]{3}(?<=\W)$	diff=0/7481	no_auto_possess	
Z04963	yes	(?:[ab]{3}(?<=@)y)+	diff=0/7481	no_auto_possess	
Z04964	yes	(?:[ab]{3}(?<=[\d.])y)+	diff=0/7481	no_auto_possess	
Z04965	yes	(?:[ab]{3}(?<=[ab])y)+	diff=0/7481	no_auto_possess	
Z04966	yes	(?:[ab]{3}(?<=[a-z])y)+	diff=0/7481	no_auto_possess	
Z04967	yes	(?:[ab]{3}(?<=\w)y)+	diff=0/7481	no_auto_possess	
Z04968	yes	(?:[ab]{3}(?<=\W)y)+	diff=0/7481	no_auto_possess	
Z04969	yes	[ab]{3}(?<!@)	diff=0/7481	no_auto_possess	
Z04970	yes	[ab]{3}(?<![\d.])	diff=0/7481	no_auto_possess	
Z04971	yes	[ab]{3}(?<![ab])	diff=0/7481	no_auto_possess	
Z04972	yes	[ab]{3}(?<![a-z])	diff=0/7481	no_auto_possess	
Z04973	yes	[ab]{3}(?<!\w)	diff=0/7481	no_auto_possess	
Z04974	yes	[ab]{3}(?<!\W)	diff=0/7481	no_auto_possess	
Z04975	yes	x[ab]{3}(?<!@)	diff=0/7481	no_auto_possess	
Z04976	yes	x[ab]{3}(?<![\d.])	diff=0/7481	no_auto_possess	
Z04977	yes	x[ab]{3}(?<![ab])	diff=0/7481	no_auto_possess	
Z04978	yes	x[ab]{3}(?<![a-z])	diff=0/7481	no_auto_possess	
Z04979	yes	x[ab]{3}(?<!\w)	diff=0/7481	no_auto_possess	
Z04980	yes	x[ab]{3}(?<!\W)	diff=0/7481	no_auto_possess	
Z04981	yes	[ab]{3}(?<!@)$	diff=0/7481	no_auto_possess	
Z04982	yes	[ab]{3}(?<![\d.])$	diff=0/7481	no_auto_possess	
Z04983	yes	[ab]{3}(?<![ab])$	diff=0/7481	no_auto_possess	
Z04984	yes	[ab]{3}(?<![a-z])$	diff=0/7481	no_auto_possess	
Z04985	yes	[ab]{3}(?<!\w)$	diff=0/7481	no_auto_possess	
Z04986	yes	[ab]{3}(?<!\W)$	diff=0/7481	no_auto_possess	
Z04987	yes	(?:[ab]{3}(?<!@)y)+	diff=0/7481	no_auto_possess	
Z04988	yes	(?:[ab]{3}(?<![\d.])y)+	diff=0/7481	no_auto_possess	
Z04989	yes	(?:[ab]{3}(?<![ab])y)+	diff=0/7481	no_auto_possess	
Z04990	yes	(?:[ab]{3}(?<![a-z])y)+	diff=0/7481	no_auto_possess	
Z04991	yes	(?:[ab]{3}(?<!\w)y)+	diff=0/7481	no_auto_possess	
Z04992	yes	(?:[ab]{3}(?<!\W)y)+	diff=0/7481	no_auto_possess	
Z04993	yes	[ab]{3}(?:(?=@)|)	diff=0/7481	no_auto_possess	
Z04994	yes	[ab]{3}(?:(?=[\d.])|)	diff=0/7481	no_auto_possess	
Z04995	yes	[ab]{3}(?:(?=[ab])|)	diff=0/7481	no_auto_possess	
Z04996	yes	[ab]{3}(?:(?=[a-z])|)	diff=0/7481	no_auto_possess	
Z04997	yes	[ab]{3}(?:(?=\w)|)	diff=0/7481	no_auto_possess	
Z04998	yes	[ab]{3}(?:(?=\W)|)	diff=0/7481	no_auto_possess	
Z04999	yes	x[ab]{3}(?:(?=@)|)	diff=0/7481	no_auto_possess	
Z05000	yes	x[ab]{3}(?:(?=[\d.])|)	diff=0/7481	no_auto_possess	
Z05001	yes	x[ab]{3}(?:(?=[ab])|)	diff=0/7481	no_auto_possess	
Z05002	yes	x[ab]{3}(?:(?=[a-z])|)	diff=0/7481	no_auto_possess	
Z05003	yes	x[ab]{3}(?:(?=\w)|)	diff=0/7481	no_auto_possess	
Z05004	yes	x[ab]{3}(?:(?=\W)|)	diff=0/7481	no_auto_possess	
Z05005	yes	[ab]{3}(?:(?=@)|)$	diff=0/7481	no_auto_possess	
Z05006	yes	[ab]{3}(?:(?=[\d.])|)$	diff=0/7481	no_auto_possess	
Z05007	yes	[ab]{3}(?:(?=[ab])|)$	diff=0/7481	no_auto_possess	
Z05008	yes	[ab]{3}(?:(?=[a-z])|)$	diff=0/7481	no_auto_possess	
Z05009	yes	[ab]{3}(?:(?=\w)|)$	diff=0/7481	no_auto_possess	
Z05010	yes	[ab]{3}(?:(?=\W)|)$	diff=0/7481	no_auto_possess	
Z05011	yes	(?:[ab]{3}(?:(?=@)|)y)+	diff=0/7481	no_auto_possess	
Z05012	yes	(?:[ab]{3}(?:(?=[\d.])|)y)+	diff=0/7481	no_auto_possess	
Z05013	yes	(?:[ab]{3}(?:(?=[ab])|)y)+	diff=0/7481	no_auto_possess	
Z05014	yes	(?:[ab]{3}(?:(?=[a-z])|)y)+	diff=0/7481	no_auto_possess	
Z05015	yes	(?:[ab]{3}(?:(?=\w)|)y)+	diff=0/7481	no_auto_possess	
Z05016	yes	(?:[ab]{3}(?:(?=\W)|)y)+	diff=0/7481	no_auto_possess	
Z05017	yes	[ab]{3}(?:(?!@)|)	diff=0/7481	no_auto_possess	
Z05018	yes	[ab]{3}(?:(?![\d.])|)	diff=0/7481	no_auto_possess	
Z05019	yes	[ab]{3}(?:(?![ab])|)	diff=0/7481	no_auto_possess	
Z05020	yes	[ab]{3}(?:(?![a-z])|)	diff=0/7481	no_auto_possess	
Z05021	yes	[ab]{3}(?:(?!\w)|)	diff=0/7481	no_auto_possess	
Z05022	yes	[ab]{3}(?:(?!\W)|)	diff=0/7481	no_auto_possess	
Z05023	yes	x[ab]{3}(?:(?!@)|)	diff=0/7481	no_auto_possess	
Z05024	yes	x[ab]{3}(?:(?![\d.])|)	diff=0/7481	no_auto_possess	
Z05025	yes	x[ab]{3}(?:(?![ab])|)	diff=0/7481	no_auto_possess	
Z05026	yes	x[ab]{3}(?:(?![a-z])|)	diff=0/7481	no_auto_possess	
Z05027	yes	x[ab]{3}(?:(?!\w)|)	diff=0/7481	no_auto_possess	
Z05028	yes	x[ab]{3}(?:(?!\W)|)	diff=0/7481	no_auto_possess	
Z05029	yes	[ab]{3}(?:(?!@)|)$	diff=0/7481	no_auto_possess	
Z05030	yes	[ab]{3}(?:(?![\d.])|)$	diff=0/7481	no_auto_possess	
Z05031	yes	[ab]{3}(?:(?![ab])|)$	diff=0/7481	no_auto_possess	
Z05032	yes	[ab]{3}(?:(?![a-z])|)$	diff=0/7481	no_auto_possess	
Z05033	yes	[ab]{3}(?:(?!\w)|)$	diff=0/7481	no_auto_possess	
Z05034	yes	[ab]{3}(?:(?!\W)|)$	diff=0/7481	no_auto_possess	
Z05035	yes	(?:[ab]{3}(?:(?!@)|)y)+	diff=0/7481	no_auto_possess	
Z05036	yes	(?:[ab]{3}(?:(?![\d.])|)y)+	diff=0/7481	no_auto_possess	
Z05037	yes	(?:[ab]{3}(?:(?![ab])|)y)+	diff=0/7481	no_auto_possess	
Z05038	yes	(?:[ab]{3}(?:(?![a-z])|)y)+	diff=0/7481	no_auto_possess	
Z05039	yes	(?:[ab]{3}(?:(?!\w)|)y)+	diff=0/7481	no_auto_possess	
Z05040	yes	(?:[ab]{3}(?:(?!\W)|)y)+	diff=0/7481	no_auto_possess	
Z05041	yes	[ab]+?(?=@)	diff=0/7481	no_auto_possess	
Z05042	yes	[ab]+?(?=[\d.])	diff=0/7481	no_auto_possess	
Z05046	yes	[ab]+?(?=\W)	diff=0/7481	no_auto_possess	
Z05047	yes	x[ab]+?(?=@)	diff=0/7481	no_auto_possess	
Z05048	yes	x[ab]+?(?=[\d.])	diff=0/7481	no_auto_possess	
Z05052	yes	x[ab]+?(?=\W)	diff=0/7481	no_auto_possess	
Z05053	yes	[ab]+?(?=@)$	diff=0/7481	no_auto_possess	
Z05054	yes	[ab]+?(?=[\d.])$	diff=0/7481	no_auto_possess	
Z05058	yes	[ab]+?(?=\W)$	diff=0/7481	no_auto_possess	
Z05067	yes	[ab]+?(?![ab])	diff=0/7481	no_auto_possess	
Z05068	yes	[ab]+?(?![a-z])	diff=0/7481	no_auto_possess	
Z05069	yes	[ab]+?(?!\w)	diff=0/7481	no_auto_possess	
Z05073	yes	x[ab]+?(?![ab])	diff=0/7481	no_auto_possess	
Z05074	yes	x[ab]+?(?![a-z])	diff=0/7481	no_auto_possess	
Z05075	yes	x[ab]+?(?!\w)	diff=0/7481	no_auto_possess	
Z05079	yes	[ab]+?(?![ab])$	diff=0/7481	no_auto_possess	
Z05080	yes	[ab]+?(?![a-z])$	diff=0/7481	no_auto_possess	
Z05081	yes	[ab]+?(?!\w)$	diff=0/7481	no_auto_possess	
Z05089	yes	[ab]+?(?=@)y	diff=0/7481	no_auto_possess	
Z05090	yes	[ab]+?(?=[\d.])y	diff=0/7481	no_auto_possess	
Z05094	yes	[ab]+?(?=\W)y	diff=0/7481	no_auto_possess	
Z05095	yes	x[ab]+?(?=@)y	diff=0/7481	no_auto_possess	
Z05096	yes	x[ab]+?(?=[\d.])y	diff=0/7481	no_auto_possess	
Z05100	yes	x[ab]+?(?=\W)y	diff=0/7481	no_auto_possess	
Z05101	yes	[ab]+?(?=@)y$	diff=0/7481	no_auto_possess	
Z05102	yes	[ab]+?(?=[\d.])y$	diff=0/7481	no_auto_possess	
Z05106	yes	[ab]+?(?=\W)y$	diff=0/7481	no_auto_possess	
Z05113	yes	[ab]+?(?:(?=@)|y)	diff=0/7481	no_auto_possess	
Z05114	yes	[ab]+?(?:(?=[\d.])|y)	diff=0/7481	no_auto_possess	
Z05118	yes	[ab]+?(?:(?=\W)|y)	diff=0/7481	no_auto_possess	
Z05119	yes	x[ab]+?(?:(?=@)|y)	diff=0/7481	no_auto_possess	
Z05120	yes	x[ab]+?(?:(?=[\d.])|y)	diff=0/7481	no_auto_possess	
Z05124	yes	x[ab]+?(?:(?=\W)|y)	diff=0/7481	no_auto_possess	
Z05125	yes	[ab]+?(?:(?=@)|y)$	diff=0/7481	no_auto_possess	
Z05126	yes	[ab]+?(?:(?=[\d.])|y)$	diff=0/7481	no_auto_possess	
Z05130	yes	[ab]+?(?:(?=\W)|y)$	diff=0/7481	no_auto_possess	
Z05139	yes	[ab]+?(?:(?![ab])y|z)	diff=0/7481	no_auto_possess	
Z05140	yes	[ab]+?(?:(?![a-z])y|z)	diff=0/7481	no_auto_possess	
Z05141	yes	[ab]+?(?:(?!\w)y|z)	diff=0/7481	no_auto_possess	
Z05145	yes	x[ab]+?(?:(?![ab])y|z)	diff=0/7481	no_auto_possess	
Z05146	yes	x[ab]+?(?:(?![a-z])y|z)	diff=0/7481	no_auto_possess	
Z05147	yes	x[ab]+?(?:(?!\w)y|z)	diff=0/7481	no_auto_possess	
Z05151	yes	[ab]+?(?:(?![ab])y|z)$	diff=0/7481	no_auto_possess	
Z05152	yes	[ab]+?(?:(?![a-z])y|z)$	diff=0/7481	no_auto_possess	
Z05153	yes	[ab]+?(?:(?!\w)y|z)$	diff=0/7481	no_auto_possess	
Z05161	yes	[ab]+?(?:(?=@)[ab])+	diff=0/7481	no_auto_possess	
Z05162	yes	[ab]+?(?:(?=[\d.])[ab])+	diff=0/7481	no_auto_possess	
Z05166	yes	[ab]+?(?:(?=\W)[ab])+	diff=0/7481	no_auto_possess	
Z05167	yes	x[ab]+?(?:(?=@)[ab])+	diff=0/7481	no_auto_possess	
Z05168	yes	x[ab]+?(?:(?=[\d.])[ab])+	diff=0/7481	no_auto_possess	
Z05172	yes	x[ab]+?(?:(?=\W)[ab])+	diff=0/7481	no_auto_possess	
Z05173	yes	[ab]+?(?:(?=@)[ab])+$	diff=0/7481	no_auto_possess	
Z05174	yes	[ab]+?(?:(?=[\d.])[ab])+$	diff=0/7481	no_auto_possess	
Z05178	yes	[ab]+?(?:(?=\W)[ab])+$	diff=0/7481	no_auto_possess	
Z05281	yes	[ab]*?(?=@)	diff=0/7481	no_auto_possess	
Z05282	yes	[ab]*?(?=[\d.])	diff=0/7481	no_auto_possess	
Z05286	yes	[ab]*?(?=\W)	diff=0/7481	no_auto_possess	
Z05287	yes	x[ab]*?(?=@)	diff=0/7481	no_auto_possess	
Z05288	yes	x[ab]*?(?=[\d.])	diff=0/7481	no_auto_possess	
Z05292	yes	x[ab]*?(?=\W)	diff=0/7481	no_auto_possess	
Z05293	yes	[ab]*?(?=@)$	diff=0/7481	no_auto_possess	
Z05294	yes	[ab]*?(?=[\d.])$	diff=0/7481	no_auto_possess	
Z05298	yes	[ab]*?(?=\W)$	diff=0/7481	no_auto_possess	
Z05307	yes	[ab]*?(?![ab])	diff=0/7481	no_auto_possess	
Z05308	yes	[ab]*?(?![a-z])	diff=0/7481	no_auto_possess	
Z05309	yes	[ab]*?(?!\w)	diff=0/7481	no_auto_possess	
Z05313	yes	x[ab]*?(?![ab])	diff=0/7481	no_auto_possess	
Z05314	yes	x[ab]*?(?![a-z])	diff=0/7481	no_auto_possess	
Z05315	yes	x[ab]*?(?!\w)	diff=0/7481	no_auto_possess	
Z05319	yes	[ab]*?(?![ab])$	diff=0/7481	no_auto_possess	
Z05320	yes	[ab]*?(?![a-z])$	diff=0/7481	no_auto_possess	
Z05321	yes	[ab]*?(?!\w)$	diff=0/7481	no_auto_possess	
Z05329	yes	[ab]*?(?=@)y	diff=0/7481	no_auto_possess	
Z05330	yes	[ab]*?(?=[\d.])y	diff=0/7481	no_auto_possess	
Z05334	yes	[ab]*?(?=\W)y	diff=0/7481	no_auto_possess	
Z05335	yes	x[ab]*?(?=@)y	diff=0/7481	no_auto_possess	
Z05336	yes	x[ab]*?(?=[\d.])y	diff=0/7481	no_auto_possess	
Z05340	yes	x[ab]*?(?=\W)y	diff=0/7481	no_auto_possess	
Z05341	yes	[ab]*?(?=@)y$	diff=0/7481	no_auto_possess	
Z05342	yes	[ab]*?(?=[\d.])y$	diff=0/7481	no_auto_possess	
Z05346	yes	[ab]*?(?=\W)y$	diff=0/7481	no_auto_possess	
Z05353	yes	[ab]*?(?:(?=@)|y)	diff=0/7481	no_auto_possess	
Z05354	yes	[ab]*?(?:(?=[\d.])|y)	diff=0/7481	no_auto_possess	
Z05358	yes	[ab]*?(?:(?=\W)|y)	diff=0/7481	no_auto_possess	
Z05359	yes	x[ab]*?(?:(?=@)|y)	diff=0/7481	no_auto_possess	
Z05360	yes	x[ab]*?(?:(?=[\d.])|y)	diff=0/7481	no_auto_possess	
Z05364	yes	x[ab]*?(?:(?=\W)|y)	diff=0/7481	no_auto_possess	
Z05365	yes	[ab]*?(?:(?=@)|y)$	diff=0/7481	no_auto_possess	
Z05366	yes	[ab]*?(?:(?=[\d.])|y)$	diff=0/7481	no_auto_possess	
Z05370	yes	[ab]*?(?:(?=\W)|y)$	diff=0/7481	no_auto_possess	
Z05379	yes	[ab]*?(?:(?![ab])y|z)	diff=0/7481	no_auto_possess	
Z05380	yes	[ab]*?(?:(?![a-z])y|z)	diff=0/7481	no_auto_possess	
Z05381	yes	[ab]*?(?:(?!\w)y|z)	diff=0/7481	no_auto_possess	
Z05385	yes	x[ab]*?(?:(?![ab])y|z)	diff=0/7481	no_auto_possess	
Z05386	yes	x[ab]*?(?:(?![a-z])y|z)	diff=0/7481	no_auto_possess	
Z05387	yes	x[ab]*?(?:(?!\w)y|z)	diff=0/7481	no_auto_possess	
Z05391	yes	[ab]*?(?:(?![ab])y|z)$	diff=0/7481	no_auto_possess	
Z05392	yes	[ab]*?(?:(?![a-z])y|z)$	diff=0/7481	no_auto_possess	
Z05393	yes	[ab]*?(?:(?!\w)y|z)$	diff=0/7481	no_auto_possess	
Z05401	yes	[ab]*?(?:(?=@)[ab])+	diff=0/7481	no_auto_possess	
Z05402	yes	[ab]*?(?:(?=[\d.])[ab])+	diff=0/7481	no_auto_possess	
Z05406	yes	[ab]*?(?:(?=\W)[ab])+	diff=0/7481	no_auto_possess	
Z05407	yes	x[ab]*?(?:(?=@)[ab])+	diff=0/7481	no_auto_possess	
Z05408	yes	x[ab]*?(?:(?=[\d.])[ab])+	diff=0/7481	no_auto_possess	
Z05412	yes	x[ab]*?(?:(?=\W)[ab])+	diff=0/7481	no_auto_possess	
Z05413	yes	[ab]*?(?:(?=@)[ab])+$	diff=0/7481	no_auto_possess	
Z05414	yes	[ab]*?(?:(?=[\d.])[ab])+$	diff=0/7481	no_auto_possess	
Z05418	yes	[ab]*?(?:(?=\W)[ab])+$	diff=0/7481	no_auto_possess	
Z05521	yes	[ab]{2,4}?(?=@)	diff=0/7481	no_auto_possess	
Z05522	yes	[ab]{2,4}?(?=[\d.])	diff=0/7481	no_auto_possess	
Z05526	yes	[ab]{2,4}?(?=\W)	diff=0/7481	no_auto_possess	
Z05527	yes	x[ab]{2,4}?(?=@)	diff=0/7481	no_auto_possess	
Z05528	yes	x[ab]{2,4}?(?=[\d.])	diff=0/7481	no_auto_possess	
Z05532	yes	x[ab]{2,4}?(?=\W)	diff=0/7481	no_auto_possess	
Z05533	yes	[ab]{2,4}?(?=@)$	diff=0/7481	no_auto_possess	
Z05534	yes	[ab]{2,4}?(?=[\d.])$	diff=0/7481	no_auto_possess	
Z05538	yes	[ab]{2,4}?(?=\W)$	diff=0/7481	no_auto_possess	
Z05547	yes	[ab]{2,4}?(?![ab])	diff=0/7481	no_auto_possess	
Z05548	yes	[ab]{2,4}?(?![a-z])	diff=0/7481	no_auto_possess	
Z05549	yes	[ab]{2,4}?(?!\w)	diff=0/7481	no_auto_possess	
Z05553	yes	x[ab]{2,4}?(?![ab])	diff=0/7481	no_auto_possess	
Z05554	yes	x[ab]{2,4}?(?![a-z])	diff=0/7481	no_auto_possess	
Z05555	yes	x[ab]{2,4}?(?!\w)	diff=0/7481	no_auto_possess	
Z05559	yes	[ab]{2,4}?(?![ab])$	diff=0/7481	no_auto_possess	
Z05560	yes	[ab]{2,4}?(?![a-z])$	diff=0/7481	no_auto_possess	
Z05561	yes	[ab]{2,4}?(?!\w)$	diff=0/7481	no_auto_possess	
Z05569	yes	[ab]{2,4}?(?=@)y	diff=0/7481	no_auto_possess	
Z05570	yes	[ab]{2,4}?(?=[\d.])y	diff=0/7481	no_auto_possess	
Z05574	yes	[ab]{2,4}?(?=\W)y	diff=0/7481	no_auto_possess	
Z05575	yes	x[ab]{2,4}?(?=@)y	diff=0/7481	no_auto_possess	
Z05576	yes	x[ab]{2,4}?(?=[\d.])y	diff=0/7481	no_auto_possess	
Z05580	yes	x[ab]{2,4}?(?=\W)y	diff=0/7481	no_auto_possess	
Z05581	yes	[ab]{2,4}?(?=@)y$	diff=0/7481	no_auto_possess	
Z05582	yes	[ab]{2,4}?(?=[\d.])y$	diff=0/7481	no_auto_possess	
Z05586	yes	[ab]{2,4}?(?=\W)y$	diff=0/7481	no_auto_possess	
Z05593	yes	[ab]{2,4}?(?:(?=@)|y)	diff=0/7481	no_auto_possess	
Z05594	yes	[ab]{2,4}?(?:(?=[\d.])|y)	diff=0/7481	no_auto_possess	
Z05598	yes	[ab]{2,4}?(?:(?=\W)|y)	diff=0/7481	no_auto_possess	
Z05599	yes	x[ab]{2,4}?(?:(?=@)|y)	diff=0/7481	no_auto_possess	
Z05600	yes	x[ab]{2,4}?(?:(?=[\d.])|y)	diff=0/7481	no_auto_possess	
Z05604	yes	x[ab]{2,4}?(?:(?=\W)|y)	diff=0/7481	no_auto_possess	
Z05605	yes	[ab]{2,4}?(?:(?=@)|y)$	diff=0/7481	no_auto_possess	
Z05606	yes	[ab]{2,4}?(?:(?=[\d.])|y)$	diff=0/7481	no_auto_possess	
Z05610	yes	[ab]{2,4}?(?:(?=\W)|y)$	diff=0/7481	no_auto_possess	
Z05619	yes	[ab]{2,4}?(?:(?![ab])y|z)	diff=0/7481	no_auto_possess	
Z05620	yes	[ab]{2,4}?(?:(?![a-z])y|z)	diff=0/7481	no_auto_possess	
Z05621	yes	[ab]{2,4}?(?:(?!\w)y|z)	diff=0/7481	no_auto_possess	
Z05625	yes	x[ab]{2,4}?(?:(?![ab])y|z)	diff=0/7481	no_auto_possess	
Z05626	yes	x[ab]{2,4}?(?:(?![a-z])y|z)	diff=0/7481	no_auto_possess	
Z05627	yes	x[ab]{2,4}?(?:(?!\w)y|z)	diff=0/7481	no_auto_possess	
Z05631	yes	[ab]{2,4}?(?:(?![ab])y|z)$	diff=0/7481	no_auto_possess	
Z05632	yes	[ab]{2,4}?(?:(?![a-z])y|z)$	diff=0/7481	no_auto_possess	
Z05633	yes	[ab]{2,4}?(?:(?!\w)y|z)$	diff=0/7481	no_auto_possess	
Z05641	yes	[ab]{2,4}?(?:(?=@)[ab])+	diff=0/7481	no_auto_possess	
Z05642	yes	[ab]{2,4}?(?:(?=[\d.])[ab])+	diff=0/7481	no_auto_possess	
Z05646	yes	[ab]{2,4}?(?:(?=\W)[ab])+	diff=0/7481	no_auto_possess	
Z05647	yes	x[ab]{2,4}?(?:(?=@)[ab])+	diff=0/7481	no_auto_possess	
Z05648	yes	x[ab]{2,4}?(?:(?=[\d.])[ab])+	diff=0/7481	no_auto_possess	
Z05652	yes	x[ab]{2,4}?(?:(?=\W)[ab])+	diff=0/7481	no_auto_possess	
Z05653	yes	[ab]{2,4}?(?:(?=@)[ab])+$	diff=0/7481	no_auto_possess	
Z05654	yes	[ab]{2,4}?(?:(?=[\d.])[ab])+$	diff=0/7481	no_auto_possess	
Z05658	yes	[ab]{2,4}?(?:(?=\W)[ab])+$	diff=0/7481	no_auto_possess	
Z05761	yes	a+(?=@)	diff=0/7481	no_auto_possess	
Z05762	yes	a+(?=[\d.])	diff=0/7481	no_auto_possess	
Z05766	yes	a+(?=\W)	diff=0/7481	no_auto_possess	
Z05767	yes	xa+(?=@)	diff=0/7481	no_auto_possess	
Z05768	yes	xa+(?=[\d.])	diff=0/7481	no_auto_possess	
Z05772	yes	xa+(?=\W)	diff=0/7481	no_auto_possess	
Z05773	yes	a+(?=@)$	diff=0/7481	no_auto_possess	
Z05774	yes	a+(?=[\d.])$	diff=0/7481	no_auto_possess	
Z05778	yes	a+(?=\W)$	diff=0/7481	no_auto_possess	
Z05787	yes	a+(?![ab])	diff=0/7481	no_auto_possess	
Z05788	yes	a+(?![a-z])	diff=0/7481	no_auto_possess	
Z05789	yes	a+(?!\w)	diff=0/7481	no_auto_possess	
Z05793	yes	xa+(?![ab])	diff=0/7481	no_auto_possess	
Z05794	yes	xa+(?![a-z])	diff=0/7481	no_auto_possess	
Z05795	yes	xa+(?!\w)	diff=0/7481	no_auto_possess	
Z05799	yes	a+(?![ab])$	diff=0/7481	no_auto_possess	
Z05800	yes	a+(?![a-z])$	diff=0/7481	no_auto_possess	
Z05801	yes	a+(?!\w)$	diff=0/7481	no_auto_possess	
Z05809	yes	a+(?=@)y	diff=0/7481	no_auto_possess	
Z05810	yes	a+(?=[\d.])y	diff=0/7481	no_auto_possess	
Z05814	yes	a+(?=\W)y	diff=0/7481	no_auto_possess	
Z05815	yes	xa+(?=@)y	diff=0/7481	no_auto_possess	
Z05816	yes	xa+(?=[\d.])y	diff=0/7481	no_auto_possess	
Z05820	yes	xa+(?=\W)y	diff=0/7481	no_auto_possess	
Z05821	yes	a+(?=@)y$	diff=0/7481	no_auto_possess	
Z05822	yes	a+(?=[\d.])y$	diff=0/7481	no_auto_possess	
Z05826	yes	a+(?=\W)y$	diff=0/7481	no_auto_possess	
Z05833	yes	a+(?:(?=@)|y)	diff=0/7481	no_auto_possess	
Z05834	yes	a+(?:(?=[\d.])|y)	diff=0/7481	no_auto_possess	
Z05838	yes	a+(?:(?=\W)|y)	diff=0/7481	no_auto_possess	
Z05839	yes	xa+(?:(?=@)|y)	diff=0/7481	no_auto_possess	
Z05840	yes	xa+(?:(?=[\d.])|y)	diff=0/7481	no_auto_possess	
Z05844	yes	xa+(?:(?=\W)|y)	diff=0/7481	no_auto_possess	
Z05845	yes	a+(?:(?=@)|y)$	diff=0/7481	no_auto_possess	
Z05846	yes	a+(?:(?=[\d.])|y)$	diff=0/7481	no_auto_possess	
Z05850	yes	a+(?:(?=\W)|y)$	diff=0/7481	no_auto_possess	
Z05859	yes	a+(?:(?![ab])y|z)	diff=0/7481	no_auto_possess	
Z05860	yes	a+(?:(?![a-z])y|z)	diff=0/7481	no_auto_possess	
Z05861	yes	a+(?:(?!\w)y|z)	diff=0/7481	no_auto_possess	
Z05865	yes	xa+(?:(?![ab])y|z)	diff=0/7481	no_auto_possess	
Z05866	yes	xa+(?:(?![a-z])y|z)	diff=0/7481	no_auto_possess	
Z05867	yes	xa+(?:(?!\w)y|z)	diff=0/7481	no_auto_possess	
Z05871	yes	a+(?:(?![ab])y|z)$	diff=0/7481	no_auto_possess	
Z05872	yes	a+(?:(?![a-z])y|z)$	diff=0/7481	no_auto_possess	
Z05873	yes	a+(?:(?!\w)y|z)$	diff=0/7481	no_auto_possess	
Z05881	yes	a+(?:(?=@)[ab])+	diff=0/7481	no_auto_possess	
Z05882	yes	a+(?:(?=[\d.])[ab])+	diff=0/7481	no_auto_possess	
Z05886	yes	a+(?:(?=\W)[ab])+	diff=0/7481	no_auto_possess	
Z05887	yes	xa+(?:(?=@)[ab])+	diff=0/7481	no_auto_possess	
Z05888	yes	xa+(?:(?=[\d.])[ab])+	diff=0/7481	no_auto_possess	
Z05892	yes	xa+(?:(?=\W)[ab])+	diff=0/7481	no_auto_possess	
Z05893	yes	a+(?:(?=@)[ab])+$	diff=0/7481	no_auto_possess	
Z05894	yes	a+(?:(?=[\d.])[ab])+$	diff=0/7481	no_auto_possess	
Z05898	yes	a+(?:(?=\W)[ab])+$	diff=0/7481	no_auto_possess	
Z05905	yes	a+(?<=@)	diff=0/7481	no_auto_possess	
Z05906	yes	a+(?<=[\d.])	diff=0/7481	no_auto_possess	
Z05910	yes	a+(?<=\W)	diff=0/7481	no_auto_possess	
Z05911	yes	xa+(?<=@)	diff=0/7481	no_auto_possess	
Z05912	yes	xa+(?<=[\d.])	diff=0/7481	no_auto_possess	
Z05916	yes	xa+(?<=\W)	diff=0/7481	no_auto_possess	
Z05917	yes	a+(?<=@)$	diff=0/7481	no_auto_possess	
Z05918	yes	a+(?<=[\d.])$	diff=0/7481	no_auto_possess	
Z05922	yes	a+(?<=\W)$	diff=0/7481	no_auto_possess	
Z05931	yes	a+(?<![ab])	diff=0/7481	no_auto_possess	
Z05932	yes	a+(?<![a-z])	diff=0/7481	no_auto_possess	
Z05933	yes	a+(?<!\w)	diff=0/7481	no_auto_possess	
Z05937	yes	xa+(?<![ab])	diff=0/7481	no_auto_possess	
Z05938	yes	xa+(?<![a-z])	diff=0/7481	no_auto_possess	
Z05939	yes	xa+(?<!\w)	diff=0/7481	no_auto_possess	
Z05943	yes	a+(?<![ab])$	diff=0/7481	no_auto_possess	
Z05944	yes	a+(?<![a-z])$	diff=0/7481	no_auto_possess	
Z05945	yes	a+(?<!\w)$	diff=0/7481	no_auto_possess	
Z05953	yes	a+(?:(?=@)|)	diff=0/7481	no_auto_possess	
Z05954	yes	a+(?:(?=[\d.])|)	diff=0/7481	no_auto_possess	
Z05958	yes	a+(?:(?=\W)|)	diff=0/7481	no_auto_possess	
Z05959	yes	xa+(?:(?=@)|)	diff=0/7481	no_auto_possess	
Z05960	yes	xa+(?:(?=[\d.])|)	diff=0/7481	no_auto_possess	
Z05964	yes	xa+(?:(?=\W)|)	diff=0/7481	no_auto_possess	
Z05965	yes	a+(?:(?=@)|)$	diff=0/7481	no_auto_possess	
Z05966	yes	a+(?:(?=[\d.])|)$	diff=0/7481	no_auto_possess	
Z05970	yes	a+(?:(?=\W)|)$	diff=0/7481	no_auto_possess	
Z05979	yes	a+(?:(?![ab])|)	diff=0/7481	no_auto_possess	
Z05980	yes	a+(?:(?![a-z])|)	diff=0/7481	no_auto_possess	
Z05981	yes	a+(?:(?!\w)|)	diff=0/7481	no_auto_possess	
Z05985	yes	xa+(?:(?![ab])|)	diff=0/7481	no_auto_possess	
Z05986	yes	xa+(?:(?![a-z])|)	diff=0/7481	no_auto_possess	
Z05987	yes	xa+(?:(?!\w)|)	diff=0/7481	no_auto_possess	
Z05991	yes	a+(?:(?![ab])|)$	diff=0/7481	no_auto_possess	
Z05992	yes	a+(?:(?![a-z])|)$	diff=0/7481	no_auto_possess	
Z05993	yes	a+(?:(?!\w)|)$	diff=0/7481	no_auto_possess	
Z06001	yes	a*(?=@)	diff=0/7481	no_auto_possess	
Z06002	yes	a*(?=[\d.])	diff=0/7481	no_auto_possess	
Z06006	yes	a*(?=\W)	diff=0/7481	no_auto_possess	
Z06007	yes	xa*(?=@)	diff=0/7481	no_auto_possess	
Z06008	yes	xa*(?=[\d.])	diff=0/7481	no_auto_possess	
Z06012	yes	xa*(?=\W)	diff=0/7481	no_auto_possess	
Z06013	yes	a*(?=@)$	diff=0/7481	no_auto_possess	
Z06014	yes	a*(?=[\d.])$	diff=0/7481	no_auto_possess	
Z06018	yes	a*(?=\W)$	diff=0/7481	no_auto_possess	
Z06027	yes	a*(?![ab])	diff=0/7481	no_auto_possess	
Z06028	yes	a*(?![a-z])	diff=0/7481	no_auto_possess	
Z06029	yes	a*(?!\w)	diff=0/7481	no_auto_possess	
Z06033	yes	xa*(?![ab])	diff=0/7481	no_auto_possess	
Z06034	yes	xa*(?![a-z])	diff=0/7481	no_auto_possess	
Z06035	yes	xa*(?!\w)	diff=0/7481	no_auto_possess	
Z06039	yes	a*(?![ab])$	diff=0/7481	no_auto_possess	
Z06040	yes	a*(?![a-z])$	diff=0/7481	no_auto_possess	
Z06041	yes	a*(?!\w)$	diff=0/7481	no_auto_possess	
Z06049	yes	a*(?=@)y	diff=0/7481	no_auto_possess	
Z06050	yes	a*(?=[\d.])y	diff=0/7481	no_auto_possess	
Z06054	yes	a*(?=\W)y	diff=0/7481	no_auto_possess	
Z06055	yes	xa*(?=@)y	diff=0/7481	no_auto_possess	
Z06056	yes	xa*(?=[\d.])y	diff=0/7481	no_auto_possess	
Z06060	yes	xa*(?=\W)y	diff=0/7481	no_auto_possess	
Z06061	yes	a*(?=@)y$	diff=0/7481	no_auto_possess	
Z06062	yes	a*(?=[\d.])y$	diff=0/7481	no_auto_possess	
Z06066	yes	a*(?=\W)y$	diff=0/7481	no_auto_possess	
Z06073	yes	a*(?:(?=@)|y)	diff=0/7481	no_auto_possess	
Z06074	yes	a*(?:(?=[\d.])|y)	diff=0/7481	no_auto_possess	
Z06078	yes	a*(?:(?=\W)|y)	diff=0/7481	no_auto_possess	
Z06079	yes	xa*(?:(?=@)|y)	diff=0/7481	no_auto_possess	
Z06080	yes	xa*(?:(?=[\d.])|y)	diff=0/7481	no_auto_possess	
Z06084	yes	xa*(?:(?=\W)|y)	diff=0/7481	no_auto_possess	
Z06085	yes	a*(?:(?=@)|y)$	diff=0/7481	no_auto_possess	
Z06086	yes	a*(?:(?=[\d.])|y)$	diff=0/7481	no_auto_possess	
Z06090	yes	a*(?:(?=\W)|y)$	diff=0/7481	no_auto_possess	
Z06099	yes	a*(?:(?![ab])y|z)	diff=0/7481	no_auto_possess	
Z06100	yes	a*(?:(?![a-z])y|z)	diff=0/7481	no_auto_possess	
Z06101	yes	a*(?:(?!\w)y|z)	diff=0/7481	no_auto_possess	
Z06105	yes	xa*(?:(?![ab])y|z)	diff=0/7481	no_auto_possess	
Z06106	yes	xa*(?:(?![a-z])y|z)	diff=0/7481	no_auto_possess	
Z06107	yes	xa*(?:(?!\w)y|z)	diff=0/7481	no_auto_possess	
Z06111	yes	a*(?:(?![ab])y|z)$	diff=0/7481	no_auto_possess	
Z06112	yes	a*(?:(?![a-z])y|z)$	diff=0/7481	no_auto_possess	
Z06113	yes	a*(?:(?!\w)y|z)$	diff=0/7481	no_auto_possess	
Z06121	yes	a*(?:(?=@)[ab])+	diff=0/7481	no_auto_possess	
Z06122	yes	a*(?:(?=[\d.])[ab])+	diff=0/7481	no_auto_possess	
Z06126	yes	a*(?:(?=\W)[ab])+	diff=0/7481	no_auto_possess	
Z06127	yes	xa*(?:(?=@)[ab])+	diff=0/7481	no_auto_possess	
Z06128	yes	xa*(?:(?=[\d.])[ab])+	diff=0/7481	no_auto_possess	
Z06132	yes	xa*(?:(?=\W)[ab])+	diff=0/7481	no_auto_possess	
Z06133	yes	a*(?:(?=@)[ab])+$	diff=0/7481	no_auto_possess	
Z06134	yes	a*(?:(?=[\d.])[ab])+$	diff=0/7481	no_auto_possess	
Z06138	yes	a*(?:(?=\W)[ab])+$	diff=0/7481	no_auto_possess	
Z06193	yes	a*(?:(?=@)|)	diff=0/7481	no_auto_possess	
Z06194	yes	a*(?:(?=[\d.])|)	diff=0/7481	no_auto_possess	
Z06198	yes	a*(?:(?=\W)|)	diff=0/7481	no_auto_possess	
Z06199	yes	xa*(?:(?=@)|)	diff=0/7481	no_auto_possess	
Z06200	yes	xa*(?:(?=[\d.])|)	diff=0/7481	no_auto_possess	
Z06204	yes	xa*(?:(?=\W)|)	diff=0/7481	no_auto_possess	
Z06205	yes	a*(?:(?=@)|)$	diff=0/7481	no_auto_possess	
Z06206	yes	a*(?:(?=[\d.])|)$	diff=0/7481	no_auto_possess	
Z06210	yes	a*(?:(?=\W)|)$	diff=0/7481	no_auto_possess	
Z06219	yes	a*(?:(?![ab])|)	diff=0/7481	no_auto_possess	
Z06220	yes	a*(?:(?![a-z])|)	diff=0/7481	no_auto_possess	
Z06221	yes	a*(?:(?!\w)|)	diff=0/7481	no_auto_possess	
Z06225	yes	xa*(?:(?![ab])|)	diff=0/7481	no_auto_possess	
Z06226	yes	xa*(?:(?![a-z])|)	diff=0/7481	no_auto_possess	
Z06227	yes	xa*(?:(?!\w)|)	diff=0/7481	no_auto_possess	
Z06231	yes	a*(?:(?![ab])|)$	diff=0/7481	no_auto_possess	
Z06232	yes	a*(?:(?![a-z])|)$	diff=0/7481	no_auto_possess	
Z06233	yes	a*(?:(?!\w)|)$	diff=0/7481	no_auto_possess	
Z06241	yes	a?(?=@)	diff=0/7481	no_auto_possess	
Z06242	yes	a?(?=[\d.])	diff=0/7481	no_auto_possess	
Z06246	yes	a?(?=\W)	diff=0/7481	no_auto_possess	
Z06247	yes	xa?(?=@)	diff=0/7481	no_auto_possess	
Z06248	yes	xa?(?=[\d.])	diff=0/7481	no_auto_possess	
Z06252	yes	xa?(?=\W)	diff=0/7481	no_auto_possess	
Z06253	yes	a?(?=@)$	diff=0/7481	no_auto_possess	
Z06254	yes	a?(?=[\d.])$	diff=0/7481	no_auto_possess	
Z06258	yes	a?(?=\W)$	diff=0/7481	no_auto_possess	
Z06267	yes	a?(?![ab])	diff=0/7481	no_auto_possess	
Z06268	yes	a?(?![a-z])	diff=0/7481	no_auto_possess	
Z06269	yes	a?(?!\w)	diff=0/7481	no_auto_possess	
Z06273	yes	xa?(?![ab])	diff=0/7481	no_auto_possess	
Z06274	yes	xa?(?![a-z])	diff=0/7481	no_auto_possess	
Z06275	yes	xa?(?!\w)	diff=0/7481	no_auto_possess	
Z06279	yes	a?(?![ab])$	diff=0/7481	no_auto_possess	
Z06280	yes	a?(?![a-z])$	diff=0/7481	no_auto_possess	
Z06281	yes	a?(?!\w)$	diff=0/7481	no_auto_possess	
Z06289	yes	a?(?=@)y	diff=0/7481	no_auto_possess	
Z06290	yes	a?(?=[\d.])y	diff=0/7481	no_auto_possess	
Z06294	yes	a?(?=\W)y	diff=0/7481	no_auto_possess	
Z06295	yes	xa?(?=@)y	diff=0/7481	no_auto_possess	
Z06296	yes	xa?(?=[\d.])y	diff=0/7481	no_auto_possess	
Z06300	yes	xa?(?=\W)y	diff=0/7481	no_auto_possess	
Z06301	yes	a?(?=@)y$	diff=0/7481	no_auto_possess	
Z06302	yes	a?(?=[\d.])y$	diff=0/7481	no_auto_possess	
Z06306	yes	a?(?=\W)y$	diff=0/7481	no_auto_possess	
Z06313	yes	a?(?:(?=@)|y)	diff=0/7481	no_auto_possess	
Z06314	yes	a?(?:(?=[\d.])|y)	diff=0/7481	no_auto_possess	
Z06318	yes	a?(?:(?=\W)|y)	diff=0/7481	no_auto_possess	
Z06319	yes	xa?(?:(?=@)|y)	diff=0/7481	no_auto_possess	
Z06320	yes	xa?(?:(?=[\d.])|y)	diff=0/7481	no_auto_possess	
Z06324	yes	xa?(?:(?=\W)|y)	diff=0/7481	no_auto_possess	
Z06325	yes	a?(?:(?=@)|y)$	diff=0/7481	no_auto_possess	
Z06326	yes	a?(?:(?=[\d.])|y)$	diff=0/7481	no_auto_possess	
Z06330	yes	a?(?:(?=\W)|y)$	diff=0/7481	no_auto_possess	
Z06339	yes	a?(?:(?![ab])y|z)	diff=0/7481	no_auto_possess	
Z06340	yes	a?(?:(?![a-z])y|z)	diff=0/7481	no_auto_possess	
Z06341	yes	a?(?:(?!\w)y|z)	diff=0/7481	no_auto_possess	
Z06345	yes	xa?(?:(?![ab])y|z)	diff=0/7481	no_auto_possess	
Z06346	yes	xa?(?:(?![a-z])y|z)	diff=0/7481	no_auto_possess	
Z06347	yes	xa?(?:(?!\w)y|z)	diff=0/7481	no_auto_possess	
Z06351	yes	a?(?:(?![ab])y|z)$	diff=0/7481	no_auto_possess	
Z06352	yes	a?(?:(?![a-z])y|z)$	diff=0/7481	no_auto_possess	
Z06353	yes	a?(?:(?!\w)y|z)$	diff=0/7481	no_auto_possess	
Z06361	yes	a?(?:(?=@)[ab])+	diff=0/7481	no_auto_possess	
Z06362	yes	a?(?:(?=[\d.])[ab])+	diff=0/7481	no_auto_possess	
Z06366	yes	a?(?:(?=\W)[ab])+	diff=0/7481	no_auto_possess	
Z06367	yes	xa?(?:(?=@)[ab])+	diff=0/7481	no_auto_possess	
Z06368	yes	xa?(?:(?=[\d.])[ab])+	diff=0/7481	no_auto_possess	
Z06372	yes	xa?(?:(?=\W)[ab])+	diff=0/7481	no_auto_possess	
Z06373	yes	a?(?:(?=@)[ab])+$	diff=0/7481	no_auto_possess	
Z06374	yes	a?(?:(?=[\d.])[ab])+$	diff=0/7481	no_auto_possess	
Z06378	yes	a?(?:(?=\W)[ab])+$	diff=0/7481	no_auto_possess	
Z06433	yes	a?(?:(?=@)|)	diff=0/7481	no_auto_possess	
Z06434	yes	a?(?:(?=[\d.])|)	diff=0/7481	no_auto_possess	
Z06438	yes	a?(?:(?=\W)|)	diff=0/7481	no_auto_possess	
Z06439	yes	xa?(?:(?=@)|)	diff=0/7481	no_auto_possess	
Z06440	yes	xa?(?:(?=[\d.])|)	diff=0/7481	no_auto_possess	
Z06444	yes	xa?(?:(?=\W)|)	diff=0/7481	no_auto_possess	
Z06445	yes	a?(?:(?=@)|)$	diff=0/7481	no_auto_possess	
Z06446	yes	a?(?:(?=[\d.])|)$	diff=0/7481	no_auto_possess	
Z06450	yes	a?(?:(?=\W)|)$	diff=0/7481	no_auto_possess	
Z06459	yes	a?(?:(?![ab])|)	diff=0/7481	no_auto_possess	
Z06460	yes	a?(?:(?![a-z])|)	diff=0/7481	no_auto_possess	
Z06461	yes	a?(?:(?!\w)|)	diff=0/7481	no_auto_possess	
Z06465	yes	xa?(?:(?![ab])|)	diff=0/7481	no_auto_possess	
Z06466	yes	xa?(?:(?![a-z])|)	diff=0/7481	no_auto_possess	
Z06467	yes	xa?(?:(?!\w)|)	diff=0/7481	no_auto_possess	
Z06471	yes	a?(?:(?![ab])|)$	diff=0/7481	no_auto_possess	
Z06472	yes	a?(?:(?![a-z])|)$	diff=0/7481	no_auto_possess	
Z06473	yes	a?(?:(?!\w)|)$	diff=0/7481	no_auto_possess	
Z06481	yes	a{2,4}(?=@)	diff=0/7481	no_auto_possess	
Z06482	yes	a{2,4}(?=[\d.])	diff=0/7481	no_auto_possess	
Z06486	yes	a{2,4}(?=\W)	diff=0/7481	no_auto_possess	
Z06487	yes	xa{2,4}(?=@)	diff=0/7481	no_auto_possess	
Z06488	yes	xa{2,4}(?=[\d.])	diff=0/7481	no_auto_possess	
Z06492	yes	xa{2,4}(?=\W)	diff=0/7481	no_auto_possess	
Z06493	yes	a{2,4}(?=@)$	diff=0/7481	no_auto_possess	
Z06494	yes	a{2,4}(?=[\d.])$	diff=0/7481	no_auto_possess	
Z06498	yes	a{2,4}(?=\W)$	diff=0/7481	no_auto_possess	
Z06507	yes	a{2,4}(?![ab])	diff=0/7481	no_auto_possess	
Z06508	yes	a{2,4}(?![a-z])	diff=0/7481	no_auto_possess	
Z06509	yes	a{2,4}(?!\w)	diff=0/7481	no_auto_possess	
Z06513	yes	xa{2,4}(?![ab])	diff=0/7481	no_auto_possess	
Z06514	yes	xa{2,4}(?![a-z])	diff=0/7481	no_auto_possess	
Z06515	yes	xa{2,4}(?!\w)	diff=0/7481	no_auto_possess	
Z06519	yes	a{2,4}(?![ab])$	diff=0/7481	no_auto_possess	
Z06520	yes	a{2,4}(?![a-z])$	diff=0/7481	no_auto_possess	
Z06521	yes	a{2,4}(?!\w)$	diff=0/7481	no_auto_possess	
Z06529	yes	a{2,4}(?=@)y	diff=0/7481	no_auto_possess	
Z06530	yes	a{2,4}(?=[\d.])y	diff=0/7481	no_auto_possess	
Z06534	yes	a{2,4}(?=\W)y	diff=0/7481	no_auto_possess	
Z06535	yes	xa{2,4}(?=@)y	diff=0/7481	no_auto_possess	
Z06536	yes	xa{2,4}(?=[\d.])y	diff=0/7481	no_auto_possess	
Z06540	yes	xa{2,4}(?=\W)y	diff=0/7481	no_auto_possess	
Z06541	yes	a{2,4}(?=@)y$	diff=0/7481	no_auto_possess	
Z06542	yes	a{2,4}(?=[\d.])y$	diff=0/7481	no_auto_possess	
Z06546	yes	a{2,4}(?=\W)y$	diff=0/7481	no_auto_possess	
Z06553	yes	a{2,4}(?:(?=@)|y)	diff=0/7481	no_auto_possess	
Z06554	yes	a{2,4}(?:(?=[\d.])|y)	diff=0/7481	no_auto_possess	
Z06558	yes	a{2,4}(?:(?=\W)|y)	diff=0/7481	no_auto_possess	
Z06559	yes	xa{2,4}(?:(?=@)|y)	diff=0/7481	no_auto_possess	
Z06560	yes	xa{2,4}(?:(?=[\d.])|y)	diff=0/7481	no_auto_possess	
Z06564	yes	xa{2,4}(?:(?=\W)|y)	diff=0/7481	no_auto_possess	
Z06565	yes	a{2,4}(?:(?=@)|y)$	diff=0/7481	no_auto_possess	
Z06566	yes	a{2,4}(?:(?=[\d.])|y)$	diff=0/7481	no_auto_possess	
Z06570	yes	a{2,4}(?:(?=\W)|y)$	diff=0/7481	no_auto_possess	
Z06579	yes	a{2,4}(?:(?![ab])y|z)	diff=0/7481	no_auto_possess	
Z06580	yes	a{2,4}(?:(?![a-z])y|z)	diff=0/7481	no_auto_possess	
Z06581	yes	a{2,4}(?:(?!\w)y|z)	diff=0/7481	no_auto_possess	
Z06585	yes	xa{2,4}(?:(?![ab])y|z)	diff=0/7481	no_auto_possess	
Z06586	yes	xa{2,4}(?:(?![a-z])y|z)	diff=0/7481	no_auto_possess	
Z06587	yes	xa{2,4}(?:(?!\w)y|z)	diff=0/7481	no_auto_possess	
Z06591	yes	a{2,4}(?:(?![ab])y|z)$	diff=0/7481	no_auto_possess	
Z06592	yes	a{2,4}(?:(?![a-z])y|z)$	diff=0/7481	no_auto_possess	
Z06593	yes	a{2,4}(?:(?!\w)y|z)$	diff=0/7481	no_auto_possess	
Z06601	yes	a{2,4}(?:(?=@)[ab])+	diff=0/7481	no_auto_possess	
Z06602	yes	a{2,4}(?:(?=[\d.])[ab])+	diff=0/7481	no_auto_possess	
Z06606	yes	a{2,4}(?:(?=\W)[ab])+	diff=0/7481	no_auto_possess	
Z06607	yes	xa{2,4}(?:(?=@)[ab])+	diff=0/7481	no_auto_possess	
Z06608	yes	xa{2,4}(?:(?=[\d.])[ab])+	diff=0/7481	no_auto_possess	
Z06612	yes	xa{2,4}(?:(?=\W)[ab])+	diff=0/7481	no_auto_possess	
Z06613	yes	a{2,4}(?:(?=@)[ab])+$	diff=0/7481	no_auto_possess	
Z06614	yes	a{2,4}(?:(?=[\d.])[ab])+$	diff=0/7481	no_auto_possess	
Z06618	yes	a{2,4}(?:(?=\W)[ab])+$	diff=0/7481	no_auto_possess	
Z06625	yes	a{2,4}(?<=@)	diff=0/7481	no_auto_possess	
Z06626	yes	a{2,4}(?<=[\d.])	diff=0/7481	no_auto_possess	
Z06630	yes	a{2,4}(?<=\W)	diff=0/7481	no_auto_possess	
Z06631	yes	xa{2,4}(?<=@)	diff=0/7481	no_auto_possess	
Z06632	yes	xa{2,4}(?<=[\d.])	diff=0/7481	no_auto_possess	
Z06636	yes	xa{2,4}(?<=\W)	diff=0/7481	no_auto_possess	
Z06637	yes	a{2,4}(?<=@)$	diff=0/7481	no_auto_possess	
Z06638	yes	a{2,4}(?<=[\d.])$	diff=0/7481	no_auto_possess	
Z06642	yes	a{2,4}(?<=\W)$	diff=0/7481	no_auto_possess	
Z06651	yes	a{2,4}(?<![ab])	diff=0/7481	no_auto_possess	
Z06652	yes	a{2,4}(?<![a-z])	diff=0/7481	no_auto_possess	
Z06653	yes	a{2,4}(?<!\w)	diff=0/7481	no_auto_possess	
Z06657	yes	xa{2,4}(?<![ab])	diff=0/7481	no_auto_possess	
Z06658	yes	xa{2,4}(?<![a-z])	diff=0/7481	no_auto_possess	
Z06659	yes	xa{2,4}(?<!\w)	diff=0/7481	no_auto_possess	
Z06663	yes	a{2,4}(?<![ab])$	diff=0/7481	no_auto_possess	
Z06664	yes	a{2,4}(?<![a-z])$	diff=0/7481	no_auto_possess	
Z06665	yes	a{2,4}(?<!\w)$	diff=0/7481	no_auto_possess	
Z06673	yes	a{2,4}(?:(?=@)|)	diff=0/7481	no_auto_possess	
Z06674	yes	a{2,4}(?:(?=[\d.])|)	diff=0/7481	no_auto_possess	
Z06678	yes	a{2,4}(?:(?=\W)|)	diff=0/7481	no_auto_possess	
Z06679	yes	xa{2,4}(?:(?=@)|)	diff=0/7481	no_auto_possess	
Z06680	yes	xa{2,4}(?:(?=[\d.])|)	diff=0/7481	no_auto_possess	
Z06684	yes	xa{2,4}(?:(?=\W)|)	diff=0/7481	no_auto_possess	
Z06685	yes	a{2,4}(?:(?=@)|)$	diff=0/7481	no_auto_possess	
Z06686	yes	a{2,4}(?:(?=[\d.])|)$	diff=0/7481	no_auto_possess	
Z06690	yes	a{2,4}(?:(?=\W)|)$	diff=0/7481	no_auto_possess	
Z06699	yes	a{2,4}(?:(?![ab])|)	diff=0/7481	no_auto_possess	
Z06700	yes	a{2,4}(?:(?![a-z])|)	diff=0/7481	no_auto_possess	
Z06701	yes	a{2,4}(?:(?!\w)|)	diff=0/7481	no_auto_possess	
Z06705	yes	xa{2,4}(?:(?![ab])|)	diff=0/7481	no_auto_possess	
Z06706	yes	xa{2,4}(?:(?![a-z])|)	diff=0/7481	no_auto_possess	
Z06707	yes	xa{2,4}(?:(?!\w)|)	diff=0/7481	no_auto_possess	
Z06711	yes	a{2,4}(?:(?![ab])|)$	diff=0/7481	no_auto_possess	
Z06712	yes	a{2,4}(?:(?![a-z])|)$	diff=0/7481	no_auto_possess	
Z06713	yes	a{2,4}(?:(?!\w)|)$	diff=0/7481	no_auto_possess	
Z06721	yes	a{3}(?=@)	diff=0/7481	no_auto_possess	
Z06722	yes	a{3}(?=[\d.])	diff=0/7481	no_auto_possess	
Z06723	yes	a{3}(?=[ab])	diff=0/7481	no_auto_possess	
Z06724	yes	a{3}(?=[a-z])	diff=0/7481	no_auto_possess	
Z06725	yes	a{3}(?=\w)	diff=0/7481	no_auto_possess	
Z06726	yes	a{3}(?=\W)	diff=0/7481	no_auto_possess	
Z06727	yes	xa{3}(?=@)	diff=0/7481	no_auto_possess	
Z06728	yes	xa{3}(?=[\d.])	diff=0/7481	no_auto_possess	
Z06729	yes	xa{3}(?=[ab])	diff=0/7481	no_auto_possess	
Z06730	yes	xa{3}(?=[a-z])	diff=0/7481	no_auto_possess	
Z06731	yes	xa{3}(?=\w)	diff=0/7481	no_auto_possess	
Z06732	yes	xa{3}(?=\W)	diff=0/7481	no_auto_possess	
Z06733	yes	a{3}(?=@)$	diff=0/7481	no_auto_possess	
Z06734	yes	a{3}(?=[\d.])$	diff=0/7481	no_auto_possess	
Z06735	yes	a{3}(?=[ab])$	diff=0/7481	no_auto_possess	
Z06736	yes	a{3}(?=[a-z])$	diff=0/7481	no_auto_possess	
Z06737	yes	a{3}(?=\w)$	diff=0/7481	no_auto_possess	
Z06738	yes	a{3}(?=\W)$	diff=0/7481	no_auto_possess	
Z06739	yes	(?:a{3}(?=@)y)+	diff=0/7481	no_auto_possess	
Z06740	yes	(?:a{3}(?=[\d.])y)+	diff=0/7481	no_auto_possess	
Z06741	yes	(?:a{3}(?=[ab])y)+	diff=0/7481	no_auto_possess	
Z06742	yes	(?:a{3}(?=[a-z])y)+	diff=0/7481	no_auto_possess	
Z06743	yes	(?:a{3}(?=\w)y)+	diff=0/7481	no_auto_possess	
Z06744	yes	(?:a{3}(?=\W)y)+	diff=0/7481	no_auto_possess	
Z06745	yes	a{3}(?!@)	diff=0/7481	no_auto_possess	
Z06746	yes	a{3}(?![\d.])	diff=0/7481	no_auto_possess	
Z06747	yes	a{3}(?![ab])	diff=0/7481	no_auto_possess	
Z06748	yes	a{3}(?![a-z])	diff=0/7481	no_auto_possess	
Z06749	yes	a{3}(?!\w)	diff=0/7481	no_auto_possess	
Z06750	yes	a{3}(?!\W)	diff=0/7481	no_auto_possess	
Z06751	yes	xa{3}(?!@)	diff=0/7481	no_auto_possess	
Z06752	yes	xa{3}(?![\d.])	diff=0/7481	no_auto_possess	
Z06753	yes	xa{3}(?![ab])	diff=0/7481	no_auto_possess	
Z06754	yes	xa{3}(?![a-z])	diff=0/7481	no_auto_possess	
Z06755	yes	xa{3}(?!\w)	diff=0/7481	no_auto_possess	
Z06756	yes	xa{3}(?!\W)	diff=0/7481	no_auto_possess	
Z06757	yes	a{3}(?!@)$	diff=0/7481	no_auto_possess	
Z06758	yes	a{3}(?![\d.])$	diff=0/7481	no_auto_possess	
Z06759	yes	a{3}(?![ab])$	diff=0/7481	no_auto_possess	
Z06760	yes	a{3}(?![a-z])$	diff=0/7481	no_auto_possess	
Z06761	yes	a{3}(?!\w)$	diff=0/7481	no_auto_possess	
Z06762	yes	a{3}(?!\W)$	diff=0/7481	no_auto_possess	
Z06763	yes	(?:a{3}(?!@)y)+	diff=0/7481	no_auto_possess	
Z06764	yes	(?:a{3}(?![\d.])y)+	diff=0/7481	no_auto_possess	
Z06765	yes	(?:a{3}(?![ab])y)+	diff=0/7481	no_auto_possess	
Z06766	yes	(?:a{3}(?![a-z])y)+	diff=0/7481	no_auto_possess	
Z06767	yes	(?:a{3}(?!\w)y)+	diff=0/7481	no_auto_possess	
Z06768	yes	(?:a{3}(?!\W)y)+	diff=0/7481	no_auto_possess	
Z06769	yes	a{3}(?=@)y	diff=0/7481	no_auto_possess	
Z06770	yes	a{3}(?=[\d.])y	diff=0/7481	no_auto_possess	
Z06771	yes	a{3}(?=[ab])y	diff=0/7481	no_auto_possess	
Z06772	yes	a{3}(?=[a-z])y	diff=0/7481	no_auto_possess	
Z06773	yes	a{3}(?=\w)y	diff=0/7481	no_auto_possess	
Z06774	yes	a{3}(?=\W)y	diff=0/7481	no_auto_possess	
Z06775	yes	xa{3}(?=@)y	diff=0/7481	no_auto_possess	
Z06776	yes	xa{3}(?=[\d.])y	diff=0/7481	no_auto_possess	
Z06777	yes	xa{3}(?=[ab])y	diff=0/7481	no_auto_possess	
Z06778	yes	xa{3}(?=[a-z])y	diff=0/7481	no_auto_possess	
Z06779	yes	xa{3}(?=\w)y	diff=0/7481	no_auto_possess	
Z06780	yes	xa{3}(?=\W)y	diff=0/7481	no_auto_possess	
Z06781	yes	a{3}(?=@)y$	diff=0/7481	no_auto_possess	
Z06782	yes	a{3}(?=[\d.])y$	diff=0/7481	no_auto_possess	
Z06783	yes	a{3}(?=[ab])y$	diff=0/7481	no_auto_possess	
Z06784	yes	a{3}(?=[a-z])y$	diff=0/7481	no_auto_possess	
Z06785	yes	a{3}(?=\w)y$	diff=0/7481	no_auto_possess	
Z06786	yes	a{3}(?=\W)y$	diff=0/7481	no_auto_possess	
Z06787	yes	(?:a{3}(?=@)yy)+	diff=0/7481	no_auto_possess	
Z06788	yes	(?:a{3}(?=[\d.])yy)+	diff=0/7481	no_auto_possess	
Z06789	yes	(?:a{3}(?=[ab])yy)+	diff=0/7481	no_auto_possess	
Z06790	yes	(?:a{3}(?=[a-z])yy)+	diff=0/7481	no_auto_possess	
Z06791	yes	(?:a{3}(?=\w)yy)+	diff=0/7481	no_auto_possess	
Z06792	yes	(?:a{3}(?=\W)yy)+	diff=0/7481	no_auto_possess	
Z06793	yes	a{3}(?:(?=@)|y)	diff=0/7481	no_auto_possess	
Z06794	yes	a{3}(?:(?=[\d.])|y)	diff=0/7481	no_auto_possess	
Z06795	yes	a{3}(?:(?=[ab])|y)	diff=0/7481	no_auto_possess	
Z06796	yes	a{3}(?:(?=[a-z])|y)	diff=0/7481	no_auto_possess	
Z06797	yes	a{3}(?:(?=\w)|y)	diff=0/7481	no_auto_possess	
Z06798	yes	a{3}(?:(?=\W)|y)	diff=0/7481	no_auto_possess	
Z06799	yes	xa{3}(?:(?=@)|y)	diff=0/7481	no_auto_possess	
Z06800	yes	xa{3}(?:(?=[\d.])|y)	diff=0/7481	no_auto_possess	
Z06801	yes	xa{3}(?:(?=[ab])|y)	diff=0/7481	no_auto_possess	
Z06802	yes	xa{3}(?:(?=[a-z])|y)	diff=0/7481	no_auto_possess	
Z06803	yes	xa{3}(?:(?=\w)|y)	diff=0/7481	no_auto_possess	
Z06804	yes	xa{3}(?:(?=\W)|y)	diff=0/7481	no_auto_possess	
Z06805	yes	a{3}(?:(?=@)|y)$	diff=0/7481	no_auto_possess	
Z06806	yes	a{3}(?:(?=[\d.])|y)$	diff=0/7481	no_auto_possess	
Z06807	yes	a{3}(?:(?=[ab])|y)$	diff=0/7481	no_auto_possess	
Z06808	yes	a{3}(?:(?=[a-z])|y)$	diff=0/7481	no_auto_possess	
Z06809	yes	a{3}(?:(?=\w)|y)$	diff=0/7481	no_auto_possess	
Z06810	yes	a{3}(?:(?=\W)|y)$	diff=0/7481	no_auto_possess	
Z06811	yes	(?:a{3}(?:(?=@)|y)y)+	diff=0/7481	no_auto_possess	
Z06812	yes	(?:a{3}(?:(?=[\d.])|y)y)+	diff=0/7481	no_auto_possess	
Z06813	yes	(?:a{3}(?:(?=[ab])|y)y)+	diff=0/7481	no_auto_possess	
Z06814	yes	(?:a{3}(?:(?=[a-z])|y)y)+	diff=0/7481	no_auto_possess	
Z06815	yes	(?:a{3}(?:(?=\w)|y)y)+	diff=0/7481	no_auto_possess	
Z06816	yes	(?:a{3}(?:(?=\W)|y)y)+	diff=0/7481	no_auto_possess	
Z06817	yes	a{3}(?:(?!@)y|z)	diff=0/7481	no_auto_possess	
Z06818	yes	a{3}(?:(?![\d.])y|z)	diff=0/7481	no_auto_possess	
Z06819	yes	a{3}(?:(?![ab])y|z)	diff=0/7481	no_auto_possess	
Z06820	yes	a{3}(?:(?![a-z])y|z)	diff=0/7481	no_auto_possess	
Z06821	yes	a{3}(?:(?!\w)y|z)	diff=0/7481	no_auto_possess	
Z06822	yes	a{3}(?:(?!\W)y|z)	diff=0/7481	no_auto_possess	
Z06823	yes	xa{3}(?:(?!@)y|z)	diff=0/7481	no_auto_possess	
Z06824	yes	xa{3}(?:(?![\d.])y|z)	diff=0/7481	no_auto_possess	
Z06825	yes	xa{3}(?:(?![ab])y|z)	diff=0/7481	no_auto_possess	
Z06826	yes	xa{3}(?:(?![a-z])y|z)	diff=0/7481	no_auto_possess	
Z06827	yes	xa{3}(?:(?!\w)y|z)	diff=0/7481	no_auto_possess	
Z06828	yes	xa{3}(?:(?!\W)y|z)	diff=0/7481	no_auto_possess	
Z06829	yes	a{3}(?:(?!@)y|z)$	diff=0/7481	no_auto_possess	
Z06830	yes	a{3}(?:(?![\d.])y|z)$	diff=0/7481	no_auto_possess	
Z06831	yes	a{3}(?:(?![ab])y|z)$	diff=0/7481	no_auto_possess	
Z06832	yes	a{3}(?:(?![a-z])y|z)$	diff=0/7481	no_auto_possess	
Z06833	yes	a{3}(?:(?!\w)y|z)$	diff=0/7481	no_auto_possess	
Z06834	yes	a{3}(?:(?!\W)y|z)$	diff=0/7481	no_auto_possess	
Z06835	yes	(?:a{3}(?:(?!@)y|z)y)+	diff=0/7481	no_auto_possess	
Z06836	yes	(?:a{3}(?:(?![\d.])y|z)y)+	diff=0/7481	no_auto_possess	
Z06837	yes	(?:a{3}(?:(?![ab])y|z)y)+	diff=0/7481	no_auto_possess	
Z06838	yes	(?:a{3}(?:(?![a-z])y|z)y)+	diff=0/7481	no_auto_possess	
Z06839	yes	(?:a{3}(?:(?!\w)y|z)y)+	diff=0/7481	no_auto_possess	
Z06840	yes	(?:a{3}(?:(?!\W)y|z)y)+	diff=0/7481	no_auto_possess	
Z06841	yes	a{3}(?:(?=@)[ab])+	diff=0/7481	no_auto_possess	
Z06842	yes	a{3}(?:(?=[\d.])[ab])+	diff=0/7481	no_auto_possess	
Z06843	yes	a{3}(?:(?=[ab])[ab])+	diff=0/7481	no_auto_possess	
Z06844	yes	a{3}(?:(?=[a-z])[ab])+	diff=0/7481	no_auto_possess	
Z06845	yes	a{3}(?:(?=\w)[ab])+	diff=0/7481	no_auto_possess	
Z06846	yes	a{3}(?:(?=\W)[ab])+	diff=0/7481	no_auto_possess	
Z06847	yes	xa{3}(?:(?=@)[ab])+	diff=0/7481	no_auto_possess	
Z06848	yes	xa{3}(?:(?=[\d.])[ab])+	diff=0/7481	no_auto_possess	
Z06849	yes	xa{3}(?:(?=[ab])[ab])+	diff=0/7481	no_auto_possess	
Z06850	yes	xa{3}(?:(?=[a-z])[ab])+	diff=0/7481	no_auto_possess	
Z06851	yes	xa{3}(?:(?=\w)[ab])+	diff=0/7481	no_auto_possess	
Z06852	yes	xa{3}(?:(?=\W)[ab])+	diff=0/7481	no_auto_possess	
Z06853	yes	a{3}(?:(?=@)[ab])+$	diff=0/7481	no_auto_possess	
Z06854	yes	a{3}(?:(?=[\d.])[ab])+$	diff=0/7481	no_auto_possess	
Z06855	yes	a{3}(?:(?=[ab])[ab])+$	diff=0/7481	no_auto_possess	
Z06856	yes	a{3}(?:(?=[a-z])[ab])+$	diff=0/7481	no_auto_possess	
Z06857	yes	a{3}(?:(?=\w)[ab])+$	diff=0/7481	no_auto_possess	
Z06858	yes	a{3}(?:(?=\W)[ab])+$	diff=0/7481	no_auto_possess	
Z06859	yes	(?:a{3}(?:(?=@)[ab])+y)+	diff=0/7481	no_auto_possess	
Z06860	yes	(?:a{3}(?:(?=[\d.])[ab])+y)+	diff=0/7481	no_auto_possess	
Z06861	yes	(?:a{3}(?:(?=[ab])[ab])+y)+	diff=0/7481	no_auto_possess	
Z06862	yes	(?:a{3}(?:(?=[a-z])[ab])+y)+	diff=0/7481	no_auto_possess	
Z06863	yes	(?:a{3}(?:(?=\w)[ab])+y)+	diff=0/7481	no_auto_possess	
Z06864	yes	(?:a{3}(?:(?=\W)[ab])+y)+	diff=0/7481	no_auto_possess	
Z06865	yes	a{3}(?<=@)	diff=0/7481	no_auto_possess	
Z06866	yes	a{3}(?<=[\d.])	diff=0/7481	no_auto_possess	
Z06867	yes	a{3}(?<=[ab])	diff=0/7481	no_auto_possess	
Z06868	yes	a{3}(?<=[a-z])	diff=0/7481	no_auto_possess	
Z06869	yes	a{3}(?<=\w)	diff=0/7481	no_auto_possess	
Z06870	yes	a{3}(?<=\W)	diff=0/7481	no_auto_possess	
Z06871	yes	xa{3}(?<=@)	diff=0/7481	no_auto_possess	
Z06872	yes	xa{3}(?<=[\d.])	diff=0/7481	no_auto_possess	
Z06873	yes	xa{3}(?<=[ab])	diff=0/7481	no_auto_possess	
Z06874	yes	xa{3}(?<=[a-z])	diff=0/7481	no_auto_possess	
Z06875	yes	xa{3}(?<=\w)	diff=0/7481	no_auto_possess	
Z06876	yes	xa{3}(?<=\W)	diff=0/7481	no_auto_possess	
Z06877	yes	a{3}(?<=@)$	diff=0/7481	no_auto_possess	
Z06878	yes	a{3}(?<=[\d.])$	diff=0/7481	no_auto_possess	
Z06879	yes	a{3}(?<=[ab])$	diff=0/7481	no_auto_possess	
Z06880	yes	a{3}(?<=[a-z])$	diff=0/7481	no_auto_possess	
Z06881	yes	a{3}(?<=\w)$	diff=0/7481	no_auto_possess	
Z06882	yes	a{3}(?<=\W)$	diff=0/7481	no_auto_possess	
Z06883	yes	(?:a{3}(?<=@)y)+	diff=0/7481	no_auto_possess	
Z06884	yes	(?:a{3}(?<=[\d.])y)+	diff=0/7481	no_auto_possess	
Z06885	yes	(?:a{3}(?<=[ab])y)+	diff=0/7481	no_auto_possess	
Z06886	yes	(?:a{3}(?<=[a-z])y)+	diff=0/7481	no_auto_possess	
Z06887	yes	(?:a{3}(?<=\w)y)+	diff=0/7481	no_auto_possess	
Z06888	yes	(?:a{3}(?<=\W)y)+	diff=0/7481	no_auto_possess	
Z06889	yes	a{3}(?<!@)	diff=0/7481	no_auto_possess	
Z06890	yes	a{3}(?<![\d.])	diff=0/7481	no_auto_possess	
Z06891	yes	a{3}(?<![ab])	diff=0/7481	no_auto_possess	
Z06892	yes	a{3}(?<![a-z])	diff=0/7481	no_auto_possess	
Z06893	yes	a{3}(?<!\w)	diff=0/7481	no_auto_possess	
Z06894	yes	a{3}(?<!\W)	diff=0/7481	no_auto_possess	
Z06895	yes	xa{3}(?<!@)	diff=0/7481	no_auto_possess	
Z06896	yes	xa{3}(?<![\d.])	diff=0/7481	no_auto_possess	
Z06897	yes	xa{3}(?<![ab])	diff=0/7481	no_auto_possess	
Z06898	yes	xa{3}(?<![a-z])	diff=0/7481	no_auto_possess	
Z06899	yes	xa{3}(?<!\w)	diff=0/7481	no_auto_possess	
Z06900	yes	xa{3}(?<!\W)	diff=0/7481	no_auto_possess	
Z06901	yes	a{3}(?<!@)$	diff=0/7481	no_auto_possess	
Z06902	yes	a{3}(?<![\d.])$	diff=0/7481	no_auto_possess	
Z06903	yes	a{3}(?<![ab])$	diff=0/7481	no_auto_possess	
Z06904	yes	a{3}(?<![a-z])$	diff=0/7481	no_auto_possess	
Z06905	yes	a{3}(?<!\w)$	diff=0/7481	no_auto_possess	
Z06906	yes	a{3}(?<!\W)$	diff=0/7481	no_auto_possess	
Z06907	yes	(?:a{3}(?<!@)y)+	diff=0/7481	no_auto_possess	
Z06908	yes	(?:a{3}(?<![\d.])y)+	diff=0/7481	no_auto_possess	
Z06909	yes	(?:a{3}(?<![ab])y)+	diff=0/7481	no_auto_possess	
Z06910	yes	(?:a{3}(?<![a-z])y)+	diff=0/7481	no_auto_possess	
Z06911	yes	(?:a{3}(?<!\w)y)+	diff=0/7481	no_auto_possess	
Z06912	yes	(?:a{3}(?<!\W)y)+	diff=0/7481	no_auto_possess	
Z06913	yes	a{3}(?:(?=@)|)	diff=0/7481	no_auto_possess	
Z06914	yes	a{3}(?:(?=[\d.])|)	diff=0/7481	no_auto_possess	
Z06915	yes	a{3}(?:(?=[ab])|)	diff=0/7481	no_auto_possess	
Z06916	yes	a{3}(?:(?=[a-z])|)	diff=0/7481	no_auto_possess	
Z06917	yes	a{3}(?:(?=\w)|)	diff=0/7481	no_auto_possess	
Z06918	yes	a{3}(?:(?=\W)|)	diff=0/7481	no_auto_possess	
Z06919	yes	xa{3}(?:(?=@)|)	diff=0/7481	no_auto_possess	
Z06920	yes	xa{3}(?:(?=[\d.])|)	diff=0/7481	no_auto_possess	
Z06921	yes	xa{3}(?:(?=[ab])|)	diff=0/7481	no_auto_possess	
Z06922	yes	xa{3}(?:(?=[a-z])|)	diff=0/7481	no_auto_possess	
Z06923	yes	xa{3}(?:(?=\w)|)	diff=0/7481	no_auto_possess	
Z06924	yes	xa{3}(?:(?=\W)|)	diff=0/7481	no_auto_possess	
Z06925	yes	a{3}(?:(?=@)|)$	diff=0/7481	no_auto_possess	
Z06926	yes	a{3}(?:(?=[\d.])|)$	diff=0/7481	no_auto_possess	
Z06927	yes	a{3}(?:(?=[ab])|)$	diff=0/7481	no_auto_possess	
Z06928	yes	a{3}(?:(?=[a-z])|)$	diff=0/7481	no_auto_possess	
Z06929	yes	a{3}(?:(?=\w)|)$	diff=0/7481	no_auto_possess	
Z06930	yes	a{3}(?:(?=\W)|)$	diff=0/7481	no_auto_possess	
Z06931	yes	(?:a{3}(?:(?=@)|)y)+	diff=0/7481	no_auto_possess	
Z06932	yes	(?:a{3}(?:(?=[\d.])|)y)+	diff=0/7481	no_auto_possess	
Z06933	yes	(?:a{3}(?:(?=[ab])|)y)+	diff=0/7481	no_auto_possess	
Z06934	yes	(?:a{3}(?:(?=[a-z])|)y)+	diff=0/7481	no_auto_possess	
Z06935	yes	(?:a{3}(?:(?=\w)|)y)+	diff=0/7481	no_auto_possess	
Z06936	yes	(?:a{3}(?:(?=\W)|)y)+	diff=0/7481	no_auto_possess	
Z06937	yes	a{3}(?:(?!@)|)	diff=0/7481	no_auto_possess	
Z06938	yes	a{3}(?:(?![\d.])|)	diff=0/7481	no_auto_possess	
Z06939	yes	a{3}(?:(?![ab])|)	diff=0/7481	no_auto_possess	
Z06940	yes	a{3}(?:(?![a-z])|)	diff=0/7481	no_auto_possess	
Z06941	yes	a{3}(?:(?!\w)|)	diff=0/7481	no_auto_possess	
Z06942	yes	a{3}(?:(?!\W)|)	diff=0/7481	no_auto_possess	
Z06943	yes	xa{3}(?:(?!@)|)	diff=0/7481	no_auto_possess	
Z06944	yes	xa{3}(?:(?![\d.])|)	diff=0/7481	no_auto_possess	
Z06945	yes	xa{3}(?:(?![ab])|)	diff=0/7481	no_auto_possess	
Z06946	yes	xa{3}(?:(?![a-z])|)	diff=0/7481	no_auto_possess	
Z06947	yes	xa{3}(?:(?!\w)|)	diff=0/7481	no_auto_possess	
Z06948	yes	xa{3}(?:(?!\W)|)	diff=0/7481	no_auto_possess	
Z06949	yes	a{3}(?:(?!@)|)$	diff=0/7481	no_auto_possess	
Z06950	yes	a{3}(?:(?![\d.])|)$	diff=0/7481	no_auto_possess	
Z06951	yes	a{3}(?:(?![ab])|)$	diff=0/7481	no_auto_possess	
Z06952	yes	a{3}(?:(?![a-z])|)$	diff=0/7481	no_auto_possess	
Z06953	yes	a{3}(?:(?!\w)|)$	diff=0/7481	no_auto_possess	
Z06954	yes	a{3}(?:(?!\W)|)$	diff=0/7481	no_auto_possess	
Z06955	yes	(?:a{3}(?:(?!@)|)y)+	diff=0/7481	no_auto_possess	
Z06956	yes	(?:a{3}(?:(?![\d.])|)y)+	diff=0/7481	no_auto_possess	
Z06957	yes	(?:a{3}(?:(?![ab])|)y)+	diff=0/7481	no_auto_possess	
Z06958	yes	(?:a{3}(?:(?![a-z])|)y)+	diff=0/7481	no_auto_possess	
Z06959	yes	(?:a{3}(?:(?!\w)|)y)+	diff=0/7481	no_auto_possess	
Z06960	yes	(?:a{3}(?:(?!\W)|)y)+	diff=0/7481	no_auto_possess	
Z06961	yes	a+?(?=@)	diff=0/7481	no_auto_possess	
Z06962	yes	a+?(?=[\d.])	diff=0/7481	no_auto_possess	
Z06966	yes	a+?(?=\W)	diff=0/7481	no_auto_possess	
Z06967	yes	xa+?(?=@)	diff=0/7481	no_auto_possess	
Z06968	yes	xa+?(?=[\d.])	diff=0/7481	no_auto_possess	
Z06972	yes	xa+?(?=\W)	diff=0/7481	no_auto_possess	
Z06973	yes	a+?(?=@)$	diff=0/7481	no_auto_possess	
Z06974	yes	a+?(?=[\d.])$	diff=0/7481	no_auto_possess	
Z06978	yes	a+?(?=\W)$	diff=0/7481	no_auto_possess	
Z06987	yes	a+?(?![ab])	diff=0/7481	no_auto_possess	
Z06988	yes	a+?(?![a-z])	diff=0/7481	no_auto_possess	
Z06989	yes	a+?(?!\w)	diff=0/7481	no_auto_possess	
Z06993	yes	xa+?(?![ab])	diff=0/7481	no_auto_possess	
Z06994	yes	xa+?(?![a-z])	diff=0/7481	no_auto_possess	
Z06995	yes	xa+?(?!\w)	diff=0/7481	no_auto_possess	
Z06999	yes	a+?(?![ab])$	diff=0/7481	no_auto_possess	
Z07000	yes	a+?(?![a-z])$	diff=0/7481	no_auto_possess	
Z07001	yes	a+?(?!\w)$	diff=0/7481	no_auto_possess	
Z07009	yes	a+?(?=@)y	diff=0/7481	no_auto_possess	
Z07010	yes	a+?(?=[\d.])y	diff=0/7481	no_auto_possess	
Z07014	yes	a+?(?=\W)y	diff=0/7481	no_auto_possess	
Z07015	yes	xa+?(?=@)y	diff=0/7481	no_auto_possess	
Z07016	yes	xa+?(?=[\d.])y	diff=0/7481	no_auto_possess	
Z07020	yes	xa+?(?=\W)y	diff=0/7481	no_auto_possess	
Z07021	yes	a+?(?=@)y$	diff=0/7481	no_auto_possess	
Z07022	yes	a+?(?=[\d.])y$	diff=0/7481	no_auto_possess	
Z07026	yes	a+?(?=\W)y$	diff=0/7481	no_auto_possess	
Z07033	yes	a+?(?:(?=@)|y)	diff=0/7481	no_auto_possess	
Z07034	yes	a+?(?:(?=[\d.])|y)	diff=0/7481	no_auto_possess	
Z07038	yes	a+?(?:(?=\W)|y)	diff=0/7481	no_auto_possess	
Z07039	yes	xa+?(?:(?=@)|y)	diff=0/7481	no_auto_possess	
Z07040	yes	xa+?(?:(?=[\d.])|y)	diff=0/7481	no_auto_possess	
Z07044	yes	xa+?(?:(?=\W)|y)	diff=0/7481	no_auto_possess	
Z07045	yes	a+?(?:(?=@)|y)$	diff=0/7481	no_auto_possess	
Z07046	yes	a+?(?:(?=[\d.])|y)$	diff=0/7481	no_auto_possess	
Z07050	yes	a+?(?:(?=\W)|y)$	diff=0/7481	no_auto_possess	
Z07059	yes	a+?(?:(?![ab])y|z)	diff=0/7481	no_auto_possess	
Z07060	yes	a+?(?:(?![a-z])y|z)	diff=0/7481	no_auto_possess	
Z07061	yes	a+?(?:(?!\w)y|z)	diff=0/7481	no_auto_possess	
Z07065	yes	xa+?(?:(?![ab])y|z)	diff=0/7481	no_auto_possess	
Z07066	yes	xa+?(?:(?![a-z])y|z)	diff=0/7481	no_auto_possess	
Z07067	yes	xa+?(?:(?!\w)y|z)	diff=0/7481	no_auto_possess	
Z07071	yes	a+?(?:(?![ab])y|z)$	diff=0/7481	no_auto_possess	
Z07072	yes	a+?(?:(?![a-z])y|z)$	diff=0/7481	no_auto_possess	
Z07073	yes	a+?(?:(?!\w)y|z)$	diff=0/7481	no_auto_possess	
Z07081	yes	a+?(?:(?=@)[ab])+	diff=0/7481	no_auto_possess	
Z07082	yes	a+?(?:(?=[\d.])[ab])+	diff=0/7481	no_auto_possess	
Z07086	yes	a+?(?:(?=\W)[ab])+	diff=0/7481	no_auto_possess	
Z07087	yes	xa+?(?:(?=@)[ab])+	diff=0/7481	no_auto_possess	
Z07088	yes	xa+?(?:(?=[\d.])[ab])+	diff=0/7481	no_auto_possess	
Z07092	yes	xa+?(?:(?=\W)[ab])+	diff=0/7481	no_auto_possess	
Z07093	yes	a+?(?:(?=@)[ab])+$	diff=0/7481	no_auto_possess	
Z07094	yes	a+?(?:(?=[\d.])[ab])+$	diff=0/7481	no_auto_possess	
Z07098	yes	a+?(?:(?=\W)[ab])+$	diff=0/7481	no_auto_possess	
Z07201	yes	a*?(?=@)	diff=0/7481	no_auto_possess	
Z07202	yes	a*?(?=[\d.])	diff=0/7481	no_auto_possess	
Z07206	yes	a*?(?=\W)	diff=0/7481	no_auto_possess	
Z07207	yes	xa*?(?=@)	diff=0/7481	no_auto_possess	
Z07208	yes	xa*?(?=[\d.])	diff=0/7481	no_auto_possess	
Z07212	yes	xa*?(?=\W)	diff=0/7481	no_auto_possess	
Z07213	yes	a*?(?=@)$	diff=0/7481	no_auto_possess	
Z07214	yes	a*?(?=[\d.])$	diff=0/7481	no_auto_possess	
Z07218	yes	a*?(?=\W)$	diff=0/7481	no_auto_possess	
Z07227	yes	a*?(?![ab])	diff=0/7481	no_auto_possess	
Z07228	yes	a*?(?![a-z])	diff=0/7481	no_auto_possess	
Z07229	yes	a*?(?!\w)	diff=0/7481	no_auto_possess	
Z07233	yes	xa*?(?![ab])	diff=0/7481	no_auto_possess	
Z07234	yes	xa*?(?![a-z])	diff=0/7481	no_auto_possess	
Z07235	yes	xa*?(?!\w)	diff=0/7481	no_auto_possess	
Z07239	yes	a*?(?![ab])$	diff=0/7481	no_auto_possess	
Z07240	yes	a*?(?![a-z])$	diff=0/7481	no_auto_possess	
Z07241	yes	a*?(?!\w)$	diff=0/7481	no_auto_possess	
Z07249	yes	a*?(?=@)y	diff=0/7481	no_auto_possess	
Z07250	yes	a*?(?=[\d.])y	diff=0/7481	no_auto_possess	
Z07254	yes	a*?(?=\W)y	diff=0/7481	no_auto_possess	
Z07255	yes	xa*?(?=@)y	diff=0/7481	no_auto_possess	
Z07256	yes	xa*?(?=[\d.])y	diff=0/7481	no_auto_possess	
Z07260	yes	xa*?(?=\W)y	diff=0/7481	no_auto_possess	
Z07261	yes	a*?(?=@)y$	diff=0/7481	no_auto_possess	
Z07262	yes	a*?(?=[\d.])y$	diff=0/7481	no_auto_possess	
Z07266	yes	a*?(?=\W)y$	diff=0/7481	no_auto_possess	
Z07273	yes	a*?(?:(?=@)|y)	diff=0/7481	no_auto_possess	
Z07274	yes	a*?(?:(?=[\d.])|y)	diff=0/7481	no_auto_possess	
Z07278	yes	a*?(?:(?=\W)|y)	diff=0/7481	no_auto_possess	
Z07279	yes	xa*?(?:(?=@)|y)	diff=0/7481	no_auto_possess	
Z07280	yes	xa*?(?:(?=[\d.])|y)	diff=0/7481	no_auto_possess	
Z07284	yes	xa*?(?:(?=\W)|y)	diff=0/7481	no_auto_possess	
Z07285	yes	a*?(?:(?=@)|y)$	diff=0/7481	no_auto_possess	
Z07286	yes	a*?(?:(?=[\d.])|y)$	diff=0/7481	no_auto_possess	
Z07290	yes	a*?(?:(?=\W)|y)$	diff=0/7481	no_auto_possess	
Z07299	yes	a*?(?:(?![ab])y|z)	diff=0/7481	no_auto_possess	
Z07300	yes	a*?(?:(?![a-z])y|z)	diff=0/7481	no_auto_possess	
Z07301	yes	a*?(?:(?!\w)y|z)	diff=0/7481	no_auto_possess	
Z07305	yes	xa*?(?:(?![ab])y|z)	diff=0/7481	no_auto_possess	
Z07306	yes	xa*?(?:(?![a-z])y|z)	diff=0/7481	no_auto_possess	
Z07307	yes	xa*?(?:(?!\w)y|z)	diff=0/7481	no_auto_possess	
Z07311	yes	a*?(?:(?![ab])y|z)$	diff=0/7481	no_auto_possess	
Z07312	yes	a*?(?:(?![a-z])y|z)$	diff=0/7481	no_auto_possess	
Z07313	yes	a*?(?:(?!\w)y|z)$	diff=0/7481	no_auto_possess	
Z07321	yes	a*?(?:(?=@)[ab])+	diff=0/7481	no_auto_possess	
Z07322	yes	a*?(?:(?=[\d.])[ab])+	diff=0/7481	no_auto_possess	
Z07326	yes	a*?(?:(?=\W)[ab])+	diff=0/7481	no_auto_possess	
Z07327	yes	xa*?(?:(?=@)[ab])+	diff=0/7481	no_auto_possess	
Z07328	yes	xa*?(?:(?=[\d.])[ab])+	diff=0/7481	no_auto_possess	
Z07332	yes	xa*?(?:(?=\W)[ab])+	diff=0/7481	no_auto_possess	
Z07333	yes	a*?(?:(?=@)[ab])+$	diff=0/7481	no_auto_possess	
Z07334	yes	a*?(?:(?=[\d.])[ab])+$	diff=0/7481	no_auto_possess	
Z07338	yes	a*?(?:(?=\W)[ab])+$	diff=0/7481	no_auto_possess	
Z07441	yes	a{2,4}?(?=@)	diff=0/7481	no_auto_possess	
Z07442	yes	a{2,4}?(?=[\d.])	diff=0/7481	no_auto_possess	
Z07446	yes	a{2,4}?(?=\W)	diff=0/7481	no_auto_possess	
Z07447	yes	xa{2,4}?(?=@)	diff=0/7481	no_auto_possess	
Z07448	yes	xa{2,4}?(?=[\d.])	diff=0/7481	no_auto_possess	
Z07452	yes	xa{2,4}?(?=\W)	diff=0/7481	no_auto_possess	
Z07453	yes	a{2,4}?(?=@)$	diff=0/7481	no_auto_possess	
Z07454	yes	a{2,4}?(?=[\d.])$	diff=0/7481	no_auto_possess	
Z07458	yes	a{2,4}?(?=\W)$	diff=0/7481	no_auto_possess	
Z07467	yes	a{2,4}?(?![ab])	diff=0/7481	no_auto_possess	
Z07468	yes	a{2,4}?(?![a-z])	diff=0/7481	no_auto_possess	
Z07469	yes	a{2,4}?(?!\w)	diff=0/7481	no_auto_possess	
Z07473	yes	xa{2,4}?(?![ab])	diff=0/7481	no_auto_possess	
Z07474	yes	xa{2,4}?(?![a-z])	diff=0/7481	no_auto_possess	
Z07475	yes	xa{2,4}?(?!\w)	diff=0/7481	no_auto_possess	
Z07479	yes	a{2,4}?(?![ab])$	diff=0/7481	no_auto_possess	
Z07480	yes	a{2,4}?(?![a-z])$	diff=0/7481	no_auto_possess	
Z07481	yes	a{2,4}?(?!\w)$	diff=0/7481	no_auto_possess	
Z07489	yes	a{2,4}?(?=@)y	diff=0/7481	no_auto_possess	
Z07490	yes	a{2,4}?(?=[\d.])y	diff=0/7481	no_auto_possess	
Z07494	yes	a{2,4}?(?=\W)y	diff=0/7481	no_auto_possess	
Z07495	yes	xa{2,4}?(?=@)y	diff=0/7481	no_auto_possess	
Z07496	yes	xa{2,4}?(?=[\d.])y	diff=0/7481	no_auto_possess	
Z07500	yes	xa{2,4}?(?=\W)y	diff=0/7481	no_auto_possess	
Z07501	yes	a{2,4}?(?=@)y$	diff=0/7481	no_auto_possess	
Z07502	yes	a{2,4}?(?=[\d.])y$	diff=0/7481	no_auto_possess	
Z07506	yes	a{2,4}?(?=\W)y$	diff=0/7481	no_auto_possess	
Z07513	yes	a{2,4}?(?:(?=@)|y)	diff=0/7481	no_auto_possess	
Z07514	yes	a{2,4}?(?:(?=[\d.])|y)	diff=0/7481	no_auto_possess	
Z07518	yes	a{2,4}?(?:(?=\W)|y)	diff=0/7481	no_auto_possess	
Z07519	yes	xa{2,4}?(?:(?=@)|y)	diff=0/7481	no_auto_possess	
Z07520	yes	xa{2,4}?(?:(?=[\d.])|y)	diff=0/7481	no_auto_possess	
Z07524	yes	xa{2,4}?(?:(?=\W)|y)	diff=0/7481	no_auto_possess	
Z07525	yes	a{2,4}?(?:(?=@)|y)$	diff=0/7481	no_auto_possess	
Z07526	yes	a{2,4}?(?:(?=[\d.])|y)$	diff=0/7481	no_auto_possess	
Z07530	yes	a{2,4}?(?:(?=\W)|y)$	diff=0/7481	no_auto_possess	
Z07539	yes	a{2,4}?(?:(?![ab])y|z)	diff=0/7481	no_auto_possess	
Z07540	yes	a{2,4}?(?:(?![a-z])y|z)	diff=0/7481	no_auto_possess	
Z07541	yes	a{2,4}?(?:(?!\w)y|z)	diff=0/7481	no_auto_possess	
Z07545	yes	xa{2,4}?(?:(?![ab])y|z)	diff=0/7481	no_auto_possess	
Z07546	yes	xa{2,4}?(?:(?![a-z])y|z)	diff=0/7481	no_auto_possess	
Z07547	yes	xa{2,4}?(?:(?!\w)y|z)	diff=0/7481	no_auto_possess	
Z07551	yes	a{2,4}?(?:(?![ab])y|z)$	diff=0/7481	no_auto_possess	
Z07552	yes	a{2,4}?(?:(?![a-z])y|z)$	diff=0/7481	no_auto_possess	
Z07553	yes	a{2,4}?(?:(?!\w)y|z)$	diff=0/7481	no_auto_possess	
Z07561	yes	a{2,4}?(?:(?=@)[ab])+	diff=0/7481	no_auto_possess	
Z07562	yes	a{2,4}?(?:(?=[\d.])[ab])+	diff=0/7481	no_auto_possess	
Z07566	yes	a{2,4}?(?:(?=\W)[ab])+	diff=0/7481	no_auto_possess	
Z07567	yes	xa{2,4}?(?:(?=@)[ab])+	diff=0/7481	no_auto_possess	
Z07568	yes	xa{2,4}?(?:(?=[\d.])[ab])+	diff=0/7481	no_auto_possess	
Z07572	yes	xa{2,4}?(?:(?=\W)[ab])+	diff=0/7481	no_auto_possess	
Z07573	yes	a{2,4}?(?:(?=@)[ab])+$	diff=0/7481	no_auto_possess	
Z07574	yes	a{2,4}?(?:(?=[\d.])[ab])+$	diff=0/7481	no_auto_possess	
Z07578	yes	a{2,4}?(?:(?=\W)[ab])+$	diff=0/7481	no_auto_possess	
Z07681	yes	(?:(?=[ab])\w)+(?=@)	diff=0/7481	no_auto_possess	
Z07682	yes	(?:(?=[ab])\w)+(?=[\d.])	diff=0/7481	no_auto_possess	
Z07686	yes	(?:(?=[ab])\w)+(?=\W)	diff=0/7481	no_auto_possess	
Z07687	yes	x(?:(?=[ab])\w)+(?=@)	diff=0/7481	no_auto_possess	
Z07688	yes	x(?:(?=[ab])\w)+(?=[\d.])	diff=0/7481	no_auto_possess	
Z07692	yes	x(?:(?=[ab])\w)+(?=\W)	diff=0/7481	no_auto_possess	
Z07693	yes	(?:(?=[ab])\w)+(?=@)$	diff=0/7481	no_auto_possess	
Z07694	yes	(?:(?=[ab])\w)+(?=[\d.])$	diff=0/7481	no_auto_possess	
Z07698	yes	(?:(?=[ab])\w)+(?=\W)$	diff=0/7481	no_auto_possess	
Z07707	yes	(?:(?=[ab])\w)+(?![ab])	diff=0/7481	no_auto_possess	
Z07708	yes	(?:(?=[ab])\w)+(?![a-z])	diff=0/7481	no_auto_possess	
Z07709	yes	(?:(?=[ab])\w)+(?!\w)	diff=0/7481	no_auto_possess	
Z07713	yes	x(?:(?=[ab])\w)+(?![ab])	diff=0/7481	no_auto_possess	
Z07714	yes	x(?:(?=[ab])\w)+(?![a-z])	diff=0/7481	no_auto_possess	
Z07715	yes	x(?:(?=[ab])\w)+(?!\w)	diff=0/7481	no_auto_possess	
Z07719	yes	(?:(?=[ab])\w)+(?![ab])$	diff=0/7481	no_auto_possess	
Z07720	yes	(?:(?=[ab])\w)+(?![a-z])$	diff=0/7481	no_auto_possess	
Z07721	yes	(?:(?=[ab])\w)+(?!\w)$	diff=0/7481	no_auto_possess	
Z07729	yes	(?:(?=[ab])\w)+(?=@)y	diff=0/7481	no_auto_possess	
Z07730	yes	(?:(?=[ab])\w)+(?=[\d.])y	diff=0/7481	no_auto_possess	
Z07734	yes	(?:(?=[ab])\w)+(?=\W)y	diff=0/7481	no_auto_possess	
Z07735	yes	x(?:(?=[ab])\w)+(?=@)y	diff=0/7481	no_auto_possess	
Z07736	yes	x(?:(?=[ab])\w)+(?=[\d.])y	diff=0/7481	no_auto_possess	
Z07740	yes	x(?:(?=[ab])\w)+(?=\W)y	diff=0/7481	no_auto_possess	
Z07741	yes	(?:(?=[ab])\w)+(?=@)y$	diff=0/7481	no_auto_possess	
Z07742	yes	(?:(?=[ab])\w)+(?=[\d.])y$	diff=0/7481	no_auto_possess	
Z07746	yes	(?:(?=[ab])\w)+(?=\W)y$	diff=0/7481	no_auto_possess	
Z07753	yes	(?:(?=[ab])\w)+(?:(?=@)|y)	diff=0/7481	no_auto_possess	
Z07754	yes	(?:(?=[ab])\w)+(?:(?=[\d.])|y)	diff=0/7481	no_auto_possess	
Z07758	yes	(?:(?=[ab])\w)+(?:(?=\W)|y)	diff=0/7481	no_auto_possess	
Z07759	yes	x(?:(?=[ab])\w)+(?:(?=@)|y)	diff=0/7481	no_auto_possess	
Z07760	yes	x(?:(?=[ab])\w)+(?:(?=[\d.])|y)	diff=0/7481	no_auto_possess	
Z07764	yes	x(?:(?=[ab])\w)+(?:(?=\W)|y)	diff=0/7481	no_auto_possess	
Z07765	yes	(?:(?=[ab])\w)+(?:(?=@)|y)$	diff=0/7481	no_auto_possess	
Z07766	yes	(?:(?=[ab])\w)+(?:(?=[\d.])|y)$	diff=0/7481	no_auto_possess	
Z07770	yes	(?:(?=[ab])\w)+(?:(?=\W)|y)$	diff=0/7481	no_auto_possess	
Z07779	yes	(?:(?=[ab])\w)+(?:(?![ab])y|z)	diff=0/7481	no_auto_possess	
Z07780	yes	(?:(?=[ab])\w)+(?:(?![a-z])y|z)	diff=0/7481	no_auto_possess	
Z07781	yes	(?:(?=[ab])\w)+(?:(?!\w)y|z)	diff=0/7481	no_auto_possess	
Z07785	yes	x(?:(?=[ab])\w)+(?:(?![ab])y|z)	diff=0/7481	no_auto_possess	
Z07786	yes	x(?:(?=[ab])\w)+(?:(?![a-z])y|z)	diff=0/7481	no_auto_possess	
Z07787	yes	x(?:(?=[ab])\w)+(?:(?!\w)y|z)	diff=0/7481	no_auto_possess	
Z07791	yes	(?:(?=[ab])\w)+(?:(?![ab])y|z)$	diff=0/7481	no_auto_possess	
Z07792	yes	(?:(?=[ab])\w)+(?:(?![a-z])y|z)$	diff=0/7481	no_auto_possess	
Z07793	yes	(?:(?=[ab])\w)+(?:(?!\w)y|z)$	diff=0/7481	no_auto_possess	
Z07801	yes	(?:(?=[ab])\w)+(?:(?=@)[ab])+	diff=0/7481	no_auto_possess	
Z07802	yes	(?:(?=[ab])\w)+(?:(?=[\d.])[ab])+	diff=0/7481	no_auto_possess	
Z07806	yes	(?:(?=[ab])\w)+(?:(?=\W)[ab])+	diff=0/7481	no_auto_possess	
Z07807	yes	x(?:(?=[ab])\w)+(?:(?=@)[ab])+	diff=0/7481	no_auto_possess	
Z07808	yes	x(?:(?=[ab])\w)+(?:(?=[\d.])[ab])+	diff=0/7481	no_auto_possess	
Z07812	yes	x(?:(?=[ab])\w)+(?:(?=\W)[ab])+	diff=0/7481	no_auto_possess	
Z07813	yes	(?:(?=[ab])\w)+(?:(?=@)[ab])+$	diff=0/7481	no_auto_possess	
Z07814	yes	(?:(?=[ab])\w)+(?:(?=[\d.])[ab])+$	diff=0/7481	no_auto_possess	
Z07818	yes	(?:(?=[ab])\w)+(?:(?=\W)[ab])+$	diff=0/7481	no_auto_possess	
Z07825	yes	(?:(?=[ab])\w)+(?<=@)	diff=0/7481	no_auto_possess	
Z07826	yes	(?:(?=[ab])\w)+(?<=[\d.])	diff=0/7481	no_auto_possess	
Z07830	yes	(?:(?=[ab])\w)+(?<=\W)	diff=0/7481	no_auto_possess	
Z07831	yes	x(?:(?=[ab])\w)+(?<=@)	diff=0/7481	no_auto_possess	
Z07832	yes	x(?:(?=[ab])\w)+(?<=[\d.])	diff=0/7481	no_auto_possess	
Z07836	yes	x(?:(?=[ab])\w)+(?<=\W)	diff=0/7481	no_auto_possess	
Z07837	yes	(?:(?=[ab])\w)+(?<=@)$	diff=0/7481	no_auto_possess	
Z07838	yes	(?:(?=[ab])\w)+(?<=[\d.])$	diff=0/7481	no_auto_possess	
Z07842	yes	(?:(?=[ab])\w)+(?<=\W)$	diff=0/7481	no_auto_possess	
Z07851	yes	(?:(?=[ab])\w)+(?<![ab])	diff=0/7481	no_auto_possess	
Z07852	yes	(?:(?=[ab])\w)+(?<![a-z])	diff=0/7481	no_auto_possess	
Z07853	yes	(?:(?=[ab])\w)+(?<!\w)	diff=0/7481	no_auto_possess	
Z07857	yes	x(?:(?=[ab])\w)+(?<![ab])	diff=0/7481	no_auto_possess	
Z07858	yes	x(?:(?=[ab])\w)+(?<![a-z])	diff=0/7481	no_auto_possess	
Z07859	yes	x(?:(?=[ab])\w)+(?<!\w)	diff=0/7481	no_auto_possess	
Z07863	yes	(?:(?=[ab])\w)+(?<![ab])$	diff=0/7481	no_auto_possess	
Z07864	yes	(?:(?=[ab])\w)+(?<![a-z])$	diff=0/7481	no_auto_possess	
Z07865	yes	(?:(?=[ab])\w)+(?<!\w)$	diff=0/7481	no_auto_possess	
Z07873	yes	(?:(?=[ab])\w)+(?:(?=@)|)	diff=0/7481	no_auto_possess	
Z07874	yes	(?:(?=[ab])\w)+(?:(?=[\d.])|)	diff=0/7481	no_auto_possess	
Z07878	yes	(?:(?=[ab])\w)+(?:(?=\W)|)	diff=0/7481	no_auto_possess	
Z07879	yes	x(?:(?=[ab])\w)+(?:(?=@)|)	diff=0/7481	no_auto_possess	
Z07880	yes	x(?:(?=[ab])\w)+(?:(?=[\d.])|)	diff=0/7481	no_auto_possess	
Z07884	yes	x(?:(?=[ab])\w)+(?:(?=\W)|)	diff=0/7481	no_auto_possess	
Z07885	yes	(?:(?=[ab])\w)+(?:(?=@)|)$	diff=0/7481	no_auto_possess	
Z07886	yes	(?:(?=[ab])\w)+(?:(?=[\d.])|)$	diff=0/7481	no_auto_possess	
Z07890	yes	(?:(?=[ab])\w)+(?:(?=\W)|)$	diff=0/7481	no_auto_possess	
Z07899	yes	(?:(?=[ab])\w)+(?:(?![ab])|)	diff=0/7481	no_auto_possess	
Z07900	yes	(?:(?=[ab])\w)+(?:(?![a-z])|)	diff=0/7481	no_auto_possess	
Z07901	yes	(?:(?=[ab])\w)+(?:(?!\w)|)	diff=0/7481	no_auto_possess	
Z07905	yes	x(?:(?=[ab])\w)+(?:(?![ab])|)	diff=0/7481	no_auto_possess	
Z07906	yes	x(?:(?=[ab])\w)+(?:(?![a-z])|)	diff=0/7481	no_auto_possess	
Z07907	yes	x(?:(?=[ab])\w)+(?:(?!\w)|)	diff=0/7481	no_auto_possess	
Z07911	yes	(?:(?=[ab])\w)+(?:(?![ab])|)$	diff=0/7481	no_auto_possess	
Z07912	yes	(?:(?=[ab])\w)+(?:(?![a-z])|)$	diff=0/7481	no_auto_possess	
Z07913	yes	(?:(?=[ab])\w)+(?:(?!\w)|)$	diff=0/7481	no_auto_possess	
Z07921	yes	(?:(?=[ab])\w)*(?=@)	diff=0/7481	no_auto_possess	
Z07922	yes	(?:(?=[ab])\w)*(?=[\d.])	diff=0/7481	no_auto_possess	
Z07926	yes	(?:(?=[ab])\w)*(?=\W)	diff=0/7481	no_auto_possess	
Z07927	yes	x(?:(?=[ab])\w)*(?=@)	diff=0/7481	no_auto_possess	
Z07928	yes	x(?:(?=[ab])\w)*(?=[\d.])	diff=0/7481	no_auto_possess	
Z07932	yes	x(?:(?=[ab])\w)*(?=\W)	diff=0/7481	no_auto_possess	
Z07933	yes	(?:(?=[ab])\w)*(?=@)$	diff=0/7481	no_auto_possess	
Z07934	yes	(?:(?=[ab])\w)*(?=[\d.])$	diff=0/7481	no_auto_possess	
Z07938	yes	(?:(?=[ab])\w)*(?=\W)$	diff=0/7481	no_auto_possess	
Z07947	yes	(?:(?=[ab])\w)*(?![ab])	diff=0/7481	no_auto_possess	
Z07948	yes	(?:(?=[ab])\w)*(?![a-z])	diff=0/7481	no_auto_possess	
Z07949	yes	(?:(?=[ab])\w)*(?!\w)	diff=0/7481	no_auto_possess	
Z07953	yes	x(?:(?=[ab])\w)*(?![ab])	diff=0/7481	no_auto_possess	
Z07954	yes	x(?:(?=[ab])\w)*(?![a-z])	diff=0/7481	no_auto_possess	
Z07955	yes	x(?:(?=[ab])\w)*(?!\w)	diff=0/7481	no_auto_possess	
Z07959	yes	(?:(?=[ab])\w)*(?![ab])$	diff=0/7481	no_auto_possess	
Z07960	yes	(?:(?=[ab])\w)*(?![a-z])$	diff=0/7481	no_auto_possess	
Z07961	yes	(?:(?=[ab])\w)*(?!\w)$	diff=0/7481	no_auto_possess	
Z07969	yes	(?:(?=[ab])\w)*(?=@)y	diff=0/7481	no_auto_possess	
Z07970	yes	(?:(?=[ab])\w)*(?=[\d.])y	diff=0/7481	no_auto_possess	
Z07974	yes	(?:(?=[ab])\w)*(?=\W)y	diff=0/7481	no_auto_possess	
Z07975	yes	x(?:(?=[ab])\w)*(?=@)y	diff=0/7481	no_auto_possess	
Z07976	yes	x(?:(?=[ab])\w)*(?=[\d.])y	diff=0/7481	no_auto_possess	
Z07980	yes	x(?:(?=[ab])\w)*(?=\W)y	diff=0/7481	no_auto_possess	
Z07981	yes	(?:(?=[ab])\w)*(?=@)y$	diff=0/7481	no_auto_possess	
Z07982	yes	(?:(?=[ab])\w)*(?=[\d.])y$	diff=0/7481	no_auto_possess	
Z07986	yes	(?:(?=[ab])\w)*(?=\W)y$	diff=0/7481	no_auto_possess	
Z07993	yes	(?:(?=[ab])\w)*(?:(?=@)|y)	diff=0/7481	no_auto_possess	
Z07994	yes	(?:(?=[ab])\w)*(?:(?=[\d.])|y)	diff=0/7481	no_auto_possess	
Z07998	yes	(?:(?=[ab])\w)*(?:(?=\W)|y)	diff=0/7481	no_auto_possess	
Z07999	yes	x(?:(?=[ab])\w)*(?:(?=@)|y)	diff=0/7481	no_auto_possess	
Z08000	yes	x(?:(?=[ab])\w)*(?:(?=[\d.])|y)	diff=0/7481	no_auto_possess	
Z08004	yes	x(?:(?=[ab])\w)*(?:(?=\W)|y)	diff=0/7481	no_auto_possess	
Z08005	yes	(?:(?=[ab])\w)*(?:(?=@)|y)$	diff=0/7481	no_auto_possess	
Z08006	yes	(?:(?=[ab])\w)*(?:(?=[\d.])|y)$	diff=0/7481	no_auto_possess	
Z08010	yes	(?:(?=[ab])\w)*(?:(?=\W)|y)$	diff=0/7481	no_auto_possess	
Z08019	yes	(?:(?=[ab])\w)*(?:(?![ab])y|z)	diff=0/7481	no_auto_possess	
Z08020	yes	(?:(?=[ab])\w)*(?:(?![a-z])y|z)	diff=0/7481	no_auto_possess	
Z08021	yes	(?:(?=[ab])\w)*(?:(?!\w)y|z)	diff=0/7481	no_auto_possess	
Z08025	yes	x(?:(?=[ab])\w)*(?:(?![ab])y|z)	diff=0/7481	no_auto_possess	
Z08026	yes	x(?:(?=[ab])\w)*(?:(?![a-z])y|z)	diff=0/7481	no_auto_possess	
Z08027	yes	x(?:(?=[ab])\w)*(?:(?!\w)y|z)	diff=0/7481	no_auto_possess	
Z08031	yes	(?:(?=[ab])\w)*(?:(?![ab])y|z)$	diff=0/7481	no_auto_possess	
Z08032	yes	(?:(?=[ab])\w)*(?:(?![a-z])y|z)$	diff=0/7481	no_auto_possess	
Z08033	yes	(?:(?=[ab])\w)*(?:(?!\w)y|z)$	diff=0/7481	no_auto_possess	
Z08041	yes	(?:(?=[ab])\w)*(?:(?=@)[ab])+	diff=0/7481	no_auto_possess	
Z08042	yes	(?:(?=[ab])\w)*(?:(?=[\d.])[ab])+	diff=0/7481	no_auto_possess	
Z08046	yes	(?:(?=[ab])\w)*(?:(?=\W)[ab])+	diff=0/7481	no_auto_possess	
Z08047	yes	x(?:(?=[ab])\w)*(?:(?=@)[ab])+	diff=0/7481	no_auto_possess	
Z08048	yes	x(?:(?=[ab])\w)*(?:(?=[\d.])[ab])+	diff=0/7481	no_auto_possess	
Z08052	yes	x(?:(?=[ab])\w)*(?:(?=\W)[ab])+	diff=0/7481	no_auto_possess	
Z08053	yes	(?:(?=[ab])\w)*(?:(?=@)[ab])+$	diff=0/7481	no_auto_possess	
Z08054	yes	(?:(?=[ab])\w)*(?:(?=[\d.])[ab])+$	diff=0/7481	no_auto_possess	
Z08058	yes	(?:(?=[ab])\w)*(?:(?=\W)[ab])+$	diff=0/7481	no_auto_possess	
Z08113	yes	(?:(?=[ab])\w)*(?:(?=@)|)	diff=0/7481	no_auto_possess	
Z08114	yes	(?:(?=[ab])\w)*(?:(?=[\d.])|)	diff=0/7481	no_auto_possess	
Z08118	yes	(?:(?=[ab])\w)*(?:(?=\W)|)	diff=0/7481	no_auto_possess	
Z08119	yes	x(?:(?=[ab])\w)*(?:(?=@)|)	diff=0/7481	no_auto_possess	
Z08120	yes	x(?:(?=[ab])\w)*(?:(?=[\d.])|)	diff=0/7481	no_auto_possess	
Z08124	yes	x(?:(?=[ab])\w)*(?:(?=\W)|)	diff=0/7481	no_auto_possess	
Z08125	yes	(?:(?=[ab])\w)*(?:(?=@)|)$	diff=0/7481	no_auto_possess	
Z08126	yes	(?:(?=[ab])\w)*(?:(?=[\d.])|)$	diff=0/7481	no_auto_possess	
Z08130	yes	(?:(?=[ab])\w)*(?:(?=\W)|)$	diff=0/7481	no_auto_possess	
Z08139	yes	(?:(?=[ab])\w)*(?:(?![ab])|)	diff=0/7481	no_auto_possess	
Z08140	yes	(?:(?=[ab])\w)*(?:(?![a-z])|)	diff=0/7481	no_auto_possess	
Z08141	yes	(?:(?=[ab])\w)*(?:(?!\w)|)	diff=0/7481	no_auto_possess	
Z08145	yes	x(?:(?=[ab])\w)*(?:(?![ab])|)	diff=0/7481	no_auto_possess	
Z08146	yes	x(?:(?=[ab])\w)*(?:(?![a-z])|)	diff=0/7481	no_auto_possess	
Z08147	yes	x(?:(?=[ab])\w)*(?:(?!\w)|)	diff=0/7481	no_auto_possess	
Z08151	yes	(?:(?=[ab])\w)*(?:(?![ab])|)$	diff=0/7481	no_auto_possess	
Z08152	yes	(?:(?=[ab])\w)*(?:(?![a-z])|)$	diff=0/7481	no_auto_possess	
Z08153	yes	(?:(?=[ab])\w)*(?:(?!\w)|)$	diff=0/7481	no_auto_possess	
Z08161	yes	(?:(?=[ab])\w)?(?=@)	diff=0/7481	no_auto_possess	
Z08162	yes	(?:(?=[ab])\w)?(?=[\d.])	diff=0/7481	no_auto_possess	
Z08166	yes	(?:(?=[ab])\w)?(?=\W)	diff=0/7481	no_auto_possess	
Z08167	yes	x(?:(?=[ab])\w)?(?=@)	diff=0/7481	no_auto_possess	
Z08168	yes	x(?:(?=[ab])\w)?(?=[\d.])	diff=0/7481	no_auto_possess	
Z08172	yes	x(?:(?=[ab])\w)?(?=\W)	diff=0/7481	no_auto_possess	
Z08173	yes	(?:(?=[ab])\w)?(?=@)$	diff=0/7481	no_auto_possess	
Z08174	yes	(?:(?=[ab])\w)?(?=[\d.])$	diff=0/7481	no_auto_possess	
Z08178	yes	(?:(?=[ab])\w)?(?=\W)$	diff=0/7481	no_auto_possess	
Z08187	yes	(?:(?=[ab])\w)?(?![ab])	diff=0/7481	no_auto_possess	
Z08188	yes	(?:(?=[ab])\w)?(?![a-z])	diff=0/7481	no_auto_possess	
Z08189	yes	(?:(?=[ab])\w)?(?!\w)	diff=0/7481	no_auto_possess	
Z08193	yes	x(?:(?=[ab])\w)?(?![ab])	diff=0/7481	no_auto_possess	
Z08194	yes	x(?:(?=[ab])\w)?(?![a-z])	diff=0/7481	no_auto_possess	
Z08195	yes	x(?:(?=[ab])\w)?(?!\w)	diff=0/7481	no_auto_possess	
Z08199	yes	(?:(?=[ab])\w)?(?![ab])$	diff=0/7481	no_auto_possess	
Z08200	yes	(?:(?=[ab])\w)?(?![a-z])$	diff=0/7481	no_auto_possess	
Z08201	yes	(?:(?=[ab])\w)?(?!\w)$	diff=0/7481	no_auto_possess	
Z08209	yes	(?:(?=[ab])\w)?(?=@)y	diff=0/7481	no_auto_possess	
Z08210	yes	(?:(?=[ab])\w)?(?=[\d.])y	diff=0/7481	no_auto_possess	
Z08214	yes	(?:(?=[ab])\w)?(?=\W)y	diff=0/7481	no_auto_possess	
Z08215	yes	x(?:(?=[ab])\w)?(?=@)y	diff=0/7481	no_auto_possess	
Z08216	yes	x(?:(?=[ab])\w)?(?=[\d.])y	diff=0/7481	no_auto_possess	
Z08220	yes	x(?:(?=[ab])\w)?(?=\W)y	diff=0/7481	no_auto_possess	
Z08221	yes	(?:(?=[ab])\w)?(?=@)y$	diff=0/7481	no_auto_possess	
Z08222	yes	(?:(?=[ab])\w)?(?=[\d.])y$	diff=0/7481	no_auto_possess	
Z08226	yes	(?:(?=[ab])\w)?(?=\W)y$	diff=0/7481	no_auto_possess	
Z08233	yes	(?:(?=[ab])\w)?(?:(?=@)|y)	diff=0/7481	no_auto_possess	
Z08234	yes	(?:(?=[ab])\w)?(?:(?=[\d.])|y)	diff=0/7481	no_auto_possess	
Z08238	yes	(?:(?=[ab])\w)?(?:(?=\W)|y)	diff=0/7481	no_auto_possess	
Z08239	yes	x(?:(?=[ab])\w)?(?:(?=@)|y)	diff=0/7481	no_auto_possess	
Z08240	yes	x(?:(?=[ab])\w)?(?:(?=[\d.])|y)	diff=0/7481	no_auto_possess	
Z08244	yes	x(?:(?=[ab])\w)?(?:(?=\W)|y)	diff=0/7481	no_auto_possess	
Z08245	yes	(?:(?=[ab])\w)?(?:(?=@)|y)$	diff=0/7481	no_auto_possess	
Z08246	yes	(?:(?=[ab])\w)?(?:(?=[\d.])|y)$	diff=0/7481	no_auto_possess	
Z08250	yes	(?:(?=[ab])\w)?(?:(?=\W)|y)$	diff=0/7481	no_auto_possess	
Z08259	yes	(?:(?=[ab])\w)?(?:(?![ab])y|z)	diff=0/7481	no_auto_possess	
Z08260	yes	(?:(?=[ab])\w)?(?:(?![a-z])y|z)	diff=0/7481	no_auto_possess	
Z08261	yes	(?:(?=[ab])\w)?(?:(?!\w)y|z)	diff=0/7481	no_auto_possess	
Z08265	yes	x(?:(?=[ab])\w)?(?:(?![ab])y|z)	diff=0/7481	no_auto_possess	
Z08266	yes	x(?:(?=[ab])\w)?(?:(?![a-z])y|z)	diff=0/7481	no_auto_possess	
Z08267	yes	x(?:(?=[ab])\w)?(?:(?!\w)y|z)	diff=0/7481	no_auto_possess	
Z08271	yes	(?:(?=[ab])\w)?(?:(?![ab])y|z)$	diff=0/7481	no_auto_possess	
Z08272	yes	(?:(?=[ab])\w)?(?:(?![a-z])y|z)$	diff=0/7481	no_auto_possess	
Z08273	yes	(?:(?=[ab])\w)?(?:(?!\w)y|z)$	diff=0/7481	no_auto_possess	
Z08281	yes	(?:(?=[ab])\w)?(?:(?=@)[ab])+	diff=0/7481	no_auto_possess	
Z08282	yes	(?:(?=[ab])\w)?(?:(?=[\d.])[ab])+	diff=0/7481	no_auto_possess	
Z08286	yes	(?:(?=[ab])\w)?(?:(?=\W)[ab])+	diff=0/7481	no_auto_possess	
Z08287	yes	x(?:(?=[ab])\w)?(?:(?=@)[ab])+	diff=0/7481	no_auto_possess	
Z08288	yes	x(?:(?=[ab])\w)?(?:(?=[\d.])[ab])+	diff=0/7481	no_auto_possess	
Z08292	yes	x(?:(?=[ab])\w)?(?:(?=\W)[ab])+	diff=0/7481	no_auto_possess	
Z08293	yes	(?:(?=[ab])\w)?(?:(?=@)[ab])+$	diff=0/7481	no_auto_possess	
Z08294	yes	(?:(?=[ab])\w)?(?:(?=[\d.])[ab])+$	diff=0/7481	no_auto_possess	
Z08298	yes	(?:(?=[ab])\w)?(?:(?=\W)[ab])+$	diff=0/7481	no_auto_possess	
Z08353	yes	(?:(?=[ab])\w)?(?:(?=@)|)	diff=0/7481	no_auto_possess	
Z08354	yes	(?:(?=[ab])\w)?(?:(?=[\d.])|)	diff=0/7481	no_auto_possess	
Z08358	yes	(?:(?=[ab])\w)?(?:(?=\W)|)	diff=0/7481	no_auto_possess	
Z08359	yes	x(?:(?=[ab])\w)?(?:(?=@)|)	diff=0/7481	no_auto_possess	
Z08360	yes	x(?:(?=[ab])\w)?(?:(?=[\d.])|)	diff=0/7481	no_auto_possess	
Z08364	yes	x(?:(?=[ab])\w)?(?:(?=\W)|)	diff=0/7481	no_auto_possess	
Z08365	yes	(?:(?=[ab])\w)?(?:(?=@)|)$	diff=0/7481	no_auto_possess	
Z08366	yes	(?:(?=[ab])\w)?(?:(?=[\d.])|)$	diff=0/7481	no_auto_possess	
Z08370	yes	(?:(?=[ab])\w)?(?:(?=\W)|)$	diff=0/7481	no_auto_possess	
Z08379	yes	(?:(?=[ab])\w)?(?:(?![ab])|)	diff=0/7481	no_auto_possess	
Z08380	yes	(?:(?=[ab])\w)?(?:(?![a-z])|)	diff=0/7481	no_auto_possess	
Z08381	yes	(?:(?=[ab])\w)?(?:(?!\w)|)	diff=0/7481	no_auto_possess	
Z08385	yes	x(?:(?=[ab])\w)?(?:(?![ab])|)	diff=0/7481	no_auto_possess	
Z08386	yes	x(?:(?=[ab])\w)?(?:(?![a-z])|)	diff=0/7481	no_auto_possess	
Z08387	yes	x(?:(?=[ab])\w)?(?:(?!\w)|)	diff=0/7481	no_auto_possess	
Z08391	yes	(?:(?=[ab])\w)?(?:(?![ab])|)$	diff=0/7481	no_auto_possess	
Z08392	yes	(?:(?=[ab])\w)?(?:(?![a-z])|)$	diff=0/7481	no_auto_possess	
Z08393	yes	(?:(?=[ab])\w)?(?:(?!\w)|)$	diff=0/7481	no_auto_possess	
Z08401	yes	(?:(?=[ab])\w){2,4}(?=@)	diff=0/7481	no_auto_possess	
Z08402	yes	(?:(?=[ab])\w){2,4}(?=[\d.])	diff=0/7481	no_auto_possess	
Z08406	yes	(?:(?=[ab])\w){2,4}(?=\W)	diff=0/7481	no_auto_possess	
Z08407	yes	x(?:(?=[ab])\w){2,4}(?=@)	diff=0/7481	no_auto_possess	
Z08408	yes	x(?:(?=[ab])\w){2,4}(?=[\d.])	diff=0/7481	no_auto_possess	
Z08412	yes	x(?:(?=[ab])\w){2,4}(?=\W)	diff=0/7481	no_auto_possess	
Z08413	yes	(?:(?=[ab])\w){2,4}(?=@)$	diff=0/7481	no_auto_possess	
Z08414	yes	(?:(?=[ab])\w){2,4}(?=[\d.])$	diff=0/7481	no_auto_possess	
Z08418	yes	(?:(?=[ab])\w){2,4}(?=\W)$	diff=0/7481	no_auto_possess	
Z08427	yes	(?:(?=[ab])\w){2,4}(?![ab])	diff=0/7481	no_auto_possess	
Z08428	yes	(?:(?=[ab])\w){2,4}(?![a-z])	diff=0/7481	no_auto_possess	
Z08429	yes	(?:(?=[ab])\w){2,4}(?!\w)	diff=0/7481	no_auto_possess	
Z08433	yes	x(?:(?=[ab])\w){2,4}(?![ab])	diff=0/7481	no_auto_possess	
Z08434	yes	x(?:(?=[ab])\w){2,4}(?![a-z])	diff=0/7481	no_auto_possess	
Z08435	yes	x(?:(?=[ab])\w){2,4}(?!\w)	diff=0/7481	no_auto_possess	
Z08439	yes	(?:(?=[ab])\w){2,4}(?![ab])$	diff=0/7481	no_auto_possess	
Z08440	yes	(?:(?=[ab])\w){2,4}(?![a-z])$	diff=0/7481	no_auto_possess	
Z08441	yes	(?:(?=[ab])\w){2,4}(?!\w)$	diff=0/7481	no_auto_possess	
Z08449	yes	(?:(?=[ab])\w){2,4}(?=@)y	diff=0/7481	no_auto_possess	
Z08450	yes	(?:(?=[ab])\w){2,4}(?=[\d.])y	diff=0/7481	no_auto_possess	
Z08454	yes	(?:(?=[ab])\w){2,4}(?=\W)y	diff=0/7481	no_auto_possess	
Z08455	yes	x(?:(?=[ab])\w){2,4}(?=@)y	diff=0/7481	no_auto_possess	
Z08456	yes	x(?:(?=[ab])\w){2,4}(?=[\d.])y	diff=0/7481	no_auto_possess	
Z08460	yes	x(?:(?=[ab])\w){2,4}(?=\W)y	diff=0/7481	no_auto_possess	
Z08461	yes	(?:(?=[ab])\w){2,4}(?=@)y$	diff=0/7481	no_auto_possess	
Z08462	yes	(?:(?=[ab])\w){2,4}(?=[\d.])y$	diff=0/7481	no_auto_possess	
Z08466	yes	(?:(?=[ab])\w){2,4}(?=\W)y$	diff=0/7481	no_auto_possess	
Z08473	yes	(?:(?=[ab])\w){2,4}(?:(?=@)|y)	diff=0/7481	no_auto_possess	
Z08474	yes	(?:(?=[ab])\w){2,4}(?:(?=[\d.])|y)	diff=0/7481	no_auto_possess	
Z08478	yes	(?:(?=[ab])\w){2,4}(?:(?=\W)|y)	diff=0/7481	no_auto_possess	
Z08479	yes	x(?:(?=[ab])\w){2,4}(?:(?=@)|y)	diff=0/7481	no_auto_possess	
Z08480	yes	x(?:(?=[ab])\w){2,4}(?:(?=[\d.])|y)	diff=0/7481	no_auto_possess	
Z08484	yes	x(?:(?=[ab])\w){2,4}(?:(?=\W)|y)	diff=0/7481	no_auto_possess	
Z08485	yes	(?:(?=[ab])\w){2,4}(?:(?=@)|y)$	diff=0/7481	no_auto_possess	
Z08486	yes	(?:(?=[ab])\w){2,4}(?:(?=[\d.])|y)$	diff=0/7481	no_auto_possess	
Z08490	yes	(?:(?=[ab])\w){2,4}(?:(?=\W)|y)$	diff=0/7481	no_auto_possess	
Z08499	yes	(?:(?=[ab])\w){2,4}(?:(?![ab])y|z)	diff=0/7481	no_auto_possess	
Z08500	yes	(?:(?=[ab])\w){2,4}(?:(?![a-z])y|z)	diff=0/7481	no_auto_possess	
Z08501	yes	(?:(?=[ab])\w){2,4}(?:(?!\w)y|z)	diff=0/7481	no_auto_possess	
Z08505	yes	x(?:(?=[ab])\w){2,4}(?:(?![ab])y|z)	diff=0/7481	no_auto_possess	
Z08506	yes	x(?:(?=[ab])\w){2,4}(?:(?![a-z])y|z)	diff=0/7481	no_auto_possess	
Z08507	yes	x(?:(?=[ab])\w){2,4}(?:(?!\w)y|z)	diff=0/7481	no_auto_possess	
Z08511	yes	(?:(?=[ab])\w){2,4}(?:(?![ab])y|z)$	diff=0/7481	no_auto_possess	
Z08512	yes	(?:(?=[ab])\w){2,4}(?:(?![a-z])y|z)$	diff=0/7481	no_auto_possess	
Z08513	yes	(?:(?=[ab])\w){2,4}(?:(?!\w)y|z)$	diff=0/7481	no_auto_possess	
Z08521	yes	(?:(?=[ab])\w){2,4}(?:(?=@)[ab])+	diff=0/7481	no_auto_possess	
Z08522	yes	(?:(?=[ab])\w){2,4}(?:(?=[\d.])[ab])+	diff=0/7481	no_auto_possess	
Z08526	yes	(?:(?=[ab])\w){2,4}(?:(?=\W)[ab])+	diff=0/7481	no_auto_possess	
Z08527	yes	x(?:(?=[ab])\w){2,4}(?:(?=@)[ab])+	diff=0/7481	no_auto_possess	
Z08528	yes	x(?:(?=[ab])\w){2,4}(?:(?=[\d.])[ab])+	diff=0/7481	no_auto_possess	
Z08532	yes	x(?:(?=[ab])\w){2,4}(?:(?=\W)[ab])+	diff=0/7481	no_auto_possess	
Z08533	yes	(?:(?=[ab])\w){2,4}(?:(?=@)[ab])+$	diff=0/7481	no_auto_possess	
Z08534	yes	(?:(?=[ab])\w){2,4}(?:(?=[\d.])[ab])+$	diff=0/7481	no_auto_possess	
Z08538	yes	(?:(?=[ab])\w){2,4}(?:(?=\W)[ab])+$	diff=0/7481	no_auto_possess	
Z08545	yes	(?:(?=[ab])\w){2,4}(?<=@)	diff=0/7481	no_auto_possess	
Z08546	yes	(?:(?=[ab])\w){2,4}(?<=[\d.])	diff=0/7481	no_auto_possess	
Z08550	yes	(?:(?=[ab])\w){2,4}(?<=\W)	diff=0/7481	no_auto_possess	
Z08551	yes	x(?:(?=[ab])\w){2,4}(?<=@)	diff=0/7481	no_auto_possess	
Z08552	yes	x(?:(?=[ab])\w){2,4}(?<=[\d.])	diff=0/7481	no_auto_possess	
Z08556	yes	x(?:(?=[ab])\w){2,4}(?<=\W)	diff=0/7481	no_auto_possess	
Z08557	yes	(?:(?=[ab])\w){2,4}(?<=@)$	diff=0/7481	no_auto_possess	
Z08558	yes	(?:(?=[ab])\w){2,4}(?<=[\d.])$	diff=0/7481	no_auto_possess	
Z08562	yes	(?:(?=[ab])\w){2,4}(?<=\W)$	diff=0/7481	no_auto_possess	
Z08571	yes	(?:(?=[ab])\w){2,4}(?<![ab])	diff=0/7481	no_auto_possess	
Z08572	yes	(?:(?=[ab])\w){2,4}(?<![a-z])	diff=0/7481	no_auto_possess	
Z08573	yes	(?:(?=[ab])\w){2,4}(?<!\w)	diff=0/7481	no_auto_possess	
Z08577	yes	x(?:(?=[ab])\w){2,4}(?<![ab])	diff=0/7481	no_auto_possess	
Z08578	yes	x(?:(?=[ab])\w){2,4}(?<![a-z])	diff=0/7481	no_auto_possess	
Z08579	yes	x(?:(?=[ab])\w){2,4}(?<!\w)	diff=0/7481	no_auto_possess	
Z08583	yes	(?:(?=[ab])\w){2,4}(?<![ab])$	diff=0/7481	no_auto_possess	
Z08584	yes	(?:(?=[ab])\w){2,4}(?<![a-z])$	diff=0/7481	no_auto_possess	
Z08585	yes	(?:(?=[ab])\w){2,4}(?<!\w)$	diff=0/7481	no_auto_possess	
Z08593	yes	(?:(?=[ab])\w){2,4}(?:(?=@)|)	diff=0/7481	no_auto_possess	
Z08594	yes	(?:(?=[ab])\w){2,4}(?:(?=[\d.])|)	diff=0/7481	no_auto_possess	
Z08598	yes	(?:(?=[ab])\w){2,4}(?:(?=\W)|)	diff=0/7481	no_auto_possess	
Z08599	yes	x(?:(?=[ab])\w){2,4}(?:(?=@)|)	diff=0/7481	no_auto_possess	
Z08600	yes	x(?:(?=[ab])\w){2,4}(?:(?=[\d.])|)	diff=0/7481	no_auto_possess	
Z08604	yes	x(?:(?=[ab])\w){2,4}(?:(?=\W)|)	diff=0/7481	no_auto_possess	
Z08605	yes	(?:(?=[ab])\w){2,4}(?:(?=@)|)$	diff=0/7481	no_auto_possess	
Z08606	yes	(?:(?=[ab])\w){2,4}(?:(?=[\d.])|)$	diff=0/7481	no_auto_possess	
Z08610	yes	(?:(?=[ab])\w){2,4}(?:(?=\W)|)$	diff=0/7481	no_auto_possess	
Z08619	yes	(?:(?=[ab])\w){2,4}(?:(?![ab])|)	diff=0/7481	no_auto_possess	
Z08620	yes	(?:(?=[ab])\w){2,4}(?:(?![a-z])|)	diff=0/7481	no_auto_possess	
Z08621	yes	(?:(?=[ab])\w){2,4}(?:(?!\w)|)	diff=0/7481	no_auto_possess	
Z08625	yes	x(?:(?=[ab])\w){2,4}(?:(?![ab])|)	diff=0/7481	no_auto_possess	
Z08626	yes	x(?:(?=[ab])\w){2,4}(?:(?![a-z])|)	diff=0/7481	no_auto_possess	
Z08627	yes	x(?:(?=[ab])\w){2,4}(?:(?!\w)|)	diff=0/7481	no_auto_possess	
Z08631	yes	(?:(?=[ab])\w){2,4}(?:(?![ab])|)$	diff=0/7481	no_auto_possess	
Z08632	yes	(?:(?=[ab])\w){2,4}(?:(?![a-z])|)$	diff=0/7481	no_auto_possess	
Z08633	yes	(?:(?=[ab])\w){2,4}(?:(?!\w)|)$	diff=0/7481	no_auto_possess	
Z08641	yes	(?:(?=[ab])\w){3}(?=@)	diff=0/7481	no_auto_possess	
Z08642	yes	(?:(?=[ab])\w){3}(?=[\d.])	diff=0/7481	no_auto_possess	
Z08643	yes	(?:(?=[ab])\w){3}(?=[ab])	diff=0/7481	no_auto_possess	
Z08644	yes	(?:(?=[ab])\w){3}(?=[a-z])	diff=0/7481	no_auto_possess	
Z08645	yes	(?:(?=[ab])\w){3}(?=\w)	diff=0/7481	no_auto_possess	
Z08646	yes	(?:(?=[ab])\w){3}(?=\W)	diff=0/7481	no_auto_possess	
Z08647	yes	x(?:(?=[ab])\w){3}(?=@)	diff=0/7481	no_auto_possess	
Z08648	yes	x(?:(?=[ab])\w){3}(?=[\d.])	diff=0/7481	no_auto_possess	
Z08649	yes	x(?:(?=[ab])\w){3}(?=[ab])	diff=0/7481	no_auto_possess	
Z08650	yes	x(?:(?=[ab])\w){3}(?=[a-z])	diff=0/7481	no_auto_possess	
Z08651	yes	x(?:(?=[ab])\w){3}(?=\w)	diff=0/7481	no_auto_possess	
Z08652	yes	x(?:(?=[ab])\w){3}(?=\W)	diff=0/7481	no_auto_possess	
Z08653	yes	(?:(?=[ab])\w){3}(?=@)$	diff=0/7481	no_auto_possess	
Z08654	yes	(?:(?=[ab])\w){3}(?=[\d.])$	diff=0/7481	no_auto_possess	
Z08655	yes	(?:(?=[ab])\w){3}(?=[ab])$	diff=0/7481	no_auto_possess	
Z08656	yes	(?:(?=[ab])\w){3}(?=[a-z])$	diff=0/7481	no_auto_possess	
Z08657	yes	(?:(?=[ab])\w){3}(?=\w)$	diff=0/7481	no_auto_possess	
Z08658	yes	(?:(?=[ab])\w){3}(?=\W)$	diff=0/7481	no_auto_possess	
Z08659	yes	(?:(?:(?=[ab])\w){3}(?=@)y)+	diff=0/7481	no_auto_possess	
Z08660	yes	(?:(?:(?=[ab])\w){3}(?=[\d.])y)+	diff=0/7481	no_auto_possess	
Z08661	yes	(?:(?:(?=[ab])\w){3}(?=[ab])y)+	diff=0/7481	no_auto_possess	
Z08662	yes	(?:(?:(?=[ab])\w){3}(?=[a-z])y)+	diff=0/7481	no_auto_possess	
Z08663	yes	(?:(?:(?=[ab])\w){3}(?=\w)y)+	diff=0/7481	no_auto_possess	
Z08664	yes	(?:(?:(?=[ab])\w){3}(?=\W)y)+	diff=0/7481	no_auto_possess	
Z08665	yes	(?:(?=[ab])\w){3}(?!@)	diff=0/7481	no_auto_possess	
Z08666	yes	(?:(?=[ab])\w){3}(?![\d.])	diff=0/7481	no_auto_possess	
Z08667	yes	(?:(?=[ab])\w){3}(?![ab])	diff=0/7481	no_auto_possess	
Z08668	yes	(?:(?=[ab])\w){3}(?![a-z])	diff=0/7481	no_auto_possess	
Z08669	yes	(?:(?=[ab])\w){3}(?!\w)	diff=0/7481	no_auto_possess	
Z08670	yes	(?:(?=[ab])\w){3}(?!\W)	diff=0/7481	no_auto_possess	
Z08671	yes	x(?:(?=[ab])\w){3}(?!@)	diff=0/7481	no_auto_possess	
Z08672	yes	x(?:(?=[ab])\w){3}(?![\d.])	diff=0/7481	no_auto_possess	
Z08673	yes	x(?:(?=[ab])\w){3}(?![ab])	diff=0/7481	no_auto_possess	
Z08674	yes	x(?:(?=[ab])\w){3}(?![a-z])	diff=0/7481	no_auto_possess	
Z08675	yes	x(?:(?=[ab])\w){3}(?!\w)	diff=0/7481	no_auto_possess	
Z08676	yes	x(?:(?=[ab])\w){3}(?!\W)	diff=0/7481	no_auto_possess	
Z08677	yes	(?:(?=[ab])\w){3}(?!@)$	diff=0/7481	no_auto_possess	
Z08678	yes	(?:(?=[ab])\w){3}(?![\d.])$	diff=0/7481	no_auto_possess	
Z08679	yes	(?:(?=[ab])\w){3}(?![ab])$	diff=0/7481	no_auto_possess	
Z08680	yes	(?:(?=[ab])\w){3}(?![a-z])$	diff=0/7481	no_auto_possess	
Z08681	yes	(?:(?=[ab])\w){3}(?!\w)$	diff=0/7481	no_auto_possess	
Z08682	yes	(?:(?=[ab])\w){3}(?!\W)$	diff=0/7481	no_auto_possess	
Z08683	yes	(?:(?:(?=[ab])\w){3}(?!@)y)+	diff=0/7481	no_auto_possess	
Z08684	yes	(?:(?:(?=[ab])\w){3}(?![\d.])y)+	diff=0/7481	no_auto_possess	
Z08685	yes	(?:(?:(?=[ab])\w){3}(?![ab])y)+	diff=0/7481	no_auto_possess	
Z08686	yes	(?:(?:(?=[ab])\w){3}(?![a-z])y)+	diff=0/7481	no_auto_possess	
Z08687	yes	(?:(?:(?=[ab])\w){3}(?!\w)y)+	diff=0/7481	no_auto_possess	
Z08688	yes	(?:(?:(?=[ab])\w){3}(?!\W)y)+	diff=0/7481	no_auto_possess	
Z08689	yes	(?:(?=[ab])\w){3}(?=@)y	diff=0/7481	no_auto_possess	
Z08690	yes	(?:(?=[ab])\w){3}(?=[\d.])y	diff=0/7481	no_auto_possess	
Z08691	yes	(?:(?=[ab])\w){3}(?=[ab])y	diff=0/7481	no_auto_possess	
Z08692	yes	(?:(?=[ab])\w){3}(?=[a-z])y	diff=0/7481	no_auto_possess	
Z08693	yes	(?:(?=[ab])\w){3}(?=\w)y	diff=0/7481	no_auto_possess	
Z08694	yes	(?:(?=[ab])\w){3}(?=\W)y	diff=0/7481	no_auto_possess	
Z08695	yes	x(?:(?=[ab])\w){3}(?=@)y	diff=0/7481	no_auto_possess	
Z08696	yes	x(?:(?=[ab])\w){3}(?=[\d.])y	diff=0/7481	no_auto_possess	
Z08697	yes	x(?:(?=[ab])\w){3}(?=[ab])y	diff=0/7481	no_auto_possess	
Z08698	yes	x(?:(?=[ab])\w){3}(?=[a-z])y	diff=0/7481	no_auto_possess	
Z08699	yes	x(?:(?=[ab])\w){3}(?=\w)y	diff=0/7481	no_auto_possess	
Z08700	yes	x(?:(?=[ab])\w){3}(?=\W)y	diff=0/7481	no_auto_possess	
Z08701	yes	(?:(?=[ab])\w){3}(?=@)y$	diff=0/7481	no_auto_possess	
Z08702	yes	(?:(?=[ab])\w){3}(?=[\d.])y$	diff=0/7481	no_auto_possess	
Z08703	yes	(?:(?=[ab])\w){3}(?=[ab])y$	diff=0/7481	no_auto_possess	
Z08704	yes	(?:(?=[ab])\w){3}(?=[a-z])y$	diff=0/7481	no_auto_possess	
Z08705	yes	(?:(?=[ab])\w){3}(?=\w)y$	diff=0/7481	no_auto_possess	
Z08706	yes	(?:(?=[ab])\w){3}(?=\W)y$	diff=0/7481	no_auto_possess	
Z08707	yes	(?:(?:(?=[ab])\w){3}(?=@)yy)+	diff=0/7481	no_auto_possess	
Z08708	yes	(?:(?:(?=[ab])\w){3}(?=[\d.])yy)+	diff=0/7481	no_auto_possess	
Z08709	yes	(?:(?:(?=[ab])\w){3}(?=[ab])yy)+	diff=0/7481	no_auto_possess	
Z08710	yes	(?:(?:(?=[ab])\w){3}(?=[a-z])yy)+	diff=0/7481	no_auto_possess	
Z08711	yes	(?:(?:(?=[ab])\w){3}(?=\w)yy)+	diff=0/7481	no_auto_possess	
Z08712	yes	(?:(?:(?=[ab])\w){3}(?=\W)yy)+	diff=0/7481	no_auto_possess	
Z08713	yes	(?:(?=[ab])\w){3}(?:(?=@)|y)	diff=0/7481	no_auto_possess	
Z08714	yes	(?:(?=[ab])\w){3}(?:(?=[\d.])|y)	diff=0/7481	no_auto_possess	
Z08715	yes	(?:(?=[ab])\w){3}(?:(?=[ab])|y)	diff=0/7481	no_auto_possess	
Z08716	yes	(?:(?=[ab])\w){3}(?:(?=[a-z])|y)	diff=0/7481	no_auto_possess	
Z08717	yes	(?:(?=[ab])\w){3}(?:(?=\w)|y)	diff=0/7481	no_auto_possess	
Z08718	yes	(?:(?=[ab])\w){3}(?:(?=\W)|y)	diff=0/7481	no_auto_possess	
Z08719	yes	x(?:(?=[ab])\w){3}(?:(?=@)|y)	diff=0/7481	no_auto_possess	
Z08720	yes	x(?:(?=[ab])\w){3}(?:(?=[\d.])|y)	diff=0/7481	no_auto_possess	
Z08721	yes	x(?:(?=[ab])\w){3}(?:(?=[ab])|y)	diff=0/7481	no_auto_possess	
Z08722	yes	x(?:(?=[ab])\w){3}(?:(?=[a-z])|y)	diff=0/7481	no_auto_possess	
Z08723	yes	x(?:(?=[ab])\w){3}(?:(?=\w)|y)	diff=0/7481	no_auto_possess	
Z08724	yes	x(?:(?=[ab])\w){3}(?:(?=\W)|y)	diff=0/7481	no_auto_possess	
Z08725	yes	(?:(?=[ab])\w){3}(?:(?=@)|y)$	diff=0/7481	no_auto_possess	
Z08726	yes	(?:(?=[ab])\w){3}(?:(?=[\d.])|y)$	diff=0/7481	no_auto_possess	
Z08727	yes	(?:(?=[ab])\w){3}(?:(?=[ab])|y)$	diff=0/7481	no_auto_possess	
Z08728	yes	(?:(?=[ab])\w){3}(?:(?=[a-z])|y)$	diff=0/7481	no_auto_possess	
Z08729	yes	(?:(?=[ab])\w){3}(?:(?=\w)|y)$	diff=0/7481	no_auto_possess	
Z08730	yes	(?:(?=[ab])\w){3}(?:(?=\W)|y)$	diff=0/7481	no_auto_possess	
Z08731	yes	(?:(?:(?=[ab])\w){3}(?:(?=@)|y)y)+	diff=0/7481	no_auto_possess	
Z08732	yes	(?:(?:(?=[ab])\w){3}(?:(?=[\d.])|y)y)+	diff=0/7481	no_auto_possess	
Z08733	yes	(?:(?:(?=[ab])\w){3}(?:(?=[ab])|y)y)+	diff=0/7481	no_auto_possess	
Z08734	yes	(?:(?:(?=[ab])\w){3}(?:(?=[a-z])|y)y)+	diff=0/7481	no_auto_possess	
Z08735	yes	(?:(?:(?=[ab])\w){3}(?:(?=\w)|y)y)+	diff=0/7481	no_auto_possess	
Z08736	yes	(?:(?:(?=[ab])\w){3}(?:(?=\W)|y)y)+	diff=0/7481	no_auto_possess	
Z08737	yes	(?:(?=[ab])\w){3}(?:(?!@)y|z)	diff=0/7481	no_auto_possess	
Z08738	yes	(?:(?=[ab])\w){3}(?:(?![\d.])y|z)	diff=0/7481	no_auto_possess	
Z08739	yes	(?:(?=[ab])\w){3}(?:(?![ab])y|z)	diff=0/7481	no_auto_possess	
Z08740	yes	(?:(?=[ab])\w){3}(?:(?![a-z])y|z)	diff=0/7481	no_auto_possess	
Z08741	yes	(?:(?=[ab])\w){3}(?:(?!\w)y|z)	diff=0/7481	no_auto_possess	
Z08742	yes	(?:(?=[ab])\w){3}(?:(?!\W)y|z)	diff=0/7481	no_auto_possess	
Z08743	yes	x(?:(?=[ab])\w){3}(?:(?!@)y|z)	diff=0/7481	no_auto_possess	
Z08744	yes	x(?:(?=[ab])\w){3}(?:(?![\d.])y|z)	diff=0/7481	no_auto_possess	
Z08745	yes	x(?:(?=[ab])\w){3}(?:(?![ab])y|z)	diff=0/7481	no_auto_possess	
Z08746	yes	x(?:(?=[ab])\w){3}(?:(?![a-z])y|z)	diff=0/7481	no_auto_possess	
Z08747	yes	x(?:(?=[ab])\w){3}(?:(?!\w)y|z)	diff=0/7481	no_auto_possess	
Z08748	yes	x(?:(?=[ab])\w){3}(?:(?!\W)y|z)	diff=0/7481	no_auto_possess	
Z08749	yes	(?:(?=[ab])\w){3}(?:(?!@)y|z)$	diff=0/7481	no_auto_possess	
Z08750	yes	(?:(?=[ab])\w){3}(?:(?![\d.])y|z)$	diff=0/7481	no_auto_possess	
Z08751	yes	(?:(?=[ab])\w){3}(?:(?![ab])y|z)$	diff=0/7481	no_auto_possess	
Z08752	yes	(?:(?=[ab])\w){3}(?:(?![a-z])y|z)$	diff=0/7481	no_auto_possess	
Z08753	yes	(?:(?=[ab])\w){3}(?:(?!\w)y|z)$	diff=0/7481	no_auto_possess	
Z08754	yes	(?:(?=[ab])\w){3}(?:(?!\W)y|z)$	diff=0/7481	no_auto_possess	
Z08755	yes	(?:(?:(?=[ab])\w){3}(?:(?!@)y|z)y)+	diff=0/7481	no_auto_possess	
Z08756	yes	(?:(?:(?=[ab])\w){3}(?:(?![\d.])y|z)y)+	diff=0/7481	no_auto_possess	
Z08757	yes	(?:(?:(?=[ab])\w){3}(?:(?![ab])y|z)y)+	diff=0/7481	no_auto_possess	
Z08758	yes	(?:(?:(?=[ab])\w){3}(?:(?![a-z])y|z)y)+	diff=0/7481	no_auto_possess	
Z08759	yes	(?:(?:(?=[ab])\w){3}(?:(?!\w)y|z)y)+	diff=0/7481	no_auto_possess	
Z08760	yes	(?:(?:(?=[ab])\w){3}(?:(?!\W)y|z)y)+	diff=0/7481	no_auto_possess	
Z08761	yes	(?:(?=[ab])\w){3}(?:(?=@)[ab])+	diff=0/7481	no_auto_possess	
Z08762	yes	(?:(?=[ab])\w){3}(?:(?=[\d.])[ab])+	diff=0/7481	no_auto_possess	
Z08763	yes	(?:(?=[ab])\w){3}(?:(?=[ab])[ab])+	diff=0/7481	no_auto_possess	
Z08764	yes	(?:(?=[ab])\w){3}(?:(?=[a-z])[ab])+	diff=0/7481	no_auto_possess	
Z08765	yes	(?:(?=[ab])\w){3}(?:(?=\w)[ab])+	diff=0/7481	no_auto_possess	
Z08766	yes	(?:(?=[ab])\w){3}(?:(?=\W)[ab])+	diff=0/7481	no_auto_possess	
Z08767	yes	x(?:(?=[ab])\w){3}(?:(?=@)[ab])+	diff=0/7481	no_auto_possess	
Z08768	yes	x(?:(?=[ab])\w){3}(?:(?=[\d.])[ab])+	diff=0/7481	no_auto_possess	
Z08769	yes	x(?:(?=[ab])\w){3}(?:(?=[ab])[ab])+	diff=0/7481	no_auto_possess	
Z08770	yes	x(?:(?=[ab])\w){3}(?:(?=[a-z])[ab])+	diff=0/7481	no_auto_possess	
Z08771	yes	x(?:(?=[ab])\w){3}(?:(?=\w)[ab])+	diff=0/7481	no_auto_possess	
Z08772	yes	x(?:(?=[ab])\w){3}(?:(?=\W)[ab])+	diff=0/7481	no_auto_possess	
Z08773	yes	(?:(?=[ab])\w){3}(?:(?=@)[ab])+$	diff=0/7481	no_auto_possess	
Z08774	yes	(?:(?=[ab])\w){3}(?:(?=[\d.])[ab])+$	diff=0/7481	no_auto_possess	
Z08775	yes	(?:(?=[ab])\w){3}(?:(?=[ab])[ab])+$	diff=0/7481	no_auto_possess	
Z08776	yes	(?:(?=[ab])\w){3}(?:(?=[a-z])[ab])+$	diff=0/7481	no_auto_possess	
Z08777	yes	(?:(?=[ab])\w){3}(?:(?=\w)[ab])+$	diff=0/7481	no_auto_possess	
Z08778	yes	(?:(?=[ab])\w){3}(?:(?=\W)[ab])+$	diff=0/7481	no_auto_possess	
Z08779	yes	(?:(?:(?=[ab])\w){3}(?:(?=@)[ab])+y)+	diff=0/7481	no_auto_possess	
Z08780	yes	(?:(?:(?=[ab])\w){3}(?:(?=[\d.])[ab])+y)+	diff=0/7481	no_auto_possess	
Z08781	yes	(?:(?:(?=[ab])\w){3}(?:(?=[ab])[ab])+y)+	diff=0/7481	no_auto_possess	
Z08782	yes	(?:(?:(?=[ab])\w){3}(?:(?=[a-z])[ab])+y)+	diff=0/7481	no_auto_possess	
Z08783	yes	(?:(?:(?=[ab])\w){3}(?:(?=\w)[ab])+y)+	diff=0/7481	no_auto_possess	
Z08784	yes	(?:(?:(?=[ab])\w){3}(?:(?=\W)[ab])+y)+	diff=0/7481	no_auto_possess	
Z08785	yes	(?:(?=[ab])\w){3}(?<=@)	diff=0/7481	no_auto_possess	
Z08786	yes	(?:(?=[ab])\w){3}(?<=[\d.])	diff=0/7481	no_auto_possess	
Z08787	yes	(?:(?=[ab])\w){3}(?<=[ab])	diff=0/7481	no_auto_possess	
Z08788	yes	(?:(?=[ab])\w){3}(?<=[a-z])	diff=0/7481	no_auto_possess	
Z08789	yes	(?:(?=[ab])\w){3}(?<=\w)	diff=0/7481	no_auto_possess	
Z08790	yes	(?:(?=[ab])\w){3}(?<=\W)	diff=0/7481	no_auto_possess	
Z08791	yes	x(?:(?=[ab])\w){3}(?<=@)	diff=0/7481	no_auto_possess	
Z08792	yes	x(?:(?=[ab])\w){3}(?<=[\d.])	diff=0/7481	no_auto_possess	
Z08793	yes	x(?:(?=[ab])\w){3}(?<=[ab])	diff=0/7481	no_auto_possess	
Z08794	yes	x(?:(?=[ab])\w){3}(?<=[a-z])	diff=0/7481	no_auto_possess	
Z08795	yes	x(?:(?=[ab])\w){3}(?<=\w)	diff=0/7481	no_auto_possess	
Z08796	yes	x(?:(?=[ab])\w){3}(?<=\W)	diff=0/7481	no_auto_possess	
Z08797	yes	(?:(?=[ab])\w){3}(?<=@)$	diff=0/7481	no_auto_possess	
Z08798	yes	(?:(?=[ab])\w){3}(?<=[\d.])$	diff=0/7481	no_auto_possess	
Z08799	yes	(?:(?=[ab])\w){3}(?<=[ab])$	diff=0/7481	no_auto_possess	
Z08800	yes	(?:(?=[ab])\w){3}(?<=[a-z])$	diff=0/7481	no_auto_possess	
Z08801	yes	(?:(?=[ab])\w){3}(?<=\w)$	diff=0/7481	no_auto_possess	
Z08802	yes	(?:(?=[ab])\w){3}(?<=\W)$	diff=0/7481	no_auto_possess	
Z08803	yes	(?:(?:(?=[ab])\w){3}(?<=@)y)+	diff=0/7481	no_auto_possess	
Z08804	yes	(?:(?:(?=[ab])\w){3}(?<=[\d.])y)+	diff=0/7481	no_auto_possess	
Z08805	yes	(?:(?:(?=[ab])\w){3}(?<=[ab])y)+	diff=0/7481	no_auto_possess	
Z08806	yes	(?:(?:(?=[ab])\w){3}(?<=[a-z])y)+	diff=0/7481	no_auto_possess	
Z08807	yes	(?:(?:(?=[ab])\w){3}(?<=\w)y)+	diff=0/7481	no_auto_possess	
Z08808	yes	(?:(?:(?=[ab])\w){3}(?<=\W)y)+	diff=0/7481	no_auto_possess	
Z08809	yes	(?:(?=[ab])\w){3}(?<!@)	diff=0/7481	no_auto_possess	
Z08810	yes	(?:(?=[ab])\w){3}(?<![\d.])	diff=0/7481	no_auto_possess	
Z08811	yes	(?:(?=[ab])\w){3}(?<![ab])	diff=0/7481	no_auto_possess	
Z08812	yes	(?:(?=[ab])\w){3}(?<![a-z])	diff=0/7481	no_auto_possess	
Z08813	yes	(?:(?=[ab])\w){3}(?<!\w)	diff=0/7481	no_auto_possess	
Z08814	yes	(?:(?=[ab])\w){3}(?<!\W)	diff=0/7481	no_auto_possess	
Z08815	yes	x(?:(?=[ab])\w){3}(?<!@)	diff=0/7481	no_auto_possess	
Z08816	yes	x(?:(?=[ab])\w){3}(?<![\d.])	diff=0/7481	no_auto_possess	
Z08817	yes	x(?:(?=[ab])\w){3}(?<![ab])	diff=0/7481	no_auto_possess	
Z08818	yes	x(?:(?=[ab])\w){3}(?<![a-z])	diff=0/7481	no_auto_possess	
Z08819	yes	x(?:(?=[ab])\w){3}(?<!\w)	diff=0/7481	no_auto_possess	
Z08820	yes	x(?:(?=[ab])\w){3}(?<!\W)	diff=0/7481	no_auto_possess	
Z08821	yes	(?:(?=[ab])\w){3}(?<!@)$	diff=0/7481	no_auto_possess	
Z08822	yes	(?:(?=[ab])\w){3}(?<![\d.])$	diff=0/7481	no_auto_possess	
Z08823	yes	(?:(?=[ab])\w){3}(?<![ab])$	diff=0/7481	no_auto_possess	
Z08824	yes	(?:(?=[ab])\w){3}(?<![a-z])$	diff=0/7481	no_auto_possess	
Z08825	yes	(?:(?=[ab])\w){3}(?<!\w)$	diff=0/7481	no_auto_possess	
Z08826	yes	(?:(?=[ab])\w){3}(?<!\W)$	diff=0/7481	no_auto_possess	
Z08827	yes	(?:(?:(?=[ab])\w){3}(?<!@)y)+	diff=0/7481	no_auto_possess	
Z08828	yes	(?:(?:(?=[ab])\w){3}(?<![\d.])y)+	diff=0/7481	no_auto_possess	
Z08829	yes	(?:(?:(?=[ab])\w){3}(?<![ab])y)+	diff=0/7481	no_auto_possess	
Z08830	yes	(?:(?:(?=[ab])\w){3}(?<![a-z])y)+	diff=0/7481	no_auto_possess	
Z08831	yes	(?:(?:(?=[ab])\w){3}(?<!\w)y)+	diff=0/7481	no_auto_possess	
Z08832	yes	(?:(?:(?=[ab])\w){3}(?<!\W)y)+	diff=0/7481	no_auto_possess	
Z08833	yes	(?:(?=[ab])\w){3}(?:(?=@)|)	diff=0/7481	no_auto_possess	
Z08834	yes	(?:(?=[ab])\w){3}(?:(?=[\d.])|)	diff=0/7481	no_auto_possess	
Z08835	yes	(?:(?=[ab])\w){3}(?:(?=[ab])|)	diff=0/7481	no_auto_possess	
Z08836	yes	(?:(?=[ab])\w){3}(?:(?=[a-z])|)	diff=0/7481	no_auto_possess	
Z08837	yes	(?:(?=[ab])\w){3}(?:(?=\w)|)	diff=0/7481	no_auto_possess	
Z08838	yes	(?:(?=[ab])\w){3}(?:(?=\W)|)	diff=0/7481	no_auto_possess	
Z08839	yes	x(?:(?=[ab])\w){3}(?:(?=@)|)	diff=0/7481	no_auto_possess	
Z08840	yes	x(?:(?=[ab])\w){3}(?:(?=[\d.])|)	diff=0/7481	no_auto_possess	
Z08841	yes	x(?:(?=[ab])\w){3}(?:(?=[ab])|)	diff=0/7481	no_auto_possess	
Z08842	yes	x(?:(?=[ab])\w){3}(?:(?=[a-z])|)	diff=0/7481	no_auto_possess	
Z08843	yes	x(?:(?=[ab])\w){3}(?:(?=\w)|)	diff=0/7481	no_auto_possess	
Z08844	yes	x(?:(?=[ab])\w){3}(?:(?=\W)|)	diff=0/7481	no_auto_possess	
Z08845	yes	(?:(?=[ab])\w){3}(?:(?=@)|)$	diff=0/7481	no_auto_possess	
Z08846	yes	(?:(?=[ab])\w){3}(?:(?=[\d.])|)$	diff=0/7481	no_auto_possess	
Z08847	yes	(?:(?=[ab])\w){3}(?:(?=[ab])|)$	diff=0/7481	no_auto_possess	
Z08848	yes	(?:(?=[ab])\w){3}(?:(?=[a-z])|)$	diff=0/7481	no_auto_possess	
Z08849	yes	(?:(?=[ab])\w){3}(?:(?=\w)|)$	diff=0/7481	no_auto_possess	
Z08850	yes	(?:(?=[ab])\w){3}(?:(?=\W)|)$	diff=0/7481	no_auto_possess	
Z08851	yes	(?:(?:(?=[ab])\w){3}(?:(?=@)|)y)+	diff=0/7481	no_auto_possess	
Z08852	yes	(?:(?:(?=[ab])\w){3}(?:(?=[\d.])|)y)+	diff=0/7481	no_auto_possess	
Z08853	yes	(?:(?:(?=[ab])\w){3}(?:(?=[ab])|)y)+	diff=0/7481	no_auto_possess	
Z08854	yes	(?:(?:(?=[ab])\w){3}(?:(?=[a-z])|)y)+	diff=0/7481	no_auto_possess	
Z08855	yes	(?:(?:(?=[ab])\w){3}(?:(?=\w)|)y)+	diff=0/7481	no_auto_possess	
Z08856	yes	(?:(?:(?=[ab])\w){3}(?:(?=\W)|)y)+	diff=0/7481	no_auto_possess	
Z08857	yes	(?:(?=[ab])\w){3}(?:(?!@)|)	diff=0/7481	no_auto_possess	
Z08858	yes	(?:(?=[ab])\w){3}(?:(?![\d.])|)	diff=0/7481	no_auto_possess	
Z08859	yes	(?:(?=[ab])\w){3}(?:(?![ab])|)	diff=0/7481	no_auto_possess	
Z08860	yes	(?:(?=[ab])\w){3}(?:(?![a-z])|)	diff=0/7481	no_auto_possess	
Z08861	yes	(?:(?=[ab])\w){3}(?:(?!\w)|)	diff=0/7481	no_auto_possess	
Z08862	yes	(?:(?=[ab])\w){3}(?:(?!\W)|)	diff=0/7481	no_auto_possess	
Z08863	yes	x(?:(?=[ab])\w){3}(?:(?!@)|)	diff=0/7481	no_auto_possess	
Z08864	yes	x(?:(?=[ab])\w){3}(?:(?![\d.])|)	diff=0/7481	no_auto_possess	
Z08865	yes	x(?:(?=[ab])\w){3}(?:(?![ab])|)	diff=0/7481	no_auto_possess	
Z08866	yes	x(?:(?=[ab])\w){3}(?:(?![a-z])|)	diff=0/7481	no_auto_possess	
Z08867	yes	x(?:(?=[ab])\w){3}(?:(?!\w)|)	diff=0/7481	no_auto_possess	
Z08868	yes	x(?:(?=[ab])\w){3}(?:(?!\W)|)	diff=0/7481	no_auto_possess	
Z08869	yes	(?:(?=[ab])\w){3}(?:(?!@)|)$	diff=0/7481	no_auto_possess	
Z08870	yes	(?:(?=[ab])\w){3}(?:(?![\d.])|)$	diff=0/7481	no_auto_possess	
Z08871	yes	(?:(?=[ab])\w){3}(?:(?![ab])|)$	diff=0/7481	no_auto_possess	
Z08872	yes	(?:(?=[ab])\w){3}(?:(?![a-z])|)$	diff=0/7481	no_auto_possess	
Z08873	yes	(?:(?=[ab])\w){3}(?:(?!\w)|)$	diff=0/7481	no_auto_possess	
Z08874	yes	(?:(?=[ab])\w){3}(?:(?!\W)|)$	diff=0/7481	no_auto_possess	
Z08875	yes	(?:(?:(?=[ab])\w){3}(?:(?!@)|)y)+	diff=0/7481	no_auto_possess	
Z08876	yes	(?:(?:(?=[ab])\w){3}(?:(?![\d.])|)y)+	diff=0/7481	no_auto_possess	
Z08877	yes	(?:(?:(?=[ab])\w){3}(?:(?![ab])|)y)+	diff=0/7481	no_auto_possess	
Z08878	yes	(?:(?:(?=[ab])\w){3}(?:(?![a-z])|)y)+	diff=0/7481	no_auto_possess	
Z08879	yes	(?:(?:(?=[ab])\w){3}(?:(?!\w)|)y)+	diff=0/7481	no_auto_possess	
Z08880	yes	(?:(?:(?=[ab])\w){3}(?:(?!\W)|)y)+	diff=0/7481	no_auto_possess	
Z08881	yes	(?:(?=[ab])\w)+?(?=@)	diff=0/7481	no_auto_possess	
Z08882	yes	(?:(?=[ab])\w)+?(?=[\d.])	diff=0/7481	no_auto_possess	
Z08886	yes	(?:(?=[ab])\w)+?(?=\W)	diff=0/7481	no_auto_possess	
Z08887	yes	x(?:(?=[ab])\w)+?(?=@)	diff=0/7481	no_auto_possess	
Z08888	yes	x(?:(?=[ab])\w)+?(?=[\d.])	diff=0/7481	no_auto_possess	
Z08892	yes	x(?:(?=[ab])\w)+?(?=\W)	diff=0/7481	no_auto_possess	
Z08893	yes	(?:(?=[ab])\w)+?(?=@)$	diff=0/7481	no_auto_possess	
Z08894	yes	(?:(?=[ab])\w)+?(?=[\d.])$	diff=0/7481	no_auto_possess	
Z08898	yes	(?:(?=[ab])\w)+?(?=\W)$	diff=0/7481	no_auto_possess	
Z08907	yes	(?:(?=[ab])\w)+?(?![ab])	diff=0/7481	no_auto_possess	
Z08908	yes	(?:(?=[ab])\w)+?(?![a-z])	diff=0/7481	no_auto_possess	
Z08909	yes	(?:(?=[ab])\w)+?(?!\w)	diff=0/7481	no_auto_possess	
Z08913	yes	x(?:(?=[ab])\w)+?(?![ab])	diff=0/7481	no_auto_possess	
Z08914	yes	x(?:(?=[ab])\w)+?(?![a-z])	diff=0/7481	no_auto_possess	
Z08915	yes	x(?:(?=[ab])\w)+?(?!\w)	diff=0/7481	no_auto_possess	
Z08919	yes	(?:(?=[ab])\w)+?(?![ab])$	diff=0/7481	no_auto_possess	
Z08920	yes	(?:(?=[ab])\w)+?(?![a-z])$	diff=0/7481	no_auto_possess	
Z08921	yes	(?:(?=[ab])\w)+?(?!\w)$	diff=0/7481	no_auto_possess	
Z08929	yes	(?:(?=[ab])\w)+?(?=@)y	diff=0/7481	no_auto_possess	
Z08930	yes	(?:(?=[ab])\w)+?(?=[\d.])y	diff=0/7481	no_auto_possess	
Z08934	yes	(?:(?=[ab])\w)+?(?=\W)y	diff=0/7481	no_auto_possess	
Z08935	yes	x(?:(?=[ab])\w)+?(?=@)y	diff=0/7481	no_auto_possess	
Z08936	yes	x(?:(?=[ab])\w)+?(?=[\d.])y	diff=0/7481	no_auto_possess	
Z08940	yes	x(?:(?=[ab])\w)+?(?=\W)y	diff=0/7481	no_auto_possess	
Z08941	yes	(?:(?=[ab])\w)+?(?=@)y$	diff=0/7481	no_auto_possess	
Z08942	yes	(?:(?=[ab])\w)+?(?=[\d.])y$	diff=0/7481	no_auto_possess	
Z08946	yes	(?:(?=[ab])\w)+?(?=\W)y$	diff=0/7481	no_auto_possess	
Z08953	yes	(?:(?=[ab])\w)+?(?:(?=@)|y)	diff=0/7481	no_auto_possess	
Z08954	yes	(?:(?=[ab])\w)+?(?:(?=[\d.])|y)	diff=0/7481	no_auto_possess	
Z08958	yes	(?:(?=[ab])\w)+?(?:(?=\W)|y)	diff=0/7481	no_auto_possess	
Z08959	yes	x(?:(?=[ab])\w)+?(?:(?=@)|y)	diff=0/7481	no_auto_possess	
Z08960	yes	x(?:(?=[ab])\w)+?(?:(?=[\d.])|y)	diff=0/7481	no_auto_possess	
Z08964	yes	x(?:(?=[ab])\w)+?(?:(?=\W)|y)	diff=0/7481	no_auto_possess	
Z08965	yes	(?:(?=[ab])\w)+?(?:(?=@)|y)$	diff=0/7481	no_auto_possess	
Z08966	yes	(?:(?=[ab])\w)+?(?:(?=[\d.])|y)$	diff=0/7481	no_auto_possess	
Z08970	yes	(?:(?=[ab])\w)+?(?:(?=\W)|y)$	diff=0/7481	no_auto_possess	
Z08979	yes	(?:(?=[ab])\w)+?(?:(?![ab])y|z)	diff=0/7481	no_auto_possess	
Z08980	yes	(?:(?=[ab])\w)+?(?:(?![a-z])y|z)	diff=0/7481	no_auto_possess	
Z08981	yes	(?:(?=[ab])\w)+?(?:(?!\w)y|z)	diff=0/7481	no_auto_possess	
Z08985	yes	x(?:(?=[ab])\w)+?(?:(?![ab])y|z)	diff=0/7481	no_auto_possess	
Z08986	yes	x(?:(?=[ab])\w)+?(?:(?![a-z])y|z)	diff=0/7481	no_auto_possess	
Z08987	yes	x(?:(?=[ab])\w)+?(?:(?!\w)y|z)	diff=0/7481	no_auto_possess	
Z08991	yes	(?:(?=[ab])\w)+?(?:(?![ab])y|z)$	diff=0/7481	no_auto_possess	
Z08992	yes	(?:(?=[ab])\w)+?(?:(?![a-z])y|z)$	diff=0/7481	no_auto_possess	
Z08993	yes	(?:(?=[ab])\w)+?(?:(?!\w)y|z)$	diff=0/7481	no_auto_possess	
Z09001	yes	(?:(?=[ab])\w)+?(?:(?=@)[ab])+	diff=0/7481	no_auto_possess	
Z09002	yes	(?:(?=[ab])\w)+?(?:(?=[\d.])[ab])+	diff=0/7481	no_auto_possess	
Z09006	yes	(?:(?=[ab])\w)+?(?:(?=\W)[ab])+	diff=0/7481	no_auto_possess	
Z09007	yes	x(?:(?=[ab])\w)+?(?:(?=@)[ab])+	diff=0/7481	no_auto_possess	
Z09008	yes	x(?:(?=[ab])\w)+?(?:(?=[\d.])[ab])+	diff=0/7481	no_auto_possess	
Z09012	yes	x(?:(?=[ab])\w)+?(?:(?=\W)[ab])+	diff=0/7481	no_auto_possess	
Z09013	yes	(?:(?=[ab])\w)+?(?:(?=@)[ab])+$	diff=0/7481	no_auto_possess	
Z09014	yes	(?:(?=[ab])\w)+?(?:(?=[\d.])[ab])+$	diff=0/7481	no_auto_possess	
Z09018	yes	(?:(?=[ab])\w)+?(?:(?=\W)[ab])+$	diff=0/7481	no_auto_possess	
Z09121	yes	(?:(?=[ab])\w)*?(?=@)	diff=0/7481	no_auto_possess	
Z09122	yes	(?:(?=[ab])\w)*?(?=[\d.])	diff=0/7481	no_auto_possess	
Z09126	yes	(?:(?=[ab])\w)*?(?=\W)	diff=0/7481	no_auto_possess	
Z09127	yes	x(?:(?=[ab])\w)*?(?=@)	diff=0/7481	no_auto_possess	
Z09128	yes	x(?:(?=[ab])\w)*?(?=[\d.])	diff=0/7481	no_auto_possess	
Z09132	yes	x(?:(?=[ab])\w)*?(?=\W)	diff=0/7481	no_auto_possess	
Z09133	yes	(?:(?=[ab])\w)*?(?=@)$	diff=0/7481	no_auto_possess	
Z09134	yes	(?:(?=[ab])\w)*?(?=[\d.])$	diff=0/7481	no_auto_possess	
Z09138	yes	(?:(?=[ab])\w)*?(?=\W)$	diff=0/7481	no_auto_possess	
Z09147	yes	(?:(?=[ab])\w)*?(?![ab])	diff=0/7481	no_auto_possess	
Z09148	yes	(?:(?=[ab])\w)*?(?![a-z])	diff=0/7481	no_auto_possess	
Z09149	yes	(?:(?=[ab])\w)*?(?!\w)	diff=0/7481	no_auto_possess	
Z09153	yes	x(?:(?=[ab])\w)*?(?![ab])	diff=0/7481	no_auto_possess	
Z09154	yes	x(?:(?=[ab])\w)*?(?![a-z])	diff=0/7481	no_auto_possess	
Z09155	yes	x(?:(?=[ab])\w)*?(?!\w)	diff=0/7481	no_auto_possess	
Z09159	yes	(?:(?=[ab])\w)*?(?![ab])$	diff=0/7481	no_auto_possess	
Z09160	yes	(?:(?=[ab])\w)*?(?![a-z])$	diff=0/7481	no_auto_possess	
Z09161	yes	(?:(?=[ab])\w)*?(?!\w)$	diff=0/7481	no_auto_possess	
Z09169	yes	(?:(?=[ab])\w)*?(?=@)y	diff=0/7481	no_auto_possess	
Z09170	yes	(?:(?=[ab])\w)*?(?=[\d.])y	diff=0/7481	no_auto_possess	
Z09174	yes	(?:(?=[ab])\w)*?(?=\W)y	diff=0/7481	no_auto_possess	
Z09175	yes	x(?:(?=[ab])\w)*?(?=@)y	diff=0/7481	no_auto_possess	
Z09176	yes	x(?:(?=[ab])\w)*?(?=[\d.])y	diff=0/7481	no_auto_possess	
Z09180	yes	x(?:(?=[ab])\w)*?(?=\W)y	diff=0/7481	no_auto_possess	
Z09181	yes	(?:(?=[ab])\w)*?(?=@)y$	diff=0/7481	no_auto_possess	
Z09182	yes	(?:(?=[ab])\w)*?(?=[\d.])y$	diff=0/7481	no_auto_possess	
Z09186	yes	(?:(?=[ab])\w)*?(?=\W)y$	diff=0/7481	no_auto_possess	
Z09193	yes	(?:(?=[ab])\w)*?(?:(?=@)|y)	diff=0/7481	no_auto_possess	
Z09194	yes	(?:(?=[ab])\w)*?(?:(?=[\d.])|y)	diff=0/7481	no_auto_possess	
Z09198	yes	(?:(?=[ab])\w)*?(?:(?=\W)|y)	diff=0/7481	no_auto_possess	
Z09199	yes	x(?:(?=[ab])\w)*?(?:(?=@)|y)	diff=0/7481	no_auto_possess	
Z09200	yes	x(?:(?=[ab])\w)*?(?:(?=[\d.])|y)	diff=0/7481	no_auto_possess	
Z09204	yes	x(?:(?=[ab])\w)*?(?:(?=\W)|y)	diff=0/7481	no_auto_possess	
Z09205	yes	(?:(?=[ab])\w)*?(?:(?=@)|y)$	diff=0/7481	no_auto_possess	
Z09206	yes	(?:(?=[ab])\w)*?(?:(?=[\d.])|y)$	diff=0/7481	no_auto_possess	
Z09210	yes	(?:(?=[ab])\w)*?(?:(?=\W)|y)$	diff=0/7481	no_auto_possess	
Z09219	yes	(?:(?=[ab])\w)*?(?:(?![ab])y|z)	diff=0/7481	no_auto_possess	
Z09220	yes	(?:(?=[ab])\w)*?(?:(?![a-z])y|z)	diff=0/7481	no_auto_possess	
Z09221	yes	(?:(?=[ab])\w)*?(?:(?!\w)y|z)	diff=0/7481	no_auto_possess	
Z09225	yes	x(?:(?=[ab])\w)*?(?:(?![ab])y|z)	diff=0/7481	no_auto_possess	
Z09226	yes	x(?:(?=[ab])\w)*?(?:(?![a-z])y|z)	diff=0/7481	no_auto_possess	
Z09227	yes	x(?:(?=[ab])\w)*?(?:(?!\w)y|z)	diff=0/7481	no_auto_possess	
Z09231	yes	(?:(?=[ab])\w)*?(?:(?![ab])y|z)$	diff=0/7481	no_auto_possess	
Z09232	yes	(?:(?=[ab])\w)*?(?:(?![a-z])y|z)$	diff=0/7481	no_auto_possess	
Z09233	yes	(?:(?=[ab])\w)*?(?:(?!\w)y|z)$	diff=0/7481	no_auto_possess	
Z09241	yes	(?:(?=[ab])\w)*?(?:(?=@)[ab])+	diff=0/7481	no_auto_possess	
Z09242	yes	(?:(?=[ab])\w)*?(?:(?=[\d.])[ab])+	diff=0/7481	no_auto_possess	
Z09246	yes	(?:(?=[ab])\w)*?(?:(?=\W)[ab])+	diff=0/7481	no_auto_possess	
Z09247	yes	x(?:(?=[ab])\w)*?(?:(?=@)[ab])+	diff=0/7481	no_auto_possess	
Z09248	yes	x(?:(?=[ab])\w)*?(?:(?=[\d.])[ab])+	diff=0/7481	no_auto_possess	
Z09252	yes	x(?:(?=[ab])\w)*?(?:(?=\W)[ab])+	diff=0/7481	no_auto_possess	
Z09253	yes	(?:(?=[ab])\w)*?(?:(?=@)[ab])+$	diff=0/7481	no_auto_possess	
Z09254	yes	(?:(?=[ab])\w)*?(?:(?=[\d.])[ab])+$	diff=0/7481	no_auto_possess	
Z09258	yes	(?:(?=[ab])\w)*?(?:(?=\W)[ab])+$	diff=0/7481	no_auto_possess	
Z09361	yes	(?:(?=[ab])\w){2,4}?(?=@)	diff=0/7481	no_auto_possess	
Z09362	yes	(?:(?=[ab])\w){2,4}?(?=[\d.])	diff=0/7481	no_auto_possess	
Z09366	yes	(?:(?=[ab])\w){2,4}?(?=\W)	diff=0/7481	no_auto_possess	
Z09367	yes	x(?:(?=[ab])\w){2,4}?(?=@)	diff=0/7481	no_auto_possess	
Z09368	yes	x(?:(?=[ab])\w){2,4}?(?=[\d.])	diff=0/7481	no_auto_possess	
Z09372	yes	x(?:(?=[ab])\w){2,4}?(?=\W)	diff=0/7481	no_auto_possess	
Z09373	yes	(?:(?=[ab])\w){2,4}?(?=@)$	diff=0/7481	no_auto_possess	
Z09374	yes	(?:(?=[ab])\w){2,4}?(?=[\d.])$	diff=0/7481	no_auto_possess	
Z09378	yes	(?:(?=[ab])\w){2,4}?(?=\W)$	diff=0/7481	no_auto_possess	
Z09387	yes	(?:(?=[ab])\w){2,4}?(?![ab])	diff=0/7481	no_auto_possess	
Z09388	yes	(?:(?=[ab])\w){2,4}?(?![a-z])	diff=0/7481	no_auto_possess	
Z09389	yes	(?:(?=[ab])\w){2,4}?(?!\w)	diff=0/7481	no_auto_possess	
Z09393	yes	x(?:(?=[ab])\w){2,4}?(?![ab])	diff=0/7481	no_auto_possess	
Z09394	yes	x(?:(?=[ab])\w){2,4}?(?![a-z])	diff=0/7481	no_auto_possess	
Z09395	yes	x(?:(?=[ab])\w){2,4}?(?!\w)	diff=0/7481	no_auto_possess	
Z09399	yes	(?:(?=[ab])\w){2,4}?(?![ab])$	diff=0/7481	no_auto_possess	
Z09400	yes	(?:(?=[ab])\w){2,4}?(?![a-z])$	diff=0/7481	no_auto_possess	
Z09401	yes	(?:(?=[ab])\w){2,4}?(?!\w)$	diff=0/7481	no_auto_possess	
Z09409	yes	(?:(?=[ab])\w){2,4}?(?=@)y	diff=0/7481	no_auto_possess	
Z09410	yes	(?:(?=[ab])\w){2,4}?(?=[\d.])y	diff=0/7481	no_auto_possess	
Z09414	yes	(?:(?=[ab])\w){2,4}?(?=\W)y	diff=0/7481	no_auto_possess	
Z09415	yes	x(?:(?=[ab])\w){2,4}?(?=@)y	diff=0/7481	no_auto_possess	
Z09416	yes	x(?:(?=[ab])\w){2,4}?(?=[\d.])y	diff=0/7481	no_auto_possess	
Z09420	yes	x(?:(?=[ab])\w){2,4}?(?=\W)y	diff=0/7481	no_auto_possess	
Z09421	yes	(?:(?=[ab])\w){2,4}?(?=@)y$	diff=0/7481	no_auto_possess	
Z09422	yes	(?:(?=[ab])\w){2,4}?(?=[\d.])y$	diff=0/7481	no_auto_possess	
Z09426	yes	(?:(?=[ab])\w){2,4}?(?=\W)y$	diff=0/7481	no_auto_possess	
Z09433	yes	(?:(?=[ab])\w){2,4}?(?:(?=@)|y)	diff=0/7481	no_auto_possess	
Z09434	yes	(?:(?=[ab])\w){2,4}?(?:(?=[\d.])|y)	diff=0/7481	no_auto_possess	
Z09438	yes	(?:(?=[ab])\w){2,4}?(?:(?=\W)|y)	diff=0/7481	no_auto_possess	
Z09439	yes	x(?:(?=[ab])\w){2,4}?(?:(?=@)|y)	diff=0/7481	no_auto_possess	
Z09440	yes	x(?:(?=[ab])\w){2,4}?(?:(?=[\d.])|y)	diff=0/7481	no_auto_possess	
Z09444	yes	x(?:(?=[ab])\w){2,4}?(?:(?=\W)|y)	diff=0/7481	no_auto_possess	
Z09445	yes	(?:(?=[ab])\w){2,4}?(?:(?=@)|y)$	diff=0/7481	no_auto_possess	
Z09446	yes	(?:(?=[ab])\w){2,4}?(?:(?=[\d.])|y)$	diff=0/7481	no_auto_possess	
Z09450	yes	(?:(?=[ab])\w){2,4}?(?:(?=\W)|y)$	diff=0/7481	no_auto_possess	
Z09459	yes	(?:(?=[ab])\w){2,4}?(?:(?![ab])y|z)	diff=0/7481	no_auto_possess	
Z09460	yes	(?:(?=[ab])\w){2,4}?(?:(?![a-z])y|z)	diff=0/7481	no_auto_possess	
Z09461	yes	(?:(?=[ab])\w){2,4}?(?:(?!\w)y|z)	diff=0/7481	no_auto_possess	
Z09465	yes	x(?:(?=[ab])\w){2,4}?(?:(?![ab])y|z)	diff=0/7481	no_auto_possess	
Z09466	yes	x(?:(?=[ab])\w){2,4}?(?:(?![a-z])y|z)	diff=0/7481	no_auto_possess	
Z09467	yes	x(?:(?=[ab])\w){2,4}?(?:(?!\w)y|z)	diff=0/7481	no_auto_possess	
Z09471	yes	(?:(?=[ab])\w){2,4}?(?:(?![ab])y|z)$	diff=0/7481	no_auto_possess	
Z09472	yes	(?:(?=[ab])\w){2,4}?(?:(?![a-z])y|z)$	diff=0/7481	no_auto_possess	
Z09473	yes	(?:(?=[ab])\w){2,4}?(?:(?!\w)y|z)$	diff=0/7481	no_auto_possess	
Z09481	yes	(?:(?=[ab])\w){2,4}?(?:(?=@)[ab])+	diff=0/7481	no_auto_possess	
Z09482	yes	(?:(?=[ab])\w){2,4}?(?:(?=[\d.])[ab])+	diff=0/7481	no_auto_possess	
Z09486	yes	(?:(?=[ab])\w){2,4}?(?:(?=\W)[ab])+	diff=0/7481	no_auto_possess	
Z09487	yes	x(?:(?=[ab])\w){2,4}?(?:(?=@)[ab])+	diff=0/7481	no_auto_possess	
Z09488	yes	x(?:(?=[ab])\w){2,4}?(?:(?=[\d.])[ab])+	diff=0/7481	no_auto_possess	
Z09492	yes	x(?:(?=[ab])\w){2,4}?(?:(?=\W)[ab])+	diff=0/7481	no_auto_possess	
Z09493	yes	(?:(?=[ab])\w){2,4}?(?:(?=@)[ab])+$	diff=0/7481	no_auto_possess	
Z09494	yes	(?:(?=[ab])\w){2,4}?(?:(?=[\d.])[ab])+$	diff=0/7481	no_auto_possess	
Z09498	yes	(?:(?=[ab])\w){2,4}?(?:(?=\W)[ab])+$	diff=0/7481	no_auto_possess	
Z09601	yes	(?:\w(?!\d))+(?=@)	diff=0/7481	no_auto_possess	
Z09606	yes	(?:\w(?!\d))+(?=\W)	diff=0/7481	no_auto_possess	
Z09607	yes	x(?:\w(?!\d))+(?=@)	diff=0/7481	no_auto_possess	
Z09612	yes	x(?:\w(?!\d))+(?=\W)	diff=0/7481	no_auto_possess	
Z09613	yes	(?:\w(?!\d))+(?=@)$	diff=0/7481	no_auto_possess	
Z09618	yes	(?:\w(?!\d))+(?=\W)$	diff=0/7481	no_auto_possess	
Z09629	yes	(?:\w(?!\d))+(?!\w)	diff=0/7481	no_auto_possess	
Z09635	yes	x(?:\w(?!\d))+(?!\w)	diff=0/7481	no_auto_possess	
Z09641	yes	(?:\w(?!\d))+(?!\w)$	diff=0/7481	no_auto_possess	
Z09649	yes	(?:\w(?!\d))+(?=@)y	diff=0/7481	no_auto_possess	
Z09654	yes	(?:\w(?!\d))+(?=\W)y	diff=0/7481	no_auto_possess	
Z09655	yes	x(?:\w(?!\d))+(?=@)y	diff=0/7481	no_auto_possess	
Z09660	yes	x(?:\w(?!\d))+(?=\W)y	diff=0/7481	no_auto_possess	
Z09661	yes	(?:\w(?!\d))+(?=@)y$	diff=0/7481	no_auto_possess	
Z09666	yes	(?:\w(?!\d))+(?=\W)y$	diff=0/7481	no_auto_possess	
Z09721	yes	(?:\w(?!\d))+(?:(?=@)[ab])+	diff=0/7481	no_auto_possess	
Z09726	yes	(?:\w(?!\d))+(?:(?=\W)[ab])+	diff=0/7481	no_auto_possess	
Z09727	yes	x(?:\w(?!\d))+(?:(?=@)[ab])+	diff=0/7481	no_auto_possess	
Z09732	yes	x(?:\w(?!\d))+(?:(?=\W)[ab])+	diff=0/7481	no_auto_possess	
Z09733	yes	(?:\w(?!\d))+(?:(?=@)[ab])+$	diff=0/7481	no_auto_possess	
Z09738	yes	(?:\w(?!\d))+(?:(?=\W)[ab])+$	diff=0/7481	no_auto_possess	
Z09745	yes	(?:\w(?!\d))+(?<=@)	diff=0/7481	no_auto_possess	
Z09750	yes	(?:\w(?!\d))+(?<=\W)	diff=0/7481	no_auto_possess	
Z09751	yes	x(?:\w(?!\d))+(?<=@)	diff=0/7481	no_auto_possess	
Z09756	yes	x(?:\w(?!\d))+(?<=\W)	diff=0/7481	no_auto_possess	
Z09757	yes	(?:\w(?!\d))+(?<=@)$	diff=0/7481	no_auto_possess	
Z09762	yes	(?:\w(?!\d))+(?<=\W)$	diff=0/7481	no_auto_possess	
Z09773	yes	(?:\w(?!\d))+(?<!\w)	diff=0/7481	no_auto_possess	
Z09779	yes	x(?:\w(?!\d))+(?<!\w)	diff=0/7481	no_auto_possess	
Z09785	yes	(?:\w(?!\d))+(?<!\w)$	diff=0/7481	no_auto_possess	
Z09793	yes	(?:\w(?!\d))+(?:(?=@)|)	diff=0/7481	no_auto_possess	
Z09798	yes	(?:\w(?!\d))+(?:(?=\W)|)	diff=0/7481	no_auto_possess	
Z09799	yes	x(?:\w(?!\d))+(?:(?=@)|)	diff=0/7481	no_auto_possess	
Z09804	yes	x(?:\w(?!\d))+(?:(?=\W)|)	diff=0/7481	no_auto_possess	
Z09805	yes	(?:\w(?!\d))+(?:(?=@)|)$	diff=0/7481	no_auto_possess	
Z09810	yes	(?:\w(?!\d))+(?:(?=\W)|)$	diff=0/7481	no_auto_possess	
Z09821	yes	(?:\w(?!\d))+(?:(?!\w)|)	diff=0/7481	no_auto_possess	
Z09827	yes	x(?:\w(?!\d))+(?:(?!\w)|)	diff=0/7481	no_auto_possess	
Z09833	yes	(?:\w(?!\d))+(?:(?!\w)|)$	diff=0/7481	no_auto_possess	
Z09841	yes	(?:\w(?!\d))*(?=@)	diff=0/7481	no_auto_possess	
Z09846	yes	(?:\w(?!\d))*(?=\W)	diff=0/7481	no_auto_possess	
Z09847	yes	x(?:\w(?!\d))*(?=@)	diff=0/7481	no_auto_possess	
Z09852	yes	x(?:\w(?!\d))*(?=\W)	diff=0/7481	no_auto_possess	
Z09853	yes	(?:\w(?!\d))*(?=@)$	diff=0/7481	no_auto_possess	
Z09858	yes	(?:\w(?!\d))*(?=\W)$	diff=0/7481	no_auto_possess	
Z09869	yes	(?:\w(?!\d))*(?!\w)	diff=0/7481	no_auto_possess	
Z09875	yes	x(?:\w(?!\d))*(?!\w)	diff=0/7481	no_auto_possess	
Z09881	yes	(?:\w(?!\d))*(?!\w)$	diff=0/7481	no_auto_possess	
Z09889	yes	(?:\w(?!\d))*(?=@)y	diff=0/7481	no_auto_possess	
Z09894	yes	(?:\w(?!\d))*(?=\W)y	diff=0/7481	no_auto_possess	
Z09895	yes	x(?:\w(?!\d))*(?=@)y	diff=0/7481	no_auto_possess	
Z09900	yes	x(?:\w(?!\d))*(?=\W)y	diff=0/7481	no_auto_possess	
Z09901	yes	(?:\w(?!\d))*(?=@)y$	diff=0/7481	no_auto_possess	
Z09906	yes	(?:\w(?!\d))*(?=\W)y$	diff=0/7481	no_auto_possess	
Z09961	yes	(?:\w(?!\d))*(?:(?=@)[ab])+	diff=0/7481	no_auto_possess	
Z09966	yes	(?:\w(?!\d))*(?:(?=\W)[ab])+	diff=0/7481	no_auto_possess	
Z09967	yes	x(?:\w(?!\d))*(?:(?=@)[ab])+	diff=0/7481	no_auto_possess	
Z09972	yes	x(?:\w(?!\d))*(?:(?=\W)[ab])+	diff=0/7481	no_auto_possess	
Z09973	yes	(?:\w(?!\d))*(?:(?=@)[ab])+$	diff=0/7481	no_auto_possess	
Z09978	yes	(?:\w(?!\d))*(?:(?=\W)[ab])+$	diff=0/7481	no_auto_possess	
Z10033	yes	(?:\w(?!\d))*(?:(?=@)|)	diff=0/7481	no_auto_possess	
Z10038	yes	(?:\w(?!\d))*(?:(?=\W)|)	diff=0/7481	no_auto_possess	
Z10039	yes	x(?:\w(?!\d))*(?:(?=@)|)	diff=0/7481	no_auto_possess	
Z10044	yes	x(?:\w(?!\d))*(?:(?=\W)|)	diff=0/7481	no_auto_possess	
Z10045	yes	(?:\w(?!\d))*(?:(?=@)|)$	diff=0/7481	no_auto_possess	
Z10050	yes	(?:\w(?!\d))*(?:(?=\W)|)$	diff=0/7481	no_auto_possess	
Z10061	yes	(?:\w(?!\d))*(?:(?!\w)|)	diff=0/7481	no_auto_possess	
Z10067	yes	x(?:\w(?!\d))*(?:(?!\w)|)	diff=0/7481	no_auto_possess	
Z10073	yes	(?:\w(?!\d))*(?:(?!\w)|)$	diff=0/7481	no_auto_possess	
Z10081	yes	(?:\w(?!\d))?(?=@)	diff=0/7481	no_auto_possess	
Z10086	yes	(?:\w(?!\d))?(?=\W)	diff=0/7481	no_auto_possess	
Z10087	yes	x(?:\w(?!\d))?(?=@)	diff=0/7481	no_auto_possess	
Z10092	yes	x(?:\w(?!\d))?(?=\W)	diff=0/7481	no_auto_possess	
Z10093	yes	(?:\w(?!\d))?(?=@)$	diff=0/7481	no_auto_possess	
Z10098	yes	(?:\w(?!\d))?(?=\W)$	diff=0/7481	no_auto_possess	
Z10109	yes	(?:\w(?!\d))?(?!\w)	diff=0/7481	no_auto_possess	
Z10115	yes	x(?:\w(?!\d))?(?!\w)	diff=0/7481	no_auto_possess	
Z10121	yes	(?:\w(?!\d))?(?!\w)$	diff=0/7481	no_auto_possess	
Z10129	yes	(?:\w(?!\d))?(?=@)y	diff=0/7481	no_auto_possess	
Z10134	yes	(?:\w(?!\d))?(?=\W)y	diff=0/7481	no_auto_possess	
Z10135	yes	x(?:\w(?!\d))?(?=@)y	diff=0/7481	no_auto_possess	
Z10140	yes	x(?:\w(?!\d))?(?=\W)y	diff=0/7481	no_auto_possess	
Z10141	yes	(?:\w(?!\d))?(?=@)y$	diff=0/7481	no_auto_possess	
Z10146	yes	(?:\w(?!\d))?(?=\W)y$	diff=0/7481	no_auto_possess	
Z10201	yes	(?:\w(?!\d))?(?:(?=@)[ab])+	diff=0/7481	no_auto_possess	
Z10206	yes	(?:\w(?!\d))?(?:(?=\W)[ab])+	diff=0/7481	no_auto_possess	
Z10207	yes	x(?:\w(?!\d))?(?:(?=@)[ab])+	diff=0/7481	no_auto_possess	
Z10212	yes	x(?:\w(?!\d))?(?:(?=\W)[ab])+	diff=0/7481	no_auto_possess	
Z10213	yes	(?:\w(?!\d))?(?:(?=@)[ab])+$	diff=0/7481	no_auto_possess	
Z10218	yes	(?:\w(?!\d))?(?:(?=\W)[ab])+$	diff=0/7481	no_auto_possess	
Z10273	yes	(?:\w(?!\d))?(?:(?=@)|)	diff=0/7481	no_auto_possess	
Z10278	yes	(?:\w(?!\d))?(?:(?=\W)|)	diff=0/7481	no_auto_possess	
Z10279	yes	x(?:\w(?!\d))?(?:(?=@)|)	diff=0/7481	no_auto_possess	
Z10284	yes	x(?:\w(?!\d))?(?:(?=\W)|)	diff=0/7481	no_auto_possess	
Z10285	yes	(?:\w(?!\d))?(?:(?=@)|)$	diff=0/7481	no_auto_possess	
Z10290	yes	(?:\w(?!\d))?(?:(?=\W)|)$	diff=0/7481	no_auto_possess	
Z10301	yes	(?:\w(?!\d))?(?:(?!\w)|)	diff=0/7481	no_auto_possess	
Z10307	yes	x(?:\w(?!\d))?(?:(?!\w)|)	diff=0/7481	no_auto_possess	
Z10313	yes	(?:\w(?!\d))?(?:(?!\w)|)$	diff=0/7481	no_auto_possess	
Z10321	yes	(?:\w(?!\d)){2,4}(?=@)	diff=0/7481	no_auto_possess	
Z10326	yes	(?:\w(?!\d)){2,4}(?=\W)	diff=0/7481	no_auto_possess	
Z10327	yes	x(?:\w(?!\d)){2,4}(?=@)	diff=0/7481	no_auto_possess	
Z10332	yes	x(?:\w(?!\d)){2,4}(?=\W)	diff=0/7481	no_auto_possess	
Z10333	yes	(?:\w(?!\d)){2,4}(?=@)$	diff=0/7481	no_auto_possess	
Z10338	yes	(?:\w(?!\d)){2,4}(?=\W)$	diff=0/7481	no_auto_possess	
Z10349	yes	(?:\w(?!\d)){2,4}(?!\w)	diff=0/7481	no_auto_possess	
Z10355	yes	x(?:\w(?!\d)){2,4}(?!\w)	diff=0/7481	no_auto_possess	
Z10361	yes	(?:\w(?!\d)){2,4}(?!\w)$	diff=0/7481	no_auto_possess	
Z10369	yes	(?:\w(?!\d)){2,4}(?=@)y	diff=0/7481	no_auto_possess	
Z10374	yes	(?:\w(?!\d)){2,4}(?=\W)y	diff=0/7481	no_auto_possess	
Z10375	yes	x(?:\w(?!\d)){2,4}(?=@)y	diff=0/7481	no_auto_possess	
Z10380	yes	x(?:\w(?!\d)){2,4}(?=\W)y	diff=0/7481	no_auto_possess	
Z10381	yes	(?:\w(?!\d)){2,4}(?=@)y$	diff=0/7481	no_auto_possess	
Z10386	yes	(?:\w(?!\d)){2,4}(?=\W)y$	diff=0/7481	no_auto_possess	
Z10441	yes	(?:\w(?!\d)){2,4}(?:(?=@)[ab])+	diff=0/7481	no_auto_possess	
Z10446	yes	(?:\w(?!\d)){2,4}(?:(?=\W)[ab])+	diff=0/7481	no_auto_possess	
Z10447	yes	x(?:\w(?!\d)){2,4}(?:(?=@)[ab])+	diff=0/7481	no_auto_possess	
Z10452	yes	x(?:\w(?!\d)){2,4}(?:(?=\W)[ab])+	diff=0/7481	no_auto_possess	
Z10453	yes	(?:\w(?!\d)){2,4}(?:(?=@)[ab])+$	diff=0/7481	no_auto_possess	
Z10458	yes	(?:\w(?!\d)){2,4}(?:(?=\W)[ab])+$	diff=0/7481	no_auto_possess	
Z10465	yes	(?:\w(?!\d)){2,4}(?<=@)	diff=0/7481	no_auto_possess	
Z10470	yes	(?:\w(?!\d)){2,4}(?<=\W)	diff=0/7481	no_auto_possess	
Z10471	yes	x(?:\w(?!\d)){2,4}(?<=@)	diff=0/7481	no_auto_possess	
Z10476	yes	x(?:\w(?!\d)){2,4}(?<=\W)	diff=0/7481	no_auto_possess	
Z10477	yes	(?:\w(?!\d)){2,4}(?<=@)$	diff=0/7481	no_auto_possess	
Z10482	yes	(?:\w(?!\d)){2,4}(?<=\W)$	diff=0/7481	no_auto_possess	
Z10493	yes	(?:\w(?!\d)){2,4}(?<!\w)	diff=0/7481	no_auto_possess	
Z10499	yes	x(?:\w(?!\d)){2,4}(?<!\w)	diff=0/7481	no_auto_possess	
Z10505	yes	(?:\w(?!\d)){2,4}(?<!\w)$	diff=0/7481	no_auto_possess	
Z10513	yes	(?:\w(?!\d)){2,4}(?:(?=@)|)	diff=0/7481	no_auto_possess	
Z10518	yes	(?:\w(?!\d)){2,4}(?:(?=\W)|)	diff=0/7481	no_auto_possess	
Z10519	yes	x(?:\w(?!\d)){2,4}(?:(?=@)|)	diff=0/7481	no_auto_possess	
Z10524	yes	x(?:\w(?!\d)){2,4}(?:(?=\W)|)	diff=0/7481	no_auto_possess	
Z10525	yes	(?:\w(?!\d)){2,4}(?:(?=@)|)$	diff=0/7481	no_auto_possess	
Z10530	yes	(?:\w(?!\d)){2,4}(?:(?=\W)|)$	diff=0/7481	no_auto_possess	
Z10541	yes	(?:\w(?!\d)){2,4}(?:(?!\w)|)	diff=0/7481	no_auto_possess	
Z10547	yes	x(?:\w(?!\d)){2,4}(?:(?!\w)|)	diff=0/7481	no_auto_possess	
Z10553	yes	(?:\w(?!\d)){2,4}(?:(?!\w)|)$	diff=0/7481	no_auto_possess	
Z10561	yes	(?:\w(?!\d)){3}(?=@)	diff=0/7481	no_auto_possess	
Z10562	yes	(?:\w(?!\d)){3}(?=[\d.])	diff=0/7481	no_auto_possess	
Z10563	yes	(?:\w(?!\d)){3}(?=[ab])	diff=0/7481	no_auto_possess	
Z10564	yes	(?:\w(?!\d)){3}(?=[a-z])	diff=0/7481	no_auto_possess	
Z10565	yes	(?:\w(?!\d)){3}(?=\w)	diff=0/7481	no_auto_possess	
Z10566	yes	(?:\w(?!\d)){3}(?=\W)	diff=0/7481	no_auto_possess	
Z10567	yes	x(?:\w(?!\d)){3}(?=@)	diff=0/7481	no_auto_possess	
Z10568	yes	x(?:\w(?!\d)){3}(?=[\d.])	diff=0/7481	no_auto_possess	
Z10569	yes	x(?:\w(?!\d)){3}(?=[ab])	diff=0/7481	no_auto_possess	
Z10570	yes	x(?:\w(?!\d)){3}(?=[a-z])	diff=0/7481	no_auto_possess	
Z10571	yes	x(?:\w(?!\d)){3}(?=\w)	diff=0/7481	no_auto_possess	
Z10572	yes	x(?:\w(?!\d)){3}(?=\W)	diff=0/7481	no_auto_possess	
Z10573	yes	(?:\w(?!\d)){3}(?=@)$	diff=0/7481	no_auto_possess	
Z10574	yes	(?:\w(?!\d)){3}(?=[\d.])$	diff=0/7481	no_auto_possess	
Z10575	yes	(?:\w(?!\d)){3}(?=[ab])$	diff=0/7481	no_auto_possess	
Z10576	yes	(?:\w(?!\d)){3}(?=[a-z])$	diff=0/7481	no_auto_possess	
Z10577	yes	(?:\w(?!\d)){3}(?=\w)$	diff=0/7481	no_auto_possess	
Z10578	yes	(?:\w(?!\d)){3}(?=\W)$	diff=0/7481	no_auto_possess	
Z10579	yes	(?:(?:\w(?!\d)){3}(?=@)y)+	diff=0/7481	no_auto_possess	
Z10580	yes	(?:(?:\w(?!\d)){3}(?=[\d.])y)+	diff=0/7481	no_auto_possess	
Z10581	yes	(?:(?:\w(?!\d)){3}(?=[ab])y)+	diff=0/7481	no_auto_possess	
Z10582	yes	(?:(?:\w(?!\d)){3}(?=[a-z])y)+	diff=0/7481	no_auto_possess	
Z10583	yes	(?:(?:\w(?!\d)){3}(?=\w)y)+	diff=0/7481	no_auto_possess	
Z10584	yes	(?:(?:\w(?!\d)){3}(?=\W)y)+	diff=0/7481	no_auto_possess	
Z10585	yes	(?:\w(?!\d)){3}(?!@)	diff=0/7481	no_auto_possess	
Z10586	yes	(?:\w(?!\d)){3}(?![\d.])	diff=0/7481	no_auto_possess	
Z10587	yes	(?:\w(?!\d)){3}(?![ab])	diff=0/7481	no_auto_possess	
Z10588	yes	(?:\w(?!\d)){3}(?![a-z])	diff=0/7481	no_auto_possess	
Z10589	yes	(?:\w(?!\d)){3}(?!\w)	diff=0/7481	no_auto_possess	
Z10590	yes	(?:\w(?!\d)){3}(?!\W)	diff=0/7481	no_auto_possess	
Z10591	yes	x(?:\w(?!\d)){3}(?!@)	diff=0/7481	no_auto_possess	
Z10592	yes	x(?:\w(?!\d)){3}(?![\d.])	diff=0/7481	no_auto_possess	
Z10593	yes	x(?:\w(?!\d)){3}(?![ab])	diff=0/7481	no_auto_possess	
Z10594	yes	x(?:\w(?!\d)){3}(?![a-z])	diff=0/7481	no_auto_possess	
Z10595	yes	x(?:\w(?!\d)){3}(?!\w)	diff=0/7481	no_auto_possess	
Z10596	yes	x(?:\w(?!\d)){3}(?!\W)	diff=0/7481	no_auto_possess	
Z10597	yes	(?:\w(?!\d)){3}(?!@)$	diff=0/7481	no_auto_possess	
Z10598	yes	(?:\w(?!\d)){3}(?![\d.])$	diff=0/7481	no_auto_possess	
Z10599	yes	(?:\w(?!\d)){3}(?![ab])$	diff=0/7481	no_auto_possess	
Z10600	yes	(?:\w(?!\d)){3}(?![a-z])$	diff=0/7481	no_auto_possess	
Z10601	yes	(?:\w(?!\d)){3}(?!\w)$	diff=0/7481	no_auto_possess	
Z10602	yes	(?:\w(?!\d)){3}(?!\W)$	diff=0/7481	no_auto_possess	
Z10603	yes	(?:(?:\w(?!\d)){3}(?!@)y)+	diff=0/7481	no_auto_possess	
Z10604	yes	(?:(?:\w(?!\d)){3}(?![\d.])y)+	diff=0/7481	no_auto_possess	
Z10605	yes	(?:(?:\w(?!\d)){3}(?![ab])y)+	diff=0/7481	no_auto_possess	
Z10606	yes	(?:(?:\w(?!\d)){3}(?![a-z])y)+	diff=0/7481	no_auto_possess	
Z10607	yes	(?:(?:\w(?!\d)){3}(?!\w)y)+	diff=0/7481	no_auto_possess	
Z10608	yes	(?:(?:\w(?!\d)){3}(?!\W)y)+	diff=0/7481	no_auto_possess	
Z10609	yes	(?:\w(?!\d)){3}(?=@)y	diff=0/7481	no_auto_possess	
Z10610	yes	(?:\w(?!\d)){3}(?=[\d.])y	diff=0/7481	no_auto_possess	
Z10611	yes	(?:\w(?!\d)){3}(?=[ab])y	diff=0/7481	no_auto_possess	
Z10612	yes	(?:\w(?!\d)){3}(?=[a-z])y	diff=0/7481	no_auto_possess	
Z10613	yes	(?:\w(?!\d)){3}(?=\w)y	diff=0/7481	no_auto_possess	
Z10614	yes	(?:\w(?!\d)){3}(?=\W)y	diff=0/7481	no_auto_possess	
Z10615	yes	x(?:\w(?!\d)){3}(?=@)y	diff=0/7481	no_auto_possess	
Z10616	yes	x(?:\w(?!\d)){3}(?=[\d.])y	diff=0/7481	no_auto_possess	
Z10617	yes	x(?:\w(?!\d)){3}(?=[ab])y	diff=0/7481	no_auto_possess	
Z10618	yes	x(?:\w(?!\d)){3}(?=[a-z])y	diff=0/7481	no_auto_possess	
Z10619	yes	x(?:\w(?!\d)){3}(?=\w)y	diff=0/7481	no_auto_possess	
Z10620	yes	x(?:\w(?!\d)){3}(?=\W)y	diff=0/7481	no_auto_possess	
Z10621	yes	(?:\w(?!\d)){3}(?=@)y$	diff=0/7481	no_auto_possess	
Z10622	yes	(?:\w(?!\d)){3}(?=[\d.])y$	diff=0/7481	no_auto_possess	
Z10623	yes	(?:\w(?!\d)){3}(?=[ab])y$	diff=0/7481	no_auto_possess	
Z10624	yes	(?:\w(?!\d)){3}(?=[a-z])y$	diff=0/7481	no_auto_possess	
Z10625	yes	(?:\w(?!\d)){3}(?=\w)y$	diff=0/7481	no_auto_possess	
Z10626	yes	(?:\w(?!\d)){3}(?=\W)y$	diff=0/7481	no_auto_possess	
Z10627	yes	(?:(?:\w(?!\d)){3}(?=@)yy)+	diff=0/7481	no_auto_possess	
Z10628	yes	(?:(?:\w(?!\d)){3}(?=[\d.])yy)+	diff=0/7481	no_auto_possess	
Z10629	yes	(?:(?:\w(?!\d)){3}(?=[ab])yy)+	diff=0/7481	no_auto_possess	
Z10630	yes	(?:(?:\w(?!\d)){3}(?=[a-z])yy)+	diff=0/7481	no_auto_possess	
Z10631	yes	(?:(?:\w(?!\d)){3}(?=\w)yy)+	diff=0/7481	no_auto_possess	
Z10632	yes	(?:(?:\w(?!\d)){3}(?=\W)yy)+	diff=0/7481	no_auto_possess	
Z10633	yes	(?:\w(?!\d)){3}(?:(?=@)|y)	diff=0/7481	no_auto_possess	
Z10634	yes	(?:\w(?!\d)){3}(?:(?=[\d.])|y)	diff=0/7481	no_auto_possess	
Z10635	yes	(?:\w(?!\d)){3}(?:(?=[ab])|y)	diff=0/7481	no_auto_possess	
Z10636	yes	(?:\w(?!\d)){3}(?:(?=[a-z])|y)	diff=0/7481	no_auto_possess	
Z10637	yes	(?:\w(?!\d)){3}(?:(?=\w)|y)	diff=0/7481	no_auto_possess	
Z10638	yes	(?:\w(?!\d)){3}(?:(?=\W)|y)	diff=0/7481	no_auto_possess	
Z10639	yes	x(?:\w(?!\d)){3}(?:(?=@)|y)	diff=0/7481	no_auto_possess	
Z10640	yes	x(?:\w(?!\d)){3}(?:(?=[\d.])|y)	diff=0/7481	no_auto_possess	
Z10641	yes	x(?:\w(?!\d)){3}(?:(?=[ab])|y)	diff=0/7481	no_auto_possess	
Z10642	yes	x(?:\w(?!\d)){3}(?:(?=[a-z])|y)	diff=0/7481	no_auto_possess	
Z10643	yes	x(?:\w(?!\d)){3}(?:(?=\w)|y)	diff=0/7481	no_auto_possess	
Z10644	yes	x(?:\w(?!\d)){3}(?:(?=\W)|y)	diff=0/7481	no_auto_possess	
Z10645	yes	(?:\w(?!\d)){3}(?:(?=@)|y)$	diff=0/7481	no_auto_possess	
Z10646	yes	(?:\w(?!\d)){3}(?:(?=[\d.])|y)$	diff=0/7481	no_auto_possess	
Z10647	yes	(?:\w(?!\d)){3}(?:(?=[ab])|y)$	diff=0/7481	no_auto_possess	
Z10648	yes	(?:\w(?!\d)){3}(?:(?=[a-z])|y)$	diff=0/7481	no_auto_possess	
Z10649	yes	(?:\w(?!\d)){3}(?:(?=\w)|y)$	diff=0/7481	no_auto_possess	
Z10650	yes	(?:\w(?!\d)){3}(?:(?=\W)|y)$	diff=0/7481	no_auto_possess	
Z10651	yes	(?:(?:\w(?!\d)){3}(?:(?=@)|y)y)+	diff=0/7481	no_auto_possess	
Z10652	yes	(?:(?:\w(?!\d)){3}(?:(?=[\d.])|y)y)+	diff=0/7481	no_auto_possess	
Z10653	yes	(?:(?:\w(?!\d)){3}(?:(?=[ab])|y)y)+	diff=0/7481	no_auto_possess	
Z10654	yes	(?:(?:\w(?!\d)){3}(?:(?=[a-z])|y)y)+	diff=0/7481	no_auto_possess	
Z10655	yes	(?:(?:\w(?!\d)){3}(?:(?=\w)|y)y)+	diff=0/7481	no_auto_possess	
Z10656	yes	(?:(?:\w(?!\d)){3}(?:(?=\W)|y)y)+	diff=0/7481	no_auto_possess	
Z10657	yes	(?:\w(?!\d)){3}(?:(?!@)y|z)	diff=0/7481	no_auto_possess	
Z10658	yes	(?:\w(?!\d)){3}(?:(?![\d.])y|z)	diff=0/7481	no_auto_possess	
Z10659	yes	(?:\w(?!\d)){3}(?:(?![ab])y|z)	diff=0/7481	no_auto_possess	
Z10660	yes	(?:\w(?!\d)){3}(?:(?![a-z])y|z)	diff=0/7481	no_auto_possess	
Z10661	yes	(?:\w(?!\d)){3}(?:(?!\w)y|z)	diff=0/7481	no_auto_possess	
Z10662	yes	(?:\w(?!\d)){3}(?:(?!\W)y|z)	diff=0/7481	no_auto_possess	
Z10663	yes	x(?:\w(?!\d)){3}(?:(?!@)y|z)	diff=0/7481	no_auto_possess	
Z10664	yes	x(?:\w(?!\d)){3}(?:(?![\d.])y|z)	diff=0/7481	no_auto_possess	
Z10665	yes	x(?:\w(?!\d)){3}(?:(?![ab])y|z)	diff=0/7481	no_auto_possess	
Z10666	yes	x(?:\w(?!\d)){3}(?:(?![a-z])y|z)	diff=0/7481	no_auto_possess	
Z10667	yes	x(?:\w(?!\d)){3}(?:(?!\w)y|z)	diff=0/7481	no_auto_possess	
Z10668	yes	x(?:\w(?!\d)){3}(?:(?!\W)y|z)	diff=0/7481	no_auto_possess	
Z10669	yes	(?:\w(?!\d)){3}(?:(?!@)y|z)$	diff=0/7481	no_auto_possess	
Z10670	yes	(?:\w(?!\d)){3}(?:(?![\d.])y|z)$	diff=0/7481	no_auto_possess	
Z10671	yes	(?:\w(?!\d)){3}(?:(?![ab])y|z)$	diff=0/7481	no_auto_possess	
Z10672	yes	(?:\w(?!\d)){3}(?:(?![a-z])y|z)$	diff=0/7481	no_auto_possess	
Z10673	yes	(?:\w(?!\d)){3}(?:(?!\w)y|z)$	diff=0/7481	no_auto_possess	
Z10674	yes	(?:\w(?!\d)){3}(?:(?!\W)y|z)$	diff=0/7481	no_auto_possess	
Z10675	yes	(?:(?:\w(?!\d)){3}(?:(?!@)y|z)y)+	diff=0/7481	no_auto_possess	
Z10676	yes	(?:(?:\w(?!\d)){3}(?:(?![\d.])y|z)y)+	diff=0/7481	no_auto_possess	
Z10677	yes	(?:(?:\w(?!\d)){3}(?:(?![ab])y|z)y)+	diff=0/7481	no_auto_possess	
Z10678	yes	(?:(?:\w(?!\d)){3}(?:(?![a-z])y|z)y)+	diff=0/7481	no_auto_possess	
Z10679	yes	(?:(?:\w(?!\d)){3}(?:(?!\w)y|z)y)+	diff=0/7481	no_auto_possess	
Z10680	yes	(?:(?:\w(?!\d)){3}(?:(?!\W)y|z)y)+	diff=0/7481	no_auto_possess	
Z10681	yes	(?:\w(?!\d)){3}(?:(?=@)[ab])+	diff=0/7481	no_auto_possess	
Z10682	yes	(?:\w(?!\d)){3}(?:(?=[\d.])[ab])+	diff=0/7481	no_auto_possess	
Z10683	yes	(?:\w(?!\d)){3}(?:(?=[ab])[ab])+	diff=0/7481	no_auto_possess	
Z10684	yes	(?:\w(?!\d)){3}(?:(?=[a-z])[ab])+	diff=0/7481	no_auto_possess	
Z10685	yes	(?:\w(?!\d)){3}(?:(?=\w)[ab])+	diff=0/7481	no_auto_possess	
Z10686	yes	(?:\w(?!\d)){3}(?:(?=\W)[ab])+	diff=0/7481	no_auto_possess	
Z10687	yes	x(?:\w(?!\d)){3}(?:(?=@)[ab])+	diff=0/7481	no_auto_possess	
Z10688	yes	x(?:\w(?!\d)){3}(?:(?=[\d.])[ab])+	diff=0/7481	no_auto_possess	
Z10689	yes	x(?:\w(?!\d)){3}(?:(?=[ab])[ab])+	diff=0/7481	no_auto_possess	
Z10690	yes	x(?:\w(?!\d)){3}(?:(?=[a-z])[ab])+	diff=0/7481	no_auto_possess	
Z10691	yes	x(?:\w(?!\d)){3}(?:(?=\w)[ab])+	diff=0/7481	no_auto_possess	
Z10692	yes	x(?:\w(?!\d)){3}(?:(?=\W)[ab])+	diff=0/7481	no_auto_possess	
Z10693	yes	(?:\w(?!\d)){3}(?:(?=@)[ab])+$	diff=0/7481	no_auto_possess	
Z10694	yes	(?:\w(?!\d)){3}(?:(?=[\d.])[ab])+$	diff=0/7481	no_auto_possess	
Z10695	yes	(?:\w(?!\d)){3}(?:(?=[ab])[ab])+$	diff=0/7481	no_auto_possess	
Z10696	yes	(?:\w(?!\d)){3}(?:(?=[a-z])[ab])+$	diff=0/7481	no_auto_possess	
Z10697	yes	(?:\w(?!\d)){3}(?:(?=\w)[ab])+$	diff=0/7481	no_auto_possess	
Z10698	yes	(?:\w(?!\d)){3}(?:(?=\W)[ab])+$	diff=0/7481	no_auto_possess	
Z10699	yes	(?:(?:\w(?!\d)){3}(?:(?=@)[ab])+y)+	diff=0/7481	no_auto_possess	
Z10700	yes	(?:(?:\w(?!\d)){3}(?:(?=[\d.])[ab])+y)+	diff=0/7481	no_auto_possess	
Z10701	yes	(?:(?:\w(?!\d)){3}(?:(?=[ab])[ab])+y)+	diff=0/7481	no_auto_possess	
Z10702	yes	(?:(?:\w(?!\d)){3}(?:(?=[a-z])[ab])+y)+	diff=0/7481	no_auto_possess	
Z10703	yes	(?:(?:\w(?!\d)){3}(?:(?=\w)[ab])+y)+	diff=0/7481	no_auto_possess	
Z10704	yes	(?:(?:\w(?!\d)){3}(?:(?=\W)[ab])+y)+	diff=0/7481	no_auto_possess	
Z10705	yes	(?:\w(?!\d)){3}(?<=@)	diff=0/7481	no_auto_possess	
Z10706	yes	(?:\w(?!\d)){3}(?<=[\d.])	diff=0/7481	no_auto_possess	
Z10707	yes	(?:\w(?!\d)){3}(?<=[ab])	diff=0/7481	no_auto_possess	
Z10708	yes	(?:\w(?!\d)){3}(?<=[a-z])	diff=0/7481	no_auto_possess	
Z10709	yes	(?:\w(?!\d)){3}(?<=\w)	diff=0/7481	no_auto_possess	
Z10710	yes	(?:\w(?!\d)){3}(?<=\W)	diff=0/7481	no_auto_possess	
Z10711	yes	x(?:\w(?!\d)){3}(?<=@)	diff=0/7481	no_auto_possess	
Z10712	yes	x(?:\w(?!\d)){3}(?<=[\d.])	diff=0/7481	no_auto_possess	
Z10713	yes	x(?:\w(?!\d)){3}(?<=[ab])	diff=0/7481	no_auto_possess	
Z10714	yes	x(?:\w(?!\d)){3}(?<=[a-z])	diff=0/7481	no_auto_possess	
Z10715	yes	x(?:\w(?!\d)){3}(?<=\w)	diff=0/7481	no_auto_possess	
Z10716	yes	x(?:\w(?!\d)){3}(?<=\W)	diff=0/7481	no_auto_possess	
Z10717	yes	(?:\w(?!\d)){3}(?<=@)$	diff=0/7481	no_auto_possess	
Z10718	yes	(?:\w(?!\d)){3}(?<=[\d.])$	diff=0/7481	no_auto_possess	
Z10719	yes	(?:\w(?!\d)){3}(?<=[ab])$	diff=0/7481	no_auto_possess	
Z10720	yes	(?:\w(?!\d)){3}(?<=[a-z])$	diff=0/7481	no_auto_possess	
Z10721	yes	(?:\w(?!\d)){3}(?<=\w)$	diff=0/7481	no_auto_possess	
Z10722	yes	(?:\w(?!\d)){3}(?<=\W)$	diff=0/7481	no_auto_possess	
Z10723	yes	(?:(?:\w(?!\d)){3}(?<=@)y)+	diff=0/7481	no_auto_possess	
Z10724	yes	(?:(?:\w(?!\d)){3}(?<=[\d.])y)+	diff=0/7481	no_auto_possess	
Z10725	yes	(?:(?:\w(?!\d)){3}(?<=[ab])y)+	diff=0/7481	no_auto_possess	
Z10726	yes	(?:(?:\w(?!\d)){3}(?<=[a-z])y)+	diff=0/7481	no_auto_possess	
Z10727	yes	(?:(?:\w(?!\d)){3}(?<=\w)y)+	diff=0/7481	no_auto_possess	
Z10728	yes	(?:(?:\w(?!\d)){3}(?<=\W)y)+	diff=0/7481	no_auto_possess	
Z10729	yes	(?:\w(?!\d)){3}(?<!@)	diff=0/7481	no_auto_possess	
Z10730	yes	(?:\w(?!\d)){3}(?<![\d.])	diff=0/7481	no_auto_possess	
Z10731	yes	(?:\w(?!\d)){3}(?<![ab])	diff=0/7481	no_auto_possess	
Z10732	yes	(?:\w(?!\d)){3}(?<![a-z])	diff=0/7481	no_auto_possess	
Z10733	yes	(?:\w(?!\d)){3}(?<!\w)	diff=0/7481	no_auto_possess	
Z10734	yes	(?:\w(?!\d)){3}(?<!\W)	diff=0/7481	no_auto_possess	
Z10735	yes	x(?:\w(?!\d)){3}(?<!@)	diff=0/7481	no_auto_possess	
Z10736	yes	x(?:\w(?!\d)){3}(?<![\d.])	diff=0/7481	no_auto_possess	
Z10737	yes	x(?:\w(?!\d)){3}(?<![ab])	diff=0/7481	no_auto_possess	
Z10738	yes	x(?:\w(?!\d)){3}(?<![a-z])	diff=0/7481	no_auto_possess	
Z10739	yes	x(?:\w(?!\d)){3}(?<!\w)	diff=0/7481	no_auto_possess	
Z10740	yes	x(?:\w(?!\d)){3}(?<!\W)	diff=0/7481	no_auto_possess	
Z10741	yes	(?:\w(?!\d)){3}(?<!@)$	diff=0/7481	no_auto_possess	
Z10742	yes	(?:\w(?!\d)){3}(?<![\d.])$	diff=0/7481	no_auto_possess	
Z10743	yes	(?:\w(?!\d)){3}(?<![ab])$	diff=0/7481	no_auto_possess	
Z10744	yes	(?:\w(?!\d)){3}(?<![a-z])$	diff=0/7481	no_auto_possess	
Z10745	yes	(?:\w(?!\d)){3}(?<!\w)$	diff=0/7481	no_auto_possess	
Z10746	yes	(?:\w(?!\d)){3}(?<!\W)$	diff=0/7481	no_auto_possess	
Z10747	yes	(?:(?:\w(?!\d)){3}(?<!@)y)+	diff=0/7481	no_auto_possess	
Z10748	yes	(?:(?:\w(?!\d)){3}(?<![\d.])y)+	diff=0/7481	no_auto_possess	
Z10749	yes	(?:(?:\w(?!\d)){3}(?<![ab])y)+	diff=0/7481	no_auto_possess	
Z10750	yes	(?:(?:\w(?!\d)){3}(?<![a-z])y)+	diff=0/7481	no_auto_possess	
Z10751	yes	(?:(?:\w(?!\d)){3}(?<!\w)y)+	diff=0/7481	no_auto_possess	
Z10752	yes	(?:(?:\w(?!\d)){3}(?<!\W)y)+	diff=0/7481	no_auto_possess	
Z10753	yes	(?:\w(?!\d)){3}(?:(?=@)|)	diff=0/7481	no_auto_possess	
Z10754	yes	(?:\w(?!\d)){3}(?:(?=[\d.])|)	diff=0/7481	no_auto_possess	
Z10755	yes	(?:\w(?!\d)){3}(?:(?=[ab])|)	diff=0/7481	no_auto_possess	
Z10756	yes	(?:\w(?!\d)){3}(?:(?=[a-z])|)	diff=0/7481	no_auto_possess	
Z10757	yes	(?:\w(?!\d)){3}(?:(?=\w)|)	diff=0/7481	no_auto_possess	
Z10758	yes	(?:\w(?!\d)){3}(?:(?=\W)|)	diff=0/7481	no_auto_possess	
Z10759	yes	x(?:\w(?!\d)){3}(?:(?=@)|)	diff=0/7481	no_auto_possess	
Z10760	yes	x(?:\w(?!\d)){3}(?:(?=[\d.])|)	diff=0/7481	no_auto_possess	
Z10761	yes	x(?:\w(?!\d)){3}(?:(?=[ab])|)	diff=0/7481	no_auto_possess	
Z10762	yes	x(?:\w(?!\d)){3}(?:(?=[a-z])|)	diff=0/7481	no_auto_possess	
Z10763	yes	x(?:\w(?!\d)){3}(?:(?=\w)|)	diff=0/7481	no_auto_possess	
Z10764	yes	x(?:\w(?!\d)){3}(?:(?=\W)|)	diff=0/7481	no_auto_possess	
Z10765	yes	(?:\w(?!\d)){3}(?:(?=@)|)$	diff=0/7481	no_auto_possess	
Z10766	yes	(?:\w(?!\d)){3}(?:(?=[\d.])|)$	diff=0/7481	no_auto_possess	
Z10767	yes	(?:\w(?!\d)){3}(?:(?=[ab])|)$	diff=0/7481	no_auto_possess	
Z10768	yes	(?:\w(?!\d)){3}(?:(?=[a-z])|)$	diff=0/7481	no_auto_possess	
Z10769	yes	(?:\w(?!\d)){3}(?:(?=\w)|)$	diff=0/7481	no_auto_possess	
Z10770	yes	(?:\w(?!\d)){3}(?:(?=\W)|)$	diff=0/7481	no_auto_possess	
Z10771	yes	(?:(?:\w(?!\d)){3}(?:(?=@)|)y)+	diff=0/7481	no_auto_possess	
Z10772	yes	(?:(?:\w(?!\d)){3}(?:(?=[\d.])|)y)+	diff=0/7481	no_auto_possess	
Z10773	yes	(?:(?:\w(?!\d)){3}(?:(?=[ab])|)y)+	diff=0/7481	no_auto_possess	
Z10774	yes	(?:(?:\w(?!\d)){3}(?:(?=[a-z])|)y)+	diff=0/7481	no_auto_possess	
Z10775	yes	(?:(?:\w(?!\d)){3}(?:(?=\w)|)y)+	diff=0/7481	no_auto_possess	
Z10776	yes	(?:(?:\w(?!\d)){3}(?:(?=\W)|)y)+	diff=0/7481	no_auto_possess	
Z10777	yes	(?:\w(?!\d)){3}(?:(?!@)|)	diff=0/7481	no_auto_possess	
Z10778	yes	(?:\w(?!\d)){3}(?:(?![\d.])|)	diff=0/7481	no_auto_possess	
Z10779	yes	(?:\w(?!\d)){3}(?:(?![ab])|)	diff=0/7481	no_auto_possess	
Z10780	yes	(?:\w(?!\d)){3}(?:(?![a-z])|)	diff=0/7481	no_auto_possess	
Z10781	yes	(?:\w(?!\d)){3}(?:(?!\w)|)	diff=0/7481	no_auto_possess	
Z10782	yes	(?:\w(?!\d)){3}(?:(?!\W)|)	diff=0/7481	no_auto_possess	
Z10783	yes	x(?:\w(?!\d)){3}(?:(?!@)|)	diff=0/7481	no_auto_possess	
Z10784	yes	x(?:\w(?!\d)){3}(?:(?![\d.])|)	diff=0/7481	no_auto_possess	
Z10785	yes	x(?:\w(?!\d)){3}(?:(?![ab])|)	diff=0/7481	no_auto_possess	
Z10786	yes	x(?:\w(?!\d)){3}(?:(?![a-z])|)	diff=0/7481	no_auto_possess	
Z10787	yes	x(?:\w(?!\d)){3}(?:(?!\w)|)	diff=0/7481	no_auto_possess	
Z10788	yes	x(?:\w(?!\d)){3}(?:(?!\W)|)	diff=0/7481	no_auto_possess	
Z10789	yes	(?:\w(?!\d)){3}(?:(?!@)|)$	diff=0/7481	no_auto_possess	
Z10790	yes	(?:\w(?!\d)){3}(?:(?![\d.])|)$	diff=0/7481	no_auto_possess	
Z10791	yes	(?:\w(?!\d)){3}(?:(?![ab])|)$	diff=0/7481	no_auto_possess	
Z10792	yes	(?:\w(?!\d)){3}(?:(?![a-z])|)$	diff=0/7481	no_auto_possess	
Z10793	yes	(?:\w(?!\d)){3}(?:(?!\w)|)$	diff=0/7481	no_auto_possess	
Z10794	yes	(?:\w(?!\d)){3}(?:(?!\W)|)$	diff=0/7481	no_auto_possess	
Z10795	yes	(?:(?:\w(?!\d)){3}(?:(?!@)|)y)+	diff=0/7481	no_auto_possess	
Z10796	yes	(?:(?:\w(?!\d)){3}(?:(?![\d.])|)y)+	diff=0/7481	no_auto_possess	
Z10797	yes	(?:(?:\w(?!\d)){3}(?:(?![ab])|)y)+	diff=0/7481	no_auto_possess	
Z10798	yes	(?:(?:\w(?!\d)){3}(?:(?![a-z])|)y)+	diff=0/7481	no_auto_possess	
Z10799	yes	(?:(?:\w(?!\d)){3}(?:(?!\w)|)y)+	diff=0/7481	no_auto_possess	
Z10800	yes	(?:(?:\w(?!\d)){3}(?:(?!\W)|)y)+	diff=0/7481	no_auto_possess	
Z10801	yes	(?:\w(?!\d))+?(?=@)	diff=0/7481	no_auto_possess	
Z10806	yes	(?:\w(?!\d))+?(?=\W)	diff=0/7481	no_auto_possess	
Z10807	yes	x(?:\w(?!\d))+?(?=@)	diff=0/7481	no_auto_possess	
Z10812	yes	x(?:\w(?!\d))+?(?=\W)	diff=0/7481	no_auto_possess	
Z10813	yes	(?:\w(?!\d))+?(?=@)$	diff=0/7481	no_auto_possess	
Z10818	yes	(?:\w(?!\d))+?(?=\W)$	diff=0/7481	no_auto_possess	
Z10829	yes	(?:\w(?!\d))+?(?!\w)	diff=0/7481	no_auto_possess	
Z10835	yes	x(?:\w(?!\d))+?(?!\w)	diff=0/7481	no_auto_possess	
Z10841	yes	(?:\w(?!\d))+?(?!\w)$	diff=0/7481	no_auto_possess	
Z10849	yes	(?:\w(?!\d))+?(?=@)y	diff=0/7481	no_auto_possess	
Z10854	yes	(?:\w(?!\d))+?(?=\W)y	diff=0/7481	no_auto_possess	
Z10855	yes	x(?:\w(?!\d))+?(?=@)y	diff=0/7481	no_auto_possess	
Z10860	yes	x(?:\w(?!\d))+?(?=\W)y	diff=0/7481	no_auto_possess	
Z10861	yes	(?:\w(?!\d))+?(?=@)y$	diff=0/7481	no_auto_possess	
Z10866	yes	(?:\w(?!\d))+?(?=\W)y$	diff=0/7481	no_auto_possess	
Z10921	yes	(?:\w(?!\d))+?(?:(?=@)[ab])+	diff=0/7481	no_auto_possess	
Z10926	yes	(?:\w(?!\d))+?(?:(?=\W)[ab])+	diff=0/7481	no_auto_possess	
Z10927	yes	x(?:\w(?!\d))+?(?:(?=@)[ab])+	diff=0/7481	no_auto_possess	
Z10932	yes	x(?:\w(?!\d))+?(?:(?=\W)[ab])+	diff=0/7481	no_auto_possess	
Z10933	yes	(?:\w(?!\d))+?(?:(?=@)[ab])+$	diff=0/7481	no_auto_possess	
Z10938	yes	(?:\w(?!\d))+?(?:(?=\W)[ab])+$	diff=0/7481	no_auto_possess	
Z11041	yes	(?:\w(?!\d))*?(?=@)	diff=0/7481	no_auto_possess	
Z11046	yes	(?:\w(?!\d))*?(?=\W)	diff=0/7481	no_auto_possess	
Z11047	yes	x(?:\w(?!\d))*?(?=@)	diff=0/7481	no_auto_possess	
Z11052	yes	x(?:\w(?!\d))*?(?=\W)	diff=0/7481	no_auto_possess	
Z11053	yes	(?:\w(?!\d))*?(?=@)$	diff=0/7481	no_auto_possess	
Z11058	yes	(?:\w(?!\d))*?(?=\W)$	diff=0/7481	no_auto_possess	
Z11069	yes	(?:\w(?!\d))*?(?!\w)	diff=0/7481	no_auto_possess	
Z11075	yes	x(?:\w(?!\d))*?(?!\w)	diff=0/7481	no_auto_possess	
Z11081	yes	(?:\w(?!\d))*?(?!\w)$	diff=0/7481	no_auto_possess	
Z11089	yes	(?:\w(?!\d))*?(?=@)y	diff=0/7481	no_auto_possess	
Z11094	yes	(?:\w(?!\d))*?(?=\W)y	diff=0/7481	no_auto_possess	
Z11095	yes	x(?:\w(?!\d))*?(?=@)y	diff=0/7481	no_auto_possess	
Z11100	yes	x(?:\w(?!\d))*?(?=\W)y	diff=0/7481	no_auto_possess	
Z11101	yes	(?:\w(?!\d))*?(?=@)y$	diff=0/7481	no_auto_possess	
Z11106	yes	(?:\w(?!\d))*?(?=\W)y$	diff=0/7481	no_auto_possess	
Z11161	yes	(?:\w(?!\d))*?(?:(?=@)[ab])+	diff=0/7481	no_auto_possess	
Z11166	yes	(?:\w(?!\d))*?(?:(?=\W)[ab])+	diff=0/7481	no_auto_possess	
Z11167	yes	x(?:\w(?!\d))*?(?:(?=@)[ab])+	diff=0/7481	no_auto_possess	
Z11172	yes	x(?:\w(?!\d))*?(?:(?=\W)[ab])+	diff=0/7481	no_auto_possess	
Z11173	yes	(?:\w(?!\d))*?(?:(?=@)[ab])+$	diff=0/7481	no_auto_possess	
Z11178	yes	(?:\w(?!\d))*?(?:(?=\W)[ab])+$	diff=0/7481	no_auto_possess	
Z11281	yes	(?:\w(?!\d)){2,4}?(?=@)	diff=0/7481	no_auto_possess	
Z11286	yes	(?:\w(?!\d)){2,4}?(?=\W)	diff=0/7481	no_auto_possess	
Z11287	yes	x(?:\w(?!\d)){2,4}?(?=@)	diff=0/7481	no_auto_possess	
Z11292	yes	x(?:\w(?!\d)){2,4}?(?=\W)	diff=0/7481	no_auto_possess	
Z11293	yes	(?:\w(?!\d)){2,4}?(?=@)$	diff=0/7481	no_auto_possess	
Z11298	yes	(?:\w(?!\d)){2,4}?(?=\W)$	diff=0/7481	no_auto_possess	
Z11309	yes	(?:\w(?!\d)){2,4}?(?!\w)	diff=0/7481	no_auto_possess	
Z11315	yes	x(?:\w(?!\d)){2,4}?(?!\w)	diff=0/7481	no_auto_possess	
Z11321	yes	(?:\w(?!\d)){2,4}?(?!\w)$	diff=0/7481	no_auto_possess	
Z11329	yes	(?:\w(?!\d)){2,4}?(?=@)y	diff=0/7481	no_auto_possess	
Z11334	yes	(?:\w(?!\d)){2,4}?(?=\W)y	diff=0/7481	no_auto_possess	
Z11335	yes	x(?:\w(?!\d)){2,4}?(?=@)y	diff=0/7481	no_auto_possess	
Z11340	yes	x(?:\w(?!\d)){2,4}?(?=\W)y	diff=0/7481	no_auto_possess	
Z11341	yes	(?:\w(?!\d)){2,4}?(?=@)y$	diff=0/7481	no_auto_possess	
Z11346	yes	(?:\w(?!\d)){2,4}?(?=\W)y$	diff=0/7481	no_auto_possess	
Z11401	yes	(?:\w(?!\d)){2,4}?(?:(?=@)[ab])+	diff=0/7481	no_auto_possess	
Z11406	yes	(?:\w(?!\d)){2,4}?(?:(?=\W)[ab])+	diff=0/7481	no_auto_possess	
Z11407	yes	x(?:\w(?!\d)){2,4}?(?:(?=@)[ab])+	diff=0/7481	no_auto_possess	
Z11412	yes	x(?:\w(?!\d)){2,4}?(?:(?=\W)[ab])+	diff=0/7481	no_auto_possess	
Z11413	yes	(?:\w(?!\d)){2,4}?(?:(?=@)[ab])+$	diff=0/7481	no_auto_possess	
Z11418	yes	(?:\w(?!\d)){2,4}?(?:(?=\W)[ab])+$	diff=0/7481	no_auto_possess	
Z11521	yes	((?=@))[a-z]+\1	diff=0/7481	no_auto_possess	
Z11522	yes	((?=[\d.]))[a-z]+\1	diff=0/7481	no_auto_possess	
Z11523	yes	((?=[ab]))[a-z]+\1	diff=0/7481	no_auto_possess	
Z11524	yes	((?=[a-z]))[a-z]+\1	diff=0/7481	no_auto_possess	
Z11525	yes	((?=\w))[a-z]+\1	diff=0/7481	no_auto_possess	
Z11526	yes	((?=\W))[a-z]+\1	diff=0/7481	no_auto_possess	
Z11527	no	((?=@))[a-z]+\1y	diff=0/7481	no_auto_possess	
Z11528	no	((?=[\d.]))[a-z]+\1y	diff=0/7481	no_auto_possess	
Z11532	no	((?=\W))[a-z]+\1y	diff=0/7481	no_auto_possess	
Z11533	yes	((?=@))[a-z]+\1@	diff=0/7481	no_auto_possess	
Z11534	yes	((?=[\d.]))[a-z]+\1@	diff=0/7481	no_auto_possess	
Z11535	yes	((?=[ab]))[a-z]+\1@	diff=0/7481	no_auto_possess	
Z11536	yes	((?=[a-z]))[a-z]+\1@	diff=0/7481	no_auto_possess	
Z11537	yes	((?=\w))[a-z]+\1@	diff=0/7481	no_auto_possess	
Z11538	yes	((?=\W))[a-z]+\1@	diff=0/7481	no_auto_possess	
Z11539	no	((?=@))[a-z]+\1a	diff=0/7481	no_auto_possess	
Z11540	no	((?=[\d.]))[a-z]+\1a	diff=0/7481	no_auto_possess	
Z11544	no	((?=\W))[a-z]+\1a	diff=0/7481	no_auto_possess	
Z11545	yes	((?=@))[a-z]*\1	diff=0/7481	no_auto_possess	
Z11546	yes	((?=[\d.]))[a-z]*\1	diff=0/7481	no_auto_possess	
Z11547	yes	((?=[ab]))[a-z]*\1	diff=0/7481	no_auto_possess	
Z11548	yes	((?=[a-z]))[a-z]*\1	diff=0/7481	no_auto_possess	
Z11549	yes	((?=\w))[a-z]*\1	diff=0/7481	no_auto_possess	
Z11550	yes	((?=\W))[a-z]*\1	diff=0/7481	no_auto_possess	
Z11551	no	((?=@))[a-z]*\1y	diff=0/7481	no_auto_possess	
Z11552	no	((?=[\d.]))[a-z]*\1y	diff=0/7481	no_auto_possess	
Z11556	no	((?=\W))[a-z]*\1y	diff=0/7481	no_auto_possess	
Z11557	yes	((?=@))[a-z]*\1@	diff=0/7481	no_auto_possess	
Z11558	yes	((?=[\d.]))[a-z]*\1@	diff=0/7481	no_auto_possess	
Z11559	yes	((?=[ab]))[a-z]*\1@	diff=0/7481	no_auto_possess	
Z11560	yes	((?=[a-z]))[a-z]*\1@	diff=0/7481	no_auto_possess	
Z11561	yes	((?=\w))[a-z]*\1@	diff=0/7481	no_auto_possess	
Z11562	yes	((?=\W))[a-z]*\1@	diff=0/7481	no_auto_possess	
Z11563	no	((?=@))[a-z]*\1a	diff=0/7481	no_auto_possess	
Z11564	no	((?=[\d.]))[a-z]*\1a	diff=0/7481	no_auto_possess	
Z11568	no	((?=\W))[a-z]*\1a	diff=0/7481	no_auto_possess	
Z11569	yes	((?=@))[a-z]?\1	diff=0/7481	no_auto_possess	
Z11570	yes	((?=[\d.]))[a-z]?\1	diff=0/7481	no_auto_possess	
Z11571	yes	((?=[ab]))[a-z]?\1	diff=0/7481	no_auto_possess	
Z11572	yes	((?=[a-z]))[a-z]?\1	diff=0/7481	no_auto_possess	
Z11573	yes	((?=\w))[a-z]?\1	diff=0/7481	no_auto_possess	
Z11574	yes	((?=\W))[a-z]?\1	diff=0/7481	no_auto_possess	
Z11575	no	((?=@))[a-z]?\1y	diff=0/7481	no_auto_possess	
Z11576	no	((?=[\d.]))[a-z]?\1y	diff=0/7481	no_auto_possess	
Z11580	no	((?=\W))[a-z]?\1y	diff=0/7481	no_auto_possess	
Z11581	yes	((?=@))[a-z]?\1@	diff=0/7481	no_auto_possess	
Z11582	yes	((?=[\d.]))[a-z]?\1@	diff=0/7481	no_auto_possess	
Z11583	yes	((?=[ab]))[a-z]?\1@	diff=0/7481	no_auto_possess	
Z11584	yes	((?=[a-z]))[a-z]?\1@	diff=0/7481	no_auto_possess	
Z11585	yes	((?=\w))[a-z]?\1@	diff=0/7481	no_auto_possess	
Z11586	yes	((?=\W))[a-z]?\1@	diff=0/7481	no_auto_possess	
Z11587	no	((?=@))[a-z]?\1a	diff=0/7481	no_auto_possess	
Z11588	no	((?=[\d.]))[a-z]?\1a	diff=0/7481	no_auto_possess	
Z11592	no	((?=\W))[a-z]?\1a	diff=0/7481	no_auto_possess	
Z11593	yes	((?=@))[a-z]{2,4}\1	diff=0/7481	no_auto_possess	
Z11594	yes	((?=[\d.]))[a-z]{2,4}\1	diff=0/7481	no_auto_possess	
Z11595	yes	((?=[ab]))[a-z]{2,4}\1	diff=0/7481	no_auto_possess	
Z11596	yes	((?=[a-z]))[a-z]{2,4}\1	diff=0/7481	no_auto_possess	
Z11597	yes	((?=\w))[a-z]{2,4}\1	diff=0/7481	no_auto_possess	
Z11598	yes	((?=\W))[a-z]{2,4}\1	diff=0/7481	no_auto_possess	
Z11599	no	((?=@))[a-z]{2,4}\1y	diff=0/7481	no_auto_possess	
Z11600	no	((?=[\d.]))[a-z]{2,4}\1y	diff=0/7481	no_auto_possess	
Z11604	no	((?=\W))[a-z]{2,4}\1y	diff=0/7481	no_auto_possess	
Z11605	yes	((?=@))[a-z]{2,4}\1@	diff=0/7481	no_auto_possess	
Z11606	yes	((?=[\d.]))[a-z]{2,4}\1@	diff=0/7481	no_auto_possess	
Z11607	yes	((?=[ab]))[a-z]{2,4}\1@	diff=0/7481	no_auto_possess	
Z11608	yes	((?=[a-z]))[a-z]{2,4}\1@	diff=0/7481	no_auto_possess	
Z11609	yes	((?=\w))[a-z]{2,4}\1@	diff=0/7481	no_auto_possess	
Z11610	yes	((?=\W))[a-z]{2,4}\1@	diff=0/7481	no_auto_possess	
Z11611	no	((?=@))[a-z]{2,4}\1a	diff=0/7481	no_auto_possess	
Z11612	no	((?=[\d.]))[a-z]{2,4}\1a	diff=0/7481	no_auto_possess	
Z11616	no	((?=\W))[a-z]{2,4}\1a	diff=0/7481	no_auto_possess	
Z11617	yes	((?=@))[a-z]{3}\1	diff=0/7481	no_auto_possess	
Z11618	yes	((?=[\d.]))[a-z]{3}\1	diff=0/7481	no_auto_possess	
Z11619	yes	((?=[ab]))[a-z]{3}\1	diff=0/7481	no_auto_possess	
Z11620	yes	((?=[a-z]))[a-z]{3}\1	diff=0/7481	no_auto_possess	
Z11621	yes	((?=\w))[a-z]{3}\1	diff=0/7481	no_auto_possess	
Z11622	yes	((?=\W))[a-z]{3}\1	diff=0/7481	no_auto_possess	
Z11623	yes	((?=@))[a-z]{3}\1y	diff=0/7481	no_auto_possess	
Z11624	yes	((?=[\d.]))[a-z]{3}\1y	diff=0/7481	no_auto_possess	
Z11625	yes	((?=[ab]))[a-z]{3}\1y	diff=0/7481	no_auto_possess	
Z11626	yes	((?=[a-z]))[a-z]{3}\1y	diff=0/7481	no_auto_possess	
Z11627	yes	((?=\w))[a-z]{3}\1y	diff=0/7481	no_auto_possess	
Z11628	yes	((?=\W))[a-z]{3}\1y	diff=0/7481	no_auto_possess	
Z11629	yes	((?=@))[a-z]{3}\1@	diff=0/7481	no_auto_possess	
Z11630	yes	((?=[\d.]))[a-z]{3}\1@	diff=0/7481	no_auto_possess	
Z11631	yes	((?=[ab]))[a-z]{3}\1@	diff=0/7481	no_auto_possess	
Z11632	yes	((?=[a-z]))[a-z]{3}\1@	diff=0/7481	no_auto_possess	
Z11633	yes	((?=\w))[a-z]{3}\1@	diff=0/7481	no_auto_possess	
Z11634	yes	((?=\W))[a-z]{3}\1@	diff=0/7481	no_auto_possess	
Z11635	yes	((?=@))[a-z]{3}\1a	diff=0/7481	no_auto_possess	
Z11636	yes	((?=[\d.]))[a-z]{3}\1a	diff=0/7481	no_auto_possess	
Z11637	yes	((?=[ab]))[a-z]{3}\1a	diff=0/7481	no_auto_possess	
Z11638	yes	((?=[a-z]))[a-z]{3}\1a	diff=0/7481	no_auto_possess	
Z11639	yes	((?=\w))[a-z]{3}\1a	diff=0/7481	no_auto_possess	
Z11640	yes	((?=\W))[a-z]{3}\1a	diff=0/7481	no_auto_possess	
Z11641	no	((?=@))[a-z]+?\1	diff=0/7481	no_auto_possess	
Z11642	no	((?=[\d.]))[a-z]+?\1	diff=0/7481	no_auto_possess	
Z11646	no	((?=\W))[a-z]+?\1	diff=0/7481	no_auto_possess	
Z11647	no	((?=@))[a-z]+?\1y	diff=0/7481	no_auto_possess	
Z11648	no	((?=[\d.]))[a-z]+?\1y	diff=0/7481	no_auto_possess	
Z11652	no	((?=\W))[a-z]+?\1y	diff=0/7481	no_auto_possess	
Z11653	yes	((?=@))[a-z]+?\1@	diff=0/7481	no_auto_possess	
Z11654	yes	((?=[\d.]))[a-z]+?\1@	diff=0/7481	no_auto_possess	
Z11655	yes	((?=[ab]))[a-z]+?\1@	diff=0/7481	no_auto_possess	
Z11656	yes	((?=[a-z]))[a-z]+?\1@	diff=0/7481	no_auto_possess	
Z11657	yes	((?=\w))[a-z]+?\1@	diff=0/7481	no_auto_possess	
Z11658	yes	((?=\W))[a-z]+?\1@	diff=0/7481	no_auto_possess	
Z11659	no	((?=@))[a-z]+?\1a	diff=0/7481	no_auto_possess	
Z11660	no	((?=[\d.]))[a-z]+?\1a	diff=0/7481	no_auto_possess	
Z11664	no	((?=\W))[a-z]+?\1a	diff=0/7481	no_auto_possess	
Z11665	no	((?=@))[a-z]*?\1	diff=0/7481	no_auto_possess	
Z11666	no	((?=[\d.]))[a-z]*?\1	diff=0/7481	no_auto_possess	
Z11670	no	((?=\W))[a-z]*?\1	diff=0/7481	no_auto_possess	
Z11671	no	((?=@))[a-z]*?\1y	diff=0/7481	no_auto_possess	
Z11672	no	((?=[\d.]))[a-z]*?\1y	diff=0/7481	no_auto_possess	
Z11676	no	((?=\W))[a-z]*?\1y	diff=0/7481	no_auto_possess	
Z11677	yes	((?=@))[a-z]*?\1@	diff=0/7481	no_auto_possess	
Z11678	yes	((?=[\d.]))[a-z]*?\1@	diff=0/7481	no_auto_possess	
Z11679	yes	((?=[ab]))[a-z]*?\1@	diff=0/7481	no_auto_possess	
Z11680	yes	((?=[a-z]))[a-z]*?\1@	diff=0/7481	no_auto_possess	
Z11681	yes	((?=\w))[a-z]*?\1@	diff=0/7481	no_auto_possess	
Z11682	yes	((?=\W))[a-z]*?\1@	diff=0/7481	no_auto_possess	
Z11683	no	((?=@))[a-z]*?\1a	diff=0/7481	no_auto_possess	
Z11684	no	((?=[\d.]))[a-z]*?\1a	diff=0/7481	no_auto_possess	
Z11688	no	((?=\W))[a-z]*?\1a	diff=0/7481	no_auto_possess	
Z11689	no	((?=@))[a-z]{2,4}?\1	diff=0/7481	no_auto_possess	
Z11690	no	((?=[\d.]))[a-z]{2,4}?\1	diff=0/7481	no_auto_possess	
Z11694	no	((?=\W))[a-z]{2,4}?\1	diff=0/7481	no_auto_possess	
Z11695	no	((?=@))[a-z]{2,4}?\1y	diff=0/7481	no_auto_possess	
Z11696	no	((?=[\d.]))[a-z]{2,4}?\1y	diff=0/7481	no_auto_possess	
Z11700	no	((?=\W))[a-z]{2,4}?\1y	diff=0/7481	no_auto_possess	
Z11701	yes	((?=@))[a-z]{2,4}?\1@	diff=0/7481	no_auto_possess	
Z11702	yes	((?=[\d.]))[a-z]{2,4}?\1@	diff=0/7481	no_auto_possess	
Z11703	yes	((?=[ab]))[a-z]{2,4}?\1@	diff=0/7481	no_auto_possess	
Z11704	yes	((?=[a-z]))[a-z]{2,4}?\1@	diff=0/7481	no_auto_possess	
Z11705	yes	((?=\w))[a-z]{2,4}?\1@	diff=0/7481	no_auto_possess	
Z11706	yes	((?=\W))[a-z]{2,4}?\1@	diff=0/7481	no_auto_possess	
Z11707	no	((?=@))[a-z]{2,4}?\1a	diff=0/7481	no_auto_possess	
Z11708	no	((?=[\d.]))[a-z]{2,4}?\1a	diff=0/7481	no_auto_possess	
Z11712	no	((?=\W))[a-z]{2,4}?\1a	diff=0/7481	no_auto_possess	
Z11713	yes	((?=@))\d+\1	diff=0/7481	no_auto_possess	
Z11714	yes	((?=[\d.]))\d+\1	diff=0/7481	no_auto_possess	
Z11715	yes	((?=[ab]))\d+\1	diff=0/7481	no_auto_possess	
Z11716	yes	((?=[a-z]))\d+\1	diff=0/7481	no_auto_possess	
Z11717	yes	((?=\w))\d+\1	diff=0/7481	no_auto_possess	
Z11718	yes	((?=\W))\d+\1	diff=0/7481	no_auto_possess	
Z11719	yes	((?=@))\d+\1y	diff=0/7481	no_auto_possess	
Z11720	yes	((?=[\d.]))\d+\1y	diff=0/7481	no_auto_possess	
Z11721	yes	((?=[ab]))\d+\1y	diff=0/7481	no_auto_possess	
Z11722	yes	((?=[a-z]))\d+\1y	diff=0/7481	no_auto_possess	
Z11723	yes	((?=\w))\d+\1y	diff=0/7481	no_auto_possess	
Z11724	yes	((?=\W))\d+\1y	diff=0/7481	no_auto_possess	
Z11725	yes	((?=@))\d+\1@	diff=0/7481	no_auto_possess	
Z11726	yes	((?=[\d.]))\d+\1@	diff=0/7481	no_auto_possess	
Z11727	yes	((?=[ab]))\d+\1@	diff=0/7481	no_auto_possess	
Z11728	yes	((?=[a-z]))\d+\1@	diff=0/7481	no_auto_possess	
Z11729	yes	((?=\w))\d+\1@	diff=0/7481	no_auto_possess	
Z11730	yes	((?=\W))\d+\1@	diff=0/7481	no_auto_possess	
Z11731	yes	((?=@))\d+\1a	diff=0/7481	no_auto_possess	
Z11732	yes	((?=[\d.]))\d+\1a	diff=0/7481	no_auto_possess	
Z11733	yes	((?=[ab]))\d+\1a	diff=0/7481	no_auto_possess	
Z11734	yes	((?=[a-z]))\d+\1a	diff=0/7481	no_auto_possess	
Z11735	yes	((?=\w))\d+\1a	diff=0/7481	no_auto_possess	
Z11736	yes	((?=\W))\d+\1a	diff=0/7481	no_auto_possess	
Z11737	yes	((?=@))\d*\1	diff=0/7481	no_auto_possess	
Z11738	yes	((?=[\d.]))\d*\1	diff=0/7481	no_auto_possess	
Z11739	yes	((?=[ab]))\d*\1	diff=0/7481	no_auto_possess	
Z11740	yes	((?=[a-z]))\d*\1	diff=0/7481	no_auto_possess	
Z11741	yes	((?=\w))\d*\1	diff=0/7481	no_auto_possess	
Z11742	yes	((?=\W))\d*\1	diff=0/7481	no_auto_possess	
Z11743	yes	((?=@))\d*\1y	diff=0/7481	no_auto_possess	
Z11744	yes	((?=[\d.]))\d*\1y	diff=0/7481	no_auto_possess	
Z11745	yes	((?=[ab]))\d*\1y	diff=0/7481	no_auto_possess	
Z11746	yes	((?=[a-z]))\d*\1y	diff=0/7481	no_auto_possess	
Z11747	yes	((?=\w))\d*\1y	diff=0/7481	no_auto_possess	
Z11748	yes	((?=\W))\d*\1y	diff=0/7481	no_auto_possess	
Z11749	yes	((?=@))\d*\1@	diff=0/7481	no_auto_possess	
Z11750	yes	((?=[\d.]))\d*\1@	diff=0/7481	no_auto_possess	
Z11751	yes	((?=[ab]))\d*\1@	diff=0/7481	no_auto_possess	
Z11752	yes	((?=[a-z]))\d*\1@	diff=0/7481	no_auto_possess	
Z11753	yes	((?=\w))\d*\1@	diff=0/7481	no_auto_possess	
Z11754	yes	((?=\W))\d*\1@	diff=0/7481	no_auto_possess	
Z11755	yes	((?=@))\d*\1a	diff=0/7481	no_auto_possess	
Z11756	yes	((?=[\d.]))\d*\1a	diff=0/7481	no_auto_possess	
Z11757	yes	((?=[ab]))\d*\1a	diff=0/7481	no_auto_possess	
Z11758	yes	((?=[a-z]))\d*\1a	diff=0/7481	no_auto_possess	
Z11759	yes	((?=\w))\d*\1a	diff=0/7481	no_auto_possess	
Z11760	yes	((?=\W))\d*\1a	diff=0/7481	no_auto_possess	
Z11761	yes	((?=@))\d?\1	diff=0/7481	no_auto_possess	
Z11762	yes	((?=[\d.]))\d?\1	diff=0/7481	no_auto_possess	
Z11763	yes	((?=[ab]))\d?\1	diff=0/7481	no_auto_possess	
Z11764	yes	((?=[a-z]))\d?\1	diff=0/7481	no_auto_possess	
Z11765	yes	((?=\w))\d?\1	diff=0/7481	no_auto_possess	
Z11766	yes	((?=\W))\d?\1	diff=0/7481	no_auto_possess	
Z11767	yes	((?=@))\d?\1y	diff=0/7481	no_auto_possess	
Z11768	yes	((?=[\d.]))\d?\1y	diff=0/7481	no_auto_possess	
Z11769	yes	((?=[ab]))\d?\1y	diff=0/7481	no_auto_possess	
Z11770	yes	((?=[a-z]))\d?\1y	diff=0/7481	no_auto_possess	
Z11771	yes	((?=\w))\d?\1y	diff=0/7481	no_auto_possess	
Z11772	yes	((?=\W))\d?\1y	diff=0/7481	no_auto_possess	
Z11773	yes	((?=@))\d?\1@	diff=0/7481	no_auto_possess	
Z11774	yes	((?=[\d.]))\d?\1@	diff=0/7481	no_auto_possess	
Z11775	yes	((?=[ab]))\d?\1@	diff=0/7481	no_auto_possess	
Z11776	yes	((?=[a-z]))\d?\1@	diff=0/7481	no_auto_possess	
Z11777	yes	((?=\w))\d?\1@	diff=0/7481	no_auto_possess	
Z11778	yes	((?=\W))\d?\1@	diff=0/7481	no_auto_possess	
Z11779	yes	((?=@))\d?\1a	diff=0/7481	no_auto_possess	
Z11780	yes	((?=[\d.]))\d?\1a	diff=0/7481	no_auto_possess	
Z11781	yes	((?=[ab]))\d?\1a	diff=0/7481	no_auto_possess	
Z11782	yes	((?=[a-z]))\d?\1a	diff=0/7481	no_auto_possess	
Z11783	yes	((?=\w))\d?\1a	diff=0/7481	no_auto_possess	
Z11784	yes	((?=\W))\d?\1a	diff=0/7481	no_auto_possess	
Z11785	yes	((?=@))\d{2,4}\1	diff=0/7481	no_auto_possess	
Z11786	yes	((?=[\d.]))\d{2,4}\1	diff=0/7481	no_auto_possess	
Z11787	yes	((?=[ab]))\d{2,4}\1	diff=0/7481	no_auto_possess	
Z11788	yes	((?=[a-z]))\d{2,4}\1	diff=0/7481	no_auto_possess	
Z11789	yes	((?=\w))\d{2,4}\1	diff=0/7481	no_auto_possess	
Z11790	yes	((?=\W))\d{2,4}\1	diff=0/7481	no_auto_possess	
Z11791	yes	((?=@))\d{2,4}\1y	diff=0/7481	no_auto_possess	
Z11792	yes	((?=[\d.]))\d{2,4}\1y	diff=0/7481	no_auto_possess	
Z11793	yes	((?=[ab]))\d{2,4}\1y	diff=0/7481	no_auto_possess	
Z11794	yes	((?=[a-z]))\d{2,4}\1y	diff=0/7481	no_auto_possess	
Z11795	yes	((?=\w))\d{2,4}\1y	diff=0/7481	no_auto_possess	
Z11796	yes	((?=\W))\d{2,4}\1y	diff=0/7481	no_auto_possess	
Z11797	yes	((?=@))\d{2,4}\1@	diff=0/7481	no_auto_possess	
Z11798	yes	((?=[\d.]))\d{2,4}\1@	diff=0/7481	no_auto_possess	
Z11799	yes	((?=[ab]))\d{2,4}\1@	diff=0/7481	no_auto_possess	
Z11800	yes	((?=[a-z]))\d{2,4}\1@	diff=0/7481	no_auto_possess	
Z11801	yes	((?=\w))\d{2,4}\1@	diff=0/7481	no_auto_possess	
Z11802	yes	((?=\W))\d{2,4}\1@	diff=0/7481	no_auto_possess	
Z11803	yes	((?=@))\d{2,4}\1a	diff=0/7481	no_auto_possess	
Z11804	yes	((?=[\d.]))\d{2,4}\1a	diff=0/7481	no_auto_possess	
Z11805	yes	((?=[ab]))\d{2,4}\1a	diff=0/7481	no_auto_possess	
Z11806	yes	((?=[a-z]))\d{2,4}\1a	diff=0/7481	no_auto_possess	
Z11807	yes	((?=\w))\d{2,4}\1a	diff=0/7481	no_auto_possess	
Z11808	yes	((?=\W))\d{2,4}\1a	diff=0/7481	no_auto_possess	
Z11809	yes	((?=@))\d{3}\1	diff=0/7481	no_auto_possess	
Z11810	yes	((?=[\d.]))\d{3}\1	diff=0/7481	no_auto_possess	
Z11811	yes	((?=[ab]))\d{3}\1	diff=0/7481	no_auto_possess	
Z11812	yes	((?=[a-z]))\d{3}\1	diff=0/7481	no_auto_possess	
Z11813	yes	((?=\w))\d{3}\1	diff=0/7481	no_auto_possess	
Z11814	yes	((?=\W))\d{3}\1	diff=0/7481	no_auto_possess	
Z11815	yes	((?=@))\d{3}\1y	diff=0/7481	no_auto_possess	
Z11816	yes	((?=[\d.]))\d{3}\1y	diff=0/7481	no_auto_possess	
Z11817	yes	((?=[ab]))\d{3}\1y	diff=0/7481	no_auto_possess	
Z11818	yes	((?=[a-z]))\d{3}\1y	diff=0/7481	no_auto_possess	
Z11819	yes	((?=\w))\d{3}\1y	diff=0/7481	no_auto_possess	
Z11820	yes	((?=\W))\d{3}\1y	diff=0/7481	no_auto_possess	
Z11821	yes	((?=@))\d{3}\1@	diff=0/7481	no_auto_possess	
Z11822	yes	((?=[\d.]))\d{3}\1@	diff=0/7481	no_auto_possess	
Z11823	yes	((?=[ab]))\d{3}\1@	diff=0/7481	no_auto_possess	
Z11824	yes	((?=[a-z]))\d{3}\1@	diff=0/7481	no_auto_possess	
Z11825	yes	((?=\w))\d{3}\1@	diff=0/7481	no_auto_possess	
Z11826	yes	((?=\W))\d{3}\1@	diff=0/7481	no_auto_possess	
Z11827	yes	((?=@))\d{3}\1a	diff=0/7481	no_auto_possess	
Z11828	yes	((?=[\d.]))\d{3}\1a	diff=0/7481	no_auto_possess	
Z11829	yes	((?=[ab]))\d{3}\1a	diff=0/7481	no_auto_possess	
Z11830	yes	((?=[a-z]))\d{3}\1a	diff=0/7481	no_auto_possess	
Z11831	yes	((?=\w))\d{3}\1a	diff=0/7481	no_auto_possess	
Z11832	yes	((?=\W))\d{3}\1a	diff=0/7481	no_auto_possess	
Z11833	no	((?=@))\d+?\1	diff=0/7481	no_auto_possess	
Z11835	no	((?=[ab]))\d+?\1	diff=0/7481	no_auto_possess	
Z11836	no	((?=[a-z]))\d+?\1	diff=0/7481	no_auto_possess	
Z11838	no	((?=\W))\d+?\1	diff=0/7481	no_auto_possess	
Z11839	yes	((?=@))\d+?\1y	diff=0/7481	no_auto_possess	
Z11840	yes	((?=[\d.]))\d+?\1y	diff=0/7481	no_auto_possess	
Z11841	yes	((?=[ab]))\d+?\1y	diff=0/7481	no_auto_possess	
Z11842	yes	((?=[a-z]))\d+?\1y	diff=0/7481	no_auto_possess	
Z11843	yes	((?=\w))\d+?\1y	diff=0/7481	no_auto_possess	
Z11844	yes	((?=\W))\d+?\1y	diff=0/7481	no_auto_possess	
Z11845	yes	((?=@))\d+?\1@	diff=0/7481	no_auto_possess	
Z11846	yes	((?=[\d.]))\d+?\1@	diff=0/7481	no_auto_possess	
Z11847	yes	((?=[ab]))\d+?\1@	diff=0/7481	no_auto_possess	
Z11848	yes	((?=[a-z]))\d+?\1@	diff=0/7481	no_auto_possess	
Z11849	yes	((?=\w))\d+?\1@	diff=0/7481	no_auto_possess	
Z11850	yes	((?=\W))\d+?\1@	diff=0/7481	no_auto_possess	
Z11851	yes	((?=@))\d+?\1a	diff=0/7481	no_auto_possess	
Z11852	yes	((?=[\d.]))\d+?\1a	diff=0/7481	no_auto_possess	
Z11853	yes	((?=[ab]))\d+?\1a	diff=0/7481	no_auto_possess	
Z11854	yes	((?=[a-z]))\d+?\1a	diff=0/7481	no_auto_possess	
Z11855	yes	((?=\w))\d+?\1a	diff=0/7481	no_auto_possess	
Z11856	yes	((?=\W))\d+?\1a	diff=0/7481	no_auto_possess	
Z11857	no	((?=@))\d*?\1	diff=0/7481	no_auto_possess	
Z11859	no	((?=[ab]))\d*?\1	diff=0/7481	no_auto_possess	
Z11860	no	((?=[a-z]))\d*?\1	diff=0/7481	no_auto_possess	
Z11862	no	((?=\W))\d*?\1	diff=0/7481	no_auto_possess	
Z11863	yes	((?=@))\d*?\1y	diff=0/7481	no_auto_possess	
Z11864	yes	((?=[\d.]))\d*?\1y	diff=0/7481	no_auto_possess	
Z11865	yes	((?=[ab]))\d*?\1y	diff=0/7481	no_auto_possess	
Z11866	yes	((?=[a-z]))\d*?\1y	diff=0/7481	no_auto_possess	
Z11867	yes	((?=\w))\d*?\1y	diff=0/7481	no_auto_possess	
Z11868	yes	((?=\W))\d*?\1y	diff=0/7481	no_auto_possess	
Z11869	yes	((?=@))\d*?\1@	diff=0/7481	no_auto_possess	
Z11870	yes	((?=[\d.]))\d*?\1@	diff=0/7481	no_auto_possess	
Z11871	yes	((?=[ab]))\d*?\1@	diff=0/7481	no_auto_possess	
Z11872	yes	((?=[a-z]))\d*?\1@	diff=0/7481	no_auto_possess	
Z11873	yes	((?=\w))\d*?\1@	diff=0/7481	no_auto_possess	
Z11874	yes	((?=\W))\d*?\1@	diff=0/7481	no_auto_possess	
Z11875	yes	((?=@))\d*?\1a	diff=0/7481	no_auto_possess	
Z11876	yes	((?=[\d.]))\d*?\1a	diff=0/7481	no_auto_possess	
Z11877	yes	((?=[ab]))\d*?\1a	diff=0/7481	no_auto_possess	
Z11878	yes	((?=[a-z]))\d*?\1a	diff=0/7481	no_auto_possess	
Z11879	yes	((?=\w))\d*?\1a	diff=0/7481	no_auto_possess	
Z11880	yes	((?=\W))\d*?\1a	diff=0/7481	no_auto_possess	
Z11881	no	((?=@))\d{2,4}?\1	diff=0/7481	no_auto_possess	
Z11883	no	((?=[ab]))\d{2,4}?\1	diff=0/7481	no_auto_possess	
Z11884	no	((?=[a-z]))\d{2,4}?\1	diff=0/7481	no_auto_possess	
Z11886	no	((?=\W))\d{2,4}?\1	diff=0/7481	no_auto_possess	
Z11887	yes	((?=@))\d{2,4}?\1y	diff=0/7481	no_auto_possess	
Z11888	yes	((?=[\d.]))\d{2,4}?\1y	diff=0/7481	no_auto_possess	
Z11889	yes	((?=[ab]))\d{2,4}?\1y	diff=0/7481	no_auto_possess	
Z11890	yes	((?=[a-z]))\d{2,4}?\1y	diff=0/7481	no_auto_possess	
Z11891	yes	((?=\w))\d{2,4}?\1y	diff=0/7481	no_auto_possess	
Z11892	yes	((?=\W))\d{2,4}?\1y	diff=0/7481	no_auto_possess	
Z11893	yes	((?=@))\d{2,4}?\1@	diff=0/7481	no_auto_possess	
Z11894	yes	((?=[\d.]))\d{2,4}?\1@	diff=0/7481	no_auto_possess	
Z11895	yes	((?=[ab]))\d{2,4}?\1@	diff=0/7481	no_auto_possess	
Z11896	yes	((?=[a-z]))\d{2,4}?\1@	diff=0/7481	no_auto_possess	
Z11897	yes	((?=\w))\d{2,4}?\1@	diff=0/7481	no_auto_possess	
Z11898	yes	((?=\W))\d{2,4}?\1@	diff=0/7481	no_auto_possess	
Z11899	yes	((?=@))\d{2,4}?\1a	diff=0/7481	no_auto_possess	
Z11900	yes	((?=[\d.]))\d{2,4}?\1a	diff=0/7481	no_auto_possess	
Z11901	yes	((?=[ab]))\d{2,4}?\1a	diff=0/7481	no_auto_possess	
Z11902	yes	((?=[a-z]))\d{2,4}?\1a	diff=0/7481	no_auto_possess	
Z11903	yes	((?=\w))\d{2,4}?\1a	diff=0/7481	no_auto_possess	
Z11904	yes	((?=\W))\d{2,4}?\1a	diff=0/7481	no_auto_possess	
Z11905	yes	((?=@))[ab]+\1	diff=0/7481	no_auto_possess	
Z11906	yes	((?=[\d.]))[ab]+\1	diff=0/7481	no_auto_possess	
Z11907	yes	((?=[ab]))[ab]+\1	diff=0/7481	no_auto_possess	
Z11908	yes	((?=[a-z]))[ab]+\1	diff=0/7481	no_auto_possess	
Z11909	yes	((?=\w))[ab]+\1	diff=0/7481	no_auto_possess	
Z11910	yes	((?=\W))[ab]+\1	diff=0/7481	no_auto_possess	
Z11911	yes	((?=@))[ab]+\1y	diff=0/7481	no_auto_possess	
Z11912	yes	((?=[\d.]))[ab]+\1y	diff=0/7481	no_auto_possess	
Z11913	yes	((?=[ab]))[ab]+\1y	diff=0/7481	no_auto_possess	
Z11914	yes	((?=[a-z]))[ab]+\1y	diff=0/7481	no_auto_possess	
Z11915	yes	((?=\w))[ab]+\1y	diff=0/7481	no_auto_possess	
Z11916	yes	((?=\W))[ab]+\1y	diff=0/7481	no_auto_possess	
Z11917	yes	((?=@))[ab]+\1@	diff=0/7481	no_auto_possess	
Z11918	yes	((?=[\d.]))[ab]+\1@	diff=0/7481	no_auto_possess	
Z11919	yes	((?=[ab]))[ab]+\1@	diff=0/7481	no_auto_possess	
Z11920	yes	((?=[a-z]))[ab]+\1@	diff=0/7481	no_auto_possess	
Z11921	yes	((?=\w))[ab]+\1@	diff=0/7481	no_auto_possess	
Z11922	yes	((?=\W))[ab]+\1@	diff=0/7481	no_auto_possess	
Z11923	no	((?=@))[ab]+\1a	diff=0/7481	no_auto_possess	
Z11924	no	((?=[\d.]))[ab]+\1a	diff=0/7481	no_auto_possess	
Z11928	no	((?=\W))[ab]+\1a	diff=0/7481	no_auto_possess	
Z11929	yes	((?=@))[ab]*\1	diff=0/7481	no_auto_possess	
Z11930	yes	((?=[\d.]))[ab]*\1	diff=0/7481	no_auto_possess	
Z11931	yes	((?=[ab]))[ab]*\1	diff=0/7481	no_auto_possess	
Z11932	yes	((?=[a-z]))[ab]*\1	diff=0/7481	no_auto_possess	
Z11933	yes	((?=\w))[ab]*\1	diff=0/7481	no_auto_possess	
Z11934	yes	((?=\W))[ab]*\1	diff=0/7481	no_auto_possess	
Z11935	yes	((?=@))[ab]*\1y	diff=0/7481	no_auto_possess	
Z11936	yes	((?=[\d.]))[ab]*\1y	diff=0/7481	no_auto_possess	
Z11937	yes	((?=[ab]))[ab]*\1y	diff=0/7481	no_auto_possess	
Z11938	yes	((?=[a-z]))[ab]*\1y	diff=0/7481	no_auto_possess	
Z11939	yes	((?=\w))[ab]*\1y	diff=0/7481	no_auto_possess	
Z11940	yes	((?=\W))[ab]*\1y	diff=0/7481	no_auto_possess	
Z11941	yes	((?=@))[ab]*\1@	diff=0/7481	no_auto_possess	
Z11942	yes	((?=[\d.]))[ab]*\1@	diff=0/7481	no_auto_possess	
Z11943	yes	((?=[ab]))[ab]*\1@	diff=0/7481	no_auto_possess	
Z11944	yes	((?=[a-z]))[ab]*\1@	diff=0/7481	no_auto_possess	
Z11945	yes	((?=\w))[ab]*\1@	diff=0/7481	no_auto_possess	
Z11946	yes	((?=\W))[ab]*\1@	diff=0/7481	no_auto_possess	
Z11947	no	((?=@))[ab]*\1a	diff=0/7481	no_auto_possess	
Z11948	no	((?=[\d.]))[ab]*\1a	diff=0/7481	no_auto_possess	
Z11952	no	((?=\W))[ab]*\1a	diff=0/7481	no_auto_possess	
Z11953	yes	((?=@))[ab]?\1	diff=0/7481	no_auto_possess	
Z11954	yes	((?=[\d.]))[ab]?\1	diff=0/7481	no_auto_possess	
Z11955	yes	((?=[ab]))[ab]?\1	diff=0/7481	no_auto_possess	
Z11956	yes	((?=[a-z]))[ab]?\1	diff=0/7481	no_auto_possess	
Z11957	yes	((?=\w))[ab]?\1	diff=0/7481	no_auto_possess	
Z11958	yes	((?=\W))[ab]?\1	diff=0/7481	no_auto_possess	
Z11959	yes	((?=@))[ab]?\1y	diff=0/7481	no_auto_possess	
Z11960	yes	((?=[\d.]))[ab]?\1y	diff=0/7481	no_auto_possess	
Z11961	yes	((?=[ab]))[ab]?\1y	diff=0/7481	no_auto_possess	
Z11962	yes	((?=[a-z]))[ab]?\1y	diff=0/7481	no_auto_possess	
Z11963	yes	((?=\w))[ab]?\1y	diff=0/7481	no_auto_possess	
Z11964	yes	((?=\W))[ab]?\1y	diff=0/7481	no_auto_possess	
Z11965	yes	((?=@))[ab]?\1@	diff=0/7481	no_auto_possess	
Z11966	yes	((?=[\d.]))[ab]?\1@	diff=0/7481	no_auto_possess	
Z11967	yes	((?=[ab]))[ab]?\1@	diff=0/7481	no_auto_possess	
Z11968	yes	((?=[a-z]))[ab]?\1@	diff=0/7481	no_auto_possess	
Z11969	yes	((?=\w))[ab]?\1@	diff=0/7481	no_auto_possess	
Z11970	yes	((?=\W))[ab]?\1@	diff=0/7481	no_auto_possess	
Z11971	no	((?=@))[ab]?\1a	diff=0/7481	no_auto_possess	
Z11972	no	((?=[\d.]))[ab]?\1a	diff=0/7481	no_auto_possess	
Z11976	no	((?=\W))[ab]?\1a	diff=0/7481	no_auto_possess	
Z11977	yes	((?=@))[ab]{2,4}\1	diff=0/7481	no_auto_possess	
Z11978	yes	((?=[\d.]))[ab]{2,4}\1	diff=0/7481	no_auto_possess	
Z11979	yes	((?=[ab]))[ab]{2,4}\1	diff=0/7481	no_auto_possess	
Z11980	yes	((?=[a-z]))[ab]{2,4}\1	diff=0/7481	no_auto_possess	
Z11981	yes	((?=\w))[ab]{2,4}\1	diff=0/7481	no_auto_possess	
Z11982	yes	((?=\W))[ab]{2,4}\1	diff=0/7481	no_auto_possess	
Z11983	yes	((?=@))[ab]{2,4}\1y	diff=0/7481	no_auto_possess	
Z11984	yes	((?=[\d.]))[ab]{2,4}\1y	diff=0/7481	no_auto_possess	
Z11985	yes	((?=[ab]))[ab]{2,4}\1y	diff=0/7481	no_auto_possess	
Z11986	yes	((?=[a-z]))[ab]{2,4}\1y	diff=0/7481	no_auto_possess	
Z11987	yes	((?=\w))[ab]{2,4}\1y	diff=0/7481	no_auto_possess	
Z11988	yes	((?=\W))[ab]{2,4}\1y	diff=0/7481	no_auto_possess	
Z11989	yes	((?=@))[ab]{2,4}\1@	diff=0/7481	no_auto_possess	
Z11990	yes	((?=[\d.]))[ab]{2,4}\1@	diff=0/7481	no_auto_possess	
Z11991	yes	((?=[ab]))[ab]{2,4}\1@	diff=0/7481	no_auto_possess	
Z11992	yes	((?=[a-z]))[ab]{2,4}\1@	diff=0/7481	no_auto_possess	
Z11993	yes	((?=\w))[ab]{2,4}\1@	diff=0/7481	no_auto_possess	
Z11994	yes	((?=\W))[ab]{2,4}\1@	diff=0/7481	no_auto_possess	
Z11995	no	((?=@))[ab]{2,4}\1a	diff=0/7481	no_auto_possess	
Z11996	no	((?=[\d.]))[ab]{2,4}\1a	diff=0/7481	no_auto_possess	
Z12000	no	((?=\W))[ab]{2,4}\1a	diff=0/7481	no_auto_possess	
Z12001	yes	((?=@))[ab]{3}\1	diff=0/7481	no_auto_possess	
Z12002	yes	((?=[\d.]))[ab]{3}\1	diff=0/7481	no_auto_possess	
Z12003	yes	((?=[ab]))[ab]{3}\1	diff=0/7481	no_auto_possess	
Z12004	yes	((?=[a-z]))[ab]{3}\1	diff=0/7481	no_auto_possess	
Z12005	yes	((?=\w))[ab]{3}\1	diff=0/7481	no_auto_possess	
Z12006	yes	((?=\W))[ab]{3}\1	diff=0/7481	no_auto_possess	
Z12007	yes	((?=@))[ab]{3}\1y	diff=0/7481	no_auto_possess	
Z12008	yes	((?=[\d.]))[ab]{3}\1y	diff=0/7481	no_auto_possess	
Z12009	yes	((?=[ab]))[ab]{3}\1y	diff=0/7481	no_auto_possess	
Z12010	yes	((?=[a-z]))[ab]{3}\1y	diff=0/7481	no_auto_possess	
Z12011	yes	((?=\w))[ab]{3}\1y	diff=0/7481	no_auto_possess	
Z12012	yes	((?=\W))[ab]{3}\1y	diff=0/7481	no_auto_possess	
Z12013	yes	((?=@))[ab]{3}\1@	diff=0/7481	no_auto_possess	
Z12014	yes	((?=[\d.]))[ab]{3}\1@	diff=0/7481	no_auto_possess	
Z12015	yes	((?=[ab]))[ab]{3}\1@	diff=0/7481	no_auto_possess	
Z12016	yes	((?=[a-z]))[ab]{3}\1@	diff=0/7481	no_auto_possess	
Z12017	yes	((?=\w))[ab]{3}\1@	diff=0/7481	no_auto_possess	
Z12018	yes	((?=\W))[ab]{3}\1@	diff=0/7481	no_auto_possess	
Z12019	yes	((?=@))[ab]{3}\1a	diff=0/7481	no_auto_possess	
Z12020	yes	((?=[\d.]))[ab]{3}\1a	diff=0/7481	no_auto_possess	
Z12021	yes	((?=[ab]))[ab]{3}\1a	diff=0/7481	no_auto_possess	
Z12022	yes	((?=[a-z]))[ab]{3}\1a	diff=0/7481	no_auto_possess	
Z12023	yes	((?=\w))[ab]{3}\1a	diff=0/7481	no_auto_possess	
Z12024	yes	((?=\W))[ab]{3}\1a	diff=0/7481	no_auto_possess	
Z12025	no	((?=@))[ab]+?\1	diff=0/7481	no_auto_possess	
Z12026	no	((?=[\d.]))[ab]+?\1	diff=0/7481	no_auto_possess	
Z12030	no	((?=\W))[ab]+?\1	diff=0/7481	no_auto_possess	
Z12031	yes	((?=@))[ab]+?\1y	diff=0/7481	no_auto_possess	
Z12032	yes	((?=[\d.]))[ab]+?\1y	diff=0/7481	no_auto_possess	
Z12033	yes	((?=[ab]))[ab]+?\1y	diff=0/7481	no_auto_possess	
Z12034	yes	((?=[a-z]))[ab]+?\1y	diff=0/7481	no_auto_possess	
Z12035	yes	((?=\w))[ab]+?\1y	diff=0/7481	no_auto_possess	
Z12036	yes	((?=\W))[ab]+?\1y	diff=0/7481	no_auto_possess	
Z12037	yes	((?=@))[ab]+?\1@	diff=0/7481	no_auto_possess	
Z12038	yes	((?=[\d.]))[ab]+?\1@	diff=0/7481	no_auto_possess	
Z12039	yes	((?=[ab]))[ab]+?\1@	diff=0/7481	no_auto_possess	
Z12040	yes	((?=[a-z]))[ab]+?\1@	diff=0/7481	no_auto_possess	
Z12041	yes	((?=\w))[ab]+?\1@	diff=0/7481	no_auto_possess	
Z12042	yes	((?=\W))[ab]+?\1@	diff=0/7481	no_auto_possess	
Z12043	no	((?=@))[ab]+?\1a	diff=0/7481	no_auto_possess	
Z12044	no	((?=[\d.]))[ab]+?\1a	diff=0/7481	no_auto_possess	
Z12048	no	((?=\W))[ab]+?\1a	diff=0/7481	no_auto_possess	
Z12049	no	((?=@))[ab]*?\1	diff=0/7481	no_auto_possess	
Z12050	no	((?=[\d.]))[ab]*?\1	diff=0/7481	no_auto_possess	
Z12054	no	((?=\W))[ab]*?\1	diff=0/7481	no_auto_possess	
Z12055	yes	((?=@))[ab]*?\1y	diff=0/7481	no_auto_possess	
Z12056	yes	((?=[\d.]))[ab]*?\1y	diff=0/7481	no_auto_possess	
Z12057	yes	((?=[ab]))[ab]*?\1y	diff=0/7481	no_auto_possess	
Z12058	yes	((?=[a-z]))[ab]*?\1y	diff=0/7481	no_auto_possess	
Z12059	yes	((?=\w))[ab]*?\1y	diff=0/7481	no_auto_possess	
Z12060	yes	((?=\W))[ab]*?\1y	diff=0/7481	no_auto_possess	
Z12061	yes	((?=@))[ab]*?\1@	diff=0/7481	no_auto_possess	
Z12062	yes	((?=[\d.]))[ab]*?\1@	diff=0/7481	no_auto_possess	
Z12063	yes	((?=[ab]))[ab]*?\1@	diff=0/7481	no_auto_possess	
Z12064	yes	((?=[a-z]))[ab]*?\1@	diff=0/7481	no_auto_possess	
Z12065	yes	((?=\w))[ab]*?\1@	diff=0/7481	no_auto_possess	
Z12066	yes	((?=\W))[ab]*?\1@	diff=0/7481	no_auto_possess	
Z12067	no	((?=@))[ab]*?\1a	diff=0/7481	no_auto_possess	
Z12068	no	((?=[\d.]))[ab]*?\1a	diff=0/7481	no_auto_possess	
Z12072	no	((?=\W))[ab]*?\1a	diff=0/7481	no_auto_possess	
Z12073	no	((?=@))[ab]{2,4}?\1	diff=0/7481	no_auto_possess	
Z12074	no	((?=[\d.]))[ab]{2,4}?\1	diff=0/7481	no_auto_possess	
Z12078	no	((?=\W))[ab]{2,4}?\1	diff=0/7481	no_auto_possess	
Z12079	yes	((?=@))[ab]{2,4}?\1y	diff=0/7481	no_auto_possess	
Z12080	yes	((?=[\d.]))[ab]{2,4}?\1y	diff=0/7481	no_auto_possess	
Z12081	yes	((?=[ab]))[ab]{2,4}?\1y	diff=0/7481	no_auto_possess	
Z12082	yes	((?=[a-z]))[ab]{2,4}?\1y	diff=0/7481	no_auto_possess	
Z12083	yes	((?=\w))[ab]{2,4}?\1y	diff=0/7481	no_auto_possess	
Z12084	yes	((?=\W))[ab]{2,4}?\1y	diff=0/7481	no_auto_possess	
Z12085	yes	((?=@))[ab]{2,4}?\1@	diff=0/7481	no_auto_possess	
Z12086	yes	((?=[\d.]))[ab]{2,4}?\1@	diff=0/7481	no_auto_possess	
Z12087	yes	((?=[ab]))[ab]{2,4}?\1@	diff=0/7481	no_auto_possess	
Z12088	yes	((?=[a-z]))[ab]{2,4}?\1@	diff=0/7481	no_auto_possess	
Z12089	yes	((?=\w))[ab]{2,4}?\1@	diff=0/7481	no_auto_possess	
Z12090	yes	((?=\W))[ab]{2,4}?\1@	diff=0/7481	no_auto_possess	
Z12091	no	((?=@))[ab]{2,4}?\1a	diff=0/7481	no_auto_possess	
Z12092	no	((?=[\d.]))[ab]{2,4}?\1a	diff=0/7481	no_auto_possess	
Z12096	no	((?=\W))[ab]{2,4}?\1a	diff=0/7481	no_auto_possess	
Z12097	yes	((?=@))a+\1	diff=0/7481	no_auto_possess	
Z12098	yes	((?=[\d.]))a+\1	diff=0/7481	no_auto_possess	
Z12099	yes	((?=[ab]))a+\1	diff=0/7481	no_auto_possess	
Z12100	yes	((?=[a-z]))a+\1	diff=0/7481	no_auto_possess	
Z12101	yes	((?=\w))a+\1	diff=0/7481	no_auto_possess	
Z12102	yes	((?=\W))a+\1	diff=0/7481	no_auto_possess	
Z12103	yes	((?=@))a+\1y	diff=0/7481	no_auto_possess	
Z12104	yes	((?=[\d.]))a+\1y	diff=0/7481	no_auto_possess	
Z12105	yes	((?=[ab]))a+\1y	diff=0/7481	no_auto_possess	
Z12106	yes	((?=[a-z]))a+\1y	diff=0/7481	no_auto_possess	
Z12107	yes	((?=\w))a+\1y	diff=0/7481	no_auto_possess	
Z12108	yes	((?=\W))a+\1y	diff=0/7481	no_auto_possess	
Z12109	yes	((?=@))a+\1@	diff=0/7481	no_auto_possess	
Z12110	yes	((?=[\d.]))a+\1@	diff=0/7481	no_auto_possess	
Z12111	yes	((?=[ab]))a+\1@	diff=0/7481	no_auto_possess	
Z12112	yes	((?=[a-z]))a+\1@	diff=0/7481	no_auto_possess	
Z12113	yes	((?=\w))a+\1@	diff=0/7481	no_auto_possess	
Z12114	yes	((?=\W))a+\1@	diff=0/7481	no_auto_possess	
Z12115	no	((?=@))a+\1a	diff=0/7481	no_auto_possess	
Z12116	no	((?=[\d.]))a+\1a	diff=0/7481	no_auto_possess	
Z12120	no	((?=\W))a+\1a	diff=0/7481	no_auto_possess	
Z12121	yes	((?=@))a*\1	diff=0/7481	no_auto_possess	
Z12122	yes	((?=[\d.]))a*\1	diff=0/7481	no_auto_possess	
Z12123	yes	((?=[ab]))a*\1	diff=0/7481	no_auto_possess	
Z12124	yes	((?=[a-z]))a*\1	diff=0/7481	no_auto_possess	
Z12125	yes	((?=\w))a*\1	diff=0/7481	no_auto_possess	
Z12126	yes	((?=\W))a*\1	diff=0/7481	no_auto_possess	
Z12127	yes	((?=@))a*\1y	diff=0/7481	no_auto_possess	
Z12128	yes	((?=[\d.]))a*\1y	diff=0/7481	no_auto_possess	
Z12129	yes	((?=[ab]))a*\1y	diff=0/7481	no_auto_possess	
Z12130	yes	((?=[a-z]))a*\1y	diff=0/7481	no_auto_possess	
Z12131	yes	((?=\w))a*\1y	diff=0/7481	no_auto_possess	
Z12132	yes	((?=\W))a*\1y	diff=0/7481	no_auto_possess	
Z12133	yes	((?=@))a*\1@	diff=0/7481	no_auto_possess	
Z12134	yes	((?=[\d.]))a*\1@	diff=0/7481	no_auto_possess	
Z12135	yes	((?=[ab]))a*\1@	diff=0/7481	no_auto_possess	
Z12136	yes	((?=[a-z]))a*\1@	diff=0/7481	no_auto_possess	
Z12137	yes	((?=\w))a*\1@	diff=0/7481	no_auto_possess	
Z12138	yes	((?=\W))a*\1@	diff=0/7481	no_auto_possess	
Z12139	no	((?=@))a*\1a	diff=0/7481	no_auto_possess	
Z12140	no	((?=[\d.]))a*\1a	diff=0/7481	no_auto_possess	
Z12144	no	((?=\W))a*\1a	diff=0/7481	no_auto_possess	
Z12145	yes	((?=@))a?\1	diff=0/7481	no_auto_possess	
Z12146	yes	((?=[\d.]))a?\1	diff=0/7481	no_auto_possess	
Z12147	yes	((?=[ab]))a?\1	diff=0/7481	no_auto_possess	
Z12148	yes	((?=[a-z]))a?\1	diff=0/7481	no_auto_possess	
Z12149	yes	((?=\w))a?\1	diff=0/7481	no_auto_possess	
Z12150	yes	((?=\W))a?\1	diff=0/7481	no_auto_possess	
Z12151	yes	((?=@))a?\1y	diff=0/7481	no_auto_possess	
Z12152	yes	((?=[\d.]))a?\1y	diff=0/7481	no_auto_possess	
Z12153	yes	((?=[ab]))a?\1y	diff=0/7481	no_auto_possess	
Z12154	yes	((?=[a-z]))a?\1y	diff=0/7481	no_auto_possess	
Z12155	yes	((?=\w))a?\1y	diff=0/7481	no_auto_possess	
Z12156	yes	((?=\W))a?\1y	diff=0/7481	no_auto_possess	
Z12157	yes	((?=@))a?\1@	diff=0/7481	no_auto_possess	
Z12158	yes	((?=[\d.]))a?\1@	diff=0/7481	no_auto_possess	
Z12159	yes	((?=[ab]))a?\1@	diff=0/7481	no_auto_possess	
Z12160	yes	((?=[a-z]))a?\1@	diff=0/7481	no_auto_possess	
Z12161	yes	((?=\w))a?\1@	diff=0/7481	no_auto_possess	
Z12162	yes	((?=\W))a?\1@	diff=0/7481	no_auto_possess	
Z12163	no	((?=@))a?\1a	diff=0/7481	no_auto_possess	
Z12164	no	((?=[\d.]))a?\1a	diff=0/7481	no_auto_possess	
Z12168	no	((?=\W))a?\1a	diff=0/7481	no_auto_possess	
Z12169	yes	((?=@))a{2,4}\1	diff=0/7481	no_auto_possess	
Z12170	yes	((?=[\d.]))a{2,4}\1	diff=0/7481	no_auto_possess	
Z12171	yes	((?=[ab]))a{2,4}\1	diff=0/7481	no_auto_possess	
Z12172	yes	((?=[a-z]))a{2,4}\1	diff=0/7481	no_auto_possess	
Z12173	yes	((?=\w))a{2,4}\1	diff=0/7481	no_auto_possess	
Z12174	yes	((?=\W))a{2,4}\1	diff=0/7481	no_auto_possess	
Z12175	yes	((?=@))a{2,4}\1y	diff=0/7481	no_auto_possess	
Z12176	yes	((?=[\d.]))a{2,4}\1y	diff=0/7481	no_auto_possess	
Z12177	yes	((?=[ab]))a{2,4}\1y	diff=0/7481	no_auto_possess	
Z12178	yes	((?=[a-z]))a{2,4}\1y	diff=0/7481	no_auto_possess	
Z12179	yes	((?=\w))a{2,4}\1y	diff=0/7481	no_auto_possess	
Z12180	yes	((?=\W))a{2,4}\1y	diff=0/7481	no_auto_possess	
Z12181	yes	((?=@))a{2,4}\1@	diff=0/7481	no_auto_possess	
Z12182	yes	((?=[\d.]))a{2,4}\1@	diff=0/7481	no_auto_possess	
Z12183	yes	((?=[ab]))a{2,4}\1@	diff=0/7481	no_auto_possess	
Z12184	yes	((?=[a-z]))a{2,4}\1@	diff=0/7481	no_auto_possess	
Z12185	yes	((?=\w))a{2,4}\1@	diff=0/7481	no_auto_possess	
Z12186	yes	((?=\W))a{2,4}\1@	diff=0/7481	no_auto_possess	
Z12187	no	((?=@))a{2,4}\1a	diff=0/7481	no_auto_possess	
Z12188	no	((?=[\d.]))a{2,4}\1a	diff=0/7481	no_auto_possess	
Z12192	no	((?=\W))a{2,4}\1a	diff=0/7481	no_auto_possess	
Z12193	yes	((?=@))a{3}\1	diff=0/7481	no_auto_possess	
Z12194	yes	((?=[\d.]))a{3}\1	diff=0/7481	no_auto_possess	
Z12195	yes	((?=[ab]))a{3}\1	diff=0/7481	no_auto_possess	
Z12196	yes	((?=[a-z]))a{3}\1	diff=0/7481	no_auto_possess	
Z12197	yes	((?=\w))a{3}\1	diff=0/7481	no_auto_possess	
Z12198	yes	((?=\W))a{3}\1	diff=0/7481	no_auto_possess	
Z12199	yes	((?=@))a{3}\1y	diff=0/7481	no_auto_possess	
Z12200	yes	((?=[\d.]))a{3}\1y	diff=0/7481	no_auto_possess	
Z12201	yes	((?=[ab]))a{3}\1y	diff=0/7481	no_auto_possess	
Z12202	yes	((?=[a-z]))a{3}\1y	diff=0/7481	no_auto_possess	
Z12203	yes	((?=\w))a{3}\1y	diff=0/7481	no_auto_possess	
Z12204	yes	((?=\W))a{3}\1y	diff=0/7481	no_auto_possess	
Z12205	yes	((?=@))a{3}\1@	diff=0/7481	no_auto_possess	
Z12206	yes	((?=[\d.]))a{3}\1@	diff=0/7481	no_auto_possess	
Z12207	yes	((?=[ab]))a{3}\1@	diff=0/7481	no_auto_possess	
Z12208	yes	((?=[a-z]))a{3}\1@	diff=0/7481	no_auto_possess	
Z12209	yes	((?=\w))a{3}\1@	diff=0/7481	no_auto_possess	
Z12210	yes	((?=\W))a{3}\1@	diff=0/7481	no_auto_possess	
Z12211	yes	((?=@))a{3}\1a	diff=0/7481	no_auto_possess	
Z12212	yes	((?=[\d.]))a{3}\1a	diff=0/7481	no_auto_possess	
Z12213	yes	((?=[ab]))a{3}\1a	diff=0/7481	no_auto_possess	
Z12214	yes	((?=[a-z]))a{3}\1a	diff=0/7481	no_auto_possess	
Z12215	yes	((?=\w))a{3}\1a	diff=0/7481	no_auto_possess	
Z12216	yes	((?=\W))a{3}\1a	diff=0/7481	no_auto_possess	
Z12217	no	((?=@))a+?\1	diff=0/7481	no_auto_possess	
Z12218	no	((?=[\d.]))a+?\1	diff=0/7481	no_auto_possess	
Z12222	no	((?=\W))a+?\1	diff=0/7481	no_auto_possess	
Z12223	yes	((?=@))a+?\1y	diff=0/7481	no_auto_possess	
Z12224	yes	((?=[\d.]))a+?\1y	diff=0/7481	no_auto_possess	
Z12225	yes	((?=[ab]))a+?\1y	diff=0/7481	no_auto_possess	
Z12226	yes	((?=[a-z]))a+?\1y	diff=0/7481	no_auto_possess	
Z12227	yes	((?=\w))a+?\1y	diff=0/7481	no_auto_possess	
Z12228	yes	((?=\W))a+?\1y	diff=0/7481	no_auto_possess	
Z12229	yes	((?=@))a+?\1@	diff=0/7481	no_auto_possess	
Z12230	yes	((?=[\d.]))a+?\1@	diff=0/7481	no_auto_possess	
Z12231	yes	((?=[ab]))a+?\1@	diff=0/7481	no_auto_possess	
Z12232	yes	((?=[a-z]))a+?\1@	diff=0/7481	no_auto_possess	
Z12233	yes	((?=\w))a+?\1@	diff=0/7481	no_auto_possess	
Z12234	yes	((?=\W))a+?\1@	diff=0/7481	no_auto_possess	
Z12235	no	((?=@))a+?\1a	diff=0/7481	no_auto_possess	
Z12236	no	((?=[\d.]))a+?\1a	diff=0/7481	no_auto_possess	
Z12240	no	((?=\W))a+?\1a	diff=0/7481	no_auto_possess	
Z12241	no	((?=@))a*?\1	diff=0/7481	no_auto_possess	
Z12242	no	((?=[\d.]))a*?\1	diff=0/7481	no_auto_possess	
Z12246	no	((?=\W))a*?\1	diff=0/7481	no_auto_possess	
Z12247	yes	((?=@))a*?\1y	diff=0/7481	no_auto_possess	
Z12248	yes	((?=[\d.]))a*?\1y	diff=0/7481	no_auto_possess	
Z12249	yes	((?=[ab]))a*?\1y	diff=0/7481	no_auto_possess	
Z12250	yes	((?=[a-z]))a*?\1y	diff=0/7481	no_auto_possess	
Z12251	yes	((?=\w))a*?\1y	diff=0/7481	no_auto_possess	
Z12252	yes	((?=\W))a*?\1y	diff=0/7481	no_auto_possess	
Z12253	yes	((?=@))a*?\1@	diff=0/7481	no_auto_possess	
Z12254	yes	((?=[\d.]))a*?\1@	diff=0/7481	no_auto_possess	
Z12255	yes	((?=[ab]))a*?\1@	diff=0/7481	no_auto_possess	
Z12256	yes	((?=[a-z]))a*?\1@	diff=0/7481	no_auto_possess	
Z12257	yes	((?=\w))a*?\1@	diff=0/7481	no_auto_possess	
Z12258	yes	((?=\W))a*?\1@	diff=0/7481	no_auto_possess	
Z12259	no	((?=@))a*?\1a	diff=0/7481	no_auto_possess	
Z12260	no	((?=[\d.]))a*?\1a	diff=0/7481	no_auto_possess	
Z12264	no	((?=\W))a*?\1a	diff=0/7481	no_auto_possess	
Z12265	no	((?=@))a{2,4}?\1	diff=0/7481	no_auto_possess	
Z12266	no	((?=[\d.]))a{2,4}?\1	diff=0/7481	no_auto_possess	
Z12270	no	((?=\W))a{2,4}?\1	diff=0/7481	no_auto_possess	
Z12271	yes	((?=@))a{2,4}?\1y	diff=0/7481	no_auto_possess	
Z12272	yes	((?=[\d.]))a{2,4}?\1y	diff=0/7481	no_auto_possess	
Z12273	yes	((?=[ab]))a{2,4}?\1y	diff=0/7481	no_auto_possess	
Z12274	yes	((?=[a-z]))a{2,4}?\1y	diff=0/7481	no_auto_possess	
Z12275	yes	((?=\w))a{2,4}?\1y	diff=0/7481	no_auto_possess	
Z12276	yes	((?=\W))a{2,4}?\1y	diff=0/7481	no_auto_possess	
Z12277	yes	((?=@))a{2,4}?\1@	diff=0/7481	no_auto_possess	
Z12278	yes	((?=[\d.]))a{2,4}?\1@	diff=0/7481	no_auto_possess	
Z12279	yes	((?=[ab]))a{2,4}?\1@	diff=0/7481	no_auto_possess	
Z12280	yes	((?=[a-z]))a{2,4}?\1@	diff=0/7481	no_auto_possess	
Z12281	yes	((?=\w))a{2,4}?\1@	diff=0/7481	no_auto_possess	
Z12282	yes	((?=\W))a{2,4}?\1@	diff=0/7481	no_auto_possess	
Z12283	no	((?=@))a{2,4}?\1a	diff=0/7481	no_auto_possess	
Z12284	no	((?=[\d.]))a{2,4}?\1a	diff=0/7481	no_auto_possess	
Z12288	no	((?=\W))a{2,4}?\1a	diff=0/7481	no_auto_possess	
Z12289	yes	((?=@))(?:(?=[ab])\w)+\1	diff=0/7481	no_auto_possess	
Z12290	yes	((?=[\d.]))(?:(?=[ab])\w)+\1	diff=0/7481	no_auto_possess	
Z12291	yes	((?=[ab]))(?:(?=[ab])\w)+\1	diff=0/7481	no_auto_possess	
Z12292	yes	((?=[a-z]))(?:(?=[ab])\w)+\1	diff=0/7481	no_auto_possess	
Z12293	yes	((?=\w))(?:(?=[ab])\w)+\1	diff=0/7481	no_auto_possess	
Z12294	yes	((?=\W))(?:(?=[ab])\w)+\1	diff=0/7481	no_auto_possess	
Z12295	yes	((?=@))(?:(?=[ab])\w)+\1y	diff=0/7481	no_auto_possess	
Z12296	yes	((?=[\d.]))(?:(?=[ab])\w)+\1y	diff=0/7481	no_auto_possess	
Z12297	yes	((?=[ab]))(?:(?=[ab])\w)+\1y	diff=0/7481	no_auto_possess	
Z12298	yes	((?=[a-z]))(?:(?=[ab])\w)+\1y	diff=0/7481	no_auto_possess	
Z12299	yes	((?=\w))(?:(?=[ab])\w)+\1y	diff=0/7481	no_auto_possess	
Z12300	yes	((?=\W))(?:(?=[ab])\w)+\1y	diff=0/7481	no_auto_possess	
Z12301	yes	((?=@))(?:(?=[ab])\w)+\1@	diff=0/7481	no_auto_possess	
Z12302	yes	((?=[\d.]))(?:(?=[ab])\w)+\1@	diff=0/7481	no_auto_possess	
Z12303	yes	((?=[ab]))(?:(?=[ab])\w)+\1@	diff=0/7481	no_auto_possess	
Z12304	yes	((?=[a-z]))(?:(?=[ab])\w)+\1@	diff=0/7481	no_auto_possess	
Z12305	yes	((?=\w))(?:(?=[ab])\w)+\1@	diff=0/7481	no_auto_possess	
Z12306	yes	((?=\W))(?:(?=[ab])\w)+\1@	diff=0/7481	no_auto_possess	
Z12307	no	((?=@))(?:(?=[ab])\w)+\1a	diff=0/7481	no_auto_possess	
Z12308	no	((?=[\d.]))(?:(?=[ab])\w)+\1a	diff=0/7481	no_auto_possess	
Z12312	no	((?=\W))(?:(?=[ab])\w)+\1a	diff=0/7481	no_auto_possess	
Z12313	yes	((?=@))(?:(?=[ab])\w)*\1	diff=0/7481	no_auto_possess	
Z12314	yes	((?=[\d.]))(?:(?=[ab])\w)*\1	diff=0/7481	no_auto_possess	
Z12315	yes	((?=[ab]))(?:(?=[ab])\w)*\1	diff=0/7481	no_auto_possess	
Z12316	yes	((?=[a-z]))(?:(?=[ab])\w)*\1	diff=0/7481	no_auto_possess	
Z12317	yes	((?=\w))(?:(?=[ab])\w)*\1	diff=0/7481	no_auto_possess	
Z12318	yes	((?=\W))(?:(?=[ab])\w)*\1	diff=0/7481	no_auto_possess	
Z12319	yes	((?=@))(?:(?=[ab])\w)*\1y	diff=0/7481	no_auto_possess	
Z12320	yes	((?=[\d.]))(?:(?=[ab])\w)*\1y	diff=0/7481	no_auto_possess	
Z12321	yes	((?=[ab]))(?:(?=[ab])\w)*\1y	diff=0/7481	no_auto_possess	
Z12322	yes	((?=[a-z]))(?:(?=[ab])\w)*\1y	diff=0/7481	no_auto_possess	
Z12323	yes	((?=\w))(?:(?=[ab])\w)*\1y	diff=0/7481	no_auto_possess	
Z12324	yes	((?=\W))(?:(?=[ab])\w)*\1y	diff=0/7481	no_auto_possess	
Z12325	yes	((?=@))(?:(?=[ab])\w)*\1@	diff=0/7481	no_auto_possess	
Z12326	yes	((?=[\d.]))(?:(?=[ab])\w)*\1@	diff=0/7481	no_auto_possess	
Z12327	yes	((?=[ab]))(?:(?=[ab])\w)*\1@	diff=0/7481	no_auto_possess	
Z12328	yes	((?=[a-z]))(?:(?=[ab])\w)*\1@	diff=0/7481	no_auto_possess	
Z12329	yes	((?=\w))(?:(?=[ab])\w)*\1@	diff=0/7481	no_auto_possess	
Z12330	yes	((?=\W))(?:(?=[ab])\w)*\1@	diff=0/7481	no_auto_possess	
Z12331	no	((?=@))(?:(?=[ab])\w)*\1a	diff=0/7481	no_auto_possess	
Z12332	no	((?=[\d.]))(?:(?=[ab])\w)*\1a	diff=0/7481	no_auto_possess	
Z12336	no	((?=\W))(?:(?=[ab])\w)*\1a	diff=0/7481	no_auto_possess	
Z12337	yes	((?=@))(?:(?=[ab])\w)?\1	diff=0/7481	no_auto_possess	
Z12338	yes	((?=[\d.]))(?:(?=[ab])\w)?\1	diff=0/7481	no_auto_possess	
Z12339	yes	((?=[ab]))(?:(?=[ab])\w)?\1	diff=0/7481	no_auto_possess	
Z12340	yes	((?=[a-z]))(?:(?=[ab])\w)?\1	diff=0/7481	no_auto_possess	
Z12341	yes	((?=\w))(?:(?=[ab])\w)?\1	diff=0/7481	no_auto_possess	
Z12342	yes	((?=\W))(?:(?=[ab])\w)?\1	diff=0/7481	no_auto_possess	
Z12343	yes	((?=@))(?:(?=[ab])\w)?\1y	diff=0/7481	no_auto_possess	
Z12344	yes	((?=[\d.]))(?:(?=[ab])\w)?\1y	diff=0/7481	no_auto_possess	
Z12345	yes	((?=[ab]))(?:(?=[ab])\w)?\1y	diff=0/7481	no_auto_possess	
Z12346	yes	((?=[a-z]))(?:(?=[ab])\w)?\1y	diff=0/7481	no_auto_possess	
Z12347	yes	((?=\w))(?:(?=[ab])\w)?\1y	diff=0/7481	no_auto_possess	
Z12348	yes	((?=\W))(?:(?=[ab])\w)?\1y	diff=0/7481	no_auto_possess	
Z12349	yes	((?=@))(?:(?=[ab])\w)?\1@	diff=0/7481	no_auto_possess	
Z12350	yes	((?=[\d.]))(?:(?=[ab])\w)?\1@	diff=0/7481	no_auto_possess	
Z12351	yes	((?=[ab]))(?:(?=[ab])\w)?\1@	diff=0/7481	no_auto_possess	
Z12352	yes	((?=[a-z]))(?:(?=[ab])\w)?\1@	diff=0/7481	no_auto_possess	
Z12353	yes	((?=\w))(?:(?=[ab])\w)?\1@	diff=0/7481	no_auto_possess	
Z12354	yes	((?=\W))(?:(?=[ab])\w)?\1@	diff=0/7481	no_auto_possess	
Z12355	no	((?=@))(?:(?=[ab])\w)?\1a	diff=0/7481	no_auto_possess	
Z12356	no	((?=[\d.]))(?:(?=[ab])\w)?\1a	diff=0/7481	no_auto_possess	
Z12360	no	((?=\W))(?:(?=[ab])\w)?\1a	diff=0/7481	no_auto_possess	
Z12361	yes	((?=@))(?:(?=[ab])\w){2,4}\1	diff=0/7481	no_auto_possess	
Z12362	yes	((?=[\d.]))(?:(?=[ab])\w){2,4}\1	diff=0/7481	no_auto_possess	
Z12363	yes	((?=[ab]))(?:(?=[ab])\w){2,4}\1	diff=0/7481	no_auto_possess	
Z12364	yes	((?=[a-z]))(?:(?=[ab])\w){2,4}\1	diff=0/7481	no_auto_possess	
Z12365	yes	((?=\w))(?:(?=[ab])\w){2,4}\1	diff=0/7481	no_auto_possess	
Z12366	yes	((?=\W))(?:(?=[ab])\w){2,4}\1	diff=0/7481	no_auto_possess	
Z12367	yes	((?=@))(?:(?=[ab])\w){2,4}\1y	diff=0/7481	no_auto_possess	
Z12368	yes	((?=[\d.]))(?:(?=[ab])\w){2,4}\1y	diff=0/7481	no_auto_possess	
Z12369	yes	((?=[ab]))(?:(?=[ab])\w){2,4}\1y	diff=0/7481	no_auto_possess	
Z12370	yes	((?=[a-z]))(?:(?=[ab])\w){2,4}\1y	diff=0/7481	no_auto_possess	
Z12371	yes	((?=\w))(?:(?=[ab])\w){2,4}\1y	diff=0/7481	no_auto_possess	
Z12372	yes	((?=\W))(?:(?=[ab])\w){2,4}\1y	diff=0/7481	no_auto_possess	
Z12373	yes	((?=@))(?:(?=[ab])\w){2,4}\1@	diff=0/7481	no_auto_possess	
Z12374	yes	((?=[\d.]))(?:(?=[ab])\w){2,4}\1@	diff=0/7481	no_auto_possess	
Z12375	yes	((?=[ab]))(?:(?=[ab])\w){2,4}\1@	diff=0/7481	no_auto_possess	
Z12376	yes	((?=[a-z]))(?:(?=[ab])\w){2,4}\1@	diff=0/7481	no_auto_possess	
Z12377	yes	((?=\w))(?:(?=[ab])\w){2,4}\1@	diff=0/7481	no_auto_possess	
Z12378	yes	((?=\W))(?:(?=[ab])\w){2,4}\1@	diff=0/7481	no_auto_possess	
Z12379	no	((?=@))(?:(?=[ab])\w){2,4}\1a	diff=0/7481	no_auto_possess	
Z12380	no	((?=[\d.]))(?:(?=[ab])\w){2,4}\1a	diff=0/7481	no_auto_possess	
Z12384	no	((?=\W))(?:(?=[ab])\w){2,4}\1a	diff=0/7481	no_auto_possess	
Z12385	yes	((?=@))(?:(?=[ab])\w){3}\1	diff=0/7481	no_auto_possess	
Z12386	yes	((?=[\d.]))(?:(?=[ab])\w){3}\1	diff=0/7481	no_auto_possess	
Z12387	yes	((?=[ab]))(?:(?=[ab])\w){3}\1	diff=0/7481	no_auto_possess	
Z12388	yes	((?=[a-z]))(?:(?=[ab])\w){3}\1	diff=0/7481	no_auto_possess	
Z12389	yes	((?=\w))(?:(?=[ab])\w){3}\1	diff=0/7481	no_auto_possess	
Z12390	yes	((?=\W))(?:(?=[ab])\w){3}\1	diff=0/7481	no_auto_possess	
Z12391	yes	((?=@))(?:(?=[ab])\w){3}\1y	diff=0/7481	no_auto_possess	
Z12392	yes	((?=[\d.]))(?:(?=[ab])\w){3}\1y	diff=0/7481	no_auto_possess	
Z12393	yes	((?=[ab]))(?:(?=[ab])\w){3}\1y	diff=0/7481	no_auto_possess	
Z12394	yes	((?=[a-z]))(?:(?=[ab])\w){3}\1y	diff=0/7481	no_auto_possess	
Z12395	yes	((?=\w))(?:(?=[ab])\w){3}\1y	diff=0/7481	no_auto_possess	
Z12396	yes	((?=\W))(?:(?=[ab])\w){3}\1y	diff=0/7481	no_auto_possess	
Z12397	yes	((?=@))(?:(?=[ab])\w){3}\1@	diff=0/7481	no_auto_possess	
Z12398	yes	((?=[\d.]))(?:(?=[ab])\w){3}\1@	diff=0/7481	no_auto_possess	
Z12399	yes	((?=[ab]))(?:(?=[ab])\w){3}\1@	diff=0/7481	no_auto_possess	
Z12400	yes	((?=[a-z]))(?:(?=[ab])\w){3}\1@	diff=0/7481	no_auto_possess	
Z12401	yes	((?=\w))(?:(?=[ab])\w){3}\1@	diff=0/7481	no_auto_possess	
Z12402	yes	((?=\W))(?:(?=[ab])\w){3}\1@	diff=0/7481	no_auto_possess	
Z12403	yes	((?=@))(?:(?=[ab])\w){3}\1a	diff=0/7481	no_auto_possess	
Z12404	yes	((?=[\d.]))(?:(?=[ab])\w){3}\1a	diff=0/7481	no_auto_possess	
Z12405	yes	((?=[ab]))(?:(?=[ab])\w){3}\1a	diff=0/7481	no_auto_possess	
Z12406	yes	((?=[a-z]))(?:(?=[ab])\w){3}\1a	diff=0/7481	no_auto_possess	
Z12407	yes	((?=\w))(?:(?=[ab])\w){3}\1a	diff=0/7481	no_auto_possess	
Z12408	yes	((?=\W))(?:(?=[ab])\w){3}\1a	diff=0/7481	no_auto_possess	
Z12409	no	((?=@))(?:(?=[ab])\w)+?\1	diff=0/7481	no_auto_possess	
Z12410	no	((?=[\d.]))(?:(?=[ab])\w)+?\1	diff=0/7481	no_auto_possess	
Z12414	no	((?=\W))(?:(?=[ab])\w)+?\1	diff=0/7481	no_auto_possess	
Z12415	yes	((?=@))(?:(?=[ab])\w)+?\1y	diff=0/7481	no_auto_possess	
Z12416	yes	((?=[\d.]))(?:(?=[ab])\w)+?\1y	diff=0/7481	no_auto_possess	
Z12417	yes	((?=[ab]))(?:(?=[ab])\w)+?\1y	diff=0/7481	no_auto_possess	
Z12418	yes	((?=[a-z]))(?:(?=[ab])\w)+?\1y	diff=0/7481	no_auto_possess	
Z12419	yes	((?=\w))(?:(?=[ab])\w)+?\1y	diff=0/7481	no_auto_possess	
Z12420	yes	((?=\W))(?:(?=[ab])\w)+?\1y	diff=0/7481	no_auto_possess	
Z12421	yes	((?=@))(?:(?=[ab])\w)+?\1@	diff=0/7481	no_auto_possess	
Z12422	yes	((?=[\d.]))(?:(?=[ab])\w)+?\1@	diff=0/7481	no_auto_possess	
Z12423	yes	((?=[ab]))(?:(?=[ab])\w)+?\1@	diff=0/7481	no_auto_possess	
Z12424	yes	((?=[a-z]))(?:(?=[ab])\w)+?\1@	diff=0/7481	no_auto_possess	
Z12425	yes	((?=\w))(?:(?=[ab])\w)+?\1@	diff=0/7481	no_auto_possess	
Z12426	yes	((?=\W))(?:(?=[ab])\w)+?\1@	diff=0/7481	no_auto_possess	
Z12427	no	((?=@))(?:(?=[ab])\w)+?\1a	diff=0/7481	no_auto_possess	
Z12428	no	((?=[\d.]))(?:(?=[ab])\w)+?\1a	diff=0/7481	no_auto_possess	
Z12432	no	((?=\W))(?:(?=[ab])\w)+?\1a	diff=0/7481	no_auto_possess	
Z12433	no	((?=@))(?:(?=[ab])\w)*?\1	diff=0/7481	no_auto_possess	
Z12434	no	((?=[\d.]))(?:(?=[ab])\w)*?\1	diff=0/7481	no_auto_possess	
Z12438	no	((?=\W))(?:(?=[ab])\w)*?\1	diff=0/7481	no_auto_possess	
Z12439	yes	((?=@))(?:(?=[ab])\w)*?\1y	diff=0/7481	no_auto_possess	
Z12440	yes	((?=[\d.]))(?:(?=[ab])\w)*?\1y	diff=0/7481	no_auto_possess	
Z12441	yes	((?=[ab]))(?:(?=[ab])\w)*?\1y	diff=0/7481	no_auto_possess	
Z12442	yes	((?=[a-z]))(?:(?=[ab])\w)*?\1y	diff=0/7481	no_auto_possess	
Z12443	yes	((?=\w))(?:(?=[ab])\w)*?\1y	diff=0/7481	no_auto_possess	
Z12444	yes	((?=\W))(?:(?=[ab])\w)*?\1y	diff=0/7481	no_auto_possess	
Z12445	yes	((?=@))(?:(?=[ab])\w)*?\1@	diff=0/7481	no_auto_possess	
Z12446	yes	((?=[\d.]))(?:(?=[ab])\w)*?\1@	diff=0/7481	no_auto_possess	
Z12447	yes	((?=[ab]))(?:(?=[ab])\w)*?\1@	diff=0/7481	no_auto_possess	
Z12448	yes	((?=[a-z]))(?:(?=[ab])\w)*?\1@	diff=0/7481	no_auto_possess	
Z12449	yes	((?=\w))(?:(?=[ab])\w)*?\1@	diff=0/7481	no_auto_possess	
Z12450	yes	((?=\W))(?:(?=[ab])\w)*?\1@	diff=0/7481	no_auto_possess	
Z12451	no	((?=@))(?:(?=[ab])\w)*?\1a	diff=0/7481	no_auto_possess	
Z12452	no	((?=[\d.]))(?:(?=[ab])\w)*?\1a	diff=0/7481	no_auto_possess	
Z12456	no	((?=\W))(?:(?=[ab])\w)*?\1a	diff=0/7481	no_auto_possess	
Z12457	no	((?=@))(?:(?=[ab])\w){2,4}?\1	diff=0/7481	no_auto_possess	
Z12458	no	((?=[\d.]))(?:(?=[ab])\w){2,4}?\1	diff=0/7481	no_auto_possess	
Z12462	no	((?=\W))(?:(?=[ab])\w){2,4}?\1	diff=0/7481	no_auto_possess	
Z12463	yes	((?=@))(?:(?=[ab])\w){2,4}?\1y	diff=0/7481	no_auto_possess	
Z12464	yes	((?=[\d.]))(?:(?=[ab])\w){2,4}?\1y	diff=0/7481	no_auto_possess	
Z12465	yes	((?=[ab]))(?:(?=[ab])\w){2,4}?\1y	diff=0/7481	no_auto_possess	
Z12466	yes	((?=[a-z]))(?:(?=[ab])\w){2,4}?\1y	diff=0/7481	no_auto_possess	
Z12467	yes	((?=\w))(?:(?=[ab])\w){2,4}?\1y	diff=0/7481	no_auto_possess	
Z12468	yes	((?=\W))(?:(?=[ab])\w){2,4}?\1y	diff=0/7481	no_auto_possess	
Z12469	yes	((?=@))(?:(?=[ab])\w){2,4}?\1@	diff=0/7481	no_auto_possess	
Z12470	yes	((?=[\d.]))(?:(?=[ab])\w){2,4}?\1@	diff=0/7481	no_auto_possess	
Z12471	yes	((?=[ab]))(?:(?=[ab])\w){2,4}?\1@	diff=0/7481	no_auto_possess	
Z12472	yes	((?=[a-z]))(?:(?=[ab])\w){2,4}?\1@	diff=0/7481	no_auto_possess	
Z12473	yes	((?=\w))(?:(?=[ab])\w){2,4}?\1@	diff=0/7481	no_auto_possess	
Z12474	yes	((?=\W))(?:(?=[ab])\w){2,4}?\1@	diff=0/7481	no_auto_possess	
Z12475	no	((?=@))(?:(?=[ab])\w){2,4}?\1a	diff=0/7481	no_auto_possess	
Z12476	no	((?=[\d.]))(?:(?=[ab])\w){2,4}?\1a	diff=0/7481	no_auto_possess	
Z12480	no	((?=\W))(?:(?=[ab])\w){2,4}?\1a	diff=0/7481	no_auto_possess	
Z12481	yes	((?=@))(?:\w(?!\d))+\1	diff=0/7481	no_auto_possess	
Z12482	yes	((?=[\d.]))(?:\w(?!\d))+\1	diff=0/7481	no_auto_possess	
Z12483	yes	((?=[ab]))(?:\w(?!\d))+\1	diff=0/7481	no_auto_possess	
Z12484	yes	((?=[a-z]))(?:\w(?!\d))+\1	diff=0/7481	no_auto_possess	
Z12485	yes	((?=\w))(?:\w(?!\d))+\1	diff=0/7481	no_auto_possess	
Z12486	yes	((?=\W))(?:\w(?!\d))+\1	diff=0/7481	no_auto_possess	
Z12487	no	((?=@))(?:\w(?!\d))+\1y	diff=0/7481	no_auto_possess	
Z12492	no	((?=\W))(?:\w(?!\d))+\1y	diff=0/7481	no_auto_possess	
Z12493	yes	((?=@))(?:\w(?!\d))+\1@	diff=0/7481	no_auto_possess	
Z12494	yes	((?=[\d.]))(?:\w(?!\d))+\1@	diff=0/7481	no_auto_possess	
Z12495	yes	((?=[ab]))(?:\w(?!\d))+\1@	diff=0/7481	no_auto_possess	
Z12496	yes	((?=[a-z]))(?:\w(?!\d))+\1@	diff=0/7481	no_auto_possess	
Z12497	yes	((?=\w))(?:\w(?!\d))+\1@	diff=0/7481	no_auto_possess	
Z12498	yes	((?=\W))(?:\w(?!\d))+\1@	diff=0/7481	no_auto_possess	
Z12499	no	((?=@))(?:\w(?!\d))+\1a	diff=0/7481	no_auto_possess	
Z12504	no	((?=\W))(?:\w(?!\d))+\1a	diff=0/7481	no_auto_possess	
Z12505	yes	((?=@))(?:\w(?!\d))*\1	diff=0/7481	no_auto_possess	
Z12506	yes	((?=[\d.]))(?:\w(?!\d))*\1	diff=0/7481	no_auto_possess	
Z12507	yes	((?=[ab]))(?:\w(?!\d))*\1	diff=0/7481	no_auto_possess	
Z12508	yes	((?=[a-z]))(?:\w(?!\d))*\1	diff=0/7481	no_auto_possess	
Z12509	yes	((?=\w))(?:\w(?!\d))*\1	diff=0/7481	no_auto_possess	
Z12510	yes	((?=\W))(?:\w(?!\d))*\1	diff=0/7481	no_auto_possess	
Z12511	no	((?=@))(?:\w(?!\d))*\1y	diff=0/7481	no_auto_possess	
Z12516	no	((?=\W))(?:\w(?!\d))*\1y	diff=0/7481	no_auto_possess	
Z12517	yes	((?=@))(?:\w(?!\d))*\1@	diff=0/7481	no_auto_possess	
Z12518	yes	((?=[\d.]))(?:\w(?!\d))*\1@	diff=0/7481	no_auto_possess	
Z12519	yes	((?=[ab]))(?:\w(?!\d))*\1@	diff=0/7481	no_auto_possess	
Z12520	yes	((?=[a-z]))(?:\w(?!\d))*\1@	diff=0/7481	no_auto_possess	
Z12521	yes	((?=\w))(?:\w(?!\d))*\1@	diff=0/7481	no_auto_possess	
Z12522	yes	((?=\W))(?:\w(?!\d))*\1@	diff=0/7481	no_auto_possess	
Z12523	no	((?=@))(?:\w(?!\d))*\1a	diff=0/7481	no_auto_possess	
Z12528	no	((?=\W))(?:\w(?!\d))*\1a	diff=0/7481	no_auto_possess	
Z12529	yes	((?=@))(?:\w(?!\d))?\1	diff=0/7481	no_auto_possess	
Z12530	yes	((?=[\d.]))(?:\w(?!\d))?\1	diff=0/7481	no_auto_possess	
Z12531	yes	((?=[ab]))(?:\w(?!\d))?\1	diff=0/7481	no_auto_possess	
Z12532	yes	((?=[a-z]))(?:\w(?!\d))?\1	diff=0/7481	no_auto_possess	
Z12533	yes	((?=\w))(?:\w(?!\d))?\1	diff=0/7481	no_auto_possess	
Z12534	yes	((?=\W))(?:\w(?!\d))?\1	diff=0/7481	no_auto_possess	
Z12535	no	((?=@))(?:\w(?!\d))?\1y	diff=0/7481	no_auto_possess	
Z12540	no	((?=\W))(?:\w(?!\d))?\1y	diff=0/7481	no_auto_possess	
Z12541	yes	((?=@))(?:\w(?!\d))?\1@	diff=0/7481	no_auto_possess	
Z12542	yes	((?=[\d.]))(?:\w(?!\d))?\1@	diff=0/7481	no_auto_possess	
Z12543	yes	((?=[ab]))(?:\w(?!\d))?\1@	diff=0/7481	no_auto_possess	
Z12544	yes	((?=[a-z]))(?:\w(?!\d))?\1@	diff=0/7481	no_auto_possess	
Z12545	yes	((?=\w))(?:\w(?!\d))?\1@	diff=0/7481	no_auto_possess	
Z12546	yes	((?=\W))(?:\w(?!\d))?\1@	diff=0/7481	no_auto_possess	
Z12547	no	((?=@))(?:\w(?!\d))?\1a	diff=0/7481	no_auto_possess	
Z12552	no	((?=\W))(?:\w(?!\d))?\1a	diff=0/7481	no_auto_possess	
Z12553	yes	((?=@))(?:\w(?!\d)){2,4}\1	diff=0/7481	no_auto_possess	
Z12554	yes	((?=[\d.]))(?:\w(?!\d)){2,4}\1	diff=0/7481	no_auto_possess	
Z12555	yes	((?=[ab]))(?:\w(?!\d)){2,4}\1	diff=0/7481	no_auto_possess	
Z12556	yes	((?=[a-z]))(?:\w(?!\d)){2,4}\1	diff=0/7481	no_auto_possess	
Z12557	yes	((?=\w))(?:\w(?!\d)){2,4}\1	diff=0/7481	no_auto_possess	
Z12558	yes	((?=\W))(?:\w(?!\d)){2,4}\1	diff=0/7481	no_auto_possess	
Z12559	no	((?=@))(?:\w(?!\d)){2,4}\1y	diff=0/7481	no_auto_possess	
Z12564	no	((?=\W))(?:\w(?!\d)){2,4}\1y	diff=0/7481	no_auto_possess	
Z12565	yes	((?=@))(?:\w(?!\d)){2,4}\1@	diff=0/7481	no_auto_possess	
Z12566	yes	((?=[\d.]))(?:\w(?!\d)){2,4}\1@	diff=0/7481	no_auto_possess	
Z12567	yes	((?=[ab]))(?:\w(?!\d)){2,4}\1@	diff=0/7481	no_auto_possess	
Z12568	yes	((?=[a-z]))(?:\w(?!\d)){2,4}\1@	diff=0/7481	no_auto_possess	
Z12569	yes	((?=\w))(?:\w(?!\d)){2,4}\1@	diff=0/7481	no_auto_possess	
Z12570	yes	((?=\W))(?:\w(?!\d)){2,4}\1@	diff=0/7481	no_auto_possess	
Z12571	no	((?=@))(?:\w(?!\d)){2,4}\1a	diff=0/7481	no_auto_possess	
Z12576	no	((?=\W))(?:\w(?!\d)){2,4}\1a	diff=0/7481	no_auto_possess	
Z12577	yes	((?=@))(?:\w(?!\d)){3}\1	diff=0/7481	no_auto_possess	
Z12578	yes	((?=[\d.]))(?:\w(?!\d)){3}\1	diff=0/7481	no_auto_possess	
Z12579	yes	((?=[ab]))(?:\w(?!\d)){3}\1	diff=0/7481	no_auto_possess	
Z12580	yes	((?=[a-z]))(?:\w(?!\d)){3}\1	diff=0/7481	no_auto_possess	
Z12581	yes	((?=\w))(?:\w(?!\d)){3}\1	diff=0/7481	no_auto_possess	
Z12582	yes	((?=\W))(?:\w(?!\d)){3}\1	diff=0/7481	no_auto_possess	
Z12583	yes	((?=@))(?:\w(?!\d)){3}\1y	diff=0/7481	no_auto_possess	
Z12584	yes	((?=[\d.]))(?:\w(?!\d)){3}\1y	diff=0/7481	no_auto_possess	
Z12585	yes	((?=[ab]))(?:\w(?!\d)){3}\1y	diff=0/7481	no_auto_possess	
Z12586	yes	((?=[a-z]))(?:\w(?!\d)){3}\1y	diff=0/7481	no_auto_possess	
Z12587	yes	((?=\w))(?:\w(?!\d)){3}\1y	diff=0/7481	no_auto_possess	
Z12588	yes	((?=\W))(?:\w(?!\d)){3}\1y	diff=0/7481	no_auto_possess	
Z12589	yes	((?=@))(?:\w(?!\d)){3}\1@	diff=0/7481	no_auto_possess	
Z12590	yes	((?=[\d.]))(?:\w(?!\d)){3}\1@	diff=0/7481	no_auto_possess	
Z12591	yes	((?=[ab]))(?:\w(?!\d)){3}\1@	diff=0/7481	no_auto_possess	
Z12592	yes	((?=[a-z]))(?:\w(?!\d)){3}\1@	diff=0/7481	no_auto_possess	
Z12593	yes	((?=\w))(?:\w(?!\d)){3}\1@	diff=0/7481	no_auto_possess	
Z12594	yes	((?=\W))(?:\w(?!\d)){3}\1@	diff=0/7481	no_auto_possess	
Z12595	yes	((?=@))(?:\w(?!\d)){3}\1a	diff=0/7481	no_auto_possess	
Z12596	yes	((?=[\d.]))(?:\w(?!\d)){3}\1a	diff=0/7481	no_auto_possess	
Z12597	yes	((?=[ab]))(?:\w(?!\d)){3}\1a	diff=0/7481	no_auto_possess	
Z12598	yes	((?=[a-z]))(?:\w(?!\d)){3}\1a	diff=0/7481	no_auto_possess	
Z12599	yes	((?=\w))(?:\w(?!\d)){3}\1a	diff=0/7481	no_auto_possess	
Z12600	yes	((?=\W))(?:\w(?!\d)){3}\1a	diff=0/7481	no_auto_possess	
Z12601	no	((?=@))(?:\w(?!\d))+?\1	diff=0/7481	no_auto_possess	
Z12606	no	((?=\W))(?:\w(?!\d))+?\1	diff=0/7481	no_auto_possess	
Z12607	no	((?=@))(?:\w(?!\d))+?\1y	diff=0/7481	no_auto_possess	
Z12612	no	((?=\W))(?:\w(?!\d))+?\1y	diff=0/7481	no_auto_possess	
Z12613	yes	((?=@))(?:\w(?!\d))+?\1@	diff=0/7481	no_auto_possess	
Z12614	yes	((?=[\d.]))(?:\w(?!\d))+?\1@	diff=0/7481	no_auto_possess	
Z12615	yes	((?=[ab]))(?:\w(?!\d))+?\1@	diff=0/7481	no_auto_possess	
Z12616	yes	((?=[a-z]))(?:\w(?!\d))+?\1@	diff=0/7481	no_auto_possess	
Z12617	yes	((?=\w))(?:\w(?!\d))+?\1@	diff=0/7481	no_auto_possess	
Z12618	yes	((?=\W))(?:\w(?!\d))+?\1@	diff=0/7481	no_auto_possess	
Z12619	no	((?=@))(?:\w(?!\d))+?\1a	diff=0/7481	no_auto_possess	
Z12624	no	((?=\W))(?:\w(?!\d))+?\1a	diff=0/7481	no_auto_possess	
Z12625	no	((?=@))(?:\w(?!\d))*?\1	diff=0/7481	no_auto_possess	
Z12630	no	((?=\W))(?:\w(?!\d))*?\1	diff=0/7481	no_auto_possess	
Z12631	no	((?=@))(?:\w(?!\d))*?\1y	diff=0/7481	no_auto_possess	
Z12636	no	((?=\W))(?:\w(?!\d))*?\1y	diff=0/7481	no_auto_possess	
Z12637	yes	((?=@))(?:\w(?!\d))*?\1@	diff=0/7481	no_auto_possess	
Z12638	yes	((?=[\d.]))(?:\w(?!\d))*?\1@	diff=0/7481	no_auto_possess	
Z12639	yes	((?=[ab]))(?:\w(?!\d))*?\1@	diff=0/7481	no_auto_possess	
Z12640	yes	((?=[a-z]))(?:\w(?!\d))*?\1@	diff=0/7481	no_auto_possess	
Z12641	yes	((?=\w))(?:\w(?!\d))*?\1@	diff=0/7481	no_auto_possess	
Z12642	yes	((?=\W))(?:\w(?!\d))*?\1@	diff=0/7481	no_auto_possess	
Z12643	no	((?=@))(?:\w(?!\d))*?\1a	diff=0/7481	no_auto_possess	
Z12648	no	((?=\W))(?:\w(?!\d))*?\1a	diff=0/7481	no_auto_possess	
Z12649	no	((?=@))(?:\w(?!\d)){2,4}?\1	diff=0/7481	no_auto_possess	
Z12654	no	((?=\W))(?:\w(?!\d)){2,4}?\1	diff=0/7481	no_auto_possess	
Z12655	no	((?=@))(?:\w(?!\d)){2,4}?\1y	diff=0/7481	no_auto_possess	
Z12660	no	((?=\W))(?:\w(?!\d)){2,4}?\1y	diff=0/7481	no_auto_possess	
Z12661	yes	((?=@))(?:\w(?!\d)){2,4}?\1@	diff=0/7481	no_auto_possess	
Z12662	yes	((?=[\d.]))(?:\w(?!\d)){2,4}?\1@	diff=0/7481	no_auto_possess	
Z12663	yes	((?=[ab]))(?:\w(?!\d)){2,4}?\1@	diff=0/7481	no_auto_possess	
Z12664	yes	((?=[a-z]))(?:\w(?!\d)){2,4}?\1@	diff=0/7481	no_auto_possess	
Z12665	yes	((?=\w))(?:\w(?!\d)){2,4}?\1@	diff=0/7481	no_auto_possess	
Z12666	yes	((?=\W))(?:\w(?!\d)){2,4}?\1@	diff=0/7481	no_auto_possess	
Z12667	no	((?=@))(?:\w(?!\d)){2,4}?\1a	diff=0/7481	no_auto_possess	
Z12672	no	((?=\W))(?:\w(?!\d)){2,4}?\1a	diff=0/7481	no_auto_possess	
Z12673	yes	((?!@))[a-z]+\1	diff=0/7481	no_auto_possess	
Z12674	yes	((?![\d.]))[a-z]+\1	diff=0/7481	no_auto_possess	
Z12675	yes	((?![ab]))[a-z]+\1	diff=0/7481	no_auto_possess	
Z12676	yes	((?![a-z]))[a-z]+\1	diff=0/7481	no_auto_possess	
Z12677	yes	((?!\w))[a-z]+\1	diff=0/7481	no_auto_possess	
Z12678	yes	((?!\W))[a-z]+\1	diff=0/7481	no_auto_possess	
Z12682	no	((?![a-z]))[a-z]+\1y	diff=0/7481	no_auto_possess	
Z12683	no	((?!\w))[a-z]+\1y	diff=0/7481	no_auto_possess	
Z12685	yes	((?!@))[a-z]+\1@	diff=0/7481	no_auto_possess	
Z12686	yes	((?![\d.]))[a-z]+\1@	diff=0/7481	no_auto_possess	
Z12687	yes	((?![ab]))[a-z]+\1@	diff=0/7481	no_auto_possess	
Z12688	yes	((?![a-z]))[a-z]+\1@	diff=0/7481	no_auto_possess	
Z12689	yes	((?!\w))[a-z]+\1@	diff=0/7481	no_auto_possess	
Z12690	yes	((?!\W))[a-z]+\1@	diff=0/7481	no_auto_possess	
Z12694	no	((?![a-z]))[a-z]+\1a	diff=0/7481	no_auto_possess	
Z12695	no	((?!\w))[a-z]+\1a	diff=0/7481	no_auto_possess	
Z12697	yes	((?!@))[a-z]*\1	diff=0/7481	no_auto_possess	
Z12698	yes	((?![\d.]))[a-z]*\1	diff=0/7481	no_auto_possess	
Z12699	yes	((?![ab]))[a-z]*\1	diff=0/7481	no_auto_possess	
Z12700	yes	((?![a-z]))[a-z]*\1	diff=0/7481	no_auto_possess	
Z12701	yes	((?!\w))[a-z]*\1	diff=0/7481	no_auto_possess	
Z12702	yes	((?!\W))[a-z]*\1	diff=0/7481	no_auto_possess	
Z12706	no	((?![a-z]))[a-z]*\1y	diff=0/7481	no_auto_possess	
Z12707	no	((?!\w))[a-z]*\1y	diff=0/7481	no_auto_possess	
Z12709	yes	((?!@))[a-z]*\1@	diff=0/7481	no_auto_possess	
Z12710	yes	((?![\d.]))[a-z]*\1@	diff=0/7481	no_auto_possess	
Z12711	yes	((?![ab]))[a-z]*\1@	diff=0/7481	no_auto_possess	
Z12712	yes	((?![a-z]))[a-z]*\1@	diff=0/7481	no_auto_possess	
Z12713	yes	((?!\w))[a-z]*\1@	diff=0/7481	no_auto_possess	
Z12714	yes	((?!\W))[a-z]*\1@	diff=0/7481	no_auto_possess	
Z12718	no	((?![a-z]))[a-z]*\1a	diff=0/7481	no_auto_possess	
Z12719	no	((?!\w))[a-z]*\1a	diff=0/7481	no_auto_possess	
Z12721	yes	((?!@))[a-z]?\1	diff=0/7481	no_auto_possess	
Z12722	yes	((?![\d.]))[a-z]?\1	diff=0/7481	no_auto_possess	
Z12723	yes	((?![ab]))[a-z]?\1	diff=0/7481	no_auto_possess	
Z12724	yes	((?![a-z]))[a-z]?\1	diff=0/7481	no_auto_possess	
Z12725	yes	((?!\w))[a-z]?\1	diff=0/7481	no_auto_possess	
Z12726	yes	((?!\W))[a-z]?\1	diff=0/7481	no_auto_possess	
Z12730	no	((?![a-z]))[a-z]?\1y	diff=0/7481	no_auto_possess	
Z12731	no	((?!\w))[a-z]?\1y	diff=0/7481	no_auto_possess	
Z12733	yes	((?!@))[a-z]?\1@	diff=0/7481	no_auto_possess	
Z12734	yes	((?![\d.]))[a-z]?\1@	diff=0/7481	no_auto_possess	
Z12735	yes	((?![ab]))[a-z]?\1@	diff=0/7481	no_auto_possess	
Z12736	yes	((?![a-z]))[a-z]?\1@	diff=0/7481	no_auto_possess	
Z12737	yes	((?!\w))[a-z]?\1@	diff=0/7481	no_auto_possess	
Z12738	yes	((?!\W))[a-z]?\1@	diff=0/7481	no_auto_possess	
Z12742	no	((?![a-z]))[a-z]?\1a	diff=0/7481	no_auto_possess	
Z12743	no	((?!\w))[a-z]?\1a	diff=0/7481	no_auto_possess	
Z12745	yes	((?!@))[a-z]{2,4}\1	diff=0/7481	no_auto_possess	
Z12746	yes	((?![\d.]))[a-z]{2,4}\1	diff=0/7481	no_auto_possess	
Z12747	yes	((?![ab]))[a-z]{2,4}\1	diff=0/7481	no_auto_possess	
Z12748	yes	((?![a-z]))[a-z]{2,4}\1	diff=0/7481	no_auto_possess	
Z12749	yes	((?!\w))[a-z]{2,4}\1	diff=0/7481	no_auto_possess	
Z12750	yes	((?!\W))[a-z]{2,4}\1	diff=0/7481	no_auto_possess	
Z12754	no	((?![a-z]))[a-z]{2,4}\1y	diff=0/7481	no_auto_possess	
Z12755	no	((?!\w))[a-z]{2,4}\1y	diff=0/7481	no_auto_possess	
Z12757	yes	((?!@))[a-z]{2,4}\1@	diff=0/7481	no_auto_possess	
Z12758	yes	((?![\d.]))[a-z]{2,4}\1@	diff=0/7481	no_auto_possess	
Z12759	yes	((?![ab]))[a-z]{2,4}\1@	diff=0/7481	no_auto_possess	
Z12760	yes	((?![a-z]))[a-z]{2,4}\1@	diff=0/7481	no_auto_possess	
Z12761	yes	((?!\w))[a-z]{2,4}\1@	diff=0/7481	no_auto_possess	
Z12762	yes	((?!\W))[a-z]{2,4}\1@	diff=0/7481	no_auto_possess	
Z12766	no	((?![a-z]))[a-z]{2,4}\1a	diff=0/7481	no_auto_possess	
Z12767	no	((?!\w))[a-z]{2,4}\1a	diff=0/7481	no_auto_possess	
Z12769	yes	((?!@))[a-z]{3}\1	diff=0/7481	no_auto_possess	
Z12770	yes	((?![\d.]))[a-z]{3}\1	diff=0/7481	no_auto_possess	
Z12771	yes	((?![ab]))[a-z]{3}\1	diff=0/7481	no_auto_possess	
Z12772	yes	((?![a-z]))[a-z]{3}\1	diff=0/7481	no_auto_possess	
Z12773	yes	((?!\w))[a-z]{3}\1	diff=0/7481	no_auto_possess	
Z12774	yes	((?!\W))[a-z]{3}\1	diff=0/7481	no_auto_possess	
Z12775	yes	((?!@))[a-z]{3}\1y	diff=0/7481	no_auto_possess	
Z12776	yes	((?![\d.]))[a-z]{3}\1y	diff=0/7481	no_auto_possess	
Z12777	yes	((?![ab]))[a-z]{3}\1y	diff=0/7481	no_auto_possess	
Z12778	yes	((?![a-z]))[a-z]{3}\1y	diff=0/7481	no_auto_possess	
Z12779	yes	((?!\w))[a-z]{3}\1y	diff=0/7481	no_auto_possess	
Z12780	yes	((?!\W))[a-z]{3}\1y	diff=0/7481	no_auto_possess	
Z12781	yes	((?!@))[a-z]{3}\1@	diff=0/7481	no_auto_possess	
Z12782	yes	((?![\d.]))[a-z]{3}\1@	diff=0/7481	no_auto_possess	
Z12783	yes	((?![ab]))[a-z]{3}\1@	diff=0/7481	no_auto_possess	
Z12784	yes	((?![a-z]))[a-z]{3}\1@	diff=0/7481	no_auto_possess	
Z12785	yes	((?!\w))[a-z]{3}\1@	diff=0/7481	no_auto_possess	
Z12786	yes	((?!\W))[a-z]{3}\1@	diff=0/7481	no_auto_possess	
Z12787	yes	((?!@))[a-z]{3}\1a	diff=0/7481	no_auto_possess	
Z12788	yes	((?![\d.]))[a-z]{3}\1a	diff=0/7481	no_auto_possess	
Z12789	yes	((?![ab]))[a-z]{3}\1a	diff=0/7481	no_auto_possess	
Z12790	yes	((?![a-z]))[a-z]{3}\1a	diff=0/7481	no_auto_possess	
Z12791	yes	((?!\w))[a-z]{3}\1a	diff=0/7481	no_auto_possess	
Z12792	yes	((?!\W))[a-z]{3}\1a	diff=0/7481	no_auto_possess	
Z12796	no	((?![a-z]))[a-z]+?\1	diff=0/7481	no_auto_possess	
Z12797	no	((?!\w))[a-z]+?\1	diff=0/7481	no_auto_possess	
Z12802	no	((?![a-z]))[a-z]+?\1y	diff=0/7481	no_auto_possess	
Z12803	no	((?!\w))[a-z]+?\1y	diff=0/7481	no_auto_possess	
Z12805	yes	((?!@))[a-z]+?\1@	diff=0/7481	no_auto_possess	
Z12806	yes	((?![\d.]))[a-z]+?\1@	diff=0/7481	no_auto_possess	
Z12807	yes	((?![ab]))[a-z]+?\1@	diff=0/7481	no_auto_possess	
Z12808	yes	((?![a-z]))[a-z]+?\1@	diff=0/7481	no_auto_possess	
Z12809	yes	((?!\w))[a-z]+?\1@	diff=0/7481	no_auto_possess	
Z12810	yes	((?!\W))[a-z]+?\1@	diff=0/7481	no_auto_possess	
Z12814	no	((?![a-z]))[a-z]+?\1a	diff=0/7481	no_auto_possess	
Z12815	no	((?!\w))[a-z]+?\1a	diff=0/7481	no_auto_possess	
Z12820	no	((?![a-z]))[a-z]*?\1	diff=0/7481	no_auto_possess	
Z12821	no	((?!\w))[a-z]*?\1	diff=0/7481	no_auto_possess	
Z12826	no	((?![a-z]))[a-z]*?\1y	diff=0/7481	no_auto_possess	
Z12827	no	((?!\w))[a-z]*?\1y	diff=0/7481	no_auto_possess	
Z12829	yes	((?!@))[a-z]*?\1@	diff=0/7481	no_auto_possess	
Z12830	yes	((?![\d.]))[a-z]*?\1@	diff=0/7481	no_auto_possess	
Z12831	yes	((?![ab]))[a-z]*?\1@	diff=0/7481	no_auto_possess	
Z12832	yes	((?![a-z]))[a-z]*?\1@	diff=0/7481	no_auto_possess	
Z12833	yes	((?!\w))[a-z]*?\1@	diff=0/7481	no_auto_possess	
Z12834	yes	((?!\W))[a-z]*?\1@	diff=0/7481	no_auto_possess	
Z12838	no	((?![a-z]))[a-z]*?\1a	diff=0/7481	no_auto_possess	
Z12839	no	((?!\w))[a-z]*?\1a	diff=0/7481	no_auto_possess	
Z12844	no	((?![a-z]))[a-z]{2,4}?\1	diff=0/7481	no_auto_possess	
Z12845	no	((?!\w))[a-z]{2,4}?\1	diff=0/7481	no_auto_possess	
Z12850	no	((?![a-z]))[a-z]{2,4}?\1y	diff=0/7481	no_auto_possess	
Z12851	no	((?!\w))[a-z]{2,4}?\1y	diff=0/7481	no_auto_possess	
Z12853	yes	((?!@))[a-z]{2,4}?\1@	diff=0/7481	no_auto_possess	
Z12854	yes	((?![\d.]))[a-z]{2,4}?\1@	diff=0/7481	no_auto_possess	
Z12855	yes	((?![ab]))[a-z]{2,4}?\1@	diff=0/7481	no_auto_possess	
Z12856	yes	((?![a-z]))[a-z]{2,4}?\1@	diff=0/7481	no_auto_possess	
Z12857	yes	((?!\w))[a-z]{2,4}?\1@	diff=0/7481	no_auto_possess	
Z12858	yes	((?!\W))[a-z]{2,4}?\1@	diff=0/7481	no_auto_possess	
Z12862	no	((?![a-z]))[a-z]{2,4}?\1a	diff=0/7481	no_auto_possess	
Z12863	no	((?!\w))[a-z]{2,4}?\1a	diff=0/7481	no_auto_possess	
Z12865	yes	((?!@))\d+\1	diff=0/7481	no_auto_possess	
Z12866	yes	((?![\d.]))\d+\1	diff=0/7481	no_auto_possess	
Z12867	yes	((?![ab]))\d+\1	diff=0/7481	no_auto_possess	
Z12868	yes	((?![a-z]))\d+\1	diff=0/7481	no_auto_possess	
Z12869	yes	((?!\w))\d+\1	diff=0/7481	no_auto_possess	
Z12870	yes	((?!\W))\d+\1	diff=0/7481	no_auto_possess	
Z12871	yes	((?!@))\d+\1y	diff=0/7481	no_auto_possess	
Z12872	yes	((?![\d.]))\d+\1y	diff=0/7481	no_auto_possess	
Z12873	yes	((?![ab]))\d+\1y	diff=0/7481	no_auto_possess	
Z12874	yes	((?![a-z]))\d+\1y	diff=0/7481	no_auto_possess	
Z12875	yes	((?!\w))\d+\1y	diff=0/7481	no_auto_possess	
Z12876	yes	((?!\W))\d+\1y	diff=0/7481	no_auto_possess	
Z12877	yes	((?!@))\d+\1@	diff=0/7481	no_auto_possess	
Z12878	yes	((?![\d.]))\d+\1@	diff=0/7481	no_auto_possess	
Z12879	yes	((?![ab]))\d+\1@	diff=0/7481	no_auto_possess	
Z12880	yes	((?![a-z]))\d+\1@	diff=0/7481	no_auto_possess	
Z12881	yes	((?!\w))\d+\1@	diff=0/7481	no_auto_possess	
Z12882	yes	((?!\W))\d+\1@	diff=0/7481	no_auto_possess	
Z12883	yes	((?!@))\d+\1a	diff=0/7481	no_auto_possess	
Z12884	yes	((?![\d.]))\d+\1a	diff=0/7481	no_auto_possess	
Z12885	yes	((?![ab]))\d+\1a	diff=0/7481	no_auto_possess	
Z12886	yes	((?![a-z]))\d+\1a	diff=0/7481	no_auto_possess	
Z12887	yes	((?!\w))\d+\1a	diff=0/7481	no_auto_possess	
Z12888	yes	((?!\W))\d+\1a	diff=0/7481	no_auto_possess	
Z12889	yes	((?!@))\d*\1	diff=0/7481	no_auto_possess	
Z12890	yes	((?![\d.]))\d*\1	diff=0/7481	no_auto_possess	
Z12891	yes	((?![ab]))\d*\1	diff=0/7481	no_auto_possess	
Z12892	yes	((?![a-z]))\d*\1	diff=0/7481	no_auto_possess	
Z12893	yes	((?!\w))\d*\1	diff=0/7481	no_auto_possess	
Z12894	yes	((?!\W))\d*\1	diff=0/7481	no_auto_possess	
Z12895	yes	((?!@))\d*\1y	diff=0/7481	no_auto_possess	
Z12896	yes	((?![\d.]))\d*\1y	diff=0/7481	no_auto_possess	
Z12897	yes	((?![ab]))\d*\1y	diff=0/7481	no_auto_possess	
Z12898	yes	((?![a-z]))\d*\1y	diff=0/7481	no_auto_possess	
Z12899	yes	((?!\w))\d*\1y	diff=0/7481	no_auto_possess	
Z12900	yes	((?!\W))\d*\1y	diff=0/7481	no_auto_possess	
Z12901	yes	((?!@))\d*\1@	diff=0/7481	no_auto_possess	
Z12902	yes	((?![\d.]))\d*\1@	diff=0/7481	no_auto_possess	
Z12903	yes	((?![ab]))\d*\1@	diff=0/7481	no_auto_possess	
Z12904	yes	((?![a-z]))\d*\1@	diff=0/7481	no_auto_possess	
Z12905	yes	((?!\w))\d*\1@	diff=0/7481	no_auto_possess	
Z12906	yes	((?!\W))\d*\1@	diff=0/7481	no_auto_possess	
Z12907	yes	((?!@))\d*\1a	diff=0/7481	no_auto_possess	
Z12908	yes	((?![\d.]))\d*\1a	diff=0/7481	no_auto_possess	
Z12909	yes	((?![ab]))\d*\1a	diff=0/7481	no_auto_possess	
Z12910	yes	((?![a-z]))\d*\1a	diff=0/7481	no_auto_possess	
Z12911	yes	((?!\w))\d*\1a	diff=0/7481	no_auto_possess	
Z12912	yes	((?!\W))\d*\1a	diff=0/7481	no_auto_possess	
Z12913	yes	((?!@))\d?\1	diff=0/7481	no_auto_possess	
Z12914	yes	((?![\d.]))\d?\1	diff=0/7481	no_auto_possess	
Z12915	yes	((?![ab]))\d?\1	diff=0/7481	no_auto_possess	
Z12916	yes	((?![a-z]))\d?\1	diff=0/7481	no_auto_possess	
Z12917	yes	((?!\w))\d?\1	diff=0/7481	no_auto_possess	
Z12918	yes	((?!\W))\d?\1	diff=0/7481	no_auto_possess	
Z12919	yes	((?!@))\d?\1y	diff=0/7481	no_auto_possess	
Z12920	yes	((?![\d.]))\d?\1y	diff=0/7481	no_auto_possess	
Z12921	yes	((?![ab]))\d?\1y	diff=0/7481	no_auto_possess	
Z12922	yes	((?![a-z]))\d?\1y	diff=0/7481	no_auto_possess	
Z12923	yes	((?!\w))\d?\1y	diff=0/7481	no_auto_possess	
Z12924	yes	((?!\W))\d?\1y	diff=0/7481	no_auto_possess	
Z12925	yes	((?!@))\d?\1@	diff=0/7481	no_auto_possess	
Z12926	yes	((?![\d.]))\d?\1@	diff=0/7481	no_auto_possess	
Z12927	yes	((?![ab]))\d?\1@	diff=0/7481	no_auto_possess	
Z12928	yes	((?![a-z]))\d?\1@	diff=0/7481	no_auto_possess	
Z12929	yes	((?!\w))\d?\1@	diff=0/7481	no_auto_possess	
Z12930	yes	((?!\W))\d?\1@	diff=0/7481	no_auto_possess	
Z12931	yes	((?!@))\d?\1a	diff=0/7481	no_auto_possess	
Z12932	yes	((?![\d.]))\d?\1a	diff=0/7481	no_auto_possess	
Z12933	yes	((?![ab]))\d?\1a	diff=0/7481	no_auto_possess	
Z12934	yes	((?![a-z]))\d?\1a	diff=0/7481	no_auto_possess	
Z12935	yes	((?!\w))\d?\1a	diff=0/7481	no_auto_possess	
Z12936	yes	((?!\W))\d?\1a	diff=0/7481	no_auto_possess	
Z12937	yes	((?!@))\d{2,4}\1	diff=0/7481	no_auto_possess	
Z12938	yes	((?![\d.]))\d{2,4}\1	diff=0/7481	no_auto_possess	
Z12939	yes	((?![ab]))\d{2,4}\1	diff=0/7481	no_auto_possess	
Z12940	yes	((?![a-z]))\d{2,4}\1	diff=0/7481	no_auto_possess	
Z12941	yes	((?!\w))\d{2,4}\1	diff=0/7481	no_auto_possess	
Z12942	yes	((?!\W))\d{2,4}\1	diff=0/7481	no_auto_possess	
Z12943	yes	((?!@))\d{2,4}\1y	diff=0/7481	no_auto_possess	
Z12944	yes	((?![\d.]))\d{2,4}\1y	diff=0/7481	no_auto_possess	
Z12945	yes	((?![ab]))\d{2,4}\1y	diff=0/7481	no_auto_possess	
Z12946	yes	((?![a-z]))\d{2,4}\1y	diff=0/7481	no_auto_possess	
Z12947	yes	((?!\w))\d{2,4}\1y	diff=0/7481	no_auto_possess	
Z12948	yes	((?!\W))\d{2,4}\1y	diff=0/7481	no_auto_possess	
Z12949	yes	((?!@))\d{2,4}\1@	diff=0/7481	no_auto_possess	
Z12950	yes	((?![\d.]))\d{2,4}\1@	diff=0/7481	no_auto_possess	
Z12951	yes	((?![ab]))\d{2,4}\1@	diff=0/7481	no_auto_possess	
Z12952	yes	((?![a-z]))\d{2,4}\1@	diff=0/7481	no_auto_possess	
Z12953	yes	((?!\w))\d{2,4}\1@	diff=0/7481	no_auto_possess	
Z12954	yes	((?!\W))\d{2,4}\1@	diff=0/7481	no_auto_possess	
Z12955	yes	((?!@))\d{2,4}\1a	diff=0/7481	no_auto_possess	
Z12956	yes	((?![\d.]))\d{2,4}\1a	diff=0/7481	no_auto_possess	
Z12957	yes	((?![ab]))\d{2,4}\1a	diff=0/7481	no_auto_possess	
Z12958	yes	((?![a-z]))\d{2,4}\1a	diff=0/7481	no_auto_possess	
Z12959	yes	((?!\w))\d{2,4}\1a	diff=0/7481	no_auto_possess	
Z12960	yes	((?!\W))\d{2,4}\1a	diff=0/7481	no_auto_possess	
Z12961	yes	((?!@))\d{3}\1	diff=0/7481	no_auto_possess	
Z12962	yes	((?![\d.]))\d{3}\1	diff=0/7481	no_auto_possess	
Z12963	yes	((?![ab]))\d{3}\1	diff=0/7481	no_auto_possess	
Z12964	yes	((?![a-z]))\d{3}\1	diff=0/7481	no_auto_possess	
Z12965	yes	((?!\w))\d{3}\1	diff=0/7481	no_auto_possess	
Z12966	yes	((?!\W))\d{3}\1	diff=0/7481	no_auto_possess	
Z12967	yes	((?!@))\d{3}\1y	diff=0/7481	no_auto_possess	
Z12968	yes	((?![\d.]))\d{3}\1y	diff=0/7481	no_auto_possess	
Z12969	yes	((?![ab]))\d{3}\1y	diff=0/7481	no_auto_possess	
Z12970	yes	((?![a-z]))\d{3}\1y	diff=0/7481	no_auto_possess	
Z12971	yes	((?!\w))\d{3}\1y	diff=0/7481	no_auto_possess	
Z12972	yes	((?!\W))\d{3}\1y	diff=0/7481	no_auto_possess	
Z12973	yes	((?!@))\d{3}\1@	diff=0/7481	no_auto_possess	
Z12974	yes	((?![\d.]))\d{3}\1@	diff=0/7481	no_auto_possess	
Z12975	yes	((?![ab]))\d{3}\1@	diff=0/7481	no_auto_possess	
Z12976	yes	((?![a-z]))\d{3}\1@	diff=0/7481	no_auto_possess	
Z12977	yes	((?!\w))\d{3}\1@	diff=0/7481	no_auto_possess	
Z12978	yes	((?!\W))\d{3}\1@	diff=0/7481	no_auto_possess	
Z12979	yes	((?!@))\d{3}\1a	diff=0/7481	no_auto_possess	
Z12980	yes	((?![\d.]))\d{3}\1a	diff=0/7481	no_auto_possess	
Z12981	yes	((?![ab]))\d{3}\1a	diff=0/7481	no_auto_possess	
Z12982	yes	((?![a-z]))\d{3}\1a	diff=0/7481	no_auto_possess	
Z12983	yes	((?!\w))\d{3}\1a	diff=0/7481	no_auto_possess	
Z12984	yes	((?!\W))\d{3}\1a	diff=0/7481	no_auto_possess	
Z12986	no	((?![\d.]))\d+?\1	diff=0/7481	no_auto_possess	
Z12989	no	((?!\w))\d+?\1	diff=0/7481	no_auto_possess	
Z12991	yes	((?!@))\d+?\1y	diff=0/7481	no_auto_possess	
Z12992	yes	((?![\d.]))\d+?\1y	diff=0/7481	no_auto_possess	
Z12993	yes	((?![ab]))\d+?\1y	diff=0/7481	no_auto_possess	
Z12994	yes	((?![a-z]))\d+?\1y	diff=0/7481	no_auto_possess	
Z12995	yes	((?!\w))\d+?\1y	diff=0/7481	no_auto_possess	
Z12996	yes	((?!\W))\d+?\1y	diff=0/7481	no_auto_possess	
Z12997	yes	((?!@))\d+?\1@	diff=0/7481	no_auto_possess	
Z12998	yes	((?![\d.]))\d+?\1@	diff=0/7481	no_auto_possess	
Z12999	yes	((?![ab]))\d+?\1@	diff=0/7481	no_auto_possess	
Z13000	yes	((?![a-z]))\d+?\1@	diff=0/7481	no_auto_possess	
Z13001	yes	((?!\w))\d+?\1@	diff=0/7481	no_auto_possess	
Z13002	yes	((?!\W))\d+?\1@	diff=0/7481	no_auto_possess	
Z13003	yes	((?!@))\d+?\1a	diff=0/7481	no_auto_possess	
Z13004	yes	((?![\d.]))\d+?\1a	diff=0/7481	no_auto_possess	
Z13005	yes	((?![ab]))\d+?\1a	diff=0/7481	no_auto_possess	
Z13006	yes	((?![a-z]))\d+?\1a	diff=0/7481	no_auto_possess	
Z13007	yes	((?!\w))\d+?\1a	diff=0/7481	no_auto_possess	
Z13008	yes	((?!\W))\d+?\1a	diff=0/7481	no_auto_possess	
Z13010	no	((?![\d.]))\d*?\1	diff=0/7481	no_auto_possess	
Z13013	no	((?!\w))\d*?\1	diff=0/7481	no_auto_possess	
Z13015	yes	((?!@))\d*?\1y	diff=0/7481	no_auto_possess	
Z13016	yes	((?![\d.]))\d*?\1y	diff=0/7481	no_auto_possess	
Z13017	yes	((?![ab]))\d*?\1y	diff=0/7481	no_auto_possess	
Z13018	yes	((?![a-z]))\d*?\1y	diff=0/7481	no_auto_possess	
Z13019	yes	((?!\w))\d*?\1y	diff=0/7481	no_auto_possess	
Z13020	yes	((?!\W))\d*?\1y	diff=0/7481	no_auto_possess	
Z13021	yes	((?!@))\d*?\1@	diff=0/7481	no_auto_possess	
Z13022	yes	((?![\d.]))\d*?\1@	diff=0/7481	no_auto_possess	
Z13023	yes	((?![ab]))\d*?\1@	diff=0/7481	no_auto_possess	
Z13024	yes	((?![a-z]))\d*?\1@	diff=0/7481	no_auto_possess	
Z13025	yes	((?!\w))\d*?\1@	diff=0/7481	no_auto_possess	
Z13026	yes	((?!\W))\d*?\1@	diff=0/7481	no_auto_possess	
Z13027	yes	((?!@))\d*?\1a	diff=0/7481	no_auto_possess	
Z13028	yes	((?![\d.]))\d*?\1a	diff=0/7481	no_auto_possess	
Z13029	yes	((?![ab]))\d*?\1a	diff=0/7481	no_auto_possess	
Z13030	yes	((?![a-z]))\d*?\1a	diff=0/7481	no_auto_possess	
Z13031	yes	((?!\w))\d*?\1a	diff=0/7481	no_auto_possess	
Z13032	yes	((?!\W))\d*?\1a	diff=0/7481	no_auto_possess	
Z13034	no	((?![\d.]))\d{2,4}?\1	diff=0/7481	no_auto_possess	
Z13037	no	((?!\w))\d{2,4}?\1	diff=0/7481	no_auto_possess	
Z13039	yes	((?!@))\d{2,4}?\1y	diff=0/7481	no_auto_possess	
Z13040	yes	((?![\d.]))\d{2,4}?\1y	diff=0/7481	no_auto_possess	
Z13041	yes	((?![ab]))\d{2,4}?\1y	diff=0/7481	no_auto_possess	
Z13042	yes	((?![a-z]))\d{2,4}?\1y	diff=0/7481	no_auto_possess	
Z13043	yes	((?!\w))\d{2,4}?\1y	diff=0/7481	no_auto_possess	
Z13044	yes	((?!\W))\d{2,4}?\1y	diff=0/7481	no_auto_possess	
Z13045	yes	((?!@))\d{2,4}?\1@	diff=0/7481	no_auto_possess	
Z13046	yes	((?![\d.]))\d{2,4}?\1@	diff=0/7481	no_auto_possess	
Z13047	yes	((?![ab]))\d{2,4}?\1@	diff=0/7481	no_auto_possess	
Z13048	yes	((?![a-z]))\d{2,4}?\1@	diff=0/7481	no_auto_possess	
Z13049	yes	((?!\w))\d{2,4}?\1@	diff=0/7481	no_auto_possess	
Z13050	yes	((?!\W))\d{2,4}?\1@	diff=0/7481	no_auto_possess	
Z13051	yes	((?!@))\d{2,4}?\1a	diff=0/7481	no_auto_possess	
Z13052	yes	((?![\d.]))\d{2,4}?\1a	diff=0/7481	no_auto_possess	
Z13053	yes	((?![ab]))\d{2,4}?\1a	diff=0/7481	no_auto_possess	
Z13054	yes	((?![a-z]))\d{2,4}?\1a	diff=0/7481	no_auto_possess	
Z13055	yes	((?!\w))\d{2,4}?\1a	diff=0/7481	no_auto_possess	
Z13056	yes	((?!\W))\d{2,4}?\1a	diff=0/7481	no_auto_possess	
Z13057	yes	((?!@))[ab]+\1	diff=0/7481	no_auto_possess	
Z13058	yes	((?![\d.]))[ab]+\1	diff=0/7481	no_auto_possess	
Z13059	yes	((?![ab]))[ab]+\1	diff=0/7481	no_auto_possess	
Z13060	yes	((?![a-z]))[ab]+\1	diff=0/7481	no_auto_possess	
Z13061	yes	((?!\w))[ab]+\1	diff=0/7481	no_auto_possess	
Z13062	yes	((?!\W))[ab]+\1	diff=0/7481	no_auto_possess	
Z13063	yes	((?!@))[ab]+\1y	diff=0/7481	no_auto_possess	
Z13064	yes	((?![\d.]))[ab]+\1y	diff=0/7481	no_auto_possess	
Z13065	yes	((?![ab]))[ab]+\1y	diff=0/7481	no_auto_possess	
Z13066	yes	((?![a-z]))[ab]+\1y	diff=0/7481	no_auto_possess	
Z13067	yes	((?!\w))[ab]+\1y	diff=0/7481	no_auto_possess	
Z13068	yes	((?!\W))[ab]+\1y	diff=0/7481	no_auto_possess	
Z13069	yes	((?!@))[ab]+\1@	diff=0/7481	no_auto_possess	
Z13070	yes	((?![\d.]))[ab]+\1@	diff=0/7481	no_auto_possess	
Z13071	yes	((?![ab]))[ab]+\1@	diff=0/7481	no_auto_possess	
Z13072	yes	((?![a-z]))[ab]+\1@	diff=0/7481	no_auto_possess	
Z13073	yes	((?!\w))[ab]+\1@	diff=0/7481	no_auto_possess	
Z13074	yes	((?!\W))[ab]+\1@	diff=0/7481	no_auto_possess	
Z13077	no	((?![ab]))[ab]+\1a	diff=0/7481	no_auto_possess	
Z13078	no	((?![a-z]))[ab]+\1a	diff=0/7481	no_auto_possess	
Z13079	no	((?!\w))[ab]+\1a	diff=0/7481	no_auto_possess	
Z13081	yes	((?!@))[ab]*\1	diff=0/7481	no_auto_possess	
Z13082	yes	((?![\d.]))[ab]*\1	diff=0/7481	no_auto_possess	
Z13083	yes	((?![ab]))[ab]*\1	diff=0/7481	no_auto_possess	
Z13084	yes	((?![a-z]))[ab]*\1	diff=0/7481	no_auto_possess	
Z13085	yes	((?!\w))[ab]*\1	diff=0/7481	no_auto_possess	
Z13086	yes	((?!\W))[ab]*\1	diff=0/7481	no_auto_possess	
Z13087	yes	((?!@))[ab]*\1y	diff=0/7481	no_auto_possess	
Z13088	yes	((?![\d.]))[ab]*\1y	diff=0/7481	no_auto_possess	
Z13089	yes	((?![ab]))[ab]*\1y	diff=0/7481	no_auto_possess	
Z13090	yes	((?![a-z]))[ab]*\1y	diff=0/7481	no_auto_possess	
Z13091	yes	((?!\w))[ab]*\1y	diff=0/7481	no_auto_possess	
Z13092	yes	((?!\W))[ab]*\1y	diff=0/7481	no_auto_possess	
Z13093	yes	((?!@))[ab]*\1@	diff=0/7481	no_auto_possess	
Z13094	yes	((?![\d.]))[ab]*\1@	diff=0/7481	no_auto_possess	
Z13095	yes	((?![ab]))[ab]*\1@	diff=0/7481	no_auto_possess	
Z13096	yes	((?![a-z]))[ab]*\1@	diff=0/7481	no_auto_possess	
Z13097	yes	((?!\w))[ab]*\1@	diff=0/7481	no_auto_possess	
Z13098	yes	((?!\W))[ab]*\1@	diff=0/7481	no_auto_possess	
Z13101	no	((?![ab]))[ab]*\1a	diff=0/7481	no_auto_possess	
Z13102	no	((?![a-z]))[ab]*\1a	diff=0/7481	no_auto_possess	
Z13103	no	((?!\w))[ab]*\1a	diff=0/7481	no_auto_possess	
Z13105	yes	((?!@))[ab]?\1	diff=0/7481	no_auto_possess	
Z13106	yes	((?![\d.]))[ab]?\1	diff=0/7481	no_auto_possess	
Z13107	yes	((?![ab]))[ab]?\1	diff=0/7481	no_auto_possess	
Z13108	yes	((?![a-z]))[ab]?\1	diff=0/7481	no_auto_possess	
Z13109	yes	((?!\w))[ab]?\1	diff=0/7481	no_auto_possess	
Z13110	yes	((?!\W))[ab]?\1	diff=0/7481	no_auto_possess	
Z13111	yes	((?!@))[ab]?\1y	diff=0/7481	no_auto_possess	
Z13112	yes	((?![\d.]))[ab]?\1y	diff=0/7481	no_auto_possess	
Z13113	yes	((?![ab]))[ab]?\1y	diff=0/7481	no_auto_possess	
Z13114	yes	((?![a-z]))[ab]?\1y	diff=0/7481	no_auto_possess	
Z13115	yes	((?!\w))[ab]?\1y	diff=0/7481	no_auto_possess	
Z13116	yes	((?!\W))[ab]?\1y	diff=0/7481	no_auto_possess	
Z13117	yes	((?!@))[ab]?\1@	diff=0/7481	no_auto_possess	
Z13118	yes	((?![\d.]))[ab]?\1@	diff=0/7481	no_auto_possess	
Z13119	yes	((?![ab]))[ab]?\1@	diff=0/7481	no_auto_possess	
Z13120	yes	((?![a-z]))[ab]?\1@	diff=0/7481	no_auto_possess	
Z13121	yes	((?!\w))[ab]?\1@	diff=0/7481	no_auto_possess	
Z13122	yes	((?!\W))[ab]?\1@	diff=0/7481	no_auto_possess	
Z13125	no	((?![ab]))[ab]?\1a	diff=0/7481	no_auto_possess	
Z13126	no	((?![a-z]))[ab]?\1a	diff=0/7481	no_auto_possess	
Z13127	no	((?!\w))[ab]?\1a	diff=0/7481	no_auto_possess	
Z13129	yes	((?!@))[ab]{2,4}\1	diff=0/7481	no_auto_possess	
Z13130	yes	((?![\d.]))[ab]{2,4}\1	diff=0/7481	no_auto_possess	
Z13131	yes	((?![ab]))[ab]{2,4}\1	diff=0/7481	no_auto_possess	
Z13132	yes	((?![a-z]))[ab]{2,4}\1	diff=0/7481	no_auto_possess	
Z13133	yes	((?!\w))[ab]{2,4}\1	diff=0/7481	no_auto_possess	
Z13134	yes	((?!\W))[ab]{2,4}\1	diff=0/7481	no_auto_possess	
Z13135	yes	((?!@))[ab]{2,4}\1y	diff=0/7481	no_auto_possess	
Z13136	yes	((?![\d.]))[ab]{2,4}\1y	diff=0/7481	no_auto_possess	
Z13137	yes	((?![ab]))[ab]{2,4}\1y	diff=0/7481	no_auto_possess	
Z13138	yes	((?![a-z]))[ab]{2,4}\1y	diff=0/7481	no_auto_possess	
Z13139	yes	((?!\w))[ab]{2,4}\1y	diff=0/7481	no_auto_possess	
Z13140	yes	((?!\W))[ab]{2,4}\1y	diff=0/7481	no_auto_possess	
Z13141	yes	((?!@))[ab]{2,4}\1@	diff=0/7481	no_auto_possess	
Z13142	yes	((?![\d.]))[ab]{2,4}\1@	diff=0/7481	no_auto_possess	
Z13143	yes	((?![ab]))[ab]{2,4}\1@	diff=0/7481	no_auto_possess	
Z13144	yes	((?![a-z]))[ab]{2,4}\1@	diff=0/7481	no_auto_possess	
Z13145	yes	((?!\w))[ab]{2,4}\1@	diff=0/7481	no_auto_possess	
Z13146	yes	((?!\W))[ab]{2,4}\1@	diff=0/7481	no_auto_possess	
Z13149	no	((?![ab]))[ab]{2,4}\1a	diff=0/7481	no_auto_possess	
Z13150	no	((?![a-z]))[ab]{2,4}\1a	diff=0/7481	no_auto_possess	
Z13151	no	((?!\w))[ab]{2,4}\1a	diff=0/7481	no_auto_possess	
Z13153	yes	((?!@))[ab]{3}\1	diff=0/7481	no_auto_possess	
Z13154	yes	((?![\d.]))[ab]{3}\1	diff=0/7481	no_auto_possess	
Z13155	yes	((?![ab]))[ab]{3}\1	diff=0/7481	no_auto_possess	
Z13156	yes	((?![a-z]))[ab]{3}\1	diff=0/7481	no_auto_possess	
Z13157	yes	((?!\w))[ab]{3}\1	diff=0/7481	no_auto_possess	
Z13158	yes	((?!\W))[ab]{3}\1	diff=0/7481	no_auto_possess	
Z13159	yes	((?!@))[ab]{3}\1y	diff=0/7481	no_auto_possess	
Z13160	yes	((?![\d.]))[ab]{3}\1y	diff=0/7481	no_auto_possess	
Z13161	yes	((?![ab]))[ab]{3}\1y	diff=0/7481	no_auto_possess	
Z13162	yes	((?![a-z]))[ab]{3}\1y	diff=0/7481	no_auto_possess	
Z13163	yes	((?!\w))[ab]{3}\1y	diff=0/7481	no_auto_possess	
Z13164	yes	((?!\W))[ab]{3}\1y	diff=0/7481	no_auto_possess	
Z13165	yes	((?!@))[ab]{3}\1@	diff=0/7481	no_auto_possess	
Z13166	yes	((?![\d.]))[ab]{3}\1@	diff=0/7481	no_auto_possess	
Z13167	yes	((?![ab]))[ab]{3}\1@	diff=0/7481	no_auto_possess	
Z13168	yes	((?![a-z]))[ab]{3}\1@	diff=0/7481	no_auto_possess	
Z13169	yes	((?!\w))[ab]{3}\1@	diff=0/7481	no_auto_possess	
Z13170	yes	((?!\W))[ab]{3}\1@	diff=0/7481	no_auto_possess	
Z13171	yes	((?!@))[ab]{3}\1a	diff=0/7481	no_auto_possess	
Z13172	yes	((?![\d.]))[ab]{3}\1a	diff=0/7481	no_auto_possess	
Z13173	yes	((?![ab]))[ab]{3}\1a	diff=0/7481	no_auto_possess	
Z13174	yes	((?![a-z]))[ab]{3}\1a	diff=0/7481	no_auto_possess	
Z13175	yes	((?!\w))[ab]{3}\1a	diff=0/7481	no_auto_possess	
Z13176	yes	((?!\W))[ab]{3}\1a	diff=0/7481	no_auto_possess	
Z13179	no	((?![ab]))[ab]+?\1	diff=0/7481	no_auto_possess	
Z13180	no	((?![a-z]))[ab]+?\1	diff=0/7481	no_auto_possess	
Z13181	no	((?!\w))[ab]+?\1	diff=0/7481	no_auto_possess	
Z13183	yes	((?!@))[ab]+?\1y	diff=0/7481	no_auto_possess	
Z13184	yes	((?![\d.]))[ab]+?\1y	diff=0/7481	no_auto_possess	
Z13185	yes	((?![ab]))[ab]+?\1y	diff=0/7481	no_auto_possess	
Z13186	yes	((?![a-z]))[ab]+?\1y	diff=0/7481	no_auto_possess	
Z13187	yes	((?!\w))[ab]+?\1y	diff=0/7481	no_auto_possess	
Z13188	yes	((?!\W))[ab]+?\1y	diff=0/7481	no_auto_possess	
Z13189	yes	((?!@))[ab]+?\1@	diff=0/7481	no_auto_possess	
Z13190	yes	((?![\d.]))[ab]+?\1@	diff=0/7481	no_auto_possess	
Z13191	yes	((?![ab]))[ab]+?\1@	diff=0/7481	no_auto_possess	
Z13192	yes	((?![a-z]))[ab]+?\1@	diff=0/7481	no_auto_possess	
Z13193	yes	((?!\w))[ab]+?\1@	diff=0/7481	no_auto_possess	
Z13194	yes	((?!\W))[ab]+?\1@	diff=0/7481	no_auto_possess	
Z13197	no	((?![ab]))[ab]+?\1a	diff=0/7481	no_auto_possess	
Z13198	no	((?![a-z]))[ab]+?\1a	diff=0/7481	no_auto_possess	
Z13199	no	((?!\w))[ab]+?\1a	diff=0/7481	no_auto_possess	
Z13203	no	((?![ab]))[ab]*?\1	diff=0/7481	no_auto_possess	
Z13204	no	((?![a-z]))[ab]*?\1	diff=0/7481	no_auto_possess	
Z13205	no	((?!\w))[ab]*?\1	diff=0/7481	no_auto_possess	
Z13207	yes	((?!@))[ab]*?\1y	diff=0/7481	no_auto_possess	
Z13208	yes	((?![\d.]))[ab]*?\1y	diff=0/7481	no_auto_possess	
Z13209	yes	((?![ab]))[ab]*?\1y	diff=0/7481	no_auto_possess	
Z13210	yes	((?![a-z]))[ab]*?\1y	diff=0/7481	no_auto_possess	
Z13211	yes	((?!\w))[ab]*?\1y	diff=0/7481	no_auto_possess	
Z13212	yes	((?!\W))[ab]*?\1y	diff=0/7481	no_auto_possess	
Z13213	yes	((?!@))[ab]*?\1@	diff=0/7481	no_auto_possess	
Z13214	yes	((?![\d.]))[ab]*?\1@	diff=0/7481	no_auto_possess	
Z13215	yes	((?![ab]))[ab]*?\1@	diff=0/7481	no_auto_possess	
Z13216	yes	((?![a-z]))[ab]*?\1@	diff=0/7481	no_auto_possess	
Z13217	yes	((?!\w))[ab]*?\1@	diff=0/7481	no_auto_possess	
Z13218	yes	((?!\W))[ab]*?\1@	diff=0/7481	no_auto_possess	
Z13221	no	((?![ab]))[ab]*?\1a	diff=0/7481	no_auto_possess	
Z13222	no	((?![a-z]))[ab]*?\1a	diff=0/7481	no_auto_possess	
Z13223	no	((?!\w))[ab]*?\1a	diff=0/7481	no_auto_possess	
Z13227	no	((?![ab]))[ab]{2,4}?\1	diff=0/7481	no_auto_possess	
Z13228	no	((?![a-z]))[ab]{2,4}?\1	diff=0/7481	no_auto_possess	
Z13229	no	((?!\w))[ab]{2,4}?\1	diff=0/7481	no_auto_possess	
Z13231	yes	((?!@))[ab]{2,4}?\1y	diff=0/7481	no_auto_possess	
Z13232	yes	((?![\d.]))[ab]{2,4}?\1y	diff=0/7481	no_auto_possess	
Z13233	yes	((?![ab]))[ab]{2,4}?\1y	diff=0/7481	no_auto_possess	
Z13234	yes	((?![a-z]))[ab]{2,4}?\1y	diff=0/7481	no_auto_possess	
Z13235	yes	((?!\w))[ab]{2,4}?\1y	diff=0/7481	no_auto_possess	
Z13236	yes	((?!\W))[ab]{2,4}?\1y	diff=0/7481	no_auto_possess	
Z13237	yes	((?!@))[ab]{2,4}?\1@	diff=0/7481	no_auto_possess	
Z13238	yes	((?![\d.]))[ab]{2,4}?\1@	diff=0/7481	no_auto_possess	
Z13239	yes	((?![ab]))[ab]{2,4}?\1@	diff=0/7481	no_auto_possess	
Z13240	yes	((?![a-z]))[ab]{2,4}?\1@	diff=0/7481	no_auto_possess	
Z13241	yes	((?!\w))[ab]{2,4}?\1@	diff=0/7481	no_auto_possess	
Z13242	yes	((?!\W))[ab]{2,4}?\1@	diff=0/7481	no_auto_possess	
Z13245	no	((?![ab]))[ab]{2,4}?\1a	diff=0/7481	no_auto_possess	
Z13246	no	((?![a-z]))[ab]{2,4}?\1a	diff=0/7481	no_auto_possess	
Z13247	no	((?!\w))[ab]{2,4}?\1a	diff=0/7481	no_auto_possess	
Z13249	yes	((?!@))a+\1	diff=0/7481	no_auto_possess	
Z13250	yes	((?![\d.]))a+\1	diff=0/7481	no_auto_possess	
Z13251	yes	((?![ab]))a+\1	diff=0/7481	no_auto_possess	
Z13252	yes	((?![a-z]))a+\1	diff=0/7481	no_auto_possess	
Z13253	yes	((?!\w))a+\1	diff=0/7481	no_auto_possess	
Z13254	yes	((?!\W))a+\1	diff=0/7481	no_auto_possess	
Z13255	yes	((?!@))a+\1y	diff=0/7481	no_auto_possess	
Z13256	yes	((?![\d.]))a+\1y	diff=0/7481	no_auto_possess	
Z13257	yes	((?![ab]))a+\1y	diff=0/7481	no_auto_possess	
Z13258	yes	((?![a-z]))a+\1y	diff=0/7481	no_auto_possess	
Z13259	yes	((?!\w))a+\1y	diff=0/7481	no_auto_possess	
Z13260	yes	((?!\W))a+\1y	diff=0/7481	no_auto_possess	
Z13261	yes	((?!@))a+\1@	diff=0/7481	no_auto_possess	
Z13262	yes	((?![\d.]))a+\1@	diff=0/7481	no_auto_possess	
Z13263	yes	((?![ab]))a+\1@	diff=0/7481	no_auto_possess	
Z13264	yes	((?![a-z]))a+\1@	diff=0/7481	no_auto_possess	
Z13265	yes	((?!\w))a+\1@	diff=0/7481	no_auto_possess	
Z13266	yes	((?!\W))a+\1@	diff=0/7481	no_auto_possess	
Z13269	no	((?![ab]))a+\1a	diff=0/7481	no_auto_possess	
Z13270	no	((?![a-z]))a+\1a	diff=0/7481	no_auto_possess	
Z13271	no	((?!\w))a+\1a	diff=0/7481	no_auto_possess	
Z13273	yes	((?!@))a*\1	diff=0/7481	no_auto_possess	
Z13274	yes	((?![\d.]))a*\1	diff=0/7481	no_auto_possess	
Z13275	yes	((?![ab]))a*\1	diff=0/7481	no_auto_possess	
Z13276	yes	((?![a-z]))a*\1	diff=0/7481	no_auto_possess	
Z13277	yes	((?!\w))a*\1	diff=0/7481	no_auto_possess	
Z13278	yes	((?!\W))a*\1	diff=0/7481	no_auto_possess	
Z13279	yes	((?!@))a*\1y	diff=0/7481	no_auto_possess	
Z13280	yes	((?![\d.]))a*\1y	diff=0/7481	no_auto_possess	
Z13281	yes	((?![ab]))a*\1y	diff=0/7481	no_auto_possess	
Z13282	yes	((?![a-z]))a*\1y	diff=0/7481	no_auto_possess	
Z13283	yes	((?!\w))a*\1y	diff=0/7481	no_auto_possess	
Z13284	yes	((?!\W))a*\1y	diff=0/7481	no_auto_possess	
Z13285	yes	((?!@))a*\1@	diff=0/7481	no_auto_possess	
Z13286	yes	((?![\d.]))a*\1@	diff=0/7481	no_auto_possess	
Z13287	yes	((?![ab]))a*\1@	diff=0/7481	no_auto_possess	
Z13288	yes	((?![a-z]))a*\1@	diff=0/7481	no_auto_possess	
Z13289	yes	((?!\w))a*\1@	diff=0/7481	no_auto_possess	
Z13290	yes	((?!\W))a*\1@	diff=0/7481	no_auto_possess	
Z13293	no	((?![ab]))a*\1a	diff=0/7481	no_auto_possess	
Z13294	no	((?![a-z]))a*\1a	diff=0/7481	no_auto_possess	
Z13295	no	((?!\w))a*\1a	diff=0/7481	no_auto_possess	
Z13297	yes	((?!@))a?\1	diff=0/7481	no_auto_possess	
Z13298	yes	((?![\d.]))a?\1	diff=0/7481	no_auto_possess	
Z13299	yes	((?![ab]))a?\1	diff=0/7481	no_auto_possess	
Z13300	yes	((?![a-z]))a?\1	diff=0/7481	no_auto_possess	
Z13301	yes	((?!\w))a?\1	diff=0/7481	no_auto_possess	
Z13302	yes	((?!\W))a?\1	diff=0/7481	no_auto_possess	
Z13303	yes	((?!@))a?\1y	diff=0/7481	no_auto_possess	
Z13304	yes	((?![\d.]))a?\1y	diff=0/7481	no_auto_possess	
Z13305	yes	((?![ab]))a?\1y	diff=0/7481	no_auto_possess	
Z13306	yes	((?![a-z]))a?\1y	diff=0/7481	no_auto_possess	
Z13307	yes	((?!\w))a?\1y	diff=0/7481	no_auto_possess	
Z13308	yes	((?!\W))a?\1y	diff=0/7481	no_auto_possess	
Z13309	yes	((?!@))a?\1@	diff=0/7481	no_auto_possess	
Z13310	yes	((?![\d.]))a?\1@	diff=0/7481	no_auto_possess	
Z13311	yes	((?![ab]))a?\1@	diff=0/7481	no_auto_possess	
Z13312	yes	((?![a-z]))a?\1@	diff=0/7481	no_auto_possess	
Z13313	yes	((?!\w))a?\1@	diff=0/7481	no_auto_possess	
Z13314	yes	((?!\W))a?\1@	diff=0/7481	no_auto_possess	
Z13317	no	((?![ab]))a?\1a	diff=0/7481	no_auto_possess	
Z13318	no	((?![a-z]))a?\1a	diff=0/7481	no_auto_possess	
Z13319	no	((?!\w))a?\1a	diff=0/7481	no_auto_possess	
Z13321	yes	((?!@))a{2,4}\1	diff=0/7481	no_auto_possess	
Z13322	yes	((?![\d.]))a{2,4}\1	diff=0/7481	no_auto_possess	
Z13323	yes	((?![ab]))a{2,4}\1	diff=0/7481	no_auto_possess	
Z13324	yes	((?![a-z]))a{2,4}\1	diff=0/7481	no_auto_possess	
Z13325	yes	((?!\w))a{2,4}\1	diff=0/7481	no_auto_possess	
Z13326	yes	((?!\W))a{2,4}\1	diff=0/7481	no_auto_possess	
Z13327	yes	((?!@))a{2,4}\1y	diff=0/7481	no_auto_possess	
Z13328	yes	((?![\d.]))a{2,4}\1y	diff=0/7481	no_auto_possess	
Z13329	yes	((?![ab]))a{2,4}\1y	diff=0/7481	no_auto_possess	
Z13330	yes	((?![a-z]))a{2,4}\1y	diff=0/7481	no_auto_possess	
Z13331	yes	((?!\w))a{2,4}\1y	diff=0/7481	no_auto_possess	
Z13332	yes	((?!\W))a{2,4}\1y	diff=0/7481	no_auto_possess	
Z13333	yes	((?!@))a{2,4}\1@	diff=0/7481	no_auto_possess	
Z13334	yes	((?![\d.]))a{2,4}\1@	diff=0/7481	no_auto_possess	
Z13335	yes	((?![ab]))a{2,4}\1@	diff=0/7481	no_auto_possess	
Z13336	yes	((?![a-z]))a{2,4}\1@	diff=0/7481	no_auto_possess	
Z13337	yes	((?!\w))a{2,4}\1@	diff=0/7481	no_auto_possess	
Z13338	yes	((?!\W))a{2,4}\1@	diff=0/7481	no_auto_possess	
Z13341	no	((?![ab]))a{2,4}\1a	diff=0/7481	no_auto_possess	
Z13342	no	((?![a-z]))a{2,4}\1a	diff=0/7481	no_auto_possess	
Z13343	no	((?!\w))a{2,4}\1a	diff=0/7481	no_auto_possess	
Z13345	yes	((?!@))a{3}\1	diff=0/7481	no_auto_possess	
Z13346	yes	((?![\d.]))a{3}\1	diff=0/7481	no_auto_possess	
Z13347	yes	((?![ab]))a{3}\1	diff=0/7481	no_auto_possess	
Z13348	yes	((?![a-z]))a{3}\1	diff=0/7481	no_auto_possess	
Z13349	yes	((?!\w))a{3}\1	diff=0/7481	no_auto_possess	
Z13350	yes	((?!\W))a{3}\1	diff=0/7481	no_auto_possess	
Z13351	yes	((?!@))a{3}\1y	diff=0/7481	no_auto_possess	
Z13352	yes	((?![\d.]))a{3}\1y	diff=0/7481	no_auto_possess	
Z13353	yes	((?![ab]))a{3}\1y	diff=0/7481	no_auto_possess	
Z13354	yes	((?![a-z]))a{3}\1y	diff=0/7481	no_auto_possess	
Z13355	yes	((?!\w))a{3}\1y	diff=0/7481	no_auto_possess	
Z13356	yes	((?!\W))a{3}\1y	diff=0/7481	no_auto_possess	
Z13357	yes	((?!@))a{3}\1@	diff=0/7481	no_auto_possess	
Z13358	yes	((?![\d.]))a{3}\1@	diff=0/7481	no_auto_possess	
Z13359	yes	((?![ab]))a{3}\1@	diff=0/7481	no_auto_possess	
Z13360	yes	((?![a-z]))a{3}\1@	diff=0/7481	no_auto_possess	
Z13361	yes	((?!\w))a{3}\1@	diff=0/7481	no_auto_possess	
Z13362	yes	((?!\W))a{3}\1@	diff=0/7481	no_auto_possess	
Z13363	yes	((?!@))a{3}\1a	diff=0/7481	no_auto_possess	
Z13364	yes	((?![\d.]))a{3}\1a	diff=0/7481	no_auto_possess	
Z13365	yes	((?![ab]))a{3}\1a	diff=0/7481	no_auto_possess	
Z13366	yes	((?![a-z]))a{3}\1a	diff=0/7481	no_auto_possess	
Z13367	yes	((?!\w))a{3}\1a	diff=0/7481	no_auto_possess	
Z13368	yes	((?!\W))a{3}\1a	diff=0/7481	no_auto_possess	
Z13371	no	((?![ab]))a+?\1	diff=0/7481	no_auto_possess	
Z13372	no	((?![a-z]))a+?\1	diff=0/7481	no_auto_possess	
Z13373	no	((?!\w))a+?\1	diff=0/7481	no_auto_possess	
Z13375	yes	((?!@))a+?\1y	diff=0/7481	no_auto_possess	
Z13376	yes	((?![\d.]))a+?\1y	diff=0/7481	no_auto_possess	
Z13377	yes	((?![ab]))a+?\1y	diff=0/7481	no_auto_possess	
Z13378	yes	((?![a-z]))a+?\1y	diff=0/7481	no_auto_possess	
Z13379	yes	((?!\w))a+?\1y	diff=0/7481	no_auto_possess	
Z13380	yes	((?!\W))a+?\1y	diff=0/7481	no_auto_possess	
Z13381	yes	((?!@))a+?\1@	diff=0/7481	no_auto_possess	
Z13382	yes	((?![\d.]))a+?\1@	diff=0/7481	no_auto_possess	
Z13383	yes	((?![ab]))a+?\1@	diff=0/7481	no_auto_possess	
Z13384	yes	((?![a-z]))a+?\1@	diff=0/7481	no_auto_possess	
Z13385	yes	((?!\w))a+?\1@	diff=0/7481	no_auto_possess	
Z13386	yes	((?!\W))a+?\1@	diff=0/7481	no_auto_possess	
Z13389	no	((?![ab]))a+?\1a	diff=0/7481	no_auto_possess	
Z13390	no	((?![a-z]))a+?\1a	diff=0/7481	no_auto_possess	
Z13391	no	((?!\w))a+?\1a	diff=0/7481	no_auto_possess	
Z13395	no	((?![ab]))a*?\1	diff=0/7481	no_auto_possess	
Z13396	no	((?![a-z]))a*?\1	diff=0/7481	no_auto_possess	
Z13397	no	((?!\w))a*?\1	diff=0/7481	no_auto_possess	
Z13399	yes	((?!@))a*?\1y	diff=0/7481	no_auto_possess	
Z13400	yes	((?![\d.]))a*?\1y	diff=0/7481	no_auto_possess	
Z13401	yes	((?![ab]))a*?\1y	diff=0/7481	no_auto_possess	
Z13402	yes	((?![a-z]))a*?\1y	diff=0/7481	no_auto_possess	
Z13403	yes	((?!\w))a*?\1y	diff=0/7481	no_auto_possess	
Z13404	yes	((?!\W))a*?\1y	diff=0/7481	no_auto_possess	
Z13405	yes	((?!@))a*?\1@	diff=0/7481	no_auto_possess	
Z13406	yes	((?![\d.]))a*?\1@	diff=0/7481	no_auto_possess	
Z13407	yes	((?![ab]))a*?\1@	diff=0/7481	no_auto_possess	
Z13408	yes	((?![a-z]))a*?\1@	diff=0/7481	no_auto_possess	
Z13409	yes	((?!\w))a*?\1@	diff=0/7481	no_auto_possess	
Z13410	yes	((?!\W))a*?\1@	diff=0/7481	no_auto_possess	
Z13413	no	((?![ab]))a*?\1a	diff=0/7481	no_auto_possess	
Z13414	no	((?![a-z]))a*?\1a	diff=0/7481	no_auto_possess	
Z13415	no	((?!\w))a*?\1a	diff=0/7481	no_auto_possess	
Z13419	no	((?![ab]))a{2,4}?\1	diff=0/7481	no_auto_possess	
Z13420	no	((?![a-z]))a{2,4}?\1	diff=0/7481	no_auto_possess	
Z13421	no	((?!\w))a{2,4}?\1	diff=0/7481	no_auto_possess	
Z13423	yes	((?!@))a{2,4}?\1y	diff=0/7481	no_auto_possess	
Z13424	yes	((?![\d.]))a{2,4}?\1y	diff=0/7481	no_auto_possess	
Z13425	yes	((?![ab]))a{2,4}?\1y	diff=0/7481	no_auto_possess	
Z13426	yes	((?![a-z]))a{2,4}?\1y	diff=0/7481	no_auto_possess	
Z13427	yes	((?!\w))a{2,4}?\1y	diff=0/7481	no_auto_possess	
Z13428	yes	((?!\W))a{2,4}?\1y	diff=0/7481	no_auto_possess	
Z13429	yes	((?!@))a{2,4}?\1@	diff=0/7481	no_auto_possess	
Z13430	yes	((?![\d.]))a{2,4}?\1@	diff=0/7481	no_auto_possess	
Z13431	yes	((?![ab]))a{2,4}?\1@	diff=0/7481	no_auto_possess	
Z13432	yes	((?![a-z]))a{2,4}?\1@	diff=0/7481	no_auto_possess	
Z13433	yes	((?!\w))a{2,4}?\1@	diff=0/7481	no_auto_possess	
Z13434	yes	((?!\W))a{2,4}?\1@	diff=0/7481	no_auto_possess	
Z13437	no	((?![ab]))a{2,4}?\1a	diff=0/7481	no_auto_possess	
Z13438	no	((?![a-z]))a{2,4}?\1a	diff=0/7481	no_auto_possess	
Z13439	no	((?!\w))a{2,4}?\1a	diff=0/7481	no_auto_possess	
Z13441	yes	((?!@))(?:(?=[ab])\w)+\1	diff=0/7481	no_auto_possess	
Z13442	yes	((?![\d.]))(?:(?=[ab])\w)+\1	diff=0/7481	no_auto_possess	
Z13443	yes	((?![ab]))(?:(?=[ab])\w)+\1	diff=0/7481	no_auto_possess	
Z13444	yes	((?![a-z]))(?:(?=[ab])\w)+\1	diff=0/7481	no_auto_possess	
Z13445	yes	((?!\w))(?:(?=[ab])\w)+\1	diff=0/7481	no_auto_possess	
Z13446	yes	((?!\W))(?:(?=[ab])\w)+\1	diff=0/7481	no_auto_possess	
Z13447	yes	((?!@))(?:(?=[ab])\w)+\1y	diff=0/7481	no_auto_possess	
Z13448	yes	((?![\d.]))(?:(?=[ab])\w)+\1y	diff=0/7481	no_auto_possess	
Z13449	yes	((?![ab]))(?:(?=[ab])\w)+\1y	diff=0/7481	no_auto_possess	
Z13450	yes	((?![a-z]))(?:(?=[ab])\w)+\1y	diff=0/7481	no_auto_possess	
Z13451	yes	((?!\w))(?:(?=[ab])\w)+\1y	diff=0/7481	no_auto_possess	
Z13452	yes	((?!\W))(?:(?=[ab])\w)+\1y	diff=0/7481	no_auto_possess	
Z13453	yes	((?!@))(?:(?=[ab])\w)+\1@	diff=0/7481	no_auto_possess	
Z13454	yes	((?![\d.]))(?:(?=[ab])\w)+\1@	diff=0/7481	no_auto_possess	
Z13455	yes	((?![ab]))(?:(?=[ab])\w)+\1@	diff=0/7481	no_auto_possess	
Z13456	yes	((?![a-z]))(?:(?=[ab])\w)+\1@	diff=0/7481	no_auto_possess	
Z13457	yes	((?!\w))(?:(?=[ab])\w)+\1@	diff=0/7481	no_auto_possess	
Z13458	yes	((?!\W))(?:(?=[ab])\w)+\1@	diff=0/7481	no_auto_possess	
Z13461	no	((?![ab]))(?:(?=[ab])\w)+\1a	diff=0/7481	no_auto_possess	
Z13462	no	((?![a-z]))(?:(?=[ab])\w)+\1a	diff=0/7481	no_auto_possess	
Z13463	no	((?!\w))(?:(?=[ab])\w)+\1a	diff=0/7481	no_auto_possess	
Z13465	yes	((?!@))(?:(?=[ab])\w)*\1	diff=0/7481	no_auto_possess	
Z13466	yes	((?![\d.]))(?:(?=[ab])\w)*\1	diff=0/7481	no_auto_possess	
Z13467	yes	((?![ab]))(?:(?=[ab])\w)*\1	diff=0/7481	no_auto_possess	
Z13468	yes	((?![a-z]))(?:(?=[ab])\w)*\1	diff=0/7481	no_auto_possess	
Z13469	yes	((?!\w))(?:(?=[ab])\w)*\1	diff=0/7481	no_auto_possess	
Z13470	yes	((?!\W))(?:(?=[ab])\w)*\1	diff=0/7481	no_auto_possess	
Z13471	yes	((?!@))(?:(?=[ab])\w)*\1y	diff=0/7481	no_auto_possess	
Z13472	yes	((?![\d.]))(?:(?=[ab])\w)*\1y	diff=0/7481	no_auto_possess	
Z13473	yes	((?![ab]))(?:(?=[ab])\w)*\1y	diff=0/7481	no_auto_possess	
Z13474	yes	((?![a-z]))(?:(?=[ab])\w)*\1y	diff=0/7481	no_auto_possess	
Z13475	yes	((?!\w))(?:(?=[ab])\w)*\1y	diff=0/7481	no_auto_possess	
Z13476	yes	((?!\W))(?:(?=[ab])\w)*\1y	diff=0/7481	no_auto_possess	
Z13477	yes	((?!@))(?:(?=[ab])\w)*\1@	diff=0/7481	no_auto_possess	
Z13478	yes	((?![\d.]))(?:(?=[ab])\w)*\1@	diff=0/7481	no_auto_possess	
Z13479	yes	((?![ab]))(?:(?=[ab])\w)*\1@	diff=0/7481	no_auto_possess	
Z13480	yes	((?![a-z]))(?:(?=[ab])\w)*\1@	diff=0/7481	no_auto_possess	
Z13481	yes	((?!\w))(?:(?=[ab])\w)*\1@	diff=0/7481	no_auto_possess	
Z13482	yes	((?!\W))(?:(?=[ab])\w)*\1@	diff=0/7481	no_auto_possess	
Z13485	no	((?![ab]))(?:(?=[ab])\w)*\1a	diff=0/7481	no_auto_possess	
Z13486	no	((?![a-z]))(?:(?=[ab])\w)*\1a	diff=0/7481	no_auto_possess	
Z13487	no	((?!\w))(?:(?=[ab])\w)*\1a	diff=0/7481	no_auto_possess	
Z13489	yes	((?!@))(?:(?=[ab])\w)?\1	diff=0/7481	no_auto_possess	
Z13490	yes	((?![\d.]))(?:(?=[ab])\w)?\1	diff=0/7481	no_auto_possess	
Z13491	yes	((?![ab]))(?:(?=[ab])\w)?\1	diff=0/7481	no_auto_possess	
Z13492	yes	((?![a-z]))(?:(?=[ab])\w)?\1	diff=0/7481	no_auto_possess	
Z13493	yes	((?!\w))(?:(?=[ab])\w)?\1	diff=0/7481	no_auto_possess	
Z13494	yes	((?!\W))(?:(?=[ab])\w)?\1	diff=0/7481	no_auto_possess	
Z13495	yes	((?!@))(?:(?=[ab])\w)?\1y	diff=0/7481	no_auto_possess	
Z13496	yes	((?![\d.]))(?:(?=[ab])\w)?\1y	diff=0/7481	no_auto_possess	
Z13497	yes	((?![ab]))(?:(?=[ab])\w)?\1y	diff=0/7481	no_auto_possess	
Z13498	yes	((?![a-z]))(?:(?=[ab])\w)?\1y	diff=0/7481	no_auto_possess	
Z13499	yes	((?!\w))(?:(?=[ab])\w)?\1y	diff=0/7481	no_auto_possess	
Z13500	yes	((?!\W))(?:(?=[ab])\w)?\1y	diff=0/7481	no_auto_possess	
Z13501	yes	((?!@))(?:(?=[ab])\w)?\1@	diff=0/7481	no_auto_possess	
Z13502	yes	((?![\d.]))(?:(?=[ab])\w)?\1@	diff=0/7481	no_auto_possess	
Z13503	yes	((?![ab]))(?:(?=[ab])\w)?\1@	diff=0/7481	no_auto_possess	
Z13504	yes	((?![a-z]))(?:(?=[ab])\w)?\1@	diff=0/7481	no_auto_possess	
Z13505	yes	((?!\w))(?:(?=[ab])\w)?\1@	diff=0/7481	no_auto_possess	
Z13506	yes	((?!\W))(?:(?=[ab])\w)?\1@	diff=0/7481	no_auto_possess	
Z13509	no	((?![ab]))(?:(?=[ab])\w)?\1a	diff=0/7481	no_auto_possess	
Z13510	no	((?![a-z]))(?:(?=[ab])\w)?\1a	diff=0/7481	no_auto_possess	
Z13511	no	((?!\w))(?:(?=[ab])\w)?\1a	diff=0/7481	no_auto_possess	
Z13513	yes	((?!@))(?:(?=[ab])\w){2,4}\1	diff=0/7481	no_auto_possess	
Z13514	yes	((?![\d.]))(?:(?=[ab])\w){2,4}\1	diff=0/7481	no_auto_possess	
Z13515	yes	((?![ab]))(?:(?=[ab])\w){2,4}\1	diff=0/7481	no_auto_possess	
Z13516	yes	((?![a-z]))(?:(?=[ab])\w){2,4}\1	diff=0/7481	no_auto_possess	
Z13517	yes	((?!\w))(?:(?=[ab])\w){2,4}\1	diff=0/7481	no_auto_possess	
Z13518	yes	((?!\W))(?:(?=[ab])\w){2,4}\1	diff=0/7481	no_auto_possess	
Z13519	yes	((?!@))(?:(?=[ab])\w){2,4}\1y	diff=0/7481	no_auto_possess	
Z13520	yes	((?![\d.]))(?:(?=[ab])\w){2,4}\1y	diff=0/7481	no_auto_possess	
Z13521	yes	((?![ab]))(?:(?=[ab])\w){2,4}\1y	diff=0/7481	no_auto_possess	
Z13522	yes	((?![a-z]))(?:(?=[ab])\w){2,4}\1y	diff=0/7481	no_auto_possess	
Z13523	yes	((?!\w))(?:(?=[ab])\w){2,4}\1y	diff=0/7481	no_auto_possess	
Z13524	yes	((?!\W))(?:(?=[ab])\w){2,4}\1y	diff=0/7481	no_auto_possess	
Z13525	yes	((?!@))(?:(?=[ab])\w){2,4}\1@	diff=0/7481	no_auto_possess	
Z13526	yes	((?![\d.]))(?:(?=[ab])\w){2,4}\1@	diff=0/7481	no_auto_possess	
Z13527	yes	((?![ab]))(?:(?=[ab])\w){2,4}\1@	diff=0/7481	no_auto_possess	
Z13528	yes	((?![a-z]))(?:(?=[ab])\w){2,4}\1@	diff=0/7481	no_auto_possess	
Z13529	yes	((?!\w))(?:(?=[ab])\w){2,4}\1@	diff=0/7481	no_auto_possess	
Z13530	yes	((?!\W))(?:(?=[ab])\w){2,4}\1@	diff=0/7481	no_auto_possess	
Z13533	no	((?![ab]))(?:(?=[ab])\w){2,4}\1a	diff=0/7481	no_auto_possess	
Z13534	no	((?![a-z]))(?:(?=[ab])\w){2,4}\1a	diff=0/7481	no_auto_possess	
Z13535	no	((?!\w))(?:(?=[ab])\w){2,4}\1a	diff=0/7481	no_auto_possess	
Z13537	yes	((?!@))(?:(?=[ab])\w){3}\1	diff=0/7481	no_auto_possess	
Z13538	yes	((?![\d.]))(?:(?=[ab])\w){3}\1	diff=0/7481	no_auto_possess	
Z13539	yes	((?![ab]))(?:(?=[ab])\w){3}\1	diff=0/7481	no_auto_possess	
Z13540	yes	((?![a-z]))(?:(?=[ab])\w){3}\1	diff=0/7481	no_auto_possess	
Z13541	yes	((?!\w))(?:(?=[ab])\w){3}\1	diff=0/7481	no_auto_possess	
Z13542	yes	((?!\W))(?:(?=[ab])\w){3}\1	diff=0/7481	no_auto_possess	
Z13543	yes	((?!@))(?:(?=[ab])\w){3}\1y	diff=0/7481	no_auto_possess	
Z13544	yes	((?![\d.]))(?:(?=[ab])\w){3}\1y	diff=0/7481	no_auto_possess	
Z13545	yes	((?![ab]))(?:(?=[ab])\w){3}\1y	diff=0/7481	no_auto_possess	
Z13546	yes	((?![a-z]))(?:(?=[ab])\w){3}\1y	diff=0/7481	no_auto_possess	
Z13547	yes	((?!\w))(?:(?=[ab])\w){3}\1y	diff=0/7481	no_auto_possess	
Z13548	yes	((?!\W))(?:(?=[ab])\w){3}\1y	diff=0/7481	no_auto_possess	
Z13549	yes	((?!@))(?:(?=[ab])\w){3}\1@	diff=0/7481	no_auto_possess	
Z13550	yes	((?![\d.]))(?:(?=[ab])\w){3}\1@	diff=0/7481	no_auto_possess	
Z13551	yes	((?![ab]))(?:(?=[ab])\w){3}\1@	diff=0/7481	no_auto_possess	
Z13552	yes	((?![a-z]))(?:(?=[ab])\w){3}\1@	diff=0/7481	no_auto_possess	
Z13553	yes	((?!\w))(?:(?=[ab])\w){3}\1@	diff=0/7481	no_auto_possess	
Z13554	yes	((?!\W))(?:(?=[ab])\w){3}\1@	diff=0/7481	no_auto_possess	
Z13555	yes	((?!@))(?:(?=[ab])\w){3}\1a	diff=0/7481	no_auto_possess	
Z13556	yes	((?![\d.]))(?:(?=[ab])\w){3}\1a	diff=0/7481	no_auto_possess	
Z13557	yes	((?![ab]))(?:(?=[ab])\w){3}\1a	diff=0/7481	no_auto_possess	
Z13558	yes	((?![a-z]))(?:(?=[ab])\w){3}\1a	diff=0/7481	no_auto_possess	
Z13559	yes	((?!\w))(?:(?=[ab])\w){3}\1a	diff=0/7481	no_auto_possess	
Z13560	yes	((?!\W))(?:(?=[ab])\w){3}\1a	diff=0/7481	no_auto_possess	
Z13563	no	((?![ab]))(?:(?=[ab])\w)+?\1	diff=0/7481	no_auto_possess	
Z13564	no	((?![a-z]))(?:(?=[ab])\w)+?\1	diff=0/7481	no_auto_possess	
Z13565	no	((?!\w))(?:(?=[ab])\w)+?\1	diff=0/7481	no_auto_possess	
Z13567	yes	((?!@))(?:(?=[ab])\w)+?\1y	diff=0/7481	no_auto_possess	
Z13568	yes	((?![\d.]))(?:(?=[ab])\w)+?\1y	diff=0/7481	no_auto_possess	
Z13569	yes	((?![ab]))(?:(?=[ab])\w)+?\1y	diff=0/7481	no_auto_possess	
Z13570	yes	((?![a-z]))(?:(?=[ab])\w)+?\1y	diff=0/7481	no_auto_possess	
Z13571	yes	((?!\w))(?:(?=[ab])\w)+?\1y	diff=0/7481	no_auto_possess	
Z13572	yes	((?!\W))(?:(?=[ab])\w)+?\1y	diff=0/7481	no_auto_possess	
Z13573	yes	((?!@))(?:(?=[ab])\w)+?\1@	diff=0/7481	no_auto_possess	
Z13574	yes	((?![\d.]))(?:(?=[ab])\w)+?\1@	diff=0/7481	no_auto_possess	
Z13575	yes	((?![ab]))(?:(?=[ab])\w)+?\1@	diff=0/7481	no_auto_possess	
Z13576	yes	((?![a-z]))(?:(?=[ab])\w)+?\1@	diff=0/7481	no_auto_possess	
Z13577	yes	((?!\w))(?:(?=[ab])\w)+?\1@	diff=0/7481	no_auto_possess	
Z13578	yes	((?!\W))(?:(?=[ab])\w)+?\1@	diff=0/7481	no_auto_possess	
Z13581	no	((?![ab]))(?:(?=[ab])\w)+?\1a	diff=0/7481	no_auto_possess	
Z13582	no	((?![a-z]))(?:(?=[ab])\w)+?\1a	diff=0/7481	no_auto_possess	
Z13583	no	((?!\w))(?:(?=[ab])\w)+?\1a	diff=0/7481	no_auto_possess	
Z13587	no	((?![ab]))(?:(?=[ab])\w)*?\1	diff=0/7481	no_auto_possess	
Z13588	no	((?![a-z]))(?:(?=[ab])\w)*?\1	diff=0/7481	no_auto_possess	
Z13589	no	((?!\w))(?:(?=[ab])\w)*?\1	diff=0/7481	no_auto_possess	
Z13591	yes	((?!@))(?:(?=[ab])\w)*?\1y	diff=0/7481	no_auto_possess	
Z13592	yes	((?![\d.]))(?:(?=[ab])\w)*?\1y	diff=0/7481	no_auto_possess	
Z13593	yes	((?![ab]))(?:(?=[ab])\w)*?\1y	diff=0/7481	no_auto_possess	
Z13594	yes	((?![a-z]))(?:(?=[ab])\w)*?\1y	diff=0/7481	no_auto_possess	
Z13595	yes	((?!\w))(?:(?=[ab])\w)*?\1y	diff=0/7481	no_auto_possess	
Z13596	yes	((?!\W))(?:(?=[ab])\w)*?\1y	diff=0/7481	no_auto_possess	
Z13597	yes	((?!@))(?:(?=[ab])\w)*?\1@	diff=0/7481	no_auto_possess	
Z13598	yes	((?![\d.]))(?:(?=[ab])\w)*?\1@	diff=0/7481	no_auto_possess	
Z13599	yes	((?![ab]))(?:(?=[ab])\w)*?\1@	diff=0/7481	no_auto_possess	
Z13600	yes	((?![a-z]))(?:(?=[ab])\w)*?\1@	diff=0/7481	no_auto_possess	
Z13601	yes	((?!\w))(?:(?=[ab])\w)*?\1@	diff=0/7481	no_auto_possess	
Z13602	yes	((?!\W))(?:(?=[ab])\w)*?\1@	diff=0/7481	no_auto_possess	
Z13605	no	((?![ab]))(?:(?=[ab])\w)*?\1a	diff=0/7481	no_auto_possess	
Z13606	no	((?![a-z]))(?:(?=[ab])\w)*?\1a	diff=0/7481	no_auto_possess	
Z13607	no	((?!\w))(?:(?=[ab])\w)*?\1a	diff=0/7481	no_auto_possess	
Z13611	no	((?![ab]))(?:(?=[ab])\w){2,4}?\1	diff=0/7481	no_auto_possess	
Z13612	no	((?![a-z]))(?:(?=[ab])\w){2,4}?\1	diff=0/7481	no_auto_possess	
Z13613	no	((?!\w))(?:(?=[ab])\w){2,4}?\1	diff=0/7481	no_auto_possess	
Z13615	yes	((?!@))(?:(?=[ab])\w){2,4}?\1y	diff=0/7481	no_auto_possess	
Z13616	yes	((?![\d.]))(?:(?=[ab])\w){2,4}?\1y	diff=0/7481	no_auto_possess	
Z13617	yes	((?![ab]))(?:(?=[ab])\w){2,4}?\1y	diff=0/7481	no_auto_possess	
Z13618	yes	((?![a-z]))(?:(?=[ab])\w){2,4}?\1y	diff=0/7481	no_auto_possess	
Z13619	yes	((?!\w))(?:(?=[ab])\w){2,4}?\1y	diff=0/7481	no_auto_possess	
Z13620	yes	((?!\W))(?:(?=[ab])\w){2,4}?\1y	diff=0/7481	no_auto_possess	
Z13621	yes	((?!@))(?:(?=[ab])\w){2,4}?\1@	diff=0/7481	no_auto_possess	
Z13622	yes	((?![\d.]))(?:(?=[ab])\w){2,4}?\1@	diff=0/7481	no_auto_possess	
Z13623	yes	((?![ab]))(?:(?=[ab])\w){2,4}?\1@	diff=0/7481	no_auto_possess	
Z13624	yes	((?![a-z]))(?:(?=[ab])\w){2,4}?\1@	diff=0/7481	no_auto_possess	
Z13625	yes	((?!\w))(?:(?=[ab])\w){2,4}?\1@	diff=0/7481	no_auto_possess	
Z13626	yes	((?!\W))(?:(?=[ab])\w){2,4}?\1@	diff=0/7481	no_auto_possess	
Z13629	no	((?![ab]))(?:(?=[ab])\w){2,4}?\1a	diff=0/7481	no_auto_possess	
Z13630	no	((?![a-z]))(?:(?=[ab])\w){2,4}?\1a	diff=0/7481	no_auto_possess	
Z13631	no	((?!\w))(?:(?=[ab])\w){2,4}?\1a	diff=0/7481	no_auto_possess	
Z13633	yes	((?!@))(?:\w(?!\d))+\1	diff=0/7481	no_auto_possess	
Z13634	yes	((?![\d.]))(?:\w(?!\d))+\1	diff=0/7481	no_auto_possess	
Z13635	yes	((?![ab]))(?:\w(?!\d))+\1	diff=0/7481	no_auto_possess	
Z13636	yes	((?![a-z]))(?:\w(?!\d))+\1	diff=0/7481	no_auto_possess	
Z13637	yes	((?!\w))(?:\w(?!\d))+\1	diff=0/7481	no_auto_possess	
Z13638	yes	((?!\W))(?:\w(?!\d))+\1	diff=0/7481	no_auto_possess	
Z13643	no	((?!\w))(?:\w(?!\d))+\1y	diff=0/7481	no_auto_possess	
Z13645	yes	((?!@))(?:\w(?!\d))+\1@	diff=0/7481	no_auto_possess	
Z13646	yes	((?![\d.]))(?:\w(?!\d))+\1@	diff=0/7481	no_auto_possess	
Z13647	yes	((?![ab]))(?:\w(?!\d))+\1@	diff=0/7481	no_auto_possess	
Z13648	yes	((?![a-z]))(?:\w(?!\d))+\1@	diff=0/7481	no_auto_possess	
Z13649	yes	((?!\w))(?:\w(?!\d))+\1@	diff=0/7481	no_auto_possess	
Z13650	yes	((?!\W))(?:\w(?!\d))+\1@	diff=0/7481	no_auto_possess	
Z13655	no	((?!\w))(?:\w(?!\d))+\1a	diff=0/7481	no_auto_possess	
Z13657	yes	((?!@))(?:\w(?!\d))*\1	diff=0/7481	no_auto_possess	
Z13658	yes	((?![\d.]))(?:\w(?!\d))*\1	diff=0/7481	no_auto_possess	
Z13659	yes	((?![ab]))(?:\w(?!\d))*\1	diff=0/7481	no_auto_possess	
Z13660	yes	((?![a-z]))(?:\w(?!\d))*\1	diff=0/7481	no_auto_possess	
Z13661	yes	((?!\w))(?:\w(?!\d))*\1	diff=0/7481	no_auto_possess	
Z13662	yes	((?!\W))(?:\w(?!\d))*\1	diff=0/7481	no_auto_possess	
Z13667	no	((?!\w))(?:\w(?!\d))*\1y	diff=0/7481	no_auto_possess	
Z13669	yes	((?!@))(?:\w(?!\d))*\1@	diff=0/7481	no_auto_possess	
Z13670	yes	((?![\d.]))(?:\w(?!\d))*\1@	diff=0/7481	no_auto_possess	
Z13671	yes	((?![ab]))(?:\w(?!\d))*\1@	diff=0/7481	no_auto_possess	
Z13672	yes	((?![a-z]))(?:\w(?!\d))*\1@	diff=0/7481	no_auto_possess	
Z13673	yes	((?!\w))(?:\w(?!\d))*\1@	diff=0/7481	no_auto_possess	
Z13674	yes	((?!\W))(?:\w(?!\d))*\1@	diff=0/7481	no_auto_possess	
Z13679	no	((?!\w))(?:\w(?!\d))*\1a	diff=0/7481	no_auto_possess	
Z13681	yes	((?!@))(?:\w(?!\d))?\1	diff=0/7481	no_auto_possess	
Z13682	yes	((?![\d.]))(?:\w(?!\d))?\1	diff=0/7481	no_auto_possess	
Z13683	yes	((?![ab]))(?:\w(?!\d))?\1	diff=0/7481	no_auto_possess	
Z13684	yes	((?![a-z]))(?:\w(?!\d))?\1	diff=0/7481	no_auto_possess	
Z13685	yes	((?!\w))(?:\w(?!\d))?\1	diff=0/7481	no_auto_possess	
Z13686	yes	((?!\W))(?:\w(?!\d))?\1	diff=0/7481	no_auto_possess	
Z13691	no	((?!\w))(?:\w(?!\d))?\1y	diff=0/7481	no_auto_possess	
Z13693	yes	((?!@))(?:\w(?!\d))?\1@	diff=0/7481	no_auto_possess	
Z13694	yes	((?![\d.]))(?:\w(?!\d))?\1@	diff=0/7481	no_auto_possess	
Z13695	yes	((?![ab]))(?:\w(?!\d))?\1@	diff=0/7481	no_auto_possess	
Z13696	yes	((?![a-z]))(?:\w(?!\d))?\1@	diff=0/7481	no_auto_possess	
Z13697	yes	((?!\w))(?:\w(?!\d))?\1@	diff=0/7481	no_auto_possess	
Z13698	yes	((?!\W))(?:\w(?!\d))?\1@	diff=0/7481	no_auto_possess	
Z13703	no	((?!\w))(?:\w(?!\d))?\1a	diff=0/7481	no_auto_possess	
Z13705	yes	((?!@))(?:\w(?!\d)){2,4}\1	diff=0/7481	no_auto_possess	
Z13706	yes	((?![\d.]))(?:\w(?!\d)){2,4}\1	diff=0/7481	no_auto_possess	
Z13707	yes	((?![ab]))(?:\w(?!\d)){2,4}\1	diff=0/7481	no_auto_possess	
Z13708	yes	((?![a-z]))(?:\w(?!\d)){2,4}\1	diff=0/7481	no_auto_possess	
Z13709	yes	((?!\w))(?:\w(?!\d)){2,4}\1	diff=0/7481	no_auto_possess	
Z13710	yes	((?!\W))(?:\w(?!\d)){2,4}\1	diff=0/7481	no_auto_possess	
Z13715	no	((?!\w))(?:\w(?!\d)){2,4}\1y	diff=0/7481	no_auto_possess	
Z13717	yes	((?!@))(?:\w(?!\d)){2,4}\1@	diff=0/7481	no_auto_possess	
Z13718	yes	((?![\d.]))(?:\w(?!\d)){2,4}\1@	diff=0/7481	no_auto_possess	
Z13719	yes	((?![ab]))(?:\w(?!\d)){2,4}\1@	diff=0/7481	no_auto_possess	
Z13720	yes	((?![a-z]))(?:\w(?!\d)){2,4}\1@	diff=0/7481	no_auto_possess	
Z13721	yes	((?!\w))(?:\w(?!\d)){2,4}\1@	diff=0/7481	no_auto_possess	
Z13722	yes	((?!\W))(?:\w(?!\d)){2,4}\1@	diff=0/7481	no_auto_possess	
Z13727	no	((?!\w))(?:\w(?!\d)){2,4}\1a	diff=0/7481	no_auto_possess	
Z13729	yes	((?!@))(?:\w(?!\d)){3}\1	diff=0/7481	no_auto_possess	
Z13730	yes	((?![\d.]))(?:\w(?!\d)){3}\1	diff=0/7481	no_auto_possess	
Z13731	yes	((?![ab]))(?:\w(?!\d)){3}\1	diff=0/7481	no_auto_possess	
Z13732	yes	((?![a-z]))(?:\w(?!\d)){3}\1	diff=0/7481	no_auto_possess	
Z13733	yes	((?!\w))(?:\w(?!\d)){3}\1	diff=0/7481	no_auto_possess	
Z13734	yes	((?!\W))(?:\w(?!\d)){3}\1	diff=0/7481	no_auto_possess	
Z13735	yes	((?!@))(?:\w(?!\d)){3}\1y	diff=0/7481	no_auto_possess	
Z13736	yes	((?![\d.]))(?:\w(?!\d)){3}\1y	diff=0/7481	no_auto_possess	
Z13737	yes	((?![ab]))(?:\w(?!\d)){3}\1y	diff=0/7481	no_auto_possess	
Z13738	yes	((?![a-z]))(?:\w(?!\d)){3}\1y	diff=0/7481	no_auto_possess	
Z13739	yes	((?!\w))(?:\w(?!\d)){3}\1y	diff=0/7481	no_auto_possess	
Z13740	yes	((?!\W))(?:\w(?!\d)){3}\1y	diff=0/7481	no_auto_possess	
Z13741	yes	((?!@))(?:\w(?!\d)){3}\1@	diff=0/7481	no_auto_possess	
Z13742	yes	((?![\d.]))(?:\w(?!\d)){3}\1@	diff=0/7481	no_auto_possess	
Z13743	yes	((?![ab]))(?:\w(?!\d)){3}\1@	diff=0/7481	no_auto_possess	
Z13744	yes	((?![a-z]))(?:\w(?!\d)){3}\1@	diff=0/7481	no_auto_possess	
Z13745	yes	((?!\w))(?:\w(?!\d)){3}\1@	diff=0/7481	no_auto_possess	
Z13746	yes	((?!\W))(?:\w(?!\d)){3}\1@	diff=0/7481	no_auto_possess	
Z13747	yes	((?!@))(?:\w(?!\d)){3}\1a	diff=0/7481	no_auto_possess	
Z13748	yes	((?![\d.]))(?:\w(?!\d)){3}\1a	diff=0/7481	no_auto_possess	
Z13749	yes	((?![ab]))(?:\w(?!\d)){3}\1a	diff=0/7481	no_auto_possess	
Z13750	yes	((?![a-z]))(?:\w(?!\d)){3}\1a	diff=0/7481	no_auto_possess	
Z13751	yes	((?!\w))(?:\w(?!\d)){3}\1a	diff=0/7481	no_auto_possess	
Z13752	yes	((?!\W))(?:\w(?!\d)){3}\1a	diff=0/7481	no_auto_possess	
Z13757	no	((?!\w))(?:\w(?!\d))+?\1	diff=0/7481	no_auto_possess	
Z13763	no	((?!\w))(?:\w(?!\d))+?\1y	diff=0/7481	no_auto_possess	
Z13765	yes	((?!@))(?:\w(?!\d))+?\1@	diff=0/7481	no_auto_possess	
Z13766	yes	((?![\d.]))(?:\w(?!\d))+?\1@	diff=0/7481	no_auto_possess	
Z13767	yes	((?![ab]))(?:\w(?!\d))+?\1@	diff=0/7481	no_auto_possess	
Z13768	yes	((?![a-z]))(?:\w(?!\d))+?\1@	diff=0/7481	no_auto_possess	
Z13769	yes	((?!\w))(?:\w(?!\d))+?\1@	diff=0/7481	no_auto_possess	
Z13770	yes	((?!\W))(?:\w(?!\d))+?\1@	diff=0/7481	no_auto_possess	
Z13775	no	((?!\w))(?:\w(?!\d))+?\1a	diff=0/7481	no_auto_possess	
Z13781	no	((?!\w))(?:\w(?!\d))*?\1	diff=0/7481	no_auto_possess	
Z13787	no	((?!\w))(?:\w(?!\d))*?\1y	diff=0/7481	no_auto_possess	
Z13789	yes	((?!@))(?:\w(?!\d))*?\1@	diff=0/7481	no_auto_possess	
Z13790	yes	((?![\d.]))(?:\w(?!\d))*?\1@	diff=0/7481	no_auto_possess	
Z13791	yes	((?![ab]))(?:\w(?!\d))*?\1@	diff=0/7481	no_auto_possess	
Z13792	yes	((?![a-z]))(?:\w(?!\d))*?\1@	diff=0/7481	no_auto_possess	
Z13793	yes	((?!\w))(?:\w(?!\d))*?\1@	diff=0/7481	no_auto_possess	
Z13794	yes	((?!\W))(?:\w(?!\d))*?\1@	diff=0/7481	no_auto_possess	
Z13799	no	((?!\w))(?:\w(?!\d))*?\1a	diff=0/7481	no_auto_possess	
Z13805	no	((?!\w))(?:\w(?!\d)){2,4}?\1	diff=0/7481	no_auto_possess	
Z13811	no	((?!\w))(?:\w(?!\d)){2,4}?\1y	diff=0/7481	no_auto_possess	
Z13813	yes	((?!@))(?:\w(?!\d)){2,4}?\1@	diff=0/7481	no_auto_possess	
Z13814	yes	((?![\d.]))(?:\w(?!\d)){2,4}?\1@	diff=0/7481	no_auto_possess	
Z13815	yes	((?![ab]))(?:\w(?!\d)){2,4}?\1@	diff=0/7481	no_auto_possess	
Z13816	yes	((?![a-z]))(?:\w(?!\d)){2,4}?\1@	diff=0/7481	no_auto_possess	
Z13817	yes	((?!\w))(?:\w(?!\d)){2,4}?\1@	diff=0/7481	no_auto_possess	
Z13818	yes	((?!\W))(?:\w(?!\d)){2,4}?\1@	diff=0/7481	no_auto_possess	
Z13823	no	((?!\w))(?:\w(?!\d)){2,4}?\1a	diff=0/7481	no_auto_possess	
Z13825	no	((?=@)y?)[a-z]+\1	diff=0/7481	no_auto_possess	
Z13826	no	((?=[\d.])y?)[a-z]+\1	diff=0/7481	no_auto_possess	
Z13830	no	((?=\W)y?)[a-z]+\1	diff=0/7481	no_auto_possess	
Z13831	no	((?=@)y?)[a-z]+\1y	diff=0/7481	no_auto_possess	
Z13832	no	((?=[\d.])y?)[a-z]+\1y	diff=0/7481	no_auto_possess	
Z13836	no	((?=\W)y?)[a-z]+\1y	diff=0/7481	no_auto_possess	
Z13837	no	((?=@)y?)[a-z]+\1@	diff=0/7481	no_auto_possess	
Z13838	no	((?=[\d.])y?)[a-z]+\1@	diff=0/7481	no_auto_possess	
Z13842	no	((?=\W)y?)[a-z]+\1@	diff=0/7481	no_auto_possess	
Z13843	no	((?=@)y?)[a-z]+\1a	diff=0/7481	no_auto_possess	
Z13844	no	((?=[\d.])y?)[a-z]+\1a	diff=0/7481	no_auto_possess	
Z13848	no	((?=\W)y?)[a-z]+\1a	diff=0/7481	no_auto_possess	
Z13849	no	((?=@)y?)[a-z]*\1	diff=0/7481	no_auto_possess	
Z13850	no	((?=[\d.])y?)[a-z]*\1	diff=0/7481	no_auto_possess	
Z13854	no	((?=\W)y?)[a-z]*\1	diff=0/7481	no_auto_possess	
Z13855	no	((?=@)y?)[a-z]*\1y	diff=0/7481	no_auto_possess	
Z13856	no	((?=[\d.])y?)[a-z]*\1y	diff=0/7481	no_auto_possess	
Z13860	no	((?=\W)y?)[a-z]*\1y	diff=0/7481	no_auto_possess	
Z13861	no	((?=@)y?)[a-z]*\1@	diff=0/7481	no_auto_possess	
Z13862	no	((?=[\d.])y?)[a-z]*\1@	diff=0/7481	no_auto_possess	
Z13866	no	((?=\W)y?)[a-z]*\1@	diff=0/7481	no_auto_possess	
Z13867	no	((?=@)y?)[a-z]*\1a	diff=0/7481	no_auto_possess	
Z13868	no	((?=[\d.])y?)[a-z]*\1a	diff=0/7481	no_auto_possess	
Z13872	no	((?=\W)y?)[a-z]*\1a	diff=0/7481	no_auto_possess	
Z13873	no	((?=@)y?)[a-z]?\1	diff=0/7481	no_auto_possess	
Z13874	no	((?=[\d.])y?)[a-z]?\1	diff=0/7481	no_auto_possess	
Z13878	no	((?=\W)y?)[a-z]?\1	diff=0/7481	no_auto_possess	
Z13879	no	((?=@)y?)[a-z]?\1y	diff=0/7481	no_auto_possess	
Z13880	no	((?=[\d.])y?)[a-z]?\1y	diff=0/7481	no_auto_possess	
Z13884	no	((?=\W)y?)[a-z]?\1y	diff=0/7481	no_auto_possess	
Z13885	no	((?=@)y?)[a-z]?\1@	diff=0/7481	no_auto_possess	
Z13886	no	((?=[\d.])y?)[a-z]?\1@	diff=0/7481	no_auto_possess	
Z13890	no	((?=\W)y?)[a-z]?\1@	diff=0/7481	no_auto_possess	
Z13891	no	((?=@)y?)[a-z]?\1a	diff=0/7481	no_auto_possess	
Z13892	no	((?=[\d.])y?)[a-z]?\1a	diff=0/7481	no_auto_possess	
Z13896	no	((?=\W)y?)[a-z]?\1a	diff=0/7481	no_auto_possess	
Z13897	no	((?=@)y?)[a-z]{2,4}\1	diff=0/7481	no_auto_possess	
Z13898	no	((?=[\d.])y?)[a-z]{2,4}\1	diff=0/7481	no_auto_possess	
Z13902	no	((?=\W)y?)[a-z]{2,4}\1	diff=0/7481	no_auto_possess	
Z13903	no	((?=@)y?)[a-z]{2,4}\1y	diff=0/7481	no_auto_possess	
Z13904	no	((?=[\d.])y?)[a-z]{2,4}\1y	diff=0/7481	no_auto_possess	
Z13908	no	((?=\W)y?)[a-z]{2,4}\1y	diff=0/7481	no_auto_possess	
Z13909	no	((?=@)y?)[a-z]{2,4}\1@	diff=0/7481	no_auto_possess	
Z13910	no	((?=[\d.])y?)[a-z]{2,4}\1@	diff=0/7481	no_auto_possess	
Z13914	no	((?=\W)y?)[a-z]{2,4}\1@	diff=0/7481	no_auto_possess	
Z13915	no	((?=@)y?)[a-z]{2,4}\1a	diff=0/7481	no_auto_possess	
Z13916	no	((?=[\d.])y?)[a-z]{2,4}\1a	diff=0/7481	no_auto_possess	
Z13920	no	((?=\W)y?)[a-z]{2,4}\1a	diff=0/7481	no_auto_possess	
Z13921	yes	((?=@)y?)[a-z]{3}\1	diff=0/7481	no_auto_possess	
Z13922	yes	((?=[\d.])y?)[a-z]{3}\1	diff=0/7481	no_auto_possess	
Z13923	yes	((?=[ab])y?)[a-z]{3}\1	diff=0/7481	no_auto_possess	
Z13924	yes	((?=[a-z])y?)[a-z]{3}\1	diff=0/7481	no_auto_possess	
Z13925	yes	((?=\w)y?)[a-z]{3}\1	diff=0/7481	no_auto_possess	
Z13926	yes	((?=\W)y?)[a-z]{3}\1	diff=0/7481	no_auto_possess	
Z13927	yes	((?=@)y?)[a-z]{3}\1y	diff=0/7481	no_auto_possess	
Z13928	yes	((?=[\d.])y?)[a-z]{3}\1y	diff=0/7481	no_auto_possess	
Z13929	yes	((?=[ab])y?)[a-z]{3}\1y	diff=0/7481	no_auto_possess	
Z13930	yes	((?=[a-z])y?)[a-z]{3}\1y	diff=0/7481	no_auto_possess	
Z13931	yes	((?=\w)y?)[a-z]{3}\1y	diff=0/7481	no_auto_possess	
Z13932	yes	((?=\W)y?)[a-z]{3}\1y	diff=0/7481	no_auto_possess	
Z13933	yes	((?=@)y?)[a-z]{3}\1@	diff=0/7481	no_auto_possess	
Z13934	yes	((?=[\d.])y?)[a-z]{3}\1@	diff=0/7481	no_auto_possess	
Z13935	yes	((?=[ab])y?)[a-z]{3}\1@	diff=0/7481	no_auto_possess	
Z13936	yes	((?=[a-z])y?)[a-z]{3}\1@	diff=0/7481	no_auto_possess	
Z13937	yes	((?=\w)y?)[a-z]{3}\1@	diff=0/7481	no_auto_possess	
Z13938	yes	((?=\W)y?)[a-z]{3}\1@	diff=0/7481	no_auto_possess	
Z13939	yes	((?=@)y?)[a-z]{3}\1a	diff=0/7481	no_auto_possess	
Z13940	yes	((?=[\d.])y?)[a-z]{3}\1a	diff=0/7481	no_auto_possess	
Z13941	yes	((?=[ab])y?)[a-z]{3}\1a	diff=0/7481	no_auto_possess	
Z13942	yes	((?=[a-z])y?)[a-z]{3}\1a	diff=0/7481	no_auto_possess	
Z13943	yes	((?=\w)y?)[a-z]{3}\1a	diff=0/7481	no_auto_possess	
Z13944	yes	((?=\W)y?)[a-z]{3}\1a	diff=0/7481	no_auto_possess	
Z13945	no	((?=@)y?)[a-z]+?\1	diff=0/7481	no_auto_possess	
Z13946	no	((?=[\d.])y?)[a-z]+?\1	diff=0/7481	no_auto_possess	
Z13950	no	((?=\W)y?)[a-z]+?\1	diff=0/7481	no_auto_possess	
Z13951	no	((?=@)y?)[a-z]+?\1y	diff=0/7481	no_auto_possess	
Z13952	no	((?=[\d.])y?)[a-z]+?\1y	diff=0/7481	no_auto_possess	
Z13956	no	((?=\W)y?)[a-z]+?\1y	diff=0/7481	no_auto_possess	
Z13957	no	((?=@)y?)[a-z]+?\1@	diff=0/7481	no_auto_possess	
Z13958	no	((?=[\d.])y?)[a-z]+?\1@	diff=0/7481	no_auto_possess	
Z13962	no	((?=\W)y?)[a-z]+?\1@	diff=0/7481	no_auto_possess	
Z13963	no	((?=@)y?)[a-z]+?\1a	diff=0/7481	no_auto_possess	
Z13964	no	((?=[\d.])y?)[a-z]+?\1a	diff=0/7481	no_auto_possess	
Z13968	no	((?=\W)y?)[a-z]+?\1a	diff=0/7481	no_auto_possess	
Z13969	no	((?=@)y?)[a-z]*?\1	diff=0/7481	no_auto_possess	
Z13970	no	((?=[\d.])y?)[a-z]*?\1	diff=0/7481	no_auto_possess	
Z13974	no	((?=\W)y?)[a-z]*?\1	diff=0/7481	no_auto_possess	
Z13975	no	((?=@)y?)[a-z]*?\1y	diff=0/7481	no_auto_possess	
Z13976	no	((?=[\d.])y?)[a-z]*?\1y	diff=0/7481	no_auto_possess	
Z13980	no	((?=\W)y?)[a-z]*?\1y	diff=0/7481	no_auto_possess	
Z13981	no	((?=@)y?)[a-z]*?\1@	diff=0/7481	no_auto_possess	
Z13982	no	((?=[\d.])y?)[a-z]*?\1@	diff=0/7481	no_auto_possess	
Z13986	no	((?=\W)y?)[a-z]*?\1@	diff=0/7481	no_auto_possess	
Z13987	no	((?=@)y?)[a-z]*?\1a	diff=0/7481	no_auto_possess	
Z13988	no	((?=[\d.])y?)[a-z]*?\1a	diff=0/7481	no_auto_possess	
Z13992	no	((?=\W)y?)[a-z]*?\1a	diff=0/7481	no_auto_possess	
Z13993	no	((?=@)y?)[a-z]{2,4}?\1	diff=0/7481	no_auto_possess	
Z13994	no	((?=[\d.])y?)[a-z]{2,4}?\1	diff=0/7481	no_auto_possess	
Z13998	no	((?=\W)y?)[a-z]{2,4}?\1	diff=0/7481	no_auto_possess	
Z13999	no	((?=@)y?)[a-z]{2,4}?\1y	diff=0/7481	no_auto_possess	
Z14000	no	((?=[\d.])y?)[a-z]{2,4}?\1y	diff=0/7481	no_auto_possess	
Z14004	no	((?=\W)y?)[a-z]{2,4}?\1y	diff=0/7481	no_auto_possess	
Z14005	no	((?=@)y?)[a-z]{2,4}?\1@	diff=0/7481	no_auto_possess	
Z14006	no	((?=[\d.])y?)[a-z]{2,4}?\1@	diff=0/7481	no_auto_possess	
Z14010	no	((?=\W)y?)[a-z]{2,4}?\1@	diff=0/7481	no_auto_possess	
Z14011	no	((?=@)y?)[a-z]{2,4}?\1a	diff=0/7481	no_auto_possess	
Z14012	no	((?=[\d.])y?)[a-z]{2,4}?\1a	diff=0/7481	no_auto_possess	
Z14016	no	((?=\W)y?)[a-z]{2,4}?\1a	diff=0/7481	no_auto_possess	
Z14017	yes	((?=@)y?)\d+\1	diff=0/7481	no_auto_possess	
Z14018	yes	((?=[\d.])y?)\d+\1	diff=0/7481	no_auto_possess	
Z14019	yes	((?=[ab])y?)\d+\1	diff=0/7481	no_auto_possess	
Z14020	yes	((?=[a-z])y?)\d+\1	diff=0/7481	no_auto_possess	
Z14021	yes	((?=\w)y?)\d+\1	diff=0/7481	no_auto_possess	
Z14022	yes	((?=\W)y?)\d+\1	diff=0/7481	no_auto_possess	
Z14023	yes	((?=@)y?)\d+\1y	diff=0/7481	no_auto_possess	
Z14024	yes	((?=[\d.])y?)\d+\1y	diff=0/7481	no_auto_possess	
Z14025	yes	((?=[ab])y?)\d+\1y	diff=0/7481	no_auto_possess	
Z14026	yes	((?=[a-z])y?)\d+\1y	diff=0/7481	no_auto_possess	
Z14027	yes	((?=\w)y?)\d+\1y	diff=0/7481	no_auto_possess	
Z14028	yes	((?=\W)y?)\d+\1y	diff=0/7481	no_auto_possess	
Z14029	yes	((?=@)y?)\d+\1@	diff=0/7481	no_auto_possess	
Z14030	yes	((?=[\d.])y?)\d+\1@	diff=0/7481	no_auto_possess	
Z14031	yes	((?=[ab])y?)\d+\1@	diff=0/7481	no_auto_possess	
Z14032	yes	((?=[a-z])y?)\d+\1@	diff=0/7481	no_auto_possess	
Z14033	yes	((?=\w)y?)\d+\1@	diff=0/7481	no_auto_possess	
Z14034	yes	((?=\W)y?)\d+\1@	diff=0/7481	no_auto_possess	
Z14035	yes	((?=@)y?)\d+\1a	diff=0/7481	no_auto_possess	
Z14036	yes	((?=[\d.])y?)\d+\1a	diff=0/7481	no_auto_possess	
Z14037	yes	((?=[ab])y?)\d+\1a	diff=0/7481	no_auto_possess	
Z14038	yes	((?=[a-z])y?)\d+\1a	diff=0/7481	no_auto_possess	
Z14039	yes	((?=\w)y?)\d+\1a	diff=0/7481	no_auto_possess	
Z14040	yes	((?=\W)y?)\d+\1a	diff=0/7481	no_auto_possess	
Z14041	yes	((?=@)y?)\d*\1	diff=0/7481	no_auto_possess	
Z14042	yes	((?=[\d.])y?)\d*\1	diff=0/7481	no_auto_possess	
Z14043	yes	((?=[ab])y?)\d*\1	diff=0/7481	no_auto_possess	
Z14044	yes	((?=[a-z])y?)\d*\1	diff=0/7481	no_auto_possess	
Z14045	yes	((?=\w)y?)\d*\1	diff=0/7481	no_auto_possess	
Z14046	yes	((?=\W)y?)\d*\1	diff=0/7481	no_auto_possess	
Z14047	yes	((?=@)y?)\d*\1y	diff=0/7481	no_auto_possess	
Z14048	yes	((?=[\d.])y?)\d*\1y	diff=0/7481	no_auto_possess	
Z14049	yes	((?=[ab])y?)\d*\1y	diff=0/7481	no_auto_possess	
Z14050	yes	((?=[a-z])y?)\d*\1y	diff=0/7481	no_auto_possess	
Z14051	yes	((?=\w)y?)\d*\1y	diff=0/7481	no_auto_possess	
Z14052	yes	((?=\W)y?)\d*\1y	diff=0/7481	no_auto_possess	
Z14053	yes	((?=@)y?)\d*\1@	diff=0/7481	no_auto_possess	
Z14054	yes	((?=[\d.])y?)\d*\1@	diff=0/7481	no_auto_possess	
Z14055	yes	((?=[ab])y?)\d*\1@	diff=0/7481	no_auto_possess	
Z14056	yes	((?=[a-z])y?)\d*\1@	diff=0/7481	no_auto_possess	
Z14057	yes	((?=\w)y?)\d*\1@	diff=0/7481	no_auto_possess	
Z14058	yes	((?=\W)y?)\d*\1@	diff=0/7481	no_auto_possess	
Z14059	yes	((?=@)y?)\d*\1a	diff=0/7481	no_auto_possess	
Z14060	yes	((?=[\d.])y?)\d*\1a	diff=0/7481	no_auto_possess	
Z14061	yes	((?=[ab])y?)\d*\1a	diff=0/7481	no_auto_possess	
Z14062	yes	((?=[a-z])y?)\d*\1a	diff=0/7481	no_auto_possess	
Z14063	yes	((?=\w)y?)\d*\1a	diff=0/7481	no_auto_possess	
Z14064	yes	((?=\W)y?)\d*\1a	diff=0/7481	no_auto_possess	
Z14065	yes	((?=@)y?)\d?\1	diff=0/7481	no_auto_possess	
Z14066	yes	((?=[\d.])y?)\d?\1	diff=0/7481	no_auto_possess	
Z14067	yes	((?=[ab])y?)\d?\1	diff=0/7481	no_auto_possess	
Z14068	yes	((?=[a-z])y?)\d?\1	diff=0/7481	no_auto_possess	
Z14069	yes	((?=\w)y?)\d?\1	diff=0/7481	no_auto_possess	
Z14070	yes	((?=\W)y?)\d?\1	diff=0/7481	no_auto_possess	
Z14071	yes	((?=@)y?)\d?\1y	diff=0/7481	no_auto_possess	
Z14072	yes	((?=[\d.])y?)\d?\1y	diff=0/7481	no_auto_possess	
Z14073	yes	((?=[ab])y?)\d?\1y	diff=0/7481	no_auto_possess	
Z14074	yes	((?=[a-z])y?)\d?\1y	diff=0/7481	no_auto_possess	
Z14075	yes	((?=\w)y?)\d?\1y	diff=0/7481	no_auto_possess	
Z14076	yes	((?=\W)y?)\d?\1y	diff=0/7481	no_auto_possess	
Z14077	yes	((?=@)y?)\d?\1@	diff=0/7481	no_auto_possess	
Z14078	yes	((?=[\d.])y?)\d?\1@	diff=0/7481	no_auto_possess	
Z14079	yes	((?=[ab])y?)\d?\1@	diff=0/7481	no_auto_possess	
Z14080	yes	((?=[a-z])y?)\d?\1@	diff=0/7481	no_auto_possess	
Z14081	yes	((?=\w)y?)\d?\1@	diff=0/7481	no_auto_possess	
Z14082	yes	((?=\W)y?)\d?\1@	diff=0/7481	no_auto_possess	
Z14083	yes	((?=@)y?)\d?\1a	diff=0/7481	no_auto_possess	
Z14084	yes	((?=[\d.])y?)\d?\1a	diff=0/7481	no_auto_possess	
Z14085	yes	((?=[ab])y?)\d?\1a	diff=0/7481	no_auto_possess	
Z14086	yes	((?=[a-z])y?)\d?\1a	diff=0/7481	no_auto_possess	
Z14087	yes	((?=\w)y?)\d?\1a	diff=0/7481	no_auto_possess	
Z14088	yes	((?=\W)y?)\d?\1a	diff=0/7481	no_auto_possess	
Z14089	yes	((?=@)y?)\d{2,4}\1	diff=0/7481	no_auto_possess	
Z14090	yes	((?=[\d.])y?)\d{2,4}\1	diff=0/7481	no_auto_possess	
Z14091	yes	((?=[ab])y?)\d{2,4}\1	diff=0/7481	no_auto_possess	
Z14092	yes	((?=[a-z])y?)\d{2,4}\1	diff=0/7481	no_auto_possess	
Z14093	yes	((?=\w)y?)\d{2,4}\1	diff=0/7481	no_auto_possess	
Z14094	yes	((?=\W)y?)\d{2,4}\1	diff=0/7481	no_auto_possess	
Z14095	yes	((?=@)y?)\d{2,4}\1y	diff=0/7481	no_auto_possess	
Z14096	yes	((?=[\d.])y?)\d{2,4}\1y	diff=0/7481	no_auto_possess	
Z14097	yes	((?=[ab])y?)\d{2,4}\1y	diff=0/7481	no_auto_possess	
Z14098	yes	((?=[a-z])y?)\d{2,4}\1y	diff=0/7481	no_auto_possess	
Z14099	yes	((?=\w)y?)\d{2,4}\1y	diff=0/7481	no_auto_possess	
Z14100	yes	((?=\W)y?)\d{2,4}\1y	diff=0/7481	no_auto_possess	
Z14101	yes	((?=@)y?)\d{2,4}\1@	diff=0/7481	no_auto_possess	
Z14102	yes	((?=[\d.])y?)\d{2,4}\1@	diff=0/7481	no_auto_possess	
Z14103	yes	((?=[ab])y?)\d{2,4}\1@	diff=0/7481	no_auto_possess	
Z14104	yes	((?=[a-z])y?)\d{2,4}\1@	diff=0/7481	no_auto_possess	
Z14105	yes	((?=\w)y?)\d{2,4}\1@	diff=0/7481	no_auto_possess	
Z14106	yes	((?=\W)y?)\d{2,4}\1@	diff=0/7481	no_auto_possess	
Z14107	yes	((?=@)y?)\d{2,4}\1a	diff=0/7481	no_auto_possess	
Z14108	yes	((?=[\d.])y?)\d{2,4}\1a	diff=0/7481	no_auto_possess	
Z14109	yes	((?=[ab])y?)\d{2,4}\1a	diff=0/7481	no_auto_possess	
Z14110	yes	((?=[a-z])y?)\d{2,4}\1a	diff=0/7481	no_auto_possess	
Z14111	yes	((?=\w)y?)\d{2,4}\1a	diff=0/7481	no_auto_possess	
Z14112	yes	((?=\W)y?)\d{2,4}\1a	diff=0/7481	no_auto_possess	
Z14113	yes	((?=@)y?)\d{3}\1	diff=0/7481	no_auto_possess	
Z14114	yes	((?=[\d.])y?)\d{3}\1	diff=0/7481	no_auto_possess	
Z14115	yes	((?=[ab])y?)\d{3}\1	diff=0/7481	no_auto_possess	
Z14116	yes	((?=[a-z])y?)\d{3}\1	diff=0/7481	no_auto_possess	
Z14117	yes	((?=\w)y?)\d{3}\1	diff=0/7481	no_auto_possess	
Z14118	yes	((?=\W)y?)\d{3}\1	diff=0/7481	no_auto_possess	
Z14119	yes	((?=@)y?)\d{3}\1y	diff=0/7481	no_auto_possess	
Z14120	yes	((?=[\d.])y?)\d{3}\1y	diff=0/7481	no_auto_possess	
Z14121	yes	((?=[ab])y?)\d{3}\1y	diff=0/7481	no_auto_possess	
Z14122	yes	((?=[a-z])y?)\d{3}\1y	diff=0/7481	no_auto_possess	
Z14123	yes	((?=\w)y?)\d{3}\1y	diff=0/7481	no_auto_possess	
Z14124	yes	((?=\W)y?)\d{3}\1y	diff=0/7481	no_auto_possess	
Z14125	yes	((?=@)y?)\d{3}\1@	diff=0/7481	no_auto_possess	
Z14126	yes	((?=[\d.])y?)\d{3}\1@	diff=0/7481	no_auto_possess	
Z14127	yes	((?=[ab])y?)\d{3}\1@	diff=0/7481	no_auto_possess	
Z14128	yes	((?=[a-z])y?)\d{3}\1@	diff=0/7481	no_auto_possess	
Z14129	yes	((?=\w)y?)\d{3}\1@	diff=0/7481	no_auto_possess	
Z14130	yes	((?=\W)y?)\d{3}\1@	diff=0/7481	no_auto_possess	
Z14131	yes	((?=@)y?)\d{3}\1a	diff=0/7481	no_auto_possess	
Z14132	yes	((?=[\d.])y?)\d{3}\1a	diff=0/7481	no_auto_possess	
Z14133	yes	((?=[ab])y?)\d{3}\1a	diff=0/7481	no_auto_possess	
Z14134	yes	((?=[a-z])y?)\d{3}\1a	diff=0/7481	no_auto_possess	
Z14135	yes	((?=\w)y?)\d{3}\1a	diff=0/7481	no_auto_possess	
Z14136	yes	((?=\W)y?)\d{3}\1a	diff=0/7481	no_auto_possess	
Z14137	no	((?=@)y?)\d+?\1	diff=0/7481	no_auto_possess	
Z14139	no	((?=[ab])y?)\d+?\1	diff=0/7481	no_auto_possess	
Z14140	no	((?=[a-z])y?)\d+?\1	diff=0/7481	no_auto_possess	
Z14142	no	((?=\W)y?)\d+?\1	diff=0/7481	no_auto_possess	
Z14143	yes	((?=@)y?)\d+?\1y	diff=0/7481	no_auto_possess	
Z14144	yes	((?=[\d.])y?)\d+?\1y	diff=0/7481	no_auto_possess	
Z14145	yes	((?=[ab])y?)\d+?\1y	diff=0/7481	no_auto_possess	
Z14146	yes	((?=[a-z])y?)\d+?\1y	diff=0/7481	no_auto_possess	
Z14147	yes	((?=\w)y?)\d+?\1y	diff=0/7481	no_auto_possess	
Z14148	yes	((?=\W)y?)\d+?\1y	diff=0/7481	no_auto_possess	
Z14149	yes	((?=@)y?)\d+?\1@	diff=0/7481	no_auto_possess	
Z14150	yes	((?=[\d.])y?)\d+?\1@	diff=0/7481	no_auto_possess	
Z14151	yes	((?=[ab])y?)\d+?\1@	diff=0/7481	no_auto_possess	
Z14152	yes	((?=[a-z])y?)\d+?\1@	diff=0/7481	no_auto_possess	
Z14153	yes	((?=\w)y?)\d+?\1@	diff=0/7481	no_auto_possess	
Z14154	yes	((?=\W)y?)\d+?\1@	diff=0/7481	no_auto_possess	
Z14155	yes	((?=@)y?)\d+?\1a	diff=0/7481	no_auto_possess	
Z14156	yes	((?=[\d.])y?)\d+?\1a	diff=0/7481	no_auto_possess	
Z14157	yes	((?=[ab])y?)\d+?\1a	diff=0/7481	no_auto_possess	
Z14158	yes	((?=[a-z])y?)\d+?\1a	diff=0/7481	no_auto_possess	
Z14159	yes	((?=\w)y?)\d+?\1a	diff=0/7481	no_auto_possess	
Z14160	yes	((?=\W)y?)\d+?\1a	diff=0/7481	no_auto_possess	
Z14161	no	((?=@)y?)\d*?\1	diff=0/7481	no_auto_possess	
Z14163	no	((?=[ab])y?)\d*?\1	diff=0/7481	no_auto_possess	
Z14164	no	((?=[a-z])y?)\d*?\1	diff=0/7481	no_auto_possess	
Z14166	no	((?=\W)y?)\d*?\1	diff=0/7481	no_auto_possess	
Z14167	yes	((?=@)y?)\d*?\1y	diff=0/7481	no_auto_possess	
Z14168	yes	((?=[\d.])y?)\d*?\1y	diff=0/7481	no_auto_possess	
Z14169	yes	((?=[ab])y?)\d*?\1y	diff=0/7481	no_auto_possess	
Z14170	yes	((?=[a-z])y?)\d*?\1y	diff=0/7481	no_auto_possess	
Z14171	yes	((?=\w)y?)\d*?\1y	diff=0/7481	no_auto_possess	
Z14172	yes	((?=\W)y?)\d*?\1y	diff=0/7481	no_auto_possess	
Z14173	yes	((?=@)y?)\d*?\1@	diff=0/7481	no_auto_possess	
Z14174	yes	((?=[\d.])y?)\d*?\1@	diff=0/7481	no_auto_possess	
Z14175	yes	((?=[ab])y?)\d*?\1@	diff=0/7481	no_auto_possess	
Z14176	yes	((?=[a-z])y?)\d*?\1@	diff=0/7481	no_auto_possess	
Z14177	yes	((?=\w)y?)\d*?\1@	diff=0/7481	no_auto_possess	
Z14178	yes	((?=\W)y?)\d*?\1@	diff=0/7481	no_auto_possess	
Z14179	yes	((?=@)y?)\d*?\1a	diff=0/7481	no_auto_possess	
Z14180	yes	((?=[\d.])y?)\d*?\1a	diff=0/7481	no_auto_possess	
Z14181	yes	((?=[ab])y?)\d*?\1a	diff=0/7481	no_auto_possess	
Z14182	yes	((?=[a-z])y?)\d*?\1a	diff=0/7481	no_auto_possess	
Z14183	yes	((?=\w)y?)\d*?\1a	diff=0/7481	no_auto_possess	
Z14184	yes	((?=\W)y?)\d*?\1a	diff=0/7481	no_auto_possess	
Z14185	no	((?=@)y?)\d{2,4}?\1	diff=0/7481	no_auto_possess	
Z14187	no	((?=[ab])y?)\d{2,4}?\1	diff=0/7481	no_auto_possess	
Z14188	no	((?=[a-z])y?)\d{2,4}?\1	diff=0/7481	no_auto_possess	
Z14190	no	((?=\W)y?)\d{2,4}?\1	diff=0/7481	no_auto_possess	
Z14191	yes	((?=@)y?)\d{2,4}?\1y	diff=0/7481	no_auto_possess	
Z14192	yes	((?=[\d.])y?)\d{2,4}?\1y	diff=0/7481	no_auto_possess	
Z14193	yes	((?=[ab])y?)\d{2,4}?\1y	diff=0/7481	no_auto_possess	
Z14194	yes	((?=[a-z])y?)\d{2,4}?\1y	diff=0/7481	no_auto_possess	
Z14195	yes	((?=\w)y?)\d{2,4}?\1y	diff=0/7481	no_auto_possess	
Z14196	yes	((?=\W)y?)\d{2,4}?\1y	diff=0/7481	no_auto_possess	
Z14197	yes	((?=@)y?)\d{2,4}?\1@	diff=0/7481	no_auto_possess	
Z14198	yes	((?=[\d.])y?)\d{2,4}?\1@	diff=0/7481	no_auto_possess	
Z14199	yes	((?=[ab])y?)\d{2,4}?\1@	diff=0/7481	no_auto_possess	
Z14200	yes	((?=[a-z])y?)\d{2,4}?\1@	diff=0/7481	no_auto_possess	
Z14201	yes	((?=\w)y?)\d{2,4}?\1@	diff=0/7481	no_auto_possess	
Z14202	yes	((?=\W)y?)\d{2,4}?\1@	diff=0/7481	no_auto_possess	
Z14203	yes	((?=@)y?)\d{2,4}?\1a	diff=0/7481	no_auto_possess	
Z14204	yes	((?=[\d.])y?)\d{2,4}?\1a	diff=0/7481	no_auto_possess	
Z14205	yes	((?=[ab])y?)\d{2,4}?\1a	diff=0/7481	no_auto_possess	
Z14206	yes	((?=[a-z])y?)\d{2,4}?\1a	diff=0/7481	no_auto_possess	
Z14207	yes	((?=\w)y?)\d{2,4}?\1a	diff=0/7481	no_auto_possess	
Z14208	yes	((?=\W)y?)\d{2,4}?\1a	diff=0/7481	no_auto_possess	
Z14209	yes	((?=@)y?)[ab]+\1	diff=0/7481	no_auto_possess	
Z14210	yes	((?=[\d.])y?)[ab]+\1	diff=0/7481	no_auto_possess	
Z14211	yes	((?=[ab])y?)[ab]+\1	diff=0/7481	no_auto_possess	
Z14212	yes	((?=[a-z])y?)[ab]+\1	diff=0/7481	no_auto_possess	
Z14213	yes	((?=\w)y?)[ab]+\1	diff=0/7481	no_auto_possess	
Z14214	yes	((?=\W)y?)[ab]+\1	diff=0/7481	no_auto_possess	
Z14215	yes	((?=@)y?)[ab]+\1y	diff=0/7481	no_auto_possess	
Z14216	yes	((?=[\d.])y?)[ab]+\1y	diff=0/7481	no_auto_possess	
Z14217	yes	((?=[ab])y?)[ab]+\1y	diff=0/7481	no_auto_possess	
Z14218	yes	((?=[a-z])y?)[ab]+\1y	diff=0/7481	no_auto_possess	
Z14219	yes	((?=\w)y?)[ab]+\1y	diff=0/7481	no_auto_possess	
Z14220	yes	((?=\W)y?)[ab]+\1y	diff=0/7481	no_auto_possess	
Z14221	yes	((?=@)y?)[ab]+\1@	diff=0/7481	no_auto_possess	
Z14222	yes	((?=[\d.])y?)[ab]+\1@	diff=0/7481	no_auto_possess	
Z14223	yes	((?=[ab])y?)[ab]+\1@	diff=0/7481	no_auto_possess	
Z14224	yes	((?=[a-z])y?)[ab]+\1@	diff=0/7481	no_auto_possess	
Z14225	yes	((?=\w)y?)[ab]+\1@	diff=0/7481	no_auto_possess	
Z14226	yes	((?=\W)y?)[ab]+\1@	diff=0/7481	no_auto_possess	
Z14227	no	((?=@)y?)[ab]+\1a	diff=0/7481	no_auto_possess	
Z14228	no	((?=[\d.])y?)[ab]+\1a	diff=0/7481	no_auto_possess	
Z14232	no	((?=\W)y?)[ab]+\1a	diff=0/7481	no_auto_possess	
Z14233	yes	((?=@)y?)[ab]*\1	diff=0/7481	no_auto_possess	
Z14234	yes	((?=[\d.])y?)[ab]*\1	diff=0/7481	no_auto_possess	
Z14235	yes	((?=[ab])y?)[ab]*\1	diff=0/7481	no_auto_possess	
Z14236	yes	((?=[a-z])y?)[ab]*\1	diff=0/7481	no_auto_possess	
Z14237	yes	((?=\w)y?)[ab]*\1	diff=0/7481	no_auto_possess	
Z14238	yes	((?=\W)y?)[ab]*\1	diff=0/7481	no_auto_possess	
Z14239	yes	((?=@)y?)[ab]*\1y	diff=0/7481	no_auto_possess	
Z14240	yes	((?=[\d.])y?)[ab]*\1y	diff=0/7481	no_auto_possess	
Z14241	yes	((?=[ab])y?)[ab]*\1y	diff=0/7481	no_auto_possess	
Z14242	yes	((?=[a-z])y?)[ab]*\1y	diff=0/7481	no_auto_possess	
Z14243	yes	((?=\w)y?)[ab]*\1y	diff=0/7481	no_auto_possess	
Z14244	yes	((?=\W)y?)[ab]*\1y	diff=0/7481	no_auto_possess	
Z14245	yes	((?=@)y?)[ab]*\1@	diff=0/7481	no_auto_possess	
Z14246	yes	((?=[\d.])y?)[ab]*\1@	diff=0/7481	no_auto_possess	
Z14247	yes	((?=[ab])y?)[ab]*\1@	diff=0/7481	no_auto_possess	
Z14248	yes	((?=[a-z])y?)[ab]*\1@	diff=0/7481	no_auto_possess	
Z14249	yes	((?=\w)y?)[ab]*\1@	diff=0/7481	no_auto_possess	
Z14250	yes	((?=\W)y?)[ab]*\1@	diff=0/7481	no_auto_possess	
Z14251	no	((?=@)y?)[ab]*\1a	diff=0/7481	no_auto_possess	
Z14252	no	((?=[\d.])y?)[ab]*\1a	diff=0/7481	no_auto_possess	
Z14256	no	((?=\W)y?)[ab]*\1a	diff=0/7481	no_auto_possess	
Z14257	yes	((?=@)y?)[ab]?\1	diff=0/7481	no_auto_possess	
Z14258	yes	((?=[\d.])y?)[ab]?\1	diff=0/7481	no_auto_possess	
Z14259	yes	((?=[ab])y?)[ab]?\1	diff=0/7481	no_auto_possess	
Z14260	yes	((?=[a-z])y?)[ab]?\1	diff=0/7481	no_auto_possess	
Z14261	yes	((?=\w)y?)[ab]?\1	diff=0/7481	no_auto_possess	
Z14262	yes	((?=\W)y?)[ab]?\1	diff=0/7481	no_auto_possess	
Z14263	yes	((?=@)y?)[ab]?\1y	diff=0/7481	no_auto_possess	
Z14264	yes	((?=[\d.])y?)[ab]?\1y	diff=0/7481	no_auto_possess	
Z14265	yes	((?=[ab])y?)[ab]?\1y	diff=0/7481	no_auto_possess	
Z14266	yes	((?=[a-z])y?)[ab]?\1y	diff=0/7481	no_auto_possess	
Z14267	yes	((?=\w)y?)[ab]?\1y	diff=0/7481	no_auto_possess	
Z14268	yes	((?=\W)y?)[ab]?\1y	diff=0/7481	no_auto_possess	
Z14269	yes	((?=@)y?)[ab]?\1@	diff=0/7481	no_auto_possess	
Z14270	yes	((?=[\d.])y?)[ab]?\1@	diff=0/7481	no_auto_possess	
Z14271	yes	((?=[ab])y?)[ab]?\1@	diff=0/7481	no_auto_possess	
Z14272	yes	((?=[a-z])y?)[ab]?\1@	diff=0/7481	no_auto_possess	
Z14273	yes	((?=\w)y?)[ab]?\1@	diff=0/7481	no_auto_possess	
Z14274	yes	((?=\W)y?)[ab]?\1@	diff=0/7481	no_auto_possess	
Z14275	no	((?=@)y?)[ab]?\1a	diff=0/7481	no_auto_possess	
Z14276	no	((?=[\d.])y?)[ab]?\1a	diff=0/7481	no_auto_possess	
Z14280	no	((?=\W)y?)[ab]?\1a	diff=0/7481	no_auto_possess	
Z14281	yes	((?=@)y?)[ab]{2,4}\1	diff=0/7481	no_auto_possess	
Z14282	yes	((?=[\d.])y?)[ab]{2,4}\1	diff=0/7481	no_auto_possess	
Z14283	yes	((?=[ab])y?)[ab]{2,4}\1	diff=0/7481	no_auto_possess	
Z14284	yes	((?=[a-z])y?)[ab]{2,4}\1	diff=0/7481	no_auto_possess	
Z14285	yes	((?=\w)y?)[ab]{2,4}\1	diff=0/7481	no_auto_possess	
Z14286	yes	((?=\W)y?)[ab]{2,4}\1	diff=0/7481	no_auto_possess	
Z14287	yes	((?=@)y?)[ab]{2,4}\1y	diff=0/7481	no_auto_possess	
Z14288	yes	((?=[\d.])y?)[ab]{2,4}\1y	diff=0/7481	no_auto_possess	
Z14289	yes	((?=[ab])y?)[ab]{2,4}\1y	diff=0/7481	no_auto_possess	
Z14290	yes	((?=[a-z])y?)[ab]{2,4}\1y	diff=0/7481	no_auto_possess	
Z14291	yes	((?=\w)y?)[ab]{2,4}\1y	diff=0/7481	no_auto_possess	
Z14292	yes	((?=\W)y?)[ab]{2,4}\1y	diff=0/7481	no_auto_possess	
Z14293	yes	((?=@)y?)[ab]{2,4}\1@	diff=0/7481	no_auto_possess	
Z14294	yes	((?=[\d.])y?)[ab]{2,4}\1@	diff=0/7481	no_auto_possess	
Z14295	yes	((?=[ab])y?)[ab]{2,4}\1@	diff=0/7481	no_auto_possess	
Z14296	yes	((?=[a-z])y?)[ab]{2,4}\1@	diff=0/7481	no_auto_possess	
Z14297	yes	((?=\w)y?)[ab]{2,4}\1@	diff=0/7481	no_auto_possess	
Z14298	yes	((?=\W)y?)[ab]{2,4}\1@	diff=0/7481	no_auto_possess	
Z14299	no	((?=@)y?)[ab]{2,4}\1a	diff=0/7481	no_auto_possess	
Z14300	no	((?=[\d.])y?)[ab]{2,4}\1a	diff=0/7481	no_auto_possess	
Z14304	no	((?=\W)y?)[ab]{2,4}\1a	diff=0/7481	no_auto_possess	
Z14305	yes	((?=@)y?)[ab]{3}\1	diff=0/7481	no_auto_possess	
Z14306	yes	((?=[\d.])y?)[ab]{3}\1	diff=0/7481	no_auto_possess	
Z14307	yes	((?=[ab])y?)[ab]{3}\1	diff=0/7481	no_auto_possess	
Z14308	yes	((?=[a-z])y?)[ab]{3}\1	diff=0/7481	no_auto_possess	
Z14309	yes	((?=\w)y?)[ab]{3}\1	diff=0/7481	no_auto_possess	
Z14310	yes	((?=\W)y?)[ab]{3}\1	diff=0/7481	no_auto_possess	
Z14311	yes	((?=@)y?)[ab]{3}\1y	diff=0/7481	no_auto_possess	
Z14312	yes	((?=[\d.])y?)[ab]{3}\1y	diff=0/7481	no_auto_possess	
Z14313	yes	((?=[ab])y?)[ab]{3}\1y	diff=0/7481	no_auto_possess	
Z14314	yes	((?=[a-z])y?)[ab]{3}\1y	diff=0/7481	no_auto_possess	
Z14315	yes	((?=\w)y?)[ab]{3}\1y	diff=0/7481	no_auto_possess	
Z14316	yes	((?=\W)y?)[ab]{3}\1y	diff=0/7481	no_auto_possess	
Z14317	yes	((?=@)y?)[ab]{3}\1@	diff=0/7481	no_auto_possess	
Z14318	yes	((?=[\d.])y?)[ab]{3}\1@	diff=0/7481	no_auto_possess	
Z14319	yes	((?=[ab])y?)[ab]{3}\1@	diff=0/7481	no_auto_possess	
Z14320	yes	((?=[a-z])y?)[ab]{3}\1@	diff=0/7481	no_auto_possess	
Z14321	yes	((?=\w)y?)[ab]{3}\1@	diff=0/7481	no_auto_possess	
Z14322	yes	((?=\W)y?)[ab]{3}\1@	diff=0/7481	no_auto_possess	
Z14323	yes	((?=@)y?)[ab]{3}\1a	diff=0/7481	no_auto_possess	
Z14324	yes	((?=[\d.])y?)[ab]{3}\1a	diff=0/7481	no_auto_possess	
Z14325	yes	((?=[ab])y?)[ab]{3}\1a	diff=0/7481	no_auto_possess	
Z14326	yes	((?=[a-z])y?)[ab]{3}\1a	diff=0/7481	no_auto_possess	
Z14327	yes	((?=\w)y?)[ab]{3}\1a	diff=0/7481	no_auto_possess	
Z14328	yes	((?=\W)y?)[ab]{3}\1a	diff=0/7481	no_auto_possess	
Z14329	no	((?=@)y?)[ab]+?\1	diff=0/7481	no_auto_possess	
Z14330	no	((?=[\d.])y?)[ab]+?\1	diff=0/7481	no_auto_possess	
Z14334	no	((?=\W)y?)[ab]+?\1	diff=0/7481	no_auto_possess	
Z14335	yes	((?=@)y?)[ab]+?\1y	diff=0/7481	no_auto_possess	
Z14336	yes	((?=[\d.])y?)[ab]+?\1y	diff=0/7481	no_auto_possess	
Z14337	yes	((?=[ab])y?)[ab]+?\1y	diff=0/7481	no_auto_possess	
Z14338	yes	((?=[a-z])y?)[ab]+?\1y	diff=0/7481	no_auto_possess	
Z14339	yes	((?=\w)y?)[ab]+?\1y	diff=0/7481	no_auto_possess	
Z14340	yes	((?=\W)y?)[ab]+?\1y	diff=0/7481	no_auto_possess	
Z14341	yes	((?=@)y?)[ab]+?\1@	diff=0/7481	no_auto_possess	
Z14342	yes	((?=[\d.])y?)[ab]+?\1@	diff=0/7481	no_auto_possess	
Z14343	yes	((?=[ab])y?)[ab]+?\1@	diff=0/7481	no_auto_possess	
Z14344	yes	((?=[a-z])y?)[ab]+?\1@	diff=0/7481	no_auto_possess	
Z14345	yes	((?=\w)y?)[ab]+?\1@	diff=0/7481	no_auto_possess	
Z14346	yes	((?=\W)y?)[ab]+?\1@	diff=0/7481	no_auto_possess	
Z14347	no	((?=@)y?)[ab]+?\1a	diff=0/7481	no_auto_possess	
Z14348	no	((?=[\d.])y?)[ab]+?\1a	diff=0/7481	no_auto_possess	
Z14352	no	((?=\W)y?)[ab]+?\1a	diff=0/7481	no_auto_possess	
Z14353	no	((?=@)y?)[ab]*?\1	diff=0/7481	no_auto_possess	
Z14354	no	((?=[\d.])y?)[ab]*?\1	diff=0/7481	no_auto_possess	
Z14358	no	((?=\W)y?)[ab]*?\1	diff=0/7481	no_auto_possess	
Z14359	yes	((?=@)y?)[ab]*?\1y	diff=0/7481	no_auto_possess	
Z14360	yes	((?=[\d.])y?)[ab]*?\1y	diff=0/7481	no_auto_possess	
Z14361	yes	((?=[ab])y?)[ab]*?\1y	diff=0/7481	no_auto_possess	
Z14362	yes	((?=[a-z])y?)[ab]*?\1y	diff=0/7481	no_auto_possess	
Z14363	yes	((?=\w)y?)[ab]*?\1y	diff=0/7481	no_auto_possess	
Z14364	yes	((?=\W)y?)[ab]*?\1y	diff=0/7481	no_auto_possess	
Z14365	yes	((?=@)y?)[ab]*?\1@	diff=0/7481	no_auto_possess	
Z14366	yes	((?=[\d.])y?)[ab]*?\1@	diff=0/7481	no_auto_possess	
Z14367	yes	((?=[ab])y?)[ab]*?\1@	diff=0/7481	no_auto_possess	
Z14368	yes	((?=[a-z])y?)[ab]*?\1@	diff=0/7481	no_auto_possess	
Z14369	yes	((?=\w)y?)[ab]*?\1@	diff=0/7481	no_auto_possess	
Z14370	yes	((?=\W)y?)[ab]*?\1@	diff=0/7481	no_auto_possess	
Z14371	no	((?=@)y?)[ab]*?\1a	diff=0/7481	no_auto_possess	
Z14372	no	((?=[\d.])y?)[ab]*?\1a	diff=0/7481	no_auto_possess	
Z14376	no	((?=\W)y?)[ab]*?\1a	diff=0/7481	no_auto_possess	
Z14377	no	((?=@)y?)[ab]{2,4}?\1	diff=0/7481	no_auto_possess	
Z14378	no	((?=[\d.])y?)[ab]{2,4}?\1	diff=0/7481	no_auto_possess	
Z14382	no	((?=\W)y?)[ab]{2,4}?\1	diff=0/7481	no_auto_possess	
Z14383	yes	((?=@)y?)[ab]{2,4}?\1y	diff=0/7481	no_auto_possess	
Z14384	yes	((?=[\d.])y?)[ab]{2,4}?\1y	diff=0/7481	no_auto_possess	
Z14385	yes	((?=[ab])y?)[ab]{2,4}?\1y	diff=0/7481	no_auto_possess	
Z14386	yes	((?=[a-z])y?)[ab]{2,4}?\1y	diff=0/7481	no_auto_possess	
Z14387	yes	((?=\w)y?)[ab]{2,4}?\1y	diff=0/7481	no_auto_possess	
Z14388	yes	((?=\W)y?)[ab]{2,4}?\1y	diff=0/7481	no_auto_possess	
Z14389	yes	((?=@)y?)[ab]{2,4}?\1@	diff=0/7481	no_auto_possess	
Z14390	yes	((?=[\d.])y?)[ab]{2,4}?\1@	diff=0/7481	no_auto_possess	
Z14391	yes	((?=[ab])y?)[ab]{2,4}?\1@	diff=0/7481	no_auto_possess	
Z14392	yes	((?=[a-z])y?)[ab]{2,4}?\1@	diff=0/7481	no_auto_possess	
Z14393	yes	((?=\w)y?)[ab]{2,4}?\1@	diff=0/7481	no_auto_possess	
Z14394	yes	((?=\W)y?)[ab]{2,4}?\1@	diff=0/7481	no_auto_possess	
Z14395	no	((?=@)y?)[ab]{2,4}?\1a	diff=0/7481	no_auto_possess	
Z14396	no	((?=[\d.])y?)[ab]{2,4}?\1a	diff=0/7481	no_auto_possess	
Z14400	no	((?=\W)y?)[ab]{2,4}?\1a	diff=0/7481	no_auto_possess	
Z14401	yes	((?=@)y?)a+\1	diff=0/7481	no_auto_possess	
Z14402	yes	((?=[\d.])y?)a+\1	diff=0/7481	no_auto_possess	
Z14403	yes	((?=[ab])y?)a+\1	diff=0/7481	no_auto_possess	
Z14404	yes	((?=[a-z])y?)a+\1	diff=0/7481	no_auto_possess	
Z14405	yes	((?=\w)y?)a+\1	diff=0/7481	no_auto_possess	
Z14406	yes	((?=\W)y?)a+\1	diff=0/7481	no_auto_possess	
Z14407	yes	((?=@)y?)a+\1y	diff=0/7481	no_auto_possess	
Z14408	yes	((?=[\d.])y?)a+\1y	diff=0/7481	no_auto_possess	
Z14409	yes	((?=[ab])y?)a+\1y	diff=0/7481	no_auto_possess	
Z14410	yes	((?=[a-z])y?)a+\1y	diff=0/7481	no_auto_possess	
Z14411	yes	((?=\w)y?)a+\1y	diff=0/7481	no_auto_possess	
Z14412	yes	((?=\W)y?)a+\1y	diff=0/7481	no_auto_possess	
Z14413	yes	((?=@)y?)a+\1@	diff=0/7481	no_auto_possess	
Z14414	yes	((?=[\d.])y?)a+\1@	diff=0/7481	no_auto_possess	
Z14415	yes	((?=[ab])y?)a+\1@	diff=0/7481	no_auto_possess	
Z14416	yes	((?=[a-z])y?)a+\1@	diff=0/7481	no_auto_possess	
Z14417	yes	((?=\w)y?)a+\1@	diff=0/7481	no_auto_possess	
Z14418	yes	((?=\W)y?)a+\1@	diff=0/7481	no_auto_possess	
Z14419	no	((?=@)y?)a+\1a	diff=0/7481	no_auto_possess	
Z14420	no	((?=[\d.])y?)a+\1a	diff=0/7481	no_auto_possess	
Z14424	no	((?=\W)y?)a+\1a	diff=0/7481	no_auto_possess	
Z14425	yes	((?=@)y?)a*\1	diff=0/7481	no_auto_possess	
Z14426	yes	((?=[\d.])y?)a*\1	diff=0/7481	no_auto_possess	
Z14427	yes	((?=[ab])y?)a*\1	diff=0/7481	no_auto_possess	
Z14428	yes	((?=[a-z])y?)a*\1	diff=0/7481	no_auto_possess	
Z14429	yes	((?=\w)y?)a*\1	diff=0/7481	no_auto_possess	
Z14430	yes	((?=\W)y?)a*\1	diff=0/7481	no_auto_possess	
Z14431	yes	((?=@)y?)a*\1y	diff=0/7481	no_auto_possess	
Z14432	yes	((?=[\d.])y?)a*\1y	diff=0/7481	no_auto_possess	
Z14433	yes	((?=[ab])y?)a*\1y	diff=0/7481	no_auto_possess	
Z14434	yes	((?=[a-z])y?)a*\1y	diff=0/7481	no_auto_possess	
Z14435	yes	((?=\w)y?)a*\1y	diff=0/7481	no_auto_possess	
Z14436	yes	((?=\W)y?)a*\1y	diff=0/7481	no_auto_possess	
Z14437	yes	((?=@)y?)a*\1@	diff=0/7481	no_auto_possess	
Z14438	yes	((?=[\d.])y?)a*\1@	diff=0/7481	no_auto_possess	
Z14439	yes	((?=[ab])y?)a*\1@	diff=0/7481	no_auto_possess	
Z14440	yes	((?=[a-z])y?)a*\1@	diff=0/7481	no_auto_possess	
Z14441	yes	((?=\w)y?)a*\1@	diff=0/7481	no_auto_possess	
Z14442	yes	((?=\W)y?)a*\1@	diff=0/7481	no_auto_possess	
Z14443	no	((?=@)y?)a*\1a	diff=0/7481	no_auto_possess	
Z14444	no	((?=[\d.])y?)a*\1a	diff=0/7481	no_auto_possess	
Z14448	no	((?=\W)y?)a*\1a	diff=0/7481	no_auto_possess	
Z14449	yes	((?=@)y?)a?\1	diff=0/7481	no_auto_possess	
Z14450	yes	((?=[\d.])y?)a?\1	diff=0/7481	no_auto_possess	
Z14451	yes	((?=[ab])y?)a?\1	diff=0/7481	no_auto_possess	
Z14452	yes	((?=[a-z])y?)a?\1	diff=0/7481	no_auto_possess	
Z14453	yes	((?=\w)y?)a?\1	diff=0/7481	no_auto_possess	
Z14454	yes	((?=\W)y?)a?\1	diff=0/7481	no_auto_possess	
Z14455	yes	((?=@)y?)a?\1y	diff=0/7481	no_auto_possess	
Z14456	yes	((?=[\d.])y?)a?\1y	diff=0/7481	no_auto_possess	
Z14457	yes	((?=[ab])y?)a?\1y	diff=0/7481	no_auto_possess	
Z14458	yes	((?=[a-z])y?)a?\1y	diff=0/7481	no_auto_possess	
Z14459	yes	((?=\w)y?)a?\1y	diff=0/7481	no_auto_possess	
Z14460	yes	((?=\W)y?)a?\1y	diff=0/7481	no_auto_possess	
Z14461	yes	((?=@)y?)a?\1@	diff=0/7481	no_auto_possess	
Z14462	yes	((?=[\d.])y?)a?\1@	diff=0/7481	no_auto_possess	
Z14463	yes	((?=[ab])y?)a?\1@	diff=0/7481	no_auto_possess	
Z14464	yes	((?=[a-z])y?)a?\1@	diff=0/7481	no_auto_possess	
Z14465	yes	((?=\w)y?)a?\1@	diff=0/7481	no_auto_possess	
Z14466	yes	((?=\W)y?)a?\1@	diff=0/7481	no_auto_possess	
Z14467	no	((?=@)y?)a?\1a	diff=0/7481	no_auto_possess	
Z14468	no	((?=[\d.])y?)a?\1a	diff=0/7481	no_auto_possess	
Z14472	no	((?=\W)y?)a?\1a	diff=0/7481	no_auto_possess	
Z14473	yes	((?=@)y?)a{2,4}\1	diff=0/7481	no_auto_possess	
Z14474	yes	((?=[\d.])y?)a{2,4}\1	diff=0/7481	no_auto_possess	
Z14475	yes	((?=[ab])y?)a{2,4}\1	diff=0/7481	no_auto_possess	
Z14476	yes	((?=[a-z])y?)a{2,4}\1	diff=0/7481	no_auto_possess	
Z14477	yes	((?=\w)y?)a{2,4}\1	diff=0/7481	no_auto_possess	
Z14478	yes	((?=\W)y?)a{2,4}\1	diff=0/7481	no_auto_possess	
Z14479	yes	((?=@)y?)a{2,4}\1y	diff=0/7481	no_auto_possess	
Z14480	yes	((?=[\d.])y?)a{2,4}\1y	diff=0/7481	no_auto_possess	
Z14481	yes	((?=[ab])y?)a{2,4}\1y	diff=0/7481	no_auto_possess	
Z14482	yes	((?=[a-z])y?)a{2,4}\1y	diff=0/7481	no_auto_possess	
Z14483	yes	((?=\w)y?)a{2,4}\1y	diff=0/7481	no_auto_possess	
Z14484	yes	((?=\W)y?)a{2,4}\1y	diff=0/7481	no_auto_possess	
Z14485	yes	((?=@)y?)a{2,4}\1@	diff=0/7481	no_auto_possess	
Z14486	yes	((?=[\d.])y?)a{2,4}\1@	diff=0/7481	no_auto_possess	
Z14487	yes	((?=[ab])y?)a{2,4}\1@	diff=0/7481	no_auto_possess	
Z14488	yes	((?=[a-z])y?)a{2,4}\1@	diff=0/7481	no_auto_possess	
Z14489	yes	((?=\w)y?)a{2,4}\1@	diff=0/7481	no_auto_possess	
Z14490	yes	((?=\W)y?)a{2,4}\1@	diff=0/7481	no_auto_possess	
Z14491	no	((?=@)y?)a{2,4}\1a	diff=0/7481	no_auto_possess	
Z14492	no	((?=[\d.])y?)a{2,4}\1a	diff=0/7481	no_auto_possess	
Z14496	no	((?=\W)y?)a{2,4}\1a	diff=0/7481	no_auto_possess	
Z14497	yes	((?=@)y?)a{3}\1	diff=0/7481	no_auto_possess	
Z14498	yes	((?=[\d.])y?)a{3}\1	diff=0/7481	no_auto_possess	
Z14499	yes	((?=[ab])y?)a{3}\1	diff=0/7481	no_auto_possess	
Z14500	yes	((?=[a-z])y?)a{3}\1	diff=0/7481	no_auto_possess	
Z14501	yes	((?=\w)y?)a{3}\1	diff=0/7481	no_auto_possess	
Z14502	yes	((?=\W)y?)a{3}\1	diff=0/7481	no_auto_possess	
Z14503	yes	((?=@)y?)a{3}\1y	diff=0/7481	no_auto_possess	
Z14504	yes	((?=[\d.])y?)a{3}\1y	diff=0/7481	no_auto_possess	
Z14505	yes	((?=[ab])y?)a{3}\1y	diff=0/7481	no_auto_possess	
Z14506	yes	((?=[a-z])y?)a{3}\1y	diff=0/7481	no_auto_possess	
Z14507	yes	((?=\w)y?)a{3}\1y	diff=0/7481	no_auto_possess	
Z14508	yes	((?=\W)y?)a{3}\1y	diff=0/7481	no_auto_possess	
Z14509	yes	((?=@)y?)a{3}\1@	diff=0/7481	no_auto_possess	
Z14510	yes	((?=[\d.])y?)a{3}\1@	diff=0/7481	no_auto_possess	
Z14511	yes	((?=[ab])y?)a{3}\1@	diff=0/7481	no_auto_possess	
Z14512	yes	((?=[a-z])y?)a{3}\1@	diff=0/7481	no_auto_possess	
Z14513	yes	((?=\w)y?)a{3}\1@	diff=0/7481	no_auto_possess	
Z14514	yes	((?=\W)y?)a{3}\1@	diff=0/7481	no_auto_possess	
Z14515	yes	((?=@)y?)a{3}\1a	diff=0/7481	no_auto_possess	
Z14516	yes	((?=[\d.])y?)a{3}\1a	diff=0/7481	no_auto_possess	
Z14517	yes	((?=[ab])y?)a{3}\1a	diff=0/7481	no_auto_possess	
Z14518	yes	((?=[a-z])y?)a{3}\1a	diff=0/7481	no_auto_possess	
Z14519	yes	((?=\w)y?)a{3}\1a	diff=0/7481	no_auto_possess	
Z14520	yes	((?=\W)y?)a{3}\1a	diff=0/7481	no_auto_possess	
Z14521	no	((?=@)y?)a+?\1	diff=0/7481	no_auto_possess	
Z14522	no	((?=[\d.])y?)a+?\1	diff=0/7481	no_auto_possess	
Z14526	no	((?=\W)y?)a+?\1	diff=0/7481	no_auto_possess	
Z14527	yes	((?=@)y?)a+?\1y	diff=0/7481	no_auto_possess	
Z14528	yes	((?=[\d.])y?)a+?\1y	diff=0/7481	no_auto_possess	
Z14529	yes	((?=[ab])y?)a+?\1y	diff=0/7481	no_auto_possess	
Z14530	yes	((?=[a-z])y?)a+?\1y	diff=0/7481	no_auto_possess	
Z14531	yes	((?=\w)y?)a+?\1y	diff=0/7481	no_auto_possess	
Z14532	yes	((?=\W)y?)a+?\1y	diff=0/7481	no_auto_possess	
Z14533	yes	((?=@)y?)a+?\1@	diff=0/7481	no_auto_possess	
Z14534	yes	((?=[\d.])y?)a+?\1@	diff=0/7481	no_auto_possess	
Z14535	yes	((?=[ab])y?)a+?\1@	diff=0/7481	no_auto_possess	
Z14536	yes	((?=[a-z])y?)a+?\1@	diff=0/7481	no_auto_possess	
Z14537	yes	((?=\w)y?)a+?\1@	diff=0/7481	no_auto_possess	
Z14538	yes	((?=\W)y?)a+?\1@	diff=0/7481	no_auto_possess	
Z14539	no	((?=@)y?)a+?\1a	diff=0/7481	no_auto_possess	
Z14540	no	((?=[\d.])y?)a+?\1a	diff=0/7481	no_auto_possess	
Z14544	no	((?=\W)y?)a+?\1a	diff=0/7481	no_auto_possess	
Z14545	no	((?=@)y?)a*?\1	diff=0/7481	no_auto_possess	
Z14546	no	((?=[\d.])y?)a*?\1	diff=0/7481	no_auto_possess	
Z14550	no	((?=\W)y?)a*?\1	diff=0/7481	no_auto_possess	
Z14551	yes	((?=@)y?)a*?\1y	diff=0/7481	no_auto_possess	
Z14552	yes	((?=[\d.])y?)a*?\1y	diff=0/7481	no_auto_possess	
Z14553	yes	((?=[ab])y?)a*?\1y	diff=0/7481	no_auto_possess	
Z14554	yes	((?=[a-z])y?)a*?\1y	diff=0/7481	no_auto_possess	
Z14555	yes	((?=\w)y?)a*?\1y	diff=0/7481	no_auto_possess	
Z14556	yes	((?=\W)y?)a*?\1y	diff=0/7481	no_auto_possess	
Z14557	yes	((?=@)y?)a*?\1@	diff=0/7481	no_auto_possess	
Z14558	yes	((?=[\d.])y?)a*?\1@	diff=0/7481	no_auto_possess	
Z14559	yes	((?=[ab])y?)a*?\1@	diff=0/7481	no_auto_possess	
Z14560	yes	((?=[a-z])y?)a*?\1@	diff=0/7481	no_auto_possess	
Z14561	yes	((?=\w)y?)a*?\1@	diff=0/7481	no_auto_possess	
Z14562	yes	((?=\W)y?)a*?\1@	diff=0/7481	no_auto_possess	
Z14563	no	((?=@)y?)a*?\1a	diff=0/7481	no_auto_possess	
Z14564	no	((?=[\d.])y?)a*?\1a	diff=0/7481	no_auto_possess	
Z14568	no	((?=\W)y?)a*?\1a	diff=0/7481	no_auto_possess	
Z14569	no	((?=@)y?)a{2,4}?\1	diff=0/7481	no_auto_possess	
Z14570	no	((?=[\d.])y?)a{2,4}?\1	diff=0/7481	no_auto_possess	
Z14574	no	((?=\W)y?)a{2,4}?\1	diff=0/7481	no_auto_possess	
Z14575	yes	((?=@)y?)a{2,4}?\1y	diff=0/7481	no_auto_possess	
Z14576	yes	((?=[\d.])y?)a{2,4}?\1y	diff=0/7481	no_auto_possess	
Z14577	yes	((?=[ab])y?)a{2,4}?\1y	diff=0/7481	no_auto_possess	
Z14578	yes	((?=[a-z])y?)a{2,4}?\1y	diff=0/7481	no_auto_possess	
Z14579	yes	((?=\w)y?)a{2,4}?\1y	diff=0/7481	no_auto_possess	
Z14580	yes	((?=\W)y?)a{2,4}?\1y	diff=0/7481	no_auto_possess	
Z14581	yes	((?=@)y?)a{2,4}?\1@	diff=0/7481	no_auto_possess	
Z14582	yes	((?=[\d.])y?)a{2,4}?\1@	diff=0/7481	no_auto_possess	
Z14583	yes	((?=[ab])y?)a{2,4}?\1@	diff=0/7481	no_auto_possess	
Z14584	yes	((?=[a-z])y?)a{2,4}?\1@	diff=0/7481	no_auto_possess	
Z14585	yes	((?=\w)y?)a{2,4}?\1@	diff=0/7481	no_auto_possess	
Z14586	yes	((?=\W)y?)a{2,4}?\1@	diff=0/7481	no_auto_possess	
Z14587	no	((?=@)y?)a{2,4}?\1a	diff=0/7481	no_auto_possess	
Z14588	no	((?=[\d.])y?)a{2,4}?\1a	diff=0/7481	no_auto_possess	
Z14592	no	((?=\W)y?)a{2,4}?\1a	diff=0/7481	no_auto_possess	
Z14593	yes	((?=@)y?)(?:(?=[ab])\w)+\1	diff=0/7481	no_auto_possess	
Z14594	yes	((?=[\d.])y?)(?:(?=[ab])\w)+\1	diff=0/7481	no_auto_possess	
Z14595	yes	((?=[ab])y?)(?:(?=[ab])\w)+\1	diff=0/7481	no_auto_possess	
Z14596	yes	((?=[a-z])y?)(?:(?=[ab])\w)+\1	diff=0/7481	no_auto_possess	
Z14597	yes	((?=\w)y?)(?:(?=[ab])\w)+\1	diff=0/7481	no_auto_possess	
Z14598	yes	((?=\W)y?)(?:(?=[ab])\w)+\1	diff=0/7481	no_auto_possess	
Z14599	yes	((?=@)y?)(?:(?=[ab])\w)+\1y	diff=0/7481	no_auto_possess	
Z14600	yes	((?=[\d.])y?)(?:(?=[ab])\w)+\1y	diff=0/7481	no_auto_possess	
Z14601	yes	((?=[ab])y?)(?:(?=[ab])\w)+\1y	diff=0/7481	no_auto_possess	
Z14602	yes	((?=[a-z])y?)(?:(?=[ab])\w)+\1y	diff=0/7481	no_auto_possess	
Z14603	yes	((?=\w)y?)(?:(?=[ab])\w)+\1y	diff=0/7481	no_auto_possess	
Z14604	yes	((?=\W)y?)(?:(?=[ab])\w)+\1y	diff=0/7481	no_auto_possess	
Z14605	yes	((?=@)y?)(?:(?=[ab])\w)+\1@	diff=0/7481	no_auto_possess	
Z14606	yes	((?=[\d.])y?)(?:(?=[ab])\w)+\1@	diff=0/7481	no_auto_possess	
Z14607	yes	((?=[ab])y?)(?:(?=[ab])\w)+\1@	diff=0/7481	no_auto_possess	
Z14608	yes	((?=[a-z])y?)(?:(?=[ab])\w)+\1@	diff=0/7481	no_auto_possess	
Z14609	yes	((?=\w)y?)(?:(?=[ab])\w)+\1@	diff=0/7481	no_auto_possess	
Z14610	yes	((?=\W)y?)(?:(?=[ab])\w)+\1@	diff=0/7481	no_auto_possess	
Z14611	no	((?=@)y?)(?:(?=[ab])\w)+\1a	diff=0/7481	no_auto_possess	
Z14612	no	((?=[\d.])y?)(?:(?=[ab])\w)+\1a	diff=0/7481	no_auto_possess	
Z14616	no	((?=\W)y?)(?:(?=[ab])\w)+\1a	diff=0/7481	no_auto_possess	
Z14617	yes	((?=@)y?)(?:(?=[ab])\w)*\1	diff=0/7481	no_auto_possess	
Z14618	yes	((?=[\d.])y?)(?:(?=[ab])\w)*\1	diff=0/7481	no_auto_possess	
Z14619	yes	((?=[ab])y?)(?:(?=[ab])\w)*\1	diff=0/7481	no_auto_possess	
Z14620	yes	((?=[a-z])y?)(?:(?=[ab])\w)*\1	diff=0/7481	no_auto_possess	
Z14621	yes	((?=\w)y?)(?:(?=[ab])\w)*\1	diff=0/7481	no_auto_possess	
Z14622	yes	((?=\W)y?)(?:(?=[ab])\w)*\1	diff=0/7481	no_auto_possess	
Z14623	yes	((?=@)y?)(?:(?=[ab])\w)*\1y	diff=0/7481	no_auto_possess	
Z14624	yes	((?=[\d.])y?)(?:(?=[ab])\w)*\1y	diff=0/7481	no_auto_possess	
Z14625	yes	((?=[ab])y?)(?:(?=[ab])\w)*\1y	diff=0/7481	no_auto_possess	
Z14626	yes	((?=[a-z])y?)(?:(?=[ab])\w)*\1y	diff=0/7481	no_auto_possess	
Z14627	yes	((?=\w)y?)(?:(?=[ab])\w)*\1y	diff=0/7481	no_auto_possess	
Z14628	yes	((?=\W)y?)(?:(?=[ab])\w)*\1y	diff=0/7481	no_auto_possess	
Z14629	yes	((?=@)y?)(?:(?=[ab])\w)*\1@	diff=0/7481	no_auto_possess	
Z14630	yes	((?=[\d.])y?)(?:(?=[ab])\w)*\1@	diff=0/7481	no_auto_possess	
Z14631	yes	((?=[ab])y?)(?:(?=[ab])\w)*\1@	diff=0/7481	no_auto_possess	
Z14632	yes	((?=[a-z])y?)(?:(?=[ab])\w)*\1@	diff=0/7481	no_auto_possess	
Z14633	yes	((?=\w)y?)(?:(?=[ab])\w)*\1@	diff=0/7481	no_auto_possess	
Z14634	yes	((?=\W)y?)(?:(?=[ab])\w)*\1@	diff=0/7481	no_auto_possess	
Z14635	no	((?=@)y?)(?:(?=[ab])\w)*\1a	diff=0/7481	no_auto_possess	
Z14636	no	((?=[\d.])y?)(?:(?=[ab])\w)*\1a	diff=0/7481	no_auto_possess	
Z14640	no	((?=\W)y?)(?:(?=[ab])\w)*\1a	diff=0/7481	no_auto_possess	
Z14641	yes	((?=@)y?)(?:(?=[ab])\w)?\1	diff=0/7481	no_auto_possess	
Z14642	yes	((?=[\d.])y?)(?:(?=[ab])\w)?\1	diff=0/7481	no_auto_possess	
Z14643	yes	((?=[ab])y?)(?:(?=[ab])\w)?\1	diff=0/7481	no_auto_possess	
Z14644	yes	((?=[a-z])y?)(?:(?=[ab])\w)?\1	diff=0/7481	no_auto_possess	
Z14645	yes	((?=\w)y?)(?:(?=[ab])\w)?\1	diff=0/7481	no_auto_possess	
Z14646	yes	((?=\W)y?)(?:(?=[ab])\w)?\1	diff=0/7481	no_auto_possess	
Z14647	yes	((?=@)y?)(?:(?=[ab])\w)?\1y	diff=0/7481	no_auto_possess	
Z14648	yes	((?=[\d.])y?)(?:(?=[ab])\w)?\1y	diff=0/7481	no_auto_possess	
Z14649	yes	((?=[ab])y?)(?:(?=[ab])\w)?\1y	diff=0/7481	no_auto_possess	
Z14650	yes	((?=[a-z])y?)(?:(?=[ab])\w)?\1y	diff=0/7481	no_auto_possess	
Z14651	yes	((?=\w)y?)(?:(?=[ab])\w)?\1y	diff=0/7481	no_auto_possess	
Z14652	yes	((?=\W)y?)(?:(?=[ab])\w)?\1y	diff=0/7481	no_auto_possess	
Z14653	yes	((?=@)y?)(?:(?=[ab])\w)?\1@	diff=0/7481	no_auto_possess	
Z14654	yes	((?=[\d.])y?)(?:(?=[ab])\w)?\1@	diff=0/7481	no_auto_possess	
Z14655	yes	((?=[ab])y?)(?:(?=[ab])\w)?\1@	diff=0/7481	no_auto_possess	
Z14656	yes	((?=[a-z])y?)(?:(?=[ab])\w)?\1@	diff=0/7481	no_auto_possess	
Z14657	yes	((?=\w)y?)(?:(?=[ab])\w)?\1@	diff=0/7481	no_auto_possess	
Z14658	yes	((?=\W)y?)(?:(?=[ab])\w)?\1@	diff=0/7481	no_auto_possess	
Z14659	no	((?=@)y?)(?:(?=[ab])\w)?\1a	diff=0/7481	no_auto_possess	
Z14660	no	((?=[\d.])y?)(?:(?=[ab])\w)?\1a	diff=0/7481	no_auto_possess	
Z14664	no	((?=\W)y?)(?:(?=[ab])\w)?\1a	diff=0/7481	no_auto_possess	
Z14665	yes	((?=@)y?)(?:(?=[ab])\w){2,4}\1	diff=0/7481	no_auto_possess	
Z14666	yes	((?=[\d.])y?)(?:(?=[ab])\w){2,4}\1	diff=0/7481	no_auto_possess	
Z14667	yes	((?=[ab])y?)(?:(?=[ab])\w){2,4}\1	diff=0/7481	no_auto_possess	
Z14668	yes	((?=[a-z])y?)(?:(?=[ab])\w){2,4}\1	diff=0/7481	no_auto_possess	
Z14669	yes	((?=\w)y?)(?:(?=[ab])\w){2,4}\1	diff=0/7481	no_auto_possess	
Z14670	yes	((?=\W)y?)(?:(?=[ab])\w){2,4}\1	diff=0/7481	no_auto_possess	
Z14671	yes	((?=@)y?)(?:(?=[ab])\w){2,4}\1y	diff=0/7481	no_auto_possess	
Z14672	yes	((?=[\d.])y?)(?:(?=[ab])\w){2,4}\1y	diff=0/7481	no_auto_possess	
Z14673	yes	((?=[ab])y?)(?:(?=[ab])\w){2,4}\1y	diff=0/7481	no_auto_possess	
Z14674	yes	((?=[a-z])y?)(?:(?=[ab])\w){2,4}\1y	diff=0/7481	no_auto_possess	
Z14675	yes	((?=\w)y?)(?:(?=[ab])\w){2,4}\1y	diff=0/7481	no_auto_possess	
Z14676	yes	((?=\W)y?)(?:(?=[ab])\w){2,4}\1y	diff=0/7481	no_auto_possess	
Z14677	yes	((?=@)y?)(?:(?=[ab])\w){2,4}\1@	diff=0/7481	no_auto_possess	
Z14678	yes	((?=[\d.])y?)(?:(?=[ab])\w){2,4}\1@	diff=0/7481	no_auto_possess	
Z14679	yes	((?=[ab])y?)(?:(?=[ab])\w){2,4}\1@	diff=0/7481	no_auto_possess	
Z14680	yes	((?=[a-z])y?)(?:(?=[ab])\w){2,4}\1@	diff=0/7481	no_auto_possess	
Z14681	yes	((?=\w)y?)(?:(?=[ab])\w){2,4}\1@	diff=0/7481	no_auto_possess	
Z14682	yes	((?=\W)y?)(?:(?=[ab])\w){2,4}\1@	diff=0/7481	no_auto_possess	
Z14683	no	((?=@)y?)(?:(?=[ab])\w){2,4}\1a	diff=0/7481	no_auto_possess	
Z14684	no	((?=[\d.])y?)(?:(?=[ab])\w){2,4}\1a	diff=0/7481	no_auto_possess	
Z14688	no	((?=\W)y?)(?:(?=[ab])\w){2,4}\1a	diff=0/7481	no_auto_possess	
Z14689	yes	((?=@)y?)(?:(?=[ab])\w){3}\1	diff=0/7481	no_auto_possess	
Z14690	yes	((?=[\d.])y?)(?:(?=[ab])\w){3}\1	diff=0/7481	no_auto_possess	
Z14691	yes	((?=[ab])y?)(?:(?=[ab])\w){3}\1	diff=0/7481	no_auto_possess	
Z14692	yes	((?=[a-z])y?)(?:(?=[ab])\w){3}\1	diff=0/7481	no_auto_possess	
Z14693	yes	((?=\w)y?)(?:(?=[ab])\w){3}\1	diff=0/7481	no_auto_possess	
Z14694	yes	((?=\W)y?)(?:(?=[ab])\w){3}\1	diff=0/7481	no_auto_possess	
Z14695	yes	((?=@)y?)(?:(?=[ab])\w){3}\1y	diff=0/7481	no_auto_possess	
Z14696	yes	((?=[\d.])y?)(?:(?=[ab])\w){3}\1y	diff=0/7481	no_auto_possess	
Z14697	yes	((?=[ab])y?)(?:(?=[ab])\w){3}\1y	diff=0/7481	no_auto_possess	
Z14698	yes	((?=[a-z])y?)(?:(?=[ab])\w){3}\1y	diff=0/7481	no_auto_possess	
Z14699	yes	((?=\w)y?)(?:(?=[ab])\w){3}\1y	diff=0/7481	no_auto_possess	
Z14700	yes	((?=\W)y?)(?:(?=[ab])\w){3}\1y	diff=0/7481	no_auto_possess	
Z14701	yes	((?=@)y?)(?:(?=[ab])\w){3}\1@	diff=0/7481	no_auto_possess	
Z14702	yes	((?=[\d.])y?)(?:(?=[ab])\w){3}\1@	diff=0/7481	no_auto_possess	
Z14703	yes	((?=[ab])y?)(?:(?=[ab])\w){3}\1@	diff=0/7481	no_auto_possess	
Z14704	yes	((?=[a-z])y?)(?:(?=[ab])\w){3}\1@	diff=0/7481	no_auto_possess	
Z14705	yes	((?=\w)y?)(?:(?=[ab])\w){3}\1@	diff=0/7481	no_auto_possess	
Z14706	yes	((?=\W)y?)(?:(?=[ab])\w){3}\1@	diff=0/7481	no_auto_possess	
Z14707	yes	((?=@)y?)(?:(?=[ab])\w){3}\1a	diff=0/7481	no_auto_possess	
Z14708	yes	((?=[\d.])y?)(?:(?=[ab])\w){3}\1a	diff=0/7481	no_auto_possess	
Z14709	yes	((?=[ab])y?)(?:(?=[ab])\w){3}\1a	diff=0/7481	no_auto_possess	
Z14710	yes	((?=[a-z])y?)(?:(?=[ab])\w){3}\1a	diff=0/7481	no_auto_possess	
Z14711	yes	((?=\w)y?)(?:(?=[ab])\w){3}\1a	diff=0/7481	no_auto_possess	
Z14712	yes	((?=\W)y?)(?:(?=[ab])\w){3}\1a	diff=0/7481	no_auto_possess	
Z14713	no	((?=@)y?)(?:(?=[ab])\w)+?\1	diff=0/7481	no_auto_possess	
Z14714	no	((?=[\d.])y?)(?:(?=[ab])\w)+?\1	diff=0/7481	no_auto_possess	
Z14718	no	((?=\W)y?)(?:(?=[ab])\w)+?\1	diff=0/7481	no_auto_possess	
Z14719	yes	((?=@)y?)(?:(?=[ab])\w)+?\1y	diff=0/7481	no_auto_possess	
Z14720	yes	((?=[\d.])y?)(?:(?=[ab])\w)+?\1y	diff=0/7481	no_auto_possess	
Z14721	yes	((?=[ab])y?)(?:(?=[ab])\w)+?\1y	diff=0/7481	no_auto_possess	
Z14722	yes	((?=[a-z])y?)(?:(?=[ab])\w)+?\1y	diff=0/7481	no_auto_possess	
Z14723	yes	((?=\w)y?)(?:(?=[ab])\w)+?\1y	diff=0/7481	no_auto_possess	
Z14724	yes	((?=\W)y?)(?:(?=[ab])\w)+?\1y	diff=0/7481	no_auto_possess	
Z14725	yes	((?=@)y?)(?:(?=[ab])\w)+?\1@	diff=0/7481	no_auto_possess	
Z14726	yes	((?=[\d.])y?)(?:(?=[ab])\w)+?\1@	diff=0/7481	no_auto_possess	
Z14727	yes	((?=[ab])y?)(?:(?=[ab])\w)+?\1@	diff=0/7481	no_auto_possess	
Z14728	yes	((?=[a-z])y?)(?:(?=[ab])\w)+?\1@	diff=0/7481	no_auto_possess	
Z14729	yes	((?=\w)y?)(?:(?=[ab])\w)+?\1@	diff=0/7481	no_auto_possess	
Z14730	yes	((?=\W)y?)(?:(?=[ab])\w)+?\1@	diff=0/7481	no_auto_possess	
Z14731	no	((?=@)y?)(?:(?=[ab])\w)+?\1a	diff=0/7481	no_auto_possess	
Z14732	no	((?=[\d.])y?)(?:(?=[ab])\w)+?\1a	diff=0/7481	no_auto_possess	
Z14736	no	((?=\W)y?)(?:(?=[ab])\w)+?\1a	diff=0/7481	no_auto_possess	
Z14737	no	((?=@)y?)(?:(?=[ab])\w)*?\1	diff=0/7481	no_auto_possess	
Z14738	no	((?=[\d.])y?)(?:(?=[ab])\w)*?\1	diff=0/7481	no_auto_possess	
Z14742	no	((?=\W)y?)(?:(?=[ab])\w)*?\1	diff=0/7481	no_auto_possess	
Z14743	yes	((?=@)y?)(?:(?=[ab])\w)*?\1y	diff=0/7481	no_auto_possess	
Z14744	yes	((?=[\d.])y?)(?:(?=[ab])\w)*?\1y	diff=0/7481	no_auto_possess	
Z14745	yes	((?=[ab])y?)(?:(?=[ab])\w)*?\1y	diff=0/7481	no_auto_possess	
Z14746	yes	((?=[a-z])y?)(?:(?=[ab])\w)*?\1y	diff=0/7481	no_auto_possess	
Z14747	yes	((?=\w)y?)(?:(?=[ab])\w)*?\1y	diff=0/7481	no_auto_possess	
Z14748	yes	((?=\W)y?)(?:(?=[ab])\w)*?\1y	diff=0/7481	no_auto_possess	
Z14749	yes	((?=@)y?)(?:(?=[ab])\w)*?\1@	diff=0/7481	no_auto_possess	
Z14750	yes	((?=[\d.])y?)(?:(?=[ab])\w)*?\1@	diff=0/7481	no_auto_possess	
Z14751	yes	((?=[ab])y?)(?:(?=[ab])\w)*?\1@	diff=0/7481	no_auto_possess	
Z14752	yes	((?=[a-z])y?)(?:(?=[ab])\w)*?\1@	diff=0/7481	no_auto_possess	
Z14753	yes	((?=\w)y?)(?:(?=[ab])\w)*?\1@	diff=0/7481	no_auto_possess	
Z14754	yes	((?=\W)y?)(?:(?=[ab])\w)*?\1@	diff=0/7481	no_auto_possess	
Z14755	no	((?=@)y?)(?:(?=[ab])\w)*?\1a	diff=0/7481	no_auto_possess	
Z14756	no	((?=[\d.])y?)(?:(?=[ab])\w)*?\1a	diff=0/7481	no_auto_possess	
Z14760	no	((?=\W)y?)(?:(?=[ab])\w)*?\1a	diff=0/7481	no_auto_possess	
Z14761	no	((?=@)y?)(?:(?=[ab])\w){2,4}?\1	diff=0/7481	no_auto_possess	
Z14762	no	((?=[\d.])y?)(?:(?=[ab])\w){2,4}?\1	diff=0/7481	no_auto_possess	
Z14766	no	((?=\W)y?)(?:(?=[ab])\w){2,4}?\1	diff=0/7481	no_auto_possess	
Z14767	yes	((?=@)y?)(?:(?=[ab])\w){2,4}?\1y	diff=0/7481	no_auto_possess	
Z14768	yes	((?=[\d.])y?)(?:(?=[ab])\w){2,4}?\1y	diff=0/7481	no_auto_possess	
Z14769	yes	((?=[ab])y?)(?:(?=[ab])\w){2,4}?\1y	diff=0/7481	no_auto_possess	
Z14770	yes	((?=[a-z])y?)(?:(?=[ab])\w){2,4}?\1y	diff=0/7481	no_auto_possess	
Z14771	yes	((?=\w)y?)(?:(?=[ab])\w){2,4}?\1y	diff=0/7481	no_auto_possess	
Z14772	yes	((?=\W)y?)(?:(?=[ab])\w){2,4}?\1y	diff=0/7481	no_auto_possess	
Z14773	yes	((?=@)y?)(?:(?=[ab])\w){2,4}?\1@	diff=0/7481	no_auto_possess	
Z14774	yes	((?=[\d.])y?)(?:(?=[ab])\w){2,4}?\1@	diff=0/7481	no_auto_possess	
Z14775	yes	((?=[ab])y?)(?:(?=[ab])\w){2,4}?\1@	diff=0/7481	no_auto_possess	
Z14776	yes	((?=[a-z])y?)(?:(?=[ab])\w){2,4}?\1@	diff=0/7481	no_auto_possess	
Z14777	yes	((?=\w)y?)(?:(?=[ab])\w){2,4}?\1@	diff=0/7481	no_auto_possess	
Z14778	yes	((?=\W)y?)(?:(?=[ab])\w){2,4}?\1@	diff=0/7481	no_auto_possess	
Z14779	no	((?=@)y?)(?:(?=[ab])\w){2,4}?\1a	diff=0/7481	no_auto_possess	
Z14780	no	((?=[\d.])y?)(?:(?=[ab])\w){2,4}?\1a	diff=0/7481	no_auto_possess	
Z14784	no	((?=\W)y?)(?:(?=[ab])\w){2,4}?\1a	diff=0/7481	no_auto_possess	
Z14785	no	((?=@)y?)(?:\w(?!\d))+\1	diff=0/7481	no_auto_possess	
Z14790	no	((?=\W)y?)(?:\w(?!\d))+\1	diff=0/7481	no_auto_possess	
Z14791	no	((?=@)y?)(?:\w(?!\d))+\1y	diff=0/7481	no_auto_possess	
Z14796	no	((?=\W)y?)(?:\w(?!\d))+\1y	diff=0/7481	no_auto_possess	
Z14797	no	((?=@)y?)(?:\w(?!\d))+\1@	diff=0/7481	no_auto_possess	
Z14802	no	((?=\W)y?)(?:\w(?!\d))+\1@	diff=0/7481	no_auto_possess	
Z14803	no	((?=@)y?)(?:\w(?!\d))+\1a	diff=0/7481	no_auto_possess	
Z14808	no	((?=\W)y?)(?:\w(?!\d))+\1a	diff=0/7481	no_auto_possess	
Z14809	no	((?=@)y?)(?:\w(?!\d))*\1	diff=0/7481	no_auto_possess	
Z14814	no	((?=\W)y?)(?:\w(?!\d))*\1	diff=0/7481	no_auto_possess	
Z14815	no	((?=@)y?)(?:\w(?!\d))*\1y	diff=0/7481	no_auto_possess	
Z14820	no	((?=\W)y?)(?:\w(?!\d))*\1y	diff=0/7481	no_auto_possess	
Z14821	no	((?=@)y?)(?:\w(?!\d))*\1@	diff=0/7481	no_auto_possess	
Z14826	no	((?=\W)y?)(?:\w(?!\d))*\1@	diff=0/7481	no_auto_possess	
Z14827	no	((?=@)y?)(?:\w(?!\d))*\1a	diff=0/7481	no_auto_possess	
Z14832	no	((?=\W)y?)(?:\w(?!\d))*\1a	diff=0/7481	no_auto_possess	
Z14833	no	((?=@)y?)(?:\w(?!\d))?\1	diff=0/7481	no_auto_possess	
Z14838	no	((?=\W)y?)(?:\w(?!\d))?\1	diff=0/7481	no_auto_possess	
Z14839	no	((?=@)y?)(?:\w(?!\d))?\1y	diff=0/7481	no_auto_possess	
Z14844	no	((?=\W)y?)(?:\w(?!\d))?\1y	diff=0/7481	no_auto_possess	
Z14845	no	((?=@)y?)(?:\w(?!\d))?\1@	diff=0/7481	no_auto_possess	
Z14850	no	((?=\W)y?)(?:\w(?!\d))?\1@	diff=0/7481	no_auto_possess	
Z14851	no	((?=@)y?)(?:\w(?!\d))?\1a	diff=0/7481	no_auto_possess	
Z14856	no	((?=\W)y?)(?:\w(?!\d))?\1a	diff=0/7481	no_auto_possess	
Z14857	no	((?=@)y?)(?:\w(?!\d)){2,4}\1	diff=0/7481	no_auto_possess	
Z14862	no	((?=\W)y?)(?:\w(?!\d)){2,4}\1	diff=0/7481	no_auto_possess	
Z14863	no	((?=@)y?)(?:\w(?!\d)){2,4}\1y	diff=0/7481	no_auto_possess	
Z14868	no	((?=\W)y?)(?:\w(?!\d)){2,4}\1y	diff=0/7481	no_auto_possess	
Z14869	no	((?=@)y?)(?:\w(?!\d)){2,4}\1@	diff=0/7481	no_auto_possess	
Z14874	no	((?=\W)y?)(?:\w(?!\d)){2,4}\1@	diff=0/7481	no_auto_possess	
Z14875	no	((?=@)y?)(?:\w(?!\d)){2,4}\1a	diff=0/7481	no_auto_possess	
Z14880	no	((?=\W)y?)(?:\w(?!\d)){2,4}\1a	diff=0/7481	no_auto_possess	
Z14881	yes	((?=@)y?)(?:\w(?!\d)){3}\1	diff=0/7481	no_auto_possess	
Z14882	yes	((?=[\d.])y?)(?:\w(?!\d)){3}\1	diff=0/7481	no_auto_possess	
Z14883	yes	((?=[ab])y?)(?:\w(?!\d)){3}\1	diff=0/7481	no_auto_possess	
Z14884	yes	((?=[a-z])y?)(?:\w(?!\d)){3}\1	diff=0/7481	no_auto_possess	
Z14885	yes	((?=\w)y?)(?:\w(?!\d)){3}\1	diff=0/7481	no_auto_possess	
Z14886	yes	((?=\W)y?)(?:\w(?!\d)){3}\1	diff=0/7481	no_auto_possess	
Z14887	yes	((?=@)y?)(?:\w(?!\d)){3}\1y	diff=0/7481	no_auto_possess	
Z14888	yes	((?=[\d.])y?)(?:\w(?!\d)){3}\1y	diff=0/7481	no_auto_possess	
Z14889	yes	((?=[ab])y?)(?:\w(?!\d)){3}\1y	diff=0/7481	no_auto_possess	
Z14890	yes	((?=[a-z])y?)(?:\w(?!\d)){3}\1y	diff=0/7481	no_auto_possess	
Z14891	yes	((?=\w)y?)(?:\w(?!\d)){3}\1y	diff=0/7481	no_auto_possess	
Z14892	yes	((?=\W)y?)(?:\w(?!\d)){3}\1y	diff=0/7481	no_auto_possess	
Z14893	yes	((?=@)y?)(?:\w(?!\d)){3}\1@	diff=0/7481	no_auto_possess	
Z14894	yes	((?=[\d.])y?)(?:\w(?!\d)){3}\1@	diff=0/7481	no_auto_possess	
Z14895	yes	((?=[ab])y?)(?:\w(?!\d)){3}\1@	diff=0/7481	no_auto_possess	
Z14896	yes	((?=[a-z])y?)(?:\w(?!\d)){3}\1@	diff=0/7481	no_auto_possess	
Z14897	yes	((?=\w)y?)(?:\w(?!\d)){3}\1@	diff=0/7481	no_auto_possess	
Z14898	yes	((?=\W)y?)(?:\w(?!\d)){3}\1@	diff=0/7481	no_auto_possess	
Z14899	yes	((?=@)y?)(?:\w(?!\d)){3}\1a	diff=0/7481	no_auto_possess	
Z14900	yes	((?=[\d.])y?)(?:\w(?!\d)){3}\1a	diff=0/7481	no_auto_possess	
Z14901	yes	((?=[ab])y?)(?:\w(?!\d)){3}\1a	diff=0/7481	no_auto_possess	
Z14902	yes	((?=[a-z])y?)(?:\w(?!\d)){3}\1a	diff=0/7481	no_auto_possess	
Z14903	yes	((?=\w)y?)(?:\w(?!\d)){3}\1a	diff=0/7481	no_auto_possess	
Z14904	yes	((?=\W)y?)(?:\w(?!\d)){3}\1a	diff=0/7481	no_auto_possess	
Z14905	no	((?=@)y?)(?:\w(?!\d))+?\1	diff=0/7481	no_auto_possess	
Z14910	no	((?=\W)y?)(?:\w(?!\d))+?\1	diff=0/7481	no_auto_possess	
Z14911	no	((?=@)y?)(?:\w(?!\d))+?\1y	diff=0/7481	no_auto_possess	
Z14916	no	((?=\W)y?)(?:\w(?!\d))+?\1y	diff=0/7481	no_auto_possess	
Z14917	no	((?=@)y?)(?:\w(?!\d))+?\1@	diff=0/7481	no_auto_possess	
Z14922	no	((?=\W)y?)(?:\w(?!\d))+?\1@	diff=0/7481	no_auto_possess	
Z14923	no	((?=@)y?)(?:\w(?!\d))+?\1a	diff=0/7481	no_auto_possess	
Z14928	no	((?=\W)y?)(?:\w(?!\d))+?\1a	diff=0/7481	no_auto_possess	
Z14929	no	((?=@)y?)(?:\w(?!\d))*?\1	diff=0/7481	no_auto_possess	
Z14934	no	((?=\W)y?)(?:\w(?!\d))*?\1	diff=0/7481	no_auto_possess	
Z14935	no	((?=@)y?)(?:\w(?!\d))*?\1y	diff=0/7481	no_auto_possess	
Z14940	no	((?=\W)y?)(?:\w(?!\d))*?\1y	diff=0/7481	no_auto_possess	
Z14941	no	((?=@)y?)(?:\w(?!\d))*?\1@	diff=0/7481	no_auto_possess	
Z14946	no	((?=\W)y?)(?:\w(?!\d))*?\1@	diff=0/7481	no_auto_possess	
Z14947	no	((?=@)y?)(?:\w(?!\d))*?\1a	diff=0/7481	no_auto_possess	
Z14952	no	((?=\W)y?)(?:\w(?!\d))*?\1a	diff=0/7481	no_auto_possess	
Z14953	no	((?=@)y?)(?:\w(?!\d)){2,4}?\1	diff=0/7481	no_auto_possess	
Z14958	no	((?=\W)y?)(?:\w(?!\d)){2,4}?\1	diff=0/7481	no_auto_possess	
Z14959	no	((?=@)y?)(?:\w(?!\d)){2,4}?\1y	diff=0/7481	no_auto_possess	
Z14964	no	((?=\W)y?)(?:\w(?!\d)){2,4}?\1y	diff=0/7481	no_auto_possess	
Z14965	no	((?=@)y?)(?:\w(?!\d)){2,4}?\1@	diff=0/7481	no_auto_possess	
Z14970	no	((?=\W)y?)(?:\w(?!\d)){2,4}?\1@	diff=0/7481	no_auto_possess	
Z14971	no	((?=@)y?)(?:\w(?!\d)){2,4}?\1a	diff=0/7481	no_auto_possess	
Z14976	no	((?=\W)y?)(?:\w(?!\d)){2,4}?\1a	diff=0/7481	no_auto_possess	
Z14977	yes	(?:((?=@))a)?[a-z]+\1	diff=0/7481	no_auto_possess	
Z14978	yes	(?:((?=[\d.]))a)?[a-z]+\1	diff=0/7481	no_auto_possess	
Z14979	yes	(?:((?=[ab]))a)?[a-z]+\1	diff=0/7481	no_auto_possess	
Z14980	yes	(?:((?=[a-z]))a)?[a-z]+\1	diff=0/7481	no_auto_possess	
Z14981	yes	(?:((?=\w))a)?[a-z]+\1	diff=0/7481	no_auto_possess	
Z14982	yes	(?:((?=\W))a)?[a-z]+\1	diff=0/7481	no_auto_possess	
Z14983	no	(?:((?=@))a)?[a-z]+\1y	diff=0/7481	no_auto_possess	
Z14984	no	(?:((?=[\d.]))a)?[a-z]+\1y	diff=0/7481	no_auto_possess	
Z14988	no	(?:((?=\W))a)?[a-z]+\1y	diff=0/7481	no_auto_possess	
Z14989	yes	(?:((?=@))a)?[a-z]+\1@	diff=0/7481	no_auto_possess	
Z14990	yes	(?:((?=[\d.]))a)?[a-z]+\1@	diff=0/7481	no_auto_possess	
Z14991	yes	(?:((?=[ab]))a)?[a-z]+\1@	diff=0/7481	no_auto_possess	
Z14992	yes	(?:((?=[a-z]))a)?[a-z]+\1@	diff=0/7481	no_auto_possess	
Z14993	yes	(?:((?=\w))a)?[a-z]+\1@	diff=0/7481	no_auto_possess	
Z14994	yes	(?:((?=\W))a)?[a-z]+\1@	diff=0/7481	no_auto_possess	
Z14995	no	(?:((?=@))a)?[a-z]+\1a	diff=0/7481	no_auto_possess	
Z14996	no	(?:((?=[\d.]))a)?[a-z]+\1a	diff=0/7481	no_auto_possess	
Z15000	no	(?:((?=\W))a)?[a-z]+\1a	diff=0/7481	no_auto_possess	
Z15001	yes	(?:((?=@))a)?[a-z]*\1	diff=0/7481	no_auto_possess	
Z15002	yes	(?:((?=[\d.]))a)?[a-z]*\1	diff=0/7481	no_auto_possess	
Z15003	yes	(?:((?=[ab]))a)?[a-z]*\1	diff=0/7481	no_auto_possess	
Z15004	yes	(?:((?=[a-z]))a)?[a-z]*\1	diff=0/7481	no_auto_possess	
Z15005	yes	(?:((?=\w))a)?[a-z]*\1	diff=0/7481	no_auto_possess	
Z15006	yes	(?:((?=\W))a)?[a-z]*\1	diff=0/7481	no_auto_possess	
Z15007	no	(?:((?=@))a)?[a-z]*\1y	diff=0/7481	no_auto_possess	
Z15008	no	(?:((?=[\d.]))a)?[a-z]*\1y	diff=0/7481	no_auto_possess	
Z15012	no	(?:((?=\W))a)?[a-z]*\1y	diff=0/7481	no_auto_possess	
Z15013	yes	(?:((?=@))a)?[a-z]*\1@	diff=0/7481	no_auto_possess	
Z15014	yes	(?:((?=[\d.]))a)?[a-z]*\1@	diff=0/7481	no_auto_possess	
Z15015	yes	(?:((?=[ab]))a)?[a-z]*\1@	diff=0/7481	no_auto_possess	
Z15016	yes	(?:((?=[a-z]))a)?[a-z]*\1@	diff=0/7481	no_auto_possess	
Z15017	yes	(?:((?=\w))a)?[a-z]*\1@	diff=0/7481	no_auto_possess	
Z15018	yes	(?:((?=\W))a)?[a-z]*\1@	diff=0/7481	no_auto_possess	
Z15019	no	(?:((?=@))a)?[a-z]*\1a	diff=0/7481	no_auto_possess	
Z15020	no	(?:((?=[\d.]))a)?[a-z]*\1a	diff=0/7481	no_auto_possess	
Z15024	no	(?:((?=\W))a)?[a-z]*\1a	diff=0/7481	no_auto_possess	
Z15025	yes	(?:((?=@))a)?[a-z]?\1	diff=0/7481	no_auto_possess	
Z15026	yes	(?:((?=[\d.]))a)?[a-z]?\1	diff=0/7481	no_auto_possess	
Z15027	yes	(?:((?=[ab]))a)?[a-z]?\1	diff=0/7481	no_auto_possess	
Z15028	yes	(?:((?=[a-z]))a)?[a-z]?\1	diff=0/7481	no_auto_possess	
Z15029	yes	(?:((?=\w))a)?[a-z]?\1	diff=0/7481	no_auto_possess	
Z15030	yes	(?:((?=\W))a)?[a-z]?\1	diff=0/7481	no_auto_possess	
Z15031	no	(?:((?=@))a)?[a-z]?\1y	diff=0/7481	no_auto_possess	
Z15032	no	(?:((?=[\d.]))a)?[a-z]?\1y	diff=0/7481	no_auto_possess	
Z15036	no	(?:((?=\W))a)?[a-z]?\1y	diff=0/7481	no_auto_possess	
Z15037	yes	(?:((?=@))a)?[a-z]?\1@	diff=0/7481	no_auto_possess	
Z15038	yes	(?:((?=[\d.]))a)?[a-z]?\1@	diff=0/7481	no_auto_possess	
Z15039	yes	(?:((?=[ab]))a)?[a-z]?\1@	diff=0/7481	no_auto_possess	
Z15040	yes	(?:((?=[a-z]))a)?[a-z]?\1@	diff=0/7481	no_auto_possess	
Z15041	yes	(?:((?=\w))a)?[a-z]?\1@	diff=0/7481	no_auto_possess	
Z15042	yes	(?:((?=\W))a)?[a-z]?\1@	diff=0/7481	no_auto_possess	
Z15043	no	(?:((?=@))a)?[a-z]?\1a	diff=0/7481	no_auto_possess	
Z15044	no	(?:((?=[\d.]))a)?[a-z]?\1a	diff=0/7481	no_auto_possess	
Z15048	no	(?:((?=\W))a)?[a-z]?\1a	diff=0/7481	no_auto_possess	
Z15049	yes	(?:((?=@))a)?[a-z]{2,4}\1	diff=0/7481	no_auto_possess	
Z15050	yes	(?:((?=[\d.]))a)?[a-z]{2,4}\1	diff=0/7481	no_auto_possess	
Z15051	yes	(?:((?=[ab]))a)?[a-z]{2,4}\1	diff=0/7481	no_auto_possess	
Z15052	yes	(?:((?=[a-z]))a)?[a-z]{2,4}\1	diff=0/7481	no_auto_possess	
Z15053	yes	(?:((?=\w))a)?[a-z]{2,4}\1	diff=0/7481	no_auto_possess	
Z15054	yes	(?:((?=\W))a)?[a-z]{2,4}\1	diff=0/7481	no_auto_possess	
Z15055	no	(?:((?=@))a)?[a-z]{2,4}\1y	diff=0/7481	no_auto_possess	
Z15056	no	(?:((?=[\d.]))a)?[a-z]{2,4}\1y	diff=0/7481	no_auto_possess	
Z15060	no	(?:((?=\W))a)?[a-z]{2,4}\1y	diff=0/7481	no_auto_possess	
Z15061	yes	(?:((?=@))a)?[a-z]{2,4}\1@	diff=0/7481	no_auto_possess	
Z15062	yes	(?:((?=[\d.]))a)?[a-z]{2,4}\1@	diff=0/7481	no_auto_possess	
Z15063	yes	(?:((?=[ab]))a)?[a-z]{2,4}\1@	diff=0/7481	no_auto_possess	
Z15064	yes	(?:((?=[a-z]))a)?[a-z]{2,4}\1@	diff=0/7481	no_auto_possess	
Z15065	yes	(?:((?=\w))a)?[a-z]{2,4}\1@	diff=0/7481	no_auto_possess	
Z15066	yes	(?:((?=\W))a)?[a-z]{2,4}\1@	diff=0/7481	no_auto_possess	
Z15067	no	(?:((?=@))a)?[a-z]{2,4}\1a	diff=0/7481	no_auto_possess	
Z15068	no	(?:((?=[\d.]))a)?[a-z]{2,4}\1a	diff=0/7481	no_auto_possess	
Z15072	no	(?:((?=\W))a)?[a-z]{2,4}\1a	diff=0/7481	no_auto_possess	
Z15073	yes	(?:((?=@))a)?[a-z]{3}\1	diff=0/7481	no_auto_possess	
Z15074	yes	(?:((?=[\d.]))a)?[a-z]{3}\1	diff=0/7481	no_auto_possess	
Z15075	yes	(?:((?=[ab]))a)?[a-z]{3}\1	diff=0/7481	no_auto_possess	
Z15076	yes	(?:((?=[a-z]))a)?[a-z]{3}\1	diff=0/7481	no_auto_possess	
Z15077	yes	(?:((?=\w))a)?[a-z]{3}\1	diff=0/7481	no_auto_possess	
Z15078	yes	(?:((?=\W))a)?[a-z]{3}\1	diff=0/7481	no_auto_possess	
Z15079	yes	(?:((?=@))a)?[a-z]{3}\1y	diff=0/7481	no_auto_possess	
Z15080	yes	(?:((?=[\d.]))a)?[a-z]{3}\1y	diff=0/7481	no_auto_possess	
Z15081	yes	(?:((?=[ab]))a)?[a-z]{3}\1y	diff=0/7481	no_auto_possess	
Z15082	yes	(?:((?=[a-z]))a)?[a-z]{3}\1y	diff=0/7481	no_auto_possess	
Z15083	yes	(?:((?=\w))a)?[a-z]{3}\1y	diff=0/7481	no_auto_possess	
Z15084	yes	(?:((?=\W))a)?[a-z]{3}\1y	diff=0/7481	no_auto_possess	
Z15085	yes	(?:((?=@))a)?[a-z]{3}\1@	diff=0/7481	no_auto_possess	
Z15086	yes	(?:((?=[\d.]))a)?[a-z]{3}\1@	diff=0/7481	no_auto_possess	
Z15087	yes	(?:((?=[ab]))a)?[a-z]{3}\1@	diff=0/7481	no_auto_possess	
Z15088	yes	(?:((?=[a-z]))a)?[a-z]{3}\1@	diff=0/7481	no_auto_possess	
Z15089	yes	(?:((?=\w))a)?[a-z]{3}\1@	diff=0/7481	no_auto_possess	
Z15090	yes	(?:((?=\W))a)?[a-z]{3}\1@	diff=0/7481	no_auto_possess	
Z15091	yes	(?:((?=@))a)?[a-z]{3}\1a	diff=0/7481	no_auto_possess	
Z15092	yes	(?:((?=[\d.]))a)?[a-z]{3}\1a	diff=0/7481	no_auto_possess	
Z15093	yes	(?:((?=[ab]))a)?[a-z]{3}\1a	diff=0/7481	no_auto_possess	
Z15094	yes	(?:((?=[a-z]))a)?[a-z]{3}\1a	diff=0/7481	no_auto_possess	
Z15095	yes	(?:((?=\w))a)?[a-z]{3}\1a	diff=0/7481	no_auto_possess	
Z15096	yes	(?:((?=\W))a)?[a-z]{3}\1a	diff=0/7481	no_auto_possess	
Z15097	no	(?:((?=@))a)?[a-z]+?\1	diff=0/7481	no_auto_possess	
Z15098	no	(?:((?=[\d.]))a)?[a-z]+?\1	diff=0/7481	no_auto_possess	
Z15102	no	(?:((?=\W))a)?[a-z]+?\1	diff=0/7481	no_auto_possess	
Z15103	no	(?:((?=@))a)?[a-z]+?\1y	diff=0/7481	no_auto_possess	
Z15104	no	(?:((?=[\d.]))a)?[a-z]+?\1y	diff=0/7481	no_auto_possess	
Z15108	no	(?:((?=\W))a)?[a-z]+?\1y	diff=0/7481	no_auto_possess	
Z15109	yes	(?:((?=@))a)?[a-z]+?\1@	diff=0/7481	no_auto_possess	
Z15110	yes	(?:((?=[\d.]))a)?[a-z]+?\1@	diff=0/7481	no_auto_possess	
Z15111	yes	(?:((?=[ab]))a)?[a-z]+?\1@	diff=0/7481	no_auto_possess	
Z15112	yes	(?:((?=[a-z]))a)?[a-z]+?\1@	diff=0/7481	no_auto_possess	
Z15113	yes	(?:((?=\w))a)?[a-z]+?\1@	diff=0/7481	no_auto_possess	
Z15114	yes	(?:((?=\W))a)?[a-z]+?\1@	diff=0/7481	no_auto_possess	
Z15115	no	(?:((?=@))a)?[a-z]+?\1a	diff=0/7481	no_auto_possess	
Z15116	no	(?:((?=[\d.]))a)?[a-z]+?\1a	diff=0/7481	no_auto_possess	
Z15120	no	(?:((?=\W))a)?[a-z]+?\1a	diff=0/7481	no_auto_possess	
Z15121	no	(?:((?=@))a)?[a-z]*?\1	diff=0/7481	no_auto_possess	
Z15122	no	(?:((?=[\d.]))a)?[a-z]*?\1	diff=0/7481	no_auto_possess	
Z15126	no	(?:((?=\W))a)?[a-z]*?\1	diff=0/7481	no_auto_possess	
Z15127	no	(?:((?=@))a)?[a-z]*?\1y	diff=0/7481	no_auto_possess	
Z15128	no	(?:((?=[\d.]))a)?[a-z]*?\1y	diff=0/7481	no_auto_possess	
Z15132	no	(?:((?=\W))a)?[a-z]*?\1y	diff=0/7481	no_auto_possess	
Z15133	yes	(?:((?=@))a)?[a-z]*?\1@	diff=0/7481	no_auto_possess	
Z15134	yes	(?:((?=[\d.]))a)?[a-z]*?\1@	diff=0/7481	no_auto_possess	
Z15135	yes	(?:((?=[ab]))a)?[a-z]*?\1@	diff=0/7481	no_auto_possess	
Z15136	yes	(?:((?=[a-z]))a)?[a-z]*?\1@	diff=0/7481	no_auto_possess	
Z15137	yes	(?:((?=\w))a)?[a-z]*?\1@	diff=0/7481	no_auto_possess	
Z15138	yes	(?:((?=\W))a)?[a-z]*?\1@	diff=0/7481	no_auto_possess	
Z15139	no	(?:((?=@))a)?[a-z]*?\1a	diff=0/7481	no_auto_possess	
Z15140	no	(?:((?=[\d.]))a)?[a-z]*?\1a	diff=0/7481	no_auto_possess	
Z15144	no	(?:((?=\W))a)?[a-z]*?\1a	diff=0/7481	no_auto_possess	
Z15145	no	(?:((?=@))a)?[a-z]{2,4}?\1	diff=0/7481	no_auto_possess	
Z15146	no	(?:((?=[\d.]))a)?[a-z]{2,4}?\1	diff=0/7481	no_auto_possess	
Z15150	no	(?:((?=\W))a)?[a-z]{2,4}?\1	diff=0/7481	no_auto_possess	
Z15151	no	(?:((?=@))a)?[a-z]{2,4}?\1y	diff=0/7481	no_auto_possess	
Z15152	no	(?:((?=[\d.]))a)?[a-z]{2,4}?\1y	diff=0/7481	no_auto_possess	
Z15156	no	(?:((?=\W))a)?[a-z]{2,4}?\1y	diff=0/7481	no_auto_possess	
Z15157	yes	(?:((?=@))a)?[a-z]{2,4}?\1@	diff=0/7481	no_auto_possess	
Z15158	yes	(?:((?=[\d.]))a)?[a-z]{2,4}?\1@	diff=0/7481	no_auto_possess	
Z15159	yes	(?:((?=[ab]))a)?[a-z]{2,4}?\1@	diff=0/7481	no_auto_possess	
Z15160	yes	(?:((?=[a-z]))a)?[a-z]{2,4}?\1@	diff=0/7481	no_auto_possess	
Z15161	yes	(?:((?=\w))a)?[a-z]{2,4}?\1@	diff=0/7481	no_auto_possess	
Z15162	yes	(?:((?=\W))a)?[a-z]{2,4}?\1@	diff=0/7481	no_auto_possess	
Z15163	no	(?:((?=@))a)?[a-z]{2,4}?\1a	diff=0/7481	no_auto_possess	
Z15164	no	(?:((?=[\d.]))a)?[a-z]{2,4}?\1a	diff=0/7481	no_auto_possess	
Z15168	no	(?:((?=\W))a)?[a-z]{2,4}?\1a	diff=0/7481	no_auto_possess	
Z15169	yes	(?:((?=@))a)?\d+\1	diff=0/7481	no_auto_possess	
Z15170	yes	(?:((?=[\d.]))a)?\d+\1	diff=0/7481	no_auto_possess	
Z15171	yes	(?:((?=[ab]))a)?\d+\1	diff=0/7481	no_auto_possess	
Z15172	yes	(?:((?=[a-z]))a)?\d+\1	diff=0/7481	no_auto_possess	
Z15173	yes	(?:((?=\w))a)?\d+\1	diff=0/7481	no_auto_possess	
Z15174	yes	(?:((?=\W))a)?\d+\1	diff=0/7481	no_auto_possess	
Z15175	yes	(?:((?=@))a)?\d+\1y	diff=0/7481	no_auto_possess	
Z15176	yes	(?:((?=[\d.]))a)?\d+\1y	diff=0/7481	no_auto_possess	
Z15177	yes	(?:((?=[ab]))a)?\d+\1y	diff=0/7481	no_auto_possess	
Z15178	yes	(?:((?=[a-z]))a)?\d+\1y	diff=0/7481	no_auto_possess	
Z15179	yes	(?:((?=\w))a)?\d+\1y	diff=0/7481	no_auto_possess	
Z15180	yes	(?:((?=\W))a)?\d+\1y	diff=0/7481	no_auto_possess	
Z15181	yes	(?:((?=@))a)?\d+\1@	diff=0/7481	no_auto_possess	
Z15182	yes	(?:((?=[\d.]))a)?\d+\1@	diff=0/7481	no_auto_possess	
Z15183	yes	(?:((?=[ab]))a)?\d+\1@	diff=0/7481	no_auto_possess	
Z15184	yes	(?:((?=[a-z]))a)?\d+\1@	diff=0/7481	no_auto_possess	
Z15185	yes	(?:((?=\w))a)?\d+\1@	diff=0/7481	no_auto_possess	
Z15186	yes	(?:((?=\W))a)?\d+\1@	diff=0/7481	no_auto_possess	
Z15187	yes	(?:((?=@))a)?\d+\1a	diff=0/7481	no_auto_possess	
Z15188	yes	(?:((?=[\d.]))a)?\d+\1a	diff=0/7481	no_auto_possess	
Z15189	yes	(?:((?=[ab]))a)?\d+\1a	diff=0/7481	no_auto_possess	
Z15190	yes	(?:((?=[a-z]))a)?\d+\1a	diff=0/7481	no_auto_possess	
Z15191	yes	(?:((?=\w))a)?\d+\1a	diff=0/7481	no_auto_possess	
Z15192	yes	(?:((?=\W))a)?\d+\1a	diff=0/7481	no_auto_possess	
Z15193	yes	(?:((?=@))a)?\d*\1	diff=0/7481	no_auto_possess	
Z15194	yes	(?:((?=[\d.]))a)?\d*\1	diff=0/7481	no_auto_possess	
Z15195	yes	(?:((?=[ab]))a)?\d*\1	diff=0/7481	no_auto_possess	
Z15196	yes	(?:((?=[a-z]))a)?\d*\1	diff=0/7481	no_auto_possess	
Z15197	yes	(?:((?=\w))a)?\d*\1	diff=0/7481	no_auto_possess	
Z15198	yes	(?:((?=\W))a)?\d*\1	diff=0/7481	no_auto_possess	
Z15199	yes	(?:((?=@))a)?\d*\1y	diff=0/7481	no_auto_possess	
Z15200	yes	(?:((?=[\d.]))a)?\d*\1y	diff=0/7481	no_auto_possess	
Z15201	yes	(?:((?=[ab]))a)?\d*\1y	diff=0/7481	no_auto_possess	
Z15202	yes	(?:((?=[a-z]))a)?\d*\1y	diff=0/7481	no_auto_possess	
Z15203	yes	(?:((?=\w))a)?\d*\1y	diff=0/7481	no_auto_possess	
Z15204	yes	(?:((?=\W))a)?\d*\1y	diff=0/7481	no_auto_possess	
Z15205	yes	(?:((?=@))a)?\d*\1@	diff=0/7481	no_auto_possess	
Z15206	yes	(?:((?=[\d.]))a)?\d*\1@	diff=0/7481	no_auto_possess	
Z15207	yes	(?:((?=[ab]))a)?\d*\1@	diff=0/7481	no_auto_possess	
Z15208	yes	(?:((?=[a-z]))a)?\d*\1@	diff=0/7481	no_auto_possess	
Z15209	yes	(?:((?=\w))a)?\d*\1@	diff=0/7481	no_auto_possess	
Z15210	yes	(?:((?=\W))a)?\d*\1@	diff=0/7481	no_auto_possess	
Z15211	yes	(?:((?=@))a)?\d*\1a	diff=0/7481	no_auto_possess	
Z15212	yes	(?:((?=[\d.]))a)?\d*\1a	diff=0/7481	no_auto_possess	
Z15213	yes	(?:((?=[ab]))a)?\d*\1a	diff=0/7481	no_auto_possess	
Z15214	yes	(?:((?=[a-z]))a)?\d*\1a	diff=0/7481	no_auto_possess	
Z15215	yes	(?:((?=\w))a)?\d*\1a	diff=0/7481	no_auto_possess	
Z15216	yes	(?:((?=\W))a)?\d*\1a	diff=0/7481	no_auto_possess	
Z15217	yes	(?:((?=@))a)?\d?\1	diff=0/7481	no_auto_possess	
Z15218	yes	(?:((?=[\d.]))a)?\d?\1	diff=0/7481	no_auto_possess	
Z15219	yes	(?:((?=[ab]))a)?\d?\1	diff=0/7481	no_auto_possess	
Z15220	yes	(?:((?=[a-z]))a)?\d?\1	diff=0/7481	no_auto_possess	
Z15221	yes	(?:((?=\w))a)?\d?\1	diff=0/7481	no_auto_possess	
Z15222	yes	(?:((?=\W))a)?\d?\1	diff=0/7481	no_auto_possess	
Z15223	yes	(?:((?=@))a)?\d?\1y	diff=0/7481	no_auto_possess	
Z15224	yes	(?:((?=[\d.]))a)?\d?\1y	diff=0/7481	no_auto_possess	
Z15225	yes	(?:((?=[ab]))a)?\d?\1y	diff=0/7481	no_auto_possess	
Z15226	yes	(?:((?=[a-z]))a)?\d?\1y	diff=0/7481	no_auto_possess	
Z15227	yes	(?:((?=\w))a)?\d?\1y	diff=0/7481	no_auto_possess	
Z15228	yes	(?:((?=\W))a)?\d?\1y	diff=0/7481	no_auto_possess	
Z15229	yes	(?:((?=@))a)?\d?\1@	diff=0/7481	no_auto_possess	
Z15230	yes	(?:((?=[\d.]))a)?\d?\1@	diff=0/7481	no_auto_possess	
Z15231	yes	(?:((?=[ab]))a)?\d?\1@	diff=0/7481	no_auto_possess	
Z15232	yes	(?:((?=[a-z]))a)?\d?\1@	diff=0/7481	no_auto_possess	
Z15233	yes	(?:((?=\w))a)?\d?\1@	diff=0/7481	no_auto_possess	
Z15234	yes	(?:((?=\W))a)?\d?\1@	diff=0/7481	no_auto_possess	
Z15235	yes	(?:((?=@))a)?\d?\1a	diff=0/7481	no_auto_possess	
Z15236	yes	(?:((?=[\d.]))a)?\d?\1a	diff=0/7481	no_auto_possess	
Z15237	yes	(?:((?=[ab]))a)?\d?\1a	diff=0/7481	no_auto_possess	
Z15238	yes	(?:((?=[a-z]))a)?\d?\1a	diff=0/7481	no_auto_possess	
Z15239	yes	(?:((?=\w))a)?\d?\1a	diff=0/7481	no_auto_possess	
Z15240	yes	(?:((?=\W))a)?\d?\1a	diff=0/7481	no_auto_possess	
Z15241	yes	(?:((?=@))a)?\d{2,4}\1	diff=0/7481	no_auto_possess	
Z15242	yes	(?:((?=[\d.]))a)?\d{2,4}\1	diff=0/7481	no_auto_possess	
Z15243	yes	(?:((?=[ab]))a)?\d{2,4}\1	diff=0/7481	no_auto_possess	
Z15244	yes	(?:((?=[a-z]))a)?\d{2,4}\1	diff=0/7481	no_auto_possess	
Z15245	yes	(?:((?=\w))a)?\d{2,4}\1	diff=0/7481	no_auto_possess	
Z15246	yes	(?:((?=\W))a)?\d{2,4}\1	diff=0/7481	no_auto_possess	
Z15247	yes	(?:((?=@))a)?\d{2,4}\1y	diff=0/7481	no_auto_possess	
Z15248	yes	(?:((?=[\d.]))a)?\d{2,4}\1y	diff=0/7481	no_auto_possess	
Z15249	yes	(?:((?=[ab]))a)?\d{2,4}\1y	diff=0/7481	no_auto_possess	
Z15250	yes	(?:((?=[a-z]))a)?\d{2,4}\1y	diff=0/7481	no_auto_possess	
Z15251	yes	(?:((?=\w))a)?\d{2,4}\1y	diff=0/7481	no_auto_possess	
Z15252	yes	(?:((?=\W))a)?\d{2,4}\1y	diff=0/7481	no_auto_possess	
Z15253	yes	(?:((?=@))a)?\d{2,4}\1@	diff=0/7481	no_auto_possess	
Z15254	yes	(?:((?=[\d.]))a)?\d{2,4}\1@	diff=0/7481	no_auto_possess	
Z15255	yes	(?:((?=[ab]))a)?\d{2,4}\1@	diff=0/7481	no_auto_possess	
Z15256	yes	(?:((?=[a-z]))a)?\d{2,4}\1@	diff=0/7481	no_auto_possess	
Z15257	yes	(?:((?=\w))a)?\d{2,4}\1@	diff=0/7481	no_auto_possess	
Z15258	yes	(?:((?=\W))a)?\d{2,4}\1@	diff=0/7481	no_auto_possess	
Z15259	yes	(?:((?=@))a)?\d{2,4}\1a	diff=0/7481	no_auto_possess	
Z15260	yes	(?:((?=[\d.]))a)?\d{2,4}\1a	diff=0/7481	no_auto_possess	
Z15261	yes	(?:((?=[ab]))a)?\d{2,4}\1a	diff=0/7481	no_auto_possess	
Z15262	yes	(?:((?=[a-z]))a)?\d{2,4}\1a	diff=0/7481	no_auto_possess	
Z15263	yes	(?:((?=\w))a)?\d{2,4}\1a	diff=0/7481	no_auto_possess	
Z15264	yes	(?:((?=\W))a)?\d{2,4}\1a	diff=0/7481	no_auto_possess	
Z15265	yes	(?:((?=@))a)?\d{3}\1	diff=0/7481	no_auto_possess	
Z15266	yes	(?:((?=[\d.]))a)?\d{3}\1	diff=0/7481	no_auto_possess	
Z15267	yes	(?:((?=[ab]))a)?\d{3}\1	diff=0/7481	no_auto_possess	
Z15268	yes	(?:((?=[a-z]))a)?\d{3}\1	diff=0/7481	no_auto_possess	
Z15269	yes	(?:((?=\w))a)?\d{3}\1	diff=0/7481	no_auto_possess	
Z15270	yes	(?:((?=\W))a)?\d{3}\1	diff=0/7481	no_auto_possess	
Z15271	yes	(?:((?=@))a)?\d{3}\1y	diff=0/7481	no_auto_possess	
Z15272	yes	(?:((?=[\d.]))a)?\d{3}\1y	diff=0/7481	no_auto_possess	
Z15273	yes	(?:((?=[ab]))a)?\d{3}\1y	diff=0/7481	no_auto_possess	
Z15274	yes	(?:((?=[a-z]))a)?\d{3}\1y	diff=0/7481	no_auto_possess	
Z15275	yes	(?:((?=\w))a)?\d{3}\1y	diff=0/7481	no_auto_possess	
Z15276	yes	(?:((?=\W))a)?\d{3}\1y	diff=0/7481	no_auto_possess	
Z15277	yes	(?:((?=@))a)?\d{3}\1@	diff=0/7481	no_auto_possess	
Z15278	yes	(?:((?=[\d.]))a)?\d{3}\1@	diff=0/7481	no_auto_possess	
Z15279	yes	(?:((?=[ab]))a)?\d{3}\1@	diff=0/7481	no_auto_possess	
Z15280	yes	(?:((?=[a-z]))a)?\d{3}\1@	diff=0/7481	no_auto_possess	
Z15281	yes	(?:((?=\w))a)?\d{3}\1@	diff=0/7481	no_auto_possess	
Z15282	yes	(?:((?=\W))a)?\d{3}\1@	diff=0/7481	no_auto_possess	
Z15283	yes	(?:((?=@))a)?\d{3}\1a	diff=0/7481	no_auto_possess	
Z15284	yes	(?:((?=[\d.]))a)?\d{3}\1a	diff=0/7481	no_auto_possess	
Z15285	yes	(?:((?=[ab]))a)?\d{3}\1a	diff=0/7481	no_auto_possess	
Z15286	yes	(?:((?=[a-z]))a)?\d{3}\1a	diff=0/7481	no_auto_possess	
Z15287	yes	(?:((?=\w))a)?\d{3}\1a	diff=0/7481	no_auto_possess	
Z15288	yes	(?:((?=\W))a)?\d{3}\1a	diff=0/7481	no_auto_possess	
Z15289	no	(?:((?=@))a)?\d+?\1	diff=0/7481	no_auto_possess	
Z15291	no	(?:((?=[ab]))a)?\d+?\1	diff=20/7481	no_auto_possess	'a11' g=['0: a1', '0+ 1', '1:'] p=['0: a11', '0+', '1:']
Z15292	no	(?:((?=[a-z]))a)?\d+?\1	diff=19/7481	no_auto_possess	'a11' g=['0: a1', '0+ 1', '1:'] p=['0: a11', '0+', '1:']
Z15294	no	(?:((?=\W))a)?\d+?\1	diff=0/7481	no_auto_possess	
Z15295	yes	(?:((?=@))a)?\d+?\1y	diff=0/7481	no_auto_possess	
Z15296	yes	(?:((?=[\d.]))a)?\d+?\1y	diff=0/7481	no_auto_possess	
Z15297	yes	(?:((?=[ab]))a)?\d+?\1y	diff=0/7481	no_auto_possess	
Z15298	yes	(?:((?=[a-z]))a)?\d+?\1y	diff=0/7481	no_auto_possess	
Z15299	yes	(?:((?=\w))a)?\d+?\1y	diff=0/7481	no_auto_possess	
Z15300	yes	(?:((?=\W))a)?\d+?\1y	diff=0/7481	no_auto_possess	
Z15301	yes	(?:((?=@))a)?\d+?\1@	diff=0/7481	no_auto_possess	
Z15302	yes	(?:((?=[\d.]))a)?\d+?\1@	diff=0/7481	no_auto_possess	
Z15303	yes	(?:((?=[ab]))a)?\d+?\1@	diff=0/7481	no_auto_possess	
Z15304	yes	(?:((?=[a-z]))a)?\d+?\1@	diff=0/7481	no_auto_possess	
Z15305	yes	(?:((?=\w))a)?\d+?\1@	diff=0/7481	no_auto_possess	
Z15306	yes	(?:((?=\W))a)?\d+?\1@	diff=0/7481	no_auto_possess	
Z15307	yes	(?:((?=@))a)?\d+?\1a	diff=0/7481	no_auto_possess	
Z15308	yes	(?:((?=[\d.]))a)?\d+?\1a	diff=0/7481	no_auto_possess	
Z15309	yes	(?:((?=[ab]))a)?\d+?\1a	diff=0/7481	no_auto_possess	
Z15310	yes	(?:((?=[a-z]))a)?\d+?\1a	diff=0/7481	no_auto_possess	
Z15311	yes	(?:((?=\w))a)?\d+?\1a	diff=0/7481	no_auto_possess	
Z15312	yes	(?:((?=\W))a)?\d+?\1a	diff=0/7481	no_auto_possess	
Z15313	no	(?:((?=@))a)?\d*?\1	diff=0/7481	no_auto_possess	
Z15315	no	(?:((?=[ab]))a)?\d*?\1	diff=241/7481	no_auto_possess	'a1' g=['0: a', '0+ 1', '1:'] p=['0: a1', '0+', '1:']
Z15316	no	(?:((?=[a-z]))a)?\d*?\1	diff=237/7481	no_auto_possess	'a1' g=['0: a', '0+ 1', '1:'] p=['0: a1', '0+', '1:']
Z15318	no	(?:((?=\W))a)?\d*?\1	diff=0/7481	no_auto_possess	
Z15319	yes	(?:((?=@))a)?\d*?\1y	diff=0/7481	no_auto_possess	
Z15320	yes	(?:((?=[\d.]))a)?\d*?\1y	diff=0/7481	no_auto_possess	
Z15321	yes	(?:((?=[ab]))a)?\d*?\1y	diff=0/7481	no_auto_possess	
Z15322	yes	(?:((?=[a-z]))a)?\d*?\1y	diff=0/7481	no_auto_possess	
Z15323	yes	(?:((?=\w))a)?\d*?\1y	diff=0/7481	no_auto_possess	
Z15324	yes	(?:((?=\W))a)?\d*?\1y	diff=0/7481	no_auto_possess	
Z15325	yes	(?:((?=@))a)?\d*?\1@	diff=0/7481	no_auto_possess	
Z15326	yes	(?:((?=[\d.]))a)?\d*?\1@	diff=0/7481	no_auto_possess	
Z15327	yes	(?:((?=[ab]))a)?\d*?\1@	diff=0/7481	no_auto_possess	
Z15328	yes	(?:((?=[a-z]))a)?\d*?\1@	diff=0/7481	no_auto_possess	
Z15329	yes	(?:((?=\w))a)?\d*?\1@	diff=0/7481	no_auto_possess	
Z15330	yes	(?:((?=\W))a)?\d*?\1@	diff=0/7481	no_auto_possess	
Z15331	yes	(?:((?=@))a)?\d*?\1a	diff=0/7481	no_auto_possess	
Z15332	yes	(?:((?=[\d.]))a)?\d*?\1a	diff=0/7481	no_auto_possess	
Z15333	yes	(?:((?=[ab]))a)?\d*?\1a	diff=0/7481	no_auto_possess	
Z15334	yes	(?:((?=[a-z]))a)?\d*?\1a	diff=0/7481	no_auto_possess	
Z15335	yes	(?:((?=\w))a)?\d*?\1a	diff=0/7481	no_auto_possess	
Z15336	yes	(?:((?=\W))a)?\d*?\1a	diff=0/7481	no_auto_possess	
Z15337	no	(?:((?=@))a)?\d{2,4}?\1	diff=0/7481	no_auto_possess	
Z15339	no	(?:((?=[ab]))a)?\d{2,4}?\1	diff=1/7481	no_auto_possess	'a111' g=['0: a11', '0+ 1', '1:'] p=['0: a111', '0+', '1:']
Z15340	no	(?:((?=[a-z]))a)?\d{2,4}?\1	diff=1/7481	no_auto_possess	'a111' g=['0: a11', '0+ 1', '1:'] p=['0: a111', '0+', '1:']
Z15342	no	(?:((?=\W))a)?\d{2,4}?\1	diff=0/7481	no_auto_possess	
Z15343	yes	(?:((?=@))a)?\d{2,4}?\1y	diff=0/7481	no_auto_possess	
Z15344	yes	(?:((?=[\d.]))a)?\d{2,4}?\1y	diff=0/7481	no_auto_possess	
Z15345	yes	(?:((?=[ab]))a)?\d{2,4}?\1y	diff=0/7481	no_auto_possess	
Z15346	yes	(?:((?=[a-z]))a)?\d{2,4}?\1y	diff=0/7481	no_auto_possess	
Z15347	yes	(?:((?=\w))a)?\d{2,4}?\1y	diff=0/7481	no_auto_possess	
Z15348	yes	(?:((?=\W))a)?\d{2,4}?\1y	diff=0/7481	no_auto_possess	
Z15349	yes	(?:((?=@))a)?\d{2,4}?\1@	diff=0/7481	no_auto_possess	
Z15350	yes	(?:((?=[\d.]))a)?\d{2,4}?\1@	diff=0/7481	no_auto_possess	
Z15351	yes	(?:((?=[ab]))a)?\d{2,4}?\1@	diff=0/7481	no_auto_possess	
Z15352	yes	(?:((?=[a-z]))a)?\d{2,4}?\1@	diff=0/7481	no_auto_possess	
Z15353	yes	(?:((?=\w))a)?\d{2,4}?\1@	diff=0/7481	no_auto_possess	
Z15354	yes	(?:((?=\W))a)?\d{2,4}?\1@	diff=0/7481	no_auto_possess	
Z15355	yes	(?:((?=@))a)?\d{2,4}?\1a	diff=0/7481	no_auto_possess	
Z15356	yes	(?:((?=[\d.]))a)?\d{2,4}?\1a	diff=0/7481	no_auto_possess	
Z15357	yes	(?:((?=[ab]))a)?\d{2,4}?\1a	diff=0/7481	no_auto_possess	
Z15358	yes	(?:((?=[a-z]))a)?\d{2,4}?\1a	diff=0/7481	no_auto_possess	
Z15359	yes	(?:((?=\w))a)?\d{2,4}?\1a	diff=0/7481	no_auto_possess	
Z15360	yes	(?:((?=\W))a)?\d{2,4}?\1a	diff=0/7481	no_auto_possess	
Z15361	yes	(?:((?=@))a)?[ab]+\1	diff=0/7481	no_auto_possess	
Z15362	yes	(?:((?=[\d.]))a)?[ab]+\1	diff=0/7481	no_auto_possess	
Z15363	yes	(?:((?=[ab]))a)?[ab]+\1	diff=0/7481	no_auto_possess	
Z15364	yes	(?:((?=[a-z]))a)?[ab]+\1	diff=0/7481	no_auto_possess	
Z15365	yes	(?:((?=\w))a)?[ab]+\1	diff=0/7481	no_auto_possess	
Z15366	yes	(?:((?=\W))a)?[ab]+\1	diff=0/7481	no_auto_possess	
Z15367	yes	(?:((?=@))a)?[ab]+\1y	diff=0/7481	no_auto_possess	
Z15368	yes	(?:((?=[\d.]))a)?[ab]+\1y	diff=0/7481	no_auto_possess	
Z15369	yes	(?:((?=[ab]))a)?[ab]+\1y	diff=0/7481	no_auto_possess	
Z15370	yes	(?:((?=[a-z]))a)?[ab]+\1y	diff=0/7481	no_auto_possess	
Z15371	yes	(?:((?=\w))a)?[ab]+\1y	diff=0/7481	no_auto_possess	
Z15372	yes	(?:((?=\W))a)?[ab]+\1y	diff=0/7481	no_auto_possess	
Z15373	yes	(?:((?=@))a)?[ab]+\1@	diff=0/7481	no_auto_possess	
Z15374	yes	(?:((?=[\d.]))a)?[ab]+\1@	diff=0/7481	no_auto_possess	
Z15375	yes	(?:((?=[ab]))a)?[ab]+\1@	diff=0/7481	no_auto_possess	
Z15376	yes	(?:((?=[a-z]))a)?[ab]+\1@	diff=0/7481	no_auto_possess	
Z15377	yes	(?:((?=\w))a)?[ab]+\1@	diff=0/7481	no_auto_possess	
Z15378	yes	(?:((?=\W))a)?[ab]+\1@	diff=0/7481	no_auto_possess	
Z15379	no	(?:((?=@))a)?[ab]+\1a	diff=0/7481	no_auto_possess	
Z15380	no	(?:((?=[\d.]))a)?[ab]+\1a	diff=0/7481	no_auto_possess	
Z15384	no	(?:((?=\W))a)?[ab]+\1a	diff=0/7481	no_auto_possess	
Z15385	yes	(?:((?=@))a)?[ab]*\1	diff=0/7481	no_auto_possess	
Z15386	yes	(?:((?=[\d.]))a)?[ab]*\1	diff=0/7481	no_auto_possess	
Z15387	yes	(?:((?=[ab]))a)?[ab]*\1	diff=0/7481	no_auto_possess	
Z15388	yes	(?:((?=[a-z]))a)?[ab]*\1	diff=0/7481	no_auto_possess	
Z15389	yes	(?:((?=\w))a)?[ab]*\1	diff=0/7481	no_auto_possess	
Z15390	yes	(?:((?=\W))a)?[ab]*\1	diff=0/7481	no_auto_possess	
Z15391	yes	(?:((?=@))a)?[ab]*\1y	diff=0/7481	no_auto_possess	
Z15392	yes	(?:((?=[\d.]))a)?[ab]*\1y	diff=0/7481	no_auto_possess	
Z15393	yes	(?:((?=[ab]))a)?[ab]*\1y	diff=0/7481	no_auto_possess	
Z15394	yes	(?:((?=[a-z]))a)?[ab]*\1y	diff=0/7481	no_auto_possess	
Z15395	yes	(?:((?=\w))a)?[ab]*\1y	diff=0/7481	no_auto_possess	
Z15396	yes	(?:((?=\W))a)?[ab]*\1y	diff=0/7481	no_auto_possess	
Z15397	yes	(?:((?=@))a)?[ab]*\1@	diff=0/7481	no_auto_possess	
Z15398	yes	(?:((?=[\d.]))a)?[ab]*\1@	diff=0/7481	no_auto_possess	
Z15399	yes	(?:((?=[ab]))a)?[ab]*\1@	diff=0/7481	no_auto_possess	
Z15400	yes	(?:((?=[a-z]))a)?[ab]*\1@	diff=0/7481	no_auto_possess	
Z15401	yes	(?:((?=\w))a)?[ab]*\1@	diff=0/7481	no_auto_possess	
Z15402	yes	(?:((?=\W))a)?[ab]*\1@	diff=0/7481	no_auto_possess	
Z15403	no	(?:((?=@))a)?[ab]*\1a	diff=0/7481	no_auto_possess	
Z15404	no	(?:((?=[\d.]))a)?[ab]*\1a	diff=0/7481	no_auto_possess	
Z15408	no	(?:((?=\W))a)?[ab]*\1a	diff=0/7481	no_auto_possess	
Z15409	yes	(?:((?=@))a)?[ab]?\1	diff=0/7481	no_auto_possess	
Z15410	yes	(?:((?=[\d.]))a)?[ab]?\1	diff=0/7481	no_auto_possess	
Z15411	yes	(?:((?=[ab]))a)?[ab]?\1	diff=0/7481	no_auto_possess	
Z15412	yes	(?:((?=[a-z]))a)?[ab]?\1	diff=0/7481	no_auto_possess	
Z15413	yes	(?:((?=\w))a)?[ab]?\1	diff=0/7481	no_auto_possess	
Z15414	yes	(?:((?=\W))a)?[ab]?\1	diff=0/7481	no_auto_possess	
Z15415	yes	(?:((?=@))a)?[ab]?\1y	diff=0/7481	no_auto_possess	
Z15416	yes	(?:((?=[\d.]))a)?[ab]?\1y	diff=0/7481	no_auto_possess	
Z15417	yes	(?:((?=[ab]))a)?[ab]?\1y	diff=0/7481	no_auto_possess	
Z15418	yes	(?:((?=[a-z]))a)?[ab]?\1y	diff=0/7481	no_auto_possess	
Z15419	yes	(?:((?=\w))a)?[ab]?\1y	diff=0/7481	no_auto_possess	
Z15420	yes	(?:((?=\W))a)?[ab]?\1y	diff=0/7481	no_auto_possess	
Z15421	yes	(?:((?=@))a)?[ab]?\1@	diff=0/7481	no_auto_possess	
Z15422	yes	(?:((?=[\d.]))a)?[ab]?\1@	diff=0/7481	no_auto_possess	
Z15423	yes	(?:((?=[ab]))a)?[ab]?\1@	diff=0/7481	no_auto_possess	
Z15424	yes	(?:((?=[a-z]))a)?[ab]?\1@	diff=0/7481	no_auto_possess	
Z15425	yes	(?:((?=\w))a)?[ab]?\1@	diff=0/7481	no_auto_possess	
Z15426	yes	(?:((?=\W))a)?[ab]?\1@	diff=0/7481	no_auto_possess	
Z15427	no	(?:((?=@))a)?[ab]?\1a	diff=0/7481	no_auto_possess	
Z15428	no	(?:((?=[\d.]))a)?[ab]?\1a	diff=0/7481	no_auto_possess	
Z15432	no	(?:((?=\W))a)?[ab]?\1a	diff=0/7481	no_auto_possess	
Z15433	yes	(?:((?=@))a)?[ab]{2,4}\1	diff=0/7481	no_auto_possess	
Z15434	yes	(?:((?=[\d.]))a)?[ab]{2,4}\1	diff=0/7481	no_auto_possess	
Z15435	yes	(?:((?=[ab]))a)?[ab]{2,4}\1	diff=0/7481	no_auto_possess	
Z15436	yes	(?:((?=[a-z]))a)?[ab]{2,4}\1	diff=0/7481	no_auto_possess	
Z15437	yes	(?:((?=\w))a)?[ab]{2,4}\1	diff=0/7481	no_auto_possess	
Z15438	yes	(?:((?=\W))a)?[ab]{2,4}\1	diff=0/7481	no_auto_possess	
Z15439	yes	(?:((?=@))a)?[ab]{2,4}\1y	diff=0/7481	no_auto_possess	
Z15440	yes	(?:((?=[\d.]))a)?[ab]{2,4}\1y	diff=0/7481	no_auto_possess	
Z15441	yes	(?:((?=[ab]))a)?[ab]{2,4}\1y	diff=0/7481	no_auto_possess	
Z15442	yes	(?:((?=[a-z]))a)?[ab]{2,4}\1y	diff=0/7481	no_auto_possess	
Z15443	yes	(?:((?=\w))a)?[ab]{2,4}\1y	diff=0/7481	no_auto_possess	
Z15444	yes	(?:((?=\W))a)?[ab]{2,4}\1y	diff=0/7481	no_auto_possess	
Z15445	yes	(?:((?=@))a)?[ab]{2,4}\1@	diff=0/7481	no_auto_possess	
Z15446	yes	(?:((?=[\d.]))a)?[ab]{2,4}\1@	diff=0/7481	no_auto_possess	
Z15447	yes	(?:((?=[ab]))a)?[ab]{2,4}\1@	diff=0/7481	no_auto_possess	
Z15448	yes	(?:((?=[a-z]))a)?[ab]{2,4}\1@	diff=0/7481	no_auto_possess	
Z15449	yes	(?:((?=\w))a)?[ab]{2,4}\1@	diff=0/7481	no_auto_possess	
Z15450	yes	(?:((?=\W))a)?[ab]{2,4}\1@	diff=0/7481	no_auto_possess	
Z15451	no	(?:((?=@))a)?[ab]{2,4}\1a	diff=0/7481	no_auto_possess	
Z15452	no	(?:((?=[\d.]))a)?[ab]{2,4}\1a	diff=0/7481	no_auto_possess	
Z15456	no	(?:((?=\W))a)?[ab]{2,4}\1a	diff=0/7481	no_auto_possess	
Z15457	yes	(?:((?=@))a)?[ab]{3}\1	diff=0/7481	no_auto_possess	
Z15458	yes	(?:((?=[\d.]))a)?[ab]{3}\1	diff=0/7481	no_auto_possess	
Z15459	yes	(?:((?=[ab]))a)?[ab]{3}\1	diff=0/7481	no_auto_possess	
Z15460	yes	(?:((?=[a-z]))a)?[ab]{3}\1	diff=0/7481	no_auto_possess	
Z15461	yes	(?:((?=\w))a)?[ab]{3}\1	diff=0/7481	no_auto_possess	
Z15462	yes	(?:((?=\W))a)?[ab]{3}\1	diff=0/7481	no_auto_possess	
Z15463	yes	(?:((?=@))a)?[ab]{3}\1y	diff=0/7481	no_auto_possess	
Z15464	yes	(?:((?=[\d.]))a)?[ab]{3}\1y	diff=0/7481	no_auto_possess	
Z15465	yes	(?:((?=[ab]))a)?[ab]{3}\1y	diff=0/7481	no_auto_possess	
Z15466	yes	(?:((?=[a-z]))a)?[ab]{3}\1y	diff=0/7481	no_auto_possess	
Z15467	yes	(?:((?=\w))a)?[ab]{3}\1y	diff=0/7481	no_auto_possess	
Z15468	yes	(?:((?=\W))a)?[ab]{3}\1y	diff=0/7481	no_auto_possess	
Z15469	yes	(?:((?=@))a)?[ab]{3}\1@	diff=0/7481	no_auto_possess	
Z15470	yes	(?:((?=[\d.]))a)?[ab]{3}\1@	diff=0/7481	no_auto_possess	
Z15471	yes	(?:((?=[ab]))a)?[ab]{3}\1@	diff=0/7481	no_auto_possess	
Z15472	yes	(?:((?=[a-z]))a)?[ab]{3}\1@	diff=0/7481	no_auto_possess	
Z15473	yes	(?:((?=\w))a)?[ab]{3}\1@	diff=0/7481	no_auto_possess	
Z15474	yes	(?:((?=\W))a)?[ab]{3}\1@	diff=0/7481	no_auto_possess	
Z15475	yes	(?:((?=@))a)?[ab]{3}\1a	diff=0/7481	no_auto_possess	
Z15476	yes	(?:((?=[\d.]))a)?[ab]{3}\1a	diff=0/7481	no_auto_possess	
Z15477	yes	(?:((?=[ab]))a)?[ab]{3}\1a	diff=0/7481	no_auto_possess	
Z15478	yes	(?:((?=[a-z]))a)?[ab]{3}\1a	diff=0/7481	no_auto_possess	
Z15479	yes	(?:((?=\w))a)?[ab]{3}\1a	diff=0/7481	no_auto_possess	
Z15480	yes	(?:((?=\W))a)?[ab]{3}\1a	diff=0/7481	no_auto_possess	
Z15481	no	(?:((?=@))a)?[ab]+?\1	diff=0/7481	no_auto_possess	
Z15482	no	(?:((?=[\d.]))a)?[ab]+?\1	diff=0/7481	no_auto_possess	
Z15486	no	(?:((?=\W))a)?[ab]+?\1	diff=0/7481	no_auto_possess	
Z15487	yes	(?:((?=@))a)?[ab]+?\1y	diff=0/7481	no_auto_possess	
Z15488	yes	(?:((?=[\d.]))a)?[ab]+?\1y	diff=0/7481	no_auto_possess	
Z15489	yes	(?:((?=[ab]))a)?[ab]+?\1y	diff=0/7481	no_auto_possess	
Z15490	yes	(?:((?=[a-z]))a)?[ab]+?\1y	diff=0/7481	no_auto_possess	
Z15491	yes	(?:((?=\w))a)?[ab]+?\1y	diff=0/7481	no_auto_possess	
Z15492	yes	(?:((?=\W))a)?[ab]+?\1y	diff=0/7481	no_auto_possess	
Z15493	yes	(?:((?=@))a)?[ab]+?\1@	diff=0/7481	no_auto_possess	
Z15494	yes	(?:((?=[\d.]))a)?[ab]+?\1@	diff=0/7481	no_auto_possess	
Z15495	yes	(?:((?=[ab]))a)?[ab]+?\1@	diff=0/7481	no_auto_possess	
Z15496	yes	(?:((?=[a-z]))a)?[ab]+?\1@	diff=0/7481	no_auto_possess	
Z15497	yes	(?:((?=\w))a)?[ab]+?\1@	diff=0/7481	no_auto_possess	
Z15498	yes	(?:((?=\W))a)?[ab]+?\1@	diff=0/7481	no_auto_possess	
Z15499	no	(?:((?=@))a)?[ab]+?\1a	diff=0/7481	no_auto_possess	
Z15500	no	(?:((?=[\d.]))a)?[ab]+?\1a	diff=0/7481	no_auto_possess	
Z15504	no	(?:((?=\W))a)?[ab]+?\1a	diff=0/7481	no_auto_possess	
Z15505	no	(?:((?=@))a)?[ab]*?\1	diff=0/7481	no_auto_possess	
Z15506	no	(?:((?=[\d.]))a)?[ab]*?\1	diff=0/7481	no_auto_possess	
Z15510	no	(?:((?=\W))a)?[ab]*?\1	diff=0/7481	no_auto_possess	
Z15511	yes	(?:((?=@))a)?[ab]*?\1y	diff=0/7481	no_auto_possess	
Z15512	yes	(?:((?=[\d.]))a)?[ab]*?\1y	diff=0/7481	no_auto_possess	
Z15513	yes	(?:((?=[ab]))a)?[ab]*?\1y	diff=0/7481	no_auto_possess	
Z15514	yes	(?:((?=[a-z]))a)?[ab]*?\1y	diff=0/7481	no_auto_possess	
Z15515	yes	(?:((?=\w))a)?[ab]*?\1y	diff=0/7481	no_auto_possess	
Z15516	yes	(?:((?=\W))a)?[ab]*?\1y	diff=0/7481	no_auto_possess	
Z15517	yes	(?:((?=@))a)?[ab]*?\1@	diff=0/7481	no_auto_possess	
Z15518	yes	(?:((?=[\d.]))a)?[ab]*?\1@	diff=0/7481	no_auto_possess	
Z15519	yes	(?:((?=[ab]))a)?[ab]*?\1@	diff=0/7481	no_auto_possess	
Z15520	yes	(?:((?=[a-z]))a)?[ab]*?\1@	diff=0/7481	no_auto_possess	
Z15521	yes	(?:((?=\w))a)?[ab]*?\1@	diff=0/7481	no_auto_possess	
Z15522	yes	(?:((?=\W))a)?[ab]*?\1@	diff=0/7481	no_auto_possess	
Z15523	no	(?:((?=@))a)?[ab]*?\1a	diff=0/7481	no_auto_possess	
Z15524	no	(?:((?=[\d.]))a)?[ab]*?\1a	diff=0/7481	no_auto_possess	
Z15528	no	(?:((?=\W))a)?[ab]*?\1a	diff=0/7481	no_auto_possess	
Z15529	no	(?:((?=@))a)?[ab]{2,4}?\1	diff=0/7481	no_auto_possess	
Z15530	no	(?:((?=[\d.]))a)?[ab]{2,4}?\1	diff=0/7481	no_auto_possess	
Z15534	no	(?:((?=\W))a)?[ab]{2,4}?\1	diff=0/7481	no_auto_possess	
Z15535	yes	(?:((?=@))a)?[ab]{2,4}?\1y	diff=0/7481	no_auto_possess	
Z15536	yes	(?:((?=[\d.]))a)?[ab]{2,4}?\1y	diff=0/7481	no_auto_possess	
Z15537	yes	(?:((?=[ab]))a)?[ab]{2,4}?\1y	diff=0/7481	no_auto_possess	
Z15538	yes	(?:((?=[a-z]))a)?[ab]{2,4}?\1y	diff=0/7481	no_auto_possess	
Z15539	yes	(?:((?=\w))a)?[ab]{2,4}?\1y	diff=0/7481	no_auto_possess	
Z15540	yes	(?:((?=\W))a)?[ab]{2,4}?\1y	diff=0/7481	no_auto_possess	
Z15541	yes	(?:((?=@))a)?[ab]{2,4}?\1@	diff=0/7481	no_auto_possess	
Z15542	yes	(?:((?=[\d.]))a)?[ab]{2,4}?\1@	diff=0/7481	no_auto_possess	
Z15543	yes	(?:((?=[ab]))a)?[ab]{2,4}?\1@	diff=0/7481	no_auto_possess	
Z15544	yes	(?:((?=[a-z]))a)?[ab]{2,4}?\1@	diff=0/7481	no_auto_possess	
Z15545	yes	(?:((?=\w))a)?[ab]{2,4}?\1@	diff=0/7481	no_auto_possess	
Z15546	yes	(?:((?=\W))a)?[ab]{2,4}?\1@	diff=0/7481	no_auto_possess	
Z15547	no	(?:((?=@))a)?[ab]{2,4}?\1a	diff=0/7481	no_auto_possess	
Z15548	no	(?:((?=[\d.]))a)?[ab]{2,4}?\1a	diff=0/7481	no_auto_possess	
Z15552	no	(?:((?=\W))a)?[ab]{2,4}?\1a	diff=0/7481	no_auto_possess	
Z15553	yes	(?:((?=@))a)?a+\1	diff=0/7481	no_auto_possess	
Z15554	yes	(?:((?=[\d.]))a)?a+\1	diff=0/7481	no_auto_possess	
Z15555	yes	(?:((?=[ab]))a)?a+\1	diff=0/7481	no_auto_possess	
Z15556	yes	(?:((?=[a-z]))a)?a+\1	diff=0/7481	no_auto_possess	
Z15557	yes	(?:((?=\w))a)?a+\1	diff=0/7481	no_auto_possess	
Z15558	yes	(?:((?=\W))a)?a+\1	diff=0/7481	no_auto_possess	
Z15559	yes	(?:((?=@))a)?a+\1y	diff=0/7481	no_auto_possess	
Z15560	yes	(?:((?=[\d.]))a)?a+\1y	diff=0/7481	no_auto_possess	
Z15561	yes	(?:((?=[ab]))a)?a+\1y	diff=0/7481	no_auto_possess	
Z15562	yes	(?:((?=[a-z]))a)?a+\1y	diff=0/7481	no_auto_possess	
Z15563	yes	(?:((?=\w))a)?a+\1y	diff=0/7481	no_auto_possess	
Z15564	yes	(?:((?=\W))a)?a+\1y	diff=0/7481	no_auto_possess	
Z15565	yes	(?:((?=@))a)?a+\1@	diff=0/7481	no_auto_possess	
Z15566	yes	(?:((?=[\d.]))a)?a+\1@	diff=0/7481	no_auto_possess	
Z15567	yes	(?:((?=[ab]))a)?a+\1@	diff=0/7481	no_auto_possess	
Z15568	yes	(?:((?=[a-z]))a)?a+\1@	diff=0/7481	no_auto_possess	
Z15569	yes	(?:((?=\w))a)?a+\1@	diff=0/7481	no_auto_possess	
Z15570	yes	(?:((?=\W))a)?a+\1@	diff=0/7481	no_auto_possess	
Z15571	no	(?:((?=@))a)?a+\1a	diff=0/7481	no_auto_possess	
Z15572	no	(?:((?=[\d.]))a)?a+\1a	diff=0/7481	no_auto_possess	
Z15576	no	(?:((?=\W))a)?a+\1a	diff=0/7481	no_auto_possess	
Z15577	yes	(?:((?=@))a)?a*\1	diff=0/7481	no_auto_possess	
Z15578	yes	(?:((?=[\d.]))a)?a*\1	diff=0/7481	no_auto_possess	
Z15579	yes	(?:((?=[ab]))a)?a*\1	diff=0/7481	no_auto_possess	
Z15580	yes	(?:((?=[a-z]))a)?a*\1	diff=0/7481	no_auto_possess	
Z15581	yes	(?:((?=\w))a)?a*\1	diff=0/7481	no_auto_possess	
Z15582	yes	(?:((?=\W))a)?a*\1	diff=0/7481	no_auto_possess	
Z15583	yes	(?:((?=@))a)?a*\1y	diff=0/7481	no_auto_possess	
Z15584	yes	(?:((?=[\d.]))a)?a*\1y	diff=0/7481	no_auto_possess	
Z15585	yes	(?:((?=[ab]))a)?a*\1y	diff=0/7481	no_auto_possess	
Z15586	yes	(?:((?=[a-z]))a)?a*\1y	diff=0/7481	no_auto_possess	
Z15587	yes	(?:((?=\w))a)?a*\1y	diff=0/7481	no_auto_possess	
Z15588	yes	(?:((?=\W))a)?a*\1y	diff=0/7481	no_auto_possess	
Z15589	yes	(?:((?=@))a)?a*\1@	diff=0/7481	no_auto_possess	
Z15590	yes	(?:((?=[\d.]))a)?a*\1@	diff=0/7481	no_auto_possess	
Z15591	yes	(?:((?=[ab]))a)?a*\1@	diff=0/7481	no_auto_possess	
Z15592	yes	(?:((?=[a-z]))a)?a*\1@	diff=0/7481	no_auto_possess	
Z15593	yes	(?:((?=\w))a)?a*\1@	diff=0/7481	no_auto_possess	
Z15594	yes	(?:((?=\W))a)?a*\1@	diff=0/7481	no_auto_possess	
Z15595	no	(?:((?=@))a)?a*\1a	diff=0/7481	no_auto_possess	
Z15596	no	(?:((?=[\d.]))a)?a*\1a	diff=0/7481	no_auto_possess	
Z15600	no	(?:((?=\W))a)?a*\1a	diff=0/7481	no_auto_possess	
Z15601	yes	(?:((?=@))a)?a?\1	diff=0/7481	no_auto_possess	
Z15602	yes	(?:((?=[\d.]))a)?a?\1	diff=0/7481	no_auto_possess	
Z15603	yes	(?:((?=[ab]))a)?a?\1	diff=0/7481	no_auto_possess	
Z15604	yes	(?:((?=[a-z]))a)?a?\1	diff=0/7481	no_auto_possess	
Z15605	yes	(?:((?=\w))a)?a?\1	diff=0/7481	no_auto_possess	
Z15606	yes	(?:((?=\W))a)?a?\1	diff=0/7481	no_auto_possess	
Z15607	yes	(?:((?=@))a)?a?\1y	diff=0/7481	no_auto_possess	
Z15608	yes	(?:((?=[\d.]))a)?a?\1y	diff=0/7481	no_auto_possess	
Z15609	yes	(?:((?=[ab]))a)?a?\1y	diff=0/7481	no_auto_possess	
Z15610	yes	(?:((?=[a-z]))a)?a?\1y	diff=0/7481	no_auto_possess	
Z15611	yes	(?:((?=\w))a)?a?\1y	diff=0/7481	no_auto_possess	
Z15612	yes	(?:((?=\W))a)?a?\1y	diff=0/7481	no_auto_possess	
Z15613	yes	(?:((?=@))a)?a?\1@	diff=0/7481	no_auto_possess	
Z15614	yes	(?:((?=[\d.]))a)?a?\1@	diff=0/7481	no_auto_possess	
Z15615	yes	(?:((?=[ab]))a)?a?\1@	diff=0/7481	no_auto_possess	
Z15616	yes	(?:((?=[a-z]))a)?a?\1@	diff=0/7481	no_auto_possess	
Z15617	yes	(?:((?=\w))a)?a?\1@	diff=0/7481	no_auto_possess	
Z15618	yes	(?:((?=\W))a)?a?\1@	diff=0/7481	no_auto_possess	
Z15619	no	(?:((?=@))a)?a?\1a	diff=0/7481	no_auto_possess	
Z15620	no	(?:((?=[\d.]))a)?a?\1a	diff=0/7481	no_auto_possess	
Z15624	no	(?:((?=\W))a)?a?\1a	diff=0/7481	no_auto_possess	
Z15625	yes	(?:((?=@))a)?a{2,4}\1	diff=0/7481	no_auto_possess	
Z15626	yes	(?:((?=[\d.]))a)?a{2,4}\1	diff=0/7481	no_auto_possess	
Z15627	yes	(?:((?=[ab]))a)?a{2,4}\1	diff=0/7481	no_auto_possess	
Z15628	yes	(?:((?=[a-z]))a)?a{2,4}\1	diff=0/7481	no_auto_possess	
Z15629	yes	(?:((?=\w))a)?a{2,4}\1	diff=0/7481	no_auto_possess	
Z15630	yes	(?:((?=\W))a)?a{2,4}\1	diff=0/7481	no_auto_possess	
Z15631	yes	(?:((?=@))a)?a{2,4}\1y	diff=0/7481	no_auto_possess	
Z15632	yes	(?:((?=[\d.]))a)?a{2,4}\1y	diff=0/7481	no_auto_possess	
Z15633	yes	(?:((?=[ab]))a)?a{2,4}\1y	diff=0/7481	no_auto_possess	
Z15634	yes	(?:((?=[a-z]))a)?a{2,4}\1y	diff=0/7481	no_auto_possess	
Z15635	yes	(?:((?=\w))a)?a{2,4}\1y	diff=0/7481	no_auto_possess	
Z15636	yes	(?:((?=\W))a)?a{2,4}\1y	diff=0/7481	no_auto_possess	
Z15637	yes	(?:((?=@))a)?a{2,4}\1@	diff=0/7481	no_auto_possess	
Z15638	yes	(?:((?=[\d.]))a)?a{2,4}\1@	diff=0/7481	no_auto_possess	
Z15639	yes	(?:((?=[ab]))a)?a{2,4}\1@	diff=0/7481	no_auto_possess	
Z15640	yes	(?:((?=[a-z]))a)?a{2,4}\1@	diff=0/7481	no_auto_possess	
Z15641	yes	(?:((?=\w))a)?a{2,4}\1@	diff=0/7481	no_auto_possess	
Z15642	yes	(?:((?=\W))a)?a{2,4}\1@	diff=0/7481	no_auto_possess	
Z15643	no	(?:((?=@))a)?a{2,4}\1a	diff=0/7481	no_auto_possess	
Z15644	no	(?:((?=[\d.]))a)?a{2,4}\1a	diff=0/7481	no_auto_possess	
Z15648	no	(?:((?=\W))a)?a{2,4}\1a	diff=0/7481	no_auto_possess	
Z15649	yes	(?:((?=@))a)?a{3}\1	diff=0/7481	no_auto_possess	
Z15650	yes	(?:((?=[\d.]))a)?a{3}\1	diff=0/7481	no_auto_possess	
Z15651	yes	(?:((?=[ab]))a)?a{3}\1	diff=0/7481	no_auto_possess	
Z15652	yes	(?:((?=[a-z]))a)?a{3}\1	diff=0/7481	no_auto_possess	
Z15653	yes	(?:((?=\w))a)?a{3}\1	diff=0/7481	no_auto_possess	
Z15654	yes	(?:((?=\W))a)?a{3}\1	diff=0/7481	no_auto_possess	
Z15655	yes	(?:((?=@))a)?a{3}\1y	diff=0/7481	no_auto_possess	
Z15656	yes	(?:((?=[\d.]))a)?a{3}\1y	diff=0/7481	no_auto_possess	
Z15657	yes	(?:((?=[ab]))a)?a{3}\1y	diff=0/7481	no_auto_possess	
Z15658	yes	(?:((?=[a-z]))a)?a{3}\1y	diff=0/7481	no_auto_possess	
Z15659	yes	(?:((?=\w))a)?a{3}\1y	diff=0/7481	no_auto_possess	
Z15660	yes	(?:((?=\W))a)?a{3}\1y	diff=0/7481	no_auto_possess	
Z15661	yes	(?:((?=@))a)?a{3}\1@	diff=0/7481	no_auto_possess	
Z15662	yes	(?:((?=[\d.]))a)?a{3}\1@	diff=0/7481	no_auto_possess	
Z15663	yes	(?:((?=[ab]))a)?a{3}\1@	diff=0/7481	no_auto_possess	
Z15664	yes	(?:((?=[a-z]))a)?a{3}\1@	diff=0/7481	no_auto_possess	
Z15665	yes	(?:((?=\w))a)?a{3}\1@	diff=0/7481	no_auto_possess	
Z15666	yes	(?:((?=\W))a)?a{3}\1@	diff=0/7481	no_auto_possess	
Z15667	yes	(?:((?=@))a)?a{3}\1a	diff=0/7481	no_auto_possess	
Z15668	yes	(?:((?=[\d.]))a)?a{3}\1a	diff=0/7481	no_auto_possess	
Z15669	yes	(?:((?=[ab]))a)?a{3}\1a	diff=0/7481	no_auto_possess	
Z15670	yes	(?:((?=[a-z]))a)?a{3}\1a	diff=0/7481	no_auto_possess	
Z15671	yes	(?:((?=\w))a)?a{3}\1a	diff=0/7481	no_auto_possess	
Z15672	yes	(?:((?=\W))a)?a{3}\1a	diff=0/7481	no_auto_possess	
Z15673	no	(?:((?=@))a)?a+?\1	diff=0/7481	no_auto_possess	
Z15674	no	(?:((?=[\d.]))a)?a+?\1	diff=0/7481	no_auto_possess	
Z15678	no	(?:((?=\W))a)?a+?\1	diff=0/7481	no_auto_possess	
Z15679	yes	(?:((?=@))a)?a+?\1y	diff=0/7481	no_auto_possess	
Z15680	yes	(?:((?=[\d.]))a)?a+?\1y	diff=0/7481	no_auto_possess	
Z15681	yes	(?:((?=[ab]))a)?a+?\1y	diff=0/7481	no_auto_possess	
Z15682	yes	(?:((?=[a-z]))a)?a+?\1y	diff=0/7481	no_auto_possess	
Z15683	yes	(?:((?=\w))a)?a+?\1y	diff=0/7481	no_auto_possess	
Z15684	yes	(?:((?=\W))a)?a+?\1y	diff=0/7481	no_auto_possess	
Z15685	yes	(?:((?=@))a)?a+?\1@	diff=0/7481	no_auto_possess	
Z15686	yes	(?:((?=[\d.]))a)?a+?\1@	diff=0/7481	no_auto_possess	
Z15687	yes	(?:((?=[ab]))a)?a+?\1@	diff=0/7481	no_auto_possess	
Z15688	yes	(?:((?=[a-z]))a)?a+?\1@	diff=0/7481	no_auto_possess	
Z15689	yes	(?:((?=\w))a)?a+?\1@	diff=0/7481	no_auto_possess	
Z15690	yes	(?:((?=\W))a)?a+?\1@	diff=0/7481	no_auto_possess	
Z15691	no	(?:((?=@))a)?a+?\1a	diff=0/7481	no_auto_possess	
Z15692	no	(?:((?=[\d.]))a)?a+?\1a	diff=0/7481	no_auto_possess	
Z15696	no	(?:((?=\W))a)?a+?\1a	diff=0/7481	no_auto_possess	
Z15697	no	(?:((?=@))a)?a*?\1	diff=0/7481	no_auto_possess	
Z15698	no	(?:((?=[\d.]))a)?a*?\1	diff=0/7481	no_auto_possess	
Z15702	no	(?:((?=\W))a)?a*?\1	diff=0/7481	no_auto_possess	
Z15703	yes	(?:((?=@))a)?a*?\1y	diff=0/7481	no_auto_possess	
Z15704	yes	(?:((?=[\d.]))a)?a*?\1y	diff=0/7481	no_auto_possess	
Z15705	yes	(?:((?=[ab]))a)?a*?\1y	diff=0/7481	no_auto_possess	
Z15706	yes	(?:((?=[a-z]))a)?a*?\1y	diff=0/7481	no_auto_possess	
Z15707	yes	(?:((?=\w))a)?a*?\1y	diff=0/7481	no_auto_possess	
Z15708	yes	(?:((?=\W))a)?a*?\1y	diff=0/7481	no_auto_possess	
Z15709	yes	(?:((?=@))a)?a*?\1@	diff=0/7481	no_auto_possess	
Z15710	yes	(?:((?=[\d.]))a)?a*?\1@	diff=0/7481	no_auto_possess	
Z15711	yes	(?:((?=[ab]))a)?a*?\1@	diff=0/7481	no_auto_possess	
Z15712	yes	(?:((?=[a-z]))a)?a*?\1@	diff=0/7481	no_auto_possess	
Z15713	yes	(?:((?=\w))a)?a*?\1@	diff=0/7481	no_auto_possess	
Z15714	yes	(?:((?=\W))a)?a*?\1@	diff=0/7481	no_auto_possess	
Z15715	no	(?:((?=@))a)?a*?\1a	diff=0/7481	no_auto_possess	
Z15716	no	(?:((?=[\d.]))a)?a*?\1a	diff=0/7481	no_auto_possess	
Z15720	no	(?:((?=\W))a)?a*?\1a	diff=0/7481	no_auto_possess	
Z15721	no	(?:((?=@))a)?a{2,4}?\1	diff=0/7481	no_auto_possess	
Z15722	no	(?:((?=[\d.]))a)?a{2,4}?\1	diff=0/7481	no_auto_possess	
Z15726	no	(?:((?=\W))a)?a{2,4}?\1	diff=0/7481	no_auto_possess	
Z15727	yes	(?:((?=@))a)?a{2,4}?\1y	diff=0/7481	no_auto_possess	
Z15728	yes	(?:((?=[\d.]))a)?a{2,4}?\1y	diff=0/7481	no_auto_possess	
Z15729	yes	(?:((?=[ab]))a)?a{2,4}?\1y	diff=0/7481	no_auto_possess	
Z15730	yes	(?:((?=[a-z]))a)?a{2,4}?\1y	diff=0/7481	no_auto_possess	
Z15731	yes	(?:((?=\w))a)?a{2,4}?\1y	diff=0/7481	no_auto_possess	
Z15732	yes	(?:((?=\W))a)?a{2,4}?\1y	diff=0/7481	no_auto_possess	
Z15733	yes	(?:((?=@))a)?a{2,4}?\1@	diff=0/7481	no_auto_possess	
Z15734	yes	(?:((?=[\d.]))a)?a{2,4}?\1@	diff=0/7481	no_auto_possess	
Z15735	yes	(?:((?=[ab]))a)?a{2,4}?\1@	diff=0/7481	no_auto_possess	
Z15736	yes	(?:((?=[a-z]))a)?a{2,4}?\1@	diff=0/7481	no_auto_possess	
Z15737	yes	(?:((?=\w))a)?a{2,4}?\1@	diff=0/7481	no_auto_possess	
Z15738	yes	(?:((?=\W))a)?a{2,4}?\1@	diff=0/7481	no_auto_possess	
Z15739	no	(?:((?=@))a)?a{2,4}?\1a	diff=0/7481	no_auto_possess	
Z15740	no	(?:((?=[\d.]))a)?a{2,4}?\1a	diff=0/7481	no_auto_possess	
Z15744	no	(?:((?=\W))a)?a{2,4}?\1a	diff=0/7481	no_auto_possess	
Z15745	yes	(?:((?=@))a)?(?:(?=[ab])\w)+\1	diff=0/7481	no_auto_possess	
Z15746	yes	(?:((?=[\d.]))a)?(?:(?=[ab])\w)+\1	diff=0/7481	no_auto_possess	
Z15747	yes	(?:((?=[ab]))a)?(?:(?=[ab])\w)+\1	diff=0/7481	no_auto_possess	
Z15748	yes	(?:((?=[a-z]))a)?(?:(?=[ab])\w)+\1	diff=0/7481	no_auto_possess	
Z15749	yes	(?:((?=\w))a)?(?:(?=[ab])\w)+\1	diff=0/7481	no_auto_possess	
Z15750	yes	(?:((?=\W))a)?(?:(?=[ab])\w)+\1	diff=0/7481	no_auto_possess	
Z15751	yes	(?:((?=@))a)?(?:(?=[ab])\w)+\1y	diff=0/7481	no_auto_possess	
Z15752	yes	(?:((?=[\d.]))a)?(?:(?=[ab])\w)+\1y	diff=0/7481	no_auto_possess	
Z15753	yes	(?:((?=[ab]))a)?(?:(?=[ab])\w)+\1y	diff=0/7481	no_auto_possess	
Z15754	yes	(?:((?=[a-z]))a)?(?:(?=[ab])\w)+\1y	diff=0/7481	no_auto_possess	
Z15755	yes	(?:((?=\w))a)?(?:(?=[ab])\w)+\1y	diff=0/7481	no_auto_possess	
Z15756	yes	(?:((?=\W))a)?(?:(?=[ab])\w)+\1y	diff=0/7481	no_auto_possess	
Z15757	yes	(?:((?=@))a)?(?:(?=[ab])\w)+\1@	diff=0/7481	no_auto_possess	
Z15758	yes	(?:((?=[\d.]))a)?(?:(?=[ab])\w)+\1@	diff=0/7481	no_auto_possess	
Z15759	yes	(?:((?=[ab]))a)?(?:(?=[ab])\w)+\1@	diff=0/7481	no_auto_possess	
Z15760	yes	(?:((?=[a-z]))a)?(?:(?=[ab])\w)+\1@	diff=0/7481	no_auto_possess	
Z15761	yes	(?:((?=\w))a)?(?:(?=[ab])\w)+\1@	diff=0/7481	no_auto_possess	
Z15762	yes	(?:((?=\W))a)?(?:(?=[ab])\w)+\1@	diff=0/7481	no_auto_possess	
Z15763	no	(?:((?=@))a)?(?:(?=[ab])\w)+\1a	diff=0/7481	no_auto_possess	
Z15764	no	(?:((?=[\d.]))a)?(?:(?=[ab])\w)+\1a	diff=0/7481	no_auto_possess	
Z15768	no	(?:((?=\W))a)?(?:(?=[ab])\w)+\1a	diff=0/7481	no_auto_possess	
Z15769	yes	(?:((?=@))a)?(?:(?=[ab])\w)*\1	diff=0/7481	no_auto_possess	
Z15770	yes	(?:((?=[\d.]))a)?(?:(?=[ab])\w)*\1	diff=0/7481	no_auto_possess	
Z15771	yes	(?:((?=[ab]))a)?(?:(?=[ab])\w)*\1	diff=0/7481	no_auto_possess	
Z15772	yes	(?:((?=[a-z]))a)?(?:(?=[ab])\w)*\1	diff=0/7481	no_auto_possess	
Z15773	yes	(?:((?=\w))a)?(?:(?=[ab])\w)*\1	diff=0/7481	no_auto_possess	
Z15774	yes	(?:((?=\W))a)?(?:(?=[ab])\w)*\1	diff=0/7481	no_auto_possess	
Z15775	yes	(?:((?=@))a)?(?:(?=[ab])\w)*\1y	diff=0/7481	no_auto_possess	
Z15776	yes	(?:((?=[\d.]))a)?(?:(?=[ab])\w)*\1y	diff=0/7481	no_auto_possess	
Z15777	yes	(?:((?=[ab]))a)?(?:(?=[ab])\w)*\1y	diff=0/7481	no_auto_possess	
Z15778	yes	(?:((?=[a-z]))a)?(?:(?=[ab])\w)*\1y	diff=0/7481	no_auto_possess	
Z15779	yes	(?:((?=\w))a)?(?:(?=[ab])\w)*\1y	diff=0/7481	no_auto_possess	
Z15780	yes	(?:((?=\W))a)?(?:(?=[ab])\w)*\1y	diff=0/7481	no_auto_possess	
Z15781	yes	(?:((?=@))a)?(?:(?=[ab])\w)*\1@	diff=0/7481	no_auto_possess	
Z15782	yes	(?:((?=[\d.]))a)?(?:(?=[ab])\w)*\1@	diff=0/7481	no_auto_possess	
Z15783	yes	(?:((?=[ab]))a)?(?:(?=[ab])\w)*\1@	diff=0/7481	no_auto_possess	
Z15784	yes	(?:((?=[a-z]))a)?(?:(?=[ab])\w)*\1@	diff=0/7481	no_auto_possess	
Z15785	yes	(?:((?=\w))a)?(?:(?=[ab])\w)*\1@	diff=0/7481	no_auto_possess	
Z15786	yes	(?:((?=\W))a)?(?:(?=[ab])\w)*\1@	diff=0/7481	no_auto_possess	
Z15787	no	(?:((?=@))a)?(?:(?=[ab])\w)*\1a	diff=0/7481	no_auto_possess	
Z15788	no	(?:((?=[\d.]))a)?(?:(?=[ab])\w)*\1a	diff=0/7481	no_auto_possess	
Z15792	no	(?:((?=\W))a)?(?:(?=[ab])\w)*\1a	diff=0/7481	no_auto_possess	
Z15793	yes	(?:((?=@))a)?(?:(?=[ab])\w)?\1	diff=0/7481	no_auto_possess	
Z15794	yes	(?:((?=[\d.]))a)?(?:(?=[ab])\w)?\1	diff=0/7481	no_auto_possess	
Z15795	yes	(?:((?=[ab]))a)?(?:(?=[ab])\w)?\1	diff=0/7481	no_auto_possess	
Z15796	yes	(?:((?=[a-z]))a)?(?:(?=[ab])\w)?\1	diff=0/7481	no_auto_possess	
Z15797	yes	(?:((?=\w))a)?(?:(?=[ab])\w)?\1	diff=0/7481	no_auto_possess	
Z15798	yes	(?:((?=\W))a)?(?:(?=[ab])\w)?\1	diff=0/7481	no_auto_possess	
Z15799	yes	(?:((?=@))a)?(?:(?=[ab])\w)?\1y	diff=0/7481	no_auto_possess	
Z15800	yes	(?:((?=[\d.]))a)?(?:(?=[ab])\w)?\1y	diff=0/7481	no_auto_possess	
Z15801	yes	(?:((?=[ab]))a)?(?:(?=[ab])\w)?\1y	diff=0/7481	no_auto_possess	
Z15802	yes	(?:((?=[a-z]))a)?(?:(?=[ab])\w)?\1y	diff=0/7481	no_auto_possess	
Z15803	yes	(?:((?=\w))a)?(?:(?=[ab])\w)?\1y	diff=0/7481	no_auto_possess	
Z15804	yes	(?:((?=\W))a)?(?:(?=[ab])\w)?\1y	diff=0/7481	no_auto_possess	
Z15805	yes	(?:((?=@))a)?(?:(?=[ab])\w)?\1@	diff=0/7481	no_auto_possess	
Z15806	yes	(?:((?=[\d.]))a)?(?:(?=[ab])\w)?\1@	diff=0/7481	no_auto_possess	
Z15807	yes	(?:((?=[ab]))a)?(?:(?=[ab])\w)?\1@	diff=0/7481	no_auto_possess	
Z15808	yes	(?:((?=[a-z]))a)?(?:(?=[ab])\w)?\1@	diff=0/7481	no_auto_possess	
Z15809	yes	(?:((?=\w))a)?(?:(?=[ab])\w)?\1@	diff=0/7481	no_auto_possess	
Z15810	yes	(?:((?=\W))a)?(?:(?=[ab])\w)?\1@	diff=0/7481	no_auto_possess	
Z15811	no	(?:((?=@))a)?(?:(?=[ab])\w)?\1a	diff=0/7481	no_auto_possess	
Z15812	no	(?:((?=[\d.]))a)?(?:(?=[ab])\w)?\1a	diff=0/7481	no_auto_possess	
Z15816	no	(?:((?=\W))a)?(?:(?=[ab])\w)?\1a	diff=0/7481	no_auto_possess	
Z15817	yes	(?:((?=@))a)?(?:(?=[ab])\w){2,4}\1	diff=0/7481	no_auto_possess	
Z15818	yes	(?:((?=[\d.]))a)?(?:(?=[ab])\w){2,4}\1	diff=0/7481	no_auto_possess	
Z15819	yes	(?:((?=[ab]))a)?(?:(?=[ab])\w){2,4}\1	diff=0/7481	no_auto_possess	
Z15820	yes	(?:((?=[a-z]))a)?(?:(?=[ab])\w){2,4}\1	diff=0/7481	no_auto_possess	
Z15821	yes	(?:((?=\w))a)?(?:(?=[ab])\w){2,4}\1	diff=0/7481	no_auto_possess	
Z15822	yes	(?:((?=\W))a)?(?:(?=[ab])\w){2,4}\1	diff=0/7481	no_auto_possess	
Z15823	yes	(?:((?=@))a)?(?:(?=[ab])\w){2,4}\1y	diff=0/7481	no_auto_possess	
Z15824	yes	(?:((?=[\d.]))a)?(?:(?=[ab])\w){2,4}\1y	diff=0/7481	no_auto_possess	
Z15825	yes	(?:((?=[ab]))a)?(?:(?=[ab])\w){2,4}\1y	diff=0/7481	no_auto_possess	
Z15826	yes	(?:((?=[a-z]))a)?(?:(?=[ab])\w){2,4}\1y	diff=0/7481	no_auto_possess	
Z15827	yes	(?:((?=\w))a)?(?:(?=[ab])\w){2,4}\1y	diff=0/7481	no_auto_possess	
Z15828	yes	(?:((?=\W))a)?(?:(?=[ab])\w){2,4}\1y	diff=0/7481	no_auto_possess	
Z15829	yes	(?:((?=@))a)?(?:(?=[ab])\w){2,4}\1@	diff=0/7481	no_auto_possess	
Z15830	yes	(?:((?=[\d.]))a)?(?:(?=[ab])\w){2,4}\1@	diff=0/7481	no_auto_possess	
Z15831	yes	(?:((?=[ab]))a)?(?:(?=[ab])\w){2,4}\1@	diff=0/7481	no_auto_possess	
Z15832	yes	(?:((?=[a-z]))a)?(?:(?=[ab])\w){2,4}\1@	diff=0/7481	no_auto_possess	
Z15833	yes	(?:((?=\w))a)?(?:(?=[ab])\w){2,4}\1@	diff=0/7481	no_auto_possess	
Z15834	yes	(?:((?=\W))a)?(?:(?=[ab])\w){2,4}\1@	diff=0/7481	no_auto_possess	
Z15835	no	(?:((?=@))a)?(?:(?=[ab])\w){2,4}\1a	diff=0/7481	no_auto_possess	
Z15836	no	(?:((?=[\d.]))a)?(?:(?=[ab])\w){2,4}\1a	diff=0/7481	no_auto_possess	
Z15840	no	(?:((?=\W))a)?(?:(?=[ab])\w){2,4}\1a	diff=0/7481	no_auto_possess	
Z15841	yes	(?:((?=@))a)?(?:(?=[ab])\w){3}\1	diff=0/7481	no_auto_possess	
Z15842	yes	(?:((?=[\d.]))a)?(?:(?=[ab])\w){3}\1	diff=0/7481	no_auto_possess	
Z15843	yes	(?:((?=[ab]))a)?(?:(?=[ab])\w){3}\1	diff=0/7481	no_auto_possess	
Z15844	yes	(?:((?=[a-z]))a)?(?:(?=[ab])\w){3}\1	diff=0/7481	no_auto_possess	
Z15845	yes	(?:((?=\w))a)?(?:(?=[ab])\w){3}\1	diff=0/7481	no_auto_possess	
Z15846	yes	(?:((?=\W))a)?(?:(?=[ab])\w){3}\1	diff=0/7481	no_auto_possess	
Z15847	yes	(?:((?=@))a)?(?:(?=[ab])\w){3}\1y	diff=0/7481	no_auto_possess	
Z15848	yes	(?:((?=[\d.]))a)?(?:(?=[ab])\w){3}\1y	diff=0/7481	no_auto_possess	
Z15849	yes	(?:((?=[ab]))a)?(?:(?=[ab])\w){3}\1y	diff=0/7481	no_auto_possess	
Z15850	yes	(?:((?=[a-z]))a)?(?:(?=[ab])\w){3}\1y	diff=0/7481	no_auto_possess	
Z15851	yes	(?:((?=\w))a)?(?:(?=[ab])\w){3}\1y	diff=0/7481	no_auto_possess	
Z15852	yes	(?:((?=\W))a)?(?:(?=[ab])\w){3}\1y	diff=0/7481	no_auto_possess	
Z15853	yes	(?:((?=@))a)?(?:(?=[ab])\w){3}\1@	diff=0/7481	no_auto_possess	
Z15854	yes	(?:((?=[\d.]))a)?(?:(?=[ab])\w){3}\1@	diff=0/7481	no_auto_possess	
Z15855	yes	(?:((?=[ab]))a)?(?:(?=[ab])\w){3}\1@	diff=0/7481	no_auto_possess	
Z15856	yes	(?:((?=[a-z]))a)?(?:(?=[ab])\w){3}\1@	diff=0/7481	no_auto_possess	
Z15857	yes	(?:((?=\w))a)?(?:(?=[ab])\w){3}\1@	diff=0/7481	no_auto_possess	
Z15858	yes	(?:((?=\W))a)?(?:(?=[ab])\w){3}\1@	diff=0/7481	no_auto_possess	
Z15859	yes	(?:((?=@))a)?(?:(?=[ab])\w){3}\1a	diff=0/7481	no_auto_possess	
Z15860	yes	(?:((?=[\d.]))a)?(?:(?=[ab])\w){3}\1a	diff=0/7481	no_auto_possess	
Z15861	yes	(?:((?=[ab]))a)?(?:(?=[ab])\w){3}\1a	diff=0/7481	no_auto_possess	
Z15862	yes	(?:((?=[a-z]))a)?(?:(?=[ab])\w){3}\1a	diff=0/7481	no_auto_possess	
Z15863	yes	(?:((?=\w))a)?(?:(?=[ab])\w){3}\1a	diff=0/7481	no_auto_possess	
Z15864	yes	(?:((?=\W))a)?(?:(?=[ab])\w){3}\1a	diff=0/7481	no_auto_possess	
Z15865	no	(?:((?=@))a)?(?:(?=[ab])\w)+?\1	diff=0/7481	no_auto_possess	
Z15866	no	(?:((?=[\d.]))a)?(?:(?=[ab])\w)+?\1	diff=0/7481	no_auto_possess	
Z15870	no	(?:((?=\W))a)?(?:(?=[ab])\w)+?\1	diff=0/7481	no_auto_possess	
Z15871	yes	(?:((?=@))a)?(?:(?=[ab])\w)+?\1y	diff=0/7481	no_auto_possess	
Z15872	yes	(?:((?=[\d.]))a)?(?:(?=[ab])\w)+?\1y	diff=0/7481	no_auto_possess	
Z15873	yes	(?:((?=[ab]))a)?(?:(?=[ab])\w)+?\1y	diff=0/7481	no_auto_possess	
Z15874	yes	(?:((?=[a-z]))a)?(?:(?=[ab])\w)+?\1y	diff=0/7481	no_auto_possess	
Z15875	yes	(?:((?=\w))a)?(?:(?=[ab])\w)+?\1y	diff=0/7481	no_auto_possess	
Z15876	yes	(?:((?=\W))a)?(?:(?=[ab])\w)+?\1y	diff=0/7481	no_auto_possess	
Z15877	yes	(?:((?=@))a)?(?:(?=[ab])\w)+?\1@	diff=0/7481	no_auto_possess	
Z15878	yes	(?:((?=[\d.]))a)?(?:(?=[ab])\w)+?\1@	diff=0/7481	no_auto_possess	
Z15879	yes	(?:((?=[ab]))a)?(?:(?=[ab])\w)+?\1@	diff=0/7481	no_auto_possess	
Z15880	yes	(?:((?=[a-z]))a)?(?:(?=[ab])\w)+?\1@	diff=0/7481	no_auto_possess	
Z15881	yes	(?:((?=\w))a)?(?:(?=[ab])\w)+?\1@	diff=0/7481	no_auto_possess	
Z15882	yes	(?:((?=\W))a)?(?:(?=[ab])\w)+?\1@	diff=0/7481	no_auto_possess	
Z15883	no	(?:((?=@))a)?(?:(?=[ab])\w)+?\1a	diff=0/7481	no_auto_possess	
Z15884	no	(?:((?=[\d.]))a)?(?:(?=[ab])\w)+?\1a	diff=0/7481	no_auto_possess	
Z15888	no	(?:((?=\W))a)?(?:(?=[ab])\w)+?\1a	diff=0/7481	no_auto_possess	
Z15889	no	(?:((?=@))a)?(?:(?=[ab])\w)*?\1	diff=0/7481	no_auto_possess	
Z15890	no	(?:((?=[\d.]))a)?(?:(?=[ab])\w)*?\1	diff=0/7481	no_auto_possess	
Z15894	no	(?:((?=\W))a)?(?:(?=[ab])\w)*?\1	diff=0/7481	no_auto_possess	
Z15895	yes	(?:((?=@))a)?(?:(?=[ab])\w)*?\1y	diff=0/7481	no_auto_possess	
Z15896	yes	(?:((?=[\d.]))a)?(?:(?=[ab])\w)*?\1y	diff=0/7481	no_auto_possess	
Z15897	yes	(?:((?=[ab]))a)?(?:(?=[ab])\w)*?\1y	diff=0/7481	no_auto_possess	
Z15898	yes	(?:((?=[a-z]))a)?(?:(?=[ab])\w)*?\1y	diff=0/7481	no_auto_possess	
Z15899	yes	(?:((?=\w))a)?(?:(?=[ab])\w)*?\1y	diff=0/7481	no_auto_possess	
Z15900	yes	(?:((?=\W))a)?(?:(?=[ab])\w)*?\1y	diff=0/7481	no_auto_possess	
Z15901	yes	(?:((?=@))a)?(?:(?=[ab])\w)*?\1@	diff=0/7481	no_auto_possess	
Z15902	yes	(?:((?=[\d.]))a)?(?:(?=[ab])\w)*?\1@	diff=0/7481	no_auto_possess	
Z15903	yes	(?:((?=[ab]))a)?(?:(?=[ab])\w)*?\1@	diff=0/7481	no_auto_possess	
Z15904	yes	(?:((?=[a-z]))a)?(?:(?=[ab])\w)*?\1@	diff=0/7481	no_auto_possess	
Z15905	yes	(?:((?=\w))a)?(?:(?=[ab])\w)*?\1@	diff=0/7481	no_auto_possess	
Z15906	yes	(?:((?=\W))a)?(?:(?=[ab])\w)*?\1@	diff=0/7481	no_auto_possess	
Z15907	no	(?:((?=@))a)?(?:(?=[ab])\w)*?\1a	diff=0/7481	no_auto_possess	
Z15908	no	(?:((?=[\d.]))a)?(?:(?=[ab])\w)*?\1a	diff=0/7481	no_auto_possess	
Z15912	no	(?:((?=\W))a)?(?:(?=[ab])\w)*?\1a	diff=0/7481	no_auto_possess	
Z15913	no	(?:((?=@))a)?(?:(?=[ab])\w){2,4}?\1	diff=0/7481	no_auto_possess	
Z15914	no	(?:((?=[\d.]))a)?(?:(?=[ab])\w){2,4}?\1	diff=0/7481	no_auto_possess	
Z15918	no	(?:((?=\W))a)?(?:(?=[ab])\w){2,4}?\1	diff=0/7481	no_auto_possess	
Z15919	yes	(?:((?=@))a)?(?:(?=[ab])\w){2,4}?\1y	diff=0/7481	no_auto_possess	
Z15920	yes	(?:((?=[\d.]))a)?(?:(?=[ab])\w){2,4}?\1y	diff=0/7481	no_auto_possess	
Z15921	yes	(?:((?=[ab]))a)?(?:(?=[ab])\w){2,4}?\1y	diff=0/7481	no_auto_possess	
Z15922	yes	(?:((?=[a-z]))a)?(?:(?=[ab])\w){2,4}?\1y	diff=0/7481	no_auto_possess	
Z15923	yes	(?:((?=\w))a)?(?:(?=[ab])\w){2,4}?\1y	diff=0/7481	no_auto_possess	
Z15924	yes	(?:((?=\W))a)?(?:(?=[ab])\w){2,4}?\1y	diff=0/7481	no_auto_possess	
Z15925	yes	(?:((?=@))a)?(?:(?=[ab])\w){2,4}?\1@	diff=0/7481	no_auto_possess	
Z15926	yes	(?:((?=[\d.]))a)?(?:(?=[ab])\w){2,4}?\1@	diff=0/7481	no_auto_possess	
Z15927	yes	(?:((?=[ab]))a)?(?:(?=[ab])\w){2,4}?\1@	diff=0/7481	no_auto_possess	
Z15928	yes	(?:((?=[a-z]))a)?(?:(?=[ab])\w){2,4}?\1@	diff=0/7481	no_auto_possess	
Z15929	yes	(?:((?=\w))a)?(?:(?=[ab])\w){2,4}?\1@	diff=0/7481	no_auto_possess	
Z15930	yes	(?:((?=\W))a)?(?:(?=[ab])\w){2,4}?\1@	diff=0/7481	no_auto_possess	
Z15931	no	(?:((?=@))a)?(?:(?=[ab])\w){2,4}?\1a	diff=0/7481	no_auto_possess	
Z15932	no	(?:((?=[\d.]))a)?(?:(?=[ab])\w){2,4}?\1a	diff=0/7481	no_auto_possess	
Z15936	no	(?:((?=\W))a)?(?:(?=[ab])\w){2,4}?\1a	diff=0/7481	no_auto_possess	
Z15937	yes	(?:((?=@))a)?(?:\w(?!\d))+\1	diff=0/7481	no_auto_possess	
Z15938	yes	(?:((?=[\d.]))a)?(?:\w(?!\d))+\1	diff=0/7481	no_auto_possess	
Z15939	yes	(?:((?=[ab]))a)?(?:\w(?!\d))+\1	diff=0/7481	no_auto_possess	
Z15940	yes	(?:((?=[a-z]))a)?(?:\w(?!\d))+\1	diff=0/7481	no_auto_possess	
Z15941	yes	(?:((?=\w))a)?(?:\w(?!\d))+\1	diff=0/7481	no_auto_possess	
Z15942	yes	(?:((?=\W))a)?(?:\w(?!\d))+\1	diff=0/7481	no_auto_possess	
Z15943	no	(?:((?=@))a)?(?:\w(?!\d))+\1y	diff=0/7481	no_auto_possess	
Z15948	no	(?:((?=\W))a)?(?:\w(?!\d))+\1y	diff=0/7481	no_auto_possess	
Z15949	yes	(?:((?=@))a)?(?:\w(?!\d))+\1@	diff=0/7481	no_auto_possess	
Z15950	yes	(?:((?=[\d.]))a)?(?:\w(?!\d))+\1@	diff=0/7481	no_auto_possess	
Z15951	yes	(?:((?=[ab]))a)?(?:\w(?!\d))+\1@	diff=0/7481	no_auto_possess	
Z15952	yes	(?:((?=[a-z]))a)?(?:\w(?!\d))+\1@	diff=0/7481	no_auto_possess	
Z15953	yes	(?:((?=\w))a)?(?:\w(?!\d))+\1@	diff=0/7481	no_auto_possess	
Z15954	yes	(?:((?=\W))a)?(?:\w(?!\d))+\1@	diff=0/7481	no_auto_possess	
Z15955	no	(?:((?=@))a)?(?:\w(?!\d))+\1a	diff=0/7481	no_auto_possess	
Z15960	no	(?:((?=\W))a)?(?:\w(?!\d))+\1a	diff=0/7481	no_auto_possess	
Z15961	yes	(?:((?=@))a)?(?:\w(?!\d))*\1	diff=0/7481	no_auto_possess	
Z15962	yes	(?:((?=[\d.]))a)?(?:\w(?!\d))*\1	diff=0/7481	no_auto_possess	
Z15963	yes	(?:((?=[ab]))a)?(?:\w(?!\d))*\1	diff=0/7481	no_auto_possess	
Z15964	yes	(?:((?=[a-z]))a)?(?:\w(?!\d))*\1	diff=0/7481	no_auto_possess	
Z15965	yes	(?:((?=\w))a)?(?:\w(?!\d))*\1	diff=0/7481	no_auto_possess	
Z15966	yes	(?:((?=\W))a)?(?:\w(?!\d))*\1	diff=0/7481	no_auto_possess	
Z15967	no	(?:((?=@))a)?(?:\w(?!\d))*\1y	diff=0/7481	no_auto_possess	
Z15972	no	(?:((?=\W))a)?(?:\w(?!\d))*\1y	diff=0/7481	no_auto_possess	
Z15973	yes	(?:((?=@))a)?(?:\w(?!\d))*\1@	diff=0/7481	no_auto_possess	
Z15974	yes	(?:((?=[\d.]))a)?(?:\w(?!\d))*\1@	diff=0/7481	no_auto_possess	
Z15975	yes	(?:((?=[ab]))a)?(?:\w(?!\d))*\1@	diff=0/7481	no_auto_possess	
Z15976	yes	(?:((?=[a-z]))a)?(?:\w(?!\d))*\1@	diff=0/7481	no_auto_possess	
Z15977	yes	(?:((?=\w))a)?(?:\w(?!\d))*\1@	diff=0/7481	no_auto_possess	
Z15978	yes	(?:((?=\W))a)?(?:\w(?!\d))*\1@	diff=0/7481	no_auto_possess	
Z15979	no	(?:((?=@))a)?(?:\w(?!\d))*\1a	diff=0/7481	no_auto_possess	
Z15984	no	(?:((?=\W))a)?(?:\w(?!\d))*\1a	diff=0/7481	no_auto_possess	
Z15985	yes	(?:((?=@))a)?(?:\w(?!\d))?\1	diff=0/7481	no_auto_possess	
Z15986	yes	(?:((?=[\d.]))a)?(?:\w(?!\d))?\1	diff=0/7481	no_auto_possess	
Z15987	yes	(?:((?=[ab]))a)?(?:\w(?!\d))?\1	diff=0/7481	no_auto_possess	
Z15988	yes	(?:((?=[a-z]))a)?(?:\w(?!\d))?\1	diff=0/7481	no_auto_possess	
Z15989	yes	(?:((?=\w))a)?(?:\w(?!\d))?\1	diff=0/7481	no_auto_possess	
Z15990	yes	(?:((?=\W))a)?(?:\w(?!\d))?\1	diff=0/7481	no_auto_possess	
Z15991	no	(?:((?=@))a)?(?:\w(?!\d))?\1y	diff=0/7481	no_auto_possess	
Z15996	no	(?:((?=\W))a)?(?:\w(?!\d))?\1y	diff=0/7481	no_auto_possess	
Z15997	yes	(?:((?=@))a)?(?:\w(?!\d))?\1@	diff=0/7481	no_auto_possess	
Z15998	yes	(?:((?=[\d.]))a)?(?:\w(?!\d))?\1@	diff=0/7481	no_auto_possess	
Z15999	yes	(?:((?=[ab]))a)?(?:\w(?!\d))?\1@	diff=0/7481	no_auto_possess	
Z16000	yes	(?:((?=[a-z]))a)?(?:\w(?!\d))?\1@	diff=0/7481	no_auto_possess	
Z16001	yes	(?:((?=\w))a)?(?:\w(?!\d))?\1@	diff=0/7481	no_auto_possess	
Z16002	yes	(?:((?=\W))a)?(?:\w(?!\d))?\1@	diff=0/7481	no_auto_possess	
Z16003	no	(?:((?=@))a)?(?:\w(?!\d))?\1a	diff=0/7481	no_auto_possess	
Z16008	no	(?:((?=\W))a)?(?:\w(?!\d))?\1a	diff=0/7481	no_auto_possess	
Z16009	yes	(?:((?=@))a)?(?:\w(?!\d)){2,4}\1	diff=0/7481	no_auto_possess	
Z16010	yes	(?:((?=[\d.]))a)?(?:\w(?!\d)){2,4}\1	diff=0/7481	no_auto_possess	
Z16011	yes	(?:((?=[ab]))a)?(?:\w(?!\d)){2,4}\1	diff=0/7481	no_auto_possess	
Z16012	yes	(?:((?=[a-z]))a)?(?:\w(?!\d)){2,4}\1	diff=0/7481	no_auto_possess	
Z16013	yes	(?:((?=\w))a)?(?:\w(?!\d)){2,4}\1	diff=0/7481	no_auto_possess	
Z16014	yes	(?:((?=\W))a)?(?:\w(?!\d)){2,4}\1	diff=0/7481	no_auto_possess	
Z16015	no	(?:((?=@))a)?(?:\w(?!\d)){2,4}\1y	diff=0/7481	no_auto_possess	
Z16020	no	(?:((?=\W))a)?(?:\w(?!\d)){2,4}\1y	diff=0/7481	no_auto_possess	
Z16021	yes	(?:((?=@))a)?(?:\w(?!\d)){2,4}\1@	diff=0/7481	no_auto_possess	
Z16022	yes	(?:((?=[\d.]))a)?(?:\w(?!\d)){2,4}\1@	diff=0/7481	no_auto_possess	
Z16023	yes	(?:((?=[ab]))a)?(?:\w(?!\d)){2,4}\1@	diff=0/7481	no_auto_possess	
Z16024	yes	(?:((?=[a-z]))a)?(?:\w(?!\d)){2,4}\1@	diff=0/7481	no_auto_possess	
Z16025	yes	(?:((?=\w))a)?(?:\w(?!\d)){2,4}\1@	diff=0/7481	no_auto_possess	
Z16026	yes	(?:((?=\W))a)?(?:\w(?!\d)){2,4}\1@	diff=0/7481	no_auto_possess	
Z16027	no	(?:((?=@))a)?(?:\w(?!\d)){2,4}\1a	diff=0/7481	no_auto_possess	
Z16032	no	(?:((?=\W))a)?(?:\w(?!\d)){2,4}\1a	diff=0/7481	no_auto_possess	
Z16033	yes	(?:((?=@))a)?(?:\w(?!\d)){3}\1	diff=0/7481	no_auto_possess	
Z16034	yes	(?:((?=[\d.]))a)?(?:\w(?!\d)){3}\1	diff=0/7481	no_auto_possess	
Z16035	yes	(?:((?=[ab]))a)?(?:\w(?!\d)){3}\1	diff=0/7481	no_auto_possess	
Z16036	yes	(?:((?=[a-z]))a)?(?:\w(?!\d)){3}\1	diff=0/7481	no_auto_possess	
Z16037	yes	(?:((?=\w))a)?(?:\w(?!\d)){3}\1	diff=0/7481	no_auto_possess	
Z16038	yes	(?:((?=\W))a)?(?:\w(?!\d)){3}\1	diff=0/7481	no_auto_possess	
Z16039	yes	(?:((?=@))a)?(?:\w(?!\d)){3}\1y	diff=0/7481	no_auto_possess	
Z16040	yes	(?:((?=[\d.]))a)?(?:\w(?!\d)){3}\1y	diff=0/7481	no_auto_possess	
Z16041	yes	(?:((?=[ab]))a)?(?:\w(?!\d)){3}\1y	diff=0/7481	no_auto_possess	
Z16042	yes	(?:((?=[a-z]))a)?(?:\w(?!\d)){3}\1y	diff=0/7481	no_auto_possess	
Z16043	yes	(?:((?=\w))a)?(?:\w(?!\d)){3}\1y	diff=0/7481	no_auto_possess	
Z16044	yes	(?:((?=\W))a)?(?:\w(?!\d)){3}\1y	diff=0/7481	no_auto_possess	
Z16045	yes	(?:((?=@))a)?(?:\w(?!\d)){3}\1@	diff=0/7481	no_auto_possess	
Z16046	yes	(?:((?=[\d.]))a)?(?:\w(?!\d)){3}\1@	diff=0/7481	no_auto_possess	
Z16047	yes	(?:((?=[ab]))a)?(?:\w(?!\d)){3}\1@	diff=0/7481	no_auto_possess	
Z16048	yes	(?:((?=[a-z]))a)?(?:\w(?!\d)){3}\1@	diff=0/7481	no_auto_possess	
Z16049	yes	(?:((?=\w))a)?(?:\w(?!\d)){3}\1@	diff=0/7481	no_auto_possess	
Z16050	yes	(?:((?=\W))a)?(?:\w(?!\d)){3}\1@	diff=0/7481	no_auto_possess	
Z16051	yes	(?:((?=@))a)?(?:\w(?!\d)){3}\1a	diff=0/7481	no_auto_possess	
Z16052	yes	(?:((?=[\d.]))a)?(?:\w(?!\d)){3}\1a	diff=0/7481	no_auto_possess	
Z16053	yes	(?:((?=[ab]))a)?(?:\w(?!\d)){3}\1a	diff=0/7481	no_auto_possess	
Z16054	yes	(?:((?=[a-z]))a)?(?:\w(?!\d)){3}\1a	diff=0/7481	no_auto_possess	
Z16055	yes	(?:((?=\w))a)?(?:\w(?!\d)){3}\1a	diff=0/7481	no_auto_possess	
Z16056	yes	(?:((?=\W))a)?(?:\w(?!\d)){3}\1a	diff=0/7481	no_auto_possess	
Z16057	no	(?:((?=@))a)?(?:\w(?!\d))+?\1	diff=0/7481	no_auto_possess	
Z16062	no	(?:((?=\W))a)?(?:\w(?!\d))+?\1	diff=0/7481	no_auto_possess	
Z16063	no	(?:((?=@))a)?(?:\w(?!\d))+?\1y	diff=0/7481	no_auto_possess	
Z16068	no	(?:((?=\W))a)?(?:\w(?!\d))+?\1y	diff=0/7481	no_auto_possess	
Z16069	yes	(?:((?=@))a)?(?:\w(?!\d))+?\1@	diff=0/7481	no_auto_possess	
Z16070	yes	(?:((?=[\d.]))a)?(?:\w(?!\d))+?\1@	diff=0/7481	no_auto_possess	
Z16071	yes	(?:((?=[ab]))a)?(?:\w(?!\d))+?\1@	diff=0/7481	no_auto_possess	
Z16072	yes	(?:((?=[a-z]))a)?(?:\w(?!\d))+?\1@	diff=0/7481	no_auto_possess	
Z16073	yes	(?:((?=\w))a)?(?:\w(?!\d))+?\1@	diff=0/7481	no_auto_possess	
Z16074	yes	(?:((?=\W))a)?(?:\w(?!\d))+?\1@	diff=0/7481	no_auto_possess	
Z16075	no	(?:((?=@))a)?(?:\w(?!\d))+?\1a	diff=0/7481	no_auto_possess	
Z16080	no	(?:((?=\W))a)?(?:\w(?!\d))+?\1a	diff=0/7481	no_auto_possess	
Z16081	no	(?:((?=@))a)?(?:\w(?!\d))*?\1	diff=0/7481	no_auto_possess	
Z16086	no	(?:((?=\W))a)?(?:\w(?!\d))*?\1	diff=0/7481	no_auto_possess	
Z16087	no	(?:((?=@))a)?(?:\w(?!\d))*?\1y	diff=0/7481	no_auto_possess	
Z16092	no	(?:((?=\W))a)?(?:\w(?!\d))*?\1y	diff=0/7481	no_auto_possess	
Z16093	yes	(?:((?=@))a)?(?:\w(?!\d))*?\1@	diff=0/7481	no_auto_possess	
Z16094	yes	(?:((?=[\d.]))a)?(?:\w(?!\d))*?\1@	diff=0/7481	no_auto_possess	
Z16095	yes	(?:((?=[ab]))a)?(?:\w(?!\d))*?\1@	diff=0/7481	no_auto_possess	
Z16096	yes	(?:((?=[a-z]))a)?(?:\w(?!\d))*?\1@	diff=0/7481	no_auto_possess	
Z16097	yes	(?:((?=\w))a)?(?:\w(?!\d))*?\1@	diff=0/7481	no_auto_possess	
Z16098	yes	(?:((?=\W))a)?(?:\w(?!\d))*?\1@	diff=0/7481	no_auto_possess	
Z16099	no	(?:((?=@))a)?(?:\w(?!\d))*?\1a	diff=0/7481	no_auto_possess	
Z16104	no	(?:((?=\W))a)?(?:\w(?!\d))*?\1a	diff=0/7481	no_auto_possess	
Z16105	no	(?:((?=@))a)?(?:\w(?!\d)){2,4}?\1	diff=0/7481	no_auto_possess	
Z16110	no	(?:((?=\W))a)?(?:\w(?!\d)){2,4}?\1	diff=0/7481	no_auto_possess	
Z16111	no	(?:((?=@))a)?(?:\w(?!\d)){2,4}?\1y	diff=0/7481	no_auto_possess	
Z16116	no	(?:((?=\W))a)?(?:\w(?!\d)){2,4}?\1y	diff=0/7481	no_auto_possess	
Z16117	yes	(?:((?=@))a)?(?:\w(?!\d)){2,4}?\1@	diff=0/7481	no_auto_possess	
Z16118	yes	(?:((?=[\d.]))a)?(?:\w(?!\d)){2,4}?\1@	diff=0/7481	no_auto_possess	
Z16119	yes	(?:((?=[ab]))a)?(?:\w(?!\d)){2,4}?\1@	diff=0/7481	no_auto_possess	
Z16120	yes	(?:((?=[a-z]))a)?(?:\w(?!\d)){2,4}?\1@	diff=0/7481	no_auto_possess	
Z16121	yes	(?:((?=\w))a)?(?:\w(?!\d)){2,4}?\1@	diff=0/7481	no_auto_possess	
Z16122	yes	(?:((?=\W))a)?(?:\w(?!\d)){2,4}?\1@	diff=0/7481	no_auto_possess	
Z16123	no	(?:((?=@))a)?(?:\w(?!\d)){2,4}?\1a	diff=0/7481	no_auto_possess	
Z16128	no	(?:((?=\W))a)?(?:\w(?!\d)){2,4}?\1a	diff=0/7481	no_auto_possess	
Z16129	no	((?=@)z)[a-z]+\1	diff=0/7481	no_auto_possess	
Z16130	no	((?=[\d.])z)[a-z]+\1	diff=0/7481	no_auto_possess	
Z16134	no	((?=\W)z)[a-z]+\1	diff=0/7481	no_auto_possess	
Z16135	no	((?=@)z)[a-z]+\1y	diff=0/7481	no_auto_possess	
Z16136	no	((?=[\d.])z)[a-z]+\1y	diff=0/7481	no_auto_possess	
Z16140	no	((?=\W)z)[a-z]+\1y	diff=0/7481	no_auto_possess	
Z16141	no	((?=@)z)[a-z]+\1@	diff=0/7481	no_auto_possess	
Z16142	no	((?=[\d.])z)[a-z]+\1@	diff=0/7481	no_auto_possess	
Z16146	no	((?=\W)z)[a-z]+\1@	diff=0/7481	no_auto_possess	
Z16147	no	((?=@)z)[a-z]+\1a	diff=0/7481	no_auto_possess	
Z16148	no	((?=[\d.])z)[a-z]+\1a	diff=0/7481	no_auto_possess	
Z16152	no	((?=\W)z)[a-z]+\1a	diff=0/7481	no_auto_possess	
Z16153	no	((?=@)z)[a-z]*\1	diff=0/7481	no_auto_possess	
Z16154	no	((?=[\d.])z)[a-z]*\1	diff=0/7481	no_auto_possess	
Z16158	no	((?=\W)z)[a-z]*\1	diff=0/7481	no_auto_possess	
Z16159	no	((?=@)z)[a-z]*\1y	diff=0/7481	no_auto_possess	
Z16160	no	((?=[\d.])z)[a-z]*\1y	diff=0/7481	no_auto_possess	
Z16164	no	((?=\W)z)[a-z]*\1y	diff=0/7481	no_auto_possess	
Z16165	no	((?=@)z)[a-z]*\1@	diff=0/7481	no_auto_possess	
Z16166	no	((?=[\d.])z)[a-z]*\1@	diff=0/7481	no_auto_possess	
Z16170	no	((?=\W)z)[a-z]*\1@	diff=0/7481	no_auto_possess	
Z16171	no	((?=@)z)[a-z]*\1a	diff=0/7481	no_auto_possess	
Z16172	no	((?=[\d.])z)[a-z]*\1a	diff=0/7481	no_auto_possess	
Z16176	no	((?=\W)z)[a-z]*\1a	diff=0/7481	no_auto_possess	
Z16177	no	((?=@)z)[a-z]?\1	diff=0/7481	no_auto_possess	
Z16178	no	((?=[\d.])z)[a-z]?\1	diff=0/7481	no_auto_possess	
Z16182	no	((?=\W)z)[a-z]?\1	diff=0/7481	no_auto_possess	
Z16183	no	((?=@)z)[a-z]?\1y	diff=0/7481	no_auto_possess	
Z16184	no	((?=[\d.])z)[a-z]?\1y	diff=0/7481	no_auto_possess	
Z16188	no	((?=\W)z)[a-z]?\1y	diff=0/7481	no_auto_possess	
Z16189	no	((?=@)z)[a-z]?\1@	diff=0/7481	no_auto_possess	
Z16190	no	((?=[\d.])z)[a-z]?\1@	diff=0/7481	no_auto_possess	
Z16194	no	((?=\W)z)[a-z]?\1@	diff=0/7481	no_auto_possess	
Z16195	no	((?=@)z)[a-z]?\1a	diff=0/7481	no_auto_possess	
Z16196	no	((?=[\d.])z)[a-z]?\1a	diff=0/7481	no_auto_possess	
Z16200	no	((?=\W)z)[a-z]?\1a	diff=0/7481	no_auto_possess	
Z16201	no	((?=@)z)[a-z]{2,4}\1	diff=0/7481	no_auto_possess	
Z16202	no	((?=[\d.])z)[a-z]{2,4}\1	diff=0/7481	no_auto_possess	
Z16206	no	((?=\W)z)[a-z]{2,4}\1	diff=0/7481	no_auto_possess	
Z16207	no	((?=@)z)[a-z]{2,4}\1y	diff=0/7481	no_auto_possess	
Z16208	no	((?=[\d.])z)[a-z]{2,4}\1y	diff=0/7481	no_auto_possess	
Z16212	no	((?=\W)z)[a-z]{2,4}\1y	diff=0/7481	no_auto_possess	
Z16213	no	((?=@)z)[a-z]{2,4}\1@	diff=0/7481	no_auto_possess	
Z16214	no	((?=[\d.])z)[a-z]{2,4}\1@	diff=0/7481	no_auto_possess	
Z16218	no	((?=\W)z)[a-z]{2,4}\1@	diff=0/7481	no_auto_possess	
Z16219	no	((?=@)z)[a-z]{2,4}\1a	diff=0/7481	no_auto_possess	
Z16220	no	((?=[\d.])z)[a-z]{2,4}\1a	diff=0/7481	no_auto_possess	
Z16224	no	((?=\W)z)[a-z]{2,4}\1a	diff=0/7481	no_auto_possess	
Z16225	yes	((?=@)z)[a-z]{3}\1	diff=0/7481	no_auto_possess	
Z16226	yes	((?=[\d.])z)[a-z]{3}\1	diff=0/7481	no_auto_possess	
Z16227	yes	((?=[ab])z)[a-z]{3}\1	diff=0/7481	no_auto_possess	
Z16228	yes	((?=[a-z])z)[a-z]{3}\1	diff=0/7481	no_auto_possess	
Z16229	yes	((?=\w)z)[a-z]{3}\1	diff=0/7481	no_auto_possess	
Z16230	yes	((?=\W)z)[a-z]{3}\1	diff=0/7481	no_auto_possess	
Z16231	yes	((?=@)z)[a-z]{3}\1y	diff=0/7481	no_auto_possess	
Z16232	yes	((?=[\d.])z)[a-z]{3}\1y	diff=0/7481	no_auto_possess	
Z16233	yes	((?=[ab])z)[a-z]{3}\1y	diff=0/7481	no_auto_possess	
Z16234	yes	((?=[a-z])z)[a-z]{3}\1y	diff=0/7481	no_auto_possess	
Z16235	yes	((?=\w)z)[a-z]{3}\1y	diff=0/7481	no_auto_possess	
Z16236	yes	((?=\W)z)[a-z]{3}\1y	diff=0/7481	no_auto_possess	
Z16237	yes	((?=@)z)[a-z]{3}\1@	diff=0/7481	no_auto_possess	
Z16238	yes	((?=[\d.])z)[a-z]{3}\1@	diff=0/7481	no_auto_possess	
Z16239	yes	((?=[ab])z)[a-z]{3}\1@	diff=0/7481	no_auto_possess	
Z16240	yes	((?=[a-z])z)[a-z]{3}\1@	diff=0/7481	no_auto_possess	
Z16241	yes	((?=\w)z)[a-z]{3}\1@	diff=0/7481	no_auto_possess	
Z16242	yes	((?=\W)z)[a-z]{3}\1@	diff=0/7481	no_auto_possess	
Z16243	yes	((?=@)z)[a-z]{3}\1a	diff=0/7481	no_auto_possess	
Z16244	yes	((?=[\d.])z)[a-z]{3}\1a	diff=0/7481	no_auto_possess	
Z16245	yes	((?=[ab])z)[a-z]{3}\1a	diff=0/7481	no_auto_possess	
Z16246	yes	((?=[a-z])z)[a-z]{3}\1a	diff=0/7481	no_auto_possess	
Z16247	yes	((?=\w)z)[a-z]{3}\1a	diff=0/7481	no_auto_possess	
Z16248	yes	((?=\W)z)[a-z]{3}\1a	diff=0/7481	no_auto_possess	
Z16249	no	((?=@)z)[a-z]+?\1	diff=0/7481	no_auto_possess	
Z16250	no	((?=[\d.])z)[a-z]+?\1	diff=0/7481	no_auto_possess	
Z16254	no	((?=\W)z)[a-z]+?\1	diff=0/7481	no_auto_possess	
Z16255	no	((?=@)z)[a-z]+?\1y	diff=0/7481	no_auto_possess	
Z16256	no	((?=[\d.])z)[a-z]+?\1y	diff=0/7481	no_auto_possess	
Z16260	no	((?=\W)z)[a-z]+?\1y	diff=0/7481	no_auto_possess	
Z16261	no	((?=@)z)[a-z]+?\1@	diff=0/7481	no_auto_possess	
Z16262	no	((?=[\d.])z)[a-z]+?\1@	diff=0/7481	no_auto_possess	
Z16266	no	((?=\W)z)[a-z]+?\1@	diff=0/7481	no_auto_possess	
Z16267	no	((?=@)z)[a-z]+?\1a	diff=0/7481	no_auto_possess	
Z16268	no	((?=[\d.])z)[a-z]+?\1a	diff=0/7481	no_auto_possess	
Z16272	no	((?=\W)z)[a-z]+?\1a	diff=0/7481	no_auto_possess	
Z16273	no	((?=@)z)[a-z]*?\1	diff=0/7481	no_auto_possess	
Z16274	no	((?=[\d.])z)[a-z]*?\1	diff=0/7481	no_auto_possess	
Z16278	no	((?=\W)z)[a-z]*?\1	diff=0/7481	no_auto_possess	
Z16279	no	((?=@)z)[a-z]*?\1y	diff=0/7481	no_auto_possess	
Z16280	no	((?=[\d.])z)[a-z]*?\1y	diff=0/7481	no_auto_possess	
Z16284	no	((?=\W)z)[a-z]*?\1y	diff=0/7481	no_auto_possess	
Z16285	no	((?=@)z)[a-z]*?\1@	diff=0/7481	no_auto_possess	
Z16286	no	((?=[\d.])z)[a-z]*?\1@	diff=0/7481	no_auto_possess	
Z16290	no	((?=\W)z)[a-z]*?\1@	diff=0/7481	no_auto_possess	
Z16291	no	((?=@)z)[a-z]*?\1a	diff=0/7481	no_auto_possess	
Z16292	no	((?=[\d.])z)[a-z]*?\1a	diff=0/7481	no_auto_possess	
Z16296	no	((?=\W)z)[a-z]*?\1a	diff=0/7481	no_auto_possess	
Z16297	no	((?=@)z)[a-z]{2,4}?\1	diff=0/7481	no_auto_possess	
Z16298	no	((?=[\d.])z)[a-z]{2,4}?\1	diff=0/7481	no_auto_possess	
Z16302	no	((?=\W)z)[a-z]{2,4}?\1	diff=0/7481	no_auto_possess	
Z16303	no	((?=@)z)[a-z]{2,4}?\1y	diff=0/7481	no_auto_possess	
Z16304	no	((?=[\d.])z)[a-z]{2,4}?\1y	diff=0/7481	no_auto_possess	
Z16308	no	((?=\W)z)[a-z]{2,4}?\1y	diff=0/7481	no_auto_possess	
Z16309	no	((?=@)z)[a-z]{2,4}?\1@	diff=0/7481	no_auto_possess	
Z16310	no	((?=[\d.])z)[a-z]{2,4}?\1@	diff=0/7481	no_auto_possess	
Z16314	no	((?=\W)z)[a-z]{2,4}?\1@	diff=0/7481	no_auto_possess	
Z16315	no	((?=@)z)[a-z]{2,4}?\1a	diff=0/7481	no_auto_possess	
Z16316	no	((?=[\d.])z)[a-z]{2,4}?\1a	diff=0/7481	no_auto_possess	
Z16320	no	((?=\W)z)[a-z]{2,4}?\1a	diff=0/7481	no_auto_possess	
Z16321	yes	((?=@)z)\d+\1	diff=0/7481	no_auto_possess	
Z16322	yes	((?=[\d.])z)\d+\1	diff=0/7481	no_auto_possess	
Z16323	yes	((?=[ab])z)\d+\1	diff=0/7481	no_auto_possess	
Z16324	yes	((?=[a-z])z)\d+\1	diff=0/7481	no_auto_possess	
Z16325	yes	((?=\w)z)\d+\1	diff=0/7481	no_auto_possess	
Z16326	yes	((?=\W)z)\d+\1	diff=0/7481	no_auto_possess	
Z16327	yes	((?=@)z)\d+\1y	diff=0/7481	no_auto_possess	
Z16328	yes	((?=[\d.])z)\d+\1y	diff=0/7481	no_auto_possess	
Z16329	yes	((?=[ab])z)\d+\1y	diff=0/7481	no_auto_possess	
Z16330	yes	((?=[a-z])z)\d+\1y	diff=0/7481	no_auto_possess	
Z16331	yes	((?=\w)z)\d+\1y	diff=0/7481	no_auto_possess	
Z16332	yes	((?=\W)z)\d+\1y	diff=0/7481	no_auto_possess	
Z16333	yes	((?=@)z)\d+\1@	diff=0/7481	no_auto_possess	
Z16334	yes	((?=[\d.])z)\d+\1@	diff=0/7481	no_auto_possess	
Z16335	yes	((?=[ab])z)\d+\1@	diff=0/7481	no_auto_possess	
Z16336	yes	((?=[a-z])z)\d+\1@	diff=0/7481	no_auto_possess	
Z16337	yes	((?=\w)z)\d+\1@	diff=0/7481	no_auto_possess	
Z16338	yes	((?=\W)z)\d+\1@	diff=0/7481	no_auto_possess	
Z16339	yes	((?=@)z)\d+\1a	diff=0/7481	no_auto_possess	
Z16340	yes	((?=[\d.])z)\d+\1a	diff=0/7481	no_auto_possess	
Z16341	yes	((?=[ab])z)\d+\1a	diff=0/7481	no_auto_possess	
Z16342	yes	((?=[a-z])z)\d+\1a	diff=0/7481	no_auto_possess	
Z16343	yes	((?=\w)z)\d+\1a	diff=0/7481	no_auto_possess	
Z16344	yes	((?=\W)z)\d+\1a	diff=0/7481	no_auto_possess	
Z16345	yes	((?=@)z)\d*\1	diff=0/7481	no_auto_possess	
Z16346	yes	((?=[\d.])z)\d*\1	diff=0/7481	no_auto_possess	
Z16347	yes	((?=[ab])z)\d*\1	diff=0/7481	no_auto_possess	
Z16348	yes	((?=[a-z])z)\d*\1	diff=0/7481	no_auto_possess	
Z16349	yes	((?=\w)z)\d*\1	diff=0/7481	no_auto_possess	
Z16350	yes	((?=\W)z)\d*\1	diff=0/7481	no_auto_possess	
Z16351	yes	((?=@)z)\d*\1y	diff=0/7481	no_auto_possess	
Z16352	yes	((?=[\d.])z)\d*\1y	diff=0/7481	no_auto_possess	
Z16353	yes	((?=[ab])z)\d*\1y	diff=0/7481	no_auto_possess	
Z16354	yes	((?=[a-z])z)\d*\1y	diff=0/7481	no_auto_possess	
Z16355	yes	((?=\w)z)\d*\1y	diff=0/7481	no_auto_possess	
Z16356	yes	((?=\W)z)\d*\1y	diff=0/7481	no_auto_possess	
Z16357	yes	((?=@)z)\d*\1@	diff=0/7481	no_auto_possess	
Z16358	yes	((?=[\d.])z)\d*\1@	diff=0/7481	no_auto_possess	
Z16359	yes	((?=[ab])z)\d*\1@	diff=0/7481	no_auto_possess	
Z16360	yes	((?=[a-z])z)\d*\1@	diff=0/7481	no_auto_possess	
Z16361	yes	((?=\w)z)\d*\1@	diff=0/7481	no_auto_possess	
Z16362	yes	((?=\W)z)\d*\1@	diff=0/7481	no_auto_possess	
Z16363	yes	((?=@)z)\d*\1a	diff=0/7481	no_auto_possess	
Z16364	yes	((?=[\d.])z)\d*\1a	diff=0/7481	no_auto_possess	
Z16365	yes	((?=[ab])z)\d*\1a	diff=0/7481	no_auto_possess	
Z16366	yes	((?=[a-z])z)\d*\1a	diff=0/7481	no_auto_possess	
Z16367	yes	((?=\w)z)\d*\1a	diff=0/7481	no_auto_possess	
Z16368	yes	((?=\W)z)\d*\1a	diff=0/7481	no_auto_possess	
Z16369	yes	((?=@)z)\d?\1	diff=0/7481	no_auto_possess	
Z16370	yes	((?=[\d.])z)\d?\1	diff=0/7481	no_auto_possess	
Z16371	yes	((?=[ab])z)\d?\1	diff=0/7481	no_auto_possess	
Z16372	yes	((?=[a-z])z)\d?\1	diff=0/7481	no_auto_possess	
Z16373	yes	((?=\w)z)\d?\1	diff=0/7481	no_auto_possess	
Z16374	yes	((?=\W)z)\d?\1	diff=0/7481	no_auto_possess	
Z16375	yes	((?=@)z)\d?\1y	diff=0/7481	no_auto_possess	
Z16376	yes	((?=[\d.])z)\d?\1y	diff=0/7481	no_auto_possess	
Z16377	yes	((?=[ab])z)\d?\1y	diff=0/7481	no_auto_possess	
Z16378	yes	((?=[a-z])z)\d?\1y	diff=0/7481	no_auto_possess	
Z16379	yes	((?=\w)z)\d?\1y	diff=0/7481	no_auto_possess	
Z16380	yes	((?=\W)z)\d?\1y	diff=0/7481	no_auto_possess	
Z16381	yes	((?=@)z)\d?\1@	diff=0/7481	no_auto_possess	
Z16382	yes	((?=[\d.])z)\d?\1@	diff=0/7481	no_auto_possess	
Z16383	yes	((?=[ab])z)\d?\1@	diff=0/7481	no_auto_possess	
Z16384	yes	((?=[a-z])z)\d?\1@	diff=0/7481	no_auto_possess	
Z16385	yes	((?=\w)z)\d?\1@	diff=0/7481	no_auto_possess	
Z16386	yes	((?=\W)z)\d?\1@	diff=0/7481	no_auto_possess	
Z16387	yes	((?=@)z)\d?\1a	diff=0/7481	no_auto_possess	
Z16388	yes	((?=[\d.])z)\d?\1a	diff=0/7481	no_auto_possess	
Z16389	yes	((?=[ab])z)\d?\1a	diff=0/7481	no_auto_possess	
Z16390	yes	((?=[a-z])z)\d?\1a	diff=0/7481	no_auto_possess	
Z16391	yes	((?=\w)z)\d?\1a	diff=0/7481	no_auto_possess	
Z16392	yes	((?=\W)z)\d?\1a	diff=0/7481	no_auto_possess	
Z16393	yes	((?=@)z)\d{2,4}\1	diff=0/7481	no_auto_possess	
Z16394	yes	((?=[\d.])z)\d{2,4}\1	diff=0/7481	no_auto_possess	
Z16395	yes	((?=[ab])z)\d{2,4}\1	diff=0/7481	no_auto_possess	
Z16396	yes	((?=[a-z])z)\d{2,4}\1	diff=0/7481	no_auto_possess	
Z16397	yes	((?=\w)z)\d{2,4}\1	diff=0/7481	no_auto_possess	
Z16398	yes	((?=\W)z)\d{2,4}\1	diff=0/7481	no_auto_possess	
Z16399	yes	((?=@)z)\d{2,4}\1y	diff=0/7481	no_auto_possess	
Z16400	yes	((?=[\d.])z)\d{2,4}\1y	diff=0/7481	no_auto_possess	
Z16401	yes	((?=[ab])z)\d{2,4}\1y	diff=0/7481	no_auto_possess	
Z16402	yes	((?=[a-z])z)\d{2,4}\1y	diff=0/7481	no_auto_possess	
Z16403	yes	((?=\w)z)\d{2,4}\1y	diff=0/7481	no_auto_possess	
Z16404	yes	((?=\W)z)\d{2,4}\1y	diff=0/7481	no_auto_possess	
Z16405	yes	((?=@)z)\d{2,4}\1@	diff=0/7481	no_auto_possess	
Z16406	yes	((?=[\d.])z)\d{2,4}\1@	diff=0/7481	no_auto_possess	
Z16407	yes	((?=[ab])z)\d{2,4}\1@	diff=0/7481	no_auto_possess	
Z16408	yes	((?=[a-z])z)\d{2,4}\1@	diff=0/7481	no_auto_possess	
Z16409	yes	((?=\w)z)\d{2,4}\1@	diff=0/7481	no_auto_possess	
Z16410	yes	((?=\W)z)\d{2,4}\1@	diff=0/7481	no_auto_possess	
Z16411	yes	((?=@)z)\d{2,4}\1a	diff=0/7481	no_auto_possess	
Z16412	yes	((?=[\d.])z)\d{2,4}\1a	diff=0/7481	no_auto_possess	
Z16413	yes	((?=[ab])z)\d{2,4}\1a	diff=0/7481	no_auto_possess	
Z16414	yes	((?=[a-z])z)\d{2,4}\1a	diff=0/7481	no_auto_possess	
Z16415	yes	((?=\w)z)\d{2,4}\1a	diff=0/7481	no_auto_possess	
Z16416	yes	((?=\W)z)\d{2,4}\1a	diff=0/7481	no_auto_possess	
Z16417	yes	((?=@)z)\d{3}\1	diff=0/7481	no_auto_possess	
Z16418	yes	((?=[\d.])z)\d{3}\1	diff=0/7481	no_auto_possess	
Z16419	yes	((?=[ab])z)\d{3}\1	diff=0/7481	no_auto_possess	
Z16420	yes	((?=[a-z])z)\d{3}\1	diff=0/7481	no_auto_possess	
Z16421	yes	((?=\w)z)\d{3}\1	diff=0/7481	no_auto_possess	
Z16422	yes	((?=\W)z)\d{3}\1	diff=0/7481	no_auto_possess	
Z16423	yes	((?=@)z)\d{3}\1y	diff=0/7481	no_auto_possess	
Z16424	yes	((?=[\d.])z)\d{3}\1y	diff=0/7481	no_auto_possess	
Z16425	yes	((?=[ab])z)\d{3}\1y	diff=0/7481	no_auto_possess	
Z16426	yes	((?=[a-z])z)\d{3}\1y	diff=0/7481	no_auto_possess	
Z16427	yes	((?=\w)z)\d{3}\1y	diff=0/7481	no_auto_possess	
Z16428	yes	((?=\W)z)\d{3}\1y	diff=0/7481	no_auto_possess	
Z16429	yes	((?=@)z)\d{3}\1@	diff=0/7481	no_auto_possess	
Z16430	yes	((?=[\d.])z)\d{3}\1@	diff=0/7481	no_auto_possess	
Z16431	yes	((?=[ab])z)\d{3}\1@	diff=0/7481	no_auto_possess	
Z16432	yes	((?=[a-z])z)\d{3}\1@	diff=0/7481	no_auto_possess	
Z16433	yes	((?=\w)z)\d{3}\1@	diff=0/7481	no_auto_possess	
Z16434	yes	((?=\W)z)\d{3}\1@	diff=0/7481	no_auto_possess	
Z16435	yes	((?=@)z)\d{3}\1a	diff=0/7481	no_auto_possess	
Z16436	yes	((?=[\d.])z)\d{3}\1a	diff=0/7481	no_auto_possess	
Z16437	yes	((?=[ab])z)\d{3}\1a	diff=0/7481	no_auto_possess	
Z16438	yes	((?=[a-z])z)\d{3}\1a	diff=0/7481	no_auto_possess	
Z16439	yes	((?=\w)z)\d{3}\1a	diff=0/7481	no_auto_possess	
Z16440	yes	((?=\W)z)\d{3}\1a	diff=0/7481	no_auto_possess	
Z16441	yes	((?=@)z)\d+?\1	diff=0/7481	no_auto_possess	
Z16442	yes	((?=[\d.])z)\d+?\1	diff=0/7481	no_auto_possess	
Z16443	yes	((?=[ab])z)\d+?\1	diff=0/7481	no_auto_possess	
Z16444	yes	((?=[a-z])z)\d+?\1	diff=0/7481	no_auto_possess	
Z16445	yes	((?=\w)z)\d+?\1	diff=0/7481	no_auto_possess	
Z16446	yes	((?=\W)z)\d+?\1	diff=0/7481	no_auto_possess	
Z16447	yes	((?=@)z)\d+?\1y	diff=0/7481	no_auto_possess	
Z16448	yes	((?=[\d.])z)\d+?\1y	diff=0/7481	no_auto_possess	
Z16449	yes	((?=[ab])z)\d+?\1y	diff=0/7481	no_auto_possess	
Z16450	yes	((?=[a-z])z)\d+?\1y	diff=0/7481	no_auto_possess	
Z16451	yes	((?=\w)z)\d+?\1y	diff=0/7481	no_auto_possess	
Z16452	yes	((?=\W)z)\d+?\1y	diff=0/7481	no_auto_possess	
Z16453	yes	((?=@)z)\d+?\1@	diff=0/7481	no_auto_possess	
Z16454	yes	((?=[\d.])z)\d+?\1@	diff=0/7481	no_auto_possess	
Z16455	yes	((?=[ab])z)\d+?\1@	diff=0/7481	no_auto_possess	
Z16456	yes	((?=[a-z])z)\d+?\1@	diff=0/7481	no_auto_possess	
Z16457	yes	((?=\w)z)\d+?\1@	diff=0/7481	no_auto_possess	
Z16458	yes	((?=\W)z)\d+?\1@	diff=0/7481	no_auto_possess	
Z16459	yes	((?=@)z)\d+?\1a	diff=0/7481	no_auto_possess	
Z16460	yes	((?=[\d.])z)\d+?\1a	diff=0/7481	no_auto_possess	
Z16461	yes	((?=[ab])z)\d+?\1a	diff=0/7481	no_auto_possess	
Z16462	yes	((?=[a-z])z)\d+?\1a	diff=0/7481	no_auto_possess	
Z16463	yes	((?=\w)z)\d+?\1a	diff=0/7481	no_auto_possess	
Z16464	yes	((?=\W)z)\d+?\1a	diff=0/7481	no_auto_possess	
Z16465	yes	((?=@)z)\d*?\1	diff=0/7481	no_auto_possess	
Z16466	yes	((?=[\d.])z)\d*?\1	diff=0/7481	no_auto_possess	
Z16467	yes	((?=[ab])z)\d*?\1	diff=0/7481	no_auto_possess	
Z16468	yes	((?=[a-z])z)\d*?\1	diff=0/7481	no_auto_possess	
Z16469	yes	((?=\w)z)\d*?\1	diff=0/7481	no_auto_possess	
Z16470	yes	((?=\W)z)\d*?\1	diff=0/7481	no_auto_possess	
Z16471	yes	((?=@)z)\d*?\1y	diff=0/7481	no_auto_possess	
Z16472	yes	((?=[\d.])z)\d*?\1y	diff=0/7481	no_auto_possess	
Z16473	yes	((?=[ab])z)\d*?\1y	diff=0/7481	no_auto_possess	
Z16474	yes	((?=[a-z])z)\d*?\1y	diff=0/7481	no_auto_possess	
Z16475	yes	((?=\w)z)\d*?\1y	diff=0/7481	no_auto_possess	
Z16476	yes	((?=\W)z)\d*?\1y	diff=0/7481	no_auto_possess	
Z16477	yes	((?=@)z)\d*?\1@	diff=0/7481	no_auto_possess	
Z16478	yes	((?=[\d.])z)\d*?\1@	diff=0/7481	no_auto_possess	
Z16479	yes	((?=[ab])z)\d*?\1@	diff=0/7481	no_auto_possess	
Z16480	yes	((?=[a-z])z)\d*?\1@	diff=0/7481	no_auto_possess	
Z16481	yes	((?=\w)z)\d*?\1@	diff=0/7481	no_auto_possess	
Z16482	yes	((?=\W)z)\d*?\1@	diff=0/7481	no_auto_possess	
Z16483	yes	((?=@)z)\d*?\1a	diff=0/7481	no_auto_possess	
Z16484	yes	((?=[\d.])z)\d*?\1a	diff=0/7481	no_auto_possess	
Z16485	yes	((?=[ab])z)\d*?\1a	diff=0/7481	no_auto_possess	
Z16486	yes	((?=[a-z])z)\d*?\1a	diff=0/7481	no_auto_possess	
Z16487	yes	((?=\w)z)\d*?\1a	diff=0/7481	no_auto_possess	
Z16488	yes	((?=\W)z)\d*?\1a	diff=0/7481	no_auto_possess	
Z16489	yes	((?=@)z)\d{2,4}?\1	diff=0/7481	no_auto_possess	
Z16490	yes	((?=[\d.])z)\d{2,4}?\1	diff=0/7481	no_auto_possess	
Z16491	yes	((?=[ab])z)\d{2,4}?\1	diff=0/7481	no_auto_possess	
Z16492	yes	((?=[a-z])z)\d{2,4}?\1	diff=0/7481	no_auto_possess	
Z16493	yes	((?=\w)z)\d{2,4}?\1	diff=0/7481	no_auto_possess	
Z16494	yes	((?=\W)z)\d{2,4}?\1	diff=0/7481	no_auto_possess	
Z16495	yes	((?=@)z)\d{2,4}?\1y	diff=0/7481	no_auto_possess	
Z16496	yes	((?=[\d.])z)\d{2,4}?\1y	diff=0/7481	no_auto_possess	
Z16497	yes	((?=[ab])z)\d{2,4}?\1y	diff=0/7481	no_auto_possess	
Z16498	yes	((?=[a-z])z)\d{2,4}?\1y	diff=0/7481	no_auto_possess	
Z16499	yes	((?=\w)z)\d{2,4}?\1y	diff=0/7481	no_auto_possess	
Z16500	yes	((?=\W)z)\d{2,4}?\1y	diff=0/7481	no_auto_possess	
Z16501	yes	((?=@)z)\d{2,4}?\1@	diff=0/7481	no_auto_possess	
Z16502	yes	((?=[\d.])z)\d{2,4}?\1@	diff=0/7481	no_auto_possess	
Z16503	yes	((?=[ab])z)\d{2,4}?\1@	diff=0/7481	no_auto_possess	
Z16504	yes	((?=[a-z])z)\d{2,4}?\1@	diff=0/7481	no_auto_possess	
Z16505	yes	((?=\w)z)\d{2,4}?\1@	diff=0/7481	no_auto_possess	
Z16506	yes	((?=\W)z)\d{2,4}?\1@	diff=0/7481	no_auto_possess	
Z16507	yes	((?=@)z)\d{2,4}?\1a	diff=0/7481	no_auto_possess	
Z16508	yes	((?=[\d.])z)\d{2,4}?\1a	diff=0/7481	no_auto_possess	
Z16509	yes	((?=[ab])z)\d{2,4}?\1a	diff=0/7481	no_auto_possess	
Z16510	yes	((?=[a-z])z)\d{2,4}?\1a	diff=0/7481	no_auto_possess	
Z16511	yes	((?=\w)z)\d{2,4}?\1a	diff=0/7481	no_auto_possess	
Z16512	yes	((?=\W)z)\d{2,4}?\1a	diff=0/7481	no_auto_possess	
Z16513	yes	((?=@)z)[ab]+\1	diff=0/7481	no_auto_possess	
Z16514	yes	((?=[\d.])z)[ab]+\1	diff=0/7481	no_auto_possess	
Z16515	yes	((?=[ab])z)[ab]+\1	diff=0/7481	no_auto_possess	
Z16516	yes	((?=[a-z])z)[ab]+\1	diff=0/7481	no_auto_possess	
Z16517	yes	((?=\w)z)[ab]+\1	diff=0/7481	no_auto_possess	
Z16518	yes	((?=\W)z)[ab]+\1	diff=0/7481	no_auto_possess	
Z16519	yes	((?=@)z)[ab]+\1y	diff=0/7481	no_auto_possess	
Z16520	yes	((?=[\d.])z)[ab]+\1y	diff=0/7481	no_auto_possess	
Z16521	yes	((?=[ab])z)[ab]+\1y	diff=0/7481	no_auto_possess	
Z16522	yes	((?=[a-z])z)[ab]+\1y	diff=0/7481	no_auto_possess	
Z16523	yes	((?=\w)z)[ab]+\1y	diff=0/7481	no_auto_possess	
Z16524	yes	((?=\W)z)[ab]+\1y	diff=0/7481	no_auto_possess	
Z16525	yes	((?=@)z)[ab]+\1@	diff=0/7481	no_auto_possess	
Z16526	yes	((?=[\d.])z)[ab]+\1@	diff=0/7481	no_auto_possess	
Z16527	yes	((?=[ab])z)[ab]+\1@	diff=0/7481	no_auto_possess	
Z16528	yes	((?=[a-z])z)[ab]+\1@	diff=0/7481	no_auto_possess	
Z16529	yes	((?=\w)z)[ab]+\1@	diff=0/7481	no_auto_possess	
Z16530	yes	((?=\W)z)[ab]+\1@	diff=0/7481	no_auto_possess	
Z16531	yes	((?=@)z)[ab]+\1a	diff=0/7481	no_auto_possess	
Z16532	yes	((?=[\d.])z)[ab]+\1a	diff=0/7481	no_auto_possess	
Z16533	yes	((?=[ab])z)[ab]+\1a	diff=0/7481	no_auto_possess	
Z16534	yes	((?=[a-z])z)[ab]+\1a	diff=0/7481	no_auto_possess	
Z16535	yes	((?=\w)z)[ab]+\1a	diff=0/7481	no_auto_possess	
Z16536	yes	((?=\W)z)[ab]+\1a	diff=0/7481	no_auto_possess	
Z16537	yes	((?=@)z)[ab]*\1	diff=0/7481	no_auto_possess	
Z16538	yes	((?=[\d.])z)[ab]*\1	diff=0/7481	no_auto_possess	
Z16539	yes	((?=[ab])z)[ab]*\1	diff=0/7481	no_auto_possess	
Z16540	yes	((?=[a-z])z)[ab]*\1	diff=0/7481	no_auto_possess	
Z16541	yes	((?=\w)z)[ab]*\1	diff=0/7481	no_auto_possess	
Z16542	yes	((?=\W)z)[ab]*\1	diff=0/7481	no_auto_possess	
Z16543	yes	((?=@)z)[ab]*\1y	diff=0/7481	no_auto_possess	
Z16544	yes	((?=[\d.])z)[ab]*\1y	diff=0/7481	no_auto_possess	
Z16545	yes	((?=[ab])z)[ab]*\1y	diff=0/7481	no_auto_possess	
Z16546	yes	((?=[a-z])z)[ab]*\1y	diff=0/7481	no_auto_possess	
Z16547	yes	((?=\w)z)[ab]*\1y	diff=0/7481	no_auto_possess	
Z16548	yes	((?=\W)z)[ab]*\1y	diff=0/7481	no_auto_possess	
Z16549	yes	((?=@)z)[ab]*\1@	diff=0/7481	no_auto_possess	
Z16550	yes	((?=[\d.])z)[ab]*\1@	diff=0/7481	no_auto_possess	
Z16551	yes	((?=[ab])z)[ab]*\1@	diff=0/7481	no_auto_possess	
Z16552	yes	((?=[a-z])z)[ab]*\1@	diff=0/7481	no_auto_possess	
Z16553	yes	((?=\w)z)[ab]*\1@	diff=0/7481	no_auto_possess	
Z16554	yes	((?=\W)z)[ab]*\1@	diff=0/7481	no_auto_possess	
Z16555	yes	((?=@)z)[ab]*\1a	diff=0/7481	no_auto_possess	
Z16556	yes	((?=[\d.])z)[ab]*\1a	diff=0/7481	no_auto_possess	
Z16557	yes	((?=[ab])z)[ab]*\1a	diff=0/7481	no_auto_possess	
Z16558	yes	((?=[a-z])z)[ab]*\1a	diff=0/7481	no_auto_possess	
Z16559	yes	((?=\w)z)[ab]*\1a	diff=0/7481	no_auto_possess	
Z16560	yes	((?=\W)z)[ab]*\1a	diff=0/7481	no_auto_possess	
Z16561	yes	((?=@)z)[ab]?\1	diff=0/7481	no_auto_possess	
Z16562	yes	((?=[\d.])z)[ab]?\1	diff=0/7481	no_auto_possess	
Z16563	yes	((?=[ab])z)[ab]?\1	diff=0/7481	no_auto_possess	
Z16564	yes	((?=[a-z])z)[ab]?\1	diff=0/7481	no_auto_possess	
Z16565	yes	((?=\w)z)[ab]?\1	diff=0/7481	no_auto_possess	
Z16566	yes	((?=\W)z)[ab]?\1	diff=0/7481	no_auto_possess	
Z16567	yes	((?=@)z)[ab]?\1y	diff=0/7481	no_auto_possess	
Z16568	yes	((?=[\d.])z)[ab]?\1y	diff=0/7481	no_auto_possess	
Z16569	yes	((?=[ab])z)[ab]?\1y	diff=0/7481	no_auto_possess	
Z16570	yes	((?=[a-z])z)[ab]?\1y	diff=0/7481	no_auto_possess	
Z16571	yes	((?=\w)z)[ab]?\1y	diff=0/7481	no_auto_possess	
Z16572	yes	((?=\W)z)[ab]?\1y	diff=0/7481	no_auto_possess	
Z16573	yes	((?=@)z)[ab]?\1@	diff=0/7481	no_auto_possess	
Z16574	yes	((?=[\d.])z)[ab]?\1@	diff=0/7481	no_auto_possess	
Z16575	yes	((?=[ab])z)[ab]?\1@	diff=0/7481	no_auto_possess	
Z16576	yes	((?=[a-z])z)[ab]?\1@	diff=0/7481	no_auto_possess	
Z16577	yes	((?=\w)z)[ab]?\1@	diff=0/7481	no_auto_possess	
Z16578	yes	((?=\W)z)[ab]?\1@	diff=0/7481	no_auto_possess	
Z16579	yes	((?=@)z)[ab]?\1a	diff=0/7481	no_auto_possess	
Z16580	yes	((?=[\d.])z)[ab]?\1a	diff=0/7481	no_auto_possess	
Z16581	yes	((?=[ab])z)[ab]?\1a	diff=0/7481	no_auto_possess	
Z16582	yes	((?=[a-z])z)[ab]?\1a	diff=0/7481	no_auto_possess	
Z16583	yes	((?=\w)z)[ab]?\1a	diff=0/7481	no_auto_possess	
Z16584	yes	((?=\W)z)[ab]?\1a	diff=0/7481	no_auto_possess	
Z16585	yes	((?=@)z)[ab]{2,4}\1	diff=0/7481	no_auto_possess	
Z16586	yes	((?=[\d.])z)[ab]{2,4}\1	diff=0/7481	no_auto_possess	
Z16587	yes	((?=[ab])z)[ab]{2,4}\1	diff=0/7481	no_auto_possess	
Z16588	yes	((?=[a-z])z)[ab]{2,4}\1	diff=0/7481	no_auto_possess	
Z16589	yes	((?=\w)z)[ab]{2,4}\1	diff=0/7481	no_auto_possess	
Z16590	yes	((?=\W)z)[ab]{2,4}\1	diff=0/7481	no_auto_possess	
Z16591	yes	((?=@)z)[ab]{2,4}\1y	diff=0/7481	no_auto_possess	
Z16592	yes	((?=[\d.])z)[ab]{2,4}\1y	diff=0/7481	no_auto_possess	
Z16593	yes	((?=[ab])z)[ab]{2,4}\1y	diff=0/7481	no_auto_possess	
Z16594	yes	((?=[a-z])z)[ab]{2,4}\1y	diff=0/7481	no_auto_possess	
Z16595	yes	((?=\w)z)[ab]{2,4}\1y	diff=0/7481	no_auto_possess	
Z16596	yes	((?=\W)z)[ab]{2,4}\1y	diff=0/7481	no_auto_possess	
Z16597	yes	((?=@)z)[ab]{2,4}\1@	diff=0/7481	no_auto_possess	
Z16598	yes	((?=[\d.])z)[ab]{2,4}\1@	diff=0/7481	no_auto_possess	
Z16599	yes	((?=[ab])z)[ab]{2,4}\1@	diff=0/7481	no_auto_possess	
Z16600	yes	((?=[a-z])z)[ab]{2,4}\1@	diff=0/7481	no_auto_possess	
Z16601	yes	((?=\w)z)[ab]{2,4}\1@	diff=0/7481	no_auto_possess	
Z16602	yes	((?=\W)z)[ab]{2,4}\1@	diff=0/7481	no_auto_possess	
Z16603	yes	((?=@)z)[ab]{2,4}\1a	diff=0/7481	no_auto_possess	
Z16604	yes	((?=[\d.])z)[ab]{2,4}\1a	diff=0/7481	no_auto_possess	
Z16605	yes	((?=[ab])z)[ab]{2,4}\1a	diff=0/7481	no_auto_possess	
Z16606	yes	((?=[a-z])z)[ab]{2,4}\1a	diff=0/7481	no_auto_possess	
Z16607	yes	((?=\w)z)[ab]{2,4}\1a	diff=0/7481	no_auto_possess	
Z16608	yes	((?=\W)z)[ab]{2,4}\1a	diff=0/7481	no_auto_possess	
Z16609	yes	((?=@)z)[ab]{3}\1	diff=0/7481	no_auto_possess	
Z16610	yes	((?=[\d.])z)[ab]{3}\1	diff=0/7481	no_auto_possess	
Z16611	yes	((?=[ab])z)[ab]{3}\1	diff=0/7481	no_auto_possess	
Z16612	yes	((?=[a-z])z)[ab]{3}\1	diff=0/7481	no_auto_possess	
Z16613	yes	((?=\w)z)[ab]{3}\1	diff=0/7481	no_auto_possess	
Z16614	yes	((?=\W)z)[ab]{3}\1	diff=0/7481	no_auto_possess	
Z16615	yes	((?=@)z)[ab]{3}\1y	diff=0/7481	no_auto_possess	
Z16616	yes	((?=[\d.])z)[ab]{3}\1y	diff=0/7481	no_auto_possess	
Z16617	yes	((?=[ab])z)[ab]{3}\1y	diff=0/7481	no_auto_possess	
Z16618	yes	((?=[a-z])z)[ab]{3}\1y	diff=0/7481	no_auto_possess	
Z16619	yes	((?=\w)z)[ab]{3}\1y	diff=0/7481	no_auto_possess	
Z16620	yes	((?=\W)z)[ab]{3}\1y	diff=0/7481	no_auto_possess	
Z16621	yes	((?=@)z)[ab]{3}\1@	diff=0/7481	no_auto_possess	
Z16622	yes	((?=[\d.])z)[ab]{3}\1@	diff=0/7481	no_auto_possess	
Z16623	yes	((?=[ab])z)[ab]{3}\1@	diff=0/7481	no_auto_possess	
Z16624	yes	((?=[a-z])z)[ab]{3}\1@	diff=0/7481	no_auto_possess	
Z16625	yes	((?=\w)z)[ab]{3}\1@	diff=0/7481	no_auto_possess	
Z16626	yes	((?=\W)z)[ab]{3}\1@	diff=0/7481	no_auto_possess	
Z16627	yes	((?=@)z)[ab]{3}\1a	diff=0/7481	no_auto_possess	
Z16628	yes	((?=[\d.])z)[ab]{3}\1a	diff=0/7481	no_auto_possess	
Z16629	yes	((?=[ab])z)[ab]{3}\1a	diff=0/7481	no_auto_possess	
Z16630	yes	((?=[a-z])z)[ab]{3}\1a	diff=0/7481	no_auto_possess	
Z16631	yes	((?=\w)z)[ab]{3}\1a	diff=0/7481	no_auto_possess	
Z16632	yes	((?=\W)z)[ab]{3}\1a	diff=0/7481	no_auto_possess	
Z16633	yes	((?=@)z)[ab]+?\1	diff=0/7481	no_auto_possess	
Z16634	yes	((?=[\d.])z)[ab]+?\1	diff=0/7481	no_auto_possess	
Z16635	yes	((?=[ab])z)[ab]+?\1	diff=0/7481	no_auto_possess	
Z16636	yes	((?=[a-z])z)[ab]+?\1	diff=0/7481	no_auto_possess	
Z16637	yes	((?=\w)z)[ab]+?\1	diff=0/7481	no_auto_possess	
Z16638	yes	((?=\W)z)[ab]+?\1	diff=0/7481	no_auto_possess	
Z16639	yes	((?=@)z)[ab]+?\1y	diff=0/7481	no_auto_possess	
Z16640	yes	((?=[\d.])z)[ab]+?\1y	diff=0/7481	no_auto_possess	
Z16641	yes	((?=[ab])z)[ab]+?\1y	diff=0/7481	no_auto_possess	
Z16642	yes	((?=[a-z])z)[ab]+?\1y	diff=0/7481	no_auto_possess	
Z16643	yes	((?=\w)z)[ab]+?\1y	diff=0/7481	no_auto_possess	
Z16644	yes	((?=\W)z)[ab]+?\1y	diff=0/7481	no_auto_possess	
Z16645	yes	((?=@)z)[ab]+?\1@	diff=0/7481	no_auto_possess	
Z16646	yes	((?=[\d.])z)[ab]+?\1@	diff=0/7481	no_auto_possess	
Z16647	yes	((?=[ab])z)[ab]+?\1@	diff=0/7481	no_auto_possess	
Z16648	yes	((?=[a-z])z)[ab]+?\1@	diff=0/7481	no_auto_possess	
Z16649	yes	((?=\w)z)[ab]+?\1@	diff=0/7481	no_auto_possess	
Z16650	yes	((?=\W)z)[ab]+?\1@	diff=0/7481	no_auto_possess	
Z16651	yes	((?=@)z)[ab]+?\1a	diff=0/7481	no_auto_possess	
Z16652	yes	((?=[\d.])z)[ab]+?\1a	diff=0/7481	no_auto_possess	
Z16653	yes	((?=[ab])z)[ab]+?\1a	diff=0/7481	no_auto_possess	
Z16654	yes	((?=[a-z])z)[ab]+?\1a	diff=0/7481	no_auto_possess	
Z16655	yes	((?=\w)z)[ab]+?\1a	diff=0/7481	no_auto_possess	
Z16656	yes	((?=\W)z)[ab]+?\1a	diff=0/7481	no_auto_possess	
Z16657	yes	((?=@)z)[ab]*?\1	diff=0/7481	no_auto_possess	
Z16658	yes	((?=[\d.])z)[ab]*?\1	diff=0/7481	no_auto_possess	
Z16659	yes	((?=[ab])z)[ab]*?\1	diff=0/7481	no_auto_possess	
Z16660	yes	((?=[a-z])z)[ab]*?\1	diff=0/7481	no_auto_possess	
Z16661	yes	((?=\w)z)[ab]*?\1	diff=0/7481	no_auto_possess	
Z16662	yes	((?=\W)z)[ab]*?\1	diff=0/7481	no_auto_possess	
Z16663	yes	((?=@)z)[ab]*?\1y	diff=0/7481	no_auto_possess	
Z16664	yes	((?=[\d.])z)[ab]*?\1y	diff=0/7481	no_auto_possess	
Z16665	yes	((?=[ab])z)[ab]*?\1y	diff=0/7481	no_auto_possess	
Z16666	yes	((?=[a-z])z)[ab]*?\1y	diff=0/7481	no_auto_possess	
Z16667	yes	((?=\w)z)[ab]*?\1y	diff=0/7481	no_auto_possess	
Z16668	yes	((?=\W)z)[ab]*?\1y	diff=0/7481	no_auto_possess	
Z16669	yes	((?=@)z)[ab]*?\1@	diff=0/7481	no_auto_possess	
Z16670	yes	((?=[\d.])z)[ab]*?\1@	diff=0/7481	no_auto_possess	
Z16671	yes	((?=[ab])z)[ab]*?\1@	diff=0/7481	no_auto_possess	
Z16672	yes	((?=[a-z])z)[ab]*?\1@	diff=0/7481	no_auto_possess	
Z16673	yes	((?=\w)z)[ab]*?\1@	diff=0/7481	no_auto_possess	
Z16674	yes	((?=\W)z)[ab]*?\1@	diff=0/7481	no_auto_possess	
Z16675	yes	((?=@)z)[ab]*?\1a	diff=0/7481	no_auto_possess	
Z16676	yes	((?=[\d.])z)[ab]*?\1a	diff=0/7481	no_auto_possess	
Z16677	yes	((?=[ab])z)[ab]*?\1a	diff=0/7481	no_auto_possess	
Z16678	yes	((?=[a-z])z)[ab]*?\1a	diff=0/7481	no_auto_possess	
Z16679	yes	((?=\w)z)[ab]*?\1a	diff=0/7481	no_auto_possess	
Z16680	yes	((?=\W)z)[ab]*?\1a	diff=0/7481	no_auto_possess	
Z16681	yes	((?=@)z)[ab]{2,4}?\1	diff=0/7481	no_auto_possess	
Z16682	yes	((?=[\d.])z)[ab]{2,4}?\1	diff=0/7481	no_auto_possess	
Z16683	yes	((?=[ab])z)[ab]{2,4}?\1	diff=0/7481	no_auto_possess	
Z16684	yes	((?=[a-z])z)[ab]{2,4}?\1	diff=0/7481	no_auto_possess	
Z16685	yes	((?=\w)z)[ab]{2,4}?\1	diff=0/7481	no_auto_possess	
Z16686	yes	((?=\W)z)[ab]{2,4}?\1	diff=0/7481	no_auto_possess	
Z16687	yes	((?=@)z)[ab]{2,4}?\1y	diff=0/7481	no_auto_possess	
Z16688	yes	((?=[\d.])z)[ab]{2,4}?\1y	diff=0/7481	no_auto_possess	
Z16689	yes	((?=[ab])z)[ab]{2,4}?\1y	diff=0/7481	no_auto_possess	
Z16690	yes	((?=[a-z])z)[ab]{2,4}?\1y	diff=0/7481	no_auto_possess	
Z16691	yes	((?=\w)z)[ab]{2,4}?\1y	diff=0/7481	no_auto_possess	
Z16692	yes	((?=\W)z)[ab]{2,4}?\1y	diff=0/7481	no_auto_possess	
Z16693	yes	((?=@)z)[ab]{2,4}?\1@	diff=0/7481	no_auto_possess	
Z16694	yes	((?=[\d.])z)[ab]{2,4}?\1@	diff=0/7481	no_auto_possess	
Z16695	yes	((?=[ab])z)[ab]{2,4}?\1@	diff=0/7481	no_auto_possess	
Z16696	yes	((?=[a-z])z)[ab]{2,4}?\1@	diff=0/7481	no_auto_possess	
Z16697	yes	((?=\w)z)[ab]{2,4}?\1@	diff=0/7481	no_auto_possess	
Z16698	yes	((?=\W)z)[ab]{2,4}?\1@	diff=0/7481	no_auto_possess	
Z16699	yes	((?=@)z)[ab]{2,4}?\1a	diff=0/7481	no_auto_possess	
Z16700	yes	((?=[\d.])z)[ab]{2,4}?\1a	diff=0/7481	no_auto_possess	
Z16701	yes	((?=[ab])z)[ab]{2,4}?\1a	diff=0/7481	no_auto_possess	
Z16702	yes	((?=[a-z])z)[ab]{2,4}?\1a	diff=0/7481	no_auto_possess	
Z16703	yes	((?=\w)z)[ab]{2,4}?\1a	diff=0/7481	no_auto_possess	
Z16704	yes	((?=\W)z)[ab]{2,4}?\1a	diff=0/7481	no_auto_possess	
Z16705	yes	((?=@)z)a+\1	diff=0/7481	no_auto_possess	
Z16706	yes	((?=[\d.])z)a+\1	diff=0/7481	no_auto_possess	
Z16707	yes	((?=[ab])z)a+\1	diff=0/7481	no_auto_possess	
Z16708	yes	((?=[a-z])z)a+\1	diff=0/7481	no_auto_possess	
Z16709	yes	((?=\w)z)a+\1	diff=0/7481	no_auto_possess	
Z16710	yes	((?=\W)z)a+\1	diff=0/7481	no_auto_possess	
Z16711	yes	((?=@)z)a+\1y	diff=0/7481	no_auto_possess	
Z16712	yes	((?=[\d.])z)a+\1y	diff=0/7481	no_auto_possess	
Z16713	yes	((?=[ab])z)a+\1y	diff=0/7481	no_auto_possess	
Z16714	yes	((?=[a-z])z)a+\1y	diff=0/7481	no_auto_possess	
Z16715	yes	((?=\w)z)a+\1y	diff=0/7481	no_auto_possess	
Z16716	yes	((?=\W)z)a+\1y	diff=0/7481	no_auto_possess	
Z16717	yes	((?=@)z)a+\1@	diff=0/7481	no_auto_possess	
Z16718	yes	((?=[\d.])z)a+\1@	diff=0/7481	no_auto_possess	
Z16719	yes	((?=[ab])z)a+\1@	diff=0/7481	no_auto_possess	
Z16720	yes	((?=[a-z])z)a+\1@	diff=0/7481	no_auto_possess	
Z16721	yes	((?=\w)z)a+\1@	diff=0/7481	no_auto_possess	
Z16722	yes	((?=\W)z)a+\1@	diff=0/7481	no_auto_possess	
Z16723	yes	((?=@)z)a+\1a	diff=0/7481	no_auto_possess	
Z16724	yes	((?=[\d.])z)a+\1a	diff=0/7481	no_auto_possess	
Z16725	yes	((?=[ab])z)a+\1a	diff=0/7481	no_auto_possess	
Z16726	yes	((?=[a-z])z)a+\1a	diff=0/7481	no_auto_possess	
Z16727	yes	((?=\w)z)a+\1a	diff=0/7481	no_auto_possess	
Z16728	yes	((?=\W)z)a+\1a	diff=0/7481	no_auto_possess	
Z16729	yes	((?=@)z)a*\1	diff=0/7481	no_auto_possess	
Z16730	yes	((?=[\d.])z)a*\1	diff=0/7481	no_auto_possess	
Z16731	yes	((?=[ab])z)a*\1	diff=0/7481	no_auto_possess	
Z16732	yes	((?=[a-z])z)a*\1	diff=0/7481	no_auto_possess	
Z16733	yes	((?=\w)z)a*\1	diff=0/7481	no_auto_possess	
Z16734	yes	((?=\W)z)a*\1	diff=0/7481	no_auto_possess	
Z16735	yes	((?=@)z)a*\1y	diff=0/7481	no_auto_possess	
Z16736	yes	((?=[\d.])z)a*\1y	diff=0/7481	no_auto_possess	
Z16737	yes	((?=[ab])z)a*\1y	diff=0/7481	no_auto_possess	
Z16738	yes	((?=[a-z])z)a*\1y	diff=0/7481	no_auto_possess	
Z16739	yes	((?=\w)z)a*\1y	diff=0/7481	no_auto_possess	
Z16740	yes	((?=\W)z)a*\1y	diff=0/7481	no_auto_possess	
Z16741	yes	((?=@)z)a*\1@	diff=0/7481	no_auto_possess	
Z16742	yes	((?=[\d.])z)a*\1@	diff=0/7481	no_auto_possess	
Z16743	yes	((?=[ab])z)a*\1@	diff=0/7481	no_auto_possess	
Z16744	yes	((?=[a-z])z)a*\1@	diff=0/7481	no_auto_possess	
Z16745	yes	((?=\w)z)a*\1@	diff=0/7481	no_auto_possess	
Z16746	yes	((?=\W)z)a*\1@	diff=0/7481	no_auto_possess	
Z16747	yes	((?=@)z)a*\1a	diff=0/7481	no_auto_possess	
Z16748	yes	((?=[\d.])z)a*\1a	diff=0/7481	no_auto_possess	
Z16749	yes	((?=[ab])z)a*\1a	diff=0/7481	no_auto_possess	
Z16750	yes	((?=[a-z])z)a*\1a	diff=0/7481	no_auto_possess	
Z16751	yes	((?=\w)z)a*\1a	diff=0/7481	no_auto_possess	
Z16752	yes	((?=\W)z)a*\1a	diff=0/7481	no_auto_possess	
Z16753	yes	((?=@)z)a?\1	diff=0/7481	no_auto_possess	
Z16754	yes	((?=[\d.])z)a?\1	diff=0/7481	no_auto_possess	
Z16755	yes	((?=[ab])z)a?\1	diff=0/7481	no_auto_possess	
Z16756	yes	((?=[a-z])z)a?\1	diff=0/7481	no_auto_possess	
Z16757	yes	((?=\w)z)a?\1	diff=0/7481	no_auto_possess	
Z16758	yes	((?=\W)z)a?\1	diff=0/7481	no_auto_possess	
Z16759	yes	((?=@)z)a?\1y	diff=0/7481	no_auto_possess	
Z16760	yes	((?=[\d.])z)a?\1y	diff=0/7481	no_auto_possess	
Z16761	yes	((?=[ab])z)a?\1y	diff=0/7481	no_auto_possess	
Z16762	yes	((?=[a-z])z)a?\1y	diff=0/7481	no_auto_possess	
Z16763	yes	((?=\w)z)a?\1y	diff=0/7481	no_auto_possess	
Z16764	yes	((?=\W)z)a?\1y	diff=0/7481	no_auto_possess	
Z16765	yes	((?=@)z)a?\1@	diff=0/7481	no_auto_possess	
Z16766	yes	((?=[\d.])z)a?\1@	diff=0/7481	no_auto_possess	
Z16767	yes	((?=[ab])z)a?\1@	diff=0/7481	no_auto_possess	
Z16768	yes	((?=[a-z])z)a?\1@	diff=0/7481	no_auto_possess	
Z16769	yes	((?=\w)z)a?\1@	diff=0/7481	no_auto_possess	
Z16770	yes	((?=\W)z)a?\1@	diff=0/7481	no_auto_possess	
Z16771	yes	((?=@)z)a?\1a	diff=0/7481	no_auto_possess	
Z16772	yes	((?=[\d.])z)a?\1a	diff=0/7481	no_auto_possess	
Z16773	yes	((?=[ab])z)a?\1a	diff=0/7481	no_auto_possess	
Z16774	yes	((?=[a-z])z)a?\1a	diff=0/7481	no_auto_possess	
Z16775	yes	((?=\w)z)a?\1a	diff=0/7481	no_auto_possess	
Z16776	yes	((?=\W)z)a?\1a	diff=0/7481	no_auto_possess	
Z16777	yes	((?=@)z)a{2,4}\1	diff=0/7481	no_auto_possess	
Z16778	yes	((?=[\d.])z)a{2,4}\1	diff=0/7481	no_auto_possess	
Z16779	yes	((?=[ab])z)a{2,4}\1	diff=0/7481	no_auto_possess	
Z16780	yes	((?=[a-z])z)a{2,4}\1	diff=0/7481	no_auto_possess	
Z16781	yes	((?=\w)z)a{2,4}\1	diff=0/7481	no_auto_possess	
Z16782	yes	((?=\W)z)a{2,4}\1	diff=0/7481	no_auto_possess	
Z16783	yes	((?=@)z)a{2,4}\1y	diff=0/7481	no_auto_possess	
Z16784	yes	((?=[\d.])z)a{2,4}\1y	diff=0/7481	no_auto_possess	
Z16785	yes	((?=[ab])z)a{2,4}\1y	diff=0/7481	no_auto_possess	
Z16786	yes	((?=[a-z])z)a{2,4}\1y	diff=0/7481	no_auto_possess	
Z16787	yes	((?=\w)z)a{2,4}\1y	diff=0/7481	no_auto_possess	
Z16788	yes	((?=\W)z)a{2,4}\1y	diff=0/7481	no_auto_possess	
Z16789	yes	((?=@)z)a{2,4}\1@	diff=0/7481	no_auto_possess	
Z16790	yes	((?=[\d.])z)a{2,4}\1@	diff=0/7481	no_auto_possess	
Z16791	yes	((?=[ab])z)a{2,4}\1@	diff=0/7481	no_auto_possess	
Z16792	yes	((?=[a-z])z)a{2,4}\1@	diff=0/7481	no_auto_possess	
Z16793	yes	((?=\w)z)a{2,4}\1@	diff=0/7481	no_auto_possess	
Z16794	yes	((?=\W)z)a{2,4}\1@	diff=0/7481	no_auto_possess	
Z16795	yes	((?=@)z)a{2,4}\1a	diff=0/7481	no_auto_possess	
Z16796	yes	((?=[\d.])z)a{2,4}\1a	diff=0/7481	no_auto_possess	
Z16797	yes	((?=[ab])z)a{2,4}\1a	diff=0/7481	no_auto_possess	
Z16798	yes	((?=[a-z])z)a{2,4}\1a	diff=0/7481	no_auto_possess	
Z16799	yes	((?=\w)z)a{2,4}\1a	diff=0/7481	no_auto_possess	
Z16800	yes	((?=\W)z)a{2,4}\1a	diff=0/7481	no_auto_possess	
Z16801	yes	((?=@)z)a{3}\1	diff=0/7481	no_auto_possess	
Z16802	yes	((?=[\d.])z)a{3}\1	diff=0/7481	no_auto_possess	
Z16803	yes	((?=[ab])z)a{3}\1	diff=0/7481	no_auto_possess	
Z16804	yes	((?=[a-z])z)a{3}\1	diff=0/7481	no_auto_possess	
Z16805	yes	((?=\w)z)a{3}\1	diff=0/7481	no_auto_possess	
Z16806	yes	((?=\W)z)a{3}\1	diff=0/7481	no_auto_possess	
Z16807	yes	((?=@)z)a{3}\1y	diff=0/7481	no_auto_possess	
Z16808	yes	((?=[\d.])z)a{3}\1y	diff=0/7481	no_auto_possess	
Z16809	yes	((?=[ab])z)a{3}\1y	diff=0/7481	no_auto_possess	
Z16810	yes	((?=[a-z])z)a{3}\1y	diff=0/7481	no_auto_possess	
Z16811	yes	((?=\w)z)a{3}\1y	diff=0/7481	no_auto_possess	
Z16812	yes	((?=\W)z)a{3}\1y	diff=0/7481	no_auto_possess	
Z16813	yes	((?=@)z)a{3}\1@	diff=0/7481	no_auto_possess	
Z16814	yes	((?=[\d.])z)a{3}\1@	diff=0/7481	no_auto_possess	
Z16815	yes	((?=[ab])z)a{3}\1@	diff=0/7481	no_auto_possess	
Z16816	yes	((?=[a-z])z)a{3}\1@	diff=0/7481	no_auto_possess	
Z16817	yes	((?=\w)z)a{3}\1@	diff=0/7481	no_auto_possess	
Z16818	yes	((?=\W)z)a{3}\1@	diff=0/7481	no_auto_possess	
Z16819	yes	((?=@)z)a{3}\1a	diff=0/7481	no_auto_possess	
Z16820	yes	((?=[\d.])z)a{3}\1a	diff=0/7481	no_auto_possess	
Z16821	yes	((?=[ab])z)a{3}\1a	diff=0/7481	no_auto_possess	
Z16822	yes	((?=[a-z])z)a{3}\1a	diff=0/7481	no_auto_possess	
Z16823	yes	((?=\w)z)a{3}\1a	diff=0/7481	no_auto_possess	
Z16824	yes	((?=\W)z)a{3}\1a	diff=0/7481	no_auto_possess	
Z16825	yes	((?=@)z)a+?\1	diff=0/7481	no_auto_possess	
Z16826	yes	((?=[\d.])z)a+?\1	diff=0/7481	no_auto_possess	
Z16827	yes	((?=[ab])z)a+?\1	diff=0/7481	no_auto_possess	
Z16828	yes	((?=[a-z])z)a+?\1	diff=0/7481	no_auto_possess	
Z16829	yes	((?=\w)z)a+?\1	diff=0/7481	no_auto_possess	
Z16830	yes	((?=\W)z)a+?\1	diff=0/7481	no_auto_possess	
Z16831	yes	((?=@)z)a+?\1y	diff=0/7481	no_auto_possess	
Z16832	yes	((?=[\d.])z)a+?\1y	diff=0/7481	no_auto_possess	
Z16833	yes	((?=[ab])z)a+?\1y	diff=0/7481	no_auto_possess	
Z16834	yes	((?=[a-z])z)a+?\1y	diff=0/7481	no_auto_possess	
Z16835	yes	((?=\w)z)a+?\1y	diff=0/7481	no_auto_possess	
Z16836	yes	((?=\W)z)a+?\1y	diff=0/7481	no_auto_possess	
Z16837	yes	((?=@)z)a+?\1@	diff=0/7481	no_auto_possess	
Z16838	yes	((?=[\d.])z)a+?\1@	diff=0/7481	no_auto_possess	
Z16839	yes	((?=[ab])z)a+?\1@	diff=0/7481	no_auto_possess	
Z16840	yes	((?=[a-z])z)a+?\1@	diff=0/7481	no_auto_possess	
Z16841	yes	((?=\w)z)a+?\1@	diff=0/7481	no_auto_possess	
Z16842	yes	((?=\W)z)a+?\1@	diff=0/7481	no_auto_possess	
Z16843	yes	((?=@)z)a+?\1a	diff=0/7481	no_auto_possess	
Z16844	yes	((?=[\d.])z)a+?\1a	diff=0/7481	no_auto_possess	
Z16845	yes	((?=[ab])z)a+?\1a	diff=0/7481	no_auto_possess	
Z16846	yes	((?=[a-z])z)a+?\1a	diff=0/7481	no_auto_possess	
Z16847	yes	((?=\w)z)a+?\1a	diff=0/7481	no_auto_possess	
Z16848	yes	((?=\W)z)a+?\1a	diff=0/7481	no_auto_possess	
Z16849	yes	((?=@)z)a*?\1	diff=0/7481	no_auto_possess	
Z16850	yes	((?=[\d.])z)a*?\1	diff=0/7481	no_auto_possess	
Z16851	yes	((?=[ab])z)a*?\1	diff=0/7481	no_auto_possess	
Z16852	yes	((?=[a-z])z)a*?\1	diff=0/7481	no_auto_possess	
Z16853	yes	((?=\w)z)a*?\1	diff=0/7481	no_auto_possess	
Z16854	yes	((?=\W)z)a*?\1	diff=0/7481	no_auto_possess	
Z16855	yes	((?=@)z)a*?\1y	diff=0/7481	no_auto_possess	
Z16856	yes	((?=[\d.])z)a*?\1y	diff=0/7481	no_auto_possess	
Z16857	yes	((?=[ab])z)a*?\1y	diff=0/7481	no_auto_possess	
Z16858	yes	((?=[a-z])z)a*?\1y	diff=0/7481	no_auto_possess	
Z16859	yes	((?=\w)z)a*?\1y	diff=0/7481	no_auto_possess	
Z16860	yes	((?=\W)z)a*?\1y	diff=0/7481	no_auto_possess	
Z16861	yes	((?=@)z)a*?\1@	diff=0/7481	no_auto_possess	
Z16862	yes	((?=[\d.])z)a*?\1@	diff=0/7481	no_auto_possess	
Z16863	yes	((?=[ab])z)a*?\1@	diff=0/7481	no_auto_possess	
Z16864	yes	((?=[a-z])z)a*?\1@	diff=0/7481	no_auto_possess	
Z16865	yes	((?=\w)z)a*?\1@	diff=0/7481	no_auto_possess	
Z16866	yes	((?=\W)z)a*?\1@	diff=0/7481	no_auto_possess	
Z16867	yes	((?=@)z)a*?\1a	diff=0/7481	no_auto_possess	
Z16868	yes	((?=[\d.])z)a*?\1a	diff=0/7481	no_auto_possess	
Z16869	yes	((?=[ab])z)a*?\1a	diff=0/7481	no_auto_possess	
Z16870	yes	((?=[a-z])z)a*?\1a	diff=0/7481	no_auto_possess	
Z16871	yes	((?=\w)z)a*?\1a	diff=0/7481	no_auto_possess	
Z16872	yes	((?=\W)z)a*?\1a	diff=0/7481	no_auto_possess	
Z16873	yes	((?=@)z)a{2,4}?\1	diff=0/7481	no_auto_possess	
Z16874	yes	((?=[\d.])z)a{2,4}?\1	diff=0/7481	no_auto_possess	
Z16875	yes	((?=[ab])z)a{2,4}?\1	diff=0/7481	no_auto_possess	
Z16876	yes	((?=[a-z])z)a{2,4}?\1	diff=0/7481	no_auto_possess	
Z16877	yes	((?=\w)z)a{2,4}?\1	diff=0/7481	no_auto_possess	
Z16878	yes	((?=\W)z)a{2,4}?\1	diff=0/7481	no_auto_possess	
Z16879	yes	((?=@)z)a{2,4}?\1y	diff=0/7481	no_auto_possess	
Z16880	yes	((?=[\d.])z)a{2,4}?\1y	diff=0/7481	no_auto_possess	
Z16881	yes	((?=[ab])z)a{2,4}?\1y	diff=0/7481	no_auto_possess	
Z16882	yes	((?=[a-z])z)a{2,4}?\1y	diff=0/7481	no_auto_possess	
Z16883	yes	((?=\w)z)a{2,4}?\1y	diff=0/7481	no_auto_possess	
Z16884	yes	((?=\W)z)a{2,4}?\1y	diff=0/7481	no_auto_possess	
Z16885	yes	((?=@)z)a{2,4}?\1@	diff=0/7481	no_auto_possess	
Z16886	yes	((?=[\d.])z)a{2,4}?\1@	diff=0/7481	no_auto_possess	
Z16887	yes	((?=[ab])z)a{2,4}?\1@	diff=0/7481	no_auto_possess	
Z16888	yes	((?=[a-z])z)a{2,4}?\1@	diff=0/7481	no_auto_possess	
Z16889	yes	((?=\w)z)a{2,4}?\1@	diff=0/7481	no_auto_possess	
Z16890	yes	((?=\W)z)a{2,4}?\1@	diff=0/7481	no_auto_possess	
Z16891	yes	((?=@)z)a{2,4}?\1a	diff=0/7481	no_auto_possess	
Z16892	yes	((?=[\d.])z)a{2,4}?\1a	diff=0/7481	no_auto_possess	
Z16893	yes	((?=[ab])z)a{2,4}?\1a	diff=0/7481	no_auto_possess	
Z16894	yes	((?=[a-z])z)a{2,4}?\1a	diff=0/7481	no_auto_possess	
Z16895	yes	((?=\w)z)a{2,4}?\1a	diff=0/7481	no_auto_possess	
Z16896	yes	((?=\W)z)a{2,4}?\1a	diff=0/7481	no_auto_possess	
Z16897	yes	((?=@)z)(?:(?=[ab])\w)+\1	diff=0/7481	no_auto_possess	
Z16898	yes	((?=[\d.])z)(?:(?=[ab])\w)+\1	diff=0/7481	no_auto_possess	
Z16899	yes	((?=[ab])z)(?:(?=[ab])\w)+\1	diff=0/7481	no_auto_possess	
Z16900	yes	((?=[a-z])z)(?:(?=[ab])\w)+\1	diff=0/7481	no_auto_possess	
Z16901	yes	((?=\w)z)(?:(?=[ab])\w)+\1	diff=0/7481	no_auto_possess	
Z16902	yes	((?=\W)z)(?:(?=[ab])\w)+\1	diff=0/7481	no_auto_possess	
Z16903	yes	((?=@)z)(?:(?=[ab])\w)+\1y	diff=0/7481	no_auto_possess	
Z16904	yes	((?=[\d.])z)(?:(?=[ab])\w)+\1y	diff=0/7481	no_auto_possess	
Z16905	yes	((?=[ab])z)(?:(?=[ab])\w)+\1y	diff=0/7481	no_auto_possess	
Z16906	yes	((?=[a-z])z)(?:(?=[ab])\w)+\1y	diff=0/7481	no_auto_possess	
Z16907	yes	((?=\w)z)(?:(?=[ab])\w)+\1y	diff=0/7481	no_auto_possess	
Z16908	yes	((?=\W)z)(?:(?=[ab])\w)+\1y	diff=0/7481	no_auto_possess	
Z16909	yes	((?=@)z)(?:(?=[ab])\w)+\1@	diff=0/7481	no_auto_possess	
Z16910	yes	((?=[\d.])z)(?:(?=[ab])\w)+\1@	diff=0/7481	no_auto_possess	
Z16911	yes	((?=[ab])z)(?:(?=[ab])\w)+\1@	diff=0/7481	no_auto_possess	
Z16912	yes	((?=[a-z])z)(?:(?=[ab])\w)+\1@	diff=0/7481	no_auto_possess	
Z16913	yes	((?=\w)z)(?:(?=[ab])\w)+\1@	diff=0/7481	no_auto_possess	
Z16914	yes	((?=\W)z)(?:(?=[ab])\w)+\1@	diff=0/7481	no_auto_possess	
Z16915	yes	((?=@)z)(?:(?=[ab])\w)+\1a	diff=0/7481	no_auto_possess	
Z16916	yes	((?=[\d.])z)(?:(?=[ab])\w)+\1a	diff=0/7481	no_auto_possess	
Z16917	yes	((?=[ab])z)(?:(?=[ab])\w)+\1a	diff=0/7481	no_auto_possess	
Z16918	yes	((?=[a-z])z)(?:(?=[ab])\w)+\1a	diff=0/7481	no_auto_possess	
Z16919	yes	((?=\w)z)(?:(?=[ab])\w)+\1a	diff=0/7481	no_auto_possess	
Z16920	yes	((?=\W)z)(?:(?=[ab])\w)+\1a	diff=0/7481	no_auto_possess	
Z16921	yes	((?=@)z)(?:(?=[ab])\w)*\1	diff=0/7481	no_auto_possess	
Z16922	yes	((?=[\d.])z)(?:(?=[ab])\w)*\1	diff=0/7481	no_auto_possess	
Z16923	yes	((?=[ab])z)(?:(?=[ab])\w)*\1	diff=0/7481	no_auto_possess	
Z16924	yes	((?=[a-z])z)(?:(?=[ab])\w)*\1	diff=0/7481	no_auto_possess	
Z16925	yes	((?=\w)z)(?:(?=[ab])\w)*\1	diff=0/7481	no_auto_possess	
Z16926	yes	((?=\W)z)(?:(?=[ab])\w)*\1	diff=0/7481	no_auto_possess	
Z16927	yes	((?=@)z)(?:(?=[ab])\w)*\1y	diff=0/7481	no_auto_possess	
Z16928	yes	((?=[\d.])z)(?:(?=[ab])\w)*\1y	diff=0/7481	no_auto_possess	
Z16929	yes	((?=[ab])z)(?:(?=[ab])\w)*\1y	diff=0/7481	no_auto_possess	
Z16930	yes	((?=[a-z])z)(?:(?=[ab])\w)*\1y	diff=0/7481	no_auto_possess	
Z16931	yes	((?=\w)z)(?:(?=[ab])\w)*\1y	diff=0/7481	no_auto_possess	
Z16932	yes	((?=\W)z)(?:(?=[ab])\w)*\1y	diff=0/7481	no_auto_possess	
Z16933	yes	((?=@)z)(?:(?=[ab])\w)*\1@	diff=0/7481	no_auto_possess	
Z16934	yes	((?=[\d.])z)(?:(?=[ab])\w)*\1@	diff=0/7481	no_auto_possess	
Z16935	yes	((?=[ab])z)(?:(?=[ab])\w)*\1@	diff=0/7481	no_auto_possess	
Z16936	yes	((?=[a-z])z)(?:(?=[ab])\w)*\1@	diff=0/7481	no_auto_possess	
Z16937	yes	((?=\w)z)(?:(?=[ab])\w)*\1@	diff=0/7481	no_auto_possess	
Z16938	yes	((?=\W)z)(?:(?=[ab])\w)*\1@	diff=0/7481	no_auto_possess	
Z16939	yes	((?=@)z)(?:(?=[ab])\w)*\1a	diff=0/7481	no_auto_possess	
Z16940	yes	((?=[\d.])z)(?:(?=[ab])\w)*\1a	diff=0/7481	no_auto_possess	
Z16941	yes	((?=[ab])z)(?:(?=[ab])\w)*\1a	diff=0/7481	no_auto_possess	
Z16942	yes	((?=[a-z])z)(?:(?=[ab])\w)*\1a	diff=0/7481	no_auto_possess	
Z16943	yes	((?=\w)z)(?:(?=[ab])\w)*\1a	diff=0/7481	no_auto_possess	
Z16944	yes	((?=\W)z)(?:(?=[ab])\w)*\1a	diff=0/7481	no_auto_possess	
Z16945	yes	((?=@)z)(?:(?=[ab])\w)?\1	diff=0/7481	no_auto_possess	
Z16946	yes	((?=[\d.])z)(?:(?=[ab])\w)?\1	diff=0/7481	no_auto_possess	
Z16947	yes	((?=[ab])z)(?:(?=[ab])\w)?\1	diff=0/7481	no_auto_possess	
Z16948	yes	((?=[a-z])z)(?:(?=[ab])\w)?\1	diff=0/7481	no_auto_possess	
Z16949	yes	((?=\w)z)(?:(?=[ab])\w)?\1	diff=0/7481	no_auto_possess	
Z16950	yes	((?=\W)z)(?:(?=[ab])\w)?\1	diff=0/7481	no_auto_possess	
Z16951	yes	((?=@)z)(?:(?=[ab])\w)?\1y	diff=0/7481	no_auto_possess	
Z16952	yes	((?=[\d.])z)(?:(?=[ab])\w)?\1y	diff=0/7481	no_auto_possess	
Z16953	yes	((?=[ab])z)(?:(?=[ab])\w)?\1y	diff=0/7481	no_auto_possess	
Z16954	yes	((?=[a-z])z)(?:(?=[ab])\w)?\1y	diff=0/7481	no_auto_possess	
Z16955	yes	((?=\w)z)(?:(?=[ab])\w)?\1y	diff=0/7481	no_auto_possess	
Z16956	yes	((?=\W)z)(?:(?=[ab])\w)?\1y	diff=0/7481	no_auto_possess	
Z16957	yes	((?=@)z)(?:(?=[ab])\w)?\1@	diff=0/7481	no_auto_possess	
Z16958	yes	((?=[\d.])z)(?:(?=[ab])\w)?\1@	diff=0/7481	no_auto_possess	
Z16959	yes	((?=[ab])z)(?:(?=[ab])\w)?\1@	diff=0/7481	no_auto_possess	
Z16960	yes	((?=[a-z])z)(?:(?=[ab])\w)?\1@	diff=0/7481	no_auto_possess	
Z16961	yes	((?=\w)z)(?:(?=[ab])\w)?\1@	diff=0/7481	no_auto_possess	
Z16962	yes	((?=\W)z)(?:(?=[ab])\w)?\1@	diff=0/7481	no_auto_possess	
Z16963	yes	((?=@)z)(?:(?=[ab])\w)?\1a	diff=0/7481	no_auto_possess	
Z16964	yes	((?=[\d.])z)(?:(?=[ab])\w)?\1a	diff=0/7481	no_auto_possess	
Z16965	yes	((?=[ab])z)(?:(?=[ab])\w)?\1a	diff=0/7481	no_auto_possess	
Z16966	yes	((?=[a-z])z)(?:(?=[ab])\w)?\1a	diff=0/7481	no_auto_possess	
Z16967	yes	((?=\w)z)(?:(?=[ab])\w)?\1a	diff=0/7481	no_auto_possess	
Z16968	yes	((?=\W)z)(?:(?=[ab])\w)?\1a	diff=0/7481	no_auto_possess	
Z16969	yes	((?=@)z)(?:(?=[ab])\w){2,4}\1	diff=0/7481	no_auto_possess	
Z16970	yes	((?=[\d.])z)(?:(?=[ab])\w){2,4}\1	diff=0/7481	no_auto_possess	
Z16971	yes	((?=[ab])z)(?:(?=[ab])\w){2,4}\1	diff=0/7481	no_auto_possess	
Z16972	yes	((?=[a-z])z)(?:(?=[ab])\w){2,4}\1	diff=0/7481	no_auto_possess	
Z16973	yes	((?=\w)z)(?:(?=[ab])\w){2,4}\1	diff=0/7481	no_auto_possess	
Z16974	yes	((?=\W)z)(?:(?=[ab])\w){2,4}\1	diff=0/7481	no_auto_possess	
Z16975	yes	((?=@)z)(?:(?=[ab])\w){2,4}\1y	diff=0/7481	no_auto_possess	
Z16976	yes	((?=[\d.])z)(?:(?=[ab])\w){2,4}\1y	diff=0/7481	no_auto_possess	
Z16977	yes	((?=[ab])z)(?:(?=[ab])\w){2,4}\1y	diff=0/7481	no_auto_possess	
Z16978	yes	((?=[a-z])z)(?:(?=[ab])\w){2,4}\1y	diff=0/7481	no_auto_possess	
Z16979	yes	((?=\w)z)(?:(?=[ab])\w){2,4}\1y	diff=0/7481	no_auto_possess	
Z16980	yes	((?=\W)z)(?:(?=[ab])\w){2,4}\1y	diff=0/7481	no_auto_possess	
Z16981	yes	((?=@)z)(?:(?=[ab])\w){2,4}\1@	diff=0/7481	no_auto_possess	
Z16982	yes	((?=[\d.])z)(?:(?=[ab])\w){2,4}\1@	diff=0/7481	no_auto_possess	
Z16983	yes	((?=[ab])z)(?:(?=[ab])\w){2,4}\1@	diff=0/7481	no_auto_possess	
Z16984	yes	((?=[a-z])z)(?:(?=[ab])\w){2,4}\1@	diff=0/7481	no_auto_possess	
Z16985	yes	((?=\w)z)(?:(?=[ab])\w){2,4}\1@	diff=0/7481	no_auto_possess	
Z16986	yes	((?=\W)z)(?:(?=[ab])\w){2,4}\1@	diff=0/7481	no_auto_possess	
Z16987	yes	((?=@)z)(?:(?=[ab])\w){2,4}\1a	diff=0/7481	no_auto_possess	
Z16988	yes	((?=[\d.])z)(?:(?=[ab])\w){2,4}\1a	diff=0/7481	no_auto_possess	
Z16989	yes	((?=[ab])z)(?:(?=[ab])\w){2,4}\1a	diff=0/7481	no_auto_possess	
Z16990	yes	((?=[a-z])z)(?:(?=[ab])\w){2,4}\1a	diff=0/7481	no_auto_possess	
Z16991	yes	((?=\w)z)(?:(?=[ab])\w){2,4}\1a	diff=0/7481	no_auto_possess	
Z16992	yes	((?=\W)z)(?:(?=[ab])\w){2,4}\1a	diff=0/7481	no_auto_possess	
Z16993	yes	((?=@)z)(?:(?=[ab])\w){3}\1	diff=0/7481	no_auto_possess	
Z16994	yes	((?=[\d.])z)(?:(?=[ab])\w){3}\1	diff=0/7481	no_auto_possess	
Z16995	yes	((?=[ab])z)(?:(?=[ab])\w){3}\1	diff=0/7481	no_auto_possess	
Z16996	yes	((?=[a-z])z)(?:(?=[ab])\w){3}\1	diff=0/7481	no_auto_possess	
Z16997	yes	((?=\w)z)(?:(?=[ab])\w){3}\1	diff=0/7481	no_auto_possess	
Z16998	yes	((?=\W)z)(?:(?=[ab])\w){3}\1	diff=0/7481	no_auto_possess	
Z16999	yes	((?=@)z)(?:(?=[ab])\w){3}\1y	diff=0/7481	no_auto_possess	
Z17000	yes	((?=[\d.])z)(?:(?=[ab])\w){3}\1y	diff=0/7481	no_auto_possess	
Z17001	yes	((?=[ab])z)(?:(?=[ab])\w){3}\1y	diff=0/7481	no_auto_possess	
Z17002	yes	((?=[a-z])z)(?:(?=[ab])\w){3}\1y	diff=0/7481	no_auto_possess	
Z17003	yes	((?=\w)z)(?:(?=[ab])\w){3}\1y	diff=0/7481	no_auto_possess	
Z17004	yes	((?=\W)z)(?:(?=[ab])\w){3}\1y	diff=0/7481	no_auto_possess	
Z17005	yes	((?=@)z)(?:(?=[ab])\w){3}\1@	diff=0/7481	no_auto_possess	
Z17006	yes	((?=[\d.])z)(?:(?=[ab])\w){3}\1@	diff=0/7481	no_auto_possess	
Z17007	yes	((?=[ab])z)(?:(?=[ab])\w){3}\1@	diff=0/7481	no_auto_possess	
Z17008	yes	((?=[a-z])z)(?:(?=[ab])\w){3}\1@	diff=0/7481	no_auto_possess	
Z17009	yes	((?=\w)z)(?:(?=[ab])\w){3}\1@	diff=0/7481	no_auto_possess	
Z17010	yes	((?=\W)z)(?:(?=[ab])\w){3}\1@	diff=0/7481	no_auto_possess	
Z17011	yes	((?=@)z)(?:(?=[ab])\w){3}\1a	diff=0/7481	no_auto_possess	
Z17012	yes	((?=[\d.])z)(?:(?=[ab])\w){3}\1a	diff=0/7481	no_auto_possess	
Z17013	yes	((?=[ab])z)(?:(?=[ab])\w){3}\1a	diff=0/7481	no_auto_possess	
Z17014	yes	((?=[a-z])z)(?:(?=[ab])\w){3}\1a	diff=0/7481	no_auto_possess	
Z17015	yes	((?=\w)z)(?:(?=[ab])\w){3}\1a	diff=0/7481	no_auto_possess	
Z17016	yes	((?=\W)z)(?:(?=[ab])\w){3}\1a	diff=0/7481	no_auto_possess	
Z17017	yes	((?=@)z)(?:(?=[ab])\w)+?\1	diff=0/7481	no_auto_possess	
Z17018	yes	((?=[\d.])z)(?:(?=[ab])\w)+?\1	diff=0/7481	no_auto_possess	
Z17019	yes	((?=[ab])z)(?:(?=[ab])\w)+?\1	diff=0/7481	no_auto_possess	
Z17020	yes	((?=[a-z])z)(?:(?=[ab])\w)+?\1	diff=0/7481	no_auto_possess	
Z17021	yes	((?=\w)z)(?:(?=[ab])\w)+?\1	diff=0/7481	no_auto_possess	
Z17022	yes	((?=\W)z)(?:(?=[ab])\w)+?\1	diff=0/7481	no_auto_possess	
Z17023	yes	((?=@)z)(?:(?=[ab])\w)+?\1y	diff=0/7481	no_auto_possess	
Z17024	yes	((?=[\d.])z)(?:(?=[ab])\w)+?\1y	diff=0/7481	no_auto_possess	
Z17025	yes	((?=[ab])z)(?:(?=[ab])\w)+?\1y	diff=0/7481	no_auto_possess	
Z17026	yes	((?=[a-z])z)(?:(?=[ab])\w)+?\1y	diff=0/7481	no_auto_possess	
Z17027	yes	((?=\w)z)(?:(?=[ab])\w)+?\1y	diff=0/7481	no_auto_possess	
Z17028	yes	((?=\W)z)(?:(?=[ab])\w)+?\1y	diff=0/7481	no_auto_possess	
Z17029	yes	((?=@)z)(?:(?=[ab])\w)+?\1@	diff=0/7481	no_auto_possess	
Z17030	yes	((?=[\d.])z)(?:(?=[ab])\w)+?\1@	diff=0/7481	no_auto_possess	
Z17031	yes	((?=[ab])z)(?:(?=[ab])\w)+?\1@	diff=0/7481	no_auto_possess	
Z17032	yes	((?=[a-z])z)(?:(?=[ab])\w)+?\1@	diff=0/7481	no_auto_possess	
Z17033	yes	((?=\w)z)(?:(?=[ab])\w)+?\1@	diff=0/7481	no_auto_possess	
Z17034	yes	((?=\W)z)(?:(?=[ab])\w)+?\1@	diff=0/7481	no_auto_possess	
Z17035	yes	((?=@)z)(?:(?=[ab])\w)+?\1a	diff=0/7481	no_auto_possess	
Z17036	yes	((?=[\d.])z)(?:(?=[ab])\w)+?\1a	diff=0/7481	no_auto_possess	
Z17037	yes	((?=[ab])z)(?:(?=[ab])\w)+?\1a	diff=0/7481	no_auto_possess	
Z17038	yes	((?=[a-z])z)(?:(?=[ab])\w)+?\1a	diff=0/7481	no_auto_possess	
Z17039	yes	((?=\w)z)(?:(?=[ab])\w)+?\1a	diff=0/7481	no_auto_possess	
Z17040	yes	((?=\W)z)(?:(?=[ab])\w)+?\1a	diff=0/7481	no_auto_possess	
Z17041	yes	((?=@)z)(?:(?=[ab])\w)*?\1	diff=0/7481	no_auto_possess	
Z17042	yes	((?=[\d.])z)(?:(?=[ab])\w)*?\1	diff=0/7481	no_auto_possess	
Z17043	yes	((?=[ab])z)(?:(?=[ab])\w)*?\1	diff=0/7481	no_auto_possess	
Z17044	yes	((?=[a-z])z)(?:(?=[ab])\w)*?\1	diff=0/7481	no_auto_possess	
Z17045	yes	((?=\w)z)(?:(?=[ab])\w)*?\1	diff=0/7481	no_auto_possess	
Z17046	yes	((?=\W)z)(?:(?=[ab])\w)*?\1	diff=0/7481	no_auto_possess	
Z17047	yes	((?=@)z)(?:(?=[ab])\w)*?\1y	diff=0/7481	no_auto_possess	
Z17048	yes	((?=[\d.])z)(?:(?=[ab])\w)*?\1y	diff=0/7481	no_auto_possess	
Z17049	yes	((?=[ab])z)(?:(?=[ab])\w)*?\1y	diff=0/7481	no_auto_possess	
Z17050	yes	((?=[a-z])z)(?:(?=[ab])\w)*?\1y	diff=0/7481	no_auto_possess	
Z17051	yes	((?=\w)z)(?:(?=[ab])\w)*?\1y	diff=0/7481	no_auto_possess	
Z17052	yes	((?=\W)z)(?:(?=[ab])\w)*?\1y	diff=0/7481	no_auto_possess	
Z17053	yes	((?=@)z)(?:(?=[ab])\w)*?\1@	diff=0/7481	no_auto_possess	
Z17054	yes	((?=[\d.])z)(?:(?=[ab])\w)*?\1@	diff=0/7481	no_auto_possess	
Z17055	yes	((?=[ab])z)(?:(?=[ab])\w)*?\1@	diff=0/7481	no_auto_possess	
Z17056	yes	((?=[a-z])z)(?:(?=[ab])\w)*?\1@	diff=0/7481	no_auto_possess	
Z17057	yes	((?=\w)z)(?:(?=[ab])\w)*?\1@	diff=0/7481	no_auto_possess	
Z17058	yes	((?=\W)z)(?:(?=[ab])\w)*?\1@	diff=0/7481	no_auto_possess	
Z17059	yes	((?=@)z)(?:(?=[ab])\w)*?\1a	diff=0/7481	no_auto_possess	
Z17060	yes	((?=[\d.])z)(?:(?=[ab])\w)*?\1a	diff=0/7481	no_auto_possess	
Z17061	yes	((?=[ab])z)(?:(?=[ab])\w)*?\1a	diff=0/7481	no_auto_possess	
Z17062	yes	((?=[a-z])z)(?:(?=[ab])\w)*?\1a	diff=0/7481	no_auto_possess	
Z17063	yes	((?=\w)z)(?:(?=[ab])\w)*?\1a	diff=0/7481	no_auto_possess	
Z17064	yes	((?=\W)z)(?:(?=[ab])\w)*?\1a	diff=0/7481	no_auto_possess	
Z17065	yes	((?=@)z)(?:(?=[ab])\w){2,4}?\1	diff=0/7481	no_auto_possess	
Z17066	yes	((?=[\d.])z)(?:(?=[ab])\w){2,4}?\1	diff=0/7481	no_auto_possess	
Z17067	yes	((?=[ab])z)(?:(?=[ab])\w){2,4}?\1	diff=0/7481	no_auto_possess	
Z17068	yes	((?=[a-z])z)(?:(?=[ab])\w){2,4}?\1	diff=0/7481	no_auto_possess	
Z17069	yes	((?=\w)z)(?:(?=[ab])\w){2,4}?\1	diff=0/7481	no_auto_possess	
Z17070	yes	((?=\W)z)(?:(?=[ab])\w){2,4}?\1	diff=0/7481	no_auto_possess	
Z17071	yes	((?=@)z)(?:(?=[ab])\w){2,4}?\1y	diff=0/7481	no_auto_possess	
Z17072	yes	((?=[\d.])z)(?:(?=[ab])\w){2,4}?\1y	diff=0/7481	no_auto_possess	
Z17073	yes	((?=[ab])z)(?:(?=[ab])\w){2,4}?\1y	diff=0/7481	no_auto_possess	
Z17074	yes	((?=[a-z])z)(?:(?=[ab])\w){2,4}?\1y	diff=0/7481	no_auto_possess	
Z17075	yes	((?=\w)z)(?:(?=[ab])\w){2,4}?\1y	diff=0/7481	no_auto_possess	
Z17076	yes	((?=\W)z)(?:(?=[ab])\w){2,4}?\1y	diff=0/7481	no_auto_possess	
Z17077	yes	((?=@)z)(?:(?=[ab])\w){2,4}?\1@	diff=0/7481	no_auto_possess	
Z17078	yes	((?=[\d.])z)(?:(?=[ab])\w){2,4}?\1@	diff=0/7481	no_auto_possess	
Z17079	yes	((?=[ab])z)(?:(?=[ab])\w){2,4}?\1@	diff=0/7481	no_auto_possess	
Z17080	yes	((?=[a-z])z)(?:(?=[ab])\w){2,4}?\1@	diff=0/7481	no_auto_possess	
Z17081	yes	((?=\w)z)(?:(?=[ab])\w){2,4}?\1@	diff=0/7481	no_auto_possess	
Z17082	yes	((?=\W)z)(?:(?=[ab])\w){2,4}?\1@	diff=0/7481	no_auto_possess	
Z17083	yes	((?=@)z)(?:(?=[ab])\w){2,4}?\1a	diff=0/7481	no_auto_possess	
Z17084	yes	((?=[\d.])z)(?:(?=[ab])\w){2,4}?\1a	diff=0/7481	no_auto_possess	
Z17085	yes	((?=[ab])z)(?:(?=[ab])\w){2,4}?\1a	diff=0/7481	no_auto_possess	
Z17086	yes	((?=[a-z])z)(?:(?=[ab])\w){2,4}?\1a	diff=0/7481	no_auto_possess	
Z17087	yes	((?=\w)z)(?:(?=[ab])\w){2,4}?\1a	diff=0/7481	no_auto_possess	
Z17088	yes	((?=\W)z)(?:(?=[ab])\w){2,4}?\1a	diff=0/7481	no_auto_possess	
Z17089	no	((?=@)z)(?:\w(?!\d))+\1	diff=0/7481	no_auto_possess	
Z17094	no	((?=\W)z)(?:\w(?!\d))+\1	diff=0/7481	no_auto_possess	
Z17095	no	((?=@)z)(?:\w(?!\d))+\1y	diff=0/7481	no_auto_possess	
Z17100	no	((?=\W)z)(?:\w(?!\d))+\1y	diff=0/7481	no_auto_possess	
Z17101	no	((?=@)z)(?:\w(?!\d))+\1@	diff=0/7481	no_auto_possess	
Z17106	no	((?=\W)z)(?:\w(?!\d))+\1@	diff=0/7481	no_auto_possess	
Z17107	no	((?=@)z)(?:\w(?!\d))+\1a	diff=0/7481	no_auto_possess	
Z17112	no	((?=\W)z)(?:\w(?!\d))+\1a	diff=0/7481	no_auto_possess	
Z17113	no	((?=@)z)(?:\w(?!\d))*\1	diff=0/7481	no_auto_possess	
Z17118	no	((?=\W)z)(?:\w(?!\d))*\1	diff=0/7481	no_auto_possess	
Z17119	no	((?=@)z)(?:\w(?!\d))*\1y	diff=0/7481	no_auto_possess	
Z17124	no	((?=\W)z)(?:\w(?!\d))*\1y	diff=0/7481	no_auto_possess	
Z17125	no	((?=@)z)(?:\w(?!\d))*\1@	diff=0/7481	no_auto_possess	
Z17130	no	((?=\W)z)(?:\w(?!\d))*\1@	diff=0/7481	no_auto_possess	
Z17131	no	((?=@)z)(?:\w(?!\d))*\1a	diff=0/7481	no_auto_possess	
Z17136	no	((?=\W)z)(?:\w(?!\d))*\1a	diff=0/7481	no_auto_possess	
Z17137	no	((?=@)z)(?:\w(?!\d))?\1	diff=0/7481	no_auto_possess	
Z17142	no	((?=\W)z)(?:\w(?!\d))?\1	diff=0/7481	no_auto_possess	
Z17143	no	((?=@)z)(?:\w(?!\d))?\1y	diff=0/7481	no_auto_possess	
Z17148	no	((?=\W)z)(?:\w(?!\d))?\1y	diff=0/7481	no_auto_possess	
Z17149	no	((?=@)z)(?:\w(?!\d))?\1@	diff=0/7481	no_auto_possess	
Z17154	no	((?=\W)z)(?:\w(?!\d))?\1@	diff=0/7481	no_auto_possess	
Z17155	no	((?=@)z)(?:\w(?!\d))?\1a	diff=0/7481	no_auto_possess	
Z17160	no	((?=\W)z)(?:\w(?!\d))?\1a	diff=0/7481	no_auto_possess	
Z17161	no	((?=@)z)(?:\w(?!\d)){2,4}\1	diff=0/7481	no_auto_possess	
Z17166	no	((?=\W)z)(?:\w(?!\d)){2,4}\1	diff=0/7481	no_auto_possess	
Z17167	no	((?=@)z)(?:\w(?!\d)){2,4}\1y	diff=0/7481	no_auto_possess	
Z17172	no	((?=\W)z)(?:\w(?!\d)){2,4}\1y	diff=0/7481	no_auto_possess	
Z17173	no	((?=@)z)(?:\w(?!\d)){2,4}\1@	diff=0/7481	no_auto_possess	
Z17178	no	((?=\W)z)(?:\w(?!\d)){2,4}\1@	diff=0/7481	no_auto_possess	
Z17179	no	((?=@)z)(?:\w(?!\d)){2,4}\1a	diff=0/7481	no_auto_possess	
Z17184	no	((?=\W)z)(?:\w(?!\d)){2,4}\1a	diff=0/7481	no_auto_possess	
Z17185	yes	((?=@)z)(?:\w(?!\d)){3}\1	diff=0/7481	no_auto_possess	
Z17186	yes	((?=[\d.])z)(?:\w(?!\d)){3}\1	diff=0/7481	no_auto_possess	
Z17187	yes	((?=[ab])z)(?:\w(?!\d)){3}\1	diff=0/7481	no_auto_possess	
Z17188	yes	((?=[a-z])z)(?:\w(?!\d)){3}\1	diff=0/7481	no_auto_possess	
Z17189	yes	((?=\w)z)(?:\w(?!\d)){3}\1	diff=0/7481	no_auto_possess	
Z17190	yes	((?=\W)z)(?:\w(?!\d)){3}\1	diff=0/7481	no_auto_possess	
Z17191	yes	((?=@)z)(?:\w(?!\d)){3}\1y	diff=0/7481	no_auto_possess	
Z17192	yes	((?=[\d.])z)(?:\w(?!\d)){3}\1y	diff=0/7481	no_auto_possess	
Z17193	yes	((?=[ab])z)(?:\w(?!\d)){3}\1y	diff=0/7481	no_auto_possess	
Z17194	yes	((?=[a-z])z)(?:\w(?!\d)){3}\1y	diff=0/7481	no_auto_possess	
Z17195	yes	((?=\w)z)(?:\w(?!\d)){3}\1y	diff=0/7481	no_auto_possess	
Z17196	yes	((?=\W)z)(?:\w(?!\d)){3}\1y	diff=0/7481	no_auto_possess	
Z17197	yes	((?=@)z)(?:\w(?!\d)){3}\1@	diff=0/7481	no_auto_possess	
Z17198	yes	((?=[\d.])z)(?:\w(?!\d)){3}\1@	diff=0/7481	no_auto_possess	
Z17199	yes	((?=[ab])z)(?:\w(?!\d)){3}\1@	diff=0/7481	no_auto_possess	
Z17200	yes	((?=[a-z])z)(?:\w(?!\d)){3}\1@	diff=0/7481	no_auto_possess	
Z17201	yes	((?=\w)z)(?:\w(?!\d)){3}\1@	diff=0/7481	no_auto_possess	
Z17202	yes	((?=\W)z)(?:\w(?!\d)){3}\1@	diff=0/7481	no_auto_possess	
Z17203	yes	((?=@)z)(?:\w(?!\d)){3}\1a	diff=0/7481	no_auto_possess	
Z17204	yes	((?=[\d.])z)(?:\w(?!\d)){3}\1a	diff=0/7481	no_auto_possess	
Z17205	yes	((?=[ab])z)(?:\w(?!\d)){3}\1a	diff=0/7481	no_auto_possess	
Z17206	yes	((?=[a-z])z)(?:\w(?!\d)){3}\1a	diff=0/7481	no_auto_possess	
Z17207	yes	((?=\w)z)(?:\w(?!\d)){3}\1a	diff=0/7481	no_auto_possess	
Z17208	yes	((?=\W)z)(?:\w(?!\d)){3}\1a	diff=0/7481	no_auto_possess	
Z17209	no	((?=@)z)(?:\w(?!\d))+?\1	diff=0/7481	no_auto_possess	
Z17214	no	((?=\W)z)(?:\w(?!\d))+?\1	diff=0/7481	no_auto_possess	
Z17215	no	((?=@)z)(?:\w(?!\d))+?\1y	diff=0/7481	no_auto_possess	
Z17220	no	((?=\W)z)(?:\w(?!\d))+?\1y	diff=0/7481	no_auto_possess	
Z17221	no	((?=@)z)(?:\w(?!\d))+?\1@	diff=0/7481	no_auto_possess	
Z17226	no	((?=\W)z)(?:\w(?!\d))+?\1@	diff=0/7481	no_auto_possess	
Z17227	no	((?=@)z)(?:\w(?!\d))+?\1a	diff=0/7481	no_auto_possess	
Z17232	no	((?=\W)z)(?:\w(?!\d))+?\1a	diff=0/7481	no_auto_possess	
Z17233	no	((?=@)z)(?:\w(?!\d))*?\1	diff=0/7481	no_auto_possess	
Z17238	no	((?=\W)z)(?:\w(?!\d))*?\1	diff=0/7481	no_auto_possess	
Z17239	no	((?=@)z)(?:\w(?!\d))*?\1y	diff=0/7481	no_auto_possess	
Z17244	no	((?=\W)z)(?:\w(?!\d))*?\1y	diff=0/7481	no_auto_possess	
Z17245	no	((?=@)z)(?:\w(?!\d))*?\1@	diff=0/7481	no_auto_possess	
Z17250	no	((?=\W)z)(?:\w(?!\d))*?\1@	diff=0/7481	no_auto_possess	
Z17251	no	((?=@)z)(?:\w(?!\d))*?\1a	diff=0/7481	no_auto_possess	
Z17256	no	((?=\W)z)(?:\w(?!\d))*?\1a	diff=0/7481	no_auto_possess	
Z17257	no	((?=@)z)(?:\w(?!\d)){2,4}?\1	diff=0/7481	no_auto_possess	
Z17262	no	((?=\W)z)(?:\w(?!\d)){2,4}?\1	diff=0/7481	no_auto_possess	
Z17263	no	((?=@)z)(?:\w(?!\d)){2,4}?\1y	diff=0/7481	no_auto_possess	
Z17268	no	((?=\W)z)(?:\w(?!\d)){2,4}?\1y	diff=0/7481	no_auto_possess	
Z17269	no	((?=@)z)(?:\w(?!\d)){2,4}?\1@	diff=0/7481	no_auto_possess	
Z17274	no	((?=\W)z)(?:\w(?!\d)){2,4}?\1@	diff=0/7481	no_auto_possess	
Z17275	no	((?=@)z)(?:\w(?!\d)){2,4}?\1a	diff=0/7481	no_auto_possess	
Z17280	no	((?=\W)z)(?:\w(?!\d)){2,4}?\1a	diff=0/7481	no_auto_possess	
