tests/altcls/altcls.rxt:10	unanch	0	13	4	4
tests/altcls/altcls.rxt:21	unanch	0	3	2	2
tests/altcls/altcls.rxt:29	unanch	0	4	2	2
tests/altcls/altcls.rxt:35	unanch	0	4	2	2
tests/altcls/altcls.rxt:43	unanch	0	4	2	2
tests/altcls/altcls.rxt:50	unanch	0	4	2	2
tests/altcls/altcls.rxt:56	unanch	0	32	7	7
tests/altcls/altcls.rxt:64	unanch	0	125	17	16
tests/altcls/altcls.rxt:74	unanch	0	9	2	6
tests/altcls/altcls.rxt:80	unanch	0	17	6	6
tests/altcls/altcls.rxt:86	unanch	0	15	3	6
tests/altcls/altcls.rxt:93	unanch	0	37	6	6
tests/altcls/altcls.rxt:102	unanch	0	79	12	11
tests/altcls/altcls.rxt:109	unanch	0	5	2	2
tests/altcls/altcls.rxt:117	unanch	0	27	7	9
tests/altcls/altcls.rxt:125	unanch	0	29	8	8
tests/altcls/altcls.rxt:147	unanch	0	4	2	2
tests/altcls/altcls.rxt:158	unanch	0	15	3	3
tests/altcls/altcls.rxt:170	unanch	0	15	3	3
tests/assertions/absolute.rxt:52	unanch	0	6	3	3
tests/assertions/absolute.rxt:77	unanch	0	6	3	3
tests/assertions/absolute.rxt:102	unanch	0	6	3	3
tests/assertions/absolute.rxt:145	attempt	0	0	1	0
tests/assertions/absolute.rxt:170	unanch	0	1	2	2
tests/assertions/absolute.rxt:196	unanch	0	1	2	2
tests/assertions/absolute.rxt:222	attempt	0	0	2	0
tests/assertions/absolute.rxt:255	attempt	0	1	2	0
tests/assertions/absolute.rxt:280	attempt	0	1	2	0
tests/assertions/absolute.rxt:305	unanch	0	6	3	3
tests/assertions/absolute.rxt:331	unanch	0	6	3	3
tests/assertions/absolute.rxt:356	attempt	0	2	4	0
tests/assertions/absolute.rxt:382	attempt	0	2	4	0
tests/assertions/absolute.rxt:407	attempt	0	3	5	0
tests/assertions/absolute.rxt:434	unanch	0	6	3	3
tests/assertions/absolute.rxt:466	unanch	0	7	3	2
tests/assertions/absolute.rxt:494	unanch	0	7	3	2
tests/assertions/absolute.rxt:521	unanch	0	7	3	2
tests/assertions/absolute.rxt:548	attempt	0	2	2	0
tests/assertions/absolute.rxt:575	unanch	0	7	3	2
tests/assertions/absolute.rxt:601	unanch	0	7	3	2
tests/assertions/absolute.rxt:626	unanch	0	24	9	5
tests/assertions/absolute.rxt:652	unanch	0	24	9	5
tests/assertions/absolute.rxt:684	none	0	0	0	0
tests/assertions/absolute.rxt:709	none	0	0	0	0
tests/assertions/absolute.rxt:735	unanch	0	17	4	5
tests/assertions/absolute.rxt:762	unanch	0	5	3	3
tests/assertions/absolute.rxt:788	unanch	0	5	3	3
tests/assertions/absolute.rxt:824	none	1	0	0	0
tests/assertions/absolute.rxt:828	none	1	0	0	0
tests/assertions/absolute.rxt:832	none	1	0	0	0
tests/assertions/absolute.rxt:836	none	1	0	0	0
tests/assertions/absolute.rxt:840	none	1	0	0	0
tests/assertions/absolute.rxt:844	none	1	0	0	0
tests/assertions/absolute.rxt:848	none	1	0	0	0
tests/assertions/absolute.rxt:852	none	1	0	0	0
tests/assertions/absolute.rxt:856	none	1	0	0	0
tests/assertions/absolute.rxt:860	none	1	0	0	0
tests/assertions/absolute.rxt:864	none	1	0	0	0
tests/assertions/absolute.rxt:868	none	1	0	0	0
tests/assertions/absolute.rxt:872	none	1	0	0	0
tests/assertions/absolute.rxt:876	none	1	0	0	0
tests/assertions/absolute.rxt:880	none	1	0	0	0
tests/assertions/absolute.rxt:886	none	1	0	0	0
tests/assertions/absolute.rxt:890	none	1	0	0	0
tests/assertions/absolute.rxt:894	none	1	0	0	0
tests/assertions/absolute.rxt:898	none	1	0	0	0
tests/assertions/absolute.rxt:902	none	1	0	0	0
tests/assertions/absolute.rxt:918	attempt	0	6	4	0
tests/assertions/absolute.rxt:947	attempt	0	9	4	0
tests/assertions/absolute.rxt:975	attempt	0	1	3	0
tests/assertions/absolute.rxt:1004	attempt	0	1	3	0
tests/assertions/absolute.rxt:1032	attempt	0	1	3	0
tests/assertions/absolute.rxt:1061	attempt	0	2	2	0
tests/assertions/absolute.rxt:1089	attempt	0	5	7	0
tests/assertions/absolute.rxt:1117	attempt	0	2	2	0
tests/assertions/absolute.rxt:1146	attempt	0	5	7	0
tests/assertions/d27/anchors_abs.rxt:15	attempt	0	3	4	0
tests/assertions/d27/anchors_abs.rxt:25	attempt	0	6	6	0
tests/assertions/d27/anchors_abs.rxt:36	attempt	0	2	2	0
tests/assertions/d27/anchors_abs.rxt:42	attempt	0	1	2	0
tests/assertions/d27/anchors_abs.rxt:51	attempt	0	1	1	0
tests/assertions/d27/anchors_abs.rxt:57	attempt	0	2	2	0
tests/assertions/d27/anchors_abs.rxt:63	unanch	0	19	7	5
tests/assertions/d27/anchors_abs.rxt:68	unanch	0	16	5	5
tests/assertions/d27/anchors_abs.rxt:77	unanch	0	7	4	4
tests/assertions/d27/anchors_abs.rxt:86	unanch	0	6	3	3
tests/assertions/d27/anchors_abs.rxt:98	unanch	0	6	3	3
tests/assertions/d27/anchors_abs.rxt:104	unanch	0	6	3	3
tests/assertions/d27/anchors_abs.rxt:109	unanch	0	6	3	3
tests/assertions/d27/anchors_abs.rxt:114	unanch	0	6	3	3
tests/assertions/d27/anchors_abs.rxt:118	unanch	0	6	3	3
tests/assertions/d27/anchors_abs.rxt:123	unanch	0	6	3	3
tests/assertions/d27/anchors_abs.rxt:128	unanch	0	6	3	3
tests/assertions/d27/anchors_abs.rxt:132	unanch	0	6	3	3
tests/assertions/d27/anchors_abs.rxt:137	unanch	0	6	3	3
tests/assertions/d27/anchors_abs.rxt:142	unanch	0	6	3	3
tests/assertions/d27/anchors_abs.rxt:146	attempt	0	3	5	0
tests/assertions/d27/anchors_abs.rxt:153	attempt	0	0	1	0
tests/assertions/d27/anchors_abs.rxt:157	unanch	0	1	2	2
tests/assertions/d27/anchors_abs.rxt:161	unanch	0	1	2	2
tests/assertions/d27/anchors_abs.rxt:166	unanch	0	16	5	5
tests/assertions/d27/composition.rxt:7	attempt	0	3	5	0
tests/assertions/d27/composition.rxt:14	attempt	0	4	7	0
tests/assertions/d27/composition.rxt:20	attempt	0	6	7	0
tests/assertions/d27/composition.rxt:25	unanch	0	19	5	4
tests/assertions/d27/composition.rxt:30	attempt	0	5	5	0
tests/assertions/d27/composition.rxt:37	attempt	0	2	4	0
tests/assertions/d27/composition.rxt:45	unanch	0	51	7	7
tests/assertions/d27/gating.rxt:27	none	1	0	0	0
tests/assertions/d27/gating.rxt:32	none	1	0	0	0
tests/assertions/d27/gating.rxt:37	none	1	0	0	0
tests/assertions/d27/gating.rxt:42	none	1	0	0	0
tests/assertions/d27/gating.rxt:47	none	1	0	0	0
tests/assertions/d27/gating.rxt:52	none	1	0	0	0
tests/assertions/d27/gating.rxt:57	none	1	0	0	0
tests/assertions/d27/gating.rxt:62	none	1	0	0	0
tests/assertions/d27/gating.rxt:68	none	1	0	0	0
tests/assertions/d27/gating.rxt:74	none	1	0	0	0
tests/assertions/d27/gating.rxt:80	none	1	0	0	0
tests/assertions/d27/gating.rxt:86	none	1	0	0	0
tests/assertions/d27/gating.rxt:92	none	1	0	0	0
tests/assertions/d27/gating.rxt:98	none	1	0	0	0
tests/assertions/d27/gating.rxt:105	attempt	0	1	2	0
tests/assertions/d27/gating.rxt:110	unanch	0	6	3	3
tests/assertions/d27/gating.rxt:115	unanch	0	6	3	3
tests/assertions/d27/gating.rxt:120	unanch	0	9	3	2
tests/assertions/d27/gating.rxt:125	unanch	0	11	3	3
tests/assertions/d27/gating.rxt:130	attempt	0	1	2	0
tests/assertions/d27/gating.rxt:135	unanch	0	3	2	2
tests/assertions/d27/gating.rxt:143	none	1	0	0	0
tests/assertions/d27/gating.rxt:148	none	1	0	0	0
tests/assertions/d27/gating.rxt:154	none	1	0	0	0
tests/assertions/d27/gating.rxt:160	none	1	0	0	0
tests/assertions/d27/gating.rxt:165	attempt	0	2	4	0
tests/assertions/d27/gstart.rxt:15	attempt	0	1	2	0
tests/assertions/d27/gstart.rxt:23	attempt	0	1	2	0
tests/assertions/d27/gstart.rxt:31	attempt	0	6	6	0
tests/assertions/d27/gstart.rxt:40	attempt	0	2	2	0
tests/assertions/d27/gstart.rxt:46	attempt	0	2	2	0
tests/assertions/d27/gstart.rxt:52	attempt	0	2	3	0
tests/assertions/d27/gstart.rxt:58	attempt	0	1	2	0
tests/assertions/d27/gstart.rxt:65	attempt	0	0	1	0
tests/assertions/d27/kreset.rxt:13	unanch	0	7	3	3
tests/assertions/d27/kreset.rxt:19	unanch	0	7	3	3
tests/assertions/d27/kreset.rxt:25	unanch	0	7	3	3
tests/assertions/d27/kreset.rxt:31	unanch	0	11	4	4
tests/assertions/d27/kreset.rxt:36	unanch	0	15	4	4
tests/assertions/d27/kreset.rxt:44	unanch	0	9	3	3
tests/assertions/d27/kreset.rxt:52	attempt	0	5	5	0
tests/assertions/d27/kreset.rxt:58	unanch	0	10	3	2
tests/assertions/d27/kreset.rxt:63	attempt	0	3	6	0
tests/assertions/d27/kreset.rxt:69	unanch	0	7	3	3
tests/assertions/d27/kreset.rxt:74	unanch	0	7	3	3
tests/assertions/d27/kreset.rxt:80	unanch	0	7	3	3
tests/assertions/d27/kreset.rxt:88	unanch	0	7	3	3
tests/assertions/d27/kreset.rxt:93	none	0	0	0	0
tests/assertions/d27/multiline.rxt:17	attempt	0	2	4	0
tests/assertions/d27/multiline.rxt:23	attempt	0	2	4	0
tests/assertions/d27/multiline.rxt:29	unanch	0	6	3	3
tests/assertions/d27/multiline.rxt:34	attempt	0	0	4	0
tests/assertions/d27/multiline.rxt:40	attempt	0	0	3	0
tests/assertions/d27/multiline.rxt:48	attempt	0	0	3	0
tests/assertions/d27/multiline.rxt:59	attempt	0	2	5	0
tests/assertions/d27/multiline.rxt:67	attempt	0	1	3	0
tests/assertions/d27/multiline.rxt:72	attempt	0	2	3	0
tests/assertions/d27/multiline.rxt:78	attempt	0	2	3	0
tests/assertions/d27/multiline.rxt:83	attempt	0	2	5	0
tests/assertions/d27/multiline.rxt:91	attempt	0	5	5	0
tests/assertions/d27/multiline.rxt:96	attempt	0	2	5	0
tests/assertions/d27/multiline.rxt:101	attempt	0	2	5	0
tests/assertions/d27/multiline.rxt:106	attempt	0	1	2	0
tests/assertions/d27/multiline.rxt:112	unanch	0	6	3	3
tests/assertions/d27/syntax_errors.rxt:18	none	1	0	0	0
tests/assertions/d27/syntax_errors.rxt:22	none	1	0	0	0
tests/assertions/d27/syntax_errors.rxt:26	none	1	0	0	0
tests/assertions/d27/syntax_errors.rxt:30	none	1	0	0	0
tests/assertions/d27/syntax_errors.rxt:34	none	1	0	0	0
tests/assertions/d27/syntax_errors.rxt:39	none	1	0	0	0
tests/assertions/d27/syntax_errors.rxt:43	none	1	0	0	0
tests/assertions/d27/syntax_errors.rxt:47	none	1	0	0	0
tests/assertions/d27/syntax_errors.rxt:51	none	1	0	0	0
tests/assertions/d27/syntax_errors.rxt:55	none	1	0	0	0
tests/assertions/d27/syntax_errors.rxt:60	none	1	0	0	0
tests/assertions/d27/syntax_errors.rxt:64	none	1	0	0	0
tests/assertions/d27/syntax_errors.rxt:68	none	1	0	0	0
tests/assertions/d27/syntax_errors.rxt:72	none	1	0	0	0
tests/assertions/d27/syntax_errors.rxt:76	none	1	0	0	0
tests/assertions/d27/syntax_errors.rxt:81	none	1	0	0	0
tests/assertions/d27/syntax_errors.rxt:85	none	1	0	0	0
tests/assertions/d27/syntax_errors.rxt:89	none	1	0	0	0
tests/assertions/d27/syntax_errors.rxt:93	none	1	0	0	0
tests/assertions/d27/syntax_errors.rxt:97	none	1	0	0	0
tests/assertions/d27/syntax_errors.rxt:102	none	1	0	0	0
tests/assertions/d27/syntax_errors.rxt:106	none	1	0	0	0
tests/assertions/d27/syntax_errors.rxt:110	none	1	0	0	0
tests/assertions/d27/syntax_errors.rxt:114	none	1	0	0	0
tests/assertions/d27/syntax_errors.rxt:118	none	1	0	0	0
tests/assertions/d27/syntax_errors.rxt:123	none	1	0	0	0
tests/assertions/d27/syntax_errors.rxt:127	none	1	0	0	0
tests/assertions/d27/syntax_errors.rxt:131	none	1	0	0	0
tests/assertions/d27/syntax_errors.rxt:135	none	1	0	0	0
tests/assertions/d27/syntax_errors.rxt:139	none	1	0	0	0
tests/assertions/d27/syntax_errors.rxt:144	none	1	0	0	0
tests/assertions/d27/syntax_errors.rxt:148	none	1	0	0	0
tests/assertions/d27/syntax_errors.rxt:152	none	1	0	0	0
tests/assertions/d27/syntax_errors.rxt:156	none	1	0	0	0
tests/assertions/d27/syntax_errors.rxt:160	none	1	0	0	0
tests/assertions/d27/syntax_errors.rxt:165	none	1	0	0	0
tests/assertions/d27/syntax_errors.rxt:170	none	1	0	0	0
tests/assertions/d27/word_boundary.rxt:11	unanch	0	25	5	5
tests/assertions/d27/word_boundary.rxt:22	unanch	0	23	5	4
tests/assertions/d27/word_boundary.rxt:30	unanch	0	23	5	4
tests/assertions/d27/word_boundary.rxt:39	unanch	0	23	5	4
tests/assertions/d27/word_boundary.rxt:45	unanch	0	17	3	3
tests/assertions/d27/word_boundary.rxt:51	unanch	0	41	7	7
tests/assertions/d27/word_boundary.rxt:58	unanch	0	23	5	5
tests/assertions/d27/word_boundary.rxt:66	unanch	0	7	2	3
tests/assertions/d27/word_boundary.rxt:72	unanch	0	2	2	2
tests/assertions/d27/word_boundary.rxt:77	unanch	0	2	2	2
tests/assertions/d27/word_boundary.rxt:82	unanch	0	2	2	2
tests/assertions/d27/word_boundary.rxt:91	unanch	0	25	5	5
tests/assertions/gate.rxt:44	unanch	0	38	14	6
tests/assertions/gate.rxt:66	unanch	0	24	9	5
tests/assertions/gate.rxt:88	unanch	0	15	4	5
tests/assertions/gate.rxt:110	unanch	0	41	7	7
tests/assertions/gate.rxt:132	unanch	0	41	15	7
tests/assertions/gate.rxt:164	unanch	0	38	14	6
tests/assertions/gate.rxt:186	unanch	0	24	9	5
tests/assertions/gate.rxt:208	unanch	0	15	4	5
tests/assertions/gate.rxt:230	unanch	0	41	7	7
tests/assertions/gate.rxt:252	unanch	0	41	15	7
tests/assertions/gate.rxt:283	unanch	0	38	14	6
tests/assertions/gate.rxt:306	unanch	0	24	9	5
tests/assertions/gate.rxt:329	unanch	0	41	7	7
tests/assertions/gate.rxt:360	attempt	0	5	5	0
tests/assertions/gate.rxt:382	attempt	0	8	10	0
tests/assertions/gate.rxt:404	attempt	0	8	10	0
tests/assertions/gpos.rxt:39	attempt	0	0	1	0
tests/assertions/gpos.rxt:66	attempt	0	3	4	0
tests/assertions/gpos.rxt:90	unanch	0	14	4	4
tests/assertions/gpos.rxt:103	attempt	0	1	2	0
tests/assertions/gpos.rxt:121	attempt	0	2	2	0
tests/assertions/gpos.rxt:140	attempt	0	2	3	0
tests/assertions/gpos.rxt:158	attempt	0	5	5	0
tests/assertions/gpos.rxt:186	attempt	0	7	7	0
tests/assertions/gpos.rxt:206	attempt	0	3	3	0
tests/assertions/gpos.rxt:219	attempt	0	3	3	0
tests/assertions/gpos.rxt:268	attempt	0	1	1	0
tests/assertions/gpos.rxt:294	attempt	0	1	1	0
tests/assertions/gpos.rxt:308	attempt	0	2	3	0
tests/assertions/gpos.rxt:324	attempt	0	2	2	0
tests/assertions/gpos.rxt:344	attempt	0	3	3	0
tests/assertions/gpos.rxt:359	attempt	0	2	2	0
tests/assertions/gpos.rxt:380	attempt	0	1	2	0
tests/assertions/gpos.rxt:391	attempt	0	1	2	0
tests/assertions/gpos.rxt:403	attempt	0	0	2	0
tests/assertions/gpos.rxt:410	attempt	0	0	2	0
tests/assertions/gpos.rxt:425	attempt	0	11	8	0
tests/assertions/gpos.rxt:453	attempt	0	6	6	0
tests/assertions/gpos.rxt:470	attempt	0	6	6	0
tests/assertions/gpos.rxt:490	none	0	0	0	0
tests/assertions/gpos.rxt:497	attempt	0	1	2	0
tests/assertions/gpos.rxt:507	attempt	0	2	3	0
tests/assertions/gpos.rxt:522	attempt	0	2	3	0
tests/assertions/gpos.rxt:539	none	1	0	0	0
tests/assertions/gpos.rxt:544	none	1	0	0	0
tests/assertions/gpos.rxt:549	none	1	0	0	0
tests/assertions/gpos.rxt:554	none	1	0	0	0
tests/assertions/gpos.rxt:559	none	1	0	0	0
tests/assertions/gpos.rxt:564	none	1	0	0	0
tests/assertions/gpos.rxt:593	none	0	0	0	0
tests/assertions/gpos.rxt:610	none	0	0	0	0
tests/assertions/gpos.rxt:625	attempt	0	9	7	0
tests/assertions/gpos.rxt:676	unanch	0	0	1	1
tests/assertions/gpos.rxt:682	unanch	0	0	1	1
tests/assertions/gpos.rxt:688	attempt	0	0	1	0
tests/assertions/gpos.rxt:695	unanch	0	0	1	1
tests/assertions/gpos.rxt:701	none	0	0	0	0
tests/assertions/gpos.rxt:707	none	0	0	0	0
tests/assertions/gpos.rxt:714	none	0	0	0	0
tests/assertions/kreset.rxt:71	none	0	0	0	0
tests/assertions/kreset.rxt:85	unanch	0	3	2	2
tests/assertions/kreset.rxt:101	unanch	0	3	2	2
tests/assertions/kreset.rxt:126	unanch	0	7	3	3
tests/assertions/kreset.rxt:149	unanch	0	7	3	3
tests/assertions/kreset.rxt:165	unanch	0	7	3	3
tests/assertions/kreset.rxt:181	unanch	0	11	4	4
tests/assertions/kreset.rxt:194	unanch	0	7	3	3
tests/assertions/kreset.rxt:205	unanch	0	7	3	3
tests/assertions/kreset.rxt:232	unanch	0	13	4	4
tests/assertions/kreset.rxt:252	unanch	0	11	4	4
tests/assertions/kreset.rxt:267	unanch	0	10	3	3
tests/assertions/kreset.rxt:285	unanch	0	18	5	5
tests/assertions/kreset.rxt:303	unanch	0	10	3	3
tests/assertions/kreset.rxt:337	unanch	0	10	3	3
tests/assertions/kreset.rxt:359	unanch	0	5	2	2
tests/assertions/kreset.rxt:379	unanch	0	10	3	3
tests/assertions/kreset.rxt:402	unanch	0	14	4	4
tests/assertions/kreset.rxt:418	unanch	0	20	5	5
tests/assertions/kreset.rxt:450	unanch	0	8	3	3
tests/assertions/kreset.rxt:466	unanch	0	8	3	3
tests/assertions/kreset.rxt:475	unanch	0	14	3	3
tests/assertions/kreset.rxt:507	unanch	0	10	4	4
tests/assertions/kreset.rxt:527	none	0	0	0	0
tests/assertions/kreset.rxt:541	none	0	0	0	0
tests/assertions/kreset.rxt:572	unanch	0	7	3	3
tests/assertions/kreset.rxt:592	unanch	0	7	3	3
tests/assertions/kreset.rxt:609	unanch	0	7	3	3
tests/assertions/kreset.rxt:629	unanch	0	5	2	2
tests/assertions/kreset.rxt:657	unanch	0	10	3	3
tests/assertions/kreset.rxt:694	attempt	0	2	3	0
tests/assertions/kreset.rxt:705	unanch	0	9	4	4
tests/assertions/kreset.rxt:720	unanch	0	9	4	4
tests/assertions/kreset.rxt:735	unanch	0	9	4	4
tests/assertions/kreset.rxt:750	unanch	0	15	4	4
tests/assertions/kreset.rxt:766	unanch	0	9	2	2
tests/assertions/kreset.rxt:777	attempt	0	2	3	0
tests/assertions/kreset.rxt:793	attempt	0	4	4	0
tests/assertions/kreset.rxt:809	attempt	0	3	5	0
tests/assertions/kreset.rxt:827	unanch	0	9	4	4
tests/assertions/kreset.rxt:857	unanch	0	27	6	6
tests/assertions/kreset.rxt:879	unanch	0	13	5	5
tests/assertions/kreset.rxt:896	unanch	0	13	4	3
tests/assertions/kreset.rxt:916	unanch	0	18	5	5
tests/assertions/kreset.rxt:961	unanch	0	122	13	13
tests/assertions/kreset.rxt:972	unanch	0	98	12	12
tests/assertions/kreset.rxt:980	unanch	0	139	18	18
tests/assertions/kreset.rxt:1000	none	0	0	0	0
tests/assertions/kreset.rxt:1007	none	1	0	0	0
tests/assertions/kreset.rxt:1011	none	1	0	0	0
tests/assertions/kreset.rxt:1015	none	1	0	0	0
tests/assertions/kreset.rxt:1019	none	1	0	0	0
tests/assertions/kreset.rxt:1023	none	1	0	0	0
tests/assertions/kreset.rxt:1027	none	1	0	0	0
tests/assertions/multiline.rxt:37	attempt	0	0	3	0
tests/assertions/multiline.rxt:57	unanch	0	1	2	2
tests/assertions/multiline.rxt:77	attempt	0	0	1	0
tests/assertions/multiline.rxt:97	unanch	0	1	2	2
tests/assertions/multiline.rxt:123	attempt	0	6	8	0
tests/assertions/multiline.rxt:151	unanch	0	26	7	7
tests/assertions/multiline.rxt:180	attempt	0	6	9	0
tests/assertions/multiline.rxt:208	attempt	0	5	6	0
tests/assertions/multiline.rxt:236	unanch	0	26	7	7
tests/assertions/multiline.rxt:265	attempt	0	2	4	0
tests/assertions/multiline.rxt:293	unanch	0	6	3	3
tests/assertions/multiline.rxt:322	attempt	0	2	4	0
tests/assertions/multiline.rxt:350	unanch	0	6	3	3
tests/assertions/multiline.rxt:402	attempt	0	0	3	0
tests/assertions/multiline.rxt:444	attempt	0	0	4	0
tests/assertions/multiline.rxt:486	attempt	0	2	3	0
tests/assertions/multiline.rxt:528	attempt	0	2	4	0
tests/assertions/multiline.rxt:570	attempt	0	2	4	0
tests/assertions/multiline.rxt:611	unanch	0	1	2	2
tests/assertions/multiline.rxt:652	unanch	0	6	3	3
tests/assertions/multiline.rxt:693	unanch	0	10	3	2
tests/assertions/multiline.rxt:734	attempt	0	0	1	0
tests/assertions/multiline.rxt:775	unanch	0	1	2	2
tests/assertions/multiline.rxt:823	unanch	0	10	3	2
tests/assertions/multiline.rxt:871	unanch	0	15	4	3
tests/assertions/multiline.rxt:919	unanch	0	10	3	2
tests/assertions/multiline.rxt:967	unanch	0	10	3	2
tests/assertions/multiline.rxt:1015	unanch	0	10	3	2
tests/assertions/multiline.rxt:1063	unanch	0	49	14	6
tests/assertions/multiline.rxt:1112	attempt	0	2	3	0
tests/assertions/multiline.rxt:1161	attempt	0	3	4	0
tests/assertions/multiline.rxt:1223	unanch	0	29	9	5
tests/assertions/multiline.rxt:1254	unanch	0	22	8	4
tests/assertions/multiline.rxt:1285	unanch	0	49	14	6
tests/assertions/multiline.rxt:1316	unanch	0	10	5	3
tests/assertions/multiline.rxt:1347	unanch	0	49	14	6
tests/assertions/multiline.rxt:1378	unanch	0	46	13	7
tests/assertions/multiline.rxt:1409	unanch	0	59	14	5
tests/assertions/multiline.rxt:1463	unanch	0	22	9	5
tests/assertions/multiline.rxt:1494	none	0	0	0	0
tests/assertions/multiline.rxt:1525	none	0	0	0	0
tests/assertions/multiline.rxt:1556	none	0	0	0	0
tests/assertions/multiline.rxt:1587	none	0	0	0	0
tests/assertions/multiline.rxt:1618	unanch	0	22	9	5
tests/assertions/multiline.rxt:1650	unanch	0	22	9	5
tests/assertions/multiline.rxt:1681	unanch	0	19	9	5
tests/assertions/multiline.rxt:1712	none	0	0	0	0
tests/assertions/multiline.rxt:1766	unanch	0	29	9	5
tests/assertions/multiline.rxt:1815	attempt	0	2	4	0
tests/assertions/multiline.rxt:1863	unanch	0	6	3	3
tests/assertions/multiline.rxt:1911	unanch	0	22	8	4
tests/assertions/multiline.rxt:1959	unanch	0	10	3	2
tests/assertions/multiline.rxt:2008	unanch	0	29	9	5
tests/assertions/multiline.rxt:2057	unanch	0	6	3	3
tests/assertions/multiline.rxt:2106	attempt	0	2	4	0
tests/assertions/multiline.rxt:2155	unanch	0	49	14	6
tests/assertions/multiline.rxt:2204	unanch	0	6	3	3
tests/assertions/multiline.rxt:2255	attempt	0	1	1	0
tests/assertions/multiline.rxt:2304	attempt	0	2	2	0
tests/assertions/multiline.rxt:2353	unanch	0	6	3	3
tests/assertions/multiline.rxt:2402	attempt	0	5	5	0
tests/assertions/multiline.rxt:2456	unanch	0	15	4	5
tests/assertions/multiline.rxt:2505	attempt	0	3	4	0
tests/assertions/multiline.rxt:2553	unanch	0	15	4	5
tests/assertions/multiline.rxt:2601	unanch	0	15	4	5
tests/assertions/multiline.rxt:2671	attempt	0	5	4	0
tests/assertions/multiline.rxt:2710	attempt	0	5	5	0
tests/assertions/multiline.rxt:2748	attempt	0	3	3	0
tests/assertions/multiline.rxt:2786	attempt	0	3	3	0
tests/assertions/multiline.rxt:2825	attempt	0	12	11	0
tests/assertions/multiline.rxt:2864	attempt	0	5	4	0
tests/assertions/multiline.rxt:2902	attempt	0	5	6	0
tests/assertions/multiline.rxt:2947	attempt	0	1	2	0
tests/assertions/multiline.rxt:2996	unanch	0	6	3	3
tests/assertions/multiline.rxt:3044	unanch	0	6	3	3
tests/assertions/multiline.rxt:3092	attempt	0	0	1	0
tests/assertions/multiline.rxt:3141	unanch	0	1	2	2
tests/assertions/multiline.rxt:3189	unanch	0	1	2	2
tests/assertions/multiline.rxt:3238	unanch	0	6	3	3
tests/assertions/multiline.rxt:3286	attempt	0	1	2	0
tests/assertions/multiline.rxt:3341	attempt	0	3	4	0
tests/assertions/multiline.rxt:3393	unanch	0	29	7	4
tests/assertions/multiline.rxt:3446	attempt	0	6	5	0
tests/assertions/multiline.rxt:3498	unanch	0	23	5	4
tests/assertions/multiline.rxt:3550	unanch	0	10	3	2
tests/assertions/multiline.rxt:3602	unanch	0	12	3	2
tests/assertions/multiline.rxt:3661	attempt	0	1	2	0
tests/assertions/multiline.rxt:3710	unanch	0	6	3	3
tests/assertions/multiline.rxt:3758	unanch	0	6	3	3
tests/assertions/start_pinned_startpos.rxt:20	unanch	0	12	3	2
tests/assertions/wordb_basic.rxt:63	unanch	0	23	5	4
tests/assertions/wordb_basic.rxt:143	unanch	0	23	5	4
tests/assertions/wordb_basic.rxt:218	unanch	0	17	4	5
tests/assertions/wordb_basic.rxt:296	unanch	0	17	4	5
tests/assertions/wordb_basic.rxt:375	unanch	0	25	5	5
tests/assertions/wordb_basic.rxt:450	unanch	0	25	5	5
tests/assertions/wordb_basic.rxt:525	unanch	0	26	5	5
tests/assertions/wordb_basic.rxt:600	unanch	0	26	5	5
tests/assertions/wordb_basic.rxt:675	unanch	0	17	3	3
tests/assertions/wordb_basic.rxt:750	unanch	0	19	4	3
tests/assertions/wordb_basic.rxt:825	unanch	0	11	3	3
tests/assertions/wordb_basic.rxt:900	unanch	0	12	4	4
tests/assertions/wordb_basic.rxt:975	unanch	0	12	4	4
tests/assertions/wordb_basic.rxt:1050	unanch	0	11	2	2
tests/assertions/wordb_basic.rxt:1125	unanch	0	11	3	3
tests/assertions/wordb_basic.rxt:1200	unanch	0	11	2	2
tests/assertions/wordb_basic.rxt:1275	unanch	0	11	3	3
tests/assertions/wordb_empty_compose.rxt:31	unanch	0	2	2	2
tests/assertions/wordb_empty_compose.rxt:106	unanch	0	2	2	2
tests/assertions/wordb_empty_compose.rxt:181	unanch	0	2	2	2
tests/assertions/wordb_empty_compose.rxt:256	unanch	0	1	1	0
tests/assertions/wordb_empty_compose.rxt:331	unanch	0	1	1	0
tests/assertions/wordb_empty_compose.rxt:406	unanch	0	2	2	2
tests/assertions/wordb_empty_compose.rxt:481	unanch	0	12	3	2
tests/assertions/wordb_empty_compose.rxt:556	unanch	0	12	3	2
tests/assertions/wordb_empty_compose.rxt:631	unanch	0	12	3	2
tests/assertions/wordb_empty_compose.rxt:706	unanch	0	10	3	3
tests/assertions/wordb_empty_compose.rxt:791	unanch	0	26	6	5
tests/assertions/wordb_empty_compose.rxt:866	unanch	0	19	5	7
tests/assertions/wordb_empty_compose.rxt:942	unanch	0	26	6	5
tests/assertions/wordb_empty_compose.rxt:1017	unanch	0	16	3	5
tests/assertions/wordb_empty_compose.rxt:1092	unanch	0	20	5	3
tests/assertions/wordb_empty_compose.rxt:1168	unanch	0	12	4	3
tests/assertions/wordb_empty_compose.rxt:1243	unanch	0	23	4	5
tests/assertions/wordb_empty_compose.rxt:1318	attempt	0	1	2	0
tests/assertions/wordb_empty_compose.rxt:1393	unanch	0	23	4	5
tests/assertions/wordb_engattempt.rxt:59	attempt	0	1	1	0
tests/assertions/wordb_engattempt.rxt:135	attempt	0	1	1	0
tests/assertions/wordb_engattempt.rxt:212	attempt	0	2	2	0
tests/assertions/wordb_engattempt.rxt:287	attempt	0	3	4	0
tests/assertions/wordb_engattempt.rxt:362	attempt	0	4	5	0
tests/assertions/wordb_engattempt.rxt:437	attempt	0	3	2	0
tests/assertions/wordb_engattempt.rxt:512	attempt	0	3	2	0
tests/assertions/wordb_engattempt.rxt:587	attempt	0	2	3	0
tests/assertions/wordb_engattempt.rxt:662	attempt	0	2	3	0
tests/assertions/wordb_engattempt.rxt:737	attempt	0	0	1	0
tests/assertions/wordb_engattempt.rxt:812	attempt	0	0	1	0
tests/assertions/wordb_engattempt.rxt:887	attempt	0	3	2	0
tests/assertions/wordb_engattempt.rxt:962	attempt	0	3	4	0
tests/assertions/wordb_engattempt.rxt:1037	attempt	0	5	6	0
tests/assertions/wordb_engattempt.rxt:1112	attempt	0	3	2	0
tests/assertions/wordb_engattempt.rxt:1187	attempt	0	3	3	0
tests/assertions/wordb_vm.rxt:39	unanch	0	19	5	4
tests/assertions/wordb_vm.rxt:114	unanch	0	19	5	4
tests/assertions/wordb_vm.rxt:189	unanch	0	14	4	5
tests/assertions/wordb_vm.rxt:264	unanch	0	14	4	5
tests/assertions/wordb_vm.rxt:339	unanch	0	13	3	3
tests/assertions/wordb_vm.rxt:414	unanch	0	7	3	2
tests/assertions/wordb_vm.rxt:489	unanch	0	9	3	3
tests/assertions/wordb_vm.rxt:564	unanch	0	21	5	5
tests/assertions/wordb_vm.rxt:639	unanch	0	9	2	2
tests/assertions/wordb_vm.rxt:714	unanch	0	10	3	2
tests/assertions/wordb_vm.rxt:789	attempt	0	3	4	0
tests/assertions/wordb_vm.rxt:864	unanch	0	22	6	5
tests/atomic_groups/atomic_assert.rxt:45	unanch	0	11	4	4
tests/atomic_groups/atomic_assert.rxt:59	unanch	0	12	3	4
tests/atomic_groups/atomic_assert.rxt:71	unanch	0	14	4	5
tests/atomic_groups/atomic_assert.rxt:89	attempt	0	4	4	0
tests/atomic_groups/atomic_assert.rxt:101	attempt	0	4	4	0
tests/atomic_groups/atomic_assert.rxt:115	unanch	0	9	2	2
tests/atomic_groups/atomic_assert.rxt:125	unanch	0	17	3	2
tests/atomic_groups/atomic_assert.rxt:139	unanch	0	11	3	4
tests/atomic_groups/atomic_assert.rxt:147	unanch	0	11	3	4
tests/atomic_groups/atomic_assert.rxt:157	attempt	0	6	5	0
tests/atomic_groups/atomic_assert.rxt:166	unanch	0	11	3	4
tests/atomic_groups/atomic_basic.rxt:44	unanch	0	13	4	4
tests/atomic_groups/atomic_basic.rxt:64	unanch	0	11	4	4
tests/atomic_groups/atomic_basic.rxt:79	unanch	0	10	3	4
tests/atomic_groups/atomic_basic.rxt:89	unanch	0	18	5	5
tests/atomic_groups/atomic_basic.rxt:105	unanch	0	21	4	6
tests/atomic_groups/atomic_basic.rxt:121	unanch	0	14	4	5
tests/atomic_groups/atomic_basic.rxt:133	unanch	0	12	3	3
tests/atomic_groups/atomic_basic.rxt:149	none	0	0	0	0
tests/atomic_groups/atomic_basic.rxt:157	unanch	0	3	2	2
tests/atomic_groups/atomic_basic.rxt:166	unanch	0	3	2	2
tests/atomic_groups/atomic_basic.rxt:178	unanch	0	17	5	5
tests/atomic_groups/atomic_basic.rxt:197	unanch	0	22	4	7
tests/atomic_groups/atomic_basic.rxt:209	unanch	0	18	4	7
tests/atomic_groups/atomic_caps.rxt:48	unanch	0	5	2	3
tests/atomic_groups/atomic_caps.rxt:58	unanch	0	10	3	4
tests/atomic_groups/atomic_caps.rxt:78	unanch	0	14	4	5
tests/atomic_groups/atomic_caps.rxt:95	unanch	0	21	4	4
tests/atomic_groups/atomic_caps.rxt:115	none	0	0	0	0
tests/atomic_groups/atomic_caps.rxt:128	unanch	0	7	2	2
tests/atomic_groups/atomic_caps.rxt:141	unanch	0	5	2	2
tests/atomic_groups/atomic_case.rxt:38	unanch	0	13	4	4
tests/atomic_groups/atomic_case.rxt:52	unanch	0	7	2	2
tests/atomic_groups/atomic_case.rxt:61	unanch	0	11	4	4
tests/atomic_groups/atomic_case.rxt:78	unanch	0	16	4	4
tests/atomic_groups/atomic_ceiling.rxt:52	unanch	0	22	4	7
tests/atomic_groups/atomic_ceiling.rxt:60	unanch	0	18	4	7
tests/atomic_groups/atomic_ceiling.rxt:68	unanch	0	26	4	8
tests/atomic_groups/atomic_ceiling.rxt:82	unanch	0	43	7	9
tests/atomic_groups/atomic_ceiling.rxt:96	unanch	0	24	4	7
tests/atomic_groups/atomic_ceiling.rxt:114	unanch	0	32	5	8
tests/atomic_groups/atomic_ceiling.rxt:122	unanch	0	18	4	7
tests/atomic_groups/atomic_quant.rxt:50	unanch	0	7	2	2
tests/atomic_groups/atomic_quant.rxt:66	unanch	0	11	3	3
tests/atomic_groups/atomic_quant.rxt:83	unanch	0	18	5	5
tests/atomic_groups/atomic_quant.rxt:98	none	0	0	0	0
tests/atomic_groups/atomic_quant.rxt:106	unanch	0	24	5	5
tests/atomic_groups/atomic_quant.rxt:121	unanch	0	5	2	2
tests/atomic_groups/atomic_quant.rxt:131	unanch	0	5	2	2
tests/atomic_groups/atomic_quant.rxt:140	none	0	0	0	0
tests/atomic_groups/atomic_quant.rxt:148	unanch	0	5	2	2
tests/atomic_groups/atomic_quant.rxt:158	unanch	0	5	2	2
tests/atomic_groups/atomic_quant.rxt:170	unanch	0	5	2	2
tests/atomic_groups/atomic_quant.rxt:180	unanch	0	5	2	2
tests/atomic_groups/atomic_quant.rxt:187	unanch	0	9	3	3
tests/atomic_groups/atomic_quant.rxt:198	unanch	0	15	4	5
tests/atomic_groups/atomic_quant.rxt:209	unanch	0	5	2	2
tests/atomic_groups/atomic_quant.rxt:219	none	0	0	0	0
tests/atomic_groups/atomic_quant.rxt:226	unanch	0	13	3	3
tests/atomic_groups/atomic_quant.rxt:236	unanch	0	10	3	3
tests/atomic_groups/atomic_quant.rxt:251	unanch	0	7	2	2
tests/atomic_groups/atomic_quant.rxt:260	unanch	0	7	2	2
tests/atomic_groups/atomic_quant.rxt:267	unanch	0	7	2	2
tests/atomic_groups/atomic_quant.rxt:281	unanch	0	15	4	5
tests/atomic_groups/atomic_quant.rxt:293	unanch	0	19	5	7
tests/atomic_groups/d27/atomic_basic.rxt:17	unanch	0	7	3	3
tests/atomic_groups/d27/atomic_basic.rxt:22	unanch	0	11	4	4
tests/atomic_groups/d27/atomic_basic.rxt:29	unanch	0	5	2	3
tests/atomic_groups/d27/atomic_basic.rxt:37	unanch	0	13	4	4
tests/atomic_groups/d27/atomic_basic.rxt:45	unanch	0	13	4	4
tests/atomic_groups/d27/atomic_basic.rxt:52	unanch	0	12	3	3
tests/atomic_groups/d27/atomic_basic.rxt:61	unanch	0	11	3	3
tests/atomic_groups/d27/atomic_basic.rxt:68	unanch	0	7	2	2
tests/atomic_groups/d27/atomic_basic.rxt:74	none	0	0	0	0
tests/atomic_groups/d27/atomic_basic.rxt:78	unanch	0	3	2	2
tests/atomic_groups/d27/atomic_basic.rxt:83	unanch	0	9	3	3
tests/atomic_groups/d27/atomic_basic.rxt:96	unanch	0	9	3	3
tests/atomic_groups/d27/atomic_basic.rxt:100	unanch	0	4	2	2
tests/atomic_groups/d27/atomic_basic.rxt:106	unanch	0	19	4	11
tests/atomic_groups/d27/atomic_basic.rxt:110	unanch	0	24	9	11
tests/atomic_groups/d27/atomic_in_quantifiers.rxt:21	unanch	0	24	5	5
tests/atomic_groups/d27/atomic_in_quantifiers.rxt:27	unanch	0	19	4	4
tests/atomic_groups/d27/atomic_in_quantifiers.rxt:34	unanch	0	5	2	2
tests/atomic_groups/d27/atomic_in_quantifiers.rxt:38	unanch	0	5	2	2
tests/atomic_groups/d27/atomic_in_quantifiers.rxt:42	unanch	0	12	3	3
tests/atomic_groups/d27/atomic_in_quantifiers.rxt:46	unanch	0	24	5	5
tests/atomic_groups/d27/atomic_in_quantifiers.rxt:50	unanch	0	24	5	5
tests/atomic_groups/d27/atomic_in_quantifiers.rxt:63	unanch	0	30	5	6
tests/atomic_groups/d27/atomic_in_quantifiers.rxt:73	unanch	0	30	5	6
tests/atomic_groups/d27/captures_under_cut.rxt:16	unanch	0	7	3	3
tests/atomic_groups/d27/captures_under_cut.rxt:28	unanch	0	35	6	8
tests/atomic_groups/d27/captures_under_cut.rxt:40	none	0	0	0	0
tests/atomic_groups/d27/captures_under_cut.rxt:50	unanch	0	5	2	2
tests/atomic_groups/d27/captures_under_cut.rxt:57	none	0	0	0	0
tests/atomic_groups/d27/captures_under_cut.rxt:67	none	0	0	0	0
tests/atomic_groups/d27/captures_under_cut.rxt:73	unanch	0	7	3	3
tests/atomic_groups/d27/captures_under_cut.rxt:83	unanch	0	10	2	3
tests/atomic_groups/d27/captures_under_cut.rxt:93	unanch	0	5	2	2
tests/atomic_groups/d27/find_all_loop.rxt:23	unanch	0	3	2	2
tests/atomic_groups/d27/find_all_loop.rxt:32	unanch	0	12	3	3
tests/atomic_groups/d27/find_all_loop.rxt:39	unanch	0	11	3	3
tests/atomic_groups/d27/find_all_loop.rxt:47	unanch	0	6	3	3
tests/atomic_groups/d27/find_all_loop.rxt:56	unanch	0	7	3	3
tests/atomic_groups/d27/gating.rxt:42	none	1	0	0	0
tests/atomic_groups/d27/gating.rxt:45	unanch	0	7	3	3
tests/atomic_groups/d27/gating.rxt:51	none	1	0	0	0
tests/atomic_groups/d27/gating.rxt:54	unanch	0	7	2	2
tests/atomic_groups/d27/gating.rxt:60	none	1	0	0	0
tests/atomic_groups/d27/gating.rxt:63	unanch	0	3	1	1
tests/atomic_groups/d27/gating.rxt:69	none	1	0	0	0
tests/atomic_groups/d27/gating.rxt:72	unanch	0	3	2	2
tests/atomic_groups/d27/gating.rxt:78	none	1	0	0	0
tests/atomic_groups/d27/gating.rxt:81	unanch	0	12	4	4
tests/atomic_groups/d27/gating.rxt:87	none	1	0	0	0
tests/atomic_groups/d27/gating.rxt:90	unanch	0	9	4	4
tests/atomic_groups/d27/gating.rxt:96	none	1	0	0	0
tests/atomic_groups/d27/gating.rxt:99	unanch	0	12	3	3
tests/atomic_groups/d27/interactions.rxt:36	unanch	0	11	4	4
tests/atomic_groups/d27/interactions.rxt:41	unanch	0	17	4	4
tests/atomic_groups/d27/interactions.rxt:46	unanch	0	12	3	4
tests/atomic_groups/d27/interactions.rxt:53	unanch	0	14	4	5
tests/atomic_groups/d27/interactions.rxt:62	attempt	0	4	4	0
tests/atomic_groups/d27/interactions.rxt:72	attempt	0	4	4	0
tests/atomic_groups/d27/interactions.rxt:82	attempt	0	4	4	0
tests/atomic_groups/d27/interactions.rxt:95	unanch	0	16	4	4
tests/atomic_groups/d27/interactions.rxt:105	unanch	0	9	3	3
tests/atomic_groups/d27/interactions.rxt:113	unanch	0	11	4	4
tests/atomic_groups/d27/interactions.rxt:120	attempt	0	5	5	0
tests/atomic_groups/d27/possessive_spellings.rxt:14	unanch	0	7	2	2
tests/atomic_groups/d27/possessive_spellings.rxt:20	unanch	0	7	2	2
tests/atomic_groups/d27/possessive_spellings.rxt:25	unanch	0	7	2	2
tests/atomic_groups/d27/possessive_spellings.rxt:30	unanch	0	3	2	2
tests/atomic_groups/d27/possessive_spellings.rxt:37	unanch	0	6	3	3
tests/atomic_groups/d27/possessive_spellings.rxt:44	unanch	0	9	3	3
tests/atomic_groups/d27/possessive_spellings.rxt:48	unanch	0	7	2	2
tests/atomic_groups/d27/possessive_spellings.rxt:52	unanch	0	9	3	2
tests/atomic_groups/d27/possessive_spellings.rxt:57	unanch	0	15	4	4
tests/atomic_groups/d27/possessive_spellings.rxt:61	unanch	0	22	5	5
tests/atomic_groups/d27/possessive_spellings.rxt:66	unanch	0	34	6	6
tests/atomic_groups/d27/possessive_spellings.rxt:73	unanch	0	18	6	6
tests/atomic_groups/d27/possessive_spellings.rxt:79	unanch	0	25	6	6
tests/atomic_groups/d27/possessive_spellings.rxt:83	unanch	0	18	4	4
tests/atomic_groups/d27/possessive_spellings.rxt:87	unanch	0	16	4	4
tests/atomic_groups/d27/possessive_spellings.rxt:92	unanch	0	28	5	5
tests/atomic_groups/d27/possessive_spellings.rxt:96	unanch	0	12	5	5
tests/atomic_groups/d27/possessive_spellings.rxt:101	unanch	0	13	3	3
tests/atomic_groups/d27/possessive_spellings.rxt:105	unanch	0	6	2	2
tests/atomic_groups/d27/possessive_spellings.rxt:114	none	0	0	0	0
tests/atomic_groups/d27/possessive_spellings.rxt:118	unanch	0	9	2	4
tests/atomic_groups/d27/possessive_spellings.rxt:123	unanch	0	7	2	2
tests/atomic_groups/d27/possessive_spellings.rxt:127	unanch	0	7	2	2
tests/atomic_groups/d27/possessive_spellings.rxt:131	unanch	0	3	2	2
tests/atomic_groups/d27/possessive_spellings.rxt:135	unanch	0	3	2	2
tests/atomic_groups/d27/possessive_spellings.rxt:139	unanch	0	15	5	5
tests/atomic_groups/d27/possessive_spellings.rxt:143	unanch	0	15	5	5
tests/atomic_groups/d27/possessive_spellings.rxt:147	unanch	0	3	1	1
tests/atomic_groups/d27/possessive_spellings.rxt:151	unanch	0	3	1	1
tests/atomic_groups/d27/possessive_spellings.rxt:169	unanch	0	9	3	2
tests/atomic_groups/d27/possessive_spellings.rxt:173	unanch	0	7	2	2
tests/atomic_groups/d27/possessive_spellings.rxt:177	unanch	0	7	2	2
tests/atomic_groups/d27/possessive_spellings.rxt:183	unanch	0	7	2	2
tests/atomic_groups/d27/possessive_spellings.rxt:187	none	0	0	0	0
tests/atomic_groups/d27/syntax_errors.rxt:35	none	1	0	0	0
tests/atomic_groups/d27/syntax_errors.rxt:39	none	1	0	0	0
tests/atomic_groups/d27/syntax_errors.rxt:43	none	1	0	0	0
tests/atomic_groups/d27/syntax_errors.rxt:47	none	1	0	0	0
tests/atomic_groups/d27/syntax_errors.rxt:51	none	1	0	0	0
tests/atomic_groups/d27/syntax_errors.rxt:56	none	1	0	0	0
tests/atomic_groups/d27/syntax_errors.rxt:61	none	1	0	0	0
tests/atomic_groups/d27/syntax_errors.rxt:67	none	1	0	0	0
tests/atomic_groups/d27/syntax_errors.rxt:72	none	1	0	0	0
tests/atomic_groups/d27/syntax_errors.rxt:79	none	1	0	0	0
tests/atomic_groups/d27/syntax_errors.rxt:83	none	1	0	0	0
tests/atomic_groups/d27/syntax_errors.rxt:89	none	1	0	0	0
tests/atomic_groups/d27/syntax_errors.rxt:95	none	1	0	0	0
tests/atomic_groups/possessive.rxt:52	unanch	0	7	2	2
tests/atomic_groups/possessive.rxt:66	unanch	0	7	2	2
tests/atomic_groups/possessive.rxt:73	unanch	0	7	2	2
tests/atomic_groups/possessive.rxt:93	unanch	0	12	3	3
tests/atomic_groups/possessive.rxt:108	unanch	0	11	3	3
tests/atomic_groups/possessive.rxt:119	unanch	0	11	3	3
tests/atomic_groups/possessive.rxt:131	unanch	0	6	3	3
tests/atomic_groups/possessive.rxt:143	unanch	0	15	4	4
tests/atomic_groups/possessive.rxt:153	unanch	0	16	4	4
tests/atomic_groups/possessive.rxt:165	unanch	0	19	4	4
tests/atomic_groups/possessive.rxt:179	unanch	0	10	4	4
tests/atomic_groups/possessive.rxt:189	unanch	0	24	5	5
tests/atomic_groups/possessive.rxt:205	unanch	0	11	3	3
tests/atomic_groups/possessive.rxt:218	unanch	0	24	5	5
tests/atomic_groups/possessive.rxt:229	unanch	0	14	4	4
tests/atomic_groups/possessive.rxt:245	unanch	0	7	2	2
tests/atomic_groups/possessive.rxt:255	unanch	0	12	3	3
tests/atomic_groups/possessive.rxt:264	unanch	0	11	3	3
tests/atomic_groups/possessive.rxt:272	unanch	0	10	4	4
tests/atomic_groups/possessive.rxt:286	unanch	0	5	2	2
tests/atomic_groups/possessive.rxt:296	unanch	0	5	2	2
tests/atomic_groups/possessive.rxt:305	unanch	0	5	2	2
tests/atomic_groups/possessive.rxt:313	unanch	0	7	2	2
tests/atomic_groups/possessive.rxt:328	unanch	0	15	4	5
tests/atomic_groups/possessive.rxt:342	unanch	0	19	5	7
tests/atomic_groups/possessive.rxt:353	unanch	0	19	4	6
tests/atomic_groups/possessive.rxt:364	unanch	0	26	6	6
tests/atomic_groups/possessive.rxt:374	unanch	0	28	6	7
tests/atomic_groups/possessive.rxt:383	none	0	0	0	0
tests/atomic_groups/possessive.rxt:390	unanch	0	24	5	5
tests/atomic_groups/possessive.rxt:402	unanch	0	60	11	7
tests/atomic_groups/possessive.rxt:407	unanch	0	22	5	3
tests/atomic_groups/possessive.rxt:412	unanch	0	55	7	7
tests/atomic_groups/possessive.rxt:424	unanch	0	60	11	7
tests/atomic_groups/possessive.rxt:430	unanch	0	48	11	7
tests/atomic_groups/possessive.rxt:474	unanch	0	30	5	6
tests/atomic_groups/possessive.rxt:482	unanch	0	27	5	5
tests/atomic_groups/possessive.rxt:488	unanch	0	20	4	5
tests/atomic_groups/possessive.rxt:493	unanch	0	17	4	4
tests/atomic_groups/possessive.rxt:497	unanch	0	21	4	5
tests/atomic_groups/possessive.rxt:501	unanch	0	19	4	4
tests/atomic_groups/possessive.rxt:507	unanch	0	30	5	6
tests/atomic_groups/possessive.rxt:512	unanch	0	27	5	5
tests/atomic_groups/possessive.rxt:518	unanch	0	74	9	9
tests/atomic_groups/possessive.rxt:523	unanch	0	59	8	8
tests/atomic_groups/possessive.rxt:530	unanch	0	699	27	27
tests/atomic_groups/possessive.rxt:538	unanch	0	655	26	26
tests/atomic_groups/possessive.rxt:544	unanch	0	28	7	4
tests/atomic_groups/possessive.rxt:549	unanch	0	12	3	3
tests/atomic_groups/possessive.rxt:560	unanch	0	15	4	4
tests/atomic_groups/possessive.rxt:564	unanch	0	12	3	3
tests/atomic_groups/possessive.rxt:575	unanch	0	39	6	6
tests/atomic_groups/possessive.rxt:580	unanch	0	36	6	5
tests/atomic_groups/possessive.rxt:584	unanch	0	40	6	7
tests/atomic_groups/possessive.rxt:588	unanch	0	30	5	6
tests/atomic_groups/possessive.rxt:599	unanch	0	44	5	6
tests/backrefs/caseless.rxt:29	none	0	0	0	0
tests/backrefs/caseless.rxt:38	none	0	0	0	0
tests/backrefs/caseless.rxt:50	none	0	0	0	0
tests/backrefs/caseless.rxt:60	none	0	0	0	0
tests/backrefs/caseless.rxt:71	none	0	0	0	0
tests/backrefs/caseless.rxt:77	none	0	0	0	0
tests/backrefs/caseless.rxt:83	none	0	0	0	0
tests/backrefs/caseless.rxt:95	none	0	0	0	0
tests/backrefs/caseless.rxt:102	none	0	0	0	0
tests/backrefs/caseless.rxt:107	none	0	0	0	0
tests/backrefs/d27/caseless.rxt:13	none	0	0	0	0
tests/backrefs/d27/caseless.rxt:24	none	0	0	0	0
tests/backrefs/d27/caseless.rxt:37	none	0	0	0	0
tests/backrefs/d27/caseless.rxt:50	none	0	0	0	0
tests/backrefs/d27/caseless.rxt:66	none	0	0	0	0
tests/backrefs/d27/caseless.rxt:72	none	0	0	0	0
tests/backrefs/d27/caseless.rxt:77	none	0	0	0	0
tests/backrefs/d27/dupnames.rxt:39	none	0	0	0	0
tests/backrefs/d27/dupnames.rxt:50	none	0	0	0	0
tests/backrefs/d27/dupnames.rxt:59	none	0	0	0	0
tests/backrefs/d27/dupnames.rxt:70	none	0	0	0	0
tests/backrefs/d27/dupnames.rxt:104	none	0	0	0	0
tests/backrefs/d27/dupnames.rxt:125	none	0	0	0	0
tests/backrefs/d27/dupnames.rxt:133	none	0	0	0	0
tests/backrefs/d27/dupnames.rxt:143	none	0	0	0	0
tests/backrefs/d27/dupnames.rxt:149	none	0	0	0	0
tests/backrefs/d27/dupnames.rxt:158	none	0	0	0	0
tests/backrefs/d27/dupnames.rxt:164	none	0	0	0	0
tests/backrefs/d27/dupnames.rxt:175	unanch	0	7	3	3
tests/backrefs/d27/dupnames.rxt:182	none	1	0	0	0
tests/backrefs/d27/dupnames.rxt:189	none	1	0	0	0
tests/backrefs/d27/gating.rxt:36	none	1	0	0	0
tests/backrefs/d27/gating.rxt:44	none	0	0	0	0
tests/backrefs/d27/gating.rxt:53	none	1	0	0	0
tests/backrefs/d27/gating.rxt:58	none	1	0	0	0
tests/backrefs/d27/gating.rxt:71	none	1	0	0	0
tests/backrefs/d27/gating.rxt:76	none	1	0	0	0
tests/backrefs/d27/gating.rxt:82	none	0	0	0	0
tests/backrefs/d27/gating.rxt:89	none	1	0	0	0
tests/backrefs/d27/gating.rxt:103	none	1	0	0	0
tests/backrefs/d27/gating.rxt:112	none	0	0	0	0
tests/backrefs/d27/gating.rxt:130	none	1	0	0	0
tests/backrefs/d27/interactions.rxt:24	none	0	0	0	0
tests/backrefs/d27/interactions.rxt:33	none	0	0	0	0
tests/backrefs/d27/interactions.rxt:42	none	0	0	0	0
tests/backrefs/d27/interactions.rxt:55	none	0	0	0	0
tests/backrefs/d27/interactions.rxt:65	none	0	0	0	0
tests/backrefs/d27/interactions.rxt:74	none	0	0	0	0
tests/backrefs/d27/numeric.rxt:19	none	0	0	0	0
tests/backrefs/d27/numeric.rxt:25	none	0	0	0	0
tests/backrefs/d27/numeric.rxt:38	none	0	0	0	0
tests/backrefs/d27/numeric.rxt:44	none	0	0	0	0
tests/backrefs/d27/numeric.rxt:53	none	0	0	0	0
tests/backrefs/d27/numeric.rxt:63	none	0	0	0	0
tests/backrefs/d27/numeric.rxt:73	none	0	0	0	0
tests/backrefs/d27/numeric.rxt:80	none	0	0	0	0
tests/backrefs/d27/numeric.rxt:89	none	0	0	0	0
tests/backrefs/d27/numeric.rxt:94	none	0	0	0	0
tests/backrefs/d27/numeric.rxt:105	none	0	0	0	0
tests/backrefs/d27/numeric.rxt:110	none	0	0	0	0
tests/backrefs/d27/numeric.rxt:117	none	0	0	0	0
tests/backrefs/d27/octal.rxt:28	none	0	0	0	0
tests/backrefs/d27/octal.rxt:37	unanch	0	43	12	12
tests/backrefs/d27/octal.rxt:44	none	0	0	0	0
tests/backrefs/d27/octal.rxt:53	unanch	0	7	3	3
tests/backrefs/d27/octal.rxt:63	unanch	0	11	4	4
tests/backrefs/d27/octal.rxt:72	none	0	0	0	0
tests/backrefs/d27/octal.rxt:78	none	0	0	0	0
tests/backrefs/d27/octal.rxt:84	none	1	0	0	0
tests/backrefs/d27/octal.rxt:88	none	1	0	0	0
tests/backrefs/d27/octal.rxt:94	unanch	0	4	2	2
tests/backrefs/d27/octal.rxt:99	unanch	0	4	2	2
tests/backrefs/d27/octal.rxt:104	unanch	0	4	2	2
tests/backrefs/d27/octal.rxt:111	unanch	0	9	3	3
tests/backrefs/d27/octal.rxt:119	unanch	0	4	2	2
tests/backrefs/d27/octal.rxt:127	none	1	0	0	0
tests/backrefs/d27/octal.rxt:136	unanch	0	4	2	2
tests/backrefs/d27/octal.rxt:142	unanch	0	4	2	2
tests/backrefs/d27/octal.rxt:147	unanch	0	4	2	2
tests/backrefs/d27/octal.rxt:152	unanch	0	4	2	2
tests/backrefs/d27/spellings.rxt:19	none	0	0	0	0
tests/backrefs/d27/spellings.rxt:28	none	0	0	0	0
tests/backrefs/d27/spellings.rxt:36	none	0	0	0	0
tests/backrefs/d27/spellings.rxt:46	none	0	0	0	0
tests/backrefs/d27/spellings.rxt:52	none	0	0	0	0
tests/backrefs/d27/spellings.rxt:58	none	0	0	0	0
tests/backrefs/d27/spellings.rxt:66	none	0	0	0	0
tests/backrefs/d27/spellings.rxt:73	none	0	0	0	0
tests/backrefs/d27/spellings.rxt:79	none	0	0	0	0
tests/backrefs/d27/spellings.rxt:86	none	0	0	0	0
tests/backrefs/d27/spellings.rxt:95	none	0	0	0	0
tests/backrefs/d27/spellings.rxt:106	none	0	0	0	0
tests/backrefs/d27/spellings.rxt:131	none	1	0	0	0
tests/backrefs/d27/spellings.rxt:136	none	1	0	0	0
tests/backrefs/d27/syntax_errors.rxt:21	none	1	0	0	0
tests/backrefs/d27/syntax_errors.rxt:29	none	1	0	0	0
tests/backrefs/d27/syntax_errors.rxt:34	none	1	0	0	0
tests/backrefs/d27/syntax_errors.rxt:40	none	1	0	0	0
tests/backrefs/d27/syntax_errors.rxt:48	none	1	0	0	0
tests/backrefs/d27/syntax_errors.rxt:55	none	1	0	0	0
tests/backrefs/d27/syntax_errors.rxt:61	none	1	0	0	0
tests/backrefs/d27/syntax_errors.rxt:68	none	1	0	0	0
tests/backrefs/d27/syntax_errors.rxt:75	none	1	0	0	0
tests/backrefs/d27/syntax_errors.rxt:81	none	1	0	0	0
tests/backrefs/dupnames.rxt:30	attempt	0	2	4	0
tests/backrefs/dupnames.rxt:39	attempt	0	2	4	0
tests/backrefs/dupnames.rxt:47	attempt	0	2	4	0
tests/backrefs/dupnames.rxt:55	none	1	0	0	0
tests/backrefs/dupnames.rxt:61	none	1	0	0	0
tests/backrefs/dupnames.rxt:67	none	1	0	0	0
tests/backrefs/dupnames.rxt:74	attempt	0	3	5	0
tests/backrefs/dupnames.rxt:83	attempt	0	2	4	0
tests/backrefs/dupnames.rxt:92	attempt	0	2	4	0
tests/backrefs/dupnames.rxt:100	none	1	0	0	0
tests/backrefs/dupnames.rxt:111	none	0	0	0	0
tests/backrefs/dupnames.rxt:125	none	0	0	0	0
tests/backrefs/dupnames.rxt:135	none	0	0	0	0
tests/backrefs/dupnames.rxt:154	none	0	0	0	0
tests/backrefs/dupnames.rxt:162	none	0	0	0	0
tests/backrefs/dupnames.rxt:172	none	0	0	0	0
tests/backrefs/dupnames.rxt:181	none	0	0	0	0
tests/backrefs/dupnames.rxt:194	none	0	0	0	0
tests/backrefs/dupnames.rxt:202	none	0	0	0	0
tests/backrefs/dupnames.rxt:210	none	0	0	0	0
tests/backrefs/dupnames.rxt:218	none	0	0	0	0
tests/backrefs/dupnames.rxt:231	none	0	0	0	0
tests/backrefs/dupnames.rxt:243	none	0	0	0	0
tests/backrefs/dupnames.rxt:253	none	0	0	0	0
tests/backrefs/gated.rxt:29	none	0	0	0	0
tests/backrefs/gated.rxt:37	none	0	0	0	0
tests/backrefs/gated.rxt:45	none	0	0	0	0
tests/backrefs/gated.rxt:52	none	0	0	0	0
tests/backrefs/gated.rxt:60	none	0	0	0	0
tests/backrefs/gated.rxt:71	attempt	0	1	3	0
tests/backrefs/gated.rxt:75	attempt	0	1	3	0
tests/backrefs/gated.rxt:79	attempt	0	1	3	0
tests/backrefs/nested.rxt:29	none	0	0	0	0
tests/backrefs/nested.rxt:39	none	0	0	0	0
tests/backrefs/nested.rxt:47	none	0	0	0	0
tests/backrefs/nested.rxt:62	none	0	0	0	0
tests/backrefs/nested.rxt:70	none	0	0	0	0
tests/backrefs/nested.rxt:81	none	0	0	0	0
tests/backrefs/nested.rxt:86	none	0	0	0	0
tests/backrefs/numeric.rxt:29	none	0	0	0	0
tests/backrefs/numeric.rxt:36	none	0	0	0	0
tests/backrefs/numeric.rxt:43	none	0	0	0	0
tests/backrefs/numeric.rxt:51	none	0	0	0	0
tests/backrefs/numeric.rxt:63	none	0	0	0	0
tests/backrefs/numeric.rxt:71	none	0	0	0	0
tests/backrefs/numeric.rxt:80	none	0	0	0	0
tests/backrefs/numeric.rxt:92	none	0	0	0	0
tests/backrefs/numeric.rxt:100	none	0	0	0	0
tests/backrefs/numeric.rxt:107	none	0	0	0	0
tests/backrefs/numeric.rxt:114	none	0	0	0	0
tests/backrefs/numeric.rxt:128	none	0	0	0	0
tests/backrefs/numeric.rxt:138	none	0	0	0	0
tests/backrefs/numeric.rxt:145	none	0	0	0	0
tests/backrefs/numeric.rxt:155	none	0	0	0	0
tests/backrefs/numeric.rxt:164	none	0	0	0	0
tests/backrefs/numeric.rxt:182	none	0	0	0	0
tests/backrefs/octal.rxt:28	attempt	0	1	3	0
tests/backrefs/octal.rxt:33	attempt	0	1	3	0
tests/backrefs/octal.rxt:39	attempt	0	2	4	0
tests/backrefs/octal.rxt:45	attempt	0	2	4	0
tests/backrefs/octal.rxt:58	none	0	0	0	0
tests/backrefs/octal.rxt:63	none	0	0	0	0
tests/backrefs/octal.rxt:71	none	1	0	0	0
tests/backrefs/octal.rxt:76	none	1	0	0	0
tests/backrefs/octal.rxt:81	none	0	0	0	0
tests/backrefs/octal.rxt:101	attempt	0	2	4	0
tests/backrefs/octal.rxt:110	attempt	0	11	13	0
tests/backrefs/octal.rxt:128	attempt	0	3	5	0
tests/backrefs/octal.rxt:136	attempt	0	13	15	0
tests/backrefs/octal.rxt:141	attempt	0	2	4	0
tests/backrefs/octal.rxt:151	none	1	0	0	0
tests/backrefs/octal.rxt:156	none	1	0	0	0
tests/backrefs/octal.rxt:161	none	1	0	0	0
tests/backrefs/octal.rxt:171	none	1	0	0	0
tests/backrefs/octal.rxt:175	attempt	0	1	3	0
tests/backrefs/octal.rxt:186	none	1	0	0	0
tests/backrefs/octal.rxt:191	none	1	0	0	0
tests/backrefs/octal_class.rxt:29	attempt	0	1	3	0
tests/backrefs/octal_class.rxt:34	attempt	0	1	3	0
tests/backrefs/octal_class.rxt:42	attempt	0	1	3	0
tests/backrefs/octal_class.rxt:49	attempt	0	1	3	0
tests/backrefs/octal_class.rxt:56	attempt	0	1	3	0
tests/backrefs/octal_class.rxt:62	attempt	0	1	3	0
tests/backrefs/octal_class.rxt:69	attempt	0	1	3	0
tests/backrefs/octal_class.rxt:77	attempt	0	1	3	0
tests/backrefs/octal_class.rxt:85	attempt	0	1	3	0
tests/backrefs/octal_class.rxt:93	attempt	0	1	3	0
tests/backrefs/octal_class.rxt:98	none	1	0	0	0
tests/backrefs/octal_class.rxt:102	attempt	0	1	3	0
tests/backrefs/octal_class.rxt:106	attempt	0	1	3	0
tests/backrefs/octal_class.rxt:113	attempt	0	2	4	0
tests/backrefs/selfref.rxt:31	none	0	0	0	0
tests/backrefs/selfref.rxt:38	none	0	0	0	0
tests/backrefs/selfref.rxt:44	none	0	0	0	0
tests/backrefs/selfref.rxt:55	none	0	0	0	0
tests/backrefs/selfref.rxt:67	none	0	0	0	0
tests/backrefs/selfref.rxt:78	none	0	0	0	0
tests/backrefs/selfref.rxt:87	none	0	0	0	0
tests/backrefs/selfref.rxt:100	none	0	0	0	0
tests/backrefs/selfref.rxt:107	none	0	0	0	0
tests/backrefs/selfref.rxt:118	none	0	0	0	0
tests/backrefs/selfref.rxt:128	none	0	0	0	0
tests/backrefs/selfref.rxt:134	none	0	0	0	0
tests/backrefs/spellings.rxt:30	none	0	0	0	0
tests/backrefs/spellings.rxt:38	none	0	0	0	0
tests/backrefs/spellings.rxt:47	none	0	0	0	0
tests/backrefs/spellings.rxt:56	none	0	0	0	0
tests/backrefs/spellings.rxt:64	none	0	0	0	0
tests/backrefs/spellings.rxt:73	none	0	0	0	0
tests/backrefs/spellings.rxt:83	none	0	0	0	0
tests/backrefs/spellings.rxt:90	none	0	0	0	0
tests/backrefs/spellings.rxt:99	none	0	0	0	0
tests/backrefs/spellings.rxt:107	none	0	0	0	0
tests/backrefs/spellings.rxt:115	none	0	0	0	0
tests/backrefs/spellings.rxt:126	none	1	0	0	0
tests/backrefs/spellings.rxt:131	none	1	0	0	0
tests/backrefs/spellings.rxt:136	none	1	0	0	0
tests/backrefs/spellings.rxt:141	none	1	0	0	0
tests/backrefs/spellings.rxt:146	none	1	0	0	0
tests/backrefs/spellings.rxt:151	none	1	0	0	0
tests/backrefs/spellings.rxt:156	none	1	0	0	0
tests/backrefs/spellings.rxt:166	none	0	0	0	0
tests/backrefs/spellings.rxt:174	none	0	0	0	0
tests/backrefs/spellings.rxt:182	none	0	0	0	0
tests/backrefs/spellings.rxt:190	none	0	0	0	0
tests/backrefs/spellings.rxt:197	none	0	0	0	0
tests/backrefs/spellings.rxt:207	none	1	0	0	0
tests/backrefs/spellings.rxt:212	none	1	0	0	0
tests/backrefs/spellings.rxt:217	none	1	0	0	0
tests/backrefs/spellings.rxt:222	none	1	0	0	0
tests/backrefs/spellings.rxt:227	none	1	0	0	0
tests/backrefs/spellings.rxt:233	none	1	0	0	0
tests/backrefs/spellings.rxt:241	none	0	0	0	0
tests/backrefs/spellings.rxt:250	none	0	0	0	0
tests/backrefs/spellings.rxt:257	none	1	0	0	0
tests/backrefs/spellings.rxt:262	none	1	0	0	0
tests/backrefs/spellings.rxt:267	none	1	0	0	0
tests/backrefs/spellings.rxt:277	none	1	0	0	0
tests/backrefs/spellings.rxt:282	none	1	0	0	0
tests/base/alternation.rxt:3	unanch	0	4	2	2
tests/base/alternation.rxt:8	unanch	0	31	6	6
tests/base/alternation.rxt:13	unanch	0	6	2	3
tests/base/alternation.rxt:16	unanch	0	8	3	3
tests/base/alternation.rxt:19	unanch	0	3	2	2
tests/base/alternation.rxt:23	unanch	0	1	1	2
tests/base/alternation.rxt:26	unanch	0	4	2	2
tests/base/alternation.rxt:31	unanch	0	18	4	7
tests/base/alternation.rxt:34	unanch	0	24	7	7
tests/base/alternation.rxt:37	unanch	0	7	3	3
tests/base/alternation.rxt:42	unanch	0	11	4	4
tests/base/alternation.rxt:46	unanch	0	4	2	2
tests/base/alternation.rxt:49	unanch	0	32	7	7
tests/base/alternation_trie.rxt:21	unanch	0	13	4	5
tests/base/alternation_trie.rxt:27	unanch	0	8	2	4
tests/base/alternation_trie.rxt:31	unanch	0	12	4	4
tests/base/alternation_trie.rxt:36	unanch	0	9	3	3
tests/base/alternation_trie.rxt:40	unanch	0	13	4	5
tests/base/alternation_trie.rxt:45	unanch	0	14	4	4
tests/base/alternation_trie.rxt:48	unanch	0	44	10	10
tests/base/alternation_trie.rxt:51	unanch	0	66	9	15
tests/base/alternation_trie.rxt:57	unanch	0	44	6	6
tests/base/alternation_trie.rxt:62	unanch	0	44	6	6
tests/base/alternation_trie.rxt:67	unanch	0	40	8	5
tests/base/alternation_trie.rxt:76	unanch	0	15	3	4
tests/base/alternation_trie.rxt:79	unanch	0	17	4	4
tests/base/alternation_trie.rxt:82	unanch	0	26	5	7
tests/base/alternation_trie.rxt:88	unanch	0	13	4	4
tests/base/alternation_trie.rxt:93	unanch	0	24	6	6
tests/base/alternation_trie.rxt:97	unanch	0	31	6	12
tests/base/alternation_trie.rxt:100	attempt	0	6	6	0
tests/base/alternation_trie.rxt:105	unanch	0	32	9	9
tests/base/alternation_trie.rxt:111	unanch	0	33	6	6
tests/base/alternation_trie.rxt:122	unanch	0	42	8	10
tests/base/alternation_trie.rxt:127	unanch	0	24	5	4
tests/base/alternation_trie.rxt:133	unanch	0	30	8	6
tests/base/alternation_trie.rxt:138	unanch	0	21	5	5
tests/base/alternation_trie.rxt:143	unanch	0	13	3	4
tests/base/alternation_trie.rxt:147	unanch	0	4	2	2
tests/base/alternation_trie.rxt:149	unanch	0	14	3	4
tests/base/anchors.rxt:3	attempt	0	1	2	0
tests/base/anchors.rxt:8	unanch	0	6	3	3
tests/base/anchors.rxt:13	unanch	0	6	3	3
tests/base/anchors.rxt:16	attempt	0	3	5	0
tests/base/anchors.rxt:21	attempt	0	0	2	0
tests/base/anchors.rxt:25	attempt	0	0	2	0
tests/base/anchors.rxt:28	attempt	0	1	3	0
tests/base/anchors.rxt:32	attempt	0	3	4	0
tests/base/anchors.rxt:36	unanch	0	16	5	5
tests/base/anchors.rxt:40	attempt	0	0	1	0
tests/base/anchors.rxt:44	unanch	0	1	2	2
tests/base/anchors.rxt:48	unanch	0	1	2	2
tests/base/anchors.rxt:51	attempt	0	3	3	0
tests/base/anchors.rxt:55	attempt	0	3	4	0
tests/base/bounded_repeats.rxt:3	unanch	0	15	4	4
tests/base/bounded_repeats.rxt:8	unanch	0	15	5	5
tests/base/bounded_repeats.rxt:13	unanch	0	12	3	3
tests/base/bounded_repeats.rxt:17	unanch	0	9	4	4
tests/base/bounded_repeats.rxt:21	unanch	0	0	1	1
tests/base/bounded_repeats.rxt:25	unanch	0	11	3	5
tests/base/bounded_repeats.rxt:29	unanch	0	10	3	3
tests/base/bounded_repeats.rxt:32	unanch	0	6	2	4
tests/base/bounded_repeats.rxt:36	unanch	0	27	6	6
tests/base/bounded_repeats.rxt:42	unanch	0	20	7	7
tests/base/bounded_repeats.rxt:47	unanch	0	9	3	3
tests/base/bounded_repeats.rxt:51	unanch	0	14	4	4
tests/base/bounded_repeats.rxt:55	unanch	0	17	4	4
tests/base/bounded_repeats.rxt:73	unanch	0	4	2	2
tests/base/bounded_repeats.rxt:82	unanch	0	4	2	2
tests/base/bounded_repeats.rxt:87	unanch	0	4	2	2
tests/base/bounded_repeats.rxt:92	unanch	0	7	3	3
tests/base/bounded_repeats.rxt:99	unanch	0	7	3	3
tests/base/bounded_repeats.rxt:105	unanch	0	12	3	3
tests/base/bounded_repeats.rxt:110	unanch	0	6	3	3
tests/base/bounded_repeats.rxt:120	unanch	0	9	3	3
tests/base/bounded_repeats.rxt:125	unanch	0	0	1	1
tests/base/bounded_repeats.rxt:129	unanch	0	18	5	5
tests/base/caseless.rxt:21	unanch	0	14	4	4
tests/base/caseless.rxt:30	unanch	0	14	4	4
tests/base/caseless.rxt:36	unanch	0	20	4	4
tests/base/caseless.rxt:43	unanch	0	9	3	3
tests/base/caseless.rxt:51	unanch	0	7	2	2
tests/base/caseless.rxt:58	unanch	0	7	2	2
tests/base/caseless.rxt:63	unanch	0	7	2	2
tests/base/caseless.rxt:70	unanch	0	4	2	2
tests/base/caseless.rxt:77	unanch	0	4	2	2
tests/base/caseless.rxt:83	unanch	0	7	2	2
tests/base/caseless.rxt:91	unanch	0	7	2	2
tests/base/caseless.rxt:99	unanch	0	29	7	7
tests/base/caseless.rxt:106	attempt	0	3	4	0
tests/base/caseless.rxt:111	unanch	0	16	5	5
tests/base/caseless.rxt:116	unanch	0	18	5	4
tests/base/caseless.rxt:122	unanch	0	11	4	4
tests/base/caseless.rxt:128	unanch	0	4	2	2
tests/base/caseless.rxt:133	unanch	0	7	2	2
tests/base/caseless.rxt:141	unanch	0	14	4	4
tests/base/caseless.rxt:145	unanch	0	4	2	2
tests/base/caseless.rxt:149	unanch	0	7	2	2
tests/base/class_brackets.rxt:21	unanch	0	4	2	2
tests/base/class_brackets.rxt:32	unanch	0	4	2	2
tests/base/class_brackets.rxt:42	unanch	0	9	3	3
tests/base/class_brackets.rxt:51	unanch	0	4	2	2
tests/base/class_brackets.rxt:60	unanch	0	4	2	2
tests/base/class_brackets.rxt:68	unanch	0	4	2	2
tests/base/class_brackets.rxt:77	unanch	0	23	6	5
tests/base/class_brackets.rxt:94	unanch	0	20	5	5
tests/base/class_brackets.rxt:103	unanch	0	33	8	7
tests/base/class_brackets.rxt:120	unanch	0	18	5	4
tests/base/class_brackets.rxt:137	unanch	0	18	5	4
tests/base/class_brackets.rxt:154	unanch	0	23	6	5
tests/base/class_brackets.rxt:171	unanch	0	18	5	4
tests/base/class_brackets.rxt:188	unanch	0	4	2	2
tests/base/class_escape_fallbacks.rxt:20	unanch	0	4	2	2
tests/base/class_escape_fallbacks.rxt:25	unanch	0	4	2	2
tests/base/class_escape_fallbacks.rxt:30	unanch	0	4	2	2
tests/base/class_escape_fallbacks.rxt:36	unanch	0	4	2	2
tests/base/class_escape_fallbacks.rxt:41	unanch	0	4	2	2
tests/base/class_escape_fallbacks.rxt:46	unanch	0	4	2	2
tests/base/class_escape_fallbacks.rxt:51	unanch	0	4	2	2
tests/base/class_escape_fallbacks.rxt:56	unanch	0	4	2	2
tests/base/class_escape_fallbacks.rxt:61	unanch	0	4	2	2
tests/base/class_escape_fallbacks.rxt:66	unanch	0	4	2	2
tests/base/class_escape_fallbacks.rxt:70	unanch	0	4	2	2
tests/base/class_escape_fallbacks.rxt:75	unanch	0	4	2	2
tests/base/class_escape_fallbacks.rxt:80	unanch	0	14	4	4
tests/base/class_escape_fallbacks.rxt:87	unanch	0	4	2	2
tests/base/class_escape_fallbacks.rxt:94	unanch	0	4	2	2
tests/base/class_escape_fallbacks.rxt:99	unanch	0	4	2	2
tests/base/class_escape_fallbacks.rxt:104	unanch	0	4	2	2
tests/base/class_escape_fallbacks.rxt:112	none	1	0	0	0
tests/base/class_escape_fallbacks.rxt:115	none	1	0	0	0
tests/base/class_escape_fallbacks.rxt:118	none	1	0	0	0
tests/base/class_escape_fallbacks.rxt:121	none	1	0	0	0
tests/base/class_escape_fallbacks.rxt:124	none	1	0	0	0
tests/base/class_escape_fallbacks.rxt:130	unanch	0	4	2	2
tests/base/class_escape_fallbacks.rxt:137	unanch	0	4	2	2
tests/base/class_escape_fallbacks.rxt:142	unanch	0	4	2	2
tests/base/class_escape_fallbacks.rxt:148	unanch	0	4	2	2
tests/base/class_escape_fallbacks.rxt:154	unanch	0	4	2	2
tests/base/class_escape_fallbacks.rxt:159	unanch	0	4	2	2
tests/base/class_escape_fallbacks.rxt:167	unanch	0	4	2	2
tests/base/class_escape_fallbacks.rxt:173	unanch	0	4	2	2
tests/base/class_escape_fallbacks.rxt:179	unanch	0	4	2	2
tests/base/class_escape_fallbacks.rxt:185	unanch	0	4	2	2
tests/base/class_escape_fallbacks.rxt:193	unanch	0	4	2	2
tests/base/class_escape_fallbacks.rxt:201	unanch	0	4	2	2
tests/base/class_escape_fallbacks.rxt:209	unanch	0	4	2	2
tests/base/class_escape_fallbacks.rxt:215	unanch	0	4	2	2
tests/base/class_escape_fallbacks.rxt:224	unanch	0	4	2	2
tests/base/class_escape_fallbacks.rxt:232	unanch	0	4	2	2
tests/base/class_escape_fallbacks.rxt:238	unanch	0	4	2	2
tests/base/class_escape_fallbacks.rxt:245	unanch	0	4	2	2
tests/base/class_escape_fallbacks.rxt:252	unanch	0	4	2	2
tests/base/class_escape_fallbacks.rxt:260	unanch	0	7	2	2
tests/base/class_escape_fallbacks.rxt:266	unanch	0	14	4	4
tests/base/classes.rxt:3	unanch	0	4	2	2
tests/base/classes.rxt:7	unanch	0	4	2	2
tests/base/classes.rxt:11	unanch	0	4	2	2
tests/base/classes.rxt:15	unanch	0	4	2	2
tests/base/classes.rxt:20	unanch	0	4	2	2
tests/base/classes.rxt:24	unanch	0	4	2	2
tests/base/classes.rxt:28	unanch	0	4	2	2
tests/base/classes.rxt:33	unanch	0	4	2	2
tests/base/classes.rxt:36	unanch	0	4	2	2
tests/base/classes.rxt:40	unanch	0	4	2	2
tests/base/classes.rxt:44	unanch	0	4	2	2
tests/base/classes.rxt:48	unanch	0	4	2	2
tests/base/classes.rxt:52	unanch	0	4	2	2
tests/base/classes.rxt:57	unanch	0	14	4	4
tests/base/classes.rxt:63	unanch	0	4	2	2
tests/base/classes.rxt:67	unanch	0	4	2	2
tests/base/classes.rxt:77	unanch	0	4	2	2
tests/base/classes.rxt:81	unanch	0	4	2	2
tests/base/classes.rxt:85	unanch	0	4	2	2
tests/base/classes.rxt:89	unanch	0	4	2	2
tests/base/d27_bodies.rxt:6	unanch	0	15	5	5
tests/base/d27_bodies.rxt:16	unanch	0	11	3	5
tests/base/d27_bodies.rxt:26	unanch	0	15	5	5
tests/base/d27_bodies.rxt:36	unanch	0	11	3	5
tests/base/d27_bodies.rxt:46	unanch	0	10	4	4
tests/base/d27_bodies.rxt:54	unanch	0	35	9	9
tests/base/d27_bodies.rxt:72	unanch	0	29	5	9
tests/base/d27_bodies.rxt:87	unanch	0	33	9	9
tests/base/d27_bodies.rxt:100	unanch	0	27	5	9
tests/base/d27_bodies.rxt:111	none	0	0	0	0
tests/base/d27_bodies.rxt:124	none	0	0	0	0
tests/base/d27_bodies.rxt:137	unanch	0	32	9	9
tests/base/d27_bodies.rxt:145	unanch	0	24	9	9
tests/base/d27_bodies.rxt:157	unanch	0	20	5	9
tests/base/d27_bodies.rxt:166	unanch	0	22	3	4
tests/base/d27_bodies.rxt:180	none	0	0	0	0
tests/base/d27_bodies.rxt:191	unanch	0	32	9	9
tests/base/d27_bodies.rxt:203	unanch	0	37	13	13
tests/base/d27_bodies.rxt:214	unanch	0	27	7	7
tests/base/d27_captures.rxt:6	unanch	0	41	8	9
tests/base/d27_captures.rxt:17	unanch	0	24	10	10
tests/base/d27_captures.rxt:28	unanch	0	12	3	3
tests/base/d27_captures.rxt:47	unanch	0	21	4	4
tests/base/d27_captures.rxt:66	unanch	0	7	2	2
tests/base/d27_captures.rxt:78	unanch	0	11	4	4
tests/base/d27_captures.rxt:90	none	0	0	0	0
tests/base/d27_captures.rxt:109	unanch	0	13	4	4
tests/base/d27_edge.rxt:6	none	0	0	0	0
tests/base/d27_edge.rxt:21	none	0	0	0	0
tests/base/d27_edge.rxt:32	none	0	0	0	0
tests/base/d27_edge.rxt:45	none	0	0	0	0
tests/base/d27_edge.rxt:56	unanch	0	4	2	2
tests/base/d27_edge.rxt:63	unanch	0	4	2	2
tests/base/d27_edge.rxt:71	unanch	0	0	1	1
tests/base/d27_edge.rxt:77	unanch	0	22	5	5
tests/base/d27_edge.rxt:85	unanch	0	27	7	7
tests/base/d27_edge.rxt:94	unanch	0	21	6	6
tests/base/d27_edge.rxt:103	unanch	0	15	3	3
tests/base/d27_edge.rxt:115	unanch	0	13	3	3
tests/base/d27_edge.rxt:127	unanch	0	14	3	3
tests/base/d27_edge.rxt:139	unanch	0	20	4	3
tests/base/d27_edge.rxt:146	unanch	0	14	3	3
tests/base/d27_edge.rxt:153	attempt	0	1	2	0
tests/base/d27_edge.rxt:162	unanch	0	9	7	7
tests/base/d27_edge.rxt:171	attempt	0	6	8	0
tests/base/d27_edge.rxt:180	none	0	0	0	0
tests/base/d27_edge.rxt:191	unanch	0	33	7	7
tests/base/d27_edge.rxt:202	unanch	0	50	12	12
tests/base/d27_forms.rxt:6	unanch	0	11	3	3
tests/base/d27_forms.rxt:15	unanch	0	8	2	3
tests/base/d27_forms.rxt:24	unanch	0	7	2	2
tests/base/d27_forms.rxt:32	unanch	0	7	2	2
tests/base/d27_forms.rxt:40	unanch	0	12	3	3
tests/base/d27_forms.rxt:49	unanch	0	12	3	3
tests/base/d27_forms.rxt:58	unanch	0	22	5	5
tests/base/d27_forms.rxt:68	unanch	0	22	5	5
tests/base/d27_forms.rxt:78	unanch	0	34	6	6
tests/base/d27_forms.rxt:90	unanch	0	28	5	6
tests/base/d27_forms.rxt:102	unanch	0	18	4	4
tests/base/d27_forms.rxt:112	unanch	0	18	4	4
tests/base/d27_forms.rxt:122	unanch	0	38	6	6
tests/base/d27_forms.rxt:132	unanch	0	32	5	6
tests/base/d27_k23_ambiguous_decomposition.rxt:6	unanch	0	27367	196	196
tests/base/d27_k23_ambiguous_decomposition.rxt:100	unanch	0	26530	193	193
tests/base/d27_k23_ambiguous_decomposition.rxt:114	unanch	0	28217	199	199
tests/base/d27_large_counts.rxt:6	unanch	0	126750	501	501
tests/base/d27_large_counts.rxt:13	unanch	0	21600	501	501
tests/base/d27_large_counts.rxt:21	unanch	0	21000	201	501
tests/base/d27_large_counts.rxt:29	unanch	0	91800	601	601
tests/base/d27_large_counts.rxt:37	unanch	0	503500	1001	1001
tests/base/d27_large_counts.rxt:43	unanch	0	6001	2001	2001
tests/base/d27_large_counts.rxt:50	unanch	0	26530	193	193
tests/base/d27_large_counts.rxt:71	unanch	0	27367	196	196
tests/base/d27_nested_min_boundary.rxt:15	unanch	0	260730	1001	1001
tests/base/d27_nesting.rxt:6	unanch	0	42	10	10
tests/base/d27_nesting.rxt:21	unanch	0	36	7	10
tests/base/d27_nesting.rxt:33	unanch	0	37	7	10
tests/base/d27_nesting.rxt:45	unanch	0	34	5	10
tests/base/d27_nesting.rxt:57	unanch	0	38	9	9
tests/base/d27_nesting.rxt:79	unanch	0	30	5	9
tests/base/d27_nesting.rxt:100	unanch	0	30	5	9
tests/base/d27_nesting.rxt:121	unanch	0	468432	1001	1001
tests/base/d27_nesting.rxt:136	unanch	0	260730	1001	1001
tests/base/d27_nesting.rxt:151	unanch	0	180	28	46
tests/base/d27_nesting.rxt:179	unanch	0	73	13	13
tests/base/dot.rxt:3	unanch	0	4	2	2
tests/base/dot.rxt:9	unanch	0	4	2	2
tests/base/dot.rxt:12	unanch	0	18	5	4
tests/base/dot.rxt:17	unanch	0	15	4	4
tests/base/dot.rxt:21	unanch	0	9	3	3
tests/base/dot.rxt:24	unanch	0	9	3	3
tests/base/dot.rxt:27	unanch	0	3	1	1
tests/base/dot.rxt:30	unanch	0	7	2	2
tests/base/empty_matches.rxt:3	unanch	0	3	1	1
tests/base/empty_matches.rxt:8	unanch	0	3	2	2
tests/base/empty_matches.rxt:12	unanch	0	3	2	2
tests/base/empty_matches.rxt:16	unanch	0	11	3	3
tests/base/empty_matches.rxt:21	unanch	0	8	3	3
tests/base/empty_matches.rxt:25	none	0	0	0	0
tests/base/empty_matches.rxt:29	none	0	0	0	0
tests/base/empty_matches.rxt:33	unanch	0	0	1	1
tests/base/empty_matches.rxt:37	unanch	0	0	1	1
tests/base/empty_matches.rxt:41	unanch	0	3	1	1
tests/base/empty_matches.rxt:45	unanch	0	9	2	2
tests/base/empty_matches.rxt:49	attempt	0	0	2	0
tests/base/empty_matches.rxt:52	attempt	0	2	2	0
tests/base/empty_matches.rxt:57	unanch	0	3	2	2
tests/base/eol_engine.rxt:6	unanch	0	6	3	3
tests/base/eol_engine.rxt:12	unanch	0	10	3	3
tests/base/eol_engine.rxt:20	unanch	0	10	3	3
tests/base/eol_engine.rxt:24	unanch	0	11	4	4
tests/base/eol_engine.rxt:29	unanch	0	5	2	3
tests/base/eol_engine.rxt:33	unanch	0	17	4	5
tests/base/eol_engine.rxt:37	unanch	0	7	3	2
tests/base/eol_engine.rxt:42	unanch	0	9	3	3
tests/base/eol_engine.rxt:47	unanch	0	9	4	4
tests/base/eol_engine.rxt:52	unanch	0	7	3	2
tests/base/eol_engine.rxt:58	unanch	0	1	2	2
tests/base/eol_engine.rxt:64	unanch	0	14	4	4
tests/base/eol_scan_avoidance.rxt:15	unanch	0	26	4	3
tests/base/eol_scan_avoidance.rxt:22	unanch	0	21	6	3
tests/base/eol_scan_avoidance.rxt:31	unanch	0	7	3	2
tests/base/eol_scan_avoidance.rxt:37	unanch	0	7	3	2
tests/base/eol_scan_avoidance.rxt:42	unanch	0	10	3	3
tests/base/eol_scan_avoidance.rxt:52	unanch	0	7	3	2
tests/base/eol_scan_avoidance.rxt:58	unanch	0	1	2	2
tests/base/eol_scan_avoidance.rxt:65	unanch	0	14	4	3
tests/base/eol_scan_avoidance.rxt:70	unanch	0	7	3	2
tests/base/eol_scan_avoidance.rxt:77	unanch	0	27	6	5
tests/base/eol_scan_avoidance.rxt:83	unanch	0	6	3	3
tests/base/eol_scan_avoidance.rxt:89	unanch	0	6	3	3
tests/base/eol_scan_avoidance.rxt:95	unanch	0	7	3	2
tests/base/eol_scan_avoidance.rxt:147	unanch	0	19	4	4
tests/base/eol_scan_avoidance.rxt:162	unanch	0	19	4	4
tests/base/eol_scan_avoidance.rxt:172	unanch	0	19	4	5
tests/base/eol_scan_avoidance.rxt:180	unanch	0	16	2	4
tests/base/eol_scan_avoidance.rxt:188	unanch	0	14	3	3
tests/base/eol_scan_avoidance.rxt:198	unanch	0	14	3	3
tests/base/eol_scan_avoidance.rxt:222	unanch	0	13	3	4
tests/base/eol_scan_avoidance.rxt:233	unanch	0	13	3	4
tests/base/eol_scan_avoidance.rxt:243	unanch	0	13	3	2
tests/base/eol_scan_avoidance.rxt:279	unanch	0	13	3	4
tests/base/eol_scan_avoidance.rxt:290	unanch	0	13	3	4
tests/base/eol_scan_avoidance.rxt:297	unanch	0	10	2	2
tests/base/eol_scan_avoidance.rxt:305	unanch	0	5	2	2
tests/base/eol_scan_avoidance.rxt:334	unanch	0	7	2	2
tests/base/eol_scan_avoidance.rxt:343	unanch	0	13	3	2
tests/base/eol_scan_avoidance.rxt:349	unanch	0	20	4	3
tests/base/eol_scan_avoidance.rxt:355	unanch	0	13	3	2
tests/base/escapes.rxt:3	unanch	0	4	2	2
tests/base/escapes.rxt:7	unanch	0	4	2	2
tests/base/escapes.rxt:10	unanch	0	4	2	2
tests/base/escapes.rxt:13	unanch	0	4	2	2
tests/base/escapes.rxt:16	unanch	0	4	2	2
tests/base/escapes.rxt:19	unanch	0	4	2	2
tests/base/escapes.rxt:22	unanch	0	4	2	2
tests/base/escapes.rxt:25	unanch	0	4	2	2
tests/base/escapes.rxt:28	unanch	0	4	2	2
tests/base/escapes.rxt:31	unanch	0	4	2	2
tests/base/escapes.rxt:34	unanch	0	4	2	2
tests/base/escapes.rxt:37	unanch	0	4	2	2
tests/base/escapes.rxt:40	unanch	0	4	2	2
tests/base/escapes.rxt:43	unanch	0	4	2	2
tests/base/escapes.rxt:46	unanch	0	14	4	4
tests/base/escapes.rxt:50	unanch	0	4	2	2
tests/base/escapes.rxt:53	unanch	0	4	2	2
tests/base/escapes.rxt:56	unanch	0	4	2	2
tests/base/escapes.rxt:59	unanch	0	4	2	2
tests/base/escapes.rxt:62	unanch	0	4	2	2
tests/base/escapes.rxt:65	unanch	0	4	2	2
tests/base/escapes.rxt:68	unanch	0	14	4	4
tests/base/escapes.rxt:71	unanch	0	4	2	2
tests/base/escapes.rxt:75	unanch	0	9	3	3
tests/base/escapes.rxt:78	unanch	0	19	5	5
tests/base/escapes.rxt:86	unanch	0	4	2	2
tests/base/escapes.rxt:93	unanch	0	4	2	2
tests/base/escapes.rxt:98	unanch	0	4	2	2
tests/base/fuzz_regressions.rxt:4	unanch	0	9	4	4
tests/base/fuzz_regressions.rxt:9	unanch	0	28	5	5
tests/base/fuzz_regressions.rxt:14	unanch	0	32	6	6
tests/base/fuzz_regressions.rxt:21	unanch	0	19	5	5
tests/base/fuzz_regressions.rxt:29	unanch	0	4	2	2
tests/base/fuzz_regressions.rxt:32	unanch	0	4	2	2
tests/base/groups.rxt:3	unanch	0	3	2	2
tests/base/groups.rxt:7	unanch	0	4	2	2
tests/base/groups.rxt:10	unanch	0	11	4	4
tests/base/groups.rxt:14	unanch	0	11	4	4
tests/base/groups.rxt:17	unanch	0	15	5	5
tests/base/groups.rxt:20	unanch	0	15	4	4
tests/base/groups.rxt:25	unanch	0	7	2	2
tests/base/groups.rxt:29	unanch	0	3	2	2
tests/base/groups.rxt:32	unanch	0	11	4	4
tests/base/groups.rxt:35	unanch	0	10	3	3
tests/base/groups.rxt:39	unanch	0	14	4	4
tests/base/groups.rxt:42	none	0	0	0	0
tests/base/groups.rxt:46	none	0	0	0	0
tests/base/groups.rxt:50	unanch	0	7	3	3
tests/base/groups.rxt:55	unanch	0	29	8	9
tests/base/groups.rxt:58	unanch	0	4	2	2
tests/base/high_bytes.rxt:8	unanch	0	4	2	2
tests/base/high_bytes.rxt:12	unanch	0	4	2	2
tests/base/high_bytes.rxt:16	unanch	0	4	2	2
tests/base/high_bytes.rxt:20	unanch	0	4	2	2
tests/base/high_bytes.rxt:26	unanch	0	4	2	2
tests/base/high_bytes.rxt:31	unanch	0	4	2	2
tests/base/high_bytes.rxt:36	unanch	0	19	5	5
tests/base/high_bytes.rxt:42	unanch	0	7	2	2
tests/base/high_bytes.rxt:47	unanch	0	4	2	2
tests/base/high_bytes.rxt:53	unanch	0	18	5	4
tests/base/high_bytes.rxt:58	unanch	0	7	2	2
tests/base/high_bytes.rxt:63	unanch	0	7	2	2
tests/base/k18_arm_order.rxt:32	unanch	0	4	1	1
tests/base/k18_arm_order.rxt:46	unanch	0	2	1	1
tests/base/k18_arm_order.rxt:60	none	0	0	0	0
tests/base/k18_arm_order.rxt:74	none	0	0	0	0
tests/base/k18_arm_order.rxt:88	none	0	0	0	0
tests/base/k18_arm_order.rxt:102	none	0	0	0	0
tests/base/k18_arm_order.rxt:116	unanch	0	11	2	2
tests/base/k18_arm_order.rxt:130	unanch	0	5	1	2
tests/base/k18_arm_order.rxt:144	unanch	0	4	1	1
tests/base/k18_arm_order.rxt:158	unanch	0	2	1	1
tests/base/k18_arm_order.rxt:172	unanch	0	4	1	1
tests/base/k18_arm_order.rxt:186	unanch	0	2	1	1
tests/base/k18_arm_order.rxt:200	unanch	0	15	2	3
tests/base/k18_arm_order.rxt:214	unanch	0	9	1	3
tests/base/k18_arm_order.rxt:228	unanch	0	4	1	1
tests/base/k18_arm_order.rxt:242	unanch	0	2	1	1
tests/base/k18_arm_order.rxt:256	unanch	0	4	1	1
tests/base/k18_arm_order.rxt:274	unanch	0	2	1	1
tests/base/k18_arm_order.rxt:292	attempt	0	1	1	0
tests/base/k18_arm_order.rxt:306	attempt	0	0	1	0
tests/base/k18_arm_order.rxt:320	unanch	0	4	1	1
tests/base/k18_arm_order.rxt:334	unanch	0	12	2	2
tests/base/k18_arm_order.rxt:348	unanch	0	4	1	1
tests/base/k18_arm_order.rxt:362	unanch	0	6	1	1
tests/base/k18_arm_order.rxt:376	unanch	0	4	1	1
tests/base/k18_arm_order.rxt:390	unanch	0	12	2	2
tests/base/k18_arm_order.rxt:404	none	0	0	0	0
tests/base/k18_arm_order.rxt:418	none	0	0	0	0
tests/base/k18_arm_order.rxt:432	unanch	0	13	1	3
tests/base/k18_arm_order.rxt:446	unanch	0	33	4	4
tests/base/k18_arm_order.rxt:460	attempt	0	1	1	0
tests/base/k18_arm_order.rxt:474	attempt	0	4	2	0
tests/base/k18_arm_order.rxt:488	unanch	0	14	2	3
tests/base/k18_arm_order.rxt:502	unanch	0	18	2	3
tests/base/k18_arm_order.rxt:516	unanch	0	5	1	2
tests/base/k18_arm_order.rxt:530	unanch	0	7	1	2
tests/base/k18_arm_order.rxt:544	unanch	0	4	1	1
tests/base/k18_arm_order.rxt:558	unanch	0	6	1	1
tests/base/k18_arm_order.rxt:572	unanch	0	1	1	1
tests/base/k18_arm_order.rxt:586	unanch	0	4	1	1
tests/base/k18_arm_order.rxt:600	none	0	0	0	0
tests/base/k18_arm_order.rxt:614	unanch	0	16	2	2
tests/base/k18_arm_order.rxt:632	unanch	0	24	2	2
tests/base/k18_arm_order.rxt:650	unanch	0	12	1	2
tests/base/k18_arm_order.rxt:668	unanch	0	4	1	1
tests/base/k18_arm_order.rxt:686	unanch	0	4	1	1
tests/base/k18_arm_order.rxt:700	unanch	0	4	1	1
tests/base/k18_arm_order.rxt:714	unanch	0	5	2	3
tests/base/k18_arm_order.rxt:728	unanch	0	6	1	2
tests/base/k18_arm_order.rxt:742	unanch	0	3	1	1
tests/base/k18_arm_order.rxt:747	unanch	0	4	1	1
tests/base/k18_arm_order.rxt:761	unanch	0	4	1	1
tests/base/k18_arm_order.rxt:775	unanch	0	12	3	3
tests/base/k18_arm_order.rxt:793	unanch	0	30	1	7
tests/base/k18_cost_gates.rxt:66	none	1	12879704	0	0
tests/base/k18_cost_gates.rxt:70	unanch	0	2551604	1968	27706
tests/base/k18_cost_gates.rxt:88	none	0	0	0	0
tests/base/k18_cost_gates.rxt:93	none	0	0	0	0
tests/base/k18_cost_gates.rxt:98	none	0	0	0	0
tests/base/k18_cost_gates.rxt:103	none	0	0	0	0
tests/base/k18_deep_nesting.rxt:39	unanch	0	3	1	1
tests/base/k18_deep_nesting.rxt:44	unanch	0	3	1	1
tests/base/k18_deep_nesting.rxt:49	unanch	0	3	1	1
tests/base/k18_deep_nesting.rxt:54	unanch	0	3	1	1
tests/base/k18_deep_nesting.rxt:59	unanch	0	3	1	1
tests/base/k18_deep_nesting.rxt:64	unanch	0	3	1	1
tests/base/k18_deep_nesting.rxt:69	unanch	0	1	1	1
tests/base/k18_deep_nesting.rxt:74	unanch	0	120	1	1
tests/base/k18_empty_exit_through_seen_eps.rxt:33	unanch	0	4	1	1
tests/base/k18_empty_exit_through_seen_eps.rxt:47	none	0	0	0	0
tests/base/k18_empty_exit_through_seen_eps.rxt:61	unanch	0	11	2	2
tests/base/k18_empty_exit_through_seen_eps.rxt:75	unanch	0	4	1	1
tests/base/k18_empty_exit_through_seen_eps.rxt:89	unanch	0	4	1	1
tests/base/k18_empty_exit_through_seen_eps.rxt:103	unanch	0	15	2	3
tests/base/k18_empty_exit_through_seen_eps.rxt:117	unanch	0	4	1	1
tests/base/k18_empty_exit_through_seen_eps.rxt:131	attempt	0	1	1	0
tests/base/k18_empty_exit_through_seen_eps.rxt:149	unanch	0	12	2	2
tests/base/k18_empty_exit_through_seen_eps.rxt:163	unanch	0	2	1	1
tests/base/k18_empty_exit_through_seen_eps.rxt:177	unanch	0	4	1	1
tests/base/k18_empty_exit_through_seen_eps.rxt:191	unanch	0	4	1	1
tests/base/k18_empty_exit_through_seen_eps.rxt:205	unanch	0	5	2	3
tests/base/k18_empty_exit_through_seen_eps.rxt:219	unanch	0	6	1	2
tests/base/k18_empty_exit_through_seen_eps.rxt:233	unanch	0	3	1	1
tests/base/k18_split_shapes.rxt:22	unanch	0	8	1	1
tests/base/k18_split_shapes.rxt:36	unanch	0	16	2	2
tests/base/k18_split_shapes.rxt:50	unanch	0	56	4	6
tests/base/k18_split_shapes.rxt:64	unanch	0	16	2	2
tests/base/k18_split_shapes.rxt:78	unanch	0	50	4	5
tests/base/k18_split_shapes.rxt:92	unanch	0	16	2	2
tests/base/k18_split_shapes.rxt:106	unanch	0	50	4	5
tests/base/k18_split_shapes.rxt:120	unanch	0	48	4	5
tests/base/k18_split_shapes.rxt:134	unanch	0	123	8	11
tests/base/k18_split_shapes.rxt:148	unanch	0	22	2	3
tests/base/k18_split_shapes.rxt:162	unanch	0	76	4	8
tests/base/k18_split_shapes.rxt:176	unanch	0	16	2	2
tests/base/k18_split_shapes.rxt:185	unanch	0	51	4	4
tests/base/k18_split_shapes.rxt:194	unanch	0	16	2	2
tests/base/k18_split_shapes.rxt:203	unanch	0	50	4	5
tests/base/k18_split_shapes.rxt:212	unanch	0	24	2	3
tests/base/k18_split_shapes.rxt:221	unanch	0	94	4	9
tests/base/k18_split_shapes.rxt:230	unanch	0	16	2	2
tests/base/k18_split_shapes.rxt:235	unanch	0	51	4	4
tests/base/k18_split_shapes.rxt:240	unanch	0	16	2	2
tests/base/k18_split_shapes.rxt:245	unanch	0	50	4	5
tests/base/k18_split_shapes.rxt:250	unanch	0	24	2	3
tests/base/k18_split_shapes.rxt:255	unanch	0	94	4	9
tests/base/k18_split_shapes.rxt:260	unanch	0	8	1	1
tests/base/k18_split_shapes.rxt:265	unanch	0	16	2	2
tests/base/k18_split_shapes.rxt:270	unanch	0	56	4	6
tests/base/k18_split_shapes.rxt:275	unanch	0	16	2	2
tests/base/k18_split_shapes.rxt:280	unanch	0	50	4	5
tests/base/k18_split_shapes.rxt:285	unanch	0	16	2	2
tests/base/k18_split_shapes.rxt:290	unanch	0	50	4	5
tests/base/k18_split_shapes.rxt:295	unanch	0	48	4	5
tests/base/k18_split_shapes.rxt:300	unanch	0	123	8	11
tests/base/k18_split_shapes.rxt:305	unanch	0	22	2	3
tests/base/k18_split_shapes.rxt:310	unanch	0	76	4	8
tests/base/k18_split_shapes.rxt:315	unanch	0	14	1	2
tests/base/k18_split_shapes.rxt:329	unanch	0	20	2	2
tests/base/k18_split_shapes.rxt:343	unanch	0	22	2	3
tests/base/k18_split_shapes.rxt:357	unanch	0	67	4	7
tests/base/k18_split_shapes.rxt:371	unanch	0	20	2	2
tests/base/k18_split_shapes.rxt:385	unanch	0	54	4	6
tests/base/k18_split_shapes.rxt:399	unanch	0	136	8	12
tests/base/k18_split_shapes.rxt:413	unanch	0	26	2	3
tests/base/k18_split_shapes.rxt:427	unanch	0	20	2	2
tests/base/k18_split_shapes.rxt:436	unanch	0	20	2	2
tests/base/k18_split_shapes.rxt:445	unanch	0	28	2	3
tests/base/k18_split_shapes.rxt:454	unanch	0	20	2	2
tests/base/k18_split_shapes.rxt:459	unanch	0	20	2	2
tests/base/k18_split_shapes.rxt:464	unanch	0	28	2	3
tests/base/k18_split_shapes.rxt:469	unanch	0	14	1	2
tests/base/k18_split_shapes.rxt:474	unanch	0	20	2	2
tests/base/k18_split_shapes.rxt:479	unanch	0	22	2	3
tests/base/k18_split_shapes.rxt:484	unanch	0	67	4	7
tests/base/k18_split_shapes.rxt:489	unanch	0	20	2	2
tests/base/k18_split_shapes.rxt:494	unanch	0	54	4	6
tests/base/k18_split_shapes.rxt:499	unanch	0	136	8	12
tests/base/k18_split_shapes.rxt:504	unanch	0	26	2	3
tests/base/k18_split_shapes.rxt:509	unanch	0	8	1	1
tests/base/k18_split_shapes.rxt:518	unanch	0	16	2	2
tests/base/k18_split_shapes.rxt:527	unanch	0	50	4	5
tests/base/k18_split_shapes.rxt:536	unanch	0	48	4	5
tests/base/k18_split_shapes.rxt:545	unanch	0	123	8	11
tests/base/k18_split_shapes.rxt:554	unanch	0	8	1	1
tests/base/k18_split_shapes.rxt:572	unanch	0	16	2	2
tests/base/k18_split_shapes.rxt:590	unanch	0	50	4	5
tests/base/k18_split_shapes.rxt:608	unanch	0	48	4	5
tests/base/k18_split_shapes.rxt:626	unanch	0	123	8	11
tests/base/k18_split_shapes.rxt:644	unanch	0	16	2	2
tests/base/k18_split_shapes.rxt:653	unanch	0	51	4	4
tests/base/k18_split_shapes.rxt:662	unanch	0	16	2	2
tests/base/k18_split_shapes.rxt:671	unanch	0	50	4	5
tests/base/k18_split_shapes.rxt:680	unanch	0	24	2	3
tests/base/k18_split_shapes.rxt:689	unanch	0	94	4	9
tests/base/k18_split_shapes.rxt:698	unanch	0	8	1	1
tests/base/k18_split_shapes.rxt:707	unanch	0	16	2	2
tests/base/k18_split_shapes.rxt:716	unanch	0	75	4	9
tests/base/k18_split_shapes.rxt:725	unanch	0	16	2	2
tests/base/k18_split_shapes.rxt:734	unanch	0	50	4	5
tests/base/k18_split_shapes.rxt:743	unanch	0	16	2	2
tests/base/k18_split_shapes.rxt:752	unanch	0	50	4	5
tests/base/k18_split_shapes.rxt:761	unanch	0	48	4	5
tests/base/k18_split_shapes.rxt:770	unanch	0	123	8	11
tests/base/k18_split_shapes.rxt:779	unanch	0	28	2	4
tests/base/k18_split_shapes.rxt:788	unanch	0	108	4	12
tests/base/leftmost_semantics.rxt:5	unanch	0	6	2	3
tests/base/leftmost_semantics.rxt:9	unanch	0	8	3	3
tests/base/leftmost_semantics.rxt:13	unanch	0	6	2	3
tests/base/leftmost_semantics.rxt:16	unanch	0	8	3	3
tests/base/leftmost_semantics.rxt:20	unanch	0	7	2	2
tests/base/leftmost_semantics.rxt:23	unanch	0	5	2	2
tests/base/leftmost_semantics.rxt:26	unanch	0	13	3	2
tests/base/leftmost_semantics.rxt:29	unanch	0	7	2	2
tests/base/leftmost_semantics.rxt:32	unanch	0	20	4	3
tests/base/leftmost_semantics.rxt:35	unanch	0	14	3	3
tests/base/leftmost_semantics.rxt:40	unanch	0	12	3	3
tests/base/leftmost_semantics.rxt:43	unanch	0	12	3	3
tests/base/leftmost_semantics.rxt:46	unanch	0	4	2	2
tests/base/leftmost_semantics.rxt:49	unanch	0	9	3	3
tests/base/leftmost_semantics.rxt:53	unanch	0	11	2	2
tests/base/leftmost_semantics.rxt:56	unanch	0	15	3	3
tests/base/leftmost_semantics.rxt:60	unanch	0	7	2	2
tests/base/leftmost_semantics.rxt:63	unanch	0	26	7	6
tests/base/leftmost_semantics.rxt:66	unanch	0	14	4	6
tests/base/literals.rxt:3	unanch	0	4	2	2
tests/base/literals.rxt:10	unanch	0	14	4	4
tests/base/literals.rxt:16	unanch	0	54	12	12
tests/base/literals.rxt:20	unanch	0	4	2	2
tests/base/literals.rxt:24	unanch	0	14	4	4
tests/base/literals.rxt:27	unanch	0	4	2	2
tests/base/literals.rxt:30	unanch	0	15	4	4
tests/base/long_subjects.rxt:6	unanch	0	14	4	4
tests/base/long_subjects.rxt:10	unanch	0	19	5	5
tests/base/long_subjects.rxt:14	unanch	0	12	3	3
tests/base/long_subjects.rxt:18	unanch	0	85	11	11
tests/base/long_subjects.rxt:22	unanch	0	20	4	3
tests/base/long_subjects.rxt:26	unanch	0	20	4	3
tests/base/long_subjects.rxt:30	unanch	0	1455	61	61
tests/base/long_subjects.rxt:34	unanch	0	1455	61	61
tests/base/long_subjects.rxt:38	unanch	0	1455	61	61
tests/base/long_subjects.rxt:42	unanch	0	79	14	14
tests/base/possess_lazy_guard.rxt:43	unanch	0	35	7	8
tests/base/possess_lazy_guard.rxt:48	unanch	0	39	8	9
tests/base/possess_lazy_guard.rxt:53	unanch	0	13	3	5
tests/base/possess_lazy_guard.rxt:58	unanch	0	17	4	6
tests/base/possess_lazy_guard.rxt:63	unanch	0	20	5	5
tests/base/possess_lazy_guard.rxt:68	unanch	0	24	6	6
tests/base/possess_lazy_guard.rxt:73	unanch	0	10	3	3
tests/base/possess_lazy_guard.rxt:78	unanch	0	14	4	4
tests/base/possess_lazy_guard.rxt:83	unanch	0	36	8	9
tests/base/possess_lazy_guard.rxt:88	unanch	0	40	9	10
tests/base/possess_lazy_guard.rxt:93	unanch	0	46	8	9
tests/base/possess_lazy_guard.rxt:98	unanch	0	52	9	10
tests/base/possess_lazy_guard.rxt:103	unanch	0	11	3	5
tests/base/possess_lazy_guard.rxt:110	unanch	0	14	4	6
tests/base/possess_lazy_guard.rxt:117	unanch	0	16	5	5
tests/base/possess_lazy_guard.rxt:124	unanch	0	19	6	6
tests/base/possess_lazy_guard.rxt:131	unanch	0	8	3	3
tests/base/possess_lazy_guard.rxt:138	unanch	0	11	4	4
tests/base/possess_lazy_guard.rxt:145	unanch	0	47	8	9
tests/base/possess_lazy_guard.rxt:150	unanch	0	51	9	10
tests/base/possess_lazy_guard.rxt:166	unanch	0	22	5	6
tests/base/possess_lazy_guard.rxt:171	none	0	0	0	0
tests/base/possess_lazy_guard.rxt:178	unanch	0	38	14	6
tests/base/precedence.rxt:4	unanch	0	19	4	4
tests/base/precedence.rxt:9	unanch	0	13	3	3
tests/base/precedence.rxt:13	attempt	0	3	3	0
tests/base/precedence.rxt:17	unanch	0	11	3	3
tests/base/precedence.rxt:21	unanch	0	12	3	3
tests/base/precedence.rxt:25	none	0	0	0	0
tests/base/precedence.rxt:28	unanch	0	12	3	3
tests/base/precedence.rxt:32	unanch	0	9	3	3
tests/base/precedence.rxt:36	none	0	0	0	0
tests/base/precedence.rxt:39	unanch	0	5	1	3
tests/base/precedence.rxt:43	unanch	0	9	3	3
tests/base/precedence.rxt:47	unanch	0	5	2	2
tests/base/precedence.rxt:50	unanch	0	18	4	4
tests/base/precedence.rxt:54	unanch	0	25	6	6
tests/base/quantifiers.rxt:3	unanch	0	3	1	1
tests/base/quantifiers.rxt:8	unanch	0	7	2	2
tests/base/quantifiers.rxt:13	unanch	0	3	2	2
tests/base/quantifiers.rxt:17	unanch	0	1	1	1
tests/base/quantifiers.rxt:20	unanch	0	5	2	2
tests/base/quantifiers.rxt:24	unanch	0	1	1	2
tests/base/quantifiers.rxt:28	unanch	0	7	2	2
tests/base/quantifiers.rxt:32	unanch	0	12	3	3
tests/base/quantifiers.rxt:36	unanch	0	17	4	4
tests/base/quantifiers.rxt:41	none	0	0	0	0
tests/base/quantifiers.rxt:46	unanch	0	11	4	4
tests/base/quantifiers.rxt:50	unanch	0	7	2	2
tests/base/quantifiers.rxt:54	unanch	0	7	2	2
tests/base/quantifiers.rxt:57	unanch	0	13	3	2
tests/base/quantifiers.rxt:60	unanch	0	7	2	2
tests/base/quantifiers.rxt:65	unanch	0	14	4	4
tests/base/review_r1.rxt:3	unanch	0	11	4	4
tests/base/review_r1.rxt:8	unanch	0	16	4	5
tests/base/review_r1.rxt:13	unanch	0	5	2	3
tests/base/review_r1.rxt:17	unanch	0	5	2	3
tests/base/review_r1.rxt:22	unanch	0	7	3	2
tests/base/review_r1.rxt:27	unanch	0	9	3	3
tests/base/review_r1.rxt:32	none	1	0	0	0
tests/base/review_r1.rxt:35	none	1	0	0	0
tests/base/review_r1.rxt:39	unanch	0	9	3	3
tests/base/review_r1.rxt:45	none	1	0	0	0
tests/base/review_r1.rxt:49	none	1	0	0	0
tests/base/review_r1.rxt:53	attempt	0	2	3	0
tests/base/review_r2.rxt:7	unanch	0	17	4	5
tests/base/review_r2.rxt:10	unanch	0	21	4	6
tests/base/review_r2.rxt:14	unanch	0	697	51	69
tests/base/review_r2.rxt:19	unanch	0	1	1	1
tests/base/review_r2.rxt:24	unanch	0	3	1	2
tests/base/review_r2.rxt:27	none	0	0	0	0
tests/base/review_r2.rxt:30	unanch	0	5	2	2
tests/base/review_r2.rxt:33	unanch	0	1	1	1
tests/base/review_r2.rxt:37	unanch	0	3	1	1
tests/base/review_r2.rxt:43	unanch	0	36	7	6
tests/base/review_r2.rxt:46	unanch	0	36	7	6
tests/base/review_r2.rxt:49	unanch	0	34	7	6
tests/base/review_r2.rxt:52	unanch	0	28	5	6
tests/base/review_r21.rxt:22	unanch	0	4	1	1
tests/base/review_r21.rxt:35	none	0	0	0	0
tests/base/review_r21.rxt:48	none	0	0	0	0
tests/base/review_r21.rxt:61	none	0	0	0	0
tests/base/review_r21.rxt:74	none	0	0	0	0
tests/base/review_r21.rxt:87	none	0	0	0	0
tests/base/review_r21.rxt:100	unanch	0	4	1	1
tests/base/review_r21.rxt:113	none	0	0	0	0
tests/base/review_r21.rxt:131	none	0	0	0	0
tests/base/review_r21.rxt:144	none	0	0	0	0
tests/base/review_r21.rxt:157	none	0	0	0	0
tests/base/review_r21.rxt:170	none	0	0	0	0
tests/base/start_pinned_startpos.rxt:42	unanch	0	3	1	1
tests/base/start_pinned_startpos.rxt:73	unanch	0	192	65	65
tests/base/start_pinned_startpos.rxt:100	unanch	0	3	1	1
tests/base/start_pinned_startpos.rxt:114	unanch	0	3	1	1
tests/base/startpos.rxt:7	unanch	0	14	4	4
tests/base/startpos.rxt:18	unanch	0	7	2	2
tests/base/startpos.rxt:30	unanch	0	3	1	1
tests/base/startpos.rxt:42	unanch	0	3	1	1
tests/base/startpos.rxt:47	attempt	0	3	4	0
tests/base/startpos.rxt:56	attempt	0	0	1	0
tests/base/startpos.rxt:65	unanch	0	6	3	3
tests/base/startpos.rxt:74	unanch	0	4	2	2
tests/base/startpos.rxt:80	unanch	0	3	1	1
tests/base/startpos.rxt:86	unanch	0	3	1	1
tests/base/startpos.rxt:93	unanch	0	14	4	4
tests/base/startpos.rxt:99	attempt	0	3	3	0
tests/base/startpos.rxt:105	unanch	0	15	5	5
tests/base/startpos.rxt:114	unanch	0	31	6	6
tests/base/startpos.rxt:123	unanch	0	3	1	1
tests/base/startpos.rxt:130	unanch	0	3	1	1
tests/base/startpos.rxt:136	unanch	0	11	4	4
tests/base/startpos.rxt:148	unanch	0	20	4	3
tests/base/syntax_errors.rxt:3	none	1	0	0	0
tests/base/syntax_errors.rxt:6	none	1	0	0	0
tests/base/syntax_errors.rxt:9	none	1	0	0	0
tests/base/syntax_errors.rxt:12	none	1	0	0	0
tests/base/syntax_errors.rxt:15	none	1	0	0	0
tests/base/syntax_errors.rxt:18	none	1	0	0	0
tests/base/syntax_errors.rxt:21	none	1	0	0	0
tests/base/syntax_errors.rxt:24	none	1	0	0	0
tests/base/syntax_errors.rxt:27	none	1	0	0	0
tests/base/syntax_errors.rxt:30	none	1	0	0	0
tests/base/syntax_errors.rxt:33	none	1	0	0	0
tests/base/syntax_errors.rxt:36	none	1	0	0	0
tests/base/syntax_errors.rxt:39	none	1	0	0	0
tests/base/syntax_errors.rxt:42	none	1	0	0	0
tests/base/syntax_errors.rxt:45	none	1	0	0	0
tests/base/syntax_errors.rxt:48	none	1	0	0	0
tests/base/syntax_errors.rxt:51	unanch	0	9	3	3
tests/base/syntax_errors.rxt:54	none	1	0	0	0
tests/base/syntax_errors.rxt:57	none	1	0	0	0
tests/base/syntax_errors.rxt:60	none	1	0	0	0
tests/base/syntax_errors.rxt:63	unanch	0	39	9	9
tests/base/syntax_errors.rxt:66	none	1	0	0	0
tests/base/syntax_errors.rxt:69	none	1	0	0	0
tests/base/syntax_errors.rxt:72	none	1	0	0	0
tests/base/syntax_errors.rxt:86	none	1	0	0	0
tests/base/syntax_errors.rxt:89	none	1	0	0	0
tests/base/syntax_errors.rxt:92	none	1	0	0	0
tests/base/syntax_errors.rxt:95	none	1	0	0	0
tests/base/syntax_errors.rxt:98	none	1	0	0	0
tests/base/syntax_errors.rxt:101	none	1	0	0	0
tests/base/syntax_errors.rxt:104	none	1	0	0	0
tests/base/syntax_errors.rxt:107	none	1	0	0	0
tests/base/syntax_errors.rxt:110	none	1	0	0	0
tests/base/syntax_errors.rxt:113	none	1	0	0	0
tests/base/syntax_errors.rxt:119	none	1	0	0	0
tests/base/syntax_errors.rxt:122	none	1	0	0	0
tests/base/syntax_errors.rxt:130	none	1	0	0	0
tests/base/syntax_errors.rxt:134	none	1	0	0	0
tests/base/syntax_errors.rxt:138	none	1	0	0	0
tests/base/syntax_errors.rxt:142	none	1	0	0	0
tests/base/syntax_errors.rxt:146	none	1	0	0	0
tests/base/syntax_errors.rxt:150	none	1	0	0	0
tests/base/syntax_errors.rxt:154	none	1	0	0	0
tests/base/syntax_errors.rxt:160	none	1	0	0	0
tests/base/syntax_errors.rxt:169	unanch	0	14	4	4
tests/base/syntax_errors.rxt:173	unanch	0	14	4	4
tests/base/syntax_errors.rxt:176	unanch	0	4	2	2
tests/base/syntax_errors.rxt:179	unanch	0	4	2	2
tests/base/syntax_errors.rxt:182	unanch	0	9	3	3
tests/base/syntax_errors.rxt:186	unanch	0	9	3	3
tests/base/syntax_errors.rxt:189	unanch	0	9	3	3
tests/base/syntax_errors.rxt:192	unanch	0	14	4	4
tests/base/syntax_errors.rxt:195	unanch	0	34	8	8
tests/base/syntax_errors.rxt:198	unanch	0	44	10	10
tests/base/syntax_errors.rxt:202	unanch	0	49	11	11
tests/base/syntax_errors.rxt:223	unanch	0	24	6	6
tests/base/syntax_errors.rxt:226	unanch	0	24	6	6
tests/base/syntax_errors.rxt:231	unanch	0	24	6	6
tests/base/syntax_errors.rxt:234	unanch	0	24	6	6
tests/base/syntax_errors.rxt:240	unanch	0	29	7	7
tests/base/syntax_errors.rxt:245	unanch	0	19	5	5
tests/base/syntax_errors.rxt:249	unanch	0	29	7	7
tests/base/syntax_errors.rxt:253	unanch	0	24	6	6
tests/base/syntax_errors.rxt:257	unanch	0	29	7	7
tests/base/syntax_errors.rxt:260	unanch	0	19	5	5
tests/base/syntax_errors.rxt:267	unanch	0	19	5	5
tests/base/syntax_errors.rxt:271	unanch	0	14	4	4
tests/captures/basic.rxt:24	unanch	0	11	4	4
tests/captures/basic.rxt:31	unanch	0	28	7	7
tests/captures/basic.rxt:35	unanch	0	28	7	7
tests/captures/basic.rxt:39	unanch	0	13	4	4
tests/captures/basic.rxt:43	unanch	0	15	4	4
tests/captures/basic.rxt:49	unanch	0	11	4	4
tests/captures/basic.rxt:55	unanch	0	5	2	2
tests/captures/basic.rxt:60	unanch	0	5	2	2
tests/captures/basic.rxt:65	unanch	0	5	2	2
tests/captures/basic.rxt:69	unanch	0	5	2	2
tests/captures/basic.rxt:73	unanch	0	13	4	4
tests/captures/basic.rxt:79	unanch	0	13	4	4
tests/captures/basic.rxt:86	unanch	0	34	6	7
tests/captures/basic.rxt:93	unanch	0	11	3	3
tests/captures/classes_trie_bounded.rxt:48	unanch	0	5	2	2
tests/captures/classes_trie_bounded.rxt:55	unanch	0	5	2	2
tests/captures/classes_trie_bounded.rxt:61	unanch	0	11	4	4
tests/captures/classes_trie_bounded.rxt:68	unanch	0	15	4	4
tests/captures/classes_trie_bounded.rxt:76	unanch	0	5	2	2
tests/captures/classes_trie_bounded.rxt:86	unanch	0	30	6	9
tests/captures/classes_trie_bounded.rxt:102	unanch	0	79	12	12
tests/captures/classes_trie_bounded.rxt:112	unanch	0	4547	66	66
tests/captures/participation_and_zerowidth.rxt:6	unanch	0	5	2	2
tests/captures/participation_and_zerowidth.rxt:17	unanch	0	28	7	7
tests/captures/participation_and_zerowidth.rxt:26	unanch	0	5	2	2
tests/captures/participation_and_zerowidth.rxt:35	unanch	0	6	3	3
tests/captures/participation_and_zerowidth.rxt:42	unanch	0	13	4	4
tests/captures/participation_and_zerowidth.rxt:53	unanch	0	7	2	2
tests/captures/participation_and_zerowidth.rxt:66	unanch	0	15	4	4
tests/captures/participation_and_zerowidth.rxt:81	unanch	0	5	2	2
tests/captures/participation_and_zerowidth.rxt:87	none	0	0	0	0
tests/captures/participation_and_zerowidth.rxt:100	none	0	0	0	0
tests/captures/participation_and_zerowidth.rxt:106	unanch	0	9	3	3
tests/captures/participation_and_zerowidth.rxt:112	none	0	0	0	0
tests/captures/participation_and_zerowidth.rxt:118	none	0	0	0	0
tests/captures/participation_and_zerowidth.rxt:124	none	0	0	0	0
tests/captures/participation_and_zerowidth.rxt:139	none	0	0	0	0
tests/captures/participation_and_zerowidth.rxt:147	unanch	0	13	4	4
tests/captures/priority_and_iteration.rxt:6	unanch	0	5	2	3
tests/captures/priority_and_iteration.rxt:12	unanch	0	6	3	3
tests/captures/priority_and_iteration.rxt:18	unanch	0	26	7	6
tests/captures/priority_and_iteration.rxt:25	unanch	0	34	7	6
tests/captures/priority_and_iteration.rxt:33	unanch	0	10	3	4
tests/captures/priority_and_iteration.rxt:40	attempt	0	2	4	0
tests/captures/priority_and_iteration.rxt:49	unanch	0	7	2	2
tests/captures/priority_and_iteration.rxt:55	unanch	0	6	2	2
tests/captures/priority_and_iteration.rxt:61	unanch	0	11	4	4
tests/captures/priority_and_iteration.rxt:68	unanch	0	5	2	2
tests/captures/priority_and_iteration.rxt:79	unanch	0	6	3	3
tests/captures/priority_and_iteration.rxt:85	unanch	0	7	2	2
tests/captures/priority_and_iteration.rxt:91	unanch	0	5	2	2
tests/captures/priority_and_iteration.rxt:97	unanch	0	11	4	4
tests/captures/priority_and_iteration.rxt:103	unanch	0	5	2	2
tests/captures/priority_and_iteration.rxt:109	none	0	0	0	0
tests/captures/priority_and_iteration.rxt:115	none	0	0	0	0
tests/captures/priority_and_iteration.rxt:121	none	0	0	0	0
tests/captures/priority_and_iteration.rxt:127	none	0	0	0	0
tests/captures/priority_and_iteration.rxt:133	unanch	0	11	5	5
tests/captures/priority_and_iteration.rxt:139	unanch	0	9	3	5
tests/captures/priority_and_iteration.rxt:145	unanch	0	15	7	7
tests/captures/priority_and_iteration.rxt:151	unanch	0	16	4	4
tests/captures/priority_and_iteration.rxt:157	unanch	0	10	2	3
tests/captures/priority_and_iteration.rxt:164	unanch	0	15	3	3
tests/captures/priority_and_iteration.rxt:171	unanch	0	12	4	4
tests/captures/priority_and_iteration.rxt:177	unanch	0	0	1	1
tests/captures/priority_and_iteration.rxt:183	unanch	0	5	2	2
tests/captures/priority_and_iteration.rxt:189	unanch	0	4	2	2
tests/captures/priority_and_iteration.rxt:195	unanch	0	9	3	3
tests/captures/priority_and_iteration.rxt:201	attempt	0	4	3	0
tests/captures/structure_anchors_misc.rxt:7	unanch	0	9	4	3
tests/captures/structure_anchors_misc.rxt:13	unanch	0	5	2	2
tests/captures/structure_anchors_misc.rxt:20	unanch	0	7	3	3
tests/captures/structure_anchors_misc.rxt:27	attempt	0	1	2	0
tests/captures/structure_anchors_misc.rxt:33	unanch	0	7	3	3
tests/captures/structure_anchors_misc.rxt:39	unanch	0	11	3	3
tests/captures/structure_anchors_misc.rxt:46	unanch	0	11	4	4
tests/captures/structure_anchors_misc.rxt:54	unanch	0	3	2	2
tests/captures/structure_anchors_misc.rxt:62	unanch	0	11	4	4
tests/captures/structure_anchors_misc.rxt:71	unanch	0	23	7	7
tests/captures/structure_anchors_misc.rxt:79	unanch	0	11	4	4
tests/captures/structure_anchors_misc.rxt:87	unanch	0	11	4	4
tests/captures/structure_anchors_misc.rxt:95	unanch	0	19	6	6
tests/captures/structure_anchors_misc.rxt:103	unanch	0	12	4	4
tests/captures/structure_anchors_misc.rxt:111	unanch	0	12	4	4
tests/captures/structure_anchors_misc.rxt:118	unanch	0	12	4	4
tests/captures/structure_anchors_misc.rxt:125	unanch	0	12	4	4
tests/captures/structure_anchors_misc.rxt:131	unanch	0	12	4	4
tests/captures/structure_anchors_misc.rxt:140	unanch	0	17	6	6
tests/captures/structure_anchors_misc.rxt:146	unanch	0	25	7	7
tests/captures/structure_anchors_misc.rxt:153	unanch	0	15	5	5
tests/captures/structure_anchors_misc.rxt:160	unanch	0	11	4	4
tests/captures/structure_anchors_misc.rxt:167	unanch	0	42	10	10
tests/captures/structure_anchors_misc.rxt:175	unanch	0	11	4	4
tests/captures/structure_anchors_misc.rxt:182	unanch	0	5	2	2
tests/captures/structure_anchors_misc.rxt:189	unanch	0	11	4	4
tests/classes/classes.rxt:17	unanch	0	7	2	2
tests/classes/classes.rxt:23	unanch	0	7	2	2
tests/classes/classes.rxt:28	unanch	0	7	2	2
tests/classes/classes.rxt:32	unanch	0	7	2	2
tests/classes/classes.rxt:36	unanch	0	12	3	3
tests/classes/classes.rxt:40	unanch	0	7	2	2
tests/classes/classes.rxt:44	unanch	0	7	2	2
tests/classes/classes.rxt:48	unanch	0	7	2	2
tests/classes/classes.rxt:52	unanch	0	7	2	2
tests/classes/classes.rxt:56	unanch	0	7	2	2
tests/classes/classes.rxt:60	unanch	0	5	2	2
tests/classes/classes.rxt:64	unanch	0	12	4	4
tests/classes/classes.rxt:68	unanch	0	7	2	2
tests/classes/classes.rxt:72	unanch	0	7	2	2
tests/classes/classes.rxt:80	unanch	0	7	2	2
tests/classes/classes.rxt:85	unanch	0	7	2	2
tests/classes/classes.rxt:90	unanch	0	7	2	2
tests/classes/classes.rxt:95	unanch	0	7	2	2
tests/classes/classes.rxt:100	unanch	0	7	2	2
tests/classes/classes.rxt:105	unanch	0	7	2	2
tests/classes/classes.rxt:112	unanch	0	7	2	2
tests/classes/classes.rxt:117	unanch	0	7	2	2
tests/classes/classes.rxt:122	unanch	0	7	2	2
tests/classes/classes.rxt:127	unanch	0	7	2	2
tests/classes/classes.rxt:132	unanch	0	7	2	2
tests/classes/classes.rxt:137	unanch	0	7	2	2
tests/classes/classes.rxt:142	unanch	0	7	2	2
tests/classes/classes.rxt:147	attempt	0	2	2	0
tests/classes/classes.rxt:160	unanch	0	7	2	2
tests/classes/classes.rxt:165	unanch	0	7	2	2
tests/classes/classes.rxt:170	unanch	0	7	2	2
tests/classes/classes.rxt:175	unanch	0	7	2	2
tests/classes/classes.rxt:180	unanch	0	7	2	2
tests/classes/classes.rxt:185	unanch	0	7	2	2
tests/classes/classes.rxt:190	unanch	0	7	2	2
tests/classes/classes.rxt:195	unanch	0	7	2	2
tests/classes/classes.rxt:200	unanch	0	7	2	2
tests/classes/classes.rxt:205	unanch	0	7	2	2
tests/classes/classes.rxt:212	attempt	0	1	3	0
tests/classes/classes.rxt:218	attempt	0	1	3	0
tests/classes/classes.rxt:226	attempt	0	1	3	0
tests/classes/classes.rxt:238	attempt	0	4	6	0
tests/classes/classes.rxt:245	unanch	0	9	3	3
tests/classes/classes.rxt:249	none	1	0	0	0
tests/classes/classes.rxt:253	none	1	0	0	0
tests/classes/classes.rxt:259	none	1	0	0	0
tests/classes/classes.rxt:263	none	1	0	0	0
tests/classes/classes.rxt:267	none	1	0	0	0
tests/classes/classes.rxt:272	none	1	0	0	0
tests/classes/classes.rxt:277	none	1	0	0	0
tests/classes/classes.rxt:282	none	1	0	0	0
tests/classes/classes.rxt:298	unanch	0	7	2	2
tests/classes/classes.rxt:301	unanch	0	12	3	3
tests/classes/classes.rxt:305	unanch	0	7	2	2
tests/classes/multi_chain.rxt:11	unanch	0	125	21	21
tests/classes/multi_chain.rxt:19	unanch	0	106	17	17
tests/classes/multi_chain.rxt:33	unanch	0	145	25	25
tests/counterk/counterk.rxt:15	unanch	0	149	16	16
tests/counterk/counterk.rxt:93	unanch	0	182	18	18
tests/counterk/counterk.rxt:169	unanch	0	218	20	20
tests/counterk/counterk.rxt:246	unanch	0	344	26	26
tests/counterk/counterk.rxt:323	unanch	0	497	32	32
tests/counterk/counterk.rxt:399	unanch	0	554	34	34
tests/counterk/counterk.rxt:475	unanch	0	614	36	36
tests/counterk/counterk.rxt:554	unanch	0	330	25	26
tests/counterk/counterk.rxt:630	unanch	0	595	35	36
tests/counterk/counterk.rxt:708	unanch	0	321	26	26
tests/counterk/counterk.rxt:745	unanch	0	523	34	34
tests/counterk/counterk.rxt:779	unanch	0	581	36	36
tests/counterk/counterk.rxt:815	unanch	0	597	36	36
tests/counterk/counterk.rxt:855	unanch	0	722	40	40
tests/counterk/counterk.rxt:891	unanch	0	578	35	36
tests/counterk/counterk.rxt:933	unanch	0	121	37	26
tests/counterk/counterk.rxt:991	unanch	0	171	52	36
tests/counterk/counterk.rxt:1054	unanch	0	261	14	14
tests/counterk/counterk.rxt:1099	unanch	0	27	2	2
tests/counterk/counterk.rxt:1149	unanch	0	93	2	14
tests/counterk/counterk.rxt:1259	unanch	0	1315	110	110
tests/counterk/counterk.rxt:1289	unanch	0	507	38	38
tests/counterk/counterk.rxt:1324	unanch	0	445	36	36
tests/counterk/counterk.rxt:1366	unanch	0	369	26	26
tests/counterk/counterk.rxt:1417	unanch	0	824	42	42
tests/counterk/counterk.rxt:1444	unanch	0	345	26	26
tests/counterk/counterk.rxt:1473	unanch	0	16052	202	202
tests/counterk/counterk.rxt:1551	unanch	0	380252	1002	1002
tests/counterk/counterk.rxt:1631	unanch	0	6306809	4096	4096
tests/counterk/counterk.rxt:1725	unanch	0	24042002	8002	8002
tests/counterk/counterk.rxt:1807	unanch	0	24034003	8002	8002
tests/counterk/counterk.rxt:1845	unanch	0	24050003	8002	8002
tests/counterk/counterk.rxt:1901	unanch	0	5795	252	122
tests/counterk/counterk.rxt:1917	unanch	0	5283	98	74
tests/counterk/counterk.rxt:1928	unanch	0	1449	70	70
tests/counterk/counterk.rxt:1939	unanch	0	6289	268	122
tests/counterk/counterk.rxt:1951	unanch	0	285	30	26
tests/counterk/counterk.rxt:1966	unanch	0	1452	86	74
tests/harness/giveup.rxt:19	unanch	0	5	2	2
tests/harness/giveup.rxt:25	unanch	0	7	2	2
tests/island/island.rxt:22	unanch	0	41	7	8
tests/island/island.rxt:33	unanch	0	4	2	2
tests/island/island.rxt:42	unanch	0	13	4	5
tests/island/island.rxt:51	unanch	0	6	2	3
tests/island/island.rxt:59	unanch	0	8	3	3
tests/island/island.rxt:68	unanch	0	17	5	5
tests/island/island.rxt:80	unanch	0	33	6	6
tests/island/island.rxt:90	unanch	0	15	3	6
tests/island/island.rxt:101	unanch	0	13	3	4
tests/island/island.rxt:108	unanch	0	30	5	5
tests/island/island.rxt:116	unanch	0	11	3	3
tests/island/island.rxt:124	unanch	0	30	7	7
tests/island/island.rxt:135	unanch	0	38	8	8
tests/island/island.rxt:148	unanch	0	55	11	11
tests/island/island.rxt:155	unanch	0	27	5	10
tests/island/island.rxt:164	unanch	0	44	6	6
tests/island/island.rxt:172	unanch	0	10	3	3
tests/island/island.rxt:179	unanch	0	5	2	2
tests/island/island.rxt:189	unanch	0	20	4	4
tests/island/island.rxt:195	attempt	0	3	3	0
tests/island/island.rxt:207	unanch	0	27	5	5
tests/island/island_caseless.rxt:15	unanch	0	31	6	6
tests/known_fail/k34_leftrec_giveup.rxt:35	none	0	0	0	0
tests/known_fail/k34_leftrec_giveup.rxt:40	none	0	0	0	0
tests/known_fail/k34_leftrec_giveup.rxt:49	none	0	0	0	0
tests/lookaround/alpha_spellings.rxt:38	unanch	0	3	2	2
tests/lookaround/alpha_spellings.rxt:53	unanch	0	3	2	2
tests/lookaround/alpha_spellings.rxt:68	unanch	0	3	2	2
tests/lookaround/alpha_spellings.rxt:84	unanch	0	3	2	2
tests/lookaround/alpha_spellings.rxt:99	unanch	0	3	2	2
tests/lookaround/alpha_spellings.rxt:115	unanch	0	3	2	2
tests/lookaround/alpha_spellings.rxt:129	unanch	0	3	2	2
tests/lookaround/alpha_spellings.rxt:144	unanch	0	3	2	2
tests/lookaround/alpha_spellings.rxt:158	unanch	0	3	2	2
tests/lookaround/alpha_spellings.rxt:173	unanch	0	3	2	2
tests/lookaround/alpha_spellings.rxt:188	unanch	0	3	2	2
tests/lookaround/alpha_spellings.rxt:204	unanch	0	3	2	2
tests/lookaround/alpha_spellings.rxt:219	none	0	0	0	0
tests/lookaround/alpha_spellings.rxt:232	none	0	0	0	0
tests/lookaround/alpha_spellings.rxt:244	none	0	0	0	0
tests/lookaround/alpha_spellings.rxt:257	none	0	0	0	0
tests/lookaround/alpha_spellings.rxt:267	none	0	0	0	0
tests/lookaround/alpha_spellings.rxt:277	none	0	0	0	0
tests/lookaround/alpha_spellings.rxt:289	none	0	0	0	0
tests/lookaround/alpha_spellings.rxt:303	none	0	0	0	0
tests/lookaround/alpha_spellings.rxt:320	unanch	0	3	2	2
tests/lookaround/alpha_spellings.rxt:336	unanch	0	3	2	2
tests/lookaround/alpha_spellings.rxt:346	unanch	0	3	2	2
tests/lookaround/alpha_spellings.rxt:356	unanch	0	3	2	2
tests/lookaround/alpha_spellings.rxt:369	none	1	0	0	0
tests/lookaround/alpha_spellings.rxt:380	none	1	0	0	0
tests/lookaround/captures.rxt:34	unanch	0	3	2	2
tests/lookaround/captures.rxt:43	unanch	0	5	2	2
tests/lookaround/captures.rxt:56	unanch	0	7	3	3
tests/lookaround/captures.rxt:64	unanch	0	3	2	2
tests/lookaround/captures.rxt:71	unanch	0	7	3	3
tests/lookaround/captures.rxt:81	none	0	0	0	0
tests/lookaround/captures.rxt:88	unanch	0	7	3	3
tests/lookaround/captures.rxt:94	attempt	0	1	3	0
tests/lookaround/captures.rxt:100	attempt	0	1	3	0
tests/lookaround/captures.rxt:107	attempt	0	1	3	0
tests/lookaround/captures.rxt:113	unanch	0	3	2	2
tests/lookaround/d27/adversarial.rxt:11	unanch	0	9	3	3
tests/lookaround/d27/adversarial.rxt:19	unanch	0	7	3	3
tests/lookaround/d27/adversarial.rxt:38	none	0	0	0	0
tests/lookaround/d27/adversarial.rxt:50	none	0	0	0	0
tests/lookaround/d27/adversarial.rxt:59	unanch	0	3	2	2
tests/lookaround/d27/adversarial.rxt:69	unanch	0	3	2	2
tests/lookaround/d27/adversarial.rxt:77	unanch	0	3	2	2
tests/lookaround/d27/adversarial.rxt:84	unanch	0	3	2	2
tests/lookaround/d27/adversarial.rxt:92	unanch	0	3	2	2
tests/lookaround/d27/adversarial.rxt:103	unanch	0	5	2	2
tests/lookaround/d27/adversarial.rxt:117	unanch	0	9	2	2
tests/lookaround/d27/expansions.rxt:13	unanch	0	7	3	3
tests/lookaround/d27/expansions.rxt:23	attempt	0	1	2	0
tests/lookaround/d27/expansions.rxt:33	unanch	0	3	2	2
tests/lookaround/d27/expansions.rxt:42	unanch	0	7	3	3
tests/lookaround/d27/longsubject.rxt:8	unanch	0	3	2	2
tests/lookaround/d27/longsubject.rxt:20	unanch	0	3	2	2
tests/lookaround/d27/matrix.rxt:13	unanch	0	3	2	2
tests/lookaround/d27/matrix.rxt:20	unanch	0	3	2	2
tests/lookaround/d27/matrix.rxt:27	unanch	0	7	3	3
tests/lookaround/d27/matrix.rxt:34	unanch	0	5	2	2
tests/lookaround/d27/matrix.rxt:41	unanch	0	3	2	2
tests/lookaround/d27/matrix.rxt:48	unanch	0	3	2	2
tests/lookaround/d27/matrix.rxt:58	unanch	0	3	2	2
tests/lookaround/d27/matrix.rxt:65	unanch	0	3	2	2
tests/lookaround/d27/matrix.rxt:72	unanch	0	3	2	2
tests/lookaround/d27/matrix.rxt:79	unanch	0	7	3	3
tests/lookaround/d27/matrix.rxt:86	unanch	0	5	2	2
tests/lookaround/d27/matrix.rxt:93	unanch	0	3	2	2
tests/lookaround/d27/matrix.rxt:100	unanch	0	3	2	2
tests/lookaround/d27/matrix.rxt:107	unanch	0	3	2	2
tests/lookaround/d27/matrix.rxt:114	unanch	0	3	2	2
tests/lookaround/d27/matrix.rxt:121	unanch	0	3	2	2
tests/lookaround/d27/matrix.rxt:128	unanch	0	7	3	3
tests/lookaround/d27/matrix.rxt:135	unanch	0	5	2	2
tests/lookaround/d27/matrix.rxt:142	unanch	0	3	2	2
tests/lookaround/d27/matrix.rxt:149	unanch	0	3	2	2
tests/lookaround/d27/matrix.rxt:156	unanch	0	3	2	2
tests/lookaround/d27/matrix.rxt:163	unanch	0	3	2	2
tests/lookaround/d27/matrix.rxt:170	unanch	0	3	2	2
tests/lookaround/d27/matrix.rxt:177	unanch	0	7	3	3
tests/lookaround/d27/matrix.rxt:184	unanch	0	5	2	2
tests/lookaround/d27/matrix.rxt:191	unanch	0	3	2	2
tests/lookaround/d27/matrix.rxt:198	unanch	0	3	2	2
tests/lookaround/d27/matrix.rxt:205	unanch	0	3	2	2
tests/lookaround/d27/matrix.rxt:212	unanch	0	3	2	2
tests/lookaround/d27/matrix.rxt:219	unanch	0	3	2	2
tests/lookaround/d27/matrix.rxt:226	unanch	0	7	3	3
tests/lookaround/d27/matrix.rxt:233	unanch	0	5	2	2
tests/lookaround/d27/matrix.rxt:240	unanch	0	3	2	2
tests/lookaround/d27/matrix.rxt:247	unanch	0	3	2	2
tests/lookaround/d27/matrix.rxt:254	unanch	0	3	2	2
tests/lookaround/d27/matrix.rxt:261	unanch	0	3	2	2
tests/lookaround/d27/matrix.rxt:268	unanch	0	3	2	2
tests/lookaround/d27/matrix.rxt:275	unanch	0	7	3	3
tests/lookaround/d27/matrix.rxt:282	unanch	0	5	2	2
tests/lookaround/d27/matrix.rxt:289	unanch	0	3	2	2
tests/lookaround/d27/matrix.rxt:296	unanch	0	3	2	2
tests/lookaround/d27/matrix.rxt:303	unanch	0	3	2	2
tests/lookaround/d27/matrix.rxt:310	unanch	0	3	2	2
tests/lookaround/d27/matrix.rxt:317	unanch	0	3	2	2
tests/lookaround/d27/matrix.rxt:327	unanch	0	7	3	3
tests/lookaround/d27/matrix.rxt:334	unanch	0	5	2	2
tests/lookaround/d27/matrix.rxt:344	unanch	0	3	2	2
tests/lookaround/d27/matrix.rxt:354	unanch	0	3	2	2
tests/lookaround/d27/matrix.rxt:361	unanch	0	3	2	2
tests/lookaround/d27/matrix.rxt:368	unanch	0	3	2	2
tests/lookaround/d27/matrix.rxt:375	unanch	0	3	2	2
tests/lookaround/d27/matrix.rxt:382	unanch	0	7	3	3
tests/lookaround/d27/matrix.rxt:389	unanch	0	5	2	2
tests/lookaround/d27/matrix.rxt:396	unanch	0	3	2	2
tests/lookaround/d27/matrix.rxt:403	unanch	0	3	2	2
tests/lookaround/d27/matrix.rxt:410	unanch	0	3	2	2
tests/lookaround/d27/matrix.rxt:417	none	0	0	0	0
tests/lookaround/d27/matrix.rxt:424	none	0	0	0	0
tests/lookaround/d27/matrix.rxt:434	none	0	0	0	0
tests/lookaround/d27/matrix.rxt:441	none	0	0	0	0
tests/lookaround/d27/matrix.rxt:451	none	0	0	0	0
tests/lookaround/d27/matrix.rxt:461	none	0	0	0	0
tests/lookaround/d27/matrix.rxt:468	none	0	0	0	0
tests/lookaround/d27/matrix.rxt:475	unanch	0	3	2	2
tests/lookaround/d27/matrix.rxt:482	unanch	0	3	2	2
tests/lookaround/d27/matrix.rxt:489	unanch	0	7	3	3
tests/lookaround/d27/matrix.rxt:496	unanch	0	5	2	2
tests/lookaround/d27/matrix.rxt:503	unanch	0	3	2	2
tests/lookaround/d27/matrix.rxt:510	unanch	0	3	2	2
tests/lookaround/d27/matrix.rxt:517	unanch	0	3	2	2
tests/lookaround/d27/matrix.rxt:524	unanch	0	3	2	2
tests/lookaround/d27/matrix.rxt:531	unanch	0	3	2	2
tests/lookaround/d27/matrix.rxt:538	unanch	0	7	3	3
tests/lookaround/d27/matrix.rxt:545	unanch	0	5	2	2
tests/lookaround/d27/matrix.rxt:552	unanch	0	3	2	2
tests/lookaround/d27/matrix.rxt:559	unanch	0	3	2	2
tests/lookaround/d27/matrix.rxt:569	unanch	0	3	2	2
tests/lookaround/d27/matrix.rxt:576	unanch	0	3	2	2
tests/lookaround/d27/matrix.rxt:583	unanch	0	3	2	2
tests/lookaround/d27/matrix.rxt:590	unanch	0	7	3	3
tests/lookaround/d27/matrix.rxt:597	unanch	0	5	2	2
tests/lookaround/d27/matrix.rxt:604	unanch	0	3	2	2
tests/lookaround/d27/matrix.rxt:611	unanch	0	3	2	2
tests/lookaround/d27/matrix.rxt:621	unanch	0	3	2	2
tests/lookaround/d27/matrix.rxt:628	unanch	0	3	2	2
tests/lookaround/d27/matrix.rxt:635	unanch	0	3	2	2
tests/lookaround/d27/matrix.rxt:642	unanch	0	7	3	3
tests/lookaround/d27/matrix.rxt:649	unanch	0	5	2	2
tests/lookaround/d27/matrix.rxt:656	unanch	0	3	2	2
tests/lookaround/d27/matrix.rxt:663	unanch	0	3	2	2
tests/lookaround/d27/matrix.rxt:673	unanch	0	3	2	2
tests/lookaround/d27/matrix.rxt:680	unanch	0	3	2	2
tests/lookaround/d27/matrix.rxt:687	unanch	0	3	2	2
tests/lookaround/d27/matrix.rxt:694	unanch	0	7	3	3
tests/lookaround/d27/matrix.rxt:701	unanch	0	5	2	2
tests/lookaround/d27/matrix.rxt:708	unanch	0	3	2	2
tests/lookaround/d27/matrix.rxt:715	unanch	0	3	2	2
tests/lookaround/d27/matrix.rxt:725	unanch	0	3	2	2
tests/lookaround/d27/matrix.rxt:732	unanch	0	3	2	2
tests/lookaround/d27/matrix.rxt:739	unanch	0	3	2	2
tests/lookaround/d27/matrix.rxt:746	unanch	0	7	3	3
tests/lookaround/d27/matrix.rxt:753	unanch	0	5	2	2
tests/lookaround/d27/matrix.rxt:760	unanch	0	3	2	2
tests/lookaround/d27/matrix.rxt:767	unanch	0	3	2	2
tests/lookaround/d27/matrix.rxt:777	unanch	0	3	2	2
tests/lookaround/d27/matrix.rxt:784	unanch	0	3	2	2
tests/lookaround/d27/matrix.rxt:794	unanch	0	3	2	2
tests/lookaround/d27/matrix.rxt:804	unanch	0	7	3	3
tests/lookaround/d27/matrix.rxt:814	unanch	0	5	2	2
tests/lookaround/d27/matrix.rxt:824	unanch	0	3	2	2
tests/lookaround/d27/matrix.rxt:834	unanch	0	3	2	2
tests/lookaround/d27/matrix.rxt:847	unanch	0	3	2	2
tests/lookaround/d27/matrix.rxt:857	unanch	0	3	2	2
tests/lookaround/d27/matrix.rxt:864	unanch	0	3	2	2
tests/lookaround/d27/matrix.rxt:871	unanch	0	7	3	3
tests/lookaround/d27/matrix.rxt:878	unanch	0	5	2	2
tests/lookaround/d27/matrix.rxt:885	unanch	0	3	2	2
tests/lookaround/d27/matrix.rxt:892	unanch	0	3	2	2
tests/lookaround/d27/matrix.rxt:902	unanch	0	3	2	2
tests/lookaround/d27/matrix.rxt:909	none	0	0	0	0
tests/lookaround/d27/matrix.rxt:919	none	0	0	0	0
tests/lookaround/d27/matrix.rxt:929	none	0	0	0	0
tests/lookaround/d27/matrix.rxt:939	none	0	0	0	0
tests/lookaround/d27/matrix.rxt:949	none	0	0	0	0
tests/lookaround/d27/matrix.rxt:959	none	0	0	0	0
tests/lookaround/d27/matrix.rxt:972	none	0	0	0	0
tests/lookaround/d27/matrix.rxt:982	unanch	0	3	2	2
tests/lookaround/d27/matrix.rxt:990	unanch	0	3	2	2
tests/lookaround/d27/matrix.rxt:998	unanch	0	7	3	3
tests/lookaround/d27/matrix.rxt:1006	unanch	0	5	2	2
tests/lookaround/d27/matrix.rxt:1014	unanch	0	3	2	2
tests/lookaround/d27/matrix.rxt:1022	unanch	0	3	2	2
tests/lookaround/d27/matrix.rxt:1034	unanch	0	3	2	2
tests/lookaround/d27/matrix.rxt:1042	unanch	0	3	2	2
tests/lookaround/d27/matrix.rxt:1050	unanch	0	3	2	2
tests/lookaround/d27/matrix.rxt:1057	unanch	0	7	3	3
tests/lookaround/d27/matrix.rxt:1064	unanch	0	5	2	2
tests/lookaround/d27/matrix.rxt:1072	unanch	0	3	2	2
tests/lookaround/d27/matrix.rxt:1080	unanch	0	3	2	2
tests/lookaround/d27/matrix.rxt:1092	unanch	0	3	2	2
tests/lookaround/d27/matrix.rxt:1100	unanch	0	3	2	2
tests/lookaround/d27/matrix.rxt:1108	unanch	0	3	2	2
tests/lookaround/d27/matrix.rxt:1115	unanch	0	7	3	3
tests/lookaround/d27/matrix.rxt:1122	unanch	0	5	2	2
tests/lookaround/d27/matrix.rxt:1130	unanch	0	3	2	2
tests/lookaround/d27/matrix.rxt:1138	unanch	0	3	2	2
tests/lookaround/d27/matrix.rxt:1150	unanch	0	3	2	2
tests/lookaround/d27/matrix.rxt:1158	unanch	0	3	2	2
tests/lookaround/d27/matrix.rxt:1166	unanch	0	3	2	2
tests/lookaround/d27/matrix.rxt:1173	unanch	0	7	3	3
tests/lookaround/d27/matrix.rxt:1180	unanch	0	5	2	2
tests/lookaround/d27/matrix.rxt:1188	unanch	0	3	2	2
tests/lookaround/d27/matrix.rxt:1196	unanch	0	3	2	2
tests/lookaround/d27/matrix.rxt:1206	unanch	0	3	2	2
tests/lookaround/d27/matrix.rxt:1214	unanch	0	3	2	2
tests/lookaround/d27/matrix.rxt:1222	unanch	0	3	2	2
tests/lookaround/d27/matrix.rxt:1229	unanch	0	7	3	3
tests/lookaround/d27/matrix.rxt:1236	unanch	0	5	2	2
tests/lookaround/d27/matrix.rxt:1244	unanch	0	3	2	2
tests/lookaround/d27/matrix.rxt:1252	unanch	0	3	2	2
tests/lookaround/d27/matrix.rxt:1264	unanch	0	3	2	2
tests/lookaround/d27/matrix.rxt:1273	unanch	0	3	2	2
tests/lookaround/d27/matrix.rxt:1282	unanch	0	3	2	2
tests/lookaround/d27/matrix.rxt:1290	unanch	0	7	3	3
tests/lookaround/d27/matrix.rxt:1298	unanch	0	5	2	2
tests/lookaround/d27/matrix.rxt:1307	unanch	0	3	2	2
tests/lookaround/d27/matrix.rxt:1316	unanch	0	3	2	2
tests/lookaround/d27/matrix.rxt:1329	unanch	0	3	2	2
tests/lookaround/d27/matrix.rxt:1337	unanch	0	3	2	2
tests/lookaround/d27/matrix.rxt:1349	unanch	0	3	2	2
tests/lookaround/d27/matrix.rxt:1356	unanch	0	7	3	3
tests/lookaround/d27/matrix.rxt:1363	unanch	0	5	2	2
tests/lookaround/d27/matrix.rxt:1375	unanch	0	3	2	2
tests/lookaround/d27/matrix.rxt:1387	unanch	0	3	2	2
tests/lookaround/d27/matrix.rxt:1403	unanch	0	3	2	2
tests/lookaround/d27/matrix.rxt:1415	unanch	0	3	2	2
tests/lookaround/d27/matrix.rxt:1423	unanch	0	3	2	2
tests/lookaround/d27/matrix.rxt:1430	unanch	0	7	3	3
tests/lookaround/d27/matrix.rxt:1437	unanch	0	5	2	2
tests/lookaround/d27/matrix.rxt:1445	unanch	0	3	2	2
tests/lookaround/d27/matrix.rxt:1453	unanch	0	3	2	2
tests/lookaround/d27/matrix.rxt:1465	unanch	0	3	2	2
tests/lookaround/d27/matrix.rxt:1473	unanch	0	3	2	2
tests/lookaround/d27/matrix.rxt:1480	unanch	0	3	2	2
tests/lookaround/d27/matrix.rxt:1487	unanch	0	7	3	3
tests/lookaround/d27/matrix.rxt:1494	unanch	0	5	2	2
tests/lookaround/d27/matrix.rxt:1502	unanch	0	3	2	2
tests/lookaround/d27/matrix.rxt:1510	unanch	0	3	2	2
tests/lookaround/d27/matrix.rxt:1517	unanch	0	3	2	2
tests/lookaround/d27/matrix.rxt:1524	unanch	0	3	2	2
tests/lookaround/d27/matrix.rxt:1532	unanch	0	3	2	2
tests/lookaround/d27/matrix.rxt:1540	unanch	0	7	3	3
tests/lookaround/d27/matrix.rxt:1548	unanch	0	5	2	2
tests/lookaround/d27/matrix.rxt:1556	unanch	0	3	2	2
tests/lookaround/d27/matrix.rxt:1564	unanch	0	3	2	2
tests/lookaround/d27/matrix.rxt:1576	unanch	0	3	2	2
tests/lookaround/d27/matrix.rxt:1584	unanch	0	3	2	2
tests/lookaround/d27/matrix.rxt:1592	unanch	0	3	2	2
tests/lookaround/d27/matrix.rxt:1600	unanch	0	7	3	3
tests/lookaround/d27/matrix.rxt:1608	unanch	0	5	2	2
tests/lookaround/d27/matrix.rxt:1616	unanch	0	3	2	2
tests/lookaround/d27/matrix.rxt:1624	unanch	0	3	2	2
tests/lookaround/d27/matrix.rxt:1636	unanch	0	3	2	2
tests/lookaround/d27/matrix.rxt:1644	unanch	0	3	2	2
tests/lookaround/d27/matrix.rxt:1652	unanch	0	3	2	2
tests/lookaround/d27/matrix.rxt:1660	unanch	0	7	3	3
tests/lookaround/d27/matrix.rxt:1668	unanch	0	5	2	2
tests/lookaround/d27/matrix.rxt:1676	unanch	0	3	2	2
tests/lookaround/d27/matrix.rxt:1684	unanch	0	3	2	2
tests/lookaround/d27/matrix.rxt:1696	unanch	0	3	2	2
tests/lookaround/d27/matrix.rxt:1704	unanch	0	3	2	2
tests/lookaround/d27/matrix.rxt:1712	unanch	0	3	2	2
tests/lookaround/d27/matrix.rxt:1720	unanch	0	7	3	3
tests/lookaround/d27/matrix.rxt:1728	unanch	0	5	2	2
tests/lookaround/d27/matrix.rxt:1736	unanch	0	3	2	2
tests/lookaround/d27/matrix.rxt:1744	unanch	0	3	2	2
tests/lookaround/d27/matrix.rxt:1756	unanch	0	3	2	2
tests/lookaround/d27/matrix.rxt:1765	unanch	0	3	2	2
tests/lookaround/d27/matrix.rxt:1774	unanch	0	3	2	2
tests/lookaround/d27/matrix.rxt:1783	unanch	0	7	3	3
tests/lookaround/d27/matrix.rxt:1792	unanch	0	5	2	2
tests/lookaround/d27/matrix.rxt:1801	unanch	0	3	2	2
tests/lookaround/d27/matrix.rxt:1810	unanch	0	3	2	2
tests/lookaround/d27/matrix.rxt:1823	unanch	0	3	2	2
tests/lookaround/d27/matrix.rxt:1831	unanch	0	3	2	2
tests/lookaround/d27/matrix.rxt:1843	unanch	0	3	2	2
tests/lookaround/d27/matrix.rxt:1855	unanch	0	7	3	3
tests/lookaround/d27/matrix.rxt:1867	unanch	0	5	2	2
tests/lookaround/d27/matrix.rxt:1879	unanch	0	3	2	2
tests/lookaround/d27/matrix.rxt:1891	unanch	0	3	2	2
tests/lookaround/d27/matrix.rxt:1907	unanch	0	3	2	2
tests/lookaround/d27/matrix.rxt:1919	unanch	0	3	2	2
tests/lookaround/d27/matrix.rxt:1927	unanch	0	3	2	2
tests/lookaround/d27/matrix.rxt:1935	unanch	0	7	3	3
tests/lookaround/d27/matrix.rxt:1943	unanch	0	5	2	2
tests/lookaround/d27/matrix.rxt:1951	unanch	0	3	2	2
tests/lookaround/d27/matrix.rxt:1959	unanch	0	3	2	2
tests/lookaround/d27/matrix.rxt:1971	unanch	0	3	2	2
tests/lookaround/d27/matrix.rxt:1980	unanch	0	3	2	2
tests/lookaround/d27/matrix.rxt:1988	unanch	0	3	2	2
tests/lookaround/d27/matrix.rxt:1996	unanch	0	7	3	3
tests/lookaround/d27/matrix.rxt:2004	unanch	0	5	2	2
tests/lookaround/d27/matrix.rxt:2012	unanch	0	3	2	2
tests/lookaround/d27/matrix.rxt:2020	unanch	0	3	2	2
tests/lookaround/d27/matrix.rxt:2031	unanch	0	3	2	2
tests/lookaround/d27/matrix.rxt:2039	unanch	0	3	2	2
tests/lookaround/d27/matrix.rxt:2047	unanch	0	3	2	2
tests/lookaround/d27/matrix.rxt:2055	unanch	0	7	3	3
tests/lookaround/d27/matrix.rxt:2063	unanch	0	5	2	2
tests/lookaround/d27/matrix.rxt:2071	unanch	0	3	2	2
tests/lookaround/d27/matrix.rxt:2079	unanch	0	3	2	2
tests/lookaround/d27/matrix.rxt:2087	unanch	0	3	2	2
tests/lookaround/d27/matrix.rxt:2095	unanch	0	3	2	2
tests/lookaround/d27/matrix.rxt:2103	unanch	0	3	2	2
tests/lookaround/d27/matrix.rxt:2111	unanch	0	7	3	3
tests/lookaround/d27/matrix.rxt:2119	unanch	0	5	2	2
tests/lookaround/d27/matrix.rxt:2127	unanch	0	3	2	2
tests/lookaround/d27/matrix.rxt:2135	unanch	0	3	2	2
tests/lookaround/d27/matrix.rxt:2143	unanch	0	3	2	2
tests/lookaround/d27/matrix.rxt:2151	unanch	0	3	2	2
tests/lookaround/d27/matrix.rxt:2159	unanch	0	3	2	2
tests/lookaround/d27/matrix.rxt:2167	unanch	0	7	3	3
tests/lookaround/d27/matrix.rxt:2175	unanch	0	5	2	2
tests/lookaround/d27/matrix.rxt:2183	unanch	0	3	2	2
tests/lookaround/d27/matrix.rxt:2191	unanch	0	3	2	2
tests/lookaround/d27/matrix.rxt:2199	unanch	0	3	2	2
tests/lookaround/d27/matrix.rxt:2207	unanch	0	3	2	2
tests/lookaround/d27/matrix.rxt:2215	unanch	0	3	2	2
tests/lookaround/d27/matrix.rxt:2223	unanch	0	7	3	3
tests/lookaround/d27/matrix.rxt:2231	unanch	0	5	2	2
tests/lookaround/d27/matrix.rxt:2239	unanch	0	3	2	2
tests/lookaround/d27/matrix.rxt:2247	unanch	0	3	2	2
tests/lookaround/d27/matrix.rxt:2255	unanch	0	3	2	2
tests/lookaround/d27/matrix.rxt:2263	unanch	0	3	2	2
tests/lookaround/d27/matrix.rxt:2271	unanch	0	3	2	2
tests/lookaround/d27/matrix.rxt:2279	unanch	0	7	3	3
tests/lookaround/d27/matrix.rxt:2287	unanch	0	5	2	2
tests/lookaround/d27/matrix.rxt:2295	unanch	0	3	2	2
tests/lookaround/d27/matrix.rxt:2303	unanch	0	3	2	2
tests/lookaround/d27/matrix.rxt:2311	unanch	0	3	2	2
tests/lookaround/d27/matrix.rxt:2319	unanch	0	3	2	2
tests/lookaround/d27/matrix.rxt:2327	unanch	0	3	2	2
tests/lookaround/d27/matrix.rxt:2338	unanch	0	7	3	3
tests/lookaround/d27/matrix.rxt:2346	unanch	0	5	2	2
tests/lookaround/d27/matrix.rxt:2357	unanch	0	3	2	2
tests/lookaround/d27/matrix.rxt:2368	unanch	0	3	2	2
tests/lookaround/d27/matrix.rxt:2376	unanch	0	3	2	2
tests/lookaround/d27/matrix.rxt:2384	unanch	0	3	2	2
tests/lookaround/d27/matrix.rxt:2392	unanch	0	3	2	2
tests/lookaround/d27/matrix.rxt:2400	unanch	0	7	3	3
tests/lookaround/d27/matrix.rxt:2408	unanch	0	5	2	2
tests/lookaround/d27/matrix.rxt:2416	unanch	0	3	2	2
tests/lookaround/d27/matrix.rxt:2424	unanch	0	3	2	2
tests/lookaround/d27/matrix.rxt:2432	unanch	0	3	2	2
tests/lookaround/d27/matrix.rxt:2440	none	0	0	0	0
tests/lookaround/d27/matrix.rxt:2448	none	0	0	0	0
tests/lookaround/d27/matrix.rxt:2459	none	0	0	0	0
tests/lookaround/d27/matrix.rxt:2467	none	0	0	0	0
tests/lookaround/d27/matrix.rxt:2478	none	0	0	0	0
tests/lookaround/d27/matrix.rxt:2489	none	0	0	0	0
tests/lookaround/d27/matrix.rxt:2497	none	0	0	0	0
tests/lookaround/d27/matrix.rxt:2505	unanch	0	3	2	2
tests/lookaround/d27/matrix.rxt:2514	unanch	0	3	2	2
tests/lookaround/d27/matrix.rxt:2523	unanch	0	7	3	3
tests/lookaround/d27/matrix.rxt:2532	unanch	0	5	2	2
tests/lookaround/d27/matrix.rxt:2541	unanch	0	3	2	2
tests/lookaround/d27/matrix.rxt:2550	unanch	0	3	2	2
tests/lookaround/d27/matrix.rxt:2563	unanch	0	3	2	2
tests/lookaround/d27/matrix.rxt:2572	unanch	0	3	2	2
tests/lookaround/d27/matrix.rxt:2581	unanch	0	3	2	2
tests/lookaround/d27/matrix.rxt:2589	unanch	0	7	3	3
tests/lookaround/d27/matrix.rxt:2597	unanch	0	5	2	2
tests/lookaround/d27/matrix.rxt:2606	unanch	0	3	2	2
tests/lookaround/d27/matrix.rxt:2615	unanch	0	3	2	2
tests/lookaround/d27/matrix.rxt:2628	unanch	0	3	2	2
tests/lookaround/d27/matrix.rxt:2637	unanch	0	3	2	2
tests/lookaround/d27/matrix.rxt:2646	unanch	0	3	2	2
tests/lookaround/d27/matrix.rxt:2654	unanch	0	7	3	3
tests/lookaround/d27/matrix.rxt:2662	unanch	0	5	2	2
tests/lookaround/d27/matrix.rxt:2671	unanch	0	3	2	2
tests/lookaround/d27/matrix.rxt:2680	unanch	0	3	2	2
tests/lookaround/d27/matrix.rxt:2693	unanch	0	3	2	2
tests/lookaround/d27/matrix.rxt:2702	unanch	0	3	2	2
tests/lookaround/d27/matrix.rxt:2711	unanch	0	3	2	2
tests/lookaround/d27/matrix.rxt:2719	unanch	0	7	3	3
tests/lookaround/d27/matrix.rxt:2727	unanch	0	5	2	2
tests/lookaround/d27/matrix.rxt:2736	unanch	0	3	2	2
tests/lookaround/d27/matrix.rxt:2745	unanch	0	3	2	2
tests/lookaround/d27/matrix.rxt:2756	unanch	0	3	2	2
tests/lookaround/d27/matrix.rxt:2765	unanch	0	3	2	2
tests/lookaround/d27/matrix.rxt:2774	unanch	0	3	2	2
tests/lookaround/d27/matrix.rxt:2782	unanch	0	7	3	3
tests/lookaround/d27/matrix.rxt:2790	unanch	0	5	2	2
tests/lookaround/d27/matrix.rxt:2799	unanch	0	3	2	2
tests/lookaround/d27/matrix.rxt:2808	unanch	0	3	2	2
tests/lookaround/d27/matrix.rxt:2821	unanch	0	3	2	2
tests/lookaround/d27/matrix.rxt:2830	unanch	0	3	2	2
tests/lookaround/d27/matrix.rxt:2839	unanch	0	3	2	2
tests/lookaround/d27/matrix.rxt:2847	unanch	0	7	3	3
tests/lookaround/d27/matrix.rxt:2855	unanch	0	5	2	2
tests/lookaround/d27/matrix.rxt:2864	unanch	0	3	2	2
tests/lookaround/d27/matrix.rxt:2873	unanch	0	3	2	2
tests/lookaround/d27/matrix.rxt:2886	unanch	0	3	2	2
tests/lookaround/d27/matrix.rxt:2895	unanch	0	3	2	2
tests/lookaround/d27/matrix.rxt:2908	unanch	0	3	2	2
tests/lookaround/d27/matrix.rxt:2916	unanch	0	7	3	3
tests/lookaround/d27/matrix.rxt:2924	unanch	0	5	2	2
tests/lookaround/d27/matrix.rxt:2937	unanch	0	3	2	2
tests/lookaround/d27/matrix.rxt:2950	unanch	0	3	2	2
tests/lookaround/d27/matrix.rxt:2967	unanch	0	3	2	2
tests/lookaround/d27/matrix.rxt:2980	unanch	0	3	2	2
tests/lookaround/d27/matrix.rxt:2989	unanch	0	3	2	2
tests/lookaround/d27/matrix.rxt:2997	unanch	0	7	3	3
tests/lookaround/d27/matrix.rxt:3005	unanch	0	5	2	2
tests/lookaround/d27/matrix.rxt:3014	unanch	0	3	2	2
tests/lookaround/d27/matrix.rxt:3023	unanch	0	3	2	2
tests/lookaround/d27/matrix.rxt:3036	unanch	0	3	2	2
tests/lookaround/d27/prefilter.rxt:8	unanch	0	54	11	12
tests/lookaround/d27/prefilter.rxt:24	unanch	0	54	11	12
tests/lookaround/d27/prefilter.rxt:33	unanch	0	43	9	10
tests/lookaround/d27/refusals.rxt:13	none	1	0	0	0
tests/lookaround/d27/refusals.rxt:18	none	1	0	0	0
tests/lookaround/d27/refusals.rxt:23	none	1	0	0	0
tests/lookaround/d27/refusals.rxt:28	none	1	0	0	0
tests/lookaround/d27/refusals.rxt:33	none	1	0	0	0
tests/lookaround/d27/refusals.rxt:38	none	1	0	0	0
tests/lookaround/d27/refusals.rxt:43	none	1	0	0	0
tests/lookaround/d27/refusals.rxt:48	none	1	0	0	0
tests/lookaround/d27/refusals.rxt:53	none	1	0	0	0
tests/lookaround/d27/refusals.rxt:58	none	1	0	0	0
tests/lookaround/d27/refusals.rxt:63	none	1	0	0	0
tests/lookaround/d27/refusals.rxt:68	none	1	0	0	0
tests/lookaround/d27/refusals.rxt:73	none	1	0	0	0
tests/lookaround/d27/refusals.rxt:78	none	1	0	0	0
tests/lookaround/d27/refusals.rxt:83	none	1	0	0	0
tests/lookaround/d27/refusals.rxt:88	none	1	0	0	0
tests/lookaround/d27/refusals.rxt:93	none	1	0	0	0
tests/lookaround/d27/refusals.rxt:98	none	1	0	0	0
tests/lookaround/d27/refusals.rxt:103	none	1	0	0	0
tests/lookaround/d27/refusals.rxt:108	none	1	0	0	0
tests/lookaround/d27/refusals.rxt:113	none	1	0	0	0
tests/lookaround/d27/refusals.rxt:118	none	1	0	0	0
tests/lookaround/d27/refusals.rxt:123	none	1	0	0	0
tests/lookaround/d27/refusals.rxt:128	none	1	0	0	0
tests/lookaround/d27/refusals.rxt:133	none	1	0	0	0
tests/lookaround/d27/refusals.rxt:138	none	1	0	0	0
tests/lookaround/d27/refusals.rxt:143	none	1	0	0	0
tests/lookaround/d27/refusals.rxt:148	none	1	0	0	0
tests/lookaround/d27/refusals.rxt:153	none	1	0	0	0
tests/lookaround/d27/refusals.rxt:158	none	1	0	0	0
tests/lookaround/d27/refusals.rxt:163	none	1	0	0	0
tests/lookaround/d27/refusals.rxt:168	none	1	0	0	0
tests/lookaround/d27/refusals.rxt:174	unanch	0	3	2	2
tests/lookaround/d27/refusals.rxt:184	unanch	0	7	3	3
tests/lookaround/d27/refusals.rxt:194	unanch	0	3	2	2
tests/lookaround/d27/refusals.rxt:204	unanch	0	7	3	3
tests/lookaround/d27/spellings.rxt:10	none	0	0	0	0
tests/lookaround/d27/spellings.rxt:19	none	0	0	0	0
tests/lookaround/d27/spellings.rxt:28	none	0	0	0	0
tests/lookaround/d27/spellings.rxt:36	unanch	0	3	2	2
tests/lookaround/d27/spellings.rxt:45	unanch	0	3	2	2
tests/lookaround/d27/spellings.rxt:54	unanch	0	3	2	2
tests/lookaround/d27/spellings.rxt:62	unanch	0	3	2	2
tests/lookaround/d27/spellings.rxt:71	unanch	0	3	2	2
tests/lookaround/d27/spellings.rxt:80	unanch	0	3	2	2
tests/lookaround/d27/spellings.rxt:88	unanch	0	3	2	2
tests/lookaround/d27/spellings.rxt:97	unanch	0	3	2	2
tests/lookaround/d27/spellings.rxt:106	unanch	0	3	2	2
tests/lookaround/d27/spellings.rxt:115	none	0	0	0	0
tests/lookaround/d27/spellings.rxt:122	none	0	0	0	0
tests/lookaround/d27/spellings.rxt:129	none	0	0	0	0
tests/lookaround/d27/spellings.rxt:139	none	1	0	0	0
tests/lookaround/d27/spellings.rxt:148	none	1	0	0	0
tests/lookaround/d27/spellings.rxt:157	none	1	0	0	0
tests/lookaround/d27/spellings.rxt:162	none	0	0	0	0
tests/lookaround/d27/spellings.rxt:172	none	0	0	0	0
tests/lookaround/d27/spellings.rxt:185	none	0	0	0	0
tests/lookaround/d27/spellings.rxt:198	none	0	0	0	0
tests/lookaround/d27/spellings.rxt:211	none	1	0	0	0
tests/lookaround/d27/spellings.rxt:220	none	1	0	0	0
tests/lookaround/d27/spellings.rxt:229	none	1	0	0	0
tests/lookaround/d27/spellings.rxt:238	none	1	0	0	0
tests/lookaround/d27/spellings.rxt:243	unanch	0	7	3	3
tests/lookaround/d27/spellings.rxt:250	unanch	0	7	3	3
tests/lookaround/d27/spellings.rxt:256	unanch	0	7	3	3
tests/lookaround/d27/spellings.rxt:262	unanch	0	7	3	3
tests/lookaround/d27/spellings.rxt:268	none	0	0	0	0
tests/lookaround/d27/spellings.rxt:275	none	0	0	0	0
tests/lookaround/d27/spellings.rxt:283	none	0	0	0	0
tests/lookaround/d27/spellings.rxt:291	none	0	0	0	0
tests/lookaround/d27/spellings.rxt:299	none	0	0	0	0
tests/lookaround/d27/spellings.rxt:307	none	0	0	0	0
tests/lookaround/d27/spellings.rxt:315	attempt	0	1	3	0
tests/lookaround/d27/spellings.rxt:323	attempt	0	1	3	0
tests/lookaround/d27/spellings.rxt:331	attempt	0	2	3	0
tests/lookaround/d27/spellings.rxt:339	attempt	0	1	3	0
tests/lookaround/d27/spellings.rxt:347	attempt	0	1	3	0
tests/lookaround/d27/spellings.rxt:356	attempt	0	1	3	0
tests/lookaround/d27/spellings.rxt:365	attempt	0	1	3	0
tests/lookaround/d27/spellings.rxt:374	attempt	0	1	3	0
tests/lookaround/gated.rxt:35	unanch	0	7	3	3
tests/lookaround/gated.rxt:52	none	1	0	0	0
tests/lookaround/gated.rxt:66	none	1	0	0	0
tests/lookaround/gated.rxt:85	none	1	0	0	0
tests/lookaround/gated.rxt:95	none	1	0	0	0
tests/lookaround/gated.rxt:109	none	1	0	0	0
tests/lookaround/gated.rxt:122	none	1	0	0	0
tests/lookaround/gated.rxt:133	unanch	0	7	3	3
tests/lookaround/lookahead.rxt:32	unanch	0	11	4	4
tests/lookaround/lookahead.rxt:41	unanch	0	11	4	4
tests/lookaround/lookahead.rxt:48	unanch	0	7	3	3
tests/lookaround/lookahead.rxt:56	unanch	0	7	3	3
tests/lookaround/lookahead.rxt:71	unanch	0	3	2	2
tests/lookaround/lookahead.rxt:79	unanch	0	11	4	4
tests/lookaround/lookahead.rxt:86	unanch	0	7	3	3
tests/lookaround/lookahead.rxt:94	unanch	0	7	3	3
tests/lookaround/lookahead.rxt:101	unanch	0	7	3	3
tests/lookaround/lookahead.rxt:107	unanch	0	12	4	4
tests/lookaround/lookahead.rxt:116	unanch	0	9	3	3
tests/lookaround/lookahead.rxt:129	unanch	0	9	3	3
tests/lookaround/lookahead.rxt:136	unanch	0	3	2	2
tests/lookaround/lookahead.rxt:149	none	0	0	0	0
tests/lookaround/lookahead.rxt:158	unanch	0	7	3	3
tests/lookaround/lookahead.rxt:164	unanch	0	7	3	3
tests/lookaround/lookahead.rxt:170	none	0	0	0	0
tests/lookaround/lookahead.rxt:176	none	0	0	0	0
tests/lookaround/lookahead.rxt:183	unanch	0	7	3	3
tests/lookaround/lookahead.rxt:189	unanch	0	3	2	2
tests/lookaround/lookahead.rxt:197	unanch	0	7	3	3
tests/lookaround/lookahead.rxt:204	unanch	0	11	4	4
tests/lookaround/lookahead.rxt:218	unanch	0	3	2	2
tests/lookaround/lookahead.rxt:226	unanch	0	7	3	3
tests/lookaround/lookahead.rxt:236	unanch	0	7	3	3
tests/lookaround/lookahead.rxt:242	unanch	0	9	3	3
tests/lookaround/lookbehind.rxt:35	unanch	0	3	2	2
tests/lookaround/lookbehind.rxt:45	unanch	0	3	2	2
tests/lookaround/lookbehind.rxt:55	unanch	0	3	2	2
tests/lookaround/lookbehind.rxt:67	unanch	0	3	2	2
tests/lookaround/lookbehind.rxt:76	unanch	0	3	2	2
tests/lookaround/lookbehind.rxt:85	unanch	0	3	2	2
tests/lookaround/lookbehind.rxt:96	unanch	0	3	2	2
tests/lookaround/lookbehind.rxt:107	unanch	0	3	2	2
tests/lookaround/lookbehind.rxt:117	unanch	0	3	2	2
tests/lookaround/lookbehind.rxt:128	unanch	0	3	2	2
tests/lookaround/lookbehind.rxt:135	unanch	0	3	2	2
tests/lookaround/lookbehind.rxt:143	unanch	0	7	3	3
tests/lookaround/lookbehind.rxt:153	unanch	0	3	2	2
tests/lookaround/lookbehind.rxt:164	unanch	0	3	2	2
tests/lookaround/lookbehind.rxt:176	none	0	0	0	0
tests/lookaround/lookbehind.rxt:189	unanch	0	7	3	3
tests/lookaround/lookbehind.rxt:197	unanch	0	3	2	2
tests/lookaround/lookbehind.rxt:204	unanch	0	3	2	2
tests/lookaround/lookbehind.rxt:212	unanch	0	5	2	2
tests/lookaround/lookbehind.rxt:221	unanch	0	5	2	2
tests/lookaround/lookbehind.rxt:235	unanch	0	3	2	2
tests/lookaround/lookbehind.rxt:242	unanch	0	3	2	2
tests/lookaround/lookbehind.rxt:249	unanch	0	3	2	2
tests/lookaround/lookbehind.rxt:257	unanch	0	3	2	2
tests/lookaround/lookbehind.rxt:264	unanch	0	3	2	2
tests/lookaround/lookbehind.rxt:273	unanch	0	3	2	2
tests/lookaround/lookbehind.rxt:281	unanch	0	3	2	2
tests/lookaround/lookbehind.rxt:288	unanch	0	3	2	2
tests/lookaround/lookbehind.rxt:295	unanch	0	3	2	2
tests/lookaround/lookbehind.rxt:303	unanch	0	3	2	2
tests/lookaround/lookbehind.rxt:310	unanch	0	3	2	2
tests/lookaround/lookbehind.rxt:323	unanch	0	3	2	2
tests/lookaround/lookbehind.rxt:334	unanch	0	3	2	2
tests/lookaround/lookbehind_widths.rxt:42	unanch	0	3	2	2
tests/lookaround/lookbehind_widths.rxt:58	unanch	0	3	2	2
tests/lookaround/lookbehind_widths.rxt:74	unanch	0	3	2	2
tests/lookaround/lookbehind_widths.rxt:91	unanch	0	3	2	2
tests/lookaround/lookbehind_widths.rxt:107	unanch	0	3	2	2
tests/lookaround/lookbehind_widths.rxt:121	unanch	0	3	2	2
tests/lookaround/lookbehind_widths.rxt:137	unanch	0	3	2	2
tests/lookaround/lookbehind_widths.rxt:154	unanch	0	3	2	2
tests/lookaround/lookbehind_widths.rxt:168	unanch	0	3	2	2
tests/lookaround/lookbehind_widths.rxt:181	unanch	0	3	2	2
tests/lookaround/lookbehind_widths.rxt:193	unanch	0	7	3	3
tests/lookaround/lookbehind_widths.rxt:211	unanch	0	3	2	2
tests/lookaround/lookbehind_widths.rxt:225	unanch	0	3	2	2
tests/lookaround/lookbehind_widths.rxt:236	unanch	0	3	2	2
tests/lookaround/nonatomic_ahead.rxt:39	none	0	0	0	0
tests/lookaround/nonatomic_ahead.rxt:52	unanch	0	3	2	2
tests/lookaround/nonatomic_ahead.rxt:65	unanch	0	9	3	3
tests/lookaround/nonatomic_ahead.rxt:77	unanch	0	11	4	4
tests/lookaround/nonatomic_ahead.rxt:88	unanch	0	3	2	2
tests/lookaround/nonatomic_ahead.rxt:99	unanch	0	3	2	2
tests/lookaround/nonatomic_ahead.rxt:109	unanch	0	3	2	2
tests/lookaround/nonatomic_ahead.rxt:120	unanch	0	7	3	3
tests/lookaround/nonatomic_ahead.rxt:129	unanch	0	7	3	3
tests/lookaround/nonatomic_ahead.rxt:137	unanch	0	11	4	4
tests/lookaround/nonatomic_behind.rxt:41	none	0	0	0	0
tests/lookaround/nonatomic_behind.rxt:57	none	0	0	0	0
tests/lookaround/nonatomic_behind.rxt:68	none	0	0	0	0
tests/lookaround/nonatomic_behind.rxt:82	unanch	0	3	2	2
tests/lookaround/nonatomic_behind.rxt:97	unanch	0	3	2	2
tests/lookaround/nonatomic_behind.rxt:108	unanch	0	3	2	2
tests/lookaround/nonatomic_behind.rxt:121	unanch	0	3	2	2
tests/lookaround/nonatomic_behind.rxt:134	unanch	0	3	2	2
tests/lookaround/nonatomic_behind.rxt:146	unanch	0	3	2	2
tests/lookaround/nonatomic_behind.rxt:156	unanch	0	3	2	2
tests/lookaround/nonatomic_behind.rxt:167	unanch	0	3	2	2
tests/lookaround/prefilter.rxt:39	unanch	0	54	11	12
tests/lookaround/prefilter.rxt:58	unanch	0	54	11	12
tests/lookaround/prefilter.rxt:67	unanch	0	32	7	8
tests/lookaround/prefilter.rxt:81	unanch	0	31	6	7
tests/lookaround/prefilter.rxt:93	unanch	0	65	11	12
tests/lookaround/prefilter.rxt:112	unanch	0	54	11	12
tests/lookaround/prefilter.rxt:130	unanch	0	54	11	12
tests/lookaround/prefilter.rxt:145	unanch	0	5	2	3
tests/lookaround/prefilter.rxt:156	unanch	0	9	3	4
tests/lookaround/quantified.rxt:36	attempt	0	1	3	0
tests/lookaround/quantified.rxt:42	attempt	0	1	3	0
tests/lookaround/quantified.rxt:47	attempt	0	2	3	0
tests/lookaround/quantified.rxt:54	attempt	0	1	3	0
tests/lookaround/quantified.rxt:60	attempt	0	1	3	0
tests/lookaround/quantified.rxt:69	unanch	0	3	2	2
tests/lookaround/quantified.rxt:74	unanch	0	3	2	2
tests/lookaround/quantified.rxt:79	unanch	0	3	2	2
tests/lookaround/quantified.rxt:84	unanch	0	3	2	2
tests/lookaround/quantified.rxt:88	unanch	0	3	2	2
tests/lookaround/quantified.rxt:92	unanch	0	3	2	2
tests/lookaround/quantified.rxt:97	unanch	0	3	2	2
tests/lookaround/quantified.rxt:103	unanch	0	3	2	2
tests/lookaround/quantified.rxt:108	unanch	0	3	2	2
tests/lookaround/quantified.rxt:114	unanch	0	3	2	2
tests/lookaround/quantified.rxt:121	unanch	0	5	2	2
tests/lookaround/refused.rxt:40	none	1	0	0	0
tests/lookaround/refused.rxt:47	none	1	0	0	0
tests/lookaround/refused.rxt:54	none	1	0	0	0
tests/lookaround/refused.rxt:65	none	1	0	0	0
tests/lookaround/refused.rxt:72	none	1	0	0	0
tests/lookaround/refused.rxt:79	none	1	0	0	0
tests/lookaround/refused.rxt:86	none	1	0	0	0
tests/lookaround/refused.rxt:104	none	1	0	0	0
tests/lookaround/refused.rxt:115	none	1	0	0	0
tests/lookaround/refused.rxt:124	none	1	0	0	0
tests/lookaround/refused.rxt:132	none	1	0	0	0
tests/lookaround/refused.rxt:143	none	1	0	0	0
tests/lookaround/refused.rxt:149	none	1	0	0	0
tests/lookaround/refused.rxt:155	none	1	0	0	0
tests/lookaround/refused.rxt:161	none	1	0	0	0
tests/lookaround/refused.rxt:169	none	1	0	0	0
tests/lookaround/refused.rxt:177	none	1	0	0	0
tests/lookaround/refused.rxt:189	none	1	0	0	0
tests/lookaround/refused.rxt:197	none	1	0	0	0
tests/lookaround/refused.rxt:205	none	1	0	0	0
tests/lookaround/refused.rxt:212	none	1	0	0	0
tests/lookaround/refused.rxt:220	none	1	0	0	0
tests/lookaround/refused.rxt:228	none	1	0	0	0
tests/lookaround/refused.rxt:247	none	1	0	0	0
tests/lookaround/refused.rxt:258	none	1	0	0	0
tests/lookaround/refused.rxt:270	none	1	0	0	0
tests/lookaround/refused.rxt:284	none	1	0	0	0
tests/lookaround/refused.rxt:294	none	1	0	0	0
tests/lookaround/refused.rxt:303	none	1	0	0	0
tests/lookaround/refused.rxt:309	none	1	0	0	0
tests/lookaround/refused.rxt:315	none	1	0	0	0
tests/lookaround/refused.rxt:324	none	1	0	0	0
tests/lookaround/refused.rxt:330	none	1	0	0	0
tests/lookaround/refused.rxt:336	none	1	0	0	0
tests/lookaround/startpos.rxt:36	unanch	0	3	2	2
tests/lookaround/startpos.rxt:50	unanch	0	3	2	2
tests/lookaround/startpos.rxt:60	unanch	0	3	2	2
tests/lookaround/startpos.rxt:69	unanch	0	3	2	2
tests/lookaround/startpos.rxt:77	unanch	0	3	2	2
tests/lookaround/startpos.rxt:91	unanch	0	3	2	2
tests/lookaround/startpos.rxt:105	unanch	0	3	2	2
tests/lookaround/startpos.rxt:114	unanch	0	7	3	3
tests/lookaround/startpos.rxt:127	unanch	0	3	2	2
tests/lookaround/workbudget.rxt:42	unanch	0	3	2	2
tests/lookaround/workbudget.rxt:54	unanch	0	5	2	2
tests/lookaround/workbudget.rxt:63	unanch	0	3	2	2
tests/modifiers/letters.rxt:32	unanch	0	18	5	4
tests/modifiers/letters.rxt:36	unanch	0	18	5	4
tests/modifiers/letters.rxt:42	unanch	0	5	2	2
tests/modifiers/letters.rxt:47	unanch	0	7	2	2
tests/modifiers/letters.rxt:54	unanch	0	4	2	2
tests/modifiers/letters.rxt:58	none	1	0	0	0
tests/modifiers/letters.rxt:72	unanch	0	4	2	2
tests/modifiers/letters.rxt:80	unanch	0	4	2	2
tests/modifiers/letters.rxt:86	unanch	0	4	2	2
tests/modifiers/malformed_and_gate.rxt:86	none	1	0	0	0
tests/modifiers/malformed_and_gate.rxt:90	none	1	0	0	0
tests/modifiers/malformed_and_gate.rxt:96	none	1	0	0	0
tests/modifiers/malformed_and_gate.rxt:101	none	1	0	0	0
tests/modifiers/malformed_and_gate.rxt:107	none	1	0	0	0
tests/modifiers/malformed_and_gate.rxt:114	none	1	0	0	0
tests/modifiers/malformed_and_gate.rxt:118	none	1	0	0	0
tests/modifiers/malformed_and_gate.rxt:122	none	1	0	0	0
tests/modifiers/malformed_and_gate.rxt:126	none	1	0	0	0
tests/modifiers/malformed_and_gate.rxt:130	none	1	0	0	0
tests/modifiers/malformed_and_gate.rxt:134	none	1	0	0	0
tests/modifiers/malformed_and_gate.rxt:144	unanch	0	9	3	3
tests/modifiers/malformed_and_gate.rxt:149	unanch	0	10	3	3
tests/modifiers/malformed_and_gate.rxt:153	unanch	0	9	3	3
tests/modifiers/malformed_and_gate.rxt:158	unanch	0	9	3	3
tests/modifiers/malformed_and_gate.rxt:163	unanch	0	9	3	3
tests/modifiers/malformed_and_gate.rxt:168	unanch	0	14	4	4
tests/modifiers/reset.rxt:44	unanch	0	9	3	3
tests/modifiers/reset.rxt:52	unanch	0	5	2	2
tests/modifiers/reset.rxt:60	none	1	0	0	0
tests/modifiers/reset.rxt:67	unanch	0	4	2	2
tests/modifiers/reset.rxt:74	unanch	0	3	2	2
tests/modifiers/reset.rxt:81	unanch	0	14	4	4
tests/modifiers/reset.rxt:88	unanch	0	4	2	2
tests/modifiers/scope.rxt:34	unanch	0	9	3	3
tests/modifiers/scope.rxt:39	unanch	0	9	3	3
tests/modifiers/scope.rxt:47	unanch	0	14	4	4
tests/modifiers/scope.rxt:55	unanch	0	9	3	3
tests/modifiers/scope.rxt:63	unanch	0	11	4	4
tests/modifiers/scope.rxt:69	unanch	0	11	4	4
tests/modifiers/scope.rxt:79	unanch	0	15	4	4
tests/modifiers/scope.rxt:94	unanch	0	7	2	2
tests/modifiers/scope.rxt:101	unanch	0	3	1	1
tests/modifiers/xmode.rxt:44	unanch	0	9	3	3
tests/modifiers/xmode.rxt:51	unanch	0	14	4	4
tests/modifiers/xmode.rxt:60	unanch	0	9	3	3
tests/modifiers/xmode.rxt:66	unanch	0	4	2	2
tests/modifiers/xxmode.rxt:39	none	1	0	0	0
tests/modifiers/xxmode.rxt:46	unanch	0	4	2	2
tests/modifiers/xxmode.rxt:55	none	1	0	0	0
tests/modifiers/xxmode.rxt:62	unanch	0	4	2	2
tests/modifiers/xxmode.rxt:80	unanch	0	4	2	2
tests/modifiers/xxmode.rxt:87	unanch	0	4	2	2
tests/modifiers/xxmode.rxt:100	unanch	0	4	2	2
tests/modifiers/xxmode.rxt:108	unanch	0	4	2	2
tests/mrl/01_trailing.rxt:14	unanch	0	34	6	6
tests/mrl/01_trailing.rxt:22	unanch	0	34	6	6
tests/mrl/01_trailing.rxt:26	unanch	0	32	10	6
tests/mrl/01_trailing.rxt:33	unanch	0	32	10	6
tests/mrl/01_trailing.rxt:37	unanch	0	32	10	6
tests/mrl/01_trailing.rxt:41	unanch	0	32	10	6
tests/mrl/01_trailing.rxt:45	unanch	0	32	10	6
tests/mrl/01_trailing.rxt:49	unanch	0	46	7	7
tests/mrl/01_trailing.rxt:58	unanch	0	26	7	7
tests/mrl/01_trailing.rxt:65	unanch	0	15	5	5
tests/mrl/01_trailing.rxt:74	unanch	0	15	5	5
tests/mrl/02_alternation.rxt:11	unanch	0	51	8	7
tests/mrl/02_alternation.rxt:18	unanch	0	51	8	7
tests/mrl/02_alternation.rxt:22	unanch	0	51	8	7
tests/mrl/02_alternation.rxt:28	unanch	0	60	8	8
tests/mrl/03_zerowidth.rxt:11	unanch	0	7	2	2
tests/mrl/03_zerowidth.rxt:19	unanch	0	49	7	7
tests/mrl/03_zerowidth.rxt:24	unanch	0	8	3	3
tests/mrl/03_zerowidth.rxt:30	unanch	0	3	2	2
tests/mrl/03_zerowidth.rxt:37	attempt	0	6	8	0
tests/mrl/03_zerowidth.rxt:44	unanch	0	134	32	12
tests/mrl/03_zerowidth.rxt:52	unanch	0	118	13	13
tests/mrl/03_zerowidth.rxt:58	unanch	0	22	4	4
tests/mrl/04_nesting.rxt:11	unanch	0	42	10	10
tests/mrl/04_nesting.rxt:22	unanch	0	98	11	11
tests/mrl/04_nesting.rxt:30	unanch	0	52	9	9
tests/mrl/05_multibyte_body.rxt:12	unanch	0	51	13	13
tests/mrl/05_multibyte_body.rxt:21	unanch	0	100	14	14
tests/mrl/05_multibyte_body.rxt:28	unanch	0	58	16	16
tests/mrl/06_lazy.rxt:13	unanch	0	28	5	6
tests/mrl/06_lazy.rxt:21	unanch	0	90	6	16
tests/mrl/06_lazy.rxt:35	unanch	0	104	10	16
tests/mrl/07_partial_and_startpos.rxt:11	unanch	0	43	7	7
tests/mrl/07_partial_and_startpos.rxt:15	unanch	0	21	6	6
tests/mrl/07_partial_and_startpos.rxt:21	unanch	0	34	6	6
tests/mrl/08_nomatch.rxt:14	unanch	0	55	8	8
tests/mrl/08_nomatch.rxt:20	unanch	0	42	10	10
tests/mrl/08_nomatch.rxt:26	unanch	0	759	56	22
tests/mrl/08_nomatch.rxt:31	unanch	0	175	32	22
tests/mrl/09_captures.rxt:12	unanch	0	26	7	7
tests/mrl/09_captures.rxt:28	unanch	0	28	6	5
tests/mrl/09_captures.rxt:40	unanch	0	98	11	11
tests/mrl/11_motivating_shape_small.rxt:12	unanch	0	291	31	31
tests/named_groups/d27/case_sensitivity.rxt:27	unanch	0	7	3	3
tests/named_groups/d27/case_sensitivity.rxt:38	unanch	0	7	3	3
tests/named_groups/d27/duplicates.rxt:16	none	1	0	0	0
tests/named_groups/d27/duplicates.rxt:21	none	1	0	0	0
tests/named_groups/d27/duplicates.rxt:25	none	1	0	0	0
tests/named_groups/d27/duplicates.rxt:31	none	1	0	0	0
tests/named_groups/d27/duplicates.rxt:38	none	1	0	0	0
tests/named_groups/d27/name_syntax.rxt:31	unanch	0	3	2	2
tests/named_groups/d27/name_syntax.rxt:36	unanch	0	3	2	2
tests/named_groups/d27/name_syntax.rxt:41	unanch	0	3	2	2
tests/named_groups/d27/name_syntax.rxt:49	unanch	0	3	2	2
tests/named_groups/d27/name_syntax.rxt:57	none	1	0	0	0
tests/named_groups/d27/name_syntax.rxt:61	none	1	0	0	0
tests/named_groups/d27/name_syntax.rxt:65	none	1	0	0	0
tests/named_groups/d27/name_syntax.rxt:70	none	1	0	0	0
tests/named_groups/d27/name_syntax.rxt:74	none	1	0	0	0
tests/named_groups/d27/name_syntax.rxt:79	none	1	0	0	0
tests/named_groups/d27/name_syntax.rxt:84	none	1	0	0	0
tests/named_groups/d27/name_syntax.rxt:89	none	1	0	0	0
tests/named_groups/d27/name_syntax.rxt:103	none	1	0	0	0
tests/named_groups/d27/name_syntax.rxt:114	unanch	0	3	2	2
tests/named_groups/d27/name_syntax.rxt:122	unanch	0	3	2	2
tests/named_groups/d27/name_syntax.rxt:133	none	1	0	0	0
tests/named_groups/d27/numbering_capture.rxt:17	unanch	0	11	4	4
tests/named_groups/d27/numbering_capture.rxt:27	unanch	0	7	3	3
tests/named_groups/d27/numbering_capture.rxt:37	unanch	0	13	4	4
tests/named_groups/d27/numbering_capture.rxt:44	unanch	0	13	4	4
tests/named_groups/d27/numbering_capture.rxt:55	unanch	0	5	2	2
tests/named_groups/d27/numbering_capture.rxt:61	unanch	0	5	2	2
tests/named_groups/d27/numbering_capture.rxt:71	none	0	0	0	0
tests/named_groups/d27/numbering_capture.rxt:81	none	0	0	0	0
tests/named_groups/d27/spellings.rxt:17	unanch	0	3	2	2
tests/named_groups/d27/spellings.rxt:23	unanch	0	3	2	2
tests/named_groups/d27/spellings.rxt:28	unanch	0	3	2	2
tests/named_groups/d27/spellings.rxt:33	unanch	0	3	2	2
tests/named_groups/d27/spellings.rxt:42	unanch	0	5	2	2
tests/named_groups/d27/spellings.rxt:46	unanch	0	5	2	2
tests/named_groups/d27/spellings.rxt:51	unanch	0	5	2	2
tests/named_groups/d27/spellings.rxt:56	unanch	0	9	3	3
tests/named_groups/d27/spellings.rxt:64	unanch	0	5	2	2
tests/named_groups/d27/spellings.rxt:70	unanch	0	5	2	2
tests/named_groups/named_groups.rxt:31	unanch	0	15	4	4
tests/named_groups/named_groups.rxt:42	unanch	0	15	4	4
tests/named_groups/named_groups.rxt:52	unanch	0	15	4	4
tests/named_groups/named_groups.rxt:62	unanch	0	15	5	5
tests/named_groups/named_groups.rxt:81	unanch	0	7	3	3
tests/named_groups/named_groups.rxt:93	unanch	0	7	3	3
tests/named_groups/named_groups.rxt:103	unanch	0	7	3	3
tests/named_groups/named_groups.rxt:112	unanch	0	5	2	2
tests/named_groups/named_groups.rxt:121	unanch	0	5	2	2
tests/named_groups/named_groups.rxt:135	unanch	0	7	3	3
tests/named_groups/named_groups.rxt:144	none	1	0	0	0
tests/named_groups/named_groups.rxt:150	none	1	0	0	0
tests/named_groups/named_groups.rxt:156	unanch	0	7	3	3
tests/offsetskip/offset_skip.rxt:43	unanch	0	59	11	11
tests/offsetskip/offset_skip.rxt:56	unanch	0	99	15	14
tests/offsetskip/offset_skip.rxt:68	unanch	0	30	6	5
tests/offsetskip/offset_skip.rxt:78	unanch	0	49	11	11
tests/offsetskip/offset_skip.rxt:90	unanch	0	59	11	11
tests/offsetskip/offset_skip.rxt:94	unanch	0	49	11	11
tests/offsetskip/offset_skip.rxt:99	unanch	0	49	11	11
tests/offsetskip/offset_skip.rxt:109	unanch	0	59	11	11
tests/offsetskip/offset_skip.rxt:121	unanch	0	99	15	14
tests/offsetskip/offset_skip.rxt:137	unanch	0	59	11	11
tests/offsetskip/offset_skip.rxt:149	unanch	0	49	11	11
tests/offsetskip/offset_skip.rxt:168	unanch	0	30	6	6
tests/offsetskip/offset_skip.rxt:178	unanch	0	30	6	5
tests/offsetskip/offset_skip.rxt:196	unanch	0	59	11	11
tests/offsetskip/offset_skip.rxt:206	unanch	0	49	11	11
tests/offsetskip/offset_skip.rxt:220	unanch	0	39	7	6
tests/offsetskip/offset_skip.rxt:239	unanch	0	30	6	5
tests/offsetskip/offset_skip.rxt:255	unanch	0	60	10	10
tests/offsetskip/offset_skip.rxt:262	unanch	0	115	16	16
tests/offsetskip/offset_skip.rxt:270	unanch	0	20	4	4
tests/offsetskip/offset_skip.rxt:277	unanch	0	4	2	2
tests/offsetskip/offset_skip.rxt:306	unanch	0	44	8	7
tests/offsetskip/offset_skip.rxt:318	unanch	0	48	8	7
tests/offsetskip/offset_skip.rxt:326	unanch	0	44	8	7
tests/possessify/possessify.rxt:30	unanch	0	15	4	4
tests/possessify/possessify.rxt:63	unanch	0	15	4	4
tests/possessify/possessify.rxt:95	unanch	0	22	5	5
tests/possessify/possessify.rxt:127	unanch	0	26	6	6
tests/possessify/possessify.rxt:159	unanch	0	12	4	4
tests/possessify/possessify.rxt:196	unanch	0	38	6	6
tests/possessify/possessify.rxt:228	unanch	0	25	5	5
tests/possessify/possessify.rxt:259	unanch	0	7	2	2
tests/possessify/possessify.rxt:291	unanch	0	94	10	10
tests/possessify/possessify.rxt:331	unanch	0	21	4	5
tests/possessify/possessify.rxt:362	unanch	0	12	3	3
tests/possessify/possessify.rxt:396	unanch	0	13	4	4
tests/possessify/possessify.rxt:412	unanch	0	47	8	8
tests/possessify/possessify.rxt:457	unanch	0	68	10	10
tests/possessify/possessify.rxt:510	unanch	0	82	13	10
tests/possessify/possessify.rxt:548	unanch	0	82	13	10
tests/possessify/possessify.rxt:584	unanch	0	56	6	6
tests/possessify/possessify.rxt:619	unanch	0	17	2	6
tests/possessify/possessify.rxt:675	unanch	0	24	6	6
tests/possessify/possessify.rxt:710	unanch	0	63	7	9
tests/possessify/possessify.rxt:748	attempt	0	5	5	0
tests/possessify/possessify.rxt:802	unanch	0	6	2	4
tests/possessify/possessify.rxt:833	unanch	0	13	3	5
tests/possessify/possessify.rxt:864	unanch	0	4	1	5
tests/possessify/possessify.rxt:895	unanch	0	8	2	4
tests/possessify/possessify.rxt:927	unanch	0	10	3	5
tests/possessify/possessify.rxt:958	unanch	0	17	4	6
tests/possessify/possessify.rxt:991	unanch	0	10	4	4
tests/possessify/possessify.rxt:1022	unanch	0	17	5	5
tests/possessify/possessify.rxt:1074	unanch	0	38	14	6
tests/possessify/possessify.rxt:1110	unanch	0	38	14	6
tests/possessify/possessify.rxt:1144	unanch	0	15	4	5
tests/possessify/possessify.rxt:1177	unanch	0	41	7	7
tests/possessify/possessify.rxt:1226	unanch	0	50	7	7
tests/possessify/possessify.rxt:1241	unanch	0	82	7	7
tests/possessify/possessify.rxt:1254	unanch	0	50	7	7
tests/possessify/possessify.rxt:1267	unanch	0	39	7	7
tests/possessify/possessify.rxt:1286	unanch	0	46	6	7
tests/possessify/possessify.rxt:1308	unanch	0	12	4	4
tests/possessify/possessify.rxt:1347	unanch	0	12	4	4
tests/possessify/possessify.rxt:1385	unanch	0	18	5	5
tests/possessify/possessify.rxt:1422	unanch	0	21	6	6
tests/possessify/possessify.rxt:1454	unanch	0	12	4	4
tests/possessify/possessify.rxt:1497	unanch	0	29	6	6
tests/possessify/possessify.rxt:1541	unanch	0	20	5	5
tests/possessify/possessify.rxt:1576	unanch	0	5	2	2
tests/possessify/possessify.rxt:1620	unanch	0	77	10	10
tests/possessify/possessify.rxt:1664	unanch	0	15	4	5
tests/possessify/possessify.rxt:1703	unanch	0	9	3	3
tests/possessify/possessify.rxt:1745	unanch	0	13	4	4
tests/possessify/possessify.rxt:1765	unanch	0	36	8	8
tests/possessify/possessify.rxt:1816	unanch	0	68	10	10
tests/possessify/possessify.rxt:1884	unanch	0	62	13	10
tests/possessify/possessify.rxt:1933	unanch	0	62	13	10
tests/possessify/possessify.rxt:1980	unanch	0	41	6	6
tests/possessify/possessify.rxt:2027	unanch	0	17	2	6
tests/possessify/possessify.rxt:2093	unanch	0	15	6	6
tests/possessify/possessify.rxt:2151	unanch	0	48	7	9
tests/possessify/possessify.rxt:2205	none	0	0	0	0
tests/possessify/possessify.rxt:2282	unanch	0	5	2	4
tests/possessify/possessify.rxt:2336	unanch	0	11	3	5
tests/possessify/possessify.rxt:2374	none	0	0	0	0
tests/possessify/possessify.rxt:2433	unanch	0	7	2	4
tests/possessify/possessify.rxt:2472	unanch	0	8	3	5
tests/possessify/possessify.rxt:2526	unanch	0	14	4	6
tests/possessify/possessify.rxt:2566	unanch	0	7	4	4
tests/possessify/possessify.rxt:2620	unanch	0	13	5	5
tests/possessify/possessify.rxt:2674	none	0	0	0	0
tests/possessify/possessify.rxt:2743	none	0	0	0	0
tests/possessify/possessify.rxt:2808	unanch	0	12	4	5
tests/possessify/possessify.rxt:2852	unanch	0	32	7	7
tests/possessify/possessify.rxt:2911	unanch	0	39	7	7
tests/possessify/possessify.rxt:2934	unanch	0	58	7	7
tests/possessify/possessify.rxt:2952	unanch	0	39	7	7
tests/possessify/possessify.rxt:2971	unanch	0	39	7	7
tests/possessify/possessify.rxt:2997	unanch	0	35	6	7
tests/quoting/d27/adjacent_escapes.rxt:4	unanch	0	9	3	3
tests/quoting/d27/adjacent_escapes.rxt:10	unanch	0	9	3	3
tests/quoting/d27/adjacent_escapes.rxt:16	unanch	0	21	5	5
tests/quoting/d27/basics.rxt:10	unanch	0	24	6	6
tests/quoting/d27/basics.rxt:16	unanch	0	14	4	4
tests/quoting/d27/basics.rxt:22	unanch	0	14	4	4
tests/quoting/d27/basics.rxt:28	unanch	0	14	4	4
tests/quoting/d27/basics.rxt:34	unanch	0	34	8	8
tests/quoting/d27/basics.rxt:40	unanch	0	14	4	4
tests/quoting/d27/basics.rxt:46	unanch	0	24	6	6
tests/quoting/d27/basics.rxt:51	unanch	0	24	6	6
tests/quoting/d27/basics.rxt:56	unanch	0	14	4	4
tests/quoting/d27/basics.rxt:62	unanch	0	14	4	4
tests/quoting/d27/basics.rxt:68	unanch	0	4	2	2
tests/quoting/d27/basics.rxt:73	unanch	0	34	8	8
tests/quoting/d27/basics.rxt:78	unanch	0	39	9	9
tests/quoting/d27/basics.rxt:83	unanch	0	34	8	8
tests/quoting/d27/basics.rxt:88	unanch	0	14	4	4
tests/quoting/d27/basics.rxt:93	unanch	0	9	3	3
tests/quoting/d27/basics.rxt:98	unanch	0	0	1	1
tests/quoting/d27/caseless.rxt:4	unanch	0	14	4	4
tests/quoting/d27/caseless.rxt:12	unanch	0	14	4	4
tests/quoting/d27/caseless.rxt:18	unanch	0	14	4	4
tests/quoting/d27/charclass.rxt:9	unanch	0	4	2	2
tests/quoting/d27/charclass.rxt:15	unanch	0	4	2	2
tests/quoting/d27/charclass.rxt:21	unanch	0	4	2	2
tests/quoting/d27/charclass.rxt:27	unanch	0	4	2	2
tests/quoting/d27/charclass.rxt:33	unanch	0	4	2	2
tests/quoting/d27/charclass.rxt:41	unanch	0	4	2	2
tests/quoting/d27/charclass.rxt:49	unanch	0	4	2	2
tests/quoting/d27/errors.rxt:10	none	1	0	0	0
tests/quoting/d27/errors.rxt:16	none	1	0	0	0
tests/quoting/d27/errors.rxt:22	unanch	0	4	2	2
tests/quoting/d27/errors.rxt:29	none	1	0	0	0
tests/quoting/d27/extended.rxt:10	unanch	0	24	6	6
tests/quoting/d27/extended.rxt:16	unanch	0	14	4	4
tests/quoting/d27/extended.rxt:21	unanch	0	14	4	4
tests/quoting/d27/extended.rxt:27	unanch	0	4	2	2
tests/quoting/d27/extended.rxt:33	unanch	0	14	4	4
tests/quoting/d27/groups.rxt:9	unanch	0	15	5	5
tests/quoting/d27/groups.rxt:15	unanch	0	19	6	6
tests/quoting/d27/groups.rxt:22	unanch	0	19	6	6
tests/quoting/d27/quantifier_after.rxt:11	unanch	0	12	3	3
tests/quoting/d27/quantifier_after.rxt:18	unanch	0	7	2	2
tests/quoting/d27/quantifier_after.rxt:24	unanch	0	24	6	6
tests/quoting/d27/quantifier_after.rxt:29	none	1	0	0	0
tests/quoting/d27/unterminated.rxt:11	unanch	0	24	6	6
tests/quoting/d27/unterminated.rxt:17	unanch	0	14	4	4
tests/quoting/d27/unterminated.rxt:22	unanch	0	14	4	4
tests/quoting/d27/unterminated.rxt:27	unanch	0	14	4	4
tests/quoting/d27/unterminated.rxt:32	unanch	0	14	4	4
tests/quoting/d27/unterminated.rxt:37	unanch	0	19	5	5
tests/recursion/atomicity.rxt:44	attempt	0	4	5	0
tests/recursion/atomicity.rxt:50	attempt	0	6	5	0
tests/recursion/atomicity.rxt:56	attempt	0	12	9	0
tests/recursion/atomicity.rxt:65	none	0	0	0	0
tests/recursion/atomicity.rxt:75	attempt	0	4	5	0
tests/recursion/atomicity.rxt:80	attempt	0	4	5	0
tests/recursion/atomicity.rxt:85	attempt	0	9	6	0
tests/recursion/atomicity.rxt:90	attempt	0	4	5	0
tests/recursion/bothlinkage.rxt:44	none	0	0	0	0
tests/recursion/bothlinkage.rxt:57	none	0	0	0	0
tests/recursion/bothlinkage.rxt:71	none	0	0	0	0
tests/recursion/bothlinkage.rxt:85	none	0	0	0	0
tests/recursion/bothlinkage.rxt:97	none	0	0	0	0
tests/recursion/bothlinkage.rxt:119	none	0	0	0	0
tests/recursion/bothlinkage.rxt:138	none	0	0	0	0
tests/recursion/captures.rxt:44	none	0	0	0	0
tests/recursion/captures.rxt:56	none	0	0	0	0
tests/recursion/captures.rxt:64	none	0	0	0	0
tests/recursion/captures.rxt:76	attempt	0	5	5	0
tests/recursion/captures.rxt:87	none	0	0	0	0
tests/recursion/captures.rxt:94	none	0	0	0	0
tests/recursion/captures.rxt:103	none	0	0	0	0
tests/recursion/captures.rxt:110	none	0	0	0	0
tests/recursion/d27/sr_atomicity.rxt:19	attempt	0	4	5	0
tests/recursion/d27/sr_atomicity.rxt:29	attempt	0	4	5	0
tests/recursion/d27/sr_atomicity.rxt:36	attempt	0	4	5	0
tests/recursion/d27/sr_atomicity.rxt:43	attempt	0	9	6	0
tests/recursion/d27/sr_atomicity.rxt:51	attempt	0	2	2	0
tests/recursion/d27/sr_atomicity.rxt:61	attempt	0	4	5	0
tests/recursion/d27/sr_atomicity.rxt:71	attempt	0	6	5	0
tests/recursion/d27/sr_atomicity.rxt:83	attempt	0	6	5	0
tests/recursion/d27/sr_atomicity.rxt:89	attempt	0	9	5	0
tests/recursion/d27/sr_atomicity.rxt:94	attempt	0	12	9	0
tests/recursion/d27/sr_atomicity.rxt:103	attempt	0	12	9	0
tests/recursion/d27/sr_atomicity.rxt:113	none	0	0	0	0
tests/recursion/d27/sr_atomicity.rxt:125	none	0	0	0	0
tests/recursion/d27/sr_atomicity.rxt:136	attempt	0	7	7	0
tests/recursion/d27/sr_captures.rxt:20	attempt	0	2	4	0
tests/recursion/d27/sr_captures.rxt:33	none	0	0	0	0
tests/recursion/d27/sr_captures.rxt:49	none	0	0	0	0
tests/recursion/d27/sr_captures.rxt:63	none	0	0	0	0
tests/recursion/d27/sr_captures.rxt:82	none	0	0	0	0
tests/recursion/d27/sr_captures.rxt:93	none	0	0	0	0
tests/recursion/d27/sr_captures.rxt:109	attempt	0	5	5	0
tests/recursion/d27/sr_captures.rxt:122	none	0	0	0	0
tests/recursion/d27/sr_captures.rxt:137	none	0	0	0	0
tests/recursion/d27/sr_captures.rxt:156	none	0	0	0	0
tests/recursion/d27/sr_captures.rxt:169	none	0	0	0	0
tests/recursion/d27/sr_define.rxt:19	attempt	0	7	8	0
tests/recursion/d27/sr_define.rxt:38	attempt	0	7	8	0
tests/recursion/d27/sr_define.rxt:58	attempt	0	5	3	0
tests/recursion/d27/sr_define.rxt:79	attempt	0	14	12	0
tests/recursion/d27/sr_define.rxt:98	attempt	0	14	12	0
tests/recursion/d27/sr_define.rxt:116	attempt	0	2	3	0
tests/recursion/d27/sr_define.rxt:131	attempt	0	5	4	0
tests/recursion/d27/sr_define.rxt:145	attempt	0	3	5	0
tests/recursion/d27/sr_define.rxt:155	attempt	0	3	5	0
tests/recursion/d27/sr_define.rxt:167	attempt	0	6	8	0
tests/recursion/d27/sr_define.rxt:176	attempt	0	2	2	0
tests/recursion/d27/sr_define.rxt:188	attempt	0	0	2	0
tests/recursion/d27/sr_define.rxt:195	attempt	0	0	2	0
tests/recursion/d27/sr_define.rxt:203	none	0	0	0	0
tests/recursion/d27/sr_define.rxt:213	attempt	0	4	6	0
tests/recursion/d27/sr_define.rxt:221	attempt	0	5	5	0
tests/recursion/d27/sr_define.rxt:231	attempt	0	3	3	0
tests/recursion/d27/sr_define.rxt:240	attempt	0	7	7	0
tests/recursion/d27/sr_depth.rxt:20	none	0	0	0	0
tests/recursion/d27/sr_depth.rxt:43	none	0	0	0	0
tests/recursion/d27/sr_depth.rxt:60	none	0	0	0	0
tests/recursion/d27/sr_depth.rxt:79	none	0	0	0	0
tests/recursion/d27/sr_depth.rxt:93	none	0	0	0	0
tests/recursion/d27/sr_depth.rxt:105	none	0	0	0	0
tests/recursion/d27/sr_depth.rxt:119	none	0	0	0	0
tests/recursion/d27/sr_depth.rxt:135	none	0	0	0	0
tests/recursion/d27/sr_depth.rxt:152	none	0	0	0	0
tests/recursion/d27/sr_depth.rxt:166	none	0	0	0	0
tests/recursion/d27/sr_depth.rxt:175	none	0	0	0	0
tests/recursion/d27/sr_depth.rxt:184	none	0	0	0	0
tests/recursion/d27/sr_depth.rxt:193	none	0	0	0	0
tests/recursion/d27/sr_email.rxt:20	unanch	0	5796	450	140
tests/recursion/d27/sr_email.rxt:47	unanch	0	5796	450	140
tests/recursion/d27/sr_interactions.rxt:21	attempt	0	4	6	0
tests/recursion/d27/sr_interactions.rxt:29	attempt	0	2	4	0
tests/recursion/d27/sr_interactions.rxt:39	none	0	0	0	0
tests/recursion/d27/sr_interactions.rxt:53	attempt	0	2	4	0
tests/recursion/d27/sr_interactions.rxt:62	attempt	0	2	4	0
tests/recursion/d27/sr_interactions.rxt:70	attempt	0	2	4	0
tests/recursion/d27/sr_interactions.rxt:78	none	1	0	0	0
tests/recursion/d27/sr_interactions.rxt:84	attempt	0	2	4	0
tests/recursion/d27/sr_interactions.rxt:93	attempt	0	4	5	0
tests/recursion/d27/sr_interactions.rxt:104	attempt	0	4	5	0
tests/recursion/d27/sr_interactions.rxt:115	attempt	0	4	5	0
tests/recursion/d27/sr_interactions.rxt:126	attempt	0	4	5	0
tests/recursion/d27/sr_interactions.rxt:139	none	0	0	0	0
tests/recursion/d27/sr_interactions.rxt:152	none	0	0	0	0
tests/recursion/d27/sr_interactions.rxt:165	none	0	0	0	0
tests/recursion/d27/sr_interactions.rxt:178	none	0	0	0	0
tests/recursion/d27/sr_interactions.rxt:187	attempt	0	5	7	0
tests/recursion/d27/sr_interactions.rxt:199	attempt	0	2	4	0
tests/recursion/d27/sr_interactions.rxt:207	attempt	0	2	4	0
tests/recursion/d27/sr_interactions.rxt:217	attempt	0	4	6	0
tests/recursion/d27/sr_interactions.rxt:229	attempt	0	5	7	0
tests/recursion/d27/sr_interactions.rxt:245	none	1	0	0	0
tests/recursion/d27/sr_interactions.rxt:252	none	1	0	0	0
tests/recursion/d27/sr_interactions.rxt:258	none	1	0	0	0
tests/recursion/d27/sr_interactions.rxt:265	none	1	0	0	0
tests/recursion/d27/sr_interactions.rxt:272	attempt	0	3	5	0
tests/recursion/d27/sr_interactions.rxt:280	attempt	0	2	4	0
tests/recursion/d27/sr_interactions.rxt:287	attempt	0	2	4	0
tests/recursion/d27/sr_interactions.rxt:293	attempt	0	2	4	0
tests/recursion/d27/sr_interactions.rxt:300	attempt	0	7	6	0
tests/recursion/d27/sr_interactions.rxt:311	attempt	0	1	2	0
tests/recursion/d27/sr_interactions.rxt:322	attempt	0	3	3	0
tests/recursion/d27/sr_interactions.rxt:328	unanch	0	11	4	4
tests/recursion/d27/sr_interactions.rxt:337	unanch	0	16	5	5
tests/recursion/d27/sr_interactions.rxt:344	attempt	0	2	4	0
tests/recursion/d27/sr_interactions.rxt:353	unanch	0	7	3	3
tests/recursion/d27/sr_interactions.rxt:361	none	0	0	0	0
tests/recursion/d27/sr_interactions.rxt:370	unanch	0	7	3	3
tests/recursion/d27/sr_interactions.rxt:378	unanch	0	16	4	3
tests/recursion/d27/sr_interactions.rxt:386	unanch	0	7	3	3
tests/recursion/d27/sr_refusals.rxt:20	none	1	0	0	0
tests/recursion/d27/sr_refusals.rxt:29	none	1	0	0	0
tests/recursion/d27/sr_refusals.rxt:38	none	1	0	0	0
tests/recursion/d27/sr_refusals.rxt:47	none	1	0	0	0
tests/recursion/d27/sr_refusals.rxt:56	none	1	0	0	0
tests/recursion/d27/sr_refusals.rxt:65	none	1	0	0	0
tests/recursion/d27/sr_refusals.rxt:74	none	1	0	0	0
tests/recursion/d27/sr_refusals.rxt:83	none	1	0	0	0
tests/recursion/d27/sr_refusals.rxt:92	none	1	0	0	0
tests/recursion/d27/sr_refusals.rxt:99	none	1	0	0	0
tests/recursion/d27/sr_refusals.rxt:106	none	1	0	0	0
tests/recursion/d27/sr_refusals.rxt:113	none	1	0	0	0
tests/recursion/d27/sr_refusals.rxt:120	none	1	0	0	0
tests/recursion/d27/sr_refusals.rxt:127	none	1	0	0	0
tests/recursion/d27/sr_refusals.rxt:134	none	1	0	0	0
tests/recursion/d27/sr_refusals.rxt:141	none	1	0	0	0
tests/recursion/d27/sr_refusals.rxt:148	none	1	0	0	0
tests/recursion/d27/sr_refusals.rxt:153	none	1	0	0	0
tests/recursion/d27/sr_refusals.rxt:158	none	1	0	0	0
tests/recursion/d27/sr_refusals.rxt:163	none	1	0	0	0
tests/recursion/d27/sr_refusals.rxt:168	none	1	0	0	0
tests/recursion/d27/sr_refusals.rxt:176	none	1	0	0	0
tests/recursion/d27/sr_refusals.rxt:182	none	1	0	0	0
tests/recursion/d27/sr_root.rxt:22	none	0	0	0	0
tests/recursion/d27/sr_root.rxt:39	none	0	0	0	0
tests/recursion/d27/sr_root.rxt:56	none	0	0	0	0
tests/recursion/d27/sr_root.rxt:73	none	0	0	0	0
tests/recursion/d27/sr_root.rxt:90	none	0	0	0	0
tests/recursion/d27/sr_root.rxt:107	none	0	0	0	0
tests/recursion/d27/sr_root.rxt:124	none	0	0	0	0
tests/recursion/d27/sr_root.rxt:141	none	0	0	0	0
tests/recursion/d27/sr_root.rxt:158	none	0	0	0	0
tests/recursion/d27/sr_root.rxt:172	none	0	0	0	0
tests/recursion/d27/sr_root.rxt:186	none	0	0	0	0
tests/recursion/d27/sr_root.rxt:200	none	0	0	0	0
tests/recursion/d27/sr_root.rxt:214	none	0	0	0	0
tests/recursion/d27/sr_root.rxt:228	none	0	0	0	0
tests/recursion/d27/sr_root.rxt:242	none	0	0	0	0
tests/recursion/d27/sr_root.rxt:253	none	0	0	0	0
tests/recursion/d27/sr_root.rxt:265	none	0	0	0	0
tests/recursion/d27/sr_root.rxt:273	none	0	0	0	0
tests/recursion/d27/sr_root.rxt:284	none	0	0	0	0
tests/recursion/d27/sr_root.rxt:294	none	0	0	0	0
tests/recursion/d27/sr_root.rxt:302	none	0	0	0	0
tests/recursion/d27/sr_root.rxt:308	none	0	0	0	0
tests/recursion/d27/sr_spellings.rxt:20	unanch	0	7	3	3
tests/recursion/d27/sr_spellings.rxt:33	none	0	0	0	0
tests/recursion/d27/sr_spellings.rxt:42	attempt	0	2	4	0
tests/recursion/d27/sr_spellings.rxt:53	attempt	0	2	4	0
tests/recursion/d27/sr_spellings.rxt:64	attempt	0	2	4	0
tests/recursion/d27/sr_spellings.rxt:75	attempt	0	2	4	0
tests/recursion/d27/sr_spellings.rxt:86	attempt	0	2	4	0
tests/recursion/d27/sr_spellings.rxt:97	attempt	0	2	4	0
tests/recursion/d27/sr_spellings.rxt:108	attempt	0	2	4	0
tests/recursion/d27/sr_spellings.rxt:119	attempt	0	2	4	0
tests/recursion/d27/sr_spellings.rxt:130	attempt	0	2	4	0
tests/recursion/d27/sr_spellings.rxt:141	attempt	0	2	4	0
tests/recursion/d27/sr_spellings.rxt:152	attempt	0	2	4	0
tests/recursion/d27/sr_spellings.rxt:163	attempt	0	2	4	0
tests/recursion/d27/sr_spellings.rxt:173	attempt	0	2	4	0
tests/recursion/d27/sr_spellings.rxt:182	attempt	0	2	4	0
tests/recursion/d27/sr_spellings.rxt:191	attempt	0	2	4	0
tests/recursion/d27/sr_spellings.rxt:200	attempt	0	2	4	0
tests/recursion/d27/sr_spellings.rxt:209	attempt	0	2	4	0
tests/recursion/d27/sr_spellings.rxt:218	attempt	0	2	4	0
tests/recursion/d27/sr_spellings.rxt:228	none	0	0	0	0
tests/recursion/d27/sr_spellings.rxt:237	none	0	0	0	0
tests/recursion/d27/sr_spellings.rxt:245	none	0	0	0	0
tests/recursion/d27/sr_spellings.rxt:253	none	0	0	0	0
tests/recursion/d27/sr_spellings.rxt:261	none	0	0	0	0
tests/recursion/d27/sr_spellings.rxt:269	attempt	0	2	4	0
tests/recursion/d27/sr_spellings.rxt:280	none	0	0	0	0
tests/recursion/d27/sr_spellings.rxt:287	attempt	0	2	4	0
tests/recursion/d27/sr_spellings.rxt:294	attempt	0	3	5	0
tests/recursion/d27/sr_spellings.rxt:303	attempt	0	2	4	0
tests/recursion/d27/sr_spellings.rxt:312	attempt	0	3	5	0
tests/recursion/d27/sr_spellings.rxt:321	attempt	0	3	5	0
tests/recursion/d27/sr_spellings.rxt:330	attempt	0	2	4	0
tests/recursion/d27/sr_spellings.rxt:338	attempt	0	3	5	0
tests/recursion/d27/sr_spellings.rxt:346	attempt	0	3	5	0
tests/recursion/d27/sr_spellings.rxt:354	attempt	0	3	5	0
tests/recursion/d27/sr_spellings.rxt:362	attempt	0	3	5	0
tests/recursion/d27/sr_spellings.rxt:372	attempt	0	3	5	0
tests/recursion/d27/sr_spellings.rxt:382	attempt	0	3	5	0
tests/recursion/d27/sr_spellings.rxt:392	attempt	0	4	6	0
tests/recursion/d27/sr_spellings.rxt:404	attempt	0	11	13	0
tests/recursion/d27/sr_spellings.rxt:432	attempt	0	11	13	0
tests/recursion/d27/sr_spellings.rxt:448	attempt	0	11	13	0
tests/recursion/d27/sr_spellings.rxt:466	attempt	0	11	13	0
tests/recursion/d27/sr_spellings.rxt:482	attempt	0	11	13	0
tests/recursion/d27/sr_spellings.rxt:499	attempt	0	11	13	0
tests/recursion/d27/sr_wrapped.rxt:19	attempt	0	4	6	0
tests/recursion/d27/sr_wrapped.rxt:30	attempt	0	5	6	0
tests/recursion/d27/sr_wrapped.rxt:41	attempt	0	8	8	0
tests/recursion/d27/sr_wrapped.rxt:52	attempt	0	8	8	0
tests/recursion/d27/sr_wrapped.rxt:62	attempt	0	4	5	0
tests/recursion/d27/sr_wrapped.rxt:71	attempt	0	4	5	0
tests/recursion/d27/sr_wrapped.rxt:79	attempt	0	4	6	0
tests/recursion/d27/sr_wrapped.rxt:89	attempt	0	5	4	0
tests/recursion/d27/sr_wrapped.rxt:100	attempt	0	4	6	0
tests/recursion/d27/sr_wrapped.rxt:110	attempt	0	2	4	0
tests/recursion/d27/sr_wrapped.rxt:122	none	1	0	0	0
tests/recursion/define.rxt:44	attempt	0	6	5	0
tests/recursion/define.rxt:52	attempt	0	6	5	0
tests/recursion/define.rxt:58	attempt	0	1	3	0
tests/recursion/define.rxt:65	attempt	0	2	4	0
tests/recursion/define.rxt:72	none	0	0	0	0
tests/recursion/define.rxt:81	attempt	0	3	3	0
tests/recursion/define.rxt:87	attempt	0	1	3	0
tests/recursion/define.rxt:95	attempt	0	1	3	0
tests/recursion/define.rxt:100	attempt	0	1	3	0
tests/recursion/define.rxt:105	attempt	0	1	3	0
tests/recursion/define.rxt:111	attempt	0	1	3	0
tests/recursion/define.rxt:117	attempt	0	2	4	0
tests/recursion/define.rxt:129	none	1	0	0	0
tests/recursion/define.rxt:135	none	1	0	0	0
tests/recursion/define.rxt:145	none	1	0	0	0
tests/recursion/define.rxt:151	none	1	0	0	0
tests/recursion/dupnames.rxt:44	attempt	0	4	5	0
tests/recursion/dupnames.rxt:56	attempt	0	5	7	0
tests/recursion/dupnames.rxt:69	attempt	0	5	6	0
tests/recursion/dupnames.rxt:83	attempt	0	4	5	0
tests/recursion/dupnames.rxt:90	attempt	0	4	5	0
tests/recursion/dupnames.rxt:97	attempt	0	4	5	0
tests/recursion/framebuffer.rxt:24	none	0	0	0	0
tests/recursion/framebuffer.rxt:94	unanch	0	21	4	4
tests/recursion/framebuffer.rxt:109	unanch	0	13	4	4
tests/recursion/gated.rxt:45	none	1	0	0	0
tests/recursion/gated.rxt:50	none	1	0	0	0
tests/recursion/gated.rxt:55	none	1	0	0	0
tests/recursion/gated.rxt:64	attempt	0	2	4	0
tests/recursion/gated.rxt:71	attempt	0	2	4	0
tests/recursion/gated.rxt:83	none	1	0	0	0
tests/recursion/gated.rxt:92	unanch	0	7	3	3
tests/recursion/inlookaround.rxt:44	attempt	0	2	4	0
tests/recursion/inlookaround.rxt:51	attempt	0	3	5	0
tests/recursion/inlookaround.rxt:57	attempt	0	3	5	0
tests/recursion/inlookaround.rxt:63	attempt	0	3	5	0
tests/recursion/inlookaround.rxt:70	attempt	0	2	4	0
tests/recursion/inlookaround.rxt:75	attempt	0	2	4	0
tests/recursion/inlookaround.rxt:81	attempt	0	3	5	0
tests/recursion/inlookaround.rxt:86	attempt	0	2	4	0
tests/recursion/inlookaround.rxt:91	attempt	0	2	4	0
tests/recursion/inlookaround.rxt:96	attempt	0	2	4	0
tests/recursion/inlookaround.rxt:105	attempt	0	2	4	0
tests/recursion/inlookaround.rxt:114	attempt	0	2	4	0
tests/recursion/inlookaround.rxt:121	none	1	0	0	0
tests/recursion/inlookaround.rxt:127	none	1	0	0	0
tests/recursion/inlookaround.rxt:133	none	1	0	0	0
tests/recursion/inlookaround.rxt:139	none	1	0	0	0
tests/recursion/inlookaround.rxt:148	attempt	0	2	4	0
tests/recursion/inlookaround.rxt:153	attempt	0	2	4	0
tests/recursion/inlookaround.rxt:158	attempt	0	2	4	0
tests/recursion/inlookaround.rxt:167	attempt	0	4	6	0
tests/recursion/inlookaround.rxt:174	attempt	0	5	6	0
tests/recursion/inlookaround.rxt:182	attempt	0	8	8	0
tests/recursion/inlookaround.rxt:188	attempt	0	8	8	0
tests/recursion/inlookaround.rxt:194	attempt	0	4	6	0
tests/recursion/inlookaround.rxt:200	attempt	0	5	4	0
tests/recursion/kreset.rxt:44	attempt	0	4	6	0
tests/recursion/kreset.rxt:50	attempt	0	2	4	0
tests/recursion/kreset.rxt:56	none	0	0	0	0
tests/recursion/kreset.rxt:66	unanch	0	7	3	3
tests/recursion/kreset.rxt:76	unanch	0	11	4	4
tests/recursion/kreset.rxt:82	unanch	0	11	4	4
tests/recursion/kreset.rxt:88	unanch	0	11	4	4
tests/recursion/kreset.rxt:94	attempt	0	2	4	0
tests/recursion/leadingzero.rxt:44	none	0	0	0	0
tests/recursion/leadingzero.rxt:50	none	0	0	0	0
tests/recursion/leadingzero.rxt:56	none	0	0	0	0
tests/recursion/leadingzero.rxt:62	none	0	0	0	0
tests/recursion/leadingzero.rxt:68	none	0	0	0	0
tests/recursion/leadingzero.rxt:73	none	0	0	0	0
tests/recursion/leadingzero.rxt:81	none	0	0	0	0
tests/recursion/leadingzero.rxt:86	none	0	0	0	0
tests/recursion/leadingzero.rxt:91	none	0	0	0	0
tests/recursion/leadingzero.rxt:96	none	0	0	0	0
tests/recursion/leadingzero.rxt:100	none	0	0	0	0
tests/recursion/leadingzero.rxt:104	none	0	0	0	0
tests/recursion/leadingzero.rxt:112	attempt	0	3	5	0
tests/recursion/leftrec.rxt:45	none	0	0	0	0
tests/recursion/leftrec.rxt:52	none	0	0	0	0
tests/recursion/leftrec.rxt:59	none	0	0	0	0
tests/recursion/leftrec.rxt:68	none	0	0	0	0
tests/recursion/leftrec.rxt:77	none	0	0	0	0
tests/recursion/mrl.rxt:44	none	0	0	0	0
tests/recursion/mrl.rxt:56	none	0	0	0	0
tests/recursion/nocaptures.rxt:66	attempt	0	3	5	0
tests/recursion/nocaptures.rxt:76	attempt	0	6	7	0
tests/recursion/prefilter.rxt:44	unanch	0	14	4	4
tests/recursion/prefilter.rxt:54	unanch	0	14	4	4
tests/recursion/prefilter.rxt:61	unanch	0	14	4	4
tests/recursion/prefilter.rxt:72	unanch	0	29	8	8
tests/recursion/prefilter.rxt:80	unanch	0	29	8	8
tests/recursion/quantified.rxt:44	attempt	0	14	5	0
tests/recursion/quantified.rxt:55	attempt	0	16	9	0
tests/recursion/quantified.rxt:64	none	0	0	0	0
tests/recursion/quantified.rxt:79	none	0	0	0	0
tests/recursion/quantified.rxt:87	attempt	0	2	2	0
tests/recursion/quantified.rxt:99	attempt	0	4	6	0
tests/recursion/quantified.rxt:105	attempt	0	4	5	0
tests/recursion/quantified.rxt:111	attempt	0	3	4	0
tests/recursion/quantified.rxt:119	attempt	0	7	7	0
tests/recursion/quantified.rxt:125	attempt	0	4	6	0
tests/recursion/quantified.rxt:131	attempt	0	4	6	0
tests/recursion/quantified.rxt:137	attempt	0	4	6	0
tests/recursion/quantified.rxt:143	attempt	0	4	6	0
tests/recursion/quantified.rxt:149	attempt	0	4	6	0
tests/recursion/quantified.rxt:155	attempt	0	4	6	0
tests/recursion/quantified.rxt:161	attempt	0	4	6	0
tests/recursion/quantified.rxt:167	none	0	0	0	0
tests/recursion/quantified.rxt:177	attempt	0	2	2	0
tests/recursion/quantified.rxt:182	attempt	0	0	2	0
tests/recursion/quantified.rxt:187	none	0	0	0	0
tests/recursion/quantified.rxt:198	none	0	0	0	0
tests/recursion/realworld.rxt:44	unanch	0	5796	450	140
tests/recursion/realworld.rxt:71	unanch	0	5796	450	140
tests/recursion/realworld.rxt:131	unanch	0	5796	450	140
tests/recursion/rebind.rxt:44	attempt	0	2	4	0
tests/recursion/rebind.rxt:58	attempt	0	9	9	0
tests/recursion/rebind.rxt:71	attempt	0	4	6	0
tests/recursion/rebind.rxt:79	attempt	0	8	8	0
tests/recursion/refused.rxt:45	none	1	0	0	0
tests/recursion/refused.rxt:50	none	1	0	0	0
tests/recursion/refused.rxt:55	none	1	0	0	0
tests/recursion/refused.rxt:60	none	1	0	0	0
tests/recursion/relative.rxt:44	attempt	0	3	5	0
tests/recursion/relative.rxt:51	attempt	0	3	5	0
tests/recursion/relative.rxt:58	attempt	0	4	6	0
tests/recursion/relative.rxt:66	attempt	0	5	7	0
tests/recursion/relative.rxt:79	attempt	0	2	4	0
tests/recursion/relative.rxt:85	attempt	0	3	5	0
tests/recursion/relative.rxt:92	attempt	0	4	6	0
tests/recursion/relative.rxt:100	attempt	0	5	7	0
tests/recursion/relative.rxt:112	attempt	0	3	5	0
tests/recursion/relative.rxt:118	attempt	0	3	5	0
tests/recursion/relative.rxt:124	attempt	0	3	5	0
tests/recursion/relative.rxt:134	attempt	0	2	4	0
tests/recursion/relative.rxt:139	attempt	0	3	5	0
tests/recursion/relative.rxt:151	none	1	0	0	0
tests/recursion/relative.rxt:157	none	1	0	0	0
tests/recursion/relative.rxt:163	none	1	0	0	0
tests/recursion/relative.rxt:169	none	1	0	0	0
tests/recursion/slotfamilies.rxt:44	none	0	0	0	0
tests/recursion/slotfamilies.rxt:56	none	0	0	0	0
tests/recursion/slotfamilies.rxt:67	none	0	0	0	0
tests/recursion/slotfamilies.rxt:79	none	0	0	0	0
tests/recursion/slotfamilies.rxt:96	none	0	0	0	0
tests/recursion/slotfamilies.rxt:111	none	0	0	0	0
tests/recursion/spellings.rxt:44	none	0	0	0	0
tests/recursion/spellings.rxt:51	unanch	0	7	3	3
tests/recursion/spellings.rxt:63	unanch	0	7	3	3
tests/recursion/spellings.rxt:69	unanch	0	7	3	3
tests/recursion/spellings.rxt:75	unanch	0	7	3	3
tests/recursion/spellings.rxt:81	unanch	0	7	3	3
tests/recursion/spellings.rxt:87	unanch	0	7	3	3
tests/recursion/spellings.rxt:93	unanch	0	7	3	3
tests/recursion/spellings.rxt:99	unanch	0	7	3	3
tests/recursion/spellings.rxt:105	unanch	0	7	3	3
tests/recursion/whole.rxt:44	none	0	0	0	0
tests/recursion/whole.rxt:50	none	0	0	0	0
tests/recursion/whole.rxt:55	none	0	0	0	0
tests/recursion/whole.rxt:60	none	0	0	0	0
tests/recursion/whole.rxt:65	none	0	0	0	0
tests/recursion/whole.rxt:70	none	0	0	0	0
tests/recursion/zerodef.rxt:44	attempt	0	4	5	0
tests/recursion/zerodef.rxt:50	attempt	0	4	5	0
tests/recursion/zerodef.rxt:56	attempt	0	7	7	0
tests/recursion/zerodef.rxt:66	none	0	0	0	0
tests/recursion/zerodef.rxt:73	none	0	0	0	0
tests/recursion/zerodef.rxt:80	none	0	0	0	0
tests/recursion/zerodef.rxt:90	attempt	0	4	5	0
tests/recursion/zerodef.rxt:97	attempt	0	4	5	0
tests/recursion/zerodef.rxt:104	attempt	0	7	7	0
tests/recursion/zerodef.rxt:114	attempt	0	2	3	0
tests/recursion/zerodef.rxt:120	attempt	0	2	3	0
tests/recursion/zerodef.rxt:126	attempt	0	5	4	0
tests/rungselect/revdet_highbytes.rxt:54	unanch	0	30	5	5
tests/rungselect/revdet_highbytes.rxt:74	unanch	0	47	6	6
tests/rungselect/revdet_highbytes.rxt:100	unanch	0	19	4	4
tests/rungselect/revdet_highbytes.rxt:119	unanch	0	30	5	5
tests/rungselect/revdet_highbytes.rxt:134	unanch	0	47	6	6
tests/rungselect/revdet_highbytes.rxt:157	unanch	0	47	6	6
tests/rungselect/revdet_highbytes.rxt:180	unanch	0	19	4	4
tests/rungselect/rungselect.rxt:40	unanch	0	47	6	6
tests/rungselect/rungselect.rxt:135	unanch	0	64	13	6
tests/rungselect/rungselect.rxt:254	unanch	0	37	5	6
tests/rungselect/rungselect.rxt:371	unanch	0	24	4	5
tests/rungselect/rungselect.rxt:460	unanch	0	45	6	6
tests/rungselect/rungselect.rxt:545	unanch	0	30	5	5
tests/rungselect/rungselect.rxt:619	unanch	0	7	2	2
tests/rungselect/rungselect.rxt:711	unanch	0	20	4	3
tests/rungselect/rungselect.rxt:808	unanch	0	77	10	10
tests/rungselect/rungselect.rxt:869	unanch	0	77	10	10
tests/rungselect/rungselect.rxt:927	unanch	0	55	11	11
tests/rungselect/rungselect.rxt:972	unanch	0	58	11	11
tests/rungselect/rungselect.rxt:1021	unanch	0	58	11	11
tests/rungselect/rungselect.rxt:1070	unanch	0	58	14	11
tests/rungselect/rungselect.rxt:1119	unanch	0	43	7	7
tests/rungselect/rungselect.rxt:1170	unanch	0	77	12	12
tests/rungselect/rungselect.rxt:1220	unanch	0	239	24	12
tests/rungselect/rungselect.rxt:1269	unanch	0	87	12	12
tests/rungselect/rungselect.rxt:1362	unanch	0	47	6	6
tests/rungselect/rungselect.rxt:1482	unanch	0	93	14	14
tests/rungselect/rungselect.rxt:1529	unanch	0	88	13	14
tests/rungselect/rungselect.rxt:1555	unanch	0	39	8	8
tests/rungselect/rungselect.rxt:1603	unanch	0	11	3	3
tests/rungselect/rungselect.rxt:1695	unanch	0	10	3	3
tests/rungselect/rungselect.rxt:1785	unanch	0	43	7	7
tests/rungselect/rungselect.rxt:1833	unanch	0	9	3	3
tests/rungselect/rungselect.rxt:1887	unanch	0	12	2	5
tests/rungselect/rungselect.rxt:2060	unanch	0	43	7	7
tests/rungselect/rungselect.rxt:2110	unanch	0	47	6	6
tests/size/size_term.rxt:32	none	1	0	0	0
tests/size/size_term.rxt:41	none	0	0	0	0
tests/size/size_term.rxt:55	unanch	0	344	26	26
/Users/fdicostanzo/pcrec-bench/bench/altwide/patterns/ci-256.rx	unanch	0	51700	1321	1314
/Users/fdicostanzo/pcrec-bench/bench/altwide/patterns/ci-512.rx	unanch	0	118348	2608	2592
/Users/fdicostanzo/pcrec-bench/bench/altwide/patterns/cnt-64.rx	unanch	0	20807	1051	1048
/Users/fdicostanzo/pcrec-bench/bench/altwide/patterns/floor.rx	unanch	0	4	2	2
/Users/fdicostanzo/pcrec-bench/bench/altwide/patterns/nar4-256.rx	unanch	0	201326	1352	1439
/Users/fdicostanzo/pcrec-bench/bench/altwide/patterns/nar4-512.rx	unanch	0	734726	2496	2695
/Users/fdicostanzo/pcrec-bench/bench/altwide/patterns/nar4-64.rx	unanch	0	14216	364	382
/Users/fdicostanzo/pcrec-bench/bench/altwide/patterns/pfx3-256.rx	unanch	0	6223	968	965
/Users/fdicostanzo/pcrec-bench/bench/altwide/patterns/pfx3-512.rx	unanch	0	12340	1887	1883
/Users/fdicostanzo/pcrec-bench/bench/altwide/patterns/s-2048.rx	unanch	0	5207328	4520	4445
/Users/fdicostanzo/pcrec-bench/bench/altwide/patterns/s-256.rx	unanch	0	85624	703	699
/Users/fdicostanzo/pcrec-bench/bench/altwide/patterns/s-4096.rx	unanch	0	18789210	8269	8104
/Users/fdicostanzo/pcrec-bench/bench/altwide/patterns/s-512.rx	unanch	0	366635	1364	1348
/Users/fdicostanzo/pcrec-bench/bench/altwide/patterns/sfx-256.rx	unanch	0	275075	1749	970
/Users/fdicostanzo/pcrec-bench/bench/altwide/patterns/sfx-512.rx	unanch	0	1048818	3390	1830
/Users/fdicostanzo/pcrec-bench/bench/altwide/patterns/sfx-64.rx	unanch	0	25442	476	285
/Users/fdicostanzo/pcrec-bench/bench/altwide/patterns/sh1-256.rx	unanch	0	14651	1272	1266
/Users/fdicostanzo/pcrec-bench/bench/altwide/patterns/sh1-512.rx	unanch	0	45428	2457	2437
/Users/fdicostanzo/pcrec-bench/bench/altwide/patterns/sh1-64.rx	unanch	0	2289	314	310
/Users/fdicostanzo/pcrec-bench/bench/altwide/patterns/srt-256.rx	unanch	0	51700	1321	1066
/Users/fdicostanzo/pcrec-bench/bench/altwide/patterns/srt-512.rx	unanch	0	118414	2608	2041
/Users/fdicostanzo/pcrec-bench/bench/altwide/patterns/w-1024.rx	unanch	0	2674033	5147	5097
/Users/fdicostanzo/pcrec-bench/bench/altwide/patterns/w-128.rx	unanch	0	71365	683	678
/Users/fdicostanzo/pcrec-bench/bench/altwide/patterns/w-192.rx	unanch	0	144899	999	985
/Users/fdicostanzo/pcrec-bench/bench/altwide/patterns/w-2048.rx	unanch	0	10497244	9872	9817
/Users/fdicostanzo/pcrec-bench/bench/altwide/patterns/w-256.rx	unanch	0	238486	1321	1301
/Users/fdicostanzo/pcrec-bench/bench/altwide/patterns/w-384.rx	unanch	0	496028	1964	1931
/Users/fdicostanzo/pcrec-bench/bench/altwide/patterns/w-512.rx	unanch	0	770583	2608	2572
/Users/fdicostanzo/pcrec-bench/bench/altwide/patterns/w-64.rx	unanch	0	18183	351	350
/Users/fdicostanzo/pcrec-bench/bench/altwide/patterns/w-8.rx	unanch	0	431	37	37
/Users/fdicostanzo/pcrec-bench/bench/altwide/patterns/w-96.rx	unanch	0	39800	530	527
/Users/fdicostanzo/pcrec-bench/bench/altwide/patterns/wb-256.rx	unanch	0	228919	1322	1302
/Users/fdicostanzo/pcrec-bench/bench/altwide/patterns/wb-512.rx	unanch	0	725974	2609	2573
