/Users/fdicostanzo/pcrec/worktrees/dfam12/tests/base/k18_cost_gates.rxt:66	27575	1010	11317001	0	0
/Users/fdicostanzo/pcrec/worktrees/dfam12/tests/base/k18_cost_gates.rxt:70	1968	83	251719	0	0
/Users/fdicostanzo/pcrec/worktrees/dfam12/tests/counterk/counterk.rxt:15	16	2	127	0	0
/Users/fdicostanzo/pcrec/worktrees/dfam12/tests/counterk/counterk.rxt:93	18	2	157	0	0
/Users/fdicostanzo/pcrec/worktrees/dfam12/tests/counterk/counterk.rxt:169	20	2	190	0	0
/Users/fdicostanzo/pcrec/worktrees/dfam12/tests/counterk/counterk.rxt:246	26	2	307	0	0
/Users/fdicostanzo/pcrec/worktrees/dfam12/tests/counterk/counterk.rxt:323	32	2	451	0	0
/Users/fdicostanzo/pcrec/worktrees/dfam12/tests/counterk/counterk.rxt:399	34	2	505	0	0
/Users/fdicostanzo/pcrec/worktrees/dfam12/tests/counterk/counterk.rxt:475	36	2	562	0	0
/Users/fdicostanzo/pcrec/worktrees/dfam12/tests/counterk/counterk.rxt:554	25	2	293	0	0
/Users/fdicostanzo/pcrec/worktrees/dfam12/tests/counterk/counterk.rxt:630	35	2	543	0	0
/Users/fdicostanzo/pcrec/worktrees/dfam12/tests/counterk/counterk.rxt:708	26	26	284	0	0
/Users/fdicostanzo/pcrec/worktrees/dfam12/tests/counterk/counterk.rxt:745	34	34	474	0	0
/Users/fdicostanzo/pcrec/worktrees/dfam12/tests/counterk/counterk.rxt:779	36	36	529	0	0
/Users/fdicostanzo/pcrec/worktrees/dfam12/tests/counterk/counterk.rxt:815	36	20	545	0	0
/Users/fdicostanzo/pcrec/worktrees/dfam12/tests/counterk/counterk.rxt:855	40	24	664	0	0
/Users/fdicostanzo/pcrec/worktrees/dfam12/tests/counterk/counterk.rxt:891	35	20	526	0	0
/Users/fdicostanzo/pcrec/worktrees/dfam12/tests/counterk/counterk.rxt:933	37	36	85	0	0
/Users/fdicostanzo/pcrec/worktrees/dfam12/tests/counterk/counterk.rxt:991	52	51	120	0	0
/Users/fdicostanzo/pcrec/worktrees/dfam12/tests/counterk/counterk.rxt:1054	14	2	182	0	0
/Users/fdicostanzo/pcrec/worktrees/dfam12/tests/counterk/counterk.rxt:1099	2	2	14	0	0
/Users/fdicostanzo/pcrec/worktrees/dfam12/tests/counterk/counterk.rxt:1149	2	2	14	0	0
/Users/fdicostanzo/pcrec/worktrees/dfam12/tests/counterk/counterk.rxt:1259	110	2	1182	0	0
/Users/fdicostanzo/pcrec/worktrees/dfam12/tests/counterk/counterk.rxt:1289	38	2	458	0	0
/Users/fdicostanzo/pcrec/worktrees/dfam12/tests/counterk/counterk.rxt:1324	36	2	410	0	0
/Users/fdicostanzo/pcrec/worktrees/dfam12/tests/counterk/counterk.rxt:1366	26	2	332	0	0
/Users/fdicostanzo/pcrec/worktrees/dfam12/tests/counterk/counterk.rxt:1417	42	20	763	0	0
/Users/fdicostanzo/pcrec/worktrees/dfam12/tests/counterk/counterk.rxt:1444	26	26	308	0	0
/Users/fdicostanzo/pcrec/worktrees/dfam12/tests/counterk/counterk.rxt:1473	202	2	15751	0	0
/Users/fdicostanzo/pcrec/worktrees/dfam12/tests/counterk/counterk.rxt:1551	1002	2	378751	0	0
/Users/fdicostanzo/pcrec/worktrees/dfam12/tests/counterk/counterk.rxt:1631	4096	2	6300667	0	0
/Users/fdicostanzo/pcrec/worktrees/dfam12/tests/counterk/counterk.rxt:1725	8002	2	24030001	0	0
/Users/fdicostanzo/pcrec/worktrees/dfam12/tests/counterk/counterk.rxt:1807	8002	8002	24022002	0	0
/Users/fdicostanzo/pcrec/worktrees/dfam12/tests/counterk/counterk.rxt:1845	8002	2	24038002	0	0
/Users/fdicostanzo/pcrec/worktrees/dfam12/tests/counterk/counterk.rxt:1917	98	50	4993	0	0
/Users/fdicostanzo/pcrec/worktrees/dfam12/tests/counterk/counterk.rxt:1928	70	70	1209	0	0
/Users/fdicostanzo/pcrec/worktrees/dfam12/tests/counterk/counterk.rxt:1966	86	74	1188	0	0
/Users/fdicostanzo/pcrec/worktrees/dfam12/studies/lim2_m2/../../docs/dev/dfamin_m1m2_evidence/k25_chain_ladder.rxt:9	101	101	100	0	0
/Users/fdicostanzo/pcrec/worktrees/dfam12/studies/lim2_m2/../../docs/dev/dfamin_m1m2_evidence/k25_chain_ladder.rxt:10	1001	1001	1000	0	0
/Users/fdicostanzo/pcrec/worktrees/dfam12/studies/lim2_m2/../../docs/dev/dfamin_m1m2_evidence/k25_chain_ladder.rxt:11	5001	5001	5000	0	0
/Users/fdicostanzo/pcrec/worktrees/dfam12/studies/lim2_m2/../../docs/dev/dfamin_m1m2_evidence/k25_chain_ladder.rxt:12	10001	10001	10000	0	0
/Users/fdicostanzo/pcrec/worktrees/dfam12/studies/lim2_m2/../../docs/dev/dfamin_m1m2_evidence/k25_chain_ladder.rxt:13	25001	25001	25000	0	0
/Users/fdicostanzo/pcrec/worktrees/dfam12/studies/lim2_m2/../../docs/dev/dfamin_m1m2_evidence/k25_chain_ladder.rxt:14	5001	5001	1262000	0	0
/Users/fdicostanzo/pcrec/worktrees/dfam12/studies/lim2_m2/../../docs/dev/dfamin_m1m2_evidence/k25_chain_ladder.rxt:15	15001	15001	11286000	0	0
/Users/fdicostanzo/pcrec/worktrees/dfam12/tests/altcls/altcls.rxt:10	4	4	9	0	0
/Users/fdicostanzo/pcrec/worktrees/dfam12/tests/altcls/altcls.rxt:21	2	2	2	0	0
/Users/fdicostanzo/pcrec/worktrees/dfam12/tests/altcls/altcls.rxt:29	2	2	2	0	0
/Users/fdicostanzo/pcrec/worktrees/dfam12/tests/altcls/altcls.rxt:35	2	2	2	0	0
/Users/fdicostanzo/pcrec/worktrees/dfam12/tests/altcls/altcls.rxt:43	2	2	2	0	0
/Users/fdicostanzo/pcrec/worktrees/dfam12/tests/altcls/altcls.rxt:50	2	2	2	0	0
/Users/fdicostanzo/pcrec/worktrees/dfam12/tests/altcls/altcls.rxt:56	7	7	18	0	0
/Users/fdicostanzo/pcrec/worktrees/dfam12/tests/altcls/altcls.rxt:64	17	16	85	0	0
/Users/fdicostanzo/pcrec/worktrees/dfam12/tests/altcls/altcls.rxt:74	2	2	2	0	0
/Users/fdicostanzo/pcrec/worktrees/dfam12/tests/altcls/altcls.rxt:80	6	6	6	0	0
/Users/fdicostanzo/pcrec/worktrees/dfam12/tests/altcls/altcls.rxt:86	3	3	5	0	0
/Users/fdicostanzo/pcrec/worktrees/dfam12/tests/altcls/altcls.rxt:93	6	6	21	0	0
/Users/fdicostanzo/pcrec/worktrees/dfam12/tests/altcls/altcls.rxt:102	12	11	54	0	0
/Users/fdicostanzo/pcrec/worktrees/dfam12/tests/altcls/altcls.rxt:109	2	2	3	0	0
/Users/fdicostanzo/pcrec/worktrees/dfam12/tests/altcls/altcls.rxt:117	7	7	18	0	0
/Users/fdicostanzo/pcrec/worktrees/dfam12/tests/altcls/altcls.rxt:125	8	8	21	0	0
/Users/fdicostanzo/pcrec/worktrees/dfam12/tests/altcls/altcls.rxt:147	2	2	1	0	0
/Users/fdicostanzo/pcrec/worktrees/dfam12/tests/altcls/altcls.rxt:158	3	2	8	0	0
/Users/fdicostanzo/pcrec/worktrees/dfam12/tests/altcls/altcls.rxt:170	3	2	8	0	0
/Users/fdicostanzo/pcrec/worktrees/dfam12/tests/assertions/absolute.rxt:102	3	3	4	0	0
/Users/fdicostanzo/pcrec/worktrees/dfam12/tests/assertions/absolute.rxt:521	3	3	4	0	0
/Users/fdicostanzo/pcrec/worktrees/dfam12/tests/assertions/d27/anchors_abs.rxt:114	3	3	4	0	0
/Users/fdicostanzo/pcrec/worktrees/dfam12/tests/assertions/d27/anchors_abs.rxt:128	3	3	4	0	0
/Users/fdicostanzo/pcrec/worktrees/dfam12/tests/assertions/d27/anchors_abs.rxt:142	3	3	4	0	0
/Users/fdicostanzo/pcrec/worktrees/dfam12/tests/assertions/gate.rxt:44	14	14	26	0	0
/Users/fdicostanzo/pcrec/worktrees/dfam12/tests/assertions/gate.rxt:66	9	9	16	0	0
/Users/fdicostanzo/pcrec/worktrees/dfam12/tests/assertions/gate.rxt:88	4	3	9	0	0
/Users/fdicostanzo/pcrec/worktrees/dfam12/tests/assertions/gate.rxt:110	7	3	27	0	0
/Users/fdicostanzo/pcrec/worktrees/dfam12/tests/assertions/gate.rxt:132	15	15	23	0	0
/Users/fdicostanzo/pcrec/worktrees/dfam12/tests/assertions/gpos.rxt:90	4	4	8	0	0
/Users/fdicostanzo/pcrec/worktrees/dfam12/tests/assertions/multiline.rxt:97	2	2	1	0	0
/Users/fdicostanzo/pcrec/worktrees/dfam12/tests/assertions/multiline.rxt:236	7	7	16	0	0
/Users/fdicostanzo/pcrec/worktrees/dfam12/tests/assertions/multiline.rxt:775	2	2	1	0	0
/Users/fdicostanzo/pcrec/worktrees/dfam12/tests/assertions/multiline.rxt:1681	9	9	16	0	0
/Users/fdicostanzo/pcrec/worktrees/dfam12/tests/atomic_groups/d27/possessive_spellings.rxt:44	3	3	4	0	0
/Users/fdicostanzo/pcrec/worktrees/dfam12/tests/atomic_groups/d27/possessive_spellings.rxt:79	6	6	13	0	0
/Users/fdicostanzo/pcrec/worktrees/dfam12/tests/atomic_groups/possessive.rxt:599	5	4	21	0	0
/Users/fdicostanzo/pcrec/worktrees/dfam12/tests/backrefs/d27/octal.rxt:136	2	2	2	0	0
/Users/fdicostanzo/pcrec/worktrees/dfam12/tests/backrefs/d27/octal.rxt:142	2	2	2	0	0
/Users/fdicostanzo/pcrec/worktrees/dfam12/tests/backrefs/d27/octal.rxt:147	2	2	2	0	0
/Users/fdicostanzo/pcrec/worktrees/dfam12/tests/backrefs/d27/octal.rxt:152	2	2	2	0	0
/Users/fdicostanzo/pcrec/worktrees/dfam12/tests/base/alternation.rxt:3	2	2	2	0	0
/Users/fdicostanzo/pcrec/worktrees/dfam12/tests/base/alternation.rxt:8	6	6	19	0	0
/Users/fdicostanzo/pcrec/worktrees/dfam12/tests/base/alternation.rxt:13	2	2	2	0	0
/Users/fdicostanzo/pcrec/worktrees/dfam12/tests/base/alternation.rxt:16	3	3	3	0	0
/Users/fdicostanzo/pcrec/worktrees/dfam12/tests/base/alternation.rxt:19	2	2	1	0	0
/Users/fdicostanzo/pcrec/worktrees/dfam12/tests/base/alternation.rxt:23	1	1	0	0	0
/Users/fdicostanzo/pcrec/worktrees/dfam12/tests/base/alternation.rxt:26	2	2	2	0	0
/Users/fdicostanzo/pcrec/worktrees/dfam12/tests/base/alternation.rxt:31	4	4	8	0	0
/Users/fdicostanzo/pcrec/worktrees/dfam12/tests/base/alternation.rxt:34	7	7	11	0	0
/Users/fdicostanzo/pcrec/worktrees/dfam12/tests/base/alternation.rxt:37	3	3	5	0	0
/Users/fdicostanzo/pcrec/worktrees/dfam12/tests/base/alternation.rxt:42	4	4	8	0	0
/Users/fdicostanzo/pcrec/worktrees/dfam12/tests/base/alternation.rxt:46	2	2	2	0	0
/Users/fdicostanzo/pcrec/worktrees/dfam12/tests/base/alternation.rxt:49	7	7	24	0	0
/Users/fdicostanzo/pcrec/worktrees/dfam12/tests/base/alternation_trie.rxt:21	4	4	4	0	0
/Users/fdicostanzo/pcrec/worktrees/dfam12/tests/base/alternation_trie.rxt:27	2	2	2	0	0
/Users/fdicostanzo/pcrec/worktrees/dfam12/tests/base/alternation_trie.rxt:31	4	4	4	0	0
/Users/fdicostanzo/pcrec/worktrees/dfam12/tests/base/alternation_trie.rxt:36	3	3	3	0	0
/Users/fdicostanzo/pcrec/worktrees/dfam12/tests/base/alternation_trie.rxt:40	4	4	4	0	0
/Users/fdicostanzo/pcrec/worktrees/dfam12/tests/base/alternation_trie.rxt:45	4	4	8	0	0
/Users/fdicostanzo/pcrec/worktrees/dfam12/tests/base/alternation_trie.rxt:48	10	10	23	0	0
/Users/fdicostanzo/pcrec/worktrees/dfam12/tests/base/alternation_trie.rxt:51	9	9	39	0	0
/Users/fdicostanzo/pcrec/worktrees/dfam12/tests/base/alternation_trie.rxt:57	6	6	27	0	0
/Users/fdicostanzo/pcrec/worktrees/dfam12/tests/base/alternation_trie.rxt:62	6	6	27	0	0
/Users/fdicostanzo/pcrec/worktrees/dfam12/tests/base/alternation_trie.rxt:67	8	5	27	0	0
/Users/fdicostanzo/pcrec/worktrees/dfam12/tests/base/alternation_trie.rxt:76	3	3	5	0	0
/Users/fdicostanzo/pcrec/worktrees/dfam12/tests/base/alternation_trie.rxt:79	4	4	6	0	0
/Users/fdicostanzo/pcrec/worktrees/dfam12/tests/base/alternation_trie.rxt:82	5	5	9	0	0
/Users/fdicostanzo/pcrec/worktrees/dfam12/tests/base/alternation_trie.rxt:88	4	4	6	0	0
/Users/fdicostanzo/pcrec/worktrees/dfam12/tests/base/alternation_trie.rxt:93	6	6	16	0	0
/Users/fdicostanzo/pcrec/worktrees/dfam12/tests/base/alternation_trie.rxt:97	6	6	11	0	0
/Users/fdicostanzo/pcrec/worktrees/dfam12/tests/base/alternation_trie.rxt:105	9	9	23	0	0
/Users/fdicostanzo/pcrec/worktrees/dfam12/tests/base/alternation_trie.rxt:111	6	6	17	0	0
/Users/fdicostanzo/pcrec/worktrees/dfam12/tests/base/alternation_trie.rxt:122	8	8	17	0	0
/Users/fdicostanzo/pcrec/worktrees/dfam12/tests/base/alternation_trie.rxt:127	5	5	12	0	0
/Users/fdicostanzo/pcrec/worktrees/dfam12/tests/base/alternation_trie.rxt:133	8	6	12	0	0
/Users/fdicostanzo/pcrec/worktrees/dfam12/tests/base/alternation_trie.rxt:138	5	5	8	0	0
/Users/fdicostanzo/pcrec/worktrees/dfam12/tests/base/alternation_trie.rxt:143	3	3	5	0	0
/Users/fdicostanzo/pcrec/worktrees/dfam12/tests/base/alternation_trie.rxt:147	2	2	1	0	0
/Users/fdicostanzo/pcrec/worktrees/dfam12/tests/base/alternation_trie.rxt:149	3	3	5	0	0
/Users/fdicostanzo/pcrec/worktrees/dfam12/tests/base/anchors.rxt:8	3	3	4	0	0
/Users/fdicostanzo/pcrec/worktrees/dfam12/tests/base/anchors.rxt:13	3	3	4	0	0
/Users/fdicostanzo/pcrec/worktrees/dfam12/tests/base/anchors.rxt:36	5	5	10	0	0
/Users/fdicostanzo/pcrec/worktrees/dfam12/tests/base/anchors.rxt:44	2	2	1	0	0
/Users/fdicostanzo/pcrec/worktrees/dfam12/tests/base/anchors.rxt:48	2	2	1	0	0
/Users/fdicostanzo/pcrec/worktrees/dfam12/tests/base/bounded_repeats.rxt:3	4	4	9	0	0
/Users/fdicostanzo/pcrec/worktrees/dfam12/tests/base/bounded_repeats.rxt:8	5	5	7	0	0
/Users/fdicostanzo/pcrec/worktrees/dfam12/tests/base/bounded_repeats.rxt:13	3	3	6	0	0
/Users/fdicostanzo/pcrec/worktrees/dfam12/tests/base/bounded_repeats.rxt:17	4	4	3	0	0
/Users/fdicostanzo/pcrec/worktrees/dfam12/tests/base/bounded_repeats.rxt:21	1	1	0	0	0
/Users/fdicostanzo/pcrec/worktrees/dfam12/tests/base/bounded_repeats.rxt:25	3	3	5	0	0
/Users/fdicostanzo/pcrec/worktrees/dfam12/tests/base/bounded_repeats.rxt:29	3	3	5	0	0
/Users/fdicostanzo/pcrec/worktrees/dfam12/tests/base/bounded_repeats.rxt:32	2	2	2	0	0
/Users/fdicostanzo/pcrec/worktrees/dfam12/tests/base/bounded_repeats.rxt:36	6	6	15	0	0
/Users/fdicostanzo/pcrec/worktrees/dfam12/tests/base/bounded_repeats.rxt:42	7	7	14	0	0
/Users/fdicostanzo/pcrec/worktrees/dfam12/tests/base/bounded_repeats.rxt:47	3	3	5	0	0
/Users/fdicostanzo/pcrec/worktrees/dfam12/tests/base/bounded_repeats.rxt:51	4	4	8	0	0
/Users/fdicostanzo/pcrec/worktrees/dfam12/tests/base/bounded_repeats.rxt:55	4	3	10	0	0
/Users/fdicostanzo/pcrec/worktrees/dfam12/tests/base/bounded_repeats.rxt:73	2	2	2	0	0
/Users/fdicostanzo/pcrec/worktrees/dfam12/tests/base/bounded_repeats.rxt:82	2	2	2	0	0
/Users/fdicostanzo/pcrec/worktrees/dfam12/tests/base/bounded_repeats.rxt:87	2	2	2	0	0
/Users/fdicostanzo/pcrec/worktrees/dfam12/tests/base/bounded_repeats.rxt:92	3	3	3	0	0
/Users/fdicostanzo/pcrec/worktrees/dfam12/tests/base/bounded_repeats.rxt:99	3	3	3	0	0
/Users/fdicostanzo/pcrec/worktrees/dfam12/tests/base/bounded_repeats.rxt:105	3	3	6	0	0
/Users/fdicostanzo/pcrec/worktrees/dfam12/tests/base/bounded_repeats.rxt:110	3	3	2	0	0
/Users/fdicostanzo/pcrec/worktrees/dfam12/tests/base/bounded_repeats.rxt:120	3	3	5	0	0
/Users/fdicostanzo/pcrec/worktrees/dfam12/tests/base/bounded_repeats.rxt:125	1	1	0	0	0
/Users/fdicostanzo/pcrec/worktrees/dfam12/tests/base/bounded_repeats.rxt:129	5	5	14	0	0
/Users/fdicostanzo/pcrec/worktrees/dfam12/tests/base/caseless.rxt:21	4	4	8	0	0
/Users/fdicostanzo/pcrec/worktrees/dfam12/tests/base/caseless.rxt:30	4	4	8	0	0
/Users/fdicostanzo/pcrec/worktrees/dfam12/tests/base/caseless.rxt:36	4	4	10	0	0
/Users/fdicostanzo/pcrec/worktrees/dfam12/tests/base/caseless.rxt:43	3	3	5	0	0
/Users/fdicostanzo/pcrec/worktrees/dfam12/tests/base/caseless.rxt:51	2	2	3	0	0
/Users/fdicostanzo/pcrec/worktrees/dfam12/tests/base/caseless.rxt:58	2	2	3	0	0
/Users/fdicostanzo/pcrec/worktrees/dfam12/tests/base/caseless.rxt:63	2	2	3	0	0
/Users/fdicostanzo/pcrec/worktrees/dfam12/tests/base/caseless.rxt:70	2	2	2	0	0
/Users/fdicostanzo/pcrec/worktrees/dfam12/tests/base/caseless.rxt:77	2	2	2	0	0
/Users/fdicostanzo/pcrec/worktrees/dfam12/tests/base/caseless.rxt:83	2	2	3	0	0
/Users/fdicostanzo/pcrec/worktrees/dfam12/tests/base/caseless.rxt:91	2	2	3	0	0
/Users/fdicostanzo/pcrec/worktrees/dfam12/tests/base/caseless.rxt:99	7	7	20	0	0
/Users/fdicostanzo/pcrec/worktrees/dfam12/tests/base/caseless.rxt:111	5	5	10	0	0
/Users/fdicostanzo/pcrec/worktrees/dfam12/tests/base/caseless.rxt:116	5	5	12	0	0
/Users/fdicostanzo/pcrec/worktrees/dfam12/tests/base/caseless.rxt:122	4	4	7	0	0
/Users/fdicostanzo/pcrec/worktrees/dfam12/tests/base/caseless.rxt:128	2	2	2	0	0
/Users/fdicostanzo/pcrec/worktrees/dfam12/tests/base/caseless.rxt:133	2	2	3	0	0
/Users/fdicostanzo/pcrec/worktrees/dfam12/tests/base/caseless.rxt:141	4	4	8	0	0
/Users/fdicostanzo/pcrec/worktrees/dfam12/tests/base/caseless.rxt:145	2	2	2	0	0
/Users/fdicostanzo/pcrec/worktrees/dfam12/tests/base/caseless.rxt:149	2	2	3	0	0
/Users/fdicostanzo/pcrec/worktrees/dfam12/tests/base/class_brackets.rxt:21	2	2	2	0	0
/Users/fdicostanzo/pcrec/worktrees/dfam12/tests/base/class_brackets.rxt:32	2	2	2	0	0
/Users/fdicostanzo/pcrec/worktrees/dfam12/tests/base/class_brackets.rxt:42	3	3	5	0	0
/Users/fdicostanzo/pcrec/worktrees/dfam12/tests/base/class_brackets.rxt:51	2	2	2	0	0
/Users/fdicostanzo/pcrec/worktrees/dfam12/tests/base/class_brackets.rxt:60	2	2	2	0	0
/Users/fdicostanzo/pcrec/worktrees/dfam12/tests/base/class_brackets.rxt:68	2	2	2	0	0
/Users/fdicostanzo/pcrec/worktrees/dfam12/tests/base/class_brackets.rxt:77	6	6	15	0	0
/Users/fdicostanzo/pcrec/worktrees/dfam12/tests/base/class_brackets.rxt:94	5	5	12	0	0
/Users/fdicostanzo/pcrec/worktrees/dfam12/tests/base/class_brackets.rxt:103	8	8	21	0	0
/Users/fdicostanzo/pcrec/worktrees/dfam12/tests/base/class_brackets.rxt:120	5	5	12	0	0
/Users/fdicostanzo/pcrec/worktrees/dfam12/tests/base/class_brackets.rxt:137	5	5	12	0	0
/Users/fdicostanzo/pcrec/worktrees/dfam12/tests/base/class_brackets.rxt:154	6	6	15	0	0
/Users/fdicostanzo/pcrec/worktrees/dfam12/tests/base/class_brackets.rxt:171	5	5	12	0	0
/Users/fdicostanzo/pcrec/worktrees/dfam12/tests/base/class_brackets.rxt:188	2	2	2	0	0
/Users/fdicostanzo/pcrec/worktrees/dfam12/tests/base/class_escape_fallbacks.rxt:20	2	2	2	0	0
/Users/fdicostanzo/pcrec/worktrees/dfam12/tests/base/class_escape_fallbacks.rxt:25	2	2	2	0	0
/Users/fdicostanzo/pcrec/worktrees/dfam12/tests/base/class_escape_fallbacks.rxt:30	2	2	2	0	0
/Users/fdicostanzo/pcrec/worktrees/dfam12/tests/base/class_escape_fallbacks.rxt:36	2	2	2	0	0
/Users/fdicostanzo/pcrec/worktrees/dfam12/tests/base/class_escape_fallbacks.rxt:41	2	2	2	0	0
/Users/fdicostanzo/pcrec/worktrees/dfam12/tests/base/class_escape_fallbacks.rxt:46	2	2	2	0	0
/Users/fdicostanzo/pcrec/worktrees/dfam12/tests/base/class_escape_fallbacks.rxt:51	2	2	2	0	0
/Users/fdicostanzo/pcrec/worktrees/dfam12/tests/base/class_escape_fallbacks.rxt:56	2	2	2	0	0
/Users/fdicostanzo/pcrec/worktrees/dfam12/tests/base/class_escape_fallbacks.rxt:61	2	2	2	0	0
/Users/fdicostanzo/pcrec/worktrees/dfam12/tests/base/class_escape_fallbacks.rxt:66	2	2	2	0	0
/Users/fdicostanzo/pcrec/worktrees/dfam12/tests/base/class_escape_fallbacks.rxt:70	2	2	2	0	0
/Users/fdicostanzo/pcrec/worktrees/dfam12/tests/base/class_escape_fallbacks.rxt:75	2	2	2	0	0
/Users/fdicostanzo/pcrec/worktrees/dfam12/tests/base/class_escape_fallbacks.rxt:80	4	4	8	0	0
/Users/fdicostanzo/pcrec/worktrees/dfam12/tests/base/class_escape_fallbacks.rxt:87	2	2	2	0	0
/Users/fdicostanzo/pcrec/worktrees/dfam12/tests/base/class_escape_fallbacks.rxt:94	2	2	2	0	0
/Users/fdicostanzo/pcrec/worktrees/dfam12/tests/base/class_escape_fallbacks.rxt:99	2	2	2	0	0
/Users/fdicostanzo/pcrec/worktrees/dfam12/tests/base/class_escape_fallbacks.rxt:104	2	2	2	0	0
/Users/fdicostanzo/pcrec/worktrees/dfam12/tests/base/class_escape_fallbacks.rxt:130	2	2	2	0	0
/Users/fdicostanzo/pcrec/worktrees/dfam12/tests/base/class_escape_fallbacks.rxt:137	2	2	2	0	0
/Users/fdicostanzo/pcrec/worktrees/dfam12/tests/base/class_escape_fallbacks.rxt:142	2	2	2	0	0
/Users/fdicostanzo/pcrec/worktrees/dfam12/tests/base/class_escape_fallbacks.rxt:148	2	2	2	0	0
/Users/fdicostanzo/pcrec/worktrees/dfam12/tests/base/class_escape_fallbacks.rxt:154	2	2	2	0	0
/Users/fdicostanzo/pcrec/worktrees/dfam12/tests/base/class_escape_fallbacks.rxt:159	2	2	2	0	0
/Users/fdicostanzo/pcrec/worktrees/dfam12/tests/base/class_escape_fallbacks.rxt:167	2	2	2	0	0
/Users/fdicostanzo/pcrec/worktrees/dfam12/tests/base/class_escape_fallbacks.rxt:173	2	2	2	0	0
/Users/fdicostanzo/pcrec/worktrees/dfam12/tests/base/class_escape_fallbacks.rxt:179	2	2	2	0	0
/Users/fdicostanzo/pcrec/worktrees/dfam12/tests/base/class_escape_fallbacks.rxt:185	2	2	2	0	0
/Users/fdicostanzo/pcrec/worktrees/dfam12/tests/base/class_escape_fallbacks.rxt:193	2	2	2	0	0
/Users/fdicostanzo/pcrec/worktrees/dfam12/tests/base/class_escape_fallbacks.rxt:201	2	2	2	0	0
/Users/fdicostanzo/pcrec/worktrees/dfam12/tests/base/class_escape_fallbacks.rxt:209	2	2	2	0	0
/Users/fdicostanzo/pcrec/worktrees/dfam12/tests/base/class_escape_fallbacks.rxt:215	2	2	2	0	0
/Users/fdicostanzo/pcrec/worktrees/dfam12/tests/base/class_escape_fallbacks.rxt:224	2	2	2	0	0
/Users/fdicostanzo/pcrec/worktrees/dfam12/tests/base/class_escape_fallbacks.rxt:232	2	2	2	0	0
/Users/fdicostanzo/pcrec/worktrees/dfam12/tests/base/class_escape_fallbacks.rxt:238	2	2	2	0	0
/Users/fdicostanzo/pcrec/worktrees/dfam12/tests/base/class_escape_fallbacks.rxt:245	2	2	2	0	0
/Users/fdicostanzo/pcrec/worktrees/dfam12/tests/base/class_escape_fallbacks.rxt:252	2	2	2	0	0
/Users/fdicostanzo/pcrec/worktrees/dfam12/tests/base/class_escape_fallbacks.rxt:260	2	2	3	0	0
/Users/fdicostanzo/pcrec/worktrees/dfam12/tests/base/class_escape_fallbacks.rxt:266	4	4	8	0	0
/Users/fdicostanzo/pcrec/worktrees/dfam12/tests/base/classes.rxt:3	2	2	2	0	0
/Users/fdicostanzo/pcrec/worktrees/dfam12/tests/base/classes.rxt:7	2	2	2	0	0
/Users/fdicostanzo/pcrec/worktrees/dfam12/tests/base/classes.rxt:11	2	2	2	0	0
/Users/fdicostanzo/pcrec/worktrees/dfam12/tests/base/classes.rxt:15	2	2	2	0	0
/Users/fdicostanzo/pcrec/worktrees/dfam12/tests/base/classes.rxt:20	2	2	2	0	0
/Users/fdicostanzo/pcrec/worktrees/dfam12/tests/base/classes.rxt:24	2	2	2	0	0
/Users/fdicostanzo/pcrec/worktrees/dfam12/tests/base/classes.rxt:28	2	2	2	0	0
/Users/fdicostanzo/pcrec/worktrees/dfam12/tests/base/classes.rxt:33	2	2	2	0	0
/Users/fdicostanzo/pcrec/worktrees/dfam12/tests/base/classes.rxt:36	2	2	2	0	0
/Users/fdicostanzo/pcrec/worktrees/dfam12/tests/base/classes.rxt:40	2	2	2	0	0
/Users/fdicostanzo/pcrec/worktrees/dfam12/tests/base/classes.rxt:44	2	2	2	0	0
/Users/fdicostanzo/pcrec/worktrees/dfam12/tests/base/classes.rxt:48	2	2	2	0	0
/Users/fdicostanzo/pcrec/worktrees/dfam12/tests/base/classes.rxt:52	2	2	2	0	0
/Users/fdicostanzo/pcrec/worktrees/dfam12/tests/base/classes.rxt:57	4	4	8	0	0
/Users/fdicostanzo/pcrec/worktrees/dfam12/tests/base/classes.rxt:63	2	2	2	0	0
/Users/fdicostanzo/pcrec/worktrees/dfam12/tests/base/classes.rxt:67	2	2	2	0	0
/Users/fdicostanzo/pcrec/worktrees/dfam12/tests/base/classes.rxt:77	2	2	2	0	0
/Users/fdicostanzo/pcrec/worktrees/dfam12/tests/base/classes.rxt:81	2	2	2	0	0
/Users/fdicostanzo/pcrec/worktrees/dfam12/tests/base/classes.rxt:85	2	2	2	0	0
/Users/fdicostanzo/pcrec/worktrees/dfam12/tests/base/classes.rxt:89	2	2	2	0	0
/Users/fdicostanzo/pcrec/worktrees/dfam12/tests/base/cls_fold.rxt:24	3	3	5	0	0
/Users/fdicostanzo/pcrec/worktrees/dfam12/tests/base/cls_fold.rxt:38	3	3	5	0	0
/Users/fdicostanzo/pcrec/worktrees/dfam12/tests/base/cls_fold.rxt:68	6	4	22	0	0
/Users/fdicostanzo/pcrec/worktrees/dfam12/tests/base/cls_fold.rxt:81	5	5	12	0	0
/Users/fdicostanzo/pcrec/worktrees/dfam12/tests/base/d27_bodies.rxt:6	5	5	7	0	0
/Users/fdicostanzo/pcrec/worktrees/dfam12/tests/base/d27_bodies.rxt:16	3	3	5	0	0
/Users/fdicostanzo/pcrec/worktrees/dfam12/tests/base/d27_bodies.rxt:26	5	5	7	0	0
/Users/fdicostanzo/pcrec/worktrees/dfam12/tests/base/d27_bodies.rxt:36	3	3	5	0	0
/Users/fdicostanzo/pcrec/worktrees/dfam12/tests/base/d27_bodies.rxt:46	4	4	4	0	0
/Users/fdicostanzo/pcrec/worktrees/dfam12/tests/base/d27_bodies.rxt:54	9	9	23	0	0
/Users/fdicostanzo/pcrec/worktrees/dfam12/tests/base/d27_bodies.rxt:72	5	5	17	0	0
/Users/fdicostanzo/pcrec/worktrees/dfam12/tests/base/d27_bodies.rxt:87	9	9	21	0	0
/Users/fdicostanzo/pcrec/worktrees/dfam12/tests/base/d27_bodies.rxt:100	5	5	15	0	0
/Users/fdicostanzo/pcrec/worktrees/dfam12/tests/base/d27_bodies.rxt:137	9	9	16	0	0
/Users/fdicostanzo/pcrec/worktrees/dfam12/tests/base/d27_bodies.rxt:145	9	9	16	0	0
/Users/fdicostanzo/pcrec/worktrees/dfam12/tests/base/d27_bodies.rxt:157	5	5	12	0	0
/Users/fdicostanzo/pcrec/worktrees/dfam12/tests/base/d27_bodies.rxt:166	3	3	10	0	0
/Users/fdicostanzo/pcrec/worktrees/dfam12/tests/base/d27_bodies.rxt:191	9	8	21	0	0
/Users/fdicostanzo/pcrec/worktrees/dfam12/tests/base/d27_bodies.rxt:203	13	13	25	0	0
/Users/fdicostanzo/pcrec/worktrees/dfam12/tests/base/d27_bodies.rxt:214	7	7	13	0	0
/Users/fdicostanzo/pcrec/worktrees/dfam12/tests/base/d27_captures.rxt:6	8	6	15	0	0
/Users/fdicostanzo/pcrec/worktrees/dfam12/tests/base/d27_captures.rxt:28	3	3	8	0	0
/Users/fdicostanzo/pcrec/worktrees/dfam12/tests/base/d27_captures.rxt:47	4	4	15	0	0
/Users/fdicostanzo/pcrec/worktrees/dfam12/tests/base/d27_captures.rxt:66	2	2	3	0	0
/Users/fdicostanzo/pcrec/worktrees/dfam12/tests/base/d27_captures.rxt:78	4	4	7	0	0
/Users/fdicostanzo/pcrec/worktrees/dfam12/tests/base/d27_captures.rxt:109	4	3	7	0	0
/Users/fdicostanzo/pcrec/worktrees/dfam12/tests/base/d27_edge.rxt:56	2	2	2	0	0
/Users/fdicostanzo/pcrec/worktrees/dfam12/tests/base/d27_edge.rxt:63	2	2	2	0	0
/Users/fdicostanzo/pcrec/worktrees/dfam12/tests/base/d27_edge.rxt:71	1	1	0	0	0
/Users/fdicostanzo/pcrec/worktrees/dfam12/tests/base/d27_edge.rxt:77	5	5	14	0	0
/Users/fdicostanzo/pcrec/worktrees/dfam12/tests/base/d27_edge.rxt:85	7	7	21	0	0
/Users/fdicostanzo/pcrec/worktrees/dfam12/tests/base/d27_edge.rxt:94	6	6	11	0	0
/Users/fdicostanzo/pcrec/worktrees/dfam12/tests/base/d27_edge.rxt:103	3	3	9	0	0
/Users/fdicostanzo/pcrec/worktrees/dfam12/tests/base/d27_edge.rxt:115	3	3	7	0	0
/Users/fdicostanzo/pcrec/worktrees/dfam12/tests/base/d27_edge.rxt:127	3	3	8	0	0
/Users/fdicostanzo/pcrec/worktrees/dfam12/tests/base/d27_edge.rxt:139	4	4	10	0	0
/Users/fdicostanzo/pcrec/worktrees/dfam12/tests/base/d27_edge.rxt:146	3	3	6	0	0
/Users/fdicostanzo/pcrec/worktrees/dfam12/tests/base/d27_edge.rxt:162	7	7	6	0	0
/Users/fdicostanzo/pcrec/worktrees/dfam12/tests/base/d27_edge.rxt:191	7	7	17	0	0
/Users/fdicostanzo/pcrec/worktrees/dfam12/tests/base/d27_edge.rxt:202	12	10	32	0	0
/Users/fdicostanzo/pcrec/worktrees/dfam12/tests/base/d27_forms.rxt:6	3	2	6	0	0
/Users/fdicostanzo/pcrec/worktrees/dfam12/tests/base/d27_forms.rxt:15	2	2	3	0	0
/Users/fdicostanzo/pcrec/worktrees/dfam12/tests/base/d27_forms.rxt:24	2	2	3	0	0
/Users/fdicostanzo/pcrec/worktrees/dfam12/tests/base/d27_forms.rxt:32	2	2	3	0	0
/Users/fdicostanzo/pcrec/worktrees/dfam12/tests/base/d27_forms.rxt:40	3	3	6	0	0
/Users/fdicostanzo/pcrec/worktrees/dfam12/tests/base/d27_forms.rxt:49	3	3	6	0	0
/Users/fdicostanzo/pcrec/worktrees/dfam12/tests/base/d27_forms.rxt:58	5	5	14	0	0
/Users/fdicostanzo/pcrec/worktrees/dfam12/tests/base/d27_forms.rxt:68	5	5	14	0	0
/Users/fdicostanzo/pcrec/worktrees/dfam12/tests/base/d27_forms.rxt:78	6	4	22	0	0
/Users/fdicostanzo/pcrec/worktrees/dfam12/tests/base/d27_forms.rxt:90	5	4	16	0	0
/Users/fdicostanzo/pcrec/worktrees/dfam12/tests/base/d27_forms.rxt:102	4	4	10	0	0
/Users/fdicostanzo/pcrec/worktrees/dfam12/tests/base/d27_forms.rxt:112	4	4	10	0	0
/Users/fdicostanzo/pcrec/worktrees/dfam12/tests/base/d27_forms.rxt:122	6	2	24	0	0
/Users/fdicostanzo/pcrec/worktrees/dfam12/tests/base/d27_forms.rxt:132	5	2	18	0	0
/Users/fdicostanzo/pcrec/worktrees/dfam12/tests/base/d27_k23_ambiguous_decomposition.rxt:6	196	196	14692	0	0
/Users/fdicostanzo/pcrec/worktrees/dfam12/tests/base/d27_k23_ambiguous_decomposition.rxt:100	193	193	14242	0	0
/Users/fdicostanzo/pcrec/worktrees/dfam12/tests/base/d27_k23_ambiguous_decomposition.rxt:114	199	199	15149	0	0
/Users/fdicostanzo/pcrec/worktrees/dfam12/tests/base/d27_large_counts.rxt:6	501	501	125750	0	0
/Users/fdicostanzo/pcrec/worktrees/dfam12/tests/base/d27_large_counts.rxt:13	501	501	20600	0	0
/Users/fdicostanzo/pcrec/worktrees/dfam12/tests/base/d27_large_counts.rxt:21	201	201	20300	0	0
/Users/fdicostanzo/pcrec/worktrees/dfam12/tests/base/d27_large_counts.rxt:29	601	601	91200	0	0
/Users/fdicostanzo/pcrec/worktrees/dfam12/tests/base/d27_large_counts.rxt:37	1001	1001	501500	0	0
/Users/fdicostanzo/pcrec/worktrees/dfam12/tests/base/d27_large_counts.rxt:43	2001	2001	2001	0	0
/Users/fdicostanzo/pcrec/worktrees/dfam12/tests/base/d27_large_counts.rxt:50	193	193	14242	0	0
/Users/fdicostanzo/pcrec/worktrees/dfam12/tests/base/d27_large_counts.rxt:71	196	196	14692	0	0
/Users/fdicostanzo/pcrec/worktrees/dfam12/tests/base/d27_nested_min_boundary.rxt:15	1001	1001	14730	0	0
/Users/fdicostanzo/pcrec/worktrees/dfam12/tests/base/d27_nesting.rxt:6	10	10	24	0	0
/Users/fdicostanzo/pcrec/worktrees/dfam12/tests/base/d27_nesting.rxt:21	7	7	18	0	0
/Users/fdicostanzo/pcrec/worktrees/dfam12/tests/base/d27_nesting.rxt:33	7	7	19	0	0
/Users/fdicostanzo/pcrec/worktrees/dfam12/tests/base/d27_nesting.rxt:45	5	5	16	0	0
/Users/fdicostanzo/pcrec/worktrees/dfam12/tests/base/d27_nesting.rxt:57	9	9	14	0	0
/Users/fdicostanzo/pcrec/worktrees/dfam12/tests/base/d27_nesting.rxt:79	5	5	6	0	0
/Users/fdicostanzo/pcrec/worktrees/dfam12/tests/base/d27_nesting.rxt:100	5	5	6	0	0
/Users/fdicostanzo/pcrec/worktrees/dfam12/tests/base/d27_nesting.rxt:121	1001	1001	1932	0	0
/Users/fdicostanzo/pcrec/worktrees/dfam12/tests/base/d27_nesting.rxt:136	1001	1001	14730	0	0
/Users/fdicostanzo/pcrec/worktrees/dfam12/tests/base/d27_nesting.rxt:151	28	28	55	0	0
/Users/fdicostanzo/pcrec/worktrees/dfam12/tests/base/d27_nesting.rxt:179	13	13	25	0	0
/Users/fdicostanzo/pcrec/worktrees/dfam12/tests/base/dot.rxt:3	2	2	2	0	0
/Users/fdicostanzo/pcrec/worktrees/dfam12/tests/base/dot.rxt:9	2	2	2	0	0
/Users/fdicostanzo/pcrec/worktrees/dfam12/tests/base/dot.rxt:12	5	5	12	0	0
/Users/fdicostanzo/pcrec/worktrees/dfam12/tests/base/dot.rxt:17	4	4	9	0	0
/Users/fdicostanzo/pcrec/worktrees/dfam12/tests/base/dot.rxt:21	3	3	5	0	0
/Users/fdicostanzo/pcrec/worktrees/dfam12/tests/base/dot.rxt:24	3	3	5	0	0
/Users/fdicostanzo/pcrec/worktrees/dfam12/tests/base/dot.rxt:27	1	1	1	0	0
/Users/fdicostanzo/pcrec/worktrees/dfam12/tests/base/dot.rxt:30	2	2	3	0	0
/Users/fdicostanzo/pcrec/worktrees/dfam12/tests/base/empty_matches.rxt:3	1	1	1	0	0
/Users/fdicostanzo/pcrec/worktrees/dfam12/tests/base/empty_matches.rxt:8	2	2	1	0	0
/Users/fdicostanzo/pcrec/worktrees/dfam12/tests/base/empty_matches.rxt:12	2	2	1	0	0
/Users/fdicostanzo/pcrec/worktrees/dfam12/tests/base/empty_matches.rxt:16	3	2	6	0	0
/Users/fdicostanzo/pcrec/worktrees/dfam12/tests/base/empty_matches.rxt:21	3	2	6	0	0
/Users/fdicostanzo/pcrec/worktrees/dfam12/tests/base/empty_matches.rxt:33	1	1	0	0	0
/Users/fdicostanzo/pcrec/worktrees/dfam12/tests/base/empty_matches.rxt:37	1	1	0	0	0
/Users/fdicostanzo/pcrec/worktrees/dfam12/tests/base/empty_matches.rxt:41	1	1	1	0	0
/Users/fdicostanzo/pcrec/worktrees/dfam12/tests/base/empty_matches.rxt:45	2	2	3	0	0
/Users/fdicostanzo/pcrec/worktrees/dfam12/tests/base/empty_matches.rxt:57	2	2	1	0	0
/Users/fdicostanzo/pcrec/worktrees/dfam12/tests/base/eol_engine.rxt:6	3	3	4	0	0
/Users/fdicostanzo/pcrec/worktrees/dfam12/tests/base/eol_engine.rxt:12	3	3	6	0	0
/Users/fdicostanzo/pcrec/worktrees/dfam12/tests/base/eol_engine.rxt:20	3	3	6	0	0
/Users/fdicostanzo/pcrec/worktrees/dfam12/tests/base/eol_engine.rxt:24	4	4	7	0	0
/Users/fdicostanzo/pcrec/worktrees/dfam12/tests/base/eol_engine.rxt:29	2	2	2	0	0
/Users/fdicostanzo/pcrec/worktrees/dfam12/tests/base/eol_engine.rxt:33	4	4	6	0	0
/Users/fdicostanzo/pcrec/worktrees/dfam12/tests/base/eol_engine.rxt:37	3	3	4	0	0
/Users/fdicostanzo/pcrec/worktrees/dfam12/tests/base/eol_engine.rxt:42	3	3	5	0	0
/Users/fdicostanzo/pcrec/worktrees/dfam12/tests/base/eol_engine.rxt:47	4	4	3	0	0
/Users/fdicostanzo/pcrec/worktrees/dfam12/tests/base/eol_engine.rxt:52	3	3	4	0	0
/Users/fdicostanzo/pcrec/worktrees/dfam12/tests/base/eol_engine.rxt:58	2	2	1	0	0
/Users/fdicostanzo/pcrec/worktrees/dfam12/tests/base/eol_engine.rxt:64	4	4	8	0	0
/Users/fdicostanzo/pcrec/worktrees/dfam12/tests/base/eol_scan_avoidance.rxt:15	4	4	13	0	0
/Users/fdicostanzo/pcrec/worktrees/dfam12/tests/base/eol_scan_avoidance.rxt:22	6	6	12	0	0
/Users/fdicostanzo/pcrec/worktrees/dfam12/tests/base/eol_scan_avoidance.rxt:31	3	3	4	0	0
/Users/fdicostanzo/pcrec/worktrees/dfam12/tests/base/eol_scan_avoidance.rxt:37	3	3	4	0	0
/Users/fdicostanzo/pcrec/worktrees/dfam12/tests/base/eol_scan_avoidance.rxt:42	3	3	6	0	0
/Users/fdicostanzo/pcrec/worktrees/dfam12/tests/base/eol_scan_avoidance.rxt:52	3	3	4	0	0
/Users/fdicostanzo/pcrec/worktrees/dfam12/tests/base/eol_scan_avoidance.rxt:58	2	2	1	0	0
/Users/fdicostanzo/pcrec/worktrees/dfam12/tests/base/eol_scan_avoidance.rxt:65	4	4	7	0	0
/Users/fdicostanzo/pcrec/worktrees/dfam12/tests/base/eol_scan_avoidance.rxt:70	3	3	4	0	0
/Users/fdicostanzo/pcrec/worktrees/dfam12/tests/base/eol_scan_avoidance.rxt:77	6	6	16	0	0
/Users/fdicostanzo/pcrec/worktrees/dfam12/tests/base/eol_scan_avoidance.rxt:83	3	3	4	0	0
/Users/fdicostanzo/pcrec/worktrees/dfam12/tests/base/eol_scan_avoidance.rxt:89	3	3	4	0	0
/Users/fdicostanzo/pcrec/worktrees/dfam12/tests/base/eol_scan_avoidance.rxt:95	3	3	4	0	0
/Users/fdicostanzo/pcrec/worktrees/dfam12/tests/base/eol_scan_avoidance.rxt:147	4	4	7	0	0
/Users/fdicostanzo/pcrec/worktrees/dfam12/tests/base/eol_scan_avoidance.rxt:162	4	4	7	0	0
/Users/fdicostanzo/pcrec/worktrees/dfam12/tests/base/eol_scan_avoidance.rxt:172	4	4	7	0	0
/Users/fdicostanzo/pcrec/worktrees/dfam12/tests/base/eol_scan_avoidance.rxt:180	2	2	4	0	0
/Users/fdicostanzo/pcrec/worktrees/dfam12/tests/base/eol_scan_avoidance.rxt:188	3	3	4	0	0
/Users/fdicostanzo/pcrec/worktrees/dfam12/tests/base/eol_scan_avoidance.rxt:198	3	3	4	0	0
/Users/fdicostanzo/pcrec/worktrees/dfam12/tests/base/eol_scan_avoidance.rxt:222	3	3	3	0	0
/Users/fdicostanzo/pcrec/worktrees/dfam12/tests/base/eol_scan_avoidance.rxt:233	3	3	3	0	0
/Users/fdicostanzo/pcrec/worktrees/dfam12/tests/base/eol_scan_avoidance.rxt:243	3	2	5	0	0
/Users/fdicostanzo/pcrec/worktrees/dfam12/tests/base/eol_scan_avoidance.rxt:279	3	3	5	0	0
/Users/fdicostanzo/pcrec/worktrees/dfam12/tests/base/eol_scan_avoidance.rxt:290	3	3	5	0	0
/Users/fdicostanzo/pcrec/worktrees/dfam12/tests/base/eol_scan_avoidance.rxt:297	2	2	4	0	0
/Users/fdicostanzo/pcrec/worktrees/dfam12/tests/base/eol_scan_avoidance.rxt:305	2	2	2	0	0
/Users/fdicostanzo/pcrec/worktrees/dfam12/tests/base/eol_scan_avoidance.rxt:334	2	2	3	0	0
/Users/fdicostanzo/pcrec/worktrees/dfam12/tests/base/eol_scan_avoidance.rxt:343	3	3	7	0	0
/Users/fdicostanzo/pcrec/worktrees/dfam12/tests/base/eol_scan_avoidance.rxt:349	4	4	10	0	0
/Users/fdicostanzo/pcrec/worktrees/dfam12/tests/base/eol_scan_avoidance.rxt:355	3	3	7	0	0
/Users/fdicostanzo/pcrec/worktrees/dfam12/tests/base/escapes.rxt:3	2	2	2	0	0
/Users/fdicostanzo/pcrec/worktrees/dfam12/tests/base/escapes.rxt:7	2	2	2	0	0
/Users/fdicostanzo/pcrec/worktrees/dfam12/tests/base/escapes.rxt:10	2	2	2	0	0
/Users/fdicostanzo/pcrec/worktrees/dfam12/tests/base/escapes.rxt:13	2	2	2	0	0
/Users/fdicostanzo/pcrec/worktrees/dfam12/tests/base/escapes.rxt:16	2	2	2	0	0
/Users/fdicostanzo/pcrec/worktrees/dfam12/tests/base/escapes.rxt:19	2	2	2	0	0
/Users/fdicostanzo/pcrec/worktrees/dfam12/tests/base/escapes.rxt:22	2	2	2	0	0
/Users/fdicostanzo/pcrec/worktrees/dfam12/tests/base/escapes.rxt:25	2	2	2	0	0
/Users/fdicostanzo/pcrec/worktrees/dfam12/tests/base/escapes.rxt:28	2	2	2	0	0
/Users/fdicostanzo/pcrec/worktrees/dfam12/tests/base/escapes.rxt:31	2	2	2	0	0
/Users/fdicostanzo/pcrec/worktrees/dfam12/tests/base/escapes.rxt:34	2	2	2	0	0
/Users/fdicostanzo/pcrec/worktrees/dfam12/tests/base/escapes.rxt:37	2	2	2	0	0
/Users/fdicostanzo/pcrec/worktrees/dfam12/tests/base/escapes.rxt:40	2	2	2	0	0
/Users/fdicostanzo/pcrec/worktrees/dfam12/tests/base/escapes.rxt:43	2	2	2	0	0
/Users/fdicostanzo/pcrec/worktrees/dfam12/tests/base/escapes.rxt:46	4	4	8	0	0
/Users/fdicostanzo/pcrec/worktrees/dfam12/tests/base/escapes.rxt:50	2	2	2	0	0
/Users/fdicostanzo/pcrec/worktrees/dfam12/tests/base/escapes.rxt:53	2	2	2	0	0
/Users/fdicostanzo/pcrec/worktrees/dfam12/tests/base/escapes.rxt:56	2	2	2	0	0
/Users/fdicostanzo/pcrec/worktrees/dfam12/tests/base/escapes.rxt:59	2	2	2	0	0
/Users/fdicostanzo/pcrec/worktrees/dfam12/tests/base/escapes.rxt:62	2	2	2	0	0
/Users/fdicostanzo/pcrec/worktrees/dfam12/tests/base/escapes.rxt:65	2	2	2	0	0
/Users/fdicostanzo/pcrec/worktrees/dfam12/tests/base/escapes.rxt:68	4	4	8	0	0
/Users/fdicostanzo/pcrec/worktrees/dfam12/tests/base/escapes.rxt:71	2	2	2	0	0
/Users/fdicostanzo/pcrec/worktrees/dfam12/tests/base/escapes.rxt:75	3	3	5	0	0
/Users/fdicostanzo/pcrec/worktrees/dfam12/tests/base/escapes.rxt:78	5	5	11	0	0
/Users/fdicostanzo/pcrec/worktrees/dfam12/tests/base/escapes.rxt:86	2	2	2	0	0
/Users/fdicostanzo/pcrec/worktrees/dfam12/tests/base/escapes.rxt:93	2	2	2	0	0
/Users/fdicostanzo/pcrec/worktrees/dfam12/tests/base/escapes.rxt:98	2	2	2	0	0
/Users/fdicostanzo/pcrec/worktrees/dfam12/tests/base/fuzz_regressions.rxt:4	4	4	3	0	0
/Users/fdicostanzo/pcrec/worktrees/dfam12/tests/base/fuzz_regressions.rxt:9	5	2	17	0	0
/Users/fdicostanzo/pcrec/worktrees/dfam12/tests/base/fuzz_regressions.rxt:14	6	2	20	0	0
/Users/fdicostanzo/pcrec/worktrees/dfam12/tests/base/fuzz_regressions.rxt:21	5	5	11	0	0
/Users/fdicostanzo/pcrec/worktrees/dfam12/tests/base/fuzz_regressions.rxt:29	2	2	2	0	0
/Users/fdicostanzo/pcrec/worktrees/dfam12/tests/base/fuzz_regressions.rxt:32	2	2	2	0	0
/Users/fdicostanzo/pcrec/worktrees/dfam12/tests/base/groups.rxt:3	2	2	2	0	0
/Users/fdicostanzo/pcrec/worktrees/dfam12/tests/base/groups.rxt:7	2	2	2	0	0
/Users/fdicostanzo/pcrec/worktrees/dfam12/tests/base/groups.rxt:10	4	4	8	0	0
/Users/fdicostanzo/pcrec/worktrees/dfam12/tests/base/groups.rxt:14	4	4	8	0	0
/Users/fdicostanzo/pcrec/worktrees/dfam12/tests/base/groups.rxt:17	5	5	11	0	0
/Users/fdicostanzo/pcrec/worktrees/dfam12/tests/base/groups.rxt:20	4	4	7	0	0
/Users/fdicostanzo/pcrec/worktrees/dfam12/tests/base/groups.rxt:25	2	2	3	0	0
/Users/fdicostanzo/pcrec/worktrees/dfam12/tests/base/groups.rxt:29	2	2	2	0	0
/Users/fdicostanzo/pcrec/worktrees/dfam12/tests/base/groups.rxt:32	4	4	8	0	0
/Users/fdicostanzo/pcrec/worktrees/dfam12/tests/base/groups.rxt:35	3	3	7	0	0
/Users/fdicostanzo/pcrec/worktrees/dfam12/tests/base/groups.rxt:39	4	4	8	0	0
/Users/fdicostanzo/pcrec/worktrees/dfam12/tests/base/groups.rxt:50	3	3	5	0	0
/Users/fdicostanzo/pcrec/worktrees/dfam12/tests/base/groups.rxt:55	8	6	18	0	0
/Users/fdicostanzo/pcrec/worktrees/dfam12/tests/base/groups.rxt:58	2	2	2	0	0
/Users/fdicostanzo/pcrec/worktrees/dfam12/tests/base/high_bytes.rxt:8	2	2	2	0	0
/Users/fdicostanzo/pcrec/worktrees/dfam12/tests/base/high_bytes.rxt:12	2	2	2	0	0
/Users/fdicostanzo/pcrec/worktrees/dfam12/tests/base/high_bytes.rxt:16	2	2	2	0	0
/Users/fdicostanzo/pcrec/worktrees/dfam12/tests/base/high_bytes.rxt:20	2	2	2	0	0
/Users/fdicostanzo/pcrec/worktrees/dfam12/tests/base/high_bytes.rxt:26	2	2	2	0	0
/Users/fdicostanzo/pcrec/worktrees/dfam12/tests/base/high_bytes.rxt:31	2	2	2	0	0
/Users/fdicostanzo/pcrec/worktrees/dfam12/tests/base/high_bytes.rxt:36	5	5	11	0	0
/Users/fdicostanzo/pcrec/worktrees/dfam12/tests/base/high_bytes.rxt:42	2	2	3	0	0
/Users/fdicostanzo/pcrec/worktrees/dfam12/tests/base/high_bytes.rxt:47	2	2	2	0	0
/Users/fdicostanzo/pcrec/worktrees/dfam12/tests/base/high_bytes.rxt:53	5	5	12	0	0
/Users/fdicostanzo/pcrec/worktrees/dfam12/tests/base/high_bytes.rxt:58	2	2	3	0	0
/Users/fdicostanzo/pcrec/worktrees/dfam12/tests/base/high_bytes.rxt:63	2	2	3	0	0
/Users/fdicostanzo/pcrec/worktrees/dfam12/tests/base/k18_arm_order.rxt:32	1	1	1	0	0
/Users/fdicostanzo/pcrec/worktrees/dfam12/tests/base/k18_arm_order.rxt:46	1	1	0	0	0
/Users/fdicostanzo/pcrec/worktrees/dfam12/tests/base/k18_arm_order.rxt:116	2	1	3	0	0
/Users/fdicostanzo/pcrec/worktrees/dfam12/tests/base/k18_arm_order.rxt:130	1	1	0	0	0
/Users/fdicostanzo/pcrec/worktrees/dfam12/tests/base/k18_arm_order.rxt:144	1	1	1	0	0
/Users/fdicostanzo/pcrec/worktrees/dfam12/tests/base/k18_arm_order.rxt:158	1	1	0	0	0
/Users/fdicostanzo/pcrec/worktrees/dfam12/tests/base/k18_arm_order.rxt:172	1	1	1	0	0
/Users/fdicostanzo/pcrec/worktrees/dfam12/tests/base/k18_arm_order.rxt:186	1	1	0	0	0
/Users/fdicostanzo/pcrec/worktrees/dfam12/tests/base/k18_arm_order.rxt:200	2	1	3	0	0
/Users/fdicostanzo/pcrec/worktrees/dfam12/tests/base/k18_arm_order.rxt:214	1	1	0	0	0
/Users/fdicostanzo/pcrec/worktrees/dfam12/tests/base/k18_arm_order.rxt:228	1	1	1	0	0
/Users/fdicostanzo/pcrec/worktrees/dfam12/tests/base/k18_arm_order.rxt:242	1	1	0	0	0
/Users/fdicostanzo/pcrec/worktrees/dfam12/tests/base/k18_arm_order.rxt:256	1	1	1	0	0
/Users/fdicostanzo/pcrec/worktrees/dfam12/tests/base/k18_arm_order.rxt:274	1	1	0	0	0
/Users/fdicostanzo/pcrec/worktrees/dfam12/tests/base/k18_arm_order.rxt:320	1	1	1	0	0
/Users/fdicostanzo/pcrec/worktrees/dfam12/tests/base/k18_arm_order.rxt:334	2	1	4	0	0
/Users/fdicostanzo/pcrec/worktrees/dfam12/tests/base/k18_arm_order.rxt:348	1	1	1	0	0
/Users/fdicostanzo/pcrec/worktrees/dfam12/tests/base/k18_arm_order.rxt:362	1	1	2	0	0
/Users/fdicostanzo/pcrec/worktrees/dfam12/tests/base/k18_arm_order.rxt:376	1	1	1	0	0
/Users/fdicostanzo/pcrec/worktrees/dfam12/tests/base/k18_arm_order.rxt:390	2	1	4	0	0
/Users/fdicostanzo/pcrec/worktrees/dfam12/tests/base/k18_arm_order.rxt:432	1	1	2	0	0
/Users/fdicostanzo/pcrec/worktrees/dfam12/tests/base/k18_arm_order.rxt:446	4	1	11	0	0
/Users/fdicostanzo/pcrec/worktrees/dfam12/tests/base/k18_arm_order.rxt:488	2	1	3	0	0
/Users/fdicostanzo/pcrec/worktrees/dfam12/tests/base/k18_arm_order.rxt:502	2	1	5	0	0
/Users/fdicostanzo/pcrec/worktrees/dfam12/tests/base/k18_arm_order.rxt:516	1	1	0	0	0
/Users/fdicostanzo/pcrec/worktrees/dfam12/tests/base/k18_arm_order.rxt:530	1	1	1	0	0
/Users/fdicostanzo/pcrec/worktrees/dfam12/tests/base/k18_arm_order.rxt:544	1	1	1	0	0
/Users/fdicostanzo/pcrec/worktrees/dfam12/tests/base/k18_arm_order.rxt:558	1	1	2	0	0
/Users/fdicostanzo/pcrec/worktrees/dfam12/tests/base/k18_arm_order.rxt:572	1	1	0	0	0
/Users/fdicostanzo/pcrec/worktrees/dfam12/tests/base/k18_arm_order.rxt:586	1	1	1	0	0
/Users/fdicostanzo/pcrec/worktrees/dfam12/tests/base/k18_arm_order.rxt:614	2	1	4	0	0
/Users/fdicostanzo/pcrec/worktrees/dfam12/tests/base/k18_arm_order.rxt:632	2	1	8	0	0
/Users/fdicostanzo/pcrec/worktrees/dfam12/tests/base/k18_arm_order.rxt:650	1	1	2	0	0
/Users/fdicostanzo/pcrec/worktrees/dfam12/tests/base/k18_arm_order.rxt:668	1	1	0	0	0
/Users/fdicostanzo/pcrec/worktrees/dfam12/tests/base/k18_arm_order.rxt:686	1	1	1	0	0
/Users/fdicostanzo/pcrec/worktrees/dfam12/tests/base/k18_arm_order.rxt:700	1	1	1	0	0
/Users/fdicostanzo/pcrec/worktrees/dfam12/tests/base/k18_arm_order.rxt:714	2	2	1	0	0
/Users/fdicostanzo/pcrec/worktrees/dfam12/tests/base/k18_arm_order.rxt:728	1	1	1	0	0
/Users/fdicostanzo/pcrec/worktrees/dfam12/tests/base/k18_arm_order.rxt:742	1	1	1	0	0
/Users/fdicostanzo/pcrec/worktrees/dfam12/tests/base/k18_arm_order.rxt:747	1	1	1	0	0
/Users/fdicostanzo/pcrec/worktrees/dfam12/tests/base/k18_arm_order.rxt:761	1	1	1	0	0
/Users/fdicostanzo/pcrec/worktrees/dfam12/tests/base/k18_arm_order.rxt:775	3	3	6	0	0
/Users/fdicostanzo/pcrec/worktrees/dfam12/tests/base/k18_arm_order.rxt:793	1	1	3	0	0
/Users/fdicostanzo/pcrec/worktrees/dfam12/tests/base/k18_deep_nesting.rxt:39	1	1	1	0	0
/Users/fdicostanzo/pcrec/worktrees/dfam12/tests/base/k18_deep_nesting.rxt:44	1	1	1	0	0
/Users/fdicostanzo/pcrec/worktrees/dfam12/tests/base/k18_deep_nesting.rxt:49	1	1	1	0	0
/Users/fdicostanzo/pcrec/worktrees/dfam12/tests/base/k18_deep_nesting.rxt:54	1	1	1	0	0
/Users/fdicostanzo/pcrec/worktrees/dfam12/tests/base/k18_deep_nesting.rxt:59	1	1	1	0	0
/Users/fdicostanzo/pcrec/worktrees/dfam12/tests/base/k18_deep_nesting.rxt:64	1	1	1	0	0
/Users/fdicostanzo/pcrec/worktrees/dfam12/tests/base/k18_deep_nesting.rxt:69	1	1	0	0	0
/Users/fdicostanzo/pcrec/worktrees/dfam12/tests/base/k18_deep_nesting.rxt:74	1	1	40	0	0
/Users/fdicostanzo/pcrec/worktrees/dfam12/tests/base/k18_empty_exit_through_seen_eps.rxt:33	1	1	1	0	0
/Users/fdicostanzo/pcrec/worktrees/dfam12/tests/base/k18_empty_exit_through_seen_eps.rxt:61	2	1	3	0	0
/Users/fdicostanzo/pcrec/worktrees/dfam12/tests/base/k18_empty_exit_through_seen_eps.rxt:75	1	1	1	0	0
/Users/fdicostanzo/pcrec/worktrees/dfam12/tests/base/k18_empty_exit_through_seen_eps.rxt:89	1	1	1	0	0
/Users/fdicostanzo/pcrec/worktrees/dfam12/tests/base/k18_empty_exit_through_seen_eps.rxt:103	2	1	3	0	0
/Users/fdicostanzo/pcrec/worktrees/dfam12/tests/base/k18_empty_exit_through_seen_eps.rxt:117	1	1	1	0	0
/Users/fdicostanzo/pcrec/worktrees/dfam12/tests/base/k18_empty_exit_through_seen_eps.rxt:149	2	1	4	0	0
/Users/fdicostanzo/pcrec/worktrees/dfam12/tests/base/k18_empty_exit_through_seen_eps.rxt:163	1	1	0	0	0
/Users/fdicostanzo/pcrec/worktrees/dfam12/tests/base/k18_empty_exit_through_seen_eps.rxt:177	1	1	1	0	0
/Users/fdicostanzo/pcrec/worktrees/dfam12/tests/base/k18_empty_exit_through_seen_eps.rxt:191	1	1	1	0	0
/Users/fdicostanzo/pcrec/worktrees/dfam12/tests/base/k18_empty_exit_through_seen_eps.rxt:205	2	2	1	0	0
/Users/fdicostanzo/pcrec/worktrees/dfam12/tests/base/k18_empty_exit_through_seen_eps.rxt:219	1	1	1	0	0
/Users/fdicostanzo/pcrec/worktrees/dfam12/tests/base/k18_empty_exit_through_seen_eps.rxt:233	1	1	1	0	0
/Users/fdicostanzo/pcrec/worktrees/dfam12/tests/base/k18_split_shapes.rxt:22	1	1	2	0	0
/Users/fdicostanzo/pcrec/worktrees/dfam12/tests/base/k18_split_shapes.rxt:36	2	1	4	0	0
/Users/fdicostanzo/pcrec/worktrees/dfam12/tests/base/k18_split_shapes.rxt:50	4	1	11	0	0
/Users/fdicostanzo/pcrec/worktrees/dfam12/tests/base/k18_split_shapes.rxt:64	2	1	4	0	0
/Users/fdicostanzo/pcrec/worktrees/dfam12/tests/base/k18_split_shapes.rxt:78	4	1	11	0	0
/Users/fdicostanzo/pcrec/worktrees/dfam12/tests/base/k18_split_shapes.rxt:92	2	1	4	0	0
/Users/fdicostanzo/pcrec/worktrees/dfam12/tests/base/k18_split_shapes.rxt:106	4	1	11	0	0
/Users/fdicostanzo/pcrec/worktrees/dfam12/tests/base/k18_split_shapes.rxt:120	4	1	10	0	0
/Users/fdicostanzo/pcrec/worktrees/dfam12/tests/base/k18_split_shapes.rxt:134	8	1	24	0	0
/Users/fdicostanzo/pcrec/worktrees/dfam12/tests/base/k18_split_shapes.rxt:148	2	1	4	0	0
/Users/fdicostanzo/pcrec/worktrees/dfam12/tests/base/k18_split_shapes.rxt:162	4	1	11	0	0
/Users/fdicostanzo/pcrec/worktrees/dfam12/tests/base/k18_split_shapes.rxt:176	2	1	4	0	0
/Users/fdicostanzo/pcrec/worktrees/dfam12/tests/base/k18_split_shapes.rxt:185	4	1	11	0	0
/Users/fdicostanzo/pcrec/worktrees/dfam12/tests/base/k18_split_shapes.rxt:194	2	1	4	0	0
/Users/fdicostanzo/pcrec/worktrees/dfam12/tests/base/k18_split_shapes.rxt:203	4	1	11	0	0
/Users/fdicostanzo/pcrec/worktrees/dfam12/tests/base/k18_split_shapes.rxt:212	2	1	4	0	0
/Users/fdicostanzo/pcrec/worktrees/dfam12/tests/base/k18_split_shapes.rxt:221	4	1	11	0	0
/Users/fdicostanzo/pcrec/worktrees/dfam12/tests/base/k18_split_shapes.rxt:230	2	1	4	0	0
/Users/fdicostanzo/pcrec/worktrees/dfam12/tests/base/k18_split_shapes.rxt:235	4	1	11	0	0
/Users/fdicostanzo/pcrec/worktrees/dfam12/tests/base/k18_split_shapes.rxt:240	2	1	4	0	0
/Users/fdicostanzo/pcrec/worktrees/dfam12/tests/base/k18_split_shapes.rxt:245	4	1	11	0	0
/Users/fdicostanzo/pcrec/worktrees/dfam12/tests/base/k18_split_shapes.rxt:250	2	1	4	0	0
/Users/fdicostanzo/pcrec/worktrees/dfam12/tests/base/k18_split_shapes.rxt:255	4	1	11	0	0
/Users/fdicostanzo/pcrec/worktrees/dfam12/tests/base/k18_split_shapes.rxt:260	1	1	2	0	0
/Users/fdicostanzo/pcrec/worktrees/dfam12/tests/base/k18_split_shapes.rxt:265	2	1	4	0	0
/Users/fdicostanzo/pcrec/worktrees/dfam12/tests/base/k18_split_shapes.rxt:270	4	1	11	0	0
/Users/fdicostanzo/pcrec/worktrees/dfam12/tests/base/k18_split_shapes.rxt:275	2	1	4	0	0
/Users/fdicostanzo/pcrec/worktrees/dfam12/tests/base/k18_split_shapes.rxt:280	4	1	11	0	0
/Users/fdicostanzo/pcrec/worktrees/dfam12/tests/base/k18_split_shapes.rxt:285	2	1	4	0	0
/Users/fdicostanzo/pcrec/worktrees/dfam12/tests/base/k18_split_shapes.rxt:290	4	1	11	0	0
/Users/fdicostanzo/pcrec/worktrees/dfam12/tests/base/k18_split_shapes.rxt:295	4	1	10	0	0
/Users/fdicostanzo/pcrec/worktrees/dfam12/tests/base/k18_split_shapes.rxt:300	8	1	24	0	0
/Users/fdicostanzo/pcrec/worktrees/dfam12/tests/base/k18_split_shapes.rxt:305	2	1	4	0	0
/Users/fdicostanzo/pcrec/worktrees/dfam12/tests/base/k18_split_shapes.rxt:310	4	1	11	0	0
/Users/fdicostanzo/pcrec/worktrees/dfam12/tests/base/k18_split_shapes.rxt:315	1	1	2	0	0
/Users/fdicostanzo/pcrec/worktrees/dfam12/tests/base/k18_split_shapes.rxt:329	2	1	5	0	0
/Users/fdicostanzo/pcrec/worktrees/dfam12/tests/base/k18_split_shapes.rxt:343	2	1	4	0	0
/Users/fdicostanzo/pcrec/worktrees/dfam12/tests/base/k18_split_shapes.rxt:357	4	1	11	0	0
/Users/fdicostanzo/pcrec/worktrees/dfam12/tests/base/k18_split_shapes.rxt:371	2	1	5	0	0
/Users/fdicostanzo/pcrec/worktrees/dfam12/tests/base/k18_split_shapes.rxt:385	4	1	10	0	0
/Users/fdicostanzo/pcrec/worktrees/dfam12/tests/base/k18_split_shapes.rxt:399	8	1	24	0	0
/Users/fdicostanzo/pcrec/worktrees/dfam12/tests/base/k18_split_shapes.rxt:413	2	1	5	0	0
/Users/fdicostanzo/pcrec/worktrees/dfam12/tests/base/k18_split_shapes.rxt:427	2	1	5	0	0
/Users/fdicostanzo/pcrec/worktrees/dfam12/tests/base/k18_split_shapes.rxt:436	2	1	5	0	0
/Users/fdicostanzo/pcrec/worktrees/dfam12/tests/base/k18_split_shapes.rxt:445	2	1	5	0	0
/Users/fdicostanzo/pcrec/worktrees/dfam12/tests/base/k18_split_shapes.rxt:454	2	1	5	0	0
/Users/fdicostanzo/pcrec/worktrees/dfam12/tests/base/k18_split_shapes.rxt:459	2	1	5	0	0
/Users/fdicostanzo/pcrec/worktrees/dfam12/tests/base/k18_split_shapes.rxt:464	2	1	5	0	0
/Users/fdicostanzo/pcrec/worktrees/dfam12/tests/base/k18_split_shapes.rxt:469	1	1	2	0	0
/Users/fdicostanzo/pcrec/worktrees/dfam12/tests/base/k18_split_shapes.rxt:474	2	1	5	0	0
/Users/fdicostanzo/pcrec/worktrees/dfam12/tests/base/k18_split_shapes.rxt:479	2	1	4	0	0
/Users/fdicostanzo/pcrec/worktrees/dfam12/tests/base/k18_split_shapes.rxt:484	4	1	11	0	0
/Users/fdicostanzo/pcrec/worktrees/dfam12/tests/base/k18_split_shapes.rxt:489	2	1	5	0	0
/Users/fdicostanzo/pcrec/worktrees/dfam12/tests/base/k18_split_shapes.rxt:494	4	1	10	0	0
/Users/fdicostanzo/pcrec/worktrees/dfam12/tests/base/k18_split_shapes.rxt:499	8	1	24	0	0
/Users/fdicostanzo/pcrec/worktrees/dfam12/tests/base/k18_split_shapes.rxt:504	2	1	5	0	0
/Users/fdicostanzo/pcrec/worktrees/dfam12/tests/base/k18_split_shapes.rxt:509	1	1	2	0	0
/Users/fdicostanzo/pcrec/worktrees/dfam12/tests/base/k18_split_shapes.rxt:518	2	1	4	0	0
/Users/fdicostanzo/pcrec/worktrees/dfam12/tests/base/k18_split_shapes.rxt:527	4	1	11	0	0
/Users/fdicostanzo/pcrec/worktrees/dfam12/tests/base/k18_split_shapes.rxt:536	4	1	10	0	0
/Users/fdicostanzo/pcrec/worktrees/dfam12/tests/base/k18_split_shapes.rxt:545	8	1	24	0	0
/Users/fdicostanzo/pcrec/worktrees/dfam12/tests/base/k18_split_shapes.rxt:554	1	1	2	0	0
/Users/fdicostanzo/pcrec/worktrees/dfam12/tests/base/k18_split_shapes.rxt:572	2	1	4	0	0
/Users/fdicostanzo/pcrec/worktrees/dfam12/tests/base/k18_split_shapes.rxt:590	4	1	11	0	0
/Users/fdicostanzo/pcrec/worktrees/dfam12/tests/base/k18_split_shapes.rxt:608	4	1	10	0	0
/Users/fdicostanzo/pcrec/worktrees/dfam12/tests/base/k18_split_shapes.rxt:626	8	1	24	0	0
/Users/fdicostanzo/pcrec/worktrees/dfam12/tests/base/k18_split_shapes.rxt:644	2	1	4	0	0
/Users/fdicostanzo/pcrec/worktrees/dfam12/tests/base/k18_split_shapes.rxt:653	4	1	11	0	0
/Users/fdicostanzo/pcrec/worktrees/dfam12/tests/base/k18_split_shapes.rxt:662	2	1	4	0	0
/Users/fdicostanzo/pcrec/worktrees/dfam12/tests/base/k18_split_shapes.rxt:671	4	1	11	0	0
/Users/fdicostanzo/pcrec/worktrees/dfam12/tests/base/k18_split_shapes.rxt:680	2	1	4	0	0
/Users/fdicostanzo/pcrec/worktrees/dfam12/tests/base/k18_split_shapes.rxt:689	4	1	11	0	0
/Users/fdicostanzo/pcrec/worktrees/dfam12/tests/base/k18_split_shapes.rxt:698	1	1	2	0	0
/Users/fdicostanzo/pcrec/worktrees/dfam12/tests/base/k18_split_shapes.rxt:707	2	1	4	0	0
/Users/fdicostanzo/pcrec/worktrees/dfam12/tests/base/k18_split_shapes.rxt:716	4	1	11	0	0
/Users/fdicostanzo/pcrec/worktrees/dfam12/tests/base/k18_split_shapes.rxt:725	2	1	4	0	0
/Users/fdicostanzo/pcrec/worktrees/dfam12/tests/base/k18_split_shapes.rxt:734	4	1	11	0	0
/Users/fdicostanzo/pcrec/worktrees/dfam12/tests/base/k18_split_shapes.rxt:743	2	1	4	0	0
/Users/fdicostanzo/pcrec/worktrees/dfam12/tests/base/k18_split_shapes.rxt:752	4	1	11	0	0
/Users/fdicostanzo/pcrec/worktrees/dfam12/tests/base/k18_split_shapes.rxt:761	4	1	10	0	0
/Users/fdicostanzo/pcrec/worktrees/dfam12/tests/base/k18_split_shapes.rxt:770	8	1	24	0	0
/Users/fdicostanzo/pcrec/worktrees/dfam12/tests/base/k18_split_shapes.rxt:779	2	1	4	0	0
/Users/fdicostanzo/pcrec/worktrees/dfam12/tests/base/k18_split_shapes.rxt:788	4	1	11	0	0
/Users/fdicostanzo/pcrec/worktrees/dfam12/tests/base/leftmost_semantics.rxt:5	2	2	2	0	0
/Users/fdicostanzo/pcrec/worktrees/dfam12/tests/base/leftmost_semantics.rxt:9	3	3	3	0	0
/Users/fdicostanzo/pcrec/worktrees/dfam12/tests/base/leftmost_semantics.rxt:13	2	2	2	0	0
/Users/fdicostanzo/pcrec/worktrees/dfam12/tests/base/leftmost_semantics.rxt:16	3	3	3	0	0
/Users/fdicostanzo/pcrec/worktrees/dfam12/tests/base/leftmost_semantics.rxt:20	2	2	3	0	0
/Users/fdicostanzo/pcrec/worktrees/dfam12/tests/base/leftmost_semantics.rxt:23	2	2	2	0	0
/Users/fdicostanzo/pcrec/worktrees/dfam12/tests/base/leftmost_semantics.rxt:26	3	3	7	0	0
/Users/fdicostanzo/pcrec/worktrees/dfam12/tests/base/leftmost_semantics.rxt:29	2	2	3	0	0
/Users/fdicostanzo/pcrec/worktrees/dfam12/tests/base/leftmost_semantics.rxt:32	4	4	10	0	0
/Users/fdicostanzo/pcrec/worktrees/dfam12/tests/base/leftmost_semantics.rxt:35	3	3	6	0	0
/Users/fdicostanzo/pcrec/worktrees/dfam12/tests/base/leftmost_semantics.rxt:40	3	2	7	0	0
/Users/fdicostanzo/pcrec/worktrees/dfam12/tests/base/leftmost_semantics.rxt:43	3	2	7	0	0
/Users/fdicostanzo/pcrec/worktrees/dfam12/tests/base/leftmost_semantics.rxt:46	2	2	2	0	0
/Users/fdicostanzo/pcrec/worktrees/dfam12/tests/base/leftmost_semantics.rxt:49	3	3	5	0	0
/Users/fdicostanzo/pcrec/worktrees/dfam12/tests/base/leftmost_semantics.rxt:53	2	2	5	0	0
/Users/fdicostanzo/pcrec/worktrees/dfam12/tests/base/leftmost_semantics.rxt:56	3	3	7	0	0
/Users/fdicostanzo/pcrec/worktrees/dfam12/tests/base/leftmost_semantics.rxt:60	2	2	3	0	0
/Users/fdicostanzo/pcrec/worktrees/dfam12/tests/base/leftmost_semantics.rxt:63	7	7	19	0	0
/Users/fdicostanzo/pcrec/worktrees/dfam12/tests/base/leftmost_semantics.rxt:66	4	4	7	0	0
/Users/fdicostanzo/pcrec/worktrees/dfam12/tests/base/literals.rxt:3	2	2	2	0	0
/Users/fdicostanzo/pcrec/worktrees/dfam12/tests/base/literals.rxt:10	4	4	8	0	0
/Users/fdicostanzo/pcrec/worktrees/dfam12/tests/base/literals.rxt:16	12	12	32	0	0
/Users/fdicostanzo/pcrec/worktrees/dfam12/tests/base/literals.rxt:20	2	2	2	0	0
/Users/fdicostanzo/pcrec/worktrees/dfam12/tests/base/literals.rxt:24	4	4	8	0	0
/Users/fdicostanzo/pcrec/worktrees/dfam12/tests/base/literals.rxt:27	2	2	2	0	0
/Users/fdicostanzo/pcrec/worktrees/dfam12/tests/base/literals.rxt:30	4	4	9	0	0
/Users/fdicostanzo/pcrec/worktrees/dfam12/tests/base/long_subjects.rxt:6	4	4	8	0	0
/Users/fdicostanzo/pcrec/worktrees/dfam12/tests/base/long_subjects.rxt:10	5	5	11	0	0
/Users/fdicostanzo/pcrec/worktrees/dfam12/tests/base/long_subjects.rxt:14	3	3	6	0	0
/Users/fdicostanzo/pcrec/worktrees/dfam12/tests/base/long_subjects.rxt:18	11	11	65	0	0
/Users/fdicostanzo/pcrec/worktrees/dfam12/tests/base/long_subjects.rxt:22	4	4	10	0	0
/Users/fdicostanzo/pcrec/worktrees/dfam12/tests/base/long_subjects.rxt:26	4	4	10	0	0
/Users/fdicostanzo/pcrec/worktrees/dfam12/tests/base/long_subjects.rxt:30	61	61	1335	0	0
/Users/fdicostanzo/pcrec/worktrees/dfam12/tests/base/long_subjects.rxt:34	61	61	1335	0	0
/Users/fdicostanzo/pcrec/worktrees/dfam12/tests/base/long_subjects.rxt:38	61	61	1335	0	0
/Users/fdicostanzo/pcrec/worktrees/dfam12/tests/base/long_subjects.rxt:42	14	14	51	0	0
/Users/fdicostanzo/pcrec/worktrees/dfam12/tests/base/possess_lazy_guard.rxt:43	7	7	21	0	0
/Users/fdicostanzo/pcrec/worktrees/dfam12/tests/base/possess_lazy_guard.rxt:48	8	8	22	0	0
/Users/fdicostanzo/pcrec/worktrees/dfam12/tests/base/possess_lazy_guard.rxt:53	3	3	5	0	0
/Users/fdicostanzo/pcrec/worktrees/dfam12/tests/base/possess_lazy_guard.rxt:58	4	4	6	0	0
/Users/fdicostanzo/pcrec/worktrees/dfam12/tests/base/possess_lazy_guard.rxt:63	5	5	11	0	0
/Users/fdicostanzo/pcrec/worktrees/dfam12/tests/base/possess_lazy_guard.rxt:68	6	6	12	0	0
/Users/fdicostanzo/pcrec/worktrees/dfam12/tests/base/possess_lazy_guard.rxt:73	3	3	5	0	0
/Users/fdicostanzo/pcrec/worktrees/dfam12/tests/base/possess_lazy_guard.rxt:78	4	4	6	0	0
/Users/fdicostanzo/pcrec/worktrees/dfam12/tests/base/possess_lazy_guard.rxt:83	8	8	20	0	0
/Users/fdicostanzo/pcrec/worktrees/dfam12/tests/base/possess_lazy_guard.rxt:88	9	9	21	0	0
/Users/fdicostanzo/pcrec/worktrees/dfam12/tests/base/possess_lazy_guard.rxt:93	8	8	23	0	0
/Users/fdicostanzo/pcrec/worktrees/dfam12/tests/base/possess_lazy_guard.rxt:98	9	9	24	0	0
/Users/fdicostanzo/pcrec/worktrees/dfam12/tests/base/possess_lazy_guard.rxt:103	3	3	5	0	0
/Users/fdicostanzo/pcrec/worktrees/dfam12/tests/base/possess_lazy_guard.rxt:110	4	4	6	0	0
/Users/fdicostanzo/pcrec/worktrees/dfam12/tests/base/possess_lazy_guard.rxt:117	5	5	11	0	0
/Users/fdicostanzo/pcrec/worktrees/dfam12/tests/base/possess_lazy_guard.rxt:124	6	6	12	0	0
/Users/fdicostanzo/pcrec/worktrees/dfam12/tests/base/possess_lazy_guard.rxt:131	3	3	5	0	0
/Users/fdicostanzo/pcrec/worktrees/dfam12/tests/base/possess_lazy_guard.rxt:138	4	4	6	0	0
/Users/fdicostanzo/pcrec/worktrees/dfam12/tests/base/possess_lazy_guard.rxt:145	8	7	30	0	0
/Users/fdicostanzo/pcrec/worktrees/dfam12/tests/base/possess_lazy_guard.rxt:150	9	8	31	0	0
/Users/fdicostanzo/pcrec/worktrees/dfam12/tests/base/possess_lazy_guard.rxt:166	5	2	14	0	0
/Users/fdicostanzo/pcrec/worktrees/dfam12/tests/base/possess_lazy_guard.rxt:178	14	14	26	0	0
/Users/fdicostanzo/pcrec/worktrees/dfam12/tests/base/precedence.rxt:4	4	4	11	0	0
/Users/fdicostanzo/pcrec/worktrees/dfam12/tests/base/precedence.rxt:9	3	3	7	0	0
/Users/fdicostanzo/pcrec/worktrees/dfam12/tests/base/precedence.rxt:17	3	3	6	0	0
/Users/fdicostanzo/pcrec/worktrees/dfam12/tests/base/precedence.rxt:21	3	3	6	0	0
/Users/fdicostanzo/pcrec/worktrees/dfam12/tests/base/precedence.rxt:28	3	3	6	0	0
/Users/fdicostanzo/pcrec/worktrees/dfam12/tests/base/precedence.rxt:32	3	3	3	0	0
/Users/fdicostanzo/pcrec/worktrees/dfam12/tests/base/precedence.rxt:39	1	1	1	0	0
/Users/fdicostanzo/pcrec/worktrees/dfam12/tests/base/precedence.rxt:43	3	3	6	0	0
/Users/fdicostanzo/pcrec/worktrees/dfam12/tests/base/precedence.rxt:47	2	2	3	0	0
/Users/fdicostanzo/pcrec/worktrees/dfam12/tests/base/precedence.rxt:50	4	4	6	0	0
/Users/fdicostanzo/pcrec/worktrees/dfam12/tests/base/precedence.rxt:54	6	6	15	0	0
/Users/fdicostanzo/pcrec/worktrees/dfam12/tests/base/quantifiers.rxt:3	1	1	1	0	0
/Users/fdicostanzo/pcrec/worktrees/dfam12/tests/base/quantifiers.rxt:8	2	2	3	0	0
/Users/fdicostanzo/pcrec/worktrees/dfam12/tests/base/quantifiers.rxt:13	2	2	1	0	0
/Users/fdicostanzo/pcrec/worktrees/dfam12/tests/base/quantifiers.rxt:17	1	1	0	0	0
/Users/fdicostanzo/pcrec/worktrees/dfam12/tests/base/quantifiers.rxt:20	2	2	2	0	0
/Users/fdicostanzo/pcrec/worktrees/dfam12/tests/base/quantifiers.rxt:24	1	1	0	0	0
/Users/fdicostanzo/pcrec/worktrees/dfam12/tests/base/quantifiers.rxt:28	2	2	3	0	0
/Users/fdicostanzo/pcrec/worktrees/dfam12/tests/base/quantifiers.rxt:32	3	3	6	0	0
/Users/fdicostanzo/pcrec/worktrees/dfam12/tests/base/quantifiers.rxt:36	4	4	9	0	0
/Users/fdicostanzo/pcrec/worktrees/dfam12/tests/base/quantifiers.rxt:46	4	4	7	0	0
/Users/fdicostanzo/pcrec/worktrees/dfam12/tests/base/quantifiers.rxt:50	2	2	3	0	0
/Users/fdicostanzo/pcrec/worktrees/dfam12/tests/base/quantifiers.rxt:54	2	2	3	0	0
/Users/fdicostanzo/pcrec/worktrees/dfam12/tests/base/quantifiers.rxt:57	3	3	7	0	0
/Users/fdicostanzo/pcrec/worktrees/dfam12/tests/base/quantifiers.rxt:60	2	2	3	0	0
/Users/fdicostanzo/pcrec/worktrees/dfam12/tests/base/quantifiers.rxt:65	4	4	8	0	0
/Users/fdicostanzo/pcrec/worktrees/dfam12/tests/base/review_r1.rxt:3	4	4	7	0	0
/Users/fdicostanzo/pcrec/worktrees/dfam12/tests/base/review_r1.rxt:8	4	4	12	0	0
/Users/fdicostanzo/pcrec/worktrees/dfam12/tests/base/review_r1.rxt:13	2	2	2	0	0
/Users/fdicostanzo/pcrec/worktrees/dfam12/tests/base/review_r1.rxt:17	2	2	3	0	0
/Users/fdicostanzo/pcrec/worktrees/dfam12/tests/base/review_r1.rxt:22	3	3	4	0	0
/Users/fdicostanzo/pcrec/worktrees/dfam12/tests/base/review_r1.rxt:27	3	3	5	0	0
/Users/fdicostanzo/pcrec/worktrees/dfam12/tests/base/review_r1.rxt:39	3	3	5	0	0
/Users/fdicostanzo/pcrec/worktrees/dfam12/tests/base/review_r2.rxt:7	4	4	6	0	0
/Users/fdicostanzo/pcrec/worktrees/dfam12/tests/base/review_r2.rxt:10	4	4	6	0	0
/Users/fdicostanzo/pcrec/worktrees/dfam12/tests/base/review_r2.rxt:14	51	29	158	0	0
/Users/fdicostanzo/pcrec/worktrees/dfam12/tests/base/review_r2.rxt:19	1	1	0	0	0
/Users/fdicostanzo/pcrec/worktrees/dfam12/tests/base/review_r2.rxt:24	1	1	0	0	0
/Users/fdicostanzo/pcrec/worktrees/dfam12/tests/base/review_r2.rxt:30	2	2	2	0	0
/Users/fdicostanzo/pcrec/worktrees/dfam12/tests/base/review_r2.rxt:33	1	1	0	0	0
/Users/fdicostanzo/pcrec/worktrees/dfam12/tests/base/review_r2.rxt:37	1	1	1	0	0
/Users/fdicostanzo/pcrec/worktrees/dfam12/tests/base/review_r2.rxt:43	7	7	19	0	0
/Users/fdicostanzo/pcrec/worktrees/dfam12/tests/base/review_r2.rxt:46	7	7	19	0	0
/Users/fdicostanzo/pcrec/worktrees/dfam12/tests/base/review_r2.rxt:49	7	7	18	0	0
/Users/fdicostanzo/pcrec/worktrees/dfam12/tests/base/review_r2.rxt:52	5	4	16	0	0
/Users/fdicostanzo/pcrec/worktrees/dfam12/tests/base/review_r21.rxt:22	1	1	1	0	0
/Users/fdicostanzo/pcrec/worktrees/dfam12/tests/base/review_r21.rxt:100	1	1	1	0	0
/Users/fdicostanzo/pcrec/worktrees/dfam12/tests/base/start_pinned_startpos.rxt:42	1	1	1	0	0
/Users/fdicostanzo/pcrec/worktrees/dfam12/tests/base/start_pinned_startpos.rxt:73	65	65	64	0	0
/Users/fdicostanzo/pcrec/worktrees/dfam12/tests/base/start_pinned_startpos.rxt:100	1	1	1	0	0
/Users/fdicostanzo/pcrec/worktrees/dfam12/tests/base/startpos.rxt:7	4	4	8	0	0
/Users/fdicostanzo/pcrec/worktrees/dfam12/tests/base/startpos.rxt:18	2	2	3	0	0
/Users/fdicostanzo/pcrec/worktrees/dfam12/tests/base/startpos.rxt:30	1	1	1	0	0
/Users/fdicostanzo/pcrec/worktrees/dfam12/tests/base/startpos.rxt:42	1	1	1	0	0
/Users/fdicostanzo/pcrec/worktrees/dfam12/tests/base/startpos.rxt:65	3	3	4	0	0
/Users/fdicostanzo/pcrec/worktrees/dfam12/tests/base/startpos.rxt:74	2	2	2	0	0
/Users/fdicostanzo/pcrec/worktrees/dfam12/tests/base/startpos.rxt:80	1	1	1	0	0
/Users/fdicostanzo/pcrec/worktrees/dfam12/tests/base/startpos.rxt:86	1	1	1	0	0
/Users/fdicostanzo/pcrec/worktrees/dfam12/tests/base/startpos.rxt:93	4	4	8	0	0
/Users/fdicostanzo/pcrec/worktrees/dfam12/tests/base/startpos.rxt:105	5	5	7	0	0
/Users/fdicostanzo/pcrec/worktrees/dfam12/tests/base/startpos.rxt:114	6	6	19	0	0
/Users/fdicostanzo/pcrec/worktrees/dfam12/tests/base/startpos.rxt:123	1	1	1	0	0
/Users/fdicostanzo/pcrec/worktrees/dfam12/tests/base/startpos.rxt:130	1	1	1	0	0
/Users/fdicostanzo/pcrec/worktrees/dfam12/tests/base/startpos.rxt:136	4	4	7	0	0
/Users/fdicostanzo/pcrec/worktrees/dfam12/tests/base/startpos.rxt:148	4	4	10	0	0
/Users/fdicostanzo/pcrec/worktrees/dfam12/tests/base/syntax_errors.rxt:51	3	3	5	0	0
/Users/fdicostanzo/pcrec/worktrees/dfam12/tests/base/syntax_errors.rxt:63	9	9	23	0	0
/Users/fdicostanzo/pcrec/worktrees/dfam12/tests/base/syntax_errors.rxt:169	4	4	8	0	0
/Users/fdicostanzo/pcrec/worktrees/dfam12/tests/base/syntax_errors.rxt:173	4	4	8	0	0
/Users/fdicostanzo/pcrec/worktrees/dfam12/tests/base/syntax_errors.rxt:176	2	2	2	0	0
/Users/fdicostanzo/pcrec/worktrees/dfam12/tests/base/syntax_errors.rxt:179	2	2	2	0	0
/Users/fdicostanzo/pcrec/worktrees/dfam12/tests/base/syntax_errors.rxt:182	3	3	5	0	0
/Users/fdicostanzo/pcrec/worktrees/dfam12/tests/base/syntax_errors.rxt:186	3	3	5	0	0
/Users/fdicostanzo/pcrec/worktrees/dfam12/tests/base/syntax_errors.rxt:189	3	3	5	0	0
/Users/fdicostanzo/pcrec/worktrees/dfam12/tests/base/syntax_errors.rxt:192	4	4	8	0	0
/Users/fdicostanzo/pcrec/worktrees/dfam12/tests/base/syntax_errors.rxt:195	8	8	20	0	0
/Users/fdicostanzo/pcrec/worktrees/dfam12/tests/base/syntax_errors.rxt:198	10	10	26	0	0
/Users/fdicostanzo/pcrec/worktrees/dfam12/tests/base/syntax_errors.rxt:202	11	11	29	0	0
/Users/fdicostanzo/pcrec/worktrees/dfam12/tests/base/syntax_errors.rxt:223	6	6	14	0	0
/Users/fdicostanzo/pcrec/worktrees/dfam12/tests/base/syntax_errors.rxt:226	6	6	14	0	0
/Users/fdicostanzo/pcrec/worktrees/dfam12/tests/base/syntax_errors.rxt:231	6	6	14	0	0
/Users/fdicostanzo/pcrec/worktrees/dfam12/tests/base/syntax_errors.rxt:234	6	6	14	0	0
/Users/fdicostanzo/pcrec/worktrees/dfam12/tests/base/syntax_errors.rxt:240	7	7	17	0	0
/Users/fdicostanzo/pcrec/worktrees/dfam12/tests/base/syntax_errors.rxt:245	5	5	11	0	0
/Users/fdicostanzo/pcrec/worktrees/dfam12/tests/base/syntax_errors.rxt:249	7	7	17	0	0
/Users/fdicostanzo/pcrec/worktrees/dfam12/tests/base/syntax_errors.rxt:253	6	6	14	0	0
/Users/fdicostanzo/pcrec/worktrees/dfam12/tests/base/syntax_errors.rxt:257	7	7	17	0	0
/Users/fdicostanzo/pcrec/worktrees/dfam12/tests/base/syntax_errors.rxt:260	5	5	11	0	0
/Users/fdicostanzo/pcrec/worktrees/dfam12/tests/base/syntax_errors.rxt:267	5	5	11	0	0
/Users/fdicostanzo/pcrec/worktrees/dfam12/tests/base/syntax_errors.rxt:271	4	4	8	0	0
/Users/fdicostanzo/pcrec/worktrees/dfam12/tests/captures/basic.rxt:24	4	4	8	0	0
/Users/fdicostanzo/pcrec/worktrees/dfam12/tests/captures/basic.rxt:31	7	4	22	0	0
/Users/fdicostanzo/pcrec/worktrees/dfam12/tests/captures/basic.rxt:35	7	4	22	0	0
/Users/fdicostanzo/pcrec/worktrees/dfam12/tests/captures/basic.rxt:39	4	4	9	0	0
/Users/fdicostanzo/pcrec/worktrees/dfam12/tests/captures/basic.rxt:49	4	4	8	0	0
/Users/fdicostanzo/pcrec/worktrees/dfam12/tests/captures/basic.rxt:55	2	2	3	0	0
/Users/fdicostanzo/pcrec/worktrees/dfam12/tests/captures/basic.rxt:60	2	2	3	0	0
/Users/fdicostanzo/pcrec/worktrees/dfam12/tests/captures/basic.rxt:65	2	2	3	0	0
/Users/fdicostanzo/pcrec/worktrees/dfam12/tests/captures/basic.rxt:69	2	2	3	0	0
/Users/fdicostanzo/pcrec/worktrees/dfam12/tests/captures/basic.rxt:73	4	4	9	0	0
/Users/fdicostanzo/pcrec/worktrees/dfam12/tests/captures/basic.rxt:79	4	4	9	0	0
/Users/fdicostanzo/pcrec/worktrees/dfam12/tests/captures/basic.rxt:86	6	6	19	0	0
/Users/fdicostanzo/pcrec/worktrees/dfam12/tests/captures/basic.rxt:93	3	3	7	0	0
/Users/fdicostanzo/pcrec/worktrees/dfam12/tests/captures/classes_trie_bounded.rxt:48	2	2	3	0	0
/Users/fdicostanzo/pcrec/worktrees/dfam12/tests/captures/classes_trie_bounded.rxt:55	2	2	3	0	0
/Users/fdicostanzo/pcrec/worktrees/dfam12/tests/captures/classes_trie_bounded.rxt:61	4	4	8	0	0
/Users/fdicostanzo/pcrec/worktrees/dfam12/tests/captures/classes_trie_bounded.rxt:76	2	2	3	0	0
/Users/fdicostanzo/pcrec/worktrees/dfam12/tests/captures/classes_trie_bounded.rxt:86	6	6	17	0	0
/Users/fdicostanzo/pcrec/worktrees/dfam12/tests/captures/classes_trie_bounded.rxt:102	12	12	65	0	0
/Users/fdicostanzo/pcrec/worktrees/dfam12/tests/captures/classes_trie_bounded.rxt:112	66	2	4418	0	0
/Users/fdicostanzo/pcrec/worktrees/dfam12/tests/captures/participation_and_zerowidth.rxt:6	2	2	3	0	0
/Users/fdicostanzo/pcrec/worktrees/dfam12/tests/captures/participation_and_zerowidth.rxt:17	7	4	22	0	0
/Users/fdicostanzo/pcrec/worktrees/dfam12/tests/captures/participation_and_zerowidth.rxt:26	2	2	3	0	0
/Users/fdicostanzo/pcrec/worktrees/dfam12/tests/captures/participation_and_zerowidth.rxt:35	3	3	3	0	0
/Users/fdicostanzo/pcrec/worktrees/dfam12/tests/captures/participation_and_zerowidth.rxt:42	4	2	10	0	0
/Users/fdicostanzo/pcrec/worktrees/dfam12/tests/captures/participation_and_zerowidth.rxt:53	2	2	4	0	0
/Users/fdicostanzo/pcrec/worktrees/dfam12/tests/captures/participation_and_zerowidth.rxt:66	4	2	11	0	0
/Users/fdicostanzo/pcrec/worktrees/dfam12/tests/captures/participation_and_zerowidth.rxt:81	2	2	3	0	0
/Users/fdicostanzo/pcrec/worktrees/dfam12/tests/captures/participation_and_zerowidth.rxt:106	3	3	6	0	0
/Users/fdicostanzo/pcrec/worktrees/dfam12/tests/captures/participation_and_zerowidth.rxt:147	4	4	9	0	0
/Users/fdicostanzo/pcrec/worktrees/dfam12/tests/captures/priority_and_iteration.rxt:6	2	2	2	0	0
/Users/fdicostanzo/pcrec/worktrees/dfam12/tests/captures/priority_and_iteration.rxt:12	3	3	3	0	0
/Users/fdicostanzo/pcrec/worktrees/dfam12/tests/captures/priority_and_iteration.rxt:18	7	7	19	0	0
/Users/fdicostanzo/pcrec/worktrees/dfam12/tests/captures/priority_and_iteration.rxt:25	7	6	21	0	0
/Users/fdicostanzo/pcrec/worktrees/dfam12/tests/captures/priority_and_iteration.rxt:33	3	3	6	0	0
/Users/fdicostanzo/pcrec/worktrees/dfam12/tests/captures/priority_and_iteration.rxt:49	2	2	4	0	0
/Users/fdicostanzo/pcrec/worktrees/dfam12/tests/captures/priority_and_iteration.rxt:55	2	2	3	0	0
/Users/fdicostanzo/pcrec/worktrees/dfam12/tests/captures/priority_and_iteration.rxt:61	4	4	5	0	0
/Users/fdicostanzo/pcrec/worktrees/dfam12/tests/captures/priority_and_iteration.rxt:68	2	2	3	0	0
/Users/fdicostanzo/pcrec/worktrees/dfam12/tests/captures/priority_and_iteration.rxt:79	3	3	4	0	0
/Users/fdicostanzo/pcrec/worktrees/dfam12/tests/captures/priority_and_iteration.rxt:85	2	2	5	0	0
/Users/fdicostanzo/pcrec/worktrees/dfam12/tests/captures/priority_and_iteration.rxt:91	2	2	3	0	0
/Users/fdicostanzo/pcrec/worktrees/dfam12/tests/captures/priority_and_iteration.rxt:97	4	4	7	0	0
/Users/fdicostanzo/pcrec/worktrees/dfam12/tests/captures/priority_and_iteration.rxt:103	2	2	3	0	0
/Users/fdicostanzo/pcrec/worktrees/dfam12/tests/captures/priority_and_iteration.rxt:133	5	5	7	0	0
/Users/fdicostanzo/pcrec/worktrees/dfam12/tests/captures/priority_and_iteration.rxt:139	3	3	5	0	0
/Users/fdicostanzo/pcrec/worktrees/dfam12/tests/captures/priority_and_iteration.rxt:145	7	7	9	0	0
/Users/fdicostanzo/pcrec/worktrees/dfam12/tests/captures/priority_and_iteration.rxt:151	4	4	10	0	0
/Users/fdicostanzo/pcrec/worktrees/dfam12/tests/captures/priority_and_iteration.rxt:157	2	2	4	0	0
/Users/fdicostanzo/pcrec/worktrees/dfam12/tests/captures/priority_and_iteration.rxt:164	3	3	9	0	0
/Users/fdicostanzo/pcrec/worktrees/dfam12/tests/captures/priority_and_iteration.rxt:171	4	4	9	0	0
/Users/fdicostanzo/pcrec/worktrees/dfam12/tests/captures/priority_and_iteration.rxt:177	1	1	0	0	0
/Users/fdicostanzo/pcrec/worktrees/dfam12/tests/captures/priority_and_iteration.rxt:183	2	2	3	0	0
/Users/fdicostanzo/pcrec/worktrees/dfam12/tests/captures/priority_and_iteration.rxt:189	2	2	2	0	0
/Users/fdicostanzo/pcrec/worktrees/dfam12/tests/captures/priority_and_iteration.rxt:195	3	3	6	0	0
/Users/fdicostanzo/pcrec/worktrees/dfam12/tests/captures/structure_anchors_misc.rxt:7	4	4	7	0	0
/Users/fdicostanzo/pcrec/worktrees/dfam12/tests/captures/structure_anchors_misc.rxt:20	3	3	5	0	0
/Users/fdicostanzo/pcrec/worktrees/dfam12/tests/captures/structure_anchors_misc.rxt:33	3	3	5	0	0
/Users/fdicostanzo/pcrec/worktrees/dfam12/tests/captures/structure_anchors_misc.rxt:39	3	3	7	0	0
/Users/fdicostanzo/pcrec/worktrees/dfam12/tests/captures/structure_anchors_misc.rxt:46	4	4	8	0	0
/Users/fdicostanzo/pcrec/worktrees/dfam12/tests/captures/structure_anchors_misc.rxt:54	2	2	2	0	0
/Users/fdicostanzo/pcrec/worktrees/dfam12/tests/captures/structure_anchors_misc.rxt:62	4	4	8	0	0
/Users/fdicostanzo/pcrec/worktrees/dfam12/tests/captures/structure_anchors_misc.rxt:71	7	7	17	0	0
/Users/fdicostanzo/pcrec/worktrees/dfam12/tests/captures/structure_anchors_misc.rxt:79	4	4	7	0	0
/Users/fdicostanzo/pcrec/worktrees/dfam12/tests/captures/structure_anchors_misc.rxt:87	4	4	8	0	0
/Users/fdicostanzo/pcrec/worktrees/dfam12/tests/captures/structure_anchors_misc.rxt:95	6	6	14	0	0
/Users/fdicostanzo/pcrec/worktrees/dfam12/tests/captures/structure_anchors_misc.rxt:103	4	4	9	0	0
/Users/fdicostanzo/pcrec/worktrees/dfam12/tests/captures/structure_anchors_misc.rxt:111	4	4	9	0	0
/Users/fdicostanzo/pcrec/worktrees/dfam12/tests/captures/structure_anchors_misc.rxt:118	4	4	9	0	0
/Users/fdicostanzo/pcrec/worktrees/dfam12/tests/captures/structure_anchors_misc.rxt:125	4	4	9	0	0
/Users/fdicostanzo/pcrec/worktrees/dfam12/tests/captures/structure_anchors_misc.rxt:131	4	4	9	0	0
/Users/fdicostanzo/pcrec/worktrees/dfam12/tests/captures/structure_anchors_misc.rxt:140	6	6	11	0	0
/Users/fdicostanzo/pcrec/worktrees/dfam12/tests/captures/structure_anchors_misc.rxt:146	7	7	19	0	0
/Users/fdicostanzo/pcrec/worktrees/dfam12/tests/captures/structure_anchors_misc.rxt:153	5	5	11	0	0
/Users/fdicostanzo/pcrec/worktrees/dfam12/tests/captures/structure_anchors_misc.rxt:160	4	4	8	0	0
/Users/fdicostanzo/pcrec/worktrees/dfam12/tests/captures/structure_anchors_misc.rxt:175	4	4	8	0	0
/Users/fdicostanzo/pcrec/worktrees/dfam12/tests/captures/structure_anchors_misc.rxt:182	2	2	3	0	0
/Users/fdicostanzo/pcrec/worktrees/dfam12/tests/captures/structure_anchors_misc.rxt:189	4	4	8	0	0
/Users/fdicostanzo/pcrec/worktrees/dfam12/tests/classes/multi_chain.rxt:11	21	19	69	0	0
/Users/fdicostanzo/pcrec/worktrees/dfam12/tests/classes/multi_chain.rxt:19	17	15	58	0	0
/Users/fdicostanzo/pcrec/worktrees/dfam12/tests/classes/multi_chain.rxt:33	25	23	81	0	0
/Users/fdicostanzo/pcrec/worktrees/dfam12/tests/harness/giveup.rxt:19	2	2	3	0	0
/Users/fdicostanzo/pcrec/worktrees/dfam12/tests/harness/giveup.rxt:25	2	2	4	0	0
/Users/fdicostanzo/pcrec/worktrees/dfam12/tests/island/island.rxt:22	7	7	24	0	0
/Users/fdicostanzo/pcrec/worktrees/dfam12/tests/island/island.rxt:33	2	2	2	0	0
/Users/fdicostanzo/pcrec/worktrees/dfam12/tests/island/island.rxt:42	4	4	4	0	0
/Users/fdicostanzo/pcrec/worktrees/dfam12/tests/island/island.rxt:51	2	2	2	0	0
/Users/fdicostanzo/pcrec/worktrees/dfam12/tests/island/island.rxt:59	3	3	3	0	0
/Users/fdicostanzo/pcrec/worktrees/dfam12/tests/island/island.rxt:68	5	5	12	0	0
/Users/fdicostanzo/pcrec/worktrees/dfam12/tests/island/island.rxt:80	6	6	17	0	0
/Users/fdicostanzo/pcrec/worktrees/dfam12/tests/island/island.rxt:90	3	3	5	0	0
/Users/fdicostanzo/pcrec/worktrees/dfam12/tests/island/island.rxt:101	3	3	5	0	0
/Users/fdicostanzo/pcrec/worktrees/dfam12/tests/island/island.rxt:108	5	5	15	0	0
/Users/fdicostanzo/pcrec/worktrees/dfam12/tests/island/island.rxt:116	3	2	6	0	0
/Users/fdicostanzo/pcrec/worktrees/dfam12/tests/island/island.rxt:124	7	7	23	0	0
/Users/fdicostanzo/pcrec/worktrees/dfam12/tests/island/island.rxt:135	8	8	28	0	0
/Users/fdicostanzo/pcrec/worktrees/dfam12/tests/island/island.rxt:148	11	11	31	0	0
/Users/fdicostanzo/pcrec/worktrees/dfam12/tests/island/island.rxt:155	5	5	11	0	0
/Users/fdicostanzo/pcrec/worktrees/dfam12/tests/island/island.rxt:164	6	6	27	0	0
/Users/fdicostanzo/pcrec/worktrees/dfam12/tests/island/island.rxt:172	3	3	4	0	0
/Users/fdicostanzo/pcrec/worktrees/dfam12/tests/island/island.rxt:179	2	2	3	0	0
/Users/fdicostanzo/pcrec/worktrees/dfam12/tests/island/island.rxt:189	4	4	11	0	0
/Users/fdicostanzo/pcrec/worktrees/dfam12/tests/island/island.rxt:207	5	2	14	0	0
/Users/fdicostanzo/pcrec/worktrees/dfam12/tests/island/island_caseless.rxt:15	6	6	19	0	0
/Users/fdicostanzo/pcrec/worktrees/dfam12/tests/lookaround/prefilter.rxt:130	11	11	34	0	0
/Users/fdicostanzo/pcrec/worktrees/dfam12/tests/modifiers/letters.rxt:36	5	5	12	0	0
/Users/fdicostanzo/pcrec/worktrees/dfam12/tests/mrl/01_trailing.rxt:14	6	4	22	0	0
/Users/fdicostanzo/pcrec/worktrees/dfam12/tests/mrl/01_trailing.rxt:22	6	4	22	0	0
/Users/fdicostanzo/pcrec/worktrees/dfam12/tests/mrl/01_trailing.rxt:26	10	10	22	0	0
/Users/fdicostanzo/pcrec/worktrees/dfam12/tests/mrl/01_trailing.rxt:33	10	10	22	0	0
/Users/fdicostanzo/pcrec/worktrees/dfam12/tests/mrl/01_trailing.rxt:37	10	10	22	0	0
/Users/fdicostanzo/pcrec/worktrees/dfam12/tests/mrl/01_trailing.rxt:41	10	10	22	0	0
/Users/fdicostanzo/pcrec/worktrees/dfam12/tests/mrl/01_trailing.rxt:45	10	10	22	0	0
/Users/fdicostanzo/pcrec/worktrees/dfam12/tests/mrl/01_trailing.rxt:49	7	5	28	0	0
/Users/fdicostanzo/pcrec/worktrees/dfam12/tests/mrl/01_trailing.rxt:58	7	7	11	0	0
/Users/fdicostanzo/pcrec/worktrees/dfam12/tests/mrl/01_trailing.rxt:65	5	5	7	0	0
/Users/fdicostanzo/pcrec/worktrees/dfam12/tests/mrl/01_trailing.rxt:74	5	5	7	0	0
/Users/fdicostanzo/pcrec/worktrees/dfam12/tests/mrl/02_alternation.rxt:11	8	8	37	0	0
/Users/fdicostanzo/pcrec/worktrees/dfam12/tests/mrl/02_alternation.rxt:18	8	8	37	0	0
/Users/fdicostanzo/pcrec/worktrees/dfam12/tests/mrl/02_alternation.rxt:22	8	8	37	0	0
/Users/fdicostanzo/pcrec/worktrees/dfam12/tests/mrl/02_alternation.rxt:28	8	6	39	0	0
/Users/fdicostanzo/pcrec/worktrees/dfam12/tests/mrl/03_zerowidth.rxt:11	2	2	3	0	0
/Users/fdicostanzo/pcrec/worktrees/dfam12/tests/mrl/03_zerowidth.rxt:19	7	2	32	0	0
/Users/fdicostanzo/pcrec/worktrees/dfam12/tests/mrl/03_zerowidth.rxt:24	3	2	6	0	0
/Users/fdicostanzo/pcrec/worktrees/dfam12/tests/mrl/03_zerowidth.rxt:30	2	2	2	0	0
/Users/fdicostanzo/pcrec/worktrees/dfam12/tests/mrl/03_zerowidth.rxt:44	32	32	89	0	0
/Users/fdicostanzo/pcrec/worktrees/dfam12/tests/mrl/03_zerowidth.rxt:52	13	3	76	0	0
/Users/fdicostanzo/pcrec/worktrees/dfam12/tests/mrl/03_zerowidth.rxt:58	4	2	12	0	0
/Users/fdicostanzo/pcrec/worktrees/dfam12/tests/mrl/04_nesting.rxt:11	10	10	24	0	0
/Users/fdicostanzo/pcrec/worktrees/dfam12/tests/mrl/04_nesting.rxt:22	11	6	79	0	0
/Users/fdicostanzo/pcrec/worktrees/dfam12/tests/mrl/04_nesting.rxt:30	9	9	44	0	0
/Users/fdicostanzo/pcrec/worktrees/dfam12/tests/mrl/05_multibyte_body.rxt:12	13	13	27	0	0
/Users/fdicostanzo/pcrec/worktrees/dfam12/tests/mrl/05_multibyte_body.rxt:21	14	8	71	0	0
/Users/fdicostanzo/pcrec/worktrees/dfam12/tests/mrl/05_multibyte_body.rxt:28	16	16	28	0	0
/Users/fdicostanzo/pcrec/worktrees/dfam12/tests/mrl/06_lazy.rxt:13	5	4	16	0	0
/Users/fdicostanzo/pcrec/worktrees/dfam12/tests/mrl/06_lazy.rxt:21	6	6	15	0	0
/Users/fdicostanzo/pcrec/worktrees/dfam12/tests/mrl/06_lazy.rxt:35	10	10	29	0	0
/Users/fdicostanzo/pcrec/worktrees/dfam12/tests/mrl/07_partial_and_startpos.rxt:11	7	5	29	0	0
/Users/fdicostanzo/pcrec/worktrees/dfam12/tests/mrl/07_partial_and_startpos.rxt:15	6	6	11	0	0
/Users/fdicostanzo/pcrec/worktrees/dfam12/tests/mrl/07_partial_and_startpos.rxt:21	6	4	22	0	0
/Users/fdicostanzo/pcrec/worktrees/dfam12/tests/mrl/08_nomatch.rxt:14	8	5	38	0	0
/Users/fdicostanzo/pcrec/worktrees/dfam12/tests/mrl/08_nomatch.rxt:20	10	10	24	0	0
/Users/fdicostanzo/pcrec/worktrees/dfam12/tests/mrl/08_nomatch.rxt:26	56	35	708	0	0
/Users/fdicostanzo/pcrec/worktrees/dfam12/tests/mrl/08_nomatch.rxt:31	32	27	120	0	0
/Users/fdicostanzo/pcrec/worktrees/dfam12/tests/mrl/09_captures.rxt:12	7	6	19	0	0
/Users/fdicostanzo/pcrec/worktrees/dfam12/tests/mrl/09_captures.rxt:28	6	5	23	0	0
/Users/fdicostanzo/pcrec/worktrees/dfam12/tests/mrl/09_captures.rxt:40	11	6	79	0	0
/Users/fdicostanzo/pcrec/worktrees/dfam12/tests/mrl/11_motivating_shape_small.rxt:12	31	31	111	0	0
/Users/fdicostanzo/pcrec/worktrees/dfam12/tests/named_groups/d27/spellings.rxt:17	2	2	2	0	0
/Users/fdicostanzo/pcrec/worktrees/dfam12/tests/named_groups/d27/spellings.rxt:42	2	2	3	0	0
/Users/fdicostanzo/pcrec/worktrees/dfam12/tests/offsetskip/offset_skip.rxt:78	11	11	29	0	0
/Users/fdicostanzo/pcrec/worktrees/dfam12/tests/offsetskip/offset_skip.rxt:94	11	11	29	0	0
/Users/fdicostanzo/pcrec/worktrees/dfam12/tests/offsetskip/offset_skip.rxt:99	11	11	29	0	0
/Users/fdicostanzo/pcrec/worktrees/dfam12/tests/offsetskip/offset_skip.rxt:149	11	11	29	0	0
/Users/fdicostanzo/pcrec/worktrees/dfam12/tests/offsetskip/offset_skip.rxt:168	6	6	20	0	0
/Users/fdicostanzo/pcrec/worktrees/dfam12/tests/offsetskip/offset_skip.rxt:206	11	11	29	0	0
/Users/fdicostanzo/pcrec/worktrees/dfam12/tests/offsetskip/offset_skip.rxt:262	16	14	73	0	0
/Users/fdicostanzo/pcrec/worktrees/dfam12/tests/offsetskip/offset_skip.rxt:270	4	4	10	0	0
/Users/fdicostanzo/pcrec/worktrees/dfam12/tests/offsetskip/offset_skip.rxt:277	2	2	2	0	0
/Users/fdicostanzo/pcrec/worktrees/dfam12/tests/possessify/possessify.rxt:30	4	4	9	0	0
/Users/fdicostanzo/pcrec/worktrees/dfam12/tests/possessify/possessify.rxt:63	4	4	9	0	0
/Users/fdicostanzo/pcrec/worktrees/dfam12/tests/possessify/possessify.rxt:95	5	5	14	0	0
/Users/fdicostanzo/pcrec/worktrees/dfam12/tests/possessify/possessify.rxt:127	6	6	16	0	0
/Users/fdicostanzo/pcrec/worktrees/dfam12/tests/possessify/possessify.rxt:159	4	4	9	0	0
/Users/fdicostanzo/pcrec/worktrees/dfam12/tests/possessify/possessify.rxt:196	6	2	24	0	0
/Users/fdicostanzo/pcrec/worktrees/dfam12/tests/possessify/possessify.rxt:228	5	5	15	0	0
/Users/fdicostanzo/pcrec/worktrees/dfam12/tests/possessify/possessify.rxt:259	2	2	3	0	0
/Users/fdicostanzo/pcrec/worktrees/dfam12/tests/possessify/possessify.rxt:291	10	2	64	0	0
/Users/fdicostanzo/pcrec/worktrees/dfam12/tests/possessify/possessify.rxt:331	4	3	11	0	0
/Users/fdicostanzo/pcrec/worktrees/dfam12/tests/possessify/possessify.rxt:362	3	3	6	0	0
/Users/fdicostanzo/pcrec/worktrees/dfam12/tests/possessify/possessify.rxt:396	4	4	9	0	0
/Users/fdicostanzo/pcrec/worktrees/dfam12/tests/possessify/possessify.rxt:412	8	8	25	0	0
/Users/fdicostanzo/pcrec/worktrees/dfam12/tests/possessify/possessify.rxt:457	10	2	55	0	0
/Users/fdicostanzo/pcrec/worktrees/dfam12/tests/possessify/possessify.rxt:510	13	13	49	0	0
/Users/fdicostanzo/pcrec/worktrees/dfam12/tests/possessify/possessify.rxt:548	13	13	49	0	0
/Users/fdicostanzo/pcrec/worktrees/dfam12/tests/possessify/possessify.rxt:584	6	2	30	0	0
/Users/fdicostanzo/pcrec/worktrees/dfam12/tests/possessify/possessify.rxt:619	2	2	6	0	0
/Users/fdicostanzo/pcrec/worktrees/dfam12/tests/possessify/possessify.rxt:675	6	6	10	0	0
/Users/fdicostanzo/pcrec/worktrees/dfam12/tests/possessify/possessify.rxt:710	7	2	36	0	0
/Users/fdicostanzo/pcrec/worktrees/dfam12/tests/possessify/possessify.rxt:802	2	2	2	0	0
/Users/fdicostanzo/pcrec/worktrees/dfam12/tests/possessify/possessify.rxt:833	3	3	5	0	0
/Users/fdicostanzo/pcrec/worktrees/dfam12/tests/possessify/possessify.rxt:864	1	1	0	0	0
/Users/fdicostanzo/pcrec/worktrees/dfam12/tests/possessify/possessify.rxt:895	2	2	2	0	0
/Users/fdicostanzo/pcrec/worktrees/dfam12/tests/possessify/possessify.rxt:927	3	3	3	0	0
/Users/fdicostanzo/pcrec/worktrees/dfam12/tests/possessify/possessify.rxt:958	4	4	6	0	0
/Users/fdicostanzo/pcrec/worktrees/dfam12/tests/possessify/possessify.rxt:991	4	4	4	0	0
/Users/fdicostanzo/pcrec/worktrees/dfam12/tests/possessify/possessify.rxt:1022	5	5	7	0	0
/Users/fdicostanzo/pcrec/worktrees/dfam12/tests/possessify/possessify.rxt:1074	14	14	26	0	0
/Users/fdicostanzo/pcrec/worktrees/dfam12/tests/possessify/possessify.rxt:1110	14	14	26	0	0
/Users/fdicostanzo/pcrec/worktrees/dfam12/tests/possessify/possessify.rxt:1144	4	3	9	0	0
/Users/fdicostanzo/pcrec/worktrees/dfam12/tests/possessify/possessify.rxt:1177	7	3	27	0	0
/Users/fdicostanzo/pcrec/worktrees/dfam12/tests/possessify/possessify.rxt:1226	7	3	28	0	0
/Users/fdicostanzo/pcrec/worktrees/dfam12/tests/possessify/possessify.rxt:1241	7	3	42	0	0
/Users/fdicostanzo/pcrec/worktrees/dfam12/tests/possessify/possessify.rxt:1254	7	3	28	0	0
/Users/fdicostanzo/pcrec/worktrees/dfam12/tests/possessify/possessify.rxt:1267	7	3	28	0	0
/Users/fdicostanzo/pcrec/worktrees/dfam12/tests/possessify/possessify.rxt:1286	6	3	24	0	0
/Users/fdicostanzo/pcrec/worktrees/dfam12/tests/possessify/possessify.rxt:1308	4	4	9	0	0
/Users/fdicostanzo/pcrec/worktrees/dfam12/tests/possessify/possessify.rxt:1347	4	4	9	0	0
/Users/fdicostanzo/pcrec/worktrees/dfam12/tests/possessify/possessify.rxt:1385	5	5	14	0	0
/Users/fdicostanzo/pcrec/worktrees/dfam12/tests/possessify/possessify.rxt:1422	6	6	16	0	0
/Users/fdicostanzo/pcrec/worktrees/dfam12/tests/possessify/possessify.rxt:1454	4	4	9	0	0
/Users/fdicostanzo/pcrec/worktrees/dfam12/tests/possessify/possessify.rxt:1497	6	2	24	0	0
/Users/fdicostanzo/pcrec/worktrees/dfam12/tests/possessify/possessify.rxt:1541	5	5	15	0	0
/Users/fdicostanzo/pcrec/worktrees/dfam12/tests/possessify/possessify.rxt:1576	2	2	3	0	0
/Users/fdicostanzo/pcrec/worktrees/dfam12/tests/possessify/possessify.rxt:1620	10	2	64	0	0
/Users/fdicostanzo/pcrec/worktrees/dfam12/tests/possessify/possessify.rxt:1664	4	3	11	0	0
/Users/fdicostanzo/pcrec/worktrees/dfam12/tests/possessify/possessify.rxt:1703	3	3	6	0	0
/Users/fdicostanzo/pcrec/worktrees/dfam12/tests/possessify/possessify.rxt:1745	4	4	9	0	0
/Users/fdicostanzo/pcrec/worktrees/dfam12/tests/possessify/possessify.rxt:1765	8	8	25	0	0
/Users/fdicostanzo/pcrec/worktrees/dfam12/tests/possessify/possessify.rxt:1816	10	2	55	0	0
/Users/fdicostanzo/pcrec/worktrees/dfam12/tests/possessify/possessify.rxt:1884	13	13	49	0	0
/Users/fdicostanzo/pcrec/worktrees/dfam12/tests/possessify/possessify.rxt:1933	13	13	49	0	0
/Users/fdicostanzo/pcrec/worktrees/dfam12/tests/possessify/possessify.rxt:1980	6	2	30	0	0
/Users/fdicostanzo/pcrec/worktrees/dfam12/tests/possessify/possessify.rxt:2027	2	2	6	0	0
/Users/fdicostanzo/pcrec/worktrees/dfam12/tests/possessify/possessify.rxt:2093	6	6	10	0	0
/Users/fdicostanzo/pcrec/worktrees/dfam12/tests/possessify/possessify.rxt:2151	7	2	36	0	0
/Users/fdicostanzo/pcrec/worktrees/dfam12/tests/possessify/possessify.rxt:2282	2	2	2	0	0
/Users/fdicostanzo/pcrec/worktrees/dfam12/tests/possessify/possessify.rxt:2336	3	3	5	0	0
/Users/fdicostanzo/pcrec/worktrees/dfam12/tests/possessify/possessify.rxt:2433	2	2	2	0	0
/Users/fdicostanzo/pcrec/worktrees/dfam12/tests/possessify/possessify.rxt:2472	3	3	3	0	0
/Users/fdicostanzo/pcrec/worktrees/dfam12/tests/possessify/possessify.rxt:2526	4	4	6	0	0
/Users/fdicostanzo/pcrec/worktrees/dfam12/tests/possessify/possessify.rxt:2566	4	4	4	0	0
/Users/fdicostanzo/pcrec/worktrees/dfam12/tests/possessify/possessify.rxt:2620	5	5	7	0	0
/Users/fdicostanzo/pcrec/worktrees/dfam12/tests/possessify/possessify.rxt:2808	4	3	9	0	0
/Users/fdicostanzo/pcrec/worktrees/dfam12/tests/possessify/possessify.rxt:2852	7	3	27	0	0
/Users/fdicostanzo/pcrec/worktrees/dfam12/tests/possessify/possessify.rxt:2911	7	3	28	0	0
/Users/fdicostanzo/pcrec/worktrees/dfam12/tests/possessify/possessify.rxt:2934	7	3	42	0	0
/Users/fdicostanzo/pcrec/worktrees/dfam12/tests/possessify/possessify.rxt:2952	7	3	28	0	0
/Users/fdicostanzo/pcrec/worktrees/dfam12/tests/possessify/possessify.rxt:2971	7	3	28	0	0
/Users/fdicostanzo/pcrec/worktrees/dfam12/tests/possessify/possessify.rxt:2997	6	3	24	0	0
/Users/fdicostanzo/pcrec/worktrees/dfam12/tests/recursion/d27/sr_email.rxt:20	450	249	4601	0	0
/Users/fdicostanzo/pcrec/worktrees/dfam12/tests/recursion/framebuffer.rxt:94	4	3	13	0	0
/Users/fdicostanzo/pcrec/worktrees/dfam12/tests/recursion/framebuffer.rxt:109	4	4	9	0	0
/Users/fdicostanzo/pcrec/worktrees/dfam12/tests/recursion/prefilter.rxt:72	8	8	22	0	0
/Users/fdicostanzo/pcrec/worktrees/dfam12/tests/recursion/realworld.rxt:44	450	249	4601	0	0
/Users/fdicostanzo/pcrec/worktrees/dfam12/tests/rungselect/revdet_highbytes.rxt:54	5	5	23	0	0
/Users/fdicostanzo/pcrec/worktrees/dfam12/tests/rungselect/revdet_highbytes.rxt:74	6	2	38	0	0
/Users/fdicostanzo/pcrec/worktrees/dfam12/tests/rungselect/revdet_highbytes.rxt:100	4	4	14	0	0
/Users/fdicostanzo/pcrec/worktrees/dfam12/tests/rungselect/revdet_highbytes.rxt:119	5	5	23	0	0
/Users/fdicostanzo/pcrec/worktrees/dfam12/tests/rungselect/revdet_highbytes.rxt:134	6	2	38	0	0
/Users/fdicostanzo/pcrec/worktrees/dfam12/tests/rungselect/revdet_highbytes.rxt:157	6	2	38	0	0
/Users/fdicostanzo/pcrec/worktrees/dfam12/tests/rungselect/revdet_highbytes.rxt:180	4	4	14	0	0
/Users/fdicostanzo/pcrec/worktrees/dfam12/tests/rungselect/rungselect.rxt:40	6	2	38	0	0
/Users/fdicostanzo/pcrec/worktrees/dfam12/tests/rungselect/rungselect.rxt:135	13	13	55	0	0
/Users/fdicostanzo/pcrec/worktrees/dfam12/tests/rungselect/rungselect.rxt:254	5	2	28	0	0
/Users/fdicostanzo/pcrec/worktrees/dfam12/tests/rungselect/rungselect.rxt:371	4	3	17	0	0
/Users/fdicostanzo/pcrec/worktrees/dfam12/tests/rungselect/rungselect.rxt:460	6	4	36	0	0
/Users/fdicostanzo/pcrec/worktrees/dfam12/tests/rungselect/rungselect.rxt:545	5	5	23	0	0
/Users/fdicostanzo/pcrec/worktrees/dfam12/tests/rungselect/rungselect.rxt:619	2	2	4	0	0
/Users/fdicostanzo/pcrec/worktrees/dfam12/tests/rungselect/rungselect.rxt:711	4	4	15	0	0
/Users/fdicostanzo/pcrec/worktrees/dfam12/tests/rungselect/rungselect.rxt:808	10	2	64	0	0
/Users/fdicostanzo/pcrec/worktrees/dfam12/tests/rungselect/rungselect.rxt:869	10	2	64	0	0
/Users/fdicostanzo/pcrec/worktrees/dfam12/tests/rungselect/rungselect.rxt:927	11	11	37	0	0
/Users/fdicostanzo/pcrec/worktrees/dfam12/tests/rungselect/rungselect.rxt:972	11	11	37	0	0
/Users/fdicostanzo/pcrec/worktrees/dfam12/tests/rungselect/rungselect.rxt:1021	11	11	40	0	0
/Users/fdicostanzo/pcrec/worktrees/dfam12/tests/rungselect/rungselect.rxt:1070	14	14	40	0	0
/Users/fdicostanzo/pcrec/worktrees/dfam12/tests/rungselect/rungselect.rxt:1119	7	7	27	0	0
/Users/fdicostanzo/pcrec/worktrees/dfam12/tests/rungselect/rungselect.rxt:1170	12	12	47	0	0
/Users/fdicostanzo/pcrec/worktrees/dfam12/tests/rungselect/rungselect.rxt:1220	24	9	213	0	0
/Users/fdicostanzo/pcrec/worktrees/dfam12/tests/rungselect/rungselect.rxt:1269	12	9	67	0	0
/Users/fdicostanzo/pcrec/worktrees/dfam12/tests/rungselect/rungselect.rxt:1362	6	2	38	0	0
/Users/fdicostanzo/pcrec/worktrees/dfam12/tests/rungselect/rungselect.rxt:1482	14	2	74	0	0
/Users/fdicostanzo/pcrec/worktrees/dfam12/tests/rungselect/rungselect.rxt:1529	13	2	69	0	0
/Users/fdicostanzo/pcrec/worktrees/dfam12/tests/rungselect/rungselect.rxt:1555	8	2	32	0	0
/Users/fdicostanzo/pcrec/worktrees/dfam12/tests/rungselect/rungselect.rxt:1603	3	2	8	0	0
/Users/fdicostanzo/pcrec/worktrees/dfam12/tests/rungselect/rungselect.rxt:1695	3	3	7	0	0
/Users/fdicostanzo/pcrec/worktrees/dfam12/tests/rungselect/rungselect.rxt:1785	7	7	27	0	0
/Users/fdicostanzo/pcrec/worktrees/dfam12/tests/rungselect/rungselect.rxt:1833	3	3	6	0	0
/Users/fdicostanzo/pcrec/worktrees/dfam12/tests/rungselect/rungselect.rxt:1887	2	2	5	0	0
/Users/fdicostanzo/pcrec/worktrees/dfam12/tests/rungselect/rungselect.rxt:2060	7	7	27	0	0
/Users/fdicostanzo/pcrec/worktrees/dfam12/tests/rungselect/rungselect.rxt:2110	6	2	38	0	0
/Users/fdicostanzo/pcrec/worktrees/dfam12/tests/size/size_term.rxt:55	26	2	307	0	0
/Users/fdicostanzo/pcrec/worktrees/dfam12/tests/utf8/axis01_encoded_length.rxt:20	2	2	2	0	0
/Users/fdicostanzo/pcrec/worktrees/dfam12/tests/utf8/axis01_encoded_length.rxt:33	2	2	2	0	0
/Users/fdicostanzo/pcrec/worktrees/dfam12/tests/utf8/axis01_encoded_length.rxt:46	2	2	2	0	0
/Users/fdicostanzo/pcrec/worktrees/dfam12/tests/utf8/axis01_encoded_length.rxt:59	2	2	3	0	0
/Users/fdicostanzo/pcrec/worktrees/dfam12/tests/utf8/axis01_encoded_length.rxt:72	2	2	2	0	0
/Users/fdicostanzo/pcrec/worktrees/dfam12/tests/utf8/axis01_encoded_length.rxt:85	2	2	2	0	0
/Users/fdicostanzo/pcrec/worktrees/dfam12/tests/utf8/axis01_encoded_length.rxt:98	2	2	2	0	0
/Users/fdicostanzo/pcrec/worktrees/dfam12/tests/utf8/axis01_encoded_length.rxt:111	2	2	3	0	0
/Users/fdicostanzo/pcrec/worktrees/dfam12/tests/utf8/axis01_encoded_length.rxt:124	2	2	2	0	0
/Users/fdicostanzo/pcrec/worktrees/dfam12/tests/utf8/axis01_encoded_length.rxt:137	2	2	2	0	0
/Users/fdicostanzo/pcrec/worktrees/dfam12/tests/utf8/axis01_encoded_length.rxt:150	2	2	3	0	0
/Users/fdicostanzo/pcrec/worktrees/dfam12/tests/utf8/axis01_encoded_length.rxt:163	3	3	3	0	0
/Users/fdicostanzo/pcrec/worktrees/dfam12/tests/utf8/axis01_encoded_length.rxt:176	3	3	3	0	0
/Users/fdicostanzo/pcrec/worktrees/dfam12/tests/utf8/axis01_encoded_length.rxt:189	3	3	3	0	0
/Users/fdicostanzo/pcrec/worktrees/dfam12/tests/utf8/axis01_encoded_length.rxt:202	2	2	2	0	0
/Users/fdicostanzo/pcrec/worktrees/dfam12/tests/utf8/axis01_encoded_length.rxt:215	2	2	2	0	0
/Users/fdicostanzo/pcrec/worktrees/dfam12/tests/utf8/axis01_encoded_length.rxt:228	3	3	5	0	0
/Users/fdicostanzo/pcrec/worktrees/dfam12/tests/utf8/axis01_encoded_length.rxt:241	2	2	2	0	0
/Users/fdicostanzo/pcrec/worktrees/dfam12/tests/utf8/axis01_encoded_length.rxt:254	2	2	2	0	0
/Users/fdicostanzo/pcrec/worktrees/dfam12/tests/utf8/axis01_encoded_length.rxt:267	3	3	6	0	0
/Users/fdicostanzo/pcrec/worktrees/dfam12/tests/utf8/axis01_encoded_length.rxt:332	2	2	2	0	0
/Users/fdicostanzo/pcrec/worktrees/dfam12/tests/utf8/axis01_encoded_length.rxt:345	2	2	2	0	0
/Users/fdicostanzo/pcrec/worktrees/dfam12/tests/utf8/axis01_encoded_length.rxt:358	2	2	3	0	0
/Users/fdicostanzo/pcrec/worktrees/dfam12/tests/utf8/axis01_encoded_length.rxt:371	4	4	6	0	0
/Users/fdicostanzo/pcrec/worktrees/dfam12/tests/utf8/axis01_encoded_length.rxt:384	3	3	3	0	0
/Users/fdicostanzo/pcrec/worktrees/dfam12/tests/utf8/axis01_encoded_length.rxt:397	3	3	3	0	0
/Users/fdicostanzo/pcrec/worktrees/dfam12/tests/utf8/axis01_encoded_length.rxt:410	3	3	6	0	0
/Users/fdicostanzo/pcrec/worktrees/dfam12/tests/utf8/axis01_encoded_length.rxt:423	2	2	2	0	0
/Users/fdicostanzo/pcrec/worktrees/dfam12/tests/utf8/axis01_encoded_length.rxt:436	4	4	8	0	0
/Users/fdicostanzo/pcrec/worktrees/dfam12/tests/utf8/axis01_encoded_length.rxt:449	2	2	2	0	0
/Users/fdicostanzo/pcrec/worktrees/dfam12/tests/utf8/axis01_encoded_length.rxt:462	2	2	2	0	0
/Users/fdicostanzo/pcrec/worktrees/dfam12/tests/utf8/axis01_encoded_length.rxt:475	4	4	9	0	0
/Users/fdicostanzo/pcrec/worktrees/dfam12/tests/utf8/axis01_encoded_length.rxt:540	2	2	2	0	0
/Users/fdicostanzo/pcrec/worktrees/dfam12/tests/utf8/axis01_encoded_length.rxt:553	2	2	2	0	0
/Users/fdicostanzo/pcrec/worktrees/dfam12/tests/utf8/axis01_encoded_length.rxt:566	2	2	3	0	0
/Users/fdicostanzo/pcrec/worktrees/dfam12/tests/utf8/axis01_encoded_length.rxt:579	5	5	9	0	0
/Users/fdicostanzo/pcrec/worktrees/dfam12/tests/utf8/axis01_encoded_length.rxt:592	3	3	3	0	0
/Users/fdicostanzo/pcrec/worktrees/dfam12/tests/utf8/axis01_encoded_length.rxt:605	3	3	3	0	0
/Users/fdicostanzo/pcrec/worktrees/dfam12/tests/utf8/axis01_encoded_length.rxt:618	5	5	12	0	0
/Users/fdicostanzo/pcrec/worktrees/dfam12/tests/utf8/axis01_encoded_length.rxt:631	2	2	2	0	0
/Users/fdicostanzo/pcrec/worktrees/dfam12/tests/utf8/axis01_encoded_length.rxt:644	5	5	11	0	0
/Users/fdicostanzo/pcrec/worktrees/dfam12/tests/utf8/axis01_encoded_length.rxt:657	2	2	2	0	0
/Users/fdicostanzo/pcrec/worktrees/dfam12/tests/utf8/axis01_encoded_length.rxt:670	2	2	2	0	0
/Users/fdicostanzo/pcrec/worktrees/dfam12/tests/utf8/axis01_encoded_length.rxt:683	5	5	12	0	0
/Users/fdicostanzo/pcrec/worktrees/dfam12/tests/utf8/axis01_encoded_length.rxt:748	2	2	2	0	0
/Users/fdicostanzo/pcrec/worktrees/dfam12/tests/utf8/axis01_encoded_length.rxt:761	2	2	2	0	0
/Users/fdicostanzo/pcrec/worktrees/dfam12/tests/utf8/axis01_encoded_length.rxt:774	2	2	3	0	0
/Users/fdicostanzo/pcrec/worktrees/dfam12/tests/utf8/axis01_encoded_length.rxt:787	6	6	12	0	0
/Users/fdicostanzo/pcrec/worktrees/dfam12/tests/utf8/axis01_encoded_length.rxt:800	3	3	3	0	0
/Users/fdicostanzo/pcrec/worktrees/dfam12/tests/utf8/axis01_encoded_length.rxt:813	3	3	3	0	0
/Users/fdicostanzo/pcrec/worktrees/dfam12/tests/utf8/axis01_encoded_length.rxt:826	5	5	12	0	0
/Users/fdicostanzo/pcrec/worktrees/dfam12/tests/utf8/axis01_encoded_length.rxt:839	2	2	2	0	0
/Users/fdicostanzo/pcrec/worktrees/dfam12/tests/utf8/axis01_encoded_length_byte.rxt:27	2	2	2	0	0
/Users/fdicostanzo/pcrec/worktrees/dfam12/tests/utf8/axis01_encoded_length_byte.rxt:35	2	2	2	0	0
/Users/fdicostanzo/pcrec/worktrees/dfam12/tests/utf8/axis01_encoded_length_byte.rxt:43	2	2	2	0	0
/Users/fdicostanzo/pcrec/worktrees/dfam12/tests/utf8/axis01_encoded_length_byte.rxt:51	2	2	3	0	0
/Users/fdicostanzo/pcrec/worktrees/dfam12/tests/utf8/axis01_encoded_length_byte.rxt:59	2	2	2	0	0
/Users/fdicostanzo/pcrec/worktrees/dfam12/tests/utf8/axis01_encoded_length_byte.rxt:67	2	2	2	0	0
/Users/fdicostanzo/pcrec/worktrees/dfam12/tests/utf8/axis01_encoded_length_byte.rxt:75	2	2	2	0	0
/Users/fdicostanzo/pcrec/worktrees/dfam12/tests/utf8/axis01_encoded_length_byte.rxt:83	2	2	3	0	0
/Users/fdicostanzo/pcrec/worktrees/dfam12/tests/utf8/axis01_encoded_length_byte.rxt:91	2	2	2	0	0
/Users/fdicostanzo/pcrec/worktrees/dfam12/tests/utf8/axis01_encoded_length_byte.rxt:99	2	2	2	0	0
/Users/fdicostanzo/pcrec/worktrees/dfam12/tests/utf8/axis01_encoded_length_byte.rxt:107	2	2	3	0	0
/Users/fdicostanzo/pcrec/worktrees/dfam12/tests/utf8/axis01_encoded_length_byte.rxt:115	3	3	3	0	0
/Users/fdicostanzo/pcrec/worktrees/dfam12/tests/utf8/axis01_encoded_length_byte.rxt:123	3	3	3	0	0
/Users/fdicostanzo/pcrec/worktrees/dfam12/tests/utf8/axis01_encoded_length_byte.rxt:131	3	3	3	0	0
/Users/fdicostanzo/pcrec/worktrees/dfam12/tests/utf8/axis01_encoded_length_byte.rxt:139	2	2	2	0	0
/Users/fdicostanzo/pcrec/worktrees/dfam12/tests/utf8/axis01_encoded_length_byte.rxt:147	2	2	2	0	0
/Users/fdicostanzo/pcrec/worktrees/dfam12/tests/utf8/axis01_encoded_length_byte.rxt:155	3	3	5	0	0
/Users/fdicostanzo/pcrec/worktrees/dfam12/tests/utf8/axis01_encoded_length_byte.rxt:163	2	2	2	0	0
/Users/fdicostanzo/pcrec/worktrees/dfam12/tests/utf8/axis01_encoded_length_byte.rxt:171	2	2	2	0	0
/Users/fdicostanzo/pcrec/worktrees/dfam12/tests/utf8/axis01_encoded_length_byte.rxt:179	3	3	6	0	0
/Users/fdicostanzo/pcrec/worktrees/dfam12/tests/utf8/axis01_encoded_length_byte.rxt:207	2	2	2	0	0
/Users/fdicostanzo/pcrec/worktrees/dfam12/tests/utf8/axis01_encoded_length_byte.rxt:215	2	2	2	0	0
/Users/fdicostanzo/pcrec/worktrees/dfam12/tests/utf8/axis01_encoded_length_byte.rxt:223	2	2	3	0	0
/Users/fdicostanzo/pcrec/worktrees/dfam12/tests/utf8/axis01_encoded_length_byte.rxt:231	4	4	6	0	0
/Users/fdicostanzo/pcrec/worktrees/dfam12/tests/utf8/axis01_encoded_length_byte.rxt:239	3	3	3	0	0
/Users/fdicostanzo/pcrec/worktrees/dfam12/tests/utf8/axis01_encoded_length_byte.rxt:247	3	3	3	0	0
/Users/fdicostanzo/pcrec/worktrees/dfam12/tests/utf8/axis01_encoded_length_byte.rxt:255	3	3	6	0	0
/Users/fdicostanzo/pcrec/worktrees/dfam12/tests/utf8/axis01_encoded_length_byte.rxt:263	2	2	2	0	0
/Users/fdicostanzo/pcrec/worktrees/dfam12/tests/utf8/axis01_encoded_length_byte.rxt:271	4	4	8	0	0
/Users/fdicostanzo/pcrec/worktrees/dfam12/tests/utf8/axis01_encoded_length_byte.rxt:279	2	2	2	0	0
/Users/fdicostanzo/pcrec/worktrees/dfam12/tests/utf8/axis01_encoded_length_byte.rxt:287	2	2	2	0	0
/Users/fdicostanzo/pcrec/worktrees/dfam12/tests/utf8/axis01_encoded_length_byte.rxt:295	4	4	9	0	0
/Users/fdicostanzo/pcrec/worktrees/dfam12/tests/utf8/axis01_encoded_length_byte.rxt:323	2	2	2	0	0
/Users/fdicostanzo/pcrec/worktrees/dfam12/tests/utf8/axis01_encoded_length_byte.rxt:331	2	2	2	0	0
/Users/fdicostanzo/pcrec/worktrees/dfam12/tests/utf8/axis01_encoded_length_byte.rxt:339	2	2	3	0	0
/Users/fdicostanzo/pcrec/worktrees/dfam12/tests/utf8/axis01_encoded_length_byte.rxt:347	5	5	9	0	0
/Users/fdicostanzo/pcrec/worktrees/dfam12/tests/utf8/axis01_encoded_length_byte.rxt:355	3	3	3	0	0
/Users/fdicostanzo/pcrec/worktrees/dfam12/tests/utf8/axis01_encoded_length_byte.rxt:363	3	3	3	0	0
/Users/fdicostanzo/pcrec/worktrees/dfam12/tests/utf8/axis01_encoded_length_byte.rxt:371	5	5	12	0	0
/Users/fdicostanzo/pcrec/worktrees/dfam12/tests/utf8/axis01_encoded_length_byte.rxt:379	2	2	2	0	0
/Users/fdicostanzo/pcrec/worktrees/dfam12/tests/utf8/axis01_encoded_length_byte.rxt:387	5	5	11	0	0
/Users/fdicostanzo/pcrec/worktrees/dfam12/tests/utf8/axis01_encoded_length_byte.rxt:395	2	2	2	0	0
/Users/fdicostanzo/pcrec/worktrees/dfam12/tests/utf8/axis01_encoded_length_byte.rxt:403	2	2	2	0	0
/Users/fdicostanzo/pcrec/worktrees/dfam12/tests/utf8/axis01_encoded_length_byte.rxt:411	5	5	12	0	0
/Users/fdicostanzo/pcrec/worktrees/dfam12/tests/utf8/axis01_encoded_length_byte.rxt:439	2	2	2	0	0
/Users/fdicostanzo/pcrec/worktrees/dfam12/tests/utf8/axis01_encoded_length_byte.rxt:447	2	2	2	0	0
/Users/fdicostanzo/pcrec/worktrees/dfam12/tests/utf8/axis01_encoded_length_byte.rxt:455	2	2	3	0	0
/Users/fdicostanzo/pcrec/worktrees/dfam12/tests/utf8/axis01_encoded_length_byte.rxt:463	6	6	12	0	0
/Users/fdicostanzo/pcrec/worktrees/dfam12/tests/utf8/axis01_encoded_length_byte.rxt:471	3	3	3	0	0
/Users/fdicostanzo/pcrec/worktrees/dfam12/tests/utf8/axis01_encoded_length_byte.rxt:479	3	3	3	0	0
/Users/fdicostanzo/pcrec/worktrees/dfam12/tests/utf8/axis01_encoded_length_byte.rxt:487	5	5	12	0	0
/Users/fdicostanzo/pcrec/worktrees/dfam12/tests/utf8/axis01_encoded_length_byte.rxt:495	2	2	2	0	0
/Users/fdicostanzo/pcrec/worktrees/dfam12/tests/utf8/axis02_class_boundary.rxt:26	2	2	2	0	0
/Users/fdicostanzo/pcrec/worktrees/dfam12/tests/utf8/axis02_class_boundary.rxt:39	2	2	2	0	0
/Users/fdicostanzo/pcrec/worktrees/dfam12/tests/utf8/axis02_class_boundary.rxt:52	2	2	2	0	0
/Users/fdicostanzo/pcrec/worktrees/dfam12/tests/utf8/axis02_class_boundary.rxt:65	2	2	2	0	0
/Users/fdicostanzo/pcrec/worktrees/dfam12/tests/utf8/axis02_class_boundary.rxt:78	2	2	2	0	0
/Users/fdicostanzo/pcrec/worktrees/dfam12/tests/utf8/axis02_class_boundary.rxt:91	2	2	2	0	0
/Users/fdicostanzo/pcrec/worktrees/dfam12/tests/utf8/axis02_class_boundary.rxt:104	2	2	2	0	0
/Users/fdicostanzo/pcrec/worktrees/dfam12/tests/utf8/axis02_class_boundary.rxt:117	2	2	2	0	0
/Users/fdicostanzo/pcrec/worktrees/dfam12/tests/utf8/axis02_class_boundary.rxt:130	2	2	3	0	0
/Users/fdicostanzo/pcrec/worktrees/dfam12/tests/utf8/axis02_class_boundary.rxt:143	2	2	3	0	0
/Users/fdicostanzo/pcrec/worktrees/dfam12/tests/utf8/axis02_class_boundary.rxt:156	3	3	7	0	0
/Users/fdicostanzo/pcrec/worktrees/dfam12/tests/utf8/axis02_class_boundary.rxt:177	2	2	2	0	0
/Users/fdicostanzo/pcrec/worktrees/dfam12/tests/utf8/axis02_class_boundary.rxt:203	2	2	2	0	0
/Users/fdicostanzo/pcrec/worktrees/dfam12/tests/utf8/axis02_class_boundary.rxt:229	2	2	2	0	0
/Users/fdicostanzo/pcrec/worktrees/dfam12/tests/utf8/axis02_class_boundary.rxt:255	2	2	2	0	0
/Users/fdicostanzo/pcrec/worktrees/dfam12/tests/utf8/axis02_class_boundary.rxt:281	2	2	3	0	0
/Users/fdicostanzo/pcrec/worktrees/dfam12/tests/utf8/axis02_class_boundary.rxt:294	2	2	3	0	0
/Users/fdicostanzo/pcrec/worktrees/dfam12/tests/utf8/axis02_class_boundary.rxt:307	3	3	7	0	0
/Users/fdicostanzo/pcrec/worktrees/dfam12/tests/utf8/axis02_class_boundary_byte.rxt:21	2	2	2	0	0
/Users/fdicostanzo/pcrec/worktrees/dfam12/tests/utf8/axis02_class_boundary_byte.rxt:29	2	2	2	0	0
/Users/fdicostanzo/pcrec/worktrees/dfam12/tests/utf8/axis02_class_boundary_byte.rxt:36	2	2	2	0	0
/Users/fdicostanzo/pcrec/worktrees/dfam12/tests/utf8/axis02_class_boundary_byte.rxt:44	2	2	2	0	0
/Users/fdicostanzo/pcrec/worktrees/dfam12/tests/utf8/axis02_class_boundary_byte.rxt:51	2	2	2	0	0
/Users/fdicostanzo/pcrec/worktrees/dfam12/tests/utf8/axis02_class_boundary_byte.rxt:59	2	2	2	0	0
/Users/fdicostanzo/pcrec/worktrees/dfam12/tests/utf8/axis02_class_boundary_byte.rxt:66	2	2	2	0	0
/Users/fdicostanzo/pcrec/worktrees/dfam12/tests/utf8/axis02_class_boundary_byte.rxt:74	2	2	2	0	0
/Users/fdicostanzo/pcrec/worktrees/dfam12/tests/utf8/axis02_class_boundary_byte.rxt:81	2	2	3	0	0
/Users/fdicostanzo/pcrec/worktrees/dfam12/tests/utf8/axis02_class_boundary_byte.rxt:89	2	2	3	0	0
/Users/fdicostanzo/pcrec/worktrees/dfam12/tests/utf8/axis02_class_boundary_byte.rxt:97	3	3	7	0	0
/Users/fdicostanzo/pcrec/worktrees/dfam12/tests/utf8/axis02_class_boundary_byte.rxt:109	2	2	2	0	0
/Users/fdicostanzo/pcrec/worktrees/dfam12/tests/utf8/axis02_class_boundary_byte.rxt:121	2	2	2	0	0
/Users/fdicostanzo/pcrec/worktrees/dfam12/tests/utf8/axis02_class_boundary_byte.rxt:133	2	2	2	0	0
/Users/fdicostanzo/pcrec/worktrees/dfam12/tests/utf8/axis02_class_boundary_byte.rxt:145	2	2	2	0	0
/Users/fdicostanzo/pcrec/worktrees/dfam12/tests/utf8/axis02_class_boundary_byte.rxt:157	2	2	3	0	0
/Users/fdicostanzo/pcrec/worktrees/dfam12/tests/utf8/axis02_class_boundary_byte.rxt:165	2	2	3	0	0
/Users/fdicostanzo/pcrec/worktrees/dfam12/tests/utf8/axis02_class_boundary_byte.rxt:173	3	3	7	0	0
/Users/fdicostanzo/pcrec/worktrees/dfam12/tests/utf8/axis03_invalid_utf8.rxt:24	2	2	2	0	0
/Users/fdicostanzo/pcrec/worktrees/dfam12/tests/utf8/axis03_invalid_utf8.rxt:37	2	2	2	0	0
/Users/fdicostanzo/pcrec/worktrees/dfam12/tests/utf8/axis03_invalid_utf8.rxt:50	6	5	18	0	0
/Users/fdicostanzo/pcrec/worktrees/dfam12/tests/utf8/axis03_invalid_utf8.rxt:63	2	2	2	0	0
/Users/fdicostanzo/pcrec/worktrees/dfam12/tests/utf8/axis03_invalid_utf8.rxt:76	2	2	2	0	0
/Users/fdicostanzo/pcrec/worktrees/dfam12/tests/utf8/axis03_invalid_utf8.rxt:89	6	5	18	0	0
/Users/fdicostanzo/pcrec/worktrees/dfam12/tests/utf8/axis03_invalid_utf8.rxt:102	2	2	2	0	0
/Users/fdicostanzo/pcrec/worktrees/dfam12/tests/utf8/axis03_invalid_utf8.rxt:115	2	2	2	0	0
/Users/fdicostanzo/pcrec/worktrees/dfam12/tests/utf8/axis03_invalid_utf8.rxt:128	6	5	18	0	0
/Users/fdicostanzo/pcrec/worktrees/dfam12/tests/utf8/axis03_invalid_utf8.rxt:141	2	2	2	0	0
/Users/fdicostanzo/pcrec/worktrees/dfam12/tests/utf8/axis03_invalid_utf8.rxt:154	2	2	2	0	0
/Users/fdicostanzo/pcrec/worktrees/dfam12/tests/utf8/axis03_invalid_utf8.rxt:167	6	5	18	0	0
/Users/fdicostanzo/pcrec/worktrees/dfam12/tests/utf8/axis03_invalid_utf8.rxt:180	2	2	2	0	0
/Users/fdicostanzo/pcrec/worktrees/dfam12/tests/utf8/axis03_invalid_utf8.rxt:193	2	2	2	0	0
/Users/fdicostanzo/pcrec/worktrees/dfam12/tests/utf8/axis03_invalid_utf8.rxt:206	6	5	18	0	0
/Users/fdicostanzo/pcrec/worktrees/dfam12/tests/utf8/axis03_invalid_utf8.rxt:219	2	2	2	0	0
/Users/fdicostanzo/pcrec/worktrees/dfam12/tests/utf8/axis03_invalid_utf8.rxt:232	2	2	2	0	0
/Users/fdicostanzo/pcrec/worktrees/dfam12/tests/utf8/axis03_invalid_utf8.rxt:245	6	5	18	0	0
/Users/fdicostanzo/pcrec/worktrees/dfam12/tests/utf8/axis03_invalid_utf8.rxt:258	2	2	2	0	0
/Users/fdicostanzo/pcrec/worktrees/dfam12/tests/utf8/axis03_invalid_utf8.rxt:271	2	2	2	0	0
/Users/fdicostanzo/pcrec/worktrees/dfam12/tests/utf8/axis03_invalid_utf8.rxt:284	6	5	18	0	0
/Users/fdicostanzo/pcrec/worktrees/dfam12/tests/utf8/axis03_invalid_utf8.rxt:297	2	2	2	0	0
/Users/fdicostanzo/pcrec/worktrees/dfam12/tests/utf8/axis03_invalid_utf8.rxt:310	2	2	2	0	0
/Users/fdicostanzo/pcrec/worktrees/dfam12/tests/utf8/axis03_invalid_utf8.rxt:323	6	5	18	0	0
/Users/fdicostanzo/pcrec/worktrees/dfam12/tests/utf8/axis03_invalid_utf8.rxt:336	2	2	2	0	0
/Users/fdicostanzo/pcrec/worktrees/dfam12/tests/utf8/axis03_invalid_utf8.rxt:349	2	2	2	0	0
/Users/fdicostanzo/pcrec/worktrees/dfam12/tests/utf8/axis03_invalid_utf8.rxt:362	6	5	18	0	0
/Users/fdicostanzo/pcrec/worktrees/dfam12/tests/utf8/axis03_invalid_utf8_byte.rxt:13	2	2	2	0	0
/Users/fdicostanzo/pcrec/worktrees/dfam12/tests/utf8/axis03_invalid_utf8_byte.rxt:21	2	2	2	0	0
/Users/fdicostanzo/pcrec/worktrees/dfam12/tests/utf8/axis03_invalid_utf8_byte.rxt:29	6	5	18	0	0
/Users/fdicostanzo/pcrec/worktrees/dfam12/tests/utf8/axis03_invalid_utf8_byte.rxt:37	2	2	2	0	0
/Users/fdicostanzo/pcrec/worktrees/dfam12/tests/utf8/axis03_invalid_utf8_byte.rxt:45	2	2	2	0	0
/Users/fdicostanzo/pcrec/worktrees/dfam12/tests/utf8/axis03_invalid_utf8_byte.rxt:53	6	5	18	0	0
/Users/fdicostanzo/pcrec/worktrees/dfam12/tests/utf8/axis03_invalid_utf8_byte.rxt:61	2	2	2	0	0
/Users/fdicostanzo/pcrec/worktrees/dfam12/tests/utf8/axis03_invalid_utf8_byte.rxt:69	2	2	2	0	0
/Users/fdicostanzo/pcrec/worktrees/dfam12/tests/utf8/axis03_invalid_utf8_byte.rxt:77	6	5	18	0	0
/Users/fdicostanzo/pcrec/worktrees/dfam12/tests/utf8/axis03_invalid_utf8_byte.rxt:85	2	2	2	0	0
/Users/fdicostanzo/pcrec/worktrees/dfam12/tests/utf8/axis03_invalid_utf8_byte.rxt:93	2	2	2	0	0
/Users/fdicostanzo/pcrec/worktrees/dfam12/tests/utf8/axis03_invalid_utf8_byte.rxt:101	6	5	18	0	0
/Users/fdicostanzo/pcrec/worktrees/dfam12/tests/utf8/axis03_invalid_utf8_byte.rxt:109	2	2	2	0	0
/Users/fdicostanzo/pcrec/worktrees/dfam12/tests/utf8/axis03_invalid_utf8_byte.rxt:117	2	2	2	0	0
/Users/fdicostanzo/pcrec/worktrees/dfam12/tests/utf8/axis03_invalid_utf8_byte.rxt:125	6	5	18	0	0
/Users/fdicostanzo/pcrec/worktrees/dfam12/tests/utf8/axis03_invalid_utf8_byte.rxt:133	2	2	2	0	0
/Users/fdicostanzo/pcrec/worktrees/dfam12/tests/utf8/axis03_invalid_utf8_byte.rxt:141	2	2	2	0	0
/Users/fdicostanzo/pcrec/worktrees/dfam12/tests/utf8/axis03_invalid_utf8_byte.rxt:149	6	5	18	0	0
/Users/fdicostanzo/pcrec/worktrees/dfam12/tests/utf8/axis03_invalid_utf8_byte.rxt:157	2	2	2	0	0
/Users/fdicostanzo/pcrec/worktrees/dfam12/tests/utf8/axis03_invalid_utf8_byte.rxt:165	2	2	2	0	0
/Users/fdicostanzo/pcrec/worktrees/dfam12/tests/utf8/axis03_invalid_utf8_byte.rxt:173	6	5	18	0	0
/Users/fdicostanzo/pcrec/worktrees/dfam12/tests/utf8/axis03_invalid_utf8_byte.rxt:181	2	2	2	0	0
/Users/fdicostanzo/pcrec/worktrees/dfam12/tests/utf8/axis03_invalid_utf8_byte.rxt:189	2	2	2	0	0
/Users/fdicostanzo/pcrec/worktrees/dfam12/tests/utf8/axis03_invalid_utf8_byte.rxt:197	6	5	18	0	0
/Users/fdicostanzo/pcrec/worktrees/dfam12/tests/utf8/axis03_invalid_utf8_byte.rxt:205	2	2	2	0	0
/Users/fdicostanzo/pcrec/worktrees/dfam12/tests/utf8/axis03_invalid_utf8_byte.rxt:213	2	2	2	0	0
/Users/fdicostanzo/pcrec/worktrees/dfam12/tests/utf8/axis03_invalid_utf8_byte.rxt:221	6	5	18	0	0
/Users/fdicostanzo/pcrec/worktrees/dfam12/tests/utf8/axis06_caseless_fold.rxt:31	2	2	2	0	0
/Users/fdicostanzo/pcrec/worktrees/dfam12/tests/utf8/axis06_caseless_fold.rxt:45	2	2	2	0	0
/Users/fdicostanzo/pcrec/worktrees/dfam12/tests/utf8/axis06_caseless_fold.rxt:59	2	2	2	0	0
/Users/fdicostanzo/pcrec/worktrees/dfam12/tests/utf8/axis06_caseless_fold.rxt:73	2	2	2	0	0
/Users/fdicostanzo/pcrec/worktrees/dfam12/tests/utf8/axis06_caseless_fold.rxt:87	2	2	2	0	0
/Users/fdicostanzo/pcrec/worktrees/dfam12/tests/utf8/axis06_caseless_fold.rxt:101	2	2	2	0	0
/Users/fdicostanzo/pcrec/worktrees/dfam12/tests/utf8/axis06_caseless_fold.rxt:115	2	2	2	0	0
/Users/fdicostanzo/pcrec/worktrees/dfam12/tests/utf8/axis06_caseless_fold.rxt:129	2	2	2	0	0
/Users/fdicostanzo/pcrec/worktrees/dfam12/tests/utf8/axis06_caseless_fold.rxt:143	2	2	2	0	0
/Users/fdicostanzo/pcrec/worktrees/dfam12/tests/utf8/axis06_caseless_fold.rxt:157	2	2	2	0	0
/Users/fdicostanzo/pcrec/worktrees/dfam12/tests/utf8/axis06_caseless_fold.rxt:171	2	2	2	0	0
/Users/fdicostanzo/pcrec/worktrees/dfam12/tests/utf8/axis06_caseless_fold.rxt:185	2	2	2	0	0
/Users/fdicostanzo/pcrec/worktrees/dfam12/tests/utf8/axis06_caseless_fold.rxt:199	3	3	5	0	0
/Users/fdicostanzo/pcrec/worktrees/dfam12/tests/utf8/axis06_caseless_fold.rxt:213	3	3	5	0	0
/Users/fdicostanzo/pcrec/worktrees/dfam12/tests/utf8/axis06_caseless_fold.rxt:255	2	2	2	0	0
/Users/fdicostanzo/pcrec/worktrees/dfam12/tests/utf8/axis06_caseless_fold.rxt:269	2	2	2	0	0
/Users/fdicostanzo/pcrec/worktrees/dfam12/tests/utf8/axis06_caseless_fold.rxt:283	2	2	2	0	0
/Users/fdicostanzo/pcrec/worktrees/dfam12/tests/utf8/axis06_caseless_fold.rxt:297	2	2	2	0	0
/Users/fdicostanzo/pcrec/worktrees/dfam12/tests/utf8/axis06_caseless_fold.rxt:311	3	3	5	0	0
/Users/fdicostanzo/pcrec/worktrees/dfam12/tests/utf8/axis06_caseless_fold.rxt:325	3	3	5	0	0
/Users/fdicostanzo/pcrec/worktrees/dfam12/tests/utf8/axis06_caseless_fold.rxt:367	2	2	2	0	0
/Users/fdicostanzo/pcrec/worktrees/dfam12/tests/utf8/axis06_caseless_fold.rxt:381	2	2	2	0	0
/Users/fdicostanzo/pcrec/worktrees/dfam12/tests/utf8/axis06_caseless_fold.rxt:395	2	2	2	0	0
/Users/fdicostanzo/pcrec/worktrees/dfam12/tests/utf8/axis06_caseless_fold.rxt:409	2	2	2	0	0
/Users/fdicostanzo/pcrec/worktrees/dfam12/tests/utf8/axis06_caseless_fold.rxt:423	2	2	2	0	0
/Users/fdicostanzo/pcrec/worktrees/dfam12/tests/utf8/axis06_caseless_fold.rxt:437	2	2	2	0	0
/Users/fdicostanzo/pcrec/worktrees/dfam12/tests/utf8/axis06_caseless_fold.rxt:451	2	2	2	0	0
/Users/fdicostanzo/pcrec/worktrees/dfam12/tests/utf8/axis06_caseless_fold.rxt:465	2	2	2	0	0
/Users/fdicostanzo/pcrec/worktrees/dfam12/tests/utf8/axis06_caseless_fold.rxt:479	2	2	2	0	0
/Users/fdicostanzo/pcrec/worktrees/dfam12/tests/utf8/axis06_caseless_fold.rxt:493	2	2	2	0	0
/Users/fdicostanzo/pcrec/worktrees/dfam12/tests/utf8/axis06_caseless_fold.rxt:507	2	2	2	0	0
/Users/fdicostanzo/pcrec/worktrees/dfam12/tests/utf8/axis06_caseless_fold.rxt:535	2	2	2	0	0
/Users/fdicostanzo/pcrec/worktrees/dfam12/tests/utf8/axis06_caseless_fold.rxt:549	2	2	2	0	0
/Users/fdicostanzo/pcrec/worktrees/dfam12/tests/utf8/axis06_caseless_fold.rxt:563	2	2	2	0	0
/Users/fdicostanzo/pcrec/worktrees/dfam12/tests/utf8/axis06_caseless_fold.rxt:577	2	2	2	0	0
/Users/fdicostanzo/pcrec/worktrees/dfam12/tests/utf8/axis06_caseless_fold.rxt:591	2	2	2	0	0
/Users/fdicostanzo/pcrec/worktrees/dfam12/tests/utf8/axis06_caseless_fold.rxt:605	2	2	2	0	0
/Users/fdicostanzo/pcrec/worktrees/dfam12/tests/utf8/axis06_caseless_fold.rxt:619	2	2	2	0	0
/Users/fdicostanzo/pcrec/worktrees/dfam12/tests/utf8/axis06_caseless_fold.rxt:633	2	2	2	0	0
/Users/fdicostanzo/pcrec/worktrees/dfam12/tests/utf8/axis07_caseless_1ton.rxt:24	3	3	5	0	0
/Users/fdicostanzo/pcrec/worktrees/dfam12/tests/utf8/axis07_caseless_1ton.rxt:34	3	3	5	0	0
/Users/fdicostanzo/pcrec/worktrees/dfam12/tests/utf8/axis07_caseless_1ton.rxt:44	3	3	5	0	0
/Users/fdicostanzo/pcrec/worktrees/dfam12/tests/utf8/axis07_caseless_1ton.rxt:54	3	3	5	0	0
/Users/fdicostanzo/pcrec/worktrees/dfam12/tests/utf8/axis07_caseless_1ton.rxt:64	4	4	8	0	0
/Users/fdicostanzo/pcrec/worktrees/dfam12/tests/utf8/axis07_caseless_1ton.rxt:74	3	3	5	0	0
/Users/fdicostanzo/pcrec/worktrees/dfam12/tests/utf8/axis07_caseless_1ton.rxt:84	4	4	8	0	0
/Users/fdicostanzo/pcrec/worktrees/dfam12/tests/utf8/axis07_caseless_1ton.rxt:94	3	3	5	0	0
/Users/fdicostanzo/pcrec/worktrees/dfam12/tests/utf8/axis07_caseless_1ton.rxt:104	3	3	5	0	0
/Users/fdicostanzo/pcrec/worktrees/dfam12/tests/utf8/axis07_caseless_1ton.rxt:114	4	4	8	0	0
/Users/fdicostanzo/pcrec/worktrees/dfam12/tests/utf8/axis07_caseless_1ton.rxt:124	3	3	5	0	0
/Users/fdicostanzo/pcrec/worktrees/dfam12/tests/utf8/axis09_nextpos_findall.rxt:41	1	1	0	0	0
/Users/fdicostanzo/pcrec/worktrees/dfam12/tests/utf8/axis09_nextpos_findall.rxt:55	2	2	1	0	0
/Users/fdicostanzo/pcrec/worktrees/dfam12/tests/utf8/axis09_nextpos_findall.rxt:83	2	2	2	0	0
/Users/fdicostanzo/pcrec/worktrees/dfam12/tests/utf8/axis09_nextpos_findall.rxt:98	1	1	0	0	0
/Users/fdicostanzo/pcrec/worktrees/dfam12/tests/utf8/axis09_nextpos_findall.rxt:113	2	2	1	0	0
/Users/fdicostanzo/pcrec/worktrees/dfam12/tests/utf8/axis09_nextpos_findall.rxt:143	2	2	2	0	0
/Users/fdicostanzo/pcrec/worktrees/dfam12/tests/utf8/axis09_nextpos_findall.rxt:158	1	1	0	0	0
/Users/fdicostanzo/pcrec/worktrees/dfam12/tests/utf8/axis09_nextpos_findall.rxt:173	2	2	1	0	0
/Users/fdicostanzo/pcrec/worktrees/dfam12/tests/utf8/axis09_nextpos_findall.rxt:203	2	2	2	0	0
/Users/fdicostanzo/pcrec/worktrees/dfam12/tests/utf8/axis09_nextpos_findall.rxt:217	1	1	0	0	0
/Users/fdicostanzo/pcrec/worktrees/dfam12/tests/utf8/axis09_nextpos_findall.rxt:228	2	2	1	0	0
/Users/fdicostanzo/pcrec/worktrees/dfam12/tests/utf8/axis09_nextpos_findall.rxt:250	2	2	2	0	0
/Users/fdicostanzo/pcrec/worktrees/dfam12/tests/utf8/axis11_startpos_boundary.rxt:131	2	2	2	0	0
/Users/fdicostanzo/pcrec/worktrees/dfam12/tests/utf8/fold.rxt:49	2	2	2	0	0
/Users/fdicostanzo/pcrec/worktrees/dfam12/tests/utf8/fold.rxt:61	2	2	2	0	0
/Users/fdicostanzo/pcrec/worktrees/dfam12/tests/utf8/fold.rxt:70	2	2	2	0	0
/Users/fdicostanzo/pcrec/worktrees/dfam12/tests/utf8/fold.rxt:92	2	2	2	0	0
/Users/fdicostanzo/pcrec/worktrees/dfam12/tests/utf8/fold.rxt:101	4	4	8	0	0
/Users/fdicostanzo/pcrec/worktrees/dfam12/tests/utf8/fold.rxt:114	2	2	2	0	0
/Users/fdicostanzo/pcrec/worktrees/dfam12/tests/utf8/fold.rxt:123	2	2	2	0	0
/Users/fdicostanzo/pcrec/worktrees/dfam12/tests/utf8/fold.rxt:138	2	2	2	0	0
/Users/fdicostanzo/pcrec/worktrees/dfam12/tests/utf8/fold.rxt:146	2	2	2	0	0
/Users/fdicostanzo/pcrec/worktrees/dfam12/tests/utf8/fold.rxt:154	2	2	2	0	0
/Users/fdicostanzo/pcrec/worktrees/dfam12/tests/utf8/fold.rxt:164	2	2	2	0	0
