#host	ubuntubudu	Linux-7.0.0-29-generic-x86_64-with-glibc2.43
#cpu	AMD Ryzen 5 1600 Six-Core Processor
#cc	gcc (Ubuntu 15.2.0-16ubuntu1) 15.2.0	-O2 -fPIC
#date	2026-10-06 11:59:36
#rounds	11	#load_max	2.00
#artifact	dup_param_detect pin 5d47db6b abi 63
subject	arm	round	ns_per_byte	matches	checksum	load1_before	reps
s_br-doubled-word	orig	0	0.90664	0	100	0.17	400
s_br-doubled-word	orig2	0	0.90664	0	100	0.17	400
s_br-doubled-word	null	0	0.72503	0	100	0.17	400
s_br-doubled-word	rev	0	0.90664	0	100	0.17	400
s_br-doubled-word	orig@p16	0	0.72503	0	100	0.17	400
s_br-doubled-word	orig@p32	0	0.72503	0	100	0.17	400
s_br-doubled-word	orig@p48	0	0.74335	0	100	0.17	400
s_br-doubled-word	orig@p64	0	0.92993	0	100	0.17	400
s_br-doubled-word	orig@p80	0	1.85830	0	100	0.17	400
s_br-doubled-word	orig@p96	0	0.93008	0	100	0.17	400
s_br-doubled-word	orig@p112	0	1.81329	0	100	0.17	400
s_br-doubled-word	rev@p16	0	0.90494	0	100	0.17	400
s_br-doubled-word	rev@p32	0	0.91006	0	100	0.17	400
s_br-doubled-word	rev@p48	0	1.81344	0	100	0.17	400
s_br-doubled-word	rev@p64	0	0.90664	0	100	0.17	400
s_br-doubled-word	rev@p80	0	0.90664	0	100	0.17	400
s_br-doubled-word	rev@p96	0	0.90494	0	100	0.17	400
s_br-doubled-word	rev@p112	0	1.81329	0	100	0.17	400
s_br-doubled-word	orig2	1	0.90338	0	100	0.17	400
s_br-doubled-word	null	1	1.81003	0	100	0.17	400
s_br-doubled-word	rev	1	1.81158	0	100	0.17	400
s_br-doubled-word	orig@p16	1	0.90664	0	100	0.17	400
s_br-doubled-word	orig@p32	1	1.81173	0	100	0.17	400
s_br-doubled-word	orig@p48	1	1.85830	0	100	0.17	400
s_br-doubled-word	orig@p64	1	0.93179	0	100	0.17	400
s_br-doubled-word	orig@p80	1	1.86171	0	100	0.17	400
s_br-doubled-word	orig@p96	1	0.92993	0	100	0.17	400
s_br-doubled-word	orig@p112	1	1.81329	0	100	0.17	400
s_br-doubled-word	rev@p16	1	0.90664	0	100	0.17	400
s_br-doubled-word	rev@p32	1	1.81499	0	100	0.17	400
s_br-doubled-word	rev@p48	1	1.81841	0	100	0.17	400
s_br-doubled-word	rev@p64	1	0.90664	0	100	0.17	400
s_br-doubled-word	rev@p80	1	1.81670	0	100	0.17	400
s_br-doubled-word	rev@p96	1	1.81670	0	100	0.17	400
s_br-doubled-word	rev@p112	1	0.90664	0	100	0.17	400
s_br-doubled-word	orig	1	1.81329	0	100	0.17	400
s_br-doubled-word	null	2	0.90664	0	100	0.17	400
s_br-doubled-word	rev	2	1.81329	0	100	0.17	400
s_br-doubled-word	orig@p16	2	0.73155	0	100	0.17	400
s_br-doubled-word	orig@p32	2	0.72503	0	100	0.17	400
s_br-doubled-word	orig@p48	2	1.86497	0	100	0.17	400
s_br-doubled-word	orig@p64	2	1.86171	0	100	0.17	400
s_br-doubled-word	orig@p80	2	1.86171	0	100	0.17	400
s_br-doubled-word	orig@p96	2	0.93008	0	100	0.17	400
s_br-doubled-word	orig@p112	2	0.72985	0	100	0.17	400
s_br-doubled-word	rev@p16	2	0.72503	0	100	0.17	400
s_br-doubled-word	rev@p32	2	1.81003	0	100	0.17	400
s_br-doubled-word	rev@p48	2	1.81329	0	100	0.17	400
s_br-doubled-word	rev@p64	2	0.72674	0	100	0.17	400
s_br-doubled-word	rev@p80	2	0.72659	0	100	0.17	400
s_br-doubled-word	rev@p96	2	0.90509	0	100	0.17	400
s_br-doubled-word	rev@p112	2	1.93327	0	100	0.17	400
s_br-doubled-word	orig	2	0.72519	0	100	0.17	400
s_br-doubled-word	orig2	2	0.88507	0	100	0.17	400
s_br-doubled-word	rev	3	1.81499	0	100	0.17	400
s_br-doubled-word	orig@p16	3	1.93498	0	100	0.17	400
s_br-doubled-word	orig@p32	3	0.90494	0	100	0.17	400
s_br-doubled-word	orig@p48	3	5.34998	0	100	0.17	400
s_br-doubled-word	orig@p64	3	0.74490	0	100	0.17	400
s_br-doubled-word	orig@p80	3	0.90664	0	100	0.17	400
s_br-doubled-word	orig@p96	3	1.85675	0	100	0.17	400
s_br-doubled-word	orig@p112	3	1.93994	0	100	0.17	400
s_br-doubled-word	rev@p16	3	0.90664	0	100	0.17	400
s_br-doubled-word	rev@p32	3	1.94165	0	100	0.17	400
s_br-doubled-word	rev@p48	3	0.72674	0	100	0.17	400
s_br-doubled-word	rev@p64	3	1.93669	0	100	0.17	400
s_br-doubled-word	rev@p80	3	1.81670	0	100	0.17	400
s_br-doubled-word	rev@p96	3	0.87824	0	100	0.17	400
s_br-doubled-word	rev@p112	3	0.90664	0	100	0.17	400
s_br-doubled-word	orig	3	1.94010	0	100	0.17	400
s_br-doubled-word	orig2	3	0.72674	0	100	0.17	400
s_br-doubled-word	null	3	1.93669	0	100	0.17	400
s_br-doubled-word	orig@p16	4	1.81329	0	100	0.17	400
s_br-doubled-word	orig@p32	4	1.93669	0	100	0.17	400
s_br-doubled-word	orig@p48	4	0.92837	0	100	0.17	400
s_br-doubled-word	orig@p64	4	0.90168	0	100	0.17	400
s_br-doubled-word	orig@p80	4	0.74335	0	100	0.17	400
s_br-doubled-word	orig@p96	4	1.99163	0	100	0.17	400
s_br-doubled-word	orig@p112	4	1.81344	0	100	0.17	400
s_br-doubled-word	rev@p16	4	1.93994	0	100	0.17	400
s_br-doubled-word	rev@p32	4	0.90664	0	100	0.17	400
s_br-doubled-word	rev@p48	4	0.88010	0	100	0.17	400
s_br-doubled-word	rev@p64	4	0.72503	0	100	0.17	400
s_br-doubled-word	rev@p80	4	1.93669	0	100	0.17	400
s_br-doubled-word	rev@p96	4	0.72503	0	100	0.17	400
s_br-doubled-word	rev@p112	4	1.93498	0	100	0.17	400
s_br-doubled-word	orig	4	1.81158	0	100	0.17	400
s_br-doubled-word	orig2	4	0.87994	0	100	0.17	400
s_br-doubled-word	null	4	0.90664	0	100	0.17	400
s_br-doubled-word	rev	4	1.94010	0	100	0.17	400
s_br-doubled-word	orig@p32	5	0.72503	0	100	0.17	400
s_br-doubled-word	orig@p48	5	1.99008	0	100	0.17	400
s_br-doubled-word	orig@p64	5	1.85659	0	100	0.17	400
s_br-doubled-word	orig@p80	5	0.90323	0	100	0.17	400
s_br-doubled-word	orig@p96	5	0.93008	0	100	0.17	400
s_br-doubled-word	orig@p112	5	0.88010	0	100	0.17	400
s_br-doubled-word	rev@p16	5	0.72674	0	100	0.17	400
s_br-doubled-word	rev@p32	5	1.93498	0	100	0.17	400
s_br-doubled-word	rev@p48	5	1.81499	0	100	0.17	400
s_br-doubled-word	rev@p64	5	1.93498	0	100	0.17	400
s_br-doubled-word	rev@p80	5	0.90664	0	100	0.17	400
s_br-doubled-word	rev@p96	5	0.88662	0	100	0.17	400
s_br-doubled-word	rev@p112	5	0.72503	0	100	0.17	400
s_br-doubled-word	orig	5	0.88507	0	100	0.17	400
s_br-doubled-word	orig2	5	1.82167	0	100	0.17	400
s_br-doubled-word	null	5	0.72488	0	100	0.17	400
s_br-doubled-word	rev	5	1.94662	0	100	0.17	400
s_br-doubled-word	orig@p16	5	0.90509	0	100	0.17	400
s_br-doubled-word	orig@p48	6	1.98993	0	100	0.17	400
s_br-doubled-word	orig@p64	6	0.74521	0	100	0.17	400
s_br-doubled-word	orig@p80	6	1.98667	0	100	0.17	400
s_br-doubled-word	orig@p96	6	1.86001	0	100	0.17	400
s_br-doubled-word	orig@p112	6	0.88010	0	100	0.17	400
s_br-doubled-word	rev@p16	6	0.90835	0	100	0.17	400
s_br-doubled-word	rev@p32	6	1.93343	0	100	0.17	400
s_br-doubled-word	rev@p48	6	0.72488	0	100	0.17	400
s_br-doubled-word	rev@p64	6	1.93669	0	100	0.17	400
s_br-doubled-word	rev@p80	6	1.81003	0	100	0.17	400
s_br-doubled-word	rev@p96	6	0.88507	0	100	0.17	400
s_br-doubled-word	rev@p112	6	0.90509	0	100	0.17	400
s_br-doubled-word	orig	6	1.93839	0	100	0.17	400
s_br-doubled-word	orig2	6	0.72503	0	100	0.17	400
s_br-doubled-word	null	6	0.88165	0	100	0.17	400
s_br-doubled-word	rev	6	1.81158	0	100	0.17	400
s_br-doubled-word	orig@p16	6	1.93669	0	100	0.17	400
s_br-doubled-word	orig@p32	6	0.90664	0	100	0.17	400
s_br-doubled-word	orig@p64	7	0.90168	0	100	0.17	400
s_br-doubled-word	orig@p80	7	0.74335	0	100	0.17	400
s_br-doubled-word	orig@p96	7	1.99676	0	100	0.17	400
s_br-doubled-word	orig@p112	7	1.81173	0	100	0.17	400
s_br-doubled-word	rev@p16	7	1.93669	0	100	0.17	400
s_br-doubled-word	rev@p32	7	0.90509	0	100	0.17	400
s_br-doubled-word	rev@p48	7	0.88010	0	100	0.17	400
s_br-doubled-word	rev@p64	7	0.72503	0	100	0.17	400
s_br-doubled-word	rev@p80	7	0.88165	0	100	0.17	400
s_br-doubled-word	rev@p96	7	1.81499	0	100	0.17	400
s_br-doubled-word	rev@p112	7	1.94336	0	100	0.17	400
s_br-doubled-word	orig	7	0.90494	0	100	0.17	400
s_br-doubled-word	orig2	7	1.93855	0	100	0.17	400
s_br-doubled-word	null	7	0.72488	0	100	0.17	400
s_br-doubled-word	rev	7	0.88165	0	100	0.17	400
s_br-doubled-word	orig@p16	7	1.81329	0	100	0.17	400
s_br-doubled-word	orig@p32	7	1.93839	0	100	0.17	400
s_br-doubled-word	orig@p48	7	0.93163	0	100	0.17	400
s_br-doubled-word	orig@p80	8	1.99008	0	100	0.17	400
s_br-doubled-word	orig@p96	8	0.74164	0	100	0.17	400
s_br-doubled-word	orig@p112	8	0.87994	0	100	0.17	400
s_br-doubled-word	rev@p16	8	0.87994	0	100	0.17	400
s_br-doubled-word	rev@p32	8	1.81173	0	100	0.17	400
s_br-doubled-word	rev@p48	8	0.88491	0	100	0.17	400
s_br-doubled-word	rev@p64	8	0.90509	0	100	0.17	400
s_br-doubled-word	rev@p80	8	1.93824	0	100	0.17	400
s_br-doubled-word	rev@p96	8	0.72659	0	100	0.17	400
s_br-doubled-word	rev@p112	8	1.93498	0	100	0.17	400
s_br-doubled-word	orig	8	1.81499	0	100	0.17	400
s_br-doubled-word	orig2	8	0.87994	0	100	0.17	400
s_br-doubled-word	null	8	0.90494	0	100	0.17	400
s_br-doubled-word	rev	8	1.94010	0	100	0.17	400
s_br-doubled-word	orig@p16	8	0.72503	0	100	0.17	400
s_br-doubled-word	orig@p32	8	0.88165	0	100	0.17	400
s_br-doubled-word	orig@p48	8	1.86001	0	100	0.17	400
s_br-doubled-word	orig@p64	8	0.91006	0	100	0.17	400
s_br-doubled-word	orig@p96	9	0.92993	0	100	0.17	400
s_br-doubled-word	orig@p112	9	1.93653	0	100	0.17	400
s_br-doubled-word	rev@p16	9	0.72503	0	100	0.17	400
s_br-doubled-word	rev@p32	9	0.88165	0	100	0.17	400
s_br-doubled-word	rev@p48	9	1.82167	0	100	0.17	400
s_br-doubled-word	rev@p64	9	1.93839	0	100	0.17	400
s_br-doubled-word	rev@p80	9	0.90664	0	100	0.17	400
s_br-doubled-word	rev@p96	9	0.88010	0	100	0.17	400
s_br-doubled-word	rev@p112	9	0.87824	0	100	0.17	400
s_br-doubled-word	orig	9	0.72503	0	100	0.17	400
s_br-doubled-word	orig2	9	1.93839	0	100	0.17	400
s_br-doubled-word	null	9	1.81499	0	100	0.17	400
s_br-doubled-word	rev	9	0.87994	0	100	0.17	400
s_br-doubled-word	orig@p16	9	0.90494	0	100	0.17	400
s_br-doubled-word	orig@p32	9	1.93513	0	100	0.17	400
s_br-doubled-word	orig@p48	9	0.74506	0	100	0.17	400
s_br-doubled-word	orig@p64	9	1.99008	0	100	0.17	400
s_br-doubled-word	orig@p80	9	1.85845	0	100	0.17	400
s_br-doubled-word	orig@p112	10	0.88010	0	100	0.17	400
s_br-doubled-word	rev@p16	10	0.90494	0	100	0.17	400
s_br-doubled-word	rev@p32	10	1.78845	0	100	0.17	400
s_br-doubled-word	rev@p48	10	0.72503	0	100	0.17	400
s_br-doubled-word	rev@p64	10	1.78659	0	100	0.17	400
s_br-doubled-word	rev@p80	10	1.81329	0	100	0.17	400
s_br-doubled-word	rev@p96	10	0.72503	0	100	0.17	400
s_br-doubled-word	rev@p112	10	1.81670	0	100	0.17	400
s_br-doubled-word	orig	10	0.72659	0	100	0.17	400
s_br-doubled-word	orig2	10	0.72503	0	100	0.17	400
s_br-doubled-word	null	10	1.81329	0	100	0.17	400
s_br-doubled-word	rev	10	0.72674	0	100	0.17	400
s_br-doubled-word	orig@p16	10	1.81329	0	100	0.17	400
s_br-doubled-word	orig@p32	10	0.72333	0	100	0.17	400
s_br-doubled-word	orig@p48	10	0.74335	0	100	0.17	400
s_br-doubled-word	orig@p64	10	0.74335	0	100	0.17	400
s_br-doubled-word	orig@p80	10	1.85830	0	100	0.17	400
s_br-doubled-word	orig@p96	10	0.74320	0	100	0.17	400
s_br-dup-param	orig	0	8.13193	1	10000130	0.17	400
s_br-dup-param	orig2	0	16.24798	1	10000130	0.17	400
s_br-dup-param	null	0	7.70458	1	10000130	0.17	400
s_br-dup-param	rev	0	9.30899	1	10000130	0.17	400
s_br-dup-param	orig@p16	0	15.75247	1	10000130	0.17	400
s_br-dup-param	orig@p32	0	8.13637	1	10000130	0.17	400
s_br-dup-param	orig@p48	0	15.37063	1	10000130	0.17	400
s_br-dup-param	orig@p64	0	7.50223	1	10000130	0.17	400
s_br-dup-param	orig@p80	0	8.98176	1	10000130	0.17	400
s_br-dup-param	orig@p96	0	8.42953	1	10000130	0.17	400
s_br-dup-param	orig@p112	0	14.26829	1	10000130	0.17	400
s_br-dup-param	rev@p16	0	9.49547	1	10000130	0.17	400
s_br-dup-param	rev@p32	0	23.13638	1	10000130	0.17	400
s_br-dup-param	rev@p48	0	10.13660	1	10000130	0.17	400
s_br-dup-param	rev@p64	0	8.67061	1	10000130	0.17	400
s_br-dup-param	rev@p80	0	17.33657	1	10000130	0.17	400
s_br-dup-param	rev@p96	0	8.63421	1	10000130	0.17	400
s_br-dup-param	rev@p112	0	8.04557	1	10000130	0.17	400
s_br-dup-param	orig2	1	8.11140	1	10000130	0.17	400
s_br-dup-param	null	1	15.40217	1	10000130	0.17	400
s_br-dup-param	rev	1	8.82047	1	10000130	0.17	400
s_br-dup-param	orig@p16	1	8.12727	1	10000130	0.17	400
s_br-dup-param	orig@p32	1	8.09086	1	10000130	0.17	400
s_br-dup-param	orig@p48	1	17.78403	1	10000130	0.17	400
s_br-dup-param	orig@p64	1	7.51831	1	10000130	0.17	400
s_br-dup-param	orig@p80	1	15.14542	1	10000130	0.17	400
s_br-dup-param	orig@p96	1	6.67737	1	10000130	0.17	400
s_br-dup-param	orig@p112	1	8.30211	1	10000130	0.17	400
s_br-dup-param	rev@p16	1	7.50688	1	10000130	0.17	400
s_br-dup-param	rev@p32	1	7.62944	1	10000130	0.17	400
s_br-dup-param	rev@p48	1	6.94999	1	10000130	0.17	400
s_br-dup-param	rev@p64	1	6.96841	1	10000130	0.17	400
s_br-dup-param	rev@p80	1	8.72057	1	10000130	0.17	400
s_br-dup-param	rev@p96	1	6.94110	1	10000130	0.17	400
s_br-dup-param	rev@p112	1	7.43407	1	10000130	0.17	400
s_br-dup-param	orig	1	6.14546	1	10000130	0.17	400
s_br-dup-param	null	2	7.69103	1	10000130	0.17	400
s_br-dup-param	rev	2	7.47281	1	10000130	0.17	400
s_br-dup-param	orig@p16	2	8.12727	1	10000130	0.17	400
s_br-dup-param	orig@p32	2	8.12283	1	10000130	0.17	400
s_br-dup-param	orig@p48	2	7.61377	1	10000130	0.17	400
s_br-dup-param	orig@p64	2	6.02714	1	10000130	0.17	400
s_br-dup-param	orig@p80	2	7.60679	1	10000130	0.17	400
s_br-dup-param	orig@p96	2	6.62043	1	10000130	0.17	400
s_br-dup-param	orig@p112	2	8.32031	1	10000130	0.17	400
s_br-dup-param	rev@p16	2	9.50690	1	10000130	0.17	400
s_br-dup-param	rev@p32	2	7.46582	1	10000130	0.17	400
s_br-dup-param	rev@p48	2	8.64310	1	10000130	0.17	400
s_br-dup-param	rev@p64	2	8.68416	1	10000130	0.17	400
s_br-dup-param	rev@p80	2	6.98640	1	10000130	0.17	400
s_br-dup-param	rev@p96	2	8.66363	1	10000130	0.17	400
s_br-dup-param	rev@p112	2	6.40919	1	10000130	0.17	400
s_br-dup-param	orig	2	8.27290	1	10000130	0.17	400
s_br-dup-param	orig2	2	8.14315	1	10000130	0.17	400
s_br-dup-param	rev	3	11.95226	1	10000130	0.17	400
s_br-dup-param	orig@p16	3	6.26822	1	10000130	0.17	400
s_br-dup-param	orig@p32	3	8.25469	1	10000130	0.17	400
s_br-dup-param	orig@p48	3	6.04323	1	10000130	0.17	400
s_br-dup-param	orig@p64	3	6.18187	1	10000130	0.17	400
s_br-dup-param	orig@p80	3	15.25443	1	10000130	0.17	400
s_br-dup-param	orig@p96	3	6.71822	1	10000130	0.17	400
s_br-dup-param	orig@p112	3	8.37513	1	10000130	0.17	400
s_br-dup-param	rev@p16	3	18.65905	1	10000130	0.17	400
s_br-dup-param	rev@p32	3	7.46138	1	10000130	0.17	400
s_br-dup-param	rev@p48	3	6.94999	1	10000130	0.17	400
s_br-dup-param	rev@p64	3	17.44769	1	10000130	0.17	400
s_br-dup-param	rev@p80	3	17.39986	1	10000130	0.17	400
s_br-dup-param	rev@p96	3	8.09319	1	10000130	0.17	400
s_br-dup-param	rev@p112	3	15.21400	1	10000130	0.17	400
s_br-dup-param	orig	3	8.17278	1	10000130	0.17	400
s_br-dup-param	orig2	3	6.22504	1	10000130	0.17	400
s_br-dup-param	null	3	6.56138	1	10000130	0.17	400
s_br-dup-param	orig@p16	4	16.26576	1	10000130	0.17	400
s_br-dup-param	orig@p32	4	21.65029	1	10000130	0.17	400
s_br-dup-param	orig@p48	4	16.16162	1	10000130	0.17	400
s_br-dup-param	orig@p64	4	9.22517	1	10000130	0.17	400
s_br-dup-param	orig@p80	4	6.00237	1	10000130	0.17	400
s_br-dup-param	orig@p96	4	6.73177	1	10000130	0.17	400
s_br-dup-param	orig@p112	4	16.87959	1	10000130	0.17	400
s_br-dup-param	rev@p16	4	18.79536	1	10000130	0.17	400
s_br-dup-param	rev@p32	4	18.67513	1	10000130	0.17	400
s_br-dup-param	rev@p48	4	8.60246	1	10000130	0.17	400
s_br-dup-param	rev@p64	4	6.99317	1	10000130	0.17	400
s_br-dup-param	rev@p80	4	6.96142	1	10000130	0.17	400
s_br-dup-param	rev@p96	4	17.38187	1	10000130	0.17	400
s_br-dup-param	rev@p112	4	14.61859	1	10000130	0.17	400
s_br-dup-param	orig	4	16.28883	1	10000130	0.17	400
s_br-dup-param	orig2	4	8.13849	1	10000130	0.17	400
s_br-dup-param	null	4	6.24325	1	10000130	0.17	400
s_br-dup-param	rev	4	10.91129	1	10000130	0.17	400
s_br-dup-param	orig@p32	5	6.15223	1	10000130	0.17	400
s_br-dup-param	orig@p48	5	17.14332	1	10000130	0.17	400
s_br-dup-param	orig@p64	5	14.92296	1	10000130	0.17	400
s_br-dup-param	orig@p80	5	8.23861	1	10000130	0.17	400
s_br-dup-param	orig@p96	5	16.48631	1	10000130	0.17	400
s_br-dup-param	orig@p112	5	6.66150	1	10000130	0.17	400
s_br-dup-param	rev@p16	5	7.65230	1	10000130	0.17	400
s_br-dup-param	rev@p32	5	18.64084	1	10000130	0.17	400
s_br-dup-param	rev@p48	5	17.38187	1	10000130	0.17	400
s_br-dup-param	rev@p64	5	8.68649	1	10000130	0.17	400
s_br-dup-param	rev@p80	5	17.31837	1	10000130	0.17	400
s_br-dup-param	rev@p96	5	6.92713	1	10000130	0.17	400
s_br-dup-param	rev@p112	5	5.97740	1	10000130	0.17	400
s_br-dup-param	orig	5	23.30233	1	10000130	0.17	400
s_br-dup-param	orig2	5	16.27719	1	10000130	0.17	400
s_br-dup-param	null	5	8.32052	1	10000130	0.17	400
s_br-dup-param	rev	5	18.88193	1	10000130	0.17	400
s_br-dup-param	orig@p16	5	6.50254	1	10000130	0.17	400
s_br-dup-param	orig@p48	6	6.11371	1	10000130	0.17	400
s_br-dup-param	orig@p64	6	15.17273	1	10000130	0.17	400
s_br-dup-param	orig@p80	6	15.17040	1	10000130	0.17	400
s_br-dup-param	orig@p96	6	8.32751	1	10000130	0.17	400
s_br-dup-param	orig@p112	6	16.90223	1	10000130	0.17	400
s_br-dup-param	rev@p16	6	7.48402	1	10000130	0.17	400
s_br-dup-param	rev@p32	6	7.48424	1	10000130	0.17	400
s_br-dup-param	rev@p48	6	17.37276	1	10000130	0.17	400
s_br-dup-param	rev@p64	6	17.39986	1	10000130	0.17	400
s_br-dup-param	rev@p80	6	8.66828	1	10000130	0.17	400
s_br-dup-param	rev@p96	6	17.26587	1	10000130	0.17	400
s_br-dup-param	rev@p112	6	5.72277	1	10000130	0.17	400
s_br-dup-param	orig	6	6.51587	1	10000130	0.17	400
s_br-dup-param	orig2	6	17.79567	1	10000130	0.17	400
s_br-dup-param	null	6	16.26618	1	10000130	0.17	400
s_br-dup-param	rev	6	9.29545	1	10000130	0.17	400
s_br-dup-param	orig@p16	6	15.59542	1	10000130	0.17	400
s_br-dup-param	orig@p32	6	6.50232	1	10000130	0.17	400
s_br-dup-param	orig@p64	7	14.94349	1	10000130	0.17	400
s_br-dup-param	orig@p80	7	15.11134	1	10000130	0.17	400
s_br-dup-param	orig@p96	7	16.44546	1	10000130	0.17	400
s_br-dup-param	orig@p112	7	8.62045	1	10000130	0.17	400
s_br-dup-param	rev@p16	7	7.65230	1	10000130	0.17	400
s_br-dup-param	rev@p32	7	7.51366	1	10000130	0.17	400
s_br-dup-param	rev@p48	7	17.53638	1	10000130	0.17	400
s_br-dup-param	rev@p64	7	17.39795	1	10000130	0.17	400
s_br-dup-param	rev@p80	7	17.28408	1	10000130	0.17	400
s_br-dup-param	rev@p96	7	8.72501	1	10000130	0.17	400
s_br-dup-param	rev@p112	7	17.14777	1	10000130	0.17	400
s_br-dup-param	orig	7	6.18864	1	10000130	0.17	400
s_br-dup-param	orig2	7	15.14331	1	10000130	0.17	400
s_br-dup-param	null	7	16.29307	1	10000130	0.17	400
s_br-dup-param	rev	7	18.43172	1	10000130	0.17	400
s_br-dup-param	orig@p16	7	15.71395	1	10000130	0.17	400
s_br-dup-param	orig@p32	7	15.42524	1	10000130	0.17	400
s_br-dup-param	orig@p48	7	7.62732	1	10000130	0.17	400
s_br-dup-param	orig@p80	8	14.82263	1	10000130	0.17	400
s_br-dup-param	orig@p96	8	6.66827	1	10000130	0.17	400
s_br-dup-param	orig@p112	8	16.84128	1	10000130	0.17	400
s_br-dup-param	rev@p16	8	18.63852	1	10000130	0.17	400
s_br-dup-param	rev@p32	8	18.36378	1	10000130	0.17	400
s_br-dup-param	rev@p48	8	8.73411	1	10000130	0.17	400
s_br-dup-param	rev@p64	8	17.20724	1	10000130	0.17	400
s_br-dup-param	rev@p80	8	17.41594	1	10000130	0.17	400
s_br-dup-param	rev@p96	8	17.22037	1	10000130	0.17	400
s_br-dup-param	rev@p112	8	5.60000	1	10000130	0.17	400
s_br-dup-param	orig	8	16.06574	1	10000130	0.17	400
s_br-dup-param	orig2	8	16.23888	1	10000130	0.17	400
s_br-dup-param	null	8	16.24586	1	10000130	0.17	400
s_br-dup-param	rev	8	9.33630	1	10000130	0.17	400
s_br-dup-param	orig@p16	8	16.12966	1	10000130	0.17	400
s_br-dup-param	orig@p32	8	6.47735	1	10000130	0.17	400
s_br-dup-param	orig@p48	8	14.91386	1	10000130	0.17	400
s_br-dup-param	orig@p64	8	15.06139	1	10000130	0.17	400
s_br-dup-param	orig@p96	9	16.48187	1	10000130	0.17	400
s_br-dup-param	orig@p112	9	7.14557	1	10000130	0.17	400
s_br-dup-param	rev@p16	9	18.45691	1	10000130	0.17	400
s_br-dup-param	rev@p32	9	7.59113	1	10000130	0.17	400
s_br-dup-param	rev@p48	9	17.21380	1	10000130	0.17	400
s_br-dup-param	rev@p64	9	17.52940	1	10000130	0.17	400
s_br-dup-param	rev@p80	9	17.24090	1	10000130	0.17	400
s_br-dup-param	rev@p96	9	8.73200	1	10000130	0.17	400
s_br-dup-param	rev@p112	9	14.99768	1	10000130	0.17	400
s_br-dup-param	orig	9	6.49555	1	10000130	0.17	400
s_br-dup-param	orig2	9	16.04775	1	10000130	0.17	400
s_br-dup-param	null	9	16.46811	1	10000130	0.17	400
s_br-dup-param	rev	9	18.39087	1	10000130	0.17	400
s_br-dup-param	orig@p16	9	7.92048	1	10000130	0.17	400
s_br-dup-param	orig@p32	9	19.59101	1	10000130	0.17	400
s_br-dup-param	orig@p48	9	6.16599	1	10000130	0.17	400
s_br-dup-param	orig@p64	9	15.07049	1	10000130	0.17	400
s_br-dup-param	orig@p80	9	15.11833	1	10000130	0.17	400
s_br-dup-param	orig@p112	10	13.47285	1	10000130	0.17	400
s_br-dup-param	rev@p16	10	9.33863	1	10000130	0.17	400
s_br-dup-param	rev@p32	10	7.50709	1	10000130	0.17	400
s_br-dup-param	rev@p48	10	17.43859	1	10000130	0.17	400
s_br-dup-param	rev@p64	10	17.32726	1	10000130	0.17	400
s_br-dup-param	rev@p80	10	17.18184	1	10000130	0.17	400
s_br-dup-param	rev@p96	10	17.15920	1	10000130	0.17	400
s_br-dup-param	rev@p112	10	7.62266	1	10000130	0.17	400
s_br-dup-param	orig	10	16.23888	1	10000130	0.17	400
s_br-dup-param	orig2	10	6.50444	1	10000130	0.24	400
s_br-dup-param	null	10	17.63629	1	10000130	0.24	400
s_br-dup-param	rev	10	18.60677	1	10000130	0.24	400
s_br-dup-param	orig@p16	10	15.52980	1	10000130	0.24	400
s_br-dup-param	orig@p32	10	16.04330	1	10000130	0.24	400
s_br-dup-param	orig@p48	10	7.46603	1	10000130	0.24	400
s_br-dup-param	orig@p64	10	14.81607	1	10000130	0.24	400
s_br-dup-param	orig@p80	10	15.16849	1	10000130	0.24	400
s_br-dup-param	orig@p96	10	8.25448	1	10000130	0.24	400
s_br-palindrome	orig	0	4.53321	0	100	0.24	400
s_br-palindrome	orig2	0	2.26661	0	100	0.24	400
s_br-palindrome	null	0	2.27087	0	100	0.24	400
s_br-palindrome	rev	0	2.26273	0	100	0.24	400
s_br-palindrome	orig@p16	0	4.54175	0	100	0.24	400
s_br-palindrome	orig@p32	0	2.26273	0	100	0.24	400
s_br-palindrome	orig@p48	0	4.64963	0	100	0.24	400
s_br-palindrome	orig@p64	0	2.32520	0	100	0.24	400
s_br-palindrome	orig@p80	0	2.32481	0	100	0.24	400
s_br-palindrome	orig@p96	0	4.65817	0	100	0.24	400
s_br-palindrome	orig@p112	0	2.26661	0	100	0.24	400
s_br-palindrome	rev@p16	0	2.26661	0	100	0.24	400
s_br-palindrome	rev@p32	0	4.52118	0	100	0.24	400
s_br-palindrome	rev@p48	0	2.26234	0	100	0.24	400
s_br-palindrome	rev@p64	0	2.26661	0	100	0.24	400
s_br-palindrome	rev@p80	0	2.26234	0	100	0.24	400
s_br-palindrome	rev@p96	0	4.54175	0	100	0.24	400
s_br-palindrome	rev@p112	0	2.26699	0	100	0.24	400
s_br-palindrome	orig2	1	4.53321	0	100	0.24	400
s_br-palindrome	null	1	1.81259	0	100	0.24	400
s_br-palindrome	rev	1	2.26234	0	100	0.24	400
s_br-palindrome	orig@p16	1	1.81259	0	100	0.24	400
s_br-palindrome	orig@p32	1	1.81259	0	100	0.24	400
s_br-palindrome	orig@p48	1	1.87118	0	100	0.24	400
s_br-palindrome	orig@p64	1	1.85838	0	100	0.24	400
s_br-palindrome	orig@p80	1	2.32908	0	100	0.24	400
s_br-palindrome	orig@p96	1	1.85838	0	100	0.24	400
s_br-palindrome	orig@p112	1	2.26661	0	100	0.24	400
s_br-palindrome	rev@p16	1	1.80832	0	100	0.24	400
s_br-palindrome	rev@p32	1	2.27087	0	100	0.24	400
s_br-palindrome	rev@p48	1	1.82927	0	100	0.24	400
s_br-palindrome	rev@p64	1	2.26234	0	100	0.24	400
s_br-palindrome	rev@p80	1	1.81259	0	100	0.24	400
s_br-palindrome	rev@p96	1	2.26661	0	100	0.24	400
s_br-palindrome	rev@p112	1	1.81259	0	100	0.24	400
s_br-palindrome	orig	1	1.80832	0	100	0.24	400
s_br-palindrome	null	2	1.81647	0	100	0.24	400
s_br-palindrome	rev	2	1.81259	0	100	0.24	400
s_br-palindrome	orig@p16	2	1.81686	0	100	0.24	400
s_br-palindrome	orig@p32	2	2.26234	0	100	0.24	400
s_br-palindrome	orig@p48	2	1.86226	0	100	0.24	400
s_br-palindrome	orig@p64	2	2.32093	0	100	0.24	400
s_br-palindrome	orig@p80	2	2.32093	0	100	0.24	400
s_br-palindrome	orig@p96	2	1.85838	0	100	0.24	400
s_br-palindrome	orig@p112	2	2.26661	0	100	0.24	400
s_br-palindrome	rev@p16	2	1.81259	0	100	0.24	400
s_br-palindrome	rev@p32	2	2.26699	0	100	0.24	400
s_br-palindrome	rev@p48	2	1.81220	0	100	0.24	400
s_br-palindrome	rev@p64	2	2.26234	0	100	0.24	400
s_br-palindrome	rev@p80	2	1.80832	0	100	0.24	400
s_br-palindrome	rev@p96	2	1.81259	0	100	0.24	400
s_br-palindrome	rev@p112	2	1.81220	0	100	0.24	400
s_br-palindrome	orig	2	1.81259	0	100	0.24	400
s_br-palindrome	orig2	2	2.27087	0	100	0.24	400
s_br-palindrome	rev	3	1.81259	0	100	0.24	400
s_br-palindrome	orig@p16	3	2.26661	0	100	0.24	400
s_br-palindrome	orig@p32	3	1.81259	0	100	0.24	400
s_br-palindrome	orig@p48	3	2.32520	0	100	0.24	400
s_br-palindrome	orig@p64	3	1.86265	0	100	0.24	400
s_br-palindrome	orig@p80	3	1.85876	0	100	0.24	400
s_br-palindrome	orig@p96	3	1.86265	0	100	0.24	400
s_br-palindrome	orig@p112	3	1.81220	0	100	0.24	400
s_br-palindrome	rev@p16	3	1.80832	0	100	0.24	400
s_br-palindrome	rev@p32	3	2.26661	0	100	0.24	400
s_br-palindrome	rev@p48	3	1.81259	0	100	0.24	400
s_br-palindrome	rev@p64	3	2.26234	0	100	0.24	400
s_br-palindrome	rev@p80	3	1.81259	0	100	0.24	400
s_br-palindrome	rev@p96	3	2.26661	0	100	0.24	400
s_br-palindrome	rev@p112	3	1.81259	0	100	0.24	400
s_br-palindrome	orig	3	2.26661	0	100	0.24	400
s_br-palindrome	orig2	3	2.26661	0	100	0.24	400
s_br-palindrome	null	3	2.26661	0	100	0.24	400
s_br-palindrome	orig@p16	4	1.81647	0	100	0.24	400
s_br-palindrome	orig@p32	4	2.26661	0	100	0.24	400
s_br-palindrome	orig@p48	4	1.85838	0	100	0.24	400
s_br-palindrome	orig@p64	4	2.32520	0	100	0.24	400
s_br-palindrome	orig@p80	4	1.85838	0	100	0.24	400
s_br-palindrome	orig@p96	4	2.32481	0	100	0.24	400
s_br-palindrome	orig@p112	4	1.81220	0	100	0.24	400
s_br-palindrome	rev@p16	4	1.81220	0	100	0.24	400
s_br-palindrome	rev@p32	4	1.81259	0	100	0.24	400
s_br-palindrome	rev@p48	4	1.82074	0	100	0.24	400
s_br-palindrome	rev@p64	4	2.26699	0	100	0.24	400
s_br-palindrome	rev@p80	4	1.82074	0	100	0.24	400
s_br-palindrome	rev@p96	4	1.80832	0	100	0.24	400
s_br-palindrome	rev@p112	4	2.28756	0	100	0.24	400
s_br-palindrome	orig	4	4.53321	0	100	0.24	400
s_br-palindrome	orig2	4	4.54175	0	100	0.24	400
s_br-palindrome	null	4	2.26661	0	100	0.24	400
s_br-palindrome	rev	4	4.52933	0	100	0.24	400
s_br-palindrome	orig@p32	5	1.81259	0	100	0.24	400
s_br-palindrome	orig@p48	5	4.65002	0	100	0.24	400
s_br-palindrome	orig@p64	5	1.86265	0	100	0.24	400
s_br-palindrome	orig@p80	5	2.32481	0	100	0.24	400
s_br-palindrome	orig@p96	5	4.64575	0	100	0.24	400
s_br-palindrome	orig@p112	5	4.84986	0	100	0.24	400
s_br-palindrome	rev@p16	5	4.52933	0	100	0.24	400
s_br-palindrome	rev@p32	5	4.84171	0	100	0.24	400
s_br-palindrome	rev@p48	5	1.81259	0	100	0.24	400
s_br-palindrome	rev@p64	5	2.19598	0	100	0.24	400
s_br-palindrome	rev@p80	5	1.80832	0	100	0.24	400
s_br-palindrome	rev@p96	5	4.85840	0	100	0.24	400
s_br-palindrome	rev@p112	5	4.52933	0	100	0.24	400
s_br-palindrome	orig	5	4.84598	0	100	0.24	400
s_br-palindrome	orig2	5	4.53321	0	100	0.24	400
s_br-palindrome	null	5	2.19598	0	100	0.24	400
s_br-palindrome	rev	5	1.80832	0	100	0.24	400
s_br-palindrome	orig@p16	5	4.84986	0	100	0.24	400
s_br-palindrome	orig@p48	6	4.66670	0	100	0.24	400
s_br-palindrome	orig@p64	6	4.96667	0	100	0.24	400
s_br-palindrome	orig@p80	6	4.65040	0	100	0.24	400
s_br-palindrome	orig@p96	6	2.25846	0	100	0.24	400
s_br-palindrome	orig@p112	6	1.81647	0	100	0.24	400
s_br-palindrome	rev@p16	6	4.84986	0	100	0.24	400
s_br-palindrome	rev@p32	6	4.47112	0	100	0.24	400
s_br-palindrome	rev@p48	6	4.84598	0	100	0.24	400
s_br-palindrome	rev@p64	6	4.46686	0	100	0.24	400
s_br-palindrome	rev@p80	6	2.20413	0	100	0.24	400
s_br-palindrome	rev@p96	6	4.47578	0	100	0.24	400
s_br-palindrome	rev@p112	6	4.84171	0	100	0.24	400
s_br-palindrome	orig	6	4.47500	0	100	0.24	400
s_br-palindrome	orig2	6	4.83744	0	100	0.24	400
s_br-palindrome	null	6	14.23333	0	100	0.24	400
s_br-palindrome	rev	6	2.20413	0	100	0.24	400
s_br-palindrome	orig@p16	6	4.47074	0	100	0.24	400
s_br-palindrome	orig@p32	6	4.83744	0	100	0.24	400
s_br-palindrome	orig@p64	7	4.58754	0	100	0.24	400
s_br-palindrome	orig@p80	7	4.97093	0	100	0.24	400
s_br-palindrome	orig@p96	7	4.58754	0	100	0.24	400
s_br-palindrome	orig@p112	7	2.20413	0	100	0.24	400
s_br-palindrome	rev@p16	7	4.46686	0	100	0.24	400
s_br-palindrome	rev@p32	7	4.84171	0	100	0.24	400
s_br-palindrome	rev@p48	7	4.48315	0	100	0.24	400
s_br-palindrome	rev@p64	7	4.84133	0	100	0.24	400
s_br-palindrome	rev@p80	7	4.46686	0	100	0.24	400
s_br-palindrome	rev@p96	7	2.20413	0	100	0.24	400
s_br-palindrome	rev@p112	7	4.46686	0	100	0.24	400
s_br-palindrome	orig	7	4.83744	0	100	0.24	400
s_br-palindrome	orig2	7	4.47500	0	100	0.24	400
s_br-palindrome	null	7	7.39160	0	100	0.24	400
s_br-palindrome	rev	7	4.48315	0	100	0.24	400
s_br-palindrome	orig@p16	7	2.20025	0	100	0.24	400
s_br-palindrome	orig@p32	7	4.49130	0	100	0.24	400
s_br-palindrome	orig@p48	7	4.96667	0	100	0.24	400
s_br-palindrome	orig@p80	8	4.58754	0	100	0.24	400
s_br-palindrome	orig@p96	8	5.00392	0	100	0.24	400
s_br-palindrome	orig@p112	8	4.47074	0	100	0.24	400
s_br-palindrome	rev@p16	8	2.20025	0	100	0.24	400
s_br-palindrome	rev@p32	8	4.46647	0	100	0.24	400
s_br-palindrome	rev@p48	8	4.47500	0	100	0.24	400
s_br-palindrome	rev@p64	8	4.84171	0	100	0.24	400
s_br-palindrome	rev@p80	8	4.47539	0	100	0.24	400
s_br-palindrome	rev@p96	8	4.83744	0	100	0.24	400
s_br-palindrome	rev@p112	8	4.46647	0	100	0.24	400
s_br-palindrome	orig	8	2.20413	0	100	0.24	400
s_br-palindrome	orig2	8	4.47074	0	100	0.24	400
s_br-palindrome	null	8	4.85840	0	100	0.24	400
s_br-palindrome	rev	8	4.47889	0	100	0.24	400
s_br-palindrome	orig@p16	8	4.47074	0	100	0.24	400
s_br-palindrome	orig@p32	8	4.84559	0	100	0.24	400
s_br-palindrome	orig@p48	8	4.59142	0	100	0.24	400
s_br-palindrome	orig@p64	8	2.25807	0	100	0.24	400
s_br-palindrome	orig@p96	9	4.58754	0	100	0.24	400
s_br-palindrome	orig@p112	9	4.47500	0	100	0.24	400
s_br-palindrome	rev@p16	9	4.84598	0	100	0.24	400
s_br-palindrome	rev@p32	9	4.46259	0	100	0.24	400
s_br-palindrome	rev@p48	9	4.83744	0	100	0.24	400
s_br-palindrome	rev@p64	9	4.47500	0	100	0.24	400
s_br-palindrome	rev@p80	9	3.97481	0	100	0.24	400
s_br-palindrome	rev@p96	9	4.00896	0	100	0.24	400
s_br-palindrome	rev@p112	9	3.97481	0	100	0.24	400
s_br-palindrome	orig	9	3.97908	0	100	0.24	400
s_br-palindrome	orig2	9	3.99964	0	100	0.24	400
s_br-palindrome	null	9	3.97520	0	100	0.24	400
s_br-palindrome	rev	9	3.97093	0	100	0.24	400
s_br-palindrome	orig@p16	9	3.97481	0	100	0.24	400
s_br-palindrome	orig@p32	9	4.00469	0	100	0.24	400
s_br-palindrome	orig@p48	9	4.08346	0	100	0.24	400
s_br-palindrome	orig@p64	9	4.09976	0	100	0.24	400
s_br-palindrome	orig@p80	9	4.08734	0	100	0.24	400
s_br-palindrome	orig@p112	10	3.97520	0	100	0.24	400
s_br-palindrome	rev@p16	10	3.97520	0	100	0.24	400
s_br-palindrome	rev@p32	10	3.97093	0	100	0.24	400
s_br-palindrome	rev@p48	10	3.99149	0	100	0.24	400
s_br-palindrome	rev@p64	10	3.98722	0	100	0.24	400
s_br-palindrome	rev@p80	10	3.97093	0	100	0.24	400
s_br-palindrome	rev@p96	10	8.66673	0	100	0.24	400
s_br-palindrome	rev@p112	10	3.97520	0	100	0.24	400
s_br-palindrome	orig	10	3.97908	0	100	0.24	400
s_br-palindrome	orig2	10	3.97908	0	100	0.24	400
s_br-palindrome	null	10	3.97558	0	100	0.24	400
s_br-palindrome	rev	10	3.97520	0	100	0.24	400
s_br-palindrome	orig@p16	10	3.98334	0	100	0.24	400
s_br-palindrome	orig@p32	10	3.98334	0	100	0.24	400
s_br-palindrome	orig@p48	10	4.07919	0	100	0.24	400
s_br-palindrome	orig@p64	10	4.08346	0	100	0.24	400
s_br-palindrome	orig@p80	10	4.07958	0	100	0.24	400
s_br-palindrome	orig@p96	10	4.07919	0	100	0.24	400
s_br-quoted-delim	orig	0	1.58837	0	100	0.24	400
s_br-quoted-delim	orig2	0	1.59179	0	100	0.24	400
s_br-quoted-delim	null	0	1.59163	0	100	0.24	400
s_br-quoted-delim	rev	0	1.58837	0	100	0.24	400
s_br-quoted-delim	orig@p16	0	1.59008	0	100	0.24	400
s_br-quoted-delim	orig@p32	0	1.64503	0	100	0.24	400
s_br-quoted-delim	orig@p48	0	1.62671	0	100	0.24	400
s_br-quoted-delim	orig@p64	0	1.63012	0	100	0.24	400
s_br-quoted-delim	orig@p80	0	1.63338	0	100	0.24	400
s_br-quoted-delim	orig@p96	0	1.63168	0	100	0.24	400
s_br-quoted-delim	orig@p112	0	1.58992	0	100	0.24	400
s_br-quoted-delim	rev@p16	0	1.59008	0	100	0.24	400
s_br-quoted-delim	rev@p32	0	1.58837	0	100	0.24	400
s_br-quoted-delim	rev@p48	0	1.59008	0	100	0.24	400
s_br-quoted-delim	rev@p64	0	1.59163	0	100	0.24	400
s_br-quoted-delim	rev@p80	0	1.59008	0	100	0.24	400
s_br-quoted-delim	rev@p96	0	1.59179	0	100	0.24	400
s_br-quoted-delim	rev@p112	0	1.81499	0	100	0.24	400
s_br-quoted-delim	orig2	1	1.94336	0	100	0.24	400
s_br-quoted-delim	null	1	0.87839	0	100	0.24	400
s_br-quoted-delim	rev	1	1.94507	0	100	0.24	400
s_br-quoted-delim	orig@p16	1	0.88181	0	100	0.24	400
s_br-quoted-delim	orig@p32	1	1.93653	0	100	0.24	400
s_br-quoted-delim	orig@p48	1	1.83331	0	100	0.24	400
s_br-quoted-delim	orig@p64	1	1.83331	0	100	0.24	400
s_br-quoted-delim	orig@p80	1	1.83502	0	100	0.24	400
s_br-quoted-delim	orig@p96	1	1.83672	0	100	0.24	400
s_br-quoted-delim	orig@p112	1	1.79155	0	100	0.24	400
s_br-quoted-delim	rev@p16	1	1.78829	0	100	0.24	400
s_br-quoted-delim	rev@p32	1	1.79171	0	100	0.24	400
s_br-quoted-delim	rev@p48	1	1.78829	0	100	0.24	400
s_br-quoted-delim	rev@p64	1	1.79000	0	100	0.24	400
s_br-quoted-delim	rev@p80	1	1.79342	0	100	0.24	400
s_br-quoted-delim	rev@p96	1	1.78503	0	100	0.24	400
s_br-quoted-delim	rev@p112	1	1.79000	0	100	0.24	400
s_br-quoted-delim	orig	1	1.93994	0	100	0.24	400
s_br-quoted-delim	null	2	1.93669	0	100	0.24	400
s_br-quoted-delim	rev	2	1.93839	0	100	0.24	400
s_br-quoted-delim	orig@p16	2	1.94320	0	100	0.24	400
s_br-quoted-delim	orig@p32	2	1.93498	0	100	0.24	400
s_br-quoted-delim	orig@p48	2	1.98837	0	100	0.24	400
s_br-quoted-delim	orig@p64	2	1.99489	0	100	0.24	400
s_br-quoted-delim	orig@p80	2	1.99660	0	100	0.24	400
s_br-quoted-delim	orig@p96	2	1.98325	0	100	0.24	400
s_br-quoted-delim	orig@p112	2	1.93498	0	100	0.24	400
s_br-quoted-delim	rev@p16	2	1.99676	0	100	0.24	400
s_br-quoted-delim	rev@p32	2	1.94165	0	100	0.24	400
s_br-quoted-delim	rev@p48	2	1.93669	0	100	0.24	400
s_br-quoted-delim	rev@p64	2	1.94165	0	100	0.24	400
s_br-quoted-delim	rev@p80	2	1.94677	0	100	0.24	400
s_br-quoted-delim	rev@p96	2	1.93824	0	100	0.24	400
s_br-quoted-delim	rev@p112	2	1.81670	0	100	0.24	400
s_br-quoted-delim	orig	2	0.87824	0	100	0.24	400
s_br-quoted-delim	orig2	2	0.72674	0	100	0.24	400
s_br-quoted-delim	rev	3	1.93839	0	100	0.24	400
s_br-quoted-delim	orig@p16	3	1.82167	0	100	0.24	400
s_br-quoted-delim	orig@p32	3	1.94181	0	100	0.24	400
s_br-quoted-delim	orig@p48	3	0.90168	0	100	0.24	400
s_br-quoted-delim	orig@p64	3	0.90168	0	100	0.24	400
s_br-quoted-delim	orig@p80	3	1.98667	0	100	0.24	400
s_br-quoted-delim	orig@p96	3	1.98667	0	100	0.24	400
s_br-quoted-delim	orig@p112	3	1.93653	0	100	0.24	400
s_br-quoted-delim	rev@p16	3	1.78829	0	100	0.24	400
s_br-quoted-delim	rev@p32	3	0.88351	0	100	0.24	400
s_br-quoted-delim	rev@p48	3	1.79000	0	100	0.24	400
s_br-quoted-delim	rev@p64	3	1.93513	0	100	0.24	400
s_br-quoted-delim	rev@p80	3	1.79016	0	100	0.24	400
s_br-quoted-delim	rev@p96	3	1.93498	0	100	0.24	400
s_br-quoted-delim	rev@p112	3	1.78829	0	100	0.24	400
s_br-quoted-delim	orig	3	1.78659	0	100	0.24	400
s_br-quoted-delim	orig2	3	1.79668	0	100	0.24	400
s_br-quoted-delim	null	3	1.63183	0	100	0.24	400
s_br-quoted-delim	orig@p16	4	1.59163	0	100	0.24	400
s_br-quoted-delim	orig@p32	4	1.59163	0	100	0.24	400
s_br-quoted-delim	orig@p48	4	1.63494	0	100	0.24	400
s_br-quoted-delim	orig@p64	4	1.62997	0	100	0.24	400
s_br-quoted-delim	orig@p80	4	1.63509	0	100	0.24	400
s_br-quoted-delim	orig@p96	4	1.63509	0	100	0.24	400
s_br-quoted-delim	orig@p112	4	1.59505	0	100	0.24	400
s_br-quoted-delim	rev@p16	4	1.58992	0	100	0.24	400
s_br-quoted-delim	rev@p32	4	1.59163	0	100	0.24	400
s_br-quoted-delim	rev@p48	4	1.58822	0	100	0.24	400
s_br-quoted-delim	rev@p64	4	1.59008	0	100	0.24	400
s_br-quoted-delim	rev@p80	4	1.58992	0	100	0.24	400
s_br-quoted-delim	rev@p96	4	1.58992	0	100	0.24	400
s_br-quoted-delim	rev@p112	4	1.59163	0	100	0.24	400
s_br-quoted-delim	orig	4	1.58837	0	100	0.24	400
s_br-quoted-delim	orig2	4	1.58992	0	100	0.24	400
s_br-quoted-delim	null	4	1.58992	0	100	0.24	400
s_br-quoted-delim	rev	4	1.59008	0	100	0.24	400
s_br-quoted-delim	orig@p32	5	1.58992	0	100	0.24	400
s_br-quoted-delim	orig@p48	5	1.63664	0	100	0.24	400
s_br-quoted-delim	orig@p64	5	1.62671	0	100	0.24	400
s_br-quoted-delim	orig@p80	5	1.63509	0	100	0.24	400
s_br-quoted-delim	orig@p96	5	1.63664	0	100	0.24	400
s_br-quoted-delim	orig@p112	5	1.59334	0	100	0.24	400
s_br-quoted-delim	rev@p16	5	1.59334	0	100	0.24	400
s_br-quoted-delim	rev@p32	5	1.58666	0	100	0.24	400
s_br-quoted-delim	rev@p48	5	1.58992	0	100	0.24	400
s_br-quoted-delim	rev@p64	5	1.59163	0	100	0.24	400
s_br-quoted-delim	rev@p80	5	1.58992	0	100	0.24	400
s_br-quoted-delim	rev@p96	5	1.58837	0	100	0.24	400
s_br-quoted-delim	rev@p112	5	1.59023	0	100	0.24	400
s_br-quoted-delim	orig	5	1.59334	0	100	0.24	400
s_br-quoted-delim	orig2	5	1.58992	0	100	0.24	400
s_br-quoted-delim	null	5	1.59008	0	100	0.24	400
s_br-quoted-delim	rev	5	1.58837	0	100	0.24	400
s_br-quoted-delim	orig@p16	5	1.59163	0	100	0.24	400
s_br-quoted-delim	orig@p48	6	1.63323	0	100	0.24	400
s_br-quoted-delim	orig@p64	6	1.63168	0	100	0.24	400
s_br-quoted-delim	orig@p80	6	1.63323	0	100	0.24	400
s_br-quoted-delim	orig@p96	6	1.63168	0	100	0.24	400
s_br-quoted-delim	orig@p112	6	1.59163	0	100	0.24	400
s_br-quoted-delim	rev@p16	6	1.58837	0	100	0.24	400
s_br-quoted-delim	rev@p32	6	1.59489	0	100	0.24	400
s_br-quoted-delim	rev@p48	6	1.59008	0	100	0.24	400
s_br-quoted-delim	rev@p64	6	1.58992	0	100	0.24	400
s_br-quoted-delim	rev@p80	6	1.59163	0	100	0.24	400
s_br-quoted-delim	rev@p96	6	1.59675	0	100	0.24	400
s_br-quoted-delim	rev@p112	6	1.58853	0	100	0.24	400
s_br-quoted-delim	orig	6	1.58837	0	100	0.24	400
s_br-quoted-delim	orig2	6	1.59179	0	100	0.24	400
s_br-quoted-delim	null	6	1.58992	0	100	0.24	400
s_br-quoted-delim	rev	6	1.58992	0	100	0.24	400
s_br-quoted-delim	orig@p16	6	1.58992	0	100	0.24	400
s_br-quoted-delim	orig@p32	6	1.59179	0	100	0.24	400
s_br-quoted-delim	orig@p64	7	1.63664	0	100	0.24	400
s_br-quoted-delim	orig@p80	7	1.63168	0	100	0.24	400
s_br-quoted-delim	orig@p96	7	1.63494	0	100	0.24	400
s_br-quoted-delim	orig@p112	7	1.59660	0	100	0.24	400
s_br-quoted-delim	rev@p16	7	1.58992	0	100	0.24	400
s_br-quoted-delim	rev@p32	7	1.58837	0	100	0.24	400
s_br-quoted-delim	rev@p48	7	1.59334	0	100	0.24	400
s_br-quoted-delim	rev@p64	7	1.59008	0	100	0.24	400
s_br-quoted-delim	rev@p80	7	1.59163	0	100	0.24	400
s_br-quoted-delim	rev@p96	7	1.58992	0	100	0.24	400
s_br-quoted-delim	rev@p112	7	1.60327	0	100	0.24	400
s_br-quoted-delim	orig	7	0.87994	0	100	0.24	400
s_br-quoted-delim	orig2	7	1.58992	0	100	0.24	400
s_br-quoted-delim	null	7	0.87994	0	100	0.24	400
s_br-quoted-delim	rev	7	1.59163	0	100	0.24	400
s_br-quoted-delim	orig@p16	7	1.93669	0	100	0.24	400
s_br-quoted-delim	orig@p32	7	1.58837	0	100	0.24	400
s_br-quoted-delim	orig@p48	7	0.90323	0	100	0.24	400
s_br-quoted-delim	orig@p80	8	1.63012	0	100	0.24	400
s_br-quoted-delim	orig@p96	8	0.90338	0	100	0.24	400
s_br-quoted-delim	orig@p112	8	1.59489	0	100	0.24	400
s_br-quoted-delim	rev@p16	8	1.59505	0	100	0.24	400
s_br-quoted-delim	rev@p32	8	1.93839	0	100	0.24	400
s_br-quoted-delim	rev@p48	8	1.59008	0	100	0.24	400
s_br-quoted-delim	rev@p64	8	0.88165	0	100	0.24	400
s_br-quoted-delim	rev@p80	8	1.58822	0	100	0.24	400
s_br-quoted-delim	rev@p96	8	0.87994	0	100	0.24	400
s_br-quoted-delim	rev@p112	8	1.59163	0	100	0.24	400
s_br-quoted-delim	orig	8	1.93343	0	100	0.24	400
s_br-quoted-delim	orig2	8	1.58837	0	100	0.24	400
s_br-quoted-delim	null	8	0.88336	0	100	0.24	400
s_br-quoted-delim	rev	8	1.59334	0	100	0.24	400
s_br-quoted-delim	orig@p16	8	0.87824	0	100	0.24	400
s_br-quoted-delim	orig@p32	8	1.59163	0	100	0.24	400
s_br-quoted-delim	orig@p48	8	1.99163	0	100	0.24	400
s_br-quoted-delim	orig@p64	8	1.63338	0	100	0.24	400
s_br-quoted-delim	orig@p96	9	1.98837	0	100	0.24	400
s_br-quoted-delim	orig@p112	9	1.59008	0	100	0.24	400
s_br-quoted-delim	rev@p16	9	0.88165	0	100	0.24	400
s_br-quoted-delim	rev@p32	9	1.58837	0	100	0.24	400
s_br-quoted-delim	rev@p48	9	1.93669	0	100	0.24	400
s_br-quoted-delim	rev@p64	9	1.59163	0	100	0.24	400
s_br-quoted-delim	rev@p80	9	1.93824	0	100	0.24	400
s_br-quoted-delim	rev@p96	9	1.59489	0	100	0.24	400
s_br-quoted-delim	rev@p112	9	0.87994	0	100	0.24	400
s_br-quoted-delim	orig	9	1.58992	0	100	0.24	400
s_br-quoted-delim	orig2	9	1.93839	0	100	0.24	400
s_br-quoted-delim	null	9	1.58837	0	100	0.24	400
s_br-quoted-delim	rev	9	1.93669	0	100	0.24	400
s_br-quoted-delim	orig@p16	9	1.93994	0	100	0.24	400
s_br-quoted-delim	orig@p32	9	1.94165	0	100	0.24	400
s_br-quoted-delim	orig@p48	9	1.98667	0	100	0.24	400
s_br-quoted-delim	orig@p64	9	1.98667	0	100	0.24	400
s_br-quoted-delim	orig@p80	9	1.98667	0	100	0.24	400
s_br-quoted-delim	orig@p112	10	1.93994	0	100	0.24	400
s_br-quoted-delim	rev@p16	10	6.70506	0	100	0.24	400
s_br-quoted-delim	rev@p32	10	1.93994	0	100	0.24	400
s_br-quoted-delim	rev@p48	10	1.93498	0	100	0.24	400
s_br-quoted-delim	rev@p64	10	1.93669	0	100	0.24	400
s_br-quoted-delim	rev@p80	10	1.94507	0	100	0.24	400
s_br-quoted-delim	rev@p96	10	1.93669	0	100	0.24	400
s_br-quoted-delim	rev@p112	10	1.93653	0	100	0.24	400
s_br-quoted-delim	orig	10	1.93855	0	100	0.24	400
s_br-quoted-delim	orig2	10	1.93669	0	100	0.24	400
s_br-quoted-delim	null	10	1.93994	0	100	0.24	400
s_br-quoted-delim	rev	10	1.93498	0	100	0.24	400
s_br-quoted-delim	orig@p16	10	1.93839	0	100	0.24	400
s_br-quoted-delim	orig@p32	10	1.93669	0	100	0.24	400
s_br-quoted-delim	orig@p48	10	1.98496	0	100	0.24	400
s_br-quoted-delim	orig@p64	10	1.99008	0	100	0.24	400
s_br-quoted-delim	orig@p80	10	1.98837	0	100	0.24	400
s_br-quoted-delim	orig@p96	10	1.98667	0	100	0.24	400
s_br-tag-mismatch	orig	0	2.83428	0	100	0.24	400
s_br-tag-mismatch	orig2	0	1.53154	0	100	0.24	400
s_br-tag-mismatch	null	0	1.53570	0	100	0.24	400
s_br-tag-mismatch	rev	0	1.53154	0	100	0.24	400
s_br-tag-mismatch	orig@p16	0	1.52896	0	100	0.24	400
s_br-tag-mismatch	orig@p32	0	1.52761	0	100	0.24	400
s_br-tag-mismatch	orig@p48	0	1.56842	0	100	0.24	400
s_br-tag-mismatch	orig@p64	0	1.56707	0	100	0.24	400
s_br-tag-mismatch	orig@p80	0	1.56965	0	100	0.24	400
s_br-tag-mismatch	orig@p96	0	1.56707	0	100	0.24	400
s_br-tag-mismatch	orig@p112	0	1.52896	0	100	0.24	400
s_br-tag-mismatch	rev@p16	0	1.52896	0	100	0.24	400
s_br-tag-mismatch	rev@p32	0	1.52896	0	100	0.24	400
s_br-tag-mismatch	rev@p48	0	1.53423	0	100	0.24	400
s_br-tag-mismatch	rev@p64	0	0.57105	0	100	0.24	400
s_br-tag-mismatch	rev@p80	0	0.69874	0	100	0.24	400
s_br-tag-mismatch	rev@p96	0	0.57509	0	100	0.24	400
s_br-tag-mismatch	rev@p112	0	1.53031	0	100	0.24	400
s_br-tag-mismatch	orig2	1	1.43019	0	100	0.24	400
s_br-tag-mismatch	null	1	1.53423	0	100	0.24	400
s_br-tag-mismatch	rev	1	1.43289	0	100	0.24	400
s_br-tag-mismatch	orig@p16	1	1.41463	0	100	0.24	400
s_br-tag-mismatch	orig@p32	1	1.42884	0	100	0.24	400
s_br-tag-mismatch	orig@p48	1	1.44870	0	100	0.24	400
s_br-tag-mismatch	orig@p64	1	0.58808	0	100	0.24	400
s_br-tag-mismatch	orig@p80	1	1.44735	0	100	0.24	400
s_br-tag-mismatch	orig@p96	1	1.46843	0	100	0.24	400
s_br-tag-mismatch	orig@p112	1	1.41206	0	100	0.24	400
s_br-tag-mismatch	rev@p16	1	0.57240	0	100	0.24	400
s_br-tag-mismatch	rev@p32	1	1.41059	0	100	0.24	400
s_br-tag-mismatch	rev@p48	1	1.43154	0	100	0.24	400
s_br-tag-mismatch	rev@p64	1	1.41316	0	100	0.24	400
s_br-tag-mismatch	rev@p80	1	0.57227	0	100	0.24	400
s_br-tag-mismatch	rev@p96	1	1.41978	0	100	0.24	400
s_br-tag-mismatch	rev@p112	1	1.43166	0	100	0.24	400
s_br-tag-mismatch	orig	1	1.41181	0	100	0.24	400
s_br-tag-mismatch	null	2	1.41586	0	100	0.24	400
s_br-tag-mismatch	rev	2	1.41451	0	100	0.24	400
s_br-tag-mismatch	orig@p16	2	1.25532	0	100	0.24	400
s_br-tag-mismatch	orig@p32	2	1.25925	0	100	0.24	400
s_br-tag-mismatch	orig@p48	2	1.28939	0	100	0.24	400
s_br-tag-mismatch	orig@p64	2	1.28817	0	100	0.24	400
s_br-tag-mismatch	orig@p80	2	1.28951	0	100	0.24	400
s_br-tag-mismatch	orig@p96	2	1.28682	0	100	0.24	400
s_br-tag-mismatch	orig@p112	2	1.25520	0	100	0.24	400
s_br-tag-mismatch	rev@p16	2	1.25398	0	100	0.24	400
s_br-tag-mismatch	rev@p32	2	1.25520	0	100	0.24	400
s_br-tag-mismatch	rev@p48	2	1.25520	0	100	0.24	400
s_br-tag-mismatch	rev@p64	2	1.25790	0	100	0.24	400
s_br-tag-mismatch	rev@p80	2	1.25532	0	100	0.24	400
s_br-tag-mismatch	rev@p96	2	1.25655	0	100	0.24	400
s_br-tag-mismatch	rev@p112	2	1.25655	0	100	0.24	400
s_br-tag-mismatch	orig	2	1.25532	0	100	0.24	400
s_br-tag-mismatch	orig2	2	1.25655	0	100	0.24	400
s_br-tag-mismatch	rev	3	1.25655	0	100	0.24	400
s_br-tag-mismatch	orig@p16	3	1.25398	0	100	0.24	400
s_br-tag-mismatch	orig@p32	3	1.25532	0	100	0.24	400
s_br-tag-mismatch	orig@p48	3	5.17239	0	100	0.24	400
s_br-tag-mismatch	orig@p64	3	1.28682	0	100	0.24	400
s_br-tag-mismatch	orig@p80	3	1.33547	0	100	0.24	400
s_br-tag-mismatch	orig@p96	3	1.28939	0	100	0.24	400
s_br-tag-mismatch	orig@p112	3	1.25520	0	100	0.24	400
s_br-tag-mismatch	rev@p16	3	1.25520	0	100	0.24	400
s_br-tag-mismatch	rev@p32	3	1.25520	0	100	0.24	400
s_br-tag-mismatch	rev@p48	3	1.25790	0	100	0.24	400
s_br-tag-mismatch	rev@p64	3	1.25520	0	100	0.24	400
s_br-tag-mismatch	rev@p80	3	1.25655	0	100	0.24	400
s_br-tag-mismatch	rev@p96	3	1.25398	0	100	0.24	400
s_br-tag-mismatch	rev@p112	3	1.25790	0	100	0.24	400
s_br-tag-mismatch	orig	3	1.25520	0	100	0.24	400
s_br-tag-mismatch	orig2	3	1.25802	0	100	0.24	400
s_br-tag-mismatch	null	3	1.25655	0	100	0.24	400
s_br-tag-mismatch	orig@p16	4	1.25532	0	100	0.24	400
s_br-tag-mismatch	orig@p32	4	1.25520	0	100	0.24	400
s_br-tag-mismatch	orig@p48	4	1.28694	0	100	0.24	400
s_br-tag-mismatch	orig@p64	4	1.28559	0	100	0.24	400
s_br-tag-mismatch	orig@p80	4	1.29209	0	100	0.24	400
s_br-tag-mismatch	orig@p96	4	1.28424	0	100	0.24	400
s_br-tag-mismatch	orig@p112	4	1.25790	0	100	0.24	400
s_br-tag-mismatch	rev@p16	4	1.66842	0	100	0.24	400
s_br-tag-mismatch	rev@p32	4	1.25398	0	100	0.24	400
s_br-tag-mismatch	rev@p48	4	1.25398	0	100	0.24	400
s_br-tag-mismatch	rev@p64	4	1.25532	0	100	0.24	400
s_br-tag-mismatch	rev@p80	4	1.25532	0	100	0.24	400
s_br-tag-mismatch	rev@p96	4	1.25520	0	100	0.24	400
s_br-tag-mismatch	rev@p112	4	1.25520	0	100	0.24	400
s_br-tag-mismatch	orig	4	1.25667	0	100	0.24	400
s_br-tag-mismatch	orig2	4	1.25520	0	100	0.24	400
s_br-tag-mismatch	null	4	1.25925	0	100	0.24	400
s_br-tag-mismatch	rev	4	1.25398	0	100	0.24	400
s_br-tag-mismatch	orig@p32	5	1.25532	0	100	0.24	400
s_br-tag-mismatch	orig@p48	5	1.32236	0	100	0.24	400
s_br-tag-mismatch	orig@p64	5	1.28951	0	100	0.24	400
s_br-tag-mismatch	orig@p80	5	1.29086	0	100	0.24	400
s_br-tag-mismatch	orig@p96	5	1.28964	0	100	0.24	400
s_br-tag-mismatch	orig@p112	5	1.25655	0	100	0.24	400
s_br-tag-mismatch	rev@p16	5	1.25398	0	100	0.24	400
s_br-tag-mismatch	rev@p32	5	1.25655	0	100	0.24	400
s_br-tag-mismatch	rev@p48	5	1.25410	0	100	0.24	400
s_br-tag-mismatch	rev@p64	5	1.25655	0	100	0.24	400
s_br-tag-mismatch	rev@p80	5	1.25520	0	100	0.24	400
s_br-tag-mismatch	rev@p96	5	1.25520	0	100	0.24	400
s_br-tag-mismatch	rev@p112	5	1.25520	0	100	0.24	400
s_br-tag-mismatch	orig	5	1.25655	0	100	0.24	400
s_br-tag-mismatch	orig2	5	1.25520	0	100	0.24	400
s_br-tag-mismatch	null	5	1.25655	0	100	0.24	400
s_br-tag-mismatch	rev	5	1.25655	0	100	0.24	400
s_br-tag-mismatch	orig@p16	5	1.25532	0	100	0.24	400
s_br-tag-mismatch	orig@p48	6	1.29613	0	100	0.24	400
s_br-tag-mismatch	orig@p64	6	1.28951	0	100	0.24	400
s_br-tag-mismatch	orig@p80	6	1.29344	0	100	0.24	400
s_br-tag-mismatch	orig@p96	6	1.28951	0	100	0.24	400
s_br-tag-mismatch	orig@p112	6	1.25790	0	100	0.24	400
s_br-tag-mismatch	rev@p16	6	1.25532	0	100	0.24	400
s_br-tag-mismatch	rev@p32	6	1.25912	0	100	0.24	400
s_br-tag-mismatch	rev@p48	6	1.25520	0	100	0.24	400
s_br-tag-mismatch	rev@p64	6	1.25532	0	100	0.24	400
s_br-tag-mismatch	rev@p80	6	1.25667	0	100	0.24	400
s_br-tag-mismatch	rev@p96	6	1.25398	0	100	0.24	400
s_br-tag-mismatch	rev@p112	6	1.25398	0	100	0.24	400
s_br-tag-mismatch	orig	6	1.25655	0	100	0.24	400
s_br-tag-mismatch	orig2	6	1.25398	0	100	0.24	400
s_br-tag-mismatch	null	6	1.25263	0	100	0.24	400
s_br-tag-mismatch	rev	6	1.25790	0	100	0.24	400
s_br-tag-mismatch	orig@p16	6	3.76843	0	100	0.24	400
s_br-tag-mismatch	orig@p32	6	1.25520	0	100	0.24	400
s_br-tag-mismatch	orig@p64	7	1.28817	0	100	0.24	400
s_br-tag-mismatch	orig@p80	7	1.28817	0	100	0.24	400
s_br-tag-mismatch	orig@p96	7	1.28951	0	100	0.24	400
s_br-tag-mismatch	orig@p112	7	1.25532	0	100	0.24	400
s_br-tag-mismatch	rev@p16	7	1.25655	0	100	0.24	400
s_br-tag-mismatch	rev@p32	7	1.25385	0	100	0.24	400
s_br-tag-mismatch	rev@p48	7	1.25520	0	100	0.24	400
s_br-tag-mismatch	rev@p64	7	1.25667	0	100	0.24	400
s_br-tag-mismatch	rev@p80	7	1.25532	0	100	0.24	400
s_br-tag-mismatch	rev@p96	7	1.25532	0	100	0.24	400
s_br-tag-mismatch	rev@p112	7	1.25520	0	100	0.24	400
s_br-tag-mismatch	orig	7	1.25655	0	100	0.24	400
s_br-tag-mismatch	orig2	7	1.25263	0	100	0.24	400
s_br-tag-mismatch	null	7	1.25385	0	100	0.24	400
s_br-tag-mismatch	rev	7	1.25398	0	100	0.24	400
s_br-tag-mismatch	orig@p16	7	1.25790	0	100	0.24	400
s_br-tag-mismatch	orig@p32	7	1.25655	0	100	0.24	400
s_br-tag-mismatch	orig@p48	7	1.28694	0	100	0.24	400
s_br-tag-mismatch	orig@p80	8	1.28804	0	100	0.24	400
s_br-tag-mismatch	orig@p96	8	1.28817	0	100	0.24	400
s_br-tag-mismatch	orig@p112	8	1.25790	0	100	0.24	400
s_br-tag-mismatch	rev@p16	8	1.25655	0	100	0.24	400
s_br-tag-mismatch	rev@p32	8	1.25532	0	100	0.24	400
s_br-tag-mismatch	rev@p48	8	1.25532	0	100	0.24	400
s_br-tag-mismatch	rev@p64	8	1.25655	0	100	0.24	400
s_br-tag-mismatch	rev@p80	8	1.25520	0	100	0.24	400
s_br-tag-mismatch	rev@p96	8	1.25655	0	100	0.24	400
s_br-tag-mismatch	rev@p112	8	1.25398	0	100	0.24	400
s_br-tag-mismatch	orig	8	1.25667	0	100	0.24	400
s_br-tag-mismatch	orig2	8	1.26966	0	100	0.24	400
s_br-tag-mismatch	null	8	1.25655	0	100	0.24	400
s_br-tag-mismatch	rev	8	1.25532	0	100	0.24	400
s_br-tag-mismatch	orig@p16	8	1.25912	0	100	0.24	400
s_br-tag-mismatch	orig@p32	8	1.25532	0	100	0.24	400
s_br-tag-mismatch	orig@p48	8	1.28817	0	100	0.24	400
s_br-tag-mismatch	orig@p64	8	1.28939	0	100	0.24	400
s_br-tag-mismatch	orig@p96	9	1.28817	0	100	0.24	400
s_br-tag-mismatch	orig@p112	9	1.25385	0	100	0.24	400
s_br-tag-mismatch	rev@p16	9	1.25778	0	100	0.24	400
s_br-tag-mismatch	rev@p32	9	1.25790	0	100	0.24	400
s_br-tag-mismatch	rev@p48	9	1.25398	0	100	0.24	400
s_br-tag-mismatch	rev@p64	9	1.35397	0	100	0.24	400
s_br-tag-mismatch	rev@p80	9	1.43693	0	100	0.24	400
s_br-tag-mismatch	rev@p96	9	1.26317	0	100	0.24	400
s_br-tag-mismatch	rev@p112	9	1.25263	0	100	0.24	400
s_br-tag-mismatch	orig	9	1.25667	0	100	0.24	400
s_br-tag-mismatch	orig2	9	1.25667	0	100	0.24	400
s_br-tag-mismatch	null	9	1.25532	0	100	0.24	400
s_br-tag-mismatch	rev	9	1.25398	0	100	0.24	400
s_br-tag-mismatch	orig@p16	9	1.25520	0	100	0.24	400
s_br-tag-mismatch	orig@p32	9	1.25655	0	100	0.24	400
s_br-tag-mismatch	orig@p48	9	1.28817	0	100	0.24	400
s_br-tag-mismatch	orig@p64	9	1.28682	0	100	0.24	400
s_br-tag-mismatch	orig@p80	9	1.28682	0	100	0.24	400
s_br-tag-mismatch	orig@p112	10	1.25655	0	100	0.24	400
s_br-tag-mismatch	rev@p16	10	1.25790	0	100	0.24	400
s_br-tag-mismatch	rev@p32	10	1.25520	0	100	0.24	400
s_br-tag-mismatch	rev@p48	10	1.25520	0	100	0.24	400
s_br-tag-mismatch	rev@p64	10	1.25655	0	100	0.24	400
s_br-tag-mismatch	rev@p80	10	1.25398	0	100	0.24	400
s_br-tag-mismatch	rev@p96	10	1.26317	0	100	0.24	400
s_br-tag-mismatch	rev@p112	10	1.25655	0	100	0.24	400
s_br-tag-mismatch	orig	10	1.25398	0	100	0.24	400
s_br-tag-mismatch	orig2	10	1.25532	0	100	0.24	400
s_br-tag-mismatch	null	10	1.25520	0	100	0.24	400
s_br-tag-mismatch	rev	10	1.25925	0	100	0.24	400
s_br-tag-mismatch	orig@p16	10	1.25520	0	100	0.24	400
s_br-tag-mismatch	orig@p32	10	1.25655	0	100	0.24	400
s_br-tag-mismatch	orig@p48	10	1.28817	0	100	0.24	400
s_br-tag-mismatch	orig@p64	10	1.28817	0	100	0.24	400
s_br-tag-mismatch	orig@p80	10	1.29086	0	100	0.24	400
s_br-tag-mismatch	orig@p96	10	1.29074	0	100	0.24	400
s_br-tag-pair	orig	0	0.75554	0	100	0.24	400
s_br-tag-pair	orig2	0	1.32649	0	100	0.24	400
s_br-tag-pair	null	0	0.60420	0	100	0.24	400
s_br-tag-pair	rev	0	1.32636	0	100	0.24	400
s_br-tag-pair	orig@p16	0	1.51392	0	100	0.24	400
s_br-tag-pair	orig@p32	0	1.32636	0	100	0.24	400
s_br-tag-pair	orig@p48	0	1.35831	0	100	0.24	400
s_br-tag-pair	orig@p64	0	0.77364	0	100	0.24	400
s_br-tag-pair	orig@p80	0	1.37086	0	100	0.24	400
s_br-tag-pair	orig@p96	0	0.62774	0	100	0.24	400
s_br-tag-pair	orig@p112	0	1.32364	0	100	0.24	400
s_br-tag-pair	rev@p16	0	1.51107	0	100	0.24	400
s_br-tag-pair	rev@p32	0	1.32494	0	100	0.24	400
s_br-tag-pair	rev@p48	0	0.75411	0	100	0.24	400
s_br-tag-pair	rev@p64	0	1.32222	0	100	0.24	400
s_br-tag-pair	rev@p80	0	0.60277	0	100	0.24	400
s_br-tag-pair	rev@p96	0	1.32364	0	100	0.24	400
s_br-tag-pair	rev@p112	0	1.50978	0	100	0.24	400
s_br-tag-pair	orig2	1	1.32636	0	100	0.24	400
s_br-tag-pair	null	1	0.75683	0	100	0.24	400
s_br-tag-pair	rev	1	1.32364	0	100	0.24	400
s_br-tag-pair	orig@p16	1	0.60420	0	100	0.24	400
s_br-tag-pair	orig@p32	1	1.32494	0	100	0.24	400
s_br-tag-pair	orig@p48	1	1.97492	0	100	0.24	400
s_br-tag-pair	orig@p64	1	1.36102	0	100	0.24	400
s_br-tag-pair	orig@p80	1	1.56126	0	100	0.24	400
s_br-tag-pair	orig@p96	1	1.36102	0	100	0.24	400
s_br-tag-pair	orig@p112	1	0.76110	0	100	0.24	400
s_br-tag-pair	rev@p16	1	1.32507	0	100	0.24	400
s_br-tag-pair	rev@p32	1	0.60549	0	100	0.24	400
s_br-tag-pair	rev@p48	1	1.32364	0	100	0.24	400
s_br-tag-pair	rev@p64	1	1.50835	0	100	0.24	400
s_br-tag-pair	rev@p80	1	1.32507	0	100	0.24	400
s_br-tag-pair	rev@p96	1	0.75554	0	100	0.24	400
s_br-tag-pair	rev@p112	1	1.32507	0	100	0.24	400
s_br-tag-pair	orig	1	0.61260	0	100	0.24	400
s_br-tag-pair	null	2	1.32507	0	100	0.24	400
s_br-tag-pair	rev	2	1.52090	0	100	0.24	400
s_br-tag-pair	orig@p16	2	1.32507	0	100	0.24	400
s_br-tag-pair	orig@p32	2	0.75282	0	100	0.24	400
s_br-tag-pair	orig@p48	2	1.35844	0	100	0.24	400
s_br-tag-pair	orig@p64	2	0.61946	0	100	0.24	400
s_br-tag-pair	orig@p80	2	1.35831	0	100	0.24	400
s_br-tag-pair	orig@p96	2	1.55130	0	100	0.24	400
s_br-tag-pair	orig@p112	2	1.32636	0	100	0.24	400
s_br-tag-pair	rev@p16	2	1.51249	0	100	0.24	400
s_br-tag-pair	rev@p32	2	1.32377	0	100	0.24	400
s_br-tag-pair	rev@p48	2	0.75566	0	100	0.24	400
s_br-tag-pair	rev@p64	2	1.33063	0	100	0.24	400
s_br-tag-pair	rev@p80	2	0.60420	0	100	0.24	400
s_br-tag-pair	rev@p96	2	1.32636	0	100	0.24	400
s_br-tag-pair	rev@p112	2	1.32364	0	100	0.24	400
s_br-tag-pair	orig	2	1.51107	0	100	0.24	400
s_br-tag-pair	orig2	2	1.32636	0	100	0.24	400
s_br-tag-pair	rev	3	0.75411	0	100	0.24	400
s_br-tag-pair	orig@p16	3	1.32778	0	100	0.24	400
s_br-tag-pair	orig@p32	3	0.60420	0	100	0.24	400
s_br-tag-pair	orig@p48	3	1.36102	0	100	0.24	400
s_br-tag-pair	orig@p64	3	1.55285	0	100	0.24	400
s_br-tag-pair	orig@p80	3	1.35689	0	100	0.24	400
s_br-tag-pair	orig@p96	3	1.59166	0	100	0.24	400
s_br-tag-pair	orig@p112	3	1.32649	0	100	0.24	400
s_br-tag-pair	rev@p16	3	0.75554	0	100	0.24	400
s_br-tag-pair	rev@p32	3	1.32507	0	100	0.24	400
s_br-tag-pair	rev@p48	3	0.61105	0	100	0.24	400
s_br-tag-pair	rev@p64	3	1.32494	0	100	0.24	400
s_br-tag-pair	rev@p80	3	1.50978	0	100	0.24	400
s_br-tag-pair	rev@p96	3	1.32507	0	100	0.24	400
s_br-tag-pair	rev@p112	3	0.75554	0	100	0.24	400
s_br-tag-pair	orig	3	1.32494	0	100	0.24	400
s_br-tag-pair	orig2	3	0.60420	0	100	0.24	400
s_br-tag-pair	null	3	1.32494	0	100	0.24	400
s_br-tag-pair	orig@p16	4	1.51249	0	100	0.24	400
s_br-tag-pair	orig@p32	4	1.32507	0	100	0.24	400
s_br-tag-pair	orig@p48	4	0.77649	0	100	0.24	400
s_br-tag-pair	orig@p64	4	1.36245	0	100	0.24	400
s_br-tag-pair	orig@p80	4	0.62088	0	100	0.24	400
s_br-tag-pair	orig@p96	4	1.35831	0	100	0.24	400
s_br-tag-pair	orig@p112	4	1.51249	0	100	0.24	400
s_br-tag-pair	rev@p16	4	1.32494	0	100	0.24	400
s_br-tag-pair	rev@p32	4	0.75554	0	100	0.24	400
s_br-tag-pair	rev@p48	4	1.34304	0	100	0.24	400
s_br-tag-pair	rev@p64	4	0.60420	0	100	0.24	400
s_br-tag-pair	rev@p80	4	1.32662	0	100	0.24	400
s_br-tag-pair	rev@p96	4	1.50991	0	100	0.24	400
s_br-tag-pair	rev@p112	4	1.32636	0	100	0.24	400
s_br-tag-pair	orig	4	0.75554	0	100	0.24	400
s_br-tag-pair	orig2	4	1.33891	0	100	0.24	400
s_br-tag-pair	null	4	0.60562	0	100	0.24	400
s_br-tag-pair	rev	4	1.32778	0	100	0.24	400
s_br-tag-pair	orig@p32	5	4.37644	0	100	0.24	400
s_br-tag-pair	orig@p48	5	1.35973	0	100	0.24	400
s_br-tag-pair	orig@p64	5	0.77520	0	100	0.24	400
s_br-tag-pair	orig@p80	5	1.36102	0	100	0.24	400
s_br-tag-pair	orig@p96	5	0.62218	0	100	0.24	400
s_br-tag-pair	orig@p112	5	1.32364	0	100	0.24	400
s_br-tag-pair	rev@p16	5	1.32222	0	100	0.24	400
s_br-tag-pair	rev@p32	5	1.51249	0	100	0.24	400
s_br-tag-pair	rev@p48	5	1.32507	0	100	0.24	400
s_br-tag-pair	rev@p64	5	0.76808	0	100	0.24	400
s_br-tag-pair	rev@p80	5	1.32494	0	100	0.24	400
s_br-tag-pair	rev@p96	5	0.60277	0	100	0.24	400
s_br-tag-pair	rev@p112	5	1.32636	0	100	0.24	400
s_br-tag-pair	orig	5	1.51392	0	100	0.24	400
s_br-tag-pair	orig2	5	1.32636	0	100	0.24	400
s_br-tag-pair	null	5	0.75554	0	100	0.24	400
s_br-tag-pair	rev	5	1.32494	0	100	0.24	400
s_br-tag-pair	orig@p16	5	0.60420	0	100	0.24	400
s_br-tag-pair	orig@p48	6	1.35973	0	100	0.24	400
s_br-tag-pair	orig@p64	6	1.55272	0	100	0.24	400
s_br-tag-pair	orig@p80	6	1.35973	0	100	0.24	400
s_br-tag-pair	orig@p96	6	1.55130	0	100	0.24	400
s_br-tag-pair	orig@p112	6	1.32494	0	100	0.24	400
s_br-tag-pair	rev@p16	6	0.60420	0	100	0.24	400
s_br-tag-pair	rev@p32	6	1.32364	0	100	0.24	400
s_br-tag-pair	rev@p48	6	1.50978	0	100	0.24	400
s_br-tag-pair	rev@p64	6	1.32364	0	100	0.24	400
s_br-tag-pair	rev@p80	6	1.50978	0	100	0.24	400
s_br-tag-pair	rev@p96	6	1.32649	0	100	0.24	400
s_br-tag-pair	rev@p112	6	0.60277	0	100	0.24	400
s_br-tag-pair	orig	6	1.32364	0	100	0.24	400
s_br-tag-pair	orig2	6	1.32636	0	100	0.24	400
s_br-tag-pair	null	6	1.44588	0	100	0.24	400
s_br-tag-pair	rev	6	1.32351	0	100	0.24	400
s_br-tag-pair	orig@p16	6	1.32778	0	100	0.24	400
s_br-tag-pair	orig@p32	6	1.33050	0	100	0.24	400
s_br-tag-pair	orig@p64	7	1.35973	0	100	0.24	400
s_br-tag-pair	orig@p80	7	1.35831	0	100	0.24	400
s_br-tag-pair	orig@p96	7	1.35973	0	100	0.24	400
s_br-tag-pair	orig@p112	7	1.48753	0	100	0.24	400
s_br-tag-pair	rev@p16	7	1.32507	0	100	0.24	400
s_br-tag-pair	rev@p32	7	1.32494	0	100	0.24	400
s_br-tag-pair	rev@p48	7	1.32364	0	100	0.24	400
s_br-tag-pair	rev@p64	7	1.32778	0	100	0.24	400
s_br-tag-pair	rev@p80	7	1.32907	0	100	0.24	400
s_br-tag-pair	rev@p96	7	1.32507	0	100	0.24	400
s_br-tag-pair	rev@p112	7	1.32364	0	100	0.24	400
s_br-tag-pair	orig	7	1.32507	0	100	0.24	400
s_br-tag-pair	orig2	7	1.32494	0	100	0.24	400
s_br-tag-pair	null	7	1.32364	0	100	0.24	400
s_br-tag-pair	rev	7	1.33063	0	100	0.24	400
s_br-tag-pair	orig@p16	7	1.33050	0	100	0.24	400
s_br-tag-pair	orig@p32	7	2.93612	0	100	0.24	400
s_br-tag-pair	orig@p48	7	1.35973	0	100	0.24	400
s_br-tag-pair	orig@p80	8	1.36245	0	100	0.24	400
s_br-tag-pair	orig@p96	8	1.35831	0	100	0.24	400
s_br-tag-pair	orig@p112	8	3.30141	0	100	0.24	400
s_br-tag-pair	rev@p16	8	1.32920	0	100	0.24	400
s_br-tag-pair	rev@p32	8	1.32778	0	100	0.24	400
s_br-tag-pair	rev@p48	8	1.32907	0	100	0.24	400
s_br-tag-pair	rev@p64	8	1.32920	0	100	0.24	400
s_br-tag-pair	rev@p80	8	1.32351	0	100	0.24	400
s_br-tag-pair	rev@p96	8	1.33192	0	100	0.24	400
s_br-tag-pair	rev@p112	8	1.32636	0	100	0.24	400
s_br-tag-pair	orig	8	1.32364	0	100	0.24	400
s_br-tag-pair	orig2	8	1.32636	0	100	0.24	400
s_br-tag-pair	null	8	1.32494	0	100	0.24	400
s_br-tag-pair	rev	8	1.32494	0	100	0.24	400
s_br-tag-pair	orig@p16	8	1.32364	0	100	0.24	400
s_br-tag-pair	orig@p32	8	1.32507	0	100	0.24	400
s_br-tag-pair	orig@p48	8	1.36128	0	100	0.24	400
s_br-tag-pair	orig@p64	8	1.35844	0	100	0.24	400
s_br-tag-pair	orig@p96	9	1.35844	0	100	0.24	400
s_br-tag-pair	orig@p112	9	1.32636	0	100	0.24	400
s_br-tag-pair	rev@p16	9	1.32364	0	100	0.24	400
s_br-tag-pair	rev@p32	9	1.32636	0	100	0.24	400
s_br-tag-pair	rev@p48	9	1.32494	0	100	0.24	400
s_br-tag-pair	rev@p64	9	1.32222	0	100	0.24	400
s_br-tag-pair	rev@p80	9	1.32636	0	100	0.24	400
s_br-tag-pair	rev@p96	9	1.32364	0	100	0.24	400
s_br-tag-pair	rev@p112	9	1.32494	0	100	0.24	400
s_br-tag-pair	orig	9	1.32364	0	100	0.24	400
s_br-tag-pair	orig2	9	1.32649	0	100	0.24	400
s_br-tag-pair	null	9	1.36115	0	100	0.24	400
s_br-tag-pair	rev	9	1.32507	0	100	0.24	400
s_br-tag-pair	orig@p16	9	1.32636	0	100	0.24	400
s_br-tag-pair	orig@p32	9	1.32494	0	100	0.24	400
s_br-tag-pair	orig@p48	9	1.35973	0	100	0.24	400
s_br-tag-pair	orig@p64	9	1.35831	0	100	0.24	400
s_br-tag-pair	orig@p80	9	1.36387	0	100	0.24	400
s_br-tag-pair	orig@p112	10	1.32662	0	100	0.24	400
s_br-tag-pair	rev@p16	10	1.32364	0	100	0.24	400
s_br-tag-pair	rev@p32	10	1.32351	0	100	0.24	400
s_br-tag-pair	rev@p48	10	1.32507	0	100	0.24	400
s_br-tag-pair	rev@p64	10	1.32364	0	100	0.24	400
s_br-tag-pair	rev@p80	10	0.61247	0	100	0.24	400
s_br-tag-pair	rev@p96	10	1.33477	0	100	0.24	400
s_br-tag-pair	rev@p112	10	1.50551	0	100	0.24	400
s_br-tag-pair	orig	10	1.32636	0	100	0.24	400
s_br-tag-pair	orig2	10	1.50835	0	100	0.24	400
s_br-tag-pair	null	10	1.32364	0	100	0.24	400
s_br-tag-pair	rev	10	0.60691	0	100	0.24	400
s_br-tag-pair	orig@p16	10	1.32364	0	100	0.24	400
s_br-tag-pair	orig@p32	10	1.50965	0	100	0.24	400
s_br-tag-pair	orig@p48	10	1.35973	0	100	0.24	400
s_br-tag-pair	orig@p64	10	1.54858	0	100	0.24	400
s_br-tag-pair	orig@p80	10	1.55272	0	100	0.24	400
s_br-tag-pair	orig@p96	10	1.35973	0	100	0.24	400
s_cg-array-begin	orig	0	23.82556	0	100	0.24	400
s_cg-array-begin	orig2	0	23.92335	0	100	0.24	400
s_cg-array-begin	null	0	11.07575	0	100	0.24	400
s_cg-array-begin	rev	0	23.84884	0	100	0.24	400
s_cg-array-begin	orig@p16	0	10.87552	0	100	0.24	400
s_cg-array-begin	orig@p32	0	23.82556	0	100	0.24	400
s_cg-array-begin	orig@p48	0	24.47516	0	100	0.24	400
s_cg-array-begin	orig@p64	0	27.87681	0	100	0.24	400
s_cg-array-begin	orig@p80	0	24.47516	0	100	0.24	400
s_cg-array-begin	orig@p96	0	27.87448	0	100	0.24	400
s_cg-array-begin	orig@p112	0	27.22722	0	100	0.24	400
s_cg-array-begin	rev@p16	0	29.02467	0	100	0.24	400
s_cg-array-begin	rev@p32	0	10.90113	0	100	0.24	400
s_cg-array-begin	rev@p48	0	29.05028	0	100	0.24	400
s_cg-array-begin	rev@p64	0	27.22489	0	100	0.24	400
s_cg-array-begin	rev@p80	0	27.20160	0	100	0.24	400
s_cg-array-begin	rev@p96	0	27.17366	0	100	0.24	400
s_cg-array-begin	rev@p112	0	27.17599	0	100	0.24	400
s_cg-array-begin	orig2	1	10.87552	0	100	0.24	400
s_cg-array-begin	null	1	27.22489	0	100	0.24	400
s_cg-array-begin	rev	1	27.25050	0	100	0.24	400
s_cg-array-begin	orig@p16	1	27.32500	0	100	0.24	400
s_cg-array-begin	orig@p32	1	27.17832	0	100	0.24	400
s_cg-array-begin	orig@p48	1	27.90010	0	100	0.24	400
s_cg-array-begin	orig@p64	1	27.94899	0	100	0.24	400
s_cg-array-begin	orig@p80	1	11.15026	0	100	0.24	400
s_cg-array-begin	orig@p96	1	59.47426	0	100	0.24	400
s_cg-array-begin	orig@p112	1	27.22489	0	100	0.24	400
s_cg-array-begin	rev@p16	1	26.82442	0	100	0.24	400
s_cg-array-begin	rev@p32	1	27.27378	0	100	0.24	400
s_cg-array-begin	rev@p48	1	26.80114	0	100	0.24	400
s_cg-array-begin	rev@p64	1	10.87319	0	100	0.24	400
s_cg-array-begin	rev@p80	1	26.80114	0	100	0.24	400
s_cg-array-begin	rev@p96	1	27.20160	0	100	0.24	400
s_cg-array-begin	rev@p112	1	26.80114	0	100	0.24	400
s_cg-array-begin	orig	1	27.19928	0	100	0.24	400
s_cg-array-begin	null	2	26.85003	0	100	0.24	400
s_cg-array-begin	rev	2	10.87552	0	100	0.24	400
s_cg-array-begin	orig@p16	2	26.85003	0	100	0.24	400
s_cg-array-begin	orig@p32	2	27.15038	0	100	0.24	400
s_cg-array-begin	orig@p48	2	27.65097	0	100	0.24	400
s_cg-array-begin	orig@p64	2	27.90010	0	100	0.24	400
s_cg-array-begin	orig@p80	2	28.67542	0	100	0.24	400
s_cg-array-begin	orig@p96	2	11.14793	0	100	0.24	400
s_cg-array-begin	orig@p112	2	26.80114	0	100	0.24	400
s_cg-array-begin	rev@p16	2	27.20160	0	100	0.24	400
s_cg-array-begin	rev@p32	2	26.85003	0	100	0.24	400
s_cg-array-begin	rev@p48	2	27.17599	0	100	0.24	400
s_cg-array-begin	rev@p64	2	26.77320	0	100	0.24	400
s_cg-array-begin	rev@p80	2	10.84991	0	100	0.24	400
s_cg-array-begin	rev@p96	2	26.90125	0	100	0.24	400
s_cg-array-begin	rev@p112	2	27.19928	0	100	0.24	400
s_cg-array-begin	orig	2	26.87331	0	100	0.24	400
s_cg-array-begin	orig2	2	27.17599	0	100	0.24	400
s_cg-array-begin	rev	3	63.05054	0	100	0.24	400
s_cg-array-begin	orig@p16	3	27.19928	0	100	0.24	400
s_cg-array-begin	orig@p32	3	26.79881	0	100	0.24	400
s_cg-array-begin	orig@p48	3	28.00021	0	100	0.24	400
s_cg-array-begin	orig@p64	3	27.49963	0	100	0.24	400
s_cg-array-begin	orig@p80	3	11.15026	0	100	0.24	400
s_cg-array-begin	orig@p96	3	27.57413	0	100	0.24	400
s_cg-array-begin	orig@p112	3	27.22489	0	100	0.24	400
s_cg-array-begin	rev@p16	3	26.85003	0	100	0.24	400
s_cg-array-begin	rev@p32	3	23.87678	0	100	0.24	400
s_cg-array-begin	rev@p48	3	23.82556	0	100	0.24	400
s_cg-array-begin	rev@p64	3	23.85117	0	100	0.24	400
s_cg-array-begin	rev@p80	3	23.87678	0	100	0.24	400
s_cg-array-begin	rev@p96	3	23.87445	0	100	0.24	400
s_cg-array-begin	rev@p112	3	23.85117	0	100	0.24	400
s_cg-array-begin	orig	3	23.84884	0	100	0.24	400
s_cg-array-begin	orig2	3	23.90007	0	100	0.24	400
s_cg-array-begin	null	3	23.82556	0	100	0.24	400
s_cg-array-begin	orig@p16	4	23.87445	0	100	0.24	400
s_cg-array-begin	orig@p32	4	23.87678	0	100	0.24	400
s_cg-array-begin	orig@p48	4	24.47516	0	100	0.24	400
s_cg-array-begin	orig@p64	4	24.47516	0	100	0.24	400
s_cg-array-begin	orig@p80	4	24.47516	0	100	0.24	400
s_cg-array-begin	orig@p96	4	24.45187	0	100	0.24	400
s_cg-array-begin	orig@p112	4	24.00018	0	100	0.24	400
s_cg-array-begin	rev@p16	4	23.87678	0	100	0.24	400
s_cg-array-begin	rev@p32	4	23.92568	0	100	0.24	400
s_cg-array-begin	rev@p48	4	23.90007	0	100	0.24	400
s_cg-array-begin	rev@p64	4	23.87445	0	100	0.24	400
s_cg-array-begin	rev@p80	4	23.84884	0	100	0.24	400
s_cg-array-begin	rev@p96	4	23.92568	0	100	0.24	400
s_cg-array-begin	rev@p112	4	23.82556	0	100	0.24	400
s_cg-array-begin	orig	4	24.10030	0	100	0.24	400
s_cg-array-begin	orig2	4	23.82556	0	100	0.24	400
s_cg-array-begin	null	4	23.87445	0	100	0.24	400
s_cg-array-begin	rev	4	23.82789	0	100	0.24	400
s_cg-array-begin	orig@p32	5	23.84884	0	100	0.24	400
s_cg-array-begin	orig@p48	5	24.44955	0	100	0.24	400
s_cg-array-begin	orig@p64	5	24.57295	0	100	0.24	400
s_cg-array-begin	orig@p80	5	24.45187	0	100	0.24	400
s_cg-array-begin	orig@p96	5	24.47516	0	100	0.24	400
s_cg-array-begin	orig@p112	5	23.85117	0	100	0.24	400
s_cg-array-begin	rev@p16	5	23.84884	0	100	0.24	400
s_cg-array-begin	rev@p32	5	23.84884	0	100	0.24	400
s_cg-array-begin	rev@p48	5	23.82556	0	100	0.24	400
s_cg-array-begin	rev@p64	5	23.85117	0	100	0.24	400
s_cg-array-begin	rev@p80	5	23.90007	0	100	0.24	400
s_cg-array-begin	rev@p96	5	23.84884	0	100	0.24	400
s_cg-array-begin	rev@p112	5	23.85117	0	100	0.24	400
s_cg-array-begin	orig	5	23.87678	0	100	0.24	400
s_cg-array-begin	orig2	5	23.90007	0	100	0.24	400
s_cg-array-begin	null	5	23.84884	0	100	0.24	400
s_cg-array-begin	rev	5	23.85117	0	100	0.24	400
s_cg-array-begin	orig@p16	5	23.87678	0	100	0.24	400
s_cg-array-begin	orig@p48	6	24.44955	0	100	0.24	400
s_cg-array-begin	orig@p64	6	24.44955	0	100	0.24	400
s_cg-array-begin	orig@p80	6	24.42626	0	100	0.24	400
s_cg-array-begin	orig@p96	6	24.47516	0	100	0.24	400
s_cg-array-begin	orig@p112	6	23.84884	0	100	0.24	400
s_cg-array-begin	rev@p16	6	23.85350	0	100	0.24	400
s_cg-array-begin	rev@p32	6	23.90007	0	100	0.24	400
s_cg-array-begin	rev@p48	6	23.87445	0	100	0.24	400
s_cg-array-begin	rev@p64	6	23.84884	0	100	0.24	400
s_cg-array-begin	rev@p80	6	23.87445	0	100	0.24	400
s_cg-array-begin	rev@p96	6	23.85350	0	100	0.24	400
s_cg-array-begin	rev@p112	6	23.92335	0	100	0.24	400
s_cg-array-begin	orig	6	15.85111	0	100	0.24	400
s_cg-array-begin	orig2	6	13.20150	0	100	0.24	400
s_cg-array-begin	null	6	13.20150	0	100	0.24	400
s_cg-array-begin	rev	6	13.22478	0	100	0.24	400
s_cg-array-begin	orig@p16	6	13.22478	0	100	0.24	400
s_cg-array-begin	orig@p32	6	13.20150	0	100	0.24	400
s_cg-array-begin	orig@p64	7	13.55074	0	100	0.24	400
s_cg-array-begin	orig@p80	7	13.52513	0	100	0.24	400
s_cg-array-begin	orig@p96	7	13.54842	0	100	0.24	400
s_cg-array-begin	orig@p112	7	13.22478	0	100	0.24	400
s_cg-array-begin	rev@p16	7	13.22478	0	100	0.24	400
s_cg-array-begin	rev@p32	7	13.27600	0	100	0.24	400
s_cg-array-begin	rev@p48	7	13.22478	0	100	0.24	400
s_cg-array-begin	rev@p64	7	13.22478	0	100	0.24	400
s_cg-array-begin	rev@p80	7	27.22489	0	100	0.24	400
s_cg-array-begin	rev@p96	7	29.07589	0	100	0.24	400
s_cg-array-begin	rev@p112	7	13.20150	0	100	0.24	400
s_cg-array-begin	orig	7	29.10150	0	100	0.24	400
s_cg-array-begin	orig2	7	13.22478	0	100	0.24	400
s_cg-array-begin	null	7	29.10150	0	100	0.24	400
s_cg-array-begin	rev	7	13.20150	0	100	0.24	400
s_cg-array-begin	orig@p16	7	13.22478	0	100	0.24	400
s_cg-array-begin	orig@p32	7	13.19917	0	100	0.24	400
s_cg-array-begin	orig@p48	7	29.82561	0	100	0.24	400
s_cg-array-begin	orig@p80	8	13.57403	0	100	0.24	400
s_cg-array-begin	orig@p96	8	29.82561	0	100	0.24	400
s_cg-array-begin	orig@p112	8	29.09917	0	100	0.24	400
s_cg-array-begin	rev@p16	8	13.19917	0	100	0.24	400
s_cg-array-begin	rev@p32	8	29.05028	0	100	0.24	400
s_cg-array-begin	rev@p48	8	13.24806	0	100	0.24	400
s_cg-array-begin	rev@p64	8	29.07356	0	100	0.24	400
s_cg-array-begin	rev@p80	8	29.05028	0	100	0.24	400
s_cg-array-begin	rev@p96	8	29.07356	0	100	0.24	400
s_cg-array-begin	rev@p112	8	46.27742	0	100	0.24	400
s_cg-array-begin	orig	8	13.22478	0	100	0.24	400
s_cg-array-begin	orig2	8	29.05028	0	100	0.24	400
s_cg-array-begin	null	8	13.19917	0	100	0.24	400
s_cg-array-begin	rev	8	29.02467	0	100	0.24	400
s_cg-array-begin	orig@p16	8	29.02700	0	100	0.24	400
s_cg-array-begin	orig@p32	8	13.19917	0	100	0.24	400
s_cg-array-begin	orig@p48	8	13.55074	0	100	0.24	400
s_cg-array-begin	orig@p64	8	13.57635	0	100	0.24	400
s_cg-array-begin	orig@p96	9	29.74877	0	100	0.24	400
s_cg-array-begin	orig@p112	9	36.47525	0	100	0.24	400
s_cg-array-begin	rev@p16	9	16.34937	0	100	0.24	400
s_cg-array-begin	rev@p32	9	29.05028	0	100	0.24	400
s_cg-array-begin	rev@p48	9	27.17599	0	100	0.24	400
s_cg-array-begin	rev@p64	9	13.20150	0	100	0.24	400
s_cg-array-begin	rev@p80	9	10.90113	0	100	0.24	400
s_cg-array-begin	rev@p96	9	20.07466	0	100	0.24	400
s_cg-array-begin	rev@p112	9	13.59964	0	100	0.24	400
s_cg-array-begin	orig	9	29.07589	0	100	0.24	400
s_cg-array-begin	orig2	9	29.10150	0	100	0.24	400
s_cg-array-begin	null	9	27.19928	0	100	0.24	400
s_cg-array-begin	rev	9	29.02467	0	100	0.24	400
s_cg-array-begin	orig@p16	9	29.07589	0	100	0.24	400
s_cg-array-begin	orig@p32	9	13.22478	0	100	0.24	400
s_cg-array-begin	orig@p48	9	13.57403	0	100	0.24	400
s_cg-array-begin	orig@p64	9	13.54842	0	100	0.24	400
s_cg-array-begin	orig@p80	9	29.79999	0	100	0.24	400
s_cg-array-begin	orig@p112	10	29.07589	0	100	0.24	400
s_cg-array-begin	rev@p16	10	29.05028	0	100	0.24	400
s_cg-array-begin	rev@p32	10	29.07356	0	100	0.24	400
s_cg-array-begin	rev@p48	10	13.20150	0	100	0.24	400
s_cg-array-begin	rev@p64	10	13.19917	0	100	0.24	400
s_cg-array-begin	rev@p80	10	29.07356	0	100	0.24	400
s_cg-array-begin	rev@p96	10	29.05028	0	100	0.24	400
s_cg-array-begin	rev@p112	10	29.07589	0	100	0.24	400
s_cg-array-begin	orig	10	29.10150	0	100	0.24	400
s_cg-array-begin	orig2	10	26.80114	0	100	0.24	400
s_cg-array-begin	null	10	29.12479	0	100	0.24	400
s_cg-array-begin	rev	10	26.85003	0	100	0.24	400
s_cg-array-begin	orig@p16	10	26.89892	0	100	0.24	400
s_cg-array-begin	orig@p32	10	13.22478	0	100	0.24	400
s_cg-array-begin	orig@p48	10	73.37658	0	100	0.24	400
s_cg-array-begin	orig@p64	10	13.54842	0	100	0.24	400
s_cg-array-begin	orig@p80	10	27.54852	0	100	0.24	400
s_cg-array-begin	orig@p96	10	29.90011	0	100	0.24	400
s_cg-constant	orig	0	5.96279	0	100	0.24	400
s_cg-constant	orig2	0	5.97502	0	100	0.24	400
s_cg-constant	null	0	5.96861	0	100	0.24	400
s_cg-constant	rev	0	6.01227	0	100	0.24	400
s_cg-constant	orig@p16	0	5.96920	0	100	0.24	400
s_cg-constant	orig@p32	0	5.96221	0	100	0.24	400
s_cg-constant	orig@p48	0	6.11239	0	100	0.24	400
s_cg-constant	orig@p64	0	6.11821	0	100	0.24	400
s_cg-constant	orig@p80	0	6.11239	0	100	0.24	400
s_cg-constant	orig@p96	0	6.11879	0	100	0.24	400
s_cg-constant	orig@p112	0	5.96861	0	100	0.24	400
s_cg-constant	rev@p16	0	5.95581	0	100	0.24	400
s_cg-constant	rev@p32	0	5.95581	0	100	0.24	400
s_cg-constant	rev@p48	0	5.95639	0	100	0.24	400
s_cg-constant	rev@p64	0	5.96279	0	100	0.24	400
s_cg-constant	rev@p80	0	5.97502	0	100	0.24	400
s_cg-constant	rev@p96	0	5.97502	0	100	0.24	400
s_cg-constant	rev@p112	0	5.96861	0	100	0.24	400
s_cg-constant	orig2	1	5.96861	0	100	0.24	400
s_cg-constant	null	1	5.96279	0	100	0.24	400
s_cg-constant	rev	1	5.98782	0	100	0.24	400
s_cg-constant	orig@p16	1	5.96920	0	100	0.24	400
s_cg-constant	orig@p32	1	6.12519	0	100	0.24	400
s_cg-constant	orig@p48	1	6.11239	0	100	0.24	400
s_cg-constant	orig@p64	1	6.12519	0	100	0.24	400
s_cg-constant	orig@p80	1	6.13101	0	100	0.24	400
s_cg-constant	orig@p96	1	6.13160	0	100	0.24	400
s_cg-constant	orig@p112	1	5.98142	0	100	0.24	400
s_cg-constant	rev@p16	1	5.95639	0	100	0.24	400
s_cg-constant	rev@p32	1	5.96861	0	100	0.24	400
s_cg-constant	rev@p48	1	19.90586	0	100	0.24	400
s_cg-constant	rev@p64	1	5.95639	0	100	0.24	400
s_cg-constant	rev@p80	1	5.96920	0	100	0.24	400
s_cg-constant	rev@p96	1	5.96279	0	100	0.24	400
s_cg-constant	rev@p112	1	5.97502	0	100	0.24	400
s_cg-constant	orig	1	5.96861	0	100	0.24	400
s_cg-constant	null	2	5.96279	0	100	0.24	400
s_cg-constant	rev	2	5.95639	0	100	0.24	400
s_cg-constant	orig@p16	2	5.96221	0	100	0.24	400
s_cg-constant	orig@p32	2	6.00005	0	100	0.24	400
s_cg-constant	orig@p48	2	6.13742	0	100	0.24	400
s_cg-constant	orig@p64	2	6.11879	0	100	0.24	400
s_cg-constant	orig@p80	2	6.11879	0	100	0.24	400
s_cg-constant	orig@p96	2	6.11239	0	100	0.24	400
s_cg-constant	orig@p112	2	5.97502	0	100	0.24	400
s_cg-constant	rev@p16	2	5.96221	0	100	0.24	400
s_cg-constant	rev@p32	2	5.95639	0	100	0.24	400
s_cg-constant	rev@p48	2	5.96861	0	100	0.24	400
s_cg-constant	rev@p64	2	5.96221	0	100	0.24	400
s_cg-constant	rev@p80	2	5.96920	0	100	0.24	400
s_cg-constant	rev@p96	2	5.96279	0	100	0.24	400
s_cg-constant	rev@p112	2	5.96279	0	100	0.24	400
s_cg-constant	orig	2	5.96920	0	100	0.24	400
s_cg-constant	orig2	2	5.96279	0	100	0.24	400
s_cg-constant	rev	3	5.96861	0	100	0.24	400
s_cg-constant	orig@p16	3	5.97502	0	100	0.24	400
s_cg-constant	orig@p32	3	5.97502	0	100	0.24	400
s_cg-constant	orig@p48	3	6.11879	0	100	0.24	400
s_cg-constant	orig@p64	3	6.11297	0	100	0.24	400
s_cg-constant	orig@p80	3	6.11879	0	100	0.24	400
s_cg-constant	orig@p96	3	6.13101	0	100	0.24	400
s_cg-constant	orig@p112	3	5.96279	0	100	0.24	400
s_cg-constant	rev@p16	3	5.96279	0	100	0.24	400
s_cg-constant	rev@p32	3	5.96861	0	100	0.24	400
s_cg-constant	rev@p48	3	5.95639	0	100	0.24	400
s_cg-constant	rev@p64	3	5.95639	0	100	0.24	400
s_cg-constant	rev@p80	3	5.96920	0	100	0.24	400
s_cg-constant	rev@p96	3	5.98724	0	100	0.24	400
s_cg-constant	rev@p112	3	5.95639	0	100	0.24	400
s_cg-constant	orig	3	5.96279	0	100	0.24	400
s_cg-constant	orig2	3	5.95639	0	100	0.24	400
s_cg-constant	null	3	5.96920	0	100	0.24	400
s_cg-constant	orig@p16	4	5.96279	0	100	0.24	400
s_cg-constant	orig@p32	4	5.96861	0	100	0.24	400
s_cg-constant	orig@p48	4	6.12461	0	100	0.24	400
s_cg-constant	orig@p64	4	6.11879	0	100	0.24	400
s_cg-constant	orig@p80	4	6.11879	0	100	0.24	400
s_cg-constant	orig@p96	4	6.12519	0	100	0.24	400
s_cg-constant	orig@p112	4	5.95581	0	100	0.24	400
s_cg-constant	rev@p16	4	5.96279	0	100	0.24	400
s_cg-constant	rev@p32	4	5.94999	0	100	0.24	400
s_cg-constant	rev@p48	4	5.96920	0	100	0.24	400
s_cg-constant	rev@p64	4	5.95639	0	100	0.24	400
s_cg-constant	rev@p80	4	5.96221	0	100	0.24	400
s_cg-constant	rev@p96	4	5.96221	0	100	0.24	400
s_cg-constant	rev@p112	4	5.96221	0	100	0.24	400
s_cg-constant	orig	4	5.95639	0	100	0.24	400
s_cg-constant	orig2	4	5.96920	0	100	0.24	400
s_cg-constant	null	4	5.96221	0	100	0.24	400
s_cg-constant	rev	4	5.97502	0	100	0.24	400
s_cg-constant	orig@p32	5	5.95581	0	100	0.24	400
s_cg-constant	orig@p48	5	6.13101	0	100	0.24	400
s_cg-constant	orig@p64	5	6.11879	0	100	0.24	400
s_cg-constant	orig@p80	5	6.12519	0	100	0.24	400
s_cg-constant	orig@p96	5	6.11239	0	100	0.24	400
s_cg-constant	orig@p112	5	5.97502	0	100	0.24	400
s_cg-constant	rev@p16	5	5.98084	0	100	0.24	400
s_cg-constant	rev@p32	5	5.96221	0	100	0.24	400
s_cg-constant	rev@p48	5	5.98142	0	100	0.24	400
s_cg-constant	rev@p64	5	5.96861	0	100	0.24	400
s_cg-constant	rev@p80	5	5.95581	0	100	0.24	400
s_cg-constant	rev@p96	5	5.97502	0	100	0.24	400
s_cg-constant	rev@p112	5	5.96279	0	100	0.24	400
s_cg-constant	orig	5	5.96279	0	100	0.24	400
s_cg-constant	orig2	5	5.95639	0	100	0.24	400
s_cg-constant	null	5	5.96920	0	100	0.24	400
s_cg-constant	rev	5	5.97502	0	100	0.24	400
s_cg-constant	orig@p16	5	5.96279	0	100	0.24	400
s_cg-constant	orig@p48	6	6.11879	0	100	0.24	400
s_cg-constant	orig@p64	6	6.12519	0	100	0.24	400
s_cg-constant	orig@p80	6	6.11937	0	100	0.24	400
s_cg-constant	orig@p96	6	6.11879	0	100	0.24	400
s_cg-constant	orig@p112	6	5.96861	0	100	0.24	400
s_cg-constant	rev@p16	6	6.15662	0	100	0.24	400
s_cg-constant	rev@p32	6	5.97502	0	100	0.24	400
s_cg-constant	rev@p48	6	5.95581	0	100	0.24	400
s_cg-constant	rev@p64	6	5.95639	0	100	0.24	400
s_cg-constant	rev@p80	6	5.95639	0	100	0.24	400
s_cg-constant	rev@p96	6	5.97502	0	100	0.24	400
s_cg-constant	rev@p112	6	5.96920	0	100	0.24	400
s_cg-constant	orig	6	5.96221	0	100	0.24	400
s_cg-constant	orig2	6	14.69394	0	100	0.24	400
s_cg-constant	null	6	5.96221	0	100	0.24	400
s_cg-constant	rev	6	5.98142	0	100	0.24	400
s_cg-constant	orig@p16	6	5.96279	0	100	0.24	400
s_cg-constant	orig@p32	6	5.96221	0	100	0.24	400
s_cg-constant	orig@p64	7	6.11879	0	100	0.24	400
s_cg-constant	orig@p80	7	6.11297	0	100	0.24	400
s_cg-constant	orig@p96	7	6.11879	0	100	0.24	400
s_cg-constant	orig@p112	7	5.95639	0	100	0.24	400
s_cg-constant	rev@p16	7	5.95639	0	100	0.24	400
s_cg-constant	rev@p32	7	5.94999	0	100	0.24	400
s_cg-constant	rev@p48	7	5.95639	0	100	0.24	400
s_cg-constant	rev@p64	7	5.96221	0	100	0.24	400
s_cg-constant	rev@p80	7	6.79400	0	100	0.24	400
s_cg-constant	rev@p96	7	5.96221	0	100	0.24	400
s_cg-constant	rev@p112	7	6.83125	0	100	0.24	400
s_cg-constant	orig	7	6.69970	0	100	0.24	400
s_cg-constant	orig2	7	5.96221	0	100	0.24	400
s_cg-constant	null	7	5.98142	0	100	0.24	400
s_cg-constant	rev	7	5.96920	0	100	0.24	400
s_cg-constant	orig@p16	7	5.96279	0	100	0.24	400
s_cg-constant	orig@p32	7	5.96279	0	100	0.24	400
s_cg-constant	orig@p48	7	6.11879	0	100	0.24	400
s_cg-constant	orig@p80	8	3.38710	0	100	0.24	400
s_cg-constant	orig@p96	8	6.15662	0	100	0.24	400
s_cg-constant	orig@p112	8	7.28760	0	100	0.24	400
s_cg-constant	rev@p16	8	5.96221	0	100	0.24	400
s_cg-constant	rev@p32	8	7.28760	0	100	0.24	400
s_cg-constant	rev@p48	8	5.96221	0	100	0.24	400
s_cg-constant	rev@p64	8	3.30037	0	100	0.24	400
s_cg-constant	rev@p80	8	5.96279	0	100	0.24	400
s_cg-constant	rev@p96	8	7.25617	0	100	0.24	400
s_cg-constant	rev@p112	8	5.98084	0	100	0.24	400
s_cg-constant	orig	8	7.28120	0	100	0.24	400
s_cg-constant	orig2	8	5.96279	0	100	0.24	400
s_cg-constant	null	8	3.30037	0	100	0.24	400
s_cg-constant	rev	8	5.99364	0	100	0.24	400
s_cg-constant	orig@p16	8	7.28760	0	100	0.24	400
s_cg-constant	orig@p32	8	5.95639	0	100	0.24	400
s_cg-constant	orig@p48	8	7.47503	0	100	0.24	400
s_cg-constant	orig@p64	8	6.16885	0	100	0.24	400
s_cg-constant	orig@p96	9	3.41213	0	100	0.24	400
s_cg-constant	orig@p112	9	5.96920	0	100	0.24	400
s_cg-constant	rev@p16	9	7.25035	0	100	0.24	400
s_cg-constant	rev@p32	9	5.97502	0	100	0.24	400
s_cg-constant	rev@p48	9	7.28760	0	100	0.24	400
s_cg-constant	rev@p64	9	5.97502	0	100	0.24	400
s_cg-constant	rev@p80	9	3.29979	0	100	0.24	400
s_cg-constant	rev@p96	9	5.96279	0	100	0.24	400
s_cg-constant	rev@p112	9	3.29979	0	100	0.24	400
s_cg-constant	orig	9	5.97502	0	100	0.24	400
s_cg-constant	orig2	9	7.26897	0	100	0.24	400
s_cg-constant	null	9	5.96221	0	100	0.24	400
s_cg-constant	rev	9	7.25617	0	100	0.24	400
s_cg-constant	orig@p16	9	5.98782	0	100	0.24	400
s_cg-constant	orig@p32	9	3.30620	0	100	0.24	400
s_cg-constant	orig@p48	9	6.10598	0	100	0.24	400
s_cg-constant	orig@p64	9	7.45640	0	100	0.24	400
s_cg-constant	orig@p80	9	6.12461	0	100	0.24	400
s_cg-constant	orig@p112	10	7.24976	0	100	0.24	400
s_cg-constant	rev@p16	10	5.98084	0	100	0.24	400
s_cg-constant	rev@p32	10	3.29397	0	100	0.24	400
s_cg-constant	rev@p48	10	5.96279	0	100	0.24	400
s_cg-constant	rev@p64	10	3.30037	0	100	0.24	400
s_cg-constant	rev@p80	10	5.96279	0	100	0.24	400
s_cg-constant	rev@p96	10	7.25675	0	100	0.24	400
s_cg-constant	rev@p112	10	5.96221	0	100	0.24	400
s_cg-constant	orig	10	3.29397	0	100	0.24	400
s_cg-constant	orig2	10	5.98142	0	100	0.24	400
s_cg-constant	null	10	7.26897	0	100	0.24	400
s_cg-constant	rev	10	5.96920	0	100	0.24	400
s_cg-constant	orig@p16	10	3.29979	0	100	0.24	400
s_cg-constant	orig@p32	10	5.96861	0	100	0.24	400
s_cg-constant	orig@p48	10	3.38070	0	100	0.24	400
s_cg-constant	orig@p64	10	6.13160	0	100	0.24	400
s_cg-constant	orig@p80	10	7.44360	0	100	0.24	400
s_cg-constant	orig@p96	10	6.13101	0	100	0.24	400
s_cg-key-colon	orig	0	3.41097	0	100	0.24	400
s_cg-key-colon	orig2	0	1.88925	0	100	0.24	400
s_cg-key-colon	null	0	3.41064	0	100	0.24	400
s_cg-key-colon	rev	0	4.15370	0	100	0.24	400
s_cg-key-colon	orig@p16	0	3.40731	0	100	0.24	400
s_cg-key-colon	orig@p32	0	1.88593	0	100	0.24	400
s_cg-key-colon	orig@p48	0	3.50011	0	100	0.24	400
s_cg-key-colon	orig@p64	0	1.93582	0	100	0.24	400
s_cg-key-colon	orig@p80	0	3.49645	0	100	0.24	400
s_cg-key-colon	orig@p96	0	4.25382	0	100	0.24	400
s_cg-key-colon	orig@p112	0	3.40731	0	100	0.24	400
s_cg-key-colon	rev@p16	0	4.15004	0	100	0.24	400
s_cg-key-colon	rev@p32	0	3.40365	0	100	0.24	400
s_cg-key-colon	rev@p48	0	1.88593	0	100	0.24	400
s_cg-key-colon	rev@p64	0	3.40698	0	100	0.24	400
s_cg-key-colon	rev@p80	0	4.15004	0	100	0.24	400
s_cg-key-colon	rev@p96	0	3.40365	0	100	0.24	400
s_cg-key-colon	rev@p112	0	4.15702	0	100	0.24	400
s_cg-key-colon	orig2	1	3.40698	0	100	0.24	400
s_cg-key-colon	null	1	1.88560	0	100	0.24	400
s_cg-key-colon	rev	1	3.40698	0	100	0.24	400
s_cg-key-colon	orig@p16	1	1.92152	0	100	0.24	400
s_cg-key-colon	orig@p32	1	3.41430	0	100	0.24	400
s_cg-key-colon	orig@p48	1	4.26047	0	100	0.24	400
s_cg-key-colon	orig@p64	1	3.50044	0	100	0.24	400
s_cg-key-colon	orig@p80	1	1.93582	0	100	0.24	400
s_cg-key-colon	orig@p96	1	3.50011	0	100	0.24	400
s_cg-key-colon	orig@p112	1	4.15403	0	100	0.24	400
s_cg-key-colon	rev@p16	1	3.41097	0	100	0.24	400
s_cg-key-colon	rev@p32	1	1.88593	0	100	0.24	400
s_cg-key-colon	rev@p48	1	3.40698	0	100	0.24	400
s_cg-key-colon	rev@p64	1	1.88959	0	100	0.24	400
s_cg-key-colon	rev@p80	1	3.40332	0	100	0.24	400
s_cg-key-colon	rev@p96	1	4.15337	0	100	0.24	400
s_cg-key-colon	rev@p112	1	3.40731	0	100	0.24	400
s_cg-key-colon	orig	1	3.42494	0	100	0.24	400
s_cg-key-colon	null	2	4.25714	0	100	0.24	400
s_cg-key-colon	rev	2	3.41430	0	100	0.24	400
s_cg-key-colon	orig@p16	2	1.88925	0	100	0.24	400
s_cg-key-colon	orig@p32	2	3.41097	0	100	0.24	400
s_cg-key-colon	orig@p48	2	1.93582	0	100	0.24	400
s_cg-key-colon	orig@p64	2	3.49645	0	100	0.24	400
s_cg-key-colon	orig@p80	2	3.50011	0	100	0.24	400
s_cg-key-colon	orig@p96	2	3.49978	0	100	0.24	400
s_cg-key-colon	orig@p112	2	3.42128	0	100	0.24	400
s_cg-key-colon	rev@p16	2	3.39999	0	100	0.24	400
s_cg-key-colon	rev@p32	2	3.41064	0	100	0.24	400
s_cg-key-colon	rev@p48	2	3.40698	0	100	0.24	400
s_cg-key-colon	rev@p64	2	3.40698	0	100	0.24	400
s_cg-key-colon	rev@p80	2	3.40698	0	100	0.24	400
s_cg-key-colon	rev@p96	2	3.40731	0	100	0.24	400
s_cg-key-colon	rev@p112	2	3.40365	0	100	0.24	400
s_cg-key-colon	orig	2	3.83572	0	100	0.24	400
s_cg-key-colon	orig2	2	3.40698	0	100	0.24	400
s_cg-key-colon	rev	3	3.41430	0	100	0.24	400
s_cg-key-colon	orig@p16	3	3.42128	0	100	0.24	400
s_cg-key-colon	orig@p32	3	3.65710	0	100	0.24	400
s_cg-key-colon	orig@p48	3	3.49978	0	100	0.24	400
s_cg-key-colon	orig@p64	3	3.49612	0	100	0.24	400
s_cg-key-colon	orig@p80	3	3.49645	0	100	0.24	400
s_cg-key-colon	orig@p96	3	3.50011	0	100	0.24	400
s_cg-key-colon	orig@p112	3	3.40698	0	100	0.24	400
s_cg-key-colon	rev@p16	3	3.41064	0	100	0.24	400
s_cg-key-colon	rev@p32	3	3.42494	0	100	0.24	400
s_cg-key-colon	rev@p48	3	3.40698	0	100	0.24	400
s_cg-key-colon	rev@p64	3	3.41064	0	100	0.24	400
s_cg-key-colon	rev@p80	3	3.41795	0	100	0.24	400
s_cg-key-colon	rev@p96	3	3.40731	0	100	0.24	400
s_cg-key-colon	rev@p112	3	3.40731	0	100	0.24	400
s_cg-key-colon	orig	3	3.40764	0	100	0.24	400
s_cg-key-colon	orig2	3	3.41097	0	100	0.24	400
s_cg-key-colon	null	3	3.49645	0	100	0.24	400
s_cg-key-colon	orig@p16	4	3.41097	0	100	0.24	400
s_cg-key-colon	orig@p32	4	3.40365	0	100	0.24	400
s_cg-key-colon	orig@p48	4	3.50344	0	100	0.24	400
s_cg-key-colon	orig@p64	4	3.50011	0	100	0.24	400
s_cg-key-colon	orig@p80	4	3.49279	0	100	0.24	400
s_cg-key-colon	orig@p96	4	3.49645	0	100	0.24	400
s_cg-key-colon	orig@p112	4	3.41430	0	100	0.24	400
s_cg-key-colon	rev@p16	4	3.40365	0	100	0.24	400
s_cg-key-colon	rev@p32	4	3.40731	0	100	0.24	400
s_cg-key-colon	rev@p48	4	3.40698	0	100	0.24	400
s_cg-key-colon	rev@p64	4	3.40698	0	100	0.24	400
s_cg-key-colon	rev@p80	4	3.40365	0	100	0.24	400
s_cg-key-colon	rev@p96	4	3.41430	0	100	0.24	400
s_cg-key-colon	rev@p112	4	3.41064	0	100	0.24	400
s_cg-key-colon	orig	4	3.40332	0	100	0.24	400
s_cg-key-colon	orig2	4	3.40731	0	100	0.24	400
s_cg-key-colon	null	4	3.40698	0	100	0.24	400
s_cg-key-colon	rev	4	3.40698	0	100	0.24	400
s_cg-key-colon	orig@p32	5	3.42494	0	100	0.24	400
s_cg-key-colon	orig@p48	5	3.49279	0	100	0.24	400
s_cg-key-colon	orig@p64	5	3.51408	0	100	0.24	400
s_cg-key-colon	orig@p80	5	3.49645	0	100	0.24	400
s_cg-key-colon	orig@p96	5	3.50011	0	100	0.24	400
s_cg-key-colon	orig@p112	5	3.42161	0	100	0.24	400
s_cg-key-colon	rev@p16	5	3.40731	0	100	0.24	400
s_cg-key-colon	rev@p32	5	3.40698	0	100	0.24	400
s_cg-key-colon	rev@p48	5	3.40365	0	100	0.24	400
s_cg-key-colon	rev@p64	5	3.40365	0	100	0.24	400
s_cg-key-colon	rev@p80	5	3.40332	0	100	0.24	400
s_cg-key-colon	rev@p96	5	3.41064	0	100	0.24	400
s_cg-key-colon	rev@p112	5	3.40365	0	100	0.24	400
s_cg-key-colon	orig	5	3.40731	0	100	0.24	400
s_cg-key-colon	orig2	5	3.41430	0	100	0.24	400
s_cg-key-colon	null	5	1.55331	0	100	0.24	400
s_cg-key-colon	rev	5	3.40731	0	100	0.24	400
s_cg-key-colon	orig@p16	5	3.88594	0	100	0.24	400
s_cg-key-colon	orig@p48	6	3.50011	0	100	0.24	400
s_cg-key-colon	orig@p64	6	3.98207	0	100	0.24	400
s_cg-key-colon	orig@p80	6	3.50377	0	100	0.24	400
s_cg-key-colon	orig@p96	6	3.98905	0	100	0.24	400
s_cg-key-colon	orig@p112	6	3.40698	0	100	0.24	400
s_cg-key-colon	rev@p16	6	3.88927	0	100	0.24	400
s_cg-key-colon	rev@p32	6	3.40731	0	100	0.24	400
s_cg-key-colon	rev@p48	6	1.55365	0	100	0.24	400
s_cg-key-colon	rev@p64	6	3.42128	0	100	0.24	400
s_cg-key-colon	rev@p80	6	3.88228	0	100	0.24	400
s_cg-key-colon	rev@p96	6	3.40698	0	100	0.24	400
s_cg-key-colon	rev@p112	6	3.41064	0	100	0.24	400
s_cg-key-colon	orig	6	9.20346	0	100	0.24	400
s_cg-key-colon	orig2	6	3.40698	0	100	0.24	400
s_cg-key-colon	null	6	1.88925	0	100	0.24	400
s_cg-key-colon	rev	6	3.41430	0	100	0.24	400
s_cg-key-colon	orig@p16	6	4.14638	0	100	0.24	400
s_cg-key-colon	orig@p32	6	3.40731	0	100	0.24	400
s_cg-key-colon	orig@p64	7	4.26446	0	100	0.24	400
s_cg-key-colon	orig@p80	7	3.49645	0	100	0.24	400
s_cg-key-colon	orig@p96	7	1.93549	0	100	0.24	400
s_cg-key-colon	orig@p112	7	3.41430	0	100	0.24	400
s_cg-key-colon	rev@p16	7	4.15004	0	100	0.24	400
s_cg-key-colon	rev@p32	7	3.40698	0	100	0.24	400
s_cg-key-colon	rev@p48	7	4.15702	0	100	0.24	400
s_cg-key-colon	rev@p64	7	3.41064	0	100	0.24	400
s_cg-key-colon	rev@p80	7	4.14638	0	100	0.24	400
s_cg-key-colon	rev@p96	7	3.40698	0	100	0.24	400
s_cg-key-colon	rev@p112	7	1.88593	0	100	0.24	400
s_cg-key-colon	orig	7	3.40698	0	100	0.24	400
s_cg-key-colon	orig2	7	4.14272	0	100	0.24	400
s_cg-key-colon	null	7	3.40365	0	100	0.24	400
s_cg-key-colon	rev	7	4.15337	0	100	0.24	400
s_cg-key-colon	orig@p16	7	3.40698	0	100	0.24	400
s_cg-key-colon	orig@p32	7	4.15337	0	100	0.24	400
s_cg-key-colon	orig@p48	7	3.50011	0	100	0.24	400
s_cg-key-colon	orig@p80	8	4.26779	0	100	0.24	400
s_cg-key-colon	orig@p96	8	3.49645	0	100	0.24	400
s_cg-key-colon	orig@p112	8	4.15004	0	100	0.24	400
s_cg-key-colon	rev@p16	8	3.40731	0	100	0.24	400
s_cg-key-colon	rev@p32	8	6.12145	0	100	0.24	400
s_cg-key-colon	rev@p48	8	3.41430	0	100	0.24	400
s_cg-key-colon	rev@p64	8	4.14272	0	100	0.24	400
s_cg-key-colon	rev@p80	8	3.41430	0	100	0.24	400
s_cg-key-colon	rev@p96	8	4.15337	0	100	0.24	400
s_cg-key-colon	rev@p112	8	3.41064	0	100	0.24	400
s_cg-key-colon	orig	8	1.89291	0	100	0.24	400
s_cg-key-colon	orig2	8	3.41064	0	100	0.24	400
s_cg-key-colon	null	8	4.15337	0	100	0.24	400
s_cg-key-colon	rev	8	3.42860	0	100	0.24	400
s_cg-key-colon	orig@p16	8	4.15702	0	100	0.24	400
s_cg-key-colon	orig@p32	8	3.41430	0	100	0.24	400
s_cg-key-colon	orig@p48	8	3.93184	0	100	0.24	400
s_cg-key-colon	orig@p64	8	3.49645	0	100	0.24	400
s_cg-key-colon	orig@p96	9	3.49645	0	100	0.24	400
s_cg-key-colon	orig@p112	9	3.41396	0	100	0.24	400
s_cg-key-colon	rev@p16	9	3.40332	0	100	0.24	400
s_cg-key-colon	rev@p32	9	3.41064	0	100	0.24	400
s_cg-key-colon	rev@p48	9	3.40731	0	100	0.24	400
s_cg-key-colon	rev@p64	9	3.41430	0	100	0.24	400
s_cg-key-colon	rev@p80	9	3.41097	0	100	0.24	400
s_cg-key-colon	rev@p96	9	3.41795	0	100	0.24	400
s_cg-key-colon	rev@p112	9	3.40731	0	100	0.24	400
s_cg-key-colon	orig	9	3.40332	0	100	0.24	400
s_cg-key-colon	orig2	9	3.40731	0	100	0.24	400
s_cg-key-colon	null	9	3.40365	0	100	0.24	400
s_cg-key-colon	rev	9	3.40731	0	100	0.24	400
s_cg-key-colon	orig@p16	9	3.41430	0	100	0.24	400
s_cg-key-colon	orig@p32	9	3.40731	0	100	0.24	400
s_cg-key-colon	orig@p48	9	3.51408	0	100	0.24	400
s_cg-key-colon	orig@p64	9	3.49978	0	100	0.24	400
s_cg-key-colon	orig@p80	9	3.48913	0	100	0.24	400
s_cg-key-colon	orig@p112	10	3.41064	0	100	0.24	400
s_cg-key-colon	rev@p16	10	3.41097	0	100	0.24	400
s_cg-key-colon	rev@p32	10	3.41430	0	100	0.24	400
s_cg-key-colon	rev@p48	10	3.42860	0	100	0.24	400
s_cg-key-colon	rev@p64	10	3.41097	0	100	0.24	400
s_cg-key-colon	rev@p80	10	3.40731	0	100	0.24	400
s_cg-key-colon	rev@p96	10	3.40731	0	100	0.24	400
s_cg-key-colon	rev@p112	10	3.41097	0	100	0.24	400
s_cg-key-colon	orig	10	3.42161	0	100	0.24	400
s_cg-key-colon	orig2	10	3.40731	0	100	0.24	400
s_cg-key-colon	null	10	3.42860	0	100	0.24	400
s_cg-key-colon	rev	10	3.40698	0	100	0.24	400
s_cg-key-colon	orig@p16	10	3.41064	0	100	0.24	400
s_cg-key-colon	orig@p32	10	3.41430	0	100	0.24	400
s_cg-key-colon	orig@p48	10	3.50011	0	100	0.24	400
s_cg-key-colon	orig@p64	10	3.49612	0	100	0.24	400
s_cg-key-colon	orig@p80	10	3.49279	0	100	0.24	400
s_cg-key-colon	orig@p96	10	3.48913	0	100	0.24	400
s_cg-number	orig	0	2.38745	0	100	0.24	400
s_cg-number	orig2	0	2.38791	0	100	0.24	400
s_cg-number	null	0	2.38232	0	100	0.24	400
s_cg-number	rev	0	2.72016	0	100	0.24	400
s_cg-number	orig@p16	0	2.38488	0	100	0.24	400
s_cg-number	orig@p32	0	2.71993	0	100	0.24	400
s_cg-number	orig@p48	0	2.44752	0	100	0.24	400
s_cg-number	orig@p64	0	1.11246	0	100	0.24	400
s_cg-number	orig@p80	0	2.44495	0	100	0.24	400
s_cg-number	orig@p96	0	2.79234	0	100	0.24	400
s_cg-number	orig@p112	0	2.71993	0	100	0.24	400
s_cg-number	rev@p16	0	2.71504	0	100	0.24	400
s_cg-number	rev@p32	0	2.71993	0	100	0.24	400
s_cg-number	rev@p48	0	2.71504	0	100	0.24	400
s_cg-number	rev@p64	0	2.72249	0	100	0.24	400
s_cg-number	rev@p80	0	2.71737	0	100	0.24	400
s_cg-number	rev@p96	0	2.72249	0	100	0.24	400
s_cg-number	rev@p112	0	2.71504	0	100	0.24	400
s_cg-number	orig2	1	2.72738	0	100	0.24	400
s_cg-number	null	1	2.71993	0	100	0.24	400
s_cg-number	rev	1	2.72016	0	100	0.24	400
s_cg-number	orig@p16	1	2.71760	0	100	0.24	400
s_cg-number	orig@p32	1	7.32252	0	100	0.24	400
s_cg-number	orig@p48	1	2.79257	0	100	0.24	400
s_cg-number	orig@p64	1	2.79001	0	100	0.24	400
s_cg-number	orig@p80	1	2.78745	0	100	0.24	400
s_cg-number	orig@p96	1	2.79001	0	100	0.24	400
s_cg-number	orig@p112	1	2.71993	0	100	0.24	400
s_cg-number	rev@p16	1	2.71737	0	100	0.24	400
s_cg-number	rev@p32	1	2.71760	0	100	0.24	400
s_cg-number	rev@p48	1	2.71993	0	100	0.24	400
s_cg-number	rev@p64	1	2.71993	0	100	0.24	400
s_cg-number	rev@p80	1	2.71760	0	100	0.24	400
s_cg-number	rev@p96	1	2.71993	0	100	0.24	400
s_cg-number	rev@p112	1	2.71737	0	100	0.24	400
s_cg-number	orig	1	2.71504	0	100	0.24	400
s_cg-number	null	2	2.72249	0	100	0.24	400
s_cg-number	rev	2	1.08755	0	100	0.24	400
s_cg-number	orig@p16	2	2.71993	0	100	0.24	400
s_cg-number	orig@p32	2	1.08755	0	100	0.24	400
s_cg-number	orig@p48	2	2.79001	0	100	0.24	400
s_cg-number	orig@p64	2	1.11759	0	100	0.24	400
s_cg-number	orig@p80	2	1.11992	0	100	0.24	400
s_cg-number	orig@p96	2	1.12504	0	100	0.24	400
s_cg-number	orig@p112	2	1.08755	0	100	0.24	400
s_cg-number	rev@p16	2	1.08499	0	100	0.24	400
s_cg-number	rev@p32	2	1.08732	0	100	0.24	400
s_cg-number	rev@p48	2	2.72249	0	100	0.24	400
s_cg-number	rev@p64	2	1.08732	0	100	0.24	400
s_cg-number	rev@p80	2	2.71993	0	100	0.24	400
s_cg-number	rev@p96	2	2.72016	0	100	0.24	400
s_cg-number	rev@p112	2	1.08755	0	100	0.24	400
s_cg-number	orig	2	1.08988	0	100	0.24	400
s_cg-number	orig2	2	2.71993	0	100	0.24	400
s_cg-number	rev	3	1.08755	0	100	0.24	400
s_cg-number	orig@p16	3	2.72249	0	100	0.24	400
s_cg-number	orig@p32	3	1.10012	0	100	0.24	400
s_cg-number	orig@p48	3	1.11246	0	100	0.24	400
s_cg-number	orig@p64	3	1.11759	0	100	0.24	400
s_cg-number	orig@p80	3	2.78000	0	100	0.24	400
s_cg-number	orig@p96	3	1.11503	0	100	0.24	400
s_cg-number	orig@p112	3	1.08732	0	100	0.24	400
s_cg-number	rev@p16	3	2.71248	0	100	0.24	400
s_cg-number	rev@p32	3	2.79234	0	100	0.24	400
s_cg-number	rev@p48	3	1.08755	0	100	0.24	400
s_cg-number	rev@p64	3	2.71504	0	100	0.24	400
s_cg-number	rev@p80	3	1.08499	0	100	0.24	400
s_cg-number	rev@p96	3	1.08755	0	100	0.24	400
s_cg-number	rev@p112	3	2.71760	0	100	0.24	400
s_cg-number	orig	3	1.09011	0	100	0.24	400
s_cg-number	orig2	3	2.71993	0	100	0.24	400
s_cg-number	null	3	1.08732	0	100	0.24	400
s_cg-number	orig@p16	4	1.08732	0	100	0.24	400
s_cg-number	orig@p32	4	1.08988	0	100	0.24	400
s_cg-number	orig@p48	4	1.11503	0	100	0.24	400
s_cg-number	orig@p64	4	1.11735	0	100	0.24	400
s_cg-number	orig@p80	4	2.79513	0	100	0.24	400
s_cg-number	orig@p96	4	1.11503	0	100	0.24	400
s_cg-number	orig@p112	4	1.08499	0	100	0.24	400
s_cg-number	rev@p16	4	1.08755	0	100	0.24	400
s_cg-number	rev@p32	4	1.08755	0	100	0.24	400
s_cg-number	rev@p48	4	2.72505	0	100	0.24	400
s_cg-number	rev@p64	4	1.08499	0	100	0.24	400
s_cg-number	rev@p80	4	2.71993	0	100	0.24	400
s_cg-number	rev@p96	4	2.71481	0	100	0.24	400
s_cg-number	rev@p112	4	2.71760	0	100	0.24	400
s_cg-number	orig	4	2.71993	0	100	0.24	400
s_cg-number	orig2	4	1.09011	0	100	0.24	400
s_cg-number	null	4	1.08499	0	100	0.24	400
s_cg-number	rev	4	2.71760	0	100	0.24	400
s_cg-number	orig@p32	5	1.08988	0	100	0.24	400
s_cg-number	orig@p48	5	1.11503	0	100	0.24	400
s_cg-number	orig@p64	5	2.79001	0	100	0.24	400
s_cg-number	orig@p80	5	1.12248	0	100	0.24	400
s_cg-number	orig@p96	5	2.79001	0	100	0.24	400
s_cg-number	orig@p112	5	2.72016	0	100	0.24	400
s_cg-number	rev@p16	5	1.08755	0	100	0.24	400
s_cg-number	rev@p32	5	2.72016	0	100	0.24	400
s_cg-number	rev@p48	5	1.08755	0	100	0.24	400
s_cg-number	rev@p64	5	1.08755	0	100	0.24	400
s_cg-number	rev@p80	5	1.08499	0	100	0.24	400
s_cg-number	rev@p96	5	2.72482	0	100	0.24	400
s_cg-number	rev@p112	5	2.71248	0	100	0.24	400
s_cg-number	orig	5	2.71760	0	100	0.24	400
s_cg-number	orig2	5	1.09011	0	100	0.24	400
s_cg-number	null	5	2.00770	0	100	0.24	400
s_cg-number	rev	5	1.08755	0	100	0.24	400
s_cg-number	orig@p16	5	2.72505	0	100	0.24	400
s_cg-number	orig@p48	6	2.79001	0	100	0.24	400
s_cg-number	orig@p64	6	2.75741	0	100	0.24	400
s_cg-number	orig@p80	6	1.11735	0	100	0.24	400
s_cg-number	orig@p96	6	2.74763	0	100	0.24	400
s_cg-number	orig@p112	6	1.08732	0	100	0.24	400
s_cg-number	rev@p16	6	2.68244	0	100	0.24	400
s_cg-number	rev@p32	6	1.09011	0	100	0.24	400
s_cg-number	rev@p48	6	2.69990	0	100	0.24	400
s_cg-number	rev@p64	6	2.71760	0	100	0.24	400
s_cg-number	rev@p80	6	2.90247	0	100	0.24	400
s_cg-number	rev@p96	6	2.71760	0	100	0.24	400
s_cg-number	rev@p112	6	1.32248	0	100	0.24	400
s_cg-number	orig	6	1.08755	0	100	0.24	400
s_cg-number	orig2	6	2.90759	0	100	0.24	400
s_cg-number	null	6	2.72505	0	100	0.24	400
s_cg-number	rev	6	1.31992	0	100	0.24	400
s_cg-number	orig@p16	6	2.71504	0	100	0.24	400
s_cg-number	orig@p32	6	1.32248	0	100	0.24	400
s_cg-number	orig@p64	7	2.79001	0	100	0.24	400
s_cg-number	orig@p80	7	2.98256	0	100	0.24	400
s_cg-number	orig@p96	7	2.78489	0	100	0.24	400
s_cg-number	orig@p112	7	1.31992	0	100	0.24	400
s_cg-number	rev@p16	7	2.70735	0	100	0.24	400
s_cg-number	rev@p32	7	1.31992	0	100	0.24	400
s_cg-number	rev@p48	7	2.68244	0	100	0.24	400
s_cg-number	rev@p64	7	2.90736	0	100	0.24	400
s_cg-number	rev@p80	7	2.68244	0	100	0.24	400
s_cg-number	rev@p96	7	2.91248	0	100	0.24	400
s_cg-number	rev@p112	7	3.11248	0	100	0.24	400
s_cg-number	orig	7	1.32760	0	100	0.24	400
s_cg-number	orig2	7	2.68733	0	100	0.24	400
s_cg-number	null	7	2.90526	0	100	0.24	400
s_cg-number	rev	7	2.68500	0	100	0.24	400
s_cg-number	orig@p16	7	2.90480	0	100	0.24	400
s_cg-number	orig@p32	7	2.68500	0	100	0.24	400
s_cg-number	orig@p48	7	1.35251	0	100	0.24	400
s_cg-number	orig@p80	8	2.76254	0	100	0.24	400
s_cg-number	orig@p96	8	2.98256	0	100	0.24	400
s_cg-number	orig@p112	8	2.69501	0	100	0.24	400
s_cg-number	rev@p16	8	2.90247	0	100	0.24	400
s_cg-number	rev@p32	8	2.67988	0	100	0.24	400
s_cg-number	rev@p48	8	1.32015	0	100	0.24	400
s_cg-number	rev@p64	8	2.68244	0	100	0.24	400
s_cg-number	rev@p80	8	2.68500	0	100	0.24	400
s_cg-number	rev@p96	8	9.98285	0	100	0.24	400
s_cg-number	rev@p112	8	2.68244	0	100	0.24	400
s_cg-number	orig	8	2.90247	0	100	0.24	400
s_cg-number	orig2	8	2.68756	0	100	0.24	400
s_cg-number	null	8	1.31992	0	100	0.24	400
s_cg-number	rev	8	2.68244	0	100	0.24	400
s_cg-number	orig@p16	8	2.90247	0	100	0.24	400
s_cg-number	orig@p32	8	2.70247	0	100	0.24	400
s_cg-number	orig@p48	8	2.98256	0	100	0.24	400
s_cg-number	orig@p64	8	2.74996	0	100	0.24	400
s_cg-number	orig@p96	9	1.35484	0	100	0.24	400
s_cg-number	orig@p112	9	2.68267	0	100	0.24	400
s_cg-number	rev@p16	9	1.32248	0	100	0.24	400
s_cg-number	rev@p32	9	2.69245	0	100	0.24	400
s_cg-number	rev@p48	9	2.90759	0	100	0.24	400
s_cg-number	rev@p64	9	2.68267	0	100	0.24	400
s_cg-number	rev@p80	9	2.90759	0	100	0.24	400
s_cg-number	rev@p96	9	2.68244	0	100	0.24	400
s_cg-number	rev@p112	9	1.32248	0	100	0.24	400
s_cg-number	orig	9	2.68011	0	100	0.24	400
s_cg-number	orig2	9	2.90503	0	100	0.24	400
s_cg-number	null	9	2.68756	0	100	0.24	400
s_cg-number	rev	9	2.90247	0	100	0.24	400
s_cg-number	orig@p16	9	2.68500	0	100	0.24	400
s_cg-number	orig@p32	9	1.31992	0	100	0.24	400
s_cg-number	orig@p48	9	2.75252	0	100	0.24	400
s_cg-number	orig@p64	9	2.97744	0	100	0.24	400
s_cg-number	orig@p80	9	2.75252	0	100	0.24	400
s_cg-number	orig@p112	10	2.90503	0	100	0.24	400
s_cg-number	rev@p16	10	2.69013	0	100	0.24	400
s_cg-number	rev@p32	10	1.31992	0	100	0.24	400
s_cg-number	rev@p48	10	2.68756	0	100	0.24	400
s_cg-number	rev@p64	10	2.90992	0	100	0.24	400
s_cg-number	rev@p80	10	2.68500	0	100	0.24	400
s_cg-number	rev@p96	10	2.90992	0	100	0.24	400
s_cg-number	rev@p112	10	2.68756	0	100	0.24	400
s_cg-number	orig	10	1.32015	0	100	0.24	400
s_cg-number	orig2	10	2.68500	0	100	0.24	400
s_cg-number	null	10	2.90736	0	100	0.24	400
s_cg-number	rev	10	2.68244	0	100	0.24	400
s_cg-number	orig@p16	10	2.38745	0	100	0.24	400
s_cg-number	orig@p32	10	2.39001	0	100	0.24	400
s_cg-number	orig@p48	10	2.44519	0	100	0.24	400
s_cg-number	orig@p64	10	2.45008	0	100	0.24	400
s_cg-number	orig@p80	10	2.44752	0	100	0.24	400
s_cg-number	orig@p96	10	2.44752	0	100	0.24	400
s_cg-object-begin	orig	0	23.85117	0	100	0.24	400
s_cg-object-begin	orig2	0	23.84884	0	100	0.24	400
s_cg-object-begin	null	0	23.87678	0	100	0.24	400
s_cg-object-begin	rev	0	23.87678	0	100	0.24	400
s_cg-object-begin	orig@p16	0	23.85117	0	100	0.24	400
s_cg-object-begin	orig@p32	0	24.05141	0	100	0.24	400
s_cg-object-begin	orig@p48	0	24.50077	0	100	0.24	400
s_cg-object-begin	orig@p64	0	24.44955	0	100	0.24	400
s_cg-object-begin	orig@p80	0	24.47516	0	100	0.24	400
s_cg-object-begin	orig@p96	0	24.52638	0	100	0.24	400
s_cg-object-begin	orig@p112	0	23.90007	0	100	0.24	400
s_cg-object-begin	rev@p16	0	23.95129	0	100	0.24	400
s_cg-object-begin	rev@p32	0	23.84884	0	100	0.24	400
s_cg-object-begin	rev@p48	0	23.84884	0	100	0.24	400
s_cg-object-begin	rev@p64	0	51.57432	0	100	0.24	400
s_cg-object-begin	rev@p80	0	23.92568	0	100	0.24	400
s_cg-object-begin	rev@p96	0	23.85117	0	100	0.24	400
s_cg-object-begin	rev@p112	0	23.84884	0	100	0.24	400
s_cg-object-begin	orig2	1	23.82556	0	100	0.24	400
s_cg-object-begin	null	1	23.84884	0	100	0.24	400
s_cg-object-begin	rev	1	23.92568	0	100	0.24	400
s_cg-object-begin	orig@p16	1	23.82556	0	100	0.24	400
s_cg-object-begin	orig@p32	1	23.84884	0	100	0.24	400
s_cg-object-begin	orig@p48	1	24.47516	0	100	0.24	400
s_cg-object-begin	orig@p64	1	24.44955	0	100	0.24	400
s_cg-object-begin	orig@p80	1	24.44955	0	100	0.24	400
s_cg-object-begin	orig@p96	1	24.54966	0	100	0.24	400
s_cg-object-begin	orig@p112	1	23.85117	0	100	0.24	400
s_cg-object-begin	rev@p16	1	23.92568	0	100	0.24	400
s_cg-object-begin	rev@p32	1	24.02347	0	100	0.24	400
s_cg-object-begin	rev@p48	1	23.82556	0	100	0.24	400
s_cg-object-begin	rev@p64	1	23.90239	0	100	0.24	400
s_cg-object-begin	rev@p80	1	23.82556	0	100	0.24	400
s_cg-object-begin	rev@p96	1	23.90007	0	100	0.24	400
s_cg-object-begin	rev@p112	1	23.85350	0	100	0.24	400
s_cg-object-begin	orig	1	23.90007	0	100	0.24	400
s_cg-object-begin	null	2	23.85117	0	100	0.24	400
s_cg-object-begin	rev	2	23.92568	0	100	0.24	400
s_cg-object-begin	orig@p16	2	23.85117	0	100	0.24	400
s_cg-object-begin	orig@p32	2	23.85117	0	100	0.24	400
s_cg-object-begin	orig@p48	2	24.47516	0	100	0.24	400
s_cg-object-begin	orig@p64	2	24.44955	0	100	0.24	400
s_cg-object-begin	orig@p80	2	24.52405	0	100	0.24	400
s_cg-object-begin	orig@p96	2	24.44955	0	100	0.24	400
s_cg-object-begin	orig@p112	2	23.85117	0	100	0.24	400
s_cg-object-begin	rev@p16	2	23.84884	0	100	0.24	400
s_cg-object-begin	rev@p32	2	23.85117	0	100	0.24	400
s_cg-object-begin	rev@p48	2	23.90007	0	100	0.24	400
s_cg-object-begin	rev@p64	2	23.87445	0	100	0.24	400
s_cg-object-begin	rev@p80	2	23.85117	0	100	0.24	400
s_cg-object-begin	rev@p96	2	23.82556	0	100	0.24	400
s_cg-object-begin	rev@p112	2	23.82556	0	100	0.24	400
s_cg-object-begin	orig	2	11.05014	0	100	0.24	400
s_cg-object-begin	orig2	2	27.19928	0	100	0.24	400
s_cg-object-begin	rev	3	27.17599	0	100	0.24	400
s_cg-object-begin	orig@p16	3	27.19928	0	100	0.24	400
s_cg-object-begin	orig@p32	3	10.87319	0	100	0.24	400
s_cg-object-begin	orig@p48	3	27.87448	0	100	0.24	400
s_cg-object-begin	orig@p64	3	16.24925	0	100	0.24	400
s_cg-object-begin	orig@p80	3	27.97460	0	100	0.24	400
s_cg-object-begin	orig@p96	3	29.82561	0	100	0.24	400
s_cg-object-begin	orig@p112	3	27.25050	0	100	0.24	400
s_cg-object-begin	rev@p16	3	79.57453	0	100	0.24	400
s_cg-object-begin	rev@p32	3	27.17366	0	100	0.24	400
s_cg-object-begin	rev@p48	3	11.02453	0	100	0.24	400
s_cg-object-begin	rev@p64	3	26.80114	0	100	0.24	400
s_cg-object-begin	rev@p80	3	27.22489	0	100	0.24	400
s_cg-object-begin	rev@p96	3	26.87564	0	100	0.24	400
s_cg-object-begin	rev@p112	3	27.15038	0	100	0.24	400
s_cg-object-begin	orig	3	26.82675	0	100	0.24	400
s_cg-object-begin	orig2	3	10.87319	0	100	0.24	400
s_cg-object-begin	null	3	26.82675	0	100	0.24	400
s_cg-object-begin	orig@p16	4	27.17366	0	100	0.24	400
s_cg-object-begin	orig@p32	4	26.82908	0	100	0.24	400
s_cg-object-begin	orig@p48	4	27.49963	0	100	0.24	400
s_cg-object-begin	orig@p64	4	27.94899	0	100	0.24	400
s_cg-object-begin	orig@p80	4	27.49963	0	100	0.24	400
s_cg-object-begin	orig@p96	4	11.14793	0	100	0.24	400
s_cg-object-begin	orig@p112	4	26.85003	0	100	0.24	400
s_cg-object-begin	rev@p16	4	27.15038	0	100	0.24	400
s_cg-object-begin	rev@p32	4	26.82442	0	100	0.24	400
s_cg-object-begin	rev@p48	4	27.15038	0	100	0.24	400
s_cg-object-begin	rev@p64	4	26.85003	0	100	0.24	400
s_cg-object-begin	rev@p80	4	10.84991	0	100	0.24	400
s_cg-object-begin	rev@p96	4	26.79881	0	100	0.24	400
s_cg-object-begin	rev@p112	4	27.22489	0	100	0.24	400
s_cg-object-begin	orig	4	26.77552	0	100	0.24	400
s_cg-object-begin	orig2	4	26.79881	0	100	0.24	400
s_cg-object-begin	null	4	23.90239	0	100	0.24	400
s_cg-object-begin	rev	4	23.90007	0	100	0.24	400
s_cg-object-begin	orig@p32	5	24.50077	0	100	0.24	400
s_cg-object-begin	orig@p48	5	24.45187	0	100	0.24	400
s_cg-object-begin	orig@p64	5	24.50077	0	100	0.24	400
s_cg-object-begin	orig@p80	5	24.47516	0	100	0.24	400
s_cg-object-begin	orig@p96	5	24.50077	0	100	0.24	400
s_cg-object-begin	orig@p112	5	23.92568	0	100	0.24	400
s_cg-object-begin	rev@p16	5	23.85117	0	100	0.24	400
s_cg-object-begin	rev@p32	5	23.84884	0	100	0.24	400
s_cg-object-begin	rev@p48	5	23.85117	0	100	0.24	400
s_cg-object-begin	rev@p64	5	23.99785	0	100	0.24	400
s_cg-object-begin	rev@p80	5	23.82556	0	100	0.24	400
s_cg-object-begin	rev@p96	5	23.85117	0	100	0.24	400
s_cg-object-begin	rev@p112	5	23.79995	0	100	0.24	400
s_cg-object-begin	orig	5	23.82556	0	100	0.24	400
s_cg-object-begin	orig2	5	23.87445	0	100	0.24	400
s_cg-object-begin	null	5	23.87678	0	100	0.24	400
s_cg-object-begin	rev	5	23.85117	0	100	0.24	400
s_cg-object-begin	orig@p16	5	23.85350	0	100	0.24	400
s_cg-object-begin	orig@p48	6	24.52405	0	100	0.24	400
s_cg-object-begin	orig@p64	6	24.52638	0	100	0.24	400
s_cg-object-begin	orig@p80	6	24.44955	0	100	0.24	400
s_cg-object-begin	orig@p96	6	24.47516	0	100	0.24	400
s_cg-object-begin	orig@p112	6	23.87678	0	100	0.24	400
s_cg-object-begin	rev@p16	6	23.85117	0	100	0.24	400
s_cg-object-begin	rev@p32	6	23.84884	0	100	0.24	400
s_cg-object-begin	rev@p48	6	23.85117	0	100	0.24	400
s_cg-object-begin	rev@p64	6	23.85117	0	100	0.24	400
s_cg-object-begin	rev@p80	6	23.82556	0	100	0.24	400
s_cg-object-begin	rev@p96	6	23.82556	0	100	0.24	400
s_cg-object-begin	rev@p112	6	24.00018	0	100	0.24	400
s_cg-object-begin	orig	6	23.85117	0	100	0.24	400
s_cg-object-begin	orig2	6	23.87445	0	100	0.24	400
s_cg-object-begin	null	6	23.85117	0	100	0.24	400
s_cg-object-begin	rev	6	23.85117	0	100	0.24	400
s_cg-object-begin	orig@p16	6	23.82556	0	100	0.24	400
s_cg-object-begin	orig@p32	6	23.87445	0	100	0.24	400
s_cg-object-begin	orig@p64	7	24.52405	0	100	0.24	400
s_cg-object-begin	orig@p80	7	24.42626	0	100	0.24	400
s_cg-object-begin	orig@p96	7	24.49844	0	100	0.24	400
s_cg-object-begin	orig@p112	7	23.82556	0	100	0.24	400
s_cg-object-begin	rev@p16	7	23.79995	0	100	0.24	400
s_cg-object-begin	rev@p32	7	23.90007	0	100	0.24	400
s_cg-object-begin	rev@p48	7	23.84884	0	100	0.24	400
s_cg-object-begin	rev@p64	7	23.90007	0	100	0.24	400
s_cg-object-begin	rev@p80	7	23.87445	0	100	0.24	400
s_cg-object-begin	rev@p96	7	23.82323	0	100	0.24	400
s_cg-object-begin	rev@p112	7	23.90007	0	100	0.24	400
s_cg-object-begin	orig	7	23.84884	0	100	0.24	400
s_cg-object-begin	orig2	7	23.87445	0	100	0.24	400
s_cg-object-begin	null	7	23.82556	0	100	0.24	400
s_cg-object-begin	rev	7	23.87445	0	100	0.24	400
s_cg-object-begin	orig@p16	7	23.82556	0	100	0.24	400
s_cg-object-begin	orig@p32	7	23.82323	0	100	0.24	400
s_cg-object-begin	orig@p48	7	99.37445	0	100	0.24	400
s_cg-object-begin	orig@p80	8	24.47516	0	100	0.24	400
s_cg-object-begin	orig@p96	8	24.50077	0	100	0.24	400
s_cg-object-begin	orig@p112	8	24.52638	0	100	0.24	400
s_cg-object-begin	rev@p16	8	23.92568	0	100	0.24	400
s_cg-object-begin	rev@p32	8	23.82556	0	100	0.24	400
s_cg-object-begin	rev@p48	8	23.97457	0	100	0.24	400
s_cg-object-begin	rev@p64	8	23.84884	0	100	0.24	400
s_cg-object-begin	rev@p80	8	23.87678	0	100	0.24	400
s_cg-object-begin	rev@p96	8	23.90007	0	100	0.24	400
s_cg-object-begin	rev@p112	8	23.85117	0	100	0.24	400
s_cg-object-begin	orig	8	23.84884	0	100	0.24	400
s_cg-object-begin	orig2	8	23.87678	0	100	0.24	400
s_cg-object-begin	null	8	23.92568	0	100	0.24	400
s_cg-object-begin	rev	8	23.82556	0	100	0.24	400
s_cg-object-begin	orig@p16	8	23.87445	0	100	0.24	400
s_cg-object-begin	orig@p32	8	23.87445	0	100	0.24	400
s_cg-object-begin	orig@p48	8	24.50077	0	100	0.24	400
s_cg-object-begin	orig@p64	8	24.44955	0	100	0.24	400
s_cg-object-begin	orig@p96	9	24.60089	0	100	0.24	400
s_cg-object-begin	orig@p112	9	23.87678	0	100	0.24	400
s_cg-object-begin	rev@p16	9	23.85117	0	100	0.24	400
s_cg-object-begin	rev@p32	9	23.84884	0	100	0.24	400
s_cg-object-begin	rev@p48	9	23.84884	0	100	0.24	400
s_cg-object-begin	rev@p64	9	23.85117	0	100	0.24	400
s_cg-object-begin	rev@p80	9	23.84884	0	100	0.24	400
s_cg-object-begin	rev@p96	9	23.87445	0	100	0.24	400
s_cg-object-begin	rev@p112	9	23.87678	0	100	0.24	400
s_cg-object-begin	orig	9	23.82556	0	100	0.24	400
s_cg-object-begin	orig2	9	23.87445	0	100	0.24	400
s_cg-object-begin	null	9	23.82556	0	100	0.24	400
s_cg-object-begin	rev	9	23.87678	0	100	0.24	400
s_cg-object-begin	orig@p16	9	23.87445	0	100	0.24	400
s_cg-object-begin	orig@p32	9	23.82556	0	100	0.24	400
s_cg-object-begin	orig@p48	9	24.44955	0	100	0.24	400
s_cg-object-begin	orig@p64	9	24.45187	0	100	0.24	400
s_cg-object-begin	orig@p80	9	24.44955	0	100	0.24	400
s_cg-object-begin	orig@p112	10	23.92568	0	100	0.24	400
s_cg-object-begin	rev@p16	10	23.85117	0	100	0.24	400
s_cg-object-begin	rev@p32	10	23.94896	0	100	0.24	400
s_cg-object-begin	rev@p48	10	23.84884	0	100	0.24	400
s_cg-object-begin	rev@p64	10	23.84884	0	100	0.24	400
s_cg-object-begin	rev@p80	10	23.84884	0	100	0.24	400
s_cg-object-begin	rev@p96	10	23.84884	0	100	0.24	400
s_cg-object-begin	rev@p112	10	23.90007	0	100	0.24	400
s_cg-object-begin	orig	10	23.84884	0	100	0.24	400
s_cg-object-begin	orig2	10	23.87445	0	100	0.24	400
s_cg-object-begin	null	10	23.85117	0	100	0.24	400
s_cg-object-begin	rev	10	23.97690	0	100	0.24	400
s_cg-object-begin	orig@p16	10	23.82556	0	100	0.24	400
s_cg-object-begin	orig@p32	10	23.85117	0	100	0.24	400
s_cg-object-begin	orig@p48	10	24.50077	0	100	0.24	400
s_cg-object-begin	orig@p64	10	24.44955	0	100	0.24	400
s_cg-object-begin	orig@p80	10	24.50077	0	100	0.24	400
s_cg-object-begin	orig@p96	10	24.52405	0	100	0.24	400
s_cg-string-escape	orig	0	11.91278	0	100	0.24	400
s_cg-string-escape	orig2	0	11.93723	0	100	0.24	400
s_cg-string-escape	null	0	11.97564	0	100	0.24	400
s_cg-string-escape	rev	0	11.93839	0	100	0.24	400
s_cg-string-escape	orig@p16	0	11.93723	0	100	0.24	400
s_cg-string-escape	orig@p32	0	11.91278	0	100	0.24	400
s_cg-string-escape	orig@p48	0	12.23758	0	100	0.24	400
s_cg-string-escape	orig@p64	0	12.24922	0	100	0.24	400
s_cg-string-escape	orig@p80	0	12.25038	0	100	0.24	400
s_cg-string-escape	orig@p96	0	12.26319	0	100	0.24	400
s_cg-string-escape	orig@p112	0	11.93839	0	100	0.24	400
s_cg-string-escape	rev@p16	0	11.93723	0	100	0.24	400
s_cg-string-escape	rev@p32	0	11.92442	0	100	0.24	400
s_cg-string-escape	rev@p48	0	11.92559	0	100	0.24	400
s_cg-string-escape	rev@p64	0	11.91162	0	100	0.24	400
s_cg-string-escape	rev@p80	0	11.92442	0	100	0.24	400
s_cg-string-escape	rev@p96	0	11.92559	0	100	0.24	400
s_cg-string-escape	rev@p112	0	11.92442	0	100	0.24	400
s_cg-string-escape	orig2	1	11.92559	0	100	0.24	400
s_cg-string-escape	null	1	11.93723	0	100	0.24	400
s_cg-string-escape	rev	1	11.95003	0	100	0.24	400
s_cg-string-escape	orig@p16	1	11.97448	0	100	0.24	400
s_cg-string-escape	orig@p32	1	11.93723	0	100	0.24	400
s_cg-string-escape	orig@p48	1	12.23758	0	100	0.24	400
s_cg-string-escape	orig@p64	1	12.22594	0	100	0.24	400
s_cg-string-escape	orig@p80	1	12.22477	0	100	0.24	400
s_cg-string-escape	orig@p96	1	12.25038	0	100	0.24	400
s_cg-string-escape	orig@p112	1	11.92442	0	100	0.24	400
s_cg-string-escape	rev@p16	1	5.45057	0	100	0.24	400
s_cg-string-escape	rev@p32	1	11.93723	0	100	0.24	400
s_cg-string-escape	rev@p48	1	13.58683	0	100	0.24	400
s_cg-string-escape	rev@p64	1	11.92442	0	100	0.24	400
s_cg-string-escape	rev@p80	1	13.58800	0	100	0.24	400
s_cg-string-escape	rev@p96	1	11.92442	0	100	0.24	400
s_cg-string-escape	rev@p112	1	13.57519	0	100	0.24	400
s_cg-string-escape	orig	1	11.93839	0	100	0.24	400
s_cg-string-escape	null	2	6.61239	0	100	0.24	400
s_cg-string-escape	rev	2	12.96285	0	100	0.24	400
s_cg-string-escape	orig@p16	2	14.51233	0	100	0.24	400
s_cg-string-escape	orig@p32	2	11.93723	0	100	0.24	400
s_cg-string-escape	orig@p48	2	14.91280	0	100	0.24	400
s_cg-string-escape	orig@p64	2	12.23758	0	100	0.24	400
s_cg-string-escape	orig@p80	2	12.22477	0	100	0.24	400
s_cg-string-escape	orig@p96	2	12.22477	0	100	0.24	400
s_cg-string-escape	orig@p112	2	11.96284	0	100	0.24	400
s_cg-string-escape	rev@p16	2	11.91278	0	100	0.24	400
s_cg-string-escape	rev@p32	2	11.92559	0	100	0.24	400
s_cg-string-escape	rev@p48	2	11.92442	0	100	0.24	400
s_cg-string-escape	rev@p64	2	11.93723	0	100	0.24	400
s_cg-string-escape	rev@p80	2	11.95003	0	100	0.24	400
s_cg-string-escape	rev@p96	2	17.11305	0	100	0.24	400
s_cg-string-escape	rev@p112	2	11.91278	0	100	0.24	400
s_cg-string-escape	orig	2	11.92442	0	100	0.24	400
s_cg-string-escape	orig2	2	11.93839	0	100	0.24	400
s_cg-string-escape	rev	3	11.92559	0	100	0.24	400
s_cg-string-escape	orig@p16	3	11.92442	0	100	0.24	400
s_cg-string-escape	orig@p32	3	11.92442	0	100	0.24	400
s_cg-string-escape	orig@p48	3	12.22477	0	100	0.24	400
s_cg-string-escape	orig@p64	3	12.23758	0	100	0.24	400
s_cg-string-escape	orig@p80	3	12.27483	0	100	0.24	400
s_cg-string-escape	orig@p96	3	12.23758	0	100	0.24	400
s_cg-string-escape	orig@p112	3	11.91278	0	100	0.24	400
s_cg-string-escape	rev@p16	3	11.93723	0	100	0.24	400
s_cg-string-escape	rev@p32	3	11.93723	0	100	0.24	400
s_cg-string-escape	rev@p48	3	11.95003	0	100	0.24	400
s_cg-string-escape	rev@p64	3	11.92559	0	100	0.24	400
s_cg-string-escape	rev@p80	3	11.93723	0	100	0.24	400
s_cg-string-escape	rev@p96	3	11.91278	0	100	0.24	400
s_cg-string-escape	rev@p112	3	11.92559	0	100	0.24	400
s_cg-string-escape	orig	3	11.92559	0	100	0.24	400
s_cg-string-escape	orig2	3	11.93723	0	100	0.24	400
s_cg-string-escape	null	3	11.93839	0	100	0.24	400
s_cg-string-escape	orig@p16	4	11.93723	0	100	0.24	400
s_cg-string-escape	orig@p32	4	11.95003	0	100	0.24	400
s_cg-string-escape	orig@p48	4	12.22477	0	100	0.24	400
s_cg-string-escape	orig@p64	4	12.22594	0	100	0.24	400
s_cg-string-escape	orig@p80	4	12.22477	0	100	0.24	400
s_cg-string-escape	orig@p96	4	12.23758	0	100	0.24	400
s_cg-string-escape	orig@p112	4	11.92559	0	100	0.24	400
s_cg-string-escape	rev@p16	4	11.89997	0	100	0.24	400
s_cg-string-escape	rev@p32	4	11.97564	0	100	0.24	400
s_cg-string-escape	rev@p48	4	11.92442	0	100	0.24	400
s_cg-string-escape	rev@p64	4	11.92442	0	100	0.24	400
s_cg-string-escape	rev@p80	4	11.89997	0	100	0.24	400
s_cg-string-escape	rev@p96	4	11.96284	0	100	0.24	400
s_cg-string-escape	rev@p112	4	11.95003	0	100	0.24	400
s_cg-string-escape	orig	4	11.91394	0	100	0.24	400
s_cg-string-escape	orig2	4	11.93839	0	100	0.24	400
s_cg-string-escape	null	4	11.95003	0	100	0.24	400
s_cg-string-escape	rev	4	11.95003	0	100	0.24	400
s_cg-string-escape	orig@p32	5	11.93723	0	100	0.24	400
s_cg-string-escape	orig@p48	5	12.22477	0	100	0.24	400
s_cg-string-escape	orig@p64	5	12.22477	0	100	0.24	400
s_cg-string-escape	orig@p80	5	12.22477	0	100	0.24	400
s_cg-string-escape	orig@p96	5	12.23758	0	100	0.24	400
s_cg-string-escape	orig@p112	5	11.93723	0	100	0.24	400
s_cg-string-escape	rev@p16	5	11.91278	0	100	0.24	400
s_cg-string-escape	rev@p32	5	11.91278	0	100	0.24	400
s_cg-string-escape	rev@p48	5	11.91162	0	100	0.24	400
s_cg-string-escape	rev@p64	5	11.93723	0	100	0.24	400
s_cg-string-escape	rev@p80	5	11.91162	0	100	0.24	400
s_cg-string-escape	rev@p96	5	11.91162	0	100	0.24	400
s_cg-string-escape	rev@p112	5	11.95003	0	100	0.24	400
s_cg-string-escape	orig	5	11.93723	0	100	0.24	400
s_cg-string-escape	orig2	5	11.93839	0	100	0.24	400
s_cg-string-escape	null	5	11.93723	0	100	0.24	400
s_cg-string-escape	rev	5	11.93723	0	100	0.24	400
s_cg-string-escape	orig@p16	5	11.92559	0	100	0.24	400
s_cg-string-escape	orig@p48	6	12.25038	0	100	0.24	400
s_cg-string-escape	orig@p64	6	12.22477	0	100	0.24	400
s_cg-string-escape	orig@p80	6	12.23758	0	100	0.24	400
s_cg-string-escape	orig@p96	6	12.25038	0	100	0.24	400
s_cg-string-escape	orig@p112	6	12.03734	0	100	0.24	400
s_cg-string-escape	rev@p16	6	11.92442	0	100	0.24	400
s_cg-string-escape	rev@p32	6	11.95003	0	100	0.24	400
s_cg-string-escape	rev@p48	6	11.92442	0	100	0.24	400
s_cg-string-escape	rev@p64	6	11.92442	0	100	0.24	400
s_cg-string-escape	rev@p80	6	36.74999	0	100	0.24	400
s_cg-string-escape	rev@p96	6	11.93723	0	100	0.24	400
s_cg-string-escape	rev@p112	6	11.97448	0	100	0.24	400
s_cg-string-escape	orig	6	11.93723	0	100	0.24	400
s_cg-string-escape	orig2	6	11.92442	0	100	0.24	400
s_cg-string-escape	null	6	11.92559	0	100	0.24	400
s_cg-string-escape	rev	6	11.93723	0	100	0.24	400
s_cg-string-escape	orig@p16	6	12.22477	0	100	0.24	400
s_cg-string-escape	orig@p32	6	11.92442	0	100	0.24	400
s_cg-string-escape	orig@p64	7	12.27483	0	100	0.24	400
s_cg-string-escape	orig@p80	7	12.22477	0	100	0.24	400
s_cg-string-escape	orig@p96	7	12.30044	0	100	0.24	400
s_cg-string-escape	orig@p112	7	11.92559	0	100	0.24	400
s_cg-string-escape	rev@p16	7	11.91278	0	100	0.24	400
s_cg-string-escape	rev@p32	7	11.91278	0	100	0.24	400
s_cg-string-escape	rev@p48	7	11.92559	0	100	0.24	400
s_cg-string-escape	rev@p64	7	11.93723	0	100	0.24	400
s_cg-string-escape	rev@p80	7	11.93839	0	100	0.24	400
s_cg-string-escape	rev@p96	7	11.92559	0	100	0.24	400
s_cg-string-escape	rev@p112	7	11.92559	0	100	0.24	400
s_cg-string-escape	orig	7	11.92442	0	100	0.24	400
s_cg-string-escape	orig2	7	11.91162	0	100	0.24	400
s_cg-string-escape	null	7	11.96284	0	100	0.24	400
s_cg-string-escape	rev	7	11.93723	0	100	0.24	400
s_cg-string-escape	orig@p16	7	11.92559	0	100	0.24	400
s_cg-string-escape	orig@p32	7	11.89997	0	100	0.24	400
s_cg-string-escape	orig@p48	7	12.25038	0	100	0.24	400
s_cg-string-escape	orig@p80	8	12.24922	0	100	0.24	400
s_cg-string-escape	orig@p96	8	12.23758	0	100	0.24	400
s_cg-string-escape	orig@p112	8	11.93723	0	100	0.24	400
s_cg-string-escape	rev@p16	8	11.93839	0	100	0.24	400
s_cg-string-escape	rev@p32	8	11.95003	0	100	0.24	400
s_cg-string-escape	rev@p48	8	11.91278	0	100	0.24	400
s_cg-string-escape	rev@p64	8	11.93723	0	100	0.24	400
s_cg-string-escape	rev@p80	8	11.93723	0	100	0.24	400
s_cg-string-escape	rev@p96	8	11.92442	0	100	0.24	400
s_cg-string-escape	rev@p112	8	11.91278	0	100	0.24	400
s_cg-string-escape	orig	8	11.92442	0	100	0.24	400
s_cg-string-escape	orig2	8	11.93839	0	100	0.24	400
s_cg-string-escape	null	8	11.92559	0	100	0.24	400
s_cg-string-escape	rev	8	11.93839	0	100	0.24	400
s_cg-string-escape	orig@p16	8	11.92442	0	100	0.24	400
s_cg-string-escape	orig@p32	8	11.95236	0	100	0.24	400
s_cg-string-escape	orig@p48	8	12.23758	0	100	0.24	400
s_cg-string-escape	orig@p64	8	12.22477	0	100	0.24	400
s_cg-string-escape	orig@p96	9	12.23758	0	100	0.24	400
s_cg-string-escape	orig@p112	9	11.92442	0	100	0.24	400
s_cg-string-escape	rev@p16	9	11.93839	0	100	0.24	400
s_cg-string-escape	rev@p32	9	11.92559	0	100	0.24	400
s_cg-string-escape	rev@p48	9	11.91278	0	100	0.24	400
s_cg-string-escape	rev@p64	9	11.91278	0	100	0.24	400
s_cg-string-escape	rev@p80	9	11.93723	0	100	0.24	400
s_cg-string-escape	rev@p96	9	11.91278	0	100	0.24	400
s_cg-string-escape	rev@p112	9	11.92442	0	100	0.24	400
s_cg-string-escape	orig	9	11.92442	0	100	0.24	400
s_cg-string-escape	orig2	9	11.93839	0	100	0.24	400
s_cg-string-escape	null	9	11.91278	0	100	0.24	400
s_cg-string-escape	rev	9	11.95003	0	100	0.24	400
s_cg-string-escape	orig@p16	9	11.93839	0	100	0.24	400
s_cg-string-escape	orig@p32	9	11.92559	0	100	0.24	400
s_cg-string-escape	orig@p48	9	12.22594	0	100	0.24	400
s_cg-string-escape	orig@p64	9	12.22594	0	100	0.24	400
s_cg-string-escape	orig@p80	9	12.25038	0	100	0.24	400
s_cg-string-escape	orig@p112	10	11.95003	0	100	0.24	400
s_cg-string-escape	rev@p16	10	11.91278	0	100	0.24	400
s_cg-string-escape	rev@p32	10	11.95003	0	100	0.24	400
s_cg-string-escape	rev@p48	10	11.92559	0	100	0.24	400
s_cg-string-escape	rev@p64	10	11.89997	0	100	0.24	400
s_cg-string-escape	rev@p80	10	15.06298	0	100	0.24	400
s_cg-string-escape	rev@p96	10	11.93723	0	100	0.24	400
s_cg-string-escape	rev@p112	10	11.93723	0	100	0.24	400
s_cg-string-escape	orig	10	11.89997	0	100	0.24	400
s_cg-string-escape	orig2	10	11.95003	0	100	0.24	400
s_cg-string-escape	null	10	11.93723	0	100	0.24	400
s_cg-string-escape	rev	10	11.92442	0	100	0.24	400
s_cg-string-escape	orig@p16	10	11.95003	0	100	0.24	400
s_cg-string-escape	orig@p32	10	14.53795	0	100	0.24	400
s_cg-string-escape	orig@p48	10	14.90000	0	100	0.24	400
s_cg-string-escape	orig@p64	10	6.77537	0	100	0.24	400
s_cg-string-escape	orig@p80	10	14.90000	0	100	0.24	400
s_cg-string-escape	orig@p96	10	14.93725	0	100	0.24	400
s_dt-iso8601	orig	0	1.34250	0	100	0.24	400
s_dt-iso8601	orig2	0	1.36136	0	100	0.24	400
s_dt-iso8601	null	0	1.34122	0	100	0.24	400
s_dt-iso8601	rev	0	0.54378	0	100	0.24	400
s_dt-iso8601	orig@p16	0	1.34122	0	100	0.24	400
s_dt-iso8601	orig@p32	0	1.34122	0	100	0.24	400
s_dt-iso8601	orig@p48	0	1.39500	0	100	0.24	400
s_dt-iso8601	orig@p64	0	1.49012	0	100	0.24	400
s_dt-iso8601	orig@p80	0	1.37626	0	100	0.24	400
s_dt-iso8601	orig@p96	0	0.67882	0	100	0.24	400
s_dt-iso8601	orig@p112	0	1.34495	0	100	0.24	400
s_dt-iso8601	rev@p16	0	1.45379	0	100	0.24	400
s_dt-iso8601	rev@p32	0	1.34250	0	100	0.24	400
s_dt-iso8601	rev@p48	0	1.45379	0	100	0.24	400
s_dt-iso8601	rev@p64	0	1.33994	0	100	0.24	400
s_dt-iso8601	rev@p80	0	0.66753	0	100	0.24	400
s_dt-iso8601	rev@p96	0	1.34006	0	100	0.24	400
s_dt-iso8601	rev@p112	0	0.65996	0	100	0.24	400
s_dt-iso8601	orig2	1	1.34250	0	100	0.24	400
s_dt-iso8601	null	1	1.45251	0	100	0.24	400
s_dt-iso8601	rev	1	1.34378	0	100	0.24	400
s_dt-iso8601	orig@p16	1	1.45379	0	100	0.24	400
s_dt-iso8601	orig@p32	1	1.34250	0	100	0.24	400
s_dt-iso8601	orig@p48	1	0.67742	0	100	0.24	400
s_dt-iso8601	orig@p64	1	1.37743	0	100	0.24	400
s_dt-iso8601	orig@p80	1	1.49116	0	100	0.24	400
s_dt-iso8601	orig@p96	1	1.37999	0	100	0.24	400
s_dt-iso8601	orig@p112	1	1.45251	0	100	0.24	400
s_dt-iso8601	rev@p16	1	1.34367	0	100	0.24	400
s_dt-iso8601	rev@p32	1	0.66252	0	100	0.24	400
s_dt-iso8601	rev@p48	1	1.33622	0	100	0.24	400
s_dt-iso8601	rev@p64	1	1.45379	0	100	0.24	400
s_dt-iso8601	rev@p80	1	1.34250	0	100	0.24	400
s_dt-iso8601	rev@p96	1	1.45508	0	100	0.24	400
s_dt-iso8601	rev@p112	1	1.33878	0	100	0.24	400
s_dt-iso8601	orig	1	0.66007	0	100	0.24	400
s_dt-iso8601	null	2	1.34134	0	100	0.24	400
s_dt-iso8601	rev	2	1.45996	0	100	0.24	400
s_dt-iso8601	orig@p16	2	1.34495	0	100	0.24	400
s_dt-iso8601	orig@p32	2	1.45007	0	100	0.24	400
s_dt-iso8601	orig@p48	2	1.37626	0	100	0.24	400
s_dt-iso8601	orig@p64	2	1.37498	0	100	0.24	400
s_dt-iso8601	orig@p80	2	1.27254	0	100	0.24	400
s_dt-iso8601	orig@p96	2	1.22504	0	100	0.24	400
s_dt-iso8601	orig@p112	2	1.19256	0	100	0.24	400
s_dt-iso8601	rev@p16	2	1.19372	0	100	0.24	400
s_dt-iso8601	rev@p32	2	1.19244	0	100	0.24	400
s_dt-iso8601	rev@p48	2	1.19128	0	100	0.24	400
s_dt-iso8601	rev@p64	2	1.19256	0	100	0.24	400
s_dt-iso8601	rev@p80	2	1.19244	0	100	0.24	400
s_dt-iso8601	rev@p96	2	1.19244	0	100	0.24	400
s_dt-iso8601	rev@p112	2	1.19372	0	100	0.24	400
s_dt-iso8601	orig	2	1.19384	0	100	0.24	400
s_dt-iso8601	orig2	2	1.19500	0	100	0.24	400
s_dt-iso8601	rev	3	1.19500	0	100	0.24	400
s_dt-iso8601	orig@p16	3	1.19256	0	100	0.24	400
s_dt-iso8601	orig@p32	3	1.19116	0	100	0.24	400
s_dt-iso8601	orig@p48	3	1.22248	0	100	0.24	400
s_dt-iso8601	orig@p64	3	1.22248	0	100	0.24	400
s_dt-iso8601	orig@p80	3	1.22376	0	100	0.24	400
s_dt-iso8601	orig@p96	3	1.22120	0	100	0.24	400
s_dt-iso8601	orig@p112	3	1.19372	0	100	0.24	400
s_dt-iso8601	rev@p16	3	1.19244	0	100	0.24	400
s_dt-iso8601	rev@p32	3	1.19384	0	100	0.24	400
s_dt-iso8601	rev@p48	3	1.19500	0	100	0.24	400
s_dt-iso8601	rev@p64	3	1.19989	0	100	0.24	400
s_dt-iso8601	rev@p80	3	1.19267	0	100	0.24	400
s_dt-iso8601	rev@p96	3	1.19244	0	100	0.24	400
s_dt-iso8601	rev@p112	3	1.19256	0	100	0.24	400
s_dt-iso8601	orig	3	1.19256	0	100	0.24	400
s_dt-iso8601	orig2	3	1.19372	0	100	0.24	400
s_dt-iso8601	null	3	1.19116	0	100	0.24	400
s_dt-iso8601	orig@p16	4	1.19372	0	100	0.24	400
s_dt-iso8601	orig@p32	4	1.19372	0	100	0.24	400
s_dt-iso8601	orig@p48	4	1.22504	0	100	0.24	400
s_dt-iso8601	orig@p64	4	1.22376	0	100	0.24	400
s_dt-iso8601	orig@p80	4	1.49128	0	100	0.24	400
s_dt-iso8601	orig@p96	4	1.22259	0	100	0.24	400
s_dt-iso8601	orig@p112	4	0.66124	0	100	0.24	400
s_dt-iso8601	rev@p16	4	1.19244	0	100	0.24	400
s_dt-iso8601	rev@p32	4	0.66007	0	100	0.24	400
s_dt-iso8601	rev@p48	4	1.19244	0	100	0.24	400
s_dt-iso8601	rev@p64	4	1.45123	0	100	0.24	400
s_dt-iso8601	rev@p80	4	1.19256	0	100	0.24	400
s_dt-iso8601	rev@p96	4	0.66997	0	100	0.24	400
s_dt-iso8601	rev@p112	4	1.19372	0	100	0.24	400
s_dt-iso8601	orig	4	1.46625	0	100	0.24	400
s_dt-iso8601	orig2	4	1.19372	0	100	0.24	400
s_dt-iso8601	null	4	0.66252	0	100	0.24	400
s_dt-iso8601	rev	4	1.19500	0	100	0.24	400
s_dt-iso8601	orig@p32	5	0.66007	0	100	0.24	400
s_dt-iso8601	orig@p48	5	1.22248	0	100	0.24	400
s_dt-iso8601	orig@p64	5	1.49116	0	100	0.24	400
s_dt-iso8601	orig@p80	5	1.22248	0	100	0.24	400
s_dt-iso8601	orig@p96	5	0.68371	0	100	0.24	400
s_dt-iso8601	orig@p112	5	1.19384	0	100	0.24	400
s_dt-iso8601	rev@p16	5	0.66007	0	100	0.24	400
s_dt-iso8601	rev@p32	5	1.19500	0	100	0.24	400
s_dt-iso8601	rev@p48	5	1.45379	0	100	0.24	400
s_dt-iso8601	rev@p64	5	1.19128	0	100	0.24	400
s_dt-iso8601	rev@p80	5	1.45240	0	100	0.24	400
s_dt-iso8601	rev@p96	5	1.19116	0	100	0.24	400
s_dt-iso8601	rev@p112	5	0.66252	0	100	0.24	400
s_dt-iso8601	orig	5	1.19384	0	100	0.24	400
s_dt-iso8601	orig2	5	1.45636	0	100	0.24	400
s_dt-iso8601	null	5	1.19372	0	100	0.24	400
s_dt-iso8601	rev	5	1.45368	0	100	0.24	400
s_dt-iso8601	orig@p16	5	0.66124	0	100	0.24	400
s_dt-iso8601	orig@p48	6	1.22632	0	100	0.24	400
s_dt-iso8601	orig@p64	6	1.49244	0	100	0.24	400
s_dt-iso8601	orig@p80	6	1.22748	0	100	0.24	400
s_dt-iso8601	orig@p96	6	1.49116	0	100	0.24	400
s_dt-iso8601	orig@p112	6	1.19500	0	100	0.24	400
s_dt-iso8601	rev@p16	6	0.66124	0	100	0.24	400
s_dt-iso8601	rev@p32	6	1.20874	0	100	0.24	400
s_dt-iso8601	rev@p48	6	1.45880	0	100	0.24	400
s_dt-iso8601	rev@p64	6	1.45240	0	100	0.24	400
s_dt-iso8601	rev@p80	6	0.66741	0	100	0.24	400
s_dt-iso8601	rev@p96	6	0.65879	0	100	0.24	400
s_dt-iso8601	rev@p112	6	0.65996	0	100	0.24	400
s_dt-iso8601	orig	6	1.45123	0	100	0.24	400
s_dt-iso8601	orig2	6	0.66007	0	100	0.24	400
s_dt-iso8601	null	6	1.45624	0	100	0.24	400
s_dt-iso8601	rev	6	0.66124	0	100	0.24	400
s_dt-iso8601	orig@p16	6	1.45996	0	100	0.24	400
s_dt-iso8601	orig@p32	6	0.65868	0	100	0.24	400
s_dt-iso8601	orig@p64	7	0.67626	0	100	0.24	400
s_dt-iso8601	orig@p80	7	1.49128	0	100	0.24	400
s_dt-iso8601	orig@p96	7	0.67870	0	100	0.24	400
s_dt-iso8601	orig@p112	7	0.66124	0	100	0.24	400
s_dt-iso8601	rev@p16	7	1.61130	0	100	0.24	400
s_dt-iso8601	rev@p32	7	0.66136	0	100	0.24	400
s_dt-iso8601	rev@p48	7	1.11619	0	100	0.24	400
s_dt-iso8601	rev@p64	7	1.45251	0	100	0.24	400
s_dt-iso8601	rev@p80	7	0.65891	0	100	0.24	400
s_dt-iso8601	rev@p96	7	1.45251	0	100	0.24	400
s_dt-iso8601	rev@p112	7	0.65879	0	100	0.24	400
s_dt-iso8601	orig	7	1.45519	0	100	0.24	400
s_dt-iso8601	orig2	7	0.65996	0	100	0.24	400
s_dt-iso8601	null	7	0.66007	0	100	0.24	400
s_dt-iso8601	rev	7	0.65996	0	100	0.24	400
s_dt-iso8601	orig@p16	7	0.65868	0	100	0.24	400
s_dt-iso8601	orig@p32	7	1.45251	0	100	0.24	400
s_dt-iso8601	orig@p48	7	0.67754	0	100	0.24	400
s_dt-iso8601	orig@p80	8	1.48744	0	100	0.24	400
s_dt-iso8601	orig@p96	8	0.69628	0	100	0.24	400
s_dt-iso8601	orig@p112	8	1.45379	0	100	0.24	400
s_dt-iso8601	rev@p16	8	0.65996	0	100	0.24	400
s_dt-iso8601	rev@p32	8	1.45379	0	100	0.24	400
s_dt-iso8601	rev@p48	8	0.67381	0	100	0.24	400
s_dt-iso8601	rev@p64	8	1.46625	0	100	0.24	400
s_dt-iso8601	rev@p80	8	0.66007	0	100	0.24	400
s_dt-iso8601	rev@p96	8	1.45251	0	100	0.24	400
s_dt-iso8601	rev@p112	8	0.65996	0	100	0.24	400
s_dt-iso8601	orig	8	1.45752	0	100	0.24	400
s_dt-iso8601	orig2	8	0.66124	0	100	0.24	400
s_dt-iso8601	null	8	0.66007	0	100	0.24	400
s_dt-iso8601	rev	8	1.45379	0	100	0.24	400
s_dt-iso8601	orig@p16	8	0.66368	0	100	0.24	400
s_dt-iso8601	orig@p32	8	0.66124	0	100	0.24	400
s_dt-iso8601	orig@p48	8	1.49000	0	100	0.24	400
s_dt-iso8601	orig@p64	8	0.67754	0	100	0.24	400
s_dt-iso8601	orig@p96	9	1.48872	0	100	0.24	400
s_dt-iso8601	orig@p112	9	1.45251	0	100	0.24	400
s_dt-iso8601	rev@p16	9	0.65996	0	100	0.24	400
s_dt-iso8601	rev@p32	9	0.66124	0	100	0.24	400
s_dt-iso8601	rev@p48	9	1.45251	0	100	0.24	400
s_dt-iso8601	rev@p64	9	0.66624	0	100	0.24	400
s_dt-iso8601	rev@p80	9	0.65891	0	100	0.24	400
s_dt-iso8601	rev@p96	9	0.66124	0	100	0.24	400
s_dt-iso8601	rev@p112	9	0.66124	0	100	0.24	400
s_dt-iso8601	orig	9	0.65868	0	100	0.24	400
s_dt-iso8601	orig2	9	1.45880	0	100	0.24	400
s_dt-iso8601	null	9	0.65879	0	100	0.24	400
s_dt-iso8601	rev	9	1.45379	0	100	0.24	400
s_dt-iso8601	orig@p16	9	0.65996	0	100	0.24	400
s_dt-iso8601	orig@p32	9	0.67742	0	100	0.24	400
s_dt-iso8601	orig@p48	9	0.67626	0	100	0.24	400
s_dt-iso8601	orig@p64	9	1.49000	0	100	0.24	400
s_dt-iso8601	orig@p80	9	0.67882	0	100	0.24	400
s_dt-iso8601	orig@p112	10	1.45496	0	100	0.24	400
s_dt-iso8601	rev@p16	10	0.66007	0	100	0.24	400
s_dt-iso8601	rev@p32	10	1.45379	0	100	0.24	400
s_dt-iso8601	rev@p48	10	0.66007	0	100	0.24	400
s_dt-iso8601	rev@p64	10	1.45624	0	100	0.24	400
s_dt-iso8601	rev@p80	10	0.66019	0	100	0.24	400
s_dt-iso8601	rev@p96	10	1.45251	0	100	0.24	400
s_dt-iso8601	rev@p112	10	0.65996	0	100	0.24	400
s_dt-iso8601	orig	10	1.45007	0	100	0.24	400
s_dt-iso8601	orig2	10	0.66124	0	100	0.24	400
s_dt-iso8601	null	10	1.45368	0	100	0.24	400
s_dt-iso8601	rev	10	1.35880	0	100	0.24	400
s_dt-iso8601	orig@p16	10	1.45368	0	100	0.24	400
s_dt-iso8601	orig@p32	10	0.81502	0	100	0.24	400
s_dt-iso8601	orig@p48	10	1.37871	0	100	0.24	400
s_dt-iso8601	orig@p64	10	1.49372	0	100	0.24	400
s_dt-iso8601	orig@p80	10	3.53751	0	100	0.24	400
s_dt-iso8601	orig@p96	10	1.37999	0	100	0.24	400
s_dt-prose-month	orig	0	2.06342	0	100	0.24	400
s_dt-prose-month	orig2	0	2.39242	0	100	0.24	400
s_dt-prose-month	null	0	2.06539	0	100	0.24	400
s_dt-prose-month	rev	0	2.09798	0	100	0.24	400
s_dt-prose-month	orig@p16	0	2.06342	0	100	0.24	400
s_dt-prose-month	orig@p32	0	2.06933	0	100	0.24	400
s_dt-prose-month	orig@p48	0	1.89417	0	100	0.24	400
s_dt-prose-month	orig@p64	0	1.88288	0	100	0.24	400
s_dt-prose-month	orig@p80	0	1.88467	0	100	0.24	400
s_dt-prose-month	orig@p96	0	1.88091	0	100	0.24	400
s_dt-prose-month	orig@p112	0	1.83650	0	100	0.24	400
s_dt-prose-month	rev@p16	0	1.83291	0	100	0.24	400
s_dt-prose-month	rev@p32	0	1.83471	0	100	0.24	400
s_dt-prose-month	rev@p48	0	1.83256	0	100	0.24	400
s_dt-prose-month	rev@p64	0	1.83650	0	100	0.24	400
s_dt-prose-month	rev@p80	0	1.83847	0	100	0.24	400
s_dt-prose-month	rev@p96	0	1.83453	0	100	0.24	400
s_dt-prose-month	rev@p112	0	1.84241	0	100	0.24	400
s_dt-prose-month	orig2	1	1.83274	0	100	0.24	400
s_dt-prose-month	null	1	1.83453	0	100	0.24	400
s_dt-prose-month	rev	1	1.83453	0	100	0.24	400
s_dt-prose-month	orig@p16	1	1.83668	0	100	0.24	400
s_dt-prose-month	orig@p32	1	1.84044	0	100	0.24	400
s_dt-prose-month	orig@p48	1	1.88450	0	100	0.24	400
s_dt-prose-month	orig@p64	1	1.88073	0	100	0.24	400
s_dt-prose-month	orig@p80	1	1.88664	0	100	0.24	400
s_dt-prose-month	orig@p96	1	1.88844	0	100	0.24	400
s_dt-prose-month	orig@p112	1	1.83453	0	100	0.24	400
s_dt-prose-month	rev@p16	1	1.83471	0	100	0.24	400
s_dt-prose-month	rev@p32	1	1.83274	0	100	0.24	400
s_dt-prose-month	rev@p48	1	1.83453	0	100	0.24	400
s_dt-prose-month	rev@p64	1	1.83274	0	100	0.24	400
s_dt-prose-month	rev@p80	1	1.84814	0	100	0.24	400
s_dt-prose-month	rev@p96	1	1.83471	0	100	0.24	400
s_dt-prose-month	rev@p112	1	1.83650	0	100	0.24	400
s_dt-prose-month	orig	1	1.83847	0	100	0.24	400
s_dt-prose-month	null	2	1.83256	0	100	0.24	400
s_dt-prose-month	rev	2	1.83471	0	100	0.24	400
s_dt-prose-month	orig@p16	2	1.84044	0	100	0.24	400
s_dt-prose-month	orig@p32	2	1.83471	0	100	0.24	400
s_dt-prose-month	orig@p48	2	1.88270	0	100	0.24	400
s_dt-prose-month	orig@p64	2	1.88270	0	100	0.24	400
s_dt-prose-month	orig@p80	2	1.88450	0	100	0.24	400
s_dt-prose-month	orig@p96	2	1.88467	0	100	0.24	400
s_dt-prose-month	orig@p112	2	1.83274	0	100	0.24	400
s_dt-prose-month	rev@p16	2	1.83077	0	100	0.24	400
s_dt-prose-month	rev@p32	2	1.83471	0	100	0.24	400
s_dt-prose-month	rev@p48	2	1.84223	0	100	0.24	400
s_dt-prose-month	rev@p64	2	1.83471	0	100	0.24	400
s_dt-prose-month	rev@p80	2	1.84223	0	100	0.24	400
s_dt-prose-month	rev@p96	2	1.83847	0	100	0.24	400
s_dt-prose-month	rev@p112	2	1.83274	0	100	0.24	400
s_dt-prose-month	orig	2	1.83453	0	100	0.24	400
s_dt-prose-month	orig2	2	1.83650	0	100	0.24	400
s_dt-prose-month	rev	3	1.83650	0	100	0.24	400
s_dt-prose-month	orig@p16	3	1.84044	0	100	0.24	400
s_dt-prose-month	orig@p32	3	1.83453	0	100	0.24	400
s_dt-prose-month	orig@p48	3	1.88091	0	100	0.24	400
s_dt-prose-month	orig@p64	3	1.88073	0	100	0.24	400
s_dt-prose-month	orig@p80	3	1.88270	0	100	0.24	400
s_dt-prose-month	orig@p96	3	1.88467	0	100	0.24	400
s_dt-prose-month	orig@p112	3	1.83668	0	100	0.24	400
s_dt-prose-month	rev@p16	3	1.84044	0	100	0.24	400
s_dt-prose-month	rev@p32	3	1.83668	0	100	0.24	400
s_dt-prose-month	rev@p48	3	1.85584	0	100	0.24	400
s_dt-prose-month	rev@p64	3	1.83650	0	100	0.24	400
s_dt-prose-month	rev@p80	3	1.83453	0	100	0.24	400
s_dt-prose-month	rev@p96	3	1.84044	0	100	0.24	400
s_dt-prose-month	rev@p112	3	1.83077	0	100	0.24	400
s_dt-prose-month	orig	3	1.83274	0	100	0.24	400
s_dt-prose-month	orig2	3	1.83847	0	100	0.24	400
s_dt-prose-month	null	3	1.83650	0	100	0.24	400
s_dt-prose-month	orig@p16	4	1.83650	0	100	0.24	400
s_dt-prose-month	orig@p32	4	1.88467	0	100	0.24	400
s_dt-prose-month	orig@p48	4	1.88073	0	100	0.24	400
s_dt-prose-month	orig@p64	4	1.88073	0	100	0.24	400
s_dt-prose-month	orig@p80	4	1.87876	0	100	0.24	400
s_dt-prose-month	orig@p96	4	1.88664	0	100	0.24	400
s_dt-prose-month	orig@p112	4	1.83471	0	100	0.24	400
s_dt-prose-month	rev@p16	4	1.83668	0	100	0.24	400
s_dt-prose-month	rev@p32	4	1.84223	0	100	0.24	400
s_dt-prose-month	rev@p48	4	1.85763	0	100	0.24	400
s_dt-prose-month	rev@p64	4	1.83274	0	100	0.24	400
s_dt-prose-month	rev@p80	4	1.83453	0	100	0.24	400
s_dt-prose-month	rev@p96	4	1.83471	0	100	0.24	400
s_dt-prose-month	rev@p112	4	1.84617	0	100	0.24	400
s_dt-prose-month	orig	4	1.83256	0	100	0.24	400
s_dt-prose-month	orig2	4	1.83256	0	100	0.24	400
s_dt-prose-month	null	4	1.83453	0	100	0.24	400
s_dt-prose-month	rev	4	1.83668	0	100	0.24	400
s_dt-prose-month	orig@p32	5	1.84420	0	100	0.24	400
s_dt-prose-month	orig@p48	5	1.88091	0	100	0.24	400
s_dt-prose-month	orig@p64	5	1.88467	0	100	0.24	400
s_dt-prose-month	orig@p80	5	1.88091	0	100	0.24	400
s_dt-prose-month	orig@p96	5	1.88270	0	100	0.24	400
s_dt-prose-month	orig@p112	5	1.83274	0	100	0.24	400
s_dt-prose-month	rev@p16	5	1.83453	0	100	0.24	400
s_dt-prose-month	rev@p32	5	1.83077	0	100	0.24	400
s_dt-prose-month	rev@p48	5	1.83471	0	100	0.24	400
s_dt-prose-month	rev@p64	5	1.83471	0	100	0.24	400
s_dt-prose-month	rev@p80	5	1.83471	0	100	0.24	400
s_dt-prose-month	rev@p96	5	1.83650	0	100	0.24	400
s_dt-prose-month	rev@p112	5	1.83865	0	100	0.24	400
s_dt-prose-month	orig	5	1.83668	0	100	0.24	400
s_dt-prose-month	orig2	5	1.83650	0	100	0.24	400
s_dt-prose-month	null	5	1.83453	0	100	0.24	400
s_dt-prose-month	rev	5	1.83847	0	100	0.24	400
s_dt-prose-month	orig@p16	5	1.83650	0	100	0.24	400
s_dt-prose-month	orig@p48	6	1.88091	0	100	0.24	400
s_dt-prose-month	orig@p64	6	1.88270	0	100	0.24	400
s_dt-prose-month	orig@p80	6	1.88270	0	100	0.24	400
s_dt-prose-month	orig@p96	6	1.88450	0	100	0.24	400
s_dt-prose-month	orig@p112	6	1.83668	0	100	0.24	400
s_dt-prose-month	rev@p16	6	1.83650	0	100	0.24	400
s_dt-prose-month	rev@p32	6	1.83453	0	100	0.24	400
s_dt-prose-month	rev@p48	6	1.83274	0	100	0.24	400
s_dt-prose-month	rev@p64	6	1.83453	0	100	0.24	400
s_dt-prose-month	rev@p80	6	1.83471	0	100	0.24	400
s_dt-prose-month	rev@p96	6	1.83274	0	100	0.24	400
s_dt-prose-month	rev@p112	6	1.83453	0	100	0.24	400
s_dt-prose-month	orig	6	1.83847	0	100	0.24	400
s_dt-prose-month	orig2	6	1.83650	0	100	0.24	400
s_dt-prose-month	null	6	1.83650	0	100	0.24	400
s_dt-prose-month	rev	6	1.83471	0	100	0.24	400
s_dt-prose-month	orig@p16	6	1.85763	0	100	0.24	400
s_dt-prose-month	orig@p32	6	1.83274	0	100	0.24	400
s_dt-prose-month	orig@p64	7	1.88467	0	100	0.24	400
s_dt-prose-month	orig@p80	7	1.87876	0	100	0.24	400
s_dt-prose-month	orig@p96	7	1.88270	0	100	0.24	400
s_dt-prose-month	orig@p112	7	1.83847	0	100	0.24	400
s_dt-prose-month	rev@p16	7	1.83650	0	100	0.24	400
s_dt-prose-month	rev@p32	7	1.83274	0	100	0.24	400
s_dt-prose-month	rev@p48	7	1.83668	0	100	0.24	400
s_dt-prose-month	rev@p64	7	1.83471	0	100	0.24	400
s_dt-prose-month	rev@p80	7	1.83650	0	100	0.24	400
s_dt-prose-month	rev@p96	7	4.26152	0	100	0.24	400
s_dt-prose-month	rev@p112	7	1.83274	0	100	0.24	400
s_dt-prose-month	orig	7	4.93655	0	100	0.24	400
s_dt-prose-month	orig2	7	1.83847	0	100	0.24	400
s_dt-prose-month	null	7	1.84241	0	100	0.24	400
s_dt-prose-month	rev	7	1.83847	0	100	0.24	400
s_dt-prose-month	orig@p16	7	1.83650	0	100	0.24	400
s_dt-prose-month	orig@p32	7	1.83453	0	100	0.24	400
s_dt-prose-month	orig@p48	7	1.88270	0	100	0.24	400
s_dt-prose-month	orig@p80	8	1.88091	0	100	0.24	400
s_dt-prose-month	orig@p96	8	1.88647	0	100	0.24	400
s_dt-prose-month	orig@p112	8	1.83256	0	100	0.24	400
s_dt-prose-month	rev@p16	8	1.83650	0	100	0.24	400
s_dt-prose-month	rev@p32	8	1.83274	0	100	0.24	400
s_dt-prose-month	rev@p48	8	1.83650	0	100	0.24	400
s_dt-prose-month	rev@p64	8	1.83847	0	100	0.24	400
s_dt-prose-month	rev@p80	8	1.83453	0	100	0.24	400
s_dt-prose-month	rev@p96	8	1.83471	0	100	0.24	400
s_dt-prose-month	rev@p112	8	1.83453	0	100	0.24	400
s_dt-prose-month	orig	8	1.84241	0	100	0.24	400
s_dt-prose-month	orig2	8	0.83640	0	100	0.24	400
s_dt-prose-month	null	8	1.83453	0	100	0.24	400
s_dt-prose-month	rev	8	2.09422	0	100	0.24	400
s_dt-prose-month	orig@p16	8	1.83274	0	100	0.24	400
s_dt-prose-month	orig@p32	8	2.09798	0	100	0.24	400
s_dt-prose-month	orig@p48	8	1.88073	0	100	0.24	400
s_dt-prose-month	orig@p64	8	2.14419	0	100	0.24	400
s_dt-prose-month	orig@p96	9	1.90205	0	100	0.24	400
s_dt-prose-month	orig@p112	9	0.84034	0	100	0.24	400
s_dt-prose-month	rev@p16	9	1.83274	0	100	0.24	400
s_dt-prose-month	rev@p32	9	2.09046	0	100	0.24	400
s_dt-prose-month	rev@p48	9	1.83650	0	100	0.24	400
s_dt-prose-month	rev@p64	9	2.06539	0	100	0.24	400
s_dt-prose-month	rev@p80	9	2.06718	0	100	0.24	400
s_dt-prose-month	rev@p96	9	1.83274	0	100	0.24	400
s_dt-prose-month	rev@p112	9	1.83471	0	100	0.24	400
s_dt-prose-month	orig	9	1.83847	0	100	0.24	400
s_dt-prose-month	orig2	9	1.83471	0	100	0.24	400
s_dt-prose-month	null	9	1.83668	0	100	0.24	400
s_dt-prose-month	rev	9	2.24234	0	100	0.24	400
s_dt-prose-month	orig@p16	9	1.83453	0	100	0.24	400
s_dt-prose-month	orig@p32	9	2.24431	0	100	0.24	400
s_dt-prose-month	orig@p48	9	1.88073	0	100	0.24	400
s_dt-prose-month	orig@p64	9	1.04236	0	100	0.24	400
s_dt-prose-month	orig@p80	9	1.88091	0	100	0.24	400
s_dt-prose-month	orig@p112	10	1.01729	0	100	0.24	400
s_dt-prose-month	rev@p16	10	1.83650	0	100	0.24	400
s_dt-prose-month	rev@p32	10	2.23267	0	100	0.24	400
s_dt-prose-month	rev@p48	10	1.83256	0	100	0.24	400
s_dt-prose-month	rev@p64	10	2.23464	0	100	0.24	400
s_dt-prose-month	rev@p80	10	1.83274	0	100	0.24	400
s_dt-prose-month	rev@p96	10	1.83471	0	100	0.24	400
s_dt-prose-month	rev@p112	10	1.01532	0	100	0.24	400
s_dt-prose-month	orig	10	1.83274	0	100	0.24	400
s_dt-prose-month	orig2	10	2.23661	0	100	0.24	400
s_dt-prose-month	null	10	1.83650	0	100	0.24	400
s_dt-prose-month	rev	10	2.23840	0	100	0.24	400
s_dt-prose-month	orig@p16	10	1.83453	0	100	0.24	400
s_dt-prose-month	orig@p32	10	1.01532	0	100	0.24	400
s_dt-prose-month	orig@p48	10	1.88073	0	100	0.24	400
s_dt-prose-month	orig@p64	10	2.29034	0	100	0.24	400
s_dt-prose-month	orig@p80	10	1.88450	0	100	0.24	400
s_dt-prose-month	orig@p96	10	2.31165	0	100	0.24	400
s_floor-hit	orig	0	13.19917	0	100	0.24	400
s_floor-hit	orig2	0	24.00018	0	100	0.24	400
s_floor-hit	null	0	29.05028	0	100	0.24	400
s_floor-hit	rev	0	23.84884	0	100	0.24	400
s_floor-hit	orig@p16	0	23.84884	0	100	0.24	400
s_floor-hit	orig@p32	0	29.05028	0	100	0.24	400
s_floor-hit	orig@p48	0	24.42393	0	100	0.24	400
s_floor-hit	orig@p64	0	29.79999	0	100	0.24	400
s_floor-hit	orig@p80	0	24.42626	0	100	0.24	400
s_floor-hit	orig@p96	0	24.54966	0	100	0.24	400
s_floor-hit	orig@p112	0	13.27600	0	100	0.24	400
s_floor-hit	rev@p16	0	23.84884	0	100	0.24	400
s_floor-hit	rev@p32	0	13.19917	0	100	0.24	400
s_floor-hit	rev@p48	0	23.87911	0	100	0.24	400
s_floor-hit	rev@p64	0	29.09917	0	100	0.24	400
s_floor-hit	rev@p80	0	23.82556	0	100	0.24	400
s_floor-hit	rev@p96	0	29.05028	0	100	0.24	400
s_floor-hit	rev@p112	0	23.85117	0	100	0.24	400
s_floor-hit	orig2	1	13.19917	0	100	0.24	400
s_floor-hit	null	1	23.85117	0	100	0.24	400
s_floor-hit	rev	1	13.19917	0	100	0.24	400
s_floor-hit	orig@p16	1	23.82556	0	100	0.24	400
s_floor-hit	orig@p32	1	29.14807	0	100	0.24	400
s_floor-hit	orig@p48	1	24.57527	0	100	0.24	400
s_floor-hit	orig@p64	1	29.82328	0	100	0.24	400
s_floor-hit	orig@p80	1	24.44955	0	100	0.24	400
s_floor-hit	orig@p96	1	29.79999	0	100	0.24	400
s_floor-hit	orig@p112	1	24.00251	0	100	0.24	400
s_floor-hit	rev@p16	1	13.22478	0	100	0.24	400
s_floor-hit	rev@p32	1	23.85117	0	100	0.24	400
s_floor-hit	rev@p48	1	29.05028	0	100	0.24	400
s_floor-hit	rev@p64	1	23.85117	0	100	0.24	400
s_floor-hit	rev@p80	1	29.07589	0	100	0.24	400
s_floor-hit	rev@p96	1	23.87445	0	100	0.24	400
s_floor-hit	rev@p112	1	29.07589	0	100	0.24	400
s_floor-hit	orig	1	23.82556	0	100	0.24	400
s_floor-hit	null	2	13.22478	0	100	0.24	400
s_floor-hit	rev	2	23.85117	0	100	0.24	400
s_floor-hit	orig@p16	2	76.95053	0	100	0.24	400
s_floor-hit	orig@p32	2	23.82556	0	100	0.24	400
s_floor-hit	orig@p48	2	29.97462	0	100	0.24	400
s_floor-hit	orig@p64	2	24.39832	0	100	0.24	400
s_floor-hit	orig@p80	2	29.85122	0	100	0.24	400
s_floor-hit	orig@p96	2	24.52638	0	100	0.24	400
s_floor-hit	orig@p112	2	29.07356	0	100	0.24	400
s_floor-hit	rev@p16	2	23.82556	0	100	0.24	400
s_floor-hit	rev@p32	2	29.07589	0	100	0.24	400
s_floor-hit	rev@p48	2	29.04795	0	100	0.24	400
s_floor-hit	rev@p64	2	23.85117	0	100	0.24	400
s_floor-hit	rev@p80	2	29.02467	0	100	0.24	400
s_floor-hit	rev@p96	2	23.85117	0	100	0.24	400
s_floor-hit	rev@p112	2	13.17356	0	100	0.24	400
s_floor-hit	orig	2	23.90007	0	100	0.24	400
s_floor-hit	orig2	2	29.09917	0	100	0.24	400
s_floor-hit	rev	3	75.29976	0	100	0.24	400
s_floor-hit	orig@p16	3	29.07589	0	100	0.24	400
s_floor-hit	orig@p32	3	29.10150	0	100	0.24	400
s_floor-hit	orig@p48	3	24.44955	0	100	0.24	400
s_floor-hit	orig@p64	3	29.82561	0	100	0.24	400
s_floor-hit	orig@p80	3	24.45420	0	100	0.24	400
s_floor-hit	orig@p96	3	24.44955	0	100	0.24	400
s_floor-hit	orig@p112	3	72.85038	0	100	0.24	400
s_floor-hit	rev@p16	3	23.84884	0	100	0.24	400
s_floor-hit	rev@p32	3	23.79995	0	100	0.24	400
s_floor-hit	rev@p48	3	23.82323	0	100	0.24	400
s_floor-hit	rev@p64	3	23.84884	0	100	0.24	400
s_floor-hit	rev@p80	3	23.85117	0	100	0.24	400
s_floor-hit	rev@p96	3	23.85117	0	100	0.24	400
s_floor-hit	rev@p112	3	23.79995	0	100	0.24	400
s_floor-hit	orig	3	23.85117	0	100	0.24	400
s_floor-hit	orig2	3	23.82556	0	100	0.24	400
s_floor-hit	null	3	23.82556	0	100	0.24	400
s_floor-hit	orig@p16	4	23.92335	0	100	0.24	400
s_floor-hit	orig@p32	4	23.85117	0	100	0.24	400
s_floor-hit	orig@p48	4	24.44955	0	100	0.24	400
s_floor-hit	orig@p64	4	24.47516	0	100	0.24	400
s_floor-hit	orig@p80	4	24.45187	0	100	0.24	400
s_floor-hit	orig@p96	4	24.55432	0	100	0.24	400
s_floor-hit	orig@p112	4	23.87445	0	100	0.24	400
s_floor-hit	rev@p16	4	23.82556	0	100	0.24	400
s_floor-hit	rev@p32	4	23.84884	0	100	0.24	400
s_floor-hit	rev@p48	4	23.84884	0	100	0.24	400
s_floor-hit	rev@p64	4	23.82556	0	100	0.24	400
s_floor-hit	rev@p80	4	23.87678	0	100	0.24	400
s_floor-hit	rev@p96	4	23.87445	0	100	0.24	400
s_floor-hit	rev@p112	4	23.87678	0	100	0.24	400
s_floor-hit	orig	4	23.87678	0	100	0.24	400
s_floor-hit	orig2	4	23.85117	0	100	0.24	400
s_floor-hit	null	4	23.84884	0	100	0.24	400
s_floor-hit	rev	4	267.52474	0	100	0.24	400
s_floor-hit	orig@p32	5	23.84884	0	100	0.24	400
s_floor-hit	orig@p48	5	24.44955	0	100	0.24	400
s_floor-hit	orig@p64	5	24.47516	0	100	0.24	400
s_floor-hit	orig@p80	5	24.49844	0	100	0.24	400
s_floor-hit	orig@p96	5	24.47516	0	100	0.24	400
s_floor-hit	orig@p112	5	23.90007	0	100	0.24	400
s_floor-hit	rev@p16	5	23.82556	0	100	0.24	400
s_floor-hit	rev@p32	5	23.82556	0	100	0.24	400
s_floor-hit	rev@p48	5	23.90007	0	100	0.24	400
s_floor-hit	rev@p64	5	23.84884	0	100	0.24	400
s_floor-hit	rev@p80	5	23.97690	0	100	0.24	400
s_floor-hit	rev@p96	5	23.82556	0	100	0.24	400
s_floor-hit	rev@p112	5	23.84884	0	100	0.24	400
s_floor-hit	orig	5	23.85117	0	100	0.24	400
s_floor-hit	orig2	5	23.87445	0	100	0.24	400
s_floor-hit	null	5	23.82556	0	100	0.24	400
s_floor-hit	rev	5	23.87445	0	100	0.24	400
s_floor-hit	orig@p16	5	23.85117	0	100	0.24	400
s_floor-hit	orig@p48	6	24.44955	0	100	0.24	400
s_floor-hit	orig@p64	6	24.44955	0	100	0.24	400
s_floor-hit	orig@p80	6	24.54966	0	100	0.24	400
s_floor-hit	orig@p96	6	24.47516	0	100	0.24	400
s_floor-hit	orig@p112	6	23.90007	0	100	0.24	400
s_floor-hit	rev@p16	6	23.84884	0	100	0.24	400
s_floor-hit	rev@p32	6	23.92568	0	100	0.24	400
s_floor-hit	rev@p48	6	23.90007	0	100	0.24	400
s_floor-hit	rev@p64	6	23.85117	0	100	0.24	400
s_floor-hit	rev@p80	6	26.85003	0	100	0.24	400
s_floor-hit	rev@p96	6	23.87678	0	100	0.24	400
s_floor-hit	rev@p112	6	23.85117	0	100	0.24	400
s_floor-hit	orig	6	23.85117	0	100	0.24	400
s_floor-hit	orig2	6	23.85117	0	100	0.24	400
s_floor-hit	null	6	23.90007	0	100	0.24	400
s_floor-hit	rev	6	23.87445	0	100	0.24	400
s_floor-hit	orig@p16	6	23.90007	0	100	0.24	400
s_floor-hit	orig@p32	6	23.90007	0	100	0.24	400
s_floor-hit	orig@p64	7	24.47516	0	100	0.24	400
s_floor-hit	orig@p80	7	24.50077	0	100	0.24	400
s_floor-hit	orig@p96	7	13.52513	0	100	0.24	400
s_floor-hit	orig@p112	7	23.90007	0	100	0.24	400
s_floor-hit	rev@p16	7	29.15040	0	100	0.24	400
s_floor-hit	rev@p32	7	23.84884	0	100	0.24	400
s_floor-hit	rev@p48	7	29.07589	0	100	0.24	400
s_floor-hit	rev@p64	7	23.84884	0	100	0.24	400
s_floor-hit	rev@p80	7	131.94978	0	100	0.24	400
s_floor-hit	rev@p96	7	29.15272	0	100	0.24	400
s_floor-hit	rev@p112	7	23.82556	0	100	0.24	400
s_floor-hit	orig	7	10.84991	0	100	0.24	400
s_floor-hit	orig2	7	23.82556	0	100	0.24	400
s_floor-hit	null	7	10.87552	0	100	0.24	400
s_floor-hit	rev	7	66.85033	0	100	0.24	400
s_floor-hit	orig@p16	7	23.87445	0	100	0.24	400
s_floor-hit	orig@p32	7	10.89880	0	100	0.24	400
s_floor-hit	orig@p48	7	24.47516	0	100	0.24	400
s_floor-hit	orig@p80	8	27.90010	0	100	0.24	400
s_floor-hit	orig@p96	8	24.49844	0	100	0.24	400
s_floor-hit	orig@p112	8	27.17366	0	100	0.24	400
s_floor-hit	rev@p16	8	23.82556	0	100	0.24	400
s_floor-hit	rev@p32	8	27.22489	0	100	0.24	400
s_floor-hit	rev@p48	8	23.82556	0	100	0.24	400
s_floor-hit	rev@p64	8	23.87445	0	100	0.24	400
s_floor-hit	rev@p80	8	17.47627	0	100	0.24	400
s_floor-hit	rev@p96	8	26.85003	0	100	0.24	400
s_floor-hit	rev@p112	8	23.84884	0	100	0.24	400
s_floor-hit	orig	8	23.90007	0	100	0.24	400
s_floor-hit	orig2	8	23.82556	0	100	0.24	400
s_floor-hit	null	8	23.82323	0	100	0.24	400
s_floor-hit	rev	8	23.87445	0	100	0.24	400
s_floor-hit	orig@p16	8	23.87445	0	100	0.24	400
s_floor-hit	orig@p32	8	23.87445	0	100	0.24	400
s_floor-hit	orig@p48	8	24.47516	0	100	0.24	400
s_floor-hit	orig@p64	8	24.52638	0	100	0.24	400
s_floor-hit	orig@p96	9	24.47516	0	100	0.24	400
s_floor-hit	orig@p112	9	23.82323	0	100	0.24	400
s_floor-hit	rev@p16	9	23.92568	0	100	0.24	400
s_floor-hit	rev@p32	9	23.84884	0	100	0.24	400
s_floor-hit	rev@p48	9	23.82556	0	100	0.24	400
s_floor-hit	rev@p64	9	23.85117	0	100	0.24	400
s_floor-hit	rev@p80	9	29.05028	0	100	0.24	400
s_floor-hit	rev@p96	9	23.95129	0	100	0.24	400
s_floor-hit	rev@p112	9	29.09917	0	100	0.24	400
s_floor-hit	orig	9	23.85117	0	100	0.24	400
s_floor-hit	orig2	9	13.20150	0	100	0.24	400
s_floor-hit	null	9	23.84884	0	100	0.24	400
s_floor-hit	rev	9	29.05028	0	100	0.24	400
s_floor-hit	orig@p16	9	23.80228	0	100	0.24	400
s_floor-hit	orig@p32	9	29.09917	0	100	0.24	400
s_floor-hit	orig@p48	9	24.47516	0	100	0.24	400
s_floor-hit	orig@p64	9	29.77438	0	100	0.24	400
s_floor-hit	orig@p80	9	24.47283	0	100	0.24	400
s_floor-hit	orig@p112	10	13.19917	0	100	0.24	400
s_floor-hit	rev@p16	10	23.90007	0	100	0.24	400
s_floor-hit	rev@p32	10	29.10150	0	100	0.24	400
s_floor-hit	rev@p48	10	23.87445	0	100	0.24	400
s_floor-hit	rev@p64	10	29.02467	0	100	0.24	400
s_floor-hit	rev@p80	10	24.05141	0	100	0.24	400
s_floor-hit	rev@p96	10	13.22478	0	100	0.24	400
s_floor-hit	rev@p112	10	23.85117	0	100	0.24	400
s_floor-hit	orig	10	29.09917	0	100	0.24	400
s_floor-hit	orig2	10	23.82556	0	100	0.24	400
s_floor-hit	null	10	29.07589	0	100	0.24	400
s_floor-hit	rev	10	23.87445	0	100	0.24	400
s_floor-hit	orig@p16	10	13.17356	0	100	0.24	400
s_floor-hit	orig@p32	10	23.82556	0	100	0.24	400
s_floor-hit	orig@p48	10	24.42626	0	100	0.24	400
s_floor-hit	orig@p64	10	29.82561	0	100	0.24	400
s_floor-hit	orig@p80	10	24.47516	0	100	0.24	400
s_floor-hit	orig@p96	10	29.77438	0	100	0.24	400
s_la-currency	orig	0	2.38745	0	100	0.24	400
s_la-currency	orig2	0	2.90736	0	100	0.24	400
s_la-currency	null	0	2.40235	0	100	0.24	400
s_la-currency	rev	0	1.31992	0	100	0.24	400
s_la-currency	orig@p16	0	2.39746	0	100	0.24	400
s_la-currency	orig@p32	0	2.68500	0	100	0.24	400
s_la-currency	orig@p48	0	2.45008	0	100	0.24	400
s_la-currency	orig@p64	0	2.44263	0	100	0.24	400
s_la-currency	orig@p80	0	2.75252	0	100	0.24	400
s_la-currency	orig@p96	0	2.45008	0	100	0.24	400
s_la-currency	orig@p112	0	7.99261	0	100	0.24	400
s_la-currency	rev@p16	0	2.38256	0	100	0.24	400
s_la-currency	rev@p32	0	2.38256	0	100	0.24	400
s_la-currency	rev@p48	0	2.38256	0	100	0.24	400
s_la-currency	rev@p64	0	2.38745	0	100	0.24	400
s_la-currency	rev@p80	0	2.38488	0	100	0.24	400
s_la-currency	rev@p96	0	2.38256	0	100	0.24	400
s_la-currency	rev@p112	0	2.38512	0	100	0.24	400
s_la-currency	orig2	1	2.39001	0	100	0.24	400
s_la-currency	null	1	2.38768	0	100	0.24	400
s_la-currency	rev	1	2.38256	0	100	0.24	400
s_la-currency	orig@p16	1	2.39001	0	100	0.24	400
s_la-currency	orig@p32	1	2.39001	0	100	0.24	400
s_la-currency	orig@p48	1	2.44984	0	100	0.24	400
s_la-currency	orig@p64	1	2.44752	0	100	0.24	400
s_la-currency	orig@p80	1	2.51736	0	100	0.24	400
s_la-currency	orig@p96	1	2.45776	0	100	0.24	400
s_la-currency	orig@p112	1	2.38512	0	100	0.24	400
s_la-currency	rev@p16	1	2.38256	0	100	0.24	400
s_la-currency	rev@p32	1	2.39001	0	100	0.24	400
s_la-currency	rev@p48	1	2.38512	0	100	0.24	400
s_la-currency	rev@p64	1	2.38512	0	100	0.24	400
s_la-currency	rev@p80	1	2.38232	0	100	0.24	400
s_la-currency	rev@p96	1	2.38232	0	100	0.24	400
s_la-currency	rev@p112	1	2.38488	0	100	0.24	400
s_la-currency	orig	1	2.38256	0	100	0.24	400
s_la-currency	null	2	2.38768	0	100	0.24	400
s_la-currency	rev	2	2.39001	0	100	0.24	400
s_la-currency	orig@p16	2	2.39490	0	100	0.24	400
s_la-currency	orig@p32	2	2.38768	0	100	0.24	400
s_la-currency	orig@p48	2	2.44752	0	100	0.24	400
s_la-currency	orig@p64	2	2.44752	0	100	0.24	400
s_la-currency	orig@p80	2	2.44519	0	100	0.24	400
s_la-currency	orig@p96	2	2.45264	0	100	0.24	400
s_la-currency	orig@p112	2	2.38745	0	100	0.24	400
s_la-currency	rev@p16	2	2.39233	0	100	0.24	400
s_la-currency	rev@p32	2	2.39001	0	100	0.24	400
s_la-currency	rev@p48	2	2.38745	0	100	0.24	400
s_la-currency	rev@p64	2	2.38745	0	100	0.24	400
s_la-currency	rev@p80	2	2.38256	0	100	0.24	400
s_la-currency	rev@p96	2	2.38512	0	100	0.24	400
s_la-currency	rev@p112	2	2.38512	0	100	0.24	400
s_la-currency	orig	2	5.96256	0	100	0.24	400
s_la-currency	orig2	2	1.58255	0	100	0.24	400
s_la-currency	rev	3	1.31992	0	100	0.24	400
s_la-currency	orig@p16	3	1.32248	0	100	0.24	400
s_la-currency	orig@p32	3	1.31992	0	100	0.24	400
s_la-currency	orig@p48	3	1.35507	0	100	0.24	400
s_la-currency	orig@p64	3	1.35251	0	100	0.24	400
s_la-currency	orig@p80	3	1.35507	0	100	0.24	400
s_la-currency	orig@p96	3	1.35251	0	100	0.24	400
s_la-currency	orig@p112	3	1.32760	0	100	0.24	400
s_la-currency	rev@p16	3	1.31759	0	100	0.24	400
s_la-currency	rev@p32	3	1.32248	0	100	0.24	400
s_la-currency	rev@p48	3	1.32504	0	100	0.24	400
s_la-currency	rev@p64	3	1.31992	0	100	0.24	400
s_la-currency	rev@p80	3	1.31992	0	100	0.24	400
s_la-currency	rev@p96	3	2.71760	0	100	0.24	400
s_la-currency	rev@p112	3	2.90247	0	100	0.24	400
s_la-currency	orig	3	1.32015	0	100	0.24	400
s_la-currency	orig2	3	1.32015	0	100	0.24	400
s_la-currency	null	3	2.91504	0	100	0.24	400
s_la-currency	orig@p16	4	1.32015	0	100	0.24	400
s_la-currency	orig@p32	4	1.32760	0	100	0.24	400
s_la-currency	orig@p48	4	1.35764	0	100	0.24	400
s_la-currency	orig@p64	4	2.97744	0	100	0.24	400
s_la-currency	orig@p80	4	1.35484	0	100	0.24	400
s_la-currency	orig@p96	4	1.35764	0	100	0.24	400
s_la-currency	orig@p112	4	2.90503	0	100	0.24	400
s_la-currency	rev@p16	4	1.31992	0	100	0.24	400
s_la-currency	rev@p32	4	1.31992	0	100	0.24	400
s_la-currency	rev@p48	4	1.31759	0	100	0.24	400
s_la-currency	rev@p64	4	2.90503	0	100	0.24	400
s_la-currency	rev@p80	4	1.31992	0	100	0.24	400
s_la-currency	rev@p96	4	2.90759	0	100	0.24	400
s_la-currency	rev@p112	4	1.32248	0	100	0.24	400
s_la-currency	orig	4	2.90736	0	100	0.24	400
s_la-currency	orig2	4	1.32248	0	100	0.24	400
s_la-currency	null	4	2.90503	0	100	0.24	400
s_la-currency	rev	4	1.32015	0	100	0.24	400
s_la-currency	orig@p32	5	2.90503	0	100	0.24	400
s_la-currency	orig@p48	5	1.35764	0	100	0.24	400
s_la-currency	orig@p64	5	2.97744	0	100	0.24	400
s_la-currency	orig@p80	5	1.35740	0	100	0.24	400
s_la-currency	orig@p96	5	2.98000	0	100	0.24	400
s_la-currency	orig@p112	5	1.31992	0	100	0.24	400
s_la-currency	rev@p16	5	1.31992	0	100	0.24	400
s_la-currency	rev@p32	5	2.90992	0	100	0.24	400
s_la-currency	rev@p48	5	1.31992	0	100	0.24	400
s_la-currency	rev@p64	5	1.32248	0	100	0.24	400
s_la-currency	rev@p80	5	2.91504	0	100	0.24	400
s_la-currency	rev@p96	5	1.31759	0	100	0.24	400
s_la-currency	rev@p112	5	2.90247	0	100	0.24	400
s_la-currency	orig	5	2.72249	0	100	0.24	400
s_la-currency	orig2	5	2.91248	0	100	0.24	400
s_la-currency	null	5	2.72016	0	100	0.24	400
s_la-currency	rev	5	2.90503	0	100	0.24	400
s_la-currency	orig@p16	5	2.72249	0	100	0.24	400
s_la-currency	orig@p48	6	1.35507	0	100	0.24	400
s_la-currency	orig@p64	6	2.78512	0	100	0.24	400
s_la-currency	orig@p80	6	5.17513	0	100	0.24	400
s_la-currency	orig@p96	6	1.11735	0	100	0.24	400
s_la-currency	orig@p112	6	2.91248	0	100	0.24	400
s_la-currency	rev@p16	6	2.71760	0	100	0.24	400
s_la-currency	rev@p32	6	1.32015	0	100	0.24	400
s_la-currency	rev@p48	6	2.71993	0	100	0.24	400
s_la-currency	rev@p64	6	1.08755	0	100	0.24	400
s_la-currency	rev@p80	6	1.32248	0	100	0.24	400
s_la-currency	rev@p96	6	2.71993	0	100	0.24	400
s_la-currency	rev@p112	6	1.32737	0	100	0.24	400
s_la-currency	orig	6	2.72249	0	100	0.24	400
s_la-currency	orig2	6	2.90480	0	100	0.24	400
s_la-currency	null	6	1.08755	0	100	0.24	400
s_la-currency	rev	6	2.90503	0	100	0.24	400
s_la-currency	orig@p16	6	2.71993	0	100	0.24	400
s_la-currency	orig@p32	6	1.32015	0	100	0.24	400
s_la-currency	orig@p64	7	2.79490	0	100	0.24	400
s_la-currency	orig@p80	7	2.98489	0	100	0.24	400
s_la-currency	orig@p96	7	7.22497	0	100	0.24	400
s_la-currency	orig@p112	7	2.90992	0	100	0.24	400
s_la-currency	rev@p16	7	1.08988	0	100	0.24	400
s_la-currency	rev@p32	7	2.91015	0	100	0.24	400
s_la-currency	rev@p48	7	2.71760	0	100	0.24	400
s_la-currency	rev@p64	7	2.91248	0	100	0.24	400
s_la-currency	rev@p80	7	2.71504	0	100	0.24	400
s_la-currency	rev@p96	7	1.31992	0	100	0.24	400
s_la-currency	rev@p112	7	1.58232	0	100	0.24	400
s_la-currency	orig	7	2.90759	0	100	0.24	400
s_la-currency	orig2	7	2.90759	0	100	0.24	400
s_la-currency	null	7	2.90759	0	100	0.24	400
s_la-currency	rev	7	2.92249	0	100	0.24	400
s_la-currency	orig@p16	7	2.90480	0	100	0.24	400
s_la-currency	orig@p32	7	1.31992	0	100	0.24	400
s_la-currency	orig@p48	7	1.35251	0	100	0.24	400
s_la-currency	orig@p80	8	2.97744	0	100	0.24	400
s_la-currency	orig@p96	8	2.97767	0	100	0.24	400
s_la-currency	orig@p112	8	2.68244	0	100	0.24	400
s_la-currency	rev@p16	8	2.90759	0	100	0.24	400
s_la-currency	rev@p32	8	2.68244	0	100	0.24	400
s_la-currency	rev@p48	8	1.32248	0	100	0.24	400
s_la-currency	rev@p64	8	2.68756	0	100	0.24	400
s_la-currency	rev@p80	8	2.90782	0	100	0.24	400
s_la-currency	rev@p96	8	2.68500	0	100	0.24	400
s_la-currency	rev@p112	8	2.90270	0	100	0.24	400
s_la-currency	orig	8	2.69013	0	100	0.24	400
s_la-currency	orig2	8	1.31992	0	100	0.24	400
s_la-currency	null	8	2.68756	0	100	0.24	400
s_la-currency	rev	8	1.31992	0	100	0.24	400
s_la-currency	orig@p16	8	2.67988	0	100	0.24	400
s_la-currency	orig@p32	8	2.90759	0	100	0.24	400
s_la-currency	orig@p48	8	2.76254	0	100	0.24	400
s_la-currency	orig@p64	8	2.99746	0	100	0.24	400
s_la-currency	orig@p96	9	2.75229	0	100	0.24	400
s_la-currency	orig@p112	9	1.32504	0	100	0.24	400
s_la-currency	rev@p16	9	2.68989	0	100	0.24	400
s_la-currency	rev@p32	9	2.90270	0	100	0.24	400
s_la-currency	rev@p48	9	2.67732	0	100	0.24	400
s_la-currency	rev@p64	9	1.32015	0	100	0.24	400
s_la-currency	rev@p80	9	2.67988	0	100	0.24	400
s_la-currency	rev@p96	9	2.90736	0	100	0.24	400
s_la-currency	rev@p112	9	2.68244	0	100	0.24	400
s_la-currency	orig	9	2.90503	0	100	0.24	400
s_la-currency	orig2	9	2.68756	0	100	0.24	400
s_la-currency	null	9	1.31992	0	100	0.24	400
s_la-currency	rev	9	2.68500	0	100	0.24	400
s_la-currency	orig@p16	9	1.32015	0	100	0.24	400
s_la-currency	orig@p32	9	2.68989	0	100	0.24	400
s_la-currency	orig@p48	9	2.98233	0	100	0.24	400
s_la-currency	orig@p64	9	2.74996	0	100	0.24	400
s_la-currency	orig@p80	9	1.35507	0	100	0.24	400
s_la-currency	orig@p112	10	2.68244	0	100	0.24	400
s_la-currency	rev@p16	10	2.89991	0	100	0.24	400
s_la-currency	rev@p32	10	2.68989	0	100	0.24	400
s_la-currency	rev@p48	10	1.32248	0	100	0.24	400
s_la-currency	rev@p64	10	2.68267	0	100	0.24	400
s_la-currency	rev@p80	10	1.32015	0	100	0.24	400
s_la-currency	rev@p96	10	2.68500	0	100	0.24	400
s_la-currency	rev@p112	10	2.90992	0	100	0.24	400
s_la-currency	orig	10	2.68500	0	100	0.24	400
s_la-currency	orig2	10	2.90270	0	100	0.24	400
s_la-currency	null	10	2.68244	0	100	0.24	400
s_la-currency	rev	10	1.32248	0	100	0.24	400
s_la-currency	orig@p16	10	2.68756	0	100	0.24	400
s_la-currency	orig@p32	10	1.32504	0	100	0.24	400
s_la-currency	orig@p48	10	2.75020	0	100	0.24	400
s_la-currency	orig@p64	10	1.35507	0	100	0.24	400
s_la-currency	orig@p80	10	2.75997	0	100	0.24	400
s_la-currency	orig@p96	10	2.97767	0	100	0.24	400
s_la-email-dotdot	orig	0	1.31992	0	100	0.24	400
s_la-email-dotdot	orig2	0	2.68733	0	100	0.24	400
s_la-email-dotdot	null	0	1.31992	0	100	0.24	400
s_la-email-dotdot	rev	0	2.68500	0	100	0.24	400
s_la-email-dotdot	orig@p16	0	2.90270	0	100	0.24	400
s_la-email-dotdot	orig@p32	0	2.68244	0	100	0.24	400
s_la-email-dotdot	orig@p48	0	1.35251	0	100	0.24	400
s_la-email-dotdot	orig@p64	0	2.98000	0	100	0.24	400
s_la-email-dotdot	orig@p80	0	1.35740	0	100	0.24	400
s_la-email-dotdot	orig@p96	0	2.98256	0	100	0.24	400
s_la-email-dotdot	orig@p112	0	1.32015	0	100	0.24	400
s_la-email-dotdot	rev@p16	0	2.90759	0	100	0.24	400
s_la-email-dotdot	rev@p32	0	1.32504	0	100	0.24	400
s_la-email-dotdot	rev@p48	0	2.90503	0	100	0.24	400
s_la-email-dotdot	rev@p64	0	1.31992	0	100	0.24	400
s_la-email-dotdot	rev@p80	0	2.90782	0	100	0.24	400
s_la-email-dotdot	rev@p96	0	1.32248	0	100	0.24	400
s_la-email-dotdot	rev@p112	0	1.32504	0	100	0.24	400
s_la-email-dotdot	orig2	1	2.90480	0	100	0.24	400
s_la-email-dotdot	null	1	1.31992	0	100	0.24	400
s_la-email-dotdot	rev	1	1.32248	0	100	0.24	400
s_la-email-dotdot	orig@p16	1	2.90736	0	100	0.24	400
s_la-email-dotdot	orig@p32	1	1.31992	0	100	0.24	400
s_la-email-dotdot	orig@p48	1	1.35507	0	100	0.24	400
s_la-email-dotdot	orig@p64	1	2.98000	0	100	0.24	400
s_la-email-dotdot	orig@p80	1	1.35484	0	100	0.24	400
s_la-email-dotdot	orig@p96	1	2.98233	0	100	0.24	400
s_la-email-dotdot	orig@p112	1	1.31992	0	100	0.24	400
s_la-email-dotdot	rev@p16	1	1.31992	0	100	0.24	400
s_la-email-dotdot	rev@p32	1	2.90759	0	100	0.24	400
s_la-email-dotdot	rev@p48	1	1.32015	0	100	0.24	400
s_la-email-dotdot	rev@p64	1	1.31759	0	100	0.24	400
s_la-email-dotdot	rev@p80	1	2.90503	0	100	0.24	400
s_la-email-dotdot	rev@p96	1	1.31992	0	100	0.24	400
s_la-email-dotdot	rev@p112	1	1.31992	0	100	0.24	400
s_la-email-dotdot	orig	1	2.91015	0	100	0.24	400
s_la-email-dotdot	null	2	1.31992	0	100	0.24	400
s_la-email-dotdot	rev	2	1.31992	0	100	0.24	400
s_la-email-dotdot	orig@p16	2	2.90992	0	100	0.24	400
s_la-email-dotdot	orig@p32	2	1.31992	0	100	0.24	400
s_la-email-dotdot	orig@p48	2	1.35740	0	100	0.24	400
s_la-email-dotdot	orig@p64	2	2.98489	0	100	0.24	400
s_la-email-dotdot	orig@p80	2	1.35484	0	100	0.24	400
s_la-email-dotdot	orig@p96	2	1.35507	0	100	0.24	400
s_la-email-dotdot	orig@p112	2	2.90503	0	100	0.24	400
s_la-email-dotdot	rev@p16	2	1.32248	0	100	0.24	400
s_la-email-dotdot	rev@p32	2	1.32481	0	100	0.24	400
s_la-email-dotdot	rev@p48	2	2.90247	0	100	0.24	400
s_la-email-dotdot	rev@p64	2	1.32248	0	100	0.24	400
s_la-email-dotdot	rev@p80	2	1.31992	0	100	0.24	400
s_la-email-dotdot	rev@p96	2	2.90503	0	100	0.24	400
s_la-email-dotdot	rev@p112	2	1.31759	0	100	0.24	400
s_la-email-dotdot	orig	2	1.31992	0	100	0.24	400
s_la-email-dotdot	orig2	2	2.90782	0	100	0.24	400
s_la-email-dotdot	rev	3	1.31759	0	100	0.24	400
s_la-email-dotdot	orig@p16	3	1.31992	0	100	0.24	400
s_la-email-dotdot	orig@p32	3	1.31992	0	100	0.24	400
s_la-email-dotdot	orig@p48	3	1.35484	0	100	0.24	400
s_la-email-dotdot	orig@p64	3	2.98233	0	100	0.24	400
s_la-email-dotdot	orig@p80	3	1.35484	0	100	0.24	400
s_la-email-dotdot	orig@p96	3	2.79746	0	100	0.24	400
s_la-email-dotdot	orig@p112	3	2.90503	0	100	0.24	400
s_la-email-dotdot	rev@p16	3	1.32248	0	100	0.24	400
s_la-email-dotdot	rev@p32	3	2.90503	0	100	0.24	400
s_la-email-dotdot	rev@p48	3	1.31992	0	100	0.24	400
s_la-email-dotdot	rev@p64	3	1.31759	0	100	0.24	400
s_la-email-dotdot	rev@p80	3	2.90503	0	100	0.24	400
s_la-email-dotdot	rev@p96	3	1.32248	0	100	0.24	400
s_la-email-dotdot	rev@p112	3	1.31992	0	100	0.24	400
s_la-email-dotdot	orig	3	2.91248	0	100	0.24	400
s_la-email-dotdot	orig2	3	1.31759	0	100	0.24	400
s_la-email-dotdot	null	3	1.32504	0	100	0.24	400
s_la-email-dotdot	orig@p16	4	2.90503	0	100	0.24	400
s_la-email-dotdot	orig@p32	4	1.32015	0	100	0.24	400
s_la-email-dotdot	orig@p48	4	1.35484	0	100	0.24	400
s_la-email-dotdot	orig@p64	4	8.36491	0	100	0.24	400
s_la-email-dotdot	orig@p80	4	1.35507	0	100	0.24	400
s_la-email-dotdot	orig@p96	4	2.98745	0	100	0.24	400
s_la-email-dotdot	orig@p112	4	1.32271	0	100	0.24	400
s_la-email-dotdot	rev@p16	4	1.08732	0	100	0.24	400
s_la-email-dotdot	rev@p32	4	2.90503	0	100	0.24	400
s_la-email-dotdot	rev@p48	4	2.71737	0	100	0.24	400
s_la-email-dotdot	rev@p64	4	2.90992	0	100	0.24	400
s_la-email-dotdot	rev@p80	4	2.72249	0	100	0.24	400
s_la-email-dotdot	rev@p96	4	1.32248	0	100	0.24	400
s_la-email-dotdot	rev@p112	4	1.09733	0	100	0.24	400
s_la-email-dotdot	orig	4	2.91271	0	100	0.24	400
s_la-email-dotdot	orig2	4	2.71993	0	100	0.24	400
s_la-email-dotdot	null	4	2.91015	0	100	0.24	400
s_la-email-dotdot	rev	4	2.72505	0	100	0.24	400
s_la-email-dotdot	orig@p32	5	2.90736	0	100	0.24	400
s_la-email-dotdot	orig@p48	5	1.11992	0	100	0.24	400
s_la-email-dotdot	orig@p64	5	2.99234	0	100	0.24	400
s_la-email-dotdot	orig@p80	5	2.79001	0	100	0.24	400
s_la-email-dotdot	orig@p96	5	1.35764	0	100	0.24	400
s_la-email-dotdot	orig@p112	5	13.04992	0	100	0.24	400
s_la-email-dotdot	rev@p16	5	2.90247	0	100	0.24	400
s_la-email-dotdot	rev@p32	5	1.08499	0	100	0.24	400
s_la-email-dotdot	rev@p48	5	2.90759	0	100	0.24	400
s_la-email-dotdot	rev@p64	5	2.71737	0	100	0.24	400
s_la-email-dotdot	rev@p80	5	2.90503	0	100	0.24	400
s_la-email-dotdot	rev@p96	5	2.90247	0	100	0.24	400
s_la-email-dotdot	rev@p112	5	2.69245	0	100	0.24	400
s_la-email-dotdot	orig	5	2.90759	0	100	0.24	400
s_la-email-dotdot	orig2	5	2.68244	0	100	0.24	400
s_la-email-dotdot	null	5	2.90759	0	100	0.24	400
s_la-email-dotdot	rev	5	2.68244	0	100	0.24	400
s_la-email-dotdot	orig@p16	5	2.90759	0	100	0.24	400
s_la-email-dotdot	orig@p48	6	2.74763	0	100	0.24	400
s_la-email-dotdot	orig@p64	6	2.98000	0	100	0.24	400
s_la-email-dotdot	orig@p80	6	2.98000	0	100	0.24	400
s_la-email-dotdot	orig@p96	6	2.75252	0	100	0.24	400
s_la-email-dotdot	orig@p112	6	2.38745	0	100	0.24	400
s_la-email-dotdot	rev@p16	6	2.38256	0	100	0.24	400
s_la-email-dotdot	rev@p32	6	2.38512	0	100	0.24	400
s_la-email-dotdot	rev@p48	6	2.39233	0	100	0.24	400
s_la-email-dotdot	rev@p64	6	2.38512	0	100	0.24	400
s_la-email-dotdot	rev@p80	6	2.38256	0	100	0.24	400
s_la-email-dotdot	rev@p96	6	2.38768	0	100	0.24	400
s_la-email-dotdot	rev@p112	6	2.38256	0	100	0.24	400
s_la-email-dotdot	orig	6	2.38512	0	100	0.24	400
s_la-email-dotdot	orig2	6	2.38745	0	100	0.24	400
s_la-email-dotdot	null	6	2.38488	0	100	0.24	400
s_la-email-dotdot	rev	6	2.38745	0	100	0.24	400
s_la-email-dotdot	orig@p16	6	2.38256	0	100	0.24	400
s_la-email-dotdot	orig@p32	6	2.38512	0	100	0.30	400
s_la-email-dotdot	orig@p64	7	2.45031	0	100	0.30	400
s_la-email-dotdot	orig@p80	7	2.45241	0	100	0.30	400
s_la-email-dotdot	orig@p96	7	2.45008	0	100	0.30	400
s_la-email-dotdot	orig@p112	7	2.38745	0	100	0.30	400
s_la-email-dotdot	rev@p16	7	2.38232	0	100	0.30	400
s_la-email-dotdot	rev@p32	7	2.38256	0	100	0.30	400
s_la-email-dotdot	rev@p48	7	2.38512	0	100	0.30	400
s_la-email-dotdot	rev@p64	7	2.39257	0	100	0.30	400
s_la-email-dotdot	rev@p80	7	2.38232	0	100	0.30	400
s_la-email-dotdot	rev@p96	7	2.38256	0	100	0.30	400
s_la-email-dotdot	rev@p112	7	2.38256	0	100	0.30	400
s_la-email-dotdot	orig	7	2.38768	0	100	0.30	400
s_la-email-dotdot	orig2	7	2.38488	0	100	0.30	400
s_la-email-dotdot	null	7	2.38488	0	100	0.30	400
s_la-email-dotdot	rev	7	2.38279	0	100	0.30	400
s_la-email-dotdot	orig@p16	7	2.38768	0	100	0.30	400
s_la-email-dotdot	orig@p32	7	2.38512	0	100	0.30	400
s_la-email-dotdot	orig@p48	7	2.44752	0	100	0.30	400
s_la-email-dotdot	orig@p80	8	2.44495	0	100	0.30	400
s_la-email-dotdot	orig@p96	8	2.44752	0	100	0.30	400
s_la-email-dotdot	orig@p112	8	2.38745	0	100	0.30	400
s_la-email-dotdot	rev@p16	8	2.37999	0	100	0.30	400
s_la-email-dotdot	rev@p32	8	8.00774	0	100	0.30	400
s_la-email-dotdot	rev@p48	8	2.38488	0	100	0.30	400
s_la-email-dotdot	rev@p64	8	2.39257	0	100	0.30	400
s_la-email-dotdot	rev@p80	8	2.39257	0	100	0.30	400
s_la-email-dotdot	rev@p96	8	2.38256	0	100	0.30	400
s_la-email-dotdot	rev@p112	8	2.38256	0	100	0.30	400
s_la-email-dotdot	orig	8	2.38488	0	100	0.30	400
s_la-email-dotdot	orig2	8	2.39001	0	100	0.30	400
s_la-email-dotdot	null	8	2.38512	0	100	0.30	400
s_la-email-dotdot	rev	8	2.38535	0	100	0.30	400
s_la-email-dotdot	orig@p16	8	2.38745	0	100	0.30	400
s_la-email-dotdot	orig@p32	8	2.39257	0	100	0.30	400
s_la-email-dotdot	orig@p48	8	2.45008	0	100	0.30	400
s_la-email-dotdot	orig@p64	8	2.44495	0	100	0.30	400
s_la-email-dotdot	orig@p96	9	2.44752	0	100	0.30	400
s_la-email-dotdot	orig@p112	9	2.38512	0	100	0.30	400
s_la-email-dotdot	rev@p16	9	2.37999	0	100	0.30	400
s_la-email-dotdot	rev@p32	9	2.38745	0	100	0.30	400
s_la-email-dotdot	rev@p48	9	2.39257	0	100	0.30	400
s_la-email-dotdot	rev@p64	9	2.39257	0	100	0.30	400
s_la-email-dotdot	rev@p80	9	2.38745	0	100	0.30	400
s_la-email-dotdot	rev@p96	9	2.38488	0	100	0.30	400
s_la-email-dotdot	rev@p112	9	2.40235	0	100	0.30	400
s_la-email-dotdot	orig	9	2.38279	0	100	0.30	400
s_la-email-dotdot	orig2	9	2.38768	0	100	0.30	400
s_la-email-dotdot	null	9	2.38488	0	100	0.30	400
s_la-email-dotdot	rev	9	2.38256	0	100	0.30	400
s_la-email-dotdot	orig@p16	9	2.38488	0	100	0.30	400
s_la-email-dotdot	orig@p32	9	2.42749	0	100	0.30	400
s_la-email-dotdot	orig@p48	9	2.47499	0	100	0.30	400
s_la-email-dotdot	orig@p64	9	2.44752	0	100	0.30	400
s_la-email-dotdot	orig@p80	9	2.44984	0	100	0.30	400
s_la-email-dotdot	orig@p112	10	2.38488	0	100	0.30	400
s_la-email-dotdot	rev@p16	10	2.38745	0	100	0.30	400
s_la-email-dotdot	rev@p32	10	2.38745	0	100	0.30	400
s_la-email-dotdot	rev@p48	10	2.38768	0	100	0.30	400
s_la-email-dotdot	rev@p64	10	2.38512	0	100	0.30	400
s_la-email-dotdot	rev@p80	10	2.39257	0	100	0.30	400
s_la-email-dotdot	rev@p96	10	2.38512	0	100	0.30	400
s_la-email-dotdot	rev@p112	10	2.38279	0	100	0.30	400
s_la-email-dotdot	orig	10	2.39257	0	100	0.30	400
s_la-email-dotdot	orig2	10	2.39001	0	100	0.30	400
s_la-email-dotdot	null	10	2.38256	0	100	0.30	400
s_la-email-dotdot	rev	10	2.39001	0	100	0.30	400
s_la-email-dotdot	orig@p16	10	2.38745	0	100	0.30	400
s_la-email-dotdot	orig@p32	10	2.39001	0	100	0.30	400
s_la-email-dotdot	orig@p48	10	2.45008	0	100	0.30	400
s_la-email-dotdot	orig@p64	10	2.44519	0	100	0.30	400
s_la-email-dotdot	orig@p80	10	2.45986	0	100	0.30	400
s_la-email-dotdot	orig@p96	10	2.44728	0	100	0.30	400
s_la-email-nodup	orig	0	2.65272	0	100	0.30	400
s_la-email-nodup	orig2	0	2.64728	0	100	0.30	400
s_la-email-nodup	null	0	2.65582	0	100	0.30	400
s_la-email-nodup	rev	0	2.64987	0	100	0.30	400
s_la-email-nodup	orig@p16	0	2.65272	0	100	0.30	400
s_la-email-nodup	orig@p32	0	2.64703	0	100	0.30	400
s_la-email-nodup	orig@p48	0	2.72205	0	100	0.30	400
s_la-email-nodup	orig@p64	0	2.71972	0	100	0.30	400
s_la-email-nodup	orig@p80	0	2.71946	0	100	0.30	400
s_la-email-nodup	orig@p96	0	2.72489	0	100	0.30	400
s_la-email-nodup	orig@p112	0	2.65556	0	100	0.30	400
s_la-email-nodup	rev@p16	0	2.64728	0	100	0.30	400
s_la-email-nodup	rev@p32	0	2.65272	0	100	0.30	400
s_la-email-nodup	rev@p48	0	2.64728	0	100	0.30	400
s_la-email-nodup	rev@p64	0	2.65556	0	100	0.30	400
s_la-email-nodup	rev@p80	0	2.65272	0	100	0.30	400
s_la-email-nodup	rev@p96	0	2.65013	0	100	0.30	400
s_la-email-nodup	rev@p112	0	2.66125	0	100	0.30	400
s_la-email-nodup	orig2	1	2.64987	0	100	0.30	400
s_la-email-nodup	null	1	2.65272	0	100	0.30	400
s_la-email-nodup	rev	1	2.65298	0	100	0.30	400
s_la-email-nodup	orig@p16	1	2.65272	0	100	0.30	400
s_la-email-nodup	orig@p32	1	2.64728	0	100	0.30	400
s_la-email-nodup	orig@p48	1	2.71662	0	100	0.30	400
s_la-email-nodup	orig@p64	1	2.72205	0	100	0.30	400
s_la-email-nodup	orig@p80	1	2.72774	0	100	0.30	400
s_la-email-nodup	orig@p96	1	2.71662	0	100	0.30	400
s_la-email-nodup	orig@p112	1	2.65013	0	100	0.30	400
s_la-email-nodup	rev@p16	1	2.65272	0	100	0.30	400
s_la-email-nodup	rev@p32	1	2.65013	0	100	0.30	400
s_la-email-nodup	rev@p48	1	2.65272	0	100	0.30	400
s_la-email-nodup	rev@p64	1	2.64703	0	100	0.30	400
s_la-email-nodup	rev@p80	1	2.64987	0	100	0.30	400
s_la-email-nodup	rev@p96	1	2.65323	0	100	0.30	400
s_la-email-nodup	rev@p112	1	2.64987	0	100	0.30	400
s_la-email-nodup	orig	1	2.65272	0	100	0.30	400
s_la-email-nodup	null	2	2.65272	0	100	0.30	400
s_la-email-nodup	rev	2	2.64987	0	100	0.30	400
s_la-email-nodup	orig@p16	2	2.65298	0	100	0.30	400
s_la-email-nodup	orig@p32	2	2.65272	0	100	0.30	400
s_la-email-nodup	orig@p48	2	2.72489	0	100	0.30	400
s_la-email-nodup	orig@p64	2	2.72231	0	100	0.30	400
s_la-email-nodup	orig@p80	2	2.71946	0	100	0.30	400
s_la-email-nodup	orig@p96	2	2.71687	0	100	0.30	400
s_la-email-nodup	orig@p112	2	2.64703	0	100	0.30	400
s_la-email-nodup	rev@p16	2	2.65841	0	100	0.30	400
s_la-email-nodup	rev@p32	2	2.64703	0	100	0.30	400
s_la-email-nodup	rev@p48	2	2.65556	0	100	0.30	400
s_la-email-nodup	rev@p64	2	1.80832	0	100	0.30	400
s_la-email-nodup	rev@p80	2	2.65272	0	100	0.30	400
s_la-email-nodup	rev@p96	2	3.03068	0	100	0.30	400
s_la-email-nodup	rev@p112	2	2.64987	0	100	0.30	400
s_la-email-nodup	orig	2	1.20839	0	100	0.30	400
s_la-email-nodup	orig2	2	3.02214	0	100	0.30	400
s_la-email-nodup	rev	3	2.64987	0	100	0.30	400
s_la-email-nodup	orig@p16	3	1.52220	0	100	0.30	400
s_la-email-nodup	orig@p32	3	2.65272	0	100	0.30	400
s_la-email-nodup	orig@p48	3	3.10260	0	100	0.30	400
s_la-email-nodup	orig@p64	3	2.71946	0	100	0.30	400
s_la-email-nodup	orig@p80	3	3.32482	0	100	0.30	400
s_la-email-nodup	orig@p96	3	2.73059	0	100	0.30	400
s_la-email-nodup	orig@p112	3	3.23893	0	100	0.30	400
s_la-email-nodup	rev@p16	3	2.64444	0	100	0.30	400
s_la-email-nodup	rev@p32	3	3.23324	0	100	0.30	400
s_la-email-nodup	rev@p48	3	2.65556	0	100	0.30	400
s_la-email-nodup	rev@p64	3	1.46683	0	100	0.30	400
s_la-email-nodup	rev@p80	3	2.66125	0	100	0.30	400
s_la-email-nodup	rev@p96	3	3.22781	0	100	0.30	400
s_la-email-nodup	rev@p112	3	2.64987	0	100	0.30	400
s_la-email-nodup	orig	3	3.23350	0	100	0.30	400
s_la-email-nodup	orig2	3	2.65556	0	100	0.30	400
s_la-email-nodup	null	3	1.46657	0	100	0.30	400
s_la-email-nodup	orig@p16	4	2.65272	0	100	0.30	400
s_la-email-nodup	orig@p32	4	3.22496	0	100	0.30	400
s_la-email-nodup	orig@p48	4	2.71687	0	100	0.30	400
s_la-email-nodup	orig@p64	4	3.31654	0	100	0.30	400
s_la-email-nodup	orig@p80	4	2.71662	0	100	0.30	400
s_la-email-nodup	orig@p96	4	1.50564	0	100	0.30	400
s_la-email-nodup	orig@p112	4	2.64728	0	100	0.30	400
s_la-email-nodup	rev@p16	4	3.22238	0	100	0.30	400
s_la-email-nodup	rev@p32	4	2.65556	0	100	0.30	400
s_la-email-nodup	rev@p48	4	3.23065	0	100	0.30	400
s_la-email-nodup	rev@p64	4	2.65323	0	100	0.30	400
s_la-email-nodup	rev@p80	4	1.46657	0	100	0.30	400
s_la-email-nodup	rev@p96	4	2.64728	0	100	0.30	400
s_la-email-nodup	rev@p112	4	3.22781	0	100	0.30	400
s_la-email-nodup	orig	4	2.64728	0	100	0.30	400
s_la-email-nodup	orig2	4	3.22781	0	100	0.30	400
s_la-email-nodup	null	4	2.97765	0	100	0.30	400
s_la-email-nodup	rev	4	2.64728	0	100	0.30	400
s_la-email-nodup	orig@p32	5	2.64987	0	100	0.30	400
s_la-email-nodup	orig@p48	5	2.71662	0	100	0.30	400
s_la-email-nodup	orig@p64	5	2.71946	0	100	0.30	400
s_la-email-nodup	orig@p80	5	2.71946	0	100	0.30	400
s_la-email-nodup	orig@p96	5	2.71946	0	100	0.30	400
s_la-email-nodup	orig@p112	5	2.64728	0	100	0.30	400
s_la-email-nodup	rev@p16	5	2.65272	0	100	0.30	400
s_la-email-nodup	rev@p32	5	2.65298	0	100	0.30	400
s_la-email-nodup	rev@p48	5	2.65298	0	100	0.30	400
s_la-email-nodup	rev@p64	5	2.65013	0	100	0.30	400
s_la-email-nodup	rev@p80	5	2.65298	0	100	0.30	400
s_la-email-nodup	rev@p96	5	2.65013	0	100	0.30	400
s_la-email-nodup	rev@p112	5	2.64987	0	100	0.30	400
s_la-email-nodup	orig	5	2.64987	0	100	0.30	400
s_la-email-nodup	orig2	5	2.65272	0	100	0.30	400
s_la-email-nodup	null	5	2.64444	0	100	0.30	400
s_la-email-nodup	rev	5	2.65272	0	100	0.30	400
s_la-email-nodup	orig@p16	5	2.65013	0	100	0.30	400
s_la-email-nodup	orig@p48	6	2.72205	0	100	0.30	400
s_la-email-nodup	orig@p64	6	2.71946	0	100	0.30	400
s_la-email-nodup	orig@p80	6	2.73628	0	100	0.30	400
s_la-email-nodup	orig@p96	6	2.71920	0	100	0.30	400
s_la-email-nodup	orig@p112	6	2.64987	0	100	0.30	400
s_la-email-nodup	rev@p16	6	2.65272	0	100	0.30	400
s_la-email-nodup	rev@p32	6	2.65272	0	100	0.30	400
s_la-email-nodup	rev@p48	6	2.65815	0	100	0.30	400
s_la-email-nodup	rev@p64	6	2.64987	0	100	0.30	400
s_la-email-nodup	rev@p80	6	2.64987	0	100	0.30	400
s_la-email-nodup	rev@p96	6	2.65013	0	100	0.30	400
s_la-email-nodup	rev@p112	6	2.64444	0	100	0.30	400
s_la-email-nodup	orig	6	2.64987	0	100	0.30	400
s_la-email-nodup	orig2	6	2.65013	0	100	0.30	400
s_la-email-nodup	null	6	2.64987	0	100	0.30	400
s_la-email-nodup	rev	6	2.65298	0	100	0.30	400
s_la-email-nodup	orig@p16	6	2.65013	0	100	0.30	400
s_la-email-nodup	orig@p32	6	2.64728	0	100	0.30	400
s_la-email-nodup	orig@p64	7	2.72205	0	100	0.30	400
s_la-email-nodup	orig@p80	7	2.72205	0	100	0.30	400
s_la-email-nodup	orig@p96	7	2.71946	0	100	0.30	400
s_la-email-nodup	orig@p112	7	2.66410	0	100	0.30	400
s_la-email-nodup	rev@p16	7	2.64444	0	100	0.30	400
s_la-email-nodup	rev@p32	7	2.65013	0	100	0.30	400
s_la-email-nodup	rev@p48	7	2.65013	0	100	0.30	400
s_la-email-nodup	rev@p64	7	2.64728	0	100	0.30	400
s_la-email-nodup	rev@p80	7	2.65272	0	100	0.30	400
s_la-email-nodup	rev@p96	7	2.65013	0	100	0.30	400
s_la-email-nodup	rev@p112	7	2.65841	0	100	0.30	400
s_la-email-nodup	orig	7	2.65272	0	100	0.30	400
s_la-email-nodup	orig2	7	2.64987	0	100	0.30	400
s_la-email-nodup	null	7	2.64987	0	100	0.30	400
s_la-email-nodup	rev	7	2.65841	0	100	0.30	400
s_la-email-nodup	orig@p16	7	2.64987	0	100	0.30	400
s_la-email-nodup	orig@p32	7	2.65556	0	100	0.30	400
s_la-email-nodup	orig@p48	7	2.71662	0	100	0.30	400
s_la-email-nodup	orig@p80	8	2.71946	0	100	0.30	400
s_la-email-nodup	orig@p96	8	2.71662	0	100	0.30	400
s_la-email-nodup	orig@p112	8	2.66953	0	100	0.30	400
s_la-email-nodup	rev@p16	8	2.65013	0	100	0.30	400
s_la-email-nodup	rev@p32	8	2.64987	0	100	0.30	400
s_la-email-nodup	rev@p48	8	2.64728	0	100	0.30	400
s_la-email-nodup	rev@p64	8	2.64444	0	100	0.30	400
s_la-email-nodup	rev@p80	8	2.64728	0	100	0.30	400
s_la-email-nodup	rev@p96	8	3.22755	0	100	0.30	400
s_la-email-nodup	rev@p112	8	2.65298	0	100	0.30	400
s_la-email-nodup	orig	8	3.23065	0	100	0.30	400
s_la-email-nodup	orig2	8	2.65272	0	100	0.30	400
s_la-email-nodup	null	8	1.46399	0	100	0.30	400
s_la-email-nodup	rev	8	2.65841	0	100	0.30	400
s_la-email-nodup	orig@p16	8	3.22522	0	100	0.30	400
s_la-email-nodup	orig@p32	8	2.65272	0	100	0.30	400
s_la-email-nodup	orig@p48	8	3.33310	0	100	0.30	400
s_la-email-nodup	orig@p64	8	2.72515	0	100	0.30	400
s_la-email-nodup	orig@p96	9	3.31680	0	100	0.30	400
s_la-email-nodup	orig@p112	9	2.64728	0	100	0.30	400
s_la-email-nodup	rev@p16	9	1.46657	0	100	0.30	400
s_la-email-nodup	rev@p32	9	2.65272	0	100	0.30	400
s_la-email-nodup	rev@p48	9	3.22781	0	100	0.30	400
s_la-email-nodup	rev@p64	9	2.65556	0	100	0.30	400
s_la-email-nodup	rev@p80	9	3.22781	0	100	0.30	400
s_la-email-nodup	rev@p96	9	2.64728	0	100	0.30	400
s_la-email-nodup	rev@p112	9	3.22238	0	100	0.30	400
s_la-email-nodup	orig	9	3.23324	0	100	0.30	400
s_la-email-nodup	orig2	9	3.35276	0	100	0.30	400
s_la-email-nodup	null	9	2.97765	0	100	0.30	400
s_la-email-nodup	rev	9	2.98334	0	100	0.30	400
s_la-email-nodup	orig@p16	9	2.65272	0	100	0.30	400
s_la-email-nodup	orig@p32	9	2.64987	0	100	0.30	400
s_la-email-nodup	orig@p48	9	2.71946	0	100	0.30	400
s_la-email-nodup	orig@p64	9	2.72205	0	100	0.30	400
s_la-email-nodup	orig@p80	9	2.71687	0	100	0.30	400
s_la-email-nodup	orig@p112	10	2.65556	0	100	0.30	400
s_la-email-nodup	rev@p16	10	2.64728	0	100	0.30	400
s_la-email-nodup	rev@p32	10	2.66384	0	100	0.30	400
s_la-email-nodup	rev@p48	10	2.65556	0	100	0.30	400
s_la-email-nodup	rev@p64	10	2.64987	0	100	0.30	400
s_la-email-nodup	rev@p80	10	2.65298	0	100	0.30	400
s_la-email-nodup	rev@p96	10	2.65815	0	100	0.30	400
s_la-email-nodup	rev@p112	10	2.64728	0	100	0.30	400
s_la-email-nodup	orig	10	2.65815	0	100	0.30	400
s_la-email-nodup	orig2	10	2.64987	0	100	0.30	400
s_la-email-nodup	null	10	2.65013	0	100	0.30	400
s_la-email-nodup	rev	10	2.64728	0	100	0.30	400
s_la-email-nodup	orig@p16	10	2.65556	0	100	0.30	400
s_la-email-nodup	orig@p32	10	2.65556	0	100	0.30	400
s_la-email-nodup	orig@p48	10	2.72231	0	100	0.30	400
s_la-email-nodup	orig@p64	10	2.71972	0	100	0.30	400
s_la-email-nodup	orig@p80	10	2.71662	0	100	0.30	400
s_la-email-nodup	orig@p96	10	2.72205	0	100	0.30	400
s_la-float-bound	orig	0	1.83471	0	100	0.30	400
s_la-float-bound	orig2	0	1.83847	0	100	0.30	400
s_la-float-bound	null	0	1.83453	0	100	0.30	400
s_la-float-bound	rev	0	1.83650	0	100	0.30	400
s_la-float-bound	orig@p16	0	1.83668	0	100	0.30	400
s_la-float-bound	orig@p32	0	1.83077	0	100	0.30	400
s_la-float-bound	orig@p48	0	1.87894	0	100	0.30	400
s_la-float-bound	orig@p64	0	1.88467	0	100	0.30	400
s_la-float-bound	orig@p80	0	1.88647	0	100	0.30	400
s_la-float-bound	orig@p96	0	1.88664	0	100	0.30	400
s_la-float-bound	orig@p112	0	1.83274	0	100	0.30	400
s_la-float-bound	rev@p16	0	1.83453	0	100	0.30	400
s_la-float-bound	rev@p32	0	1.83650	0	100	0.30	400
s_la-float-bound	rev@p48	0	1.83847	0	100	0.30	400
s_la-float-bound	rev@p64	0	1.83471	0	100	0.30	400
s_la-float-bound	rev@p80	0	1.83256	0	100	0.30	400
s_la-float-bound	rev@p96	0	1.83453	0	100	0.30	400
s_la-float-bound	rev@p112	0	2.06342	0	100	0.30	400
s_la-float-bound	orig2	1	1.83650	0	100	0.30	400
s_la-float-bound	null	1	1.83847	0	100	0.30	400
s_la-float-bound	rev	1	1.83453	0	100	0.30	400
s_la-float-bound	orig@p16	1	1.83668	0	100	0.30	400
s_la-float-bound	orig@p32	1	1.01532	0	100	0.30	400
s_la-float-bound	orig@p48	1	1.88270	0	100	0.30	400
s_la-float-bound	orig@p64	1	2.29231	0	100	0.30	400
s_la-float-bound	orig@p80	1	1.24994	0	100	0.30	400
s_la-float-bound	orig@p96	1	1.88270	0	100	0.30	400
s_la-float-bound	orig@p112	1	1.04613	0	100	0.30	400
s_la-float-bound	rev@p16	1	1.84617	0	100	0.30	400
s_la-float-bound	rev@p32	1	2.09422	0	100	0.30	400
s_la-float-bound	rev@p48	1	1.83471	0	100	0.30	400
s_la-float-bound	rev@p64	1	0.83658	0	100	0.30	400
s_la-float-bound	rev@p80	1	1.83453	0	100	0.30	400
s_la-float-bound	rev@p96	1	1.04613	0	100	0.30	400
s_la-float-bound	rev@p112	1	1.83453	0	100	0.30	400
s_la-float-bound	orig	1	1.04433	0	100	0.30	400
s_la-float-bound	null	2	1.83847	0	100	0.30	400
s_la-float-bound	rev	2	2.09422	0	100	0.30	400
s_la-float-bound	orig@p16	2	1.83650	0	100	0.30	400
s_la-float-bound	orig@p32	2	0.83658	0	100	0.30	400
s_la-float-bound	orig@p48	2	1.88073	0	100	0.30	400
s_la-float-bound	orig@p64	2	1.69035	0	100	0.30	400
s_la-float-bound	orig@p80	2	1.24797	0	100	0.30	400
s_la-float-bound	orig@p96	2	1.07496	0	100	0.30	400
s_la-float-bound	orig@p112	2	2.23643	0	100	0.30	400
s_la-float-bound	rev@p16	2	2.08849	0	100	0.30	400
s_la-float-bound	rev@p32	2	1.01729	0	100	0.30	400
s_la-float-bound	rev@p48	2	0.84410	0	100	0.30	400
s_la-float-bound	rev@p64	2	1.01729	0	100	0.30	400
s_la-float-bound	rev@p80	2	1.01550	0	100	0.30	400
s_la-float-bound	rev@p96	2	2.23464	0	100	0.30	400
s_la-float-bound	rev@p112	2	2.23464	0	100	0.30	400
s_la-float-bound	orig	2	1.01550	0	100	0.30	400
s_la-float-bound	orig2	2	5.19230	0	100	0.30	400
s_la-float-bound	rev	3	2.23267	0	100	0.30	400
s_la-float-bound	orig@p16	3	2.23070	0	100	0.30	400
s_la-float-bound	orig@p32	3	2.23464	0	100	0.30	400
s_la-float-bound	orig@p48	3	1.04039	0	100	0.30	400
s_la-float-bound	orig@p64	3	1.04613	0	100	0.30	400
s_la-float-bound	orig@p80	3	2.29231	0	100	0.30	400
s_la-float-bound	orig@p96	3	2.30968	0	100	0.30	400
s_la-float-bound	orig@p112	3	2.23643	0	100	0.30	400
s_la-float-bound	rev@p16	3	2.23088	0	100	0.30	400
s_la-float-bound	rev@p32	3	2.23464	0	100	0.30	400
s_la-float-bound	rev@p48	3	1.01926	0	100	0.30	400
s_la-float-bound	rev@p64	3	1.01335	0	100	0.30	400
s_la-float-bound	rev@p80	3	2.23661	0	100	0.30	400
s_la-float-bound	rev@p96	3	1.01532	0	100	0.30	400
s_la-float-bound	rev@p112	3	2.23482	0	100	0.30	400
s_la-float-bound	orig	3	2.23661	0	100	0.30	400
s_la-float-bound	orig2	3	1.01550	0	100	0.30	400
s_la-float-bound	null	3	2.24037	0	100	0.30	400
s_la-float-bound	orig@p16	4	2.23858	0	100	0.30	400
s_la-float-bound	orig@p32	4	1.01550	0	100	0.30	400
s_la-float-bound	orig@p48	4	2.29428	0	100	0.30	400
s_la-float-bound	orig@p64	4	2.30180	0	100	0.30	400
s_la-float-bound	orig@p80	4	2.29034	0	100	0.30	400
s_la-float-bound	orig@p96	4	2.29410	0	100	0.30	400
s_la-float-bound	orig@p112	4	1.01550	0	100	0.30	400
s_la-float-bound	rev@p16	4	2.29625	0	100	0.30	400
s_la-float-bound	rev@p32	4	2.23858	0	100	0.30	400
s_la-float-bound	rev@p48	4	1.01550	0	100	0.30	400
s_la-float-bound	rev@p64	4	2.23661	0	100	0.30	400
s_la-float-bound	rev@p80	4	2.23661	0	100	0.30	400
s_la-float-bound	rev@p96	4	1.01532	0	100	0.30	400
s_la-float-bound	rev@p112	4	2.23840	0	100	0.30	400
s_la-float-bound	orig	4	5.89241	0	100	0.30	400
s_la-float-bound	orig2	4	2.23840	0	100	0.30	400
s_la-float-bound	null	4	2.23661	0	100	0.30	400
s_la-float-bound	rev	4	2.23446	0	100	0.30	400
s_la-float-bound	orig@p32	5	1.01729	0	100	0.30	400
s_la-float-bound	orig@p48	5	2.29428	0	100	0.30	400
s_la-float-bound	orig@p64	5	2.11733	0	100	0.30	400
s_la-float-bound	orig@p80	5	1.04236	0	100	0.30	400
s_la-float-bound	orig@p96	5	2.11733	0	100	0.30	400
s_la-float-bound	orig@p112	5	2.23840	0	100	0.30	400
s_la-float-bound	rev@p16	5	2.06933	0	100	0.30	400
s_la-float-bound	rev@p32	5	2.06342	0	100	0.30	400
s_la-float-bound	rev@p48	5	1.83650	0	100	0.30	400
s_la-float-bound	rev@p64	5	1.83274	0	100	0.30	400
s_la-float-bound	rev@p80	5	1.83650	0	100	0.30	400
s_la-float-bound	rev@p96	5	1.83471	0	100	0.30	400
s_la-float-bound	rev@p112	5	1.83077	0	100	0.30	400
s_la-float-bound	orig	5	1.83847	0	100	0.30	400
s_la-float-bound	orig2	5	1.83847	0	100	0.30	400
s_la-float-bound	null	5	1.83274	0	100	0.30	400
s_la-float-bound	rev	5	1.83650	0	100	0.30	400
s_la-float-bound	orig@p16	5	1.83453	0	100	0.30	400
s_la-float-bound	orig@p48	6	1.89614	0	100	0.30	400
s_la-float-bound	orig@p64	6	1.88467	0	100	0.30	400
s_la-float-bound	orig@p80	6	1.88647	0	100	0.30	400
s_la-float-bound	orig@p96	6	1.89614	0	100	0.30	400
s_la-float-bound	orig@p112	6	1.83453	0	100	0.30	400
s_la-float-bound	rev@p16	6	1.83471	0	100	0.30	400
s_la-float-bound	rev@p32	6	1.83274	0	100	0.30	400
s_la-float-bound	rev@p48	6	1.83274	0	100	0.30	400
s_la-float-bound	rev@p64	6	1.83847	0	100	0.30	400
s_la-float-bound	rev@p80	6	1.83453	0	100	0.30	400
s_la-float-bound	rev@p96	6	1.83847	0	100	0.30	400
s_la-float-bound	rev@p112	6	1.83847	0	100	0.30	400
s_la-float-bound	orig	6	1.83453	0	100	0.30	400
s_la-float-bound	orig2	6	1.83453	0	100	0.30	400
s_la-float-bound	null	6	1.83256	0	100	0.30	400
s_la-float-bound	rev	6	1.83650	0	100	0.30	400
s_la-float-bound	orig@p16	6	1.83453	0	100	0.30	400
s_la-float-bound	orig@p32	6	1.83650	0	100	0.30	400
s_la-float-bound	orig@p64	7	1.88270	0	100	0.30	400
s_la-float-bound	orig@p80	7	1.88450	0	100	0.30	400
s_la-float-bound	orig@p96	7	1.88073	0	100	0.30	400
s_la-float-bound	orig@p112	7	1.83650	0	100	0.30	400
s_la-float-bound	rev@p16	7	1.83471	0	100	0.30	400
s_la-float-bound	rev@p32	7	1.83471	0	100	0.30	400
s_la-float-bound	rev@p48	7	1.83453	0	100	0.30	400
s_la-float-bound	rev@p64	7	1.83274	0	100	0.30	400
s_la-float-bound	rev@p80	7	1.83471	0	100	0.30	400
s_la-float-bound	rev@p96	7	1.83274	0	100	0.30	400
s_la-float-bound	rev@p112	7	1.83471	0	100	0.30	400
s_la-float-bound	orig	7	1.83256	0	100	0.30	400
s_la-float-bound	orig2	7	1.83471	0	100	0.30	400
s_la-float-bound	null	7	1.83453	0	100	0.30	400
s_la-float-bound	rev	7	1.83274	0	100	0.30	400
s_la-float-bound	orig@p16	7	1.83471	0	100	0.30	400
s_la-float-bound	orig@p32	7	1.83453	0	100	0.30	400
s_la-float-bound	orig@p48	7	1.88091	0	100	0.30	400
s_la-float-bound	orig@p80	8	1.88270	0	100	0.30	400
s_la-float-bound	orig@p96	8	1.88467	0	100	0.30	400
s_la-float-bound	orig@p112	8	1.83471	0	100	0.30	400
s_la-float-bound	rev@p16	8	1.83077	0	100	0.30	400
s_la-float-bound	rev@p32	8	1.83471	0	100	0.30	400
s_la-float-bound	rev@p48	8	6.89823	0	100	0.30	400
s_la-float-bound	rev@p64	8	1.83274	0	100	0.30	400
s_la-float-bound	rev@p80	8	1.83274	0	100	0.30	400
s_la-float-bound	rev@p96	8	5.15756	0	100	0.30	400
s_la-float-bound	rev@p112	8	1.84241	0	100	0.30	400
s_la-float-bound	orig	8	1.83453	0	100	0.30	400
s_la-float-bound	orig2	8	1.83256	0	100	0.30	400
s_la-float-bound	null	8	1.83668	0	100	0.30	400
s_la-float-bound	rev	8	1.83668	0	100	0.30	400
s_la-float-bound	orig@p16	8	1.83668	0	100	0.30	400
s_la-float-bound	orig@p32	8	1.83650	0	100	0.30	400
s_la-float-bound	orig@p48	8	1.88861	0	100	0.30	400
s_la-float-bound	orig@p64	8	1.89632	0	100	0.30	400
s_la-float-bound	orig@p96	9	1.88270	0	100	0.30	400
s_la-float-bound	orig@p112	9	1.84814	0	100	0.30	400
s_la-float-bound	rev@p16	9	1.83650	0	100	0.30	400
s_la-float-bound	rev@p32	9	1.84814	0	100	0.30	400
s_la-float-bound	rev@p48	9	1.83650	0	100	0.30	400
s_la-float-bound	rev@p64	9	1.83668	0	100	0.30	400
s_la-float-bound	rev@p80	9	1.83471	0	100	0.30	400
s_la-float-bound	rev@p96	9	1.83453	0	100	0.30	400
s_la-float-bound	rev@p112	9	2.09601	0	100	0.30	400
s_la-float-bound	orig	9	1.84026	0	100	0.30	400
s_la-float-bound	orig2	9	1.83650	0	100	0.30	400
s_la-float-bound	null	9	1.83650	0	100	0.30	400
s_la-float-bound	rev	9	1.83274	0	100	0.30	400
s_la-float-bound	orig@p16	9	1.83847	0	100	0.30	400
s_la-float-bound	orig@p32	9	1.83471	0	100	0.30	400
s_la-float-bound	orig@p48	9	1.88844	0	100	0.30	400
s_la-float-bound	orig@p64	9	1.88647	0	100	0.30	400
s_la-float-bound	orig@p80	9	1.88467	0	100	0.30	400
s_la-float-bound	orig@p112	10	1.83471	0	100	0.30	400
s_la-float-bound	rev@p16	10	1.83274	0	100	0.30	400
s_la-float-bound	rev@p32	10	1.83256	0	100	0.30	400
s_la-float-bound	rev@p48	10	1.83256	0	100	0.30	400
s_la-float-bound	rev@p64	10	1.83453	0	100	0.30	400
s_la-float-bound	rev@p80	10	1.83847	0	100	0.30	400
s_la-float-bound	rev@p96	10	1.83453	0	100	0.30	400
s_la-float-bound	rev@p112	10	1.84044	0	100	0.30	400
s_la-float-bound	orig	10	1.83256	0	100	0.30	400
s_la-float-bound	orig2	10	1.83256	0	100	0.30	400
s_la-float-bound	null	10	1.83650	0	100	0.30	400
s_la-float-bound	rev	10	1.83453	0	100	0.30	400
s_la-float-bound	orig@p16	10	1.83847	0	100	0.30	400
s_la-float-bound	orig@p32	10	1.83847	0	100	0.30	400
s_la-float-bound	orig@p48	10	1.88270	0	100	0.30	400
s_la-float-bound	orig@p64	10	1.88450	0	100	0.30	400
s_la-float-bound	orig@p80	10	1.88270	0	100	0.30	400
s_la-float-bound	orig@p96	10	1.88270	0	100	0.30	400
s_la-float-dotted	orig	0	2.65841	0	100	0.30	400
s_la-float-dotted	orig2	0	3.02499	0	100	0.30	400
s_la-float-dotted	null	0	2.64703	0	100	0.30	400
s_la-float-dotted	rev	0	1.20813	0	100	0.30	400
s_la-float-dotted	orig@p16	0	2.65272	0	100	0.30	400
s_la-float-dotted	orig@p32	0	1.50823	0	100	0.30	400
s_la-float-dotted	orig@p48	0	2.72774	0	100	0.30	400
s_la-float-dotted	orig@p64	0	3.09716	0	100	0.30	400
s_la-float-dotted	orig@p80	0	2.71662	0	100	0.30	400
s_la-float-dotted	orig@p96	0	3.10855	0	100	0.30	400
s_la-float-dotted	orig@p112	0	2.65272	0	100	0.30	400
s_la-float-dotted	rev@p16	0	1.21098	0	100	0.30	400
s_la-float-dotted	rev@p32	0	2.66384	0	100	0.30	400
s_la-float-dotted	rev@p48	0	3.01671	0	100	0.30	400
s_la-float-dotted	rev@p64	0	2.65272	0	100	0.30	400
s_la-float-dotted	rev@p80	0	3.01930	0	100	0.30	400
s_la-float-dotted	rev@p96	0	2.65013	0	100	0.30	400
s_la-float-dotted	rev@p112	0	3.01955	0	100	0.30	400
s_la-float-dotted	orig2	1	2.67238	0	100	0.30	400
s_la-float-dotted	null	1	3.01386	0	100	0.30	400
s_la-float-dotted	rev	1	2.66125	0	100	0.30	400
s_la-float-dotted	orig@p16	1	1.20839	0	100	0.30	400
s_la-float-dotted	orig@p32	1	2.64987	0	100	0.30	400
s_la-float-dotted	orig@p48	1	3.10286	0	100	0.30	400
s_la-float-dotted	orig@p64	1	2.72231	0	100	0.30	400
s_la-float-dotted	orig@p80	1	6.78055	0	100	0.30	400
s_la-float-dotted	orig@p96	1	2.71662	0	100	0.30	400
s_la-float-dotted	orig@p112	1	1.20555	0	100	0.30	400
s_la-float-dotted	rev@p16	1	2.64728	0	100	0.30	400
s_la-float-dotted	rev@p32	1	3.02757	0	100	0.30	400
s_la-float-dotted	rev@p48	1	2.65013	0	100	0.30	400
s_la-float-dotted	rev@p64	1	3.01955	0	100	0.30	400
s_la-float-dotted	rev@p80	1	2.66410	0	100	0.30	400
s_la-float-dotted	rev@p96	1	1.20839	0	100	0.30	400
s_la-float-dotted	rev@p112	1	2.64728	0	100	0.30	400
s_la-float-dotted	orig	1	3.01671	0	100	0.30	400
s_la-float-dotted	null	2	2.65841	0	100	0.30	400
s_la-float-dotted	rev	2	2.66927	0	100	0.30	400
s_la-float-dotted	orig@p16	2	3.02499	0	100	0.30	400
s_la-float-dotted	orig@p32	2	2.64987	0	100	0.30	400
s_la-float-dotted	orig@p48	2	9.17508	0	100	0.30	400
s_la-float-dotted	orig@p64	2	3.06095	0	100	0.30	400
s_la-float-dotted	orig@p80	2	2.71946	0	100	0.30	400
s_la-float-dotted	orig@p96	2	2.72231	0	100	0.30	400
s_la-float-dotted	orig@p112	2	2.65013	0	100	0.30	400
s_la-float-dotted	rev@p16	2	2.65013	0	100	0.30	400
s_la-float-dotted	rev@p32	2	2.65815	0	100	0.30	400
s_la-float-dotted	rev@p48	2	2.64987	0	100	0.30	400
s_la-float-dotted	rev@p64	2	2.65272	0	100	0.30	400
s_la-float-dotted	rev@p80	2	2.64728	0	100	0.30	400
s_la-float-dotted	rev@p96	2	2.64728	0	100	0.30	400
s_la-float-dotted	rev@p112	2	2.65013	0	100	0.30	400
s_la-float-dotted	orig	2	2.67781	0	100	0.30	400
s_la-float-dotted	orig2	2	2.64987	0	100	0.30	400
s_la-float-dotted	rev	3	2.65013	0	100	0.30	400
s_la-float-dotted	orig@p16	3	2.64987	0	100	0.30	400
s_la-float-dotted	orig@p32	3	2.64754	0	100	0.30	400
s_la-float-dotted	orig@p48	3	2.72231	0	100	0.30	400
s_la-float-dotted	orig@p64	3	2.71946	0	100	0.30	400
s_la-float-dotted	orig@p80	3	2.71946	0	100	0.30	400
s_la-float-dotted	orig@p96	3	2.71662	0	100	0.30	400
s_la-float-dotted	orig@p112	3	2.66100	0	100	0.30	400
s_la-float-dotted	rev@p16	3	2.64444	0	100	0.30	400
s_la-float-dotted	rev@p32	3	2.65013	0	100	0.30	400
s_la-float-dotted	rev@p48	3	2.65815	0	100	0.30	400
s_la-float-dotted	rev@p64	3	2.64987	0	100	0.30	400
s_la-float-dotted	rev@p80	3	2.64987	0	100	0.30	400
s_la-float-dotted	rev@p96	3	2.65272	0	100	0.30	400
s_la-float-dotted	rev@p112	3	2.65556	0	100	0.30	400
s_la-float-dotted	orig	3	2.65272	0	100	0.30	400
s_la-float-dotted	orig2	3	2.65272	0	100	0.30	400
s_la-float-dotted	null	3	2.64987	0	100	0.30	400
s_la-float-dotted	orig@p16	4	2.65272	0	100	0.30	400
s_la-float-dotted	orig@p32	4	2.65272	0	100	0.30	400
s_la-float-dotted	orig@p48	4	2.72231	0	100	0.30	400
s_la-float-dotted	orig@p64	4	2.72205	0	100	0.30	400
s_la-float-dotted	orig@p80	4	2.71946	0	100	0.30	400
s_la-float-dotted	orig@p96	4	2.71377	0	100	0.30	400
s_la-float-dotted	orig@p112	4	2.65556	0	100	0.30	400
s_la-float-dotted	rev@p16	4	2.64987	0	100	0.30	400
s_la-float-dotted	rev@p32	4	2.66100	0	100	0.30	400
s_la-float-dotted	rev@p48	4	2.64728	0	100	0.30	400
s_la-float-dotted	rev@p64	4	2.64987	0	100	0.30	400
s_la-float-dotted	rev@p80	4	2.65272	0	100	0.30	400
s_la-float-dotted	rev@p96	4	2.65272	0	100	0.30	400
s_la-float-dotted	rev@p112	4	2.65298	0	100	0.30	400
s_la-float-dotted	orig	4	2.64987	0	100	0.30	400
s_la-float-dotted	orig2	4	2.65272	0	100	0.30	400
s_la-float-dotted	null	4	2.64987	0	100	0.30	400
s_la-float-dotted	rev	4	2.66125	0	100	0.30	400
s_la-float-dotted	orig@p32	5	2.65272	0	100	0.30	400
s_la-float-dotted	orig@p48	5	2.71946	0	100	0.30	400
s_la-float-dotted	orig@p64	5	2.71377	0	100	0.30	400
s_la-float-dotted	orig@p80	5	2.72489	0	100	0.30	400
s_la-float-dotted	orig@p96	5	2.72231	0	100	0.30	400
s_la-float-dotted	orig@p112	5	2.65272	0	100	0.30	400
s_la-float-dotted	rev@p16	5	2.64703	0	100	0.30	400
s_la-float-dotted	rev@p32	5	2.64728	0	100	0.30	400
s_la-float-dotted	rev@p48	5	2.65013	0	100	0.30	400
s_la-float-dotted	rev@p64	5	2.65272	0	100	0.30	400
s_la-float-dotted	rev@p80	5	2.66125	0	100	0.30	400
s_la-float-dotted	rev@p96	5	2.64754	0	100	0.30	400
s_la-float-dotted	rev@p112	5	2.65272	0	100	0.30	400
s_la-float-dotted	orig	5	2.65272	0	100	0.30	400
s_la-float-dotted	orig2	5	2.66410	0	100	0.30	400
s_la-float-dotted	null	5	2.65556	0	100	0.30	400
s_la-float-dotted	rev	5	2.65013	0	100	0.30	400
s_la-float-dotted	orig@p16	5	2.64987	0	100	0.30	400
s_la-float-dotted	orig@p48	6	2.71946	0	100	0.30	400
s_la-float-dotted	orig@p64	6	2.71946	0	100	0.30	400
s_la-float-dotted	orig@p80	6	2.72205	0	100	0.30	400
s_la-float-dotted	orig@p96	6	2.71946	0	100	0.30	400
s_la-float-dotted	orig@p112	6	2.65298	0	100	0.30	400
s_la-float-dotted	rev@p16	6	2.71662	0	100	0.30	400
s_la-float-dotted	rev@p32	6	2.65556	0	100	0.30	400
s_la-float-dotted	rev@p48	6	2.65013	0	100	0.30	400
s_la-float-dotted	rev@p64	6	2.65841	0	100	0.30	400
s_la-float-dotted	rev@p80	6	2.65013	0	100	0.30	400
s_la-float-dotted	rev@p96	6	2.65841	0	100	0.30	400
s_la-float-dotted	rev@p112	6	2.65272	0	100	0.30	400
s_la-float-dotted	orig	6	2.64444	0	100	0.30	400
s_la-float-dotted	orig2	6	2.65272	0	100	0.30	400
s_la-float-dotted	null	6	2.65556	0	100	0.30	400
s_la-float-dotted	rev	6	2.65272	0	100	0.30	400
s_la-float-dotted	orig@p16	6	2.65272	0	100	0.30	400
s_la-float-dotted	orig@p32	6	2.65013	0	100	0.30	400
s_la-float-dotted	orig@p64	7	2.71946	0	100	0.30	400
s_la-float-dotted	orig@p80	7	2.72231	0	100	0.30	400
s_la-float-dotted	orig@p96	7	2.72231	0	100	0.30	400
s_la-float-dotted	orig@p112	7	2.65013	0	100	0.30	400
s_la-float-dotted	rev@p16	7	2.64444	0	100	0.30	400
s_la-float-dotted	rev@p32	7	2.65298	0	100	0.30	400
s_la-float-dotted	rev@p48	7	2.64728	0	100	0.30	400
s_la-float-dotted	rev@p64	7	2.65013	0	100	0.30	400
s_la-float-dotted	rev@p80	7	2.64987	0	100	0.30	400
s_la-float-dotted	rev@p96	7	2.64987	0	100	0.30	400
s_la-float-dotted	rev@p112	7	2.64703	0	100	0.30	400
s_la-float-dotted	orig	7	2.65013	0	100	0.30	400
s_la-float-dotted	orig2	7	2.65013	0	100	0.30	400
s_la-float-dotted	null	7	2.65298	0	100	0.30	400
s_la-float-dotted	rev	7	2.65582	0	100	0.30	400
s_la-float-dotted	orig@p16	7	2.65013	0	100	0.30	400
s_la-float-dotted	orig@p32	7	2.86951	0	100	0.30	400
s_la-float-dotted	orig@p48	7	2.71662	0	100	0.30	400
s_la-float-dotted	orig@p80	8	7.16679	0	100	0.30	400
s_la-float-dotted	orig@p96	8	2.71662	0	100	0.30	400
s_la-float-dotted	orig@p112	8	2.65272	0	100	0.30	400
s_la-float-dotted	rev@p16	8	2.64728	0	100	0.30	400
s_la-float-dotted	rev@p32	8	2.65272	0	100	0.30	400
s_la-float-dotted	rev@p48	8	2.65556	0	100	0.30	400
s_la-float-dotted	rev@p64	8	2.65272	0	100	0.30	400
s_la-float-dotted	rev@p80	8	2.65013	0	100	0.30	400
s_la-float-dotted	rev@p96	8	2.65013	0	100	0.30	400
s_la-float-dotted	rev@p112	8	2.65556	0	100	0.30	400
s_la-float-dotted	orig	8	2.65272	0	100	0.30	400
s_la-float-dotted	orig2	8	2.64987	0	100	0.30	400
s_la-float-dotted	null	8	2.65556	0	100	0.30	400
s_la-float-dotted	rev	8	2.64987	0	100	0.30	400
s_la-float-dotted	orig@p16	8	2.65272	0	100	0.30	400
s_la-float-dotted	orig@p32	8	2.64444	0	100	0.30	400
s_la-float-dotted	orig@p48	8	2.72231	0	100	0.30	400
s_la-float-dotted	orig@p64	8	7.04157	0	100	0.30	400
s_la-float-dotted	orig@p96	9	2.71662	0	100	0.30	400
s_la-float-dotted	orig@p112	9	2.64987	0	100	0.30	400
s_la-float-dotted	rev@p16	9	2.65272	0	100	0.30	400
s_la-float-dotted	rev@p32	9	2.64728	0	100	0.30	400
s_la-float-dotted	rev@p48	9	2.64703	0	100	0.30	400
s_la-float-dotted	rev@p64	9	2.64728	0	100	0.30	400
s_la-float-dotted	rev@p80	9	2.64703	0	100	0.30	400
s_la-float-dotted	rev@p96	9	2.64444	0	100	0.30	400
s_la-float-dotted	rev@p112	9	2.64728	0	100	0.30	400
s_la-float-dotted	orig	9	2.64987	0	100	0.30	400
s_la-float-dotted	orig2	9	2.64470	0	100	0.30	400
s_la-float-dotted	null	9	2.64728	0	100	0.30	400
s_la-float-dotted	rev	9	2.65841	0	100	0.30	400
s_la-float-dotted	orig@p16	9	2.65013	0	100	0.30	400
s_la-float-dotted	orig@p32	9	2.65556	0	100	0.30	400
s_la-float-dotted	orig@p48	9	2.71662	0	100	0.30	400
s_la-float-dotted	orig@p64	9	2.71662	0	100	0.30	400
s_la-float-dotted	orig@p80	9	2.71946	0	100	0.30	400
s_la-float-dotted	orig@p112	10	2.98049	0	100	0.30	400
s_la-float-dotted	rev@p16	10	2.65013	0	100	0.30	400
s_la-float-dotted	rev@p32	10	2.65556	0	100	0.30	400
s_la-float-dotted	rev@p48	10	2.64728	0	100	0.30	400
s_la-float-dotted	rev@p64	10	2.65556	0	100	0.30	400
s_la-float-dotted	rev@p80	10	2.65272	0	100	0.30	400
s_la-float-dotted	rev@p96	10	2.66669	0	100	0.30	400
s_la-float-dotted	rev@p112	10	2.65556	0	100	0.30	400
s_la-float-dotted	orig	10	2.64728	0	100	0.30	400
s_la-float-dotted	orig2	10	2.65556	0	100	0.30	400
s_la-float-dotted	null	10	2.65556	0	100	0.30	400
s_la-float-dotted	rev	10	3.22238	0	100	0.30	400
s_la-float-dotted	orig@p16	10	2.65272	0	100	0.30	400
s_la-float-dotted	orig@p32	10	3.23040	0	100	0.30	400
s_la-float-dotted	orig@p48	10	2.71920	0	100	0.30	400
s_la-float-dotted	orig@p64	10	3.31396	0	100	0.30	400
s_la-float-dotted	orig@p80	10	2.71662	0	100	0.30	400
s_la-float-dotted	orig@p96	10	1.50564	0	100	0.30	400
s_la-negation-hit	orig	0	1.53166	0	100	0.30	400
s_la-negation-hit	orig2	0	1.25520	0	100	0.30	400
s_la-negation-hit	null	0	1.52761	0	100	0.30	400
s_la-negation-hit	rev	0	1.25655	0	100	0.30	400
s_la-negation-hit	orig@p16	0	0.69482	0	100	0.30	400
s_la-negation-hit	orig@p32	0	1.25532	0	100	0.30	400
s_la-negation-hit	orig@p48	0	0.72116	0	100	0.30	400
s_la-negation-hit	orig@p64	0	1.28694	0	100	0.30	400
s_la-negation-hit	orig@p80	0	1.58031	0	100	0.30	400
s_la-negation-hit	orig@p96	0	1.28951	0	100	0.30	400
s_la-negation-hit	orig@p112	0	1.52896	0	100	0.30	400
s_la-negation-hit	rev@p16	0	1.25667	0	100	0.30	400
s_la-negation-hit	rev@p32	0	0.69604	0	100	0.30	400
s_la-negation-hit	rev@p48	0	1.25655	0	100	0.30	400
s_la-negation-hit	rev@p64	0	1.52884	0	100	0.30	400
s_la-negation-hit	rev@p80	0	1.25532	0	100	0.30	400
s_la-negation-hit	rev@p96	0	1.52896	0	100	0.30	400
s_la-negation-hit	rev@p112	0	1.25667	0	100	0.30	400
s_la-negation-hit	orig2	1	0.69469	0	100	0.30	400
s_la-negation-hit	null	1	1.25520	0	100	0.30	400
s_la-negation-hit	rev	1	1.53031	0	100	0.30	400
s_la-negation-hit	orig@p16	1	1.25532	0	100	0.30	400
s_la-negation-hit	orig@p32	1	0.69874	0	100	0.30	400
s_la-negation-hit	orig@p48	1	1.28682	0	100	0.30	400
s_la-negation-hit	orig@p64	1	1.58815	0	100	0.30	400
s_la-negation-hit	orig@p80	1	1.28559	0	100	0.30	400
s_la-negation-hit	orig@p96	1	0.71981	0	100	0.30	400
s_la-negation-hit	orig@p112	1	1.25532	0	100	0.30	400
s_la-negation-hit	rev@p16	1	1.53043	0	100	0.30	400
s_la-negation-hit	rev@p32	1	1.25667	0	100	0.30	400
s_la-negation-hit	rev@p48	1	0.69469	0	100	0.30	400
s_la-negation-hit	rev@p64	1	1.25398	0	100	0.30	400
s_la-negation-hit	rev@p80	1	0.69604	0	100	0.30	400
s_la-negation-hit	rev@p96	1	1.25667	0	100	0.30	400
s_la-negation-hit	rev@p112	1	1.52761	0	100	0.30	400
s_la-negation-hit	orig	1	1.25398	0	100	0.30	400
s_la-negation-hit	null	2	0.69604	0	100	0.30	400
s_la-negation-hit	rev	2	1.29478	0	100	0.30	400
s_la-negation-hit	orig@p16	2	0.69996	0	100	0.30	400
s_la-negation-hit	orig@p32	2	1.26059	0	100	0.30	400
s_la-negation-hit	orig@p48	2	1.56842	0	100	0.30	400
s_la-negation-hit	orig@p64	2	1.29074	0	100	0.30	400
s_la-negation-hit	orig@p80	2	1.58288	0	100	0.30	400
s_la-negation-hit	orig@p96	2	1.28694	0	100	0.30	400
s_la-negation-hit	orig@p112	2	1.25398	0	100	0.30	400
s_la-negation-hit	rev@p16	2	0.70008	0	100	0.30	400
s_la-negation-hit	rev@p32	2	1.25532	0	100	0.30	400
s_la-negation-hit	rev@p48	2	1.53154	0	100	0.30	400
s_la-negation-hit	rev@p64	2	1.25520	0	100	0.30	400
s_la-negation-hit	rev@p80	2	0.69469	0	100	0.30	400
s_la-negation-hit	rev@p96	2	1.25532	0	100	0.30	400
s_la-negation-hit	rev@p112	2	1.53680	0	100	0.30	400
s_la-negation-hit	orig	2	1.25655	0	100	0.30	400
s_la-negation-hit	orig2	2	0.69604	0	100	0.30	400
s_la-negation-hit	rev	3	5.66183	0	100	0.30	400
s_la-negation-hit	orig@p16	3	1.53019	0	100	0.30	400
s_la-negation-hit	orig@p32	3	1.25398	0	100	0.30	400
s_la-negation-hit	orig@p48	3	1.57112	0	100	0.30	400
s_la-negation-hit	orig@p64	3	1.28817	0	100	0.30	400
s_la-negation-hit	orig@p80	3	0.71442	0	100	0.30	400
s_la-negation-hit	orig@p96	3	1.29221	0	100	0.30	400
s_la-negation-hit	orig@p112	3	1.53423	0	100	0.30	400
s_la-negation-hit	rev@p16	3	1.25655	0	100	0.30	400
s_la-negation-hit	rev@p32	3	1.53288	0	100	0.30	400
s_la-negation-hit	rev@p48	3	1.25532	0	100	0.30	400
s_la-negation-hit	rev@p64	3	0.69469	0	100	0.30	400
s_la-negation-hit	rev@p80	3	1.25655	0	100	0.30	400
s_la-negation-hit	rev@p96	3	1.53154	0	100	0.30	400
s_la-negation-hit	rev@p112	3	1.25790	0	100	0.30	400
s_la-negation-hit	orig	3	1.52896	0	100	0.30	400
s_la-negation-hit	orig2	3	1.25667	0	100	0.30	400
s_la-negation-hit	null	3	0.69616	0	100	0.30	400
s_la-negation-hit	orig@p16	4	1.25937	0	100	0.30	400
s_la-negation-hit	orig@p32	4	1.52761	0	100	0.30	400
s_la-negation-hit	orig@p48	4	1.28817	0	100	0.30	400
s_la-negation-hit	orig@p64	4	1.56965	0	100	0.30	400
s_la-negation-hit	orig@p80	4	1.29209	0	100	0.30	400
s_la-negation-hit	orig@p96	4	1.56854	0	100	0.30	400
s_la-negation-hit	orig@p112	4	1.25140	0	100	0.30	400
s_la-negation-hit	rev@p16	4	0.69469	0	100	0.30	400
s_la-negation-hit	rev@p32	4	1.25912	0	100	0.30	400
s_la-negation-hit	rev@p48	4	1.52896	0	100	0.30	400
s_la-negation-hit	rev@p64	4	1.25520	0	100	0.30	400
s_la-negation-hit	rev@p80	4	1.53031	0	100	0.30	400
s_la-negation-hit	rev@p96	4	1.53031	0	100	0.30	400
s_la-negation-hit	rev@p112	4	1.26059	0	100	0.30	400
s_la-negation-hit	orig	4	1.25520	0	100	0.30	400
s_la-negation-hit	orig2	4	1.25398	0	100	0.30	400
s_la-negation-hit	null	4	1.25667	0	100	0.30	400
s_la-negation-hit	rev	4	1.25520	0	100	0.30	400
s_la-negation-hit	orig@p32	5	1.25667	0	100	0.30	400
s_la-negation-hit	orig@p48	5	1.28829	0	100	0.30	400
s_la-negation-hit	orig@p64	5	1.28682	0	100	0.30	400
s_la-negation-hit	orig@p80	5	1.29074	0	100	0.30	400
s_la-negation-hit	orig@p96	5	1.28817	0	100	0.30	400
s_la-negation-hit	orig@p112	5	2.33419	0	100	0.30	400
s_la-negation-hit	rev@p16	5	1.25385	0	100	0.30	400
s_la-negation-hit	rev@p32	5	1.25778	0	100	0.30	400
s_la-negation-hit	rev@p48	5	1.25667	0	100	0.30	400
s_la-negation-hit	rev@p64	5	1.25667	0	100	0.30	400
s_la-negation-hit	rev@p80	5	1.25655	0	100	0.30	400
s_la-negation-hit	rev@p96	5	1.25532	0	100	0.30	400
s_la-negation-hit	rev@p112	5	1.25520	0	100	0.30	400
s_la-negation-hit	orig	5	1.25532	0	100	0.30	400
s_la-negation-hit	orig2	5	1.25925	0	100	0.30	400
s_la-negation-hit	null	5	1.25520	0	100	0.30	400
s_la-negation-hit	rev	5	1.25655	0	100	0.30	400
s_la-negation-hit	orig@p16	5	1.25385	0	100	0.30	400
s_la-negation-hit	orig@p48	6	1.29086	0	100	0.30	400
s_la-negation-hit	orig@p64	6	1.28951	0	100	0.30	400
s_la-negation-hit	orig@p80	6	1.28951	0	100	0.30	400
s_la-negation-hit	orig@p96	6	1.29209	0	100	0.30	400
s_la-negation-hit	orig@p112	6	1.25532	0	100	0.30	400
s_la-negation-hit	rev@p16	6	1.42100	0	100	0.30	400
s_la-negation-hit	rev@p32	6	1.25532	0	100	0.30	400
s_la-negation-hit	rev@p48	6	1.25532	0	100	0.30	400
s_la-negation-hit	rev@p64	6	1.25655	0	100	0.30	400
s_la-negation-hit	rev@p80	6	1.25790	0	100	0.30	400
s_la-negation-hit	rev@p96	6	1.25410	0	100	0.30	400
s_la-negation-hit	rev@p112	6	1.25398	0	100	0.30	400
s_la-negation-hit	orig	6	1.25532	0	100	0.30	400
s_la-negation-hit	orig2	6	1.25655	0	100	0.30	400
s_la-negation-hit	null	6	1.25520	0	100	0.30	400
s_la-negation-hit	rev	6	1.25655	0	100	0.30	400
s_la-negation-hit	orig@p16	6	1.25667	0	100	0.30	400
s_la-negation-hit	orig@p32	6	1.25655	0	100	0.30	400
s_la-negation-hit	orig@p64	7	1.28939	0	100	0.30	400
s_la-negation-hit	orig@p80	7	1.28682	0	100	0.30	400
s_la-negation-hit	orig@p96	7	1.28682	0	100	0.30	400
s_la-negation-hit	orig@p112	7	1.25398	0	100	0.30	400
s_la-negation-hit	rev@p16	7	1.25398	0	100	0.30	400
s_la-negation-hit	rev@p32	7	1.25398	0	100	0.30	400
s_la-negation-hit	rev@p48	7	1.25655	0	100	0.30	400
s_la-negation-hit	rev@p64	7	1.25385	0	100	0.30	400
s_la-negation-hit	rev@p80	7	1.25398	0	100	0.30	400
s_la-negation-hit	rev@p96	7	1.25398	0	100	0.30	400
s_la-negation-hit	rev@p112	7	1.25398	0	100	0.30	400
s_la-negation-hit	orig	7	1.25520	0	100	0.30	400
s_la-negation-hit	orig2	7	1.25532	0	100	0.30	400
s_la-negation-hit	null	7	1.25790	0	100	0.30	400
s_la-negation-hit	rev	7	1.26194	0	100	0.30	400
s_la-negation-hit	orig@p16	7	1.25790	0	100	0.30	400
s_la-negation-hit	orig@p32	7	1.25532	0	100	0.30	400
s_la-negation-hit	orig@p48	7	1.28694	0	100	0.30	400
s_la-negation-hit	orig@p80	8	1.28682	0	100	0.30	400
s_la-negation-hit	orig@p96	8	1.28817	0	100	0.30	400
s_la-negation-hit	orig@p112	8	1.25912	0	100	0.30	400
s_la-negation-hit	rev@p16	8	1.25398	0	100	0.30	400
s_la-negation-hit	rev@p32	8	1.25410	0	100	0.30	400
s_la-negation-hit	rev@p48	8	1.25385	0	100	0.30	400
s_la-negation-hit	rev@p64	8	1.25532	0	100	0.30	400
s_la-negation-hit	rev@p80	8	1.25385	0	100	0.30	400
s_la-negation-hit	rev@p96	8	1.25667	0	100	0.30	400
s_la-negation-hit	rev@p112	8	1.25398	0	100	0.30	400
s_la-negation-hit	orig	8	1.25925	0	100	0.30	400
s_la-negation-hit	orig2	8	1.25398	0	100	0.30	400
s_la-negation-hit	null	8	1.25532	0	100	0.30	400
s_la-negation-hit	rev	8	1.25545	0	100	0.30	400
s_la-negation-hit	orig@p16	8	1.25532	0	100	0.30	400
s_la-negation-hit	orig@p32	8	1.25520	0	100	0.30	400
s_la-negation-hit	orig@p48	8	0.58808	0	100	0.30	400
s_la-negation-hit	orig@p64	8	1.28682	0	100	0.30	400
s_la-negation-hit	orig@p96	9	1.46843	0	100	0.30	400
s_la-negation-hit	orig@p112	9	1.25520	0	100	0.30	400
s_la-negation-hit	rev@p16	9	1.43032	0	100	0.30	400
s_la-negation-hit	rev@p32	9	1.25398	0	100	0.30	400
s_la-negation-hit	rev@p48	9	1.43019	0	100	0.30	400
s_la-negation-hit	rev@p64	9	1.43693	0	100	0.30	400
s_la-negation-hit	rev@p80	9	1.25790	0	100	0.30	400
s_la-negation-hit	rev@p96	9	0.57240	0	100	0.30	400
s_la-negation-hit	rev@p112	9	1.25790	0	100	0.30	400
s_la-negation-hit	orig	9	1.43166	0	100	0.30	400
s_la-negation-hit	orig2	9	1.25655	0	100	0.30	400
s_la-negation-hit	null	9	1.52896	0	100	0.30	400
s_la-negation-hit	rev	9	1.25520	0	100	0.30	400
s_la-negation-hit	orig@p16	9	1.53166	0	100	0.30	400
s_la-negation-hit	orig@p32	9	1.42492	0	100	0.30	400
s_la-negation-hit	orig@p48	9	1.29344	0	100	0.30	400
s_la-negation-hit	orig@p64	9	1.28817	0	100	0.30	400
s_la-negation-hit	orig@p80	9	1.28682	0	100	0.30	400
s_la-negation-hit	orig@p112	10	1.25532	0	100	0.30	400
s_la-negation-hit	rev@p16	10	1.25398	0	100	0.30	400
s_la-negation-hit	rev@p32	10	1.25655	0	100	0.30	400
s_la-negation-hit	rev@p48	10	1.25398	0	100	0.30	400
s_la-negation-hit	rev@p64	10	1.25398	0	100	0.30	400
s_la-negation-hit	rev@p80	10	1.25545	0	100	0.30	400
s_la-negation-hit	rev@p96	10	1.26182	0	100	0.30	400
s_la-negation-hit	rev@p112	10	1.25263	0	100	0.30	400
s_la-negation-hit	orig	10	1.25532	0	100	0.30	400
s_la-negation-hit	orig2	10	1.25790	0	100	0.30	400
s_la-negation-hit	null	10	1.25532	0	100	0.30	400
s_la-negation-hit	rev	10	1.25655	0	100	0.30	400
s_la-negation-hit	orig@p16	10	1.25790	0	100	0.30	400
s_la-negation-hit	orig@p32	10	1.25520	0	100	0.30	400
s_la-negation-hit	orig@p48	10	1.28817	0	100	0.30	400
s_la-negation-hit	orig@p64	10	1.28682	0	100	0.30	400
s_la-negation-hit	orig@p80	10	1.28817	0	100	0.30	400
s_la-negation-hit	orig@p96	10	1.32628	0	100	0.30	400
s_la-negation-miss	orig	0	1.04025	0	100	0.30	400
s_la-negation-miss	orig2	0	1.03701	0	100	0.30	400
s_la-negation-miss	null	0	1.03691	0	100	0.30	400
s_la-negation-miss	rev	0	1.03589	0	100	0.30	400
s_la-negation-miss	orig@p16	0	1.03802	0	100	0.30	400
s_la-negation-miss	orig@p32	0	1.03923	0	100	0.30	400
s_la-negation-miss	orig@p48	0	1.06525	0	100	0.30	400
s_la-negation-miss	orig@p64	0	1.06302	0	100	0.30	400
s_la-negation-miss	orig@p80	0	1.06849	0	100	0.30	400
s_la-negation-miss	orig@p96	0	1.06626	0	100	0.30	400
s_la-negation-miss	orig@p112	0	1.03579	0	100	0.30	400
s_la-negation-miss	rev@p16	0	1.03701	0	100	0.30	400
s_la-negation-miss	rev@p32	0	1.04136	0	100	0.30	400
s_la-negation-miss	rev@p48	0	1.03579	0	100	0.30	400
s_la-negation-miss	rev@p64	0	0.69019	0	100	0.30	400
s_la-negation-miss	rev@p80	0	1.03691	0	100	0.30	400
s_la-negation-miss	rev@p96	0	0.57499	0	100	0.30	400
s_la-negation-miss	rev@p112	0	1.04460	0	100	0.30	400
s_la-negation-miss	orig2	1	1.26306	0	100	0.30	400
s_la-negation-miss	null	1	1.03589	0	100	0.30	400
s_la-negation-miss	rev	1	0.57388	0	100	0.30	400
s_la-negation-miss	orig@p16	1	1.03589	0	100	0.30	400
s_la-negation-miss	orig@p32	1	0.57388	0	100	0.30	400
s_la-negation-miss	orig@p48	1	1.06302	0	100	0.30	400
s_la-negation-miss	orig@p64	1	1.06515	0	100	0.30	400
s_la-negation-miss	orig@p80	1	1.29778	0	100	0.30	400
s_la-negation-miss	orig@p96	1	1.06414	0	100	0.30	400
s_la-negation-miss	orig@p112	1	0.57499	0	100	0.30	400
s_la-negation-miss	rev@p16	1	1.04025	0	100	0.30	400
s_la-negation-miss	rev@p32	1	0.57398	0	100	0.30	400
s_la-negation-miss	rev@p48	1	1.03802	0	100	0.30	400
s_la-negation-miss	rev@p64	1	1.26518	0	100	0.30	400
s_la-negation-miss	rev@p80	1	1.62394	0	100	0.30	400
s_la-negation-miss	rev@p96	1	0.57398	0	100	0.30	400
s_la-negation-miss	rev@p112	1	1.04136	0	100	0.30	400
s_la-negation-miss	orig	1	0.57499	0	100	0.30	400
s_la-negation-miss	null	2	1.03691	0	100	0.30	400
s_la-negation-miss	rev	2	1.26528	0	100	0.30	400
s_la-negation-miss	orig@p16	2	1.03913	0	100	0.30	400
s_la-negation-miss	orig@p32	2	0.57823	0	100	0.30	400
s_la-negation-miss	orig@p48	2	1.06414	0	100	0.30	400
s_la-negation-miss	orig@p64	2	0.58916	0	100	0.30	400
s_la-negation-miss	orig@p80	2	1.06191	0	100	0.30	400
s_la-negation-miss	orig@p96	2	1.29565	0	100	0.30	400
s_la-negation-miss	orig@p112	2	1.03701	0	100	0.30	400
s_la-negation-miss	rev@p16	2	0.57388	0	100	0.30	400
s_la-negation-miss	rev@p32	2	1.03579	0	100	0.30	400
s_la-negation-miss	rev@p48	2	0.57388	0	100	0.30	400
s_la-negation-miss	rev@p64	2	1.03589	0	100	0.30	400
s_la-negation-miss	rev@p80	2	1.03913	0	100	0.30	400
s_la-negation-miss	rev@p96	2	1.26407	0	100	0.30	400
s_la-negation-miss	rev@p112	2	1.03691	0	100	0.30	400
s_la-negation-miss	orig	2	0.57499	0	100	0.30	400
s_la-negation-miss	orig2	2	1.03589	0	100	0.30	400
s_la-negation-miss	rev	3	0.57388	0	100	0.30	400
s_la-negation-miss	orig@p16	3	1.04126	0	100	0.30	400
s_la-negation-miss	orig@p32	3	1.46086	0	100	0.30	400
s_la-negation-miss	orig@p48	3	1.06414	0	100	0.30	400
s_la-negation-miss	orig@p64	3	0.58916	0	100	0.30	400
s_la-negation-miss	orig@p80	3	1.06312	0	100	0.30	400
s_la-negation-miss	orig@p96	3	0.59028	0	100	0.30	400
s_la-negation-miss	orig@p112	3	1.03913	0	100	0.30	400
s_la-negation-miss	rev@p16	3	0.57499	0	100	0.30	400
s_la-negation-miss	rev@p32	3	1.06414	0	100	0.30	400
s_la-negation-miss	rev@p48	3	1.26194	0	100	0.30	400
s_la-negation-miss	rev@p64	3	1.03478	0	100	0.30	400
s_la-negation-miss	rev@p80	3	1.26306	0	100	0.30	400
s_la-negation-miss	rev@p96	3	1.03579	0	100	0.30	400
s_la-negation-miss	rev@p112	3	0.57398	0	100	0.30	400
s_la-negation-miss	orig	3	1.03812	0	100	0.30	400
s_la-negation-miss	orig2	3	1.03701	0	100	0.30	400
s_la-negation-miss	null	3	1.03579	0	100	0.30	400
s_la-negation-miss	orig@p16	4	1.03691	0	100	0.30	400
s_la-negation-miss	orig@p32	4	1.03802	0	100	0.30	400
s_la-negation-miss	orig@p48	4	1.06414	0	100	0.30	400
s_la-negation-miss	orig@p64	4	1.06302	0	100	0.30	400
s_la-negation-miss	orig@p80	4	1.06312	0	100	0.30	400
s_la-negation-miss	orig@p96	4	1.06302	0	100	0.30	400
s_la-negation-miss	orig@p112	4	1.04015	0	100	0.30	400
s_la-negation-miss	rev@p16	4	1.03691	0	100	0.30	400
s_la-negation-miss	rev@p32	4	1.03913	0	100	0.30	400
s_la-negation-miss	rev@p48	4	1.03701	0	100	0.30	400
s_la-negation-miss	rev@p64	4	1.03701	0	100	0.30	400
s_la-negation-miss	rev@p80	4	1.03701	0	100	0.30	400
s_la-negation-miss	rev@p96	4	1.03589	0	100	0.30	400
s_la-negation-miss	rev@p112	4	1.03478	0	100	0.30	400
s_la-negation-miss	orig	4	1.04126	0	100	0.30	400
s_la-negation-miss	orig2	4	1.03589	0	100	0.30	400
s_la-negation-miss	null	4	1.03701	0	100	0.30	400
s_la-negation-miss	rev	4	1.03913	0	100	0.30	400
s_la-negation-miss	orig@p32	5	1.03701	0	100	0.30	400
s_la-negation-miss	orig@p48	5	1.06414	0	100	0.30	400
s_la-negation-miss	orig@p64	5	1.06302	0	100	0.30	400
s_la-negation-miss	orig@p80	5	0.60647	0	100	0.30	400
s_la-negation-miss	orig@p96	5	1.06414	0	100	0.30	400
s_la-negation-miss	orig@p112	5	1.03802	0	100	0.30	400
s_la-negation-miss	rev@p16	5	1.03913	0	100	0.30	400
s_la-negation-miss	rev@p32	5	1.04136	0	100	0.30	400
s_la-negation-miss	rev@p48	5	1.03802	0	100	0.30	400
s_la-negation-miss	rev@p64	5	1.96853	0	100	0.30	400
s_la-negation-miss	rev@p80	5	1.03589	0	100	0.30	400
s_la-negation-miss	rev@p96	5	1.03691	0	100	0.30	400
s_la-negation-miss	rev@p112	5	1.03812	0	100	0.30	400
s_la-negation-miss	orig	5	1.03589	0	100	0.30	400
s_la-negation-miss	orig2	5	1.03478	0	100	0.30	400
s_la-negation-miss	null	5	1.03802	0	100	0.30	400
s_la-negation-miss	rev	5	1.03589	0	100	0.30	400
s_la-negation-miss	orig@p16	5	1.03802	0	100	0.30	400
s_la-negation-miss	orig@p48	6	1.06302	0	100	0.30	400
s_la-negation-miss	orig@p64	6	1.06302	0	100	0.30	400
s_la-negation-miss	orig@p80	6	1.06515	0	100	0.30	400
s_la-negation-miss	orig@p96	6	1.06414	0	100	0.30	400
s_la-negation-miss	orig@p112	6	1.03812	0	100	0.30	400
s_la-negation-miss	rev@p16	6	1.03691	0	100	0.30	400
s_la-negation-miss	rev@p32	6	1.03579	0	100	0.30	400
s_la-negation-miss	rev@p48	6	1.03701	0	100	0.30	400
s_la-negation-miss	rev@p64	6	1.03701	0	100	0.30	400
s_la-negation-miss	rev@p80	6	1.03589	0	100	0.30	400
s_la-negation-miss	rev@p96	6	1.03701	0	100	0.30	400
s_la-negation-miss	rev@p112	6	1.03802	0	100	0.30	400
s_la-negation-miss	orig	6	1.03691	0	100	0.30	400
s_la-negation-miss	orig2	6	1.03802	0	100	0.30	400
s_la-negation-miss	null	6	1.03701	0	100	0.30	400
s_la-negation-miss	rev	6	1.03691	0	100	0.30	400
s_la-negation-miss	orig@p16	6	1.03913	0	100	0.30	400
s_la-negation-miss	orig@p32	6	1.03589	0	100	0.30	400
s_la-negation-miss	orig@p64	7	1.06626	0	100	0.30	400
s_la-negation-miss	orig@p80	7	1.06302	0	100	0.30	400
s_la-negation-miss	orig@p96	7	0.48479	0	100	0.30	400
s_la-negation-miss	orig@p112	7	0.47184	0	100	0.30	400
s_la-negation-miss	rev@p16	7	0.59139	0	100	0.30	400
s_la-negation-miss	rev@p32	7	0.47396	0	100	0.30	400
s_la-negation-miss	rev@p48	7	0.59240	0	100	0.30	400
s_la-negation-miss	rev@p64	7	1.03812	0	100	0.30	400
s_la-negation-miss	rev@p80	7	1.04247	0	100	0.30	400
s_la-negation-miss	rev@p96	7	0.47275	0	100	0.30	400
s_la-negation-miss	rev@p112	7	0.47832	0	100	0.30	400
s_la-negation-miss	orig	7	1.03589	0	100	0.30	400
s_la-negation-miss	orig2	7	0.59018	0	100	0.30	400
s_la-negation-miss	null	7	2.01743	0	100	0.30	400
s_la-negation-miss	rev	7	0.59240	0	100	0.30	400
s_la-negation-miss	orig@p16	7	1.03589	0	100	0.30	400
s_la-negation-miss	orig@p32	7	0.47285	0	100	0.30	400
s_la-negation-miss	orig@p48	7	1.06302	0	100	0.30	400
s_la-negation-miss	orig@p80	8	0.60546	0	100	0.30	400
s_la-negation-miss	orig@p96	8	1.06414	0	100	0.30	400
s_la-negation-miss	orig@p112	8	0.59240	0	100	0.30	400
s_la-negation-miss	rev@p16	8	1.03478	0	100	0.30	400
s_la-negation-miss	rev@p32	8	0.57499	0	100	0.30	400
s_la-negation-miss	rev@p48	8	1.03691	0	100	0.30	400
s_la-negation-miss	rev@p64	8	0.57499	0	100	0.30	400
s_la-negation-miss	rev@p80	8	1.03701	0	100	0.30	400
s_la-negation-miss	rev@p96	8	0.57286	0	100	0.30	400
s_la-negation-miss	rev@p112	8	1.03589	0	100	0.30	400
s_la-negation-miss	orig	8	0.57499	0	100	0.30	400
s_la-negation-miss	orig2	8	1.03913	0	100	0.30	400
s_la-negation-miss	null	8	0.57388	0	100	0.30	400
s_la-negation-miss	rev	8	1.03802	0	100	0.30	400
s_la-negation-miss	orig@p16	8	0.57388	0	100	0.30	400
s_la-negation-miss	orig@p32	8	1.03691	0	100	0.30	400
s_la-negation-miss	orig@p48	8	0.58906	0	100	0.30	400
s_la-negation-miss	orig@p64	8	1.06414	0	100	0.30	400
s_la-negation-miss	orig@p96	9	0.58805	0	100	0.30	400
s_la-negation-miss	orig@p112	9	1.03589	0	100	0.30	400
s_la-negation-miss	rev@p16	9	0.57610	0	100	0.30	400
s_la-negation-miss	rev@p32	9	1.03701	0	100	0.30	400
s_la-negation-miss	rev@p48	9	0.58592	0	100	0.30	400
s_la-negation-miss	rev@p64	9	1.03691	0	100	0.30	400
s_la-negation-miss	rev@p80	9	0.57398	0	100	0.30	400
s_la-negation-miss	rev@p96	9	1.03802	0	100	0.30	400
s_la-negation-miss	rev@p112	9	0.57388	0	100	0.30	400
s_la-negation-miss	orig	9	1.03802	0	100	0.30	400
s_la-negation-miss	orig2	9	0.57398	0	100	0.30	400
s_la-negation-miss	null	9	1.03579	0	100	0.30	400
s_la-negation-miss	rev	9	0.57722	0	100	0.30	400
s_la-negation-miss	orig@p16	9	1.03579	0	100	0.30	400
s_la-negation-miss	orig@p32	9	0.57499	0	100	0.30	400
s_la-negation-miss	orig@p48	9	1.06738	0	100	0.30	400
s_la-negation-miss	orig@p64	9	0.59129	0	100	0.30	400
s_la-negation-miss	orig@p80	9	1.06302	0	100	0.30	400
s_la-negation-miss	orig@p112	10	0.57388	0	100	0.30	400
s_la-negation-miss	rev@p16	10	1.04460	0	100	0.30	400
s_la-negation-miss	rev@p32	10	0.57398	0	100	0.30	400
s_la-negation-miss	rev@p48	10	1.03589	0	100	0.30	400
s_la-negation-miss	rev@p64	10	0.57398	0	100	0.30	400
s_la-negation-miss	rev@p80	10	1.04136	0	100	0.30	400
s_la-negation-miss	rev@p96	10	0.57398	0	100	0.30	400
s_la-negation-miss	rev@p112	10	1.03691	0	100	0.30	400
s_la-negation-miss	orig	10	0.57519	0	100	0.30	400
s_la-negation-miss	orig2	10	1.03691	0	100	0.30	400
s_la-negation-miss	null	10	0.57499	0	100	0.30	400
s_la-negation-miss	rev	10	1.04349	0	100	0.30	400
s_la-negation-miss	orig@p16	10	0.57388	0	100	0.30	400
s_la-negation-miss	orig@p32	10	1.03579	0	100	0.30	400
s_la-negation-miss	orig@p48	10	0.59028	0	100	0.30	400
s_la-negation-miss	orig@p64	10	1.06525	0	100	0.30	400
s_la-negation-miss	orig@p80	10	0.58805	0	100	0.30	400
s_la-negation-miss	orig@p96	10	1.06191	0	100	0.30	400
s_la-pwd-strong	orig	0	2.98140	0	100	0.30	400
s_la-pwd-strong	orig2	0	1.64990	0	100	0.30	400
s_la-pwd-strong	null	0	2.98431	0	100	0.30	400
s_la-pwd-strong	rev	0	1.64990	0	100	0.30	400
s_la-pwd-strong	orig@p16	0	2.98751	0	100	0.30	400
s_la-pwd-strong	orig@p32	0	1.65019	0	100	0.30	400
s_la-pwd-strong	orig@p48	0	3.06231	0	100	0.30	400
s_la-pwd-strong	orig@p64	0	1.69064	0	100	0.30	400
s_la-pwd-strong	orig@p80	0	3.05299	0	100	0.30	400
s_la-pwd-strong	orig@p96	0	1.69384	0	100	0.30	400
s_la-pwd-strong	orig@p112	0	2.97499	0	100	0.30	400
s_la-pwd-strong	rev@p16	0	1.65310	0	100	0.30	400
s_la-pwd-strong	rev@p32	0	2.97819	0	100	0.30	400
s_la-pwd-strong	rev@p48	0	1.65019	0	100	0.30	400
s_la-pwd-strong	rev@p64	0	2.98111	0	100	0.30	400
s_la-pwd-strong	rev@p80	0	1.65310	0	100	0.30	400
s_la-pwd-strong	rev@p96	0	2.99711	0	100	0.30	400
s_la-pwd-strong	rev@p112	0	1.64990	0	100	0.30	400
s_la-pwd-strong	orig2	1	2.98140	0	100	0.30	400
s_la-pwd-strong	null	1	1.65310	0	100	0.30	400
s_la-pwd-strong	rev	1	2.98722	0	100	0.30	400
s_la-pwd-strong	orig@p16	1	1.65310	0	100	0.30	400
s_la-pwd-strong	orig@p32	1	2.98431	0	100	0.30	400
s_la-pwd-strong	orig@p48	1	1.69384	0	100	0.30	400
s_la-pwd-strong	orig@p64	1	3.05939	0	100	0.30	400
s_la-pwd-strong	orig@p80	1	3.05619	0	100	0.30	400
s_la-pwd-strong	orig@p96	1	1.69384	0	100	0.30	400
s_la-pwd-strong	orig@p112	1	2.99071	0	100	0.30	400
s_la-pwd-strong	rev@p16	1	1.64990	0	100	0.30	400
s_la-pwd-strong	rev@p32	1	2.99362	0	100	0.30	400
s_la-pwd-strong	rev@p48	1	1.64990	0	100	0.30	400
s_la-pwd-strong	rev@p64	1	2.98140	0	100	0.30	400
s_la-pwd-strong	rev@p80	1	1.64990	0	100	0.30	400
s_la-pwd-strong	rev@p96	1	2.98140	0	100	0.30	400
s_la-pwd-strong	rev@p112	1	1.65310	0	100	0.30	400
s_la-pwd-strong	orig	1	3.00002	0	100	0.30	400
s_la-pwd-strong	null	2	1.64699	0	100	0.30	400
s_la-pwd-strong	rev	2	1.65630	0	100	0.30	400
s_la-pwd-strong	orig@p16	2	2.97790	0	100	0.30	400
s_la-pwd-strong	orig@p32	2	1.65019	0	100	0.30	400
s_la-pwd-strong	orig@p48	2	3.05299	0	100	0.30	400
s_la-pwd-strong	orig@p64	2	1.72498	0	100	0.30	400
s_la-pwd-strong	orig@p80	2	3.05939	0	100	0.30	400
s_la-pwd-strong	orig@p96	2	1.69384	0	100	0.30	400
s_la-pwd-strong	orig@p112	2	2.98460	0	100	0.30	400
s_la-pwd-strong	rev@p16	2	1.66241	0	100	0.30	400
s_la-pwd-strong	rev@p32	2	2.98431	0	100	0.30	400
s_la-pwd-strong	rev@p48	2	1.65310	0	100	0.30	400
s_la-pwd-strong	rev@p64	2	2.97499	0	100	0.30	400
s_la-pwd-strong	rev@p80	2	1.64990	0	100	0.30	400
s_la-pwd-strong	rev@p96	2	2.97819	0	100	0.30	400
s_la-pwd-strong	rev@p112	2	1.65601	0	100	0.30	400
s_la-pwd-strong	orig	2	2.98111	0	100	0.30	400
s_la-pwd-strong	orig2	2	1.64990	0	100	0.30	400
s_la-pwd-strong	rev	3	2.98431	0	100	0.30	400
s_la-pwd-strong	orig@p16	3	1.65019	0	100	0.30	400
s_la-pwd-strong	orig@p32	3	3.04397	0	100	0.30	400
s_la-pwd-strong	orig@p48	3	1.69384	0	100	0.30	400
s_la-pwd-strong	orig@p64	3	3.05939	0	100	0.30	400
s_la-pwd-strong	orig@p80	3	1.69675	0	100	0.30	400
s_la-pwd-strong	orig@p96	3	3.05619	0	100	0.30	400
s_la-pwd-strong	orig@p112	3	1.65630	0	100	0.30	400
s_la-pwd-strong	rev@p16	3	2.99071	0	100	0.30	400
s_la-pwd-strong	rev@p32	3	1.66561	0	100	0.30	400
s_la-pwd-strong	rev@p48	3	2.97790	0	100	0.30	400
s_la-pwd-strong	rev@p64	3	1.64990	0	100	0.30	400
s_la-pwd-strong	rev@p80	3	3.22209	0	100	0.30	400
s_la-pwd-strong	rev@p96	3	1.65339	0	100	0.30	400
s_la-pwd-strong	rev@p112	3	2.98431	0	100	0.30	400
s_la-pwd-strong	orig	3	1.64990	0	100	0.30	400
s_la-pwd-strong	orig2	3	2.98111	0	100	0.30	400
s_la-pwd-strong	null	3	1.65310	0	100	0.30	400
s_la-pwd-strong	orig@p16	4	2.99042	0	100	0.30	400
s_la-pwd-strong	orig@p32	4	2.98431	0	100	0.30	400
s_la-pwd-strong	orig@p48	4	3.05648	0	100	0.30	400
s_la-pwd-strong	orig@p64	4	3.05939	0	100	0.30	400
s_la-pwd-strong	orig@p80	4	3.06580	0	100	0.30	400
s_la-pwd-strong	orig@p96	4	3.05939	0	100	0.30	400
s_la-pwd-strong	orig@p112	4	2.97790	0	100	0.30	400
s_la-pwd-strong	rev@p16	4	2.98780	0	100	0.30	400
s_la-pwd-strong	rev@p32	4	2.98111	0	100	0.30	400
s_la-pwd-strong	rev@p48	4	2.98751	0	100	0.30	400
s_la-pwd-strong	rev@p64	4	2.97819	0	100	0.30	400
s_la-pwd-strong	rev@p80	4	2.98111	0	100	0.30	400
s_la-pwd-strong	rev@p96	4	2.98140	0	100	0.30	400
s_la-pwd-strong	rev@p112	4	2.98751	0	100	0.30	400
s_la-pwd-strong	orig	4	2.99362	0	100	0.30	400
s_la-pwd-strong	orig2	4	2.98431	0	100	0.30	400
s_la-pwd-strong	null	4	2.98111	0	100	0.30	400
s_la-pwd-strong	rev	4	2.98431	0	100	0.30	400
s_la-pwd-strong	orig@p32	5	2.97790	0	100	0.30	400
s_la-pwd-strong	orig@p48	5	3.05648	0	100	0.30	400
s_la-pwd-strong	orig@p64	5	3.05299	0	100	0.30	400
s_la-pwd-strong	orig@p80	5	3.05619	0	100	0.30	400
s_la-pwd-strong	orig@p96	5	3.05619	0	100	0.30	400
s_la-pwd-strong	orig@p112	5	2.97499	0	100	0.30	400
s_la-pwd-strong	rev@p16	5	3.05939	0	100	0.30	400
s_la-pwd-strong	rev@p32	5	2.98431	0	100	0.30	400
s_la-pwd-strong	rev@p48	5	2.97499	0	100	0.30	400
s_la-pwd-strong	rev@p64	5	2.98111	0	100	0.30	400
s_la-pwd-strong	rev@p80	5	2.98111	0	100	0.30	400
s_la-pwd-strong	rev@p96	5	2.97819	0	100	0.30	400
s_la-pwd-strong	rev@p112	5	2.97819	0	100	0.30	400
s_la-pwd-strong	orig	5	2.98431	0	100	0.30	400
s_la-pwd-strong	orig2	5	2.98140	0	100	0.30	400
s_la-pwd-strong	null	5	2.98431	0	100	0.30	400
s_la-pwd-strong	rev	5	2.98431	0	100	0.30	400
s_la-pwd-strong	orig@p16	5	2.98431	0	100	0.30	400
s_la-pwd-strong	orig@p48	6	3.06260	0	100	0.30	400
s_la-pwd-strong	orig@p64	6	3.05939	0	100	0.30	400
s_la-pwd-strong	orig@p80	6	3.05299	0	100	0.30	400
s_la-pwd-strong	orig@p96	6	7.71892	0	100	0.30	400
s_la-pwd-strong	orig@p112	6	2.98751	0	100	0.30	400
s_la-pwd-strong	rev@p16	6	2.98780	0	100	0.30	400
s_la-pwd-strong	rev@p32	6	2.97499	0	100	0.30	400
s_la-pwd-strong	rev@p48	6	8.13161	0	100	0.30	400
s_la-pwd-strong	rev@p64	6	2.97819	0	100	0.30	400
s_la-pwd-strong	rev@p80	6	2.97819	0	100	0.30	400
s_la-pwd-strong	rev@p96	6	2.98140	0	100	0.30	400
s_la-pwd-strong	rev@p112	6	2.98140	0	100	0.30	400
s_la-pwd-strong	orig	6	2.99071	0	100	0.30	400
s_la-pwd-strong	orig2	6	2.98431	0	100	0.30	400
s_la-pwd-strong	null	6	2.98140	0	100	0.30	400
s_la-pwd-strong	rev	6	2.98140	0	100	0.30	400
s_la-pwd-strong	orig@p16	6	3.00002	0	100	0.30	400
s_la-pwd-strong	orig@p32	6	2.98431	0	100	0.30	400
s_la-pwd-strong	orig@p64	7	3.06871	0	100	0.30	400
s_la-pwd-strong	orig@p80	7	3.05969	0	100	0.30	400
s_la-pwd-strong	orig@p96	7	3.05939	0	100	0.30	400
s_la-pwd-strong	orig@p112	7	1.36235	0	100	0.30	400
s_la-pwd-strong	rev@p16	7	2.98751	0	100	0.30	400
s_la-pwd-strong	rev@p32	7	1.69675	0	100	0.30	400
s_la-pwd-strong	rev@p48	7	2.97790	0	100	0.30	400
s_la-pwd-strong	rev@p64	7	1.35944	0	100	0.30	400
s_la-pwd-strong	rev@p80	7	2.98111	0	100	0.30	400
s_la-pwd-strong	rev@p96	7	1.35944	0	100	0.30	400
s_la-pwd-strong	rev@p112	7	2.97819	0	100	0.30	400
s_la-pwd-strong	orig	7	3.39991	0	100	0.30	400
s_la-pwd-strong	orig2	7	2.97819	0	100	0.30	400
s_la-pwd-strong	null	7	1.70316	0	100	0.30	400
s_la-pwd-strong	rev	7	2.98431	0	100	0.30	400
s_la-pwd-strong	orig@p16	7	1.36235	0	100	0.30	400
s_la-pwd-strong	orig@p32	7	2.97819	0	100	0.30	400
s_la-pwd-strong	orig@p48	7	3.48431	0	100	0.30	400
s_la-pwd-strong	orig@p80	8	3.07162	0	100	0.30	400
s_la-pwd-strong	orig@p96	8	1.74390	0	100	0.30	400
s_la-pwd-strong	orig@p112	8	2.98140	0	100	0.30	400
s_la-pwd-strong	rev@p16	8	1.35944	0	100	0.30	400
s_la-pwd-strong	rev@p32	8	9.82516	0	100	0.30	400
s_la-pwd-strong	rev@p48	8	3.39991	0	100	0.30	400
s_la-pwd-strong	rev@p64	8	2.98140	0	100	0.30	400
s_la-pwd-strong	rev@p80	8	1.69995	0	100	0.30	400
s_la-pwd-strong	rev@p96	8	2.98460	0	100	0.30	400
s_la-pwd-strong	rev@p112	8	1.35624	0	100	0.30	400
s_la-pwd-strong	orig	8	2.98431	0	100	0.30	400
s_la-pwd-strong	orig2	8	3.39991	0	100	0.30	400
s_la-pwd-strong	null	8	2.98431	0	100	0.30	400
s_la-pwd-strong	rev	8	2.97499	0	100	0.30	400
s_la-pwd-strong	orig@p16	8	1.69704	0	100	0.30	400
s_la-pwd-strong	orig@p32	8	6.60628	0	100	0.30	400
s_la-pwd-strong	orig@p48	8	1.41241	0	100	0.30	400
s_la-pwd-strong	orig@p64	8	3.05939	0	100	0.30	400
s_la-pwd-strong	orig@p96	9	3.48751	0	100	0.30	400
s_la-pwd-strong	orig@p112	9	2.99042	0	100	0.30	400
s_la-pwd-strong	rev@p16	9	1.70316	0	100	0.30	400
s_la-pwd-strong	rev@p32	9	2.98431	0	100	0.30	400
s_la-pwd-strong	rev@p48	9	1.36235	0	100	0.30	400
s_la-pwd-strong	rev@p64	9	3.40311	0	100	0.30	400
s_la-pwd-strong	rev@p80	9	2.98111	0	100	0.30	400
s_la-pwd-strong	rev@p96	9	1.69995	0	100	0.30	400
s_la-pwd-strong	rev@p112	9	2.99071	0	100	0.30	400
s_la-pwd-strong	orig	9	1.35624	0	100	0.30	400
s_la-pwd-strong	orig2	9	2.97819	0	100	0.30	400
s_la-pwd-strong	null	9	3.40020	0	100	0.30	400
s_la-pwd-strong	rev	9	2.99071	0	100	0.30	400
s_la-pwd-strong	orig@p16	9	1.69704	0	100	0.30	400
s_la-pwd-strong	orig@p32	9	2.98140	0	100	0.30	400
s_la-pwd-strong	orig@p48	9	1.39378	0	100	0.30	400
s_la-pwd-strong	orig@p64	9	3.05619	0	100	0.30	400
s_la-pwd-strong	orig@p80	9	3.49391	0	100	0.30	400
s_la-pwd-strong	orig@p112	10	2.97499	0	100	0.30	400
s_la-pwd-strong	rev@p16	10	3.39700	0	100	0.30	400
s_la-pwd-strong	rev@p32	10	2.99071	0	100	0.30	400
s_la-pwd-strong	rev@p48	10	1.35624	0	100	0.30	400
s_la-pwd-strong	rev@p64	10	2.98460	0	100	0.30	400
s_la-pwd-strong	rev@p80	10	3.85306	0	100	0.30	400
s_la-pwd-strong	rev@p96	10	2.98751	0	100	0.30	400
s_la-pwd-strong	rev@p112	10	3.39700	0	100	0.30	400
s_la-pwd-strong	orig	10	2.98460	0	100	0.30	400
s_la-pwd-strong	orig2	10	1.36555	0	100	0.30	400
s_la-pwd-strong	null	10	2.98751	0	100	0.30	400
s_la-pwd-strong	rev	10	3.40631	0	100	0.30	400
s_la-pwd-strong	orig@p16	10	3.80649	0	100	0.30	400
s_la-pwd-strong	orig@p32	10	3.39380	0	100	0.30	400
s_la-pwd-strong	orig@p48	10	3.06900	0	100	0.30	400
s_la-pwd-strong	orig@p64	10	3.05939	0	100	0.30	400
s_la-pwd-strong	orig@p80	10	1.39378	0	100	0.30	400
s_la-pwd-strong	orig@p96	10	3.14059	0	100	0.30	400
s_la-pwd-weak	orig	0	2.38488	0	100	0.30	400
s_la-pwd-weak	orig2	0	2.37999	0	100	0.30	400
s_la-pwd-weak	null	0	2.39001	0	100	0.30	400
s_la-pwd-weak	rev	0	2.39001	0	100	0.30	400
s_la-pwd-weak	orig@p16	0	2.38512	0	100	0.30	400
s_la-pwd-weak	orig@p32	0	2.38512	0	100	0.30	400
s_la-pwd-weak	orig@p48	0	2.44495	0	100	0.30	400
s_la-pwd-weak	orig@p64	0	2.45241	0	100	0.30	400
s_la-pwd-weak	orig@p80	0	2.45008	0	100	0.30	400
s_la-pwd-weak	orig@p96	0	2.44752	0	100	0.30	400
s_la-pwd-weak	orig@p112	0	2.38745	0	100	0.30	400
s_la-pwd-weak	rev@p16	0	2.38745	0	100	0.30	400
s_la-pwd-weak	rev@p32	0	2.39001	0	100	0.30	400
s_la-pwd-weak	rev@p48	0	2.38256	0	100	0.30	400
s_la-pwd-weak	rev@p64	0	2.39001	0	100	0.30	400
s_la-pwd-weak	rev@p80	0	2.39001	0	100	0.30	400
s_la-pwd-weak	rev@p96	0	2.38745	0	100	0.30	400
s_la-pwd-weak	rev@p112	0	2.38488	0	100	0.30	400
s_la-pwd-weak	orig2	1	2.38488	0	100	0.30	400
s_la-pwd-weak	null	1	2.38232	0	100	0.30	400
s_la-pwd-weak	rev	1	2.38745	0	100	0.30	400
s_la-pwd-weak	orig@p16	1	2.38279	0	100	0.30	400
s_la-pwd-weak	orig@p32	1	9.12999	0	100	0.30	400
s_la-pwd-weak	orig@p48	1	2.45753	0	100	0.30	400
s_la-pwd-weak	orig@p64	1	2.45264	0	100	0.30	400
s_la-pwd-weak	orig@p80	1	2.44263	0	100	0.30	400
s_la-pwd-weak	orig@p96	1	2.45753	0	100	0.30	400
s_la-pwd-weak	orig@p112	1	2.38488	0	100	0.30	400
s_la-pwd-weak	rev@p16	1	2.38745	0	100	0.30	400
s_la-pwd-weak	rev@p32	1	2.39001	0	100	0.30	400
s_la-pwd-weak	rev@p48	1	2.38745	0	100	0.30	400
s_la-pwd-weak	rev@p64	1	2.38745	0	100	0.30	400
s_la-pwd-weak	rev@p80	1	2.38488	0	100	0.30	400
s_la-pwd-weak	rev@p96	1	2.38488	0	100	0.30	400
s_la-pwd-weak	rev@p112	1	2.39257	0	100	0.30	400
s_la-pwd-weak	orig	1	2.38745	0	100	0.30	400
s_la-pwd-weak	null	2	2.38512	0	100	0.30	400
s_la-pwd-weak	rev	2	2.38512	0	100	0.30	400
s_la-pwd-weak	orig@p16	2	2.39001	0	100	0.30	400
s_la-pwd-weak	orig@p32	2	2.39001	0	100	0.30	400
s_la-pwd-weak	orig@p48	2	2.44752	0	100	0.30	400
s_la-pwd-weak	orig@p64	2	2.44239	0	100	0.30	400
s_la-pwd-weak	orig@p80	2	2.44495	0	100	0.30	400
s_la-pwd-weak	orig@p96	2	2.44495	0	100	0.30	400
s_la-pwd-weak	orig@p112	2	2.38768	0	100	0.30	400
s_la-pwd-weak	rev@p16	2	2.39001	0	100	0.30	400
s_la-pwd-weak	rev@p32	2	2.38256	0	100	0.30	400
s_la-pwd-weak	rev@p48	2	2.38256	0	100	0.30	400
s_la-pwd-weak	rev@p64	2	2.38512	0	100	0.30	400
s_la-pwd-weak	rev@p80	2	2.39001	0	100	0.30	400
s_la-pwd-weak	rev@p96	2	2.38745	0	100	0.30	400
s_la-pwd-weak	rev@p112	2	2.38745	0	100	0.30	400
s_la-pwd-weak	orig	2	2.38488	0	100	0.30	400
s_la-pwd-weak	orig2	2	2.38488	0	100	0.30	400
s_la-pwd-weak	rev	3	2.39490	0	100	0.30	400
s_la-pwd-weak	orig@p16	3	2.38488	0	100	0.30	400
s_la-pwd-weak	orig@p32	3	2.38745	0	100	0.30	400
s_la-pwd-weak	orig@p48	3	2.44519	0	100	0.30	400
s_la-pwd-weak	orig@p64	3	2.44984	0	100	0.30	400
s_la-pwd-weak	orig@p80	3	2.46754	0	100	0.30	400
s_la-pwd-weak	orig@p96	3	2.44728	0	100	0.30	400
s_la-pwd-weak	orig@p112	3	2.38512	0	100	0.30	400
s_la-pwd-weak	rev@p16	3	2.38791	0	100	0.30	400
s_la-pwd-weak	rev@p32	3	2.38256	0	100	0.30	400
s_la-pwd-weak	rev@p48	3	2.38745	0	100	0.30	400
s_la-pwd-weak	rev@p64	3	2.38745	0	100	0.30	400
s_la-pwd-weak	rev@p80	3	2.63262	0	100	0.30	400
s_la-pwd-weak	rev@p96	3	2.38232	0	100	0.30	400
s_la-pwd-weak	rev@p112	3	2.38745	0	100	0.30	400
s_la-pwd-weak	orig	3	2.38256	0	100	0.30	400
s_la-pwd-weak	orig2	3	2.38512	0	100	0.30	400
s_la-pwd-weak	null	3	2.38488	0	100	0.30	400
s_la-pwd-weak	orig@p16	4	2.38256	0	100	0.30	400
s_la-pwd-weak	orig@p32	4	2.38745	0	100	0.30	400
s_la-pwd-weak	orig@p48	4	2.45008	0	100	0.30	400
s_la-pwd-weak	orig@p64	4	2.44752	0	100	0.30	400
s_la-pwd-weak	orig@p80	4	2.44752	0	100	0.30	400
s_la-pwd-weak	orig@p96	4	2.44495	0	100	0.30	400
s_la-pwd-weak	orig@p112	4	2.40002	0	100	0.30	400
s_la-pwd-weak	rev@p16	4	2.39024	0	100	0.30	400
s_la-pwd-weak	rev@p32	4	5.22006	0	100	0.30	400
s_la-pwd-weak	rev@p48	4	2.40258	0	100	0.30	400
s_la-pwd-weak	rev@p64	4	2.37999	0	100	0.30	400
s_la-pwd-weak	rev@p80	4	2.38256	0	100	0.30	400
s_la-pwd-weak	rev@p96	4	2.38768	0	100	0.30	400
s_la-pwd-weak	rev@p112	4	2.37999	0	100	0.30	400
s_la-pwd-weak	orig	4	2.38256	0	100	0.30	400
s_la-pwd-weak	orig2	4	2.39233	0	100	0.30	400
s_la-pwd-weak	null	4	2.38768	0	100	0.30	400
s_la-pwd-weak	rev	4	2.38488	0	100	0.30	400
s_la-pwd-weak	orig@p32	5	2.38488	0	100	0.30	400
s_la-pwd-weak	orig@p48	5	2.44984	0	100	0.30	400
s_la-pwd-weak	orig@p64	5	2.45497	0	100	0.30	400
s_la-pwd-weak	orig@p80	5	2.44752	0	100	0.30	400
s_la-pwd-weak	orig@p96	5	2.44752	0	100	0.30	400
s_la-pwd-weak	orig@p112	5	2.38535	0	100	0.30	400
s_la-pwd-weak	rev@p16	5	2.39490	0	100	0.30	400
s_la-pwd-weak	rev@p32	5	2.38512	0	100	0.30	400
s_la-pwd-weak	rev@p48	5	2.38512	0	100	0.30	400
s_la-pwd-weak	rev@p64	5	2.39257	0	100	0.30	400
s_la-pwd-weak	rev@p80	5	2.38256	0	100	0.30	400
s_la-pwd-weak	rev@p96	5	2.38488	0	100	0.30	400
s_la-pwd-weak	rev@p112	5	2.38488	0	100	0.30	400
s_la-pwd-weak	orig	5	1.09244	0	100	0.30	400
s_la-pwd-weak	orig2	5	2.38512	0	100	0.30	400
s_la-pwd-weak	null	5	2.72249	0	100	0.30	400
s_la-pwd-weak	rev	5	2.39490	0	100	0.30	400
s_la-pwd-weak	orig@p16	5	2.71760	0	100	0.30	400
s_la-pwd-weak	orig@p48	6	2.45497	0	100	0.30	400
s_la-pwd-weak	orig@p64	6	1.11503	0	100	0.30	400
s_la-pwd-weak	orig@p80	6	2.47499	0	100	0.30	400
s_la-pwd-weak	orig@p96	6	2.79001	0	100	0.30	400
s_la-pwd-weak	orig@p112	6	2.38512	0	100	0.30	400
s_la-pwd-weak	rev@p16	6	2.71993	0	100	0.30	400
s_la-pwd-weak	rev@p32	6	2.38745	0	100	0.30	400
s_la-pwd-weak	rev@p48	6	1.09989	0	100	0.30	400
s_la-pwd-weak	rev@p64	6	2.38488	0	100	0.30	400
s_la-pwd-weak	rev@p80	6	2.72761	0	100	0.30	400
s_la-pwd-weak	rev@p96	6	2.38768	0	100	0.30	400
s_la-pwd-weak	rev@p112	6	1.10012	0	100	0.30	400
s_la-pwd-weak	orig	6	2.39513	0	100	0.30	400
s_la-pwd-weak	orig2	6	12.95260	0	100	0.30	400
s_la-pwd-weak	null	6	2.39257	0	100	0.30	400
s_la-pwd-weak	rev	6	2.72016	0	100	0.30	400
s_la-pwd-weak	orig@p16	6	2.72016	0	100	0.30	400
s_la-pwd-weak	orig@p32	6	2.38256	0	100	0.30	400
s_la-pwd-weak	orig@p64	7	1.11735	0	100	0.30	400
s_la-pwd-weak	orig@p80	7	2.44495	0	100	0.30	400
s_la-pwd-weak	orig@p96	7	2.79001	0	100	0.30	400
s_la-pwd-weak	orig@p112	7	2.38512	0	100	0.30	400
s_la-pwd-weak	rev@p16	7	2.72016	0	100	0.30	400
s_la-pwd-weak	rev@p32	7	2.38512	0	100	0.30	400
s_la-pwd-weak	rev@p48	7	1.08499	0	100	0.30	400
s_la-pwd-weak	rev@p64	7	2.38745	0	100	0.30	400
s_la-pwd-weak	rev@p80	7	2.72249	0	100	0.30	400
s_la-pwd-weak	rev@p96	7	2.38745	0	100	0.30	400
s_la-pwd-weak	rev@p112	7	2.71737	0	100	0.30	400
s_la-pwd-weak	orig	7	2.70735	0	100	0.30	400
s_la-pwd-weak	orig2	7	1.33249	0	100	0.30	400
s_la-pwd-weak	null	7	2.38256	0	100	0.30	400
s_la-pwd-weak	rev	7	2.90480	0	100	0.30	400
s_la-pwd-weak	orig@p16	7	2.90782	0	100	0.30	400
s_la-pwd-weak	orig@p32	7	2.38232	0	100	0.30	400
s_la-pwd-weak	orig@p48	7	2.98256	0	100	0.30	400
s_la-pwd-weak	orig@p80	8	2.44752	0	100	0.30	400
s_la-pwd-weak	orig@p96	8	2.44752	0	100	0.30	400
s_la-pwd-weak	orig@p112	8	2.90992	0	100	0.30	400
s_la-pwd-weak	rev@p16	8	2.38512	0	100	0.30	400
s_la-pwd-weak	rev@p32	8	2.90480	0	100	0.30	400
s_la-pwd-weak	rev@p48	8	2.38488	0	100	0.30	400
s_la-pwd-weak	rev@p64	8	1.31759	0	100	0.30	400
s_la-pwd-weak	rev@p80	8	2.38512	0	100	0.30	400
s_la-pwd-weak	rev@p96	8	2.90503	0	100	0.30	400
s_la-pwd-weak	rev@p112	8	3.54508	0	100	0.30	400
s_la-pwd-weak	orig	8	2.90503	0	100	0.30	400
s_la-pwd-weak	orig2	8	2.38512	0	100	0.30	400
s_la-pwd-weak	null	8	1.32248	0	100	0.30	400
s_la-pwd-weak	rev	8	2.39001	0	100	0.30	400
s_la-pwd-weak	orig@p16	8	2.90247	0	100	0.30	400
s_la-pwd-weak	orig@p32	8	2.38512	0	100	0.30	400
s_la-pwd-weak	orig@p48	8	2.98256	0	100	0.30	400
s_la-pwd-weak	orig@p64	8	2.44752	0	100	0.30	400
s_la-pwd-weak	orig@p96	9	1.35251	0	100	0.30	400
s_la-pwd-weak	orig@p112	9	2.39233	0	100	0.30	400
s_la-pwd-weak	rev@p16	9	2.90759	0	100	0.30	400
s_la-pwd-weak	rev@p32	9	2.39746	0	100	0.30	400
s_la-pwd-weak	rev@p48	9	2.90247	0	100	0.30	400
s_la-pwd-weak	rev@p64	9	2.38488	0	100	0.30	400
s_la-pwd-weak	rev@p80	9	1.33272	0	100	0.30	400
s_la-pwd-weak	rev@p96	9	2.38256	0	100	0.30	400
s_la-pwd-weak	rev@p112	9	2.90503	0	100	0.30	400
s_la-pwd-weak	orig	9	2.38256	0	100	0.30	400
s_la-pwd-weak	orig2	9	2.90503	0	100	0.30	400
s_la-pwd-weak	null	9	2.38256	0	100	0.30	400
s_la-pwd-weak	rev	9	1.32248	0	100	0.30	400
s_la-pwd-weak	orig@p16	9	2.39257	0	100	0.30	400
s_la-pwd-weak	orig@p32	9	2.38256	0	100	0.30	400
s_la-pwd-weak	orig@p48	9	2.99001	0	100	0.30	400
s_la-pwd-weak	orig@p64	9	2.44752	0	100	0.30	400
s_la-pwd-weak	orig@p80	9	2.98745	0	100	0.30	400
s_la-pwd-weak	orig@p112	10	2.38488	0	100	0.30	400
s_la-pwd-weak	rev@p16	10	1.32993	0	100	0.30	400
s_la-pwd-weak	rev@p32	10	2.38512	0	100	0.30	400
s_la-pwd-weak	rev@p48	10	2.90014	0	100	0.30	400
s_la-pwd-weak	rev@p64	10	2.38745	0	100	0.30	400
s_la-pwd-weak	rev@p80	10	2.90759	0	100	0.30	400
s_la-pwd-weak	rev@p96	10	2.39001	0	100	0.30	400
s_la-pwd-weak	rev@p112	10	1.32737	0	100	0.30	400
s_la-pwd-weak	orig	10	2.40002	0	100	0.30	400
s_la-pwd-weak	orig2	10	2.90759	0	100	0.30	400
s_la-pwd-weak	null	10	2.38512	0	100	0.30	400
s_la-pwd-weak	rev	10	2.90992	0	100	0.30	400
s_la-pwd-weak	orig@p16	10	2.38488	0	100	0.30	400
s_la-pwd-weak	orig@p32	10	1.32248	0	100	0.30	400
s_la-pwd-weak	orig@p48	10	2.44728	0	100	0.30	400
s_la-pwd-weak	orig@p64	10	2.98256	0	100	0.30	400
s_la-pwd-weak	orig@p80	10	2.45753	0	100	0.30	400
s_la-pwd-weak	orig@p96	10	2.98256	0	100	0.30	400
s_lp-atomic-hit	orig	0	0.93793	0	100	0.30	400
s_lp-atomic-hit	orig2	0	0.77495	0	100	0.30	400
s_lp-atomic-hit	null	0	0.42661	0	100	0.30	400
s_lp-atomic-hit	rev	0	0.77014	0	100	0.30	400
s_lp-atomic-hit	orig@p16	0	0.93628	0	100	0.30	400
s_lp-atomic-hit	orig@p32	0	0.76774	0	100	0.30	400
s_lp-atomic-hit	orig@p48	0	3.35329	0	100	0.30	400
s_lp-atomic-hit	orig@p64	0	0.78952	0	100	0.30	400
s_lp-atomic-hit	orig@p80	0	0.43705	0	100	0.30	400
s_lp-atomic-hit	orig@p96	0	0.79110	0	100	0.30	400
s_lp-atomic-hit	orig@p112	0	0.77014	0	100	0.30	400
s_lp-atomic-hit	rev@p16	0	0.77097	0	100	0.30	400
s_lp-atomic-hit	rev@p32	0	0.79515	0	100	0.30	400
s_lp-atomic-hit	rev@p48	0	0.77172	0	100	0.30	400
s_lp-atomic-hit	rev@p64	0	0.77014	0	100	0.30	400
s_lp-atomic-hit	rev@p80	0	0.76939	0	100	0.30	400
s_lp-atomic-hit	rev@p96	0	0.76857	0	100	0.30	400
s_lp-atomic-hit	rev@p112	0	0.77345	0	100	0.30	400
s_lp-atomic-hit	orig2	1	0.76932	0	100	0.30	400
s_lp-atomic-hit	null	1	0.76932	0	100	0.30	400
s_lp-atomic-hit	rev	1	0.76932	0	100	0.30	400
s_lp-atomic-hit	orig@p16	1	0.76857	0	100	0.30	400
s_lp-atomic-hit	orig@p32	1	0.77180	0	100	0.30	400
s_lp-atomic-hit	orig@p48	1	0.79275	0	100	0.30	400
s_lp-atomic-hit	orig@p64	1	0.78870	0	100	0.30	400
s_lp-atomic-hit	orig@p80	1	0.78952	0	100	0.30	400
s_lp-atomic-hit	orig@p96	1	0.79110	0	100	0.30	400
s_lp-atomic-hit	orig@p112	1	0.76932	0	100	0.30	400
s_lp-atomic-hit	rev@p16	1	0.77097	0	100	0.30	400
s_lp-atomic-hit	rev@p32	1	0.76939	0	100	0.30	400
s_lp-atomic-hit	rev@p48	1	0.76939	0	100	0.30	400
s_lp-atomic-hit	rev@p64	1	0.76939	0	100	0.30	400
s_lp-atomic-hit	rev@p80	1	0.76857	0	100	0.30	400
s_lp-atomic-hit	rev@p96	1	0.77097	0	100	0.30	400
s_lp-atomic-hit	rev@p112	1	0.76939	0	100	0.30	400
s_lp-atomic-hit	orig	1	0.77022	0	100	0.30	400
s_lp-atomic-hit	null	2	0.76849	0	100	0.30	400
s_lp-atomic-hit	rev	2	0.76932	0	100	0.30	400
s_lp-atomic-hit	orig@p16	2	0.77014	0	100	0.30	400
s_lp-atomic-hit	orig@p32	2	0.76932	0	100	0.30	400
s_lp-atomic-hit	orig@p48	2	0.79110	0	100	0.30	400
s_lp-atomic-hit	orig@p64	2	0.79035	0	100	0.30	400
s_lp-atomic-hit	orig@p80	2	0.78885	0	100	0.30	400
s_lp-atomic-hit	orig@p96	2	0.79027	0	100	0.30	400
s_lp-atomic-hit	orig@p112	2	0.77097	0	100	0.30	400
s_lp-atomic-hit	rev@p16	2	0.77172	0	100	0.30	400
s_lp-atomic-hit	rev@p32	2	0.77014	0	100	0.30	400
s_lp-atomic-hit	rev@p48	2	0.76857	0	100	0.30	400
s_lp-atomic-hit	rev@p64	2	0.76932	0	100	0.30	400
s_lp-atomic-hit	rev@p80	2	0.77503	0	100	0.30	400
s_lp-atomic-hit	rev@p96	2	0.77014	0	100	0.30	400
s_lp-atomic-hit	rev@p112	2	0.76939	0	100	0.30	400
s_lp-atomic-hit	orig	2	0.76857	0	100	0.30	400
s_lp-atomic-hit	orig2	2	0.76939	0	100	0.30	400
s_lp-atomic-hit	rev	3	0.77014	0	100	0.30	400
s_lp-atomic-hit	orig@p16	3	0.76849	0	100	0.30	400
s_lp-atomic-hit	orig@p32	3	0.77908	0	100	0.30	400
s_lp-atomic-hit	orig@p48	3	0.78870	0	100	0.30	400
s_lp-atomic-hit	orig@p64	3	0.78952	0	100	0.30	400
s_lp-atomic-hit	orig@p80	3	0.78952	0	100	0.30	400
s_lp-atomic-hit	orig@p96	3	0.79110	0	100	0.30	400
s_lp-atomic-hit	orig@p112	3	0.76939	0	100	0.30	400
s_lp-atomic-hit	rev@p16	3	0.76849	0	100	0.30	400
s_lp-atomic-hit	rev@p32	3	0.76932	0	100	0.30	400
s_lp-atomic-hit	rev@p48	3	0.77022	0	100	0.30	400
s_lp-atomic-hit	rev@p64	3	0.76932	0	100	0.30	400
s_lp-atomic-hit	rev@p80	3	0.35082	0	100	0.30	400
s_lp-atomic-hit	rev@p96	3	0.76939	0	100	0.30	400
s_lp-atomic-hit	rev@p112	3	0.44118	0	100	0.30	400
s_lp-atomic-hit	orig	3	0.76939	0	100	0.30	400
s_lp-atomic-hit	orig2	3	0.43870	0	100	0.30	400
s_lp-atomic-hit	null	3	0.77022	0	100	0.30	400
s_lp-atomic-hit	orig@p16	4	0.43877	0	100	0.30	400
s_lp-atomic-hit	orig@p32	4	0.76857	0	100	0.30	400
s_lp-atomic-hit	orig@p48	4	0.79440	0	100	0.30	400
s_lp-atomic-hit	orig@p64	4	0.35969	0	100	0.30	400
s_lp-atomic-hit	orig@p80	4	0.78952	0	100	0.30	400
s_lp-atomic-hit	orig@p96	4	0.35969	0	100	0.30	400
s_lp-atomic-hit	orig@p112	4	0.76939	0	100	0.30	400
s_lp-atomic-hit	rev@p16	4	0.43712	0	100	0.30	400
s_lp-atomic-hit	rev@p32	4	0.76849	0	100	0.30	400
s_lp-atomic-hit	rev@p48	4	0.87912	0	100	0.30	400
s_lp-atomic-hit	rev@p64	4	0.76939	0	100	0.30	400
s_lp-atomic-hit	rev@p80	4	0.35480	0	100	0.30	400
s_lp-atomic-hit	rev@p96	4	0.76939	0	100	0.30	400
s_lp-atomic-hit	rev@p112	4	0.43787	0	100	0.30	400
s_lp-atomic-hit	orig	4	0.76932	0	100	0.30	400
s_lp-atomic-hit	orig2	4	0.87822	0	100	0.30	400
s_lp-atomic-hit	null	4	0.76857	0	100	0.30	400
s_lp-atomic-hit	rev	4	0.35157	0	100	0.30	400
s_lp-atomic-hit	orig@p32	5	0.76939	0	100	0.30	400
s_lp-atomic-hit	orig@p48	5	0.44921	0	100	0.30	400
s_lp-atomic-hit	orig@p64	5	0.78952	0	100	0.30	400
s_lp-atomic-hit	orig@p80	5	0.90000	0	100	0.30	400
s_lp-atomic-hit	orig@p96	5	0.79117	0	100	0.30	400
s_lp-atomic-hit	orig@p112	5	0.93868	0	100	0.30	400
s_lp-atomic-hit	rev@p16	5	0.77172	0	100	0.30	400
s_lp-atomic-hit	rev@p32	5	0.77337	0	100	0.30	400
s_lp-atomic-hit	rev@p48	5	0.42668	0	100	0.30	400
s_lp-atomic-hit	rev@p64	5	0.76939	0	100	0.30	400
s_lp-atomic-hit	rev@p80	5	0.93793	0	100	0.30	400
s_lp-atomic-hit	rev@p96	5	0.42510	0	100	0.30	400
s_lp-atomic-hit	rev@p112	5	0.76849	0	100	0.30	400
s_lp-atomic-hit	orig	5	0.42495	0	100	0.30	400
s_lp-atomic-hit	orig2	5	0.76939	0	100	0.30	400
s_lp-atomic-hit	null	5	0.77255	0	100	0.30	400
s_lp-atomic-hit	rev	5	0.93628	0	100	0.30	400
s_lp-atomic-hit	orig@p16	5	0.76932	0	100	0.30	400
s_lp-atomic-hit	orig@p48	6	0.96129	0	100	0.30	400
s_lp-atomic-hit	orig@p64	6	0.79756	0	100	0.30	400
s_lp-atomic-hit	orig@p80	6	0.43712	0	100	0.30	400
s_lp-atomic-hit	orig@p96	6	0.79035	0	100	0.30	400
s_lp-atomic-hit	orig@p112	6	0.93786	0	100	0.30	400
s_lp-atomic-hit	rev@p16	6	0.76857	0	100	0.30	400
s_lp-atomic-hit	rev@p32	6	0.93703	0	100	0.30	400
s_lp-atomic-hit	rev@p48	6	0.77014	0	100	0.30	400
s_lp-atomic-hit	rev@p64	6	0.42578	0	100	0.30	400
s_lp-atomic-hit	rev@p80	6	0.76857	0	100	0.30	400
s_lp-atomic-hit	rev@p96	6	0.93793	0	100	0.30	400
s_lp-atomic-hit	rev@p112	6	0.76939	0	100	0.30	400
s_lp-atomic-hit	orig	6	0.93703	0	100	0.30	400
s_lp-atomic-hit	orig2	6	0.42578	0	100	0.30	400
s_lp-atomic-hit	null	6	0.76932	0	100	0.30	400
s_lp-atomic-hit	rev	6	0.93951	0	100	0.30	400
s_lp-atomic-hit	orig@p16	6	0.76939	0	100	0.30	400
s_lp-atomic-hit	orig@p32	6	0.93628	0	100	0.30	400
s_lp-atomic-hit	orig@p64	7	0.79035	0	100	0.30	400
s_lp-atomic-hit	orig@p80	7	0.43705	0	100	0.30	400
s_lp-atomic-hit	orig@p96	7	0.78870	0	100	0.30	400
s_lp-atomic-hit	orig@p112	7	0.93703	0	100	0.30	400
s_lp-atomic-hit	rev@p16	7	0.76857	0	100	0.30	400
s_lp-atomic-hit	rev@p32	7	0.93635	0	100	0.30	400
s_lp-atomic-hit	rev@p48	7	0.77022	0	100	0.30	400
s_lp-atomic-hit	rev@p64	7	0.42661	0	100	0.30	400
s_lp-atomic-hit	rev@p80	7	0.76857	0	100	0.30	400
s_lp-atomic-hit	rev@p96	7	0.93793	0	100	0.30	400
s_lp-atomic-hit	rev@p112	7	0.76774	0	100	0.30	400
s_lp-atomic-hit	orig	7	0.93711	0	100	0.30	400
s_lp-atomic-hit	orig2	7	0.77022	0	100	0.30	400
s_lp-atomic-hit	null	7	0.42495	0	100	0.30	400
s_lp-atomic-hit	rev	7	0.77255	0	100	0.30	400
s_lp-atomic-hit	orig@p16	7	0.93711	0	100	0.30	400
s_lp-atomic-hit	orig@p32	7	0.76857	0	100	0.30	400
s_lp-atomic-hit	orig@p48	7	0.96046	0	100	0.30	400
s_lp-atomic-hit	orig@p80	8	0.97090	0	100	0.30	400
s_lp-atomic-hit	orig@p96	8	0.96294	0	100	0.30	400
s_lp-atomic-hit	orig@p112	8	0.77014	0	100	0.30	400
s_lp-atomic-hit	rev@p16	8	0.93711	0	100	0.30	400
s_lp-atomic-hit	rev@p32	8	0.77022	0	100	0.30	400
s_lp-atomic-hit	rev@p48	8	0.42578	0	100	0.30	400
s_lp-atomic-hit	rev@p64	8	0.77262	0	100	0.30	400
s_lp-atomic-hit	rev@p80	8	0.93711	0	100	0.30	400
s_lp-atomic-hit	rev@p96	8	0.88866	0	100	0.30	400
s_lp-atomic-hit	rev@p112	8	0.93711	0	100	0.30	400
s_lp-atomic-hit	orig	8	0.76932	0	100	0.30	400
s_lp-atomic-hit	orig2	8	0.42578	0	100	0.30	400
s_lp-atomic-hit	null	8	0.77029	0	100	0.30	400
s_lp-atomic-hit	rev	8	0.93628	0	100	0.30	400
s_lp-atomic-hit	orig@p16	8	0.76932	0	100	0.30	400
s_lp-atomic-hit	orig@p32	8	0.93711	0	100	0.30	400
s_lp-atomic-hit	orig@p48	8	0.79110	0	100	0.30	400
s_lp-atomic-hit	orig@p64	8	0.43795	0	100	0.30	400
s_lp-atomic-hit	orig@p96	9	0.79192	0	100	0.30	400
s_lp-atomic-hit	orig@p112	9	0.93628	0	100	0.30	400
s_lp-atomic-hit	rev@p16	9	0.76857	0	100	0.30	400
s_lp-atomic-hit	rev@p32	9	0.93786	0	100	0.30	400
s_lp-atomic-hit	rev@p48	9	0.76857	0	100	0.30	400
s_lp-atomic-hit	rev@p64	9	0.42585	0	100	0.30	400
s_lp-atomic-hit	rev@p80	9	0.76932	0	100	0.30	400
s_lp-atomic-hit	rev@p96	9	0.93876	0	100	0.30	400
s_lp-atomic-hit	rev@p112	9	0.76932	0	100	0.30	400
s_lp-atomic-hit	orig	9	0.94679	0	100	0.30	400
s_lp-atomic-hit	orig2	9	0.93876	0	100	0.30	400
s_lp-atomic-hit	null	9	0.76857	0	100	0.30	400
s_lp-atomic-hit	rev	9	0.42743	0	100	0.30	400
s_lp-atomic-hit	orig@p16	9	0.76939	0	100	0.30	400
s_lp-atomic-hit	orig@p32	9	0.93793	0	100	0.30	400
s_lp-atomic-hit	orig@p48	9	0.79117	0	100	0.30	400
s_lp-atomic-hit	orig@p64	9	0.96369	0	100	0.30	400
s_lp-atomic-hit	orig@p80	9	0.78870	0	100	0.30	400
s_lp-atomic-hit	orig@p112	10	0.42585	0	100	0.30	400
s_lp-atomic-hit	rev@p16	10	0.76939	0	100	0.30	400
s_lp-atomic-hit	rev@p32	10	0.93711	0	100	0.30	400
s_lp-atomic-hit	rev@p48	10	0.77014	0	100	0.30	400
s_lp-atomic-hit	rev@p64	10	0.94034	0	100	0.30	400
s_lp-atomic-hit	rev@p80	10	0.76939	0	100	0.30	400
s_lp-atomic-hit	rev@p96	10	0.42578	0	100	0.30	400
s_lp-atomic-hit	rev@p112	10	0.77014	0	100	0.30	400
s_lp-atomic-hit	orig	10	0.93628	0	100	0.30	400
s_lp-atomic-hit	orig2	10	0.77022	0	100	0.30	400
s_lp-atomic-hit	null	10	0.93801	0	100	0.30	400
s_lp-atomic-hit	rev	10	0.77022	0	100	0.30	400
s_lp-atomic-hit	orig@p16	10	0.93868	0	100	0.30	400
s_lp-atomic-hit	orig@p32	10	0.77503	0	100	0.30	400
s_lp-atomic-hit	orig@p48	10	0.79350	0	100	0.30	400
s_lp-atomic-hit	orig@p64	10	0.78952	0	100	0.30	400
s_lp-atomic-hit	orig@p80	10	0.78952	0	100	0.30	400
s_lp-atomic-hit	orig@p96	10	0.78952	0	100	0.30	400
s_lp-atomic-nonmatch	orig	0	1.03691	0	100	0.30	400
s_lp-atomic-nonmatch	orig2	0	1.03913	0	100	0.30	400
s_lp-atomic-nonmatch	null	0	1.06525	0	100	0.30	400
s_lp-atomic-nonmatch	rev	0	1.03701	0	100	0.30	400
s_lp-atomic-nonmatch	orig@p16	0	1.03802	0	100	0.30	400
s_lp-atomic-nonmatch	orig@p32	0	1.03812	0	100	0.30	400
s_lp-atomic-nonmatch	orig@p48	0	1.07274	0	100	0.30	400
s_lp-atomic-nonmatch	orig@p64	0	1.06191	0	100	0.30	400
s_lp-atomic-nonmatch	orig@p80	0	1.06525	0	100	0.30	400
s_lp-atomic-nonmatch	orig@p96	0	1.06312	0	100	0.30	400
s_lp-atomic-nonmatch	orig@p112	0	1.03691	0	100	0.30	400
s_lp-atomic-nonmatch	rev@p16	0	1.03802	0	100	0.30	400
s_lp-atomic-nonmatch	rev@p32	0	1.03691	0	100	0.30	400
s_lp-atomic-nonmatch	rev@p48	0	1.03802	0	100	0.30	400
s_lp-atomic-nonmatch	rev@p64	0	1.03913	0	100	0.30	400
s_lp-atomic-nonmatch	rev@p80	0	1.03691	0	100	0.30	400
s_lp-atomic-nonmatch	rev@p96	0	1.03701	0	100	0.30	400
s_lp-atomic-nonmatch	rev@p112	0	1.04126	0	100	0.30	400
s_lp-atomic-nonmatch	orig2	1	1.03913	0	100	0.30	400
s_lp-atomic-nonmatch	null	1	1.03579	0	100	0.30	400
s_lp-atomic-nonmatch	rev	1	1.03691	0	100	0.30	400
s_lp-atomic-nonmatch	orig@p16	1	1.03589	0	100	0.30	400
s_lp-atomic-nonmatch	orig@p32	1	2.74345	0	100	0.30	400
s_lp-atomic-nonmatch	orig@p48	1	1.06414	0	100	0.30	400
s_lp-atomic-nonmatch	orig@p64	1	1.06302	0	100	0.30	400
s_lp-atomic-nonmatch	orig@p80	1	1.06414	0	100	0.30	400
s_lp-atomic-nonmatch	orig@p96	1	1.06414	0	100	0.30	400
s_lp-atomic-nonmatch	orig@p112	1	1.03701	0	100	0.30	400
s_lp-atomic-nonmatch	rev@p16	1	1.03589	0	100	0.30	400
s_lp-atomic-nonmatch	rev@p32	1	1.03802	0	100	0.30	400
s_lp-atomic-nonmatch	rev@p48	1	1.03802	0	100	0.30	400
s_lp-atomic-nonmatch	rev@p64	1	1.03589	0	100	0.30	400
s_lp-atomic-nonmatch	rev@p80	1	1.03589	0	100	0.30	400
s_lp-atomic-nonmatch	rev@p96	1	1.03913	0	100	0.30	400
s_lp-atomic-nonmatch	rev@p112	1	1.03691	0	100	0.30	400
s_lp-atomic-nonmatch	orig	1	1.04237	0	100	0.30	400
s_lp-atomic-nonmatch	null	2	1.03802	0	100	0.30	400
s_lp-atomic-nonmatch	rev	2	1.18480	0	100	0.30	400
s_lp-atomic-nonmatch	orig@p16	2	1.03691	0	100	0.30	400
s_lp-atomic-nonmatch	orig@p32	2	1.18045	0	100	0.30	400
s_lp-atomic-nonmatch	orig@p48	2	1.07386	0	100	0.30	400
s_lp-atomic-nonmatch	orig@p64	2	0.58805	0	100	0.30	400
s_lp-atomic-nonmatch	orig@p80	2	1.06414	0	100	0.30	400
s_lp-atomic-nonmatch	orig@p96	2	0.60657	0	100	0.30	400
s_lp-atomic-nonmatch	orig@p112	2	1.03812	0	100	0.30	400
s_lp-atomic-nonmatch	rev@p16	2	0.59018	0	100	0.30	400
s_lp-atomic-nonmatch	rev@p32	2	2.66419	0	100	0.30	400
s_lp-atomic-nonmatch	rev@p48	2	0.47275	0	100	0.30	400
s_lp-atomic-nonmatch	rev@p64	2	3.12277	0	100	0.30	400
s_lp-atomic-nonmatch	rev@p80	2	1.18156	0	100	0.30	400
s_lp-atomic-nonmatch	rev@p96	2	1.03701	0	100	0.30	400
s_lp-atomic-nonmatch	rev@p112	2	1.04025	0	100	0.30	400
s_lp-atomic-nonmatch	orig	2	1.18156	0	100	0.30	400
s_lp-atomic-nonmatch	orig2	2	1.03691	0	100	0.30	400
s_lp-atomic-nonmatch	rev	3	0.47386	0	100	0.30	400
s_lp-atomic-nonmatch	orig@p16	3	1.03913	0	100	0.30	400
s_lp-atomic-nonmatch	orig@p32	3	1.18592	0	100	0.30	400
s_lp-atomic-nonmatch	orig@p48	3	1.06302	0	100	0.30	400
s_lp-atomic-nonmatch	orig@p64	3	1.21305	0	100	0.30	400
s_lp-atomic-nonmatch	orig@p80	3	1.06302	0	100	0.30	400
s_lp-atomic-nonmatch	orig@p96	3	0.48581	0	100	0.30	400
s_lp-atomic-nonmatch	orig@p112	3	1.03913	0	100	0.30	400
s_lp-atomic-nonmatch	rev@p16	3	1.18258	0	100	0.30	400
s_lp-atomic-nonmatch	rev@p32	3	1.03589	0	100	0.30	400
s_lp-atomic-nonmatch	rev@p48	3	1.18156	0	100	0.30	400
s_lp-atomic-nonmatch	rev@p64	3	1.03691	0	100	0.30	400
s_lp-atomic-nonmatch	rev@p80	3	0.47821	0	100	0.30	400
s_lp-atomic-nonmatch	rev@p96	3	1.03579	0	100	0.30	400
s_lp-atomic-nonmatch	rev@p112	3	1.18379	0	100	0.30	400
s_lp-atomic-nonmatch	orig	3	1.03701	0	100	0.30	400
s_lp-atomic-nonmatch	orig2	3	1.18268	0	100	0.30	400
s_lp-atomic-nonmatch	null	3	0.47285	0	100	0.30	400
s_lp-atomic-nonmatch	orig@p16	4	1.03691	0	100	0.30	400
s_lp-atomic-nonmatch	orig@p32	4	1.18258	0	100	0.30	400
s_lp-atomic-nonmatch	orig@p48	4	1.06302	0	100	0.30	400
s_lp-atomic-nonmatch	orig@p64	4	1.19786	0	100	0.30	400
s_lp-atomic-nonmatch	orig@p80	4	1.06515	0	100	0.30	400
s_lp-atomic-nonmatch	orig@p96	4	1.06626	0	100	0.30	400
s_lp-atomic-nonmatch	orig@p112	4	1.03701	0	100	0.30	400
s_lp-atomic-nonmatch	rev@p16	4	1.04237	0	100	0.30	400
s_lp-atomic-nonmatch	rev@p32	4	1.03691	0	100	0.30	400
s_lp-atomic-nonmatch	rev@p48	4	1.04571	0	100	0.30	400
s_lp-atomic-nonmatch	rev@p64	4	1.03589	0	100	0.30	400
s_lp-atomic-nonmatch	rev@p80	4	1.03913	0	100	0.30	400
s_lp-atomic-nonmatch	rev@p96	4	1.03691	0	100	0.30	400
s_lp-atomic-nonmatch	rev@p112	4	1.03913	0	100	0.30	400
s_lp-atomic-nonmatch	orig	4	1.03691	0	100	0.30	400
s_lp-atomic-nonmatch	orig2	4	1.03812	0	100	0.30	400
s_lp-atomic-nonmatch	null	4	1.04136	0	100	0.30	400
s_lp-atomic-nonmatch	rev	4	1.04015	0	100	0.30	400
s_lp-atomic-nonmatch	orig@p32	5	1.03589	0	100	0.30	400
s_lp-atomic-nonmatch	orig@p48	5	1.06849	0	100	0.30	400
s_lp-atomic-nonmatch	orig@p64	5	1.09127	0	100	0.30	400
s_lp-atomic-nonmatch	orig@p80	5	1.06414	0	100	0.30	400
s_lp-atomic-nonmatch	orig@p96	5	1.06626	0	100	0.30	400
s_lp-atomic-nonmatch	orig@p112	5	1.03802	0	100	0.30	400
s_lp-atomic-nonmatch	rev@p16	5	1.03589	0	100	0.30	400
s_lp-atomic-nonmatch	rev@p32	5	1.03579	0	100	0.30	400
s_lp-atomic-nonmatch	rev@p48	5	1.03691	0	100	0.30	400
s_lp-atomic-nonmatch	rev@p64	5	1.03701	0	100	0.30	400
s_lp-atomic-nonmatch	rev@p80	5	1.03691	0	100	0.30	400
s_lp-atomic-nonmatch	rev@p96	5	1.03691	0	100	0.30	400
s_lp-atomic-nonmatch	rev@p112	5	1.03812	0	100	0.30	400
s_lp-atomic-nonmatch	orig	5	1.04015	0	100	0.30	400
s_lp-atomic-nonmatch	orig2	5	1.03802	0	100	0.30	400
s_lp-atomic-nonmatch	null	5	1.03589	0	100	0.30	400
s_lp-atomic-nonmatch	rev	5	1.03812	0	100	0.30	400
s_lp-atomic-nonmatch	orig@p16	5	1.03691	0	100	0.30	400
s_lp-atomic-nonmatch	orig@p48	6	1.06849	0	100	0.30	400
s_lp-atomic-nonmatch	orig@p64	6	1.06302	0	100	0.30	400
s_lp-atomic-nonmatch	orig@p80	6	1.06302	0	100	0.30	400
s_lp-atomic-nonmatch	orig@p96	6	1.06515	0	100	0.30	400
s_lp-atomic-nonmatch	orig@p112	6	1.03691	0	100	0.30	400
s_lp-atomic-nonmatch	rev@p16	6	1.03701	0	100	0.30	400
s_lp-atomic-nonmatch	rev@p32	6	1.03802	0	100	0.30	400
s_lp-atomic-nonmatch	rev@p48	6	1.03691	0	100	0.30	400
s_lp-atomic-nonmatch	rev@p64	6	1.03701	0	100	0.30	400
s_lp-atomic-nonmatch	rev@p80	6	1.03589	0	100	0.30	400
s_lp-atomic-nonmatch	rev@p96	6	1.03802	0	100	0.30	400
s_lp-atomic-nonmatch	rev@p112	6	1.03913	0	100	0.30	400
s_lp-atomic-nonmatch	orig	6	1.03691	0	100	0.30	400
s_lp-atomic-nonmatch	orig2	6	1.03802	0	100	0.30	400
s_lp-atomic-nonmatch	null	6	1.04136	0	100	0.30	400
s_lp-atomic-nonmatch	rev	6	1.03701	0	100	0.30	400
s_lp-atomic-nonmatch	orig@p16	6	1.03711	0	100	0.30	400
s_lp-atomic-nonmatch	orig@p32	6	1.03802	0	100	0.30	400
s_lp-atomic-nonmatch	orig@p64	7	1.06414	0	100	0.30	400
s_lp-atomic-nonmatch	orig@p80	7	1.06404	0	100	0.30	400
s_lp-atomic-nonmatch	orig@p96	7	1.06849	0	100	0.30	400
s_lp-atomic-nonmatch	orig@p112	7	1.03913	0	100	0.30	400
s_lp-atomic-nonmatch	rev@p16	7	1.03913	0	100	0.30	400
s_lp-atomic-nonmatch	rev@p32	7	1.03579	0	100	0.30	400
s_lp-atomic-nonmatch	rev@p48	7	1.03579	0	100	0.30	400
s_lp-atomic-nonmatch	rev@p64	7	1.03478	0	100	0.30	400
s_lp-atomic-nonmatch	rev@p80	7	1.03579	0	100	0.30	400
s_lp-atomic-nonmatch	rev@p96	7	1.03701	0	100	0.30	400
s_lp-atomic-nonmatch	rev@p112	7	1.03589	0	100	0.30	400
s_lp-atomic-nonmatch	orig	7	1.03691	0	100	0.30	400
s_lp-atomic-nonmatch	orig2	7	1.03691	0	100	0.30	400
s_lp-atomic-nonmatch	null	7	1.03701	0	100	0.30	400
s_lp-atomic-nonmatch	rev	7	1.04015	0	100	0.30	400
s_lp-atomic-nonmatch	orig@p16	7	1.03589	0	100	0.30	400
s_lp-atomic-nonmatch	orig@p32	7	1.03589	0	100	0.30	400
s_lp-atomic-nonmatch	orig@p48	7	1.06738	0	100	0.30	400
s_lp-atomic-nonmatch	orig@p80	8	1.06414	0	100	0.30	400
s_lp-atomic-nonmatch	orig@p96	8	1.06525	0	100	0.30	400
s_lp-atomic-nonmatch	orig@p112	8	1.03913	0	100	0.30	400
s_lp-atomic-nonmatch	rev@p16	8	1.03691	0	100	0.30	400
s_lp-atomic-nonmatch	rev@p32	8	1.03802	0	100	0.30	400
s_lp-atomic-nonmatch	rev@p48	8	1.03589	0	100	0.30	400
s_lp-atomic-nonmatch	rev@p64	8	1.03701	0	100	0.30	400
s_lp-atomic-nonmatch	rev@p80	8	1.12062	0	100	0.30	400
s_lp-atomic-nonmatch	rev@p96	8	1.03691	0	100	0.30	400
s_lp-atomic-nonmatch	rev@p112	8	1.03802	0	100	0.30	400
s_lp-atomic-nonmatch	orig	8	1.04237	0	100	0.30	400
s_lp-atomic-nonmatch	orig2	8	1.03812	0	100	0.30	400
s_lp-atomic-nonmatch	null	8	1.03579	0	100	0.30	400
s_lp-atomic-nonmatch	rev	8	1.03812	0	100	0.30	400
s_lp-atomic-nonmatch	orig@p16	8	1.03579	0	100	0.30	400
s_lp-atomic-nonmatch	orig@p32	8	1.03802	0	100	0.30	400
s_lp-atomic-nonmatch	orig@p48	8	1.06525	0	100	0.30	400
s_lp-atomic-nonmatch	orig@p64	8	1.06636	0	100	0.30	400
s_lp-atomic-nonmatch	orig@p96	9	1.06312	0	100	0.30	400
s_lp-atomic-nonmatch	orig@p112	9	1.03802	0	100	0.30	400
s_lp-atomic-nonmatch	rev@p16	9	1.03691	0	100	0.30	400
s_lp-atomic-nonmatch	rev@p32	9	1.04015	0	100	0.30	400
s_lp-atomic-nonmatch	rev@p48	9	1.03589	0	100	0.30	400
s_lp-atomic-nonmatch	rev@p64	9	1.03701	0	100	0.30	400
s_lp-atomic-nonmatch	rev@p80	9	1.04136	0	100	0.30	400
s_lp-atomic-nonmatch	rev@p96	9	1.03701	0	100	0.30	400
s_lp-atomic-nonmatch	rev@p112	9	1.03802	0	100	0.30	400
s_lp-atomic-nonmatch	orig	9	1.03691	0	100	0.30	400
s_lp-atomic-nonmatch	orig2	9	1.03802	0	100	0.30	400
s_lp-atomic-nonmatch	null	9	1.03691	0	100	0.30	400
s_lp-atomic-nonmatch	rev	9	1.03913	0	100	0.30	400
s_lp-atomic-nonmatch	orig@p16	9	1.03802	0	100	0.30	400
s_lp-atomic-nonmatch	orig@p32	9	1.95001	0	100	0.30	400
s_lp-atomic-nonmatch	orig@p48	9	1.06414	0	100	0.30	400
s_lp-atomic-nonmatch	orig@p64	9	1.21305	0	100	0.30	400
s_lp-atomic-nonmatch	orig@p80	9	1.06312	0	100	0.30	400
s_lp-atomic-nonmatch	orig@p112	10	1.03802	0	100	0.30	400
s_lp-atomic-nonmatch	rev@p16	10	1.03478	0	100	0.30	400
s_lp-atomic-nonmatch	rev@p32	10	1.03701	0	100	0.30	400
s_lp-atomic-nonmatch	rev@p48	10	1.03701	0	100	0.30	400
s_lp-atomic-nonmatch	rev@p64	10	1.03589	0	100	0.30	400
s_lp-atomic-nonmatch	rev@p80	10	1.04025	0	100	0.30	400
s_lp-atomic-nonmatch	rev@p96	10	1.03691	0	100	0.30	400
s_lp-atomic-nonmatch	rev@p112	10	1.03701	0	100	0.30	400
s_lp-atomic-nonmatch	orig	10	1.03691	0	100	0.30	400
s_lp-atomic-nonmatch	orig2	10	1.03913	0	100	0.30	400
s_lp-atomic-nonmatch	null	10	1.03701	0	100	0.30	400
s_lp-atomic-nonmatch	rev	10	1.03701	0	100	0.30	400
s_lp-atomic-nonmatch	orig@p16	10	1.03812	0	100	0.30	400
s_lp-atomic-nonmatch	orig@p32	10	1.03579	0	100	0.30	400
s_lp-atomic-nonmatch	orig@p48	10	1.06414	0	100	0.30	400
s_lp-atomic-nonmatch	orig@p64	10	1.06424	0	100	0.30	400
s_lp-atomic-nonmatch	orig@p80	10	1.06302	0	100	0.30	400
s_lp-atomic-nonmatch	orig@p96	10	1.06302	0	100	0.30	400
s_lp-num-leadzero	orig	0	5.98142	0	100	0.30	400
s_lp-num-leadzero	orig2	0	5.96861	0	100	0.30	400
s_lp-num-leadzero	null	0	5.97560	0	100	0.30	400
s_lp-num-leadzero	rev	0	5.96279	0	100	0.30	400
s_lp-num-leadzero	orig@p16	0	5.96221	0	100	0.30	400
s_lp-num-leadzero	orig@p32	0	2.71888	0	100	0.30	400
s_lp-num-leadzero	orig@p48	0	6.12461	0	100	0.30	400
s_lp-num-leadzero	orig@p64	0	6.98143	0	100	0.30	400
s_lp-num-leadzero	orig@p80	0	6.12519	0	100	0.30	400
s_lp-num-leadzero	orig@p96	0	2.78756	0	100	0.30	400
s_lp-num-leadzero	orig@p112	0	5.96920	0	100	0.30	400
s_lp-num-leadzero	rev@p16	0	6.79982	0	100	0.30	400
s_lp-num-leadzero	rev@p32	0	5.96861	0	100	0.30	400
s_lp-num-leadzero	rev@p48	0	6.80098	0	100	0.30	400
s_lp-num-leadzero	rev@p64	0	5.96861	0	100	0.30	400
s_lp-num-leadzero	rev@p80	0	2.75031	0	100	0.30	400
s_lp-num-leadzero	rev@p96	0	5.96861	0	100	0.30	400
s_lp-num-leadzero	rev@p112	0	6.79400	0	100	0.30	400
s_lp-num-leadzero	orig2	1	5.97502	0	100	0.30	400
s_lp-num-leadzero	null	1	6.80098	0	100	0.30	400
s_lp-num-leadzero	rev	1	5.97502	0	100	0.30	400
s_lp-num-leadzero	orig@p16	1	2.71248	0	100	0.30	400
s_lp-num-leadzero	orig@p32	1	5.96279	0	100	0.30	400
s_lp-num-leadzero	orig@p48	1	6.97502	0	100	0.30	400
s_lp-num-leadzero	orig@p64	1	6.11297	0	100	0.30	400
s_lp-num-leadzero	orig@p80	1	6.14382	0	100	0.30	400
s_lp-num-leadzero	orig@p96	1	6.11239	0	100	0.30	400
s_lp-num-leadzero	orig@p112	1	5.95581	0	100	0.30	400
s_lp-num-leadzero	rev@p16	1	5.96279	0	100	0.30	400
s_lp-num-leadzero	rev@p32	1	5.96861	0	100	0.30	400
s_lp-num-leadzero	rev@p48	1	5.95639	0	100	0.30	400
s_lp-num-leadzero	rev@p64	1	5.96861	0	100	0.30	400
s_lp-num-leadzero	rev@p80	1	5.96279	0	100	0.30	400
s_lp-num-leadzero	rev@p96	1	5.96861	0	100	0.30	400
s_lp-num-leadzero	rev@p112	1	5.94999	0	100	0.30	400
s_lp-num-leadzero	orig	1	5.96861	0	100	0.30	400
s_lp-num-leadzero	null	2	5.95639	0	100	0.30	400
s_lp-num-leadzero	rev	2	10.62523	0	100	0.30	400
s_lp-num-leadzero	orig@p16	2	5.97502	0	100	0.30	400
s_lp-num-leadzero	orig@p32	2	5.96861	0	100	0.30	400
s_lp-num-leadzero	orig@p48	2	6.12519	0	100	0.30	400
s_lp-num-leadzero	orig@p64	2	6.11297	0	100	0.30	400
s_lp-num-leadzero	orig@p80	2	6.11239	0	100	0.30	400
s_lp-num-leadzero	orig@p96	2	6.13101	0	100	0.30	400
s_lp-num-leadzero	orig@p112	2	5.96861	0	100	0.30	400
s_lp-num-leadzero	rev@p16	2	5.96920	0	100	0.30	400
s_lp-num-leadzero	rev@p32	2	5.95639	0	100	0.30	400
s_lp-num-leadzero	rev@p48	2	5.96861	0	100	0.30	400
s_lp-num-leadzero	rev@p64	2	5.96279	0	100	0.30	400
s_lp-num-leadzero	rev@p80	2	5.96920	0	100	0.30	400
s_lp-num-leadzero	rev@p96	2	5.99364	0	100	0.30	400
s_lp-num-leadzero	rev@p112	2	5.96221	0	100	0.30	400
s_lp-num-leadzero	orig	2	5.95581	0	100	0.30	400
s_lp-num-leadzero	orig2	2	5.97502	0	100	0.30	400
s_lp-num-leadzero	rev	3	5.96920	0	100	0.30	400
s_lp-num-leadzero	orig@p16	3	5.96861	0	100	0.30	400
s_lp-num-leadzero	orig@p32	3	5.96221	0	100	0.30	400
s_lp-num-leadzero	orig@p48	3	6.13160	0	100	0.30	400
s_lp-num-leadzero	orig@p64	3	6.12519	0	100	0.30	400
s_lp-num-leadzero	orig@p80	3	6.11239	0	100	0.30	400
s_lp-num-leadzero	orig@p96	3	6.12461	0	100	0.30	400
s_lp-num-leadzero	orig@p112	3	5.96221	0	100	0.30	400
s_lp-num-leadzero	rev@p16	3	5.96861	0	100	0.30	400
s_lp-num-leadzero	rev@p32	3	5.95639	0	100	0.30	400
s_lp-num-leadzero	rev@p48	3	5.97502	0	100	0.30	400
s_lp-num-leadzero	rev@p64	3	5.96221	0	100	0.30	400
s_lp-num-leadzero	rev@p80	3	5.96279	0	100	0.30	400
s_lp-num-leadzero	rev@p96	3	5.96861	0	100	0.30	400
s_lp-num-leadzero	rev@p112	3	5.98142	0	100	0.30	400
s_lp-num-leadzero	orig	3	5.95639	0	100	0.30	400
s_lp-num-leadzero	orig2	3	5.96279	0	100	0.30	400
s_lp-num-leadzero	null	3	5.95639	0	100	0.30	400
s_lp-num-leadzero	orig@p16	4	5.96221	0	100	0.30	400
s_lp-num-leadzero	orig@p32	4	5.96920	0	100	0.30	400
s_lp-num-leadzero	orig@p48	4	6.10016	0	100	0.30	400
s_lp-num-leadzero	orig@p64	4	6.11239	0	100	0.30	400
s_lp-num-leadzero	orig@p80	4	6.11239	0	100	0.30	400
s_lp-num-leadzero	orig@p96	4	6.12461	0	100	0.30	400
s_lp-num-leadzero	orig@p112	4	6.01925	0	100	0.30	400
s_lp-num-leadzero	rev@p16	4	5.95581	0	100	0.30	400
s_lp-num-leadzero	rev@p32	4	5.96279	0	100	0.30	400
s_lp-num-leadzero	rev@p48	4	5.96279	0	100	0.30	400
s_lp-num-leadzero	rev@p64	4	5.96279	0	100	0.30	400
s_lp-num-leadzero	rev@p80	4	5.96279	0	100	0.30	400
s_lp-num-leadzero	rev@p96	4	5.96920	0	100	0.30	400
s_lp-num-leadzero	rev@p112	4	5.98142	0	100	0.30	400
s_lp-num-leadzero	orig	4	5.96221	0	100	0.30	400
s_lp-num-leadzero	orig2	4	5.96221	0	100	0.30	400
s_lp-num-leadzero	null	4	5.96221	0	100	0.30	400
s_lp-num-leadzero	rev	4	5.95639	0	100	0.30	400
s_lp-num-leadzero	orig@p32	5	5.95639	0	100	0.30	400
s_lp-num-leadzero	orig@p48	5	6.11297	0	100	0.30	400
s_lp-num-leadzero	orig@p64	5	6.16885	0	100	0.30	400
s_lp-num-leadzero	orig@p80	5	6.11879	0	100	0.30	400
s_lp-num-leadzero	orig@p96	5	6.11239	0	100	0.30	400
s_lp-num-leadzero	orig@p112	5	5.96861	0	100	0.30	400
s_lp-num-leadzero	rev@p16	5	5.97502	0	100	0.30	400
s_lp-num-leadzero	rev@p32	5	5.95639	0	100	0.30	400
s_lp-num-leadzero	rev@p48	5	5.96861	0	100	0.30	400
s_lp-num-leadzero	rev@p64	5	5.96861	0	100	0.30	400
s_lp-num-leadzero	rev@p80	5	5.96221	0	100	0.30	400
s_lp-num-leadzero	rev@p96	5	5.96279	0	100	0.30	400
s_lp-num-leadzero	rev@p112	5	5.96279	0	100	0.30	400
s_lp-num-leadzero	orig	5	5.95581	0	100	0.30	400
s_lp-num-leadzero	orig2	5	5.96920	0	100	0.30	400
s_lp-num-leadzero	null	5	5.95639	0	100	0.30	400
s_lp-num-leadzero	rev	5	5.95639	0	100	0.30	400
s_lp-num-leadzero	orig@p16	5	5.96861	0	100	0.30	400
s_lp-num-leadzero	orig@p48	6	6.11239	0	100	0.30	400
s_lp-num-leadzero	orig@p64	6	6.11879	0	100	0.30	400
s_lp-num-leadzero	orig@p80	6	6.11879	0	100	0.30	400
s_lp-num-leadzero	orig@p96	6	6.13101	0	100	0.30	400
s_lp-num-leadzero	orig@p112	6	6.15604	0	100	0.30	400
s_lp-num-leadzero	rev@p16	6	5.96221	0	100	0.30	400
s_lp-num-leadzero	rev@p32	6	5.96279	0	100	0.30	400
s_lp-num-leadzero	rev@p48	6	5.96221	0	100	0.30	400
s_lp-num-leadzero	rev@p64	6	5.97502	0	100	0.30	400
s_lp-num-leadzero	rev@p80	6	5.96861	0	100	0.30	400
s_lp-num-leadzero	rev@p96	6	5.97502	0	100	0.30	400
s_lp-num-leadzero	rev@p112	6	3.96220	0	100	0.30	400
s_lp-num-leadzero	orig	6	5.98084	0	100	0.30	400
s_lp-num-leadzero	orig2	6	7.25035	0	100	0.30	400
s_lp-num-leadzero	null	6	5.96861	0	100	0.30	400
s_lp-num-leadzero	rev	6	7.30623	0	100	0.30	400
s_lp-num-leadzero	orig@p16	6	6.00005	0	100	0.30	400
s_lp-num-leadzero	orig@p32	6	3.30037	0	100	0.30	400
s_lp-num-leadzero	orig@p64	7	6.11879	0	100	0.30	400
s_lp-num-leadzero	orig@p80	7	7.45640	0	100	0.30	400
s_lp-num-leadzero	orig@p96	7	7.43777	0	100	0.30	400
s_lp-num-leadzero	orig@p112	7	7.25617	0	100	0.30	400
s_lp-num-leadzero	rev@p16	7	7.26839	0	100	0.30	400
s_lp-num-leadzero	rev@p32	7	7.26257	0	100	0.30	400
s_lp-num-leadzero	rev@p48	7	7.25035	0	100	0.30	400
s_lp-num-leadzero	rev@p64	7	19.38082	0	100	0.30	400
s_lp-num-leadzero	rev@p80	7	7.26257	0	100	0.30	400
s_lp-num-leadzero	rev@p96	7	7.26257	0	100	0.30	400
s_lp-num-leadzero	rev@p112	7	7.26839	0	100	0.30	400
s_lp-num-leadzero	orig	7	7.27479	0	100	0.30	400
s_lp-num-leadzero	orig2	7	7.26897	0	100	0.30	400
s_lp-num-leadzero	null	7	7.26839	0	100	0.30	400
s_lp-num-leadzero	rev	7	7.24976	0	100	0.30	400
s_lp-num-leadzero	orig@p16	7	7.26257	0	100	0.30	400
s_lp-num-leadzero	orig@p32	7	7.26839	0	100	0.30	400
s_lp-num-leadzero	orig@p48	7	7.45000	0	100	0.30	400
s_lp-num-leadzero	orig@p80	8	7.44360	0	100	0.30	400
s_lp-num-leadzero	orig@p96	8	7.45640	0	100	0.30	400
s_lp-num-leadzero	orig@p112	8	7.26257	0	100	0.30	400
s_lp-num-leadzero	rev@p16	8	7.28120	0	100	0.30	400
s_lp-num-leadzero	rev@p32	8	7.29982	0	100	0.30	400
s_lp-num-leadzero	rev@p48	8	7.28760	0	100	0.30	400
s_lp-num-leadzero	rev@p64	8	7.26897	0	100	0.30	400
s_lp-num-leadzero	rev@p80	8	7.26897	0	100	0.30	400
s_lp-num-leadzero	rev@p96	8	7.28120	0	100	0.30	400
s_lp-num-leadzero	rev@p112	8	7.26897	0	100	0.30	400
s_lp-num-leadzero	orig	8	7.25617	0	100	0.30	400
s_lp-num-leadzero	orig2	8	7.26257	0	100	0.30	400
s_lp-num-leadzero	null	8	7.26257	0	100	0.30	400
s_lp-num-leadzero	rev	8	7.28760	0	100	0.30	400
s_lp-num-leadzero	orig@p16	8	7.25617	0	100	0.30	400
s_lp-num-leadzero	orig@p32	8	7.26257	0	100	0.30	400
s_lp-num-leadzero	orig@p48	8	7.45000	0	100	0.30	400
s_lp-num-leadzero	orig@p64	8	7.45640	0	100	0.30	400
s_lp-num-leadzero	orig@p96	9	7.46222	0	100	0.30	400
s_lp-num-leadzero	orig@p112	9	7.30040	0	100	0.30	400
s_lp-num-leadzero	rev@p16	9	7.26897	0	100	0.30	400
s_lp-num-leadzero	rev@p32	9	7.28760	0	100	0.30	400
s_lp-num-leadzero	rev@p48	9	7.26257	0	100	0.30	400
s_lp-num-leadzero	rev@p64	9	7.30040	0	100	0.30	400
s_lp-num-leadzero	rev@p80	9	7.28120	0	100	0.30	400
s_lp-num-leadzero	rev@p96	9	7.26257	0	100	0.30	400
s_lp-num-leadzero	rev@p112	9	7.26257	0	100	0.30	400
s_lp-num-leadzero	orig	9	7.28120	0	100	0.30	400
s_lp-num-leadzero	orig2	9	7.25675	0	100	0.30	400
s_lp-num-leadzero	null	9	7.26897	0	100	0.30	400
s_lp-num-leadzero	rev	9	7.26897	0	100	0.30	400
s_lp-num-leadzero	orig@p16	9	7.25035	0	100	0.30	400
s_lp-num-leadzero	orig@p32	9	7.28120	0	100	0.30	400
s_lp-num-leadzero	orig@p48	9	7.45640	0	100	0.30	400
s_lp-num-leadzero	orig@p64	9	7.45000	0	100	0.30	400
s_lp-num-leadzero	orig@p80	9	7.45698	0	100	0.30	400
s_lp-num-leadzero	orig@p112	10	7.26839	0	100	0.30	400
s_lp-num-leadzero	rev@p16	10	7.24976	0	100	0.30	400
s_lp-num-leadzero	rev@p32	10	7.25617	0	100	0.30	400
s_lp-num-leadzero	rev@p48	10	7.25617	0	100	0.30	400
s_lp-num-leadzero	rev@p64	10	7.27538	0	100	0.30	400
s_lp-num-leadzero	rev@p80	10	7.26257	0	100	0.30	400
s_lp-num-leadzero	rev@p96	10	7.27538	0	100	0.30	400
s_lp-num-leadzero	rev@p112	10	7.25035	0	100	0.30	400
s_lp-num-leadzero	orig	10	7.25675	0	100	0.30	400
s_lp-num-leadzero	orig2	10	6.82485	0	100	0.30	400
s_lp-num-leadzero	null	10	3.29979	0	100	0.30	400
s_lp-num-leadzero	rev	10	2.71888	0	100	0.30	400
s_lp-num-leadzero	orig@p16	10	7.27479	0	100	0.30	400
s_lp-num-leadzero	orig@p32	10	6.78760	0	100	0.30	400
s_lp-num-leadzero	orig@p48	10	7.45000	0	100	0.30	400
s_lp-num-leadzero	orig@p64	10	6.96862	0	100	0.30	400
s_lp-num-leadzero	orig@p80	10	3.38710	0	100	0.30	400
s_lp-num-leadzero	orig@p96	10	6.98725	0	100	0.30	400
s_lp-num-neg-dec	orig	0	1.54999	0	100	0.30	400
s_lp-num-neg-dec	orig2	0	1.88925	0	100	0.30	400
s_lp-num-neg-dec	null	0	3.88561	0	100	0.30	400
s_lp-num-neg-dec	rev	0	1.88194	0	100	0.30	400
s_lp-num-neg-dec	orig@p16	0	3.88561	0	100	0.30	400
s_lp-num-neg-dec	orig@p32	0	1.89291	0	100	0.30	400
s_lp-num-neg-dec	orig@p48	0	1.59289	0	100	0.30	400
s_lp-num-neg-dec	orig@p64	0	1.93216	0	100	0.30	400
s_lp-num-neg-dec	orig@p80	0	1.59988	0	100	0.30	400
s_lp-num-neg-dec	orig@p96	0	1.93915	0	100	0.30	400
s_lp-num-neg-dec	orig@p112	0	3.88195	0	100	0.30	400
s_lp-num-neg-dec	rev@p16	0	1.88227	0	100	0.30	400
s_lp-num-neg-dec	rev@p32	0	1.88560	0	100	0.30	400
s_lp-num-neg-dec	rev@p48	0	1.55365	0	100	0.30	400
s_lp-num-neg-dec	rev@p64	0	1.88925	0	100	0.30	400
s_lp-num-neg-dec	rev@p80	0	3.89293	0	100	0.30	400
s_lp-num-neg-dec	rev@p96	0	1.88925	0	100	0.30	400
s_lp-num-neg-dec	rev@p112	0	1.55032	0	100	0.30	400
s_lp-num-neg-dec	orig2	1	1.88560	0	100	0.30	400
s_lp-num-neg-dec	null	1	3.89260	0	100	0.30	400
s_lp-num-neg-dec	rev	1	1.88925	0	100	0.30	400
s_lp-num-neg-dec	orig@p16	1	1.57127	0	100	0.30	400
s_lp-num-neg-dec	orig@p32	1	1.88560	0	100	0.30	400
s_lp-num-neg-dec	orig@p48	1	3.98207	0	100	0.30	400
s_lp-num-neg-dec	orig@p64	1	1.93615	0	100	0.30	400
s_lp-num-neg-dec	orig@p80	1	1.59988	0	100	0.30	400
s_lp-num-neg-dec	orig@p96	1	1.93582	0	100	0.30	400
s_lp-num-neg-dec	orig@p112	1	3.88195	0	100	0.30	400
s_lp-num-neg-dec	rev@p16	1	1.88560	0	100	0.30	400
s_lp-num-neg-dec	rev@p32	1	1.57161	0	100	0.30	400
s_lp-num-neg-dec	rev@p48	1	1.88925	0	100	0.30	400
s_lp-num-neg-dec	rev@p64	1	3.88561	0	100	0.30	400
s_lp-num-neg-dec	rev@p80	1	1.89990	0	100	0.30	400
s_lp-num-neg-dec	rev@p96	1	1.55365	0	100	0.30	400
s_lp-num-neg-dec	rev@p112	1	1.88194	0	100	0.30	400
s_lp-num-neg-dec	orig	1	3.88561	0	100	0.30	400
s_lp-num-neg-dec	null	2	1.89291	0	100	0.30	400
s_lp-num-neg-dec	rev	2	3.88228	0	100	0.30	400
s_lp-num-neg-dec	orig@p16	2	1.88925	0	100	0.30	400
s_lp-num-neg-dec	orig@p32	2	3.83239	0	100	0.30	400
s_lp-num-neg-dec	orig@p48	2	1.93216	0	100	0.30	400
s_lp-num-neg-dec	orig@p64	2	3.95346	0	100	0.30	400
s_lp-num-neg-dec	orig@p80	2	1.93216	0	100	0.30	400
s_lp-num-neg-dec	orig@p96	2	3.92852	0	100	0.30	400
s_lp-num-neg-dec	orig@p112	2	1.88560	0	100	0.30	400
s_lp-num-neg-dec	rev@p16	2	3.83904	0	100	0.30	400
s_lp-num-neg-dec	rev@p32	2	1.88560	0	100	0.30	400
s_lp-num-neg-dec	rev@p48	2	3.83938	0	100	0.30	400
s_lp-num-neg-dec	rev@p64	2	1.89291	0	100	0.30	400
s_lp-num-neg-dec	rev@p80	2	3.83605	0	100	0.30	400
s_lp-num-neg-dec	rev@p96	2	1.88593	0	100	0.30	400
s_lp-num-neg-dec	rev@p112	2	3.83572	0	100	0.30	400
s_lp-num-neg-dec	orig	2	1.88925	0	100	0.30	400
s_lp-num-neg-dec	orig2	2	3.83572	0	100	0.30	400
s_lp-num-neg-dec	rev	3	1.88560	0	100	0.30	400
s_lp-num-neg-dec	orig@p16	3	3.83938	0	100	0.30	400
s_lp-num-neg-dec	orig@p32	3	1.89291	0	100	0.30	400
s_lp-num-neg-dec	orig@p48	3	3.92852	0	100	0.30	400
s_lp-num-neg-dec	orig@p64	3	1.93582	0	100	0.30	400
s_lp-num-neg-dec	orig@p80	3	3.95712	0	100	0.30	400
s_lp-num-neg-dec	orig@p96	3	1.93216	0	100	0.30	400
s_lp-num-neg-dec	orig@p112	3	3.83206	0	100	0.30	400
s_lp-num-neg-dec	rev@p16	3	1.89657	0	100	0.30	400
s_lp-num-neg-dec	rev@p32	3	3.82873	0	100	0.30	400
s_lp-num-neg-dec	rev@p48	3	3.83572	0	100	0.30	400
s_lp-num-neg-dec	rev@p64	3	1.88925	0	100	0.30	400
s_lp-num-neg-dec	rev@p80	3	3.83239	0	100	0.30	400
s_lp-num-neg-dec	rev@p96	3	1.88925	0	100	0.30	400
s_lp-num-neg-dec	rev@p112	3	3.83904	0	100	0.30	400
s_lp-num-neg-dec	orig	3	1.88925	0	100	0.30	400
s_lp-num-neg-dec	orig2	3	3.83572	0	100	0.30	400
s_lp-num-neg-dec	null	3	1.89291	0	100	0.30	400
s_lp-num-neg-dec	orig@p16	4	3.83572	0	100	0.30	400
s_lp-num-neg-dec	orig@p32	4	1.88593	0	100	0.30	400
s_lp-num-neg-dec	orig@p48	4	3.92852	0	100	0.30	400
s_lp-num-neg-dec	orig@p64	4	1.93549	0	100	0.30	400
s_lp-num-neg-dec	orig@p80	4	4.03928	0	100	0.30	400
s_lp-num-neg-dec	orig@p96	4	1.95378	0	100	0.30	400
s_lp-num-neg-dec	orig@p112	4	3.82840	0	100	0.30	400
s_lp-num-neg-dec	rev@p16	4	1.90356	0	100	0.30	400
s_lp-num-neg-dec	rev@p32	4	3.83572	0	100	0.30	400
s_lp-num-neg-dec	rev@p48	4	1.88560	0	100	0.30	400
s_lp-num-neg-dec	rev@p64	4	3.82873	0	100	0.30	400
s_lp-num-neg-dec	rev@p80	4	1.89657	0	100	0.30	400
s_lp-num-neg-dec	rev@p96	4	3.83206	0	100	0.30	400
s_lp-num-neg-dec	rev@p112	4	1.88560	0	100	0.30	400
s_lp-num-neg-dec	orig	4	3.83572	0	100	0.30	400
s_lp-num-neg-dec	orig2	4	1.88593	0	100	0.30	400
s_lp-num-neg-dec	null	4	3.83239	0	100	0.30	400
s_lp-num-neg-dec	rev	4	1.90356	0	100	0.30	400
s_lp-num-neg-dec	orig@p32	5	3.83572	0	100	0.30	400
s_lp-num-neg-dec	orig@p48	5	1.94281	0	100	0.30	400
s_lp-num-neg-dec	orig@p64	5	3.93218	0	100	0.30	400
s_lp-num-neg-dec	orig@p80	5	1.93948	0	100	0.30	400
s_lp-num-neg-dec	orig@p96	5	3.93550	0	100	0.30	400
s_lp-num-neg-dec	orig@p112	5	1.88560	0	100	0.30	400
s_lp-num-neg-dec	rev@p16	5	3.87497	0	100	0.30	400
s_lp-num-neg-dec	rev@p32	5	1.88925	0	100	0.30	400
s_lp-num-neg-dec	rev@p48	5	3.82873	0	100	0.30	400
s_lp-num-neg-dec	rev@p64	5	3.83904	0	100	0.30	400
s_lp-num-neg-dec	rev@p80	5	1.88925	0	100	0.30	400
s_lp-num-neg-dec	rev@p96	5	3.82873	0	100	0.30	400
s_lp-num-neg-dec	rev@p112	5	1.88925	0	100	0.30	400
s_lp-num-neg-dec	orig	5	3.83572	0	100	0.30	400
s_lp-num-neg-dec	orig2	5	1.88560	0	100	0.30	400
s_lp-num-neg-dec	null	5	3.82873	0	100	0.30	400
s_lp-num-neg-dec	rev	5	1.88227	0	100	0.30	400
s_lp-num-neg-dec	orig@p16	5	3.83239	0	100	0.30	400
s_lp-num-neg-dec	orig@p48	6	1.93216	0	100	0.30	400
s_lp-num-neg-dec	orig@p64	6	3.93218	0	100	0.30	400
s_lp-num-neg-dec	orig@p80	6	1.93549	0	100	0.30	400
s_lp-num-neg-dec	orig@p96	6	3.93949	0	100	0.30	400
s_lp-num-neg-dec	orig@p112	6	1.88560	0	100	0.30	400
s_lp-num-neg-dec	rev@p16	6	3.84270	0	100	0.30	400
s_lp-num-neg-dec	rev@p32	6	1.90356	0	100	0.30	400
s_lp-num-neg-dec	rev@p48	6	1.88560	0	100	0.30	400
s_lp-num-neg-dec	rev@p64	6	1.88560	0	100	0.30	400
s_lp-num-neg-dec	rev@p80	6	1.88560	0	100	0.30	400
s_lp-num-neg-dec	rev@p96	6	1.88925	0	100	0.30	400
s_lp-num-neg-dec	rev@p112	6	1.89624	0	100	0.30	400
s_lp-num-neg-dec	orig	6	1.88593	0	100	0.30	400
s_lp-num-neg-dec	orig2	6	1.88925	0	100	0.30	400
s_lp-num-neg-dec	null	6	1.88194	0	100	0.30	400
s_lp-num-neg-dec	rev	6	1.88593	0	100	0.30	400
s_lp-num-neg-dec	orig@p16	6	1.88560	0	100	0.30	400
s_lp-num-neg-dec	orig@p32	6	1.88593	0	100	0.30	400
s_lp-num-neg-dec	orig@p64	7	1.93216	0	100	0.30	400
s_lp-num-neg-dec	orig@p80	7	1.93582	0	100	0.30	400
s_lp-num-neg-dec	orig@p96	7	1.93582	0	100	0.30	400
s_lp-num-neg-dec	orig@p112	7	1.88925	0	100	0.30	400
s_lp-num-neg-dec	rev@p16	7	1.88593	0	100	0.30	400
s_lp-num-neg-dec	rev@p32	7	1.88593	0	100	0.30	400
s_lp-num-neg-dec	rev@p48	7	1.88560	0	100	0.30	400
s_lp-num-neg-dec	rev@p64	7	1.90722	0	100	0.30	400
s_lp-num-neg-dec	rev@p80	7	1.89990	0	100	0.30	400
s_lp-num-neg-dec	rev@p96	7	1.88560	0	100	0.30	400
s_lp-num-neg-dec	rev@p112	7	1.88194	0	100	0.30	400
s_lp-num-neg-dec	orig	7	1.88194	0	100	0.30	400
s_lp-num-neg-dec	orig2	7	1.88560	0	100	0.30	400
s_lp-num-neg-dec	null	7	1.88194	0	100	0.30	400
s_lp-num-neg-dec	rev	7	1.88925	0	100	0.30	400
s_lp-num-neg-dec	orig@p16	7	1.88560	0	100	0.30	400
s_lp-num-neg-dec	orig@p32	7	1.88925	0	100	0.30	400
s_lp-num-neg-dec	orig@p48	7	1.93582	0	100	0.30	400
s_lp-num-neg-dec	orig@p80	8	1.93216	0	100	0.30	400
s_lp-num-neg-dec	orig@p96	8	1.94281	0	100	0.30	400
s_lp-num-neg-dec	orig@p112	8	1.88925	0	100	0.30	400
s_lp-num-neg-dec	rev@p16	8	1.89624	0	100	0.30	400
s_lp-num-neg-dec	rev@p32	8	1.89291	0	100	0.30	400
s_lp-num-neg-dec	rev@p48	8	1.88925	0	100	0.30	400
s_lp-num-neg-dec	rev@p64	8	1.88959	0	100	0.30	400
s_lp-num-neg-dec	rev@p80	8	1.88925	0	100	0.30	400
s_lp-num-neg-dec	rev@p96	8	1.88560	0	100	0.30	400
s_lp-num-neg-dec	rev@p112	8	1.88560	0	100	0.30	400
s_lp-num-neg-dec	orig	8	1.89291	0	100	0.30	400
s_lp-num-neg-dec	orig2	8	1.88560	0	100	0.30	400
s_lp-num-neg-dec	null	8	1.88227	0	100	0.30	400
s_lp-num-neg-dec	rev	8	1.89291	0	100	0.30	400
s_lp-num-neg-dec	orig@p16	8	1.88925	0	100	0.30	400
s_lp-num-neg-dec	orig@p32	8	1.88925	0	100	0.30	400
s_lp-num-neg-dec	orig@p48	8	1.94281	0	100	0.30	400
s_lp-num-neg-dec	orig@p64	8	1.94281	0	100	0.30	400
s_lp-num-neg-dec	orig@p96	9	1.93582	0	100	0.30	400
s_lp-num-neg-dec	orig@p112	9	1.88959	0	100	0.30	400
s_lp-num-neg-dec	rev@p16	9	1.88925	0	100	0.30	400
s_lp-num-neg-dec	rev@p32	9	1.88560	0	100	0.30	400
s_lp-num-neg-dec	rev@p48	9	1.88925	0	100	0.30	400
s_lp-num-neg-dec	rev@p64	9	1.88593	0	100	0.30	400
s_lp-num-neg-dec	rev@p80	9	1.88593	0	100	0.30	400
s_lp-num-neg-dec	rev@p96	9	1.89258	0	100	0.30	400
s_lp-num-neg-dec	rev@p112	9	1.88560	0	100	0.30	400
s_lp-num-neg-dec	orig	9	1.88560	0	100	0.30	400
s_lp-num-neg-dec	orig2	9	1.88593	0	100	0.30	400
s_lp-num-neg-dec	null	9	1.88560	0	100	0.30	400
s_lp-num-neg-dec	rev	9	1.88593	0	100	0.30	400
s_lp-num-neg-dec	orig@p16	9	1.88560	0	100	0.30	400
s_lp-num-neg-dec	orig@p32	9	1.88560	0	100	0.30	400
s_lp-num-neg-dec	orig@p48	9	1.94314	0	100	0.30	400
s_lp-num-neg-dec	orig@p64	9	1.94281	0	100	0.30	400
s_lp-num-neg-dec	orig@p80	9	1.93948	0	100	0.30	400
s_lp-num-neg-dec	orig@p112	10	1.88925	0	100	0.30	400
s_lp-num-neg-dec	rev@p16	10	1.89657	0	100	0.30	400
s_lp-num-neg-dec	rev@p32	10	1.88925	0	100	0.30	400
s_lp-num-neg-dec	rev@p48	10	1.88925	0	100	0.30	400
s_lp-num-neg-dec	rev@p64	10	1.88194	0	100	0.30	400
s_lp-num-neg-dec	rev@p80	10	1.88925	0	100	0.30	400
s_lp-num-neg-dec	rev@p96	10	1.88560	0	100	0.30	400
s_lp-num-neg-dec	rev@p112	10	1.88593	0	100	0.30	400
s_lp-num-neg-dec	orig	10	1.88593	0	100	0.30	400
s_lp-num-neg-dec	orig2	10	1.88560	0	100	0.30	400
s_lp-num-neg-dec	null	10	1.88925	0	100	0.30	400
s_lp-num-neg-dec	rev	10	1.88560	0	100	0.30	400
s_lp-num-neg-dec	orig@p16	10	1.88560	0	100	0.30	400
s_lp-num-neg-dec	orig@p32	10	1.88593	0	100	0.30	400
s_lp-num-neg-dec	orig@p48	10	1.93549	0	100	0.30	400
s_lp-num-neg-dec	orig@p64	10	1.93549	0	100	0.30	400
s_lp-num-neg-dec	orig@p80	10	1.93582	0	100	0.30	400
s_lp-num-neg-dec	orig@p96	10	1.93549	0	100	0.30	400
s_lp-quoted	orig	0	1.01532	0	100	0.30	400
s_lp-quoted	orig2	0	1.02499	0	100	0.30	400
s_lp-quoted	null	0	1.01532	0	100	0.30	400
s_lp-quoted	rev	0	1.01532	0	100	0.30	400
s_lp-quoted	orig@p16	0	1.01550	0	100	0.30	400
s_lp-quoted	orig@p32	0	2.09422	0	100	0.30	400
s_lp-quoted	orig@p48	0	0.85950	0	100	0.30	400
s_lp-quoted	orig@p64	0	2.14616	0	100	0.30	400
s_lp-quoted	orig@p80	0	0.85771	0	100	0.30	400
s_lp-quoted	orig@p96	0	1.04039	0	100	0.30	400
s_lp-quoted	orig@p112	0	2.09046	0	100	0.30	400
s_lp-quoted	rev@p16	0	1.01335	0	100	0.30	400
s_lp-quoted	rev@p32	0	2.09422	0	100	0.30	400
s_lp-quoted	rev@p48	0	1.01550	0	100	0.30	400
s_lp-quoted	rev@p64	0	0.83461	0	100	0.30	400
s_lp-quoted	rev@p80	0	1.01550	0	100	0.30	400
s_lp-quoted	rev@p96	0	2.09064	0	100	0.30	400
s_lp-quoted	rev@p112	0	1.01532	0	100	0.30	400
s_lp-quoted	orig2	1	2.09225	0	100	0.30	400
s_lp-quoted	null	1	1.01550	0	100	0.30	400
s_lp-quoted	rev	1	0.83837	0	100	0.30	400
s_lp-quoted	orig@p16	1	1.01729	0	100	0.30	400
s_lp-quoted	orig@p32	1	2.09619	0	100	0.30	400
s_lp-quoted	orig@p48	1	1.04236	0	100	0.30	400
s_lp-quoted	orig@p64	1	0.85771	0	100	0.30	400
s_lp-quoted	orig@p80	1	1.04236	0	100	0.30	400
s_lp-quoted	orig@p96	1	2.14419	0	100	0.30	400
s_lp-quoted	orig@p112	1	1.01532	0	100	0.30	400
s_lp-quoted	rev@p16	1	0.83658	0	100	0.30	400
s_lp-quoted	rev@p32	1	1.01532	0	100	0.30	400
s_lp-quoted	rev@p48	1	2.09225	0	100	0.30	400
s_lp-quoted	rev@p64	1	1.02105	0	100	0.30	400
s_lp-quoted	rev@p80	1	2.09422	0	100	0.30	400
s_lp-quoted	rev@p96	1	1.01729	0	100	0.30	400
s_lp-quoted	rev@p112	1	0.83658	0	100	0.30	400
s_lp-quoted	orig	1	1.01550	0	100	0.30	400
s_lp-quoted	null	2	0.83640	0	100	0.30	400
s_lp-quoted	rev	2	1.01550	0	100	0.30	400
s_lp-quoted	orig@p16	2	2.09225	0	100	0.30	400
s_lp-quoted	orig@p32	2	1.01335	0	100	0.30	400
s_lp-quoted	orig@p48	2	0.85771	0	100	0.30	400
s_lp-quoted	orig@p64	2	1.04236	0	100	0.30	400
s_lp-quoted	orig@p80	2	2.15010	0	100	0.30	400
s_lp-quoted	orig@p96	2	1.04219	0	100	0.30	400
s_lp-quoted	orig@p112	2	0.83658	0	100	0.30	400
s_lp-quoted	rev@p16	2	1.01532	0	100	0.30	400
s_lp-quoted	rev@p32	2	0.83640	0	100	0.30	400
s_lp-quoted	rev@p48	2	1.01926	0	100	0.30	400
s_lp-quoted	rev@p64	2	2.09798	0	100	0.30	400
s_lp-quoted	rev@p80	2	1.01729	0	100	0.30	400
s_lp-quoted	rev@p96	2	2.09225	0	100	0.30	400
s_lp-quoted	rev@p112	2	1.01353	0	100	0.30	400
s_lp-quoted	orig	2	0.83461	0	100	0.30	400
s_lp-quoted	orig2	2	1.01532	0	100	0.30	400
s_lp-quoted	rev	3	0.83837	0	100	0.30	400
s_lp-quoted	orig@p16	3	1.01532	0	100	0.30	400
s_lp-quoted	orig@p32	3	2.09619	0	100	0.30	400
s_lp-quoted	orig@p48	3	1.04236	0	100	0.30	400
s_lp-quoted	orig@p64	3	0.94995	0	100	0.30	400
s_lp-quoted	orig@p80	3	1.04039	0	100	0.30	400
s_lp-quoted	orig@p96	3	2.14222	0	100	0.30	400
s_lp-quoted	orig@p112	3	1.01532	0	100	0.30	400
s_lp-quoted	rev@p16	3	0.83658	0	100	0.30	400
s_lp-quoted	rev@p32	3	1.01532	0	100	0.30	400
s_lp-quoted	rev@p48	3	0.83855	0	100	0.30	400
s_lp-quoted	rev@p64	3	1.01550	0	100	0.30	400
s_lp-quoted	rev@p80	3	2.09225	0	100	0.30	400
s_lp-quoted	rev@p96	3	1.01532	0	100	0.30	400
s_lp-quoted	rev@p112	3	2.09243	0	100	0.30	400
s_lp-quoted	orig	3	1.01532	0	100	0.30	400
s_lp-quoted	orig2	3	0.83658	0	100	0.30	400
s_lp-quoted	null	3	1.01550	0	100	0.30	400
s_lp-quoted	orig@p16	4	0.83640	0	100	0.30	400
s_lp-quoted	orig@p32	4	1.02123	0	100	0.30	400
s_lp-quoted	orig@p48	4	2.14616	0	100	0.30	400
s_lp-quoted	orig@p64	4	1.04219	0	100	0.30	400
s_lp-quoted	orig@p80	4	2.14240	0	100	0.30	400
s_lp-quoted	orig@p96	4	1.04416	0	100	0.30	400
s_lp-quoted	orig@p112	4	2.09064	0	100	0.30	400
s_lp-quoted	rev@p16	4	1.02123	0	100	0.30	400
s_lp-quoted	rev@p32	4	0.83461	0	100	0.30	400
s_lp-quoted	rev@p48	4	1.01335	0	100	0.30	400
s_lp-quoted	rev@p64	4	0.83461	0	100	0.30	400
s_lp-quoted	rev@p80	4	1.01532	0	100	0.30	400
s_lp-quoted	rev@p96	4	2.09064	0	100	0.30	400
s_lp-quoted	rev@p112	4	1.01729	0	100	0.30	400
s_lp-quoted	orig	4	2.09046	0	100	0.30	400
s_lp-quoted	orig2	4	1.02105	0	100	0.30	400
s_lp-quoted	null	4	2.09225	0	100	0.30	400
s_lp-quoted	rev	4	1.01550	0	100	0.30	400
s_lp-quoted	orig@p32	5	0.83658	0	100	0.30	400
s_lp-quoted	orig@p48	5	1.04219	0	100	0.30	400
s_lp-quoted	orig@p64	5	2.15386	0	100	0.30	400
s_lp-quoted	orig@p80	5	1.04236	0	100	0.30	400
s_lp-quoted	orig@p96	5	0.85771	0	100	0.30	400
s_lp-quoted	orig@p112	5	1.01729	0	100	0.30	400
s_lp-quoted	rev@p16	5	0.83461	0	100	0.30	400
s_lp-quoted	rev@p32	5	1.01532	0	100	0.30	400
s_lp-quoted	rev@p48	5	2.09028	0	100	0.30	400
s_lp-quoted	rev@p64	5	1.01729	0	100	0.30	400
s_lp-quoted	rev@p80	5	0.83461	0	100	0.30	400
s_lp-quoted	rev@p96	5	1.01729	0	100	0.30	400
s_lp-quoted	rev@p112	5	2.09798	0	100	0.30	400
s_lp-quoted	orig	5	1.01729	0	100	0.30	400
s_lp-quoted	orig2	5	0.83855	0	100	0.30	400
s_lp-quoted	null	5	1.01532	0	100	0.30	400
s_lp-quoted	rev	5	2.09422	0	100	0.30	400
s_lp-quoted	orig@p16	5	1.01532	0	100	0.30	400
s_lp-quoted	orig@p48	6	0.85950	0	100	0.30	400
s_lp-quoted	orig@p64	6	1.04236	0	100	0.30	400
s_lp-quoted	orig@p80	6	2.14616	0	100	0.30	400
s_lp-quoted	orig@p96	6	1.04236	0	100	0.30	400
s_lp-quoted	orig@p112	6	0.83461	0	100	0.30	400
s_lp-quoted	rev@p16	6	1.01729	0	100	0.30	400
s_lp-quoted	rev@p32	6	2.09225	0	100	0.30	400
s_lp-quoted	rev@p48	6	2.78089	0	100	0.30	400
s_lp-quoted	rev@p64	6	0.83640	0	100	0.30	400
s_lp-quoted	rev@p80	6	1.02123	0	100	0.30	400
s_lp-quoted	rev@p96	6	2.09046	0	100	0.30	400
s_lp-quoted	rev@p112	6	1.01532	0	100	0.30	400
s_lp-quoted	orig	6	2.09225	0	100	0.30	400
s_lp-quoted	orig2	6	1.01532	0	100	0.30	400
s_lp-quoted	null	6	0.83658	0	100	0.30	400
s_lp-quoted	rev	6	1.02499	0	100	0.30	400
s_lp-quoted	orig@p16	6	2.09028	0	100	0.30	400
s_lp-quoted	orig@p32	6	1.01532	0	100	0.30	400
s_lp-quoted	orig@p64	7	2.14813	0	100	0.30	400
s_lp-quoted	orig@p80	7	1.04613	0	100	0.30	400
s_lp-quoted	orig@p96	7	0.85950	0	100	0.30	400
s_lp-quoted	orig@p112	7	1.02105	0	100	0.30	400
s_lp-quoted	rev@p16	7	0.83461	0	100	0.30	400
s_lp-quoted	rev@p32	7	1.02105	0	100	0.30	400
s_lp-quoted	rev@p48	7	2.09243	0	100	0.30	400
s_lp-quoted	rev@p64	7	1.01550	0	100	0.30	400
s_lp-quoted	rev@p80	7	2.09046	0	100	0.30	400
s_lp-quoted	rev@p96	7	1.01532	0	100	0.30	400
s_lp-quoted	rev@p112	7	0.83640	0	100	0.30	400
s_lp-quoted	orig	7	1.01532	0	100	0.30	400
s_lp-quoted	orig2	7	2.09046	0	100	0.30	400
s_lp-quoted	null	7	1.01550	0	100	0.30	400
s_lp-quoted	rev	7	2.09046	0	100	0.30	400
s_lp-quoted	orig@p16	7	1.01532	0	100	0.30	400
s_lp-quoted	orig@p32	7	2.09225	0	100	0.30	400
s_lp-quoted	orig@p48	7	1.04219	0	100	0.30	400
s_lp-quoted	orig@p80	8	2.14419	0	100	0.30	400
s_lp-quoted	orig@p96	8	1.04219	0	100	0.30	400
s_lp-quoted	orig@p112	8	0.84052	0	100	0.30	400
s_lp-quoted	rev@p16	8	1.01729	0	100	0.30	400
s_lp-quoted	rev@p32	8	2.06145	0	100	0.30	400
s_lp-quoted	rev@p48	8	1.01747	0	100	0.30	400
s_lp-quoted	rev@p64	8	2.06342	0	100	0.30	400
s_lp-quoted	rev@p80	8	1.01747	0	100	0.30	400
s_lp-quoted	rev@p96	8	2.06342	0	100	0.30	400
s_lp-quoted	rev@p112	8	1.01926	0	100	0.30	400
s_lp-quoted	orig	8	2.07309	0	100	0.30	400
s_lp-quoted	orig2	8	1.01532	0	100	0.30	400
s_lp-quoted	null	8	2.06539	0	100	0.30	400
s_lp-quoted	rev	8	1.01729	0	100	0.30	400
s_lp-quoted	orig@p16	8	2.06145	0	100	0.30	400
s_lp-quoted	orig@p32	8	3.57126	0	100	0.30	400
s_lp-quoted	orig@p48	8	2.11536	0	100	0.30	400
s_lp-quoted	orig@p64	8	1.04236	0	100	0.30	400
s_lp-quoted	orig@p96	9	1.08266	0	100	0.30	400
s_lp-quoted	orig@p112	9	2.07130	0	100	0.30	400
s_lp-quoted	rev@p16	9	1.01729	0	100	0.30	400
s_lp-quoted	rev@p32	9	2.06360	0	100	0.30	400
s_lp-quoted	rev@p48	9	1.01729	0	100	0.30	400
s_lp-quoted	rev@p64	9	2.06342	0	100	0.30	400
s_lp-quoted	rev@p80	9	1.01908	0	100	0.30	400
s_lp-quoted	rev@p96	9	2.06915	0	100	0.30	400
s_lp-quoted	rev@p112	9	1.01729	0	100	0.30	400
s_lp-quoted	orig	9	2.06342	0	100	0.30	400
s_lp-quoted	orig2	9	1.01747	0	100	0.30	400
s_lp-quoted	null	9	2.06933	0	100	0.30	400
s_lp-quoted	rev	9	1.01532	0	100	0.30	400
s_lp-quoted	orig@p16	9	1.01729	0	100	0.30	400
s_lp-quoted	orig@p32	9	1.04416	0	100	0.30	400
s_lp-quoted	orig@p48	9	1.04236	0	100	0.30	400
s_lp-quoted	orig@p64	9	1.04236	0	100	0.30	400
s_lp-quoted	orig@p80	9	1.04236	0	100	0.30	400
s_lp-quoted	orig@p112	10	2.06342	0	100	0.30	400
s_lp-quoted	rev@p16	10	1.01926	0	100	0.30	400
s_lp-quoted	rev@p32	10	2.06539	0	100	0.30	400
s_lp-quoted	rev@p48	10	1.02105	0	100	0.30	400
s_lp-quoted	rev@p64	10	2.06539	0	100	0.30	400
s_lp-quoted	rev@p80	10	1.02517	0	100	0.30	400
s_lp-quoted	rev@p96	10	2.06163	0	100	0.30	400
s_lp-quoted	rev@p112	10	1.01353	0	100	0.30	400
s_lp-quoted	orig	10	2.06163	0	100	0.30	400
s_lp-quoted	orig2	10	1.01532	0	100	0.30	400
s_lp-quoted	null	10	2.06539	0	100	0.30	400
s_lp-quoted	rev	10	1.01550	0	100	0.30	400
s_lp-quoted	orig@p16	10	2.06539	0	100	0.30	400
s_lp-quoted	orig@p32	10	1.02499	0	100	0.30	400
s_lp-quoted	orig@p48	10	2.11912	0	100	0.30	400
s_lp-quoted	orig@p64	10	1.04219	0	100	0.30	400
s_lp-quoted	orig@p80	10	1.04613	0	100	0.30	400
s_lp-quoted	orig@p96	10	2.12324	0	100	0.30	400
s_lp-quoted-escaped	orig	0	0.84838	0	100	0.30	400
s_lp-quoted-escaped	orig2	0	1.70476	0	100	0.30	400
s_lp-quoted-escaped	null	0	0.84852	0	100	0.30	400
s_lp-quoted-escaped	rev	0	1.70010	0	100	0.30	400
s_lp-quoted-escaped	orig@p16	0	0.85158	0	100	0.30	400
s_lp-quoted-escaped	orig@p32	0	1.69835	0	100	0.30	400
s_lp-quoted-escaped	orig@p48	0	0.87020	0	100	0.30	400
s_lp-quoted-escaped	orig@p64	0	1.74055	0	100	0.30	400
s_lp-quoted-escaped	orig@p80	0	0.87501	0	100	0.30	400
s_lp-quoted-escaped	orig@p96	0	1.74376	0	100	0.30	400
s_lp-quoted-escaped	orig@p112	0	1.70461	0	100	0.30	400
s_lp-quoted-escaped	rev@p16	0	1.70316	0	100	0.30	400
s_lp-quoted-escaped	rev@p32	0	0.84998	0	100	0.30	400
s_lp-quoted-escaped	rev@p48	0	1.69995	0	100	0.30	400
s_lp-quoted-escaped	rev@p64	0	0.84998	0	100	0.30	400
s_lp-quoted-escaped	rev@p80	0	1.69835	0	100	0.30	400
s_lp-quoted-escaped	rev@p96	0	0.84998	0	100	0.30	400
s_lp-quoted-escaped	rev@p112	0	0.84998	0	100	0.30	400
s_lp-quoted-escaped	orig2	1	0.67957	0	100	0.30	400
s_lp-quoted-escaped	null	1	0.84852	0	100	0.30	400
s_lp-quoted-escaped	rev	1	0.84998	0	100	0.30	400
s_lp-quoted-escaped	orig@p16	1	0.84852	0	100	0.30	400
s_lp-quoted-escaped	orig@p32	1	0.68118	0	100	0.30	400
s_lp-quoted-escaped	orig@p48	1	0.87195	0	100	0.30	400
s_lp-quoted-escaped	orig@p64	1	0.87181	0	100	0.30	400
s_lp-quoted-escaped	orig@p80	1	2.58908	0	100	0.30	400
s_lp-quoted-escaped	orig@p96	1	0.87341	0	100	0.30	400
s_lp-quoted-escaped	orig@p112	1	0.67957	0	100	0.30	400
s_lp-quoted-escaped	rev@p16	1	0.84998	0	100	0.30	400
s_lp-quoted-escaped	rev@p32	1	0.84998	0	100	0.30	400
s_lp-quoted-escaped	rev@p48	1	1.69995	0	100	0.30	400
s_lp-quoted-escaped	rev@p64	1	0.84838	0	100	0.30	400
s_lp-quoted-escaped	rev@p80	1	0.67812	0	100	0.30	400
s_lp-quoted-escaped	rev@p96	1	0.68118	0	100	0.30	400
s_lp-quoted-escaped	rev@p112	1	1.70476	0	100	0.30	400
s_lp-quoted-escaped	orig	1	0.84838	0	100	0.30	400
s_lp-quoted-escaped	null	2	0.84998	0	100	0.30	400
s_lp-quoted-escaped	rev	2	0.85158	0	100	0.30	400
s_lp-quoted-escaped	orig@p16	2	0.67957	0	100	0.30	400
s_lp-quoted-escaped	orig@p32	2	0.82495	0	100	0.30	400
s_lp-quoted-escaped	orig@p48	2	0.69689	0	100	0.30	400
s_lp-quoted-escaped	orig@p64	2	0.84692	0	100	0.30	400
s_lp-quoted-escaped	orig@p80	2	1.74376	0	100	0.30	400
s_lp-quoted-escaped	orig@p96	2	0.84692	0	100	0.30	400
s_lp-quoted-escaped	orig@p112	2	0.84998	0	100	0.30	400
s_lp-quoted-escaped	rev@p16	2	1.81739	0	100	0.30	400
s_lp-quoted-escaped	rev@p32	2	0.84838	0	100	0.30	400
s_lp-quoted-escaped	rev@p48	2	0.82509	0	100	0.30	400
s_lp-quoted-escaped	rev@p64	2	0.68903	0	100	0.30	400
s_lp-quoted-escaped	rev@p80	2	0.82655	0	100	0.30	400
s_lp-quoted-escaped	rev@p96	2	0.82495	0	100	0.30	400
s_lp-quoted-escaped	rev@p112	2	0.85158	0	100	0.30	400
s_lp-quoted-escaped	orig	2	1.81724	0	100	0.30	400
s_lp-quoted-escaped	orig2	2	1.70156	0	100	0.30	400
s_lp-quoted-escaped	rev	3	0.82655	0	100	0.30	400
s_lp-quoted-escaped	orig@p16	3	2.34068	0	100	0.30	400
s_lp-quoted-escaped	orig@p32	3	0.82800	0	100	0.30	400
s_lp-quoted-escaped	orig@p48	3	0.69689	0	100	0.30	400
s_lp-quoted-escaped	orig@p64	3	1.86730	0	100	0.30	400
s_lp-quoted-escaped	orig@p80	3	0.87020	0	100	0.30	400
s_lp-quoted-escaped	orig@p96	3	0.84532	0	100	0.30	400
s_lp-quoted-escaped	orig@p112	3	1.70476	0	100	0.30	400
s_lp-quoted-escaped	rev@p16	3	1.81564	0	100	0.30	400
s_lp-quoted-escaped	rev@p32	3	0.85784	0	100	0.30	400
s_lp-quoted-escaped	rev@p48	3	0.82509	0	100	0.30	400
s_lp-quoted-escaped	rev@p64	3	0.67972	0	100	0.30	400
s_lp-quoted-escaped	rev@p80	3	1.82190	0	100	0.30	400
s_lp-quoted-escaped	rev@p96	3	1.70010	0	100	0.30	400
s_lp-quoted-escaped	rev@p112	3	0.82669	0	100	0.30	400
s_lp-quoted-escaped	orig	3	0.85012	0	100	0.30	400
s_lp-quoted-escaped	orig2	3	0.82495	0	100	0.30	400
s_lp-quoted-escaped	null	3	0.67957	0	100	0.30	400
s_lp-quoted-escaped	orig@p16	4	1.81564	0	100	0.30	400
s_lp-quoted-escaped	orig@p32	4	0.84998	0	100	0.30	400
s_lp-quoted-escaped	orig@p48	4	0.86249	0	100	0.30	400
s_lp-quoted-escaped	orig@p64	4	0.70155	0	100	0.30	400
s_lp-quoted-escaped	orig@p80	4	0.84998	0	100	0.30	400
s_lp-quoted-escaped	orig@p96	4	1.74376	0	100	0.30	400
s_lp-quoted-escaped	orig@p112	4	1.81404	0	100	0.30	400
s_lp-quoted-escaped	rev@p16	4	0.85478	0	100	0.30	400
s_lp-quoted-escaped	rev@p32	4	0.82495	0	100	0.30	400
s_lp-quoted-escaped	rev@p48	4	1.08121	0	100	0.30	400
s_lp-quoted-escaped	rev@p64	4	0.82655	0	100	0.30	400
s_lp-quoted-escaped	rev@p80	4	0.68132	0	100	0.30	400
s_lp-quoted-escaped	rev@p96	4	1.81710	0	100	0.30	400
s_lp-quoted-escaped	rev@p112	4	1.69675	0	100	0.30	400
s_lp-quoted-escaped	orig	4	0.82960	0	100	0.30	400
s_lp-quoted-escaped	orig2	4	0.84998	0	100	0.30	400
s_lp-quoted-escaped	null	4	0.82495	0	100	0.30	400
s_lp-quoted-escaped	rev	4	0.67972	0	100	0.30	400
s_lp-quoted-escaped	orig@p32	5	1.81870	0	100	0.30	400
s_lp-quoted-escaped	orig@p48	5	1.74376	0	100	0.30	400
s_lp-quoted-escaped	orig@p64	5	0.84678	0	100	0.30	400
s_lp-quoted-escaped	orig@p80	5	0.87035	0	100	0.30	400
s_lp-quoted-escaped	orig@p96	5	0.84678	0	100	0.30	400
s_lp-quoted-escaped	orig@p112	5	0.67972	0	100	0.30	400
s_lp-quoted-escaped	rev@p16	5	1.81404	0	100	0.30	400
s_lp-quoted-escaped	rev@p32	5	1.69690	0	100	0.30	400
s_lp-quoted-escaped	rev@p48	5	0.82960	0	100	0.30	400
s_lp-quoted-escaped	rev@p64	5	0.84852	0	100	0.30	400
s_lp-quoted-escaped	rev@p80	5	0.82655	0	100	0.30	400
s_lp-quoted-escaped	rev@p96	5	0.68132	0	100	0.30	400
s_lp-quoted-escaped	rev@p112	5	1.81404	0	100	0.30	400
s_lp-quoted-escaped	orig	5	1.69544	0	100	0.30	400
s_lp-quoted-escaped	orig2	5	0.82495	0	100	0.30	400
s_lp-quoted-escaped	null	5	0.84852	0	100	0.30	400
s_lp-quoted-escaped	rev	5	0.82495	0	100	0.30	400
s_lp-quoted-escaped	orig@p16	5	0.68278	0	100	0.30	400
s_lp-quoted-escaped	orig@p48	6	1.86250	0	100	0.30	400
s_lp-quoted-escaped	orig@p64	6	1.74216	0	100	0.30	400
s_lp-quoted-escaped	orig@p80	6	0.84838	0	100	0.30	400
s_lp-quoted-escaped	orig@p96	6	0.87035	0	100	0.30	400
s_lp-quoted-escaped	orig@p112	6	0.82655	0	100	0.30	400
s_lp-quoted-escaped	rev@p16	6	0.67972	0	100	0.30	400
s_lp-quoted-escaped	rev@p32	6	1.81244	0	100	0.30	400
s_lp-quoted-escaped	rev@p48	6	0.84838	0	100	0.30	400
s_lp-quoted-escaped	rev@p64	6	0.82335	0	100	0.30	400
s_lp-quoted-escaped	rev@p80	6	1.69835	0	100	0.30	400
s_lp-quoted-escaped	rev@p96	6	0.82509	0	100	0.30	400
s_lp-quoted-escaped	rev@p112	6	0.84998	0	100	0.30	400
s_lp-quoted-escaped	orig	6	1.81884	0	100	0.30	400
s_lp-quoted-escaped	orig2	6	0.68118	0	100	0.30	400
s_lp-quoted-escaped	null	6	0.82655	0	100	0.30	400
s_lp-quoted-escaped	rev	6	1.70316	0	100	0.30	400
s_lp-quoted-escaped	orig@p16	6	0.82815	0	100	0.30	400
s_lp-quoted-escaped	orig@p32	6	0.85158	0	100	0.30	400
s_lp-quoted-escaped	orig@p64	7	1.86104	0	100	0.30	400
s_lp-quoted-escaped	orig@p80	7	0.69689	0	100	0.30	400
s_lp-quoted-escaped	orig@p96	7	0.84692	0	100	0.30	400
s_lp-quoted-escaped	orig@p112	7	1.69850	0	100	0.30	400
s_lp-quoted-escaped	rev@p16	7	0.82655	0	100	0.30	400
s_lp-quoted-escaped	rev@p32	7	0.84838	0	100	0.30	400
s_lp-quoted-escaped	rev@p48	7	1.82030	0	100	0.30	400
s_lp-quoted-escaped	rev@p64	7	0.84998	0	100	0.30	400
s_lp-quoted-escaped	rev@p80	7	0.82975	0	100	0.30	400
s_lp-quoted-escaped	rev@p96	7	0.68118	0	100	0.30	400
s_lp-quoted-escaped	rev@p112	7	0.82495	0	100	0.30	400
s_lp-quoted-escaped	orig	7	0.84852	0	100	0.30	400
s_lp-quoted-escaped	orig2	7	1.81724	0	100	0.30	400
s_lp-quoted-escaped	null	7	1.69995	0	100	0.30	400
s_lp-quoted-escaped	rev	7	0.82495	0	100	0.30	400
s_lp-quoted-escaped	orig@p16	7	0.84838	0	100	0.30	400
s_lp-quoted-escaped	orig@p32	7	0.82495	0	100	0.30	400
s_lp-quoted-escaped	orig@p48	7	0.69675	0	100	0.30	400
s_lp-quoted-escaped	orig@p80	8	1.85944	0	100	0.30	400
s_lp-quoted-escaped	orig@p96	8	0.87035	0	100	0.30	400
s_lp-quoted-escaped	orig@p112	8	0.84998	0	100	0.30	400
s_lp-quoted-escaped	rev@p16	8	0.82815	0	100	0.30	400
s_lp-quoted-escaped	rev@p32	8	1.70636	0	100	0.30	400
s_lp-quoted-escaped	rev@p48	8	0.82509	0	100	0.30	400
s_lp-quoted-escaped	rev@p64	8	0.84998	0	100	0.30	400
s_lp-quoted-escaped	rev@p80	8	1.81579	0	100	0.30	400
s_lp-quoted-escaped	rev@p96	8	0.68132	0	100	0.30	400
s_lp-quoted-escaped	rev@p112	8	0.82509	0	100	0.30	400
s_lp-quoted-escaped	orig	8	0.85012	0	100	0.30	400
s_lp-quoted-escaped	orig2	8	0.82495	0	100	0.30	400
s_lp-quoted-escaped	null	8	1.70010	0	100	0.30	400
s_lp-quoted-escaped	rev	8	3.98592	0	100	0.30	400
s_lp-quoted-escaped	orig@p16	8	0.67972	0	100	0.30	400
s_lp-quoted-escaped	orig@p32	8	0.82655	0	100	0.30	400
s_lp-quoted-escaped	orig@p48	8	0.87181	0	100	0.30	400
s_lp-quoted-escaped	orig@p64	8	0.84692	0	100	0.30	400
s_lp-quoted-escaped	orig@p96	9	0.69849	0	100	0.30	400
s_lp-quoted-escaped	orig@p112	9	1.81564	0	100	0.30	400
s_lp-quoted-escaped	rev@p16	9	1.69530	0	100	0.30	400
s_lp-quoted-escaped	rev@p32	9	0.82975	0	100	0.30	400
s_lp-quoted-escaped	rev@p48	9	0.84998	0	100	0.30	400
s_lp-quoted-escaped	rev@p64	9	0.82495	0	100	0.30	400
s_lp-quoted-escaped	rev@p80	9	0.67972	0	100	0.30	400
s_lp-quoted-escaped	rev@p96	9	1.81550	0	100	0.30	400
s_lp-quoted-escaped	rev@p112	9	1.70010	0	100	0.30	400
s_lp-quoted-escaped	orig	9	0.82495	0	100	0.30	400
s_lp-quoted-escaped	orig2	9	0.85158	0	100	0.30	400
s_lp-quoted-escaped	null	9	0.82495	0	100	0.30	400
s_lp-quoted-escaped	rev	9	0.67972	0	100	0.30	400
s_lp-quoted-escaped	orig@p16	9	1.81564	0	100	0.30	400
s_lp-quoted-escaped	orig@p32	9	0.84852	0	100	0.30	400
s_lp-quoted-escaped	orig@p48	9	0.84692	0	100	0.30	400
s_lp-quoted-escaped	orig@p64	9	1.74055	0	100	0.30	400
s_lp-quoted-escaped	orig@p80	9	0.87035	0	100	0.30	400
s_lp-quoted-escaped	orig@p112	10	0.85012	0	100	0.30	400
s_lp-quoted-escaped	rev@p16	10	1.81710	0	100	0.30	400
s_lp-quoted-escaped	rev@p32	10	0.67972	0	100	0.30	400
s_lp-quoted-escaped	rev@p48	10	0.82975	0	100	0.30	400
s_lp-quoted-escaped	rev@p64	10	1.70316	0	100	0.30	400
s_lp-quoted-escaped	rev@p80	10	0.82349	0	100	0.30	400
s_lp-quoted-escaped	rev@p96	10	0.85143	0	100	0.30	400
s_lp-quoted-escaped	rev@p112	10	1.81884	0	100	0.30	400
s_lp-quoted-escaped	orig	10	0.67972	0	100	0.30	400
s_lp-quoted-escaped	orig2	10	0.82509	0	100	0.30	400
s_lp-quoted-escaped	null	10	1.69690	0	100	0.30	400
s_lp-quoted-escaped	rev	10	0.82495	0	100	0.30	400
s_lp-quoted-escaped	orig@p16	10	0.84838	0	100	0.30	400
s_lp-quoted-escaped	orig@p32	10	1.81884	0	100	0.30	400
s_lp-quoted-escaped	orig@p48	10	0.84678	0	100	0.30	400
s_lp-quoted-escaped	orig@p64	10	1.86395	0	100	0.30	400
s_lp-quoted-escaped	orig@p80	10	1.86090	0	100	0.30	400
s_lp-quoted-escaped	orig@p96	10	2.22819	0	100	0.30	400
s_lp-syslog	orig	0	0.24194	0	100	0.30	400
s_lp-syslog	orig2	0	0.24198	0	100	0.30	400
s_lp-syslog	null	0	0.53302	0	100	0.30	400
s_lp-syslog	rev	0	0.24867	0	100	0.30	400
s_lp-syslog	orig@p16	0	0.53347	0	100	0.30	400
s_lp-syslog	orig@p32	0	0.24863	0	100	0.30	400
s_lp-syslog	orig@p48	0	0.25495	0	100	0.30	400
s_lp-syslog	orig@p64	0	0.25491	0	100	0.30	400
s_lp-syslog	orig@p80	0	0.57501	0	100	0.30	400
s_lp-syslog	orig@p96	0	0.25491	0	100	0.30	400
s_lp-syslog	orig@p112	0	0.57409	0	100	0.30	400
s_lp-syslog	rev@p16	0	0.25000	0	100	0.30	400
s_lp-syslog	rev@p32	0	0.54645	0	100	0.30	400
s_lp-syslog	rev@p48	0	0.24243	0	100	0.30	400
s_lp-syslog	rev@p64	0	0.24243	0	100	0.30	400
s_lp-syslog	rev@p80	0	0.53393	0	100	0.30	400
s_lp-syslog	rev@p96	0	0.24243	0	100	0.30	400
s_lp-syslog	rev@p112	0	0.24198	0	100	0.30	400
s_lp-syslog	orig2	1	0.24239	0	100	0.30	400
s_lp-syslog	null	1	0.53306	0	100	0.30	400
s_lp-syslog	rev	1	0.24867	0	100	0.30	400
s_lp-syslog	orig@p16	1	0.53389	0	100	0.30	400
s_lp-syslog	orig@p32	1	0.24239	0	100	0.30	400
s_lp-syslog	orig@p48	1	0.54732	0	100	0.30	400
s_lp-syslog	orig@p64	1	0.25491	0	100	0.30	400
s_lp-syslog	orig@p80	1	0.25491	0	100	0.30	400
s_lp-syslog	orig@p96	1	0.25445	0	100	0.30	400
s_lp-syslog	orig@p112	1	3.97903	0	100	0.30	400
s_lp-syslog	rev@p16	1	0.24821	0	100	0.30	400
s_lp-syslog	rev@p32	1	0.24867	0	100	0.30	400
s_lp-syslog	rev@p48	1	0.53485	0	100	0.30	400
s_lp-syslog	rev@p64	1	0.24239	0	100	0.30	400
s_lp-syslog	rev@p80	1	0.53393	0	100	0.30	400
s_lp-syslog	rev@p96	1	0.24239	0	100	0.30	400
s_lp-syslog	rev@p112	1	0.53347	0	100	0.30	400
s_lp-syslog	orig	1	0.24243	0	100	0.30	400
s_lp-syslog	null	2	0.24243	0	100	0.30	400
s_lp-syslog	rev	2	0.54732	0	100	0.30	400
s_lp-syslog	orig@p16	2	0.24198	0	100	0.30	400
s_lp-syslog	orig@p32	2	0.53302	0	100	0.30	400
s_lp-syslog	orig@p48	2	0.24913	0	100	0.30	400
s_lp-syslog	orig@p64	2	0.25445	0	100	0.30	400
s_lp-syslog	orig@p80	2	0.54911	0	100	0.30	400
s_lp-syslog	orig@p96	2	0.25449	0	100	0.30	400
s_lp-syslog	orig@p112	2	0.57455	0	100	0.30	400
s_lp-syslog	rev@p16	2	0.24863	0	100	0.30	400
s_lp-syslog	rev@p32	2	0.54732	0	100	0.30	400
s_lp-syslog	rev@p48	2	0.24243	0	100	0.30	400
s_lp-syslog	rev@p64	2	0.53214	0	100	0.30	400
s_lp-syslog	rev@p80	2	0.24239	0	100	0.30	400
s_lp-syslog	rev@p96	2	0.24285	0	100	0.30	400
s_lp-syslog	rev@p112	2	0.24239	0	100	0.30	400
s_lp-syslog	orig	2	0.53347	0	100	0.30	400
s_lp-syslog	orig2	2	0.24913	0	100	0.30	400
s_lp-syslog	rev	3	0.20489	0	100	0.30	400
s_lp-syslog	orig@p16	3	0.24913	0	100	0.30	400
s_lp-syslog	orig@p32	3	0.19998	0	100	0.30	400
s_lp-syslog	orig@p48	3	0.21163	0	100	0.30	400
s_lp-syslog	orig@p64	3	0.52366	0	100	0.30	400
s_lp-syslog	orig@p80	3	0.52499	0	100	0.30	400
s_lp-syslog	orig@p96	3	0.51389	0	100	0.30	400
s_lp-syslog	orig@p112	3	0.21520	0	100	0.30	400
s_lp-syslog	rev@p16	3	0.20448	0	100	0.30	400
s_lp-syslog	rev@p32	3	0.20672	0	100	0.30	400
s_lp-syslog	rev@p48	3	0.19998	0	100	0.30	400
s_lp-syslog	rev@p64	3	0.49863	0	100	0.30	400
s_lp-syslog	rev@p80	3	0.19953	0	100	0.30	400
s_lp-syslog	rev@p96	3	0.50000	0	100	0.30	400
s_lp-syslog	rev@p112	3	0.49909	0	100	0.30	400
s_lp-syslog	orig	3	0.19957	0	100	0.30	400
s_lp-syslog	orig2	3	0.49913	0	100	0.30	400
s_lp-syslog	null	3	0.49822	0	100	0.30	400
s_lp-syslog	orig@p16	4	0.19957	0	100	0.30	400
s_lp-syslog	orig@p32	4	0.49867	0	100	0.30	400
s_lp-syslog	orig@p48	4	0.20938	0	100	0.30	400
s_lp-syslog	orig@p64	4	0.21163	0	100	0.30	400
s_lp-syslog	orig@p80	4	0.52412	0	100	0.30	400
s_lp-syslog	orig@p96	4	0.52453	0	100	0.30	400
s_lp-syslog	orig@p112	4	0.21516	0	100	0.30	400
s_lp-syslog	rev@p16	4	0.51426	0	100	0.30	400
s_lp-syslog	rev@p32	4	0.51160	0	100	0.30	400
s_lp-syslog	rev@p48	4	0.20136	0	100	0.30	400
s_lp-syslog	rev@p64	4	0.49913	0	100	0.30	400
s_lp-syslog	rev@p80	4	0.20003	0	100	0.30	400
s_lp-syslog	rev@p96	4	0.19957	0	100	0.30	400
s_lp-syslog	rev@p112	4	0.49867	0	100	0.30	400
s_lp-syslog	orig	4	0.49198	0	100	0.30	400
s_lp-syslog	orig2	4	0.49955	0	100	0.30	400
s_lp-syslog	null	4	0.66070	0	100	0.30	400
s_lp-syslog	rev	4	0.20535	0	100	0.30	400
s_lp-syslog	orig@p32	5	0.49240	0	100	0.30	400
s_lp-syslog	orig@p48	5	0.51742	0	100	0.30	400
s_lp-syslog	orig@p64	5	0.51252	0	100	0.30	400
s_lp-syslog	orig@p80	5	0.50670	0	100	0.30	400
s_lp-syslog	orig@p96	5	0.52503	0	100	0.30	400
s_lp-syslog	orig@p112	5	0.53035	0	100	0.30	400
s_lp-syslog	rev@p16	5	0.44911	0	100	0.30	400
s_lp-syslog	rev@p32	5	0.44911	0	100	0.30	400
s_lp-syslog	rev@p48	5	0.43751	0	100	0.30	400
s_lp-syslog	rev@p64	5	0.43747	0	100	0.30	400
s_lp-syslog	rev@p80	5	0.43793	0	100	0.30	400
s_lp-syslog	rev@p96	5	0.43793	0	100	0.30	400
s_lp-syslog	rev@p112	5	0.43793	0	100	0.30	400
s_lp-syslog	orig	5	0.43793	0	100	0.30	400
s_lp-syslog	orig2	5	0.43884	0	100	0.30	400
s_lp-syslog	null	5	0.43843	0	100	0.30	400
s_lp-syslog	rev	5	0.44911	0	100	0.30	400
s_lp-syslog	orig@p16	5	0.43747	0	100	0.30	400
s_lp-syslog	orig@p48	6	0.45984	0	100	0.30	400
s_lp-syslog	orig@p64	6	0.45984	0	100	0.30	400
s_lp-syslog	orig@p80	6	0.46071	0	100	0.30	400
s_lp-syslog	orig@p96	6	0.45942	0	100	0.30	400
s_lp-syslog	orig@p112	6	0.47186	0	100	0.30	400
s_lp-syslog	rev@p16	6	0.44999	0	100	0.30	400
s_lp-syslog	rev@p32	6	0.44911	0	100	0.30	400
s_lp-syslog	rev@p48	6	0.43843	0	100	0.30	400
s_lp-syslog	rev@p64	6	0.43747	0	100	0.30	400
s_lp-syslog	rev@p80	6	0.43884	0	100	0.30	400
s_lp-syslog	rev@p96	6	0.43793	0	100	0.30	400
s_lp-syslog	rev@p112	6	0.43839	0	100	0.30	400
s_lp-syslog	orig	6	0.44999	0	100	0.30	400
s_lp-syslog	orig2	6	0.43706	0	100	0.30	400
s_lp-syslog	null	6	0.43926	0	100	0.30	400
s_lp-syslog	rev	6	0.44999	0	100	0.30	400
s_lp-syslog	orig@p16	6	0.43797	0	100	0.30	400
s_lp-syslog	orig@p32	6	0.43793	0	100	0.30	400
s_lp-syslog	orig@p64	7	0.46026	0	100	0.30	400
s_lp-syslog	orig@p80	7	0.46204	0	100	0.30	400
s_lp-syslog	orig@p96	7	1.18710	0	100	0.30	400
s_lp-syslog	orig@p112	7	0.47140	0	100	0.30	400
s_lp-syslog	rev@p16	7	0.45044	0	100	0.30	400
s_lp-syslog	rev@p32	7	0.44866	0	100	0.30	400
s_lp-syslog	rev@p48	7	0.43706	0	100	0.30	400
s_lp-syslog	rev@p64	7	0.43751	0	100	0.30	400
s_lp-syslog	rev@p80	7	0.43793	0	100	0.30	400
s_lp-syslog	rev@p96	7	0.43793	0	100	0.30	400
s_lp-syslog	rev@p112	7	0.43706	0	100	0.30	400
s_lp-syslog	orig	7	0.43797	0	100	0.30	400
s_lp-syslog	orig2	7	0.43793	0	100	0.30	400
s_lp-syslog	null	7	0.43839	0	100	0.30	400
s_lp-syslog	rev	7	0.45086	0	100	0.30	400
s_lp-syslog	orig@p16	7	0.43706	0	100	0.30	400
s_lp-syslog	orig@p32	7	1.57813	0	100	0.30	400
s_lp-syslog	orig@p48	7	0.46026	0	100	0.30	400
s_lp-syslog	orig@p80	8	0.44957	0	100	0.30	400
s_lp-syslog	orig@p96	8	0.46071	0	100	0.30	400
s_lp-syslog	orig@p112	8	1.29778	0	100	0.30	400
s_lp-syslog	rev@p16	8	0.44911	0	100	0.30	400
s_lp-syslog	rev@p32	8	0.44907	0	100	0.30	400
s_lp-syslog	rev@p48	8	0.43747	0	100	0.30	400
s_lp-syslog	rev@p64	8	0.43839	0	100	0.30	400
s_lp-syslog	rev@p80	8	0.43930	0	100	0.30	400
s_lp-syslog	rev@p96	8	0.43797	0	100	0.30	400
s_lp-syslog	rev@p112	8	0.43751	0	100	0.30	400
s_lp-syslog	orig	8	0.45044	0	100	0.30	400
s_lp-syslog	orig2	8	0.43884	0	100	0.30	400
s_lp-syslog	null	8	0.43797	0	100	0.30	400
s_lp-syslog	rev	8	0.45177	0	100	0.30	400
s_lp-syslog	orig@p16	8	0.43839	0	100	0.30	400
s_lp-syslog	orig@p32	8	0.43839	0	100	0.30	400
s_lp-syslog	orig@p48	8	0.46071	0	100	0.30	400
s_lp-syslog	orig@p64	8	0.46030	0	100	0.30	400
s_lp-syslog	orig@p96	9	0.25491	0	100	0.30	400
s_lp-syslog	orig@p112	9	0.47148	0	100	0.30	400
s_lp-syslog	rev@p16	9	0.54686	0	100	0.30	400
s_lp-syslog	rev@p32	9	0.96741	0	100	0.30	400
s_lp-syslog	rev@p48	9	0.24198	0	100	0.30	400
s_lp-syslog	rev@p64	9	0.43747	0	100	0.30	400
s_lp-syslog	rev@p80	9	0.24243	0	100	0.30	400
s_lp-syslog	rev@p96	9	0.43797	0	100	0.30	400
s_lp-syslog	rev@p112	9	0.43747	0	100	0.30	400
s_lp-syslog	orig	9	0.24327	0	100	0.30	400
s_lp-syslog	orig2	9	0.43797	0	100	0.30	400
s_lp-syslog	null	9	0.24331	0	100	0.30	400
s_lp-syslog	rev	9	0.44911	0	100	0.30	400
s_lp-syslog	orig@p16	9	0.24289	0	100	0.30	400
s_lp-syslog	orig@p32	9	0.43797	0	100	0.30	400
s_lp-syslog	orig@p48	9	0.24909	0	100	0.30	400
s_lp-syslog	orig@p64	9	0.44953	0	100	0.30	400
s_lp-syslog	orig@p80	9	0.25491	0	100	0.30	400
s_lp-syslog	orig@p112	10	0.47277	0	100	0.30	400
s_lp-syslog	rev@p16	10	0.24826	0	100	0.30	400
s_lp-syslog	rev@p32	10	0.45086	0	100	0.30	400
s_lp-syslog	rev@p48	10	0.24243	0	100	0.30	400
s_lp-syslog	rev@p64	10	0.43793	0	100	0.30	400
s_lp-syslog	rev@p80	10	0.24239	0	100	0.30	400
s_lp-syslog	rev@p96	10	0.24239	0	100	0.30	400
s_lp-syslog	rev@p112	10	0.24239	0	100	0.30	400
s_lp-syslog	orig	10	0.24243	0	100	0.30	400
s_lp-syslog	orig2	10	0.24243	0	100	0.30	400
s_lp-syslog	null	10	0.24198	0	100	0.30	400
s_lp-syslog	rev	10	0.24909	0	100	0.30	400
s_lp-syslog	orig@p16	10	0.24239	0	100	0.30	400
s_lp-syslog	orig@p32	10	0.24285	0	100	0.30	400
s_lp-syslog	orig@p48	10	0.25445	0	100	0.30	400
s_lp-syslog	orig@p64	10	0.25495	0	100	0.30	400
s_lp-syslog	orig@p80	10	0.25537	0	100	0.30	400
s_lp-syslog	orig@p96	10	0.25491	0	100	0.30	400
s_lp-winpath	orig	0	0.60007	0	100	0.30	400
s_lp-winpath	orig2	0	0.60335	0	100	0.30	400
s_lp-winpath	null	0	0.60113	0	100	0.30	400
s_lp-winpath	rev	0	0.59880	0	100	0.30	400
s_lp-winpath	orig@p16	0	0.59890	0	100	0.30	400
s_lp-winpath	orig@p32	0	0.60007	0	100	0.30	400
s_lp-winpath	orig@p48	0	0.61711	0	100	0.30	400
s_lp-winpath	orig@p64	0	0.61478	0	100	0.30	400
s_lp-winpath	orig@p80	0	0.61700	0	100	0.30	400
s_lp-winpath	orig@p96	0	0.61584	0	100	0.30	400
s_lp-winpath	orig@p112	0	0.59880	0	100	0.30	400
s_lp-winpath	rev@p16	0	0.60007	0	100	0.30	400
s_lp-winpath	rev@p32	0	0.60113	0	100	0.30	400
s_lp-winpath	rev@p48	0	0.59880	0	100	0.30	400
s_lp-winpath	rev@p64	0	0.60113	0	100	0.30	400
s_lp-winpath	rev@p80	0	0.59996	0	100	0.30	400
s_lp-winpath	rev@p96	0	0.60007	0	100	0.30	400
s_lp-winpath	rev@p112	0	0.60007	0	100	0.30	400
s_lp-winpath	orig2	1	0.60568	0	100	0.30	400
s_lp-winpath	null	1	0.60007	0	100	0.30	400
s_lp-winpath	rev	1	0.59996	0	100	0.30	400
s_lp-winpath	orig@p16	1	0.60007	0	100	0.30	400
s_lp-winpath	orig@p32	1	1.55795	0	100	0.30	400
s_lp-winpath	orig@p48	1	0.61594	0	100	0.30	400
s_lp-winpath	orig@p64	1	0.63182	0	100	0.30	400
s_lp-winpath	orig@p80	1	0.61700	0	100	0.30	400
s_lp-winpath	orig@p96	1	0.61594	0	100	0.30	400
s_lp-winpath	orig@p112	1	0.60113	0	100	0.30	400
s_lp-winpath	rev@p16	1	0.59996	0	100	0.30	400
s_lp-winpath	rev@p32	1	0.60007	0	100	0.30	400
s_lp-winpath	rev@p48	1	0.60113	0	100	0.30	400
s_lp-winpath	rev@p64	1	0.59890	0	100	0.30	400
s_lp-winpath	rev@p80	1	0.60113	0	100	0.30	400
s_lp-winpath	rev@p96	1	0.60007	0	100	0.30	400
s_lp-winpath	rev@p112	1	1.32280	0	100	0.30	400
s_lp-winpath	orig	1	0.60462	0	100	0.30	400
s_lp-winpath	null	2	0.60345	0	100	0.30	400
s_lp-winpath	rev	2	1.32385	0	100	0.30	400
s_lp-winpath	orig@p16	2	0.59996	0	100	0.30	400
s_lp-winpath	orig@p32	2	0.59996	0	100	0.30	400
s_lp-winpath	orig@p48	2	1.35687	0	100	0.30	400
s_lp-winpath	orig@p64	2	0.61711	0	100	0.30	400
s_lp-winpath	orig@p80	2	1.35793	0	100	0.30	400
s_lp-winpath	orig@p96	2	0.61700	0	100	0.30	400
s_lp-winpath	orig@p112	2	0.60007	0	100	0.30	400
s_lp-winpath	rev@p16	2	1.32153	0	100	0.30	400
s_lp-winpath	rev@p32	2	0.60007	0	100	0.30	400
s_lp-winpath	rev@p48	2	0.60229	0	100	0.30	400
s_lp-winpath	rev@p64	2	0.59996	0	100	0.30	400
s_lp-winpath	rev@p80	2	1.32280	0	100	0.30	400
s_lp-winpath	rev@p96	2	0.60113	0	100	0.30	400
s_lp-winpath	rev@p112	2	0.59996	0	100	0.30	400
s_lp-winpath	orig	2	0.59996	0	100	0.30	400
s_lp-winpath	orig2	2	1.32047	0	100	0.30	400
s_lp-winpath	rev	3	0.59996	0	100	0.30	400
s_lp-winpath	orig@p16	3	1.38524	0	100	0.30	400
s_lp-winpath	orig@p32	3	1.32163	0	100	0.30	400
s_lp-winpath	orig@p48	3	0.61594	0	100	0.30	400
s_lp-winpath	orig@p64	3	0.61584	0	100	0.30	400
s_lp-winpath	orig@p80	3	0.61594	0	100	0.30	400
s_lp-winpath	orig@p96	3	1.35571	0	100	0.30	400
s_lp-winpath	orig@p112	3	0.60229	0	100	0.30	400
s_lp-winpath	rev@p16	3	0.59880	0	100	0.30	400
s_lp-winpath	rev@p32	3	1.32047	0	100	0.30	400
s_lp-winpath	rev@p48	3	0.60113	0	100	0.30	400
s_lp-winpath	rev@p64	3	0.59996	0	100	0.30	400
s_lp-winpath	rev@p80	3	0.59996	0	100	0.30	400
s_lp-winpath	rev@p96	3	1.32385	0	100	0.30	400
s_lp-winpath	rev@p112	3	0.59880	0	100	0.30	400
s_lp-winpath	orig	3	1.32047	0	100	0.30	400
s_lp-winpath	orig2	3	0.60113	0	100	0.30	400
s_lp-winpath	null	3	1.32269	0	100	0.30	400
s_lp-winpath	orig@p16	4	0.59996	0	100	0.30	400
s_lp-winpath	orig@p32	4	1.32036	0	100	0.30	400
s_lp-winpath	orig@p48	4	0.62494	0	100	0.30	400
s_lp-winpath	orig@p64	4	1.35560	0	100	0.30	400
s_lp-winpath	orig@p80	4	0.61594	0	100	0.30	400
s_lp-winpath	orig@p96	4	0.76252	0	100	0.30	400
s_lp-winpath	orig@p112	4	0.60113	0	100	0.30	400
s_lp-winpath	rev@p16	4	0.49318	0	100	0.30	400
s_lp-winpath	rev@p32	4	0.59996	0	100	0.30	400
s_lp-winpath	rev@p48	4	1.23527	0	100	0.30	400
s_lp-winpath	rev@p64	4	1.32047	0	100	0.30	400
s_lp-winpath	rev@p80	4	0.61817	0	100	0.30	400
s_lp-winpath	rev@p96	4	0.59996	0	100	0.30	400
s_lp-winpath	rev@p112	4	0.49434	0	100	0.30	400
s_lp-winpath	orig	4	1.31814	0	100	0.30	400
s_lp-winpath	orig2	4	0.49434	0	100	0.30	400
s_lp-winpath	null	4	1.32269	0	100	0.30	400
s_lp-winpath	rev	4	1.23517	0	100	0.30	400
s_lp-winpath	orig@p32	5	0.59880	0	100	0.30	400
s_lp-winpath	orig@p48	5	0.63404	0	100	0.30	400
s_lp-winpath	orig@p64	5	0.63415	0	100	0.30	400
s_lp-winpath	orig@p80	5	1.35455	0	100	0.30	400
s_lp-winpath	orig@p96	5	0.50567	0	100	0.30	400
s_lp-winpath	orig@p112	5	1.32047	0	100	0.30	400
s_lp-winpath	rev@p16	5	1.23411	0	100	0.30	400
s_lp-winpath	rev@p32	5	0.59996	0	100	0.30	400
s_lp-winpath	rev@p48	5	0.49434	0	100	0.30	400
s_lp-winpath	rev@p64	5	1.32047	0	100	0.30	400
s_lp-winpath	rev@p80	5	0.49434	0	100	0.30	400
s_lp-winpath	rev@p96	5	1.32163	0	100	0.30	400
s_lp-winpath	rev@p112	5	3.64772	0	100	0.30	400
s_lp-winpath	orig	5	0.59890	0	100	0.30	400
s_lp-winpath	orig2	5	0.49434	0	100	0.30	400
s_lp-winpath	null	5	1.32047	0	100	0.30	400
s_lp-winpath	rev	5	0.49551	0	100	0.30	400
s_lp-winpath	orig@p16	5	1.32385	0	100	0.30	400
s_lp-winpath	orig@p48	6	1.26935	0	100	0.30	400
s_lp-winpath	orig@p64	6	0.61711	0	100	0.30	400
s_lp-winpath	orig@p80	6	0.50683	0	100	0.30	400
s_lp-winpath	orig@p96	6	1.36015	0	100	0.30	400
s_lp-winpath	orig@p112	6	0.49434	0	100	0.30	400
s_lp-winpath	rev@p16	6	1.31824	0	100	0.30	400
s_lp-winpath	rev@p32	6	0.49424	0	100	0.30	400
s_lp-winpath	rev@p48	6	1.32735	0	100	0.30	400
s_lp-winpath	rev@p64	6	0.49318	0	100	0.30	400
s_lp-winpath	rev@p80	6	0.59996	0	100	0.30	400
s_lp-winpath	rev@p96	6	1.23633	0	100	0.30	400
s_lp-winpath	rev@p112	6	1.32036	0	100	0.30	400
s_lp-winpath	orig	6	0.49434	0	100	0.30	400
s_lp-winpath	orig2	6	1.32618	0	100	0.30	400
s_lp-winpath	null	6	0.49424	0	100	0.30	400
s_lp-winpath	rev	6	0.59880	0	100	0.30	400
s_lp-winpath	orig@p16	6	1.23633	0	100	0.30	400
s_lp-winpath	orig@p32	6	1.32047	0	100	0.30	400
s_lp-winpath	orig@p64	7	0.50683	0	100	0.30	400
s_lp-winpath	orig@p80	7	1.35571	0	100	0.30	400
s_lp-winpath	orig@p96	7	0.50672	0	100	0.30	400
s_lp-winpath	orig@p112	7	0.60007	0	100	0.30	400
s_lp-winpath	rev@p16	7	0.49434	0	100	0.30	400
s_lp-winpath	rev@p32	7	1.32396	0	100	0.30	400
s_lp-winpath	rev@p48	7	1.23305	0	100	0.30	400
s_lp-winpath	rev@p64	7	1.32385	0	100	0.30	400
s_lp-winpath	rev@p80	7	1.24310	0	100	0.30	400
s_lp-winpath	rev@p96	7	0.60113	0	100	0.30	400
s_lp-winpath	rev@p112	7	0.49540	0	100	0.30	400
s_lp-winpath	orig	7	1.32174	0	100	0.30	400
s_lp-winpath	orig2	7	0.49773	0	100	0.30	400
s_lp-winpath	null	7	1.32163	0	100	0.30	400
s_lp-winpath	rev	7	0.49540	0	100	0.30	400
s_lp-winpath	orig@p16	7	0.60113	0	100	0.30	400
s_lp-winpath	orig@p32	7	1.23527	0	100	0.30	400
s_lp-winpath	orig@p48	7	1.35455	0	100	0.30	400
s_lp-winpath	orig@p80	8	0.50799	0	100	0.30	400
s_lp-winpath	orig@p96	8	1.35571	0	100	0.30	400
s_lp-winpath	orig@p112	8	0.49656	0	100	0.30	400
s_lp-winpath	rev@p16	8	0.59996	0	100	0.30	400
s_lp-winpath	rev@p32	8	0.49995	0	100	0.30	400
s_lp-winpath	rev@p48	8	1.32735	0	100	0.30	400
s_lp-winpath	rev@p64	8	0.49551	0	100	0.30	400
s_lp-winpath	rev@p80	8	1.32047	0	100	0.30	400
s_lp-winpath	rev@p96	8	1.23527	0	100	0.30	400
s_lp-winpath	rev@p112	8	0.60007	0	100	0.30	400
s_lp-winpath	orig	8	0.61933	0	100	0.30	400
s_lp-winpath	orig2	8	2.92615	0	100	0.30	400
s_lp-winpath	null	8	1.23633	0	100	0.30	400
s_lp-winpath	rev	8	1.32047	0	100	0.30	400
s_lp-winpath	orig@p16	8	0.49434	0	100	0.30	400
s_lp-winpath	orig@p32	8	1.32385	0	100	0.30	400
s_lp-winpath	orig@p48	8	1.26819	0	100	0.30	400
s_lp-winpath	orig@p64	8	1.35793	0	100	0.30	400
s_lp-winpath	orig@p96	9	1.26924	0	100	0.30	400
s_lp-winpath	orig@p112	9	1.23633	0	100	0.30	400
s_lp-winpath	rev@p16	9	1.31708	0	100	0.30	400
s_lp-winpath	rev@p32	9	0.49995	0	100	0.30	400
s_lp-winpath	rev@p48	9	1.32036	0	100	0.30	400
s_lp-winpath	rev@p64	9	1.32047	0	100	0.30	400
s_lp-winpath	rev@p80	9	1.23855	0	100	0.30	400
s_lp-winpath	rev@p96	9	1.32047	0	100	0.30	400
s_lp-winpath	rev@p112	9	1.23517	0	100	0.30	400
s_lp-winpath	orig	9	0.49424	0	100	0.30	400
s_lp-winpath	orig2	9	1.22046	0	100	0.30	400
s_lp-winpath	null	9	1.23644	0	100	0.30	400
s_lp-winpath	rev	9	1.22162	0	100	0.30	400
s_lp-winpath	orig@p16	9	1.22395	0	100	0.30	400
s_lp-winpath	orig@p32	9	1.08414	0	100	0.30	400
s_lp-winpath	orig@p48	9	1.11261	0	100	0.30	400
s_lp-winpath	orig@p64	9	1.11018	0	100	0.30	400
s_lp-winpath	orig@p80	9	1.12044	0	100	0.30	400
s_lp-winpath	orig@p112	10	1.08869	0	100	0.30	400
s_lp-winpath	rev@p16	10	1.08414	0	100	0.30	400
s_lp-winpath	rev@p32	10	1.08637	0	100	0.30	400
s_lp-winpath	rev@p48	10	1.08404	0	100	0.30	400
s_lp-winpath	rev@p64	10	1.08531	0	100	0.30	400
s_lp-winpath	rev@p80	10	1.08298	0	100	0.30	400
s_lp-winpath	rev@p96	10	1.08414	0	100	0.30	400
s_lp-winpath	rev@p112	10	1.08298	0	100	0.30	400
s_lp-winpath	orig	10	1.08637	0	100	0.30	400
s_lp-winpath	orig2	10	1.08404	0	100	0.30	400
s_lp-winpath	null	10	1.08414	0	100	0.30	400
s_lp-winpath	rev	10	1.08414	0	100	0.30	400
s_lp-winpath	orig@p16	10	1.08414	0	100	0.30	400
s_lp-winpath	orig@p32	10	1.08298	0	100	0.30	400
s_lp-winpath	orig@p48	10	1.11251	0	100	0.30	400
s_lp-winpath	orig@p64	10	1.11251	0	100	0.30	400
s_lp-winpath	orig@p80	10	1.13060	0	100	0.30	400
s_lp-winpath	orig@p96	10	1.11134	0	100	0.30	400
s_lp-winpath-reserved	orig	0	0.99477	0	100	0.30	400
s_lp-winpath-reserved	orig2	0	0.99273	0	100	0.30	400
s_lp-winpath-reserved	null	0	0.99263	0	100	0.30	400
s_lp-winpath-reserved	rev	0	0.99584	0	100	0.30	400
s_lp-winpath-reserved	orig@p16	0	1.02184	0	100	0.30	400
s_lp-winpath-reserved	orig@p32	0	0.99370	0	100	0.30	400
s_lp-winpath-reserved	orig@p48	0	1.02087	0	100	0.30	400
s_lp-winpath-reserved	orig@p64	0	1.01980	0	100	0.30	400
s_lp-winpath-reserved	orig@p80	0	1.01873	0	100	0.30	400
s_lp-winpath-reserved	orig@p96	0	1.03028	0	100	0.30	400
s_lp-winpath-reserved	orig@p112	0	0.99477	0	100	0.30	400
s_lp-winpath-reserved	rev@p16	0	0.99380	0	100	0.30	400
s_lp-winpath-reserved	rev@p32	0	0.99263	0	100	0.30	400
s_lp-winpath-reserved	rev@p48	0	0.99477	0	100	0.30	400
s_lp-winpath-reserved	rev@p64	0	0.99166	0	100	0.30	400
s_lp-winpath-reserved	rev@p80	0	0.99477	0	100	0.30	400
s_lp-winpath-reserved	rev@p96	0	0.99273	0	100	0.30	400
s_lp-winpath-reserved	rev@p112	0	0.99380	0	100	0.30	400
s_lp-winpath-reserved	orig2	1	0.99797	0	100	0.30	400
s_lp-winpath-reserved	null	1	0.99370	0	100	0.30	400
s_lp-winpath-reserved	rev	1	0.99477	0	100	0.30	400
s_lp-winpath-reserved	orig@p16	1	0.99273	0	100	0.30	400
s_lp-winpath-reserved	orig@p32	1	0.99273	0	100	0.30	400
s_lp-winpath-reserved	orig@p48	1	1.01873	0	100	0.30	400
s_lp-winpath-reserved	orig@p64	1	1.04163	0	100	0.30	400
s_lp-winpath-reserved	orig@p80	1	1.01970	0	100	0.30	400
s_lp-winpath-reserved	orig@p96	1	1.01980	0	100	0.30	400
s_lp-winpath-reserved	orig@p112	1	0.99681	0	100	0.30	400
s_lp-winpath-reserved	rev@p16	1	0.99273	0	100	0.30	400
s_lp-winpath-reserved	rev@p32	1	0.99477	0	100	0.30	400
s_lp-winpath-reserved	rev@p48	1	0.99584	0	100	0.30	400
s_lp-winpath-reserved	rev@p64	1	0.99263	0	100	0.30	400
s_lp-winpath-reserved	rev@p80	1	0.99273	0	100	0.30	400
s_lp-winpath-reserved	rev@p96	1	0.99370	0	100	0.30	400
s_lp-winpath-reserved	rev@p112	1	1.75215	0	100	0.30	400
s_lp-winpath-reserved	orig	1	0.99477	0	100	0.30	400
s_lp-winpath-reserved	null	2	0.99584	0	100	0.30	400
s_lp-winpath-reserved	rev	2	0.99487	0	100	0.30	400
s_lp-winpath-reserved	orig@p16	2	0.99690	0	100	0.30	400
s_lp-winpath-reserved	orig@p32	2	0.99477	0	100	0.30	400
s_lp-winpath-reserved	orig@p48	2	1.02077	0	100	0.30	400
s_lp-winpath-reserved	orig@p64	2	1.03018	0	100	0.30	400
s_lp-winpath-reserved	orig@p80	2	1.02184	0	100	0.30	400
s_lp-winpath-reserved	orig@p96	2	1.01776	0	100	0.30	400
s_lp-winpath-reserved	orig@p112	2	0.99380	0	100	0.30	400
s_lp-winpath-reserved	rev@p16	2	0.99690	0	100	0.30	400
s_lp-winpath-reserved	rev@p32	2	0.99380	0	100	0.30	400
s_lp-winpath-reserved	rev@p48	2	0.99370	0	100	0.30	400
s_lp-winpath-reserved	rev@p64	2	0.99370	0	100	0.30	400
s_lp-winpath-reserved	rev@p80	2	2.84694	0	100	0.30	400
s_lp-winpath-reserved	rev@p96	2	0.99370	0	100	0.30	400
s_lp-winpath-reserved	rev@p112	2	0.99370	0	100	0.30	400
s_lp-winpath-reserved	orig	2	0.99263	0	100	0.30	400
s_lp-winpath-reserved	orig2	2	0.99477	0	100	0.30	400
s_lp-winpath-reserved	rev	3	0.99690	0	100	0.30	400
s_lp-winpath-reserved	orig@p16	3	0.99477	0	100	0.30	400
s_lp-winpath-reserved	orig@p32	3	0.99370	0	100	0.30	400
s_lp-winpath-reserved	orig@p48	3	1.01776	0	100	0.30	400
s_lp-winpath-reserved	orig@p64	3	1.02397	0	100	0.43	400
s_lp-winpath-reserved	orig@p80	3	1.16561	0	100	0.43	400
s_lp-winpath-reserved	orig@p96	3	1.01980	0	100	0.43	400
s_lp-winpath-reserved	orig@p112	3	1.13243	0	100	0.43	400
s_lp-winpath-reserved	rev@p16	3	0.99273	0	100	0.43	400
s_lp-winpath-reserved	rev@p32	3	0.45208	0	100	0.43	400
s_lp-winpath-reserved	rev@p48	3	0.99477	0	100	0.43	400
s_lp-winpath-reserved	rev@p64	3	0.56665	0	100	0.43	400
s_lp-winpath-reserved	rev@p80	3	0.99370	0	100	0.43	400
s_lp-winpath-reserved	rev@p96	3	0.56568	0	100	0.43	400
s_lp-winpath-reserved	rev@p112	3	0.99584	0	100	0.43	400
s_lp-winpath-reserved	orig	3	0.45315	0	100	0.43	400
s_lp-winpath-reserved	orig2	3	0.99370	0	100	0.43	400
s_lp-winpath-reserved	null	3	1.13340	0	100	0.43	400
s_lp-winpath-reserved	orig@p16	4	0.99380	0	100	0.43	400
s_lp-winpath-reserved	orig@p32	4	0.45208	0	100	0.43	400
s_lp-winpath-reserved	orig@p48	4	1.01776	0	100	0.43	400
s_lp-winpath-reserved	orig@p64	4	1.16250	0	100	0.43	400
s_lp-winpath-reserved	orig@p80	4	1.02184	0	100	0.43	400
s_lp-winpath-reserved	orig@p96	4	0.46353	0	100	0.43	400
s_lp-winpath-reserved	orig@p112	4	0.99584	0	100	0.43	400
s_lp-winpath-reserved	rev@p16	4	0.45315	0	100	0.43	400
s_lp-winpath-reserved	rev@p32	4	0.99477	0	100	0.43	400
s_lp-winpath-reserved	rev@p48	4	1.13127	0	100	0.43	400
s_lp-winpath-reserved	rev@p64	4	0.99380	0	100	0.43	400
s_lp-winpath-reserved	rev@p80	4	1.13224	0	100	0.43	400
s_lp-winpath-reserved	rev@p96	4	0.99380	0	100	0.43	400
s_lp-winpath-reserved	rev@p112	4	0.45412	0	100	0.43	400
s_lp-winpath-reserved	orig	4	0.99370	0	100	0.43	400
s_lp-winpath-reserved	orig2	4	0.45839	0	100	0.43	400
s_lp-winpath-reserved	null	4	0.99487	0	100	0.43	400
s_lp-winpath-reserved	rev	4	1.13233	0	100	0.43	400
s_lp-winpath-reserved	orig@p32	5	0.99176	0	100	0.43	400
s_lp-winpath-reserved	orig@p48	5	0.46459	0	100	0.43	400
s_lp-winpath-reserved	orig@p64	5	1.02077	0	100	0.43	400
s_lp-winpath-reserved	orig@p80	5	0.46459	0	100	0.43	400
s_lp-winpath-reserved	orig@p96	5	1.01970	0	100	0.43	400
s_lp-winpath-reserved	orig@p112	5	0.45315	0	100	0.43	400
s_lp-winpath-reserved	rev@p16	5	0.99487	0	100	0.43	400
s_lp-winpath-reserved	rev@p32	5	1.13330	0	100	0.43	400
s_lp-winpath-reserved	rev@p48	5	0.99787	0	100	0.43	400
s_lp-winpath-reserved	rev@p64	5	0.45315	0	100	0.43	400
s_lp-winpath-reserved	rev@p80	5	0.99380	0	100	0.43	400
s_lp-winpath-reserved	rev@p96	5	1.13747	0	100	0.43	400
s_lp-winpath-reserved	rev@p112	5	0.99380	0	100	0.43	400
s_lp-winpath-reserved	orig	5	0.45412	0	100	0.43	400
s_lp-winpath-reserved	orig2	5	0.99380	0	100	0.43	400
s_lp-winpath-reserved	null	5	0.45421	0	100	0.43	400
s_lp-winpath-reserved	rev	5	0.99477	0	100	0.43	400
s_lp-winpath-reserved	orig@p16	5	0.45305	0	100	0.43	400
s_lp-winpath-reserved	orig@p48	6	1.01766	0	100	0.43	400
s_lp-winpath-reserved	orig@p64	6	1.16464	0	100	0.43	400
s_lp-winpath-reserved	orig@p80	6	1.01980	0	100	0.43	400
s_lp-winpath-reserved	orig@p96	6	1.16668	0	100	0.43	400
s_lp-winpath-reserved	orig@p112	6	0.99681	0	100	0.43	400
s_lp-winpath-reserved	rev@p16	6	0.45315	0	100	0.43	400
s_lp-winpath-reserved	rev@p32	6	0.99273	0	100	0.43	400
s_lp-winpath-reserved	rev@p48	6	0.45936	0	100	0.43	400
s_lp-winpath-reserved	rev@p64	6	0.99690	0	100	0.43	400
s_lp-winpath-reserved	rev@p80	6	1.13233	0	100	0.43	400
s_lp-winpath-reserved	rev@p96	6	2.65728	0	100	0.43	400
s_lp-winpath-reserved	rev@p112	6	1.13330	0	100	0.43	400
s_lp-winpath-reserved	orig	6	0.99477	0	100	0.43	400
s_lp-winpath-reserved	orig2	6	1.11768	0	100	0.43	400
s_lp-winpath-reserved	null	6	1.11992	0	100	0.43	400
s_lp-winpath-reserved	rev	6	0.99273	0	100	0.43	400
s_lp-winpath-reserved	orig@p16	6	0.99584	0	100	0.43	400
s_lp-winpath-reserved	orig@p32	6	0.99263	0	100	0.43	400
s_lp-winpath-reserved	orig@p64	7	1.02184	0	100	0.43	400
s_lp-winpath-reserved	orig@p80	7	1.01980	0	100	0.43	400
s_lp-winpath-reserved	orig@p96	7	1.01970	0	100	0.43	400
s_lp-winpath-reserved	orig@p112	7	0.99370	0	100	0.43	400
s_lp-winpath-reserved	rev@p16	7	0.99380	0	100	0.43	400
s_lp-winpath-reserved	rev@p32	7	0.99380	0	100	0.43	400
s_lp-winpath-reserved	rev@p48	7	0.99370	0	100	0.43	400
s_lp-winpath-reserved	rev@p64	7	0.99477	0	100	0.43	400
s_lp-winpath-reserved	rev@p80	7	0.99273	0	100	0.43	400
s_lp-winpath-reserved	rev@p96	7	1.77291	0	100	0.43	400
s_lp-winpath-reserved	rev@p112	7	0.99380	0	100	0.43	400
s_lp-winpath-reserved	orig	7	0.99584	0	100	0.43	400
s_lp-winpath-reserved	orig2	7	0.99370	0	100	0.43	400
s_lp-winpath-reserved	null	7	0.99370	0	100	0.43	400
s_lp-winpath-reserved	rev	7	0.99380	0	100	0.43	400
s_lp-winpath-reserved	orig@p16	7	0.99380	0	100	0.43	400
s_lp-winpath-reserved	orig@p32	7	0.99273	0	100	0.43	400
s_lp-winpath-reserved	orig@p48	7	1.01980	0	100	0.43	400
s_lp-winpath-reserved	orig@p80	8	1.01970	0	100	0.43	400
s_lp-winpath-reserved	orig@p96	8	1.01980	0	100	0.43	400
s_lp-winpath-reserved	orig@p112	8	0.99584	0	100	0.43	400
s_lp-winpath-reserved	rev@p16	8	0.99380	0	100	0.43	400
s_lp-winpath-reserved	rev@p32	8	0.99477	0	100	0.43	400
s_lp-winpath-reserved	rev@p48	8	0.99166	0	100	0.43	400
s_lp-winpath-reserved	rev@p64	8	0.99273	0	100	0.43	400
s_lp-winpath-reserved	rev@p80	8	0.99370	0	100	0.43	400
s_lp-winpath-reserved	rev@p96	8	0.99584	0	100	0.43	400
s_lp-winpath-reserved	rev@p112	8	0.99273	0	100	0.43	400
s_lp-winpath-reserved	orig	8	0.99273	0	100	0.43	400
s_lp-winpath-reserved	orig2	8	0.99370	0	100	0.43	400
s_lp-winpath-reserved	null	8	0.99370	0	100	0.43	400
s_lp-winpath-reserved	rev	8	0.99370	0	100	0.43	400
s_lp-winpath-reserved	orig@p16	8	0.99584	0	100	0.43	400
s_lp-winpath-reserved	orig@p32	8	0.99370	0	100	0.43	400
s_lp-winpath-reserved	orig@p48	8	1.01766	0	100	0.43	400
s_lp-winpath-reserved	orig@p64	8	1.02921	0	100	0.43	400
s_lp-winpath-reserved	orig@p96	9	1.01980	0	100	0.43	400
s_lp-winpath-reserved	orig@p112	9	0.99370	0	100	0.43	400
s_lp-winpath-reserved	rev@p16	9	0.99370	0	100	0.43	400
s_lp-winpath-reserved	rev@p32	9	0.99380	0	100	0.43	400
s_lp-winpath-reserved	rev@p48	9	0.99370	0	100	0.43	400
s_lp-winpath-reserved	rev@p64	9	0.99263	0	100	0.43	400
s_lp-winpath-reserved	rev@p80	9	1.00001	0	100	0.43	400
s_lp-winpath-reserved	rev@p96	9	0.99380	0	100	0.43	400
s_lp-winpath-reserved	rev@p112	9	0.99584	0	100	0.43	400
s_lp-winpath-reserved	orig	9	0.99273	0	100	0.43	400
s_lp-winpath-reserved	orig2	9	0.99477	0	100	0.43	400
s_lp-winpath-reserved	null	9	0.99477	0	100	0.43	400
s_lp-winpath-reserved	rev	9	0.99263	0	100	0.43	400
s_lp-winpath-reserved	orig@p16	9	0.99477	0	100	0.43	400
s_lp-winpath-reserved	orig@p32	9	0.99477	0	100	0.43	400
s_lp-winpath-reserved	orig@p48	9	1.02300	0	100	0.43	400
s_lp-winpath-reserved	orig@p64	9	1.02077	0	100	0.43	400
s_lp-winpath-reserved	orig@p80	9	1.01980	0	100	0.43	400
s_lp-winpath-reserved	orig@p112	10	0.99477	0	100	0.43	400
s_lp-winpath-reserved	rev@p16	10	0.99370	0	100	0.43	400
s_lp-winpath-reserved	rev@p32	10	0.99584	0	100	0.43	400
s_lp-winpath-reserved	rev@p48	10	0.99370	0	100	0.43	400
s_lp-winpath-reserved	rev@p64	10	0.99681	0	100	0.43	400
s_lp-winpath-reserved	rev@p80	10	0.99477	0	100	0.43	400
s_lp-winpath-reserved	rev@p96	10	0.99370	0	100	0.43	400
s_lp-winpath-reserved	rev@p112	10	0.99477	0	100	0.43	400
s_lp-winpath-reserved	orig	10	0.99370	0	100	0.43	400
s_lp-winpath-reserved	orig2	10	0.99477	0	100	0.43	400
s_lp-winpath-reserved	null	10	0.99263	0	100	0.43	400
s_lp-winpath-reserved	rev	10	1.01990	0	100	0.43	400
s_lp-winpath-reserved	orig@p16	10	0.99787	0	100	0.43	400
s_lp-winpath-reserved	orig@p32	10	0.99894	0	100	0.43	400
s_lp-winpath-reserved	orig@p48	10	1.01873	0	100	0.43	400
s_lp-winpath-reserved	orig@p64	10	1.01980	0	100	0.43	400
s_lp-winpath-reserved	orig@p80	10	1.02087	0	100	0.43	400
s_lp-winpath-reserved	orig@p96	10	1.02087	0	100	0.43	400
s_nu-high-byte	orig	0	11.91278	0	100	0.43	400
s_nu-high-byte	orig2	0	11.91278	0	100	0.43	400
s_nu-high-byte	null	0	11.95003	0	100	0.43	400
s_nu-high-byte	rev	0	11.91278	0	100	0.43	400
s_nu-high-byte	orig@p16	0	11.91278	0	100	0.43	400
s_nu-high-byte	orig@p32	0	11.92559	0	100	0.43	400
s_nu-high-byte	orig@p48	0	12.22477	0	100	0.43	400
s_nu-high-byte	orig@p64	0	12.23758	0	100	0.43	400
s_nu-high-byte	orig@p80	0	12.22477	0	100	0.43	400
s_nu-high-byte	orig@p96	0	12.33770	0	100	0.43	400
s_nu-high-byte	orig@p112	0	11.93723	0	100	0.43	400
s_nu-high-byte	rev@p16	0	12.00009	0	100	0.43	400
s_nu-high-byte	rev@p32	0	11.95003	0	100	0.43	400
s_nu-high-byte	rev@p48	0	11.91162	0	100	0.43	400
s_nu-high-byte	rev@p64	0	11.95003	0	100	0.43	400
s_nu-high-byte	rev@p80	0	11.92559	0	100	0.43	400
s_nu-high-byte	rev@p96	0	11.91278	0	100	0.43	400
s_nu-high-byte	rev@p112	0	11.91162	0	100	0.43	400
s_nu-high-byte	orig2	1	11.91278	0	100	0.43	400
s_nu-high-byte	null	1	11.96284	0	100	0.43	400
s_nu-high-byte	rev	1	11.93723	0	100	0.43	400
s_nu-high-byte	orig@p16	1	11.91278	0	100	0.43	400
s_nu-high-byte	orig@p32	1	11.92442	0	100	0.43	400
s_nu-high-byte	orig@p48	1	12.23758	0	100	0.43	400
s_nu-high-byte	orig@p64	1	12.26203	0	100	0.43	400
s_nu-high-byte	orig@p80	1	12.23758	0	100	0.43	400
s_nu-high-byte	orig@p96	1	12.23758	0	100	0.43	400
s_nu-high-byte	orig@p112	1	11.92442	0	100	0.43	400
s_nu-high-byte	rev@p16	1	11.92442	0	100	0.43	400
s_nu-high-byte	rev@p32	1	11.95003	0	100	0.43	400
s_nu-high-byte	rev@p48	1	11.92442	0	100	0.43	400
s_nu-high-byte	rev@p64	1	11.91278	0	100	0.43	400
s_nu-high-byte	rev@p80	1	11.91162	0	100	0.43	400
s_nu-high-byte	rev@p96	1	11.92675	0	100	0.43	400
s_nu-high-byte	rev@p112	1	8.14907	0	100	0.43	400
s_nu-high-byte	orig	1	11.92559	0	100	0.43	400
s_nu-high-byte	null	2	13.58683	0	100	0.43	400
s_nu-high-byte	rev	2	11.93839	0	100	0.43	400
s_nu-high-byte	orig@p16	2	13.59964	0	100	0.43	400
s_nu-high-byte	orig@p32	2	11.93723	0	100	0.43	400
s_nu-high-byte	orig@p48	2	6.96396	0	100	0.43	400
s_nu-high-byte	orig@p64	2	12.27483	0	100	0.43	400
s_nu-high-byte	orig@p80	2	5.57513	0	100	0.43	400
s_nu-high-byte	orig@p96	2	52.88748	0	100	0.43	400
s_nu-high-byte	orig@p112	2	5.43660	0	100	0.43	400
s_nu-high-byte	rev@p16	2	11.91162	0	100	0.43	400
s_nu-high-byte	rev@p32	2	5.58794	0	100	0.43	400
s_nu-high-byte	rev@p48	2	11.93723	0	100	0.43	400
s_nu-high-byte	rev@p64	2	13.61244	0	100	0.43	400
s_nu-high-byte	rev@p80	2	11.92442	0	100	0.43	400
s_nu-high-byte	rev@p96	2	13.62525	0	100	0.43	400
s_nu-high-byte	rev@p112	2	11.92559	0	100	0.43	400
s_nu-high-byte	orig	2	5.43776	0	100	0.43	400
s_nu-high-byte	orig2	2	11.97448	0	100	0.43	400
s_nu-high-byte	rev	3	5.43660	0	100	0.43	400
s_nu-high-byte	orig@p16	3	11.92559	0	100	0.43	400
s_nu-high-byte	orig@p32	3	13.62525	0	100	0.43	400
s_nu-high-byte	orig@p48	3	12.23758	0	100	0.43	400
s_nu-high-byte	orig@p64	3	13.95005	0	100	0.43	400
s_nu-high-byte	orig@p80	3	12.23874	0	100	0.43	400
s_nu-high-byte	orig@p96	3	5.57513	0	100	0.43	400
s_nu-high-byte	orig@p112	3	11.91162	0	100	0.43	400
s_nu-high-byte	rev@p16	3	13.59964	0	100	0.43	400
s_nu-high-byte	rev@p32	3	11.92442	0	100	0.43	400
s_nu-high-byte	rev@p48	3	5.46337	0	100	0.43	400
s_nu-high-byte	rev@p64	3	11.92559	0	100	0.43	400
s_nu-high-byte	rev@p80	3	13.61244	0	100	0.43	400
s_nu-high-byte	rev@p96	3	11.95003	0	100	0.43	400
s_nu-high-byte	rev@p112	3	5.43660	0	100	0.43	400
s_nu-high-byte	orig	3	11.92442	0	100	0.43	400
s_nu-high-byte	orig2	3	11.91278	0	100	0.43	400
s_nu-high-byte	null	3	5.42495	0	100	0.43	400
s_nu-high-byte	orig@p16	4	11.93723	0	100	0.43	400
s_nu-high-byte	orig@p32	4	13.61244	0	100	0.43	400
s_nu-high-byte	orig@p48	4	12.23758	0	100	0.43	400
s_nu-high-byte	orig@p64	4	13.95005	0	100	0.43	400
s_nu-high-byte	orig@p80	4	12.23874	0	100	0.43	400
s_nu-high-byte	orig@p96	4	12.24922	0	100	0.43	400
s_nu-high-byte	orig@p112	4	5.43776	0	100	0.43	400
s_nu-high-byte	rev@p16	4	11.91278	0	100	0.43	400
s_nu-high-byte	rev@p32	4	13.57519	0	100	0.43	400
s_nu-high-byte	rev@p48	4	11.92442	0	100	0.43	400
s_nu-high-byte	rev@p64	4	13.58800	0	100	0.43	400
s_nu-high-byte	rev@p80	4	11.91278	0	100	0.43	400
s_nu-high-byte	rev@p96	4	5.43776	0	100	0.43	400
s_nu-high-byte	rev@p112	4	11.93956	0	100	0.43	400
s_nu-high-byte	orig	4	13.61244	0	100	0.43	400
s_nu-high-byte	orig2	4	11.93956	0	100	0.43	400
s_nu-high-byte	null	4	13.61244	0	100	0.43	400
s_nu-high-byte	rev	4	11.96167	0	100	0.43	400
s_nu-high-byte	orig@p32	5	5.43776	0	100	0.43	400
s_nu-high-byte	orig@p48	5	12.24922	0	100	0.43	400
s_nu-high-byte	orig@p64	5	13.96169	0	100	0.43	400
s_nu-high-byte	orig@p80	5	12.22477	0	100	0.43	400
s_nu-high-byte	orig@p96	5	13.96169	0	100	0.43	400
s_nu-high-byte	orig@p112	5	14.58684	0	100	0.43	400
s_nu-high-byte	rev@p16	5	5.43776	0	100	0.43	400
s_nu-high-byte	rev@p32	5	6.59958	0	100	0.43	400
s_nu-high-byte	rev@p48	5	5.45057	0	100	0.43	400
s_nu-high-byte	rev@p64	5	14.50069	0	100	0.43	400
s_nu-high-byte	rev@p80	5	5.43776	0	100	0.43	400
s_nu-high-byte	rev@p96	5	14.52514	0	100	0.43	400
s_nu-high-byte	rev@p112	5	13.62525	0	100	0.43	400
s_nu-high-byte	orig	5	6.58794	0	100	0.43	400
s_nu-high-byte	orig2	5	13.75098	0	100	0.43	400
s_nu-high-byte	null	5	14.51233	0	100	0.43	400
s_nu-high-byte	rev	5	5.42495	0	100	0.43	400
s_nu-high-byte	orig@p16	5	14.49953	0	100	0.43	400
s_nu-high-byte	orig@p48	6	5.58794	0	100	0.43	400
s_nu-high-byte	orig@p64	6	6.78701	0	100	0.43	400
s_nu-high-byte	orig@p80	6	13.93724	0	100	0.43	400
s_nu-high-byte	orig@p96	6	14.90000	0	100	0.43	400
s_nu-high-byte	orig@p112	6	13.60080	0	100	0.43	400
s_nu-high-byte	rev@p16	6	14.53678	0	100	0.43	400
s_nu-high-byte	rev@p32	6	5.43776	0	100	0.43	400
s_nu-high-byte	rev@p48	6	6.59958	0	100	0.43	400
s_nu-high-byte	rev@p64	6	5.43776	0	100	0.43	400
s_nu-high-byte	rev@p80	6	14.51350	0	100	0.43	400
s_nu-high-byte	rev@p96	6	5.42495	0	100	0.43	400
s_nu-high-byte	rev@p112	6	14.56239	0	100	0.43	400
s_nu-high-byte	orig	6	13.96285	0	100	0.43	400
s_nu-high-byte	orig2	6	7.72532	0	100	0.43	400
s_nu-high-byte	null	6	13.63805	0	100	0.43	400
s_nu-high-byte	rev	6	14.52514	0	100	0.43	400
s_nu-high-byte	orig@p16	6	5.44940	0	100	0.43	400
s_nu-high-byte	orig@p32	6	14.53678	0	100	0.43	400
s_nu-high-byte	orig@p64	7	13.94888	0	100	0.43	400
s_nu-high-byte	orig@p80	7	6.77537	0	100	0.43	400
s_nu-high-byte	orig@p96	7	5.57397	0	100	0.43	400
s_nu-high-byte	orig@p112	7	5.43892	0	100	0.43	400
s_nu-high-byte	rev@p16	7	14.56239	0	100	0.43	400
s_nu-high-byte	rev@p32	7	13.61244	0	100	0.43	400
s_nu-high-byte	rev@p48	7	14.53678	0	100	0.43	400
s_nu-high-byte	rev@p64	7	5.43776	0	100	0.43	400
s_nu-high-byte	rev@p80	7	6.62403	0	100	0.43	400
s_nu-high-byte	rev@p96	7	13.62525	0	100	0.43	400
s_nu-high-byte	rev@p112	7	14.55075	0	100	0.43	400
s_nu-high-byte	orig	7	13.58683	0	100	0.43	400
s_nu-high-byte	orig2	7	14.56239	0	100	0.43	400
s_nu-high-byte	null	7	13.62525	0	100	0.43	400
s_nu-high-byte	rev	7	6.60075	0	100	0.43	400
s_nu-high-byte	orig@p16	7	5.43660	0	100	0.43	400
s_nu-high-byte	orig@p32	7	14.53795	0	100	0.43	400
s_nu-high-byte	orig@p48	7	13.95005	0	100	0.43	400
s_nu-high-byte	orig@p80	8	14.90000	0	100	0.43	400
s_nu-high-byte	orig@p96	8	13.97450	0	100	0.43	400
s_nu-high-byte	orig@p112	8	6.60075	0	100	0.43	400
s_nu-high-byte	rev@p16	8	5.43776	0	100	0.43	400
s_nu-high-byte	rev@p32	8	14.52514	0	100	0.43	400
s_nu-high-byte	rev@p48	8	13.57403	0	100	0.43	400
s_nu-high-byte	rev@p64	8	14.55075	0	100	0.43	400
s_nu-high-byte	rev@p80	8	13.43782	0	100	0.43	400
s_nu-high-byte	rev@p96	8	11.91278	0	100	0.43	400
s_nu-high-byte	rev@p112	8	11.91278	0	100	0.43	400
s_nu-high-byte	orig	8	11.93723	0	100	0.43	400
s_nu-high-byte	orig2	8	11.92559	0	100	0.43	400
s_nu-high-byte	null	8	11.92559	0	100	0.43	400
s_nu-high-byte	rev	8	11.93723	0	100	0.43	400
s_nu-high-byte	orig@p16	8	11.96284	0	100	0.43	400
s_nu-high-byte	orig@p32	8	12.23758	0	100	0.43	400
s_nu-high-byte	orig@p48	8	12.23758	0	100	0.43	400
s_nu-high-byte	orig@p64	8	12.22477	0	100	0.43	400
s_nu-high-byte	orig@p96	9	12.23758	0	100	0.43	400
s_nu-high-byte	orig@p112	9	11.96284	0	100	0.43	400
s_nu-high-byte	rev@p16	9	11.92559	0	100	0.43	400
s_nu-high-byte	rev@p32	9	11.92442	0	100	0.43	400
s_nu-high-byte	rev@p48	9	11.93723	0	100	0.43	400
s_nu-high-byte	rev@p64	9	11.93723	0	100	0.43	400
s_nu-high-byte	rev@p80	9	11.93723	0	100	0.43	400
s_nu-high-byte	rev@p96	9	11.93839	0	100	0.43	400
s_nu-high-byte	rev@p112	9	11.91278	0	100	0.43	400
s_nu-high-byte	orig	9	11.92442	0	100	0.43	400
s_nu-high-byte	orig2	9	11.92559	0	100	0.43	400
s_nu-high-byte	null	9	11.93723	0	100	0.43	400
s_nu-high-byte	rev	9	11.98729	0	100	0.43	400
s_nu-high-byte	orig@p16	9	11.92559	0	100	0.43	400
s_nu-high-byte	orig@p32	9	11.91278	0	100	0.43	400
s_nu-high-byte	orig@p48	9	12.23641	0	100	0.43	400
s_nu-high-byte	orig@p64	9	12.23758	0	100	0.43	400
s_nu-high-byte	orig@p80	9	12.26319	0	100	0.43	400
s_nu-high-byte	orig@p112	10	11.93723	0	100	0.43	400
s_nu-high-byte	rev@p16	10	11.91278	0	100	0.43	400
s_nu-high-byte	rev@p32	10	11.91278	0	100	0.43	400
s_nu-high-byte	rev@p48	10	11.93839	0	100	0.43	400
s_nu-high-byte	rev@p64	10	31.49966	0	100	0.43	400
s_nu-high-byte	rev@p80	10	11.92559	0	100	0.43	400
s_nu-high-byte	rev@p96	10	11.96284	0	100	0.43	400
s_nu-high-byte	rev@p112	10	11.92442	0	100	0.43	400
s_nu-high-byte	orig	10	11.92559	0	100	0.43	400
s_nu-high-byte	orig2	10	11.93723	0	100	0.43	400
s_nu-high-byte	null	10	11.91278	0	100	0.43	400
s_nu-high-byte	rev	10	11.92559	0	100	0.43	400
s_nu-high-byte	orig@p16	10	11.93723	0	100	0.43	400
s_nu-high-byte	orig@p32	10	12.24922	0	100	0.43	400
s_nu-high-byte	orig@p48	10	12.22594	0	100	0.43	400
s_nu-high-byte	orig@p64	10	12.22594	0	100	0.43	400
s_nu-high-byte	orig@p80	10	12.25155	0	100	0.43	400
s_nu-high-byte	orig@p96	10	12.30044	0	100	0.43	400
s_nu-lead-no-cont	orig	0	6.61239	0	100	0.43	400
s_nu-lead-no-cont	orig2	0	14.56239	0	100	0.43	400
s_nu-lead-no-cont	null	0	6.61239	0	100	0.43	400
s_nu-lead-no-cont	rev	0	14.50069	0	100	0.43	400
s_nu-lead-no-cont	orig@p16	0	6.60075	0	100	0.43	400
s_nu-lead-no-cont	orig@p32	0	6.62520	0	100	0.43	400
s_nu-lead-no-cont	orig@p48	0	6.77537	0	100	0.43	400
s_nu-lead-no-cont	orig@p64	0	14.90000	0	100	0.43	400
s_nu-lead-no-cont	orig@p80	0	14.93725	0	100	0.43	400
s_nu-lead-no-cont	orig@p96	0	13.93841	0	100	0.43	400
s_nu-lead-no-cont	orig@p112	0	13.69976	0	100	0.43	400
s_nu-lead-no-cont	rev@p16	0	6.58678	0	100	0.43	400
s_nu-lead-no-cont	rev@p32	0	6.61239	0	100	0.43	400
s_nu-lead-no-cont	rev@p48	0	14.52514	0	100	0.43	400
s_nu-lead-no-cont	rev@p64	0	6.59958	0	100	0.43	400
s_nu-lead-no-cont	rev@p80	0	14.57520	0	100	0.43	400
s_nu-lead-no-cont	rev@p96	0	8.15024	0	100	0.43	400
s_nu-lead-no-cont	rev@p112	0	6.59958	0	100	0.43	400
s_nu-lead-no-cont	orig2	1	5.48782	0	100	0.43	400
s_nu-lead-no-cont	null	1	14.53911	0	100	0.43	400
s_nu-lead-no-cont	rev	1	13.61244	0	100	0.43	400
s_nu-lead-no-cont	orig@p16	1	6.62520	0	100	0.43	400
s_nu-lead-no-cont	orig@p32	1	5.44940	0	100	0.43	400
s_nu-lead-no-cont	orig@p48	1	5.58677	0	100	0.43	400
s_nu-lead-no-cont	orig@p64	1	14.90116	0	100	0.43	400
s_nu-lead-no-cont	orig@p80	1	5.61355	0	100	0.43	400
s_nu-lead-no-cont	orig@p96	1	6.77537	0	100	0.43	400
s_nu-lead-no-cont	orig@p112	1	13.58683	0	100	0.43	400
s_nu-lead-no-cont	rev@p16	1	14.52514	0	100	0.43	400
s_nu-lead-no-cont	rev@p32	1	13.61244	0	100	0.43	400
s_nu-lead-no-cont	rev@p48	1	14.52514	0	100	0.43	400
s_nu-lead-no-cont	rev@p64	1	13.59964	0	100	0.43	400
s_nu-lead-no-cont	rev@p80	1	6.61239	0	100	0.43	400
s_nu-lead-no-cont	rev@p96	1	5.43660	0	100	0.43	400
s_nu-lead-no-cont	rev@p112	1	14.56239	0	100	0.43	400
s_nu-lead-no-cont	orig	1	5.43660	0	100	0.43	400
s_nu-lead-no-cont	null	2	14.53678	0	100	0.43	400
s_nu-lead-no-cont	rev	2	13.62525	0	100	0.43	400
s_nu-lead-no-cont	orig@p16	2	13.42501	0	100	0.43	400
s_nu-lead-no-cont	orig@p32	2	13.59964	0	100	0.43	400
s_nu-lead-no-cont	orig@p48	2	13.74981	0	100	0.43	400
s_nu-lead-no-cont	orig@p64	2	13.96285	0	100	0.43	400
s_nu-lead-no-cont	orig@p80	2	13.95005	0	100	0.43	400
s_nu-lead-no-cont	orig@p96	2	13.75098	0	100	0.43	400
s_nu-lead-no-cont	orig@p112	2	13.59964	0	100	0.43	400
s_nu-lead-no-cont	rev@p16	2	13.41221	0	100	0.43	400
s_nu-lead-no-cont	rev@p32	2	13.61361	0	100	0.43	400
s_nu-lead-no-cont	rev@p48	2	13.40057	0	100	0.43	400
s_nu-lead-no-cont	rev@p64	2	13.41221	0	100	0.43	400
s_nu-lead-no-cont	rev@p80	2	13.61244	0	100	0.43	400
s_nu-lead-no-cont	rev@p96	2	13.40057	0	100	0.43	400
s_nu-lead-no-cont	rev@p112	2	13.62525	0	100	0.43	400
s_nu-lead-no-cont	orig	2	13.47507	0	100	0.43	400
s_nu-lead-no-cont	orig2	2	5.43776	0	100	0.43	400
s_nu-lead-no-cont	rev	3	13.42501	0	100	0.43	400
s_nu-lead-no-cont	orig@p16	3	5.43776	0	100	0.43	400
s_nu-lead-no-cont	orig@p32	3	13.41221	0	100	0.43	400
s_nu-lead-no-cont	orig@p48	3	14.00011	0	100	0.43	400
s_nu-lead-no-cont	orig@p64	3	13.76262	0	100	0.43	400
s_nu-lead-no-cont	orig@p80	3	13.96285	0	100	0.43	400
s_nu-lead-no-cont	orig@p96	3	13.77543	0	100	0.43	400
s_nu-lead-no-cont	orig@p112	3	11.93839	0	100	0.43	400
s_nu-lead-no-cont	rev@p16	3	11.96167	0	100	0.43	400
s_nu-lead-no-cont	rev@p32	3	11.92559	0	100	0.43	400
s_nu-lead-no-cont	rev@p48	3	11.92559	0	100	0.43	400
s_nu-lead-no-cont	rev@p64	3	11.95003	0	100	0.43	400
s_nu-lead-no-cont	rev@p80	3	11.92442	0	100	0.43	400
s_nu-lead-no-cont	rev@p96	3	11.93839	0	100	0.43	400
s_nu-lead-no-cont	rev@p112	3	11.98961	0	100	0.43	400
s_nu-lead-no-cont	orig	3	11.95003	0	100	0.43	400
s_nu-lead-no-cont	orig2	3	11.96167	0	100	0.43	400
s_nu-lead-no-cont	null	3	11.91162	0	100	0.43	400
s_nu-lead-no-cont	orig@p16	4	11.93723	0	100	0.43	400
s_nu-lead-no-cont	orig@p32	4	32.58698	0	100	0.43	400
s_nu-lead-no-cont	orig@p48	4	12.23758	0	100	0.43	400
s_nu-lead-no-cont	orig@p64	4	12.25038	0	100	0.43	400
s_nu-lead-no-cont	orig@p80	4	12.23758	0	100	0.43	400
s_nu-lead-no-cont	orig@p96	4	12.21197	0	100	0.43	400
s_nu-lead-no-cont	orig@p112	4	11.93723	0	100	0.43	400
s_nu-lead-no-cont	rev@p16	4	12.23758	0	100	0.43	400
s_nu-lead-no-cont	rev@p32	4	11.93723	0	100	0.43	400
s_nu-lead-no-cont	rev@p48	4	11.93839	0	100	0.43	400
s_nu-lead-no-cont	rev@p64	4	11.92442	0	100	0.43	400
s_nu-lead-no-cont	rev@p80	4	11.92559	0	100	0.43	400
s_nu-lead-no-cont	rev@p96	4	11.91162	0	100	0.43	400
s_nu-lead-no-cont	rev@p112	4	11.92442	0	100	0.43	400
s_nu-lead-no-cont	orig	4	11.92442	0	100	0.43	400
s_nu-lead-no-cont	orig2	4	11.93839	0	100	0.43	400
s_nu-lead-no-cont	null	4	11.91278	0	100	0.43	400
s_nu-lead-no-cont	rev	4	11.91278	0	100	0.43	400
s_nu-lead-no-cont	orig@p32	5	11.98729	0	100	0.43	400
s_nu-lead-no-cont	orig@p48	5	12.23758	0	100	0.43	400
s_nu-lead-no-cont	orig@p64	5	12.25155	0	100	0.43	400
s_nu-lead-no-cont	orig@p80	5	12.26203	0	100	0.43	400
s_nu-lead-no-cont	orig@p96	5	12.24922	0	100	0.43	400
s_nu-lead-no-cont	orig@p112	5	11.93723	0	100	0.43	400
s_nu-lead-no-cont	rev@p16	5	11.91278	0	100	0.43	400
s_nu-lead-no-cont	rev@p32	5	11.93723	0	100	0.43	400
s_nu-lead-no-cont	rev@p48	5	11.98729	0	100	0.43	400
s_nu-lead-no-cont	rev@p64	5	11.91162	0	100	0.43	400
s_nu-lead-no-cont	rev@p80	5	11.93839	0	100	0.43	400
s_nu-lead-no-cont	rev@p96	5	12.01290	0	100	0.43	400
s_nu-lead-no-cont	rev@p112	5	11.92559	0	100	0.43	400
s_nu-lead-no-cont	orig	5	11.93723	0	100	0.43	400
s_nu-lead-no-cont	orig2	5	11.93723	0	100	0.43	400
s_nu-lead-no-cont	null	5	11.93723	0	100	0.43	400
s_nu-lead-no-cont	rev	5	11.96284	0	100	0.43	400
s_nu-lead-no-cont	orig@p16	5	12.01173	0	100	0.43	400
s_nu-lead-no-cont	orig@p48	6	12.23758	0	100	0.43	400
s_nu-lead-no-cont	orig@p64	6	12.28880	0	100	0.43	400
s_nu-lead-no-cont	orig@p80	6	12.23874	0	100	0.43	400
s_nu-lead-no-cont	orig@p96	6	12.23758	0	100	0.43	400
s_nu-lead-no-cont	orig@p112	6	11.96284	0	100	0.43	400
s_nu-lead-no-cont	rev@p16	6	11.92559	0	100	0.43	400
s_nu-lead-no-cont	rev@p32	6	11.92442	0	100	0.43	400
s_nu-lead-no-cont	rev@p48	6	11.93723	0	100	0.43	400
s_nu-lead-no-cont	rev@p64	6	12.05015	0	100	0.43	400
s_nu-lead-no-cont	rev@p80	6	11.92559	0	100	0.43	400
s_nu-lead-no-cont	rev@p96	6	11.92442	0	100	0.43	400
s_nu-lead-no-cont	rev@p112	6	11.92559	0	100	0.43	400
s_nu-lead-no-cont	orig	6	11.95003	0	100	0.43	400
s_nu-lead-no-cont	orig2	6	11.92559	0	100	0.43	400
s_nu-lead-no-cont	null	6	12.02570	0	100	0.43	400
s_nu-lead-no-cont	rev	6	11.92442	0	100	0.43	400
s_nu-lead-no-cont	orig@p16	6	11.96284	0	100	0.43	400
s_nu-lead-no-cont	orig@p32	6	11.93723	0	100	0.43	400
s_nu-lead-no-cont	orig@p64	7	12.31208	0	100	0.43	400
s_nu-lead-no-cont	orig@p80	7	12.32489	0	100	0.43	400
s_nu-lead-no-cont	orig@p96	7	12.23758	0	100	0.43	400
s_nu-lead-no-cont	orig@p112	7	11.91278	0	100	0.43	400
s_nu-lead-no-cont	rev@p16	7	11.91278	0	100	0.43	400
s_nu-lead-no-cont	rev@p32	7	11.91162	0	100	0.43	400
s_nu-lead-no-cont	rev@p48	7	11.93839	0	100	0.43	400
s_nu-lead-no-cont	rev@p64	7	11.91162	0	100	0.43	400
s_nu-lead-no-cont	rev@p80	7	11.92559	0	100	0.43	400
s_nu-lead-no-cont	rev@p96	7	11.92559	0	100	0.43	400
s_nu-lead-no-cont	rev@p112	7	11.91162	0	100	0.43	400
s_nu-lead-no-cont	orig	7	11.91278	0	100	0.43	400
s_nu-lead-no-cont	orig2	7	12.01173	0	100	0.43	400
s_nu-lead-no-cont	null	7	11.92559	0	100	0.43	400
s_nu-lead-no-cont	rev	7	11.97448	0	100	0.43	400
s_nu-lead-no-cont	orig@p16	7	11.94887	0	100	0.43	400
s_nu-lead-no-cont	orig@p32	7	11.92559	0	100	0.43	400
s_nu-lead-no-cont	orig@p48	7	12.23758	0	100	0.43	400
s_nu-lead-no-cont	orig@p80	8	12.22477	0	100	0.43	400
s_nu-lead-no-cont	orig@p96	8	12.24922	0	100	0.43	400
s_nu-lead-no-cont	orig@p112	8	11.93723	0	100	0.43	400
s_nu-lead-no-cont	rev@p16	8	11.93723	0	100	0.43	400
s_nu-lead-no-cont	rev@p32	8	11.91278	0	100	0.43	400
s_nu-lead-no-cont	rev@p48	8	11.91278	0	100	0.43	400
s_nu-lead-no-cont	rev@p64	8	11.92442	0	100	0.43	400
s_nu-lead-no-cont	rev@p80	8	11.91278	0	100	0.43	400
s_nu-lead-no-cont	rev@p96	8	13.59964	0	100	0.43	400
s_nu-lead-no-cont	rev@p112	8	13.58683	0	100	0.43	400
s_nu-lead-no-cont	orig	8	13.76262	0	100	0.43	400
s_nu-lead-no-cont	orig2	8	11.95003	0	100	0.43	400
s_nu-lead-no-cont	null	8	11.92442	0	100	0.43	400
s_nu-lead-no-cont	rev	8	11.92442	0	100	0.43	400
s_nu-lead-no-cont	orig@p16	8	11.92442	0	100	0.43	400
s_nu-lead-no-cont	orig@p32	8	11.93839	0	100	0.43	400
s_nu-lead-no-cont	orig@p48	8	12.41337	0	100	0.43	400
s_nu-lead-no-cont	orig@p64	8	12.25038	0	100	0.43	400
s_nu-lead-no-cont	orig@p96	9	12.23758	0	100	0.43	400
s_nu-lead-no-cont	orig@p112	9	11.98729	0	100	0.43	400
s_nu-lead-no-cont	rev@p16	9	11.91278	0	100	0.43	400
s_nu-lead-no-cont	rev@p32	9	11.91394	0	100	0.43	400
s_nu-lead-no-cont	rev@p48	9	11.91278	0	100	0.43	400
s_nu-lead-no-cont	rev@p64	9	11.95003	0	100	0.43	400
s_nu-lead-no-cont	rev@p80	9	11.91278	0	100	0.43	400
s_nu-lead-no-cont	rev@p96	9	11.92559	0	100	0.43	400
s_nu-lead-no-cont	rev@p112	9	11.91162	0	100	0.43	400
s_nu-lead-no-cont	orig	9	11.92442	0	100	0.43	400
s_nu-lead-no-cont	orig2	9	11.92442	0	100	0.43	400
s_nu-lead-no-cont	null	9	11.91278	0	100	0.43	400
s_nu-lead-no-cont	rev	9	11.95003	0	100	0.43	400
s_nu-lead-no-cont	orig@p16	9	11.92442	0	100	0.43	400
s_nu-lead-no-cont	orig@p32	9	11.92442	0	100	0.43	400
s_nu-lead-no-cont	orig@p48	9	12.23758	0	100	0.43	400
s_nu-lead-no-cont	orig@p64	9	12.23758	0	100	0.43	400
s_nu-lead-no-cont	orig@p80	9	12.28764	0	100	0.43	400
s_nu-lead-no-cont	orig@p112	10	11.92442	0	100	0.43	400
s_nu-lead-no-cont	rev@p16	10	11.93723	0	100	0.43	400
s_nu-lead-no-cont	rev@p32	10	11.95003	0	100	0.43	400
s_nu-lead-no-cont	rev@p48	10	11.92442	0	100	0.43	400
s_nu-lead-no-cont	rev@p64	10	11.93723	0	100	0.43	400
s_nu-lead-no-cont	rev@p80	10	11.93723	0	100	0.43	400
s_nu-lead-no-cont	rev@p96	10	11.93723	0	100	0.43	400
s_nu-lead-no-cont	rev@p112	10	12.00009	0	100	0.43	400
s_nu-lead-no-cont	orig	10	11.89997	0	100	0.43	400
s_nu-lead-no-cont	orig2	10	11.91278	0	100	0.43	400
s_nu-lead-no-cont	null	10	11.93723	0	100	0.43	400
s_nu-lead-no-cont	rev	10	11.96284	0	100	0.43	400
s_nu-lead-no-cont	orig@p16	10	11.92559	0	100	0.43	400
s_nu-lead-no-cont	orig@p32	10	11.93723	0	100	0.43	400
s_nu-lead-no-cont	orig@p48	10	12.23758	0	100	0.43	400
s_nu-lead-no-cont	orig@p64	10	12.24922	0	100	0.43	400
s_nu-lead-no-cont	orig@p80	10	12.22477	0	100	0.43	400
s_nu-lead-no-cont	orig@p96	10	12.23758	0	100	0.43	400
s_nu-lead-with-cont	orig	0	6.78818	0	100	0.43	400
s_nu-lead-with-cont	orig2	0	11.95003	0	100	0.43	400
s_nu-lead-with-cont	null	0	13.61244	0	100	0.43	400
s_nu-lead-with-cont	rev	0	11.94887	0	100	0.43	400
s_nu-lead-with-cont	orig@p16	0	5.43776	0	100	0.43	400
s_nu-lead-with-cont	orig@p32	0	11.92442	0	100	0.43	400
s_nu-lead-with-cont	orig@p48	0	8.11182	0	100	0.43	400
s_nu-lead-with-cont	orig@p64	0	12.25038	0	100	0.43	400
s_nu-lead-with-cont	orig@p80	0	6.77537	0	100	0.43	400
s_nu-lead-with-cont	orig@p96	0	12.22477	0	100	0.43	400
s_nu-lead-with-cont	orig@p112	0	14.53795	0	100	0.43	400
s_nu-lead-with-cont	rev@p16	0	11.92559	0	100	0.43	400
s_nu-lead-with-cont	rev@p32	0	14.53795	0	100	0.43	400
s_nu-lead-with-cont	rev@p48	0	11.95003	0	100	0.43	400
s_nu-lead-with-cont	rev@p64	0	14.52514	0	100	0.43	400
s_nu-lead-with-cont	rev@p80	0	11.91278	0	100	0.43	400
s_nu-lead-with-cont	rev@p96	0	6.66245	0	100	0.43	400
s_nu-lead-with-cont	rev@p112	0	11.91278	0	100	0.43	400
s_nu-lead-with-cont	orig2	1	14.53678	0	100	0.43	400
s_nu-lead-with-cont	null	1	11.96284	0	100	0.43	400
s_nu-lead-with-cont	rev	1	14.51350	0	100	0.43	400
s_nu-lead-with-cont	orig@p16	1	11.93839	0	100	0.43	400
s_nu-lead-with-cont	orig@p32	1	6.59958	0	100	0.43	400
s_nu-lead-with-cont	orig@p48	1	12.23758	0	100	0.43	400
s_nu-lead-with-cont	orig@p64	1	14.92444	0	100	0.43	400
s_nu-lead-with-cont	orig@p80	1	12.31208	0	100	0.43	400
s_nu-lead-with-cont	orig@p96	1	6.81262	0	100	0.43	400
s_nu-lead-with-cont	orig@p112	1	11.93723	0	100	0.43	400
s_nu-lead-with-cont	rev@p16	1	14.55075	0	100	0.43	400
s_nu-lead-with-cont	rev@p32	1	11.91278	0	100	0.43	400
s_nu-lead-with-cont	rev@p48	1	6.61239	0	100	0.43	400
s_nu-lead-with-cont	rev@p64	1	11.92442	0	100	0.43	400
s_nu-lead-with-cont	rev@p80	1	14.54959	0	100	0.43	400
s_nu-lead-with-cont	rev@p96	1	11.91278	0	100	0.43	400
s_nu-lead-with-cont	rev@p112	1	14.54959	0	100	0.43	400
s_nu-lead-with-cont	orig	1	11.91394	0	100	0.43	400
s_nu-lead-with-cont	null	2	6.59958	0	100	0.43	400
s_nu-lead-with-cont	rev	2	11.93723	0	100	0.43	400
s_nu-lead-with-cont	orig@p16	2	6.61239	0	100	0.43	400
s_nu-lead-with-cont	orig@p32	2	11.89997	0	100	0.43	400
s_nu-lead-with-cont	orig@p48	2	6.77654	0	100	0.43	400
s_nu-lead-with-cont	orig@p64	2	12.23758	0	100	0.43	400
s_nu-lead-with-cont	orig@p80	2	14.88836	0	100	0.43	400
s_nu-lead-with-cont	orig@p96	2	12.27483	0	100	0.43	400
s_nu-lead-with-cont	orig@p112	2	14.53795	0	100	0.43	400
s_nu-lead-with-cont	rev@p16	2	11.92442	0	100	0.43	400
s_nu-lead-with-cont	rev@p32	2	6.59958	0	100	0.43	400
s_nu-lead-with-cont	rev@p48	2	11.93723	0	100	0.43	400
s_nu-lead-with-cont	rev@p64	2	14.51233	0	100	0.43	400
s_nu-lead-with-cont	rev@p80	2	11.91278	0	100	0.43	400
s_nu-lead-with-cont	rev@p96	2	14.51233	0	100	0.43	400
s_nu-lead-with-cont	rev@p112	2	12.11301	0	100	0.43	400
s_nu-lead-with-cont	orig	2	6.59958	0	100	0.43	400
s_nu-lead-with-cont	orig2	2	11.93723	0	100	0.43	400
s_nu-lead-with-cont	rev	3	6.62403	0	100	0.43	400
s_nu-lead-with-cont	orig@p16	3	11.93723	0	100	0.43	400
s_nu-lead-with-cont	orig@p32	3	14.52514	0	100	0.43	400
s_nu-lead-with-cont	orig@p48	3	12.23758	0	100	0.43	400
s_nu-lead-with-cont	orig@p64	3	14.92561	0	100	0.43	400
s_nu-lead-with-cont	orig@p80	3	12.22594	0	100	0.43	400
s_nu-lead-with-cont	orig@p96	3	6.77421	0	100	0.43	400
s_nu-lead-with-cont	orig@p112	3	11.96167	0	100	0.43	400
s_nu-lead-with-cont	rev@p16	3	14.53678	0	100	0.43	400
s_nu-lead-with-cont	rev@p32	3	11.96167	0	100	0.43	400
s_nu-lead-with-cont	rev@p48	3	6.61239	0	100	0.43	400
s_nu-lead-with-cont	rev@p64	3	11.92559	0	100	0.43	400
s_nu-lead-with-cont	rev@p80	3	14.53795	0	100	0.43	400
s_nu-lead-with-cont	rev@p96	3	11.92559	0	100	0.43	400
s_nu-lead-with-cont	rev@p112	3	6.61239	0	100	0.43	400
s_nu-lead-with-cont	orig	3	11.92559	0	100	0.43	400
s_nu-lead-with-cont	orig2	3	14.57403	0	100	0.43	400
s_nu-lead-with-cont	null	3	11.92559	0	100	0.43	400
s_nu-lead-with-cont	orig@p16	4	14.52514	0	100	0.43	400
s_nu-lead-with-cont	orig@p32	4	11.91278	0	100	0.43	400
s_nu-lead-with-cont	orig@p48	4	6.76257	0	100	0.43	400
s_nu-lead-with-cont	orig@p64	4	12.23758	0	100	0.43	400
s_nu-lead-with-cont	orig@p80	4	6.76257	0	100	0.43	400
s_nu-lead-with-cont	orig@p96	4	12.22477	0	100	0.43	400
s_nu-lead-with-cont	orig@p112	4	14.53795	0	100	0.43	400
s_nu-lead-with-cont	rev@p16	4	11.92442	0	100	0.43	400
s_nu-lead-with-cont	rev@p32	4	14.51350	0	100	0.43	400
s_nu-lead-with-cont	rev@p48	4	11.92559	0	100	0.43	400
s_nu-lead-with-cont	rev@p64	4	6.72531	0	100	0.43	400
s_nu-lead-with-cont	rev@p80	4	11.92442	0	100	0.43	400
s_nu-lead-with-cont	rev@p96	4	14.53795	0	100	0.43	400
s_nu-lead-with-cont	rev@p112	4	11.93723	0	100	0.43	400
s_nu-lead-with-cont	orig	4	14.52514	0	100	0.43	400
s_nu-lead-with-cont	orig2	4	11.93723	0	100	0.43	400
s_nu-lead-with-cont	null	4	14.54959	0	100	0.43	400
s_nu-lead-with-cont	rev	4	11.96167	0	100	0.43	400
s_nu-lead-with-cont	orig@p32	5	6.59958	0	100	0.43	400
s_nu-lead-with-cont	orig@p48	5	12.25038	0	100	0.43	400
s_nu-lead-with-cont	orig@p64	5	14.88719	0	100	0.43	400
s_nu-lead-with-cont	orig@p80	5	12.24922	0	100	0.43	400
s_nu-lead-with-cont	orig@p96	5	14.91280	0	100	0.43	400
s_nu-lead-with-cont	orig@p112	5	11.91278	0	100	0.43	400
s_nu-lead-with-cont	rev@p16	5	6.59958	0	100	0.43	400
s_nu-lead-with-cont	rev@p32	5	11.92559	0	100	0.43	400
s_nu-lead-with-cont	rev@p48	5	14.53678	0	100	0.43	400
s_nu-lead-with-cont	rev@p64	5	11.89997	0	100	0.43	400
s_nu-lead-with-cont	rev@p80	5	13.47507	0	100	0.43	400
s_nu-lead-with-cont	rev@p96	5	13.53677	0	100	0.43	400
s_nu-lead-with-cont	rev@p112	5	11.92559	0	100	0.43	400
s_nu-lead-with-cont	orig	5	11.93723	0	100	0.43	400
s_nu-lead-with-cont	orig2	5	11.92559	0	100	0.43	400
s_nu-lead-with-cont	null	5	11.93839	0	100	0.43	400
s_nu-lead-with-cont	rev	5	11.93723	0	100	0.43	400
s_nu-lead-with-cont	orig@p16	5	11.92442	0	100	0.43	400
s_nu-lead-with-cont	orig@p48	6	12.26203	0	100	0.43	400
s_nu-lead-with-cont	orig@p64	6	12.24922	0	100	0.43	400
s_nu-lead-with-cont	orig@p80	6	12.22594	0	100	0.43	400
s_nu-lead-with-cont	orig@p96	6	12.24922	0	100	0.43	400
s_nu-lead-with-cont	orig@p112	6	11.96167	0	100	0.43	400
s_nu-lead-with-cont	rev@p16	6	11.91278	0	100	0.43	400
s_nu-lead-with-cont	rev@p32	6	11.91278	0	100	0.43	400
s_nu-lead-with-cont	rev@p48	6	11.91162	0	100	0.43	400
s_nu-lead-with-cont	rev@p64	6	11.92442	0	100	0.43	400
s_nu-lead-with-cont	rev@p80	6	11.93723	0	100	0.43	400
s_nu-lead-with-cont	rev@p96	6	11.92442	0	100	0.43	400
s_nu-lead-with-cont	rev@p112	6	11.95003	0	100	0.43	400
s_nu-lead-with-cont	orig	6	11.93723	0	100	0.43	400
s_nu-lead-with-cont	orig2	6	11.96284	0	100	0.43	400
s_nu-lead-with-cont	null	6	11.91162	0	100	0.43	400
s_nu-lead-with-cont	rev	6	11.92442	0	100	0.43	400
s_nu-lead-with-cont	orig@p16	6	12.02454	0	100	0.43	400
s_nu-lead-with-cont	orig@p32	6	11.92442	0	100	0.43	400
s_nu-lead-with-cont	orig@p64	7	12.24922	0	100	0.43	400
s_nu-lead-with-cont	orig@p80	7	12.23758	0	100	0.43	400
s_nu-lead-with-cont	orig@p96	7	12.23758	0	100	0.43	400
s_nu-lead-with-cont	orig@p112	7	11.95003	0	100	0.43	400
s_nu-lead-with-cont	rev@p16	7	11.91278	0	100	0.43	400
s_nu-lead-with-cont	rev@p32	7	11.92559	0	100	0.43	400
s_nu-lead-with-cont	rev@p48	7	11.97564	0	100	0.43	400
s_nu-lead-with-cont	rev@p64	7	11.93723	0	100	0.43	400
s_nu-lead-with-cont	rev@p80	7	11.89997	0	100	0.43	400
s_nu-lead-with-cont	rev@p96	7	11.92442	0	100	0.43	400
s_nu-lead-with-cont	rev@p112	7	11.92559	0	100	0.43	400
s_nu-lead-with-cont	orig	7	11.93723	0	100	0.43	400
s_nu-lead-with-cont	orig2	7	12.00009	0	100	0.43	400
s_nu-lead-with-cont	null	7	11.91278	0	100	0.43	400
s_nu-lead-with-cont	rev	7	11.97448	0	100	0.43	400
s_nu-lead-with-cont	orig@p16	7	11.96284	0	100	0.43	400
s_nu-lead-with-cont	orig@p32	7	11.95003	0	100	0.43	400
s_nu-lead-with-cont	orig@p48	7	12.22477	0	100	0.43	400
s_nu-lead-with-cont	orig@p80	8	12.22477	0	100	0.43	400
s_nu-lead-with-cont	orig@p96	8	12.24922	0	100	0.43	400
s_nu-lead-with-cont	orig@p112	8	11.92442	0	100	0.43	400
s_nu-lead-with-cont	rev@p16	8	11.96284	0	100	0.43	400
s_nu-lead-with-cont	rev@p32	8	11.93839	0	100	0.43	400
s_nu-lead-with-cont	rev@p48	8	11.93839	0	100	0.43	400
s_nu-lead-with-cont	rev@p64	8	11.91278	0	100	0.43	400
s_nu-lead-with-cont	rev@p80	8	11.95003	0	100	0.43	400
s_nu-lead-with-cont	rev@p96	8	11.92559	0	100	0.43	400
s_nu-lead-with-cont	rev@p112	8	11.89997	0	100	0.43	400
s_nu-lead-with-cont	orig	8	11.91278	0	100	0.43	400
s_nu-lead-with-cont	orig2	8	11.97448	0	100	0.43	400
s_nu-lead-with-cont	null	8	11.92442	0	100	0.43	400
s_nu-lead-with-cont	rev	8	11.92442	0	100	0.43	400
s_nu-lead-with-cont	orig@p16	8	11.93723	0	100	0.43	400
s_nu-lead-with-cont	orig@p32	8	11.89997	0	100	0.43	400
s_nu-lead-with-cont	orig@p48	8	12.26319	0	100	0.43	400
s_nu-lead-with-cont	orig@p64	8	12.22477	0	100	0.43	400
s_nu-lead-with-cont	orig@p96	9	12.25038	0	100	0.43	400
s_nu-lead-with-cont	orig@p112	9	11.97448	0	100	0.43	400
s_nu-lead-with-cont	rev@p16	9	11.96284	0	100	0.43	400
s_nu-lead-with-cont	rev@p32	9	11.96284	0	100	0.43	400
s_nu-lead-with-cont	rev@p48	9	11.91278	0	100	0.43	400
s_nu-lead-with-cont	rev@p64	9	11.92442	0	100	0.43	400
s_nu-lead-with-cont	rev@p80	9	11.91278	0	100	0.43	400
s_nu-lead-with-cont	rev@p96	9	11.91278	0	100	0.43	400
s_nu-lead-with-cont	rev@p112	9	11.92442	0	100	0.43	400
s_nu-lead-with-cont	orig	9	11.98729	0	100	0.43	400
s_nu-lead-with-cont	orig2	9	11.91278	0	100	0.43	400
s_nu-lead-with-cont	null	9	11.92442	0	100	0.43	400
s_nu-lead-with-cont	rev	9	11.91278	0	100	0.43	400
s_nu-lead-with-cont	orig@p16	9	11.91278	0	100	0.43	400
s_nu-lead-with-cont	orig@p32	9	8.18749	0	100	0.43	400
s_nu-lead-with-cont	orig@p48	9	12.23758	0	100	0.43	400
s_nu-lead-with-cont	orig@p64	9	13.97450	0	100	0.43	400
s_nu-lead-with-cont	orig@p80	9	12.23758	0	100	0.43	400
s_nu-lead-with-cont	orig@p112	10	5.43776	0	100	0.43	400
s_nu-lead-with-cont	rev@p16	10	11.92559	0	100	0.43	400
s_nu-lead-with-cont	rev@p32	10	5.43776	0	100	0.43	400
s_nu-lead-with-cont	rev@p48	10	11.95003	0	100	0.43	400
s_nu-lead-with-cont	rev@p64	10	5.45057	0	100	0.43	400
s_nu-lead-with-cont	rev@p80	10	11.91278	0	100	0.43	400
s_nu-lead-with-cont	rev@p96	10	13.59964	0	100	0.43	400
s_nu-lead-with-cont	rev@p112	10	11.91278	0	100	0.43	400
s_nu-lead-with-cont	orig	10	5.42495	0	100	0.43	400
s_nu-lead-with-cont	orig2	10	11.97564	0	100	0.43	400
s_nu-lead-with-cont	null	10	5.43776	0	100	0.43	400
s_nu-lead-with-cont	rev	10	11.96167	0	100	0.43	400
s_nu-lead-with-cont	orig@p16	10	5.43660	0	100	0.43	400
s_nu-lead-with-cont	orig@p32	10	11.93723	0	100	0.43	400
s_nu-lead-with-cont	orig@p48	10	5.57513	0	100	0.43	400
s_nu-lead-with-cont	orig@p64	10	5.59958	0	100	0.43	400
s_nu-lead-with-cont	orig@p80	10	12.28764	0	100	0.43	400
s_nu-lead-with-cont	orig@p96	10	5.64964	0	100	0.43	400
s_nu-mojibake	orig	0	3.42161	0	100	0.43	400
s_nu-mojibake	orig2	0	3.89991	0	100	0.43	400
s_nu-mojibake	null	0	3.41064	0	100	0.43	400
s_nu-mojibake	rev	0	3.98939	0	100	0.43	400
s_nu-mojibake	orig@p16	0	3.40698	0	100	0.43	400
s_nu-mojibake	orig@p32	0	3.89326	0	100	0.43	400
s_nu-mojibake	orig@p48	0	3.50709	0	100	0.43	400
s_nu-mojibake	orig@p64	0	3.98939	0	100	0.43	400
s_nu-mojibake	orig@p80	0	3.49645	0	100	0.43	400
s_nu-mojibake	orig@p96	0	3.98573	0	100	0.43	400
s_nu-mojibake	orig@p112	0	3.40365	0	100	0.43	400
s_nu-mojibake	rev@p16	0	3.88195	0	100	0.43	400
s_nu-mojibake	rev@p32	0	3.41430	0	100	0.43	400
s_nu-mojibake	rev@p48	0	1.55365	0	100	0.43	400
s_nu-mojibake	rev@p64	0	3.39999	0	100	0.43	400
s_nu-mojibake	rev@p80	0	3.88195	0	100	0.43	400
s_nu-mojibake	rev@p96	0	3.41064	0	100	0.43	400
s_nu-mojibake	rev@p112	0	3.89326	0	100	0.43	400
s_nu-mojibake	orig2	1	3.41430	0	100	0.43	400
s_nu-mojibake	null	1	3.88561	0	100	0.43	400
s_nu-mojibake	rev	1	3.41762	0	100	0.43	400
s_nu-mojibake	orig@p16	1	3.89659	0	100	0.43	400
s_nu-mojibake	orig@p32	1	3.41795	0	100	0.43	400
s_nu-mojibake	orig@p48	1	3.98939	0	100	0.43	400
s_nu-mojibake	orig@p64	1	3.92852	0	100	0.43	400
s_nu-mojibake	orig@p80	1	3.48947	0	100	0.43	400
s_nu-mojibake	orig@p96	1	3.48947	0	100	0.43	400
s_nu-mojibake	orig@p112	1	3.40698	0	100	0.43	400
s_nu-mojibake	rev@p16	1	3.40731	0	100	0.43	400
s_nu-mojibake	rev@p32	1	3.40365	0	100	0.43	400
s_nu-mojibake	rev@p48	1	3.40365	0	100	0.43	400
s_nu-mojibake	rev@p64	1	3.41064	0	100	0.43	400
s_nu-mojibake	rev@p80	1	3.41795	0	100	0.43	400
s_nu-mojibake	rev@p96	1	3.41064	0	100	0.43	400
s_nu-mojibake	rev@p112	1	3.40698	0	100	0.43	400
s_nu-mojibake	orig	1	3.41430	0	100	0.43	400
s_nu-mojibake	null	2	3.40365	0	100	0.43	400
s_nu-mojibake	rev	2	3.40698	0	100	0.43	400
s_nu-mojibake	orig@p16	2	3.40731	0	100	0.43	400
s_nu-mojibake	orig@p32	2	3.41097	0	100	0.43	400
s_nu-mojibake	orig@p48	2	3.49645	0	100	0.43	400
s_nu-mojibake	orig@p64	2	3.49645	0	100	0.43	400
s_nu-mojibake	orig@p80	2	3.50344	0	100	0.43	400
s_nu-mojibake	orig@p96	2	3.49645	0	100	0.43	400
s_nu-mojibake	orig@p112	2	3.41463	0	100	0.43	400
s_nu-mojibake	rev@p16	2	3.43226	0	100	0.43	400
s_nu-mojibake	rev@p32	2	3.41064	0	100	0.43	400
s_nu-mojibake	rev@p48	2	3.40731	0	100	0.43	400
s_nu-mojibake	rev@p64	2	3.40698	0	100	0.43	400
s_nu-mojibake	rev@p80	2	3.40731	0	100	0.43	400
s_nu-mojibake	rev@p96	2	3.40698	0	100	0.43	400
s_nu-mojibake	rev@p112	2	3.39999	0	100	0.43	400
s_nu-mojibake	orig	2	3.40698	0	100	0.43	400
s_nu-mojibake	orig2	2	3.41430	0	100	0.43	400
s_nu-mojibake	rev	3	3.41064	0	100	0.43	400
s_nu-mojibake	orig@p16	3	3.40731	0	100	0.43	400
s_nu-mojibake	orig@p32	3	3.40365	0	100	0.43	400
s_nu-mojibake	orig@p48	3	3.50377	0	100	0.43	400
s_nu-mojibake	orig@p64	3	3.50743	0	100	0.43	400
s_nu-mojibake	orig@p80	3	3.50344	0	100	0.43	400
s_nu-mojibake	orig@p96	3	3.49612	0	100	0.43	400
s_nu-mojibake	orig@p112	3	3.41064	0	100	0.43	400
s_nu-mojibake	rev@p16	3	3.40731	0	100	0.43	400
s_nu-mojibake	rev@p32	3	3.40365	0	100	0.43	400
s_nu-mojibake	rev@p48	3	3.41064	0	100	0.43	400
s_nu-mojibake	rev@p64	3	15.21415	0	100	0.43	400
s_nu-mojibake	rev@p80	3	3.40698	0	100	0.43	400
s_nu-mojibake	rev@p96	3	3.40332	0	100	0.43	400
s_nu-mojibake	rev@p112	3	3.40698	0	100	0.43	400
s_nu-mojibake	orig	3	3.41064	0	100	0.43	400
s_nu-mojibake	orig2	3	3.40731	0	100	0.43	400
s_nu-mojibake	null	3	3.42494	0	100	0.43	400
s_nu-mojibake	orig@p16	4	3.43924	0	100	0.43	400
s_nu-mojibake	orig@p32	4	3.41430	0	100	0.43	400
s_nu-mojibake	orig@p48	4	3.49645	0	100	0.43	400
s_nu-mojibake	orig@p64	4	3.49312	0	100	0.43	400
s_nu-mojibake	orig@p80	4	4.28941	0	100	0.43	400
s_nu-mojibake	orig@p96	4	4.26779	0	100	0.43	400
s_nu-mojibake	orig@p112	4	3.41097	0	100	0.43	400
s_nu-mojibake	rev@p16	4	4.15337	0	100	0.43	400
s_nu-mojibake	rev@p32	4	3.40698	0	100	0.43	400
s_nu-mojibake	rev@p48	4	1.88925	0	100	0.43	400
s_nu-mojibake	rev@p64	4	3.40731	0	100	0.43	400
s_nu-mojibake	rev@p80	4	4.15337	0	100	0.43	400
s_nu-mojibake	rev@p96	4	3.40365	0	100	0.43	400
s_nu-mojibake	rev@p112	4	4.16068	0	100	0.43	400
s_nu-mojibake	orig	4	3.41064	0	100	0.43	400
s_nu-mojibake	orig2	4	1.89258	0	100	0.43	400
s_nu-mojibake	null	4	4.16767	0	100	0.43	400
s_nu-mojibake	rev	4	1.90722	0	100	0.43	400
s_nu-mojibake	orig@p32	5	1.88227	0	100	0.43	400
s_nu-mojibake	orig@p48	5	1.93582	0	100	0.43	400
s_nu-mojibake	orig@p64	5	1.93582	0	100	0.43	400
s_nu-mojibake	orig@p80	5	1.93582	0	100	0.43	400
s_nu-mojibake	orig@p96	5	1.93216	0	100	0.43	400
s_nu-mojibake	orig@p112	5	4.15370	0	100	0.43	400
s_nu-mojibake	rev@p16	5	1.88925	0	100	0.43	400
s_nu-mojibake	rev@p32	5	1.93948	0	100	0.43	400
s_nu-mojibake	rev@p48	5	4.17499	0	100	0.43	400
s_nu-mojibake	rev@p64	5	1.88593	0	100	0.43	400
s_nu-mojibake	rev@p80	5	1.88194	0	100	0.43	400
s_nu-mojibake	rev@p96	5	4.16767	0	100	0.43	400
s_nu-mojibake	rev@p112	5	4.14272	0	100	0.43	400
s_nu-mojibake	orig	5	4.15337	0	100	0.43	400
s_nu-mojibake	orig2	5	1.88560	0	100	0.43	400
s_nu-mojibake	null	5	4.15736	0	100	0.43	400
s_nu-mojibake	rev	5	1.88925	0	100	0.43	400
s_nu-mojibake	orig@p16	5	4.15337	0	100	0.43	400
s_nu-mojibake	orig@p48	6	1.93582	0	100	0.43	400
s_nu-mojibake	orig@p64	6	4.26080	0	100	0.43	400
s_nu-mojibake	orig@p80	6	1.93582	0	100	0.43	400
s_nu-mojibake	orig@p96	6	1.93216	0	100	0.43	400
s_nu-mojibake	orig@p112	6	4.16068	0	100	0.43	400
s_nu-mojibake	rev@p16	6	1.88925	0	100	0.43	400
s_nu-mojibake	rev@p32	6	1.88593	0	100	0.43	400
s_nu-mojibake	rev@p48	6	4.15004	0	100	0.43	400
s_nu-mojibake	rev@p64	6	1.88593	0	100	0.43	400
s_nu-mojibake	rev@p80	6	1.88925	0	100	0.43	400
s_nu-mojibake	rev@p96	6	4.15736	0	100	0.43	400
s_nu-mojibake	rev@p112	6	1.88925	0	100	0.43	400
s_nu-mojibake	orig	6	1.88959	0	100	0.43	400
s_nu-mojibake	orig2	6	4.16102	0	100	0.43	400
s_nu-mojibake	null	6	1.88560	0	100	0.43	400
s_nu-mojibake	rev	6	1.88593	0	100	0.43	400
s_nu-mojibake	orig@p16	6	4.15337	0	100	0.43	400
s_nu-mojibake	orig@p32	6	5.95015	0	100	0.43	400
s_nu-mojibake	orig@p64	7	1.93582	0	100	0.43	400
s_nu-mojibake	orig@p80	7	4.25348	0	100	0.43	400
s_nu-mojibake	orig@p96	7	1.93216	0	100	0.43	400
s_nu-mojibake	orig@p112	7	1.88560	0	100	0.43	400
s_nu-mojibake	rev@p16	7	4.15004	0	100	0.43	400
s_nu-mojibake	rev@p32	7	4.14671	0	100	0.43	400
s_nu-mojibake	rev@p48	7	4.14638	0	100	0.43	400
s_nu-mojibake	rev@p64	7	1.88925	0	100	0.43	400
s_nu-mojibake	rev@p80	7	1.88925	0	100	0.43	400
s_nu-mojibake	rev@p96	7	1.88593	0	100	0.43	400
s_nu-mojibake	rev@p112	7	4.15004	0	100	0.43	400
s_nu-mojibake	orig	7	1.88560	0	100	0.43	400
s_nu-mojibake	orig2	7	1.88925	0	100	0.43	400
s_nu-mojibake	null	7	4.16434	0	100	0.43	400
s_nu-mojibake	rev	7	1.88925	0	100	0.43	400
s_nu-mojibake	orig@p16	7	1.88925	0	100	0.43	400
s_nu-mojibake	orig@p32	7	4.15337	0	100	0.43	400
s_nu-mojibake	orig@p48	7	1.93216	0	100	0.43	400
s_nu-mojibake	orig@p80	8	1.93582	0	100	0.43	400
s_nu-mojibake	orig@p96	8	4.26080	0	100	0.43	400
s_nu-mojibake	orig@p112	8	1.88959	0	100	0.43	400
s_nu-mojibake	rev@p16	8	1.88925	0	100	0.43	400
s_nu-mojibake	rev@p32	8	4.15004	0	100	0.43	400
s_nu-mojibake	rev@p48	8	1.88194	0	100	0.43	400
s_nu-mojibake	rev@p64	8	1.88560	0	100	0.43	400
s_nu-mojibake	rev@p80	8	4.15004	0	100	0.43	400
s_nu-mojibake	rev@p96	8	1.88560	0	100	0.43	400
s_nu-mojibake	rev@p112	8	1.88227	0	100	0.43	400
s_nu-mojibake	orig	8	4.15337	0	100	0.43	400
s_nu-mojibake	orig2	8	1.88227	0	100	0.43	400
s_nu-mojibake	null	8	1.89291	0	100	0.43	400
s_nu-mojibake	rev	8	4.15370	0	100	0.43	400
s_nu-mojibake	orig@p16	8	1.88593	0	100	0.43	400
s_nu-mojibake	orig@p32	8	1.54999	0	100	0.43	400
s_nu-mojibake	orig@p48	8	1.94281	0	100	0.43	400
s_nu-mojibake	orig@p64	8	3.98939	0	100	0.43	400
s_nu-mojibake	orig@p96	9	4.26446	0	100	0.43	400
s_nu-mojibake	orig@p112	9	1.56096	0	100	0.43	400
s_nu-mojibake	rev@p16	9	3.82840	0	100	0.43	400
s_nu-mojibake	rev@p32	9	3.88195	0	100	0.43	400
s_nu-mojibake	rev@p48	9	3.84337	0	100	0.43	400
s_nu-mojibake	rev@p64	9	3.88561	0	100	0.43	400
s_nu-mojibake	rev@p80	9	3.83938	0	100	0.43	400
s_nu-mojibake	rev@p96	9	3.88195	0	100	0.43	400
s_nu-mojibake	rev@p112	9	12.25388	0	100	0.43	400
s_nu-mojibake	orig	9	1.55365	0	100	0.43	400
s_nu-mojibake	orig2	9	3.83572	0	100	0.43	400
s_nu-mojibake	null	9	3.83938	0	100	0.43	400
s_nu-mojibake	rev	9	3.50011	0	100	0.43	400
s_nu-mojibake	orig@p16	9	3.40365	0	100	0.43	400
s_nu-mojibake	orig@p32	9	3.39999	0	100	0.43	400
s_nu-mojibake	orig@p48	9	3.50011	0	100	0.43	400
s_nu-mojibake	orig@p64	9	3.50709	0	100	0.43	400
s_nu-mojibake	orig@p80	9	3.50377	0	100	0.43	400
s_nu-mojibake	orig@p112	10	3.41064	0	100	0.43	400
s_nu-mojibake	rev@p16	10	3.40731	0	100	0.43	400
s_nu-mojibake	rev@p32	10	3.41430	0	100	0.43	400
s_nu-mojibake	rev@p48	10	3.40365	0	100	0.43	400
s_nu-mojibake	rev@p64	10	3.40365	0	100	0.43	400
s_nu-mojibake	rev@p80	10	3.40731	0	100	0.43	400
s_nu-mojibake	rev@p96	10	3.41064	0	100	0.43	400
s_nu-mojibake	rev@p112	10	3.41097	0	100	0.43	400
s_nu-mojibake	orig	10	3.43592	0	100	0.43	400
s_nu-mojibake	orig2	10	3.40698	0	100	0.43	400
s_nu-mojibake	null	10	3.40365	0	100	0.43	400
s_nu-mojibake	rev	10	3.41064	0	100	0.43	400
s_nu-mojibake	orig@p16	10	3.41430	0	100	0.43	400
s_nu-mojibake	orig@p32	10	2.27143	0	100	0.43	400
s_nu-mojibake	orig@p48	10	3.49645	0	100	0.43	400
s_nu-mojibake	orig@p64	10	1.93915	0	100	0.43	400
s_nu-mojibake	orig@p80	10	3.49645	0	100	0.43	400
s_nu-mojibake	orig@p96	10	1.93549	0	100	0.43	400
s_rd-date-hit	orig	0	2.63983	0	100	0.43	400
s_rd-date-hit	orig2	0	4.76977	0	100	0.43	400
s_rd-date-hit	null	0	5.82496	0	100	0.43	400
s_rd-date-hit	rev	0	4.77489	0	100	0.43	400
s_rd-date-hit	orig@p16	0	5.83008	0	100	0.43	400
s_rd-date-hit	orig@p32	0	4.79026	0	100	0.43	400
s_rd-date-hit	orig@p48	0	2.71015	0	100	0.43	400
s_rd-date-hit	orig@p64	0	4.88479	0	100	0.43	400
s_rd-date-hit	orig@p80	0	2.70968	0	100	0.43	400
s_rd-date-hit	orig@p96	0	4.90015	0	100	0.43	400
s_rd-date-hit	orig@p112	0	5.80493	0	100	0.43	400
s_rd-date-hit	rev@p16	0	4.78514	0	100	0.43	400
s_rd-date-hit	rev@p32	0	5.81518	0	100	0.43	400
s_rd-date-hit	rev@p48	0	4.76511	0	100	0.43	400
s_rd-date-hit	rev@p64	0	2.63983	0	100	0.43	400
s_rd-date-hit	rev@p80	0	4.77489	0	100	0.43	400
s_rd-date-hit	rev@p96	0	2.65008	0	100	0.43	400
s_rd-date-hit	rev@p112	0	4.77536	0	100	0.43	400
s_rd-date-hit	orig2	1	2.64030	0	100	0.43	400
s_rd-date-hit	null	1	4.77489	0	100	0.43	400
s_rd-date-hit	rev	1	5.81518	0	100	0.43	400
s_rd-date-hit	orig@p16	1	4.76977	0	100	0.43	400
s_rd-date-hit	orig@p32	1	2.63983	0	100	0.43	400
s_rd-date-hit	orig@p48	1	4.89503	0	100	0.43	400
s_rd-date-hit	orig@p64	1	2.70503	0	100	0.43	400
s_rd-date-hit	orig@p80	1	4.89503	0	100	0.43	400
s_rd-date-hit	orig@p96	1	2.71993	0	100	0.43	400
s_rd-date-hit	orig@p112	1	4.76558	0	100	0.43	400
s_rd-date-hit	rev@p16	1	2.63983	0	100	0.43	400
s_rd-date-hit	rev@p32	1	4.76977	0	100	0.43	400
s_rd-date-hit	rev@p48	1	5.81983	0	100	0.43	400
s_rd-date-hit	rev@p64	1	4.77489	0	100	0.43	400
s_rd-date-hit	rev@p80	1	2.64030	0	100	0.43	400
s_rd-date-hit	rev@p96	1	4.76511	0	100	0.43	400
s_rd-date-hit	rev@p112	1	2.64030	0	100	0.43	400
s_rd-date-hit	orig	1	4.76511	0	100	0.43	400
s_rd-date-hit	null	2	2.65520	0	100	0.43	400
s_rd-date-hit	rev	2	4.77536	0	100	0.43	400
s_rd-date-hit	orig@p16	2	5.80493	0	100	0.43	400
s_rd-date-hit	orig@p32	2	4.77023	0	100	0.43	400
s_rd-date-hit	orig@p48	2	2.70968	0	100	0.43	400
s_rd-date-hit	orig@p64	2	4.88991	0	100	0.43	400
s_rd-date-hit	orig@p80	2	2.71481	0	100	0.43	400
s_rd-date-hit	orig@p96	2	4.88991	0	100	0.43	400
s_rd-date-hit	orig@p112	2	2.63983	0	100	0.43	400
s_rd-date-hit	rev@p16	2	4.76977	0	100	0.43	400
s_rd-date-hit	rev@p32	2	2.73529	0	100	0.43	400
s_rd-date-hit	rev@p48	2	4.75999	0	100	0.43	400
s_rd-date-hit	rev@p64	2	2.64030	0	100	0.43	400
s_rd-date-hit	rev@p80	2	4.76511	0	100	0.43	400
s_rd-date-hit	rev@p96	2	5.81518	0	100	0.43	400
s_rd-date-hit	rev@p112	2	4.80004	0	100	0.43	400
s_rd-date-hit	orig	2	2.64496	0	100	0.43	400
s_rd-date-hit	orig2	2	5.81518	0	100	0.43	400
s_rd-date-hit	rev	3	4.76511	0	100	0.43	400
s_rd-date-hit	orig@p16	3	2.64496	0	100	0.43	400
s_rd-date-hit	orig@p32	3	4.76511	0	100	0.43	400
s_rd-date-hit	orig@p48	3	5.96978	0	100	0.43	400
s_rd-date-hit	orig@p64	3	4.91086	0	100	0.43	400
s_rd-date-hit	orig@p80	3	2.70503	0	100	0.43	400
s_rd-date-hit	orig@p96	3	4.88991	0	100	0.43	400
s_rd-date-hit	orig@p112	3	2.63518	0	100	0.43	400
s_rd-date-hit	rev@p16	3	4.76511	0	100	0.43	400
s_rd-date-hit	rev@p32	3	5.83520	0	100	0.43	400
s_rd-date-hit	rev@p48	3	4.78001	0	100	0.43	400
s_rd-date-hit	rev@p64	3	2.64496	0	100	0.43	400
s_rd-date-hit	rev@p80	3	4.78514	0	100	0.43	400
s_rd-date-hit	rev@p96	3	2.64496	0	100	0.43	400
s_rd-date-hit	rev@p112	3	4.77536	0	100	0.43	400
s_rd-date-hit	orig	3	2.63983	0	100	0.43	400
s_rd-date-hit	orig2	3	4.78001	0	100	0.43	400
s_rd-date-hit	null	3	5.80493	0	100	0.43	400
s_rd-date-hit	orig@p16	4	39.39029	0	100	0.43	400
s_rd-date-hit	orig@p32	4	2.65008	0	100	0.43	400
s_rd-date-hit	orig@p48	4	5.96000	0	100	0.43	400
s_rd-date-hit	orig@p64	4	2.71015	0	100	0.43	400
s_rd-date-hit	orig@p80	4	2.71527	0	100	0.43	400
s_rd-date-hit	orig@p96	4	5.96466	0	100	0.43	400
s_rd-date-hit	orig@p112	4	2.64030	0	100	0.43	400
s_rd-date-hit	rev@p16	4	2.64030	0	100	0.43	400
s_rd-date-hit	rev@p32	4	2.63471	0	100	0.43	400
s_rd-date-hit	rev@p48	4	5.81518	0	100	0.43	400
s_rd-date-hit	rev@p64	4	2.63983	0	100	0.43	400
s_rd-date-hit	rev@p80	4	5.81518	0	100	0.43	400
s_rd-date-hit	rev@p96	4	2.64496	0	100	0.43	400
s_rd-date-hit	rev@p112	4	2.64496	0	100	0.43	400
s_rd-date-hit	orig	4	2.64961	0	100	0.43	400
s_rd-date-hit	orig2	4	5.81983	0	100	0.43	400
s_rd-date-hit	null	4	2.64496	0	100	0.43	400
s_rd-date-hit	rev	4	2.64496	0	100	0.43	400
s_rd-date-hit	orig@p32	5	5.81006	0	100	0.43	400
s_rd-date-hit	orig@p48	5	2.71015	0	100	0.43	400
s_rd-date-hit	orig@p64	5	2.71527	0	100	0.43	400
s_rd-date-hit	orig@p80	5	2.71015	0	100	0.43	400
s_rd-date-hit	orig@p96	5	5.96000	0	100	0.43	400
s_rd-date-hit	orig@p112	5	2.64496	0	100	0.43	400
s_rd-date-hit	rev@p16	5	2.64961	0	100	0.43	400
s_rd-date-hit	rev@p32	5	5.82030	0	100	0.43	400
s_rd-date-hit	rev@p48	5	2.63983	0	100	0.43	400
s_rd-date-hit	rev@p64	5	5.81006	0	100	0.43	400
s_rd-date-hit	rev@p80	5	2.64030	0	100	0.43	400
s_rd-date-hit	rev@p96	5	5.83008	0	100	0.43	400
s_rd-date-hit	rev@p112	5	2.63983	0	100	0.43	400
s_rd-date-hit	orig	5	2.64542	0	100	0.43	400
s_rd-date-hit	orig2	5	5.81471	0	100	0.43	400
s_rd-date-hit	null	5	2.64496	0	100	0.43	400
s_rd-date-hit	rev	5	5.81471	0	100	0.43	400
s_rd-date-hit	orig@p16	5	2.64542	0	100	0.43	400
s_rd-date-hit	orig@p48	6	2.70503	0	100	0.43	400
s_rd-date-hit	orig@p64	6	5.96512	0	100	0.43	400
s_rd-date-hit	orig@p80	6	2.71015	0	100	0.43	400
s_rd-date-hit	orig@p96	6	2.71993	0	100	0.43	400
s_rd-date-hit	orig@p112	6	2.63983	0	100	0.43	400
s_rd-date-hit	rev@p16	6	5.82496	0	100	0.43	400
s_rd-date-hit	rev@p32	6	2.64496	0	100	0.43	400
s_rd-date-hit	rev@p48	6	2.63983	0	100	0.43	400
s_rd-date-hit	rev@p64	6	2.64496	0	100	0.43	400
s_rd-date-hit	rev@p80	6	5.81006	0	100	0.43	400
s_rd-date-hit	rev@p96	6	2.64496	0	100	0.43	400
s_rd-date-hit	rev@p112	6	5.80540	0	100	0.43	400
s_rd-date-hit	orig	6	2.63983	0	100	0.43	400
s_rd-date-hit	orig2	6	5.80959	0	100	0.43	400
s_rd-date-hit	null	6	2.64030	0	100	0.43	400
s_rd-date-hit	rev	6	2.64496	0	100	0.43	400
s_rd-date-hit	orig@p16	6	5.80540	0	100	0.43	400
s_rd-date-hit	orig@p32	6	2.64496	0	100	0.43	400
s_rd-date-hit	orig@p64	7	5.96466	0	100	0.43	400
s_rd-date-hit	orig@p80	7	2.71015	0	100	0.43	400
s_rd-date-hit	orig@p96	7	5.96046	0	100	0.43	400
s_rd-date-hit	orig@p112	7	2.64496	0	100	0.43	400
s_rd-date-hit	rev@p16	7	2.64496	0	100	0.43	400
s_rd-date-hit	rev@p32	7	5.79981	0	100	0.43	400
s_rd-date-hit	rev@p48	7	2.64496	0	100	0.43	400
s_rd-date-hit	rev@p64	7	5.81006	0	100	0.43	400
s_rd-date-hit	rev@p80	7	2.64496	0	100	0.43	400
s_rd-date-hit	rev@p96	7	2.64030	0	100	0.43	400
s_rd-date-hit	rev@p112	7	2.63983	0	100	0.43	400
s_rd-date-hit	orig	7	5.83986	0	100	0.43	400
s_rd-date-hit	orig2	7	2.64030	0	100	0.43	400
s_rd-date-hit	null	7	2.63983	0	100	0.43	400
s_rd-date-hit	rev	7	2.64496	0	100	0.43	400
s_rd-date-hit	orig@p16	7	5.81006	0	100	0.43	400
s_rd-date-hit	orig@p32	7	2.63983	0	100	0.43	400
s_rd-date-hit	orig@p48	7	2.71993	0	100	0.43	400
s_rd-date-hit	orig@p80	8	5.57536	0	100	0.43	400
s_rd-date-hit	orig@p96	8	2.71015	0	100	0.43	400
s_rd-date-hit	orig@p112	8	2.64496	0	100	0.43	400
s_rd-date-hit	rev@p16	8	2.63983	0	100	0.43	400
s_rd-date-hit	rev@p32	8	2.63983	0	100	0.43	400
s_rd-date-hit	rev@p48	8	2.63983	0	100	0.43	400
s_rd-date-hit	rev@p64	8	2.63983	0	100	0.43	400
s_rd-date-hit	rev@p80	8	2.65986	0	100	0.43	400
s_rd-date-hit	rev@p96	8	2.64496	0	100	0.43	400
s_rd-date-hit	rev@p112	8	2.63983	0	100	0.43	400
s_rd-date-hit	orig	8	2.63471	0	100	0.43	400
s_rd-date-hit	orig2	8	2.65008	0	100	0.43	400
s_rd-date-hit	null	8	2.63983	0	100	0.43	400
s_rd-date-hit	rev	8	2.63983	0	100	0.43	400
s_rd-date-hit	orig@p16	8	2.64030	0	100	0.43	400
s_rd-date-hit	orig@p32	8	2.63983	0	100	0.43	400
s_rd-date-hit	orig@p48	8	3.34531	0	100	0.43	400
s_rd-date-hit	orig@p64	8	5.95488	0	100	0.43	400
s_rd-date-hit	orig@p96	9	2.23005	0	100	0.43	400
s_rd-date-hit	orig@p112	9	5.80959	0	100	0.43	400
s_rd-date-hit	rev@p16	9	2.16998	0	100	0.43	400
s_rd-date-hit	rev@p32	9	2.65008	0	100	0.43	400
s_rd-date-hit	rev@p48	9	5.43008	0	100	0.43	400
s_rd-date-hit	rev@p64	9	2.64496	0	100	0.43	400
s_rd-date-hit	rev@p80	9	2.17510	0	100	0.43	400
s_rd-date-hit	rev@p96	9	5.81471	0	100	0.43	400
s_rd-date-hit	rev@p112	9	2.16998	0	100	0.43	400
s_rd-date-hit	orig	9	5.81006	0	100	0.43	400
s_rd-date-hit	orig2	9	5.45010	0	100	0.43	400
s_rd-date-hit	null	9	2.63471	0	100	0.43	400
s_rd-date-hit	rev	9	2.17464	0	100	0.43	400
s_rd-date-hit	orig@p16	9	5.83986	0	100	0.43	400
s_rd-date-hit	orig@p32	9	2.17464	0	100	0.43	400
s_rd-date-hit	orig@p48	9	5.96978	0	100	0.43	400
s_rd-date-hit	orig@p64	9	2.23005	0	100	0.43	400
s_rd-date-hit	orig@p80	9	2.78465	0	100	0.43	400
s_rd-date-hit	orig@p112	10	5.45057	0	100	0.43	400
s_rd-date-hit	rev@p16	10	5.80493	0	100	0.43	400
s_rd-date-hit	rev@p32	10	2.17510	0	100	0.43	400
s_rd-date-hit	rev@p48	10	5.81006	0	100	0.43	400
s_rd-date-hit	rev@p64	10	5.81006	0	100	0.43	400
s_rd-date-hit	rev@p80	10	2.72039	0	100	0.43	400
s_rd-date-hit	rev@p96	10	2.63471	0	100	0.43	400
s_rd-date-hit	rev@p112	10	5.46500	0	100	0.43	400
s_rd-date-hit	orig	10	5.81006	0	100	0.43	400
s_rd-date-hit	orig2	10	2.17510	0	100	0.43	400
s_rd-date-hit	null	10	2.63983	0	100	0.43	400
s_rd-date-hit	rev	10	2.71481	0	100	0.43	400
s_rd-date-hit	orig@p16	10	5.80493	0	100	0.43	400
s_rd-date-hit	orig@p32	10	5.44498	0	100	0.43	400
s_rd-date-hit	orig@p48	10	2.71015	0	100	0.43	400
s_rd-date-hit	orig@p64	10	2.23471	0	100	0.43	400
s_rd-date-hit	orig@p80	10	17.64484	0	100	0.43	400
s_rd-date-hit	orig@p96	10	2.78978	0	100	0.43	400
s_rd-email-hit	orig	0	2.70759	0	100	0.43	400
s_rd-email-hit	orig2	0	1.08988	0	100	0.43	400
s_rd-email-hit	null	0	2.69013	0	100	0.43	400
s_rd-email-hit	rev	0	1.35996	0	100	0.43	400
s_rd-email-hit	orig@p16	0	2.69245	0	100	0.43	400
s_rd-email-hit	orig@p32	0	2.73739	0	100	0.43	400
s_rd-email-hit	orig@p48	0	2.75509	0	100	0.43	400
s_rd-email-hit	orig@p64	0	3.06498	0	100	0.43	400
s_rd-email-hit	orig@p80	0	2.75252	0	100	0.43	400
s_rd-email-hit	orig@p96	0	1.35507	0	100	0.43	400
s_rd-email-hit	orig@p112	0	2.68244	0	100	0.43	400
s_rd-email-hit	rev@p16	0	2.90014	0	100	0.43	400
s_rd-email-hit	rev@p32	0	2.68756	0	100	0.43	400
s_rd-email-hit	rev@p48	0	2.90759	0	100	0.43	400
s_rd-email-hit	rev@p64	0	2.68244	0	100	0.43	400
s_rd-email-hit	rev@p80	0	1.31992	0	100	0.43	400
s_rd-email-hit	rev@p96	0	2.68756	0	100	0.43	400
s_rd-email-hit	rev@p112	0	2.90247	0	100	0.43	400
s_rd-email-hit	orig2	1	2.69013	0	100	0.43	400
s_rd-email-hit	null	1	2.90480	0	100	0.43	400
s_rd-email-hit	rev	1	2.68500	0	100	0.43	400
s_rd-email-hit	orig@p16	1	1.32504	0	100	0.43	400
s_rd-email-hit	orig@p32	1	2.68500	0	100	0.43	400
s_rd-email-hit	orig@p48	1	2.98000	0	100	0.43	400
s_rd-email-hit	orig@p64	1	2.75741	0	100	0.43	400
s_rd-email-hit	orig@p80	1	2.97488	0	100	0.43	400
s_rd-email-hit	orig@p96	1	2.75509	0	100	0.43	400
s_rd-email-hit	orig@p112	1	1.33249	0	100	0.43	400
s_rd-email-hit	rev@p16	1	2.67755	0	100	0.43	400
s_rd-email-hit	rev@p32	1	2.90503	0	100	0.43	400
s_rd-email-hit	rev@p48	1	2.68244	0	100	0.43	400
s_rd-email-hit	rev@p64	1	1.32271	0	100	0.43	400
s_rd-email-hit	rev@p80	1	2.68500	0	100	0.43	400
s_rd-email-hit	rev@p96	1	2.90759	0	100	0.43	400
s_rd-email-hit	rev@p112	1	2.68756	0	100	0.43	400
s_rd-email-hit	orig	1	1.32015	0	100	0.43	400
s_rd-email-hit	null	2	2.68733	0	100	0.43	400
s_rd-email-hit	rev	2	2.90759	0	100	0.43	400
s_rd-email-hit	orig@p16	2	2.67988	0	100	0.43	400
s_rd-email-hit	orig@p32	2	2.90503	0	100	0.43	400
s_rd-email-hit	orig@p48	2	2.76743	0	100	0.43	400
s_rd-email-hit	orig@p64	2	1.35507	0	100	0.43	400
s_rd-email-hit	orig@p80	2	2.75252	0	100	0.43	400
s_rd-email-hit	orig@p96	2	2.98256	0	100	0.43	400
s_rd-email-hit	orig@p112	2	2.69245	0	100	0.43	400
s_rd-email-hit	rev@p16	2	2.68989	0	100	0.43	400
s_rd-email-hit	rev@p32	2	2.38512	0	100	0.43	400
s_rd-email-hit	rev@p48	2	2.38256	0	100	0.43	400
s_rd-email-hit	rev@p64	2	2.38977	0	100	0.43	400
s_rd-email-hit	rev@p80	2	2.38745	0	100	0.43	400
s_rd-email-hit	rev@p96	2	2.38488	0	100	0.43	400
s_rd-email-hit	rev@p112	2	2.38256	0	100	0.43	400
s_rd-email-hit	orig	2	2.40002	0	100	0.43	400
s_rd-email-hit	orig2	2	2.38488	0	100	0.43	400
s_rd-email-hit	rev	3	2.39001	0	100	0.43	400
s_rd-email-hit	orig@p16	3	2.38488	0	100	0.43	400
s_rd-email-hit	orig@p32	3	2.38512	0	100	0.43	400
s_rd-email-hit	orig@p48	3	2.44495	0	100	0.43	400
s_rd-email-hit	orig@p64	3	2.44752	0	100	0.43	400
s_rd-email-hit	orig@p80	3	2.44495	0	100	0.43	400
s_rd-email-hit	orig@p96	3	2.44984	0	100	0.43	400
s_rd-email-hit	orig@p112	3	2.39001	0	100	0.43	400
s_rd-email-hit	rev@p16	3	2.38745	0	100	0.43	400
s_rd-email-hit	rev@p32	3	6.40261	0	100	0.43	400
s_rd-email-hit	rev@p48	3	2.38512	0	100	0.43	400
s_rd-email-hit	rev@p64	3	2.38488	0	100	0.43	400
s_rd-email-hit	rev@p80	3	2.38488	0	100	0.43	400
s_rd-email-hit	rev@p96	3	2.38488	0	100	0.43	400
s_rd-email-hit	rev@p112	3	2.38256	0	100	0.43	400
s_rd-email-hit	orig	3	2.38279	0	100	0.43	400
s_rd-email-hit	orig2	3	2.38768	0	100	0.43	400
s_rd-email-hit	null	3	2.38512	0	100	0.43	400
s_rd-email-hit	orig@p16	4	2.38745	0	100	0.43	400
s_rd-email-hit	orig@p32	4	2.39001	0	100	0.43	400
s_rd-email-hit	orig@p48	4	2.44752	0	100	0.43	400
s_rd-email-hit	orig@p64	4	2.44984	0	100	0.43	400
s_rd-email-hit	orig@p80	4	2.44752	0	100	0.43	400
s_rd-email-hit	orig@p96	4	2.45008	0	100	0.43	400
s_rd-email-hit	orig@p112	4	2.38745	0	100	0.43	400
s_rd-email-hit	rev@p16	4	2.38256	0	100	0.43	400
s_rd-email-hit	rev@p32	4	2.38768	0	100	0.43	400
s_rd-email-hit	rev@p48	4	2.38256	0	100	0.43	400
s_rd-email-hit	rev@p64	4	2.38488	0	100	0.43	400
s_rd-email-hit	rev@p80	4	2.38256	0	100	0.43	400
s_rd-email-hit	rev@p96	4	2.38791	0	100	0.43	400
s_rd-email-hit	rev@p112	4	2.38232	0	100	0.43	400
s_rd-email-hit	orig	4	2.39233	0	100	0.43	400
s_rd-email-hit	orig2	4	2.38232	0	100	0.43	400
s_rd-email-hit	null	4	2.39001	0	100	0.43	400
s_rd-email-hit	rev	4	2.39001	0	100	0.43	400
s_rd-email-hit	orig@p32	5	2.42260	0	100	0.43	400
s_rd-email-hit	orig@p48	5	2.44495	0	100	0.43	400
s_rd-email-hit	orig@p64	5	2.45241	0	100	0.43	400
s_rd-email-hit	orig@p80	5	2.44752	0	100	0.43	400
s_rd-email-hit	orig@p96	5	2.44752	0	100	0.43	400
s_rd-email-hit	orig@p112	5	6.43730	0	100	0.43	400
s_rd-email-hit	rev@p16	5	2.38488	0	100	0.43	400
s_rd-email-hit	rev@p32	5	7.28737	0	100	0.43	400
s_rd-email-hit	rev@p48	5	2.40491	0	100	0.43	400
s_rd-email-hit	rev@p64	5	2.38488	0	100	0.43	400
s_rd-email-hit	rev@p80	5	2.38512	0	100	0.43	400
s_rd-email-hit	rev@p96	5	2.38232	0	100	0.43	400
s_rd-email-hit	rev@p112	5	2.39233	0	100	0.43	400
s_rd-email-hit	orig	5	2.38279	0	100	0.43	400
s_rd-email-hit	orig2	5	2.38488	0	100	0.43	400
s_rd-email-hit	null	5	2.39490	0	100	0.43	400
s_rd-email-hit	rev	5	2.38512	0	100	0.43	400
s_rd-email-hit	orig@p16	5	2.38745	0	100	0.43	400
s_rd-email-hit	orig@p48	6	2.45241	0	100	0.43	400
s_rd-email-hit	orig@p64	6	2.44752	0	100	0.43	400
s_rd-email-hit	orig@p80	6	2.44495	0	100	0.43	400
s_rd-email-hit	orig@p96	6	2.44495	0	100	0.43	400
s_rd-email-hit	orig@p112	6	2.39001	0	100	0.43	400
s_rd-email-hit	rev@p16	6	2.39490	0	100	0.43	400
s_rd-email-hit	rev@p32	6	2.39001	0	100	0.43	400
s_rd-email-hit	rev@p48	6	2.38745	0	100	0.43	400
s_rd-email-hit	rev@p64	6	2.38256	0	100	0.43	400
s_rd-email-hit	rev@p80	6	2.38488	0	100	0.43	400
s_rd-email-hit	rev@p96	6	2.39024	0	100	0.43	400
s_rd-email-hit	rev@p112	6	2.38232	0	100	0.43	400
s_rd-email-hit	orig	6	2.38232	0	100	0.43	400
s_rd-email-hit	orig2	6	2.38256	0	100	0.43	400
s_rd-email-hit	null	6	2.38488	0	100	0.43	400
s_rd-email-hit	rev	6	2.38488	0	100	0.43	400
s_rd-email-hit	orig@p16	6	2.38768	0	100	0.43	400
s_rd-email-hit	orig@p32	6	2.38512	0	100	0.43	400
s_rd-email-hit	orig@p64	7	2.45264	0	100	0.43	400
s_rd-email-hit	orig@p80	7	2.44495	0	100	0.43	400
s_rd-email-hit	orig@p96	7	2.44519	0	100	0.43	400
s_rd-email-hit	orig@p112	7	2.38232	0	100	0.43	400
s_rd-email-hit	rev@p16	7	2.39001	0	100	0.43	400
s_rd-email-hit	rev@p32	7	2.38488	0	100	0.43	400
s_rd-email-hit	rev@p48	7	2.38232	0	100	0.43	400
s_rd-email-hit	rev@p64	7	2.38745	0	100	0.43	400
s_rd-email-hit	rev@p80	7	2.38745	0	100	0.43	400
s_rd-email-hit	rev@p96	7	2.38488	0	100	0.43	400
s_rd-email-hit	rev@p112	7	2.39257	0	100	0.43	400
s_rd-email-hit	orig	7	2.38488	0	100	0.43	400
s_rd-email-hit	orig2	7	2.38745	0	100	0.43	400
s_rd-email-hit	null	7	2.39001	0	100	0.43	400
s_rd-email-hit	rev	7	1.63261	0	100	0.43	400
s_rd-email-hit	orig@p16	7	2.38745	0	100	0.43	400
s_rd-email-hit	orig@p32	7	2.72482	0	100	0.43	400
s_rd-email-hit	orig@p48	7	2.44495	0	100	0.43	400
s_rd-email-hit	orig@p80	8	1.13016	0	100	0.43	400
s_rd-email-hit	orig@p96	8	2.45008	0	100	0.43	400
s_rd-email-hit	orig@p112	8	1.09011	0	100	0.43	400
s_rd-email-hit	rev@p16	8	2.38488	0	100	0.43	400
s_rd-email-hit	rev@p32	8	2.72249	0	100	0.43	400
s_rd-email-hit	rev@p48	8	2.38488	0	100	0.43	400
s_rd-email-hit	rev@p64	8	5.07501	0	100	0.43	400
s_rd-email-hit	rev@p80	8	2.39001	0	100	0.43	400
s_rd-email-hit	rev@p96	8	1.08755	0	100	0.43	400
s_rd-email-hit	rev@p112	8	2.38512	0	100	0.43	400
s_rd-email-hit	orig	8	2.72505	0	100	0.43	400
s_rd-email-hit	orig2	8	2.38745	0	100	0.43	400
s_rd-email-hit	null	8	2.71993	0	100	0.43	400
s_rd-email-hit	rev	8	2.39001	0	100	0.43	400
s_rd-email-hit	orig@p16	8	2.72249	0	100	0.43	400
s_rd-email-hit	orig@p32	8	2.39001	0	100	0.43	400
s_rd-email-hit	orig@p48	8	2.79001	0	100	0.43	400
s_rd-email-hit	orig@p64	8	2.75485	0	100	0.43	400
s_rd-email-hit	orig@p96	9	2.44519	0	100	0.43	400
s_rd-email-hit	orig@p112	9	2.39490	0	100	0.43	400
s_rd-email-hit	rev@p16	9	2.38745	0	100	0.43	400
s_rd-email-hit	rev@p32	9	2.38768	0	100	0.43	400
s_rd-email-hit	rev@p48	9	2.38512	0	100	0.43	400
s_rd-email-hit	rev@p64	9	2.38488	0	100	0.43	400
s_rd-email-hit	rev@p80	9	2.38256	0	100	0.43	400
s_rd-email-hit	rev@p96	9	2.39233	0	100	0.43	400
s_rd-email-hit	rev@p112	9	2.38488	0	100	0.43	400
s_rd-email-hit	orig	9	2.38512	0	100	0.43	400
s_rd-email-hit	orig2	9	2.38488	0	100	0.43	400
s_rd-email-hit	null	9	2.38488	0	100	0.43	400
s_rd-email-hit	rev	9	2.38256	0	100	0.43	400
s_rd-email-hit	orig@p16	9	2.38488	0	100	0.43	400
s_rd-email-hit	orig@p32	9	2.39513	0	100	0.43	400
s_rd-email-hit	orig@p48	9	2.44263	0	100	0.43	400
s_rd-email-hit	orig@p64	9	2.44752	0	100	0.43	400
s_rd-email-hit	orig@p80	9	2.44752	0	100	0.43	400
s_rd-email-hit	orig@p112	10	2.38512	0	100	0.43	400
s_rd-email-hit	rev@p16	10	2.39490	0	100	0.43	400
s_rd-email-hit	rev@p32	10	2.37999	0	100	0.43	400
s_rd-email-hit	rev@p48	10	2.37999	0	100	0.43	400
s_rd-email-hit	rev@p64	10	2.38512	0	100	0.43	400
s_rd-email-hit	rev@p80	10	2.38256	0	100	0.43	400
s_rd-email-hit	rev@p96	10	2.38745	0	100	0.43	400
s_rd-email-hit	rev@p112	10	2.37999	0	100	0.43	400
s_rd-email-hit	orig	10	2.39001	0	100	0.43	400
s_rd-email-hit	orig2	10	2.38232	0	100	0.43	400
s_rd-email-hit	null	10	2.38488	0	100	0.43	400
s_rd-email-hit	rev	10	2.38745	0	100	0.43	400
s_rd-email-hit	orig@p16	10	2.38488	0	100	0.43	400
s_rd-email-hit	orig@p32	10	2.38256	0	100	0.43	400
s_rd-email-hit	orig@p48	10	2.44752	0	100	0.43	400
s_rd-email-hit	orig@p64	10	2.44752	0	100	0.43	400
s_rd-email-hit	orig@p80	10	2.44752	0	100	0.43	400
s_rd-email-hit	orig@p96	10	2.45241	0	100	0.43	400
s_rd-email-near-miss	orig	0	1.19128	0	100	0.43	400
s_rd-email-near-miss	orig2	0	1.19244	0	100	0.43	400
s_rd-email-near-miss	null	0	1.19256	0	100	0.43	400
s_rd-email-near-miss	rev	0	1.19372	0	100	0.43	400
s_rd-email-near-miss	orig@p16	0	1.19372	0	100	0.43	400
s_rd-email-near-miss	orig@p32	0	1.19244	0	100	0.43	400
s_rd-email-near-miss	orig@p48	0	1.22248	0	100	0.43	400
s_rd-email-near-miss	orig@p64	0	1.22248	0	100	0.43	400
s_rd-email-near-miss	orig@p80	0	1.22620	0	100	0.43	400
s_rd-email-near-miss	orig@p96	0	1.23121	0	100	0.43	400
s_rd-email-near-miss	orig@p112	0	1.19617	0	100	0.43	400
s_rd-email-near-miss	rev@p16	0	1.19128	0	100	0.43	400
s_rd-email-near-miss	rev@p32	0	1.19244	0	100	0.43	400
s_rd-email-near-miss	rev@p48	0	1.19500	0	100	0.43	400
s_rd-email-near-miss	rev@p64	0	1.19384	0	100	0.43	400
s_rd-email-near-miss	rev@p80	0	1.19372	0	100	0.43	400
s_rd-email-near-miss	rev@p96	0	1.19500	0	100	0.43	400
s_rd-email-near-miss	rev@p112	0	1.19256	0	100	0.43	400
s_rd-email-near-miss	orig2	1	1.19372	0	100	0.43	400
s_rd-email-near-miss	null	1	1.19128	0	100	0.43	400
s_rd-email-near-miss	rev	1	1.19628	0	100	0.43	400
s_rd-email-near-miss	orig@p16	1	1.19128	0	100	0.43	400
s_rd-email-near-miss	orig@p32	1	1.19244	0	100	0.43	400
s_rd-email-near-miss	orig@p48	1	1.22492	0	100	0.43	400
s_rd-email-near-miss	orig@p64	1	1.22620	0	100	0.43	400
s_rd-email-near-miss	orig@p80	1	1.22376	0	100	0.43	400
s_rd-email-near-miss	orig@p96	1	1.22504	0	100	0.43	400
s_rd-email-near-miss	orig@p112	1	1.19384	0	100	0.43	400
s_rd-email-near-miss	rev@p16	1	1.19116	0	100	0.43	400
s_rd-email-near-miss	rev@p32	1	1.19500	0	100	0.43	400
s_rd-email-near-miss	rev@p48	1	1.19384	0	100	0.43	400
s_rd-email-near-miss	rev@p64	1	1.19873	0	100	0.43	400
s_rd-email-near-miss	rev@p80	1	1.19256	0	100	0.43	400
s_rd-email-near-miss	rev@p96	1	1.19128	0	100	0.43	400
s_rd-email-near-miss	rev@p112	1	1.19000	0	100	0.43	400
s_rd-email-near-miss	orig	1	1.19372	0	100	0.43	400
s_rd-email-near-miss	null	2	1.22632	0	100	0.43	400
s_rd-email-near-miss	rev	2	1.19372	0	100	0.43	400
s_rd-email-near-miss	orig@p16	2	1.19384	0	100	0.43	400
s_rd-email-near-miss	orig@p32	2	1.19500	0	100	0.43	400
s_rd-email-near-miss	orig@p48	2	1.22248	0	100	0.43	400
s_rd-email-near-miss	orig@p64	2	1.22504	0	100	0.43	400
s_rd-email-near-miss	orig@p80	2	1.22620	0	100	0.43	400
s_rd-email-near-miss	orig@p96	2	1.22131	0	100	0.43	400
s_rd-email-near-miss	orig@p112	2	1.19756	0	100	0.43	400
s_rd-email-near-miss	rev@p16	2	1.19244	0	100	0.43	400
s_rd-email-near-miss	rev@p32	2	1.20001	0	100	0.43	400
s_rd-email-near-miss	rev@p48	2	1.19244	0	100	0.43	400
s_rd-email-near-miss	rev@p64	2	1.19372	0	100	0.43	400
s_rd-email-near-miss	rev@p80	2	1.19256	0	100	0.43	400
s_rd-email-near-miss	rev@p96	2	1.19372	0	100	0.43	400
s_rd-email-near-miss	rev@p112	2	1.19628	0	100	0.43	400
s_rd-email-near-miss	orig	2	1.19244	0	100	0.43	400
s_rd-email-near-miss	orig2	2	1.19244	0	100	0.43	400
s_rd-email-near-miss	rev	3	1.19628	0	100	0.43	400
s_rd-email-near-miss	orig@p16	3	3.14624	0	100	0.43	400
s_rd-email-near-miss	orig@p32	3	1.19384	0	100	0.43	400
s_rd-email-near-miss	orig@p48	3	1.22376	0	100	0.43	400
s_rd-email-near-miss	orig@p64	3	1.22364	0	100	0.43	400
s_rd-email-near-miss	orig@p80	3	1.22620	0	100	0.43	400
s_rd-email-near-miss	orig@p96	3	1.22492	0	100	0.43	400
s_rd-email-near-miss	orig@p112	3	1.19256	0	100	0.43	400
s_rd-email-near-miss	rev@p16	3	1.19256	0	100	0.43	400
s_rd-email-near-miss	rev@p32	3	1.19372	0	100	0.43	400
s_rd-email-near-miss	rev@p48	3	1.19267	0	100	0.43	400
s_rd-email-near-miss	rev@p64	3	1.19244	0	100	0.43	400
s_rd-email-near-miss	rev@p80	3	1.19256	0	100	0.43	400
s_rd-email-near-miss	rev@p96	3	1.19256	0	100	0.43	400
s_rd-email-near-miss	rev@p112	3	1.19244	0	100	0.43	400
s_rd-email-near-miss	orig	3	1.19256	0	100	0.43	400
s_rd-email-near-miss	orig2	3	1.19372	0	100	0.43	400
s_rd-email-near-miss	null	3	1.19244	0	100	0.43	400
s_rd-email-near-miss	orig@p16	4	1.19500	0	100	0.43	400
s_rd-email-near-miss	orig@p32	4	1.19628	0	100	0.43	400
s_rd-email-near-miss	orig@p48	4	1.22248	0	100	0.43	400
s_rd-email-near-miss	orig@p64	4	1.22632	0	100	0.43	400
s_rd-email-near-miss	orig@p80	4	1.22120	0	100	0.43	400
s_rd-email-near-miss	orig@p96	4	1.22248	0	100	0.43	400
s_rd-email-near-miss	orig@p112	4	1.19128	0	100	0.43	400
s_rd-email-near-miss	rev@p16	4	1.19128	0	100	0.43	400
s_rd-email-near-miss	rev@p32	4	1.19116	0	100	0.43	400
s_rd-email-near-miss	rev@p48	4	1.19256	0	100	0.43	400
s_rd-email-near-miss	rev@p64	4	1.19384	0	100	0.43	400
s_rd-email-near-miss	rev@p80	4	1.19256	0	100	0.43	400
s_rd-email-near-miss	rev@p96	4	1.19256	0	100	0.43	400
s_rd-email-near-miss	rev@p112	4	1.19256	0	100	0.43	400
s_rd-email-near-miss	orig	4	1.19128	0	100	0.43	400
s_rd-email-near-miss	orig2	4	1.19372	0	100	0.43	400
s_rd-email-near-miss	null	4	1.19256	0	100	0.43	400
s_rd-email-near-miss	rev	4	1.19500	0	100	0.43	400
s_rd-email-near-miss	orig@p32	5	1.19500	0	100	0.43	400
s_rd-email-near-miss	orig@p48	5	1.22492	0	100	0.43	400
s_rd-email-near-miss	orig@p64	5	1.22376	0	100	0.43	400
s_rd-email-near-miss	orig@p80	5	1.22259	0	100	0.43	400
s_rd-email-near-miss	orig@p96	5	1.23121	0	100	0.43	400
s_rd-email-near-miss	orig@p112	5	1.19500	0	100	0.43	400
s_rd-email-near-miss	rev@p16	5	1.19500	0	100	0.43	400
s_rd-email-near-miss	rev@p32	5	0.79116	0	100	0.43	400
s_rd-email-near-miss	rev@p48	5	0.78999	0	100	0.43	400
s_rd-email-near-miss	rev@p64	5	0.66252	0	100	0.43	400
s_rd-email-near-miss	rev@p80	5	1.49873	0	100	0.43	400
s_rd-email-near-miss	rev@p96	5	0.65996	0	100	0.43	400
s_rd-email-near-miss	rev@p112	5	3.58617	0	100	0.43	400
s_rd-email-near-miss	orig	5	1.34250	0	100	0.43	400
s_rd-email-near-miss	orig2	5	1.34122	0	100	0.43	400
s_rd-email-near-miss	null	5	1.34145	0	100	0.43	400
s_rd-email-near-miss	rev	5	1.33994	0	100	0.43	400
s_rd-email-near-miss	orig@p16	5	1.34122	0	100	0.43	400
s_rd-email-near-miss	orig@p48	6	1.37498	0	100	0.43	400
s_rd-email-near-miss	orig@p64	6	1.37754	0	100	0.43	400
s_rd-email-near-miss	orig@p80	6	1.37498	0	100	0.43	400
s_rd-email-near-miss	orig@p96	6	1.37510	0	100	0.43	400
s_rd-email-near-miss	orig@p112	6	0.65996	0	100	0.43	400
s_rd-email-near-miss	rev@p16	6	1.34006	0	100	0.43	400
s_rd-email-near-miss	rev@p32	6	1.36124	0	100	0.43	400
s_rd-email-near-miss	rev@p48	6	1.33994	0	100	0.43	400
s_rd-email-near-miss	rev@p64	6	1.35996	0	100	0.43	400
s_rd-email-near-miss	rev@p80	6	1.33994	0	100	0.43	400
s_rd-email-near-miss	rev@p96	6	1.35868	0	100	0.43	400
s_rd-email-near-miss	rev@p112	6	1.34006	0	100	0.43	400
s_rd-email-near-miss	orig	6	1.35880	0	100	0.43	400
s_rd-email-near-miss	orig2	6	1.33994	0	100	0.43	400
s_rd-email-near-miss	null	6	1.43750	0	100	0.43	400
s_rd-email-near-miss	rev	6	1.34751	0	100	0.43	400
s_rd-email-near-miss	orig@p16	6	1.33994	0	100	0.43	400
s_rd-email-near-miss	orig@p32	6	1.37370	0	100	0.43	400
s_rd-email-near-miss	orig@p64	7	1.22248	0	100	0.43	400
s_rd-email-near-miss	orig@p80	7	1.22376	0	100	0.43	400
s_rd-email-near-miss	orig@p96	7	1.22620	0	100	0.43	400
s_rd-email-near-miss	orig@p112	7	1.19128	0	100	0.43	400
s_rd-email-near-miss	rev@p16	7	1.19256	0	100	0.43	400
s_rd-email-near-miss	rev@p32	7	1.19128	0	100	0.43	400
s_rd-email-near-miss	rev@p48	7	1.19256	0	100	0.43	400
s_rd-email-near-miss	rev@p64	7	1.20117	0	100	0.43	400
s_rd-email-near-miss	rev@p80	7	1.19372	0	100	0.43	400
s_rd-email-near-miss	rev@p96	7	1.19116	0	100	0.43	400
s_rd-email-near-miss	rev@p112	7	1.19244	0	100	0.43	400
s_rd-email-near-miss	orig	7	1.19745	0	100	0.43	400
s_rd-email-near-miss	orig2	7	1.19384	0	100	0.43	400
s_rd-email-near-miss	null	7	1.19500	0	100	0.43	400
s_rd-email-near-miss	rev	7	1.19256	0	100	0.43	400
s_rd-email-near-miss	orig@p16	7	1.19128	0	100	0.43	400
s_rd-email-near-miss	orig@p32	7	1.19128	0	100	0.43	400
s_rd-email-near-miss	orig@p48	7	1.22515	0	100	0.43	400
s_rd-email-near-miss	orig@p80	8	1.22143	0	100	0.43	400
s_rd-email-near-miss	orig@p96	8	1.22248	0	100	0.43	400
s_rd-email-near-miss	orig@p112	8	1.19372	0	100	0.43	400
s_rd-email-near-miss	rev@p16	8	1.19256	0	100	0.43	400
s_rd-email-near-miss	rev@p32	8	1.19116	0	100	0.43	400
s_rd-email-near-miss	rev@p48	8	1.19116	0	100	0.43	400
s_rd-email-near-miss	rev@p64	8	1.19628	0	100	0.43	400
s_rd-email-near-miss	rev@p80	8	1.19256	0	100	0.43	400
s_rd-email-near-miss	rev@p96	8	1.19128	0	100	0.43	400
s_rd-email-near-miss	rev@p112	8	1.19256	0	100	0.43	400
s_rd-email-near-miss	orig	8	1.19256	0	100	0.43	400
s_rd-email-near-miss	orig2	8	1.19372	0	100	0.43	400
s_rd-email-near-miss	null	8	1.19256	0	100	0.43	400
s_rd-email-near-miss	rev	8	1.19128	0	100	0.43	400
s_rd-email-near-miss	orig@p16	8	1.19500	0	100	0.43	400
s_rd-email-near-miss	orig@p32	8	1.19128	0	100	0.43	400
s_rd-email-near-miss	orig@p48	8	1.22248	0	100	0.43	400
s_rd-email-near-miss	orig@p64	8	1.22248	0	100	0.43	400
s_rd-email-near-miss	orig@p96	9	1.22620	0	100	0.43	400
s_rd-email-near-miss	orig@p112	9	1.19768	0	100	0.43	400
s_rd-email-near-miss	rev@p16	9	1.19500	0	100	0.43	400
s_rd-email-near-miss	rev@p32	9	1.19116	0	100	0.43	400
s_rd-email-near-miss	rev@p48	9	1.19628	0	100	0.43	400
s_rd-email-near-miss	rev@p64	9	1.19873	0	100	0.43	400
s_rd-email-near-miss	rev@p80	9	1.19128	0	100	0.43	400
s_rd-email-near-miss	rev@p96	9	1.19256	0	100	0.43	400
s_rd-email-near-miss	rev@p112	9	1.19244	0	100	0.43	400
s_rd-email-near-miss	orig	9	1.19256	0	100	0.43	400
s_rd-email-near-miss	orig2	9	1.19500	0	100	0.43	400
s_rd-email-near-miss	null	9	1.19128	0	100	0.43	400
s_rd-email-near-miss	rev	9	1.19384	0	100	0.43	400
s_rd-email-near-miss	orig@p16	9	1.19244	0	100	0.43	400
s_rd-email-near-miss	orig@p32	9	1.19372	0	100	0.43	400
s_rd-email-near-miss	orig@p48	9	1.22248	0	100	0.43	400
s_rd-email-near-miss	orig@p64	9	1.23377	0	100	0.43	400
s_rd-email-near-miss	orig@p80	9	1.22492	0	100	0.43	400
s_rd-email-near-miss	orig@p112	10	1.19372	0	100	0.43	400
s_rd-email-near-miss	rev@p16	10	1.19116	0	100	0.43	400
s_rd-email-near-miss	rev@p32	10	1.19500	0	100	0.43	400
s_rd-email-near-miss	rev@p48	10	1.19873	0	100	0.43	400
s_rd-email-near-miss	rev@p64	10	1.19256	0	100	0.43	400
s_rd-email-near-miss	rev@p80	10	1.19256	0	100	0.43	400
s_rd-email-near-miss	rev@p96	10	1.19244	0	100	0.43	400
s_rd-email-near-miss	rev@p112	10	1.19384	0	100	0.43	400
s_rd-email-near-miss	orig	10	1.19244	0	100	0.43	400
s_rd-email-near-miss	orig2	10	1.19244	0	100	0.43	400
s_rd-email-near-miss	null	10	1.19756	0	100	0.43	400
s_rd-email-near-miss	rev	10	1.19500	0	100	0.43	400
s_rd-email-near-miss	orig@p16	10	1.19244	0	100	0.43	400
s_rd-email-near-miss	orig@p32	10	1.19372	0	100	0.43	400
s_rd-email-near-miss	orig@p48	10	1.22248	0	100	0.43	400
s_rd-email-near-miss	orig@p64	10	1.22748	0	100	0.43	400
s_rd-email-near-miss	orig@p80	10	1.22376	0	100	0.43	400
s_rd-email-near-miss	orig@p96	10	1.22376	0	100	0.43	400
s_rd-evil-alt-hit	orig	0	5.96221	0	100	0.43	400
s_rd-evil-alt-hit	orig2	0	3.30620	0	100	0.43	400
s_rd-evil-alt-hit	null	0	5.96279	0	100	0.43	400
s_rd-evil-alt-hit	rev	0	3.29979	0	100	0.43	400
s_rd-evil-alt-hit	orig@p16	0	5.96221	0	100	0.43	400
s_rd-evil-alt-hit	orig@p32	0	7.26257	0	100	0.43	400
s_rd-evil-alt-hit	orig@p48	0	6.11239	0	100	0.43	400
s_rd-evil-alt-hit	orig@p64	0	3.38128	0	100	0.43	400
s_rd-evil-alt-hit	orig@p80	0	6.12461	0	100	0.43	400
s_rd-evil-alt-hit	orig@p96	0	3.38187	0	100	0.43	400
s_rd-evil-alt-hit	orig@p112	0	5.96279	0	100	0.43	400
s_rd-evil-alt-hit	rev@p16	0	3.30620	0	100	0.43	400
s_rd-evil-alt-hit	rev@p32	0	5.95639	0	100	0.43	400
s_rd-evil-alt-hit	rev@p48	0	3.30037	0	100	0.43	400
s_rd-evil-alt-hit	rev@p64	0	5.95639	0	100	0.43	400
s_rd-evil-alt-hit	rev@p80	0	7.26257	0	100	0.43	400
s_rd-evil-alt-hit	rev@p96	0	5.97502	0	100	0.43	400
s_rd-evil-alt-hit	rev@p112	0	3.29979	0	100	0.43	400
s_rd-evil-alt-hit	orig2	1	5.96920	0	100	0.43	400
s_rd-evil-alt-hit	null	1	3.30620	0	100	0.43	400
s_rd-evil-alt-hit	rev	1	3.29979	0	100	0.43	400
s_rd-evil-alt-hit	orig@p16	1	3.30620	0	100	0.43	400
s_rd-evil-alt-hit	orig@p32	1	3.29339	0	100	0.43	400
s_rd-evil-alt-hit	orig@p48	1	6.11239	0	100	0.43	400
s_rd-evil-alt-hit	orig@p64	1	3.39409	0	100	0.43	400
s_rd-evil-alt-hit	orig@p80	1	3.34345	0	100	0.43	400
s_rd-evil-alt-hit	orig@p96	1	3.39409	0	100	0.43	400
s_rd-evil-alt-hit	orig@p112	1	3.29979	0	100	0.43	400
s_rd-evil-alt-hit	rev@p16	1	3.29979	0	100	0.43	400
s_rd-evil-alt-hit	rev@p32	1	3.30620	0	100	0.43	400
s_rd-evil-alt-hit	rev@p48	1	3.29979	0	100	0.43	400
s_rd-evil-alt-hit	rev@p64	1	3.30037	0	100	0.43	400
s_rd-evil-alt-hit	rev@p80	1	3.30037	0	100	0.43	400
s_rd-evil-alt-hit	rev@p96	1	3.29979	0	100	0.43	400
s_rd-evil-alt-hit	rev@p112	1	3.29979	0	100	0.43	400
s_rd-evil-alt-hit	orig	1	3.29979	0	100	0.43	400
s_rd-evil-alt-hit	null	2	3.29979	0	100	0.43	400
s_rd-evil-alt-hit	rev	2	3.31900	0	100	0.43	400
s_rd-evil-alt-hit	orig@p16	2	3.38710	0	100	0.43	400
s_rd-evil-alt-hit	orig@p32	2	8.80624	0	100	0.43	400
s_rd-evil-alt-hit	orig@p48	2	3.38710	0	100	0.43	400
s_rd-evil-alt-hit	orig@p64	2	3.38710	0	100	0.43	400
s_rd-evil-alt-hit	orig@p80	2	3.38769	0	100	0.43	400
s_rd-evil-alt-hit	orig@p96	2	3.38710	0	100	0.43	400
s_rd-evil-alt-hit	orig@p112	2	3.29979	0	100	0.43	400
s_rd-evil-alt-hit	rev@p16	2	3.29397	0	100	0.43	400
s_rd-evil-alt-hit	rev@p32	2	3.30620	0	100	0.43	400
s_rd-evil-alt-hit	rev@p48	2	3.29979	0	100	0.43	400
s_rd-evil-alt-hit	rev@p64	2	3.30620	0	100	0.43	400
s_rd-evil-alt-hit	rev@p80	2	3.30620	0	100	0.43	400
s_rd-evil-alt-hit	rev@p96	2	3.29979	0	100	0.43	400
s_rd-evil-alt-hit	rev@p112	2	3.29979	0	100	0.43	400
s_rd-evil-alt-hit	orig	2	3.29979	0	100	0.43	400
s_rd-evil-alt-hit	orig2	2	3.30620	0	100	0.43	400
s_rd-evil-alt-hit	rev	3	3.30037	0	100	0.43	400
s_rd-evil-alt-hit	orig@p16	3	3.29397	0	100	0.43	400
s_rd-evil-alt-hit	orig@p32	3	2.71888	0	100	0.43	400
s_rd-evil-alt-hit	orig@p48	3	3.38769	0	100	0.43	400
s_rd-evil-alt-hit	orig@p64	3	3.38769	0	100	0.43	400
s_rd-evil-alt-hit	orig@p80	3	3.38769	0	100	0.43	400
s_rd-evil-alt-hit	orig@p96	3	3.39351	0	100	0.43	400
s_rd-evil-alt-hit	orig@p112	3	3.30037	0	100	0.43	400
s_rd-evil-alt-hit	rev@p16	3	3.30620	0	100	0.43	400
s_rd-evil-alt-hit	rev@p32	3	3.30620	0	100	0.43	400
s_rd-evil-alt-hit	rev@p48	3	3.56871	0	100	0.43	400
s_rd-evil-alt-hit	rev@p64	3	3.29979	0	100	0.43	400
s_rd-evil-alt-hit	rev@p80	3	3.29979	0	100	0.43	400
s_rd-evil-alt-hit	rev@p96	3	3.30620	0	100	0.43	400
s_rd-evil-alt-hit	rev@p112	3	3.29979	0	100	0.43	400
s_rd-evil-alt-hit	orig	3	3.30620	0	100	0.43	400
s_rd-evil-alt-hit	orig2	3	3.30620	0	100	0.43	400
s_rd-evil-alt-hit	null	3	3.29979	0	100	0.43	400
s_rd-evil-alt-hit	orig@p16	4	3.29979	0	100	0.43	400
s_rd-evil-alt-hit	orig@p32	4	3.29979	0	100	0.43	400
s_rd-evil-alt-hit	orig@p48	4	3.38710	0	100	0.43	400
s_rd-evil-alt-hit	orig@p64	4	3.38128	0	100	0.43	400
s_rd-evil-alt-hit	orig@p80	4	3.38128	0	100	0.43	400
s_rd-evil-alt-hit	orig@p96	4	3.38769	0	100	0.43	400
s_rd-evil-alt-hit	orig@p112	4	3.30037	0	100	0.43	400
s_rd-evil-alt-hit	rev@p16	4	3.65602	0	100	0.43	400
s_rd-evil-alt-hit	rev@p32	4	3.31260	0	100	0.43	400
s_rd-evil-alt-hit	rev@p48	4	3.29979	0	100	0.43	400
s_rd-evil-alt-hit	rev@p64	4	3.29979	0	100	0.43	400
s_rd-evil-alt-hit	rev@p80	4	3.30037	0	100	0.43	400
s_rd-evil-alt-hit	rev@p96	4	3.29979	0	100	0.43	400
s_rd-evil-alt-hit	rev@p112	4	3.30037	0	100	0.43	400
s_rd-evil-alt-hit	orig	4	3.30620	0	100	0.43	400
s_rd-evil-alt-hit	orig2	4	3.30037	0	100	0.43	400
s_rd-evil-alt-hit	null	4	3.29397	0	100	0.43	400
s_rd-evil-alt-hit	rev	4	3.31260	0	100	0.43	400
s_rd-evil-alt-hit	orig@p32	5	3.29339	0	100	0.43	400
s_rd-evil-alt-hit	orig@p48	5	3.39351	0	100	0.43	400
s_rd-evil-alt-hit	orig@p64	5	3.38128	0	100	0.43	400
s_rd-evil-alt-hit	orig@p80	5	3.38710	0	100	0.43	400
s_rd-evil-alt-hit	orig@p96	5	3.40049	0	100	0.43	400
s_rd-evil-alt-hit	orig@p112	5	3.29979	0	100	0.43	400
s_rd-evil-alt-hit	rev@p16	5	3.29339	0	100	0.43	400
s_rd-evil-alt-hit	rev@p32	5	3.29979	0	100	0.43	400
s_rd-evil-alt-hit	rev@p48	5	3.30037	0	100	0.43	400
s_rd-evil-alt-hit	rev@p64	5	3.29397	0	100	0.43	400
s_rd-evil-alt-hit	rev@p80	5	3.30037	0	100	0.43	400
s_rd-evil-alt-hit	rev@p96	5	3.29979	0	100	0.43	400
s_rd-evil-alt-hit	rev@p112	5	3.29979	0	100	0.43	400
s_rd-evil-alt-hit	orig	5	3.29979	0	100	0.43	400
s_rd-evil-alt-hit	orig2	5	3.30620	0	100	0.43	400
s_rd-evil-alt-hit	null	5	3.29339	0	100	0.43	400
s_rd-evil-alt-hit	rev	5	3.29979	0	100	0.43	400
s_rd-evil-alt-hit	orig@p16	5	3.30037	0	100	0.43	400
s_rd-evil-alt-hit	orig@p48	6	3.39409	0	100	0.43	400
s_rd-evil-alt-hit	orig@p64	6	3.38769	0	100	0.43	400
s_rd-evil-alt-hit	orig@p80	6	3.48082	0	100	0.43	400
s_rd-evil-alt-hit	orig@p96	6	3.40049	0	100	0.43	400
s_rd-evil-alt-hit	orig@p112	6	3.30620	0	100	0.43	400
s_rd-evil-alt-hit	rev@p16	6	3.29339	0	100	0.43	400
s_rd-evil-alt-hit	rev@p32	6	3.30037	0	100	0.43	400
s_rd-evil-alt-hit	rev@p48	6	3.29979	0	100	0.43	400
s_rd-evil-alt-hit	rev@p64	6	3.29979	0	100	0.43	400
s_rd-evil-alt-hit	rev@p80	6	3.29979	0	100	0.43	400
s_rd-evil-alt-hit	rev@p96	6	3.30620	0	100	0.43	400
s_rd-evil-alt-hit	rev@p112	6	3.31260	0	100	0.43	400
s_rd-evil-alt-hit	orig	6	3.30037	0	100	0.43	400
s_rd-evil-alt-hit	orig2	6	3.30678	0	100	0.43	400
s_rd-evil-alt-hit	null	6	3.29979	0	100	0.43	400
s_rd-evil-alt-hit	rev	6	2.72528	0	100	0.43	400
s_rd-evil-alt-hit	orig@p16	6	7.26897	0	100	0.43	400
s_rd-evil-alt-hit	orig@p32	6	2.72470	0	100	0.43	400
s_rd-evil-alt-hit	orig@p64	7	3.39409	0	100	0.43	400
s_rd-evil-alt-hit	orig@p80	7	2.79979	0	100	0.43	400
s_rd-evil-alt-hit	orig@p96	7	3.39351	0	100	0.43	400
s_rd-evil-alt-hit	orig@p112	7	2.71888	0	100	0.43	400
s_rd-evil-alt-hit	rev@p16	7	7.26315	0	100	0.43	400
s_rd-evil-alt-hit	rev@p32	7	2.71248	0	100	0.43	400
s_rd-evil-alt-hit	rev@p48	7	3.30620	0	100	0.43	400
s_rd-evil-alt-hit	rev@p64	7	6.79342	0	100	0.43	400
s_rd-evil-alt-hit	rev@p80	7	2.72470	0	100	0.43	400
s_rd-evil-alt-hit	rev@p96	7	7.26257	0	100	0.43	400
s_rd-evil-alt-hit	rev@p112	7	2.72528	0	100	0.43	400
s_rd-evil-alt-hit	orig	7	7.25617	0	100	0.43	400
s_rd-evil-alt-hit	orig2	7	2.72470	0	100	0.43	400
s_rd-evil-alt-hit	null	7	7.28760	0	100	0.43	400
s_rd-evil-alt-hit	rev	7	7.26257	0	100	0.43	400
s_rd-evil-alt-hit	orig@p16	7	2.71888	0	100	0.43	400
s_rd-evil-alt-hit	orig@p32	7	7.27538	0	100	0.43	400
s_rd-evil-alt-hit	orig@p48	7	2.78756	0	100	0.43	400
s_rd-evil-alt-hit	orig@p80	8	7.45000	0	100	0.43	400
s_rd-evil-alt-hit	orig@p96	8	2.78756	0	100	0.43	400
s_rd-evil-alt-hit	orig@p112	8	3.30037	0	100	0.43	400
s_rd-evil-alt-hit	rev@p16	8	2.71888	0	100	0.43	400
s_rd-evil-alt-hit	rev@p32	8	7.26257	0	100	0.43	400
s_rd-evil-alt-hit	rev@p48	8	2.71888	0	100	0.43	400
s_rd-evil-alt-hit	rev@p64	8	7.25617	0	100	0.43	400
s_rd-evil-alt-hit	rev@p80	8	2.71888	0	100	0.43	400
s_rd-evil-alt-hit	rev@p96	8	3.29397	0	100	0.43	400
s_rd-evil-alt-hit	rev@p112	8	2.71888	0	100	0.43	400
s_rd-evil-alt-hit	orig	8	7.28760	0	100	0.43	400
s_rd-evil-alt-hit	orig2	8	2.71888	0	100	0.43	400
s_rd-evil-alt-hit	null	8	7.25617	0	100	0.43	400
s_rd-evil-alt-hit	rev	8	2.74391	0	100	0.43	400
s_rd-evil-alt-hit	orig@p16	8	3.30037	0	100	0.43	400
s_rd-evil-alt-hit	orig@p32	8	2.71888	0	100	0.43	400
s_rd-evil-alt-hit	orig@p48	8	7.44360	0	100	0.43	400
s_rd-evil-alt-hit	orig@p64	8	2.78756	0	100	0.43	400
s_rd-evil-alt-hit	orig@p96	9	7.45000	0	100	0.43	400
s_rd-evil-alt-hit	orig@p112	9	2.73751	0	100	0.43	400
s_rd-evil-alt-hit	rev@p16	9	3.29339	0	100	0.43	400
s_rd-evil-alt-hit	rev@p32	9	2.71306	0	100	0.43	400
s_rd-evil-alt-hit	rev@p48	9	7.26839	0	100	0.43	400
s_rd-evil-alt-hit	rev@p64	9	2.71248	0	100	0.43	400
s_rd-evil-alt-hit	rev@p80	9	6.71251	0	100	0.43	400
s_rd-evil-alt-hit	rev@p96	9	2.71888	0	100	0.43	400
s_rd-evil-alt-hit	rev@p112	9	6.75616	0	100	0.43	400
s_rd-evil-alt-hit	orig	9	2.72528	0	100	0.43	400
s_rd-evil-alt-hit	orig2	9	6.71251	0	100	0.43	400
s_rd-evil-alt-hit	null	9	2.71830	0	100	0.43	400
s_rd-evil-alt-hit	rev	9	6.70610	0	100	0.43	400
s_rd-evil-alt-hit	orig@p16	9	2.72470	0	100	0.43	400
s_rd-evil-alt-hit	orig@p32	9	6.70669	0	100	0.43	400
s_rd-evil-alt-hit	orig@p48	9	2.79397	0	100	0.43	400
s_rd-evil-alt-hit	orig@p64	9	11.84409	0	100	0.43	400
s_rd-evil-alt-hit	orig@p80	9	2.78756	0	100	0.43	400
s_rd-evil-alt-hit	orig@p112	10	6.89994	0	100	0.43	400
s_rd-evil-alt-hit	rev@p16	10	2.72528	0	100	0.43	400
s_rd-evil-alt-hit	rev@p32	10	6.73113	0	100	0.43	400
s_rd-evil-alt-hit	rev@p48	10	2.72470	0	100	0.43	400
s_rd-evil-alt-hit	rev@p64	10	6.70669	0	100	0.43	400
s_rd-evil-alt-hit	rev@p80	10	2.73110	0	100	0.43	400
s_rd-evil-alt-hit	rev@p96	10	6.69970	0	100	0.43	400
s_rd-evil-alt-hit	rev@p112	10	2.71888	0	100	0.43	400
s_rd-evil-alt-hit	orig	10	6.68748	0	100	0.43	400
s_rd-evil-alt-hit	orig2	10	2.71888	0	100	0.43	400
s_rd-evil-alt-hit	null	10	6.71309	0	100	0.43	400
s_rd-evil-alt-hit	rev	10	2.71888	0	100	0.43	400
s_rd-evil-alt-hit	orig@p16	10	6.71833	0	100	0.43	400
s_rd-evil-alt-hit	orig@p32	10	2.71248	0	100	0.43	400
s_rd-evil-alt-hit	orig@p48	10	6.88131	0	100	0.43	400
s_rd-evil-alt-hit	orig@p64	10	2.78756	0	100	0.43	400
s_rd-evil-alt-hit	orig@p80	10	6.88131	0	100	0.43	400
s_rd-evil-alt-hit	orig@p96	10	2.86265	0	100	0.43	400
s_rd-evil-alt-near-miss	orig	0	1.49025	0	100	0.43	400
s_rd-evil-alt-near-miss	orig2	0	0.60420	0	100	0.43	400
s_rd-evil-alt-near-miss	null	0	1.49025	0	100	0.43	400
s_rd-evil-alt-near-miss	rev	0	0.60549	0	100	0.43	400
s_rd-evil-alt-near-miss	orig@p16	0	1.49025	0	100	0.43	400
s_rd-evil-alt-near-miss	orig@p32	0	0.60420	0	100	0.43	400
s_rd-evil-alt-near-miss	orig@p48	0	1.53047	0	100	0.43	400
s_rd-evil-alt-near-miss	orig@p64	0	0.61946	0	100	0.43	400
s_rd-evil-alt-near-miss	orig@p80	0	1.52918	0	100	0.43	400
s_rd-evil-alt-near-miss	orig@p96	0	0.62644	0	100	0.43	400
s_rd-evil-alt-near-miss	orig@p112	0	1.49581	0	100	0.43	400
s_rd-evil-alt-near-miss	rev@p16	0	0.60420	0	100	0.43	400
s_rd-evil-alt-near-miss	rev@p32	0	1.49167	0	100	0.43	400
s_rd-evil-alt-near-miss	rev@p48	0	0.60277	0	100	0.43	400
s_rd-evil-alt-near-miss	rev@p64	0	1.48895	0	100	0.43	400
s_rd-evil-alt-near-miss	rev@p80	0	0.60277	0	100	0.43	400
s_rd-evil-alt-near-miss	rev@p96	0	1.49025	0	100	0.43	400
s_rd-evil-alt-near-miss	rev@p112	0	0.60407	0	100	0.43	400
s_rd-evil-alt-near-miss	orig2	1	1.49167	0	100	0.43	400
s_rd-evil-alt-near-miss	null	1	0.60277	0	100	0.43	400
s_rd-evil-alt-near-miss	rev	1	1.49723	0	100	0.43	400
s_rd-evil-alt-near-miss	orig@p16	1	0.60420	0	100	0.43	400
s_rd-evil-alt-near-miss	orig@p32	1	1.49167	0	100	0.43	400
s_rd-evil-alt-near-miss	orig@p48	1	0.61946	0	100	0.43	400
s_rd-evil-alt-near-miss	orig@p64	1	1.52776	0	100	0.43	400
s_rd-evil-alt-near-miss	orig@p80	1	0.61946	0	100	0.43	400
s_rd-evil-alt-near-miss	orig@p96	1	1.53060	0	100	0.43	400
s_rd-evil-alt-near-miss	orig@p112	1	0.60407	0	100	0.43	400
s_rd-evil-alt-near-miss	rev@p16	1	1.48753	0	100	0.43	400
s_rd-evil-alt-near-miss	rev@p32	1	0.60549	0	100	0.43	400
s_rd-evil-alt-near-miss	rev@p48	1	1.48895	0	100	0.43	400
s_rd-evil-alt-near-miss	rev@p64	1	0.60407	0	100	0.43	400
s_rd-evil-alt-near-miss	rev@p80	1	1.49167	0	100	0.43	400
s_rd-evil-alt-near-miss	rev@p96	1	0.60420	0	100	0.43	400
s_rd-evil-alt-near-miss	rev@p112	1	1.49594	0	100	0.43	400
s_rd-evil-alt-near-miss	orig	1	0.60420	0	100	0.43	400
s_rd-evil-alt-near-miss	null	2	1.48895	0	100	0.43	400
s_rd-evil-alt-near-miss	rev	2	0.60549	0	100	0.43	400
s_rd-evil-alt-near-miss	orig@p16	2	1.49025	0	100	0.43	400
s_rd-evil-alt-near-miss	orig@p32	2	0.60407	0	100	0.43	400
s_rd-evil-alt-near-miss	orig@p48	2	1.52789	0	100	0.43	400
s_rd-evil-alt-near-miss	orig@p64	2	0.61933	0	100	0.43	400
s_rd-evil-alt-near-miss	orig@p80	2	1.52776	0	100	0.43	400
s_rd-evil-alt-near-miss	orig@p96	2	0.61804	0	100	0.43	400
s_rd-evil-alt-near-miss	orig@p112	2	1.48882	0	100	0.43	400
s_rd-evil-alt-near-miss	rev@p16	2	0.60277	0	100	0.43	400
s_rd-evil-alt-near-miss	rev@p32	2	1.49025	0	100	0.43	400
s_rd-evil-alt-near-miss	rev@p48	2	0.60420	0	100	0.43	400
s_rd-evil-alt-near-miss	rev@p64	2	0.60963	0	100	0.43	400
s_rd-evil-alt-near-miss	rev@p80	2	1.49167	0	100	0.43	400
s_rd-evil-alt-near-miss	rev@p96	2	0.60420	0	100	0.43	400
s_rd-evil-alt-near-miss	rev@p112	2	1.48895	0	100	0.43	400
s_rd-evil-alt-near-miss	orig	2	0.60562	0	100	0.43	400
s_rd-evil-alt-near-miss	orig2	2	1.49167	0	100	0.43	400
s_rd-evil-alt-near-miss	rev	3	0.61247	0	100	0.43	400
s_rd-evil-alt-near-miss	orig@p16	3	1.49438	0	100	0.43	400
s_rd-evil-alt-near-miss	orig@p32	3	1.40268	0	100	0.43	400
s_rd-evil-alt-near-miss	orig@p48	3	1.52918	0	100	0.43	400
s_rd-evil-alt-near-miss	orig@p64	3	0.61933	0	100	0.43	400
s_rd-evil-alt-near-miss	orig@p80	3	1.52776	0	100	0.43	400
s_rd-evil-alt-near-miss	orig@p96	3	1.53060	0	100	0.43	400
s_rd-evil-alt-near-miss	orig@p112	3	1.49025	0	100	0.43	400
s_rd-evil-alt-near-miss	rev@p16	3	1.49309	0	100	0.43	400
s_rd-evil-alt-near-miss	rev@p32	3	1.49167	0	100	0.43	400
s_rd-evil-alt-near-miss	rev@p48	3	1.49037	0	100	0.43	400
s_rd-evil-alt-near-miss	rev@p64	3	1.49167	0	100	0.43	400
s_rd-evil-alt-near-miss	rev@p80	3	1.49025	0	100	0.43	400
s_rd-evil-alt-near-miss	rev@p96	3	1.49167	0	100	0.43	400
s_rd-evil-alt-near-miss	rev@p112	3	1.49594	0	100	0.43	400
s_rd-evil-alt-near-miss	orig	3	4.15279	0	100	0.43	400
s_rd-evil-alt-near-miss	orig2	3	1.49581	0	100	0.43	400
s_rd-evil-alt-near-miss	null	3	1.49025	0	100	0.43	400
s_rd-evil-alt-near-miss	orig@p16	4	1.49309	0	100	0.43	400
s_rd-evil-alt-near-miss	orig@p32	4	1.49167	0	100	0.43	400
s_rd-evil-alt-near-miss	orig@p48	4	1.52931	0	100	0.43	400
s_rd-evil-alt-near-miss	orig@p64	4	1.53047	0	100	0.43	400
s_rd-evil-alt-near-miss	orig@p80	4	1.53190	0	100	0.43	400
s_rd-evil-alt-near-miss	orig@p96	4	1.52776	0	100	0.43	400
s_rd-evil-alt-near-miss	orig@p112	4	1.49167	0	100	0.43	400
s_rd-evil-alt-near-miss	rev@p16	4	1.49025	0	100	0.43	400
s_rd-evil-alt-near-miss	rev@p32	4	1.49167	0	100	0.43	400
s_rd-evil-alt-near-miss	rev@p48	4	1.48895	0	100	0.43	400
s_rd-evil-alt-near-miss	rev@p64	4	1.49581	0	100	0.43	400
s_rd-evil-alt-near-miss	rev@p80	4	1.49581	0	100	0.43	400
s_rd-evil-alt-near-miss	rev@p96	4	1.49025	0	100	0.43	400
s_rd-evil-alt-near-miss	rev@p112	4	1.49025	0	100	0.43	400
s_rd-evil-alt-near-miss	orig	4	1.49037	0	100	0.43	400
s_rd-evil-alt-near-miss	orig2	4	1.49167	0	100	0.43	400
s_rd-evil-alt-near-miss	null	4	1.49451	0	100	0.43	400
s_rd-evil-alt-near-miss	rev	4	1.49309	0	100	0.43	400
s_rd-evil-alt-near-miss	orig@p32	5	1.48740	0	100	0.43	400
s_rd-evil-alt-near-miss	orig@p48	5	1.53060	0	100	0.43	400
s_rd-evil-alt-near-miss	orig@p64	5	1.52918	0	100	0.43	400
s_rd-evil-alt-near-miss	orig@p80	5	1.53345	0	100	0.43	400
s_rd-evil-alt-near-miss	orig@p96	5	1.53474	0	100	0.43	400
s_rd-evil-alt-near-miss	orig@p112	5	1.51521	0	100	0.43	400
s_rd-evil-alt-near-miss	rev@p16	5	1.48882	0	100	0.43	400
s_rd-evil-alt-near-miss	rev@p32	5	4.41809	0	100	0.43	400
s_rd-evil-alt-near-miss	rev@p48	5	1.49025	0	100	0.43	400
s_rd-evil-alt-near-miss	rev@p64	5	1.49167	0	100	0.43	400
s_rd-evil-alt-near-miss	rev@p80	5	1.49037	0	100	0.43	400
s_rd-evil-alt-near-miss	rev@p96	5	2.68195	0	100	0.43	400
s_rd-evil-alt-near-miss	rev@p112	5	1.49025	0	100	0.43	400
s_rd-evil-alt-near-miss	orig	5	1.49025	0	100	0.43	400
s_rd-evil-alt-near-miss	orig2	5	1.49167	0	100	0.43	400
s_rd-evil-alt-near-miss	null	5	1.49167	0	100	0.43	400
s_rd-evil-alt-near-miss	rev	5	1.49309	0	100	0.43	400
s_rd-evil-alt-near-miss	orig@p16	5	1.48882	0	100	0.43	400
s_rd-evil-alt-near-miss	orig@p48	6	1.52918	0	100	0.43	400
s_rd-evil-alt-near-miss	orig@p64	6	1.53332	0	100	0.43	400
s_rd-evil-alt-near-miss	orig@p80	6	1.53060	0	100	0.43	400
s_rd-evil-alt-near-miss	orig@p96	6	1.53332	0	100	0.43	400
s_rd-evil-alt-near-miss	orig@p112	6	1.51107	0	100	0.43	400
s_rd-evil-alt-near-miss	rev@p16	6	1.49451	0	100	0.43	400
s_rd-evil-alt-near-miss	rev@p32	6	0.60407	0	100	0.43	400
s_rd-evil-alt-near-miss	rev@p48	6	1.49037	0	100	0.43	400
s_rd-evil-alt-near-miss	rev@p64	6	1.51107	0	100	0.43	400
s_rd-evil-alt-near-miss	rev@p80	6	1.49167	0	100	0.43	400
s_rd-evil-alt-near-miss	rev@p96	6	0.60420	0	100	0.43	400
s_rd-evil-alt-near-miss	rev@p112	6	1.49167	0	100	0.43	400
s_rd-evil-alt-near-miss	orig	6	0.62075	0	100	0.43	400
s_rd-evil-alt-near-miss	orig2	6	1.53060	0	100	0.43	400
s_rd-evil-alt-near-miss	null	6	0.60420	0	100	0.43	400
s_rd-evil-alt-near-miss	rev	6	1.49438	0	100	0.43	400
s_rd-evil-alt-near-miss	orig@p16	6	1.50978	0	100	0.43	400
s_rd-evil-alt-near-miss	orig@p32	6	1.49167	0	100	0.43	400
s_rd-evil-alt-near-miss	orig@p64	7	0.61946	0	100	0.43	400
s_rd-evil-alt-near-miss	orig@p80	7	1.53203	0	100	0.43	400
s_rd-evil-alt-near-miss	orig@p96	7	0.62088	0	100	0.43	400
s_rd-evil-alt-near-miss	orig@p112	7	1.48882	0	100	0.43	400
s_rd-evil-alt-near-miss	rev@p16	7	1.50978	0	100	0.43	400
s_rd-evil-alt-near-miss	rev@p32	7	1.49438	0	100	0.43	400
s_rd-evil-alt-near-miss	rev@p48	7	1.51107	0	100	0.43	400
s_rd-evil-alt-near-miss	rev@p64	7	1.48882	0	100	0.43	400
s_rd-evil-alt-near-miss	rev@p80	7	1.51392	0	100	0.43	400
s_rd-evil-alt-near-miss	rev@p96	7	1.49167	0	100	0.43	400
s_rd-evil-alt-near-miss	rev@p112	7	1.50978	0	100	0.43	400
s_rd-evil-alt-near-miss	orig	7	1.50965	0	100	0.43	400
s_rd-evil-alt-near-miss	orig2	7	1.49167	0	100	0.43	400
s_rd-evil-alt-near-miss	null	7	1.50978	0	100	0.43	400
s_rd-evil-alt-near-miss	rev	7	1.49025	0	100	0.43	400
s_rd-evil-alt-near-miss	orig@p16	7	1.51107	0	100	0.43	400
s_rd-evil-alt-near-miss	orig@p32	7	1.49296	0	100	0.43	400
s_rd-evil-alt-near-miss	orig@p48	7	1.52776	0	100	0.43	400
s_rd-evil-alt-near-miss	orig@p80	8	2.58610	0	100	0.43	400
s_rd-evil-alt-near-miss	orig@p96	8	1.53474	0	100	0.43	400
s_rd-evil-alt-near-miss	orig@p112	8	1.49167	0	100	0.43	400
s_rd-evil-alt-near-miss	rev@p16	8	1.32507	0	100	0.43	400
s_rd-evil-alt-near-miss	rev@p32	8	1.32778	0	100	0.43	400
s_rd-evil-alt-near-miss	rev@p48	8	1.32507	0	100	0.43	400
s_rd-evil-alt-near-miss	rev@p64	8	1.32649	0	100	0.43	400
s_rd-evil-alt-near-miss	rev@p80	8	3.67782	0	100	0.43	400
s_rd-evil-alt-near-miss	rev@p96	8	1.32778	0	100	0.43	400
s_rd-evil-alt-near-miss	rev@p112	8	1.32364	0	100	0.43	400
s_rd-evil-alt-near-miss	orig	8	1.32649	0	100	0.43	400
s_rd-evil-alt-near-miss	orig2	8	1.33464	0	100	0.43	400
s_rd-evil-alt-near-miss	null	8	1.32778	0	100	0.43	400
s_rd-evil-alt-near-miss	rev	8	1.32636	0	100	0.43	400
s_rd-evil-alt-near-miss	orig@p16	8	1.32364	0	100	0.43	400
s_rd-evil-alt-near-miss	orig@p32	8	1.32636	0	100	0.43	400
s_rd-evil-alt-near-miss	orig@p48	8	1.35973	0	100	0.43	400
s_rd-evil-alt-near-miss	orig@p64	8	1.36387	0	100	0.43	400
s_rd-evil-alt-near-miss	orig@p96	9	1.35973	0	100	0.43	400
s_rd-evil-alt-near-miss	orig@p112	9	1.32364	0	100	0.43	400
s_rd-evil-alt-near-miss	rev@p16	9	1.32494	0	100	0.43	400
s_rd-evil-alt-near-miss	rev@p32	9	1.32364	0	100	0.43	400
s_rd-evil-alt-near-miss	rev@p48	9	1.32364	0	100	0.43	400
s_rd-evil-alt-near-miss	rev@p64	9	1.32778	0	100	0.43	400
s_rd-evil-alt-near-miss	rev@p80	9	1.32649	0	100	0.43	400
s_rd-evil-alt-near-miss	rev@p96	9	1.32494	0	100	0.43	400
s_rd-evil-alt-near-miss	rev@p112	9	1.32636	0	100	0.43	400
s_rd-evil-alt-near-miss	orig	9	1.32364	0	100	0.43	400
s_rd-evil-alt-near-miss	orig2	9	1.32778	0	100	0.43	400
s_rd-evil-alt-near-miss	null	9	1.32494	0	100	0.43	400
s_rd-evil-alt-near-miss	rev	9	1.32649	0	100	0.43	400
s_rd-evil-alt-near-miss	orig@p16	9	1.32507	0	100	0.43	400
s_rd-evil-alt-near-miss	orig@p32	9	1.32636	0	100	0.43	400
s_rd-evil-alt-near-miss	orig@p48	9	1.35844	0	100	0.43	400
s_rd-evil-alt-near-miss	orig@p64	9	1.36102	0	100	0.43	400
s_rd-evil-alt-near-miss	orig@p80	9	1.35701	0	100	0.43	400
s_rd-evil-alt-near-miss	orig@p112	10	1.32507	0	100	0.43	400
s_rd-evil-alt-near-miss	rev@p16	10	1.32507	0	100	0.43	400
s_rd-evil-alt-near-miss	rev@p32	10	1.32351	0	100	0.43	400
s_rd-evil-alt-near-miss	rev@p48	10	1.32920	0	100	0.43	400
s_rd-evil-alt-near-miss	rev@p64	10	1.32507	0	100	0.43	400
s_rd-evil-alt-near-miss	rev@p80	10	1.32507	0	100	0.43	400
s_rd-evil-alt-near-miss	rev@p96	10	1.33063	0	100	0.43	400
s_rd-evil-alt-near-miss	rev@p112	10	1.32222	0	100	0.43	400
s_rd-evil-alt-near-miss	orig	10	1.32649	0	100	0.43	400
s_rd-evil-alt-near-miss	orig2	10	1.32364	0	100	0.43	400
s_rd-evil-alt-near-miss	null	10	1.32636	0	100	0.43	400
s_rd-evil-alt-near-miss	rev	10	1.32636	0	100	0.43	400
s_rd-evil-alt-near-miss	orig@p16	10	1.32636	0	100	0.43	400
s_rd-evil-alt-near-miss	orig@p32	10	1.32494	0	100	0.43	400
s_rd-evil-alt-near-miss	orig@p48	10	1.35831	0	100	0.43	400
s_rd-evil-alt-near-miss	orig@p64	10	1.36115	0	100	0.43	400
s_rd-evil-alt-near-miss	orig@p80	10	1.36102	0	100	0.43	400
s_rd-evil-alt-near-miss	orig@p96	10	1.35831	0	100	0.43	400
s_rd-numeric-id-hit	orig	0	5.96221	0	100	0.43	400
s_rd-numeric-id-hit	orig2	0	5.96279	0	100	0.43	400
s_rd-numeric-id-hit	null	0	5.96221	0	100	0.43	400
s_rd-numeric-id-hit	rev	0	5.96279	0	100	0.43	400
s_rd-numeric-id-hit	orig@p16	0	5.96221	0	100	0.43	400
s_rd-numeric-id-hit	orig@p32	0	5.98142	0	100	0.43	400
s_rd-numeric-id-hit	orig@p48	0	6.11879	0	100	0.43	400
s_rd-numeric-id-hit	orig@p64	0	6.11879	0	100	0.43	400
s_rd-numeric-id-hit	orig@p80	0	6.11879	0	100	0.43	400
s_rd-numeric-id-hit	orig@p96	0	6.11239	0	100	0.43	400
s_rd-numeric-id-hit	orig@p112	0	5.96279	0	100	0.43	400
s_rd-numeric-id-hit	rev@p16	0	5.96221	0	100	0.43	400
s_rd-numeric-id-hit	rev@p32	0	5.96920	0	100	0.43	400
s_rd-numeric-id-hit	rev@p48	0	5.96861	0	100	0.43	400
s_rd-numeric-id-hit	rev@p64	0	6.00005	0	100	0.43	400
s_rd-numeric-id-hit	rev@p80	0	5.96279	0	100	0.43	400
s_rd-numeric-id-hit	rev@p96	0	5.96861	0	100	0.43	400
s_rd-numeric-id-hit	rev@p112	0	5.95639	0	100	0.43	400
s_rd-numeric-id-hit	orig2	1	5.96221	0	100	0.43	400
s_rd-numeric-id-hit	null	1	5.96279	0	100	0.43	400
s_rd-numeric-id-hit	rev	1	5.97502	0	100	0.43	400
s_rd-numeric-id-hit	orig@p16	1	5.96221	0	100	0.43	400
s_rd-numeric-id-hit	orig@p32	1	5.95639	0	100	0.43	400
s_rd-numeric-id-hit	orig@p48	1	6.11879	0	100	0.43	400
s_rd-numeric-id-hit	orig@p64	1	6.27537	0	100	0.43	400
s_rd-numeric-id-hit	orig@p80	1	6.12461	0	100	0.43	400
s_rd-numeric-id-hit	orig@p96	1	6.12461	0	100	0.43	400
s_rd-numeric-id-hit	orig@p112	1	5.96279	0	100	0.43	400
s_rd-numeric-id-hit	rev@p16	1	5.96221	0	100	0.43	400
s_rd-numeric-id-hit	rev@p32	1	5.96221	0	100	0.43	400
s_rd-numeric-id-hit	rev@p48	1	5.95639	0	100	0.43	400
s_rd-numeric-id-hit	rev@p64	1	9.98727	0	100	0.43	400
s_rd-numeric-id-hit	rev@p80	1	5.96279	0	100	0.43	400
s_rd-numeric-id-hit	rev@p96	1	5.95581	0	100	0.43	400
s_rd-numeric-id-hit	rev@p112	1	5.96279	0	100	0.43	400
s_rd-numeric-id-hit	orig	1	5.96221	0	100	0.43	400
s_rd-numeric-id-hit	null	2	5.96221	0	100	0.43	400
s_rd-numeric-id-hit	rev	2	5.96221	0	100	0.43	400
s_rd-numeric-id-hit	orig@p16	2	5.96221	0	100	0.43	400
s_rd-numeric-id-hit	orig@p32	2	5.97502	0	100	0.43	400
s_rd-numeric-id-hit	orig@p48	2	6.11821	0	100	0.43	400
s_rd-numeric-id-hit	orig@p64	2	6.11239	0	100	0.43	400
s_rd-numeric-id-hit	orig@p80	2	6.11355	0	100	0.43	400
s_rd-numeric-id-hit	orig@p96	2	6.11879	0	100	0.43	400
s_rd-numeric-id-hit	orig@p112	2	5.96221	0	100	0.43	400
s_rd-numeric-id-hit	rev@p16	2	5.98782	0	100	0.43	400
s_rd-numeric-id-hit	rev@p32	2	6.03730	0	100	0.43	400
s_rd-numeric-id-hit	rev@p48	2	5.96279	0	100	0.43	400
s_rd-numeric-id-hit	rev@p64	2	5.96221	0	100	0.43	400
s_rd-numeric-id-hit	rev@p80	2	5.97502	0	100	0.43	400
s_rd-numeric-id-hit	rev@p96	2	5.95639	0	100	0.43	400
s_rd-numeric-id-hit	rev@p112	2	5.95639	0	100	0.43	400
s_rd-numeric-id-hit	orig	2	5.96861	0	100	0.43	400
s_rd-numeric-id-hit	orig2	2	5.96279	0	100	0.43	400
s_rd-numeric-id-hit	rev	3	5.95639	0	100	0.43	400
s_rd-numeric-id-hit	orig@p16	3	5.96221	0	100	0.43	400
s_rd-numeric-id-hit	orig@p32	3	5.96279	0	100	0.43	400
s_rd-numeric-id-hit	orig@p48	3	6.11239	0	100	0.43	400
s_rd-numeric-id-hit	orig@p64	3	6.11879	0	100	0.43	400
s_rd-numeric-id-hit	orig@p80	3	6.12519	0	100	0.43	400
s_rd-numeric-id-hit	orig@p96	3	6.11239	0	100	0.43	400
s_rd-numeric-id-hit	orig@p112	3	5.96861	0	100	0.43	400
s_rd-numeric-id-hit	rev@p16	3	5.96279	0	100	0.43	400
s_rd-numeric-id-hit	rev@p32	3	5.95639	0	100	0.43	400
s_rd-numeric-id-hit	rev@p48	3	5.96279	0	100	0.43	400
s_rd-numeric-id-hit	rev@p64	3	5.95639	0	100	0.43	400
s_rd-numeric-id-hit	rev@p80	3	5.96221	0	100	0.43	400
s_rd-numeric-id-hit	rev@p96	3	5.98142	0	100	0.43	400
s_rd-numeric-id-hit	rev@p112	3	5.96861	0	100	0.43	400
s_rd-numeric-id-hit	orig	3	5.95639	0	100	0.43	400
s_rd-numeric-id-hit	orig2	3	5.97502	0	100	0.43	400
s_rd-numeric-id-hit	null	3	5.97502	0	100	0.43	400
s_rd-numeric-id-hit	orig@p16	4	5.96221	0	100	0.43	400
s_rd-numeric-id-hit	orig@p32	4	5.96279	0	100	0.43	400
s_rd-numeric-id-hit	orig@p48	4	6.11879	0	100	0.43	400
s_rd-numeric-id-hit	orig@p64	4	6.11879	0	100	0.43	400
s_rd-numeric-id-hit	orig@p80	4	6.11879	0	100	0.43	400
s_rd-numeric-id-hit	orig@p96	4	6.12519	0	100	0.43	400
s_rd-numeric-id-hit	orig@p112	4	5.96221	0	100	0.43	400
s_rd-numeric-id-hit	rev@p16	4	5.96920	0	100	0.43	400
s_rd-numeric-id-hit	rev@p32	4	5.96279	0	100	0.43	400
s_rd-numeric-id-hit	rev@p48	4	6.79400	0	100	0.43	400
s_rd-numeric-id-hit	rev@p64	4	3.41213	0	100	0.43	400
s_rd-numeric-id-hit	rev@p80	4	5.96279	0	100	0.43	400
s_rd-numeric-id-hit	rev@p96	4	6.80040	0	100	0.43	400
s_rd-numeric-id-hit	rev@p112	4	5.96861	0	100	0.43	400
s_rd-numeric-id-hit	orig	4	2.72470	0	100	0.43	400
s_rd-numeric-id-hit	orig2	4	5.96221	0	100	0.43	400
s_rd-numeric-id-hit	null	4	2.71888	0	100	0.43	400
s_rd-numeric-id-hit	rev	4	5.96861	0	100	0.43	400
s_rd-numeric-id-hit	orig@p32	5	2.71888	0	100	0.43	400
s_rd-numeric-id-hit	orig@p48	5	6.10598	0	100	0.43	400
s_rd-numeric-id-hit	orig@p64	5	6.96862	0	100	0.43	400
s_rd-numeric-id-hit	orig@p80	5	6.13800	0	100	0.43	400
s_rd-numeric-id-hit	orig@p96	5	6.96222	0	100	0.43	400
s_rd-numeric-id-hit	orig@p112	5	5.96861	0	100	0.43	400
s_rd-numeric-id-hit	rev@p16	5	2.71248	0	100	0.43	400
s_rd-numeric-id-hit	rev@p32	5	5.96279	0	100	0.43	400
s_rd-numeric-id-hit	rev@p48	5	2.71830	0	100	0.43	400
s_rd-numeric-id-hit	rev@p64	5	5.96279	0	100	0.43	400
s_rd-numeric-id-hit	rev@p80	5	6.79400	0	100	0.43	400
s_rd-numeric-id-hit	rev@p96	5	5.96221	0	100	0.43	400
s_rd-numeric-id-hit	rev@p112	5	6.79982	0	100	0.43	400
s_rd-numeric-id-hit	orig	5	5.98142	0	100	0.43	400
s_rd-numeric-id-hit	orig2	5	6.80622	0	100	0.43	400
s_rd-numeric-id-hit	null	5	5.96920	0	100	0.43	400
s_rd-numeric-id-hit	rev	5	2.71888	0	100	0.43	400
s_rd-numeric-id-hit	orig@p16	5	5.96279	0	100	0.43	400
s_rd-numeric-id-hit	orig@p48	6	6.96862	0	100	0.43	400
s_rd-numeric-id-hit	orig@p64	6	6.12519	0	100	0.43	400
s_rd-numeric-id-hit	orig@p80	6	2.78756	0	100	0.43	400
s_rd-numeric-id-hit	orig@p96	6	6.10657	0	100	0.43	400
s_rd-numeric-id-hit	orig@p112	6	6.79342	0	100	0.43	400
s_rd-numeric-id-hit	rev@p16	6	5.95639	0	100	0.43	400
s_rd-numeric-id-hit	rev@p32	6	2.71888	0	100	0.43	400
s_rd-numeric-id-hit	rev@p48	6	5.98142	0	100	0.43	400
s_rd-numeric-id-hit	rev@p64	6	6.83765	0	100	0.43	400
s_rd-numeric-id-hit	rev@p80	6	5.95697	0	100	0.43	400
s_rd-numeric-id-hit	rev@p96	6	5.96279	0	100	0.43	400
s_rd-numeric-id-hit	rev@p112	6	2.71248	0	100	0.43	400
s_rd-numeric-id-hit	orig	6	5.96221	0	100	0.43	400
s_rd-numeric-id-hit	orig2	6	6.98725	0	100	0.43	400
s_rd-numeric-id-hit	null	6	6.00005	0	100	0.43	400
s_rd-numeric-id-hit	rev	6	2.71888	0	100	0.43	400
s_rd-numeric-id-hit	orig@p16	6	5.96861	0	100	0.43	400
s_rd-numeric-id-hit	orig@p32	6	6.78760	0	100	0.43	400
s_rd-numeric-id-hit	orig@p64	7	6.16885	0	100	0.43	400
s_rd-numeric-id-hit	orig@p80	7	2.78698	0	100	0.43	400
s_rd-numeric-id-hit	orig@p96	7	6.11239	0	100	0.43	400
s_rd-numeric-id-hit	orig@p112	7	6.80622	0	100	0.43	400
s_rd-numeric-id-hit	rev@p16	7	5.96221	0	100	0.43	400
s_rd-numeric-id-hit	rev@p32	7	6.79400	0	100	0.43	400
s_rd-numeric-id-hit	rev@p48	7	5.96221	0	100	0.43	400
s_rd-numeric-id-hit	rev@p64	7	2.71248	0	100	0.43	400
s_rd-numeric-id-hit	rev@p80	7	5.96221	0	100	0.43	400
s_rd-numeric-id-hit	rev@p96	7	6.80622	0	100	0.43	400
s_rd-numeric-id-hit	rev@p112	7	5.96861	0	100	0.43	400
s_rd-numeric-id-hit	orig	7	6.79982	0	100	0.43	400
s_rd-numeric-id-hit	orig2	7	3.29339	0	100	0.43	400
s_rd-numeric-id-hit	null	7	2.71830	0	100	0.43	400
s_rd-numeric-id-hit	rev	7	7.27479	0	100	0.43	400
s_rd-numeric-id-hit	orig@p16	7	6.79342	0	100	0.43	400
s_rd-numeric-id-hit	orig@p32	7	7.26257	0	100	0.43	400
s_rd-numeric-id-hit	orig@p48	7	7.00005	0	100	0.43	400
s_rd-numeric-id-hit	orig@p80	8	3.38769	0	100	0.43	400
s_rd-numeric-id-hit	orig@p96	8	2.78756	0	100	0.43	400
s_rd-numeric-id-hit	orig@p112	8	7.26897	0	100	0.43	400
s_rd-numeric-id-hit	rev@p16	8	2.71888	0	100	0.43	400
s_rd-numeric-id-hit	rev@p32	8	7.26257	0	100	0.43	400
s_rd-numeric-id-hit	rev@p48	8	6.78760	0	100	0.43	400
s_rd-numeric-id-hit	rev@p64	8	3.29979	0	100	0.43	400
s_rd-numeric-id-hit	rev@p80	8	6.80040	0	100	0.43	400
s_rd-numeric-id-hit	rev@p96	8	7.28760	0	100	0.43	400
s_rd-numeric-id-hit	rev@p112	8	2.71888	0	100	0.43	400
s_rd-numeric-id-hit	orig	8	7.25617	0	100	0.43	400
s_rd-numeric-id-hit	orig2	8	2.71888	0	100	0.43	400
s_rd-numeric-id-hit	null	8	3.29979	0	100	0.43	400
s_rd-numeric-id-hit	rev	8	6.80040	0	100	0.43	400
s_rd-numeric-id-hit	orig@p16	8	7.26257	0	100	0.43	400
s_rd-numeric-id-hit	orig@p32	8	6.79342	0	100	0.43	400
s_rd-numeric-id-hit	orig@p48	8	7.45000	0	100	0.43	400
s_rd-numeric-id-hit	orig@p64	8	2.78756	0	100	0.43	400
s_rd-numeric-id-hit	orig@p96	9	3.40107	0	100	0.43	400
s_rd-numeric-id-hit	orig@p112	9	2.71888	0	100	0.43	400
s_rd-numeric-id-hit	rev@p16	9	7.26897	0	100	0.43	400
s_rd-numeric-id-hit	rev@p32	9	6.80622	0	100	0.43	400
s_rd-numeric-id-hit	rev@p48	9	7.25035	0	100	0.43	400
s_rd-numeric-id-hit	rev@p64	9	6.81204	0	100	0.43	400
s_rd-numeric-id-hit	rev@p80	9	3.29979	0	100	0.43	400
s_rd-numeric-id-hit	rev@p96	9	6.83125	0	100	0.43	400
s_rd-numeric-id-hit	rev@p112	9	7.26257	0	100	0.43	400
s_rd-numeric-id-hit	orig	9	6.79982	0	100	0.43	400
s_rd-numeric-id-hit	orig2	9	7.28702	0	100	0.43	400
s_rd-numeric-id-hit	null	9	2.71888	0	100	0.43	400
s_rd-numeric-id-hit	rev	9	3.31842	0	100	0.43	400
s_rd-numeric-id-hit	orig@p16	9	6.79982	0	100	0.43	400
s_rd-numeric-id-hit	orig@p32	9	7.25617	0	100	0.43	400
s_rd-numeric-id-hit	orig@p48	9	2.78116	0	100	0.43	400
s_rd-numeric-id-hit	orig@p64	9	7.45000	0	100	0.43	400
s_rd-numeric-id-hit	orig@p80	9	6.97502	0	100	0.43	400
s_rd-numeric-id-hit	orig@p112	10	3.29979	0	100	0.43	400
s_rd-numeric-id-hit	rev@p16	10	6.79400	0	100	0.43	400
s_rd-numeric-id-hit	rev@p32	10	7.26257	0	100	0.43	400
s_rd-numeric-id-hit	rev@p48	10	2.72470	0	100	0.43	400
s_rd-numeric-id-hit	rev@p64	10	7.27479	0	100	0.43	400
s_rd-numeric-id-hit	rev@p80	10	6.81845	0	100	0.43	400
s_rd-numeric-id-hit	rev@p96	10	3.30037	0	100	0.43	400
s_rd-numeric-id-hit	rev@p112	10	18.17534	0	100	0.43	400
s_rd-numeric-id-hit	orig	10	7.26897	0	100	0.43	400
s_rd-numeric-id-hit	orig2	10	2.71888	0	100	0.43	400
s_rd-numeric-id-hit	null	10	7.27538	0	100	0.43	400
s_rd-numeric-id-hit	rev	10	6.81262	0	100	0.43	400
s_rd-numeric-id-hit	orig@p16	10	3.30620	0	100	0.43	400
s_rd-numeric-id-hit	orig@p32	10	6.79982	0	100	0.43	400
s_rd-numeric-id-hit	orig@p48	10	7.45582	0	100	0.43	400
s_rd-numeric-id-hit	orig@p64	10	6.97502	0	100	0.43	400
s_rd-numeric-id-hit	orig@p80	10	7.46222	0	100	0.43	400
s_rd-numeric-id-hit	orig@p96	10	7.46862	0	100	0.43	400
s_rd-numeric-id-near-miss	orig	0	1.19244	0	100	0.43	400
s_rd-numeric-id-near-miss	orig2	0	1.19244	0	100	0.43	400
s_rd-numeric-id-near-miss	null	0	1.19372	0	100	0.43	400
s_rd-numeric-id-near-miss	rev	0	1.19384	0	100	0.43	400
s_rd-numeric-id-near-miss	orig@p16	0	1.19372	0	100	0.43	400
s_rd-numeric-id-near-miss	orig@p32	0	1.19384	0	100	0.43	400
s_rd-numeric-id-near-miss	orig@p48	0	1.22248	0	100	0.43	400
s_rd-numeric-id-near-miss	orig@p64	0	1.22504	0	100	0.43	400
s_rd-numeric-id-near-miss	orig@p80	0	1.22376	0	100	0.43	400
s_rd-numeric-id-near-miss	orig@p96	0	1.44623	0	100	0.43	400
s_rd-numeric-id-near-miss	orig@p112	0	1.19628	0	100	0.43	400
s_rd-numeric-id-near-miss	rev@p16	0	1.19116	0	100	0.43	400
s_rd-numeric-id-near-miss	rev@p32	0	1.19256	0	100	0.43	400
s_rd-numeric-id-near-miss	rev@p48	0	1.19244	0	100	0.43	400
s_rd-numeric-id-near-miss	rev@p64	0	1.19000	0	100	0.43	400
s_rd-numeric-id-near-miss	rev@p80	0	1.19116	0	100	0.43	400
s_rd-numeric-id-near-miss	rev@p96	0	1.19128	0	100	0.43	400
s_rd-numeric-id-near-miss	rev@p112	0	1.19500	0	100	0.43	400
s_rd-numeric-id-near-miss	orig2	1	1.19244	0	100	0.43	400
s_rd-numeric-id-near-miss	null	1	1.19116	0	100	0.43	400
s_rd-numeric-id-near-miss	rev	1	1.19372	0	100	0.43	400
s_rd-numeric-id-near-miss	orig@p16	1	1.19244	0	100	0.43	400
s_rd-numeric-id-near-miss	orig@p32	1	1.19128	0	100	0.43	400
s_rd-numeric-id-near-miss	orig@p48	1	1.22248	0	100	0.43	400
s_rd-numeric-id-near-miss	orig@p64	1	1.22248	0	100	0.43	400
s_rd-numeric-id-near-miss	orig@p80	1	1.25123	0	100	0.43	400
s_rd-numeric-id-near-miss	orig@p96	1	1.22259	0	100	0.43	400
s_rd-numeric-id-near-miss	orig@p112	1	0.79244	0	100	0.43	400
s_rd-numeric-id-near-miss	rev@p16	1	0.65996	0	100	0.43	400
s_rd-numeric-id-near-miss	rev@p32	1	1.45251	0	100	0.43	400
s_rd-numeric-id-near-miss	rev@p48	1	0.66124	0	100	0.43	400
s_rd-numeric-id-near-miss	rev@p64	1	1.35880	0	100	0.43	400
s_rd-numeric-id-near-miss	rev@p80	1	0.65996	0	100	0.43	400
s_rd-numeric-id-near-miss	rev@p96	1	1.45752	0	100	0.43	400
s_rd-numeric-id-near-miss	rev@p112	1	0.66007	0	100	0.43	400
s_rd-numeric-id-near-miss	orig	1	1.45123	0	100	0.43	400
s_rd-numeric-id-near-miss	null	2	0.65996	0	100	0.43	400
s_rd-numeric-id-near-miss	rev	2	0.65996	0	100	0.43	400
s_rd-numeric-id-near-miss	orig@p16	2	0.65996	0	100	0.43	400
s_rd-numeric-id-near-miss	orig@p32	2	1.36252	0	100	0.43	400
s_rd-numeric-id-near-miss	orig@p48	2	0.67626	0	100	0.43	400
s_rd-numeric-id-near-miss	orig@p64	2	0.67882	0	100	0.43	400
s_rd-numeric-id-near-miss	orig@p80	2	0.67754	0	100	0.43	400
s_rd-numeric-id-near-miss	orig@p96	2	0.67626	0	100	0.43	400
s_rd-numeric-id-near-miss	orig@p112	2	0.65996	0	100	0.43	400
s_rd-numeric-id-near-miss	rev@p16	2	0.65996	0	100	0.43	400
s_rd-numeric-id-near-miss	rev@p32	2	0.65879	0	100	0.43	400
s_rd-numeric-id-near-miss	rev@p48	2	0.65996	0	100	0.43	400
s_rd-numeric-id-near-miss	rev@p64	2	0.66007	0	100	0.43	400
s_rd-numeric-id-near-miss	rev@p80	2	0.66124	0	100	0.43	400
s_rd-numeric-id-near-miss	rev@p96	2	0.65996	0	100	0.43	400
s_rd-numeric-id-near-miss	rev@p112	2	0.65868	0	100	0.43	400
s_rd-numeric-id-near-miss	orig	2	0.66124	0	100	0.43	400
s_rd-numeric-id-near-miss	orig2	2	0.66240	0	100	0.43	400
s_rd-numeric-id-near-miss	rev	3	0.66124	0	100	0.43	400
s_rd-numeric-id-near-miss	orig@p16	3	0.65996	0	100	0.43	400
s_rd-numeric-id-near-miss	orig@p32	3	0.66007	0	100	0.43	400
s_rd-numeric-id-near-miss	orig@p48	3	0.67754	0	100	0.43	400
s_rd-numeric-id-near-miss	orig@p64	3	0.67626	0	100	0.43	400
s_rd-numeric-id-near-miss	orig@p80	3	0.67742	0	100	0.43	400
s_rd-numeric-id-near-miss	orig@p96	3	0.67754	0	100	0.43	400
s_rd-numeric-id-near-miss	orig@p112	3	0.66264	0	100	0.43	400
s_rd-numeric-id-near-miss	rev@p16	3	0.66252	0	100	0.43	400
s_rd-numeric-id-near-miss	rev@p32	3	0.66124	0	100	0.43	400
s_rd-numeric-id-near-miss	rev@p48	3	0.66252	0	100	0.43	400
s_rd-numeric-id-near-miss	rev@p64	3	0.66007	0	100	0.43	400
s_rd-numeric-id-near-miss	rev@p80	3	0.66007	0	100	0.43	400
s_rd-numeric-id-near-miss	rev@p96	3	0.65996	0	100	0.43	400
s_rd-numeric-id-near-miss	rev@p112	3	0.66124	0	100	0.43	400
s_rd-numeric-id-near-miss	orig	3	0.54494	0	100	0.43	400
s_rd-numeric-id-near-miss	orig2	3	0.65996	0	100	0.43	400
s_rd-numeric-id-near-miss	null	3	0.55006	0	100	0.43	400
s_rd-numeric-id-near-miss	orig@p16	4	1.45123	0	100	0.43	400
s_rd-numeric-id-near-miss	orig@p32	4	1.36124	0	100	0.43	400
s_rd-numeric-id-near-miss	orig@p48	4	0.67754	0	100	0.43	400
s_rd-numeric-id-near-miss	orig@p64	4	0.55751	0	100	0.43	400
s_rd-numeric-id-near-miss	orig@p80	4	0.67742	0	100	0.43	400
s_rd-numeric-id-near-miss	orig@p96	4	0.55751	0	100	0.43	400
s_rd-numeric-id-near-miss	orig@p112	4	1.45123	0	100	0.43	400
s_rd-numeric-id-near-miss	rev@p16	4	1.35752	0	100	0.43	400
s_rd-numeric-id-near-miss	rev@p32	4	1.45251	0	100	0.43	400
s_rd-numeric-id-near-miss	rev@p48	4	1.35996	0	100	0.43	400
s_rd-numeric-id-near-miss	rev@p64	4	1.46008	0	100	0.43	400
s_rd-numeric-id-near-miss	rev@p80	4	1.35868	0	100	0.43	400
s_rd-numeric-id-near-miss	rev@p96	4	0.66124	0	100	0.43	400
s_rd-numeric-id-near-miss	rev@p112	4	0.54378	0	100	0.43	400
s_rd-numeric-id-near-miss	orig	4	1.45880	0	100	0.43	400
s_rd-numeric-id-near-miss	orig2	4	1.36252	0	100	0.43	400
s_rd-numeric-id-near-miss	null	4	1.45251	0	100	0.43	400
s_rd-numeric-id-near-miss	rev	4	0.54634	0	100	0.43	400
s_rd-numeric-id-near-miss	orig@p32	5	1.45251	0	100	0.43	400
s_rd-numeric-id-near-miss	orig@p48	5	1.39500	0	100	0.43	400
s_rd-numeric-id-near-miss	orig@p64	5	1.49372	0	100	0.43	400
s_rd-numeric-id-near-miss	orig@p80	5	0.56007	0	100	0.43	400
s_rd-numeric-id-near-miss	orig@p96	5	0.67742	0	100	0.43	400
s_rd-numeric-id-near-miss	orig@p112	5	1.35996	0	100	0.43	400
s_rd-numeric-id-near-miss	rev@p16	5	1.45123	0	100	0.43	400
s_rd-numeric-id-near-miss	rev@p32	5	1.36252	0	100	0.43	400
s_rd-numeric-id-near-miss	rev@p48	5	1.45251	0	100	0.43	400
s_rd-numeric-id-near-miss	rev@p64	5	1.45123	0	100	0.43	400
s_rd-numeric-id-near-miss	rev@p80	5	0.65996	0	100	0.43	400
s_rd-numeric-id-near-miss	rev@p96	5	0.66007	0	100	0.43	400
s_rd-numeric-id-near-miss	rev@p112	5	1.45379	0	100	0.43	400
s_rd-numeric-id-near-miss	orig	5	1.45007	0	100	0.43	400
s_rd-numeric-id-near-miss	orig2	5	1.45251	0	100	0.43	400
s_rd-numeric-id-near-miss	null	5	1.45508	0	100	0.43	400
s_rd-numeric-id-near-miss	rev	5	1.45263	0	100	0.43	400
s_rd-numeric-id-near-miss	orig@p16	5	1.45007	0	100	0.43	400
s_rd-numeric-id-near-miss	orig@p48	6	0.67754	0	100	0.43	400
s_rd-numeric-id-near-miss	orig@p64	6	0.67998	0	100	0.43	400
s_rd-numeric-id-near-miss	orig@p80	6	1.48872	0	100	0.43	400
s_rd-numeric-id-near-miss	orig@p96	6	0.67870	0	100	0.43	400
s_rd-numeric-id-near-miss	orig@p112	6	1.45880	0	100	0.43	400
s_rd-numeric-id-near-miss	rev@p16	6	1.45251	0	100	0.43	400
s_rd-numeric-id-near-miss	rev@p32	6	1.34122	0	100	0.43	400
s_rd-numeric-id-near-miss	rev@p48	6	0.66124	0	100	0.43	400
s_rd-numeric-id-near-miss	rev@p64	6	1.34122	0	100	0.43	400
s_rd-numeric-id-near-miss	rev@p80	6	0.65996	0	100	0.43	400
s_rd-numeric-id-near-miss	rev@p96	6	1.34250	0	100	0.43	400
s_rd-numeric-id-near-miss	rev@p112	6	1.45251	0	100	0.43	400
s_rd-numeric-id-near-miss	orig	6	1.34250	0	100	0.43	400
s_rd-numeric-id-near-miss	orig2	6	0.66124	0	100	0.43	400
s_rd-numeric-id-near-miss	null	6	1.34262	0	100	0.43	400
s_rd-numeric-id-near-miss	rev	6	0.65996	0	100	0.43	400
s_rd-numeric-id-near-miss	orig@p16	6	1.34739	0	100	0.43	400
s_rd-numeric-id-near-miss	orig@p32	6	1.45251	0	100	0.43	400
s_rd-numeric-id-near-miss	orig@p64	7	1.37510	0	100	0.43	400
s_rd-numeric-id-near-miss	orig@p80	7	0.67754	0	100	0.43	400
s_rd-numeric-id-near-miss	orig@p96	7	1.37626	0	100	0.43	400
s_rd-numeric-id-near-miss	orig@p112	7	0.66007	0	100	0.43	400
s_rd-numeric-id-near-miss	rev@p16	7	1.34134	0	100	0.43	400
s_rd-numeric-id-near-miss	rev@p32	7	1.45251	0	100	0.43	400
s_rd-numeric-id-near-miss	rev@p48	7	1.34122	0	100	0.43	400
s_rd-numeric-id-near-miss	rev@p64	7	1.45496	0	100	0.43	400
s_rd-numeric-id-near-miss	rev@p80	7	1.34623	0	100	0.43	400
s_rd-numeric-id-near-miss	rev@p96	7	0.66007	0	100	0.43	400
s_rd-numeric-id-near-miss	rev@p112	7	1.34122	0	100	0.43	400
s_rd-numeric-id-near-miss	orig	7	0.66007	0	100	0.43	400
s_rd-numeric-id-near-miss	orig2	7	1.34506	0	100	0.43	400
s_rd-numeric-id-near-miss	null	7	1.45496	0	100	0.43	400
s_rd-numeric-id-near-miss	rev	7	1.34134	0	100	0.43	400
s_rd-numeric-id-near-miss	orig@p16	7	1.44995	0	100	0.43	400
s_rd-numeric-id-near-miss	orig@p32	7	1.34378	0	100	0.43	400
s_rd-numeric-id-near-miss	orig@p48	7	1.53878	0	100	0.43	400
s_rd-numeric-id-near-miss	orig@p80	8	1.37754	0	100	0.43	400
s_rd-numeric-id-near-miss	orig@p96	8	0.67754	0	100	0.43	400
s_rd-numeric-id-near-miss	orig@p112	8	1.34634	0	100	0.43	400
s_rd-numeric-id-near-miss	rev@p16	8	1.45379	0	100	0.43	400
s_rd-numeric-id-near-miss	rev@p32	8	1.34378	0	100	0.43	400
s_rd-numeric-id-near-miss	rev@p48	8	1.45251	0	100	0.43	400
s_rd-numeric-id-near-miss	rev@p64	8	1.34134	0	100	0.43	400
s_rd-numeric-id-near-miss	rev@p80	8	1.45379	0	100	0.43	400
s_rd-numeric-id-near-miss	rev@p96	8	1.34250	0	100	0.43	400
s_rd-numeric-id-near-miss	rev@p112	8	0.66007	0	100	0.43	400
s_rd-numeric-id-near-miss	orig	8	1.45123	0	100	0.43	400
s_rd-numeric-id-near-miss	orig2	8	1.34250	0	100	0.43	400
s_rd-numeric-id-near-miss	null	8	1.45379	0	100	0.43	400
s_rd-numeric-id-near-miss	rev	8	1.34250	0	100	0.43	400
s_rd-numeric-id-near-miss	orig@p16	8	1.45379	0	100	0.43	400
s_rd-numeric-id-near-miss	orig@p32	8	1.34134	0	100	0.43	400
s_rd-numeric-id-near-miss	orig@p48	8	1.49501	0	100	0.43	400
s_rd-numeric-id-near-miss	orig@p64	8	1.37626	0	100	0.43	400
s_rd-numeric-id-near-miss	orig@p96	9	0.68999	0	100	0.43	400
s_rd-numeric-id-near-miss	orig@p112	9	1.33994	0	100	0.43	400
s_rd-numeric-id-near-miss	rev@p16	9	1.45251	0	100	0.43	400
s_rd-numeric-id-near-miss	rev@p32	9	1.34250	0	100	0.43	400
s_rd-numeric-id-near-miss	rev@p48	9	1.45752	0	100	0.43	400
s_rd-numeric-id-near-miss	rev@p64	9	1.34122	0	100	0.43	400
s_rd-numeric-id-near-miss	rev@p80	9	0.65996	0	100	0.43	400
s_rd-numeric-id-near-miss	rev@p96	9	1.34367	0	100	0.43	400
s_rd-numeric-id-near-miss	rev@p112	9	1.44995	0	100	0.43	400
s_rd-numeric-id-near-miss	orig	9	1.34006	0	100	0.43	400
s_rd-numeric-id-near-miss	orig2	9	1.45251	0	100	0.43	400
s_rd-numeric-id-near-miss	null	9	1.34250	0	100	0.43	400
s_rd-numeric-id-near-miss	rev	9	0.66124	0	100	0.43	400
s_rd-numeric-id-near-miss	orig@p16	9	1.34367	0	100	0.43	400
s_rd-numeric-id-near-miss	orig@p32	9	1.45368	0	100	0.43	400
s_rd-numeric-id-near-miss	orig@p48	9	1.49000	0	100	0.43	400
s_rd-numeric-id-near-miss	orig@p64	9	1.37510	0	100	0.43	400
s_rd-numeric-id-near-miss	orig@p80	9	0.67742	0	100	0.43	400
s_rd-numeric-id-near-miss	orig@p112	10	1.34250	0	100	0.43	400
s_rd-numeric-id-near-miss	rev@p16	10	1.45379	0	100	0.43	400
s_rd-numeric-id-near-miss	rev@p32	10	1.33994	0	100	0.43	400
s_rd-numeric-id-near-miss	rev@p48	10	1.45123	0	100	0.43	400
s_rd-numeric-id-near-miss	rev@p64	10	1.34250	0	100	0.43	400
s_rd-numeric-id-near-miss	rev@p80	10	0.65996	0	100	0.43	400
s_rd-numeric-id-near-miss	rev@p96	10	1.34145	0	100	0.43	400
s_rd-numeric-id-near-miss	rev@p112	10	0.65996	0	100	0.43	400
s_rd-numeric-id-near-miss	orig	10	1.34122	0	100	0.43	400
s_rd-numeric-id-near-miss	orig2	10	1.45379	0	100	0.43	400
s_rd-numeric-id-near-miss	null	10	1.34262	0	100	0.43	400
s_rd-numeric-id-near-miss	rev	10	1.46369	0	100	0.43	400
s_rd-numeric-id-near-miss	orig@p16	10	1.34122	0	100	0.43	400
s_rd-numeric-id-near-miss	orig@p32	10	1.34623	0	100	0.43	400
s_rd-numeric-id-near-miss	orig@p48	10	1.22120	0	100	0.43	400
s_rd-numeric-id-near-miss	orig@p64	10	1.22632	0	100	0.43	400
s_rd-numeric-id-near-miss	orig@p80	10	1.22120	0	100	0.43	400
s_rd-numeric-id-near-miss	orig@p96	10	1.22504	0	100	0.43	400
s_rd-phone-list-hit	orig	0	3.40731	0	100	0.43	400
s_rd-phone-list-hit	orig2	0	3.40731	0	100	0.43	400
s_rd-phone-list-hit	null	0	3.41064	0	100	0.43	400
s_rd-phone-list-hit	rev	0	3.40698	0	100	0.43	400
s_rd-phone-list-hit	orig@p16	0	3.40731	0	100	0.43	400
s_rd-phone-list-hit	orig@p32	0	3.40698	0	100	0.43	400
s_rd-phone-list-hit	orig@p48	0	3.49312	0	100	0.43	400
s_rd-phone-list-hit	orig@p64	0	9.43596	0	100	0.43	400
s_rd-phone-list-hit	orig@p80	0	3.50377	0	100	0.43	400
s_rd-phone-list-hit	orig@p96	0	3.49312	0	100	0.43	400
s_rd-phone-list-hit	orig@p112	0	3.40365	0	100	0.43	400
s_rd-phone-list-hit	rev@p16	0	3.40332	0	100	0.43	400
s_rd-phone-list-hit	rev@p32	0	3.41064	0	100	0.43	400
s_rd-phone-list-hit	rev@p48	0	3.41064	0	100	0.43	400
s_rd-phone-list-hit	rev@p64	0	3.40365	0	100	0.43	400
s_rd-phone-list-hit	rev@p80	0	3.40731	0	100	0.43	400
s_rd-phone-list-hit	rev@p96	0	3.40365	0	100	0.43	400
s_rd-phone-list-hit	rev@p112	0	3.40698	0	100	0.43	400
s_rd-phone-list-hit	orig2	1	3.41064	0	100	0.43	400
s_rd-phone-list-hit	null	1	3.40731	0	100	0.43	400
s_rd-phone-list-hit	rev	1	3.39999	0	100	0.43	400
s_rd-phone-list-hit	orig@p16	1	3.40698	0	100	0.43	400
s_rd-phone-list-hit	orig@p32	1	3.40365	0	100	0.43	400
s_rd-phone-list-hit	orig@p48	1	3.49645	0	100	0.43	400
s_rd-phone-list-hit	orig@p64	1	3.49312	0	100	0.43	400
s_rd-phone-list-hit	orig@p80	1	3.49978	0	100	0.43	400
s_rd-phone-list-hit	orig@p96	1	3.50011	0	100	0.43	400
s_rd-phone-list-hit	orig@p112	1	3.40698	0	100	0.43	400
s_rd-phone-list-hit	rev@p16	1	3.40365	0	100	0.43	400
s_rd-phone-list-hit	rev@p32	1	3.40731	0	100	0.43	400
s_rd-phone-list-hit	rev@p48	1	3.40365	0	100	0.43	400
s_rd-phone-list-hit	rev@p64	1	3.41762	0	100	0.43	400
s_rd-phone-list-hit	rev@p80	1	3.40365	0	100	0.43	400
s_rd-phone-list-hit	rev@p96	1	3.40365	0	100	0.43	400
s_rd-phone-list-hit	rev@p112	1	3.40365	0	100	0.43	400
s_rd-phone-list-hit	orig	1	3.41430	0	100	0.43	400
s_rd-phone-list-hit	null	2	3.40365	0	100	0.43	400
s_rd-phone-list-hit	rev	2	3.41097	0	100	0.43	400
s_rd-phone-list-hit	orig@p16	2	3.41097	0	100	0.43	400
s_rd-phone-list-hit	orig@p32	2	3.55000	0	100	0.43	400
s_rd-phone-list-hit	orig@p48	2	3.49645	0	100	0.43	400
s_rd-phone-list-hit	orig@p64	2	4.26047	0	100	0.43	400
s_rd-phone-list-hit	orig@p80	2	3.48947	0	100	0.43	400
s_rd-phone-list-hit	orig@p96	2	4.26047	0	100	0.43	400
s_rd-phone-list-hit	orig@p112	2	3.41097	0	100	0.43	400
s_rd-phone-list-hit	rev@p16	2	1.55365	0	100	0.43	400
s_rd-phone-list-hit	rev@p32	2	3.42128	0	100	0.43	400
s_rd-phone-list-hit	rev@p48	2	3.87863	0	100	0.43	400
s_rd-phone-list-hit	rev@p64	2	3.41430	0	100	0.43	400
s_rd-phone-list-hit	rev@p80	2	3.89293	0	100	0.43	400
s_rd-phone-list-hit	rev@p96	2	3.43226	0	100	0.43	400
s_rd-phone-list-hit	rev@p112	2	1.55365	0	100	0.43	400
s_rd-phone-list-hit	orig	2	3.40365	0	100	0.43	400
s_rd-phone-list-hit	orig2	2	1.54999	0	100	0.43	400
s_rd-phone-list-hit	rev	3	3.40698	0	100	0.43	400
s_rd-phone-list-hit	orig@p16	3	3.88927	0	100	0.43	400
s_rd-phone-list-hit	orig@p32	3	3.40731	0	100	0.43	400
s_rd-phone-list-hit	orig@p48	3	1.59289	0	100	0.43	400
s_rd-phone-list-hit	orig@p64	3	3.50011	0	100	0.43	400
s_rd-phone-list-hit	orig@p80	3	3.98573	0	100	0.43	400
s_rd-phone-list-hit	orig@p96	3	3.49978	0	100	0.43	400
s_rd-phone-list-hit	orig@p112	3	1.55331	0	100	0.43	400
s_rd-phone-list-hit	rev@p16	3	3.41064	0	100	0.43	400
s_rd-phone-list-hit	rev@p32	3	1.55365	0	100	0.43	400
s_rd-phone-list-hit	rev@p48	3	3.40731	0	100	0.43	400
s_rd-phone-list-hit	rev@p64	3	3.89293	0	100	0.43	400
s_rd-phone-list-hit	rev@p80	3	3.40365	0	100	0.43	400
s_rd-phone-list-hit	rev@p96	3	3.88195	0	100	0.43	400
s_rd-phone-list-hit	rev@p112	3	3.41762	0	100	0.43	400
s_rd-phone-list-hit	orig	3	1.54999	0	100	0.43	400
s_rd-phone-list-hit	orig2	3	3.41064	0	100	0.43	400
s_rd-phone-list-hit	null	3	1.54999	0	100	0.43	400
s_rd-phone-list-hit	orig@p16	4	3.40365	0	100	0.43	400
s_rd-phone-list-hit	orig@p32	4	3.88927	0	100	0.43	400
s_rd-phone-list-hit	orig@p48	4	3.50011	0	100	0.43	400
s_rd-phone-list-hit	orig@p64	4	3.98573	0	100	0.43	400
s_rd-phone-list-hit	orig@p80	4	3.49645	0	100	0.43	400
s_rd-phone-list-hit	orig@p96	4	3.98207	0	100	0.43	400
s_rd-phone-list-hit	orig@p112	4	3.40731	0	100	0.43	400
s_rd-phone-list-hit	rev@p16	4	4.11079	0	100	0.43	400
s_rd-phone-list-hit	rev@p32	4	10.69990	0	100	0.43	400
s_rd-phone-list-hit	rev@p48	4	3.88561	0	100	0.43	400
s_rd-phone-list-hit	rev@p64	4	3.41064	0	100	0.43	400
s_rd-phone-list-hit	rev@p80	4	3.88561	0	100	0.43	400
s_rd-phone-list-hit	rev@p96	4	3.41795	0	100	0.43	400
s_rd-phone-list-hit	rev@p112	4	3.88195	0	100	0.43	400
s_rd-phone-list-hit	orig	4	3.41130	0	100	0.43	400
s_rd-phone-list-hit	orig2	4	1.55365	0	100	0.43	400
s_rd-phone-list-hit	null	4	3.41064	0	100	0.43	400
s_rd-phone-list-hit	rev	4	3.89260	0	100	0.43	400
s_rd-phone-list-hit	orig@p32	5	3.41795	0	100	0.43	400
s_rd-phone-list-hit	orig@p48	5	1.59655	0	100	0.43	400
s_rd-phone-list-hit	orig@p64	5	3.49645	0	100	0.43	400
s_rd-phone-list-hit	orig@p80	5	3.98573	0	100	0.43	400
s_rd-phone-list-hit	orig@p96	5	3.49312	0	100	0.43	400
s_rd-phone-list-hit	orig@p112	5	1.55697	0	100	0.43	400
s_rd-phone-list-hit	rev@p16	5	3.40698	0	100	0.43	400
s_rd-phone-list-hit	rev@p32	5	3.88594	0	100	0.43	400
s_rd-phone-list-hit	rev@p48	5	3.40365	0	100	0.43	400
s_rd-phone-list-hit	rev@p64	5	3.88561	0	100	0.43	400
s_rd-phone-list-hit	rev@p80	5	3.42128	0	100	0.43	400
s_rd-phone-list-hit	rev@p96	5	1.55730	0	100	0.43	400
s_rd-phone-list-hit	rev@p112	5	3.42494	0	100	0.43	400
s_rd-phone-list-hit	orig	5	1.55697	0	100	0.43	400
s_rd-phone-list-hit	orig2	5	3.41064	0	100	0.43	400
s_rd-phone-list-hit	null	5	3.87863	0	100	0.43	400
s_rd-phone-list-hit	rev	5	3.42161	0	100	0.43	400
s_rd-phone-list-hit	orig@p16	5	3.88228	0	100	0.43	400
s_rd-phone-list-hit	orig@p48	6	3.49645	0	100	0.43	400
s_rd-phone-list-hit	orig@p64	6	3.97841	0	100	0.43	400
s_rd-phone-list-hit	orig@p80	6	3.49978	0	100	0.43	400
s_rd-phone-list-hit	orig@p96	6	1.59289	0	100	0.43	400
s_rd-phone-list-hit	orig@p112	6	3.41064	0	100	0.43	400
s_rd-phone-list-hit	rev@p16	6	3.88228	0	100	0.43	400
s_rd-phone-list-hit	rev@p32	6	3.40365	0	100	0.43	400
s_rd-phone-list-hit	rev@p48	6	3.87863	0	100	0.43	400
s_rd-phone-list-hit	rev@p64	6	3.40365	0	100	0.43	400
s_rd-phone-list-hit	rev@p80	6	3.88228	0	100	0.43	400
s_rd-phone-list-hit	rev@p96	6	3.83206	0	100	0.43	400
s_rd-phone-list-hit	rev@p112	6	3.40698	0	100	0.43	400
s_rd-phone-list-hit	orig	6	3.40365	0	100	0.43	400
s_rd-phone-list-hit	orig2	6	3.41430	0	100	0.43	400
s_rd-phone-list-hit	null	6	3.40365	0	100	0.43	400
s_rd-phone-list-hit	rev	6	3.41064	0	100	0.43	400
s_rd-phone-list-hit	orig@p16	6	3.41463	0	100	0.43	400
s_rd-phone-list-hit	orig@p32	6	3.41430	0	100	0.43	400
s_rd-phone-list-hit	orig@p64	7	3.49279	0	100	0.43	400
s_rd-phone-list-hit	orig@p80	7	3.50011	0	100	0.43	400
s_rd-phone-list-hit	orig@p96	7	3.49645	0	100	0.43	400
s_rd-phone-list-hit	orig@p112	7	3.40731	0	100	0.43	400
s_rd-phone-list-hit	rev@p16	7	3.40698	0	100	0.43	400
s_rd-phone-list-hit	rev@p32	7	3.40698	0	100	0.43	400
s_rd-phone-list-hit	rev@p48	7	3.40698	0	100	0.43	400
s_rd-phone-list-hit	rev@p64	7	5.81445	0	100	0.43	400
s_rd-phone-list-hit	rev@p80	7	3.40731	0	100	0.43	400
s_rd-phone-list-hit	rev@p96	7	3.42860	0	100	0.43	400
s_rd-phone-list-hit	rev@p112	7	3.40731	0	100	0.43	400
s_rd-phone-list-hit	orig	7	3.40698	0	100	0.43	400
s_rd-phone-list-hit	orig2	7	3.40332	0	100	0.43	400
s_rd-phone-list-hit	null	7	3.40764	0	100	0.43	400
s_rd-phone-list-hit	rev	7	3.41064	0	100	0.43	400
s_rd-phone-list-hit	orig@p16	7	3.40731	0	100	0.43	400
s_rd-phone-list-hit	orig@p32	7	3.40365	0	100	0.43	400
s_rd-phone-list-hit	orig@p48	7	3.49978	0	100	0.43	400
s_rd-phone-list-hit	orig@p80	8	3.48913	0	100	0.43	400
s_rd-phone-list-hit	orig@p96	8	3.49645	0	100	0.43	400
s_rd-phone-list-hit	orig@p112	8	3.41064	0	100	0.43	400
s_rd-phone-list-hit	rev@p16	8	3.40698	0	100	0.43	400
s_rd-phone-list-hit	rev@p32	8	3.40698	0	100	0.43	400
s_rd-phone-list-hit	rev@p48	8	3.40698	0	100	0.43	400
s_rd-phone-list-hit	rev@p64	8	3.41064	0	100	0.43	400
s_rd-phone-list-hit	rev@p80	8	3.41430	0	100	0.43	400
s_rd-phone-list-hit	rev@p96	8	3.41097	0	100	0.43	400
s_rd-phone-list-hit	rev@p112	8	3.41430	0	100	0.43	400
s_rd-phone-list-hit	orig	8	3.40731	0	100	0.43	400
s_rd-phone-list-hit	orig2	8	3.40332	0	100	0.43	400
s_rd-phone-list-hit	null	8	3.41097	0	100	0.43	400
s_rd-phone-list-hit	rev	8	3.40731	0	100	0.43	400
s_rd-phone-list-hit	orig@p16	8	7.64649	0	100	0.43	400
s_rd-phone-list-hit	orig@p32	8	3.40698	0	100	0.43	400
s_rd-phone-list-hit	orig@p48	8	3.50344	0	100	0.43	400
s_rd-phone-list-hit	orig@p64	8	3.49645	0	100	0.43	400
s_rd-phone-list-hit	orig@p96	9	3.49312	0	100	0.43	400
s_rd-phone-list-hit	orig@p112	9	3.40731	0	100	0.43	400
s_rd-phone-list-hit	rev@p16	9	3.41064	0	100	0.43	400
s_rd-phone-list-hit	rev@p32	9	3.41795	0	100	0.43	400
s_rd-phone-list-hit	rev@p48	9	3.41430	0	100	0.43	400
s_rd-phone-list-hit	rev@p64	9	3.40332	0	100	0.43	400
s_rd-phone-list-hit	rev@p80	9	3.39999	0	100	0.43	400
s_rd-phone-list-hit	rev@p96	9	3.40332	0	100	0.43	400
s_rd-phone-list-hit	rev@p112	9	3.41795	0	100	0.43	400
s_rd-phone-list-hit	orig	9	3.40698	0	100	0.43	400
s_rd-phone-list-hit	orig2	9	3.41064	0	100	0.43	400
s_rd-phone-list-hit	null	9	3.40698	0	100	0.43	400
s_rd-phone-list-hit	rev	9	3.40731	0	100	0.43	400
s_rd-phone-list-hit	orig@p16	9	3.40698	0	100	0.43	400
s_rd-phone-list-hit	orig@p32	9	3.41430	0	100	0.43	400
s_rd-phone-list-hit	orig@p48	9	3.49279	0	100	0.43	400
s_rd-phone-list-hit	orig@p64	9	3.49978	0	100	0.43	400
s_rd-phone-list-hit	orig@p80	9	3.50344	0	100	0.43	400
s_rd-phone-list-hit	orig@p112	10	3.40698	0	100	0.43	400
s_rd-phone-list-hit	rev@p16	10	3.39999	0	100	0.43	400
s_rd-phone-list-hit	rev@p32	10	3.40698	0	100	0.43	400
s_rd-phone-list-hit	rev@p48	10	3.40731	0	100	0.43	400
s_rd-phone-list-hit	rev@p64	10	3.40365	0	100	0.43	400
s_rd-phone-list-hit	rev@p80	10	9.31788	0	100	0.43	400
s_rd-phone-list-hit	rev@p96	10	3.41097	0	100	0.43	400
s_rd-phone-list-hit	rev@p112	10	3.40365	0	100	0.43	400
s_rd-phone-list-hit	orig	10	3.41064	0	100	0.43	400
s_rd-phone-list-hit	orig2	10	3.41064	0	100	0.43	400
s_rd-phone-list-hit	null	10	3.40731	0	100	0.43	400
s_rd-phone-list-hit	rev	10	3.40698	0	100	0.43	400
s_rd-phone-list-hit	orig@p16	10	3.41064	0	100	0.43	400
s_rd-phone-list-hit	orig@p32	10	3.41097	0	100	0.43	400
s_rd-phone-list-hit	orig@p48	10	3.49645	0	100	0.43	400
s_rd-phone-list-hit	orig@p64	10	3.49645	0	100	0.43	400
s_rd-phone-list-hit	orig@p80	10	3.50011	0	100	0.43	400
s_rd-phone-list-hit	orig@p96	10	3.49978	0	100	0.43	400
s_rd-trim-hit	orig	0	5.96221	0	100	0.43	400
s_rd-trim-hit	orig2	0	5.96221	0	100	0.43	400
s_rd-trim-hit	null	0	6.01867	0	100	0.43	400
s_rd-trim-hit	rev	0	5.96279	0	100	0.43	400
s_rd-trim-hit	orig@p16	0	5.96221	0	100	0.43	400
s_rd-trim-hit	orig@p32	0	5.94999	0	100	0.43	400
s_rd-trim-hit	orig@p48	0	6.11355	0	100	0.43	400
s_rd-trim-hit	orig@p64	0	6.12519	0	100	0.43	400
s_rd-trim-hit	orig@p80	0	6.11879	0	100	0.43	400
s_rd-trim-hit	orig@p96	0	6.15662	0	100	0.43	400
s_rd-trim-hit	orig@p112	0	6.80040	0	100	0.43	400
s_rd-trim-hit	rev@p16	0	5.96861	0	100	0.43	400
s_rd-trim-hit	rev@p32	0	6.80622	0	100	0.43	400
s_rd-trim-hit	rev@p48	0	5.95639	0	100	0.43	400
s_rd-trim-hit	rev@p64	0	6.81262	0	100	0.43	400
s_rd-trim-hit	rev@p80	0	6.79982	0	100	0.43	400
s_rd-trim-hit	rev@p96	0	5.99364	0	100	0.43	400
s_rd-trim-hit	rev@p112	0	6.79982	0	100	0.43	400
s_rd-trim-hit	orig2	1	5.97502	0	100	0.43	400
s_rd-trim-hit	null	1	6.82485	0	100	0.43	400
s_rd-trim-hit	rev	1	5.96861	0	100	0.43	400
s_rd-trim-hit	orig@p16	1	2.71888	0	100	0.43	400
s_rd-trim-hit	orig@p32	1	5.96221	0	100	0.43	400
s_rd-trim-hit	orig@p48	1	6.97502	0	100	0.43	400
s_rd-trim-hit	orig@p64	1	6.11239	0	100	0.43	400
s_rd-trim-hit	orig@p80	1	6.13101	0	100	0.43	400
s_rd-trim-hit	orig@p96	1	6.10657	0	100	0.43	400
s_rd-trim-hit	orig@p112	1	5.96221	0	100	0.43	400
s_rd-trim-hit	rev@p16	1	5.97502	0	100	0.43	400
s_rd-trim-hit	rev@p32	1	5.96221	0	100	0.43	400
s_rd-trim-hit	rev@p48	1	5.98782	0	100	0.43	400
s_rd-trim-hit	rev@p64	1	6.00005	0	100	0.43	400
s_rd-trim-hit	rev@p80	1	5.96221	0	100	0.43	400
s_rd-trim-hit	rev@p96	1	5.96861	0	100	0.43	400
s_rd-trim-hit	rev@p112	1	5.95639	0	100	0.43	400
s_rd-trim-hit	orig	1	5.96279	0	100	0.43	400
s_rd-trim-hit	null	2	5.96861	0	100	0.43	400
s_rd-trim-hit	rev	2	6.00005	0	100	0.43	400
s_rd-trim-hit	orig@p16	2	5.96920	0	100	0.43	400
s_rd-trim-hit	orig@p32	2	5.96221	0	100	0.43	400
s_rd-trim-hit	orig@p48	2	6.10657	0	100	0.43	400
s_rd-trim-hit	orig@p64	2	6.11239	0	100	0.43	400
s_rd-trim-hit	orig@p80	2	6.15022	0	100	0.43	400
s_rd-trim-hit	orig@p96	2	6.11879	0	100	0.43	400
s_rd-trim-hit	orig@p112	2	5.98724	0	100	0.43	400
s_rd-trim-hit	rev@p16	2	5.96279	0	100	0.43	400
s_rd-trim-hit	rev@p32	2	5.96221	0	100	0.43	400
s_rd-trim-hit	rev@p48	2	5.96279	0	100	0.43	400
s_rd-trim-hit	rev@p64	2	5.98084	0	100	0.43	400
s_rd-trim-hit	rev@p80	2	5.96279	0	100	0.43	400
s_rd-trim-hit	rev@p96	2	5.96221	0	100	0.43	400
s_rd-trim-hit	rev@p112	2	5.97502	0	100	0.43	400
s_rd-trim-hit	orig	2	5.96861	0	100	0.43	400
s_rd-trim-hit	orig2	2	5.97502	0	100	0.43	400
s_rd-trim-hit	rev	3	5.95639	0	100	0.43	400
s_rd-trim-hit	orig@p16	3	5.95639	0	100	0.43	400
s_rd-trim-hit	orig@p32	3	5.97502	0	100	0.43	400
s_rd-trim-hit	orig@p48	3	6.11239	0	100	0.43	400
s_rd-trim-hit	orig@p64	3	6.11239	0	100	0.43	400
s_rd-trim-hit	orig@p80	3	6.11239	0	100	0.43	400
s_rd-trim-hit	orig@p96	3	6.11879	0	100	0.43	400
s_rd-trim-hit	orig@p112	3	5.97502	0	100	0.43	400
s_rd-trim-hit	rev@p16	3	5.95581	0	100	0.43	400
s_rd-trim-hit	rev@p32	3	5.96861	0	100	0.43	400
s_rd-trim-hit	rev@p48	3	5.95639	0	100	0.43	400
s_rd-trim-hit	rev@p64	3	5.94999	0	100	0.43	400
s_rd-trim-hit	rev@p80	3	5.98142	0	100	0.43	400
s_rd-trim-hit	rev@p96	3	5.96221	0	100	0.43	400
s_rd-trim-hit	rev@p112	3	5.95639	0	100	0.43	400
s_rd-trim-hit	orig	3	5.95581	0	100	0.43	400
s_rd-trim-hit	orig2	3	5.96279	0	100	0.43	400
s_rd-trim-hit	null	3	5.96279	0	100	0.43	400
s_rd-trim-hit	orig@p16	4	5.96279	0	100	0.43	400
s_rd-trim-hit	orig@p32	4	5.95639	0	100	0.43	400
s_rd-trim-hit	orig@p48	4	6.13160	0	100	0.43	400
s_rd-trim-hit	orig@p64	4	6.11821	0	100	0.43	400
s_rd-trim-hit	orig@p80	4	6.11879	0	100	0.43	400
s_rd-trim-hit	orig@p96	4	6.13101	0	100	0.43	400
s_rd-trim-hit	orig@p112	4	5.95639	0	100	0.43	400
s_rd-trim-hit	rev@p16	4	5.96279	0	100	0.43	400
s_rd-trim-hit	rev@p32	4	5.98724	0	100	0.43	400
s_rd-trim-hit	rev@p48	4	5.97502	0	100	0.43	400
s_rd-trim-hit	rev@p64	4	5.95639	0	100	0.43	400
s_rd-trim-hit	rev@p80	4	5.95639	0	100	0.43	400
s_rd-trim-hit	rev@p96	4	5.94999	0	100	0.43	400
s_rd-trim-hit	rev@p112	4	5.96279	0	100	0.43	400
s_rd-trim-hit	orig	4	5.96279	0	100	0.43	400
s_rd-trim-hit	orig2	4	5.96861	0	100	0.43	400
s_rd-trim-hit	null	4	5.96861	0	100	0.43	400
s_rd-trim-hit	rev	4	6.02507	0	100	0.43	400
s_rd-trim-hit	orig@p32	5	5.95697	0	100	0.43	400
s_rd-trim-hit	orig@p48	5	6.11239	0	100	0.43	400
s_rd-trim-hit	orig@p64	5	6.12519	0	100	0.43	400
s_rd-trim-hit	orig@p80	5	6.11297	0	100	0.43	400
s_rd-trim-hit	orig@p96	5	6.12519	0	100	0.43	400
s_rd-trim-hit	orig@p112	5	5.99364	0	100	0.43	400
s_rd-trim-hit	rev@p16	5	5.96221	0	100	0.43	400
s_rd-trim-hit	rev@p32	5	5.95639	0	100	0.43	400
s_rd-trim-hit	rev@p48	5	5.97502	0	100	0.43	400
s_rd-trim-hit	rev@p64	5	5.98142	0	100	0.43	400
s_rd-trim-hit	rev@p80	5	5.95639	0	100	0.43	400
s_rd-trim-hit	rev@p96	5	5.96861	0	100	0.43	400
s_rd-trim-hit	rev@p112	5	5.97502	0	100	0.43	400
s_rd-trim-hit	orig	5	5.96279	0	100	0.43	400
s_rd-trim-hit	orig2	5	5.96861	0	100	0.43	400
s_rd-trim-hit	null	5	5.96920	0	100	0.43	400
s_rd-trim-hit	rev	5	5.97502	0	100	0.43	400
s_rd-trim-hit	orig@p16	5	5.96221	0	100	0.43	400
s_rd-trim-hit	orig@p48	6	6.12461	0	100	0.43	400
s_rd-trim-hit	orig@p64	6	6.14382	0	100	0.43	400
s_rd-trim-hit	orig@p80	6	6.13742	0	100	0.43	400
s_rd-trim-hit	orig@p96	6	6.13101	0	100	0.43	400
s_rd-trim-hit	orig@p112	6	5.96861	0	100	0.43	400
s_rd-trim-hit	rev@p16	6	5.96221	0	100	0.43	400
s_rd-trim-hit	rev@p32	6	5.96861	0	100	0.43	400
s_rd-trim-hit	rev@p48	6	5.95639	0	100	0.43	400
s_rd-trim-hit	rev@p64	6	5.96279	0	100	0.43	400
s_rd-trim-hit	rev@p80	6	5.97502	0	100	0.43	400
s_rd-trim-hit	rev@p96	6	5.96861	0	100	0.43	400
s_rd-trim-hit	rev@p112	6	5.96920	0	100	0.43	400
s_rd-trim-hit	orig	6	5.95639	0	100	0.43	400
s_rd-trim-hit	orig2	6	5.96221	0	100	0.43	400
s_rd-trim-hit	null	6	5.98084	0	100	0.43	400
s_rd-trim-hit	rev	6	5.95639	0	100	0.43	400
s_rd-trim-hit	orig@p16	6	5.95581	0	100	0.43	400
s_rd-trim-hit	orig@p32	6	7.26839	0	100	0.43	400
s_rd-trim-hit	orig@p64	7	6.11879	0	100	0.43	400
s_rd-trim-hit	orig@p80	7	7.45000	0	100	0.43	400
s_rd-trim-hit	orig@p96	7	6.11239	0	100	0.43	400
s_rd-trim-hit	orig@p112	7	3.30620	0	100	0.43	400
s_rd-trim-hit	rev@p16	7	20.03100	0	100	0.43	400
s_rd-trim-hit	rev@p32	7	7.26257	0	100	0.43	400
s_rd-trim-hit	rev@p48	7	3.29397	0	100	0.43	400
s_rd-trim-hit	rev@p64	7	7.25617	0	100	0.43	400
s_rd-trim-hit	rev@p80	7	3.30620	0	100	0.43	400
s_rd-trim-hit	rev@p96	7	7.25617	0	100	0.43	400
s_rd-trim-hit	rev@p112	7	3.30620	0	100	0.43	400
s_rd-trim-hit	orig	7	3.30620	0	100	0.43	400
s_rd-trim-hit	orig2	7	7.26315	0	100	0.43	400
s_rd-trim-hit	null	7	3.30678	0	100	0.43	400
s_rd-trim-hit	rev	7	3.38769	0	100	0.43	400
s_rd-trim-hit	orig@p16	7	7.25617	0	100	0.43	400
s_rd-trim-hit	orig@p32	7	3.30620	0	100	0.43	400
s_rd-trim-hit	orig@p48	7	3.39351	0	100	0.43	400
s_rd-trim-hit	orig@p80	8	7.45000	0	100	0.43	400
s_rd-trim-hit	orig@p96	8	3.41854	0	100	0.43	400
s_rd-trim-hit	orig@p112	8	3.29397	0	100	0.43	400
s_rd-trim-hit	rev@p16	8	7.25035	0	100	0.43	400
s_rd-trim-hit	rev@p32	8	3.29397	0	100	0.43	400
s_rd-trim-hit	rev@p48	8	3.31260	0	100	0.43	400
s_rd-trim-hit	rev@p64	8	7.26897	0	100	0.43	400
s_rd-trim-hit	rev@p80	8	3.30620	0	100	0.43	400
s_rd-trim-hit	rev@p96	8	3.30037	0	100	0.43	400
s_rd-trim-hit	rev@p112	8	3.29979	0	100	0.43	400
s_rd-trim-hit	orig	8	6.72473	0	100	0.43	400
s_rd-trim-hit	orig2	8	6.70610	0	100	0.43	400
s_rd-trim-hit	null	8	6.73113	0	100	0.43	400
s_rd-trim-hit	rev	8	6.72473	0	100	0.43	400
s_rd-trim-hit	orig@p16	8	6.70610	0	100	0.43	400
s_rd-trim-hit	orig@p32	8	6.70610	0	100	0.43	400
s_rd-trim-hit	orig@p48	8	6.88131	0	100	0.43	400
s_rd-trim-hit	orig@p64	8	6.88771	0	100	0.43	400
s_rd-trim-hit	orig@p96	9	6.89994	0	100	0.43	400
s_rd-trim-hit	orig@p112	9	6.72531	0	100	0.43	400
s_rd-trim-hit	rev@p16	9	6.69970	0	100	0.43	400
s_rd-trim-hit	rev@p32	9	6.69970	0	100	0.43	400
s_rd-trim-hit	rev@p48	9	6.71251	0	100	0.43	400
s_rd-trim-hit	rev@p64	9	6.71251	0	100	0.43	400
s_rd-trim-hit	rev@p80	9	6.70610	0	100	0.43	400
s_rd-trim-hit	rev@p96	9	6.74336	0	100	0.43	400
s_rd-trim-hit	rev@p112	9	6.70028	0	100	0.43	400
s_rd-trim-hit	orig	9	6.71251	0	100	0.43	400
s_rd-trim-hit	orig2	9	6.70610	0	100	0.43	400
s_rd-trim-hit	null	9	6.72473	0	100	0.43	400
s_rd-trim-hit	rev	9	6.71251	0	100	0.43	400
s_rd-trim-hit	orig@p16	9	6.70669	0	100	0.43	400
s_rd-trim-hit	orig@p32	9	6.72531	0	100	0.43	400
s_rd-trim-hit	orig@p48	9	6.89353	0	100	0.43	400
s_rd-trim-hit	orig@p64	9	6.88131	0	100	0.43	400
s_rd-trim-hit	orig@p80	9	6.88771	0	100	0.43	400
s_rd-trim-hit	orig@p112	10	6.71251	0	100	0.43	400
s_rd-trim-hit	rev@p16	10	6.71251	0	100	0.43	400
s_rd-trim-hit	rev@p32	10	6.70610	0	100	0.43	400
s_rd-trim-hit	rev@p48	10	6.70669	0	100	0.43	400
s_rd-trim-hit	rev@p64	10	6.68748	0	100	0.43	400
s_rd-trim-hit	rev@p80	10	6.71251	0	100	0.43	400
s_rd-trim-hit	rev@p96	10	6.70669	0	100	0.43	400
s_rd-trim-hit	rev@p112	10	6.71833	0	100	0.43	400
s_rd-trim-hit	orig	10	6.71891	0	100	0.43	400
s_rd-trim-hit	orig2	10	6.71251	0	100	0.43	400
s_rd-trim-hit	null	10	6.72473	0	100	0.43	400
s_rd-trim-hit	rev	10	6.70028	0	100	0.43	400
s_rd-trim-hit	orig@p16	10	6.72473	0	100	0.43	400
s_rd-trim-hit	orig@p32	10	6.71891	0	100	0.43	400
s_rd-trim-hit	orig@p48	10	6.88713	0	100	0.43	400
s_rd-trim-hit	orig@p64	10	6.88771	0	100	0.43	400
s_rd-trim-hit	orig@p80	10	6.98783	0	100	0.43	400
s_rd-trim-hit	orig@p96	10	6.90634	0	100	0.43	400
s_rd-trim-near-miss	orig	0	1.19372	0	100	0.43	400
s_rd-trim-near-miss	orig2	0	1.19128	0	100	0.43	400
s_rd-trim-near-miss	null	0	1.19372	0	100	0.43	400
s_rd-trim-near-miss	rev	0	1.19384	0	100	0.43	400
s_rd-trim-near-miss	orig@p16	0	1.19396	0	100	0.43	400
s_rd-trim-near-miss	orig@p32	0	1.19244	0	100	0.43	400
s_rd-trim-near-miss	orig@p48	0	1.22248	0	100	0.43	400
s_rd-trim-near-miss	orig@p64	0	1.22376	0	100	0.43	400
s_rd-trim-near-miss	orig@p80	0	1.84379	0	100	0.43	400
s_rd-trim-near-miss	orig@p96	0	1.22120	0	100	0.43	400
s_rd-trim-near-miss	orig@p112	0	1.19244	0	100	0.43	400
s_rd-trim-near-miss	rev@p16	0	0.68883	0	100	0.43	400
s_rd-trim-near-miss	rev@p32	0	1.19372	0	100	0.43	400
s_rd-trim-near-miss	rev@p48	0	1.46253	0	100	0.43	400
s_rd-trim-near-miss	rev@p64	0	1.19256	0	100	0.43	400
s_rd-trim-near-miss	rev@p80	0	1.45368	0	100	0.43	400
s_rd-trim-near-miss	rev@p96	0	1.19256	0	100	0.43	400
s_rd-trim-near-miss	rev@p112	0	0.66007	0	100	0.43	400
s_rd-trim-near-miss	orig2	1	1.19256	0	100	0.43	400
s_rd-trim-near-miss	null	1	0.66124	0	100	0.43	400
s_rd-trim-near-miss	rev	1	1.19500	0	100	0.43	400
s_rd-trim-near-miss	orig@p16	1	1.45496	0	100	0.43	400
s_rd-trim-near-miss	orig@p32	1	1.19256	0	100	0.43	400
s_rd-trim-near-miss	orig@p48	1	0.67626	0	100	0.43	400
s_rd-trim-near-miss	orig@p64	1	1.22248	0	100	0.43	400
s_rd-trim-near-miss	orig@p80	1	0.67754	0	100	0.43	400
s_rd-trim-near-miss	orig@p96	1	1.22504	0	100	0.43	400
s_rd-trim-near-miss	orig@p112	1	1.19372	0	100	0.43	400
s_rd-trim-near-miss	rev@p16	1	1.45496	0	100	0.43	400
s_rd-trim-near-miss	rev@p32	1	1.19489	0	100	0.43	400
s_rd-trim-near-miss	rev@p48	1	0.65996	0	100	0.43	400
s_rd-trim-near-miss	rev@p64	1	1.19873	0	100	0.43	400
s_rd-trim-near-miss	rev@p80	1	0.66007	0	100	0.43	400
s_rd-trim-near-miss	rev@p96	1	1.19500	0	100	0.43	400
s_rd-trim-near-miss	rev@p112	1	1.45379	0	100	0.43	400
s_rd-trim-near-miss	orig	1	1.19139	0	100	0.43	400
s_rd-trim-near-miss	null	2	0.66252	0	100	0.43	400
s_rd-trim-near-miss	rev	2	1.19384	0	100	0.43	400
s_rd-trim-near-miss	orig@p16	2	0.66124	0	100	0.43	400
s_rd-trim-near-miss	orig@p32	2	1.19128	0	100	0.43	400
s_rd-trim-near-miss	orig@p48	2	1.48884	0	100	0.43	400
s_rd-trim-near-miss	orig@p64	2	1.22504	0	100	0.43	400
s_rd-trim-near-miss	orig@p80	2	0.67754	0	100	0.43	400
s_rd-trim-near-miss	orig@p96	2	1.22376	0	100	0.43	400
s_rd-trim-near-miss	orig@p112	2	0.66124	0	100	0.43	400
s_rd-trim-near-miss	rev@p16	2	1.19372	0	100	0.43	400
s_rd-trim-near-miss	rev@p32	2	1.45251	0	100	0.43	400
s_rd-trim-near-miss	rev@p48	2	1.19256	0	100	0.43	400
s_rd-trim-near-miss	rev@p64	2	0.65996	0	100	0.43	400
s_rd-trim-near-miss	rev@p80	2	1.19372	0	100	0.43	400
s_rd-trim-near-miss	rev@p96	2	0.66007	0	100	0.43	400
s_rd-trim-near-miss	rev@p112	2	1.19256	0	100	0.43	400
s_rd-trim-near-miss	orig	2	1.45123	0	100	0.43	400
s_rd-trim-near-miss	orig2	2	1.19617	0	100	0.43	400
s_rd-trim-near-miss	rev	3	0.66252	0	100	0.43	400
s_rd-trim-near-miss	orig@p16	3	1.19244	0	100	0.43	400
s_rd-trim-near-miss	orig@p32	3	0.67754	0	100	0.43	400
s_rd-trim-near-miss	orig@p48	3	1.22504	0	100	0.43	400
s_rd-trim-near-miss	orig@p64	3	1.49116	0	100	0.43	400
s_rd-trim-near-miss	orig@p80	3	1.22248	0	100	0.43	400
s_rd-trim-near-miss	orig@p96	3	0.67742	0	100	0.43	400
s_rd-trim-near-miss	orig@p112	3	3.14764	0	100	0.43	400
s_rd-trim-near-miss	rev@p16	3	0.65996	0	100	0.43	400
s_rd-trim-near-miss	rev@p32	3	1.19512	0	100	0.43	400
s_rd-trim-near-miss	rev@p48	3	1.19244	0	100	0.43	400
s_rd-trim-near-miss	rev@p64	3	1.45251	0	100	0.43	400
s_rd-trim-near-miss	rev@p80	3	1.19256	0	100	0.43	400
s_rd-trim-near-miss	rev@p96	3	0.66124	0	100	0.43	400
s_rd-trim-near-miss	rev@p112	3	1.19128	0	100	0.43	400
s_rd-trim-near-miss	orig	3	0.66007	0	100	0.43	400
s_rd-trim-near-miss	orig2	3	1.19500	0	100	0.43	400
s_rd-trim-near-miss	null	3	1.45752	0	100	0.43	400
s_rd-trim-near-miss	orig@p16	4	1.19372	0	100	0.43	400
s_rd-trim-near-miss	orig@p32	4	0.66136	0	100	0.43	400
s_rd-trim-near-miss	orig@p48	4	1.22376	0	100	0.43	400
s_rd-trim-near-miss	orig@p64	4	0.67637	0	100	0.43	400
s_rd-trim-near-miss	orig@p80	4	1.22376	0	100	0.43	400
s_rd-trim-near-miss	orig@p96	4	1.48872	0	100	0.43	400
s_rd-trim-near-miss	orig@p112	4	1.19500	0	100	0.43	400
s_rd-trim-near-miss	rev@p16	4	0.65996	0	100	0.43	400
s_rd-trim-near-miss	rev@p32	4	1.19372	0	100	0.43	400
s_rd-trim-near-miss	rev@p48	4	0.66007	0	100	0.43	400
s_rd-trim-near-miss	rev@p64	4	1.19128	0	100	0.43	400
s_rd-trim-near-miss	rev@p80	4	1.45123	0	100	0.43	400
s_rd-trim-near-miss	rev@p96	4	1.21002	0	100	0.43	400
s_rd-trim-near-miss	rev@p112	4	0.66007	0	100	0.43	400
s_rd-trim-near-miss	orig	4	1.19128	0	100	0.43	400
s_rd-trim-near-miss	orig2	4	0.65996	0	100	0.43	400
s_rd-trim-near-miss	null	4	1.19372	0	100	0.43	400
s_rd-trim-near-miss	rev	4	1.45624	0	100	0.43	400
s_rd-trim-near-miss	orig@p32	5	1.19384	0	100	0.43	400
s_rd-trim-near-miss	orig@p48	5	0.67754	0	100	0.43	400
s_rd-trim-near-miss	orig@p64	5	1.22364	0	100	0.43	400
s_rd-trim-near-miss	orig@p80	5	0.67870	0	100	0.43	400
s_rd-trim-near-miss	orig@p96	5	7.38644	0	100	0.43	400
s_rd-trim-near-miss	orig@p112	5	1.45496	0	100	0.43	400
s_rd-trim-near-miss	rev@p16	5	1.19244	0	100	0.43	400
s_rd-trim-near-miss	rev@p32	5	0.66136	0	100	0.43	400
s_rd-trim-near-miss	rev@p48	5	1.19745	0	100	0.43	400
s_rd-trim-near-miss	rev@p64	5	0.65879	0	100	0.43	400
s_rd-trim-near-miss	rev@p80	5	1.19372	0	100	0.43	400
s_rd-trim-near-miss	rev@p96	5	1.45752	0	100	0.43	400
s_rd-trim-near-miss	rev@p112	5	1.19372	0	100	0.43	400
s_rd-trim-near-miss	orig	5	0.67125	0	100	0.43	400
s_rd-trim-near-miss	orig2	5	1.22748	0	100	0.43	400
s_rd-trim-near-miss	null	5	1.19256	0	100	0.43	400
s_rd-trim-near-miss	rev	5	0.66007	0	100	0.43	400
s_rd-trim-near-miss	orig@p16	5	1.19128	0	100	0.43	400
s_rd-trim-near-miss	orig@p48	6	0.67754	0	100	0.43	400
s_rd-trim-near-miss	orig@p64	6	1.22376	0	100	0.43	400
s_rd-trim-near-miss	orig@p80	6	0.67742	0	100	0.43	400
s_rd-trim-near-miss	orig@p96	6	0.67870	0	100	0.43	400
s_rd-trim-near-miss	orig@p112	6	0.65996	0	100	0.43	400
s_rd-trim-near-miss	rev@p16	6	0.66007	0	100	0.43	400
s_rd-trim-near-miss	rev@p32	6	0.65996	0	100	0.43	400
s_rd-trim-near-miss	rev@p48	6	0.66380	0	100	0.43	400
s_rd-trim-near-miss	rev@p64	6	0.66124	0	100	0.43	400
s_rd-trim-near-miss	rev@p80	6	0.66124	0	100	0.43	400
s_rd-trim-near-miss	rev@p96	6	0.66007	0	100	0.43	400
s_rd-trim-near-miss	rev@p112	6	0.66124	0	100	0.43	400
s_rd-trim-near-miss	orig	6	0.65996	0	100	0.43	400
s_rd-trim-near-miss	orig2	6	0.66124	0	100	0.43	400
s_rd-trim-near-miss	null	6	0.65996	0	100	0.43	400
s_rd-trim-near-miss	rev	6	0.65996	0	100	0.43	400
s_rd-trim-near-miss	orig@p16	6	0.66007	0	100	0.43	400
s_rd-trim-near-miss	orig@p32	6	0.66124	0	100	0.43	400
s_rd-trim-near-miss	orig@p64	7	1.49000	0	100	0.43	400
s_rd-trim-near-miss	orig@p80	7	0.67742	0	100	0.43	400
s_rd-trim-near-miss	orig@p96	7	0.67754	0	100	0.43	400
s_rd-trim-near-miss	orig@p112	7	0.65996	0	100	0.43	400
s_rd-trim-near-miss	rev@p16	7	1.45251	0	100	0.43	400
s_rd-trim-near-miss	rev@p32	7	0.65996	0	100	0.43	400
s_rd-trim-near-miss	rev@p48	7	0.65879	0	100	0.43	400
s_rd-trim-near-miss	rev@p64	7	1.45379	0	100	0.43	400
s_rd-trim-near-miss	rev@p80	7	0.65996	0	100	0.43	400
s_rd-trim-near-miss	rev@p96	7	1.45624	0	100	0.43	400
s_rd-trim-near-miss	rev@p112	7	0.66252	0	100	0.43	400
s_rd-trim-near-miss	orig	7	1.45251	0	100	0.43	400
s_rd-trim-near-miss	orig2	7	0.65996	0	100	0.43	400
s_rd-trim-near-miss	null	7	0.65879	0	100	0.43	400
s_rd-trim-near-miss	rev	7	1.45251	0	100	0.43	400
s_rd-trim-near-miss	orig@p16	7	0.66136	0	100	0.43	400
s_rd-trim-near-miss	orig@p32	7	0.65996	0	100	0.43	400
s_rd-trim-near-miss	orig@p48	7	1.56253	0	100	0.43	400
s_rd-trim-near-miss	orig@p80	8	1.48872	0	100	0.43	400
s_rd-trim-near-miss	orig@p96	8	0.67742	0	100	0.43	400
s_rd-trim-near-miss	orig@p112	8	0.66252	0	100	0.43	400
s_rd-trim-near-miss	rev@p16	8	1.44995	0	100	0.43	400
s_rd-trim-near-miss	rev@p32	8	0.66007	0	100	0.43	400
s_rd-trim-near-miss	rev@p48	8	0.66124	0	100	0.43	400
s_rd-trim-near-miss	rev@p64	8	0.66019	0	100	0.43	400
s_rd-trim-near-miss	rev@p80	8	1.45379	0	100	0.43	400
s_rd-trim-near-miss	rev@p96	8	0.66124	0	100	0.43	400
s_rd-trim-near-miss	rev@p112	8	0.65868	0	100	0.43	400
s_rd-trim-near-miss	orig	8	0.66252	0	100	0.43	400
s_rd-trim-near-miss	orig2	8	1.45251	0	100	0.43	400
s_rd-trim-near-miss	null	8	0.65996	0	100	0.43	400
s_rd-trim-near-miss	rev	8	0.65996	0	100	0.43	400
s_rd-trim-near-miss	orig@p16	8	0.66007	0	100	0.43	400
s_rd-trim-near-miss	orig@p32	8	1.49501	0	100	0.43	400
s_rd-trim-near-miss	orig@p48	8	0.67882	0	100	0.43	400
s_rd-trim-near-miss	orig@p64	8	0.67754	0	100	0.43	400
s_rd-trim-near-miss	orig@p96	9	0.67882	0	100	0.43	400
s_rd-trim-near-miss	orig@p112	9	1.45508	0	100	0.43	400
s_rd-trim-near-miss	rev@p16	9	0.66252	0	100	0.43	400
s_rd-trim-near-miss	rev@p32	9	0.66124	0	100	0.43	400
s_rd-trim-near-miss	rev@p48	9	1.45251	0	100	0.43	400
s_rd-trim-near-miss	rev@p64	9	0.65996	0	100	0.43	400
s_rd-trim-near-miss	rev@p80	9	1.45868	0	100	0.43	400
s_rd-trim-near-miss	rev@p96	9	0.66007	0	100	0.43	400
s_rd-trim-near-miss	rev@p112	9	1.45123	0	100	0.43	400
s_rd-trim-near-miss	orig	9	0.66124	0	100	0.43	400
s_rd-trim-near-miss	orig2	9	1.45379	0	100	0.43	400
s_rd-trim-near-miss	null	9	0.66124	0	100	0.43	400
s_rd-trim-near-miss	rev	9	1.45379	0	100	0.43	400
s_rd-trim-near-miss	orig@p16	9	0.65996	0	100	0.43	400
s_rd-trim-near-miss	orig@p32	9	1.45379	0	100	0.43	400
s_rd-trim-near-miss	orig@p48	9	0.67998	0	100	0.43	400
s_rd-trim-near-miss	orig@p64	9	1.49256	0	100	0.43	400
s_rd-trim-near-miss	orig@p80	9	0.67742	0	100	0.43	400
s_rd-trim-near-miss	orig@p112	10	1.45251	0	100	0.43	400
s_rd-trim-near-miss	rev@p16	10	0.65879	0	100	0.43	400
s_rd-trim-near-miss	rev@p32	10	1.45251	0	100	0.43	400
s_rd-trim-near-miss	rev@p48	10	0.65996	0	100	0.43	400
s_rd-trim-near-miss	rev@p64	10	0.66124	0	100	0.43	400
s_rd-trim-near-miss	rev@p80	10	1.45368	0	100	0.43	400
s_rd-trim-near-miss	rev@p96	10	1.45251	0	100	0.43	400
s_rd-trim-near-miss	rev@p112	10	0.66007	0	100	0.43	400
s_rd-trim-near-miss	orig	10	1.45251	0	100	0.43	400
s_rd-trim-near-miss	orig2	10	0.66252	0	100	0.43	400
s_rd-trim-near-miss	null	10	1.45379	0	100	0.43	400
s_rd-trim-near-miss	rev	10	0.66124	0	100	0.43	400
s_rd-trim-near-miss	orig@p16	10	1.45123	0	100	0.43	400
s_rd-trim-near-miss	orig@p32	10	0.79372	0	100	0.43	400
s_rd-trim-near-miss	orig@p48	10	1.49128	0	100	0.43	400
s_rd-trim-near-miss	orig@p64	10	0.67742	0	100	0.43	400
s_rd-trim-near-miss	orig@p80	10	0.67742	0	100	0.43	400
s_rd-trim-near-miss	orig@p96	10	0.68499	0	100	0.43	400
s_rec-array-define	orig	0	0.98868	0	100	0.43	400
s_rec-array-define	orig2	0	2.64771	0	100	0.43	400
s_rec-array-define	null	0	2.47287	0	100	0.43	400
s_rec-array-define	rev	0	1.20225	0	100	0.43	400
s_rec-array-define	orig@p16	0	2.47266	0	100	0.43	400
s_rec-array-define	orig@p32	0	2.64093	0	100	0.43	400
s_rec-array-define	orig@p48	0	2.53426	0	100	0.43	400
s_rec-array-define	orig@p64	0	2.71142	0	100	0.43	400
s_rec-array-define	orig@p80	0	1.01810	0	100	0.43	400
s_rec-array-define	orig@p96	0	1.23189	0	100	0.43	400
s_rec-array-define	orig@p112	0	2.47499	0	100	0.43	400
s_rec-array-define	rev@p16	0	2.63861	0	100	0.43	400
s_rec-array-define	rev@p32	0	2.47943	0	100	0.43	400
s_rec-array-define	rev@p48	0	2.64326	0	100	0.43	400
s_rec-array-define	rev@p64	0	2.47054	0	100	0.43	400
s_rec-array-define	rev@p80	0	1.20246	0	100	0.43	400
s_rec-array-define	rev@p96	0	0.98868	0	100	0.43	400
s_rec-array-define	rev@p112	0	2.64093	0	100	0.43	400
s_rec-array-define	orig2	1	2.47499	0	100	0.43	400
s_rec-array-define	null	1	2.63861	0	100	0.43	400
s_rec-array-define	rev	1	2.44091	0	100	0.43	400
s_rec-array-define	orig@p16	1	1.20225	0	100	0.43	400
s_rec-array-define	orig@p32	1	2.43647	0	100	0.43	400
s_rec-array-define	orig@p48	1	2.72052	0	100	0.43	400
s_rec-array-define	orig@p64	1	2.50907	0	100	0.43	400
s_rec-array-define	orig@p80	1	2.71819	0	100	0.43	400
s_rec-array-define	orig@p96	1	2.50674	0	100	0.43	400
s_rec-array-define	orig@p112	1	2.19771	0	100	0.43	400
s_rec-array-define	rev@p16	1	2.17273	0	100	0.43	400
s_rec-array-define	rev@p32	1	2.17040	0	100	0.43	400
s_rec-array-define	rev@p48	1	2.16808	0	100	0.43	400
s_rec-array-define	rev@p64	1	2.17273	0	100	0.43	400
s_rec-array-define	rev@p80	1	2.17040	0	100	0.43	400
s_rec-array-define	rev@p96	1	2.17040	0	100	0.43	400
s_rec-array-define	rev@p112	1	2.16829	0	100	0.43	400
s_rec-array-define	orig	1	2.17506	0	100	0.43	400
s_rec-array-define	null	2	2.17739	0	100	0.43	400
s_rec-array-define	rev	2	2.16363	0	100	0.43	400
s_rec-array-define	orig@p16	2	2.17040	0	100	0.43	400
s_rec-array-define	orig@p32	2	2.16808	0	100	0.43	400
s_rec-array-define	orig@p48	2	2.22713	0	100	0.43	400
s_rec-array-define	orig@p64	2	2.22501	0	100	0.43	400
s_rec-array-define	orig@p80	2	2.22501	0	100	0.43	400
s_rec-array-define	orig@p96	2	2.23877	0	100	0.43	400
s_rec-array-define	orig@p112	2	2.16808	0	100	0.43	400
s_rec-array-define	rev@p16	2	2.17273	0	100	0.43	400
s_rec-array-define	rev@p32	2	2.17040	0	100	0.43	400
s_rec-array-define	rev@p48	2	2.16829	0	100	0.43	400
s_rec-array-define	rev@p64	2	2.17040	0	100	0.43	400
s_rec-array-define	rev@p80	2	2.17040	0	100	0.43	400
s_rec-array-define	rev@p96	2	2.17273	0	100	0.43	400
s_rec-array-define	rev@p112	2	2.16808	0	100	0.43	400
s_rec-array-define	orig	2	2.17273	0	100	0.43	400
s_rec-array-define	orig2	2	2.17062	0	100	0.43	400
s_rec-array-define	rev	3	2.17062	0	100	0.43	400
s_rec-array-define	orig@p16	3	2.16596	0	100	0.43	400
s_rec-array-define	orig@p32	3	2.17040	0	100	0.43	400
s_rec-array-define	orig@p48	3	2.22501	0	100	0.43	400
s_rec-array-define	orig@p64	3	2.22501	0	100	0.43	400
s_rec-array-define	orig@p80	3	2.22501	0	100	0.43	400
s_rec-array-define	orig@p96	3	2.22734	0	100	0.43	400
s_rec-array-define	orig@p112	3	2.16575	0	100	0.43	400
s_rec-array-define	rev@p16	3	2.16808	0	100	0.43	400
s_rec-array-define	rev@p32	3	2.17273	0	100	0.43	400
s_rec-array-define	rev@p48	3	2.16808	0	100	0.43	400
s_rec-array-define	rev@p64	3	2.17083	0	100	0.43	400
s_rec-array-define	rev@p80	3	2.16829	0	100	0.43	400
s_rec-array-define	rev@p96	3	2.17040	0	100	0.43	400
s_rec-array-define	rev@p112	3	2.16808	0	100	0.43	400
s_rec-array-define	orig	3	2.17040	0	100	0.43	400
s_rec-array-define	orig2	3	2.17273	0	100	0.43	400
s_rec-array-define	null	3	2.17040	0	100	0.43	400
s_rec-array-define	orig@p16	4	2.17040	0	100	0.43	400
s_rec-array-define	orig@p32	4	2.16829	0	100	0.43	400
s_rec-array-define	orig@p48	4	2.22501	0	100	0.43	400
s_rec-array-define	orig@p64	4	2.22501	0	100	0.43	400
s_rec-array-define	orig@p80	4	2.22269	0	100	0.43	400
s_rec-array-define	orig@p96	4	2.22713	0	100	0.43	400
s_rec-array-define	orig@p112	4	2.17040	0	100	0.43	400
s_rec-array-define	rev@p16	4	2.17951	0	100	0.43	400
s_rec-array-define	rev@p32	4	2.16829	0	100	0.43	400
s_rec-array-define	rev@p48	4	2.17506	0	100	0.43	400
s_rec-array-define	rev@p64	4	2.16808	0	100	0.43	400
s_rec-array-define	rev@p80	4	2.16808	0	100	0.43	400
s_rec-array-define	rev@p96	4	2.16829	0	100	0.43	400
s_rec-array-define	rev@p112	4	2.16596	0	100	0.43	400
s_rec-array-define	orig	4	2.16829	0	100	0.43	400
s_rec-array-define	orig2	4	2.17252	0	100	0.43	400
s_rec-array-define	null	4	2.16808	0	100	0.43	400
s_rec-array-define	rev	4	2.17273	0	100	0.43	400
s_rec-array-define	orig@p32	5	2.17040	0	100	0.43	400
s_rec-array-define	orig@p48	5	2.23644	0	100	0.43	400
s_rec-array-define	orig@p64	5	2.22501	0	100	0.43	400
s_rec-array-define	orig@p80	5	2.22713	0	100	0.43	400
s_rec-array-define	orig@p96	5	2.22734	0	100	0.43	400
s_rec-array-define	orig@p112	5	2.16829	0	100	0.43	400
s_rec-array-define	rev@p16	5	2.16384	0	100	0.43	400
s_rec-array-define	rev@p32	5	2.16575	0	100	0.43	400
s_rec-array-define	rev@p48	5	2.17273	0	100	0.43	400
s_rec-array-define	rev@p64	5	2.17062	0	100	0.43	400
s_rec-array-define	rev@p80	5	2.16808	0	100	0.43	400
s_rec-array-define	rev@p96	5	2.16596	0	100	0.43	400
s_rec-array-define	rev@p112	5	2.17062	0	100	0.43	400
s_rec-array-define	orig	5	2.17273	0	100	0.43	400
s_rec-array-define	orig2	5	2.16808	0	100	0.48	400
s_rec-array-define	null	5	2.16808	0	100	0.48	400
s_rec-array-define	rev	5	2.16808	0	100	0.48	400
s_rec-array-define	orig@p16	5	2.16808	0	100	0.48	400
s_rec-array-define	orig@p48	6	2.23412	0	100	0.48	400
s_rec-array-define	orig@p64	6	2.22734	0	100	0.48	400
s_rec-array-define	orig@p80	6	2.22290	0	100	0.48	400
s_rec-array-define	orig@p96	6	2.22501	0	100	0.48	400
s_rec-array-define	orig@p112	6	2.17506	0	100	0.48	400
s_rec-array-define	rev@p16	6	2.16363	0	100	0.48	400
s_rec-array-define	rev@p32	6	2.17083	0	100	0.48	400
s_rec-array-define	rev@p48	6	2.16808	0	100	0.48	400
s_rec-array-define	rev@p64	6	2.16596	0	100	0.48	400
s_rec-array-define	rev@p80	6	2.17951	0	100	0.48	400
s_rec-array-define	rev@p96	6	2.17040	0	100	0.48	400
s_rec-array-define	rev@p112	6	2.16829	0	100	0.48	400
s_rec-array-define	orig	6	2.16575	0	100	0.48	400
s_rec-array-define	orig2	6	2.17951	0	100	0.48	400
s_rec-array-define	null	6	2.17273	0	100	0.48	400
s_rec-array-define	rev	6	2.16829	0	100	0.48	400
s_rec-array-define	orig@p16	6	2.16829	0	100	0.48	400
s_rec-array-define	orig@p32	6	2.17040	0	100	0.48	400
s_rec-array-define	orig@p64	7	2.22480	0	100	0.48	400
s_rec-array-define	orig@p80	7	2.22946	0	100	0.48	400
s_rec-array-define	orig@p96	7	2.22734	0	100	0.48	400
s_rec-array-define	orig@p112	7	2.17273	0	100	0.48	400
s_rec-array-define	rev@p16	7	2.16808	0	100	0.48	400
s_rec-array-define	rev@p32	7	2.17273	0	100	0.48	400
s_rec-array-define	rev@p48	7	2.16829	0	100	0.48	400
s_rec-array-define	rev@p64	7	2.16829	0	100	0.48	400
s_rec-array-define	rev@p80	7	2.16808	0	100	0.48	400
s_rec-array-define	rev@p96	7	2.17062	0	100	0.48	400
s_rec-array-define	rev@p112	7	2.16829	0	100	0.48	400
s_rec-array-define	orig	7	2.17273	0	100	0.48	400
s_rec-array-define	orig2	7	2.17062	0	100	0.48	400
s_rec-array-define	null	7	2.16808	0	100	0.48	400
s_rec-array-define	rev	7	2.17040	0	100	0.48	400
s_rec-array-define	orig@p16	7	2.16596	0	100	0.48	400
s_rec-array-define	orig@p32	7	2.22967	0	100	0.48	400
s_rec-array-define	orig@p48	7	2.22713	0	100	0.48	400
s_rec-array-define	orig@p80	8	2.22269	0	100	0.48	400
s_rec-array-define	orig@p96	8	2.22967	0	100	0.48	400
s_rec-array-define	orig@p112	8	2.16596	0	100	0.48	400
s_rec-array-define	rev@p16	8	2.20448	0	100	0.48	400
s_rec-array-define	rev@p32	8	2.16596	0	100	0.48	400
s_rec-array-define	rev@p48	8	2.16808	0	100	0.48	400
s_rec-array-define	rev@p64	8	2.17040	0	100	0.48	400
s_rec-array-define	rev@p80	8	2.16808	0	100	0.48	400
s_rec-array-define	rev@p96	8	2.17739	0	100	0.48	400
s_rec-array-define	rev@p112	8	2.16850	0	100	0.48	400
s_rec-array-define	orig	8	2.16596	0	100	0.48	400
s_rec-array-define	orig2	8	2.16575	0	100	0.48	400
s_rec-array-define	null	8	2.17951	0	100	0.48	400
s_rec-array-define	rev	8	2.17294	0	100	0.48	400
s_rec-array-define	orig@p16	8	2.16596	0	100	0.48	400
s_rec-array-define	orig@p32	8	2.16363	0	100	0.48	400
s_rec-array-define	orig@p48	8	2.22501	0	100	0.48	400
s_rec-array-define	orig@p64	8	2.23179	0	100	0.48	400
s_rec-array-define	orig@p96	9	2.22713	0	100	0.48	400
s_rec-array-define	orig@p112	9	2.17040	0	100	0.48	400
s_rec-array-define	rev@p16	9	2.16829	0	100	0.48	400
s_rec-array-define	rev@p32	9	2.16575	0	100	0.48	400
s_rec-array-define	rev@p48	9	2.16363	0	100	0.48	400
s_rec-array-define	rev@p64	9	2.16829	0	100	0.48	400
s_rec-array-define	rev@p80	9	2.17062	0	100	0.48	400
s_rec-array-define	rev@p96	9	2.17273	0	100	0.48	400
s_rec-array-define	rev@p112	9	2.16808	0	100	0.48	400
s_rec-array-define	orig	9	2.17040	0	100	0.48	400
s_rec-array-define	orig2	9	2.16829	0	100	0.48	400
s_rec-array-define	null	9	2.17040	0	100	0.48	400
s_rec-array-define	rev	9	2.17273	0	100	0.48	400
s_rec-array-define	orig@p16	9	1.01133	0	100	0.48	400
s_rec-array-define	orig@p32	9	2.16808	0	100	0.48	400
s_rec-array-define	orig@p48	9	2.53172	0	100	0.48	400
s_rec-array-define	orig@p64	9	2.22269	0	100	0.48	400
s_rec-array-define	orig@p80	9	2.53426	0	100	0.48	400
s_rec-array-define	orig@p112	10	2.17485	0	100	0.48	400
s_rec-array-define	rev@p16	10	0.98868	0	100	0.48	400
s_rec-array-define	rev@p32	10	2.16596	0	100	0.48	400
s_rec-array-define	rev@p48	10	2.47266	0	100	0.48	400
s_rec-array-define	rev@p64	10	2.17040	0	100	0.48	400
s_rec-array-define	rev@p80	10	0.98868	0	100	0.48	400
s_rec-array-define	rev@p96	10	2.17506	0	100	0.48	400
s_rec-array-define	rev@p112	10	0.98868	0	100	0.48	400
s_rec-array-define	orig	10	2.17273	0	100	0.48	400
s_rec-array-define	orig2	10	2.47266	0	100	0.48	400
s_rec-array-define	null	10	2.16829	0	100	0.48	400
s_rec-array-define	rev	10	0.99313	0	100	0.48	400
s_rec-array-define	orig@p16	10	2.17273	0	100	0.48	400
s_rec-array-define	orig@p32	10	0.98868	0	100	0.48	400
s_rec-array-define	orig@p48	10	2.22713	0	100	0.48	400
s_rec-array-define	orig@p64	10	2.53849	0	100	0.48	400
s_rec-array-define	orig@p80	10	2.22713	0	100	0.48	400
s_rec-array-define	orig@p96	10	1.01133	0	100	0.48	400
s_rec-comment-nested	orig	0	0.82203	0	100	0.48	400
s_rec-comment-nested	orig2	0	0.72061	0	100	0.48	400
s_rec-comment-nested	null	0	0.32795	0	100	0.48	400
s_rec-comment-nested	rev	0	0.73903	0	100	0.48	400
s_rec-comment-nested	orig@p16	0	0.82504	0	100	0.48	400
s_rec-comment-nested	orig@p32	0	0.72280	0	100	0.48	400
s_rec-comment-nested	orig@p48	0	0.84778	0	100	0.48	400
s_rec-comment-nested	orig@p64	0	0.75807	0	100	0.48	400
s_rec-comment-nested	orig@p80	0	0.34562	0	100	0.48	400
s_rec-comment-nested	orig@p96	0	0.75807	0	100	0.48	400
s_rec-comment-nested	orig@p112	0	0.88530	0	100	0.48	400
s_rec-comment-nested	rev@p16	0	0.73896	0	100	0.48	400
s_rec-comment-nested	rev@p32	0	0.84641	0	100	0.48	400
s_rec-comment-nested	rev@p48	0	0.72130	0	100	0.48	400
s_rec-comment-nested	rev@p64	0	0.32939	0	100	0.48	400
s_rec-comment-nested	rev@p80	0	0.72061	0	100	0.48	400
s_rec-comment-nested	rev@p96	0	0.81100	0	100	0.48	400
s_rec-comment-nested	rev@p112	0	0.72061	0	100	0.48	400
s_rec-comment-nested	orig2	1	0.72130	0	100	0.48	400
s_rec-comment-nested	null	1	0.72130	0	100	0.48	400
s_rec-comment-nested	rev	1	0.73972	0	100	0.48	400
s_rec-comment-nested	orig@p16	1	0.72061	0	100	0.48	400
s_rec-comment-nested	orig@p32	1	0.72061	0	100	0.48	400
s_rec-comment-nested	orig@p48	1	0.73828	0	100	0.48	400
s_rec-comment-nested	orig@p64	1	0.76026	0	100	0.48	400
s_rec-comment-nested	orig@p80	1	0.75821	0	100	0.48	400
s_rec-comment-nested	orig@p96	1	0.75882	0	100	0.48	400
s_rec-comment-nested	orig@p112	1	0.77717	0	100	0.48	400
s_rec-comment-nested	rev@p16	1	0.73972	0	100	0.48	400
s_rec-comment-nested	rev@p32	1	0.73896	0	100	0.48	400
s_rec-comment-nested	rev@p48	1	0.72205	0	100	0.48	400
s_rec-comment-nested	rev@p64	1	0.72054	0	100	0.48	400
s_rec-comment-nested	rev@p80	1	0.72136	0	100	0.48	400
s_rec-comment-nested	rev@p96	1	0.72506	0	100	0.48	400
s_rec-comment-nested	rev@p112	1	0.72349	0	100	0.48	400
s_rec-comment-nested	orig	1	0.72061	0	100	0.48	400
s_rec-comment-nested	null	2	0.72280	0	100	0.48	400
s_rec-comment-nested	rev	2	0.73896	0	100	0.48	400
s_rec-comment-nested	orig@p16	2	0.72280	0	100	0.48	400
s_rec-comment-nested	orig@p32	2	0.72130	0	100	0.48	400
s_rec-comment-nested	orig@p48	2	0.76101	0	100	0.48	400
s_rec-comment-nested	orig@p64	2	0.76177	0	100	0.48	400
s_rec-comment-nested	orig@p80	2	0.74191	0	100	0.48	400
s_rec-comment-nested	orig@p96	2	0.75807	0	100	0.48	400
s_rec-comment-nested	orig@p112	2	0.77717	0	100	0.48	400
s_rec-comment-nested	rev@p16	2	0.74040	0	100	0.48	400
s_rec-comment-nested	rev@p32	2	0.73821	0	100	0.48	400
s_rec-comment-nested	rev@p48	2	0.72130	0	100	0.48	400
s_rec-comment-nested	rev@p64	2	0.72054	0	100	0.48	400
s_rec-comment-nested	rev@p80	2	0.72054	0	100	0.48	400
s_rec-comment-nested	rev@p96	2	0.73753	0	100	0.48	400
s_rec-comment-nested	rev@p112	2	0.72136	0	100	0.48	400
s_rec-comment-nested	orig	2	0.72130	0	100	0.48	400
s_rec-comment-nested	orig2	2	0.72650	0	100	0.48	400
s_rec-comment-nested	rev	3	0.73828	0	100	0.48	400
s_rec-comment-nested	orig@p16	3	0.72130	0	100	0.48	400
s_rec-comment-nested	orig@p32	3	0.72061	0	100	0.48	400
s_rec-comment-nested	orig@p48	3	0.75882	0	100	0.48	400
s_rec-comment-nested	orig@p64	3	0.75807	0	100	0.48	400
s_rec-comment-nested	orig@p80	3	0.74335	0	100	0.48	400
s_rec-comment-nested	orig@p96	3	0.75882	0	100	0.48	400
s_rec-comment-nested	orig@p112	3	0.77793	0	100	0.48	400
s_rec-comment-nested	rev@p16	3	0.76033	0	100	0.48	400
s_rec-comment-nested	rev@p32	3	0.73896	0	100	0.48	400
s_rec-comment-nested	rev@p48	3	0.72136	0	100	0.48	400
s_rec-comment-nested	rev@p64	3	0.72054	0	100	0.48	400
s_rec-comment-nested	rev@p80	3	0.72061	0	100	0.48	400
s_rec-comment-nested	rev@p96	3	0.72136	0	100	0.48	400
s_rec-comment-nested	rev@p112	3	0.72212	0	100	0.48	400
s_rec-comment-nested	orig	3	0.71986	0	100	0.48	400
s_rec-comment-nested	orig2	3	0.72356	0	100	0.48	400
s_rec-comment-nested	null	3	0.72349	0	100	0.48	400
s_rec-comment-nested	orig@p16	4	0.72054	0	100	0.48	400
s_rec-comment-nested	orig@p32	4	0.71986	0	100	0.48	400
s_rec-comment-nested	orig@p48	4	0.75814	0	100	0.48	400
s_rec-comment-nested	orig@p64	4	0.74115	0	100	0.48	400
s_rec-comment-nested	orig@p80	4	0.75807	0	100	0.48	400
s_rec-comment-nested	orig@p96	4	0.75882	0	100	0.48	400
s_rec-comment-nested	orig@p112	4	0.77642	0	100	0.48	400
s_rec-comment-nested	rev@p16	4	0.73896	0	100	0.48	400
s_rec-comment-nested	rev@p32	4	0.73903	0	100	0.48	400
s_rec-comment-nested	rev@p48	4	2.44787	0	100	0.48	400
s_rec-comment-nested	rev@p64	4	0.72054	0	100	0.48	400
s_rec-comment-nested	rev@p80	4	0.71986	0	100	0.48	400
s_rec-comment-nested	rev@p96	4	0.72205	0	100	0.48	400
s_rec-comment-nested	rev@p112	4	0.72130	0	100	0.48	400
s_rec-comment-nested	orig	4	0.72136	0	100	0.48	400
s_rec-comment-nested	orig2	4	0.72136	0	100	0.48	400
s_rec-comment-nested	null	4	0.72212	0	100	0.48	400
s_rec-comment-nested	rev	4	0.73896	0	100	0.48	400
s_rec-comment-nested	orig@p32	5	0.72130	0	100	0.48	400
s_rec-comment-nested	orig@p48	5	0.75814	0	100	0.48	400
s_rec-comment-nested	orig@p64	5	0.75807	0	100	0.48	400
s_rec-comment-nested	orig@p80	5	0.75738	0	100	0.48	400
s_rec-comment-nested	orig@p96	5	0.75738	0	100	0.48	400
s_rec-comment-nested	orig@p112	5	0.77717	0	100	0.48	400
s_rec-comment-nested	rev@p16	5	0.74047	0	100	0.48	400
s_rec-comment-nested	rev@p32	5	0.73896	0	100	0.48	400
s_rec-comment-nested	rev@p48	5	0.71986	0	100	0.48	400
s_rec-comment-nested	rev@p64	5	0.72130	0	100	0.48	400
s_rec-comment-nested	rev@p80	5	0.72356	0	100	0.48	400
s_rec-comment-nested	rev@p96	5	0.72273	0	100	0.48	400
s_rec-comment-nested	rev@p112	5	0.72205	0	100	0.48	400
s_rec-comment-nested	orig	5	0.72130	0	100	0.48	400
s_rec-comment-nested	orig2	5	0.82354	0	100	0.48	400
s_rec-comment-nested	null	5	0.72054	0	100	0.48	400
s_rec-comment-nested	rev	5	0.74115	0	100	0.48	400
s_rec-comment-nested	orig@p16	5	0.72054	0	100	0.48	400
s_rec-comment-nested	orig@p48	6	0.75882	0	100	0.48	400
s_rec-comment-nested	orig@p64	6	0.75882	0	100	0.48	400
s_rec-comment-nested	orig@p80	6	0.75807	0	100	0.48	400
s_rec-comment-nested	orig@p96	6	0.75738	0	100	0.48	400
s_rec-comment-nested	orig@p112	6	0.88530	0	100	0.48	400
s_rec-comment-nested	rev@p16	6	0.73896	0	100	0.48	400
s_rec-comment-nested	rev@p32	6	0.74040	0	100	0.48	400
s_rec-comment-nested	rev@p48	6	0.72205	0	100	0.48	400
s_rec-comment-nested	rev@p64	6	0.72136	0	100	0.48	400
s_rec-comment-nested	rev@p80	6	0.72136	0	100	0.48	400
s_rec-comment-nested	rev@p96	6	0.72054	0	100	0.48	400
s_rec-comment-nested	rev@p112	6	0.72061	0	100	0.48	400
s_rec-comment-nested	orig	6	0.72205	0	100	0.48	400
s_rec-comment-nested	orig2	6	0.72280	0	100	0.48	400
s_rec-comment-nested	null	6	0.71993	0	100	0.48	400
s_rec-comment-nested	rev	6	0.74040	0	100	0.48	400
s_rec-comment-nested	orig@p16	6	0.72054	0	100	0.48	400
s_rec-comment-nested	orig@p32	6	0.72130	0	100	0.48	400
s_rec-comment-nested	orig@p64	7	0.75738	0	100	0.48	400
s_rec-comment-nested	orig@p80	7	0.75814	0	100	0.48	400
s_rec-comment-nested	orig@p96	7	0.75807	0	100	0.48	400
s_rec-comment-nested	orig@p112	7	0.77649	0	100	0.48	400
s_rec-comment-nested	rev@p16	7	0.74040	0	100	0.48	400
s_rec-comment-nested	rev@p32	7	0.73896	0	100	0.48	400
s_rec-comment-nested	rev@p48	7	0.72054	0	100	0.48	400
s_rec-comment-nested	rev@p64	7	0.87798	0	100	0.48	400
s_rec-comment-nested	rev@p80	7	0.40437	0	100	0.48	400
s_rec-comment-nested	rev@p96	7	0.87798	0	100	0.48	400
s_rec-comment-nested	rev@p112	7	0.40143	0	100	0.48	400
s_rec-comment-nested	orig	7	0.39855	0	100	0.48	400
s_rec-comment-nested	orig2	7	0.87722	0	100	0.48	400
s_rec-comment-nested	null	7	0.39930	0	100	0.48	400
s_rec-comment-nested	rev	7	0.41026	0	100	0.48	400
s_rec-comment-nested	orig@p16	7	0.87866	0	100	0.48	400
s_rec-comment-nested	orig@p32	7	0.40143	0	100	0.48	400
s_rec-comment-nested	orig@p48	7	0.92276	0	100	0.48	400
s_rec-comment-nested	orig@p80	8	0.41985	0	100	0.48	400
s_rec-comment-nested	orig@p96	8	0.92427	0	100	0.48	400
s_rec-comment-nested	orig@p112	8	0.35370	0	100	0.48	400
s_rec-comment-nested	rev@p16	8	0.89927	0	100	0.48	400
s_rec-comment-nested	rev@p32	8	0.84196	0	100	0.48	400
s_rec-comment-nested	rev@p48	8	0.87942	0	100	0.48	400
s_rec-comment-nested	rev@p64	8	0.32939	0	100	0.48	400
s_rec-comment-nested	rev@p80	8	0.80957	0	100	0.48	400
s_rec-comment-nested	rev@p96	8	0.82648	0	100	0.48	400
s_rec-comment-nested	rev@p112	8	0.81258	0	100	0.48	400
s_rec-comment-nested	orig	8	0.32870	0	100	0.48	400
s_rec-comment-nested	orig2	8	0.81100	0	100	0.48	400
s_rec-comment-nested	null	8	0.82128	0	100	0.48	400
s_rec-comment-nested	rev	8	0.83168	0	100	0.48	400
s_rec-comment-nested	orig@p16	8	0.32946	0	100	0.48	400
s_rec-comment-nested	orig@p32	8	0.81470	0	100	0.48	400
s_rec-comment-nested	orig@p48	8	0.33610	0	100	0.48	400
s_rec-comment-nested	orig@p64	8	0.85367	0	100	0.48	400
s_rec-comment-nested	orig@p96	9	0.86264	0	100	0.48	400
s_rec-comment-nested	orig@p112	9	0.87428	0	100	0.48	400
s_rec-comment-nested	rev@p16	9	0.84189	0	100	0.48	400
s_rec-comment-nested	rev@p32	9	0.83086	0	100	0.48	400
s_rec-comment-nested	rev@p48	9	0.82059	0	100	0.48	400
s_rec-comment-nested	rev@p64	9	0.81032	0	100	0.48	400
s_rec-comment-nested	rev@p80	9	0.82717	0	100	0.48	400
s_rec-comment-nested	rev@p96	9	0.72205	0	100	0.48	400
s_rec-comment-nested	rev@p112	9	0.71986	0	100	0.48	400
s_rec-comment-nested	orig	9	0.72212	0	100	0.48	400
s_rec-comment-nested	orig2	9	0.74115	0	100	0.48	400
s_rec-comment-nested	null	9	0.71986	0	100	0.48	400
s_rec-comment-nested	rev	9	0.74115	0	100	0.48	400
s_rec-comment-nested	orig@p16	9	0.72054	0	100	0.48	400
s_rec-comment-nested	orig@p32	9	0.72205	0	100	0.48	400
s_rec-comment-nested	orig@p48	9	0.75807	0	100	0.48	400
s_rec-comment-nested	orig@p64	9	0.75958	0	100	0.48	400
s_rec-comment-nested	orig@p80	9	0.74259	0	100	0.48	400
s_rec-comment-nested	orig@p112	10	0.77724	0	100	0.48	400
s_rec-comment-nested	rev@p16	10	0.74191	0	100	0.48	400
s_rec-comment-nested	rev@p32	10	0.74047	0	100	0.48	400
s_rec-comment-nested	rev@p48	10	0.72205	0	100	0.48	400
s_rec-comment-nested	rev@p64	10	2.21771	0	100	0.48	400
s_rec-comment-nested	rev@p80	10	0.72136	0	100	0.48	400
s_rec-comment-nested	rev@p96	10	0.72061	0	100	0.48	400
s_rec-comment-nested	rev@p112	10	0.73307	0	100	0.48	400
s_rec-comment-nested	orig	10	0.72061	0	100	0.48	400
s_rec-comment-nested	orig2	10	0.72061	0	100	0.48	400
s_rec-comment-nested	null	10	0.72061	0	100	0.48	400
s_rec-comment-nested	rev	10	1.89558	0	100	0.48	400
s_rec-comment-nested	orig@p16	10	0.72356	0	100	0.48	400
s_rec-comment-nested	orig@p32	10	0.72130	0	100	0.48	400
s_rec-comment-nested	orig@p48	10	0.75738	0	100	0.48	400
s_rec-comment-nested	orig@p64	10	0.75882	0	100	0.48	400
s_rec-comment-nested	orig@p80	10	0.75807	0	100	0.48	400
s_rec-comment-nested	orig@p96	10	0.75951	0	100	0.48	400
s_rec-parens-balanced	orig	0	3.41430	0	100	0.48	400
s_rec-parens-balanced	orig2	0	3.40698	0	100	0.48	400
s_rec-parens-balanced	null	0	3.40332	0	100	0.48	400
s_rec-parens-balanced	rev	0	3.40731	0	100	0.48	400
s_rec-parens-balanced	orig@p16	0	3.40731	0	100	0.48	400
s_rec-parens-balanced	orig@p32	0	3.41097	0	100	0.48	400
s_rec-parens-balanced	orig@p48	0	3.51408	0	100	0.48	400
s_rec-parens-balanced	orig@p64	0	3.49645	0	100	0.48	400
s_rec-parens-balanced	orig@p80	0	3.51774	0	100	0.48	400
s_rec-parens-balanced	orig@p96	0	3.50011	0	100	0.48	400
s_rec-parens-balanced	orig@p112	0	3.41795	0	100	0.48	400
s_rec-parens-balanced	rev@p16	0	3.41097	0	100	0.48	400
s_rec-parens-balanced	rev@p32	0	3.40731	0	100	0.48	400
s_rec-parens-balanced	rev@p48	0	3.40698	0	100	0.48	400
s_rec-parens-balanced	rev@p64	0	3.41064	0	100	0.48	400
s_rec-parens-balanced	rev@p80	0	3.41430	0	100	0.48	400
s_rec-parens-balanced	rev@p96	0	3.40365	0	100	0.48	400
s_rec-parens-balanced	rev@p112	0	3.40698	0	100	0.48	400
s_rec-parens-balanced	orig2	1	3.40365	0	100	0.48	400
s_rec-parens-balanced	null	1	9.19282	0	100	0.48	400
s_rec-parens-balanced	rev	1	3.41430	0	100	0.48	400
s_rec-parens-balanced	orig@p16	1	1.88560	0	100	0.48	400
s_rec-parens-balanced	orig@p32	1	3.41795	0	100	0.48	400
s_rec-parens-balanced	orig@p48	1	1.93549	0	100	0.48	400
s_rec-parens-balanced	orig@p64	1	3.51075	0	100	0.48	400
s_rec-parens-balanced	orig@p80	1	4.26080	0	100	0.48	400
s_rec-parens-balanced	orig@p96	1	3.50344	0	100	0.48	400
s_rec-parens-balanced	orig@p112	1	1.88593	0	100	0.48	400
s_rec-parens-balanced	rev@p16	1	3.41097	0	100	0.48	400
s_rec-parens-balanced	rev@p32	1	1.89258	0	100	0.48	400
s_rec-parens-balanced	rev@p48	1	3.41430	0	100	0.48	400
s_rec-parens-balanced	rev@p64	1	4.14971	0	100	0.48	400
s_rec-parens-balanced	rev@p80	1	3.40731	0	100	0.48	400
s_rec-parens-balanced	rev@p96	1	1.88560	0	100	0.48	400
s_rec-parens-balanced	rev@p112	1	3.41097	0	100	0.48	400
s_rec-parens-balanced	orig	1	1.88593	0	100	0.48	400
s_rec-parens-balanced	null	2	3.40365	0	100	0.48	400
s_rec-parens-balanced	rev	2	1.88925	0	100	0.48	400
s_rec-parens-balanced	orig@p16	2	3.40698	0	100	0.48	400
s_rec-parens-balanced	orig@p32	2	4.16800	0	100	0.48	400
s_rec-parens-balanced	orig@p48	2	3.49279	0	100	0.48	400
s_rec-parens-balanced	orig@p64	2	1.93948	0	100	0.48	400
s_rec-parens-balanced	orig@p80	2	3.49645	0	100	0.48	400
s_rec-parens-balanced	orig@p96	2	1.93582	0	100	0.48	400
s_rec-parens-balanced	orig@p112	2	3.40731	0	100	0.48	400
s_rec-parens-balanced	rev@p16	2	4.14638	0	100	0.48	400
s_rec-parens-balanced	rev@p32	2	3.41762	0	100	0.48	400
s_rec-parens-balanced	rev@p48	2	1.88227	0	100	0.48	400
s_rec-parens-balanced	rev@p64	2	3.40731	0	100	0.48	400
s_rec-parens-balanced	rev@p80	2	1.88593	0	100	0.48	400
s_rec-parens-balanced	rev@p96	2	3.40365	0	100	0.48	400
s_rec-parens-balanced	rev@p112	2	4.14638	0	100	0.48	400
s_rec-parens-balanced	orig	2	3.40365	0	100	0.48	400
s_rec-parens-balanced	orig2	2	1.88560	0	100	0.48	400
s_rec-parens-balanced	rev	3	4.14638	0	100	0.48	400
s_rec-parens-balanced	orig@p16	3	1.88925	0	100	0.48	400
s_rec-parens-balanced	orig@p32	3	4.14971	0	100	0.48	400
s_rec-parens-balanced	orig@p48	3	1.93915	0	100	0.48	400
s_rec-parens-balanced	orig@p64	3	1.93549	0	100	0.48	400
s_rec-parens-balanced	orig@p80	3	4.26080	0	100	0.48	400
s_rec-parens-balanced	orig@p96	3	1.93216	0	100	0.48	400
s_rec-parens-balanced	orig@p112	3	1.88925	0	100	0.48	400
s_rec-parens-balanced	rev@p16	3	1.88194	0	100	0.48	400
s_rec-parens-balanced	rev@p32	3	4.15370	0	100	0.48	400
s_rec-parens-balanced	rev@p48	3	1.89624	0	100	0.48	400
s_rec-parens-balanced	rev@p64	3	4.15004	0	100	0.48	400
s_rec-parens-balanced	rev@p80	3	1.88194	0	100	0.48	400
s_rec-parens-balanced	rev@p96	3	4.15004	0	100	0.48	400
s_rec-parens-balanced	rev@p112	3	1.88593	0	100	0.48	400
s_rec-parens-balanced	orig	3	1.88560	0	100	0.48	400
s_rec-parens-balanced	orig2	3	1.88560	0	100	0.48	400
s_rec-parens-balanced	null	3	4.15702	0	100	0.48	400
s_rec-parens-balanced	orig@p16	4	1.88959	0	100	0.48	400
s_rec-parens-balanced	orig@p32	4	4.15337	0	100	0.48	400
s_rec-parens-balanced	orig@p48	4	1.93582	0	100	0.48	400
s_rec-parens-balanced	orig@p64	4	1.94281	0	100	0.48	400
s_rec-parens-balanced	orig@p80	4	4.25016	0	100	0.48	400
s_rec-parens-balanced	orig@p96	4	1.93915	0	100	0.48	400
s_rec-parens-balanced	orig@p112	4	4.16434	0	100	0.48	400
s_rec-parens-balanced	rev@p16	4	1.88560	0	100	0.48	400
s_rec-parens-balanced	rev@p32	4	1.88593	0	100	0.48	400
s_rec-parens-balanced	rev@p48	4	1.88560	0	100	0.48	400
s_rec-parens-balanced	rev@p64	4	4.15702	0	100	0.48	400
s_rec-parens-balanced	rev@p80	4	1.88560	0	100	0.48	400
s_rec-parens-balanced	rev@p96	4	1.88626	0	100	0.48	400
s_rec-parens-balanced	rev@p112	4	1.89258	0	100	0.48	400
s_rec-parens-balanced	orig	4	4.14671	0	100	0.48	400
s_rec-parens-balanced	orig2	4	1.89258	0	100	0.48	400
s_rec-parens-balanced	null	4	4.16068	0	100	0.48	400
s_rec-parens-balanced	rev	4	1.88593	0	100	0.48	400
s_rec-parens-balanced	orig@p32	5	4.15736	0	100	0.48	400
s_rec-parens-balanced	orig@p48	5	1.93582	0	100	0.48	400
s_rec-parens-balanced	orig@p64	5	1.93948	0	100	0.48	400
s_rec-parens-balanced	orig@p80	5	4.26413	0	100	0.48	400
s_rec-parens-balanced	orig@p96	5	1.93582	0	100	0.48	400
s_rec-parens-balanced	orig@p112	5	1.88560	0	100	0.48	400
s_rec-parens-balanced	rev@p16	5	1.88560	0	100	0.48	400
s_rec-parens-balanced	rev@p32	5	4.15337	0	100	0.48	400
s_rec-parens-balanced	rev@p48	5	1.89258	0	100	0.48	400
s_rec-parens-balanced	rev@p64	5	4.14705	0	100	0.48	400
s_rec-parens-balanced	rev@p80	5	1.88925	0	100	0.48	400
s_rec-parens-balanced	rev@p96	5	4.14638	0	100	0.48	400
s_rec-parens-balanced	rev@p112	5	1.89258	0	100	0.48	400
s_rec-parens-balanced	orig	5	1.88925	0	100	0.48	400
s_rec-parens-balanced	orig2	5	1.88560	0	100	0.48	400
s_rec-parens-balanced	null	5	4.15370	0	100	0.48	400
s_rec-parens-balanced	rev	5	1.89624	0	100	0.48	400
s_rec-parens-balanced	orig@p16	5	4.14638	0	100	0.48	400
s_rec-parens-balanced	orig@p48	6	1.94281	0	100	0.48	400
s_rec-parens-balanced	orig@p64	6	4.25382	0	100	0.48	400
s_rec-parens-balanced	orig@p80	6	1.93216	0	100	0.48	400
s_rec-parens-balanced	orig@p96	6	1.93216	0	100	0.48	400
s_rec-parens-balanced	orig@p112	6	1.89291	0	100	0.48	400
s_rec-parens-balanced	rev@p16	6	4.14272	0	100	0.48	400
s_rec-parens-balanced	rev@p32	6	1.88925	0	100	0.48	400
s_rec-parens-balanced	rev@p48	6	1.88194	0	100	0.48	400
s_rec-parens-balanced	rev@p64	6	4.15004	0	100	0.48	400
s_rec-parens-balanced	rev@p80	6	1.88593	0	100	0.48	400
s_rec-parens-balanced	rev@p96	6	1.88560	0	100	0.48	400
s_rec-parens-balanced	rev@p112	6	1.89291	0	100	0.48	400
s_rec-parens-balanced	orig	6	4.14971	0	100	0.48	400
s_rec-parens-balanced	orig2	6	1.88560	0	100	0.48	400
s_rec-parens-balanced	null	6	1.88925	0	100	0.48	400
s_rec-parens-balanced	rev	6	1.88925	0	100	0.48	400
s_rec-parens-balanced	orig@p16	6	4.18197	0	100	0.48	400
s_rec-parens-balanced	orig@p32	6	1.89291	0	100	0.48	400
s_rec-parens-balanced	orig@p64	7	1.93948	0	100	0.48	400
s_rec-parens-balanced	orig@p80	7	1.94281	0	100	0.48	400
s_rec-parens-balanced	orig@p96	7	4.27477	0	100	0.48	400
s_rec-parens-balanced	orig@p112	7	4.80363	0	100	0.48	400
s_rec-parens-balanced	rev@p16	7	1.88593	0	100	0.48	400
s_rec-parens-balanced	rev@p32	7	4.15370	0	100	0.48	400
s_rec-parens-balanced	rev@p48	7	1.88925	0	100	0.48	400
s_rec-parens-balanced	rev@p64	7	1.88560	0	100	0.48	400
s_rec-parens-balanced	rev@p80	7	1.88227	0	100	0.48	400
s_rec-parens-balanced	rev@p96	7	4.15370	0	100	0.48	400
s_rec-parens-balanced	rev@p112	7	1.89291	0	100	0.48	400
s_rec-parens-balanced	orig	7	4.15702	0	100	0.48	400
s_rec-parens-balanced	orig2	7	1.88560	0	100	0.48	400
s_rec-parens-balanced	null	7	4.15004	0	100	0.48	400
s_rec-parens-balanced	rev	7	1.88194	0	100	0.48	400
s_rec-parens-balanced	orig@p16	7	1.89291	0	100	0.48	400
s_rec-parens-balanced	orig@p32	7	4.15736	0	100	0.48	400
s_rec-parens-balanced	orig@p48	7	1.93549	0	100	0.48	400
s_rec-parens-balanced	orig@p80	8	4.25714	0	100	0.48	400
s_rec-parens-balanced	orig@p96	8	1.93549	0	100	0.48	400
s_rec-parens-balanced	orig@p112	8	1.88560	0	100	0.48	400
s_rec-parens-balanced	rev@p16	8	1.88560	0	100	0.48	400
s_rec-parens-balanced	rev@p32	8	2.27841	0	100	0.48	400
s_rec-parens-balanced	rev@p48	8	3.83938	0	100	0.48	400
s_rec-parens-balanced	rev@p64	8	3.83239	0	100	0.48	400
s_rec-parens-balanced	rev@p80	8	1.89291	0	100	0.48	400
s_rec-parens-balanced	rev@p96	8	9.75727	0	100	0.48	400
s_rec-parens-balanced	rev@p112	8	4.14638	0	100	0.48	400
s_rec-parens-balanced	orig	8	3.83572	0	100	0.48	400
s_rec-parens-balanced	orig2	8	4.14638	0	100	0.48	400
s_rec-parens-balanced	null	8	4.14971	0	100	0.48	400
s_rec-parens-balanced	rev	8	3.84636	0	100	0.48	400
s_rec-parens-balanced	orig@p16	8	1.88560	0	100	0.48	400
s_rec-parens-balanced	orig@p32	8	3.83572	0	100	0.48	400
s_rec-parens-balanced	orig@p48	8	1.93582	0	100	0.48	400
s_rec-parens-balanced	orig@p64	8	3.95014	0	100	0.48	400
s_rec-parens-balanced	orig@p96	9	4.25348	0	100	0.48	400
s_rec-parens-balanced	orig@p112	9	3.83572	0	100	0.48	400
s_rec-parens-balanced	rev@p16	9	4.15702	0	100	0.48	400
s_rec-parens-balanced	rev@p32	9	1.88560	0	100	0.48	400
s_rec-parens-balanced	rev@p48	9	4.14671	0	100	0.48	400
s_rec-parens-balanced	rev@p64	9	3.88561	0	100	0.48	400
s_rec-parens-balanced	rev@p80	9	1.89291	0	100	0.48	400
s_rec-parens-balanced	rev@p96	9	3.89659	0	100	0.48	400
s_rec-parens-balanced	rev@p112	9	4.16068	0	100	0.48	400
s_rec-parens-balanced	orig	9	2.72512	0	100	0.48	400
s_rec-parens-balanced	orig2	9	4.15370	0	100	0.48	400
s_rec-parens-balanced	null	9	3.88195	0	100	0.48	400
s_rec-parens-balanced	rev	9	1.88593	0	100	0.48	400
s_rec-parens-balanced	orig@p16	9	1.55697	0	100	0.48	400
s_rec-parens-balanced	orig@p32	9	4.15736	0	100	0.48	400
s_rec-parens-balanced	orig@p48	9	3.98207	0	100	0.48	400
s_rec-parens-balanced	orig@p64	9	4.26413	0	100	0.48	400
s_rec-parens-balanced	orig@p80	9	1.59622	0	100	0.48	400
s_rec-parens-balanced	orig@p112	10	1.88593	0	100	0.48	400
s_rec-parens-balanced	rev@p16	10	3.88262	0	100	0.48	400
s_rec-parens-balanced	rev@p32	10	4.16068	0	100	0.48	400
s_rec-parens-balanced	rev@p48	10	3.87863	0	100	0.48	400
s_rec-parens-balanced	rev@p64	10	4.16068	0	100	0.48	400
s_rec-parens-balanced	rev@p80	10	1.55331	0	100	0.48	400
s_rec-parens-balanced	rev@p96	10	1.89624	0	100	0.48	400
s_rec-parens-balanced	rev@p112	10	3.89625	0	100	0.48	400
s_rec-parens-balanced	orig	10	4.15736	0	100	0.48	400
s_rec-parens-balanced	orig2	10	1.55365	0	100	0.48	400
s_rec-parens-balanced	null	10	4.14638	0	100	0.48	400
s_rec-parens-balanced	rev	10	3.88927	0	100	0.48	400
s_rec-parens-balanced	orig@p16	10	1.89291	0	100	0.48	400
s_rec-parens-balanced	orig@p32	10	3.88195	0	100	0.48	400
s_rec-parens-balanced	orig@p48	10	4.25714	0	100	0.48	400
s_rec-parens-balanced	orig@p64	10	1.59655	0	100	0.48	400
s_rec-parens-balanced	orig@p80	10	4.26047	0	100	0.48	400
s_rec-parens-balanced	orig@p96	10	3.98207	0	100	0.48	400
s_rec-parens-unbalanced	orig	0	5.36488	0	100	0.48	400
s_rec-parens-unbalanced	orig2	0	5.82496	0	100	0.48	400
s_rec-parens-unbalanced	null	0	5.36023	0	100	0.48	400
s_rec-parens-unbalanced	rev	0	5.81518	0	100	0.48	400
s_rec-parens-unbalanced	orig@p16	0	5.35976	0	100	0.48	400
s_rec-parens-unbalanced	orig@p32	0	5.82496	0	100	0.48	400
s_rec-parens-unbalanced	orig@p48	0	5.49993	0	100	0.48	400
s_rec-parens-unbalanced	orig@p64	0	2.70503	0	100	0.48	400
s_rec-parens-unbalanced	orig@p80	0	5.50970	0	100	0.48	400
s_rec-parens-unbalanced	orig@p96	0	5.97490	0	100	0.48	400
s_rec-parens-unbalanced	orig@p112	0	5.36023	0	100	0.48	400
s_rec-parens-unbalanced	rev@p16	0	5.81518	0	100	0.48	400
s_rec-parens-unbalanced	rev@p32	0	5.37001	0	100	0.48	400
s_rec-parens-unbalanced	rev@p48	0	2.63983	0	100	0.48	400
s_rec-parens-unbalanced	rev@p64	0	5.36023	0	100	0.48	400
s_rec-parens-unbalanced	rev@p80	0	5.83520	0	100	0.48	400
s_rec-parens-unbalanced	rev@p96	0	5.36488	0	100	0.48	400
s_rec-parens-unbalanced	rev@p112	0	5.81471	0	100	0.48	400
s_rec-parens-unbalanced	orig2	1	5.37001	0	100	0.48	400
s_rec-parens-unbalanced	null	1	2.64496	0	100	0.48	400
s_rec-parens-unbalanced	rev	1	5.36488	0	100	0.48	400
s_rec-parens-unbalanced	orig@p16	1	5.81983	0	100	0.48	400
s_rec-parens-unbalanced	orig@p32	1	5.36488	0	100	0.48	400
s_rec-parens-unbalanced	orig@p48	1	5.97490	0	100	0.48	400
s_rec-parens-unbalanced	orig@p64	1	5.50458	0	100	0.48	400
s_rec-parens-unbalanced	orig@p80	1	2.71015	0	100	0.48	400
s_rec-parens-unbalanced	orig@p96	1	5.51064	0	100	0.48	400
s_rec-parens-unbalanced	orig@p112	1	5.81983	0	100	0.48	400
s_rec-parens-unbalanced	rev@p16	1	5.37001	0	100	0.48	400
s_rec-parens-unbalanced	rev@p32	1	5.80493	0	100	0.48	400
s_rec-parens-unbalanced	rev@p48	1	5.37978	0	100	0.48	400
s_rec-parens-unbalanced	rev@p64	1	2.64030	0	100	0.48	400
s_rec-parens-unbalanced	rev@p80	1	5.36488	0	100	0.48	400
s_rec-parens-unbalanced	rev@p96	1	5.81518	0	100	0.48	400
s_rec-parens-unbalanced	rev@p112	1	5.37047	0	100	0.48	400
s_rec-parens-unbalanced	orig	1	5.81006	0	100	0.48	400
s_rec-parens-unbalanced	null	2	5.38491	0	100	0.48	400
s_rec-parens-unbalanced	rev	2	2.66498	0	100	0.48	400
s_rec-parens-unbalanced	orig@p16	2	5.37001	0	100	0.48	400
s_rec-parens-unbalanced	orig@p32	2	5.81518	0	100	0.48	400
s_rec-parens-unbalanced	orig@p48	2	5.50505	0	100	0.48	400
s_rec-parens-unbalanced	orig@p64	2	5.96512	0	100	0.48	400
s_rec-parens-unbalanced	orig@p80	2	5.51995	0	100	0.48	400
s_rec-parens-unbalanced	orig@p96	2	2.71015	0	100	0.48	400
s_rec-parens-unbalanced	orig@p112	2	5.37001	0	100	0.48	400
s_rec-parens-unbalanced	rev@p16	2	6.42985	0	100	0.48	400
s_rec-parens-unbalanced	rev@p32	2	5.36488	0	100	0.48	400
s_rec-parens-unbalanced	rev@p48	2	15.75053	0	100	0.48	400
s_rec-parens-unbalanced	rev@p64	2	5.37001	0	100	0.48	400
s_rec-parens-unbalanced	rev@p80	2	2.64496	0	100	0.48	400
s_rec-parens-unbalanced	rev@p96	2	5.36488	0	100	0.48	400
s_rec-parens-unbalanced	rev@p112	2	5.81518	0	100	0.48	400
s_rec-parens-unbalanced	orig	2	5.36023	0	100	0.48	400
s_rec-parens-unbalanced	orig2	2	5.81983	0	100	0.48	400
s_rec-parens-unbalanced	rev	3	5.80493	0	100	0.48	400
s_rec-parens-unbalanced	orig@p16	3	5.81518	0	100	0.48	400
s_rec-parens-unbalanced	orig@p32	3	5.81518	0	100	0.48	400
s_rec-parens-unbalanced	orig@p48	3	16.26508	0	100	0.48	400
s_rec-parens-unbalanced	orig@p64	3	5.96000	0	100	0.48	400
s_rec-parens-unbalanced	orig@p80	3	5.95534	0	100	0.48	400
s_rec-parens-unbalanced	orig@p96	3	5.97024	0	100	0.48	400
s_rec-parens-unbalanced	orig@p112	3	5.81518	0	100	0.48	400
s_rec-parens-unbalanced	rev@p16	3	5.83520	0	100	0.48	400
s_rec-parens-unbalanced	rev@p32	3	5.81006	0	100	0.48	400
s_rec-parens-unbalanced	rev@p48	3	5.81006	0	100	0.48	400
s_rec-parens-unbalanced	rev@p64	3	5.81983	0	100	0.48	400
s_rec-parens-unbalanced	rev@p80	3	5.81006	0	100	0.48	400
s_rec-parens-unbalanced	rev@p96	3	5.83474	0	100	0.48	400
s_rec-parens-unbalanced	rev@p112	3	5.79469	0	100	0.48	400
s_rec-parens-unbalanced	orig	3	5.80493	0	100	0.48	400
s_rec-parens-unbalanced	orig2	3	5.83520	0	100	0.48	400
s_rec-parens-unbalanced	null	3	5.80959	0	100	0.48	400
s_rec-parens-unbalanced	orig@p16	4	5.81006	0	100	0.48	400
s_rec-parens-unbalanced	orig@p32	4	5.81983	0	100	0.48	400
s_rec-parens-unbalanced	orig@p48	4	5.95488	0	100	0.48	400
s_rec-parens-unbalanced	orig@p64	4	5.95488	0	100	0.48	400
s_rec-parens-unbalanced	orig@p80	4	5.98002	0	100	0.48	400
s_rec-parens-unbalanced	orig@p96	4	5.95488	0	100	0.48	400
s_rec-parens-unbalanced	orig@p112	4	5.81006	0	100	0.48	400
s_rec-parens-unbalanced	rev@p16	4	5.81006	0	100	0.48	400
s_rec-parens-unbalanced	rev@p32	4	5.81006	0	100	0.48	400
s_rec-parens-unbalanced	rev@p48	4	5.81471	0	100	0.48	400
s_rec-parens-unbalanced	rev@p64	4	5.81471	0	100	0.48	400
s_rec-parens-unbalanced	rev@p80	4	5.81006	0	100	0.48	400
s_rec-parens-unbalanced	rev@p96	4	5.81471	0	100	0.48	400
s_rec-parens-unbalanced	rev@p112	4	5.81518	0	100	0.48	400
s_rec-parens-unbalanced	orig	4	15.22014	0	100	0.48	400
s_rec-parens-unbalanced	orig2	4	5.81006	0	100	0.48	400
s_rec-parens-unbalanced	null	4	5.81006	0	100	0.48	400
s_rec-parens-unbalanced	rev	4	5.80493	0	100	0.48	400
s_rec-parens-unbalanced	orig@p32	5	5.83008	0	100	0.48	400
s_rec-parens-unbalanced	orig@p48	5	5.97024	0	100	0.48	400
s_rec-parens-unbalanced	orig@p64	5	5.97024	0	100	0.48	400
s_rec-parens-unbalanced	orig@p80	5	5.95488	0	100	0.48	400
s_rec-parens-unbalanced	orig@p96	5	5.96000	0	100	0.48	400
s_rec-parens-unbalanced	orig@p112	5	20.84486	0	100	0.48	400
s_rec-parens-unbalanced	rev@p16	5	5.81983	0	100	0.48	400
s_rec-parens-unbalanced	rev@p32	5	5.80540	0	100	0.48	400
s_rec-parens-unbalanced	rev@p48	5	5.81518	0	100	0.48	400
s_rec-parens-unbalanced	rev@p64	5	5.81006	0	100	0.48	400
s_rec-parens-unbalanced	rev@p80	5	5.83520	0	100	0.48	400
s_rec-parens-unbalanced	rev@p96	5	5.81006	0	100	0.48	400
s_rec-parens-unbalanced	rev@p112	5	5.81518	0	100	0.48	400
s_rec-parens-unbalanced	orig	5	5.79515	0	100	0.48	400
s_rec-parens-unbalanced	orig2	5	5.81564	0	100	0.48	400
s_rec-parens-unbalanced	null	5	5.80959	0	100	0.48	400
s_rec-parens-unbalanced	rev	5	5.81006	0	100	0.48	400
s_rec-parens-unbalanced	orig@p16	5	5.81006	0	100	0.48	400
s_rec-parens-unbalanced	orig@p48	6	6.00005	0	100	0.48	400
s_rec-parens-unbalanced	orig@p64	6	5.97024	0	100	0.48	400
s_rec-parens-unbalanced	orig@p80	6	5.96000	0	100	0.48	400
s_rec-parens-unbalanced	orig@p96	6	5.96000	0	100	0.48	400
s_rec-parens-unbalanced	orig@p112	6	5.82496	0	100	0.48	400
s_rec-parens-unbalanced	rev@p16	6	5.43986	0	100	0.48	400
s_rec-parens-unbalanced	rev@p32	6	2.63983	0	100	0.48	400
s_rec-parens-unbalanced	rev@p48	6	5.45476	0	100	0.48	400
s_rec-parens-unbalanced	rev@p64	6	5.81471	0	100	0.48	400
s_rec-parens-unbalanced	rev@p80	6	5.81471	0	100	0.48	400
s_rec-parens-unbalanced	rev@p96	6	2.17510	0	100	0.48	400
s_rec-parens-unbalanced	rev@p112	6	5.81518	0	100	0.48	400
s_rec-parens-unbalanced	orig	6	2.63471	0	100	0.48	400
s_rec-parens-unbalanced	orig2	6	2.63983	0	100	0.48	400
s_rec-parens-unbalanced	null	6	7.16001	0	100	0.48	400
s_rec-parens-unbalanced	rev	6	5.82030	0	100	0.48	400
s_rec-parens-unbalanced	orig@p16	6	5.81006	0	100	0.48	400
s_rec-parens-unbalanced	orig@p32	6	5.81006	0	100	0.48	400
s_rec-parens-unbalanced	orig@p64	7	5.96000	0	100	0.48	400
s_rec-parens-unbalanced	orig@p80	7	5.96512	0	100	0.48	400
s_rec-parens-unbalanced	orig@p96	7	2.70503	0	100	0.48	400
s_rec-parens-unbalanced	orig@p112	7	5.37001	0	100	0.48	400
s_rec-parens-unbalanced	rev@p16	7	2.63983	0	100	0.48	400
s_rec-parens-unbalanced	rev@p32	7	5.37001	0	100	0.48	400
s_rec-parens-unbalanced	rev@p48	7	5.45010	0	100	0.48	400
s_rec-parens-unbalanced	rev@p64	7	5.37001	0	100	0.48	400
s_rec-parens-unbalanced	rev@p80	7	5.43008	0	100	0.48	400
s_rec-parens-unbalanced	rev@p96	7	5.36488	0	100	0.48	400
s_rec-parens-unbalanced	rev@p112	7	2.17510	0	100	0.48	400
s_rec-parens-unbalanced	orig	7	5.37001	0	100	0.48	400
s_rec-parens-unbalanced	orig2	7	5.44498	0	100	0.48	400
s_rec-parens-unbalanced	null	7	5.36488	0	100	0.48	400
s_rec-parens-unbalanced	rev	7	2.17510	0	100	0.48	400
s_rec-parens-unbalanced	orig@p16	7	5.37001	0	100	0.48	400
s_rec-parens-unbalanced	orig@p32	7	5.45522	0	100	0.48	400
s_rec-parens-unbalanced	orig@p48	7	5.51017	0	100	0.48	400
s_rec-parens-unbalanced	orig@p80	8	2.23005	0	100	0.48	400
s_rec-parens-unbalanced	orig@p96	8	5.50970	0	100	0.48	400
s_rec-parens-unbalanced	orig@p112	8	5.44079	0	100	0.48	400
s_rec-parens-unbalanced	rev@p16	8	5.37001	0	100	0.48	400
s_rec-parens-unbalanced	rev@p32	8	5.43008	0	100	0.48	400
s_rec-parens-unbalanced	rev@p48	8	5.36488	0	100	0.48	400
s_rec-parens-unbalanced	rev@p64	8	2.16998	0	100	0.48	400
s_rec-parens-unbalanced	rev@p80	8	5.36023	0	100	0.48	400
s_rec-parens-unbalanced	rev@p96	8	2.17976	0	100	0.48	400
s_rec-parens-unbalanced	rev@p112	8	5.37001	0	100	0.48	400
s_rec-parens-unbalanced	orig	8	5.43008	0	100	0.48	400
s_rec-parens-unbalanced	orig2	8	5.38025	0	100	0.48	400
s_rec-parens-unbalanced	null	8	5.47990	0	100	0.48	400
s_rec-parens-unbalanced	rev	8	5.37466	0	100	0.48	400
s_rec-parens-unbalanced	orig@p16	8	2.17510	0	100	0.48	400
s_rec-parens-unbalanced	orig@p32	8	11.74491	0	100	0.48	400
s_rec-parens-unbalanced	orig@p48	8	5.58514	0	100	0.48	400
s_rec-parens-unbalanced	orig@p64	8	5.51483	0	100	0.48	400
s_rec-parens-unbalanced	orig@p96	9	5.57490	0	100	0.48	400
s_rec-parens-unbalanced	orig@p112	9	5.43473	0	100	0.48	400
s_rec-parens-unbalanced	rev@p16	9	2.18023	0	100	0.48	400
s_rec-parens-unbalanced	rev@p32	9	5.36535	0	100	0.48	400
s_rec-parens-unbalanced	rev@p48	9	5.43520	0	100	0.48	400
s_rec-parens-unbalanced	rev@p64	9	5.36488	0	100	0.48	400
s_rec-parens-unbalanced	rev@p80	9	5.45010	0	100	0.48	400
s_rec-parens-unbalanced	rev@p96	9	5.36488	0	100	0.48	400
s_rec-parens-unbalanced	rev@p112	9	2.17510	0	100	0.48	400
s_rec-parens-unbalanced	orig	9	5.37513	0	100	0.48	400
s_rec-parens-unbalanced	orig2	9	5.43986	0	100	0.48	400
s_rec-parens-unbalanced	null	9	5.38491	0	100	0.48	400
s_rec-parens-unbalanced	rev	9	2.17464	0	100	0.48	400
s_rec-parens-unbalanced	orig@p16	9	5.37001	0	100	0.48	400
s_rec-parens-unbalanced	orig@p32	9	5.43520	0	100	0.48	400
s_rec-parens-unbalanced	orig@p48	9	5.49993	0	100	0.48	400
s_rec-parens-unbalanced	orig@p64	9	2.23005	0	100	0.48	400
s_rec-parens-unbalanced	orig@p80	9	5.51017	0	100	0.48	400
s_rec-parens-unbalanced	orig@p112	10	2.17510	0	100	0.48	400
s_rec-parens-unbalanced	rev@p16	10	5.37001	0	100	0.48	400
s_rec-parens-unbalanced	rev@p32	10	5.43520	0	100	0.48	400
s_rec-parens-unbalanced	rev@p48	10	5.37001	0	100	0.48	400
s_rec-parens-unbalanced	rev@p64	10	5.45522	0	100	0.48	400
s_rec-parens-unbalanced	rev@p80	10	5.37001	0	100	0.48	400
s_rec-parens-unbalanced	rev@p96	10	2.17464	0	100	0.48	400
s_rec-parens-unbalanced	rev@p112	10	5.37001	0	100	0.48	400
s_rec-parens-unbalanced	orig	10	5.43008	0	100	0.48	400
s_rec-parens-unbalanced	orig2	10	5.37466	0	100	0.48	400
s_rec-parens-unbalanced	null	10	5.43520	0	100	0.48	400
s_rec-parens-unbalanced	rev	10	5.38491	0	100	0.48	400
s_rec-parens-unbalanced	orig@p16	10	5.37513	0	100	0.48	400
s_rec-parens-unbalanced	orig@p32	10	5.38491	0	100	0.48	400
s_rec-parens-unbalanced	orig@p48	10	4.90481	0	100	0.48	400
s_rec-parens-unbalanced	orig@p64	10	4.89503	0	100	0.48	400
s_rec-parens-unbalanced	orig@p80	10	4.89503	0	100	0.48	400
s_rec-parens-unbalanced	orig@p96	10	4.90015	0	100	0.48	400
s_rec-tag-depth3	orig	0	1.08287	0	100	0.48	400
s_rec-tag-depth3	orig2	0	1.08637	0	100	0.48	400
s_rec-tag-depth3	null	0	1.08520	0	100	0.48	400
s_rec-tag-depth3	rev	0	1.08859	0	100	0.48	400
s_rec-tag-depth3	orig@p16	0	1.11367	0	100	0.48	400
s_rec-tag-depth3	orig@p32	0	1.08298	0	100	0.48	400
s_rec-tag-depth3	orig@p48	0	1.11251	0	100	0.48	400
s_rec-tag-depth3	orig@p64	0	1.11367	0	100	0.48	400
s_rec-tag-depth3	orig@p80	0	1.11251	0	100	0.48	400
s_rec-tag-depth3	orig@p96	0	1.11357	0	100	0.48	400
s_rec-tag-depth3	orig@p112	0	1.08298	0	100	0.48	400
s_rec-tag-depth3	rev@p16	0	1.08298	0	100	0.48	400
s_rec-tag-depth3	rev@p32	0	1.08637	0	100	0.48	400
s_rec-tag-depth3	rev@p48	0	1.08414	0	100	0.48	400
s_rec-tag-depth3	rev@p64	0	1.08520	0	100	0.48	400
s_rec-tag-depth3	rev@p80	0	1.08531	0	100	0.48	400
s_rec-tag-depth3	rev@p96	0	1.08531	0	100	0.48	400
s_rec-tag-depth3	rev@p112	0	1.08414	0	100	0.48	400
s_rec-tag-depth3	orig2	1	1.08753	0	100	0.48	400
s_rec-tag-depth3	null	1	1.09547	0	100	0.48	400
s_rec-tag-depth3	rev	1	1.08404	0	100	0.48	400
s_rec-tag-depth3	orig@p16	1	1.08414	0	100	0.48	400
s_rec-tag-depth3	orig@p32	1	1.08753	0	100	0.48	400
s_rec-tag-depth3	orig@p48	1	1.11367	0	100	0.48	400
s_rec-tag-depth3	orig@p64	1	1.11251	0	100	0.48	400
s_rec-tag-depth3	orig@p80	1	1.11251	0	100	0.48	400
s_rec-tag-depth3	orig@p96	1	1.11251	0	100	0.48	400
s_rec-tag-depth3	orig@p112	1	1.08414	0	100	0.48	400
s_rec-tag-depth3	rev@p16	1	1.08742	0	100	0.48	400
s_rec-tag-depth3	rev@p32	1	1.08520	0	100	0.48	400
s_rec-tag-depth3	rev@p48	1	1.08404	0	100	0.48	400
s_rec-tag-depth3	rev@p64	1	1.08404	0	100	0.48	400
s_rec-tag-depth3	rev@p80	1	1.09663	0	100	0.48	400
s_rec-tag-depth3	rev@p96	1	1.08520	0	100	0.48	400
s_rec-tag-depth3	rev@p112	1	1.08298	0	100	0.48	400
s_rec-tag-depth3	orig	1	1.08414	0	100	0.48	400
s_rec-tag-depth3	null	2	1.08531	0	100	0.48	400
s_rec-tag-depth3	rev	2	1.08182	0	100	0.48	400
s_rec-tag-depth3	orig@p16	2	1.08414	0	100	0.48	400
s_rec-tag-depth3	orig@p32	2	1.08637	0	100	0.48	400
s_rec-tag-depth3	orig@p48	2	1.11134	0	100	0.48	400
s_rec-tag-depth3	orig@p64	2	1.11155	0	100	0.48	400
s_rec-tag-depth3	orig@p80	2	1.11251	0	100	0.48	400
s_rec-tag-depth3	orig@p96	2	1.11145	0	100	0.48	400
s_rec-tag-depth3	orig@p112	2	1.08520	0	100	0.48	400
s_rec-tag-depth3	rev@p16	2	1.08298	0	100	0.48	400
s_rec-tag-depth3	rev@p32	2	1.08298	0	100	0.48	400
s_rec-tag-depth3	rev@p48	2	1.08298	0	100	0.48	400
s_rec-tag-depth3	rev@p64	2	1.08637	0	100	0.48	400
s_rec-tag-depth3	rev@p80	2	1.08753	0	100	0.48	400
s_rec-tag-depth3	rev@p96	2	1.08531	0	100	0.48	400
s_rec-tag-depth3	rev@p112	2	1.08414	0	100	0.48	400
s_rec-tag-depth3	orig	2	3.33413	0	100	0.48	400
s_rec-tag-depth3	orig2	2	1.08298	0	100	0.48	400
s_rec-tag-depth3	rev	3	1.08637	0	100	0.48	400
s_rec-tag-depth3	orig@p16	3	1.09092	0	100	0.48	400
s_rec-tag-depth3	orig@p32	3	1.08414	0	100	0.48	400
s_rec-tag-depth3	orig@p48	3	1.11484	0	100	0.48	400
s_rec-tag-depth3	orig@p64	3	1.11473	0	100	0.48	400
s_rec-tag-depth3	orig@p80	3	1.11357	0	100	0.48	400
s_rec-tag-depth3	orig@p96	3	1.11028	0	100	0.48	400
s_rec-tag-depth3	orig@p112	3	1.08531	0	100	0.48	400
s_rec-tag-depth3	rev@p16	3	1.08298	0	100	0.48	400
s_rec-tag-depth3	rev@p32	3	1.09092	0	100	0.48	400
s_rec-tag-depth3	rev@p48	3	1.08298	0	100	0.48	400
s_rec-tag-depth3	rev@p64	3	1.08182	0	100	0.48	400
s_rec-tag-depth3	rev@p80	3	1.08404	0	100	0.48	400
s_rec-tag-depth3	rev@p96	3	1.08287	0	100	0.48	400
s_rec-tag-depth3	rev@p112	3	1.08298	0	100	0.48	400
s_rec-tag-depth3	orig	3	1.08531	0	100	0.48	400
s_rec-tag-depth3	orig2	3	1.08404	0	100	0.48	400
s_rec-tag-depth3	null	3	1.08637	0	100	0.48	400
s_rec-tag-depth3	orig@p16	4	1.08531	0	100	0.48	400
s_rec-tag-depth3	orig@p32	4	1.08520	0	100	0.48	400
s_rec-tag-depth3	orig@p48	4	1.11357	0	100	0.48	400
s_rec-tag-depth3	orig@p64	4	1.11484	0	100	0.48	400
s_rec-tag-depth3	orig@p80	4	1.11473	0	100	0.48	400
s_rec-tag-depth3	orig@p96	4	1.11251	0	100	0.48	400
s_rec-tag-depth3	orig@p112	4	1.08637	0	100	0.48	400
s_rec-tag-depth3	rev@p16	4	1.08637	0	100	0.48	400
s_rec-tag-depth3	rev@p32	4	1.08404	0	100	0.48	400
s_rec-tag-depth3	rev@p48	4	1.08520	0	100	0.48	400
s_rec-tag-depth3	rev@p64	4	1.08182	0	100	0.48	400
s_rec-tag-depth3	rev@p80	4	1.09430	0	100	0.48	400
s_rec-tag-depth3	rev@p96	4	1.23411	0	100	0.48	400
s_rec-tag-depth3	rev@p112	4	1.08414	0	100	0.48	400
s_rec-tag-depth3	orig	4	0.61700	0	100	0.48	400
s_rec-tag-depth3	orig2	4	1.08404	0	100	0.48	400
s_rec-tag-depth3	null	4	0.49434	0	100	0.48	400
s_rec-tag-depth3	rev	4	1.08859	0	100	0.48	400
s_rec-tag-depth3	orig@p32	5	1.23866	0	100	0.48	400
s_rec-tag-depth3	orig@p48	5	1.11134	0	100	0.48	400
s_rec-tag-depth3	orig@p64	5	0.50789	0	100	0.48	400
s_rec-tag-depth3	orig@p80	5	1.11367	0	100	0.48	400
s_rec-tag-depth3	orig@p96	5	0.50683	0	100	0.48	400
s_rec-tag-depth3	orig@p112	5	1.08753	0	100	0.48	400
s_rec-tag-depth3	rev@p16	5	0.49434	0	100	0.48	400
s_rec-tag-depth3	rev@p32	5	1.08414	0	100	0.48	400
s_rec-tag-depth3	rev@p48	5	1.23517	0	100	0.48	400
s_rec-tag-depth3	rev@p64	5	1.08404	0	100	0.48	400
s_rec-tag-depth3	rev@p80	5	0.49434	0	100	0.48	400
s_rec-tag-depth3	rev@p96	5	1.08520	0	100	0.48	400
s_rec-tag-depth3	rev@p112	5	0.49424	0	100	0.48	400
s_rec-tag-depth3	orig	5	1.08287	0	100	0.48	400
s_rec-tag-depth3	orig2	5	1.23633	0	100	0.48	400
s_rec-tag-depth3	null	5	1.08975	0	100	0.48	400
s_rec-tag-depth3	rev	5	0.49318	0	100	0.48	400
s_rec-tag-depth3	orig@p16	5	1.08298	0	100	0.48	400
s_rec-tag-depth3	orig@p48	6	0.50799	0	100	0.48	400
s_rec-tag-depth3	orig@p64	6	1.11251	0	100	0.48	400
s_rec-tag-depth3	orig@p80	6	1.26596	0	100	0.48	400
s_rec-tag-depth3	orig@p96	6	1.11367	0	100	0.48	400
s_rec-tag-depth3	orig@p112	6	0.49551	0	100	0.48	400
s_rec-tag-depth3	rev@p16	6	1.08753	0	100	0.48	400
s_rec-tag-depth3	rev@p32	6	0.49318	0	100	0.48	400
s_rec-tag-depth3	rev@p48	6	1.08869	0	100	0.48	400
s_rec-tag-depth3	rev@p64	6	1.23294	0	100	0.48	400
s_rec-tag-depth3	rev@p80	6	1.08298	0	100	0.48	400
s_rec-tag-depth3	rev@p96	6	0.49540	0	100	0.48	400
s_rec-tag-depth3	rev@p112	6	1.08742	0	100	0.48	400
s_rec-tag-depth3	orig	6	0.49318	0	100	0.48	400
s_rec-tag-depth3	orig2	6	1.08298	0	100	0.48	400
s_rec-tag-depth3	null	6	3.72508	0	100	0.48	400
s_rec-tag-depth3	rev	6	1.08414	0	100	0.48	400
s_rec-tag-depth3	orig@p16	6	0.49434	0	100	0.48	400
s_rec-tag-depth3	orig@p32	6	1.09092	0	100	0.48	400
s_rec-tag-depth3	orig@p64	7	0.51254	0	100	0.48	400
s_rec-tag-depth3	orig@p80	7	1.11357	0	100	0.48	400
s_rec-tag-depth3	orig@p96	7	1.27157	0	100	0.48	400
s_rec-tag-depth3	orig@p112	7	1.08414	0	100	0.48	400
s_rec-tag-depth3	rev@p16	7	0.49551	0	100	0.48	400
s_rec-tag-depth3	rev@p32	7	1.08414	0	100	0.48	400
s_rec-tag-depth3	rev@p48	7	0.49318	0	100	0.48	400
s_rec-tag-depth3	rev@p64	7	0.59880	0	100	0.48	400
s_rec-tag-depth3	rev@p80	7	1.23866	0	100	0.48	400
s_rec-tag-depth3	rev@p96	7	1.31941	0	100	0.48	400
s_rec-tag-depth3	rev@p112	7	0.49551	0	100	0.48	400
s_rec-tag-depth3	orig	7	1.32385	0	100	0.48	400
s_rec-tag-depth3	orig2	7	0.49434	0	100	0.48	400
s_rec-tag-depth3	null	7	0.60113	0	100	0.48	400
s_rec-tag-depth3	rev	7	1.23517	0	100	0.48	400
s_rec-tag-depth3	orig@p16	7	1.32047	0	100	0.48	400
s_rec-tag-depth3	orig@p32	7	0.49445	0	100	0.48	400
s_rec-tag-depth3	orig@p48	7	1.35571	0	100	0.48	400
s_rec-tag-depth3	orig@p80	8	0.50799	0	100	0.48	400
s_rec-tag-depth3	orig@p96	8	0.61361	0	100	0.48	400
s_rec-tag-depth3	orig@p112	8	0.49424	0	100	0.48	400
s_rec-tag-depth3	rev@p16	8	1.32163	0	100	0.48	400
s_rec-tag-depth3	rev@p32	8	1.23527	0	100	0.48	400
s_rec-tag-depth3	rev@p48	8	1.32153	0	100	0.48	400
s_rec-tag-depth3	rev@p64	8	0.49424	0	100	0.48	400
s_rec-tag-depth3	rev@p80	8	0.60007	0	100	0.48	400
s_rec-tag-depth3	rev@p96	8	0.49424	0	100	0.48	400
s_rec-tag-depth3	rev@p112	8	1.31930	0	100	0.48	400
s_rec-tag-depth3	orig	8	1.23517	0	100	0.48	400
s_rec-tag-depth3	orig2	8	1.32036	0	100	0.48	400
s_rec-tag-depth3	null	8	0.49318	0	100	0.48	400
s_rec-tag-depth3	rev	8	0.60345	0	100	0.48	400
s_rec-tag-depth3	orig@p16	8	0.49434	0	100	0.48	400
s_rec-tag-depth3	orig@p32	8	1.32269	0	100	0.48	400
s_rec-tag-depth3	orig@p48	8	0.50567	0	100	0.48	400
s_rec-tag-depth3	orig@p64	8	1.35571	0	100	0.48	400
s_rec-tag-depth3	orig@p96	9	1.26713	0	100	0.48	400
s_rec-tag-depth3	orig@p112	9	1.31824	0	100	0.48	400
s_rec-tag-depth3	rev@p16	9	0.49318	0	100	0.48	400
s_rec-tag-depth3	rev@p32	9	0.59996	0	100	0.48	400
s_rec-tag-depth3	rev@p48	9	0.49434	0	100	0.48	400
s_rec-tag-depth3	rev@p64	9	1.31824	0	100	0.48	400
s_rec-tag-depth3	rev@p80	9	1.23411	0	100	0.48	400
s_rec-tag-depth3	rev@p96	9	1.31814	0	100	0.48	400
s_rec-tag-depth3	rev@p112	9	0.49540	0	100	0.48	400
s_rec-tag-depth3	orig	9	0.60462	0	100	0.48	400
s_rec-tag-depth3	orig2	9	0.49540	0	100	0.48	400
s_rec-tag-depth3	null	9	1.32047	0	100	0.48	400
s_rec-tag-depth3	rev	9	0.49434	0	100	0.48	400
s_rec-tag-depth3	orig@p16	9	1.32047	0	100	0.48	400
s_rec-tag-depth3	orig@p32	9	1.23527	0	100	0.48	400
s_rec-tag-depth3	orig@p48	9	0.61711	0	100	0.48	400
s_rec-tag-depth3	orig@p64	9	0.50789	0	100	0.48	400
s_rec-tag-depth3	orig@p80	9	1.35571	0	100	0.48	400
s_rec-tag-depth3	orig@p112	10	0.49551	0	100	0.48	400
s_rec-tag-depth3	rev@p16	10	1.32047	0	100	0.48	400
s_rec-tag-depth3	rev@p32	10	0.49318	0	100	0.48	400
s_rec-tag-depth3	rev@p48	10	1.32057	0	100	0.48	400
s_rec-tag-depth3	rev@p64	10	0.49434	0	100	0.48	400
s_rec-tag-depth3	rev@p80	10	1.71480	0	100	0.48	400
s_rec-tag-depth3	rev@p96	10	0.49434	0	100	0.48	400
s_rec-tag-depth3	rev@p112	10	1.32163	0	100	0.48	400
s_rec-tag-depth3	orig	10	1.23749	0	100	0.48	400
s_rec-tag-depth3	orig2	10	1.32163	0	100	0.48	400
s_rec-tag-depth3	null	10	0.49434	0	100	0.48	400
s_rec-tag-depth3	rev	10	0.59890	0	100	0.48	400
s_rec-tag-depth3	orig@p16	10	0.49434	0	100	0.48	400
s_rec-tag-depth3	orig@p32	10	1.32269	0	100	0.48	400
s_rec-tag-depth3	orig@p48	10	1.26586	0	100	0.48	400
s_rec-tag-depth3	orig@p64	10	1.35571	0	100	0.48	400
s_rec-tag-depth3	orig@p80	10	0.50683	0	100	0.48	400
s_rec-tag-depth3	orig@p96	10	0.61478	0	100	0.48	400
s_sd-dollar-nl	orig	0	3.87829	0	100	0.48	400
s_sd-dollar-nl	orig2	0	1.88560	0	100	0.48	400
s_sd-dollar-nl	null	0	1.56096	0	100	0.48	400
s_sd-dollar-nl	rev	0	4.15370	0	100	0.48	400
s_sd-dollar-nl	orig@p16	0	1.54999	0	100	0.48	400
s_sd-dollar-nl	orig@p32	0	4.15004	0	100	0.48	400
s_sd-dollar-nl	orig@p48	0	1.59655	0	100	0.48	400
s_sd-dollar-nl	orig@p64	0	1.94646	0	100	0.48	400
s_sd-dollar-nl	orig@p80	0	3.98939	0	100	0.48	400
s_sd-dollar-nl	orig@p96	0	4.26080	0	100	0.48	400
s_sd-dollar-nl	orig@p112	0	1.56063	0	100	0.48	400
s_sd-dollar-nl	rev@p16	0	4.16434	0	100	0.48	400
s_sd-dollar-nl	rev@p32	0	4.16068	0	100	0.48	400
s_sd-dollar-nl	rev@p48	0	4.15337	0	100	0.48	400
s_sd-dollar-nl	rev@p64	0	4.14971	0	100	0.48	400
s_sd-dollar-nl	rev@p80	0	4.15004	0	100	0.48	400
s_sd-dollar-nl	rev@p96	0	4.15736	0	100	0.48	400
s_sd-dollar-nl	rev@p112	0	4.15370	0	100	0.48	400
s_sd-dollar-nl	orig2	1	4.15004	0	100	0.48	400
s_sd-dollar-nl	null	1	4.15370	0	100	0.48	400
s_sd-dollar-nl	rev	1	4.15370	0	100	0.48	400
s_sd-dollar-nl	orig@p16	1	4.14638	0	100	0.48	400
s_sd-dollar-nl	orig@p32	1	1.57161	0	100	0.48	400
s_sd-dollar-nl	orig@p48	1	1.93549	0	100	0.48	400
s_sd-dollar-nl	orig@p64	1	4.26080	0	100	0.48	400
s_sd-dollar-nl	orig@p80	1	4.26047	0	100	0.48	400
s_sd-dollar-nl	orig@p96	1	4.26080	0	100	0.48	400
s_sd-dollar-nl	orig@p112	1	4.14638	0	100	0.48	400
s_sd-dollar-nl	rev@p16	1	4.15403	0	100	0.48	400
s_sd-dollar-nl	rev@p32	1	4.14971	0	100	0.48	400
s_sd-dollar-nl	rev@p48	1	4.15702	0	100	0.48	400
s_sd-dollar-nl	rev@p64	1	4.15736	0	100	0.48	400
s_sd-dollar-nl	rev@p80	1	4.15702	0	100	0.48	400
s_sd-dollar-nl	rev@p96	1	4.15370	0	100	0.48	400
s_sd-dollar-nl	rev@p112	1	1.88925	0	100	0.48	400
s_sd-dollar-nl	orig	1	1.89258	0	100	0.48	400
s_sd-dollar-nl	null	2	1.88560	0	100	0.48	400
s_sd-dollar-nl	rev	2	1.88560	0	100	0.48	400
s_sd-dollar-nl	orig@p16	2	1.88925	0	100	0.48	400
s_sd-dollar-nl	orig@p32	2	1.89291	0	100	0.48	400
s_sd-dollar-nl	orig@p48	2	1.93249	0	100	0.48	400
s_sd-dollar-nl	orig@p64	2	1.93582	0	100	0.48	400
s_sd-dollar-nl	orig@p80	2	1.94281	0	100	0.48	400
s_sd-dollar-nl	orig@p96	2	1.93582	0	100	0.48	400
s_sd-dollar-nl	orig@p112	2	1.88593	0	100	0.48	400
s_sd-dollar-nl	rev@p16	2	1.90023	0	100	0.48	400
s_sd-dollar-nl	rev@p32	2	1.88560	0	100	0.48	400
s_sd-dollar-nl	rev@p48	2	1.89291	0	100	0.48	400
s_sd-dollar-nl	rev@p64	2	1.88560	0	100	0.48	400
s_sd-dollar-nl	rev@p80	2	1.88925	0	100	0.48	400
s_sd-dollar-nl	rev@p96	2	1.88593	0	100	0.48	400
s_sd-dollar-nl	rev@p112	2	1.55365	0	100	0.48	400
s_sd-dollar-nl	orig	2	1.88194	0	100	0.48	400
s_sd-dollar-nl	orig2	2	1.88227	0	100	0.48	400
s_sd-dollar-nl	rev	3	1.88194	0	100	0.48	400
s_sd-dollar-nl	orig@p16	3	1.88560	0	100	0.48	400
s_sd-dollar-nl	orig@p32	3	1.88560	0	100	0.48	400
s_sd-dollar-nl	orig@p48	3	1.95711	0	100	0.48	400
s_sd-dollar-nl	orig@p64	3	1.93582	0	100	0.48	400
s_sd-dollar-nl	orig@p80	3	1.93582	0	100	0.48	400
s_sd-dollar-nl	orig@p96	3	1.93216	0	100	0.48	400
s_sd-dollar-nl	orig@p112	3	1.88593	0	100	0.48	400
s_sd-dollar-nl	rev@p16	3	1.88560	0	100	0.48	400
s_sd-dollar-nl	rev@p32	3	1.88925	0	100	0.48	400
s_sd-dollar-nl	rev@p48	3	1.88925	0	100	0.48	400
s_sd-dollar-nl	rev@p64	3	1.88593	0	100	0.48	400
s_sd-dollar-nl	rev@p80	3	1.88593	0	100	0.48	400
s_sd-dollar-nl	rev@p96	3	1.88925	0	100	0.48	400
s_sd-dollar-nl	rev@p112	3	1.88560	0	100	0.48	400
s_sd-dollar-nl	orig	3	1.88560	0	100	0.48	400
s_sd-dollar-nl	orig2	3	1.88560	0	100	0.48	400
s_sd-dollar-nl	null	3	1.89258	0	100	0.48	400
s_sd-dollar-nl	orig@p16	4	1.88593	0	100	0.48	400
s_sd-dollar-nl	orig@p32	4	1.88560	0	100	0.48	400
s_sd-dollar-nl	orig@p48	4	1.93549	0	100	0.48	400
s_sd-dollar-nl	orig@p64	4	1.93915	0	100	0.48	400
s_sd-dollar-nl	orig@p80	4	1.93582	0	100	0.48	400
s_sd-dollar-nl	orig@p96	4	1.93582	0	100	0.48	400
s_sd-dollar-nl	orig@p112	4	1.88560	0	100	0.48	400
s_sd-dollar-nl	rev@p16	4	1.88925	0	100	0.48	400
s_sd-dollar-nl	rev@p32	4	1.88227	0	100	0.48	400
s_sd-dollar-nl	rev@p48	4	1.88560	0	100	0.48	400
s_sd-dollar-nl	rev@p64	4	1.55365	0	100	0.48	400
s_sd-dollar-nl	rev@p80	4	3.88927	0	100	0.48	400
s_sd-dollar-nl	rev@p96	4	1.55365	0	100	0.48	400
s_sd-dollar-nl	rev@p112	4	3.89293	0	100	0.48	400
s_sd-dollar-nl	orig	4	1.55365	0	100	0.48	400
s_sd-dollar-nl	orig2	4	1.55365	0	100	0.48	400
s_sd-dollar-nl	null	4	3.88561	0	100	0.48	400
s_sd-dollar-nl	rev	4	1.88593	0	100	0.48	400
s_sd-dollar-nl	orig@p32	5	3.88195	0	100	0.48	400
s_sd-dollar-nl	orig@p48	5	1.99270	0	100	0.48	400
s_sd-dollar-nl	orig@p64	5	1.59289	0	100	0.48	400
s_sd-dollar-nl	orig@p80	5	1.72128	0	100	0.48	400
s_sd-dollar-nl	orig@p96	5	3.99637	0	100	0.48	400
s_sd-dollar-nl	orig@p112	5	1.94281	0	100	0.48	400
s_sd-dollar-nl	rev@p16	5	3.88195	0	100	0.48	400
s_sd-dollar-nl	rev@p32	5	1.93915	0	100	0.48	400
s_sd-dollar-nl	rev@p48	5	3.88561	0	100	0.48	400
s_sd-dollar-nl	rev@p64	5	3.87863	0	100	0.48	400
s_sd-dollar-nl	rev@p80	5	1.54999	0	100	0.48	400
s_sd-dollar-nl	rev@p96	5	1.55730	0	100	0.48	400
s_sd-dollar-nl	rev@p112	5	3.87497	0	100	0.48	400
s_sd-dollar-nl	orig	5	3.89625	0	100	0.48	400
s_sd-dollar-nl	orig2	5	3.88561	0	100	0.48	400
s_sd-dollar-nl	null	5	3.88561	0	100	0.48	400
s_sd-dollar-nl	rev	5	1.55365	0	100	0.48	400
s_sd-dollar-nl	orig@p16	5	1.54999	0	100	0.48	400
s_sd-dollar-nl	orig@p48	6	3.98573	0	100	0.48	400
s_sd-dollar-nl	orig@p64	6	3.98939	0	100	0.48	400
s_sd-dollar-nl	orig@p80	6	3.98573	0	100	0.48	400
s_sd-dollar-nl	orig@p96	6	3.99305	0	100	0.48	400
s_sd-dollar-nl	orig@p112	6	1.55365	0	100	0.48	400
s_sd-dollar-nl	rev@p16	6	1.55331	0	100	0.48	400
s_sd-dollar-nl	rev@p32	6	3.89625	0	100	0.48	400
s_sd-dollar-nl	rev@p48	6	3.88594	0	100	0.48	400
s_sd-dollar-nl	rev@p64	6	3.88228	0	100	0.48	400
s_sd-dollar-nl	rev@p80	6	3.88561	0	100	0.48	400
s_sd-dollar-nl	rev@p96	6	3.83572	0	100	0.48	400
s_sd-dollar-nl	rev@p112	6	3.87863	0	100	0.48	400
s_sd-dollar-nl	orig	6	3.83938	0	100	0.48	400
s_sd-dollar-nl	orig2	6	1.54999	0	100	0.48	400
s_sd-dollar-nl	null	6	3.86066	0	100	0.48	400
s_sd-dollar-nl	rev	6	3.87863	0	100	0.48	400
s_sd-dollar-nl	orig@p16	6	3.83239	0	100	0.48	400
s_sd-dollar-nl	orig@p32	6	3.88228	0	100	0.48	400
s_sd-dollar-nl	orig@p64	7	3.95047	0	100	0.48	400
s_sd-dollar-nl	orig@p80	7	3.98573	0	100	0.48	400
s_sd-dollar-nl	orig@p96	7	3.93916	0	100	0.48	400
s_sd-dollar-nl	orig@p112	7	1.55365	0	100	0.48	400
s_sd-dollar-nl	rev@p16	7	3.84270	0	100	0.48	400
s_sd-dollar-nl	rev@p32	7	3.88195	0	100	0.48	400
s_sd-dollar-nl	rev@p48	7	3.82840	0	100	0.48	400
s_sd-dollar-nl	rev@p64	7	3.88228	0	100	0.48	400
s_sd-dollar-nl	rev@p80	7	3.84270	0	100	0.48	400
s_sd-dollar-nl	rev@p96	7	1.88925	0	100	0.48	400
s_sd-dollar-nl	rev@p112	7	3.82507	0	100	0.48	400
s_sd-dollar-nl	orig	7	3.83938	0	100	0.48	400
s_sd-dollar-nl	orig2	7	4.16434	0	100	0.48	400
s_sd-dollar-nl	null	7	3.83206	0	100	0.48	400
s_sd-dollar-nl	rev	7	4.16434	0	100	0.48	400
s_sd-dollar-nl	orig@p16	7	3.82507	0	100	0.48	400
s_sd-dollar-nl	orig@p32	7	1.88925	0	100	0.48	400
s_sd-dollar-nl	orig@p48	7	3.93218	0	100	0.48	400
s_sd-dollar-nl	orig@p80	8	4.25714	0	100	0.48	400
s_sd-dollar-nl	orig@p96	8	3.93218	0	100	0.48	400
s_sd-dollar-nl	orig@p112	8	4.15337	0	100	0.48	400
s_sd-dollar-nl	rev@p16	8	3.83206	0	100	0.48	400
s_sd-dollar-nl	rev@p32	8	4.14638	0	100	0.48	400
s_sd-dollar-nl	rev@p48	8	3.84270	0	100	0.48	400
s_sd-dollar-nl	rev@p64	8	1.89291	0	100	0.48	400
s_sd-dollar-nl	rev@p80	8	3.83572	0	100	0.48	400
s_sd-dollar-nl	rev@p96	8	4.15736	0	100	0.48	400
s_sd-dollar-nl	rev@p112	8	3.82507	0	100	0.48	400
s_sd-dollar-nl	orig	8	4.14272	0	100	0.48	400
s_sd-dollar-nl	orig2	8	3.83938	0	100	0.48	400
s_sd-dollar-nl	null	8	1.88925	0	100	0.48	400
s_sd-dollar-nl	rev	8	3.83572	0	100	0.48	400
s_sd-dollar-nl	orig@p16	8	4.15370	0	100	0.48	400
s_sd-dollar-nl	orig@p32	8	3.82507	0	100	0.48	400
s_sd-dollar-nl	orig@p48	8	4.25714	0	100	0.48	400
s_sd-dollar-nl	orig@p64	8	3.93550	0	100	0.48	400
s_sd-dollar-nl	orig@p96	9	1.93216	0	100	0.48	400
s_sd-dollar-nl	orig@p112	9	3.82840	0	100	0.48	400
s_sd-dollar-nl	rev@p16	9	4.14638	0	100	0.48	400
s_sd-dollar-nl	rev@p32	9	3.82840	0	100	0.48	400
s_sd-dollar-nl	rev@p48	9	4.14638	0	100	0.48	400
s_sd-dollar-nl	rev@p64	9	3.83206	0	100	0.48	400
s_sd-dollar-nl	rev@p80	9	1.88925	0	100	0.48	400
s_sd-dollar-nl	rev@p96	9	3.82873	0	100	0.48	400
s_sd-dollar-nl	rev@p112	9	4.15403	0	100	0.48	400
s_sd-dollar-nl	orig	9	3.84636	0	100	0.48	400
s_sd-dollar-nl	orig2	9	1.88560	0	100	0.48	400
s_sd-dollar-nl	null	9	3.83239	0	100	0.48	400
s_sd-dollar-nl	rev	9	1.89291	0	100	0.48	400
s_sd-dollar-nl	orig@p16	9	3.83572	0	100	0.48	400
s_sd-dollar-nl	orig@p32	9	1.88925	0	100	0.48	400
s_sd-dollar-nl	orig@p48	9	3.93218	0	100	0.48	400
s_sd-dollar-nl	orig@p64	9	3.92852	0	100	0.48	400
s_sd-dollar-nl	orig@p80	9	4.26413	0	100	0.48	400
s_sd-dollar-nl	orig@p112	10	3.83206	0	100	0.48	400
s_sd-dollar-nl	rev@p16	10	1.88593	0	100	0.48	400
s_sd-dollar-nl	rev@p32	10	3.83206	0	100	0.48	400
s_sd-dollar-nl	rev@p48	10	1.88925	0	100	0.48	400
s_sd-dollar-nl	rev@p64	10	3.83904	0	100	0.48	400
s_sd-dollar-nl	rev@p80	10	4.15337	0	100	0.48	400
s_sd-dollar-nl	rev@p96	10	3.83572	0	100	0.48	400
s_sd-dollar-nl	rev@p112	10	1.88925	0	100	0.48	400
s_sd-dollar-nl	orig	10	3.83206	0	100	0.48	400
s_sd-dollar-nl	orig2	10	1.88593	0	100	0.48	400
s_sd-dollar-nl	null	10	4.15370	0	100	0.48	400
s_sd-dollar-nl	rev	10	12.59647	0	100	0.48	400
s_sd-dollar-nl	orig@p16	10	4.15004	0	100	0.48	400
s_sd-dollar-nl	orig@p32	10	3.83206	0	100	0.48	400
s_sd-dollar-nl	orig@p48	10	1.93216	0	100	0.48	400
s_sd-dollar-nl	orig@p64	10	3.92852	0	100	0.48	400
s_sd-dollar-nl	orig@p80	10	4.25382	0	100	0.48	400
s_sd-dollar-nl	orig@p96	10	3.92852	0	100	0.48	400
s_sd-empty-alt-hit	orig	0	0.45245	0	100	0.48	400
s_sd-empty-alt-hit	orig2	0	0.45162	0	100	0.48	400
s_sd-empty-alt-hit	null	0	0.45203	0	100	0.48	400
s_sd-empty-alt-hit	rev	0	0.22829	0	100	0.48	400
s_sd-empty-alt-hit	orig@p16	0	0.45860	0	100	0.48	400
s_sd-empty-alt-hit	orig@p32	0	0.45944	0	100	0.48	400
s_sd-empty-alt-hit	orig@p48	0	0.19222	0	100	0.48	400
s_sd-empty-alt-hit	orig@p64	0	0.18813	0	100	0.48	400
s_sd-empty-alt-hit	orig@p80	0	0.48158	0	100	0.48	400
s_sd-empty-alt-hit	orig@p96	0	0.19264	0	100	0.48	400
s_sd-empty-alt-hit	orig@p112	0	0.49467	0	100	0.48	400
s_sd-empty-alt-hit	rev@p16	0	0.18932	0	100	0.48	400
s_sd-empty-alt-hit	rev@p32	0	0.46967	0	100	0.48	400
s_sd-empty-alt-hit	rev@p48	0	0.18321	0	100	0.48	400
s_sd-empty-alt-hit	rev@p64	0	0.45822	0	100	0.48	400
s_sd-empty-alt-hit	rev@p80	0	0.45944	0	100	0.48	400
s_sd-empty-alt-hit	rev@p96	0	0.18401	0	100	0.48	400
s_sd-empty-alt-hit	rev@p112	0	0.45818	0	100	0.48	400
s_sd-empty-alt-hit	orig2	1	0.18317	0	100	0.48	400
s_sd-empty-alt-hit	null	1	0.45902	0	100	0.48	400
s_sd-empty-alt-hit	rev	1	0.47131	0	100	0.48	400
s_sd-empty-alt-hit	orig@p16	1	0.18321	0	100	0.48	400
s_sd-empty-alt-hit	orig@p32	1	0.45822	0	100	0.48	400
s_sd-empty-alt-hit	orig@p48	1	0.48158	0	100	0.48	400
s_sd-empty-alt-hit	orig@p64	1	0.48074	0	100	0.48	400
s_sd-empty-alt-hit	orig@p80	1	0.19264	0	100	0.48	400
s_sd-empty-alt-hit	orig@p96	1	0.48116	0	100	0.48	400
s_sd-empty-alt-hit	orig@p112	1	0.49303	0	100	0.48	400
s_sd-empty-alt-hit	rev@p16	1	0.18813	0	100	0.48	400
s_sd-empty-alt-hit	rev@p32	1	0.46929	0	100	0.48	400
s_sd-empty-alt-hit	rev@p48	1	0.18321	0	100	0.48	400
s_sd-empty-alt-hit	rev@p64	1	0.45818	0	100	0.48	400
s_sd-empty-alt-hit	rev@p80	1	0.18359	0	100	0.48	400
s_sd-empty-alt-hit	rev@p96	1	0.45860	0	100	0.48	400
s_sd-empty-alt-hit	rev@p112	1	0.45860	0	100	0.48	400
s_sd-empty-alt-hit	orig	1	0.18321	0	100	0.48	400
s_sd-empty-alt-hit	null	2	0.45860	0	100	0.48	400
s_sd-empty-alt-hit	rev	2	0.47093	0	100	0.48	400
s_sd-empty-alt-hit	orig@p16	2	0.18321	0	100	0.48	400
s_sd-empty-alt-hit	orig@p32	2	0.46150	0	100	0.48	400
s_sd-empty-alt-hit	orig@p48	2	0.19222	0	100	0.48	400
s_sd-empty-alt-hit	orig@p64	2	0.19260	0	100	0.48	400
s_sd-empty-alt-hit	orig@p80	2	0.19260	0	100	0.48	400
s_sd-empty-alt-hit	orig@p96	2	0.50123	0	100	0.48	400
s_sd-empty-alt-hit	orig@p112	2	0.19710	0	100	0.48	400
s_sd-empty-alt-hit	rev@p16	2	0.18771	0	100	0.48	400
s_sd-empty-alt-hit	rev@p32	2	0.18771	0	100	0.48	400
s_sd-empty-alt-hit	rev@p48	2	0.18359	0	100	0.48	400
s_sd-empty-alt-hit	rev@p64	2	0.18321	0	100	0.48	400
s_sd-empty-alt-hit	rev@p80	2	0.18321	0	100	0.48	400
s_sd-empty-alt-hit	rev@p96	2	0.18317	0	100	0.48	400
s_sd-empty-alt-hit	rev@p112	2	0.18279	0	100	0.48	400
s_sd-empty-alt-hit	orig	2	0.18359	0	100	0.48	400
s_sd-empty-alt-hit	orig2	2	0.18321	0	100	0.48	400
s_sd-empty-alt-hit	rev	3	0.18810	0	100	0.48	400
s_sd-empty-alt-hit	orig@p16	3	0.18317	0	100	0.48	400
s_sd-empty-alt-hit	orig@p32	3	0.18279	0	100	0.48	400
s_sd-empty-alt-hit	orig@p48	3	0.19260	0	100	0.48	400
s_sd-empty-alt-hit	orig@p64	3	0.19264	0	100	0.48	400
s_sd-empty-alt-hit	orig@p80	3	0.19264	0	100	0.48	400
s_sd-empty-alt-hit	orig@p96	3	0.19302	0	100	0.48	400
s_sd-empty-alt-hit	orig@p112	3	0.19798	0	100	0.48	400
s_sd-empty-alt-hit	rev@p16	3	0.18852	0	100	0.48	400
s_sd-empty-alt-hit	rev@p32	3	0.18810	0	100	0.48	400
s_sd-empty-alt-hit	rev@p48	3	0.18321	0	100	0.48	400
s_sd-empty-alt-hit	rev@p64	3	0.18321	0	100	0.48	400
s_sd-empty-alt-hit	rev@p80	3	0.18321	0	100	0.48	400
s_sd-empty-alt-hit	rev@p96	3	0.18359	0	100	0.48	400
s_sd-empty-alt-hit	rev@p112	3	0.18321	0	100	0.48	400
s_sd-empty-alt-hit	orig	3	0.18317	0	100	0.48	400
s_sd-empty-alt-hit	orig2	3	0.18401	0	100	0.48	400
s_sd-empty-alt-hit	null	3	0.18321	0	100	0.48	400
s_sd-empty-alt-hit	orig@p16	4	0.18359	0	100	0.48	400
s_sd-empty-alt-hit	orig@p32	4	0.18279	0	100	0.48	400
s_sd-empty-alt-hit	orig@p48	4	0.19260	0	100	0.48	400
s_sd-empty-alt-hit	orig@p64	4	0.19260	0	100	0.48	400
s_sd-empty-alt-hit	orig@p80	4	0.19218	0	100	0.48	400
s_sd-empty-alt-hit	orig@p96	4	0.18813	0	100	0.48	400
s_sd-empty-alt-hit	orig@p112	4	0.19760	0	100	0.48	400
s_sd-empty-alt-hit	rev@p16	4	0.18810	0	100	0.48	400
s_sd-empty-alt-hit	rev@p32	4	0.18771	0	100	0.48	400
s_sd-empty-alt-hit	rev@p48	4	0.18321	0	100	0.48	400
s_sd-empty-alt-hit	rev@p64	4	0.45902	0	100	0.48	400
s_sd-empty-alt-hit	rev@p80	4	0.45780	0	100	0.48	400
s_sd-empty-alt-hit	rev@p96	4	0.18401	0	100	0.48	400
s_sd-empty-alt-hit	rev@p112	4	0.18321	0	100	0.48	400
s_sd-empty-alt-hit	orig	4	0.45738	0	100	0.48	400
s_sd-empty-alt-hit	orig2	4	0.45738	0	100	0.48	400
s_sd-empty-alt-hit	null	4	0.45826	0	100	0.48	400
s_sd-empty-alt-hit	rev	4	0.19302	0	100	0.48	400
s_sd-empty-alt-hit	orig@p32	5	0.18481	0	100	0.48	400
s_sd-empty-alt-hit	orig@p48	5	0.48158	0	100	0.48	400
s_sd-empty-alt-hit	orig@p64	5	0.48158	0	100	0.48	400
s_sd-empty-alt-hit	orig@p80	5	0.19264	0	100	0.48	400
s_sd-empty-alt-hit	orig@p96	5	0.48276	0	100	0.48	400
s_sd-empty-alt-hit	orig@p112	5	0.19752	0	100	0.48	400
s_sd-empty-alt-hit	rev@p16	5	0.18852	0	100	0.48	400
s_sd-empty-alt-hit	rev@p32	5	0.18771	0	100	0.48	400
s_sd-empty-alt-hit	rev@p48	5	0.45982	0	100	0.48	400
s_sd-empty-alt-hit	rev@p64	5	0.45818	0	100	0.48	400
s_sd-empty-alt-hit	rev@p80	5	0.45818	0	100	0.48	400
s_sd-empty-alt-hit	rev@p96	5	0.18317	0	100	0.48	400
s_sd-empty-alt-hit	rev@p112	5	0.18359	0	100	0.48	400
s_sd-empty-alt-hit	orig	5	0.18317	0	100	0.48	400
s_sd-empty-alt-hit	orig2	5	0.45780	0	100	0.48	400
s_sd-empty-alt-hit	null	5	0.18359	0	100	0.48	400
s_sd-empty-alt-hit	rev	5	0.18810	0	100	0.48	400
s_sd-empty-alt-hit	orig@p16	5	0.45940	0	100	0.48	400
s_sd-empty-alt-hit	orig@p48	6	0.19424	0	100	0.48	400
s_sd-empty-alt-hit	orig@p64	6	0.19222	0	100	0.48	400
s_sd-empty-alt-hit	orig@p80	6	0.48196	0	100	0.48	400
s_sd-empty-alt-hit	orig@p96	6	0.19264	0	100	0.48	400
s_sd-empty-alt-hit	orig@p112	6	0.19760	0	100	0.48	400
s_sd-empty-alt-hit	rev@p16	6	0.47009	0	100	0.48	400
s_sd-empty-alt-hit	rev@p32	6	0.46967	0	100	0.48	400
s_sd-empty-alt-hit	rev@p48	6	0.18321	0	100	0.48	400
s_sd-empty-alt-hit	rev@p64	6	0.45738	0	100	0.48	400
s_sd-empty-alt-hit	rev@p80	6	0.18317	0	100	0.48	400
s_sd-empty-alt-hit	rev@p96	6	0.18321	0	100	0.48	400
s_sd-empty-alt-hit	rev@p112	6	0.45738	0	100	0.48	400
s_sd-empty-alt-hit	orig	6	0.45822	0	100	0.48	400
s_sd-empty-alt-hit	orig2	6	0.18359	0	100	0.48	400
s_sd-empty-alt-hit	null	6	0.45818	0	100	0.48	400
s_sd-empty-alt-hit	rev	6	0.18810	0	100	0.48	400
s_sd-empty-alt-hit	orig@p16	6	0.18321	0	100	0.48	400
s_sd-empty-alt-hit	orig@p32	6	0.45902	0	100	0.48	400
s_sd-empty-alt-hit	orig@p64	7	0.48196	0	100	0.48	400
s_sd-empty-alt-hit	orig@p80	7	0.19260	0	100	0.48	400
s_sd-empty-alt-hit	orig@p96	7	0.48158	0	100	0.48	400
s_sd-empty-alt-hit	orig@p112	7	0.19878	0	100	0.48	400
s_sd-empty-alt-hit	rev@p16	7	0.18974	0	100	0.48	400
s_sd-empty-alt-hit	rev@p32	7	0.47009	0	100	0.48	400
s_sd-empty-alt-hit	rev@p48	7	0.45776	0	100	0.48	400
s_sd-empty-alt-hit	rev@p64	7	0.18321	0	100	0.48	400
s_sd-empty-alt-hit	rev@p80	7	0.45898	0	100	0.48	400
s_sd-empty-alt-hit	rev@p96	7	0.18321	0	100	0.48	400
s_sd-empty-alt-hit	rev@p112	7	0.45371	0	100	0.48	400
s_sd-empty-alt-hit	orig	7	0.18321	0	100	0.48	400
s_sd-empty-alt-hit	orig2	7	0.45207	0	100	0.48	400
s_sd-empty-alt-hit	null	7	0.18321	0	100	0.48	400
s_sd-empty-alt-hit	rev	7	0.46394	0	100	0.48	400
s_sd-empty-alt-hit	orig@p16	7	0.45864	0	100	0.48	400
s_sd-empty-alt-hit	orig@p32	7	0.45245	0	100	0.48	400
s_sd-empty-alt-hit	orig@p48	7	0.19264	0	100	0.48	400
s_sd-empty-alt-hit	orig@p80	8	0.47459	0	100	0.48	400
s_sd-empty-alt-hit	orig@p96	8	0.19260	0	100	0.48	400
s_sd-empty-alt-hit	orig@p112	8	0.48810	0	100	0.48	400
s_sd-empty-alt-hit	rev@p16	8	0.18813	0	100	0.48	400
s_sd-empty-alt-hit	rev@p32	8	0.46394	0	100	0.48	400
s_sd-empty-alt-hit	rev@p48	8	0.45780	0	100	0.48	400
s_sd-empty-alt-hit	rev@p64	8	0.45165	0	100	0.48	400
s_sd-empty-alt-hit	rev@p80	8	0.18363	0	100	0.48	400
s_sd-empty-alt-hit	rev@p96	8	0.45329	0	100	0.48	400
s_sd-empty-alt-hit	rev@p112	8	0.18363	0	100	0.48	400
s_sd-empty-alt-hit	orig	8	0.45284	0	100	0.48	400
s_sd-empty-alt-hit	orig2	8	0.45898	0	100	0.48	400
s_sd-empty-alt-hit	null	8	0.45245	0	100	0.48	400
s_sd-empty-alt-hit	rev	8	0.18771	0	100	0.48	400
s_sd-empty-alt-hit	orig@p16	8	0.45207	0	100	0.48	400
s_sd-empty-alt-hit	orig@p32	8	0.18359	0	100	0.48	400
s_sd-empty-alt-hit	orig@p48	8	0.47539	0	100	0.48	400
s_sd-empty-alt-hit	orig@p64	8	0.48112	0	100	0.48	400
s_sd-empty-alt-hit	orig@p96	9	0.47539	0	100	0.48	400
s_sd-empty-alt-hit	orig@p112	9	0.19752	0	100	0.48	400
s_sd-empty-alt-hit	rev@p16	9	0.46433	0	100	0.48	400
s_sd-empty-alt-hit	rev@p32	9	0.18771	0	100	0.48	400
s_sd-empty-alt-hit	rev@p48	9	0.45368	0	100	0.48	400
s_sd-empty-alt-hit	rev@p64	9	0.18317	0	100	0.48	400
s_sd-empty-alt-hit	rev@p80	9	0.45287	0	100	0.48	400
s_sd-empty-alt-hit	rev@p96	9	0.45780	0	100	0.48	400
s_sd-empty-alt-hit	rev@p112	9	0.45490	0	100	0.48	400
s_sd-empty-alt-hit	orig	9	0.18321	0	100	0.48	400
s_sd-empty-alt-hit	orig2	9	0.45245	0	100	0.48	400
s_sd-empty-alt-hit	null	9	0.60734	0	100	0.48	400
s_sd-empty-alt-hit	rev	9	0.46310	0	100	0.48	400
s_sd-empty-alt-hit	orig@p16	9	0.45822	0	100	0.48	400
s_sd-empty-alt-hit	orig@p32	9	0.45162	0	100	0.48	400
s_sd-empty-alt-hit	orig@p48	9	0.19264	0	100	0.48	400
s_sd-empty-alt-hit	orig@p64	9	0.48074	0	100	0.48	400
s_sd-empty-alt-hit	orig@p80	9	0.18810	0	100	0.48	400
s_sd-empty-alt-hit	orig@p112	10	0.48936	0	100	0.48	400
s_sd-empty-alt-hit	rev@p16	10	0.47131	0	100	0.48	400
s_sd-empty-alt-hit	rev@p32	10	0.46475	0	100	0.48	400
s_sd-empty-alt-hit	rev@p48	10	0.47131	0	100	0.48	400
s_sd-empty-alt-hit	rev@p64	10	0.45287	0	100	0.48	400
s_sd-empty-alt-hit	rev@p80	10	0.18321	0	100	0.48	400
s_sd-empty-alt-hit	rev@p96	10	0.45203	0	100	0.48	400
s_sd-empty-alt-hit	rev@p112	10	0.45287	0	100	0.48	400
s_sd-empty-alt-hit	orig	10	0.45860	0	100	0.48	400
s_sd-empty-alt-hit	orig2	10	0.45245	0	100	0.48	400
s_sd-empty-alt-hit	null	10	0.40944	0	100	0.48	400
s_sd-empty-alt-hit	rev	10	0.46356	0	100	0.48	400
s_sd-empty-alt-hit	orig@p16	10	0.45944	0	100	0.48	400
s_sd-empty-alt-hit	orig@p32	10	1.18362	0	100	0.48	400
s_sd-empty-alt-hit	orig@p48	10	0.19264	0	100	0.48	400
s_sd-empty-alt-hit	orig@p64	10	0.47501	0	100	0.48	400
s_sd-empty-alt-hit	orig@p80	10	0.48112	0	100	0.48	400
s_sd-empty-alt-hit	orig@p96	10	0.47501	0	100	0.48	400
s_sd-empty-alt-miss	orig	0	0.45957	0	100	0.48	400
s_sd-empty-alt-miss	orig2	0	0.46543	0	100	0.48	400
s_sd-empty-alt-miss	null	0	0.46132	0	100	0.48	400
s_sd-empty-alt-miss	rev	0	0.19084	0	100	0.48	400
s_sd-empty-alt-miss	orig@p16	0	0.45957	0	100	0.48	400
s_sd-empty-alt-miss	orig@p32	0	0.18665	0	100	0.48	400
s_sd-empty-alt-miss	orig@p48	0	0.48374	0	100	0.48	400
s_sd-empty-alt-miss	orig@p64	0	0.19628	0	100	0.48	400
s_sd-empty-alt-miss	orig@p80	0	0.19585	0	100	0.48	400
s_sd-empty-alt-miss	orig@p96	0	0.19538	0	100	0.48	400
s_sd-empty-alt-miss	orig@p112	0	0.20082	0	100	0.48	400
s_sd-empty-alt-miss	rev@p16	0	0.19080	0	100	0.48	400
s_sd-empty-alt-miss	rev@p32	0	0.19123	0	100	0.48	400
s_sd-empty-alt-miss	rev@p48	0	0.18623	0	100	0.48	400
s_sd-empty-alt-miss	rev@p64	0	0.18626	0	100	0.48	400
s_sd-empty-alt-miss	rev@p80	0	0.18669	0	100	0.48	400
s_sd-empty-alt-miss	rev@p96	0	0.18584	0	100	0.48	400
s_sd-empty-alt-miss	rev@p112	0	0.18665	0	100	0.48	400
s_sd-empty-alt-miss	orig2	1	0.18665	0	100	0.48	400
s_sd-empty-alt-miss	null	1	0.18626	0	100	0.48	400
s_sd-empty-alt-miss	rev	1	0.19084	0	100	0.48	400
s_sd-empty-alt-miss	orig@p16	1	0.18584	0	100	0.48	400
s_sd-empty-alt-miss	orig@p32	1	0.18626	0	100	0.48	400
s_sd-empty-alt-miss	orig@p48	1	0.19585	0	100	0.48	400
s_sd-empty-alt-miss	orig@p64	1	0.19127	0	100	0.48	400
s_sd-empty-alt-miss	orig@p80	1	0.19581	0	100	0.48	400
s_sd-empty-alt-miss	orig@p96	1	0.19581	0	100	0.48	400
s_sd-empty-alt-miss	orig@p112	1	0.20124	0	100	0.48	400
s_sd-empty-alt-miss	rev@p16	1	0.19123	0	100	0.48	400
s_sd-empty-alt-miss	rev@p32	1	0.47707	0	100	0.48	400
s_sd-empty-alt-miss	rev@p48	1	0.18669	0	100	0.48	400
s_sd-empty-alt-miss	rev@p64	1	0.46582	0	100	0.48	400
s_sd-empty-alt-miss	rev@p80	1	0.18712	0	100	0.48	400
s_sd-empty-alt-miss	rev@p96	1	0.18626	0	100	0.48	400
s_sd-empty-alt-miss	rev@p112	1	0.18665	0	100	0.48	400
s_sd-empty-alt-miss	orig	1	0.46752	0	100	0.48	400
s_sd-empty-alt-miss	null	2	0.18712	0	100	0.48	400
s_sd-empty-alt-miss	rev	2	0.19123	0	100	0.48	400
s_sd-empty-alt-miss	orig@p16	2	0.18626	0	100	0.48	400
s_sd-empty-alt-miss	orig@p32	2	0.18626	0	100	0.48	400
s_sd-empty-alt-miss	orig@p48	2	0.48960	0	100	0.48	400
s_sd-empty-alt-miss	orig@p64	2	0.19084	0	100	0.48	400
s_sd-empty-alt-miss	orig@p80	2	0.19080	0	100	0.48	400
s_sd-empty-alt-miss	orig@p96	2	0.19585	0	100	0.48	400
s_sd-empty-alt-miss	orig@p112	2	0.49504	0	100	0.48	400
s_sd-empty-alt-miss	rev@p16	2	0.47082	0	100	0.48	400
s_sd-empty-alt-miss	rev@p32	2	0.47125	0	100	0.48	400
s_sd-empty-alt-miss	rev@p48	2	0.46042	0	100	0.48	400
s_sd-empty-alt-miss	rev@p64	2	0.45957	0	100	0.48	400
s_sd-empty-alt-miss	rev@p80	2	0.46000	0	100	0.48	400
s_sd-empty-alt-miss	rev@p96	2	0.46124	0	100	0.48	400
s_sd-empty-alt-miss	rev@p112	2	0.92833	0	100	0.48	400
s_sd-empty-alt-miss	orig	2	0.45957	0	100	0.48	400
s_sd-empty-alt-miss	orig2	2	0.46003	0	100	0.48	400
s_sd-empty-alt-miss	rev	3	0.47206	0	100	0.48	400
s_sd-empty-alt-miss	orig@p16	3	0.46042	0	100	0.48	400
s_sd-empty-alt-miss	orig@p32	3	0.45957	0	100	0.48	400
s_sd-empty-alt-miss	orig@p48	3	0.47249	0	100	0.48	400
s_sd-empty-alt-miss	orig@p64	3	0.48374	0	100	0.48	400
s_sd-empty-alt-miss	orig@p80	3	0.48332	0	100	0.48	400
s_sd-empty-alt-miss	orig@p96	3	0.47082	0	100	0.48	400
s_sd-empty-alt-miss	orig@p112	3	0.49667	0	100	0.48	400
s_sd-empty-alt-miss	rev@p16	3	0.47164	0	100	0.48	400
s_sd-empty-alt-miss	rev@p32	3	0.47206	0	100	0.48	400
s_sd-empty-alt-miss	rev@p48	3	0.46000	0	100	0.48	400
s_sd-empty-alt-miss	rev@p64	3	0.47210	0	100	0.48	400
s_sd-empty-alt-miss	rev@p80	3	0.45957	0	100	0.48	400
s_sd-empty-alt-miss	rev@p96	3	0.60874	0	100	0.48	400
s_sd-empty-alt-miss	rev@p112	3	0.46081	0	100	0.48	400
s_sd-empty-alt-miss	orig	3	0.45957	0	100	0.48	400
s_sd-empty-alt-miss	orig2	3	0.45957	0	100	0.48	400
s_sd-empty-alt-miss	null	3	0.46000	0	100	0.48	400
s_sd-empty-alt-miss	orig@p16	4	0.46000	0	100	0.48	400
s_sd-empty-alt-miss	orig@p32	4	0.45961	0	100	0.48	400
s_sd-empty-alt-miss	orig@p48	4	0.48332	0	100	0.48	400
s_sd-empty-alt-miss	orig@p64	4	0.48289	0	100	0.48	400
s_sd-empty-alt-miss	orig@p80	4	0.48336	0	100	0.48	400
s_sd-empty-alt-miss	orig@p96	4	0.48374	0	100	0.48	400
s_sd-empty-alt-miss	orig@p112	4	0.49500	0	100	0.48	400
s_sd-empty-alt-miss	rev@p16	4	0.47253	0	100	0.48	400
s_sd-empty-alt-miss	rev@p32	4	0.47249	0	100	0.48	400
s_sd-empty-alt-miss	rev@p48	4	0.46000	0	100	0.48	400
s_sd-empty-alt-miss	rev@p64	4	0.46124	0	100	0.48	400
s_sd-empty-alt-miss	rev@p80	4	0.45961	0	100	0.48	400
s_sd-empty-alt-miss	rev@p96	4	0.45957	0	100	0.48	400
s_sd-empty-alt-miss	rev@p112	4	0.46042	0	100	0.48	400
s_sd-empty-alt-miss	orig	4	0.49713	0	100	0.48	400
s_sd-empty-alt-miss	orig2	4	0.46000	0	100	0.48	400
s_sd-empty-alt-miss	null	4	0.51207	0	100	0.48	400
s_sd-empty-alt-miss	rev	4	0.47210	0	100	0.48	400
s_sd-empty-alt-miss	orig@p32	5	0.18626	0	100	0.48	400
s_sd-empty-alt-miss	orig@p48	5	0.48208	0	100	0.48	400
s_sd-empty-alt-miss	orig@p64	5	0.19585	0	100	0.48	400
s_sd-empty-alt-miss	orig@p80	5	0.48374	0	100	0.48	400
s_sd-empty-alt-miss	orig@p96	5	0.48918	0	100	0.48	400
s_sd-empty-alt-miss	orig@p112	5	0.49539	0	100	0.48	400
s_sd-empty-alt-miss	rev@p16	5	0.48002	0	100	0.48	400
s_sd-empty-alt-miss	rev@p32	5	0.47206	0	100	0.48	400
s_sd-empty-alt-miss	rev@p48	5	0.18832	0	100	0.48	400
s_sd-empty-alt-miss	rev@p64	5	0.45957	0	100	0.48	400
s_sd-empty-alt-miss	rev@p80	5	0.46667	0	100	0.48	400
s_sd-empty-alt-miss	rev@p96	5	1.43959	0	100	0.48	400
s_sd-empty-alt-miss	rev@p112	5	0.46586	0	100	0.48	400
s_sd-empty-alt-miss	orig	5	0.45961	0	100	0.48	400
s_sd-empty-alt-miss	orig2	5	0.45957	0	100	0.48	400
s_sd-empty-alt-miss	null	5	0.40877	0	100	0.48	400
s_sd-empty-alt-miss	rev	5	0.41836	0	100	0.48	400
s_sd-empty-alt-miss	orig@p16	5	0.40998	0	100	0.48	400
s_sd-empty-alt-miss	orig@p48	6	0.42918	0	100	0.48	400
s_sd-empty-alt-miss	orig@p64	6	0.42957	0	100	0.48	400
s_sd-empty-alt-miss	orig@p80	6	0.43000	0	100	0.48	400
s_sd-empty-alt-miss	orig@p96	6	0.41999	0	100	0.48	400
s_sd-empty-alt-miss	orig@p112	6	0.44040	0	100	0.48	400
s_sd-empty-alt-miss	rev@p16	6	0.41960	0	100	0.48	400
s_sd-empty-alt-miss	rev@p32	6	0.41913	0	100	0.48	400
s_sd-empty-alt-miss	rev@p48	6	0.40873	0	100	0.48	400
s_sd-empty-alt-miss	rev@p64	6	0.40881	0	100	0.48	400
s_sd-empty-alt-miss	rev@p80	6	0.40835	0	100	0.48	400
s_sd-empty-alt-miss	rev@p96	6	0.40877	0	100	0.48	400
s_sd-empty-alt-miss	rev@p112	6	1.35915	0	100	0.48	400
s_sd-empty-alt-miss	orig	6	0.40796	0	100	0.48	400
s_sd-empty-alt-miss	orig2	6	0.40916	0	100	0.48	400
s_sd-empty-alt-miss	null	6	0.40835	0	100	0.48	400
s_sd-empty-alt-miss	rev	6	0.41878	0	100	0.48	400
s_sd-empty-alt-miss	orig@p16	6	0.41044	0	100	0.48	400
s_sd-empty-alt-miss	orig@p32	6	0.40873	0	100	0.48	400
s_sd-empty-alt-miss	orig@p64	7	0.42961	0	100	0.48	400
s_sd-empty-alt-miss	orig@p80	7	0.42041	0	100	0.48	400
s_sd-empty-alt-miss	orig@p96	7	0.42961	0	100	0.48	400
s_sd-empty-alt-miss	orig@p112	7	0.44001	0	100	0.48	400
s_sd-empty-alt-miss	rev@p16	7	0.41832	0	100	0.48	400
s_sd-empty-alt-miss	rev@p32	7	0.41999	0	100	0.48	400
s_sd-empty-alt-miss	rev@p48	7	0.40788	0	100	0.48	400
s_sd-empty-alt-miss	rev@p64	7	0.40835	0	100	0.48	400
s_sd-empty-alt-miss	rev@p80	7	0.40916	0	100	0.48	400
s_sd-empty-alt-miss	rev@p96	7	0.40835	0	100	0.48	400
s_sd-empty-alt-miss	rev@p112	7	0.40792	0	100	0.48	400
s_sd-empty-alt-miss	orig	7	0.40877	0	100	0.48	400
s_sd-empty-alt-miss	orig2	7	0.40963	0	100	0.48	400
s_sd-empty-alt-miss	null	7	0.40873	0	100	0.48	400
s_sd-empty-alt-miss	rev	7	0.41875	0	100	0.48	400
s_sd-empty-alt-miss	orig@p16	7	0.40877	0	100	0.48	400
s_sd-empty-alt-miss	orig@p32	7	0.40877	0	100	0.48	400
s_sd-empty-alt-miss	orig@p48	7	0.41960	0	100	0.48	400
s_sd-empty-alt-miss	orig@p80	8	0.43081	0	100	0.48	400
s_sd-empty-alt-miss	orig@p96	8	0.42003	0	100	0.48	400
s_sd-empty-alt-miss	orig@p112	8	0.44001	0	100	0.48	400
s_sd-empty-alt-miss	rev@p16	8	0.41875	0	100	0.48	400
s_sd-empty-alt-miss	rev@p32	8	0.41960	0	100	0.48	400
s_sd-empty-alt-miss	rev@p48	8	0.40873	0	100	0.48	400
s_sd-empty-alt-miss	rev@p64	8	0.40916	0	100	0.48	400
s_sd-empty-alt-miss	rev@p80	8	0.40916	0	100	0.48	400
s_sd-empty-alt-miss	rev@p96	8	0.40916	0	100	0.48	400
s_sd-empty-alt-miss	rev@p112	8	0.74087	0	100	0.48	400
s_sd-empty-alt-miss	orig	8	0.40835	0	100	0.48	400
s_sd-empty-alt-miss	orig2	8	0.40920	0	100	0.48	400
s_sd-empty-alt-miss	null	8	0.40873	0	100	0.48	400
s_sd-empty-alt-miss	rev	8	0.41917	0	100	0.48	400
s_sd-empty-alt-miss	orig@p16	8	0.40877	0	100	0.48	400
s_sd-empty-alt-miss	orig@p32	8	0.40873	0	100	0.48	400
s_sd-empty-alt-miss	orig@p48	8	0.42957	0	100	0.48	400
s_sd-empty-alt-miss	orig@p64	8	0.42957	0	100	0.48	400
s_sd-empty-alt-miss	orig@p96	9	0.42915	0	100	0.48	400
s_sd-empty-alt-miss	orig@p112	9	0.44001	0	100	0.48	400
s_sd-empty-alt-miss	rev@p16	9	0.41875	0	100	0.48	400
s_sd-empty-alt-miss	rev@p32	9	0.41875	0	100	0.48	400
s_sd-empty-alt-miss	rev@p48	9	0.40959	0	100	0.48	400
s_sd-empty-alt-miss	rev@p64	9	0.40873	0	100	0.48	400
s_sd-empty-alt-miss	rev@p80	9	0.40873	0	100	0.48	400
s_sd-empty-alt-miss	rev@p96	9	0.40835	0	100	0.48	400
s_sd-empty-alt-miss	rev@p112	9	0.40835	0	100	0.48	400
s_sd-empty-alt-miss	orig	9	0.40873	0	100	0.48	400
s_sd-empty-alt-miss	orig2	9	0.40835	0	100	0.48	400
s_sd-empty-alt-miss	null	9	0.40873	0	100	0.48	400
s_sd-empty-alt-miss	rev	9	0.43128	0	100	0.48	400
s_sd-empty-alt-miss	orig@p16	9	0.40835	0	100	0.48	400
s_sd-empty-alt-miss	orig@p32	9	0.40831	0	100	0.48	400
s_sd-empty-alt-miss	orig@p48	9	0.42957	0	100	0.48	400
s_sd-empty-alt-miss	orig@p64	9	0.42915	0	100	0.48	400
s_sd-empty-alt-miss	orig@p80	9	0.41999	0	100	0.48	400
s_sd-empty-alt-miss	orig@p112	10	0.43997	0	100	0.48	400
s_sd-empty-alt-miss	rev@p16	10	0.41917	0	100	0.48	400
s_sd-empty-alt-miss	rev@p32	10	0.41793	0	100	0.48	400
s_sd-empty-alt-miss	rev@p48	10	0.40877	0	100	0.48	400
s_sd-empty-alt-miss	rev@p64	10	0.40959	0	100	0.48	400
s_sd-empty-alt-miss	rev@p80	10	0.40835	0	100	0.48	400
s_sd-empty-alt-miss	rev@p96	10	0.40959	0	100	0.48	400
s_sd-empty-alt-miss	rev@p112	10	0.56291	0	100	0.48	400
s_sd-empty-alt-miss	orig	10	0.41126	0	100	0.48	400
s_sd-empty-alt-miss	orig2	10	0.40959	0	100	0.48	400
s_sd-empty-alt-miss	null	10	0.40835	0	100	0.48	400
s_sd-empty-alt-miss	rev	10	0.42084	0	100	0.48	400
s_sd-empty-alt-miss	orig@p16	10	0.22790	0	100	0.48	400
s_sd-empty-alt-miss	orig@p32	10	0.40831	0	100	0.48	400
s_sd-empty-alt-miss	orig@p48	10	0.52251	0	100	0.48	400
s_sd-empty-alt-miss	orig@p64	10	0.42003	0	100	0.48	400
s_sd-empty-alt-miss	orig@p80	10	0.52294	0	100	0.48	400
s_sd-empty-alt-miss	orig@p96	10	0.42918	0	100	0.48	400
s_sd-fileext-short	orig	0	1.70898	0	100	0.48	400
s_sd-fileext-short	orig2	0	1.70881	0	100	0.48	400
s_sd-fileext-short	null	0	1.70715	0	100	0.48	400
s_sd-fileext-short	rev	0	1.70548	0	100	0.48	400
s_sd-fileext-short	orig@p16	0	1.70349	0	100	0.48	400
s_sd-fileext-short	orig@p32	0	1.70349	0	100	0.48	400
s_sd-fileext-short	orig@p48	0	1.74823	0	100	0.48	400
s_sd-fileext-short	orig@p64	0	1.74640	0	100	0.48	400
s_sd-fileext-short	orig@p80	0	1.74989	0	100	0.48	400
s_sd-fileext-short	orig@p96	0	1.74823	0	100	0.48	400
s_sd-fileext-short	orig@p112	0	1.70532	0	100	0.48	400
s_sd-fileext-short	rev@p16	0	1.70898	0	100	0.48	400
s_sd-fileext-short	rev@p32	0	1.70881	0	100	0.48	400
s_sd-fileext-short	rev@p48	0	1.70715	0	100	0.48	400
s_sd-fileext-short	rev@p64	0	1.70532	0	100	0.48	400
s_sd-fileext-short	rev@p80	0	1.70548	0	100	0.48	400
s_sd-fileext-short	rev@p96	0	1.70366	0	100	0.48	400
s_sd-fileext-short	rev@p112	0	1.70000	0	100	0.48	400
s_sd-fileext-short	orig2	1	1.70548	0	100	0.48	400
s_sd-fileext-short	null	1	1.70349	0	100	0.48	400
s_sd-fileext-short	rev	1	4.36607	0	100	0.48	400
s_sd-fileext-short	orig@p16	1	1.70183	0	100	0.48	400
s_sd-fileext-short	orig@p32	1	1.70881	0	100	0.48	400
s_sd-fileext-short	orig@p48	1	1.74640	0	100	0.48	400
s_sd-fileext-short	orig@p64	1	1.75005	0	100	0.48	400
s_sd-fileext-short	orig@p80	1	1.74989	0	100	0.48	400
s_sd-fileext-short	orig@p96	1	1.74640	0	100	0.48	400
s_sd-fileext-short	orig@p112	1	1.70715	0	100	0.48	400
s_sd-fileext-short	rev@p16	1	1.70349	0	100	0.48	400
s_sd-fileext-short	rev@p32	1	1.70183	0	100	0.48	400
s_sd-fileext-short	rev@p48	1	1.70349	0	100	0.48	400
s_sd-fileext-short	rev@p64	1	1.70898	0	100	0.48	400
s_sd-fileext-short	rev@p80	1	1.70000	0	100	0.48	400
s_sd-fileext-short	rev@p96	1	1.70366	0	100	0.48	400
s_sd-fileext-short	rev@p112	1	1.70532	0	100	0.48	400
s_sd-fileext-short	orig	1	1.70548	0	100	0.48	400
s_sd-fileext-short	null	2	1.70715	0	100	0.48	400
s_sd-fileext-short	rev	2	1.70532	0	100	0.48	400
s_sd-fileext-short	orig@p16	2	5.76788	0	100	0.48	400
s_sd-fileext-short	orig@p32	2	1.70532	0	100	0.48	400
s_sd-fileext-short	orig@p48	2	1.74823	0	100	0.48	400
s_sd-fileext-short	orig@p64	2	1.75005	0	100	0.48	400
s_sd-fileext-short	orig@p80	2	1.74823	0	100	0.48	400
s_sd-fileext-short	orig@p96	2	1.75188	0	100	0.48	400
s_sd-fileext-short	orig@p112	2	1.70532	0	100	0.48	400
s_sd-fileext-short	rev@p16	2	1.70183	0	100	0.48	400
s_sd-fileext-short	rev@p32	2	1.71264	0	100	0.48	400
s_sd-fileext-short	rev@p48	2	1.70548	0	100	0.48	400
s_sd-fileext-short	rev@p64	2	1.70000	0	100	0.48	400
s_sd-fileext-short	rev@p80	2	1.70881	0	100	0.48	400
s_sd-fileext-short	rev@p96	2	1.70166	0	100	0.48	400
s_sd-fileext-short	rev@p112	2	1.70366	0	100	0.48	400
s_sd-fileext-short	orig	2	1.70366	0	100	0.48	400
s_sd-fileext-short	orig2	2	1.70548	0	100	0.48	400
s_sd-fileext-short	rev	3	1.70166	0	100	0.48	400
s_sd-fileext-short	orig@p16	3	1.70548	0	100	0.48	400
s_sd-fileext-short	orig@p32	3	0.77865	0	100	0.48	400
s_sd-fileext-short	orig@p48	3	1.74640	0	100	0.48	400
s_sd-fileext-short	orig@p64	3	1.99636	0	100	0.48	400
s_sd-fileext-short	orig@p80	3	1.75188	0	100	0.48	400
s_sd-fileext-short	orig@p96	3	1.99103	0	100	0.48	400
s_sd-fileext-short	orig@p112	3	1.70366	0	100	0.48	400
s_sd-fileext-short	rev@p16	3	1.93931	0	100	0.48	400
s_sd-fileext-short	rev@p32	3	1.70715	0	100	0.48	400
s_sd-fileext-short	rev@p48	3	1.94813	0	100	0.48	400
s_sd-fileext-short	rev@p64	3	1.70548	0	100	0.48	400
s_sd-fileext-short	rev@p80	3	1.94281	0	100	0.48	400
s_sd-fileext-short	rev@p96	3	1.70898	0	100	0.48	400
s_sd-fileext-short	rev@p112	3	1.94463	0	100	0.48	400
s_sd-fileext-short	orig	3	1.70532	0	100	0.48	400
s_sd-fileext-short	orig2	3	0.77849	0	100	0.48	400
s_sd-fileext-short	null	3	1.91786	0	100	0.48	400
s_sd-fileext-short	orig@p16	4	1.91420	0	100	0.48	400
s_sd-fileext-short	orig@p32	4	1.70532	0	100	0.48	400
s_sd-fileext-short	orig@p48	4	1.74823	0	100	0.48	400
s_sd-fileext-short	orig@p64	4	1.74457	0	100	0.48	400
s_sd-fileext-short	orig@p80	4	1.74640	0	100	0.48	400
s_sd-fileext-short	orig@p96	4	1.74640	0	100	0.48	400
s_sd-fileext-short	orig@p112	4	1.70166	0	100	0.48	400
s_sd-fileext-short	rev@p16	4	2.07319	0	100	0.48	400
s_sd-fileext-short	rev@p32	4	1.70366	0	100	0.48	400
s_sd-fileext-short	rev@p48	4	0.94463	0	100	0.48	400
s_sd-fileext-short	rev@p64	4	1.70366	0	100	0.48	400
s_sd-fileext-short	rev@p80	4	0.94646	0	100	0.48	400
s_sd-fileext-short	rev@p96	4	1.70532	0	100	0.48	400
s_sd-fileext-short	rev@p112	4	2.07502	0	100	0.48	400
s_sd-fileext-short	orig	4	1.70366	0	100	0.48	400
s_sd-fileext-short	orig2	4	0.94296	0	100	0.48	400
s_sd-fileext-short	null	4	1.70183	0	100	0.48	400
s_sd-fileext-short	rev	4	2.09464	0	100	0.48	400
s_sd-fileext-short	orig@p32	5	1.70183	0	100	0.48	400
s_sd-fileext-short	orig@p48	5	0.97689	0	100	0.48	400
s_sd-fileext-short	orig@p64	5	1.74839	0	100	0.48	400
s_sd-fileext-short	orig@p80	5	2.12857	0	100	0.48	400
s_sd-fileext-short	orig@p96	5	1.75172	0	100	0.48	400
s_sd-fileext-short	orig@p112	5	0.94280	0	100	0.48	400
s_sd-fileext-short	rev@p16	5	1.70183	0	100	0.48	400
s_sd-fileext-short	rev@p32	5	0.94463	0	100	0.48	400
s_sd-fileext-short	rev@p48	5	1.70532	0	100	0.48	400
s_sd-fileext-short	rev@p64	5	2.07485	0	100	0.48	400
s_sd-fileext-short	rev@p80	5	1.70166	0	100	0.48	400
s_sd-fileext-short	rev@p96	5	2.07502	0	100	0.48	400
s_sd-fileext-short	rev@p112	5	1.70715	0	100	0.48	400
s_sd-fileext-short	orig	5	0.94463	0	100	0.48	400
s_sd-fileext-short	orig2	5	1.70532	0	100	0.48	400
s_sd-fileext-short	null	5	1.01963	0	100	0.48	400
s_sd-fileext-short	rev	5	1.70349	0	100	0.48	400
s_sd-fileext-short	orig@p16	5	2.08217	0	100	0.48	400
s_sd-fileext-short	orig@p48	6	1.74823	0	100	0.48	400
s_sd-fileext-short	orig@p64	6	2.12674	0	100	0.48	400
s_sd-fileext-short	orig@p80	6	1.74656	0	100	0.48	400
s_sd-fileext-short	orig@p96	6	0.96608	0	100	0.48	400
s_sd-fileext-short	orig@p112	6	1.70166	0	100	0.48	400
s_sd-fileext-short	rev@p16	6	2.08217	0	100	0.48	400
s_sd-fileext-short	rev@p32	6	1.70366	0	100	0.48	400
s_sd-fileext-short	rev@p48	6	2.07336	0	100	0.48	400
s_sd-fileext-short	rev@p64	6	1.70349	0	100	0.48	400
s_sd-fileext-short	rev@p80	6	0.95344	0	100	0.48	400
s_sd-fileext-short	rev@p96	6	1.70349	0	100	0.48	400
s_sd-fileext-short	rev@p112	6	2.07685	0	100	0.48	400
s_sd-fileext-short	orig	6	1.71264	0	100	0.48	400
s_sd-fileext-short	orig2	6	2.07502	0	100	0.48	400
s_sd-fileext-short	null	6	1.70349	0	100	0.48	400
s_sd-fileext-short	rev	6	0.94463	0	100	0.48	400
s_sd-fileext-short	orig@p16	6	1.70548	0	100	0.48	400
s_sd-fileext-short	orig@p32	6	2.07319	0	100	0.48	400
s_sd-fileext-short	orig@p64	7	1.74656	0	100	0.48	400
s_sd-fileext-short	orig@p80	7	4.87148	0	100	0.48	400
s_sd-fileext-short	orig@p96	7	1.75005	0	100	0.48	400
s_sd-fileext-short	orig@p112	7	0.94296	0	100	0.48	400
s_sd-fileext-short	rev@p16	7	1.70532	0	100	0.48	400
s_sd-fileext-short	rev@p32	7	2.07502	0	100	0.48	400
s_sd-fileext-short	rev@p48	7	1.70532	0	100	0.48	400
s_sd-fileext-short	rev@p64	7	2.07153	0	100	0.48	400
s_sd-fileext-short	rev@p80	7	1.70548	0	100	0.48	400
s_sd-fileext-short	rev@p96	7	1.70548	0	100	0.48	400
s_sd-fileext-short	rev@p112	7	0.94463	0	100	0.48	400
s_sd-fileext-short	orig	7	1.70532	0	100	0.48	400
s_sd-fileext-short	orig2	7	1.91969	0	100	0.48	400
s_sd-fileext-short	null	7	1.70532	0	100	0.48	400
s_sd-fileext-short	rev	7	1.77317	0	100	0.48	400
s_sd-fileext-short	orig@p16	7	1.70715	0	100	0.48	400
s_sd-fileext-short	orig@p32	7	1.70548	0	100	0.48	400
s_sd-fileext-short	orig@p48	7	1.74823	0	100	0.48	400
s_sd-fileext-short	orig@p80	8	1.74656	0	100	0.48	400
s_sd-fileext-short	orig@p96	8	1.74989	0	100	0.48	400
s_sd-fileext-short	orig@p112	8	1.70548	0	100	0.48	400
s_sd-fileext-short	rev@p16	8	1.71779	0	100	0.48	400
s_sd-fileext-short	rev@p32	8	1.70881	0	100	0.48	400
s_sd-fileext-short	rev@p48	8	1.70715	0	100	0.48	400
s_sd-fileext-short	rev@p64	8	1.70166	0	100	0.48	400
s_sd-fileext-short	rev@p80	8	1.70166	0	100	0.48	400
s_sd-fileext-short	rev@p96	8	1.70532	0	100	0.48	400
s_sd-fileext-short	rev@p112	8	1.70715	0	100	0.48	400
s_sd-fileext-short	orig	8	1.70183	0	100	0.48	400
s_sd-fileext-short	orig2	8	1.70532	0	100	0.48	400
s_sd-fileext-short	null	8	1.70382	0	100	0.48	400
s_sd-fileext-short	rev	8	1.70349	0	100	0.48	400
s_sd-fileext-short	orig@p16	8	1.70532	0	100	0.48	400
s_sd-fileext-short	orig@p32	8	1.70349	0	100	0.48	400
s_sd-fileext-short	orig@p48	8	1.74457	0	100	0.48	400
s_sd-fileext-short	orig@p64	8	1.74823	0	100	0.48	400
s_sd-fileext-short	orig@p96	9	1.75005	0	100	0.48	400
s_sd-fileext-short	orig@p112	9	1.70532	0	100	0.48	400
s_sd-fileext-short	rev@p16	9	1.70366	0	100	0.48	400
s_sd-fileext-short	rev@p32	9	1.70199	0	100	0.48	400
s_sd-fileext-short	rev@p48	9	1.70881	0	100	0.48	400
s_sd-fileext-short	rev@p64	9	1.70532	0	100	0.48	400
s_sd-fileext-short	rev@p80	9	1.70548	0	100	0.48	400
s_sd-fileext-short	rev@p96	9	1.70366	0	100	0.48	400
s_sd-fileext-short	rev@p112	9	1.70532	0	100	0.48	400
s_sd-fileext-short	orig	9	1.70532	0	100	0.48	400
s_sd-fileext-short	orig2	9	1.75355	0	100	0.48	400
s_sd-fileext-short	null	9	1.70532	0	100	0.48	400
s_sd-fileext-short	rev	9	1.70548	0	100	0.48	400
s_sd-fileext-short	orig@p16	9	1.71247	0	100	0.48	400
s_sd-fileext-short	orig@p32	9	1.70366	0	100	0.48	400
s_sd-fileext-short	orig@p48	9	1.74823	0	100	0.48	400
s_sd-fileext-short	orig@p64	9	1.74823	0	100	0.48	400
s_sd-fileext-short	orig@p80	9	1.74823	0	100	0.48	400
s_sd-fileext-short	orig@p112	10	1.70349	0	100	0.48	400
s_sd-fileext-short	rev@p16	10	1.70349	0	100	0.48	400
s_sd-fileext-short	rev@p32	10	1.70183	0	100	0.48	400
s_sd-fileext-short	rev@p48	10	1.70366	0	100	0.48	400
s_sd-fileext-short	rev@p64	10	1.70898	0	100	0.48	400
s_sd-fileext-short	rev@p80	10	1.70166	0	100	0.48	400
s_sd-fileext-short	rev@p96	10	1.70349	0	100	0.48	400
s_sd-fileext-short	rev@p112	10	1.70349	0	100	0.48	400
s_sd-fileext-short	orig	10	1.70183	0	100	0.48	400
s_sd-fileext-short	orig2	10	1.70548	0	100	0.48	400
s_sd-fileext-short	null	10	1.70366	0	100	0.48	400
s_sd-fileext-short	rev	10	1.71430	0	100	0.48	400
s_sd-fileext-short	orig@p16	10	1.70548	0	100	0.48	400
s_sd-fileext-short	orig@p32	10	1.71247	0	100	0.48	400
s_sd-fileext-short	orig@p48	10	1.74823	0	100	0.48	400
s_sd-fileext-short	orig@p64	10	1.74640	0	100	0.48	400
s_sd-fileext-short	orig@p80	10	1.74640	0	100	0.48	400
s_sd-fileext-short	orig@p96	10	1.74457	0	100	0.48	400
s_sd-keyword-short	orig	0	2.38512	0	100	0.48	400
s_sd-keyword-short	orig2	0	2.38488	0	100	0.48	400
s_sd-keyword-short	null	0	2.39001	0	100	0.48	400
s_sd-keyword-short	rev	0	2.38512	0	100	0.48	400
s_sd-keyword-short	orig@p16	0	2.38768	0	100	0.48	400
s_sd-keyword-short	orig@p32	0	2.38512	0	100	0.48	400
s_sd-keyword-short	orig@p48	0	2.44752	0	100	0.48	400
s_sd-keyword-short	orig@p64	0	2.45241	0	100	0.48	400
s_sd-keyword-short	orig@p80	0	2.44984	0	100	0.48	400
s_sd-keyword-short	orig@p96	0	2.44495	0	100	0.48	400
s_sd-keyword-short	orig@p112	0	2.38768	0	100	0.48	400
s_sd-keyword-short	rev@p16	0	2.38512	0	100	0.48	400
s_sd-keyword-short	rev@p32	0	5.98747	0	100	0.48	400
s_sd-keyword-short	rev@p48	0	2.38745	0	100	0.48	400
s_sd-keyword-short	rev@p64	0	2.38488	0	100	0.48	400
s_sd-keyword-short	rev@p80	0	2.38256	0	100	0.48	400
s_sd-keyword-short	rev@p96	0	2.39001	0	100	0.48	400
s_sd-keyword-short	rev@p112	0	2.38512	0	100	0.48	400
s_sd-keyword-short	orig2	1	2.39001	0	100	0.48	400
s_sd-keyword-short	null	1	2.38745	0	100	0.48	400
s_sd-keyword-short	rev	1	2.38256	0	100	0.48	400
s_sd-keyword-short	orig@p16	1	2.38279	0	100	0.48	400
s_sd-keyword-short	orig@p32	1	2.38745	0	100	0.48	400
s_sd-keyword-short	orig@p48	1	2.44495	0	100	0.48	400
s_sd-keyword-short	orig@p64	1	2.44752	0	100	0.48	400
s_sd-keyword-short	orig@p80	1	1.11503	0	100	0.48	400
s_sd-keyword-short	orig@p96	1	2.44728	0	100	0.48	400
s_sd-keyword-short	orig@p112	1	2.72249	0	100	0.48	400
s_sd-keyword-short	rev@p16	1	2.38768	0	100	0.48	400
s_sd-keyword-short	rev@p32	1	1.10245	0	100	0.48	400
s_sd-keyword-short	rev@p48	1	2.38745	0	100	0.48	400
s_sd-keyword-short	rev@p64	1	2.71993	0	100	0.48	400
s_sd-keyword-short	rev@p80	1	2.38512	0	100	0.48	400
s_sd-keyword-short	rev@p96	1	2.71760	0	100	0.48	400
s_sd-keyword-short	rev@p112	1	2.39001	0	100	0.48	400
s_sd-keyword-short	orig	1	1.08755	0	100	0.48	400
s_sd-keyword-short	null	2	2.38745	0	100	0.48	400
s_sd-keyword-short	rev	2	1.08755	0	100	0.48	400
s_sd-keyword-short	orig@p16	2	2.38745	0	100	0.48	400
s_sd-keyword-short	orig@p32	2	2.71504	0	100	0.48	400
s_sd-keyword-short	orig@p48	2	1.11759	0	100	0.48	400
s_sd-keyword-short	orig@p64	2	2.97767	0	100	0.48	400
s_sd-keyword-short	orig@p80	2	1.36509	0	100	0.48	400
s_sd-keyword-short	orig@p96	2	2.98233	0	100	0.48	400
s_sd-keyword-short	orig@p112	2	1.31992	0	100	0.48	400
s_sd-keyword-short	rev@p16	2	2.90247	0	100	0.48	400
s_sd-keyword-short	rev@p32	2	1.32248	0	100	0.48	400
s_sd-keyword-short	rev@p48	2	2.90736	0	100	0.48	400
s_sd-keyword-short	rev@p64	2	1.31759	0	100	0.48	400
s_sd-keyword-short	rev@p80	2	2.90247	0	100	0.48	400
s_sd-keyword-short	rev@p96	2	2.91015	0	100	0.48	400
s_sd-keyword-short	rev@p112	2	1.31992	0	100	0.48	400
s_sd-keyword-short	orig	2	2.90782	0	100	0.48	400
s_sd-keyword-short	orig2	2	2.90503	0	100	0.48	400
s_sd-keyword-short	rev	3	2.68500	0	100	0.48	400
s_sd-keyword-short	orig@p16	3	2.38488	0	100	0.48	400
s_sd-keyword-short	orig@p32	3	3.79491	0	100	0.48	400
s_sd-keyword-short	orig@p48	3	2.45520	0	100	0.48	400
s_sd-keyword-short	orig@p64	3	2.44519	0	100	0.48	400
s_sd-keyword-short	orig@p80	3	2.44495	0	100	0.48	400
s_sd-keyword-short	orig@p96	3	2.45986	0	100	0.48	400
s_sd-keyword-short	orig@p112	3	2.38745	0	100	0.48	400
s_sd-keyword-short	rev@p16	3	2.38745	0	100	0.48	400
s_sd-keyword-short	rev@p32	3	2.42982	0	100	0.48	400
s_sd-keyword-short	rev@p48	3	2.39257	0	100	0.48	400
s_sd-keyword-short	rev@p64	3	2.38745	0	100	0.48	400
s_sd-keyword-short	rev@p80	3	2.38512	0	100	0.48	400
s_sd-keyword-short	rev@p96	3	2.39001	0	100	0.48	400
s_sd-keyword-short	rev@p112	3	2.38512	0	100	0.48	400
s_sd-keyword-short	orig	3	2.38256	0	100	0.48	400
s_sd-keyword-short	orig2	3	2.39257	0	100	0.48	400
s_sd-keyword-short	null	3	3.38256	0	100	0.48	400
s_sd-keyword-short	orig@p16	4	3.70503	0	100	0.48	400
s_sd-keyword-short	orig@p32	4	2.38768	0	100	0.48	400
s_sd-keyword-short	orig@p48	4	2.44752	0	100	0.48	400
s_sd-keyword-short	orig@p64	4	2.44519	0	100	0.48	400
s_sd-keyword-short	orig@p80	4	2.44495	0	100	0.48	400
s_sd-keyword-short	orig@p96	4	3.29502	0	100	0.48	400
s_sd-keyword-short	orig@p112	4	2.39001	0	100	0.48	400
s_sd-keyword-short	rev@p16	4	2.45264	0	100	0.48	400
s_sd-keyword-short	rev@p32	4	2.38512	0	100	0.48	400
s_sd-keyword-short	rev@p48	4	2.39257	0	100	0.48	400
s_sd-keyword-short	rev@p64	4	2.72249	0	100	0.48	400
s_sd-keyword-short	rev@p80	4	2.40491	0	100	0.48	400
s_sd-keyword-short	rev@p96	4	1.08732	0	100	0.48	400
s_sd-keyword-short	rev@p112	4	2.38512	0	100	0.48	400
s_sd-keyword-short	orig	4	2.72016	0	100	0.48	400
s_sd-keyword-short	orig2	4	2.38512	0	100	0.48	400
s_sd-keyword-short	null	4	2.71760	0	100	0.48	400
s_sd-keyword-short	rev	4	2.38512	0	100	0.48	400
s_sd-keyword-short	orig@p32	5	2.72016	0	100	0.48	400
s_sd-keyword-short	orig@p48	5	2.44728	0	100	0.48	400
s_sd-keyword-short	orig@p64	5	1.35764	0	100	0.48	400
s_sd-keyword-short	orig@p80	5	2.45241	0	100	0.48	400
s_sd-keyword-short	orig@p96	5	2.79490	0	100	0.48	400
s_sd-keyword-short	orig@p112	5	2.38512	0	100	0.48	400
s_sd-keyword-short	rev@p16	5	2.71248	0	100	0.48	400
s_sd-keyword-short	rev@p32	5	2.38256	0	100	0.48	400
s_sd-keyword-short	rev@p48	5	2.71993	0	100	0.48	400
s_sd-keyword-short	rev@p64	5	2.38232	0	100	0.48	400
s_sd-keyword-short	rev@p80	5	1.08988	0	100	0.48	400
s_sd-keyword-short	rev@p96	5	2.38512	0	100	0.48	400
s_sd-keyword-short	rev@p112	5	2.72016	0	100	0.48	400
s_sd-keyword-short	orig	5	2.68500	0	100	0.48	400
s_sd-keyword-short	orig2	5	7.81007	0	100	0.48	400
s_sd-keyword-short	null	5	2.38512	0	100	0.48	400
s_sd-keyword-short	rev	5	2.38232	0	100	0.48	400
s_sd-keyword-short	orig@p16	5	6.80494	0	100	0.48	400
s_sd-keyword-short	orig@p48	6	2.44752	0	100	0.48	400
s_sd-keyword-short	orig@p64	6	2.44752	0	100	0.48	400
s_sd-keyword-short	orig@p80	6	2.44752	0	100	0.48	400
s_sd-keyword-short	orig@p96	6	2.44984	0	100	0.48	400
s_sd-keyword-short	orig@p112	6	2.90992	0	100	0.48	400
s_sd-keyword-short	rev@p16	6	2.38768	0	100	0.48	400
s_sd-keyword-short	rev@p32	6	2.90736	0	100	0.48	400
s_sd-keyword-short	rev@p48	6	2.38512	0	100	0.48	400
s_sd-keyword-short	rev@p64	6	2.90503	0	100	0.48	400
s_sd-keyword-short	rev@p80	6	2.38488	0	100	0.48	400
s_sd-keyword-short	rev@p96	6	2.38488	0	100	0.48	400
s_sd-keyword-short	rev@p112	6	2.90992	0	100	0.48	400
s_sd-keyword-short	orig	6	2.38745	0	100	0.48	400
s_sd-keyword-short	orig2	6	2.90503	0	100	0.48	400
s_sd-keyword-short	null	6	2.90503	0	100	0.48	400
s_sd-keyword-short	rev	6	2.41003	0	100	0.48	400
s_sd-keyword-short	orig@p16	6	1.31992	0	100	0.48	400
s_sd-keyword-short	orig@p32	6	2.38768	0	100	0.48	400
s_sd-keyword-short	orig@p64	7	2.98256	0	100	0.48	400
s_sd-keyword-short	orig@p80	7	2.45008	0	100	0.48	400
s_sd-keyword-short	orig@p96	7	2.98745	0	100	0.48	400
s_sd-keyword-short	orig@p112	7	2.54507	0	100	0.48	400
s_sd-keyword-short	rev@p16	7	2.90759	0	100	0.48	400
s_sd-keyword-short	rev@p32	7	2.38512	0	100	0.48	400
s_sd-keyword-short	rev@p48	7	1.31992	0	100	0.48	400
s_sd-keyword-short	rev@p64	7	2.38512	0	100	0.48	400
s_sd-keyword-short	rev@p80	7	2.95020	0	100	0.48	400
s_sd-keyword-short	rev@p96	7	2.90480	0	100	0.48	400
s_sd-keyword-short	rev@p112	7	2.41748	0	100	0.48	400
s_sd-keyword-short	orig	7	2.90992	0	100	0.48	400
s_sd-keyword-short	orig2	7	2.38745	0	100	0.48	400
s_sd-keyword-short	null	7	2.90759	0	100	0.48	400
s_sd-keyword-short	rev	7	2.39746	0	100	0.48	400
s_sd-keyword-short	orig@p16	7	5.21494	0	100	0.48	400
s_sd-keyword-short	orig@p32	7	2.38768	0	100	0.48	400
s_sd-keyword-short	orig@p48	7	2.45008	0	100	0.48	400
s_sd-keyword-short	orig@p80	8	2.44752	0	100	0.48	400
s_sd-keyword-short	orig@p96	8	2.44519	0	100	0.48	400
s_sd-keyword-short	orig@p112	8	2.38512	0	100	0.48	400
s_sd-keyword-short	rev@p16	8	2.38256	0	100	0.48	400
s_sd-keyword-short	rev@p32	8	2.38488	0	100	0.48	400
s_sd-keyword-short	rev@p48	8	2.38745	0	100	0.48	400
s_sd-keyword-short	rev@p64	8	2.40258	0	100	0.48	400
s_sd-keyword-short	rev@p80	8	2.38279	0	100	0.48	400
s_sd-keyword-short	rev@p96	8	2.38768	0	100	0.48	400
s_sd-keyword-short	rev@p112	8	2.38745	0	100	0.48	400
s_sd-keyword-short	orig	8	2.39490	0	100	0.48	400
s_sd-keyword-short	orig2	8	2.38512	0	100	0.48	400
s_sd-keyword-short	null	8	2.38512	0	100	0.48	400
s_sd-keyword-short	rev	8	2.38768	0	100	0.48	400
s_sd-keyword-short	orig@p16	8	2.38488	0	100	0.48	400
s_sd-keyword-short	orig@p32	8	2.38488	0	100	0.48	400
s_sd-keyword-short	orig@p48	8	2.45241	0	100	0.48	400
s_sd-keyword-short	orig@p64	8	2.44984	0	100	0.48	400
s_sd-keyword-short	orig@p96	9	2.45497	0	100	0.48	400
s_sd-keyword-short	orig@p112	9	2.38512	0	100	0.48	400
s_sd-keyword-short	rev@p16	9	2.38512	0	100	0.48	400
s_sd-keyword-short	rev@p32	9	2.38256	0	100	0.48	400
s_sd-keyword-short	rev@p48	9	2.39513	0	100	0.48	400
s_sd-keyword-short	rev@p64	9	2.39001	0	100	0.48	400
s_sd-keyword-short	rev@p80	9	2.38256	0	100	0.48	400
s_sd-keyword-short	rev@p96	9	2.38488	0	100	0.48	400
s_sd-keyword-short	rev@p112	9	2.39257	0	100	0.48	400
s_sd-keyword-short	orig	9	2.39001	0	100	0.48	400
s_sd-keyword-short	orig2	9	2.39233	0	100	0.48	400
s_sd-keyword-short	null	9	2.39490	0	100	0.48	400
s_sd-keyword-short	rev	9	2.39490	0	100	0.48	400
s_sd-keyword-short	orig@p16	9	2.39257	0	100	0.48	400
s_sd-keyword-short	orig@p32	9	2.38512	0	100	0.48	400
s_sd-keyword-short	orig@p48	9	2.44263	0	100	0.48	400
s_sd-keyword-short	orig@p64	9	2.45264	0	100	0.48	400
s_sd-keyword-short	orig@p80	9	2.44752	0	100	0.48	400
s_sd-keyword-short	orig@p112	10	3.20491	0	100	0.48	400
s_sd-keyword-short	rev@p16	10	2.39001	0	100	0.48	400
s_sd-keyword-short	rev@p32	10	2.38232	0	100	0.48	400
s_sd-keyword-short	rev@p48	10	2.38488	0	100	0.48	400
s_sd-keyword-short	rev@p64	10	2.38512	0	100	0.48	400
s_sd-keyword-short	rev@p80	10	2.38745	0	100	0.48	400
s_sd-keyword-short	rev@p96	10	2.39001	0	100	0.48	400
s_sd-keyword-short	rev@p112	10	2.38488	0	100	0.48	400
s_sd-keyword-short	orig	10	2.45264	0	100	0.48	400
s_sd-keyword-short	orig2	10	2.38745	0	100	0.48	400
s_sd-keyword-short	null	10	2.38232	0	100	0.48	400
s_sd-keyword-short	rev	10	2.38488	0	100	0.48	400
s_sd-keyword-short	orig@p16	10	2.38232	0	100	0.48	400
s_sd-keyword-short	orig@p32	10	2.38488	0	100	0.48	400
s_sd-keyword-short	orig@p48	10	2.45497	0	100	0.48	400
s_sd-keyword-short	orig@p64	10	2.79001	0	100	0.48	400
s_sd-keyword-short	orig@p80	10	2.45753	0	100	0.48	400
s_sd-keyword-short	orig@p96	10	2.44752	0	100	0.48	400
s_sd-router-short	orig	0	3.97520	0	100	0.48	400
s_sd-router-short	orig2	0	4.85413	0	100	0.48	400
s_sd-router-short	null	0	3.97908	0	100	0.48	400
s_sd-router-short	rev	0	4.83744	0	100	0.48	400
s_sd-router-short	orig@p16	0	3.96666	0	100	0.48	400
s_sd-router-short	orig@p32	0	2.20025	0	100	0.48	400
s_sd-router-short	orig@p48	0	4.07919	0	100	0.48	400
s_sd-router-short	orig@p64	0	4.95813	0	100	0.48	400
s_sd-router-short	orig@p80	0	4.09161	0	100	0.48	400
s_sd-router-short	orig@p96	0	4.96667	0	100	0.48	400
s_sd-router-short	orig@p112	0	3.97093	0	100	0.48	400
s_sd-router-short	rev@p16	0	2.20413	0	100	0.48	400
s_sd-router-short	rev@p32	0	3.97054	0	100	0.48	400
s_sd-router-short	rev@p48	0	4.83744	0	100	0.48	400
s_sd-router-short	rev@p64	0	3.97520	0	100	0.48	400
s_sd-router-short	rev@p80	0	4.84171	0	100	0.48	400
s_sd-router-short	rev@p96	0	3.98334	0	100	0.48	400
s_sd-router-short	rev@p112	0	2.20025	0	100	0.48	400
s_sd-router-short	orig2	1	3.97520	0	100	0.48	400
s_sd-router-short	null	1	4.84559	0	100	0.48	400
s_sd-router-short	rev	1	3.97054	0	100	0.48	400
s_sd-router-short	orig@p16	1	4.84986	0	100	0.48	400
s_sd-router-short	orig@p32	1	3.97093	0	100	0.48	400
s_sd-router-short	orig@p48	1	2.27941	0	100	0.48	400
s_sd-router-short	orig@p64	1	4.09161	0	100	0.48	400
s_sd-router-short	orig@p80	1	4.98335	0	100	0.48	400
s_sd-router-short	orig@p96	1	4.07919	0	100	0.48	400
s_sd-router-short	orig@p112	1	4.84559	0	100	0.48	400
s_sd-router-short	rev@p16	1	3.97520	0	100	0.48	400
s_sd-router-short	rev@p32	1	2.19986	0	100	0.48	400
s_sd-router-short	rev@p48	1	3.97908	0	100	0.48	400
s_sd-router-short	rev@p64	1	4.84986	0	100	0.48	400
s_sd-router-short	rev@p80	1	3.97520	0	100	0.48	400
s_sd-router-short	rev@p96	1	4.84171	0	100	0.48	400
s_sd-router-short	rev@p112	1	3.97908	0	100	0.48	400
s_sd-router-short	orig	1	2.19986	0	100	0.48	400
s_sd-router-short	null	2	3.97520	0	100	0.48	400
s_sd-router-short	rev	2	4.85413	0	100	0.48	400
s_sd-router-short	orig@p16	2	3.98334	0	100	0.48	400
s_sd-router-short	orig@p32	2	4.83744	0	100	0.48	400
s_sd-router-short	orig@p48	2	4.07492	0	100	0.48	400
s_sd-router-short	orig@p64	2	2.27902	0	100	0.48	400
s_sd-router-short	orig@p80	2	4.07492	0	100	0.48	400
s_sd-router-short	orig@p96	2	4.95813	0	100	0.48	400
s_sd-router-short	orig@p112	2	3.98334	0	100	0.48	400
s_sd-router-short	rev@p16	2	10.87474	0	100	0.48	400
s_sd-router-short	rev@p32	2	3.97093	0	100	0.48	400
s_sd-router-short	rev@p48	2	2.20413	0	100	0.48	400
s_sd-router-short	rev@p64	2	3.97908	0	100	0.48	400
s_sd-router-short	rev@p80	2	4.84171	0	100	0.48	400
s_sd-router-short	rev@p96	2	3.97520	0	100	0.48	400
s_sd-router-short	rev@p112	2	4.85840	0	100	0.48	400
s_sd-router-short	orig	2	10.83788	0	100	0.48	400
s_sd-router-short	orig2	2	2.19986	0	100	0.48	400
s_sd-router-short	rev	3	3.97520	0	100	0.48	400
s_sd-router-short	orig@p16	3	4.83356	0	100	0.48	400
s_sd-router-short	orig@p32	3	3.98334	0	100	0.48	400
s_sd-router-short	orig@p48	3	4.95852	0	100	0.48	400
s_sd-router-short	orig@p64	3	4.08346	0	100	0.48	400
s_sd-router-short	orig@p80	3	2.27902	0	100	0.48	400
s_sd-router-short	orig@p96	3	4.08346	0	100	0.48	400
s_sd-router-short	orig@p112	3	4.83744	0	100	0.48	400
s_sd-router-short	rev@p16	3	3.97093	0	100	0.48	400
s_sd-router-short	rev@p32	3	4.84598	0	100	0.48	400
s_sd-router-short	rev@p48	3	3.97520	0	100	0.48	400
s_sd-router-short	rev@p64	3	2.19986	0	100	0.48	400
s_sd-router-short	rev@p80	3	3.97093	0	100	0.48	400
s_sd-router-short	rev@p96	3	4.84171	0	100	0.48	400
s_sd-router-short	rev@p112	3	3.98334	0	100	0.48	400
s_sd-router-short	orig	3	4.83744	0	100	0.48	400
s_sd-router-short	orig2	3	3.97520	0	100	0.48	400
s_sd-router-short	null	3	2.20413	0	100	0.48	400
s_sd-router-short	orig@p16	4	3.97481	0	100	0.48	400
s_sd-router-short	orig@p32	4	4.83744	0	100	0.48	400
s_sd-router-short	orig@p48	4	4.08734	0	100	0.48	400
s_sd-router-short	orig@p64	4	4.08307	0	100	0.48	400
s_sd-router-short	orig@p80	4	4.97093	0	100	0.48	400
s_sd-router-short	orig@p96	4	4.07919	0	100	0.48	400
s_sd-router-short	orig@p112	4	2.19986	0	100	0.48	400
s_sd-router-short	rev@p16	4	3.97481	0	100	0.48	400
s_sd-router-short	rev@p32	4	4.85413	0	100	0.48	400
s_sd-router-short	rev@p48	4	3.97093	0	100	0.48	400
s_sd-router-short	rev@p64	4	4.83356	0	100	0.48	400
s_sd-router-short	rev@p80	4	4.00003	0	100	0.48	400
s_sd-router-short	rev@p96	4	4.47500	0	100	0.48	400
s_sd-router-short	rev@p112	4	3.97481	0	100	0.48	400
s_sd-router-short	orig	4	3.99576	0	100	0.48	400
s_sd-router-short	orig2	4	6.76257	0	100	0.48	400
s_sd-router-short	null	4	3.97481	0	100	0.48	400
s_sd-router-short	rev	4	3.97054	0	100	0.48	400
s_sd-router-short	orig@p32	5	3.97908	0	100	0.48	400
s_sd-router-short	orig@p48	5	4.07919	0	100	0.48	400
s_sd-router-short	orig@p64	5	4.07919	0	100	0.48	400
s_sd-router-short	orig@p80	5	4.07492	0	100	0.48	400
s_sd-router-short	orig@p96	5	4.07492	0	100	0.48	400
s_sd-router-short	orig@p112	5	3.97481	0	100	0.48	400
s_sd-router-short	rev@p16	5	3.97093	0	100	0.48	400
s_sd-router-short	rev@p32	5	3.99576	0	100	0.48	400
s_sd-router-short	rev@p48	5	3.97093	0	100	0.48	400
s_sd-router-short	rev@p64	5	3.97908	0	100	0.48	400
s_sd-router-short	rev@p80	5	3.97908	0	100	0.48	400
s_sd-router-short	rev@p96	5	3.97481	0	100	0.48	400
s_sd-router-short	rev@p112	5	3.98334	0	100	0.48	400
s_sd-router-short	orig	5	3.97054	0	100	0.48	400
s_sd-router-short	orig2	5	3.97520	0	100	0.48	400
s_sd-router-short	null	5	3.97520	0	100	0.48	400
s_sd-router-short	rev	5	3.98334	0	100	0.48	400
s_sd-router-short	orig@p16	5	3.97093	0	100	0.48	400
s_sd-router-short	orig@p48	6	4.07492	0	100	0.48	400
s_sd-router-short	orig@p64	6	4.08346	0	100	0.48	400
s_sd-router-short	orig@p80	6	4.07919	0	100	0.48	400
s_sd-router-short	orig@p96	6	4.18746	0	100	0.48	400
s_sd-router-short	orig@p112	6	3.97520	0	100	0.48	400
s_sd-router-short	rev@p16	6	3.97481	0	100	0.48	400
s_sd-router-short	rev@p32	6	3.97093	0	100	0.48	400
s_sd-router-short	rev@p48	6	15.04590	0	100	0.48	400
s_sd-router-short	rev@p64	6	3.97093	0	100	0.48	400
s_sd-router-short	rev@p80	6	7.35434	0	100	0.48	400
s_sd-router-short	rev@p96	6	3.98800	0	100	0.48	400
s_sd-router-short	rev@p112	6	3.97908	0	100	0.48	400
s_sd-router-short	orig	6	3.97054	0	100	0.48	400
s_sd-router-short	orig2	6	3.97481	0	100	0.48	400
s_sd-router-short	null	6	3.97520	0	100	0.48	400
s_sd-router-short	rev	6	3.97946	0	100	0.48	400
s_sd-router-short	orig@p16	6	3.97520	0	100	0.48	400
s_sd-router-short	orig@p32	6	3.97908	0	100	0.48	400
s_sd-router-short	orig@p64	7	4.07919	0	100	0.48	400
s_sd-router-short	orig@p80	7	4.07531	0	100	0.48	400
s_sd-router-short	orig@p96	7	4.07919	0	100	0.48	400
s_sd-router-short	orig@p112	7	3.97908	0	100	0.48	400
s_sd-router-short	rev@p16	7	3.98334	0	100	0.48	400
s_sd-router-short	rev@p32	7	3.96666	0	100	0.48	400
s_sd-router-short	rev@p48	7	9.79596	0	100	0.48	400
s_sd-router-short	rev@p64	7	3.97481	0	100	0.48	400
s_sd-router-short	rev@p80	7	3.97093	0	100	0.48	400
s_sd-router-short	rev@p96	7	3.98296	0	100	0.48	400
s_sd-router-short	rev@p112	7	3.97908	0	100	0.48	400
s_sd-router-short	orig	7	3.98722	0	100	0.48	400
s_sd-router-short	orig2	7	3.97093	0	100	0.48	400
s_sd-router-short	null	7	3.98334	0	100	0.48	400
s_sd-router-short	rev	7	3.98334	0	100	0.48	400
s_sd-router-short	orig@p16	7	3.98761	0	100	0.48	400
s_sd-router-short	orig@p32	7	3.97908	0	100	0.48	400
s_sd-router-short	orig@p48	7	4.07492	0	100	0.48	400
s_sd-router-short	orig@p80	8	4.07104	0	100	0.48	400
s_sd-router-short	orig@p96	8	4.07919	0	100	0.48	400
s_sd-router-short	orig@p112	8	4.00818	0	100	0.48	400
s_sd-router-short	rev@p16	8	3.97481	0	100	0.48	400
s_sd-router-short	rev@p32	8	3.97093	0	100	0.48	400
s_sd-router-short	rev@p48	8	3.97093	0	100	0.48	400
s_sd-router-short	rev@p64	8	3.97520	0	100	0.48	400
s_sd-router-short	rev@p80	8	3.98722	0	100	0.48	400
s_sd-router-short	rev@p96	8	3.98761	0	100	0.48	400
s_sd-router-short	rev@p112	8	3.97481	0	100	0.48	400
s_sd-router-short	orig	8	3.97481	0	100	0.48	400
s_sd-router-short	orig2	8	3.96666	0	100	0.48	400
s_sd-router-short	null	8	3.97520	0	100	0.48	400
s_sd-router-short	rev	8	3.96666	0	100	0.48	400
s_sd-router-short	orig@p16	8	3.97946	0	100	0.48	400
s_sd-router-short	orig@p32	8	3.97520	0	100	0.48	400
s_sd-router-short	orig@p48	8	4.08346	0	100	0.48	400
s_sd-router-short	orig@p64	8	4.07919	0	100	0.48	400
s_sd-router-short	orig@p96	9	4.07492	0	100	0.48	400
s_sd-router-short	orig@p112	9	3.97908	0	100	0.48	400
s_sd-router-short	rev@p16	9	3.97908	0	100	0.48	400
s_sd-router-short	rev@p32	9	3.97481	0	100	0.48	400
s_sd-router-short	rev@p48	9	3.97520	0	100	0.48	400
s_sd-router-short	rev@p64	9	4.00430	0	100	0.48	400
s_sd-router-short	rev@p80	9	3.97481	0	100	0.48	400
s_sd-router-short	rev@p96	9	3.97481	0	100	0.48	400
s_sd-router-short	rev@p112	9	3.97481	0	100	0.48	400
s_sd-router-short	orig	9	3.97520	0	100	0.48	400
s_sd-router-short	orig2	9	3.97908	0	100	0.48	400
s_sd-router-short	null	9	3.97481	0	100	0.48	400
s_sd-router-short	rev	9	3.97908	0	100	0.48	400
s_sd-router-short	orig@p16	9	3.97946	0	100	0.48	400
s_sd-router-short	orig@p32	9	3.97093	0	100	0.48	400
s_sd-router-short	orig@p48	9	4.07492	0	100	0.48	400
s_sd-router-short	orig@p64	9	4.09588	0	100	0.48	400
s_sd-router-short	orig@p80	9	4.07492	0	100	0.48	400
s_sd-router-short	orig@p112	10	1.81686	0	100	0.48	400
s_sd-router-short	rev@p16	10	3.97054	0	100	0.48	400
s_sd-router-short	rev@p32	10	4.53360	0	100	0.48	400
s_sd-router-short	rev@p48	10	3.98761	0	100	0.48	400
s_sd-router-short	rev@p64	10	2.26661	0	100	0.48	400
s_sd-router-short	rev@p80	10	3.97908	0	100	0.48	400
s_sd-router-short	rev@p96	10	1.81259	0	100	0.48	400
s_sd-router-short	rev@p112	10	3.97520	0	100	0.48	400
s_sd-router-short	orig	10	4.53748	0	100	0.48	400
s_sd-router-short	orig2	10	3.98722	0	100	0.48	400
s_sd-router-short	null	10	2.26661	0	100	0.48	400
s_sd-router-short	rev	10	3.97093	0	100	0.48	400
s_sd-router-short	orig@p16	10	2.26661	0	100	0.48	400
s_sd-router-short	orig@p32	10	3.97946	0	100	0.48	400
s_sd-router-short	orig@p48	10	1.88360	0	100	0.48	400
s_sd-router-short	orig@p64	10	4.07531	0	100	0.48	400
s_sd-router-short	orig@p80	10	18.31252	0	100	0.48	400
s_sd-router-short	orig@p96	10	4.09161	0	100	0.48	400
s_sec-aws-key	orig	0	1.19500	0	100	0.48	400
s_sec-aws-key	orig2	0	1.36124	0	100	0.48	400
s_sec-aws-key	null	0	1.19256	0	100	0.48	400
s_sec-aws-key	rev	0	0.67870	0	100	0.48	400
s_sec-aws-key	orig@p16	0	1.19628	0	100	0.48	400
s_sec-aws-key	orig@p32	0	1.19873	0	100	0.48	400
s_sec-aws-key	orig@p48	0	0.56007	0	100	0.48	400
s_sec-aws-key	orig@p64	0	1.22376	0	100	0.48	400
s_sec-aws-key	orig@p80	0	1.39629	0	100	0.48	400
s_sec-aws-key	orig@p96	0	1.22376	0	100	0.48	400
s_sec-aws-key	orig@p112	0	0.69756	0	100	0.48	400
s_sec-aws-key	rev@p16	0	1.19756	0	100	0.48	400
s_sec-aws-key	rev@p32	0	0.54366	0	100	0.48	400
s_sec-aws-key	rev@p48	0	1.19128	0	100	0.48	400
s_sec-aws-key	rev@p64	0	1.35996	0	100	0.48	400
s_sec-aws-key	rev@p80	0	1.19244	0	100	0.48	400
s_sec-aws-key	rev@p96	0	0.67870	0	100	0.48	400
s_sec-aws-key	rev@p112	0	1.19244	0	100	0.48	400
s_sec-aws-key	orig2	1	0.54250	0	100	0.48	400
s_sec-aws-key	null	1	1.19244	0	100	0.48	400
s_sec-aws-key	rev	1	1.36124	0	100	0.48	400
s_sec-aws-key	orig@p16	1	1.19384	0	100	0.48	400
s_sec-aws-key	orig@p32	1	0.67882	0	100	0.48	400
s_sec-aws-key	orig@p48	1	1.22259	0	100	0.48	400
s_sec-aws-key	orig@p64	1	0.55879	0	100	0.48	400
s_sec-aws-key	orig@p80	1	1.22376	0	100	0.48	400
s_sec-aws-key	orig@p96	1	1.39244	0	100	0.48	400
s_sec-aws-key	orig@p112	1	1.19628	0	100	0.48	400
s_sec-aws-key	rev@p16	1	0.68115	0	100	0.48	400
s_sec-aws-key	rev@p32	1	1.19116	0	100	0.48	400
s_sec-aws-key	rev@p48	1	0.55006	0	100	0.48	400
s_sec-aws-key	rev@p64	1	1.19256	0	100	0.48	400
s_sec-aws-key	rev@p80	1	1.36509	0	100	0.48	400
s_sec-aws-key	rev@p96	1	1.19128	0	100	0.48	400
s_sec-aws-key	rev@p112	1	0.67998	0	100	0.48	400
s_sec-aws-key	orig	1	1.20501	0	100	0.48	400
s_sec-aws-key	null	2	0.54494	0	100	0.48	400
s_sec-aws-key	rev	2	1.19384	0	100	0.48	400
s_sec-aws-key	orig@p16	2	1.36124	0	100	0.48	400
s_sec-aws-key	orig@p32	2	1.19256	0	100	0.48	400
s_sec-aws-key	orig@p48	2	0.69628	0	100	0.48	400
s_sec-aws-key	orig@p64	2	1.22620	0	100	0.48	400
s_sec-aws-key	orig@p80	2	0.55879	0	100	0.48	400
s_sec-aws-key	orig@p96	2	1.22248	0	100	0.48	400
s_sec-aws-key	orig@p112	2	0.54378	0	100	0.48	400
s_sec-aws-key	rev@p16	2	1.19500	0	100	0.48	400
s_sec-aws-key	rev@p32	2	0.55123	0	100	0.48	400
s_sec-aws-key	rev@p48	2	1.19256	0	100	0.48	400
s_sec-aws-key	rev@p64	2	1.36008	0	100	0.48	400
s_sec-aws-key	rev@p80	2	1.19000	0	100	0.48	400
s_sec-aws-key	rev@p96	2	0.68510	0	100	0.48	400
s_sec-aws-key	rev@p112	2	1.19372	0	100	0.48	400
s_sec-aws-key	orig	2	0.54506	0	100	0.48	400
s_sec-aws-key	orig2	2	1.19256	0	100	0.48	400
s_sec-aws-key	rev	3	1.35752	0	100	0.48	400
s_sec-aws-key	orig@p16	3	3.36126	0	100	0.48	400
s_sec-aws-key	orig@p32	3	0.67870	0	100	0.48	400
s_sec-aws-key	orig@p48	3	1.22376	0	100	0.48	400
s_sec-aws-key	orig@p64	3	0.55751	0	100	0.48	400
s_sec-aws-key	orig@p80	3	1.22376	0	100	0.48	400
s_sec-aws-key	orig@p96	3	0.55751	0	100	0.48	400
s_sec-aws-key	orig@p112	3	1.19244	0	100	0.48	400
s_sec-aws-key	rev@p16	3	1.19128	0	100	0.48	400
s_sec-aws-key	rev@p32	3	0.68382	0	100	0.48	400
s_sec-aws-key	rev@p48	3	1.19372	0	100	0.48	400
s_sec-aws-key	rev@p64	3	0.54378	0	100	0.48	400
s_sec-aws-key	rev@p80	3	1.76497	0	100	0.48	400
s_sec-aws-key	rev@p96	3	0.67870	0	100	0.48	400
s_sec-aws-key	rev@p112	3	1.19244	0	100	0.48	400
s_sec-aws-key	orig	3	0.55006	0	100	0.48	400
s_sec-aws-key	orig2	3	1.19617	0	100	0.48	400
s_sec-aws-key	null	3	1.19256	0	100	0.48	400
s_sec-aws-key	orig@p16	4	0.68126	0	100	0.48	400
s_sec-aws-key	orig@p32	4	1.19256	0	100	0.48	400
s_sec-aws-key	orig@p48	4	0.69872	0	100	0.48	400
s_sec-aws-key	orig@p64	4	1.22376	0	100	0.48	400
s_sec-aws-key	orig@p80	4	0.55751	0	100	0.48	400
s_sec-aws-key	orig@p96	4	1.22504	0	100	0.48	400
s_sec-aws-key	orig@p112	4	0.67998	0	100	0.48	400
s_sec-aws-key	rev@p16	4	1.19244	0	100	0.48	400
s_sec-aws-key	rev@p32	4	0.67882	0	100	0.48	400
s_sec-aws-key	rev@p48	4	1.19244	0	100	0.48	400
s_sec-aws-key	rev@p64	4	0.54250	0	100	0.48	400
s_sec-aws-key	rev@p80	4	1.19000	0	100	0.48	400
s_sec-aws-key	rev@p96	4	0.68126	0	100	0.48	400
s_sec-aws-key	rev@p112	4	1.19128	0	100	0.48	400
s_sec-aws-key	orig	4	0.67870	0	100	0.48	400
s_sec-aws-key	orig2	4	1.19256	0	100	0.48	400
s_sec-aws-key	null	4	0.54494	0	100	0.48	400
s_sec-aws-key	rev	4	1.19256	0	100	0.48	400
s_sec-aws-key	orig@p32	5	0.68010	0	100	0.48	400
s_sec-aws-key	orig@p48	5	1.22376	0	100	0.48	400
s_sec-aws-key	orig@p64	5	0.69628	0	100	0.48	400
s_sec-aws-key	orig@p80	5	1.22120	0	100	0.48	400
s_sec-aws-key	orig@p96	5	0.56496	0	100	0.48	400
s_sec-aws-key	orig@p112	5	1.19256	0	100	0.48	400
s_sec-aws-key	rev@p16	5	0.67998	0	100	0.48	400
s_sec-aws-key	rev@p32	5	1.19128	0	100	0.48	400
s_sec-aws-key	rev@p48	5	0.67870	0	100	0.48	400
s_sec-aws-key	rev@p64	5	1.19372	0	100	0.48	400
s_sec-aws-key	rev@p80	5	0.54378	0	100	0.48	400
s_sec-aws-key	rev@p96	5	1.19500	0	100	0.48	400
s_sec-aws-key	rev@p112	5	0.67882	0	100	0.48	400
s_sec-aws-key	orig	5	1.19372	0	100	0.48	400
s_sec-aws-key	orig2	5	0.67998	0	100	0.48	400
s_sec-aws-key	null	5	1.19000	0	100	0.48	400
s_sec-aws-key	rev	5	0.55006	0	100	0.48	400
s_sec-aws-key	orig@p16	5	1.22504	0	100	0.48	400
s_sec-aws-key	orig@p48	6	1.22376	0	100	0.48	400
s_sec-aws-key	orig@p64	6	1.22259	0	100	0.48	400
s_sec-aws-key	orig@p80	6	1.22504	0	100	0.48	400
s_sec-aws-key	orig@p96	6	1.22259	0	100	0.48	400
s_sec-aws-key	orig@p112	6	1.19244	0	100	0.48	400
s_sec-aws-key	rev@p16	6	1.19500	0	100	0.48	400
s_sec-aws-key	rev@p32	6	1.19244	0	100	0.48	400
s_sec-aws-key	rev@p48	6	1.19628	0	100	0.48	400
s_sec-aws-key	rev@p64	6	1.19128	0	100	0.48	400
s_sec-aws-key	rev@p80	6	1.19256	0	100	0.48	400
s_sec-aws-key	rev@p96	6	1.19128	0	100	0.48	400
s_sec-aws-key	rev@p112	6	1.19256	0	100	0.48	400
s_sec-aws-key	orig	6	1.19116	0	100	0.48	400
s_sec-aws-key	orig2	6	1.19372	0	100	0.48	400
s_sec-aws-key	null	6	1.19372	0	100	0.48	400
s_sec-aws-key	rev	6	1.19628	0	100	0.48	400
s_sec-aws-key	orig@p16	6	1.19244	0	100	0.48	400
s_sec-aws-key	orig@p32	6	1.19244	0	100	0.48	400
s_sec-aws-key	orig@p64	7	1.22376	0	100	0.48	400
s_sec-aws-key	orig@p80	7	1.22364	0	100	0.48	400
s_sec-aws-key	orig@p96	7	1.22131	0	100	0.48	400
s_sec-aws-key	orig@p112	7	1.19244	0	100	0.48	400
s_sec-aws-key	rev@p16	7	1.19244	0	100	0.48	400
s_sec-aws-key	rev@p32	7	1.19256	0	100	0.48	400
s_sec-aws-key	rev@p48	7	1.19267	0	100	0.48	400
s_sec-aws-key	rev@p64	7	1.19372	0	100	0.48	400
s_sec-aws-key	rev@p80	7	1.19116	0	100	0.48	400
s_sec-aws-key	rev@p96	7	1.19244	0	100	0.48	400
s_sec-aws-key	rev@p112	7	1.19500	0	100	0.48	400
s_sec-aws-key	orig	7	1.19128	0	100	0.48	400
s_sec-aws-key	orig2	7	1.19128	0	100	0.48	400
s_sec-aws-key	null	7	1.19256	0	100	0.48	400
s_sec-aws-key	rev	7	1.22504	0	100	0.48	400
s_sec-aws-key	orig@p16	7	1.19256	0	100	0.48	400
s_sec-aws-key	orig@p32	7	1.19256	0	100	0.48	400
s_sec-aws-key	orig@p48	7	1.22376	0	100	0.48	400
s_sec-aws-key	orig@p80	8	1.22248	0	100	0.48	400
s_sec-aws-key	orig@p96	8	1.22376	0	100	0.48	400
s_sec-aws-key	orig@p112	8	1.19628	0	100	0.48	400
s_sec-aws-key	rev@p16	8	1.19244	0	100	0.48	400
s_sec-aws-key	rev@p32	8	1.19128	0	100	0.48	400
s_sec-aws-key	rev@p48	8	1.19500	0	100	0.48	400
s_sec-aws-key	rev@p64	8	1.19128	0	100	0.48	400
s_sec-aws-key	rev@p80	8	1.19372	0	100	0.48	400
s_sec-aws-key	rev@p96	8	1.19267	0	100	0.48	400
s_sec-aws-key	rev@p112	8	1.19372	0	100	0.48	400
s_sec-aws-key	orig	8	1.19372	0	100	0.48	400
s_sec-aws-key	orig2	8	1.19244	0	100	0.48	400
s_sec-aws-key	null	8	1.19372	0	100	0.48	400
s_sec-aws-key	rev	8	1.19244	0	100	0.48	400
s_sec-aws-key	orig@p16	8	1.19372	0	100	0.48	400
s_sec-aws-key	orig@p32	8	1.19256	0	100	0.48	400
s_sec-aws-key	orig@p48	8	1.22248	0	100	0.48	400
s_sec-aws-key	orig@p64	8	1.22376	0	100	0.48	400
s_sec-aws-key	orig@p96	9	1.22748	0	100	0.48	400
s_sec-aws-key	orig@p112	9	1.19000	0	100	0.48	400
s_sec-aws-key	rev@p16	9	1.19372	0	100	0.48	400
s_sec-aws-key	rev@p32	9	0.54378	0	100	0.48	400
s_sec-aws-key	rev@p48	9	0.68126	0	100	0.48	400
s_sec-aws-key	rev@p64	9	0.68115	0	100	0.48	400
s_sec-aws-key	rev@p80	9	1.19617	0	100	0.48	400
s_sec-aws-key	rev@p96	9	1.36008	0	100	0.48	400
s_sec-aws-key	rev@p112	9	1.19256	0	100	0.48	400
s_sec-aws-key	orig	9	0.54366	0	100	0.48	400
s_sec-aws-key	orig2	9	1.19372	0	100	0.48	400
s_sec-aws-key	null	9	0.54378	0	100	0.48	400
s_sec-aws-key	rev	9	1.19000	0	100	0.48	400
s_sec-aws-key	orig@p16	9	0.67870	0	100	0.48	400
s_sec-aws-key	orig@p32	9	1.19500	0	100	0.48	400
s_sec-aws-key	orig@p48	9	0.69616	0	100	0.48	400
s_sec-aws-key	orig@p64	9	1.22504	0	100	0.48	400
s_sec-aws-key	orig@p80	9	1.39500	0	100	0.48	400
s_sec-aws-key	orig@p112	10	1.19873	0	100	0.48	400
s_sec-aws-key	rev@p16	10	0.54250	0	100	0.48	400
s_sec-aws-key	rev@p32	10	1.19128	0	100	0.48	400
s_sec-aws-key	rev@p48	10	4.24508	0	100	0.48	400
s_sec-aws-key	rev@p64	10	0.67870	0	100	0.48	400
s_sec-aws-key	rev@p80	10	1.19116	0	100	0.48	400
s_sec-aws-key	rev@p96	10	0.68126	0	100	0.48	400
s_sec-aws-key	rev@p112	10	1.19256	0	100	0.48	400
s_sec-aws-key	orig	10	1.35996	0	100	0.48	400
s_sec-aws-key	orig2	10	1.23249	0	100	0.48	400
s_sec-aws-key	null	10	1.45624	0	100	0.48	400
s_sec-aws-key	rev	10	1.19384	0	100	0.48	400
s_sec-aws-key	orig@p16	10	0.65879	0	100	0.48	400
s_sec-aws-key	orig@p32	10	1.19267	0	100	0.48	400
s_sec-aws-key	orig@p48	10	4.13496	0	100	0.48	400
s_sec-aws-key	orig@p64	10	1.22376	0	100	0.48	400
s_sec-aws-key	orig@p80	10	1.48872	0	100	0.48	400
s_sec-aws-key	orig@p96	10	1.22376	0	100	0.48	400
s_sec-github-pat	orig	0	0.27068	0	100	0.48	400
s_sec-github-pat	orig2	0	0.14974	0	100	0.48	400
s_sec-github-pat	null	0	0.27041	0	100	0.48	400
s_sec-github-pat	rev	0	0.33014	0	100	0.48	400
s_sec-github-pat	orig@p16	0	0.63630	0	100	0.48	400
s_sec-github-pat	orig@p32	0	0.14946	0	100	0.48	400
s_sec-github-pat	orig@p48	0	0.27794	0	100	0.48	400
s_sec-github-pat	orig@p64	0	0.33790	0	100	0.48	400
s_sec-github-pat	orig@p80	0	0.27714	0	100	0.48	400
s_sec-github-pat	orig@p96	0	0.15299	0	100	0.48	400
s_sec-github-pat	orig@p112	0	0.28631	0	100	0.48	400
s_sec-github-pat	rev@p16	0	0.33037	0	100	0.48	400
s_sec-github-pat	rev@p32	0	0.27769	0	100	0.48	400
s_sec-github-pat	rev@p48	0	0.32984	0	100	0.48	400
s_sec-github-pat	rev@p64	0	0.27043	0	100	0.48	400
s_sec-github-pat	rev@p80	0	0.14971	0	100	0.48	400
s_sec-github-pat	rev@p96	0	0.27016	0	100	0.48	400
s_sec-github-pat	rev@p112	0	0.15026	0	100	0.48	400
s_sec-github-pat	orig2	1	0.15402	0	100	0.48	400
s_sec-github-pat	null	1	0.27016	0	100	0.48	400
s_sec-github-pat	rev	1	0.32957	0	100	0.48	400
s_sec-github-pat	orig@p16	1	0.27043	0	100	0.48	400
s_sec-github-pat	orig@p32	1	0.32957	0	100	0.48	400
s_sec-github-pat	orig@p48	1	0.27714	0	100	0.48	400
s_sec-github-pat	orig@p64	1	0.15349	0	100	0.48	400
s_sec-github-pat	orig@p80	1	0.27687	0	100	0.48	400
s_sec-github-pat	orig@p96	1	0.33738	0	100	0.48	400
s_sec-github-pat	orig@p112	1	0.28468	0	100	0.48	400
s_sec-github-pat	rev@p16	1	0.32902	0	100	0.48	400
s_sec-github-pat	rev@p32	1	0.27071	0	100	0.48	400
s_sec-github-pat	rev@p48	1	0.15026	0	100	0.48	400
s_sec-github-pat	rev@p64	1	0.27016	0	100	0.48	400
s_sec-github-pat	rev@p80	1	0.14946	0	100	0.48	400
s_sec-github-pat	rev@p96	1	0.27016	0	100	0.48	400
s_sec-github-pat	rev@p112	1	0.32984	0	100	0.48	400
s_sec-github-pat	orig	1	0.27311	0	100	0.48	400
s_sec-github-pat	null	2	0.32982	0	100	0.48	400
s_sec-github-pat	rev	2	0.27071	0	100	0.48	400
s_sec-github-pat	orig@p16	2	0.14974	0	100	0.48	400
s_sec-github-pat	orig@p32	2	0.27043	0	100	0.48	400
s_sec-github-pat	orig@p48	2	0.15377	0	100	0.48	400
s_sec-github-pat	orig@p64	2	0.89034	0	100	0.48	400
s_sec-github-pat	orig@p80	2	0.33763	0	100	0.48	400
s_sec-github-pat	orig@p96	2	0.27742	0	100	0.48	400
s_sec-github-pat	orig@p112	2	0.34569	0	100	0.48	400
s_sec-github-pat	rev@p16	2	0.27068	0	100	0.48	400
s_sec-github-pat	rev@p32	2	0.15026	0	100	0.48	400
s_sec-github-pat	rev@p48	2	0.27018	0	100	0.48	400
s_sec-github-pat	rev@p64	2	0.14971	0	100	0.48	400
s_sec-github-pat	rev@p80	2	0.27071	0	100	0.48	400
s_sec-github-pat	rev@p96	2	0.14974	0	100	0.48	400
s_sec-github-pat	rev@p112	2	0.27286	0	100	0.48	400
s_sec-github-pat	orig	2	0.15054	0	100	0.48	400
s_sec-github-pat	orig2	2	0.27016	0	100	0.48	400
s_sec-github-pat	rev	3	0.32904	0	100	0.48	400
s_sec-github-pat	orig@p16	3	0.27043	0	100	0.48	400
s_sec-github-pat	orig@p32	3	0.14999	0	100	0.48	400
s_sec-github-pat	orig@p48	3	0.27043	0	100	0.48	400
s_sec-github-pat	orig@p64	3	0.33738	0	100	0.48	400
s_sec-github-pat	orig@p80	3	0.27689	0	100	0.48	400
s_sec-github-pat	orig@p96	3	0.15349	0	100	0.48	400
s_sec-github-pat	orig@p112	3	0.28385	0	100	0.48	400
s_sec-github-pat	rev@p16	3	0.32902	0	100	0.48	400
s_sec-github-pat	rev@p32	3	0.27068	0	100	0.48	400
s_sec-github-pat	rev@p48	3	0.33012	0	100	0.48	400
s_sec-github-pat	rev@p64	3	0.27016	0	100	0.48	400
s_sec-github-pat	rev@p80	3	0.14974	0	100	0.48	400
s_sec-github-pat	rev@p96	3	0.27016	0	100	0.48	400
s_sec-github-pat	rev@p112	3	0.32957	0	100	0.48	400
s_sec-github-pat	orig	3	0.27096	0	100	0.48	400
s_sec-github-pat	orig2	3	0.14974	0	100	0.48	400
s_sec-github-pat	null	3	0.27096	0	100	0.48	400
s_sec-github-pat	orig@p16	4	0.14974	0	100	0.48	400
s_sec-github-pat	orig@p32	4	0.14999	0	100	0.48	400
s_sec-github-pat	orig@p48	4	0.27769	0	100	0.48	400
s_sec-github-pat	orig@p64	4	0.33012	0	100	0.48	400
s_sec-github-pat	orig@p80	4	0.27714	0	100	0.48	400
s_sec-github-pat	orig@p96	4	0.59247	0	100	0.48	400
s_sec-github-pat	orig@p112	4	0.34597	0	100	0.48	400
s_sec-github-pat	rev@p16	4	0.32984	0	100	0.48	400
s_sec-github-pat	rev@p32	4	0.32932	0	100	0.48	400
s_sec-github-pat	rev@p48	4	0.33037	0	100	0.48	400
s_sec-github-pat	rev@p64	4	0.32984	0	100	0.48	400
s_sec-github-pat	rev@p80	4	0.33092	0	100	0.48	400
s_sec-github-pat	rev@p96	4	0.15001	0	100	0.48	400
s_sec-github-pat	rev@p112	4	0.32957	0	100	0.48	400
s_sec-github-pat	orig	4	0.33092	0	100	0.48	400
s_sec-github-pat	orig2	4	0.32929	0	100	0.48	400
s_sec-github-pat	null	4	0.32984	0	100	0.48	400
s_sec-github-pat	rev	4	0.32987	0	100	0.48	400
s_sec-github-pat	orig@p32	5	0.32984	0	100	0.48	400
s_sec-github-pat	orig@p48	5	0.33740	0	100	0.48	400
s_sec-github-pat	orig@p64	5	0.33763	0	100	0.48	400
s_sec-github-pat	orig@p80	5	0.33763	0	100	0.48	400
s_sec-github-pat	orig@p96	5	0.33763	0	100	0.48	400
s_sec-github-pat	orig@p112	5	0.34597	0	100	0.48	400
s_sec-github-pat	rev@p16	5	0.33037	0	100	0.48	400
s_sec-github-pat	rev@p32	5	0.30403	0	100	0.48	400
s_sec-github-pat	rev@p48	5	0.30431	0	100	0.48	400
s_sec-github-pat	rev@p64	5	0.30403	0	100	0.48	400
s_sec-github-pat	rev@p80	5	0.30431	0	100	0.48	400
s_sec-github-pat	rev@p96	5	0.30483	0	100	0.48	400
s_sec-github-pat	rev@p112	5	0.30433	0	100	0.48	400
s_sec-github-pat	orig	5	0.30428	0	100	0.48	400
s_sec-github-pat	orig2	5	0.30406	0	100	0.48	400
s_sec-github-pat	null	5	0.30431	0	100	0.48	400
s_sec-github-pat	rev	5	0.30403	0	100	0.48	400
s_sec-github-pat	orig@p16	5	0.30511	0	100	0.48	400
s_sec-github-pat	orig@p48	6	0.31182	0	100	0.48	400
s_sec-github-pat	orig@p64	6	0.31157	0	100	0.48	400
s_sec-github-pat	orig@p80	6	0.31154	0	100	0.48	400
s_sec-github-pat	orig@p96	6	0.31182	0	100	0.48	400
s_sec-github-pat	orig@p112	6	0.31935	0	100	0.48	400
s_sec-github-pat	rev@p16	6	0.30431	0	100	0.48	400
s_sec-github-pat	rev@p32	6	0.30403	0	100	0.48	400
s_sec-github-pat	rev@p48	6	0.30403	0	100	0.48	400
s_sec-github-pat	rev@p64	6	0.30566	0	100	0.48	400
s_sec-github-pat	rev@p80	6	0.30456	0	100	0.48	400
s_sec-github-pat	rev@p96	6	0.30458	0	100	0.48	400
s_sec-github-pat	rev@p112	6	0.82768	0	100	0.48	400
s_sec-github-pat	orig	6	0.30428	0	100	0.48	400
s_sec-github-pat	orig2	6	0.30536	0	100	0.48	400
s_sec-github-pat	null	6	0.30403	0	100	0.48	400
s_sec-github-pat	rev	6	0.30456	0	100	0.48	400
s_sec-github-pat	orig@p16	6	0.30403	0	100	0.48	400
s_sec-github-pat	orig@p32	6	0.30458	0	100	0.48	400
s_sec-github-pat	orig@p64	7	0.30456	0	100	0.48	400
s_sec-github-pat	orig@p80	7	0.31157	0	100	0.48	400
s_sec-github-pat	orig@p96	7	0.30378	0	100	0.48	400
s_sec-github-pat	orig@p112	7	0.31935	0	100	0.48	400
s_sec-github-pat	rev@p16	7	0.30431	0	100	0.48	400
s_sec-github-pat	rev@p32	7	0.30538	0	100	0.48	400
s_sec-github-pat	rev@p48	7	0.30486	0	100	0.48	400
s_sec-github-pat	rev@p64	7	0.30431	0	100	0.48	400
s_sec-github-pat	rev@p80	7	0.30461	0	100	0.48	400
s_sec-github-pat	rev@p96	7	0.30431	0	100	0.48	400
s_sec-github-pat	rev@p112	7	0.30699	0	100	0.48	400
s_sec-github-pat	orig	7	0.30456	0	100	0.48	400
s_sec-github-pat	orig2	7	0.30403	0	100	0.48	400
s_sec-github-pat	null	7	0.30428	0	100	0.48	400
s_sec-github-pat	rev	7	0.30886	0	100	0.48	400
s_sec-github-pat	orig@p16	7	1.43306	0	100	0.48	400
s_sec-github-pat	orig@p32	7	0.12312	0	100	0.48	400
s_sec-github-pat	orig@p48	7	0.31154	0	100	0.48	400
s_sec-github-pat	orig@p80	8	0.30781	0	100	0.48	400
s_sec-github-pat	orig@p96	8	0.31157	0	100	0.48	400
s_sec-github-pat	orig@p112	8	0.32366	0	100	0.48	400
s_sec-github-pat	rev@p16	8	0.30431	0	100	0.48	400
s_sec-github-pat	rev@p32	8	0.14946	0	100	0.48	400
s_sec-github-pat	rev@p48	8	0.30511	0	100	0.48	400
s_sec-github-pat	rev@p64	8	0.32932	0	100	0.48	400
s_sec-github-pat	rev@p80	8	0.30403	0	100	0.48	400
s_sec-github-pat	rev@p96	8	0.33012	0	100	0.48	400
s_sec-github-pat	rev@p112	8	0.30456	0	100	0.48	400
s_sec-github-pat	orig	8	0.14974	0	100	0.48	400
s_sec-github-pat	orig2	8	0.30456	0	100	0.48	400
s_sec-github-pat	null	8	0.30806	0	100	0.48	400
s_sec-github-pat	rev	8	0.30431	0	100	0.48	400
s_sec-github-pat	orig@p16	8	0.31695	0	100	0.48	400
s_sec-github-pat	orig@p32	8	0.30458	0	100	0.48	400
s_sec-github-pat	orig@p48	8	0.31587	0	100	0.48	400
s_sec-github-pat	orig@p64	8	0.30591	0	100	0.48	400
s_sec-github-pat	orig@p96	9	0.12633	0	100	0.48	400
s_sec-github-pat	orig@p112	9	0.45349	0	100	0.48	400
s_sec-github-pat	rev@p16	9	0.30806	0	100	0.48	400
s_sec-github-pat	rev@p32	9	0.30403	0	100	0.48	400
s_sec-github-pat	rev@p48	9	0.30916	0	100	0.48	400
s_sec-github-pat	rev@p64	9	0.30456	0	100	0.48	400
s_sec-github-pat	rev@p80	9	0.12312	0	100	0.48	400
s_sec-github-pat	rev@p96	9	0.30456	0	100	0.48	400
s_sec-github-pat	rev@p112	9	0.30891	0	100	0.48	400
s_sec-github-pat	orig	9	0.30483	0	100	0.48	400
s_sec-github-pat	orig2	9	0.30834	0	100	0.48	400
s_sec-github-pat	null	9	0.30456	0	100	0.48	400
s_sec-github-pat	rev	9	0.12285	0	100	0.48	400
s_sec-github-pat	orig@p16	9	0.30403	0	100	0.48	400
s_sec-github-pat	orig@p32	9	0.30834	0	100	0.48	400
s_sec-github-pat	orig@p48	9	0.31132	0	100	0.48	400
s_sec-github-pat	orig@p64	9	0.31585	0	100	0.48	400
s_sec-github-pat	orig@p80	9	0.31262	0	100	0.48	400
s_sec-github-pat	orig@p112	10	0.32394	0	100	0.48	400
s_sec-github-pat	rev@p16	10	0.30431	0	100	0.48	400
s_sec-github-pat	rev@p32	10	0.12340	0	100	0.48	400
s_sec-github-pat	rev@p48	10	0.30483	0	100	0.48	400
s_sec-github-pat	rev@p64	10	0.30914	0	100	0.48	400
s_sec-github-pat	rev@p80	10	0.30428	0	100	0.48	400
s_sec-github-pat	rev@p96	10	0.30859	0	100	0.48	400
s_sec-github-pat	rev@p112	10	0.30428	0	100	0.48	400
s_sec-github-pat	orig	10	0.12365	0	100	0.48	400
s_sec-github-pat	orig2	10	0.30431	0	100	0.48	400
s_sec-github-pat	null	10	0.30831	0	100	0.48	400
s_sec-github-pat	rev	10	0.30456	0	100	0.48	400
s_sec-github-pat	orig@p16	10	0.30831	0	100	0.48	400
s_sec-github-pat	orig@p32	10	0.30566	0	100	0.48	400
s_sec-github-pat	orig@p48	10	0.31560	0	100	0.48	400
s_sec-github-pat	orig@p64	10	0.31184	0	100	0.48	400
s_sec-github-pat	orig@p80	10	0.12663	0	100	0.48	400
s_sec-github-pat	orig@p96	10	0.31182	0	100	0.48	400
s_sec-slack-webhook	orig	0	0.31142	0	100	0.48	400
s_sec-slack-webhook	orig2	0	0.31050	0	100	0.48	400
s_sec-slack-webhook	null	0	0.31110	0	100	0.48	400
s_sec-slack-webhook	rev	0	0.31081	0	100	0.48	400
s_sec-slack-webhook	orig@p16	0	0.31079	0	100	0.48	400
s_sec-slack-webhook	orig@p32	0	0.31047	0	100	0.48	400
s_sec-slack-webhook	orig@p48	0	0.31881	0	100	0.48	400
s_sec-slack-webhook	orig@p64	0	0.31171	0	100	0.48	400
s_sec-slack-webhook	orig@p80	0	0.31053	0	100	0.48	400
s_sec-slack-webhook	orig@p96	0	0.31858	0	100	0.48	400
s_sec-slack-webhook	orig@p112	0	0.32809	0	100	0.48	400
s_sec-slack-webhook	rev@p16	0	0.31050	0	100	0.48	400
s_sec-slack-webhook	rev@p32	0	0.31081	0	100	0.48	400
s_sec-slack-webhook	rev@p48	0	0.31081	0	100	0.48	400
s_sec-slack-webhook	rev@p64	0	0.31173	0	100	0.48	400
s_sec-slack-webhook	rev@p80	0	0.31079	0	100	0.48	400
s_sec-slack-webhook	rev@p96	0	0.31018	0	100	0.48	400
s_sec-slack-webhook	rev@p112	0	0.31018	0	100	0.48	400
s_sec-slack-webhook	orig2	1	0.31081	0	100	0.48	400
s_sec-slack-webhook	null	1	0.31018	0	100	0.48	400
s_sec-slack-webhook	rev	1	0.31142	0	100	0.48	400
s_sec-slack-webhook	orig@p16	1	0.31050	0	100	0.48	400
s_sec-slack-webhook	orig@p32	1	0.31326	0	100	0.48	400
s_sec-slack-webhook	orig@p48	1	0.31823	0	100	0.48	400
s_sec-slack-webhook	orig@p64	1	0.31915	0	100	0.48	400
s_sec-slack-webhook	orig@p80	1	0.31820	0	100	0.48	400
s_sec-slack-webhook	orig@p96	1	0.31823	0	100	0.48	400
s_sec-slack-webhook	orig@p112	1	0.32593	0	100	0.48	400
s_sec-slack-webhook	rev@p16	1	0.31081	0	100	0.48	400
s_sec-slack-webhook	rev@p32	1	0.31084	0	100	0.48	400
s_sec-slack-webhook	rev@p48	1	0.31018	0	100	0.48	400
s_sec-slack-webhook	rev@p64	1	0.31050	0	100	0.48	400
s_sec-slack-webhook	rev@p80	1	0.31050	0	100	0.48	400
s_sec-slack-webhook	rev@p96	1	0.31113	0	100	0.48	400
s_sec-slack-webhook	rev@p112	1	0.31081	0	100	0.48	400
s_sec-slack-webhook	orig	1	0.31110	0	100	0.48	400
s_sec-slack-webhook	null	2	0.31081	0	100	0.48	400
s_sec-slack-webhook	rev	2	0.31081	0	100	0.48	400
s_sec-slack-webhook	orig@p16	2	0.31047	0	100	0.48	400
s_sec-slack-webhook	orig@p32	2	0.31050	0	100	0.48	400
s_sec-slack-webhook	orig@p48	2	0.31852	0	100	0.48	400
s_sec-slack-webhook	orig@p64	2	0.31142	0	100	0.48	400
s_sec-slack-webhook	orig@p80	2	0.31205	0	100	0.48	400
s_sec-slack-webhook	orig@p96	2	0.32654	0	100	0.48	400
s_sec-slack-webhook	orig@p112	2	0.32622	0	100	0.48	400
s_sec-slack-webhook	rev@p16	2	0.31081	0	100	0.48	400
s_sec-slack-webhook	rev@p32	2	0.31081	0	100	0.48	400
s_sec-slack-webhook	rev@p48	2	0.31142	0	100	0.48	400
s_sec-slack-webhook	rev@p64	2	0.31079	0	100	0.48	400
s_sec-slack-webhook	rev@p80	2	0.30989	0	100	0.48	400
s_sec-slack-webhook	rev@p96	2	0.31081	0	100	0.48	400
s_sec-slack-webhook	rev@p112	2	0.31113	0	100	0.48	400
s_sec-slack-webhook	orig	2	0.31050	0	100	0.48	400
s_sec-slack-webhook	orig2	2	0.31079	0	100	0.48	400
s_sec-slack-webhook	rev	3	0.37839	0	100	0.48	400
s_sec-slack-webhook	orig@p16	3	0.31142	0	100	0.48	400
s_sec-slack-webhook	orig@p32	3	0.31050	0	100	0.48	400
s_sec-slack-webhook	orig@p48	3	0.31760	0	100	0.48	400
s_sec-slack-webhook	orig@p64	3	0.31852	0	100	0.48	400
s_sec-slack-webhook	orig@p80	3	0.31975	0	100	0.48	400
s_sec-slack-webhook	orig@p96	3	0.31820	0	100	0.48	400
s_sec-slack-webhook	orig@p112	3	0.32593	0	100	0.48	400
s_sec-slack-webhook	rev@p16	3	0.31021	0	100	0.48	400
s_sec-slack-webhook	rev@p32	3	0.31113	0	100	0.48	400
s_sec-slack-webhook	rev@p48	3	0.31021	0	100	0.48	400
s_sec-slack-webhook	rev@p64	3	0.31050	0	100	0.48	400
s_sec-slack-webhook	rev@p80	3	0.31050	0	100	0.48	400
s_sec-slack-webhook	rev@p96	3	0.31050	0	100	0.48	400
s_sec-slack-webhook	rev@p112	3	0.31297	0	100	0.48	400
s_sec-slack-webhook	orig	3	0.31294	0	100	0.48	400
s_sec-slack-webhook	orig2	3	0.31142	0	100	0.48	400
s_sec-slack-webhook	null	3	0.31050	0	100	0.48	400
s_sec-slack-webhook	orig@p16	4	0.31050	0	100	0.48	400
s_sec-slack-webhook	orig@p32	4	0.31047	0	100	0.48	400
s_sec-slack-webhook	orig@p48	4	0.31820	0	100	0.48	400
s_sec-slack-webhook	orig@p64	4	0.31820	0	100	0.48	400
s_sec-slack-webhook	orig@p80	4	0.31791	0	100	0.48	400
s_sec-slack-webhook	orig@p96	4	0.31760	0	100	0.48	400
s_sec-slack-webhook	orig@p112	4	0.32628	0	100	0.48	400
s_sec-slack-webhook	rev@p16	4	0.31081	0	100	0.48	400
s_sec-slack-webhook	rev@p32	4	0.31050	0	100	0.48	400
s_sec-slack-webhook	rev@p48	4	0.31047	0	100	0.48	400
s_sec-slack-webhook	rev@p64	4	0.30989	0	100	0.48	400
s_sec-slack-webhook	rev@p80	4	0.31081	0	100	0.48	400
s_sec-slack-webhook	rev@p96	4	0.31173	0	100	0.48	400
s_sec-slack-webhook	rev@p112	4	0.31081	0	100	0.48	400
s_sec-slack-webhook	orig	4	0.31079	0	100	0.48	400
s_sec-slack-webhook	orig2	4	0.31018	0	100	0.48	400
s_sec-slack-webhook	null	4	0.31018	0	100	0.48	400
s_sec-slack-webhook	rev	4	0.31047	0	100	0.48	400
s_sec-slack-webhook	orig@p32	5	0.31142	0	100	0.48	400
s_sec-slack-webhook	orig@p48	5	0.31852	0	100	0.48	400
s_sec-slack-webhook	orig@p64	5	0.31050	0	100	0.48	400
s_sec-slack-webhook	orig@p80	5	0.31760	0	100	0.48	400
s_sec-slack-webhook	orig@p96	5	0.31789	0	100	0.48	400
s_sec-slack-webhook	orig@p112	5	0.32654	0	100	0.48	400
s_sec-slack-webhook	rev@p16	5	0.31142	0	100	0.48	400
s_sec-slack-webhook	rev@p32	5	0.31018	0	100	0.48	400
s_sec-slack-webhook	rev@p48	5	0.31079	0	100	0.48	400
s_sec-slack-webhook	rev@p64	5	0.31079	0	100	0.48	400
s_sec-slack-webhook	rev@p80	5	0.31050	0	100	0.48	400
s_sec-slack-webhook	rev@p96	5	0.31021	0	100	0.48	400
s_sec-slack-webhook	rev@p112	5	0.31081	0	100	0.48	400
s_sec-slack-webhook	orig	5	0.31053	0	100	0.48	400
s_sec-slack-webhook	orig2	5	0.31113	0	100	0.48	400
s_sec-slack-webhook	null	5	0.31047	0	100	0.48	400
s_sec-slack-webhook	rev	5	0.31047	0	100	0.48	400
s_sec-slack-webhook	orig@p16	5	0.30987	0	100	0.48	400
s_sec-slack-webhook	orig@p48	6	0.31852	0	100	0.48	400
s_sec-slack-webhook	orig@p64	6	0.31820	0	100	0.48	400
s_sec-slack-webhook	orig@p80	6	0.17623	0	100	0.48	400
s_sec-slack-webhook	orig@p96	6	0.31820	0	100	0.48	400
s_sec-slack-webhook	orig@p112	6	0.14844	0	100	0.48	400
s_sec-slack-webhook	rev@p16	6	0.31050	0	100	0.48	400
s_sec-slack-webhook	rev@p32	6	0.35341	0	100	0.48	400
s_sec-slack-webhook	rev@p48	6	0.31050	0	100	0.48	400
s_sec-slack-webhook	rev@p64	6	0.14168	0	100	0.48	400
s_sec-slack-webhook	rev@p80	6	0.31050	0	100	0.48	400
s_sec-slack-webhook	rev@p96	6	0.35462	0	100	0.48	400
s_sec-slack-webhook	rev@p112	6	0.31265	0	100	0.48	400
s_sec-slack-webhook	orig	6	0.35402	0	100	0.48	400
s_sec-slack-webhook	orig2	6	0.30989	0	100	0.48	400
s_sec-slack-webhook	null	6	0.35399	0	100	0.48	400
s_sec-slack-webhook	rev	6	0.31018	0	100	0.48	400
s_sec-slack-webhook	orig@p16	6	0.14165	0	100	0.48	400
s_sec-slack-webhook	orig@p32	6	0.31050	0	100	0.48	400
s_sec-slack-webhook	orig@p64	7	0.14504	0	100	0.48	400
s_sec-slack-webhook	orig@p80	7	0.31481	0	100	0.48	400
s_sec-slack-webhook	orig@p96	7	0.36232	0	100	0.48	400
s_sec-slack-webhook	orig@p112	7	0.32622	0	100	0.48	400
s_sec-slack-webhook	rev@p16	7	0.35494	0	100	0.48	400
s_sec-slack-webhook	rev@p32	7	0.35370	0	100	0.48	400
s_sec-slack-webhook	rev@p48	7	0.35431	0	100	0.48	400
s_sec-slack-webhook	rev@p64	7	0.35341	0	100	0.48	400
s_sec-slack-webhook	rev@p80	7	0.35370	0	100	0.48	400
s_sec-slack-webhook	rev@p96	7	0.35586	0	100	0.48	400
s_sec-slack-webhook	rev@p112	7	0.35462	0	100	0.48	400
s_sec-slack-webhook	orig	7	0.35370	0	100	0.48	400
s_sec-slack-webhook	orig2	7	0.35402	0	100	0.48	400
s_sec-slack-webhook	null	7	0.34939	0	100	0.48	400
s_sec-slack-webhook	rev	7	0.31110	0	100	0.48	400
s_sec-slack-webhook	orig@p16	7	0.31079	0	100	0.48	400
s_sec-slack-webhook	orig@p32	7	0.31081	0	100	0.48	400
s_sec-slack-webhook	orig@p48	7	0.31820	0	100	0.48	400
s_sec-slack-webhook	orig@p80	8	0.31852	0	100	0.48	400
s_sec-slack-webhook	orig@p96	8	0.31820	0	100	0.48	400
s_sec-slack-webhook	orig@p112	8	0.32625	0	100	0.48	400
s_sec-slack-webhook	rev@p16	8	3.53057	0	100	0.48	400
s_sec-slack-webhook	rev@p32	8	0.31018	0	100	0.48	400
s_sec-slack-webhook	rev@p48	8	0.31047	0	100	0.48	400
s_sec-slack-webhook	rev@p64	8	0.31050	0	100	0.48	400
s_sec-slack-webhook	rev@p80	8	0.31050	0	100	0.48	400
s_sec-slack-webhook	rev@p96	8	0.31050	0	100	0.48	400
s_sec-slack-webhook	rev@p112	8	0.31050	0	100	0.48	400
s_sec-slack-webhook	orig	8	0.31050	0	100	0.48	400
s_sec-slack-webhook	orig2	8	0.31018	0	100	0.48	400
s_sec-slack-webhook	null	8	0.31081	0	100	0.48	400
s_sec-slack-webhook	rev	8	0.31113	0	100	0.48	400
s_sec-slack-webhook	orig@p16	8	0.31050	0	100	0.48	400
s_sec-slack-webhook	orig@p32	8	0.31110	0	100	0.48	400
s_sec-slack-webhook	orig@p48	8	0.31852	0	100	0.48	400
s_sec-slack-webhook	orig@p64	8	0.31791	0	100	0.48	400
s_sec-slack-webhook	orig@p96	9	0.31176	0	100	0.48	400
s_sec-slack-webhook	orig@p112	9	0.32593	0	100	0.48	400
s_sec-slack-webhook	rev@p16	9	0.31050	0	100	0.48	400
s_sec-slack-webhook	rev@p32	9	0.31021	0	100	0.48	400
s_sec-slack-webhook	rev@p48	9	0.31050	0	100	0.48	400
s_sec-slack-webhook	rev@p64	9	0.31021	0	100	0.48	400
s_sec-slack-webhook	rev@p80	9	0.31018	0	100	0.48	400
s_sec-slack-webhook	rev@p96	9	0.31018	0	100	0.48	400
s_sec-slack-webhook	rev@p112	9	0.31021	0	100	0.48	400
s_sec-slack-webhook	orig	9	0.31047	0	100	0.48	400
s_sec-slack-webhook	orig2	9	0.31018	0	100	0.48	400
s_sec-slack-webhook	null	9	0.31050	0	100	0.48	400
s_sec-slack-webhook	rev	9	0.31142	0	100	0.48	400
s_sec-slack-webhook	orig@p16	9	0.31081	0	100	0.48	400
s_sec-slack-webhook	orig@p32	9	0.31050	0	100	0.48	400
s_sec-slack-webhook	orig@p48	9	0.31791	0	100	0.48	400
s_sec-slack-webhook	orig@p64	9	0.31820	0	100	0.48	400
s_sec-slack-webhook	orig@p80	9	0.31791	0	100	0.48	400
s_sec-slack-webhook	orig@p112	10	0.32654	0	100	0.48	400
s_sec-slack-webhook	rev@p16	10	0.31018	0	100	0.48	400
s_sec-slack-webhook	rev@p32	10	0.31142	0	100	0.48	400
s_sec-slack-webhook	rev@p48	10	0.31110	0	100	0.48	400
s_sec-slack-webhook	rev@p64	10	0.31018	0	100	0.48	400
s_sec-slack-webhook	rev@p80	10	0.31050	0	100	0.48	400
s_sec-slack-webhook	rev@p96	10	0.31079	0	100	0.48	400
s_sec-slack-webhook	rev@p112	10	0.31081	0	100	0.48	400
s_sec-slack-webhook	orig	10	0.31024	0	100	0.48	400
s_sec-slack-webhook	orig2	10	0.31050	0	100	0.48	400
s_sec-slack-webhook	null	10	0.14168	0	100	0.48	400
s_sec-slack-webhook	rev	10	0.31050	0	100	0.48	400
s_sec-slack-webhook	orig@p16	10	0.35522	0	100	0.48	400
s_sec-slack-webhook	orig@p32	10	0.31173	0	100	0.48	400
s_sec-slack-webhook	orig@p48	10	0.14507	0	100	0.48	400
s_sec-slack-webhook	orig@p64	10	0.31852	0	100	0.48	400
s_sec-slack-webhook	orig@p80	10	0.36388	0	100	0.48	400
s_sec-slack-webhook	orig@p96	10	0.31852	0	100	0.48	400
s_sec-userpass	orig	0	0.74322	0	100	0.48	400
s_sec-userpass	orig2	0	0.90606	0	100	0.48	400
s_sec-userpass	null	0	0.74245	0	100	0.48	400
s_sec-userpass	rev	0	0.42121	0	100	0.48	400
s_sec-userpass	orig@p16	0	0.74322	0	100	0.48	400
s_sec-userpass	orig@p32	0	0.85145	0	100	0.48	400
s_sec-userpass	orig@p48	0	0.35602	0	100	0.48	400
s_sec-userpass	orig@p64	0	0.76439	0	100	0.48	400
s_sec-userpass	orig@p80	0	0.89089	0	100	0.48	400
s_sec-userpass	orig@p96	0	0.78104	0	100	0.48	400
s_sec-userpass	orig@p112	0	0.91291	0	100	0.48	400
s_sec-userpass	rev@p16	0	0.76291	0	100	0.48	400
s_sec-userpass	rev@p32	0	0.87347	0	100	0.48	400
s_sec-userpass	rev@p48	0	0.84701	0	100	0.48	400
s_sec-userpass	rev@p64	0	0.74245	0	100	0.48	400
s_sec-userpass	rev@p80	0	0.33866	0	100	0.48	400
s_sec-userpass	rev@p96	0	0.74167	0	100	0.48	400
s_sec-userpass	rev@p112	0	0.84701	0	100	0.48	400
s_sec-userpass	orig2	1	0.74160	0	100	0.48	400
s_sec-userpass	null	1	0.84772	0	100	0.48	400
s_sec-userpass	rev	1	0.86818	0	100	0.48	400
s_sec-userpass	orig@p16	1	2.22050	0	100	0.48	400
s_sec-userpass	orig@p32	1	0.84623	0	100	0.48	400
s_sec-userpass	orig@p48	1	0.89012	0	100	0.48	400
s_sec-userpass	orig@p64	1	0.91213	0	100	0.48	400
s_sec-userpass	orig@p80	1	0.88934	0	100	0.48	400
s_sec-userpass	orig@p96	1	0.89089	0	100	0.48	400
s_sec-userpass	orig@p112	1	0.91361	0	100	0.48	400
s_sec-userpass	rev@p16	1	0.86895	0	100	0.48	400
s_sec-userpass	rev@p32	1	0.86740	0	100	0.48	400
s_sec-userpass	rev@p48	1	0.50983	0	100	0.48	400
s_sec-userpass	rev@p64	1	0.84623	0	100	0.48	400
s_sec-userpass	rev@p80	1	0.84701	0	100	0.48	400
s_sec-userpass	rev@p96	1	0.33937	0	100	0.48	400
s_sec-userpass	rev@p112	1	0.84772	0	100	0.48	400
s_sec-userpass	orig	1	0.34014	0	100	0.48	400
s_sec-userpass	null	2	0.84779	0	100	0.48	400
s_sec-userpass	rev	2	0.34776	0	100	0.48	400
s_sec-userpass	orig@p16	2	0.84694	0	100	0.48	400
s_sec-userpass	orig@p32	2	0.33944	0	100	0.48	400
s_sec-userpass	orig@p48	2	0.88934	0	100	0.48	400
s_sec-userpass	orig@p64	2	0.89012	0	100	0.48	400
s_sec-userpass	orig@p80	2	0.35602	0	100	0.48	400
s_sec-userpass	orig@p96	2	0.44548	0	100	0.48	400
s_sec-userpass	orig@p112	2	0.45691	0	100	0.48	400
s_sec-userpass	rev@p16	2	0.34699	0	100	0.48	400
s_sec-userpass	rev@p32	2	0.86888	0	100	0.48	400
s_sec-userpass	rev@p48	2	0.34170	0	100	0.48	400
s_sec-userpass	rev@p64	2	0.42354	0	100	0.48	400
s_sec-userpass	rev@p80	2	0.33789	0	100	0.48	400
s_sec-userpass	rev@p96	2	0.33866	0	100	0.48	400
s_sec-userpass	rev@p112	2	0.33937	0	100	0.48	400
s_sec-userpass	orig	2	0.33944	0	100	0.48	400
s_sec-userpass	orig2	2	0.33866	0	100	0.48	400
s_sec-userpass	rev	3	0.34699	0	100	0.48	400
s_sec-userpass	orig@p16	3	0.42276	0	100	0.48	400
s_sec-userpass	orig@p32	3	0.43483	0	100	0.48	400
s_sec-userpass	orig@p48	3	0.44548	0	100	0.48	400
s_sec-userpass	orig@p64	3	0.44548	0	100	0.48	400
s_sec-userpass	orig@p80	3	0.35609	0	100	0.48	400
s_sec-userpass	orig@p96	3	0.89012	0	100	0.48	400
s_sec-userpass	orig@p112	3	0.45607	0	100	0.48	400
s_sec-userpass	rev@p16	3	0.34776	0	100	0.48	400
s_sec-userpass	rev@p32	3	0.34699	0	100	0.48	400
s_sec-userpass	rev@p48	3	0.33859	0	100	0.48	400
s_sec-userpass	rev@p64	3	0.33937	0	100	0.48	400
s_sec-userpass	rev@p80	3	0.42269	0	100	0.48	400
s_sec-userpass	rev@p96	3	0.33859	0	100	0.48	400
s_sec-userpass	rev@p112	3	0.42587	0	100	0.48	400
s_sec-userpass	orig	3	0.33859	0	100	0.48	400
s_sec-userpass	orig2	3	0.33937	0	100	0.48	400
s_sec-userpass	null	3	0.33859	0	100	0.48	400
s_sec-userpass	orig@p16	4	0.33937	0	100	0.48	400
s_sec-userpass	orig@p32	4	0.42347	0	100	0.48	400
s_sec-userpass	orig@p48	4	0.44548	0	100	0.48	400
s_sec-userpass	orig@p64	4	0.35602	0	100	0.48	400
s_sec-userpass	orig@p80	4	0.47801	0	100	0.48	400
s_sec-userpass	orig@p96	4	0.44471	0	100	0.48	400
s_sec-userpass	orig@p112	4	0.45600	0	100	0.48	400
s_sec-userpass	rev@p16	4	0.34699	0	100	0.48	400
s_sec-userpass	rev@p32	4	0.43335	0	100	0.48	400
s_sec-userpass	rev@p48	4	0.42269	0	100	0.48	400
s_sec-userpass	rev@p64	4	0.33937	0	100	0.48	400
s_sec-userpass	rev@p80	4	0.33859	0	100	0.48	400
s_sec-userpass	rev@p96	4	0.42269	0	100	0.48	400
s_sec-userpass	rev@p112	4	0.33859	0	100	0.48	400
s_sec-userpass	orig	4	0.42347	0	100	0.48	400
s_sec-userpass	orig2	4	0.33937	0	100	0.48	400
s_sec-userpass	null	4	0.42354	0	100	0.48	400
s_sec-userpass	rev	4	0.43405	0	100	0.48	400
s_sec-userpass	orig@p32	5	0.42347	0	100	0.48	400
s_sec-userpass	orig@p48	5	0.43412	0	100	0.48	400
s_sec-userpass	orig@p64	5	0.43631	0	100	0.48	400
s_sec-userpass	orig@p80	5	0.35609	0	100	0.48	400
s_sec-userpass	orig@p96	5	0.43483	0	100	0.48	400
s_sec-userpass	orig@p112	5	0.37500	0	100	0.48	400
s_sec-userpass	rev@p16	5	0.34769	0	100	0.48	400
s_sec-userpass	rev@p32	5	0.43412	0	100	0.48	400
s_sec-userpass	rev@p48	5	0.42425	0	100	0.48	400
s_sec-userpass	rev@p64	5	0.42347	0	100	0.48	400
s_sec-userpass	rev@p80	5	0.84546	0	100	0.48	400
s_sec-userpass	rev@p96	5	0.84701	0	100	0.48	400
s_sec-userpass	rev@p112	5	0.84701	0	100	0.48	400
s_sec-userpass	orig	5	0.84694	0	100	0.48	400
s_sec-userpass	orig2	5	0.84623	0	100	0.48	400
s_sec-userpass	null	5	0.84920	0	100	0.48	400
s_sec-userpass	rev	5	0.87121	0	100	0.48	400
s_sec-userpass	orig@p16	5	0.84694	0	100	0.48	400
s_sec-userpass	orig@p48	6	0.89019	0	100	0.48	400
s_sec-userpass	orig@p64	6	0.89012	0	100	0.48	400
s_sec-userpass	orig@p80	6	0.89089	0	100	0.48	400
s_sec-userpass	orig@p96	6	0.35609	0	100	0.48	400
s_sec-userpass	orig@p112	6	0.45607	0	100	0.48	400
s_sec-userpass	rev@p16	6	0.86740	0	100	0.48	400
s_sec-userpass	rev@p32	6	0.43405	0	100	0.48	400
s_sec-userpass	rev@p48	6	0.84694	0	100	0.48	400
s_sec-userpass	rev@p64	6	0.34318	0	100	0.48	400
s_sec-userpass	rev@p80	6	0.83636	0	100	0.48	400
s_sec-userpass	rev@p96	6	0.42347	0	100	0.48	400
s_sec-userpass	rev@p112	6	0.83487	0	100	0.48	400
s_sec-userpass	orig	6	0.84701	0	100	0.48	400
s_sec-userpass	orig2	6	0.83565	0	100	0.48	400
s_sec-userpass	null	6	0.41140	0	100	0.48	400
s_sec-userpass	rev	6	0.85682	0	100	0.48	400
s_sec-userpass	orig@p16	6	0.90458	0	100	0.48	400
s_sec-userpass	orig@p32	6	0.83636	0	100	0.48	400
s_sec-userpass	orig@p64	7	0.92730	0	100	0.48	400
s_sec-userpass	orig@p80	7	0.87798	0	100	0.48	400
s_sec-userpass	orig@p96	7	0.43180	0	100	0.48	400
s_sec-userpass	orig@p112	7	0.90000	0	100	0.48	400
s_sec-userpass	rev@p16	7	0.93026	0	100	0.48	400
s_sec-userpass	rev@p32	7	0.85682	0	100	0.48	400
s_sec-userpass	rev@p48	7	0.90755	0	100	0.48	400
s_sec-userpass	rev@p64	7	0.83868	0	100	0.48	400
s_sec-userpass	rev@p80	7	0.90529	0	100	0.48	400
s_sec-userpass	rev@p96	7	0.83487	0	100	0.48	400
s_sec-userpass	rev@p112	7	0.41140	0	100	0.48	400
s_sec-userpass	orig	7	0.83565	0	100	0.48	400
s_sec-userpass	orig2	7	0.91672	0	100	0.48	400
s_sec-userpass	null	7	0.83558	0	100	0.48	400
s_sec-userpass	rev	7	0.92652	0	100	0.48	400
s_sec-userpass	orig@p16	7	0.90677	0	100	0.48	400
s_sec-userpass	orig@p32	7	0.83636	0	100	0.48	400
s_sec-userpass	orig@p48	7	0.95080	0	100	0.48	400
s_sec-userpass	orig@p80	8	0.87798	0	100	0.48	400
s_sec-userpass	orig@p96	8	1.06968	0	100	0.48	400
s_sec-userpass	orig@p112	8	0.90000	0	100	0.48	400
s_sec-userpass	rev@p16	8	0.42192	0	100	0.48	400
s_sec-userpass	rev@p32	8	0.85682	0	100	0.48	400
s_sec-userpass	rev@p48	8	0.90606	0	100	0.48	400
s_sec-userpass	rev@p64	8	0.83332	0	100	0.48	400
s_sec-userpass	rev@p80	8	0.74167	0	100	0.48	400
s_sec-userpass	rev@p96	8	0.74315	0	100	0.48	400
s_sec-userpass	rev@p112	8	0.74315	0	100	0.48	400
s_sec-userpass	orig	8	0.76291	0	100	0.48	400
s_sec-userpass	orig2	8	0.74238	0	100	0.48	400
s_sec-userpass	null	8	0.74555	0	100	0.48	400
s_sec-userpass	rev	8	0.76136	0	100	0.48	400
s_sec-userpass	orig@p16	8	0.74238	0	100	0.48	400
s_sec-userpass	orig@p32	8	0.74315	0	100	0.48	400
s_sec-userpass	orig@p48	8	0.78026	0	100	0.48	400
s_sec-userpass	orig@p64	8	0.78104	0	100	0.48	400
s_sec-userpass	orig@p96	9	0.78182	0	100	0.48	400
s_sec-userpass	orig@p112	9	0.80073	0	100	0.48	400
s_sec-userpass	rev@p16	9	0.76143	0	100	0.48	400
s_sec-userpass	rev@p32	9	0.76517	0	100	0.48	400
s_sec-userpass	rev@p48	9	0.74315	0	100	0.48	400
s_sec-userpass	rev@p64	9	0.74245	0	100	0.48	400
s_sec-userpass	rev@p80	9	0.74245	0	100	0.48	400
s_sec-userpass	rev@p96	9	0.74322	0	100	0.48	400
s_sec-userpass	rev@p112	9	0.74619	0	100	0.48	400
s_sec-userpass	orig	9	0.74322	0	100	0.48	400
s_sec-userpass	orig2	9	0.74090	0	100	0.48	400
s_sec-userpass	null	9	0.74400	0	100	0.48	400
s_sec-userpass	rev	9	0.76143	0	100	0.48	400
s_sec-userpass	orig@p16	9	0.74393	0	100	0.48	400
s_sec-userpass	orig@p32	9	0.74393	0	100	0.48	400
s_sec-userpass	orig@p48	9	0.78104	0	100	0.48	400
s_sec-userpass	orig@p64	9	0.78182	0	100	0.48	400
s_sec-userpass	orig@p80	9	0.78034	0	100	0.48	400
s_sec-userpass	orig@p112	10	0.80002	0	100	0.48	400
s_sec-userpass	rev@p16	10	0.92956	0	100	0.48	400
s_sec-userpass	rev@p32	10	0.76136	0	100	0.48	400
s_sec-userpass	rev@p48	10	0.41211	0	100	0.48	400
s_sec-userpass	rev@p64	10	0.74167	0	100	0.48	400
s_sec-userpass	rev@p80	10	0.90451	0	100	0.48	400
s_sec-userpass	rev@p96	10	0.74315	0	100	0.48	400
s_sec-userpass	rev@p112	10	0.90536	0	100	0.48	400
s_sec-userpass	orig	10	0.74238	0	100	0.48	400
s_sec-userpass	orig2	10	0.41133	0	100	0.48	400
s_sec-userpass	null	10	0.74245	0	100	0.48	400
s_sec-userpass	rev	10	0.93104	0	100	0.48	400
s_sec-userpass	orig@p16	10	0.74322	0	100	0.48	400
s_sec-userpass	orig@p32	10	0.90529	0	100	0.48	400
s_sec-userpass	orig@p48	10	0.76439	0	100	0.48	400
s_sec-userpass	orig@p64	10	0.95305	0	100	0.48	400
s_sec-userpass	orig@p80	10	0.78026	0	100	0.48	400
s_sec-userpass	orig@p96	10	0.95080	0	100	0.48	400
s_v-email	orig	0	0.99380	0	100	0.48	400
s_v-email	orig2	0	1.21043	0	100	0.48	400
s_v-email	null	0	0.99487	0	100	0.48	400
s_v-email	rev	0	0.54900	0	100	0.48	400
s_v-email	orig@p16	0	0.99690	0	100	0.48	400
s_v-email	orig@p32	0	0.55220	0	100	0.48	400
s_v-email	orig@p48	0	1.02087	0	100	0.48	400
s_v-email	orig@p64	0	1.24273	0	100	0.48	400
s_v-email	orig@p80	0	1.01873	0	100	0.48	400
s_v-email	orig@p96	0	0.56452	0	100	0.48	400
s_v-email	orig@p112	0	0.99370	0	100	0.48	400
s_v-email	rev@p16	0	0.54997	0	100	0.48	400
s_v-email	rev@p32	0	0.99273	0	100	0.48	400
s_v-email	rev@p48	0	3.57298	0	100	0.48	400
s_v-email	rev@p64	0	0.99263	0	100	0.48	400
s_v-email	rev@p80	0	0.99370	0	100	0.48	400
s_v-email	rev@p96	0	0.99273	0	100	0.48	400
s_v-email	rev@p112	0	0.99487	0	100	0.48	400
s_v-email	orig2	1	0.99273	0	100	0.48	400
s_v-email	null	1	0.99787	0	100	0.48	400
s_v-email	rev	1	0.99380	0	100	0.48	400
s_v-email	orig@p16	1	0.99273	0	100	0.48	400
s_v-email	orig@p32	1	0.99380	0	100	0.48	400
s_v-email	orig@p48	1	1.02087	0	100	0.48	400
s_v-email	orig@p64	1	1.01873	0	100	0.48	400
s_v-email	orig@p80	1	3.06046	0	100	0.48	400
s_v-email	orig@p96	1	1.02184	0	100	0.48	400
s_v-email	orig@p112	1	0.99380	0	100	0.48	400
s_v-email	rev@p16	1	0.99273	0	100	0.48	400
s_v-email	rev@p32	1	0.99370	0	100	0.48	400
s_v-email	rev@p48	1	0.99380	0	100	0.48	400
s_v-email	rev@p64	1	1.00001	0	100	0.48	400
s_v-email	rev@p80	1	0.99166	0	100	0.48	400
s_v-email	rev@p96	1	0.99477	0	100	0.48	400
s_v-email	rev@p112	1	0.99584	0	100	0.48	400
s_v-email	orig	1	0.99487	0	100	0.48	400
s_v-email	null	2	0.99496	0	100	0.48	400
s_v-email	rev	2	0.99380	0	100	0.48	400
s_v-email	orig@p16	2	2.82598	0	100	0.48	400
s_v-email	orig@p32	2	0.99390	0	100	0.48	400
s_v-email	orig@p48	2	1.01980	0	100	0.48	400
s_v-email	orig@p64	2	1.02407	0	100	0.48	400
s_v-email	orig@p80	2	1.01883	0	100	0.48	400
s_v-email	orig@p96	2	1.01873	0	100	0.48	400
s_v-email	orig@p112	2	0.58547	0	100	0.48	400
s_v-email	rev@p16	2	0.99263	0	100	0.48	400
s_v-email	rev@p32	2	1.01980	0	100	0.48	400
s_v-email	rev@p48	2	0.99273	0	100	0.48	400
s_v-email	rev@p64	2	0.99273	0	100	0.48	400
s_v-email	rev@p80	2	0.99487	0	100	0.48	400
s_v-email	rev@p96	2	0.99263	0	100	0.48	400
s_v-email	rev@p112	2	0.99380	0	100	0.48	400
s_v-email	orig	2	0.99477	0	100	0.48	400
s_v-email	orig2	2	0.99477	0	100	0.48	400
s_v-email	rev	3	0.99273	0	100	0.48	400
s_v-email	orig@p16	3	1.52087	0	100	0.48	400
s_v-email	orig@p32	3	0.99477	0	100	0.48	400
s_v-email	orig@p48	3	1.01980	0	100	0.48	400
s_v-email	orig@p64	3	1.01873	0	100	0.48	400
s_v-email	orig@p80	3	1.02087	0	100	0.48	400
s_v-email	orig@p96	3	1.01873	0	100	0.48	400
s_v-email	orig@p112	3	0.99380	0	100	0.48	400
s_v-email	rev@p16	3	0.99380	0	100	0.48	400
s_v-email	rev@p32	3	0.99263	0	100	0.48	400
s_v-email	rev@p48	3	0.99370	0	100	0.48	400
s_v-email	rev@p64	3	0.99380	0	100	0.48	400
s_v-email	rev@p80	3	0.99273	0	100	0.48	400
s_v-email	rev@p96	3	0.99584	0	100	0.48	400
s_v-email	rev@p112	3	0.99380	0	100	0.48	400
s_v-email	orig	3	0.99273	0	100	0.48	400
s_v-email	orig2	3	1.28552	0	100	0.48	400
s_v-email	null	3	1.13330	0	100	0.48	400
s_v-email	orig@p16	4	0.99584	0	100	0.48	400
s_v-email	orig@p32	4	1.13437	0	100	0.48	400
s_v-email	orig@p48	4	1.02184	0	100	0.48	400
s_v-email	orig@p64	4	0.46353	0	100	0.48	400
s_v-email	orig@p80	4	1.01873	0	100	0.48	400
s_v-email	orig@p96	4	1.16250	0	100	0.48	400
s_v-email	orig@p112	4	0.99263	0	100	0.48	400
s_v-email	rev@p16	4	1.13330	0	100	0.48	400
s_v-email	rev@p32	4	0.99273	0	100	0.48	400
s_v-email	rev@p48	4	1.21043	0	100	0.48	400
s_v-email	rev@p64	4	0.99370	0	100	0.48	400
s_v-email	rev@p80	4	0.55006	0	100	0.48	400
s_v-email	rev@p96	4	0.99380	0	100	0.48	400
s_v-email	rev@p112	4	0.99273	0	100	0.48	400
s_v-email	orig	4	1.21150	0	100	0.48	400
s_v-email	orig2	4	1.02087	0	100	0.48	400
s_v-email	null	4	1.20829	0	100	0.48	400
s_v-email	rev	4	1.21033	0	100	0.48	400
s_v-email	orig@p32	5	0.99370	0	100	0.48	400
s_v-email	orig@p48	5	0.56452	0	100	0.48	400
s_v-email	orig@p64	5	1.01980	0	100	0.48	400
s_v-email	orig@p80	5	1.24167	0	100	0.48	400
s_v-email	orig@p96	5	1.02077	0	100	0.48	400
s_v-email	orig@p112	5	1.21353	0	100	0.48	400
s_v-email	rev@p16	5	0.99477	0	100	0.48	400
s_v-email	rev@p32	5	0.54997	0	100	0.48	400
s_v-email	rev@p48	5	0.99477	0	100	0.48	400
s_v-email	rev@p64	5	1.21140	0	100	0.48	400
s_v-email	rev@p80	5	0.99380	0	100	0.48	400
s_v-email	rev@p96	5	1.21140	0	100	0.48	400
s_v-email	rev@p112	5	0.99380	0	100	0.48	400
s_v-email	orig	5	0.55103	0	100	0.48	400
s_v-email	orig2	5	0.99477	0	100	0.48	400
s_v-email	null	5	1.21043	0	100	0.48	400
s_v-email	rev	5	0.99487	0	100	0.48	400
s_v-email	orig@p16	5	1.21043	0	100	0.48	400
s_v-email	orig@p48	6	1.02087	0	100	0.48	400
s_v-email	orig@p64	6	0.58751	0	100	0.48	400
s_v-email	orig@p80	6	1.01980	0	100	0.48	400
s_v-email	orig@p96	6	1.24264	0	100	0.48	400
s_v-email	orig@p112	6	0.99584	0	100	0.48	400
s_v-email	rev@p16	6	1.21033	0	100	0.48	400
s_v-email	rev@p32	6	0.99681	0	100	0.48	400
s_v-email	rev@p48	6	0.54997	0	100	0.48	400
s_v-email	rev@p64	6	1.00107	0	100	0.48	400
s_v-email	rev@p80	6	1.20946	0	100	0.48	400
s_v-email	rev@p96	6	0.99904	0	100	0.48	400
s_v-email	rev@p112	6	1.21247	0	100	0.48	400
s_v-email	orig	6	1.00214	0	100	0.48	400
s_v-email	orig2	6	1.32713	0	100	0.52	400
s_v-email	null	6	0.99477	0	100	0.52	400
s_v-email	rev	6	1.20946	0	100	0.52	400
s_v-email	orig@p16	6	0.99273	0	100	0.52	400
s_v-email	orig@p32	6	1.21043	0	100	0.52	400
s_v-email	orig@p64	7	1.01873	0	100	0.52	400
s_v-email	orig@p80	7	0.57917	0	100	0.52	400
s_v-email	orig@p96	7	1.01883	0	100	0.52	400
s_v-email	orig@p112	7	1.21247	0	100	0.52	400
s_v-email	rev@p16	7	0.99477	0	100	0.52	400
s_v-email	rev@p32	7	1.26039	0	100	0.52	400
s_v-email	rev@p48	7	0.99487	0	100	0.52	400
s_v-email	rev@p64	7	0.55103	0	100	0.52	400
s_v-email	rev@p80	7	0.99380	0	100	0.52	400
s_v-email	rev@p96	7	1.21043	0	100	0.52	400
s_v-email	rev@p112	7	0.99477	0	100	0.52	400
s_v-email	orig	7	1.20829	0	100	0.52	400
s_v-email	orig2	7	0.99370	0	100	0.52	400
s_v-email	null	7	0.55006	0	100	0.52	400
s_v-email	rev	7	0.99487	0	100	0.52	400
s_v-email	orig@p16	7	1.21150	0	100	0.52	400
s_v-email	orig@p32	7	0.99584	0	100	0.52	400
s_v-email	orig@p48	7	1.24060	0	100	0.52	400
s_v-email	orig@p80	8	1.02087	0	100	0.52	400
s_v-email	orig@p96	8	0.56355	0	100	0.52	400
s_v-email	orig@p112	8	0.99263	0	100	0.52	400
s_v-email	rev@p16	8	1.20946	0	100	0.52	400
s_v-email	rev@p32	8	0.99370	0	100	0.52	400
s_v-email	rev@p48	8	1.21256	0	100	0.52	400
s_v-email	rev@p64	8	0.99273	0	100	0.52	400
s_v-email	rev@p80	8	0.55520	0	100	0.52	400
s_v-email	rev@p96	8	0.99273	0	100	0.52	400
s_v-email	rev@p112	8	0.99370	0	100	0.52	400
s_v-email	orig	8	0.55433	0	100	0.52	400
s_v-email	orig2	8	1.21353	0	100	0.52	400
s_v-email	null	8	0.99273	0	100	0.52	400
s_v-email	rev	8	1.20839	0	100	0.52	400
s_v-email	orig@p16	8	0.99370	0	100	0.52	400
s_v-email	orig@p32	8	1.21256	0	100	0.52	400
s_v-email	orig@p48	8	1.01980	0	100	0.52	400
s_v-email	orig@p64	8	0.56558	0	100	0.52	400
s_v-email	orig@p96	9	1.01980	0	100	0.52	400
s_v-email	orig@p112	9	1.12389	0	100	0.52	400
s_v-email	rev@p16	9	0.99370	0	100	0.52	400
s_v-email	rev@p32	9	0.99584	0	100	0.52	400
s_v-email	rev@p48	9	0.99584	0	100	0.52	400
s_v-email	rev@p64	9	0.99487	0	100	0.52	400
s_v-email	rev@p80	9	0.99380	0	100	0.52	400
s_v-email	rev@p96	9	0.99487	0	100	0.52	400
s_v-email	rev@p112	9	0.99370	0	100	0.52	400
s_v-email	orig	9	0.99390	0	100	0.52	400
s_v-email	orig2	9	0.99477	0	100	0.52	400
s_v-email	null	9	0.99380	0	100	0.52	400
s_v-email	rev	9	0.99477	0	100	0.52	400
s_v-email	orig@p16	9	0.99477	0	100	0.52	400
s_v-email	orig@p32	9	0.99380	0	100	0.52	400
s_v-email	orig@p48	9	1.01883	0	100	0.52	400
s_v-email	orig@p64	9	1.02087	0	100	0.52	400
s_v-email	orig@p80	9	1.01980	0	100	0.52	400
s_v-email	orig@p112	10	0.99690	0	100	0.52	400
s_v-email	rev@p16	10	0.99380	0	100	0.52	400
s_v-email	rev@p32	10	0.99477	0	100	0.52	400
s_v-email	rev@p48	10	0.99477	0	100	0.52	400
s_v-email	rev@p64	10	0.99380	0	100	0.52	400
s_v-email	rev@p80	10	0.99273	0	100	0.52	400
s_v-email	rev@p96	10	0.99477	0	100	0.52	400
s_v-email	rev@p112	10	0.99390	0	100	0.52	400
s_v-email	orig	10	0.99380	0	100	0.52	400
s_v-email	orig2	10	0.99477	0	100	0.52	400
s_v-email	null	10	0.99273	0	100	0.52	400
s_v-email	rev	10	0.99370	0	100	0.52	400
s_v-email	orig@p16	10	0.99380	0	100	0.52	400
s_v-email	orig@p32	10	0.99370	0	100	0.52	400
s_v-email	orig@p48	10	1.01873	0	100	0.52	400
s_v-email	orig@p64	10	1.01883	0	100	0.52	400
s_v-email	orig@p80	10	1.02087	0	100	0.52	400
s_v-email	orig@p96	10	1.01766	0	100	0.52	400
s_v-ipv4	orig	0	2.17506	0	100	0.52	400
s_v-ipv4	orig2	0	2.17062	0	100	0.52	400
s_v-ipv4	null	0	2.17273	0	100	0.52	400
s_v-ipv4	rev	0	2.16596	0	100	0.52	400
s_v-ipv4	orig@p16	0	2.16596	0	100	0.52	400
s_v-ipv4	orig@p32	0	2.17040	0	100	0.52	400
s_v-ipv4	orig@p48	0	2.22501	0	100	0.52	400
s_v-ipv4	orig@p64	0	2.22734	0	100	0.52	400
s_v-ipv4	orig@p80	0	2.22501	0	100	0.52	400
s_v-ipv4	orig@p96	0	2.22501	0	100	0.52	400
s_v-ipv4	orig@p112	0	2.17506	0	100	0.52	400
s_v-ipv4	rev@p16	0	2.17040	0	100	0.52	400
s_v-ipv4	rev@p32	0	2.17273	0	100	0.52	400
s_v-ipv4	rev@p48	0	2.16596	0	100	0.52	400
s_v-ipv4	rev@p64	0	2.17273	0	100	0.52	400
s_v-ipv4	rev@p80	0	2.17485	0	100	0.52	400
s_v-ipv4	rev@p96	0	2.17062	0	100	0.52	400
s_v-ipv4	rev@p112	0	2.17062	0	100	0.52	400
s_v-ipv4	orig2	1	2.16829	0	100	0.52	400
s_v-ipv4	null	1	2.17040	0	100	0.52	400
s_v-ipv4	rev	1	2.17040	0	100	0.52	400
s_v-ipv4	orig@p16	1	2.17040	0	100	0.52	400
s_v-ipv4	orig@p32	1	2.17062	0	100	0.52	400
s_v-ipv4	orig@p48	1	2.23179	0	100	0.52	400
s_v-ipv4	orig@p64	1	2.22734	0	100	0.52	400
s_v-ipv4	orig@p80	1	2.22501	0	100	0.52	400
s_v-ipv4	orig@p96	1	2.22501	0	100	0.52	400
s_v-ipv4	orig@p112	1	2.16808	0	100	0.52	400
s_v-ipv4	rev@p16	1	2.17062	0	100	0.52	400
s_v-ipv4	rev@p32	1	2.16808	0	100	0.52	400
s_v-ipv4	rev@p48	1	5.43427	0	100	0.52	400
s_v-ipv4	rev@p64	1	2.17273	0	100	0.52	400
s_v-ipv4	rev@p80	1	2.17273	0	100	0.52	400
s_v-ipv4	rev@p96	1	2.16808	0	100	0.52	400
s_v-ipv4	rev@p112	1	2.17040	0	100	0.52	400
s_v-ipv4	orig	1	2.17506	0	100	0.52	400
s_v-ipv4	null	2	0.98636	0	100	0.52	400
s_v-ipv4	rev	2	2.17040	0	100	0.52	400
s_v-ipv4	orig@p16	2	0.98868	0	100	0.52	400
s_v-ipv4	orig@p32	2	2.17040	0	100	0.52	400
s_v-ipv4	orig@p48	2	1.01810	0	100	0.52	400
s_v-ipv4	orig@p64	2	2.54547	0	100	0.52	400
s_v-ipv4	orig@p80	2	2.22501	0	100	0.52	400
s_v-ipv4	orig@p96	2	2.53193	0	100	0.52	400
s_v-ipv4	orig@p112	2	2.47499	0	100	0.52	400
s_v-ipv4	rev@p16	2	2.16829	0	100	0.52	400
s_v-ipv4	rev@p32	2	1.00223	0	100	0.52	400
s_v-ipv4	rev@p48	2	2.16808	0	100	0.52	400
s_v-ipv4	rev@p64	2	2.47287	0	100	0.52	400
s_v-ipv4	rev@p80	2	2.17273	0	100	0.52	400
s_v-ipv4	rev@p96	2	2.47287	0	100	0.52	400
s_v-ipv4	rev@p112	2	2.16808	0	100	0.52	400
s_v-ipv4	orig	2	0.99101	0	100	0.52	400
s_v-ipv4	orig2	2	2.17040	0	100	0.52	400
s_v-ipv4	rev	3	2.47266	0	100	0.52	400
s_v-ipv4	orig@p16	3	2.17506	0	100	0.52	400
s_v-ipv4	orig@p32	3	2.47499	0	100	0.52	400
s_v-ipv4	orig@p48	3	2.22713	0	100	0.52	400
s_v-ipv4	orig@p64	3	1.01599	0	100	0.52	400
s_v-ipv4	orig@p80	3	2.22501	0	100	0.52	400
s_v-ipv4	orig@p96	3	2.54082	0	100	0.52	400
s_v-ipv4	orig@p112	3	2.44091	0	100	0.52	400
s_v-ipv4	rev@p16	3	2.18882	0	100	0.52	400
s_v-ipv4	rev@p32	3	2.16808	0	100	0.52	400
s_v-ipv4	rev@p48	3	2.16808	0	100	0.52	400
s_v-ipv4	rev@p64	3	2.17273	0	100	0.52	400
s_v-ipv4	rev@p80	3	2.16829	0	100	0.52	400
s_v-ipv4	rev@p96	3	2.16829	0	100	0.52	400
s_v-ipv4	rev@p112	3	2.16808	0	100	0.52	400
s_v-ipv4	orig	3	2.17951	0	100	0.52	400
s_v-ipv4	orig2	3	2.17273	0	100	0.52	400
s_v-ipv4	null	3	2.18861	0	100	0.52	400
s_v-ipv4	orig@p16	4	2.16363	0	100	0.52	400
s_v-ipv4	orig@p32	4	2.17062	0	100	0.52	400
s_v-ipv4	orig@p48	4	2.22269	0	100	0.52	400
s_v-ipv4	orig@p64	4	2.22269	0	100	0.52	400
s_v-ipv4	orig@p80	4	2.22269	0	100	0.52	400
s_v-ipv4	orig@p96	4	2.22057	0	100	0.52	400
s_v-ipv4	orig@p112	4	2.17040	0	100	0.52	400
s_v-ipv4	rev@p16	4	2.16596	0	100	0.52	400
s_v-ipv4	rev@p32	4	2.17040	0	100	0.52	400
s_v-ipv4	rev@p48	4	2.16829	0	100	0.52	400
s_v-ipv4	rev@p64	4	2.16575	0	100	0.52	400
s_v-ipv4	rev@p80	4	2.16596	0	100	0.52	400
s_v-ipv4	rev@p96	4	2.91123	0	100	0.52	400
s_v-ipv4	rev@p112	4	2.16808	0	100	0.52	400
s_v-ipv4	orig	4	2.16829	0	100	0.52	400
s_v-ipv4	orig2	4	2.16596	0	100	0.52	400
s_v-ipv4	null	4	2.17062	0	100	0.52	400
s_v-ipv4	rev	4	2.22946	0	100	0.52	400
s_v-ipv4	orig@p32	5	2.17040	0	100	0.52	400
s_v-ipv4	orig@p48	5	2.22734	0	100	0.52	400
s_v-ipv4	orig@p64	5	2.22734	0	100	0.52	400
s_v-ipv4	orig@p80	5	2.22269	0	100	0.52	400
s_v-ipv4	orig@p96	5	2.22501	0	100	0.52	400
s_v-ipv4	orig@p112	5	2.17062	0	100	0.52	400
s_v-ipv4	rev@p16	5	2.17062	0	100	0.52	400
s_v-ipv4	rev@p32	5	2.16596	0	100	0.52	400
s_v-ipv4	rev@p48	5	2.17040	0	100	0.52	400
s_v-ipv4	rev@p64	5	2.16363	0	100	0.52	400
s_v-ipv4	rev@p80	5	2.17506	0	100	0.52	400
s_v-ipv4	rev@p96	5	2.16808	0	100	0.52	400
s_v-ipv4	rev@p112	5	2.16808	0	100	0.52	400
s_v-ipv4	orig	5	2.17062	0	100	0.52	400
s_v-ipv4	orig2	5	2.16829	0	100	0.52	400
s_v-ipv4	null	5	2.16808	0	100	0.52	400
s_v-ipv4	rev	5	2.16829	0	100	0.52	400
s_v-ipv4	orig@p16	5	2.17040	0	100	0.52	400
s_v-ipv4	orig@p48	6	2.22501	0	100	0.52	400
s_v-ipv4	orig@p64	6	2.22269	0	100	0.52	400
s_v-ipv4	orig@p80	6	2.22501	0	100	0.52	400
s_v-ipv4	orig@p96	6	2.22269	0	100	0.52	400
s_v-ipv4	orig@p112	6	2.16808	0	100	0.52	400
s_v-ipv4	rev@p16	6	2.16829	0	100	0.52	400
s_v-ipv4	rev@p32	6	2.16829	0	100	0.52	400
s_v-ipv4	rev@p48	6	2.16829	0	100	0.52	400
s_v-ipv4	rev@p64	6	2.17062	0	100	0.52	400
s_v-ipv4	rev@p80	6	2.18649	0	100	0.52	400
s_v-ipv4	rev@p96	6	2.17040	0	100	0.52	400
s_v-ipv4	rev@p112	6	2.19305	0	100	0.52	400
s_v-ipv4	orig	6	2.16596	0	100	0.52	400
s_v-ipv4	orig2	6	2.17040	0	100	0.52	400
s_v-ipv4	null	6	2.17040	0	100	0.52	400
s_v-ipv4	rev	6	2.16829	0	100	0.52	400
s_v-ipv4	orig@p16	6	2.16575	0	100	0.52	400
s_v-ipv4	orig@p32	6	2.17506	0	100	0.52	400
s_v-ipv4	orig@p64	7	2.22501	0	100	0.52	400
s_v-ipv4	orig@p80	7	6.24769	0	100	0.52	400
s_v-ipv4	orig@p96	7	2.22734	0	100	0.52	400
s_v-ipv4	orig@p112	7	2.17506	0	100	0.52	400
s_v-ipv4	rev@p16	7	2.17040	0	100	0.52	400
s_v-ipv4	rev@p32	7	2.17506	0	100	0.52	400
s_v-ipv4	rev@p48	7	2.16808	0	100	0.52	400
s_v-ipv4	rev@p64	7	2.17273	0	100	0.52	400
s_v-ipv4	rev@p80	7	2.17040	0	100	0.52	400
s_v-ipv4	rev@p96	7	2.17040	0	100	0.52	400
s_v-ipv4	rev@p112	7	2.17273	0	100	0.52	400
s_v-ipv4	orig	7	2.16829	0	100	0.52	400
s_v-ipv4	orig2	7	2.20448	0	100	0.52	400
s_v-ipv4	null	7	2.17506	0	100	0.52	400
s_v-ipv4	rev	7	2.17506	0	100	0.52	400
s_v-ipv4	orig@p16	7	2.17040	0	100	0.52	400
s_v-ipv4	orig@p32	7	2.17252	0	100	0.52	400
s_v-ipv4	orig@p48	7	2.22057	0	100	0.52	400
s_v-ipv4	orig@p80	8	2.72729	0	100	0.52	400
s_v-ipv4	orig@p96	8	2.22269	0	100	0.52	400
s_v-ipv4	orig@p112	8	2.63882	0	100	0.52	400
s_v-ipv4	rev@p16	8	2.16829	0	100	0.52	400
s_v-ipv4	rev@p32	8	1.19992	0	100	0.52	400
s_v-ipv4	rev@p48	8	2.16363	0	100	0.52	400
s_v-ipv4	rev@p64	8	2.64093	0	100	0.52	400
s_v-ipv4	rev@p80	8	1.19992	0	100	0.52	400
s_v-ipv4	rev@p96	8	2.17506	0	100	0.52	400
s_v-ipv4	rev@p112	8	2.65004	0	100	0.52	400
s_v-ipv4	orig	8	2.17040	0	100	0.52	400
s_v-ipv4	orig2	8	2.64093	0	100	0.52	400
s_v-ipv4	null	8	2.16829	0	100	0.52	400
s_v-ipv4	rev	8	1.20246	0	100	0.52	400
s_v-ipv4	orig@p16	8	2.17506	0	100	0.52	400
s_v-ipv4	orig@p32	8	1.20225	0	100	0.52	400
s_v-ipv4	orig@p48	8	2.22734	0	100	0.52	400
s_v-ipv4	orig@p64	8	2.22269	0	100	0.52	400
s_v-ipv4	orig@p96	9	2.22501	0	100	0.52	400
s_v-ipv4	orig@p112	9	2.17951	0	100	0.52	400
s_v-ipv4	rev@p16	9	2.17040	0	100	0.52	400
s_v-ipv4	rev@p32	9	2.17485	0	100	0.52	400
s_v-ipv4	rev@p48	9	2.16808	0	100	0.52	400
s_v-ipv4	rev@p64	9	2.16850	0	100	0.52	400
s_v-ipv4	rev@p80	9	3.93653	0	100	0.52	400
s_v-ipv4	rev@p96	9	2.17506	0	100	0.52	400
s_v-ipv4	rev@p112	9	2.17040	0	100	0.52	400
s_v-ipv4	orig	9	2.16808	0	100	0.52	400
s_v-ipv4	orig2	9	2.16808	0	100	0.52	400
s_v-ipv4	null	9	2.17040	0	100	0.52	400
s_v-ipv4	rev	9	2.17273	0	100	0.52	400
s_v-ipv4	orig@p16	9	2.17062	0	100	0.52	400
s_v-ipv4	orig@p32	9	2.17273	0	100	0.52	400
s_v-ipv4	orig@p48	9	2.22501	0	100	0.52	400
s_v-ipv4	orig@p64	9	2.22501	0	100	0.52	400
s_v-ipv4	orig@p80	9	5.28631	0	100	0.52	400
s_v-ipv4	orig@p112	10	2.16596	0	100	0.52	400
s_v-ipv4	rev@p16	10	2.17951	0	100	0.52	400
s_v-ipv4	rev@p32	10	2.16829	0	100	0.52	400
s_v-ipv4	rev@p48	10	2.17040	0	100	0.52	400
s_v-ipv4	rev@p64	10	2.16363	0	100	0.52	400
s_v-ipv4	rev@p80	10	2.16808	0	100	0.52	400
s_v-ipv4	rev@p96	10	2.17739	0	100	0.52	400
s_v-ipv4	rev@p112	10	2.16829	0	100	0.52	400
s_v-ipv4	orig	10	2.16829	0	100	0.52	400
s_v-ipv4	orig2	10	2.16596	0	100	0.52	400
s_v-ipv4	null	10	2.16808	0	100	0.52	400
s_v-ipv4	rev	10	2.16808	0	100	0.52	400
s_v-ipv4	orig@p16	10	2.16596	0	100	0.52	400
s_v-ipv4	orig@p32	10	2.17506	0	100	0.52	400
s_v-ipv4	orig@p48	10	2.22501	0	100	0.52	400
s_v-ipv4	orig@p64	10	2.22036	0	100	0.52	400
s_v-ipv4	orig@p80	10	2.22269	0	100	0.52	400
s_v-ipv4	orig@p96	10	2.22501	0	100	0.52	400
s_v-ipv4-oor	orig	0	2.64728	0	100	0.52	400
s_v-ipv4-oor	orig2	0	2.65272	0	100	0.52	400
s_v-ipv4-oor	null	0	2.65272	0	100	0.52	400
s_v-ipv4-oor	rev	0	2.64987	0	100	0.52	400
s_v-ipv4-oor	orig@p16	0	2.65013	0	100	0.52	400
s_v-ipv4-oor	orig@p32	0	2.65556	0	100	0.52	400
s_v-ipv4-oor	orig@p48	0	2.71946	0	100	0.52	400
s_v-ipv4-oor	orig@p64	0	2.71662	0	100	0.52	400
s_v-ipv4-oor	orig@p80	0	2.71662	0	100	0.52	400
s_v-ipv4-oor	orig@p96	0	2.72489	0	100	0.52	400
s_v-ipv4-oor	orig@p112	0	1.20839	0	100	0.52	400
s_v-ipv4-oor	rev@p16	0	2.64987	0	100	0.52	400
s_v-ipv4-oor	rev@p32	0	3.10286	0	100	0.52	400
s_v-ipv4-oor	rev@p48	0	2.65815	0	100	0.52	400
s_v-ipv4-oor	rev@p64	0	1.21098	0	100	0.52	400
s_v-ipv4-oor	rev@p80	0	2.64728	0	100	0.52	400
s_v-ipv4-oor	rev@p96	0	2.65013	0	100	0.52	400
s_v-ipv4-oor	rev@p112	0	3.03042	0	100	0.52	400
s_v-ipv4-oor	orig2	1	2.65867	0	100	0.52	400
s_v-ipv4-oor	null	1	3.01930	0	100	0.52	400
s_v-ipv4-oor	rev	1	2.66384	0	100	0.52	400
s_v-ipv4-oor	orig@p16	1	1.20839	0	100	0.52	400
s_v-ipv4-oor	orig@p32	1	2.65556	0	100	0.52	400
s_v-ipv4-oor	orig@p48	1	3.17788	0	100	0.52	400
s_v-ipv4-oor	orig@p64	1	2.71946	0	100	0.52	400
s_v-ipv4-oor	orig@p80	1	3.42520	0	100	0.52	400
s_v-ipv4-oor	orig@p96	1	2.71946	0	100	0.52	400
s_v-ipv4-oor	orig@p112	1	3.02214	0	100	0.52	400
s_v-ipv4-oor	rev@p16	1	2.65298	0	100	0.52	400
s_v-ipv4-oor	rev@p32	1	1.58066	0	100	0.52	400
s_v-ipv4-oor	rev@p48	1	2.65272	0	100	0.52	400
s_v-ipv4-oor	rev@p64	1	3.01671	0	100	0.52	400
s_v-ipv4-oor	rev@p80	1	2.65013	0	100	0.52	400
s_v-ipv4-oor	rev@p96	1	3.02525	0	100	0.52	400
s_v-ipv4-oor	rev@p112	1	2.64728	0	100	0.52	400
s_v-ipv4-oor	orig	1	1.46942	0	100	0.52	400
s_v-ipv4-oor	null	2	2.65298	0	100	0.52	400
s_v-ipv4-oor	rev	2	3.22781	0	100	0.52	400
s_v-ipv4-oor	orig@p16	2	2.64703	0	100	0.52	400
s_v-ipv4-oor	orig@p32	2	3.23065	0	100	0.52	400
s_v-ipv4-oor	orig@p48	2	2.72774	0	100	0.52	400
s_v-ipv4-oor	orig@p64	2	1.50823	0	100	0.52	400
s_v-ipv4-oor	orig@p80	2	2.71687	0	100	0.52	400
s_v-ipv4-oor	orig@p96	2	2.72489	0	100	0.52	400
s_v-ipv4-oor	orig@p112	2	2.98592	0	100	0.52	400
s_v-ipv4-oor	rev@p16	2	2.65841	0	100	0.52	400
s_v-ipv4-oor	rev@p32	2	2.65272	0	100	0.52	400
s_v-ipv4-oor	rev@p48	2	2.65298	0	100	0.52	400
s_v-ipv4-oor	rev@p64	2	2.64728	0	100	0.52	400
s_v-ipv4-oor	rev@p80	2	2.64987	0	100	0.52	400
s_v-ipv4-oor	rev@p96	2	2.65298	0	100	0.52	400
s_v-ipv4-oor	rev@p112	2	2.64987	0	100	0.52	400
s_v-ipv4-oor	orig	2	2.64987	0	100	0.52	400
s_v-ipv4-oor	orig2	2	2.65841	0	100	0.52	400
s_v-ipv4-oor	rev	3	2.65272	0	100	0.52	400
s_v-ipv4-oor	orig@p16	3	8.27765	0	100	0.52	400
s_v-ipv4-oor	orig@p32	3	2.65272	0	100	0.52	400
s_v-ipv4-oor	orig@p48	3	2.71946	0	100	0.52	400
s_v-ipv4-oor	orig@p64	3	2.72205	0	100	0.52	400
s_v-ipv4-oor	orig@p80	3	2.71946	0	100	0.52	400
s_v-ipv4-oor	orig@p96	3	2.72205	0	100	0.52	400
s_v-ipv4-oor	orig@p112	3	2.64728	0	100	0.52	400
s_v-ipv4-oor	rev@p16	3	2.64728	0	100	0.52	400
s_v-ipv4-oor	rev@p32	3	2.65841	0	100	0.52	400
s_v-ipv4-oor	rev@p48	3	2.64987	0	100	0.52	400
s_v-ipv4-oor	rev@p64	3	2.65272	0	100	0.52	400
s_v-ipv4-oor	rev@p80	3	2.64987	0	100	0.52	400
s_v-ipv4-oor	rev@p96	3	2.65013	0	100	0.52	400
s_v-ipv4-oor	rev@p112	3	2.65556	0	100	0.52	400
s_v-ipv4-oor	orig	3	2.65013	0	100	0.52	400
s_v-ipv4-oor	orig2	3	2.65298	0	100	0.52	400
s_v-ipv4-oor	null	3	2.65272	0	100	0.52	400
s_v-ipv4-oor	orig@p16	4	2.65272	0	100	0.52	400
s_v-ipv4-oor	orig@p32	4	2.65013	0	100	0.52	400
s_v-ipv4-oor	orig@p48	4	3.86939	0	100	0.52	400
s_v-ipv4-oor	orig@p64	4	2.71946	0	100	0.52	400
s_v-ipv4-oor	orig@p80	4	2.72231	0	100	0.52	400
s_v-ipv4-oor	orig@p96	4	2.71946	0	100	0.52	400
s_v-ipv4-oor	orig@p112	4	2.65272	0	100	0.52	400
s_v-ipv4-oor	rev@p16	4	2.65272	0	100	0.52	400
s_v-ipv4-oor	rev@p32	4	2.65272	0	100	0.52	400
s_v-ipv4-oor	rev@p48	4	2.65298	0	100	0.52	400
s_v-ipv4-oor	rev@p64	4	2.64703	0	100	0.52	400
s_v-ipv4-oor	rev@p80	4	2.65272	0	100	0.52	400
s_v-ipv4-oor	rev@p96	4	2.64987	0	100	0.52	400
s_v-ipv4-oor	rev@p112	4	2.66100	0	100	0.52	400
s_v-ipv4-oor	orig	4	2.65272	0	100	0.52	400
s_v-ipv4-oor	orig2	4	2.65556	0	100	0.52	400
s_v-ipv4-oor	null	4	2.64987	0	100	0.52	400
s_v-ipv4-oor	rev	4	2.64728	0	100	0.52	400
s_v-ipv4-oor	orig@p32	5	2.64987	0	100	0.52	400
s_v-ipv4-oor	orig@p48	5	2.71687	0	100	0.52	400
s_v-ipv4-oor	orig@p64	5	2.71377	0	100	0.52	400
s_v-ipv4-oor	orig@p80	5	2.73059	0	100	0.52	400
s_v-ipv4-oor	orig@p96	5	2.72489	0	100	0.52	400
s_v-ipv4-oor	orig@p112	5	2.65556	0	100	0.52	400
s_v-ipv4-oor	rev@p16	5	3.18616	0	100	0.52	400
s_v-ipv4-oor	rev@p32	5	2.64444	0	100	0.52	400
s_v-ipv4-oor	rev@p48	5	2.65013	0	100	0.52	400
s_v-ipv4-oor	rev@p64	5	2.65272	0	100	0.52	400
s_v-ipv4-oor	rev@p80	5	2.65556	0	100	0.52	400
s_v-ipv4-oor	rev@p96	5	2.65272	0	100	0.52	400
s_v-ipv4-oor	rev@p112	5	2.64987	0	100	0.52	400
s_v-ipv4-oor	orig	5	2.64987	0	100	0.52	400
s_v-ipv4-oor	orig2	5	2.65013	0	100	0.52	400
s_v-ipv4-oor	null	5	2.66100	0	100	0.52	400
s_v-ipv4-oor	rev	5	2.64987	0	100	0.52	400
s_v-ipv4-oor	orig@p16	5	3.04180	0	100	0.52	400
s_v-ipv4-oor	orig@p48	6	2.73033	0	100	0.52	400
s_v-ipv4-oor	orig@p64	6	2.72231	0	100	0.52	400
s_v-ipv4-oor	orig@p80	6	2.71662	0	100	0.52	400
s_v-ipv4-oor	orig@p96	6	2.71946	0	100	0.52	400
s_v-ipv4-oor	orig@p112	6	2.65013	0	100	0.52	400
s_v-ipv4-oor	rev@p16	6	2.65013	0	100	0.52	400
s_v-ipv4-oor	rev@p32	6	2.65013	0	100	0.52	400
s_v-ipv4-oor	rev@p48	6	2.65272	0	100	0.52	400
s_v-ipv4-oor	rev@p64	6	2.64728	0	100	0.52	400
s_v-ipv4-oor	rev@p80	6	2.65556	0	100	0.52	400
s_v-ipv4-oor	rev@p96	6	2.65556	0	100	0.52	400
s_v-ipv4-oor	rev@p112	6	2.64987	0	100	0.52	400
s_v-ipv4-oor	orig	6	2.65272	0	100	0.52	400
s_v-ipv4-oor	orig2	6	2.65556	0	100	0.52	400
s_v-ipv4-oor	null	6	2.64728	0	100	0.52	400
s_v-ipv4-oor	rev	6	2.64728	0	100	0.52	400
s_v-ipv4-oor	orig@p16	6	2.64728	0	100	0.52	400
s_v-ipv4-oor	orig@p32	6	2.65013	0	100	0.52	400
s_v-ipv4-oor	orig@p64	7	4.93886	0	100	0.52	400
s_v-ipv4-oor	orig@p80	7	2.72231	0	100	0.52	400
s_v-ipv4-oor	orig@p96	7	2.71662	0	100	0.52	400
s_v-ipv4-oor	orig@p112	7	2.64754	0	100	0.52	400
s_v-ipv4-oor	rev@p16	7	2.65272	0	100	0.52	400
s_v-ipv4-oor	rev@p32	7	2.65272	0	100	0.52	400
s_v-ipv4-oor	rev@p48	7	2.65272	0	100	0.52	400
s_v-ipv4-oor	rev@p64	7	2.65272	0	100	0.52	400
s_v-ipv4-oor	rev@p80	7	2.65272	0	100	0.52	400
s_v-ipv4-oor	rev@p96	7	2.65013	0	100	0.52	400
s_v-ipv4-oor	rev@p112	7	2.64987	0	100	0.52	400
s_v-ipv4-oor	orig	7	2.65013	0	100	0.52	400
s_v-ipv4-oor	orig2	7	2.65298	0	100	0.52	400
s_v-ipv4-oor	null	7	2.64728	0	100	0.52	400
s_v-ipv4-oor	rev	7	2.65013	0	100	0.52	400
s_v-ipv4-oor	orig@p16	7	2.64728	0	100	0.52	400
s_v-ipv4-oor	orig@p32	7	2.65013	0	100	0.52	400
s_v-ipv4-oor	orig@p48	7	2.72231	0	100	0.52	400
s_v-ipv4-oor	orig@p80	8	2.73317	0	100	0.52	400
s_v-ipv4-oor	orig@p96	8	2.71662	0	100	0.52	400
s_v-ipv4-oor	orig@p112	8	2.65013	0	100	0.52	400
s_v-ipv4-oor	rev@p16	8	2.64987	0	100	0.52	400
s_v-ipv4-oor	rev@p32	8	2.65556	0	100	0.52	400
s_v-ipv4-oor	rev@p48	8	2.64703	0	100	0.52	400
s_v-ipv4-oor	rev@p64	8	2.65272	0	100	0.52	400
s_v-ipv4-oor	rev@p80	8	2.65841	0	100	0.52	400
s_v-ipv4-oor	rev@p96	8	2.65272	0	100	0.52	400
s_v-ipv4-oor	rev@p112	8	2.64987	0	100	0.52	400
s_v-ipv4-oor	orig	8	2.64987	0	100	0.52	400
s_v-ipv4-oor	orig2	8	2.64470	0	100	0.52	400
s_v-ipv4-oor	null	8	2.65013	0	100	0.52	400
s_v-ipv4-oor	rev	8	2.65841	0	100	0.52	400
s_v-ipv4-oor	orig@p16	8	2.65013	0	100	0.52	400
s_v-ipv4-oor	orig@p32	8	2.64987	0	100	0.52	400
s_v-ipv4-oor	orig@p48	8	2.71662	0	100	0.52	400
s_v-ipv4-oor	orig@p64	8	2.72774	0	100	0.52	400
s_v-ipv4-oor	orig@p96	9	2.72205	0	100	0.52	400
s_v-ipv4-oor	orig@p112	9	2.65013	0	100	0.52	400
s_v-ipv4-oor	rev@p16	9	2.64728	0	100	0.52	400
s_v-ipv4-oor	rev@p32	9	2.65556	0	100	0.52	400
s_v-ipv4-oor	rev@p48	9	2.64703	0	100	0.52	400
s_v-ipv4-oor	rev@p64	9	2.65556	0	100	0.52	400
s_v-ipv4-oor	rev@p80	9	2.64444	0	100	0.52	400
s_v-ipv4-oor	rev@p96	9	2.65556	0	100	0.52	400
s_v-ipv4-oor	rev@p112	9	2.64987	0	100	0.52	400
s_v-ipv4-oor	orig	9	2.65841	0	100	0.52	400
s_v-ipv4-oor	orig2	9	2.65013	0	100	0.52	400
s_v-ipv4-oor	null	9	2.65298	0	100	0.52	400
s_v-ipv4-oor	rev	9	2.64703	0	100	0.52	400
s_v-ipv4-oor	orig@p16	9	2.64987	0	100	0.52	400
s_v-ipv4-oor	orig@p32	9	2.64987	0	100	0.52	400
s_v-ipv4-oor	orig@p48	9	2.72515	0	100	0.52	400
s_v-ipv4-oor	orig@p64	9	2.71946	0	100	0.52	400
s_v-ipv4-oor	orig@p80	9	2.72231	0	100	0.52	400
s_v-ipv4-oor	orig@p112	10	2.64728	0	100	0.52	400
s_v-ipv4-oor	rev@p16	10	2.64728	0	100	0.52	400
s_v-ipv4-oor	rev@p32	10	2.64444	0	100	0.52	400
s_v-ipv4-oor	rev@p48	10	2.65556	0	100	0.52	400
s_v-ipv4-oor	rev@p64	10	2.64987	0	100	0.52	400
s_v-ipv4-oor	rev@p80	10	2.65556	0	100	0.52	400
s_v-ipv4-oor	rev@p96	10	2.64728	0	100	0.52	400
s_v-ipv4-oor	rev@p112	10	2.64987	0	100	0.52	400
s_v-ipv4-oor	orig	10	2.64728	0	100	0.52	400
s_v-ipv4-oor	orig2	10	2.64987	0	100	0.52	400
s_v-ipv4-oor	null	10	2.65298	0	100	0.52	400
s_v-ipv4-oor	rev	10	2.64703	0	100	0.52	400
s_v-ipv4-oor	orig@p16	10	2.64987	0	100	0.52	400
s_v-ipv4-oor	orig@p32	10	2.66125	0	100	0.52	400
s_v-ipv4-oor	orig@p48	10	2.71662	0	100	0.52	400
s_v-ipv4-oor	orig@p64	10	2.72205	0	100	0.52	400
s_v-ipv4-oor	orig@p80	10	2.72205	0	100	0.52	400
s_v-ipv4-oor	orig@p96	10	2.71377	0	100	0.52	400
s_v-us-zip	orig	0	4.77070	0	100	0.52	400
s_v-us-zip	orig2	0	2.18023	0	100	0.52	400
s_v-us-zip	null	0	14.48486	0	100	0.52	400
s_v-us-zip	rev	0	2.17510	0	100	0.52	400
s_v-us-zip	orig@p16	0	4.76511	0	100	0.52	400
s_v-us-zip	orig@p32	0	5.43986	0	100	0.52	400
s_v-us-zip	orig@p48	0	4.90481	0	100	0.52	400
s_v-us-zip	orig@p64	0	5.58002	0	100	0.52	400
s_v-us-zip	orig@p80	0	4.88991	0	100	0.52	400
s_v-us-zip	orig@p96	0	2.23471	0	100	0.52	400
s_v-us-zip	orig@p112	0	4.76977	0	100	0.52	400
s_v-us-zip	rev@p16	0	2.17510	0	100	0.52	400
s_v-us-zip	rev@p32	0	4.78001	0	100	0.52	400
s_v-us-zip	rev@p48	0	5.44498	0	100	0.52	400
s_v-us-zip	rev@p64	0	5.43473	0	100	0.52	400
s_v-us-zip	rev@p80	0	4.77489	0	100	0.52	400
s_v-us-zip	rev@p96	0	5.44032	0	100	0.52	400
s_v-us-zip	rev@p112	0	4.76977	0	100	0.52	400
s_v-us-zip	orig2	1	5.96512	0	100	0.52	400
s_v-us-zip	null	1	4.77023	0	100	0.52	400
s_v-us-zip	rev	1	5.50505	0	100	0.52	400
s_v-us-zip	orig@p16	1	4.76977	0	100	0.52	400
s_v-us-zip	orig@p32	1	2.17464	0	100	0.52	400
s_v-us-zip	orig@p48	1	4.89503	0	100	0.52	400
s_v-us-zip	orig@p64	1	5.63497	0	100	0.52	400
s_v-us-zip	orig@p80	1	4.89503	0	100	0.52	400
s_v-us-zip	orig@p96	1	5.57490	0	100	0.52	400
s_v-us-zip	orig@p112	1	4.76977	0	100	0.52	400
s_v-us-zip	rev@p16	1	2.18023	0	100	0.52	400
s_v-us-zip	rev@p32	1	4.77489	0	100	0.52	400
s_v-us-zip	rev@p48	1	5.43986	0	100	0.52	400
s_v-us-zip	rev@p64	1	4.76465	0	100	0.52	400
s_v-us-zip	rev@p80	1	2.17464	0	100	0.52	400
s_v-us-zip	rev@p96	1	4.77489	0	100	0.52	400
s_v-us-zip	rev@p112	1	4.77489	0	100	0.52	400
s_v-us-zip	orig	1	2.17510	0	100	0.52	400
s_v-us-zip	null	2	5.57955	0	100	0.52	400
s_v-us-zip	rev	2	2.17510	0	100	0.52	400
s_v-us-zip	orig@p16	2	4.76977	0	100	0.52	400
s_v-us-zip	orig@p32	2	2.17510	0	100	0.52	400
s_v-us-zip	orig@p48	2	4.89503	0	100	0.52	400
s_v-us-zip	orig@p64	2	5.56977	0	100	0.52	400
s_v-us-zip	orig@p80	2	4.89969	0	100	0.52	400
s_v-us-zip	orig@p96	2	2.23005	0	100	0.52	400
s_v-us-zip	orig@p112	2	4.78514	0	100	0.52	400
s_v-us-zip	rev@p16	2	5.43008	0	100	0.52	400
s_v-us-zip	rev@p32	2	4.77023	0	100	0.52	400
s_v-us-zip	rev@p48	2	2.17464	0	100	0.52	400
s_v-us-zip	rev@p64	2	4.76977	0	100	0.52	400
s_v-us-zip	rev@p80	2	5.44498	0	100	0.52	400
s_v-us-zip	rev@p96	2	4.77023	0	100	0.52	400
s_v-us-zip	rev@p112	2	5.44032	0	100	0.52	400
s_v-us-zip	orig	2	4.76977	0	100	0.52	400
s_v-us-zip	orig2	2	2.82982	0	100	0.52	400
s_v-us-zip	rev	3	4.77023	0	100	0.52	400
s_v-us-zip	orig@p16	3	5.43008	0	100	0.52	400
s_v-us-zip	orig@p32	3	4.77023	0	100	0.52	400
s_v-us-zip	orig@p48	3	5.51017	0	100	0.52	400
s_v-us-zip	orig@p64	3	5.64475	0	100	0.52	400
s_v-us-zip	orig@p80	3	4.89503	0	100	0.52	400
s_v-us-zip	orig@p96	3	4.89503	0	100	0.52	400
s_v-us-zip	orig@p112	3	4.77489	0	100	0.52	400
s_v-us-zip	rev@p16	3	4.76977	0	100	0.52	400
s_v-us-zip	rev@p32	3	4.77023	0	100	0.52	400
s_v-us-zip	rev@p48	3	4.77489	0	100	0.52	400
s_v-us-zip	rev@p64	3	4.80982	0	100	0.52	400
s_v-us-zip	rev@p80	3	4.76977	0	100	0.52	400
s_v-us-zip	rev@p96	3	4.77023	0	100	0.52	400
s_v-us-zip	rev@p112	3	4.78001	0	100	0.52	400
s_v-us-zip	orig	3	4.78979	0	100	0.52	400
s_v-us-zip	orig2	3	4.77582	0	100	0.52	400
s_v-us-zip	null	3	4.76977	0	100	0.52	400
s_v-us-zip	orig@p16	4	4.78514	0	100	0.52	400
s_v-us-zip	orig@p32	4	4.78001	0	100	0.52	400
s_v-us-zip	orig@p48	4	4.90993	0	100	0.52	400
s_v-us-zip	orig@p64	4	4.91040	0	100	0.52	400
s_v-us-zip	orig@p80	4	4.89503	0	100	0.52	400
s_v-us-zip	orig@p96	4	4.88991	0	100	0.52	400
s_v-us-zip	orig@p112	4	4.76977	0	100	0.52	400
s_v-us-zip	rev@p16	4	4.78001	0	100	0.52	400
s_v-us-zip	rev@p32	4	4.76465	0	100	0.52	400
s_v-us-zip	rev@p48	4	4.77489	0	100	0.52	400
s_v-us-zip	rev@p64	4	4.76465	0	100	0.52	400
s_v-us-zip	rev@p80	4	4.75999	0	100	0.52	400
s_v-us-zip	rev@p96	4	4.77023	0	100	0.52	400
s_v-us-zip	rev@p112	4	4.85498	0	100	0.52	400
s_v-us-zip	orig	4	4.76465	0	100	0.52	400
s_v-us-zip	orig2	4	4.79491	0	100	0.52	400
s_v-us-zip	null	4	4.76977	0	100	0.52	400
s_v-us-zip	rev	4	4.76977	0	100	0.52	400
s_v-us-zip	orig@p32	5	4.75999	0	100	0.52	400
s_v-us-zip	orig@p48	5	4.88991	0	100	0.52	400
s_v-us-zip	orig@p64	5	4.90015	0	100	0.52	400
s_v-us-zip	orig@p80	5	4.88991	0	100	0.52	400
s_v-us-zip	orig@p96	5	4.88991	0	100	0.52	400
s_v-us-zip	orig@p112	5	4.79026	0	100	0.52	400
s_v-us-zip	rev@p16	5	4.77023	0	100	0.52	400
s_v-us-zip	rev@p32	5	4.76511	0	100	0.52	400
s_v-us-zip	rev@p48	5	4.76465	0	100	0.52	400
s_v-us-zip	rev@p64	5	4.76511	0	100	0.52	400
s_v-us-zip	rev@p80	5	4.77489	0	100	0.52	400
s_v-us-zip	rev@p96	5	4.76977	0	100	0.52	400
s_v-us-zip	rev@p112	5	4.78001	0	100	0.52	400
s_v-us-zip	orig	5	4.77023	0	100	0.52	400
s_v-us-zip	orig2	5	4.78467	0	100	0.52	400
s_v-us-zip	null	5	4.76977	0	100	0.52	400
s_v-us-zip	rev	5	4.76977	0	100	0.52	400
s_v-us-zip	orig@p16	5	4.78979	0	100	0.52	400
s_v-us-zip	orig@p48	6	4.90062	0	100	0.52	400
s_v-us-zip	orig@p64	6	4.90015	0	100	0.52	400
s_v-us-zip	orig@p80	6	4.89503	0	100	0.52	400
s_v-us-zip	orig@p96	6	4.88991	0	100	0.52	400
s_v-us-zip	orig@p112	6	4.76511	0	100	0.52	400
s_v-us-zip	rev@p16	6	4.76511	0	100	0.52	400
s_v-us-zip	rev@p32	6	4.78001	0	100	0.52	400
s_v-us-zip	rev@p48	6	4.77489	0	100	0.52	400
s_v-us-zip	rev@p64	6	4.76465	0	100	0.52	400
s_v-us-zip	rev@p80	6	4.77536	0	100	0.52	400
s_v-us-zip	rev@p96	6	4.77070	0	100	0.52	400
s_v-us-zip	rev@p112	6	4.78001	0	100	0.52	400
s_v-us-zip	orig	6	4.77536	0	100	0.52	400
s_v-us-zip	orig2	6	4.78001	0	100	0.52	400
s_v-us-zip	null	6	4.77489	0	100	0.52	400
s_v-us-zip	rev	6	5.28013	0	100	0.52	400
s_v-us-zip	orig@p16	6	4.76465	0	100	0.52	400
s_v-us-zip	orig@p32	6	4.76977	0	100	0.52	400
s_v-us-zip	orig@p64	7	4.89969	0	100	0.52	400
s_v-us-zip	orig@p80	7	4.89503	0	100	0.52	400
s_v-us-zip	orig@p96	7	4.91505	0	100	0.52	400
s_v-us-zip	orig@p112	7	4.77489	0	100	0.52	400
s_v-us-zip	rev@p16	7	4.77489	0	100	0.52	400
s_v-us-zip	rev@p32	7	4.76977	0	100	0.52	400
s_v-us-zip	rev@p48	7	4.78001	0	100	0.52	400
s_v-us-zip	rev@p64	7	4.78514	0	100	0.52	400
s_v-us-zip	rev@p80	7	4.76977	0	100	0.52	400
s_v-us-zip	rev@p96	7	4.76511	0	100	0.52	400
s_v-us-zip	rev@p112	7	4.76558	0	100	0.52	400
s_v-us-zip	orig	7	4.76977	0	100	0.52	400
s_v-us-zip	orig2	7	4.76977	0	100	0.52	400
s_v-us-zip	null	7	4.76977	0	100	0.52	400
s_v-us-zip	rev	7	4.77489	0	100	0.52	400
s_v-us-zip	orig@p16	7	4.77536	0	100	0.52	400
s_v-us-zip	orig@p32	7	4.77023	0	100	0.52	400
s_v-us-zip	orig@p48	7	4.91459	0	100	0.52	400
s_v-us-zip	orig@p80	8	4.89503	0	100	0.52	400
s_v-us-zip	orig@p96	8	4.89969	0	100	0.52	400
s_v-us-zip	orig@p112	8	4.78001	0	100	0.52	400
s_v-us-zip	rev@p16	8	4.76465	0	100	0.52	400
s_v-us-zip	rev@p32	8	4.76465	0	100	0.52	400
s_v-us-zip	rev@p48	8	4.78514	0	100	0.52	400
s_v-us-zip	rev@p64	8	4.77023	0	100	0.52	400
s_v-us-zip	rev@p80	8	4.76511	0	100	0.52	400
s_v-us-zip	rev@p96	8	4.78001	0	100	0.52	400
s_v-us-zip	rev@p112	8	4.77023	0	100	0.52	400
s_v-us-zip	orig	8	4.75999	0	100	0.52	400
s_v-us-zip	orig2	8	4.76977	0	100	0.52	400
s_v-us-zip	null	8	4.77489	0	100	0.52	400
s_v-us-zip	rev	8	4.78514	0	100	0.52	400
s_v-us-zip	orig@p16	8	4.77023	0	100	0.52	400
s_v-us-zip	orig@p32	8	4.78467	0	100	0.52	400
s_v-us-zip	orig@p48	8	4.89503	0	100	0.52	400
s_v-us-zip	orig@p64	8	12.43548	0	100	0.52	400
s_v-us-zip	orig@p96	9	4.89503	0	100	0.52	400
s_v-us-zip	orig@p112	9	4.78514	0	100	0.52	400
s_v-us-zip	rev@p16	9	4.78001	0	100	0.52	400
s_v-us-zip	rev@p32	9	4.77023	0	100	0.52	400
s_v-us-zip	rev@p48	9	4.77489	0	100	0.52	400
s_v-us-zip	rev@p64	9	4.77023	0	100	0.52	400
s_v-us-zip	rev@p80	9	4.76511	0	100	0.52	400
s_v-us-zip	rev@p96	9	4.78514	0	100	0.52	400
s_v-us-zip	rev@p112	9	4.77536	0	100	0.52	400
s_v-us-zip	orig	9	4.77023	0	100	0.52	400
s_v-us-zip	orig2	9	5.38491	0	100	0.52	400
s_v-us-zip	null	9	4.76977	0	100	0.52	400
s_v-us-zip	rev	9	4.76465	0	100	0.52	400
s_v-us-zip	orig@p16	9	4.78001	0	100	0.52	400
s_v-us-zip	orig@p32	9	4.77023	0	100	0.52	400
s_v-us-zip	orig@p48	9	4.91040	0	100	0.52	400
s_v-us-zip	orig@p64	9	4.89503	0	100	0.52	400
s_v-us-zip	orig@p80	9	4.88479	0	100	0.52	400
s_v-us-zip	orig@p112	10	4.78514	0	100	0.52	400
s_v-us-zip	rev@p16	10	4.76511	0	100	0.52	400
s_v-us-zip	rev@p32	10	4.75999	0	100	0.52	400
s_v-us-zip	rev@p48	10	5.82030	0	100	0.52	400
s_v-us-zip	rev@p64	10	4.77023	0	100	0.52	400
s_v-us-zip	rev@p80	10	5.80493	0	100	0.52	400
s_v-us-zip	rev@p96	10	4.77023	0	100	0.52	400
s_v-us-zip	rev@p112	10	5.80493	0	100	0.52	400
s_v-us-zip	orig	10	4.76511	0	100	0.52	400
s_v-us-zip	orig2	10	2.16998	0	100	0.52	400
s_v-us-zip	null	10	4.76977	0	100	0.52	400
s_v-us-zip	rev	10	2.17045	0	100	0.52	400
s_v-us-zip	orig@p16	10	4.76511	0	100	0.52	400
s_v-us-zip	orig@p32	10	5.43520	0	100	0.52	400
s_v-us-zip	orig@p48	10	4.88479	0	100	0.52	400
s_v-us-zip	orig@p64	10	5.58514	0	100	0.52	400
s_v-us-zip	orig@p80	10	4.89503	0	100	0.52	400
s_v-us-zip	orig@p96	10	2.23005	0	100	0.52	400
s_v-us-zip-plus4	orig	0	2.71760	0	100	0.52	400
s_v-us-zip-plus4	orig2	0	2.38512	0	100	0.52	400
s_v-us-zip-plus4	null	0	2.71993	0	100	0.52	400
s_v-us-zip-plus4	rev	0	2.38256	0	100	0.52	400
s_v-us-zip-plus4	orig@p16	0	1.08755	0	100	0.52	400
s_v-us-zip-plus4	orig@p32	0	2.38745	0	100	0.52	400
s_v-us-zip-plus4	orig@p48	0	1.11759	0	100	0.52	400
s_v-us-zip-plus4	orig@p64	0	2.44752	0	100	0.52	400
s_v-us-zip-plus4	orig@p80	0	2.79001	0	100	0.52	400
s_v-us-zip-plus4	orig@p96	0	2.45008	0	100	0.52	400
s_v-us-zip-plus4	orig@p112	0	1.08755	0	100	0.52	400
s_v-us-zip-plus4	rev@p16	0	2.38745	0	100	0.52	400
s_v-us-zip-plus4	rev@p32	0	2.71993	0	100	0.52	400
s_v-us-zip-plus4	rev@p48	0	2.38512	0	100	0.52	400
s_v-us-zip-plus4	rev@p64	0	1.08755	0	100	0.52	400
s_v-us-zip-plus4	rev@p80	0	2.38256	0	100	0.52	400
s_v-us-zip-plus4	rev@p96	0	2.71760	0	100	0.52	400
s_v-us-zip-plus4	rev@p112	0	2.38232	0	100	0.52	400
s_v-us-zip-plus4	orig2	1	2.72505	0	100	0.52	400
s_v-us-zip-plus4	null	1	2.38512	0	100	0.52	400
s_v-us-zip-plus4	rev	1	1.08988	0	100	0.52	400
s_v-us-zip-plus4	orig@p16	1	2.38512	0	100	0.52	400
s_v-us-zip-plus4	orig@p32	1	2.71760	0	100	0.52	400
s_v-us-zip-plus4	orig@p48	1	2.45008	0	100	0.52	400
s_v-us-zip-plus4	orig@p64	1	2.78745	0	100	0.52	400
s_v-us-zip-plus4	orig@p80	1	2.44984	0	100	0.52	400
s_v-us-zip-plus4	orig@p96	1	1.11759	0	100	0.52	400
s_v-us-zip-plus4	orig@p112	1	2.38745	0	100	0.52	400
s_v-us-zip-plus4	rev@p16	1	2.71504	0	100	0.52	400
s_v-us-zip-plus4	rev@p32	1	2.38256	0	100	0.52	400
s_v-us-zip-plus4	rev@p48	1	2.68011	0	100	0.52	400
s_v-us-zip-plus4	rev@p64	1	2.38256	0	100	0.52	400
s_v-us-zip-plus4	rev@p80	1	2.38279	0	100	0.52	400
s_v-us-zip-plus4	rev@p96	1	2.38745	0	100	0.52	400
s_v-us-zip-plus4	rev@p112	1	2.38512	0	100	0.52	400
s_v-us-zip-plus4	orig	1	2.38488	0	100	0.52	400
s_v-us-zip-plus4	null	2	2.40747	0	100	0.52	400
s_v-us-zip-plus4	rev	2	2.37999	0	100	0.52	400
s_v-us-zip-plus4	orig@p16	2	2.39490	0	100	0.52	400
s_v-us-zip-plus4	orig@p32	2	2.39257	0	100	0.52	400
s_v-us-zip-plus4	orig@p48	2	2.44984	0	100	0.52	400
s_v-us-zip-plus4	orig@p64	2	2.45986	0	100	0.52	400
s_v-us-zip-plus4	orig@p80	2	6.37746	0	100	0.52	400
s_v-us-zip-plus4	orig@p96	2	2.44239	0	100	0.52	400
s_v-us-zip-plus4	orig@p112	2	2.38745	0	100	0.52	400
s_v-us-zip-plus4	rev@p16	2	2.38535	0	100	0.52	400
s_v-us-zip-plus4	rev@p32	2	2.38768	0	100	0.52	400
s_v-us-zip-plus4	rev@p48	2	2.39001	0	100	0.52	400
s_v-us-zip-plus4	rev@p64	2	2.39513	0	100	0.52	400
s_v-us-zip-plus4	rev@p80	2	2.38745	0	100	0.52	400
s_v-us-zip-plus4	rev@p96	2	2.38512	0	100	0.52	400
s_v-us-zip-plus4	rev@p112	2	2.39001	0	100	0.52	400
s_v-us-zip-plus4	orig	2	2.38488	0	100	0.52	400
s_v-us-zip-plus4	orig2	2	2.38232	0	100	0.52	400
s_v-us-zip-plus4	rev	3	2.38745	0	100	0.52	400
s_v-us-zip-plus4	orig@p16	3	2.39490	0	100	0.52	400
s_v-us-zip-plus4	orig@p32	3	2.38488	0	100	0.52	400
s_v-us-zip-plus4	orig@p48	3	2.44752	0	100	0.52	400
s_v-us-zip-plus4	orig@p64	3	2.44519	0	100	0.52	400
s_v-us-zip-plus4	orig@p80	3	2.44239	0	100	0.52	400
s_v-us-zip-plus4	orig@p96	3	2.44495	0	100	0.52	400
s_v-us-zip-plus4	orig@p112	3	2.38768	0	100	0.52	400
s_v-us-zip-plus4	rev@p16	3	2.38023	0	100	0.52	400
s_v-us-zip-plus4	rev@p32	3	2.38512	0	100	0.52	400
s_v-us-zip-plus4	rev@p48	3	2.38256	0	100	0.52	400
s_v-us-zip-plus4	rev@p64	3	2.38745	0	100	0.52	400
s_v-us-zip-plus4	rev@p80	3	2.39001	0	100	0.52	400
s_v-us-zip-plus4	rev@p96	3	2.38512	0	100	0.52	400
s_v-us-zip-plus4	rev@p112	3	2.38745	0	100	0.52	400
s_v-us-zip-plus4	orig	3	2.38488	0	100	0.52	400
s_v-us-zip-plus4	orig2	3	2.38535	0	100	0.52	400
s_v-us-zip-plus4	null	3	2.39233	0	100	0.52	400
s_v-us-zip-plus4	orig@p16	4	2.38745	0	100	0.52	400
s_v-us-zip-plus4	orig@p32	4	2.38745	0	100	0.52	400
s_v-us-zip-plus4	orig@p48	4	2.44239	0	100	0.52	400
s_v-us-zip-plus4	orig@p64	4	2.45008	0	100	0.52	400
s_v-us-zip-plus4	orig@p80	4	2.44752	0	100	0.52	400
s_v-us-zip-plus4	orig@p96	4	2.45497	0	100	0.52	400
s_v-us-zip-plus4	orig@p112	4	2.38745	0	100	0.52	400
s_v-us-zip-plus4	rev@p16	4	2.38256	0	100	0.52	400
s_v-us-zip-plus4	rev@p32	4	2.38512	0	100	0.52	400
s_v-us-zip-plus4	rev@p48	4	2.38745	0	100	0.52	400
s_v-us-zip-plus4	rev@p64	4	2.38488	0	100	0.52	400
s_v-us-zip-plus4	rev@p80	4	2.39746	0	100	0.52	400
s_v-us-zip-plus4	rev@p96	4	2.38745	0	100	0.52	400
s_v-us-zip-plus4	rev@p112	4	2.38256	0	100	0.52	400
s_v-us-zip-plus4	orig	4	2.38488	0	100	0.52	400
s_v-us-zip-plus4	orig2	4	2.38745	0	100	0.52	400
s_v-us-zip-plus4	null	4	2.38512	0	100	0.52	400
s_v-us-zip-plus4	rev	4	2.39001	0	100	0.52	400
s_v-us-zip-plus4	orig@p32	5	2.38768	0	100	0.52	400
s_v-us-zip-plus4	orig@p48	5	2.45008	0	100	0.52	400
s_v-us-zip-plus4	orig@p64	5	2.44495	0	100	0.52	400
s_v-us-zip-plus4	orig@p80	5	2.44752	0	100	0.52	400
s_v-us-zip-plus4	orig@p96	5	2.44239	0	100	0.52	400
s_v-us-zip-plus4	orig@p112	5	2.38512	0	100	0.52	400
s_v-us-zip-plus4	rev@p16	5	2.44775	0	100	0.52	400
s_v-us-zip-plus4	rev@p32	5	2.38768	0	100	0.52	400
s_v-us-zip-plus4	rev@p48	5	2.39001	0	100	0.52	400
s_v-us-zip-plus4	rev@p64	5	2.38256	0	100	0.52	400
s_v-us-zip-plus4	rev@p80	5	2.38745	0	100	0.52	400
s_v-us-zip-plus4	rev@p96	5	2.38512	0	100	0.52	400
s_v-us-zip-plus4	rev@p112	5	2.39490	0	100	0.52	400
s_v-us-zip-plus4	orig	5	2.38745	0	100	0.52	400
s_v-us-zip-plus4	orig2	5	2.39001	0	100	0.52	400
s_v-us-zip-plus4	null	5	2.38535	0	100	0.52	400
s_v-us-zip-plus4	rev	5	2.39536	0	100	0.52	400
s_v-us-zip-plus4	orig@p16	5	2.38232	0	100	0.52	400
s_v-us-zip-plus4	orig@p48	6	2.45008	0	100	0.52	400
s_v-us-zip-plus4	orig@p64	6	2.44495	0	100	0.52	400
s_v-us-zip-plus4	orig@p80	6	2.45008	0	100	0.52	400
s_v-us-zip-plus4	orig@p96	6	2.44752	0	100	0.52	400
s_v-us-zip-plus4	orig@p112	6	2.38768	0	100	0.52	400
s_v-us-zip-plus4	rev@p16	6	2.38256	0	100	0.52	400
s_v-us-zip-plus4	rev@p32	6	2.38512	0	100	0.52	400
s_v-us-zip-plus4	rev@p48	6	2.40491	0	100	0.52	400
s_v-us-zip-plus4	rev@p64	6	2.38256	0	100	0.52	400
s_v-us-zip-plus4	rev@p80	6	2.39746	0	100	0.52	400
s_v-us-zip-plus4	rev@p96	6	2.39257	0	100	0.52	400
s_v-us-zip-plus4	rev@p112	6	2.38488	0	100	0.52	400
s_v-us-zip-plus4	orig	6	2.38256	0	100	0.52	400
s_v-us-zip-plus4	orig2	6	2.40258	0	100	0.52	400
s_v-us-zip-plus4	null	6	2.38745	0	100	0.52	400
s_v-us-zip-plus4	rev	6	2.38512	0	100	0.52	400
s_v-us-zip-plus4	orig@p16	6	2.38488	0	100	0.52	400
s_v-us-zip-plus4	orig@p32	6	2.38512	0	100	0.52	400
s_v-us-zip-plus4	orig@p64	7	2.44752	0	100	0.52	400
s_v-us-zip-plus4	orig@p80	7	2.45008	0	100	0.52	400
s_v-us-zip-plus4	orig@p96	7	2.45264	0	100	0.52	400
s_v-us-zip-plus4	orig@p112	7	2.38256	0	100	0.52	400
s_v-us-zip-plus4	rev@p16	7	2.38745	0	100	0.52	400
s_v-us-zip-plus4	rev@p32	7	2.38512	0	100	0.52	400
s_v-us-zip-plus4	rev@p48	7	2.38488	0	100	0.52	400
s_v-us-zip-plus4	rev@p64	7	2.38488	0	100	0.52	400
s_v-us-zip-plus4	rev@p80	7	2.38512	0	100	0.52	400
s_v-us-zip-plus4	rev@p96	7	2.38488	0	100	0.52	400
s_v-us-zip-plus4	rev@p112	7	2.38256	0	100	0.52	400
s_v-us-zip-plus4	orig	7	2.38745	0	100	0.52	400
s_v-us-zip-plus4	orig2	7	2.38745	0	100	0.52	400
s_v-us-zip-plus4	null	7	2.38768	0	100	0.52	400
s_v-us-zip-plus4	rev	7	2.38232	0	100	0.52	400
s_v-us-zip-plus4	orig@p16	7	2.38745	0	100	0.52	400
s_v-us-zip-plus4	orig@p32	7	2.39233	0	100	0.52	400
s_v-us-zip-plus4	orig@p48	7	2.45241	0	100	0.52	400
s_v-us-zip-plus4	orig@p80	8	2.44752	0	100	0.52	400
s_v-us-zip-plus4	orig@p96	8	2.45008	0	100	0.52	400
s_v-us-zip-plus4	orig@p112	8	1.09011	0	100	0.52	400
s_v-us-zip-plus4	rev@p16	8	2.38512	0	100	0.52	400
s_v-us-zip-plus4	rev@p32	8	1.08755	0	100	0.52	400
s_v-us-zip-plus4	rev@p48	8	2.38745	0	100	0.52	400
s_v-us-zip-plus4	rev@p64	8	2.71993	0	100	0.52	400
s_v-us-zip-plus4	rev@p80	8	2.38512	0	100	0.52	400
s_v-us-zip-plus4	rev@p96	8	1.08755	0	100	0.52	400
s_v-us-zip-plus4	rev@p112	8	2.38745	0	100	0.52	400
s_v-us-zip-plus4	orig	8	2.38745	0	100	0.52	400
s_v-us-zip-plus4	orig2	8	1.08755	0	100	0.52	400
s_v-us-zip-plus4	null	8	2.38768	0	100	0.52	400
s_v-us-zip-plus4	rev	8	1.08732	0	100	0.52	400
s_v-us-zip-plus4	orig@p16	8	2.38512	0	100	0.52	400
s_v-us-zip-plus4	orig@p32	8	1.35996	0	100	0.52	400
s_v-us-zip-plus4	orig@p48	8	2.44495	0	100	0.52	400
s_v-us-zip-plus4	orig@p64	8	1.39512	0	100	0.52	400
s_v-us-zip-plus4	orig@p96	9	2.44495	0	100	0.52	400
s_v-us-zip-plus4	orig@p112	9	1.08732	0	100	0.52	400
s_v-us-zip-plus4	rev@p16	9	2.39257	0	100	0.52	400
s_v-us-zip-plus4	rev@p32	9	1.08732	0	100	0.52	400
s_v-us-zip-plus4	rev@p48	9	2.38768	0	100	0.52	400
s_v-us-zip-plus4	rev@p64	9	1.11503	0	100	0.52	400
s_v-us-zip-plus4	rev@p80	9	2.38745	0	100	0.52	400
s_v-us-zip-plus4	rev@p96	9	1.35996	0	100	0.52	400
s_v-us-zip-plus4	rev@p112	9	2.39001	0	100	0.52	400
s_v-us-zip-plus4	orig	9	1.08988	0	100	0.52	400
s_v-us-zip-plus4	orig2	9	2.38232	0	100	0.52	400
s_v-us-zip-plus4	null	9	1.39512	0	100	0.52	400
s_v-us-zip-plus4	rev	9	2.38512	0	100	0.52	400
s_v-us-zip-plus4	orig@p16	9	1.35764	0	100	0.52	400
s_v-us-zip-plus4	orig@p32	9	2.38768	0	100	0.52	400
s_v-us-zip-plus4	orig@p48	9	1.11503	0	100	0.52	400
s_v-us-zip-plus4	orig@p64	9	2.45753	0	100	0.52	400
s_v-us-zip-plus4	orig@p80	9	1.11759	0	100	0.52	400
s_v-us-zip-plus4	orig@p112	10	2.38256	0	100	0.52	400
s_v-us-zip-plus4	rev@p16	10	1.35996	0	100	0.52	400
s_v-us-zip-plus4	rev@p32	10	2.39001	0	100	0.52	400
s_v-us-zip-plus4	rev@p48	10	1.08755	0	100	0.52	400
s_v-us-zip-plus4	rev@p64	10	2.38256	0	100	0.52	400
s_v-us-zip-plus4	rev@p80	10	1.08755	0	100	0.52	400
s_v-us-zip-plus4	rev@p96	10	2.39490	0	100	0.52	400
s_v-us-zip-plus4	rev@p112	10	1.36252	0	100	0.52	400
s_v-us-zip-plus4	orig	10	2.38488	0	100	0.52	400
s_v-us-zip-plus4	orig2	10	1.08499	0	100	0.52	400
s_v-us-zip-plus4	null	10	2.38768	0	100	0.52	400
s_v-us-zip-plus4	rev	10	1.08755	0	100	0.52	400
s_v-us-zip-plus4	orig@p16	10	2.39001	0	100	0.52	400
s_v-us-zip-plus4	orig@p32	10	1.36252	0	100	0.52	400
s_v-us-zip-plus4	orig@p48	10	2.45008	0	100	0.52	400
s_v-us-zip-plus4	orig@p64	10	1.11503	0	100	0.52	400
s_v-us-zip-plus4	orig@p80	10	2.44752	0	100	0.52	400
s_v-us-zip-plus4	orig@p96	10	1.11246	0	100	0.52	400
s_v-uuid-badnibble	orig	0	0.31038	0	100	0.52	400
s_v-uuid-badnibble	orig2	0	0.68122	0	100	0.52	400
s_v-uuid-badnibble	null	0	0.67987	0	100	0.52	400
s_v-uuid-badnibble	rev	0	0.31878	0	100	0.52	400
s_v-uuid-badnibble	orig@p16	0	0.68122	0	100	0.52	400
s_v-uuid-badnibble	orig@p32	0	0.38889	0	100	0.52	400
s_v-uuid-badnibble	orig@p48	0	0.71738	0	100	0.52	400
s_v-uuid-badnibble	orig@p64	0	0.31943	0	100	0.52	400
s_v-uuid-badnibble	orig@p80	0	0.71531	0	100	0.52	400
s_v-uuid-badnibble	orig@p96	0	0.32635	0	100	0.52	400
s_v-uuid-badnibble	orig@p112	0	0.73400	0	100	0.52	400
s_v-uuid-badnibble	rev@p16	0	0.39930	0	100	0.52	400
s_v-uuid-badnibble	rev@p32	0	0.69862	0	100	0.52	400
s_v-uuid-badnibble	rev@p48	0	0.31109	0	100	0.52	400
s_v-uuid-badnibble	rev@p64	0	0.68200	0	100	0.52	400
s_v-uuid-badnibble	rev@p80	0	0.31109	0	100	0.52	400
s_v-uuid-badnibble	rev@p96	0	0.68265	0	100	0.52	400
s_v-uuid-badnibble	rev@p112	0	0.38889	0	100	0.52	400
s_v-uuid-badnibble	orig2	1	0.68200	0	100	0.52	400
s_v-uuid-badnibble	null	1	0.31044	0	100	0.52	400
s_v-uuid-badnibble	rev	1	0.69791	0	100	0.52	400
s_v-uuid-badnibble	orig@p16	1	0.31044	0	100	0.52	400
s_v-uuid-badnibble	orig@p32	1	0.68129	0	100	0.52	400
s_v-uuid-badnibble	orig@p48	1	0.40829	0	100	0.52	400
s_v-uuid-badnibble	orig@p64	1	0.70903	0	100	0.52	400
s_v-uuid-badnibble	orig@p80	1	0.32642	0	100	0.52	400
s_v-uuid-badnibble	orig@p96	1	0.69998	0	100	0.52	400
s_v-uuid-badnibble	orig@p112	1	0.33469	0	100	0.52	400
s_v-uuid-badnibble	rev@p16	1	0.69791	0	100	0.52	400
s_v-uuid-badnibble	rev@p32	1	0.39788	0	100	0.52	400
s_v-uuid-badnibble	rev@p48	1	0.68122	0	100	0.52	400
s_v-uuid-badnibble	rev@p64	1	0.31044	0	100	0.52	400
s_v-uuid-badnibble	rev@p80	1	0.68194	0	100	0.52	400
s_v-uuid-badnibble	rev@p96	1	0.68058	0	100	0.52	400
s_v-uuid-badnibble	rev@p112	1	0.30973	0	100	0.52	400
s_v-uuid-badnibble	orig	1	0.68129	0	100	0.52	400
s_v-uuid-badnibble	null	2	0.38889	0	100	0.52	400
s_v-uuid-badnibble	rev	2	0.69726	0	100	0.52	400
s_v-uuid-badnibble	orig@p16	2	0.31038	0	100	0.52	400
s_v-uuid-badnibble	orig@p32	2	0.70069	0	100	0.52	400
s_v-uuid-badnibble	orig@p48	2	0.32648	0	100	0.52	400
s_v-uuid-badnibble	orig@p64	2	0.71595	0	100	0.52	400
s_v-uuid-badnibble	orig@p80	2	0.32777	0	100	0.52	400
s_v-uuid-badnibble	orig@p96	2	0.69791	0	100	0.52	400
s_v-uuid-badnibble	orig@p112	2	0.41806	0	100	0.52	400
s_v-uuid-badnibble	rev@p16	2	0.69791	0	100	0.52	400
s_v-uuid-badnibble	rev@p32	2	0.31801	0	100	0.52	400
s_v-uuid-badnibble	rev@p48	2	0.68407	0	100	0.52	400
s_v-uuid-badnibble	rev@p64	2	0.31109	0	100	0.52	400
s_v-uuid-badnibble	rev@p80	2	0.68051	0	100	0.52	400
s_v-uuid-badnibble	rev@p96	2	0.38747	0	100	0.52	400
s_v-uuid-badnibble	rev@p112	2	0.68122	0	100	0.52	400
s_v-uuid-badnibble	orig	2	0.30973	0	100	0.52	400
s_v-uuid-badnibble	orig2	2	0.67993	0	100	0.52	400
s_v-uuid-badnibble	rev	3	0.32635	0	100	0.52	400
s_v-uuid-badnibble	orig@p16	3	0.68122	0	100	0.52	400
s_v-uuid-badnibble	orig@p32	3	0.38747	0	100	0.52	400
s_v-uuid-badnibble	orig@p48	3	0.70076	0	100	0.52	400
s_v-uuid-badnibble	orig@p64	3	0.32642	0	100	0.52	400
s_v-uuid-badnibble	orig@p80	3	0.71531	0	100	0.52	400
s_v-uuid-badnibble	orig@p96	3	0.32635	0	100	0.52	400
s_v-uuid-badnibble	orig@p112	3	0.73406	0	100	0.52	400
s_v-uuid-badnibble	rev@p16	3	0.39795	0	100	0.52	400
s_v-uuid-badnibble	rev@p32	3	0.69862	0	100	0.52	400
s_v-uuid-badnibble	rev@p48	3	0.31044	0	100	0.52	400
s_v-uuid-badnibble	rev@p64	3	0.68129	0	100	0.52	400
s_v-uuid-badnibble	rev@p80	3	0.31044	0	100	0.52	400
s_v-uuid-badnibble	rev@p96	3	0.68058	0	100	0.52	400
s_v-uuid-badnibble	rev@p112	3	0.38960	0	100	0.52	400
s_v-uuid-badnibble	orig	3	0.68058	0	100	0.52	400
s_v-uuid-badnibble	orig2	3	0.31044	0	100	0.52	400
s_v-uuid-badnibble	null	3	0.68122	0	100	0.52	400
s_v-uuid-badnibble	orig@p16	4	0.31109	0	100	0.52	400
s_v-uuid-badnibble	orig@p32	4	0.68129	0	100	0.52	400
s_v-uuid-badnibble	orig@p48	4	0.40836	0	100	0.52	400
s_v-uuid-badnibble	orig@p64	4	0.71524	0	100	0.52	400
s_v-uuid-badnibble	orig@p80	4	0.32570	0	100	0.52	400
s_v-uuid-badnibble	orig@p96	4	0.69998	0	100	0.52	400
s_v-uuid-badnibble	orig@p112	4	0.33334	0	100	0.52	400
s_v-uuid-badnibble	rev@p16	4	0.69927	0	100	0.52	400
s_v-uuid-badnibble	rev@p32	4	0.39930	0	100	0.52	400
s_v-uuid-badnibble	rev@p48	4	0.68336	0	100	0.52	400
s_v-uuid-badnibble	rev@p64	4	0.31038	0	100	0.52	400
s_v-uuid-badnibble	rev@p80	4	0.68058	0	100	0.52	400
s_v-uuid-badnibble	rev@p96	4	0.31044	0	100	0.52	400
s_v-uuid-badnibble	rev@p112	4	0.68750	0	100	0.52	400
s_v-uuid-badnibble	orig	4	0.38818	0	100	0.52	400
s_v-uuid-badnibble	orig2	4	0.68122	0	100	0.52	400
s_v-uuid-badnibble	null	4	0.69998	0	100	0.52	400
s_v-uuid-badnibble	rev	4	0.69720	0	100	0.52	400
s_v-uuid-badnibble	orig@p32	5	0.68051	0	100	0.52	400
s_v-uuid-badnibble	orig@p48	5	0.69862	0	100	0.52	400
s_v-uuid-badnibble	orig@p64	5	0.71667	0	100	0.52	400
s_v-uuid-badnibble	orig@p80	5	0.70004	0	100	0.52	400
s_v-uuid-badnibble	orig@p96	5	0.71531	0	100	0.52	400
s_v-uuid-badnibble	orig@p112	5	0.73400	0	100	0.52	400
s_v-uuid-badnibble	rev@p16	5	0.69933	0	100	0.52	400
s_v-uuid-badnibble	rev@p32	5	0.70276	0	100	0.52	400
s_v-uuid-badnibble	rev@p48	5	0.68058	0	100	0.52	400
s_v-uuid-badnibble	rev@p64	5	0.68258	0	100	0.52	400
s_v-uuid-badnibble	rev@p80	5	0.67987	0	100	0.52	400
s_v-uuid-badnibble	rev@p96	5	0.68058	0	100	0.52	400
s_v-uuid-badnibble	rev@p112	5	0.68122	0	100	0.52	400
s_v-uuid-badnibble	orig	5	0.68129	0	100	0.52	400
s_v-uuid-badnibble	orig2	5	0.68329	0	100	0.52	400
s_v-uuid-badnibble	null	5	0.68051	0	100	0.52	400
s_v-uuid-badnibble	rev	5	0.69862	0	100	0.52	400
s_v-uuid-badnibble	orig@p16	5	0.68265	0	100	0.52	400
s_v-uuid-badnibble	orig@p48	6	2.54173	0	100	0.52	400
s_v-uuid-badnibble	orig@p64	6	0.71531	0	100	0.52	400
s_v-uuid-badnibble	orig@p80	6	0.71667	0	100	0.52	400
s_v-uuid-badnibble	orig@p96	6	0.72152	0	100	0.52	400
s_v-uuid-badnibble	orig@p112	6	0.73400	0	100	0.52	400
s_v-uuid-badnibble	rev@p16	6	0.69791	0	100	0.52	400
s_v-uuid-badnibble	rev@p32	6	0.69797	0	100	0.52	400
s_v-uuid-badnibble	rev@p48	6	0.68336	0	100	0.52	400
s_v-uuid-badnibble	rev@p64	6	0.68194	0	100	0.52	400
s_v-uuid-badnibble	rev@p80	6	0.68051	0	100	0.52	400
s_v-uuid-badnibble	rev@p96	6	0.84789	0	100	0.52	400
s_v-uuid-badnibble	rev@p112	6	0.68058	0	100	0.52	400
s_v-uuid-badnibble	orig	6	0.68265	0	100	0.52	400
s_v-uuid-badnibble	orig2	6	0.68194	0	100	0.52	400
s_v-uuid-badnibble	null	6	0.68058	0	100	0.52	400
s_v-uuid-badnibble	rev	6	0.69791	0	100	0.52	400
s_v-uuid-badnibble	orig@p16	6	0.68265	0	100	0.52	400
s_v-uuid-badnibble	orig@p32	6	0.68122	0	100	0.52	400
s_v-uuid-badnibble	orig@p64	7	0.71738	0	100	0.52	400
s_v-uuid-badnibble	orig@p80	7	0.71595	0	100	0.52	400
s_v-uuid-badnibble	orig@p96	7	0.71731	0	100	0.52	400
s_v-uuid-badnibble	orig@p112	7	0.73329	0	100	0.52	400
s_v-uuid-badnibble	rev@p16	7	0.69862	0	100	0.52	400
s_v-uuid-badnibble	rev@p32	7	0.69998	0	100	0.52	400
s_v-uuid-badnibble	rev@p48	7	0.68194	0	100	0.52	400
s_v-uuid-badnibble	rev@p64	7	0.68129	0	100	0.52	400
s_v-uuid-badnibble	rev@p80	7	0.68265	0	100	0.52	400
s_v-uuid-badnibble	rev@p96	7	0.68058	0	100	0.52	400
s_v-uuid-badnibble	rev@p112	7	0.67987	0	100	0.52	400
s_v-uuid-badnibble	orig	7	0.67987	0	100	0.52	400
s_v-uuid-badnibble	orig2	7	0.68051	0	100	0.52	400
s_v-uuid-badnibble	null	7	0.68129	0	100	0.52	400
s_v-uuid-badnibble	rev	7	0.69862	0	100	0.52	400
s_v-uuid-badnibble	orig@p16	7	0.77914	0	100	0.52	400
s_v-uuid-badnibble	orig@p32	7	0.68194	0	100	0.52	400
s_v-uuid-badnibble	orig@p48	7	0.41806	0	100	0.52	400
s_v-uuid-badnibble	orig@p80	8	0.71802	0	100	0.52	400
s_v-uuid-badnibble	orig@p96	8	0.40765	0	100	0.52	400
s_v-uuid-badnibble	orig@p112	8	0.75424	0	100	0.52	400
s_v-uuid-badnibble	rev@p16	8	0.31807	0	100	0.52	400
s_v-uuid-badnibble	rev@p32	8	0.69791	0	100	0.52	400
s_v-uuid-badnibble	rev@p48	8	0.77707	0	100	0.52	400
s_v-uuid-badnibble	rev@p64	8	0.68194	0	100	0.52	400
s_v-uuid-badnibble	rev@p80	8	0.37706	0	100	0.52	400
s_v-uuid-badnibble	rev@p96	8	0.68129	0	100	0.52	400
s_v-uuid-badnibble	rev@p112	8	0.77643	0	100	0.52	400
s_v-uuid-badnibble	orig	8	0.68122	0	100	0.52	400
s_v-uuid-badnibble	orig2	8	0.31109	0	100	0.52	400
s_v-uuid-badnibble	null	8	0.68265	0	100	0.52	400
s_v-uuid-badnibble	rev	8	0.79512	0	100	0.52	400
s_v-uuid-badnibble	orig@p16	8	0.67987	0	100	0.52	400
s_v-uuid-badnibble	orig@p32	8	0.38954	0	100	0.52	400
s_v-uuid-badnibble	orig@p48	8	0.69791	0	100	0.52	400
s_v-uuid-badnibble	orig@p64	8	0.32635	0	100	0.52	400
s_v-uuid-badnibble	orig@p96	9	0.71874	0	100	0.52	400
s_v-uuid-badnibble	orig@p112	9	0.83748	0	100	0.52	400
s_v-uuid-badnibble	rev@p16	9	0.69791	0	100	0.52	400
s_v-uuid-badnibble	rev@p32	9	0.39788	0	100	0.52	400
s_v-uuid-badnibble	rev@p48	9	0.68200	0	100	0.52	400
s_v-uuid-badnibble	rev@p64	9	0.31038	0	100	0.52	400
s_v-uuid-badnibble	rev@p80	9	0.68194	0	100	0.52	400
s_v-uuid-badnibble	rev@p96	9	0.77565	0	100	0.52	400
s_v-uuid-badnibble	rev@p112	9	0.68058	0	100	0.52	400
s_v-uuid-badnibble	orig	9	0.38889	0	100	0.52	400
s_v-uuid-badnibble	orig2	9	0.68058	0	100	0.52	400
s_v-uuid-badnibble	null	9	0.30973	0	100	0.52	400
s_v-uuid-badnibble	rev	9	0.69862	0	100	0.52	400
s_v-uuid-badnibble	orig@p16	9	0.77707	0	100	0.52	400
s_v-uuid-badnibble	orig@p32	9	0.68194	0	100	0.52	400
s_v-uuid-badnibble	orig@p48	9	0.40765	0	100	0.52	400
s_v-uuid-badnibble	orig@p64	9	0.71595	0	100	0.52	400
s_v-uuid-badnibble	orig@p80	9	0.32706	0	100	0.52	400
s_v-uuid-badnibble	orig@p112	10	0.73335	0	100	0.52	400
s_v-uuid-badnibble	rev@p16	10	0.79654	0	100	0.52	400
s_v-uuid-badnibble	rev@p32	10	0.69862	0	100	0.52	400
s_v-uuid-badnibble	rev@p48	10	0.38960	0	100	0.52	400
s_v-uuid-badnibble	rev@p64	10	0.68129	0	100	0.52	400
s_v-uuid-badnibble	rev@p80	10	0.31044	0	100	0.52	400
s_v-uuid-badnibble	rev@p96	10	0.68194	0	100	0.52	400
s_v-uuid-badnibble	rev@p112	10	0.77571	0	100	0.52	400
s_v-uuid-badnibble	orig	10	0.68058	0	100	0.52	400
s_v-uuid-badnibble	orig2	10	0.38889	0	100	0.52	400
s_v-uuid-badnibble	null	10	0.68194	0	100	0.52	400
s_v-uuid-badnibble	rev	10	0.31872	0	100	0.52	400
s_v-uuid-badnibble	orig@p16	10	0.68607	0	100	0.52	400
s_v-uuid-badnibble	orig@p32	10	0.77707	0	100	0.52	400
s_v-uuid-badnibble	orig@p48	10	0.71667	0	100	0.52	400
s_v-uuid-badnibble	orig@p64	10	0.40901	0	100	0.52	400
s_v-uuid-badnibble	orig@p80	10	0.71531	0	100	0.52	400
s_v-uuid-badnibble	orig@p96	10	0.32008	0	100	0.52	400
s_v-uuid-valid	orig	0	0.68271	0	100	0.52	400
s_v-uuid-valid	orig2	0	0.68058	0	100	0.52	400
s_v-uuid-valid	null	0	0.38747	0	100	0.52	400
s_v-uuid-valid	rev	0	0.70205	0	100	0.52	400
s_v-uuid-valid	orig@p16	0	0.30973	0	100	0.52	400
s_v-uuid-valid	orig@p32	0	0.68200	0	100	0.52	400
s_v-uuid-valid	orig@p48	0	0.81601	0	100	0.52	400
s_v-uuid-valid	orig@p64	0	0.71524	0	100	0.52	400
s_v-uuid-valid	orig@p80	0	0.40836	0	100	0.52	400
s_v-uuid-valid	orig@p96	0	0.71524	0	100	0.52	400
s_v-uuid-valid	orig@p112	0	0.33469	0	100	0.52	400
s_v-uuid-valid	rev@p16	0	0.69791	0	100	0.52	400
s_v-uuid-valid	rev@p32	0	0.79583	0	100	0.52	400
s_v-uuid-valid	rev@p48	0	0.67987	0	100	0.52	400
s_v-uuid-valid	rev@p64	0	0.38818	0	100	0.52	400
s_v-uuid-valid	rev@p80	0	0.68058	0	100	0.52	400
s_v-uuid-valid	rev@p96	0	0.31044	0	100	0.52	400
s_v-uuid-valid	rev@p112	0	0.68200	0	100	0.52	400
s_v-uuid-valid	orig2	1	0.77914	0	100	0.52	400
s_v-uuid-valid	null	1	0.68058	0	100	0.52	400
s_v-uuid-valid	rev	1	0.39723	0	100	0.52	400
s_v-uuid-valid	orig@p16	1	1.84305	0	100	0.52	400
s_v-uuid-valid	orig@p32	1	0.73335	0	100	0.52	400
s_v-uuid-valid	orig@p48	1	0.71673	0	100	0.52	400
s_v-uuid-valid	orig@p64	1	0.81736	0	100	0.52	400
s_v-uuid-valid	orig@p80	1	0.71667	0	100	0.52	400
s_v-uuid-valid	orig@p96	1	0.40765	0	100	0.52	400
s_v-uuid-valid	orig@p112	1	0.73400	0	100	0.52	400
s_v-uuid-valid	rev@p16	1	0.31736	0	100	0.52	400
s_v-uuid-valid	rev@p32	1	0.71595	0	100	0.52	400
s_v-uuid-valid	rev@p48	1	0.38753	0	100	0.52	400
s_v-uuid-valid	rev@p64	1	0.68129	0	100	0.52	400
s_v-uuid-valid	rev@p80	1	0.68122	0	100	0.52	400
s_v-uuid-valid	rev@p96	1	0.77500	0	100	0.52	400
s_v-uuid-valid	rev@p112	1	0.68129	0	100	0.52	400
s_v-uuid-valid	orig	1	0.38818	0	100	0.52	400
s_v-uuid-valid	null	2	0.68122	0	100	0.52	400
s_v-uuid-valid	rev	2	0.31878	0	100	0.52	400
s_v-uuid-valid	orig@p16	2	0.67987	0	100	0.52	400
s_v-uuid-valid	orig@p32	2	0.77778	0	100	0.52	400
s_v-uuid-valid	orig@p48	2	0.71524	0	100	0.52	400
s_v-uuid-valid	orig@p64	2	0.40765	0	100	0.52	400
s_v-uuid-valid	orig@p80	2	0.71595	0	100	0.52	400
s_v-uuid-valid	orig@p96	2	0.32642	0	100	0.52	400
s_v-uuid-valid	orig@p112	2	0.73400	0	100	0.52	400
s_v-uuid-valid	rev@p16	2	2.60628	0	100	0.52	400
s_v-uuid-valid	rev@p32	2	0.69655	0	100	0.52	400
s_v-uuid-valid	rev@p48	2	0.38889	0	100	0.52	400
s_v-uuid-valid	rev@p64	2	0.68472	0	100	0.52	400
s_v-uuid-valid	rev@p80	2	0.31038	0	100	0.52	400
s_v-uuid-valid	rev@p96	2	0.68129	0	100	0.52	400
s_v-uuid-valid	rev@p112	2	0.77571	0	100	0.52	400
s_v-uuid-valid	orig	2	0.38818	0	100	0.52	400
s_v-uuid-valid	orig2	2	0.68122	0	100	0.52	400
s_v-uuid-valid	rev	3	0.31807	0	100	0.52	400
s_v-uuid-valid	orig@p16	3	0.68122	0	100	0.52	400
s_v-uuid-valid	orig@p32	3	0.77571	0	100	0.52	400
s_v-uuid-valid	orig@p48	3	0.71595	0	100	0.52	400
s_v-uuid-valid	orig@p64	3	0.44167	0	100	0.52	400
s_v-uuid-valid	orig@p80	3	0.69720	0	100	0.52	400
s_v-uuid-valid	orig@p96	3	0.32642	0	100	0.52	400
s_v-uuid-valid	orig@p112	3	0.73264	0	100	0.52	400
s_v-uuid-valid	rev@p16	3	0.79583	0	100	0.52	400
s_v-uuid-valid	rev@p32	3	0.69862	0	100	0.52	400
s_v-uuid-valid	rev@p48	3	0.38889	0	100	0.52	400
s_v-uuid-valid	rev@p64	3	0.68194	0	100	0.52	400
s_v-uuid-valid	rev@p80	3	0.31044	0	100	0.52	400
s_v-uuid-valid	rev@p96	3	0.68058	0	100	0.52	400
s_v-uuid-valid	rev@p112	3	0.68122	0	100	0.52	400
s_v-uuid-valid	orig	3	0.68129	0	100	0.52	400
s_v-uuid-valid	orig2	3	0.68685	0	100	0.52	400
s_v-uuid-valid	null	3	0.68472	0	100	0.52	400
s_v-uuid-valid	orig@p16	4	0.68129	0	100	0.52	400
s_v-uuid-valid	orig@p32	4	0.68051	0	100	0.52	400
s_v-uuid-valid	orig@p48	4	0.71595	0	100	0.52	400
s_v-uuid-valid	orig@p64	4	0.71667	0	100	0.52	400
s_v-uuid-valid	orig@p80	4	0.71667	0	100	0.52	400
s_v-uuid-valid	orig@p96	4	0.71602	0	100	0.52	400
s_v-uuid-valid	orig@p112	4	0.73400	0	100	0.52	400
s_v-uuid-valid	rev@p16	4	0.69720	0	100	0.52	400
s_v-uuid-valid	rev@p32	4	0.69856	0	100	0.52	400
s_v-uuid-valid	rev@p48	4	0.68129	0	100	0.52	400
s_v-uuid-valid	rev@p64	4	0.68051	0	100	0.52	400
s_v-uuid-valid	rev@p80	4	0.68122	0	100	0.52	400
s_v-uuid-valid	rev@p96	4	0.68051	0	100	0.52	400
s_v-uuid-valid	rev@p112	4	0.68051	0	100	0.52	400
s_v-uuid-valid	orig	4	0.68194	0	100	0.52	400
s_v-uuid-valid	orig2	4	0.68058	0	100	0.52	400
s_v-uuid-valid	null	4	0.68051	0	100	0.52	400
s_v-uuid-valid	rev	4	0.69998	0	100	0.52	400
s_v-uuid-valid	orig@p32	5	0.68129	0	100	0.52	400
s_v-uuid-valid	orig@p48	5	0.71809	0	100	0.52	400
s_v-uuid-valid	orig@p64	5	0.71595	0	100	0.52	400
s_v-uuid-valid	orig@p80	5	0.71667	0	100	0.52	400
s_v-uuid-valid	orig@p96	5	0.71524	0	100	0.52	400
s_v-uuid-valid	orig@p112	5	0.73400	0	100	0.52	400
s_v-uuid-valid	rev@p16	5	0.69869	0	100	0.52	400
s_v-uuid-valid	rev@p32	5	0.70347	0	100	0.52	400
s_v-uuid-valid	rev@p48	5	0.68194	0	100	0.52	400
s_v-uuid-valid	rev@p64	5	0.68122	0	100	0.52	400
s_v-uuid-valid	rev@p80	5	0.68129	0	100	0.52	400
s_v-uuid-valid	rev@p96	5	0.68122	0	100	0.52	400
s_v-uuid-valid	rev@p112	5	0.68122	0	100	0.52	400
s_v-uuid-valid	orig	5	0.68122	0	100	0.52	400
s_v-uuid-valid	orig2	5	0.68194	0	100	0.52	400
s_v-uuid-valid	null	5	0.67987	0	100	0.52	400
s_v-uuid-valid	rev	5	0.69791	0	100	0.52	400
s_v-uuid-valid	orig@p16	5	0.67915	0	100	0.52	400
s_v-uuid-valid	orig@p48	6	0.71667	0	100	0.52	400
s_v-uuid-valid	orig@p64	6	0.71667	0	100	0.52	400
s_v-uuid-valid	orig@p80	6	0.69791	0	100	0.52	400
s_v-uuid-valid	orig@p96	6	1.79512	0	100	0.52	400
s_v-uuid-valid	orig@p112	6	0.73335	0	100	0.52	400
s_v-uuid-valid	rev@p16	6	1.10349	0	100	0.52	400
s_v-uuid-valid	rev@p32	6	0.69791	0	100	0.52	400
s_v-uuid-valid	rev@p48	6	0.68329	0	100	0.52	400
s_v-uuid-valid	rev@p64	6	0.68336	0	100	0.52	400
s_v-uuid-valid	rev@p80	6	0.68122	0	100	0.52	400
s_v-uuid-valid	rev@p96	6	0.68336	0	100	0.52	400
s_v-uuid-valid	rev@p112	6	0.68122	0	100	0.52	400
s_v-uuid-valid	orig	6	0.68058	0	100	0.52	400
s_v-uuid-valid	orig2	6	0.68472	0	100	0.52	400
s_v-uuid-valid	null	6	0.68129	0	100	0.52	400
s_v-uuid-valid	rev	6	0.69862	0	100	0.52	400
s_v-uuid-valid	orig@p16	6	0.68051	0	100	0.52	400
s_v-uuid-valid	orig@p32	6	0.68051	0	100	0.52	400
s_v-uuid-valid	orig@p64	7	0.71531	0	100	0.52	400
s_v-uuid-valid	orig@p80	7	0.71602	0	100	0.52	400
s_v-uuid-valid	orig@p96	7	0.71667	0	100	0.52	400
s_v-uuid-valid	orig@p112	7	0.73471	0	100	0.52	400
s_v-uuid-valid	rev@p16	7	0.39930	0	100	0.52	400
s_v-uuid-valid	rev@p32	7	0.69791	0	100	0.52	400
s_v-uuid-valid	rev@p48	7	0.38818	0	100	0.52	400
s_v-uuid-valid	rev@p64	7	0.68058	0	100	0.52	400
s_v-uuid-valid	rev@p80	7	0.77571	0	100	0.52	400
s_v-uuid-valid	rev@p96	7	0.68194	0	100	0.52	400
s_v-uuid-valid	rev@p112	7	0.77500	0	100	0.52	400
s_v-uuid-valid	orig	7	0.68265	0	100	0.52	400
s_v-uuid-valid	orig2	7	0.31109	0	100	0.52	400
s_v-uuid-valid	null	7	0.69862	0	100	0.52	400
s_v-uuid-valid	rev	7	0.39723	0	100	0.52	400
s_v-uuid-valid	orig@p16	7	0.68122	0	100	0.52	400
s_v-uuid-valid	orig@p32	7	0.82849	0	100	0.52	400
s_v-uuid-valid	orig@p48	7	0.71595	0	100	0.52	400
s_v-uuid-valid	orig@p80	8	0.87079	0	100	0.52	400
s_v-uuid-valid	orig@p96	8	0.71453	0	100	0.52	400
s_v-uuid-valid	orig@p112	8	0.82713	0	100	0.52	400
s_v-uuid-valid	rev@p16	8	0.69862	0	100	0.52	400
s_v-uuid-valid	rev@p32	8	0.76873	0	100	0.52	400
s_v-uuid-valid	rev@p48	8	0.68614	0	100	0.52	400
s_v-uuid-valid	rev@p64	8	0.68129	0	100	0.52	400
s_v-uuid-valid	rev@p80	8	0.68058	0	100	0.52	400
s_v-uuid-valid	rev@p96	8	0.68194	0	100	0.52	400
s_v-uuid-valid	rev@p112	8	0.68122	0	100	0.52	400
s_v-uuid-valid	orig	8	0.68129	0	100	0.52	400
s_v-uuid-valid	orig2	8	0.68064	0	100	0.52	400
s_v-uuid-valid	null	8	0.68129	0	100	0.52	400
s_v-uuid-valid	rev	8	0.69726	0	100	0.52	400
s_v-uuid-valid	orig@p16	8	0.68407	0	100	0.52	400
s_v-uuid-valid	orig@p32	8	0.67987	0	100	0.52	400
s_v-uuid-valid	orig@p48	8	0.71880	0	100	0.52	400
s_v-uuid-valid	orig@p64	8	0.71595	0	100	0.52	400
s_v-uuid-valid	orig@p96	9	0.71595	0	100	0.52	400
s_v-uuid-valid	orig@p112	9	0.73400	0	100	0.52	400
s_v-uuid-valid	rev@p16	9	0.69797	0	100	0.52	400
s_v-uuid-valid	rev@p32	9	0.69733	0	100	0.52	400
s_v-uuid-valid	rev@p48	9	0.68407	0	100	0.52	400
s_v-uuid-valid	rev@p64	9	0.68051	0	100	0.52	400
s_v-uuid-valid	rev@p80	9	0.68051	0	100	0.52	400
s_v-uuid-valid	rev@p96	9	0.68129	0	100	0.52	400
s_v-uuid-valid	rev@p112	9	2.23686	0	100	0.52	400
s_v-uuid-valid	orig	9	0.68122	0	100	0.52	400
s_v-uuid-valid	orig2	9	0.68472	0	100	0.52	400
s_v-uuid-valid	null	9	0.68129	0	100	0.52	400
s_v-uuid-valid	rev	9	0.69862	0	100	0.52	400
s_v-uuid-valid	orig@p16	9	0.68122	0	100	0.52	400
s_v-uuid-valid	orig@p32	9	0.68058	0	100	0.52	400
s_v-uuid-valid	orig@p48	9	0.71531	0	100	0.52	400
s_v-uuid-valid	orig@p64	9	0.71602	0	100	0.52	400
s_v-uuid-valid	orig@p80	9	0.71595	0	100	0.52	400
s_v-uuid-valid	orig@p112	10	1.62639	0	100	0.52	400
s_v-uuid-valid	rev@p16	10	0.69791	0	100	0.52	400
s_v-uuid-valid	rev@p32	10	0.69927	0	100	0.52	400
s_v-uuid-valid	rev@p48	10	0.68064	0	100	0.52	400
s_v-uuid-valid	rev@p64	10	0.68051	0	100	0.52	400
s_v-uuid-valid	rev@p80	10	0.68400	0	100	0.52	400
s_v-uuid-valid	rev@p96	10	0.68265	0	100	0.52	400
s_v-uuid-valid	rev@p112	10	0.68407	0	100	0.52	400
s_v-uuid-valid	orig	10	0.68194	0	100	0.52	400
s_v-uuid-valid	orig2	10	0.68058	0	100	0.52	400
s_v-uuid-valid	null	10	0.68122	0	100	0.52	400
s_v-uuid-valid	rev	10	0.70069	0	100	0.52	400
s_v-uuid-valid	orig@p16	10	0.68129	0	100	0.52	400
s_v-uuid-valid	orig@p32	10	0.68051	0	100	0.52	400
s_v-uuid-valid	orig@p48	10	0.71595	0	100	0.52	400
s_v-uuid-valid	orig@p64	10	0.71667	0	100	0.52	400
s_v-uuid-valid	orig@p80	10	0.71602	0	100	0.52	400
s_v-uuid-valid	orig@p96	10	0.71602	0	100	0.52	400
s_waf-benign	orig	0	21.49051	0	100	0.52	400
s_waf-benign	orig2	0	20.74115	0	100	0.52	400
s_waf-benign	null	0	20.83148	0	100	0.52	400
s_waf-benign	rev	0	7.82568	0	100	0.52	400
s_waf-benign	orig@p16	0	22.94946	0	100	0.52	400
s_waf-benign	orig@p32	0	21.28920	0	100	0.52	400
s_waf-benign	orig@p48	0	20.31483	0	100	0.52	400
s_waf-benign	orig@p64	0	20.48856	0	100	0.52	400
s_waf-benign	orig@p80	0	21.05720	0	100	0.52	400
s_waf-benign	orig@p96	0	20.90461	0	100	0.52	400
s_waf-benign	orig@p112	0	20.34814	0	100	0.52	400
s_waf-benign	rev@p16	0	7.81481	0	100	0.52	400
s_waf-benign	rev@p32	0	7.76741	0	100	0.52	400
s_waf-benign	rev@p48	0	8.35128	0	100	0.52	400
s_waf-benign	rev@p64	0	7.52885	0	100	0.52	400
s_waf-benign	rev@p80	0	7.47625	0	100	0.52	400
s_waf-benign	rev@p96	0	7.62502	0	100	0.52	400
s_waf-benign	rev@p112	0	6.86480	0	100	0.52	400
s_waf-benign	orig2	1	20.88915	0	100	0.52	400
s_waf-benign	null	1	21.29236	0	100	0.52	400
s_waf-benign	rev	1	7.90967	0	100	0.52	400
s_waf-benign	orig@p16	1	23.10653	0	100	0.52	400
s_waf-benign	orig@p32	1	22.10070	0	100	0.52	400
s_waf-benign	orig@p48	1	22.87376	0	100	0.52	400
s_waf-benign	orig@p64	1	22.46290	0	100	0.52	400
s_waf-benign	orig@p80	1	23.66670	0	100	0.52	400
s_waf-benign	orig@p96	1	21.90907	0	100	0.52	400
s_waf-benign	orig@p112	1	21.40006	0	100	0.52	400
s_waf-benign	rev@p16	1	7.59685	0	100	0.52	400
s_waf-benign	rev@p32	1	7.63398	0	100	0.52	400
s_waf-benign	rev@p48	1	7.69547	0	100	0.52	400
s_waf-benign	rev@p64	1	7.46610	0	100	0.52	400
s_waf-benign	rev@p80	1	7.69368	0	100	0.52	400
s_waf-benign	rev@p96	1	7.54300	0	100	0.52	400
s_waf-benign	rev@p112	1	6.90898	0	100	0.52	400
s_waf-benign	orig	1	21.22186	0	100	0.52	400
s_waf-benign	null	2	20.79309	0	100	0.52	400
s_waf-benign	rev	2	7.70902	0	100	0.52	400
s_waf-benign	orig@p16	2	23.16993	0	100	0.52	400
s_waf-benign	orig@p32	2	20.74628	0	100	0.52	400
s_waf-benign	orig@p48	2	20.99303	0	100	0.52	400
s_waf-benign	orig@p64	2	20.09878	0	100	0.52	400
s_waf-benign	orig@p80	2	22.16166	0	100	0.52	400
s_waf-benign	orig@p96	2	21.52507	0	100	0.52	400
s_waf-benign	orig@p112	2	19.93723	0	100	0.52	400
s_waf-benign	rev@p16	2	8.57629	0	100	0.52	400
s_waf-benign	rev@p32	2	7.60383	0	100	0.52	400
s_waf-benign	rev@p48	2	7.65893	0	100	0.52	400
s_waf-benign	rev@p64	2	7.59171	0	100	0.52	400
s_waf-benign	rev@p80	2	7.53786	0	100	0.52	400
s_waf-benign	rev@p96	2	7.61541	0	100	0.52	400
s_waf-benign	rev@p112	2	6.91220	0	100	0.52	400
s_waf-benign	orig	2	22.33658	0	100	0.52	400
s_waf-benign	orig2	2	21.28406	0	100	0.52	400
s_waf-benign	rev	3	7.59935	0	100	0.52	400
s_waf-benign	orig@p16	3	23.69171	0	100	0.52	400
s_waf-benign	orig@p32	3	28.46235	0	100	0.52	400
s_waf-benign	orig@p48	3	21.00198	0	100	0.52	400
s_waf-benign	orig@p64	3	21.45457	0	100	0.52	400
s_waf-benign	orig@p80	3	22.69364	0	100	0.52	400
s_waf-benign	orig@p96	3	20.69685	0	100	0.52	400
s_waf-benign	orig@p112	3	19.95968	0	100	0.52	400
s_waf-benign	rev@p16	3	8.94105	0	100	0.52	400
s_waf-benign	rev@p32	3	7.81798	0	100	0.52	400
s_waf-benign	rev@p48	3	7.44174	0	100	0.52	400
s_waf-benign	rev@p64	3	11.91353	0	100	0.52	400
s_waf-benign	rev@p80	3	7.77953	0	100	0.52	400
s_waf-benign	rev@p96	3	7.70896	0	100	0.52	400
s_waf-benign	rev@p112	3	6.88462	0	100	0.52	400
s_waf-benign	orig	3	21.15451	0	100	0.52	400
s_waf-benign	orig2	3	21.15272	0	100	0.52	400
s_waf-benign	null	3	20.82951	0	100	0.52	400
s_waf-benign	orig@p16	4	21.70394	0	100	0.52	400
s_waf-benign	orig@p32	4	22.01223	0	100	0.52	400
s_waf-benign	orig@p48	4	25.22195	0	100	0.52	400
s_waf-benign	orig@p64	4	23.04820	0	100	0.52	400
s_waf-benign	orig@p80	4	21.11093	0	100	0.52	400
s_waf-benign	orig@p96	4	20.84497	0	100	0.52	400
s_waf-benign	orig@p112	4	20.21352	0	100	0.52	400
s_waf-benign	rev@p16	4	7.55768	0	100	0.52	400
s_waf-benign	rev@p32	4	8.94046	0	100	0.52	400
s_waf-benign	rev@p48	4	7.72371	0	100	0.52	400
s_waf-benign	rev@p64	4	7.48586	0	100	0.52	400
s_waf-benign	rev@p80	4	8.37892	0	100	0.52	400
s_waf-benign	rev@p96	4	3.52177	0	100	0.52	400
s_waf-benign	rev@p112	4	12.99882	0	100	0.52	400
s_waf-benign	orig	4	25.12505	0	100	0.52	400
s_waf-benign	orig2	4	20.93339	0	100	0.52	400
s_waf-benign	null	4	25.62701	0	100	0.52	400
s_waf-benign	rev	4	7.58467	0	100	0.52	400
s_waf-benign	orig@p32	5	9.36093	0	100	0.52	400
s_waf-benign	orig@p48	5	22.25974	0	100	0.52	400
s_waf-benign	orig@p64	5	22.98403	0	100	0.52	400
s_waf-benign	orig@p80	5	22.67000	0	100	0.52	400
s_waf-benign	orig@p96	5	23.72831	0	100	0.52	400
s_waf-benign	orig@p112	5	20.40904	0	100	0.52	400
s_waf-benign	rev@p16	5	8.73019	0	100	0.52	400
s_waf-benign	rev@p32	5	7.80317	0	100	0.52	400
s_waf-benign	rev@p48	5	7.70198	0	100	0.52	400
s_waf-benign	rev@p64	5	7.51028	0	100	0.52	400
s_waf-benign	rev@p80	5	9.19878	0	100	0.52	400
s_waf-benign	rev@p96	5	8.36919	0	100	0.52	400
s_waf-benign	rev@p112	5	10.70770	0	100	0.52	400
s_waf-benign	orig	5	20.99750	0	100	0.52	400
s_waf-benign	orig2	5	12.50581	0	100	0.52	400
s_waf-benign	null	5	21.10264	0	100	0.52	400
s_waf-benign	rev	5	9.38397	0	100	0.52	400
s_waf-benign	orig@p16	5	21.65588	0	100	0.52	400
s_waf-benign	orig@p48	6	26.10515	0	100	0.52	400
s_waf-benign	orig@p64	6	21.75265	0	100	0.52	400
s_waf-benign	orig@p80	6	12.42319	0	100	0.52	400
s_waf-benign	orig@p96	6	23.22187	0	100	0.52	400
s_waf-benign	orig@p112	6	24.50328	0	100	0.52	400
s_waf-benign	rev@p16	6	7.49619	0	100	0.52	400
s_waf-benign	rev@p32	6	9.34815	0	100	0.52	400
s_waf-benign	rev@p48	6	7.71475	0	100	0.52	400
s_waf-benign	rev@p64	6	7.59613	0	100	0.52	400
s_waf-benign	rev@p80	6	9.45704	0	100	0.52	400
s_waf-benign	rev@p96	6	7.69744	0	100	0.52	400
s_waf-benign	rev@p112	6	3.78786	0	100	0.52	400
s_waf-benign	orig	6	21.81671	0	100	0.52	400
s_waf-benign	orig2	6	25.94175	0	100	0.52	400
s_waf-benign	null	6	21.20777	0	100	0.52	400
s_waf-benign	rev	6	9.47824	0	100	0.52	400
s_waf-benign	orig@p16	6	22.61735	0	100	0.52	400
s_waf-benign	orig@p32	6	12.35459	0	100	0.52	400
s_waf-benign	orig@p64	7	20.05006	0	100	0.52	400
s_waf-benign	orig@p80	7	28.20206	0	100	0.52	400
s_waf-benign	orig@p96	7	22.33144	0	100	0.52	400
s_waf-benign	orig@p112	7	25.18595	0	100	0.52	400
s_waf-benign	rev@p16	7	9.17114	0	100	0.52	400
s_waf-benign	rev@p32	7	4.20964	0	100	0.52	400
s_waf-benign	rev@p48	7	7.61858	0	100	0.52	400
s_waf-benign	rev@p64	7	8.49808	0	100	0.52	400
s_waf-benign	rev@p80	7	7.64562	0	100	0.52	400
s_waf-benign	rev@p96	7	8.62303	0	100	0.52	400
s_waf-benign	rev@p112	7	6.91029	0	100	0.52	400
s_waf-benign	orig	7	22.30004	0	100	0.52	400
s_waf-benign	orig2	7	25.10010	0	100	0.52	400
s_waf-benign	null	7	22.33920	0	100	0.52	400
s_waf-benign	rev	7	3.49103	0	100	0.52	400
s_waf-benign	orig@p16	7	23.27005	0	100	0.52	400
s_waf-benign	orig@p32	7	24.56799	0	100	0.52	400
s_waf-benign	orig@p48	7	24.46358	0	100	0.52	400
s_waf-benign	orig@p80	8	23.23596	0	100	0.52	400
s_waf-benign	orig@p96	8	26.04306	0	100	0.52	400
s_waf-benign	orig@p112	8	21.39558	0	100	0.52	400
s_waf-benign	rev@p16	8	3.42566	0	100	0.52	400
s_waf-benign	rev@p32	8	7.76419	0	100	0.52	400
s_waf-benign	rev@p48	8	8.52375	0	100	0.52	400
s_waf-benign	rev@p64	8	9.23788	0	100	0.52	400
s_waf-benign	rev@p80	8	8.90637	0	100	0.52	400
s_waf-benign	rev@p96	8	9.05652	0	100	0.52	400
s_waf-benign	rev@p112	8	7.93141	0	100	0.52	400
s_waf-benign	orig	8	21.06992	0	100	0.52	400
s_waf-benign	orig2	8	20.82957	0	100	0.52	400
s_waf-benign	null	8	21.88978	0	100	0.52	400
s_waf-benign	rev	8	7.54616	0	100	0.52	400
s_waf-benign	orig@p16	8	22.38470	0	100	0.52	400
s_waf-benign	orig@p32	8	20.76676	0	100	0.52	400
s_waf-benign	orig@p48	8	21.59558	0	100	0.52	400
s_waf-benign	orig@p64	8	21.04043	0	100	0.52	400
s_waf-benign	orig@p96	9	21.17314	0	100	0.52	400
s_waf-benign	orig@p112	9	20.30647	0	100	0.52	400
s_waf-benign	rev@p16	9	7.71410	0	100	0.52	400
s_waf-benign	rev@p32	9	9.02887	0	100	0.52	400
s_waf-benign	rev@p48	9	7.71290	0	100	0.52	400
s_waf-benign	rev@p64	9	7.52437	0	100	0.52	400
s_waf-benign	rev@p80	9	8.34358	0	100	0.52	400
s_waf-benign	rev@p96	9	8.77115	0	100	0.52	400
s_waf-benign	rev@p112	9	6.83782	0	100	0.52	400
s_waf-benign	orig	9	20.88849	0	100	0.52	400
s_waf-benign	orig2	9	20.66736	0	100	0.52	400
s_waf-benign	null	9	21.30263	0	100	0.52	400
s_waf-benign	rev	9	7.68717	0	100	0.52	400
s_waf-benign	orig@p16	9	23.06605	0	100	0.52	400
s_waf-benign	orig@p32	9	20.90515	0	100	0.52	400
s_waf-benign	orig@p48	9	21.16932	0	100	0.52	400
s_waf-benign	orig@p64	9	20.17251	0	100	0.52	400
s_waf-benign	orig@p80	9	22.57705	0	100	0.52	400
s_waf-benign	orig@p112	10	20.74688	0	100	0.52	400
s_waf-benign	rev@p16	10	7.51798	0	100	0.52	400
s_waf-benign	rev@p32	10	7.73266	0	100	0.52	400
s_waf-benign	rev@p48	10	8.62118	0	100	0.52	400
s_waf-benign	rev@p64	10	7.50968	0	100	0.52	400
s_waf-benign	rev@p80	10	7.54932	0	100	0.52	400
s_waf-benign	rev@p96	10	7.63141	0	100	0.52	400
s_waf-benign	rev@p112	10	6.96283	0	100	0.52	400
s_waf-benign	orig	10	21.75068	0	100	0.52	400
s_waf-benign	orig2	10	21.76286	0	100	0.52	400
s_waf-benign	null	10	20.99237	0	100	0.52	400
s_waf-benign	rev	10	7.58717	0	100	0.52	400
s_waf-benign	orig@p16	10	22.51735	0	100	0.52	400
s_waf-benign	orig@p32	10	21.10849	0	100	0.52	400
s_waf-benign	orig@p48	10	21.04813	0	100	0.52	400
s_waf-benign	orig@p64	10	20.11096	0	100	0.52	400
s_waf-benign	orig@p80	10	23.14754	0	100	0.52	400
s_waf-benign	orig@p96	10	23.91607	0	100	0.52	400
s_waf-comment-obfuscation	orig	0	1.32636	0	100	0.52	400
s_waf-comment-obfuscation	orig2	0	1.32636	0	100	0.52	400
s_waf-comment-obfuscation	null	0	1.32507	0	100	0.52	400
s_waf-comment-obfuscation	rev	0	1.32636	0	100	0.52	400
s_waf-comment-obfuscation	orig@p16	0	1.32636	0	100	0.52	400
s_waf-comment-obfuscation	orig@p32	0	1.32778	0	100	0.52	400
s_waf-comment-obfuscation	orig@p48	0	1.36115	0	100	0.52	400
s_waf-comment-obfuscation	orig@p64	0	1.35831	0	100	0.52	400
s_waf-comment-obfuscation	orig@p80	0	1.35689	0	100	0.52	400
s_waf-comment-obfuscation	orig@p96	0	1.35831	0	100	0.52	400
s_waf-comment-obfuscation	orig@p112	0	1.32778	0	100	0.52	400
s_waf-comment-obfuscation	rev@p16	0	1.32364	0	100	0.52	400
s_waf-comment-obfuscation	rev@p32	0	1.33050	0	100	0.52	400
s_waf-comment-obfuscation	rev@p48	0	1.32364	0	100	0.52	400
s_waf-comment-obfuscation	rev@p64	0	1.32649	0	100	0.52	400
s_waf-comment-obfuscation	rev@p80	0	1.32778	0	100	0.52	400
s_waf-comment-obfuscation	rev@p96	0	1.32649	0	100	0.52	400
s_waf-comment-obfuscation	rev@p112	0	1.32636	0	100	0.52	400
s_waf-comment-obfuscation	orig2	1	1.32507	0	100	0.52	400
s_waf-comment-obfuscation	null	1	1.32507	0	100	0.52	400
s_waf-comment-obfuscation	rev	1	1.33477	0	100	0.52	400
s_waf-comment-obfuscation	orig@p16	1	1.32636	0	100	0.52	400
s_waf-comment-obfuscation	orig@p32	1	1.32494	0	100	0.52	400
s_waf-comment-obfuscation	orig@p48	1	1.35960	0	100	0.52	400
s_waf-comment-obfuscation	orig@p64	1	1.35831	0	100	0.52	400
s_waf-comment-obfuscation	orig@p80	1	1.35960	0	100	0.52	400
s_waf-comment-obfuscation	orig@p96	1	1.36387	0	100	0.52	400
s_waf-comment-obfuscation	orig@p112	1	1.32636	0	100	0.52	400
s_waf-comment-obfuscation	rev@p16	1	1.32494	0	100	0.52	400
s_waf-comment-obfuscation	rev@p32	1	1.32907	0	100	0.52	400
s_waf-comment-obfuscation	rev@p48	1	1.32494	0	100	0.52	400
s_waf-comment-obfuscation	rev@p64	1	1.32507	0	100	0.52	400
s_waf-comment-obfuscation	rev@p80	1	1.32494	0	100	0.52	400
s_waf-comment-obfuscation	rev@p96	1	1.32636	0	100	0.52	400
s_waf-comment-obfuscation	rev@p112	1	1.32636	0	100	0.52	400
s_waf-comment-obfuscation	orig	1	1.32364	0	100	0.52	400
s_waf-comment-obfuscation	null	2	1.32364	0	100	0.52	400
s_waf-comment-obfuscation	rev	2	0.75696	0	100	0.52	400
s_waf-comment-obfuscation	orig@p16	2	1.32494	0	100	0.52	400
s_waf-comment-obfuscation	orig@p32	2	1.32778	0	100	0.52	400
s_waf-comment-obfuscation	orig@p48	2	0.61946	0	100	0.52	400
s_waf-comment-obfuscation	orig@p64	2	1.35973	0	100	0.52	400
s_waf-comment-obfuscation	orig@p80	2	0.62088	0	100	0.52	400
s_waf-comment-obfuscation	orig@p96	2	1.36102	0	100	0.52	400
s_waf-comment-obfuscation	orig@p112	2	1.51107	0	100	0.52	400
s_waf-comment-obfuscation	rev@p16	2	1.32907	0	100	0.52	400
s_waf-comment-obfuscation	rev@p32	2	0.60562	0	100	0.52	400
s_waf-comment-obfuscation	rev@p48	2	1.32636	0	100	0.52	400
s_waf-comment-obfuscation	rev@p64	2	1.50965	0	100	0.52	400
s_waf-comment-obfuscation	rev@p80	2	1.32778	0	100	0.52	400
s_waf-comment-obfuscation	rev@p96	2	1.51107	0	100	0.52	400
s_waf-comment-obfuscation	rev@p112	2	1.32507	0	100	0.52	400
s_waf-comment-obfuscation	orig	2	0.60976	0	100	0.52	400
s_waf-comment-obfuscation	orig2	2	1.32507	0	100	0.52	400
s_waf-comment-obfuscation	rev	3	1.51107	0	100	0.52	400
s_waf-comment-obfuscation	orig@p16	3	1.32507	0	100	0.52	400
s_waf-comment-obfuscation	orig@p32	3	1.50978	0	100	0.52	400
s_waf-comment-obfuscation	orig@p48	3	3.70007	0	100	0.52	400
s_waf-comment-obfuscation	orig@p64	3	0.61946	0	100	0.52	400
s_waf-comment-obfuscation	orig@p80	3	1.36115	0	100	0.52	400
s_waf-comment-obfuscation	orig@p96	3	1.55143	0	100	0.52	400
s_waf-comment-obfuscation	orig@p112	3	4.04168	0	100	0.52	400
s_waf-comment-obfuscation	rev@p16	3	1.50823	0	100	0.52	400
s_waf-comment-obfuscation	rev@p32	3	1.61248	0	100	0.52	400
s_waf-comment-obfuscation	rev@p48	3	0.60549	0	100	0.52	400
s_waf-comment-obfuscation	rev@p64	3	1.61533	0	100	0.52	400
s_waf-comment-obfuscation	rev@p80	3	1.50965	0	100	0.52	400
s_waf-comment-obfuscation	rev@p96	3	1.62218	0	100	0.52	400
s_waf-comment-obfuscation	rev@p112	3	1.51107	0	100	0.52	400
s_waf-comment-obfuscation	orig	3	0.73329	0	100	0.52	400
s_waf-comment-obfuscation	orig2	3	0.60420	0	100	0.52	400
s_waf-comment-obfuscation	null	3	1.61533	0	100	0.52	400
s_waf-comment-obfuscation	orig@p16	4	1.50965	0	100	0.52	400
s_waf-comment-obfuscation	orig@p32	4	1.61675	0	100	0.52	400
s_waf-comment-obfuscation	orig@p48	4	1.54858	0	100	0.52	400
s_waf-comment-obfuscation	orig@p64	4	1.65426	0	100	0.52	400
s_waf-comment-obfuscation	orig@p80	4	0.75269	0	100	0.52	400
s_waf-comment-obfuscation	orig@p96	4	1.65413	0	100	0.52	400
s_waf-comment-obfuscation	orig@p112	4	0.60562	0	100	0.52	400
s_waf-comment-obfuscation	rev@p16	4	1.61248	0	100	0.52	400
s_waf-comment-obfuscation	rev@p32	4	1.50978	0	100	0.52	400
s_waf-comment-obfuscation	rev@p48	4	0.73613	0	100	0.52	400
s_waf-comment-obfuscation	rev@p64	4	0.60420	0	100	0.52	400
s_waf-comment-obfuscation	rev@p80	4	2.46115	0	100	0.52	400
s_waf-comment-obfuscation	rev@p96	4	1.51262	0	100	0.52	400
s_waf-comment-obfuscation	rev@p112	4	1.49167	0	100	0.52	400
s_waf-comment-obfuscation	orig	4	1.50978	0	100	0.52	400
s_waf-comment-obfuscation	orig2	4	1.49025	0	100	0.52	400
s_waf-comment-obfuscation	null	4	0.60549	0	100	0.52	400
s_waf-comment-obfuscation	rev	4	1.49167	0	100	0.52	400
s_waf-comment-obfuscation	orig@p32	5	1.51249	0	100	0.52	400
s_waf-comment-obfuscation	orig@p48	5	1.53060	0	100	0.52	400
s_waf-comment-obfuscation	orig@p64	5	1.55001	0	100	0.52	400
s_waf-comment-obfuscation	orig@p80	5	1.56941	0	100	0.52	400
s_waf-comment-obfuscation	orig@p96	5	0.61933	0	100	0.52	400
s_waf-comment-obfuscation	orig@p112	5	1.49025	0	100	0.52	400
s_waf-comment-obfuscation	rev@p16	5	1.51107	0	100	0.52	400
s_waf-comment-obfuscation	rev@p32	5	1.49296	0	100	0.52	400
s_waf-comment-obfuscation	rev@p48	5	1.51379	0	100	0.52	400
s_waf-comment-obfuscation	rev@p64	5	1.49167	0	100	0.52	400
s_waf-comment-obfuscation	rev@p80	5	1.49309	0	100	0.52	400
s_waf-comment-obfuscation	rev@p96	5	0.60562	0	100	0.52	400
s_waf-comment-obfuscation	rev@p112	5	1.49309	0	100	0.52	400
s_waf-comment-obfuscation	orig	5	0.60420	0	100	0.52	400
s_waf-comment-obfuscation	orig2	5	1.49581	0	100	0.52	400
s_waf-comment-obfuscation	null	5	1.51120	0	100	0.52	400
s_waf-comment-obfuscation	rev	5	1.49309	0	100	0.52	400
s_waf-comment-obfuscation	orig@p16	5	1.51249	0	100	0.52	400
s_waf-comment-obfuscation	orig@p48	6	1.52633	0	100	0.52	400
s_waf-comment-obfuscation	orig@p64	6	1.65413	0	100	0.52	400
s_waf-comment-obfuscation	orig@p80	6	1.53332	0	100	0.52	400
s_waf-comment-obfuscation	orig@p96	6	0.75554	0	100	0.52	400
s_waf-comment-obfuscation	orig@p112	6	1.49309	0	100	0.52	400
s_waf-comment-obfuscation	rev@p16	6	1.61390	0	100	0.52	400
s_waf-comment-obfuscation	rev@p32	6	1.49167	0	100	0.52	400
s_waf-comment-obfuscation	rev@p48	6	1.61662	0	100	0.52	400
s_waf-comment-obfuscation	rev@p64	6	1.49025	0	100	0.52	400
s_waf-comment-obfuscation	rev@p80	6	0.73329	0	100	0.52	400
s_waf-comment-obfuscation	rev@p96	6	1.49309	0	100	0.52	400
s_waf-comment-obfuscation	rev@p112	6	1.61390	0	100	0.52	400
s_waf-comment-obfuscation	orig	6	1.48895	0	100	0.52	400
s_waf-comment-obfuscation	orig2	6	1.61390	0	100	0.52	400
s_waf-comment-obfuscation	null	6	1.49025	0	100	0.52	400
s_waf-comment-obfuscation	rev	6	1.32636	0	100	0.52	400
s_waf-comment-obfuscation	orig@p16	6	1.32636	0	100	0.52	400
s_waf-comment-obfuscation	orig@p32	6	1.32494	0	100	0.52	400
s_waf-comment-obfuscation	orig@p64	7	1.35973	0	100	0.52	400
s_waf-comment-obfuscation	orig@p80	7	1.36516	0	100	0.52	400
s_waf-comment-obfuscation	orig@p96	7	1.35973	0	100	0.52	400
s_waf-comment-obfuscation	orig@p112	7	1.32636	0	100	0.52	400
s_waf-comment-obfuscation	rev@p16	7	1.33192	0	100	0.52	400
s_waf-comment-obfuscation	rev@p32	7	1.32507	0	100	0.52	400
s_waf-comment-obfuscation	rev@p48	7	4.78195	0	100	0.52	400
s_waf-comment-obfuscation	rev@p64	7	1.32494	0	100	0.52	400
s_waf-comment-obfuscation	rev@p80	7	1.32364	0	100	0.52	400
s_waf-comment-obfuscation	rev@p96	7	1.32507	0	100	0.52	400
s_waf-comment-obfuscation	rev@p112	7	1.32507	0	100	0.52	400
s_waf-comment-obfuscation	orig	7	1.32494	0	100	0.52	400
s_waf-comment-obfuscation	orig2	7	1.32364	0	100	0.52	400
s_waf-comment-obfuscation	null	7	1.32507	0	100	0.52	400
s_waf-comment-obfuscation	rev	7	1.32778	0	100	0.52	400
s_waf-comment-obfuscation	orig@p16	7	1.32507	0	100	0.52	400
s_waf-comment-obfuscation	orig@p32	7	1.32778	0	100	0.52	400
s_waf-comment-obfuscation	orig@p48	7	1.35973	0	100	0.52	400
s_waf-comment-obfuscation	orig@p80	8	1.36115	0	100	0.52	400
s_waf-comment-obfuscation	orig@p96	8	1.36102	0	100	0.52	400
s_waf-comment-obfuscation	orig@p112	8	1.33205	0	100	0.52	400
s_waf-comment-obfuscation	rev@p16	8	1.32364	0	100	0.52	400
s_waf-comment-obfuscation	rev@p32	8	1.32364	0	100	0.52	400
s_waf-comment-obfuscation	rev@p48	8	1.33477	0	100	0.52	400
s_waf-comment-obfuscation	rev@p64	8	1.32636	0	100	0.52	400
s_waf-comment-obfuscation	rev@p80	8	1.32364	0	100	0.52	400
s_waf-comment-obfuscation	rev@p96	8	1.32494	0	100	0.52	400
s_waf-comment-obfuscation	rev@p112	8	1.32636	0	100	0.52	400
s_waf-comment-obfuscation	orig	8	1.32507	0	100	0.52	400
s_waf-comment-obfuscation	orig2	8	1.32351	0	100	0.52	400
s_waf-comment-obfuscation	null	8	1.32907	0	100	0.52	400
s_waf-comment-obfuscation	rev	8	1.33321	0	100	0.52	400
s_waf-comment-obfuscation	orig@p16	8	1.32507	0	100	0.52	400
s_waf-comment-obfuscation	orig@p32	8	1.32636	0	100	0.52	400
s_waf-comment-obfuscation	orig@p48	8	1.35831	0	100	0.52	400
s_waf-comment-obfuscation	orig@p64	8	1.36387	0	100	0.52	400
s_waf-comment-obfuscation	orig@p96	9	1.35973	0	100	0.52	400
s_waf-comment-obfuscation	orig@p112	9	1.32507	0	100	0.52	400
s_waf-comment-obfuscation	rev@p16	9	1.32778	0	100	0.52	400
s_waf-comment-obfuscation	rev@p32	9	1.32649	0	100	0.52	400
s_waf-comment-obfuscation	rev@p48	9	1.32494	0	100	0.52	400
s_waf-comment-obfuscation	rev@p64	9	1.32507	0	100	0.52	400
s_waf-comment-obfuscation	rev@p80	9	1.32636	0	100	0.52	400
s_waf-comment-obfuscation	rev@p96	9	1.32636	0	100	0.52	400
s_waf-comment-obfuscation	rev@p112	9	1.32507	0	100	0.52	400
s_waf-comment-obfuscation	orig	9	1.32351	0	100	0.52	400
s_waf-comment-obfuscation	orig2	9	1.32364	0	100	0.52	400
s_waf-comment-obfuscation	null	9	1.32649	0	100	0.52	400
s_waf-comment-obfuscation	rev	9	1.33192	0	100	0.52	400
s_waf-comment-obfuscation	orig@p16	9	1.32636	0	100	0.52	400
s_waf-comment-obfuscation	orig@p32	9	1.32636	0	100	0.52	400
s_waf-comment-obfuscation	orig@p48	9	1.35973	0	100	0.52	400
s_waf-comment-obfuscation	orig@p64	9	1.35973	0	100	0.52	400
s_waf-comment-obfuscation	orig@p80	9	1.36387	0	100	0.52	400
s_waf-comment-obfuscation	orig@p112	10	1.32507	0	100	0.52	400
s_waf-comment-obfuscation	rev@p16	10	1.32494	0	100	0.52	400
s_waf-comment-obfuscation	rev@p32	10	1.32507	0	100	0.52	400
s_waf-comment-obfuscation	rev@p48	10	1.32649	0	100	0.52	400
s_waf-comment-obfuscation	rev@p64	10	1.32364	0	100	0.52	400
s_waf-comment-obfuscation	rev@p80	10	1.32636	0	100	0.52	400
s_waf-comment-obfuscation	rev@p96	10	1.32649	0	100	0.52	400
s_waf-comment-obfuscation	rev@p112	10	1.32649	0	100	0.52	400
s_waf-comment-obfuscation	orig	10	1.32351	0	100	0.52	400
s_waf-comment-obfuscation	orig2	10	1.32778	0	100	0.52	400
s_waf-comment-obfuscation	null	10	1.32507	0	100	0.52	400
s_waf-comment-obfuscation	rev	10	1.33334	0	100	0.52	400
s_waf-comment-obfuscation	orig@p16	10	1.32507	0	100	0.52	400
s_waf-comment-obfuscation	orig@p32	10	1.32636	0	100	0.52	400
s_waf-comment-obfuscation	orig@p48	10	1.36258	0	100	0.52	400
s_waf-comment-obfuscation	orig@p64	10	1.35973	0	100	0.52	400
s_waf-comment-obfuscation	orig@p80	10	1.36245	0	100	0.52	400
s_waf-comment-obfuscation	orig@p96	10	1.35973	0	100	0.52	400
s_waf-concat	orig	0	0.51252	0	100	0.52	400
s_waf-concat	orig2	0	0.51198	0	100	0.52	400
s_waf-concat	null	0	0.51257	0	100	0.52	400
s_waf-concat	rev	0	0.52295	0	100	0.52	400
s_waf-concat	orig@p16	0	0.50990	0	100	0.52	400
s_waf-concat	orig@p32	0	0.51038	0	100	0.52	400
s_waf-concat	orig@p48	0	0.53590	0	100	0.52	400
s_waf-concat	orig@p64	0	0.61254	0	100	0.52	400
s_waf-concat	orig@p80	0	0.52498	0	100	0.52	400
s_waf-concat	orig@p96	0	0.61254	0	100	0.52	400
s_waf-concat	orig@p112	0	0.55050	0	100	0.52	400
s_waf-concat	rev@p16	0	0.59736	0	100	0.52	400
s_waf-concat	rev@p32	0	0.52498	0	100	0.52	400
s_waf-concat	rev@p48	0	0.29220	0	100	0.52	400
s_waf-concat	rev@p64	0	0.50990	0	100	0.52	400
s_waf-concat	rev@p80	0	0.29118	0	100	0.52	400
s_waf-concat	rev@p96	0	0.51092	0	100	0.52	400
s_waf-concat	rev@p112	0	0.23283	0	100	0.52	400
s_waf-concat	orig2	1	0.51145	0	100	0.52	400
s_waf-concat	null	1	0.58179	0	100	0.52	400
s_waf-concat	rev	1	0.52397	0	100	0.52	400
s_waf-concat	orig@p16	1	0.29114	0	100	0.52	400
s_waf-concat	orig@p32	1	0.51198	0	100	0.52	400
s_waf-concat	orig@p48	1	0.65469	0	100	0.52	400
s_waf-concat	orig@p64	1	0.52503	0	100	0.52	400
s_waf-concat	orig@p80	1	0.65362	0	100	0.52	400
s_waf-concat	orig@p96	1	0.53701	0	100	0.52	400
s_waf-concat	orig@p112	1	0.30467	0	100	0.52	400
s_waf-concat	rev@p16	1	0.52343	0	100	0.52	400
s_waf-concat	rev@p32	1	0.63752	0	100	0.52	400
s_waf-concat	rev@p48	1	0.51145	0	100	0.52	400
s_waf-concat	rev@p64	1	0.62239	0	100	0.52	400
s_waf-concat	rev@p80	1	0.51092	0	100	0.52	400
s_waf-concat	rev@p96	1	0.28333	0	100	0.52	400
s_waf-concat	rev@p112	1	0.62505	0	100	0.52	400
s_waf-concat	orig	1	0.51043	0	100	0.52	400
s_waf-concat	null	2	0.62292	0	100	0.52	400
s_waf-concat	rev	2	0.52290	0	100	0.52	400
s_waf-concat	orig@p16	2	0.62239	0	100	0.52	400
s_waf-concat	orig@p32	2	0.51097	0	100	0.52	400
s_waf-concat	orig@p48	2	0.65576	0	100	0.52	400
s_waf-concat	orig@p64	2	0.53643	0	100	0.52	400
s_waf-concat	orig@p80	2	0.29739	0	100	0.52	400
s_waf-concat	orig@p96	2	0.53750	0	100	0.52	400
s_waf-concat	orig@p112	2	0.67031	0	100	0.52	400
s_waf-concat	rev@p16	2	0.52348	0	100	0.52	400
s_waf-concat	rev@p32	2	0.63752	0	100	0.52	400
s_waf-concat	rev@p48	2	0.50990	0	100	0.52	400
s_waf-concat	rev@p64	2	0.28279	0	100	0.52	400
s_waf-concat	rev@p80	2	0.51092	0	100	0.52	400
s_waf-concat	rev@p96	2	0.51092	0	100	0.52	400
s_waf-concat	rev@p112	2	0.62239	0	100	0.52	400
s_waf-concat	orig	2	0.51145	0	100	0.52	400
s_waf-concat	orig2	2	0.62190	0	100	0.52	400
s_waf-concat	rev	3	0.52397	0	100	0.52	400
s_waf-concat	orig@p16	3	0.28333	0	100	0.52	400
s_waf-concat	orig@p32	3	0.51092	0	100	0.52	400
s_waf-concat	orig@p48	3	0.65314	0	100	0.52	400
s_waf-concat	orig@p64	3	0.53701	0	100	0.52	400
s_waf-concat	orig@p80	3	0.64014	0	100	0.52	400
s_waf-concat	orig@p96	3	0.53648	0	100	0.52	400
s_waf-concat	orig@p112	3	0.30467	0	100	0.52	400
s_waf-concat	rev@p16	3	0.52343	0	100	0.52	400
s_waf-concat	rev@p32	3	0.63854	0	100	0.52	400
s_waf-concat	rev@p48	3	0.51043	0	100	0.52	400
s_waf-concat	rev@p64	3	0.62239	0	100	0.52	400
s_waf-concat	rev@p80	3	0.51043	0	100	0.52	400
s_waf-concat	rev@p96	3	0.28279	0	100	0.52	400
s_waf-concat	rev@p112	3	0.51092	0	100	0.52	400
s_waf-concat	orig	3	0.51092	0	100	0.52	400
s_waf-concat	orig2	3	0.62185	0	100	0.52	400
s_waf-concat	null	3	0.51198	0	100	0.52	400
s_waf-concat	orig@p16	4	0.62190	0	100	0.52	400
s_waf-concat	orig@p32	4	0.51043	0	100	0.52	400
s_waf-concat	orig@p48	4	0.29739	0	100	0.52	400
s_waf-concat	orig@p64	4	0.53852	0	100	0.52	400
s_waf-concat	orig@p80	4	0.65314	0	100	0.52	400
s_waf-concat	orig@p96	4	0.52814	0	100	0.52	400
s_waf-concat	orig@p112	4	0.67448	0	100	0.52	400
s_waf-concat	rev@p16	4	0.52707	0	100	0.52	400
s_waf-concat	rev@p32	4	0.28958	0	100	0.52	400
s_waf-concat	rev@p48	4	0.50990	0	100	0.52	400
s_waf-concat	rev@p64	4	0.76199	0	100	0.52	400
s_waf-concat	rev@p80	4	0.50990	0	100	0.52	400
s_waf-concat	rev@p96	4	0.62292	0	100	0.52	400
s_waf-concat	rev@p112	4	0.51252	0	100	0.52	400
s_waf-concat	orig	4	0.28333	0	100	0.52	400
s_waf-concat	orig2	4	0.51097	0	100	0.52	400
s_waf-concat	null	4	0.62083	0	100	0.52	400
s_waf-concat	rev	4	0.52343	0	100	0.52	400
s_waf-concat	orig@p32	5	0.62345	0	100	0.52	400
s_waf-concat	orig@p48	5	0.53798	0	100	0.52	400
s_waf-concat	orig@p64	5	0.29691	0	100	0.52	400
s_waf-concat	orig@p80	5	0.53697	0	100	0.52	400
s_waf-concat	orig@p96	5	0.63694	0	100	0.52	400
s_waf-concat	orig@p112	5	0.55103	0	100	0.52	400
s_waf-concat	rev@p16	5	0.63854	0	100	0.52	400
s_waf-concat	rev@p32	5	0.52455	0	100	0.52	400
s_waf-concat	rev@p48	5	0.28333	0	100	0.52	400
s_waf-concat	rev@p64	5	0.50990	0	100	0.52	400
s_waf-concat	rev@p80	5	0.62190	0	100	0.52	400
s_waf-concat	rev@p96	5	0.51097	0	100	0.52	400
s_waf-concat	rev@p112	5	0.62340	0	100	0.52	400
s_waf-concat	orig	5	0.51038	0	100	0.52	400
s_waf-concat	orig2	5	0.28333	0	100	0.52	400
s_waf-concat	null	5	0.51198	0	100	0.52	400
s_waf-concat	rev	5	0.63752	0	100	0.52	400
s_waf-concat	orig@p16	5	0.51043	0	100	0.52	400
s_waf-concat	orig@p48	6	0.65421	0	100	0.52	400
s_waf-concat	orig@p64	6	0.53697	0	100	0.52	400
s_waf-concat	orig@p80	6	0.29739	0	100	0.52	400
s_waf-concat	orig@p96	6	0.53697	0	100	0.52	400
s_waf-concat	orig@p112	6	0.67084	0	100	0.52	400
s_waf-concat	rev@p16	6	0.52295	0	100	0.52	400
s_waf-concat	rev@p32	6	0.63800	0	100	0.52	400
s_waf-concat	rev@p48	6	0.51145	0	100	0.52	400
s_waf-concat	rev@p64	6	0.28333	0	100	0.52	400
s_waf-concat	rev@p80	6	0.51097	0	100	0.52	400
s_waf-concat	rev@p96	6	0.62137	0	100	0.52	400
s_waf-concat	rev@p112	6	0.51562	0	100	0.52	400
s_waf-concat	orig	6	0.62239	0	100	0.52	400
s_waf-concat	orig2	6	0.51092	0	100	0.52	400
s_waf-concat	null	6	0.28434	0	100	0.52	400
s_waf-concat	rev	6	0.52397	0	100	0.52	400
s_waf-concat	orig@p16	6	0.28279	0	100	0.52	400
s_waf-concat	orig@p32	6	0.51145	0	100	0.52	400
s_waf-concat	orig@p64	7	0.65362	0	100	0.52	400
s_waf-concat	orig@p80	7	0.53750	0	100	0.52	400
s_waf-concat	orig@p96	7	0.65421	0	100	0.52	400
s_waf-concat	orig@p112	7	0.55050	0	100	0.52	400
s_waf-concat	rev@p16	7	0.29065	0	100	0.52	400
s_waf-concat	rev@p32	7	0.52348	0	100	0.52	400
s_waf-concat	rev@p48	7	0.51038	0	100	0.52	400
s_waf-concat	rev@p64	7	0.51145	0	100	0.52	400
s_waf-concat	rev@p80	7	0.50990	0	100	0.52	400
s_waf-concat	rev@p96	7	0.51097	0	100	0.52	400
s_waf-concat	rev@p112	7	0.51097	0	100	0.52	400
s_waf-concat	orig	7	0.51402	0	100	0.52	400
s_waf-concat	orig2	7	0.51092	0	100	0.52	400
s_waf-concat	null	7	0.51145	0	100	0.52	400
s_waf-concat	rev	7	0.52445	0	100	0.52	400
s_waf-concat	orig@p16	7	0.51145	0	100	0.52	400
s_waf-concat	orig@p32	7	0.51252	0	100	0.52	400
s_waf-concat	orig@p48	7	0.53595	0	100	0.52	400
s_waf-concat	orig@p80	8	0.53750	0	100	0.52	400
s_waf-concat	orig@p96	8	0.53697	0	100	0.52	400
s_waf-concat	orig@p112	8	0.55157	0	100	0.52	400
s_waf-concat	rev@p16	8	0.52343	0	100	0.52	400
s_waf-concat	rev@p32	8	0.52300	0	100	0.52	400
s_waf-concat	rev@p48	8	0.50990	0	100	0.52	400
s_waf-concat	rev@p64	8	0.51038	0	100	0.52	400
s_waf-concat	rev@p80	8	0.51097	0	100	0.52	400
s_waf-concat	rev@p96	8	0.51092	0	100	0.52	400
s_waf-concat	rev@p112	8	0.50990	0	100	0.52	400
s_waf-concat	orig	8	0.51043	0	100	0.52	400
s_waf-concat	orig2	8	0.51145	0	100	0.52	400
s_waf-concat	null	8	0.51043	0	100	0.52	400
s_waf-concat	rev	8	0.52445	0	100	0.52	400
s_waf-concat	orig@p16	8	0.51145	0	100	0.52	400
s_waf-concat	orig@p32	8	0.50990	0	100	0.52	400
s_waf-concat	orig@p48	8	0.53706	0	100	0.52	400
s_waf-concat	orig@p64	8	0.53750	0	100	0.52	400
s_waf-concat	orig@p96	9	0.53648	0	100	0.52	400
s_waf-concat	orig@p112	9	0.55108	0	100	0.52	400
s_waf-concat	rev@p16	9	0.52450	0	100	0.52	400
s_waf-concat	rev@p32	9	0.52445	0	100	0.52	400
s_waf-concat	rev@p48	9	0.51145	0	100	0.52	400
s_waf-concat	rev@p64	9	0.50990	0	100	0.52	400
s_waf-concat	rev@p80	9	0.51145	0	100	0.52	400
s_waf-concat	rev@p96	9	0.51097	0	100	0.52	400
s_waf-concat	rev@p112	9	0.51043	0	100	0.52	400
s_waf-concat	orig	9	0.51043	0	100	0.52	400
s_waf-concat	orig2	9	0.51145	0	100	0.52	400
s_waf-concat	null	9	0.51198	0	100	0.52	400
s_waf-concat	rev	9	0.52552	0	100	0.52	400
s_waf-concat	orig@p16	9	0.50990	0	100	0.52	400
s_waf-concat	orig@p32	9	0.51097	0	100	0.52	400
s_waf-concat	orig@p48	9	0.53697	0	100	0.52	400
s_waf-concat	orig@p64	9	0.53643	0	100	0.52	400
s_waf-concat	orig@p80	9	0.53750	0	100	0.52	400
s_waf-concat	orig@p112	10	0.55050	0	100	0.52	400
s_waf-concat	rev@p16	10	0.52343	0	100	0.52	400
s_waf-concat	rev@p32	10	0.52295	0	100	0.52	400
s_waf-concat	rev@p48	10	0.51092	0	100	0.52	400
s_waf-concat	rev@p64	10	0.51043	0	100	0.52	400
s_waf-concat	rev@p80	10	0.51043	0	100	0.52	400
s_waf-concat	rev@p96	10	0.51092	0	100	0.52	400
s_waf-concat	rev@p112	10	0.51038	0	100	0.52	400
s_waf-concat	orig	10	0.51145	0	100	0.52	400
s_waf-concat	orig2	10	0.51145	0	100	0.52	400
s_waf-concat	null	10	0.50985	0	100	0.52	400
s_waf-concat	rev	10	0.52552	0	100	0.52	400
s_waf-concat	orig@p16	10	0.58329	0	100	0.52	400
s_waf-concat	orig@p32	10	0.51145	0	100	0.52	400
s_waf-concat	orig@p48	10	0.53697	0	100	0.52	400
s_waf-concat	orig@p64	10	0.53750	0	100	0.52	400
s_waf-concat	orig@p80	10	0.53697	0	100	0.52	400
s_waf-concat	orig@p96	10	0.53648	0	100	0.52	400
s_waf-dbnames	orig	0	0.62817	0	100	0.52	400
s_waf-dbnames	orig2	0	0.71670	0	100	0.52	400
s_waf-dbnames	null	0	0.63139	0	100	0.52	400
s_waf-dbnames	rev	0	0.36793	0	100	0.52	400
s_waf-dbnames	orig@p16	0	0.62822	0	100	0.52	400
s_waf-dbnames	orig@p32	0	0.28650	0	100	0.52	400
s_waf-dbnames	orig@p48	0	0.67885	0	100	0.52	400
s_waf-dbnames	orig@p64	0	0.75383	0	100	0.52	400
s_waf-dbnames	orig@p80	0	0.64554	0	100	0.52	400
s_waf-dbnames	orig@p96	0	0.30125	0	100	0.52	400
s_waf-dbnames	orig@p112	0	0.67694	0	100	0.52	400
s_waf-dbnames	rev@p16	0	0.29361	0	100	0.52	400
s_waf-dbnames	rev@p32	0	0.64357	0	100	0.52	400
s_waf-dbnames	rev@p48	0	0.73527	0	100	0.52	400
s_waf-dbnames	rev@p64	0	0.62751	0	100	0.52	400
s_waf-dbnames	rev@p80	0	0.28847	0	100	0.52	400
s_waf-dbnames	rev@p96	0	0.63079	0	100	0.52	400
s_waf-dbnames	rev@p112	0	0.28972	0	100	0.52	400
s_waf-dbnames	orig2	1	0.62882	0	100	0.52	400
s_waf-dbnames	null	1	2.15130	0	100	0.52	400
s_waf-dbnames	rev	1	0.64619	0	100	0.52	400
s_waf-dbnames	orig@p16	1	0.28722	0	100	0.52	400
s_waf-dbnames	orig@p32	1	0.62948	0	100	0.52	400
s_waf-dbnames	orig@p48	1	0.30131	0	100	0.52	400
s_waf-dbnames	orig@p64	1	0.66088	0	100	0.52	400
s_waf-dbnames	orig@p80	1	0.75389	0	100	0.52	400
s_waf-dbnames	orig@p96	1	0.66028	0	100	0.52	400
s_waf-dbnames	orig@p112	1	0.30835	0	100	0.52	400
s_waf-dbnames	rev@p16	1	0.64422	0	100	0.52	400
s_waf-dbnames	rev@p32	1	0.29295	0	100	0.52	400
s_waf-dbnames	rev@p48	1	0.63843	0	100	0.52	400
s_waf-dbnames	rev@p64	1	0.71801	0	100	0.52	400
s_waf-dbnames	rev@p80	1	0.62822	0	100	0.52	400
s_waf-dbnames	rev@p96	1	0.71730	0	100	0.52	400
s_waf-dbnames	rev@p112	1	0.62948	0	100	0.52	400
s_waf-dbnames	orig	1	0.28722	0	100	0.52	400
s_waf-dbnames	null	2	0.62948	0	100	0.52	400
s_waf-dbnames	rev	2	0.29361	0	100	0.52	400
s_waf-dbnames	orig@p16	2	0.62882	0	100	0.52	400
s_waf-dbnames	orig@p32	2	0.71664	0	100	0.52	400
s_waf-dbnames	orig@p48	2	0.66094	0	100	0.52	400
s_waf-dbnames	orig@p64	2	0.30196	0	100	0.52	400
s_waf-dbnames	orig@p80	2	0.64422	0	100	0.52	400
s_waf-dbnames	orig@p96	2	0.30125	0	100	0.52	400
s_waf-dbnames	orig@p112	2	0.67628	0	100	0.52	400
s_waf-dbnames	rev@p16	2	0.29361	0	100	0.52	400
s_waf-dbnames	rev@p32	2	0.64488	0	100	0.52	400
s_waf-dbnames	rev@p48	2	0.28650	0	100	0.52	400
s_waf-dbnames	rev@p64	2	0.63008	0	100	0.52	400
s_waf-dbnames	rev@p80	2	0.71730	0	100	0.52	400
s_waf-dbnames	rev@p96	2	0.62828	0	100	0.52	400
s_waf-dbnames	rev@p112	2	0.28590	0	100	0.52	400
s_waf-dbnames	orig	2	0.62888	0	100	0.52	400
s_waf-dbnames	orig2	2	0.28716	0	100	0.52	400
s_waf-dbnames	rev	3	0.64422	0	100	0.52	400
s_waf-dbnames	orig@p16	3	0.71670	0	100	0.52	400
s_waf-dbnames	orig@p32	3	0.62888	0	100	0.52	400
s_waf-dbnames	orig@p48	3	0.30316	0	100	0.52	400
s_waf-dbnames	orig@p64	3	0.66154	0	100	0.52	400
s_waf-dbnames	orig@p80	3	0.30196	0	100	0.52	400
s_waf-dbnames	orig@p96	3	0.64363	0	100	0.52	400
s_waf-dbnames	orig@p112	3	2.26096	0	100	0.52	400
s_waf-dbnames	rev@p16	3	0.64554	0	100	0.52	400
s_waf-dbnames	rev@p32	3	0.29361	0	100	0.52	400
s_waf-dbnames	rev@p48	3	0.62948	0	100	0.52	400
s_waf-dbnames	rev@p64	3	1.62886	0	100	0.52	400
s_waf-dbnames	rev@p80	3	0.62882	0	100	0.52	400
s_waf-dbnames	rev@p96	3	0.71598	0	100	0.52	400
s_waf-dbnames	rev@p112	3	0.62882	0	100	0.52	400
s_waf-dbnames	orig	3	0.28722	0	100	0.52	400
s_waf-dbnames	orig2	3	0.62888	0	100	0.52	400
s_waf-dbnames	null	3	0.28716	0	100	0.52	400
s_waf-dbnames	orig@p16	4	0.63014	0	100	0.52	400
s_waf-dbnames	orig@p32	4	0.28972	0	100	0.52	400
s_waf-dbnames	orig@p48	4	0.66094	0	100	0.52	400
s_waf-dbnames	orig@p64	4	0.75318	0	100	0.52	400
s_waf-dbnames	orig@p80	4	0.66028	0	100	0.52	400
s_waf-dbnames	orig@p96	4	0.77246	0	100	0.52	400
s_waf-dbnames	orig@p112	4	0.67694	0	100	0.52	400
s_waf-dbnames	rev@p16	4	0.29486	0	100	0.52	400
s_waf-dbnames	rev@p32	4	0.64422	0	100	0.52	400
s_waf-dbnames	rev@p48	4	0.28656	0	100	0.52	400
s_waf-dbnames	rev@p64	4	0.62882	0	100	0.52	400
s_waf-dbnames	rev@p80	4	0.71664	0	100	0.52	400
s_waf-dbnames	rev@p96	4	0.62822	0	100	0.52	400
s_waf-dbnames	rev@p112	4	0.28716	0	100	0.52	400
s_waf-dbnames	orig	4	0.62882	0	100	0.52	400
s_waf-dbnames	orig2	4	0.28716	0	100	0.52	400
s_waf-dbnames	null	4	0.62948	0	100	0.52	400
s_waf-dbnames	rev	4	0.73783	0	100	0.52	400
s_waf-dbnames	orig@p32	5	0.63073	0	100	0.52	400
s_waf-dbnames	orig@p48	5	0.75574	0	100	0.52	400
s_waf-dbnames	orig@p64	5	0.66094	0	100	0.52	400
s_waf-dbnames	orig@p80	5	0.29426	0	100	0.52	400
s_waf-dbnames	orig@p96	5	0.66094	0	100	0.52	400
s_waf-dbnames	orig@p112	5	0.30895	0	100	0.52	400
s_waf-dbnames	rev@p16	5	0.64488	0	100	0.52	400
s_waf-dbnames	rev@p32	5	0.29426	0	100	0.52	400
s_waf-dbnames	rev@p48	5	0.63014	0	100	0.52	400
s_waf-dbnames	rev@p64	5	0.71604	0	100	0.52	400
s_waf-dbnames	rev@p80	5	0.84810	0	100	0.52	400
s_waf-dbnames	rev@p96	5	0.28656	0	100	0.52	400
s_waf-dbnames	rev@p112	5	0.62822	0	100	0.52	400
s_waf-dbnames	orig	5	0.28847	0	100	0.52	400
s_waf-dbnames	orig2	5	1.90067	0	100	0.52	400
s_waf-dbnames	null	5	0.71664	0	100	0.52	400
s_waf-dbnames	rev	5	0.64422	0	100	0.52	400
s_waf-dbnames	orig@p16	5	0.28656	0	100	0.52	400
s_waf-dbnames	orig@p48	6	0.66100	0	100	0.52	400
s_waf-dbnames	orig@p64	6	0.30513	0	100	0.52	400
s_waf-dbnames	orig@p80	6	0.66154	0	100	0.52	400
s_waf-dbnames	orig@p96	6	0.75318	0	100	0.52	400
s_waf-dbnames	orig@p112	6	0.67760	0	100	0.52	400
s_waf-dbnames	rev@p16	6	0.29426	0	100	0.52	400
s_waf-dbnames	rev@p32	6	0.64548	0	100	0.52	400
s_waf-dbnames	rev@p48	6	0.28781	0	100	0.52	400
s_waf-dbnames	rev@p64	6	0.62691	0	100	0.52	400
s_waf-dbnames	rev@p80	6	0.71604	0	100	0.52	400
s_waf-dbnames	rev@p96	6	0.63014	0	100	0.52	400
s_waf-dbnames	rev@p112	6	0.28650	0	100	0.52	400
s_waf-dbnames	orig	6	0.62822	0	100	0.52	400
s_waf-dbnames	orig2	6	0.28650	0	100	0.52	400
s_waf-dbnames	null	6	0.62822	0	100	0.52	400
s_waf-dbnames	rev	6	0.73527	0	100	0.52	400
s_waf-dbnames	orig@p16	6	0.62882	0	100	0.52	400
s_waf-dbnames	orig@p32	6	0.28650	0	100	0.52	400
s_waf-dbnames	orig@p64	7	0.66028	0	100	0.52	400
s_waf-dbnames	orig@p80	7	0.75258	0	100	0.52	400
s_waf-dbnames	orig@p96	7	0.66022	0	100	0.52	400
s_waf-dbnames	orig@p112	7	0.67694	0	100	0.52	400
s_waf-dbnames	rev@p16	7	0.64422	0	100	0.52	400
s_waf-dbnames	rev@p32	7	0.64422	0	100	0.52	400
s_waf-dbnames	rev@p48	7	0.62882	0	100	0.52	400
s_waf-dbnames	rev@p64	7	0.62882	0	100	0.52	400
s_waf-dbnames	rev@p80	7	0.63014	0	100	0.52	400
s_waf-dbnames	rev@p96	7	0.62757	0	100	0.52	400
s_waf-dbnames	rev@p112	7	0.62888	0	100	0.52	400
s_waf-dbnames	orig	7	0.62757	0	100	0.52	400
s_waf-dbnames	orig2	7	0.63014	0	100	0.52	400
s_waf-dbnames	null	7	0.62822	0	100	0.52	400
s_waf-dbnames	rev	7	0.64488	0	100	0.52	400
s_waf-dbnames	orig@p16	7	0.62888	0	100	0.52	400
s_waf-dbnames	orig@p32	7	0.62822	0	100	0.52	400
s_waf-dbnames	orig@p48	7	0.64679	0	100	0.52	400
s_waf-dbnames	orig@p80	8	0.66154	0	100	0.52	400
s_waf-dbnames	orig@p96	8	0.66219	0	100	0.52	400
s_waf-dbnames	orig@p112	8	0.68458	0	100	0.52	400
s_waf-dbnames	rev@p16	8	0.64422	0	100	0.52	400
s_waf-dbnames	rev@p32	8	0.64613	0	100	0.52	400
s_waf-dbnames	rev@p48	8	0.62948	0	100	0.52	400
s_waf-dbnames	rev@p64	8	0.62882	0	100	0.52	400
s_waf-dbnames	rev@p80	8	0.62757	0	100	0.52	400
s_waf-dbnames	rev@p96	8	0.62822	0	100	0.52	400
s_waf-dbnames	rev@p112	8	0.63079	0	100	0.52	400
s_waf-dbnames	orig	8	0.62822	0	100	0.52	400
s_waf-dbnames	orig2	8	0.62948	0	100	0.52	400
s_waf-dbnames	null	8	0.62822	0	100	0.52	400
s_waf-dbnames	rev	8	0.64422	0	100	0.52	400
s_waf-dbnames	orig@p16	8	0.62948	0	100	0.52	400
s_waf-dbnames	orig@p32	8	0.62882	0	100	0.52	400
s_waf-dbnames	orig@p48	8	0.66088	0	100	0.52	400
s_waf-dbnames	orig@p64	8	0.66094	0	100	0.52	400
s_waf-dbnames	orig@p96	9	0.66154	0	100	0.52	400
s_waf-dbnames	orig@p112	9	0.67694	0	100	0.52	400
s_waf-dbnames	rev@p16	9	0.64805	0	100	0.52	400
s_waf-dbnames	rev@p32	9	0.64548	0	100	0.52	400
s_waf-dbnames	rev@p48	9	0.62882	0	100	0.52	400
s_waf-dbnames	rev@p64	9	0.62888	0	100	0.52	400
s_waf-dbnames	rev@p80	9	0.62751	0	100	0.52	400
s_waf-dbnames	rev@p96	9	0.62757	0	100	0.52	400
s_waf-dbnames	rev@p112	9	0.62882	0	100	0.52	400
s_waf-dbnames	orig	9	0.62817	0	100	0.52	400
s_waf-dbnames	orig2	9	0.63014	0	100	0.52	400
s_waf-dbnames	null	9	0.71861	0	100	0.52	400
s_waf-dbnames	rev	9	0.64554	0	100	0.52	400
s_waf-dbnames	orig@p16	9	0.62817	0	100	0.52	400
s_waf-dbnames	orig@p32	9	0.62882	0	100	0.52	400
s_waf-dbnames	orig@p48	9	0.66351	0	100	0.52	400
s_waf-dbnames	orig@p64	9	0.66285	0	100	0.52	400
s_waf-dbnames	orig@p80	9	0.66028	0	100	0.52	400
s_waf-dbnames	orig@p112	10	0.67819	0	100	0.52	400
s_waf-dbnames	rev@p16	10	0.64554	0	100	0.52	400
s_waf-dbnames	rev@p32	10	0.64357	0	100	0.52	400
s_waf-dbnames	rev@p48	10	0.62882	0	100	0.52	400
s_waf-dbnames	rev@p64	10	0.62697	0	100	0.52	400
s_waf-dbnames	rev@p80	10	0.28781	0	100	0.52	400
s_waf-dbnames	rev@p96	10	0.62822	0	100	0.52	400
s_waf-dbnames	rev@p112	10	0.71676	0	100	0.52	400
s_waf-dbnames	orig	10	0.62948	0	100	0.52	400
s_waf-dbnames	orig2	10	0.28722	0	100	0.52	400
s_waf-dbnames	null	10	0.62948	0	100	0.52	400
s_waf-dbnames	rev	10	0.73527	0	100	0.52	400
s_waf-dbnames	orig@p16	10	0.62822	0	100	0.52	400
s_waf-dbnames	orig@p32	10	0.28650	0	100	0.52	400
s_waf-dbnames	orig@p48	10	0.66154	0	100	0.52	400
s_waf-dbnames	orig@p64	10	0.29361	0	100	0.52	400
s_waf-dbnames	orig@p80	10	0.74679	0	100	0.52	400
s_waf-dbnames	orig@p96	10	0.75318	0	100	0.52	400
s_waf-sleep	orig	0	1.69995	0	100	0.52	400
s_waf-sleep	orig2	0	1.49535	0	100	0.52	400
s_waf-sleep	null	0	0.85012	0	100	0.52	400
s_waf-sleep	rev	0	1.49375	0	100	0.52	400
s_waf-sleep	orig@p16	0	1.01878	0	100	0.52	400
s_waf-sleep	orig@p32	0	1.72498	0	100	0.52	400
s_waf-sleep	orig@p48	0	1.86410	0	100	0.52	400
s_waf-sleep	orig@p64	0	1.53130	0	100	0.52	400
s_waf-sleep	orig@p80	0	0.84692	0	100	0.52	400
s_waf-sleep	orig@p96	0	1.53275	0	100	0.52	400
s_waf-sleep	orig@p112	0	0.82655	0	100	0.52	400
s_waf-sleep	rev@p16	0	1.49055	0	100	0.52	400
s_waf-sleep	rev@p32	0	1.81404	0	100	0.52	400
s_waf-sleep	rev@p48	0	1.49215	0	100	0.52	400
s_waf-sleep	rev@p64	0	1.81404	0	100	0.52	400
s_waf-sleep	rev@p80	0	1.49375	0	100	0.52	400
s_waf-sleep	rev@p96	0	0.82509	0	100	0.52	400
s_waf-sleep	rev@p112	0	1.48910	0	100	0.52	400
s_waf-sleep	orig2	1	0.82495	0	100	0.52	400
s_waf-sleep	null	1	1.49215	0	100	0.52	400
s_waf-sleep	rev	1	1.81564	0	100	0.52	400
s_waf-sleep	orig@p16	1	1.49681	0	100	0.52	400
s_waf-sleep	orig@p32	1	0.82655	0	100	0.52	400
s_waf-sleep	orig@p48	1	1.53756	0	100	0.52	400
s_waf-sleep	orig@p64	1	0.84532	0	100	0.52	400
s_waf-sleep	orig@p80	1	1.53435	0	100	0.52	400
s_waf-sleep	orig@p96	1	0.84852	0	100	0.52	400
s_waf-sleep	orig@p112	1	1.49375	0	100	0.52	400
s_waf-sleep	rev@p16	1	0.82815	0	100	0.52	400
s_waf-sleep	rev@p32	1	1.49230	0	100	0.52	400
s_waf-sleep	rev@p48	1	1.81724	0	100	0.52	400
s_waf-sleep	rev@p64	1	1.49070	0	100	0.52	400
s_waf-sleep	rev@p80	1	0.82655	0	100	0.52	400
s_waf-sleep	rev@p96	1	1.49375	0	100	0.52	400
s_waf-sleep	rev@p112	1	2.52185	0	100	0.52	400
s_waf-sleep	orig	1	1.48910	0	100	0.52	400
s_waf-sleep	null	2	0.82655	0	100	0.52	400
s_waf-sleep	rev	2	1.48910	0	100	0.52	400
s_waf-sleep	orig@p16	2	1.81404	0	100	0.52	400
s_waf-sleep	orig@p32	2	1.49230	0	100	0.52	400
s_waf-sleep	orig@p48	2	0.84692	0	100	0.52	400
s_waf-sleep	orig@p64	2	1.52810	0	100	0.52	400
s_waf-sleep	orig@p80	2	0.84692	0	100	0.52	400
s_waf-sleep	orig@p96	2	1.53275	0	100	0.52	400
s_waf-sleep	orig@p112	2	0.82509	0	100	0.52	400
s_waf-sleep	rev@p16	2	0.82509	0	100	0.52	400
s_waf-sleep	rev@p32	2	1.48895	0	100	0.52	400
s_waf-sleep	rev@p48	2	1.81564	0	100	0.52	400
s_waf-sleep	rev@p64	2	1.49055	0	100	0.52	400
s_waf-sleep	rev@p80	2	0.82509	0	100	0.52	400
s_waf-sleep	rev@p96	2	1.48910	0	100	0.52	400
s_waf-sleep	rev@p112	2	0.82495	0	100	0.52	400
s_waf-sleep	orig	2	1.49215	0	100	0.52	400
s_waf-sleep	orig2	2	0.82655	0	100	0.52	400
s_waf-sleep	rev	3	1.49055	0	100	0.52	400
s_waf-sleep	orig@p16	3	0.82495	0	100	0.52	400
s_waf-sleep	orig@p32	3	1.48910	0	100	0.52	400
s_waf-sleep	orig@p48	3	1.86556	0	100	0.52	400
s_waf-sleep	orig@p64	3	1.53304	0	100	0.52	400
s_waf-sleep	orig@p80	3	0.84532	0	100	0.52	400
s_waf-sleep	orig@p96	3	1.53290	0	100	0.52	400
s_waf-sleep	orig@p112	3	0.82335	0	100	0.52	400
s_waf-sleep	rev@p16	3	1.49070	0	100	0.52	400
s_waf-sleep	rev@p32	3	1.81564	0	100	0.52	400
s_waf-sleep	rev@p48	3	1.49055	0	100	0.52	400
s_waf-sleep	rev@p64	3	0.82509	0	100	0.52	400
s_waf-sleep	rev@p80	3	1.48910	0	100	0.52	400
s_waf-sleep	rev@p96	3	0.82509	0	100	0.52	400
s_waf-sleep	rev@p112	3	1.49055	0	100	0.52	400
s_waf-sleep	orig	3	0.82655	0	100	0.52	400
s_waf-sleep	orig2	3	1.49375	0	100	0.52	400
s_waf-sleep	null	3	1.81739	0	100	0.52	400
s_waf-sleep	orig@p16	4	1.49375	0	100	0.52	400
s_waf-sleep	orig@p32	4	0.82655	0	100	0.52	400
s_waf-sleep	orig@p48	4	1.53916	0	100	0.52	400
s_waf-sleep	orig@p64	4	0.84532	0	100	0.52	400
s_waf-sleep	orig@p80	4	1.52970	0	100	0.52	400
s_waf-sleep	orig@p96	4	0.84692	0	100	0.52	400
s_waf-sleep	orig@p112	4	1.49055	0	100	0.52	400
s_waf-sleep	rev@p16	4	0.82655	0	100	0.52	400
s_waf-sleep	rev@p32	4	1.49070	0	100	0.52	400
s_waf-sleep	rev@p48	4	1.81724	0	100	0.52	400
s_waf-sleep	rev@p64	4	4.81101	0	100	0.52	400
s_waf-sleep	rev@p80	4	0.82509	0	100	0.52	400
s_waf-sleep	rev@p96	4	1.49055	0	100	0.52	400
s_waf-sleep	rev@p112	4	0.82495	0	100	0.52	400
s_waf-sleep	orig	4	1.49070	0	100	0.52	400
s_waf-sleep	orig2	4	0.82495	0	100	0.52	400
s_waf-sleep	null	4	1.49375	0	100	0.52	400
s_waf-sleep	rev	4	1.81404	0	100	0.52	400
s_waf-sleep	orig@p32	5	1.48895	0	100	0.52	400
s_waf-sleep	orig@p48	5	0.84852	0	100	0.52	400
s_waf-sleep	orig@p64	5	1.52810	0	100	0.52	400
s_waf-sleep	orig@p80	5	0.84852	0	100	0.52	400
s_waf-sleep	orig@p96	5	1.52970	0	100	0.52	400
s_waf-sleep	orig@p112	5	0.82655	0	100	0.52	400
s_waf-sleep	rev@p16	5	1.49070	0	100	0.52	400
s_waf-sleep	rev@p32	5	1.81564	0	100	0.52	400
s_waf-sleep	rev@p48	5	1.48910	0	100	0.52	400
s_waf-sleep	rev@p64	5	0.82495	0	100	0.52	400
s_waf-sleep	rev@p80	5	1.49375	0	100	0.52	400
s_waf-sleep	rev@p96	5	0.82495	0	100	0.52	400
s_waf-sleep	rev@p112	5	1.49215	0	100	0.52	400
s_waf-sleep	orig	5	1.49230	0	100	0.52	400
s_waf-sleep	orig2	5	1.49230	0	100	0.52	400
s_waf-sleep	null	5	1.49070	0	100	0.52	400
s_waf-sleep	rev	5	1.49375	0	100	0.52	400
s_waf-sleep	orig@p16	5	1.49070	0	100	0.52	400
s_waf-sleep	orig@p48	6	1.52970	0	100	0.52	400
s_waf-sleep	orig@p64	6	1.52970	0	100	0.52	400
s_waf-sleep	orig@p80	6	1.52970	0	100	0.52	400
s_waf-sleep	orig@p96	6	1.56724	0	100	0.52	400
s_waf-sleep	orig@p112	6	1.49215	0	100	0.52	400
s_waf-sleep	rev@p16	6	1.49055	0	100	0.52	400
s_waf-sleep	rev@p32	6	1.49230	0	100	0.52	400
s_waf-sleep	rev@p48	6	1.49535	0	100	0.52	400
s_waf-sleep	rev@p64	6	1.49215	0	100	0.52	400
s_waf-sleep	rev@p80	6	1.49070	0	100	0.52	400
s_waf-sleep	rev@p96	6	1.49055	0	100	0.52	400
s_waf-sleep	rev@p112	6	1.49055	0	100	0.52	400
s_waf-sleep	orig	6	1.48910	0	100	0.52	400
s_waf-sleep	orig2	6	1.48910	0	100	0.52	400
s_waf-sleep	null	6	1.49230	0	100	0.52	400
s_waf-sleep	rev	6	1.49841	0	100	0.52	400
s_waf-sleep	orig@p16	6	1.49375	0	100	0.52	400
s_waf-sleep	orig@p32	6	1.49070	0	100	0.52	400
s_waf-sleep	orig@p64	7	1.52810	0	100	0.52	400
s_waf-sleep	orig@p80	7	1.52970	0	100	0.52	400
s_waf-sleep	orig@p96	7	1.53130	0	100	0.52	400
s_waf-sleep	orig@p112	7	1.49070	0	100	0.52	400
s_waf-sleep	rev@p16	7	3.26094	0	100	0.52	400
s_waf-sleep	rev@p32	7	1.49070	0	100	0.52	400
s_waf-sleep	rev@p48	7	1.49215	0	100	0.52	400
s_waf-sleep	rev@p64	7	1.49070	0	100	0.52	400
s_waf-sleep	rev@p80	7	1.49215	0	100	0.52	400
s_waf-sleep	rev@p96	7	1.49055	0	100	0.52	400
s_waf-sleep	rev@p112	7	1.49535	0	100	0.52	400
s_waf-sleep	orig	7	1.49070	0	100	0.52	400
s_waf-sleep	orig2	7	1.49055	0	100	0.52	400
s_waf-sleep	null	7	1.49055	0	100	0.52	400
s_waf-sleep	rev	7	1.49070	0	100	0.52	400
s_waf-sleep	orig@p16	7	1.48910	0	100	0.52	400
s_waf-sleep	orig@p32	7	1.49070	0	100	0.52	400
s_waf-sleep	orig@p48	7	1.53290	0	100	0.52	400
s_waf-sleep	orig@p80	8	1.52824	0	100	0.52	400
s_waf-sleep	orig@p96	8	1.53115	0	100	0.52	400
s_waf-sleep	orig@p112	8	4.79675	0	100	0.52	400
s_waf-sleep	rev@p16	8	1.48910	0	100	0.52	400
s_waf-sleep	rev@p32	8	1.79061	0	100	0.52	400
s_waf-sleep	rev@p48	8	1.49055	0	100	0.52	400
s_waf-sleep	rev@p64	8	1.49055	0	100	0.52	400
s_waf-sleep	rev@p80	8	1.48910	0	100	0.52	400
s_waf-sleep	rev@p96	8	1.49215	0	100	0.52	400
s_waf-sleep	rev@p112	8	1.49055	0	100	0.52	400
s_waf-sleep	orig	8	1.49215	0	100	0.52	400
s_waf-sleep	orig2	8	1.49375	0	100	0.52	400
s_waf-sleep	null	8	1.48910	0	100	0.52	400
s_waf-sleep	rev	8	1.49215	0	100	0.52	400
s_waf-sleep	orig@p16	8	1.49070	0	100	0.52	400
s_waf-sleep	orig@p32	8	1.49215	0	100	0.52	400
s_waf-sleep	orig@p48	8	1.52970	0	100	0.52	400
s_waf-sleep	orig@p64	8	1.53275	0	100	0.52	400
s_waf-sleep	orig@p96	9	1.53581	0	100	0.52	400
s_waf-sleep	orig@p112	9	1.49055	0	100	0.52	400
s_waf-sleep	rev@p16	9	1.49055	0	100	0.52	400
s_waf-sleep	rev@p32	9	1.49055	0	100	0.52	400
s_waf-sleep	rev@p48	9	0.68743	0	100	0.52	400
s_waf-sleep	rev@p64	9	1.49244	0	100	0.52	400
s_waf-sleep	rev@p80	9	0.67826	0	100	0.52	400
s_waf-sleep	rev@p96	9	1.49375	0	100	0.52	400
s_waf-sleep	rev@p112	9	1.70010	0	100	0.52	400
s_waf-sleep	orig	9	1.49070	0	100	0.52	400
s_waf-sleep	orig2	9	0.84998	0	100	0.52	400
s_waf-sleep	null	9	1.49375	0	100	0.52	400
s_waf-sleep	rev	9	0.84998	0	100	0.52	400
s_waf-sleep	orig@p16	9	1.49215	0	100	0.52	400
s_waf-sleep	orig@p32	9	0.68743	0	100	0.52	400
s_waf-sleep	orig@p48	9	1.53115	0	100	0.52	400
s_waf-sleep	orig@p64	9	0.87195	0	100	0.52	400
s_waf-sleep	orig@p80	9	1.74536	0	100	0.52	400
s_waf-sleep	orig@p112	10	1.49070	0	100	0.52	400
s_waf-sleep	rev@p16	10	1.71087	0	100	0.52	400
s_waf-sleep	rev@p32	10	1.49535	0	100	0.52	400
s_waf-sleep	rev@p48	10	1.70156	0	100	0.52	400
s_waf-sleep	rev@p64	10	1.49070	0	100	0.52	400
s_waf-sleep	rev@p80	10	1.67332	0	100	0.52	400
s_waf-sleep	rev@p96	10	1.49215	0	100	0.52	400
s_waf-sleep	rev@p112	10	1.49215	0	100	0.52	400
s_waf-sleep	orig	10	1.49696	0	100	0.52	400
s_waf-sleep	orig2	10	1.48910	0	100	0.52	400
s_waf-sleep	null	10	1.48910	0	100	0.52	400
s_waf-sleep	rev	10	1.49215	0	100	0.52	400
s_waf-sleep	orig@p16	10	1.49055	0	100	0.52	400
s_waf-sleep	orig@p32	10	1.49070	0	100	0.52	400
s_waf-sleep	orig@p48	10	1.53275	0	100	0.52	400
s_waf-sleep	orig@p64	10	1.53290	0	100	0.52	400
s_waf-sleep	orig@p80	10	1.53275	0	100	0.52	400
s_waf-sleep	orig@p96	10	1.53435	0	100	0.52	400
s_waf-union	orig	0	0.56919	0	100	0.52	400
s_waf-union	orig2	0	0.57092	0	100	0.52	400
s_waf-union	null	0	0.56973	0	100	0.52	400
s_waf-union	rev	0	0.58543	0	100	0.52	400
s_waf-union	orig@p16	0	0.57092	0	100	0.52	400
s_waf-union	orig@p32	0	0.57038	0	100	0.52	400
s_waf-union	orig@p48	0	0.58549	0	100	0.52	400
s_waf-union	orig@p64	0	0.59886	0	100	0.52	400
s_waf-union	orig@p80	0	0.58955	0	100	0.52	400
s_waf-union	orig@p96	0	0.59827	0	100	0.52	400
s_waf-union	orig@p112	0	0.61511	0	100	0.52	400
s_waf-union	rev@p16	0	0.58435	0	100	0.52	400
s_waf-union	rev@p32	0	0.58430	0	100	0.52	400
s_waf-union	rev@p48	0	0.57092	0	100	0.52	400
s_waf-union	rev@p64	0	2.31629	0	100	0.52	400
s_waf-union	rev@p80	0	0.57038	0	100	0.52	400
s_waf-union	rev@p96	0	0.69589	0	100	0.52	400
s_waf-union	rev@p112	0	0.56919	0	100	0.52	400
s_waf-union	orig2	1	0.69362	0	100	0.52	400
s_waf-union	null	1	0.57033	0	100	0.52	400
s_waf-union	rev	1	0.32385	0	100	0.52	400
s_waf-union	orig@p16	1	0.57033	0	100	0.52	400
s_waf-union	orig@p32	1	0.69356	0	100	0.52	400
s_waf-union	orig@p48	1	0.59940	0	100	0.52	400
s_waf-union	orig@p64	1	0.72914	0	100	0.52	400
s_waf-union	orig@p80	1	0.59886	0	100	0.52	400
s_waf-union	orig@p96	1	0.33197	0	100	0.52	400
s_waf-union	orig@p112	1	0.61451	0	100	0.52	400
s_waf-union	rev@p16	1	0.71225	0	100	0.52	400
s_waf-union	rev@p32	1	0.58489	0	100	0.52	400
s_waf-union	rev@p48	1	0.69362	0	100	0.52	400
s_waf-union	rev@p64	1	0.56919	0	100	0.52	400
s_waf-union	rev@p80	1	0.70174	0	100	0.52	400
s_waf-union	rev@p96	1	0.56979	0	100	0.52	400
s_waf-union	rev@p112	1	0.69476	0	100	0.52	400
s_waf-union	orig	1	0.69595	0	100	0.52	400
s_waf-union	null	2	0.57152	0	100	0.52	400
s_waf-union	rev	2	0.71219	0	100	0.52	400
s_waf-union	orig@p16	2	0.57033	0	100	0.52	400
s_waf-union	orig@p32	2	0.31573	0	100	0.52	400
s_waf-union	orig@p48	2	0.59946	0	100	0.52	400
s_waf-union	orig@p64	2	0.73082	0	100	0.52	400
s_waf-union	orig@p80	2	0.59940	0	100	0.52	400
s_waf-union	orig@p96	2	0.71338	0	100	0.52	400
s_waf-union	orig@p112	2	0.61391	0	100	0.52	400
s_waf-union	rev@p16	2	0.71105	0	100	0.52	400
s_waf-union	rev@p32	2	0.58549	0	100	0.52	400
s_waf-union	rev@p48	2	0.69416	0	100	0.52	400
s_waf-union	rev@p64	2	0.57092	0	100	0.52	400
s_waf-union	rev@p80	2	0.69887	0	100	0.52	400
s_waf-union	rev@p96	2	0.69654	0	100	0.52	400
s_waf-union	rev@p112	2	0.57152	0	100	0.52	400
s_waf-union	orig	2	0.31687	0	100	0.52	400
s_waf-union	orig2	2	0.57152	0	100	0.52	400
s_waf-union	rev	3	0.71338	0	100	0.52	400
s_waf-union	orig@p16	3	0.56979	0	100	0.52	400
s_waf-union	orig@p32	3	0.57385	0	100	0.52	400
s_waf-union	orig@p48	3	0.73082	0	100	0.52	400
s_waf-union	orig@p64	3	0.59940	0	100	0.52	400
s_waf-union	orig@p80	3	0.72968	0	100	0.52	400
s_waf-union	orig@p96	3	0.60000	0	100	0.52	400
s_waf-union	orig@p112	3	0.69129	0	100	0.52	400
s_waf-union	rev@p16	3	0.58549	0	100	0.52	400
s_waf-union	rev@p32	3	0.58489	0	100	0.52	400
s_waf-union	rev@p48	3	0.56979	0	100	0.52	400
s_waf-union	rev@p64	3	0.79363	0	100	0.52	400
s_waf-union	rev@p80	3	0.56919	0	100	0.52	400
s_waf-union	rev@p96	3	0.56973	0	100	0.52	400
s_waf-union	rev@p112	3	0.57206	0	100	0.52	400
s_waf-union	orig	3	0.56973	0	100	0.52	400
s_waf-union	orig2	3	0.57266	0	100	0.52	400
s_waf-union	null	3	0.57098	0	100	0.52	400
s_waf-union	orig@p16	4	0.56979	0	100	0.52	400
s_waf-union	orig@p32	4	0.57033	0	100	0.52	400
s_waf-union	orig@p48	4	0.58370	0	100	0.52	400
s_waf-union	orig@p64	4	0.59881	0	100	0.52	400
s_waf-union	orig@p80	4	0.59940	0	100	0.52	400
s_waf-union	orig@p96	4	2.01279	0	100	0.52	400
s_waf-union	orig@p112	4	0.61456	0	100	0.52	400
s_waf-union	rev@p16	4	0.58430	0	100	0.52	400
s_waf-union	rev@p32	4	0.58495	0	100	0.52	400
s_waf-union	rev@p48	4	0.57038	0	100	0.52	400
s_waf-union	rev@p64	4	0.56973	0	100	0.52	400
s_waf-union	rev@p80	4	0.58549	0	100	0.52	400
s_waf-union	rev@p96	4	0.56979	0	100	0.52	400
s_waf-union	rev@p112	4	1.25869	0	100	0.52	400
s_waf-union	orig	4	0.57033	0	100	0.52	400
s_waf-union	orig2	4	0.56924	0	100	0.52	400
s_waf-union	null	4	0.56979	0	100	0.52	400
s_waf-union	rev	4	0.58603	0	100	0.52	400
s_waf-union	orig@p32	5	0.57038	0	100	0.52	400
s_waf-union	orig@p48	5	0.59940	0	100	0.52	400
s_waf-union	orig@p64	5	0.58608	0	100	0.52	400
s_waf-union	orig@p80	5	0.59881	0	100	0.52	400
s_waf-union	orig@p96	5	0.59946	0	100	0.52	400
s_waf-union	orig@p112	5	0.61391	0	100	0.52	400
s_waf-union	rev@p16	5	0.58435	0	100	0.52	400
s_waf-union	rev@p32	5	0.58489	0	100	0.52	400
s_waf-union	rev@p48	5	0.57092	0	100	0.52	400
s_waf-union	rev@p64	5	0.56919	0	100	0.52	400
s_waf-union	rev@p80	5	0.57033	0	100	0.52	400
s_waf-union	rev@p96	5	0.57038	0	100	0.52	400
s_waf-union	rev@p112	5	0.57038	0	100	0.52	400
s_waf-union	orig	5	0.56973	0	100	0.52	400
s_waf-union	orig2	5	0.57092	0	100	0.52	400
s_waf-union	null	5	0.57092	0	100	0.52	400
s_waf-union	rev	5	0.58370	0	100	0.52	400
s_waf-union	orig@p16	5	0.56973	0	100	0.52	400
s_waf-union	orig@p48	6	0.59881	0	100	0.52	400
s_waf-union	orig@p64	6	0.58662	0	100	0.52	400
s_waf-union	orig@p80	6	0.60000	0	100	0.52	400
s_waf-union	orig@p96	6	0.59881	0	100	0.52	400
s_waf-union	orig@p112	6	0.61397	0	100	0.52	400
s_waf-union	rev@p16	6	1.70524	0	100	0.52	400
s_waf-union	rev@p32	6	0.58370	0	100	0.52	400
s_waf-union	rev@p48	6	0.57152	0	100	0.52	400
s_waf-union	rev@p64	6	0.57092	0	100	0.52	400
s_waf-union	rev@p80	6	0.56979	0	100	0.52	400
s_waf-union	rev@p96	6	0.56919	0	100	0.52	400
s_waf-union	rev@p112	6	0.57038	0	100	0.52	400
s_waf-union	orig	6	0.57033	0	100	0.52	400
s_waf-union	orig2	6	0.56973	0	100	0.52	400
s_waf-union	null	6	0.57033	0	100	0.52	400
s_waf-union	rev	6	0.58662	0	100	0.52	400
s_waf-union	orig@p16	6	0.56919	0	100	0.52	400
s_waf-union	orig@p32	6	0.56919	0	100	0.52	400
s_waf-union	orig@p64	7	0.59881	0	100	0.52	400
s_waf-union	orig@p80	7	0.58603	0	100	0.52	400
s_waf-union	orig@p96	7	0.58722	0	100	0.52	400
s_waf-union	orig@p112	7	0.61456	0	100	0.52	400
s_waf-union	rev@p16	7	0.58370	0	100	0.52	400
s_waf-union	rev@p32	7	0.58370	0	100	0.52	400
s_waf-union	rev@p48	7	0.56919	0	100	0.52	400
s_waf-union	rev@p64	7	0.57033	0	100	0.52	400
s_waf-union	rev@p80	7	0.57211	0	100	0.52	400
s_waf-union	rev@p96	7	0.64418	0	100	0.52	400
s_waf-union	rev@p112	7	0.69654	0	100	0.52	400
s_waf-union	orig	7	0.69476	0	100	0.52	400
s_waf-union	orig2	7	0.57033	0	100	0.52	400
s_waf-union	null	7	0.31513	0	100	0.52	400
s_waf-union	rev	7	0.58376	0	100	0.52	400
s_waf-union	orig@p16	7	0.65003	0	100	0.52	400
s_waf-union	orig@p32	7	0.57092	0	100	0.52	400
s_waf-union	orig@p48	7	0.60059	0	100	0.52	400
s_waf-union	orig@p80	8	0.27328	0	100	0.52	400
s_waf-union	orig@p96	8	0.59881	0	100	0.52	400
s_waf-union	orig@p112	8	0.70115	0	100	0.52	400
s_waf-union	rev@p16	8	0.58484	0	100	0.52	400
s_waf-union	rev@p32	8	0.66687	0	100	0.52	400
s_waf-union	rev@p48	8	0.57152	0	100	0.52	400
s_waf-union	rev@p64	8	0.25990	0	100	0.52	400
s_waf-union	rev@p80	8	0.58484	0	100	0.52	400
s_waf-union	rev@p96	8	0.26337	0	100	0.52	400
s_waf-union	rev@p112	8	0.57092	0	100	0.52	400
s_waf-union	orig	8	0.65057	0	100	0.52	400
s_waf-union	orig2	8	0.56979	0	100	0.52	400
s_waf-union	null	8	0.64998	0	100	0.52	400
s_waf-union	rev	8	0.58489	0	100	0.52	400
s_waf-union	orig@p16	8	0.26045	0	100	0.52	400
s_waf-union	orig@p32	8	0.56979	0	100	0.52	400
s_waf-union	orig@p48	8	0.68257	0	100	0.52	400
s_waf-union	orig@p64	8	0.60352	0	100	0.52	400
s_waf-union	orig@p96	9	0.68371	0	100	0.52	400
s_waf-union	orig@p112	9	0.61511	0	100	0.52	400
s_waf-union	rev@p16	9	0.26916	0	100	0.52	400
s_waf-union	rev@p32	9	0.58430	0	100	0.52	400
s_waf-union	rev@p48	9	0.65057	0	100	0.52	400
s_waf-union	rev@p64	9	0.57098	0	100	0.52	400
s_waf-union	rev@p80	9	0.56979	0	100	0.52	400
s_waf-union	rev@p96	9	0.64944	0	100	0.52	400
s_waf-union	rev@p112	9	0.57152	0	100	0.52	400
s_waf-union	orig	9	0.65057	0	100	0.52	400
s_waf-union	orig2	9	0.56919	0	100	0.52	400
s_waf-union	null	9	0.64944	0	100	0.52	400
s_waf-union	rev	9	0.58489	0	100	0.52	400
s_waf-union	orig@p16	9	0.25925	0	100	0.52	400
s_waf-union	orig@p32	9	0.63027	0	100	0.52	400
s_waf-union	orig@p48	9	0.68371	0	100	0.52	400
s_waf-union	orig@p64	9	0.59881	0	100	0.52	400
s_waf-union	orig@p80	9	0.68431	0	100	0.52	400
s_waf-union	orig@p112	10	0.61456	0	100	0.52	400
s_waf-union	rev@p16	10	0.26976	0	100	0.52	400
s_waf-union	rev@p32	10	0.58370	0	100	0.52	400
s_waf-union	rev@p48	10	0.65003	0	100	0.52	400
s_waf-union	rev@p64	10	0.56979	0	100	0.52	400
s_waf-union	rev@p80	10	0.57033	0	100	0.52	400
s_waf-union	rev@p96	10	0.57092	0	100	0.52	400
s_waf-union	rev@p112	10	0.56979	0	100	0.52	400
s_waf-union	orig	10	0.56979	0	100	0.52	400
s_waf-union	orig2	10	0.56973	0	100	0.52	400
s_waf-union	null	10	0.57038	0	100	0.52	400
s_waf-union	rev	10	0.58489	0	100	0.52	400
s_waf-union	orig@p16	10	0.56979	0	100	0.52	400
s_waf-union	orig@p32	10	0.56979	0	100	0.52	400
s_waf-union	orig@p48	10	0.59892	0	100	0.52	400
s_waf-union	orig@p64	10	0.59827	0	100	0.52	400
s_waf-union	orig@p80	10	0.60000	0	100	0.52	400
s_waf-union	orig@p96	10	0.59940	0	100	0.52	400
t64k	orig	0	0.03734	0	100	0.52	400
t64k	orig2	0	0.03741	0	100	0.52	400
t64k	null	0	0.03706	0	100	0.52	400
t64k	rev	0	0.03722	0	100	0.52	400
t64k	orig@p16	0	0.03784	0	100	0.52	400
t64k	orig@p32	0	0.03713	0	100	0.52	400
t64k	orig@p48	0	0.03738	0	100	0.52	400
t64k	orig@p64	0	0.03733	0	100	0.52	400
t64k	orig@p80	0	0.03739	0	100	0.52	400
t64k	orig@p96	0	0.03723	0	100	0.52	400
t64k	orig@p112	0	0.03733	0	100	0.52	400
t64k	rev@p16	0	0.03736	0	100	0.52	400
t64k	rev@p32	0	0.03738	0	100	0.52	400
t64k	rev@p48	0	0.03739	0	100	0.52	400
t64k	rev@p64	0	0.03771	0	100	0.52	400
t64k	rev@p80	0	0.03738	0	100	0.52	400
t64k	rev@p96	0	0.03704	0	100	0.52	400
t64k	rev@p112	0	0.03725	0	100	0.52	400
t64k	orig2	1	0.03734	0	100	0.52	400
t64k	null	1	0.03725	0	100	0.52	400
t64k	rev	1	0.03737	0	100	0.52	400
t64k	orig@p16	1	0.03728	0	100	0.52	400
t64k	orig@p32	1	0.03737	0	100	0.52	400
t64k	orig@p48	1	0.03661	0	100	0.52	400
t64k	orig@p64	1	0.03742	0	100	0.52	400
t64k	orig@p80	1	0.03737	0	100	0.52	400
t64k	orig@p96	1	0.03753	0	100	0.52	400
t64k	orig@p112	1	0.03755	0	100	0.52	400
t64k	rev@p16	1	0.03735	0	100	0.52	400
t64k	rev@p32	1	0.03722	0	100	0.52	400
t64k	rev@p48	1	0.03721	0	100	0.52	400
t64k	rev@p64	1	0.03731	0	100	0.52	400
t64k	rev@p80	1	0.03757	0	100	0.52	400
t64k	rev@p96	1	0.03726	0	100	0.52	400
t64k	rev@p112	1	0.03717	0	100	0.52	400
t64k	orig	1	0.03797	0	100	0.52	400
t64k	null	2	0.03730	0	100	0.52	400
t64k	rev	2	0.03739	0	100	0.52	400
t64k	orig@p16	2	0.03854	0	100	0.52	400
t64k	orig@p32	2	0.03735	0	100	0.52	400
t64k	orig@p48	2	0.03719	0	100	0.52	400
t64k	orig@p64	2	0.03753	0	100	0.52	400
t64k	orig@p80	2	0.03775	0	100	0.52	400
t64k	orig@p96	2	0.03739	0	100	0.52	400
t64k	orig@p112	2	0.03867	0	100	0.52	400
t64k	rev@p16	2	0.03764	0	100	0.52	400
t64k	rev@p32	2	0.03733	0	100	0.52	400
t64k	rev@p48	2	0.03869	0	100	0.52	400
t64k	rev@p64	2	0.03800	0	100	0.52	400
t64k	rev@p80	2	0.03737	0	100	0.52	400
t64k	rev@p96	2	0.03717	0	100	0.52	400
t64k	rev@p112	2	0.03722	0	100	0.52	400
t64k	orig	2	0.03739	0	100	0.52	400
t64k	orig2	2	0.03708	0	100	0.52	400
t64k	rev	3	0.03729	0	100	0.52	400
t64k	orig@p16	3	0.03734	0	100	0.52	400
t64k	orig@p32	3	0.03701	0	100	0.52	400
t64k	orig@p48	3	0.03731	0	100	0.52	400
t64k	orig@p64	3	0.03716	0	100	0.52	400
t64k	orig@p80	3	0.03720	0	100	0.52	400
t64k	orig@p96	3	0.03727	0	100	0.52	400
t64k	orig@p112	3	0.03719	0	100	0.52	400
t64k	rev@p16	3	0.01670	0	100	0.52	400
t64k	rev@p32	3	0.03720	0	100	0.52	400
t64k	rev@p48	3	0.04265	0	100	0.52	400
t64k	rev@p64	3	0.03763	0	100	0.52	400
t64k	rev@p80	3	0.04223	0	100	0.52	400
t64k	rev@p96	3	0.03842	0	100	0.52	400
t64k	rev@p112	3	0.02087	0	100	0.52	400
t64k	orig	3	0.03707	0	100	0.52	400
t64k	orig2	3	0.01670	0	100	0.52	400
t64k	null	3	0.03740	0	100	0.52	400
t64k	orig@p16	4	0.04421	0	100	0.52	400
t64k	orig@p32	4	0.03714	0	100	0.52	400
t64k	orig@p48	4	0.04155	0	100	0.52	400
t64k	orig@p64	4	0.03727	0	100	0.52	400
t64k	orig@p80	4	0.03726	0	100	0.52	400
t64k	orig@p96	4	0.03723	0	100	0.52	400
t64k	orig@p112	4	0.03677	0	100	0.52	400
t64k	rev@p16	4	0.03744	0	100	0.52	400
t64k	rev@p32	4	0.03767	0	100	0.52	400
t64k	rev@p48	4	0.03738	0	100	0.52	400
t64k	rev@p64	4	0.03746	0	100	0.52	400
t64k	rev@p80	4	0.03808	0	100	0.52	400
t64k	rev@p96	4	0.03735	0	100	0.52	400
t64k	rev@p112	4	0.03761	0	100	0.52	400
t64k	orig	4	0.03726	0	100	0.52	400
t64k	orig2	4	0.03746	0	100	0.52	400
t64k	null	4	0.03739	0	100	0.52	400
t64k	rev	4	0.03752	0	100	0.52	400
t64k	orig@p32	5	0.03732	0	100	0.52	400
t64k	orig@p48	5	0.03751	0	100	0.52	400
t64k	orig@p64	5	0.03727	0	100	0.52	400
t64k	orig@p80	5	0.03753	0	100	0.52	400
t64k	orig@p96	5	0.03727	0	100	0.52	400
t64k	orig@p112	5	0.03710	0	100	0.52	400
t64k	rev@p16	5	0.03720	0	100	0.52	400
t64k	rev@p32	5	0.03722	0	100	0.52	400
t64k	rev@p48	5	0.03701	0	100	0.52	400
t64k	rev@p64	5	0.03758	0	100	0.52	400
t64k	rev@p80	5	0.03739	0	100	0.52	400
t64k	rev@p96	5	0.03716	0	100	0.52	400
t64k	rev@p112	5	0.03719	0	100	0.52	400
t64k	orig	5	0.03726	0	100	0.52	400
t64k	orig2	5	0.03712	0	100	0.52	400
t64k	null	5	0.03723	0	100	0.52	400
t64k	rev	5	0.03782	0	100	0.52	400
t64k	orig@p16	5	0.03709	0	100	0.52	400
t64k	orig@p48	6	0.03725	0	100	0.52	400
t64k	orig@p64	6	0.03740	0	100	0.52	400
t64k	orig@p80	6	0.03735	0	100	0.52	400
t64k	orig@p96	6	0.03738	0	100	0.52	400
t64k	orig@p112	6	0.03726	0	100	0.52	400
t64k	rev@p16	6	0.03777	0	100	0.52	400
t64k	rev@p32	6	0.03734	0	100	0.52	400
t64k	rev@p48	6	0.03716	0	100	0.52	400
t64k	rev@p64	6	0.03719	0	100	0.52	400
t64k	rev@p80	6	0.03735	0	100	0.52	400
t64k	rev@p96	6	0.03738	0	100	0.52	400
t64k	rev@p112	6	0.04059	0	100	0.52	400
t64k	orig	6	0.03736	0	100	0.52	400
t64k	orig2	6	0.04593	0	100	0.52	400
t64k	null	6	0.03794	0	100	0.52	400
t64k	rev	6	0.03720	0	100	0.52	400
t64k	orig@p16	6	0.03738	0	100	0.52	400
t64k	orig@p32	6	0.03734	0	100	0.52	400
t64k	orig@p64	7	0.03725	0	100	0.52	400
t64k	orig@p80	7	0.03725	0	100	0.52	400
t64k	orig@p96	7	0.03739	0	100	0.52	400
t64k	orig@p112	7	0.03742	0	100	0.52	400
t64k	rev@p16	7	0.03742	0	100	0.52	400
t64k	rev@p32	7	0.03721	0	100	0.52	400
t64k	rev@p48	7	0.03726	0	100	0.52	400
t64k	rev@p64	7	0.03745	0	100	0.52	400
t64k	rev@p80	7	0.03732	0	100	0.52	400
t64k	rev@p96	7	0.03753	0	100	0.52	400
t64k	rev@p112	7	0.03726	0	100	0.52	400
t64k	orig	7	0.03741	0	100	0.52	400
t64k	orig2	7	0.03730	0	100	0.52	400
t64k	null	7	0.03718	0	100	0.52	400
t64k	rev	7	0.03733	0	100	0.52	400
t64k	orig@p16	7	0.03817	0	100	0.52	400
t64k	orig@p32	7	0.03746	0	100	0.52	400
t64k	orig@p48	7	0.03743	0	100	0.52	400
t64k	orig@p80	8	0.03712	0	100	0.52	400
t64k	orig@p96	8	0.03731	0	100	0.52	400
t64k	orig@p112	8	0.03740	0	100	0.52	400
t64k	rev@p16	8	0.03703	0	100	0.52	400
t64k	rev@p32	8	0.03727	0	100	0.52	400
t64k	rev@p48	8	0.03754	0	100	0.52	400
t64k	rev@p64	8	0.03736	0	100	0.52	400
t64k	rev@p80	8	0.03758	0	100	0.52	400
t64k	rev@p96	8	0.03755	0	100	0.52	400
t64k	rev@p112	8	0.03748	0	100	0.52	400
t64k	orig	8	0.03712	0	100	0.52	400
t64k	orig2	8	0.03758	0	100	0.52	400
t64k	null	8	0.03716	0	100	0.52	400
t64k	rev	8	0.03783	0	100	0.52	400
t64k	orig@p16	8	0.03880	0	100	0.52	400
t64k	orig@p32	8	0.03785	0	100	0.52	400
t64k	orig@p48	8	0.03723	0	100	0.52	400
t64k	orig@p64	8	0.03883	0	100	0.52	400
t64k	orig@p96	9	0.03801	0	100	0.52	400
t64k	orig@p112	9	0.03718	0	100	0.52	400
t64k	rev@p16	9	0.04033	0	100	0.52	400
t64k	rev@p32	9	0.03721	0	100	0.52	400
t64k	rev@p48	9	0.03793	0	100	0.52	400
t64k	rev@p64	9	0.03866	0	100	0.52	400
t64k	rev@p80	9	0.03780	0	100	0.52	400
t64k	rev@p96	9	0.03725	0	100	0.52	400
t64k	rev@p112	9	0.03878	0	100	0.52	400
t64k	orig	9	0.03714	0	100	0.52	400
t64k	orig2	9	0.03714	0	100	0.52	400
t64k	null	9	0.01704	0	100	0.52	400
t64k	rev	9	0.03765	0	100	0.52	400
t64k	orig@p16	9	0.04275	0	100	0.52	400
t64k	orig@p32	9	0.03782	0	100	0.52	400
t64k	orig@p48	9	0.04251	0	100	0.52	400
t64k	orig@p64	9	0.03731	0	100	0.52	400
t64k	orig@p80	9	0.04315	0	100	0.52	400
t64k	orig@p112	10	0.03716	0	100	0.52	400
t64k	rev@p16	10	0.04295	0	100	0.52	400
t64k	rev@p32	10	0.03732	0	100	0.52	400
t64k	rev@p48	10	0.01701	0	100	0.52	400
t64k	rev@p64	10	0.03723	0	100	0.52	400
t64k	rev@p80	10	0.04254	0	100	0.52	400
t64k	rev@p96	10	0.03728	0	100	0.52	400
t64k	rev@p112	10	0.04255	0	100	0.52	400
t64k	orig	10	0.03850	0	100	0.52	400
t64k	orig2	10	0.02032	0	100	0.52	400
t64k	null	10	0.03795	0	100	0.52	400
t64k	rev	10	0.04538	0	100	0.52	400
t64k	orig@p16	10	0.03736	0	100	0.52	400
t64k	orig@p32	10	0.04538	0	100	0.52	400
t64k	orig@p48	10	0.03729	0	100	0.52	400
t64k	orig@p64	10	0.02069	0	100	0.52	400
t64k	orig@p80	10	0.03736	0	100	0.52	400
t64k	orig@p96	10	0.04243	0	100	0.52	400
t256k	orig	0	0.03706	0	100	0.52	400
t256k	orig2	0	0.03695	0	100	0.52	400
t256k	null	0	0.03693	0	100	0.52	400
t256k	rev	0	0.03726	0	100	0.52	400
t256k	orig@p16	0	0.03717	0	100	0.52	400
t256k	orig@p32	0	0.03695	0	100	0.52	400
t256k	orig@p48	0	0.03700	0	100	0.52	400
t256k	orig@p64	0	0.03680	0	100	0.52	400
t256k	orig@p80	0	0.03674	0	100	0.52	400
t256k	orig@p96	0	0.03668	0	100	0.52	400
t256k	orig@p112	0	0.03687	0	100	0.52	400
t256k	rev@p16	0	0.03682	0	100	0.52	400
t256k	rev@p32	0	0.03722	0	100	0.52	400
t256k	rev@p48	0	0.03736	0	100	0.52	400
t256k	rev@p64	0	0.03681	0	100	0.52	400
t256k	rev@p80	0	0.03690	0	100	0.52	400
t256k	rev@p96	0	0.03718	0	100	0.52	400
t256k	rev@p112	0	0.03692	0	100	0.52	400
t256k	orig2	1	0.03698	0	100	0.52	400
t256k	null	1	0.03713	0	100	0.52	400
t256k	rev	1	0.03678	0	100	0.52	400
t256k	orig@p16	1	0.03680	0	100	0.52	400
t256k	orig@p32	1	0.03691	0	100	0.52	400
t256k	orig@p48	1	0.03708	0	100	0.52	400
t256k	orig@p64	1	0.03718	0	100	0.52	400
t256k	orig@p80	1	0.03662	0	100	0.52	400
t256k	orig@p96	1	0.03681	0	100	0.52	400
t256k	orig@p112	1	0.03726	0	100	0.52	400
t256k	rev@p16	1	0.03714	0	100	0.52	400
t256k	rev@p32	1	0.03682	0	100	0.52	400
t256k	rev@p48	1	0.03671	0	100	0.52	400
t256k	rev@p64	1	0.03737	0	100	0.52	400
t256k	rev@p80	1	0.01673	0	100	0.52	400
t256k	rev@p96	1	0.03679	0	100	0.64	400
t256k	rev@p112	1	0.04192	0	100	0.64	400
t256k	orig	1	0.03776	0	100	0.64	400
t256k	null	2	0.01675	0	100	0.64	400
t256k	rev	2	0.04215	0	100	0.64	400
t256k	orig@p16	2	0.03691	0	100	0.64	400
t256k	orig@p32	2	0.02086	0	100	0.64	400
t256k	orig@p48	2	0.03699	0	100	0.64	400
t256k	orig@p64	2	0.02100	0	100	0.64	400
t256k	orig@p80	2	0.03755	0	100	0.64	400
t256k	orig@p96	2	0.04213	0	100	0.64	400
t256k	orig@p112	2	0.03748	0	100	0.64	400
t256k	rev@p16	2	0.04489	0	100	0.64	400
t256k	rev@p32	2	0.03759	0	100	0.64	400
t256k	rev@p48	2	0.03680	0	100	0.64	400
t256k	rev@p64	2	0.03704	0	100	0.64	400
t256k	rev@p80	2	0.03701	0	100	0.64	400
t256k	rev@p96	2	0.03700	0	100	0.64	400
t256k	rev@p112	2	0.03678	0	100	0.64	400
t256k	orig	2	0.03734	0	100	0.64	400
t256k	orig2	2	0.03711	0	100	0.64	400
t256k	rev	3	0.03680	0	100	0.64	400
t256k	orig@p16	3	0.03705	0	100	0.64	400
t256k	orig@p32	3	0.03682	0	100	0.64	400
t256k	orig@p48	3	0.03677	0	100	0.64	400
t256k	orig@p64	3	0.03764	0	100	0.64	400
t256k	orig@p80	3	0.03688	0	100	0.64	400
t256k	orig@p96	3	0.03701	0	100	0.64	400
t256k	orig@p112	3	0.03682	0	100	0.64	400
t256k	rev@p16	3	0.03716	0	100	0.64	400
t256k	rev@p32	3	0.03700	0	100	0.64	400
t256k	rev@p48	3	0.03670	0	100	0.64	400
t256k	rev@p64	3	0.03682	0	100	0.64	400
t256k	rev@p80	3	0.03696	0	100	0.64	400
t256k	rev@p96	3	0.03714	0	100	0.64	400
t256k	rev@p112	3	0.03685	0	100	0.64	400
t256k	orig	3	0.03712	0	100	0.64	400
t256k	orig2	3	0.03702	0	100	0.64	400
t256k	null	3	0.03685	0	100	0.64	400
t256k	orig@p16	4	0.03683	0	100	0.64	400
t256k	orig@p32	4	0.03727	0	100	0.64	400
t256k	orig@p48	4	0.03756	0	100	0.64	400
t256k	orig@p64	4	0.03693	0	100	0.64	400
t256k	orig@p80	4	0.03706	0	100	0.64	400
t256k	orig@p96	4	0.03677	0	100	0.64	400
t256k	orig@p112	4	0.03679	0	100	0.64	400
t256k	rev@p16	4	0.03740	0	100	0.64	400
t256k	rev@p32	4	0.03682	0	100	0.64	400
t256k	rev@p48	4	0.03704	0	100	0.64	400
t256k	rev@p64	4	0.03727	0	100	0.64	400
t256k	rev@p80	4	0.03702	0	100	0.64	400
t256k	rev@p96	4	0.03676	0	100	0.64	400
t256k	rev@p112	4	0.02299	0	100	0.64	400
t256k	orig	4	0.03719	0	100	0.64	400
t256k	orig2	4	0.01676	0	100	0.64	400
t256k	null	4	0.03683	0	100	0.64	400
t256k	rev	4	0.01698	0	100	0.64	400
t256k	orig@p32	5	0.01687	0	100	0.64	400
t256k	orig@p48	5	0.03705	0	100	0.64	400
t256k	orig@p64	5	0.01691	0	100	0.64	400
t256k	orig@p80	5	0.03687	0	100	0.64	400
t256k	orig@p96	5	0.01685	0	100	0.64	400
t256k	orig@p112	5	0.03678	0	100	0.64	400
t256k	rev@p16	5	0.01673	0	100	0.64	400
t256k	rev@p32	5	0.03686	0	100	0.64	400
t256k	rev@p48	5	0.03691	0	100	0.64	400
t256k	rev@p64	5	0.01681	0	100	0.64	400
t256k	rev@p80	5	0.03681	0	100	0.64	400
t256k	rev@p96	5	0.01671	0	100	0.64	400
t256k	rev@p112	5	0.03699	0	100	0.64	400
t256k	orig	5	0.01679	0	100	0.64	400
t256k	orig2	5	0.03697	0	100	0.64	400
t256k	null	5	0.01673	0	100	0.64	400
t256k	rev	5	0.03732	0	100	0.64	400
t256k	orig@p16	5	0.04195	0	100	0.64	400
t256k	orig@p48	6	0.03688	0	100	0.64	400
t256k	orig@p64	6	0.04231	0	100	0.64	400
t256k	orig@p80	6	0.03679	0	100	0.64	400
t256k	orig@p96	6	0.04203	0	100	0.64	400
t256k	orig@p112	6	0.03682	0	100	0.64	400
t256k	rev@p16	6	0.04260	0	100	0.64	400
t256k	rev@p32	6	0.03677	0	100	0.64	400
t256k	rev@p48	6	0.04200	0	100	0.64	400
t256k	rev@p64	6	0.03686	0	100	0.64	400
t256k	rev@p80	6	0.03683	0	100	0.64	400
t256k	rev@p96	6	0.03680	0	100	0.64	400
t256k	rev@p112	6	0.03680	0	100	0.64	400
t256k	orig	6	0.03772	0	100	0.64	400
t256k	orig2	6	0.03726	0	100	0.64	400
t256k	null	6	0.03719	0	100	0.64	400
t256k	rev	6	0.03676	0	100	0.64	400
t256k	orig@p16	6	0.01682	0	100	0.64	400
t256k	orig@p32	6	0.03675	0	100	0.64	400
t256k	orig@p64	7	0.01668	0	100	0.64	400
t256k	orig@p80	7	0.02272	0	100	0.64	400
t256k	orig@p96	7	0.01691	0	100	0.64	400
t256k	orig@p112	7	0.02440	0	100	0.64	400
t256k	rev@p16	7	0.01678	0	100	0.64	400
t256k	rev@p32	7	0.01679	0	100	0.64	400
t256k	rev@p48	7	0.01675	0	100	0.64	400
t256k	rev@p64	7	0.01679	0	100	0.64	400
t256k	rev@p80	7	0.01673	0	100	0.64	400
t256k	rev@p96	7	0.01668	0	100	0.64	400
t256k	rev@p112	7	0.01678	0	100	0.64	400
t256k	orig	7	0.01679	0	100	0.64	400
t256k	orig2	7	0.01683	0	100	0.64	400
t256k	null	7	0.01673	0	100	0.64	400
t256k	rev	7	0.01676	0	100	0.64	400
t256k	orig@p16	7	0.01679	0	100	0.64	400
t256k	orig@p32	7	0.01666	0	100	0.64	400
t256k	orig@p48	7	0.01669	0	100	0.64	400
t256k	orig@p80	8	0.01713	0	100	0.64	400
t256k	orig@p96	8	0.01677	0	100	0.64	400
t256k	orig@p112	8	0.01681	0	100	0.64	400
t256k	rev@p16	8	0.01694	0	100	0.64	400
t256k	rev@p32	8	0.01673	0	100	0.64	400
t256k	rev@p48	8	0.01698	0	100	0.64	400
t256k	rev@p64	8	0.01677	0	100	0.64	400
t256k	rev@p80	8	0.01667	0	100	0.64	400
t256k	rev@p96	8	0.01713	0	100	0.64	400
t256k	rev@p112	8	0.01680	0	100	0.64	400
t256k	orig	8	0.01675	0	100	0.64	400
t256k	orig2	8	0.01669	0	100	0.64	400
t256k	null	8	0.01723	0	100	0.64	400
t256k	rev	8	0.01691	0	100	0.64	400
t256k	orig@p16	8	0.01692	0	100	0.64	400
t256k	orig@p32	8	0.01675	0	100	0.64	400
t256k	orig@p48	8	0.01666	0	100	0.64	400
t256k	orig@p64	8	0.01672	0	100	0.64	400
t256k	orig@p96	9	0.01683	0	100	0.64	400
t256k	orig@p112	9	0.01673	0	100	0.64	400
t256k	rev@p16	9	0.01668	0	100	0.64	400
t256k	rev@p32	9	0.01681	0	100	0.64	400
t256k	rev@p48	9	0.01678	0	100	0.64	400
t256k	rev@p64	9	0.01674	0	100	0.64	400
t256k	rev@p80	9	0.01691	0	100	0.64	400
t256k	rev@p96	9	0.01665	0	100	0.64	400
t256k	rev@p112	9	0.01686	0	100	0.64	400
t256k	orig	9	0.01675	0	100	0.64	400
t256k	orig2	9	0.04212	0	100	0.64	400
t256k	null	9	0.01666	0	100	0.64	400
t256k	rev	9	0.01674	0	100	0.64	400
t256k	orig@p16	9	0.01680	0	100	0.64	400
t256k	orig@p32	9	0.02101	0	100	0.64	400
t256k	orig@p48	9	0.01682	0	100	0.64	400
t256k	orig@p64	9	0.04501	0	100	0.64	400
t256k	orig@p80	9	0.01674	0	100	0.64	400
t256k	orig@p112	10	0.04505	0	100	0.64	400
t256k	rev@p16	10	0.02088	0	100	0.64	400
t256k	rev@p32	10	0.04489	0	100	0.64	400
t256k	rev@p48	10	0.04203	0	100	0.64	400
t256k	rev@p64	10	0.04262	0	100	0.64	400
t256k	rev@p80	10	0.04214	0	100	0.64	400
t256k	rev@p96	10	0.04289	0	100	0.64	400
t256k	rev@p112	10	0.02032	0	100	0.64	400
t256k	orig	10	0.01670	0	100	0.64	400
t256k	orig2	10	0.04485	0	100	0.64	400
t256k	null	10	0.04205	0	100	0.64	400
t256k	rev	10	0.04176	0	100	0.64	400
t256k	orig@p16	10	0.04214	0	100	0.64	400
t256k	orig@p32	10	0.03784	0	100	0.64	400
t256k	orig@p48	10	0.03740	0	100	0.64	400
t256k	orig@p64	10	0.03675	0	100	0.64	400
t256k	orig@p80	10	0.03710	0	100	0.64	400
t256k	orig@p96	10	0.03697	0	100	0.64	400
t1m	orig	0	0.03026	0	100	0.64	400
t1m	orig2	0	0.03556	0	100	0.64	400
t1m	null	0	0.01682	0	100	0.64	400
t1m	rev	0	0.01698	0	100	0.64	400
t1m	orig@p16	0	0.01687	0	100	0.64	400
t1m	orig@p32	0	0.04164	0	100	0.64	400
t1m	orig@p48	0	0.04050	0	100	0.64	400
t1m	orig@p64	0	0.01678	0	100	0.64	400
t1m	orig@p80	0	0.03770	0	100	0.64	400
t1m	orig@p96	0	0.03981	0	100	0.64	400
t1m	orig@p112	0	0.03959	0	100	0.64	400
t1m	rev@p16	0	0.03975	0	100	0.64	400
t1m	rev@p32	0	0.01684	0	100	0.64	400
t1m	rev@p48	0	0.03863	0	100	0.64	400
t1m	rev@p64	0	0.04054	0	100	0.64	400
t1m	rev@p80	0	0.03782	0	100	0.64	400
t1m	rev@p96	0	0.03870	0	100	0.64	400
t1m	rev@p112	0	0.03824	0	100	0.64	400
t1m	orig2	1	0.02094	0	100	0.64	400
t1m	null	1	0.02055	0	100	0.64	400
t1m	rev	1	0.02044	0	100	0.64	400
t1m	orig@p16	1	0.03528	0	100	0.64	400
t1m	orig@p32	1	0.03859	0	100	0.64	400
t1m	orig@p48	1	0.01685	0	100	0.64	400
t1m	orig@p64	1	0.01680	0	100	0.64	400
t1m	orig@p80	1	0.03907	0	100	0.64	400
t1m	orig@p96	1	0.02063	0	100	0.64	400
t1m	orig@p112	1	0.03950	0	100	0.64	400
t1m	rev@p16	1	0.03847	0	100	0.64	400
t1m	rev@p32	1	0.03883	0	100	0.64	400
t1m	rev@p48	1	0.03825	0	100	0.64	400
t1m	rev@p64	1	0.03772	0	100	0.64	400
t1m	rev@p80	1	0.03770	0	100	0.64	400
t1m	rev@p96	1	0.03882	0	100	0.64	400
t1m	rev@p112	1	0.01678	0	100	0.64	400
t1m	orig	1	0.03808	0	100	0.64	400
t1m	null	2	0.01681	0	100	0.64	400
t1m	rev	2	0.03836	0	100	0.64	400
t1m	orig@p16	2	0.01685	0	100	0.64	400
t1m	orig@p32	2	0.01682	0	100	0.64	400
t1m	orig@p48	2	0.01692	0	100	0.64	400
t1m	orig@p64	2	0.04053	0	100	0.64	400
t1m	orig@p80	2	0.02043	0	100	0.64	400
t1m	orig@p96	2	0.04038	0	100	0.64	400
t1m	orig@p112	2	0.03775	0	100	0.64	400
t1m	rev@p16	2	0.02043	0	100	0.64	400
t1m	rev@p32	2	0.01681	0	100	0.64	400
t1m	rev@p48	2	0.03751	0	100	0.64	400
t1m	rev@p64	2	0.03763	0	100	0.64	400
t1m	rev@p80	2	0.03958	0	100	0.64	400
t1m	rev@p96	2	0.03977	0	100	0.64	400
t1m	rev@p112	2	0.02100	0	100	0.64	400
t1m	orig	2	0.03973	0	100	0.64	400
t1m	orig2	2	0.03862	0	100	0.64	400
t1m	rev	3	0.02101	0	100	0.64	400
t1m	orig@p16	3	0.01681	0	100	0.64	400
t1m	orig@p32	3	0.02113	0	100	0.64	400
t1m	orig@p48	3	0.03900	0	100	0.64	400
t1m	orig@p64	3	0.02101	0	100	0.64	400
t1m	orig@p80	3	0.01684	0	100	0.64	400
t1m	orig@p96	3	0.02101	0	100	0.64	400
t1m	orig@p112	3	0.02984	0	100	0.64	400
t1m	rev@p16	3	0.04052	0	100	0.64	400
t1m	rev@p32	3	0.03777	0	100	0.64	400
t1m	rev@p48	3	0.03977	0	100	0.64	400
t1m	rev@p64	3	0.03972	0	100	0.64	400
t1m	rev@p80	3	0.02095	0	100	0.64	400
t1m	rev@p96	3	0.01683	0	100	0.64	400
t1m	rev@p112	3	0.04097	0	100	0.64	400
t1m	orig	3	0.03918	0	100	0.64	400
t1m	orig2	3	0.03955	0	100	0.64	400
t1m	null	3	0.01707	0	100	0.64	400
t1m	orig@p16	4	0.01678	0	100	0.64	400
t1m	orig@p32	4	0.02107	0	100	0.64	400
t1m	orig@p48	4	0.02102	0	100	0.64	400
t1m	orig@p64	4	0.02059	0	100	0.64	400
t1m	orig@p80	4	0.02052	0	100	0.64	400
t1m	orig@p96	4	0.02054	0	100	0.64	400
t1m	orig@p112	4	0.02054	0	100	0.64	400
t1m	rev@p16	4	0.02051	0	100	0.64	400
t1m	rev@p32	4	0.02050	0	100	0.64	400
t1m	rev@p48	4	0.02050	0	100	0.64	400
t1m	rev@p64	4	0.01685	0	100	0.64	400
t1m	rev@p80	4	0.03943	0	100	0.64	400
t1m	rev@p96	4	0.03886	0	100	0.64	400
t1m	rev@p112	4	0.03673	0	100	0.64	400
t1m	orig	4	0.03870	0	100	0.64	400
t1m	orig2	4	0.03961	0	100	0.64	400
t1m	null	4	0.03603	0	100	0.64	400
t1m	rev	4	0.01676	0	100	0.64	400
t1m	orig@p32	5	0.01681	0	100	0.64	400
t1m	orig@p48	5	0.01681	0	100	0.64	400
t1m	orig@p64	5	0.03893	0	100	0.64	400
t1m	orig@p80	5	0.02104	0	100	0.64	400
t1m	orig@p96	5	0.03212	0	100	0.64	400
t1m	orig@p112	5	0.03863	0	100	0.64	400
t1m	rev@p16	5	0.03898	0	100	0.64	400
t1m	rev@p32	5	0.03942	0	100	0.64	400
t1m	rev@p48	5	0.03875	0	100	0.64	400
t1m	rev@p64	5	0.01684	0	100	0.64	400
t1m	rev@p80	5	0.01679	0	100	0.64	400
t1m	rev@p96	5	0.02104	0	100	0.64	400
t1m	rev@p112	5	0.01679	0	100	0.64	400
t1m	orig	5	0.01751	0	100	0.64	400
t1m	orig2	5	0.04051	0	100	0.64	400
t1m	null	5	0.03805	0	100	0.64	400
t1m	rev	5	0.03986	0	100	0.64	400
t1m	orig@p16	5	0.03366	0	100	0.64	400
t1m	orig@p48	6	0.03969	0	100	0.64	400
t1m	orig@p64	6	0.03950	0	100	0.64	400
t1m	orig@p80	6	0.03945	0	100	0.64	400
t1m	orig@p96	6	0.01681	0	100	0.64	400
t1m	orig@p112	6	0.03873	0	100	0.64	400
t1m	rev@p16	6	0.02043	0	100	0.64	400
t1m	rev@p32	6	0.01681	0	100	0.64	400
t1m	rev@p48	6	0.02114	0	100	0.64	400
t1m	rev@p64	6	0.02095	0	100	0.64	400
t1m	rev@p80	6	0.02099	0	100	0.64	400
t1m	rev@p96	6	0.01680	0	100	0.64	400
t1m	rev@p112	6	0.02114	0	100	0.64	400
t1m	orig	6	0.04073	0	100	0.64	400
t1m	orig2	6	0.02092	0	100	0.64	400
t1m	null	6	0.01687	0	100	0.64	400
t1m	rev	6	0.02091	0	100	0.64	400
t1m	orig@p16	6	0.01677	0	100	0.64	400
t1m	orig@p32	6	0.04062	0	100	0.64	400
t1m	orig@p64	7	0.04032	0	100	0.64	400
t1m	orig@p80	7	0.02098	0	100	0.64	400
t1m	orig@p96	7	0.02100	0	100	0.64	400
t1m	orig@p112	7	0.01680	0	100	0.64	400
t1m	rev@p16	7	0.03900	0	100	0.64	400
t1m	rev@p32	7	0.03912	0	100	0.64	400
t1m	rev@p48	7	0.03683	0	100	0.64	400
t1m	rev@p64	7	0.01680	0	100	0.64	400
t1m	rev@p80	7	0.03951	0	100	0.64	400
t1m	rev@p96	7	0.03862	0	100	0.64	400
t1m	rev@p112	7	0.01680	0	100	0.64	400
t1m	orig	7	0.04004	0	100	0.64	400
t1m	orig2	7	0.01684	0	100	0.64	400
t1m	null	7	0.01679	0	100	0.64	400
t1m	rev	7	0.01676	0	100	0.64	400
t1m	orig@p16	7	0.01679	0	100	0.64	400
t1m	orig@p32	7	0.01683	0	100	0.64	400
t1m	orig@p48	7	0.01681	0	100	0.64	400
t1m	orig@p80	8	0.01681	0	100	0.64	400
t1m	orig@p96	8	0.01686	0	100	0.64	400
t1m	orig@p112	8	0.01684	0	100	0.64	400
t1m	rev@p16	8	0.01685	0	100	0.64	400
t1m	rev@p32	8	0.02157	0	100	0.64	400
t1m	rev@p48	8	0.03775	0	100	0.64	400
t1m	rev@p64	8	0.04116	0	100	0.64	400
t1m	rev@p80	8	0.02105	0	100	0.64	400
t1m	rev@p96	8	0.03890	0	100	0.64	400
t1m	rev@p112	8	0.02111	0	100	0.64	400
t1m	orig	8	0.03770	0	100	0.64	400
t1m	orig2	8	0.02099	0	100	0.64	400
t1m	null	8	0.04036	0	100	0.64	400
t1m	rev	8	0.02101	0	100	0.64	400
t1m	orig@p16	8	0.04003	0	100	0.64	400
t1m	orig@p32	8	0.04106	0	100	0.64	400
t1m	orig@p48	8	0.02096	0	100	0.64	400
t1m	orig@p64	8	0.02016	0	100	0.64	400
t1m	orig@p96	9	0.02043	0	100	0.64	400
t1m	orig@p112	9	0.02042	0	100	0.64	400
t1m	rev@p16	9	0.02050	0	100	0.64	400
t1m	rev@p32	9	0.02046	0	100	0.64	400
t1m	rev@p48	9	0.02046	0	100	0.64	400
t1m	rev@p64	9	0.01678	0	100	0.64	400
t1m	rev@p80	9	0.02044	0	100	0.64	400
t1m	rev@p96	9	0.03618	0	100	0.64	400
t1m	rev@p112	9	0.02039	0	100	0.64	400
t1m	orig	9	0.01685	0	100	0.64	400
t1m	orig2	9	0.02039	0	100	0.64	400
t1m	null	9	0.01682	0	100	0.64	400
t1m	rev	9	0.03810	0	100	0.64	400
t1m	orig@p16	9	0.03924	0	100	0.64	400
t1m	orig@p32	9	0.03937	0	100	0.64	400
t1m	orig@p48	9	0.02094	0	100	0.64	400
t1m	orig@p64	9	0.03935	0	100	0.64	400
t1m	orig@p80	9	0.03973	0	100	0.64	400
t1m	orig@p112	10	0.01683	0	100	0.64	400
t1m	rev@p16	10	0.04017	0	100	0.64	400
t1m	rev@p32	10	0.03893	0	100	0.64	400
t1m	rev@p48	10	0.03836	0	100	0.64	400
t1m	rev@p64	10	0.03812	0	100	0.64	400
t1m	rev@p80	10	0.01682	0	100	0.64	400
t1m	rev@p96	10	0.02088	0	100	0.64	400
t1m	rev@p112	10	0.01696	0	100	0.64	400
t1m	orig	10	0.03833	0	100	0.64	400
t1m	orig2	10	0.01678	0	100	0.64	400
t1m	null	10	0.01679	0	100	0.64	400
t1m	rev	10	0.01689	0	100	0.64	400
t1m	orig@p16	10	0.04078	0	100	0.64	400
t1m	orig@p32	10	0.04035	0	100	0.64	400
t1m	orig@p48	10	0.03920	0	100	0.64	400
t1m	orig@p64	10	0.03873	0	100	0.64	400
t1m	orig@p80	10	0.03782	0	100	0.64	400
t1m	orig@p96	10	0.03871	0	100	0.64	400
dense	orig	0	1.16109	1	1171507514612	0.64	32
dense	orig2	0	1.12655	1	1171507514612	0.64	32
dense	null	0	1.14538	1	1171507514612	0.64	32
dense	rev	0	1.10330	1	1171507514612	0.64	32
dense	orig@p16	0	1.17249	1	1171507514612	0.64	32
dense	orig@p32	0	1.13157	1	1171507514612	0.64	32
dense	orig@p48	0	1.15340	1	1171507514612	0.64	32
dense	orig@p64	0	0.94530	1	1171507514612	0.64	32
dense	orig@p80	0	0.96140	1	1171507514612	0.64	32
dense	orig@p96	0	1.16495	1	1171507514612	0.64	32
dense	orig@p112	0	1.15858	1	1171507514612	0.64	32
dense	rev@p16	0	1.05298	1	1171507514612	0.64	32
dense	rev@p32	0	1.06002	1	1171507514612	0.64	32
dense	rev@p48	0	1.09853	1	1171507514612	0.64	32
dense	rev@p64	0	1.10689	1	1171507514612	0.64	32
dense	rev@p80	0	0.95290	1	1171507514612	0.64	32
dense	rev@p96	0	1.07476	1	1171507514612	0.64	32
dense	rev@p112	0	0.87267	1	1171507514612	0.64	32
dense	orig2	1	1.14973	1	1171507514612	0.64	32
dense	null	1	1.03001	1	1171507514612	0.64	32
dense	rev	1	0.94572	1	1171507514612	0.64	32
dense	orig@p16	1	0.91762	1	1171507514612	0.64	32
dense	orig@p32	1	1.13831	1	1171507514612	0.64	32
dense	orig@p48	1	0.95323	1	1171507514612	0.64	32
dense	orig@p64	1	1.17274	1	1171507514612	0.64	32
dense	orig@p80	1	1.00434	1	1171507514612	0.64	32
dense	orig@p96	1	0.92486	1	1171507514612	0.64	32
dense	orig@p112	1	1.02273	1	1171507514612	0.64	32
dense	rev@p16	1	0.85354	1	1171507514612	0.75	32
dense	rev@p32	1	1.06782	1	1171507514612	0.75	32
dense	rev@p48	1	1.11162	1	1171507514612	0.75	32
dense	rev@p64	1	1.13094	1	1171507514612	0.75	32
dense	rev@p80	1	1.10184	1	1171507514612	0.75	32
dense	rev@p96	1	1.08808	1	1171507514612	0.75	32
dense	rev@p112	1	0.95119	1	1171507514612	0.75	32
dense	orig	1	1.01081	1	1171507514612	0.75	32
dense	null	2	1.01611	1	1171507514612	0.75	32
dense	rev	2	1.07077	1	1171507514612	0.75	32
dense	orig@p16	2	1.15466	1	1171507514612	0.75	32
dense	orig@p32	2	1.12213	1	1171507514612	0.75	32
dense	orig@p48	2	1.16913	1	1171507514612	0.75	32
dense	orig@p64	2	1.18090	1	1171507514612	0.75	32
dense	orig@p80	2	1.18239	1	1171507514612	0.75	32
dense	orig@p96	2	0.93921	1	1171507514612	0.75	32
dense	orig@p112	2	1.02110	1	1171507514612	0.75	32
dense	rev@p16	2	1.09010	1	1171507514612	0.75	32
dense	rev@p32	2	1.05797	1	1171507514612	0.75	32
dense	rev@p48	2	1.05054	1	1171507514612	0.75	32
dense	rev@p64	2	1.12156	1	1171507514612	0.75	32
dense	rev@p80	2	1.08685	1	1171507514612	0.75	32
dense	rev@p96	2	0.87581	1	1171507514612	0.75	32
dense	rev@p112	2	1.08100	1	1171507514612	0.75	32
dense	orig	2	1.15858	1	1171507514612	0.75	32
dense	orig2	2	1.10498	1	1171507514612	0.75	32
dense	rev	3	1.11195	1	1171507514612	0.75	32
dense	orig@p16	3	1.15241	1	1171507514612	0.75	32
dense	orig@p32	3	1.14956	1	1171507514612	0.75	32
dense	orig@p48	3	1.03789	1	1171507514612	0.75	32
dense	orig@p64	3	1.13634	1	1171507514612	0.75	32
dense	orig@p80	3	0.93234	1	1171507514612	0.75	32
dense	orig@p96	3	1.20140	1	1171507514612	0.75	32
dense	orig@p112	3	0.93553	1	1171507514612	0.75	32
dense	rev@p16	3	0.95005	1	1171507514612	0.75	32
dense	rev@p32	3	1.10004	1	1171507514612	0.75	32
dense	rev@p48	3	0.98185	1	1171507514612	0.75	32
dense	rev@p64	3	0.98689	1	1171507514612	0.75	32
dense	rev@p80	3	1.08696	1	1171507514612	0.75	32
dense	rev@p96	3	1.09158	1	1171507514612	0.75	32
dense	rev@p112	3	1.09419	1	1171507514612	0.75	32
dense	orig	3	1.01992	1	1171507514612	0.75	32
dense	orig2	3	0.90895	1	1171507514612	0.75	32
dense	null	3	0.92501	1	1171507514612	0.75	32
dense	orig@p16	4	0.91570	1	1171507514612	0.75	32
dense	orig@p32	4	0.94332	1	1171507514612	0.75	32
dense	orig@p48	4	1.01245	1	1171507514612	0.75	32
dense	orig@p64	4	1.17330	1	1171507514612	0.75	32
dense	orig@p80	4	1.16204	1	1171507514612	0.75	32
dense	orig@p96	4	0.95200	1	1171507514612	0.75	32
dense	orig@p112	4	0.93646	1	1171507514612	0.75	32
dense	rev@p16	4	0.85754	1	1171507514612	0.75	32
dense	rev@p32	4	0.86783	1	1171507514612	0.75	32
dense	rev@p48	4	0.86961	1	1171507514612	0.75	32
dense	rev@p64	4	0.89009	1	1171507514612	0.75	32
dense	rev@p80	4	1.12183	1	1171507514612	0.75	32
dense	rev@p96	4	1.08138	1	1171507514612	0.75	32
dense	rev@p112	4	1.08072	1	1171507514612	0.75	32
dense	orig	4	1.14801	1	1171507514612	0.75	32
dense	orig2	4	0.91633	1	1171507514612	0.75	32
dense	null	4	1.00560	1	1171507514612	0.75	32
dense	rev	4	1.06205	1	1171507514612	0.75	32
dense	orig@p32	5	1.17619	1	1171507514612	0.75	32
dense	orig@p48	5	0.93628	1	1171507514612	0.75	32
dense	orig@p64	5	1.03244	1	1171507514612	0.75	32
dense	orig@p80	5	1.16955	1	1171507514612	0.75	32
dense	orig@p96	5	0.95510	1	1171507514612	0.75	32
dense	orig@p112	5	0.95334	1	1171507514612	0.75	32
dense	rev@p16	5	0.93771	1	1171507514612	0.75	32
dense	rev@p32	5	1.05832	1	1171507514612	0.75	32
dense	rev@p48	5	1.11711	1	1171507514612	0.75	32
dense	rev@p64	5	1.10327	1	1171507514612	0.75	32
dense	rev@p80	5	0.86274	1	1171507514612	0.75	32
dense	rev@p96	5	1.10473	1	1171507514612	0.75	32
dense	rev@p112	5	0.93847	1	1171507514612	0.75	32
dense	orig	5	1.01579	1	1171507514612	0.75	32
dense	orig2	5	1.00083	1	1171507514612	0.75	32
dense	null	5	1.14935	1	1171507514612	0.75	32
dense	rev	5	1.08495	1	1171507514612	0.75	32
dense	orig@p16	5	1.14346	1	1171507514612	0.75	32
dense	orig@p48	6	1.17283	1	1171507514612	0.75	32
dense	orig@p64	6	1.19853	1	1171507514612	0.75	32
dense	orig@p80	6	1.15399	1	1171507514612	0.75	32
dense	orig@p96	6	1.14632	1	1171507514612	0.75	32
dense	orig@p112	6	1.05610	1	1171507514612	0.75	32
dense	rev@p16	6	1.08368	1	1171507514612	0.75	32
dense	rev@p32	6	1.08229	1	1171507514612	0.75	32
dense	rev@p48	6	1.09347	1	1171507514612	0.75	32
dense	rev@p64	6	1.11658	1	1171507514612	0.75	32
dense	rev@p80	6	0.86702	1	1171507514612	0.75	32
dense	rev@p96	6	1.08163	1	1171507514612	0.75	32
dense	rev@p112	6	1.07616	1	1171507514612	0.75	32
dense	orig	6	1.17016	1	1171507514612	0.75	32
dense	orig2	6	1.16054	1	1171507514612	0.75	32
dense	null	6	0.94649	1	1171507514612	0.75	32
dense	rev	6	1.10527	1	1171507514612	0.75	32
dense	orig@p16	6	1.00306	1	1171507514612	0.75	32
dense	orig@p32	6	0.91634	1	1171507514612	0.75	32
dense	orig@p64	7	1.13742	1	1171507514612	0.75	32
dense	orig@p80	7	0.96886	1	1171507514612	0.75	32
dense	orig@p96	7	1.09013	1	1171507514612	0.75	32
dense	orig@p112	7	0.96718	1	1171507514612	0.75	32
dense	rev@p16	7	1.09185	1	1171507514612	0.75	32
dense	rev@p32	7	1.09415	1	1171507514612	0.75	32
dense	rev@p48	7	0.87245	1	1171507514612	0.75	32
dense	rev@p64	7	1.09880	1	1171507514612	0.75	32
dense	rev@p80	7	0.95613	1	1171507514612	0.75	32
dense	rev@p96	7	0.86048	1	1171507514612	0.75	32
dense	rev@p112	7	1.06528	1	1171507514612	0.75	32
dense	orig	7	1.09035	1	1171507514612	0.75	32
dense	orig2	7	1.12751	1	1171507514612	0.75	32
dense	null	7	0.91674	1	1171507514612	0.75	32
dense	rev	7	1.08497	1	1171507514612	0.75	32
dense	orig@p16	7	1.14516	1	1171507514612	0.75	32
dense	orig@p32	7	1.04578	1	1171507514612	0.75	32
dense	orig@p48	7	1.02826	1	1171507514612	0.75	32
dense	orig@p80	8	1.17114	1	1171507514612	0.75	32
dense	orig@p96	8	1.15117	1	1171507514612	0.75	32
dense	orig@p112	8	1.16083	1	1171507514612	0.75	32
dense	rev@p16	8	0.95005	1	1171507514612	0.75	32
dense	rev@p32	8	1.05803	1	1171507514612	0.75	32
dense	rev@p48	8	1.11611	1	1171507514612	0.75	32
dense	rev@p64	8	1.13989	1	1171507514612	0.75	32
dense	rev@p80	8	1.10995	1	1171507514612	0.75	32
dense	rev@p96	8	0.97698	1	1171507514612	0.75	32
dense	rev@p112	8	0.85221	1	1171507514612	0.75	32
dense	orig	8	0.94864	1	1171507514612	0.85	32
dense	orig2	8	1.15518	1	1171507514612	0.85	32
dense	null	8	1.16729	1	1171507514612	0.85	32
dense	rev	8	1.09437	1	1171507514612	0.85	32
dense	orig@p16	8	1.17087	1	1171507514612	0.85	32
dense	orig@p32	8	1.17228	1	1171507514612	0.85	32
dense	orig@p48	8	1.23486	1	1171507514612	0.85	32
dense	orig@p64	8	1.17117	1	1171507514612	0.85	32
dense	orig@p96	9	1.12490	1	1171507514612	0.85	32
dense	orig@p112	9	1.15850	1	1171507514612	0.85	32
dense	rev@p16	9	1.08828	1	1171507514612	0.85	32
dense	rev@p32	9	1.11227	1	1171507514612	0.85	32
dense	rev@p48	9	0.95468	1	1171507514612	0.85	32
dense	rev@p64	9	0.88518	1	1171507514612	0.85	32
dense	rev@p80	9	0.86100	1	1171507514612	0.85	32
dense	rev@p96	9	0.86050	1	1171507514612	0.85	32
dense	rev@p112	9	0.86272	1	1171507514612	0.85	32
dense	orig	9	1.15146	1	1171507514612	0.85	32
dense	orig2	9	0.91535	1	1171507514612	0.85	32
dense	null	9	1.12498	1	1171507514612	0.85	32
dense	rev	9	0.87258	1	1171507514612	0.85	32
dense	orig@p16	9	1.15775	1	1171507514612	0.85	32
dense	orig@p32	9	1.14615	1	1171507514612	0.85	32
dense	orig@p48	9	1.19102	1	1171507514612	0.85	32
dense	orig@p64	9	0.93395	1	1171507514612	0.85	32
dense	orig@p80	9	0.94564	1	1171507514612	0.85	32
dense	orig@p112	10	1.10987	1	1171507514612	0.85	32
dense	rev@p16	10	0.87652	1	1171507514612	0.85	32
dense	rev@p32	10	0.96592	1	1171507514612	0.85	32
dense	rev@p48	10	0.89081	1	1171507514612	0.85	32
dense	rev@p64	10	1.11867	1	1171507514612	0.85	32
dense	rev@p80	10	0.87260	1	1171507514612	0.85	32
dense	rev@p96	10	1.08016	1	1171507514612	0.85	32
dense	rev@p112	10	0.85938	1	1171507514612	0.85	32
dense	orig	10	1.10632	1	1171507514612	0.85	32
dense	orig2	10	1.14272	1	1171507514612	0.85	32
dense	null	10	0.93297	1	1171507514612	0.85	32
dense	rev	10	0.87201	1	1171507514612	0.85	32
dense	orig@p16	10	0.91929	1	1171507514612	0.85	32
dense	orig@p32	10	1.15673	1	1171507514612	0.85	32
dense	orig@p48	10	0.94456	1	1171507514612	0.85	32
dense	orig@p64	10	1.17935	1	1171507514612	0.85	32
dense	orig@p80	10	1.01519	1	1171507514612	0.85	32
dense	orig@p96	10	1.16375	1	1171507514612	0.85	32
sparse	orig	0	7.57151	1	25165947497716	0.85	10
sparse	orig2	0	7.50129	1	25165947497716	0.85	10
sparse	null	0	7.50597	1	25165947497716	0.85	10
sparse	rev	0	1.10309	1	25165947497716	0.85	10
sparse	orig@p16	0	7.52680	1	25165947497716	0.85	10
sparse	orig@p32	0	7.56333	1	25165947497716	0.85	10
sparse	orig@p48	0	7.61483	1	25165947497716	0.85	10
sparse	orig@p64	0	7.48234	1	25165947497716	0.85	10
sparse	orig@p80	0	7.49702	1	25165947497716	0.85	10
sparse	orig@p96	0	7.57103	1	25165947497716	0.85	10
sparse	orig@p112	0	7.75462	1	25165947497716	0.85	10
sparse	rev@p16	0	1.80935	1	25165947497716	0.85	10
sparse	rev@p32	0	1.34725	1	25165947497716	0.85	10
sparse	rev@p48	0	1.10390	1	25165947497716	0.85	10
sparse	rev@p64	0	1.10044	1	25165947497716	0.85	10
sparse	rev@p80	0	1.84136	1	25165947497716	0.85	10
sparse	rev@p96	0	1.10135	1	25165947497716	0.85	10
sparse	rev@p112	0	1.09854	1	25165947497716	0.85	10
sparse	orig2	1	7.51277	1	25165947497716	0.85	10
sparse	null	1	7.52060	1	25165947497716	0.85	10
sparse	rev	1	1.81674	1	25165947497716	0.85	10
sparse	orig@p16	1	7.80072	1	25165947497716	0.85	10
sparse	orig@p32	1	7.68741	1	25165947497716	0.85	10
sparse	orig@p48	1	7.62615	1	25165947497716	0.85	10
sparse	orig@p64	1	7.74305	1	25165947497716	0.85	10
sparse	orig@p80	1	7.61342	1	25165947497716	0.85	10
sparse	orig@p96	1	7.52686	1	25165947497716	0.85	10
sparse	orig@p112	1	7.61836	1	25165947497716	0.85	10
sparse	rev@p16	1	1.82724	1	25165947497716	0.85	10
sparse	rev@p32	1	1.38479	1	25165947497716	0.85	10
sparse	rev@p48	1	1.37614	1	25165947497716	0.85	10
sparse	rev@p64	1	1.37606	1	25165947497716	0.85	10
sparse	rev@p80	1	1.10907	1	25165947497716	0.85	10
sparse	rev@p96	1	1.10103	1	25165947497716	0.85	10
sparse	rev@p112	1	1.10369	1	25165947497716	0.85	10
sparse	orig	1	7.52172	1	25165947497716	0.85	10
sparse	null	2	7.55745	1	25165947497716	0.85	10
sparse	rev	2	1.10182	1	25165947497716	0.85	10
sparse	orig@p16	2	7.50930	1	25165947497716	0.85	10
sparse	orig@p32	2	7.56168	1	25165947497716	0.85	10
sparse	orig@p48	2	7.61053	1	25165947497716	0.85	10
sparse	orig@p64	2	7.49148	1	25165947497716	0.85	10
sparse	orig@p80	2	7.58055	1	25165947497716	0.85	10
sparse	orig@p96	2	7.62101	1	25165947497716	0.85	10
sparse	orig@p112	2	7.61353	1	25165947497716	0.86	10
sparse	rev@p16	2	1.83075	1	25165947497716	0.86	10
sparse	rev@p32	2	1.74277	1	25165947497716	0.86	10
sparse	rev@p48	2	1.83116	1	25165947497716	0.86	10
sparse	rev@p64	2	1.91639	1	25165947497716	0.86	10
sparse	rev@p80	2	1.85461	1	25165947497716	0.86	10
sparse	rev@p96	2	1.09848	1	25165947497716	0.86	10
sparse	rev@p112	2	1.09811	1	25165947497716	0.86	10
sparse	orig	2	7.56599	1	25165947497716	0.86	10
sparse	orig2	2	7.50243	1	25165947497716	0.86	10
sparse	rev	3	1.81672	1	25165947497716	0.86	10
sparse	orig@p16	3	7.84465	1	25165947497716	0.86	10
sparse	orig@p32	3	7.53508	1	25165947497716	0.86	10
sparse	orig@p48	3	7.57476	1	25165947497716	0.86	10
sparse	orig@p64	3	7.47727	1	25165947497716	0.86	10
sparse	orig@p80	3	7.51296	1	25165947497716	0.86	10
sparse	orig@p96	3	7.53208	1	25165947497716	0.86	10
sparse	orig@p112	3	7.62016	1	25165947497716	0.86	10
sparse	rev@p16	3	1.81935	1	25165947497716	0.86	10
sparse	rev@p32	3	1.79792	1	25165947497716	0.86	10
sparse	rev@p48	3	1.90844	1	25165947497716	0.86	10
sparse	rev@p64	3	1.37728	1	25165947497716	0.86	10
sparse	rev@p80	3	1.40716	1	25165947497716	0.86	10
sparse	rev@p96	3	1.37353	1	25165947497716	0.86	10
sparse	rev@p112	3	1.11070	1	25165947497716	0.86	10
sparse	orig	3	7.76153	1	25165947497716	0.86	10
sparse	orig2	3	7.55939	1	25165947497716	0.86	10
sparse	null	3	7.55270	1	25165947497716	0.86	10
sparse	orig@p16	4	7.61437	1	25165947497716	0.86	10
sparse	orig@p32	4	7.50225	1	25165947497716	0.86	10
sparse	orig@p48	4	7.62902	1	25165947497716	0.86	10
sparse	orig@p64	4	7.47901	1	25165947497716	0.86	10
sparse	orig@p80	4	7.51116	1	25165947497716	0.86	10
sparse	orig@p96	4	7.53104	1	25165947497716	0.86	10
sparse	orig@p112	4	7.61445	1	25165947497716	0.86	10
sparse	rev@p16	4	1.80761	1	25165947497716	0.86	10
sparse	rev@p32	4	1.81042	1	25165947497716	0.86	10
sparse	rev@p48	4	1.79514	1	25165947497716	0.86	10
sparse	rev@p64	4	1.80156	1	25165947497716	0.86	10
sparse	rev@p80	4	1.60354	1	25165947497716	0.86	10
sparse	rev@p96	4	1.80998	1	25165947497716	0.86	10
sparse	rev@p112	4	1.74823	1	25165947497716	0.86	10
sparse	orig	4	7.65014	1	25165947497716	0.86	10
sparse	orig2	4	7.54595	1	25165947497716	0.86	10
sparse	null	4	7.56688	1	25165947497716	0.86	10
sparse	rev	4	1.37158	1	25165947497716	0.86	10
sparse	orig@p32	5	7.68074	1	25165947497716	0.86	10
sparse	orig@p48	5	7.73730	1	25165947497716	0.86	10
sparse	orig@p64	5	7.48929	1	25165947497716	0.86	10
sparse	orig@p80	5	7.51813	1	25165947497716	0.86	10
sparse	orig@p96	5	7.57241	1	25165947497716	0.86	10
sparse	orig@p112	5	7.57819	1	25165947497716	0.86	10
sparse	rev@p16	5	1.10043	1	25165947497716	0.86	10
sparse	rev@p32	5	1.37891	1	25165947497716	0.86	10
sparse	rev@p48	5	1.10530	1	25165947497716	0.86	10
sparse	rev@p64	5	1.11262	1	25165947497716	0.86	10
sparse	rev@p80	5	1.85700	1	25165947497716	0.86	10
sparse	rev@p96	5	1.88905	1	25165947497716	0.86	10
sparse	rev@p112	5	1.32498	1	25165947497716	0.86	10
sparse	orig	5	7.63162	1	25165947497716	0.86	10
sparse	orig2	5	7.53213	1	25165947497716	0.86	10
sparse	null	5	7.51024	1	25165947497716	0.86	10
sparse	rev	5	1.85160	1	25165947497716	0.86	10
sparse	orig@p16	5	7.53346	1	25165947497716	0.86	10
sparse	orig@p48	6	7.60400	1	25165947497716	0.86	10
sparse	orig@p64	6	7.62573	1	25165947497716	0.86	10
sparse	orig@p80	6	7.59226	1	25165947497716	0.86	10
sparse	orig@p96	6	7.57291	1	25165947497716	0.86	10
sparse	orig@p112	6	7.81900	1	25165947497716	0.86	10
sparse	rev@p16	6	1.25654	1	25165947497716	0.86	10
sparse	rev@p32	6	1.81736	1	25165947497716	0.86	10
sparse	rev@p48	6	1.84158	1	25165947497716	0.86	10
sparse	rev@p64	6	1.37357	1	25165947497716	0.86	10
sparse	rev@p80	6	1.82782	1	25165947497716	0.86	10
sparse	rev@p96	6	1.84457	1	25165947497716	0.86	10
sparse	rev@p112	6	1.61443	1	25165947497716	0.86	10
sparse	orig	6	7.56919	1	25165947497716	0.86	10
sparse	orig2	6	7.49978	1	25165947497716	0.86	10
sparse	null	6	7.56408	1	25165947497716	0.86	10
sparse	rev	6	1.37783	1	25165947497716	0.86	10
sparse	orig@p16	6	7.60538	1	25165947497716	0.86	10
sparse	orig@p32	6	7.56208	1	25165947497716	0.86	10
sparse	orig@p64	7	7.53009	1	25165947497716	0.86	10
sparse	orig@p80	7	7.53237	1	25165947497716	0.87	10
sparse	orig@p96	7	7.56691	1	25165947497716	0.87	10
sparse	orig@p112	7	7.58102	1	25165947497716	0.87	10
sparse	rev@p16	7	1.66298	1	25165947497716	0.87	10
sparse	rev@p32	7	1.09768	1	25165947497716	0.87	10
sparse	rev@p48	7	1.09719	1	25165947497716	0.87	10
sparse	rev@p64	7	1.11039	1	25165947497716	0.87	10
sparse	rev@p80	7	1.10224	1	25165947497716	0.87	10
sparse	rev@p96	7	1.11190	1	25165947497716	0.87	10
sparse	rev@p112	7	1.77199	1	25165947497716	0.87	10
sparse	orig	7	7.56538	1	25165947497716	0.87	10
sparse	orig2	7	7.56885	1	25165947497716	0.87	10
sparse	null	7	7.68384	1	25165947497716	0.87	10
sparse	rev	7	1.10378	1	25165947497716	0.87	10
sparse	orig@p16	7	7.53321	1	25165947497716	0.87	10
sparse	orig@p32	7	7.58076	1	25165947497716	0.87	10
sparse	orig@p48	7	7.61587	1	25165947497716	0.87	10
sparse	orig@p80	8	7.60107	1	25165947497716	0.87	10
sparse	orig@p96	8	7.59887	1	25165947497716	0.87	10
sparse	orig@p112	8	7.58401	1	25165947497716	0.87	10
sparse	rev@p16	8	1.41901	1	25165947497716	0.87	10
sparse	rev@p32	8	1.81950	1	25165947497716	0.87	10
sparse	rev@p48	8	1.66214	1	25165947497716	0.87	10
sparse	rev@p64	8	1.89564	1	25165947497716	0.87	10
sparse	rev@p80	8	1.76113	1	25165947497716	0.87	10
sparse	rev@p96	8	1.81007	1	25165947497716	0.87	10
sparse	rev@p112	8	1.33505	1	25165947497716	0.87	10
sparse	orig	8	7.60530	1	25165947497716	0.87	10
sparse	orig2	8	7.54877	1	25165947497716	0.87	10
sparse	null	8	7.56081	1	25165947497716	0.87	10
sparse	rev	8	1.83492	1	25165947497716	0.87	10
sparse	orig@p16	8	7.63835	1	25165947497716	0.87	10
sparse	orig@p32	8	7.56638	1	25165947497716	0.87	10
sparse	orig@p48	8	7.62295	1	25165947497716	0.87	10
sparse	orig@p64	8	7.48150	1	25165947497716	0.87	10
sparse	orig@p96	9	7.51935	1	25165947497716	0.87	10
sparse	orig@p112	9	8.05726	1	25165947497716	0.87	10
sparse	rev@p16	9	1.80386	1	25165947497716	0.87	10
sparse	rev@p32	9	1.09692	1	25165947497716	0.87	10
sparse	rev@p48	9	1.36844	1	25165947497716	0.87	10
sparse	rev@p64	9	1.10396	1	25165947497716	0.87	10
sparse	rev@p80	9	1.11621	1	25165947497716	0.87	10
sparse	rev@p96	9	1.10405	1	25165947497716	0.87	10
sparse	rev@p112	9	1.80661	1	25165947497716	0.87	10
sparse	orig	9	7.50475	1	25165947497716	0.87	10
sparse	orig2	9	7.56153	1	25165947497716	0.87	10
sparse	null	9	7.52753	1	25165947497716	0.87	10
sparse	rev	9	1.78890	1	25165947497716	0.87	10
sparse	orig@p16	9	7.65198	1	25165947497716	0.87	10
sparse	orig@p32	9	7.71958	1	25165947497716	0.87	10
sparse	orig@p48	9	7.62517	1	25165947497716	0.87	10
sparse	orig@p64	9	7.47968	1	25165947497716	0.87	10
sparse	orig@p80	9	7.57738	1	25165947497716	0.87	10
sparse	orig@p112	10	7.58317	1	25165947497716	0.87	10
sparse	rev@p16	10	1.79459	1	25165947497716	0.87	10
sparse	rev@p32	10	1.82445	1	25165947497716	0.87	10
sparse	rev@p48	10	1.76518	1	25165947497716	0.87	10
sparse	rev@p64	10	1.83561	1	25165947497716	0.87	10
sparse	rev@p80	10	1.10558	1	25165947497716	0.87	10
sparse	rev@p96	10	1.80121	1	25165947497716	0.87	10
sparse	rev@p112	10	1.83709	1	25165947497716	0.87	10
sparse	orig	10	7.62392	1	25165947497716	0.87	10
sparse	orig2	10	7.55223	1	25165947497716	0.87	10
sparse	null	10	7.55075	1	25165947497716	0.87	10
sparse	rev	10	1.78501	1	25165947497716	0.87	10
sparse	orig@p16	10	7.75597	1	25165947497716	0.87	10
sparse	orig@p32	10	7.49978	1	25165947497716	0.87	10
sparse	orig@p48	10	7.62370	1	25165947497716	0.87	10
sparse	orig@p64	10	7.48810	1	25165947497716	0.87	10
sparse	orig@p80	10	7.59779	1	25165947497716	0.87	10
sparse	orig@p96	10	7.60851	1	25165947497716	0.87	10
