source	engine_arm	engine	fold_classes	fold_sites	max_mult	distinct_consts	pattern
corpus	default	vm	0	0	0	0	b'a(b|c)+d'
corpus	vm	vm	0	0	0	0	b'a(b|c)+d'
corpus	default	vm	0	0	0	0	b'(b|c)'
corpus	vm	vm	0	0	0	0	b'(b|c)'
corpus	default	dfa	0	0	0	0	b'b|c'
corpus	vm	vm	0	0	0	0	b'b|c'
corpus	default	dfa	0	0	0	0	b'[ab]|[cd]'
corpus	vm	vm	0	0	0	0	b'[ab]|[cd]'
corpus	default	dfa	0	0	0	0	b'b|[cd]'
corpus	vm	vm	0	0	0	0	b'b|[cd]'
corpus	default	dfa	0	0	0	0	b'a|b|c|d|e'
corpus	vm	vm	0	0	0	0	b'a|b|c|d|e'
corpus	default	dfa	0	0	0	0	b'frank|fred'
corpus	vm	vm	0	0	0	0	b'frank|fred'
corpus	default	dfa	0	0	0	0	b'frank|fred|brad|bobby|janet'
corpus	vm	vm	0	0	0	0	b'frank|fred|brad|bobby|janet'
corpus	default	dfa	0	0	0	0	b'f|frank'
corpus	vm	vm	0	0	0	0	b'f|frank'
corpus	default	dfa	0	0	0	0	b'frank|f'
corpus	vm	vm	0	0	0	0	b'frank|f'
corpus	default	dfa	0	0	0	0	b'fo|foo|fool'
corpus	vm	vm	0	0	0	0	b'fo|foo|fool'
corpus	default	dfa	0	0	0	0	b'cat|car|cap|dog'
corpus	vm	vm	0	0	0	0	b'cat|car|cap|dog'
corpus	default	dfa	0	0	0	0	b'frank|zred|brad'
corpus	vm	vm	0	0	0	0	b'frank|zred|brad'
corpus	default	vm	0	0	0	0	b'(b)|c'
corpus	vm	vm	0	0	0	0	b'(b)|c'
corpus	default	vm	0	0	0	0	b'(frank)|fred'
corpus	vm	vm	0	0	0	0	b'(frank)|fred'
corpus	default	vm	0	0	0	0	b'fra(n|m)k|frost'
corpus	vm	vm	0	0	0	0	b'fra(n|m)k|frost'
corpus	default	dfa	0	0	0	0	b'(?:a||b)'
corpus	vm	vm	0	0	0	0	b'(?:a||b)'
corpus	default	dfa	0	0	0	0	b'(?:a||b)c'
corpus	vm	vm	0	0	0	0	b'(?:a||b)c'
corpus	default	dfa	0	0	0	0	b'(?:a|b||c|d)x'
corpus	vm	vm	0	0	0	0	b'(?:a|b||c|d)x'
corpus	default	dfa	0	0	0	0	b'b\\Z'
corpus	vm	vm	0	0	0	0	b'b\\Z'
corpus	default	dfa	0	0	0	0	b'b\\z'
corpus	vm	vm	0	0	0	0	b'b\\z'
corpus	default	dfa	0	0	0	0	b'b$'
corpus	vm	vm	0	0	0	0	b'b$'
corpus	default	dfa	0	0	0	0	b'\\A'
corpus	vm	vm	0	0	0	0	b'\\A'
corpus	default	dfa	0	0	0	0	b'\\z'
corpus	vm	vm	0	0	0	0	b'\\z'
corpus	default	dfa	0	0	0	0	b'\\Z'
corpus	vm	vm	0	0	0	0	b'\\Z'
corpus	default	dfa	0	0	0	0	b'\\A\\z'
corpus	vm	vm	0	0	0	0	b'\\A\\z'
corpus	default	dfa	0	0	0	0	b'\\Aa'
corpus	vm	vm	0	0	0	0	b'\\Aa'
corpus	default	dfa	0	0	0	0	b'\\Ab'
corpus	vm	vm	0	0	0	0	b'\\Ab'
corpus	default	dfa	0	0	0	0	b'a\\z'
corpus	vm	vm	0	0	0	0	b'a\\z'
corpus	default	dfa	0	0	0	0	b'a\\Z'
corpus	vm	vm	0	0	0	0	b'a\\Z'
corpus	default	dfa	0	0	0	0	b'\\Aab\\z'
corpus	vm	vm	0	0	0	0	b'\\Aab\\z'
corpus	default	dfa	0	0	0	0	b'\\Aab\\Z'
corpus	vm	vm	0	0	0	0	b'\\Aab\\Z'
corpus	default	dfa	0	0	0	0	b'\\A(?:ab|a)\\z'
corpus	vm	vm	0	0	0	0	b'\\A(?:ab|a)\\z'
corpus	default	dfa	0	0	0	0	b'a\\Z\\z'
corpus	vm	vm	0	0	0	0	b'a\\Z\\z'
corpus	default	dfa	0	0	0	0	b'a*\\z'
corpus	vm	vm	0	0	0	0	b'a*\\z'
corpus	default	dfa	0	0	0	0	b'a*\\Z'
corpus	vm	vm	0	0	0	0	b'a*\\Z'
corpus	default	dfa	0	0	0	0	b'a*$'
corpus	vm	vm	0	0	0	0	b'a*$'
corpus	default	dfa	0	0	0	0	b'\\Aa*\\z'
corpus	vm	vm	0	0	0	0	b'\\Aa*\\z'
corpus	default	dfa	0	0	0	0	b'.*\\z'
corpus	vm	vm	0	0	0	0	b'.*\\z'
corpus	default	dfa	0	0	0	0	b'.*\\Z'
corpus	vm	vm	0	0	0	0	b'.*\\Z'
corpus	default	dfa	0	0	0	0	b'[^c]{1,3}\\z'
corpus	vm	vm	0	0	0	0	b'[^c]{1,3}\\z'
corpus	default	dfa	0	0	0	0	b'[^c]{1,3}\\Z'
corpus	vm	vm	0	0	0	0	b'[^c]{1,3}\\Z'
corpus	default	vm	0	0	0	0	b'(\\z)*'
corpus	vm	vm	0	0	0	0	b'(\\z)*'
corpus	default	vm	0	0	0	0	b'(\\A)*'
corpus	vm	vm	0	0	0	0	b'(\\A)*'
corpus	default	dfa	0	0	0	0	b'ab\\z|b\\Z'
corpus	vm	vm	0	0	0	0	b'ab\\z|b\\Z'
corpus	default	dfa	0	0	0	0	b'\\Zx'
corpus	vm	vm	0	0	0	0	b'\\Zx'
corpus	default	dfa	0	0	0	0	b'\\zx'
corpus	vm	vm	0	0	0	0	b'\\zx'
corpus	default	dfa	0	0	0	0	b'\\Aa*(?:\\Zb|\\zc)'
corpus	vm	vm	0	0	0	0	b'\\Aa*(?:\\Zb|\\zc)'
corpus	default	dfa	0	0	0	0	b'\\A(?:x*\\Zy|x*\\zz)'
corpus	vm	vm	0	0	0	0	b'\\A(?:x*\\Zy|x*\\zz)'
corpus	default	dfa	0	0	0	0	b'\\Aa\\z'
corpus	vm	vm	0	0	0	0	b'\\Aa\\z'
corpus	default	dfa	0	0	0	0	b'\\Aa\\Z'
corpus	vm	vm	0	0	0	0	b'\\Aa\\Z'
corpus	default	dfa	0	0	0	0	b'^a\\z'
corpus	vm	vm	0	0	0	0	b'^a\\z'
corpus	default	dfa	0	0	0	0	b'^a*\\Z'
corpus	vm	vm	0	0	0	0	b'^a*\\Z'
corpus	default	dfa	0	0	0	0	b'^[^c]{1,3}\\z'
corpus	vm	vm	0	0	0	0	b'^[^c]{1,3}\\z'
corpus	default	dfa	0	0	0	0	b'^a*\\z'
corpus	vm	vm	0	0	0	0	b'^a*\\z'
corpus	default	dfa	0	0	0	0	b'\\A[^c]{1,3}\\Z'
corpus	vm	vm	0	0	0	0	b'\\A[^c]{1,3}\\Z'
corpus	default	dfa	0	0	0	0	b'\\Aabc'
corpus	vm	vm	0	0	0	0	b'\\Aabc'
corpus	default	vm	0	0	0	0	b'\\A(cat|dog)'
corpus	vm	vm	0	0	0	0	b'\\A(cat|dog)'
corpus	default	dfa	0	0	0	0	b'\\A[a-c]+'
corpus	vm	vm	0	0	0	0	b'\\A[a-c]+'
corpus	default	vm	0	0	0	0	b'(\\Aa)+'
corpus	vm	vm	0	0	0	0	b'(\\Aa)+'
corpus	default	dfa	0	0	0	0	b'x\\Ay'
corpus	vm	vm	0	0	0	0	b'x\\Ay'
corpus	default	dfa	0	0	0	0	b'ab\\A'
corpus	vm	vm	0	0	0	0	b'ab\\A'
corpus	default	dfa	0	0	0	0	b'\\zabc'
corpus	vm	vm	0	0	0	0	b'\\zabc'
corpus	default	dfa	0	0	0	0	b'abc\\z'
corpus	vm	vm	0	0	0	0	b'abc\\z'
corpus	default	vm	0	0	0	0	b'(a\\z)+'
corpus	vm	vm	0	0	0	0	b'(a\\z)+'
corpus	default	dfa	0	0	0	0	b'a$'
corpus	vm	vm	0	0	0	0	b'a$'
corpus	default	dfa	0	0	0	0	b'\\Aabc\\z'
corpus	vm	vm	0	0	0	0	b'\\Aabc\\z'
corpus	default	dfa	0	0	0	0	b'\\A\\bfoo\\b\\z'
corpus	vm	vm	0	0	0	0	b'\\A\\bfoo\\b\\z'
corpus	default	dfa	0	0	0	0	b'(?m)^\\bfoo\\b$'
corpus	vm	vm	0	0	0	0	b'(?m)^\\bfoo\\b$'
corpus	default	vm	0	0	0	0	b'\\Gcat\\Kdog'
corpus	vm	vm	0	0	0	0	b'\\Gcat\\Kdog'
corpus	default	vm	0	0	0	0	b'\\B\\Kcat'
corpus	vm	vm	0	0	0	0	b'\\B\\Kcat'
corpus	default	vm	0	0	0	0	b'\\A(a\\Kb)+\\z'
corpus	vm	vm	0	0	0	0	b'\\A(a\\Kb)+\\z'
corpus	default	dfa	0	0	0	0	b'(?m)^\\Ga'
corpus	vm	vm	0	0	0	0	b'(?m)^\\Ga'
corpus	default	dfa	0	0	0	0	b'\\b(?:cat|dog)\\B'
corpus	vm	vm	0	0	0	0	b'\\b(?:cat|dog)\\B'
corpus	default	dfa	0	0	0	0	b'\\Ax'
corpus	vm	vm	0	0	0	0	b'\\Ax'
corpus	default	dfa	0	0	0	0	b'\\bx'
corpus	vm	vm	0	0	0	0	b'\\bx'
corpus	default	dfa	0	0	0	0	b'\\Bx'
corpus	vm	vm	0	0	0	0	b'\\Bx'
corpus	default	dfa	0	0	0	0	b'\\Gx'
corpus	vm	vm	0	0	0	0	b'\\Gx'
corpus	default	vm	0	0	0	0	b'\\Kx'
corpus	vm	vm	0	0	0	0	b'\\Kx'
corpus	default	dfa	0	0	0	0	b'x\\z'
corpus	vm	vm	0	0	0	0	b'x\\z'
corpus	default	dfa	0	0	0	0	b'x\\Z'
corpus	vm	vm	0	0	0	0	b'x\\Z'
corpus	default	dfa	0	0	0	0	b'x\\By'
corpus	vm	vm	0	0	0	0	b'x\\By'
corpus	default	vm	0	0	0	0	b'x\\K'
corpus	vm	vm	0	0	0	0	b'x\\K'
corpus	default	dfa	0	0	0	0	b'(?m)^a'
corpus	vm	vm	0	0	0	0	b'(?m)^a'
corpus	default	dfa	0	0	0	0	b'\\Ga'
corpus	vm	vm	0	0	0	0	b'\\Ga'
corpus	default	dfa	0	0	0	0	b'\\G.'
corpus	vm	vm	0	0	0	0	b'\\G.'
corpus	default	vm	0	0	0	0	b'\\G(cat|dog)'
corpus	vm	vm	0	0	0	0	b'\\G(cat|dog)'
corpus	default	dfa	0	0	0	0	b'\\G\\w+'
corpus	vm	vm	0	0	0	0	b'\\G\\w+'
corpus	default	dfa	0	0	0	0	b'\\G\\d+'
corpus	vm	vm	0	0	0	0	b'\\G\\d+'
corpus	default	vm	0	0	0	0	b'\\Ga\\Kb'
corpus	vm	vm	0	0	0	0	b'\\Ga\\Kb'
corpus	default	dfa	0	0	0	0	b'\\G'
corpus	vm	vm	0	0	0	0	b'\\G'
corpus	default	vm	0	0	0	0	b'a\\Kb'
corpus	vm	vm	0	0	0	0	b'a\\Kb'
corpus	default	vm	0	0	0	0	b'(a\\K)b'
corpus	vm	vm	0	0	0	0	b'(a\\K)b'
corpus	default	vm	0	0	0	0	b'(a)\\Kb'
corpus	vm	vm	0	0	0	0	b'(a)\\Kb'
corpus	default	vm	0	0	0	0	b'a\\Kb\\Kc'
corpus	vm	vm	0	0	0	0	b'a\\Kb\\Kc'
corpus	default	vm	0	0	0	0	b'(a\\Kb|c\\Kd)'
corpus	vm	vm	0	0	0	0	b'(a\\Kb|c\\Kd)'
corpus	default	vm	0	0	0	0	b'(a\\K)+b'
corpus	vm	vm	0	0	0	0	b'(a\\K)+b'
corpus	default	vm	0	0	0	0	b'\\b\\K\\w+'
corpus	vm	vm	0	0	0	0	b'\\b\\K\\w+'
corpus	default	vm	0	0	0	0	b'(?m)^a\\Kb$'
corpus	vm	vm	0	0	0	0	b'(?m)^a\\Kb$'
corpus	default	vm	0	0	0	0	b'ab\\K'
corpus	vm	vm	0	0	0	0	b'ab\\K'
corpus	default	vm	0	0	0	0	b'\\K'
corpus	vm	vm	0	0	0	0	b'\\K'
corpus	default	dfa	0	0	0	0	b'(?m)^b'
corpus	vm	vm	0	0	0	0	b'(?m)^b'
corpus	default	dfa	0	0	0	0	b'(?m)a$'
corpus	vm	vm	0	0	0	0	b'(?m)a$'
corpus	default	dfa	0	0	0	0	b'(?m)^$'
corpus	vm	vm	0	0	0	0	b'(?m)^$'
corpus	default	dfa	0	0	0	0	b'(?m)^'
corpus	vm	vm	0	0	0	0	b'(?m)^'
corpus	default	dfa	0	0	0	0	b'(?m:^a)$'
corpus	vm	vm	0	0	0	0	b'(?m:^a)$'
corpus	default	dfa	0	0	0	0	b'^a(?m:$)'
corpus	vm	vm	0	0	0	0	b'^a(?m:$)'
corpus	default	dfa	0	0	0	0	b'(?m)^a(?-m)^b'
corpus	vm	vm	0	0	0	0	b'(?m)^a(?-m)^b'
corpus	default	dfa	0	0	0	0	b'(?m)^a(?-m:^b)'
corpus	vm	vm	0	0	0	0	b'(?m)^a(?-m:^b)'
corpus	default	vm	0	0	0	0	b'(?m)^(a|b)$'
corpus	vm	vm	0	0	0	0	b'(?m)^(a|b)$'
corpus	default	dfa	0	0	0	0	b'(?m)^a+$'
corpus	vm	vm	0	0	0	0	b'(?m)^a+$'
corpus	default	dfa	0	0	0	0	b'(?m)^[a-c]$'
corpus	vm	vm	0	0	0	0	b'(?m)^[a-c]$'
corpus	default	dfa	0	0	0	0	b'(?m)^a$'
corpus	vm	vm	0	0	0	0	b'(?m)^a$'
corpus	default	dfa	0	0	0	0	b'(?m)\\Aa'
corpus	vm	vm	0	0	0	0	b'(?m)\\Aa'
corpus	default	dfa	0	0	0	0	b'(?m)a\\Z'
corpus	vm	vm	0	0	0	0	b'(?m)a\\Z'
corpus	default	dfa	0	0	0	0	b'\\bcat\\b'
corpus	vm	vm	0	0	0	0	b'\\bcat\\b'
corpus	default	dfa	0	0	0	0	b'\\Bcat'
corpus	vm	vm	0	0	0	0	b'\\Bcat'
corpus	default	dfa	0	0	0	0	b'\\bcat'
corpus	vm	vm	0	0	0	0	b'\\bcat'
corpus	default	dfa	0	0	0	0	b'\\b\\w+\\b'
corpus	vm	vm	0	0	0	0	b'\\b\\w+\\b'
corpus	default	vm	0	0	0	0	b'\\b(cat|dog)\\b'
corpus	vm	vm	0	0	0	0	b'\\b(cat|dog)\\b'
corpus	default	vm	0	0	0	0	b'(\\bcat\\b)+'
corpus	vm	vm	0	0	0	0	b'(\\bcat\\b)+'
corpus	default	dfa	0	0	0	0	b'[a-c]\\B'
corpus	vm	vm	0	0	0	0	b'[a-c]\\B'
corpus	default	dfa	0	0	0	0	b'\\b'
corpus	vm	vm	0	0	0	0	b'\\b'
corpus	default	dfa	0	0	0	0	b'\\B'
corpus	vm	vm	0	0	0	0	b'\\B'
corpus	default	dfa	0	0	0	0	b'(?i)\\bcat\\b'
corpus	vm	vm	3	3	1	3	b'(?i)\\bcat\\b'
corpus	default	dfa	0	0	0	0	b'abc$'
corpus	vm	vm	0	0	0	0	b'abc$'
corpus	default	dfa	0	0	0	0	b'abc\\Z'
corpus	vm	vm	0	0	0	0	b'abc\\Z'
corpus	default	dfa	0	0	0	0	b'(?m)abc$'
corpus	vm	vm	0	0	0	0	b'(?m)abc$'
corpus	default	dfa	0	0	0	0	b'a+$'
corpus	vm	vm	0	0	0	0	b'a+$'
corpus	default	dfa	0	0	0	0	b'a{0,4}$'
corpus	vm	vm	0	0	0	0	b'a{0,4}$'
corpus	default	dfa	0	0	0	0	b'(?:foo|barbaz)$'
corpus	vm	vm	0	0	0	0	b'(?:foo|barbaz)$'
corpus	default	dfa	0	0	0	0	b'$'
corpus	vm	vm	0	0	0	0	b'$'
corpus	default	dfa	0	0	0	0	b'\\bfoo$'
corpus	vm	vm	0	0	0	0	b'\\bfoo$'
corpus	default	dfa	0	0	0	0	b'^abc$'
corpus	vm	vm	0	0	0	0	b'^abc$'
corpus	default	vm	0	0	0	0	b'(ab)(c)$'
corpus	vm	vm	0	0	0	0	b'(ab)(c)$'
corpus	default	dfa	0	0	0	0	b'[^c]{1,3}$'
corpus	vm	vm	0	0	0	0	b'[^c]{1,3}$'
corpus	default	dfa	0	0	0	0	b'a{1,3}?$'
corpus	vm	vm	0	0	0	0	b'a{1,3}?$'
corpus	default	dfa	0	0	0	0	b'a{0,4}c$'
corpus	vm	vm	0	0	0	0	b'a{0,4}c$'
corpus	default	dfa	0	0	0	0	b'za{0,4}$'
corpus	vm	vm	0	0	0	0	b'za{0,4}$'
corpus	default	dfa	0	0	0	0	b'a{0,4}\\z'
corpus	vm	vm	0	0	0	0	b'a{0,4}\\z'
corpus	default	dfa	0	0	0	0	b'a{1,3}?\\z'
corpus	vm	vm	0	0	0	0	b'a{1,3}?\\z'
corpus	default	dfa	0	0	0	0	b'a{0,4}c\\z'
corpus	vm	vm	0	0	0	0	b'a{0,4}c\\z'
corpus	default	dfa	0	0	0	0	b'za{0,4}\\z'
corpus	vm	vm	0	0	0	0	b'za{0,4}\\z'
corpus	default	dfa	0	0	0	0	b'a{0,4}\\Z'
corpus	vm	vm	0	0	0	0	b'a{0,4}\\Z'
corpus	default	dfa	0	0	0	0	b'a{0,4}c\\Z'
corpus	vm	vm	0	0	0	0	b'a{0,4}c\\Z'
corpus	default	dfa	0	0	0	0	b'a{0,4}\\A'
corpus	vm	vm	0	0	0	0	b'a{0,4}\\A'
corpus	default	dfa	0	0	0	0	b'\\Aa{0,4}\\z'
corpus	vm	vm	0	0	0	0	b'\\Aa{0,4}\\z'
corpus	default	dfa	0	0	0	0	b'\\Aa{0,4}$'
corpus	vm	vm	0	0	0	0	b'\\Aa{0,4}$'
corpus	default	dfa	0	0	0	0	b'\\Gfoo'
corpus	vm	vm	0	0	0	0	b'\\Gfoo'
corpus	default	dfa	0	0	0	0	b'foo'
corpus	vm	vm	0	0	0	0	b'foo'
corpus	default	dfa	0	0	0	0	b'\\G[0-9]{2}'
corpus	vm	vm	0	0	0	0	b'\\G[0-9]{2}'
corpus	default	dfa	0	0	0	0	b'\\Gabc|\\Gxy'
corpus	vm	vm	0	0	0	0	b'\\Gabc|\\Gxy'
corpus	default	dfa	0	0	0	0	b'\\Gfoo|bar'
corpus	vm	vm	0	0	0	0	b'\\Gfoo|bar'
corpus	default	dfa	0	0	0	0	b'\\Ga|b'
corpus	vm	vm	0	0	0	0	b'\\Ga|b'
corpus	default	dfa	0	0	0	0	b'x|\\Gy'
corpus	vm	vm	0	0	0	0	b'x|\\Gy'
corpus	default	dfa	0	0	0	0	b'a\\Gb'
corpus	vm	vm	0	0	0	0	b'a\\Gb'
corpus	default	dfa	0	0	0	0	b'x\\G'
corpus	vm	vm	0	0	0	0	b'x\\G'
corpus	default	dfa	0	0	0	0	b'ab|a\\Gb'
corpus	vm	vm	0	0	0	0	b'ab|a\\Gb'
corpus	default	dfa	0	0	0	0	b'a\\Gb|c'
corpus	vm	vm	0	0	0	0	b'a\\Gb|c'
corpus	default	dfa	0	0	0	0	b'a\\Gb|\\Gz'
corpus	vm	vm	0	0	0	0	b'a\\Gb|\\Gz'
corpus	default	dfa	0	0	0	0	b'x\\G|y'
corpus	vm	vm	0	0	0	0	b'x\\G|y'
corpus	default	dfa	0	0	0	0	b'\\A\\Gx'
corpus	vm	vm	0	0	0	0	b'\\A\\Gx'
corpus	default	dfa	0	0	0	0	b'\\G\\z'
corpus	vm	vm	0	0	0	0	b'\\G\\z'
corpus	default	dfa	0	0	0	0	b'\\G$'
corpus	vm	vm	0	0	0	0	b'\\G$'
corpus	default	dfa	0	0	0	0	b'\\G\\bfoo|bar'
corpus	vm	vm	0	0	0	0	b'\\G\\bfoo|bar'
corpus	default	dfa	0	0	0	0	b'(?m)^a|\\Gb'
corpus	vm	vm	0	0	0	0	b'(?m)^a|\\Gb'
corpus	default	dfa	0	0	0	0	b'\\Ga|(?m)^b'
corpus	vm	vm	0	0	0	0	b'\\Ga|(?m)^b'
corpus	default	vm	0	0	0	0	b'(\\G)*'
corpus	vm	vm	0	0	0	0	b'(\\G)*'
corpus	default	dfa	0	0	0	0	b'(?:\\G)a'
corpus	vm	vm	0	0	0	0	b'(?:\\G)a'
corpus	default	dfa	0	0	0	0	b'(?:\\Gab)+'
corpus	vm	vm	0	0	0	0	b'(?:\\Gab)+'
corpus	default	vm	0	0	0	0	b'\\G(a|b)c'
corpus	vm	vm	0	0	0	0	b'\\G(a|b)c'
corpus	default	vm	0	0	0	0	b'(x)?a{0,4}\\G'
corpus	vm	vm	0	0	0	0	b'(x)?a{0,4}\\G'
corpus	default	vm	0	0	0	0	b'(x)?[ab]{0,4}\\G'
corpus	vm	vm	0	0	0	0	b'(x)?[ab]{0,4}\\G'
corpus	default	vm	0	0	0	0	b'(x)?a{0,4}\\Gb'
corpus	vm	vm	0	0	0	0	b'(x)?a{0,4}\\Gb'
corpus	default	dfa	0	0	0	0	b'(?i:\\b)*'
corpus	vm	vm	0	0	0	0	b'(?i:\\b)*'
corpus	default	dfa	0	0	0	0	b'(?i:\\B)*'
corpus	vm	vm	0	0	0	0	b'(?i:\\B)*'
corpus	default	dfa	0	0	0	0	b'(?i:\\G)*'
corpus	vm	vm	0	0	0	0	b'(?i:\\G)*'
corpus	default	dfa	0	0	0	0	b'(?i:\\z)*'
corpus	vm	vm	0	0	0	0	b'(?i:\\z)*'
corpus	default	vm	0	0	0	0	b'(?<n>\\b)*'
corpus	vm	vm	0	0	0	0	b'(?<n>\\b)*'
corpus	default	vm	0	0	0	0	b'(?<n>\\G)*'
corpus	vm	vm	0	0	0	0	b'(?<n>\\G)*'
corpus	default	vm	0	0	0	0	b'(?<n>\\A)*'
corpus	vm	vm	0	0	0	0	b'(?<n>\\A)*'
corpus	default	vm	0	0	0	0	b'\\Ka'
corpus	vm	vm	0	0	0	0	b'\\Ka'
corpus	default	vm	0	0	0	0	b'a\\K'
corpus	vm	vm	0	0	0	0	b'a\\K'
corpus	default	vm	0	0	0	0	b'\\Kab'
corpus	vm	vm	0	0	0	0	b'\\Kab'
corpus	default	vm	0	0	0	0	b'\\Ka\\Kb'
corpus	vm	vm	0	0	0	0	b'\\Ka\\Kb'
corpus	default	vm	0	0	0	0	b'a\\K\\Kb'
corpus	vm	vm	0	0	0	0	b'a\\K\\Kb'
corpus	default	vm	0	0	0	0	b'(?:a\\K|ax)c'
corpus	vm	vm	0	0	0	0	b'(?:a\\K|ax)c'
corpus	default	vm	0	0	0	0	b'(?:ab\\K|a)b'
corpus	vm	vm	0	0	0	0	b'(?:ab\\K|a)b'
corpus	default	vm	0	0	0	0	b'(?:a\\K|b)c'
corpus	vm	vm	0	0	0	0	b'(?:a\\K|b)c'
corpus	default	vm	0	0	0	0	b'(?:a\\Kb|ab\\Kc)d'
corpus	vm	vm	0	0	0	0	b'(?:a\\Kb|ab\\Kc)d'
corpus	default	vm	0	0	0	0	b'a\\Kb|c'
corpus	vm	vm	0	0	0	0	b'a\\Kb|c'
corpus	default	vm	0	0	0	0	b'(?:a\\K)*ab'
corpus	vm	vm	0	0	0	0	b'(?:a\\K)*ab'
corpus	default	vm	0	0	0	0	b'(?:a\\K)*b'
corpus	vm	vm	0	0	0	0	b'(?:a\\K)*b'
corpus	default	vm	0	0	0	0	b'(?:a\\Kb)*c'
corpus	vm	vm	0	0	0	0	b'(?:a\\Kb)*c'
corpus	default	vm	0	0	0	0	b'(?:a\\K){2,}b'
corpus	vm	vm	0	0	0	0	b'(?:a\\K){2,}b'
corpus	default	vm	0	0	0	0	b'(?:a\\K){1,3}b'
corpus	vm	vm	0	0	0	0	b'(?:a\\K){1,3}b'
corpus	default	vm	0	0	0	0	b'(?:a\\K)?b'
corpus	vm	vm	0	0	0	0	b'(?:a\\K)?b'
corpus	default	vm	0	0	0	0	b'(?:\\Ka)?b'
corpus	vm	vm	0	0	0	0	b'(?:\\Ka)?b'
corpus	default	vm	0	0	0	0	b'(?:a\\K|b)+c'
corpus	vm	vm	0	0	0	0	b'(?:a\\K|b)+c'
corpus	default	vm	0	0	0	0	b'ab\\Kc?'
corpus	vm	vm	0	0	0	0	b'ab\\Kc?'
corpus	default	vm	0	0	0	0	b'\\Ka*'
corpus	vm	vm	0	0	0	0	b'\\Ka*'
corpus	default	vm	0	0	0	0	b'a*\\K'
corpus	vm	vm	0	0	0	0	b'a*\\K'
corpus	default	vm	0	0	0	0	b'(a)\\K(b)'
corpus	vm	vm	0	0	0	0	b'(a)\\K(b)'
corpus	default	vm	0	0	0	0	b'a\\K(b)'
corpus	vm	vm	0	0	0	0	b'a\\K(b)'
corpus	default	vm	0	0	0	0	b'(a\\K)(b)'
corpus	vm	vm	0	0	0	0	b'(a\\K)(b)'
corpus	default	vm	0	0	0	0	b'(a\\K)*b'
corpus	vm	vm	0	0	0	0	b'(a\\K)*b'
corpus	default	vm	0	0	0	0	b'((a)\\K|(b))c'
corpus	vm	vm	0	0	0	0	b'((a)\\K|(b))c'
corpus	default	vm	0	0	0	0	b'\\Aa\\Kb'
corpus	vm	vm	0	0	0	0	b'\\Aa\\Kb'
corpus	default	vm	0	0	0	0	b'a\\Kb\\z'
corpus	vm	vm	0	0	0	0	b'a\\Kb\\z'
corpus	default	vm	0	0	0	0	b'a\\Kb\\Z'
corpus	vm	vm	0	0	0	0	b'a\\Kb\\Z'
corpus	default	vm	0	0	0	0	b'a\\Kb$'
corpus	vm	vm	0	0	0	0	b'a\\Kb$'
corpus	default	vm	0	0	0	0	b'\\ba\\Kb\\b'
corpus	vm	vm	0	0	0	0	b'\\ba\\Kb\\b'
corpus	default	vm	0	0	0	0	b'a\\K\\bb'
corpus	vm	vm	0	0	0	0	b'a\\K\\bb'
corpus	default	vm	0	0	0	0	b'a\\Kb|\\Gc'
corpus	vm	vm	0	0	0	0	b'a\\Kb|\\Gc'
corpus	default	vm	0	0	0	0	b'(?m)^a\\Kb'
corpus	vm	vm	0	0	0	0	b'(?m)^a\\Kb'
corpus	default	vm	0	0	0	0	b'a\\Kb(?m)$'
corpus	vm	vm	0	0	0	0	b'a\\Kb(?m)$'
corpus	default	vm	0	0	0	0	b'a{2,4}\\Kb'
corpus	vm	vm	0	0	0	0	b'a{2,4}\\Kb'
corpus	default	vm	0	0	0	0	b'a\\Kb{1,3}'
corpus	vm	vm	0	0	0	0	b'a\\Kb{1,3}'
corpus	default	vm	0	0	0	0	b'[ab]*\\K[bc]+'
corpus	vm	vm	0	0	0	0	b'[ab]*\\K[bc]+'
corpus	default	vm	0	0	0	0	b'(?:ab)+\\Kc'
corpus	vm	vm	0	0	0	0	b'(?:ab)+\\Kc'
corpus	default	vm	0	0	0	0	b'(?:a\\K){0,10}ab'
corpus	vm	vm	0	0	0	0	b'(?:a\\K){0,10}ab'
corpus	default	vm	0	0	0	0	b'(?:a\\K){0,10}b'
corpus	vm	vm	0	0	0	0	b'(?:a\\K){0,10}b'
corpus	default	vm	0	0	0	0	b'(?:a\\Kb){0,8}c'
corpus	vm	vm	0	0	0	0	b'(?:a\\Kb){0,8}c'
corpus	default	vm	0	0	0	0	b'(\\K)*'
corpus	vm	vm	0	0	0	0	b'(\\K)*'
corpus	default	dfa	0	0	0	0	b'(?m)$'
corpus	vm	vm	0	0	0	0	b'(?m)$'
corpus	default	dfa	0	0	0	0	b'^'
corpus	vm	vm	0	0	0	0	b'^'
corpus	default	dfa	0	0	0	0	b'(?m)^ERROR'
corpus	vm	vm	0	0	0	0	b'(?m)^ERROR'
corpus	default	dfa	0	0	0	0	b'(?m)ERROR$'
corpus	vm	vm	0	0	0	0	b'(?m)ERROR$'
corpus	default	dfa	0	0	0	0	b'(?m)^ERROR$'
corpus	vm	vm	0	0	0	0	b'(?m)^ERROR$'
corpus	default	dfa	0	0	0	0	b'^ERROR'
corpus	vm	vm	0	0	0	0	b'^ERROR'
corpus	default	dfa	0	0	0	0	b'ERROR$'
corpus	vm	vm	0	0	0	0	b'ERROR$'
corpus	default	dfa	0	0	0	0	b'(?m)^.'
corpus	vm	vm	0	0	0	0	b'(?m)^.'
corpus	default	dfa	0	0	0	0	b'(?m).$'
corpus	vm	vm	0	0	0	0	b'(?m).$'
corpus	default	dfa	0	0	0	0	b'(?m)^[^c]*'
corpus	vm	vm	0	0	0	0	b'(?m)^[^c]*'
corpus	default	dfa	0	0	0	0	b'(?m)[^c]*$'
corpus	vm	vm	0	0	0	0	b'(?m)[^c]*$'
corpus	default	dfa	0	0	0	0	b'(?m)[^c]+$'
corpus	vm	vm	0	0	0	0	b'(?m)[^c]+$'
corpus	default	dfa	0	0	0	0	b'(?m)a*$'
corpus	vm	vm	0	0	0	0	b'(?m)a*$'
corpus	default	dfa	0	0	0	0	b'(?m).*$'
corpus	vm	vm	0	0	0	0	b'(?m).*$'
corpus	default	dfa	0	0	0	0	b'(?m)\\w*$'
corpus	vm	vm	0	0	0	0	b'(?m)\\w*$'
corpus	default	dfa	0	0	0	0	b'(?m)[a-z]{0,4}$'
corpus	vm	vm	0	0	0	0	b'(?m)[a-z]{0,4}$'
corpus	default	dfa	0	0	0	0	b'(?m)^\\w+'
corpus	vm	vm	0	0	0	0	b'(?m)^\\w+'
corpus	default	dfa	0	0	0	0	b'(?m)[^c]{1,3}$'
corpus	vm	vm	0	0	0	0	b'(?m)[^c]{1,3}$'
corpus	default	dfa	0	0	0	0	b'(?m)[^c]{0,2}$'
corpus	vm	vm	0	0	0	0	b'(?m)[^c]{0,2}$'
corpus	default	dfa	0	0	0	0	b'(?m)[^c]{0,4}$'
corpus	vm	vm	0	0	0	0	b'(?m)[^c]{0,4}$'
corpus	default	dfa	0	0	0	0	b'(?m)[^c]?$'
corpus	vm	vm	0	0	0	0	b'(?m)[^c]?$'
corpus	default	dfa	0	0	0	0	b'(?m)a{0,4}$'
corpus	vm	vm	0	0	0	0	b'(?m)a{0,4}$'
corpus	default	dfa	0	0	0	0	b'(?m)z[^c]{0,2}$'
corpus	vm	vm	0	0	0	0	b'(?m)z[^c]{0,2}$'
corpus	default	dfa	0	0	0	0	b'(?m)(?:z|)[^c]{0,2}$'
corpus	vm	vm	0	0	0	0	b'(?m)(?:z|)[^c]{0,2}$'
corpus	default	vm	0	0	0	0	b'(?m)([^c]{1,3})$'
corpus	vm	vm	0	0	0	0	b'(?m)([^c]{1,3})$'
corpus	default	vm	0	0	0	0	b'(?m)([^c]{0,2})$'
corpus	vm	vm	0	0	0	0	b'(?m)([^c]{0,2})$'
corpus	default	vm	0	0	0	0	b'(?m)([^c]{0,4})$'
corpus	vm	vm	0	0	0	0	b'(?m)([^c]{0,4})$'
corpus	default	vm	0	0	0	0	b'(?m)([^c]?)$'
corpus	vm	vm	0	0	0	0	b'(?m)([^c]?)$'
corpus	default	vm	0	0	0	0	b'(?m)(a{0,4})$'
corpus	vm	vm	0	0	0	0	b'(?m)(a{0,4})$'
corpus	default	vm	0	0	0	0	b'(?m:([^c]{1,3})$)'
corpus	vm	vm	0	0	0	0	b'(?m:([^c]{1,3})$)'
corpus	default	vm	0	0	0	0	b'(?m)([^c]{1,3})$(?-m)'
corpus	vm	vm	0	0	0	0	b'(?m)([^c]{1,3})$(?-m)'
corpus	default	vm	0	0	0	0	b'([^c]{1,3})$'
corpus	vm	vm	0	0	0	0	b'([^c]{1,3})$'
corpus	default	vm	0	0	0	0	b'(a{0,4})$'
corpus	vm	vm	0	0	0	0	b'(a{0,4})$'
corpus	default	dfa	0	0	0	0	b'(?m:[^c]{1,3}$)'
corpus	vm	vm	0	0	0	0	b'(?m:[^c]{1,3}$)'
corpus	default	dfa	0	0	0	0	b'(?m:^a)'
corpus	vm	vm	0	0	0	0	b'(?m:^a)'
corpus	default	dfa	0	0	0	0	b'(?m:a$)'
corpus	vm	vm	0	0	0	0	b'(?m:a$)'
corpus	default	dfa	0	0	0	0	b'(?m:[^c]{0,2}$)'
corpus	vm	vm	0	0	0	0	b'(?m:[^c]{0,2}$)'
corpus	default	dfa	0	0	0	0	b'(?m:.*$)'
corpus	vm	vm	0	0	0	0	b'(?m:.*$)'
corpus	default	dfa	0	0	0	0	b'(?m)[^c]{1,3}$(?-m)'
corpus	vm	vm	0	0	0	0	b'(?m)[^c]{1,3}$(?-m)'
corpus	default	dfa	0	0	0	0	b'(?m)a$(?-m)'
corpus	vm	vm	0	0	0	0	b'(?m)a$(?-m)'
corpus	default	dfa	0	0	0	0	b'(?m)^a(?-m)'
corpus	vm	vm	0	0	0	0	b'(?m)^a(?-m)'
corpus	default	dfa	0	0	0	0	b'(?m)a{0,4}$(?-m)'
corpus	vm	vm	0	0	0	0	b'(?m)a{0,4}$(?-m)'
corpus	default	dfa	0	0	0	0	b'a(?m)$'
corpus	vm	vm	0	0	0	0	b'a(?m)$'
corpus	default	dfa	0	0	0	0	b'a(?m)^b'
corpus	vm	vm	0	0	0	0	b'a(?m)^b'
corpus	default	dfa	0	0	0	0	b'a(?m)^b|c'
corpus	vm	vm	0	0	0	0	b'a(?m)^b|c'
corpus	default	dfa	0	0	0	0	b'a$(?m)'
corpus	vm	vm	0	0	0	0	b'a$(?m)'
corpus	default	dfa	0	0	0	0	b'(?m)^a|b$'
corpus	vm	vm	0	0	0	0	b'(?m)^a|b$'
corpus	default	dfa	0	0	0	0	b'(?:(?m:a$)|b$)'
corpus	vm	vm	0	0	0	0	b'(?:(?m:a$)|b$)'
corpus	default	dfa	0	0	0	0	b'(?:(?m:^a)|^b)'
corpus	vm	vm	0	0	0	0	b'(?:(?m:^a)|^b)'
corpus	default	dfa	0	0	0	0	b'(?m:a$)|c$'
corpus	vm	vm	0	0	0	0	b'(?m:a$)|c$'
corpus	default	dfa	0	0	0	0	b'(?m)a$|(?-m:b$)'
corpus	vm	vm	0	0	0	0	b'(?m)a$|(?-m:b$)'
corpus	default	dfa	0	0	0	0	b'(?m)^a|b'
corpus	vm	vm	0	0	0	0	b'(?m)^a|b'
corpus	default	dfa	0	0	0	0	b'a|^b'
corpus	vm	vm	0	0	0	0	b'a|^b'
corpus	default	dfa	0	0	0	0	b'^a|b'
corpus	vm	vm	0	0	0	0	b'^a|b'
corpus	default	dfa	0	0	0	0	b'(?m)^ERROR|WARN'
corpus	vm	vm	0	0	0	0	b'(?m)^ERROR|WARN'
corpus	default	dfa	0	0	0	0	b'(?m)^a|(?m)b'
corpus	vm	vm	0	0	0	0	b'(?m)^a|(?m)b'
corpus	default	dfa	0	0	0	0	b'(?:^|\\b)foo'
corpus	vm	vm	0	0	0	0	b'(?:^|\\b)foo'
corpus	default	dfa	0	0	0	0	b'(?m)a\\z'
corpus	vm	vm	0	0	0	0	b'(?m)a\\z'
corpus	default	dfa	0	0	0	0	b'(?m)\\A'
corpus	vm	vm	0	0	0	0	b'(?m)\\A'
corpus	default	dfa	0	0	0	0	b'(?m)\\Z'
corpus	vm	vm	0	0	0	0	b'(?m)\\Z'
corpus	default	dfa	0	0	0	0	b'(?m)\\z'
corpus	vm	vm	0	0	0	0	b'(?m)\\z'
corpus	default	dfa	0	0	0	0	b'(?m:a\\Z)'
corpus	vm	vm	0	0	0	0	b'(?m:a\\Z)'
corpus	default	dfa	0	0	0	0	b'(?m:\\Aa)'
corpus	vm	vm	0	0	0	0	b'(?m:\\Aa)'
corpus	default	dfa	0	0	0	0	b'(?m)^\\bx*'
corpus	vm	vm	0	0	0	0	b'(?m)^\\bx*'
corpus	default	dfa	0	0	0	0	b'(?m)\\bx*$'
corpus	vm	vm	0	0	0	0	b'(?m)\\bx*$'
corpus	default	dfa	0	0	0	0	b'(?m)^\\w+\\b$'
corpus	vm	vm	0	0	0	0	b'(?m)^\\w+\\b$'
corpus	default	dfa	0	0	0	0	b'(?m)\\Bfoo'
corpus	vm	vm	0	0	0	0	b'(?m)\\Bfoo'
corpus	default	dfa	0	0	0	0	b'(?m)x*$'
corpus	vm	vm	0	0	0	0	b'(?m)x*$'
corpus	default	dfa	0	0	0	0	b'\\bx*'
corpus	vm	vm	0	0	0	0	b'\\bx*'
corpus	default	dfa	0	0	0	0	b'(?-m)^a'
corpus	vm	vm	0	0	0	0	b'(?-m)^a'
corpus	default	dfa	0	0	0	0	b'(?-m)a$'
corpus	vm	vm	0	0	0	0	b'(?-m)a$'
corpus	default	dfa	0	0	0	0	b'(?-m:a$)'
corpus	vm	vm	0	0	0	0	b'(?-m:a$)'
corpus	default	dfa	0	0	0	0	b'\\bfoo'
corpus	vm	vm	0	0	0	0	b'\\bfoo'
corpus	default	dfa	0	0	0	0	b'\\Bfoo'
corpus	vm	vm	0	0	0	0	b'\\Bfoo'
corpus	default	dfa	0	0	0	0	b'foo\\b'
corpus	vm	vm	0	0	0	0	b'foo\\b'
corpus	default	dfa	0	0	0	0	b'foo\\B'
corpus	vm	vm	0	0	0	0	b'foo\\B'
corpus	default	dfa	0	0	0	0	b'\\bfoo\\b'
corpus	vm	vm	0	0	0	0	b'\\bfoo\\b'
corpus	default	dfa	0	0	0	0	b'\\Bfoo\\B'
corpus	vm	vm	0	0	0	0	b'\\Bfoo\\B'
corpus	default	dfa	0	0	0	0	b'\\bfoo\\B'
corpus	vm	vm	0	0	0	0	b'\\bfoo\\B'
corpus	default	dfa	0	0	0	0	b'\\Bfoo\\b'
corpus	vm	vm	0	0	0	0	b'\\Bfoo\\b'
corpus	default	dfa	0	0	0	0	b'\\B\\w+\\B'
corpus	vm	vm	0	0	0	0	b'\\B\\w+\\B'
corpus	default	dfa	0	0	0	0	b'\\b\\w\\b'
corpus	vm	vm	0	0	0	0	b'\\b\\w\\b'
corpus	default	dfa	0	0	0	0	b'\\b.\\b'
corpus	vm	vm	0	0	0	0	b'\\b.\\b'
corpus	default	dfa	0	0	0	0	b'\\B.\\B'
corpus	vm	vm	0	0	0	0	b'\\B.\\B'
corpus	default	dfa	0	0	0	0	b'a\\bb'
corpus	vm	vm	0	0	0	0	b'a\\bb'
corpus	default	dfa	0	0	0	0	b'a\\Bb'
corpus	vm	vm	0	0	0	0	b'a\\Bb'
corpus	default	dfa	0	0	0	0	b'\\d\\b\\w'
corpus	vm	vm	0	0	0	0	b'\\d\\b\\w'
corpus	default	dfa	0	0	0	0	b'\\w\\B\\w'
corpus	vm	vm	0	0	0	0	b'\\w\\B\\w'
corpus	default	dfa	0	0	0	0	b'\\b\\b'
corpus	vm	vm	0	0	0	0	b'\\b\\b'
corpus	default	dfa	0	0	0	0	b'\\b\\B'
corpus	vm	vm	0	0	0	0	b'\\b\\B'
corpus	default	dfa	0	0	0	0	b'\\B\\b'
corpus	vm	vm	0	0	0	0	b'\\B\\b'
corpus	default	dfa	0	0	0	0	b'\\B\\B'
corpus	vm	vm	0	0	0	0	b'\\B\\B'
corpus	default	dfa	0	0	0	0	b'\\Bx*'
corpus	vm	vm	0	0	0	0	b'\\Bx*'
corpus	default	dfa	0	0	0	0	b'\\b\\w*'
corpus	vm	vm	0	0	0	0	b'\\b\\w*'
corpus	default	dfa	0	0	0	0	b'\\bx?'
corpus	vm	vm	0	0	0	0	b'\\bx?'
corpus	default	dfa	0	0	0	0	b'foo\\b\\z'
corpus	vm	vm	0	0	0	0	b'foo\\b\\z'
corpus	default	dfa	0	0	0	0	b'\\bfoo\\Z'
corpus	vm	vm	0	0	0	0	b'\\bfoo\\Z'
corpus	default	dfa	0	0	0	0	b'\\w+\\b$'
corpus	vm	vm	0	0	0	0	b'\\w+\\b$'
corpus	default	dfa	0	0	0	0	b'\\b\\w+\\z'
corpus	vm	vm	0	0	0	0	b'\\b\\w+\\z'
corpus	default	dfa	0	0	0	0	b'\\Bo\\Z'
corpus	vm	vm	0	0	0	0	b'\\Bo\\Z'
corpus	default	dfa	0	0	0	0	b'\\b\\w+\\b$'
corpus	vm	vm	0	0	0	0	b'\\b\\w+\\b$'
corpus	default	dfa	0	0	0	0	b'\\Aa\\b'
corpus	vm	vm	0	0	0	0	b'\\Aa\\b'
corpus	default	dfa	0	0	0	0	b'\\b\\w+\\b\\z'
corpus	vm	vm	0	0	0	0	b'\\b\\w+\\b\\z'
corpus	default	dfa	0	0	0	0	b'^\\Bfoo'
corpus	vm	vm	0	0	0	0	b'^\\Bfoo'
corpus	default	dfa	0	0	0	0	b'^\\Bo'
corpus	vm	vm	0	0	0	0	b'^\\Bo'
corpus	default	dfa	0	0	0	0	b'^a\\bb'
corpus	vm	vm	0	0	0	0	b'^a\\bb'
corpus	default	dfa	0	0	0	0	b'^\\bfoo'
corpus	vm	vm	0	0	0	0	b'^\\bfoo'
corpus	default	dfa	0	0	0	0	b'^x\\Bfoo'
corpus	vm	vm	0	0	0	0	b'^x\\Bfoo'
corpus	default	dfa	0	0	0	0	b'^\\w+\\b'
corpus	vm	vm	0	0	0	0	b'^\\w+\\b'
corpus	default	dfa	0	0	0	0	b'^\\b\\w+\\b'
corpus	vm	vm	0	0	0	0	b'^\\b\\w+\\b'
corpus	default	dfa	0	0	0	0	b'^f\\Bo'
corpus	vm	vm	0	0	0	0	b'^f\\Bo'
corpus	default	dfa	0	0	0	0	b'^a\\b.'
corpus	vm	vm	0	0	0	0	b'^a\\b.'
corpus	default	dfa	0	0	0	0	b'^\\b'
corpus	vm	vm	0	0	0	0	b'^\\b'
corpus	default	dfa	0	0	0	0	b'^\\B'
corpus	vm	vm	0	0	0	0	b'^\\B'
corpus	default	dfa	0	0	0	0	b'^\\w+\\B'
corpus	vm	vm	0	0	0	0	b'^\\w+\\B'
corpus	default	dfa	0	0	0	0	b'^.\\b.'
corpus	vm	vm	0	0	0	0	b'^.\\b.'
corpus	default	dfa	0	0	0	0	b'^\\Bfoo|^x'
corpus	vm	vm	0	0	0	0	b'^\\Bfoo|^x'
corpus	default	dfa	0	0	0	0	b'^a\\bb|^z'
corpus	vm	vm	0	0	0	0	b'^a\\bb|^z'
corpus	default	vm	0	0	0	0	b'(\\bfoo)'
corpus	vm	vm	0	0	0	0	b'(\\bfoo)'
corpus	default	vm	0	0	0	0	b'(\\Bfoo)'
corpus	vm	vm	0	0	0	0	b'(\\Bfoo)'
corpus	default	vm	0	0	0	0	b'(foo\\b)'
corpus	vm	vm	0	0	0	0	b'(foo\\b)'
corpus	default	vm	0	0	0	0	b'(foo\\B)'
corpus	vm	vm	0	0	0	0	b'(foo\\B)'
corpus	default	vm	0	0	0	0	b'(\\b\\w+\\b)'
corpus	vm	vm	0	0	0	0	b'(\\b\\w+\\b)'
corpus	default	vm	0	0	0	0	b'(\\b)x'
corpus	vm	vm	0	0	0	0	b'(\\b)x'
corpus	default	vm	0	0	0	0	b'x(\\B)y'
corpus	vm	vm	0	0	0	0	b'x(\\B)y'
corpus	default	vm	0	0	0	0	b'(\\bfoo\\b)'
corpus	vm	vm	0	0	0	0	b'(\\bfoo\\b)'
corpus	default	vm	0	0	0	0	b'(a)\\b(b)'
corpus	vm	vm	0	0	0	0	b'(a)\\b(b)'
corpus	default	vm	0	0	0	0	b'(\\B\\w+)'
corpus	vm	vm	0	0	0	0	b'(\\B\\w+)'
corpus	default	vm	0	0	0	0	b'(^\\bfoo)'
corpus	vm	vm	0	0	0	0	b'(^\\bfoo)'
corpus	default	vm	0	0	0	0	b'(\\bfoo)$'
corpus	vm	vm	0	0	0	0	b'(\\bfoo)$'
corpus	default	vm	0	0	0	0	b'(?>a\\Kb)c'
corpus	vm	vm	0	0	0	0	b'(?>a\\Kb)c'
corpus	default	vm	0	0	0	0	b'(?>a|a\\Kb)b'
corpus	vm	vm	0	0	0	0	b'(?>a|a\\Kb)b'
corpus	default	vm	0	0	0	0	b'a\\K(?>b|bc)c'
corpus	vm	vm	0	0	0	0	b'a\\K(?>b|bc)c'
corpus	default	vm	0	0	0	0	b'(?>\\Ga|b)c'
corpus	vm	vm	0	0	0	0	b'(?>\\Ga|b)c'
corpus	default	vm	0	0	0	0	b'\\G(?>a|ab)c'
corpus	vm	vm	0	0	0	0	b'\\G(?>a|ab)c'
corpus	default	vm	0	0	0	0	b'(?>a\\b)c'
corpus	vm	vm	0	0	0	0	b'(?>a\\b)c'
corpus	default	vm	0	0	0	0	b'(?>a|ab)\\bc'
corpus	vm	vm	0	0	0	0	b'(?>a|ab)\\bc'
corpus	default	vm	0	0	0	0	b'(?>a\\Z|ab)'
corpus	vm	vm	0	0	0	0	b'(?>a\\Z|ab)'
corpus	default	vm	0	0	0	0	b'(?m)(?>a$|ab)'
corpus	vm	vm	0	0	0	0	b'(?m)(?>a$|ab)'
corpus	default	vm	0	0	0	0	b'(?m)(?>^a|b)c'
corpus	vm	vm	0	0	0	0	b'(?m)(?>^a|b)c'
corpus	default	vm	0	0	0	0	b'(?>a\\z|ab)'
corpus	vm	vm	0	0	0	0	b'(?>a\\z|ab)'
corpus	default	vm	0	0	0	0	b'(?>a|ab)c'
corpus	vm	vm	0	0	0	0	b'(?>a|ab)c'
corpus	default	vm	0	0	0	0	b'(?>ab|a)b'
corpus	vm	vm	0	0	0	0	b'(?>ab|a)b'
corpus	default	vm	0	0	0	0	b'(?>a|ab)b'
corpus	vm	vm	0	0	0	0	b'(?>a|ab)b'
corpus	default	vm	0	0	0	0	b'(?>a|ab)bc'
corpus	vm	vm	0	0	0	0	b'(?>a|ab)bc'
corpus	default	vm	0	0	0	0	b'(?>(?>a|ab)c|abd)'
corpus	vm	vm	0	0	0	0	b'(?>(?>a|ab)c|abd)'
corpus	default	vm	0	0	0	0	b'(?>a(?>b|bc))c'
corpus	vm	vm	0	0	0	0	b'(?>a(?>b|bc))c'
corpus	default	vm	0	0	0	0	b'(?>a|b)(?>c|d)'
corpus	vm	vm	0	0	0	0	b'(?>a|b)(?>c|d)'
corpus	default	vm	0	0	0	0	b'(?>)'
corpus	vm	vm	0	0	0	0	b'(?>)'
corpus	default	vm	0	0	0	0	b'(?>)a'
corpus	vm	vm	0	0	0	0	b'(?>)a'
corpus	default	vm	0	0	0	0	b'(?>)*a'
corpus	vm	vm	0	0	0	0	b'(?>)*a'
corpus	default	vm	0	0	0	0	b'x(?>a|ab)c'
corpus	vm	vm	0	0	0	0	b'x(?>a|ab)c'
corpus	default	vm	0	0	0	0	b'(?>a|ab)c|abcd'
corpus	vm	vm	0	0	0	0	b'(?>a|ab)c|abcd'
corpus	default	vm	0	0	0	0	b'(?>ab|a)b|abcd'
corpus	vm	vm	0	0	0	0	b'(?>ab|a)b|abcd'
corpus	default	vm	0	0	0	0	b'(?>(a)|ab)'
corpus	vm	vm	0	0	0	0	b'(?>(a)|ab)'
corpus	default	vm	0	0	0	0	b'(?>(a)x|ab)'
corpus	vm	vm	0	0	0	0	b'(?>(a)x|ab)'
corpus	default	vm	0	0	0	0	b'(?>(a)x|ab)y'
corpus	vm	vm	0	0	0	0	b'(?>(a)x|ab)y'
corpus	default	vm	0	0	0	0	b'((?>(a)|ab))c|(abc)'
corpus	vm	vm	0	0	0	0	b'((?>(a)|ab))c|(abc)'
corpus	default	vm	0	0	0	0	b'(a)*+'
corpus	vm	vm	0	0	0	0	b'(a)*+'
corpus	default	vm	0	0	0	0	b'(a|b)*+c'
corpus	vm	vm	0	0	0	0	b'(a|b)*+c'
corpus	default	vm	0	0	0	0	b'(?>(a))*b'
corpus	vm	vm	0	0	0	0	b'(?>(a))*b'
corpus	default	vm	3	4	2	3	b'(?i)(?>a|ab)c'
corpus	vm	vm	3	4	2	3	b'(?i)(?>a|ab)c'
corpus	default	vm	1	2	2	1	b'(?i)a*+A'
corpus	vm	vm	1	2	2	1	b'(?i)a*+A'
corpus	default	vm	2	4	2	2	b'(?i)(?>ab|a)b'
corpus	vm	vm	2	4	2	2	b'(?i)(?>ab|a)b'
corpus	default	vm	2	3	2	2	b'(?>(?i)a|ab)c'
corpus	vm	vm	2	3	2	2	b'(?>(?i)a|ab)c'
corpus	default	vm	0	0	0	0	b'x*(?>a|ab)c|abcd'
corpus	vm	vm	0	0	0	0	b'x*(?>a|ab)c|abcd'
corpus	default	vm	0	0	0	0	b'a*(?>b|bc)d|abcde'
corpus	vm	vm	0	0	0	0	b'a*(?>b|bc)d|abcde'
corpus	default	vm	0	0	0	0	b'(?>a|ab)c+|abcd'
corpus	vm	vm	0	0	0	0	b'(?>a|ab)c+|abcd'
corpus	default	vm	0	0	0	0	b'(?>a|ab)[cd]{1,2}|abcd'
corpus	vm	vm	0	0	0	0	b'(?>a|ab)[cd]{1,2}|abcd'
corpus	default	vm	0	0	0	0	b'(?>a|b)*c'
corpus	vm	vm	0	0	0	0	b'(?>a|b)*c'
corpus	default	vm	0	0	0	0	b'(?>a|ab)*c'
corpus	vm	vm	0	0	0	0	b'(?>a|ab)*c'
corpus	default	vm	0	0	0	0	b'(?>ab)+c'
corpus	vm	vm	0	0	0	0	b'(?>ab)+c'
corpus	default	vm	0	0	0	0	b'(?>a)*'
corpus	vm	vm	0	0	0	0	b'(?>a)*'
corpus	default	vm	0	0	0	0	b'(?>a|ab)+d'
corpus	vm	vm	0	0	0	0	b'(?>a|ab)+d'
corpus	default	vm	0	0	0	0	b'(?>a*)*b'
corpus	vm	vm	0	0	0	0	b'(?>a*)*b'
corpus	default	vm	0	0	0	0	b'(?>a?)*b'
corpus	vm	vm	0	0	0	0	b'(?>a?)*b'
corpus	default	vm	0	0	0	0	b'(?>a*)*'
corpus	vm	vm	0	0	0	0	b'(?>a*)*'
corpus	default	vm	0	0	0	0	b'(?>(?:a*)*)b'
corpus	vm	vm	0	0	0	0	b'(?>(?:a*)*)b'
corpus	default	vm	0	0	0	0	b'(?>(?:|a)*)b'
corpus	vm	vm	0	0	0	0	b'(?>(?:|a)*)b'
corpus	default	vm	0	0	0	0	b'(?>a*?)b'
corpus	vm	vm	0	0	0	0	b'(?>a*?)b'
corpus	default	vm	0	0	0	0	b'(?>a*?)a'
corpus	vm	vm	0	0	0	0	b'(?>a*?)a'
corpus	default	vm	0	0	0	0	b'(?>a+?)b'
corpus	vm	vm	0	0	0	0	b'(?>a+?)b'
corpus	default	vm	0	0	0	0	b'(?>a{1,3}?)b'
corpus	vm	vm	0	0	0	0	b'(?>a{1,3}?)b'
corpus	default	vm	0	0	0	0	b'(?>[ab]*?)b'
corpus	vm	vm	0	0	0	0	b'(?>[ab]*?)b'
corpus	default	vm	0	0	0	0	b'(?>a*?)'
corpus	vm	vm	0	0	0	0	b'(?>a*?)'
corpus	default	vm	0	0	0	0	b'(?>(?:a|bc)*?)d'
corpus	vm	vm	0	0	0	0	b'(?>(?:a|bc)*?)d'
corpus	default	vm	0	0	0	0	b'(?>a*?b)c'
corpus	vm	vm	0	0	0	0	b'(?>a*?b)c'
corpus	default	vm	0	0	0	0	b'(?>a*)a'
corpus	vm	vm	0	0	0	0	b'(?>a*)a'
corpus	default	vm	0	0	0	0	b'(?>a*+)a'
corpus	vm	vm	0	0	0	0	b'(?>a*+)a'
corpus	default	dfa	0	0	0	0	b'(?>a*)b'
corpus	vm	vm	0	0	0	0	b'(?>a*)b'
corpus	default	vm	0	0	0	0	b'(?>(?:a|ab){2})'
corpus	vm	vm	0	0	0	0	b'(?>(?:a|ab){2})'
corpus	default	vm	0	0	0	0	b'(?>(?:a|ab){2,3})'
corpus	vm	vm	0	0	0	0	b'(?>(?:a|ab){2,3})'
corpus	default	vm	0	0	0	0	b'(?>ab)'
corpus	vm	vm	0	0	0	0	b'(?>ab)'
corpus	default	vm	0	0	0	0	b'(?>ab)c'
corpus	vm	vm	0	0	0	0	b'(?>ab)c'
corpus	default	vm	0	0	0	0	b'(?>a|ab)'
corpus	vm	vm	0	0	0	0	b'(?>a|ab)'
corpus	default	vm	0	0	0	0	b'(?>ab|a)c'
corpus	vm	vm	0	0	0	0	b'(?>ab|a)c'
corpus	default	dfa	0	0	0	0	b'(?>a+)b'
corpus	vm	vm	0	0	0	0	b'(?>a+)b'
corpus	default	vm	0	0	0	0	b'(?>a+)a'
corpus	vm	vm	0	0	0	0	b'(?>a+)a'
corpus	default	vm	0	0	0	0	b'(?>(?>a+)b)'
corpus	vm	vm	0	0	0	0	b'(?>(?>a+)b)'
corpus	default	vm	0	0	0	0	b'(?>a+?)'
corpus	vm	vm	0	0	0	0	b'(?>a+?)'
corpus	default	vm	0	0	0	0	b'(?>cat|category)'
corpus	vm	vm	0	0	0	0	b'(?>cat|category)'
corpus	default	vm	0	0	0	0	b'(?>category|cat)'
corpus	vm	vm	0	0	0	0	b'(?>category|cat)'
corpus	default	vm	0	0	0	0	b'(?:(?>a|ab))+c'
corpus	vm	vm	0	0	0	0	b'(?:(?>a|ab))+c'
corpus	default	vm	0	0	0	0	b'(?>a|aa)+b'
corpus	vm	vm	0	0	0	0	b'(?>a|aa)+b'
corpus	default	vm	0	0	0	0	b'(?>a?)+b'
corpus	vm	vm	0	0	0	0	b'(?>a?)+b'
corpus	default	vm	0	0	0	0	b'(?:(?>ab|a))+c'
corpus	vm	vm	0	0	0	0	b'(?:(?>ab|a))+c'
corpus	default	vm	0	0	0	0	b'(?:(?>aa|a))+ab'
corpus	vm	vm	0	0	0	0	b'(?:(?>aa|a))+ab'
corpus	default	vm	0	0	0	0	b'(?:aa|a)++ab'
corpus	vm	vm	0	0	0	0	b'(?:aa|a)++ab'
corpus	default	vm	0	0	0	0	b'(?>(a)(b))'
corpus	vm	vm	0	0	0	0	b'(?>(a)(b))'
corpus	default	vm	0	0	0	0	b'(?:(?>(a)(a)?)bb|(a)(a)?cc)'
corpus	vm	vm	0	0	0	0	b'(?:(?>(a)(a)?)bb|(a)(a)?cc)'
corpus	default	vm	0	0	0	0	b'(?:(?>(a)|(b)))*'
corpus	vm	vm	0	0	0	0	b'(?:(?>(a)|(b)))*'
corpus	default	vm	0	0	0	0	b'(a)++'
corpus	vm	vm	0	0	0	0	b'(a)++'
corpus	default	vm	0	0	0	0	b'(a?)*+'
corpus	vm	vm	0	0	0	0	b'(a?)*+'
corpus	default	vm	0	0	0	0	b'(?>(?>(a))(b))'
corpus	vm	vm	0	0	0	0	b'(?>(?>(a))(b))'
corpus	default	vm	0	0	0	0	b'((?>a+))+'
corpus	vm	vm	0	0	0	0	b'((?>a+))+'
corpus	default	vm	0	0	0	0	b'(?>(a*))*b'
corpus	vm	vm	0	0	0	0	b'(?>(a*))*b'
corpus	default	dfa	0	0	0	0	b'(?>a?)'
corpus	vm	vm	0	0	0	0	b'(?>a?)'
corpus	default	dfa	0	0	0	0	b'(?:ab)?+'
corpus	vm	vm	0	0	0	0	b'(?:ab)?+'
corpus	default	dfa	0	0	0	0	b'a{1,2}+'
corpus	vm	vm	0	0	0	0	b'a{1,2}+'
corpus	default	dfa	0	0	0	0	b'a++'
corpus	vm	vm	0	0	0	0	b'a++'
corpus	default	dfa	0	0	0	0	b'a*+'
corpus	vm	vm	0	0	0	0	b'a*+'
corpus	default	dfa	0	0	0	0	b'a?+'
corpus	vm	vm	0	0	0	0	b'a?+'
corpus	default	dfa	0	0	0	0	b'a{2,3}+'
corpus	vm	vm	0	0	0	0	b'a{2,3}+'
corpus	default	dfa	0	0	0	0	b'a{,3}+'
corpus	vm	vm	0	0	0	0	b'a{,3}+'
corpus	default	dfa	0	0	0	0	b'a{2,}+'
corpus	vm	vm	0	0	0	0	b'a{2,}+'
corpus	default	vm	0	0	0	0	b'(?>a\\Kb|ab)c'
corpus	vm	vm	0	0	0	0	b'(?>a\\Kb|ab)c'
corpus	default	vm	0	0	0	0	b'(?>a+\\K)b'
corpus	vm	vm	0	0	0	0	b'(?>a+\\K)b'
corpus	default	vm	3	3	1	3	b'(?i)(?>abc)'
corpus	vm	vm	3	3	1	3	b'(?i)(?>abc)'
corpus	default	vm	0	0	0	0	b'(?m)^(?>a+)$'
corpus	vm	vm	0	0	0	0	b'(?m)^(?>a+)$'
corpus	default	dfa	0	0	0	0	b'a*+b'
corpus	vm	vm	0	0	0	0	b'a*+b'
corpus	default	vm	0	0	0	0	b'a*+a'
corpus	vm	vm	0	0	0	0	b'a*+a'
corpus	default	vm	0	0	0	0	b'a?+a'
corpus	vm	vm	0	0	0	0	b'a?+a'
corpus	default	dfa	0	0	0	0	b'a?a'
corpus	vm	vm	0	0	0	0	b'a?a'
corpus	default	dfa	0	0	0	0	b'[ab]*+c'
corpus	vm	vm	0	0	0	0	b'[ab]*+c'
corpus	default	vm	0	0	0	0	b'[ab]*+a'
corpus	vm	vm	0	0	0	0	b'[ab]*+a'
corpus	default	dfa	0	0	0	0	b'a{3}+'
corpus	vm	vm	0	0	0	0	b'a{3}+'
corpus	default	dfa	0	0	0	0	b'a{3}+a'
corpus	vm	vm	0	0	0	0	b'a{3}+a'
corpus	default	dfa	0	0	0	0	b'a{2,4}+b'
corpus	vm	vm	0	0	0	0	b'a{2,4}+b'
corpus	default	vm	0	0	0	0	b'a{2,4}+a'
corpus	vm	vm	0	0	0	0	b'a{2,4}+a'
corpus	default	dfa	0	0	0	0	b'a{2,4}a'
corpus	vm	vm	0	0	0	0	b'a{2,4}a'
corpus	default	dfa	0	0	0	0	b'a{2,}+b'
corpus	vm	vm	0	0	0	0	b'a{2,}+b'
corpus	default	vm	0	0	0	0	b'a{2,}+a'
corpus	vm	vm	0	0	0	0	b'a{2,}+a'
corpus	default	dfa	0	0	0	0	b'a{,3}+b'
corpus	vm	vm	0	0	0	0	b'a{,3}+b'
corpus	default	vm	0	0	0	0	b'a{,3}+a'
corpus	vm	vm	0	0	0	0	b'a{,3}+a'
corpus	default	dfa	0	0	0	0	b'(?:ab)*+c'
corpus	vm	vm	0	0	0	0	b'(?:ab)*+c'
corpus	default	dfa	0	0	0	0	b'(?:ab)*+'
corpus	vm	vm	0	0	0	0	b'(?:ab)*+'
corpus	default	vm	0	0	0	0	b'(?:a|ab)*+'
corpus	vm	vm	0	0	0	0	b'(?:a|ab)*+'
corpus	default	vm	0	0	0	0	b'(?:a|ab)++'
corpus	vm	vm	0	0	0	0	b'(?:a|ab)++'
corpus	default	dfa	0	0	0	0	b'(?>a+)'
corpus	vm	vm	0	0	0	0	b'(?>a+)'
corpus	default	dfa	0	0	0	0	b'a{2,4}+'
corpus	vm	vm	0	0	0	0	b'a{2,4}+'
corpus	default	dfa	0	0	0	0	b'(?>a{2,4})'
corpus	vm	vm	0	0	0	0	b'(?>a{2,4})'
corpus	default	dfa	0	0	0	0	b'[ab]*+'
corpus	vm	vm	0	0	0	0	b'[ab]*+'
corpus	default	dfa	0	0	0	0	b'(?>[ab]*)'
corpus	vm	vm	0	0	0	0	b'(?>[ab]*)'
corpus	default	vm	0	0	0	0	b'[^b]*+c'
corpus	vm	vm	0	0	0	0	b'[^b]*+c'
corpus	default	dfa	0	0	0	0	b'[^b]*+b'
corpus	vm	vm	0	0	0	0	b'[^b]*+b'
corpus	default	dfa	0	0	0	0	b'\\d++'
corpus	vm	vm	0	0	0	0	b'\\d++'
corpus	default	vm	0	0	0	0	b'\\d*+\\d'
corpus	vm	vm	0	0	0	0	b'\\d*+\\d'
corpus	default	vm	0	0	0	0	b'(?:[a-c]|abc)*+'
corpus	vm	vm	0	0	0	0	b'(?:[a-c]|abc)*+'
corpus	default	dfa	0	0	0	0	b'[^"]*+"'
corpus	vm	vm	0	0	0	0	b'[^"]*+"'
corpus	default	dfa	0	0	0	0	b'a++c'
corpus	vm	vm	0	0	0	0	b'a++c'
corpus	default	vm	0	0	0	0	b'a++a'
corpus	vm	vm	0	0	0	0	b'a++a'
corpus	default	dfa	0	0	0	0	b'a?+b'
corpus	vm	vm	0	0	0	0	b'a?+b'
corpus	default	dfa	0	0	0	0	b'a{2}+a'
corpus	vm	vm	0	0	0	0	b'a{2}+a'
corpus	default	dfa	0	0	0	0	b'a{,2}+b'
corpus	vm	vm	0	0	0	0	b'a{,2}+b'
corpus	default	vm	0	0	0	0	b'a{1,2}+a'
corpus	vm	vm	0	0	0	0	b'a{1,2}+a'
corpus	default	dfa	0	0	0	0	b'a{2,3}+b'
corpus	vm	vm	0	0	0	0	b'a{2,3}+b'
corpus	default	vm	0	0	0	0	b'(?:a|ab)*+c'
corpus	vm	vm	0	0	0	0	b'(?:a|ab)*+c'
corpus	default	vm	0	0	0	0	b'(?:a|ab)++c'
corpus	vm	vm	0	0	0	0	b'(?:a|ab)++c'
corpus	default	vm	0	0	0	0	b'(?:a|ab)?+c'
corpus	vm	vm	0	0	0	0	b'(?:a|ab)?+c'
corpus	default	dfa	0	0	0	0	b'(?>a+)c'
corpus	vm	vm	0	0	0	0	b'(?>a+)c'
corpus	default	dfa	0	0	0	0	b'(?>a?)b'
corpus	vm	vm	0	0	0	0	b'(?>a?)b'
corpus	default	vm	0	0	0	0	b'(?>a{1,2})a'
corpus	vm	vm	0	0	0	0	b'(?>a{1,2})a'
corpus	default	vm	0	0	0	0	b'(?:a*)*+b'
corpus	vm	vm	0	0	0	0	b'(?:a*)*+b'
corpus	default	vm	0	0	0	0	b'(?:a?)*+b'
corpus	vm	vm	0	0	0	0	b'(?:a?)*+b'
corpus	default	vm	0	0	0	0	b'(?:|a)*+b'
corpus	vm	vm	0	0	0	0	b'(?:|a)*+b'
corpus	default	vm	0	0	0	0	b'(?:a*)++b'
corpus	vm	vm	0	0	0	0	b'(?:a*)++b'
corpus	default	vm	0	0	0	0	b'(?:a|ab){2}+'
corpus	vm	vm	0	0	0	0	b'(?:a|ab){2}+'
corpus	default	vm	0	0	0	0	b'(?:a|ab){2,3}+'
corpus	vm	vm	0	0	0	0	b'(?:a|ab){2,3}+'
corpus	default	vm	0	0	0	0	b'(?:a|ab){2,}+'
corpus	vm	vm	0	0	0	0	b'(?:a|ab){2,}+'
corpus	default	vm	0	0	0	0	b'(?:a|ab){2}+c'
corpus	vm	vm	0	0	0	0	b'(?:a|ab){2}+c'
corpus	default	vm	0	0	0	0	b'(?:a|ab){3}+'
corpus	vm	vm	0	0	0	0	b'(?:a|ab){3}+'
corpus	default	dfa	0	0	0	0	b'a?b{0,4}+a'
corpus	vm	vm	0	0	0	0	b'a?b{0,4}+a'
corpus	default	dfa	0	0	0	0	b'a?(?:b)*+a'
corpus	vm	vm	0	0	0	0	b'a?(?:b)*+a'
corpus	default	dfa	0	0	0	0	b'x?(?:b){0,4}+a'
corpus	vm	vm	0	0	0	0	b'x?(?:b){0,4}+a'
corpus	default	dfa	0	0	0	0	b'a?(?:b){0,4}+a'
corpus	vm	vm	0	0	0	0	b'a?(?:b){0,4}+a'
corpus	default	vm	0	0	0	0	b'(a?)(?>(b){0,4})a'
corpus	vm	vm	0	0	0	0	b'(a?)(?>(b){0,4})a'
corpus	default	vm	0	0	0	0	b'(?:aa|a)++b'
corpus	vm	vm	0	0	0	0	b'(?:aa|a)++b'
corpus	default	vm	0	0	0	0	b'(?:aa|a)*+ab'
corpus	vm	vm	0	0	0	0	b'(?:aa|a)*+ab'
corpus	default	vm	0	0	0	0	b'(?:aa|a)*+b'
corpus	vm	vm	0	0	0	0	b'(?:aa|a)*+b'
corpus	default	vm	0	0	0	0	b'(?:a|aa)++ab'
corpus	vm	vm	0	0	0	0	b'(?:a|aa)++ab'
corpus	default	vm	0	0	0	0	b'(?:a|aa)++b'
corpus	vm	vm	0	0	0	0	b'(?:a|aa)++b'
corpus	default	vm	0	0	0	0	b'(?>(?:aa|a)+)ab'
corpus	vm	vm	0	0	0	0	b'(?>(?:aa|a)+)ab'
corpus	default	vm	0	0	0	0	b'(?>(?:aa|a)+)b'
corpus	vm	vm	0	0	0	0	b'(?>(?:aa|a)+)b'
corpus	default	vm	0	0	0	0	b'(?:aa|a){1,3}+ab'
corpus	vm	vm	0	0	0	0	b'(?:aa|a){1,3}+ab'
corpus	default	vm	0	0	0	0	b'(?:aa|a){1,3}+b'
corpus	vm	vm	0	0	0	0	b'(?:aa|a){1,3}+b'
corpus	default	vm	0	0	0	0	b'(?:aa|a){8,12}+ab'
corpus	vm	vm	0	0	0	0	b'(?:aa|a){8,12}+ab'
corpus	default	vm	0	0	0	0	b'(?:aa|a){8,12}+b'
corpus	vm	vm	0	0	0	0	b'(?:aa|a){8,12}+b'
corpus	default	vm	0	0	0	0	b'(?:a|bc)*+ab'
corpus	vm	vm	0	0	0	0	b'(?:a|bc)*+ab'
corpus	default	vm	0	0	0	0	b'(?:a|bc)*+b'
corpus	vm	vm	0	0	0	0	b'(?:a|bc)*+b'
corpus	default	vm	0	0	0	0	b'a++ab'
corpus	vm	vm	0	0	0	0	b'a++ab'
corpus	default	dfa	0	0	0	0	b'a++b'
corpus	vm	vm	0	0	0	0	b'a++b'
corpus	default	vm	0	0	0	0	b'(?>a(?:aa|a)+)ab'
corpus	vm	vm	0	0	0	0	b'(?>a(?:aa|a)+)ab'
corpus	default	vm	0	0	0	0	b'(?>a(?:aa|a)+)b'
corpus	vm	vm	0	0	0	0	b'(?>a(?:aa|a)+)b'
corpus	default	vm	0	0	0	0	b'(?>(?:aa|a)+a)ab'
corpus	vm	vm	0	0	0	0	b'(?>(?:aa|a)+a)ab'
corpus	default	vm	0	0	0	0	b'(?>(?:aa|a)+a)b'
corpus	vm	vm	0	0	0	0	b'(?>(?:aa|a)+a)b'
corpus	default	dfa	0	0	0	0	b'(?:aa|a)+ab'
corpus	vm	vm	0	0	0	0	b'(?:aa|a)+ab'
corpus	default	vm	0	0	0	0	b'^(a)(?i:\\1)$'
corpus	vm	vm	0	0	0	0	b'^(a)(?i:\\1)$'
corpus	default	vm	1	1	1	1	b'^(?i:(a))\\1$'
corpus	vm	vm	1	1	1	1	b'^(?i:(a))\\1$'
corpus	default	vm	1	1	1	1	b'^((?i)a)\\1$'
corpus	vm	vm	1	1	1	1	b'^((?i)a)\\1$'
corpus	default	vm	1	1	1	1	b'^(?i)(a)(?-i)\\1$'
corpus	vm	vm	1	1	1	1	b'^(?i)(a)(?-i)\\1$'
corpus	default	vm	0	0	0	0	b'^(\\xdf)\\1$'
corpus	vm	vm	0	0	0	0	b'^(\\xdf)\\1$'
corpus	default	vm	0	0	0	0	b'^(ss)\\1$'
corpus	vm	vm	0	0	0	0	b'^(ss)\\1$'
corpus	default	vm	0	0	0	0	b'^(a)\\1$'
corpus	vm	vm	0	0	0	0	b'^(a)\\1$'
corpus	default	vm	0	0	0	0	b'^(\\w+)\\1$'
corpus	vm	vm	0	0	0	0	b'^(\\w+)\\1$'
corpus	default	vm	0	0	0	0	b'^(\\xb5)\\1$'
corpus	vm	vm	0	0	0	0	b'^(\\xb5)\\1$'
corpus	default	vm	0	0	0	0	b'^(\\xff)\\1$'
corpus	vm	vm	0	0	0	0	b'^(\\xff)\\1$'
corpus	default	vm	0	0	0	0	b'^(\\xc0)\\1$'
corpus	vm	vm	0	0	0	0	b'^(\\xc0)\\1$'
corpus	default	vm	0	0	0	0	b'(?J)^(?<a>x)(?<a>y)\\k<a>$'
corpus	vm	vm	0	0	0	0	b'(?J)^(?<a>x)(?<a>y)\\k<a>$'
corpus	default	vm	0	0	0	0	b'(?J)^(?:(?<a>x)|(?<a>y))\\k<a>$'
corpus	vm	vm	0	0	0	0	b'(?J)^(?:(?<a>x)|(?<a>y))\\k<a>$'
corpus	default	vm	0	0	0	0	b'(?J)^(?<a>x?)(?<a>y)\\k<a>$'
corpus	vm	vm	0	0	0	0	b'(?J)^(?<a>x?)(?<a>y)\\k<a>$'
corpus	default	vm	0	0	0	0	b'(?J)^(?<a>x)(?<a>y)(?<a>z)\\k<a>$'
corpus	vm	vm	0	0	0	0	b'(?J)^(?<a>x)(?<a>y)(?<a>z)\\k<a>$'
corpus	default	vm	0	0	0	0	b'(?J)^(?:(?<a>q))?(?:(?<a>a|b\\k<a>))+$'
corpus	vm	vm	0	0	0	0	b'(?J)^(?:(?<a>q))?(?:(?<a>a|b\\k<a>))+$'
corpus	default	vm	0	0	0	0	b'(?J)^(?<a>x)(?<a>y)\\1$'
corpus	vm	vm	0	0	0	0	b'(?J)^(?<a>x)(?<a>y)\\1$'
corpus	default	vm	0	0	0	0	b'(?J)^(?<a>x)(?<a>y)\\2$'
corpus	vm	vm	0	0	0	0	b'(?J)^(?<a>x)(?<a>y)\\2$'
corpus	default	vm	0	0	0	0	b"(?J)^(?<a>x)(?<a>y)\\k'a'$"
corpus	vm	vm	0	0	0	0	b"(?J)^(?<a>x)(?<a>y)\\k'a'$"
corpus	default	vm	0	0	0	0	b'(?J)^(?<a>x)(?<a>y)\\k{a}$'
corpus	vm	vm	0	0	0	0	b'(?J)^(?<a>x)(?<a>y)\\k{a}$'
corpus	default	vm	0	0	0	0	b'(?J)^(?<a>x)(?<a>y)(?P=a)$'
corpus	vm	vm	0	0	0	0	b'(?J)^(?<a>x)(?<a>y)(?P=a)$'
corpus	default	vm	0	0	0	0	b'(?J)^(?<a>x)(?<a>y)\\g{a}$'
corpus	vm	vm	0	0	0	0	b'(?J)^(?<a>x)(?<a>y)\\g{a}$'
corpus	default	vm	0	0	0	0	b'(?<a>x)(?J)(?<a>y)'
corpus	vm	vm	0	0	0	0	b'(?<a>x)(?J)(?<a>y)'
corpus	default	vm	0	0	0	0	b'(a)\\1'
corpus	vm	vm	0	0	0	0	b'(a)\\1'
corpus	default	vm	0	0	0	0	b'(a|b)\\g<1>'
corpus	vm	vm	0	0	0	0	b'(a|b)\\g<1>'
corpus	default	vm	0	0	0	0	b'(?<n>a)\\k<n>'
corpus	vm	vm	0	0	0	0	b'(?<n>a)\\k<n>'
corpus	default	vm	0	0	0	0	b'(?P<n>a)(?P=n)'
corpus	vm	vm	0	0	0	0	b'(?P<n>a)(?P=n)'
corpus	default	dfa	0	0	0	0	b'(?J)a'
corpus	vm	vm	0	0	0	0	b'(?J)a'
corpus	default	vm	0	0	0	0	b'(?J)(?<a>x)(?<a>y)'
corpus	vm	vm	0	0	0	0	b'(?J)(?<a>x)(?<a>y)'
corpus	default	vm	0	0	0	0	b'^(a*+)b\\1a$'
corpus	vm	vm	0	0	0	0	b'^(a*+)b\\1a$'
corpus	default	vm	0	0	0	0	b'^(a++)b\\1a$'
corpus	vm	vm	0	0	0	0	b'^(a++)b\\1a$'
corpus	default	vm	0	0	0	0	b'^(?>(a+))b\\1a$'
corpus	vm	vm	0	0	0	0	b'^(?>(a+))b\\1a$'
corpus	default	vm	0	0	0	0	b'(a)\\B\\1'
corpus	vm	vm	0	0	0	0	b'(a)\\B\\1'
corpus	default	vm	0	0	0	0	b'^(a)\\b\\1$'
corpus	vm	vm	0	0	0	0	b'^(a)\\b\\1$'
corpus	default	vm	0	0	0	0	b'^(a)\\1\\b$'
corpus	vm	vm	0	0	0	0	b'^(a)\\1\\b$'
corpus	default	vm	0	0	0	0	b'^(a)?\\1$'
corpus	vm	vm	0	0	0	0	b'^(a)?\\1$'
corpus	default	vm	0	0	0	0	b'^(x?)y\\1z$'
corpus	vm	vm	0	0	0	0	b'^(x?)y\\1z$'
corpus	default	vm	0	0	0	0	b'(a\\1)'
corpus	vm	vm	0	0	0	0	b'(a\\1)'
corpus	default	vm	0	0	0	0	b'^(\\1a)$'
corpus	vm	vm	0	0	0	0	b'^(\\1a)$'
corpus	default	vm	0	0	0	0	b'\\2(a)(b)'
corpus	vm	vm	0	0	0	0	b'\\2(a)(b)'
corpus	default	vm	0	0	0	0	b'(\\2(a)|b)+'
corpus	vm	vm	0	0	0	0	b'(\\2(a)|b)+'
corpus	default	vm	0	0	0	0	b'(a)\\1*'
corpus	vm	vm	0	0	0	0	b'(a)\\1*'
corpus	default	vm	0	0	0	0	b'(\\w)\\1+'
corpus	vm	vm	0	0	0	0	b'(\\w)\\1+'
corpus	default	vm	0	0	0	0	b'^(?:(a|b)\\1)+$'
corpus	vm	vm	0	0	0	0	b'^(?:(a|b)\\1)+$'
corpus	default	vm	0	0	0	0	b'(?:(a|bb)x)+\\1'
corpus	vm	vm	0	0	0	0	b'(?:(a|bb)x)+\\1'
corpus	default	vm	0	0	0	0	b'(a|b\\1)+'
corpus	vm	vm	0	0	0	0	b'(a|b\\1)+'
corpus	default	vm	0	0	0	0	b'^(?:(a|b\\1)y)+'
corpus	vm	vm	0	0	0	0	b'^(?:(a|b\\1)y)+'
corpus	default	vm	0	0	0	0	b'\\1(a)'
corpus	vm	vm	0	0	0	0	b'\\1(a)'
corpus	default	vm	0	0	0	0	b'\\10(a)(b)(c)(d)(e)(f)(g)(h)(i)(j)'
corpus	vm	vm	0	0	0	0	b'\\10(a)(b)(c)(d)(e)(f)(g)(h)(i)(j)'
corpus	default	vm	0	0	0	0	b'(a)(b)(c)(d)(e)(f)(g)(h)(i)(j)\\10'
corpus	vm	vm	0	0	0	0	b'(a)(b)(c)(d)(e)(f)(g)(h)(i)(j)\\10'
corpus	default	vm	0	0	0	0	b'(a)\\10'
corpus	vm	vm	0	0	0	0	b'(a)\\10'
corpus	default	vm	0	0	0	0	b'(a)\\18'
corpus	vm	vm	0	0	0	0	b'(a)\\18'
corpus	default	vm	0	0	0	0	b'(a)(b)(c)(d)(e)(f)(g)(h)\\8'
corpus	vm	vm	0	0	0	0	b'(a)(b)(c)(d)(e)(f)(g)(h)\\8'
corpus	default	vm	0	0	0	0	b'(a)(b)(c)(d)(e)(f)(g)(h)(i)\\9'
corpus	vm	vm	0	0	0	0	b'(a)(b)(c)(d)(e)(f)(g)(h)(i)\\9'
corpus	default	dfa	0	0	0	0	b'\\0'
corpus	vm	vm	0	0	0	0	b'\\0'
corpus	default	dfa	0	0	0	0	b'\\01'
corpus	vm	vm	0	0	0	0	b'\\01'
corpus	default	dfa	0	0	0	0	b'\\012'
corpus	vm	vm	0	0	0	0	b'\\012'
corpus	default	dfa	0	0	0	0	b'\\0123'
corpus	vm	vm	0	0	0	0	b'\\0123'
corpus	default	dfa	0	0	0	0	b'\\101'
corpus	vm	vm	0	0	0	0	b'\\101'
corpus	default	dfa	0	0	0	0	b'[\\8]'
corpus	vm	vm	0	0	0	0	b'[\\8]'
corpus	default	dfa	0	0	0	0	b'[\\9]'
corpus	vm	vm	0	0	0	0	b'[\\9]'
corpus	default	dfa	0	0	0	0	b'[\\k]'
corpus	vm	vm	0	0	0	0	b'[\\k]'
corpus	default	dfa	0	0	0	0	b'[\\g]'
corpus	vm	vm	0	0	0	0	b'[\\g]'
corpus	default	vm	0	0	0	0	b'^(a|b)\\g{1}$'
corpus	vm	vm	0	0	0	0	b'^(a|b)\\g{1}$'
corpus	default	vm	0	0	0	0	b'^(a)(b)\\g2$'
corpus	vm	vm	0	0	0	0	b'^(a)(b)\\g2$'
corpus	default	vm	0	0	0	0	b'^(a)(b)\\g-1$'
corpus	vm	vm	0	0	0	0	b'^(a)(b)\\g-1$'
corpus	default	vm	0	0	0	0	b'^(a)(b)\\g{-1}$'
corpus	vm	vm	0	0	0	0	b'^(a)(b)\\g{-1}$'
corpus	default	vm	0	0	0	0	b'^(a)(b)\\g{-2}$'
corpus	vm	vm	0	0	0	0	b'^(a)(b)\\g{-2}$'
corpus	default	vm	0	0	0	0	b'\\g{+1}(a)'
corpus	vm	vm	0	0	0	0	b'\\g{+1}(a)'
corpus	default	vm	0	0	0	0	b"(?<n>a)\\k'n'"
corpus	vm	vm	0	0	0	0	b"(?<n>a)\\k'n'"
corpus	default	vm	0	0	0	0	b'(?<n>a)\\k{n}'
corpus	vm	vm	0	0	0	0	b'(?<n>a)\\k{n}'
corpus	default	vm	0	0	0	0	b'(?<n>a)\\g{n}'
corpus	vm	vm	0	0	0	0	b'(?<n>a)\\g{n}'
corpus	default	vm	0	0	0	0	b'(?<n>a)\\1'
corpus	vm	vm	0	0	0	0	b'(?<n>a)\\1'
corpus	default	vm	0	0	0	0	b"(a|b)\\g'1'"
corpus	vm	vm	0	0	0	0	b"(a|b)\\g'1'"
corpus	default	vm	0	0	0	0	b'^(?J)(?<a>x)(?<a>y)$'
corpus	vm	vm	0	0	0	0	b'^(?J)(?<a>x)(?<a>y)$'
corpus	default	vm	0	0	0	0	b'^(?<a>x)(?J)(?<a>y)$'
corpus	vm	vm	0	0	0	0	b'^(?<a>x)(?J)(?<a>y)$'
corpus	default	vm	0	0	0	0	b'^(?J:(?<a>x)(?<a>y))$'
corpus	vm	vm	0	0	0	0	b'^(?J:(?<a>x)(?<a>y))$'
corpus	default	vm	0	0	0	0	b'^(?J)(?<a>x)(?:(?-J)q)(?<a>y)$'
corpus	vm	vm	0	0	0	0	b'^(?J)(?<a>x)(?:(?-J)q)(?<a>y)$'
corpus	default	vm	0	0	0	0	b'^(?J)(?<a>x)(?^)(?<a>y)$'
corpus	vm	vm	0	0	0	0	b'^(?J)(?<a>x)(?^)(?<a>y)$'
corpus	default	vm	0	0	0	0	b'^(?<a>x)(?<A>y)$'
corpus	vm	vm	0	0	0	0	b'^(?<a>x)(?<A>y)$'
corpus	default	vm	0	0	0	0	b'(?J)^(?:(?<a>p)|(?<a>q)|(?<a>r))\\k<a>$'
corpus	vm	vm	0	0	0	0	b'(?J)^(?:(?<a>p)|(?<a>q)|(?<a>r))\\k<a>$'
corpus	default	vm	0	0	0	0	b'(?J)^(?:(?<a>x)|(?<a>y)|z)\\k<a>$'
corpus	vm	vm	0	0	0	0	b'(?J)^(?:(?<a>x)|(?<a>y)|z)\\k<a>$'
corpus	default	vm	0	0	0	0	b'(?J)^(?:(?<a>x)|(?<a>y))\\2$'
corpus	vm	vm	0	0	0	0	b'(?J)^(?:(?<a>x)|(?<a>y))\\2$'
corpus	default	vm	0	0	0	0	b'(?J)^(?:(?<a>x)|(?<a>y))\\1$'
corpus	vm	vm	0	0	0	0	b'(?J)^(?:(?<a>x)|(?<a>y))\\1$'
corpus	default	vm	0	0	0	0	b"(?J)^(?:(?<a>x)|(?<a>y))\\k'a'$"
corpus	vm	vm	0	0	0	0	b"(?J)^(?:(?<a>x)|(?<a>y))\\k'a'$"
corpus	default	vm	0	0	0	0	b'(?J)^(?:(?<a>x)|(?<a>y))\\k{a}$'
corpus	vm	vm	0	0	0	0	b'(?J)^(?:(?<a>x)|(?<a>y))\\k{a}$'
corpus	default	vm	0	0	0	0	b'(?J)^(?:(?<a>x)|(?<a>y))(?P=a)$'
corpus	vm	vm	0	0	0	0	b'(?J)^(?:(?<a>x)|(?<a>y))(?P=a)$'
corpus	default	vm	0	0	0	0	b'(?J)^(?:(?<a>x)|(?<a>y))\\g{a}$'
corpus	vm	vm	0	0	0	0	b'(?J)^(?:(?<a>x)|(?<a>y))\\g{a}$'
corpus	default	vm	0	0	0	0	b'(?J)^(?:(?<a>a|b\\k<a>))+$'
corpus	vm	vm	0	0	0	0	b'(?J)^(?:(?<a>a|b\\k<a>))+$'
corpus	default	vm	0	0	0	0	b'(?J)^(?<a>x)(?:(?<a>a|b\\k<a>))+$'
corpus	vm	vm	0	0	0	0	b'(?J)^(?<a>x)(?:(?<a>a|b\\k<a>))+$'
corpus	default	vm	0	0	0	0	b'^(a)\\g{-1}$'
corpus	vm	vm	0	0	0	0	b'^(a)\\g{-1}$'
corpus	default	vm	0	0	0	0	b'^(?<n>a)\\k<n>$'
corpus	vm	vm	0	0	0	0	b'^(?<n>a)\\k<n>$'
corpus	default	vm	0	0	0	0	b'^(?<n>a)(?P=n)$'
corpus	vm	vm	0	0	0	0	b'^(?<n>a)(?P=n)$'
corpus	default	vm	0	0	0	0	b'^(?J)(?<a>x)(?<a>y)\\k<a>$'
corpus	vm	vm	0	0	0	0	b'^(?J)(?<a>x)(?<a>y)\\k<a>$'
corpus	default	dfa	0	0	0	0	b'^[\\1]$'
corpus	vm	vm	0	0	0	0	b'^[\\1]$'
corpus	default	vm	0	0	0	0	b'^((a)|(b))+\\2$'
corpus	vm	vm	0	0	0	0	b'^((a)|(b))+\\2$'
corpus	default	vm	0	0	0	0	b'^(?:(a)(b)\\2\\1)+$'
corpus	vm	vm	0	0	0	0	b'^(?:(a)(b)\\2\\1)+$'
corpus	default	vm	0	0	0	0	b'(?:(a|bb)x)+\\1y'
corpus	vm	vm	0	0	0	0	b'(?:(a|bb)x)+\\1y'
corpus	default	vm	0	0	0	0	b'^(a)((b)\\1)\\2$'
corpus	vm	vm	0	0	0	0	b'^(a)((b)\\1)\\2$'
corpus	default	vm	0	0	0	0	b'^(?:(a(b))\\2)+$'
corpus	vm	vm	0	0	0	0	b'^(?:(a(b))\\2)+$'
corpus	default	vm	0	0	0	0	b'^(?:(a)|b)\\1$'
corpus	vm	vm	0	0	0	0	b'^(?:(a)|b)\\1$'
corpus	default	vm	0	0	0	0	b'^(?:(a)x|(b)y)\\1$'
corpus	vm	vm	0	0	0	0	b'^(?:(a)x|(b)y)\\1$'
corpus	default	vm	0	0	0	0	b'^(?:(a)x|(b)y)\\2$'
corpus	vm	vm	0	0	0	0	b'^(?:(a)x|(b)y)\\2$'
corpus	default	vm	0	0	0	0	b'^(a*)\\1$'
corpus	vm	vm	0	0	0	0	b'^(a*)\\1$'
corpus	default	vm	0	0	0	0	b'^(a?)\\1{3}$'
corpus	vm	vm	0	0	0	0	b'^(a?)\\1{3}$'
corpus	default	vm	0	0	0	0	b'^(a)\\1*$'
corpus	vm	vm	0	0	0	0	b'^(a)\\1*$'
corpus	default	vm	0	0	0	0	b'^(\\w)\\1+$'
corpus	vm	vm	0	0	0	0	b'^(\\w)\\1+$'
corpus	default	vm	0	0	0	0	b'^(a*)\\1*$'
corpus	vm	vm	0	0	0	0	b'^(a*)\\1*$'
corpus	default	vm	0	0	0	0	b'^(a?)\\1*b$'
corpus	vm	vm	0	0	0	0	b'^(a?)\\1*b$'
corpus	default	vm	0	0	0	0	b'^(a?)\\1{2,}$'
corpus	vm	vm	0	0	0	0	b'^(a?)\\1{2,}$'
corpus	default	vm	0	0	0	0	b'^()\\1+$'
corpus	vm	vm	0	0	0	0	b'^()\\1+$'
corpus	default	vm	0	0	0	0	b'(\\w)\\1'
corpus	vm	vm	0	0	0	0	b'(\\w)\\1'
corpus	default	vm	0	0	0	0	b'^(a)(b)(c)(d)(e)(f)(g)(h)(i)(j)\\10$'
corpus	vm	vm	0	0	0	0	b'^(a)(b)(c)(d)(e)(f)(g)(h)(i)(j)\\10$'
corpus	default	dfa	0	0	0	0	b'^\\0$'
corpus	vm	vm	0	0	0	0	b'^\\0$'
corpus	default	dfa	0	0	0	0	b'^\\012$'
corpus	vm	vm	0	0	0	0	b'^\\012$'
corpus	default	dfa	0	0	0	0	b'^\\0377$'
corpus	vm	vm	0	0	0	0	b'^\\0377$'
corpus	default	vm	0	0	0	0	b'^(a)\\0$'
corpus	vm	vm	0	0	0	0	b'^(a)\\0$'
corpus	default	vm	0	0	0	0	b'^\\1(a)$'
corpus	vm	vm	0	0	0	0	b'^\\1(a)$'
corpus	default	vm	0	0	0	0	b'^(a)(b)(c)(d)(e)(f)(g)(h)\\8$'
corpus	vm	vm	0	0	0	0	b'^(a)(b)(c)(d)(e)(f)(g)(h)\\8$'
corpus	default	vm	0	0	0	0	b'^(a)\\10$'
corpus	vm	vm	0	0	0	0	b'^(a)\\10$'
corpus	default	vm	0	0	0	0	b'^\\10(a)(b)(c)(d)(e)(f)(g)(h)(i)(j)$'
corpus	vm	vm	0	0	0	0	b'^\\10(a)(b)(c)(d)(e)(f)(g)(h)(i)(j)$'
corpus	default	vm	0	0	0	0	b'^(a)\\18$'
corpus	vm	vm	0	0	0	0	b'^(a)\\18$'
corpus	default	vm	0	0	0	0	b'^\\12(a)(b)(c)(d)(e)(f)(g)(h)(i)(j)(k)(l)$'
corpus	vm	vm	0	0	0	0	b'^\\12(a)(b)(c)(d)(e)(f)(g)(h)(i)(j)(k)(l)$'
corpus	default	dfa	0	0	0	0	b'^\\1234$'
corpus	vm	vm	0	0	0	0	b'^\\1234$'
corpus	default	dfa	0	0	0	0	b'^\\377$'
corpus	vm	vm	0	0	0	0	b'^\\377$'
corpus	default	dfa	0	0	0	0	b'^[\\10]$'
corpus	vm	vm	0	0	0	0	b'^[\\10]$'
corpus	default	dfa	0	0	0	0	b'^[\\8]$'
corpus	vm	vm	0	0	0	0	b'^[\\8]$'
corpus	default	dfa	0	0	0	0	b'^[\\9]$'
corpus	vm	vm	0	0	0	0	b'^[\\9]$'
corpus	default	dfa	0	0	0	0	b'^[\\k]$'
corpus	vm	vm	0	0	0	0	b'^[\\k]$'
corpus	default	dfa	0	0	0	0	b'^[\\g]$'
corpus	vm	vm	0	0	0	0	b'^[\\g]$'
corpus	default	dfa	0	0	0	0	b'^[\\g<]$'
corpus	vm	vm	0	0	0	0	b'^[\\g<]$'
corpus	default	dfa	0	0	0	0	b"^[\\g']$"
corpus	vm	vm	0	0	0	0	b"^[\\g']$"
corpus	default	dfa	0	0	0	0	b'^[\\g<1>]$'
corpus	vm	vm	0	0	0	0	b'^[\\g<1>]$'
corpus	default	dfa	0	0	0	0	b'^[\\377]$'
corpus	vm	vm	0	0	0	0	b'^[\\377]$'
corpus	default	dfa	0	0	0	0	b'^[\\0]$'
corpus	vm	vm	0	0	0	0	b'^[\\0]$'
corpus	default	dfa	0	0	0	0	b'^[\\1-\\7]$'
corpus	vm	vm	0	0	0	0	b'^[\\1-\\7]$'
corpus	default	vm	0	0	0	0	b'^(a)[\\1]$'
corpus	vm	vm	0	0	0	0	b'^(a)[\\1]$'
corpus	default	vm	0	0	0	0	b'^(?:\\1(a))+$'
corpus	vm	vm	0	0	0	0	b'^(?:\\1(a))+$'
corpus	default	vm	0	0	0	0	b'^(?:(a|b\\1))+$'
corpus	vm	vm	0	0	0	0	b'^(?:(a|b\\1))+$'
corpus	default	vm	0	0	0	0	b'^(?:(a|b\\1)c)+$'
corpus	vm	vm	0	0	0	0	b'^(?:(a|b\\1)c)+$'
corpus	default	vm	0	0	0	0	b'^(?:(a|b)x)++\\1$'
corpus	vm	vm	0	0	0	0	b'^(?:(a|b)x)++\\1$'
corpus	default	vm	0	0	0	0	b'^(a|b)++\\1$'
corpus	vm	vm	0	0	0	0	b'^(a|b)++\\1$'
corpus	default	vm	0	0	0	0	b'^(a)\\g1$'
corpus	vm	vm	0	0	0	0	b'^(a)\\g1$'
corpus	default	vm	0	0	0	0	b'^(a)\\g{1}$'
corpus	vm	vm	0	0	0	0	b'^(a)\\g{1}$'
corpus	default	vm	0	0	0	0	b'^\\g{+1}(a)$'
corpus	vm	vm	0	0	0	0	b'^\\g{+1}(a)$'
corpus	default	vm	0	0	0	0	b'^(a)\\g-1$'
corpus	vm	vm	0	0	0	0	b'^(a)\\g-1$'
corpus	default	vm	0	0	0	0	b'^(a)\\g+1(b)$'
corpus	vm	vm	0	0	0	0	b'^(a)\\g+1(b)$'
corpus	default	vm	0	0	0	0	b'^(a)\\g{ 1 }$'
corpus	vm	vm	0	0	0	0	b'^(a)\\g{ 1 }$'
corpus	default	vm	0	0	0	0	b'^(a)\\g{01}$'
corpus	vm	vm	0	0	0	0	b'^(a)\\g{01}$'
corpus	default	vm	0	0	0	0	b"^(?<n>a)\\k'n'$"
corpus	vm	vm	0	0	0	0	b"^(?<n>a)\\k'n'$"
corpus	default	vm	0	0	0	0	b'^(?<n>a)\\k{n}$'
corpus	vm	vm	0	0	0	0	b'^(?<n>a)\\k{n}$'
corpus	default	vm	0	0	0	0	b'^(?<n>a)\\k{ n }$'
corpus	vm	vm	0	0	0	0	b'^(?<n>a)\\k{ n }$'
corpus	default	vm	0	0	0	0	b'^(?<a_1>x)\\k<a_1>$'
corpus	vm	vm	0	0	0	0	b'^(?<a_1>x)\\k<a_1>$'
corpus	default	vm	0	0	0	0	b'^(?P<n>a)(?P=n)$'
corpus	vm	vm	0	0	0	0	b'^(?P<n>a)(?P=n)$'
corpus	default	vm	0	0	0	0	b'^(a|b)\\g<1>$'
corpus	vm	vm	0	0	0	0	b'^(a|b)\\g<1>$'
corpus	default	vm	0	0	0	0	b"^(a|b)\\g'1'$"
corpus	vm	vm	0	0	0	0	b"^(a|b)\\g'1'$"
corpus	default	dfa	0	0	0	0	b'a|b'
corpus	vm	vm	0	0	0	0	b'a|b'
corpus	default	dfa	0	0	0	0	b'cat|dog'
corpus	vm	vm	0	0	0	0	b'cat|dog'
corpus	default	dfa	0	0	0	0	b'a|ab'
corpus	vm	vm	0	0	0	0	b'a|ab'
corpus	default	dfa	0	0	0	0	b'ab|a'
corpus	vm	vm	0	0	0	0	b'ab|a'
corpus	default	dfa	0	0	0	0	b'a|'
corpus	vm	vm	0	0	0	0	b'a|'
corpus	default	dfa	0	0	0	0	b'|a'
corpus	vm	vm	0	0	0	0	b'|a'
corpus	default	dfa	0	0	0	0	b'a|b|c'
corpus	vm	vm	0	0	0	0	b'a|b|c'
corpus	default	dfa	0	0	0	0	b'foo|foobar'
corpus	vm	vm	0	0	0	0	b'foo|foobar'
corpus	default	dfa	0	0	0	0	b'foobar|foo'
corpus	vm	vm	0	0	0	0	b'foobar|foo'
corpus	default	vm	0	0	0	0	b'(a|b)c'
corpus	vm	vm	0	0	0	0	b'(a|b)c'
corpus	default	vm	0	0	0	0	b'x(a|b|c)y'
corpus	vm	vm	0	0	0	0	b'x(a|b|c)y'
corpus	default	dfa	0	0	0	0	b'a|a'
corpus	vm	vm	0	0	0	0	b'a|a'
corpus	default	vm	0	0	0	0	b'(ab|cd)(ef|gh)'
corpus	vm	vm	0	0	0	0	b'(ab|cd)(ef|gh)'
corpus	default	dfa	0	0	0	0	b'abc|a|abd'
corpus	vm	vm	0	0	0	0	b'abc|a|abd'
corpus	default	dfa	0	0	0	0	b'a|ab|abc'
corpus	vm	vm	0	0	0	0	b'a|ab|abc'
corpus	default	dfa	0	0	0	0	b'abc|ab|a'
corpus	vm	vm	0	0	0	0	b'abc|ab|a'
corpus	default	dfa	0	0	0	0	b'ab|a|ac'
corpus	vm	vm	0	0	0	0	b'ab|a|ac'
corpus	default	dfa	0	0	0	0	b'abx|a|aby'
corpus	vm	vm	0	0	0	0	b'abx|a|aby'
corpus	default	dfa	0	0	0	0	b'foo|foo'
corpus	vm	vm	0	0	0	0	b'foo|foo'
corpus	default	dfa	0	0	0	0	b'catfish|cat|dog'
corpus	vm	vm	0	0	0	0	b'catfish|cat|dog'
corpus	default	dfa	0	0	0	0	b'cat|dog|bird|catfish'
corpus	vm	vm	0	0	0	0	b'cat|dog|bird|catfish'
corpus	default	dfa	0	0	0	0	b'[ab]p|[bc]x|[ab]xy'
corpus	vm	vm	0	0	0	0	b'[ab]p|[bc]x|[ab]xy'
corpus	default	dfa	0	0	0	0	b'[a-c]x|[b-d]y|[a-c]yz'
corpus	vm	vm	0	0	0	0	b'[a-c]x|[b-d]y|[a-c]yz'
corpus	default	dfa	0	0	0	0	b'[ab]foo|[cd]foo'
corpus	vm	vm	0	0	0	0	b'[ab]foo|[cd]foo'
corpus	default	dfa	0	0	0	0	b'a|b+|ab'
corpus	vm	vm	0	0	0	0	b'a|b+|ab'
corpus	default	dfa	0	0	0	0	b'ab|b+|a'
corpus	vm	vm	0	0	0	0	b'ab|b+|a'
corpus	default	dfa	0	0	0	0	b'abc|x+|abd|a'
corpus	vm	vm	0	0	0	0	b'abc|x+|abd|a'
corpus	default	dfa	0	0	0	0	b'x(?:yz)|xy'
corpus	vm	vm	0	0	0	0	b'x(?:yz)|xy'
corpus	default	vm	0	0	0	0	b'(cat|car|cart)s'
corpus	vm	vm	0	0	0	0	b'(cat|car|cart)s'
corpus	default	dfa	0	0	0	0	b'(?:foo|foobar)+'
corpus	vm	vm	0	0	0	0	b'(?:foo|foobar)+'
corpus	default	vm	0	0	0	0	b'^(alpha|alps|alp)'
corpus	vm	vm	0	0	0	0	b'^(alpha|alps|alp)'
corpus	default	vm	0	0	0	0	b'(log|login|logout)$'
corpus	vm	vm	0	0	0	0	b'(log|login|logout)$'
corpus	default	dfa	0	0	0	0	b'(?:abcd|abc|ab|a)z'
corpus	vm	vm	0	0	0	0	b'(?:abcd|abc|ab|a)z'
corpus	default	dfa	0	0	0	0	b'foo.x|foobar|foo.'
corpus	vm	vm	0	0	0	0	b'foo.x|foobar|foo.'
corpus	default	dfa	0	0	0	0	b'[ac]b|[bc]c|[ac]'
corpus	vm	vm	0	0	0	0	b'[ac]b|[bc]c|[ac]'
corpus	default	dfa	0	0	0	0	b'[ab]xy|a[xz]yy|[ab]'
corpus	vm	vm	0	0	0	0	b'[ab]xy|a[xz]yy|[ab]'
corpus	default	dfa	0	0	0	0	b'[ab]z|abc|[ab]'
corpus	vm	vm	0	0	0	0	b'[ab]z|abc|[ab]'
corpus	default	dfa	0	0	0	0	b'fo|foo|fo|foo'
corpus	vm	vm	0	0	0	0	b'fo|foo|fo|foo'
corpus	default	dfa	0	0	0	0	b'q||a'
corpus	vm	vm	0	0	0	0	b'q||a'
corpus	default	dfa	0	0	0	0	b'q|a+|ab'
corpus	vm	vm	0	0	0	0	b'q|a+|ab'
corpus	default	dfa	0	0	0	0	b'^a'
corpus	vm	vm	0	0	0	0	b'^a'
corpus	default	dfa	0	0	0	0	b'^$'
corpus	vm	vm	0	0	0	0	b'^$'
corpus	default	dfa	0	0	0	0	b'^a$'
corpus	vm	vm	0	0	0	0	b'^a$'
corpus	default	dfa	0	0	0	0	b'^abc'
corpus	vm	vm	0	0	0	0	b'^abc'
corpus	default	dfa	0	0	0	0	b'^a|b$'
corpus	vm	vm	0	0	0	0	b'^a|b$'
corpus	default	dfa	0	0	0	0	b'a{3}'
corpus	vm	vm	0	0	0	0	b'a{3}'
corpus	default	dfa	0	0	0	0	b'a{2,4}'
corpus	vm	vm	0	0	0	0	b'a{2,4}'
corpus	default	dfa	0	0	0	0	b'a{2,}'
corpus	vm	vm	0	0	0	0	b'a{2,}'
corpus	default	dfa	0	0	0	0	b'a{0,3}'
corpus	vm	vm	0	0	0	0	b'a{0,3}'
corpus	default	dfa	0	0	0	0	b'a{0}'
corpus	vm	vm	0	0	0	0	b'a{0}'
corpus	default	dfa	0	0	0	0	b'a{2,4}?'
corpus	vm	vm	0	0	0	0	b'a{2,4}?'
corpus	default	dfa	0	0	0	0	b'a{2,}?'
corpus	vm	vm	0	0	0	0	b'a{2,}?'
corpus	default	dfa	0	0	0	0	b'a{1,3}?'
corpus	vm	vm	0	0	0	0	b'a{1,3}?'
corpus	default	dfa	0	0	0	0	b'ab{2,3}c'
corpus	vm	vm	0	0	0	0	b'ab{2,3}c'
corpus	default	vm	0	0	0	0	b'(ab){2,3}'
corpus	vm	vm	0	0	0	0	b'(ab){2,3}'
corpus	default	dfa	0	0	0	0	b'a{'
corpus	vm	vm	0	0	0	0	b'a{'
corpus	default	dfa	0	0	0	0	b'a{2'
corpus	vm	vm	0	0	0	0	b'a{2'
corpus	default	dfa	0	0	0	0	b'x{1,2}y'
corpus	vm	vm	0	0	0	0	b'x{1,2}y'
corpus	default	dfa	0	0	0	0	b'a{ 1}'
corpus	vm	vm	0	0	0	0	b'a{ 1}'
corpus	default	dfa	0	0	0	0	b'a{1 }'
corpus	vm	vm	0	0	0	0	b'a{1 }'
corpus	default	dfa	0	0	0	0	b'a{\t1}'
corpus	vm	vm	0	0	0	0	b'a{\t1}'
corpus	default	dfa	0	0	0	0	b'a{1,  2}'
corpus	vm	vm	0	0	0	0	b'a{1,  2}'
corpus	default	dfa	0	0	0	0	b'a{ 1\t,\t2 }'
corpus	vm	vm	0	0	0	0	b'a{ 1\t,\t2 }'
corpus	default	dfa	0	0	0	0	b'a{ 2,}'
corpus	vm	vm	0	0	0	0	b'a{ 2,}'
corpus	default	dfa	0	0	0	0	b'a{ ,2}'
corpus	vm	vm	0	0	0	0	b'a{ ,2}'
corpus	default	dfa	0	0	0	0	b'a{2,2}'
corpus	vm	vm	0	0	0	0	b'a{2,2}'
corpus	default	dfa	0	0	0	0	b'a{0,0}'
corpus	vm	vm	0	0	0	0	b'a{0,0}'
corpus	default	vm	0	0	0	0	b'(a|b){3,3}c'
corpus	vm	vm	0	0	0	0	b'(a|b){3,3}c'
corpus	default	dfa	0	0	0	0	b'abc'
corpus	vm	vm	0	0	0	0	b'abc'
corpus	default	dfa	0	0	0	0	b'aBc'
corpus	vm	vm	0	0	0	0	b'aBc'
corpus	default	dfa	0	0	0	0	b'[0-9]+-[0-9]+'
corpus	vm	vm	0	0	0	0	b'[0-9]+-[0-9]+'
corpus	default	dfa	0	0	0	0	b'\\x41\\x42'
corpus	vm	vm	0	0	0	0	b'\\x41\\x42'
corpus	default	dfa	0	0	0	0	b'[a-z]+'
corpus	vm	vm	0	0	0	0	b'[a-z]+'
corpus	default	dfa	0	0	0	0	b'[A-Z]+'
corpus	vm	vm	0	0	0	0	b'[A-Z]+'
corpus	default	dfa	0	0	0	0	b'[a-f0-9]+'
corpus	vm	vm	0	0	0	0	b'[a-f0-9]+'
corpus	default	dfa	0	0	0	0	b'[^a]'
corpus	vm	vm	0	0	0	0	b'[^a]'
corpus	default	dfa	0	0	0	0	b'[^A]'
corpus	vm	vm	0	0	0	0	b'[^A]'
corpus	default	dfa	0	0	0	0	b'[^a-z]+'
corpus	vm	vm	0	0	0	0	b'[^a-z]+'
corpus	default	dfa	0	0	0	0	b'[^0-9]+'
corpus	vm	vm	0	0	0	0	b'[^0-9]+'
corpus	default	vm	0	0	0	0	b'(cat|DOG)s?'
corpus	vm	vm	0	0	0	0	b'(cat|DOG)s?'
corpus	default	dfa	0	0	0	0	b'^err'
corpus	vm	vm	0	0	0	0	b'^err'
corpus	default	dfa	0	0	0	0	b'log$'
corpus	vm	vm	0	0	0	0	b'log$'
corpus	default	dfa	0	0	0	0	b'a.c'
corpus	vm	vm	0	0	0	0	b'a.c'
corpus	default	vm	0	0	0	0	b'(ab)+'
corpus	vm	vm	0	0	0	0	b'(ab)+'
corpus	default	dfa	0	0	0	0	b'\\xe9'
corpus	vm	vm	0	0	0	0	b'\\xe9'
corpus	default	dfa	0	0	0	0	b'[\\x80-\\xff]+'
corpus	vm	vm	0	0	0	0	b'[\\x80-\\xff]+'
corpus	default	dfa	0	0	0	0	b'[a[:b]'
corpus	vm	vm	0	0	0	0	b'[a[:b]'
corpus	default	dfa	0	0	0	0	b'[[:alpha]'
corpus	vm	vm	0	0	0	0	b'[[:alpha]'
corpus	default	dfa	0	0	0	0	b'[[:]]'
corpus	vm	vm	0	0	0	0	b'[[:]]'
corpus	default	dfa	0	0	0	0	b'[[:]'
corpus	vm	vm	0	0	0	0	b'[[:]'
corpus	default	dfa	0	0	0	0	b'[:]'
corpus	vm	vm	0	0	0	0	b'[:]'
corpus	default	dfa	0	0	0	0	b'[:a]'
corpus	vm	vm	0	0	0	0	b'[:a]'
corpus	default	dfa	0	0	0	0	b'[.a]x.]'
corpus	vm	vm	0	0	0	0	b'[.a]x.]'
corpus	default	dfa	0	0	0	0	b'[=a]x=]'
corpus	vm	vm	0	0	0	0	b'[=a]x=]'
corpus	default	dfa	0	0	0	0	b'[a[.b]c]d.]'
corpus	vm	vm	0	0	0	0	b'[a[.b]c]d.]'
corpus	default	dfa	0	0	0	0	b'[[.a].]'
corpus	vm	vm	0	0	0	0	b'[[.a].]'
corpus	default	dfa	0	0	0	0	b'[.a].]'
corpus	vm	vm	0	0	0	0	b'[.a].]'
corpus	default	dfa	0	0	0	0	b'[[.a\\\\]x.]'
corpus	vm	vm	0	0	0	0	b'[[.a\\\\]x.]'
corpus	default	dfa	0	0	0	0	b'[[.b].]'
corpus	vm	vm	0	0	0	0	b'[[.b].]'
corpus	default	dfa	0	0	0	0	b'[[.b\\]]'
corpus	vm	vm	0	0	0	0	b'[[.b\\]]'
corpus	default	dfa	0	0	0	0	b'[\\0]'
corpus	vm	vm	0	0	0	0	b'[\\0]'
corpus	default	dfa	0	0	0	0	b'[\\1]'
corpus	vm	vm	0	0	0	0	b'[\\1]'
corpus	default	dfa	0	0	0	0	b'[\\7]'
corpus	vm	vm	0	0	0	0	b'[\\7]'
corpus	default	dfa	0	0	0	0	b'[\\12]'
corpus	vm	vm	0	0	0	0	b'[\\12]'
corpus	default	dfa	0	0	0	0	b'[\\123]'
corpus	vm	vm	0	0	0	0	b'[\\123]'
corpus	default	dfa	0	0	0	0	b'[\\1234]'
corpus	vm	vm	0	0	0	0	b'[\\1234]'
corpus	default	dfa	0	0	0	0	b'[\\08]'
corpus	vm	vm	0	0	0	0	b'[\\08]'
corpus	default	dfa	0	0	0	0	b'[\\18]'
corpus	vm	vm	0	0	0	0	b'[\\18]'
corpus	default	dfa	0	0	0	0	b'[\\077]'
corpus	vm	vm	0	0	0	0	b'[\\077]'
corpus	default	dfa	0	0	0	0	b'[\\377]'
corpus	vm	vm	0	0	0	0	b'[\\377]'
corpus	default	dfa	0	0	0	0	b'[\\0777]'
corpus	vm	vm	0	0	0	0	b'[\\0777]'
corpus	default	dfa	0	0	0	0	b'[\\378]'
corpus	vm	vm	0	0	0	0	b'[\\378]'
corpus	default	dfa	0	0	0	0	b'a[\\18]b'
corpus	vm	vm	0	0	0	0	b'a[\\18]b'
corpus	default	dfa	0	0	0	0	b'[\\1-\\7]'
corpus	vm	vm	0	0	0	0	b'[\\1-\\7]'
corpus	default	dfa	0	0	0	0	b'[\\0-\\7]'
corpus	vm	vm	0	0	0	0	b'[\\0-\\7]'
corpus	default	dfa	0	0	0	0	b'[\\15-\\17]'
corpus	vm	vm	0	0	0	0	b'[\\15-\\17]'
corpus	default	dfa	0	0	0	0	b'[\\1-\\123]'
corpus	vm	vm	0	0	0	0	b'[\\1-\\123]'
corpus	default	dfa	0	0	0	0	b'[^\\k]'
corpus	vm	vm	0	0	0	0	b'[^\\k]'
corpus	default	dfa	0	0	0	0	b'[\\g\\k]'
corpus	vm	vm	0	0	0	0	b'[\\g\\k]'
corpus	default	dfa	0	0	0	0	b'[\\81]'
corpus	vm	vm	0	0	0	0	b'[\\81]'
corpus	default	dfa	0	0	0	0	b'[\\89]'
corpus	vm	vm	0	0	0	0	b'[\\89]'
corpus	default	dfa	0	0	0	0	b'[\\98]'
corpus	vm	vm	0	0	0	0	b'[\\98]'
corpus	default	dfa	0	0	0	0	b'[\\9x]'
corpus	vm	vm	0	0	0	0	b'[\\9x]'
corpus	default	dfa	0	0	0	0	b'[\\k<n>]'
corpus	vm	vm	0	0	0	0	b'[\\k<n>]'
corpus	default	dfa	0	0	0	0	b'[\\g{1}]'
corpus	vm	vm	0	0	0	0	b'[\\g{1}]'
corpus	default	dfa	0	0	0	0	b'[\\g1]'
corpus	vm	vm	0	0	0	0	b'[\\g1]'
corpus	default	dfa	0	0	0	0	b"[\\k'n']"
corpus	vm	vm	0	0	0	0	b"[\\k'n']"
corpus	default	dfa	0	0	0	0	b'[0-\\k]'
corpus	vm	vm	0	0	0	0	b'[0-\\k]'
corpus	default	dfa	0	0	0	0	b'[\\k-z]'
corpus	vm	vm	0	0	0	0	b'[\\k-z]'
corpus	default	dfa	0	0	0	0	b'[\\8-\\9]'
corpus	vm	vm	0	0	0	0	b'[\\8-\\9]'
corpus	default	dfa	0	0	0	0	b'[\\g-\\k]'
corpus	vm	vm	0	0	0	0	b'[\\g-\\k]'
corpus	default	dfa	0	0	0	0	b'[0-\\g]'
corpus	vm	vm	0	0	0	0	b'[0-\\g]'
corpus	default	dfa	0	0	0	0	b'[\\k\\g]+'
corpus	vm	vm	0	0	0	0	b'[\\k\\g]+'
corpus	default	dfa	0	0	0	0	b'x[\\8]y'
corpus	vm	vm	0	0	0	0	b'x[\\8]y'
corpus	default	dfa	0	0	0	0	b'[abc]'
corpus	vm	vm	0	0	0	0	b'[abc]'
corpus	default	dfa	0	0	0	0	b'[a-z]'
corpus	vm	vm	0	0	0	0	b'[a-z]'
corpus	default	dfa	0	0	0	0	b'[a-z0-9]'
corpus	vm	vm	0	0	0	0	b'[a-z0-9]'
corpus	default	dfa	0	0	0	0	b'[^abc]'
corpus	vm	vm	0	0	0	0	b'[^abc]'
corpus	default	dfa	0	0	0	0	b'[]abc]'
corpus	vm	vm	0	0	0	0	b'[]abc]'
corpus	default	dfa	0	0	0	0	b'[^]abc]'
corpus	vm	vm	0	0	0	0	b'[^]abc]'
corpus	default	dfa	0	0	0	0	b'[a-]'
corpus	vm	vm	0	0	0	0	b'[a-]'
corpus	default	dfa	0	0	0	0	b'[-a]'
corpus	vm	vm	0	0	0	0	b'[-a]'
corpus	default	dfa	0	0	0	0	b'[a\\-z]'
corpus	vm	vm	0	0	0	0	b'[a\\-z]'
corpus	default	dfa	0	0	0	0	b'[\\]]'
corpus	vm	vm	0	0	0	0	b'[\\]]'
corpus	default	dfa	0	0	0	0	b'[\\n\\t]'
corpus	vm	vm	0	0	0	0	b'[\\n\\t]'
corpus	default	dfa	0	0	0	0	b'[\\x41-\\x43]'
corpus	vm	vm	0	0	0	0	b'[\\x41-\\x43]'
corpus	default	dfa	0	0	0	0	b'[a-c-e]'
corpus	vm	vm	0	0	0	0	b'[a-c-e]'
corpus	default	dfa	0	0	0	0	b'x[abc]y'
corpus	vm	vm	0	0	0	0	b'x[abc]y'
corpus	default	dfa	0	0	0	0	b'[]]'
corpus	vm	vm	0	0	0	0	b'[]]'
corpus	default	dfa	0	0	0	0	b'[^]]'
corpus	vm	vm	0	0	0	0	b'[^]]'
corpus	default	dfa	0	0	0	0	b'[.a]'
corpus	vm	vm	0	0	0	0	b'[.a]'
corpus	default	dfa	0	0	0	0	b'[[.]'
corpus	vm	vm	0	0	0	0	b'[[.]'
corpus	default	dfa	0	0	0	0	b'[^.a.]'
corpus	vm	vm	0	0	0	0	b'[^.a.]'
corpus	default	dfa	0	0	0	0	b'[a.b.]'
corpus	vm	vm	0	0	0	0	b'[a.b.]'
corpus	default	vm	0	0	0	0	b'([ac])x'
corpus	vm	vm	0	0	0	0	b'([ac])x'
corpus	default	vm	1	1	1	1	b'([Aa])x'
corpus	vm	vm	1	1	1	1	b'([Aa])x'
corpus	default	vm	2	2	1	2	b'(?i)(q)r'
corpus	vm	vm	2	2	1	2	b'(?i)(q)r'
corpus	default	vm	1	1	1	1	b'([Zz]){2,4}y'
corpus	vm	vm	1	1	1	1	b'([Zz]){2,4}y'
corpus	default	vm	1	1	1	1	b'([Aa])([ac])d'
corpus	vm	vm	1	1	1	1	b'([Aa])([ac])d'
corpus	default	vm	3	3	1	3	b'((?i:abc))'
corpus	vm	vm	3	3	1	3	b'((?i:abc))'
corpus	default	vm	0	0	0	0	b'([aeiou])[bcdfg][hjklm][npqrs][tvwxz][AEIOU][BCDFG][HJKLM][NPQRS][TVWXZ][02468]'
corpus	vm	vm	0	0	0	0	b'([aeiou])[bcdfg][hjklm][npqrs][tvwxz][AEIOU][BCDFG][HJKLM][NPQRS][TVWXZ][02468]'
corpus	default	vm	0	0	0	0	b'([aeiou])[bcdfg][hjklm][npqrs][tvwxz][AEIOU][BCDFG][HJKLM][NPQRS][TVWXZ]'
corpus	vm	vm	0	0	0	0	b'([aeiou])[bcdfg][hjklm][npqrs][tvwxz][AEIOU][BCDFG][HJKLM][NPQRS][TVWXZ]'
corpus	default	vm	0	0	0	0	b'(\\b[aeiou][bcdfg]+)[hjklm]*?[npqrs]{2,3}[tvwxz][AEIOU][BCDFG][HJKLM][NPQRS][TVWXZ][02468]\\b'
corpus	vm	vm	0	0	0	0	b'(\\b[aeiou][bcdfg]+)[hjklm]*?[npqrs]{2,3}[tvwxz][AEIOU][BCDFG][HJKLM][NPQRS][TVWXZ][02468]\\b'
corpus	default	vm	0	0	0	0	b'([\\x23\\x25\\x27\\x29\\x2b\\x2d\\x2f\\x31\\x33\\x35\\x37\\x39\\x3b\\x3d\\x3f\\x41\\x43\\x45\\x47\\x49\\x4b\\x4d\\x4f\\x51\\x53\\x55\\x57\\x59\\x5b\\x5e\\x60])[\\x21\\x23\\x26\\x27\\x2a\\x2b\\x2e\\x2'
corpus	vm	vm	0	0	0	0	b'([\\x23\\x25\\x27\\x29\\x2b\\x2d\\x2f\\x31\\x33\\x35\\x37\\x39\\x3b\\x3d\\x3f\\x41\\x43\\x45\\x47\\x49\\x4b\\x4d\\x4f\\x51\\x53\\x55\\x57\\x59\\x5b\\x5e\\x60])[\\x21\\x23\\x26\\x27\\x2a\\x2b\\x2e\\x2'
corpus	default	vm	0	0	0	0	b'([\\x23\\x25\\x27\\x29\\x2b\\x2d\\x2f\\x31\\x33\\x35\\x37\\x39\\x3b\\x3d\\x3f\\x41\\x43\\x45\\x47\\x49\\x4b\\x4d\\x4f\\x51\\x53\\x55\\x57\\x59\\x5b\\x5e\\x60\\x62])[\\x21\\x23\\x26\\x27\\x2a\\x2b\\x2'
corpus	vm	vm	0	0	0	0	b'([\\x23\\x25\\x27\\x29\\x2b\\x2d\\x2f\\x31\\x33\\x35\\x37\\x39\\x3b\\x3d\\x3f\\x41\\x43\\x45\\x47\\x49\\x4b\\x4d\\x4f\\x51\\x53\\x55\\x57\\x59\\x5b\\x5e\\x60\\x62])[\\x21\\x23\\x26\\x27\\x2a\\x2b\\x2'
corpus	default	dfa	0	0	0	0	b'a\\/\\*!\\*\\/b'
corpus	vm	vm	0	0	0	0	b'a\\/\\*!\\*\\/b'
corpus	default	dfa	0	0	0	0	b'a[*/]b'
corpus	vm	vm	0	0	0	0	b'a[*/]b'
corpus	default	dfa	0	0	0	0	b'[abc]{2,4}'
corpus	vm	vm	0	0	0	0	b'[abc]{2,4}'
corpus	default	dfa	0	0	0	0	b'[abc]{2,4}?'
corpus	vm	vm	0	0	0	0	b'[abc]{2,4}?'
corpus	default	dfa	0	0	0	0	b'[^abc]{2,4}'
corpus	vm	vm	0	0	0	0	b'[^abc]{2,4}'
corpus	default	dfa	0	0	0	0	b'[^abc]{2,4}?'
corpus	vm	vm	0	0	0	0	b'[^abc]{2,4}?'
corpus	default	dfa	0	0	0	0	b'[a-c]{1,3}'
corpus	vm	vm	0	0	0	0	b'[a-c]{1,3}'
corpus	default	vm	0	0	0	0	b'(ab|c){2,4}'
corpus	vm	vm	0	0	0	0	b'(ab|c){2,4}'
corpus	default	vm	0	0	0	0	b'(ab|c){2,4}?'
corpus	vm	vm	0	0	0	0	b'(ab|c){2,4}?'
corpus	default	vm	0	0	0	0	b'(ab|ac){2,4}'
corpus	vm	vm	0	0	0	0	b'(ab|ac){2,4}'
corpus	default	vm	0	0	0	0	b'(ab|ac){2,4}?'
corpus	vm	vm	0	0	0	0	b'(ab|ac){2,4}?'
corpus	default	vm	0	0	0	0	b'(a|){2,4}'
corpus	vm	vm	0	0	0	0	b'(a|){2,4}'
corpus	default	vm	0	0	0	0	b'(|a){2,4}'
corpus	vm	vm	0	0	0	0	b'(|a){2,4}'
corpus	default	dfa	0	0	0	0	b'(?:ab){2,4}'
corpus	vm	vm	0	0	0	0	b'(?:ab){2,4}'
corpus	default	vm	0	0	0	0	b'(ab){2,4}'
corpus	vm	vm	0	0	0	0	b'(ab){2,4}'
corpus	default	vm	0	0	0	0	b'(ab){2,4}?'
corpus	vm	vm	0	0	0	0	b'(ab){2,4}?'
corpus	default	vm	0	0	0	0	b'(a+){2,3}'
corpus	vm	vm	0	0	0	0	b'(a+){2,3}'
corpus	default	vm	0	0	0	0	b'(a*){2,3}'
corpus	vm	vm	0	0	0	0	b'(a*){2,3}'
corpus	default	vm	0	0	0	0	b'(a?b){2,4}'
corpus	vm	vm	0	0	0	0	b'(a?b){2,4}'
corpus	default	vm	0	0	0	0	b'(abc){2,4}'
corpus	vm	vm	0	0	0	0	b'(abc){2,4}'
corpus	default	dfa	0	0	0	0	b'abc{2,4}'
corpus	vm	vm	0	0	0	0	b'abc{2,4}'
corpus	default	vm	0	0	0	0	b'(a{2,4})+'
corpus	vm	vm	0	0	0	0	b'(a{2,4})+'
corpus	default	vm	0	0	0	0	b'(\\d{2}-){1,3}'
corpus	vm	vm	0	0	0	0	b'(\\d{2}-){1,3}'
corpus	default	vm	0	0	0	0	b'((a)|(b)){2}'
corpus	vm	vm	0	0	0	0	b'((a)|(b)){2}'
corpus	default	vm	0	0	0	0	b'((a)|(b)){3}'
corpus	vm	vm	0	0	0	0	b'((a)|(b)){3}'
corpus	default	vm	0	0	0	0	b'(a)(a)*'
corpus	vm	vm	0	0	0	0	b'(a)(a)*'
corpus	default	vm	0	0	0	0	b'((ab)+)'
corpus	vm	vm	0	0	0	0	b'((ab)+)'
corpus	default	vm	0	0	0	0	b'(a)?(a)?(a)?'
corpus	vm	vm	0	0	0	0	b'(a)?(a)?(a)?'
corpus	default	vm	0	0	0	0	b'(a(b)?)+'
corpus	vm	vm	0	0	0	0	b'(a(b)?)+'
corpus	default	vm	0	0	0	0	b'(a?){2,5}'
corpus	vm	vm	0	0	0	0	b'(a?){2,5}'
corpus	default	vm	0	0	0	0	b'(a*){0,3}'
corpus	vm	vm	0	0	0	0	b'(a*){0,3}'
corpus	default	dfa	0	0	0	0	b'a{0,0}b'
corpus	vm	vm	0	0	0	0	b'a{0,0}b'
corpus	default	dfa	0	0	0	0	b'(a){0,0}b'
corpus	vm	vm	0	0	0	0	b'(a){0,0}b'
corpus	default	dfa	0	0	0	0	b'a{4,4}'
corpus	vm	vm	0	0	0	0	b'a{4,4}'
corpus	default	vm	0	0	0	0	b'(ab){3,3}'
corpus	vm	vm	0	0	0	0	b'(ab){3,3}'
corpus	default	dfa	0	0	0	0	b'a{3,5}'
corpus	vm	vm	0	0	0	0	b'a{3,5}'
corpus	default	vm	0	0	0	0	b'(a+)(a+)'
corpus	vm	vm	0	0	0	0	b'(a+)(a+)'
corpus	default	vm	0	0	0	0	b'(a+?)(a+)'
corpus	vm	vm	0	0	0	0	b'(a+?)(a+)'
corpus	default	vm	0	0	0	0	b'(a+)(a+?)'
corpus	vm	vm	0	0	0	0	b'(a+)(a+?)'
corpus	default	dfa	0	0	0	0	b'a.*b'
corpus	vm	vm	0	0	0	0	b'a.*b'
corpus	default	dfa	0	0	0	0	b'a.*?b'
corpus	vm	vm	0	0	0	0	b'a.*?b'
corpus	default	vm	0	0	0	0	b'(^a){1,3}'
corpus	vm	vm	0	0	0	0	b'(^a){1,3}'
corpus	default	vm	0	0	0	0	b'(a$){1,3}'
corpus	vm	vm	0	0	0	0	b'(a$){1,3}'
corpus	default	dfa	0	0	0	0	b'^a{2,4}$'
corpus	vm	vm	0	0	0	0	b'^a{2,4}$'
corpus	default	vm	0	0	0	0	b'^(a{2,4})?$'
corpus	vm	vm	0	0	0	0	b'^(a{2,4})?$'
corpus	default	dfa	0	0	0	0	b'ab{2,3}|cd{1,2}'
corpus	vm	vm	0	0	0	0	b'ab{2,3}|cd{1,2}'
corpus	default	vm	0	0	0	0	b'(ab{2,3}|cd{1,2})+'
corpus	vm	vm	0	0	0	0	b'(ab{2,3}|cd{1,2})+'
corpus	default	dfa	0	0	0	0	b'a?b'
corpus	vm	vm	0	0	0	0	b'a?b'
corpus	default	dfa	0	0	0	0	b'a??b'
corpus	vm	vm	0	0	0	0	b'a??b'
corpus	default	dfa	0	0	0	0	b'a*b'
corpus	vm	vm	0	0	0	0	b'a*b'
corpus	default	dfa	0	0	0	0	b'a*?b'
corpus	vm	vm	0	0	0	0	b'a*?b'
corpus	default	dfa	0	0	0	0	b'a+b'
corpus	vm	vm	0	0	0	0	b'a+b'
corpus	default	dfa	0	0	0	0	b'a+?b'
corpus	vm	vm	0	0	0	0	b'a+?b'
corpus	default	dfa	0	0	0	0	b'a{3}b'
corpus	vm	vm	0	0	0	0	b'a{3}b'
corpus	default	dfa	0	0	0	0	b'a{3}?b'
corpus	vm	vm	0	0	0	0	b'a{3}?b'
corpus	default	dfa	0	0	0	0	b'a{2,4}b'
corpus	vm	vm	0	0	0	0	b'a{2,4}b'
corpus	default	dfa	0	0	0	0	b'a{2,4}?b'
corpus	vm	vm	0	0	0	0	b'a{2,4}?b'
corpus	default	dfa	0	0	0	0	b'a{2,}b'
corpus	vm	vm	0	0	0	0	b'a{2,}b'
corpus	default	dfa	0	0	0	0	b'a{2,}?b'
corpus	vm	vm	0	0	0	0	b'a{2,}?b'
corpus	default	dfa	0	0	0	0	b'a{0,4}b'
corpus	vm	vm	0	0	0	0	b'a{0,4}b'
corpus	default	dfa	0	0	0	0	b'a{0,4}?b'
corpus	vm	vm	0	0	0	0	b'a{0,4}?b'
corpus	default	vm	0	0	0	0	b'(a{1,3}){65}'
corpus	vm	vm	0	0	0	0	b'(a{1,3}){65}'
corpus	default	vm	0	0	0	0	b'(a{1,3}){64}'
corpus	vm	vm	0	0	0	0	b'(a{1,3}){64}'
corpus	default	vm	0	0	0	0	b'(a{1,3}){66}'
corpus	vm	vm	0	0	0	0	b'(a{1,3}){66}'
corpus	default	dfa	0	0	0	0	b'a{500}'
corpus	vm	vm	0	0	0	0	b'a{500}'
corpus	default	dfa	0	0	0	0	b'a{200,500}'
corpus	vm	vm	0	0	0	0	b'a{200,500}'
corpus	default	dfa	0	0	0	0	b'a{200,500}?'
corpus	vm	vm	0	0	0	0	b'a{200,500}?'
corpus	default	vm	0	0	0	0	b'(ab){300}'
corpus	vm	vm	0	0	0	0	b'(ab){300}'
corpus	default	dfa	0	0	0	0	b'[ab]{1000}'
corpus	vm	vm	0	0	0	0	b'[ab]{1000}'
corpus	default	dfa	0	0	0	0	b'a{1,2000}'
corpus	vm	vm	0	0	0	0	b'a{1,2000}'
corpus	default	vm	0	0	0	0	b'(a{10,20}){10,50}'
corpus	vm	vm	0	0	0	0	b'(a{10,20}){10,50}'
corpus	default	vm	0	0	0	0	b'(a{2,3}){2,3}'
corpus	vm	vm	0	0	0	0	b'(a{2,3}){2,3}'
corpus	default	vm	0	0	0	0	b'(a{2,3}?){2,3}'
corpus	vm	vm	0	0	0	0	b'(a{2,3}?){2,3}'
corpus	default	vm	0	0	0	0	b'(a{2,3}){2,3}?'
corpus	vm	vm	0	0	0	0	b'(a{2,3}){2,3}?'
corpus	default	vm	0	0	0	0	b'(a{2,3}?){2,3}?'
corpus	vm	vm	0	0	0	0	b'(a{2,3}?){2,3}?'
corpus	default	vm	0	0	0	0	b'((a{1,2}){1,2}){1,2}'
corpus	vm	vm	0	0	0	0	b'((a{1,2}){1,2}){1,2}'
corpus	default	vm	0	0	0	0	b'((a{1,2}){1,2}){1,2}?'
corpus	vm	vm	0	0	0	0	b'((a{1,2}){1,2}){1,2}?'
corpus	default	vm	0	0	0	0	b'((a{1,2}?){1,2}){1,2}'
corpus	vm	vm	0	0	0	0	b'((a{1,2}?){1,2}){1,2}'
corpus	default	vm	0	0	0	0	b'(a{1,20}){1,50}'
corpus	vm	vm	0	0	0	0	b'(a{1,20}){1,50}'
corpus	default	vm	0	0	0	0	b'((ab){1,3}|(cd){1,2}){1,3}'
corpus	vm	vm	0	0	0	0	b'((ab){1,3}|(cd){1,2}){1,3}'
corpus	default	vm	0	0	0	0	b'([a-c]{1,3}){2,4}'
corpus	vm	vm	0	0	0	0	b'([a-c]{1,3}){2,4}'
corpus	default	dfa	0	0	0	0	b'.'
corpus	vm	vm	0	0	0	0	b'.'
corpus	default	dfa	0	0	0	0	b'...'
corpus	vm	vm	0	0	0	0	b'...'
corpus	default	dfa	0	0	0	0	b'a.'
corpus	vm	vm	0	0	0	0	b'a.'
corpus	default	dfa	0	0	0	0	b'..'
corpus	vm	vm	0	0	0	0	b'..'
corpus	default	dfa	0	0	0	0	b'.*'
corpus	vm	vm	0	0	0	0	b'.*'
corpus	default	dfa	0	0	0	0	b'.+'
corpus	vm	vm	0	0	0	0	b'.+'
corpus	default	dfa	0	0	0	0	b'a*'
corpus	vm	vm	0	0	0	0	b'a*'
corpus	default	dfa	0	0	0	0	b'a?'
corpus	vm	vm	0	0	0	0	b'a?'
corpus	default	dfa	0	0	0	0	b'(?:a|)'
corpus	vm	vm	0	0	0	0	b'(?:a|)'
corpus	default	dfa	0	0	0	0	b'(?:a|)b'
corpus	vm	vm	0	0	0	0	b'(?:a|)b'
corpus	default	vm	0	0	0	0	b'(a|)b'
corpus	vm	vm	0	0	0	0	b'(a|)b'
corpus	default	vm	0	0	0	0	b'(abc)?'
corpus	vm	vm	0	0	0	0	b'(abc)?'
corpus	default	vm	0	0	0	0	b'()'
corpus	vm	vm	0	0	0	0	b'()'
corpus	default	dfa	0	0	0	0	b'(?:)'
corpus	vm	vm	0	0	0	0	b'(?:)'
corpus	default	dfa	0	0	0	0	b'a{0,}'
corpus	vm	vm	0	0	0	0	b'a{0,}'
corpus	default	dfa	0	0	0	0	b'x*y*'
corpus	vm	vm	0	0	0	0	b'x*y*'
corpus	default	dfa	0	0	0	0	b'^a*$'
corpus	vm	vm	0	0	0	0	b'^a*$'
corpus	default	dfa	0	0	0	0	b'(?:x|y|)'
corpus	vm	vm	0	0	0	0	b'(?:x|y|)'
corpus	default	dfa	0	0	0	0	b'a*b$'
corpus	vm	vm	0	0	0	0	b'a*b$'
corpus	default	dfa	0	0	0	0	b'a$\\n'
corpus	vm	vm	0	0	0	0	b'a$\\n'
corpus	default	dfa	0	0	0	0	b'$|\\n'
corpus	vm	vm	0	0	0	0	b'$|\\n'
corpus	default	dfa	0	0	0	0	b'(?:$|[^abc]){2,}'
corpus	vm	vm	0	0	0	0	b'(?:$|[^abc]){2,}'
corpus	default	dfa	0	0	0	0	b'.*$'
corpus	vm	vm	0	0	0	0	b'.*$'
corpus	default	dfa	0	0	0	0	b'a+?$'
corpus	vm	vm	0	0	0	0	b'a+?$'
corpus	default	dfa	0	0	0	0	b'(?:ab$|a)'
corpus	vm	vm	0	0	0	0	b'(?:ab$|a)'
corpus	default	dfa	0	0	0	0	b'x*$'
corpus	vm	vm	0	0	0	0	b'x*$'
corpus	default	dfa	0	0	0	0	b'[0-9]+z$'
corpus	vm	vm	0	0	0	0	b'[0-9]+z$'
corpus	default	dfa	0	0	0	0	b'.*=.*$'
corpus	vm	vm	0	0	0	0	b'.*=.*$'
corpus	default	dfa	0	0	0	0	b'a*b*$'
corpus	vm	vm	0	0	0	0	b'a*b*$'
corpus	default	dfa	0	0	0	0	b'[a-z]*$'
corpus	vm	vm	0	0	0	0	b'[a-z]*$'
corpus	default	dfa	0	0	0	0	b'[^\\n]*$'
corpus	vm	vm	0	0	0	0	b'[^\\n]*$'
corpus	default	dfa	0	0	0	0	b'b*$'
corpus	vm	vm	0	0	0	0	b'b*$'
corpus	default	dfa	0	0	0	0	b'a.*$'
corpus	vm	vm	0	0	0	0	b'a.*$'
corpus	default	dfa	0	0	0	0	b'[a-z]+@[a-z]+$'
corpus	vm	vm	0	0	0	0	b'[a-z]+@[a-z]+$'
corpus	default	dfa	0	0	0	0	b'.$'
corpus	vm	vm	0	0	0	0	b'.$'
corpus	default	dfa	0	0	0	0	b'a.*|b$'
corpus	vm	vm	0	0	0	0	b'a.*|b$'
corpus	default	dfa	0	0	0	0	b'=.*|x$'
corpus	vm	vm	0	0	0	0	b'=.*|x$'
corpus	default	dfa	0	0	0	0	b'a[^\\n]*|\\n$'
corpus	vm	vm	0	0	0	0	b'a[^\\n]*|\\n$'
corpus	default	dfa	0	0	0	0	b'[a-z].*|q$'
corpus	vm	vm	0	0	0	0	b'[a-z].*|q$'
corpus	default	dfa	0	0	0	0	b'a.*|b'
corpus	vm	vm	0	0	0	0	b'a.*|b'
corpus	default	dfa	0	0	0	0	b'=.*|;'
corpus	vm	vm	0	0	0	0	b'=.*|;'
corpus	default	dfa	0	0	0	0	b'a(?:$|.)*'
corpus	vm	vm	0	0	0	0	b'a(?:$|.)*'
corpus	default	dfa	0	0	0	0	b'x(?:$|[^\\n])*'
corpus	vm	vm	0	0	0	0	b'x(?:$|[^\\n])*'
corpus	default	dfa	0	0	0	0	b'(?:=|$)(?:.|$)*'
corpus	vm	vm	0	0	0	0	b'(?:=|$)(?:.|$)*'
corpus	default	dfa	0	0	0	0	b'x$.*'
corpus	vm	vm	0	0	0	0	b'x$.*'
corpus	default	dfa	0	0	0	0	b'a$.*'
corpus	vm	vm	0	0	0	0	b'a$.*'
corpus	default	dfa	0	0	0	0	b'.*$.*'
corpus	vm	vm	0	0	0	0	b'.*$.*'
corpus	default	dfa	0	0	0	0	b'$[^\\n]*'
corpus	vm	vm	0	0	0	0	b'$[^\\n]*'
corpus	default	dfa	0	0	0	0	b'[a-z]*='
corpus	vm	vm	0	0	0	0	b'[a-z]*='
corpus	default	dfa	0	0	0	0	b'.*='
corpus	vm	vm	0	0	0	0	b'.*='
corpus	default	dfa	0	0	0	0	b'x.*y'
corpus	vm	vm	0	0	0	0	b'x.*y'
corpus	default	dfa	0	0	0	0	b'[^\\n]*='
corpus	vm	vm	0	0	0	0	b'[^\\n]*='
corpus	default	dfa	0	0	0	0	b'\\.'
corpus	vm	vm	0	0	0	0	b'\\.'
corpus	default	dfa	0	0	0	0	b'\\*'
corpus	vm	vm	0	0	0	0	b'\\*'
corpus	default	dfa	0	0	0	0	b'\\+'
corpus	vm	vm	0	0	0	0	b'\\+'
corpus	default	dfa	0	0	0	0	b'\\?'
corpus	vm	vm	0	0	0	0	b'\\?'
corpus	default	dfa	0	0	0	0	b'\\('
corpus	vm	vm	0	0	0	0	b'\\('
corpus	default	dfa	0	0	0	0	b'\\)'
corpus	vm	vm	0	0	0	0	b'\\)'
corpus	default	dfa	0	0	0	0	b'\\['
corpus	vm	vm	0	0	0	0	b'\\['
corpus	default	dfa	0	0	0	0	b'\\]'
corpus	vm	vm	0	0	0	0	b'\\]'
corpus	default	dfa	0	0	0	0	b'\\{'
corpus	vm	vm	0	0	0	0	b'\\{'
corpus	default	dfa	0	0	0	0	b'\\|'
corpus	vm	vm	0	0	0	0	b'\\|'
corpus	default	dfa	0	0	0	0	b'\\\\'
corpus	vm	vm	0	0	0	0	b'\\\\'
corpus	default	dfa	0	0	0	0	b'\\^'
corpus	vm	vm	0	0	0	0	b'\\^'
corpus	default	dfa	0	0	0	0	b'\\$'
corpus	vm	vm	0	0	0	0	b'\\$'
corpus	default	dfa	0	0	0	0	b'\\-'
corpus	vm	vm	0	0	0	0	b'\\-'
corpus	default	dfa	0	0	0	0	b'a\\.b'
corpus	vm	vm	0	0	0	0	b'a\\.b'
corpus	default	dfa	0	0	0	0	b'\\n'
corpus	vm	vm	0	0	0	0	b'\\n'
corpus	default	dfa	0	0	0	0	b'\\t'
corpus	vm	vm	0	0	0	0	b'\\t'
corpus	default	dfa	0	0	0	0	b'\\r'
corpus	vm	vm	0	0	0	0	b'\\r'
corpus	default	dfa	0	0	0	0	b'\\f'
corpus	vm	vm	0	0	0	0	b'\\f'
corpus	default	dfa	0	0	0	0	b'\\x41'
corpus	vm	vm	0	0	0	0	b'\\x41'
corpus	default	dfa	0	0	0	0	b'\\x2e'
corpus	vm	vm	0	0	0	0	b'\\x2e'
corpus	default	dfa	0	0	0	0	b'\\x41\\x42\\x43'
corpus	vm	vm	0	0	0	0	b'\\x41\\x42\\x43'
corpus	default	dfa	0	0	0	0	b'[\\x09\\x0a]'
corpus	vm	vm	0	0	0	0	b'[\\x09\\x0a]'
corpus	default	dfa	0	0	0	0	b'\\(\\)'
corpus	vm	vm	0	0	0	0	b'\\(\\)'
corpus	default	dfa	0	0	0	0	b'a\\{2\\}'
corpus	vm	vm	0	0	0	0	b'a\\{2\\}'
corpus	default	dfa	0	0	0	0	b'\\a'
corpus	vm	vm	0	0	0	0	b'\\a'
corpus	default	dfa	0	0	0	0	b'\\e'
corpus	vm	vm	0	0	0	0	b'\\e'
corpus	default	dfa	0	0	0	0	b'[\\b]'
corpus	vm	vm	0	0	0	0	b'[\\b]'
corpus	default	dfa	0	0	0	0	b'a{,3}'
corpus	vm	vm	0	0	0	0	b'a{,3}'
corpus	default	dfa	0	0	0	0	b'a{,3}b'
corpus	vm	vm	0	0	0	0	b'a{,3}b'
corpus	default	dfa	0	0	0	0	b'(?:ab){,2}c'
corpus	vm	vm	0	0	0	0	b'(?:ab){,2}c'
corpus	default	dfa	0	0	0	0	b'a{,}'
corpus	vm	vm	0	0	0	0	b'a{,}'
corpus	default	dfa	0	0	0	0	b'(()|^){0}[b]'
corpus	vm	vm	0	0	0	0	b'(()|^){0}[b]'
corpus	default	dfa	0	0	0	0	b'(()|$){0}b'
corpus	vm	vm	0	0	0	0	b'(()|$){0}b'
corpus	default	vm	0	0	0	0	b'(a)'
corpus	vm	vm	0	0	0	0	b'(a)'
corpus	default	dfa	0	0	0	0	b'(?:a)'
corpus	vm	vm	0	0	0	0	b'(?:a)'
corpus	default	vm	0	0	0	0	b'(ab)c'
corpus	vm	vm	0	0	0	0	b'(ab)c'
corpus	default	vm	0	0	0	0	b'(a(b)c)'
corpus	vm	vm	0	0	0	0	b'(a(b)c)'
corpus	default	vm	0	0	0	0	b'(a(bc)d)'
corpus	vm	vm	0	0	0	0	b'(a(bc)d)'
corpus	default	dfa	0	0	0	0	b'(?:ab)+'
corpus	vm	vm	0	0	0	0	b'(?:ab)+'
corpus	default	dfa	0	0	0	0	b'(?:a|b)+'
corpus	vm	vm	0	0	0	0	b'(?:a|b)+'
corpus	default	vm	0	0	0	0	b'((a))'
corpus	vm	vm	0	0	0	0	b'((a))'
corpus	default	vm	0	0	0	0	b'(a)(b)(c)'
corpus	vm	vm	0	0	0	0	b'(a)(b)(c)'
corpus	default	vm	0	0	0	0	b'(a|(b))c'
corpus	vm	vm	0	0	0	0	b'(a|(b))c'
corpus	default	dfa	0	0	0	0	b'(?:a(?:b(?:c)))'
corpus	vm	vm	0	0	0	0	b'(?:a(?:b(?:c)))'
corpus	default	vm	0	0	0	0	b'(abc)*'
corpus	vm	vm	0	0	0	0	b'(abc)*'
corpus	default	vm	0	0	0	0	b'(a|b)(c|d)'
corpus	vm	vm	0	0	0	0	b'(a|b)(c|d)'
corpus	default	vm	0	0	0	0	b'((ab)+c)+'
corpus	vm	vm	0	0	0	0	b'((ab)+c)+'
corpus	default	dfa	0	0	0	0	b'(?:(?:a))'
corpus	vm	vm	0	0	0	0	b'(?:(?:a))'
corpus	default	dfa	0	0	0	0	b'\\x80'
corpus	vm	vm	0	0	0	0	b'\\x80'
corpus	default	dfa	0	0	0	0	b'\\xff'
corpus	vm	vm	0	0	0	0	b'\\xff'
corpus	default	dfa	0	0	0	0	b'\\x81'
corpus	vm	vm	0	0	0	0	b'\\x81'
corpus	default	dfa	0	0	0	0	b'[\\x80-\\xbf]'
corpus	vm	vm	0	0	0	0	b'[\\x80-\\xbf]'
corpus	default	dfa	0	0	0	0	b'[^\\x80-\\xbf]'
corpus	vm	vm	0	0	0	0	b'[^\\x80-\\xbf]'
corpus	default	dfa	0	0	0	0	b'\\xde\\xad\\xbe\\xef'
corpus	vm	vm	0	0	0	0	b'\\xde\\xad\\xbe\\xef'
corpus	default	dfa	0	0	0	0	b'\\xff+'
corpus	vm	vm	0	0	0	0	b'\\xff+'
corpus	default	dfa	0	0	0	0	b'\\x80|\\xff'
corpus	vm	vm	0	0	0	0	b'\\x80|\\xff'
corpus	default	dfa	0	0	0	0	b'a.b'
corpus	vm	vm	0	0	0	0	b'a.b'
corpus	default	dfa	0	0	0	0	b'[a\\x80-\\x9f]+'
corpus	vm	vm	0	0	0	0	b'[a\\x80-\\x9f]+'
corpus	default	dfa	0	0	0	0	b'(?:(?:a|b*?)?)*'
corpus	vm	vm	0	0	0	0	b'(?:(?:a|b*?)?)*'
corpus	default	dfa	0	0	0	0	b'(?:(?:b*?|a)?)*'
corpus	vm	vm	0	0	0	0	b'(?:(?:b*?|a)?)*'
corpus	default	vm	0	0	0	0	b'((?:a|b*?)?)*'
corpus	vm	vm	0	0	0	0	b'((?:a|b*?)?)*'
corpus	default	vm	0	0	0	0	b'((?:b*?|a)?)*'
corpus	vm	vm	0	0	0	0	b'((?:b*?|a)?)*'
corpus	default	vm	0	0	0	0	b'(?:(a|b*?)?)*'
corpus	vm	vm	0	0	0	0	b'(?:(a|b*?)?)*'
corpus	default	vm	0	0	0	0	b'(?:(b*?|a)?)*'
corpus	vm	vm	0	0	0	0	b'(?:(b*?|a)?)*'
corpus	default	dfa	0	0	0	0	b'(?:(?:a+|b*?)?)*'
corpus	vm	vm	0	0	0	0	b'(?:(?:a+|b*?)?)*'
corpus	default	dfa	0	0	0	0	b'(?:(?:b*?|a+)?)*'
corpus	vm	vm	0	0	0	0	b'(?:(?:b*?|a+)?)*'
corpus	default	dfa	0	0	0	0	b'(?:(?:a|b??)?)*'
corpus	vm	vm	0	0	0	0	b'(?:(?:a|b??)?)*'
corpus	default	dfa	0	0	0	0	b'(?:(?:b??|a)?)*'
corpus	vm	vm	0	0	0	0	b'(?:(?:b??|a)?)*'
corpus	default	dfa	0	0	0	0	b'(?:(?:a?|b*?)?)*'
corpus	vm	vm	0	0	0	0	b'(?:(?:a?|b*?)?)*'
corpus	default	dfa	0	0	0	0	b'(?:(?:b*?|a?)?)*'
corpus	vm	vm	0	0	0	0	b'(?:(?:b*?|a?)?)*'
corpus	default	dfa	0	0	0	0	b'(?:(?:a|b*?)?)+'
corpus	vm	vm	0	0	0	0	b'(?:(?:a|b*?)?)+'
corpus	default	dfa	0	0	0	0	b'(?:(?:b*?|a)?)+'
corpus	vm	vm	0	0	0	0	b'(?:(?:b*?|a)?)+'
corpus	default	dfa	0	0	0	0	b'(?:(?:[a]|[b]*?)?)*'
corpus	vm	vm	0	0	0	0	b'(?:(?:[a]|[b]*?)?)*'
corpus	default	dfa	0	0	0	0	b'(?:(?:[b]*?|[a])?)*'
corpus	vm	vm	0	0	0	0	b'(?:(?:[b]*?|[a])?)*'
corpus	default	dfa	0	0	0	0	b'(?:(?:a|c|b*?)?)*'
corpus	vm	vm	0	0	0	0	b'(?:(?:a|c|b*?)?)*'
corpus	default	dfa	0	0	0	0	b'(?:(?:b*?|a|c)?)*'
corpus	vm	vm	0	0	0	0	b'(?:(?:b*?|a|c)?)*'
corpus	default	dfa	0	0	0	0	b'^(?:(?:a|b*?)?)*'
corpus	vm	vm	0	0	0	0	b'^(?:(?:a|b*?)?)*'
corpus	default	dfa	0	0	0	0	b'^(?:(?:b*?|a)?)*'
corpus	vm	vm	0	0	0	0	b'^(?:(?:b*?|a)?)*'
corpus	default	dfa	0	0	0	0	b'(?:(?:b*|a)?)*'
corpus	vm	vm	0	0	0	0	b'(?:(?:b*|a)?)*'
corpus	default	dfa	0	0	0	0	b'(?:(?:a|b*)?)*'
corpus	vm	vm	0	0	0	0	b'(?:(?:a|b*)?)*'
corpus	default	dfa	0	0	0	0	b'(?:(?:b?|a)?)*'
corpus	vm	vm	0	0	0	0	b'(?:(?:b?|a)?)*'
corpus	default	dfa	0	0	0	0	b'(?:(?:a|b?)?)*'
corpus	vm	vm	0	0	0	0	b'(?:(?:a|b?)?)*'
corpus	default	dfa	0	0	0	0	b'(?:(?:[b]*|a)?)*'
corpus	vm	vm	0	0	0	0	b'(?:(?:[b]*|a)?)*'
corpus	default	dfa	0	0	0	0	b'(?:(?:a|[b]*)?)*'
corpus	vm	vm	0	0	0	0	b'(?:(?:a|[b]*)?)*'
corpus	default	vm	0	0	0	0	b'((?:b*|a)?)*'
corpus	vm	vm	0	0	0	0	b'((?:b*|a)?)*'
corpus	default	vm	0	0	0	0	b'((?:a|b*)?)*'
corpus	vm	vm	0	0	0	0	b'((?:a|b*)?)*'
corpus	default	dfa	0	0	0	0	b'(?:(?:b*|a)?)+'
corpus	vm	vm	0	0	0	0	b'(?:(?:b*|a)?)+'
corpus	default	dfa	0	0	0	0	b'(?:(?:a|b*)?)+'
corpus	vm	vm	0	0	0	0	b'(?:(?:a|b*)?)+'
corpus	default	dfa	0	0	0	0	b'^(?:(?:b*|a)?)*'
corpus	vm	vm	0	0	0	0	b'^(?:(?:b*|a)?)*'
corpus	default	dfa	0	0	0	0	b'^(?:(?:a|b*)?)*'
corpus	vm	vm	0	0	0	0	b'^(?:(?:a|b*)?)*'
corpus	default	dfa	0	0	0	0	b'(?:(?:b{0,2}|a)?)*'
corpus	vm	vm	0	0	0	0	b'(?:(?:b{0,2}|a)?)*'
corpus	default	dfa	0	0	0	0	b'(?:(?:a|b{0,2})?)*'
corpus	vm	vm	0	0	0	0	b'(?:(?:a|b{0,2})?)*'
corpus	default	dfa	0	0	0	0	b'(?:(?:b{0,2}?|a)?)*'
corpus	vm	vm	0	0	0	0	b'(?:(?:b{0,2}?|a)?)*'
corpus	default	dfa	0	0	0	0	b'(?:(?:a|b{0,2}?)?)*'
corpus	vm	vm	0	0	0	0	b'(?:(?:a|b{0,2}?)?)*'
corpus	default	dfa	0	0	0	0	b'(?:(?:(?:b|)|a)?)*'
corpus	vm	vm	0	0	0	0	b'(?:(?:(?:b|)|a)?)*'
corpus	default	dfa	0	0	0	0	b'(?:(?:a|(?:b|))?)*'
corpus	vm	vm	0	0	0	0	b'(?:(?:a|(?:b|))?)*'
corpus	default	dfa	0	0	0	0	b'(?:(?:(?:|b)|a)?)*'
corpus	vm	vm	0	0	0	0	b'(?:(?:(?:|b)|a)?)*'
corpus	default	dfa	0	0	0	0	b'(?:(?:a|(?:|b))?)*'
corpus	vm	vm	0	0	0	0	b'(?:(?:a|(?:|b))?)*'
corpus	default	vm	0	0	0	0	b'((?:(?:b|)|a)?)*'
corpus	vm	vm	0	0	0	0	b'((?:(?:b|)|a)?)*'
corpus	default	dfa	0	0	0	0	b'(?:(?:b?|a)(?:b?|d))*'
corpus	vm	vm	0	0	0	0	b'(?:(?:b?|a)(?:b?|d))*'
corpus	default	dfa	0	0	0	0	b'(?:(?:a|b?)(?:d|b?))*'
corpus	vm	vm	0	0	0	0	b'(?:(?:a|b?)(?:d|b?))*'
corpus	default	dfa	0	0	0	0	b'(?:(?:b*|a)(?:b*|d))*'
corpus	vm	vm	0	0	0	0	b'(?:(?:b*|a)(?:b*|d))*'
corpus	default	dfa	0	0	0	0	b'(?:(?:b*?|a)(?:b*?|d))*'
corpus	vm	vm	0	0	0	0	b'(?:(?:b*?|a)(?:b*?|d))*'
corpus	default	dfa	0	0	0	0	b'(?:(?:a|b*?)*)*'
corpus	vm	vm	0	0	0	0	b'(?:(?:a|b*?)*)*'
corpus	default	dfa	0	0	0	0	b'(?:(?:a|b*?))*'
corpus	vm	vm	0	0	0	0	b'(?:(?:a|b*?))*'
corpus	default	dfa	0	0	0	0	b'(?:(?:a|b*?)?)'
corpus	vm	vm	0	0	0	0	b'(?:(?:a|b*?)?)'
corpus	default	dfa	0	0	0	0	b'(?:a(?:b*?)?)*'
corpus	vm	vm	0	0	0	0	b'(?:a(?:b*?)?)*'
corpus	default	dfa	0	0	0	0	b'(?:(?:a|)?)*'
corpus	vm	vm	0	0	0	0	b'(?:(?:a|)?)*'
corpus	default	dfa	0	0	0	0	b'(?:b*?(?:a*)*)*'
corpus	vm	vm	0	0	0	0	b'(?:b*?(?:a*)*)*'
corpus	default	dfa	0	0	0	0	b'(?:b*?(?:(?:a*)*)*)*'
corpus	vm	vm	0	0	0	0	b'(?:b*?(?:(?:a*)*)*)*'
corpus	default	dfa	0	0	0	0	b'a(?:b|c)*d'
corpus	vm	vm	0	0	0	0	b'a(?:b|c)*d'
corpus	default	dfa	0	0	0	0	b'(?:a*|b*){3}'
corpus	vm	vm	0	0	0	0	b'(?:a*|b*){3}'
corpus	default	vm	0	0	0	0	b'(1{0,30}?[^]abc][^abc]){28,30}0+|a'
corpus	vm	vm	0	0	0	0	b'(1{0,30}?[^]abc][^abc]){28,30}0+|a'
corpus	default	vm	0	0	0	0	b'(1{0,30}?[^]abc][^abc]){8,8}0+|a'
corpus	vm	vm	0	0	0	0	b'(1{0,30}?[^]abc][^abc]){8,8}0+|a'
corpus	default	vm	0	0	0	0	b'((?:(?:(?:[^a]{1,2}|[^a]??|.{0,2}?)+){0,2}(){2,3}){1,2}){2,3}'
corpus	vm	vm	0	0	0	0	b'((?:(?:(?:[^a]{1,2}|[^a]??|.{0,2}?)+){0,2}(){2,3}){1,2}){2,3}'
corpus	default	vm	0	0	0	0	b'((?:(?:(?:[^a]{1,2}|[^a]??|.{0,2}?)+){0,4}(){2,3}){1,2}){2,3}'
corpus	vm	vm	0	0	0	0	b'((?:(?:(?:[^a]{1,2}|[^a]??|.{0,2}?)+){0,4}(){2,3}){1,2}){2,3}'
corpus	default	vm	0	0	0	0	b'((?:(?:(?:[^a]{1,2}|[^a]??|.{0,2}?)+){0,6}(){2,3}){1,2}){2,3}'
corpus	vm	vm	0	0	0	0	b'((?:(?:(?:[^a]{1,2}|[^a]??|.{0,2}?)+){0,6}(){2,3}){1,2}){2,3}'
corpus	default	vm	0	0	0	0	b'((?:(?:(?:[^a]{1,2}|[^a]??|.{0,2}?)+){0,8}(){2,3}){1,2}){2,3}'
corpus	vm	vm	0	0	0	0	b'((?:(?:(?:[^a]{1,2}|[^a]??|.{0,2}?)+){0,8}(){2,3}){1,2}){2,3}'
corpus	default	dfa	0	0	0	0	b'(?:(?:(?:(?:a*)*)*)*)*'
corpus	vm	vm	0	0	0	0	b'(?:(?:(?:(?:a*)*)*)*)*'
corpus	default	dfa	0	0	0	0	b'(?:(?:(?:(?:(?:(?:(?:(?:(?:(?:(?:(?:(?:(?:(?:(?:a*)*)*)*)*)*)*)*)*)*)*)*)*)*)*)*)*'
corpus	vm	vm	0	0	0	0	b'(?:(?:(?:(?:(?:(?:(?:(?:(?:(?:(?:(?:(?:(?:(?:(?:a*)*)*)*)*)*)*)*)*)*)*)*)*)*)*)*)*'
corpus	default	dfa	0	0	0	0	b'(?:(?:(?:(?:(?:(?:(?:(?:(?:(?:(?:(?:(?:(?:(?:(?:(?:(?:(?:(?:(?:(?:(?:(?:(?:(?:(?:(?:(?:(?:(?:(?:(?:(?:(?:(?:(?:(?:(?:(?:(?:(?:(?:(?:(?:(?:(?:(?:(?:(?:(?:(?:(?:('
corpus	vm	vm	0	0	0	0	b'(?:(?:(?:(?:(?:(?:(?:(?:(?:(?:(?:(?:(?:(?:(?:(?:(?:(?:(?:(?:(?:(?:(?:(?:(?:(?:(?:(?:(?:(?:(?:(?:(?:(?:(?:(?:(?:(?:(?:(?:(?:(?:(?:(?:(?:(?:(?:(?:(?:(?:(?:(?:(?:('
corpus	default	dfa	0	0	0	0	b'(?:(?:(?:(?:(?:(?:(?:(?:(?:(?:(?:(?:(?:(?:(?:(?:(?:(?:(?:(?:(?:(?:(?:(?:(?:(?:(?:(?:(?:(?:(?:(?:(?:(?:(?:(?:(?:(?:(?:(?:(?:(?:(?:(?:(?:(?:(?:(?:(?:(?:(?:(?:(?:('
corpus	vm	vm	0	0	0	0	b'(?:(?:(?:(?:(?:(?:(?:(?:(?:(?:(?:(?:(?:(?:(?:(?:(?:(?:(?:(?:(?:(?:(?:(?:(?:(?:(?:(?:(?:(?:(?:(?:(?:(?:(?:(?:(?:(?:(?:(?:(?:(?:(?:(?:(?:(?:(?:(?:(?:(?:(?:(?:(?:('
corpus	default	dfa	0	0	0	0	b'(?:(?:(?:(?:(?:(?:(?:(?:(?:(?:(?:(?:(?:(?:(?:(?:(?:(?:(?:(?:(?:(?:(?:(?:(?:(?:(?:(?:(?:(?:(?:(?:(?:(?:(?:(?:(?:(?:(?:(?:(?:(?:(?:(?:(?:(?:(?:(?:(?:(?:(?:(?:(?:('
corpus	vm	vm	0	0	0	0	b'(?:(?:(?:(?:(?:(?:(?:(?:(?:(?:(?:(?:(?:(?:(?:(?:(?:(?:(?:(?:(?:(?:(?:(?:(?:(?:(?:(?:(?:(?:(?:(?:(?:(?:(?:(?:(?:(?:(?:(?:(?:(?:(?:(?:(?:(?:(?:(?:(?:(?:(?:(?:(?:('
corpus	default	dfa	0	0	0	0	b'(?:(?:(?:(?:(?:(?:(?:(?:(?:(?:(?:(?:(?:(?:(?:(?:(?:(?:(?:(?:(?:(?:(?:(?:(?:(?:(?:(?:(?:(?:(?:(?:(?:(?:(?:(?:(?:(?:(?:(?:(?:(?:(?:(?:(?:(?:(?:(?:(?:(?:(?:(?:(?:('
corpus	vm	vm	0	0	0	0	b'(?:(?:(?:(?:(?:(?:(?:(?:(?:(?:(?:(?:(?:(?:(?:(?:(?:(?:(?:(?:(?:(?:(?:(?:(?:(?:(?:(?:(?:(?:(?:(?:(?:(?:(?:(?:(?:(?:(?:(?:(?:(?:(?:(?:(?:(?:(?:(?:(?:(?:(?:(?:(?:('
corpus	default	dfa	0	0	0	0	b'(?:(?:(?:(?:(?:(?:(?:(?:(?:(?:(?:(?:(?:(?:(?:(?:(?:(?:(?:(?:(?:(?:(?:(?:(?:(?:(?:(?:(?:(?:(?:(?:(?:(?:(?:(?:(?:(?:(?:(?:(?:(?:(?:(?:(?:(?:(?:(?:(?:(?:(?:(?:(?:('
corpus	vm	vm	0	0	0	0	b'(?:(?:(?:(?:(?:(?:(?:(?:(?:(?:(?:(?:(?:(?:(?:(?:(?:(?:(?:(?:(?:(?:(?:(?:(?:(?:(?:(?:(?:(?:(?:(?:(?:(?:(?:(?:(?:(?:(?:(?:(?:(?:(?:(?:(?:(?:(?:(?:(?:(?:(?:(?:(?:('
corpus	default	dfa	0	0	0	0	b'(?:(?:a*)*(?:a*)*(?:a*)*(?:a*)*(?:a*)*(?:a*)*(?:a*)*(?:a*)*(?:a*)*(?:a*)*(?:a*)*(?:a*)*(?:a*)*(?:a*)*(?:a*)*(?:a*)*(?:a*)*(?:a*)*(?:a*)*(?:a*)*(?:a*)*(?:a*)*(?:'
corpus	vm	vm	0	0	0	0	b'(?:(?:a*)*(?:a*)*(?:a*)*(?:a*)*(?:a*)*(?:a*)*(?:a*)*(?:a*)*(?:a*)*(?:a*)*(?:a*)*(?:a*)*(?:a*)*(?:a*)*(?:a*)*(?:a*)*(?:a*)*(?:a*)*(?:a*)*(?:a*)*(?:a*)*(?:a*)*(?:'
corpus	default	dfa	0	0	0	0	b'(?:(?:b*|a){0,2})*'
corpus	vm	vm	0	0	0	0	b'(?:(?:b*|a){0,2})*'
corpus	default	dfa	0	0	0	0	b'(?:(?:a|b*?){0,2})*'
corpus	vm	vm	0	0	0	0	b'(?:(?:a|b*?){0,2})*'
corpus	default	dfa	0	0	0	0	b'(?:(?:a|b*?){0,2})+'
corpus	vm	vm	0	0	0	0	b'(?:(?:a|b*?){0,2})+'
corpus	default	dfa	0	0	0	0	b'(?:(?:b?|a){0,2})*'
corpus	vm	vm	0	0	0	0	b'(?:(?:b?|a){0,2})*'
corpus	default	dfa	0	0	0	0	b'(?:(?:b?|a){0,2})+'
corpus	vm	vm	0	0	0	0	b'(?:(?:b?|a){0,2})+'
corpus	default	dfa	0	0	0	0	b'(?:(?:a|b??){0,2})*'
corpus	vm	vm	0	0	0	0	b'(?:(?:a|b??){0,2})*'
corpus	default	dfa	0	0	0	0	b'(?:(?:a|b??){0,2})+'
corpus	vm	vm	0	0	0	0	b'(?:(?:a|b??){0,2})+'
corpus	default	dfa	0	0	0	0	b'(?:(?:b{0,2}|a){0,2})*'
corpus	vm	vm	0	0	0	0	b'(?:(?:b{0,2}|a){0,2})*'
corpus	default	dfa	0	0	0	0	b'(?:(?:b{0,2}|a){0,2})+'
corpus	vm	vm	0	0	0	0	b'(?:(?:b{0,2}|a){0,2})+'
corpus	default	dfa	0	0	0	0	b'(?:(?:a|b{0,2}?){0,2})*'
corpus	vm	vm	0	0	0	0	b'(?:(?:a|b{0,2}?){0,2})*'
corpus	default	dfa	0	0	0	0	b'(?:(?:a|b{0,2}?){0,2})+'
corpus	vm	vm	0	0	0	0	b'(?:(?:a|b{0,2}?){0,2})+'
corpus	default	dfa	0	0	0	0	b'(?:(?:a|[a-c]*?){0,2})*'
corpus	vm	vm	0	0	0	0	b'(?:(?:a|[a-c]*?){0,2})*'
corpus	default	dfa	0	0	0	0	b'(?:(?:a|[a-c]*?){0,2})+'
corpus	vm	vm	0	0	0	0	b'(?:(?:a|[a-c]*?){0,2})+'
corpus	default	dfa	0	0	0	0	b'(?:(?:a|[a-c]??){0,2})*'
corpus	vm	vm	0	0	0	0	b'(?:(?:a|[a-c]??){0,2})*'
corpus	default	dfa	0	0	0	0	b'(?:(?:a|[a-c]??){0,2})+'
corpus	vm	vm	0	0	0	0	b'(?:(?:a|[a-c]??){0,2})+'
corpus	default	dfa	0	0	0	0	b'(?:(?:a|[a-c]{0,2}?){0,2})*'
corpus	vm	vm	0	0	0	0	b'(?:(?:a|[a-c]{0,2}?){0,2})*'
corpus	default	dfa	0	0	0	0	b'(?:(?:a|[a-c]{0,2}?){0,2})+'
corpus	vm	vm	0	0	0	0	b'(?:(?:a|[a-c]{0,2}?){0,2})+'
corpus	default	dfa	0	0	0	0	b'(?:(?:a|.*?){0,2})*'
corpus	vm	vm	0	0	0	0	b'(?:(?:a|.*?){0,2})*'
corpus	default	dfa	0	0	0	0	b'(?:(?:a|.*?){0,2})+'
corpus	vm	vm	0	0	0	0	b'(?:(?:a|.*?){0,2})+'
corpus	default	dfa	0	0	0	0	b'(?:(?:a|.??){0,2})*'
corpus	vm	vm	0	0	0	0	b'(?:(?:a|.??){0,2})*'
corpus	default	dfa	0	0	0	0	b'(?:(?:a|.??){0,2})+'
corpus	vm	vm	0	0	0	0	b'(?:(?:a|.??){0,2})+'
corpus	default	dfa	0	0	0	0	b'(?:(?:a|.{0,2}?){0,2})*'
corpus	vm	vm	0	0	0	0	b'(?:(?:a|.{0,2}?){0,2})*'
corpus	default	dfa	0	0	0	0	b'(?:(?:a|.{0,2}?){0,2})+'
corpus	vm	vm	0	0	0	0	b'(?:(?:a|.{0,2}?){0,2})+'
corpus	default	dfa	0	0	0	0	b'(?:(?:[^a]*|a){0,2})*'
corpus	vm	vm	0	0	0	0	b'(?:(?:[^a]*|a){0,2})*'
corpus	default	dfa	0	0	0	0	b'(?:(?:a|[^a]*?){0,2})*'
corpus	vm	vm	0	0	0	0	b'(?:(?:a|[^a]*?){0,2})*'
corpus	default	dfa	0	0	0	0	b'(?:(?:a|[^a]*?){0,2})+'
corpus	vm	vm	0	0	0	0	b'(?:(?:a|[^a]*?){0,2})+'
corpus	default	dfa	0	0	0	0	b'(?:(?:[^a]?|a){0,2})*'
corpus	vm	vm	0	0	0	0	b'(?:(?:[^a]?|a){0,2})*'
corpus	default	dfa	0	0	0	0	b'(?:(?:[^a]?|a){0,2})+'
corpus	vm	vm	0	0	0	0	b'(?:(?:[^a]?|a){0,2})+'
corpus	default	dfa	0	0	0	0	b'(?:(?:a|[^a]??){0,2})*'
corpus	vm	vm	0	0	0	0	b'(?:(?:a|[^a]??){0,2})*'
corpus	default	dfa	0	0	0	0	b'(?:(?:a|[^a]??){0,2})+'
corpus	vm	vm	0	0	0	0	b'(?:(?:a|[^a]??){0,2})+'
corpus	default	dfa	0	0	0	0	b'(?:(?:[^a]{0,2}|a){0,2})*'
corpus	vm	vm	0	0	0	0	b'(?:(?:[^a]{0,2}|a){0,2})*'
corpus	default	dfa	0	0	0	0	b'(?:(?:[^a]{0,2}|a){0,2})+'
corpus	vm	vm	0	0	0	0	b'(?:(?:[^a]{0,2}|a){0,2})+'
corpus	default	dfa	0	0	0	0	b'(?:(?:a|[^a]{0,2}?){0,2})*'
corpus	vm	vm	0	0	0	0	b'(?:(?:a|[^a]{0,2}?){0,2})*'
corpus	default	dfa	0	0	0	0	b'(?:(?:a|[^a]{0,2}?){0,2})+'
corpus	vm	vm	0	0	0	0	b'(?:(?:a|[^a]{0,2}?){0,2})+'
corpus	default	dfa	0	0	0	0	b'(?:(?:b*|a+){0,2})*'
corpus	vm	vm	0	0	0	0	b'(?:(?:b*|a+){0,2})*'
corpus	default	dfa	0	0	0	0	b'(?:(?:a+|b*?){0,2})*'
corpus	vm	vm	0	0	0	0	b'(?:(?:a+|b*?){0,2})*'
corpus	default	dfa	0	0	0	0	b'(?:(?:b?|a+){0,2})*'
corpus	vm	vm	0	0	0	0	b'(?:(?:b?|a+){0,2})*'
corpus	default	dfa	0	0	0	0	b'(?:(?:b?|a+){0,2})+'
corpus	vm	vm	0	0	0	0	b'(?:(?:b?|a+){0,2})+'
corpus	default	dfa	0	0	0	0	b'(?:(?:a+|b??){0,2})*'
corpus	vm	vm	0	0	0	0	b'(?:(?:a+|b??){0,2})*'
corpus	default	dfa	0	0	0	0	b'(?:(?:b{0,2}|a+){0,2})*'
corpus	vm	vm	0	0	0	0	b'(?:(?:b{0,2}|a+){0,2})*'
corpus	default	dfa	0	0	0	0	b'(?:(?:b{0,2}|a+){0,2})+'
corpus	vm	vm	0	0	0	0	b'(?:(?:b{0,2}|a+){0,2})+'
corpus	default	dfa	0	0	0	0	b'(?:(?:a+|b{0,2}?){0,2})*'
corpus	vm	vm	0	0	0	0	b'(?:(?:a+|b{0,2}?){0,2})*'
corpus	default	dfa	0	0	0	0	b'(?:(?:a+|[a-c]*?){0,2})*'
corpus	vm	vm	0	0	0	0	b'(?:(?:a+|[a-c]*?){0,2})*'
corpus	default	dfa	0	0	0	0	b'(?:(?:a+|[a-c]??){0,2})*'
corpus	vm	vm	0	0	0	0	b'(?:(?:a+|[a-c]??){0,2})*'
corpus	default	dfa	0	0	0	0	b'(?:(?:a+|[a-c]{0,2}?){0,2})*'
corpus	vm	vm	0	0	0	0	b'(?:(?:a+|[a-c]{0,2}?){0,2})*'
corpus	default	dfa	0	0	0	0	b'(?:(?:a+|.*?){0,2})*'
corpus	vm	vm	0	0	0	0	b'(?:(?:a+|.*?){0,2})*'
corpus	default	dfa	0	0	0	0	b'(?:(?:a+|.??){0,2})*'
corpus	vm	vm	0	0	0	0	b'(?:(?:a+|.??){0,2})*'
corpus	default	dfa	0	0	0	0	b'(?:(?:a+|.{0,2}?){0,2})*'
corpus	vm	vm	0	0	0	0	b'(?:(?:a+|.{0,2}?){0,2})*'
corpus	default	dfa	0	0	0	0	b'(?:(?:[^a]*|a+){0,2})*'
corpus	vm	vm	0	0	0	0	b'(?:(?:[^a]*|a+){0,2})*'
corpus	default	dfa	0	0	0	0	b'(?:(?:a+|[^a]*?){0,2})*'
corpus	vm	vm	0	0	0	0	b'(?:(?:a+|[^a]*?){0,2})*'
corpus	default	dfa	0	0	0	0	b'(?:(?:[^a]?|a+){0,2})*'
corpus	vm	vm	0	0	0	0	b'(?:(?:[^a]?|a+){0,2})*'
corpus	default	dfa	0	0	0	0	b'(?:(?:[^a]?|a+){0,2})+'
corpus	vm	vm	0	0	0	0	b'(?:(?:[^a]?|a+){0,2})+'
corpus	default	dfa	0	0	0	0	b'(?:(?:a+|[^a]??){0,2})*'
corpus	vm	vm	0	0	0	0	b'(?:(?:a+|[^a]??){0,2})*'
corpus	default	dfa	0	0	0	0	b'(?:(?:[^a]{0,2}|a+){0,2})*'
corpus	vm	vm	0	0	0	0	b'(?:(?:[^a]{0,2}|a+){0,2})*'
corpus	default	dfa	0	0	0	0	b'(?:(?:[^a]{0,2}|a+){0,2})+'
corpus	vm	vm	0	0	0	0	b'(?:(?:[^a]{0,2}|a+){0,2})+'
corpus	default	dfa	0	0	0	0	b'(?:(?:a+|[^a]{0,2}?){0,2})*'
corpus	vm	vm	0	0	0	0	b'(?:(?:a+|[^a]{0,2}?){0,2})*'
corpus	default	dfa	0	0	0	0	b'(?:(?:a*|[a-c]){0,2})*'
corpus	vm	vm	0	0	0	0	b'(?:(?:a*|[a-c]){0,2})*'
corpus	default	dfa	0	0	0	0	b'(?:(?:a?|[a-c]){0,2})*'
corpus	vm	vm	0	0	0	0	b'(?:(?:a?|[a-c]){0,2})*'
corpus	default	dfa	0	0	0	0	b'(?:(?:a?|[a-c]){0,2})+'
corpus	vm	vm	0	0	0	0	b'(?:(?:a?|[a-c]){0,2})+'
corpus	default	dfa	0	0	0	0	b'(?:(?:a{0,2}|[a-c]){0,2})*'
corpus	vm	vm	0	0	0	0	b'(?:(?:a{0,2}|[a-c]){0,2})*'
corpus	default	dfa	0	0	0	0	b'(?:(?:a{0,2}|[a-c]){0,2})+'
corpus	vm	vm	0	0	0	0	b'(?:(?:a{0,2}|[a-c]){0,2})+'
corpus	default	dfa	0	0	0	0	b'(?:(?:b*|[a-c]){0,2})*'
corpus	vm	vm	0	0	0	0	b'(?:(?:b*|[a-c]){0,2})*'
corpus	default	dfa	0	0	0	0	b'(?:(?:b?|[a-c]){0,2})*'
corpus	vm	vm	0	0	0	0	b'(?:(?:b?|[a-c]){0,2})*'
corpus	default	dfa	0	0	0	0	b'(?:(?:b?|[a-c]){0,2})+'
corpus	vm	vm	0	0	0	0	b'(?:(?:b?|[a-c]){0,2})+'
corpus	default	dfa	0	0	0	0	b'(?:(?:b{0,2}|[a-c]){0,2})*'
corpus	vm	vm	0	0	0	0	b'(?:(?:b{0,2}|[a-c]){0,2})*'
corpus	default	dfa	0	0	0	0	b'(?:(?:b{0,2}|[a-c]){0,2})+'
corpus	vm	vm	0	0	0	0	b'(?:(?:b{0,2}|[a-c]){0,2})+'
corpus	default	dfa	0	0	0	0	b'(?:(?:[a-c]|.*?){0,2})*'
corpus	vm	vm	0	0	0	0	b'(?:(?:[a-c]|.*?){0,2})*'
corpus	default	dfa	0	0	0	0	b'(?:(?:[a-c]|.*?){0,2})+'
corpus	vm	vm	0	0	0	0	b'(?:(?:[a-c]|.*?){0,2})+'
corpus	default	dfa	0	0	0	0	b'(?:(?:[a-c]|.??){0,2})*'
corpus	vm	vm	0	0	0	0	b'(?:(?:[a-c]|.??){0,2})*'
corpus	default	dfa	0	0	0	0	b'(?:(?:[a-c]|.??){0,2})+'
corpus	vm	vm	0	0	0	0	b'(?:(?:[a-c]|.??){0,2})+'
corpus	default	dfa	0	0	0	0	b'(?:(?:[a-c]|.{0,2}?){0,2})*'
corpus	vm	vm	0	0	0	0	b'(?:(?:[a-c]|.{0,2}?){0,2})*'
corpus	default	dfa	0	0	0	0	b'(?:(?:[a-c]|.{0,2}?){0,2})+'
corpus	vm	vm	0	0	0	0	b'(?:(?:[a-c]|.{0,2}?){0,2})+'
corpus	default	dfa	0	0	0	0	b'(?:(?:[^a]*|[a-c]){0,2})*'
corpus	vm	vm	0	0	0	0	b'(?:(?:[^a]*|[a-c]){0,2})*'
corpus	default	dfa	0	0	0	0	b'(?:(?:[a-c]|[^a]*?){0,2})*'
corpus	vm	vm	0	0	0	0	b'(?:(?:[a-c]|[^a]*?){0,2})*'
corpus	default	dfa	0	0	0	0	b'(?:(?:[a-c]|[^a]*?){0,2})+'
corpus	vm	vm	0	0	0	0	b'(?:(?:[a-c]|[^a]*?){0,2})+'
corpus	default	dfa	0	0	0	0	b'(?:(?:[^a]?|[a-c]){0,2})*'
corpus	vm	vm	0	0	0	0	b'(?:(?:[^a]?|[a-c]){0,2})*'
corpus	default	dfa	0	0	0	0	b'(?:(?:[^a]?|[a-c]){0,2})+'
corpus	vm	vm	0	0	0	0	b'(?:(?:[^a]?|[a-c]){0,2})+'
corpus	default	dfa	0	0	0	0	b'(?:(?:[a-c]|[^a]??){0,2})*'
corpus	vm	vm	0	0	0	0	b'(?:(?:[a-c]|[^a]??){0,2})*'
corpus	default	dfa	0	0	0	0	b'(?:(?:[a-c]|[^a]??){0,2})+'
corpus	vm	vm	0	0	0	0	b'(?:(?:[a-c]|[^a]??){0,2})+'
corpus	default	dfa	0	0	0	0	b'(?:(?:[^a]{0,2}|[a-c]){0,2})*'
corpus	vm	vm	0	0	0	0	b'(?:(?:[^a]{0,2}|[a-c]){0,2})*'
corpus	default	dfa	0	0	0	0	b'(?:(?:[^a]{0,2}|[a-c]){0,2})+'
corpus	vm	vm	0	0	0	0	b'(?:(?:[^a]{0,2}|[a-c]){0,2})+'
corpus	default	dfa	0	0	0	0	b'(?:(?:[a-c]|[^a]{0,2}?){0,2})*'
corpus	vm	vm	0	0	0	0	b'(?:(?:[a-c]|[^a]{0,2}?){0,2})*'
corpus	default	dfa	0	0	0	0	b'(?:(?:[a-c]|[^a]{0,2}?){0,2})+'
corpus	vm	vm	0	0	0	0	b'(?:(?:[a-c]|[^a]{0,2}?){0,2})+'
corpus	default	vm	0	0	0	0	b'^([a-zA-Z0-9._%+-]+)+@'
corpus	vm	vm	0	0	0	0	b'^([a-zA-Z0-9._%+-]+)+@'
corpus	default	dfa	0	0	0	0	b'^[a-zA-Z0-9._%+-]+@'
corpus	vm	vm	0	0	0	0	b'^[a-zA-Z0-9._%+-]+@'
corpus	default	vm	0	0	0	0	b'(x?)([a-z]+)+Z.@\\1'
corpus	vm	vm	0	0	0	0	b'(x?)([a-z]+)+Z.@\\1'
corpus	default	vm	0	0	0	0	b'(x?)([a-z]+)+Z.@#\\1'
corpus	vm	vm	0	0	0	0	b'(x?)([a-z]+)+Z.@#\\1'
corpus	default	vm	0	0	0	0	b'(x?)([a-z]+)+eeeeeeee~#~#~#~#\\1'
corpus	vm	vm	0	0	0	0	b'(x?)([a-z]+)+eeeeeeee~#~#~#~#\\1'
corpus	default	dfa	0	0	0	0	b'a+'
corpus	vm	vm	0	0	0	0	b'a+'
corpus	default	dfa	0	0	0	0	b'a+?'
corpus	vm	vm	0	0	0	0	b'a+?'
corpus	default	dfa	0	0	0	0	b'.*b'
corpus	vm	vm	0	0	0	0	b'.*b'
corpus	default	dfa	0	0	0	0	b'.*?b'
corpus	vm	vm	0	0	0	0	b'.*?b'
corpus	default	dfa	0	0	0	0	b'a|ba'
corpus	vm	vm	0	0	0	0	b'a|ba'
corpus	default	dfa	0	0	0	0	b'ba|a'
corpus	vm	vm	0	0	0	0	b'ba|a'
corpus	default	dfa	0	0	0	0	b'b'
corpus	vm	vm	0	0	0	0	b'b'
corpus	default	dfa	0	0	0	0	b'ab'
corpus	vm	vm	0	0	0	0	b'ab'
corpus	default	dfa	0	0	0	0	b'a*a'
corpus	vm	vm	0	0	0	0	b'a*a'
corpus	default	dfa	0	0	0	0	b'a*ab'
corpus	vm	vm	0	0	0	0	b'a*ab'
corpus	default	dfa	0	0	0	0	b'a*?a'
corpus	vm	vm	0	0	0	0	b'a*?a'
corpus	default	vm	0	0	0	0	b'(a|ab)(c|bcd)'
corpus	vm	vm	0	0	0	0	b'(a|ab)(c|bcd)'
corpus	default	vm	0	0	0	0	b'(ab|a)(b|bcd)'
corpus	vm	vm	0	0	0	0	b'(ab|a)(b|bcd)'
corpus	default	dfa	0	0	0	0	b'a'
corpus	vm	vm	0	0	0	0	b'a'
corpus	default	dfa	0	0	0	0	b'hello world'
corpus	vm	vm	0	0	0	0	b'hello world'
corpus	default	dfa	0	0	0	0	b'A'
corpus	vm	vm	0	0	0	0	b'A'
corpus	default	dfa	0	0	0	0	b'123'
corpus	vm	vm	0	0	0	0	b'123'
corpus	default	dfa	0	0	0	0	b'x'
corpus	vm	vm	0	0	0	0	b'x'
corpus	default	dfa	0	0	0	0	b'zzz'
corpus	vm	vm	0	0	0	0	b'zzz'
corpus	default	dfa	0	0	0	0	b'xyz'
corpus	vm	vm	0	0	0	0	b'xyz'
corpus	default	dfa	0	0	0	0	b'wxyz'
corpus	vm	vm	0	0	0	0	b'wxyz'
corpus	default	dfa	0	0	0	0	b'a{10}'
corpus	vm	vm	0	0	0	0	b'a{10}'
corpus	default	dfa	0	0	0	0	b'a.*z'
corpus	vm	vm	0	0	0	0	b'a.*z'
corpus	default	dfa	0	0	0	0	b'a{50,60}'
corpus	vm	vm	0	0	0	0	b'a{50,60}'
corpus	default	dfa	0	0	0	0	b'needle|haystack'
corpus	vm	vm	0	0	0	0	b'needle|haystack'
corpus	default	vm	0	0	0	0	b'(?:ab){0,16000}'
corpus	vm	vm	0	0	0	0	b'(?:ab){0,16000}'
corpus	default	dfa	0	0	0	0	b'(?:ab){3,}?'
corpus	vm	vm	0	0	0	0	b'(?:ab){3,}?'
corpus	default	dfa	0	0	0	0	b'(?:ab){3,}?c?'
corpus	vm	vm	0	0	0	0	b'(?:ab){3,}?c?'
corpus	default	dfa	0	0	0	0	b'za{1,3}?'
corpus	vm	vm	0	0	0	0	b'za{1,3}?'
corpus	default	dfa	0	0	0	0	b'za{1,3}?c?'
corpus	vm	vm	0	0	0	0	b'za{1,3}?c?'
corpus	default	dfa	0	0	0	0	b'za{3,}?'
corpus	vm	vm	0	0	0	0	b'za{3,}?'
corpus	default	dfa	0	0	0	0	b'za{3,}?c?'
corpus	vm	vm	0	0	0	0	b'za{3,}?c?'
corpus	default	dfa	0	0	0	0	b'za+?'
corpus	vm	vm	0	0	0	0	b'za+?'
corpus	default	dfa	0	0	0	0	b'za+?c?'
corpus	vm	vm	0	0	0	0	b'za+?c?'
corpus	default	dfa	0	0	0	0	b'z(?:ab){3,}?'
corpus	vm	vm	0	0	0	0	b'z(?:ab){3,}?'
corpus	default	dfa	0	0	0	0	b'z(?:ab){3,}?c?'
corpus	vm	vm	0	0	0	0	b'z(?:ab){3,}?c?'
corpus	default	dfa	0	0	0	0	b'z(?:a|bc){3,}?'
corpus	vm	vm	0	0	0	0	b'z(?:a|bc){3,}?'
corpus	default	dfa	0	0	0	0	b'z(?:a|bc){3,}?c?'
corpus	vm	vm	0	0	0	0	b'z(?:a|bc){3,}?c?'
corpus	default	vm	0	0	0	0	b'z(a){1,3}?'
corpus	vm	vm	0	0	0	0	b'z(a){1,3}?'
corpus	default	vm	0	0	0	0	b'z(a){1,3}?c?'
corpus	vm	vm	0	0	0	0	b'z(a){1,3}?c?'
corpus	default	vm	0	0	0	0	b'z(a){3,}?'
corpus	vm	vm	0	0	0	0	b'z(a){3,}?'
corpus	default	vm	0	0	0	0	b'z(a){3,}?c?'
corpus	vm	vm	0	0	0	0	b'z(a){3,}?c?'
corpus	default	vm	0	0	0	0	b'z(a)+?'
corpus	vm	vm	0	0	0	0	b'z(a)+?'
corpus	default	vm	0	0	0	0	b'z(a)+?c?'
corpus	vm	vm	0	0	0	0	b'z(a)+?c?'
corpus	default	dfa	0	0	0	0	b'(?:z|)(?:ab){3,}?'
corpus	vm	vm	0	0	0	0	b'(?:z|)(?:ab){3,}?'
corpus	default	dfa	0	0	0	0	b'(?:z|)(?:ab){3,}?c?'
corpus	vm	vm	0	0	0	0	b'(?:z|)(?:ab){3,}?c?'
corpus	default	dfa	0	0	0	0	b'[^c]{0,4}?$'
corpus	vm	vm	0	0	0	0	b'[^c]{0,4}?$'
corpus	default	vm	0	0	0	0	b'([^c]{0,4}?)$'
corpus	vm	vm	0	0	0	0	b'([^c]{0,4}?)$'
corpus	default	dfa	0	0	0	0	b'[^c]{0,4}$'
corpus	vm	vm	0	0	0	0	b'[^c]{0,4}$'
corpus	default	dfa	0	0	0	0	b'ab|cd'
corpus	vm	vm	0	0	0	0	b'ab|cd'
corpus	default	dfa	0	0	0	0	b'a|bc'
corpus	vm	vm	0	0	0	0	b'a|bc'
corpus	default	dfa	0	0	0	0	b'a|b$'
corpus	vm	vm	0	0	0	0	b'a|b$'
corpus	default	dfa	0	0	0	0	b'abc*'
corpus	vm	vm	0	0	0	0	b'abc*'
corpus	default	dfa	0	0	0	0	b'ab*c'
corpus	vm	vm	0	0	0	0	b'ab*c'
corpus	default	dfa	0	0	0	0	b'a|b*'
corpus	vm	vm	0	0	0	0	b'a|b*'
corpus	default	vm	0	0	0	0	b'(a|b)*'
corpus	vm	vm	0	0	0	0	b'(a|b)*'
corpus	default	dfa	0	0	0	0	b'a*|b'
corpus	vm	vm	0	0	0	0	b'a*|b'
corpus	default	vm	0	0	0	0	b'a(b|c)*d'
corpus	vm	vm	0	0	0	0	b'a(b|c)*d'
corpus	default	vm	0	0	0	0	b'(a|b|c)*d'
corpus	vm	vm	0	0	0	0	b'(a|b|c)*d'
corpus	default	dfa	0	0	0	0	b'a?b?c?'
corpus	vm	vm	0	0	0	0	b'a?b?c?'
corpus	default	dfa	0	0	0	0	b'a{2}b{3}'
corpus	vm	vm	0	0	0	0	b'a{2}b{3}'
corpus	default	dfa	0	0	0	0	b'a*?'
corpus	vm	vm	0	0	0	0	b'a*?'
corpus	default	dfa	0	0	0	0	b'a??'
corpus	vm	vm	0	0	0	0	b'a??'
corpus	default	dfa	0	0	0	0	b'ab*'
corpus	vm	vm	0	0	0	0	b'ab*'
corpus	default	dfa	0	0	0	0	b'ab+'
corpus	vm	vm	0	0	0	0	b'ab+'
corpus	default	dfa	0	0	0	0	b'ab?c'
corpus	vm	vm	0	0	0	0	b'ab?c'
corpus	default	vm	0	0	0	0	b'(ab)*'
corpus	vm	vm	0	0	0	0	b'(ab)*'
corpus	default	dfa	0	0	0	0	b'.*x'
corpus	vm	vm	0	0	0	0	b'.*x'
corpus	default	dfa	0	0	0	0	b'.*?x'
corpus	vm	vm	0	0	0	0	b'.*?x'
corpus	default	dfa	0	0	0	0	b'a{}'
corpus	vm	vm	0	0	0	0	b'a{}'
corpus	default	vm	0	0	0	0	b'(a$\\n)|ab'
corpus	vm	vm	0	0	0	0	b'(a$\\n)|ab'
corpus	default	vm	0	0	0	0	b'(a$)*b'
corpus	vm	vm	0	0	0	0	b'(a$)*b'
corpus	default	vm	0	0	0	0	b'(^)*ab'
corpus	vm	vm	0	0	0	0	b'(^)*ab'
corpus	default	dfa	0	0	0	0	b'X(?:$|[^abc])+'
corpus	vm	vm	0	0	0	0	b'X(?:$|[^abc])+'
corpus	default	dfa	0	0	0	0	b'c{1,}?(?:$|[\\n\\t]+?01{1,2}|[^abc]){2,}'
corpus	vm	vm	0	0	0	0	b'c{1,}?(?:$|[\\n\\t]+?01{1,2}|[^abc]){2,}'
corpus	default	dfa	0	0	0	0	b'(?:|a)*'
corpus	vm	vm	0	0	0	0	b'(?:|a)*'
corpus	default	dfa	0	0	0	0	b'(?:|a)+'
corpus	vm	vm	0	0	0	0	b'(?:|a)+'
corpus	default	vm	0	0	0	0	b'(?:()|a)*'
corpus	vm	vm	0	0	0	0	b'(?:()|a)*'
corpus	default	dfa	0	0	0	0	b'a(?:|b)*'
corpus	vm	vm	0	0	0	0	b'a(?:|b)*'
corpus	default	dfa	0	0	0	0	b'(?:|[^a])*'
corpus	vm	vm	0	0	0	0	b'(?:|[^a])*'
corpus	default	dfa	0	0	0	0	b'(?:a|)*'
corpus	vm	vm	0	0	0	0	b'(?:a|)*'
corpus	default	dfa	0	0	0	0	b'(?:ab|a){0,2}?b'
corpus	vm	vm	0	0	0	0	b'(?:ab|a){0,2}?b'
corpus	default	dfa	0	0	0	0	b'(?:ab|a){0,2}b'
corpus	vm	vm	0	0	0	0	b'(?:ab|a){0,2}b'
corpus	default	dfa	0	0	0	0	b'(?:ab|a){1,2}?b'
corpus	vm	vm	0	0	0	0	b'(?:ab|a){1,2}?b'
corpus	default	vm	0	0	0	0	b'(b*?(a*)*)*'
corpus	vm	vm	0	0	0	0	b'(b*?(a*)*)*'
corpus	default	vm	0	0	0	0	b'(b*?(a*)+)*'
corpus	vm	vm	0	0	0	0	b'(b*?(a*)+)*'
corpus	default	vm	0	0	0	0	b'(b??(a*)*)*'
corpus	vm	vm	0	0	0	0	b'(b??(a*)*)*'
corpus	default	vm	0	0	0	0	b'(b*?([a]*)*)*'
corpus	vm	vm	0	0	0	0	b'(b*?([a]*)*)*'
corpus	default	vm	0	0	0	0	b'(b*?(a*|b*)*)*'
corpus	vm	vm	0	0	0	0	b'(b*?(a*|b*)*)*'
corpus	default	vm	0	0	0	0	b'((?:([^a]{0,2})|(?:[a-c])??)+)*'
corpus	vm	vm	0	0	0	0	b'((?:([^a]{0,2})|(?:[a-c])??)+)*'
corpus	default	vm	0	0	0	0	b'(b*?(a*)*)+'
corpus	vm	vm	0	0	0	0	b'(b*?(a*)*)+'
corpus	default	vm	0	0	0	0	b'(b*?(a+)*)*'
corpus	vm	vm	0	0	0	0	b'(b*?(a+)*)*'
corpus	default	vm	0	0	0	0	b'(b*?(a*)*)'
corpus	vm	vm	0	0	0	0	b'(b*?(a*)*)'
corpus	default	vm	0	0	0	0	b'(b*a*)*'
corpus	vm	vm	0	0	0	0	b'(b*a*)*'
corpus	default	dfa	0	0	0	0	b'[a-z]{0,64}'
corpus	vm	vm	0	0	0	0	b'[a-z]{0,64}'
corpus	default	dfa	0	0	0	0	b'\\w*'
corpus	vm	vm	0	0	0	0	b'\\w*'
corpus	default	dfa	0	0	0	0	b'x*'
corpus	vm	vm	0	0	0	0	b'x*'
corpus	default	dfa	0	0	0	0	b'a{2,3,4}'
corpus	vm	vm	0	0	0	0	b'a{2,3,4}'
corpus	default	dfa	0	0	0	0	b'a{1'
corpus	vm	vm	0	0	0	0	b'a{1'
corpus	default	dfa	0	0	0	0	b'}'
corpus	vm	vm	0	0	0	0	b'}'
corpus	default	dfa	0	0	0	0	b'{'
corpus	vm	vm	0	0	0	0	b'{'
corpus	default	dfa	0	0	0	0	b'{}'
corpus	vm	vm	0	0	0	0	b'{}'
corpus	default	dfa	0	0	0	0	b'{1'
corpus	vm	vm	0	0	0	0	b'{1'
corpus	default	dfa	0	0	0	0	b'{}{1}'
corpus	vm	vm	0	0	0	0	b'{}{1}'
corpus	default	dfa	0	0	0	0	b'a{}{1}'
corpus	vm	vm	0	0	0	0	b'a{}{1}'
corpus	default	dfa	0	0	0	0	b'a{65536'
corpus	vm	vm	0	0	0	0	b'a{65536'
corpus	default	dfa	0	0	0	0	b'a{65536x}'
corpus	vm	vm	0	0	0	0	b'a{65536x}'
corpus	default	dfa	0	0	0	0	b'a{65536,x}'
corpus	vm	vm	0	0	0	0	b'a{65536,x}'
corpus	default	dfa	0	0	0	0	b'a{\\n1}'
corpus	vm	vm	0	0	0	0	b'a{\\n1}'
corpus	default	dfa	0	0	0	0	b'a{\\r1}'
corpus	vm	vm	0	0	0	0	b'a{\\r1}'
corpus	default	dfa	0	0	0	0	b'a{\\x0b1}'
corpus	vm	vm	0	0	0	0	b'a{\\x0b1}'
corpus	default	dfa	0	0	0	0	b'a{\\f1}'
corpus	vm	vm	0	0	0	0	b'a{\\f1}'
corpus	default	dfa	0	0	0	0	b'a{1 2}'
corpus	vm	vm	0	0	0	0	b'a{1 2}'
corpus	default	dfa	0	0	0	0	b'a{ }'
corpus	vm	vm	0	0	0	0	b'a{ }'
corpus	default	dfa	0	0	0	0	b'a{ , }'
corpus	vm	vm	0	0	0	0	b'a{ , }'
corpus	default	dfa	0	0	0	0	b'a{ ,}'
corpus	vm	vm	0	0	0	0	b'a{ ,}'
corpus	default	dfa	0	0	0	0	b'a{ 1x}'
corpus	vm	vm	0	0	0	0	b'a{ 1x}'
corpus	default	dfa	0	0	0	0	b'a{ 1'
corpus	vm	vm	0	0	0	0	b'a{ 1'
corpus	default	dfa	0	0	0	0	b'{,}'
corpus	vm	vm	0	0	0	0	b'{,}'
corpus	default	vm	0	0	0	0	b'(foo)?bar'
corpus	vm	vm	0	0	0	0	b'(foo)?bar'
corpus	default	vm	0	0	0	0	b'(\\d+)-(\\d+)'
corpus	vm	vm	0	0	0	0	b'(\\d+)-(\\d+)'
corpus	default	vm	0	0	0	0	b'((a)(b))c'
corpus	vm	vm	0	0	0	0	b'((a)(b))c'
corpus	default	vm	0	0	0	0	b'(a)|(b)'
corpus	vm	vm	0	0	0	0	b'(a)|(b)'
corpus	default	vm	0	0	0	0	b'(a)*b'
corpus	vm	vm	0	0	0	0	b'(a)*b'
corpus	default	vm	0	0	0	0	b'(x)(y)?(z)'
corpus	vm	vm	0	0	0	0	b'(x)(y)?(z)'
corpus	default	vm	0	0	0	0	b'(ab|a)(c|bcd)(d*)'
corpus	vm	vm	0	0	0	0	b'(ab|a)(c|bcd)(d*)'
corpus	default	vm	0	0	0	0	b'(a+)(b+)'
corpus	vm	vm	0	0	0	0	b'(a+)(b+)'
corpus	default	vm	0	0	0	0	b'([a-z]+)'
corpus	vm	vm	0	0	0	0	b'([a-z]+)'
corpus	default	vm	0	0	0	0	b'([^0-9]+)'
corpus	vm	vm	0	0	0	0	b'([^0-9]+)'
corpus	default	vm	0	0	0	0	b'(a[bc]d)'
corpus	vm	vm	0	0	0	0	b'(a[bc]d)'
corpus	default	vm	0	0	0	0	b'(\\w+)\\s(\\w+)'
corpus	vm	vm	0	0	0	0	b'(\\w+)\\s(\\w+)'
corpus	default	vm	0	0	0	0	b'(cat|car|carpet|dog|do)'
corpus	vm	vm	0	0	0	0	b'(cat|car|carpet|dog|do)'
corpus	default	vm	0	0	0	0	b'(dog|cat|bird|fish)'
corpus	vm	vm	0	0	0	0	b'(dog|cat|bird|fish)'
corpus	default	vm	0	0	0	0	b'((a)|b){0,64}c'
corpus	vm	vm	0	0	0	0	b'((a)|b){0,64}c'
corpus	default	vm	0	0	0	0	b'(a(b)?)'
corpus	vm	vm	0	0	0	0	b'(a(b)?)'
corpus	default	vm	0	0	0	0	b'(a(b))?x'
corpus	vm	vm	0	0	0	0	b'(a(b))?x'
corpus	default	vm	0	0	0	0	b'(a)|(b)|(c)'
corpus	vm	vm	0	0	0	0	b'(a)|(b)|(c)'
corpus	default	vm	0	0	0	0	b'(a(b)*c)?d'
corpus	vm	vm	0	0	0	0	b'(a(b)*c)?d'
corpus	default	vm	0	0	0	0	b'(a)|b'
corpus	vm	vm	0	0	0	0	b'(a)|b'
corpus	default	vm	0	0	0	0	b'((a)|(b))*'
corpus	vm	vm	0	0	0	0	b'((a)|(b))*'
corpus	default	vm	0	0	0	0	b'(a*)'
corpus	vm	vm	0	0	0	0	b'(a*)'
corpus	default	vm	0	0	0	0	b'b(a*)b'
corpus	vm	vm	0	0	0	0	b'b(a*)b'
corpus	default	vm	0	0	0	0	b'(a*)$'
corpus	vm	vm	0	0	0	0	b'(a*)$'
corpus	default	vm	0	0	0	0	b'^(a*)'
corpus	vm	vm	0	0	0	0	b'^(a*)'
corpus	default	vm	0	0	0	0	b'(a?)(b?)'
corpus	vm	vm	0	0	0	0	b'(a?)(b?)'
corpus	default	vm	0	0	0	0	b'(x?)(y?)(z?)'
corpus	vm	vm	0	0	0	0	b'(x?)(y?)(z?)'
corpus	default	vm	0	0	0	0	b'a(x?)b'
corpus	vm	vm	0	0	0	0	b'a(x?)b'
corpus	default	vm	0	0	0	0	b'(a|ab)'
corpus	vm	vm	0	0	0	0	b'(a|ab)'
corpus	default	vm	0	0	0	0	b'(ab|a)'
corpus	vm	vm	0	0	0	0	b'(ab|a)'
corpus	default	vm	0	0	0	0	b'(a|ab)(c|bcd)(d*)'
corpus	vm	vm	0	0	0	0	b'(a|ab)(c|bcd)(d*)'
corpus	default	vm	0	0	0	0	b'(x|xy)(y|z)'
corpus	vm	vm	0	0	0	0	b'(x|xy)(y|z)'
corpus	default	vm	0	0	0	0	b'^(a|ab)$'
corpus	vm	vm	0	0	0	0	b'^(a|ab)$'
corpus	default	vm	0	0	0	0	b'(a+|a)'
corpus	vm	vm	0	0	0	0	b'(a+|a)'
corpus	default	vm	0	0	0	0	b'(a|a+)'
corpus	vm	vm	0	0	0	0	b'(a|a+)'
corpus	default	vm	0	0	0	0	b'(ab|a)(b|)'
corpus	vm	vm	0	0	0	0	b'(ab|a)(b|)'
corpus	default	vm	0	0	0	0	b'((a|b)|c)'
corpus	vm	vm	0	0	0	0	b'((a|b)|c)'
corpus	default	vm	0	0	0	0	b'(a)?a'
corpus	vm	vm	0	0	0	0	b'(a)?a'
corpus	default	vm	0	0	0	0	b'(a*)a'
corpus	vm	vm	0	0	0	0	b'(a*)a'
corpus	default	vm	0	0	0	0	b'(a)+'
corpus	vm	vm	0	0	0	0	b'(a)+'
corpus	default	vm	0	0	0	0	b'(a|b)+'
corpus	vm	vm	0	0	0	0	b'(a|b)+'
corpus	default	vm	0	0	0	0	b'(a?)*'
corpus	vm	vm	0	0	0	0	b'(a?)*'
corpus	default	vm	0	0	0	0	b'(a*)*'
corpus	vm	vm	0	0	0	0	b'(a*)*'
corpus	default	vm	0	0	0	0	b'(a*)+'
corpus	vm	vm	0	0	0	0	b'(a*)+'
corpus	default	vm	0	0	0	0	b'(a){0,3}'
corpus	vm	vm	0	0	0	0	b'(a){0,3}'
corpus	default	vm	0	0	0	0	b'(a){2,4}'
corpus	vm	vm	0	0	0	0	b'(a){2,4}'
corpus	default	vm	0	0	0	0	b'(a){2,4}?'
corpus	vm	vm	0	0	0	0	b'(a){2,4}?'
corpus	default	vm	0	0	0	0	b'(ab){1,3}'
corpus	vm	vm	0	0	0	0	b'(ab){1,3}'
corpus	default	vm	0	0	0	0	b'(a|bb)+'
corpus	vm	vm	0	0	0	0	b'(a|bb)+'
corpus	default	vm	0	0	0	0	b'((a)+)+'
corpus	vm	vm	0	0	0	0	b'((a)+)+'
corpus	default	vm	0	0	0	0	b'(a){3}'
corpus	vm	vm	0	0	0	0	b'(a){3}'
corpus	default	dfa	0	0	0	0	b'(a){0}'
corpus	vm	vm	0	0	0	0	b'(a){0}'
corpus	default	vm	0	0	0	0	b'(a+)'
corpus	vm	vm	0	0	0	0	b'(a+)'
corpus	default	vm	0	0	0	0	b'(a+?)'
corpus	vm	vm	0	0	0	0	b'(a+?)'
corpus	default	vm	0	0	0	0	b'(a+?)b'
corpus	vm	vm	0	0	0	0	b'(a+?)b'
corpus	default	vm	0	0	0	0	b'(^a|b)+'
corpus	vm	vm	0	0	0	0	b'(^a|b)+'
corpus	default	vm	0	0	0	0	b'(a+)$'
corpus	vm	vm	0	0	0	0	b'(a+)$'
corpus	default	vm	0	0	0	0	b'(\\d+)'
corpus	vm	vm	0	0	0	0	b'(\\d+)'
corpus	default	vm	0	0	0	0	b'(a)(b)'
corpus	vm	vm	0	0	0	0	b'(a)(b)'
corpus	default	vm	0	0	0	0	b'^(a)'
corpus	vm	vm	0	0	0	0	b'^(a)'
corpus	default	vm	0	0	0	0	b'(ab)'
corpus	vm	vm	0	0	0	0	b'(ab)'
corpus	default	vm	0	0	0	0	b'(((a)))'
corpus	vm	vm	0	0	0	0	b'(((a)))'
corpus	default	vm	0	0	0	0	b'((a)(b)(c))'
corpus	vm	vm	0	0	0	0	b'((a)(b)(c))'
corpus	default	vm	0	0	0	0	b'(a)(bb)(ccc)'
corpus	vm	vm	0	0	0	0	b'(a)(bb)(ccc)'
corpus	default	vm	0	0	0	0	b'((a)(b))+'
corpus	vm	vm	0	0	0	0	b'((a)(b))+'
corpus	default	vm	0	0	0	0	b'(a(b|c)(d|e))'
corpus	vm	vm	0	0	0	0	b'(a(b|c)(d|e))'
corpus	default	vm	0	0	0	0	b'(a(b(c)d)e)'
corpus	vm	vm	0	0	0	0	b'(a(b(c)d)e)'
corpus	default	vm	0	0	0	0	b'(a)(a)(a)'
corpus	vm	vm	0	0	0	0	b'(a)(a)(a)'
corpus	default	vm	0	0	0	0	b'(a)(aa)'
corpus	vm	vm	0	0	0	0	b'(a)(aa)'
corpus	default	vm	0	0	0	0	b'(aa)(a)'
corpus	vm	vm	0	0	0	0	b'(aa)(a)'
corpus	default	vm	0	0	0	0	b'(aaa)'
corpus	vm	vm	0	0	0	0	b'(aaa)'
corpus	default	vm	0	0	0	0	b'((a)(a))(a)'
corpus	vm	vm	0	0	0	0	b'((a)(a))(a)'
corpus	default	vm	0	0	0	0	b'(abc)+'
corpus	vm	vm	0	0	0	0	b'(abc)+'
corpus	default	vm	0	0	0	0	b'(abc)(abc)'
corpus	vm	vm	0	0	0	0	b'(abc)(abc)'
corpus	default	vm	0	0	0	0	b'(?:x)(a)(?:y)(b)'
corpus	vm	vm	0	0	0	0	b'(?:x)(a)(?:y)(b)'
corpus	default	vm	0	0	0	0	b'(a)(?:b)(c)'
corpus	vm	vm	0	0	0	0	b'(a)(?:b)(c)'
corpus	default	vm	0	0	0	0	b'(\\d{2,4})-(\\d{2,4})'
corpus	vm	vm	0	0	0	0	b'(\\d{2,4})-(\\d{2,4})'
corpus	default	vm	0	0	0	0	b'(ABC)'
corpus	vm	vm	0	0	0	0	b'(ABC)'
corpus	default	vm	0	0	0	0	b'(a|B)+'
corpus	vm	vm	0	0	0	0	b'(a|B)+'
corpus	default	dfa	0	0	0	0	b'\\d+'
corpus	vm	vm	0	0	0	0	b'\\d+'
corpus	default	dfa	0	0	0	0	b'\\D+'
corpus	vm	vm	0	0	0	0	b'\\D+'
corpus	default	dfa	0	0	0	0	b'[\\d]+'
corpus	vm	vm	0	0	0	0	b'[\\d]+'
corpus	default	dfa	0	0	0	0	b'[\\D]+'
corpus	vm	vm	0	0	0	0	b'[\\D]+'
corpus	default	dfa	0	0	0	0	b'\\s\\w+'
corpus	vm	vm	0	0	0	0	b'\\s\\w+'
corpus	default	dfa	0	0	0	0	b'\\S+'
corpus	vm	vm	0	0	0	0	b'\\S+'
corpus	default	dfa	0	0	0	0	b'[\\w]+'
corpus	vm	vm	0	0	0	0	b'[\\w]+'
corpus	default	dfa	0	0	0	0	b'[^\\W]+'
corpus	vm	vm	0	0	0	0	b'[^\\W]+'
corpus	default	dfa	0	0	0	0	b'[a\\d]+'
corpus	vm	vm	0	0	0	0	b'[a\\d]+'
corpus	default	dfa	0	0	0	0	b'[\\d-]+'
corpus	vm	vm	0	0	0	0	b'[\\d-]+'
corpus	default	vm	0	0	0	0	b'(\\d|x)+'
corpus	vm	vm	0	0	0	0	b'(\\d|x)+'
corpus	default	dfa	0	0	0	0	b'\\d{2,3}'
corpus	vm	vm	0	0	0	0	b'\\d{2,3}'
corpus	default	dfa	0	0	0	0	b'[^\\d]+'
corpus	vm	vm	0	0	0	0	b'[^\\d]+'
corpus	default	dfa	0	0	0	0	b'[\\da-c]+'
corpus	vm	vm	0	0	0	0	b'[\\da-c]+'
corpus	default	dfa	0	0	0	0	b'\\h+'
corpus	vm	vm	0	0	0	0	b'\\h+'
corpus	default	dfa	0	0	0	0	b'\\H+'
corpus	vm	vm	0	0	0	0	b'\\H+'
corpus	default	dfa	0	0	0	0	b'\\v+'
corpus	vm	vm	0	0	0	0	b'\\v+'
corpus	default	dfa	0	0	0	0	b'\\V+'
corpus	vm	vm	0	0	0	0	b'\\V+'
corpus	default	dfa	0	0	0	0	b'\\N+'
corpus	vm	vm	0	0	0	0	b'\\N+'
corpus	default	dfa	0	0	0	0	b'[\\h\\d]+'
corpus	vm	vm	0	0	0	0	b'[\\h\\d]+'
corpus	default	dfa	0	0	0	0	b'[[:alpha:]]+'
corpus	vm	vm	0	0	0	0	b'[[:alpha:]]+'
corpus	default	dfa	0	0	0	0	b'[[:^alpha:]]+'
corpus	vm	vm	0	0	0	0	b'[[:^alpha:]]+'
corpus	default	dfa	0	0	0	0	b'[[:xdigit:]]+'
corpus	vm	vm	0	0	0	0	b'[[:xdigit:]]+'
corpus	default	dfa	0	0	0	0	b'[x[:digit:]y]+'
corpus	vm	vm	0	0	0	0	b'[x[:digit:]y]+'
corpus	default	dfa	0	0	0	0	b'[^[:alpha:]]+'
corpus	vm	vm	0	0	0	0	b'[^[:alpha:]]+'
corpus	default	dfa	0	0	0	0	b'[[:alpha:][:digit:]]+'
corpus	vm	vm	0	0	0	0	b'[[:alpha:][:digit:]]+'
corpus	default	dfa	0	0	0	0	b'[[:digit:]-]+'
corpus	vm	vm	0	0	0	0	b'[[:digit:]-]+'
corpus	default	dfa	0	0	0	0	b'^[[:blank:]]+'
corpus	vm	vm	0	0	0	0	b'^[[:blank:]]+'
corpus	default	dfa	0	0	0	0	b'[[:lower:]]+'
corpus	vm	vm	0	0	0	0	b'[[:lower:]]+'
corpus	default	dfa	0	0	0	0	b'[[:upper:]]+'
corpus	vm	vm	0	0	0	0	b'[[:upper:]]+'
corpus	default	dfa	0	0	0	0	b'[[:alnum:]]+'
corpus	vm	vm	0	0	0	0	b'[[:alnum:]]+'
corpus	default	dfa	0	0	0	0	b'[[:^ascii:]]+'
corpus	vm	vm	0	0	0	0	b'[[:^ascii:]]+'
corpus	default	dfa	0	0	0	0	b'[[:cntrl:]]+'
corpus	vm	vm	0	0	0	0	b'[[:cntrl:]]+'
corpus	default	dfa	0	0	0	0	b'[[:graph:]]+'
corpus	vm	vm	0	0	0	0	b'[[:graph:]]+'
corpus	default	dfa	0	0	0	0	b'[[:print:]]+'
corpus	vm	vm	0	0	0	0	b'[[:print:]]+'
corpus	default	dfa	0	0	0	0	b'[[:punct:]]+'
corpus	vm	vm	0	0	0	0	b'[[:punct:]]+'
corpus	default	dfa	0	0	0	0	b'[[:space:]]+'
corpus	vm	vm	0	0	0	0	b'[[:space:]]+'
corpus	default	dfa	0	0	0	0	b'[[:word:]]+'
corpus	vm	vm	0	0	0	0	b'[[:word:]]+'
corpus	default	dfa	0	0	0	0	b'^[[:lower:]]$'
corpus	vm	vm	0	0	0	0	b'^[[:lower:]]$'
corpus	default	dfa	0	0	0	0	b'^[[:^lower:]]$'
corpus	vm	vm	0	0	0	0	b'^[[:^lower:]]$'
corpus	default	dfa	0	0	0	0	b'^[^[:lower:]]$'
corpus	vm	vm	0	0	0	0	b'^[^[:lower:]]$'
corpus	default	dfa	0	0	0	0	b'^\\N{2,3}$'
corpus	vm	vm	0	0	0	0	b'^\\N{2,3}$'
corpus	default	dfa	0	0	0	0	b'\\N{2}'
corpus	vm	vm	0	0	0	0	b'\\N{2}'
corpus	default	dfa	0	0	0	0	b'[a-c]{2,4}[0-9]{2,4}[A-C]{2,4}[j-l]{2,4}[x-z]{2,4}'
corpus	vm	vm	0	0	0	0	b'[a-c]{2,4}[0-9]{2,4}[A-C]{2,4}[j-l]{2,4}[x-z]{2,4}'
corpus	default	dfa	0	0	0	0	b'[a-c]{2,4}[0-9]{2,4}[A-C]{2,4}[j-l]{2,4}[x-z]*'
corpus	vm	vm	0	0	0	0	b'[a-c]{2,4}[0-9]{2,4}[A-C]{2,4}[j-l]{2,4}[x-z]*'
corpus	default	dfa	0	0	0	0	b'[a-c]{2,4}x[0-9]{2,4}y[A-C]{2,4}z[j-l]{2,4}w[x-z]{2,4}'
corpus	vm	vm	0	0	0	0	b'[a-c]{2,4}x[0-9]{2,4}y[A-C]{2,4}z[j-l]{2,4}w[x-z]{2,4}'
corpus	default	vm	0	0	0	0	b'((a)|ab){0,7}c'
corpus	vm	vm	0	0	0	0	b'((a)|ab){0,7}c'
corpus	default	vm	0	0	0	0	b'((a)|ab){0,8}c'
corpus	vm	vm	0	0	0	0	b'((a)|ab){0,8}c'
corpus	default	vm	0	0	0	0	b'((a)|ab){0,9}c'
corpus	vm	vm	0	0	0	0	b'((a)|ab){0,9}c'
corpus	default	vm	0	0	0	0	b'((a)|ab){0,12}c'
corpus	vm	vm	0	0	0	0	b'((a)|ab){0,12}c'
corpus	default	vm	0	0	0	0	b'((a)|ab){0,15}c'
corpus	vm	vm	0	0	0	0	b'((a)|ab){0,15}c'
corpus	default	vm	0	0	0	0	b'((a)|ab){0,16}c'
corpus	vm	vm	0	0	0	0	b'((a)|ab){0,16}c'
corpus	default	vm	0	0	0	0	b'((a)|ab){0,17}c'
corpus	vm	vm	0	0	0	0	b'((a)|ab){0,17}c'
corpus	default	vm	0	0	0	0	b'((a)|ab){0,12}?c'
corpus	vm	vm	0	0	0	0	b'((a)|ab){0,12}?c'
corpus	default	vm	0	0	0	0	b'((a)|ab){0,17}?c'
corpus	vm	vm	0	0	0	0	b'((a)|ab){0,17}?c'
corpus	default	vm	0	0	0	0	b'((a)|ab){12}c'
corpus	vm	vm	0	0	0	0	b'((a)|ab){12}c'
corpus	default	vm	0	0	0	0	b'((a)|ab){16}c'
corpus	vm	vm	0	0	0	0	b'((a)|ab){16}c'
corpus	default	vm	0	0	0	0	b'((a)|ab){17}c'
corpus	vm	vm	0	0	0	0	b'((a)|ab){17}c'
corpus	default	vm	0	0	0	0	b'((a)|ab){9,17}c'
corpus	vm	vm	0	0	0	0	b'((a)|ab){9,17}c'
corpus	default	vm	0	0	0	0	b'((a)|ab){11,19}c'
corpus	vm	vm	0	0	0	0	b'((a)|ab){11,19}c'
corpus	default	vm	0	0	0	0	b'((a)|ab){9,17}?c'
corpus	vm	vm	0	0	0	0	b'((a)|ab){9,17}?c'
corpus	default	vm	0	0	0	0	b'((ab)|b){0,12}b'
corpus	vm	vm	0	0	0	0	b'((ab)|b){0,12}b'
corpus	default	vm	0	0	0	0	b'((ab)|b){0,17}b'
corpus	vm	vm	0	0	0	0	b'((ab)|b){0,17}b'
corpus	default	vm	0	0	0	0	b'(a?){0,12}b'
corpus	vm	vm	0	0	0	0	b'(a?){0,12}b'
corpus	default	vm	0	0	0	0	b'(a*){0,12}b'
corpus	vm	vm	0	0	0	0	b'(a*){0,12}b'
corpus	default	vm	0	0	0	0	b'(|a){0,12}b'
corpus	vm	vm	0	0	0	0	b'(|a){0,12}b'
corpus	default	vm	0	0	0	0	b'(x(?:ab){2,4}){0,12}c'
corpus	vm	vm	0	0	0	0	b'(x(?:ab){2,4}){0,12}c'
corpus	default	vm	0	0	0	0	b'((?:ab)|(?:cd)){0,12}e'
corpus	vm	vm	0	0	0	0	b'((?:ab)|(?:cd)){0,12}e'
corpus	default	vm	0	0	0	0	b'([ab][cd]){0,17}e'
corpus	vm	vm	0	0	0	0	b'([ab][cd]){0,17}e'
corpus	default	vm	0	0	0	0	b'((a)|bc){0,12}d'
corpus	vm	vm	0	0	0	0	b'((a)|bc){0,12}d'
corpus	default	vm	0	0	0	0	b'((a)|bc){9,20}d'
corpus	vm	vm	0	0	0	0	b'((a)|bc){9,20}d'
corpus	default	vm	0	0	0	0	b'((a)|bc){12}d'
corpus	vm	vm	0	0	0	0	b'((a)|bc){12}d'
corpus	default	vm	0	0	0	0	b'((a)|ab){0,100}c'
corpus	vm	vm	0	0	0	0	b'((a)|ab){0,100}c'
corpus	default	vm	0	0	0	0	b'((a)|ab){0,500}c'
corpus	vm	vm	0	0	0	0	b'((a)|ab){0,500}c'
corpus	default	vm	0	0	0	0	b'((a)|ab){0,2047}c'
corpus	vm	vm	0	0	0	0	b'((a)|ab){0,2047}c'
corpus	default	vm	0	0	0	0	b'((a)|ab){0,4000}c'
corpus	vm	vm	0	0	0	0	b'((a)|ab){0,4000}c'
corpus	default	vm	0	0	0	0	b'((a)|ab){4000}c'
corpus	vm	vm	0	0	0	0	b'((a)|ab){4000}c'
corpus	default	vm	0	0	0	0	b'((a)|bc){0,4000}d'
corpus	vm	vm	0	0	0	0	b'((a)|bc){0,4000}d'
corpus	default	vm	0	0	0	0	b'(?:[ab]a|[ab]){8,12}+b'
corpus	vm	vm	0	0	0	0	b'(?:[ab]a|[ab]){8,12}+b'
corpus	default	dfa	0	0	0	0	b'(?:ab|ba|aa|bb){24}c'
corpus	vm	vm	0	0	0	0	b'(?:ab|ba|aa|bb){24}c'
corpus	default	dfa	0	0	0	0	b'(?:abcd|abc|ab|a){17}z'
corpus	vm	vm	0	0	0	0	b'(?:abcd|abc|ab|a){17}z'
corpus	default	vm	0	0	0	0	b'(?:[ab]a|[ab]){9,12}+b'
corpus	vm	vm	0	0	0	0	b'(?:[ab]a|[ab]){9,12}+b'
corpus	default	vm	0	0	0	0	b'(?:ab|a){8,12}+b'
corpus	vm	vm	0	0	0	0	b'(?:ab|a){8,12}+b'
corpus	default	dfa	0	0	0	0	b'(?:cat|cats|dog|dogs){12}z'
corpus	vm	vm	0	0	0	0	b'(?:cat|cats|dog|dogs){12}z'
corpus	default	vm	0	0	0	0	b'(a*)*[bc]'
corpus	vm	vm	0	0	0	0	b'(a*)*[bc]'
corpus	default	vm	0	0	0	0	b'((a)|b)*[cd]'
corpus	vm	vm	0	0	0	0	b'((a)|b)*[cd]'
corpus	default	dfa	0	0	0	0	b'cat|dog|cow'
corpus	vm	vm	0	0	0	0	b'cat|dog|cow'
corpus	default	dfa	0	0	0	0	b'a|b|c|d|e|f|g|h'
corpus	vm	vm	0	0	0	0	b'a|b|c|d|e|f|g|h'
corpus	default	vm	0	0	0	0	b'(ab|abc)d'
corpus	vm	vm	0	0	0	0	b'(ab|abc)d'
corpus	default	dfa	0	0	0	0	b'(?:a|ab)(?:c|bc)'
corpus	vm	vm	0	0	0	0	b'(?:a|ab)(?:c|bc)'
corpus	default	dfa	0	0	0	0	b'(?:x|)y'
corpus	vm	vm	0	0	0	0	b'(?:x|)y'
corpus	default	vm	0	0	0	0	b'(cat|dog)s'
corpus	vm	vm	0	0	0	0	b'(cat|dog)s'
corpus	default	vm	0	0	0	0	b'(cat|dog)(s|es)'
corpus	vm	vm	0	0	0	0	b'(cat|dog)(s|es)'
corpus	default	dfa	0	0	0	0	b'abcdefghij|abcdefghik|abcdefghil'
corpus	vm	vm	0	0	0	0	b'abcdefghij|abcdefghik|abcdefghil'
corpus	default	dfa	0	0	0	0	b'thin|think|thinker|thinking'
corpus	vm	vm	0	0	0	0	b'thin|think|thinker|thinking'
corpus	default	dfa	0	0	0	0	b'a+|b'
corpus	vm	vm	0	0	0	0	b'a+|b'
corpus	default	dfa	0	0	0	0	b'a.|bc'
corpus	vm	vm	0	0	0	0	b'a.|bc'
corpus	default	dfa	0	0	0	0	b'(?:x|xy|xyz|)w'
corpus	vm	vm	0	0	0	0	b'(?:x|xy|xyz|)w'
corpus	default	dfa	0	0	0	0	b'abcdef'
corpus	vm	vm	0	0	0	0	b'abcdef'
corpus	default	vm	0	0	0	0	b'x(abc)defg'
corpus	vm	vm	0	0	0	0	b'x(abc)defg'
corpus	default	vm	0	0	0	0	b'xyz(a|ab)c'
corpus	vm	vm	0	0	0	0	b'xyz(a|ab)c'
corpus	default	dfa	0	0	0	0	b'a\\x22b\\\\c\\?d'
corpus	vm	vm	0	0	0	0	b'a\\x22b\\\\c\\?d'
corpus	default	dfa	0	0	0	0	b'a\\?\\?=b'
corpus	vm	vm	0	0	0	0	b'a\\?\\?=b'
corpus	default	dfa	0	0	0	0	b'\\x01\\x7f\\x80\\xfe'
corpus	vm	vm	0	0	0	0	b'\\x01\\x7f\\x80\\xfe'
corpus	default	dfa	0	0	0	0	b'a\\x00b'
corpus	vm	vm	0	0	0	0	b'a\\x00b'
corpus	default	dfa	0	0	0	0	b'\\x001'
corpus	vm	vm	0	0	0	0	b'\\x001'
corpus	default	dfa	0	0	0	0	b'a*bcd'
corpus	vm	vm	0	0	0	0	b'a*bcd'
corpus	default	dfa	0	0	0	0	b'(?:abc)+d'
corpus	vm	vm	0	0	0	0	b'(?:abc)+d'
corpus	default	vm	0	0	0	0	b'(abc){2}x'
corpus	vm	vm	0	0	0	0	b'(abc){2}x'
corpus	default	dfa	0	0	0	0	b'foo(?:username|password|passphrase)bar'
corpus	vm	vm	0	0	0	0	b'foo(?:username|password|passphrase)bar'
corpus	default	dfa	0	0	0	0	b'(?:alpha|alps|alp)x'
corpus	vm	vm	0	0	0	0	b'(?:alpha|alps|alp)x'
corpus	default	dfa	0	0	0	0	b'AKIA|AGPA|AIDA|AROA'
corpus	vm	vm	0	0	0	0	b'AKIA|AGPA|AIDA|AROA'
corpus	default	dfa	0	0	0	0	b'(?i)abc'
corpus	vm	vm	3	3	1	3	b'(?i)abc'
corpus	default	dfa	0	0	0	0	b'a[bc]de'
corpus	vm	vm	0	0	0	0	b'a[bc]de'
corpus	default	vm	0	0	0	0	b'abc(?=def)'
corpus	vm	vm	0	0	0	0	b'abc(?=def)'
corpus	default	dfa	0	0	0	0	b'(*pla:a)b'
corpus	vm	vm	0	0	0	0	b'(*pla:a)b'
corpus	default	dfa	0	0	0	0	b'(*positive_lookahead:a)b'
corpus	vm	vm	0	0	0	0	b'(*positive_lookahead:a)b'
corpus	default	dfa	0	0	0	0	b'(*nla:a)b'
corpus	vm	vm	0	0	0	0	b'(*nla:a)b'
corpus	default	dfa	0	0	0	0	b'(*negative_lookahead:a)b'
corpus	vm	vm	0	0	0	0	b'(*negative_lookahead:a)b'
corpus	default	dfa	0	0	0	0	b'(*plb:a)b'
corpus	vm	vm	0	0	0	0	b'(*plb:a)b'
corpus	default	dfa	0	0	0	0	b'(*positive_lookbehind:a)b'
corpus	vm	vm	0	0	0	0	b'(*positive_lookbehind:a)b'
corpus	default	dfa	0	0	0	0	b'(*nlb:a)b'
corpus	vm	vm	0	0	0	0	b'(*nlb:a)b'
corpus	default	dfa	0	0	0	0	b'(*negative_lookbehind:a)b'
corpus	vm	vm	0	0	0	0	b'(*negative_lookbehind:a)b'
corpus	default	dfa	0	0	0	0	b'(*napla:a)b'
corpus	vm	vm	0	0	0	0	b'(*napla:a)b'
corpus	default	dfa	0	0	0	0	b'(*non_atomic_positive_lookahead:a)b'
corpus	vm	vm	0	0	0	0	b'(*non_atomic_positive_lookahead:a)b'
corpus	default	dfa	0	0	0	0	b'(*naplb:a)b'
corpus	vm	vm	0	0	0	0	b'(*naplb:a)b'
corpus	default	dfa	0	0	0	0	b'(*non_atomic_positive_lookbehind:a)b'
corpus	vm	vm	0	0	0	0	b'(*non_atomic_positive_lookbehind:a)b'
corpus	default	vm	0	0	0	0	b'(*pla:(a|ab))\\1$'
corpus	vm	vm	0	0	0	0	b'(*pla:(a|ab))\\1$'
corpus	default	vm	0	0	0	0	b'(*positive_lookahead:(a|ab))\\1$'
corpus	vm	vm	0	0	0	0	b'(*positive_lookahead:(a|ab))\\1$'
corpus	default	vm	0	0	0	0	b'(*napla:(a|ab))\\1$'
corpus	vm	vm	0	0	0	0	b'(*napla:(a|ab))\\1$'
corpus	default	vm	0	0	0	0	b'(*non_atomic_positive_lookahead:(a|ab))\\1$'
corpus	vm	vm	0	0	0	0	b'(*non_atomic_positive_lookahead:(a|ab))\\1$'
corpus	default	vm	0	0	0	0	b'(*plb:(a)|(ba))c\\2'
corpus	vm	vm	0	0	0	0	b'(*plb:(a)|(ba))c\\2'
corpus	default	vm	0	0	0	0	b'(*positive_lookbehind:(a)|(ba))c\\2'
corpus	vm	vm	0	0	0	0	b'(*positive_lookbehind:(a)|(ba))c\\2'
corpus	default	vm	0	0	0	0	b'(*naplb:(a)|(ba))c\\2'
corpus	vm	vm	0	0	0	0	b'(*naplb:(a)|(ba))c\\2'
corpus	default	vm	0	0	0	0	b'(*non_atomic_positive_lookbehind:(a)|(ba))c\\2'
corpus	vm	vm	0	0	0	0	b'(*non_atomic_positive_lookbehind:(a)|(ba))c\\2'
corpus	default	dfa	0	0	0	0	b'(*nla:a)(?:a|b)'
corpus	vm	vm	0	0	0	0	b'(*nla:a)(?:a|b)'
corpus	default	dfa	0	0	0	0	b'(*negative_lookahead:a)(?:a|b)'
corpus	vm	vm	0	0	0	0	b'(*negative_lookahead:a)(?:a|b)'
corpus	default	dfa	0	0	0	0	b'(*nlb:a)(?:a|b)'
corpus	vm	vm	0	0	0	0	b'(*nlb:a)(?:a|b)'
corpus	default	dfa	0	0	0	0	b'(*negative_lookbehind:a)(?:a|b)'
corpus	vm	vm	0	0	0	0	b'(*negative_lookbehind:a)(?:a|b)'
corpus	default	vm	0	0	0	0	b'(?=(a))a'
corpus	vm	vm	0	0	0	0	b'(?=(a))a'
corpus	default	vm	0	0	0	0	b'(?:(?=(a))x|(a))'
corpus	vm	vm	0	0	0	0	b'(?:(?=(a))x|(a))'
corpus	default	vm	0	0	0	0	b'(?!(a)x)ab'
corpus	vm	vm	0	0	0	0	b'(?!(a)x)ab'
corpus	default	vm	0	0	0	0	b'(?!(a)x)(a)'
corpus	vm	vm	0	0	0	0	b'(?!(a)x)(a)'
corpus	default	vm	0	0	0	0	b'(?=(a)(b))ab'
corpus	vm	vm	0	0	0	0	b'(?=(a)(b))ab'
corpus	default	vm	0	0	0	0	b'(?=(a))\\1'
corpus	vm	vm	0	0	0	0	b'(?=(a))\\1'
corpus	default	vm	0	0	0	0	b'(?=(?=(a))a)ab'
corpus	vm	vm	0	0	0	0	b'(?=(?=(a))a)ab'
corpus	default	vm	0	0	0	0	b'^(?=(a))*a$'
corpus	vm	vm	0	0	0	0	b'^(?=(a))*a$'
corpus	default	vm	0	0	0	0	b'^(?=(a))*b$'
corpus	vm	vm	0	0	0	0	b'^(?=(a))*b$'
corpus	default	vm	0	0	0	0	b'^(?!(a))*b$'
corpus	vm	vm	0	0	0	0	b'^(?!(a))*b$'
corpus	default	vm	0	0	0	0	b'(?=(a)|(b))[ab]'
corpus	vm	vm	0	0	0	0	b'(?=(a)|(b))[ab]'
corpus	default	vm	0	0	0	0	b'(?!(a+)b)a+b'
corpus	vm	vm	0	0	0	0	b'(?!(a+)b)a+b'
corpus	default	vm	0	0	0	0	b'(?<=(a)(b))(c)(d)'
corpus	vm	vm	0	0	0	0	b'(?<=(a)(b))(c)(d)'
corpus	default	vm	0	0	0	0	b'(?=(a+))\\1b'
corpus	vm	vm	0	0	0	0	b'(?=(a+))\\1b'
corpus	default	vm	0	0	0	0	b'(?=a)(?=(a))\\1b'
corpus	vm	vm	0	0	0	0	b'(?=a)(?=(a))\\1b'
corpus	default	vm	0	0	0	0	b'(?<=a{3}|bb)x'
corpus	vm	vm	0	0	0	0	b'(?<=a{3}|bb)x'
corpus	default	vm	0	0	0	0	b'(?<=(?:a{2})|(?:a{3}))x'
corpus	vm	vm	0	0	0	0	b'(?<=(?:a{2})|(?:a{3}))x'
corpus	default	vm	0	0	0	0	b'(?<=abc)x'
corpus	vm	vm	0	0	0	0	b'(?<=abc)x'
corpus	default	vm	0	0	0	0	b'(?<=ab)x'
corpus	vm	vm	0	0	0	0	b'(?<=ab)x'
corpus	default	vm	0	0	0	0	b'(?=(x*))a'
corpus	vm	vm	0	0	0	0	b'(?=(x*))a'
corpus	default	vm	0	0	0	0	b'((?=(a+))a)+'
corpus	vm	vm	0	0	0	0	b'((?=(a+))a)+'
corpus	default	vm	0	0	0	0	b'(?:(a)(?=(b))|(c)(?=(d)))+'
corpus	vm	vm	0	0	0	0	b'(?:(a)(?=(b))|(c)(?=(d)))+'
corpus	default	dfa	0	0	0	0	b'a(?:(?<=\\w)(?!\\w)|(?<!\\w)(?=\\w))b'
corpus	vm	vm	0	0	0	0	b'a(?:(?<=\\w)(?!\\w)|(?<!\\w)(?=\\w))b'
corpus	default	vm	0	0	0	0	b'(?:\\A|(?<=\\n)(?!\\z))x'
corpus	vm	vm	0	0	0	0	b'(?:\\A|(?<=\\n)(?!\\z))x'
corpus	default	vm	0	0	0	0	b'a(?=\\n?\\z)'
corpus	vm	vm	0	0	0	0	b'a(?=\\n?\\z)'
corpus	default	vm	0	0	0	0	b'a(?!(?:(?<=\\w)(?!\\w)|(?<!\\w)(?=\\w)))b'
corpus	vm	vm	0	0	0	0	b'a(?!(?:(?<=\\w)(?!\\w)|(?<!\\w)(?=\\w)))b'
corpus	default	vm	0	0	0	0	b'(?<=a|bb|ccc|dddd)X'
corpus	vm	vm	0	0	0	0	b'(?<=a|bb|ccc|dddd)X'
corpus	default	vm	0	0	0	0	b'(?=)z'
corpus	vm	vm	0	0	0	0	b'(?=)z'
corpus	default	vm	0	0	0	0	b'z(?=)'
corpus	vm	vm	0	0	0	0	b'z(?=)'
corpus	default	vm	0	0	0	0	b'y(?=)z'
corpus	vm	vm	0	0	0	0	b'y(?=)z'
corpus	default	vm	0	0	0	0	b'(?:(?=)z|w)'
corpus	vm	vm	0	0	0	0	b'(?:(?=)z|w)'
corpus	default	vm	0	0	0	0	b'(?=)*z'
corpus	vm	vm	0	0	0	0	b'(?=)*z'
corpus	default	vm	0	0	0	0	b'((?=)z)'
corpus	vm	vm	0	0	0	0	b'((?=)z)'
corpus	default	vm	0	0	0	0	b'(?>(?=)z)'
corpus	vm	vm	0	0	0	0	b'(?>(?=)z)'
corpus	default	dfa	0	0	0	0	b'(?=a)z'
corpus	vm	vm	0	0	0	0	b'(?=a)z'
corpus	default	dfa	0	0	0	0	b'z(?=a)'
corpus	vm	vm	0	0	0	0	b'z(?=a)'
corpus	default	dfa	0	0	0	0	b'y(?=a)z'
corpus	vm	vm	0	0	0	0	b'y(?=a)z'
corpus	default	dfa	0	0	0	0	b'(?:(?=a)z|w)'
corpus	vm	vm	0	0	0	0	b'(?:(?=a)z|w)'
corpus	default	dfa	0	0	0	0	b'(?=a)*z'
corpus	vm	vm	0	0	0	0	b'(?=a)*z'
corpus	default	vm	0	0	0	0	b'((?=a)z)'
corpus	vm	vm	0	0	0	0	b'((?=a)z)'
corpus	default	vm	0	0	0	0	b'(?>(?=a)z)'
corpus	vm	vm	0	0	0	0	b'(?>(?=a)z)'
corpus	default	dfa	0	0	0	0	b'(?=[ab])z'
corpus	vm	vm	0	0	0	0	b'(?=[ab])z'
corpus	default	dfa	0	0	0	0	b'z(?=[ab])'
corpus	vm	vm	0	0	0	0	b'z(?=[ab])'
corpus	default	dfa	0	0	0	0	b'y(?=[ab])z'
corpus	vm	vm	0	0	0	0	b'y(?=[ab])z'
corpus	default	dfa	0	0	0	0	b'(?:(?=[ab])z|w)'
corpus	vm	vm	0	0	0	0	b'(?:(?=[ab])z|w)'
corpus	default	dfa	0	0	0	0	b'(?=[ab])*z'
corpus	vm	vm	0	0	0	0	b'(?=[ab])*z'
corpus	default	vm	0	0	0	0	b'((?=[ab])z)'
corpus	vm	vm	0	0	0	0	b'((?=[ab])z)'
corpus	default	vm	0	0	0	0	b'(?>(?=[ab])z)'
corpus	vm	vm	0	0	0	0	b'(?>(?=[ab])z)'
corpus	default	vm	0	0	0	0	b'(?=abc)z'
corpus	vm	vm	0	0	0	0	b'(?=abc)z'
corpus	default	vm	0	0	0	0	b'z(?=abc)'
corpus	vm	vm	0	0	0	0	b'z(?=abc)'
corpus	default	vm	0	0	0	0	b'y(?=abc)z'
corpus	vm	vm	0	0	0	0	b'y(?=abc)z'
corpus	default	vm	0	0	0	0	b'(?:(?=abc)z|w)'
corpus	vm	vm	0	0	0	0	b'(?:(?=abc)z|w)'
corpus	default	vm	0	0	0	0	b'(?=abc)*z'
corpus	vm	vm	0	0	0	0	b'(?=abc)*z'
corpus	default	vm	0	0	0	0	b'((?=abc)z)'
corpus	vm	vm	0	0	0	0	b'((?=abc)z)'
corpus	default	vm	0	0	0	0	b'(?>(?=abc)z)'
corpus	vm	vm	0	0	0	0	b'(?>(?=abc)z)'
corpus	default	vm	0	0	0	0	b'(?=ab|cd)z'
corpus	vm	vm	0	0	0	0	b'(?=ab|cd)z'
corpus	default	vm	0	0	0	0	b'z(?=ab|cd)'
corpus	vm	vm	0	0	0	0	b'z(?=ab|cd)'
corpus	default	vm	0	0	0	0	b'y(?=ab|cd)z'
corpus	vm	vm	0	0	0	0	b'y(?=ab|cd)z'
corpus	default	vm	0	0	0	0	b'(?:(?=ab|cd)z|w)'
corpus	vm	vm	0	0	0	0	b'(?:(?=ab|cd)z|w)'
corpus	default	vm	0	0	0	0	b'(?=ab|cd)*z'
corpus	vm	vm	0	0	0	0	b'(?=ab|cd)*z'
corpus	default	vm	0	0	0	0	b'((?=ab|cd)z)'
corpus	vm	vm	0	0	0	0	b'((?=ab|cd)z)'
corpus	default	vm	0	0	0	0	b'(?>(?=ab|cd)z)'
corpus	vm	vm	0	0	0	0	b'(?>(?=ab|cd)z)'
corpus	default	vm	0	0	0	0	b'(?=a|bc)z'
corpus	vm	vm	0	0	0	0	b'(?=a|bc)z'
corpus	default	vm	0	0	0	0	b'z(?=a|bc)'
corpus	vm	vm	0	0	0	0	b'z(?=a|bc)'
corpus	default	vm	0	0	0	0	b'y(?=a|bc)z'
corpus	vm	vm	0	0	0	0	b'y(?=a|bc)z'
corpus	default	vm	0	0	0	0	b'(?:(?=a|bc)z|w)'
corpus	vm	vm	0	0	0	0	b'(?:(?=a|bc)z|w)'
corpus	default	vm	0	0	0	0	b'(?=a|bc)*z'
corpus	vm	vm	0	0	0	0	b'(?=a|bc)*z'
corpus	default	vm	0	0	0	0	b'((?=a|bc)z)'
corpus	vm	vm	0	0	0	0	b'((?=a|bc)z)'
corpus	default	vm	0	0	0	0	b'(?>(?=a|bc)z)'
corpus	vm	vm	0	0	0	0	b'(?>(?=a|bc)z)'
corpus	default	vm	0	0	0	0	b'(?=(a))z'
corpus	vm	vm	0	0	0	0	b'(?=(a))z'
corpus	default	vm	0	0	0	0	b'z(?=(a))'
corpus	vm	vm	0	0	0	0	b'z(?=(a))'
corpus	default	vm	0	0	0	0	b'y(?=(a))z'
corpus	vm	vm	0	0	0	0	b'y(?=(a))z'
corpus	default	vm	0	0	0	0	b'(?:(?=(a))z|w)'
corpus	vm	vm	0	0	0	0	b'(?:(?=(a))z|w)'
corpus	default	vm	0	0	0	0	b'(?=(a))*z'
corpus	vm	vm	0	0	0	0	b'(?=(a))*z'
corpus	default	vm	0	0	0	0	b'((?=(a))z)'
corpus	vm	vm	0	0	0	0	b'((?=(a))z)'
corpus	default	vm	0	0	0	0	b'(?>(?=(a))z)'
corpus	vm	vm	0	0	0	0	b'(?>(?=(a))z)'
corpus	default	vm	0	0	0	0	b'(?=a(?!b))z'
corpus	vm	vm	0	0	0	0	b'(?=a(?!b))z'
corpus	default	vm	0	0	0	0	b'z(?=a(?!b))'
corpus	vm	vm	0	0	0	0	b'z(?=a(?!b))'
corpus	default	vm	0	0	0	0	b'y(?=a(?!b))z'
corpus	vm	vm	0	0	0	0	b'y(?=a(?!b))z'
corpus	default	vm	0	0	0	0	b'(?:(?=a(?!b))z|w)'
corpus	vm	vm	0	0	0	0	b'(?:(?=a(?!b))z|w)'
corpus	default	vm	0	0	0	0	b'(?=a(?!b))*z'
corpus	vm	vm	0	0	0	0	b'(?=a(?!b))*z'
corpus	default	vm	0	0	0	0	b'((?=a(?!b))z)'
corpus	vm	vm	0	0	0	0	b'((?=a(?!b))z)'
corpus	default	vm	0	0	0	0	b'(?>(?=a(?!b))z)'
corpus	vm	vm	0	0	0	0	b'(?>(?=a(?!b))z)'
corpus	default	vm	0	0	0	0	b'(a)(?=\\1)z'
corpus	vm	vm	0	0	0	0	b'(a)(?=\\1)z'
corpus	default	vm	0	0	0	0	b'(a)z(?=\\1)'
corpus	vm	vm	0	0	0	0	b'(a)z(?=\\1)'
corpus	default	vm	0	0	0	0	b'(a)y(?=\\1)z'
corpus	vm	vm	0	0	0	0	b'(a)y(?=\\1)z'
corpus	default	vm	0	0	0	0	b'(a)(?:(?=\\1)z|w)'
corpus	vm	vm	0	0	0	0	b'(a)(?:(?=\\1)z|w)'
corpus	default	vm	0	0	0	0	b'(a)(?=\\1)*z'
corpus	vm	vm	0	0	0	0	b'(a)(?=\\1)*z'
corpus	default	vm	0	0	0	0	b'(a)((?=\\1)z)'
corpus	vm	vm	0	0	0	0	b'(a)((?=\\1)z)'
corpus	default	vm	0	0	0	0	b'(a)(?>(?=\\1)z)'
corpus	vm	vm	0	0	0	0	b'(a)(?>(?=\\1)z)'
corpus	default	vm	0	0	0	0	b'(?!)z'
corpus	vm	vm	0	0	0	0	b'(?!)z'
corpus	default	vm	0	0	0	0	b'z(?!)'
corpus	vm	vm	0	0	0	0	b'z(?!)'
corpus	default	vm	0	0	0	0	b'y(?!)z'
corpus	vm	vm	0	0	0	0	b'y(?!)z'
corpus	default	vm	0	0	0	0	b'(?:(?!)z|w)'
corpus	vm	vm	0	0	0	0	b'(?:(?!)z|w)'
corpus	default	vm	0	0	0	0	b'(?!)*z'
corpus	vm	vm	0	0	0	0	b'(?!)*z'
corpus	default	vm	0	0	0	0	b'((?!)z)'
corpus	vm	vm	0	0	0	0	b'((?!)z)'
corpus	default	vm	0	0	0	0	b'(?>(?!)z)'
corpus	vm	vm	0	0	0	0	b'(?>(?!)z)'
corpus	default	dfa	0	0	0	0	b'(?!a)z'
corpus	vm	vm	0	0	0	0	b'(?!a)z'
corpus	default	dfa	0	0	0	0	b'z(?!a)'
corpus	vm	vm	0	0	0	0	b'z(?!a)'
corpus	default	dfa	0	0	0	0	b'y(?!a)z'
corpus	vm	vm	0	0	0	0	b'y(?!a)z'
corpus	default	dfa	0	0	0	0	b'(?:(?!a)z|w)'
corpus	vm	vm	0	0	0	0	b'(?:(?!a)z|w)'
corpus	default	dfa	0	0	0	0	b'(?!a)*z'
corpus	vm	vm	0	0	0	0	b'(?!a)*z'
corpus	default	vm	0	0	0	0	b'((?!a)z)'
corpus	vm	vm	0	0	0	0	b'((?!a)z)'
corpus	default	vm	0	0	0	0	b'(?>(?!a)z)'
corpus	vm	vm	0	0	0	0	b'(?>(?!a)z)'
corpus	default	dfa	0	0	0	0	b'(?![ab])z'
corpus	vm	vm	0	0	0	0	b'(?![ab])z'
corpus	default	dfa	0	0	0	0	b'z(?![ab])'
corpus	vm	vm	0	0	0	0	b'z(?![ab])'
corpus	default	dfa	0	0	0	0	b'y(?![ab])z'
corpus	vm	vm	0	0	0	0	b'y(?![ab])z'
corpus	default	dfa	0	0	0	0	b'(?:(?![ab])z|w)'
corpus	vm	vm	0	0	0	0	b'(?:(?![ab])z|w)'
corpus	default	dfa	0	0	0	0	b'(?![ab])*z'
corpus	vm	vm	0	0	0	0	b'(?![ab])*z'
corpus	default	vm	0	0	0	0	b'((?![ab])z)'
corpus	vm	vm	0	0	0	0	b'((?![ab])z)'
corpus	default	vm	0	0	0	0	b'(?>(?![ab])z)'
corpus	vm	vm	0	0	0	0	b'(?>(?![ab])z)'
corpus	default	vm	0	0	0	0	b'(?!abc)z'
corpus	vm	vm	0	0	0	0	b'(?!abc)z'
corpus	default	vm	0	0	0	0	b'z(?!abc)'
corpus	vm	vm	0	0	0	0	b'z(?!abc)'
corpus	default	vm	0	0	0	0	b'y(?!abc)z'
corpus	vm	vm	0	0	0	0	b'y(?!abc)z'
corpus	default	vm	0	0	0	0	b'(?:(?!abc)z|w)'
corpus	vm	vm	0	0	0	0	b'(?:(?!abc)z|w)'
corpus	default	vm	0	0	0	0	b'(?!abc)*z'
corpus	vm	vm	0	0	0	0	b'(?!abc)*z'
corpus	default	vm	0	0	0	0	b'((?!abc)z)'
corpus	vm	vm	0	0	0	0	b'((?!abc)z)'
corpus	default	vm	0	0	0	0	b'(?>(?!abc)z)'
corpus	vm	vm	0	0	0	0	b'(?>(?!abc)z)'
corpus	default	vm	0	0	0	0	b'(?!ab|cd)z'
corpus	vm	vm	0	0	0	0	b'(?!ab|cd)z'
corpus	default	vm	0	0	0	0	b'z(?!ab|cd)'
corpus	vm	vm	0	0	0	0	b'z(?!ab|cd)'
corpus	default	vm	0	0	0	0	b'y(?!ab|cd)z'
corpus	vm	vm	0	0	0	0	b'y(?!ab|cd)z'
corpus	default	vm	0	0	0	0	b'(?:(?!ab|cd)z|w)'
corpus	vm	vm	0	0	0	0	b'(?:(?!ab|cd)z|w)'
corpus	default	vm	0	0	0	0	b'(?!ab|cd)*z'
corpus	vm	vm	0	0	0	0	b'(?!ab|cd)*z'
corpus	default	vm	0	0	0	0	b'((?!ab|cd)z)'
corpus	vm	vm	0	0	0	0	b'((?!ab|cd)z)'
corpus	default	vm	0	0	0	0	b'(?>(?!ab|cd)z)'
corpus	vm	vm	0	0	0	0	b'(?>(?!ab|cd)z)'
corpus	default	vm	0	0	0	0	b'(?!a|bc)z'
corpus	vm	vm	0	0	0	0	b'(?!a|bc)z'
corpus	default	vm	0	0	0	0	b'z(?!a|bc)'
corpus	vm	vm	0	0	0	0	b'z(?!a|bc)'
corpus	default	vm	0	0	0	0	b'y(?!a|bc)z'
corpus	vm	vm	0	0	0	0	b'y(?!a|bc)z'
corpus	default	vm	0	0	0	0	b'(?:(?!a|bc)z|w)'
corpus	vm	vm	0	0	0	0	b'(?:(?!a|bc)z|w)'
corpus	default	vm	0	0	0	0	b'(?!a|bc)*z'
corpus	vm	vm	0	0	0	0	b'(?!a|bc)*z'
corpus	default	vm	0	0	0	0	b'((?!a|bc)z)'
corpus	vm	vm	0	0	0	0	b'((?!a|bc)z)'
corpus	default	vm	0	0	0	0	b'(?>(?!a|bc)z)'
corpus	vm	vm	0	0	0	0	b'(?>(?!a|bc)z)'
corpus	default	vm	0	0	0	0	b'(?!(a))z'
corpus	vm	vm	0	0	0	0	b'(?!(a))z'
corpus	default	vm	0	0	0	0	b'z(?!(a))'
corpus	vm	vm	0	0	0	0	b'z(?!(a))'
corpus	default	vm	0	0	0	0	b'y(?!(a))z'
corpus	vm	vm	0	0	0	0	b'y(?!(a))z'
corpus	default	vm	0	0	0	0	b'(?:(?!(a))z|w)'
corpus	vm	vm	0	0	0	0	b'(?:(?!(a))z|w)'
corpus	default	vm	0	0	0	0	b'(?!(a))*z'
corpus	vm	vm	0	0	0	0	b'(?!(a))*z'
corpus	default	vm	0	0	0	0	b'((?!(a))z)'
corpus	vm	vm	0	0	0	0	b'((?!(a))z)'
corpus	default	vm	0	0	0	0	b'(?>(?!(a))z)'
corpus	vm	vm	0	0	0	0	b'(?>(?!(a))z)'
corpus	default	vm	0	0	0	0	b'(?!a(?!b))z'
corpus	vm	vm	0	0	0	0	b'(?!a(?!b))z'
corpus	default	vm	0	0	0	0	b'z(?!a(?!b))'
corpus	vm	vm	0	0	0	0	b'z(?!a(?!b))'
corpus	default	vm	0	0	0	0	b'y(?!a(?!b))z'
corpus	vm	vm	0	0	0	0	b'y(?!a(?!b))z'
corpus	default	vm	0	0	0	0	b'(?:(?!a(?!b))z|w)'
corpus	vm	vm	0	0	0	0	b'(?:(?!a(?!b))z|w)'
corpus	default	vm	0	0	0	0	b'(?!a(?!b))*z'
corpus	vm	vm	0	0	0	0	b'(?!a(?!b))*z'
corpus	default	vm	0	0	0	0	b'((?!a(?!b))z)'
corpus	vm	vm	0	0	0	0	b'((?!a(?!b))z)'
corpus	default	vm	0	0	0	0	b'(?>(?!a(?!b))z)'
corpus	vm	vm	0	0	0	0	b'(?>(?!a(?!b))z)'
corpus	default	vm	0	0	0	0	b'(a)(?!\\1)z'
corpus	vm	vm	0	0	0	0	b'(a)(?!\\1)z'
corpus	default	vm	0	0	0	0	b'(a)z(?!\\1)'
corpus	vm	vm	0	0	0	0	b'(a)z(?!\\1)'
corpus	default	vm	0	0	0	0	b'(a)y(?!\\1)z'
corpus	vm	vm	0	0	0	0	b'(a)y(?!\\1)z'
corpus	default	vm	0	0	0	0	b'(a)(?:(?!\\1)z|w)'
corpus	vm	vm	0	0	0	0	b'(a)(?:(?!\\1)z|w)'
corpus	default	vm	0	0	0	0	b'(a)(?!\\1)*z'
corpus	vm	vm	0	0	0	0	b'(a)(?!\\1)*z'
corpus	default	vm	0	0	0	0	b'(a)((?!\\1)z)'
corpus	vm	vm	0	0	0	0	b'(a)((?!\\1)z)'
corpus	default	vm	0	0	0	0	b'(a)(?>(?!\\1)z)'
corpus	vm	vm	0	0	0	0	b'(a)(?>(?!\\1)z)'
corpus	default	vm	0	0	0	0	b'(?<=)z'
corpus	vm	vm	0	0	0	0	b'(?<=)z'
corpus	default	vm	0	0	0	0	b'z(?<=)'
corpus	vm	vm	0	0	0	0	b'z(?<=)'
corpus	default	vm	0	0	0	0	b'y(?<=)z'
corpus	vm	vm	0	0	0	0	b'y(?<=)z'
corpus	default	vm	0	0	0	0	b'(?:(?<=)z|w)'
corpus	vm	vm	0	0	0	0	b'(?:(?<=)z|w)'
corpus	default	vm	0	0	0	0	b'(?<=)*z'
corpus	vm	vm	0	0	0	0	b'(?<=)*z'
corpus	default	vm	0	0	0	0	b'((?<=)z)'
corpus	vm	vm	0	0	0	0	b'((?<=)z)'
corpus	default	vm	0	0	0	0	b'(?>(?<=)z)'
corpus	vm	vm	0	0	0	0	b'(?>(?<=)z)'
corpus	default	dfa	0	0	0	0	b'(?<=a)z'
corpus	vm	vm	0	0	0	0	b'(?<=a)z'
corpus	default	dfa	0	0	0	0	b'z(?<=a)'
corpus	vm	vm	0	0	0	0	b'z(?<=a)'
corpus	default	dfa	0	0	0	0	b'y(?<=a)z'
corpus	vm	vm	0	0	0	0	b'y(?<=a)z'
corpus	default	dfa	0	0	0	0	b'(?:(?<=a)z|w)'
corpus	vm	vm	0	0	0	0	b'(?:(?<=a)z|w)'
corpus	default	dfa	0	0	0	0	b'(?<=a)*z'
corpus	vm	vm	0	0	0	0	b'(?<=a)*z'
corpus	default	vm	0	0	0	0	b'((?<=a)z)'
corpus	vm	vm	0	0	0	0	b'((?<=a)z)'
corpus	default	vm	0	0	0	0	b'(?>(?<=a)z)'
corpus	vm	vm	0	0	0	0	b'(?>(?<=a)z)'
corpus	default	dfa	0	0	0	0	b'(?<=[ab])z'
corpus	vm	vm	0	0	0	0	b'(?<=[ab])z'
corpus	default	dfa	0	0	0	0	b'z(?<=[ab])'
corpus	vm	vm	0	0	0	0	b'z(?<=[ab])'
corpus	default	dfa	0	0	0	0	b'y(?<=[ab])z'
corpus	vm	vm	0	0	0	0	b'y(?<=[ab])z'
corpus	default	dfa	0	0	0	0	b'(?:(?<=[ab])z|w)'
corpus	vm	vm	0	0	0	0	b'(?:(?<=[ab])z|w)'
corpus	default	dfa	0	0	0	0	b'(?<=[ab])*z'
corpus	vm	vm	0	0	0	0	b'(?<=[ab])*z'
corpus	default	vm	0	0	0	0	b'((?<=[ab])z)'
corpus	vm	vm	0	0	0	0	b'((?<=[ab])z)'
corpus	default	vm	0	0	0	0	b'(?>(?<=[ab])z)'
corpus	vm	vm	0	0	0	0	b'(?>(?<=[ab])z)'
corpus	default	vm	0	0	0	0	b'(?<=abc)z'
corpus	vm	vm	0	0	0	0	b'(?<=abc)z'
corpus	default	vm	0	0	0	0	b'z(?<=abc)'
corpus	vm	vm	0	0	0	0	b'z(?<=abc)'
corpus	default	vm	0	0	0	0	b'y(?<=abc)z'
corpus	vm	vm	0	0	0	0	b'y(?<=abc)z'
corpus	default	vm	0	0	0	0	b'(?:(?<=abc)z|w)'
corpus	vm	vm	0	0	0	0	b'(?:(?<=abc)z|w)'
corpus	default	vm	0	0	0	0	b'(?<=abc)*z'
corpus	vm	vm	0	0	0	0	b'(?<=abc)*z'
corpus	default	vm	0	0	0	0	b'((?<=abc)z)'
corpus	vm	vm	0	0	0	0	b'((?<=abc)z)'
corpus	default	vm	0	0	0	0	b'(?>(?<=abc)z)'
corpus	vm	vm	0	0	0	0	b'(?>(?<=abc)z)'
corpus	default	vm	0	0	0	0	b'(?<=ab|cd)z'
corpus	vm	vm	0	0	0	0	b'(?<=ab|cd)z'
corpus	default	vm	0	0	0	0	b'z(?<=ab|cd)'
corpus	vm	vm	0	0	0	0	b'z(?<=ab|cd)'
corpus	default	vm	0	0	0	0	b'y(?<=ab|cd)z'
corpus	vm	vm	0	0	0	0	b'y(?<=ab|cd)z'
corpus	default	vm	0	0	0	0	b'(?:(?<=ab|cd)z|w)'
corpus	vm	vm	0	0	0	0	b'(?:(?<=ab|cd)z|w)'
corpus	default	vm	0	0	0	0	b'(?<=ab|cd)*z'
corpus	vm	vm	0	0	0	0	b'(?<=ab|cd)*z'
corpus	default	vm	0	0	0	0	b'((?<=ab|cd)z)'
corpus	vm	vm	0	0	0	0	b'((?<=ab|cd)z)'
corpus	default	vm	0	0	0	0	b'(?>(?<=ab|cd)z)'
corpus	vm	vm	0	0	0	0	b'(?>(?<=ab|cd)z)'
corpus	default	vm	0	0	0	0	b'(?<=a|bc)z'
corpus	vm	vm	0	0	0	0	b'(?<=a|bc)z'
corpus	default	vm	0	0	0	0	b'z(?<=a|bc)'
corpus	vm	vm	0	0	0	0	b'z(?<=a|bc)'
corpus	default	vm	0	0	0	0	b'y(?<=a|bc)z'
corpus	vm	vm	0	0	0	0	b'y(?<=a|bc)z'
corpus	default	vm	0	0	0	0	b'(?:(?<=a|bc)z|w)'
corpus	vm	vm	0	0	0	0	b'(?:(?<=a|bc)z|w)'
corpus	default	vm	0	0	0	0	b'(?<=a|bc)*z'
corpus	vm	vm	0	0	0	0	b'(?<=a|bc)*z'
corpus	default	vm	0	0	0	0	b'((?<=a|bc)z)'
corpus	vm	vm	0	0	0	0	b'((?<=a|bc)z)'
corpus	default	vm	0	0	0	0	b'(?>(?<=a|bc)z)'
corpus	vm	vm	0	0	0	0	b'(?>(?<=a|bc)z)'
corpus	default	vm	0	0	0	0	b'(?<=(a))z'
corpus	vm	vm	0	0	0	0	b'(?<=(a))z'
corpus	default	vm	0	0	0	0	b'z(?<=(a))'
corpus	vm	vm	0	0	0	0	b'z(?<=(a))'
corpus	default	vm	0	0	0	0	b'y(?<=(a))z'
corpus	vm	vm	0	0	0	0	b'y(?<=(a))z'
corpus	default	vm	0	0	0	0	b'(?:(?<=(a))z|w)'
corpus	vm	vm	0	0	0	0	b'(?:(?<=(a))z|w)'
corpus	default	vm	0	0	0	0	b'(?<=(a))*z'
corpus	vm	vm	0	0	0	0	b'(?<=(a))*z'
corpus	default	vm	0	0	0	0	b'((?<=(a))z)'
corpus	vm	vm	0	0	0	0	b'((?<=(a))z)'
corpus	default	vm	0	0	0	0	b'(?>(?<=(a))z)'
corpus	vm	vm	0	0	0	0	b'(?>(?<=(a))z)'
corpus	default	vm	0	0	0	0	b'(?<=a(?!b))z'
corpus	vm	vm	0	0	0	0	b'(?<=a(?!b))z'
corpus	default	vm	0	0	0	0	b'z(?<=a(?!b))'
corpus	vm	vm	0	0	0	0	b'z(?<=a(?!b))'
corpus	default	vm	0	0	0	0	b'y(?<=a(?!b))z'
corpus	vm	vm	0	0	0	0	b'y(?<=a(?!b))z'
corpus	default	vm	0	0	0	0	b'(?:(?<=a(?!b))z|w)'
corpus	vm	vm	0	0	0	0	b'(?:(?<=a(?!b))z|w)'
corpus	default	vm	0	0	0	0	b'(?<=a(?!b))*z'
corpus	vm	vm	0	0	0	0	b'(?<=a(?!b))*z'
corpus	default	vm	0	0	0	0	b'((?<=a(?!b))z)'
corpus	vm	vm	0	0	0	0	b'((?<=a(?!b))z)'
corpus	default	vm	0	0	0	0	b'(?>(?<=a(?!b))z)'
corpus	vm	vm	0	0	0	0	b'(?>(?<=a(?!b))z)'
corpus	default	vm	0	0	0	0	b'(?<!)z'
corpus	vm	vm	0	0	0	0	b'(?<!)z'
corpus	default	vm	0	0	0	0	b'z(?<!)'
corpus	vm	vm	0	0	0	0	b'z(?<!)'
corpus	default	vm	0	0	0	0	b'y(?<!)z'
corpus	vm	vm	0	0	0	0	b'y(?<!)z'
corpus	default	vm	0	0	0	0	b'(?:(?<!)z|w)'
corpus	vm	vm	0	0	0	0	b'(?:(?<!)z|w)'
corpus	default	vm	0	0	0	0	b'(?<!)*z'
corpus	vm	vm	0	0	0	0	b'(?<!)*z'
corpus	default	vm	0	0	0	0	b'((?<!)z)'
corpus	vm	vm	0	0	0	0	b'((?<!)z)'
corpus	default	vm	0	0	0	0	b'(?>(?<!)z)'
corpus	vm	vm	0	0	0	0	b'(?>(?<!)z)'
corpus	default	dfa	0	0	0	0	b'(?<!a)z'
corpus	vm	vm	0	0	0	0	b'(?<!a)z'
corpus	default	dfa	0	0	0	0	b'z(?<!a)'
corpus	vm	vm	0	0	0	0	b'z(?<!a)'
corpus	default	dfa	0	0	0	0	b'y(?<!a)z'
corpus	vm	vm	0	0	0	0	b'y(?<!a)z'
corpus	default	dfa	0	0	0	0	b'(?:(?<!a)z|w)'
corpus	vm	vm	0	0	0	0	b'(?:(?<!a)z|w)'
corpus	default	dfa	0	0	0	0	b'(?<!a)*z'
corpus	vm	vm	0	0	0	0	b'(?<!a)*z'
corpus	default	vm	0	0	0	0	b'((?<!a)z)'
corpus	vm	vm	0	0	0	0	b'((?<!a)z)'
corpus	default	vm	0	0	0	0	b'(?>(?<!a)z)'
corpus	vm	vm	0	0	0	0	b'(?>(?<!a)z)'
corpus	default	dfa	0	0	0	0	b'(?<![ab])z'
corpus	vm	vm	0	0	0	0	b'(?<![ab])z'
corpus	default	dfa	0	0	0	0	b'z(?<![ab])'
corpus	vm	vm	0	0	0	0	b'z(?<![ab])'
corpus	default	dfa	0	0	0	0	b'y(?<![ab])z'
corpus	vm	vm	0	0	0	0	b'y(?<![ab])z'
corpus	default	dfa	0	0	0	0	b'(?:(?<![ab])z|w)'
corpus	vm	vm	0	0	0	0	b'(?:(?<![ab])z|w)'
corpus	default	dfa	0	0	0	0	b'(?<![ab])*z'
corpus	vm	vm	0	0	0	0	b'(?<![ab])*z'
corpus	default	vm	0	0	0	0	b'((?<![ab])z)'
corpus	vm	vm	0	0	0	0	b'((?<![ab])z)'
corpus	default	vm	0	0	0	0	b'(?>(?<![ab])z)'
corpus	vm	vm	0	0	0	0	b'(?>(?<![ab])z)'
corpus	default	vm	0	0	0	0	b'(?<!abc)z'
corpus	vm	vm	0	0	0	0	b'(?<!abc)z'
corpus	default	vm	0	0	0	0	b'z(?<!abc)'
corpus	vm	vm	0	0	0	0	b'z(?<!abc)'
corpus	default	vm	0	0	0	0	b'y(?<!abc)z'
corpus	vm	vm	0	0	0	0	b'y(?<!abc)z'
corpus	default	vm	0	0	0	0	b'(?:(?<!abc)z|w)'
corpus	vm	vm	0	0	0	0	b'(?:(?<!abc)z|w)'
corpus	default	vm	0	0	0	0	b'(?<!abc)*z'
corpus	vm	vm	0	0	0	0	b'(?<!abc)*z'
corpus	default	vm	0	0	0	0	b'((?<!abc)z)'
corpus	vm	vm	0	0	0	0	b'((?<!abc)z)'
corpus	default	vm	0	0	0	0	b'(?>(?<!abc)z)'
corpus	vm	vm	0	0	0	0	b'(?>(?<!abc)z)'
corpus	default	vm	0	0	0	0	b'(?<!ab|cd)z'
corpus	vm	vm	0	0	0	0	b'(?<!ab|cd)z'
corpus	default	vm	0	0	0	0	b'z(?<!ab|cd)'
corpus	vm	vm	0	0	0	0	b'z(?<!ab|cd)'
corpus	default	vm	0	0	0	0	b'y(?<!ab|cd)z'
corpus	vm	vm	0	0	0	0	b'y(?<!ab|cd)z'
corpus	default	vm	0	0	0	0	b'(?:(?<!ab|cd)z|w)'
corpus	vm	vm	0	0	0	0	b'(?:(?<!ab|cd)z|w)'
corpus	default	vm	0	0	0	0	b'(?<!ab|cd)*z'
corpus	vm	vm	0	0	0	0	b'(?<!ab|cd)*z'
corpus	default	vm	0	0	0	0	b'((?<!ab|cd)z)'
corpus	vm	vm	0	0	0	0	b'((?<!ab|cd)z)'
corpus	default	vm	0	0	0	0	b'(?>(?<!ab|cd)z)'
corpus	vm	vm	0	0	0	0	b'(?>(?<!ab|cd)z)'
corpus	default	vm	0	0	0	0	b'(?<!a|bc)z'
corpus	vm	vm	0	0	0	0	b'(?<!a|bc)z'
corpus	default	vm	0	0	0	0	b'z(?<!a|bc)'
corpus	vm	vm	0	0	0	0	b'z(?<!a|bc)'
corpus	default	vm	0	0	0	0	b'y(?<!a|bc)z'
corpus	vm	vm	0	0	0	0	b'y(?<!a|bc)z'
corpus	default	vm	0	0	0	0	b'(?:(?<!a|bc)z|w)'
corpus	vm	vm	0	0	0	0	b'(?:(?<!a|bc)z|w)'
corpus	default	vm	0	0	0	0	b'(?<!a|bc)*z'
corpus	vm	vm	0	0	0	0	b'(?<!a|bc)*z'
corpus	default	vm	0	0	0	0	b'((?<!a|bc)z)'
corpus	vm	vm	0	0	0	0	b'((?<!a|bc)z)'
corpus	default	vm	0	0	0	0	b'(?>(?<!a|bc)z)'
corpus	vm	vm	0	0	0	0	b'(?>(?<!a|bc)z)'
corpus	default	vm	0	0	0	0	b'(?<!(a))z'
corpus	vm	vm	0	0	0	0	b'(?<!(a))z'
corpus	default	vm	0	0	0	0	b'z(?<!(a))'
corpus	vm	vm	0	0	0	0	b'z(?<!(a))'
corpus	default	vm	0	0	0	0	b'y(?<!(a))z'
corpus	vm	vm	0	0	0	0	b'y(?<!(a))z'
corpus	default	vm	0	0	0	0	b'(?:(?<!(a))z|w)'
corpus	vm	vm	0	0	0	0	b'(?:(?<!(a))z|w)'
corpus	default	vm	0	0	0	0	b'(?<!(a))*z'
corpus	vm	vm	0	0	0	0	b'(?<!(a))*z'
corpus	default	vm	0	0	0	0	b'((?<!(a))z)'
corpus	vm	vm	0	0	0	0	b'((?<!(a))z)'
corpus	default	vm	0	0	0	0	b'(?>(?<!(a))z)'
corpus	vm	vm	0	0	0	0	b'(?>(?<!(a))z)'
corpus	default	vm	0	0	0	0	b'(?<!a(?!b))z'
corpus	vm	vm	0	0	0	0	b'(?<!a(?!b))z'
corpus	default	vm	0	0	0	0	b'z(?<!a(?!b))'
corpus	vm	vm	0	0	0	0	b'z(?<!a(?!b))'
corpus	default	vm	0	0	0	0	b'y(?<!a(?!b))z'
corpus	vm	vm	0	0	0	0	b'y(?<!a(?!b))z'
corpus	default	vm	0	0	0	0	b'(?:(?<!a(?!b))z|w)'
corpus	vm	vm	0	0	0	0	b'(?:(?<!a(?!b))z|w)'
corpus	default	vm	0	0	0	0	b'(?<!a(?!b))*z'
corpus	vm	vm	0	0	0	0	b'(?<!a(?!b))*z'
corpus	default	vm	0	0	0	0	b'((?<!a(?!b))z)'
corpus	vm	vm	0	0	0	0	b'((?<!a(?!b))z)'
corpus	default	vm	0	0	0	0	b'(?>(?<!a(?!b))z)'
corpus	vm	vm	0	0	0	0	b'(?>(?<!a(?!b))z)'
corpus	default	vm	0	0	0	0	b'(?*)z'
corpus	vm	vm	0	0	0	0	b'(?*)z'
corpus	default	vm	0	0	0	0	b'z(?*)'
corpus	vm	vm	0	0	0	0	b'z(?*)'
corpus	default	vm	0	0	0	0	b'y(?*)z'
corpus	vm	vm	0	0	0	0	b'y(?*)z'
corpus	default	vm	0	0	0	0	b'(?:(?*)z|w)'
corpus	vm	vm	0	0	0	0	b'(?:(?*)z|w)'
corpus	default	vm	0	0	0	0	b'(?*)*z'
corpus	vm	vm	0	0	0	0	b'(?*)*z'
corpus	default	vm	0	0	0	0	b'((?*)z)'
corpus	vm	vm	0	0	0	0	b'((?*)z)'
corpus	default	vm	0	0	0	0	b'(?>(?*)z)'
corpus	vm	vm	0	0	0	0	b'(?>(?*)z)'
corpus	default	dfa	0	0	0	0	b'(?*a)z'
corpus	vm	vm	0	0	0	0	b'(?*a)z'
corpus	default	dfa	0	0	0	0	b'z(?*a)'
corpus	vm	vm	0	0	0	0	b'z(?*a)'
corpus	default	dfa	0	0	0	0	b'y(?*a)z'
corpus	vm	vm	0	0	0	0	b'y(?*a)z'
corpus	default	dfa	0	0	0	0	b'(?:(?*a)z|w)'
corpus	vm	vm	0	0	0	0	b'(?:(?*a)z|w)'
corpus	default	dfa	0	0	0	0	b'(?*a)*z'
corpus	vm	vm	0	0	0	0	b'(?*a)*z'
corpus	default	vm	0	0	0	0	b'((?*a)z)'
corpus	vm	vm	0	0	0	0	b'((?*a)z)'
corpus	default	vm	0	0	0	0	b'(?>(?*a)z)'
corpus	vm	vm	0	0	0	0	b'(?>(?*a)z)'
corpus	default	dfa	0	0	0	0	b'(?*[ab])z'
corpus	vm	vm	0	0	0	0	b'(?*[ab])z'
corpus	default	dfa	0	0	0	0	b'z(?*[ab])'
corpus	vm	vm	0	0	0	0	b'z(?*[ab])'
corpus	default	dfa	0	0	0	0	b'y(?*[ab])z'
corpus	vm	vm	0	0	0	0	b'y(?*[ab])z'
corpus	default	dfa	0	0	0	0	b'(?:(?*[ab])z|w)'
corpus	vm	vm	0	0	0	0	b'(?:(?*[ab])z|w)'
corpus	default	dfa	0	0	0	0	b'(?*[ab])*z'
corpus	vm	vm	0	0	0	0	b'(?*[ab])*z'
corpus	default	vm	0	0	0	0	b'((?*[ab])z)'
corpus	vm	vm	0	0	0	0	b'((?*[ab])z)'
corpus	default	vm	0	0	0	0	b'(?>(?*[ab])z)'
corpus	vm	vm	0	0	0	0	b'(?>(?*[ab])z)'
corpus	default	vm	0	0	0	0	b'(?*abc)z'
corpus	vm	vm	0	0	0	0	b'(?*abc)z'
corpus	default	vm	0	0	0	0	b'z(?*abc)'
corpus	vm	vm	0	0	0	0	b'z(?*abc)'
corpus	default	vm	0	0	0	0	b'y(?*abc)z'
corpus	vm	vm	0	0	0	0	b'y(?*abc)z'
corpus	default	vm	0	0	0	0	b'(?:(?*abc)z|w)'
corpus	vm	vm	0	0	0	0	b'(?:(?*abc)z|w)'
corpus	default	vm	0	0	0	0	b'(?*abc)*z'
corpus	vm	vm	0	0	0	0	b'(?*abc)*z'
corpus	default	vm	0	0	0	0	b'((?*abc)z)'
corpus	vm	vm	0	0	0	0	b'((?*abc)z)'
corpus	default	vm	0	0	0	0	b'(?>(?*abc)z)'
corpus	vm	vm	0	0	0	0	b'(?>(?*abc)z)'
corpus	default	vm	0	0	0	0	b'(?*ab|cd)z'
corpus	vm	vm	0	0	0	0	b'(?*ab|cd)z'
corpus	default	vm	0	0	0	0	b'z(?*ab|cd)'
corpus	vm	vm	0	0	0	0	b'z(?*ab|cd)'
corpus	default	vm	0	0	0	0	b'y(?*ab|cd)z'
corpus	vm	vm	0	0	0	0	b'y(?*ab|cd)z'
corpus	default	vm	0	0	0	0	b'(?:(?*ab|cd)z|w)'
corpus	vm	vm	0	0	0	0	b'(?:(?*ab|cd)z|w)'
corpus	default	vm	0	0	0	0	b'(?*ab|cd)*z'
corpus	vm	vm	0	0	0	0	b'(?*ab|cd)*z'
corpus	default	vm	0	0	0	0	b'((?*ab|cd)z)'
corpus	vm	vm	0	0	0	0	b'((?*ab|cd)z)'
corpus	default	vm	0	0	0	0	b'(?>(?*ab|cd)z)'
corpus	vm	vm	0	0	0	0	b'(?>(?*ab|cd)z)'
corpus	default	vm	0	0	0	0	b'(?*a|bc)z'
corpus	vm	vm	0	0	0	0	b'(?*a|bc)z'
corpus	default	vm	0	0	0	0	b'z(?*a|bc)'
corpus	vm	vm	0	0	0	0	b'z(?*a|bc)'
corpus	default	vm	0	0	0	0	b'y(?*a|bc)z'
corpus	vm	vm	0	0	0	0	b'y(?*a|bc)z'
corpus	default	vm	0	0	0	0	b'(?:(?*a|bc)z|w)'
corpus	vm	vm	0	0	0	0	b'(?:(?*a|bc)z|w)'
corpus	default	vm	0	0	0	0	b'(?*a|bc)*z'
corpus	vm	vm	0	0	0	0	b'(?*a|bc)*z'
corpus	default	vm	0	0	0	0	b'((?*a|bc)z)'
corpus	vm	vm	0	0	0	0	b'((?*a|bc)z)'
corpus	default	vm	0	0	0	0	b'(?>(?*a|bc)z)'
corpus	vm	vm	0	0	0	0	b'(?>(?*a|bc)z)'
corpus	default	vm	0	0	0	0	b'(?*(a))z'
corpus	vm	vm	0	0	0	0	b'(?*(a))z'
corpus	default	vm	0	0	0	0	b'z(?*(a))'
corpus	vm	vm	0	0	0	0	b'z(?*(a))'
corpus	default	vm	0	0	0	0	b'y(?*(a))z'
corpus	vm	vm	0	0	0	0	b'y(?*(a))z'
corpus	default	vm	0	0	0	0	b'(?:(?*(a))z|w)'
corpus	vm	vm	0	0	0	0	b'(?:(?*(a))z|w)'
corpus	default	vm	0	0	0	0	b'(?*(a))*z'
corpus	vm	vm	0	0	0	0	b'(?*(a))*z'
corpus	default	vm	0	0	0	0	b'((?*(a))z)'
corpus	vm	vm	0	0	0	0	b'((?*(a))z)'
corpus	default	vm	0	0	0	0	b'(?>(?*(a))z)'
corpus	vm	vm	0	0	0	0	b'(?>(?*(a))z)'
corpus	default	vm	0	0	0	0	b'(?*a(?!b))z'
corpus	vm	vm	0	0	0	0	b'(?*a(?!b))z'
corpus	default	vm	0	0	0	0	b'z(?*a(?!b))'
corpus	vm	vm	0	0	0	0	b'z(?*a(?!b))'
corpus	default	vm	0	0	0	0	b'y(?*a(?!b))z'
corpus	vm	vm	0	0	0	0	b'y(?*a(?!b))z'
corpus	default	vm	0	0	0	0	b'(?:(?*a(?!b))z|w)'
corpus	vm	vm	0	0	0	0	b'(?:(?*a(?!b))z|w)'
corpus	default	vm	0	0	0	0	b'(?*a(?!b))*z'
corpus	vm	vm	0	0	0	0	b'(?*a(?!b))*z'
corpus	default	vm	0	0	0	0	b'((?*a(?!b))z)'
corpus	vm	vm	0	0	0	0	b'((?*a(?!b))z)'
corpus	default	vm	0	0	0	0	b'(?>(?*a(?!b))z)'
corpus	vm	vm	0	0	0	0	b'(?>(?*a(?!b))z)'
corpus	default	vm	0	0	0	0	b'(a)(?*\\1)z'
corpus	vm	vm	0	0	0	0	b'(a)(?*\\1)z'
corpus	default	vm	0	0	0	0	b'(a)z(?*\\1)'
corpus	vm	vm	0	0	0	0	b'(a)z(?*\\1)'
corpus	default	vm	0	0	0	0	b'(a)y(?*\\1)z'
corpus	vm	vm	0	0	0	0	b'(a)y(?*\\1)z'
corpus	default	vm	0	0	0	0	b'(a)(?:(?*\\1)z|w)'
corpus	vm	vm	0	0	0	0	b'(a)(?:(?*\\1)z|w)'
corpus	default	vm	0	0	0	0	b'(a)(?*\\1)*z'
corpus	vm	vm	0	0	0	0	b'(a)(?*\\1)*z'
corpus	default	vm	0	0	0	0	b'(a)((?*\\1)z)'
corpus	vm	vm	0	0	0	0	b'(a)((?*\\1)z)'
corpus	default	vm	0	0	0	0	b'(a)(?>(?*\\1)z)'
corpus	vm	vm	0	0	0	0	b'(a)(?>(?*\\1)z)'
corpus	default	vm	0	0	0	0	b'(?<*)z'
corpus	vm	vm	0	0	0	0	b'(?<*)z'
corpus	default	vm	0	0	0	0	b'z(?<*)'
corpus	vm	vm	0	0	0	0	b'z(?<*)'
corpus	default	vm	0	0	0	0	b'y(?<*)z'
corpus	vm	vm	0	0	0	0	b'y(?<*)z'
corpus	default	vm	0	0	0	0	b'(?:(?<*)z|w)'
corpus	vm	vm	0	0	0	0	b'(?:(?<*)z|w)'
corpus	default	vm	0	0	0	0	b'(?<*)*z'
corpus	vm	vm	0	0	0	0	b'(?<*)*z'
corpus	default	vm	0	0	0	0	b'((?<*)z)'
corpus	vm	vm	0	0	0	0	b'((?<*)z)'
corpus	default	vm	0	0	0	0	b'(?>(?<*)z)'
corpus	vm	vm	0	0	0	0	b'(?>(?<*)z)'
corpus	default	dfa	0	0	0	0	b'(?<*a)z'
corpus	vm	vm	0	0	0	0	b'(?<*a)z'
corpus	default	dfa	0	0	0	0	b'z(?<*a)'
corpus	vm	vm	0	0	0	0	b'z(?<*a)'
corpus	default	dfa	0	0	0	0	b'y(?<*a)z'
corpus	vm	vm	0	0	0	0	b'y(?<*a)z'
corpus	default	dfa	0	0	0	0	b'(?:(?<*a)z|w)'
corpus	vm	vm	0	0	0	0	b'(?:(?<*a)z|w)'
corpus	default	dfa	0	0	0	0	b'(?<*a)*z'
corpus	vm	vm	0	0	0	0	b'(?<*a)*z'
corpus	default	vm	0	0	0	0	b'((?<*a)z)'
corpus	vm	vm	0	0	0	0	b'((?<*a)z)'
corpus	default	vm	0	0	0	0	b'(?>(?<*a)z)'
corpus	vm	vm	0	0	0	0	b'(?>(?<*a)z)'
corpus	default	dfa	0	0	0	0	b'(?<*[ab])z'
corpus	vm	vm	0	0	0	0	b'(?<*[ab])z'
corpus	default	dfa	0	0	0	0	b'z(?<*[ab])'
corpus	vm	vm	0	0	0	0	b'z(?<*[ab])'
corpus	default	dfa	0	0	0	0	b'y(?<*[ab])z'
corpus	vm	vm	0	0	0	0	b'y(?<*[ab])z'
corpus	default	dfa	0	0	0	0	b'(?:(?<*[ab])z|w)'
corpus	vm	vm	0	0	0	0	b'(?:(?<*[ab])z|w)'
corpus	default	dfa	0	0	0	0	b'(?<*[ab])*z'
corpus	vm	vm	0	0	0	0	b'(?<*[ab])*z'
corpus	default	vm	0	0	0	0	b'((?<*[ab])z)'
corpus	vm	vm	0	0	0	0	b'((?<*[ab])z)'
corpus	default	vm	0	0	0	0	b'(?>(?<*[ab])z)'
corpus	vm	vm	0	0	0	0	b'(?>(?<*[ab])z)'
corpus	default	vm	0	0	0	0	b'(?<*abc)z'
corpus	vm	vm	0	0	0	0	b'(?<*abc)z'
corpus	default	vm	0	0	0	0	b'z(?<*abc)'
corpus	vm	vm	0	0	0	0	b'z(?<*abc)'
corpus	default	vm	0	0	0	0	b'y(?<*abc)z'
corpus	vm	vm	0	0	0	0	b'y(?<*abc)z'
corpus	default	vm	0	0	0	0	b'(?:(?<*abc)z|w)'
corpus	vm	vm	0	0	0	0	b'(?:(?<*abc)z|w)'
corpus	default	vm	0	0	0	0	b'(?<*abc)*z'
corpus	vm	vm	0	0	0	0	b'(?<*abc)*z'
corpus	default	vm	0	0	0	0	b'((?<*abc)z)'
corpus	vm	vm	0	0	0	0	b'((?<*abc)z)'
corpus	default	vm	0	0	0	0	b'(?>(?<*abc)z)'
corpus	vm	vm	0	0	0	0	b'(?>(?<*abc)z)'
corpus	default	vm	0	0	0	0	b'(?<*ab|cd)z'
corpus	vm	vm	0	0	0	0	b'(?<*ab|cd)z'
corpus	default	vm	0	0	0	0	b'z(?<*ab|cd)'
corpus	vm	vm	0	0	0	0	b'z(?<*ab|cd)'
corpus	default	vm	0	0	0	0	b'y(?<*ab|cd)z'
corpus	vm	vm	0	0	0	0	b'y(?<*ab|cd)z'
corpus	default	vm	0	0	0	0	b'(?:(?<*ab|cd)z|w)'
corpus	vm	vm	0	0	0	0	b'(?:(?<*ab|cd)z|w)'
corpus	default	vm	0	0	0	0	b'(?<*ab|cd)*z'
corpus	vm	vm	0	0	0	0	b'(?<*ab|cd)*z'
corpus	default	vm	0	0	0	0	b'((?<*ab|cd)z)'
corpus	vm	vm	0	0	0	0	b'((?<*ab|cd)z)'
corpus	default	vm	0	0	0	0	b'(?>(?<*ab|cd)z)'
corpus	vm	vm	0	0	0	0	b'(?>(?<*ab|cd)z)'
corpus	default	vm	0	0	0	0	b'(?<*a|bc)z'
corpus	vm	vm	0	0	0	0	b'(?<*a|bc)z'
corpus	default	vm	0	0	0	0	b'z(?<*a|bc)'
corpus	vm	vm	0	0	0	0	b'z(?<*a|bc)'
corpus	default	vm	0	0	0	0	b'y(?<*a|bc)z'
corpus	vm	vm	0	0	0	0	b'y(?<*a|bc)z'
corpus	default	vm	0	0	0	0	b'(?:(?<*a|bc)z|w)'
corpus	vm	vm	0	0	0	0	b'(?:(?<*a|bc)z|w)'
corpus	default	vm	0	0	0	0	b'(?<*a|bc)*z'
corpus	vm	vm	0	0	0	0	b'(?<*a|bc)*z'
corpus	default	vm	0	0	0	0	b'((?<*a|bc)z)'
corpus	vm	vm	0	0	0	0	b'((?<*a|bc)z)'
corpus	default	vm	0	0	0	0	b'(?>(?<*a|bc)z)'
corpus	vm	vm	0	0	0	0	b'(?>(?<*a|bc)z)'
corpus	default	vm	0	0	0	0	b'(?<*(a))z'
corpus	vm	vm	0	0	0	0	b'(?<*(a))z'
corpus	default	vm	0	0	0	0	b'z(?<*(a))'
corpus	vm	vm	0	0	0	0	b'z(?<*(a))'
corpus	default	vm	0	0	0	0	b'y(?<*(a))z'
corpus	vm	vm	0	0	0	0	b'y(?<*(a))z'
corpus	default	vm	0	0	0	0	b'(?:(?<*(a))z|w)'
corpus	vm	vm	0	0	0	0	b'(?:(?<*(a))z|w)'
corpus	default	vm	0	0	0	0	b'(?<*(a))*z'
corpus	vm	vm	0	0	0	0	b'(?<*(a))*z'
corpus	default	vm	0	0	0	0	b'((?<*(a))z)'
corpus	vm	vm	0	0	0	0	b'((?<*(a))z)'
corpus	default	vm	0	0	0	0	b'(?>(?<*(a))z)'
corpus	vm	vm	0	0	0	0	b'(?>(?<*(a))z)'
corpus	default	vm	0	0	0	0	b'(?<*a(?!b))z'
corpus	vm	vm	0	0	0	0	b'(?<*a(?!b))z'
corpus	default	vm	0	0	0	0	b'z(?<*a(?!b))'
corpus	vm	vm	0	0	0	0	b'z(?<*a(?!b))'
corpus	default	vm	0	0	0	0	b'y(?<*a(?!b))z'
corpus	vm	vm	0	0	0	0	b'y(?<*a(?!b))z'
corpus	default	vm	0	0	0	0	b'(?:(?<*a(?!b))z|w)'
corpus	vm	vm	0	0	0	0	b'(?:(?<*a(?!b))z|w)'
corpus	default	vm	0	0	0	0	b'(?<*a(?!b))*z'
corpus	vm	vm	0	0	0	0	b'(?<*a(?!b))*z'
corpus	default	vm	0	0	0	0	b'((?<*a(?!b))z)'
corpus	vm	vm	0	0	0	0	b'((?<*a(?!b))z)'
corpus	default	vm	0	0	0	0	b'(?>(?<*a(?!b))z)'
corpus	vm	vm	0	0	0	0	b'(?>(?<*a(?!b))z)'
corpus	default	vm	0	0	0	0	b'((?:a(?!q)|aq)(?:xy){0,4}q)'
corpus	vm	vm	0	0	0	0	b'((?:a(?!q)|aq)(?:xy){0,4}q)'
corpus	default	vm	0	0	0	0	b'((?:a(?!b)|ab)(?:cd){0,3}b)'
corpus	vm	vm	0	0	0	0	b'((?:a(?!b)|ab)(?:cd){0,3}b)'
corpus	default	vm	0	0	0	0	b'(?=a)\\Kb'
corpus	vm	vm	0	0	0	0	b'(?=a)\\Kb'
corpus	default	vm	0	0	0	0	b'a(?=b)\\Kc'
corpus	vm	vm	0	0	0	0	b'a(?=b)\\Kc'
corpus	default	vm	0	0	0	0	b'(?<=a)\\Kb'
corpus	vm	vm	0	0	0	0	b'(?<=a)\\Kb'
corpus	default	dfa	0	0	0	0	b'(?=a)'
corpus	vm	vm	0	0	0	0	b'(?=a)'
corpus	default	dfa	0	0	0	0	b'(*pla:a)'
corpus	vm	vm	0	0	0	0	b'(*pla:a)'
corpus	default	dfa	0	0	0	0	b'(*positive_lookahead:a)'
corpus	vm	vm	0	0	0	0	b'(*positive_lookahead:a)'
corpus	default	dfa	0	0	0	0	b'a(?!a)'
corpus	vm	vm	0	0	0	0	b'a(?!a)'
corpus	default	dfa	0	0	0	0	b'a(*nla:a)'
corpus	vm	vm	0	0	0	0	b'a(*nla:a)'
corpus	default	dfa	0	0	0	0	b'a(*negative_lookahead:a)'
corpus	vm	vm	0	0	0	0	b'a(*negative_lookahead:a)'
corpus	default	dfa	0	0	0	0	b'(?<=a)c'
corpus	vm	vm	0	0	0	0	b'(?<=a)c'
corpus	default	dfa	0	0	0	0	b'(*plb:a)c'
corpus	vm	vm	0	0	0	0	b'(*plb:a)c'
corpus	default	dfa	0	0	0	0	b'(*positive_lookbehind:a)c'
corpus	vm	vm	0	0	0	0	b'(*positive_lookbehind:a)c'
corpus	default	dfa	0	0	0	0	b'(?<!a)c'
corpus	vm	vm	0	0	0	0	b'(?<!a)c'
corpus	default	dfa	0	0	0	0	b'(*nlb:a)c'
corpus	vm	vm	0	0	0	0	b'(*nlb:a)c'
corpus	default	dfa	0	0	0	0	b'(*negative_lookbehind:a)c'
corpus	vm	vm	0	0	0	0	b'(*negative_lookbehind:a)c'
corpus	default	vm	0	0	0	0	b'(?*(a|ab))\\1$'
corpus	vm	vm	0	0	0	0	b'(?*(a|ab))\\1$'
corpus	default	vm	0	0	0	0	b'(?=(a|ab))\\1$'
corpus	vm	vm	0	0	0	0	b'(?=(a|ab))\\1$'
corpus	default	vm	0	0	0	0	b'a(?=)b'
corpus	vm	vm	0	0	0	0	b'a(?=)b'
corpus	default	vm	0	0	0	0	b'a(?!)b'
corpus	vm	vm	0	0	0	0	b'a(?!)b'
corpus	default	vm	0	0	0	0	b'a(?<=)b'
corpus	vm	vm	0	0	0	0	b'a(?<=)b'
corpus	default	vm	0	0	0	0	b'a(?<!)b'
corpus	vm	vm	0	0	0	0	b'a(?<!)b'
corpus	default	vm	0	0	0	0	b'(?:(?!))|a'
corpus	vm	vm	0	0	0	0	b'(?:(?!))|a'
corpus	default	vm	0	0	0	0	b'(?=a)*+'
corpus	vm	vm	0	0	0	0	b'(?=a)*+'
corpus	default	dfa	0	0	0	0	b'(?=a)*'
corpus	vm	vm	0	0	0	0	b'(?=a)*'
corpus	default	dfa	0	0	0	0	b'(?=a)+'
corpus	vm	vm	0	0	0	0	b'(?=a)+'
corpus	default	dfa	0	0	0	0	b'(?=a){2}'
corpus	vm	vm	0	0	0	0	b'(?=a){2}'
corpus	default	dfa	0	0	0	0	b'(?!a)?'
corpus	vm	vm	0	0	0	0	b'(?!a)?'
corpus	default	dfa	0	0	0	0	b'^(?=a)*a$'
corpus	vm	vm	0	0	0	0	b'^(?=a)*a$'
corpus	default	dfa	0	0	0	0	b'^(?:(?=a))*a$'
corpus	vm	vm	0	0	0	0	b'^(?:(?=a))*a$'
corpus	default	dfa	0	0	0	0	b'^(?:(?=a)|b)*a$'
corpus	vm	vm	0	0	0	0	b'^(?:(?=a)|b)*a$'
corpus	default	dfa	0	0	0	0	b'^(?:(?!x))*a$'
corpus	vm	vm	0	0	0	0	b'^(?:(?!x))*a$'
corpus	default	vm	0	0	0	0	b'^(?:(?=(a)))*a$'
corpus	vm	vm	0	0	0	0	b'^(?:(?=(a)))*a$'
corpus	default	dfa	0	0	0	0	b'(?=a)ab'
corpus	vm	vm	0	0	0	0	b'(?=a)ab'
corpus	default	dfa	0	0	0	0	b'(?=a)b'
corpus	vm	vm	0	0	0	0	b'(?=a)b'
corpus	default	dfa	0	0	0	0	b'(?<=a)b'
corpus	vm	vm	0	0	0	0	b'(?<=a)b'
corpus	default	dfa	0	0	0	0	b'(?<*a)b'
corpus	vm	vm	0	0	0	0	b'(?<*a)b'
corpus	default	vm	0	0	0	0	b'(?<name>a)b'
corpus	vm	vm	0	0	0	0	b'(?<name>a)b'
corpus	default	vm	0	0	0	0	b'(?=ab)abc'
corpus	vm	vm	0	0	0	0	b'(?=ab)abc'
corpus	default	dfa	0	0	0	0	b'a(?=b)bc'
corpus	vm	vm	0	0	0	0	b'a(?=b)bc'
corpus	default	dfa	0	0	0	0	b'ab(?=c)'
corpus	vm	vm	0	0	0	0	b'ab(?=c)'
corpus	default	dfa	0	0	0	0	b'ab(?!c)'
corpus	vm	vm	0	0	0	0	b'ab(?!c)'
corpus	default	dfa	0	0	0	0	b'(?!x)abc'
corpus	vm	vm	0	0	0	0	b'(?!x)abc'
corpus	default	dfa	0	0	0	0	b'(?=a|b)[ab]c'
corpus	vm	vm	0	0	0	0	b'(?=a|b)[ab]c'
corpus	default	vm	0	0	0	0	b'(?=(?=a)a)ab'
corpus	vm	vm	0	0	0	0	b'(?=(?=a)a)ab'
corpus	default	vm	0	0	0	0	b'(?=(?!x)a)ab'
corpus	vm	vm	0	0	0	0	b'(?=(?!x)a)ab'
corpus	default	vm	0	0	0	0	b'(?=a+b)aab'
corpus	vm	vm	0	0	0	0	b'(?=a+b)aab'
corpus	default	vm	0	0	0	0	b'(?=(a+)b)a+b'
corpus	vm	vm	0	0	0	0	b'(?=(a+)b)a+b'
corpus	default	vm	0	0	0	0	b'(?=(a|ab))a'
corpus	vm	vm	0	0	0	0	b'(?=(a|ab))a'
corpus	default	vm	0	0	0	0	b'(?=)'
corpus	vm	vm	0	0	0	0	b'(?=)'
corpus	default	dfa	0	0	0	0	b'(?=b)bc'
corpus	vm	vm	0	0	0	0	b'(?=b)bc'
corpus	default	dfa	0	0	0	0	b'(?!a)b'
corpus	vm	vm	0	0	0	0	b'(?!a)b'
corpus	default	vm	0	0	0	0	b'(?=abc)ab'
corpus	vm	vm	0	0	0	0	b'(?=abc)ab'
corpus	default	vm	0	0	0	0	b'(?=a)(?=ab)abc'
corpus	vm	vm	0	0	0	0	b'(?=a)(?=ab)abc'
corpus	default	vm	0	0	0	0	b'(?=(?:aa|a)b)a+b'
corpus	vm	vm	0	0	0	0	b'(?=(?:aa|a)b)a+b'
corpus	default	vm	0	0	0	0	b'(?<=[ab][cd])x'
corpus	vm	vm	0	0	0	0	b'(?<=[ab][cd])x'
corpus	default	vm	0	0	0	0	b'(?<=a{3})x'
corpus	vm	vm	0	0	0	0	b'(?<=a{3})x'
corpus	default	vm	0	0	0	0	b'(?<=(?:ab){2})x'
corpus	vm	vm	0	0	0	0	b'(?<=(?:ab){2})x'
corpus	default	vm	0	0	0	0	b'(?<=ab|cd)x'
corpus	vm	vm	0	0	0	0	b'(?<=ab|cd)x'
corpus	default	vm	0	0	0	0	b'(?<=ab|cd|ef)x'
corpus	vm	vm	0	0	0	0	b'(?<=ab|cd|ef)x'
corpus	default	dfa	0	0	0	0	b'(?<!a)b'
corpus	vm	vm	0	0	0	0	b'(?<!a)b'
corpus	default	vm	0	0	0	0	b'(?<!ab|cd)x'
corpus	vm	vm	0	0	0	0	b'(?<!ab|cd)x'
corpus	default	vm	0	0	0	0	b'(?<=)x'
corpus	vm	vm	0	0	0	0	b'(?<=)x'
corpus	default	vm	0	0	0	0	b'(?<!)x'
corpus	vm	vm	0	0	0	0	b'(?<!)x'
corpus	default	dfa	0	0	0	0	b'a(?<=a)b'
corpus	vm	vm	0	0	0	0	b'a(?<=a)b'
corpus	default	vm	0	0	0	0	b'(?<=(a)(b))c'
corpus	vm	vm	0	0	0	0	b'(?<=(a)(b))c'
corpus	default	vm	0	0	0	0	b'(?<=(aa)|(ab))c'
corpus	vm	vm	0	0	0	0	b'(?<=(aa)|(ab))c'
corpus	default	dfa	0	0	0	0	b'(?<=a)'
corpus	vm	vm	0	0	0	0	b'(?<=a)'
corpus	default	vm	0	0	0	0	b'(?<=a(?=b))ab'
corpus	vm	vm	0	0	0	0	b'(?<=a(?=b))ab'
corpus	default	vm	0	0	0	0	b'(?<=(?<=a)b)c'
corpus	vm	vm	0	0	0	0	b'(?<=(?<=a)b)c'
corpus	default	vm	0	0	0	0	b'(?<=a(?!b))x'
corpus	vm	vm	0	0	0	0	b'(?<=a(?!b))x'
corpus	default	vm	0	0	0	0	b'(?<=a)b|(?<=bc)d'
corpus	vm	vm	0	0	0	0	b'(?<=a)b|(?<=bc)d'
corpus	default	vm	0	0	0	0	b'((?<=a)b)+'
corpus	vm	vm	0	0	0	0	b'((?<=a)b)+'
corpus	default	dfa	0	0	0	0	b'(?<=a)*b'
corpus	vm	vm	0	0	0	0	b'(?<=a)*b'
corpus	default	vm	0	0	0	0	b'(?>(?<=a)b)'
corpus	vm	vm	0	0	0	0	b'(?>(?<=a)b)'
corpus	default	vm	0	0	0	0	b'(?<=(?>ab))c'
corpus	vm	vm	0	0	0	0	b'(?<=(?>ab))c'
corpus	default	vm	0	0	0	0	b'(?<=a)(?<=ab)c'
corpus	vm	vm	0	0	0	0	b'(?<=a)(?<=ab)c'
corpus	default	vm	0	0	0	0	b'(?<=ab)(?<=b)c'
corpus	vm	vm	0	0	0	0	b'(?<=ab)(?<=b)c'
corpus	default	dfa	0	0	0	0	b'(?<=\\w)x'
corpus	vm	vm	0	0	0	0	b'(?<=\\w)x'
corpus	default	dfa	0	0	0	0	b'(?<!\\w)x'
corpus	vm	vm	0	0	0	0	b'(?<!\\w)x'
corpus	default	dfa	0	0	0	0	b'(?<=\\n)x'
corpus	vm	vm	0	0	0	0	b'(?<=\\n)x'
corpus	default	dfa	0	0	0	0	b'(?<=[^a])b'
corpus	vm	vm	0	0	0	0	b'(?<=[^a])b'
corpus	default	vm	0	0	0	0	b'(?<=a{2})b'
corpus	vm	vm	0	0	0	0	b'(?<=a{2})b'
corpus	default	vm	0	0	0	0	b'(?<!a{2})b'
corpus	vm	vm	0	0	0	0	b'(?<!a{2})b'
corpus	default	vm	0	0	0	0	b'(?<=\\Ga)b'
corpus	vm	vm	0	0	0	0	b'(?<=\\Ga)b'
corpus	default	vm	0	0	0	0	b'(?<=a|bc)x'
corpus	vm	vm	0	0	0	0	b'(?<=a|bc)x'
corpus	default	vm	0	0	0	0	b'(?<=a|bc|def)x'
corpus	vm	vm	0	0	0	0	b'(?<=a|bc|def)x'
corpus	default	vm	0	0	0	0	b'(?<!a|bc)x'
corpus	vm	vm	0	0	0	0	b'(?<!a|bc)x'
corpus	default	vm	0	0	0	0	b'(?<=(a)|(aa))c'
corpus	vm	vm	0	0	0	0	b'(?<=(a)|(aa))c'
corpus	default	vm	0	0	0	0	b'(?<=(aa)|(a))c'
corpus	vm	vm	0	0	0	0	b'(?<=(aa)|(a))c'
corpus	default	vm	0	0	0	0	b'(?<=(a)|(aa)|(aaa))c'
corpus	vm	vm	0	0	0	0	b'(?<=(a)|(aa)|(aaa))c'
corpus	default	vm	0	0	0	0	b'(?<=(aaa)|(aa)|(a))c'
corpus	vm	vm	0	0	0	0	b'(?<=(aaa)|(aa)|(a))c'
corpus	default	vm	0	0	0	0	b'(?<=x|abc)y'
corpus	vm	vm	0	0	0	0	b'(?<=x|abc)y'
corpus	default	vm	0	0	0	0	b'(?<=ab|c)x'
corpus	vm	vm	0	0	0	0	b'(?<=ab|c)x'
corpus	default	vm	0	0	0	0	b'(?<=a|bc)*x'
corpus	vm	vm	0	0	0	0	b'(?<=a|bc)*x'
corpus	default	vm	0	0	0	0	b'a(?<=a|xbc)b'
corpus	vm	vm	0	0	0	0	b'a(?<=a|xbc)b'
corpus	default	vm	0	0	0	0	b'(?<=|a)x'
corpus	vm	vm	0	0	0	0	b'(?<=|a)x'
corpus	default	vm	0	0	0	0	b'(?<=a|)x'
corpus	vm	vm	0	0	0	0	b'(?<=a|)x'
corpus	default	vm	0	0	0	0	b'(?<!a|)x'
corpus	vm	vm	0	0	0	0	b'(?<!a|)x'
corpus	default	dfa	0	0	0	0	b'(?*a)b'
corpus	vm	vm	0	0	0	0	b'(?*a)b'
corpus	default	vm	0	0	0	0	b'(?*(a+)b)a+b'
corpus	vm	vm	0	0	0	0	b'(?*(a+)b)a+b'
corpus	default	dfa	0	0	0	0	b'a(?*b)bc'
corpus	vm	vm	0	0	0	0	b'a(?*b)bc'
corpus	default	vm	0	0	0	0	b'(?*(a))a'
corpus	vm	vm	0	0	0	0	b'(?*(a))a'
corpus	default	dfa	0	0	0	0	b'(?*x)a'
corpus	vm	vm	0	0	0	0	b'(?*x)a'
corpus	default	dfa	0	0	0	0	b'(?*a)*a'
corpus	vm	vm	0	0	0	0	b'(?*a)*a'
corpus	default	vm	0	0	0	0	b'(?=(?*a)a)ab'
corpus	vm	vm	0	0	0	0	b'(?=(?*a)a)ab'
corpus	default	vm	0	0	0	0	b'(?*(?=a)a)ab'
corpus	vm	vm	0	0	0	0	b'(?*(?=a)a)ab'
corpus	default	vm	0	0	0	0	b'(?*ab)abc'
corpus	vm	vm	0	0	0	0	b'(?*ab)abc'
corpus	default	vm	0	0	0	0	b'(?<*(a)|(ba))c\\2'
corpus	vm	vm	0	0	0	0	b'(?<*(a)|(ba))c\\2'
corpus	default	vm	0	0	0	0	b'(?<=(a)|(ba))c\\2'
corpus	vm	vm	0	0	0	0	b'(?<=(a)|(ba))c\\2'
corpus	default	vm	0	0	0	0	b'(?<*(ba)|(a))c\\2'
corpus	vm	vm	0	0	0	0	b'(?<*(ba)|(a))c\\2'
corpus	default	vm	0	0	0	0	b'(?<*(a)|(ba))c'
corpus	vm	vm	0	0	0	0	b'(?<*(a)|(ba))c'
corpus	default	vm	0	0	0	0	b'(?<*ab)c'
corpus	vm	vm	0	0	0	0	b'(?<*ab)c'
corpus	default	vm	0	0	0	0	b'(?<*a|bc)x'
corpus	vm	vm	0	0	0	0	b'(?<*a|bc)x'
corpus	default	dfa	0	0	0	0	b'(?<*a)*b'
corpus	vm	vm	0	0	0	0	b'(?<*a)*b'
corpus	default	vm	0	0	0	0	b'(?<=(?<*a)b)c'
corpus	vm	vm	0	0	0	0	b'(?<=(?<*a)b)c'
corpus	default	vm	0	0	0	0	b'(?<*(?<=a)b)c'
corpus	vm	vm	0	0	0	0	b'(?<*(?<=a)b)c'
corpus	default	vm	0	0	0	0	b'(?<*(a))a'
corpus	vm	vm	0	0	0	0	b'(?<*(a))a'
corpus	default	dfa	0	0	0	0	b'(?:a(?!q)|aq)(?:xy){0,4}q'
corpus	vm	vm	0	0	0	0	b'(?:a(?!q)|aq)(?:xy){0,4}q'
corpus	default	vm	0	0	0	0	b'((?:a(?!q)|aq)(?:xy){0,2}q)'
corpus	vm	vm	0	0	0	0	b'((?:a(?!q)|aq)(?:xy){0,2}q)'
corpus	default	dfa	0	0	0	0	b'(?:a(?!q)|aq)x{0,3}q'
corpus	vm	vm	0	0	0	0	b'(?:a(?!q)|aq)x{0,3}q'
corpus	default	vm	0	0	0	0	b'y*((?:a(?!q)|aq)(?:xy){0,4}q)'
corpus	vm	vm	0	0	0	0	b'y*((?:a(?!q)|aq)(?:xy){0,4}q)'
corpus	default	vm	0	0	0	0	b'((?:a(?*!q)|aq)(?:xy){0,4}q)'
corpus	vm	vm	0	0	0	0	b'((?:a(?*!q)|aq)(?:xy){0,4}q)'
corpus	default	vm	0	0	0	0	b'((?:a|aq)(?:xy){0,4}q)'
corpus	vm	vm	0	0	0	0	b'((?:a|aq)(?:xy){0,4}q)'
corpus	default	dfa	0	0	0	0	b'a(?!b)|ab'
corpus	vm	vm	0	0	0	0	b'a(?!b)|ab'
corpus	default	dfa	0	0	0	0	b'(?:a(?=c)|ab)c?'
corpus	vm	vm	0	0	0	0	b'(?:a(?=c)|ab)c?'
corpus	default	dfa	0	0	0	0	b'(?=a)*a'
corpus	vm	vm	0	0	0	0	b'(?=a)*a'
corpus	default	dfa	0	0	0	0	b'(?=a)+a'
corpus	vm	vm	0	0	0	0	b'(?=a)+a'
corpus	default	dfa	0	0	0	0	b'(?=a)?a'
corpus	vm	vm	0	0	0	0	b'(?=a)?a'
corpus	default	dfa	0	0	0	0	b'(?=a){2}a'
corpus	vm	vm	0	0	0	0	b'(?=a){2}a'
corpus	default	dfa	0	0	0	0	b'(?=a){0,3}a'
corpus	vm	vm	0	0	0	0	b'(?=a){0,3}a'
corpus	default	dfa	0	0	0	0	b'(?!a)?b'
corpus	vm	vm	0	0	0	0	b'(?!a)?b'
corpus	default	dfa	0	0	0	0	b'(?!a)*b'
corpus	vm	vm	0	0	0	0	b'(?!a)*b'
corpus	default	vm	0	0	0	0	b'(?=a)*+a'
corpus	vm	vm	0	0	0	0	b'(?=a)*+a'
corpus	default	dfa	0	0	0	0	b'(?=a)*?a'
corpus	vm	vm	0	0	0	0	b'(?=a)*?a'
corpus	default	vm	0	0	0	0	b'((?=a)*)a'
corpus	vm	vm	0	0	0	0	b'((?=a)*)a'
corpus	default	dfa	0	0	0	0	b'(?:(?=a)a)+'
corpus	vm	vm	0	0	0	0	b'(?:(?=a)a)+'
corpus	default	vm	0	0	0	0	b'(?<=ab)c'
corpus	vm	vm	0	0	0	0	b'(?<=ab)c'
corpus	default	vm	0	0	0	0	b'(?<=(a)|(bc))x'
corpus	vm	vm	0	0	0	0	b'(?<=(a)|(bc))x'
corpus	default	vm	0	0	0	0	b'(?<=ab|cd|ef|gh)x'
corpus	vm	vm	0	0	0	0	b'(?<=ab|cd|ef|gh)x'
corpus	default	vm	0	0	0	0	b'(?<=ab|cd|ef|gh)x|q'
corpus	vm	vm	0	0	0	0	b'(?<=ab|cd|ef|gh)x|q'
corpus	default	vm	0	0	0	0	b'(?<!ab|cd|ef|gh)x'
corpus	vm	vm	0	0	0	0	b'(?<!ab|cd|ef|gh)x'
corpus	default	dfa	0	0	0	0	b'(?s)a.b'
corpus	vm	vm	0	0	0	0	b'(?s)a.b'
corpus	default	dfa	0	0	0	0	b'(?U)a+'
corpus	vm	vm	0	0	0	0	b'(?U)a+'
corpus	default	dfa	0	0	0	0	b'(?U)a+?'
corpus	vm	vm	0	0	0	0	b'(?U)a+?'
corpus	default	dfa	0	0	0	0	b'(?n)(a)'
corpus	vm	vm	0	0	0	0	b'(?n)(a)'
corpus	default	dfa	0	0	0	0	b'(?aP)x'
corpus	vm	vm	0	0	0	0	b'(?aP)x'
corpus	default	dfa	0	0	0	0	b'(?i-i)a'
corpus	vm	vm	0	0	0	0	b'(?i-i)a'
corpus	default	dfa	0	0	0	0	b'(?-ii)a'
corpus	vm	vm	0	0	0	0	b'(?-ii)a'
corpus	default	vm	0	0	0	0	b'a(?J)(?<g>x)(?<g>y)'
corpus	vm	vm	0	0	0	0	b'a(?J)(?<g>x)(?<g>y)'
corpus	default	dfa	0	0	0	0	b'a(?i)b'
corpus	vm	vm	1	1	1	1	b'a(?i)b'
corpus	default	dfa	0	0	0	0	b'a(?U)b+'
corpus	vm	vm	0	0	0	0	b'a(?U)b+'
corpus	default	dfa	0	0	0	0	b'a(?n)(b)'
corpus	vm	vm	0	0	0	0	b'a(?n)(b)'
corpus	default	dfa	0	0	0	0	b'a(?^)b'
corpus	vm	vm	0	0	0	0	b'a(?^)b'
corpus	default	dfa	0	0	0	0	b'a(?s)b'
corpus	vm	vm	0	0	0	0	b'a(?s)b'
corpus	default	dfa	0	0	0	0	b'a(?x)b c'
corpus	vm	vm	0	0	0	0	b'a(?x)b c'
corpus	default	dfa	0	0	0	0	b'(?i)a(?^)a'
corpus	vm	vm	1	1	1	1	b'(?i)a(?^)a'
corpus	default	dfa	0	0	0	0	b'(?U)(?^)a+'
corpus	vm	vm	0	0	0	0	b'(?U)(?^)a+'
corpus	default	vm	0	0	0	0	b'(?J)(?^)(?<g>a)(?<g>b)'
corpus	vm	vm	0	0	0	0	b'(?J)(?^)(?<g>a)(?<g>b)'
corpus	default	dfa	0	0	0	0	b'(?s)(?^).'
corpus	vm	vm	0	0	0	0	b'(?s)(?^).'
corpus	default	vm	0	0	0	0	b'(?n)(?^)(a)'
corpus	vm	vm	0	0	0	0	b'(?n)(?^)(a)'
corpus	default	dfa	0	0	0	0	b'(?xx)(?^)a b'
corpus	vm	vm	0	0	0	0	b'(?xx)(?^)a b'
corpus	default	dfa	0	0	0	0	b'(?xx)(?^)[a b]'
corpus	vm	vm	0	0	0	0	b'(?xx)(?^)[a b]'
corpus	default	dfa	0	0	0	0	b'(?i)ab'
corpus	vm	vm	2	2	1	2	b'(?i)ab'
corpus	default	dfa	0	0	0	0	b'(?i:a)b'
corpus	vm	vm	1	1	1	1	b'(?i:a)b'
corpus	default	dfa	0	0	0	0	b'x(?i)ab'
corpus	vm	vm	2	2	1	2	b'x(?i)ab'
corpus	default	dfa	0	0	0	0	b'(?i)a(?-i)b'
corpus	vm	vm	1	1	1	1	b'(?i)a(?-i)b'
corpus	default	vm	1	1	1	1	b'(a(?i)b)c'
corpus	vm	vm	1	1	1	1	b'(a(?i)b)c'
corpus	default	vm	1	1	1	1	b'(a(?i)b)C'
corpus	vm	vm	1	1	1	1	b'(a(?i)b)C'
corpus	default	vm	2	2	1	2	b'(a(?i)b|c)d'
corpus	vm	vm	2	2	1	2	b'(a(?i)b|c)d'
corpus	default	dfa	0	0	0	0	b'a(?i:b)*'
corpus	vm	vm	1	1	1	1	b'a(?i:b)*'
corpus	default	dfa	0	0	0	0	b'(?i)a*'
corpus	vm	vm	1	1	1	1	b'(?i)a*'
corpus	default	dfa	0	0	0	0	b'(?x)a b'
corpus	vm	vm	0	0	0	0	b'(?x)a b'
corpus	default	dfa	0	0	0	0	b'(?x)a\\ b'
corpus	vm	vm	0	0	0	0	b'(?x)a\\ b'
corpus	default	dfa	0	0	0	0	b'(?x)ab#trailing comment'
corpus	vm	vm	0	0	0	0	b'(?x)ab#trailing comment'
corpus	default	dfa	0	0	0	0	b'(?x)[a b]'
corpus	vm	vm	0	0	0	0	b'(?x)[a b]'
corpus	default	dfa	0	0	0	0	b'(?xx)[a- ]'
corpus	vm	vm	0	0	0	0	b'(?xx)[a- ]'
corpus	default	dfa	0	0	0	0	b'(?xx)[\\ -a]'
corpus	vm	vm	0	0	0	0	b'(?xx)[\\ -a]'
corpus	default	dfa	0	0	0	0	b'(?xx)[a\\tb]'
corpus	vm	vm	0	0	0	0	b'(?xx)[a\\tb]'
corpus	default	dfa	0	0	0	0	b'(?xx)[a\tb]'
corpus	vm	vm	0	0	0	0	b'(?xx)[a\tb]'
corpus	default	dfa	0	0	0	0	b'(?xsx)[a b]'
corpus	vm	vm	0	0	0	0	b'(?xsx)[a b]'
corpus	default	dfa	0	0	0	0	b'(?xx)(?x)[a b]'
corpus	vm	vm	0	0	0	0	b'(?xx)(?x)[a b]'
corpus	default	dfa	0	0	0	0	b'a{2,4}$'
corpus	vm	vm	0	0	0	0	b'a{2,4}$'
corpus	default	dfa	0	0	0	0	b'a{2,4}(?:bb|c)'
corpus	vm	vm	0	0	0	0	b'a{2,4}(?:bb|c)'
corpus	default	dfa	0	0	0	0	b'a{2,4}(?:bb|)'
corpus	vm	vm	0	0	0	0	b'a{2,4}(?:bb|)'
corpus	default	dfa	0	0	0	0	b'(?:xxxxx|y)z'
corpus	vm	vm	0	0	0	0	b'(?:xxxxx|y)z'
corpus	default	dfa	0	0	0	0	b'(?:y|xxxxx)z'
corpus	vm	vm	0	0	0	0	b'(?:y|xxxxx)z'
corpus	default	dfa	0	0	0	0	b'(?:ab|c){2,3}d'
corpus	vm	vm	0	0	0	0	b'(?:ab|c){2,3}d'
corpus	default	dfa	0	0	0	0	b'a{0,5}b'
corpus	vm	vm	0	0	0	0	b'a{0,5}b'
corpus	default	vm	0	0	0	0	b'()a'
corpus	vm	vm	0	0	0	0	b'()a'
corpus	default	dfa	0	0	0	0	b'^a{0,3}$'
corpus	vm	vm	0	0	0	0	b'^a{0,3}$'
corpus	default	dfa	0	0	0	0	b'a{0,5}b{0,5}$'
corpus	vm	vm	0	0	0	0	b'a{0,5}b{0,5}$'
corpus	default	dfa	0	0	0	0	b'a{0,5}b{0,5}c$'
corpus	vm	vm	0	0	0	0	b'a{0,5}b{0,5}c$'
corpus	default	dfa	0	0	0	0	b'a?b?c'
corpus	vm	vm	0	0	0	0	b'a?b?c'
corpus	default	vm	0	0	0	0	b'(a{2,3}){2,3}c'
corpus	vm	vm	0	0	0	0	b'(a{2,3}){2,3}c'
corpus	default	vm	0	0	0	0	b'((a{2,2}){2,2}){2,2}'
corpus	vm	vm	0	0	0	0	b'((a{2,2}){2,2}){2,2}'
corpus	default	dfa	0	0	0	0	b'(?:ab){3,6}'
corpus	vm	vm	0	0	0	0	b'(?:ab){3,6}'
corpus	default	dfa	0	0	0	0	b'(?:ab){3,6}c'
corpus	vm	vm	0	0	0	0	b'(?:ab){3,6}c'
corpus	default	dfa	0	0	0	0	b'(?:abc){2,5}'
corpus	vm	vm	0	0	0	0	b'(?:abc){2,5}'
corpus	default	vm	0	0	0	0	b'(a{1,3}?){3,5}'
corpus	vm	vm	0	0	0	0	b'(a{1,3}?){3,5}'
corpus	default	vm	0	0	0	0	b'(a{1,3}){3,5}?'
corpus	vm	vm	0	0	0	0	b'(a{1,3}){3,5}?'
corpus	default	dfa	0	0	0	0	b'a{3,5}b'
corpus	vm	vm	0	0	0	0	b'a{3,5}b'
corpus	default	dfa	0	0	0	0	b'a{3,6}b'
corpus	vm	vm	0	0	0	0	b'a{3,6}b'
corpus	default	dfa	0	0	0	0	b'(?:xxxxx|y){3,4}z'
corpus	vm	vm	0	0	0	0	b'(?:xxxxx|y){3,4}z'
corpus	default	dfa	0	0	0	0	b'a{5,10}b{5,10}$'
corpus	vm	vm	0	0	0	0	b'a{5,10}b{5,10}$'
corpus	default	vm	0	0	0	0	b'(a{2,3})(b{2,3})'
corpus	vm	vm	0	0	0	0	b'(a{2,3})(b{2,3})'
corpus	default	vm	0	0	0	0	b'(?:(x{2,3})|(y))z'
corpus	vm	vm	0	0	0	0	b'(?:(x{2,3})|(y))z'
corpus	default	vm	0	0	0	0	b'((a{2,3})){2,3}c'
corpus	vm	vm	0	0	0	0	b'((a{2,3})){2,3}c'
corpus	default	vm	0	0	0	0	b'(a{3,5}){3,6}'
corpus	vm	vm	0	0	0	0	b'(a{3,5}){3,6}'
corpus	default	vm	0	0	0	0	b'(?<name>a)(?<NAME>b)'
corpus	vm	vm	0	0	0	0	b'(?<name>a)(?<NAME>b)'
corpus	default	vm	0	0	0	0	b'(?<_n>a)'
corpus	vm	vm	0	0	0	0	b'(?<_n>a)'
corpus	default	vm	0	0	0	0	b'(?<_>a)'
corpus	vm	vm	0	0	0	0	b'(?<_>a)'
corpus	default	vm	0	0	0	0	b'(?<n1>a)'
corpus	vm	vm	0	0	0	0	b'(?<n1>a)'
corpus	default	vm	0	0	0	0	b'(?<nnnnnnnnnnnnnnnnnnnnnnnnnnnnnnnn>a)'
corpus	vm	vm	0	0	0	0	b'(?<nnnnnnnnnnnnnnnnnnnnnnnnnnnnnnnn>a)'
corpus	default	vm	0	0	0	0	b'(?<nnnnnnnnnnnnnnnnnnnnnnnnnnnnnnnnn>a)'
corpus	vm	vm	0	0	0	0	b'(?<nnnnnnnnnnnnnnnnnnnnnnnnnnnnnnnnn>a)'
corpus	default	vm	0	0	0	0	b'(?<nnnnnnnnnnnnnnnnnnnnnnnnnnnnnnnnnnnnnnnnnnnnnnnnnnnnnnnnnnnnnnnnnnnnnnnnnnnnnnnnnnnnnnnnnnnnnnnnnnnnnnnnnnnnnnnnnnnnnnnnnnnnnnnn>a)'
corpus	vm	vm	0	0	0	0	b'(?<nnnnnnnnnnnnnnnnnnnnnnnnnnnnnnnnnnnnnnnnnnnnnnnnnnnnnnnnnnnnnnnnnnnnnnnnnnnnnnnnnnnnnnnnnnnnnnnnnnnnnnnnnnnnnnnnnnnnnnnnnnnnnnnn>a)'
corpus	default	vm	0	0	0	0	b'(a)(?<n>b)(c)'
corpus	vm	vm	0	0	0	0	b'(a)(?<n>b)(c)'
corpus	default	vm	0	0	0	0	b"(?<n>(a)(?'m'b))"
corpus	vm	vm	0	0	0	0	b"(?<n>(a)(?'m'b))"
corpus	default	vm	0	0	0	0	b'(x)(?<n>y)?(z)'
corpus	vm	vm	0	0	0	0	b'(x)(?<n>y)?(z)'
corpus	default	vm	0	0	0	0	b'(?<n>x)|(y)'
corpus	vm	vm	0	0	0	0	b'(?<n>x)|(y)'
corpus	default	vm	0	0	0	0	b'((?<a1>a)|(?<b1>b))*'
corpus	vm	vm	0	0	0	0	b'((?<a1>a)|(?<b1>b))*'
corpus	default	vm	0	0	0	0	b'(?<a1>a*)*'
corpus	vm	vm	0	0	0	0	b'(?<a1>a*)*'
corpus	default	vm	0	0	0	0	b'(?<n>a)'
corpus	vm	vm	0	0	0	0	b'(?<n>a)'
corpus	default	vm	0	0	0	0	b"(?'n'a)"
corpus	vm	vm	0	0	0	0	b"(?'n'a)"
corpus	default	vm	0	0	0	0	b'(?P<n>a)'
corpus	vm	vm	0	0	0	0	b'(?P<n>a)'
corpus	default	vm	0	0	0	0	b'(?<n>a)+'
corpus	vm	vm	0	0	0	0	b'(?<n>a)+'
corpus	default	vm	0	0	0	0	b"(?'n'a)+"
corpus	vm	vm	0	0	0	0	b"(?'n'a)+"
corpus	default	vm	0	0	0	0	b'(?P<n>a)+d'
corpus	vm	vm	0	0	0	0	b'(?P<n>a)+d'
corpus	default	vm	0	0	0	0	b'(?<a1>x)|(?P<b1>y)'
corpus	vm	vm	0	0	0	0	b'(?<a1>x)|(?P<b1>y)'
corpus	default	vm	0	0	0	0	b'(?P<word>[a-z]+)-(?P<num>[0-9]+)'
corpus	vm	vm	0	0	0	0	b'(?P<word>[a-z]+)-(?P<num>[0-9]+)'
corpus	default	vm	0	0	0	0	b'(?<word>[a-z]+)-(?<num>[0-9]+)'
corpus	vm	vm	0	0	0	0	b'(?<word>[a-z]+)-(?<num>[0-9]+)'
corpus	default	vm	0	0	0	0	b"(?'word'[a-z]+)-(?'num'[0-9]+)"
corpus	vm	vm	0	0	0	0	b"(?'word'[a-z]+)-(?'num'[0-9]+)"
corpus	default	vm	0	0	0	0	b'(a)(?P<n1>b)(c)(?P<n2>d)'
corpus	vm	vm	0	0	0	0	b'(a)(?P<n1>b)(c)(?P<n2>d)'
corpus	default	vm	0	0	0	0	b'(?P<name>a)(?P<NAME>b)'
corpus	vm	vm	0	0	0	0	b'(?P<name>a)(?P<NAME>b)'
corpus	default	vm	0	0	0	0	b'(?P<outer>(?P<inner>a)b)'
corpus	vm	vm	0	0	0	0	b'(?P<outer>(?P<inner>a)b)'
corpus	default	vm	0	0	0	0	b'(?P<x>a)|(?P<y>b)'
corpus	vm	vm	0	0	0	0	b'(?P<x>a)|(?P<y>b)'
corpus	default	vm	0	0	0	0	b'(?P<rep>a)+'
corpus	vm	vm	0	0	0	0	b'(?P<rep>a)+'
corpus	default	vm	0	0	0	0	b'(?n)(a)(?P<x>b)'
corpus	vm	vm	0	0	0	0	b'(?n)(a)(?P<x>b)'
corpus	default	vm	0	0	0	0	b'(?P<_ok>a)(?P<n2b>b)'
corpus	vm	vm	0	0	0	0	b'(?P<_ok>a)(?P<n2b>b)'
corpus	default	dfa	0	0	0	0	b'\\d{4}-\\d{2}-\\d{2}'
corpus	vm	vm	0	0	0	0	b'\\d{4}-\\d{2}-\\d{2}'
corpus	default	dfa	0	0	0	0	b'\\b[0-9a-f]{8}-[0-9a-f]{4}'
corpus	vm	vm	0	0	0	0	b'\\b[0-9a-f]{8}-[0-9a-f]{4}'
corpus	default	dfa	0	0	0	0	b'\\bat [a-z]'
corpus	vm	vm	0	0	0	0	b'\\bat [a-z]'
corpus	default	dfa	0	0	0	0	b'needleXYZW'
corpus	vm	vm	0	0	0	0	b'needleXYZW'
corpus	default	dfa	0	0	0	0	b'[-a]{3}-b'
corpus	vm	vm	0	0	0	0	b'[-a]{3}-b'
corpus	default	dfa	0	0	0	0	b'\\b[0-9]{2}-[0-9]{2}'
corpus	vm	vm	0	0	0	0	b'\\b[0-9]{2}-[0-9]{2}'
corpus	default	dfa	0	0	0	0	b'\\b[0-9a-f]{8}\\b'
corpus	vm	vm	0	0	0	0	b'\\b[0-9a-f]{8}\\b'
corpus	default	dfa	0	0	0	0	b'(?:[0-9]{1,3}\\.){3}[0-9]{1,3}'
corpus	vm	vm	0	0	0	0	b'(?:[0-9]{1,3}\\.){3}[0-9]{1,3}'
corpus	default	dfa	0	0	0	0	b'[a-z0-9._%+-]+@[a-z0-9.-]+'
corpus	vm	vm	0	0	0	0	b'[a-z0-9._%+-]+@[a-z0-9.-]+'
corpus	default	dfa	0	0	0	0	b':'
corpus	vm	vm	0	0	0	0	b':'
corpus	default	dfa	0	0	0	0	b'\\b\\.[0-9]{4}Z'
corpus	vm	vm	0	0	0	0	b'\\b\\.[0-9]{4}Z'
corpus	default	dfa	0	0	0	0	b'\\b:[0-9]{2}:[0-9]{2}'
corpus	vm	vm	0	0	0	0	b'\\b:[0-9]{2}:[0-9]{2}'
corpus	default	dfa	0	0	0	0	b'\\b-[0-9]{4}-'
corpus	vm	vm	0	0	0	0	b'\\b-[0-9]{4}-'
corpus	default	dfa	0	0	0	0	b'/user|/users'
corpus	vm	vm	0	0	0	0	b'/user|/users'
corpus	default	dfa	0	0	0	0	b'/user$'
corpus	vm	vm	0	0	0	0	b'/user$'
corpus	default	dfa	0	0	0	0	b'/user\\z'
corpus	vm	vm	0	0	0	0	b'/user\\z'
corpus	default	dfa	0	0	0	0	b'[ab]/user'
corpus	vm	vm	0	0	0	0	b'[ab]/user'
corpus	default	vm	0	0	0	0	b'a\\K/user'
corpus	vm	vm	0	0	0	0	b'a\\K/user'
corpus	default	dfa	0	0	0	0	b'(?i)/1234'
corpus	vm	vm	0	0	0	0	b'(?i)/1234'
corpus	default	dfa	0	0	0	0	b'(?i)x/1234'
corpus	vm	vm	1	1	1	1	b'(?i)x/1234'
corpus	default	dfa	0	0	0	0	b'/abcd[xy]/user'
corpus	vm	vm	0	0	0	0	b'/abcd[xy]/user'
corpus	default	dfa	0	0	0	0	b'a{2,2}c'
corpus	vm	vm	0	0	0	0	b'a{2,2}c'
corpus	default	dfa	0	0	0	0	b'a{2,2}?c'
corpus	vm	vm	0	0	0	0	b'a{2,2}?c'
corpus	default	dfa	0	0	0	0	b'[ab]{3,3}c'
corpus	vm	vm	0	0	0	0	b'[ab]{3,3}c'
corpus	default	dfa	0	0	0	0	b'(?:ab){2,2}c'
corpus	vm	vm	0	0	0	0	b'(?:ab){2,2}c'
corpus	default	vm	0	0	0	0	b'(a){2,2}c'
corpus	vm	vm	0	0	0	0	b'(a){2,2}c'
corpus	default	dfa	0	0	0	0	b'a{0,4}c'
corpus	vm	vm	0	0	0	0	b'a{0,4}c'
corpus	default	dfa	0	0	0	0	b'a{3,}c'
corpus	vm	vm	0	0	0	0	b'a{3,}c'
corpus	default	dfa	0	0	0	0	b'a*c'
corpus	vm	vm	0	0	0	0	b'a*c'
corpus	default	dfa	0	0	0	0	b'(?:a|bc){0,4}d'
corpus	vm	vm	0	0	0	0	b'(?:a|bc){0,4}d'
corpus	default	dfa	0	0	0	0	b'a{1,3}?c'
corpus	vm	vm	0	0	0	0	b'a{1,3}?c'
corpus	default	dfa	0	0	0	0	b'a+?c'
corpus	vm	vm	0	0	0	0	b'a+?c'
corpus	default	vm	0	0	0	0	b'z(ab)*y'
corpus	vm	vm	0	0	0	0	b'z(ab)*y'
corpus	default	dfa	0	0	0	0	b'a{2,2}b{0,4}c'
corpus	vm	vm	0	0	0	0	b'a{2,2}b{0,4}c'
corpus	default	vm	0	0	0	0	b'(a|ab){0,4}c'
corpus	vm	vm	0	0	0	0	b'(a|ab){0,4}c'
corpus	default	dfa	0	0	0	0	b'(?:ab|a){0,4}b'
corpus	vm	vm	0	0	0	0	b'(?:ab|a){0,4}b'
corpus	default	dfa	0	0	0	0	b'(?:ab?){0,4}b'
corpus	vm	vm	0	0	0	0	b'(?:ab?){0,4}b'
corpus	default	dfa	0	0	0	0	b'(?:a|){0,4}c'
corpus	vm	vm	0	0	0	0	b'(?:a|){0,4}c'
corpus	default	vm	0	0	0	0	b'(|a){2,4}c'
corpus	vm	vm	0	0	0	0	b'(|a){2,4}c'
corpus	default	dfa	0	0	0	0	b'a{0,4}a'
corpus	vm	vm	0	0	0	0	b'a{0,4}a'
corpus	default	dfa	0	0	0	0	b'[ab]{0,4}b?c'
corpus	vm	vm	0	0	0	0	b'[ab]{0,4}b?c'
corpus	default	dfa	0	0	0	0	b'a{0,4}^'
corpus	vm	vm	0	0	0	0	b'a{0,4}^'
corpus	default	dfa	0	0	0	0	b'a{0,4}?'
corpus	vm	vm	0	0	0	0	b'a{0,4}?'
corpus	default	dfa	0	0	0	0	b'za{0,2}?'
corpus	vm	vm	0	0	0	0	b'za{0,2}?'
corpus	default	dfa	0	0	0	0	b'a{1,3}?c?'
corpus	vm	vm	0	0	0	0	b'a{1,3}?c?'
corpus	default	dfa	0	0	0	0	b'a{1,3}'
corpus	vm	vm	0	0	0	0	b'a{1,3}'
corpus	default	dfa	0	0	0	0	b'za{1,3}'
corpus	vm	vm	0	0	0	0	b'za{1,3}'
corpus	default	dfa	0	0	0	0	b'[ab]{0,4}$'
corpus	vm	vm	0	0	0	0	b'[ab]{0,4}$'
corpus	default	dfa	0	0	0	0	b'(?:a{0,2}b)+c'
corpus	vm	vm	0	0	0	0	b'(?:a{0,2}b)+c'
corpus	default	dfa	0	0	0	0	b'(?:a{0,2}a)+c'
corpus	vm	vm	0	0	0	0	b'(?:a{0,2}a)+c'
corpus	default	dfa	0	0	0	0	b'(?:[ab]{0,2}c)+d'
corpus	vm	vm	0	0	0	0	b'(?:[ab]{0,2}c)+d'
corpus	default	vm	0	0	0	0	b'(?:(a){0,2}b)+c'
corpus	vm	vm	0	0	0	0	b'(?:(a){0,2}b)+c'
corpus	default	dfa	0	0	0	0	b'(?:a{0,2}?b)+c'
corpus	vm	vm	0	0	0	0	b'(?:a{0,2}?b)+c'
corpus	default	vm	0	0	0	0	b'(a{2,2}c)'
corpus	vm	vm	0	0	0	0	b'(a{2,2}c)'
corpus	default	vm	0	0	0	0	b'(a{2,2}?c)'
corpus	vm	vm	0	0	0	0	b'(a{2,2}?c)'
corpus	default	vm	0	0	0	0	b'([ab]{3,3}c)'
corpus	vm	vm	0	0	0	0	b'([ab]{3,3}c)'
corpus	default	vm	0	0	0	0	b'((?:ab){2,2}c)'
corpus	vm	vm	0	0	0	0	b'((?:ab){2,2}c)'
corpus	default	vm	0	0	0	0	b'((a){2,2}c)'
corpus	vm	vm	0	0	0	0	b'((a){2,2}c)'
corpus	default	vm	0	0	0	0	b'(a{0,4}c)'
corpus	vm	vm	0	0	0	0	b'(a{0,4}c)'
corpus	default	vm	0	0	0	0	b'(a{3,}c)'
corpus	vm	vm	0	0	0	0	b'(a{3,}c)'
corpus	default	vm	0	0	0	0	b'(a*c)'
corpus	vm	vm	0	0	0	0	b'(a*c)'
corpus	default	vm	0	0	0	0	b'((?:a|bc){0,4}d)'
corpus	vm	vm	0	0	0	0	b'((?:a|bc){0,4}d)'
corpus	default	vm	0	0	0	0	b'(a{1,3}?c)'
corpus	vm	vm	0	0	0	0	b'(a{1,3}?c)'
corpus	default	vm	0	0	0	0	b'(a+?c)'
corpus	vm	vm	0	0	0	0	b'(a+?c)'
corpus	default	vm	0	0	0	0	b'(z(ab)*y)'
corpus	vm	vm	0	0	0	0	b'(z(ab)*y)'
corpus	default	vm	0	0	0	0	b'(a{2,2}b{0,4}c)'
corpus	vm	vm	0	0	0	0	b'(a{2,2}b{0,4}c)'
corpus	default	vm	0	0	0	0	b'((a|ab){0,4}c)'
corpus	vm	vm	0	0	0	0	b'((a|ab){0,4}c)'
corpus	default	vm	0	0	0	0	b'((?:ab|a){0,4}b)'
corpus	vm	vm	0	0	0	0	b'((?:ab|a){0,4}b)'
corpus	default	vm	0	0	0	0	b'((?:ab?){0,4}b)'
corpus	vm	vm	0	0	0	0	b'((?:ab?){0,4}b)'
corpus	default	vm	0	0	0	0	b'((?:a|){0,4}c)'
corpus	vm	vm	0	0	0	0	b'((?:a|){0,4}c)'
corpus	default	vm	0	0	0	0	b'((|a){2,4}c)'
corpus	vm	vm	0	0	0	0	b'((|a){2,4}c)'
corpus	default	vm	0	0	0	0	b'(a{0,4}a)'
corpus	vm	vm	0	0	0	0	b'(a{0,4}a)'
corpus	default	vm	0	0	0	0	b'([ab]{0,4}b?c)'
corpus	vm	vm	0	0	0	0	b'([ab]{0,4}b?c)'
corpus	default	vm	0	0	0	0	b'(a{0,4}^)'
corpus	vm	vm	0	0	0	0	b'(a{0,4}^)'
corpus	default	vm	0	0	0	0	b'(a{1,3}?)'
corpus	vm	vm	0	0	0	0	b'(a{1,3}?)'
corpus	default	vm	0	0	0	0	b'(za{1,3}?)'
corpus	vm	vm	0	0	0	0	b'(za{1,3}?)'
corpus	default	vm	0	0	0	0	b'(a{0,4}?)'
corpus	vm	vm	0	0	0	0	b'(a{0,4}?)'
corpus	default	vm	0	0	0	0	b'(za{0,2}?)'
corpus	vm	vm	0	0	0	0	b'(za{0,2}?)'
corpus	default	vm	0	0	0	0	b'(a{1,3}?c?)'
corpus	vm	vm	0	0	0	0	b'(a{1,3}?c?)'
corpus	default	vm	0	0	0	0	b'(za{1,3}?c?)'
corpus	vm	vm	0	0	0	0	b'(za{1,3}?c?)'
corpus	default	vm	0	0	0	0	b'(a{1,3})'
corpus	vm	vm	0	0	0	0	b'(a{1,3})'
corpus	default	vm	0	0	0	0	b'(za{1,3})'
corpus	vm	vm	0	0	0	0	b'(za{1,3})'
corpus	default	vm	0	0	0	0	b'(a{0,4}$)'
corpus	vm	vm	0	0	0	0	b'(a{0,4}$)'
corpus	default	vm	0	0	0	0	b'([ab]{0,4}$)'
corpus	vm	vm	0	0	0	0	b'([ab]{0,4}$)'
corpus	default	vm	0	0	0	0	b'(a{1,3}?$)'
corpus	vm	vm	0	0	0	0	b'(a{1,3}?$)'
corpus	default	vm	0	0	0	0	b'(a{0,4}c$)'
corpus	vm	vm	0	0	0	0	b'(a{0,4}c$)'
corpus	default	vm	0	0	0	0	b'((?:a{0,2}b)+c)'
corpus	vm	vm	0	0	0	0	b'((?:a{0,2}b)+c)'
corpus	default	vm	0	0	0	0	b'((?:a{0,2}a)+c)'
corpus	vm	vm	0	0	0	0	b'((?:a{0,2}a)+c)'
corpus	default	vm	0	0	0	0	b'((?:[ab]{0,2}c)+d)'
corpus	vm	vm	0	0	0	0	b'((?:[ab]{0,2}c)+d)'
corpus	default	vm	0	0	0	0	b'((?:(a){0,2}b)+c)'
corpus	vm	vm	0	0	0	0	b'((?:(a){0,2}b)+c)'
corpus	default	vm	0	0	0	0	b'((?:a{0,2}?b)+c)'
corpus	vm	vm	0	0	0	0	b'((?:a{0,2}?b)+c)'
corpus	default	dfa	0	0	0	0	b'\\d\\Q+\\E'
corpus	vm	vm	0	0	0	0	b'\\d\\Q+\\E'
corpus	default	dfa	0	0	0	0	b'\\Q\\d\\E'
corpus	vm	vm	0	0	0	0	b'\\Q\\d\\E'
corpus	default	dfa	0	0	0	0	b'\\w\\Qxy\\E\\s'
corpus	vm	vm	0	0	0	0	b'\\w\\Qxy\\E\\s'
corpus	default	dfa	0	0	0	0	b'a\\Qb.c\\Ed'
corpus	vm	vm	0	0	0	0	b'a\\Qb.c\\Ed'
corpus	default	dfa	0	0	0	0	b'\\Qa*b\\E'
corpus	vm	vm	0	0	0	0	b'\\Qa*b\\E'
corpus	default	dfa	0	0	0	0	b'\\Qa+b\\E'
corpus	vm	vm	0	0	0	0	b'\\Qa+b\\E'
corpus	default	dfa	0	0	0	0	b'\\Qa?b\\E'
corpus	vm	vm	0	0	0	0	b'\\Qa?b\\E'
corpus	default	dfa	0	0	0	0	b'\\Qa{2,3}b\\E'
corpus	vm	vm	0	0	0	0	b'\\Qa{2,3}b\\E'
corpus	default	dfa	0	0	0	0	b'\\Q^a$\\E'
corpus	vm	vm	0	0	0	0	b'\\Q^a$\\E'
corpus	default	dfa	0	0	0	0	b'\\Qa(b)c\\E'
corpus	vm	vm	0	0	0	0	b'\\Qa(b)c\\E'
corpus	default	dfa	0	0	0	0	b'\\Qa[b]c\\E'
corpus	vm	vm	0	0	0	0	b'\\Qa[b]c\\E'
corpus	default	dfa	0	0	0	0	b'\\Qa|b\\E'
corpus	vm	vm	0	0	0	0	b'\\Qa|b\\E'
corpus	default	dfa	0	0	0	0	b'\\Qa\\b\\E'
corpus	vm	vm	0	0	0	0	b'\\Qa\\b\\E'
corpus	default	dfa	0	0	0	0	b'\\Q\\\\E'
corpus	vm	vm	0	0	0	0	b'\\Q\\\\E'
corpus	default	dfa	0	0	0	0	b'\\Qabc$xyz\\E'
corpus	vm	vm	0	0	0	0	b'\\Qabc$xyz\\E'
corpus	default	dfa	0	0	0	0	b'\\Qabc\\$xyz\\E'
corpus	vm	vm	0	0	0	0	b'\\Qabc\\$xyz\\E'
corpus	default	dfa	0	0	0	0	b'\\Qabc\\E\\$\\Qxyz\\E'
corpus	vm	vm	0	0	0	0	b'\\Qabc\\E\\$\\Qxyz\\E'
corpus	default	dfa	0	0	0	0	b'\\QA\\B\\E'
corpus	vm	vm	0	0	0	0	b'\\QA\\B\\E'
corpus	default	dfa	0	0	0	0	b'a\\Q\\Eb'
corpus	vm	vm	0	0	0	0	b'a\\Q\\Eb'
corpus	default	dfa	0	0	0	0	b'\\Q\\E'
corpus	vm	vm	0	0	0	0	b'\\Q\\E'
corpus	default	dfa	0	0	0	0	b'\\QABC\\E'
corpus	vm	vm	0	0	0	0	b'\\QABC\\E'
corpus	default	dfa	0	0	0	0	b'(?i)\\QABC\\E'
corpus	vm	vm	3	3	1	3	b'(?i)\\QABC\\E'
corpus	default	dfa	0	0	0	0	b'[\\Qabc\\E]'
corpus	vm	vm	0	0	0	0	b'[\\Qabc\\E]'
corpus	default	dfa	0	0	0	0	b'[\\Q]\\E]'
corpus	vm	vm	0	0	0	0	b'[\\Q]\\E]'
corpus	default	dfa	0	0	0	0	b'[\\Q^\\E]'
corpus	vm	vm	0	0	0	0	b'[\\Q^\\E]'
corpus	default	dfa	0	0	0	0	b'[^\\Qa\\E]'
corpus	vm	vm	0	0	0	0	b'[^\\Qa\\E]'
corpus	default	dfa	0	0	0	0	b'[\\Qa-z\\E]'
corpus	vm	vm	0	0	0	0	b'[\\Qa-z\\E]'
corpus	default	dfa	0	0	0	0	b'[a\\Q-\\Ez]'
corpus	vm	vm	0	0	0	0	b'[a\\Q-\\Ez]'
corpus	default	dfa	0	0	0	0	b'[\\Qa\\Q\\E]'
corpus	vm	vm	0	0	0	0	b'[\\Qa\\Q\\E]'
corpus	default	dfa	0	0	0	0	b'[a\\Qbc\\E]'
corpus	vm	vm	0	0	0	0	b'[a\\Qbc\\E]'
corpus	default	dfa	0	0	0	0	b'(?x)a\\Q b \\Ec'
corpus	vm	vm	0	0	0	0	b'(?x)a\\Q b \\Ec'
corpus	default	dfa	0	0	0	0	b'(?x) a b c'
corpus	vm	vm	0	0	0	0	b'(?x) a b c'
corpus	default	dfa	0	0	0	0	b'(?x)\\Qa#b\\E'
corpus	vm	vm	0	0	0	0	b'(?x)\\Qa#b\\E'
corpus	default	dfa	0	0	0	0	b'(?x)a#comment'
corpus	vm	vm	0	0	0	0	b'(?x)a#comment'
corpus	default	dfa	0	0	0	0	b'(?x)\\Qa#b\\E#trailing comment eaten'
corpus	vm	vm	0	0	0	0	b'(?x)\\Qa#b\\E#trailing comment eaten'
corpus	default	vm	0	0	0	0	b'(\\Qab\\E)cd'
corpus	vm	vm	0	0	0	0	b'(\\Qab\\E)cd'
corpus	default	vm	0	0	0	0	b'a(\\Qb+c\\E)d'
corpus	vm	vm	0	0	0	0	b'a(\\Qb+c\\E)d'
corpus	default	vm	0	0	0	0	b'(a)\\Q(b)\\E(c)'
corpus	vm	vm	0	0	0	0	b'(a)\\Q(b)\\E(c)'
corpus	default	dfa	0	0	0	0	b'\\Qab\\E+'
corpus	vm	vm	0	0	0	0	b'\\Qab\\E+'
corpus	default	dfa	0	0	0	0	b'a\\Q\\E+'
corpus	vm	vm	0	0	0	0	b'a\\Q\\E+'
corpus	default	dfa	0	0	0	0	b'{\\Q1\\E,2}'
corpus	vm	vm	0	0	0	0	b'{\\Q1\\E,2}'
corpus	default	dfa	0	0	0	0	b'ab\\Qc+d'
corpus	vm	vm	0	0	0	0	b'ab\\Qc+d'
corpus	default	dfa	0	0	0	0	b'abc\\Q'
corpus	vm	vm	0	0	0	0	b'abc\\Q'
corpus	default	dfa	0	0	0	0	b'\\Eabc'
corpus	vm	vm	0	0	0	0	b'\\Eabc'
corpus	default	dfa	0	0	0	0	b'a\\Eb\\Ec'
corpus	vm	vm	0	0	0	0	b'a\\Eb\\Ec'
corpus	default	dfa	0	0	0	0	b'\\Qab\\E\\Ec'
corpus	vm	vm	0	0	0	0	b'\\Qab\\E\\Ec'
corpus	default	dfa	0	0	0	0	b'\\Qab\\Ec\\Ed'
corpus	vm	vm	0	0	0	0	b'\\Qab\\Ec\\Ed'
corpus	default	dfa	0	0	0	0	b'[0-\\E]'
corpus	vm	vm	0	0	0	0	b'[0-\\E]'
corpus	default	dfa	0	0	0	0	b'[a-\\E]'
corpus	vm	vm	0	0	0	0	b'[a-\\E]'
corpus	default	dfa	0	0	0	0	b'[0-\\E9]'
corpus	vm	vm	0	0	0	0	b'[0-\\E9]'
corpus	default	dfa	0	0	0	0	b'[0-\\Q\\E]'
corpus	vm	vm	0	0	0	0	b'[0-\\Q\\E]'
corpus	default	dfa	0	0	0	0	b'^(?:(?<g>a|ab)){0}(?&g)c$'
corpus	vm	vm	0	0	0	0	b'^(?:(?<g>a|ab)){0}(?&g)c$'
corpus	default	dfa	0	0	0	0	b'^(?:(?<g>a+)){0}(?&g)ab$'
corpus	vm	vm	0	0	0	0	b'^(?:(?<g>a+)){0}(?&g)ab$'
corpus	default	dfa	0	0	0	0	b'^(?:(?<g>a{1,3})){0}(?&g)aa$'
corpus	vm	vm	0	0	0	0	b'^(?:(?<g>a{1,3})){0}(?&g)aa$'
corpus	default	vm	0	0	0	0	b'^(?:(?<g>a(?&g)?b|x|xy)){0}(?&g)$'
corpus	vm	vm	0	0	0	0	b'^(?:(?<g>a(?&g)?b|x|xy)){0}(?&g)$'
corpus	default	vm	0	0	0	0	b'^(?:(?<g>(?>a|ab))){0}(?&g)c$'
corpus	vm	vm	0	0	0	0	b'^(?:(?<g>(?>a|ab))){0}(?&g)c$'
corpus	default	vm	0	0	0	0	b'^(?:(?<g>a|ab)){0}(?>(?&g))c$'
corpus	vm	vm	0	0	0	0	b'^(?:(?<g>a|ab)){0}(?>(?&g))c$'
corpus	default	vm	0	0	0	0	b'^(?:(?<g>a|ab)){0}(?&g)++c$'
corpus	vm	vm	0	0	0	0	b'^(?:(?<g>a|ab)){0}(?&g)++c$'
corpus	default	vm	0	0	0	0	b'^(?:(?<g>(?>a|ab))){0}(?>(?&g))c$'
corpus	vm	vm	0	0	0	0	b'^(?:(?<g>(?>a|ab))){0}(?>(?&g))c$'
corpus	default	vm	0	0	0	0	b'^(?:(a{2,5}(?1)?b)((?1)c)){0}(?2)$'
corpus	vm	vm	0	0	0	0	b'^(?:(a{2,5}(?1)?b)((?1)c)){0}(?2)$'
corpus	default	vm	0	0	0	0	b'^(?:(\\((?:[^()]|(?1)){1,9}\\))(x(?1)y)){0}(?2)$'
corpus	vm	vm	0	0	0	0	b'^(?:(\\((?:[^()]|(?1)){1,9}\\))(x(?1)y)){0}(?2)$'
corpus	default	vm	0	0	0	0	b'^(?:(\\((?=.)[^()]*(?1)?\\))(x(?1)y)){0}(?2)$'
corpus	vm	vm	0	0	0	0	b'^(?:(\\((?=.)[^()]*(?1)?\\))(x(?1)y)){0}(?2)$'
corpus	default	vm	0	0	0	0	b'^(?:((?>a)(?1)?b)((?1)c)){0}(?2)$'
corpus	vm	vm	0	0	0	0	b'^(?:((?>a)(?1)?b)((?1)c)){0}(?2)$'
corpus	default	vm	0	0	0	0	b'^(?:(a(?1)?b)((?1)c)){0}(?2){1,3}$'
corpus	vm	vm	0	0	0	0	b'^(?:(a(?1)?b)((?1)c)){0}(?2){1,3}$'
corpus	default	vm	0	0	0	0	b'^(?:(x(?1)?(?2)y)((?3)m)(t(?3)?u)){0}(?1)$'
corpus	vm	vm	0	0	0	0	b'^(?:(x(?1)?(?2)y)((?3)m)(t(?3)?u)){0}(?1)$'
corpus	default	vm	0	0	0	0	b'^(?:((a|aa)(?1)?b)((?1)c)){0}(?3)$'
corpus	vm	vm	0	0	0	0	b'^(?:((a|aa)(?1)?b)((?1)c)){0}(?3)$'
corpus	default	vm	0	0	0	0	b'^((a)(?1)?(b))$'
corpus	vm	vm	0	0	0	0	b'^((a)(?1)?(b))$'
corpus	default	vm	0	0	0	0	b'^(?:((a))(?1)x|(?1)y)$'
corpus	vm	vm	0	0	0	0	b'^(?:((a))(?1)x|(?1)y)$'
corpus	default	vm	0	0	0	0	b'^(a)(b\\1)(?2)$'
corpus	vm	vm	0	0	0	0	b'^(a)(b\\1)(?2)$'
corpus	default	vm	0	0	0	0	b'^((a|b)(?1)?\\2)$'
corpus	vm	vm	0	0	0	0	b'^((a|b)(?1)?\\2)$'
corpus	default	dfa	0	0	0	0	b'^(?(DEFINE)(?<g>a|ab))(?&g)c$'
corpus	vm	vm	0	0	0	0	b'^(?(DEFINE)(?<g>a|ab))(?&g)c$'
corpus	default	vm	0	0	0	0	b'^(?(DEFINE)(?<g>(?>a|ab)))(?&g)c$'
corpus	vm	vm	0	0	0	0	b'^(?(DEFINE)(?<g>(?>a|ab)))(?&g)c$'
corpus	default	vm	0	0	0	0	b'^(?(DEFINE)(?<g>a|ab))(?>(?&g))c$'
corpus	vm	vm	0	0	0	0	b'^(?(DEFINE)(?<g>a|ab))(?>(?&g))c$'
corpus	default	vm	0	0	0	0	b'^(?(DEFINE)(?<g>a|ab))(?&g)++c$'
corpus	vm	vm	0	0	0	0	b'^(?(DEFINE)(?<g>a|ab))(?&g)++c$'
corpus	default	vm	0	0	0	0	b'^(?!)(?<g>a|ab)|^(?&g)c$'
corpus	vm	vm	0	0	0	0	b'^(?!)(?<g>a|ab)|^(?&g)c$'
corpus	default	dfa	0	0	0	0	b'^(?(DEFINE)(?<g>a+))(?&g)ab$'
corpus	vm	vm	0	0	0	0	b'^(?(DEFINE)(?<g>a+))(?&g)ab$'
corpus	default	vm	0	0	0	0	b'^(?(DEFINE)(?<g>a+))(?>(?&g))ab$'
corpus	vm	vm	0	0	0	0	b'^(?(DEFINE)(?<g>a+))(?>(?&g))ab$'
corpus	default	vm	0	0	0	0	b'^(?(DEFINE)(?<g>a+))(?&g)++ab$'
corpus	vm	vm	0	0	0	0	b'^(?(DEFINE)(?<g>a+))(?&g)++ab$'
corpus	default	dfa	0	0	0	0	b'^(?(DEFINE)(?<g>a{1,3}))(?&g)aa$'
corpus	vm	vm	0	0	0	0	b'^(?(DEFINE)(?<g>a{1,3}))(?&g)aa$'
corpus	default	vm	0	0	0	0	b'^(?(DEFINE)(?<g>a{1,3}))(?>(?&g))aa$'
corpus	vm	vm	0	0	0	0	b'^(?(DEFINE)(?<g>a{1,3}))(?>(?&g))aa$'
corpus	default	vm	0	0	0	0	b'^(?(DEFINE)(?<g>a(?&g)?b|x|xy))(?&g)$'
corpus	vm	vm	0	0	0	0	b'^(?(DEFINE)(?<g>a(?&g)?b|x|xy))(?&g)$'
corpus	default	vm	0	0	0	0	b'^(?(DEFINE)(?<g>(?>a(?&g)?b|x|xy)))(?&g)$'
corpus	vm	vm	0	0	0	0	b'^(?(DEFINE)(?<g>(?>a(?&g)?b|x|xy)))(?&g)$'
corpus	default	vm	0	0	0	0	b'^(a|ab)(?1)c$'
corpus	vm	vm	0	0	0	0	b'^(a|ab)(?1)c$'
corpus	default	vm	0	0	0	0	b'^((a))(?1)$'
corpus	vm	vm	0	0	0	0	b'^((a))(?1)$'
corpus	default	vm	0	0	0	0	b'^((a|b))(?1)\\2$'
corpus	vm	vm	0	0	0	0	b'^((a|b))(?1)\\2$'
corpus	default	vm	0	0	0	0	b'^((a|bb))(?1)\\2$'
corpus	vm	vm	0	0	0	0	b'^((a|bb))(?1)\\2$'
corpus	default	vm	0	0	0	0	b'^((a)(?1)?(b))(?1)$'
corpus	vm	vm	0	0	0	0	b'^((a)(?1)?(b))(?1)$'
corpus	default	vm	0	0	0	0	b'^(?(DEFINE)(?<g>(?<h>a)(?&g)?(?<i>b)))(?&g)$'
corpus	vm	vm	0	0	0	0	b'^(?(DEFINE)(?<g>(?<h>a)(?&g)?(?<i>b)))(?&g)$'
corpus	default	vm	0	0	0	0	b'^(x)?(?:(a(?2)?b)){0}(?2)$'
corpus	vm	vm	0	0	0	0	b'^(x)?(?:(a(?2)?b)){0}(?2)$'
corpus	default	vm	0	0	0	0	b'^(a)(?1)(?<=(a))\\1$'
corpus	vm	vm	0	0	0	0	b'^(a)(?1)(?<=(a))\\1$'
corpus	default	dfa	0	0	0	0	b'^(?(DEFINE)(?<w>fo+))(?&w)-bar$'
corpus	vm	vm	0	0	0	0	b'^(?(DEFINE)(?<w>fo+))(?&w)-bar$'
corpus	default	dfa	0	0	0	0	b'^(?:(?<w>fo+)){0}(?&w)-bar$'
corpus	vm	vm	0	0	0	0	b'^(?:(?<w>fo+)){0}(?&w)-bar$'
corpus	default	vm	0	0	0	0	b'^(?!)(?<w>fo+)|^(?&w)-bar$'
corpus	vm	vm	0	0	0	0	b'^(?!)(?<w>fo+)|^(?&w)-bar$'
corpus	default	vm	0	0	0	0	b'^(?:(?<w>foo))?(?&w)-bar$'
corpus	vm	vm	0	0	0	0	b'^(?:(?<w>foo))?(?&w)-bar$'
corpus	default	vm	0	0	0	0	b'^(?<w>foo)?+(?&w)-bar$'
corpus	vm	vm	0	0	0	0	b'^(?<w>foo)?+(?&w)-bar$'
corpus	default	dfa	0	0	0	0	b'^(?(DEFINE)(?<w>a))(?&w)*b$'
corpus	vm	vm	0	0	0	0	b'^(?(DEFINE)(?<w>a))(?&w)*b$'
corpus	default	vm	0	0	0	0	b'^(?:(?<w>a))?(?&w)*b$'
corpus	vm	vm	0	0	0	0	b'^(?:(?<w>a))?(?&w)*b$'
corpus	default	dfa	0	0	0	0	b'^(?(DEFINE)(?<a>x)(?<b>y))(?&a)(?&b)(?&a)$'
corpus	vm	vm	0	0	0	0	b'^(?(DEFINE)(?<a>x)(?<b>y))(?&a)(?&b)(?&a)$'
corpus	default	dfa	0	0	0	0	b'^(?:(?<a>x)(?<b>y)){0}(?&a)(?&b)(?&a)$'
corpus	vm	vm	0	0	0	0	b'^(?:(?<a>x)(?<b>y)){0}(?&a)(?&b)(?&a)$'
corpus	default	dfa	0	0	0	0	b'^(?(DEFINE)(?<g>ab))(?&g)(?&g)(?&g)$'
corpus	vm	vm	0	0	0	0	b'^(?(DEFINE)(?<g>ab))(?&g)(?&g)(?&g)$'
corpus	default	dfa	0	0	0	0	b'^(?(DEFINE)(?<g>a?))(?&g)*$'
corpus	vm	vm	0	0	0	0	b'^(?(DEFINE)(?<g>a?))(?&g)*$'
corpus	default	dfa	0	0	0	0	b'^(?(DEFINE)(?<g>))(?&g)*$'
corpus	vm	vm	0	0	0	0	b'^(?(DEFINE)(?<g>))(?&g)*$'
corpus	default	dfa	0	0	0	0	b'^(?:(?<g>)){0}(?&g)*$'
corpus	vm	vm	0	0	0	0	b'^(?:(?<g>)){0}(?&g)*$'
corpus	default	vm	0	0	0	0	b'^(a?)(?1)*$'
corpus	vm	vm	0	0	0	0	b'^(a?)(?1)*$'
corpus	default	dfa	0	0	0	0	b'^(?(DEFINE)(?<g>ab))(?&g){2}$'
corpus	vm	vm	0	0	0	0	b'^(?(DEFINE)(?<g>ab))(?&g){2}$'
corpus	default	dfa	0	0	0	0	b'^(?(DEFINE)(?<g>ab))(?&g)+$'
corpus	vm	vm	0	0	0	0	b'^(?(DEFINE)(?<g>ab))(?&g)+$'
corpus	default	dfa	0	0	0	0	b'^(?(DEFINE)(?<g>ab))(?&g)*$'
corpus	vm	vm	0	0	0	0	b'^(?(DEFINE)(?<g>ab))(?&g)*$'
corpus	default	dfa	0	0	0	0	b'^(?(DEFINE)(?<g>a|ab))(?&g){2}c$'
corpus	vm	vm	0	0	0	0	b'^(?(DEFINE)(?<g>a|ab))(?&g){2}c$'
corpus	default	vm	0	0	0	0	b'^(a(?1)?b)$'
corpus	vm	vm	0	0	0	0	b'^(a(?1)?b)$'
corpus	default	vm	0	0	0	0	b'^(a|(?1)a)$'
corpus	vm	vm	0	0	0	0	b'^(a|(?1)a)$'
corpus	default	vm	0	0	0	0	b'(a|(?1)a)'
corpus	vm	vm	0	0	0	0	b'(a|(?1)a)'
corpus	default	vm	0	0	0	0	b'((?1)?a)'
corpus	vm	vm	0	0	0	0	b'((?1)?a)'
corpus	default	vm	0	0	0	0	b'((?1)*a)'
corpus	vm	vm	0	0	0	0	b'((?1)*a)'
corpus	default	vm	0	0	0	0	b'((?1)a)'
corpus	vm	vm	0	0	0	0	b'((?1)a)'
corpus	default	vm	0	0	0	0	b'(?R)a'
corpus	vm	vm	0	0	0	0	b'(?R)a'
corpus	default	vm	0	0	0	0	b'(a|(?1)a)b'
corpus	vm	vm	0	0	0	0	b'(a|(?1)a)b'
corpus	default	vm	0	0	0	0	b'(a|(?1)a)c'
corpus	vm	vm	0	0	0	0	b'(a|(?1)a)c'
corpus	default	vm	0	0	0	0	b'^(?R)*$'
corpus	vm	vm	0	0	0	0	b'^(?R)*$'
corpus	default	vm	0	0	0	0	b'^(?R)?$'
corpus	vm	vm	0	0	0	0	b'^(?R)?$'
corpus	default	vm	0	0	0	0	b'^(?R){0,2}$'
corpus	vm	vm	0	0	0	0	b'^(?R){0,2}$'
corpus	default	vm	0	0	0	0	b'^(?(DEFINE)(?<g>a(?&g)?b))(?&g)$'
corpus	vm	vm	0	0	0	0	b'^(?(DEFINE)(?<g>a(?&g)?b))(?&g)$'
corpus	default	dfa	0	0	0	0	b'(?:[a-z0-9!#$%&\'*+/=?^_`{|}~-]+(?:\\.[a-z0-9!#$%&\'*+/=?^_`{|}~-]+)*|"(?:[\\x01-\\x08\\x0b\\x0c\\x0e-\\x1f\\x21\\x23-\\x5b\\x5d-\\x7f]|\\\\[\\x01-\\x09\\x0b\\x0c\\x0e-\\x7f])*")@(?:'
corpus	vm	vm	0	0	0	0	b'(?:[a-z0-9!#$%&\'*+/=?^_`{|}~-]+(?:\\.[a-z0-9!#$%&\'*+/=?^_`{|}~-]+)*|"(?:[\\x01-\\x08\\x0b\\x0c\\x0e-\\x1f\\x21\\x23-\\x5b\\x5d-\\x7f]|\\\\[\\x01-\\x09\\x0b\\x0c\\x0e-\\x7f])*")@(?:'
corpus	default	dfa	0	0	0	0	b"(?:(?<atom>[a-z0-9!#$%&'*+/=?^_`{|}~-]+)){0}(?:(?<qchar>[\\x01-\\x08\\x0b\\x0c\\x0e-\\x1f\\x21\\x23-\\x5b\\x5d-\\x7f]|\\\\[\\x01-\\x09\\x0b\\x0c\\x0e-\\x7f])){0}(?:(?<label>[a-z0-"
corpus	vm	vm	0	0	0	0	b"(?:(?<atom>[a-z0-9!#$%&'*+/=?^_`{|}~-]+)){0}(?:(?<qchar>[\\x01-\\x08\\x0b\\x0c\\x0e-\\x1f\\x21\\x23-\\x5b\\x5d-\\x7f]|\\\\[\\x01-\\x09\\x0b\\x0c\\x0e-\\x7f])){0}(?:(?<label>[a-z0-"
corpus	default	vm	0	0	0	0	b'^(a\\Kb)(?1)$'
corpus	vm	vm	0	0	0	0	b'^(a\\Kb)(?1)$'
corpus	default	vm	0	0	0	0	b'^(?(DEFINE)(?<g>a\\Kb))(?&g)$'
corpus	vm	vm	0	0	0	0	b'^(?(DEFINE)(?<g>a\\Kb))(?&g)$'
corpus	default	vm	0	0	0	0	b'^(a(?1)?\\Kb)$'
corpus	vm	vm	0	0	0	0	b'^(a(?1)?\\Kb)$'
corpus	default	vm	0	0	0	0	b'^(?(DEFINE)(?<g>a\\Kb))(?=(?&g))ab$'
corpus	vm	vm	0	0	0	0	b'^(?(DEFINE)(?<g>a\\Kb))(?=(?&g))ab$'
corpus	default	vm	0	0	0	0	b'^(?(DEFINE)(?<g>a\\Kb))ab(?<=(?&g))$'
corpus	vm	vm	0	0	0	0	b'^(?(DEFINE)(?<g>a\\Kb))ab(?<=(?&g))$'
corpus	default	vm	0	0	0	0	b'^(?:(a\\Kb)){0}(?=(?1))ab$'
corpus	vm	vm	0	0	0	0	b'^(?:(a\\Kb)){0}(?=(?1))ab$'
corpus	default	vm	0	0	0	0	b'^(?(DEFINE)(?<g>b))a\\K(?=(?&g))b$'
corpus	vm	vm	0	0	0	0	b'^(?(DEFINE)(?<g>b))a\\K(?=(?&g))b$'
corpus	default	vm	0	0	0	0	b'^(?J)(?:(?<a>x)|q)(?<a>y)(?&a)$'
corpus	vm	vm	0	0	0	0	b'^(?J)(?:(?<a>x)|q)(?<a>y)(?&a)$'
corpus	default	vm	0	0	0	0	b'^(?J)(?:(?<a>x)|q)(?<a>y)(?P>a)$'
corpus	vm	vm	0	0	0	0	b'^(?J)(?:(?<a>x)|q)(?<a>y)(?P>a)$'
corpus	default	vm	0	0	0	0	b'^(?J)(?:(?<a>x)|q)(?<a>y)\\g<a>$'
corpus	vm	vm	0	0	0	0	b'^(?J)(?:(?<a>x)|q)(?<a>y)\\g<a>$'
corpus	default	vm	0	0	0	0	b"^(?J)(?:(?<a>x)|q)(?<a>y)\\g'a'$"
corpus	vm	vm	0	0	0	0	b"^(?J)(?:(?<a>x)|q)(?<a>y)\\g'a'$"
corpus	default	vm	0	0	0	0	b'^(?J)(?:(?<a>x)|q)(?<a>y)\\k<a>$'
corpus	vm	vm	0	0	0	0	b'^(?J)(?:(?<a>x)|q)(?<a>y)\\k<a>$'
corpus	default	vm	0	0	0	0	b'^(?J)(?:(?<a>x)|q)(?<a>y)(?P=a)$'
corpus	vm	vm	0	0	0	0	b'^(?J)(?:(?<a>x)|q)(?<a>y)(?P=a)$'
corpus	default	vm	0	0	0	0	b"^(?J)(?:(?<a>x)|q)(?<a>y)\\k'a'$"
corpus	vm	vm	0	0	0	0	b"^(?J)(?:(?<a>x)|q)(?<a>y)\\k'a'$"
corpus	default	vm	0	0	0	0	b'^(?J)(?:(?<a>x)|q)(?<a>y)\\g{a}$'
corpus	vm	vm	0	0	0	0	b'^(?J)(?:(?<a>x)|q)(?<a>y)\\g{a}$'
corpus	default	vm	0	0	0	0	b'^(?J)(?<a>x)(q)(?<a>y)(?&a)z$'
corpus	vm	vm	0	0	0	0	b'^(?J)(?<a>x)(q)(?<a>y)(?&a)z$'
corpus	default	vm	0	0	0	0	b'^(?(DEFINE)(?<g>ab))ab(?<=(?&g))$'
corpus	vm	vm	0	0	0	0	b'^(?(DEFINE)(?<g>ab))ab(?<=(?&g))$'
corpus	default	vm	0	0	0	0	b'^(?(DEFINE)(?<g>ab))(?(DEFINE)(?<h>(?&g)))ab(?<=(?&h))$'
corpus	vm	vm	0	0	0	0	b'^(?(DEFINE)(?<g>ab))(?(DEFINE)(?<h>(?&g)))ab(?<=(?&h))$'
corpus	default	vm	0	0	0	0	b'^(?(DEFINE)(?<g>ab))(?(DEFINE)(?<h>cd))abcd(?<=(?&g)|(?&h))$'
corpus	vm	vm	0	0	0	0	b'^(?(DEFINE)(?<g>ab))(?(DEFINE)(?<h>cd))abcd(?<=(?&g)|(?&h))$'
corpus	default	vm	0	0	0	0	b'^(?(DEFINE)(?<g>ab))(?(DEFINE)(?<h>cde))abcde(?<=(?&g)|(?&h))$'
corpus	vm	vm	0	0	0	0	b'^(?(DEFINE)(?<g>ab))(?(DEFINE)(?<h>cde))abcde(?<=(?&g)|(?&h))$'
corpus	default	dfa	0	0	0	0	b'^(?(DEFINE)(?<g>(?<=x)ab))x(?&g)$'
corpus	vm	vm	0	0	0	0	b'^(?(DEFINE)(?<g>(?<=x)ab))x(?&g)$'
corpus	default	vm	0	0	0	0	b'^(?(DEFINE)(?<g>a|ab))(?=(?&g))ab$'
corpus	vm	vm	0	0	0	0	b'^(?(DEFINE)(?<g>a|ab))(?=(?&g))ab$'
corpus	default	vm	0	0	0	0	b'^(?(DEFINE)(?<g>a|ab))(?!(?&g))xy$'
corpus	vm	vm	0	0	0	0	b'^(?(DEFINE)(?<g>a|ab))(?!(?&g))xy$'
corpus	default	vm	0	0	0	0	b'^(?(DEFINE)(?<g>a|ab))(?!(?&g))ab$'
corpus	vm	vm	0	0	0	0	b'^(?(DEFINE)(?<g>a|ab))(?!(?&g))ab$'
corpus	default	vm	0	0	0	0	b'^(?(DEFINE)(?<g>a|ab))(?>(?&g))b?c$'
corpus	vm	vm	0	0	0	0	b'^(?(DEFINE)(?<g>a|ab))(?>(?&g))b?c$'
corpus	default	dfa	0	0	0	0	b'(?(DEFINE)(?<g>\\Ga))(?&g)'
corpus	vm	vm	0	0	0	0	b'(?(DEFINE)(?<g>\\Ga))(?&g)'
corpus	default	dfa	0	0	0	0	b'(?(DEFINE)(?<g>\\Aa))x?(?&g)'
corpus	vm	vm	0	0	0	0	b'(?(DEFINE)(?<g>\\Aa))x?(?&g)'
corpus	default	dfa	0	0	0	0	b'(?(DEFINE)(?<g>a\\z))x(?&g)'
corpus	vm	vm	0	0	0	0	b'(?(DEFINE)(?<g>a\\z))x(?&g)'
corpus	default	dfa	0	0	0	0	b'(?(DEFINE)(?<g>a\\z))x(?&g)b'
corpus	vm	vm	0	0	0	0	b'(?(DEFINE)(?<g>a\\z))x(?&g)b'
corpus	default	vm	0	0	0	0	b'^(a|b)(?1)$'
corpus	vm	vm	0	0	0	0	b'^(a|b)(?1)$'
corpus	default	vm	0	0	0	0	b'(a|b)(?1)'
corpus	vm	vm	0	0	0	0	b'(a|b)(?1)'
corpus	default	vm	0	0	0	0	b'(a(?1)?b)'
corpus	vm	vm	0	0	0	0	b'(a(?1)?b)'
corpus	default	vm	0	0	0	0	b'(?(DEFINE)(?<g>a\\Kb))(?&g)'
corpus	vm	vm	0	0	0	0	b'(?(DEFINE)(?<g>a\\Kb))(?&g)'
corpus	default	dfa	0	0	0	0	b'(?(DEFINE)(?<g>\\bab))(?&g)'
corpus	vm	vm	0	0	0	0	b'(?(DEFINE)(?<g>\\bab))(?&g)'
corpus	default	vm	0	0	0	0	b'(?<=x)(a|b)(?1)'
corpus	vm	vm	0	0	0	0	b'(?<=x)(a|b)(?1)'
corpus	default	vm	0	0	0	0	b'^(a(?01)?b)$'
corpus	vm	vm	0	0	0	0	b'^(a(?01)?b)$'
corpus	default	vm	0	0	0	0	b'^(a(?001)?b)$'
corpus	vm	vm	0	0	0	0	b'^(a(?001)?b)$'
corpus	default	vm	0	0	0	0	b'^(a(?0001)?b)$'
corpus	vm	vm	0	0	0	0	b'^(a(?0001)?b)$'
corpus	default	vm	0	0	0	0	b'^(a\\g<1>?b)$'
corpus	vm	vm	0	0	0	0	b'^(a\\g<1>?b)$'
corpus	default	vm	0	0	0	0	b'^(a\\g<01>?b)$'
corpus	vm	vm	0	0	0	0	b'^(a\\g<01>?b)$'
corpus	default	vm	0	0	0	0	b"^(a\\g'1'?b)$"
corpus	vm	vm	0	0	0	0	b"^(a\\g'1'?b)$"
corpus	default	vm	0	0	0	0	b"^(a\\g'01'?b)$"
corpus	vm	vm	0	0	0	0	b"^(a\\g'01'?b)$"
corpus	default	vm	0	0	0	0	b'^(a(?R)?b)$'
corpus	vm	vm	0	0	0	0	b'^(a(?R)?b)$'
corpus	default	vm	0	0	0	0	b'^(a(?0)?b)$'
corpus	vm	vm	0	0	0	0	b'^(a(?0)?b)$'
corpus	default	vm	0	0	0	0	b'^(a(?00)?b)$'
corpus	vm	vm	0	0	0	0	b'^(a(?00)?b)$'
corpus	default	vm	0	0	0	0	b'^(a\\g<0>?b)$'
corpus	vm	vm	0	0	0	0	b'^(a\\g<0>?b)$'
corpus	default	vm	0	0	0	0	b'^(a\\g<00>?b)$'
corpus	vm	vm	0	0	0	0	b'^(a\\g<00>?b)$'
corpus	default	vm	0	0	0	0	b"^(a\\g'0'?b)$"
corpus	vm	vm	0	0	0	0	b"^(a\\g'0'?b)$"
corpus	default	vm	0	0	0	0	b"^(a\\g'00'?b)$"
corpus	vm	vm	0	0	0	0	b"^(a\\g'00'?b)$"
corpus	default	vm	0	0	0	0	b'(a(?R)?b)'
corpus	vm	vm	0	0	0	0	b'(a(?R)?b)'
corpus	default	vm	0	0	0	0	b'(a\\g<0>?b)'
corpus	vm	vm	0	0	0	0	b'(a\\g<0>?b)'
corpus	default	vm	0	0	0	0	b"(a\\g'00'?b)"
corpus	vm	vm	0	0	0	0	b"(a\\g'00'?b)"
corpus	default	vm	0	0	0	0	b'^(a(?1)?b)(?R)?$'
corpus	vm	vm	0	0	0	0	b'^(a(?1)?b)(?R)?$'
corpus	default	vm	0	0	0	0	b'^x(?0)?y$'
corpus	vm	vm	0	0	0	0	b'^x(?0)?y$'
corpus	default	vm	0	0	0	0	b'^a(?R)*b$'
corpus	vm	vm	0	0	0	0	b'^a(?R)*b$'
corpus	default	vm	0	0	0	0	b'(a(?R)*b)'
corpus	vm	vm	0	0	0	0	b'(a(?R)*b)'
corpus	default	vm	0	0	0	0	b'(a|b)\\1'
corpus	vm	vm	0	0	0	0	b'(a|b)\\1'
corpus	default	vm	0	0	0	0	b'^(a|b)(?01)$'
corpus	vm	vm	0	0	0	0	b'^(a|b)(?01)$'
corpus	default	vm	0	0	0	0	b'^(a|b)(?001)$'
corpus	vm	vm	0	0	0	0	b'^(a|b)(?001)$'
corpus	default	vm	0	0	0	0	b'^(a|b)(?0001)$'
corpus	vm	vm	0	0	0	0	b'^(a|b)(?0001)$'
corpus	default	vm	0	0	0	0	b'^(a|b)\\g<01>$'
corpus	vm	vm	0	0	0	0	b'^(a|b)\\g<01>$'
corpus	default	vm	0	0	0	0	b"^(a|b)\\g'01'$"
corpus	vm	vm	0	0	0	0	b"^(a|b)\\g'01'$"
corpus	default	vm	0	0	0	0	b'^(a|b)(?-1)$'
corpus	vm	vm	0	0	0	0	b'^(a|b)(?-1)$'
corpus	default	vm	0	0	0	0	b'^(a|b)(?-01)$'
corpus	vm	vm	0	0	0	0	b'^(a|b)(?-01)$'
corpus	default	vm	0	0	0	0	b'^(a|b)\\g<-1>$'
corpus	vm	vm	0	0	0	0	b'^(a|b)\\g<-1>$'
corpus	default	vm	0	0	0	0	b"^(a|b)\\g'-1'$"
corpus	vm	vm	0	0	0	0	b"^(a|b)\\g'-1'$"
corpus	default	vm	0	0	0	0	b'^(?<w>a|b)(?&w)$'
corpus	vm	vm	0	0	0	0	b'^(?<w>a|b)(?&w)$'
corpus	default	vm	0	0	0	0	b'^(?<w>a|b)(?P>w)$'
corpus	vm	vm	0	0	0	0	b'^(?<w>a|b)(?P>w)$'
corpus	default	vm	0	0	0	0	b'^(?<w>a|b)\\g<w>$'
corpus	vm	vm	0	0	0	0	b'^(?<w>a|b)\\g<w>$'
corpus	default	vm	0	0	0	0	b"^(?<w>a|b)\\g'w'$"
corpus	vm	vm	0	0	0	0	b"^(?<w>a|b)\\g'w'$"
corpus	default	vm	0	0	0	0	b'^(?P<w>a|b)(?P>w)$'
corpus	vm	vm	0	0	0	0	b'^(?P<w>a|b)(?P>w)$'
corpus	default	vm	0	0	0	0	b"^(?'w'a|b)(?&w)$"
corpus	vm	vm	0	0	0	0	b"^(?'w'a|b)(?&w)$"
corpus	default	vm	0	0	0	0	b'^(a|b)\\1$'
corpus	vm	vm	0	0	0	0	b'^(a|b)\\1$'
corpus	default	vm	0	0	0	0	b'^(a|b)\\g1$'
corpus	vm	vm	0	0	0	0	b'^(a|b)\\g1$'
corpus	default	vm	0	0	0	0	b'^(?<w>a|b)\\k<w>$'
corpus	vm	vm	0	0	0	0	b'^(?<w>a|b)\\k<w>$'
corpus	default	vm	0	0	0	0	b'^(?P<w>a|b)(?P=w)$'
corpus	vm	vm	0	0	0	0	b'^(?P<w>a|b)(?P=w)$'
corpus	default	vm	0	0	0	0	b'^(?+1)(a|b)$'
corpus	vm	vm	0	0	0	0	b'^(?+1)(a|b)$'
corpus	default	vm	0	0	0	0	b'^\\2(a|b)(c)$'
corpus	vm	vm	0	0	0	0	b'^\\2(a|b)(c)$'
corpus	default	vm	0	0	0	0	b'^(?+1)(a)$'
corpus	vm	vm	0	0	0	0	b'^(?+1)(a)$'
corpus	default	vm	0	0	0	0	b'^(?+2)(a)(b)$'
corpus	vm	vm	0	0	0	0	b'^(?+2)(a)(b)$'
corpus	default	vm	0	0	0	0	b'^\\g<+1>(a)$'
corpus	vm	vm	0	0	0	0	b'^\\g<+1>(a)$'
corpus	default	vm	0	0	0	0	b'^(a)(b)(?-1)$'
corpus	vm	vm	0	0	0	0	b'^(a)(b)(?-1)$'
corpus	default	vm	0	0	0	0	b'^(a)(b)(?-2)$'
corpus	vm	vm	0	0	0	0	b'^(a)(b)(?-2)$'
corpus	default	vm	0	0	0	0	b'^(a)(?-01)$'
corpus	vm	vm	0	0	0	0	b'^(a)(?-01)$'
corpus	default	vm	0	0	0	0	b'^(a)(b)(?-01)$'
corpus	vm	vm	0	0	0	0	b'^(a)(b)(?-01)$'
corpus	default	vm	0	0	0	0	b'^(a)(b)\\g<-01>$'
corpus	vm	vm	0	0	0	0	b'^(a)(b)\\g<-01>$'
corpus	default	vm	0	0	0	0	b'^(a)(b)\\g<-02>$'
corpus	vm	vm	0	0	0	0	b'^(a)(b)\\g<-02>$'
corpus	default	vm	0	0	0	0	b"^(a)(b)\\g'-1'$"
corpus	vm	vm	0	0	0	0	b"^(a)(b)\\g'-1'$"
corpus	default	vm	0	0	0	0	b'^((a)(b))(?-1)$'
corpus	vm	vm	0	0	0	0	b'^((a)(b))(?-1)$'
corpus	default	vm	0	0	0	0	b'^((a)(b))(?-2)$'
corpus	vm	vm	0	0	0	0	b'^((a)(b))(?-2)$'
corpus	default	vm	0	0	0	0	b'^((a)(b))(?-3)$'
corpus	vm	vm	0	0	0	0	b'^((a)(b))(?-3)$'
corpus	default	vm	0	0	0	0	b'^(a)(b)(c)(d)(e)(f)(g)(h)(i)(j|k)(?10)$'
corpus	vm	vm	0	0	0	0	b'^(a)(b)(c)(d)(e)(f)(g)(h)(i)(j|k)(?10)$'
corpus	default	vm	0	0	0	0	b'^(a)(b)(c)(d)(e)(f)(g)(h)(i)(j|k)\\g<10>$'
corpus	vm	vm	0	0	0	0	b'^(a)(b)(c)(d)(e)(f)(g)(h)(i)(j|k)\\g<10>$'
corpus	default	vm	0	0	0	0	b"^(a)(b)(c)(d)(e)(f)(g)(h)(i)(j|k)\\g'10'$"
corpus	vm	vm	0	0	0	0	b"^(a)(b)(c)(d)(e)(f)(g)(h)(i)(j|k)\\g'10'$"
corpus	default	vm	0	0	0	0	b'^(a)(b)(c)(d)(e)(f)(g)(h)(i)(j|k)(?-10)$'
corpus	vm	vm	0	0	0	0	b'^(a)(b)(c)(d)(e)(f)(g)(h)(i)(j|k)(?-10)$'
corpus	default	vm	0	0	0	0	b'^(a)(b)(c)(d)(e)(f)(g)(h)(i)(j|k)(?-1)$'
corpus	vm	vm	0	0	0	0	b'^(a)(b)(c)(d)(e)(f)(g)(h)(i)(j|k)(?-1)$'
corpus	default	vm	0	0	0	0	b'^(?+10)(a)(b)(c)(d)(e)(f)(g)(h)(i)(j|k)$'
corpus	vm	vm	0	0	0	0	b'^(?+10)(a)(b)(c)(d)(e)(f)(g)(h)(i)(j|k)$'
corpus	default	vm	0	0	0	0	b'^ab(?<=(ab))(?1)$'
corpus	vm	vm	0	0	0	0	b'^ab(?<=(ab))(?1)$'
corpus	default	vm	0	0	0	0	b'^(?!(z|zy))x(?1)c$'
corpus	vm	vm	0	0	0	0	b'^(?!(z|zy))x(?1)c$'
corpus	default	vm	0	0	0	0	b'^(?>(a|ab))z(?1)c$'
corpus	vm	vm	0	0	0	0	b'^(?>(a|ab))z(?1)c$'
corpus	default	vm	0	0	0	0	b'^(?>(a|ab))z(?:a|ab)c$'
corpus	vm	vm	0	0	0	0	b'^(?>(a|ab))z(?:a|ab)c$'
corpus	default	vm	0	0	0	0	b'^(?:((?>a|ab))){0}(?1)z$'
corpus	vm	vm	0	0	0	0	b'^(?:((?>a|ab))){0}(?1)z$'
corpus	default	vm	0	0	0	0	b'^(?=(a|ab))..(?1)$'
corpus	vm	vm	0	0	0	0	b'^(?=(a|ab))..(?1)$'
corpus	default	vm	0	0	0	0	b'^((?=(b))|a)+(?2)$'
corpus	vm	vm	0	0	0	0	b'^((?=(b))|a)+(?2)$'
corpus	default	vm	0	0	0	0	b'^(?<!(xy))ab(?1)$'
corpus	vm	vm	0	0	0	0	b'^(?<!(xy))ab(?1)$'
corpus	default	vm	0	0	0	0	b'^(?(DEFINE)(?<g>ab))(?=(?&g))(?&g)$'
corpus	vm	vm	0	0	0	0	b'^(?(DEFINE)(?<g>ab))(?=(?&g))(?&g)$'
corpus	default	dfa	0	0	0	0	b'(?(DEFINE)(?<w>[a-z]+))^(?&w)-(?&w)$'
corpus	vm	vm	0	0	0	0	b'(?(DEFINE)(?<w>[a-z]+))^(?&w)-(?&w)$'
corpus	default	dfa	0	0	0	0	b'(?(DEFINE)([a-z]+))^(?1)-(?1)$'
corpus	vm	vm	0	0	0	0	b'(?(DEFINE)([a-z]+))^(?1)-(?1)$'
corpus	default	dfa	0	0	0	0	b'^(?(DEFINE)(?<w>x))a$'
corpus	vm	vm	0	0	0	0	b'^(?(DEFINE)(?<w>x))a$'
corpus	default	dfa	0	0	0	0	b'(?(DEFINE)(?<a>x)(?<b>y))^(?&a)(?&b)$'
corpus	vm	vm	0	0	0	0	b'(?(DEFINE)(?<a>x)(?<b>y))^(?&a)(?&b)$'
corpus	default	vm	0	0	0	0	b'(?(DEFINE)(?<p>a(?&p)?b))^(?&p)$'
corpus	vm	vm	0	0	0	0	b'(?(DEFINE)(?<p>a(?&p)?b))^(?&p)$'
corpus	default	dfa	0	0	0	0	b'^(?&w)$(?(DEFINE)(?<w>[a-z]+))'
corpus	vm	vm	0	0	0	0	b'^(?&w)$(?(DEFINE)(?<w>[a-z]+))'
corpus	default	dfa	0	0	0	0	b'(?(DEFINE)(?<w>a|b))^(?&w)$'
corpus	vm	vm	0	0	0	0	b'(?(DEFINE)(?<w>a|b))^(?&w)$'
corpus	default	dfa	0	0	0	0	b'(?(DEFINE))^x$'
corpus	vm	vm	0	0	0	0	b'(?(DEFINE))^x$'
corpus	default	dfa	0	0	0	0	b'(?(DEFINE)abc)^x$'
corpus	vm	vm	0	0	0	0	b'(?(DEFINE)abc)^x$'
corpus	default	dfa	0	0	0	0	b'(?(DEFINE)(?<w>a))*^x$'
corpus	vm	vm	0	0	0	0	b'(?(DEFINE)(?<w>a))*^x$'
corpus	default	dfa	0	0	0	0	b'(?i)(?(DEFINE)(?<w>a))^(?&w)$'
corpus	vm	vm	1	1	1	1	b'(?i)(?(DEFINE)(?<w>a))^(?&w)$'
corpus	default	dfa	0	0	0	0	b'(?(DEFINE)(?<w>a))(?(DEFINE)(?<v>b))^(?&w)(?&v)$'
corpus	vm	vm	0	0	0	0	b'(?(DEFINE)(?<w>a))(?(DEFINE)(?<v>b))^(?&w)(?&v)$'
corpus	default	vm	0	0	0	0	b'^(?J)(?<a>x?)(?<a>y)(?&a)$'
corpus	vm	vm	0	0	0	0	b'^(?J)(?<a>x?)(?<a>y)(?&a)$'
corpus	default	vm	0	0	0	0	b'(a|aa)+b'
corpus	vm	vm	0	0	0	0	b'(a|aa)+b'
corpus	default	vm	0	0	0	0	b'(a)(?1)'
corpus	vm	vm	0	0	0	0	b'(a)(?1)'
corpus	default	vm	0	0	0	0	b'(?&n)(?<n>a)'
corpus	vm	vm	0	0	0	0	b'(?&n)(?<n>a)'
corpus	default	vm	0	0	0	0	b'^(?<n>a|b)(?&n)$'
corpus	vm	vm	0	0	0	0	b'^(?<n>a|b)(?&n)$'
corpus	default	vm	0	0	0	0	b'^(?:(?<g>ab)){0}ab(?<=(?&g))$'
corpus	vm	vm	0	0	0	0	b'^(?:(?<g>ab)){0}ab(?<=(?&g))$'
corpus	default	vm	0	0	0	0	b'^(?:(?<g>ab)){0}zab(?<=z(?&g))$'
corpus	vm	vm	0	0	0	0	b'^(?:(?<g>ab)){0}zab(?<=z(?&g))$'
corpus	default	vm	0	0	0	0	b'^(?:(?<h>cd)){0}(?:(?<g>(?&h)e)){0}cde(?<=(?&g))$'
corpus	vm	vm	0	0	0	0	b'^(?:(?<h>cd)){0}(?:(?<g>(?&h)e)){0}cde(?<=(?&g))$'
corpus	default	vm	0	0	0	0	b'^(?:(?<g>a)){0}(?:(?<h>bc)){0}xbc(?<=(?&g)|(?&h))$'
corpus	vm	vm	0	0	0	0	b'^(?:(?<g>a)){0}(?:(?<h>bc)){0}xbc(?<=(?&g)|(?&h))$'
corpus	default	vm	0	0	0	0	b'^(?:(?<g>a)){0}(?:(?<h>bc)){0}xa(?<=(?&g)|(?&h))$'
corpus	vm	vm	0	0	0	0	b'^(?:(?<g>a)){0}(?:(?<h>bc)){0}xa(?<=(?&g)|(?&h))$'
corpus	default	vm	0	0	0	0	b'^(?:(?<g>ab)){0}ac(?<!(?&g))$'
corpus	vm	vm	0	0	0	0	b'^(?:(?<g>ab)){0}ac(?<!(?&g))$'
corpus	default	vm	0	0	0	0	b'^(?:(?<h>bc)){0}xbc(?<=a|b|(?&h))$'
corpus	vm	vm	0	0	0	0	b'^(?:(?<h>bc)){0}xbc(?<=a|b|(?&h))$'
corpus	default	vm	0	0	0	0	b'^(?:(?<h>bc)){0}xa(?<=a|b|(?&h))$'
corpus	vm	vm	0	0	0	0	b'^(?:(?<h>bc)){0}xa(?<=a|b|(?&h))$'
corpus	default	vm	0	0	0	0	b'^(?:(?<h>bc)){0}xz(?<=a|b|(?&h))$'
corpus	vm	vm	0	0	0	0	b'^(?:(?<h>bc)){0}xz(?<=a|b|(?&h))$'
corpus	default	vm	0	0	0	0	b'^(?:(?<g>a)){0}(?:(?<h>aa)){0}aa(?<=((?&g))|((?&h)))$'
corpus	vm	vm	0	0	0	0	b'^(?:(?<g>a)){0}(?:(?<h>aa)){0}aa(?<=((?&g))|((?&h)))$'
corpus	default	vm	0	0	0	0	b'^(?:(?<h>aa)){0}(?:(?<g>a)){0}aa(?<=((?&h))|((?&g)))$'
corpus	vm	vm	0	0	0	0	b'^(?:(?<h>aa)){0}(?:(?<g>a)){0}aa(?<=((?&h))|((?&g)))$'
corpus	default	vm	0	0	0	0	b'^(?:(?<g>b)){0}ab(?<=a(?=(?&g))b)$'
corpus	vm	vm	0	0	0	0	b'^(?:(?<g>b)){0}ab(?<=a(?=(?&g))b)$'
corpus	default	vm	0	0	0	0	b'^(?:(?<g>ab)){0}(?=(?&g))ab$'
corpus	vm	vm	0	0	0	0	b'^(?:(?<g>ab)){0}(?=(?&g))ab$'
corpus	default	vm	0	0	0	0	b'^(?:(?<g>ab)){0}(?!(?&g))ac$'
corpus	vm	vm	0	0	0	0	b'^(?:(?<g>ab)){0}(?!(?&g))ac$'
corpus	default	vm	0	0	0	0	b'^(?:(?<g>ab)){0}(?>(?&g))$'
corpus	vm	vm	0	0	0	0	b'^(?:(?<g>ab)){0}(?>(?&g))$'
corpus	default	vm	0	0	0	0	b'(a|(?1))*?b'
corpus	vm	vm	0	0	0	0	b'(a|(?1))*?b'
corpus	default	vm	0	0	0	0	b'(a|(?1))+?b'
corpus	vm	vm	0	0	0	0	b'(a|(?1))+?b'
corpus	default	vm	0	0	0	0	b'(a|(?1)){2,}?c'
corpus	vm	vm	0	0	0	0	b'(a|(?1)){2,}?c'
corpus	default	vm	0	0	0	0	b'(a|(?1)(?1))*?b'
corpus	vm	vm	0	0	0	0	b'(a|(?1)(?1))*?b'
corpus	default	vm	0	0	0	0	b'(?(DEFINE)(?<g>a|(?&g)))x(?&g)*?y'
corpus	vm	vm	0	0	0	0	b'(?(DEFINE)(?<g>a|(?&g)))x(?&g)*?y'
corpus	default	vm	0	0	0	0	b'(?(DEFINE)(?<g>a|(?&h))(?<h>(?&g)))x(?&g)*?y'
corpus	vm	vm	0	0	0	0	b'(?(DEFINE)(?<g>a|(?&h))(?<h>(?&g)))x(?&g)*?y'
corpus	default	vm	0	0	0	0	b'^(a|(?1))$'
corpus	vm	vm	0	0	0	0	b'^(a|(?1))$'
corpus	default	dfa	0	0	0	0	b'(?(DEFINE)(?<g>a?))(?&g)*'
corpus	vm	vm	0	0	0	0	b'(?(DEFINE)(?<g>a?))(?&g)*'
corpus	default	dfa	0	0	0	0	b'(?(DEFINE)(?<g>(?&h)|a)(?<h>b?))(?&g)*'
corpus	vm	vm	0	0	0	0	b'(?(DEFINE)(?<g>(?&h)|a)(?<h>b?))(?&g)*'
corpus	default	vm	0	0	0	0	b'(a(?1)?)*'
corpus	vm	vm	0	0	0	0	b'(a(?1)?)*'
corpus	default	vm	0	0	0	0	b'(a|b(?1))*'
corpus	vm	vm	0	0	0	0	b'(a|b(?1))*'
corpus	default	vm	0	0	0	0	b'(a)?(?1)'
corpus	vm	vm	0	0	0	0	b'(a)?(?1)'
corpus	default	vm	0	0	0	0	b'(?:(a)|)(?1)'
corpus	vm	vm	0	0	0	0	b'(?:(a)|)(?1)'
corpus	default	dfa	0	0	0	0	b'(?(DEFINE)(?<g>a))(?&g)'
corpus	vm	vm	0	0	0	0	b'(?(DEFINE)(?<g>a))(?&g)'
corpus	default	vm	0	0	0	0	b'^(?:(?<g>a\\Kb)){0}(?&g)$'
corpus	vm	vm	0	0	0	0	b'^(?:(?<g>a\\Kb)){0}(?&g)$'
corpus	default	vm	0	0	0	0	b'(?=(?1))(a\\Kb)'
corpus	vm	vm	0	0	0	0	b'(?=(?1))(a\\Kb)'
corpus	default	vm	0	0	0	0	b'(?=(?1))(a\\Kb)c'
corpus	vm	vm	0	0	0	0	b'(?=(?1))(a\\Kb)c'
corpus	default	vm	0	0	0	0	b'x(?=(?1))(a\\Kb)'
corpus	vm	vm	0	0	0	0	b'x(?=(?1))(a\\Kb)'
corpus	default	vm	0	0	0	0	b'(?!(?1))(a\\Kb)c'
corpus	vm	vm	0	0	0	0	b'(?!(?1))(a\\Kb)c'
corpus	default	vm	0	0	0	0	b'^(?:((?:a)\\Kb)){0}(?=(?1))ab$'
corpus	vm	vm	0	0	0	0	b'^(?:((?:a)\\Kb)){0}(?=(?1))ab$'
corpus	default	vm	0	0	0	0	b'^((?1)a)$'
corpus	vm	vm	0	0	0	0	b'^((?1)a)$'
corpus	default	vm	0	0	0	0	b'^(?:(?<p>(?&q)a)){0}(?:(?<q>(?&p)b)){0}(?&p)$'
corpus	vm	vm	0	0	0	0	b'^(?:(?<p>(?&q)a)){0}(?:(?<q>(?&p)b)){0}(?&p)$'
corpus	default	vm	0	0	0	0	b'^(a?(?1)b)$'
corpus	vm	vm	0	0	0	0	b'^(a?(?1)b)$'
corpus	default	vm	0	0	0	0	b'^(?:(?<g>(?&h)b)){0}(?:(?<h>x|(?&g))){0}(?&g)$'
corpus	vm	vm	0	0	0	0	b'^(?:(?<g>(?&h)b)){0}(?:(?<h>x|(?&g))){0}(?&g)$'
corpus	default	vm	0	0	0	0	b'^(?:(?<g>a(?&g)b)){0}(?&g)$'
corpus	vm	vm	0	0	0	0	b'^(?:(?<g>a(?&g)b)){0}(?&g)$'
corpus	default	vm	0	0	0	0	b'^(a)(?1)?$'
corpus	vm	vm	0	0	0	0	b'^(a)(?1)?$'
corpus	default	vm	0	0	0	0	b'^(a(?3)?)(b)((c)?)$'
corpus	vm	vm	0	0	0	0	b'^(a(?3)?)(b)((c)?)$'
corpus	default	dfa	0	0	0	0	b'(?:(x)){0}a(?1)b'
corpus	vm	vm	0	0	0	0	b'(?:(x)){0}a(?1)b'
corpus	default	dfa	0	0	0	0	b'(?:(x)){0}a\\g<1>b'
corpus	vm	vm	0	0	0	0	b'(?:(x)){0}a\\g<1>b'
corpus	default	dfa	0	0	0	0	b'(?:(?<w>x)){0}a(?&w)b'
corpus	vm	vm	0	0	0	0	b'(?:(?<w>x)){0}a(?&w)b'
corpus	default	vm	0	0	0	0	b'(cat)xcat'
corpus	vm	vm	0	0	0	0	b'(cat)xcat'
corpus	default	vm	0	0	0	0	b'(cat)x(?1)'
corpus	vm	vm	0	0	0	0	b'(cat)x(?1)'
corpus	default	vm	0	0	0	0	b'^(a?)(?1)+a$'
corpus	vm	vm	0	0	0	0	b'^(a?)(?1)+a$'
corpus	default	vm	0	0	0	0	b'^(a?)(?1){2}a$'
corpus	vm	vm	0	0	0	0	b'^(a?)(?1){2}a$'
corpus	default	vm	0	0	0	0	b'^(?:(?<g>a?)){0}(?&g)*+$'
corpus	vm	vm	0	0	0	0	b'^(?:(?<g>a?)){0}(?&g)*+$'
corpus	default	dfa	0	0	0	0	b'^(?:(?<g>a?)){0}(?&g)*$'
corpus	vm	vm	0	0	0	0	b'^(?:(?<g>a?)){0}(?&g)*$'
corpus	default	vm	0	0	0	0	b'^(a)(?1){2}b$'
corpus	vm	vm	0	0	0	0	b'^(a)(?1){2}b$'
corpus	default	vm	0	0	0	0	b'^(a)(?1)+b$'
corpus	vm	vm	0	0	0	0	b'^(a)(?1)+b$'
corpus	default	vm	0	0	0	0	b'^(a)(?1)*b$'
corpus	vm	vm	0	0	0	0	b'^(a)(?1)*b$'
corpus	default	vm	0	0	0	0	b'^(a)(?1){1,3}b$'
corpus	vm	vm	0	0	0	0	b'^(a)(?1){1,3}b$'
corpus	default	vm	0	0	0	0	b'^(a)(?-1){2}b$'
corpus	vm	vm	0	0	0	0	b'^(a)(?-1){2}b$'
corpus	default	vm	0	0	0	0	b'^(?<g>a)(?&g){2}b$'
corpus	vm	vm	0	0	0	0	b'^(?<g>a)(?&g){2}b$'
corpus	default	vm	0	0	0	0	b'^(?<g>a)(?P>g){2}b$'
corpus	vm	vm	0	0	0	0	b'^(?<g>a)(?P>g){2}b$'
corpus	default	vm	0	0	0	0	b'^(a)\\g<1>{2}b$'
corpus	vm	vm	0	0	0	0	b'^(a)\\g<1>{2}b$'
corpus	default	vm	0	0	0	0	b"^(a)\\g'1'{2}b$"
corpus	vm	vm	0	0	0	0	b"^(a)\\g'1'{2}b$"
corpus	default	vm	0	0	0	0	b'^(?<g>a)\\g<g>{2}b$'
corpus	vm	vm	0	0	0	0	b'^(?<g>a)\\g<g>{2}b$'
corpus	default	vm	0	0	0	0	b"^(?<g>a)\\g'g'{2}b$"
corpus	vm	vm	0	0	0	0	b"^(?<g>a)\\g'g'{2}b$"
corpus	default	dfa	0	0	0	0	b"(?(DEFINE)(?<atom>[a-z0-9!#$%&'*+/=?^_`{|}~-]+)(?<qchar>[\\x01-\\x08\\x0b\\x0c\\x0e-\\x1f\\x21\\x23-\\x5b\\x5d-\\x7f]|\\\\[\\x01-\\x09\\x0b\\x0c\\x0e-\\x7f])(?<label>[a-z0-9](?:[a"
corpus	vm	vm	0	0	0	0	b"(?(DEFINE)(?<atom>[a-z0-9!#$%&'*+/=?^_`{|}~-]+)(?<qchar>[\\x01-\\x08\\x0b\\x0c\\x0e-\\x1f\\x21\\x23-\\x5b\\x5d-\\x7f]|\\\\[\\x01-\\x09\\x0b\\x0c\\x0e-\\x7f])(?<label>[a-z0-9](?:[a"
corpus	default	vm	0	0	0	0	b'^((?:a|b))(?1)$'
corpus	vm	vm	0	0	0	0	b'^((?:a|b))(?1)$'
corpus	default	vm	0	0	0	0	b'^((?:foo|fob))(?1)x$'
corpus	vm	vm	0	0	0	0	b'^((?:foo|fob))(?1)x$'
corpus	default	vm	0	0	0	0	b'^((?>a)b)(?1)$'
corpus	vm	vm	0	0	0	0	b'^((?>a)b)(?1)$'
corpus	default	vm	0	0	0	0	b'^((?>a|ab))z(?1)c$'
corpus	vm	vm	0	0	0	0	b'^((?>a|ab))z(?1)c$'
corpus	default	vm	0	0	0	0	b'^(a)(b)(c)(?-3)$'
corpus	vm	vm	0	0	0	0	b'^(a)(b)(c)(?-3)$'
corpus	default	vm	0	0	0	0	b'^(a)(b)(c)(d)(?-4)$'
corpus	vm	vm	0	0	0	0	b'^(a)(b)(c)(d)(?-4)$'
corpus	default	vm	0	0	0	0	b'^(?+3)(a)(b)(c)$'
corpus	vm	vm	0	0	0	0	b'^(?+3)(a)(b)(c)$'
corpus	default	vm	0	0	0	0	b'^(?+4)(a)(b)(c)(d)$'
corpus	vm	vm	0	0	0	0	b'^(?+4)(a)(b)(c)(d)$'
corpus	default	vm	0	0	0	0	b'^(a)(b)\\g<-1>$'
corpus	vm	vm	0	0	0	0	b'^(a)(b)\\g<-1>$'
corpus	default	vm	0	0	0	0	b'^(a(?1)?b)\\1$'
corpus	vm	vm	0	0	0	0	b'^(a(?1)?b)\\1$'
corpus	default	vm	0	0	0	0	b'^((?>a(?1)?))a$'
corpus	vm	vm	0	0	0	0	b'^((?>a(?1)?))a$'
corpus	default	vm	0	0	0	0	b'^((?:a(?1)?))a$'
corpus	vm	vm	0	0	0	0	b'^((?:a(?1)?))a$'
corpus	default	vm	0	0	0	0	b'^(?:(?<g>(?:a?)*b(?&g)?)){0}(?&g)$'
corpus	vm	vm	0	0	0	0	b'^(?:(?<g>(?:a?)*b(?&g)?)){0}(?&g)$'
corpus	default	vm	0	0	0	0	b'^(?:(?<g>a{1,3}b(?&g)?)){0}(?&g)$'
corpus	vm	vm	0	0	0	0	b'^(?:(?<g>a{1,3}b(?&g)?)){0}(?&g)$'
corpus	default	vm	0	0	0	0	b'^(?:(?<g>(?=a)a(?&g)?b)){0}(?&g)$'
corpus	vm	vm	0	0	0	0	b'^(?:(?<g>(?=a)a(?&g)?b)){0}(?&g)$'
corpus	default	vm	0	0	0	0	b'(a|b)(?-1)'
corpus	vm	vm	0	0	0	0	b'(a|b)(?-1)'
corpus	default	vm	0	0	0	0	b'(?<g>a|b)(?&g)'
corpus	vm	vm	0	0	0	0	b'(?<g>a|b)(?&g)'
corpus	default	vm	0	0	0	0	b'(?<g>a|b)(?P>g)'
corpus	vm	vm	0	0	0	0	b'(?<g>a|b)(?P>g)'
corpus	default	vm	0	0	0	0	b'(?<g>a|b)\\g<g>'
corpus	vm	vm	0	0	0	0	b'(?<g>a|b)\\g<g>'
corpus	default	vm	0	0	0	0	b"(?<g>a|b)\\g'g'"
corpus	vm	vm	0	0	0	0	b"(?<g>a|b)\\g'g'"
corpus	default	vm	0	0	0	0	b'^(?:(?<g>a|ab)){1}(?&g)c$'
corpus	vm	vm	0	0	0	0	b'^(?:(?<g>a|ab)){1}(?&g)c$'
corpus	default	vm	0	0	0	0	b'^(x)?(?:(?<h>a(?2)?b)){0}(?2)$'
corpus	vm	vm	0	0	0	0	b'^(x)?(?:(?<h>a(?2)?b)){0}(?2)$'
corpus	default	vm	0	0	0	0	b'^(x)?(?(DEFINE)(?<h>a(?2)?b))(?2)$'
corpus	vm	vm	0	0	0	0	b'^(x)?(?(DEFINE)(?<h>a(?2)?b))(?2)$'
corpus	default	vm	0	0	0	0	b'^(x)?(?:(?<h>a(?2)?b)){1}(?2)$'
corpus	vm	vm	0	0	0	0	b'^(x)?(?:(?<h>a(?2)?b)){1}(?2)$'
corpus	default	vm	0	0	0	0	b'^(?(DEFINE)((?>a|ab)))(?1)z$'
corpus	vm	vm	0	0	0	0	b'^(?(DEFINE)((?>a|ab)))(?1)z$'
corpus	default	vm	0	0	0	0	b'^(?:((?>a|ab))){1}(?1)z$'
corpus	vm	vm	0	0	0	0	b'^(?:((?>a|ab))){1}(?1)z$'
corpus	default	dfa	0	0	0	0	b'^(?:(a?)){0}(?1)*b$'
corpus	vm	vm	0	0	0	0	b'^(?:(a?)){0}(?1)*b$'
corpus	default	dfa	0	0	0	0	b'^(?(DEFINE)(a?))(?1)*b$'
corpus	vm	vm	0	0	0	0	b'^(?(DEFINE)(a?))(?1)*b$'
corpus	default	vm	0	0	0	0	b'^(?:(a?)){1}(?1)*b$'
corpus	vm	vm	0	0	0	0	b'^(?:(a?)){1}(?1)*b$'
corpus	default	vm	0	0	0	0	b'((H)|I){3}J'
corpus	vm	vm	0	0	0	0	b'((H)|I){3}J'
corpus	default	vm	0	0	0	0	b'((H)|b){0,4}c'
corpus	vm	vm	0	0	0	0	b'((H)|b){0,4}c'
corpus	default	vm	0	0	0	0	b'((I)|J){2}K'
corpus	vm	vm	0	0	0	0	b'((I)|J){2}K'
corpus	default	vm	0	0	0	0	b'((\\x80)|\\x81){3}\\x82'
corpus	vm	vm	0	0	0	0	b'((\\x80)|\\x81){3}\\x82'
corpus	default	vm	0	0	0	0	b'((\\x80)|b){0,4}c'
corpus	vm	vm	0	0	0	0	b'((\\x80)|b){0,4}c'
corpus	default	vm	0	0	0	0	b'(([\\x80-\\x8f])|b){0,4}c'
corpus	vm	vm	0	0	0	0	b'(([\\x80-\\x8f])|b){0,4}c'
corpus	default	vm	0	0	0	0	b'((\\xb0)|\\xb1){2}\\xb2'
corpus	vm	vm	0	0	0	0	b'((\\xb0)|\\xb1){2}\\xb2'
corpus	default	vm	0	0	0	0	b'((a)|b){0,4}c'
corpus	vm	vm	0	0	0	0	b'((a)|b){0,4}c'
corpus	default	vm	0	0	0	0	b'((a)|b){0,4}a'
corpus	vm	vm	0	0	0	0	b'((a)|b){0,4}a'
corpus	default	vm	0	0	0	0	b'((a)|b){0,4}?a'
corpus	vm	vm	0	0	0	0	b'((a)|b){0,4}?a'
corpus	default	vm	0	0	0	0	b'((a)|b){1,3}?c'
corpus	vm	vm	0	0	0	0	b'((a)|b){1,3}?c'
corpus	default	vm	0	0	0	0	b'((a)|b){2,4}c'
corpus	vm	vm	0	0	0	0	b'((a)|b){2,4}c'
corpus	default	vm	0	0	0	0	b'((a)|b){3}c'
corpus	vm	vm	0	0	0	0	b'((a)|b){3}c'
corpus	default	vm	0	0	0	0	b'((a)|b)*c'
corpus	vm	vm	0	0	0	0	b'((a)|b)*c'
corpus	default	vm	0	0	0	0	b'((a)|b)+a'
corpus	vm	vm	0	0	0	0	b'((a)|b)+a'
corpus	default	vm	0	0	0	0	b'((x)y|z){0,4}w'
corpus	vm	vm	0	0	0	0	b'((x)y|z){0,4}w'
corpus	default	vm	0	0	0	0	b'(?:(p)q|(r)){0,4}d'
corpus	vm	vm	0	0	0	0	b'(?:(p)q|(r)){0,4}d'
corpus	default	vm	0	0	0	0	b'c(?:(p)q|(r)){0,4}d'
corpus	vm	vm	0	0	0	0	b'c(?:(p)q|(r)){0,4}d'
corpus	default	vm	0	0	0	0	b'(x)(?:ab|b){0,4}c'
corpus	vm	vm	0	0	0	0	b'(x)(?:ab|b){0,4}c'
corpus	default	vm	0	0	0	0	b'(x)(a|ab){0,4}c'
corpus	vm	vm	0	0	0	0	b'(x)(a|ab){0,4}c'
corpus	default	vm	0	0	0	0	b'(x)(?:ab?){0,4}b'
corpus	vm	vm	0	0	0	0	b'(x)(?:ab?){0,4}b'
corpus	default	vm	0	0	0	0	b'(x)(?:a|){0,4}c'
corpus	vm	vm	0	0	0	0	b'(x)(?:a|){0,4}c'
corpus	default	vm	0	0	0	0	b'(x)(?:((a)|b){0,2}c){0,3}d'
corpus	vm	vm	0	0	0	0	b'(x)(?:((a)|b){0,2}c){0,3}d'
corpus	default	vm	0	0	0	0	b'a*((a)|b){0,3}c(?:ab|b){0,3}d'
corpus	vm	vm	0	0	0	0	b'a*((a)|b){0,3}c(?:ab|b){0,3}d'
corpus	default	vm	0	0	0	0	b'((a)|b){0,3}c(?:(p)q|(r)){0,3}d'
corpus	vm	vm	0	0	0	0	b'((a)|b){0,3}c(?:(p)q|(r)){0,3}d'
corpus	default	vm	0	0	0	0	b'(((a)|b){0,4})c'
corpus	vm	vm	0	0	0	0	b'(((a)|b){0,4})c'
corpus	default	vm	0	0	0	0	b'(?:x((a)|b){2}y){0,3}z'
corpus	vm	vm	0	0	0	0	b'(?:x((a)|b){2}y){0,3}z'
corpus	default	vm	0	0	0	0	b'(?:x((a)|b){2}y){0,3}?z'
corpus	vm	vm	0	0	0	0	b'(?:x((a)|b){2}y){0,3}?z'
corpus	default	vm	0	0	0	0	b'(?:(x)(?:y|z)){0,3}w'
corpus	vm	vm	0	0	0	0	b'(?:(x)(?:y|z)){0,3}w'
corpus	default	vm	0	0	0	0	b'((a)|b){0,1}c'
corpus	vm	vm	0	0	0	0	b'((a)|b){0,1}c'
corpus	default	vm	0	0	0	0	b'((a)|b){1}c'
corpus	vm	vm	0	0	0	0	b'((a)|b){1}c'
corpus	default	vm	0	0	0	0	b'(x)(a?){0,4}b'
corpus	vm	vm	0	0	0	0	b'(x)(a?){0,4}b'
corpus	default	vm	0	0	0	0	b'(x)(a?)*b'
corpus	vm	vm	0	0	0	0	b'(x)(a?)*b'
corpus	default	vm	0	0	0	0	b'(|a){0,3}b'
corpus	vm	vm	0	0	0	0	b'(|a){0,3}b'
corpus	default	vm	0	0	0	0	b'(x)(|a){2,4}b'
corpus	vm	vm	0	0	0	0	b'(x)(|a){2,4}b'
corpus	default	vm	0	0	0	0	b'(?:(a)|b|c){0,4}d'
corpus	vm	vm	0	0	0	0	b'(?:(a)|b|c){0,4}d'
corpus	vm	vm	0	0	0	0	b'(?:(?:(?:(?:(?:(?:a|b){41}){41}){41}){41}){41}){41}'
corpus	default	dfa	0	0	0	0	b'(*UCP)\\w'
corpus	vm	vm	0	0	0	0	b'(*UCP)\\w'
corpus	default	dfa	0	0	0	0	b'(*UCP)\\W'
corpus	vm	vm	0	0	0	0	b'(*UCP)\\W'
corpus	default	dfa	0	0	0	0	b'(*UCP)\\d'
corpus	vm	vm	0	0	0	0	b'(*UCP)\\d'
corpus	default	dfa	0	0	0	0	b'(*UCP)\\s'
corpus	vm	vm	0	0	0	0	b'(*UCP)\\s'
corpus	default	dfa	0	0	0	0	b'(*UCP)[[:alpha:]]'
corpus	vm	vm	0	0	0	0	b'(*UCP)[[:alpha:]]'
corpus	default	dfa	0	0	0	0	b'(*UCP)[[:alnum:]]'
corpus	vm	vm	0	0	0	0	b'(*UCP)[[:alnum:]]'
corpus	default	dfa	0	0	0	0	b'(*UCP)[[:punct:]]'
corpus	vm	vm	0	0	0	0	b'(*UCP)[[:punct:]]'
corpus	default	dfa	0	0	0	0	b'(*UCP)[[:graph:]]'
corpus	vm	vm	0	0	0	0	b'(*UCP)[[:graph:]]'
corpus	default	dfa	0	0	0	0	b'(*UCP)[[:print:]]'
corpus	vm	vm	0	0	0	0	b'(*UCP)[[:print:]]'
corpus	default	dfa	0	0	0	0	b'(*UCP)[[:space:]]'
corpus	vm	vm	0	0	0	0	b'(*UCP)[[:space:]]'
corpus	default	dfa	0	0	0	0	b'(*UCP)[[:blank:]]'
corpus	vm	vm	0	0	0	0	b'(*UCP)[[:blank:]]'
corpus	default	dfa	0	0	0	0	b'(*UCP)[[:cntrl:]]'
corpus	vm	vm	0	0	0	0	b'(*UCP)[[:cntrl:]]'
corpus	default	dfa	0	0	0	0	b'(*UCP)[[:xdigit:]]'
corpus	vm	vm	0	0	0	0	b'(*UCP)[[:xdigit:]]'
corpus	default	dfa	0	0	0	0	b'(*UCP)[[:lower:]]'
corpus	vm	vm	0	0	0	0	b'(*UCP)[[:lower:]]'
corpus	default	dfa	0	0	0	0	b'(*UCP)[[:upper:]]'
corpus	vm	vm	0	0	0	0	b'(*UCP)[[:upper:]]'
corpus	default	dfa	0	0	0	0	b'(*UCP)[[:word:]]'
corpus	vm	vm	0	0	0	0	b'(*UCP)[[:word:]]'
corpus	default	dfa	0	0	0	0	b'(*UCP)(?i)[[:lower:]]'
corpus	vm	vm	0	0	0	0	b'(*UCP)(?i)[[:lower:]]'
corpus	default	dfa	0	0	0	0	b'(*UCP)(?i)[[:upper:]]'
corpus	vm	vm	0	0	0	0	b'(*UCP)(?i)[[:upper:]]'
corpus	default	dfa	0	0	0	0	b'(*UCP)(?i)[^[:lower:]]'
corpus	vm	vm	0	0	0	0	b'(*UCP)(?i)[^[:lower:]]'
corpus	default	dfa	0	0	0	0	b'(*UCP)(?i)[[:lower:]x]'
corpus	vm	vm	0	0	0	0	b'(*UCP)(?i)[[:lower:]x]'
corpus	default	dfa	0	0	0	0	b'(*UCP)(?i)\\xe9'
corpus	vm	vm	0	0	0	0	b'(*UCP)(?i)\\xe9'
corpus	default	dfa	0	0	0	0	b'(*UCP)(?i)[\\xe0-\\xe9]'
corpus	vm	vm	0	0	0	0	b'(*UCP)(?i)[\\xe0-\\xe9]'
corpus	default	dfa	0	0	0	0	b'(*UCP)(?i)\\xb5'
corpus	vm	vm	0	0	0	0	b'(*UCP)(?i)\\xb5'
corpus	default	dfa	0	0	0	0	b'(*UCP)(?i)\\xff'
corpus	vm	vm	0	0	0	0	b'(*UCP)(?i)\\xff'
corpus	default	dfa	0	0	0	0	b'(*UCP)(?i)\\xdf'
corpus	vm	vm	0	0	0	0	b'(*UCP)(?i)\\xdf'
corpus	default	dfa	0	0	0	0	b'(*UCP)(?i)k'
corpus	vm	vm	1	1	1	1	b'(*UCP)(?i)k'
corpus	default	dfa	0	0	0	0	b'(*UCP)(?i)(?aW)\\w'
corpus	vm	vm	0	0	0	0	b'(*UCP)(?i)(?aW)\\w'
corpus	default	dfa	0	0	0	0	b'(*UCP)(?i)(?aP)[[:lower:]]'
corpus	vm	vm	0	0	0	0	b'(*UCP)(?i)(?aP)[[:lower:]]'
corpus	default	dfa	0	0	0	0	b'(*UCP)(?aW)\\w'
corpus	vm	vm	0	0	0	0	b'(*UCP)(?aW)\\w'
corpus	default	dfa	0	0	0	0	b'(?i)\\xe9'
corpus	vm	vm	0	0	0	0	b'(?i)\\xe9'
corpus	default	dfa	0	0	0	0	b'\\w'
corpus	vm	vm	0	0	0	0	b'\\w'
corpus	default	dfa	0	0	0	0	b'(*UCP)(?i)(?aP)[[:upper:]]'
corpus	vm	vm	0	0	0	0	b'(*UCP)(?i)(?aP)[[:upper:]]'
corpus	default	dfa	0	0	0	0	b'(*UCP)(?i)(?aP)[[:alpha:]]'
corpus	vm	vm	0	0	0	0	b'(*UCP)(?i)(?aP)[[:alpha:]]'
corpus	default	dfa	0	0	0	0	b'(*UCP)(?i)[[:xdigit:]]'
corpus	vm	vm	0	0	0	0	b'(*UCP)(?i)[[:xdigit:]]'
corpus	default	dfa	0	0	0	0	b'(*UCP)(?i)[[:^xdigit:]]'
corpus	vm	vm	0	0	0	0	b'(*UCP)(?i)[[:^xdigit:]]'
corpus	default	dfa	0	0	0	0	b'(*UCP)(?i)\\d'
corpus	vm	vm	0	0	0	0	b'(*UCP)(?i)\\d'
corpus	default	dfa	0	0	0	0	b'(*UCP)(?i)[\\dk]'
corpus	vm	vm	0	0	0	0	b'(*UCP)(?i)[\\dk]'
corpus	default	dfa	0	0	0	0	b'(*UCP)(?i)[\\d\\x{e9}]'
corpus	vm	vm	0	0	0	0	b'(*UCP)(?i)[\\d\\x{e9}]'
corpus	default	dfa	0	0	0	0	b'(*UCP)(?i)(?aP)[[:lower:]k]'
corpus	vm	vm	0	0	0	0	b'(*UCP)(?i)(?aP)[[:lower:]k]'
corpus	default	dfa	0	0	0	0	b'(?i)(?aW)\\w'
corpus	vm	vm	0	0	0	0	b'(?i)(?aW)\\w'
corpus	default	dfa	0	0	0	0	b'(?<=\\$)\\d+(?:\\.\\d{2})?\\b'
corpus	vm	vm	0	0	0	0	b'(?<=\\$)\\d+(?:\\.\\d{2})?\\b'
corpus	default	dfa	0	0	0	0	b'(?<=[aeiou])x\\b'
corpus	vm	vm	0	0	0	0	b'(?<=[aeiou])x\\b'
corpus	default	dfa	0	0	0	0	b'(?<=[0-9a-f])x(?=[a-z_])'
corpus	vm	vm	0	0	0	0	b'(?<=[0-9a-f])x(?=[a-z_])'
corpus	default	dfa	0	0	0	0	b'\\b(?<![aeiou])\\w+(?=[aeiou])'
corpus	vm	vm	0	0	0	0	b'\\b(?<![aeiou])\\w+(?=[aeiou])'
corpus	default	dfa	0	0	0	0	b'(?<=a|b)x'
corpus	vm	vm	0	0	0	0	b'(?<=a|b)x'
corpus	default	dfa	0	0	0	0	b'(?<=[ab])x'
corpus	vm	vm	0	0	0	0	b'(?<=[ab])x'
corpus	default	dfa	0	0	0	0	b'(?=[ab])\\w+'
corpus	vm	vm	0	0	0	0	b'(?=[ab])\\w+'
corpus	default	dfa	0	0	0	0	b'(?<![a-c])\\d'
corpus	vm	vm	0	0	0	0	b'(?<![a-c])\\d'
corpus	default	dfa	0	0	0	0	b'x(?!y)'
corpus	vm	vm	0	0	0	0	b'x(?!y)'
corpus	default	dfa	0	0	0	0	b'(?<=\\d)(?=\\d)'
corpus	vm	vm	0	0	0	0	b'(?<=\\d)(?=\\d)'
corpus	default	dfa	0	0	0	0	b'(*nla:a)\\w'
corpus	vm	vm	0	0	0	0	b'(*nla:a)\\w'
corpus	default	dfa	0	0	0	0	b'(?=a)*b'
corpus	vm	vm	0	0	0	0	b'(?=a)*b'
corpus	default	dfa	0	0	0	0	b'(?<=a)+b'
corpus	vm	vm	0	0	0	0	b'(?<=a)+b'
corpus	default	dfa	0	0	0	0	b'(?=(?>a|b))\\w'
corpus	vm	vm	0	0	0	0	b'(?=(?>a|b))\\w'
corpus	default	dfa	0	0	0	0	b'(?<=(?:a))b'
corpus	vm	vm	0	0	0	0	b'(?<=(?:a))b'
corpus	default	dfa	0	0	0	0	b'(?i)(?<=a)b'
corpus	vm	vm	2	2	1	2	b'(?i)(?<=a)b'
corpus	default	dfa	0	0	0	0	b'(?=[^a])'
corpus	vm	vm	0	0	0	0	b'(?=[^a])'
corpus	default	vm	0	0	0	0	b'(?=a|bc)\\w'
corpus	vm	vm	0	0	0	0	b'(?=a|bc)\\w'
corpus	default	vm	0	0	0	0	b'(?=a?)b'
corpus	vm	vm	0	0	0	0	b'(?=a?)b'
corpus	default	vm	0	0	0	0	b'(?<=\\b)a'
corpus	vm	vm	0	0	0	0	b'(?<=\\b)a'
corpus	default	vm	0	0	0	0	b'(?<=(a))x'
corpus	vm	vm	0	0	0	0	b'(?<=(a))x'
corpus	default	dfa	0	0	0	0	b'b(?=a)'
corpus	vm	vm	0	0	0	0	b'b(?=a)'
corpus	default	dfa	0	0	0	0	b'b(?!a)'
corpus	vm	vm	0	0	0	0	b'b(?!a)'
corpus	default	dfa	0	0	0	0	b'\\b\\w'
corpus	vm	vm	0	0	0	0	b'\\b\\w'
corpus	default	dfa	0	0	0	0	b'(*UCP)\\b\\w+\\b'
corpus	vm	vm	0	0	0	0	b'(*UCP)\\b\\w+\\b'
corpus	default	dfa	0	0	0	0	b'(*UCP)x\\b'
corpus	vm	vm	0	0	0	0	b'(*UCP)x\\b'
corpus	default	dfa	0	0	0	0	b'(*UCP)x\\B'
corpus	vm	vm	0	0	0	0	b'(*UCP)x\\B'
corpus	default	dfa	0	0	0	0	b'(*UCP)(?aW)x\\b'
corpus	vm	vm	0	0	0	0	b'(*UCP)(?aW)x\\b'
corpus	default	dfa	0	0	0	0	b'(*UCP)(?<=\\w)x'
corpus	vm	vm	0	0	0	0	b'(*UCP)(?<=\\w)x'
corpus	default	dfa	0	0	0	0	b'x\\b'
corpus	vm	vm	0	0	0	0	b'x\\b'
corpus	default	dfa	0	0	0	0	b'(?m)^ERROR(?:(?=\\n)|\\z)'
corpus	vm	vm	0	0	0	0	b'(?m)^ERROR(?:(?=\\n)|\\z)'
corpus	default	vm	0	0	0	0	b'(?m)(?:\\A|(?<=\\n)(?!\\z))ERROR$'
corpus	vm	vm	0	0	0	0	b'(?m)(?:\\A|(?<=\\n)(?!\\z))ERROR$'
corpus	default	dfa	0	0	0	0	b'(?m)(?<=\\n)a|b$'
corpus	vm	vm	0	0	0	0	b'(?m)(?<=\\n)a|b$'
corpus	default	vm	0	0	0	0	b'x(?!a)(?!b)(?!c)(?!d)(?!e)(?!f)(?!g)(?!h)(?!i)(?!j)(?!k)(?!l)(?!m)(?!n)(?!o)(?!p)(?!q)'
corpus	vm	vm	0	0	0	0	b'x(?!a)(?!b)(?!c)(?!d)(?!e)(?!f)(?!g)(?!h)(?!i)(?!j)(?!k)(?!l)(?!m)(?!n)(?!o)(?!p)(?!q)'
corpus	default	dfa	0	0	0	0	b'x(?!a)(?!b)(?!c)(?!d)(?!e)(?!f)(?!g)(?!h)(?!i)(?!j)(?!k)(?!l)(?!m)(?!n)'
corpus	vm	vm	0	0	0	0	b'x(?!a)(?!b)(?!c)(?!d)(?!e)(?!f)(?!g)(?!h)(?!i)(?!j)(?!k)(?!l)(?!m)(?!n)'
corpus	default	dfa	0	0	0	0	b'(*UCP)(?aD)\\d'
corpus	vm	vm	0	0	0	0	b'(*UCP)(?aD)\\d'
corpus	default	dfa	0	0	0	0	b'(*UCP)(?a)\\d'
corpus	vm	vm	0	0	0	0	b'(*UCP)(?a)\\d'
corpus	default	dfa	0	0	0	0	b'(*UCP)(?a)(?-aD)\\d'
corpus	vm	vm	0	0	0	0	b'(*UCP)(?a)(?-aD)\\d'
corpus	default	dfa	0	0	0	0	b'(*UCP)(?a)(?-aD)\\s'
corpus	vm	vm	0	0	0	0	b'(*UCP)(?a)(?-aD)\\s'
corpus	default	dfa	0	0	0	0	b'(*UCP)(?-a)\\d'
corpus	vm	vm	0	0	0	0	b'(*UCP)(?-a)\\d'
corpus	default	dfa	0	0	0	0	b'(*UCP)(?aD-aD)\\d'
corpus	vm	vm	0	0	0	0	b'(*UCP)(?aD-aD)\\d'
corpus	default	dfa	0	0	0	0	b'(*UCP)(?aDaS)\\s'
corpus	vm	vm	0	0	0	0	b'(*UCP)(?aDaS)\\s'
corpus	default	dfa	0	0	0	0	b'(*UCP)(?aD:\\d)\\d'
corpus	vm	vm	0	0	0	0	b'(*UCP)(?aD:\\d)\\d'
corpus	default	dfa	0	0	0	0	b'(*UCP)(?aD)(?^)\\d'
corpus	vm	vm	0	0	0	0	b'(*UCP)(?aD)(?^)\\d'
corpus	default	dfa	0	0	0	0	b'(*UCP)(?aD)(?^i)\\d'
corpus	vm	vm	0	0	0	0	b'(*UCP)(?aD)(?^i)\\d'
corpus	default	dfa	0	0	0	0	b'(*UCP)(?aS)\\s'
corpus	vm	vm	0	0	0	0	b'(*UCP)(?aS)\\s'
corpus	default	dfa	0	0	0	0	b'(*UCP)(?aS)[[:space:]]'
corpus	vm	vm	0	0	0	0	b'(*UCP)(?aS)[[:space:]]'
corpus	default	dfa	0	0	0	0	b'(*UCP)(?aP)[[:space:]]'
corpus	vm	vm	0	0	0	0	b'(*UCP)(?aP)[[:space:]]'
corpus	default	dfa	0	0	0	0	b'(*UCP)(?aP)\\d'
corpus	vm	vm	0	0	0	0	b'(*UCP)(?aP)\\d'
corpus	default	dfa	0	0	0	0	b'(*UCP)(?aT)[[:digit:]]'
corpus	vm	vm	0	0	0	0	b'(*UCP)(?aT)[[:digit:]]'
corpus	default	dfa	0	0	0	0	b'(*UCP)(?aT)\\d'
corpus	vm	vm	0	0	0	0	b'(*UCP)(?aT)\\d'
corpus	default	dfa	0	0	0	0	b'(*UCP)(?aP-aT)[[:digit:]]'
corpus	vm	vm	0	0	0	0	b'(*UCP)(?aP-aT)[[:digit:]]'
corpus	default	dfa	0	0	0	0	b'(*UCP)(?aT)[[:xdigit:]]'
corpus	vm	vm	0	0	0	0	b'(*UCP)(?aT)[[:xdigit:]]'
corpus	default	dfa	0	0	0	0	b'(*UCP)(?aW)\\w+'
corpus	vm	vm	0	0	0	0	b'(*UCP)(?aW)\\w+'
corpus	default	dfa	0	0	0	0	b'(*UCP)(?aW)\\W'
corpus	vm	vm	0	0	0	0	b'(*UCP)(?aW)\\W'
corpus	default	dfa	0	0	0	0	b'(*UCP)(?aP)[[:word:]]'
corpus	vm	vm	0	0	0	0	b'(*UCP)(?aP)[[:word:]]'
corpus	default	dfa	0	0	0	0	b'(*UCP)(?aP)[[:alpha:]]+'
corpus	vm	vm	0	0	0	0	b'(*UCP)(?aP)[[:alpha:]]+'
corpus	default	dfa	0	0	0	0	b'(*UCP)(?aP)[[:^lower:]]'
corpus	vm	vm	0	0	0	0	b'(*UCP)(?aP)[[:^lower:]]'
corpus	default	dfa	0	0	0	0	b'(?aD)\\d'
corpus	vm	vm	0	0	0	0	b'(?aD)\\d'
corpus	default	dfa	0	0	0	0	b'(?a)\\s'
corpus	vm	vm	0	0	0	0	b'(?a)\\s'
corpus	default	dfa	0	0	0	0	b'(*UCP)(?aW:a\\b)'
corpus	vm	vm	0	0	0	0	b'(*UCP)(?aW:a\\b)'
corpus	default	dfa	0	0	0	0	b'(*UCP)(?aW)a\\b'
corpus	vm	vm	0	0	0	0	b'(*UCP)(?aW)a\\b'
corpus	default	dfa	0	0	0	0	b'(*UCP)(?aW)a\\B'
corpus	vm	vm	0	0	0	0	b'(*UCP)(?aW)a\\B'
corpus	default	dfa	0	0	0	0	b'(*UCP)\\W+'
corpus	vm	vm	0	0	0	0	b'(*UCP)\\W+'
corpus	default	dfa	0	0	0	0	b'(*UCP)[\\w-]'
corpus	vm	vm	0	0	0	0	b'(*UCP)[\\w-]'
corpus	default	dfa	0	0	0	0	b'(*UCP)[^\\W]'
corpus	vm	vm	0	0	0	0	b'(*UCP)[^\\W]'
corpus	default	dfa	0	0	0	0	b'(*UCP)[[:^alnum:]]'
corpus	vm	vm	0	0	0	0	b'(*UCP)[[:^alnum:]]'
corpus	default	dfa	0	0	0	0	b'(*UCP)[x[:word:]]'
corpus	vm	vm	0	0	0	0	b'(*UCP)[x[:word:]]'
corpus	default	dfa	0	0	0	0	b'(*UCP)(?aW)[[:word:]]'
corpus	vm	vm	0	0	0	0	b'(*UCP)(?aW)[[:word:]]'
corpus	default	dfa	0	0	0	0	b'(*UCP)(?aD)\\w'
corpus	vm	vm	0	0	0	0	b'(*UCP)(?aD)\\w'
corpus	default	dfa	0	0	0	0	b'\\w+'
corpus	vm	vm	0	0	0	0	b'\\w+'
corpus	default	dfa	0	0	0	0	b'(*UCP)\\b'
corpus	vm	vm	0	0	0	0	b'(*UCP)\\b'
corpus	default	dfa	0	0	0	0	b'(*UCP)a\\B'
corpus	vm	vm	0	0	0	0	b'(*UCP)a\\B'
corpus	default	dfa	0	0	0	0	b'\\d'
corpus	vm	vm	0	0	0	0	b'\\d'
corpus	default	dfa	0	0	0	0	b'(*UCP)\\d+'
corpus	vm	vm	0	0	0	0	b'(*UCP)\\d+'
corpus	default	dfa	0	0	0	0	b'(*UCP)\\D'
corpus	vm	vm	0	0	0	0	b'(*UCP)\\D'
corpus	default	dfa	0	0	0	0	b'(*UCP)^\\s+$'
corpus	vm	vm	0	0	0	0	b'(*UCP)^\\s+$'
corpus	default	dfa	0	0	0	0	b'(*UCP)\\S+'
corpus	vm	vm	0	0	0	0	b'(*UCP)\\S+'
corpus	default	dfa	0	0	0	0	b'(*UCP)[[:digit:]]+'
corpus	vm	vm	0	0	0	0	b'(*UCP)[[:digit:]]+'
corpus	default	dfa	0	0	0	0	b'(*UCP)[[:^digit:]]'
corpus	vm	vm	0	0	0	0	b'(*UCP)[[:^digit:]]'
corpus	default	dfa	0	0	0	0	b'(*UCP)[[:xdigit:]]+'
corpus	vm	vm	0	0	0	0	b'(*UCP)[[:xdigit:]]+'
corpus	default	dfa	0	0	0	0	b'(*UCP)[\\d_]+'
corpus	vm	vm	0	0	0	0	b'(*UCP)[\\d_]+'
corpus	default	dfa	0	0	0	0	b'(*UCP)[^\\d]'
corpus	vm	vm	0	0	0	0	b'(*UCP)[^\\d]'
corpus	default	dfa	0	0	0	0	b'(*UCP)[^\\s\\d]+'
corpus	vm	vm	0	0	0	0	b'(*UCP)[^\\s\\d]+'
corpus	default	dfa	0	0	0	0	b'\\s'
corpus	vm	vm	0	0	0	0	b'\\s'
corpus	default	dfa	0	0	0	0	b'\\S'
corpus	vm	vm	0	0	0	0	b'\\S'
corpus	default	dfa	0	0	0	0	b'[[:^space:]]'
corpus	vm	vm	0	0	0	0	b'[[:^space:]]'
corpus	default	dfa	0	0	0	0	b'[a]'
corpus	vm	vm	0	0	0	0	b'[a]'
corpus	default	dfa	0	0	0	0	b'\\x{61}'
corpus	vm	vm	0	0	0	0	b'\\x{61}'
corpus	default	dfa	0	0	0	0	b'[\\x{61}]'
corpus	vm	vm	0	0	0	0	b'[\\x{61}]'
corpus	default	dfa	0	0	0	0	b'[^\\x{61}]'
corpus	vm	vm	0	0	0	0	b'[^\\x{61}]'
corpus	default	dfa	0	0	0	0	b'\\x{61}+'
corpus	vm	vm	0	0	0	0	b'\\x{61}+'
corpus	default	dfa	0	0	0	0	b'[A-a]'
corpus	vm	vm	0	0	0	0	b'[A-a]'
corpus	default	dfa	0	0	0	0	b'[^A-a]'
corpus	vm	vm	0	0	0	0	b'[^A-a]'
corpus	default	dfa	0	0	0	0	b'[A-a]+'
corpus	vm	vm	0	0	0	0	b'[A-a]+'
corpus	default	dfa	0	0	0	0	b'a{1,2}'
corpus	vm	vm	0	0	0	0	b'a{1,2}'
corpus	default	dfa	0	0	0	0	b'[a]{1,2}'
corpus	vm	vm	0	0	0	0	b'[a]{1,2}'
corpus	default	dfa	0	0	0	0	b'[^a]{1,2}'
corpus	vm	vm	0	0	0	0	b'[^a]{1,2}'
corpus	default	dfa	0	0	0	0	b'(?:a|z)'
corpus	vm	vm	0	0	0	0	b'(?:a|z)'
corpus	default	dfa	0	0	0	0	b'[az]'
corpus	vm	vm	0	0	0	0	b'[az]'
corpus	default	dfa	0	0	0	0	b'\xce\xb1'
corpus	vm	vm	0	0	0	0	b'\xce\xb1'
corpus	default	dfa	0	0	0	0	b'[\xce\xb1]'
corpus	vm	vm	0	0	0	0	b'[\xce\xb1]'
corpus	default	dfa	0	0	0	0	b'[^\xce\xb1]'
corpus	vm	vm	0	0	0	0	b'[^\xce\xb1]'
corpus	default	dfa	0	0	0	0	b'\xce\xb1+'
corpus	vm	vm	0	0	0	0	b'\xce\xb1+'
corpus	default	dfa	0	0	0	0	b'[\xce\x91-\xce\xb1]'
corpus	vm	vm	0	0	0	0	b'[\xce\x91-\xce\xb1]'
corpus	default	dfa	0	0	0	0	b'[^\xce\x91-\xce\xb1]'
corpus	vm	vm	0	0	0	0	b'[^\xce\x91-\xce\xb1]'
corpus	default	dfa	0	0	0	0	b'[\xce\x91-\xce\xb1]+'
corpus	vm	vm	0	0	0	0	b'[\xce\x91-\xce\xb1]+'
corpus	default	dfa	0	0	0	0	b'\xce\xb1{1,2}'
corpus	vm	vm	0	0	0	0	b'\xce\xb1{1,2}'
corpus	default	dfa	0	0	0	0	b'[\xce\xb1]{1,2}'
corpus	vm	vm	0	0	0	0	b'[\xce\xb1]{1,2}'
corpus	default	dfa	0	0	0	0	b'[^\xce\xb1]{1,2}'
corpus	vm	vm	0	0	0	0	b'[^\xce\xb1]{1,2}'
corpus	default	dfa	0	0	0	0	b'(?:\xce\xb1|\xce\xb2)'
corpus	vm	vm	0	0	0	0	b'(?:\xce\xb1|\xce\xb2)'
corpus	default	dfa	0	0	0	0	b'[\xce\xb1\xce\xb2]'
corpus	vm	vm	0	0	0	0	b'[\xce\xb1\xce\xb2]'
corpus	default	dfa	0	0	0	0	b'\xe2\x82\xac'
corpus	vm	vm	0	0	0	0	b'\xe2\x82\xac'
corpus	default	dfa	0	0	0	0	b'[\xe2\x82\xac]'
corpus	vm	vm	0	0	0	0	b'[\xe2\x82\xac]'
corpus	default	dfa	0	0	0	0	b'[^\xe2\x82\xac]'
corpus	vm	vm	0	0	0	0	b'[^\xe2\x82\xac]'
corpus	default	dfa	0	0	0	0	b'\xe2\x82\xac+'
corpus	vm	vm	0	0	0	0	b'\xe2\x82\xac+'
corpus	default	dfa	0	0	0	0	b'[\xe2\x82\xa0-\xe2\x82\xac]'
corpus	vm	vm	0	0	0	0	b'[\xe2\x82\xa0-\xe2\x82\xac]'
corpus	default	dfa	0	0	0	0	b'[^\xe2\x82\xa0-\xe2\x82\xac]'
corpus	vm	vm	0	0	0	0	b'[^\xe2\x82\xa0-\xe2\x82\xac]'
corpus	default	dfa	0	0	0	0	b'[\xe2\x82\xa0-\xe2\x82\xac]+'
corpus	vm	vm	0	0	0	0	b'[\xe2\x82\xa0-\xe2\x82\xac]+'
corpus	default	dfa	0	0	0	0	b'\xe2\x82\xac{1,2}'
corpus	vm	vm	0	0	0	0	b'\xe2\x82\xac{1,2}'
corpus	default	dfa	0	0	0	0	b'[\xe2\x82\xac]{1,2}'
corpus	vm	vm	0	0	0	0	b'[\xe2\x82\xac]{1,2}'
corpus	default	dfa	0	0	0	0	b'[^\xe2\x82\xac]{1,2}'
corpus	vm	vm	0	0	0	0	b'[^\xe2\x82\xac]{1,2}'
corpus	default	dfa	0	0	0	0	b'(?:\xe2\x82\xac|\xe2\x98\x83)'
corpus	vm	vm	0	0	0	0	b'(?:\xe2\x82\xac|\xe2\x98\x83)'
corpus	default	dfa	0	0	0	0	b'[\xe2\x82\xac\xe2\x98\x83]'
corpus	vm	vm	0	0	0	0	b'[\xe2\x82\xac\xe2\x98\x83]'
corpus	default	dfa	0	0	0	0	b'\xf0\x9f\x98\x80'
corpus	vm	vm	0	0	0	0	b'\xf0\x9f\x98\x80'
corpus	default	dfa	0	0	0	0	b'[\xf0\x9f\x98\x80]'
corpus	vm	vm	0	0	0	0	b'[\xf0\x9f\x98\x80]'
corpus	default	dfa	0	0	0	0	b'[^\xf0\x9f\x98\x80]'
corpus	vm	vm	0	0	0	0	b'[^\xf0\x9f\x98\x80]'
corpus	default	dfa	0	0	0	0	b'\xf0\x9f\x98\x80+'
corpus	vm	vm	0	0	0	0	b'\xf0\x9f\x98\x80+'
corpus	default	dfa	0	0	0	0	b'[\xf0\x9f\x8c\x80-\xf0\x9f\x98\x80]'
corpus	vm	vm	0	0	0	0	b'[\xf0\x9f\x8c\x80-\xf0\x9f\x98\x80]'
corpus	default	dfa	0	0	0	0	b'[^\xf0\x9f\x8c\x80-\xf0\x9f\x98\x80]'
corpus	vm	vm	0	0	0	0	b'[^\xf0\x9f\x8c\x80-\xf0\x9f\x98\x80]'
corpus	default	dfa	0	0	0	0	b'[\xf0\x9f\x8c\x80-\xf0\x9f\x98\x80]+'
corpus	vm	vm	0	0	0	0	b'[\xf0\x9f\x8c\x80-\xf0\x9f\x98\x80]+'
corpus	default	dfa	0	0	0	0	b'\xf0\x9f\x98\x80{1,2}'
corpus	vm	vm	0	0	0	0	b'\xf0\x9f\x98\x80{1,2}'
corpus	default	dfa	0	0	0	0	b'[\xf0\x9f\x98\x80]{1,2}'
corpus	vm	vm	0	0	0	0	b'[\xf0\x9f\x98\x80]{1,2}'
corpus	default	dfa	0	0	0	0	b'[^\xf0\x9f\x98\x80]{1,2}'
corpus	vm	vm	0	0	0	0	b'[^\xf0\x9f\x98\x80]{1,2}'
corpus	default	dfa	0	0	0	0	b'(?:\xf0\x9f\x98\x80|\xf0\x9f\x98\x81)'
corpus	vm	vm	0	0	0	0	b'(?:\xf0\x9f\x98\x80|\xf0\x9f\x98\x81)'
corpus	default	dfa	0	0	0	0	b'[\xf0\x9f\x98\x80\xf0\x9f\x98\x81]'
corpus	vm	vm	0	0	0	0	b'[\xf0\x9f\x98\x80\xf0\x9f\x98\x81]'
corpus	default	dfa	0	0	0	0	b'[\x7f\xc2\x80]'
corpus	vm	vm	0	0	0	0	b'[\x7f\xc2\x80]'
corpus	default	dfa	0	0	0	0	b'[\\x{7f}\\x{80}]'
corpus	vm	vm	0	0	0	0	b'[\\x{7f}\\x{80}]'
corpus	default	dfa	0	0	0	0	b'[\x7f-\xc2\x80]'
corpus	vm	vm	0	0	0	0	b'[\x7f-\xc2\x80]'
corpus	default	dfa	0	0	0	0	b'[\\x{7f}-\\x{80}]'
corpus	vm	vm	0	0	0	0	b'[\\x{7f}-\\x{80}]'
corpus	default	dfa	0	0	0	0	b'[^\x7f\xc2\x80]'
corpus	vm	vm	0	0	0	0	b'[^\x7f\xc2\x80]'
corpus	default	dfa	0	0	0	0	b'[^\\x{7f}\\x{80}]'
corpus	vm	vm	0	0	0	0	b'[^\\x{7f}\\x{80}]'
corpus	default	dfa	0	0	0	0	b'[^\x7f-\xc2\x80]'
corpus	vm	vm	0	0	0	0	b'[^\x7f-\xc2\x80]'
corpus	default	dfa	0	0	0	0	b'[^\\x{7f}-\\x{80}]'
corpus	vm	vm	0	0	0	0	b'[^\\x{7f}-\\x{80}]'
corpus	default	dfa	0	0	0	0	b'[\x7f\xc2\x80]+'
corpus	vm	vm	0	0	0	0	b'[\x7f\xc2\x80]+'
corpus	default	dfa	0	0	0	0	b'[\x7f-\xc2\x80]+'
corpus	vm	vm	0	0	0	0	b'[\x7f-\xc2\x80]+'
corpus	default	dfa	0	0	0	0	b'(?:\x7f|\xc2\x80)'
corpus	vm	vm	0	0	0	0	b'(?:\x7f|\xc2\x80)'
corpus	default	dfa	0	0	0	0	b'\\p{L}'
corpus	vm	vm	0	0	0	0	b'\\p{L}'
corpus	default	dfa	0	0	0	0	b'[a\xce\xb1]'
corpus	vm	vm	0	0	0	0	b'[a\xce\xb1]'
corpus	default	dfa	0	0	0	0	b'[a-\xce\xb1]'
corpus	vm	vm	0	0	0	0	b'[a-\xce\xb1]'
corpus	default	dfa	0	0	0	0	b'[^a\xce\xb1]'
corpus	vm	vm	0	0	0	0	b'[^a\xce\xb1]'
corpus	default	dfa	0	0	0	0	b'[^a-\xce\xb1]'
corpus	vm	vm	0	0	0	0	b'[^a-\xce\xb1]'
corpus	default	dfa	0	0	0	0	b'[a\xce\xb1]+'
corpus	vm	vm	0	0	0	0	b'[a\xce\xb1]+'
corpus	default	dfa	0	0	0	0	b'[a-\xce\xb1]+'
corpus	vm	vm	0	0	0	0	b'[a-\xce\xb1]+'
corpus	default	dfa	0	0	0	0	b'(?:a|\xce\xb1)'
corpus	vm	vm	0	0	0	0	b'(?:a|\xce\xb1)'
corpus	default	dfa	0	0	0	0	b'\\p{N}'
corpus	vm	vm	0	0	0	0	b'\\p{N}'
corpus	default	dfa	0	0	0	0	b'a.+a'
corpus	vm	vm	0	0	0	0	b'a.+a'
corpus	default	dfa	0	0	0	0	b'\\P{L}'
corpus	vm	vm	0	0	0	0	b'\\P{L}'
corpus	default	dfa	0	0	0	0	b'\\p{M}'
corpus	vm	vm	0	0	0	0	b'\\p{M}'
corpus	default	dfa	0	0	0	0	b'\\P{M}'
corpus	vm	vm	0	0	0	0	b'\\P{M}'
corpus	default	dfa	0	0	0	0	b'\\P{N}'
corpus	vm	vm	0	0	0	0	b'\\P{N}'
corpus	default	dfa	0	0	0	0	b'\\p{P}'
corpus	vm	vm	0	0	0	0	b'\\p{P}'
corpus	default	dfa	0	0	0	0	b'\\P{P}'
corpus	vm	vm	0	0	0	0	b'\\P{P}'
corpus	default	dfa	0	0	0	0	b'\\p{S}'
corpus	vm	vm	0	0	0	0	b'\\p{S}'
corpus	default	dfa	0	0	0	0	b'\\P{S}'
corpus	vm	vm	0	0	0	0	b'\\P{S}'
corpus	default	dfa	0	0	0	0	b'\\p{Z}'
corpus	vm	vm	0	0	0	0	b'\\p{Z}'
corpus	default	dfa	0	0	0	0	b'\\P{Z}'
corpus	vm	vm	0	0	0	0	b'\\P{Z}'
corpus	default	dfa	0	0	0	0	b'\\p{C}'
corpus	vm	vm	0	0	0	0	b'\\p{C}'
corpus	default	dfa	0	0	0	0	b'\\P{C}'
corpus	vm	vm	0	0	0	0	b'\\P{C}'
corpus	default	dfa	0	0	0	0	b'\\p{Lu}'
corpus	vm	vm	0	0	0	0	b'\\p{Lu}'
corpus	default	dfa	0	0	0	0	b'\\P{Lu}'
corpus	vm	vm	0	0	0	0	b'\\P{Lu}'
corpus	default	dfa	0	0	0	0	b'\\p{Ll}'
corpus	vm	vm	0	0	0	0	b'\\p{Ll}'
corpus	default	dfa	0	0	0	0	b'\\P{Ll}'
corpus	vm	vm	0	0	0	0	b'\\P{Ll}'
corpus	default	dfa	0	0	0	0	b'\\p{Lt}'
corpus	vm	vm	0	0	0	0	b'\\p{Lt}'
corpus	default	dfa	0	0	0	0	b'\\P{Lt}'
corpus	vm	vm	0	0	0	0	b'\\P{Lt}'
corpus	default	dfa	0	0	0	0	b'\\p{Lm}'
corpus	vm	vm	0	0	0	0	b'\\p{Lm}'
corpus	default	dfa	0	0	0	0	b'\\P{Lm}'
corpus	vm	vm	0	0	0	0	b'\\P{Lm}'
corpus	default	dfa	0	0	0	0	b'\\p{Lo}'
corpus	vm	vm	0	0	0	0	b'\\p{Lo}'
corpus	default	dfa	0	0	0	0	b'\\P{Lo}'
corpus	vm	vm	0	0	0	0	b'\\P{Lo}'
corpus	default	dfa	0	0	0	0	b'\\p{Mn}'
corpus	vm	vm	0	0	0	0	b'\\p{Mn}'
corpus	default	dfa	0	0	0	0	b'\\P{Mn}'
corpus	vm	vm	0	0	0	0	b'\\P{Mn}'
corpus	default	dfa	0	0	0	0	b'\\p{Mc}'
corpus	vm	vm	0	0	0	0	b'\\p{Mc}'
corpus	default	dfa	0	0	0	0	b'\\P{Mc}'
corpus	vm	vm	0	0	0	0	b'\\P{Mc}'
corpus	default	dfa	0	0	0	0	b'\\p{Me}'
corpus	vm	vm	0	0	0	0	b'\\p{Me}'
corpus	default	dfa	0	0	0	0	b'\\P{Me}'
corpus	vm	vm	0	0	0	0	b'\\P{Me}'
corpus	default	dfa	0	0	0	0	b'\\p{Nd}'
corpus	vm	vm	0	0	0	0	b'\\p{Nd}'
corpus	default	dfa	0	0	0	0	b'\\P{Nd}'
corpus	vm	vm	0	0	0	0	b'\\P{Nd}'
corpus	default	dfa	0	0	0	0	b'\\p{Nl}'
corpus	vm	vm	0	0	0	0	b'\\p{Nl}'
corpus	default	dfa	0	0	0	0	b'\\P{Nl}'
corpus	vm	vm	0	0	0	0	b'\\P{Nl}'
corpus	default	dfa	0	0	0	0	b'\\p{No}'
corpus	vm	vm	0	0	0	0	b'\\p{No}'
corpus	default	dfa	0	0	0	0	b'\\P{No}'
corpus	vm	vm	0	0	0	0	b'\\P{No}'
corpus	default	dfa	0	0	0	0	b'\\p{Pc}'
corpus	vm	vm	0	0	0	0	b'\\p{Pc}'
corpus	default	dfa	0	0	0	0	b'\\P{Pc}'
corpus	vm	vm	0	0	0	0	b'\\P{Pc}'
corpus	default	dfa	0	0	0	0	b'\\p{Pd}'
corpus	vm	vm	0	0	0	0	b'\\p{Pd}'
corpus	default	dfa	0	0	0	0	b'\\P{Pd}'
corpus	vm	vm	0	0	0	0	b'\\P{Pd}'
corpus	default	dfa	0	0	0	0	b'\\p{Ps}'
corpus	vm	vm	0	0	0	0	b'\\p{Ps}'
corpus	default	dfa	0	0	0	0	b'\\P{Ps}'
corpus	vm	vm	0	0	0	0	b'\\P{Ps}'
corpus	default	dfa	0	0	0	0	b'\\p{Pe}'
corpus	vm	vm	0	0	0	0	b'\\p{Pe}'
corpus	default	dfa	0	0	0	0	b'\\P{Pe}'
corpus	vm	vm	0	0	0	0	b'\\P{Pe}'
corpus	default	dfa	0	0	0	0	b'\\p{Pi}'
corpus	vm	vm	0	0	0	0	b'\\p{Pi}'
corpus	default	dfa	0	0	0	0	b'\\P{Pi}'
corpus	vm	vm	0	0	0	0	b'\\P{Pi}'
corpus	default	dfa	0	0	0	0	b'\\p{Pf}'
corpus	vm	vm	0	0	0	0	b'\\p{Pf}'
corpus	default	dfa	0	0	0	0	b'\\P{Pf}'
corpus	vm	vm	0	0	0	0	b'\\P{Pf}'
corpus	default	dfa	0	0	0	0	b'\\p{Po}'
corpus	vm	vm	0	0	0	0	b'\\p{Po}'
corpus	default	dfa	0	0	0	0	b'\\P{Po}'
corpus	vm	vm	0	0	0	0	b'\\P{Po}'
corpus	default	dfa	0	0	0	0	b'\\p{Sm}'
corpus	vm	vm	0	0	0	0	b'\\p{Sm}'
corpus	default	dfa	0	0	0	0	b'\\P{Sm}'
corpus	vm	vm	0	0	0	0	b'\\P{Sm}'
corpus	default	dfa	0	0	0	0	b'\\p{Sc}'
corpus	vm	vm	0	0	0	0	b'\\p{Sc}'
corpus	default	dfa	0	0	0	0	b'\\P{Sc}'
corpus	vm	vm	0	0	0	0	b'\\P{Sc}'
corpus	default	dfa	0	0	0	0	b'\\p{Sk}'
corpus	vm	vm	0	0	0	0	b'\\p{Sk}'
corpus	default	dfa	0	0	0	0	b'\\P{Sk}'
corpus	vm	vm	0	0	0	0	b'\\P{Sk}'
corpus	default	dfa	0	0	0	0	b'\\p{So}'
corpus	vm	vm	0	0	0	0	b'\\p{So}'
corpus	default	dfa	0	0	0	0	b'\\P{So}'
corpus	vm	vm	0	0	0	0	b'\\P{So}'
corpus	default	dfa	0	0	0	0	b'\\p{Zs}'
corpus	vm	vm	0	0	0	0	b'\\p{Zs}'
corpus	default	dfa	0	0	0	0	b'\\P{Zs}'
corpus	vm	vm	0	0	0	0	b'\\P{Zs}'
corpus	default	dfa	0	0	0	0	b'\\p{Zl}'
corpus	vm	vm	0	0	0	0	b'\\p{Zl}'
corpus	default	dfa	0	0	0	0	b'\\P{Zl}'
corpus	vm	vm	0	0	0	0	b'\\P{Zl}'
corpus	default	dfa	0	0	0	0	b'\\p{Zp}'
corpus	vm	vm	0	0	0	0	b'\\p{Zp}'
corpus	default	dfa	0	0	0	0	b'\\P{Zp}'
corpus	vm	vm	0	0	0	0	b'\\P{Zp}'
corpus	default	dfa	0	0	0	0	b'\\p{Cc}'
corpus	vm	vm	0	0	0	0	b'\\p{Cc}'
corpus	default	dfa	0	0	0	0	b'\\P{Cc}'
corpus	vm	vm	0	0	0	0	b'\\P{Cc}'
corpus	default	dfa	0	0	0	0	b'\\p{Cf}'
corpus	vm	vm	0	0	0	0	b'\\p{Cf}'
corpus	default	dfa	0	0	0	0	b'\\P{Cf}'
corpus	vm	vm	0	0	0	0	b'\\P{Cf}'
corpus	default	dfa	0	0	0	0	b'\\p{Cs}'
corpus	vm	vm	0	0	0	0	b'\\p{Cs}'
corpus	default	dfa	0	0	0	0	b'\\P{Cs}'
corpus	vm	vm	0	0	0	0	b'\\P{Cs}'
corpus	default	dfa	0	0	0	0	b'\\p{Co}'
corpus	vm	vm	0	0	0	0	b'\\p{Co}'
corpus	default	dfa	0	0	0	0	b'\\P{Co}'
corpus	vm	vm	0	0	0	0	b'\\P{Co}'
corpus	default	dfa	0	0	0	0	b'\\p{Cn}'
corpus	vm	vm	0	0	0	0	b'\\p{Cn}'
corpus	default	dfa	0	0	0	0	b'\\P{Cn}'
corpus	vm	vm	0	0	0	0	b'\\P{Cn}'
corpus	default	dfa	0	0	0	0	b'k'
corpus	vm	vm	0	0	0	0	b'k'
corpus	default	dfa	0	0	0	0	b'K'
corpus	vm	vm	0	0	0	0	b'K'
corpus	default	dfa	0	0	0	0	b'\\x{6b}'
corpus	vm	vm	0	0	0	0	b'\\x{6b}'
corpus	default	dfa	0	0	0	0	b'\\x{4b}'
corpus	vm	vm	0	0	0	0	b'\\x{4b}'
corpus	default	dfa	0	0	0	0	b'\\x{41}'
corpus	vm	vm	0	0	0	0	b'\\x{41}'
corpus	default	dfa	0	0	0	0	b'o'
corpus	vm	vm	0	0	0	0	b'o'
corpus	default	dfa	0	0	0	0	b'O'
corpus	vm	vm	0	0	0	0	b'O'
corpus	default	dfa	0	0	0	0	b'\\x{6f}'
corpus	vm	vm	0	0	0	0	b'\\x{6f}'
corpus	default	dfa	0	0	0	0	b'\\x{4f}'
corpus	vm	vm	0	0	0	0	b'\\x{4f}'
corpus	default	dfa	0	0	0	0	b'\xce\xbc'
corpus	vm	vm	0	0	0	0	b'\xce\xbc'
corpus	default	dfa	0	0	0	0	b'\xce\x9c'
corpus	vm	vm	0	0	0	0	b'\xce\x9c'
corpus	default	dfa	0	0	0	0	b's'
corpus	vm	vm	0	0	0	0	b's'
corpus	default	dfa	0	0	0	0	b'S'
corpus	vm	vm	0	0	0	0	b'S'
corpus	default	dfa	0	0	0	0	b'\\x{73}'
corpus	vm	vm	0	0	0	0	b'\\x{73}'
corpus	default	dfa	0	0	0	0	b'\\x{53}'
corpus	vm	vm	0	0	0	0	b'\\x{53}'
corpus	default	dfa	0	0	0	0	b'\xcf\x83'
corpus	vm	vm	0	0	0	0	b'\xcf\x83'
corpus	default	dfa	0	0	0	0	b'\xce\xa3'
corpus	vm	vm	0	0	0	0	b'\xce\xa3'
corpus	default	dfa	0	0	0	0	b'i'
corpus	vm	vm	0	0	0	0	b'i'
corpus	default	dfa	0	0	0	0	b'I'
corpus	vm	vm	0	0	0	0	b'I'
corpus	default	dfa	0	0	0	0	b'\\x{69}'
corpus	vm	vm	0	0	0	0	b'\\x{69}'
corpus	default	dfa	0	0	0	0	b'\\x{49}'
corpus	vm	vm	0	0	0	0	b'\\x{49}'
corpus	default	dfa	0	0	0	0	b'[k]'
corpus	vm	vm	0	0	0	0	b'[k]'
corpus	default	dfa	0	0	0	0	b'[K]'
corpus	vm	vm	0	0	0	0	b'[K]'
corpus	default	dfa	0	0	0	0	b'[^k]'
corpus	vm	vm	0	0	0	0	b'[^k]'
corpus	default	dfa	0	0	0	0	b'[^K]'
corpus	vm	vm	0	0	0	0	b'[^K]'
corpus	default	dfa	0	0	0	0	b'[^\\x{6b}]'
corpus	vm	vm	0	0	0	0	b'[^\\x{6b}]'
corpus	default	dfa	0	0	0	0	b'[^\\x{4b}]'
corpus	vm	vm	0	0	0	0	b'[^\\x{4b}]'
corpus	default	dfa	0	0	0	0	b'[^s]'
corpus	vm	vm	0	0	0	0	b'[^s]'
corpus	default	dfa	0	0	0	0	b'[^S]'
corpus	vm	vm	0	0	0	0	b'[^S]'
corpus	default	dfa	0	0	0	0	b'[^\\x{73}]'
corpus	vm	vm	0	0	0	0	b'[^\\x{73}]'
corpus	default	dfa	0	0	0	0	b'[^\\x{53}]'
corpus	vm	vm	0	0	0	0	b'[^\\x{53}]'
corpus	default	dfa	0	0	0	0	b'[^\\p{Ll}]'
corpus	vm	vm	0	0	0	0	b'[^\\p{Ll}]'
corpus	default	dfa	0	0	0	0	b'\xc3\x9f'
corpus	vm	vm	0	0	0	0	b'\xc3\x9f'
corpus	default	dfa	0	0	0	0	b'SS'
corpus	vm	vm	0	0	0	0	b'SS'
corpus	default	dfa	0	0	0	0	b'ss'
corpus	vm	vm	0	0	0	0	b'ss'
corpus	default	dfa	0	0	0	0	b'\xef\xac\x81'
corpus	vm	vm	0	0	0	0	b'\xef\xac\x81'
corpus	default	dfa	0	0	0	0	b'fi'
corpus	vm	vm	0	0	0	0	b'fi'
corpus	default	dfa	0	0	0	0	b'\xef\xac\x83'
corpus	vm	vm	0	0	0	0	b'\xef\xac\x83'
corpus	default	dfa	0	0	0	0	b'\xc5\x89'
corpus	vm	vm	0	0	0	0	b'\xc5\x89'
corpus	default	dfa	0	0	0	0	b'\xc7\xb0'
corpus	vm	vm	0	0	0	0	b'\xc7\xb0'
corpus	default	dfa	0	0	0	0	b'\xe1\xba\x96'
corpus	vm	vm	0	0	0	0	b'\xe1\xba\x96'
corpus	default	dfa	0	0	0	0	b'\xce\x90'
corpus	vm	vm	0	0	0	0	b'\xce\x90'
corpus	default	dfa	0	0	0	0	b'(?<=.)x'
corpus	vm	vm	0	0	0	0	b'(?<=.)x'
corpus	default	dfa	0	0	0	0	b'(?<!.)x'
corpus	vm	vm	0	0	0	0	b'(?<!.)x'
corpus	default	vm	0	0	0	0	b'(?<g>.)(?<=(?&g))x'
corpus	vm	vm	0	0	0	0	b'(?<g>.)(?<=(?&g))x'
corpus	default	dfa	0	0	0	0	b'(?<=[^a])x'
corpus	vm	vm	0	0	0	0	b'(?<=[^a])x'
corpus	default	dfa	0	0	0	0	b'(?<![^a])x'
corpus	vm	vm	0	0	0	0	b'(?<![^a])x'
corpus	default	vm	0	0	0	0	b'(?<g>[^a])(?<=(?&g))x'
corpus	vm	vm	0	0	0	0	b'(?<g>[^a])(?<=(?&g))x'
corpus	default	vm	0	0	0	0	b'(?<g>\\w)(?<=(?&g))x'
corpus	vm	vm	0	0	0	0	b'(?<g>\\w)(?<=(?&g))x'
corpus	default	dfa	0	0	0	0	b'(?<=\\p{L})x'
corpus	vm	vm	0	0	0	0	b'(?<=\\p{L})x'
corpus	default	dfa	0	0	0	0	b'(?<!\\p{L})x'
corpus	vm	vm	0	0	0	0	b'(?<!\\p{L})x'
corpus	default	vm	0	0	0	0	b'(?<g>\\p{L})(?<=(?&g))x'
corpus	vm	vm	0	0	0	0	b'(?<g>\\p{L})(?<=(?&g))x'
corpus	default	dfa	0	0	0	0	b'(?<=(?i)s)x'
corpus	vm	vm	1	1	1	1	b'(?<=(?i)s)x'
corpus	default	dfa	0	0	0	0	b'(?<!(?i)s)x'
corpus	vm	vm	1	1	1	1	b'(?<!(?i)s)x'
corpus	default	vm	1	2	2	1	b'(?<g>(?i)s)(?<=(?&g))x'
corpus	vm	vm	1	2	2	1	b'(?<g>(?i)s)(?<=(?&g))x'
corpus	default	dfa	0	0	0	0	b'(?<=(?i)[a-z])x'
corpus	vm	vm	0	0	0	0	b'(?<=(?i)[a-z])x'
corpus	default	dfa	0	0	0	0	b'(?<!(?i)[a-z])x'
corpus	vm	vm	0	0	0	0	b'(?<!(?i)[a-z])x'
corpus	default	vm	0	0	0	0	b'(?<g>(?i)[a-z])(?<=(?&g))x'
corpus	vm	vm	0	0	0	0	b'(?<g>(?i)[a-z])(?<=(?&g))x'
corpus	default	dfa	0	0	0	0	b'.{0,1}'
corpus	vm	vm	0	0	0	0	b'.{0,1}'
corpus	default	dfa	0	0	0	0	b'^.'
corpus	vm	vm	0	0	0	0	b'^.'
corpus	default	dfa	0	0	0	0	b'(?<!.)'
corpus	vm	vm	0	0	0	0	b'(?<!.)'
corpus	default	dfa	0	0	0	0	b'^.$'
corpus	vm	vm	0	0	0	0	b'^.$'
corpus	default	dfa	0	0	0	0	b'^[^a]$'
corpus	vm	vm	0	0	0	0	b'^[^a]$'
corpus	default	dfa	0	0	0	0	b'^\\p{L}$'
corpus	vm	vm	0	0	0	0	b'^\\p{L}$'
corpus	default	dfa	0	0	0	0	b'\\Bx?'
corpus	vm	vm	0	0	0	0	b'\\Bx?'
corpus	default	dfa	0	0	0	0	b'(?m)^a|\\B'
corpus	vm	vm	0	0	0	0	b'(?m)^a|\\B'
corpus	default	dfa	0	0	0	0	b'\\p{Greek}'
corpus	vm	vm	0	0	0	0	b'\\p{Greek}'
corpus	default	dfa	0	0	0	0	b'\\p{sc=Greek}'
corpus	vm	vm	0	0	0	0	b'\\p{sc=Greek}'
corpus	default	dfa	0	0	0	0	b'\\p{scx=Greek}'
corpus	vm	vm	0	0	0	0	b'\\p{scx=Greek}'
corpus	default	dfa	0	0	0	0	b'\\p{Script:Greek}'
corpus	vm	vm	0	0	0	0	b'\\p{Script:Greek}'
corpus	default	dfa	0	0	0	0	b'\\p{Grek}'
corpus	vm	vm	0	0	0	0	b'\\p{Grek}'
corpus	default	dfa	0	0	0	0	b'\\p{sc=Grek}'
corpus	vm	vm	0	0	0	0	b'\\p{sc=Grek}'
corpus	default	dfa	0	0	0	0	b'\\p{S c r i p t _ Extensions = G-r-e-e-k}'
corpus	vm	vm	0	0	0	0	b'\\p{S c r i p t _ Extensions = G-r-e-e-k}'
corpus	default	dfa	0	0	0	0	b'\\p{Qaai}'
corpus	vm	vm	0	0	0	0	b'\\p{Qaai}'
corpus	default	dfa	0	0	0	0	b'\\p{Thaana}'
corpus	vm	vm	0	0	0	0	b'\\p{Thaana}'
corpus	default	dfa	0	0	0	0	b'\\p{sc=Thaana}'
corpus	vm	vm	0	0	0	0	b'\\p{sc=Thaana}'
corpus	default	dfa	0	0	0	0	b'\\p{Han}'
corpus	vm	vm	0	0	0	0	b'\\p{Han}'
corpus	default	dfa	0	0	0	0	b'\\P{Greek}'
corpus	vm	vm	0	0	0	0	b'\\P{Greek}'
corpus	default	dfa	0	0	0	0	b'\\p{^sc=Greek}'
corpus	vm	vm	0	0	0	0	b'\\p{^sc=Greek}'
corpus	default	dfa	0	0	0	0	b'[\\p{Greek}x]'
corpus	vm	vm	0	0	0	0	b'[\\p{Greek}x]'
corpus	default	dfa	0	0	0	0	b'[^\\p{Greek}]'
corpus	vm	vm	0	0	0	0	b'[^\\p{Greek}]'
corpus	default	dfa	0	0	0	0	b'\\P{Unknown}'
corpus	vm	vm	0	0	0	0	b'\\P{Unknown}'
corpus	default	dfa	0	0	0	0	b'\\p{Unknown}'
corpus	vm	vm	0	0	0	0	b'\\p{Unknown}'
corpus	default	dfa	0	0	0	0	b'\\p{sc=Unknown}'
corpus	vm	vm	0	0	0	0	b'\\p{sc=Unknown}'
corpus	default	dfa	0	0	0	0	b'\\p{scx=Unknown}'
corpus	vm	vm	0	0	0	0	b'\\p{scx=Unknown}'
corpus	default	dfa	0	0	0	0	b'\\p{Zzzz}'
corpus	vm	vm	0	0	0	0	b'\\p{Zzzz}'
corpus	default	dfa	0	0	0	0	b'(?<=[^a])a'
corpus	vm	vm	0	0	0	0	b'(?<=[^a])a'
corpus	default	dfa	0	0	0	0	b'(?![^a])'
corpus	vm	vm	0	0	0	0	b'(?![^a])'
corpus	default	dfa	0	0	0	0	b'(?<![a])b'
corpus	vm	vm	0	0	0	0	b'(?<![a])b'
corpus	default	dfa	0	0	0	0	b'(?<=[a-z])\\x{e9}'
corpus	vm	vm	0	0	0	0	b'(?<=[a-z])\\x{e9}'
corpus	default	dfa	0	0	0	0	b'[0-9]'
corpus	vm	vm	0	0	0	0	b'[0-9]'
corpus	default	dfa	0	0	0	0	b'a-z'
corpus	vm	vm	0	0	0	0	b'a-z'
corpus	default	dfa	0	0	0	0	b'[^a-z]'
corpus	vm	vm	0	0	0	0	b'[^a-z]'
corpus	default	dfa	0	0	0	0	b'[^\\xe9]'
corpus	vm	vm	0	0	0	0	b'[^\\xe9]'
corpus	default	dfa	0	0	0	0	b'[\\p{Lu}k]'
corpus	vm	vm	0	0	0	0	b'[\\p{Lu}k]'
corpus	default	dfa	0	0	0	0	b'[\\p{Lu}x]'
corpus	vm	vm	0	0	0	0	b'[\\p{Lu}x]'
corpus	default	dfa	0	0	0	0	b'[[:lower:]]'
corpus	vm	vm	0	0	0	0	b'[[:lower:]]'
corpus	default	dfa	0	0	0	0	b'[[:lower:]k]'
corpus	vm	vm	0	0	0	0	b'[[:lower:]k]'
corpus	default	dfa	0	0	0	0	b'[\\p{Lu}]'
corpus	vm	vm	0	0	0	0	b'[\\p{Lu}]'
corpus	default	dfa	0	0	0	0	b'^\\h$'
corpus	vm	vm	0	0	0	0	b'^\\h$'
corpus	default	dfa	0	0	0	0	b'^\\H$'
corpus	vm	vm	0	0	0	0	b'^\\H$'
corpus	default	dfa	0	0	0	0	b'^\\v$'
corpus	vm	vm	0	0	0	0	b'^\\v$'
corpus	default	dfa	0	0	0	0	b'^\\V$'
corpus	vm	vm	0	0	0	0	b'^\\V$'
corpus	default	dfa	0	0	0	0	b'^[\\h]$'
corpus	vm	vm	0	0	0	0	b'^[\\h]$'
corpus	default	dfa	0	0	0	0	b'^[^\\h]$'
corpus	vm	vm	0	0	0	0	b'^[^\\h]$'
corpus	default	dfa	0	0	0	0	b'^[\\v]$'
corpus	vm	vm	0	0	0	0	b'^[\\v]$'
corpus	default	dfa	0	0	0	0	b'^[^\\v]$'
corpus	vm	vm	0	0	0	0	b'^[^\\v]$'
corpus	default	dfa	0	0	0	0	b'^[\\h\\v]$'
corpus	vm	vm	0	0	0	0	b'^[\\h\\v]$'
corpus	default	dfa	0	0	0	0	b'x\\h+y'
corpus	vm	vm	0	0	0	0	b'x\\h+y'
corpus	default	dfa	0	0	0	0	b'x\\h+'
corpus	vm	vm	0	0	0	0	b'x\\h+'
corpus	default	dfa	0	0	0	0	b'x\\v+'
corpus	vm	vm	0	0	0	0	b'x\\v+'
corpus	default	dfa	0	0	0	0	b'a\\hb'
corpus	vm	vm	0	0	0	0	b'a\\hb'
corpus	default	dfa	0	0	0	0	b'\\v'
corpus	vm	vm	0	0	0	0	b'\\v'
corpus	default	dfa	0	0	0	0	b'\\G|b'
corpus	vm	vm	0	0	0	0	b'\\G|b'
corpus	default	dfa	0	0	0	0	b'(?i)(?r)a'
corpus	vm	vm	1	1	1	1	b'(?i)(?r)a'
corpus	default	dfa	0	0	0	0	b'(?i)(?r)\\xe9'
corpus	vm	vm	0	0	0	0	b'(?i)(?r)\\xe9'
corpus	default	dfa	0	0	0	0	b'(?i)(?r)k'
corpus	vm	vm	1	1	1	1	b'(?i)(?r)k'
corpus	default	dfa	0	0	0	0	b'(?i)(?r)s'
corpus	vm	vm	1	1	1	1	b'(?i)(?r)s'
corpus	default	dfa	0	0	0	0	b'(?i)(?r)[a-z]'
corpus	vm	vm	0	0	0	0	b'(?i)(?r)[a-z]'
corpus	default	dfa	0	0	0	0	b'(?r)(?i)k'
corpus	vm	vm	1	1	1	1	b'(?r)(?i)k'
corpus	default	dfa	0	0	0	0	b'(?-r)k'
corpus	vm	vm	0	0	0	0	b'(?-r)k'
corpus	default	dfa	0	0	0	0	b'x\\p{L}y'
corpus	vm	vm	0	0	0	0	b'x\\p{L}y'
corpus	default	vm	0	0	0	0	b'x(\\p{L})y'
corpus	vm	vm	0	0	0	0	b'x(\\p{L})y'
corpus	default	dfa	0	0	0	0	b'x\\P{L}y'
corpus	vm	vm	0	0	0	0	b'x\\P{L}y'
corpus	default	vm	0	0	0	0	b'x(\\P{L})y'
corpus	vm	vm	0	0	0	0	b'x(\\P{L})y'
corpus	default	dfa	0	0	0	0	b'x\\p{Xwd}y'
corpus	vm	vm	0	0	0	0	b'x\\p{Xwd}y'
corpus	default	vm	0	0	0	0	b'x(\\p{Xwd})y'
corpus	vm	vm	0	0	0	0	b'x(\\p{Xwd})y'
corpus	default	dfa	0	0	0	0	b'x\\P{Unknown}y'
corpus	vm	vm	0	0	0	0	b'x\\P{Unknown}y'
corpus	default	vm	0	0	0	0	b'x(\\P{Unknown})y'
corpus	vm	vm	0	0	0	0	b'x(\\P{Unknown})y'
corpus	default	dfa	0	0	0	0	b'x[^a]y'
corpus	vm	vm	0	0	0	0	b'x[^a]y'
corpus	default	vm	0	0	0	0	b'x([^a])y'
corpus	vm	vm	0	0	0	0	b'x([^a])y'
corpus	default	dfa	0	0	0	0	b'x.y'
corpus	vm	vm	0	0	0	0	b'x.y'
corpus	default	vm	0	0	0	0	b'x(.)y'
corpus	vm	vm	0	0	0	0	b'x(.)y'
corpus	default	dfa	0	0	0	0	b'x[\\x{e0}-\\x{ff}]y'
corpus	vm	vm	0	0	0	0	b'x[\\x{e0}-\\x{ff}]y'
corpus	default	vm	0	0	0	0	b'x([\\x{e0}-\\x{ff}])y'
corpus	vm	vm	0	0	0	0	b'x([\\x{e0}-\\x{ff}])y'
corpus	default	dfa	0	0	0	0	b'x(?i)[k\\x{e9}]y'
corpus	vm	vm	1	1	1	1	b'x(?i)[k\\x{e9}]y'
corpus	default	vm	0	0	0	0	b'x((?i)[k\\x{e9}])y'
corpus	vm	vm	0	0	0	0	b'x((?i)[k\\x{e9}])y'
corpus	default	vm	0	0	0	0	b'^${prefix}-[0-9]+$'
corpus	vm	vm	0	0	0	0	b'^${prefix}-[0-9]+$'
corpus	default	vm	0	0	0	0	b'^a${v}b$'
corpus	vm	vm	0	0	0	0	b'^a${v}b$'
corpus	default	vm	0	0	0	0	b'^${v}-${v}$'
corpus	vm	vm	0	0	0	0	b'^${v}-${v}$'
corpus	default	vm	0	0	0	0	b'^${v}{2}$'
corpus	vm	vm	0	0	0	0	b'^${v}{2}$'
corpus	default	vm	0	0	0	0	b'^(${a}|${b})$'
corpus	vm	vm	0	0	0	0	b'^(${a}|${b})$'
corpus	default	vm	0	0	0	0	b'^a(?=${v})bc$'
corpus	vm	vm	0	0	0	0	b'^a(?=${v})bc$'
corpus	default	vm	0	0	0	0	b'^${prefix}x$'
corpus	vm	vm	0	0	0	0	b'^${prefix}x$'
corpus	default	vm	0	0	0	0	b'^${v}$'
corpus	vm	vm	0	0	0	0	b'^${v}$'
corpus	default	vm	0	0	0	0	b'^(?i)${v}$'
corpus	vm	vm	0	0	0	0	b'^(?i)${v}$'
corpus	default	vm	0	0	0	0	b'^${v:-\xff}$'
corpus	vm	vm	0	0	0	0	b'^${v:-\xff}$'
corpus	default	vm	0	0	0	0	b'^${v:-dev}$'
corpus	vm	vm	0	0	0	0	b'^${v:-dev}$'
corpus	default	vm	0	0	0	0	b'^${v:-}-x$'
corpus	vm	vm	0	0	0	0	b'^${v:-}-x$'
corpus	default	vm	0	0	0	0	b'^${v-dev}$'
corpus	vm	vm	0	0	0	0	b'^${v-dev}$'
corpus	default	vm	0	0	0	0	b'^a${v:+yes}b$'
corpus	vm	vm	0	0	0	0	b'^a${v:+yes}b$'
corpus	default	vm	0	0	0	0	b'^a${v+yes}b$'
corpus	vm	vm	0	0	0	0	b'^a${v+yes}b$'
corpus	default	vm	0	0	0	0	b'^${v:?}$'
corpus	vm	vm	0	0	0	0	b'^${v:?}$'
corpus	default	vm	0	0	0	0	b'^${a:-${b}}$'
corpus	vm	vm	0	0	0	0	b'^${a:-${b}}$'
bench:altwide	default	dfa	0	0	0	0	'(?i)(?:yoslwssiyybw|dybf|oodo|omykisp|idox|oemrbp|xzxj|qnhl|dwvtih|hykcivjg|qpcwyu|hpc|tvkncrudbyqq|wbhyurodsyj|dvc|jwb|epjaz|pvi|lbckwi|imz|jpzb|dlnltqzq|ksspa'
bench:altwide	vm	vm	26	1842	84	26	'(?i)(?:yoslwssiyybw|dybf|oodo|omykisp|idox|oemrbp|xzxj|qnhl|dwvtih|hykcivjg|qpcwyu|hpc|tvkncrudbyqq|wbhyurodsyj|dvc|jwb|epjaz|pvi|lbckwi|imz|jpzb|dlnltqzq|ksspa'
bench:altwide	default	dfa	0	0	0	0	'(?i)(?:yoslwssiyybw|dybf|oodo|omykisp|idox|oemrbp|xzxj|qnhl|dwvtih|hykcivjg|qpcwyu|hpc|tvkncrudbyqq|wbhyurodsyj|dvc|jwb|epjaz|pvi|lbckwi|imz|jpzb|dlnltqzq|ksspa'
bench:altwide	default	dfa	0	0	0	0	'(?:yoslwssiyybw|dybf|oodo|omykisp|idox|oemrbp|xzxj|qnhl|dwvtih|hykcivjg|qpcwyu|hpc|tvkncrudbyqq|wbhyurodsyj|dvc|jwb|epjaz|pvi|lbckwi|imz|jpzb|dlnltqzq|ksspawnhg'
bench:altwide	vm	vm	0	0	0	0	'(?:yoslwssiyybw|dybf|oodo|omykisp|idox|oemrbp|xzxj|qnhl|dwvtih|hykcivjg|qpcwyu|hpc|tvkncrudbyqq|wbhyurodsyj|dvc|jwb|epjaz|pvi|lbckwi|imz|jpzb|dlnltqzq|ksspawnhg'
bench:altwide	default	dfa	0	0	0	0	'#'
bench:altwide	vm	vm	0	0	0	0	'#'
bench:altwide	default	dfa	0	0	0	0	'(?:gwipefmnb|gbkjy|tfek|buvixwwookl|mybycmuuwget|brjxwkemms|mxpzyewmsc|bpqb|bwevzaozgepg|gvvkxqozsag|gnkavmtpnyh|mvnocdw|meem|tshfleoxts|mazsaxqgd|mrwpt|tsizcfy'
bench:altwide	vm	vm	0	0	0	0	'(?:gwipefmnb|gbkjy|tfek|buvixwwookl|mybycmuuwget|brjxwkemms|mxpzyewmsc|bpqb|bwevzaozgepg|gvvkxqozsag|gnkavmtpnyh|mvnocdw|meem|tshfleoxts|mazsaxqgd|mrwpt|tsizcfy'
bench:altwide	default	dfa	0	0	0	0	'(?:gwipefmnb|gbkjy|tfek|buvixwwookl|mybycmuuwget|brjxwkemms|mxpzyewmsc|bpqb|bwevzaozgepg|gvvkxqozsag|gnkavmtpnyh|mvnocdw|meem|tshfleoxts|mazsaxqgd|mrwpt|tsizcfy'
bench:altwide	vm	vm	0	0	0	0	'(?:gwipefmnb|gbkjy|tfek|buvixwwookl|mybycmuuwget|brjxwkemms|mxpzyewmsc|bpqb|bwevzaozgepg|gvvkxqozsag|gnkavmtpnyh|mvnocdw|meem|tshfleoxts|mazsaxqgd|mrwpt|tsizcfy'
bench:altwide	default	dfa	0	0	0	0	'(?:gwipefmnb|gbkjy|tfek|buvixwwookl|mybycmuuwget|brjxwkemms|mxpzyewmsc|bpqb|bwevzaozgepg|gvvkxqozsag|gnkavmtpnyh|mvnocdw|meem|tshfleoxts|mazsaxqgd|mrwpt|tsizcfy'
bench:altwide	vm	vm	0	0	0	0	'(?:gwipefmnb|gbkjy|tfek|buvixwwookl|mybycmuuwget|brjxwkemms|mxpzyewmsc|bpqb|bwevzaozgepg|gvvkxqozsag|gnkavmtpnyh|mvnocdw|meem|tshfleoxts|mazsaxqgd|mrwpt|tsizcfy'
bench:altwide	default	dfa	0	0	0	0	'(?:quxgpxqn|quxictkay|quxmuisybmcl|quxazhct|quxzkalql|quxhvmylpmml|quxvhhwyzszy|quxnzbd|quxkuhtg|quxtwcvncg|quxlzkq|quxiiq|quxxwseue|quxqrretmpdx|quxyjd|quxdghz'
bench:altwide	vm	vm	0	0	0	0	'(?:quxgpxqn|quxictkay|quxmuisybmcl|quxazhct|quxzkalql|quxhvmylpmml|quxvhhwyzszy|quxnzbd|quxkuhtg|quxtwcvncg|quxlzkq|quxiiq|quxxwseue|quxqrretmpdx|quxyjd|quxdghz'
bench:altwide	default	dfa	0	0	0	0	'(?:quxgpxqn|quxictkay|quxmuisybmcl|quxazhct|quxzkalql|quxhvmylpmml|quxvhhwyzszy|quxnzbd|quxkuhtg|quxtwcvncg|quxlzkq|quxiiq|quxxwseue|quxqrretmpdx|quxyjd|quxdghz'
bench:altwide	vm	vm	0	0	0	0	'(?:quxgpxqn|quxictkay|quxmuisybmcl|quxazhct|quxzkalql|quxhvmylpmml|quxvhhwyzszy|quxnzbd|quxkuhtg|quxtwcvncg|quxlzkq|quxiiq|quxxwseue|quxqrretmpdx|quxyjd|quxdghz'
bench:altwide	default	dfa	0	0	0	0	'(?:jkdw|uiehxw|sbisnk|qpav|kqbo|wqmy|zlbt|eolfdr|pjtb|jhzzz|dajiv|gpsii|afrg|zfsdrg|wccris|crnmdv|acan|qgks|yql|rtdwo|xywjhh|oxg|nkuspg|dxxdd|whqmgp|kpulym|iirx'
bench:altwide	default	dfa	0	0	0	0	'(?:jkdw|uiehxw|sbisnk|qpav|kqbo|wqmy|zlbt|eolfdr|pjtb|jhzzz|dajiv|gpsii|afrg|zfsdrg|wccris|crnmdv|acan|qgks|yql|rtdwo|xywjhh|oxg|nkuspg|dxxdd|whqmgp|kpulym|iirx'
bench:altwide	vm	vm	0	0	0	0	'(?:jkdw|uiehxw|sbisnk|qpav|kqbo|wqmy|zlbt|eolfdr|pjtb|jhzzz|dajiv|gpsii|afrg|zfsdrg|wccris|crnmdv|acan|qgks|yql|rtdwo|xywjhh|oxg|nkuspg|dxxdd|whqmgp|kpulym|iirx'
bench:altwide	default	dfa	0	0	0	0	'(?:jkdw|uiehxw|sbisnk|qpav|kqbo|wqmy|zlbt|eolfdr|pjtb|jhzzz|dajiv|gpsii|afrg|zfsdrg|wccris|crnmdv|acan|qgks|yql|rtdwo|xywjhh|oxg|nkuspg|dxxdd|whqmgp|kpulym|iirx'
bench:altwide	vm	vm	0	0	0	0	'(?:jkdw|uiehxw|sbisnk|qpav|kqbo|wqmy|zlbt|eolfdr|pjtb|jhzzz|dajiv|gpsii|afrg|zfsdrg|wccris|crnmdv|acan|qgks|yql|rtdwo|xywjhh|oxg|nkuspg|dxxdd|whqmgp|kpulym|iirx'
bench:altwide	default	dfa	0	0	0	0	'(?:uyjozcing|hwqing|eklbing|zmqping|hwkeying|hodluking|sanwsoing|vbyxgaobming|xcoiuining|ontnszing|bhwoqabying|dtxing|bzyxdpzying|xekumrkiing|uclbyxcing|waeing|'
bench:altwide	vm	vm	0	0	0	0	'(?:uyjozcing|hwqing|eklbing|zmqping|hwkeying|hodluking|sanwsoing|vbyxgaobming|xcoiuining|ontnszing|bhwoqabying|dtxing|bzyxdpzying|xekumrkiing|uclbyxcing|waeing|'
bench:altwide	default	dfa	0	0	0	0	'(?:uyjozcing|hwqing|eklbing|zmqping|hwkeying|hodluking|sanwsoing|vbyxgaobming|xcoiuining|ontnszing|bhwoqabying|dtxing|bzyxdpzying|xekumrkiing|uclbyxcing|waeing|'
bench:altwide	vm	vm	0	0	0	0	'(?:uyjozcing|hwqing|eklbing|zmqping|hwkeying|hodluking|sanwsoing|vbyxgaobming|xcoiuining|ontnszing|bhwoqabying|dtxing|bzyxdpzying|xekumrkiing|uclbyxcing|waeing|'
bench:altwide	default	dfa	0	0	0	0	'(?:uyjozcing|hwqing|eklbing|zmqping|hwkeying|hodluking|sanwsoing|vbyxgaobming|xcoiuining|ontnszing|bhwoqabying|dtxing|bzyxdpzying|xekumrkiing|uclbyxcing|waeing|'
bench:altwide	vm	vm	0	0	0	0	'(?:uyjozcing|hwqing|eklbing|zmqping|hwkeying|hodluking|sanwsoing|vbyxgaobming|xcoiuining|ontnszing|bhwoqabying|dtxing|bzyxdpzying|xekumrkiing|uclbyxcing|waeing|'
bench:altwide	default	dfa	0	0	0	0	'(?:kszku|kugrerswj|kbslpglukne|kfsj|kbimunvi|kbwclwybkai|koyezkqbb|kybf|kvcdhzbrjypz|kufyqbpwikf|kmzanp|khcbntznjzo|ktcaql|kqykvb|kllet|knwbhl|kcpvyx|kyer|kfps|'
bench:altwide	vm	vm	0	0	0	0	'(?:kszku|kugrerswj|kbslpglukne|kfsj|kbimunvi|kbwclwybkai|koyezkqbb|kybf|kvcdhzbrjypz|kufyqbpwikf|kmzanp|khcbntznjzo|ktcaql|kqykvb|kllet|knwbhl|kcpvyx|kyer|kfps|'
bench:altwide	default	dfa	0	0	0	0	'(?:kszku|kugrerswj|kbslpglukne|kfsj|kbimunvi|kbwclwybkai|koyezkqbb|kybf|kvcdhzbrjypz|kufyqbpwikf|kmzanp|khcbntznjzo|ktcaql|kqykvb|kllet|knwbhl|kcpvyx|kyer|kfps|'
bench:altwide	vm	vm	0	0	0	0	'(?:kszku|kugrerswj|kbslpglukne|kfsj|kbimunvi|kbwclwybkai|koyezkqbb|kybf|kvcdhzbrjypz|kufyqbpwikf|kmzanp|khcbntznjzo|ktcaql|kqykvb|kllet|knwbhl|kcpvyx|kyer|kfps|'
bench:altwide	default	dfa	0	0	0	0	'(?:kszku|kugrerswj|kbslpglukne|kfsj|kbimunvi|kbwclwybkai|koyezkqbb|kybf|kvcdhzbrjypz|kufyqbpwikf|kmzanp|khcbntznjzo|ktcaql|kqykvb|kllet|knwbhl|kcpvyx|kyer|kfps|'
bench:altwide	vm	vm	0	0	0	0	'(?:kszku|kugrerswj|kbslpglukne|kfsj|kbimunvi|kbwclwybkai|koyezkqbb|kybf|kvcdhzbrjypz|kufyqbpwikf|kmzanp|khcbntznjzo|ktcaql|kqykvb|kllet|knwbhl|kcpvyx|kyer|kfps|'
bench:altwide	default	dfa	0	0	0	0	'(?:aasvudppw|abrof|absxfdpml|abvrjs|abzcedqwxz|anpgmtwu|atfhdjfabrvd|auyg|axrgfypetb|bctrzuklk|bdpoenyvb|bhenoulnoev|bjoilwik|bqkgnel|brhthmioxbkb|btxl|bwmighkn'
bench:altwide	vm	vm	0	0	0	0	'(?:aasvudppw|abrof|absxfdpml|abvrjs|abzcedqwxz|anpgmtwu|atfhdjfabrvd|auyg|axrgfypetb|bctrzuklk|bdpoenyvb|bhenoulnoev|bjoilwik|bqkgnel|brhthmioxbkb|btxl|bwmighkn'
bench:altwide	default	dfa	0	0	0	0	'(?:aasvudppw|abrof|absxfdpml|abvrjs|abzcedqwxz|acztzwpgbb|adbplpwbgo|ahkhhrsts|akacppuwqfta|albexkcygsg|amse|anpgmtwu|aobht|aprdqd|atfhdjfabrvd|aurkmmr|auyg|avk'
bench:altwide	vm	vm	0	0	0	0	'(?:aasvudppw|abrof|absxfdpml|abvrjs|abzcedqwxz|acztzwpgbb|adbplpwbgo|ahkhhrsts|akacppuwqfta|albexkcygsg|amse|anpgmtwu|aobht|aprdqd|atfhdjfabrvd|aurkmmr|auyg|avk'
bench:altwide	vm	vm	0	0	0	0	'(?:yoslwssiyybw|dybf|oodo|omykisp|idox|oemrbp|xzxj|qnhl|dwvtih|hykcivjg|qpcwyu|hpc|tvkncrudbyqq|wbhyurodsyj|dvc|jwb|epjaz|pvi|lbckwi|imz|jpzb|dlnltqzq|ksspawnhg'
bench:altwide	default	dfa	0	0	0	0	'(?:yoslwssiyybw|dybf|oodo|omykisp|idox|oemrbp|xzxj|qnhl|dwvtih|hykcivjg|qpcwyu|hpc|tvkncrudbyqq|wbhyurodsyj|dvc|jwb|epjaz|pvi|lbckwi|imz|jpzb|dlnltqzq|ksspawnhg'
bench:altwide	vm	vm	0	0	0	0	'(?:yoslwssiyybw|dybf|oodo|omykisp|idox|oemrbp|xzxj|qnhl|dwvtih|hykcivjg|qpcwyu|hpc|tvkncrudbyqq|wbhyurodsyj|dvc|jwb|epjaz|pvi|lbckwi|imz|jpzb|dlnltqzq|ksspawnhg'
bench:altwide	default	dfa	0	0	0	0	'(?:yoslwssiyybw|dybf|oodo|omykisp|idox|oemrbp|xzxj|qnhl|dwvtih|hykcivjg|qpcwyu|hpc|tvkncrudbyqq|wbhyurodsyj|dvc|jwb|epjaz|pvi|lbckwi|imz|jpzb|dlnltqzq|ksspawnhg'
bench:altwide	vm	vm	0	0	0	0	'(?:yoslwssiyybw|dybf|oodo|omykisp|idox|oemrbp|xzxj|qnhl|dwvtih|hykcivjg|qpcwyu|hpc|tvkncrudbyqq|wbhyurodsyj|dvc|jwb|epjaz|pvi|lbckwi|imz|jpzb|dlnltqzq|ksspawnhg'
bench:altwide	default	dfa	0	0	0	0	'(?:yoslwssiyybw|dybf|oodo|omykisp|idox|oemrbp|xzxj|qnhl|dwvtih|hykcivjg|qpcwyu|hpc|tvkncrudbyqq|wbhyurodsyj|dvc|jwb|epjaz|pvi|lbckwi|imz|jpzb|dlnltqzq|ksspawnhg'
bench:altwide	vm	vm	0	0	0	0	'(?:yoslwssiyybw|dybf|oodo|omykisp|idox|oemrbp|xzxj|qnhl|dwvtih|hykcivjg|qpcwyu|hpc|tvkncrudbyqq|wbhyurodsyj|dvc|jwb|epjaz|pvi|lbckwi|imz|jpzb|dlnltqzq|ksspawnhg'
bench:altwide	default	dfa	0	0	0	0	'(?:yoslwssiyybw|dybf|oodo|omykisp|idox|oemrbp|xzxj|qnhl|dwvtih|hykcivjg|qpcwyu|hpc|tvkncrudbyqq|wbhyurodsyj|dvc|jwb|epjaz|pvi|lbckwi|imz|jpzb|dlnltqzq|ksspawnhg'
bench:altwide	vm	vm	0	0	0	0	'(?:yoslwssiyybw|dybf|oodo|omykisp|idox|oemrbp|xzxj|qnhl|dwvtih|hykcivjg|qpcwyu|hpc|tvkncrudbyqq|wbhyurodsyj|dvc|jwb|epjaz|pvi|lbckwi|imz|jpzb|dlnltqzq|ksspawnhg'
bench:altwide	default	dfa	0	0	0	0	'(?:yoslwssiyybw|dybf|oodo|omykisp|idox|oemrbp|xzxj|qnhl|dwvtih|hykcivjg|qpcwyu|hpc|tvkncrudbyqq|wbhyurodsyj|dvc|jwb|epjaz|pvi|lbckwi|imz|jpzb|dlnltqzq|ksspawnhg'
bench:altwide	vm	vm	0	0	0	0	'(?:yoslwssiyybw|dybf|oodo|omykisp|idox|oemrbp|xzxj|qnhl|dwvtih|hykcivjg|qpcwyu|hpc|tvkncrudbyqq|wbhyurodsyj|dvc|jwb|epjaz|pvi|lbckwi|imz|jpzb|dlnltqzq|ksspawnhg'
bench:altwide	default	dfa	0	0	0	0	'(?:yoslwssiyybw|dybf|oodo|omykisp|idox|oemrbp|xzxj|qnhl|dwvtih|hykcivjg|qpcwyu|hpc|tvkncrudbyqq|wbhyurodsyj|dvc|jwb|epjaz|pvi|lbckwi|imz|jpzb|dlnltqzq|ksspawnhg'
bench:altwide	vm	vm	0	0	0	0	'(?:yoslwssiyybw|dybf|oodo|omykisp|idox|oemrbp|xzxj|qnhl|dwvtih|hykcivjg|qpcwyu|hpc|tvkncrudbyqq|wbhyurodsyj|dvc|jwb|epjaz|pvi|lbckwi|imz|jpzb|dlnltqzq|ksspawnhg'
bench:altwide	default	dfa	0	0	0	0	'(?:yoslwssiyybw|dybf|oodo|omykisp|idox|oemrbp|xzxj|qnhl)'
bench:altwide	vm	vm	0	0	0	0	'(?:yoslwssiyybw|dybf|oodo|omykisp|idox|oemrbp|xzxj|qnhl)'
bench:altwide	default	dfa	0	0	0	0	'(?:yoslwssiyybw|dybf|oodo|omykisp|idox|oemrbp|xzxj|qnhl|dwvtih|hykcivjg|qpcwyu|hpc|tvkncrudbyqq|wbhyurodsyj|dvc|jwb|epjaz|pvi|lbckwi|imz|jpzb|dlnltqzq|ksspawnhg'
bench:altwide	vm	vm	0	0	0	0	'(?:yoslwssiyybw|dybf|oodo|omykisp|idox|oemrbp|xzxj|qnhl|dwvtih|hykcivjg|qpcwyu|hpc|tvkncrudbyqq|wbhyurodsyj|dvc|jwb|epjaz|pvi|lbckwi|imz|jpzb|dlnltqzq|ksspawnhg'
bench:altwide	default	dfa	0	0	0	0	'\\b(?:yoslwssiyybw|dybf|oodo|omykisp|idox|oemrbp|xzxj|qnhl|dwvtih|hykcivjg|qpcwyu|hpc|tvkncrudbyqq|wbhyurodsyj|dvc|jwb|epjaz|pvi|lbckwi|imz|jpzb|dlnltqzq|ksspawn'
bench:altwide	vm	vm	0	0	0	0	'\\b(?:yoslwssiyybw|dybf|oodo|omykisp|idox|oemrbp|xzxj|qnhl|dwvtih|hykcivjg|qpcwyu|hpc|tvkncrudbyqq|wbhyurodsyj|dvc|jwb|epjaz|pvi|lbckwi|imz|jpzb|dlnltqzq|ksspawn'
bench:altwide	default	dfa	0	0	0	0	'\\b(?:yoslwssiyybw|dybf|oodo|omykisp|idox|oemrbp|xzxj|qnhl|dwvtih|hykcivjg|qpcwyu|hpc|tvkncrudbyqq|wbhyurodsyj|dvc|jwb|epjaz|pvi|lbckwi|imz|jpzb|dlnltqzq|ksspawn'
bench:altwide	vm	vm	0	0	0	0	'\\b(?:yoslwssiyybw|dybf|oodo|omykisp|idox|oemrbp|xzxj|qnhl|dwvtih|hykcivjg|qpcwyu|hpc|tvkncrudbyqq|wbhyurodsyj|dvc|jwb|epjaz|pvi|lbckwi|imz|jpzb|dlnltqzq|ksspawn'
bench:bounded	default	dfa	0	0	0	0	'[a-z]{4096,}'
bench:bounded	vm	vm	0	0	0	0	'[a-z]{4096,}'
bench:bounded	default	dfa	0	0	0	0	'[a-z]{0,16384}?'
bench:bounded	vm	vm	0	0	0	0	'[a-z]{0,16384}?'
bench:bounded	default	dfa	0	0	0	0	'[a-z]{0,1024}'
bench:bounded	vm	vm	0	0	0	0	'[a-z]{0,1024}'
bench:bounded	default	dfa	0	0	0	0	'[a-z]{0,128}'
bench:bounded	vm	vm	0	0	0	0	'[a-z]{0,128}'
bench:bounded	default	dfa	0	0	0	0	'[a-z]{0,16}'
bench:bounded	vm	vm	0	0	0	0	'[a-z]{0,16}'
bench:bounded	default	dfa	0	0	0	0	'[a-z]{0,16384}'
bench:bounded	vm	vm	0	0	0	0	'[a-z]{0,16384}'
bench:bounded	default	dfa	0	0	0	0	'[a-z]{0,2048}'
bench:bounded	vm	vm	0	0	0	0	'[a-z]{0,2048}'
bench:bounded	default	dfa	0	0	0	0	'[a-z]{0,256}'
bench:bounded	vm	vm	0	0	0	0	'[a-z]{0,256}'
bench:bounded	default	dfa	0	0	0	0	'[a-z]{0,32}'
bench:bounded	vm	vm	0	0	0	0	'[a-z]{0,32}'
bench:bounded	default	vm	0	0	0	0	'[a-z]{0,32768}'
bench:bounded	vm	vm	0	0	0	0	'[a-z]{0,32768}'
bench:bounded	default	dfa	0	0	0	0	'[a-z]{0,4}'
bench:bounded	vm	vm	0	0	0	0	'[a-z]{0,4}'
bench:bounded	default	dfa	0	0	0	0	'[a-z]{0,4096}'
bench:bounded	vm	vm	0	0	0	0	'[a-z]{0,4096}'
bench:bounded	default	dfa	0	0	0	0	'[a-z]{0,512}'
bench:bounded	vm	vm	0	0	0	0	'[a-z]{0,512}'
bench:bounded	default	dfa	0	0	0	0	'[a-z]{0,64}'
bench:bounded	vm	vm	0	0	0	0	'[a-z]{0,64}'
bench:bounded	vm	vm	0	0	0	0	'[a-z]{0,65535}'
bench:bounded	default	dfa	0	0	0	0	'[a-z]{0,8}'
bench:bounded	vm	vm	0	0	0	0	'[a-z]{0,8}'
bench:bounded	default	dfa	0	0	0	0	'[a-z]{0,8192}'
bench:bounded	vm	vm	0	0	0	0	'[a-z]{0,8192}'
bench:bounded	default	dfa	0	0	0	0	'(?:[^,\\n]{0,32},){4}[^,\\n]{0,32}'
bench:bounded	vm	vm	0	0	0	0	'(?:[^,\\n]{0,32},){4}[^,\\n]{0,32}'
bench:bounded	default	vm	0	0	0	0	'\\b(?:fail|abort|panic)\\b.{0,256}\\b(?:disk|memory|socket|quota)\\b'
bench:bounded	vm	vm	0	0	0	0	'\\b(?:fail|abort|panic)\\b.{0,256}\\b(?:disk|memory|socket|quota)\\b'
bench:bounded	default	vm	0	0	0	0	'\\b(?:fail|abort|panic)\\b.{0,1024}?\\b(?:disk|memory|socket|quota)\\b'
bench:bounded	vm	vm	0	0	0	0	'\\b(?:fail|abort|panic)\\b.{0,1024}?\\b(?:disk|memory|socket|quota)\\b'
bench:bounded	default	vm	0	0	0	0	'\\b(?:fail|abort|panic)\\b.{0,256}?\\b(?:disk|memory|socket|quota)\\b'
bench:bounded	vm	vm	0	0	0	0	'\\b(?:fail|abort|panic)\\b.{0,256}?\\b(?:disk|memory|socket|quota)\\b'
bench:bounded	default	vm	0	0	0	0	'\\b(?:fail|abort|panic)\\b.{0,64}?\\b(?:disk|memory|socket|quota)\\b'
bench:bounded	vm	vm	0	0	0	0	'\\b(?:fail|abort|panic)\\b.{0,64}?\\b(?:disk|memory|socket|quota)\\b'
bench:bounded	default	dfa	0	0	0	0	'\\d{16}'
bench:bounded	vm	vm	0	0	0	0	'\\d{16}'
bench:bounded	default	dfa	0	0	0	0	'\\d{2}'
bench:bounded	vm	vm	0	0	0	0	'\\d{2}'
bench:bounded	default	dfa	0	0	0	0	'\\d{32}'
bench:bounded	vm	vm	0	0	0	0	'\\d{32}'
bench:bounded	default	dfa	0	0	0	0	'\\d{8}'
bench:bounded	vm	vm	0	0	0	0	'\\d{8}'
bench:bounded	default	dfa	0	0	0	0	'\\d{1,16}'
bench:bounded	vm	vm	0	0	0	0	'\\d{1,16}'
bench:bounded	default	dfa	0	0	0	0	'\\d{1,2}'
bench:bounded	vm	vm	0	0	0	0	'\\d{1,2}'
bench:bounded	default	dfa	0	0	0	0	'\\d{1,32}'
bench:bounded	vm	vm	0	0	0	0	'\\d{1,32}'
bench:bounded	default	dfa	0	0	0	0	'\\d{1,4}'
bench:bounded	vm	vm	0	0	0	0	'\\d{1,4}'
bench:bounded	default	dfa	0	0	0	0	'\\d{1,8}'
bench:bounded	vm	vm	0	0	0	0	'\\d{1,8}'
bench:bounded	default	dfa	0	0	0	0	'(?:\\d{1,3}\\.){3}\\d{1,3}'
bench:bounded	vm	vm	0	0	0	0	'(?:\\d{1,3}\\.){3}\\d{1,3}'
bench:bounded	default	dfa	0	0	0	0	':'
bench:bounded	vm	vm	0	0	0	0	':'
bench:bounded	default	dfa	0	0	0	0	'(?:a|[b-z]){0,1024}'
bench:bounded	vm	vm	0	0	0	0	'(?:a|[b-z]){0,1024}'
bench:bounded	default	dfa	0	0	0	0	'[0-9a-f]{32}'
bench:bounded	vm	vm	0	0	0	0	'[0-9a-f]{32}'
bench:bounded	default	dfa	0	0	0	0	'.{80,}'
bench:bounded	vm	vm	0	0	0	0	'.{80,}'
bench:bounded	default	dfa	0	0	0	0	'(?:\\d{1,4}){1,4}'
bench:bounded	vm	vm	0	0	0	0	'(?:\\d{1,4}){1,4}'
bench:bounded	default	dfa	0	0	0	0	'(?:\\d{1,64}){1,64}'
bench:bounded	vm	vm	0	0	0	0	'(?:\\d{1,64}){1,64}'
bench:bounded	default	dfa	0	0	0	0	'(?:[a-z]{1,6}){1,6}'
bench:bounded	vm	vm	0	0	0	0	'(?:[a-z]{1,6}){1,6}'
bench:bounded	default	dfa	0	0	0	0	'(?:(?:\\d{1,16}){1,16}){1,16}'
bench:bounded	vm	vm	0	0	0	0	'(?:(?:\\d{1,16}){1,16}){1,16}'
bench:bounded	default	dfa	0	0	0	0	'(?:(?:\\d{1,3}){1,3}){1,3}'
bench:bounded	vm	vm	0	0	0	0	'(?:(?:\\d{1,3}){1,3}){1,3}'
bench:bounded	default	dfa	0	0	0	0	'.{8,64}'
bench:bounded	vm	vm	0	0	0	0	'.{8,64}'
bench:bounded	default	dfa	0	0	0	0	'\\d{4}'
bench:bounded	vm	vm	0	0	0	0	'\\d{4}'
bench:capability	default	vm	0	0	0	0	'\\((?:[^()]|(?R))*\\)'
bench:capability	vm	vm	0	0	0	0	'\\((?:[^()]|(?R))*\\)'
bench:capability	default	dfa	0	0	0	0	'^-?(?:0|[1-9]\\d*)(?:\\.\\d+)?$'
bench:capability	vm	vm	0	0	0	0	'^-?(?:0|[1-9]\\d*)(?:\\.\\d+)?$'
bench:capability	default	vm	0	0	0	0	'(?x)\n(?(DEFINE)\n  (?<brackets>\n    \\[\n      (?: [^\\[\\]] | (?&brackets) )*\n    \\]\n  )\n)\n^ (?&brackets) $'
bench:capability	vm	vm	0	0	0	0	'(?x)\n(?(DEFINE)\n  (?<brackets>\n    \\[\n      (?: [^\\[\\]] | (?&brackets) )*\n    \\]\n  )\n)\n^ (?&brackets) $'
bench:capability	default	vm	0	0	0	0	'"([^"\\\\]+)"\\s*:\\s*'
bench:capability	vm	vm	0	0	0	0	'"([^"\\\\]+)"\\s*:\\s*'
bench:capability	default	vm	0	0	0	0	'(?x)\n  "                     # opening quote\n  (?<key> [^"\\\\]+ )     # the key text (no escape handling, kept simple)\n  "\n  \\s* : \\s*             # colon separa'
bench:capability	vm	vm	0	0	0	0	'(?x)\n  "                     # opening quote\n  (?<key> [^"\\\\]+ )     # the key text (no escape handling, kept simple)\n  "\n  \\s* : \\s*             # colon separa'
bench:capability	default	dfa	0	0	0	0	'(?<=\\$)\\d+(?:\\.\\d{2})?\\b'
bench:capability	vm	vm	0	0	0	0	'(?<=\\$)\\d+(?:\\.\\d{2})?\\b'
bench:capability	default	vm	0	0	0	0	'^(([0-9]+[-/])+)+$'
bench:capability	vm	vm	0	0	0	0	'^(([0-9]+[-/])+)+$'
bench:capability	default	vm	0	0	0	0	'\\b(\\w+)\\b\\s+\\1\\b'
bench:capability	vm	vm	0	0	0	0	'\\b(\\w+)\\b\\s+\\1\\b'
bench:capability	default	vm	0	0	0	0	'\\b(\\w+)=[^&]*&(?:[^&]*&)*\\1='
bench:capability	vm	vm	0	0	0	0	'\\b(\\w+)=[^&]*&(?:[^&]*&)*\\1='
bench:capability	default	vm	0	0	0	0	'^(?!.*\\.\\.)[A-Za-z0-9.]+(?=@)'
bench:capability	vm	vm	0	0	0	0	'^(?!.*\\.\\.)[A-Za-z0-9.]+(?=@)'
bench:capability	default	vm	0	0	0	0	'^([a-zA-Z0-9._%+-]+)+@'
bench:capability	vm	vm	0	0	0	0	'^([a-zA-Z0-9._%+-]+)+@'
bench:capability	default	vm	0	0	0	0	'^(([a-z]+)*)+$'
bench:capability	vm	vm	0	0	0	0	'^(([a-z]+)*)+$'
bench:capability	default	dfa	0	0	0	0	'\\.tar|\\.tar\\.gz'
bench:capability	vm	vm	0	0	0	0	'\\.tar|\\.tar\\.gz'
bench:capability	default	dfa	0	0	0	0	'(?<![\\d.])\\d+\\.\\d+(?![\\d.])'
bench:capability	vm	vm	0	0	0	0	'(?<![\\d.])\\d+\\.\\d+(?![\\d.])'
bench:capability	default	dfa	0	0	0	0	'~'
bench:capability	vm	vm	0	0	0	0	'~'
bench:capability	default	dfa	0	0	0	0	'[\\x80-\\xff]{2,4}'
bench:capability	vm	vm	0	0	0	0	'[\\x80-\\xff]{2,4}'
bench:capability	default	dfa	0	0	0	0	'^(?:(?:25[0-5]|2[0-4]\\d|1\\d\\d|[1-9]?\\d)\\.){3}(?:25[0-5]|2[0-4]\\d|1\\d\\d|[1-9]?\\d)$'
bench:capability	vm	vm	0	0	0	0	'^(?:(?:25[0-5]|2[0-4]\\d|1\\d\\d|[1-9]?\\d)\\.){3}(?:25[0-5]|2[0-4]\\d|1\\d\\d|[1-9]?\\d)$'
bench:capability	default	dfa	0	0	0	0	'in|instanceof'
bench:capability	vm	vm	0	0	0	0	'in|instanceof'
bench:capability	default	vm	0	0	0	0	'^(?:(?:kern|user|mail|daemon|auth|syslog|cron)\\.(?:emerg|alert|crit|err|warning|notice|info|debug)): (.*)$'
bench:capability	vm	vm	0	0	0	0	'^(?:(?:kern|user|mail|daemon|auth|syslog|cron)\\.(?:emerg|alert|crit|err|warning|notice|info|debug)): (.*)$'
bench:capability	default	vm	0	0	0	0	'^(?>(?:kern|user|mail|daemon|auth|syslog|cron)\\.(?:emerg|alert|crit|err|warning|notice|info|debug)): (.*)$'
bench:capability	vm	vm	0	0	0	0	'^(?>(?:kern|user|mail|daemon|auth|syslog|cron)\\.(?:emerg|alert|crit|err|warning|notice|info|debug)): (.*)$'
bench:capability	default	dfa	0	0	0	0	'\udc93[\\x20-\\x7e]*\udc94'
bench:capability	vm	vm	0	0	0	0	'\udc93[\\x20-\\x7e]*\udc94'
bench:capability	default	vm	0	0	0	0	'(/\\*(?:[^*/]|\\*(?!/)|/(?!\\*)|(?1))*\\*/)'
bench:capability	vm	vm	0	0	0	0	'(/\\*(?:[^*/]|\\*(?!/)|/(?!\\*)|(?1))*\\*/)'
bench:capability	default	vm	0	0	0	0	'^(\\d+)+$'
bench:capability	vm	vm	0	0	0	0	'^(\\d+)+$'
bench:capability	default	vm	0	0	0	0	'^(\\d+\\s*)+$'
bench:capability	vm	vm	0	0	0	0	'^(\\d+\\s*)+$'
bench:capability	default	vm	0	0	0	0	'(\\d)(\\d)(\\d)\\3\\2\\1'
bench:capability	vm	vm	0	0	0	0	'(\\d)(\\d)(\\d)\\3\\2\\1'
bench:capability	default	vm	0	0	0	0	'^(?=.*[a-z])(?=.*[A-Z])(?=.*\\d)(?=.*[^\\w\\s]).{8,}$'
bench:capability	vm	vm	0	0	0	0	'^(?=.*[a-z])(?=.*[A-Z])(?=.*\\d)(?=.*[^\\w\\s]).{8,}$'
bench:capability	default	vm	0	0	0	0	'(["\'])(?:(?!\\1)[^\\\\]|\\\\.)*\\1'
bench:capability	vm	vm	0	0	0	0	'(["\'])(?:(?!\\1)[^\\\\]|\\\\.)*\\1'
bench:capability	default	dfa	0	0	0	0	'/user|/users'
bench:capability	vm	vm	0	0	0	0	'/user|/users'
bench:capability	default	vm	0	0	0	0	'<(\\w+)>(?:[^<]|<(\\w+)>(?:[^<]|<(\\w+)>[^<]*</\\3>)*</\\2>)*</\\1>'
bench:capability	vm	vm	0	0	0	0	'<(\\w+)>(?:[^<]|<(\\w+)>(?:[^<]|<(\\w+)>[^<]*</\\3>)*</\\2>)*</\\1>'
bench:capability	default	vm	0	0	0	0	'<([a-zA-Z][\\w:-]*)(?:\\s[^>]*)?>.*?</\\1\\s*>'
bench:capability	vm	vm	0	0	0	0	'<([a-zA-Z][\\w:-]*)(?:\\s[^>]*)?>.*?</\\1\\s*>'
bench:capability	default	vm	0	0	0	0	'^(\\s+)*$'
bench:capability	vm	vm	0	0	0	0	'^(\\s+)*$'
bench:capability	default	dfa	0	0	0	0	'[\\xc2-\\xdf](?![\\x80-\\xbf])'
bench:capability	vm	vm	0	0	0	0	'[\\xc2-\\xdf](?![\\x80-\\xbf])'
bench:capability	default	dfa	0	0	0	0	'^[0-9a-fA-F]{8}-[0-9a-fA-F]{4}-[1-5][0-9a-fA-F]{3}-[89abAB][0-9a-fA-F]{3}-[0-9a-fA-F]{12}$'
bench:capability	vm	vm	0	0	0	0	'^[0-9a-fA-F]{8}-[0-9a-fA-F]{4}-[1-5][0-9a-fA-F]{3}-[89abAB][0-9a-fA-F]{3}-[0-9a-fA-F]{12}$'
bench:capability	default	dfa	0	0	0	0	'\\['
bench:capability	vm	vm	0	0	0	0	'\\['
bench:capability	default	dfa	0	0	0	0	'\\b(?:true|false|null)\\b'
bench:capability	vm	vm	0	0	0	0	'\\b(?:true|false|null)\\b'
bench:capability	default	dfa	0	0	0	0	'(?x)        # turn on extended mode\n  -?        # an optional minus\n  (?:\n    0       # a zero\n    |       # ...or...\n    [1-9]   # a 1-9 character\n    \\d*     '
bench:capability	vm	vm	1	1	1	1	'(?x)        # turn on extended mode\n  -?        # an optional minus\n  (?:\n    0       # a zero\n    |       # ...or...\n    [1-9]   # a 1-9 character\n    \\d*     '
bench:capability	default	dfa	0	0	0	0	'\\{'
bench:capability	vm	vm	0	0	0	0	'\\{'
bench:capability	default	dfa	0	0	0	0	'(?x)                # turn on extended mode\n  \\\\                # a literal backslash\n  (?:               # ...followed by...\n    ["\\\\/bfnrt]     # one of these'
bench:capability	vm	vm	0	0	0	0	'(?x)                # turn on extended mode\n  \\\\                # a literal backslash\n  (?:               # ...followed by...\n    ["\\\\/bfnrt]     # one of these'
bench:capability	default	vm	0	0	0	0	'^\\s*((?:[+-]\\d{6}|\\d{4})-(?:\\d\\d-\\d\\d|W\\d\\d-\\d|W\\d\\d|\\d\\d\\d|\\d\\d))(?:(T| )(\\d\\d(?::\\d\\d(?::\\d\\d(?:[.,]\\d+)?)?)?)([+-]\\d\\d(?::?\\d\\d)?|\\s*Z)?)?$'
bench:capability	vm	vm	0	0	0	0	'^\\s*((?:[+-]\\d{6}|\\d{4})-(?:\\d\\d-\\d\\d|W\\d\\d-\\d|W\\d\\d|\\d\\d\\d|\\d\\d))(?:(T| )(\\d\\d(?::\\d\\d(?::\\d\\d(?:[.,]\\d+)?)?)?)([+-]\\d\\d(?::?\\d\\d)?|\\s*Z)?)?$'
bench:capability	default	vm	0	0	0	0	'(?<![0-9.+-])(?>[+-]?(?:(?:[0-9]+(?:\\.[0-9]+)?)|(?:\\.[0-9]+)))'
bench:capability	vm	vm	0	0	0	0	'(?<![0-9.+-])(?>[+-]?(?:(?:[0-9]+(?:\\.[0-9]+)?)|(?:\\.[0-9]+)))'
bench:capability	default	dfa	0	0	0	0	'(?<![0-9.+-])(?:[+-]?(?:(?:[0-9]+(?:\\.[0-9]+)?)|(?:\\.[0-9]+)))'
bench:capability	vm	vm	0	0	0	0	'(?<![0-9.+-])(?:[+-]?(?:(?:[0-9]+(?:\\.[0-9]+)?)|(?:\\.[0-9]+)))'
bench:capability	default	vm	0	0	0	0	'(?>(?<!\\\\)(?>"(?>\\\\.|[^\\\\"]+)+"|""|(?>\'(?>\\\\.|[^\\\\\']+)+\')|\'\'|(?>`(?>\\\\.|[^\\\\`]+)+`)|``))'
bench:capability	vm	vm	0	0	0	0	'(?>(?<!\\\\)(?>"(?>\\\\.|[^\\\\"]+)+"|""|(?>\'(?>\\\\.|[^\\\\\']+)+\')|\'\'|(?>`(?>\\\\.|[^\\\\`]+)+`)|``))'
bench:capability	default	dfa	0	0	0	0	'(?:(?<!\\\\)(?:"(?:\\\\.|[^\\\\"]+)+"|""|(?:\'(?:\\\\.|[^\\\\\']+)+\')|\'\'|(?:`(?:\\\\.|[^\\\\`]+)+`)|``))'
bench:capability	vm	vm	0	0	0	0	'(?:(?<!\\\\)(?:"(?:\\\\.|[^\\\\"]+)+"|""|(?:\'(?:\\\\.|[^\\\\\']+)+\')|\'\'|(?:`(?:\\\\.|[^\\\\`]+)+`)|``))'
bench:capability	default	vm	8	12	3	8	'(?<timestamp>(?:\\b(?:[Jj]an(?:uary|uar)?|[Ff]eb(?:ruary|ruar)?|[Mm](?:a|ä)?r(?:ch|z)?|[Aa]pr(?:il)?|[Mm]a(?:y|i)?|[Jj]un(?:e|i)?|[Jj]ul(?:y|i)?|[Aa]ug(?:ust)?|['
bench:capability	vm	vm	8	12	3	8	'(?<timestamp>(?:\\b(?:[Jj]an(?:uary|uar)?|[Ff]eb(?:ruary|ruar)?|[Mm](?:a|ä)?r(?:ch|z)?|[Aa]pr(?:il)?|[Mm]a(?:y|i)?|[Jj]un(?:e|i)?|[Jj]ul(?:y|i)?|[Aa]ug(?:ust)?|['
bench:capability	default	vm	0	0	0	0	'(?>[A-Za-z]+:|\\\\)(?:\\\\[^\\\\?*]*)+'
bench:capability	vm	vm	0	0	0	0	'(?>[A-Za-z]+:|\\\\)(?:\\\\[^\\\\?*]*)+'
bench:capability	default	vm	0	0	0	0	'\\b((?:A3T[A-Z0-9]|AKIA|AGPA|AIDA|AROA|AIPA|ANPA|ANVA|ASIA)[A-Z0-9]{16})\\b'
bench:capability	vm	vm	0	0	0	0	'\\b((?:A3T[A-Z0-9]|AKIA|AGPA|AIDA|AROA|AIPA|ANPA|ANVA|ASIA)[A-Z0-9]{16})\\b'
bench:capability	default	vm	0	0	0	0	'\\b(github_pat_[0-9a-zA-Z_]{82})\\b'
bench:capability	vm	vm	0	0	0	0	'\\b(github_pat_[0-9a-zA-Z_]{82})\\b'
bench:capability	default	vm	15	28	5	15	'(?i)https://hooks.slack.com/services/(T[a-z0-9_]{8}/B[a-z0-9_]{8,12}/[a-z0-9_]{24})'
bench:capability	vm	vm	15	28	5	15	'(?i)https://hooks.slack.com/services/(T[a-z0-9_]{8}/B[a-z0-9_]{8,12}/[a-z0-9_]{24})'
bench:capability	default	vm	0	0	0	0	'(?:username|USERNAME|user|USER)[ \\t]*=[ \\t]*["\']([a-zA-Z0-9.@_\\-+]{3,30})["\']\\s*[,;]?\\s*(?:\\s*(?:\\#|//)[^\\n\\r]*[\\n\\r])*(?:password|pass|PASSWORD|PASS)[ \\t]*=[ \\'
bench:capability	vm	vm	0	0	0	0	'(?:username|USERNAME|user|USER)[ \\t]*=[ \\t]*["\']([a-zA-Z0-9.@_\\-+]{3,30})["\']\\s*[,;]?\\s*(?:\\s*(?:\\#|//)[^\\n\\r]*[\\n\\r])*(?:password|pass|PASSWORD|PASS)[ \\t]*=[ \\'
bench:capability	default	dfa	0	0	0	0	'foo|foobar'
bench:capability	vm	vm	0	0	0	0	'foo|foobar'
bench:capability	default	dfa	0	0	0	0	'abc$'
bench:capability	vm	vm	0	0	0	0	'abc$'
bench:capability	default	vm	0	0	0	0	'(a|)*\\d'
bench:capability	vm	vm	0	0	0	0	'(a|)*\\d'
bench:capability	default	dfa	0	0	0	0	'^[a-zA-Z0-9_+&*-]+(?:\\.[a-zA-Z0-9_+&*-]+)*@(?:[a-zA-Z0-9-]+\\.)+[a-zA-Z]{2,}$'
bench:capability	vm	vm	0	0	0	0	'^[a-zA-Z0-9_+&*-]+(?:\\.[a-zA-Z0-9_+&*-]+)*@(?:[a-zA-Z0-9-]+\\.)+[a-zA-Z]{2,}$'
bench:capability	default	vm	0	0	0	0	'^(25[0-5]|2[0-4][0-9]|[01]?[0-9][0-9]?)\\.(25[0-5]|2[0-4][0-9]|[01]?[0-9][0-9]?)\\.(25[0-5]|2[0-4][0-9]|[01]?[0-9][0-9]?)\\.(25[0-5]|2[0-4][0-9]|[01]?[0-9][0-9]?)$'
bench:capability	vm	vm	0	0	0	0	'^(25[0-5]|2[0-4][0-9]|[01]?[0-9][0-9]?)\\.(25[0-5]|2[0-4][0-9]|[01]?[0-9][0-9]?)\\.(25[0-5]|2[0-4][0-9]|[01]?[0-9][0-9]?)\\.(25[0-5]|2[0-4][0-9]|[01]?[0-9][0-9]?)$'
bench:capability	default	vm	0	0	0	0	'^\\d{5}(-\\d{4})?$'
bench:capability	vm	vm	0	0	0	0	'^\\d{5}(-\\d{4})?$'
bench:capability	default	dfa	0	0	0	0	'[A-Fa-f0-9]{8}-(?:[A-Fa-f0-9]{4}-){3}[A-Fa-f0-9]{12}'
bench:capability	vm	vm	0	0	0	0	'[A-Fa-f0-9]{8}-(?:[A-Fa-f0-9]{4}-){3}[A-Fa-f0-9]{12}'
bench:capability	default	dfa	0	0	0	0	'(?i)\\b(?:d(?:atabas|b_nam)e[^0-9A-Z_a-z]*\\(|(?:information_schema|m(?:aster\\.\\.sysdatabases|s(?:db|ys(?:ac(?:cess(?:objects|storage|xml)|es)|modules2?|(?:object'
bench:capability	vm	vm	23	186	24	23	'(?i)\\b(?:d(?:atabas|b_nam)e[^0-9A-Z_a-z]*\\(|(?:information_schema|m(?:aster\\.\\.sysdatabases|s(?:db|ys(?:ac(?:cess(?:objects|storage|xml)|es)|modules2?|(?:object'
bench:capability	default	dfa	0	0	0	0	'(?i:sleep\\s*?\\(.*?\\)|benchmark\\s*?\\(.*?\\,.*?\\))'
bench:capability	vm	vm	12	14	3	12	'(?i:sleep\\s*?\\(.*?\\)|benchmark\\s*?\\(.*?\\,.*?\\))'
bench:capability	default	dfa	0	0	0	0	'(?i)union.*?select.*?from'
bench:capability	vm	vm	12	15	2	12	'(?i)union.*?select.*?from'
bench:capability	default	dfa	0	0	0	0	'(?i)\\b(?:(?:alter|(?:(?:cre|trunc|upd)at|renam)e|de(?:lete|sc)|(?:inser|selec)t|load)[\\s\\x0b]+(?:char|group_concat|load_file)\\b[\\s\\x0b]*\\(?|end[\\s\\x0b]*?\\);)|[\\'
bench:capability	vm	vm	26	744	98	26	'(?i)\\b(?:(?:alter|(?:(?:cre|trunc|upd)at|renam)e|de(?:lete|sc)|(?:inser|selec)t|load)[\\s\\x0b]+(?:char|group_concat|load_file)\\b[\\s\\x0b]*\\(?|end[\\s\\x0b]*?\\);)|[\\'
bench:capability	default	dfa	0	0	0	0	'(?i)/\\*[\\s\\x0b]*?[!\\+](?:[\\s\\x0b\\(\\)\\-0-9=A-Z_a-z]+)?\\*/'
bench:capability	vm	vm	0	0	0	0	'(?i)/\\*[\\s\\x0b]*?[!\\+](?:[\\s\\x0b\\(\\)\\-0-9=A-Z_a-z]+)?\\*/'
bench:capability	default	dfa	0	0	0	0	'^[A-Za-z]:\\\\(?:[^<>:"/\\\\|?*]+\\\\)*[^<>:"/\\\\|?*]+$'
bench:capability	vm	vm	0	0	0	0	'^[A-Za-z]:\\\\(?:[^<>:"/\\\\|?*]+\\\\)*[^<>:"/\\\\|?*]+$'
bench:email	default	dfa	0	0	0	0	"(?:(?<atom>[a-z0-9!#$%&'*+/=?^_`{|}~-]+)){0}(?:(?<qchar>[\\x01-\\x08\\x0b\\x0c\\x0e-\\x1f\\x21\\x23-\\x5b\\x5d-\\x7f]|\\\\[\\x01-\\x09\\x0b\\x0c\\x0e-\\x7f])){0}(?:(?<label>[a-z0-"
bench:email	vm	vm	0	0	0	0	"(?:(?<atom>[a-z0-9!#$%&'*+/=?^_`{|}~-]+)){0}(?:(?<qchar>[\\x01-\\x08\\x0b\\x0c\\x0e-\\x1f\\x21\\x23-\\x5b\\x5d-\\x7f]|\\\\[\\x01-\\x09\\x0b\\x0c\\x0e-\\x7f])){0}(?:(?<label>[a-z0-"
bench:email	default	dfa	0	0	0	0	'@'
bench:email	vm	vm	0	0	0	0	'@'
bench:email	default	dfa	0	0	0	0	'(?:[a-z0-9!#$%&\'*+/=?^_`{|}~-]+(?:\\.[a-z0-9!#$%&\'*+/=?^_`{|}~-]+)*|"(?:[\\x01-\\x08\\x0b\\x0c\\x0e-\\x1f\\x21\\x23-\\x5b\\x5d-\\x7f]|\\\\[\\x01-\\x09\\x0b\\x0c\\x0e-\\x7f])*")@(?:'
bench:email	vm	vm	0	0	0	0	'(?:[a-z0-9!#$%&\'*+/=?^_`{|}~-]+(?:\\.[a-z0-9!#$%&\'*+/=?^_`{|}~-]+)*|"(?:[\\x01-\\x08\\x0b\\x0c\\x0e-\\x1f\\x21\\x23-\\x5b\\x5d-\\x7f]|\\\\[\\x01-\\x09\\x0b\\x0c\\x0e-\\x7f])*")@(?:'
bench:litrun	default	dfa	0	0	0	0	'foo.x|foobar|foo.'
bench:litrun	vm	vm	0	0	0	0	'foo.x|foobar|foo.'
bench:litrun	default	dfa	0	0	0	0	'abcdefghij'
bench:litrun	vm	vm	0	0	0	0	'abcdefghij'
bench:litrun	default	dfa	0	0	0	0	'abcdefghijklmnop'
bench:litrun	vm	vm	0	0	0	0	'abcdefghijklmnop'
bench:litrun	default	dfa	0	0	0	0	'ab'
bench:litrun	vm	vm	0	0	0	0	'ab'
bench:litrun	default	dfa	0	0	0	0	'abc'
bench:litrun	vm	vm	0	0	0	0	'abc'
bench:litrun	default	dfa	0	0	0	0	'abcdefghijklmnopqrstuvwxyzABCDE'
bench:litrun	vm	vm	0	0	0	0	'abcdefghijklmnopqrstuvwxyzABCDE'
bench:litrun	default	dfa	0	0	0	0	'abcd'
bench:litrun	vm	vm	0	0	0	0	'abcd'
bench:litrun	default	dfa	0	0	0	0	'abcdefghijklmnopqrstuvwxyzABCDEFGHIJKLMN'
bench:litrun	vm	vm	0	0	0	0	'abcdefghijklmnopqrstuvwxyzABCDEFGHIJKLMN'
bench:litrun	default	dfa	0	0	0	0	'abcdefg'
bench:litrun	vm	vm	0	0	0	0	'abcdefg'
bench:litrun	default	dfa	0	0	0	0	'abcdefgh'
bench:litrun	vm	vm	0	0	0	0	'abcdefgh'
bench:loglines	default	dfa	0	0	0	0	'\\b[0-9]{10,19}\\b'
bench:loglines	vm	vm	0	0	0	0	'\\b[0-9]{10,19}\\b'
bench:loglines	default	dfa	0	0	0	0	'\\b[0-9a-f]{32}\\b'
bench:loglines	vm	vm	0	0	0	0	'\\b[0-9a-f]{32}\\b'
bench:loglines	default	dfa	0	0	0	0	'"(?:GET|POST|PUT|PATCH|DELETE|HEAD) [^ "]+ HTTP/1\\.[01]" 5[0-9]{2}\\b'
bench:loglines	vm	vm	0	0	0	0	'"(?:GET|POST|PUT|PATCH|DELETE|HEAD) [^ "]+ HTTP/1\\.[01]" 5[0-9]{2}\\b'
bench:loglines	default	dfa	0	0	0	0	'(?:(?:25[0-5]|2[0-4][0-9]|1[0-9][0-9]|[1-9]?[0-9])\\.){3}(?:25[0-5]|2[0-4][0-9]|1[0-9][0-9]|[1-9]?[0-9])'
bench:loglines	vm	vm	0	0	0	0	'(?:(?:25[0-5]|2[0-4][0-9]|1[0-9][0-9]|[1-9]?[0-9])\\.){3}(?:25[0-5]|2[0-4][0-9]|1[0-9][0-9]|[1-9]?[0-9])'
bench:loglines	default	dfa	0	0	0	0	'(?:(?:[0-9a-f]{1,4}:){4,7}[0-9a-f]{1,4}|(?:[0-9a-f]{1,4}:){1,7}:[0-9a-f]{0,4})'
bench:loglines	vm	vm	0	0	0	0	'(?:(?:[0-9a-f]{1,4}:){4,7}[0-9a-f]{1,4}|(?:[0-9a-f]{1,4}:){1,7}:[0-9a-f]{0,4})'
bench:loglines	default	dfa	0	0	0	0	'\\d{4}-\\d{2}-\\d{2}[T ]\\d{2}:\\d{2}:\\d{2}(?:[.,]\\d{1,6})?(?:Z|[+-]\\d{2}:?\\d{2})?'
bench:loglines	vm	vm	0	0	0	0	'\\d{4}-\\d{2}-\\d{2}[T ]\\d{2}:\\d{2}:\\d{2}(?:[.,]\\d{1,6})?(?:Z|[+-]\\d{2}:?\\d{2})?'
bench:loglines	default	dfa	0	0	0	0	'\\b[a-z_][a-z0-9_]{0,31}="(?:[^"\\\\]|\\\\.)*"'
bench:loglines	vm	vm	0	0	0	0	'\\b[a-z_][a-z0-9_]{0,31}="(?:[^"\\\\]|\\\\.)*"'
bench:loglines	default	vm	0	0	0	0	'\\b(?:ERROR|FATAL|CRIT)\\b.{0,200}?\\b(?:timeout|timed out|refused|denied|unreachable)\\b'
bench:loglines	vm	vm	0	0	0	0	'\\b(?:ERROR|FATAL|CRIT)\\b.{0,200}?\\b(?:timeout|timed out|refused|denied|unreachable)\\b'
bench:loglines	default	dfa	0	0	0	0	'\\bat (?:[A-Za-z_$][A-Za-z0-9_$]*\\.){2,}[A-Za-z_$][A-Za-z0-9_$]*\\((?:[A-Za-z0-9_$]+\\.java:[0-9]+|Native Method|Unknown Source)\\)'
bench:loglines	vm	vm	0	0	0	0	'\\bat (?:[A-Za-z_$][A-Za-z0-9_$]*\\.){2,}[A-Za-z_$][A-Za-z0-9_$]*\\((?:[A-Za-z0-9_$]+\\.java:[0-9]+|Native Method|Unknown Source)\\)'
bench:loglines	default	dfa	0	0	0	0	'\\b[0-9a-f]{8}-[0-9a-f]{4}-[1-5][0-9a-f]{3}-[89ab][0-9a-f]{3}-[0-9a-f]{12}\\b'
bench:loglines	vm	vm	0	0	0	0	'\\b[0-9a-f]{8}-[0-9a-f]{4}-[1-5][0-9a-f]{3}-[89ab][0-9a-f]{3}-[0-9a-f]{12}\\b'
bench:syntax	default	dfa	0	0	0	0	'(?:c|d)(?:at|og)'
bench:syntax	vm	vm	0	0	0	0	'(?:c|d)(?:at|og)'
bench:syntax	default	dfa	0	0	0	0	'cat|dog'
bench:syntax	vm	vm	0	0	0	0	'cat|dog'
bench:syntax	default	dfa	0	0	0	0	'\\Aitem'
bench:syntax	vm	vm	0	0	0	0	'\\Aitem'
bench:syntax	default	dfa	0	0	0	0	'^item'
bench:syntax	vm	vm	0	0	0	0	'^item'
bench:syntax	default	dfa	0	0	0	0	'done$'
bench:syntax	vm	vm	0	0	0	0	'done$'
bench:syntax	default	dfa	0	0	0	0	'\\Gitem'
bench:syntax	vm	vm	0	0	0	0	'\\Gitem'
bench:syntax	default	dfa	0	0	0	0	'(?m)^item'
bench:syntax	vm	vm	0	0	0	0	'(?m)^item'
bench:syntax	default	dfa	0	0	0	0	'(?m)done$'
bench:syntax	vm	vm	0	0	0	0	'(?m)done$'
bench:syntax	default	dfa	0	0	0	0	'done\\z'
bench:syntax	vm	vm	0	0	0	0	'done\\z'
bench:syntax	default	dfa	0	0	0	0	'done\\Z'
bench:syntax	vm	vm	0	0	0	0	'done\\Z'
bench:syntax	default	vm	0	0	0	0	'key=\\K\\w+'
bench:syntax	vm	vm	0	0	0	0	'key=\\K\\w+'
bench:syntax	default	dfa	0	0	0	0	'\\Bcat\\B'
bench:syntax	vm	vm	0	0	0	0	'\\Bcat\\B'
bench:syntax	default	dfa	0	0	0	0	'\\bcat\\b'
bench:syntax	vm	vm	0	0	0	0	'\\bcat\\b'
bench:syntax	default	vm	0	0	0	0	'(\\w+) \\1'
bench:syntax	vm	vm	0	0	0	0	'(\\w+) \\1'
bench:syntax	default	vm	0	0	0	0	'(\\w)(\\w)\\2\\1'
bench:syntax	vm	vm	0	0	0	0	'(\\w)(\\w)\\2\\1'
bench:syntax	default	vm	0	0	0	0	'(\\w+) \\g{-1}'
bench:syntax	vm	vm	0	0	0	0	'(\\w+) \\g{-1}'
bench:syntax	default	vm	0	0	0	0	'<(?<t>\\w+)>[^<]*</\\k<t>>'
bench:syntax	vm	vm	0	0	0	0	'<(?<t>\\w+)>[^<]*</\\k<t>>'
bench:syntax	default	vm	0	0	0	0	'(?P<t>\\w+) (?P=t)'
bench:syntax	vm	vm	0	0	0	0	'(?P<t>\\w+) (?P=t)'
bench:syntax	default	dfa	0	0	0	0	'\\d+'
bench:syntax	vm	vm	0	0	0	0	'\\d+'
bench:syntax	default	dfa	0	0	0	0	'c.t'
bench:syntax	vm	vm	0	0	0	0	'c.t'
bench:syntax	default	dfa	0	0	0	0	'c[aA]t'
bench:syntax	vm	vm	1	1	1	1	'c[aA]t'
bench:syntax	default	dfa	0	0	0	0	'key\\h*=\\h*value'
bench:syntax	vm	vm	0	0	0	0	'key\\h*=\\h*value'
bench:syntax	default	dfa	0	0	0	0	'(?i)c[aeiou]t'
bench:syntax	vm	vm	2	2	1	2	'(?i)c[aeiou]t'
bench:syntax	default	dfa	0	0	0	0	'c[a-zA-Z]t'
bench:syntax	vm	vm	0	0	0	0	'c[a-zA-Z]t'
bench:syntax	default	dfa	0	0	0	0	'it\\Nm'
bench:syntax	vm	vm	0	0	0	0	'it\\Nm'
bench:syntax	default	dfa	0	0	0	0	'c[^aeiou]t'
bench:syntax	vm	vm	0	0	0	0	'c[^aeiou]t'
bench:syntax	default	dfa	0	0	0	0	'c[ac]t'
bench:syntax	vm	vm	0	0	0	0	'c[ac]t'
bench:syntax	default	dfa	0	0	0	0	'[[:alpha:]]+'
bench:syntax	vm	vm	0	0	0	0	'[[:alpha:]]+'
bench:syntax	default	dfa	0	0	0	0	'0x[0-9a-fA-F]+'
bench:syntax	vm	vm	0	0	0	0	'0x[0-9a-fA-F]+'
bench:syntax	default	dfa	0	0	0	0	'cat\\s+sat'
bench:syntax	vm	vm	0	0	0	0	'cat\\s+sat'
bench:syntax	default	dfa	0	0	0	0	'\\S+@\\S+'
bench:syntax	vm	vm	0	0	0	0	'\\S+@\\S+'
bench:syntax	default	dfa	0	0	0	0	'item\\v+done'
bench:syntax	vm	vm	0	0	0	0	'item\\v+done'
bench:syntax	default	dfa	0	0	0	0	'\\w+'
bench:syntax	vm	vm	0	0	0	0	'\\w+'
bench:syntax	default	dfa	0	0	0	0	'item\\r\\ndone'
bench:syntax	vm	vm	0	0	0	0	'item\\r\\ndone'
bench:syntax	default	dfa	0	0	0	0	'caf\\x{e9}'
bench:syntax	vm	vm	0	0	0	0	'caf\\x{e9}'
bench:syntax	default	dfa	0	0	0	0	'\\x63at'
bench:syntax	vm	vm	0	0	0	0	'\\x63at'
bench:syntax	default	dfa	0	0	0	0	'item\\ndone'
bench:syntax	vm	vm	0	0	0	0	'item\\ndone'
bench:syntax	default	dfa	0	0	0	0	'item\\040done'
bench:syntax	vm	vm	0	0	0	0	'item\\040done'
bench:syntax	default	dfa	0	0	0	0	'\\Qf(x)\\E'
bench:syntax	vm	vm	0	0	0	0	'\\Qf(x)\\E'
bench:syntax	default	dfa	0	0	0	0	'key\\tvalue'
bench:syntax	vm	vm	0	0	0	0	'key\\tvalue'
bench:syntax	default	vm	0	0	0	0	'(?>a|ab)c'
bench:syntax	vm	vm	0	0	0	0	'(?>a|ab)c'
bench:syntax	default	dfa	0	0	0	0	'(?>a+)b'
bench:syntax	vm	vm	0	0	0	0	'(?>a+)b'
bench:syntax	default	vm	0	0	0	0	'(cat)'
bench:syntax	vm	vm	0	0	0	0	'(cat)'
bench:syntax	default	vm	0	0	0	0	"(?'w'cat)"
bench:syntax	vm	vm	0	0	0	0	"(?'w'cat)"
bench:syntax	default	vm	0	0	0	0	'(?<w>cat)'
bench:syntax	vm	vm	0	0	0	0	'(?<w>cat)'
bench:syntax	default	dfa	0	0	0	0	'(?:ab)+'
bench:syntax	vm	vm	0	0	0	0	'(?:ab)+'
bench:syntax	default	dfa	0	0	0	0	'cat'
bench:syntax	vm	vm	0	0	0	0	'cat'
bench:syntax	default	vm	0	0	0	0	'item(?! done)'
bench:syntax	vm	vm	0	0	0	0	'item(?! done)'
bench:syntax	default	vm	0	0	0	0	'(?*item)item'
bench:syntax	vm	vm	0	0	0	0	'(?*item)item'
bench:syntax	default	vm	0	0	0	0	'item(?= done)'
bench:syntax	vm	vm	0	0	0	0	'item(?= done)'
bench:syntax	default	vm	0	0	0	0	'item(*pla: done)'
bench:syntax	vm	vm	0	0	0	0	'item(*pla: done)'
bench:syntax	default	vm	0	0	0	0	'(?<!item )done'
bench:syntax	vm	vm	0	0	0	0	'(?<!item )done'
bench:syntax	default	vm	0	0	0	0	'(?<=item )done'
bench:syntax	vm	vm	0	0	0	0	'(?<=item )done'
bench:syntax	default	dfa	0	0	0	0	'(?a)\\w+'
bench:syntax	vm	vm	0	0	0	0	'(?a)\\w+'
bench:syntax	default	dfa	0	0	0	0	'(?i)cat'
bench:syntax	vm	vm	3	3	1	3	'(?i)cat'
bench:syntax	default	vm	0	0	0	0	'(?J)(?:(?<w>the)|(?<w>\\w+)) \\k<w>'
bench:syntax	vm	vm	0	0	0	0	'(?J)(?:(?<w>the)|(?<w>\\w+)) \\k<w>'
bench:syntax	default	dfa	0	0	0	0	'(?n)(ca)t'
bench:syntax	vm	vm	0	0	0	0	'(?n)(ca)t'
bench:syntax	default	dfa	0	0	0	0	'(?ir)cat'
bench:syntax	vm	vm	3	3	1	3	'(?ir)cat'
bench:syntax	default	dfa	0	0	0	0	'(?i)c(?^)at'
bench:syntax	vm	vm	1	1	1	1	'(?i)c(?^)at'
bench:syntax	default	dfa	0	0	0	0	'(?s)item.done'
bench:syntax	vm	vm	0	0	0	0	'(?s)item.done'
bench:syntax	default	dfa	0	0	0	0	'(?U)".+"'
bench:syntax	vm	vm	0	0	0	0	'(?U)".+"'
bench:syntax	default	dfa	0	0	0	0	'(?i)c(?-i)at'
bench:syntax	vm	vm	1	1	1	1	'(?i)c(?-i)at'
bench:syntax	default	dfa	0	0	0	0	'(?x) c a t # comment'
bench:syntax	vm	vm	0	0	0	0	'(?x) c a t # comment'
bench:syntax	default	dfa	0	0	0	0	'".*?"'
bench:syntax	vm	vm	0	0	0	0	'".*?"'
bench:syntax	default	dfa	0	0	0	0	'a+ab'
bench:syntax	vm	vm	0	0	0	0	'a+ab'
bench:syntax	default	dfa	0	0	0	0	'a+b'
bench:syntax	vm	vm	0	0	0	0	'a+b'
bench:syntax	default	dfa	0	0	0	0	'a{1,2}+b'
bench:syntax	vm	vm	0	0	0	0	'a{1,2}+b'
bench:syntax	default	vm	0	0	0	0	'a++ab'
bench:syntax	vm	vm	0	0	0	0	'a++ab'
bench:syntax	default	vm	0	0	0	0	'a?+a'
bench:syntax	vm	vm	0	0	0	0	'a?+a'
bench:syntax	default	dfa	0	0	0	0	'a*+b'
bench:syntax	vm	vm	0	0	0	0	'a*+b'
bench:syntax	default	dfa	0	0	0	0	'colou?r'
bench:syntax	vm	vm	0	0	0	0	'colou?r'
bench:syntax	default	dfa	0	0	0	0	'ca*t'
bench:syntax	vm	vm	0	0	0	0	'ca*t'
bench:syntax	default	vm	0	0	0	0	'(\\((?:[^()]|(?1))*\\))'
bench:syntax	vm	vm	0	0	0	0	'(\\((?:[^()]|(?1))*\\))'
bench:syntax	default	vm	0	0	0	0	'(\\d{2})(?-1)'
bench:syntax	vm	vm	0	0	0	0	'(\\d{2})(?-1)'
bench:syntax	default	dfa	0	0	0	0	'(?(DEFINE)(?<d>\\d{2}))(?&d):(?&d)'
bench:syntax	vm	vm	0	0	0	0	'(?(DEFINE)(?<d>\\d{2}))(?&d):(?&d)'
bench:syntax	default	vm	0	0	0	0	'(?+1)(\\d{2})'
bench:syntax	vm	vm	0	0	0	0	'(?+1)(\\d{2})'
bench:syntax	default	vm	0	0	0	0	'(\\d{2})\\g<1>'
bench:syntax	vm	vm	0	0	0	0	'(\\d{2})\\g<1>'
bench:syntax	default	vm	0	0	0	0	'(?<p>\\((?:[^()]|(?&p))*\\))'
bench:syntax	vm	vm	0	0	0	0	'(?<p>\\((?:[^()]|(?&p))*\\))'
bench:syntax	default	vm	0	0	0	0	'(?P<d>\\d{2})(?P>d)'
bench:syntax	vm	vm	0	0	0	0	'(?P<d>\\d{2})(?P>d)'
bench:syntax	default	dfa	0	0	0	0	'\\p{L}+'
bench:syntax	vm	vm	0	0	0	0	'\\p{L}+'
bench:syntax	default	dfa	0	0	0	0	'\\P{L}+'
bench:syntax	vm	vm	0	0	0	0	'\\P{L}+'
bench:utf8	default	dfa	0	0	0	0	'над|больше|через|эти|нас|про|всего|них|какая|много|разве|три|эту|моя|впрочем|хорошо|свою|этой|перед|иногда|лучше|чуть|том|нельзя|такой|им|более|всегда|конечно|в'
bench:utf8	vm	vm	0	0	0	0	'над|больше|через|эти|нас|про|всего|них|какая|много|разве|три|эту|моя|впрочем|хорошо|свою|этой|перед|иногда|лучше|чуть|том|нельзя|такой|им|более|всегда|конечно|в'
bench:utf8	default	dfa	0	0	0	0	'日本|Москва|café'
bench:utf8	vm	vm	0	0	0	0	'日本|Москва|café'
bench:utf8	default	dfa	0	0	0	0	'a|é|日|😀'
bench:utf8	vm	vm	0	0	0	0	'a|é|日|😀'
bench:utf8	default	dfa	0	0	0	0	'日本語|日本国'
bench:utf8	vm	vm	0	0	0	0	'日本語|日本国'
bench:utf8	default	dfa	0	0	0	0	'日本|日曜|日付'
bench:utf8	vm	vm	0	0	0	0	'日本|日曜|日付'
bench:utf8	default	dfa	0	0	0	0	'α|β|γ'
bench:utf8	vm	vm	0	0	0	0	'α|β|γ'
bench:utf8	default	dfa	0	0	0	0	'\\A日本語\\z'
bench:utf8	vm	vm	0	0	0	0	'\\A日本語\\z'
bench:utf8	default	dfa	0	0	0	0	'(*UCP)\\bМосква\\b'
bench:utf8	vm	vm	0	0	0	0	'(*UCP)\\bМосква\\b'
bench:utf8	default	dfa	0	0	0	0	'\\bМосква\\b'
bench:utf8	vm	vm	0	0	0	0	'\\bМосква\\b'
bench:utf8	default	dfa	0	0	0	0	'\\B'
bench:utf8	vm	vm	0	0	0	0	'\\B'
bench:utf8	default	dfa	0	0	0	0	'(?m)^日'
bench:utf8	vm	vm	0	0	0	0	'(?m)^日'
bench:utf8	default	dfa	0	0	0	0	'(?m)語$'
bench:utf8	vm	vm	0	0	0	0	'(?m)語$'
bench:utf8	default	vm	0	0	0	0	'(?<=é)x'
bench:utf8	vm	vm	0	0	0	0	'(?<=é)x'
bench:utf8	default	vm	0	0	0	0	'(?<!日)本'
bench:utf8	vm	vm	0	0	0	0	'(?<!日)本'
bench:utf8	default	vm	0	0	0	0	'(?<=a|é)x'
bench:utf8	vm	vm	0	0	0	0	'(?<=a|é)x'
bench:utf8	default	dfa	0	0	0	0	'(?i)abc'
bench:utf8	vm	vm	3	3	1	3	'(?i)abc'
bench:utf8	default	dfa	0	0	0	0	'(?i)[a-z]+'
bench:utf8	vm	vm	0	0	0	0	'(?i)[a-z]+'
bench:utf8	default	dfa	0	0	0	0	'(?i)é'
bench:utf8	vm	vm	0	0	0	0	'(?i)é'
bench:utf8	default	dfa	0	0	0	0	'(?i)αβγ'
bench:utf8	vm	vm	0	0	0	0	'(?i)αβγ'
bench:utf8	default	dfa	0	0	0	0	'(?i)k'
bench:utf8	vm	vm	1	1	1	1	'(?i)k'
bench:utf8	default	dfa	0	0	0	0	'(?i)s'
bench:utf8	vm	vm	1	1	1	1	'(?i)s'
bench:utf8	default	dfa	0	0	0	0	'(?i)москва'
bench:utf8	vm	vm	0	0	0	0	'(?i)москва'
bench:utf8	default	dfa	0	0	0	0	'(?i)[^é]'
bench:utf8	vm	vm	0	0	0	0	'(?i)[^é]'
bench:utf8	default	dfa	0	0	0	0	'(?i)σ'
bench:utf8	vm	vm	0	0	0	0	'(?i)σ'
bench:utf8	default	dfa	0	0	0	0	'(?i)straße'
bench:utf8	vm	vm	5	5	1	5	'(?i)straße'
bench:utf8	default	dfa	0	0	0	0	'(?i)i'
bench:utf8	vm	vm	1	1	1	1	'(?i)i'
bench:utf8	default	dfa	0	0	0	0	'(*UCP)(?i)é'
bench:utf8	vm	vm	0	0	0	0	'(*UCP)(?i)é'
bench:utf8	default	dfa	0	0	0	0	'[a-é]+'
bench:utf8	vm	vm	0	0	0	0	'[a-é]+'
bench:utf8	default	dfa	0	0	0	0	'(*UCP)\\d{4}'
bench:utf8	vm	vm	0	0	0	0	'(*UCP)\\d{4}'
bench:utf8	default	dfa	0	0	0	0	'^.{5}$'
bench:utf8	vm	vm	0	0	0	0	'^.{5}$'
bench:utf8	default	dfa	0	0	0	0	'.'
bench:utf8	vm	vm	0	0	0	0	'.'
bench:utf8	default	dfa	0	0	0	0	'[α-ω]+'
bench:utf8	vm	vm	0	0	0	0	'[α-ω]+'
bench:utf8	default	dfa	0	0	0	0	'[^é]'
bench:utf8	vm	vm	0	0	0	0	'[^é]'
bench:utf8	default	dfa	0	0	0	0	'a\\sb'
bench:utf8	vm	vm	0	0	0	0	'a\\sb'
bench:utf8	default	dfa	0	0	0	0	'(*UCP)a\\sb'
bench:utf8	vm	vm	0	0	0	0	'(*UCP)a\\sb'
bench:utf8	default	dfa	0	0	0	0	'(*UCP)\\w+'
bench:utf8	vm	vm	0	0	0	0	'(*UCP)\\w+'
bench:utf8	default	dfa	0	0	0	0	'é'
bench:utf8	vm	vm	0	0	0	0	'é'
bench:utf8	default	dfa	0	0	0	0	'日'
bench:utf8	vm	vm	0	0	0	0	'日'
bench:utf8	default	dfa	0	0	0	0	'😀'
bench:utf8	vm	vm	0	0	0	0	'😀'
bench:utf8	default	dfa	0	0	0	0	'^日本語$'
bench:utf8	vm	vm	0	0	0	0	'^日本語$'
bench:utf8	default	dfa	0	0	0	0	'Москва'
bench:utf8	vm	vm	0	0	0	0	'Москва'
bench:utf8	default	dfa	0	0	0	0	'user@例え.jp'
bench:utf8	vm	vm	0	0	0	0	'user@例え.jp'
bench:utf8	default	dfa	0	0	0	0	'日本語'
bench:utf8	vm	vm	0	0	0	0	'日本語'
bench:utf8	default	dfa	0	0	0	0	'café'
bench:utf8	vm	vm	0	0	0	0	'café'
bench:utf8	default	dfa	0	0	0	0	'@é'
bench:utf8	vm	vm	0	0	0	0	'@é'
bench:utf8	default	dfa	0	0	0	0	'é@'
bench:utf8	vm	vm	0	0	0	0	'é@'
bench:utf8	default	dfa	0	0	0	0	'Straße'
bench:utf8	vm	vm	0	0	0	0	'Straße'
bench:utf8	default	dfa	0	0	0	0	'\\p{Cyrillic}+'
bench:utf8	vm	vm	0	0	0	0	'\\p{Cyrillic}+'
bench:utf8	default	dfa	0	0	0	0	'\\p{sc=Greek}'
bench:utf8	vm	vm	0	0	0	0	'\\p{sc=Greek}'
bench:utf8	default	dfa	0	0	0	0	'\\p{Greek}'
bench:utf8	vm	vm	0	0	0	0	'\\p{Greek}'
bench:utf8	default	dfa	0	0	0	0	'\\p{Han}+'
bench:utf8	vm	vm	0	0	0	0	'\\p{Han}+'
bench:utf8	default	dfa	0	0	0	0	'^\\p{L}{4}$'
bench:utf8	vm	vm	0	0	0	0	'^\\p{L}{4}$'
bench:utf8	default	dfa	0	0	0	0	'\\p{Latin}+'
bench:utf8	vm	vm	0	0	0	0	'\\p{Latin}+'
bench:utf8	default	dfa	0	0	0	0	'\\p{Lu}'
bench:utf8	vm	vm	0	0	0	0	'\\p{Lu}'
bench:utf8	default	dfa	0	0	0	0	'\\p{N}+'
bench:utf8	vm	vm	0	0	0	0	'\\p{N}+'
bench:utf8	default	dfa	0	0	0	0	'\\p{Zs}'
bench:utf8	vm	vm	0	0	0	0	'\\p{Zs}'
bench:utf8	default	dfa	0	0	0	0	'😀{2,4}'
bench:utf8	vm	vm	0	0	0	0	'😀{2,4}'
bench:utf8	default	dfa	0	0	0	0	'(?:日本){2,}'
bench:utf8	vm	vm	0	0	0	0	'(?:日本){2,}'
bench:utf8	default	dfa	0	0	0	0	'.{3,8}'
bench:utf8	vm	vm	0	0	0	0	'.{3,8}'
bench:utf8	default	dfa	0	0	0	0	'é+?'
bench:utf8	vm	vm	0	0	0	0	'é+?'
bench:utf8	default	dfa	0	0	0	0	'é+'
bench:utf8	vm	vm	0	0	0	0	'é+'
