possq/s:f-aaab+41	improve	gcc	a	1308.6	same	12500
possq/s:f-aaab+41	improve	gcc	ai	1422.8	same	12500
possq/s:f-aaab+41	improve	gcc	f1	1015.7	same	12500
possq/s:f-aaab+41	improve	gcc	f2	1437.0	same	12500
possq/s:f-aaab+41	improve	gcc	f3	1276.8	same	12500
possq/s:f-aaab+41	improve	gcc	f3i	1409.0	same	12500
possq/s:f-aaab+41	improve	gcc	f4	1455.1	same	12500
possq/s:f-aaab+41	improve	gcc	d	999.2	same	12500
possq/s:f-aaab+41	improve	gcc	d2	1003.7	same	12500
possq/s:f-aaab+41	improve	gcc	dL	1004.7	same	12500
possq/s:f-aaab+41	improve	gcc	ai	1426.9	same	12500
possq/s:f-aaab+41	improve	gcc	f1	999.5	same	12500
possq/s:f-aaab+41	improve	gcc	f2	1431.6	same	12500
possq/s:f-aaab+41	improve	gcc	f3	1269.0	same	12500
possq/s:f-aaab+41	improve	gcc	f3i	1417.8	same	12500
possq/s:f-aaab+41	improve	gcc	f4	1497.2	same	12500
possq/s:f-aaab+41	improve	gcc	d	1002.8	same	12500
possq/s:f-aaab+41	improve	gcc	d2	1001.4	same	12500
possq/s:f-aaab+41	improve	gcc	dL	1004.6	same	12500
possq/s:f-aaab+41	improve	gcc	a	1306.2	same	12500
possq/s:f-aaab+41	improve	gcc	f1	1002.0	same	12500
possq/s:f-aaab+41	improve	gcc	f2	1419.1	same	12500
possq/s:f-aaab+41	improve	gcc	f3	1273.9	same	12500
possq/s:f-aaab+41	improve	gcc	f3i	1411.8	same	12500
possq/s:f-aaab+41	improve	gcc	f4	1439.1	same	12500
possq/s:f-aaab+41	improve	gcc	d	996.6	same	12500
possq/s:f-aaab+41	improve	gcc	d2	993.7	same	12500
possq/s:f-aaab+41	improve	gcc	dL	1005.3	same	12500
possq/s:f-aaab+41	improve	gcc	a	1313.4	same	12500
possq/s:f-aaab+41	improve	gcc	ai	1424.2	same	12500
possq/s:f-aaab+41	improve	gcc	f2	1435.4	same	12500
possq/s:f-aaab+41	improve	gcc	f3	1270.0	same	12500
possq/s:f-aaab+41	improve	gcc	f3i	1418.4	same	12500
possq/s:f-aaab+41	improve	gcc	f4	1436.8	same	12500
possq/s:f-aaab+41	improve	gcc	d	1008.7	same	12500
possq/s:f-aaab+41	improve	gcc	d2	1001.1	same	12500
possq/s:f-aaab+41	improve	gcc	dL	1001.5	same	12500
possq/s:f-aaab+41	improve	gcc	a	1302.3	same	12500
possq/s:f-aaab+41	improve	gcc	ai	1427.6	same	12500
possq/s:f-aaab+41	improve	gcc	f1	1011.0	same	12500
possq/s:f-aaab+41	improve	gcc	f3	1272.7	same	12500
possq/s:f-aaab+41	improve	gcc	f3i	1415.4	same	12500
possq/s:f-aaab+41	improve	gcc	f4	1451.3	same	12500
possq/s:f-aaab+41	improve	gcc	d	995.6	same	12500
possq/s:f-aaab+41	improve	gcc	d2	992.6	same	12500
possq/s:f-aaab+41	improve	gcc	dL	994.0	same	12500
possq/s:f-aaab+41	improve	gcc	a	1301.8	same	12500
possq/s:f-aaab+41	improve	gcc	ai	1425.2	same	12500
possq/s:f-aaab+41	improve	gcc	f1	1009.0	same	12500
possq/s:f-aaab+41	improve	gcc	f2	1447.4	same	12500
possq/s:f-aaab+41	improve	gcc	f3i	1409.8	same	12500
possq/s:f-aaab+41	improve	gcc	f4	1441.7	same	12500
possq/s:f-aaab+41	improve	gcc	d	996.2	same	12500
possq/s:f-aaab+41	improve	gcc	d2	1004.5	same	12500
possq/s:f-aaab+41	improve	gcc	dL	1004.4	same	12500
possq/s:f-aaab+41	improve	gcc	a	1307.2	same	12500
possq/s:f-aaab+41	improve	gcc	ai	1424.0	same	12500
possq/s:f-aaab+41	improve	gcc	f1	1009.4	same	12500
possq/s:f-aaab+41	improve	gcc	f2	1436.1	same	12500
possq/s:f-aaab+41	improve	gcc	f3	1284.4	same	12500
possq/s:f-aaab+41	improve	gcc	f4	1445.1	same	12500
possq/s:f-aaab+41	improve	gcc	d	1006.6	same	12500
possq/s:f-aaab+41	improve	gcc	d2	994.9	same	12500
possq/s:f-aaab+41	improve	gcc	dL	995.4	same	12500
possq/s:f-aaab+41	improve	gcc	a	1303.0	same	12500
possq/s:f-aaab+41	improve	gcc	ai	1427.7	same	12500
possq/s:f-aaab+41	improve	gcc	f1	1005.8	same	12500
possq/s:f-aaab+41	improve	gcc	f2	1436.9	same	12500
possq/s:f-aaab+41	improve	gcc	f3	1281.0	same	12500
possq/s:f-aaab+41	improve	gcc	f3i	1415.8	same	12500
possq/s:f-aaab+41	improve	gcc	d	995.1	same	12500
possq/s:f-aaab+41	improve	gcc	d2	1004.3	same	12500
possq/s:f-aaab+41	improve	gcc	dL	993.0	same	12500
possq/s:f-aaab+41	improve	gcc	a	1300.0	same	12500
possq/s:f-aaab+41	improve	gcc	ai	1429.0	same	12500
possq/s:f-aaab+41	improve	gcc	f1	1001.5	same	12500
possq/s:f-aaab+41	improve	gcc	f2	1428.6	same	12500
possq/s:f-aaab+41	improve	gcc	f3	1271.2	same	12500
possq/s:f-aaab+41	improve	gcc	f3i	1412.4	same	12500
possq/s:f-aaab+41	improve	gcc	f4	1444.9	same	12500
possq/s:f-aaab+41	improve	gcc	d2	996.4	same	12500
possq/s:f-aaab+41	improve	gcc	dL	994.5	same	12500
possq/s:f-aaab+41	improve	gcc	a	1309.1	same	12500
possq/s:f-aaab+41	improve	gcc	ai	1426.8	same	12500
possq/s:f-aaab+41	improve	gcc	f1	1004.8	same	12500
possq/s:f-aaab+41	improve	gcc	f2	1440.7	same	12500
possq/s:f-aaab+41	improve	gcc	f3	1272.3	same	12500
possq/s:f-aaab+41	improve	gcc	f3i	1412.1	same	12500
possq/s:f-aaab+41	improve	gcc	f4	1440.4	same	12500
possq/s:f-aaab+41	improve	gcc	d	996.9	same	12500
possq/s:f-aaab+41	improve	gcc	dL	997.7	same	12500
possq/s:f-aaab+41	improve	gcc	a	1309.7	same	12500
possq/s:f-aaab+41	improve	gcc	ai	1424.6	same	12500
possq/s:f-aaab+41	improve	gcc	f1	992.4	same	12500
possq/s:f-aaab+41	improve	gcc	f2	1428.9	same	12500
possq/s:f-aaab+41	improve	gcc	f3	1266.9	same	12500
possq/s:f-aaab+41	improve	gcc	f3i	1416.1	same	12500
possq/s:f-aaab+41	improve	gcc	f4	1449.5	same	12500
possq/s:f-aaab+41	improve	gcc	d	1001.6	same	12500
possq/s:f-aaab+41	improve	gcc	d2	1006.1	same	12500
possq/s:f-aaab+41	improve	gcc	a	1320.3	same	12500
possq/s:f-aaab+41	improve	gcc	ai	1425.1	same	12500
possq/s:f-aaab+41	improve	gcc	f1	1002.4	same	12500
possq/s:f-aaab+41	improve	gcc	f2	1439.4	same	12500
possq/s:f-aaab+41	improve	gcc	f3	1271.8	same	12500
possq/s:f-aaab+41	improve	gcc	f3i	1413.3	same	12500
possq/s:f-aaab+41	improve	gcc	f4	1453.1	same	12500
possq/s:f-aaab+41	improve	gcc	d	1004.1	same	12500
possq/s:f-aaab+41	improve	gcc	d2	1015.2	same	12500
possq/s:f-aaab+41	improve	gcc	dL	1003.0	same	12500
possq/s:f-aaab+41	improve	gcc	ai	1423.4	same	12500
possq/s:f-aaab+41	improve	gcc	f1	997.9	same	12500
possq/s:f-aaab+41	improve	gcc	f2	1429.5	same	12500
possq/s:f-aaab+41	improve	gcc	f3	1270.6	same	12500
possq/s:f-aaab+41	improve	gcc	f3i	1418.8	same	12500
possq/s:f-aaab+41	improve	gcc	f4	1448.0	same	12500
possq/s:f-aaab+41	improve	gcc	d	999.5	same	12500
possq/s:f-aaab+41	improve	gcc	d2	993.0	same	12500
possq/s:f-aaab+41	improve	gcc	dL	993.4	same	12500
possq/s:f-aaab+41	improve	gcc	a	1308.2	same	12500
possq/s:f-aaab+41	improve	gcc	f1	1009.4	same	12500
possq/s:f-aaab+41	improve	gcc	f2	1426.3	same	12500
possq/s:f-aaab+41	improve	gcc	f3	1269.8	same	12500
possq/s:f-aaab+41	improve	gcc	f3i	1413.6	same	12500
possq/s:f-aaab+41	improve	gcc	f4	1442.6	same	12500
possq/s:f-aaab+41	improve	gcc	d	997.3	same	12500
possq/s:f-aaab+41	improve	gcc	d2	993.1	same	12500
possq/s:f-aaab+41	improve	gcc	dL	1006.9	same	12500
possq/s:f-aaab+41	improve	gcc	a	1297.0	same	12500
possq/s:f-aaab+41	improve	gcc	ai	1421.4	same	12500
possq/s:f-aaab+41	improve	gcc	f2	1431.6	same	12500
possq/s:f-aaab+41	improve	gcc	f3	1272.3	same	12500
possq/s:f-aaab+41	improve	gcc	f3i	1420.9	same	12500
possq/s:f-aaab+41	improve	gcc	f4	1435.8	same	12500
possq/s:f-aaab+41	improve	gcc	d	1008.0	same	12500
possq/s:f-aaab+41	improve	gcc	d2	999.3	same	12500
possq/s:f-aaab+41	improve	gcc	dL	996.3	same	12500
possq/s:f-aaab+41	improve	gcc	a	1307.4	same	12500
possq/s:f-aaab+41	improve	gcc	ai	1427.8	same	12500
possq/s:f-aaab+41	improve	gcc	f1	1021.2	same	12500
possq/s:f-aaab+41	improve	gcc	f3	1269.1	same	12500
possq/s:f-aaab+41	improve	gcc	f3i	1413.1	same	12500
possq/s:f-aaab+41	improve	gcc	f4	1447.9	same	12500
possq/s:f-aaab+41	improve	gcc	d	995.6	same	12500
possq/s:f-aaab+41	improve	gcc	d2	1005.7	same	12500
possq/s:f-aaab+41	improve	gcc	dL	991.1	same	12500
possq/s:f-aaab+41	improve	gcc	a	1301.1	same	12500
possq/s:f-aaab+41	improve	gcc	ai	1436.0	same	12500
possq/s:f-aaab+41	improve	gcc	f1	1003.4	same	12500
possq/s:f-aaab+41	improve	gcc	f2	1429.8	same	12500
possq/s:f-aaab+41	improve	clang	a	2061.5	same	12286
possq/s:f-aaab+41	improve	clang	ai	2060.7	same	12286
possq/s:f-aaab+41	improve	clang	f1	1974.1	same	12286
possq/s:f-aaab+41	improve	clang	f2	1977.7	same	12286
possq/s:f-aaab+41	improve	clang	f3	1663.5	same	12286
possq/s:f-aaab+41	improve	clang	f3i	1726.9	same	12286
possq/s:f-aaab+41	improve	clang	f4	1975.5	same	12286
possq/s:f-aaab+41	improve	clang	d	1496.7	same	12286
possq/s:f-aaab+41	improve	clang	d2	1490.7	same	12286
possq/s:f-aaab+41	improve	clang	dL	1509.4	same	12286
possq/s:f-aaab+41	improve	clang	ai	2064.0	same	12286
possq/s:f-aaab+41	improve	clang	f1	1982.4	same	12286
possq/s:f-aaab+41	improve	clang	f2	1970.4	same	12286
possq/s:f-aaab+41	improve	clang	f3	1663.4	same	12286
possq/s:f-aaab+41	improve	clang	f3i	1735.3	same	12286
possq/s:f-aaab+41	improve	clang	f4	1972.1	same	12286
possq/s:f-aaab+41	improve	clang	d	1490.5	same	12286
possq/s:f-aaab+41	improve	clang	d2	1497.0	same	12286
possq/s:f-aaab+41	improve	clang	dL	1511.4	same	12286
possq/s:f-aaab+41	improve	clang	a	2062.7	same	12286
possq/s:f-aaab+41	improve	clang	f1	1976.0	same	12286
possq/s:f-aaab+41	improve	clang	f2	1986.8	same	12286
possq/s:f-aaab+41	improve	clang	f3	1658.6	same	12286
possq/s:f-aaab+41	improve	clang	f3i	1725.9	same	12286
possq/s:f-aaab+41	improve	clang	f4	1970.0	same	12286
possq/s:f-aaab+41	improve	clang	d	1491.3	same	12286
possq/s:f-aaab+41	improve	clang	d2	1498.4	same	12286
possq/s:f-aaab+41	improve	clang	dL	1511.5	same	12286
possq/s:f-aaab+41	improve	clang	a	2063.4	same	12286
possq/s:f-aaab+41	improve	clang	ai	2067.9	same	12286
possq/s:f-aaab+41	improve	clang	f2	1998.9	same	12286
possq/s:f-aaab+41	improve	clang	f3	1665.4	same	12286
possq/s:f-aaab+41	improve	clang	f3i	1800.1	same	12286
possq/s:f-aaab+41	improve	clang	f4	1977.2	same	12286
possq/s:f-aaab+41	improve	clang	d	1493.0	same	12286
possq/s:f-aaab+41	improve	clang	d2	1497.5	same	12286
possq/s:f-aaab+41	improve	clang	dL	1505.6	same	12286
possq/s:f-aaab+41	improve	clang	a	2064.4	same	12286
possq/s:f-aaab+41	improve	clang	ai	2073.6	same	12286
possq/s:f-aaab+41	improve	clang	f1	1980.5	same	12286
possq/s:f-aaab+41	improve	clang	f3	1653.4	same	12286
possq/s:f-aaab+41	improve	clang	f3i	1729.6	same	12286
possq/s:f-aaab+41	improve	clang	f4	1970.5	same	12286
possq/s:f-aaab+41	improve	clang	d	1489.9	same	12286
possq/s:f-aaab+41	improve	clang	d2	1492.4	same	12286
possq/s:f-aaab+41	improve	clang	dL	1511.4	same	12286
possq/s:f-aaab+41	improve	clang	a	2056.1	same	12286
possq/s:f-aaab+41	improve	clang	ai	2062.5	same	12286
possq/s:f-aaab+41	improve	clang	f1	1983.5	same	12286
possq/s:f-aaab+41	improve	clang	f2	1974.8	same	12286
possq/s:f-aaab+41	improve	clang	f3i	1724.0	same	12286
possq/s:f-aaab+41	improve	clang	f4	1972.7	same	12286
possq/s:f-aaab+41	improve	clang	d	1492.3	same	12286
possq/s:f-aaab+41	improve	clang	d2	1497.9	same	12286
possq/s:f-aaab+41	improve	clang	dL	1501.9	same	12286
possq/s:f-aaab+41	improve	clang	a	2065.3	same	12286
possq/s:f-aaab+41	improve	clang	ai	2061.1	same	12286
possq/s:f-aaab+41	improve	clang	f1	1984.6	same	12286
possq/s:f-aaab+41	improve	clang	f2	1973.4	same	12286
possq/s:f-aaab+41	improve	clang	f3	1657.5	same	12286
possq/s:f-aaab+41	improve	clang	f4	1970.8	same	12286
possq/s:f-aaab+41	improve	clang	d	1498.9	same	12286
possq/s:f-aaab+41	improve	clang	d2	1496.1	same	12286
possq/s:f-aaab+41	improve	clang	dL	1508.6	same	12286
possq/s:f-aaab+41	improve	clang	a	2072.3	same	12286
possq/s:f-aaab+41	improve	clang	ai	2066.8	same	12286
possq/s:f-aaab+41	improve	clang	f1	1981.5	same	12286
possq/s:f-aaab+41	improve	clang	f2	1973.2	same	12286
possq/s:f-aaab+41	improve	clang	f3	1658.2	same	12286
possq/s:f-aaab+41	improve	clang	f3i	1724.2	same	12286
possq/s:f-aaab+41	improve	clang	d	1497.5	same	12286
possq/s:f-aaab+41	improve	clang	d2	1492.0	same	12286
possq/s:f-aaab+41	improve	clang	dL	1514.5	same	12286
possq/s:f-aaab+41	improve	clang	a	2062.5	same	12286
possq/s:f-aaab+41	improve	clang	ai	2059.6	same	12286
possq/s:f-aaab+41	improve	clang	f1	1981.3	same	12286
possq/s:f-aaab+41	improve	clang	f2	1965.7	same	12286
possq/s:f-aaab+41	improve	clang	f3	1665.9	same	12286
possq/s:f-aaab+41	improve	clang	f3i	1722.9	same	12286
possq/s:f-aaab+41	improve	clang	f4	1972.8	same	12286
possq/s:f-aaab+41	improve	clang	d2	1496.1	same	12286
possq/s:f-aaab+41	improve	clang	dL	1510.1	same	12286
possq/s:f-aaab+41	improve	clang	a	2055.0	same	12286
possq/s:f-aaab+41	improve	clang	ai	2053.3	same	12286
possq/s:f-aaab+41	improve	clang	f1	1975.9	same	12286
possq/s:f-aaab+41	improve	clang	f2	1972.9	same	12286
possq/s:f-aaab+41	improve	clang	f3	1660.9	same	12286
possq/s:f-aaab+41	improve	clang	f3i	1719.7	same	12286
possq/s:f-aaab+41	improve	clang	f4	1972.3	same	12286
possq/s:f-aaab+41	improve	clang	d	1489.3	same	12286
possq/s:f-aaab+41	improve	clang	dL	1504.8	same	12286
possq/s:f-aaab+41	improve	clang	a	2058.2	same	12286
possq/s:f-aaab+41	improve	clang	ai	2060.6	same	12286
possq/s:f-aaab+41	improve	clang	f1	1979.0	same	12286
possq/s:f-aaab+41	improve	clang	f2	1975.3	same	12286
possq/s:f-aaab+41	improve	clang	f3	1657.1	same	12286
possq/s:f-aaab+41	improve	clang	f3i	1732.1	same	12286
possq/s:f-aaab+41	improve	clang	f4	1969.0	same	12286
possq/s:f-aaab+41	improve	clang	d	1490.2	same	12286
possq/s:f-aaab+41	improve	clang	d2	1492.9	same	12286
possq/s:f-aaab+41	improve	clang	a	2061.7	same	12286
possq/s:f-aaab+41	improve	clang	ai	2058.2	same	12286
possq/s:f-aaab+41	improve	clang	f1	1970.5	same	12286
possq/s:f-aaab+41	improve	clang	f2	1977.3	same	12286
possq/s:f-aaab+41	improve	clang	f3	1665.4	same	12286
possq/s:f-aaab+41	improve	clang	f3i	1722.9	same	12286
possq/s:f-aaab+41	improve	clang	f4	1965.8	same	12286
possq/s:f-aaab+41	improve	clang	d	1494.8	same	12286
possq/s:f-aaab+41	improve	clang	d2	1492.6	same	12286
possq/s:f-aaab+41	improve	clang	dL	1507.9	same	12286
possq/s:f-aaab+41	improve	clang	ai	2065.1	same	12286
possq/s:f-aaab+41	improve	clang	f1	1981.1	same	12286
possq/s:f-aaab+41	improve	clang	f2	1972.3	same	12286
possq/s:f-aaab+41	improve	clang	f3	1664.5	same	12286
possq/s:f-aaab+41	improve	clang	f3i	1720.3	same	12286
possq/s:f-aaab+41	improve	clang	f4	1971.5	same	12286
possq/s:f-aaab+41	improve	clang	d	1495.5	same	12286
possq/s:f-aaab+41	improve	clang	d2	1655.4	same	12286
possq/s:f-aaab+41	improve	clang	dL	1509.1	same	12286
possq/s:f-aaab+41	improve	clang	a	2061.8	same	12286
possq/s:f-aaab+41	improve	clang	f1	1977.8	same	12286
possq/s:f-aaab+41	improve	clang	f2	1973.4	same	12286
possq/s:f-aaab+41	improve	clang	f3	1656.5	same	12286
possq/s:f-aaab+41	improve	clang	f3i	1725.5	same	12286
possq/s:f-aaab+41	improve	clang	f4	1975.5	same	12286
possq/s:f-aaab+41	improve	clang	d	1490.2	same	12286
possq/s:f-aaab+41	improve	clang	d2	1491.7	same	12286
possq/s:f-aaab+41	improve	clang	dL	1511.1	same	12286
possq/s:f-aaab+41	improve	clang	a	2061.0	same	12286
possq/s:f-aaab+41	improve	clang	ai	2059.6	same	12286
possq/s:f-aaab+41	improve	clang	f2	1971.5	same	12286
possq/s:f-aaab+41	improve	clang	f3	1658.7	same	12286
possq/s:f-aaab+41	improve	clang	f3i	1730.5	same	12286
possq/s:f-aaab+41	improve	clang	f4	1980.9	same	12286
possq/s:f-aaab+41	improve	clang	d	1493.9	same	12286
possq/s:f-aaab+41	improve	clang	d2	1501.6	same	12286
possq/s:f-aaab+41	improve	clang	dL	1506.9	same	12286
possq/s:f-aaab+41	improve	clang	a	2061.4	same	12286
possq/s:f-aaab+41	improve	clang	ai	2059.1	same	12286
possq/s:f-aaab+41	improve	clang	f1	1977.8	same	12286
possq/s:f-aaab+41	improve	clang	f3	1658.0	same	12286
possq/s:f-aaab+41	improve	clang	f3i	1722.6	same	12286
possq/s:f-aaab+41	improve	clang	f4	1971.0	same	12286
possq/s:f-aaab+41	improve	clang	d	1494.4	same	12286
possq/s:f-aaab+41	improve	clang	d2	1491.4	same	12286
possq/s:f-aaab+41	improve	clang	dL	1509.8	same	12286
possq/s:f-aaab+41	improve	clang	a	2056.6	same	12286
possq/s:f-aaab+41	improve	clang	ai	2067.8	same	12286
possq/s:f-aaab+41	improve	clang	f1	1972.2	same	12286
possq/s:f-aaab+41	improve	clang	f2	1984.6	same	12286
possq/f:t-1m+2	improve	gcc	a	2413513.5	same	25
possq/f:t-1m+2	improve	gcc	ai	3203748.9	same	25
possq/f:t-1m+2	improve	gcc	f1	1807977.9	same	25
possq/f:t-1m+2	improve	gcc	f2	2618394.3	same	25
possq/f:t-1m+2	improve	gcc	f3	2063705.9	same	25
possq/f:t-1m+2	improve	gcc	f3i	2831402.0	same	25
possq/f:t-1m+2	improve	gcc	f4	2540138.1	same	25
possq/f:t-1m+2	improve	gcc	d	2006288.3	same	25
possq/f:t-1m+2	improve	gcc	d2	2005095.1	same	25
possq/f:t-1m+2	improve	gcc	dL	2005513.5	same	25
possq/f:t-1m+2	improve	gcc	ai	3204232.9	same	25
possq/f:t-1m+2	improve	gcc	f1	1767893.2	same	25
possq/f:t-1m+2	improve	gcc	f2	2618055.5	same	25
possq/f:t-1m+2	improve	gcc	f3	2063674.7	same	25
possq/f:t-1m+2	improve	gcc	f3i	2831900.0	same	25
possq/f:t-1m+2	improve	gcc	f4	2537978.5	same	25
possq/f:t-1m+2	improve	gcc	d	1998894.6	same	25
possq/f:t-1m+2	improve	gcc	d2	2005924.3	same	25
possq/f:t-1m+2	improve	gcc	dL	1996411.0	same	25
possq/f:t-1m+2	improve	gcc	a	2413369.9	same	25
possq/f:t-1m+2	improve	gcc	f1	1788289.0	same	25
possq/f:t-1m+2	improve	gcc	f2	2597894.2	same	25
possq/f:t-1m+2	improve	gcc	f3	2064379.1	same	25
possq/f:t-1m+2	improve	gcc	f3i	2831929.6	same	25
possq/f:t-1m+2	improve	gcc	f4	2552446.2	same	25
possq/f:t-1m+2	improve	gcc	d	2006334.7	same	25
possq/f:t-1m+2	improve	gcc	d2	2005657.0	same	25
possq/f:t-1m+2	improve	gcc	dL	2005914.2	same	25
possq/f:t-1m+2	improve	gcc	a	2406713.0	same	25
possq/f:t-1m+2	improve	gcc	ai	3204033.4	same	25
possq/f:t-1m+2	improve	gcc	f2	2639019.3	same	25
possq/f:t-1m+2	improve	gcc	f3	2063849.5	same	25
possq/f:t-1m+2	improve	gcc	f3i	2831770.8	same	25
possq/f:t-1m+2	improve	gcc	f4	2550907.0	same	25
possq/f:t-1m+2	improve	gcc	d	2005349.0	same	25
possq/f:t-1m+2	improve	gcc	d2	2004967.8	same	25
possq/f:t-1m+2	improve	gcc	dL	2004878.7	same	25
possq/f:t-1m+2	improve	gcc	a	2406074.2	same	25
possq/f:t-1m+2	improve	gcc	ai	3203019.0	same	25
possq/f:t-1m+2	improve	gcc	f1	1788845.3	same	25
possq/f:t-1m+2	improve	gcc	f3	2062942.7	same	25
possq/f:t-1m+2	improve	gcc	f3i	2831461.6	same	25
possq/f:t-1m+2	improve	gcc	f4	2553003.4	same	25
possq/f:t-1m+2	improve	gcc	d	2005108.3	same	25
possq/f:t-1m+2	improve	gcc	d2	2005356.3	same	25
possq/f:t-1m+2	improve	gcc	dL	2004938.7	same	25
possq/f:t-1m+2	improve	gcc	a	2412636.3	same	25
possq/f:t-1m+2	improve	gcc	ai	3202854.1	same	25
possq/f:t-1m+2	improve	gcc	f1	1801943.9	same	25
possq/f:t-1m+2	improve	gcc	f2	2598621.4	same	25
possq/f:t-1m+2	improve	gcc	f3i	2829416.4	same	25
possq/f:t-1m+2	improve	gcc	f4	2529423.2	same	25
possq/f:t-1m+2	improve	gcc	d	2004926.3	same	25
possq/f:t-1m+2	improve	gcc	d2	2005008.2	same	25
possq/f:t-1m+2	improve	gcc	dL	2005083.4	same	25
possq/f:t-1m+2	improve	gcc	a	2410017.1	same	25
possq/f:t-1m+2	improve	gcc	ai	3203306.2	same	25
possq/f:t-1m+2	improve	gcc	f1	1808257.9	same	25
possq/f:t-1m+2	improve	gcc	f2	2600092.6	same	25
possq/f:t-1m+2	improve	gcc	f3	2063886.3	same	25
possq/f:t-1m+2	improve	gcc	f4	2563443.5	same	25
possq/f:t-1m+2	improve	gcc	d	2005889.5	same	25
possq/f:t-1m+2	improve	gcc	d2	2006195.0	same	25
possq/f:t-1m+2	improve	gcc	dL	2005318.7	same	25
possq/f:t-1m+2	improve	gcc	a	2407403.8	same	25
possq/f:t-1m+2	improve	gcc	ai	3204479.7	same	25
possq/f:t-1m+2	improve	gcc	f1	1787005.8	same	25
possq/f:t-1m+2	improve	gcc	f2	2599851.4	same	25
possq/f:t-1m+2	improve	gcc	f3	2063845.9	same	25
possq/f:t-1m+2	improve	gcc	f3i	2833071.6	same	25
possq/f:t-1m+2	improve	gcc	d	2005040.7	same	25
possq/f:t-1m+2	improve	gcc	d2	2005820.3	same	25
possq/f:t-1m+2	improve	gcc	dL	2005742.3	same	25
possq/f:t-1m+2	improve	gcc	a	2410024.6	same	25
possq/f:t-1m+2	improve	gcc	ai	3203769.3	same	25
possq/f:t-1m+2	improve	gcc	f1	1789976.6	same	25
possq/f:t-1m+2	improve	gcc	f2	2602772.6	same	25
possq/f:t-1m+2	improve	gcc	f3	2064039.5	same	25
possq/f:t-1m+2	improve	gcc	f3i	2831936.8	same	25
possq/f:t-1m+2	improve	gcc	f4	2564230.3	same	25
possq/f:t-1m+2	improve	gcc	d2	2006057.0	same	25
possq/f:t-1m+2	improve	gcc	dL	2006291.9	same	25
possq/f:t-1m+2	improve	gcc	a	2408372.6	same	25
possq/f:t-1m+2	improve	gcc	ai	3204365.4	same	25
possq/f:t-1m+2	improve	gcc	f1	1797669.4	same	25
possq/f:t-1m+2	improve	gcc	f2	2620251.5	same	25
possq/f:t-1m+2	improve	gcc	f3	2063731.5	same	25
possq/f:t-1m+2	improve	gcc	f3i	2832260.0	same	25
possq/f:t-1m+2	improve	gcc	f4	2543298.1	same	25
possq/f:t-1m+2	improve	gcc	d	2006088.3	same	25
possq/f:t-1m+2	improve	gcc	dL	2005365.4	same	25
possq/f:t-1m+2	improve	gcc	a	2403890.2	same	25
possq/f:t-1m+2	improve	gcc	ai	3204368.6	same	25
possq/f:t-1m+2	improve	gcc	f1	1775289.6	same	25
possq/f:t-1m+2	improve	gcc	f2	2600065.0	same	25
possq/f:t-1m+2	improve	gcc	f3	2064283.5	same	25
possq/f:t-1m+2	improve	gcc	f3i	2838004.4	same	25
possq/f:t-1m+2	improve	gcc	f4	2536995.7	same	25
possq/f:t-1m+2	improve	gcc	d	2005938.2	same	25
possq/f:t-1m+2	improve	gcc	d2	2006586.3	same	25
possq/f:t-1m+2	improve	gcc	a	2406771.0	same	25
possq/f:t-1m+2	improve	gcc	ai	3203565.3	same	25
possq/f:t-1m+2	improve	gcc	f1	1810455.1	same	25
possq/f:t-1m+2	improve	gcc	f2	2598859.8	same	25
possq/f:t-1m+2	improve	gcc	f3	2063602.7	same	25
possq/f:t-1m+2	improve	gcc	f3i	2833879.6	same	25
possq/f:t-1m+2	improve	gcc	f4	2554874.6	same	25
possq/f:t-1m+2	improve	gcc	d	1991526.6	same	25
possq/f:t-1m+2	improve	gcc	d2	2005243.8	same	25
possq/f:t-1m+2	improve	gcc	dL	2003947.0	same	25
possq/f:t-1m+2	improve	gcc	ai	3204813.4	same	25
possq/f:t-1m+2	improve	gcc	f1	1788865.8	same	25
possq/f:t-1m+2	improve	gcc	f2	2611506.6	same	25
possq/f:t-1m+2	improve	gcc	f3	2063996.4	same	25
possq/f:t-1m+2	improve	gcc	f3i	2831705.2	same	25
possq/f:t-1m+2	improve	gcc	f4	2547818.6	same	25
possq/f:t-1m+2	improve	gcc	d	2006176.7	same	25
possq/f:t-1m+2	improve	gcc	d2	2005863.5	same	25
possq/f:t-1m+2	improve	gcc	dL	2005459.4	same	25
possq/f:t-1m+2	improve	gcc	a	2405766.6	same	25
possq/f:t-1m+2	improve	gcc	f1	1798378.2	same	25
possq/f:t-1m+2	improve	gcc	f2	2603418.6	same	25
possq/f:t-1m+2	improve	gcc	f3	2063846.7	same	25
possq/f:t-1m+2	improve	gcc	f3i	2833597.2	same	25
possq/f:t-1m+2	improve	gcc	f4	2558483.0	same	25
possq/f:t-1m+2	improve	gcc	d	1999457.8	same	25
possq/f:t-1m+2	improve	gcc	d2	2007056.7	same	25
possq/f:t-1m+2	improve	gcc	dL	2006528.3	same	25
possq/f:t-1m+2	improve	gcc	a	2408717.8	same	25
possq/f:t-1m+2	improve	gcc	ai	3203909.7	same	25
possq/f:t-1m+2	improve	gcc	f2	2574568.0	same	25
possq/f:t-1m+2	improve	gcc	f3	2064599.1	same	25
possq/f:t-1m+2	improve	gcc	f3i	2831874.4	same	25
possq/f:t-1m+2	improve	gcc	f4	2559612.2	same	25
possq/f:t-1m+2	improve	gcc	d	2006564.3	same	25
possq/f:t-1m+2	improve	gcc	d2	1996229.8	same	25
possq/f:t-1m+2	improve	gcc	dL	2006282.6	same	25
possq/f:t-1m+2	improve	gcc	a	2413677.5	same	25
possq/f:t-1m+2	improve	gcc	ai	3204491.3	same	25
possq/f:t-1m+2	improve	gcc	f1	1803394.3	same	25
possq/f:t-1m+2	improve	gcc	f3	2019387.2	same	25
possq/f:t-1m+2	improve	gcc	f3i	2832407.6	same	25
possq/f:t-1m+2	improve	gcc	f4	2526128.8	same	25
possq/f:t-1m+2	improve	gcc	d	2006819.9	same	25
possq/f:t-1m+2	improve	gcc	d2	2006041.4	same	25
possq/f:t-1m+2	improve	gcc	dL	2005854.7	same	25
possq/f:t-1m+2	improve	gcc	a	2408078.2	same	25
possq/f:t-1m+2	improve	gcc	ai	3203265.3	same	25
possq/f:t-1m+2	improve	gcc	f1	1795499.8	same	25
possq/f:t-1m+2	improve	gcc	f2	2582104.4	same	25
possq/f:t-1m+2	improve	clang	a	4432919.5	same	18
possq/f:t-1m+2	improve	clang	ai	4432166.7	same	18
possq/f:t-1m+2	improve	clang	f1	3857921.6	same	18
possq/f:t-1m+2	improve	clang	f2	3879614.0	same	18
possq/f:t-1m+2	improve	clang	f3	3117695.2	same	18
possq/f:t-1m+2	improve	clang	f3i	3359773.8	same	18
possq/f:t-1m+2	improve	clang	f4	3885329.6	same	18
possq/f:t-1m+2	improve	clang	d	2774919.7	same	18
possq/f:t-1m+2	improve	clang	d2	2775104.7	same	18
possq/f:t-1m+2	improve	clang	dL	2758185.1	same	18
possq/f:t-1m+2	improve	clang	ai	4433298.9	same	18
possq/f:t-1m+2	improve	clang	f1	3860397.7	same	18
possq/f:t-1m+2	improve	clang	f2	3883064.6	same	18
possq/f:t-1m+2	improve	clang	f3	3117795.8	same	18
possq/f:t-1m+2	improve	clang	f3i	3360482.2	same	18
possq/f:t-1m+2	improve	clang	f4	3888953.0	same	18
possq/f:t-1m+2	improve	clang	d	2777017.6	same	18
possq/f:t-1m+2	improve	clang	d2	2775759.2	same	18
possq/f:t-1m+2	improve	clang	dL	2757955.7	same	18
possq/f:t-1m+2	improve	clang	a	4427481.1	same	18
possq/f:t-1m+2	improve	clang	f1	3856643.8	same	18
possq/f:t-1m+2	improve	clang	f2	3883851.8	same	18
possq/f:t-1m+2	improve	clang	f3	3117273.0	same	18
possq/f:t-1m+2	improve	clang	f3i	3363804.9	same	18
possq/f:t-1m+2	improve	clang	f4	3885149.1	same	18
possq/f:t-1m+2	improve	clang	d	2774830.8	same	18
possq/f:t-1m+2	improve	clang	d2	2774813.1	same	18
possq/f:t-1m+2	improve	clang	dL	2756550.1	same	18
possq/f:t-1m+2	improve	clang	a	4431103.9	same	18
possq/f:t-1m+2	improve	clang	ai	4431590.0	same	18
possq/f:t-1m+2	improve	clang	f2	3875558.4	same	18
possq/f:t-1m+2	improve	clang	f3	3116825.7	same	18
possq/f:t-1m+2	improve	clang	f3i	3360489.3	same	18
possq/f:t-1m+2	improve	clang	f4	3886599.6	same	18
possq/f:t-1m+2	improve	clang	d	2775100.8	same	18
possq/f:t-1m+2	improve	clang	d2	2776586.4	same	18
possq/f:t-1m+2	improve	clang	dL	2756709.6	same	18
possq/f:t-1m+2	improve	clang	a	4426015.6	same	18
possq/f:t-1m+2	improve	clang	ai	4433936.7	same	18
possq/f:t-1m+2	improve	clang	f1	3857939.9	same	18
possq/f:t-1m+2	improve	clang	f3	3116911.8	same	18
possq/f:t-1m+2	improve	clang	f3i	3384136.2	same	18
possq/f:t-1m+2	improve	clang	f4	3883162.4	same	18
possq/f:t-1m+2	improve	clang	d	2774882.5	same	18
possq/f:t-1m+2	improve	clang	d2	2774518.6	same	18
possq/f:t-1m+2	improve	clang	dL	2757658.5	same	18
possq/f:t-1m+2	improve	clang	a	4428537.8	same	18
possq/f:t-1m+2	improve	clang	ai	4436362.3	same	18
possq/f:t-1m+2	improve	clang	f1	3857536.1	same	18
possq/f:t-1m+2	improve	clang	f2	3877366.2	same	18
possq/f:t-1m+2	improve	clang	f3i	3363663.3	same	18
possq/f:t-1m+2	improve	clang	f4	3886249.1	same	18
possq/f:t-1m+2	improve	clang	d	2775487.5	same	18
possq/f:t-1m+2	improve	clang	d2	2774945.8	same	18
possq/f:t-1m+2	improve	clang	dL	2756794.6	same	18
possq/f:t-1m+2	improve	clang	a	4431635.6	same	18
possq/f:t-1m+2	improve	clang	ai	4431811.7	same	18
possq/f:t-1m+2	improve	clang	f1	3857828.3	same	18
possq/f:t-1m+2	improve	clang	f2	3871139.0	same	18
possq/f:t-1m+2	improve	clang	f3	3116678.6	same	18
possq/f:t-1m+2	improve	clang	f4	3887608.0	same	18
possq/f:t-1m+2	improve	clang	d	2776028.6	same	18
possq/f:t-1m+2	improve	clang	d2	2774650.3	same	18
possq/f:t-1m+2	improve	clang	dL	2757002.3	same	18
possq/f:t-1m+2	improve	clang	a	4433352.3	same	18
possq/f:t-1m+2	improve	clang	ai	4432284.5	same	18
possq/f:t-1m+2	improve	clang	f1	3863587.2	same	18
possq/f:t-1m+2	improve	clang	f2	3876317.9	same	18
possq/f:t-1m+2	improve	clang	f3	3117964.1	same	18
possq/f:t-1m+2	improve	clang	f3i	3359553.8	same	18
possq/f:t-1m+2	improve	clang	d	2772833.6	same	18
possq/f:t-1m+2	improve	clang	d2	2775265.3	same	18
possq/f:t-1m+2	improve	clang	dL	2757094.6	same	18
possq/f:t-1m+2	improve	clang	a	4433332.3	same	18
possq/f:t-1m+2	improve	clang	ai	4431327.3	same	18
possq/f:t-1m+2	improve	clang	f1	3863551.7	same	18
possq/f:t-1m+2	improve	clang	f2	3879585.7	same	18
possq/f:t-1m+2	improve	clang	f3	3116597.4	same	18
possq/f:t-1m+2	improve	clang	f3i	3359045.4	same	18
possq/f:t-1m+2	improve	clang	f4	3883638.5	same	18
possq/f:t-1m+2	improve	clang	d2	2775541.4	same	18
possq/f:t-1m+2	improve	clang	dL	2757176.3	same	18
possq/f:t-1m+2	improve	clang	a	4434049.5	same	18
possq/f:t-1m+2	improve	clang	ai	4435371.8	same	18
possq/f:t-1m+2	improve	clang	f1	3860730.0	same	18
possq/f:t-1m+2	improve	clang	f2	3881647.4	same	18
possq/f:t-1m+2	improve	clang	f3	3112355.7	same	18
possq/f:t-1m+2	improve	clang	f3i	3359164.3	same	18
possq/f:t-1m+2	improve	clang	f4	3879369.1	same	18
possq/f:t-1m+2	improve	clang	d	2774956.9	same	18
possq/f:t-1m+2	improve	clang	dL	2758204.6	same	18
possq/f:t-1m+2	improve	clang	a	4430060.0	same	18
possq/f:t-1m+2	improve	clang	ai	4434444.5	same	18
possq/f:t-1m+2	improve	clang	f1	3856399.4	same	18
possq/f:t-1m+2	improve	clang	f2	3876344.0	same	18
possq/f:t-1m+2	improve	clang	f3	3117278.0	same	18
possq/f:t-1m+2	improve	clang	f3i	3361951.1	same	18
possq/f:t-1m+2	improve	clang	f4	3885845.2	same	18
possq/f:t-1m+2	improve	clang	d	2774955.8	same	18
possq/f:t-1m+2	improve	clang	d2	2774613.1	same	18
possq/f:t-1m+2	improve	clang	a	4435557.9	same	18
possq/f:t-1m+2	improve	clang	ai	4428774.5	same	18
possq/f:t-1m+2	improve	clang	f1	3860060.0	same	18
possq/f:t-1m+2	improve	clang	f2	3879458.4	same	18
possq/f:t-1m+2	improve	clang	f3	3117018.0	same	18
possq/f:t-1m+2	improve	clang	f3i	3360652.1	same	18
possq/f:t-1m+2	improve	clang	f4	3886042.9	same	18
possq/f:t-1m+2	improve	clang	d	2774586.9	same	18
possq/f:t-1m+2	improve	clang	d2	2775104.7	same	18
possq/f:t-1m+2	improve	clang	dL	2756991.3	same	18
possq/f:t-1m+2	improve	clang	ai	4428277.8	same	18
possq/f:t-1m+2	improve	clang	f1	3857400.5	same	18
possq/f:t-1m+2	improve	clang	f2	3879971.3	same	18
possq/f:t-1m+2	improve	clang	f3	3117789.7	same	18
possq/f:t-1m+2	improve	clang	f3i	3347392.6	same	18
possq/f:t-1m+2	improve	clang	f4	3884307.4	same	18
possq/f:t-1m+2	improve	clang	d	2775346.9	same	18
possq/f:t-1m+2	improve	clang	d2	2776689.7	same	18
possq/f:t-1m+2	improve	clang	dL	2758265.1	same	18
possq/f:t-1m+2	improve	clang	a	4428402.3	same	18
possq/f:t-1m+2	improve	clang	f1	3859324.9	same	18
possq/f:t-1m+2	improve	clang	f2	3879895.7	same	18
possq/f:t-1m+2	improve	clang	f3	3117405.8	same	18
possq/f:t-1m+2	improve	clang	f3i	3360322.1	same	18
possq/f:t-1m+2	improve	clang	f4	3885142.4	same	18
possq/f:t-1m+2	improve	clang	d	2772976.4	same	18
possq/f:t-1m+2	improve	clang	d2	2775116.4	same	18
possq/f:t-1m+2	improve	clang	dL	2758093.5	same	18
possq/f:t-1m+2	improve	clang	a	4433675.6	same	18
possq/f:t-1m+2	improve	clang	ai	4435809.6	same	18
possq/f:t-1m+2	improve	clang	f2	3880958.5	same	18
possq/f:t-1m+2	improve	clang	f3	3117594.7	same	18
possq/f:t-1m+2	improve	clang	f3i	3359526.0	same	18
possq/f:t-1m+2	improve	clang	f4	3889288.0	same	18
possq/f:t-1m+2	improve	clang	d	2772191.4	same	18
possq/f:t-1m+2	improve	clang	d2	2774942.5	same	18
possq/f:t-1m+2	improve	clang	dL	2758037.4	same	18
possq/f:t-1m+2	improve	clang	a	4427770.6	same	18
possq/f:t-1m+2	improve	clang	ai	4433986.2	same	18
possq/f:t-1m+2	improve	clang	f1	3861381.1	same	18
possq/f:t-1m+2	improve	clang	f3	3117396.9	same	18
possq/f:t-1m+2	improve	clang	f3i	3360896.1	same	18
possq/f:t-1m+2	improve	clang	f4	3896853.1	same	18
possq/f:t-1m+2	improve	clang	d	2775403.6	same	18
possq/f:t-1m+2	improve	clang	d2	2775628.1	same	18
possq/f:t-1m+2	improve	clang	dL	2755545.7	same	18
possq/f:t-1m+2	improve	clang	a	4432370.6	same	18
possq/f:t-1m+2	improve	clang	ai	4433537.8	same	18
possq/f:t-1m+2	improve	clang	f1	3861216.7	same	18
possq/f:t-1m+2	improve	clang	f2	3879959.6	same	18
lkapos/s:f-aaab+41	improve	gcc	a	681.0	same	15198
lkapos/s:f-aaab+41	improve	gcc	ai	609.4	same	15198
lkapos/s:f-aaab+41	improve	gcc	f1	683.7	same	15198
lkapos/s:f-aaab+41	improve	gcc	f2	680.7	same	15198
lkapos/s:f-aaab+41	improve	gcc	f3	653.9	same	15198
lkapos/s:f-aaab+41	improve	gcc	f3i	573.4	same	15198
lkapos/s:f-aaab+41	improve	gcc	f4	694.7	same	15198
lkapos/s:f-aaab+41	improve	gcc	d	631.1	same	15198
lkapos/s:f-aaab+41	improve	gcc	d2	629.4	same	15198
lkapos/s:f-aaab+41	improve	gcc	dL	629.4	same	15198
lkapos/s:f-aaab+41	improve	gcc	ai	595.4	same	15198
lkapos/s:f-aaab+41	improve	gcc	f1	683.8	same	15198
lkapos/s:f-aaab+41	improve	gcc	f2	679.8	same	15198
lkapos/s:f-aaab+41	improve	gcc	f3	655.9	same	15198
lkapos/s:f-aaab+41	improve	gcc	f3i	572.8	same	15198
lkapos/s:f-aaab+41	improve	gcc	f4	695.6	same	15198
lkapos/s:f-aaab+41	improve	gcc	d	630.7	same	15198
lkapos/s:f-aaab+41	improve	gcc	d2	631.9	same	15198
lkapos/s:f-aaab+41	improve	gcc	dL	630.9	same	15198
lkapos/s:f-aaab+41	improve	gcc	a	681.7	same	15198
lkapos/s:f-aaab+41	improve	gcc	f1	682.7	same	15198
lkapos/s:f-aaab+41	improve	gcc	f2	680.7	same	15198
lkapos/s:f-aaab+41	improve	gcc	f3	655.9	same	15198
lkapos/s:f-aaab+41	improve	gcc	f3i	571.9	same	15198
lkapos/s:f-aaab+41	improve	gcc	f4	697.3	same	15198
lkapos/s:f-aaab+41	improve	gcc	d	630.4	same	15198
lkapos/s:f-aaab+41	improve	gcc	d2	629.9	same	15198
lkapos/s:f-aaab+41	improve	gcc	dL	633.7	same	15198
lkapos/s:f-aaab+41	improve	gcc	a	681.9	same	15198
lkapos/s:f-aaab+41	improve	gcc	ai	594.9	same	15198
lkapos/s:f-aaab+41	improve	gcc	f2	683.5	same	15198
lkapos/s:f-aaab+41	improve	gcc	f3	655.8	same	15198
lkapos/s:f-aaab+41	improve	gcc	f3i	575.2	same	15198
lkapos/s:f-aaab+41	improve	gcc	f4	694.4	same	15198
lkapos/s:f-aaab+41	improve	gcc	d	629.7	same	15198
lkapos/s:f-aaab+41	improve	gcc	d2	629.3	same	15198
lkapos/s:f-aaab+41	improve	gcc	dL	632.8	same	15198
lkapos/s:f-aaab+41	improve	gcc	a	691.2	same	15198
lkapos/s:f-aaab+41	improve	gcc	ai	608.8	same	15198
lkapos/s:f-aaab+41	improve	gcc	f1	683.7	same	15198
lkapos/s:f-aaab+41	improve	gcc	f3	656.6	same	15198
lkapos/s:f-aaab+41	improve	gcc	f3i	572.1	same	15198
lkapos/s:f-aaab+41	improve	gcc	f4	693.6	same	15198
lkapos/s:f-aaab+41	improve	gcc	d	629.7	same	15198
lkapos/s:f-aaab+41	improve	gcc	d2	630.8	same	15198
lkapos/s:f-aaab+41	improve	gcc	dL	630.9	same	15198
lkapos/s:f-aaab+41	improve	gcc	a	682.2	same	15198
lkapos/s:f-aaab+41	improve	gcc	ai	594.7	same	15198
lkapos/s:f-aaab+41	improve	gcc	f1	683.3	same	15198
lkapos/s:f-aaab+41	improve	gcc	f2	681.8	same	15198
lkapos/s:f-aaab+41	improve	gcc	f3i	573.4	same	15198
lkapos/s:f-aaab+41	improve	gcc	f4	698.9	same	15198
lkapos/s:f-aaab+41	improve	gcc	d	630.9	same	15198
lkapos/s:f-aaab+41	improve	gcc	d2	632.4	same	15198
lkapos/s:f-aaab+41	improve	gcc	dL	632.3	same	15198
lkapos/s:f-aaab+41	improve	gcc	a	683.2	same	15198
lkapos/s:f-aaab+41	improve	gcc	ai	595.2	same	15198
lkapos/s:f-aaab+41	improve	gcc	f1	682.2	same	15198
lkapos/s:f-aaab+41	improve	gcc	f2	679.5	same	15198
lkapos/s:f-aaab+41	improve	gcc	f3	656.9	same	15198
lkapos/s:f-aaab+41	improve	gcc	f4	691.2	same	15198
lkapos/s:f-aaab+41	improve	gcc	d	630.0	same	15198
lkapos/s:f-aaab+41	improve	gcc	d2	628.9	same	15198
lkapos/s:f-aaab+41	improve	gcc	dL	630.7	same	15198
lkapos/s:f-aaab+41	improve	gcc	a	683.2	same	15198
lkapos/s:f-aaab+41	improve	gcc	ai	595.8	same	15198
lkapos/s:f-aaab+41	improve	gcc	f1	683.2	same	15198
lkapos/s:f-aaab+41	improve	gcc	f2	684.1	same	15198
lkapos/s:f-aaab+41	improve	gcc	f3	657.6	same	15198
lkapos/s:f-aaab+41	improve	gcc	f3i	575.0	same	15198
lkapos/s:f-aaab+41	improve	gcc	d	629.7	same	15198
lkapos/s:f-aaab+41	improve	gcc	d2	630.0	same	15198
lkapos/s:f-aaab+41	improve	gcc	dL	632.7	same	15198
lkapos/s:f-aaab+41	improve	gcc	a	683.7	same	15198
lkapos/s:f-aaab+41	improve	gcc	ai	609.1	same	15198
lkapos/s:f-aaab+41	improve	gcc	f1	684.8	same	15198
lkapos/s:f-aaab+41	improve	gcc	f2	680.0	same	15198
lkapos/s:f-aaab+41	improve	gcc	f3	656.3	same	15198
lkapos/s:f-aaab+41	improve	gcc	f3i	573.6	same	15198
lkapos/s:f-aaab+41	improve	gcc	f4	692.6	same	15198
lkapos/s:f-aaab+41	improve	gcc	d2	630.1	same	15198
lkapos/s:f-aaab+41	improve	gcc	dL	632.1	same	15198
lkapos/s:f-aaab+41	improve	gcc	a	684.3	same	15198
lkapos/s:f-aaab+41	improve	gcc	ai	602.7	same	15198
lkapos/s:f-aaab+41	improve	gcc	f1	684.6	same	15198
lkapos/s:f-aaab+41	improve	gcc	f2	681.4	same	15198
lkapos/s:f-aaab+41	improve	gcc	f3	659.1	same	15198
lkapos/s:f-aaab+41	improve	gcc	f3i	575.1	same	15198
lkapos/s:f-aaab+41	improve	gcc	f4	693.2	same	15198
lkapos/s:f-aaab+41	improve	gcc	d	631.3	same	15198
lkapos/s:f-aaab+41	improve	gcc	dL	631.7	same	15198
lkapos/s:f-aaab+41	improve	gcc	a	684.0	same	15198
lkapos/s:f-aaab+41	improve	gcc	ai	594.5	same	15198
lkapos/s:f-aaab+41	improve	gcc	f1	683.4	same	15198
lkapos/s:f-aaab+41	improve	gcc	f2	681.3	same	15198
lkapos/s:f-aaab+41	improve	gcc	f3	651.1	same	15198
lkapos/s:f-aaab+41	improve	gcc	f3i	572.1	same	15198
lkapos/s:f-aaab+41	improve	gcc	f4	739.2	same	15198
lkapos/s:f-aaab+41	improve	gcc	d	630.7	same	15198
lkapos/s:f-aaab+41	improve	gcc	d2	632.7	same	15198
lkapos/s:f-aaab+41	improve	gcc	a	683.7	same	15198
lkapos/s:f-aaab+41	improve	gcc	ai	593.1	same	15198
lkapos/s:f-aaab+41	improve	gcc	f1	683.5	same	15198
lkapos/s:f-aaab+41	improve	gcc	f2	681.3	same	15198
lkapos/s:f-aaab+41	improve	gcc	f3	653.6	same	15198
lkapos/s:f-aaab+41	improve	gcc	f3i	575.6	same	15198
lkapos/s:f-aaab+41	improve	gcc	f4	694.6	same	15198
lkapos/s:f-aaab+41	improve	gcc	d	632.2	same	15198
lkapos/s:f-aaab+41	improve	gcc	d2	633.5	same	15198
lkapos/s:f-aaab+41	improve	gcc	dL	631.2	same	15198
lkapos/s:f-aaab+41	improve	gcc	ai	609.1	same	15198
lkapos/s:f-aaab+41	improve	gcc	f1	681.9	same	15198
lkapos/s:f-aaab+41	improve	gcc	f2	680.5	same	15198
lkapos/s:f-aaab+41	improve	gcc	f3	655.6	same	15198
lkapos/s:f-aaab+41	improve	gcc	f3i	573.7	same	15198
lkapos/s:f-aaab+41	improve	gcc	f4	693.9	same	15198
lkapos/s:f-aaab+41	improve	gcc	d	631.8	same	15198
lkapos/s:f-aaab+41	improve	gcc	d2	630.7	same	15198
lkapos/s:f-aaab+41	improve	gcc	dL	631.4	same	15198
lkapos/s:f-aaab+41	improve	gcc	a	685.5	same	15198
lkapos/s:f-aaab+41	improve	gcc	f1	681.9	same	15198
lkapos/s:f-aaab+41	improve	gcc	f2	682.8	same	15198
lkapos/s:f-aaab+41	improve	gcc	f3	657.5	same	15198
lkapos/s:f-aaab+41	improve	gcc	f3i	573.2	same	15198
lkapos/s:f-aaab+41	improve	gcc	f4	695.6	same	15198
lkapos/s:f-aaab+41	improve	gcc	d	631.1	same	15198
lkapos/s:f-aaab+41	improve	gcc	d2	630.6	same	15198
lkapos/s:f-aaab+41	improve	gcc	dL	630.8	same	15198
lkapos/s:f-aaab+41	improve	gcc	a	684.7	same	15198
lkapos/s:f-aaab+41	improve	gcc	ai	594.9	same	15198
lkapos/s:f-aaab+41	improve	gcc	f2	682.3	same	15198
lkapos/s:f-aaab+41	improve	gcc	f3	655.8	same	15198
lkapos/s:f-aaab+41	improve	gcc	f3i	573.5	same	15198
lkapos/s:f-aaab+41	improve	gcc	f4	695.7	same	15198
lkapos/s:f-aaab+41	improve	gcc	d	630.3	same	15198
lkapos/s:f-aaab+41	improve	gcc	d2	630.8	same	15198
lkapos/s:f-aaab+41	improve	gcc	dL	631.5	same	15198
lkapos/s:f-aaab+41	improve	gcc	a	683.2	same	15198
lkapos/s:f-aaab+41	improve	gcc	ai	593.3	same	15198
lkapos/s:f-aaab+41	improve	gcc	f1	683.8	same	15198
lkapos/s:f-aaab+41	improve	gcc	f3	653.5	same	15198
lkapos/s:f-aaab+41	improve	gcc	f3i	574.0	same	15198
lkapos/s:f-aaab+41	improve	gcc	f4	691.3	same	15198
lkapos/s:f-aaab+41	improve	gcc	d	629.6	same	15198
lkapos/s:f-aaab+41	improve	gcc	d2	630.2	same	15198
lkapos/s:f-aaab+41	improve	gcc	dL	629.7	same	15198
lkapos/s:f-aaab+41	improve	gcc	a	684.9	same	15198
lkapos/s:f-aaab+41	improve	gcc	ai	595.6	same	15198
lkapos/s:f-aaab+41	improve	gcc	f1	684.9	same	15198
lkapos/s:f-aaab+41	improve	gcc	f2	684.8	same	15198
lkapos/s:f-aaab+41	improve	clang	a	707.0	same	22223
lkapos/s:f-aaab+41	improve	clang	ai	634.2	same	22223
lkapos/s:f-aaab+41	improve	clang	f1	719.2	same	22223
lkapos/s:f-aaab+41	improve	clang	f2	707.8	same	22223
lkapos/s:f-aaab+41	improve	clang	f3	705.4	same	22223
lkapos/s:f-aaab+41	improve	clang	f3i	608.9	same	22223
lkapos/s:f-aaab+41	improve	clang	f4	714.5	same	22223
lkapos/s:f-aaab+41	improve	clang	d	671.9	same	22223
lkapos/s:f-aaab+41	improve	clang	d2	676.5	same	22223
lkapos/s:f-aaab+41	improve	clang	dL	673.6	same	22223
lkapos/s:f-aaab+41	improve	clang	ai	637.6	same	22223
lkapos/s:f-aaab+41	improve	clang	f1	716.7	same	22223
lkapos/s:f-aaab+41	improve	clang	f2	709.3	same	22223
lkapos/s:f-aaab+41	improve	clang	f3	703.8	same	22223
lkapos/s:f-aaab+41	improve	clang	f3i	654.2	same	22223
lkapos/s:f-aaab+41	improve	clang	f4	713.3	same	22223
lkapos/s:f-aaab+41	improve	clang	d	675.4	same	22223
lkapos/s:f-aaab+41	improve	clang	d2	678.3	same	22223
lkapos/s:f-aaab+41	improve	clang	dL	673.4	same	22223
lkapos/s:f-aaab+41	improve	clang	a	704.7	same	22223
lkapos/s:f-aaab+41	improve	clang	f1	716.3	same	22223
lkapos/s:f-aaab+41	improve	clang	f2	709.5	same	22223
lkapos/s:f-aaab+41	improve	clang	f3	705.9	same	22223
lkapos/s:f-aaab+41	improve	clang	f3i	608.3	same	22223
lkapos/s:f-aaab+41	improve	clang	f4	712.4	same	22223
lkapos/s:f-aaab+41	improve	clang	d	677.0	same	22223
lkapos/s:f-aaab+41	improve	clang	d2	673.7	same	22223
lkapos/s:f-aaab+41	improve	clang	dL	673.5	same	22223
lkapos/s:f-aaab+41	improve	clang	a	701.8	same	22223
lkapos/s:f-aaab+41	improve	clang	ai	635.8	same	22223
lkapos/s:f-aaab+41	improve	clang	f2	737.7	same	22223
lkapos/s:f-aaab+41	improve	clang	f3	707.4	same	22223
lkapos/s:f-aaab+41	improve	clang	f3i	609.9	same	22223
lkapos/s:f-aaab+41	improve	clang	f4	711.4	same	22223
lkapos/s:f-aaab+41	improve	clang	d	670.7	same	22223
lkapos/s:f-aaab+41	improve	clang	d2	672.1	same	22223
lkapos/s:f-aaab+41	improve	clang	dL	669.1	same	22223
lkapos/s:f-aaab+41	improve	clang	a	708.4	same	22223
lkapos/s:f-aaab+41	improve	clang	ai	641.1	same	22223
lkapos/s:f-aaab+41	improve	clang	f1	713.2	same	22223
lkapos/s:f-aaab+41	improve	clang	f3	705.8	same	22223
lkapos/s:f-aaab+41	improve	clang	f3i	607.0	same	22223
lkapos/s:f-aaab+41	improve	clang	f4	712.7	same	22223
lkapos/s:f-aaab+41	improve	clang	d	678.8	same	22223
lkapos/s:f-aaab+41	improve	clang	d2	672.4	same	22223
lkapos/s:f-aaab+41	improve	clang	dL	673.3	same	22223
lkapos/s:f-aaab+41	improve	clang	a	705.1	same	22223
lkapos/s:f-aaab+41	improve	clang	ai	635.6	same	22223
lkapos/s:f-aaab+41	improve	clang	f1	723.3	same	22223
lkapos/s:f-aaab+41	improve	clang	f2	714.8	same	22223
lkapos/s:f-aaab+41	improve	clang	f3i	612.0	same	22223
lkapos/s:f-aaab+41	improve	clang	f4	716.3	same	22223
lkapos/s:f-aaab+41	improve	clang	d	677.6	same	22223
lkapos/s:f-aaab+41	improve	clang	d2	677.1	same	22223
lkapos/s:f-aaab+41	improve	clang	dL	677.0	same	22223
lkapos/s:f-aaab+41	improve	clang	a	710.0	same	22223
lkapos/s:f-aaab+41	improve	clang	ai	1522.0	same	22223
lkapos/s:f-aaab+41	improve	clang	f1	715.3	same	22223
lkapos/s:f-aaab+41	improve	clang	f2	711.1	same	22223
lkapos/s:f-aaab+41	improve	clang	f3	702.1	same	22223
lkapos/s:f-aaab+41	improve	clang	f4	714.9	same	22223
lkapos/s:f-aaab+41	improve	clang	d	673.4	same	22223
lkapos/s:f-aaab+41	improve	clang	d2	676.5	same	22223
lkapos/s:f-aaab+41	improve	clang	dL	672.7	same	22223
lkapos/s:f-aaab+41	improve	clang	a	701.3	same	22223
lkapos/s:f-aaab+41	improve	clang	ai	638.2	same	22223
lkapos/s:f-aaab+41	improve	clang	f1	716.2	same	22223
lkapos/s:f-aaab+41	improve	clang	f2	710.2	same	22223
lkapos/s:f-aaab+41	improve	clang	f3	708.7	same	22223
lkapos/s:f-aaab+41	improve	clang	f3i	609.5	same	22223
lkapos/s:f-aaab+41	improve	clang	d	676.4	same	22223
lkapos/s:f-aaab+41	improve	clang	d2	673.5	same	22223
lkapos/s:f-aaab+41	improve	clang	dL	673.1	same	22223
lkapos/s:f-aaab+41	improve	clang	a	706.4	same	22223
lkapos/s:f-aaab+41	improve	clang	ai	635.2	same	22223
lkapos/s:f-aaab+41	improve	clang	f1	716.7	same	22223
lkapos/s:f-aaab+41	improve	clang	f2	710.1	same	22223
lkapos/s:f-aaab+41	improve	clang	f3	706.9	same	22223
lkapos/s:f-aaab+41	improve	clang	f3i	605.9	same	22223
lkapos/s:f-aaab+41	improve	clang	f4	711.2	same	22223
lkapos/s:f-aaab+41	improve	clang	d2	678.2	same	22223
lkapos/s:f-aaab+41	improve	clang	dL	671.5	same	22223
lkapos/s:f-aaab+41	improve	clang	a	706.5	same	22223
lkapos/s:f-aaab+41	improve	clang	ai	634.7	same	22223
lkapos/s:f-aaab+41	improve	clang	f1	718.5	same	22223
lkapos/s:f-aaab+41	improve	clang	f2	708.0	same	22223
lkapos/s:f-aaab+41	improve	clang	f3	705.4	same	22223
lkapos/s:f-aaab+41	improve	clang	f3i	611.1	same	22223
lkapos/s:f-aaab+41	improve	clang	f4	713.1	same	22223
lkapos/s:f-aaab+41	improve	clang	d	673.7	same	22223
lkapos/s:f-aaab+41	improve	clang	dL	677.6	same	22223
lkapos/s:f-aaab+41	improve	clang	a	703.3	same	22223
lkapos/s:f-aaab+41	improve	clang	ai	636.1	same	22223
lkapos/s:f-aaab+41	improve	clang	f1	717.4	same	22223
lkapos/s:f-aaab+41	improve	clang	f2	709.3	same	22223
lkapos/s:f-aaab+41	improve	clang	f3	707.5	same	22223
lkapos/s:f-aaab+41	improve	clang	f3i	608.7	same	22223
lkapos/s:f-aaab+41	improve	clang	f4	714.0	same	22223
lkapos/s:f-aaab+41	improve	clang	d	680.3	same	22223
lkapos/s:f-aaab+41	improve	clang	d2	674.3	same	22223
lkapos/s:f-aaab+41	improve	clang	a	704.5	same	22223
lkapos/s:f-aaab+41	improve	clang	ai	636.4	same	22223
lkapos/s:f-aaab+41	improve	clang	f1	717.3	same	22223
lkapos/s:f-aaab+41	improve	clang	f2	710.1	same	22223
lkapos/s:f-aaab+41	improve	clang	f3	707.1	same	22223
lkapos/s:f-aaab+41	improve	clang	f3i	611.4	same	22223
lkapos/s:f-aaab+41	improve	clang	f4	714.3	same	22223
lkapos/s:f-aaab+41	improve	clang	d	678.1	same	22223
lkapos/s:f-aaab+41	improve	clang	d2	678.1	same	22223
lkapos/s:f-aaab+41	improve	clang	dL	668.6	same	22223
lkapos/s:f-aaab+41	improve	clang	ai	632.5	same	22223
lkapos/s:f-aaab+41	improve	clang	f1	714.7	same	22223
lkapos/s:f-aaab+41	improve	clang	f2	712.3	same	22223
lkapos/s:f-aaab+41	improve	clang	f3	702.7	same	22223
lkapos/s:f-aaab+41	improve	clang	f3i	607.8	same	22223
lkapos/s:f-aaab+41	improve	clang	f4	714.5	same	22223
lkapos/s:f-aaab+41	improve	clang	d	672.8	same	22223
lkapos/s:f-aaab+41	improve	clang	d2	675.7	same	22223
lkapos/s:f-aaab+41	improve	clang	dL	673.4	same	22223
lkapos/s:f-aaab+41	improve	clang	a	705.0	same	22223
lkapos/s:f-aaab+41	improve	clang	f1	715.3	same	22223
lkapos/s:f-aaab+41	improve	clang	f2	711.0	same	22223
lkapos/s:f-aaab+41	improve	clang	f3	707.3	same	22223
lkapos/s:f-aaab+41	improve	clang	f3i	607.1	same	22223
lkapos/s:f-aaab+41	improve	clang	f4	714.5	same	22223
lkapos/s:f-aaab+41	improve	clang	d	675.4	same	22223
lkapos/s:f-aaab+41	improve	clang	d2	675.4	same	22223
lkapos/s:f-aaab+41	improve	clang	dL	674.8	same	22223
lkapos/s:f-aaab+41	improve	clang	a	706.4	same	22223
lkapos/s:f-aaab+41	improve	clang	ai	635.4	same	22223
lkapos/s:f-aaab+41	improve	clang	f2	711.4	same	22223
lkapos/s:f-aaab+41	improve	clang	f3	703.2	same	22223
lkapos/s:f-aaab+41	improve	clang	f3i	609.5	same	22223
lkapos/s:f-aaab+41	improve	clang	f4	714.1	same	22223
lkapos/s:f-aaab+41	improve	clang	d	675.5	same	22223
lkapos/s:f-aaab+41	improve	clang	d2	672.1	same	22223
lkapos/s:f-aaab+41	improve	clang	dL	672.2	same	22223
lkapos/s:f-aaab+41	improve	clang	a	703.0	same	22223
lkapos/s:f-aaab+41	improve	clang	ai	637.0	same	22223
lkapos/s:f-aaab+41	improve	clang	f1	715.6	same	22223
lkapos/s:f-aaab+41	improve	clang	f3	706.3	same	22223
lkapos/s:f-aaab+41	improve	clang	f3i	606.7	same	22223
lkapos/s:f-aaab+41	improve	clang	f4	713.4	same	22223
lkapos/s:f-aaab+41	improve	clang	d	675.4	same	22223
lkapos/s:f-aaab+41	improve	clang	d2	677.7	same	22223
lkapos/s:f-aaab+41	improve	clang	dL	672.0	same	22223
lkapos/s:f-aaab+41	improve	clang	a	706.9	same	22223
lkapos/s:f-aaab+41	improve	clang	ai	631.6	same	22223
lkapos/s:f-aaab+41	improve	clang	f1	806.7	same	22223
lkapos/s:f-aaab+41	improve	clang	f2	711.2	same	22223
lkapos/f:t-1m+2	keep	gcc	a	527768.1	same	41
lkapos/f:t-1m+2	keep	gcc	ai	517049.5	same	41
lkapos/f:t-1m+2	keep	gcc	f1	527667.3	same	41
lkapos/f:t-1m+2	keep	gcc	f2	525899.3	same	41
lkapos/f:t-1m+2	keep	gcc	f3	531783.7	same	41
lkapos/f:t-1m+2	keep	gcc	f3i	530839.8	same	41
lkapos/f:t-1m+2	keep	gcc	f4	527899.8	same	41
lkapos/f:t-1m+2	keep	gcc	d	1241349.8	same	41
lkapos/f:t-1m+2	keep	gcc	d2	1241522.8	same	41
lkapos/f:t-1m+2	keep	gcc	dL	1241152.0	same	41
lkapos/f:t-1m+2	keep	gcc	ai	517602.1	same	41
lkapos/f:t-1m+2	keep	gcc	f1	528206.6	same	41
lkapos/f:t-1m+2	keep	gcc	f2	526405.6	same	41
lkapos/f:t-1m+2	keep	gcc	f3	528540.5	same	41
lkapos/f:t-1m+2	keep	gcc	f3i	530699.3	same	41
lkapos/f:t-1m+2	keep	gcc	f4	526442.0	same	41
lkapos/f:t-1m+2	keep	gcc	d	1241449.1	same	41
lkapos/f:t-1m+2	keep	gcc	d2	1241890.3	same	41
lkapos/f:t-1m+2	keep	gcc	dL	1241180.6	same	41
lkapos/f:t-1m+2	keep	gcc	a	527660.3	same	41
lkapos/f:t-1m+2	keep	gcc	f1	527433.0	same	41
lkapos/f:t-1m+2	keep	gcc	f2	527026.9	same	41
lkapos/f:t-1m+2	keep	gcc	f3	529254.9	same	41
lkapos/f:t-1m+2	keep	gcc	f3i	530603.7	same	41
lkapos/f:t-1m+2	keep	gcc	f4	526308.1	same	41
lkapos/f:t-1m+2	keep	gcc	d	1241442.7	same	41
lkapos/f:t-1m+2	keep	gcc	d2	1241645.2	same	41
lkapos/f:t-1m+2	keep	gcc	dL	1241185.2	same	41
lkapos/f:t-1m+2	keep	gcc	a	527170.3	same	41
lkapos/f:t-1m+2	keep	gcc	ai	516950.4	same	41
lkapos/f:t-1m+2	keep	gcc	f2	524964.4	same	41
lkapos/f:t-1m+2	keep	gcc	f3	528843.9	same	41
lkapos/f:t-1m+2	keep	gcc	f3i	530822.0	same	41
lkapos/f:t-1m+2	keep	gcc	f4	526319.3	same	41
lkapos/f:t-1m+2	keep	gcc	d	1241255.2	same	41
lkapos/f:t-1m+2	keep	gcc	d2	1241403.5	same	41
lkapos/f:t-1m+2	keep	gcc	dL	1241369.1	same	41
lkapos/f:t-1m+2	keep	gcc	a	526810.5	same	41
lkapos/f:t-1m+2	keep	gcc	ai	517243.1	same	41
lkapos/f:t-1m+2	keep	gcc	f1	527635.9	same	41
lkapos/f:t-1m+2	keep	gcc	f3	528942.2	same	41
lkapos/f:t-1m+2	keep	gcc	f3i	531476.2	same	41
lkapos/f:t-1m+2	keep	gcc	f4	526695.9	same	41
lkapos/f:t-1m+2	keep	gcc	d	1241387.6	same	41
lkapos/f:t-1m+2	keep	gcc	d2	1241555.2	same	41
lkapos/f:t-1m+2	keep	gcc	dL	1241105.9	same	41
lkapos/f:t-1m+2	keep	gcc	a	527326.4	same	41
lkapos/f:t-1m+2	keep	gcc	ai	518305.3	same	41
lkapos/f:t-1m+2	keep	gcc	f1	527087.6	same	41
lkapos/f:t-1m+2	keep	gcc	f2	526486.1	same	41
lkapos/f:t-1m+2	keep	gcc	f3i	530023.2	same	41
lkapos/f:t-1m+2	keep	gcc	f4	526737.3	same	41
lkapos/f:t-1m+2	keep	gcc	d	1241193.5	same	41
lkapos/f:t-1m+2	keep	gcc	d2	1241646.4	same	41
lkapos/f:t-1m+2	keep	gcc	dL	1241702.5	same	41
lkapos/f:t-1m+2	keep	gcc	a	528478.6	same	41
lkapos/f:t-1m+2	keep	gcc	ai	517229.7	same	41
lkapos/f:t-1m+2	keep	gcc	f1	527714.7	same	41
lkapos/f:t-1m+2	keep	gcc	f2	526777.1	same	41
lkapos/f:t-1m+2	keep	gcc	f3	528296.6	same	41
lkapos/f:t-1m+2	keep	gcc	f4	527087.3	same	41
lkapos/f:t-1m+2	keep	gcc	d	1241442.3	same	41
lkapos/f:t-1m+2	keep	gcc	d2	1241159.3	same	41
lkapos/f:t-1m+2	keep	gcc	dL	1241123.0	same	41
lkapos/f:t-1m+2	keep	gcc	a	527591.0	same	41
lkapos/f:t-1m+2	keep	gcc	ai	516907.3	same	41
lkapos/f:t-1m+2	keep	gcc	f1	527341.0	same	41
lkapos/f:t-1m+2	keep	gcc	f2	527134.9	same	41
lkapos/f:t-1m+2	keep	gcc	f3	529163.7	same	41
lkapos/f:t-1m+2	keep	gcc	f3i	530789.3	same	41
lkapos/f:t-1m+2	keep	gcc	d	1240954.7	same	41
lkapos/f:t-1m+2	keep	gcc	d2	1241131.0	same	41
lkapos/f:t-1m+2	keep	gcc	dL	1241065.4	same	41
lkapos/f:t-1m+2	keep	gcc	a	527775.9	same	41
lkapos/f:t-1m+2	keep	gcc	ai	516840.0	same	41
lkapos/f:t-1m+2	keep	gcc	f1	527381.0	same	41
lkapos/f:t-1m+2	keep	gcc	f2	526249.3	same	41
lkapos/f:t-1m+2	keep	gcc	f3	528039.5	same	41
lkapos/f:t-1m+2	keep	gcc	f3i	530524.4	same	41
lkapos/f:t-1m+2	keep	gcc	f4	526208.8	same	41
lkapos/f:t-1m+2	keep	gcc	d2	1240953.0	same	41
lkapos/f:t-1m+2	keep	gcc	dL	1240905.2	same	41
lkapos/f:t-1m+2	keep	gcc	a	527135.4	same	41
lkapos/f:t-1m+2	keep	gcc	ai	517247.2	same	41
lkapos/f:t-1m+2	keep	gcc	f1	527472.5	same	41
lkapos/f:t-1m+2	keep	gcc	f2	525936.6	same	41
lkapos/f:t-1m+2	keep	gcc	f3	528863.2	same	41
lkapos/f:t-1m+2	keep	gcc	f3i	531407.9	same	41
lkapos/f:t-1m+2	keep	gcc	f4	525987.6	same	41
lkapos/f:t-1m+2	keep	gcc	d	1230866.3	same	41
lkapos/f:t-1m+2	keep	gcc	dL	1241344.0	same	41
lkapos/f:t-1m+2	keep	gcc	a	527108.1	same	41
lkapos/f:t-1m+2	keep	gcc	ai	517461.9	same	41
lkapos/f:t-1m+2	keep	gcc	f1	527599.3	same	41
lkapos/f:t-1m+2	keep	gcc	f2	526559.8	same	41
lkapos/f:t-1m+2	keep	gcc	f3	528083.0	same	41
lkapos/f:t-1m+2	keep	gcc	f3i	530699.6	same	41
lkapos/f:t-1m+2	keep	gcc	f4	528427.1	same	41
lkapos/f:t-1m+2	keep	gcc	d	1241042.5	same	41
lkapos/f:t-1m+2	keep	gcc	d2	1240688.6	same	41
lkapos/f:t-1m+2	keep	gcc	a	527043.9	same	41
lkapos/f:t-1m+2	keep	gcc	ai	516672.9	same	41
lkapos/f:t-1m+2	keep	gcc	f1	527446.1	same	41
lkapos/f:t-1m+2	keep	gcc	f2	525544.9	same	41
lkapos/f:t-1m+2	keep	gcc	f3	529494.7	same	41
lkapos/f:t-1m+2	keep	gcc	f3i	530651.5	same	41
lkapos/f:t-1m+2	keep	gcc	f4	526789.0	same	41
lkapos/f:t-1m+2	keep	gcc	d	1240744.0	same	41
lkapos/f:t-1m+2	keep	gcc	d2	1240940.3	same	41
lkapos/f:t-1m+2	keep	gcc	dL	1240952.7	same	41
lkapos/f:t-1m+2	keep	gcc	ai	516607.7	same	41
lkapos/f:t-1m+2	keep	gcc	f1	527523.2	same	41
lkapos/f:t-1m+2	keep	gcc	f2	526658.3	same	41
lkapos/f:t-1m+2	keep	gcc	f3	528925.4	same	41
lkapos/f:t-1m+2	keep	gcc	f3i	530815.4	same	41
lkapos/f:t-1m+2	keep	gcc	f4	526929.8	same	41
lkapos/f:t-1m+2	keep	gcc	d	1240969.3	same	41
lkapos/f:t-1m+2	keep	gcc	d2	1241316.4	same	41
lkapos/f:t-1m+2	keep	gcc	dL	1241340.3	same	41
lkapos/f:t-1m+2	keep	gcc	a	527534.7	same	41
lkapos/f:t-1m+2	keep	gcc	f1	527622.2	same	41
lkapos/f:t-1m+2	keep	gcc	f2	526399.0	same	41
lkapos/f:t-1m+2	keep	gcc	f3	528758.8	same	41
lkapos/f:t-1m+2	keep	gcc	f3i	530612.5	same	41
lkapos/f:t-1m+2	keep	gcc	f4	526912.9	same	41
lkapos/f:t-1m+2	keep	gcc	d	1241409.3	same	41
lkapos/f:t-1m+2	keep	gcc	d2	1241326.2	same	41
lkapos/f:t-1m+2	keep	gcc	dL	1234705.9	same	41
lkapos/f:t-1m+2	keep	gcc	a	527482.7	same	41
lkapos/f:t-1m+2	keep	gcc	ai	517389.5	same	41
lkapos/f:t-1m+2	keep	gcc	f2	526509.8	same	41
lkapos/f:t-1m+2	keep	gcc	f3	528343.0	same	41
lkapos/f:t-1m+2	keep	gcc	f3i	530615.2	same	41
lkapos/f:t-1m+2	keep	gcc	f4	527392.5	same	41
lkapos/f:t-1m+2	keep	gcc	d	1241201.5	same	41
lkapos/f:t-1m+2	keep	gcc	d2	1240891.0	same	41
lkapos/f:t-1m+2	keep	gcc	dL	1241216.6	same	41
lkapos/f:t-1m+2	keep	gcc	a	528155.9	same	41
lkapos/f:t-1m+2	keep	gcc	ai	518500.7	same	41
lkapos/f:t-1m+2	keep	gcc	f1	528574.2	same	41
lkapos/f:t-1m+2	keep	gcc	f3	528239.5	same	41
lkapos/f:t-1m+2	keep	gcc	f3i	530560.5	same	41
lkapos/f:t-1m+2	keep	gcc	f4	526175.6	same	41
lkapos/f:t-1m+2	keep	gcc	d	1241444.2	same	41
lkapos/f:t-1m+2	keep	gcc	d2	1241750.8	same	41
lkapos/f:t-1m+2	keep	gcc	dL	1241258.4	same	41
lkapos/f:t-1m+2	keep	gcc	a	527428.6	same	41
lkapos/f:t-1m+2	keep	gcc	ai	517175.1	same	41
lkapos/f:t-1m+2	keep	gcc	f1	528594.9	same	41
lkapos/f:t-1m+2	keep	gcc	f2	526428.3	same	41
lkapos/f:t-1m+2	keep	clang	a	513574.3	same	39
lkapos/f:t-1m+2	keep	clang	ai	516627.4	same	39
lkapos/f:t-1m+2	keep	clang	f1	516566.1	same	39
lkapos/f:t-1m+2	keep	clang	f2	521401.5	same	39
lkapos/f:t-1m+2	keep	clang	f3	519716.7	same	39
lkapos/f:t-1m+2	keep	clang	f3i	520244.9	same	39
lkapos/f:t-1m+2	keep	clang	f4	518320.5	same	39
lkapos/f:t-1m+2	keep	clang	d	1266615.9	same	39
lkapos/f:t-1m+2	keep	clang	d2	1268374.4	same	39
lkapos/f:t-1m+2	keep	clang	dL	866587.4	same	39
lkapos/f:t-1m+2	keep	clang	ai	516195.6	same	39
lkapos/f:t-1m+2	keep	clang	f1	516800.0	same	39
lkapos/f:t-1m+2	keep	clang	f2	520940.8	same	39
lkapos/f:t-1m+2	keep	clang	f3	518071.5	same	39
lkapos/f:t-1m+2	keep	clang	f3i	523485.2	same	39
lkapos/f:t-1m+2	keep	clang	f4	518492.6	same	39
lkapos/f:t-1m+2	keep	clang	d	1265888.5	same	39
lkapos/f:t-1m+2	keep	clang	d2	1265667.2	same	39
lkapos/f:t-1m+2	keep	clang	dL	866464.3	same	39
lkapos/f:t-1m+2	keep	clang	a	512809.9	same	39
lkapos/f:t-1m+2	keep	clang	f1	516506.7	same	39
lkapos/f:t-1m+2	keep	clang	f2	521542.3	same	39
lkapos/f:t-1m+2	keep	clang	f3	518860.3	same	39
lkapos/f:t-1m+2	keep	clang	f3i	521090.5	same	39
lkapos/f:t-1m+2	keep	clang	f4	518589.0	same	39
lkapos/f:t-1m+2	keep	clang	d	1264971.0	same	39
lkapos/f:t-1m+2	keep	clang	d2	1264809.5	same	39
lkapos/f:t-1m+2	keep	clang	dL	866798.1	same	39
lkapos/f:t-1m+2	keep	clang	a	512728.2	same	39
lkapos/f:t-1m+2	keep	clang	ai	516399.7	same	39
lkapos/f:t-1m+2	keep	clang	f2	521238.7	same	39
lkapos/f:t-1m+2	keep	clang	f3	518645.1	same	39
lkapos/f:t-1m+2	keep	clang	f3i	523373.4	same	39
lkapos/f:t-1m+2	keep	clang	f4	519387.2	same	39
lkapos/f:t-1m+2	keep	clang	d	1264459.2	same	39
lkapos/f:t-1m+2	keep	clang	d2	1264679.7	same	39
lkapos/f:t-1m+2	keep	clang	dL	866993.5	same	39
lkapos/f:t-1m+2	keep	clang	a	513148.2	same	39
lkapos/f:t-1m+2	keep	clang	ai	515616.6	same	39
lkapos/f:t-1m+2	keep	clang	f1	516321.5	same	39
lkapos/f:t-1m+2	keep	clang	f3	516525.1	same	39
lkapos/f:t-1m+2	keep	clang	f3i	520569.2	same	39
lkapos/f:t-1m+2	keep	clang	f4	518750.5	same	39
lkapos/f:t-1m+2	keep	clang	d	1264741.0	same	39
lkapos/f:t-1m+2	keep	clang	d2	1265095.4	same	39
lkapos/f:t-1m+2	keep	clang	dL	866535.1	same	39
lkapos/f:t-1m+2	keep	clang	a	512887.9	same	39
lkapos/f:t-1m+2	keep	clang	ai	516066.1	same	39
lkapos/f:t-1m+2	keep	clang	f1	516829.2	same	39
lkapos/f:t-1m+2	keep	clang	f2	521517.7	same	39
lkapos/f:t-1m+2	keep	clang	f3i	520818.7	same	39
lkapos/f:t-1m+2	keep	clang	f4	518384.1	same	39
lkapos/f:t-1m+2	keep	clang	d	1265238.2	same	39
lkapos/f:t-1m+2	keep	clang	d2	1264784.9	same	39
lkapos/f:t-1m+2	keep	clang	dL	866587.4	same	39
lkapos/f:t-1m+2	keep	clang	a	512594.6	same	39
lkapos/f:t-1m+2	keep	clang	ai	515718.9	same	39
lkapos/f:t-1m+2	keep	clang	f1	516684.1	same	39
lkapos/f:t-1m+2	keep	clang	f2	520777.2	same	39
lkapos/f:t-1m+2	keep	clang	f3	516814.4	same	39
lkapos/f:t-1m+2	keep	clang	f4	517931.3	same	39
lkapos/f:t-1m+2	keep	clang	d	1264478.5	same	39
lkapos/f:t-1m+2	keep	clang	d2	1265584.9	same	39
lkapos/f:t-1m+2	keep	clang	dL	866811.5	same	39
lkapos/f:t-1m+2	keep	clang	a	512873.5	same	39
lkapos/f:t-1m+2	keep	clang	ai	515288.2	same	39
lkapos/f:t-1m+2	keep	clang	f1	516255.9	same	39
lkapos/f:t-1m+2	keep	clang	f2	521207.2	same	39
lkapos/f:t-1m+2	keep	clang	f3	517353.1	same	39
lkapos/f:t-1m+2	keep	clang	f3i	520534.6	same	39
lkapos/f:t-1m+2	keep	clang	d	1264801.8	same	39
lkapos/f:t-1m+2	keep	clang	d2	1265248.2	same	39
lkapos/f:t-1m+2	keep	clang	dL	866570.9	same	39
lkapos/f:t-1m+2	keep	clang	a	513386.6	same	39
lkapos/f:t-1m+2	keep	clang	ai	516164.3	same	39
lkapos/f:t-1m+2	keep	clang	f1	516686.1	same	39
lkapos/f:t-1m+2	keep	clang	f2	556597.0	same	39
lkapos/f:t-1m+2	keep	clang	f3	517370.5	same	39
lkapos/f:t-1m+2	keep	clang	f3i	520617.2	same	39
lkapos/f:t-1m+2	keep	clang	f4	518436.4	same	39
lkapos/f:t-1m+2	keep	clang	d2	1264464.1	same	39
lkapos/f:t-1m+2	keep	clang	dL	866714.0	same	39
lkapos/f:t-1m+2	keep	clang	a	513029.4	same	39
lkapos/f:t-1m+2	keep	clang	ai	515428.9	same	39
lkapos/f:t-1m+2	keep	clang	f1	516358.2	same	39
lkapos/f:t-1m+2	keep	clang	f2	521230.0	same	39
lkapos/f:t-1m+2	keep	clang	f3	518634.9	same	39
lkapos/f:t-1m+2	keep	clang	f3i	520772.1	same	39
lkapos/f:t-1m+2	keep	clang	f4	518480.3	same	39
lkapos/f:t-1m+2	keep	clang	d	1264769.5	same	39
lkapos/f:t-1m+2	keep	clang	dL	866700.4	same	39
lkapos/f:t-1m+2	keep	clang	a	512996.6	same	39
lkapos/f:t-1m+2	keep	clang	ai	516225.6	same	39
lkapos/f:t-1m+2	keep	clang	f1	516289.0	same	39
lkapos/f:t-1m+2	keep	clang	f2	520929.5	same	39
lkapos/f:t-1m+2	keep	clang	f3	516428.7	same	39
lkapos/f:t-1m+2	keep	clang	f3i	523644.9	same	39
lkapos/f:t-1m+2	keep	clang	f4	518579.5	same	39
lkapos/f:t-1m+2	keep	clang	d	1264627.2	same	39
lkapos/f:t-1m+2	keep	clang	d2	1265043.4	same	39
lkapos/f:t-1m+2	keep	clang	a	512911.5	same	39
lkapos/f:t-1m+2	keep	clang	ai	515259.5	same	39
lkapos/f:t-1m+2	keep	clang	f1	516580.5	same	39
lkapos/f:t-1m+2	keep	clang	f2	520397.4	same	39
lkapos/f:t-1m+2	keep	clang	f3	517512.5	same	39
lkapos/f:t-1m+2	keep	clang	f3i	521126.9	same	39
lkapos/f:t-1m+2	keep	clang	f4	518807.4	same	39
lkapos/f:t-1m+2	keep	clang	d	1264856.4	same	39
lkapos/f:t-1m+2	keep	clang	d2	1264494.1	same	39
lkapos/f:t-1m+2	keep	clang	dL	867759.7	same	39
lkapos/f:t-1m+2	keep	clang	ai	515761.0	same	39
lkapos/f:t-1m+2	keep	clang	f1	516565.9	same	39
lkapos/f:t-1m+2	keep	clang	f2	520938.5	same	39
lkapos/f:t-1m+2	keep	clang	f3	516128.7	same	39
lkapos/f:t-1m+2	keep	clang	f3i	520736.2	same	39
lkapos/f:t-1m+2	keep	clang	f4	518976.4	same	39
lkapos/f:t-1m+2	keep	clang	d	1264979.7	same	39
lkapos/f:t-1m+2	keep	clang	d2	1264172.8	same	39
lkapos/f:t-1m+2	keep	clang	dL	870862.3	same	39
lkapos/f:t-1m+2	keep	clang	a	512487.6	same	39
lkapos/f:t-1m+2	keep	clang	f1	516273.1	same	39
lkapos/f:t-1m+2	keep	clang	f2	520908.2	same	39
lkapos/f:t-1m+2	keep	clang	f3	518145.1	same	39
lkapos/f:t-1m+2	keep	clang	f3i	520649.8	same	39
lkapos/f:t-1m+2	keep	clang	f4	518402.8	same	39
lkapos/f:t-1m+2	keep	clang	d	1264612.8	same	39
lkapos/f:t-1m+2	keep	clang	d2	1264571.5	same	39
lkapos/f:t-1m+2	keep	clang	dL	866536.6	same	39
lkapos/f:t-1m+2	keep	clang	a	512111.7	same	39
lkapos/f:t-1m+2	keep	clang	ai	516366.7	same	39
lkapos/f:t-1m+2	keep	clang	f2	522170.8	same	39
lkapos/f:t-1m+2	keep	clang	f3	516860.8	same	39
lkapos/f:t-1m+2	keep	clang	f3i	520922.6	same	39
lkapos/f:t-1m+2	keep	clang	f4	518799.5	same	39
lkapos/f:t-1m+2	keep	clang	d	1264490.0	same	39
lkapos/f:t-1m+2	keep	clang	d2	1264923.6	same	39
lkapos/f:t-1m+2	keep	clang	dL	871307.9	same	39
lkapos/f:t-1m+2	keep	clang	a	513670.5	same	39
lkapos/f:t-1m+2	keep	clang	ai	516577.2	same	39
lkapos/f:t-1m+2	keep	clang	f1	521094.4	same	39
lkapos/f:t-1m+2	keep	clang	f3	518594.9	same	39
lkapos/f:t-1m+2	keep	clang	f3i	520424.9	same	39
lkapos/f:t-1m+2	keep	clang	f4	518860.5	same	39
lkapos/f:t-1m+2	keep	clang	d	1264618.2	same	39
lkapos/f:t-1m+2	keep	clang	d2	1265177.9	same	39
lkapos/f:t-1m+2	keep	clang	dL	866544.8	same	39
lkapos/f:t-1m+2	keep	clang	a	512257.1	same	39
lkapos/f:t-1m+2	keep	clang	ai	517002.8	same	39
lkapos/f:t-1m+2	keep	clang	f1	516569.2	same	39
lkapos/f:t-1m+2	keep	clang	f2	521212.3	same	39
lkaverb/s:f-aaab+41	improve	gcc	a	684.8	same	15198
lkaverb/s:f-aaab+41	improve	gcc	ai	607.1	same	15198
lkaverb/s:f-aaab+41	improve	gcc	f1	685.6	same	15198
lkaverb/s:f-aaab+41	improve	gcc	f2	682.4	same	15198
lkaverb/s:f-aaab+41	improve	gcc	f3	655.3	same	15198
lkaverb/s:f-aaab+41	improve	gcc	f3i	572.9	same	15198
lkaverb/s:f-aaab+41	improve	gcc	f4	692.6	same	15198
lkaverb/s:f-aaab+41	improve	gcc	d	630.3	same	15198
lkaverb/s:f-aaab+41	improve	gcc	d2	630.3	same	15198
lkaverb/s:f-aaab+41	improve	gcc	dL	630.4	same	15198
lkaverb/s:f-aaab+41	improve	gcc	ai	613.5	same	15198
lkaverb/s:f-aaab+41	improve	gcc	f1	682.4	same	15198
lkaverb/s:f-aaab+41	improve	gcc	f2	681.9	same	15198
lkaverb/s:f-aaab+41	improve	gcc	f3	655.3	same	15198
lkaverb/s:f-aaab+41	improve	gcc	f3i	573.7	same	15198
lkaverb/s:f-aaab+41	improve	gcc	f4	693.4	same	15198
lkaverb/s:f-aaab+41	improve	gcc	d	630.3	same	15198
lkaverb/s:f-aaab+41	improve	gcc	d2	631.5	same	15198
lkaverb/s:f-aaab+41	improve	gcc	dL	629.1	same	15198
lkaverb/s:f-aaab+41	improve	gcc	a	683.4	same	15198
lkaverb/s:f-aaab+41	improve	gcc	f1	685.2	same	15198
lkaverb/s:f-aaab+41	improve	gcc	f2	678.4	same	15198
lkaverb/s:f-aaab+41	improve	gcc	f3	656.5	same	15198
lkaverb/s:f-aaab+41	improve	gcc	f3i	573.2	same	15198
lkaverb/s:f-aaab+41	improve	gcc	f4	696.1	same	15198
lkaverb/s:f-aaab+41	improve	gcc	d	630.3	same	15198
lkaverb/s:f-aaab+41	improve	gcc	d2	632.4	same	15198
lkaverb/s:f-aaab+41	improve	gcc	dL	629.5	same	15198
lkaverb/s:f-aaab+41	improve	gcc	a	684.0	same	15198
lkaverb/s:f-aaab+41	improve	gcc	ai	593.5	same	15198
lkaverb/s:f-aaab+41	improve	gcc	f2	678.3	same	15198
lkaverb/s:f-aaab+41	improve	gcc	f3	656.0	same	15198
lkaverb/s:f-aaab+41	improve	gcc	f3i	573.0	same	15198
lkaverb/s:f-aaab+41	improve	gcc	f4	693.4	same	15198
lkaverb/s:f-aaab+41	improve	gcc	d	631.3	same	15198
lkaverb/s:f-aaab+41	improve	gcc	d2	630.6	same	15198
lkaverb/s:f-aaab+41	improve	gcc	dL	634.7	same	15198
lkaverb/s:f-aaab+41	improve	gcc	a	683.3	same	15198
lkaverb/s:f-aaab+41	improve	gcc	ai	594.3	same	15198
lkaverb/s:f-aaab+41	improve	gcc	f1	684.5	same	15198
lkaverb/s:f-aaab+41	improve	gcc	f3	657.2	same	15198
lkaverb/s:f-aaab+41	improve	gcc	f3i	572.3	same	15198
lkaverb/s:f-aaab+41	improve	gcc	f4	699.0	same	15198
lkaverb/s:f-aaab+41	improve	gcc	d	628.9	same	15198
lkaverb/s:f-aaab+41	improve	gcc	d2	630.9	same	15198
lkaverb/s:f-aaab+41	improve	gcc	dL	630.4	same	15198
lkaverb/s:f-aaab+41	improve	gcc	a	685.0	same	15198
lkaverb/s:f-aaab+41	improve	gcc	ai	596.2	same	15198
lkaverb/s:f-aaab+41	improve	gcc	f1	683.7	same	15198
lkaverb/s:f-aaab+41	improve	gcc	f2	681.9	same	15198
lkaverb/s:f-aaab+41	improve	gcc	f3i	571.3	same	15198
lkaverb/s:f-aaab+41	improve	gcc	f4	694.7	same	15198
lkaverb/s:f-aaab+41	improve	gcc	d	629.2	same	15198
lkaverb/s:f-aaab+41	improve	gcc	d2	629.9	same	15198
lkaverb/s:f-aaab+41	improve	gcc	dL	630.2	same	15198
lkaverb/s:f-aaab+41	improve	gcc	a	686.6	same	15198
lkaverb/s:f-aaab+41	improve	gcc	ai	608.2	same	15198
lkaverb/s:f-aaab+41	improve	gcc	f1	685.0	same	15198
lkaverb/s:f-aaab+41	improve	gcc	f2	680.6	same	15198
lkaverb/s:f-aaab+41	improve	gcc	f3	653.7	same	15198
lkaverb/s:f-aaab+41	improve	gcc	f4	695.5	same	15198
lkaverb/s:f-aaab+41	improve	gcc	d	630.0	same	15198
lkaverb/s:f-aaab+41	improve	gcc	d2	629.8	same	15198
lkaverb/s:f-aaab+41	improve	gcc	dL	631.3	same	15198
lkaverb/s:f-aaab+41	improve	gcc	a	683.7	same	15198
lkaverb/s:f-aaab+41	improve	gcc	ai	597.4	same	15198
lkaverb/s:f-aaab+41	improve	gcc	f1	683.0	same	15198
lkaverb/s:f-aaab+41	improve	gcc	f2	685.7	same	15198
lkaverb/s:f-aaab+41	improve	gcc	f3	656.6	same	15198
lkaverb/s:f-aaab+41	improve	gcc	f3i	574.1	same	15198
lkaverb/s:f-aaab+41	improve	gcc	d	630.7	same	15198
lkaverb/s:f-aaab+41	improve	gcc	d2	632.3	same	15198
lkaverb/s:f-aaab+41	improve	gcc	dL	632.9	same	15198
lkaverb/s:f-aaab+41	improve	gcc	a	683.7	same	15198
lkaverb/s:f-aaab+41	improve	gcc	ai	596.6	same	15198
lkaverb/s:f-aaab+41	improve	gcc	f1	685.3	same	15198
lkaverb/s:f-aaab+41	improve	gcc	f2	679.4	same	15198
lkaverb/s:f-aaab+41	improve	gcc	f3	656.4	same	15198
lkaverb/s:f-aaab+41	improve	gcc	f3i	575.7	same	15198
lkaverb/s:f-aaab+41	improve	gcc	f4	697.5	same	15198
lkaverb/s:f-aaab+41	improve	gcc	d2	629.4	same	15198
lkaverb/s:f-aaab+41	improve	gcc	dL	632.8	same	15198
lkaverb/s:f-aaab+41	improve	gcc	a	682.8	same	15198
lkaverb/s:f-aaab+41	improve	gcc	ai	593.5	same	15198
lkaverb/s:f-aaab+41	improve	gcc	f1	682.7	same	15198
lkaverb/s:f-aaab+41	improve	gcc	f2	683.8	same	15198
lkaverb/s:f-aaab+41	improve	gcc	f3	655.6	same	15198
lkaverb/s:f-aaab+41	improve	gcc	f3i	572.7	same	15198
lkaverb/s:f-aaab+41	improve	gcc	f4	694.5	same	15198
lkaverb/s:f-aaab+41	improve	gcc	d	630.0	same	15198
lkaverb/s:f-aaab+41	improve	gcc	dL	630.3	same	15198
lkaverb/s:f-aaab+41	improve	gcc	a	682.9	same	15198
lkaverb/s:f-aaab+41	improve	gcc	ai	593.9	same	15198
lkaverb/s:f-aaab+41	improve	gcc	f1	682.7	same	15198
lkaverb/s:f-aaab+41	improve	gcc	f2	679.0	same	15198
lkaverb/s:f-aaab+41	improve	gcc	f3	657.1	same	15198
lkaverb/s:f-aaab+41	improve	gcc	f3i	575.0	same	15198
lkaverb/s:f-aaab+41	improve	gcc	f4	694.6	same	15198
lkaverb/s:f-aaab+41	improve	gcc	d	632.2	same	15198
lkaverb/s:f-aaab+41	improve	gcc	d2	628.6	same	15198
lkaverb/s:f-aaab+41	improve	gcc	a	681.3	same	15198
lkaverb/s:f-aaab+41	improve	gcc	ai	595.4	same	15198
lkaverb/s:f-aaab+41	improve	gcc	f1	684.0	same	15198
lkaverb/s:f-aaab+41	improve	gcc	f2	681.2	same	15198
lkaverb/s:f-aaab+41	improve	gcc	f3	662.6	same	15198
lkaverb/s:f-aaab+41	improve	gcc	f3i	574.9	same	15198
lkaverb/s:f-aaab+41	improve	gcc	f4	693.2	same	15198
lkaverb/s:f-aaab+41	improve	gcc	d	629.7	same	15198
lkaverb/s:f-aaab+41	improve	gcc	d2	631.3	same	15198
lkaverb/s:f-aaab+41	improve	gcc	dL	627.8	same	15198
lkaverb/s:f-aaab+41	improve	gcc	ai	608.7	same	15198
lkaverb/s:f-aaab+41	improve	gcc	f1	681.6	same	15198
lkaverb/s:f-aaab+41	improve	gcc	f2	681.4	same	15198
lkaverb/s:f-aaab+41	improve	gcc	f3	652.6	same	15198
lkaverb/s:f-aaab+41	improve	gcc	f3i	572.3	same	15198
lkaverb/s:f-aaab+41	improve	gcc	f4	696.7	same	15198
lkaverb/s:f-aaab+41	improve	gcc	d	633.4	same	15198
lkaverb/s:f-aaab+41	improve	gcc	d2	628.5	same	15198
lkaverb/s:f-aaab+41	improve	gcc	dL	629.0	same	15198
lkaverb/s:f-aaab+41	improve	gcc	a	683.2	same	15198
lkaverb/s:f-aaab+41	improve	gcc	f1	683.5	same	15198
lkaverb/s:f-aaab+41	improve	gcc	f2	684.0	same	15198
lkaverb/s:f-aaab+41	improve	gcc	f3	654.0	same	15198
lkaverb/s:f-aaab+41	improve	gcc	f3i	572.3	same	15198
lkaverb/s:f-aaab+41	improve	gcc	f4	695.2	same	15198
lkaverb/s:f-aaab+41	improve	gcc	d	628.8	same	15198
lkaverb/s:f-aaab+41	improve	gcc	d2	631.5	same	15198
lkaverb/s:f-aaab+41	improve	gcc	dL	629.9	same	15198
lkaverb/s:f-aaab+41	improve	gcc	a	683.9	same	15198
lkaverb/s:f-aaab+41	improve	gcc	ai	595.3	same	15198
lkaverb/s:f-aaab+41	improve	gcc	f2	682.9	same	15198
lkaverb/s:f-aaab+41	improve	gcc	f3	657.1	same	15198
lkaverb/s:f-aaab+41	improve	gcc	f3i	575.3	same	15198
lkaverb/s:f-aaab+41	improve	gcc	f4	692.9	same	15198
lkaverb/s:f-aaab+41	improve	gcc	d	631.8	same	15198
lkaverb/s:f-aaab+41	improve	gcc	d2	631.9	same	15198
lkaverb/s:f-aaab+41	improve	gcc	dL	629.7	same	15198
lkaverb/s:f-aaab+41	improve	gcc	a	684.5	same	15198
lkaverb/s:f-aaab+41	improve	gcc	ai	608.9	same	15198
lkaverb/s:f-aaab+41	improve	gcc	f1	683.5	same	15198
lkaverb/s:f-aaab+41	improve	gcc	f3	655.1	same	15198
lkaverb/s:f-aaab+41	improve	gcc	f3i	571.9	same	15198
lkaverb/s:f-aaab+41	improve	gcc	f4	694.4	same	15198
lkaverb/s:f-aaab+41	improve	gcc	d	629.8	same	15198
lkaverb/s:f-aaab+41	improve	gcc	d2	631.0	same	15198
lkaverb/s:f-aaab+41	improve	gcc	dL	632.0	same	15198
lkaverb/s:f-aaab+41	improve	gcc	a	688.8	same	15198
lkaverb/s:f-aaab+41	improve	gcc	ai	593.4	same	15198
lkaverb/s:f-aaab+41	improve	gcc	f1	684.9	same	15198
lkaverb/s:f-aaab+41	improve	gcc	f2	679.8	same	15198
lkaverb/s:f-aaab+41	improve	clang	a	706.7	same	15385
lkaverb/s:f-aaab+41	improve	clang	ai	637.2	same	15385
lkaverb/s:f-aaab+41	improve	clang	f1	716.5	same	15385
lkaverb/s:f-aaab+41	improve	clang	f2	710.2	same	15385
lkaverb/s:f-aaab+41	improve	clang	f3	703.7	same	15385
lkaverb/s:f-aaab+41	improve	clang	f3i	608.2	same	15385
lkaverb/s:f-aaab+41	improve	clang	f4	714.8	same	15385
lkaverb/s:f-aaab+41	improve	clang	d	674.9	same	15385
lkaverb/s:f-aaab+41	improve	clang	d2	672.9	same	15385
lkaverb/s:f-aaab+41	improve	clang	dL	675.0	same	15385
lkaverb/s:f-aaab+41	improve	clang	ai	632.3	same	15385
lkaverb/s:f-aaab+41	improve	clang	f1	718.4	same	15385
lkaverb/s:f-aaab+41	improve	clang	f2	710.6	same	15385
lkaverb/s:f-aaab+41	improve	clang	f3	706.7	same	15385
lkaverb/s:f-aaab+41	improve	clang	f3i	608.5	same	15385
lkaverb/s:f-aaab+41	improve	clang	f4	713.8	same	15385
lkaverb/s:f-aaab+41	improve	clang	d	679.9	same	15385
lkaverb/s:f-aaab+41	improve	clang	d2	677.8	same	15385
lkaverb/s:f-aaab+41	improve	clang	dL	677.1	same	15385
lkaverb/s:f-aaab+41	improve	clang	a	705.4	same	15385
lkaverb/s:f-aaab+41	improve	clang	f1	717.7	same	15385
lkaverb/s:f-aaab+41	improve	clang	f2	709.2	same	15385
lkaverb/s:f-aaab+41	improve	clang	f3	704.9	same	15385
lkaverb/s:f-aaab+41	improve	clang	f3i	609.0	same	15385
lkaverb/s:f-aaab+41	improve	clang	f4	714.2	same	15385
lkaverb/s:f-aaab+41	improve	clang	d	675.2	same	15385
lkaverb/s:f-aaab+41	improve	clang	d2	675.1	same	15385
lkaverb/s:f-aaab+41	improve	clang	dL	676.3	same	15385
lkaverb/s:f-aaab+41	improve	clang	a	705.9	same	15385
lkaverb/s:f-aaab+41	improve	clang	ai	630.8	same	15385
lkaverb/s:f-aaab+41	improve	clang	f2	708.9	same	15385
lkaverb/s:f-aaab+41	improve	clang	f3	709.7	same	15385
lkaverb/s:f-aaab+41	improve	clang	f3i	609.5	same	15385
lkaverb/s:f-aaab+41	improve	clang	f4	713.6	same	15385
lkaverb/s:f-aaab+41	improve	clang	d	678.0	same	15385
lkaverb/s:f-aaab+41	improve	clang	d2	674.8	same	15385
lkaverb/s:f-aaab+41	improve	clang	dL	669.6	same	15385
lkaverb/s:f-aaab+41	improve	clang	a	706.0	same	15385
lkaverb/s:f-aaab+41	improve	clang	ai	640.9	same	15385
lkaverb/s:f-aaab+41	improve	clang	f1	722.5	same	15385
lkaverb/s:f-aaab+41	improve	clang	f3	709.0	same	15385
lkaverb/s:f-aaab+41	improve	clang	f3i	609.7	same	15385
lkaverb/s:f-aaab+41	improve	clang	f4	711.9	same	15385
lkaverb/s:f-aaab+41	improve	clang	d	684.2	same	15385
lkaverb/s:f-aaab+41	improve	clang	d2	676.9	same	15385
lkaverb/s:f-aaab+41	improve	clang	dL	672.7	same	15385
lkaverb/s:f-aaab+41	improve	clang	a	704.3	same	15385
lkaverb/s:f-aaab+41	improve	clang	ai	634.8	same	15385
lkaverb/s:f-aaab+41	improve	clang	f1	717.3	same	15385
lkaverb/s:f-aaab+41	improve	clang	f2	711.2	same	15385
lkaverb/s:f-aaab+41	improve	clang	f3i	609.0	same	15385
lkaverb/s:f-aaab+41	improve	clang	f4	862.6	same	15385
lkaverb/s:f-aaab+41	improve	clang	d	670.9	same	15385
lkaverb/s:f-aaab+41	improve	clang	d2	673.3	same	15385
lkaverb/s:f-aaab+41	improve	clang	dL	669.7	same	15385
lkaverb/s:f-aaab+41	improve	clang	a	702.7	same	15385
lkaverb/s:f-aaab+41	improve	clang	ai	631.5	same	15385
lkaverb/s:f-aaab+41	improve	clang	f1	716.0	same	15385
lkaverb/s:f-aaab+41	improve	clang	f2	707.6	same	15385
lkaverb/s:f-aaab+41	improve	clang	f3	708.2	same	15385
lkaverb/s:f-aaab+41	improve	clang	f4	716.2	same	15385
lkaverb/s:f-aaab+41	improve	clang	d	676.1	same	15385
lkaverb/s:f-aaab+41	improve	clang	d2	672.0	same	15385
lkaverb/s:f-aaab+41	improve	clang	dL	672.7	same	15385
lkaverb/s:f-aaab+41	improve	clang	a	703.0	same	15385
lkaverb/s:f-aaab+41	improve	clang	ai	639.2	same	15385
lkaverb/s:f-aaab+41	improve	clang	f1	716.6	same	15385
lkaverb/s:f-aaab+41	improve	clang	f2	712.0	same	15385
lkaverb/s:f-aaab+41	improve	clang	f3	709.7	same	15385
lkaverb/s:f-aaab+41	improve	clang	f3i	610.0	same	15385
lkaverb/s:f-aaab+41	improve	clang	d	677.2	same	15385
lkaverb/s:f-aaab+41	improve	clang	d2	674.4	same	15385
lkaverb/s:f-aaab+41	improve	clang	dL	671.9	same	15385
lkaverb/s:f-aaab+41	improve	clang	a	706.8	same	15385
lkaverb/s:f-aaab+41	improve	clang	ai	635.1	same	15385
lkaverb/s:f-aaab+41	improve	clang	f1	715.5	same	15385
lkaverb/s:f-aaab+41	improve	clang	f2	712.0	same	15385
lkaverb/s:f-aaab+41	improve	clang	f3	703.8	same	15385
lkaverb/s:f-aaab+41	improve	clang	f3i	607.1	same	15385
lkaverb/s:f-aaab+41	improve	clang	f4	712.0	same	15385
lkaverb/s:f-aaab+41	improve	clang	d2	677.7	same	15385
lkaverb/s:f-aaab+41	improve	clang	dL	675.3	same	15385
lkaverb/s:f-aaab+41	improve	clang	a	706.2	same	15385
lkaverb/s:f-aaab+41	improve	clang	ai	638.9	same	15385
lkaverb/s:f-aaab+41	improve	clang	f1	717.9	same	15385
lkaverb/s:f-aaab+41	improve	clang	f2	710.2	same	15385
lkaverb/s:f-aaab+41	improve	clang	f3	712.9	same	15385
lkaverb/s:f-aaab+41	improve	clang	f3i	608.1	same	15385
lkaverb/s:f-aaab+41	improve	clang	f4	711.1	same	15385
lkaverb/s:f-aaab+41	improve	clang	d	673.5	same	15385
lkaverb/s:f-aaab+41	improve	clang	dL	673.3	same	15385
lkaverb/s:f-aaab+41	improve	clang	a	705.1	same	15385
lkaverb/s:f-aaab+41	improve	clang	ai	633.4	same	15385
lkaverb/s:f-aaab+41	improve	clang	f1	717.2	same	15385
lkaverb/s:f-aaab+41	improve	clang	f2	713.4	same	15385
lkaverb/s:f-aaab+41	improve	clang	f3	708.3	same	15385
lkaverb/s:f-aaab+41	improve	clang	f3i	612.1	same	15385
lkaverb/s:f-aaab+41	improve	clang	f4	713.2	same	15385
lkaverb/s:f-aaab+41	improve	clang	d	672.8	same	15385
lkaverb/s:f-aaab+41	improve	clang	d2	672.4	same	15385
lkaverb/s:f-aaab+41	improve	clang	a	703.8	same	15385
lkaverb/s:f-aaab+41	improve	clang	ai	635.6	same	15385
lkaverb/s:f-aaab+41	improve	clang	f1	715.1	same	15385
lkaverb/s:f-aaab+41	improve	clang	f2	711.8	same	15385
lkaverb/s:f-aaab+41	improve	clang	f3	705.6	same	15385
lkaverb/s:f-aaab+41	improve	clang	f3i	606.7	same	15385
lkaverb/s:f-aaab+41	improve	clang	f4	714.2	same	15385
lkaverb/s:f-aaab+41	improve	clang	d	675.9	same	15385
lkaverb/s:f-aaab+41	improve	clang	d2	674.5	same	15385
lkaverb/s:f-aaab+41	improve	clang	dL	673.8	same	15385
lkaverb/s:f-aaab+41	improve	clang	ai	635.9	same	15385
lkaverb/s:f-aaab+41	improve	clang	f1	711.8	same	15385
lkaverb/s:f-aaab+41	improve	clang	f2	709.2	same	15385
lkaverb/s:f-aaab+41	improve	clang	f3	704.7	same	15385
lkaverb/s:f-aaab+41	improve	clang	f3i	607.5	same	15385
lkaverb/s:f-aaab+41	improve	clang	f4	712.1	same	15385
lkaverb/s:f-aaab+41	improve	clang	d	673.5	same	15385
lkaverb/s:f-aaab+41	improve	clang	d2	674.6	same	15385
lkaverb/s:f-aaab+41	improve	clang	dL	676.6	same	15385
lkaverb/s:f-aaab+41	improve	clang	a	708.7	same	15385
lkaverb/s:f-aaab+41	improve	clang	f1	717.6	same	15385
lkaverb/s:f-aaab+41	improve	clang	f2	709.1	same	15385
lkaverb/s:f-aaab+41	improve	clang	f3	702.4	same	15385
lkaverb/s:f-aaab+41	improve	clang	f3i	610.0	same	15385
lkaverb/s:f-aaab+41	improve	clang	f4	713.5	same	15385
lkaverb/s:f-aaab+41	improve	clang	d	679.1	same	15385
lkaverb/s:f-aaab+41	improve	clang	d2	673.4	same	15385
lkaverb/s:f-aaab+41	improve	clang	dL	675.9	same	15385
lkaverb/s:f-aaab+41	improve	clang	a	705.2	same	15385
lkaverb/s:f-aaab+41	improve	clang	ai	642.5	same	15385
lkaverb/s:f-aaab+41	improve	clang	f2	709.2	same	15385
lkaverb/s:f-aaab+41	improve	clang	f3	706.1	same	15385
lkaverb/s:f-aaab+41	improve	clang	f3i	609.5	same	15385
lkaverb/s:f-aaab+41	improve	clang	f4	715.5	same	15385
lkaverb/s:f-aaab+41	improve	clang	d	674.5	same	15385
lkaverb/s:f-aaab+41	improve	clang	d2	674.6	same	15385
lkaverb/s:f-aaab+41	improve	clang	dL	669.1	same	15385
lkaverb/s:f-aaab+41	improve	clang	a	702.5	same	15385
lkaverb/s:f-aaab+41	improve	clang	ai	637.2	same	15385
lkaverb/s:f-aaab+41	improve	clang	f1	714.4	same	15385
lkaverb/s:f-aaab+41	improve	clang	f3	707.3	same	15385
lkaverb/s:f-aaab+41	improve	clang	f3i	607.6	same	15385
lkaverb/s:f-aaab+41	improve	clang	f4	714.2	same	15385
lkaverb/s:f-aaab+41	improve	clang	d	676.9	same	15385
lkaverb/s:f-aaab+41	improve	clang	d2	677.7	same	15385
lkaverb/s:f-aaab+41	improve	clang	dL	670.9	same	15385
lkaverb/s:f-aaab+41	improve	clang	a	709.7	same	15385
lkaverb/s:f-aaab+41	improve	clang	ai	635.8	same	15385
lkaverb/s:f-aaab+41	improve	clang	f1	716.3	same	15385
lkaverb/s:f-aaab+41	improve	clang	f2	711.6	same	15385
lkaverb/f:t-1m+2	keep	gcc	a	528140.8	same	41
lkaverb/f:t-1m+2	keep	gcc	ai	516853.9	same	41
lkaverb/f:t-1m+2	keep	gcc	f1	527914.7	same	41
lkaverb/f:t-1m+2	keep	gcc	f2	526333.7	same	41
lkaverb/f:t-1m+2	keep	gcc	f3	528289.8	same	41
lkaverb/f:t-1m+2	keep	gcc	f3i	530862.0	same	41
lkaverb/f:t-1m+2	keep	gcc	f4	526438.6	same	41
lkaverb/f:t-1m+2	keep	gcc	d	1241125.0	same	41
lkaverb/f:t-1m+2	keep	gcc	d2	1241300.3	same	41
lkaverb/f:t-1m+2	keep	gcc	dL	1241652.2	same	41
lkaverb/f:t-1m+2	keep	gcc	ai	517366.3	same	41
lkaverb/f:t-1m+2	keep	gcc	f1	528050.8	same	41
lkaverb/f:t-1m+2	keep	gcc	f2	525877.3	same	41
lkaverb/f:t-1m+2	keep	gcc	f3	528559.0	same	41
lkaverb/f:t-1m+2	keep	gcc	f3i	530606.4	same	41
lkaverb/f:t-1m+2	keep	gcc	f4	526751.2	same	41
lkaverb/f:t-1m+2	keep	gcc	d	1241913.2	same	41
lkaverb/f:t-1m+2	keep	gcc	d2	1241222.5	same	41
lkaverb/f:t-1m+2	keep	gcc	dL	1241264.2	same	41
lkaverb/f:t-1m+2	keep	gcc	a	527932.5	same	41
lkaverb/f:t-1m+2	keep	gcc	f1	528088.1	same	41
lkaverb/f:t-1m+2	keep	gcc	f2	526484.9	same	41
lkaverb/f:t-1m+2	keep	gcc	f3	528758.6	same	41
lkaverb/f:t-1m+2	keep	gcc	f3i	530763.7	same	41
lkaverb/f:t-1m+2	keep	gcc	f4	526353.2	same	41
lkaverb/f:t-1m+2	keep	gcc	d	1241439.1	same	41
lkaverb/f:t-1m+2	keep	gcc	d2	1235377.3	same	41
lkaverb/f:t-1m+2	keep	gcc	dL	1241493.0	same	41
lkaverb/f:t-1m+2	keep	gcc	a	528504.4	same	41
lkaverb/f:t-1m+2	keep	gcc	ai	517573.1	same	41
lkaverb/f:t-1m+2	keep	gcc	f2	526146.1	same	41
lkaverb/f:t-1m+2	keep	gcc	f3	529130.0	same	41
lkaverb/f:t-1m+2	keep	gcc	f3i	530894.5	same	41
lkaverb/f:t-1m+2	keep	gcc	f4	526797.8	same	41
lkaverb/f:t-1m+2	keep	gcc	d	1241421.3	same	41
lkaverb/f:t-1m+2	keep	gcc	d2	1241289.3	same	41
lkaverb/f:t-1m+2	keep	gcc	dL	1241091.3	same	41
lkaverb/f:t-1m+2	keep	gcc	a	528336.9	same	41
lkaverb/f:t-1m+2	keep	gcc	ai	517052.9	same	41
lkaverb/f:t-1m+2	keep	gcc	f1	527927.6	same	41
lkaverb/f:t-1m+2	keep	gcc	f3	529225.1	same	41
lkaverb/f:t-1m+2	keep	gcc	f3i	530771.3	same	41
lkaverb/f:t-1m+2	keep	gcc	f4	526390.5	same	41
lkaverb/f:t-1m+2	keep	gcc	d	1241379.6	same	41
lkaverb/f:t-1m+2	keep	gcc	d2	1241275.7	same	41
lkaverb/f:t-1m+2	keep	gcc	dL	1241313.0	same	41
lkaverb/f:t-1m+2	keep	gcc	a	527690.5	same	41
lkaverb/f:t-1m+2	keep	gcc	ai	516818.5	same	41
lkaverb/f:t-1m+2	keep	gcc	f1	527286.6	same	41
lkaverb/f:t-1m+2	keep	gcc	f2	525923.0	same	41
lkaverb/f:t-1m+2	keep	gcc	f3i	530515.2	same	41
lkaverb/f:t-1m+2	keep	gcc	f4	527464.0	same	41
lkaverb/f:t-1m+2	keep	gcc	d	1240826.1	same	41
lkaverb/f:t-1m+2	keep	gcc	d2	1241156.7	same	41
lkaverb/f:t-1m+2	keep	gcc	dL	1240754.5	same	41
lkaverb/f:t-1m+2	keep	gcc	a	527711.5	same	41
lkaverb/f:t-1m+2	keep	gcc	ai	517483.1	same	41
lkaverb/f:t-1m+2	keep	gcc	f1	527088.8	same	41
lkaverb/f:t-1m+2	keep	gcc	f2	525440.2	same	41
lkaverb/f:t-1m+2	keep	gcc	f3	529492.7	same	41
lkaverb/f:t-1m+2	keep	gcc	f4	526242.2	same	41
lkaverb/f:t-1m+2	keep	gcc	d	1240899.1	same	41
lkaverb/f:t-1m+2	keep	gcc	d2	1241024.0	same	41
lkaverb/f:t-1m+2	keep	gcc	dL	1236019.3	same	41
lkaverb/f:t-1m+2	keep	gcc	a	528041.5	same	41
lkaverb/f:t-1m+2	keep	gcc	ai	517217.5	same	41
lkaverb/f:t-1m+2	keep	gcc	f1	527342.2	same	41
lkaverb/f:t-1m+2	keep	gcc	f2	526212.0	same	41
lkaverb/f:t-1m+2	keep	gcc	f3	528821.8	same	41
lkaverb/f:t-1m+2	keep	gcc	f3i	530483.0	same	41
lkaverb/f:t-1m+2	keep	gcc	d	1241252.0	same	41
lkaverb/f:t-1m+2	keep	gcc	d2	1240952.5	same	41
lkaverb/f:t-1m+2	keep	gcc	dL	1241397.4	same	41
lkaverb/f:t-1m+2	keep	gcc	a	527508.1	same	41
lkaverb/f:t-1m+2	keep	gcc	ai	516852.4	same	41
lkaverb/f:t-1m+2	keep	gcc	f1	527569.0	same	41
lkaverb/f:t-1m+2	keep	gcc	f2	526176.4	same	41
lkaverb/f:t-1m+2	keep	gcc	f3	528693.4	same	41
lkaverb/f:t-1m+2	keep	gcc	f3i	531333.5	same	41
lkaverb/f:t-1m+2	keep	gcc	f4	526752.2	same	41
lkaverb/f:t-1m+2	keep	gcc	d2	1241251.5	same	41
lkaverb/f:t-1m+2	keep	gcc	dL	1241357.9	same	41
lkaverb/f:t-1m+2	keep	gcc	a	527733.4	same	41
lkaverb/f:t-1m+2	keep	gcc	ai	517442.6	same	41
lkaverb/f:t-1m+2	keep	gcc	f1	527449.3	same	41
lkaverb/f:t-1m+2	keep	gcc	f2	526710.0	same	41
lkaverb/f:t-1m+2	keep	gcc	f3	528939.8	same	41
lkaverb/f:t-1m+2	keep	gcc	f3i	530498.6	same	41
lkaverb/f:t-1m+2	keep	gcc	f4	527874.7	same	41
lkaverb/f:t-1m+2	keep	gcc	d	1240879.8	same	41
lkaverb/f:t-1m+2	keep	gcc	dL	1241505.4	same	41
lkaverb/f:t-1m+2	keep	gcc	a	527265.1	same	41
lkaverb/f:t-1m+2	keep	gcc	ai	516901.6	same	41
lkaverb/f:t-1m+2	keep	gcc	f1	527987.4	same	41
lkaverb/f:t-1m+2	keep	gcc	f2	525991.7	same	41
lkaverb/f:t-1m+2	keep	gcc	f3	529978.3	same	41
lkaverb/f:t-1m+2	keep	gcc	f3i	531263.0	same	41
lkaverb/f:t-1m+2	keep	gcc	f4	525899.5	same	41
lkaverb/f:t-1m+2	keep	gcc	d	1241123.0	same	41
lkaverb/f:t-1m+2	keep	gcc	d2	1241565.9	same	41
lkaverb/f:t-1m+2	keep	gcc	a	527660.8	same	41
lkaverb/f:t-1m+2	keep	gcc	ai	516409.4	same	41
lkaverb/f:t-1m+2	keep	gcc	f1	527792.5	same	41
lkaverb/f:t-1m+2	keep	gcc	f2	526726.1	same	41
lkaverb/f:t-1m+2	keep	gcc	f3	528899.0	same	41
lkaverb/f:t-1m+2	keep	gcc	f3i	531344.2	same	41
lkaverb/f:t-1m+2	keep	gcc	f4	527251.7	same	41
lkaverb/f:t-1m+2	keep	gcc	d	1241117.4	same	41
lkaverb/f:t-1m+2	keep	gcc	d2	1241069.8	same	41
lkaverb/f:t-1m+2	keep	gcc	dL	1241460.5	same	41
lkaverb/f:t-1m+2	keep	gcc	ai	517787.3	same	41
lkaverb/f:t-1m+2	keep	gcc	f1	528014.7	same	41
lkaverb/f:t-1m+2	keep	gcc	f2	526067.6	same	41
lkaverb/f:t-1m+2	keep	gcc	f3	527748.3	same	41
lkaverb/f:t-1m+2	keep	gcc	f3i	531963.0	same	41
lkaverb/f:t-1m+2	keep	gcc	f4	526045.1	same	41
lkaverb/f:t-1m+2	keep	gcc	d	1240962.5	same	41
lkaverb/f:t-1m+2	keep	gcc	d2	1240913.7	same	41
lkaverb/f:t-1m+2	keep	gcc	dL	1241240.3	same	41
lkaverb/f:t-1m+2	keep	gcc	a	527486.9	same	41
lkaverb/f:t-1m+2	keep	gcc	f1	527673.2	same	41
lkaverb/f:t-1m+2	keep	gcc	f2	526708.8	same	41
lkaverb/f:t-1m+2	keep	gcc	f3	528371.5	same	41
lkaverb/f:t-1m+2	keep	gcc	f3i	531159.1	same	41
lkaverb/f:t-1m+2	keep	gcc	f4	526550.3	same	41
lkaverb/f:t-1m+2	keep	gcc	d	1240872.5	same	41
lkaverb/f:t-1m+2	keep	gcc	d2	1241294.9	same	41
lkaverb/f:t-1m+2	keep	gcc	dL	1234242.7	same	41
lkaverb/f:t-1m+2	keep	gcc	a	527648.3	same	41
lkaverb/f:t-1m+2	keep	gcc	ai	520779.5	same	41
lkaverb/f:t-1m+2	keep	gcc	f2	529112.0	same	41
lkaverb/f:t-1m+2	keep	gcc	f3	529993.2	same	41
lkaverb/f:t-1m+2	keep	gcc	f3i	530734.9	same	41
lkaverb/f:t-1m+2	keep	gcc	f4	527014.4	same	41
lkaverb/f:t-1m+2	keep	gcc	d	1241184.2	same	41
lkaverb/f:t-1m+2	keep	gcc	d2	1241209.6	same	41
lkaverb/f:t-1m+2	keep	gcc	dL	1227508.2	same	41
lkaverb/f:t-1m+2	keep	gcc	a	527376.6	same	41
lkaverb/f:t-1m+2	keep	gcc	ai	517340.4	same	41
lkaverb/f:t-1m+2	keep	gcc	f1	527706.6	same	41
lkaverb/f:t-1m+2	keep	gcc	f3	527773.0	same	41
lkaverb/f:t-1m+2	keep	gcc	f3i	530244.7	same	41
lkaverb/f:t-1m+2	keep	gcc	f4	527115.1	same	41
lkaverb/f:t-1m+2	keep	gcc	d	1240998.4	same	41
lkaverb/f:t-1m+2	keep	gcc	d2	1240825.7	same	41
lkaverb/f:t-1m+2	keep	gcc	dL	1240855.9	same	41
lkaverb/f:t-1m+2	keep	gcc	a	527831.2	same	41
lkaverb/f:t-1m+2	keep	gcc	ai	516799.2	same	41
lkaverb/f:t-1m+2	keep	gcc	f1	528156.9	same	41
lkaverb/f:t-1m+2	keep	gcc	f2	526084.4	same	41
lkaverb/f:t-1m+2	keep	clang	a	512438.7	same	39
lkaverb/f:t-1m+2	keep	clang	ai	517304.6	same	39
lkaverb/f:t-1m+2	keep	clang	f1	517268.7	same	39
lkaverb/f:t-1m+2	keep	clang	f2	522199.8	same	39
lkaverb/f:t-1m+2	keep	clang	f3	518363.6	same	39
lkaverb/f:t-1m+2	keep	clang	f3i	524495.7	same	39
lkaverb/f:t-1m+2	keep	clang	f4	524114.6	same	39
lkaverb/f:t-1m+2	keep	clang	d	1265126.4	same	39
lkaverb/f:t-1m+2	keep	clang	d2	1264570.0	same	39
lkaverb/f:t-1m+2	keep	clang	dL	866222.0	same	39
lkaverb/f:t-1m+2	keep	clang	ai	515810.7	same	39
lkaverb/f:t-1m+2	keep	clang	f1	517228.2	same	39
lkaverb/f:t-1m+2	keep	clang	f2	520414.4	same	39
lkaverb/f:t-1m+2	keep	clang	f3	517827.4	same	39
lkaverb/f:t-1m+2	keep	clang	f3i	520279.8	same	39
lkaverb/f:t-1m+2	keep	clang	f4	518511.8	same	39
lkaverb/f:t-1m+2	keep	clang	d	1265696.4	same	39
lkaverb/f:t-1m+2	keep	clang	d2	1264301.0	same	39
lkaverb/f:t-1m+2	keep	clang	dL	866766.6	same	39
lkaverb/f:t-1m+2	keep	clang	a	512426.6	same	39
lkaverb/f:t-1m+2	keep	clang	f1	516457.2	same	39
lkaverb/f:t-1m+2	keep	clang	f2	520854.4	same	39
lkaverb/f:t-1m+2	keep	clang	f3	516437.9	same	39
lkaverb/f:t-1m+2	keep	clang	f3i	521059.5	same	39
lkaverb/f:t-1m+2	keep	clang	f4	518735.6	same	39
lkaverb/f:t-1m+2	keep	clang	d	1264571.0	same	39
lkaverb/f:t-1m+2	keep	clang	d2	1264576.7	same	39
lkaverb/f:t-1m+2	keep	clang	dL	866437.1	same	39
lkaverb/f:t-1m+2	keep	clang	a	512604.3	same	39
lkaverb/f:t-1m+2	keep	clang	ai	516246.7	same	39
lkaverb/f:t-1m+2	keep	clang	f2	521891.8	same	39
lkaverb/f:t-1m+2	keep	clang	f3	517274.1	same	39
lkaverb/f:t-1m+2	keep	clang	f3i	521013.1	same	39
lkaverb/f:t-1m+2	keep	clang	f4	518349.7	same	39
lkaverb/f:t-1m+2	keep	clang	d	1264859.8	same	39
lkaverb/f:t-1m+2	keep	clang	d2	1264749.2	same	39
lkaverb/f:t-1m+2	keep	clang	dL	866733.0	same	39
lkaverb/f:t-1m+2	keep	clang	a	511978.2	same	39
lkaverb/f:t-1m+2	keep	clang	ai	515319.5	same	39
lkaverb/f:t-1m+2	keep	clang	f1	517066.4	same	39
lkaverb/f:t-1m+2	keep	clang	f3	516481.8	same	39
lkaverb/f:t-1m+2	keep	clang	f3i	523292.1	same	39
lkaverb/f:t-1m+2	keep	clang	f4	518711.3	same	39
lkaverb/f:t-1m+2	keep	clang	d	1265018.5	same	39
lkaverb/f:t-1m+2	keep	clang	d2	1264722.1	same	39
lkaverb/f:t-1m+2	keep	clang	dL	867542.2	same	39
lkaverb/f:t-1m+2	keep	clang	a	512359.9	same	39
lkaverb/f:t-1m+2	keep	clang	ai	515026.9	same	39
lkaverb/f:t-1m+2	keep	clang	f1	516541.5	same	39
lkaverb/f:t-1m+2	keep	clang	f2	520623.6	same	39
lkaverb/f:t-1m+2	keep	clang	f3i	519932.6	same	39
lkaverb/f:t-1m+2	keep	clang	f4	518618.5	same	39
lkaverb/f:t-1m+2	keep	clang	d	1264524.4	same	39
lkaverb/f:t-1m+2	keep	clang	d2	1274400.1	same	39
lkaverb/f:t-1m+2	keep	clang	dL	871535.6	same	39
lkaverb/f:t-1m+2	keep	clang	a	512265.6	same	39
lkaverb/f:t-1m+2	keep	clang	ai	515160.0	same	39
lkaverb/f:t-1m+2	keep	clang	f1	516618.2	same	39
lkaverb/f:t-1m+2	keep	clang	f2	520085.4	same	39
lkaverb/f:t-1m+2	keep	clang	f3	518075.1	same	39
lkaverb/f:t-1m+2	keep	clang	f4	517981.5	same	39
lkaverb/f:t-1m+2	keep	clang	d	1265037.7	same	39
lkaverb/f:t-1m+2	keep	clang	d2	1264935.9	same	39
lkaverb/f:t-1m+2	keep	clang	dL	866693.5	same	39
lkaverb/f:t-1m+2	keep	clang	a	513530.5	same	39
lkaverb/f:t-1m+2	keep	clang	ai	515688.4	same	39
lkaverb/f:t-1m+2	keep	clang	f1	516264.8	same	39
lkaverb/f:t-1m+2	keep	clang	f2	521011.6	same	39
lkaverb/f:t-1m+2	keep	clang	f3	517885.4	same	39
lkaverb/f:t-1m+2	keep	clang	f3i	520431.3	same	39
lkaverb/f:t-1m+2	keep	clang	d	1265095.6	same	39
lkaverb/f:t-1m+2	keep	clang	d2	1264357.9	same	39
lkaverb/f:t-1m+2	keep	clang	dL	866374.5	same	39
lkaverb/f:t-1m+2	keep	clang	a	513078.4	same	39
lkaverb/f:t-1m+2	keep	clang	ai	515582.8	same	39
lkaverb/f:t-1m+2	keep	clang	f1	516488.2	same	39
lkaverb/f:t-1m+2	keep	clang	f2	520392.3	same	39
lkaverb/f:t-1m+2	keep	clang	f3	517743.6	same	39
lkaverb/f:t-1m+2	keep	clang	f3i	520690.8	same	39
lkaverb/f:t-1m+2	keep	clang	f4	518301.3	same	39
lkaverb/f:t-1m+2	keep	clang	d2	1265036.4	same	39
lkaverb/f:t-1m+2	keep	clang	dL	866727.1	same	39
lkaverb/f:t-1m+2	keep	clang	a	512191.5	same	39
lkaverb/f:t-1m+2	keep	clang	ai	561961.6	same	39
lkaverb/f:t-1m+2	keep	clang	f1	516584.8	same	39
lkaverb/f:t-1m+2	keep	clang	f2	520337.2	same	39
lkaverb/f:t-1m+2	keep	clang	f3	518397.7	same	39
lkaverb/f:t-1m+2	keep	clang	f3i	523679.5	same	39
lkaverb/f:t-1m+2	keep	clang	f4	517986.4	same	39
lkaverb/f:t-1m+2	keep	clang	d	1264890.3	same	39
lkaverb/f:t-1m+2	keep	clang	dL	866671.7	same	39
lkaverb/f:t-1m+2	keep	clang	a	512936.4	same	39
lkaverb/f:t-1m+2	keep	clang	ai	515191.0	same	39
lkaverb/f:t-1m+2	keep	clang	f1	516586.9	same	39
lkaverb/f:t-1m+2	keep	clang	f2	520731.3	same	39
lkaverb/f:t-1m+2	keep	clang	f3	514447.9	same	39
lkaverb/f:t-1m+2	keep	clang	f3i	520641.3	same	39
lkaverb/f:t-1m+2	keep	clang	f4	518372.8	same	39
lkaverb/f:t-1m+2	keep	clang	d	1265005.4	same	39
lkaverb/f:t-1m+2	keep	clang	d2	1264396.2	same	39
lkaverb/f:t-1m+2	keep	clang	a	512910.5	same	39
lkaverb/f:t-1m+2	keep	clang	ai	516456.1	same	39
lkaverb/f:t-1m+2	keep	clang	f1	516461.0	same	39
lkaverb/f:t-1m+2	keep	clang	f2	521002.3	same	39
lkaverb/f:t-1m+2	keep	clang	f3	518533.3	same	39
lkaverb/f:t-1m+2	keep	clang	f3i	522863.1	same	39
lkaverb/f:t-1m+2	keep	clang	f4	517892.8	same	39
lkaverb/f:t-1m+2	keep	clang	d	1264622.6	same	39
lkaverb/f:t-1m+2	keep	clang	d2	1264510.8	same	39
lkaverb/f:t-1m+2	keep	clang	dL	867126.9	same	39
lkaverb/f:t-1m+2	keep	clang	ai	516159.5	same	39
lkaverb/f:t-1m+2	keep	clang	f1	518131.8	same	39
lkaverb/f:t-1m+2	keep	clang	f2	520871.8	same	39
lkaverb/f:t-1m+2	keep	clang	f3	518431.0	same	39
lkaverb/f:t-1m+2	keep	clang	f3i	520704.4	same	39
lkaverb/f:t-1m+2	keep	clang	f4	518440.5	same	39
lkaverb/f:t-1m+2	keep	clang	d	1264502.1	same	39
lkaverb/f:t-1m+2	keep	clang	d2	1264926.4	same	39
lkaverb/f:t-1m+2	keep	clang	dL	867061.5	same	39
lkaverb/f:t-1m+2	keep	clang	a	512815.1	same	39
lkaverb/f:t-1m+2	keep	clang	f1	516913.8	same	39
lkaverb/f:t-1m+2	keep	clang	f2	521298.2	same	39
lkaverb/f:t-1m+2	keep	clang	f3	517273.1	same	39
lkaverb/f:t-1m+2	keep	clang	f3i	520734.1	same	39
lkaverb/f:t-1m+2	keep	clang	f4	518809.0	same	39
lkaverb/f:t-1m+2	keep	clang	d	1264347.7	same	39
lkaverb/f:t-1m+2	keep	clang	d2	1264776.4	same	39
lkaverb/f:t-1m+2	keep	clang	dL	866568.9	same	39
lkaverb/f:t-1m+2	keep	clang	a	513118.7	same	39
lkaverb/f:t-1m+2	keep	clang	ai	516159.0	same	39
lkaverb/f:t-1m+2	keep	clang	f2	521115.7	same	39
lkaverb/f:t-1m+2	keep	clang	f3	517822.3	same	39
lkaverb/f:t-1m+2	keep	clang	f3i	522537.0	same	39
lkaverb/f:t-1m+2	keep	clang	f4	518137.4	same	39
lkaverb/f:t-1m+2	keep	clang	d	1265066.9	same	39
lkaverb/f:t-1m+2	keep	clang	d2	1264462.8	same	39
lkaverb/f:t-1m+2	keep	clang	dL	866563.8	same	39
lkaverb/f:t-1m+2	keep	clang	a	512527.9	same	39
lkaverb/f:t-1m+2	keep	clang	ai	515646.1	same	39
lkaverb/f:t-1m+2	keep	clang	f1	516886.9	same	39
lkaverb/f:t-1m+2	keep	clang	f3	515805.6	same	39
lkaverb/f:t-1m+2	keep	clang	f3i	520860.0	same	39
lkaverb/f:t-1m+2	keep	clang	f4	518942.8	same	39
lkaverb/f:t-1m+2	keep	clang	d	1264425.9	same	39
lkaverb/f:t-1m+2	keep	clang	d2	1265009.5	same	39
lkaverb/f:t-1m+2	keep	clang	dL	867267.1	same	39
lkaverb/f:t-1m+2	keep	clang	a	512133.0	same	39
lkaverb/f:t-1m+2	keep	clang	ai	516140.5	same	39
lkaverb/f:t-1m+2	keep	clang	f1	517585.1	same	39
lkaverb/f:t-1m+2	keep	clang	f2	520814.4	same	39
lkaneg/s:f-aaab+41	improve	gcc	a	747.9	same	15338
lkaneg/s:f-aaab+41	improve	gcc	ai	622.7	same	15338
lkaneg/s:f-aaab+41	improve	gcc	f1	680.9	same	15338
lkaneg/s:f-aaab+41	improve	gcc	f2	645.3	same	15338
lkaneg/s:f-aaab+41	improve	gcc	f3	745.6	same	15338
lkaneg/s:f-aaab+41	improve	gcc	f3i	624.3	same	15338
lkaneg/s:f-aaab+41	improve	gcc	f4	631.9	same	15338
lkaneg/s:f-aaab+41	improve	gcc	d	639.8	same	15338
lkaneg/s:f-aaab+41	improve	gcc	d2	639.0	same	15338
lkaneg/s:f-aaab+41	improve	gcc	dL	639.5	same	15338
lkaneg/s:f-aaab+41	improve	gcc	ai	620.0	same	15338
lkaneg/s:f-aaab+41	improve	gcc	f1	679.6	same	15338
lkaneg/s:f-aaab+41	improve	gcc	f2	646.4	same	15338
lkaneg/s:f-aaab+41	improve	gcc	f3	746.6	same	15338
lkaneg/s:f-aaab+41	improve	gcc	f3i	622.0	same	15338
lkaneg/s:f-aaab+41	improve	gcc	f4	631.3	same	15338
lkaneg/s:f-aaab+41	improve	gcc	d	637.6	same	15338
lkaneg/s:f-aaab+41	improve	gcc	d2	638.6	same	15338
lkaneg/s:f-aaab+41	improve	gcc	dL	639.1	same	15338
lkaneg/s:f-aaab+41	improve	gcc	a	746.8	same	15338
lkaneg/s:f-aaab+41	improve	gcc	f1	681.4	same	15338
lkaneg/s:f-aaab+41	improve	gcc	f2	646.8	same	15338
lkaneg/s:f-aaab+41	improve	gcc	f3	742.5	same	15338
lkaneg/s:f-aaab+41	improve	gcc	f3i	624.6	same	15338
lkaneg/s:f-aaab+41	improve	gcc	f4	631.5	same	15338
lkaneg/s:f-aaab+41	improve	gcc	d	641.6	same	15338
lkaneg/s:f-aaab+41	improve	gcc	d2	639.2	same	15338
lkaneg/s:f-aaab+41	improve	gcc	dL	636.8	same	15338
lkaneg/s:f-aaab+41	improve	gcc	a	745.1	same	15338
lkaneg/s:f-aaab+41	improve	gcc	ai	619.6	same	15338
lkaneg/s:f-aaab+41	improve	gcc	f2	644.5	same	15338
lkaneg/s:f-aaab+41	improve	gcc	f3	745.3	same	15338
lkaneg/s:f-aaab+41	improve	gcc	f3i	623.8	same	15338
lkaneg/s:f-aaab+41	improve	gcc	f4	634.1	same	15338
lkaneg/s:f-aaab+41	improve	gcc	d	638.6	same	15338
lkaneg/s:f-aaab+41	improve	gcc	d2	640.1	same	15338
lkaneg/s:f-aaab+41	improve	gcc	dL	639.0	same	15338
lkaneg/s:f-aaab+41	improve	gcc	a	746.8	same	15338
lkaneg/s:f-aaab+41	improve	gcc	ai	622.5	same	15338
lkaneg/s:f-aaab+41	improve	gcc	f1	679.9	same	15338
lkaneg/s:f-aaab+41	improve	gcc	f3	745.4	same	15338
lkaneg/s:f-aaab+41	improve	gcc	f3i	627.0	same	15338
lkaneg/s:f-aaab+41	improve	gcc	f4	632.5	same	15338
lkaneg/s:f-aaab+41	improve	gcc	d	639.1	same	15338
lkaneg/s:f-aaab+41	improve	gcc	d2	642.3	same	15338
lkaneg/s:f-aaab+41	improve	gcc	dL	647.4	same	15338
lkaneg/s:f-aaab+41	improve	gcc	a	744.8	same	15338
lkaneg/s:f-aaab+41	improve	gcc	ai	621.7	same	15338
lkaneg/s:f-aaab+41	improve	gcc	f1	681.5	same	15338
lkaneg/s:f-aaab+41	improve	gcc	f2	646.0	same	15338
lkaneg/s:f-aaab+41	improve	gcc	f3i	632.5	same	15338
lkaneg/s:f-aaab+41	improve	gcc	f4	639.8	same	15338
lkaneg/s:f-aaab+41	improve	gcc	d	646.5	same	15338
lkaneg/s:f-aaab+41	improve	gcc	d2	651.1	same	15338
lkaneg/s:f-aaab+41	improve	gcc	dL	648.6	same	15338
lkaneg/s:f-aaab+41	improve	gcc	a	741.0	same	15338
lkaneg/s:f-aaab+41	improve	gcc	ai	620.2	same	15338
lkaneg/s:f-aaab+41	improve	gcc	f1	681.2	same	15338
lkaneg/s:f-aaab+41	improve	gcc	f2	645.9	same	15338
lkaneg/s:f-aaab+41	improve	gcc	f3	743.8	same	15338
lkaneg/s:f-aaab+41	improve	gcc	f4	632.9	same	15338
lkaneg/s:f-aaab+41	improve	gcc	d	637.7	same	15338
lkaneg/s:f-aaab+41	improve	gcc	d2	730.5	same	15338
lkaneg/s:f-aaab+41	improve	gcc	dL	638.4	same	15338
lkaneg/s:f-aaab+41	improve	gcc	a	747.1	same	15338
lkaneg/s:f-aaab+41	improve	gcc	ai	621.9	same	15338
lkaneg/s:f-aaab+41	improve	gcc	f1	680.5	same	15338
lkaneg/s:f-aaab+41	improve	gcc	f2	645.8	same	15338
lkaneg/s:f-aaab+41	improve	gcc	f3	745.8	same	15338
lkaneg/s:f-aaab+41	improve	gcc	f3i	625.0	same	15338
lkaneg/s:f-aaab+41	improve	gcc	d	639.4	same	15338
lkaneg/s:f-aaab+41	improve	gcc	d2	636.9	same	15338
lkaneg/s:f-aaab+41	improve	gcc	dL	637.1	same	15338
lkaneg/s:f-aaab+41	improve	gcc	a	747.7	same	15338
lkaneg/s:f-aaab+41	improve	gcc	ai	621.5	same	15338
lkaneg/s:f-aaab+41	improve	gcc	f1	680.3	same	15338
lkaneg/s:f-aaab+41	improve	gcc	f2	646.5	same	15338
lkaneg/s:f-aaab+41	improve	gcc	f3	744.9	same	15338
lkaneg/s:f-aaab+41	improve	gcc	f3i	625.5	same	15338
lkaneg/s:f-aaab+41	improve	gcc	f4	632.3	same	15338
lkaneg/s:f-aaab+41	improve	gcc	d2	637.3	same	15338
lkaneg/s:f-aaab+41	improve	gcc	dL	640.4	same	15338
lkaneg/s:f-aaab+41	improve	gcc	a	740.4	same	15338
lkaneg/s:f-aaab+41	improve	gcc	ai	622.4	same	15338
lkaneg/s:f-aaab+41	improve	gcc	f1	681.5	same	15338
lkaneg/s:f-aaab+41	improve	gcc	f2	646.2	same	15338
lkaneg/s:f-aaab+41	improve	gcc	f3	746.7	same	15338
lkaneg/s:f-aaab+41	improve	gcc	f3i	625.2	same	15338
lkaneg/s:f-aaab+41	improve	gcc	f4	631.1	same	15338
lkaneg/s:f-aaab+41	improve	gcc	d	636.9	same	15338
lkaneg/s:f-aaab+41	improve	gcc	dL	740.8	same	15338
lkaneg/s:f-aaab+41	improve	gcc	a	808.5	same	15338
lkaneg/s:f-aaab+41	improve	gcc	ai	620.8	same	15338
lkaneg/s:f-aaab+41	improve	gcc	f1	682.6	same	15338
lkaneg/s:f-aaab+41	improve	gcc	f2	644.5	same	15338
lkaneg/s:f-aaab+41	improve	gcc	f3	745.0	same	15338
lkaneg/s:f-aaab+41	improve	gcc	f3i	718.5	same	15338
lkaneg/s:f-aaab+41	improve	gcc	f4	634.2	same	15338
lkaneg/s:f-aaab+41	improve	gcc	d	639.4	same	15338
lkaneg/s:f-aaab+41	improve	gcc	d2	639.3	same	15338
lkaneg/s:f-aaab+41	improve	gcc	a	747.7	same	15338
lkaneg/s:f-aaab+41	improve	gcc	ai	619.1	same	15338
lkaneg/s:f-aaab+41	improve	gcc	f1	682.1	same	15338
lkaneg/s:f-aaab+41	improve	gcc	f2	645.4	same	15338
lkaneg/s:f-aaab+41	improve	gcc	f3	744.3	same	15338
lkaneg/s:f-aaab+41	improve	gcc	f3i	624.2	same	15338
lkaneg/s:f-aaab+41	improve	gcc	f4	634.4	same	15338
lkaneg/s:f-aaab+41	improve	gcc	d	638.9	same	15338
lkaneg/s:f-aaab+41	improve	gcc	d2	639.1	same	15338
lkaneg/s:f-aaab+41	improve	gcc	dL	640.5	same	15338
lkaneg/s:f-aaab+41	improve	gcc	ai	620.8	same	15338
lkaneg/s:f-aaab+41	improve	gcc	f1	681.5	same	15338
lkaneg/s:f-aaab+41	improve	gcc	f2	645.6	same	15338
lkaneg/s:f-aaab+41	improve	gcc	f3	749.2	same	15338
lkaneg/s:f-aaab+41	improve	gcc	f3i	627.7	same	15338
lkaneg/s:f-aaab+41	improve	gcc	f4	632.8	same	15338
lkaneg/s:f-aaab+41	improve	gcc	d	640.2	same	15338
lkaneg/s:f-aaab+41	improve	gcc	d2	641.2	same	15338
lkaneg/s:f-aaab+41	improve	gcc	dL	638.8	same	15338
lkaneg/s:f-aaab+41	improve	gcc	a	743.3	same	15338
lkaneg/s:f-aaab+41	improve	gcc	f1	681.0	same	15338
lkaneg/s:f-aaab+41	improve	gcc	f2	647.4	same	15338
lkaneg/s:f-aaab+41	improve	gcc	f3	744.2	same	15338
lkaneg/s:f-aaab+41	improve	gcc	f3i	623.9	same	15338
lkaneg/s:f-aaab+41	improve	gcc	f4	633.6	same	15338
lkaneg/s:f-aaab+41	improve	gcc	d	640.7	same	15338
lkaneg/s:f-aaab+41	improve	gcc	d2	640.5	same	15338
lkaneg/s:f-aaab+41	improve	gcc	dL	639.9	same	15338
lkaneg/s:f-aaab+41	improve	gcc	a	742.5	same	15338
lkaneg/s:f-aaab+41	improve	gcc	ai	621.0	same	15338
lkaneg/s:f-aaab+41	improve	gcc	f2	645.4	same	15338
lkaneg/s:f-aaab+41	improve	gcc	f3	748.6	same	15338
lkaneg/s:f-aaab+41	improve	gcc	f3i	627.7	same	15338
lkaneg/s:f-aaab+41	improve	gcc	f4	636.7	same	15338
lkaneg/s:f-aaab+41	improve	gcc	d	640.7	same	15338
lkaneg/s:f-aaab+41	improve	gcc	d2	642.2	same	15338
lkaneg/s:f-aaab+41	improve	gcc	dL	639.6	same	15338
lkaneg/s:f-aaab+41	improve	gcc	a	742.2	same	15338
lkaneg/s:f-aaab+41	improve	gcc	ai	621.8	same	15338
lkaneg/s:f-aaab+41	improve	gcc	f1	682.2	same	15338
lkaneg/s:f-aaab+41	improve	gcc	f3	745.6	same	15338
lkaneg/s:f-aaab+41	improve	gcc	f3i	628.5	same	15338
lkaneg/s:f-aaab+41	improve	gcc	f4	633.7	same	15338
lkaneg/s:f-aaab+41	improve	gcc	d	639.3	same	15338
lkaneg/s:f-aaab+41	improve	gcc	d2	638.7	same	15338
lkaneg/s:f-aaab+41	improve	gcc	dL	640.2	same	15338
lkaneg/s:f-aaab+41	improve	gcc	a	744.9	same	15338
lkaneg/s:f-aaab+41	improve	gcc	ai	621.0	same	15338
lkaneg/s:f-aaab+41	improve	gcc	f1	681.3	same	15338
lkaneg/s:f-aaab+41	improve	gcc	f2	646.9	same	15338
lkaneg/s:f-aaab+41	improve	clang	a	762.4	same	18727
lkaneg/s:f-aaab+41	improve	clang	ai	645.5	same	18727
lkaneg/s:f-aaab+41	improve	clang	f1	726.3	same	18727
lkaneg/s:f-aaab+41	improve	clang	f2	691.7	same	18727
lkaneg/s:f-aaab+41	improve	clang	f3	856.1	same	18727
lkaneg/s:f-aaab+41	improve	clang	f3i	631.0	same	18727
lkaneg/s:f-aaab+41	improve	clang	f4	697.8	same	18727
lkaneg/s:f-aaab+41	improve	clang	d	673.9	same	18727
lkaneg/s:f-aaab+41	improve	clang	d2	675.0	same	18727
lkaneg/s:f-aaab+41	improve	clang	dL	677.4	same	18727
lkaneg/s:f-aaab+41	improve	clang	ai	638.8	same	18727
lkaneg/s:f-aaab+41	improve	clang	f1	726.4	same	18727
lkaneg/s:f-aaab+41	improve	clang	f2	691.7	same	18727
lkaneg/s:f-aaab+41	improve	clang	f3	856.7	same	18727
lkaneg/s:f-aaab+41	improve	clang	f3i	630.1	same	18727
lkaneg/s:f-aaab+41	improve	clang	f4	698.8	same	18727
lkaneg/s:f-aaab+41	improve	clang	d	674.0	same	18727
lkaneg/s:f-aaab+41	improve	clang	d2	672.9	same	18727
lkaneg/s:f-aaab+41	improve	clang	dL	677.8	same	18727
lkaneg/s:f-aaab+41	improve	clang	a	762.6	same	18727
lkaneg/s:f-aaab+41	improve	clang	f1	726.9	same	18727
lkaneg/s:f-aaab+41	improve	clang	f2	691.2	same	18727
lkaneg/s:f-aaab+41	improve	clang	f3	855.9	same	18727
lkaneg/s:f-aaab+41	improve	clang	f3i	631.3	same	18727
lkaneg/s:f-aaab+41	improve	clang	f4	698.1	same	18727
lkaneg/s:f-aaab+41	improve	clang	d	675.2	same	18727
lkaneg/s:f-aaab+41	improve	clang	d2	680.2	same	18727
lkaneg/s:f-aaab+41	improve	clang	dL	681.3	same	18727
lkaneg/s:f-aaab+41	improve	clang	a	765.7	same	18727
lkaneg/s:f-aaab+41	improve	clang	ai	636.3	same	18727
lkaneg/s:f-aaab+41	improve	clang	f2	692.3	same	18727
lkaneg/s:f-aaab+41	improve	clang	f3	870.5	same	18727
lkaneg/s:f-aaab+41	improve	clang	f3i	633.7	same	18727
lkaneg/s:f-aaab+41	improve	clang	f4	700.5	same	18727
lkaneg/s:f-aaab+41	improve	clang	d	678.9	same	18727
lkaneg/s:f-aaab+41	improve	clang	d2	673.2	same	18727
lkaneg/s:f-aaab+41	improve	clang	dL	673.5	same	18727
lkaneg/s:f-aaab+41	improve	clang	a	762.6	same	18727
lkaneg/s:f-aaab+41	improve	clang	ai	641.2	same	18727
lkaneg/s:f-aaab+41	improve	clang	f1	725.1	same	18727
lkaneg/s:f-aaab+41	improve	clang	f3	856.6	same	18727
lkaneg/s:f-aaab+41	improve	clang	f3i	633.2	same	18727
lkaneg/s:f-aaab+41	improve	clang	f4	697.0	same	18727
lkaneg/s:f-aaab+41	improve	clang	d	674.6	same	18727
lkaneg/s:f-aaab+41	improve	clang	d2	680.4	same	18727
lkaneg/s:f-aaab+41	improve	clang	dL	681.4	same	18727
lkaneg/s:f-aaab+41	improve	clang	a	762.8	same	18727
lkaneg/s:f-aaab+41	improve	clang	ai	645.2	same	18727
lkaneg/s:f-aaab+41	improve	clang	f1	729.8	same	18727
lkaneg/s:f-aaab+41	improve	clang	f2	690.9	same	18727
lkaneg/s:f-aaab+41	improve	clang	f3i	633.1	same	18727
lkaneg/s:f-aaab+41	improve	clang	f4	696.6	same	18727
lkaneg/s:f-aaab+41	improve	clang	d	749.1	same	18727
lkaneg/s:f-aaab+41	improve	clang	d2	672.5	same	18727
lkaneg/s:f-aaab+41	improve	clang	dL	676.4	same	18727
lkaneg/s:f-aaab+41	improve	clang	a	768.5	same	18727
lkaneg/s:f-aaab+41	improve	clang	ai	638.7	same	18727
lkaneg/s:f-aaab+41	improve	clang	f1	727.2	same	18727
lkaneg/s:f-aaab+41	improve	clang	f2	690.0	same	18727
lkaneg/s:f-aaab+41	improve	clang	f3	861.1	same	18727
lkaneg/s:f-aaab+41	improve	clang	f4	697.9	same	18727
lkaneg/s:f-aaab+41	improve	clang	d	673.6	same	18727
lkaneg/s:f-aaab+41	improve	clang	d2	674.0	same	18727
lkaneg/s:f-aaab+41	improve	clang	dL	675.1	same	18727
lkaneg/s:f-aaab+41	improve	clang	a	760.7	same	18727
lkaneg/s:f-aaab+41	improve	clang	ai	637.9	same	18727
lkaneg/s:f-aaab+41	improve	clang	f1	726.1	same	18727
lkaneg/s:f-aaab+41	improve	clang	f2	690.8	same	18727
lkaneg/s:f-aaab+41	improve	clang	f3	863.3	same	18727
lkaneg/s:f-aaab+41	improve	clang	f3i	629.2	same	18727
lkaneg/s:f-aaab+41	improve	clang	d	672.5	same	18727
lkaneg/s:f-aaab+41	improve	clang	d2	674.3	same	18727
lkaneg/s:f-aaab+41	improve	clang	dL	677.2	same	18727
lkaneg/s:f-aaab+41	improve	clang	a	761.3	same	18727
lkaneg/s:f-aaab+41	improve	clang	ai	637.6	same	18727
lkaneg/s:f-aaab+41	improve	clang	f1	725.6	same	18727
lkaneg/s:f-aaab+41	improve	clang	f2	692.9	same	18727
lkaneg/s:f-aaab+41	improve	clang	f3	868.2	same	18727
lkaneg/s:f-aaab+41	improve	clang	f3i	626.7	same	18727
lkaneg/s:f-aaab+41	improve	clang	f4	694.1	same	18727
lkaneg/s:f-aaab+41	improve	clang	d2	674.2	same	18727
lkaneg/s:f-aaab+41	improve	clang	dL	675.7	same	18727
lkaneg/s:f-aaab+41	improve	clang	a	762.2	same	18727
lkaneg/s:f-aaab+41	improve	clang	ai	637.6	same	18727
lkaneg/s:f-aaab+41	improve	clang	f1	725.1	same	18727
lkaneg/s:f-aaab+41	improve	clang	f2	688.5	same	18727
lkaneg/s:f-aaab+41	improve	clang	f3	850.2	same	18727
lkaneg/s:f-aaab+41	improve	clang	f3i	629.9	same	18727
lkaneg/s:f-aaab+41	improve	clang	f4	694.7	same	18727
lkaneg/s:f-aaab+41	improve	clang	d	671.6	same	18727
lkaneg/s:f-aaab+41	improve	clang	dL	676.9	same	18727
lkaneg/s:f-aaab+41	improve	clang	a	763.3	same	18727
lkaneg/s:f-aaab+41	improve	clang	ai	637.8	same	18727
lkaneg/s:f-aaab+41	improve	clang	f1	724.1	same	18727
lkaneg/s:f-aaab+41	improve	clang	f2	690.1	same	18727
lkaneg/s:f-aaab+41	improve	clang	f3	840.0	same	18727
lkaneg/s:f-aaab+41	improve	clang	f3i	629.1	same	18727
lkaneg/s:f-aaab+41	improve	clang	f4	696.3	same	18727
lkaneg/s:f-aaab+41	improve	clang	d	671.5	same	18727
lkaneg/s:f-aaab+41	improve	clang	d2	673.6	same	18727
lkaneg/s:f-aaab+41	improve	clang	a	760.2	same	18727
lkaneg/s:f-aaab+41	improve	clang	ai	637.9	same	18727
lkaneg/s:f-aaab+41	improve	clang	f1	729.5	same	18727
lkaneg/s:f-aaab+41	improve	clang	f2	690.3	same	18727
lkaneg/s:f-aaab+41	improve	clang	f3	863.4	same	18727
lkaneg/s:f-aaab+41	improve	clang	f3i	628.7	same	18727
lkaneg/s:f-aaab+41	improve	clang	f4	696.1	same	18727
lkaneg/s:f-aaab+41	improve	clang	d	818.5	same	18727
lkaneg/s:f-aaab+41	improve	clang	d2	672.9	same	18727
lkaneg/s:f-aaab+41	improve	clang	dL	675.8	same	18727
lkaneg/s:f-aaab+41	improve	clang	ai	638.1	same	18727
lkaneg/s:f-aaab+41	improve	clang	f1	724.9	same	18727
lkaneg/s:f-aaab+41	improve	clang	f2	740.6	same	18727
lkaneg/s:f-aaab+41	improve	clang	f3	867.0	same	18727
lkaneg/s:f-aaab+41	improve	clang	f3i	629.5	same	18727
lkaneg/s:f-aaab+41	improve	clang	f4	694.8	same	18727
lkaneg/s:f-aaab+41	improve	clang	d	672.3	same	18727
lkaneg/s:f-aaab+41	improve	clang	d2	673.3	same	18727
lkaneg/s:f-aaab+41	improve	clang	dL	675.2	same	18727
lkaneg/s:f-aaab+41	improve	clang	a	761.6	same	18727
lkaneg/s:f-aaab+41	improve	clang	f1	725.0	same	18727
lkaneg/s:f-aaab+41	improve	clang	f2	688.2	same	18727
lkaneg/s:f-aaab+41	improve	clang	f3	849.7	same	18727
lkaneg/s:f-aaab+41	improve	clang	f3i	631.2	same	18727
lkaneg/s:f-aaab+41	improve	clang	f4	696.1	same	18727
lkaneg/s:f-aaab+41	improve	clang	d	672.6	same	18727
lkaneg/s:f-aaab+41	improve	clang	d2	674.3	same	18727
lkaneg/s:f-aaab+41	improve	clang	dL	675.4	same	18727
lkaneg/s:f-aaab+41	improve	clang	a	762.2	same	18727
lkaneg/s:f-aaab+41	improve	clang	ai	637.4	same	18727
lkaneg/s:f-aaab+41	improve	clang	f2	688.6	same	18727
lkaneg/s:f-aaab+41	improve	clang	f3	852.7	same	18727
lkaneg/s:f-aaab+41	improve	clang	f3i	630.2	same	18727
lkaneg/s:f-aaab+41	improve	clang	f4	697.3	same	18727
lkaneg/s:f-aaab+41	improve	clang	d	673.2	same	18727
lkaneg/s:f-aaab+41	improve	clang	d2	673.6	same	18727
lkaneg/s:f-aaab+41	improve	clang	dL	680.4	same	18727
lkaneg/s:f-aaab+41	improve	clang	a	760.8	same	18727
lkaneg/s:f-aaab+41	improve	clang	ai	640.1	same	18727
lkaneg/s:f-aaab+41	improve	clang	f1	724.1	same	18727
lkaneg/s:f-aaab+41	improve	clang	f3	845.2	same	18727
lkaneg/s:f-aaab+41	improve	clang	f3i	628.9	same	18727
lkaneg/s:f-aaab+41	improve	clang	f4	697.2	same	18727
lkaneg/s:f-aaab+41	improve	clang	d	673.4	same	18727
lkaneg/s:f-aaab+41	improve	clang	d2	670.9	same	18727
lkaneg/s:f-aaab+41	improve	clang	dL	675.5	same	18727
lkaneg/s:f-aaab+41	improve	clang	a	766.6	same	18727
lkaneg/s:f-aaab+41	improve	clang	ai	637.5	same	18727
lkaneg/s:f-aaab+41	improve	clang	f1	724.7	same	18727
lkaneg/s:f-aaab+41	improve	clang	f2	690.9	same	18727
lkanon/s:f-aaab+41	improve	gcc	a	566.6	same	25774
lkanon/s:f-aaab+41	improve	gcc	ai	447.6	same	25774
lkanon/s:f-aaab+41	improve	gcc	f1	581.5	same	25774
lkanon/s:f-aaab+41	improve	gcc	f2	579.4	same	25774
lkanon/s:f-aaab+41	improve	gcc	f3	548.3	same	25774
lkanon/s:f-aaab+41	improve	gcc	f3i	475.1	same	25774
lkanon/s:f-aaab+41	improve	gcc	f4	587.5	same	25774
lkanon/s:f-aaab+41	improve	gcc	d	521.9	same	25774
lkanon/s:f-aaab+41	improve	gcc	d2	530.5	same	25774
lkanon/s:f-aaab+41	improve	gcc	dL	526.0	same	25774
lkanon/s:f-aaab+41	improve	gcc	ai	448.6	same	25774
lkanon/s:f-aaab+41	improve	gcc	f1	582.2	same	25774
lkanon/s:f-aaab+41	improve	gcc	f2	580.5	same	25774
lkanon/s:f-aaab+41	improve	gcc	f3	549.7	same	25774
lkanon/s:f-aaab+41	improve	gcc	f3i	462.7	same	25774
lkanon/s:f-aaab+41	improve	gcc	f4	586.0	same	25774
lkanon/s:f-aaab+41	improve	gcc	d	531.5	same	25774
lkanon/s:f-aaab+41	improve	gcc	d2	530.4	same	25774
lkanon/s:f-aaab+41	improve	gcc	dL	524.6	same	25774
lkanon/s:f-aaab+41	improve	gcc	a	566.2	same	25774
lkanon/s:f-aaab+41	improve	gcc	f1	582.8	same	25774
lkanon/s:f-aaab+41	improve	gcc	f2	582.2	same	25774
lkanon/s:f-aaab+41	improve	gcc	f3	547.4	same	25774
lkanon/s:f-aaab+41	improve	gcc	f3i	463.9	same	25774
lkanon/s:f-aaab+41	improve	gcc	f4	586.7	same	25774
lkanon/s:f-aaab+41	improve	gcc	d	531.5	same	25774
lkanon/s:f-aaab+41	improve	gcc	d2	539.4	same	25774
lkanon/s:f-aaab+41	improve	gcc	dL	536.5	same	25774
lkanon/s:f-aaab+41	improve	gcc	a	566.2	same	25774
lkanon/s:f-aaab+41	improve	gcc	ai	450.4	same	25774
lkanon/s:f-aaab+41	improve	gcc	f2	579.5	same	25774
lkanon/s:f-aaab+41	improve	gcc	f3	546.9	same	25774
lkanon/s:f-aaab+41	improve	gcc	f3i	461.8	same	25774
lkanon/s:f-aaab+41	improve	gcc	f4	588.1	same	25774
lkanon/s:f-aaab+41	improve	gcc	d	530.9	same	25774
lkanon/s:f-aaab+41	improve	gcc	d2	524.1	same	25774
lkanon/s:f-aaab+41	improve	gcc	dL	523.0	same	25774
lkanon/s:f-aaab+41	improve	gcc	a	566.5	same	25774
lkanon/s:f-aaab+41	improve	gcc	ai	447.3	same	25774
lkanon/s:f-aaab+41	improve	gcc	f1	582.4	same	25774
lkanon/s:f-aaab+41	improve	gcc	f3	547.9	same	25774
lkanon/s:f-aaab+41	improve	gcc	f3i	461.6	same	25774
lkanon/s:f-aaab+41	improve	gcc	f4	586.8	same	25774
lkanon/s:f-aaab+41	improve	gcc	d	531.3	same	25774
lkanon/s:f-aaab+41	improve	gcc	d2	522.4	same	25774
lkanon/s:f-aaab+41	improve	gcc	dL	529.0	same	25774
lkanon/s:f-aaab+41	improve	gcc	a	565.3	same	25774
lkanon/s:f-aaab+41	improve	gcc	ai	453.4	same	25774
lkanon/s:f-aaab+41	improve	gcc	f1	580.6	same	25774
lkanon/s:f-aaab+41	improve	gcc	f2	579.1	same	25774
lkanon/s:f-aaab+41	improve	gcc	f3i	462.5	same	25774
lkanon/s:f-aaab+41	improve	gcc	f4	586.6	same	25774
lkanon/s:f-aaab+41	improve	gcc	d	529.4	same	25774
lkanon/s:f-aaab+41	improve	gcc	d2	526.8	same	25774
lkanon/s:f-aaab+41	improve	gcc	dL	522.8	same	25774
lkanon/s:f-aaab+41	improve	gcc	a	565.5	same	25774
lkanon/s:f-aaab+41	improve	gcc	ai	447.9	same	25774
lkanon/s:f-aaab+41	improve	gcc	f1	584.3	same	25774
lkanon/s:f-aaab+41	improve	gcc	f2	579.4	same	25774
lkanon/s:f-aaab+41	improve	gcc	f3	547.6	same	25774
lkanon/s:f-aaab+41	improve	gcc	f4	587.5	same	25774
lkanon/s:f-aaab+41	improve	gcc	d	522.9	same	25774
lkanon/s:f-aaab+41	improve	gcc	d2	529.3	same	25774
lkanon/s:f-aaab+41	improve	gcc	dL	529.5	same	25774
lkanon/s:f-aaab+41	improve	gcc	a	566.3	same	25774
lkanon/s:f-aaab+41	improve	gcc	ai	450.0	same	25774
lkanon/s:f-aaab+41	improve	gcc	f1	582.2	same	25774
lkanon/s:f-aaab+41	improve	gcc	f2	579.0	same	25774
lkanon/s:f-aaab+41	improve	gcc	f3	546.4	same	25774
lkanon/s:f-aaab+41	improve	gcc	f3i	462.3	same	25774
lkanon/s:f-aaab+41	improve	gcc	d	529.9	same	25774
lkanon/s:f-aaab+41	improve	gcc	d2	526.5	same	25774
lkanon/s:f-aaab+41	improve	gcc	dL	523.5	same	25774
lkanon/s:f-aaab+41	improve	gcc	a	565.8	same	25774
lkanon/s:f-aaab+41	improve	gcc	ai	456.5	same	25774
lkanon/s:f-aaab+41	improve	gcc	f1	581.1	same	25774
lkanon/s:f-aaab+41	improve	gcc	f2	580.0	same	25774
lkanon/s:f-aaab+41	improve	gcc	f3	546.4	same	25774
lkanon/s:f-aaab+41	improve	gcc	f3i	463.1	same	25774
lkanon/s:f-aaab+41	improve	gcc	f4	585.0	same	25774
lkanon/s:f-aaab+41	improve	gcc	d2	531.8	same	25774
lkanon/s:f-aaab+41	improve	gcc	dL	532.5	same	25774
lkanon/s:f-aaab+41	improve	gcc	a	565.5	same	25774
lkanon/s:f-aaab+41	improve	gcc	ai	447.0	same	25774
lkanon/s:f-aaab+41	improve	gcc	f1	582.7	same	25774
lkanon/s:f-aaab+41	improve	gcc	f2	578.6	same	25774
lkanon/s:f-aaab+41	improve	gcc	f3	547.4	same	25774
lkanon/s:f-aaab+41	improve	gcc	f3i	462.1	same	25774
lkanon/s:f-aaab+41	improve	gcc	f4	586.8	same	25774
lkanon/s:f-aaab+41	improve	gcc	d	533.0	same	25774
lkanon/s:f-aaab+41	improve	gcc	dL	526.3	same	25774
lkanon/s:f-aaab+41	improve	gcc	a	569.3	same	25774
lkanon/s:f-aaab+41	improve	gcc	ai	448.6	same	25774
lkanon/s:f-aaab+41	improve	gcc	f1	584.3	same	25774
lkanon/s:f-aaab+41	improve	gcc	f2	578.9	same	25774
lkanon/s:f-aaab+41	improve	gcc	f3	551.9	same	25774
lkanon/s:f-aaab+41	improve	gcc	f3i	461.3	same	25774
lkanon/s:f-aaab+41	improve	gcc	f4	586.9	same	25774
lkanon/s:f-aaab+41	improve	gcc	d	533.8	same	25774
lkanon/s:f-aaab+41	improve	gcc	d2	524.2	same	25774
lkanon/s:f-aaab+41	improve	gcc	a	567.9	same	25774
lkanon/s:f-aaab+41	improve	gcc	ai	449.6	same	25774
lkanon/s:f-aaab+41	improve	gcc	f1	581.0	same	25774
lkanon/s:f-aaab+41	improve	gcc	f2	583.6	same	25774
lkanon/s:f-aaab+41	improve	gcc	f3	546.8	same	25774
lkanon/s:f-aaab+41	improve	gcc	f3i	462.8	same	25774
lkanon/s:f-aaab+41	improve	gcc	f4	586.7	same	25774
lkanon/s:f-aaab+41	improve	gcc	d	526.9	same	25774
lkanon/s:f-aaab+41	improve	gcc	d2	531.3	same	25774
lkanon/s:f-aaab+41	improve	gcc	dL	521.3	same	25774
lkanon/s:f-aaab+41	improve	gcc	ai	448.3	same	25774
lkanon/s:f-aaab+41	improve	gcc	f1	581.0	same	25774
lkanon/s:f-aaab+41	improve	gcc	f2	578.9	same	25774
lkanon/s:f-aaab+41	improve	gcc	f3	546.4	same	25774
lkanon/s:f-aaab+41	improve	gcc	f3i	462.0	same	25774
lkanon/s:f-aaab+41	improve	gcc	f4	589.1	same	25774
lkanon/s:f-aaab+41	improve	gcc	d	531.1	same	25774
lkanon/s:f-aaab+41	improve	gcc	d2	525.1	same	25774
lkanon/s:f-aaab+41	improve	gcc	dL	530.5	same	25774
lkanon/s:f-aaab+41	improve	gcc	a	565.0	same	25774
lkanon/s:f-aaab+41	improve	gcc	f1	586.9	same	25774
lkanon/s:f-aaab+41	improve	gcc	f2	579.6	same	25774
lkanon/s:f-aaab+41	improve	gcc	f3	554.5	same	25774
lkanon/s:f-aaab+41	improve	gcc	f3i	462.0	same	25774
lkanon/s:f-aaab+41	improve	gcc	f4	588.2	same	25774
lkanon/s:f-aaab+41	improve	gcc	d	565.8	same	25774
lkanon/s:f-aaab+41	improve	gcc	d2	531.9	same	25774
lkanon/s:f-aaab+41	improve	gcc	dL	523.3	same	25774
lkanon/s:f-aaab+41	improve	gcc	a	696.4	same	25774
lkanon/s:f-aaab+41	improve	gcc	ai	447.5	same	25774
lkanon/s:f-aaab+41	improve	gcc	f2	580.2	same	25774
lkanon/s:f-aaab+41	improve	gcc	f3	546.3	same	25774
lkanon/s:f-aaab+41	improve	gcc	f3i	461.5	same	25774
lkanon/s:f-aaab+41	improve	gcc	f4	585.3	same	25774
lkanon/s:f-aaab+41	improve	gcc	d	523.5	same	25774
lkanon/s:f-aaab+41	improve	gcc	d2	525.0	same	25774
lkanon/s:f-aaab+41	improve	gcc	dL	532.3	same	25774
lkanon/s:f-aaab+41	improve	gcc	a	565.0	same	25774
lkanon/s:f-aaab+41	improve	gcc	ai	456.7	same	25774
lkanon/s:f-aaab+41	improve	gcc	f1	583.3	same	25774
lkanon/s:f-aaab+41	improve	gcc	f3	550.7	same	25774
lkanon/s:f-aaab+41	improve	gcc	f3i	461.4	same	25774
lkanon/s:f-aaab+41	improve	gcc	f4	586.1	same	25774
lkanon/s:f-aaab+41	improve	gcc	d	527.7	same	25774
lkanon/s:f-aaab+41	improve	gcc	d2	522.0	same	25774
lkanon/s:f-aaab+41	improve	gcc	dL	530.6	same	25774
lkanon/s:f-aaab+41	improve	gcc	a	565.5	same	25774
lkanon/s:f-aaab+41	improve	gcc	ai	446.6	same	25774
lkanon/s:f-aaab+41	improve	gcc	f1	580.7	same	25774
lkanon/s:f-aaab+41	improve	gcc	f2	579.9	same	25774
lkanon/s:f-aaab+41	improve	clang	a	572.8	same	17731
lkanon/s:f-aaab+41	improve	clang	ai	509.1	same	17731
lkanon/s:f-aaab+41	improve	clang	f1	592.6	same	17731
lkanon/s:f-aaab+41	improve	clang	f2	582.9	same	17731
lkanon/s:f-aaab+41	improve	clang	f3	572.8	same	17731
lkanon/s:f-aaab+41	improve	clang	f3i	489.1	same	17731
lkanon/s:f-aaab+41	improve	clang	f4	598.1	same	17731
lkanon/s:f-aaab+41	improve	clang	d	556.7	same	17731
lkanon/s:f-aaab+41	improve	clang	d2	553.5	same	17731
lkanon/s:f-aaab+41	improve	clang	dL	554.3	same	17731
lkanon/s:f-aaab+41	improve	clang	ai	506.0	same	17731
lkanon/s:f-aaab+41	improve	clang	f1	591.5	same	17731
lkanon/s:f-aaab+41	improve	clang	f2	581.7	same	17731
lkanon/s:f-aaab+41	improve	clang	f3	573.1	same	17731
lkanon/s:f-aaab+41	improve	clang	f3i	488.5	same	17731
lkanon/s:f-aaab+41	improve	clang	f4	595.4	same	17731
lkanon/s:f-aaab+41	improve	clang	d	554.1	same	17731
lkanon/s:f-aaab+41	improve	clang	d2	554.0	same	17731
lkanon/s:f-aaab+41	improve	clang	dL	555.3	same	17731
lkanon/s:f-aaab+41	improve	clang	a	573.7	same	17731
lkanon/s:f-aaab+41	improve	clang	f1	592.6	same	17731
lkanon/s:f-aaab+41	improve	clang	f2	582.5	same	17731
lkanon/s:f-aaab+41	improve	clang	f3	573.1	same	17731
lkanon/s:f-aaab+41	improve	clang	f3i	491.1	same	17731
lkanon/s:f-aaab+41	improve	clang	f4	596.9	same	17731
lkanon/s:f-aaab+41	improve	clang	d	554.3	same	17731
lkanon/s:f-aaab+41	improve	clang	d2	555.4	same	17731
lkanon/s:f-aaab+41	improve	clang	dL	563.1	same	17731
lkanon/s:f-aaab+41	improve	clang	a	572.7	same	17731
lkanon/s:f-aaab+41	improve	clang	ai	506.6	same	17731
lkanon/s:f-aaab+41	improve	clang	f2	582.7	same	17731
lkanon/s:f-aaab+41	improve	clang	f3	573.1	same	17731
lkanon/s:f-aaab+41	improve	clang	f3i	490.2	same	17731
lkanon/s:f-aaab+41	improve	clang	f4	596.4	same	17731
lkanon/s:f-aaab+41	improve	clang	d	553.8	same	17731
lkanon/s:f-aaab+41	improve	clang	d2	555.0	same	17731
lkanon/s:f-aaab+41	improve	clang	dL	555.5	same	17731
lkanon/s:f-aaab+41	improve	clang	a	572.4	same	17731
lkanon/s:f-aaab+41	improve	clang	ai	508.7	same	17731
lkanon/s:f-aaab+41	improve	clang	f1	591.7	same	17731
lkanon/s:f-aaab+41	improve	clang	f3	573.7	same	17731
lkanon/s:f-aaab+41	improve	clang	f3i	489.6	same	17731
lkanon/s:f-aaab+41	improve	clang	f4	594.9	same	17731
lkanon/s:f-aaab+41	improve	clang	d	554.5	same	17731
lkanon/s:f-aaab+41	improve	clang	d2	555.2	same	17731
lkanon/s:f-aaab+41	improve	clang	dL	555.7	same	17731
lkanon/s:f-aaab+41	improve	clang	a	583.7	same	17731
lkanon/s:f-aaab+41	improve	clang	ai	507.6	same	17731
lkanon/s:f-aaab+41	improve	clang	f1	593.2	same	17731
lkanon/s:f-aaab+41	improve	clang	f2	583.1	same	17731
lkanon/s:f-aaab+41	improve	clang	f3i	489.3	same	17731
lkanon/s:f-aaab+41	improve	clang	f4	594.6	same	17731
lkanon/s:f-aaab+41	improve	clang	d	553.7	same	17731
lkanon/s:f-aaab+41	improve	clang	d2	556.9	same	17731
lkanon/s:f-aaab+41	improve	clang	dL	553.0	same	17731
lkanon/s:f-aaab+41	improve	clang	a	572.1	same	17731
lkanon/s:f-aaab+41	improve	clang	ai	508.9	same	17731
lkanon/s:f-aaab+41	improve	clang	f1	591.9	same	17731
lkanon/s:f-aaab+41	improve	clang	f2	581.2	same	17731
lkanon/s:f-aaab+41	improve	clang	f3	572.9	same	17731
lkanon/s:f-aaab+41	improve	clang	f4	599.2	same	17731
lkanon/s:f-aaab+41	improve	clang	d	553.7	same	17731
lkanon/s:f-aaab+41	improve	clang	d2	554.9	same	17731
lkanon/s:f-aaab+41	improve	clang	dL	552.6	same	17731
lkanon/s:f-aaab+41	improve	clang	a	573.4	same	17731
lkanon/s:f-aaab+41	improve	clang	ai	508.0	same	17731
lkanon/s:f-aaab+41	improve	clang	f1	593.2	same	17731
lkanon/s:f-aaab+41	improve	clang	f2	581.8	same	17731
lkanon/s:f-aaab+41	improve	clang	f3	573.0	same	17731
lkanon/s:f-aaab+41	improve	clang	f3i	490.5	same	17731
lkanon/s:f-aaab+41	improve	clang	d	554.0	same	17731
lkanon/s:f-aaab+41	improve	clang	d2	556.7	same	17731
lkanon/s:f-aaab+41	improve	clang	dL	559.0	same	17731
lkanon/s:f-aaab+41	improve	clang	a	571.7	same	17731
lkanon/s:f-aaab+41	improve	clang	ai	509.6	same	17731
lkanon/s:f-aaab+41	improve	clang	f1	590.9	same	17731
lkanon/s:f-aaab+41	improve	clang	f2	584.2	same	17731
lkanon/s:f-aaab+41	improve	clang	f3	573.8	same	17731
lkanon/s:f-aaab+41	improve	clang	f3i	488.9	same	17731
lkanon/s:f-aaab+41	improve	clang	f4	599.7	same	17731
lkanon/s:f-aaab+41	improve	clang	d2	555.9	same	17731
lkanon/s:f-aaab+41	improve	clang	dL	553.4	same	17731
lkanon/s:f-aaab+41	improve	clang	a	572.8	same	17731
lkanon/s:f-aaab+41	improve	clang	ai	508.6	same	17731
lkanon/s:f-aaab+41	improve	clang	f1	592.7	same	17731
lkanon/s:f-aaab+41	improve	clang	f2	581.8	same	17731
lkanon/s:f-aaab+41	improve	clang	f3	572.3	same	17731
lkanon/s:f-aaab+41	improve	clang	f3i	490.9	same	17731
lkanon/s:f-aaab+41	improve	clang	f4	596.2	same	17731
lkanon/s:f-aaab+41	improve	clang	d	554.5	same	17731
lkanon/s:f-aaab+41	improve	clang	dL	556.3	same	17731
lkanon/s:f-aaab+41	improve	clang	a	572.9	same	17731
lkanon/s:f-aaab+41	improve	clang	ai	509.0	same	17731
lkanon/s:f-aaab+41	improve	clang	f1	590.5	same	17731
lkanon/s:f-aaab+41	improve	clang	f2	581.1	same	17731
lkanon/s:f-aaab+41	improve	clang	f3	573.3	same	17731
lkanon/s:f-aaab+41	improve	clang	f3i	489.3	same	17731
lkanon/s:f-aaab+41	improve	clang	f4	596.5	same	17731
lkanon/s:f-aaab+41	improve	clang	d	556.5	same	17731
lkanon/s:f-aaab+41	improve	clang	d2	554.9	same	17731
lkanon/s:f-aaab+41	improve	clang	a	573.2	same	17731
lkanon/s:f-aaab+41	improve	clang	ai	509.2	same	17731
lkanon/s:f-aaab+41	improve	clang	f1	590.3	same	17731
lkanon/s:f-aaab+41	improve	clang	f2	579.4	same	17731
lkanon/s:f-aaab+41	improve	clang	f3	571.6	same	17731
lkanon/s:f-aaab+41	improve	clang	f3i	490.2	same	17731
lkanon/s:f-aaab+41	improve	clang	f4	595.9	same	17731
lkanon/s:f-aaab+41	improve	clang	d	558.4	same	17731
lkanon/s:f-aaab+41	improve	clang	d2	554.7	same	17731
lkanon/s:f-aaab+41	improve	clang	dL	558.6	same	17731
lkanon/s:f-aaab+41	improve	clang	ai	507.3	same	17731
lkanon/s:f-aaab+41	improve	clang	f1	592.2	same	17731
lkanon/s:f-aaab+41	improve	clang	f2	583.7	same	17731
lkanon/s:f-aaab+41	improve	clang	f3	571.9	same	17731
lkanon/s:f-aaab+41	improve	clang	f3i	489.8	same	17731
lkanon/s:f-aaab+41	improve	clang	f4	596.5	same	17731
lkanon/s:f-aaab+41	improve	clang	d	554.1	same	17731
lkanon/s:f-aaab+41	improve	clang	d2	554.5	same	17731
lkanon/s:f-aaab+41	improve	clang	dL	557.7	same	17731
lkanon/s:f-aaab+41	improve	clang	a	574.3	same	17731
lkanon/s:f-aaab+41	improve	clang	f1	595.7	same	17731
lkanon/s:f-aaab+41	improve	clang	f2	581.4	same	17731
lkanon/s:f-aaab+41	improve	clang	f3	573.4	same	17731
lkanon/s:f-aaab+41	improve	clang	f3i	492.5	same	17731
lkanon/s:f-aaab+41	improve	clang	f4	598.8	same	17731
lkanon/s:f-aaab+41	improve	clang	d	555.6	same	17731
lkanon/s:f-aaab+41	improve	clang	d2	555.9	same	17731
lkanon/s:f-aaab+41	improve	clang	dL	555.1	same	17731
lkanon/s:f-aaab+41	improve	clang	a	600.2	same	17731
lkanon/s:f-aaab+41	improve	clang	ai	507.1	same	17731
lkanon/s:f-aaab+41	improve	clang	f2	586.3	same	17731
lkanon/s:f-aaab+41	improve	clang	f3	573.8	same	17731
lkanon/s:f-aaab+41	improve	clang	f3i	488.8	same	17731
lkanon/s:f-aaab+41	improve	clang	f4	598.1	same	17731
lkanon/s:f-aaab+41	improve	clang	d	557.0	same	17731
lkanon/s:f-aaab+41	improve	clang	d2	554.3	same	17731
lkanon/s:f-aaab+41	improve	clang	dL	554.2	same	17731
lkanon/s:f-aaab+41	improve	clang	a	598.2	same	17731
lkanon/s:f-aaab+41	improve	clang	ai	511.1	same	17731
lkanon/s:f-aaab+41	improve	clang	f1	590.7	same	17731
lkanon/s:f-aaab+41	improve	clang	f3	573.4	same	17731
lkanon/s:f-aaab+41	improve	clang	f3i	489.4	same	17731
lkanon/s:f-aaab+41	improve	clang	f4	595.6	same	17731
lkanon/s:f-aaab+41	improve	clang	d	556.2	same	17731
lkanon/s:f-aaab+41	improve	clang	d2	554.4	same	17731
lkanon/s:f-aaab+41	improve	clang	dL	554.8	same	17731
lkanon/s:f-aaab+41	improve	clang	a	573.4	same	17731
lkanon/s:f-aaab+41	improve	clang	ai	509.2	same	17731
lkanon/s:f-aaab+41	improve	clang	f1	593.9	same	17731
lkanon/s:f-aaab+41	improve	clang	f2	582.0	same	17731
atalt/s:f-aaab+41	improve	gcc	a	907.8	same	16234
atalt/s:f-aaab+41	improve	gcc	ai	845.4	same	16234
atalt/s:f-aaab+41	improve	gcc	f1	848.9	same	16234
atalt/s:f-aaab+41	improve	gcc	f2	830.6	same	16234
atalt/s:f-aaab+41	improve	gcc	f3	911.2	same	16234
atalt/s:f-aaab+41	improve	gcc	f3i	853.8	same	16234
atalt/s:f-aaab+41	improve	gcc	f4	834.5	same	16234
atalt/s:f-aaab+41	improve	gcc	d	834.2	same	16234
atalt/s:f-aaab+41	improve	gcc	d2	836.8	same	16234
atalt/s:f-aaab+41	improve	gcc	dL	834.7	same	16234
atalt/s:f-aaab+41	improve	gcc	ai	843.3	same	16234
atalt/s:f-aaab+41	improve	gcc	f1	839.4	same	16234
atalt/s:f-aaab+41	improve	gcc	f2	830.1	same	16234
atalt/s:f-aaab+41	improve	gcc	f3	908.0	same	16234
atalt/s:f-aaab+41	improve	gcc	f3i	854.0	same	16234
atalt/s:f-aaab+41	improve	gcc	f4	834.6	same	16234
atalt/s:f-aaab+41	improve	gcc	d	832.0	same	16234
atalt/s:f-aaab+41	improve	gcc	d2	834.9	same	16234
atalt/s:f-aaab+41	improve	gcc	dL	836.2	same	16234
atalt/s:f-aaab+41	improve	gcc	a	907.4	same	16234
atalt/s:f-aaab+41	improve	gcc	f1	842.4	same	16234
atalt/s:f-aaab+41	improve	gcc	f2	843.0	same	16234
atalt/s:f-aaab+41	improve	gcc	f3	911.0	same	16234
atalt/s:f-aaab+41	improve	gcc	f3i	852.1	same	16234
atalt/s:f-aaab+41	improve	gcc	f4	835.7	same	16234
atalt/s:f-aaab+41	improve	gcc	d	836.5	same	16234
atalt/s:f-aaab+41	improve	gcc	d2	836.5	same	16234
atalt/s:f-aaab+41	improve	gcc	dL	843.1	same	16234
atalt/s:f-aaab+41	improve	gcc	a	908.1	same	16234
atalt/s:f-aaab+41	improve	gcc	ai	850.1	same	16234
atalt/s:f-aaab+41	improve	gcc	f2	833.5	same	16234
atalt/s:f-aaab+41	improve	gcc	f3	916.7	same	16234
atalt/s:f-aaab+41	improve	gcc	f3i	852.1	same	16234
atalt/s:f-aaab+41	improve	gcc	f4	831.2	same	16234
atalt/s:f-aaab+41	improve	gcc	d	839.0	same	16234
atalt/s:f-aaab+41	improve	gcc	d2	834.5	same	16234
atalt/s:f-aaab+41	improve	gcc	dL	835.7	same	16234
atalt/s:f-aaab+41	improve	gcc	a	906.0	same	16234
atalt/s:f-aaab+41	improve	gcc	ai	851.0	same	16234
atalt/s:f-aaab+41	improve	gcc	f1	840.8	same	16234
atalt/s:f-aaab+41	improve	gcc	f3	906.2	same	16234
atalt/s:f-aaab+41	improve	gcc	f3i	858.1	same	16234
atalt/s:f-aaab+41	improve	gcc	f4	833.7	same	16234
atalt/s:f-aaab+41	improve	gcc	d	838.2	same	16234
atalt/s:f-aaab+41	improve	gcc	d2	833.9	same	16234
atalt/s:f-aaab+41	improve	gcc	dL	839.1	same	16234
atalt/s:f-aaab+41	improve	gcc	a	907.5	same	16234
atalt/s:f-aaab+41	improve	gcc	ai	847.1	same	16234
atalt/s:f-aaab+41	improve	gcc	f1	840.4	same	16234
atalt/s:f-aaab+41	improve	gcc	f2	833.6	same	16234
atalt/s:f-aaab+41	improve	gcc	f3i	854.5	same	16234
atalt/s:f-aaab+41	improve	gcc	f4	835.8	same	16234
atalt/s:f-aaab+41	improve	gcc	d	835.5	same	16234
atalt/s:f-aaab+41	improve	gcc	d2	835.5	same	16234
atalt/s:f-aaab+41	improve	gcc	dL	836.9	same	16234
atalt/s:f-aaab+41	improve	gcc	a	907.1	same	16234
atalt/s:f-aaab+41	improve	gcc	ai	851.5	same	16234
atalt/s:f-aaab+41	improve	gcc	f1	840.4	same	16234
atalt/s:f-aaab+41	improve	gcc	f2	832.7	same	16234
atalt/s:f-aaab+41	improve	gcc	f3	907.8	same	16234
atalt/s:f-aaab+41	improve	gcc	f4	831.5	same	16234
atalt/s:f-aaab+41	improve	gcc	d	873.7	same	16234
atalt/s:f-aaab+41	improve	gcc	d2	835.1	same	16234
atalt/s:f-aaab+41	improve	gcc	dL	836.3	same	16234
atalt/s:f-aaab+41	improve	gcc	a	909.8	same	16234
atalt/s:f-aaab+41	improve	gcc	ai	844.7	same	16234
atalt/s:f-aaab+41	improve	gcc	f1	837.6	same	16234
atalt/s:f-aaab+41	improve	gcc	f2	833.3	same	16234
atalt/s:f-aaab+41	improve	gcc	f3	905.8	same	16234
atalt/s:f-aaab+41	improve	gcc	f3i	852.1	same	16234
atalt/s:f-aaab+41	improve	gcc	d	833.2	same	16234
atalt/s:f-aaab+41	improve	gcc	d2	834.8	same	16234
atalt/s:f-aaab+41	improve	gcc	dL	836.4	same	16234
atalt/s:f-aaab+41	improve	gcc	a	906.0	same	16234
atalt/s:f-aaab+41	improve	gcc	ai	848.1	same	16234
atalt/s:f-aaab+41	improve	gcc	f1	838.5	same	16234
atalt/s:f-aaab+41	improve	gcc	f2	837.6	same	16234
atalt/s:f-aaab+41	improve	gcc	f3	910.7	same	16234
atalt/s:f-aaab+41	improve	gcc	f3i	855.3	same	16234
atalt/s:f-aaab+41	improve	gcc	f4	831.1	same	16234
atalt/s:f-aaab+41	improve	gcc	d2	835.5	same	16234
atalt/s:f-aaab+41	improve	gcc	dL	840.6	same	16234
atalt/s:f-aaab+41	improve	gcc	a	909.7	same	16234
atalt/s:f-aaab+41	improve	gcc	ai	847.3	same	16234
atalt/s:f-aaab+41	improve	gcc	f1	837.9	same	16234
atalt/s:f-aaab+41	improve	gcc	f2	832.4	same	16234
atalt/s:f-aaab+41	improve	gcc	f3	910.4	same	16234
atalt/s:f-aaab+41	improve	gcc	f3i	856.0	same	16234
atalt/s:f-aaab+41	improve	gcc	f4	834.8	same	16234
atalt/s:f-aaab+41	improve	gcc	d	833.9	same	16234
atalt/s:f-aaab+41	improve	gcc	dL	837.2	same	16234
atalt/s:f-aaab+41	improve	gcc	a	909.1	same	16234
atalt/s:f-aaab+41	improve	gcc	ai	847.0	same	16234
atalt/s:f-aaab+41	improve	gcc	f1	837.8	same	16234
atalt/s:f-aaab+41	improve	gcc	f2	835.5	same	16234
atalt/s:f-aaab+41	improve	gcc	f3	909.2	same	16234
atalt/s:f-aaab+41	improve	gcc	f3i	858.0	same	16234
atalt/s:f-aaab+41	improve	gcc	f4	850.8	same	16234
atalt/s:f-aaab+41	improve	gcc	d	840.4	same	16234
atalt/s:f-aaab+41	improve	gcc	d2	834.7	same	16234
atalt/s:f-aaab+41	improve	gcc	a	908.3	same	16234
atalt/s:f-aaab+41	improve	gcc	ai	842.8	same	16234
atalt/s:f-aaab+41	improve	gcc	f1	838.5	same	16234
atalt/s:f-aaab+41	improve	gcc	f2	835.4	same	16234
atalt/s:f-aaab+41	improve	gcc	f3	909.8	same	16234
atalt/s:f-aaab+41	improve	gcc	f3i	851.7	same	16234
atalt/s:f-aaab+41	improve	gcc	f4	834.8	same	16234
atalt/s:f-aaab+41	improve	gcc	d	837.9	same	16234
atalt/s:f-aaab+41	improve	gcc	d2	839.2	same	16234
atalt/s:f-aaab+41	improve	gcc	dL	835.9	same	16234
atalt/s:f-aaab+41	improve	gcc	ai	845.3	same	16234
atalt/s:f-aaab+41	improve	gcc	f1	837.2	same	16234
atalt/s:f-aaab+41	improve	gcc	f2	831.8	same	16234
atalt/s:f-aaab+41	improve	gcc	f3	905.2	same	16234
atalt/s:f-aaab+41	improve	gcc	f3i	854.0	same	16234
atalt/s:f-aaab+41	improve	gcc	f4	840.5	same	16234
atalt/s:f-aaab+41	improve	gcc	d	875.8	same	16234
atalt/s:f-aaab+41	improve	gcc	d2	836.1	same	16234
atalt/s:f-aaab+41	improve	gcc	dL	836.0	same	16234
atalt/s:f-aaab+41	improve	gcc	a	906.8	same	16234
atalt/s:f-aaab+41	improve	gcc	f1	837.1	same	16234
atalt/s:f-aaab+41	improve	gcc	f2	836.1	same	16234
atalt/s:f-aaab+41	improve	gcc	f3	909.5	same	16234
atalt/s:f-aaab+41	improve	gcc	f3i	851.5	same	16234
atalt/s:f-aaab+41	improve	gcc	f4	837.9	same	16234
atalt/s:f-aaab+41	improve	gcc	d	836.3	same	16234
atalt/s:f-aaab+41	improve	gcc	d2	835.1	same	16234
atalt/s:f-aaab+41	improve	gcc	dL	835.6	same	16234
atalt/s:f-aaab+41	improve	gcc	a	911.8	same	16234
atalt/s:f-aaab+41	improve	gcc	ai	848.9	same	16234
atalt/s:f-aaab+41	improve	gcc	f2	834.4	same	16234
atalt/s:f-aaab+41	improve	gcc	f3	907.7	same	16234
atalt/s:f-aaab+41	improve	gcc	f3i	863.9	same	16234
atalt/s:f-aaab+41	improve	gcc	f4	830.3	same	16234
atalt/s:f-aaab+41	improve	gcc	d	836.2	same	16234
atalt/s:f-aaab+41	improve	gcc	d2	837.0	same	16234
atalt/s:f-aaab+41	improve	gcc	dL	836.6	same	16234
atalt/s:f-aaab+41	improve	gcc	a	913.1	same	16234
atalt/s:f-aaab+41	improve	gcc	ai	845.8	same	16234
atalt/s:f-aaab+41	improve	gcc	f1	838.1	same	16234
atalt/s:f-aaab+41	improve	gcc	f3	908.6	same	16234
atalt/s:f-aaab+41	improve	gcc	f3i	856.8	same	16234
atalt/s:f-aaab+41	improve	gcc	f4	837.1	same	16234
atalt/s:f-aaab+41	improve	gcc	d	833.3	same	16234
atalt/s:f-aaab+41	improve	gcc	d2	837.7	same	16234
atalt/s:f-aaab+41	improve	gcc	dL	834.6	same	16234
atalt/s:f-aaab+41	improve	gcc	a	907.8	same	16234
atalt/s:f-aaab+41	improve	gcc	ai	849.5	same	16234
atalt/s:f-aaab+41	improve	gcc	f1	842.4	same	16234
atalt/s:f-aaab+41	improve	gcc	f2	834.9	same	16234
atalt/s:f-aaab+41	improve	clang	a	833.2	same	20921
atalt/s:f-aaab+41	improve	clang	ai	834.1	same	20921
atalt/s:f-aaab+41	improve	clang	f1	861.7	same	20921
atalt/s:f-aaab+41	improve	clang	f2	836.7	same	20921
atalt/s:f-aaab+41	improve	clang	f3	825.5	same	20921
atalt/s:f-aaab+41	improve	clang	f3i	840.7	same	20921
atalt/s:f-aaab+41	improve	clang	f4	832.1	same	20921
atalt/s:f-aaab+41	improve	clang	d	833.6	same	20921
atalt/s:f-aaab+41	improve	clang	d2	833.5	same	20921
atalt/s:f-aaab+41	improve	clang	dL	829.4	same	20921
atalt/s:f-aaab+41	improve	clang	ai	830.5	same	20921
atalt/s:f-aaab+41	improve	clang	f1	859.3	same	20921
atalt/s:f-aaab+41	improve	clang	f2	833.1	same	20921
atalt/s:f-aaab+41	improve	clang	f3	832.0	same	20921
atalt/s:f-aaab+41	improve	clang	f3i	836.5	same	20921
atalt/s:f-aaab+41	improve	clang	f4	832.7	same	20921
atalt/s:f-aaab+41	improve	clang	d	834.3	same	20921
atalt/s:f-aaab+41	improve	clang	d2	832.7	same	20921
atalt/s:f-aaab+41	improve	clang	dL	829.6	same	20921
atalt/s:f-aaab+41	improve	clang	a	827.2	same	20921
atalt/s:f-aaab+41	improve	clang	f1	861.3	same	20921
atalt/s:f-aaab+41	improve	clang	f2	832.6	same	20921
atalt/s:f-aaab+41	improve	clang	f3	831.7	same	20921
atalt/s:f-aaab+41	improve	clang	f3i	837.4	same	20921
atalt/s:f-aaab+41	improve	clang	f4	832.2	same	20921
atalt/s:f-aaab+41	improve	clang	d	832.6	same	20921
atalt/s:f-aaab+41	improve	clang	d2	833.9	same	20921
atalt/s:f-aaab+41	improve	clang	dL	832.3	same	20921
atalt/s:f-aaab+41	improve	clang	a	830.7	same	20921
atalt/s:f-aaab+41	improve	clang	ai	832.3	same	20921
atalt/s:f-aaab+41	improve	clang	f2	839.3	same	20921
atalt/s:f-aaab+41	improve	clang	f3	828.7	same	20921
atalt/s:f-aaab+41	improve	clang	f3i	836.2	same	20921
atalt/s:f-aaab+41	improve	clang	f4	861.9	same	20921
atalt/s:f-aaab+41	improve	clang	d	836.6	same	20921
atalt/s:f-aaab+41	improve	clang	d2	833.3	same	20921
atalt/s:f-aaab+41	improve	clang	dL	833.3	same	20921
atalt/s:f-aaab+41	improve	clang	a	829.6	same	20921
atalt/s:f-aaab+41	improve	clang	ai	832.4	same	20921
atalt/s:f-aaab+41	improve	clang	f1	863.1	same	20921
atalt/s:f-aaab+41	improve	clang	f3	833.2	same	20921
atalt/s:f-aaab+41	improve	clang	f3i	840.1	same	20921
atalt/s:f-aaab+41	improve	clang	f4	832.4	same	20921
atalt/s:f-aaab+41	improve	clang	d	834.0	same	20921
atalt/s:f-aaab+41	improve	clang	d2	831.5	same	20921
atalt/s:f-aaab+41	improve	clang	dL	834.3	same	20921
atalt/s:f-aaab+41	improve	clang	a	832.1	same	20921
atalt/s:f-aaab+41	improve	clang	ai	830.1	same	20921
atalt/s:f-aaab+41	improve	clang	f1	857.4	same	20921
atalt/s:f-aaab+41	improve	clang	f2	836.0	same	20921
atalt/s:f-aaab+41	improve	clang	f3i	841.4	same	20921
atalt/s:f-aaab+41	improve	clang	f4	830.4	same	20921
atalt/s:f-aaab+41	improve	clang	d	831.2	same	20921
atalt/s:f-aaab+41	improve	clang	d2	837.5	same	20921
atalt/s:f-aaab+41	improve	clang	dL	830.6	same	20921
atalt/s:f-aaab+41	improve	clang	a	831.8	same	20921
atalt/s:f-aaab+41	improve	clang	ai	830.6	same	20921
atalt/s:f-aaab+41	improve	clang	f1	863.4	same	20921
atalt/s:f-aaab+41	improve	clang	f2	833.7	same	20921
atalt/s:f-aaab+41	improve	clang	f3	829.4	same	20921
atalt/s:f-aaab+41	improve	clang	f4	828.8	same	20921
atalt/s:f-aaab+41	improve	clang	d	835.0	same	20921
atalt/s:f-aaab+41	improve	clang	d2	837.5	same	20921
atalt/s:f-aaab+41	improve	clang	dL	833.6	same	20921
atalt/s:f-aaab+41	improve	clang	a	833.1	same	20921
atalt/s:f-aaab+41	improve	clang	ai	856.4	same	20921
atalt/s:f-aaab+41	improve	clang	f1	862.5	same	20921
atalt/s:f-aaab+41	improve	clang	f2	839.5	same	20921
atalt/s:f-aaab+41	improve	clang	f3	836.1	same	20921
atalt/s:f-aaab+41	improve	clang	f3i	833.0	same	20921
atalt/s:f-aaab+41	improve	clang	d	977.9	same	20921
atalt/s:f-aaab+41	improve	clang	d2	830.4	same	20921
atalt/s:f-aaab+41	improve	clang	dL	831.8	same	20921
atalt/s:f-aaab+41	improve	clang	a	831.4	same	20921
atalt/s:f-aaab+41	improve	clang	ai	830.6	same	20921
atalt/s:f-aaab+41	improve	clang	f1	859.6	same	20921
atalt/s:f-aaab+41	improve	clang	f2	838.5	same	20921
atalt/s:f-aaab+41	improve	clang	f3	847.0	same	20921
atalt/s:f-aaab+41	improve	clang	f3i	845.7	same	20921
atalt/s:f-aaab+41	improve	clang	f4	832.3	same	20921
atalt/s:f-aaab+41	improve	clang	d2	831.6	same	20921
atalt/s:f-aaab+41	improve	clang	dL	831.6	same	20921
atalt/s:f-aaab+41	improve	clang	a	831.7	same	20921
atalt/s:f-aaab+41	improve	clang	ai	830.4	same	20921
atalt/s:f-aaab+41	improve	clang	f1	860.0	same	20921
atalt/s:f-aaab+41	improve	clang	f2	833.5	same	20921
atalt/s:f-aaab+41	improve	clang	f3	830.3	same	20921
atalt/s:f-aaab+41	improve	clang	f3i	838.2	same	20921
atalt/s:f-aaab+41	improve	clang	f4	833.1	same	20921
atalt/s:f-aaab+41	improve	clang	d	835.6	same	20921
atalt/s:f-aaab+41	improve	clang	dL	831.5	same	20921
atalt/s:f-aaab+41	improve	clang	a	830.6	same	20921
atalt/s:f-aaab+41	improve	clang	ai	830.7	same	20921
atalt/s:f-aaab+41	improve	clang	f1	863.2	same	20921
atalt/s:f-aaab+41	improve	clang	f2	838.6	same	20921
atalt/s:f-aaab+41	improve	clang	f3	831.8	same	20921
atalt/s:f-aaab+41	improve	clang	f3i	837.8	same	20921
atalt/s:f-aaab+41	improve	clang	f4	832.1	same	20921
atalt/s:f-aaab+41	improve	clang	d	829.6	same	20921
atalt/s:f-aaab+41	improve	clang	d2	833.4	same	20921
atalt/s:f-aaab+41	improve	clang	a	832.6	same	20921
atalt/s:f-aaab+41	improve	clang	ai	832.1	same	20921
atalt/s:f-aaab+41	improve	clang	f1	876.1	same	20921
atalt/s:f-aaab+41	improve	clang	f2	838.6	same	20921
atalt/s:f-aaab+41	improve	clang	f3	832.2	same	20921
atalt/s:f-aaab+41	improve	clang	f3i	839.6	same	20921
atalt/s:f-aaab+41	improve	clang	f4	834.3	same	20921
atalt/s:f-aaab+41	improve	clang	d	835.0	same	20921
atalt/s:f-aaab+41	improve	clang	d2	833.3	same	20921
atalt/s:f-aaab+41	improve	clang	dL	829.2	same	20921
atalt/s:f-aaab+41	improve	clang	ai	831.6	same	20921
atalt/s:f-aaab+41	improve	clang	f1	864.5	same	20921
atalt/s:f-aaab+41	improve	clang	f2	837.3	same	20921
atalt/s:f-aaab+41	improve	clang	f3	829.4	same	20921
atalt/s:f-aaab+41	improve	clang	f3i	837.9	same	20921
atalt/s:f-aaab+41	improve	clang	f4	830.0	same	20921
atalt/s:f-aaab+41	improve	clang	d	831.4	same	20921
atalt/s:f-aaab+41	improve	clang	d2	836.1	same	20921
atalt/s:f-aaab+41	improve	clang	dL	833.5	same	20921
atalt/s:f-aaab+41	improve	clang	a	830.6	same	20921
atalt/s:f-aaab+41	improve	clang	f1	856.0	same	20921
atalt/s:f-aaab+41	improve	clang	f2	833.5	same	20921
atalt/s:f-aaab+41	improve	clang	f3	831.1	same	20921
atalt/s:f-aaab+41	improve	clang	f3i	836.6	same	20921
atalt/s:f-aaab+41	improve	clang	f4	860.6	same	20921
atalt/s:f-aaab+41	improve	clang	d	832.5	same	20921
atalt/s:f-aaab+41	improve	clang	d2	832.9	same	20921
atalt/s:f-aaab+41	improve	clang	dL	834.1	same	20921
atalt/s:f-aaab+41	improve	clang	a	827.7	same	20921
atalt/s:f-aaab+41	improve	clang	ai	831.9	same	20921
atalt/s:f-aaab+41	improve	clang	f2	836.2	same	20921
atalt/s:f-aaab+41	improve	clang	f3	833.1	same	20921
atalt/s:f-aaab+41	improve	clang	f3i	835.1	same	20921
atalt/s:f-aaab+41	improve	clang	f4	833.5	same	20921
atalt/s:f-aaab+41	improve	clang	d	833.0	same	20921
atalt/s:f-aaab+41	improve	clang	d2	832.3	same	20921
atalt/s:f-aaab+41	improve	clang	dL	829.3	same	20921
atalt/s:f-aaab+41	improve	clang	a	831.3	same	20921
atalt/s:f-aaab+41	improve	clang	ai	832.7	same	20921
atalt/s:f-aaab+41	improve	clang	f1	860.8	same	20921
atalt/s:f-aaab+41	improve	clang	f3	835.1	same	20921
atalt/s:f-aaab+41	improve	clang	f3i	839.0	same	20921
atalt/s:f-aaab+41	improve	clang	f4	832.4	same	20921
atalt/s:f-aaab+41	improve	clang	d	832.3	same	20921
atalt/s:f-aaab+41	improve	clang	d2	833.4	same	20921
atalt/s:f-aaab+41	improve	clang	dL	829.5	same	20921
atalt/s:f-aaab+41	improve	clang	a	834.1	same	20921
atalt/s:f-aaab+41	improve	clang	ai	832.5	same	20921
atalt/s:f-aaab+41	improve	clang	f1	862.1	same	20921
atalt/s:f-aaab+41	improve	clang	f2	837.1	same	20921
atalt/f:t-1m+2	improve	gcc	a	1104546.9	same	48
atalt/f:t-1m+2	improve	gcc	ai	1061506.7	same	48
atalt/f:t-1m+2	improve	gcc	f1	1082249.0	same	48
atalt/f:t-1m+2	improve	gcc	f2	1083117.7	same	48
atalt/f:t-1m+2	improve	gcc	f3	1104375.6	same	48
atalt/f:t-1m+2	improve	gcc	f3i	1079273.8	same	48
atalt/f:t-1m+2	improve	gcc	f4	1067778.5	same	48
atalt/f:t-1m+2	improve	gcc	d	1035939.7	same	48
atalt/f:t-1m+2	improve	gcc	d2	1034812.4	same	48
atalt/f:t-1m+2	improve	gcc	dL	1033181.5	same	48
atalt/f:t-1m+2	improve	gcc	ai	1062945.9	same	48
atalt/f:t-1m+2	improve	gcc	f1	1081973.6	same	48
atalt/f:t-1m+2	improve	gcc	f2	1081746.0	same	48
atalt/f:t-1m+2	improve	gcc	f3	1103185.2	same	48
atalt/f:t-1m+2	improve	gcc	f3i	1078625.6	same	48
atalt/f:t-1m+2	improve	gcc	f4	1066839.5	same	48
atalt/f:t-1m+2	improve	gcc	d	1033977.6	same	48
atalt/f:t-1m+2	improve	gcc	d2	1033570.5	same	48
atalt/f:t-1m+2	improve	gcc	dL	1033634.8	same	48
atalt/f:t-1m+2	improve	gcc	a	1100323.3	same	48
atalt/f:t-1m+2	improve	gcc	f1	1080544.8	same	48
atalt/f:t-1m+2	improve	gcc	f2	1082453.8	same	48
atalt/f:t-1m+2	improve	gcc	f3	1103938.9	same	48
atalt/f:t-1m+2	improve	gcc	f3i	1079472.7	same	48
atalt/f:t-1m+2	improve	gcc	f4	1067094.7	same	48
atalt/f:t-1m+2	improve	gcc	d	1034615.9	same	48
atalt/f:t-1m+2	improve	gcc	d2	1032853.8	same	48
atalt/f:t-1m+2	improve	gcc	dL	1032618.2	same	48
atalt/f:t-1m+2	improve	gcc	a	1095883.2	same	48
atalt/f:t-1m+2	improve	gcc	ai	1063169.2	same	48
atalt/f:t-1m+2	improve	gcc	f2	1080892.7	same	48
atalt/f:t-1m+2	improve	gcc	f3	1098476.0	same	48
atalt/f:t-1m+2	improve	gcc	f3i	1079879.0	same	48
atalt/f:t-1m+2	improve	gcc	f4	1065542.6	same	48
atalt/f:t-1m+2	improve	gcc	d	1033147.4	same	48
atalt/f:t-1m+2	improve	gcc	d2	1033566.5	same	48
atalt/f:t-1m+2	improve	gcc	dL	1032629.0	same	48
atalt/f:t-1m+2	improve	gcc	a	1094748.0	same	48
atalt/f:t-1m+2	improve	gcc	ai	1061759.4	same	48
atalt/f:t-1m+2	improve	gcc	f1	1080304.4	same	48
atalt/f:t-1m+2	improve	gcc	f3	1097208.3	same	48
atalt/f:t-1m+2	improve	gcc	f3i	1078684.6	same	48
atalt/f:t-1m+2	improve	gcc	f4	1064732.2	same	48
atalt/f:t-1m+2	improve	gcc	d	1033051.1	same	48
atalt/f:t-1m+2	improve	gcc	d2	1034059.0	same	48
atalt/f:t-1m+2	improve	gcc	dL	1032913.4	same	48
atalt/f:t-1m+2	improve	gcc	a	1096368.5	same	48
atalt/f:t-1m+2	improve	gcc	ai	1063118.6	same	48
atalt/f:t-1m+2	improve	gcc	f1	1081170.4	same	48
atalt/f:t-1m+2	improve	gcc	f2	1081549.4	same	48
atalt/f:t-1m+2	improve	gcc	f3i	1079632.3	same	48
atalt/f:t-1m+2	improve	gcc	f4	1066811.8	same	48
atalt/f:t-1m+2	improve	gcc	d	1033856.1	same	48
atalt/f:t-1m+2	improve	gcc	d2	1032535.2	same	48
atalt/f:t-1m+2	improve	gcc	dL	1033724.4	same	48
atalt/f:t-1m+2	improve	gcc	a	1096599.5	same	48
atalt/f:t-1m+2	improve	gcc	ai	1061195.5	same	48
atalt/f:t-1m+2	improve	gcc	f1	1081430.8	same	48
atalt/f:t-1m+2	improve	gcc	f2	1081117.5	same	48
atalt/f:t-1m+2	improve	gcc	f3	1096647.8	same	48
atalt/f:t-1m+2	improve	gcc	f4	1066942.0	same	48
atalt/f:t-1m+2	improve	gcc	d	1033970.9	same	48
atalt/f:t-1m+2	improve	gcc	d2	1033651.1	same	48
atalt/f:t-1m+2	improve	gcc	dL	1033500.5	same	48
atalt/f:t-1m+2	improve	gcc	a	1096086.4	same	48
atalt/f:t-1m+2	improve	gcc	ai	1064777.0	same	48
atalt/f:t-1m+2	improve	gcc	f1	1081607.5	same	48
atalt/f:t-1m+2	improve	gcc	f2	1081996.5	same	48
atalt/f:t-1m+2	improve	gcc	f3	1098790.6	same	48
atalt/f:t-1m+2	improve	gcc	f3i	1079076.7	same	48
atalt/f:t-1m+2	improve	gcc	d	1034703.0	same	48
atalt/f:t-1m+2	improve	gcc	d2	1033848.4	same	48
atalt/f:t-1m+2	improve	gcc	dL	1032628.4	same	48
atalt/f:t-1m+2	improve	gcc	a	1098234.3	same	48
atalt/f:t-1m+2	improve	gcc	ai	1063304.7	same	48
atalt/f:t-1m+2	improve	gcc	f1	1081281.9	same	48
atalt/f:t-1m+2	improve	gcc	f2	1081673.3	same	48
atalt/f:t-1m+2	improve	gcc	f3	1098861.6	same	48
atalt/f:t-1m+2	improve	gcc	f3i	1079527.9	same	48
atalt/f:t-1m+2	improve	gcc	f4	1067043.9	same	48
atalt/f:t-1m+2	improve	gcc	d2	1033196.1	same	48
atalt/f:t-1m+2	improve	gcc	dL	1033207.5	same	48
atalt/f:t-1m+2	improve	gcc	a	1097662.8	same	48
atalt/f:t-1m+2	improve	gcc	ai	1070297.6	same	48
atalt/f:t-1m+2	improve	gcc	f1	1081794.2	same	48
atalt/f:t-1m+2	improve	gcc	f2	1083193.4	same	48
atalt/f:t-1m+2	improve	gcc	f3	1097460.4	same	48
atalt/f:t-1m+2	improve	gcc	f3i	1079392.1	same	48
atalt/f:t-1m+2	improve	gcc	f4	1066519.3	same	48
atalt/f:t-1m+2	improve	gcc	d	1034343.8	same	48
atalt/f:t-1m+2	improve	gcc	dL	1033025.7	same	48
atalt/f:t-1m+2	improve	gcc	a	1098083.9	same	48
atalt/f:t-1m+2	improve	gcc	ai	1059840.7	same	48
atalt/f:t-1m+2	improve	gcc	f1	1081802.5	same	48
atalt/f:t-1m+2	improve	gcc	f2	1083204.4	same	48
atalt/f:t-1m+2	improve	gcc	f3	1099752.2	same	48
atalt/f:t-1m+2	improve	gcc	f3i	1079416.0	same	48
atalt/f:t-1m+2	improve	gcc	f4	1067640.3	same	48
atalt/f:t-1m+2	improve	gcc	d	1034211.7	same	48
atalt/f:t-1m+2	improve	gcc	d2	1033501.5	same	48
atalt/f:t-1m+2	improve	gcc	a	1095552.4	same	48
atalt/f:t-1m+2	improve	gcc	ai	1065517.6	same	48
atalt/f:t-1m+2	improve	gcc	f1	1080950.6	same	48
atalt/f:t-1m+2	improve	gcc	f2	1082563.1	same	48
atalt/f:t-1m+2	improve	gcc	f3	1097147.8	same	48
atalt/f:t-1m+2	improve	gcc	f3i	1079552.7	same	48
atalt/f:t-1m+2	improve	gcc	f4	1066704.9	same	48
atalt/f:t-1m+2	improve	gcc	d	1034309.6	same	48
atalt/f:t-1m+2	improve	gcc	d2	1033663.2	same	48
atalt/f:t-1m+2	improve	gcc	dL	1032438.1	same	48
atalt/f:t-1m+2	improve	gcc	ai	1064202.2	same	48
atalt/f:t-1m+2	improve	gcc	f1	1081383.3	same	48
atalt/f:t-1m+2	improve	gcc	f2	1081675.0	same	48
atalt/f:t-1m+2	improve	gcc	f3	1097608.7	same	48
atalt/f:t-1m+2	improve	gcc	f3i	1078916.2	same	48
atalt/f:t-1m+2	improve	gcc	f4	1066149.5	same	48
atalt/f:t-1m+2	improve	gcc	d	1034603.8	same	48
atalt/f:t-1m+2	improve	gcc	d2	1033856.3	same	48
atalt/f:t-1m+2	improve	gcc	dL	1032904.0	same	48
atalt/f:t-1m+2	improve	gcc	a	1096365.4	same	48
atalt/f:t-1m+2	improve	gcc	f1	1080821.9	same	48
atalt/f:t-1m+2	improve	gcc	f2	1082099.0	same	48
atalt/f:t-1m+2	improve	gcc	f3	1096900.4	same	48
atalt/f:t-1m+2	improve	gcc	f3i	1079688.1	same	48
atalt/f:t-1m+2	improve	gcc	f4	1066556.1	same	48
atalt/f:t-1m+2	improve	gcc	d	1034253.0	same	48
atalt/f:t-1m+2	improve	gcc	d2	1034029.4	same	48
atalt/f:t-1m+2	improve	gcc	dL	1033831.9	same	48
atalt/f:t-1m+2	improve	gcc	a	1095519.9	same	48
atalt/f:t-1m+2	improve	gcc	ai	1063821.3	same	48
atalt/f:t-1m+2	improve	gcc	f2	1082976.1	same	48
atalt/f:t-1m+2	improve	gcc	f3	1100070.0	same	48
atalt/f:t-1m+2	improve	gcc	f3i	1080610.6	same	48
atalt/f:t-1m+2	improve	gcc	f4	1066019.3	same	48
atalt/f:t-1m+2	improve	gcc	d	1034855.7	same	48
atalt/f:t-1m+2	improve	gcc	d2	1034156.7	same	48
atalt/f:t-1m+2	improve	gcc	dL	1032618.8	same	48
atalt/f:t-1m+2	improve	gcc	a	1095600.8	same	48
atalt/f:t-1m+2	improve	gcc	ai	1061593.4	same	48
atalt/f:t-1m+2	improve	gcc	f1	1081086.9	same	48
atalt/f:t-1m+2	improve	gcc	f3	1098104.3	same	48
atalt/f:t-1m+2	improve	gcc	f3i	1079549.0	same	48
atalt/f:t-1m+2	improve	gcc	f4	1066938.6	same	48
atalt/f:t-1m+2	improve	gcc	d	1036425.7	same	48
atalt/f:t-1m+2	improve	gcc	d2	1034229.4	same	48
atalt/f:t-1m+2	improve	gcc	dL	1032576.7	same	48
atalt/f:t-1m+2	improve	gcc	a	1097159.9	same	48
atalt/f:t-1m+2	improve	gcc	ai	1062668.4	same	48
atalt/f:t-1m+2	improve	gcc	f1	1080619.8	same	48
atalt/f:t-1m+2	improve	gcc	f2	1081780.0	same	48
atalt/f:t-1m+2	improve	clang	a	1030102.8	same	43
atalt/f:t-1m+2	improve	clang	ai	1029707.9	same	43
atalt/f:t-1m+2	improve	clang	f1	1044284.3	same	43
atalt/f:t-1m+2	improve	clang	f2	1036005.4	same	43
atalt/f:t-1m+2	improve	clang	f3	1017165.5	same	43
atalt/f:t-1m+2	improve	clang	f3i	1034179.6	same	43
atalt/f:t-1m+2	improve	clang	f4	1032218.6	same	43
atalt/f:t-1m+2	improve	clang	d	1035815.4	same	43
atalt/f:t-1m+2	improve	clang	d2	1030942.3	same	43
atalt/f:t-1m+2	improve	clang	dL	1029874.0	same	43
atalt/f:t-1m+2	improve	clang	ai	1030792.6	same	43
atalt/f:t-1m+2	improve	clang	f1	1044441.3	same	43
atalt/f:t-1m+2	improve	clang	f2	1036143.8	same	43
atalt/f:t-1m+2	improve	clang	f3	1017823.9	same	43
atalt/f:t-1m+2	improve	clang	f3i	1033842.4	same	43
atalt/f:t-1m+2	improve	clang	f4	1034725.2	same	43
atalt/f:t-1m+2	improve	clang	d	1031623.5	same	43
atalt/f:t-1m+2	improve	clang	d2	1029894.2	same	43
atalt/f:t-1m+2	improve	clang	dL	1028047.4	same	43
atalt/f:t-1m+2	improve	clang	a	1030566.5	same	43
atalt/f:t-1m+2	improve	clang	f1	1044428.7	same	43
atalt/f:t-1m+2	improve	clang	f2	1035299.1	same	43
atalt/f:t-1m+2	improve	clang	f3	1017413.2	same	43
atalt/f:t-1m+2	improve	clang	f3i	1033561.0	same	43
atalt/f:t-1m+2	improve	clang	f4	1036039.8	same	43
atalt/f:t-1m+2	improve	clang	d	1031847.9	same	43
atalt/f:t-1m+2	improve	clang	d2	1031471.7	same	43
atalt/f:t-1m+2	improve	clang	dL	1030197.9	same	43
atalt/f:t-1m+2	improve	clang	a	1029929.5	same	43
atalt/f:t-1m+2	improve	clang	ai	1029324.9	same	43
atalt/f:t-1m+2	improve	clang	f2	1035719.1	same	43
atalt/f:t-1m+2	improve	clang	f3	1016686.0	same	43
atalt/f:t-1m+2	improve	clang	f3i	1034644.9	same	43
atalt/f:t-1m+2	improve	clang	f4	1035242.6	same	43
atalt/f:t-1m+2	improve	clang	d	1030644.4	same	43
atalt/f:t-1m+2	improve	clang	d2	1030356.5	same	43
atalt/f:t-1m+2	improve	clang	dL	1029674.0	same	43
atalt/f:t-1m+2	improve	clang	a	1029313.5	same	43
atalt/f:t-1m+2	improve	clang	ai	1029402.1	same	43
atalt/f:t-1m+2	improve	clang	f1	1043021.7	same	43
atalt/f:t-1m+2	improve	clang	f3	1016627.6	same	43
atalt/f:t-1m+2	improve	clang	f3i	1033285.6	same	43
atalt/f:t-1m+2	improve	clang	f4	1036412.6	same	43
atalt/f:t-1m+2	improve	clang	d	1031080.0	same	43
atalt/f:t-1m+2	improve	clang	d2	1030641.2	same	43
atalt/f:t-1m+2	improve	clang	dL	1029765.4	same	43
atalt/f:t-1m+2	improve	clang	a	1030408.9	same	43
atalt/f:t-1m+2	improve	clang	ai	1030462.3	same	43
atalt/f:t-1m+2	improve	clang	f1	1044185.2	same	43
atalt/f:t-1m+2	improve	clang	f2	1035577.5	same	43
atalt/f:t-1m+2	improve	clang	f3i	1034217.3	same	43
atalt/f:t-1m+2	improve	clang	f4	1035825.9	same	43
atalt/f:t-1m+2	improve	clang	d	1032598.0	same	43
atalt/f:t-1m+2	improve	clang	d2	1031996.5	same	43
atalt/f:t-1m+2	improve	clang	dL	1031436.3	same	43
atalt/f:t-1m+2	improve	clang	a	1029747.7	same	43
atalt/f:t-1m+2	improve	clang	ai	1030241.9	same	43
atalt/f:t-1m+2	improve	clang	f1	1044636.4	same	43
atalt/f:t-1m+2	improve	clang	f2	1035993.3	same	43
atalt/f:t-1m+2	improve	clang	f3	1017128.3	same	43
atalt/f:t-1m+2	improve	clang	f4	1033952.6	same	43
atalt/f:t-1m+2	improve	clang	d	1031301.2	same	43
atalt/f:t-1m+2	improve	clang	d2	1031853.5	same	43
atalt/f:t-1m+2	improve	clang	dL	1029973.7	same	43
atalt/f:t-1m+2	improve	clang	a	1030297.2	same	43
atalt/f:t-1m+2	improve	clang	ai	1029207.7	same	43
atalt/f:t-1m+2	improve	clang	f1	1043061.0	same	43
atalt/f:t-1m+2	improve	clang	f2	1035556.8	same	43
atalt/f:t-1m+2	improve	clang	f3	1016700.4	same	43
atalt/f:t-1m+2	improve	clang	f3i	1035030.5	same	43
atalt/f:t-1m+2	improve	clang	d	1030997.0	same	43
atalt/f:t-1m+2	improve	clang	d2	1030755.1	same	43
atalt/f:t-1m+2	improve	clang	dL	1027978.6	same	43
atalt/f:t-1m+2	improve	clang	a	1029062.8	same	43
atalt/f:t-1m+2	improve	clang	ai	1030078.8	same	43
atalt/f:t-1m+2	improve	clang	f1	1043622.7	same	43
atalt/f:t-1m+2	improve	clang	f2	1035590.5	same	43
atalt/f:t-1m+2	improve	clang	f3	1017400.4	same	43
atalt/f:t-1m+2	improve	clang	f3i	1033511.9	same	43
atalt/f:t-1m+2	improve	clang	f4	1034871.4	same	43
atalt/f:t-1m+2	improve	clang	d2	1030843.3	same	43
atalt/f:t-1m+2	improve	clang	dL	1030992.3	same	43
atalt/f:t-1m+2	improve	clang	a	1029491.4	same	43
atalt/f:t-1m+2	improve	clang	ai	1029337.9	same	43
atalt/f:t-1m+2	improve	clang	f1	1044507.8	same	43
atalt/f:t-1m+2	improve	clang	f2	1035638.4	same	43
atalt/f:t-1m+2	improve	clang	f3	1017244.6	same	43
atalt/f:t-1m+2	improve	clang	f3i	1034574.7	same	43
atalt/f:t-1m+2	improve	clang	f4	1035088.7	same	43
atalt/f:t-1m+2	improve	clang	d	1031635.1	same	43
atalt/f:t-1m+2	improve	clang	dL	1030243.3	same	43
atalt/f:t-1m+2	improve	clang	a	1029544.7	same	43
atalt/f:t-1m+2	improve	clang	ai	1029989.3	same	43
atalt/f:t-1m+2	improve	clang	f1	1043669.9	same	43
atalt/f:t-1m+2	improve	clang	f2	1036041.7	same	43
atalt/f:t-1m+2	improve	clang	f3	1016231.3	same	43
atalt/f:t-1m+2	improve	clang	f3i	1033921.9	same	43
atalt/f:t-1m+2	improve	clang	f4	1033130.0	same	43
atalt/f:t-1m+2	improve	clang	d	1031334.0	same	43
atalt/f:t-1m+2	improve	clang	d2	1031280.7	same	43
atalt/f:t-1m+2	improve	clang	a	1029937.9	same	43
atalt/f:t-1m+2	improve	clang	ai	1029994.7	same	43
atalt/f:t-1m+2	improve	clang	f1	1043553.8	same	43
atalt/f:t-1m+2	improve	clang	f2	1035267.0	same	43
atalt/f:t-1m+2	improve	clang	f3	1017726.9	same	43
atalt/f:t-1m+2	improve	clang	f3i	1034946.3	same	43
atalt/f:t-1m+2	improve	clang	f4	1036605.4	same	43
atalt/f:t-1m+2	improve	clang	d	1030822.1	same	43
atalt/f:t-1m+2	improve	clang	d2	1031412.6	same	43
atalt/f:t-1m+2	improve	clang	dL	1030637.9	same	43
atalt/f:t-1m+2	improve	clang	ai	1029509.5	same	43
atalt/f:t-1m+2	improve	clang	f1	1043402.4	same	43
atalt/f:t-1m+2	improve	clang	f2	1035692.6	same	43
atalt/f:t-1m+2	improve	clang	f3	1017159.4	same	43
atalt/f:t-1m+2	improve	clang	f3i	1033413.1	same	43
atalt/f:t-1m+2	improve	clang	f4	1033054.2	same	43
atalt/f:t-1m+2	improve	clang	d	1031128.4	same	43
atalt/f:t-1m+2	improve	clang	d2	1030838.4	same	43
atalt/f:t-1m+2	improve	clang	dL	1030683.7	same	43
atalt/f:t-1m+2	improve	clang	a	1029520.5	same	43
atalt/f:t-1m+2	improve	clang	f1	1043857.8	same	43
atalt/f:t-1m+2	improve	clang	f2	1036522.1	same	43
atalt/f:t-1m+2	improve	clang	f3	1016863.9	same	43
atalt/f:t-1m+2	improve	clang	f3i	1035581.0	same	43
atalt/f:t-1m+2	improve	clang	f4	1035805.2	same	43
atalt/f:t-1m+2	improve	clang	d	1031548.9	same	43
atalt/f:t-1m+2	improve	clang	d2	1031929.3	same	43
atalt/f:t-1m+2	improve	clang	dL	1029934.7	same	43
atalt/f:t-1m+2	improve	clang	a	1029824.4	same	43
atalt/f:t-1m+2	improve	clang	ai	1028893.7	same	43
atalt/f:t-1m+2	improve	clang	f2	1035364.9	same	43
atalt/f:t-1m+2	improve	clang	f3	1017130.1	same	43
atalt/f:t-1m+2	improve	clang	f3i	1034602.4	same	43
atalt/f:t-1m+2	improve	clang	f4	1035450.3	same	43
atalt/f:t-1m+2	improve	clang	d	1030829.1	same	43
atalt/f:t-1m+2	improve	clang	d2	1030889.1	same	43
atalt/f:t-1m+2	improve	clang	dL	1030504.9	same	43
atalt/f:t-1m+2	improve	clang	a	1030437.7	same	43
atalt/f:t-1m+2	improve	clang	ai	1029337.2	same	43
atalt/f:t-1m+2	improve	clang	f1	1045059.7	same	43
atalt/f:t-1m+2	improve	clang	f3	1016239.7	same	43
atalt/f:t-1m+2	improve	clang	f3i	1033791.9	same	43
atalt/f:t-1m+2	improve	clang	f4	1036529.3	same	43
atalt/f:t-1m+2	improve	clang	d	1031046.5	same	43
atalt/f:t-1m+2	improve	clang	d2	1030980.3	same	43
atalt/f:t-1m+2	improve	clang	dL	1030363.3	same	43
atalt/f:t-1m+2	improve	clang	a	1029158.1	same	43
atalt/f:t-1m+2	improve	clang	ai	1030332.6	same	43
atalt/f:t-1m+2	improve	clang	f1	1045060.4	same	43
atalt/f:t-1m+2	improve	clang	f2	1035383.5	same	43
