sources	n_rows	enc	ci	features	engine	sel	why	b_utf8_engine	b_rewrite_engine	b_rewrite_why	pattern
corpus	2	byte			dfa	selected					tests/captures/basic.rxt:24 (a)(b)(c)
corpus	3	byte			dfa	selected					tests/captures/basic.rxt:31 (foo)?bar
corpus	3	byte			dfa	selected					tests/captures/basic.rxt:39 a(b|c)+d
corpus	1	byte		d	dfa	selected					tests/captures/basic.rxt:43 (\d+)-(\d+)
corpus	3	byte			dfa	selected					tests/captures/basic.rxt:49 ((a)(b))c
corpus	4	byte			dfa	selected					tests/captures/basic.rxt:55 (a)|(b)
corpus	3	byte			dfa	selected					tests/captures/basic.rxt:65 (a)*b
corpus	2	byte			dfa	selected					tests/captures/basic.rxt:73 (x)(y)?(z)
corpus	1	byte			dfa	selected					tests/captures/basic.rxt:86 (ab|a)(c|bcd)(d*)
corpus	2	byte			dfa	selected					tests/captures/basic.rxt:93 (a+)(b+)
corpus	1	byte			dfa	selected					tests/captures/classes_trie_bounded.rxt:48 ([a-z]+)
corpus	1	byte			dfa	selected					tests/captures/classes_trie_bounded.rxt:55 ([^0-9]+)
corpus	1	byte			dfa	selected					tests/captures/classes_trie_bounded.rxt:61 (a[bc]d)
corpus	1	byte		s w	dfa	selected					tests/captures/classes_trie_bounded.rxt:68 (\w+)\s(\w+)
corpus	1	byte	i		dfa	selected					tests/captures/classes_trie_bounded.rxt:76 ([a-z]+)
corpus	1	byte			dfa	selected					tests/captures/classes_trie_bounded.rxt:86 (cat|car|carpet|dog|do)
corpus	1	byte			dfa	selected					tests/captures/classes_trie_bounded.rxt:102 (dog|cat|bird|fish)
corpus	1	byte			dfa	selected					tests/captures/classes_trie_bounded.rxt:112 ((a)|b){0,64}c
corpus	1	byte			dfa	selected					tests/captures/participation_and_zerowidth.rxt:35 (a(b)?)
corpus	1	byte			dfa	selected					tests/captures/participation_and_zerowidth.rxt:42 (a(b))?x
corpus	1	byte			dfa	selected					tests/captures/participation_and_zerowidth.rxt:53 (a)|(b)|(c)
corpus	1	byte			dfa	selected					tests/captures/participation_and_zerowidth.rxt:66 (a(b)*c)?d
corpus	1	byte			dfa	selected					tests/captures/participation_and_zerowidth.rxt:81 (a)|b
corpus	1	byte			dfa	selected					tests/captures/participation_and_zerowidth.rxt:87 ((a)|(b))*
corpus	1	byte			dfa	selected					tests/captures/participation_and_zerowidth.rxt:100 (a*)
corpus	1	byte			dfa	selected					tests/captures/participation_and_zerowidth.rxt:106 b(a*)b
corpus	1	byte			dfa	selected					tests/captures/participation_and_zerowidth.rxt:112 (a*)$
corpus	1	byte			dfa	selected					tests/captures/participation_and_zerowidth.rxt:118 ^(a*)
corpus	1	byte			dfa	selected					tests/captures/participation_and_zerowidth.rxt:124 (a?)(b?)
corpus	1	byte			dfa	selected					tests/captures/participation_and_zerowidth.rxt:139 (x?)(y?)(z?)
corpus	1	byte			dfa	selected					tests/captures/participation_and_zerowidth.rxt:147 a(x?)b
corpus	1	byte			dfa	selected					tests/captures/priority_and_iteration.rxt:6 (a|ab)
corpus	1	byte			dfa	selected					tests/captures/priority_and_iteration.rxt:12 (ab|a)
corpus	2	byte			dfa	selected					tests/captures/priority_and_iteration.rxt:18 (a|ab)(c|bcd)
corpus	1	byte			dfa	selected					tests/captures/priority_and_iteration.rxt:25 (a|ab)(c|bcd)(d*)
corpus	1	byte			dfa	selected					tests/captures/priority_and_iteration.rxt:33 (x|xy)(y|z)
corpus	1	byte			dfa	selected					tests/captures/priority_and_iteration.rxt:40 ^(a|ab)$
corpus	1	byte			dfa	selected					tests/captures/priority_and_iteration.rxt:49 (a+|a)
corpus	1	byte			dfa	selected					tests/captures/priority_and_iteration.rxt:55 (a|a+)
corpus	1	byte			dfa	selected					tests/captures/priority_and_iteration.rxt:61 (ab|a)(b|)
corpus	1	byte			dfa	selected					tests/captures/priority_and_iteration.rxt:68 ((a|b)|c)
corpus	1	byte			dfa	selected					tests/captures/priority_and_iteration.rxt:79 (a)?a
corpus	1	byte			dfa	selected					tests/captures/priority_and_iteration.rxt:85 (a*)a
corpus	2	byte			dfa	selected					tests/captures/priority_and_iteration.rxt:91 (a)+
corpus	3	byte			dfa	selected					tests/captures/priority_and_iteration.rxt:97 (ab)+
corpus	1	byte			dfa	selected					tests/captures/priority_and_iteration.rxt:103 (a|b)+
corpus	1	byte			dfa	selected					tests/captures/priority_and_iteration.rxt:109 (a?)*
corpus	1	byte			dfa	selected					tests/captures/priority_and_iteration.rxt:115 (a*)*
corpus	1	byte			dfa	selected					tests/captures/priority_and_iteration.rxt:121 (a*)+
corpus	1	byte			dfa	selected					tests/captures/priority_and_iteration.rxt:127 (a){0,3}
corpus	1	byte			dfa	selected					tests/captures/priority_and_iteration.rxt:133 (a){2,4}
corpus	1	byte			dfa	selected					tests/captures/priority_and_iteration.rxt:139 (a){2,4}?
corpus	1	byte			dfa	selected					tests/captures/priority_and_iteration.rxt:145 (ab){1,3}
corpus	1	byte			dfa	selected					tests/captures/priority_and_iteration.rxt:151 (a|bb)+
corpus	1	byte			dfa	selected					tests/captures/priority_and_iteration.rxt:157 ((a)+)+
corpus	2	byte			dfa	selected					tests/captures/priority_and_iteration.rxt:164 (a+)(a+)
corpus	1	byte			dfa	selected					tests/captures/priority_and_iteration.rxt:171 (a){3}
corpus	1	byte			dfa	selected					tests/captures/priority_and_iteration.rxt:177 (a){0}
corpus	1	byte			dfa	selected					tests/captures/priority_and_iteration.rxt:183 (a+)
corpus	1	byte			dfa	selected					tests/captures/priority_and_iteration.rxt:189 (a+?)
corpus	1	byte			dfa	selected					tests/captures/priority_and_iteration.rxt:195 (a+?)b
corpus	1	byte			dfa	selected					tests/captures/priority_and_iteration.rxt:201 (^a|b)+
corpus	1	byte			dfa	selected					tests/captures/structure_anchors_misc.rxt:7 (a+)$
corpus	1	byte		d	dfa	selected					tests/captures/structure_anchors_misc.rxt:13 (\d+)
corpus	1	byte			dfa	selected					tests/captures/structure_anchors_misc.rxt:20 (a)(b)
corpus	1	byte			dfa	selected					tests/captures/structure_anchors_misc.rxt:27 ^(a)
corpus	1	byte			dfa	selected					tests/captures/structure_anchors_misc.rxt:33 (ab)
corpus	1	byte			dfa	selected					tests/captures/structure_anchors_misc.rxt:54 (((a)))
corpus	1	byte			dfa	selected					tests/captures/structure_anchors_misc.rxt:62 ((a)(b)(c))
corpus	1	byte			dfa	selected					tests/captures/structure_anchors_misc.rxt:71 (a)(bb)(ccc)
corpus	1	byte			dfa	selected					tests/captures/structure_anchors_misc.rxt:79 ((a)(b))+
corpus	1	byte			dfa	selected					tests/captures/structure_anchors_misc.rxt:87 (a(b|c)(d|e))
corpus	1	byte			dfa	selected					tests/captures/structure_anchors_misc.rxt:95 (a(b(c)d)e)
corpus	1	byte			dfa	selected					tests/captures/structure_anchors_misc.rxt:103 (a)(a)(a)
corpus	1	byte			dfa	selected					tests/captures/structure_anchors_misc.rxt:111 (a)(aa)
corpus	1	byte			dfa	selected					tests/captures/structure_anchors_misc.rxt:118 (aa)(a)
corpus	1	byte			dfa	selected					tests/captures/structure_anchors_misc.rxt:125 (aaa)
corpus	1	byte			dfa	selected					tests/captures/structure_anchors_misc.rxt:131 ((a)(a))(a)
corpus	1	byte			dfa	selected					tests/captures/structure_anchors_misc.rxt:140 (abc)+
corpus	1	byte			dfa	selected					tests/captures/structure_anchors_misc.rxt:146 (abc)(abc)
corpus	1	byte			dfa	selected					tests/captures/structure_anchors_misc.rxt:153 (?:x)(a)(?:y)(b)
corpus	1	byte			dfa	selected					tests/captures/structure_anchors_misc.rxt:160 (a)(?:b)(c)
corpus	1	byte		d	dfa	selected					tests/captures/structure_anchors_misc.rxt:167 (\d{2,4})-(\d{2,4})
corpus	1	byte	i		dfa	selected					tests/captures/structure_anchors_misc.rxt:175 (ABC)
corpus	1	byte	i		dfa	selected					tests/captures/structure_anchors_misc.rxt:182 (a|B)+
corpus	5	byte			vm	selected	${name} at pattern offset 1				tests/vars/basic.rxt:14 ^${prefix}-[0-9]+$
corpus	1	byte			vm	selected	${name} at pattern offset 2				tests/vars/basic.rxt:36 ^a${v}b$
corpus	1	byte			vm	selected	${name} at pattern offset 1				tests/vars/basic.rxt:46 ^${v}-${v}$
corpus	1	byte			vm	declined-nullable-default	${name} at pattern offset 1				tests/vars/basic.rxt:54 ^${v}{2}$
corpus	1	byte			vm	declined-nullable-default	${name} at pattern offset 2				tests/vars/basic.rxt:62 ^(${a}|${b})$
corpus	1	byte			REFUSED		pcrec: variable-length lookbehind is not implemented: every alternative of a lookbehind must have a fixed length (this one is unbounded) (pattern offset 0)				tests/vars/basic.rxt:79 (?<=${v})x
corpus	1	byte			vm	selected	(\?=...) at pattern offset 5				tests/vars/basic.rxt:84 ^a(?=${v})bc$
corpus	1	byte			vm	selected	${name} at pattern offset 1				tests/vars/basic.rxt:93 ^${prefix}x$
corpus	3	byte			vm	declined-nullable-default	${name} at pattern offset 1				tests/vars/basic.rxt:100 ^${v}$
corpus	3	byte		i	vm	declined-nullable-default	${name} at pattern offset 5				tests/vars/caseless.rxt:22 ^(?i)${v}$
corpus	4	utf8		i	vm	declined-nullable-default	${name} at pattern offset 5				tests/vars/caseless.rxt:59 ^(?i)${v}$
corpus	3	utf8			vm	declined-nullable-default	${name} at pattern offset 1				tests/vars/caseless.rxt:108 ^${v}$
corpus	1	utf8		nonascii	vm	declined-nullable-default	${name} at pattern offset 1				tests/vars/caseless.rxt:152 ^${v:-\xff}$
corpus	3	byte			vm	declined-nullable-default	${name} at pattern offset 1				tests/vars/unset.rxt:49 ^${v:-dev}$
corpus	1	byte			vm	selected	${name} at pattern offset 1				tests/vars/unset.rxt:69 ^${v:-}-x$
corpus	3	byte			vm	declined-nullable-default	${name} at pattern offset 1				tests/vars/unset.rxt:78 ^${v-dev}$
corpus	3	byte			vm	selected	${name} at pattern offset 2				tests/vars/unset.rxt:106 ^a${v:+yes}b$
corpus	3	byte			vm	selected	${name} at pattern offset 2				tests/vars/unset.rxt:128 ^a${v+yes}b$
corpus	3	byte			vm	declined-nullable-default	${name} at pattern offset 1				tests/vars/unset.rxt:155 ^${v:?}$
corpus	3	byte			vm	declined-nullable-default	${name} at pattern offset 1				tests/vars/unset.rxt:176 ^${a:-${b}}$
corpus	2	byte		i	vm	selected	\\1 at pattern offset 8				tests/backrefs/caseless.rxt:29 ^(a)(?i:\1)$
corpus	2	byte		i	vm	selected	\\1 at pattern offset 9				tests/backrefs/caseless.rxt:38 ^(?i:(a))\1$
corpus	2	byte		i	vm	selected	\\1 at pattern offset 8				tests/backrefs/caseless.rxt:50 ^((?i)a)\1$
corpus	2	byte		i	vm	selected	\\1 at pattern offset 13				tests/backrefs/caseless.rxt:60 ^(?i)(a)(?-i)\1$
corpus	2	byte	i		vm	selected	\\1 at pattern offset 7				tests/backrefs/caseless.rxt:71 ^(\xdf)\1$
corpus	1	byte	i		vm	selected	\\1 at pattern offset 5				tests/backrefs/caseless.rxt:77 ^(ss)\1$
corpus	2	byte	i		vm	selected	\\1 at pattern offset 4				tests/backrefs/caseless.rxt:83 ^(a)\1$
corpus	1	byte	i	w	vm	selected	\\1 at pattern offset 6				tests/backrefs/caseless.rxt:95 ^(\w+)\1$
corpus	1	byte	i		vm	selected	\\1 at pattern offset 7				tests/backrefs/caseless.rxt:102 ^(\xb5)\1$
corpus	1	byte	i		vm	selected	\\1 at pattern offset 7				tests/backrefs/caseless.rxt:107 ^(\xff)\1$
corpus	1	byte			dfa	selected					tests/backrefs/dupnames.rxt:30 ^(?J)(?<a>x)(?<a>y)$
corpus	1	byte			dfa	selected					tests/backrefs/dupnames.rxt:39 ^(?<a>x)(?J)(?<a>y)$
corpus	1	byte			dfa	selected					tests/backrefs/dupnames.rxt:47 ^(?J:(?<a>x)(?<a>y))$
corpus	1	byte			REFUSED		pcrec: two named subpatterns have the same name (write (?J) before this declaration to allow duplicates) (pattern offset 16)				tests/backrefs/dupnames.rxt:55 ^(?J:(?<a>x))(?<a>y)$
corpus	1	byte			REFUSED		pcrec: two named subpatterns have the same name (write (?J) before this declaration to allow duplicates) (pattern offset 11)				tests/backrefs/dupnames.rxt:61 ^(?<a>x)(?<a>y)(?J)$
corpus	1	byte			REFUSED		pcrec: two named subpatterns have the same name (write (?J) before this declaration to allow duplicates) (pattern offset 20)				tests/backrefs/dupnames.rxt:67 ^(?J)(?<a>x)(?-J)(?<a>y)$
corpus	1	byte			dfa	selected					tests/backrefs/dupnames.rxt:74 ^(?J)(?<a>x)(?:(?-J)q)(?<a>y)$
corpus	1	byte			dfa	selected					tests/backrefs/dupnames.rxt:83 ^(?J)(?<a>x)(?^)(?<a>y)$
corpus	1	byte			dfa	selected					tests/backrefs/dupnames.rxt:92 ^(?<a>x)(?<A>y)$
corpus	1	byte			REFUSED		pcrec: two named subpatterns have the same name (write (?J) before this declaration to allow duplicates) (pattern offset 11)				tests/backrefs/dupnames.rxt:100 ^(?<a>x)(?<a>y)$
corpus	2	byte			vm	selected	\\k<name> at pattern offset 24				tests/backrefs/dupnames.rxt:111 (?J)^(?:(?<a>x)|(?<a>y))\k<a>$
corpus	3	byte			vm	selected	\\k<name> at pattern offset 19				tests/backrefs/dupnames.rxt:125 (?J)^(?<a>x)(?<a>y)\k<a>$
corpus	1	byte			vm	selected	\\k<name> at pattern offset 32				tests/backrefs/dupnames.rxt:135 (?J)^(?:(?<a>p)|(?<a>q)|(?<a>r))\k<a>$
corpus	1	byte			vm	selected	\\k<name> at pattern offset 26				tests/backrefs/dupnames.rxt:154 (?J)^(?:(?<a>x)|(?<a>y)|z)\k<a>$
corpus	2	byte			vm	selected	\\k<name> at pattern offset 20				tests/backrefs/dupnames.rxt:162 (?J)^(?<a>x?)(?<a>y)\k<a>$
corpus	1	byte			vm	selected	\\2 at pattern offset 24				tests/backrefs/dupnames.rxt:172 (?J)^(?:(?<a>x)|(?<a>y))\2$
corpus	1	byte			vm	selected	\\1 at pattern offset 24				tests/backrefs/dupnames.rxt:181 (?J)^(?:(?<a>x)|(?<a>y))\1$
corpus	1	byte			vm	selected	\\k<name> at pattern offset 24				tests/backrefs/dupnames.rxt:194 (?J)^(?:(?<a>x)|(?<a>y))\k'a'$
corpus	1	byte			vm	selected	\\k<name> at pattern offset 24				tests/backrefs/dupnames.rxt:202 (?J)^(?:(?<a>x)|(?<a>y))\k{a}$
corpus	1	byte			vm	selected	(\?P=n) at pattern offset 24				tests/backrefs/dupnames.rxt:210 (?J)^(?:(?<a>x)|(?<a>y))(?P=a)$
corpus	1	byte			vm	selected	\\g{-1} at pattern offset 24				tests/backrefs/dupnames.rxt:218 (?J)^(?:(?<a>x)|(?<a>y))\g{a}$
corpus	2	byte			vm	selected	\\k<name> at pattern offset 28				tests/backrefs/dupnames.rxt:231 (?J)^(?:(?<a>q))?(?:(?<a>a|b\k<a>))+$
corpus	1	byte			vm	selected	\\k<name> at pattern offset 16				tests/backrefs/dupnames.rxt:243 (?J)^(?:(?<a>a|b\k<a>))+$
corpus	1	byte			vm	selected	\\k<name> at pattern offset 23				tests/backrefs/dupnames.rxt:253 (?J)^(?<a>x)(?:(?<a>a|b\k<a>))+$
corpus	2	byte			vm	selected	\\1 at pattern offset 4				tests/backrefs/gated.rxt:29 ^(a)\1$
corpus	2	byte			vm	selected	\\g{-1} at pattern offset 4				tests/backrefs/gated.rxt:37 ^(a)\g{-1}$
corpus	2	byte			vm	selected	\\k<name> at pattern offset 8				tests/backrefs/gated.rxt:45 ^(?<n>a)\k<n>$
corpus	2	byte			vm	selected	(\?P=n) at pattern offset 8				tests/backrefs/gated.rxt:52 ^(?<n>a)(?P=n)$
corpus	1	byte			vm	selected	\\k<name> at pattern offset 19				tests/backrefs/gated.rxt:60 ^(?J)(?<a>x)(?<a>y)\k<a>$
corpus	4	byte			dfa	selected					tests/backrefs/gated.rxt:71 ^[\1]$
corpus	2	byte			vm	selected	\\1 at pattern offset 9				tests/backrefs/nested.rxt:29 ^(?:(a|b)\1)+$
corpus	1	byte			vm	selected	\\2 at pattern offset 11				tests/backrefs/nested.rxt:39 ^((a)|(b))+\2$
corpus	1	byte			vm	selected	\\1 at pattern offset 10				tests/backrefs/nested.rxt:47 ^(?:(a)(b)\2\1)+$
corpus	2	byte			vm	selected	\\1 at pattern offset 12				tests/backrefs/nested.rxt:62 (?:(a|bb)x)+\1
corpus	1	byte			vm	selected	\\1 at pattern offset 12				tests/backrefs/nested.rxt:70 (?:(a|bb)x)+\1y
corpus	1	byte			vm	selected	\\2 at pattern offset 8				tests/backrefs/nested.rxt:81 ^(a)((b)\1)\2$
corpus	1	byte			vm	selected	\\2 at pattern offset 10				tests/backrefs/nested.rxt:86 ^(?:(a(b))\2)+$
corpus	2	byte			vm	selected	\\1 at pattern offset 5				tests/backrefs/numeric.rxt:29 ^(a)?\1$
corpus	1	byte			vm	selected	\\1 at pattern offset 10				tests/backrefs/numeric.rxt:36 ^(?:(a)|b)\1$
corpus	1	byte			vm	selected	\\1 at pattern offset 14				tests/backrefs/numeric.rxt:43 ^(?:(a)x|(b)y)\1$
corpus	1	byte			vm	selected	\\2 at pattern offset 14				tests/backrefs/numeric.rxt:51 ^(?:(a)x|(b)y)\2$
corpus	2	byte			vm	selected	\\1 at pattern offset 6				tests/backrefs/numeric.rxt:63 ^(x?)y\1z$
corpus	1	byte			vm	selected	\\1 at pattern offset 5				tests/backrefs/numeric.rxt:71 ^(a*)\1$
corpus	1	byte			vm	selected	\\1 at pattern offset 5				tests/backrefs/numeric.rxt:80 ^(a?)\1{3}$
corpus	1	byte			vm	selected	\\1 at pattern offset 4				tests/backrefs/numeric.rxt:92 ^(a)\1*$
corpus	1	byte		w	vm	selected	\\1 at pattern offset 5				tests/backrefs/numeric.rxt:100 ^(\w)\1+$
corpus	2	byte		w	vm	selected	\\1 at pattern offset 4				tests/backrefs/numeric.rxt:107 (\w)\1+
corpus	1	byte			vm	selected	\\1 at pattern offset 5				tests/backrefs/numeric.rxt:114 ^(a*)\1*$
corpus	1	byte			vm	selected	\\1 at pattern offset 5				tests/backrefs/numeric.rxt:128 ^(a?)\1*b$
corpus	1	byte			vm	selected	\\1 at pattern offset 5				tests/backrefs/numeric.rxt:138 ^(a?)\1{2,}$
corpus	1	byte			vm	selected	\\1 at pattern offset 3				tests/backrefs/numeric.rxt:145 ^()\1+$
corpus	4	byte			vm	selected	\\1 at pattern offset 3				tests/backrefs/numeric.rxt:155 (a)\1
corpus	1	byte		w	vm	selected	\\1 at pattern offset 4				tests/backrefs/numeric.rxt:164 (\w)\1
corpus	1	byte			vm	selected	\\1 at pattern offset 31				tests/backrefs/numeric.rxt:182 ^(a)(b)(c)(d)(e)(f)(g)(h)(i)(j)\10$
corpus	1	byte			dfa	selected					tests/backrefs/octal.rxt:28 ^\0$
corpus	1	byte			dfa	selected					tests/backrefs/octal.rxt:33 ^\012$
corpus	1	byte			dfa	selected					tests/backrefs/octal.rxt:39 ^\0377$
corpus	1	byte			dfa	selected					tests/backrefs/octal.rxt:45 ^(a)\0$
corpus	1	byte			vm	selected	\\1 at pattern offset 1				tests/backrefs/octal.rxt:58 ^\1(a)$
corpus	1	byte			REFUSED		pcrec: \8 refers to capture group 8, but this pattern has 0 (pattern offset 1)				tests/backrefs/octal.rxt:71 ^\8$
corpus	1	byte			REFUSED		pcrec: \9 refers to capture group 9, but this pattern has 0 (pattern offset 1)				tests/backrefs/octal.rxt:76 ^\9$
corpus	1	byte			vm	selected	\\8 at pattern offset 25				tests/backrefs/octal.rxt:81 ^(a)(b)(c)(d)(e)(f)(g)(h)\8$
corpus	1	byte			dfa	selected					tests/backrefs/octal.rxt:101 ^(a)\10$
corpus	1	byte			dfa	selected					tests/backrefs/octal.rxt:110 ^\10(a)(b)(c)(d)(e)(f)(g)(h)(i)(j)$
corpus	1	byte			dfa	selected					tests/backrefs/octal.rxt:128 ^(a)\18$
corpus	1	byte			dfa	selected					tests/backrefs/octal.rxt:136 ^\12(a)(b)(c)(d)(e)(f)(g)(h)(i)(j)(k)(l)$
corpus	1	byte			dfa	selected					tests/backrefs/octal.rxt:141 ^\1234$
corpus	1	byte			REFUSED		pcrec: \81 refers to capture group 81, but this pattern has 0 (pattern offset 1)				tests/backrefs/octal.rxt:151 ^\81$
corpus	1	byte			REFUSED		pcrec: \89 refers to capture group 89, but this pattern has 0 (pattern offset 1)				tests/backrefs/octal.rxt:156 ^\89$
corpus	1	byte			REFUSED		pcrec: \91 refers to capture group 91, but this pattern has 0 (pattern offset 1)				tests/backrefs/octal.rxt:161 ^\91$
corpus	1	byte			REFUSED		pcrec: octal value is greater than \377 in 8-bit non-UTF-8 mode (pattern offset 5)				tests/backrefs/octal.rxt:171 ^\400$
corpus	1	byte			dfa	selected					tests/backrefs/octal.rxt:175 ^\377$
corpus	1	byte			REFUSED		pcrec: \g10 refers to capture group 10, but this pattern has 0 (pattern offset 1)				tests/backrefs/octal.rxt:186 ^\g10$
corpus	1	byte			REFUSED		pcrec: \g{10} refers to capture group 10, but this pattern has 0 (pattern offset 1)				tests/backrefs/octal.rxt:191 ^\g{10}$
corpus	1	byte			dfa	selected					tests/backrefs/octal_class.rxt:34 ^[\10]$
corpus	1	byte			dfa	selected					tests/backrefs/octal_class.rxt:42 ^[\8]$
corpus	1	byte			dfa	selected					tests/backrefs/octal_class.rxt:49 ^[\9]$
corpus	1	byte			dfa	selected					tests/backrefs/octal_class.rxt:56 ^[\k]$
corpus	1	byte			dfa	selected					tests/backrefs/octal_class.rxt:62 ^[\g]$
corpus	1	byte			dfa	selected					tests/backrefs/octal_class.rxt:69 ^[\g<]$
corpus	1	byte			dfa	selected					tests/backrefs/octal_class.rxt:77 ^[\g']$
corpus	1	byte			dfa	selected					tests/backrefs/octal_class.rxt:85 ^[\g<1>]$
corpus	1	byte			dfa	selected					tests/backrefs/octal_class.rxt:93 ^[\377]$
corpus	1	byte			REFUSED		pcrec: octal value is greater than \377 in 8-bit non-UTF-8 mode (pattern offset 6)				tests/backrefs/octal_class.rxt:98 ^[\400]$
corpus	1	byte			dfa	selected					tests/backrefs/octal_class.rxt:102 ^[\0]$
corpus	1	byte			dfa	selected					tests/backrefs/octal_class.rxt:106 ^[\1-\7]$
corpus	1	byte			dfa	selected					tests/backrefs/octal_class.rxt:113 ^(a)[\1]$
corpus	2	byte			vm	selected	\\1 at pattern offset 2				tests/backrefs/selfref.rxt:31 (a\1)
corpus	2	byte			vm	selected	\\1 at pattern offset 2				tests/backrefs/selfref.rxt:38 ^(\1a)$
corpus	2	byte			vm	selected	\\1 at pattern offset 4				tests/backrefs/selfref.rxt:44 ^(?:\1(a))+$
corpus	2	byte			vm	selected	\\1 at pattern offset 4				tests/backrefs/selfref.rxt:55 (a|b\1)+
corpus	2	byte			vm	selected	\\1 at pattern offset 8				tests/backrefs/selfref.rxt:67 ^(?:(a|b\1)y)+
corpus	1	byte			vm	selected	\\1 at pattern offset 8				tests/backrefs/selfref.rxt:78 ^(?:(a|b\1))+$
corpus	1	byte			vm	selected	\\1 at pattern offset 8				tests/backrefs/selfref.rxt:87 ^(?:(a|b\1)c)+$
corpus	2	byte			vm	selected	\\2 at pattern offset 0				tests/backrefs/selfref.rxt:100 \2(a)(b)
corpus	2	byte			vm	selected	\\2 at pattern offset 1				tests/backrefs/selfref.rxt:107 (\2(a)|b)+
corpus	1	byte			vm	selected	\\1 at pattern offset 12				tests/backrefs/selfref.rxt:128 ^(?:(a|b)x)++\1$
corpus	1	byte			vm	selected	\\1 at pattern offset 7				tests/backrefs/selfref.rxt:134 ^(a|b)++\1$
corpus	1	byte			vm	selected	\\g{-1} at pattern offset 4				tests/backrefs/spellings.rxt:30 ^(a)\g1$
corpus	2	byte			vm	selected	\\g{-1} at pattern offset 7				tests/backrefs/spellings.rxt:38 ^(a)(b)\g2$
corpus	1	byte			vm	selected	\\g{-1} at pattern offset 4				tests/backrefs/spellings.rxt:47 ^(a)\g{1}$
corpus	2	byte			vm	selected	\\g{-1} at pattern offset 7				tests/backrefs/spellings.rxt:64 ^(a)(b)\g{-1}$
corpus	2	byte			vm	selected	\\g{-1} at pattern offset 7				tests/backrefs/spellings.rxt:73 ^(a)(b)\g{-2}$
corpus	1	byte			vm	selected	\\g{-1} at pattern offset 1				tests/backrefs/spellings.rxt:83 ^\g{+1}(a)$
corpus	1	byte			vm	selected	\\g{-1} at pattern offset 4				tests/backrefs/spellings.rxt:90 ^(a)\g-1$
corpus	1	byte			vm	selected	\\g{-1} at pattern offset 4				tests/backrefs/spellings.rxt:99 ^(a)\g+1(b)$
corpus	1	byte			vm	selected	\\g{-1} at pattern offset 4				tests/backrefs/spellings.rxt:107 ^(a)\g{ 1 }$
corpus	1	byte			vm	selected	\\g{-1} at pattern offset 4				tests/backrefs/spellings.rxt:115 ^(a)\g{01}$
corpus	1	byte			REFUSED		pcrec: \g{0} counts back past the first capture group; this pattern has 1 (pattern offset 4)				tests/backrefs/spellings.rxt:126 ^(a)\g{0}$
corpus	1	byte			REFUSED		pcrec: \g0 counts back past the first capture group; this pattern has 1 (pattern offset 4)				tests/backrefs/spellings.rxt:131 ^(a)\g0$
corpus	1	byte			REFUSED		pcrec: a relative reference of zero is not allowed (pattern offset 4)				tests/backrefs/spellings.rxt:136 ^(a)\g{-0}$
corpus	1	byte			REFUSED		pcrec: \g{-2} counts back past the first capture group; this pattern has 1 (pattern offset 4)				tests/backrefs/spellings.rxt:141 ^(a)\g{-2}x$
corpus	1	byte			REFUSED		pcrec: \g must be followed by a number, a relative offset, or a braced name or number (pattern offset 4)				tests/backrefs/spellings.rxt:146 ^(a)\g$
corpus	1	byte			REFUSED		pcrec: \g{} takes a number, a relative offset, or a subpattern name, not a mixture (pattern offset 4)				tests/backrefs/spellings.rxt:151 ^(a)\g{1x}$
corpus	1	byte			REFUSED		pcrec: subpattern name or number expected after \g{ (pattern offset 4)				tests/backrefs/spellings.rxt:156 ^(a)\g{}$
corpus	1	byte			vm	selected	\\k<name> at pattern offset 8				tests/backrefs/spellings.rxt:174 ^(?<n>a)\k'n'$
corpus	1	byte			vm	selected	\\k<name> at pattern offset 8				tests/backrefs/spellings.rxt:182 ^(?<n>a)\k{n}$
corpus	1	byte			vm	selected	\\k<name> at pattern offset 8				tests/backrefs/spellings.rxt:190 ^(?<n>a)\k{ n }$
corpus	1	byte			vm	selected	\\k<name> at pattern offset 10				tests/backrefs/spellings.rxt:197 ^(?<a_1>x)\k<a_1>$
corpus	1	byte			REFUSED		pcrec: subpattern name must start with a non-digit (a backreference BY NUMBER is spelled \N or \g{N}) (pattern offset 4)				tests/backrefs/spellings.rxt:207 ^(a)\k<1>$
corpus	1	byte			REFUSED		pcrec: subpattern name must start with a non-digit (a backreference BY NUMBER is spelled \N or \g{N}) (pattern offset 4)				tests/backrefs/spellings.rxt:212 ^(a)\k{1}$
corpus	1	byte			REFUSED		pcrec: \k must be followed by a name in <>, '' or {} (pattern offset 8)				tests/backrefs/spellings.rxt:217 ^(?<n>a)\kn$
corpus	1	byte			REFUSED		pcrec: missing closing > after \k< (pattern offset 8)				tests/backrefs/spellings.rxt:222 ^(?<n>a)\k<n$
corpus	1	byte			REFUSED		pcrec: subpattern name expected after \k<> (pattern offset 8)				tests/backrefs/spellings.rxt:227 ^(?<n>a)\k<>$
corpus	1	byte			REFUSED		pcrec: \k<q> refers to a capture group named 'q', which this pattern does not declare (pattern offset 4)				tests/backrefs/spellings.rxt:233 ^(a)\k<q>$
corpus	1	byte			vm	selected	(\?P=n) at pattern offset 9				tests/backrefs/spellings.rxt:241 ^(?P<n>a)(?P=n)$
corpus	1	byte			REFUSED		pcrec: subpattern name must start with a non-digit (a backreference BY NUMBER is spelled \N or \g{N}) (pattern offset 4)				tests/backrefs/spellings.rxt:257 ^(a)(?P=1)$
corpus	1	byte			REFUSED		pcrec: (?P=q) refers to a capture group named 'q', which this pattern does not declare (pattern offset 8)				tests/backrefs/spellings.rxt:262 ^(?<n>a)(?P=q)$
corpus	1	byte			REFUSED		pcrec: subpattern name expected after (?P=) (pattern offset 8)				tests/backrefs/spellings.rxt:267 ^(?<n>a)(?P=)$
corpus	2	byte			dfa	selected					tests/backrefs/spellings.rxt:277 ^(a|b)\g<1>$
corpus	2	byte			dfa	selected					tests/backrefs/spellings.rxt:282 ^(a|b)\g'1'$
corpus	1	byte	i		vm	selected	\\1 at pattern offset 7				tests/backrefs/d27/caseless.rxt:72 ^(\xc0)\1$
corpus	1	byte			vm	selected	\\k<name> at pattern offset 26				tests/backrefs/d27/dupnames.rxt:70 (?J)^(?<a>x)(?<a>y)(?<a>z)\k<a>$
corpus	1	byte			vm	selected	\\1 at pattern offset 19				tests/backrefs/d27/dupnames.rxt:125 (?J)^(?<a>x)(?<a>y)\1$
corpus	1	byte			vm	selected	\\2 at pattern offset 19				tests/backrefs/d27/dupnames.rxt:133 (?J)^(?<a>x)(?<a>y)\2$
corpus	1	byte			vm	selected	\\k<name> at pattern offset 19				tests/backrefs/d27/dupnames.rxt:143 (?J)^(?<a>x)(?<a>y)\k'a'$
corpus	1	byte			vm	selected	\\k<name> at pattern offset 19				tests/backrefs/d27/dupnames.rxt:149 (?J)^(?<a>x)(?<a>y)\k{a}$
corpus	1	byte			vm	selected	(\?P=n) at pattern offset 19				tests/backrefs/d27/dupnames.rxt:158 (?J)^(?<a>x)(?<a>y)(?P=a)$
corpus	1	byte			vm	selected	\\g{-1} at pattern offset 19				tests/backrefs/d27/dupnames.rxt:164 (?J)^(?<a>x)(?<a>y)\g{a}$
corpus	1	byte			dfa	selected					tests/backrefs/d27/dupnames.rxt:175 (?<a>x)(?J)(?<a>y)
corpus	1	byte			REFUSED		pcrec: two named subpatterns have the same name (write (?J) before this declaration to allow duplicates) (pattern offset 15)				tests/backrefs/d27/dupnames.rxt:182 (?J:(?<a>x))(?<a>y)
corpus	1	byte			REFUSED		pcrec: two named subpatterns have the same name (write (?J) before this declaration to allow duplicates) (pattern offset 26)				tests/backrefs/d27/dupnames.rxt:189 (?J)(?<a>x)(?<a>y)(?-J)(?<a>z)
corpus	2	byte			REFUSED		pcrec: \8 refers to capture group 8, but this pattern has 0 (pattern offset 0)				tests/backrefs/d27/gating.rxt:53 \8
corpus	4	byte			dfa	selected					tests/backrefs/d27/gating.rxt:58 (a|b)\g<1>
corpus	3	byte			vm	selected	\\k<name> at pattern offset 7				tests/backrefs/d27/gating.rxt:76 (?<n>a)\k<n>
corpus	2	byte			vm	selected	(\?P=n) at pattern offset 8				tests/backrefs/d27/gating.rxt:89 (?P<n>a)(?P=n)
corpus	1	byte			dfa	selected					tests/backrefs/d27/gating.rxt:103 (?J)a
corpus	1	byte			dfa	selected					tests/backrefs/d27/gating.rxt:130 (?J)(?<a>x)(?<a>y)
corpus	1	byte			vm	selected	\\1 at pattern offset 4				tests/backrefs/d27/interactions.rxt:24 ^(a*+)b\1a$
corpus	1	byte			vm	selected	\\1 at pattern offset 4				tests/backrefs/d27/interactions.rxt:33 ^(a++)b\1a$
corpus	1	byte			vm	selected	\\1 at pattern offset 1				tests/backrefs/d27/interactions.rxt:42 ^(?>(a+))b\1a$
corpus	1	byte		B	vm	selected	\\1 at pattern offset 5	vm	vm	\\1 at pattern offset 6	tests/backrefs/d27/interactions.rxt:55 (a)\B\1
corpus	1	byte		b	vm	selected	\\1 at pattern offset 6	vm	vm	\\1 at pattern offset 7	tests/backrefs/d27/interactions.rxt:65 ^(a)\b\1$
corpus	1	byte		b	vm	selected	\\1 at pattern offset 4	vm	vm	(\?=...) at pattern offset 4	tests/backrefs/d27/interactions.rxt:74 ^(a)\1\b$
corpus	1	byte			vm	selected	\\1 at pattern offset 3				tests/backrefs/d27/numeric.rxt:73 (a)\1*
corpus	1	byte			vm	selected	\\1 at pattern offset 0				tests/backrefs/d27/octal.rxt:28 \1(a)
corpus	1	byte			dfa	selected					tests/backrefs/d27/octal.rxt:37 \10(a)(b)(c)(d)(e)(f)(g)(h)(i)(j)
corpus	1	byte			vm	selected	\\1 at pattern offset 30				tests/backrefs/d27/octal.rxt:44 (a)(b)(c)(d)(e)(f)(g)(h)(i)(j)\10
corpus	1	byte			dfa	selected					tests/backrefs/d27/octal.rxt:53 (a)\10
corpus	1	byte			dfa	selected					tests/backrefs/d27/octal.rxt:63 (a)\18
corpus	1	byte			vm	selected	\\8 at pattern offset 24				tests/backrefs/d27/octal.rxt:72 (a)(b)(c)(d)(e)(f)(g)(h)\8
corpus	1	byte			vm	selected	\\9 at pattern offset 27				tests/backrefs/d27/octal.rxt:78 (a)(b)(c)(d)(e)(f)(g)(h)(i)\9
corpus	1	byte			REFUSED		pcrec: \9 refers to capture group 9, but this pattern has 0 (pattern offset 0)				tests/backrefs/d27/octal.rxt:88 \9
corpus	1	byte			dfa	selected					tests/backrefs/d27/octal.rxt:94 \0
corpus	1	byte			dfa	selected					tests/backrefs/d27/octal.rxt:99 \01
corpus	1	byte			dfa	selected					tests/backrefs/d27/octal.rxt:104 \012
corpus	1	byte			dfa	selected					tests/backrefs/d27/octal.rxt:111 \0123
corpus	1	byte			dfa	selected					tests/backrefs/d27/octal.rxt:119 \101
corpus	2	byte			REFUSED		pcrec: octal value is greater than \377 in 8-bit non-UTF-8 mode (pattern offset 4)				tests/backrefs/d27/octal.rxt:127 \400
corpus	2	byte			dfa	selected					tests/backrefs/d27/octal.rxt:136 [\8]
corpus	2	byte			dfa	selected					tests/backrefs/d27/octal.rxt:142 [\9]
corpus	2	byte			dfa	selected					tests/backrefs/d27/octal.rxt:147 [\k]
corpus	2	byte			dfa	selected					tests/backrefs/d27/octal.rxt:152 [\g]
corpus	2	byte			vm	selected	\\g{-1} at pattern offset 6				tests/backrefs/d27/spellings.rxt:19 ^(a|b)\g{1}$
corpus	1	byte			vm	selected	\\g{-1} at pattern offset 7				tests/backrefs/d27/spellings.rxt:36 ^(a)(b)\g-1$
corpus	1	byte			vm	selected	\\g{-1} at pattern offset 0				tests/backrefs/d27/spellings.rxt:58 \g{+1}(a)
corpus	1	byte			vm	selected	\\k<name> at pattern offset 7				tests/backrefs/d27/spellings.rxt:73 (?<n>a)\k'n'
corpus	1	byte			vm	selected	\\k<name> at pattern offset 7				tests/backrefs/d27/spellings.rxt:79 (?<n>a)\k{n}
corpus	1	byte			vm	selected	\\g{-1} at pattern offset 7				tests/backrefs/d27/spellings.rxt:95 (?<n>a)\g{n}
corpus	1	byte			vm	selected	\\1 at pattern offset 7				tests/backrefs/d27/spellings.rxt:106 (?<n>a)\1
corpus	2	byte			dfa	selected					tests/backrefs/d27/spellings.rxt:136 (a|b)\g'1'
corpus	1	byte			REFUSED		pcrec: \g{0} counts back past the first capture group; this pattern has 0 (pattern offset 0)				tests/backrefs/d27/syntax_errors.rxt:21 \g{0}
corpus	1	byte			REFUSED		pcrec: subpattern name must start with a non-digit (a backreference BY NUMBER is spelled \N or \g{N}) (pattern offset 0)				tests/backrefs/d27/syntax_errors.rxt:29 \k<1>
corpus	1	byte			REFUSED		pcrec: subpattern name must start with a non-digit (a backreference BY NUMBER is spelled \N or \g{N}) (pattern offset 0)				tests/backrefs/d27/syntax_errors.rxt:34 \k{1}
corpus	1	byte			REFUSED		pcrec: subpattern name must start with a non-digit (a backreference BY NUMBER is spelled \N or \g{N}) (pattern offset 0)				tests/backrefs/d27/syntax_errors.rxt:40 (?P=1)
corpus	1	byte			REFUSED		pcrec: \k must be followed by a name in <>, '' or {} (pattern offset 0)				tests/backrefs/d27/syntax_errors.rxt:48 \kname
corpus	1	byte			REFUSED		pcrec: \g{-2} counts back past the first capture group; this pattern has 1 (pattern offset 0)				tests/backrefs/d27/syntax_errors.rxt:55 \g{-2}(a)
corpus	1	byte			REFUSED		pcrec: \g{+1} refers to capture group 2, but this pattern has 1 (pattern offset 9)				tests/backrefs/d27/syntax_errors.rxt:61 (a)\g{-1}\g{+1}
corpus	1	byte			REFUSED		pcrec: two named subpatterns have the same name (write (?J) before this declaration to allow duplicates) (pattern offset 10)				tests/backrefs/d27/syntax_errors.rxt:68 (?<a>x)(?<a>y)
corpus	1	byte			REFUSED		pcrec: \g{nosuch} refers to a capture group named 'nosuch', which this pattern does not declare (pattern offset 0)				tests/backrefs/d27/syntax_errors.rxt:81 \g{nosuch}(?<a>x)
corpus	1	byte			vm	selected	(*pla:a) at pattern offset 0				tests/lookaround/alpha_spellings.rxt:38 (*pla:a)b
corpus	1	byte			vm	selected	(*positive_lookahead:a) at pattern offset 0				tests/lookaround/alpha_spellings.rxt:53 (*positive_lookahead:a)b
corpus	1	byte			vm	selected	(*nla:a) at pattern offset 0				tests/lookaround/alpha_spellings.rxt:68 (*nla:a)b
corpus	1	byte			vm	selected	(*negative_lookahead:a) at pattern offset 0				tests/lookaround/alpha_spellings.rxt:84 (*negative_lookahead:a)b
corpus	1	byte			vm	selected	(*plb:a) at pattern offset 0				tests/lookaround/alpha_spellings.rxt:99 (*plb:a)b
corpus	1	byte			vm	selected	(*positive_lookbehind:a) at pattern offset 0				tests/lookaround/alpha_spellings.rxt:115 (*positive_lookbehind:a)b
corpus	1	byte			vm	selected	(*nlb:a) at pattern offset 0				tests/lookaround/alpha_spellings.rxt:129 (*nlb:a)b
corpus	1	byte			vm	selected	(*negative_lookbehind:a) at pattern offset 0				tests/lookaround/alpha_spellings.rxt:144 (*negative_lookbehind:a)b
corpus	1	byte			vm	selected	(*napla:a) at pattern offset 0				tests/lookaround/alpha_spellings.rxt:158 (*napla:a)b
corpus	1	byte			vm	selected	(*non_atomic_positive_lookahead:a) at pattern offset 0				tests/lookaround/alpha_spellings.rxt:173 (*non_atomic_positive_lookahead:a)b
corpus	1	byte			vm	selected	(*naplb:a) at pattern offset 0				tests/lookaround/alpha_spellings.rxt:188 (*naplb:a)b
corpus	1	byte			vm	selected	(*non_atomic_positive_lookbehind:a) at pattern offset 0				tests/lookaround/alpha_spellings.rxt:204 (*non_atomic_positive_lookbehind:a)b
corpus	2	byte			vm	selected	\\1 at pattern offset 0				tests/lookaround/alpha_spellings.rxt:219 (*pla:(a|ab))\1$
corpus	1	byte			vm	selected	\\1 at pattern offset 0				tests/lookaround/alpha_spellings.rxt:232 (*positive_lookahead:(a|ab))\1$
corpus	3	byte			vm	selected	\\1 at pattern offset 0				tests/lookaround/alpha_spellings.rxt:244 (*napla:(a|ab))\1$
corpus	2	byte			vm	selected	\\1 at pattern offset 0				tests/lookaround/alpha_spellings.rxt:257 (*non_atomic_positive_lookahead:(a|ab))\1$
corpus	1	byte			vm	selected	\\2 at pattern offset 0				tests/lookaround/alpha_spellings.rxt:267 (*plb:(a)|(ba))c\2
corpus	1	byte			vm	selected	\\2 at pattern offset 0				tests/lookaround/alpha_spellings.rxt:277 (*positive_lookbehind:(a)|(ba))c\2
corpus	1	byte			vm	selected	\\2 at pattern offset 0				tests/lookaround/alpha_spellings.rxt:289 (*naplb:(a)|(ba))c\2
corpus	1	byte			vm	selected	\\2 at pattern offset 0				tests/lookaround/alpha_spellings.rxt:303 (*non_atomic_positive_lookbehind:(a)|(ba))c\2
corpus	1	byte			vm	selected	(*nla:a) at pattern offset 0				tests/lookaround/alpha_spellings.rxt:320 (*nla:a)(?:a|b)
corpus	1	byte			vm	selected	(*negative_lookahead:a) at pattern offset 0				tests/lookaround/alpha_spellings.rxt:336 (*negative_lookahead:a)(?:a|b)
corpus	1	byte			vm	selected	(*nlb:a) at pattern offset 0				tests/lookaround/alpha_spellings.rxt:346 (*nlb:a)(?:a|b)
corpus	1	byte			vm	selected	(*negative_lookbehind:a) at pattern offset 0				tests/lookaround/alpha_spellings.rxt:356 (*negative_lookbehind:a)(?:a|b)
corpus	1	byte			REFUSED		pcrec: variable-length lookbehind is not implemented: every alternative of a lookbehind must have a fixed length (this one can match 1..2 characters) (pattern o				tests/lookaround/alpha_spellings.rxt:369 (*plb:(a|bc))x
corpus	1	byte			REFUSED		pcrec: \K is not allowed inside a lookaround (pattern offset 0)				tests/lookaround/alpha_spellings.rxt:380 (*positive_lookahead:a\K)b
corpus	1	byte			vm	selected	(\?=...) at pattern offset 0				tests/lookaround/captures.rxt:34 (?=(a))a
corpus	1	byte			vm	selected	(\?=...) at pattern offset 3				tests/lookaround/captures.rxt:43 (?:(?=(a))x|(a))
corpus	1	byte			vm	selected	(\?!...) at pattern offset 0				tests/lookaround/captures.rxt:56 (?!(a)x)ab
corpus	1	byte			vm	selected	(\?!...) at pattern offset 0				tests/lookaround/captures.rxt:64 (?!(a)x)(a)
corpus	1	byte			vm	selected	(\?=...) at pattern offset 0				tests/lookaround/captures.rxt:71 (?=(a)(b))ab
corpus	1	byte			vm	selected	\\1 at pattern offset 0				tests/lookaround/captures.rxt:81 (?=(a))\1
corpus	1	byte			vm	selected	(\?=...) at pattern offset 3				tests/lookaround/captures.rxt:88 (?=(?=(a))a)ab
corpus	2	byte			vm	selected	(\?=...) at pattern offset 1				tests/lookaround/captures.rxt:94 ^(?=(a))*a$
corpus	2	byte			vm	selected	(\?=...) at pattern offset 1				tests/lookaround/captures.rxt:100 ^(?=(a))*b$
corpus	2	byte			vm	selected	(\?!...) at pattern offset 1				tests/lookaround/captures.rxt:107 ^(?!(a))*b$
corpus	1	byte			vm	selected	(\?=...) at pattern offset 0				tests/lookaround/captures.rxt:113 (?=(a)|(b))[ab]
corpus	1	byte			vm	selected	(\?=...) at pattern offset 0				tests/lookaround/gated.rxt:35 (?=a)ab
corpus	3	byte			vm	selected	(\?=...) at pattern offset 0				tests/lookaround/gated.rxt:52 (?=a)b
corpus	3	byte			vm	selected	(\?<=...) at pattern offset 0				tests/lookaround/gated.rxt:85 (?<=a)b
corpus	2	byte			vm	selected	(\?<*a) at pattern offset 0				tests/lookaround/gated.rxt:95 (?<*a)b
corpus	3	byte			REFUSED		pcrec: variable-length lookbehind is not implemented: every alternative of a lookbehind must have a fixed length (this one can match 1..2 characters) (pattern o				tests/lookaround/gated.rxt:109 (?<=(a|bc))x
corpus	3	byte			REFUSED		pcrec: \K is not allowed inside a lookaround (pattern offset 0)				tests/lookaround/gated.rxt:122 (?=a\K)x
corpus	1	byte			dfa	selected					tests/lookaround/gated.rxt:133 (?<name>a)b
corpus	1	byte			vm	selected	(\?=...) at pattern offset 0				tests/lookaround/lookahead.rxt:32 (?=ab)abc
corpus	1	byte			vm	selected	(\?=...) at pattern offset 1				tests/lookaround/lookahead.rxt:41 a(?=b)bc
corpus	1	byte			vm	selected	(\?=...) at pattern offset 2				tests/lookaround/lookahead.rxt:48 ab(?=c)
corpus	1	byte			vm	selected	(\?!...) at pattern offset 2				tests/lookaround/lookahead.rxt:56 ab(?!c)
corpus	1	byte			vm	selected	(\?!...) at pattern offset 0				tests/lookaround/lookahead.rxt:79 (?!x)abc
corpus	1	byte			vm	selected	(\?=...) at pattern offset 0				tests/lookaround/lookahead.rxt:86 (?=a|b)[ab]c
corpus	1	byte			vm	selected	(\?=...) at pattern offset 3				tests/lookaround/lookahead.rxt:94 (?=(?=a)a)ab
corpus	1	byte			vm	selected	(\?=...) at pattern offset 3				tests/lookaround/lookahead.rxt:101 (?=(?!x)a)ab
corpus	1	byte			vm	selected	(\?=...) at pattern offset 0				tests/lookaround/lookahead.rxt:107 (?=a+b)aab
corpus	1	byte			vm	selected	(\?=...) at pattern offset 0				tests/lookaround/lookahead.rxt:116 (?=(a+)b)a+b
corpus	2	byte			vm	selected	(\?!...) at pattern offset 0				tests/lookaround/lookahead.rxt:129 (?!(a+)b)a+b
corpus	1	byte			vm	selected	(\?=...) at pattern offset 0				tests/lookaround/lookahead.rxt:136 (?=(a|ab))a
corpus	2	byte			vm	selected	\\1 at pattern offset 0				tests/lookaround/lookahead.rxt:149 (?=(a|ab))\1$
corpus	2	byte			vm	selected	(\?=...) at pattern offset 1				tests/lookaround/lookahead.rxt:158 a(?=)b
corpus	2	byte			vm	selected	(\?!...) at pattern offset 1				tests/lookaround/lookahead.rxt:164 a(?!)b
corpus	2	byte			vm	declined-nullable-default	(\?!...) at pattern offset 3				tests/lookaround/lookahead.rxt:170 (?:(?!))|a
corpus	1	byte			vm	declined-nullable-default	(\?=...) at pattern offset 0				tests/lookaround/lookahead.rxt:176 (?=)
corpus	1	byte			vm	selected	(\?=...) at pattern offset 0				tests/lookaround/lookahead.rxt:183 (?=b)bc
corpus	1	byte			vm	selected	(\?!...) at pattern offset 0				tests/lookaround/lookahead.rxt:189 (?!a)b
corpus	1	byte			vm	selected	(\?=...) at pattern offset 0				tests/lookaround/lookahead.rxt:197 (?=abc)ab
corpus	1	byte			vm	selected	(\?=...) at pattern offset 0				tests/lookaround/lookahead.rxt:204 (?=a)(?=ab)abc
corpus	2	byte			vm	selected	\\K at pattern offset 0				tests/lookaround/lookahead.rxt:218 (?=a)\Kb
corpus	2	byte			vm	selected	\\K at pattern offset 1				tests/lookaround/lookahead.rxt:226 a(?=b)\Kc
corpus	6	byte			vm	selected	\\K at pattern offset 1				tests/lookaround/lookahead.rxt:236 a\Kb
corpus	1	byte			vm	selected	(\?=...) at pattern offset 0				tests/lookaround/lookahead.rxt:242 (?=(?:aa|a)b)a+b
corpus	3	byte			vm	selected	(\?<=...) at pattern offset 0				tests/lookaround/lookbehind.rxt:45 (?<=abc)x
corpus	1	byte			vm	selected	(\?<=...) at pattern offset 0				tests/lookaround/lookbehind.rxt:55 (?<=[ab][cd])x
corpus	1	byte			vm	selected	(\?<=...) at pattern offset 0				tests/lookaround/lookbehind.rxt:67 (?<=a{3})x
corpus	1	byte			vm	selected	(\?<=...) at pattern offset 0				tests/lookaround/lookbehind.rxt:76 (?<=(?:ab){2})x
corpus	2	byte			vm	selected	(\?<=...) at pattern offset 0				tests/lookaround/lookbehind.rxt:85 (?<=ab|cd)x
corpus	1	byte			vm	selected	(\?<=...) at pattern offset 0				tests/lookaround/lookbehind.rxt:96 (?<=ab|cd|ef)x
corpus	2	byte			vm	selected	(\?<!...) at pattern offset 0				tests/lookaround/lookbehind.rxt:107 (?<!a)b
corpus	1	byte			vm	selected	(\?<!...) at pattern offset 0				tests/lookaround/lookbehind.rxt:117 (?<!ab|cd)x
corpus	1	byte			vm	selected	(\?<=...) at pattern offset 0				tests/lookaround/lookbehind.rxt:128 (?<=)x
corpus	1	byte			vm	selected	(\?<!...) at pattern offset 0				tests/lookaround/lookbehind.rxt:135 (?<!)x
corpus	2	byte			vm	selected	(\?<=...) at pattern offset 1				tests/lookaround/lookbehind.rxt:143 a(?<=a)b
corpus	1	byte			vm	selected	(\?<=...) at pattern offset 0				tests/lookaround/lookbehind.rxt:153 (?<=(a)(b))c
corpus	1	byte			vm	selected	(\?<=...) at pattern offset 0				tests/lookaround/lookbehind.rxt:164 (?<=(aa)|(ab))c
corpus	1	byte			vm	declined-nullable-default	(\?<=...) at pattern offset 0				tests/lookaround/lookbehind.rxt:176 (?<=a)
corpus	1	byte			vm	selected	(\?<=...) at pattern offset 5				tests/lookaround/lookbehind.rxt:189 (?<=a(?=b))ab
corpus	1	byte			vm	selected	(\?<=...) at pattern offset 4				tests/lookaround/lookbehind.rxt:197 (?<=(?<=a)b)c
corpus	1	byte			vm	selected	(\?<=...) at pattern offset 5				tests/lookaround/lookbehind.rxt:204 (?<=a(?!b))x
corpus	1	byte			vm	selected	(\?<=...) at pattern offset 0				tests/lookaround/lookbehind.rxt:212 (?<=a)b|(?<=bc)d
corpus	1	byte			vm	selected	(\?<=...) at pattern offset 1				tests/lookaround/lookbehind.rxt:221 ((?<=a)b)+
corpus	1	byte			vm	selected	(\?<=...) at pattern offset 0				tests/lookaround/lookbehind.rxt:235 (?<=a)*b
corpus	1	byte			vm	selected	(\?>...) at pattern offset 3				tests/lookaround/lookbehind.rxt:242 (?>(?<=a)b)
corpus	1	byte			vm	selected	(\?<=...) at pattern offset 4				tests/lookaround/lookbehind.rxt:249 (?<=(?>ab))c
corpus	1	byte			vm	selected	(\?<=...) at pattern offset 0				tests/lookaround/lookbehind.rxt:257 (?<=a)(?<=ab)c
corpus	1	byte			vm	selected	(\?<=...) at pattern offset 0				tests/lookaround/lookbehind.rxt:264 (?<=ab)(?<=b)c
corpus	1	byte		w	vm	selected	(\?<=...) at pattern offset 0				tests/lookaround/lookbehind.rxt:273 (?<=\w)x
corpus	1	byte		w	vm	selected	(\?<!...) at pattern offset 0				tests/lookaround/lookbehind.rxt:281 (?<!\w)x
corpus	1	byte			vm	selected	(\?<=...) at pattern offset 0				tests/lookaround/lookbehind.rxt:288 (?<=\n)x
corpus	1	byte			vm	selected	(\?<=...) at pattern offset 0				tests/lookaround/lookbehind.rxt:295 (?<=[^a])b
corpus	1	byte			vm	selected	(\?<=...) at pattern offset 0				tests/lookaround/lookbehind.rxt:303 (?<=a{2})b
corpus	1	byte			vm	selected	(\?<!...) at pattern offset 0				tests/lookaround/lookbehind.rxt:310 (?<!a{2})b
corpus	2	byte			vm	selected	\\K at pattern offset 0				tests/lookaround/lookbehind.rxt:323 (?<=a)\Kb
corpus	2	byte			vm	selected	(\?<=...) at pattern offset 0				tests/lookaround/lookbehind.rxt:334 (?<=\Ga)b
corpus	2	byte			vm	selected	(\?<=...) at pattern offset 0				tests/lookaround/lookbehind_widths.rxt:42 (?<=a|bc)x
corpus	1	byte			vm	selected	(\?<=...) at pattern offset 0				tests/lookaround/lookbehind_widths.rxt:58 (?<=a|bc|def)x
corpus	1	byte			vm	selected	(\?<!...) at pattern offset 0				tests/lookaround/lookbehind_widths.rxt:74 (?<!a|bc)x
corpus	1	byte			vm	selected	(\?<=...) at pattern offset 0				tests/lookaround/lookbehind_widths.rxt:91 (?<=(a)|(aa))c
corpus	1	byte			vm	selected	(\?<=...) at pattern offset 0				tests/lookaround/lookbehind_widths.rxt:107 (?<=(aa)|(a))c
corpus	1	byte			vm	selected	(\?<=...) at pattern offset 0				tests/lookaround/lookbehind_widths.rxt:121 (?<=(a)|(aa)|(aaa))c
corpus	1	byte			vm	selected	(\?<=...) at pattern offset 0				tests/lookaround/lookbehind_widths.rxt:137 (?<=(aaa)|(aa)|(a))c
corpus	1	byte			vm	selected	(\?<=...) at pattern offset 0				tests/lookaround/lookbehind_widths.rxt:154 (?<=x|abc)y
corpus	1	byte			vm	selected	(\?<=...) at pattern offset 0				tests/lookaround/lookbehind_widths.rxt:168 (?<=ab|c)x
corpus	1	byte			vm	selected	(\?<=...) at pattern offset 0				tests/lookaround/lookbehind_widths.rxt:181 (?<=a|bc)*x
corpus	1	byte			vm	selected	(\?<=...) at pattern offset 1				tests/lookaround/lookbehind_widths.rxt:193 a(?<=a|xbc)b
corpus	1	byte			vm	selected	(\?<=...) at pattern offset 0				tests/lookaround/lookbehind_widths.rxt:211 (?<=|a)x
corpus	1	byte			vm	selected	(\?<=...) at pattern offset 0				tests/lookaround/lookbehind_widths.rxt:225 (?<=a|)x
corpus	1	byte			vm	selected	(\?<!...) at pattern offset 0				tests/lookaround/lookbehind_widths.rxt:236 (?<!a|)x
corpus	3	byte			vm	selected	\\1 at pattern offset 0				tests/lookaround/nonatomic_ahead.rxt:39 (?*(a|ab))\1$
corpus	1	byte			vm	selected	(\?*a) at pattern offset 0				tests/lookaround/nonatomic_ahead.rxt:52 (?*a)b
corpus	1	byte			vm	selected	(\?*a) at pattern offset 0				tests/lookaround/nonatomic_ahead.rxt:65 (?*(a+)b)a+b
corpus	1	byte			vm	selected	(\?*a) at pattern offset 1				tests/lookaround/nonatomic_ahead.rxt:77 a(?*b)bc
corpus	1	byte			vm	selected	(\?*a) at pattern offset 0				tests/lookaround/nonatomic_ahead.rxt:88 (?*(a))a
corpus	1	byte			vm	selected	(\?*a) at pattern offset 0				tests/lookaround/nonatomic_ahead.rxt:99 (?*x)a
corpus	1	byte			vm	selected	(\?*a) at pattern offset 0				tests/lookaround/nonatomic_ahead.rxt:109 (?*a)*a
corpus	1	byte			vm	selected	(\?=...) at pattern offset 3				tests/lookaround/nonatomic_ahead.rxt:120 (?=(?*a)a)ab
corpus	1	byte			vm	selected	(\?*a) at pattern offset 3				tests/lookaround/nonatomic_ahead.rxt:129 (?*(?=a)a)ab
corpus	1	byte			vm	selected	(\?*a) at pattern offset 0				tests/lookaround/nonatomic_ahead.rxt:137 (?*ab)abc
corpus	1	byte			vm	selected	\\2 at pattern offset 0				tests/lookaround/nonatomic_behind.rxt:41 (?<*(a)|(ba))c\2
corpus	1	byte			vm	selected	\\2 at pattern offset 0				tests/lookaround/nonatomic_behind.rxt:57 (?<=(a)|(ba))c\2
corpus	1	byte			vm	selected	\\2 at pattern offset 0				tests/lookaround/nonatomic_behind.rxt:68 (?<*(ba)|(a))c\2
corpus	1	byte			vm	selected	(\?<*a) at pattern offset 0				tests/lookaround/nonatomic_behind.rxt:82 (?<*(a)|(ba))c
corpus	1	byte			vm	selected	(\?<*a) at pattern offset 0				tests/lookaround/nonatomic_behind.rxt:108 (?<*ab)c
corpus	1	byte			vm	selected	(\?<*a) at pattern offset 0				tests/lookaround/nonatomic_behind.rxt:121 (?<*a|bc)x
corpus	1	byte			vm	selected	(\?<*a) at pattern offset 0				tests/lookaround/nonatomic_behind.rxt:134 (?<*a)*b
corpus	1	byte			vm	selected	(\?<=...) at pattern offset 4				tests/lookaround/nonatomic_behind.rxt:146 (?<=(?<*a)b)c
corpus	1	byte			vm	selected	(\?<*a) at pattern offset 4				tests/lookaround/nonatomic_behind.rxt:156 (?<*(?<=a)b)c
corpus	1	byte			vm	selected	(\?<*a) at pattern offset 0				tests/lookaround/nonatomic_behind.rxt:167 (?<*(a))a
corpus	3	byte			vm	selected	(\?!...) at pattern offset 5				tests/lookaround/prefilter.rxt:39 ((?:a(?!q)|aq)(?:xy){0,4}q)
corpus	1	byte			vm	selected	(\?!...) at pattern offset 4				tests/lookaround/prefilter.rxt:58 (?:a(?!q)|aq)(?:xy){0,4}q
corpus	1	byte			vm	selected	(\?!...) at pattern offset 5				tests/lookaround/prefilter.rxt:67 ((?:a(?!q)|aq)(?:xy){0,2}q)
corpus	1	byte			vm	selected	(\?!...) at pattern offset 4				tests/lookaround/prefilter.rxt:81 (?:a(?!q)|aq)x{0,3}q
corpus	1	byte			vm	selected	(\?!...) at pattern offset 7				tests/lookaround/prefilter.rxt:93 y*((?:a(?!q)|aq)(?:xy){0,4}q)
corpus	1	byte			vm	selected	(\?*a) at pattern offset 5				tests/lookaround/prefilter.rxt:112 ((?:a(?*!q)|aq)(?:xy){0,4}q)
corpus	1	byte			dfa	selected					tests/lookaround/prefilter.rxt:130 ((?:a|aq)(?:xy){0,4}q)
corpus	1	byte			vm	selected	(\?!...) at pattern offset 1				tests/lookaround/prefilter.rxt:145 a(?!b)|ab
corpus	1	byte			vm	selected	(\?=...) at pattern offset 4				tests/lookaround/prefilter.rxt:156 (?:a(?=c)|ab)c?
corpus	2	byte			vm	selected	(\?=...) at pattern offset 1				tests/lookaround/quantified.rxt:36 ^(?=a)*a$
corpus	2	byte			vm	selected	(\?=...) at pattern offset 4				tests/lookaround/quantified.rxt:42 ^(?:(?=a))*a$
corpus	2	byte			vm	selected	(\?=...) at pattern offset 4				tests/lookaround/quantified.rxt:47 ^(?:(?=a)|b)*a$
corpus	2	byte			vm	selected	(\?!...) at pattern offset 4				tests/lookaround/quantified.rxt:54 ^(?:(?!x))*a$
corpus	2	byte			vm	selected	(\?=...) at pattern offset 4				tests/lookaround/quantified.rxt:60 ^(?:(?=(a)))*a$
corpus	1	byte			vm	selected	(\?=...) at pattern offset 0				tests/lookaround/quantified.rxt:69 (?=a)*a
corpus	1	byte			vm	selected	(\?=...) at pattern offset 0				tests/lookaround/quantified.rxt:74 (?=a)+a
corpus	1	byte			vm	selected	(\?=...) at pattern offset 0				tests/lookaround/quantified.rxt:79 (?=a)?a
corpus	1	byte			vm	selected	(\?=...) at pattern offset 0				tests/lookaround/quantified.rxt:84 (?=a){2}a
corpus	1	byte			vm	selected	(\?=...) at pattern offset 0				tests/lookaround/quantified.rxt:88 (?=a){0,3}a
corpus	1	byte			vm	selected	(\?!...) at pattern offset 0				tests/lookaround/quantified.rxt:92 (?!a)?b
corpus	1	byte			vm	selected	(\?!...) at pattern offset 0				tests/lookaround/quantified.rxt:97 (?!a)*b
corpus	1	byte			vm	selected	possessive quantifier at pattern offset 0				tests/lookaround/quantified.rxt:103 (?=a)*+a
corpus	1	byte			vm	selected	(\?=...) at pattern offset 0				tests/lookaround/quantified.rxt:108 (?=a)*?a
corpus	1	byte			vm	selected	(\?=...) at pattern offset 1				tests/lookaround/quantified.rxt:114 ((?=a)*)a
corpus	1	byte			vm	selected	(\?=...) at pattern offset 3				tests/lookaround/quantified.rxt:121 (?:(?=a)a)+
corpus	2	byte			REFUSED		pcrec: \K is not allowed inside a lookaround (pattern offset 0)				tests/lookaround/refused.rxt:47 (?!a\K)x
corpus	2	byte			REFUSED		pcrec: \K is not allowed inside a lookaround (pattern offset 0)				tests/lookaround/refused.rxt:54 (?*a\K)x
corpus	2	byte			REFUSED		pcrec: \K is not allowed inside a lookaround (pattern offset 0)				tests/lookaround/refused.rxt:65 (?=(a\K))x
corpus	2	byte			REFUSED		pcrec: \K is not allowed inside a lookaround (pattern offset 0)				tests/lookaround/refused.rxt:72 (?=a(?:\K))x
corpus	2	byte			REFUSED		pcrec: \K is not allowed inside a lookaround (pattern offset 6)				tests/lookaround/refused.rxt:79 (?=(?:(?=\K)))x
corpus	1	byte			REFUSED		pcrec: \K is not allowed inside a lookaround (pattern offset 0)				tests/lookaround/refused.rxt:86 (?=\Ka)x
corpus	2	byte			REFUSED		pcrec: variable-length lookbehind is not implemented: every alternative of a lookbehind must have a fixed length (this one can match 2..3 characters) (pattern o				tests/lookaround/refused.rxt:115 (?<=a{2,3})x
corpus	2	byte			REFUSED		pcrec: variable-length lookbehind is not implemented: every alternative of a lookbehind must have a fixed length (this one can match 0..1 characters) (pattern o				tests/lookaround/refused.rxt:124 (?<=a?)x
corpus	1	byte			REFUSED		pcrec: variable-length lookbehind is not implemented: every alternative of a lookbehind must have a fixed length (this one can match 0..3 characters) (pattern o				tests/lookaround/refused.rxt:132 (?<=a{0,3})x
corpus	2	byte			REFUSED		pcrec: variable-length lookbehind is not implemented: every alternative of a lookbehind must have a fixed length (this one is unbounded) (pattern offset 0)				tests/lookaround/refused.rxt:143 (?<=a*)x
corpus	2	byte			REFUSED		pcrec: variable-length lookbehind is not implemented: every alternative of a lookbehind must have a fixed length (this one is unbounded) (pattern offset 0)				tests/lookaround/refused.rxt:149 (?<=a+)x
corpus	2	byte			REFUSED		pcrec: variable-length lookbehind is not implemented: every alternative of a lookbehind must have a fixed length (this one is unbounded) (pattern offset 0)				tests/lookaround/refused.rxt:155 (?<=a{2,})x
corpus	2	byte			REFUSED		pcrec: variable-length lookbehind is not implemented: every alternative of a lookbehind must have a fixed length (this one is unbounded) (pattern offset 0)				tests/lookaround/refused.rxt:161 (?<=a*?)x
corpus	2	byte			REFUSED		pcrec: variable-length lookbehind is not implemented: every alternative of a lookbehind must have a fixed length (this one is unbounded) (pattern offset 0)				tests/lookaround/refused.rxt:169 (?<=a*+)x
corpus	2	byte			REFUSED		pcrec: variable-length lookbehind is not implemented: every alternative of a lookbehind must have a fixed length (this one is unbounded) (pattern offset 0)				tests/lookaround/refused.rxt:177 (?<=(?>a*))x
corpus	2	byte			REFUSED		pcrec: variable-length lookbehind is not implemented: every alternative of a lookbehind must have a fixed length (this one can match 2..3 characters) (pattern o				tests/lookaround/refused.rxt:189 (?<=(?:a|bc)d)x
corpus	2	byte			REFUSED		pcrec: variable-length lookbehind is not implemented: every alternative of a lookbehind must have a fixed length (this one can match 2..3 characters) (pattern o				tests/lookaround/refused.rxt:197 (?<=((a|bc)d))x
corpus	2	byte			REFUSED		pcrec: variable-length lookbehind is not implemented: every alternative of a lookbehind must have a fixed length (this one is unbounded) (pattern offset 0)				tests/lookaround/refused.rxt:205 (?<!a*)x
corpus	2	byte			REFUSED		pcrec: variable-length lookbehind is not implemented: every alternative of a lookbehind must have a fixed length (this one is unbounded) (pattern offset 0)				tests/lookaround/refused.rxt:212 (?<*a*)x
corpus	1	byte			REFUSED		pcrec: variable-length lookbehind is not implemented: every alternative of a lookbehind must have a fixed length (this one can match 1..2 characters) (pattern o				tests/lookaround/refused.rxt:220 (?<!(a|bc))x
corpus	1	byte			REFUSED		pcrec: variable-length lookbehind is not implemented: every alternative of a lookbehind must have a fixed length (this one can match 1..2 characters) (pattern o				tests/lookaround/refused.rxt:228 (?<*(a|bc))x
corpus	2	byte			REFUSED		pcrec: variable-length lookbehind is not implemented: every alternative of a lookbehind must have a fixed length (this one is unbounded) (pattern offset 3)				tests/lookaround/refused.rxt:247 (a)(?<=\1)x
corpus	2	byte			REFUSED		pcrec: variable-length lookbehind is not implemented: every alternative of a lookbehind must have a fixed length (this one is unbounded) (pattern offset 6)				tests/lookaround/refused.rxt:258 (a|bc)(?<=\1)x
corpus	2	byte			REFUSED		pcrec: variable-length lookbehind is not implemented: every alternative of a lookbehind must have a fixed length (this one is unbounded) (pattern offset 3)				tests/lookaround/refused.rxt:270 (?=(?<=a*)b)x
corpus	1	byte			REFUSED		pcrec: variable-length lookbehind is not implemented: every alternative of a lookbehind must have a fixed length (this one can match 0..1 characters) (pattern o				tests/lookaround/refused.rxt:284 (?<=\n?\z)x
corpus	1	byte		w	REFUSED		pcrec: variable-length lookbehind is not implemented: every alternative of a lookbehind must have a fixed length (this one can match 0..1 characters) (pattern o				tests/lookaround/refused.rxt:294 (?<=\w?)x
corpus	1	byte			REFUSED		pcrec: missing closing ) for group (pattern offset 0)				tests/lookaround/refused.rxt:303 (?=a
corpus	1	byte			REFUSED		pcrec: missing closing ) for group (pattern offset 0)				tests/lookaround/refused.rxt:309 (?!a
corpus	1	byte			REFUSED		pcrec: missing closing ) for group (pattern offset 0)				tests/lookaround/refused.rxt:315 (?*a
corpus	1	byte			REFUSED		pcrec: missing closing ) for group (pattern offset 0)				tests/lookaround/refused.rxt:324 (?<=a
corpus	1	byte			REFUSED		pcrec: missing closing ) for group (pattern offset 0)				tests/lookaround/refused.rxt:330 (?<!a
corpus	1	byte			REFUSED		pcrec: missing closing ) for group (pattern offset 0)				tests/lookaround/refused.rxt:336 (?<*a
corpus	1	byte			vm	selected	(\?<=...) at pattern offset 0				tests/lookaround/startpos.rxt:69 (?<=ab)c
corpus	1	byte			vm	selected	(\?<=...) at pattern offset 0				tests/lookaround/startpos.rxt:127 (?<=(a)|(bc))x
corpus	1	byte			vm	selected	(\?<=...) at pattern offset 0				tests/lookaround/workbudget.rxt:42 (?<=ab|cd|ef|gh)x
corpus	1	byte			vm	selected	(\?<=...) at pattern offset 0				tests/lookaround/workbudget.rxt:54 (?<=ab|cd|ef|gh)x|q
corpus	1	byte			vm	selected	(\?<!...) at pattern offset 0				tests/lookaround/workbudget.rxt:63 (?<!ab|cd|ef|gh)x
corpus	1	byte			vm	selected	(\?<=...) at pattern offset 0				tests/lookaround/d27/adversarial.rxt:19 (?<=(a)(b))(c)(d)
corpus	1	byte			vm	selected	\\1 at pattern offset 0				tests/lookaround/d27/adversarial.rxt:38 (?=(a+))\1b
corpus	1	byte			vm	selected	\\1 at pattern offset 0				tests/lookaround/d27/adversarial.rxt:50 (?=a)(?=(a))\1b
corpus	1	byte			vm	selected	(\?<=...) at pattern offset 0				tests/lookaround/d27/adversarial.rxt:59 (?<=a{3}|bb)x
corpus	1	byte			vm	selected	(\?<=...) at pattern offset 0				tests/lookaround/d27/adversarial.rxt:69 (?<=(?:a{2})|(?:a{3}))x
corpus	1	byte			vm	selected	(\?<=...) at pattern offset 0				tests/lookaround/d27/adversarial.rxt:84 (?<=ab)x
corpus	1	byte			vm	selected	(\?=...) at pattern offset 0				tests/lookaround/d27/adversarial.rxt:92 (?=(x*))a
corpus	1	byte			vm	selected	(\?=...) at pattern offset 1				tests/lookaround/d27/adversarial.rxt:103 ((?=(a+))a)+
corpus	1	byte			vm	selected	(\?=...) at pattern offset 6				tests/lookaround/d27/adversarial.rxt:117 (?:(a)(?=(b))|(c)(?=(d)))+
corpus	1	byte		w	vm	selected	(\?=...) at pattern offset 4				tests/lookaround/d27/expansions.rxt:13 a(?:(?<=\w)(?!\w)|(?<!\w)(?=\w))b
corpus	1	byte			vm	selected	(\?!...) at pattern offset 6				tests/lookaround/d27/expansions.rxt:23 (?:\A|(?<=\n)(?!\z))x
corpus	1	byte			vm	selected	(\?=...) at pattern offset 1				tests/lookaround/d27/expansions.rxt:33 a(?=\n?\z)
corpus	1	byte		w	vm	selected	(\?!...) at pattern offset 7				tests/lookaround/d27/expansions.rxt:42 a(?!(?:(?<=\w)(?!\w)|(?<!\w)(?=\w)))b
corpus	2	byte			vm	selected	(\?<=...) at pattern offset 0				tests/lookaround/d27/longsubject.rxt:8 (?<=a|bb|ccc|dddd)X
corpus	1	byte			vm	selected	(\?=...) at pattern offset 0				tests/lookaround/d27/matrix.rxt:13 (?=)z
corpus	1	byte			vm	selected	(\?=...) at pattern offset 1				tests/lookaround/d27/matrix.rxt:20 z(?=)
corpus	1	byte			vm	selected	(\?=...) at pattern offset 1				tests/lookaround/d27/matrix.rxt:27 y(?=)z
corpus	1	byte			vm	selected	(\?=...) at pattern offset 3				tests/lookaround/d27/matrix.rxt:34 (?:(?=)z|w)
corpus	1	byte			vm	selected	(\?=...) at pattern offset 0				tests/lookaround/d27/matrix.rxt:41 (?=)*z
corpus	1	byte			vm	selected	(\?=...) at pattern offset 1				tests/lookaround/d27/matrix.rxt:48 ((?=)z)
corpus	1	byte			vm	selected	(\?>...) at pattern offset 3				tests/lookaround/d27/matrix.rxt:58 (?>(?=)z)
corpus	1	byte			vm	selected	(\?=...) at pattern offset 0				tests/lookaround/d27/matrix.rxt:65 (?=a)z
corpus	1	byte			vm	selected	(\?=...) at pattern offset 1				tests/lookaround/d27/matrix.rxt:72 z(?=a)
corpus	1	byte			vm	selected	(\?=...) at pattern offset 1				tests/lookaround/d27/matrix.rxt:79 y(?=a)z
corpus	1	byte			vm	selected	(\?=...) at pattern offset 3				tests/lookaround/d27/matrix.rxt:86 (?:(?=a)z|w)
corpus	1	byte			vm	selected	(\?=...) at pattern offset 0				tests/lookaround/d27/matrix.rxt:93 (?=a)*z
corpus	1	byte			vm	selected	(\?=...) at pattern offset 1				tests/lookaround/d27/matrix.rxt:100 ((?=a)z)
corpus	1	byte			vm	selected	(\?>...) at pattern offset 3				tests/lookaround/d27/matrix.rxt:107 (?>(?=a)z)
corpus	1	byte			vm	selected	(\?=...) at pattern offset 0				tests/lookaround/d27/matrix.rxt:114 (?=[ab])z
corpus	1	byte			vm	selected	(\?=...) at pattern offset 1				tests/lookaround/d27/matrix.rxt:121 z(?=[ab])
corpus	1	byte			vm	selected	(\?=...) at pattern offset 1				tests/lookaround/d27/matrix.rxt:128 y(?=[ab])z
corpus	1	byte			vm	selected	(\?=...) at pattern offset 3				tests/lookaround/d27/matrix.rxt:135 (?:(?=[ab])z|w)
corpus	1	byte			vm	selected	(\?=...) at pattern offset 0				tests/lookaround/d27/matrix.rxt:142 (?=[ab])*z
corpus	1	byte			vm	selected	(\?=...) at pattern offset 1				tests/lookaround/d27/matrix.rxt:149 ((?=[ab])z)
corpus	1	byte			vm	selected	(\?>...) at pattern offset 3				tests/lookaround/d27/matrix.rxt:156 (?>(?=[ab])z)
corpus	1	byte			vm	selected	(\?=...) at pattern offset 0				tests/lookaround/d27/matrix.rxt:163 (?=abc)z
corpus	1	byte			vm	selected	(\?=...) at pattern offset 1				tests/lookaround/d27/matrix.rxt:170 z(?=abc)
corpus	1	byte			vm	selected	(\?=...) at pattern offset 1				tests/lookaround/d27/matrix.rxt:177 y(?=abc)z
corpus	1	byte			vm	selected	(\?=...) at pattern offset 3				tests/lookaround/d27/matrix.rxt:184 (?:(?=abc)z|w)
corpus	1	byte			vm	selected	(\?=...) at pattern offset 0				tests/lookaround/d27/matrix.rxt:191 (?=abc)*z
corpus	1	byte			vm	selected	(\?=...) at pattern offset 1				tests/lookaround/d27/matrix.rxt:198 ((?=abc)z)
corpus	1	byte			vm	selected	(\?>...) at pattern offset 3				tests/lookaround/d27/matrix.rxt:205 (?>(?=abc)z)
corpus	1	byte			vm	selected	(\?=...) at pattern offset 0				tests/lookaround/d27/matrix.rxt:212 (?=ab|cd)z
corpus	1	byte			vm	selected	(\?=...) at pattern offset 1				tests/lookaround/d27/matrix.rxt:219 z(?=ab|cd)
corpus	1	byte			vm	selected	(\?=...) at pattern offset 1				tests/lookaround/d27/matrix.rxt:226 y(?=ab|cd)z
corpus	1	byte			vm	selected	(\?=...) at pattern offset 3				tests/lookaround/d27/matrix.rxt:233 (?:(?=ab|cd)z|w)
corpus	1	byte			vm	selected	(\?=...) at pattern offset 0				tests/lookaround/d27/matrix.rxt:240 (?=ab|cd)*z
corpus	1	byte			vm	selected	(\?=...) at pattern offset 1				tests/lookaround/d27/matrix.rxt:247 ((?=ab|cd)z)
corpus	1	byte			vm	selected	(\?>...) at pattern offset 3				tests/lookaround/d27/matrix.rxt:254 (?>(?=ab|cd)z)
corpus	1	byte			vm	selected	(\?=...) at pattern offset 0				tests/lookaround/d27/matrix.rxt:261 (?=a|bc)z
corpus	1	byte			vm	selected	(\?=...) at pattern offset 1				tests/lookaround/d27/matrix.rxt:268 z(?=a|bc)
corpus	1	byte			vm	selected	(\?=...) at pattern offset 1				tests/lookaround/d27/matrix.rxt:275 y(?=a|bc)z
corpus	1	byte			vm	selected	(\?=...) at pattern offset 3				tests/lookaround/d27/matrix.rxt:282 (?:(?=a|bc)z|w)
corpus	1	byte			vm	selected	(\?=...) at pattern offset 0				tests/lookaround/d27/matrix.rxt:289 (?=a|bc)*z
corpus	1	byte			vm	selected	(\?=...) at pattern offset 1				tests/lookaround/d27/matrix.rxt:296 ((?=a|bc)z)
corpus	1	byte			vm	selected	(\?>...) at pattern offset 3				tests/lookaround/d27/matrix.rxt:303 (?>(?=a|bc)z)
corpus	1	byte			vm	selected	(\?=...) at pattern offset 0				tests/lookaround/d27/matrix.rxt:310 (?=(a))z
corpus	1	byte			vm	selected	(\?=...) at pattern offset 1				tests/lookaround/d27/matrix.rxt:317 z(?=(a))
corpus	1	byte			vm	selected	(\?=...) at pattern offset 1				tests/lookaround/d27/matrix.rxt:327 y(?=(a))z
corpus	1	byte			vm	selected	(\?=...) at pattern offset 3				tests/lookaround/d27/matrix.rxt:334 (?:(?=(a))z|w)
corpus	1	byte			vm	selected	(\?=...) at pattern offset 0				tests/lookaround/d27/matrix.rxt:344 (?=(a))*z
corpus	1	byte			vm	selected	(\?=...) at pattern offset 1				tests/lookaround/d27/matrix.rxt:354 ((?=(a))z)
corpus	1	byte			vm	selected	(\?>...) at pattern offset 3				tests/lookaround/d27/matrix.rxt:361 (?>(?=(a))z)
corpus	1	byte			vm	selected	(\?=...) at pattern offset 4				tests/lookaround/d27/matrix.rxt:368 (?=a(?!b))z
corpus	1	byte			vm	selected	(\?=...) at pattern offset 5				tests/lookaround/d27/matrix.rxt:375 z(?=a(?!b))
corpus	1	byte			vm	selected	(\?=...) at pattern offset 5				tests/lookaround/d27/matrix.rxt:382 y(?=a(?!b))z
corpus	1	byte			vm	selected	(\?=...) at pattern offset 7				tests/lookaround/d27/matrix.rxt:389 (?:(?=a(?!b))z|w)
corpus	1	byte			vm	selected	(\?=...) at pattern offset 4				tests/lookaround/d27/matrix.rxt:396 (?=a(?!b))*z
corpus	1	byte			vm	selected	(\?=...) at pattern offset 5				tests/lookaround/d27/matrix.rxt:403 ((?=a(?!b))z)
corpus	1	byte			vm	selected	(\?>...) at pattern offset 7				tests/lookaround/d27/matrix.rxt:410 (?>(?=a(?!b))z)
corpus	1	byte			vm	selected	(\?=...) at pattern offset 6				tests/lookaround/d27/matrix.rxt:417 (a)(?=\1)z
corpus	1	byte			vm	selected	(\?=...) at pattern offset 7				tests/lookaround/d27/matrix.rxt:424 (a)z(?=\1)
corpus	1	byte			vm	selected	(\?=...) at pattern offset 7				tests/lookaround/d27/matrix.rxt:434 (a)y(?=\1)z
corpus	1	byte			vm	selected	(\?=...) at pattern offset 9				tests/lookaround/d27/matrix.rxt:441 (a)(?:(?=\1)z|w)
corpus	1	byte			vm	selected	(\?=...) at pattern offset 6				tests/lookaround/d27/matrix.rxt:451 (a)(?=\1)*z
corpus	1	byte			vm	selected	(\?=...) at pattern offset 7				tests/lookaround/d27/matrix.rxt:461 (a)((?=\1)z)
corpus	1	byte			vm	selected	(\?>...) at pattern offset 9				tests/lookaround/d27/matrix.rxt:468 (a)(?>(?=\1)z)
corpus	1	byte			vm	selected	(\?!...) at pattern offset 0				tests/lookaround/d27/matrix.rxt:475 (?!)z
corpus	1	byte			vm	selected	(\?!...) at pattern offset 1				tests/lookaround/d27/matrix.rxt:482 z(?!)
corpus	1	byte			vm	selected	(\?!...) at pattern offset 1				tests/lookaround/d27/matrix.rxt:489 y(?!)z
corpus	1	byte			vm	selected	(\?!...) at pattern offset 3				tests/lookaround/d27/matrix.rxt:496 (?:(?!)z|w)
corpus	1	byte			vm	selected	(\?!...) at pattern offset 0				tests/lookaround/d27/matrix.rxt:503 (?!)*z
corpus	1	byte			vm	selected	(\?!...) at pattern offset 1				tests/lookaround/d27/matrix.rxt:510 ((?!)z)
corpus	1	byte			vm	selected	(\?>...) at pattern offset 3				tests/lookaround/d27/matrix.rxt:517 (?>(?!)z)
corpus	1	byte			vm	selected	(\?!...) at pattern offset 0				tests/lookaround/d27/matrix.rxt:524 (?!a)z
corpus	1	byte			vm	selected	(\?!...) at pattern offset 1				tests/lookaround/d27/matrix.rxt:531 z(?!a)
corpus	1	byte			vm	selected	(\?!...) at pattern offset 1				tests/lookaround/d27/matrix.rxt:538 y(?!a)z
corpus	1	byte			vm	selected	(\?!...) at pattern offset 3				tests/lookaround/d27/matrix.rxt:545 (?:(?!a)z|w)
corpus	1	byte			vm	selected	(\?!...) at pattern offset 0				tests/lookaround/d27/matrix.rxt:552 (?!a)*z
corpus	1	byte			vm	selected	(\?!...) at pattern offset 1				tests/lookaround/d27/matrix.rxt:559 ((?!a)z)
corpus	1	byte			vm	selected	(\?>...) at pattern offset 3				tests/lookaround/d27/matrix.rxt:569 (?>(?!a)z)
corpus	1	byte			vm	selected	(\?!...) at pattern offset 0				tests/lookaround/d27/matrix.rxt:576 (?![ab])z
corpus	1	byte			vm	selected	(\?!...) at pattern offset 1				tests/lookaround/d27/matrix.rxt:583 z(?![ab])
corpus	1	byte			vm	selected	(\?!...) at pattern offset 1				tests/lookaround/d27/matrix.rxt:590 y(?![ab])z
corpus	1	byte			vm	selected	(\?!...) at pattern offset 3				tests/lookaround/d27/matrix.rxt:597 (?:(?![ab])z|w)
corpus	1	byte			vm	selected	(\?!...) at pattern offset 0				tests/lookaround/d27/matrix.rxt:604 (?![ab])*z
corpus	1	byte			vm	selected	(\?!...) at pattern offset 1				tests/lookaround/d27/matrix.rxt:611 ((?![ab])z)
corpus	1	byte			vm	selected	(\?>...) at pattern offset 3				tests/lookaround/d27/matrix.rxt:621 (?>(?![ab])z)
corpus	1	byte			vm	selected	(\?!...) at pattern offset 0				tests/lookaround/d27/matrix.rxt:628 (?!abc)z
corpus	1	byte			vm	selected	(\?!...) at pattern offset 1				tests/lookaround/d27/matrix.rxt:635 z(?!abc)
corpus	1	byte			vm	selected	(\?!...) at pattern offset 1				tests/lookaround/d27/matrix.rxt:642 y(?!abc)z
corpus	1	byte			vm	selected	(\?!...) at pattern offset 3				tests/lookaround/d27/matrix.rxt:649 (?:(?!abc)z|w)
corpus	1	byte			vm	selected	(\?!...) at pattern offset 0				tests/lookaround/d27/matrix.rxt:656 (?!abc)*z
corpus	1	byte			vm	selected	(\?!...) at pattern offset 1				tests/lookaround/d27/matrix.rxt:663 ((?!abc)z)
corpus	1	byte			vm	selected	(\?>...) at pattern offset 3				tests/lookaround/d27/matrix.rxt:673 (?>(?!abc)z)
corpus	1	byte			vm	selected	(\?!...) at pattern offset 0				tests/lookaround/d27/matrix.rxt:680 (?!ab|cd)z
corpus	1	byte			vm	selected	(\?!...) at pattern offset 1				tests/lookaround/d27/matrix.rxt:687 z(?!ab|cd)
corpus	1	byte			vm	selected	(\?!...) at pattern offset 1				tests/lookaround/d27/matrix.rxt:694 y(?!ab|cd)z
corpus	1	byte			vm	selected	(\?!...) at pattern offset 3				tests/lookaround/d27/matrix.rxt:701 (?:(?!ab|cd)z|w)
corpus	1	byte			vm	selected	(\?!...) at pattern offset 0				tests/lookaround/d27/matrix.rxt:708 (?!ab|cd)*z
corpus	1	byte			vm	selected	(\?!...) at pattern offset 1				tests/lookaround/d27/matrix.rxt:715 ((?!ab|cd)z)
corpus	1	byte			vm	selected	(\?>...) at pattern offset 3				tests/lookaround/d27/matrix.rxt:725 (?>(?!ab|cd)z)
corpus	1	byte			vm	selected	(\?!...) at pattern offset 0				tests/lookaround/d27/matrix.rxt:732 (?!a|bc)z
corpus	1	byte			vm	selected	(\?!...) at pattern offset 1				tests/lookaround/d27/matrix.rxt:739 z(?!a|bc)
corpus	1	byte			vm	selected	(\?!...) at pattern offset 1				tests/lookaround/d27/matrix.rxt:746 y(?!a|bc)z
corpus	1	byte			vm	selected	(\?!...) at pattern offset 3				tests/lookaround/d27/matrix.rxt:753 (?:(?!a|bc)z|w)
corpus	1	byte			vm	selected	(\?!...) at pattern offset 0				tests/lookaround/d27/matrix.rxt:760 (?!a|bc)*z
corpus	1	byte			vm	selected	(\?!...) at pattern offset 1				tests/lookaround/d27/matrix.rxt:767 ((?!a|bc)z)
corpus	1	byte			vm	selected	(\?>...) at pattern offset 3				tests/lookaround/d27/matrix.rxt:777 (?>(?!a|bc)z)
corpus	1	byte			vm	selected	(\?!...) at pattern offset 0				tests/lookaround/d27/matrix.rxt:784 (?!(a))z
corpus	1	byte			vm	selected	(\?!...) at pattern offset 1				tests/lookaround/d27/matrix.rxt:794 z(?!(a))
corpus	1	byte			vm	selected	(\?!...) at pattern offset 1				tests/lookaround/d27/matrix.rxt:804 y(?!(a))z
corpus	1	byte			vm	selected	(\?!...) at pattern offset 3				tests/lookaround/d27/matrix.rxt:814 (?:(?!(a))z|w)
corpus	1	byte			vm	selected	(\?!...) at pattern offset 0				tests/lookaround/d27/matrix.rxt:824 (?!(a))*z
corpus	1	byte			vm	selected	(\?!...) at pattern offset 1				tests/lookaround/d27/matrix.rxt:834 ((?!(a))z)
corpus	1	byte			vm	selected	(\?>...) at pattern offset 3				tests/lookaround/d27/matrix.rxt:847 (?>(?!(a))z)
corpus	1	byte			vm	selected	(\?!...) at pattern offset 4				tests/lookaround/d27/matrix.rxt:857 (?!a(?!b))z
corpus	1	byte			vm	selected	(\?!...) at pattern offset 5				tests/lookaround/d27/matrix.rxt:864 z(?!a(?!b))
corpus	1	byte			vm	selected	(\?!...) at pattern offset 5				tests/lookaround/d27/matrix.rxt:871 y(?!a(?!b))z
corpus	1	byte			vm	selected	(\?!...) at pattern offset 7				tests/lookaround/d27/matrix.rxt:878 (?:(?!a(?!b))z|w)
corpus	1	byte			vm	selected	(\?!...) at pattern offset 4				tests/lookaround/d27/matrix.rxt:885 (?!a(?!b))*z
corpus	1	byte			vm	selected	(\?!...) at pattern offset 5				tests/lookaround/d27/matrix.rxt:892 ((?!a(?!b))z)
corpus	1	byte			vm	selected	(\?>...) at pattern offset 7				tests/lookaround/d27/matrix.rxt:902 (?>(?!a(?!b))z)
corpus	1	byte			vm	selected	(\?!...) at pattern offset 6				tests/lookaround/d27/matrix.rxt:909 (a)(?!\1)z
corpus	1	byte			vm	selected	(\?!...) at pattern offset 7				tests/lookaround/d27/matrix.rxt:919 (a)z(?!\1)
corpus	1	byte			vm	selected	(\?!...) at pattern offset 7				tests/lookaround/d27/matrix.rxt:929 (a)y(?!\1)z
corpus	1	byte			vm	selected	(\?!...) at pattern offset 9				tests/lookaround/d27/matrix.rxt:939 (a)(?:(?!\1)z|w)
corpus	1	byte			vm	selected	(\?!...) at pattern offset 6				tests/lookaround/d27/matrix.rxt:949 (a)(?!\1)*z
corpus	1	byte			vm	selected	(\?!...) at pattern offset 7				tests/lookaround/d27/matrix.rxt:959 (a)((?!\1)z)
corpus	1	byte			vm	selected	(\?>...) at pattern offset 9				tests/lookaround/d27/matrix.rxt:972 (a)(?>(?!\1)z)
corpus	1	byte			vm	selected	(\?<=...) at pattern offset 0				tests/lookaround/d27/matrix.rxt:982 (?<=)z
corpus	1	byte			vm	selected	(\?<=...) at pattern offset 1				tests/lookaround/d27/matrix.rxt:990 z(?<=)
corpus	1	byte			vm	selected	(\?<=...) at pattern offset 1				tests/lookaround/d27/matrix.rxt:998 y(?<=)z
corpus	1	byte			vm	selected	(\?<=...) at pattern offset 3				tests/lookaround/d27/matrix.rxt:1006 (?:(?<=)z|w)
corpus	1	byte			vm	selected	(\?<=...) at pattern offset 0				tests/lookaround/d27/matrix.rxt:1014 (?<=)*z
corpus	1	byte			vm	selected	(\?<=...) at pattern offset 1				tests/lookaround/d27/matrix.rxt:1022 ((?<=)z)
corpus	1	byte			vm	selected	(\?>...) at pattern offset 3				tests/lookaround/d27/matrix.rxt:1034 (?>(?<=)z)
corpus	1	byte			vm	selected	(\?<=...) at pattern offset 0				tests/lookaround/d27/matrix.rxt:1042 (?<=a)z
corpus	1	byte			vm	selected	(\?<=...) at pattern offset 1				tests/lookaround/d27/matrix.rxt:1050 z(?<=a)
corpus	1	byte			vm	selected	(\?<=...) at pattern offset 1				tests/lookaround/d27/matrix.rxt:1057 y(?<=a)z
corpus	1	byte			vm	selected	(\?<=...) at pattern offset 3				tests/lookaround/d27/matrix.rxt:1064 (?:(?<=a)z|w)
corpus	1	byte			vm	selected	(\?<=...) at pattern offset 0				tests/lookaround/d27/matrix.rxt:1072 (?<=a)*z
corpus	1	byte			vm	selected	(\?<=...) at pattern offset 1				tests/lookaround/d27/matrix.rxt:1080 ((?<=a)z)
corpus	1	byte			vm	selected	(\?>...) at pattern offset 3				tests/lookaround/d27/matrix.rxt:1092 (?>(?<=a)z)
corpus	1	byte			vm	selected	(\?<=...) at pattern offset 0				tests/lookaround/d27/matrix.rxt:1100 (?<=[ab])z
corpus	1	byte			vm	selected	(\?<=...) at pattern offset 1				tests/lookaround/d27/matrix.rxt:1108 z(?<=[ab])
corpus	1	byte			vm	selected	(\?<=...) at pattern offset 1				tests/lookaround/d27/matrix.rxt:1115 y(?<=[ab])z
corpus	1	byte			vm	selected	(\?<=...) at pattern offset 3				tests/lookaround/d27/matrix.rxt:1122 (?:(?<=[ab])z|w)
corpus	1	byte			vm	selected	(\?<=...) at pattern offset 0				tests/lookaround/d27/matrix.rxt:1130 (?<=[ab])*z
corpus	1	byte			vm	selected	(\?<=...) at pattern offset 1				tests/lookaround/d27/matrix.rxt:1138 ((?<=[ab])z)
corpus	1	byte			vm	selected	(\?>...) at pattern offset 3				tests/lookaround/d27/matrix.rxt:1150 (?>(?<=[ab])z)
corpus	1	byte			vm	selected	(\?<=...) at pattern offset 0				tests/lookaround/d27/matrix.rxt:1158 (?<=abc)z
corpus	1	byte			vm	selected	(\?<=...) at pattern offset 1				tests/lookaround/d27/matrix.rxt:1166 z(?<=abc)
corpus	1	byte			vm	selected	(\?<=...) at pattern offset 1				tests/lookaround/d27/matrix.rxt:1173 y(?<=abc)z
corpus	1	byte			vm	selected	(\?<=...) at pattern offset 3				tests/lookaround/d27/matrix.rxt:1180 (?:(?<=abc)z|w)
corpus	1	byte			vm	selected	(\?<=...) at pattern offset 0				tests/lookaround/d27/matrix.rxt:1188 (?<=abc)*z
corpus	1	byte			vm	selected	(\?<=...) at pattern offset 1				tests/lookaround/d27/matrix.rxt:1196 ((?<=abc)z)
corpus	1	byte			vm	selected	(\?>...) at pattern offset 3				tests/lookaround/d27/matrix.rxt:1206 (?>(?<=abc)z)
corpus	1	byte			vm	selected	(\?<=...) at pattern offset 0				tests/lookaround/d27/matrix.rxt:1214 (?<=ab|cd)z
corpus	1	byte			vm	selected	(\?<=...) at pattern offset 1				tests/lookaround/d27/matrix.rxt:1222 z(?<=ab|cd)
corpus	1	byte			vm	selected	(\?<=...) at pattern offset 1				tests/lookaround/d27/matrix.rxt:1229 y(?<=ab|cd)z
corpus	1	byte			vm	selected	(\?<=...) at pattern offset 3				tests/lookaround/d27/matrix.rxt:1236 (?:(?<=ab|cd)z|w)
corpus	1	byte			vm	selected	(\?<=...) at pattern offset 0				tests/lookaround/d27/matrix.rxt:1244 (?<=ab|cd)*z
corpus	1	byte			vm	selected	(\?<=...) at pattern offset 1				tests/lookaround/d27/matrix.rxt:1252 ((?<=ab|cd)z)
corpus	1	byte			vm	selected	(\?>...) at pattern offset 3				tests/lookaround/d27/matrix.rxt:1264 (?>(?<=ab|cd)z)
corpus	1	byte			vm	selected	(\?<=...) at pattern offset 0				tests/lookaround/d27/matrix.rxt:1273 (?<=a|bc)z
corpus	1	byte			vm	selected	(\?<=...) at pattern offset 1				tests/lookaround/d27/matrix.rxt:1282 z(?<=a|bc)
corpus	1	byte			vm	selected	(\?<=...) at pattern offset 1				tests/lookaround/d27/matrix.rxt:1290 y(?<=a|bc)z
corpus	1	byte			vm	selected	(\?<=...) at pattern offset 3				tests/lookaround/d27/matrix.rxt:1298 (?:(?<=a|bc)z|w)
corpus	1	byte			vm	selected	(\?<=...) at pattern offset 0				tests/lookaround/d27/matrix.rxt:1307 (?<=a|bc)*z
corpus	1	byte			vm	selected	(\?<=...) at pattern offset 1				tests/lookaround/d27/matrix.rxt:1316 ((?<=a|bc)z)
corpus	1	byte			vm	selected	(\?>...) at pattern offset 3				tests/lookaround/d27/matrix.rxt:1329 (?>(?<=a|bc)z)
corpus	1	byte			vm	selected	(\?<=...) at pattern offset 0				tests/lookaround/d27/matrix.rxt:1337 (?<=(a))z
corpus	1	byte			vm	selected	(\?<=...) at pattern offset 1				tests/lookaround/d27/matrix.rxt:1349 z(?<=(a))
corpus	1	byte			vm	selected	(\?<=...) at pattern offset 1				tests/lookaround/d27/matrix.rxt:1356 y(?<=(a))z
corpus	1	byte			vm	selected	(\?<=...) at pattern offset 3				tests/lookaround/d27/matrix.rxt:1363 (?:(?<=(a))z|w)
corpus	1	byte			vm	selected	(\?<=...) at pattern offset 0				tests/lookaround/d27/matrix.rxt:1375 (?<=(a))*z
corpus	1	byte			vm	selected	(\?<=...) at pattern offset 1				tests/lookaround/d27/matrix.rxt:1387 ((?<=(a))z)
corpus	1	byte			vm	selected	(\?>...) at pattern offset 3				tests/lookaround/d27/matrix.rxt:1403 (?>(?<=(a))z)
corpus	1	byte			vm	selected	(\?<=...) at pattern offset 5				tests/lookaround/d27/matrix.rxt:1415 (?<=a(?!b))z
corpus	1	byte			vm	selected	(\?<=...) at pattern offset 6				tests/lookaround/d27/matrix.rxt:1423 z(?<=a(?!b))
corpus	1	byte			vm	selected	(\?<=...) at pattern offset 6				tests/lookaround/d27/matrix.rxt:1430 y(?<=a(?!b))z
corpus	1	byte			vm	selected	(\?<=...) at pattern offset 8				tests/lookaround/d27/matrix.rxt:1437 (?:(?<=a(?!b))z|w)
corpus	1	byte			vm	selected	(\?<=...) at pattern offset 5				tests/lookaround/d27/matrix.rxt:1445 (?<=a(?!b))*z
corpus	1	byte			vm	selected	(\?<=...) at pattern offset 6				tests/lookaround/d27/matrix.rxt:1453 ((?<=a(?!b))z)
corpus	1	byte			vm	selected	(\?>...) at pattern offset 8				tests/lookaround/d27/matrix.rxt:1465 (?>(?<=a(?!b))z)
corpus	1	byte			vm	selected	(\?<!...) at pattern offset 0				tests/lookaround/d27/matrix.rxt:1473 (?<!)z
corpus	1	byte			vm	selected	(\?<!...) at pattern offset 1				tests/lookaround/d27/matrix.rxt:1480 z(?<!)
corpus	1	byte			vm	selected	(\?<!...) at pattern offset 1				tests/lookaround/d27/matrix.rxt:1487 y(?<!)z
corpus	1	byte			vm	selected	(\?<!...) at pattern offset 3				tests/lookaround/d27/matrix.rxt:1494 (?:(?<!)z|w)
corpus	1	byte			vm	selected	(\?<!...) at pattern offset 0				tests/lookaround/d27/matrix.rxt:1502 (?<!)*z
corpus	1	byte			vm	selected	(\?<!...) at pattern offset 1				tests/lookaround/d27/matrix.rxt:1510 ((?<!)z)
corpus	1	byte			vm	selected	(\?>...) at pattern offset 3				tests/lookaround/d27/matrix.rxt:1517 (?>(?<!)z)
corpus	1	byte			vm	selected	(\?<!...) at pattern offset 0				tests/lookaround/d27/matrix.rxt:1524 (?<!a)z
corpus	1	byte			vm	selected	(\?<!...) at pattern offset 1				tests/lookaround/d27/matrix.rxt:1532 z(?<!a)
corpus	1	byte			vm	selected	(\?<!...) at pattern offset 1				tests/lookaround/d27/matrix.rxt:1540 y(?<!a)z
corpus	1	byte			vm	selected	(\?<!...) at pattern offset 3				tests/lookaround/d27/matrix.rxt:1548 (?:(?<!a)z|w)
corpus	1	byte			vm	selected	(\?<!...) at pattern offset 0				tests/lookaround/d27/matrix.rxt:1556 (?<!a)*z
corpus	1	byte			vm	selected	(\?<!...) at pattern offset 1				tests/lookaround/d27/matrix.rxt:1564 ((?<!a)z)
corpus	1	byte			vm	selected	(\?>...) at pattern offset 3				tests/lookaround/d27/matrix.rxt:1576 (?>(?<!a)z)
corpus	1	byte			vm	selected	(\?<!...) at pattern offset 0				tests/lookaround/d27/matrix.rxt:1584 (?<![ab])z
corpus	1	byte			vm	selected	(\?<!...) at pattern offset 1				tests/lookaround/d27/matrix.rxt:1592 z(?<![ab])
corpus	1	byte			vm	selected	(\?<!...) at pattern offset 1				tests/lookaround/d27/matrix.rxt:1600 y(?<![ab])z
corpus	1	byte			vm	selected	(\?<!...) at pattern offset 3				tests/lookaround/d27/matrix.rxt:1608 (?:(?<![ab])z|w)
corpus	1	byte			vm	selected	(\?<!...) at pattern offset 0				tests/lookaround/d27/matrix.rxt:1616 (?<![ab])*z
corpus	1	byte			vm	selected	(\?<!...) at pattern offset 1				tests/lookaround/d27/matrix.rxt:1624 ((?<![ab])z)
corpus	1	byte			vm	selected	(\?>...) at pattern offset 3				tests/lookaround/d27/matrix.rxt:1636 (?>(?<![ab])z)
corpus	1	byte			vm	selected	(\?<!...) at pattern offset 0				tests/lookaround/d27/matrix.rxt:1644 (?<!abc)z
corpus	1	byte			vm	selected	(\?<!...) at pattern offset 1				tests/lookaround/d27/matrix.rxt:1652 z(?<!abc)
corpus	1	byte			vm	selected	(\?<!...) at pattern offset 1				tests/lookaround/d27/matrix.rxt:1660 y(?<!abc)z
corpus	1	byte			vm	selected	(\?<!...) at pattern offset 3				tests/lookaround/d27/matrix.rxt:1668 (?:(?<!abc)z|w)
corpus	1	byte			vm	selected	(\?<!...) at pattern offset 0				tests/lookaround/d27/matrix.rxt:1676 (?<!abc)*z
corpus	1	byte			vm	selected	(\?<!...) at pattern offset 1				tests/lookaround/d27/matrix.rxt:1684 ((?<!abc)z)
corpus	1	byte			vm	selected	(\?>...) at pattern offset 3				tests/lookaround/d27/matrix.rxt:1696 (?>(?<!abc)z)
corpus	1	byte			vm	selected	(\?<!...) at pattern offset 0				tests/lookaround/d27/matrix.rxt:1704 (?<!ab|cd)z
corpus	1	byte			vm	selected	(\?<!...) at pattern offset 1				tests/lookaround/d27/matrix.rxt:1712 z(?<!ab|cd)
corpus	1	byte			vm	selected	(\?<!...) at pattern offset 1				tests/lookaround/d27/matrix.rxt:1720 y(?<!ab|cd)z
corpus	1	byte			vm	selected	(\?<!...) at pattern offset 3				tests/lookaround/d27/matrix.rxt:1728 (?:(?<!ab|cd)z|w)
corpus	1	byte			vm	selected	(\?<!...) at pattern offset 0				tests/lookaround/d27/matrix.rxt:1736 (?<!ab|cd)*z
corpus	1	byte			vm	selected	(\?<!...) at pattern offset 1				tests/lookaround/d27/matrix.rxt:1744 ((?<!ab|cd)z)
corpus	1	byte			vm	selected	(\?>...) at pattern offset 3				tests/lookaround/d27/matrix.rxt:1756 (?>(?<!ab|cd)z)
corpus	1	byte			vm	selected	(\?<!...) at pattern offset 0				tests/lookaround/d27/matrix.rxt:1765 (?<!a|bc)z
corpus	1	byte			vm	selected	(\?<!...) at pattern offset 1				tests/lookaround/d27/matrix.rxt:1774 z(?<!a|bc)
corpus	1	byte			vm	selected	(\?<!...) at pattern offset 1				tests/lookaround/d27/matrix.rxt:1783 y(?<!a|bc)z
corpus	1	byte			vm	selected	(\?<!...) at pattern offset 3				tests/lookaround/d27/matrix.rxt:1792 (?:(?<!a|bc)z|w)
corpus	1	byte			vm	selected	(\?<!...) at pattern offset 0				tests/lookaround/d27/matrix.rxt:1801 (?<!a|bc)*z
corpus	1	byte			vm	selected	(\?<!...) at pattern offset 1				tests/lookaround/d27/matrix.rxt:1810 ((?<!a|bc)z)
corpus	1	byte			vm	selected	(\?>...) at pattern offset 3				tests/lookaround/d27/matrix.rxt:1823 (?>(?<!a|bc)z)
corpus	1	byte			vm	selected	(\?<!...) at pattern offset 0				tests/lookaround/d27/matrix.rxt:1831 (?<!(a))z
corpus	1	byte			vm	selected	(\?<!...) at pattern offset 1				tests/lookaround/d27/matrix.rxt:1843 z(?<!(a))
corpus	1	byte			vm	selected	(\?<!...) at pattern offset 1				tests/lookaround/d27/matrix.rxt:1855 y(?<!(a))z
corpus	1	byte			vm	selected	(\?<!...) at pattern offset 3				tests/lookaround/d27/matrix.rxt:1867 (?:(?<!(a))z|w)
corpus	1	byte			vm	selected	(\?<!...) at pattern offset 0				tests/lookaround/d27/matrix.rxt:1879 (?<!(a))*z
corpus	1	byte			vm	selected	(\?<!...) at pattern offset 1				tests/lookaround/d27/matrix.rxt:1891 ((?<!(a))z)
corpus	1	byte			vm	selected	(\?>...) at pattern offset 3				tests/lookaround/d27/matrix.rxt:1907 (?>(?<!(a))z)
corpus	1	byte			vm	selected	(\?<!...) at pattern offset 5				tests/lookaround/d27/matrix.rxt:1919 (?<!a(?!b))z
corpus	1	byte			vm	selected	(\?<!...) at pattern offset 6				tests/lookaround/d27/matrix.rxt:1927 z(?<!a(?!b))
corpus	1	byte			vm	selected	(\?<!...) at pattern offset 6				tests/lookaround/d27/matrix.rxt:1935 y(?<!a(?!b))z
corpus	1	byte			vm	selected	(\?<!...) at pattern offset 8				tests/lookaround/d27/matrix.rxt:1943 (?:(?<!a(?!b))z|w)
corpus	1	byte			vm	selected	(\?<!...) at pattern offset 5				tests/lookaround/d27/matrix.rxt:1951 (?<!a(?!b))*z
corpus	1	byte			vm	selected	(\?<!...) at pattern offset 6				tests/lookaround/d27/matrix.rxt:1959 ((?<!a(?!b))z)
corpus	1	byte			vm	selected	(\?>...) at pattern offset 8				tests/lookaround/d27/matrix.rxt:1971 (?>(?<!a(?!b))z)
corpus	1	byte			vm	selected	(\?*a) at pattern offset 0				tests/lookaround/d27/matrix.rxt:1980 (?*)z
corpus	1	byte			vm	selected	(\?*a) at pattern offset 1				tests/lookaround/d27/matrix.rxt:1988 z(?*)
corpus	1	byte			vm	selected	(\?*a) at pattern offset 1				tests/lookaround/d27/matrix.rxt:1996 y(?*)z
corpus	1	byte			vm	selected	(\?*a) at pattern offset 3				tests/lookaround/d27/matrix.rxt:2004 (?:(?*)z|w)
corpus	1	byte			vm	selected	(\?*a) at pattern offset 0				tests/lookaround/d27/matrix.rxt:2012 (?*)*z
corpus	1	byte			vm	selected	(\?*a) at pattern offset 1				tests/lookaround/d27/matrix.rxt:2020 ((?*)z)
corpus	1	byte			vm	selected	(\?>...) at pattern offset 3				tests/lookaround/d27/matrix.rxt:2031 (?>(?*)z)
corpus	1	byte			vm	selected	(\?*a) at pattern offset 0				tests/lookaround/d27/matrix.rxt:2039 (?*a)z
corpus	1	byte			vm	selected	(\?*a) at pattern offset 1				tests/lookaround/d27/matrix.rxt:2047 z(?*a)
corpus	1	byte			vm	selected	(\?*a) at pattern offset 1				tests/lookaround/d27/matrix.rxt:2055 y(?*a)z
corpus	1	byte			vm	selected	(\?*a) at pattern offset 3				tests/lookaround/d27/matrix.rxt:2063 (?:(?*a)z|w)
corpus	1	byte			vm	selected	(\?*a) at pattern offset 0				tests/lookaround/d27/matrix.rxt:2071 (?*a)*z
corpus	1	byte			vm	selected	(\?*a) at pattern offset 1				tests/lookaround/d27/matrix.rxt:2079 ((?*a)z)
corpus	1	byte			vm	selected	(\?>...) at pattern offset 3				tests/lookaround/d27/matrix.rxt:2087 (?>(?*a)z)
corpus	1	byte			vm	selected	(\?*a) at pattern offset 0				tests/lookaround/d27/matrix.rxt:2095 (?*[ab])z
corpus	1	byte			vm	selected	(\?*a) at pattern offset 1				tests/lookaround/d27/matrix.rxt:2103 z(?*[ab])
corpus	1	byte			vm	selected	(\?*a) at pattern offset 1				tests/lookaround/d27/matrix.rxt:2111 y(?*[ab])z
corpus	1	byte			vm	selected	(\?*a) at pattern offset 3				tests/lookaround/d27/matrix.rxt:2119 (?:(?*[ab])z|w)
corpus	1	byte			vm	selected	(\?*a) at pattern offset 0				tests/lookaround/d27/matrix.rxt:2127 (?*[ab])*z
corpus	1	byte			vm	selected	(\?*a) at pattern offset 1				tests/lookaround/d27/matrix.rxt:2135 ((?*[ab])z)
corpus	1	byte			vm	selected	(\?>...) at pattern offset 3				tests/lookaround/d27/matrix.rxt:2143 (?>(?*[ab])z)
corpus	1	byte			vm	selected	(\?*a) at pattern offset 0				tests/lookaround/d27/matrix.rxt:2151 (?*abc)z
corpus	1	byte			vm	selected	(\?*a) at pattern offset 1				tests/lookaround/d27/matrix.rxt:2159 z(?*abc)
corpus	1	byte			vm	selected	(\?*a) at pattern offset 1				tests/lookaround/d27/matrix.rxt:2167 y(?*abc)z
corpus	1	byte			vm	selected	(\?*a) at pattern offset 3				tests/lookaround/d27/matrix.rxt:2175 (?:(?*abc)z|w)
corpus	1	byte			vm	selected	(\?*a) at pattern offset 0				tests/lookaround/d27/matrix.rxt:2183 (?*abc)*z
corpus	1	byte			vm	selected	(\?*a) at pattern offset 1				tests/lookaround/d27/matrix.rxt:2191 ((?*abc)z)
corpus	1	byte			vm	selected	(\?>...) at pattern offset 3				tests/lookaround/d27/matrix.rxt:2199 (?>(?*abc)z)
corpus	1	byte			vm	selected	(\?*a) at pattern offset 0				tests/lookaround/d27/matrix.rxt:2207 (?*ab|cd)z
corpus	1	byte			vm	selected	(\?*a) at pattern offset 1				tests/lookaround/d27/matrix.rxt:2215 z(?*ab|cd)
corpus	1	byte			vm	selected	(\?*a) at pattern offset 1				tests/lookaround/d27/matrix.rxt:2223 y(?*ab|cd)z
corpus	1	byte			vm	selected	(\?*a) at pattern offset 3				tests/lookaround/d27/matrix.rxt:2231 (?:(?*ab|cd)z|w)
corpus	1	byte			vm	selected	(\?*a) at pattern offset 0				tests/lookaround/d27/matrix.rxt:2239 (?*ab|cd)*z
corpus	1	byte			vm	selected	(\?*a) at pattern offset 1				tests/lookaround/d27/matrix.rxt:2247 ((?*ab|cd)z)
corpus	1	byte			vm	selected	(\?>...) at pattern offset 3				tests/lookaround/d27/matrix.rxt:2255 (?>(?*ab|cd)z)
corpus	1	byte			vm	selected	(\?*a) at pattern offset 0				tests/lookaround/d27/matrix.rxt:2263 (?*a|bc)z
corpus	1	byte			vm	selected	(\?*a) at pattern offset 1				tests/lookaround/d27/matrix.rxt:2271 z(?*a|bc)
corpus	1	byte			vm	selected	(\?*a) at pattern offset 1				tests/lookaround/d27/matrix.rxt:2279 y(?*a|bc)z
corpus	1	byte			vm	selected	(\?*a) at pattern offset 3				tests/lookaround/d27/matrix.rxt:2287 (?:(?*a|bc)z|w)
corpus	1	byte			vm	selected	(\?*a) at pattern offset 0				tests/lookaround/d27/matrix.rxt:2295 (?*a|bc)*z
corpus	1	byte			vm	selected	(\?*a) at pattern offset 1				tests/lookaround/d27/matrix.rxt:2303 ((?*a|bc)z)
corpus	1	byte			vm	selected	(\?>...) at pattern offset 3				tests/lookaround/d27/matrix.rxt:2311 (?>(?*a|bc)z)
corpus	1	byte			vm	selected	(\?*a) at pattern offset 0				tests/lookaround/d27/matrix.rxt:2319 (?*(a))z
corpus	1	byte			vm	selected	(\?*a) at pattern offset 1				tests/lookaround/d27/matrix.rxt:2327 z(?*(a))
corpus	1	byte			vm	selected	(\?*a) at pattern offset 1				tests/lookaround/d27/matrix.rxt:2338 y(?*(a))z
corpus	1	byte			vm	selected	(\?*a) at pattern offset 3				tests/lookaround/d27/matrix.rxt:2346 (?:(?*(a))z|w)
corpus	1	byte			vm	selected	(\?*a) at pattern offset 0				tests/lookaround/d27/matrix.rxt:2357 (?*(a))*z
corpus	1	byte			vm	selected	(\?*a) at pattern offset 1				tests/lookaround/d27/matrix.rxt:2368 ((?*(a))z)
corpus	1	byte			vm	selected	(\?>...) at pattern offset 3				tests/lookaround/d27/matrix.rxt:2376 (?>(?*(a))z)
corpus	1	byte			vm	selected	(\?*a) at pattern offset 4				tests/lookaround/d27/matrix.rxt:2384 (?*a(?!b))z
corpus	1	byte			vm	selected	(\?*a) at pattern offset 5				tests/lookaround/d27/matrix.rxt:2392 z(?*a(?!b))
corpus	1	byte			vm	selected	(\?*a) at pattern offset 5				tests/lookaround/d27/matrix.rxt:2400 y(?*a(?!b))z
corpus	1	byte			vm	selected	(\?*a) at pattern offset 7				tests/lookaround/d27/matrix.rxt:2408 (?:(?*a(?!b))z|w)
corpus	1	byte			vm	selected	(\?*a) at pattern offset 4				tests/lookaround/d27/matrix.rxt:2416 (?*a(?!b))*z
corpus	1	byte			vm	selected	(\?*a) at pattern offset 5				tests/lookaround/d27/matrix.rxt:2424 ((?*a(?!b))z)
corpus	1	byte			vm	selected	(\?>...) at pattern offset 7				tests/lookaround/d27/matrix.rxt:2432 (?>(?*a(?!b))z)
corpus	1	byte			vm	selected	(\?*a) at pattern offset 6				tests/lookaround/d27/matrix.rxt:2440 (a)(?*\1)z
corpus	1	byte			vm	selected	(\?*a) at pattern offset 7				tests/lookaround/d27/matrix.rxt:2448 (a)z(?*\1)
corpus	1	byte			vm	selected	(\?*a) at pattern offset 7				tests/lookaround/d27/matrix.rxt:2459 (a)y(?*\1)z
corpus	1	byte			vm	selected	(\?*a) at pattern offset 9				tests/lookaround/d27/matrix.rxt:2467 (a)(?:(?*\1)z|w)
corpus	1	byte			vm	selected	(\?*a) at pattern offset 6				tests/lookaround/d27/matrix.rxt:2478 (a)(?*\1)*z
corpus	1	byte			vm	selected	(\?*a) at pattern offset 7				tests/lookaround/d27/matrix.rxt:2489 (a)((?*\1)z)
corpus	1	byte			vm	selected	(\?>...) at pattern offset 9				tests/lookaround/d27/matrix.rxt:2497 (a)(?>(?*\1)z)
corpus	1	byte			vm	selected	(\?<*a) at pattern offset 0				tests/lookaround/d27/matrix.rxt:2505 (?<*)z
corpus	1	byte			vm	selected	(\?<*a) at pattern offset 1				tests/lookaround/d27/matrix.rxt:2514 z(?<*)
corpus	1	byte			vm	selected	(\?<*a) at pattern offset 1				tests/lookaround/d27/matrix.rxt:2523 y(?<*)z
corpus	1	byte			vm	selected	(\?<*a) at pattern offset 3				tests/lookaround/d27/matrix.rxt:2532 (?:(?<*)z|w)
corpus	1	byte			vm	selected	(\?<*a) at pattern offset 0				tests/lookaround/d27/matrix.rxt:2541 (?<*)*z
corpus	1	byte			vm	selected	(\?<*a) at pattern offset 1				tests/lookaround/d27/matrix.rxt:2550 ((?<*)z)
corpus	1	byte			vm	selected	(\?>...) at pattern offset 3				tests/lookaround/d27/matrix.rxt:2563 (?>(?<*)z)
corpus	1	byte			vm	selected	(\?<*a) at pattern offset 0				tests/lookaround/d27/matrix.rxt:2572 (?<*a)z
corpus	1	byte			vm	selected	(\?<*a) at pattern offset 1				tests/lookaround/d27/matrix.rxt:2581 z(?<*a)
corpus	1	byte			vm	selected	(\?<*a) at pattern offset 1				tests/lookaround/d27/matrix.rxt:2589 y(?<*a)z
corpus	1	byte			vm	selected	(\?<*a) at pattern offset 3				tests/lookaround/d27/matrix.rxt:2597 (?:(?<*a)z|w)
corpus	1	byte			vm	selected	(\?<*a) at pattern offset 0				tests/lookaround/d27/matrix.rxt:2606 (?<*a)*z
corpus	1	byte			vm	selected	(\?<*a) at pattern offset 1				tests/lookaround/d27/matrix.rxt:2615 ((?<*a)z)
corpus	1	byte			vm	selected	(\?>...) at pattern offset 3				tests/lookaround/d27/matrix.rxt:2628 (?>(?<*a)z)
corpus	1	byte			vm	selected	(\?<*a) at pattern offset 0				tests/lookaround/d27/matrix.rxt:2637 (?<*[ab])z
corpus	1	byte			vm	selected	(\?<*a) at pattern offset 1				tests/lookaround/d27/matrix.rxt:2646 z(?<*[ab])
corpus	1	byte			vm	selected	(\?<*a) at pattern offset 1				tests/lookaround/d27/matrix.rxt:2654 y(?<*[ab])z
corpus	1	byte			vm	selected	(\?<*a) at pattern offset 3				tests/lookaround/d27/matrix.rxt:2662 (?:(?<*[ab])z|w)
corpus	1	byte			vm	selected	(\?<*a) at pattern offset 0				tests/lookaround/d27/matrix.rxt:2671 (?<*[ab])*z
corpus	1	byte			vm	selected	(\?<*a) at pattern offset 1				tests/lookaround/d27/matrix.rxt:2680 ((?<*[ab])z)
corpus	1	byte			vm	selected	(\?>...) at pattern offset 3				tests/lookaround/d27/matrix.rxt:2693 (?>(?<*[ab])z)
corpus	1	byte			vm	selected	(\?<*a) at pattern offset 0				tests/lookaround/d27/matrix.rxt:2702 (?<*abc)z
corpus	1	byte			vm	selected	(\?<*a) at pattern offset 1				tests/lookaround/d27/matrix.rxt:2711 z(?<*abc)
corpus	1	byte			vm	selected	(\?<*a) at pattern offset 1				tests/lookaround/d27/matrix.rxt:2719 y(?<*abc)z
corpus	1	byte			vm	selected	(\?<*a) at pattern offset 3				tests/lookaround/d27/matrix.rxt:2727 (?:(?<*abc)z|w)
corpus	1	byte			vm	selected	(\?<*a) at pattern offset 0				tests/lookaround/d27/matrix.rxt:2736 (?<*abc)*z
corpus	1	byte			vm	selected	(\?<*a) at pattern offset 1				tests/lookaround/d27/matrix.rxt:2745 ((?<*abc)z)
corpus	1	byte			vm	selected	(\?>...) at pattern offset 3				tests/lookaround/d27/matrix.rxt:2756 (?>(?<*abc)z)
corpus	1	byte			vm	selected	(\?<*a) at pattern offset 0				tests/lookaround/d27/matrix.rxt:2765 (?<*ab|cd)z
corpus	1	byte			vm	selected	(\?<*a) at pattern offset 1				tests/lookaround/d27/matrix.rxt:2774 z(?<*ab|cd)
corpus	1	byte			vm	selected	(\?<*a) at pattern offset 1				tests/lookaround/d27/matrix.rxt:2782 y(?<*ab|cd)z
corpus	1	byte			vm	selected	(\?<*a) at pattern offset 3				tests/lookaround/d27/matrix.rxt:2790 (?:(?<*ab|cd)z|w)
corpus	1	byte			vm	selected	(\?<*a) at pattern offset 0				tests/lookaround/d27/matrix.rxt:2799 (?<*ab|cd)*z
corpus	1	byte			vm	selected	(\?<*a) at pattern offset 1				tests/lookaround/d27/matrix.rxt:2808 ((?<*ab|cd)z)
corpus	1	byte			vm	selected	(\?>...) at pattern offset 3				tests/lookaround/d27/matrix.rxt:2821 (?>(?<*ab|cd)z)
corpus	1	byte			vm	selected	(\?<*a) at pattern offset 0				tests/lookaround/d27/matrix.rxt:2830 (?<*a|bc)z
corpus	1	byte			vm	selected	(\?<*a) at pattern offset 1				tests/lookaround/d27/matrix.rxt:2839 z(?<*a|bc)
corpus	1	byte			vm	selected	(\?<*a) at pattern offset 1				tests/lookaround/d27/matrix.rxt:2847 y(?<*a|bc)z
corpus	1	byte			vm	selected	(\?<*a) at pattern offset 3				tests/lookaround/d27/matrix.rxt:2855 (?:(?<*a|bc)z|w)
corpus	1	byte			vm	selected	(\?<*a) at pattern offset 0				tests/lookaround/d27/matrix.rxt:2864 (?<*a|bc)*z
corpus	1	byte			vm	selected	(\?<*a) at pattern offset 1				tests/lookaround/d27/matrix.rxt:2873 ((?<*a|bc)z)
corpus	1	byte			vm	selected	(\?>...) at pattern offset 3				tests/lookaround/d27/matrix.rxt:2886 (?>(?<*a|bc)z)
corpus	1	byte			vm	selected	(\?<*a) at pattern offset 0				tests/lookaround/d27/matrix.rxt:2895 (?<*(a))z
corpus	1	byte			vm	selected	(\?<*a) at pattern offset 1				tests/lookaround/d27/matrix.rxt:2908 z(?<*(a))
corpus	1	byte			vm	selected	(\?<*a) at pattern offset 1				tests/lookaround/d27/matrix.rxt:2916 y(?<*(a))z
corpus	1	byte			vm	selected	(\?<*a) at pattern offset 3				tests/lookaround/d27/matrix.rxt:2924 (?:(?<*(a))z|w)
corpus	1	byte			vm	selected	(\?<*a) at pattern offset 0				tests/lookaround/d27/matrix.rxt:2937 (?<*(a))*z
corpus	1	byte			vm	selected	(\?<*a) at pattern offset 1				tests/lookaround/d27/matrix.rxt:2950 ((?<*(a))z)
corpus	1	byte			vm	selected	(\?>...) at pattern offset 3				tests/lookaround/d27/matrix.rxt:2967 (?>(?<*(a))z)
corpus	1	byte			vm	selected	(\?<*a) at pattern offset 5				tests/lookaround/d27/matrix.rxt:2980 (?<*a(?!b))z
corpus	1	byte			vm	selected	(\?<*a) at pattern offset 6				tests/lookaround/d27/matrix.rxt:2989 z(?<*a(?!b))
corpus	1	byte			vm	selected	(\?<*a) at pattern offset 6				tests/lookaround/d27/matrix.rxt:2997 y(?<*a(?!b))z
corpus	1	byte			vm	selected	(\?<*a) at pattern offset 8				tests/lookaround/d27/matrix.rxt:3005 (?:(?<*a(?!b))z|w)
corpus	1	byte			vm	selected	(\?<*a) at pattern offset 5				tests/lookaround/d27/matrix.rxt:3014 (?<*a(?!b))*z
corpus	1	byte			vm	selected	(\?<*a) at pattern offset 6				tests/lookaround/d27/matrix.rxt:3023 ((?<*a(?!b))z)
corpus	1	byte			vm	selected	(\?>...) at pattern offset 8				tests/lookaround/d27/matrix.rxt:3036 (?>(?<*a(?!b))z)
corpus	1	byte			vm	selected	(\?!...) at pattern offset 5				tests/lookaround/d27/prefilter.rxt:33 ((?:a(?!b)|ab)(?:cd){0,3}b)
corpus	1	byte			REFUSED		pcrec: variable-length lookbehind is not implemented: every alternative of a lookbehind must have a fixed length (this one can match 1..255 characters) (pattern				tests/lookaround/d27/refusals.rxt:68 (?<=a{1,255})x
corpus	1	byte			REFUSED		pcrec: variable-length lookbehind is not implemented: every alternative of a lookbehind must have a fixed length (this one can match 2..3 characters) (pattern o				tests/lookaround/d27/refusals.rxt:88 (?<=a{2}b{0,1})x
corpus	1	byte			REFUSED		pcrec: (*alpha_assertion) not recognized (pattern offset 0)				tests/lookaround/d27/refusals.rxt:103 (*nanla:a)b
corpus	1	byte			REFUSED		pcrec: (*alpha_assertion) not recognized (pattern offset 0)				tests/lookaround/d27/refusals.rxt:108 (*nanlb:a)b
corpus	1	byte			REFUSED		pcrec: quantifier does not follow a repeatable item (pattern offset 4)				tests/lookaround/d27/refusals.rxt:113 (?<!*a)b
corpus	1	byte			REFUSED		pcrec: \K is not allowed inside a lookaround (pattern offset 0)				tests/lookaround/d27/refusals.rxt:138 (?<*\Ka)x
corpus	1	byte			REFUSED		pcrec: \K is not allowed inside a lookaround (pattern offset 0)				tests/lookaround/d27/refusals.rxt:143 (*pla:a\K)x
corpus	1	byte			REFUSED		pcrec: \K is not allowed inside a lookaround (pattern offset 0)				tests/lookaround/d27/refusals.rxt:148 (*nlb:\Ka)x
corpus	1	byte			REFUSED		pcrec: \K is not allowed inside a lookaround (pattern offset 0)				tests/lookaround/d27/refusals.rxt:153 (?<=\Ka)x
corpus	1	byte			REFUSED		pcrec: \K is not allowed inside a lookaround (pattern offset 0)				tests/lookaround/d27/refusals.rxt:168 (?<!\Ka)x
corpus	1	byte			vm	declined-nullable-default	(\?=...) at pattern offset 0				tests/lookaround/d27/spellings.rxt:10 (?=a)
corpus	1	byte			vm	declined-nullable-default	(*pla:a) at pattern offset 0				tests/lookaround/d27/spellings.rxt:19 (*pla:a)
corpus	1	byte			vm	declined-nullable-default	(*positive_lookahead:a) at pattern offset 0				tests/lookaround/d27/spellings.rxt:28 (*positive_lookahead:a)
corpus	1	byte			vm	selected	(\?!...) at pattern offset 1				tests/lookaround/d27/spellings.rxt:36 a(?!a)
corpus	1	byte			vm	selected	(*nla:a) at pattern offset 1				tests/lookaround/d27/spellings.rxt:45 a(*nla:a)
corpus	1	byte			vm	selected	(*negative_lookahead:a) at pattern offset 1				tests/lookaround/d27/spellings.rxt:54 a(*negative_lookahead:a)
corpus	1	byte			vm	selected	(\?<=...) at pattern offset 0				tests/lookaround/d27/spellings.rxt:62 (?<=a)c
corpus	1	byte			vm	selected	(*plb:a) at pattern offset 0				tests/lookaround/d27/spellings.rxt:71 (*plb:a)c
corpus	1	byte			vm	selected	(*positive_lookbehind:a) at pattern offset 0				tests/lookaround/d27/spellings.rxt:80 (*positive_lookbehind:a)c
corpus	1	byte			vm	selected	(\?<!...) at pattern offset 0				tests/lookaround/d27/spellings.rxt:88 (?<!a)c
corpus	1	byte			vm	selected	(*nlb:a) at pattern offset 0				tests/lookaround/d27/spellings.rxt:97 (*nlb:a)c
corpus	1	byte			vm	selected	(*negative_lookbehind:a) at pattern offset 0				tests/lookaround/d27/spellings.rxt:106 (*negative_lookbehind:a)c
corpus	2	byte			REFUSED		pcrec: variable-length lookbehind is not implemented: every alternative of a lookbehind must have a fixed length (this one can match 1..2 characters) (pattern o				tests/lookaround/d27/spellings.rxt:139 (?<*(a|ba))c
corpus	2	byte			REFUSED		pcrec: variable-length lookbehind is not implemented: every alternative of a lookbehind must have a fixed length (this one can match 1..2 characters) (pattern o				tests/lookaround/d27/spellings.rxt:148 (*naplb:(a|ba))c
corpus	1	byte			REFUSED		pcrec: variable-length lookbehind is not implemented: every alternative of a lookbehind must have a fixed length (this one can match 1..2 characters) (pattern o				tests/lookaround/d27/spellings.rxt:157 (*non_atomic_positive_lookbehind:(a|ba))c
corpus	1	byte			REFUSED		pcrec: variable-length lookbehind is not implemented: every alternative of a lookbehind must have a fixed length (this one can match 1..2 characters) (pattern o				tests/lookaround/d27/spellings.rxt:211 (?<=(a|ba))c
corpus	1	byte			REFUSED		pcrec: variable-length lookbehind is not implemented: every alternative of a lookbehind must have a fixed length (this one can match 1..2 characters) (pattern o				tests/lookaround/d27/spellings.rxt:238 (*plb:(a|ba))c
corpus	1	byte			vm	selected	(\?<=...) at pattern offset 1				tests/lookaround/d27/spellings.rxt:256 a(?<=)b
corpus	1	byte			vm	selected	(\?<!...) at pattern offset 1				tests/lookaround/d27/spellings.rxt:262 a(?<!)b
corpus	1	byte			vm	declined-nullable-default	possessive quantifier at pattern offset 0				tests/lookaround/d27/spellings.rxt:275 (?=a)*+
corpus	1	byte			vm	declined-nullable-default	(\?=...) at pattern offset 0				tests/lookaround/d27/spellings.rxt:283 (?=a)*
corpus	1	byte			vm	declined-nullable-default	(\?=...) at pattern offset 0				tests/lookaround/d27/spellings.rxt:291 (?=a)+
corpus	1	byte			vm	declined-nullable-default	(\?=...) at pattern offset 0				tests/lookaround/d27/spellings.rxt:299 (?=a){2}
corpus	1	byte			vm	declined-nullable-default	(\?!...) at pattern offset 0				tests/lookaround/d27/spellings.rxt:307 (?!a)?
corpus	1	byte			dfa	selected					tests/modifiers/letters.rxt:32 (?s)a.b
corpus	2	byte			dfa	selected					tests/modifiers/letters.rxt:36 a.b
corpus	1	byte			dfa	selected					tests/modifiers/letters.rxt:42 (?U)a+
corpus	1	byte			dfa	selected					tests/modifiers/letters.rxt:47 (?U)a+?
corpus	1	byte			dfa	selected					tests/modifiers/letters.rxt:54 (?n)(a)
corpus	1	byte			REFUSED		pcrec: \1 refers to capture group 1, but this pattern has 0 (pattern offset 7)				tests/modifiers/letters.rxt:58 (?n)(a)\1
corpus	1	byte			dfa	selected					tests/modifiers/letters.rxt:72 (?aP)x
corpus	1	byte		i	dfa	selected					tests/modifiers/letters.rxt:80 (?i-i)a
corpus	1	byte			dfa	selected					tests/modifiers/letters.rxt:86 (?-ii)a
corpus	1	byte			REFUSED		pcrec: invalid hyphen in option setting (pattern offset 5)				tests/modifiers/malformed_and_gate.rxt:86 (?i-m-s)a
corpus	2	byte		i	REFUSED		pcrec: unrecognized character after (? or (?- (pattern offset 0)				tests/modifiers/malformed_and_gate.rxt:90 (?iZ)a
corpus	2	byte			dfa	selected					tests/modifiers/malformed_and_gate.rxt:101 a(?m)^b
corpus	1	byte			dfa	selected					tests/modifiers/malformed_and_gate.rxt:107 a(?J)(?<g>x)(?<g>y)
corpus	2	byte		i	dfa	selected					tests/modifiers/malformed_and_gate.rxt:114 a(?i)b
corpus	2	byte			dfa	selected					tests/modifiers/malformed_and_gate.rxt:118 a(?U)b+
corpus	2	byte			dfa	selected					tests/modifiers/malformed_and_gate.rxt:122 a(?n)(b)
corpus	2	byte			dfa	selected					tests/modifiers/malformed_and_gate.rxt:126 a(?^)b
corpus	2	byte			dfa	selected					tests/modifiers/malformed_and_gate.rxt:130 a(?s)b
corpus	2	byte			dfa	selected					tests/modifiers/malformed_and_gate.rxt:134 a(?x)b c
corpus	1	byte		i	dfa	selected					tests/modifiers/reset.rxt:44 (?i)a(?^)a
corpus	1	byte			dfa	selected					tests/modifiers/reset.rxt:52 (?U)(?^)a+
corpus	1	byte			dfa	selected					tests/modifiers/reset.rxt:60 (?J)(?^)(?<g>a)(?<g>b)
corpus	1	byte			dfa	selected					tests/modifiers/reset.rxt:67 (?s)(?^).
corpus	1	byte			dfa	selected					tests/modifiers/reset.rxt:74 (?n)(?^)(a)
corpus	1	byte			dfa	selected					tests/modifiers/reset.rxt:81 (?xx)(?^)a b
corpus	1	byte			dfa	selected					tests/modifiers/reset.rxt:88 (?xx)(?^)[a b]
corpus	1	byte		i	dfa	selected					tests/modifiers/scope.rxt:34 (?i)ab
corpus	1	byte		i	dfa	selected					tests/modifiers/scope.rxt:39 (?i:a)b
corpus	1	byte		i	dfa	selected					tests/modifiers/scope.rxt:47 x(?i)ab
corpus	1	byte		i	dfa	selected					tests/modifiers/scope.rxt:55 (?i)a(?-i)b
corpus	1	byte		i	dfa	selected					tests/modifiers/scope.rxt:63 (a(?i)b)c
corpus	1	byte		i	dfa	selected					tests/modifiers/scope.rxt:69 (a(?i)b)C
corpus	1	byte		i	dfa	selected					tests/modifiers/scope.rxt:79 (a(?i)b|c)d
corpus	1	byte		i	dfa	selected					tests/modifiers/scope.rxt:94 a(?i:b)*
corpus	1	byte		i	dfa	selected					tests/modifiers/scope.rxt:101 (?i)a*
corpus	1	byte			dfa	selected					tests/modifiers/xmode.rxt:44 (?x)a b
corpus	1	byte			dfa	selected					tests/modifiers/xmode.rxt:51 (?x)a\ b
corpus	1	byte			dfa	selected					tests/modifiers/xmode.rxt:60 (?x)ab#trailing comment
corpus	1	byte			dfa	selected					tests/modifiers/xmode.rxt:66 (?x)[a b]
corpus	1	byte			REFUSED		pcrec: range out of order in character class (pattern offset 6)				tests/modifiers/xxmode.rxt:39 (?x)[a- ]
corpus	1	byte			dfa	selected					tests/modifiers/xxmode.rxt:46 (?xx)[a- ]
corpus	1	byte			REFUSED		pcrec: range out of order in character class (pattern offset 7)				tests/modifiers/xxmode.rxt:55 (?xx)[a-\ ]
corpus	1	byte			dfa	selected					tests/modifiers/xxmode.rxt:62 (?xx)[\ -a]
corpus	1	byte			dfa	selected					tests/modifiers/xxmode.rxt:80 (?xx)[a\tb]
corpus	1	byte			dfa	selected					tests/modifiers/xxmode.rxt:87 (?xx)[a\tb]
corpus	1	byte			dfa	selected					tests/modifiers/xxmode.rxt:100 (?xsx)[a b]
corpus	1	byte			dfa	selected					tests/modifiers/xxmode.rxt:108 (?xx)(?x)[a b]
corpus	1	byte			dfa	selected					tests/rungselect/revdet_highbytes.rxt:54 ((H)|I){3}J
corpus	1	byte			dfa	selected					tests/rungselect/revdet_highbytes.rxt:74 ((H)|b){0,4}c
corpus	1	byte			dfa	selected					tests/rungselect/revdet_highbytes.rxt:100 ((I)|J){2}K
corpus	1	byte			dfa	selected					tests/rungselect/revdet_highbytes.rxt:119 ((\x80)|\x81){3}\x82
corpus	1	byte			dfa	selected					tests/rungselect/revdet_highbytes.rxt:134 ((\x80)|b){0,4}c
corpus	1	byte			dfa	selected					tests/rungselect/revdet_highbytes.rxt:157 (([\x80-\x8f])|b){0,4}c
corpus	1	byte			dfa	selected					tests/rungselect/revdet_highbytes.rxt:180 ((\xb0)|\xb1){2}\xb2
corpus	1	byte			dfa	selected					tests/rungselect/rungselect.rxt:40 ((a)|b){0,4}c
corpus	1	byte			dfa	selected					tests/rungselect/rungselect.rxt:135 ((a)|b){0,4}a
corpus	1	byte			dfa	selected					tests/rungselect/rungselect.rxt:254 ((a)|b){0,4}?a
corpus	1	byte			dfa	selected					tests/rungselect/rungselect.rxt:371 ((a)|b){1,3}?c
corpus	1	byte			dfa	selected					tests/rungselect/rungselect.rxt:460 ((a)|b){2,4}c
corpus	1	byte			dfa	selected					tests/rungselect/rungselect.rxt:545 ((a)|b){3}c
corpus	1	byte			dfa	selected					tests/rungselect/rungselect.rxt:619 ((a)|b)*c
corpus	1	byte			dfa	selected					tests/rungselect/rungselect.rxt:711 ((a)|b)+a
corpus	1	byte			dfa	selected					tests/rungselect/rungselect.rxt:808 ((x)y|z){0,4}w
corpus	1	byte			dfa	selected					tests/rungselect/rungselect.rxt:869 (?:(p)q|(r)){0,4}d
corpus	1	byte			dfa	selected					tests/rungselect/rungselect.rxt:927 c(?:(p)q|(r)){0,4}d
corpus	1	byte			dfa	selected					tests/rungselect/rungselect.rxt:972 (x)(?:ab|b){0,4}c
corpus	1	byte			dfa	selected					tests/rungselect/rungselect.rxt:1021 (x)(a|ab){0,4}c
corpus	1	byte			dfa	selected					tests/rungselect/rungselect.rxt:1070 (x)(?:ab?){0,4}b
corpus	1	byte			dfa	selected					tests/rungselect/rungselect.rxt:1119 (x)(?:a|){0,4}c
corpus	1	byte			dfa	selected					tests/rungselect/rungselect.rxt:1170 (x)(?:((a)|b){0,2}c){0,3}d
corpus	1	byte			dfa	selected					tests/rungselect/rungselect.rxt:1220 a*((a)|b){0,3}c(?:ab|b){0,3}d
corpus	1	byte			dfa	selected					tests/rungselect/rungselect.rxt:1269 ((a)|b){0,3}c(?:(p)q|(r)){0,3}d
corpus	1	byte			dfa	selected					tests/rungselect/rungselect.rxt:1362 (((a)|b){0,4})c
corpus	1	byte			dfa	selected					tests/rungselect/rungselect.rxt:1482 (?:x((a)|b){2}y){0,3}z
corpus	1	byte			dfa	selected					tests/rungselect/rungselect.rxt:1529 (?:x((a)|b){2}y){0,3}?z
corpus	1	byte			dfa	selected					tests/rungselect/rungselect.rxt:1555 (?:(x)(?:y|z)){0,3}w
corpus	1	byte			dfa	selected					tests/rungselect/rungselect.rxt:1603 ((a)|b){0,1}c
corpus	1	byte			dfa	selected					tests/rungselect/rungselect.rxt:1695 ((a)|b){1}c
corpus	1	byte			dfa	selected					tests/rungselect/rungselect.rxt:1785 (x)(a?){0,4}b
corpus	1	byte			dfa	selected					tests/rungselect/rungselect.rxt:1833 (x)(a?)*b
corpus	1	byte			dfa	selected					tests/rungselect/rungselect.rxt:1887 (|a){0,3}b
corpus	1	byte			dfa	selected					tests/rungselect/rungselect.rxt:2060 (x)(|a){2,4}b
corpus	1	byte			dfa	selected					tests/rungselect/rungselect.rxt:2110 (?:(a)|b|c){0,4}d
corpus	20	utf8			dfa	selected					tests/utf8/axis01_encoded_length.rxt:20 a
corpus	1	utf8			dfa	selected					tests/utf8/axis01_encoded_length.rxt:33 [a]
corpus	1	utf8			dfa	selected					tests/utf8/axis01_encoded_length.rxt:46 [^a]
corpus	1	utf8			dfa	selected					tests/utf8/axis01_encoded_length.rxt:59 a+
corpus	1	utf8			dfa	selected					tests/utf8/axis01_encoded_length.rxt:72 \x{61}
corpus	1	utf8			dfa	selected					tests/utf8/axis01_encoded_length.rxt:85 [\x{61}]
corpus	1	utf8			dfa	selected					tests/utf8/axis01_encoded_length.rxt:98 [^\x{61}]
corpus	1	utf8			dfa	selected					tests/utf8/axis01_encoded_length.rxt:111 \x{61}+
corpus	1	utf8			dfa	selected					tests/utf8/axis01_encoded_length.rxt:124 [A-a]
corpus	1	utf8			dfa	selected					tests/utf8/axis01_encoded_length.rxt:137 [^A-a]
corpus	1	utf8			dfa	selected					tests/utf8/axis01_encoded_length.rxt:150 [A-a]+
corpus	1	utf8			dfa	selected					tests/utf8/axis01_encoded_length.rxt:163 a{1,2}
corpus	1	utf8			dfa	selected					tests/utf8/axis01_encoded_length.rxt:176 [a]{1,2}
corpus	1	utf8			dfa	selected					tests/utf8/axis01_encoded_length.rxt:189 [^a]{1,2}
corpus	1	utf8			dfa	selected					tests/utf8/axis01_encoded_length.rxt:202 (?:a|z)
corpus	1	utf8			dfa	selected					tests/utf8/axis01_encoded_length.rxt:215 [az]
corpus	1	utf8		nonascii	dfa	selected					tests/utf8/axis01_encoded_length.rxt:228 α
corpus	1	utf8		nonascii	dfa	selected					tests/utf8/axis01_encoded_length.rxt:241 [α]
corpus	1	utf8		nonascii	dfa	selected					tests/utf8/axis01_encoded_length.rxt:254 [^α]
corpus	1	utf8		nonascii	dfa	selected					tests/utf8/axis01_encoded_length.rxt:267 α+
corpus	1	utf8			dfa	selected					tests/utf8/axis01_encoded_length.rxt:280 \x{3b1}
corpus	1	utf8			dfa	selected					tests/utf8/axis01_encoded_length.rxt:293 [\x{3b1}]
corpus	1	utf8			dfa	selected					tests/utf8/axis01_encoded_length.rxt:306 [^\x{3b1}]
corpus	1	utf8			dfa	selected					tests/utf8/axis01_encoded_length.rxt:319 \x{3b1}+
corpus	1	utf8		nonascii	dfa	selected					tests/utf8/axis01_encoded_length.rxt:332 [Α-α]
corpus	1	utf8		nonascii	dfa	selected					tests/utf8/axis01_encoded_length.rxt:345 [^Α-α]
corpus	1	utf8		nonascii	dfa	selected					tests/utf8/axis01_encoded_length.rxt:358 [Α-α]+
corpus	1	utf8		nonascii	dfa	selected					tests/utf8/axis01_encoded_length.rxt:371 α{1,2}
corpus	1	utf8		nonascii	dfa	selected					tests/utf8/axis01_encoded_length.rxt:384 [α]{1,2}
corpus	1	utf8		nonascii	dfa	selected					tests/utf8/axis01_encoded_length.rxt:397 [^α]{1,2}
corpus	1	utf8		nonascii	dfa	selected					tests/utf8/axis01_encoded_length.rxt:410 (?:α|β)
corpus	1	utf8		nonascii	dfa	selected					tests/utf8/axis01_encoded_length.rxt:423 [αβ]
corpus	1	utf8		nonascii	dfa	selected					tests/utf8/axis01_encoded_length.rxt:436 €
corpus	1	utf8		nonascii	dfa	selected					tests/utf8/axis01_encoded_length.rxt:449 [€]
corpus	1	utf8		nonascii	dfa	selected					tests/utf8/axis01_encoded_length.rxt:462 [^€]
corpus	1	utf8		nonascii	dfa	selected					tests/utf8/axis01_encoded_length.rxt:475 €+
corpus	1	utf8			dfa	selected					tests/utf8/axis01_encoded_length.rxt:488 \x{20ac}
corpus	1	utf8			dfa	selected					tests/utf8/axis01_encoded_length.rxt:501 [\x{20ac}]
corpus	1	utf8			dfa	selected					tests/utf8/axis01_encoded_length.rxt:514 [^\x{20ac}]
corpus	1	utf8			dfa	selected					tests/utf8/axis01_encoded_length.rxt:527 \x{20ac}+
corpus	1	utf8		nonascii	dfa	selected					tests/utf8/axis01_encoded_length.rxt:540 [₠-€]
corpus	1	utf8		nonascii	dfa	selected					tests/utf8/axis01_encoded_length.rxt:553 [^₠-€]
corpus	1	utf8		nonascii	dfa	selected					tests/utf8/axis01_encoded_length.rxt:566 [₠-€]+
corpus	1	utf8		nonascii	dfa	selected					tests/utf8/axis01_encoded_length.rxt:579 €{1,2}
corpus	1	utf8		nonascii	dfa	selected					tests/utf8/axis01_encoded_length.rxt:592 [€]{1,2}
corpus	1	utf8		nonascii	dfa	selected					tests/utf8/axis01_encoded_length.rxt:605 [^€]{1,2}
corpus	1	utf8		nonascii	dfa	selected					tests/utf8/axis01_encoded_length.rxt:618 (?:€|☃)
corpus	1	utf8		nonascii	dfa	selected					tests/utf8/axis01_encoded_length.rxt:631 [€☃]
bench,corpus	2	utf8		nonascii	dfa	selected					tests/utf8/axis01_encoded_length.rxt:644 😀
corpus	1	utf8		nonascii	dfa	selected					tests/utf8/axis01_encoded_length.rxt:657 [😀]
corpus	1	utf8		nonascii	dfa	selected					tests/utf8/axis01_encoded_length.rxt:670 [^😀]
corpus	1	utf8		nonascii	dfa	selected					tests/utf8/axis01_encoded_length.rxt:683 😀+
corpus	1	utf8			dfa	selected					tests/utf8/axis01_encoded_length.rxt:696 \x{1f600}
corpus	1	utf8			dfa	selected					tests/utf8/axis01_encoded_length.rxt:709 [\x{1f600}]
corpus	1	utf8			dfa	selected					tests/utf8/axis01_encoded_length.rxt:722 [^\x{1f600}]
corpus	1	utf8			dfa	selected					tests/utf8/axis01_encoded_length.rxt:735 \x{1f600}+
corpus	1	utf8		nonascii	dfa	selected					tests/utf8/axis01_encoded_length.rxt:748 [🌀-😀]
corpus	1	utf8		nonascii	dfa	selected					tests/utf8/axis01_encoded_length.rxt:761 [^🌀-😀]
corpus	1	utf8		nonascii	dfa	selected					tests/utf8/axis01_encoded_length.rxt:774 [🌀-😀]+
corpus	1	utf8		nonascii	dfa	selected					tests/utf8/axis01_encoded_length.rxt:787 😀{1,2}
corpus	1	utf8		nonascii	dfa	selected					tests/utf8/axis01_encoded_length.rxt:800 [😀]{1,2}
corpus	1	utf8		nonascii	dfa	selected					tests/utf8/axis01_encoded_length.rxt:813 [^😀]{1,2}
corpus	1	utf8		nonascii	dfa	selected					tests/utf8/axis01_encoded_length.rxt:826 (?:😀|😁)
corpus	1	utf8		nonascii	dfa	selected					tests/utf8/axis01_encoded_length.rxt:839 [😀😁]
corpus	20	byte			dfa	selected					tests/utf8/axis01_encoded_length_byte.rxt:27 a
corpus	1	byte			dfa	selected					tests/utf8/axis01_encoded_length_byte.rxt:35 [a]
corpus	2	byte			dfa	selected					tests/utf8/axis01_encoded_length_byte.rxt:43 [^a]
corpus	4	byte			dfa	selected					tests/utf8/axis01_encoded_length_byte.rxt:51 a+
corpus	1	byte			dfa	selected					tests/utf8/axis01_encoded_length_byte.rxt:59 \x{61}
corpus	1	byte			dfa	selected					tests/utf8/axis01_encoded_length_byte.rxt:67 [\x{61}]
corpus	1	byte			dfa	selected					tests/utf8/axis01_encoded_length_byte.rxt:75 [^\x{61}]
corpus	1	byte			dfa	selected					tests/utf8/axis01_encoded_length_byte.rxt:83 \x{61}+
corpus	1	byte			dfa	selected					tests/utf8/axis01_encoded_length_byte.rxt:91 [A-a]
corpus	1	byte			dfa	selected					tests/utf8/axis01_encoded_length_byte.rxt:99 [^A-a]
corpus	1	byte			dfa	selected					tests/utf8/axis01_encoded_length_byte.rxt:107 [A-a]+
corpus	1	byte			dfa	selected					tests/utf8/axis01_encoded_length_byte.rxt:115 a{1,2}
corpus	1	byte			dfa	selected					tests/utf8/axis01_encoded_length_byte.rxt:123 [a]{1,2}
corpus	1	byte			dfa	selected					tests/utf8/axis01_encoded_length_byte.rxt:131 [^a]{1,2}
corpus	1	byte			dfa	selected					tests/utf8/axis01_encoded_length_byte.rxt:139 (?:a|z)
corpus	1	byte			dfa	selected					tests/utf8/axis01_encoded_length_byte.rxt:147 [az]
corpus	1	byte		nonascii	dfa	selected					tests/utf8/axis01_encoded_length_byte.rxt:155 α
corpus	1	byte		nonascii	dfa	selected					tests/utf8/axis01_encoded_length_byte.rxt:163 [α]
corpus	1	byte		nonascii	dfa	selected					tests/utf8/axis01_encoded_length_byte.rxt:171 [^α]
corpus	1	byte		nonascii	dfa	selected					tests/utf8/axis01_encoded_length_byte.rxt:179 α+
corpus	1	byte			REFUSED		pcrec: character code point value in \x{...} is too large (max U+00FF under encoding 'byte') (pattern offset 0)				tests/utf8/axis01_encoded_length_byte.rxt:186 \x{3b1}
corpus	1	byte			REFUSED		pcrec: character code point value in \x{...} is too large (max U+00FF under encoding 'byte') (pattern offset 1)				tests/utf8/axis01_encoded_length_byte.rxt:191 [\x{3b1}]
corpus	1	byte			REFUSED		pcrec: character code point value in \x{...} is too large (max U+00FF under encoding 'byte') (pattern offset 2)				tests/utf8/axis01_encoded_length_byte.rxt:196 [^\x{3b1}]
corpus	1	byte			REFUSED		pcrec: character code point value in \x{...} is too large (max U+00FF under encoding 'byte') (pattern offset 0)				tests/utf8/axis01_encoded_length_byte.rxt:201 \x{3b1}+
corpus	1	byte		nonascii	dfa	selected					tests/utf8/axis01_encoded_length_byte.rxt:207 [Α-α]
corpus	1	byte		nonascii	dfa	selected					tests/utf8/axis01_encoded_length_byte.rxt:215 [^Α-α]
corpus	1	byte		nonascii	dfa	selected					tests/utf8/axis01_encoded_length_byte.rxt:223 [Α-α]+
corpus	1	byte		nonascii	dfa	selected					tests/utf8/axis01_encoded_length_byte.rxt:231 α{1,2}
corpus	1	byte		nonascii	dfa	selected					tests/utf8/axis01_encoded_length_byte.rxt:239 [α]{1,2}
corpus	1	byte		nonascii	dfa	selected					tests/utf8/axis01_encoded_length_byte.rxt:247 [^α]{1,2}
corpus	1	byte		nonascii	dfa	selected					tests/utf8/axis01_encoded_length_byte.rxt:255 (?:α|β)
corpus	1	byte		nonascii	dfa	selected					tests/utf8/axis01_encoded_length_byte.rxt:263 [αβ]
corpus	1	byte		nonascii	dfa	selected					tests/utf8/axis01_encoded_length_byte.rxt:271 €
corpus	1	byte		nonascii	dfa	selected					tests/utf8/axis01_encoded_length_byte.rxt:279 [€]
corpus	1	byte		nonascii	dfa	selected					tests/utf8/axis01_encoded_length_byte.rxt:287 [^€]
corpus	1	byte		nonascii	dfa	selected					tests/utf8/axis01_encoded_length_byte.rxt:295 €+
corpus	1	byte			REFUSED		pcrec: character code point value in \x{...} is too large (max U+00FF under encoding 'byte') (pattern offset 0)				tests/utf8/axis01_encoded_length_byte.rxt:302 \x{20ac}
corpus	1	byte			REFUSED		pcrec: character code point value in \x{...} is too large (max U+00FF under encoding 'byte') (pattern offset 1)				tests/utf8/axis01_encoded_length_byte.rxt:307 [\x{20ac}]
corpus	1	byte			REFUSED		pcrec: character code point value in \x{...} is too large (max U+00FF under encoding 'byte') (pattern offset 2)				tests/utf8/axis01_encoded_length_byte.rxt:312 [^\x{20ac}]
corpus	1	byte			REFUSED		pcrec: character code point value in \x{...} is too large (max U+00FF under encoding 'byte') (pattern offset 0)				tests/utf8/axis01_encoded_length_byte.rxt:317 \x{20ac}+
corpus	1	byte		nonascii	dfa	selected					tests/utf8/axis01_encoded_length_byte.rxt:323 [₠-€]
corpus	1	byte		nonascii	dfa	selected					tests/utf8/axis01_encoded_length_byte.rxt:331 [^₠-€]
corpus	1	byte		nonascii	dfa	selected					tests/utf8/axis01_encoded_length_byte.rxt:339 [₠-€]+
corpus	1	byte		nonascii	dfa	selected					tests/utf8/axis01_encoded_length_byte.rxt:347 €{1,2}
corpus	1	byte		nonascii	dfa	selected					tests/utf8/axis01_encoded_length_byte.rxt:355 [€]{1,2}
corpus	1	byte		nonascii	dfa	selected					tests/utf8/axis01_encoded_length_byte.rxt:363 [^€]{1,2}
corpus	1	byte		nonascii	dfa	selected					tests/utf8/axis01_encoded_length_byte.rxt:371 (?:€|☃)
corpus	1	byte		nonascii	dfa	selected					tests/utf8/axis01_encoded_length_byte.rxt:379 [€☃]
corpus	1	byte		nonascii	dfa	selected					tests/utf8/axis01_encoded_length_byte.rxt:387 😀
corpus	1	byte		nonascii	dfa	selected					tests/utf8/axis01_encoded_length_byte.rxt:395 [😀]
corpus	1	byte		nonascii	dfa	selected					tests/utf8/axis01_encoded_length_byte.rxt:403 [^😀]
corpus	1	byte		nonascii	dfa	selected					tests/utf8/axis01_encoded_length_byte.rxt:411 😀+
corpus	1	byte			REFUSED		pcrec: character code point value in \x{...} is too large (max U+00FF under encoding 'byte') (pattern offset 0)				tests/utf8/axis01_encoded_length_byte.rxt:418 \x{1f600}
corpus	1	byte			REFUSED		pcrec: character code point value in \x{...} is too large (max U+00FF under encoding 'byte') (pattern offset 1)				tests/utf8/axis01_encoded_length_byte.rxt:423 [\x{1f600}]
corpus	1	byte			REFUSED		pcrec: character code point value in \x{...} is too large (max U+00FF under encoding 'byte') (pattern offset 2)				tests/utf8/axis01_encoded_length_byte.rxt:428 [^\x{1f600}]
corpus	1	byte			REFUSED		pcrec: character code point value in \x{...} is too large (max U+00FF under encoding 'byte') (pattern offset 0)				tests/utf8/axis01_encoded_length_byte.rxt:433 \x{1f600}+
corpus	1	byte		nonascii	dfa	selected					tests/utf8/axis01_encoded_length_byte.rxt:439 [🌀-😀]
corpus	1	byte		nonascii	dfa	selected					tests/utf8/axis01_encoded_length_byte.rxt:447 [^🌀-😀]
corpus	1	byte		nonascii	dfa	selected					tests/utf8/axis01_encoded_length_byte.rxt:455 [🌀-😀]+
corpus	1	byte		nonascii	dfa	selected					tests/utf8/axis01_encoded_length_byte.rxt:463 😀{1,2}
corpus	1	byte		nonascii	dfa	selected					tests/utf8/axis01_encoded_length_byte.rxt:471 [😀]{1,2}
corpus	1	byte		nonascii	dfa	selected					tests/utf8/axis01_encoded_length_byte.rxt:479 [^😀]{1,2}
corpus	1	byte		nonascii	dfa	selected					tests/utf8/axis01_encoded_length_byte.rxt:487 (?:😀|😁)
corpus	1	byte		nonascii	dfa	selected					tests/utf8/axis01_encoded_length_byte.rxt:495 [😀😁]
corpus	1	utf8		nonascii	dfa	selected					tests/utf8/axis02_class_boundary.rxt:26 []
corpus	1	utf8			dfa	selected					tests/utf8/axis02_class_boundary.rxt:39 [\x{7f}\x{80}]
corpus	1	utf8		nonascii	dfa	selected					tests/utf8/axis02_class_boundary.rxt:52 [-]
corpus	1	utf8			dfa	selected					tests/utf8/axis02_class_boundary.rxt:65 [\x{7f}-\x{80}]
corpus	1	utf8		nonascii	dfa	selected					tests/utf8/axis02_class_boundary.rxt:78 [^]
corpus	1	utf8			dfa	selected					tests/utf8/axis02_class_boundary.rxt:91 [^\x{7f}\x{80}]
corpus	1	utf8		nonascii	dfa	selected					tests/utf8/axis02_class_boundary.rxt:104 [^-]
corpus	1	utf8			dfa	selected					tests/utf8/axis02_class_boundary.rxt:117 [^\x{7f}-\x{80}]
corpus	1	utf8		nonascii	dfa	selected					tests/utf8/axis02_class_boundary.rxt:130 []+
corpus	1	utf8		nonascii	dfa	selected					tests/utf8/axis02_class_boundary.rxt:143 [-]+
corpus	1	utf8		nonascii	dfa	selected					tests/utf8/axis02_class_boundary.rxt:156 (?:|)
corpus	2	byte		p	dfa	selected					tests/utf8/axis02_class_boundary.rxt:168 \p{L}
corpus	1	utf8		nonascii	dfa	selected					tests/utf8/axis02_class_boundary.rxt:177 [aα]
corpus	1	utf8			dfa	selected					tests/utf8/axis02_class_boundary.rxt:190 [\x{61}\x{3b1}]
corpus	1	utf8		nonascii	dfa	selected					tests/utf8/axis02_class_boundary.rxt:203 [a-α]
corpus	1	utf8			dfa	selected					tests/utf8/axis02_class_boundary.rxt:216 [\x{61}-\x{3b1}]
corpus	1	utf8		nonascii	dfa	selected					tests/utf8/axis02_class_boundary.rxt:229 [^aα]
corpus	1	utf8			dfa	selected					tests/utf8/axis02_class_boundary.rxt:242 [^\x{61}\x{3b1}]
corpus	1	utf8		nonascii	dfa	selected					tests/utf8/axis02_class_boundary.rxt:255 [^a-α]
corpus	1	utf8			dfa	selected					tests/utf8/axis02_class_boundary.rxt:268 [^\x{61}-\x{3b1}]
corpus	1	utf8		nonascii	dfa	selected					tests/utf8/axis02_class_boundary.rxt:281 [aα]+
corpus	1	utf8		nonascii	dfa	selected					tests/utf8/axis02_class_boundary.rxt:294 [a-α]+
corpus	1	utf8		nonascii	dfa	selected					tests/utf8/axis02_class_boundary.rxt:307 (?:a|α)
corpus	2	byte		p	dfa	selected					tests/utf8/axis02_class_boundary.rxt:319 \p{N}
corpus	1	byte		nonascii	dfa	selected					tests/utf8/axis02_class_boundary_byte.rxt:21 []
corpus	1	byte			dfa	selected					tests/utf8/axis02_class_boundary_byte.rxt:29 [\x{7f}\x{80}]
corpus	1	byte		nonascii	dfa	selected					tests/utf8/axis02_class_boundary_byte.rxt:36 [-]
corpus	1	byte			dfa	selected					tests/utf8/axis02_class_boundary_byte.rxt:44 [\x{7f}-\x{80}]
corpus	1	byte		nonascii	dfa	selected					tests/utf8/axis02_class_boundary_byte.rxt:51 [^]
corpus	1	byte			dfa	selected					tests/utf8/axis02_class_boundary_byte.rxt:59 [^\x{7f}\x{80}]
corpus	1	byte		nonascii	dfa	selected					tests/utf8/axis02_class_boundary_byte.rxt:66 [^-]
corpus	1	byte			dfa	selected					tests/utf8/axis02_class_boundary_byte.rxt:74 [^\x{7f}-\x{80}]
corpus	1	byte		nonascii	dfa	selected					tests/utf8/axis02_class_boundary_byte.rxt:81 []+
corpus	1	byte		nonascii	dfa	selected					tests/utf8/axis02_class_boundary_byte.rxt:89 [-]+
corpus	1	byte		nonascii	dfa	selected					tests/utf8/axis02_class_boundary_byte.rxt:97 (?:|)
corpus	1	byte		nonascii	dfa	selected					tests/utf8/axis02_class_boundary_byte.rxt:109 [aα]
corpus	1	byte			REFUSED		pcrec: character code point value in \x{...} is too large (max U+00FF under encoding 'byte') (pattern offset 7)				tests/utf8/axis02_class_boundary_byte.rxt:116 [\x{61}\x{3b1}]
corpus	1	byte		nonascii	dfa	selected					tests/utf8/axis02_class_boundary_byte.rxt:121 [a-α]
corpus	1	byte			REFUSED		pcrec: character code point value in \x{...} is too large (max U+00FF under encoding 'byte') (pattern offset 8)				tests/utf8/axis02_class_boundary_byte.rxt:128 [\x{61}-\x{3b1}]
corpus	1	byte		nonascii	dfa	selected					tests/utf8/axis02_class_boundary_byte.rxt:133 [^aα]
corpus	1	byte			REFUSED		pcrec: character code point value in \x{...} is too large (max U+00FF under encoding 'byte') (pattern offset 8)				tests/utf8/axis02_class_boundary_byte.rxt:140 [^\x{61}\x{3b1}]
corpus	1	byte		nonascii	dfa	selected					tests/utf8/axis02_class_boundary_byte.rxt:145 [^a-α]
corpus	1	byte			REFUSED		pcrec: character code point value in \x{...} is too large (max U+00FF under encoding 'byte') (pattern offset 9)				tests/utf8/axis02_class_boundary_byte.rxt:152 [^\x{61}-\x{3b1}]
corpus	1	byte		nonascii	dfa	selected					tests/utf8/axis02_class_boundary_byte.rxt:157 [aα]+
corpus	1	byte		nonascii	dfa	selected					tests/utf8/axis02_class_boundary_byte.rxt:165 [a-α]+
corpus	1	byte		nonascii	dfa	selected					tests/utf8/axis02_class_boundary_byte.rxt:173 (?:a|α)
corpus	9	utf8			dfa	selected					tests/utf8/axis03_invalid_utf8.rxt:50 a.+a
corpus	9	byte			dfa	selected					tests/utf8/axis03_invalid_utf8_byte.rxt:29 a.+a
corpus	2	utf8		p	dfa	size-cap-retry					tests/utf8/axis04_p_categories.rxt:34 \p{L}
corpus	2	utf8		p	dfa	size-cap-retry					tests/utf8/axis04_p_categories.rxt:62 \P{L}
corpus	2	utf8		p	dfa	selected					tests/utf8/axis04_p_categories.rxt:90 \p{M}
corpus	2	utf8		p	dfa	selected					tests/utf8/axis04_p_categories.rxt:116 \P{M}
corpus	2	utf8		p	dfa	selected					tests/utf8/axis04_p_categories.rxt:142 \p{N}
corpus	2	utf8		p	dfa	selected					tests/utf8/axis04_p_categories.rxt:170 \P{N}
corpus	2	utf8		p	dfa	selected					tests/utf8/axis04_p_categories.rxt:198 \p{P}
corpus	2	utf8		p	dfa	selected					tests/utf8/axis04_p_categories.rxt:226 \P{P}
corpus	2	utf8		p	dfa	selected					tests/utf8/axis04_p_categories.rxt:254 \p{S}
corpus	2	utf8		p	dfa	selected					tests/utf8/axis04_p_categories.rxt:282 \P{S}
corpus	2	utf8		p	dfa	selected					tests/utf8/axis04_p_categories.rxt:310 \p{Z}
corpus	2	utf8		p	dfa	selected					tests/utf8/axis04_p_categories.rxt:338 \P{Z}
corpus	2	utf8		p	dfa	size-cap-retry					tests/utf8/axis04_p_categories.rxt:366 \p{C}
corpus	2	utf8		p	dfa	size-cap-retry					tests/utf8/axis04_p_categories.rxt:394 \P{C}
bench,corpus	3	utf8		p	dfa	selected					tests/utf8/axis04_p_categories.rxt:422 \p{Lu}
corpus	2	utf8		p	dfa	selected					tests/utf8/axis04_p_categories.rxt:450 \P{Lu}
corpus	2	utf8		p	dfa	selected					tests/utf8/axis04_p_categories.rxt:478 \p{Ll}
corpus	2	utf8		p	dfa	selected					tests/utf8/axis04_p_categories.rxt:506 \P{Ll}
corpus	2	utf8		p	dfa	selected					tests/utf8/axis04_p_categories.rxt:533 \p{Lt}
corpus	2	utf8		p	dfa	selected					tests/utf8/axis04_p_categories.rxt:557 \P{Lt}
corpus	2	utf8		p	dfa	selected					tests/utf8/axis04_p_categories.rxt:581 \p{Lm}
corpus	2	utf8		p	dfa	selected					tests/utf8/axis04_p_categories.rxt:605 \P{Lm}
corpus	2	utf8		p	dfa	selected					tests/utf8/axis04_p_categories.rxt:629 \p{Lo}
corpus	2	utf8		p	dfa	selected					tests/utf8/axis04_p_categories.rxt:653 \P{Lo}
corpus	2	utf8		p	dfa	selected					tests/utf8/axis04_p_categories.rxt:677 \p{Mn}
corpus	2	utf8		p	dfa	selected					tests/utf8/axis04_p_categories.rxt:701 \P{Mn}
corpus	2	utf8		p	dfa	selected					tests/utf8/axis04_p_categories.rxt:725 \p{Mc}
corpus	2	utf8		p	dfa	selected					tests/utf8/axis04_p_categories.rxt:749 \P{Mc}
corpus	2	utf8		p	dfa	selected					tests/utf8/axis04_p_categories.rxt:773 \p{Me}
corpus	2	utf8		p	dfa	selected					tests/utf8/axis04_p_categories.rxt:797 \P{Me}
corpus	2	utf8		p	dfa	selected					tests/utf8/axis04_p_categories.rxt:822 \p{Nd}
corpus	2	utf8		p	dfa	selected					tests/utf8/axis04_p_categories.rxt:850 \P{Nd}
corpus	2	utf8		p	dfa	selected					tests/utf8/axis04_p_categories.rxt:877 \p{Nl}
corpus	2	utf8		p	dfa	selected					tests/utf8/axis04_p_categories.rxt:901 \P{Nl}
corpus	2	utf8		p	dfa	selected					tests/utf8/axis04_p_categories.rxt:925 \p{No}
corpus	2	utf8		p	dfa	selected					tests/utf8/axis04_p_categories.rxt:949 \P{No}
corpus	2	utf8		p	dfa	selected					tests/utf8/axis04_p_categories.rxt:973 \p{Pc}
corpus	2	utf8		p	dfa	selected					tests/utf8/axis04_p_categories.rxt:997 \P{Pc}
corpus	2	utf8		p	dfa	selected					tests/utf8/axis04_p_categories.rxt:1022 \p{Pd}
corpus	2	utf8		p	dfa	selected					tests/utf8/axis04_p_categories.rxt:1050 \P{Pd}
corpus	2	utf8		p	dfa	selected					tests/utf8/axis04_p_categories.rxt:1077 \p{Ps}
corpus	2	utf8		p	dfa	selected					tests/utf8/axis04_p_categories.rxt:1101 \P{Ps}
corpus	2	utf8		p	dfa	selected					tests/utf8/axis04_p_categories.rxt:1125 \p{Pe}
corpus	2	utf8		p	dfa	selected					tests/utf8/axis04_p_categories.rxt:1149 \P{Pe}
corpus	2	utf8		p	dfa	selected					tests/utf8/axis04_p_categories.rxt:1173 \p{Pi}
corpus	2	utf8		p	dfa	selected					tests/utf8/axis04_p_categories.rxt:1197 \P{Pi}
corpus	2	utf8		p	dfa	selected					tests/utf8/axis04_p_categories.rxt:1221 \p{Pf}
corpus	2	utf8		p	dfa	selected					tests/utf8/axis04_p_categories.rxt:1245 \P{Pf}
corpus	2	utf8		p	dfa	selected					tests/utf8/axis04_p_categories.rxt:1269 \p{Po}
corpus	2	utf8		p	dfa	selected					tests/utf8/axis04_p_categories.rxt:1293 \P{Po}
corpus	2	utf8		p	dfa	selected					tests/utf8/axis04_p_categories.rxt:1318 \p{Sm}
corpus	2	utf8		p	dfa	selected					tests/utf8/axis04_p_categories.rxt:1346 \P{Sm}
corpus	2	utf8		p	dfa	selected					tests/utf8/axis04_p_categories.rxt:1374 \p{Sc}
corpus	2	utf8		p	dfa	selected					tests/utf8/axis04_p_categories.rxt:1402 \P{Sc}
corpus	2	utf8		p	dfa	selected					tests/utf8/axis04_p_categories.rxt:1429 \p{Sk}
corpus	2	utf8		p	dfa	selected					tests/utf8/axis04_p_categories.rxt:1453 \P{Sk}
corpus	2	utf8		p	dfa	selected					tests/utf8/axis04_p_categories.rxt:1478 \p{So}
corpus	2	utf8		p	dfa	selected					tests/utf8/axis04_p_categories.rxt:1506 \P{So}
bench,corpus	3	utf8		p	dfa	selected					tests/utf8/axis04_p_categories.rxt:1534 \p{Zs}
corpus	2	utf8		p	dfa	selected					tests/utf8/axis04_p_categories.rxt:1562 \P{Zs}
corpus	2	utf8		p	dfa	selected					tests/utf8/axis04_p_categories.rxt:1589 \p{Zl}
corpus	2	utf8		p	dfa	selected					tests/utf8/axis04_p_categories.rxt:1613 \P{Zl}
corpus	2	utf8		p	dfa	selected					tests/utf8/axis04_p_categories.rxt:1637 \p{Zp}
corpus	2	utf8		p	dfa	selected					tests/utf8/axis04_p_categories.rxt:1661 \P{Zp}
corpus	2	utf8		p	dfa	selected					tests/utf8/axis04_p_categories.rxt:1686 \p{Cc}
corpus	2	utf8		p	dfa	selected					tests/utf8/axis04_p_categories.rxt:1714 \P{Cc}
corpus	2	utf8		p	dfa	selected					tests/utf8/axis04_p_categories.rxt:1742 \p{Cf}
corpus	2	utf8		p	dfa	selected					tests/utf8/axis04_p_categories.rxt:1770 \P{Cf}
corpus	2	utf8		p	dfa	selected					tests/utf8/axis04_p_categories.rxt:1796 \p{Cs}
corpus	2	utf8		p	dfa	selected					tests/utf8/axis04_p_categories.rxt:1816 \P{Cs}
corpus	2	utf8		p	dfa	selected					tests/utf8/axis04_p_categories.rxt:1837 \p{Co}
corpus	2	utf8		p	dfa	selected					tests/utf8/axis04_p_categories.rxt:1861 \P{Co}
corpus	2	utf8		p	dfa	size-cap-retry					tests/utf8/axis04_p_categories.rxt:1885 \p{Cn}
corpus	2	utf8		p	dfa	size-cap-retry					tests/utf8/axis04_p_categories.rxt:1909 \P{Cn}
corpus	1	byte		p	REFUSED		pcrec: \p{...}: not a one-letter Unicode property code pcrec recognises (pattern offset 5)				tests/utf8/axis05_p_refusals.rxt:11 \p{A}
corpus	1	byte		p	REFUSED		pcrec: \p{...}: not a one-letter Unicode property code pcrec recognises (pattern offset 5)				tests/utf8/axis05_p_refusals.rxt:15 \p{B}
corpus	1	byte		p	REFUSED		pcrec: \p{...}: not a one-letter Unicode property code pcrec recognises (pattern offset 5)				tests/utf8/axis05_p_refusals.rxt:19 \p{D}
corpus	1	byte		p	REFUSED		pcrec: \p{...}: not a one-letter Unicode property code pcrec recognises (pattern offset 5)				tests/utf8/axis05_p_refusals.rxt:23 \p{E}
corpus	1	byte		p	REFUSED		pcrec: \p{...}: not a one-letter Unicode property code pcrec recognises (pattern offset 5)				tests/utf8/axis05_p_refusals.rxt:27 \p{F}
corpus	1	byte		p	REFUSED		pcrec: \p{...}: not a one-letter Unicode property code pcrec recognises (pattern offset 5)				tests/utf8/axis05_p_refusals.rxt:31 \p{G}
corpus	1	byte		p	REFUSED		pcrec: \p{...}: not a one-letter Unicode property code pcrec recognises (pattern offset 5)				tests/utf8/axis05_p_refusals.rxt:35 \p{H}
corpus	1	byte		p	REFUSED		pcrec: \p{...}: not a one-letter Unicode property code pcrec recognises (pattern offset 5)				tests/utf8/axis05_p_refusals.rxt:39 \p{I}
corpus	1	byte		p	REFUSED		pcrec: \p{...}: not a one-letter Unicode property code pcrec recognises (pattern offset 5)				tests/utf8/axis05_p_refusals.rxt:43 \p{J}
corpus	1	byte		p	REFUSED		pcrec: \p{...}: not a one-letter Unicode property code pcrec recognises (pattern offset 5)				tests/utf8/axis05_p_refusals.rxt:47 \p{K}
corpus	1	byte		p	REFUSED		pcrec: \p{...}: not a one-letter Unicode property code pcrec recognises (pattern offset 5)				tests/utf8/axis05_p_refusals.rxt:51 \p{O}
corpus	1	byte		p	REFUSED		pcrec: \p{...}: not a one-letter Unicode property code pcrec recognises (pattern offset 5)				tests/utf8/axis05_p_refusals.rxt:55 \p{Q}
corpus	1	byte		p	REFUSED		pcrec: \p{...}: not a one-letter Unicode property code pcrec recognises (pattern offset 5)				tests/utf8/axis05_p_refusals.rxt:59 \p{R}
corpus	1	byte		p	REFUSED		pcrec: \p{...}: not a one-letter Unicode property code pcrec recognises (pattern offset 5)				tests/utf8/axis05_p_refusals.rxt:63 \p{T}
corpus	1	byte		p	REFUSED		pcrec: \p{...}: not a one-letter Unicode property code pcrec recognises (pattern offset 5)				tests/utf8/axis05_p_refusals.rxt:67 \p{U}
corpus	1	byte		p	REFUSED		pcrec: \p{...}: not a one-letter Unicode property code pcrec recognises (pattern offset 5)				tests/utf8/axis05_p_refusals.rxt:71 \p{V}
corpus	1	byte		p	REFUSED		pcrec: \p{...}: not a one-letter Unicode property code pcrec recognises (pattern offset 5)				tests/utf8/axis05_p_refusals.rxt:75 \p{W}
corpus	1	byte		p	REFUSED		pcrec: \p{...}: not a one-letter Unicode property code pcrec recognises (pattern offset 5)				tests/utf8/axis05_p_refusals.rxt:79 \p{X}
corpus	1	byte		p	REFUSED		pcrec: \p{...}: not a one-letter Unicode property code pcrec recognises (pattern offset 5)				tests/utf8/axis05_p_refusals.rxt:83 \p{Y}
corpus	1	byte		p	REFUSED		pcrec: module 'unicode-props' is enabled but \p{...}: this Unicode property is not implemented yet (pattern offset 7)				tests/utf8/axis05_p_refusals.rxt:87 \p{Foo}
corpus	1	byte		p	REFUSED		pcrec: module 'unicode-props' is enabled but \p{...}: this Unicode property is not implemented yet (pattern offset 7)				tests/utf8/axis05_p_refusals.rxt:91 \p{Bar}
corpus	1	byte		p	REFUSED		pcrec: module 'unicode-props' is enabled but \p{...}: this Unicode property is not implemented yet (pattern offset 7)				tests/utf8/axis05_p_refusals.rxt:95 \p{XYZ}
corpus	1	byte		p	REFUSED		pcrec: module 'unicode-props' is enabled but \p{...}: this Unicode property is not implemented yet (pattern offset 14)				tests/utf8/axis05_p_refusals.rxt:99 \p{Frobnicate}
corpus	1	byte		p	REFUSED		pcrec: module 'unicode-props' is enabled but \p{...}: this Unicode property is not implemented yet (pattern offset 9)				tests/utf8/axis05_p_refusals.rxt:103 \p{Digit}
corpus	1	byte		p	REFUSED		pcrec: module 'unicode-props' is enabled but \p{...}: this Unicode property is not implemented yet (pattern offset 10)				tests/utf8/axis05_p_refusals.rxt:107 \p{Number}
corpus	1	byte		p	REFUSED		pcrec: module 'unicode-props' is enabled but \p{...}: this Unicode property is not implemented yet (pattern offset 9)				tests/utf8/axis05_p_refusals.rxt:111 \p{Punct}
corpus	1	byte		p	REFUSED		pcrec: module 'unicode-props' is enabled but \p{...}: this Unicode property is not implemented yet (pattern offset 18)				tests/utf8/axis05_p_refusals.rxt:115 \p{Emoji_Modifier}
corpus	1	byte		p	REFUSED		pcrec: module 'unicode-props' is enabled but \p{...}: this Unicode property is not implemented yet (pattern offset 17)				tests/utf8/axis05_p_refusals.rxt:119 \p{Grapheme_Base}
corpus	1	byte		p	REFUSED		pcrec: module 'unicode-props' is enabled but \p{...}: this Unicode property is not implemented yet (pattern offset 19)				tests/utf8/axis05_p_refusals.rxt:123 \p{Grapheme_Extend}
corpus	1	byte		p	REFUSED		pcrec: module 'unicode-props' is enabled but \p{...}: this Unicode property is not implemented yet (pattern offset 14)				tests/utf8/axis05_p_refusals.rxt:127 \p{Word_Break}
corpus	1	byte		p	REFUSED		pcrec: module 'unicode-props' is enabled but \p{...}: this Unicode property is not implemented yet (pattern offset 11)				tests/utf8/axis05_p_refusals.rxt:131 \p{InGreek}
corpus	1	byte		p	REFUSED		pcrec: module 'unicode-props' is enabled but \p{...}: this Unicode property is not implemented yet (pattern offset 15)				tests/utf8/axis05_p_refusals.rxt:135 \p{Block=Greek}
corpus	1	byte		p	REFUSED		pcrec: module 'unicode-props' is enabled but \p{...}: this Unicode property is not implemented yet (pattern offset 13)				tests/utf8/axis05_p_refusals.rxt:139 \p{blk=Greek}
corpus	1	byte		p	REFUSED		pcrec: module 'unicode-props' is enabled but \p{...}: this Unicode property is not implemented yet (pattern offset 11)				tests/utf8/axis05_p_refusals.rxt:143 \p{IsGreek}
corpus	2	utf8	i		dfa	selected					tests/utf8/axis06_caseless_fold.rxt:31 k
corpus	1	utf8	i		dfa	selected					tests/utf8/axis06_caseless_fold.rxt:45 K
corpus	1	utf8	i		dfa	selected					tests/utf8/axis06_caseless_fold.rxt:59 \x{6b}
corpus	1	utf8	i		dfa	selected					tests/utf8/axis06_caseless_fold.rxt:73 \x{4b}
corpus	1	utf8	i		dfa	selected					tests/utf8/axis06_caseless_fold.rxt:87 a
corpus	1	utf8	i		dfa	selected					tests/utf8/axis06_caseless_fold.rxt:101 A
corpus	1	utf8	i		dfa	selected					tests/utf8/axis06_caseless_fold.rxt:115 \x{61}
corpus	1	utf8	i		dfa	selected					tests/utf8/axis06_caseless_fold.rxt:129 \x{41}
corpus	1	utf8	i		dfa	selected					tests/utf8/axis06_caseless_fold.rxt:143 o
corpus	1	utf8	i		dfa	selected					tests/utf8/axis06_caseless_fold.rxt:157 O
corpus	1	utf8	i		dfa	selected					tests/utf8/axis06_caseless_fold.rxt:171 \x{6f}
corpus	1	utf8	i		dfa	selected					tests/utf8/axis06_caseless_fold.rxt:185 \x{4f}
corpus	1	utf8	i	nonascii	dfa	selected					tests/utf8/axis06_caseless_fold.rxt:199 μ
corpus	1	utf8	i	nonascii	dfa	selected					tests/utf8/axis06_caseless_fold.rxt:213 Μ
corpus	1	utf8	i		dfa	selected					tests/utf8/axis06_caseless_fold.rxt:227 \x{3bc}
corpus	1	utf8	i		dfa	selected					tests/utf8/axis06_caseless_fold.rxt:241 \x{39c}
corpus	1	utf8	i		dfa	selected					tests/utf8/axis06_caseless_fold.rxt:255 s
corpus	1	utf8	i		dfa	selected					tests/utf8/axis06_caseless_fold.rxt:269 S
corpus	1	utf8	i		dfa	selected					tests/utf8/axis06_caseless_fold.rxt:283 \x{73}
corpus	1	utf8	i		dfa	selected					tests/utf8/axis06_caseless_fold.rxt:297 \x{53}
corpus	1	utf8	i	nonascii	dfa	selected					tests/utf8/axis06_caseless_fold.rxt:311 σ
corpus	1	utf8	i	nonascii	dfa	selected					tests/utf8/axis06_caseless_fold.rxt:325 Σ
corpus	1	utf8	i		dfa	selected					tests/utf8/axis06_caseless_fold.rxt:339 \x{3c3}
corpus	1	utf8	i		dfa	selected					tests/utf8/axis06_caseless_fold.rxt:353 \x{3a3}
corpus	2	utf8	i		dfa	selected					tests/utf8/axis06_caseless_fold.rxt:367 i
corpus	2	utf8	i		dfa	selected					tests/utf8/axis06_caseless_fold.rxt:381 I
corpus	2	utf8	i		dfa	selected					tests/utf8/axis06_caseless_fold.rxt:395 \x{69}
corpus	2	utf8	i		dfa	selected					tests/utf8/axis06_caseless_fold.rxt:409 \x{49}
corpus	2	utf8	i		dfa	selected					tests/utf8/axis06_caseless_fold.rxt:493 [k]
corpus	1	utf8	i		dfa	selected					tests/utf8/axis06_caseless_fold.rxt:507 [K]
corpus	1	utf8	i		dfa	selected					tests/utf8/axis06_caseless_fold.rxt:521 [\x{212a}]
corpus	2	utf8	i		dfa	selected					tests/utf8/axis06_caseless_fold.rxt:535 [^k]
corpus	1	utf8	i		dfa	selected					tests/utf8/axis06_caseless_fold.rxt:549 [^K]
corpus	1	utf8	i		dfa	selected					tests/utf8/axis06_caseless_fold.rxt:563 [^\x{6b}]
corpus	1	utf8	i		dfa	selected					tests/utf8/axis06_caseless_fold.rxt:577 [^\x{4b}]
corpus	1	utf8	i		dfa	selected					tests/utf8/axis06_caseless_fold.rxt:591 [^s]
corpus	1	utf8	i		dfa	selected					tests/utf8/axis06_caseless_fold.rxt:605 [^S]
corpus	1	utf8	i		dfa	selected					tests/utf8/axis06_caseless_fold.rxt:619 [^\x{73}]
corpus	1	utf8	i		dfa	selected					tests/utf8/axis06_caseless_fold.rxt:633 [^\x{53}]
corpus	4	utf8	i	p	dfa	selected					tests/utf8/axis06_caseless_fold.rxt:663 [^\p{Ll}]
corpus	2	utf8	i	nonascii	dfa	selected					tests/utf8/axis07_caseless_1ton.rxt:24 ß
corpus	1	utf8	i		dfa	selected					tests/utf8/axis07_caseless_1ton.rxt:44 SS
corpus	1	utf8	i		dfa	selected					tests/utf8/axis07_caseless_1ton.rxt:54 ss
corpus	1	utf8	i	nonascii	dfa	selected					tests/utf8/axis07_caseless_1ton.rxt:64 ﬁ
corpus	1	utf8	i		dfa	selected					tests/utf8/axis07_caseless_1ton.rxt:74 fi
corpus	1	utf8	i	nonascii	dfa	selected					tests/utf8/axis07_caseless_1ton.rxt:84 ﬃ
corpus	1	utf8	i	nonascii	dfa	selected					tests/utf8/axis07_caseless_1ton.rxt:94 ŉ
corpus	1	utf8	i	nonascii	dfa	selected					tests/utf8/axis07_caseless_1ton.rxt:104 ǰ
corpus	1	utf8	i	nonascii	dfa	selected					tests/utf8/axis07_caseless_1ton.rxt:114 ẖ
corpus	1	utf8	i	nonascii	dfa	selected					tests/utf8/axis07_caseless_1ton.rxt:124 ΐ
corpus	1	utf8			vm	selected	(\?<=...) at pattern offset 0				tests/utf8/axis08_lookbehind_varwidth.rxt:35 (?<=[a\x{3b1}])x
corpus	1	utf8			vm	selected	(\?<!...) at pattern offset 0				tests/utf8/axis08_lookbehind_varwidth.rxt:49 (?<![a\x{3b1}])x
corpus	1	utf8			vm	selected	(\?<=...) at pattern offset 20				tests/utf8/axis08_lookbehind_varwidth.rxt:63 (?<g>[a\x{3b1}])(?<=(?&g))x
corpus	1	utf8			vm	selected	(\?<=...) at pattern offset 0				tests/utf8/axis08_lookbehind_varwidth.rxt:75 (?<=.)x
corpus	1	utf8			vm	selected	(\?<!...) at pattern offset 0				tests/utf8/axis08_lookbehind_varwidth.rxt:86 (?<!.)x
corpus	1	utf8			vm	selected	(\?<=...) at pattern offset 11				tests/utf8/axis08_lookbehind_varwidth.rxt:97 (?<g>.)(?<=(?&g))x
corpus	1	utf8			vm	selected	(\?<=...) at pattern offset 0				tests/utf8/axis08_lookbehind_varwidth.rxt:108 (?<=[^a])x
corpus	1	utf8			vm	selected	(\?<!...) at pattern offset 0				tests/utf8/axis08_lookbehind_varwidth.rxt:119 (?<![^a])x
corpus	1	utf8			vm	selected	(\?<=...) at pattern offset 14				tests/utf8/axis08_lookbehind_varwidth.rxt:130 (?<g>[^a])(?<=(?&g))x
corpus	1	utf8		w	vm	selected	(\?<=...) at pattern offset 0				tests/utf8/axis08_lookbehind_varwidth.rxt:142 (?<=\w)x
corpus	1	utf8		w	vm	selected	(\?<!...) at pattern offset 0				tests/utf8/axis08_lookbehind_varwidth.rxt:155 (?<!\w)x
corpus	1	utf8		w	vm	selected	(\?<=...) at pattern offset 12				tests/utf8/axis08_lookbehind_varwidth.rxt:168 (?<g>\w)(?<=(?&g))x
corpus	1	utf8		p	vm	selected	(\?<=...) at pattern offset 0				tests/utf8/axis08_lookbehind_varwidth.rxt:181 (?<=\p{L})x
corpus	1	utf8		p	vm	selected	(\?<!...) at pattern offset 0				tests/utf8/axis08_lookbehind_varwidth.rxt:190 (?<!\p{L})x
corpus	1	utf8		p	REFUSED		pcrec: pattern too large: 850776 bytes of emitted code (limit 500000), which gcc cannot compile in reasonable time. A repeat's body is replicated and counts MUL				tests/utf8/axis08_lookbehind_varwidth.rxt:199 (?<g>\p{L})(?<=(?&g))x
corpus	1	utf8			vm	selected	(\?<=...) at pattern offset 0				tests/utf8/axis08_lookbehind_varwidth.rxt:206 (?<=[\x{0}-\x{10FFFF}])x
corpus	1	utf8			vm	selected	(\?<!...) at pattern offset 0				tests/utf8/axis08_lookbehind_varwidth.rxt:215 (?<![\x{0}-\x{10FFFF}])x
corpus	1	utf8			vm	selected	(\?<=...) at pattern offset 28				tests/utf8/axis08_lookbehind_varwidth.rxt:224 (?<g>[\x{0}-\x{10FFFF}])(?<=(?&g))x
corpus	1	utf8		i	vm	selected	(\?<=...) at pattern offset 0				tests/utf8/axis08_lookbehind_varwidth.rxt:233 (?<=(?i)s)x
corpus	1	utf8		i	vm	selected	(\?<!...) at pattern offset 0				tests/utf8/axis08_lookbehind_varwidth.rxt:242 (?<!(?i)s)x
corpus	1	utf8		i	vm	selected	(\?<=...) at pattern offset 15				tests/utf8/axis08_lookbehind_varwidth.rxt:251 (?<g>(?i)s)(?<=(?&g))x
corpus	1	utf8		i	vm	selected	(\?<=...) at pattern offset 0				tests/utf8/axis08_lookbehind_varwidth.rxt:262 (?<=(?i)[a-z])x
corpus	1	utf8		i	vm	selected	(\?<!...) at pattern offset 0				tests/utf8/axis08_lookbehind_varwidth.rxt:275 (?<!(?i)[a-z])x
corpus	1	utf8		i	vm	selected	(\?<=...) at pattern offset 19				tests/utf8/axis08_lookbehind_varwidth.rxt:288 (?<g>(?i)[a-z])(?<=(?&g))x
corpus	4	utf8			dfa	selected					tests/utf8/axis09_nextpos_findall.rxt:41 (?:)
corpus	4	utf8			dfa	selected					tests/utf8/axis09_nextpos_findall.rxt:55 .{0,1}
corpus	4	utf8			dfa	selected					tests/utf8/axis09_nextpos_findall.rxt:69 ^.
bench,corpus	5	utf8			dfa	selected					tests/utf8/axis09_nextpos_findall.rxt:83 .
corpus	2	utf8			vm	declined-nullable-default	(\?<!...) at pattern offset 0				tests/utf8/axis09_nextpos_findall.rxt:260 (?<!.)
corpus	3	utf8			dfa	selected					tests/utf8/axis10_surrogate_witness.rxt:18 ^.$
corpus	3	utf8			dfa	selected					tests/utf8/axis10_surrogate_witness.rxt:29 ^[^a]$
corpus	3	utf8		p	dfa	selected					tests/utf8/axis10_surrogate_witness.rxt:39 ^\p{L}$
bench,corpus	4	utf8		B	dfa	selected		dfa	vm	(\?!...) at pattern offset 3	tests/utf8/axis11_startpos_boundary.rxt:55 \B
corpus	1	utf8		B	dfa	selected		dfa	vm	(\?!...) at pattern offset 3	tests/utf8/axis11_startpos_boundary.rxt:64 \Bx?
corpus	2	utf8		B	dfa	selected		dfa	vm	(\?!...) at pattern offset 10	tests/utf8/axis11_startpos_boundary.rxt:110 (?m)^a|\B
bench,corpus	2	utf8		p	dfa	selected					tests/utf8/axis12_scripts.rxt:27 \p{Greek}
bench,corpus	2	utf8		p	dfa	selected					tests/utf8/axis12_scripts.rxt:41 \p{sc=Greek}
corpus	1	utf8		p	dfa	selected					tests/utf8/axis12_scripts.rxt:55 \p{scx=Greek}
corpus	1	utf8		p	dfa	selected					tests/utf8/axis12_scripts.rxt:67 \p{Script:Greek}
corpus	1	utf8		p	dfa	selected					tests/utf8/axis12_scripts.rxt:78 \p{Grek}
corpus	1	utf8		p	dfa	selected					tests/utf8/axis12_scripts.rxt:89 \p{sc=Grek}
corpus	1	utf8		p	dfa	selected					tests/utf8/axis12_scripts.rxt:100 \p{S c r i p t _ Extensions = G-r-e-e-k}
corpus	1	utf8		p	dfa	selected					tests/utf8/axis12_scripts.rxt:111 \p{Qaai}
corpus	1	utf8		p	dfa	selected					tests/utf8/axis12_scripts.rxt:121 \p{Thaana}
corpus	1	utf8		p	dfa	selected					tests/utf8/axis12_scripts.rxt:131 \p{sc=Thaana}
corpus	1	utf8		p	dfa	selected					tests/utf8/axis12_scripts.rxt:141 \p{Han}
corpus	1	utf8		p	dfa	selected					tests/utf8/axis12_scripts.rxt:152 \P{Greek}
corpus	1	utf8		p	dfa	selected					tests/utf8/axis12_scripts.rxt:163 \p{^sc=Greek}
corpus	1	utf8		p	dfa	selected					tests/utf8/axis12_scripts.rxt:174 [\p{Greek}x]
corpus	1	utf8		p	dfa	selected					tests/utf8/axis12_scripts.rxt:187 [^\p{Greek}]
corpus	1	utf8	i	p	dfa	selected					tests/utf8/axis12_scripts.rxt:201 \p{Greek}
corpus	1	byte		p	dfa	selected					tests/utf8/axis12_scripts.rxt:214 \p{Greek}
corpus	1	byte		p	dfa	selected					tests/utf8/axis12_scripts.rxt:224 \p{sc=Greek}
corpus	1	utf8		p	REFUSED		pcrec: module 'unicode-props' is enabled but \p{...}: this Unicode property is not implemented yet (pattern offset 8)				tests/utf8/axis12_scripts.rxt:237 \p{Hrkt}
corpus	1	utf8		p	REFUSED		pcrec: module 'unicode-props' is enabled but \p{...}: this Unicode property is not implemented yet (pattern offset 24)				tests/utf8/axis12_scripts.rxt:244 \p{Katakana_Or_Hiragana}
corpus	1	utf8		p	REFUSED		pcrec: module 'unicode-props' is enabled but \p{...}: this Unicode property is not implemented yet (pattern offset 8)				tests/utf8/axis12_scripts.rxt:251 \p{sc=L}
corpus	1	utf8		p	REFUSED		pcrec: module 'unicode-props' is enabled but \p{...}: this Unicode property is not implemented yet (pattern offset 11)				tests/utf8/axis12_scripts.rxt:258 \p{scx=Any}
corpus	1	utf8		p	REFUSED		pcrec: module 'unicode-props' is enabled but \p{...}: this Unicode property is not implemented yet (pattern offset 13)				tests/utf8/axis12_scripts.rxt:265 \p{sc=Nosuch}
corpus	1	utf8		p	REFUSED		pcrec: module 'unicode-props' is enabled but \p{...}: this Unicode property is not implemented yet (pattern offset 13)				tests/utf8/axis12_scripts.rxt:272 \p{blk=Greek}
corpus	1	utf8		p	REFUSED		pcrec: module 'unicode-props' is enabled but \p{...}: this Unicode property is not implemented yet (pattern offset 16)				tests/utf8/axis12_scripts.rxt:279 \p{sc=scx=Greek}
corpus	1	utf8		p	dfa	size-cap-retry					tests/utf8/axis12_scripts.rxt:296 \P{Unknown}
corpus	1	utf8		p	dfa	size-cap-retry					tests/utf8/axis12_scripts.rxt:304 \p{Unknown}
corpus	1	utf8		p	dfa	size-cap-retry					tests/utf8/axis12_scripts.rxt:312 \p{sc=Unknown}
corpus	1	utf8		p	dfa	size-cap-retry					tests/utf8/axis12_scripts.rxt:320 \p{scx=Unknown}
corpus	1	utf8		p	dfa	size-cap-retry					tests/utf8/axis12_scripts.rxt:328 \p{Zzzz}
corpus	1	utf8	i		dfa	selected					tests/utf8/fold.rxt:49 [a-z]
corpus	1	utf8			dfa	selected					tests/utf8/fold.rxt:61 [a-z]
corpus	1	utf8	i		dfa	selected					tests/utf8/fold.rxt:81 [\x{3b1}-\x{3c9}]
corpus	1	utf8	i		dfa	selected					tests/utf8/fold.rxt:92 [0-9]
corpus	1	utf8	i		dfa	selected					tests/utf8/fold.rxt:101 a-z
corpus	1	utf8	i		dfa	selected					tests/utf8/fold.rxt:114 [^a-z]
corpus	2	byte	i		dfa	selected					tests/utf8/fold.rxt:138 \xe9
corpus	1	byte	i		dfa	selected					tests/utf8/fold.rxt:146 k
corpus	1	byte	i		dfa	selected					tests/utf8/fold.rxt:154 [a-z]
corpus	1	byte	i		dfa	selected					tests/utf8/fold.rxt:164 [^\xe9]
corpus	1	utf8	i	p	dfa	selected					tests/utf8/fold.rxt:176 [\p{Lu}k]
corpus	1	utf8	i	p	dfa	selected					tests/utf8/fold.rxt:188 [\p{Lu}x]
corpus	1	utf8	i	posix:lower	dfa	selected					tests/utf8/fold.rxt:199 [[:lower:]]
corpus	1	utf8	i	posix:lower	dfa	selected					tests/utf8/fold.rxt:207 [[:lower:]k]
corpus	1	utf8	i	w	dfa	selected					tests/utf8/fold.rxt:215 \w
corpus	1	utf8	i	p	dfa	selected					tests/utf8/fold.rxt:225 [\p{Lu}]
corpus	4	byte			dfa	selected					tests/recursion/atomicity.rxt:44 ^(?:(?<g>a|ab)){0}(?&g)c$
corpus	1	byte			dfa	selected					tests/recursion/atomicity.rxt:50 ^(?:(?<g>a+)){0}(?&g)ab$
corpus	1	byte			dfa	selected					tests/recursion/atomicity.rxt:56 ^(?:(?<g>a{1,3})){0}(?&g)aa$
corpus	1	byte			vm	selected	(\?&name) at pattern offset 10				tests/recursion/atomicity.rxt:65 ^(?:(?<g>a(?&g)?b|x|xy)){0}(?&g)$
corpus	1	byte			vm	selected	(\?>...) at pattern offset 9				tests/recursion/atomicity.rxt:75 ^(?:(?<g>(?>a|ab))){0}(?&g)c$
corpus	1	byte			vm	selected	(\?>...) at pattern offset 21				tests/recursion/atomicity.rxt:80 ^(?:(?<g>a|ab)){0}(?>(?&g))c$
corpus	1	byte			vm	selected	possessive quantifier at pattern offset 18				tests/recursion/atomicity.rxt:85 ^(?:(?<g>a|ab)){0}(?&g)++c$
corpus	1	byte			vm	selected	(\?>...) at pattern offset 9				tests/recursion/atomicity.rxt:90 ^(?:(?<g>(?>a|ab))){0}(?>(?&g))c$
corpus	1	byte			vm	selected	(\?1) at pattern offset 11				tests/recursion/bothlinkage.rxt:44 ^(?:(a{2,5}(?1)?b)((?1)c)){0}(?2)$
corpus	1	byte			vm	selected	(\?1) at pattern offset 16				tests/recursion/bothlinkage.rxt:57 ^(?:(\((?:[^()]|(?1)){1,9}\))(x(?1)y)){0}(?2)$
corpus	1	byte			vm	selected	(\?1) at pattern offset 7				tests/recursion/bothlinkage.rxt:71 ^(?:(\((?=.)[^()]*(?1)?\))(x(?1)y)){0}(?2)$
corpus	1	byte			vm	selected	(\?1) at pattern offset 5				tests/recursion/bothlinkage.rxt:85 ^(?:((?>a)(?1)?b)((?1)c)){0}(?2)$
corpus	1	byte			vm	selected	(\?1) at pattern offset 6				tests/recursion/bothlinkage.rxt:97 ^(?:(a(?1)?b)((?1)c)){0}(?2){1,3}$
corpus	1	byte			vm	selected	(\?1) at pattern offset 6				tests/recursion/bothlinkage.rxt:119 ^(?:(x(?1)?(?2)y)((?3)m)(t(?3)?u)){0}(?1)$
corpus	1	byte			vm	selected	(\?1) at pattern offset 11				tests/recursion/bothlinkage.rxt:138 ^(?:((a|aa)(?1)?b)((?1)c)){0}(?3)$
corpus	4	byte			vm	selected	(\?1) at pattern offset 5				tests/recursion/captures.rxt:44 ^((a)(?1)?(b))$
corpus	2	byte			dfa	selected					tests/recursion/captures.rxt:76 ^(?:((a))(?1)x|(?1)y)$
corpus	3	byte			vm	selected	\\1 at pattern offset 6				tests/recursion/captures.rxt:87 ^(a)(b\1)(?2)$
corpus	3	byte			vm	selected	\\2 at pattern offset 7				tests/recursion/captures.rxt:103 ^((a|b)(?1)?\2)$
corpus	1	byte			dfa	selected					tests/recursion/define.rxt:44 (?(DEFINE)(?<w>[a-z]+))^(?&w)-(?&w)$
corpus	1	byte			dfa	selected					tests/recursion/define.rxt:52 (?(DEFINE)([a-z]+))^(?1)-(?1)$
corpus	1	byte			dfa	selected					tests/recursion/define.rxt:58 ^(?(DEFINE)(?<w>x))a$
corpus	1	byte			dfa	selected					tests/recursion/define.rxt:65 (?(DEFINE)(?<a>x)(?<b>y))^(?&a)(?&b)$
corpus	1	byte			vm	selected	(\?&name) at pattern offset 16				tests/recursion/define.rxt:72 (?(DEFINE)(?<p>a(?&p)?b))^(?&p)$
corpus	1	byte			dfa	selected					tests/recursion/define.rxt:81 ^(?&w)$(?(DEFINE)(?<w>[a-z]+))
corpus	1	byte			dfa	selected					tests/recursion/define.rxt:87 (?(DEFINE)(?<w>a|b))^(?&w)$
corpus	1	byte			dfa	selected					tests/recursion/define.rxt:95 (?(DEFINE))^x$
corpus	1	byte			dfa	selected					tests/recursion/define.rxt:100 (?(DEFINE)abc)^x$
corpus	1	byte			dfa	selected					tests/recursion/define.rxt:105 (?(DEFINE)(?<w>a))*^x$
corpus	1	byte		i	dfa	selected					tests/recursion/define.rxt:111 (?i)(?(DEFINE)(?<w>a))^(?&w)$
corpus	1	byte			dfa	selected					tests/recursion/define.rxt:117 (?(DEFINE)(?<w>a))(?(DEFINE)(?<v>b))^(?&w)(?&v)$
corpus	1	byte			REFUSED		pcrec: DEFINE subpattern contains more than one branch (pattern offset 3)				tests/recursion/define.rxt:129 (?(DEFINE)(?<w>a)|(?<v>b))^(?&w)$
corpus	1	byte			REFUSED		pcrec: DEFINE subpattern contains more than one branch (pattern offset 3)				tests/recursion/define.rxt:135 (?(DEFINE)a|b)^x$
corpus	1	byte			REFUSED		pcrec: module 'conditionals' is enabled but (?(...) is not implemented yet (pattern offset 0)				tests/recursion/define.rxt:145 (?(define)(?<w>a))^x$
corpus	1	byte			REFUSED		pcrec: module 'conditionals' is enabled but (?(...) is not implemented yet (pattern offset 0)				tests/recursion/define.rxt:151 (?(DEF)(?<w>a))^x$
corpus	2	byte			dfa	selected					tests/recursion/dupnames.rxt:44 ^(?J)(?:(?<a>x)|q)(?<a>y)(?&a)$
corpus	2	byte			dfa	selected					tests/recursion/dupnames.rxt:56 ^(?J)(?<a>x)(q)(?<a>y)(?&a)z$
corpus	1	byte			dfa	selected					tests/recursion/dupnames.rxt:69 ^(?J)(?<a>x?)(?<a>y)(?&a)$
corpus	2	byte			dfa	selected					tests/recursion/dupnames.rxt:83 ^(?J)(?:(?<a>x)|q)(?<a>y)(?P>a)$
corpus	2	byte			dfa	selected					tests/recursion/dupnames.rxt:90 ^(?J)(?:(?<a>x)|q)(?<a>y)\g<a>$
corpus	2	byte			dfa	selected					tests/recursion/dupnames.rxt:97 ^(?J)(?:(?<a>x)|q)(?<a>y)\g'a'$
corpus	6	byte			vm	selected	(\?1) at pattern offset 3				tests/recursion/framebuffer.rxt:24 ^(a(?1)?b)$
corpus	1	byte			dfa	selected					tests/recursion/framebuffer.rxt:94 (a|aa)+b
corpus	2	byte			dfa	selected					tests/recursion/gated.rxt:45 (a)(?1)
corpus	2	byte			dfa	selected					tests/recursion/gated.rxt:50 (?&n)(?<n>a)
corpus	3	byte			dfa	selected					tests/recursion/gated.rxt:64 ^(a|b)(?1)$
corpus	1	byte			dfa	selected					tests/recursion/gated.rxt:71 ^(?<n>a|b)(?&n)$
corpus	5	byte			dfa	selected					tests/recursion/gated.rxt:92 (a|b)(?1)
corpus	1	byte			vm	selected	(\?<=...) at pattern offset 22				tests/recursion/inlookaround.rxt:44 ^(?:(?<g>ab)){0}ab(?<=(?&g))$
corpus	1	byte			vm	selected	(\?<=...) at pattern offset 24				tests/recursion/inlookaround.rxt:51 ^(?:(?<g>ab)){0}zab(?<=z(?&g))$
corpus	1	byte			vm	selected	(\?<=...) at pattern offset 24				tests/recursion/inlookaround.rxt:57 ^(?:(?<h>cd)){0}(?:(?<g>(?&h)e)){0}cde(?<=(?&g))$
corpus	1	byte			vm	selected	(\?<=...) at pattern offset 37				tests/recursion/inlookaround.rxt:63 ^(?:(?<g>a)){0}(?:(?<h>bc)){0}xbc(?<=(?&g)|(?&h))$
corpus	1	byte			vm	selected	(\?<=...) at pattern offset 36				tests/recursion/inlookaround.rxt:70 ^(?:(?<g>a)){0}(?:(?<h>bc)){0}xa(?<=(?&g)|(?&h))$
corpus	1	byte			vm	selected	(\?<!...) at pattern offset 22				tests/recursion/inlookaround.rxt:75 ^(?:(?<g>ab)){0}ac(?<!(?&g))$
corpus	1	byte			vm	selected	(\?<=...) at pattern offset 27				tests/recursion/inlookaround.rxt:81 ^(?:(?<h>bc)){0}xbc(?<=a|b|(?&h))$
corpus	1	byte			vm	selected	(\?<=...) at pattern offset 26				tests/recursion/inlookaround.rxt:86 ^(?:(?<h>bc)){0}xa(?<=a|b|(?&h))$
corpus	1	byte			vm	selected	(\?<=...) at pattern offset 26				tests/recursion/inlookaround.rxt:91 ^(?:(?<h>bc)){0}xz(?<=a|b|(?&h))$
corpus	1	byte			vm	selected	(\?<=...) at pattern offset 37				tests/recursion/inlookaround.rxt:96 ^(?:(?<g>a)){0}(?:(?<h>aa)){0}aa(?<=((?&g))|((?&h)))$
corpus	1	byte			vm	selected	(\?<=...) at pattern offset 37				tests/recursion/inlookaround.rxt:105 ^(?:(?<h>aa)){0}(?:(?<g>a)){0}aa(?<=((?&h))|((?&g)))$
corpus	1	byte			vm	selected	(\?<=...) at pattern offset 25				tests/recursion/inlookaround.rxt:114 ^(?:(?<g>b)){0}ab(?<=a(?=(?&g))b)$
corpus	1	byte			REFUSED		pcrec: variable-length lookbehind is not implemented: every alternative of a lookbehind must have a fixed length (this one can match 1..2 characters) (pattern o				tests/recursion/inlookaround.rxt:121 ^(?:(?<g>a|ab)){0}ab(?<=(?&g))$
corpus	1	byte			REFUSED		pcrec: variable-length lookbehind is not implemented: every alternative of a lookbehind must have a fixed length (this one is unbounded) (pattern offset 26)				tests/recursion/inlookaround.rxt:127 ^(?:(?<g>a(?&g)?b)){0}aabb(?<=(?&g))$
corpus	1	byte			REFUSED		pcrec: variable-length lookbehind is not implemented: every alternative of a lookbehind must have a fixed length (this one is unbounded) (pattern offset 44)				tests/recursion/inlookaround.rxt:133 ^(?:(?<g>a(?&h)?b)){0}(?:(?<h>(?&g))){0}aabb(?<=(?&g))$
corpus	1	byte			REFUSED		pcrec: variable-length lookbehind is not implemented: every alternative of a lookbehind must have a fixed length (this one is unbounded) (pattern offset 44)				tests/recursion/inlookaround.rxt:139 ^(?:(?<h>a(?&h)?b)){0}(?:(?<g>(?&h)x)){0}abx(?<=(?&g))$
corpus	1	byte			vm	selected	(\?=...) at pattern offset 19				tests/recursion/inlookaround.rxt:148 ^(?:(?<g>ab)){0}(?=(?&g))ab$
corpus	1	byte			vm	selected	(\?!...) at pattern offset 19				tests/recursion/inlookaround.rxt:153 ^(?:(?<g>ab)){0}(?!(?&g))ac$
corpus	1	byte			vm	selected	(\?>...) at pattern offset 19				tests/recursion/inlookaround.rxt:158 ^(?:(?<g>ab)){0}(?>(?&g))$
corpus	2	byte			vm	selected	(\?<=...) at pattern offset 3				tests/recursion/inlookaround.rxt:167 ^ab(?<=(ab))(?1)$
corpus	2	byte			vm	selected	(\?!...) at pattern offset 1				tests/recursion/inlookaround.rxt:174 ^(?!(z|zy))x(?1)c$
corpus	2	byte			vm	selected	(\?>...) at pattern offset 1				tests/recursion/inlookaround.rxt:182 ^(?>(a|ab))z(?1)c$
corpus	2	byte			vm	selected	(\?>...) at pattern offset 1				tests/recursion/inlookaround.rxt:188 ^(?>(a|ab))z(?:a|ab)c$
corpus	2	byte			vm	selected	(\?=...) at pattern offset 1				tests/recursion/inlookaround.rxt:194 ^(?=(a|ab))..(?1)$
corpus	2	byte			vm	selected	(\?=...) at pattern offset 2				tests/recursion/inlookaround.rxt:200 ^((?=(b))|a)+(?2)$
corpus	1	byte			vm	selected	(\?1) at pattern offset 3				tests/recursion/k69.rxt:40 (a|(?1))*?b
corpus	1	byte			vm	selected	(\?1) at pattern offset 3				tests/recursion/k69.rxt:48 (a|(?1))+?b
corpus	1	byte			vm	selected	(\?1) at pattern offset 3				tests/recursion/k69.rxt:56 (a|(?1)){2,}?c
corpus	1	byte			vm	selected	(\?1) at pattern offset 3				tests/recursion/k69.rxt:65 (a|(?1)(?1))*?b
corpus	1	byte			vm	selected	(\?&name) at pattern offset 17				tests/recursion/k69.rxt:74 (?(DEFINE)(?<g>a|(?&g)))x(?&g)*?y
corpus	1	byte			vm	selected	(\?&name) at pattern offset 17				tests/recursion/k69.rxt:82 (?(DEFINE)(?<g>a|(?&h))(?<h>(?&g)))x(?&g)*?y
corpus	1	byte			vm	selected	(\?1) at pattern offset 4				tests/recursion/k69.rxt:93 ^(a|(?1))$
corpus	1	byte			dfa	selected					tests/recursion/k69.rxt:104 (?(DEFINE)(?<g>a?))(?&g)*
corpus	1	byte			dfa	selected					tests/recursion/k69.rxt:113 (?(DEFINE)(?<g>(?&h)|a)(?<h>b?))(?&g)*
corpus	4	byte			dfa	selected					tests/recursion/k69.rxt:123 ^(a?)(?1)*$
corpus	1	byte			vm	selected	(\?1) at pattern offset 2				tests/recursion/k69.rxt:133 (a(?1)?)*
corpus	1	byte			vm	selected	(\?1) at pattern offset 4				tests/recursion/k69.rxt:141 (a|b(?1))*
corpus	1	byte			dfa	selected					tests/recursion/k69.rxt:157 (a)?(?1)
corpus	1	byte			dfa	selected					tests/recursion/k69.rxt:166 (?:(a)|)(?1)
corpus	1	byte			dfa	selected					tests/recursion/k69.rxt:175 (?(DEFINE)(?<g>a))(?&g)
corpus	1	utf8			dfa	selected					tests/recursion/k69.rxt:183 (?(DEFINE)(?<g>a))(?&g)
corpus	2	byte			vm	selected	\\K at pattern offset 3				tests/recursion/kreset.rxt:44 ^(a\Kb)(?1)$
corpus	1	byte			vm	selected	\\K at pattern offset 10				tests/recursion/kreset.rxt:50 ^(?:(?<g>a\Kb)){0}(?&g)$
corpus	2	byte			vm	selected	\\K at pattern offset 3				tests/recursion/kreset.rxt:56 ^(a(?1)?\Kb)$
corpus	1	byte			vm	selected	\\K at pattern offset 3				tests/recursion/kreset.rxt:66 (?=(?1))(a\Kb)
corpus	1	byte			vm	selected	\\K at pattern offset 3				tests/recursion/kreset.rxt:76 (?=(?1))(a\Kb)c
corpus	1	byte			vm	selected	\\K at pattern offset 4				tests/recursion/kreset.rxt:82 x(?=(?1))(a\Kb)
corpus	1	byte			vm	selected	\\K at pattern offset 3				tests/recursion/kreset.rxt:88 (?!(?1))(a\Kb)c
corpus	1	byte			vm	selected	(\?=...) at pattern offset 10				tests/recursion/kreset.rxt:94 ^(?:((?:a)\Kb)){0}(?=(?1))ab$
corpus	2	byte			vm	selected	(\?0) at pattern offset 3				tests/recursion/leadingzero.rxt:50 ^(a(?01)?b)$
corpus	2	byte			vm	selected	(\?0) at pattern offset 3				tests/recursion/leadingzero.rxt:56 ^(a(?001)?b)$
corpus	2	byte			vm	selected	(\?0) at pattern offset 3				tests/recursion/leadingzero.rxt:62 ^(a(?0001)?b)$
corpus	3	byte			vm	selected	(\?R) at pattern offset 3				tests/recursion/leadingzero.rxt:68 ^(a(?R)?b)$
corpus	2	byte			vm	selected	(\?0) at pattern offset 3				tests/recursion/leadingzero.rxt:73 ^(a(?00)?b)$
corpus	2	byte			vm	selected	\\g<1> at pattern offset 3				tests/recursion/leadingzero.rxt:81 ^(a\g<1>?b)$
corpus	2	byte			vm	selected	\\g<1> at pattern offset 3				tests/recursion/leadingzero.rxt:86 ^(a\g<01>?b)$
corpus	2	byte			vm	selected	\\g'1' at pattern offset 3				tests/recursion/leadingzero.rxt:91 ^(a\g'01'?b)$
corpus	3	byte			vm	selected	\\g<1> at pattern offset 3				tests/recursion/leadingzero.rxt:96 ^(a\g<0>?b)$
corpus	2	byte			vm	selected	\\g<1> at pattern offset 3				tests/recursion/leadingzero.rxt:100 ^(a\g<00>?b)$
corpus	2	byte			vm	selected	\\g'1' at pattern offset 3				tests/recursion/leadingzero.rxt:104 ^(a\g'00'?b)$
corpus	3	byte			dfa	selected					tests/recursion/leadingzero.rxt:112 ^(a)(b)(?-01)$
corpus	1	byte			vm	selected	(\?1) at pattern offset 2				tests/recursion/leftrec.rxt:45 ^((?1)a)$
corpus	1	byte			vm	selected	(\?&name) at pattern offset 9				tests/recursion/leftrec.rxt:52 ^(?:(?<p>(?&q)a)){0}(?:(?<q>(?&p)b)){0}(?&p)$
corpus	1	byte			vm	selected	(\?1) at pattern offset 4				tests/recursion/leftrec.rxt:59 ^(a?(?1)b)$
corpus	2	byte			vm	selected	(\?1) at pattern offset 4				tests/recursion/leftrec.rxt:68 ^(a|(?1)a)$
corpus	1	byte			vm	selected	(\?&name) at pattern offset 9				tests/recursion/mrl.rxt:44 ^(?:(?<g>(?&h)b)){0}(?:(?<h>x|(?&g))){0}(?&g)$
corpus	1	byte			vm	selected	(\?&name) at pattern offset 10				tests/recursion/mrl.rxt:56 ^(?:(?<g>a(?&g)b)){0}(?&g)$
corpus	1	byte			dfa	selected					tests/recursion/nocaptures.rxt:66 ^(a)(?1)?$
corpus	1	byte			dfa	selected					tests/recursion/nocaptures.rxt:76 ^(a(?3)?)(b)((c)?)$
corpus	1	byte			dfa	selected					tests/recursion/prefilter.rxt:44 (?:(x)){0}a(?1)b
corpus	1	byte			dfa	selected					tests/recursion/prefilter.rxt:54 (?:(x)){0}a\g<1>b
corpus	1	byte			dfa	selected					tests/recursion/prefilter.rxt:61 (?:(?<w>x)){0}a(?&w)b
corpus	1	byte			dfa	selected					tests/recursion/prefilter.rxt:72 (cat)xcat
corpus	1	byte			dfa	selected					tests/recursion/prefilter.rxt:80 (cat)x(?1)
corpus	1	byte			dfa	selected					tests/recursion/quantified.rxt:44 ^(a?)(?1)+a$
corpus	1	byte			dfa	selected					tests/recursion/quantified.rxt:55 ^(a?)(?1){2}a$
corpus	1	byte			vm	declined-nullable-default	possessive quantifier at pattern offset 16				tests/recursion/quantified.rxt:79 ^(?:(?<g>a?)){0}(?&g)*+$
corpus	2	byte			dfa	selected					tests/recursion/quantified.rxt:87 ^(?:(?<g>a?)){0}(?&g)*$
corpus	1	byte			dfa	selected					tests/recursion/quantified.rxt:99 ^(a)(?1){2}b$
corpus	1	byte			dfa	selected					tests/recursion/quantified.rxt:105 ^(a)(?1)+b$
corpus	1	byte			dfa	selected					tests/recursion/quantified.rxt:111 ^(a)(?1)*b$
corpus	1	byte			dfa	selected					tests/recursion/quantified.rxt:119 ^(a)(?1){1,3}b$
corpus	1	byte			dfa	selected					tests/recursion/quantified.rxt:125 ^(a)(?-1){2}b$
corpus	1	byte			dfa	selected					tests/recursion/quantified.rxt:131 ^(?<g>a)(?&g){2}b$
corpus	1	byte			dfa	selected					tests/recursion/quantified.rxt:137 ^(?<g>a)(?P>g){2}b$
corpus	1	byte			dfa	selected					tests/recursion/quantified.rxt:143 ^(a)\g<1>{2}b$
corpus	1	byte			dfa	selected					tests/recursion/quantified.rxt:149 ^(a)\g'1'{2}b$
corpus	1	byte			dfa	selected					tests/recursion/quantified.rxt:155 ^(?<g>a)\g<g>{2}b$
corpus	1	byte			dfa	selected					tests/recursion/quantified.rxt:161 ^(?<g>a)\g'g'{2}b$
corpus	2	byte			vm	selected	(\?R) at pattern offset 2				tests/recursion/quantified.rxt:167 (a(?R)*b)
corpus	2	byte			dfa	selected					tests/recursion/quantified.rxt:182 ^(?:(?<g>)){0}(?&g)*$
corpus	2	byte			vm	selected	(\?R) at pattern offset 1				tests/recursion/quantified.rxt:198 ^(?R)*$
bench,corpus	3	byte			dfa	selected					tests/recursion/realworld.rxt:44 (?:[a-z0-9!#$%&'*+/=?^_`{|}~-]+(?:\.[a-z0-9!#$%&'*+/=?^_`{|}~-]+)*|"(?:[\x01-\x08\x0b\x0c\x0e-\x1f\x21\x23-\x5b\x5d-\x7f]|\\[\x01-\x09\x0b\x0c\x0e-\x7f])*")@(?:(?:[a-z0-9](?:[a-z0-9-]*[a-z0-9])?\.)+[a
bench,corpus	3	byte			dfa	selected					tests/recursion/realworld.rxt:71 (?:(?<atom>[a-z0-9!#$%&'*+/=?^_`{|}~-]+)){0}(?:(?<qchar>[\x01-\x08\x0b\x0c\x0e-\x1f\x21\x23-\x5b\x5d-\x7f]|\\[\x01-\x09\x0b\x0c\x0e-\x7f])){0}(?:(?<label>[a-z0-9](?:[a-z0-9-]*[a-z0-9])?)){0}(?:(?<octe
corpus	1	byte			dfa	selected					tests/recursion/realworld.rxt:131 (?(DEFINE)(?<atom>[a-z0-9!#$%&'*+/=?^_`{|}~-]+)(?<qchar>[\x01-\x08\x0b\x0c\x0e-\x1f\x21\x23-\x5b\x5d-\x7f]|\\[\x01-\x09\x0b\x0c\x0e-\x7f])(?<label>[a-z0-9](?:[a-z0-9-]*[a-z0-9])?)(?<octet>25[0-5]|2[0-
corpus	1	byte			dfa	selected					tests/recursion/rebind.rxt:44 ^((?:a|b))(?1)$
corpus	1	byte			dfa	selected					tests/recursion/rebind.rxt:58 ^((?:foo|fob))(?1)x$
corpus	1	byte			vm	selected	(\?>...) at pattern offset 2				tests/recursion/rebind.rxt:71 ^((?>a)b)(?1)$
corpus	1	byte			vm	selected	(\?>...) at pattern offset 2				tests/recursion/rebind.rxt:79 ^((?>a|ab))z(?1)c$
corpus	3	byte			REFUSED		pcrec: module 'conditionals' is enabled but (?(...) is not implemented yet (pattern offset 3)				tests/recursion/refused.rxt:45 (a)(?(1)b|c)
corpus	1	byte			REFUSED		pcrec: module 'conditionals' is enabled but (?(...) is not implemented yet (pattern offset 3)				tests/recursion/refused.rxt:50 (a)(?(R)b|c)
corpus	2	byte			dfa	selected					tests/recursion/relative.rxt:44 ^(a)(b)(?-1)$
corpus	2	byte			dfa	selected					tests/recursion/relative.rxt:51 ^(a)(b)(?-2)$
corpus	1	byte			dfa	selected					tests/recursion/relative.rxt:58 ^(a)(b)(c)(?-3)$
corpus	1	byte			dfa	selected					tests/recursion/relative.rxt:66 ^(a)(b)(c)(d)(?-4)$
corpus	2	byte			dfa	selected					tests/recursion/relative.rxt:79 ^(?+1)(a)$
corpus	2	byte			dfa	selected					tests/recursion/relative.rxt:85 ^(?+2)(a)(b)$
corpus	1	byte			dfa	selected					tests/recursion/relative.rxt:92 ^(?+3)(a)(b)(c)$
corpus	1	byte			dfa	selected					tests/recursion/relative.rxt:100 ^(?+4)(a)(b)(c)(d)$
corpus	2	byte			dfa	selected					tests/recursion/relative.rxt:112 ^(a)(b)\g<-01>$
corpus	2	byte			dfa	selected					tests/recursion/relative.rxt:124 ^(a)(b)\g<-02>$
corpus	2	byte			dfa	selected					tests/recursion/relative.rxt:134 ^\g<+1>(a)$
corpus	1	byte			dfa	selected					tests/recursion/relative.rxt:139 ^(a)(b)\g<-1>$
corpus	1	byte			REFUSED		pcrec: a relative reference of zero is not allowed (pattern offset 3)				tests/recursion/relative.rxt:151 (a)(?-00)
corpus	1	byte			REFUSED		pcrec: a relative reference of zero is not allowed (pattern offset 3)				tests/recursion/relative.rxt:157 (a)(?+00)
corpus	1	byte			REFUSED		pcrec: a relative reference of zero is not allowed (pattern offset 3)				tests/recursion/relative.rxt:163 (a)(?-0)
corpus	1	byte			REFUSED		pcrec: a relative reference of zero is not allowed (pattern offset 3)				tests/recursion/relative.rxt:169 (a)\g<-0>
corpus	1	byte			vm	selected	\\1 at pattern offset 3				tests/recursion/slotfamilies.rxt:44 ^(a(?1)?b)\1$
corpus	1	byte			vm	selected	(\?>...) at pattern offset 6				tests/recursion/slotfamilies.rxt:56 ^((?>a(?1)?))a$
corpus	1	byte			vm	selected	(\?1) at pattern offset 6				tests/recursion/slotfamilies.rxt:67 ^((?:a(?1)?))a$
corpus	1	byte			vm	selected	(\?&name) at pattern offset 17				tests/recursion/slotfamilies.rxt:79 ^(?:(?<g>(?:a?)*b(?&g)?)){0}(?&g)$
corpus	1	byte			vm	selected	(\?&name) at pattern offset 16				tests/recursion/slotfamilies.rxt:96 ^(?:(?<g>a{1,3}b(?&g)?)){0}(?&g)$
corpus	1	byte			vm	selected	(\?&name) at pattern offset 9				tests/recursion/slotfamilies.rxt:111 ^(?:(?<g>(?=a)a(?&g)?b)){0}(?&g)$
corpus	2	byte			vm	selected	\\1 at pattern offset 5				tests/recursion/spellings.rxt:44 (a|b)\1
corpus	1	byte			dfa	selected					tests/recursion/spellings.rxt:69 (a|b)(?-1)
corpus	1	byte			dfa	selected					tests/recursion/spellings.rxt:75 (?<g>a|b)(?&g)
corpus	1	byte			dfa	selected					tests/recursion/spellings.rxt:81 (?<g>a|b)(?P>g)
corpus	1	byte			dfa	selected					tests/recursion/spellings.rxt:99 (?<g>a|b)\g<g>
corpus	1	byte			dfa	selected					tests/recursion/spellings.rxt:105 (?<g>a|b)\g'g'
corpus	2	byte			vm	selected	(\?0) at pattern offset 3				tests/recursion/whole.rxt:55 ^(a(?0)?b)$
corpus	2	byte			vm	selected	\\g'1' at pattern offset 3				tests/recursion/whole.rxt:65 ^(a\g'0'?b)$
corpus	2	byte			vm	selected	(\?R) at pattern offset 2				tests/recursion/whole.rxt:70 (a(?R)?b)
corpus	2	byte			dfa	selected					tests/recursion/zerodef.rxt:50 ^(?(DEFINE)(?<g>a|ab))(?&g)c$
corpus	1	byte			dfa	selected					tests/recursion/zerodef.rxt:56 ^(?:(?<g>a|ab)){1}(?&g)c$
corpus	1	byte			vm	selected	(\?2) at pattern offset 14				tests/recursion/zerodef.rxt:66 ^(x)?(?:(?<h>a(?2)?b)){0}(?2)$
corpus	1	byte			vm	selected	(\?2) at pattern offset 21				tests/recursion/zerodef.rxt:73 ^(x)?(?(DEFINE)(?<h>a(?2)?b))(?2)$
corpus	1	byte			vm	selected	(\?2) at pattern offset 14				tests/recursion/zerodef.rxt:80 ^(x)?(?:(?<h>a(?2)?b)){1}(?2)$
corpus	2	byte			vm	selected	(\?>...) at pattern offset 5				tests/recursion/zerodef.rxt:90 ^(?:((?>a|ab))){0}(?1)z$
corpus	1	byte			vm	selected	(\?>...) at pattern offset 12				tests/recursion/zerodef.rxt:97 ^(?(DEFINE)((?>a|ab)))(?1)z$
corpus	1	byte			vm	selected	(\?>...) at pattern offset 5				tests/recursion/zerodef.rxt:104 ^(?:((?>a|ab))){1}(?1)z$
corpus	1	byte			dfa	selected					tests/recursion/zerodef.rxt:114 ^(?:(a?)){0}(?1)*b$
corpus	1	byte			dfa	selected					tests/recursion/zerodef.rxt:120 ^(?(DEFINE)(a?))(?1)*b$
corpus	1	byte			dfa	selected					tests/recursion/zerodef.rxt:126 ^(?:(a?)){1}(?1)*b$
corpus	1	byte			vm	selected	(\?>...) at pattern offset 16				tests/recursion/d27/sr_atomicity.rxt:29 ^(?(DEFINE)(?<g>(?>a|ab)))(?&g)c$
corpus	1	byte			vm	selected	(\?>...) at pattern offset 25				tests/recursion/d27/sr_atomicity.rxt:36 ^(?(DEFINE)(?<g>a|ab))(?>(?&g))c$
corpus	1	byte			vm	selected	possessive quantifier at pattern offset 22				tests/recursion/d27/sr_atomicity.rxt:43 ^(?(DEFINE)(?<g>a|ab))(?&g)++c$
corpus	1	byte			vm	selected	(\?!...) at pattern offset 1				tests/recursion/d27/sr_atomicity.rxt:51 ^(?!)(?<g>a|ab)|^(?&g)c$
corpus	1	byte			dfa	selected					tests/recursion/d27/sr_atomicity.rxt:71 ^(?(DEFINE)(?<g>a+))(?&g)ab$
corpus	1	byte			vm	selected	(\?>...) at pattern offset 23				tests/recursion/d27/sr_atomicity.rxt:83 ^(?(DEFINE)(?<g>a+))(?>(?&g))ab$
corpus	1	byte			vm	selected	possessive quantifier at pattern offset 20				tests/recursion/d27/sr_atomicity.rxt:89 ^(?(DEFINE)(?<g>a+))(?&g)++ab$
corpus	1	byte			dfa	selected					tests/recursion/d27/sr_atomicity.rxt:94 ^(?(DEFINE)(?<g>a{1,3}))(?&g)aa$
corpus	1	byte			vm	selected	(\?>...) at pattern offset 27				tests/recursion/d27/sr_atomicity.rxt:103 ^(?(DEFINE)(?<g>a{1,3}))(?>(?&g))aa$
corpus	1	byte			vm	selected	(\?&name) at pattern offset 17				tests/recursion/d27/sr_atomicity.rxt:113 ^(?(DEFINE)(?<g>a(?&g)?b|x|xy))(?&g)$
corpus	1	byte			vm	selected	(\?&name) at pattern offset 20				tests/recursion/d27/sr_atomicity.rxt:125 ^(?(DEFINE)(?<g>(?>a(?&g)?b|x|xy)))(?&g)$
corpus	1	byte			dfa	selected					tests/recursion/d27/sr_atomicity.rxt:136 ^(a|ab)(?1)c$
corpus	1	byte			dfa	selected					tests/recursion/d27/sr_captures.rxt:20 ^((a))(?1)$
corpus	1	byte			vm	selected	\\2 at pattern offset 8				tests/recursion/d27/sr_captures.rxt:33 ^((a|b))(?1)\2$
corpus	1	byte			vm	selected	\\2 at pattern offset 9				tests/recursion/d27/sr_captures.rxt:49 ^((a|bb))(?1)\2$
corpus	1	byte			vm	selected	(\?1) at pattern offset 5				tests/recursion/d27/sr_captures.rxt:122 ^((a)(?1)?(b))(?1)$
corpus	1	byte			vm	selected	(\?&name) at pattern offset 23				tests/recursion/d27/sr_captures.rxt:137 ^(?(DEFINE)(?<g>(?<h>a)(?&g)?(?<i>b)))(?&g)$
corpus	1	byte			vm	selected	(\?2) at pattern offset 10				tests/recursion/d27/sr_captures.rxt:156 ^(x)?(?:(a(?2)?b)){0}(?2)$
corpus	1	byte			vm	selected	\\1 at pattern offset 4				tests/recursion/d27/sr_captures.rxt:169 ^(a)(?1)(?<=(a))\1$
corpus	1	byte			dfa	selected					tests/recursion/d27/sr_define.rxt:19 ^(?(DEFINE)(?<w>fo+))(?&w)-bar$
corpus	1	byte			dfa	selected					tests/recursion/d27/sr_define.rxt:38 ^(?:(?<w>fo+)){0}(?&w)-bar$
corpus	1	byte			vm	selected	(\?!...) at pattern offset 1				tests/recursion/d27/sr_define.rxt:58 ^(?!)(?<w>fo+)|^(?&w)-bar$
corpus	1	byte			dfa	selected					tests/recursion/d27/sr_define.rxt:79 ^(?:(?<w>foo))?(?&w)-bar$
corpus	1	byte			vm	selected	possessive quantifier at pattern offset 11				tests/recursion/d27/sr_define.rxt:98 ^(?<w>foo)?+(?&w)-bar$
corpus	1	byte			dfa	selected					tests/recursion/d27/sr_define.rxt:116 ^(?(DEFINE)(?<w>a))(?&w)*b$
corpus	1	byte			dfa	selected					tests/recursion/d27/sr_define.rxt:131 ^(?:(?<w>a))?(?&w)*b$
corpus	1	byte			dfa	selected					tests/recursion/d27/sr_define.rxt:145 ^(?(DEFINE)(?<a>x)(?<b>y))(?&a)(?&b)(?&a)$
corpus	1	byte			dfa	selected					tests/recursion/d27/sr_define.rxt:155 ^(?:(?<a>x)(?<b>y)){0}(?&a)(?&b)(?&a)$
corpus	1	byte			dfa	selected					tests/recursion/d27/sr_define.rxt:167 ^(?(DEFINE)(?<g>ab))(?&g)(?&g)(?&g)$
corpus	1	byte			dfa	selected					tests/recursion/d27/sr_define.rxt:176 ^(?(DEFINE)(?<g>a?))(?&g)*$
corpus	1	byte			dfa	selected					tests/recursion/d27/sr_define.rxt:188 ^(?(DEFINE)(?<g>))(?&g)*$
corpus	1	byte			dfa	selected					tests/recursion/d27/sr_define.rxt:213 ^(?(DEFINE)(?<g>ab))(?&g){2}$
corpus	1	byte			dfa	selected					tests/recursion/d27/sr_define.rxt:221 ^(?(DEFINE)(?<g>ab))(?&g)+$
corpus	1	byte			dfa	selected					tests/recursion/d27/sr_define.rxt:231 ^(?(DEFINE)(?<g>ab))(?&g)*$
corpus	1	byte			dfa	selected					tests/recursion/d27/sr_define.rxt:240 ^(?(DEFINE)(?<g>a|ab))(?&g){2}c$
corpus	1	byte			vm	selected	(\?1) at pattern offset 3				tests/recursion/d27/sr_depth.rxt:77 (a|(?1)a)
corpus	1	byte			vm	selected	(\?1) at pattern offset 1				tests/recursion/d27/sr_depth.rxt:92 ((?1)?a)
corpus	1	byte			vm	selected	(\?1) at pattern offset 1				tests/recursion/d27/sr_depth.rxt:106 ((?1)*a)
corpus	1	byte			vm	selected	(\?1) at pattern offset 1				tests/recursion/d27/sr_depth.rxt:118 ((?1)a)
corpus	1	byte			vm	selected	(\?R) at pattern offset 0				tests/recursion/d27/sr_depth.rxt:132 (?R)a
corpus	1	byte			vm	selected	(\?1) at pattern offset 3				tests/recursion/d27/sr_depth.rxt:153 (a|(?1)a)b
corpus	1	byte			vm	selected	(\?1) at pattern offset 3				tests/recursion/d27/sr_depth.rxt:175 (a|(?1)a)c
corpus	1	byte			vm	selected	(\?R) at pattern offset 1				tests/recursion/d27/sr_depth.rxt:198 ^(?R)?$
corpus	1	byte			vm	selected	(\?R) at pattern offset 1				tests/recursion/d27/sr_depth.rxt:207 ^(?R){0,2}$
corpus	1	byte			vm	selected	(\?&name) at pattern offset 17				tests/recursion/d27/sr_depth.rxt:216 ^(?(DEFINE)(?<g>a(?&g)?b))(?&g)$
corpus	1	byte			vm	selected	\\K at pattern offset 17				tests/recursion/d27/sr_interactions.rxt:29 ^(?(DEFINE)(?<g>a\Kb))(?&g)$
corpus	1	byte			vm	selected	(\?=...) at pattern offset 17				tests/recursion/d27/sr_interactions.rxt:53 ^(?(DEFINE)(?<g>a\Kb))(?=(?&g))ab$
corpus	1	byte			vm	selected	(\?<=...) at pattern offset 17				tests/recursion/d27/sr_interactions.rxt:62 ^(?(DEFINE)(?<g>a\Kb))ab(?<=(?&g))$
corpus	1	byte			vm	selected	(\?=...) at pattern offset 6				tests/recursion/d27/sr_interactions.rxt:70 ^(?:(a\Kb)){0}(?=(?1))ab$
corpus	1	byte			REFUSED		pcrec: \K is not allowed inside a lookaround (pattern offset 1)				tests/recursion/d27/sr_interactions.rxt:78 ^(?=a\Kb)ab$
corpus	1	byte			vm	selected	(\?=...) at pattern offset 20				tests/recursion/d27/sr_interactions.rxt:84 ^(?(DEFINE)(?<g>b))a\K(?=(?&g))b$
corpus	1	byte			vm	selected	\\k<name> at pattern offset 25				tests/recursion/d27/sr_interactions.rxt:139 ^(?J)(?:(?<a>x)|q)(?<a>y)\k<a>$
corpus	1	byte			vm	selected	(\?P=n) at pattern offset 25				tests/recursion/d27/sr_interactions.rxt:152 ^(?J)(?:(?<a>x)|q)(?<a>y)(?P=a)$
corpus	1	byte			vm	selected	\\k<name> at pattern offset 25				tests/recursion/d27/sr_interactions.rxt:165 ^(?J)(?:(?<a>x)|q)(?<a>y)\k'a'$
corpus	1	byte			vm	selected	\\g{-1} at pattern offset 25				tests/recursion/d27/sr_interactions.rxt:178 ^(?J)(?:(?<a>x)|q)(?<a>y)\g{a}$
corpus	1	byte			vm	selected	(\?<=...) at pattern offset 26				tests/recursion/d27/sr_interactions.rxt:199 ^(?(DEFINE)(?<g>ab))ab(?<=(?&g))$
corpus	1	byte			vm	selected	(\?<=...) at pattern offset 35				tests/recursion/d27/sr_interactions.rxt:207 ^(?(DEFINE)(?<g>ab))(?(DEFINE)(?<h>(?&g)))ab(?<=(?&h))$
corpus	1	byte			vm	selected	(\?<=...) at pattern offset 47				tests/recursion/d27/sr_interactions.rxt:217 ^(?(DEFINE)(?<g>ab))(?(DEFINE)(?<h>cd))abcd(?<=(?&g)|(?&h))$
corpus	1	byte			vm	selected	(\?<=...) at pattern offset 49				tests/recursion/d27/sr_interactions.rxt:229 ^(?(DEFINE)(?<g>ab))(?(DEFINE)(?<h>cde))abcde(?<=(?&g)|(?&h))$
corpus	1	byte			REFUSED		pcrec: variable-length lookbehind is not implemented: every alternative of a lookbehind must have a fixed length (this one can match 1..2 characters) (pattern o				tests/recursion/d27/sr_interactions.rxt:245 ^(?(DEFINE)(?<g>a|ab))ab(?<=(?&g))$
corpus	1	byte			REFUSED		pcrec: variable-length lookbehind is not implemented: every alternative of a lookbehind must have a fixed length (this one is unbounded) (pattern offset 30)				tests/recursion/d27/sr_interactions.rxt:252 ^(?(DEFINE)(?<g>a(?&g)?b))aabb(?<=(?&g))$
corpus	1	byte			REFUSED		pcrec: variable-length lookbehind is not implemented: every alternative of a lookbehind must have a fixed length (this one is unbounded) (pattern offset 22)				tests/recursion/d27/sr_interactions.rxt:258 ^(?(DEFINE)(?<g>a+))aa(?<=(?&g))$
corpus	1	byte			REFUSED		pcrec: variable-length lookbehind is not implemented: every alternative of a lookbehind must have a fixed length (this one can match 1..300 characters) (pattern				tests/recursion/d27/sr_interactions.rxt:265 ^(?(DEFINE)(?<g>a{1,300}))aaaa(?<=(?&g))$
corpus	1	byte			vm	selected	(\?<=...) at pattern offset 16				tests/recursion/d27/sr_interactions.rxt:272 ^(?(DEFINE)(?<g>(?<=x)ab))x(?&g)$
corpus	1	byte			vm	selected	(\?=...) at pattern offset 25				tests/recursion/d27/sr_interactions.rxt:280 ^(?(DEFINE)(?<g>a|ab))(?=(?&g))ab$
corpus	1	byte			vm	selected	(\?!...) at pattern offset 25				tests/recursion/d27/sr_interactions.rxt:287 ^(?(DEFINE)(?<g>a|ab))(?!(?&g))xy$
corpus	1	byte			vm	selected	(\?!...) at pattern offset 25				tests/recursion/d27/sr_interactions.rxt:293 ^(?(DEFINE)(?<g>a|ab))(?!(?&g))ab$
corpus	1	byte			vm	selected	(\?>...) at pattern offset 25				tests/recursion/d27/sr_interactions.rxt:300 ^(?(DEFINE)(?<g>a|ab))(?>(?&g))b?c$
corpus	1	byte			dfa	selected					tests/recursion/d27/sr_interactions.rxt:311 (?(DEFINE)(?<g>\Ga))(?&g)
corpus	1	byte			dfa	selected					tests/recursion/d27/sr_interactions.rxt:322 (?(DEFINE)(?<g>\Aa))x?(?&g)
corpus	1	byte			dfa	selected					tests/recursion/d27/sr_interactions.rxt:328 (?(DEFINE)(?<g>a\z))x(?&g)
corpus	1	byte			dfa	selected					tests/recursion/d27/sr_interactions.rxt:337 (?(DEFINE)(?<g>a\z))x(?&g)b
corpus	1	byte			vm	selected	(\?1) at pattern offset 2				tests/recursion/d27/sr_interactions.rxt:361 (a(?1)?b)
corpus	1	byte			vm	selected	\\K at pattern offset 16				tests/recursion/d27/sr_interactions.rxt:370 (?(DEFINE)(?<g>a\Kb))(?&g)
corpus	1	byte		b	dfa	selected		dfa	vm	(\?=...) at pattern offset 18	tests/recursion/d27/sr_interactions.rxt:378 (?(DEFINE)(?<g>\bab))(?&g)
corpus	1	byte			vm	selected	(\?<=...) at pattern offset 0				tests/recursion/d27/sr_interactions.rxt:386 (?<=x)(a|b)(?1)
corpus	1	byte			REFUSED		pcrec: a relative reference of zero is not allowed (pattern offset 4)				tests/recursion/d27/sr_refusals.rxt:20 ^(a)(?-0)$
corpus	1	byte			REFUSED		pcrec: a relative reference of zero is not allowed (pattern offset 4)				tests/recursion/d27/sr_refusals.rxt:29 ^(a)(?-00)$
corpus	1	byte			REFUSED		pcrec: a relative reference of zero is not allowed (pattern offset 4)				tests/recursion/d27/sr_refusals.rxt:38 ^(a)(?+0)$
corpus	1	byte			REFUSED		pcrec: a relative reference of zero is not allowed (pattern offset 4)				tests/recursion/d27/sr_refusals.rxt:47 ^(a)(?+00)$
corpus	1	byte			REFUSED		pcrec: a relative reference of zero is not allowed (pattern offset 4)				tests/recursion/d27/sr_refusals.rxt:56 ^(a)\g<-0>$
corpus	1	byte			REFUSED		pcrec: a relative reference of zero is not allowed (pattern offset 4)				tests/recursion/d27/sr_refusals.rxt:65 ^(a)\g<+0>$
corpus	1	byte			REFUSED		pcrec: a relative reference of zero is not allowed (pattern offset 4)				tests/recursion/d27/sr_refusals.rxt:74 ^(a)\g'-0'$
corpus	1	byte			REFUSED		pcrec: a relative reference of zero is not allowed (pattern offset 4)				tests/recursion/d27/sr_refusals.rxt:83 ^(a)\g<-00>$
corpus	1	byte			REFUSED		pcrec: a relative reference of zero is not allowed (pattern offset 4)				tests/recursion/d27/sr_refusals.rxt:92 ^(a)\g'+00'$
corpus	1	byte			REFUSED		pcrec: (?2) refers to capture group 2, but this pattern has 1 (pattern offset 4)				tests/recursion/d27/sr_refusals.rxt:99 ^(a)(?2)$
corpus	1	byte			REFUSED		pcrec: (?9) refers to capture group 9, but this pattern has 1 (pattern offset 4)				tests/recursion/d27/sr_refusals.rxt:106 ^(a)(?9)$
corpus	1	byte			REFUSED		pcrec: (?12) refers to capture group 12, but this pattern has 1 (pattern offset 4)				tests/recursion/d27/sr_refusals.rxt:113 ^(a)(?12)$
corpus	1	byte			REFUSED		pcrec: \g<7> refers to capture group 7, but this pattern has 1 (pattern offset 4)				tests/recursion/d27/sr_refusals.rxt:120 ^(a)\g<7>$
corpus	1	byte			REFUSED		pcrec: \g'7' refers to capture group 7, but this pattern has 1 (pattern offset 4)				tests/recursion/d27/sr_refusals.rxt:127 ^(a)\g'7'$
corpus	1	byte			REFUSED		pcrec: (?-2) counts back past the first capture group; this pattern has 1 (pattern offset 4)				tests/recursion/d27/sr_refusals.rxt:134 ^(a)(?-2)$
corpus	1	byte			REFUSED		pcrec: (?+2) refers to capture group 3, but this pattern has 1 (pattern offset 4)				tests/recursion/d27/sr_refusals.rxt:141 ^(a)(?+2)$
corpus	1	byte			REFUSED		pcrec: \g<-2> counts back past the first capture group; this pattern has 1 (pattern offset 4)				tests/recursion/d27/sr_refusals.rxt:148 ^(a)\g<-2>$
corpus	1	byte			REFUSED		pcrec: (?&nope) refers to a capture group named 'nope', which this pattern does not declare (pattern offset 8)				tests/recursion/d27/sr_refusals.rxt:153 ^(?<w>a)(?&nope)$
corpus	1	byte			REFUSED		pcrec: (?P>nope) refers to a capture group named 'nope', which this pattern does not declare (pattern offset 8)				tests/recursion/d27/sr_refusals.rxt:158 ^(?<w>a)(?P>nope)$
corpus	1	byte			REFUSED		pcrec: \g<nope> refers to a capture group named 'nope', which this pattern does not declare (pattern offset 8)				tests/recursion/d27/sr_refusals.rxt:163 ^(?<w>a)\g<nope>$
corpus	1	byte			REFUSED		pcrec: \g'nope' refers to a capture group named 'nope', which this pattern does not declare (pattern offset 8)				tests/recursion/d27/sr_refusals.rxt:168 ^(?<w>a)\g'nope'$
corpus	1	byte			REFUSED		pcrec: DEFINE subpattern contains more than one branch (pattern offset 4)				tests/recursion/d27/sr_refusals.rxt:176 ^(?(DEFINE)(?<a>x)|(?<b>y))(?&a)$
corpus	1	byte			REFUSED		pcrec: DEFINE subpattern contains more than one branch (pattern offset 4)				tests/recursion/d27/sr_refusals.rxt:182 ^(?(DEFINE)x|y)a$
corpus	1	byte			vm	selected	\\g'1' at pattern offset 3				tests/recursion/d27/sr_root.rxt:124 ^(a\g'1'?b)$
corpus	1	byte			vm	selected	\\g<1> at pattern offset 2				tests/recursion/d27/sr_root.rxt:265 (a\g<0>?b)
corpus	1	byte			vm	selected	\\g'1' at pattern offset 2				tests/recursion/d27/sr_root.rxt:273 (a\g'00'?b)
corpus	1	byte			vm	selected	(\?R) at pattern offset 3				tests/recursion/d27/sr_root.rxt:284 ^(a(?1)?b)(?R)?$
corpus	1	byte			vm	selected	(\?0) at pattern offset 2				tests/recursion/d27/sr_root.rxt:294 ^x(?0)?y$
corpus	1	byte			vm	selected	(\?R) at pattern offset 2				tests/recursion/d27/sr_root.rxt:302 ^a(?R)*b$
corpus	1	byte			dfa	selected					tests/recursion/d27/sr_spellings.rxt:53 ^(a|b)(?01)$
corpus	1	byte			dfa	selected					tests/recursion/d27/sr_spellings.rxt:64 ^(a|b)(?001)$
corpus	1	byte			dfa	selected					tests/recursion/d27/sr_spellings.rxt:75 ^(a|b)(?0001)$
corpus	1	byte			dfa	selected					tests/recursion/d27/sr_spellings.rxt:108 ^(a|b)\g<01>$
corpus	1	byte			dfa	selected					tests/recursion/d27/sr_spellings.rxt:119 ^(a|b)\g'01'$
corpus	1	byte			dfa	selected					tests/recursion/d27/sr_spellings.rxt:130 ^(a|b)(?-1)$
corpus	1	byte			dfa	selected					tests/recursion/d27/sr_spellings.rxt:141 ^(a|b)(?-01)$
corpus	1	byte			dfa	selected					tests/recursion/d27/sr_spellings.rxt:152 ^(a|b)\g<-1>$
corpus	1	byte			dfa	selected					tests/recursion/d27/sr_spellings.rxt:163 ^(a|b)\g'-1'$
corpus	1	byte			dfa	selected					tests/recursion/d27/sr_spellings.rxt:173 ^(?<w>a|b)(?&w)$
corpus	1	byte			dfa	selected					tests/recursion/d27/sr_spellings.rxt:182 ^(?<w>a|b)(?P>w)$
corpus	1	byte			dfa	selected					tests/recursion/d27/sr_spellings.rxt:191 ^(?<w>a|b)\g<w>$
corpus	1	byte			dfa	selected					tests/recursion/d27/sr_spellings.rxt:200 ^(?<w>a|b)\g'w'$
corpus	1	byte			dfa	selected					tests/recursion/d27/sr_spellings.rxt:209 ^(?P<w>a|b)(?P>w)$
corpus	1	byte			dfa	selected					tests/recursion/d27/sr_spellings.rxt:218 ^(?'w'a|b)(?&w)$
corpus	1	byte			vm	selected	\\1 at pattern offset 6				tests/recursion/d27/sr_spellings.rxt:228 ^(a|b)\1$
corpus	1	byte			vm	selected	\\g{-1} at pattern offset 6				tests/recursion/d27/sr_spellings.rxt:245 ^(a|b)\g1$
corpus	1	byte			vm	selected	\\k<name> at pattern offset 10				tests/recursion/d27/sr_spellings.rxt:253 ^(?<w>a|b)\k<w>$
corpus	1	byte			vm	selected	(\?P=n) at pattern offset 11				tests/recursion/d27/sr_spellings.rxt:261 ^(?P<w>a|b)(?P=w)$
corpus	1	byte			dfa	selected					tests/recursion/d27/sr_spellings.rxt:269 ^(?+1)(a|b)$
corpus	1	byte			vm	selected	\\2 at pattern offset 1				tests/recursion/d27/sr_spellings.rxt:280 ^\2(a|b)(c)$
corpus	1	byte			dfa	selected					tests/recursion/d27/sr_spellings.rxt:330 ^(a)(?-01)$
corpus	1	byte			dfa	selected					tests/recursion/d27/sr_spellings.rxt:362 ^(a)(b)\g'-1'$
corpus	1	byte			dfa	selected					tests/recursion/d27/sr_spellings.rxt:372 ^((a)(b))(?-1)$
corpus	1	byte			dfa	selected					tests/recursion/d27/sr_spellings.rxt:382 ^((a)(b))(?-2)$
corpus	1	byte			dfa	selected					tests/recursion/d27/sr_spellings.rxt:392 ^((a)(b))(?-3)$
corpus	1	byte			dfa	selected					tests/recursion/d27/sr_spellings.rxt:404 ^(a)(b)(c)(d)(e)(f)(g)(h)(i)(j|k)(?10)$
corpus	1	byte			dfa	selected					tests/recursion/d27/sr_spellings.rxt:432 ^(a)(b)(c)(d)(e)(f)(g)(h)(i)(j|k)\g<10>$
corpus	1	byte			dfa	selected					tests/recursion/d27/sr_spellings.rxt:448 ^(a)(b)(c)(d)(e)(f)(g)(h)(i)(j|k)\g'10'$
corpus	1	byte			dfa	selected					tests/recursion/d27/sr_spellings.rxt:466 ^(a)(b)(c)(d)(e)(f)(g)(h)(i)(j|k)(?-10)$
corpus	1	byte			dfa	selected					tests/recursion/d27/sr_spellings.rxt:482 ^(a)(b)(c)(d)(e)(f)(g)(h)(i)(j|k)(?-1)$
corpus	1	byte			dfa	selected					tests/recursion/d27/sr_spellings.rxt:499 ^(?+10)(a)(b)(c)(d)(e)(f)(g)(h)(i)(j|k)$
corpus	1	byte			vm	selected	(\?<!...) at pattern offset 1				tests/recursion/d27/sr_wrapped.rxt:100 ^(?<!(xy))ab(?1)$
corpus	1	byte			vm	selected	(\?=...) at pattern offset 23				tests/recursion/d27/sr_wrapped.rxt:110 ^(?(DEFINE)(?<g>ab))(?=(?&g))(?&g)$
corpus	1	byte			REFUSED		pcrec: variable-length lookbehind is not implemented: every alternative of a lookbehind must have a fixed length (this one is unbounded) (pattern offset 3)				tests/recursion/d27/sr_wrapped.rxt:122 ^ab(?<=(a(?1)?b))$
corpus	1	byte			dfa	selected					tests/counterk/counterk.rxt:15 ((a)|ab){0,7}c
corpus	1	byte			dfa	selected					tests/counterk/counterk.rxt:93 ((a)|ab){0,8}c
corpus	1	byte			dfa	selected					tests/counterk/counterk.rxt:169 ((a)|ab){0,9}c
corpus	2	byte			dfa	selected					tests/counterk/counterk.rxt:246 ((a)|ab){0,12}c
corpus	1	byte			dfa	selected					tests/counterk/counterk.rxt:323 ((a)|ab){0,15}c
corpus	1	byte			dfa	selected					tests/counterk/counterk.rxt:399 ((a)|ab){0,16}c
corpus	1	byte			dfa	selected					tests/counterk/counterk.rxt:475 ((a)|ab){0,17}c
corpus	1	byte			dfa	selected					tests/counterk/counterk.rxt:554 ((a)|ab){0,12}?c
corpus	1	byte			dfa	selected					tests/counterk/counterk.rxt:630 ((a)|ab){0,17}?c
corpus	1	byte			dfa	selected					tests/counterk/counterk.rxt:708 ((a)|ab){12}c
corpus	1	byte			dfa	selected					tests/counterk/counterk.rxt:745 ((a)|ab){16}c
corpus	1	byte			dfa	selected					tests/counterk/counterk.rxt:779 ((a)|ab){17}c
corpus	1	byte			dfa	selected					tests/counterk/counterk.rxt:815 ((a)|ab){9,17}c
corpus	1	byte			dfa	selected					tests/counterk/counterk.rxt:855 ((a)|ab){11,19}c
corpus	1	byte			dfa	selected					tests/counterk/counterk.rxt:891 ((a)|ab){9,17}?c
corpus	1	byte			dfa	selected					tests/counterk/counterk.rxt:933 ((ab)|b){0,12}b
corpus	1	byte			dfa	selected					tests/counterk/counterk.rxt:991 ((ab)|b){0,17}b
corpus	1	byte			dfa	selected					tests/counterk/counterk.rxt:1054 (a?){0,12}b
corpus	1	byte			dfa	selected					tests/counterk/counterk.rxt:1099 (a*){0,12}b
corpus	1	byte			dfa	selected					tests/counterk/counterk.rxt:1149 (|a){0,12}b
corpus	1	byte			dfa	selected					tests/counterk/counterk.rxt:1259 (x(?:ab){2,4}){0,12}c
corpus	1	byte			dfa	selected					tests/counterk/counterk.rxt:1289 ((?:ab)|(?:cd)){0,12}e
corpus	1	byte			dfa	selected					tests/counterk/counterk.rxt:1324 ([ab][cd]){0,17}e
corpus	1	byte			dfa	selected					tests/counterk/counterk.rxt:1366 ((a)|bc){0,12}d
corpus	1	byte			dfa	selected					tests/counterk/counterk.rxt:1417 ((a)|bc){9,20}d
corpus	1	byte			dfa	selected					tests/counterk/counterk.rxt:1444 ((a)|bc){12}d
corpus	1	byte			dfa	selected					tests/counterk/counterk.rxt:1473 ((a)|ab){0,100}c
corpus	1	byte			dfa	selected					tests/counterk/counterk.rxt:1551 ((a)|ab){0,500}c
corpus	1	byte			dfa	selected					tests/counterk/counterk.rxt:1631 ((a)|ab){0,2047}c
corpus	1	byte			dfa	selected					tests/counterk/counterk.rxt:1725 ((a)|ab){0,4000}c
corpus	1	byte			dfa	selected					tests/counterk/counterk.rxt:1807 ((a)|ab){4000}c
corpus	1	byte			dfa	selected					tests/counterk/counterk.rxt:1845 ((a)|bc){0,4000}d
corpus	1	byte			vm	selected	possessive quantifier at pattern offset 20				tests/counterk/counterk.rxt:1901 (?:[ab]a|[ab]){8,12}+b
corpus	1	byte			dfa	selected					tests/counterk/counterk.rxt:1917 (?:ab|ba|aa|bb){24}c
corpus	1	byte			dfa	selected					tests/counterk/counterk.rxt:1928 (?:abcd|abc|ab|a){17}z
corpus	1	byte			vm	selected	possessive quantifier at pattern offset 20				tests/counterk/counterk.rxt:1939 (?:[ab]a|[ab]){9,12}+b
corpus	1	byte			vm	selected	possessive quantifier at pattern offset 14				tests/counterk/counterk.rxt:1951 (?:ab|a){8,12}+b
corpus	1	byte			dfa	selected					tests/counterk/counterk.rxt:1966 (?:cat|cats|dog|dogs){12}z
bench,corpus	3	byte		d	dfa	selected					tests/classes/classes.rxt:17 \d+
corpus	1	byte		d	dfa	selected					tests/classes/classes.rxt:23 \D+
corpus	1	byte		d	dfa	selected					tests/classes/classes.rxt:28 [\d]+
corpus	1	byte		d	dfa	selected					tests/classes/classes.rxt:32 [\D]+
corpus	2	byte		s w	dfa	selected					tests/classes/classes.rxt:36 \s\w+
corpus	1	byte		s	dfa	selected					tests/classes/classes.rxt:40 \S+
corpus	1	byte		w	dfa	selected					tests/classes/classes.rxt:44 [\w]+
corpus	1	byte		w	dfa	selected					tests/classes/classes.rxt:48 [^\W]+
corpus	1	byte		d	dfa	selected					tests/classes/classes.rxt:52 [a\d]+
corpus	1	byte		d	dfa	selected					tests/classes/classes.rxt:56 [\d-]+
corpus	1	byte		d	dfa	selected					tests/classes/classes.rxt:60 (\d|x)+
corpus	1	byte		d	dfa	selected					tests/classes/classes.rxt:64 \d{2,3}
corpus	1	byte		d	dfa	selected					tests/classes/classes.rxt:68 [^\d]+
corpus	1	byte	i	d	dfa	selected					tests/classes/classes.rxt:72 [\da-c]+
corpus	1	byte		h	dfa	selected					tests/classes/classes.rxt:80 \h+
corpus	1	byte		h	dfa	selected					tests/classes/classes.rxt:85 \H+
corpus	1	byte		v	dfa	selected					tests/classes/classes.rxt:90 \v+
corpus	1	byte		v	dfa	selected					tests/classes/classes.rxt:95 \V+
corpus	1	byte			dfa	selected					tests/classes/classes.rxt:100 \N+
corpus	1	byte		d h	dfa	selected					tests/classes/classes.rxt:105 [\h\d]+
bench,corpus	3	byte		posix:alpha	dfa	selected					tests/classes/classes.rxt:112 [[:alpha:]]+
corpus	1	byte		posix:alpha	dfa	selected					tests/classes/classes.rxt:117 [[:^alpha:]]+
corpus	1	byte		posix:xdigit	dfa	selected					tests/classes/classes.rxt:122 [[:xdigit:]]+
corpus	1	byte		posix:digit	dfa	selected					tests/classes/classes.rxt:127 [x[:digit:]y]+
corpus	1	byte		posix:alpha	dfa	selected					tests/classes/classes.rxt:132 [^[:alpha:]]+
corpus	1	byte		posix:alpha posix:digit	dfa	selected					tests/classes/classes.rxt:137 [[:alpha:][:digit:]]+
corpus	1	byte		posix:digit	dfa	selected					tests/classes/classes.rxt:142 [[:digit:]-]+
corpus	1	byte		posix:blank	dfa	selected					tests/classes/classes.rxt:147 ^[[:blank:]]+
corpus	1	byte		posix:lower	dfa	selected					tests/classes/classes.rxt:160 [[:lower:]]+
corpus	1	byte		posix:upper	dfa	selected					tests/classes/classes.rxt:165 [[:upper:]]+
corpus	1	byte		posix:alnum	dfa	selected					tests/classes/classes.rxt:170 [[:alnum:]]+
corpus	1	byte		posix:ascii	dfa	selected					tests/classes/classes.rxt:175 [[:^ascii:]]+
corpus	1	byte		posix:cntrl	dfa	selected					tests/classes/classes.rxt:180 [[:cntrl:]]+
corpus	1	byte		posix:graph	dfa	selected					tests/classes/classes.rxt:185 [[:graph:]]+
corpus	1	byte		posix:print	dfa	selected					tests/classes/classes.rxt:190 [[:print:]]+
corpus	1	byte		posix:punct	dfa	selected					tests/classes/classes.rxt:195 [[:punct:]]+
corpus	1	byte		posix:space	dfa	selected					tests/classes/classes.rxt:200 [[:space:]]+
corpus	1	byte		posix:word	dfa	selected					tests/classes/classes.rxt:205 [[:word:]]+
corpus	1	byte	i	posix:lower	dfa	selected					tests/classes/classes.rxt:212 ^[[:lower:]]$
corpus	1	byte	i	posix:lower	dfa	selected					tests/classes/classes.rxt:218 ^[[:^lower:]]$
corpus	1	byte	i	posix:lower	dfa	selected					tests/classes/classes.rxt:226 ^[^[:lower:]]$
corpus	1	byte			dfa	selected					tests/classes/classes.rxt:238 ^\N{2,3}$
corpus	1	byte			dfa	selected					tests/classes/classes.rxt:245 \N{2}
corpus	1	byte			REFUSED		pcrec: numbers out of order in {m,n} quantifier (pattern offset 6)				tests/classes/classes.rxt:249 \N{3,2}
corpus	1	byte			REFUSED		pcrec: PCRE2 does not support \F, \L, \l, \N{name}, \U, or \u (pattern offset 0)				tests/classes/classes.rxt:253 \N{abc}
corpus	1	byte			REFUSED		pcrec: \N is not valid inside a character class (pattern offset 1)				tests/classes/classes.rxt:259 [\N]
corpus	1	byte		d	REFUSED		pcrec: invalid range in character class (pattern offset 2)				tests/classes/classes.rxt:263 [0-\d]
corpus	1	byte			REFUSED		pcrec: module 'extended-classes' is enabled but (?[...) is not implemented yet (pattern offset 0)				tests/classes/classes.rxt:267 (?[[a]])
corpus	1	byte		posix:alpha	REFUSED		pcrec: invalid range in character class (pattern offset 10)				tests/classes/classes.rxt:272 [[:alpha:]-z]
corpus	1	byte		posix:<	REFUSED		pcrec: [[:<:]] is a word-boundary assertion and requires module 'assertions' (pattern offset 1)				tests/classes/classes.rxt:277 [[:<:]]
corpus	1	byte		posix:foo	REFUSED		pcrec: unknown POSIX class name (pattern offset 1)				tests/classes/classes.rxt:282 [[:foo:]]
corpus	1	byte			dfa	selected					tests/classes/multi_chain.rxt:11 [a-c]{2,4}[0-9]{2,4}[A-C]{2,4}[j-l]{2,4}[x-z]{2,4}
corpus	1	byte			dfa	selected					tests/classes/multi_chain.rxt:19 [a-c]{2,4}[0-9]{2,4}[A-C]{2,4}[j-l]{2,4}[x-z]*
corpus	1	byte			dfa	selected					tests/classes/multi_chain.rxt:33 [a-c]{2,4}x[0-9]{2,4}y[A-C]{2,4}z[j-l]{2,4}w[x-z]{2,4}
corpus	4	byte			dfa	selected					tests/mrl/01_trailing.rxt:14 a{2,4}b
corpus	5	byte			dfa	selected					tests/mrl/01_trailing.rxt:26 a{2,4}$
corpus	1	byte			dfa	selected					tests/mrl/01_trailing.rxt:49 a{2,4}(?:bb|c)
corpus	1	byte			dfa	selected					tests/mrl/01_trailing.rxt:58 a{2,4}(?:bb|)
corpus	4	byte			dfa	selected					tests/mrl/01_trailing.rxt:65 a{2,4}
corpus	2	byte			dfa	selected					tests/mrl/02_alternation.rxt:11 (?:xxxxx|y)z
corpus	1	byte			dfa	selected					tests/mrl/02_alternation.rxt:22 (?:y|xxxxx)z
corpus	1	byte			dfa	selected					tests/mrl/02_alternation.rxt:28 (?:ab|c){2,3}d
corpus	3	byte			dfa	selected					tests/mrl/03_zerowidth.rxt:11 a*b
corpus	1	byte			dfa	selected					tests/mrl/03_zerowidth.rxt:19 a{0,5}b
corpus	2	byte			dfa	selected					tests/mrl/03_zerowidth.rxt:24 (a|)b
corpus	1	byte			dfa	selected					tests/mrl/03_zerowidth.rxt:30 ()a
corpus	1	byte			dfa	selected					tests/mrl/03_zerowidth.rxt:37 ^a{0,3}$
corpus	1	byte			dfa	selected					tests/mrl/03_zerowidth.rxt:44 a{0,5}b{0,5}$
corpus	1	byte			dfa	selected					tests/mrl/03_zerowidth.rxt:52 a{0,5}b{0,5}c$
corpus	1	byte			dfa	selected					tests/mrl/03_zerowidth.rxt:58 a?b?c
corpus	3	byte			dfa	selected					tests/mrl/04_nesting.rxt:11 (a{2,3}){2,3}
corpus	1	byte			dfa	selected					tests/mrl/04_nesting.rxt:22 (a{2,3}){2,3}c
corpus	1	byte			dfa	selected					tests/mrl/04_nesting.rxt:30 ((a{2,2}){2,2}){2,2}
corpus	1	byte			dfa	selected					tests/mrl/05_multibyte_body.rxt:12 (?:ab){3,6}
corpus	1	byte			dfa	selected					tests/mrl/05_multibyte_body.rxt:21 (?:ab){3,6}c
corpus	1	byte			dfa	selected					tests/mrl/05_multibyte_body.rxt:28 (?:abc){2,5}
corpus	3	byte			dfa	selected					tests/mrl/06_lazy.rxt:13 a{2,4}?b
corpus	1	byte			dfa	selected					tests/mrl/06_lazy.rxt:21 (a{1,3}?){3,5}
corpus	1	byte			dfa	selected					tests/mrl/06_lazy.rxt:35 (a{1,3}){3,5}?
corpus	1	byte			dfa	selected					tests/mrl/07_partial_and_startpos.rxt:11 a{3,5}b
corpus	2	byte			dfa	selected					tests/mrl/07_partial_and_startpos.rxt:15 a{3,5}
corpus	1	byte			dfa	selected					tests/mrl/08_nomatch.rxt:14 a{3,6}b
corpus	1	byte			dfa	selected					tests/mrl/08_nomatch.rxt:26 (?:xxxxx|y){3,4}z
corpus	1	byte			dfa	selected					tests/mrl/08_nomatch.rxt:31 a{5,10}b{5,10}$
corpus	1	byte			dfa	selected					tests/mrl/09_captures.rxt:12 (a{2,3})(b{2,3})
corpus	1	byte			dfa	selected					tests/mrl/09_captures.rxt:28 (?:(x{2,3})|(y))z
corpus	1	byte			dfa	selected					tests/mrl/09_captures.rxt:40 ((a{2,3})){2,3}c
corpus	1	byte			dfa	selected					tests/mrl/11_motivating_shape_small.rxt:12 (a{3,5}){3,6}
corpus	5	byte		d	dfa	selected					tests/offsetskip/offset_skip.rxt:43 \d{4}-\d{2}-\d{2}
corpus	2	byte		b	dfa	selected		dfa	vm	(\?=...) at pattern offset 3	tests/offsetskip/offset_skip.rxt:56 \b[0-9a-f]{8}-[0-9a-f]{4}
corpus	3	byte		b	dfa	selected		dfa	vm	(\?=...) at pattern offset 3	tests/offsetskip/offset_skip.rxt:68 \bat [a-z]
corpus	5	byte			dfa	selected					tests/offsetskip/offset_skip.rxt:78 needleXYZW
corpus	1	byte			dfa	selected					tests/offsetskip/offset_skip.rxt:168 [-a]{3}-b
corpus	1	byte		b	dfa	selected		dfa	vm	(\?=...) at pattern offset 3	tests/offsetskip/offset_skip.rxt:220 \b[0-9]{2}-[0-9]{2}
corpus	1	byte		b	dfa	selected		dfa	vm	(\?=...) at pattern offset 3	tests/offsetskip/offset_skip.rxt:255 \b[0-9a-f]{8}\b
corpus	1	byte			dfa	selected					tests/offsetskip/offset_skip.rxt:262 (?:[0-9]{1,3}\.){3}[0-9]{1,3}
corpus	1	byte			dfa	selected					tests/offsetskip/offset_skip.rxt:270 [a-z0-9._%+-]+@[a-z0-9.-]+
bench,corpus	3	byte			dfa	selected					tests/offsetskip/offset_skip.rxt:277 :
corpus	1	byte		b	dfa	selected		dfa	vm	(\?=...) at pattern offset 3	tests/offsetskip/offset_skip.rxt:306 \b\.[0-9]{4}Z
corpus	1	byte		b	dfa	selected		dfa	vm	(\?=...) at pattern offset 3	tests/offsetskip/offset_skip.rxt:318 \b:[0-9]{2}:[0-9]{2}
corpus	1	byte		b	dfa	selected		dfa	vm	(\?=...) at pattern offset 3	tests/offsetskip/offset_skip.rxt:326 \b-[0-9]{4}-
bench,corpus	2	byte			dfa	selected					tests/offsetskip/run_pinned.rxt:23 /user|/users
corpus	1	byte			dfa	selected					tests/offsetskip/run_pinned.rxt:39 /user$
corpus	1	byte			dfa	selected					tests/offsetskip/run_pinned.rxt:48 /user\z
corpus	2	byte		b	dfa	selected		dfa	vm	(\?=...) at pattern offset 6	tests/offsetskip/run_pinned.rxt:54 foo\b
corpus	2	byte		B	dfa	selected		dfa	vm	(\?!...) at pattern offset 6	tests/offsetskip/run_pinned.rxt:63 foo\B
corpus	1	byte			dfa	selected					tests/offsetskip/run_pinned.rxt:71 [ab]/user
corpus	1	byte			vm	selected	\\K at pattern offset 1				tests/offsetskip/run_pinned.rxt:82 a\K/user
corpus	1	byte		i	dfa	selected					tests/offsetskip/run_pinned.rxt:90 (?i)/1234
corpus	1	byte		i	dfa	selected					tests/offsetskip/run_pinned.rxt:96 (?i)x/1234
corpus	1	byte			dfa	selected					tests/offsetskip/run_pinned.rxt:110 /abcd[xy]/user
corpus	1	byte			dfa	selected					tests/assertions/absolute.rxt:52 b\Z
corpus	1	byte			dfa	selected					tests/assertions/absolute.rxt:77 b\z
corpus	1	byte			dfa	selected					tests/assertions/absolute.rxt:102 b$
corpus	2	byte			dfa	selected					tests/assertions/absolute.rxt:145 \A
corpus	3	byte			dfa	selected					tests/assertions/absolute.rxt:170 \z
corpus	2	byte			dfa	selected					tests/assertions/absolute.rxt:196 \Z
corpus	1	byte			dfa	selected					tests/assertions/absolute.rxt:222 \A\z
corpus	1	byte			dfa	selected					tests/assertions/absolute.rxt:255 \Aa
corpus	1	byte			dfa	selected					tests/assertions/absolute.rxt:280 \Ab
corpus	4	byte			dfa	selected					tests/assertions/absolute.rxt:305 a\z
corpus	6	byte			dfa	selected					tests/assertions/absolute.rxt:331 a\Z
corpus	1	byte			dfa	selected					tests/assertions/absolute.rxt:356 \Aab\z
corpus	1	byte			dfa	selected					tests/assertions/absolute.rxt:382 \Aab\Z
corpus	1	byte			dfa	selected					tests/assertions/absolute.rxt:407 \A(?:ab|a)\z
corpus	1	byte			dfa	selected					tests/assertions/absolute.rxt:434 a\Z\z
corpus	1	byte			dfa	selected					tests/assertions/absolute.rxt:466 a*\z
corpus	1	byte			dfa	selected					tests/assertions/absolute.rxt:494 a*\Z
corpus	2	byte			dfa	selected					tests/assertions/absolute.rxt:521 a*$
corpus	1	byte			dfa	selected					tests/assertions/absolute.rxt:548 \Aa*\z
corpus	1	byte			dfa	selected					tests/assertions/absolute.rxt:575 .*\z
corpus	1	byte			dfa	selected					tests/assertions/absolute.rxt:601 .*\Z
corpus	2	byte			dfa	selected					tests/assertions/absolute.rxt:626 [^c]{1,3}\z
corpus	2	byte			dfa	selected					tests/assertions/absolute.rxt:652 [^c]{1,3}\Z
corpus	1	byte			dfa	selected					tests/assertions/absolute.rxt:684 (\z)*
corpus	1	byte			dfa	selected					tests/assertions/absolute.rxt:709 (\A)*
corpus	1	byte			dfa	selected					tests/assertions/absolute.rxt:735 ab\z|b\Z
corpus	3	byte			dfa	selected					tests/assertions/absolute.rxt:762 \Zx
corpus	3	byte			dfa	selected					tests/assertions/absolute.rxt:788 \zx
corpus	2	byte			REFUSED		pcrec: quantifier does not follow a repeatable item (pattern offset 2)				tests/assertions/absolute.rxt:824 \A*
corpus	2	byte			REFUSED		pcrec: quantifier does not follow a repeatable item (pattern offset 2)				tests/assertions/absolute.rxt:828 \A+
corpus	2	byte			REFUSED		pcrec: quantifier does not follow a repeatable item (pattern offset 2)				tests/assertions/absolute.rxt:832 \A?
corpus	1	byte			REFUSED		pcrec: quantifier does not follow a repeatable item (pattern offset 4)				tests/assertions/absolute.rxt:836 \A{2}
corpus	2	byte			REFUSED		pcrec: quantifier does not follow a repeatable item (pattern offset 2)				tests/assertions/absolute.rxt:840 \z*
corpus	2	byte			REFUSED		pcrec: quantifier does not follow a repeatable item (pattern offset 2)				tests/assertions/absolute.rxt:844 \z+
corpus	2	byte			REFUSED		pcrec: quantifier does not follow a repeatable item (pattern offset 2)				tests/assertions/absolute.rxt:848 \z?
corpus	1	byte			REFUSED		pcrec: quantifier does not follow a repeatable item (pattern offset 4)				tests/assertions/absolute.rxt:852 \z{2}
corpus	2	byte			REFUSED		pcrec: quantifier does not follow a repeatable item (pattern offset 2)				tests/assertions/absolute.rxt:856 \Z*
corpus	2	byte			REFUSED		pcrec: quantifier does not follow a repeatable item (pattern offset 2)				tests/assertions/absolute.rxt:860 \Z+
corpus	2	byte			REFUSED		pcrec: quantifier does not follow a repeatable item (pattern offset 2)				tests/assertions/absolute.rxt:864 \Z?
corpus	1	byte			REFUSED		pcrec: quantifier does not follow a repeatable item (pattern offset 4)				tests/assertions/absolute.rxt:868 \Z{2}
corpus	1	byte			REFUSED		pcrec: quantifier does not follow a repeatable item (pattern offset 3)				tests/assertions/absolute.rxt:872 a\z*
corpus	1	byte			REFUSED		pcrec: quantifier does not follow a repeatable item (pattern offset 3)				tests/assertions/absolute.rxt:876 a\Z*
corpus	1	byte			REFUSED		pcrec: quantifier does not follow a repeatable item (pattern offset 3)				tests/assertions/absolute.rxt:880 a\A*
corpus	1	byte			REFUSED		pcrec: \A is not valid inside a character class (pattern offset 1)				tests/assertions/absolute.rxt:886 [\A]
corpus	1	byte			REFUSED		pcrec: \z is not valid inside a character class (pattern offset 1)				tests/assertions/absolute.rxt:890 [\z]
corpus	1	byte			REFUSED		pcrec: \Z is not valid inside a character class (pattern offset 1)				tests/assertions/absolute.rxt:894 [\Z]
corpus	1	byte			REFUSED		pcrec: \A is not valid inside a character class (pattern offset 2)				tests/assertions/absolute.rxt:898 [a\A]
corpus	1	byte			REFUSED		pcrec: \A is not valid inside a character class (pattern offset 1)				tests/assertions/absolute.rxt:902 [\A-z]
corpus	1	byte			dfa	selected					tests/assertions/absolute.rxt:918 \Aa*(?:\Zb|\zc)
corpus	1	byte			dfa	selected					tests/assertions/absolute.rxt:947 \A(?:x*\Zy|x*\zz)
corpus	1	byte			dfa	selected					tests/assertions/absolute.rxt:975 \Aa\z
corpus	1	byte			dfa	selected					tests/assertions/absolute.rxt:1004 \Aa\Z
corpus	1	byte			dfa	selected					tests/assertions/absolute.rxt:1032 ^a\z
corpus	1	byte			dfa	selected					tests/assertions/absolute.rxt:1061 ^a*\Z
corpus	1	byte			dfa	selected					tests/assertions/absolute.rxt:1089 ^[^c]{1,3}\z
corpus	1	byte			dfa	selected					tests/assertions/absolute.rxt:1117 ^a*\z
corpus	1	byte			dfa	selected					tests/assertions/absolute.rxt:1146 \A[^c]{1,3}\Z
bench,corpus	5	byte			dfa	selected					tests/assertions/end_window.rxt:47 abc$
corpus	3	byte			dfa	selected					tests/assertions/end_window.rxt:79 abc\z
corpus	1	byte			dfa	selected					tests/assertions/end_window.rxt:96 abc\Z
corpus	1	byte			dfa	selected					tests/assertions/end_window.rxt:111 (?m)abc$
corpus	1	byte			dfa	selected					tests/assertions/end_window.rxt:125 a+$
corpus	3	byte			dfa	selected					tests/assertions/end_window.rxt:139 a{0,4}$
corpus	1	byte			dfa	selected					tests/assertions/end_window.rxt:156 (?:foo|barbaz)$
corpus	7	byte			dfa	selected					tests/assertions/end_window.rxt:178 $
corpus	2	byte		b	dfa	selected		dfa	vm	(\?=...) at pattern offset 3	tests/assertions/end_window.rxt:195 \bfoo$
corpus	3	byte			dfa	selected					tests/assertions/end_window.rxt:211 ^abc$
corpus	1	byte			dfa	selected					tests/assertions/end_window.rxt:227 (ab)(c)$
corpus	1	byte			dfa	selected					tests/assertions/gate.rxt:66 [^c]{1,3}$
corpus	2	byte			dfa	selected					tests/assertions/gate.rxt:88 a{1,3}?$
corpus	2	byte			dfa	selected					tests/assertions/gate.rxt:110 a{0,4}c$
corpus	1	byte			dfa	selected					tests/assertions/gate.rxt:132 za{0,4}$
corpus	1	byte			dfa	selected					tests/assertions/gate.rxt:164 a{0,4}\z
corpus	1	byte			dfa	selected					tests/assertions/gate.rxt:208 a{1,3}?\z
corpus	1	byte			dfa	selected					tests/assertions/gate.rxt:230 a{0,4}c\z
corpus	1	byte			dfa	selected					tests/assertions/gate.rxt:252 za{0,4}\z
corpus	1	byte			dfa	selected					tests/assertions/gate.rxt:283 a{0,4}\Z
corpus	1	byte			dfa	selected					tests/assertions/gate.rxt:329 a{0,4}c\Z
corpus	1	byte			dfa	selected					tests/assertions/gate.rxt:360 a{0,4}\A
corpus	1	byte			dfa	selected					tests/assertions/gate.rxt:382 \Aa{0,4}\z
corpus	1	byte			dfa	selected					tests/assertions/gate.rxt:404 \Aa{0,4}$
corpus	2	byte			dfa	selected					tests/assertions/gpos.rxt:39 \G
corpus	1	byte			dfa	selected					tests/assertions/gpos.rxt:66 \Gfoo
corpus	1	byte			dfa	selected					tests/assertions/gpos.rxt:90 foo
corpus	4	byte			dfa	selected					tests/assertions/gpos.rxt:103 \Gx
corpus	2	byte		w	dfa	selected					tests/assertions/gpos.rxt:121 \G\w+
corpus	1	byte			dfa	selected					tests/assertions/gpos.rxt:140 \G[0-9]{2}
corpus	1	byte			dfa	selected					tests/assertions/gpos.rxt:158 \Gabc|\Gxy
corpus	1	byte			dfa	selected					tests/assertions/gpos.rxt:186 \Gfoo|bar
corpus	1	byte			dfa	selected					tests/assertions/gpos.rxt:206 \Ga|b
corpus	1	byte			dfa	selected					tests/assertions/gpos.rxt:219 x|\Gy
corpus	1	byte			dfa	selected					tests/assertions/gpos.rxt:268 a\Gb
corpus	1	byte			dfa	selected					tests/assertions/gpos.rxt:294 x\G
corpus	1	byte			dfa	selected					tests/assertions/gpos.rxt:308 ab|a\Gb
corpus	1	byte			dfa	selected					tests/assertions/gpos.rxt:324 a\Gb|c
corpus	1	byte			dfa	selected					tests/assertions/gpos.rxt:344 a\Gb|\Gz
corpus	1	byte			dfa	selected					tests/assertions/gpos.rxt:359 x\G|y
corpus	4	byte			dfa	selected					tests/assertions/gpos.rxt:380 \Ax
corpus	1	byte			dfa	selected					tests/assertions/gpos.rxt:391 \A\Gx
corpus	1	byte			dfa	selected					tests/assertions/gpos.rxt:403 \G\z
corpus	1	byte			dfa	selected					tests/assertions/gpos.rxt:410 \G$
corpus	1	byte		b	dfa	selected		dfa	vm	(\?=...) at pattern offset 5	tests/assertions/gpos.rxt:425 \G\bfoo|bar
corpus	1	byte			dfa	selected					tests/assertions/gpos.rxt:453 (?m)^a|\Gb
corpus	1	byte			dfa	selected					tests/assertions/gpos.rxt:470 \Ga|(?m)^b
corpus	1	byte			dfa	selected					tests/assertions/gpos.rxt:490 (\G)*
corpus	1	byte			dfa	selected					tests/assertions/gpos.rxt:497 (?:\G)a
corpus	1	byte			dfa	selected					tests/assertions/gpos.rxt:507 (?:\Gab)+
corpus	1	byte			dfa	selected					tests/assertions/gpos.rxt:522 \G(a|b)c
corpus	2	byte			REFUSED		pcrec: quantifier does not follow a repeatable item (pattern offset 2)				tests/assertions/gpos.rxt:539 \G*
corpus	2	byte			REFUSED		pcrec: quantifier does not follow a repeatable item (pattern offset 2)				tests/assertions/gpos.rxt:544 \G+
corpus	2	byte			REFUSED		pcrec: quantifier does not follow a repeatable item (pattern offset 2)				tests/assertions/gpos.rxt:549 \G?
corpus	1	byte			REFUSED		pcrec: quantifier does not follow a repeatable item (pattern offset 4)				tests/assertions/gpos.rxt:554 \G{2}
corpus	1	byte			REFUSED		pcrec: quantifier does not follow a repeatable item (pattern offset 3)				tests/assertions/gpos.rxt:559 a\G*
corpus	1	byte			REFUSED		pcrec: \G is not valid inside a character class (pattern offset 1)				tests/assertions/gpos.rxt:564 [\G]
corpus	1	byte			dfa	selected					tests/assertions/gpos.rxt:593 (x)?a{0,4}\G
corpus	1	byte			dfa	selected					tests/assertions/gpos.rxt:610 (x)?[ab]{0,4}\G
corpus	1	byte			dfa	selected					tests/assertions/gpos.rxt:625 (x)?a{0,4}\Gb
corpus	1	byte		b i	dfa	selected		dfa	vm	(\?=...) at pattern offset 7	tests/assertions/gpos.rxt:676 (?i:\b)*
corpus	1	byte		B i	dfa	selected		dfa	vm	(\?!...) at pattern offset 7	tests/assertions/gpos.rxt:682 (?i:\B)*
corpus	1	byte		i	dfa	selected					tests/assertions/gpos.rxt:688 (?i:\G)*
corpus	1	byte		i	dfa	selected					tests/assertions/gpos.rxt:695 (?i:\z)*
corpus	1	byte		b	dfa	selected		dfa	vm	(\?=...) at pattern offset 8	tests/assertions/gpos.rxt:701 (?<n>\b)*
corpus	1	byte			dfa	selected					tests/assertions/gpos.rxt:707 (?<n>\G)*
corpus	1	byte			dfa	selected					tests/assertions/gpos.rxt:714 (?<n>\A)*
corpus	2	byte			vm	declined-nullable-default	\\K at pattern offset 0				tests/assertions/kreset.rxt:71 \K
corpus	1	byte			vm	selected	\\K at pattern offset 0				tests/assertions/kreset.rxt:85 \Ka
corpus	1	byte			vm	selected	\\K at pattern offset 1				tests/assertions/kreset.rxt:101 a\K
corpus	1	byte			vm	selected	\\K at pattern offset 0				tests/assertions/kreset.rxt:149 \Kab
corpus	3	byte			vm	selected	\\K at pattern offset 2				tests/assertions/kreset.rxt:165 ab\K
corpus	2	byte			vm	selected	\\K at pattern offset 1				tests/assertions/kreset.rxt:181 a\Kb\Kc
corpus	1	byte			vm	selected	\\K at pattern offset 0				tests/assertions/kreset.rxt:194 \Ka\Kb
corpus	1	byte			vm	selected	\\K at pattern offset 1				tests/assertions/kreset.rxt:205 a\K\Kb
corpus	1	byte			vm	selected	\\K at pattern offset 4				tests/assertions/kreset.rxt:232 (?:a\K|ax)c
corpus	1	byte			vm	selected	\\K at pattern offset 5				tests/assertions/kreset.rxt:252 (?:ab\K|a)b
corpus	1	byte			vm	selected	\\K at pattern offset 4				tests/assertions/kreset.rxt:267 (?:a\K|b)c
corpus	1	byte			vm	selected	\\K at pattern offset 4				tests/assertions/kreset.rxt:285 (?:a\Kb|ab\Kc)d
corpus	1	byte			vm	selected	\\K at pattern offset 1				tests/assertions/kreset.rxt:303 a\Kb|c
corpus	1	byte			vm	selected	\\K at pattern offset 4				tests/assertions/kreset.rxt:337 (?:a\K)*ab
corpus	1	byte			vm	selected	\\K at pattern offset 4				tests/assertions/kreset.rxt:359 (?:a\K)*b
corpus	1	byte			vm	selected	\\K at pattern offset 4				tests/assertions/kreset.rxt:379 (?:a\Kb)*c
corpus	1	byte			vm	selected	\\K at pattern offset 4				tests/assertions/kreset.rxt:402 (?:a\K){2,}b
corpus	1	byte			vm	selected	\\K at pattern offset 4				tests/assertions/kreset.rxt:418 (?:a\K){1,3}b
corpus	1	byte			vm	selected	\\K at pattern offset 4				tests/assertions/kreset.rxt:450 (?:a\K)?b
corpus	1	byte			vm	selected	\\K at pattern offset 3				tests/assertions/kreset.rxt:466 (?:\Ka)?b
corpus	1	byte			vm	selected	\\K at pattern offset 4				tests/assertions/kreset.rxt:475 (?:a\K|b)+c
corpus	1	byte			vm	selected	\\K at pattern offset 2				tests/assertions/kreset.rxt:507 ab\Kc?
corpus	1	byte			vm	declined-nullable-default	\\K at pattern offset 0				tests/assertions/kreset.rxt:527 \Ka*
corpus	1	byte			vm	declined-nullable-default	\\K at pattern offset 2				tests/assertions/kreset.rxt:541 a*\K
corpus	1	byte			vm	selected	\\K at pattern offset 3				tests/assertions/kreset.rxt:572 (a)\K(b)
corpus	1	byte			vm	selected	\\K at pattern offset 1				tests/assertions/kreset.rxt:592 a\K(b)
corpus	1	byte			vm	selected	\\K at pattern offset 2				tests/assertions/kreset.rxt:609 (a\K)(b)
corpus	1	byte			vm	selected	\\K at pattern offset 2				tests/assertions/kreset.rxt:629 (a\K)*b
corpus	1	byte			vm	selected	\\K at pattern offset 4				tests/assertions/kreset.rxt:657 ((a)\K|(b))c
corpus	1	byte			vm	selected	\\K at pattern offset 3				tests/assertions/kreset.rxt:694 \Aa\Kb
corpus	1	byte			vm	selected	\\K at pattern offset 1				tests/assertions/kreset.rxt:705 a\Kb\z
corpus	1	byte			vm	selected	\\K at pattern offset 1				tests/assertions/kreset.rxt:720 a\Kb\Z
corpus	1	byte			vm	selected	\\K at pattern offset 1				tests/assertions/kreset.rxt:735 a\Kb$
corpus	1	byte		b	vm	selected	\\K at pattern offset 3	vm	vm	(\?=...) at pattern offset 3	tests/assertions/kreset.rxt:750 \ba\Kb\b
corpus	1	byte		b	vm	selected	\\K at pattern offset 1	vm	vm	(\?=...) at pattern offset 1	tests/assertions/kreset.rxt:766 a\K\bb
corpus	2	byte			vm	selected	\\K at pattern offset 3				tests/assertions/kreset.rxt:777 \Ga\Kb
corpus	1	byte			vm	selected	\\K at pattern offset 1				tests/assertions/kreset.rxt:793 a\Kb|\Gc
corpus	1	byte			vm	selected	\\K at pattern offset 6				tests/assertions/kreset.rxt:809 (?m)^a\Kb
corpus	1	byte			vm	selected	\\K at pattern offset 1				tests/assertions/kreset.rxt:827 a\Kb(?m)$
corpus	1	byte			vm	selected	\\K at pattern offset 6				tests/assertions/kreset.rxt:857 a{2,4}\Kb
corpus	1	byte			vm	selected	\\K at pattern offset 1				tests/assertions/kreset.rxt:879 a\Kb{1,3}
corpus	1	byte			vm	selected	\\K at pattern offset 5				tests/assertions/kreset.rxt:896 [ab]*\K[bc]+
corpus	1	byte			vm	selected	\\K at pattern offset 7				tests/assertions/kreset.rxt:916 (?:ab)+\Kc
corpus	1	byte			vm	selected	\\K at pattern offset 4				tests/assertions/kreset.rxt:961 (?:a\K){0,10}ab
corpus	1	byte			vm	selected	\\K at pattern offset 4				tests/assertions/kreset.rxt:972 (?:a\K){0,10}b
corpus	1	byte			vm	selected	\\K at pattern offset 4				tests/assertions/kreset.rxt:980 (?:a\Kb){0,8}c
corpus	1	byte			vm	declined-nullable-default	\\K at pattern offset 1				tests/assertions/kreset.rxt:1000 (\K)*
corpus	2	byte			REFUSED		pcrec: quantifier does not follow a repeatable item (pattern offset 2)				tests/assertions/kreset.rxt:1007 \K*
corpus	2	byte			REFUSED		pcrec: quantifier does not follow a repeatable item (pattern offset 2)				tests/assertions/kreset.rxt:1011 \K+
corpus	2	byte			REFUSED		pcrec: quantifier does not follow a repeatable item (pattern offset 2)				tests/assertions/kreset.rxt:1015 \K?
corpus	1	byte			REFUSED		pcrec: quantifier does not follow a repeatable item (pattern offset 4)				tests/assertions/kreset.rxt:1019 \K{2}
corpus	1	byte			REFUSED		pcrec: quantifier does not follow a repeatable item (pattern offset 3)				tests/assertions/kreset.rxt:1023 a\K*
corpus	1	byte			REFUSED		pcrec: \K is not valid inside a character class (pattern offset 1)				tests/assertions/kreset.rxt:1027 [\K]
corpus	4	byte			dfa	selected					tests/assertions/multiline.rxt:37 (?m)^
corpus	2	byte			dfa	selected					tests/assertions/multiline.rxt:57 (?m)$
corpus	4	byte			dfa	selected					tests/assertions/multiline.rxt:77 ^
corpus	1	byte			dfa	selected					tests/assertions/multiline.rxt:123 (?m)^ERROR
corpus	1	byte			dfa	selected					tests/assertions/multiline.rxt:151 (?m)ERROR$
corpus	1	byte			dfa	selected					tests/assertions/multiline.rxt:180 (?m)^ERROR$
corpus	1	byte			dfa	selected					tests/assertions/multiline.rxt:208 ^ERROR
corpus	1	byte			dfa	selected					tests/assertions/multiline.rxt:236 ERROR$
corpus	8	byte			dfa	selected					tests/assertions/multiline.rxt:265 (?m)^a
corpus	3	byte			dfa	selected					tests/assertions/multiline.rxt:293 (?m)a$
corpus	2	byte			dfa	selected					tests/assertions/multiline.rxt:322 (?m)^.
corpus	1	byte			dfa	selected					tests/assertions/multiline.rxt:350 (?m).$
corpus	2	byte			dfa	selected					tests/assertions/multiline.rxt:444 (?m)^$
corpus	2	byte			dfa	selected					tests/assertions/multiline.rxt:486 (?m)^[^c]*
corpus	2	byte			dfa	selected					tests/assertions/multiline.rxt:693 (?m)[^c]*$
corpus	1	byte			dfa	selected					tests/assertions/multiline.rxt:871 (?m)[^c]+$
corpus	1	byte			dfa	selected					tests/assertions/multiline.rxt:919 (?m)a*$
corpus	1	byte			dfa	selected					tests/assertions/multiline.rxt:967 (?m).*$
corpus	1	byte		w	dfa	selected					tests/assertions/multiline.rxt:1015 (?m)\w*$
corpus	1	byte			dfa	selected					tests/assertions/multiline.rxt:1063 (?m)[a-z]{0,4}$
corpus	1	byte		w	dfa	selected					tests/assertions/multiline.rxt:1161 (?m)^\w+
corpus	1	byte			dfa	selected					tests/assertions/multiline.rxt:1223 (?m)[^c]{1,3}$
corpus	1	byte			dfa	selected					tests/assertions/multiline.rxt:1254 (?m)[^c]{0,2}$
corpus	1	byte			dfa	selected					tests/assertions/multiline.rxt:1285 (?m)[^c]{0,4}$
corpus	1	byte			dfa	selected					tests/assertions/multiline.rxt:1316 (?m)[^c]?$
corpus	1	byte			dfa	selected					tests/assertions/multiline.rxt:1347 (?m)a{0,4}$
corpus	1	byte			dfa	selected					tests/assertions/multiline.rxt:1378 (?m)z[^c]{0,2}$
corpus	1	byte			dfa	selected					tests/assertions/multiline.rxt:1409 (?m)(?:z|)[^c]{0,2}$
corpus	1	byte			dfa	selected					tests/assertions/multiline.rxt:1463 (?m)([^c]{1,3})$
corpus	1	byte			dfa	selected					tests/assertions/multiline.rxt:1494 (?m)([^c]{0,2})$
corpus	1	byte			dfa	selected					tests/assertions/multiline.rxt:1525 (?m)([^c]{0,4})$
corpus	1	byte			dfa	selected					tests/assertions/multiline.rxt:1556 (?m)([^c]?)$
corpus	1	byte			dfa	selected					tests/assertions/multiline.rxt:1587 (?m)(a{0,4})$
corpus	1	byte			dfa	selected					tests/assertions/multiline.rxt:1618 (?m:([^c]{1,3})$)
corpus	1	byte			dfa	selected					tests/assertions/multiline.rxt:1650 (?m)([^c]{1,3})$(?-m)
corpus	1	byte			dfa	selected					tests/assertions/multiline.rxt:1681 ([^c]{1,3})$
corpus	1	byte			dfa	selected					tests/assertions/multiline.rxt:1712 (a{0,4})$
corpus	1	byte			dfa	selected					tests/assertions/multiline.rxt:1766 (?m:[^c]{1,3}$)
corpus	1	byte			dfa	selected					tests/assertions/multiline.rxt:1815 (?m:^a)
corpus	1	byte			dfa	selected					tests/assertions/multiline.rxt:1863 (?m:a$)
corpus	1	byte			dfa	selected					tests/assertions/multiline.rxt:1911 (?m:[^c]{0,2}$)
corpus	1	byte			dfa	selected					tests/assertions/multiline.rxt:1959 (?m:.*$)
corpus	1	byte			dfa	selected					tests/assertions/multiline.rxt:2008 (?m)[^c]{1,3}$(?-m)
corpus	1	byte			dfa	selected					tests/assertions/multiline.rxt:2057 (?m)a$(?-m)
corpus	1	byte			dfa	selected					tests/assertions/multiline.rxt:2106 (?m)^a(?-m)
corpus	1	byte			dfa	selected					tests/assertions/multiline.rxt:2155 (?m)a{0,4}$(?-m)
corpus	1	byte			dfa	selected					tests/assertions/multiline.rxt:2204 a(?m)$
corpus	1	byte			dfa	selected					tests/assertions/multiline.rxt:2304 a(?m)^b|c
corpus	1	byte			dfa	selected					tests/assertions/multiline.rxt:2353 a$(?m)
corpus	2	byte			dfa	selected					tests/assertions/multiline.rxt:2402 (?m)^a|b$
corpus	1	byte			dfa	selected					tests/assertions/multiline.rxt:2456 (?:(?m:a$)|b$)
corpus	1	byte			dfa	selected					tests/assertions/multiline.rxt:2505 (?:(?m:^a)|^b)
corpus	1	byte			dfa	selected					tests/assertions/multiline.rxt:2553 (?m:a$)|c$
corpus	1	byte			dfa	selected					tests/assertions/multiline.rxt:2601 (?m)a$|(?-m:b$)
corpus	1	byte			dfa	selected					tests/assertions/multiline.rxt:2671 (?m)^a|b
corpus	2	byte			dfa	selected					tests/assertions/multiline.rxt:2748 a|^b
corpus	4	byte			dfa	selected					tests/assertions/multiline.rxt:2786 ^a|b
corpus	1	byte			dfa	selected					tests/assertions/multiline.rxt:2825 (?m)^ERROR|WARN
corpus	1	byte			dfa	selected					tests/assertions/multiline.rxt:2864 (?m)^a|(?m)b
corpus	2	byte		b	dfa	selected		dfa	vm	(\?=...) at pattern offset 8	tests/assertions/multiline.rxt:2902 (?:^|\b)foo
corpus	2	byte			dfa	selected					tests/assertions/multiline.rxt:2947 (?m)\Aa
corpus	2	byte			dfa	selected					tests/assertions/multiline.rxt:2996 (?m)a\Z
corpus	1	byte			dfa	selected					tests/assertions/multiline.rxt:3044 (?m)a\z
corpus	1	byte			dfa	selected					tests/assertions/multiline.rxt:3092 (?m)\A
corpus	1	byte			dfa	selected					tests/assertions/multiline.rxt:3141 (?m)\Z
corpus	1	byte			dfa	selected					tests/assertions/multiline.rxt:3189 (?m)\z
corpus	1	byte			dfa	selected					tests/assertions/multiline.rxt:3238 (?m:a\Z)
corpus	1	byte			dfa	selected					tests/assertions/multiline.rxt:3286 (?m:\Aa)
corpus	1	byte		b	dfa	selected		dfa	vm	(\?=...) at pattern offset 8	tests/assertions/multiline.rxt:3341 (?m)^\bx*
corpus	1	byte		b	dfa	selected		dfa	vm	(\?=...) at pattern offset 7	tests/assertions/multiline.rxt:3393 (?m)\bx*$
corpus	1	byte		b w	dfa	selected		dfa	vm	(\?=...) at pattern offset 11	tests/assertions/multiline.rxt:3446 (?m)^\w+\b$
corpus	1	byte		B	dfa	selected		dfa	vm	(\?!...) at pattern offset 7	tests/assertions/multiline.rxt:3498 (?m)\Bfoo
corpus	1	byte			dfa	selected					tests/assertions/multiline.rxt:3550 (?m)x*$
corpus	3	byte		b	dfa	selected		dfa	vm	(\?=...) at pattern offset 3	tests/assertions/multiline.rxt:3602 \bx*
corpus	1	byte			dfa	selected					tests/assertions/multiline.rxt:3661 (?-m)^a
corpus	1	byte			dfa	selected					tests/assertions/multiline.rxt:3710 (?-m)a$
corpus	1	byte			dfa	selected					tests/assertions/multiline.rxt:3758 (?-m:a$)
corpus	1	byte		b	dfa	selected		dfa	vm	(\?=...) at pattern offset 3	tests/assertions/wordb_basic.rxt:63 \bfoo
corpus	1	byte		B	dfa	selected		dfa	vm	(\?!...) at pattern offset 3	tests/assertions/wordb_basic.rxt:143 \Bfoo
corpus	1	byte		b	dfa	selected		dfa	vm	(\?=...) at pattern offset 3	tests/assertions/wordb_basic.rxt:375 \bfoo\b
corpus	1	byte		B	dfa	selected		dfa	vm	(\?!...) at pattern offset 3	tests/assertions/wordb_basic.rxt:450 \Bfoo\B
corpus	1	byte		B b	dfa	selected		dfa	vm	(\?!...) at pattern offset 3	tests/assertions/wordb_basic.rxt:525 \bfoo\B
corpus	1	byte		B b	dfa	selected		dfa	vm	(\?=...) at pattern offset 3	tests/assertions/wordb_basic.rxt:600 \Bfoo\b
corpus	2	byte		b w	dfa	selected		dfa	vm	(\?=...) at pattern offset 3	tests/assertions/wordb_basic.rxt:675 \b\w+\b
corpus	1	byte		B w	dfa	selected		dfa	vm	(\?!...) at pattern offset 3	tests/assertions/wordb_basic.rxt:750 \B\w+\B
corpus	1	byte		b w	dfa	selected		dfa	vm	(\?=...) at pattern offset 3	tests/assertions/wordb_basic.rxt:825 \b\w\b
corpus	1	byte		b	dfa	selected		dfa	vm	(\?=...) at pattern offset 3	tests/assertions/wordb_basic.rxt:900 \b.\b
corpus	1	byte		B	dfa	selected		dfa	vm	(\?!...) at pattern offset 3	tests/assertions/wordb_basic.rxt:975 \B.\B
corpus	1	byte		b	dfa	selected		dfa	vm	(\?=...) at pattern offset 4	tests/assertions/wordb_basic.rxt:1050 a\bb
corpus	1	byte		B	dfa	selected		dfa	vm	(\?!...) at pattern offset 4	tests/assertions/wordb_basic.rxt:1125 a\Bb
corpus	1	byte		b d w	dfa	selected		dfa	vm	(\?=...) at pattern offset 5	tests/assertions/wordb_basic.rxt:1200 \d\b\w
corpus	1	byte		B w	dfa	selected		dfa	vm	(\?!...) at pattern offset 5	tests/assertions/wordb_basic.rxt:1275 \w\B\w
corpus	3	byte		b	dfa	selected		dfa	vm	(\?=...) at pattern offset 3	tests/assertions/wordb_empty_compose.rxt:31 \b
corpus	2	byte		B	dfa	selected		dfa	vm	(\?!...) at pattern offset 3	tests/assertions/wordb_empty_compose.rxt:106 \B
corpus	1	byte		b	dfa	selected		dfa	vm	(\?=...) at pattern offset 3	tests/assertions/wordb_empty_compose.rxt:181 \b\b
corpus	1	byte		B b	dfa	selected		dfa	vm	(\?!...) at pattern offset 3	tests/assertions/wordb_empty_compose.rxt:256 \b\B
corpus	1	byte		B b	dfa	selected		dfa	vm	(\?=...) at pattern offset 3	tests/assertions/wordb_empty_compose.rxt:331 \B\b
corpus	1	byte		B	dfa	selected		dfa	vm	(\?!...) at pattern offset 3	tests/assertions/wordb_empty_compose.rxt:406 \B\B
corpus	1	byte		B	dfa	selected		dfa	vm	(\?!...) at pattern offset 3	tests/assertions/wordb_empty_compose.rxt:556 \Bx*
corpus	1	byte		b w	dfa	selected		dfa	vm	(\?=...) at pattern offset 3	tests/assertions/wordb_empty_compose.rxt:631 \b\w*
corpus	1	byte		b	dfa	selected		dfa	vm	(\?=...) at pattern offset 3	tests/assertions/wordb_empty_compose.rxt:706 \bx?
corpus	1	byte		b	dfa	selected		dfa	vm	(\?=...) at pattern offset 6	tests/assertions/wordb_empty_compose.rxt:866 foo\b\z
corpus	1	byte		b	dfa	selected		dfa	vm	(\?=...) at pattern offset 3	tests/assertions/wordb_empty_compose.rxt:942 \bfoo\Z
corpus	1	byte		b w	dfa	selected		dfa	vm	(\?=...) at pattern offset 6	tests/assertions/wordb_empty_compose.rxt:1017 \w+\b$
corpus	1	byte		b w	dfa	selected		dfa	vm	(\?=...) at pattern offset 3	tests/assertions/wordb_empty_compose.rxt:1092 \b\w+\z
corpus	1	byte		B	dfa	selected		dfa	vm	(\?!...) at pattern offset 3	tests/assertions/wordb_empty_compose.rxt:1168 \Bo\Z
corpus	1	byte		b w	dfa	selected		dfa	vm	(\?=...) at pattern offset 3	tests/assertions/wordb_empty_compose.rxt:1243 \b\w+\b$
corpus	1	byte		b	dfa	selected		dfa	vm	(\?=...) at pattern offset 6	tests/assertions/wordb_empty_compose.rxt:1318 \Aa\b
corpus	1	byte		b w	dfa	selected		dfa	vm	(\?=...) at pattern offset 3	tests/assertions/wordb_empty_compose.rxt:1393 \b\w+\b\z
corpus	1	byte		B	dfa	selected		dfa	vm	(\?!...) at pattern offset 4	tests/assertions/wordb_engattempt.rxt:59 ^\Bfoo
corpus	1	byte		B	dfa	selected		dfa	vm	(\?!...) at pattern offset 4	tests/assertions/wordb_engattempt.rxt:135 ^\Bo
corpus	1	byte		b	dfa	selected		dfa	vm	(\?=...) at pattern offset 5	tests/assertions/wordb_engattempt.rxt:212 ^a\bb
corpus	1	byte		b	dfa	selected		dfa	vm	(\?=...) at pattern offset 4	tests/assertions/wordb_engattempt.rxt:287 ^\bfoo
corpus	1	byte		B	dfa	selected		dfa	vm	(\?!...) at pattern offset 5	tests/assertions/wordb_engattempt.rxt:362 ^x\Bfoo
corpus	1	byte		b w	dfa	selected		dfa	vm	(\?=...) at pattern offset 7	tests/assertions/wordb_engattempt.rxt:437 ^\w+\b
corpus	1	byte		b w	dfa	selected		dfa	vm	(\?=...) at pattern offset 4	tests/assertions/wordb_engattempt.rxt:512 ^\b\w+\b
corpus	1	byte		B	dfa	selected		dfa	vm	(\?!...) at pattern offset 5	tests/assertions/wordb_engattempt.rxt:587 ^f\Bo
corpus	1	byte		b	dfa	selected		dfa	vm	(\?=...) at pattern offset 5	tests/assertions/wordb_engattempt.rxt:662 ^a\b.
corpus	1	byte		b	dfa	selected		dfa	vm	(\?=...) at pattern offset 4	tests/assertions/wordb_engattempt.rxt:737 ^\b
corpus	1	byte		B	dfa	selected		dfa	vm	(\?!...) at pattern offset 4	tests/assertions/wordb_engattempt.rxt:812 ^\B
corpus	1	byte		B w	dfa	selected		dfa	vm	(\?!...) at pattern offset 7	tests/assertions/wordb_engattempt.rxt:887 ^\w+\B
corpus	1	byte		b	dfa	selected		dfa	vm	(\?=...) at pattern offset 5	tests/assertions/wordb_engattempt.rxt:962 ^.\b.
corpus	1	byte		B	dfa	selected		dfa	vm	(\?!...) at pattern offset 4	tests/assertions/wordb_engattempt.rxt:1112 ^\Bfoo|^x
corpus	1	byte		b	dfa	selected		dfa	vm	(\?=...) at pattern offset 5	tests/assertions/wordb_engattempt.rxt:1187 ^a\bb|^z
corpus	1	byte		b	dfa	selected		dfa	vm	(\?=...) at pattern offset 4	tests/assertions/wordb_vm.rxt:39 (\bfoo)
corpus	1	byte		B	dfa	selected		dfa	vm	(\?!...) at pattern offset 4	tests/assertions/wordb_vm.rxt:114 (\Bfoo)
corpus	1	byte		b	dfa	selected		dfa	vm	(\?=...) at pattern offset 7	tests/assertions/wordb_vm.rxt:189 (foo\b)
corpus	1	byte		B	dfa	selected		dfa	vm	(\?!...) at pattern offset 7	tests/assertions/wordb_vm.rxt:264 (foo\B)
corpus	1	byte		b w	dfa	selected		dfa	vm	(\?=...) at pattern offset 4	tests/assertions/wordb_vm.rxt:339 (\b\w+\b)
corpus	1	byte		b	dfa	selected		dfa	vm	(\?=...) at pattern offset 4	tests/assertions/wordb_vm.rxt:414 (\b)x
corpus	1	byte		B	dfa	selected		dfa	vm	(\?!...) at pattern offset 5	tests/assertions/wordb_vm.rxt:489 x(\B)y
corpus	1	byte		b	dfa	selected		dfa	vm	(\?=...) at pattern offset 4	tests/assertions/wordb_vm.rxt:564 (\bfoo\b)
corpus	1	byte		b	dfa	selected		dfa	vm	(\?=...) at pattern offset 6	tests/assertions/wordb_vm.rxt:639 (a)\b(b)
corpus	1	byte		B w	dfa	selected		dfa	vm	(\?!...) at pattern offset 4	tests/assertions/wordb_vm.rxt:714 (\B\w+)
corpus	1	byte		b	dfa	selected		dfa	vm	(\?=...) at pattern offset 5	tests/assertions/wordb_vm.rxt:789 (^\bfoo)
corpus	1	byte		b	dfa	selected		dfa	vm	(\?=...) at pattern offset 4	tests/assertions/wordb_vm.rxt:864 (\bfoo)$
corpus	1	byte			dfa	selected					tests/assertions/d27/anchors_abs.rxt:15 \Aabc
corpus	1	byte			dfa	selected					tests/assertions/d27/anchors_abs.rxt:25 \A(cat|dog)
corpus	1	byte			dfa	selected					tests/assertions/d27/anchors_abs.rxt:36 \A[a-c]+
corpus	1	byte			dfa	selected					tests/assertions/d27/anchors_abs.rxt:42 (\Aa)+
corpus	1	byte			dfa	selected					tests/assertions/d27/anchors_abs.rxt:51 x\Ay
corpus	1	byte			dfa	selected					tests/assertions/d27/anchors_abs.rxt:57 ab\A
corpus	1	byte			dfa	selected					tests/assertions/d27/anchors_abs.rxt:63 \zabc
corpus	1	byte			dfa	selected					tests/assertions/d27/anchors_abs.rxt:77 (a\z)+
corpus	8	byte			dfa	selected					tests/assertions/d27/anchors_abs.rxt:114 a$
corpus	1	byte			dfa	selected					tests/assertions/d27/anchors_abs.rxt:146 \Aabc\z
corpus	1	byte		b	dfa	selected		dfa	vm	(\?=...) at pattern offset 5	tests/assertions/d27/composition.rxt:7 \A\bfoo\b\z
corpus	1	byte		b	dfa	selected		dfa	vm	(\?=...) at pattern offset 8	tests/assertions/d27/composition.rxt:14 (?m)^\bfoo\b$
corpus	1	byte			vm	selected	\\K at pattern offset 5				tests/assertions/d27/composition.rxt:20 \Gcat\Kdog
corpus	1	byte		B	vm	selected	\\K at pattern offset 2	vm	vm	\\K at pattern offset 3	tests/assertions/d27/composition.rxt:25 \B\Kcat
corpus	2	byte			vm	selected	\\K at pattern offset 4				tests/assertions/d27/composition.rxt:30 \A(a\Kb)+\z
corpus	1	byte			dfa	selected					tests/assertions/d27/composition.rxt:37 (?m)^\Ga
corpus	1	byte		B b	dfa	selected		dfa	vm	(\?!...) at pattern offset 3	tests/assertions/d27/composition.rxt:45 \b(?:cat|dog)\B
corpus	3	byte		b	dfa	selected		dfa	vm	(\?=...) at pattern offset 3	tests/assertions/d27/gating.rxt:42 \bx
corpus	2	byte		B	dfa	selected		dfa	vm	(\?!...) at pattern offset 3	tests/assertions/d27/gating.rxt:47 \Bx
corpus	2	byte			vm	selected	\\K at pattern offset 0				tests/assertions/d27/gating.rxt:57 \Kx
corpus	1	byte			dfa	selected					tests/assertions/d27/gating.rxt:110 x\z
corpus	1	byte			dfa	selected					tests/assertions/d27/gating.rxt:115 x\Z
corpus	1	byte		B	dfa	selected		dfa	vm	(\?!...) at pattern offset 4	tests/assertions/d27/gating.rxt:125 x\By
corpus	1	byte			vm	selected	\\K at pattern offset 1				tests/assertions/d27/gating.rxt:135 x\K
corpus	2	byte			dfa	selected					tests/assertions/d27/gstart.rxt:15 \Ga
corpus	1	byte			dfa	selected					tests/assertions/d27/gstart.rxt:23 \G.
corpus	1	byte			dfa	selected					tests/assertions/d27/gstart.rxt:31 \G(cat|dog)
corpus	1	byte		d	dfa	selected					tests/assertions/d27/gstart.rxt:46 \G\d+
corpus	1	byte			vm	selected	\\K at pattern offset 2				tests/assertions/d27/kreset.rxt:19 (a\K)b
corpus	1	byte			vm	selected	\\K at pattern offset 3				tests/assertions/d27/kreset.rxt:25 (a)\Kb
corpus	1	byte			vm	selected	\\K at pattern offset 2				tests/assertions/d27/kreset.rxt:36 (a\Kb|c\Kd)
corpus	1	byte			vm	selected	\\K at pattern offset 2				tests/assertions/d27/kreset.rxt:44 (a\K)+b
corpus	1	byte		b w	vm	selected	\\K at pattern offset 2	vm	vm	\\K at pattern offset 3	tests/assertions/d27/kreset.rxt:58 \b\K\w+
corpus	1	byte			vm	selected	\\K at pattern offset 6				tests/assertions/d27/kreset.rxt:63 (?m)^a\Kb$
corpus	1	byte			dfa	selected					tests/assertions/d27/multiline.rxt:23 (?m)^b
corpus	1	byte			dfa	selected					tests/assertions/d27/multiline.rxt:59 (?m:^a)$
corpus	1	byte			dfa	selected					tests/assertions/d27/multiline.rxt:67 ^a(?m:$)
corpus	1	byte			dfa	selected					tests/assertions/d27/multiline.rxt:72 (?m)^a(?-m)^b
corpus	1	byte			dfa	selected					tests/assertions/d27/multiline.rxt:78 (?m)^a(?-m:^b)
corpus	1	byte			dfa	selected					tests/assertions/d27/multiline.rxt:83 (?m)^(a|b)$
corpus	1	byte			dfa	selected					tests/assertions/d27/multiline.rxt:91 (?m)^a+$
corpus	1	byte			dfa	selected					tests/assertions/d27/multiline.rxt:96 (?m)^[a-c]$
corpus	1	byte			dfa	selected					tests/assertions/d27/multiline.rxt:101 (?m)^a$
corpus	1	byte			REFUSED		pcrec: quantifier does not follow a repeatable item (pattern offset 6)				tests/assertions/d27/syntax_errors.rxt:30 \A{2,3}
corpus	1	byte			REFUSED		pcrec: quantifier does not follow a repeatable item (pattern offset 2)				tests/assertions/d27/syntax_errors.rxt:34 \A*?
corpus	1	byte			REFUSED		pcrec: quantifier does not follow a repeatable item (pattern offset 6)				tests/assertions/d27/syntax_errors.rxt:51 \z{2,3}
corpus	1	byte			REFUSED		pcrec: quantifier does not follow a repeatable item (pattern offset 2)				tests/assertions/d27/syntax_errors.rxt:55 \z*?
corpus	1	byte			REFUSED		pcrec: quantifier does not follow a repeatable item (pattern offset 6)				tests/assertions/d27/syntax_errors.rxt:72 \Z{2,3}
corpus	1	byte			REFUSED		pcrec: quantifier does not follow a repeatable item (pattern offset 2)				tests/assertions/d27/syntax_errors.rxt:76 \Z*?
corpus	1	byte		b	REFUSED		pcrec: quantifier does not follow a repeatable item (pattern offset 2)	REFUSED	vm	(\?=...) at pattern offset 3	tests/assertions/d27/syntax_errors.rxt:81 \b*
corpus	1	byte		b	REFUSED		pcrec: quantifier does not follow a repeatable item (pattern offset 2)	REFUSED	vm	(\?=...) at pattern offset 3	tests/assertions/d27/syntax_errors.rxt:85 \b+
corpus	1	byte		b	REFUSED		pcrec: quantifier does not follow a repeatable item (pattern offset 2)	REFUSED	vm	(\?=...) at pattern offset 3	tests/assertions/d27/syntax_errors.rxt:89 \b?
corpus	1	byte		b	REFUSED		pcrec: quantifier does not follow a repeatable item (pattern offset 6)	REFUSED	vm	(\?=...) at pattern offset 3	tests/assertions/d27/syntax_errors.rxt:93 \b{2,3}
corpus	1	byte		b	REFUSED		pcrec: quantifier does not follow a repeatable item (pattern offset 2)	REFUSED	vm	(\?=...) at pattern offset 3	tests/assertions/d27/syntax_errors.rxt:97 \b*?
corpus	1	byte		B	REFUSED		pcrec: quantifier does not follow a repeatable item (pattern offset 2)	REFUSED	vm	(\?!...) at pattern offset 3	tests/assertions/d27/syntax_errors.rxt:102 \B*
corpus	1	byte		B	REFUSED		pcrec: quantifier does not follow a repeatable item (pattern offset 2)	REFUSED	vm	(\?!...) at pattern offset 3	tests/assertions/d27/syntax_errors.rxt:106 \B+
corpus	1	byte		B	REFUSED		pcrec: quantifier does not follow a repeatable item (pattern offset 2)	REFUSED	vm	(\?!...) at pattern offset 3	tests/assertions/d27/syntax_errors.rxt:110 \B?
corpus	1	byte		B	REFUSED		pcrec: quantifier does not follow a repeatable item (pattern offset 6)	REFUSED	vm	(\?!...) at pattern offset 3	tests/assertions/d27/syntax_errors.rxt:114 \B{2,3}
corpus	1	byte		B	REFUSED		pcrec: quantifier does not follow a repeatable item (pattern offset 2)	REFUSED	vm	(\?!...) at pattern offset 3	tests/assertions/d27/syntax_errors.rxt:118 \B*?
corpus	1	byte			REFUSED		pcrec: quantifier does not follow a repeatable item (pattern offset 6)				tests/assertions/d27/syntax_errors.rxt:135 \G{2,3}
corpus	1	byte			REFUSED		pcrec: quantifier does not follow a repeatable item (pattern offset 2)				tests/assertions/d27/syntax_errors.rxt:139 \G*?
corpus	1	byte			REFUSED		pcrec: quantifier does not follow a repeatable item (pattern offset 6)				tests/assertions/d27/syntax_errors.rxt:156 \K{2,3}
corpus	1	byte			REFUSED		pcrec: quantifier does not follow a repeatable item (pattern offset 2)				tests/assertions/d27/syntax_errors.rxt:160 \K*?
corpus	1	byte			REFUSED		pcrec: quantifier does not follow a repeatable item (pattern offset 4)				tests/assertions/d27/syntax_errors.rxt:165 (?m)*
corpus	1	byte			REFUSED		pcrec: \K is not allowed inside a lookaround (pattern offset 0)				tests/assertions/d27/syntax_errors.rxt:170 (?<=a\Kb)c
bench,corpus	2	byte		b	dfa	selected		dfa	vm	(\?=...) at pattern offset 3	tests/assertions/d27/word_boundary.rxt:11 \bcat\b
corpus	2	byte		B	dfa	selected		dfa	vm	(\?!...) at pattern offset 3	tests/assertions/d27/word_boundary.rxt:22 \Bcat
corpus	1	byte		b	dfa	selected		dfa	vm	(\?=...) at pattern offset 3	tests/assertions/d27/word_boundary.rxt:30 \bcat
corpus	1	byte		b	dfa	selected		dfa	vm	(\?=...) at pattern offset 3	tests/assertions/d27/word_boundary.rxt:51 \b(cat|dog)\b
corpus	1	byte		b	dfa	selected		dfa	vm	(\?=...) at pattern offset 4	tests/assertions/d27/word_boundary.rxt:58 (\bcat\b)+
corpus	1	byte		B	dfa	selected		dfa	vm	(\?!...) at pattern offset 8	tests/assertions/d27/word_boundary.rxt:66 [a-c]\B
corpus	1	byte		b i	dfa	selected		dfa	vm	(\?=...) at pattern offset 7	tests/assertions/d27/word_boundary.rxt:91 (?i)\bcat\b
corpus	1	byte			dfa	selected					tests/altcls/altcls.rxt:21 (b|c)
corpus	1	byte			dfa	selected					tests/altcls/altcls.rxt:29 b|c
corpus	1	byte			dfa	selected					tests/altcls/altcls.rxt:35 [ab]|[cd]
corpus	1	byte			dfa	selected					tests/altcls/altcls.rxt:43 b|[cd]
corpus	1	byte			dfa	selected					tests/altcls/altcls.rxt:50 a|b|c|d|e
corpus	1	byte			dfa	selected					tests/altcls/altcls.rxt:56 frank|fred
corpus	1	byte			dfa	selected					tests/altcls/altcls.rxt:64 frank|fred|brad|bobby|janet
corpus	1	byte			dfa	selected					tests/altcls/altcls.rxt:74 f|frank
corpus	1	byte			dfa	selected					tests/altcls/altcls.rxt:80 frank|f
corpus	2	byte			dfa	selected					tests/altcls/altcls.rxt:86 fo|foo|fool
corpus	1	byte			dfa	selected					tests/altcls/altcls.rxt:93 cat|car|cap|dog
corpus	1	byte			dfa	selected					tests/altcls/altcls.rxt:102 frank|zred|brad
corpus	1	byte			dfa	selected					tests/altcls/altcls.rxt:109 (b)|c
corpus	1	byte			dfa	selected					tests/altcls/altcls.rxt:117 (frank)|fred
corpus	1	byte			dfa	selected					tests/altcls/altcls.rxt:125 fra(n|m)k|frost
corpus	1	byte			dfa	selected					tests/altcls/altcls.rxt:147 (?:a||b)
corpus	1	byte			dfa	selected					tests/altcls/altcls.rxt:158 (?:a||b)c
corpus	1	byte			dfa	selected					tests/altcls/altcls.rxt:170 (?:a|b||c|d)x
corpus	1	byte			dfa	selected					tests/litscan/litrun.rxt:15 abcdef
corpus	1	byte			dfa	selected					tests/litscan/litrun.rxt:26 x(abc)defg
corpus	1	byte			dfa	selected					tests/litscan/litrun.rxt:34 xyz(a|ab)c
bench,corpus	3	byte			dfa	selected					tests/litscan/litrun.rxt:42 ab
bench,corpus	6	byte			dfa	selected					tests/litscan/litrun.rxt:50 abc
corpus	1	byte			dfa	selected					tests/litscan/litrun.rxt:57 a\x22b\\c\?d
corpus	1	byte			dfa	selected					tests/litscan/litrun.rxt:63 a\?\?=b
corpus	1	byte			dfa	selected					tests/litscan/litrun.rxt:69 \x01\x7f\x80\xfe
corpus	1	byte			dfa	selected					tests/litscan/litrun.rxt:75 a\x00b
corpus	1	byte			dfa	selected					tests/litscan/litrun.rxt:82 \x001
corpus	1	byte			dfa	selected					tests/litscan/litrun.rxt:88 a*bcd
corpus	1	byte			dfa	selected					tests/litscan/litrun.rxt:103 (?:abc)+d
corpus	1	byte			dfa	selected					tests/litscan/litrun.rxt:111 (abc){2}x
corpus	1	byte			dfa	selected					tests/litscan/litrun.rxt:118 foo(?:username|password|passphrase)bar
corpus	1	byte			dfa	selected					tests/litscan/litrun.rxt:128 (?:alpha|alps|alp)x
corpus	1	byte			dfa	selected					tests/litscan/litrun.rxt:137 AKIA|AGPA|AIDA|AROA
corpus	1	byte		i	dfa	selected					tests/litscan/litrun.rxt:146 (?i)abc
corpus	1	byte			dfa	selected					tests/litscan/litrun.rxt:153 a[bc]de
corpus	1	byte			vm	selected	(\?=...) at pattern offset 3				tests/litscan/litrun.rxt:160 abc(?=def)
corpus	1	byte			dfa	selected					tests/harness/giveup.rxt:48 (a*)*[bc]
corpus	1	byte			dfa	selected					tests/harness/giveup.rxt:54 ((a)|b)*[cd]
corpus	1	byte			dfa	selected					tests/quoting/k62_class_range_e.rxt:17 [0-\E]
corpus	1	byte			dfa	selected					tests/quoting/k62_class_range_e.rxt:25 [a-\E]
corpus	1	byte			dfa	selected					tests/quoting/k62_class_range_e.rxt:34 [0-\E9]
corpus	1	byte			dfa	selected					tests/quoting/k62_class_range_e.rxt:45 [0-\Q\E]
corpus	1	byte			REFUSED		pcrec: missing terminating ] for character class (pattern offset 0)				tests/quoting/k62_class_range_e.rxt:53 [0-\E
corpus	1	byte		d	dfa	selected					tests/quoting/d27/adjacent_escapes.rxt:4 \d\Q+\E
corpus	1	byte			dfa	selected					tests/quoting/d27/adjacent_escapes.rxt:10 \Q\d\E
corpus	1	byte		s w	dfa	selected					tests/quoting/d27/adjacent_escapes.rxt:16 \w\Qxy\E\s
corpus	1	byte			dfa	selected					tests/quoting/d27/basics.rxt:10 a\Qb.c\Ed
corpus	1	byte			dfa	selected					tests/quoting/d27/basics.rxt:16 \Qa*b\E
corpus	1	byte			dfa	selected					tests/quoting/d27/basics.rxt:22 \Qa+b\E
corpus	1	byte			dfa	selected					tests/quoting/d27/basics.rxt:28 \Qa?b\E
corpus	1	byte			dfa	selected					tests/quoting/d27/basics.rxt:34 \Qa{2,3}b\E
corpus	1	byte			dfa	selected					tests/quoting/d27/basics.rxt:40 \Q^a$\E
corpus	1	byte			dfa	selected					tests/quoting/d27/basics.rxt:46 \Qa(b)c\E
corpus	1	byte			dfa	selected					tests/quoting/d27/basics.rxt:51 \Qa[b]c\E
corpus	1	byte			dfa	selected					tests/quoting/d27/basics.rxt:56 \Qa|b\E
corpus	1	byte			dfa	selected					tests/quoting/d27/basics.rxt:62 \Qa\b\E
corpus	1	byte			dfa	selected					tests/quoting/d27/basics.rxt:68 \Q\\E
corpus	1	byte			dfa	selected					tests/quoting/d27/basics.rxt:73 \Qabc$xyz\E
corpus	1	byte			dfa	selected					tests/quoting/d27/basics.rxt:78 \Qabc\$xyz\E
corpus	1	byte			dfa	selected					tests/quoting/d27/basics.rxt:83 \Qabc\E\$\Qxyz\E
corpus	1	byte			dfa	selected					tests/quoting/d27/basics.rxt:88 \QA\B\E
corpus	1	byte			dfa	selected					tests/quoting/d27/basics.rxt:93 a\Q\Eb
corpus	1	byte			dfa	selected					tests/quoting/d27/basics.rxt:98 \Q\E
corpus	1	byte	i		dfa	selected					tests/quoting/d27/caseless.rxt:4 \QABC\E
corpus	1	byte			dfa	selected					tests/quoting/d27/caseless.rxt:12 \QABC\E
corpus	1	byte		i	dfa	selected					tests/quoting/d27/caseless.rxt:18 (?i)\QABC\E
corpus	1	byte			dfa	selected					tests/quoting/d27/charclass.rxt:9 [\Qabc\E]
corpus	1	byte			dfa	selected					tests/quoting/d27/charclass.rxt:15 [\Q]\E]
corpus	1	byte			dfa	selected					tests/quoting/d27/charclass.rxt:21 [\Q^\E]
corpus	1	byte			dfa	selected					tests/quoting/d27/charclass.rxt:27 [^\Qa\E]
corpus	1	byte			dfa	selected					tests/quoting/d27/charclass.rxt:33 [\Qa-z\E]
corpus	1	byte			dfa	selected					tests/quoting/d27/charclass.rxt:41 [a\Q-\Ez]
corpus	1	byte			dfa	selected					tests/quoting/d27/charclass.rxt:49 [\Qa\Q\E]
corpus	1	byte			REFUSED		pcrec: missing terminating ] for character class (pattern offset 0)				tests/quoting/d27/errors.rxt:10 [a\Qbc
corpus	1	byte			REFUSED		pcrec: missing terminating ] for character class (pattern offset 0)				tests/quoting/d27/errors.rxt:16 [a\Qbc\E
corpus	1	byte			dfa	selected					tests/quoting/d27/errors.rxt:22 [a\Qbc\E]
corpus	2	byte			REFUSED		pcrec: quantifier does not follow a repeatable item (pattern offset 4)				tests/quoting/d27/errors.rxt:29 \Q\E+
corpus	1	byte			dfa	selected					tests/quoting/d27/extended.rxt:10 (?x)a\Q b \Ec
corpus	1	byte			dfa	selected					tests/quoting/d27/extended.rxt:16 (?x) a b c
corpus	1	byte			dfa	selected					tests/quoting/d27/extended.rxt:21 (?x)\Qa#b\E
corpus	1	byte			dfa	selected					tests/quoting/d27/extended.rxt:27 (?x)a#comment
corpus	1	byte			dfa	selected					tests/quoting/d27/extended.rxt:33 (?x)\Qa#b\E#trailing comment eaten
corpus	1	byte			dfa	selected					tests/quoting/d27/groups.rxt:9 (\Qab\E)cd
corpus	1	byte			dfa	selected					tests/quoting/d27/groups.rxt:15 a(\Qb+c\E)d
corpus	1	byte			dfa	selected					tests/quoting/d27/groups.rxt:22 (a)\Q(b)\E(c)
corpus	1	byte			dfa	selected					tests/quoting/d27/quantifier_after.rxt:11 \Qab\E+
corpus	1	byte			dfa	selected					tests/quoting/d27/quantifier_after.rxt:18 a\Q\E+
corpus	1	byte			dfa	selected					tests/quoting/d27/quantifier_after.rxt:24 {\Q1\E,2}
corpus	1	byte			dfa	selected					tests/quoting/d27/unterminated.rxt:11 ab\Qc+d
corpus	1	byte			dfa	selected					tests/quoting/d27/unterminated.rxt:17 abc\Q
corpus	1	byte			dfa	selected					tests/quoting/d27/unterminated.rxt:22 \Eabc
corpus	1	byte			dfa	selected					tests/quoting/d27/unterminated.rxt:27 a\Eb\Ec
corpus	1	byte			dfa	selected					tests/quoting/d27/unterminated.rxt:32 \Qab\E\Ec
corpus	1	byte			dfa	selected					tests/quoting/d27/unterminated.rxt:37 \Qab\Ec\Ed
corpus	1	byte			dfa	selected					tests/named_groups/named_groups.rxt:31 (?P<word>[a-z]+)-(?P<num>[0-9]+)
corpus	1	byte			dfa	selected					tests/named_groups/named_groups.rxt:42 (?<word>[a-z]+)-(?<num>[0-9]+)
corpus	1	byte			dfa	selected					tests/named_groups/named_groups.rxt:52 (?'word'[a-z]+)-(?'num'[0-9]+)
corpus	1	byte			dfa	selected					tests/named_groups/named_groups.rxt:62 (a)(?P<n1>b)(c)(?P<n2>d)
corpus	1	byte			dfa	selected					tests/named_groups/named_groups.rxt:81 (?P<name>a)(?P<NAME>b)
corpus	1	byte	i		dfa	selected					tests/named_groups/named_groups.rxt:93 (?P<name>a)(?P<NAME>b)
corpus	1	byte			dfa	selected					tests/named_groups/named_groups.rxt:103 (?P<outer>(?P<inner>a)b)
corpus	1	byte			dfa	selected					tests/named_groups/named_groups.rxt:112 (?P<x>a)|(?P<y>b)
corpus	1	byte			dfa	selected					tests/named_groups/named_groups.rxt:121 (?P<rep>a)+
corpus	1	byte			dfa	selected					tests/named_groups/named_groups.rxt:135 (?n)(a)(?P<x>b)
corpus	1	byte			REFUSED		pcrec: two named subpatterns have the same name (write (?J) before this declaration to allow duplicates) (pattern offset 14)				tests/named_groups/named_groups.rxt:144 (?P<dup>a)(?P<dup>b)
corpus	1	byte			REFUSED		pcrec: subpattern name expected (a name starts with a letter or '_', never a digit) (pattern offset 4)				tests/named_groups/named_groups.rxt:150 (?P<1x>a)
corpus	1	byte			dfa	selected					tests/named_groups/named_groups.rxt:156 (?P<_ok>a)(?P<n2b>b)
corpus	1	byte			dfa	selected					tests/named_groups/d27/case_sensitivity.rxt:27 (?<name>a)(?<NAME>b)
corpus	1	byte	i		dfa	selected					tests/named_groups/d27/case_sensitivity.rxt:38 (?<name>a)(?<NAME>b)
corpus	1	byte			REFUSED		pcrec: two named subpatterns have the same name (write (?J) before this declaration to allow duplicates) (pattern offset 10)				tests/named_groups/d27/duplicates.rxt:16 (?<n>a)(?<n>b)
corpus	1	byte			REFUSED		pcrec: two named subpatterns have the same name (write (?J) before this declaration to allow duplicates) (pattern offset 11)				tests/named_groups/d27/duplicates.rxt:21 (?<n>a)(?P<n>b)
corpus	1	byte			REFUSED		pcrec: two named subpatterns have the same name (write (?J) before this declaration to allow duplicates) (pattern offset 10)				tests/named_groups/d27/duplicates.rxt:25 (?<n>a)(?'n'b)
corpus	1	byte			REFUSED		pcrec: two named subpatterns have the same name (write (?J) before this declaration to allow duplicates) (pattern offset 17)				tests/named_groups/d27/duplicates.rxt:31 (?<n>a)(?<m>b)(?<n>c)
corpus	1	byte			REFUSED		pcrec: two named subpatterns have the same name (write (?J) before this declaration to allow duplicates) (pattern offset 11)				tests/named_groups/d27/duplicates.rxt:38 (?<n>a)|(?<n>b)
corpus	1	byte			dfa	selected					tests/named_groups/d27/name_syntax.rxt:31 (?<_n>a)
corpus	1	byte			dfa	selected					tests/named_groups/d27/name_syntax.rxt:36 (?<_>a)
corpus	1	byte			dfa	selected					tests/named_groups/d27/name_syntax.rxt:41 (?<n1>a)
corpus	1	byte			dfa	selected					tests/named_groups/d27/name_syntax.rxt:49 (?<nnnnnnnnnnnnnnnnnnnnnnnnnnnnnnnn>a)
corpus	1	byte			REFUSED		pcrec: subpattern name expected (a name starts with a letter or '_', never a digit) (pattern offset 3)				tests/named_groups/d27/name_syntax.rxt:57 (?<1n>a)
corpus	1	byte			REFUSED		pcrec: subpattern name expected (a name starts with a letter or '_', never a digit) (pattern offset 3)				tests/named_groups/d27/name_syntax.rxt:61 (?'1n'a)
corpus	1	byte			REFUSED		pcrec: subpattern name expected (a name starts with a letter or '_', never a digit) (pattern offset 4)				tests/named_groups/d27/name_syntax.rxt:65 (?P<1n>a)
corpus	1	byte			REFUSED		pcrec: subpattern name expected (a name starts with a letter or '_', never a digit) (pattern offset 3)				tests/named_groups/d27/name_syntax.rxt:70 (?<>a)
corpus	1	byte			REFUSED		pcrec: subpattern name expected (a name starts with a letter or '_', never a digit) (pattern offset 4)				tests/named_groups/d27/name_syntax.rxt:74 (?P<>a)
corpus	1	byte			REFUSED		pcrec: missing closing > after subpattern name (pattern offset 5)				tests/named_groups/d27/name_syntax.rxt:79 (?<na-me>a)
corpus	1	byte			REFUSED		pcrec: missing closing > after subpattern name (pattern offset 5)				tests/named_groups/d27/name_syntax.rxt:84 (?<na me>a)
corpus	1	byte			REFUSED		pcrec: missing closing > after subpattern name (pattern offset 5)				tests/named_groups/d27/name_syntax.rxt:89 (?<na.me>a)
corpus	1	byte		nonascii	REFUSED		pcrec: missing closing > after subpattern name (pattern offset 6)				tests/named_groups/d27/name_syntax.rxt:103 (?<namé>a)
corpus	1	byte			dfa	selected					tests/named_groups/d27/name_syntax.rxt:114 (?<nnnnnnnnnnnnnnnnnnnnnnnnnnnnnnnnn>a)
corpus	1	byte			dfa	selected					tests/named_groups/d27/name_syntax.rxt:122 (?<nnnnnnnnnnnnnnnnnnnnnnnnnnnnnnnnnnnnnnnnnnnnnnnnnnnnnnnnnnnnnnnnnnnnnnnnnnnnnnnnnnnnnnnnnnnnnnnnnnnnnnnnnnnnnnnnnnnnnnnnnnnnnnnn>a)
corpus	1	byte			REFUSED		pcrec: subpattern name is too long (maximum 128 bytes) (pattern offset 3)				tests/named_groups/d27/name_syntax.rxt:133 (?<nnnnnnnnnnnnnnnnnnnnnnnnnnnnnnnnnnnnnnnnnnnnnnnnnnnnnnnnnnnnnnnnnnnnnnnnnnnnnnnnnnnnnnnnnnnnnnnnnnnnnnnnnnnnnnnnnnnnnnnnnnnnnnnnn>a)
corpus	1	byte			dfa	selected					tests/named_groups/d27/numbering_capture.rxt:17 (a)(?<n>b)(c)
corpus	1	byte			dfa	selected					tests/named_groups/d27/numbering_capture.rxt:27 (?<n>(a)(?'m'b))
corpus	2	byte			dfa	selected					tests/named_groups/d27/numbering_capture.rxt:37 (x)(?<n>y)?(z)
corpus	2	byte			dfa	selected					tests/named_groups/d27/numbering_capture.rxt:55 (?<n>x)|(y)
corpus	1	byte			dfa	selected					tests/named_groups/d27/numbering_capture.rxt:71 ((?<a1>a)|(?<b1>b))*
corpus	1	byte			dfa	selected					tests/named_groups/d27/numbering_capture.rxt:81 (?<a1>a*)*
corpus	2	byte			dfa	selected					tests/named_groups/d27/spellings.rxt:17 (a)
corpus	1	byte			dfa	selected					tests/named_groups/d27/spellings.rxt:23 (?<n>a)
corpus	1	byte			dfa	selected					tests/named_groups/d27/spellings.rxt:28 (?'n'a)
corpus	1	byte			dfa	selected					tests/named_groups/d27/spellings.rxt:33 (?P<n>a)
corpus	1	byte			dfa	selected					tests/named_groups/d27/spellings.rxt:46 (?<n>a)+
corpus	1	byte			dfa	selected					tests/named_groups/d27/spellings.rxt:51 (?'n'a)+
corpus	1	byte			dfa	selected					tests/named_groups/d27/spellings.rxt:56 (?P<n>a)+d
corpus	2	byte			dfa	selected					tests/named_groups/d27/spellings.rxt:64 (?<a1>x)|(?P<b1>y)
corpus	2	byte			vm	selected	(\?>...) at pattern offset 4				tests/atomic_groups/atomic_assert.rxt:45 (?>a\Kb)c
corpus	2	byte			vm	selected	(\?>...) at pattern offset 6				tests/atomic_groups/atomic_assert.rxt:59 (?>a|a\Kb)b
corpus	2	byte			vm	selected	(\?>...) at pattern offset 1				tests/atomic_groups/atomic_assert.rxt:71 a\K(?>b|bc)c
corpus	3	byte			vm	selected	(\?>...) at pattern offset 0				tests/atomic_groups/atomic_assert.rxt:89 (?>\Ga|b)c
corpus	2	byte			vm	selected	(\?>...) at pattern offset 2				tests/atomic_groups/atomic_assert.rxt:101 \G(?>a|ab)c
corpus	1	byte		b	vm	selected	(\?>...) at pattern offset 0	vm	vm	(\?>...) at pattern offset 7	tests/atomic_groups/atomic_assert.rxt:115 (?>a\b)c
corpus	1	byte		b	vm	selected	(\?>...) at pattern offset 0	vm	vm	(\?=...) at pattern offset 0	tests/atomic_groups/atomic_assert.rxt:125 (?>a|ab)\bc
corpus	1	byte			vm	selected	(\?>...) at pattern offset 0				tests/atomic_groups/atomic_assert.rxt:139 (?>a\Z|ab)
corpus	1	byte			vm	selected	(\?>...) at pattern offset 4				tests/atomic_groups/atomic_assert.rxt:147 (?m)(?>a$|ab)
corpus	1	byte			vm	selected	(\?>...) at pattern offset 4				tests/atomic_groups/atomic_assert.rxt:157 (?m)(?>^a|b)c
corpus	1	byte			vm	selected	(\?>...) at pattern offset 0				tests/atomic_groups/atomic_assert.rxt:166 (?>a\z|ab)
bench,corpus	3	byte			vm	selected	(\?>...) at pattern offset 0				tests/atomic_groups/atomic_basic.rxt:44 (?>a|ab)c
corpus	1	byte			vm	selected	(\?>...) at pattern offset 0				tests/atomic_groups/atomic_basic.rxt:64 (?>ab|a)b
corpus	1	byte			vm	selected	(\?>...) at pattern offset 0				tests/atomic_groups/atomic_basic.rxt:79 (?>a|ab)b
corpus	1	byte			vm	selected	(\?>...) at pattern offset 0				tests/atomic_groups/atomic_basic.rxt:89 (?>a|ab)bc
corpus	1	byte			vm	selected	(\?>...) at pattern offset 3				tests/atomic_groups/atomic_basic.rxt:105 (?>(?>a|ab)c|abd)
corpus	1	byte			vm	selected	(\?>...) at pattern offset 4				tests/atomic_groups/atomic_basic.rxt:121 (?>a(?>b|bc))c
corpus	1	byte			vm	selected	(\?>...) at pattern offset 0				tests/atomic_groups/atomic_basic.rxt:133 (?>a|b)(?>c|d)
corpus	2	byte			vm	declined-nullable-default	(\?>...) at pattern offset 0				tests/atomic_groups/atomic_basic.rxt:149 (?>)
corpus	2	byte			vm	selected	(\?>...) at pattern offset 0				tests/atomic_groups/atomic_basic.rxt:157 (?>)a
corpus	1	byte			vm	selected	(\?>...) at pattern offset 0				tests/atomic_groups/atomic_basic.rxt:166 (?>)*a
corpus	1	byte			vm	selected	(\?>...) at pattern offset 1				tests/atomic_groups/atomic_basic.rxt:178 x(?>a|ab)c
corpus	2	byte			vm	selected	(\?>...) at pattern offset 0				tests/atomic_groups/atomic_basic.rxt:197 (?>a|ab)c|abcd
corpus	3	byte			vm	selected	(\?>...) at pattern offset 0				tests/atomic_groups/atomic_basic.rxt:209 (?>ab|a)b|abcd
corpus	1	byte			vm	selected	(\?>...) at pattern offset 0				tests/atomic_groups/atomic_caps.rxt:48 (?>(a)|ab)
corpus	1	byte			vm	selected	(\?>...) at pattern offset 0				tests/atomic_groups/atomic_caps.rxt:58 (?>(a)x|ab)
corpus	1	byte			vm	selected	(\?>...) at pattern offset 0				tests/atomic_groups/atomic_caps.rxt:78 (?>(a)x|ab)y
corpus	1	byte			vm	selected	(\?>...) at pattern offset 1				tests/atomic_groups/atomic_caps.rxt:95 ((?>(a)|ab))c|(abc)
corpus	2	byte			dfa	selected					tests/atomic_groups/atomic_caps.rxt:115 (a)*+
corpus	1	byte			dfa	selected					tests/atomic_groups/atomic_caps.rxt:128 (a|b)*+c
corpus	1	byte			vm	selected	(\?>...) at pattern offset 0				tests/atomic_groups/atomic_caps.rxt:141 (?>(a))*b
corpus	1	byte		i	vm	selected	(\?>...) at pattern offset 4				tests/atomic_groups/atomic_case.rxt:38 (?i)(?>a|ab)c
corpus	1	byte		i	vm	selected	possessive quantifier at pattern offset 6				tests/atomic_groups/atomic_case.rxt:52 (?i)a*+A
corpus	1	byte		i	vm	selected	(\?>...) at pattern offset 4				tests/atomic_groups/atomic_case.rxt:61 (?i)(?>ab|a)b
corpus	2	byte		i	vm	selected	(\?>...) at pattern offset 0				tests/atomic_groups/atomic_case.rxt:78 (?>(?i)a|ab)c
corpus	1	byte			vm	selected	(\?>...) at pattern offset 2				tests/atomic_groups/atomic_ceiling.rxt:68 x*(?>a|ab)c|abcd
corpus	1	byte			vm	selected	(\?>...) at pattern offset 2				tests/atomic_groups/atomic_ceiling.rxt:82 a*(?>b|bc)d|abcde
corpus	1	byte			vm	selected	(\?>...) at pattern offset 0				tests/atomic_groups/atomic_ceiling.rxt:96 (?>a|ab)c+|abcd
corpus	1	byte			vm	selected	(\?>...) at pattern offset 0				tests/atomic_groups/atomic_ceiling.rxt:114 (?>a|ab)[cd]{1,2}|abcd
corpus	1	byte			vm	selected	(\?>...) at pattern offset 0				tests/atomic_groups/atomic_quant.rxt:50 (?>a|b)*c
corpus	1	byte			vm	selected	(\?>...) at pattern offset 0				tests/atomic_groups/atomic_quant.rxt:66 (?>a|ab)*c
corpus	1	byte			vm	selected	(\?>...) at pattern offset 0				tests/atomic_groups/atomic_quant.rxt:83 (?>ab)+c
corpus	1	byte			vm	declined-nullable-default	(\?>...) at pattern offset 0				tests/atomic_groups/atomic_quant.rxt:98 (?>a)*
corpus	1	byte			vm	selected	(\?>...) at pattern offset 0				tests/atomic_groups/atomic_quant.rxt:106 (?>a|ab)+d
corpus	1	byte			vm	selected	(\?>...) at pattern offset 0				tests/atomic_groups/atomic_quant.rxt:121 (?>a*)*b
corpus	3	byte			vm	selected	(\?>...) at pattern offset 0				tests/atomic_groups/atomic_quant.rxt:131 (?>a?)*b
corpus	1	byte			vm	declined-nullable-default	(\?>...) at pattern offset 0				tests/atomic_groups/atomic_quant.rxt:140 (?>a*)*
corpus	1	byte			vm	selected	(\?>...) at pattern offset 0				tests/atomic_groups/atomic_quant.rxt:148 (?>(?:a*)*)b
corpus	1	byte			vm	selected	(\?>...) at pattern offset 0				tests/atomic_groups/atomic_quant.rxt:158 (?>(?:|a)*)b
corpus	1	byte			vm	selected	(\?>...) at pattern offset 0				tests/atomic_groups/atomic_quant.rxt:170 (?>a*?)b
corpus	1	byte			vm	selected	(\?>...) at pattern offset 0				tests/atomic_groups/atomic_quant.rxt:180 (?>a*?)a
corpus	2	byte			vm	selected	(\?>...) at pattern offset 0				tests/atomic_groups/atomic_quant.rxt:187 (?>a+?)b
corpus	1	byte			vm	selected	(\?>...) at pattern offset 0				tests/atomic_groups/atomic_quant.rxt:198 (?>a{1,3}?)b
corpus	1	byte			vm	selected	(\?>...) at pattern offset 0				tests/atomic_groups/atomic_quant.rxt:209 (?>[ab]*?)b
corpus	1	byte			vm	declined-nullable-default	(\?>...) at pattern offset 0				tests/atomic_groups/atomic_quant.rxt:219 (?>a*?)
corpus	1	byte			vm	selected	(\?>...) at pattern offset 0				tests/atomic_groups/atomic_quant.rxt:226 (?>(?:a|bc)*?)d
corpus	1	byte			vm	selected	(\?>...) at pattern offset 0				tests/atomic_groups/atomic_quant.rxt:236 (?>a*?b)c
corpus	2	byte			vm	selected	(\?>...) at pattern offset 0				tests/atomic_groups/atomic_quant.rxt:251 (?>a*)a
corpus	1	byte			vm	selected	(\?>...) at pattern offset 5				tests/atomic_groups/atomic_quant.rxt:260 (?>a*+)a
corpus	2	byte			dfa	selected					tests/atomic_groups/atomic_quant.rxt:267 (?>a*)b
corpus	1	byte			vm	selected	(\?>...) at pattern offset 0				tests/atomic_groups/atomic_quant.rxt:281 (?>(?:a|ab){2})
corpus	1	byte			vm	selected	(\?>...) at pattern offset 0				tests/atomic_groups/atomic_quant.rxt:293 (?>(?:a|ab){2,3})
bench,corpus	3	byte			dfa	selected					tests/atomic_groups/possessive.rxt:52 a*+b
corpus	2	byte			vm	selected	possessive quantifier at pattern offset 2				tests/atomic_groups/possessive.rxt:66 a*+a
corpus	1	byte			dfa	selected					tests/atomic_groups/possessive.rxt:73 [^"]*+"
corpus	1	byte			dfa	selected					tests/atomic_groups/possessive.rxt:93 a++c
corpus	1	byte			vm	selected	possessive quantifier at pattern offset 2				tests/atomic_groups/possessive.rxt:108 a++a
corpus	1	byte			dfa	selected					tests/atomic_groups/possessive.rxt:119 a?+b
bench,corpus	3	byte			vm	selected	possessive quantifier at pattern offset 2				tests/atomic_groups/possessive.rxt:131 a?+a
corpus	1	byte			dfa	selected					tests/atomic_groups/possessive.rxt:143 a{2}+a
corpus	2	byte			vm	selected	possessive quantifier at pattern offset 5				tests/atomic_groups/possessive.rxt:153 a{2,}+a
corpus	1	byte			dfa	selected					tests/atomic_groups/possessive.rxt:165 a{,2}+b
corpus	1	byte			vm	selected	possessive quantifier at pattern offset 6				tests/atomic_groups/possessive.rxt:179 a{1,2}+a
corpus	1	byte			dfa	selected					tests/atomic_groups/possessive.rxt:189 a{2,3}+b
corpus	1	byte			vm	selected	possessive quantifier at pattern offset 9				tests/atomic_groups/possessive.rxt:205 (?:a|ab)*+c
corpus	2	byte			vm	selected	possessive quantifier at pattern offset 9				tests/atomic_groups/possessive.rxt:218 (?:a|ab)++c
corpus	1	byte			vm	selected	possessive quantifier at pattern offset 9				tests/atomic_groups/possessive.rxt:229 (?:a|ab)?+c
corpus	1	byte			dfa	selected					tests/atomic_groups/possessive.rxt:255 (?>a+)c
corpus	1	byte			dfa	selected					tests/atomic_groups/possessive.rxt:264 (?>a?)b
corpus	1	byte			vm	selected	(\?>...) at pattern offset 0				tests/atomic_groups/possessive.rxt:272 (?>a{1,2})a
corpus	1	byte			vm	selected	possessive quantifier at pattern offset 7				tests/atomic_groups/possessive.rxt:286 (?:a*)*+b
corpus	1	byte			vm	selected	possessive quantifier at pattern offset 7				tests/atomic_groups/possessive.rxt:296 (?:a?)*+b
corpus	1	byte			vm	selected	possessive quantifier at pattern offset 7				tests/atomic_groups/possessive.rxt:305 (?:|a)*+b
corpus	1	byte			vm	selected	possessive quantifier at pattern offset 7				tests/atomic_groups/possessive.rxt:313 (?:a*)++b
corpus	1	byte			vm	selected	possessive quantifier at pattern offset 11				tests/atomic_groups/possessive.rxt:328 (?:a|ab){2}+
corpus	1	byte			vm	selected	possessive quantifier at pattern offset 13				tests/atomic_groups/possessive.rxt:342 (?:a|ab){2,3}+
corpus	1	byte			vm	selected	possessive quantifier at pattern offset 12				tests/atomic_groups/possessive.rxt:353 (?:a|ab){2,}+
corpus	1	byte			vm	selected	possessive quantifier at pattern offset 11				tests/atomic_groups/possessive.rxt:364 (?:a|ab){2}+c
corpus	1	byte			vm	selected	possessive quantifier at pattern offset 11				tests/atomic_groups/possessive.rxt:374 (?:a|ab){3}+
corpus	2	byte			vm	declined-nullable-default	possessive quantifier at pattern offset 9				tests/atomic_groups/possessive.rxt:383 (?:a|ab)*+
corpus	1	byte			dfa	selected					tests/atomic_groups/possessive.rxt:402 a?b{0,4}+a
corpus	1	byte			dfa	selected					tests/atomic_groups/possessive.rxt:407 a?(?:b)*+a
corpus	1	byte			dfa	selected					tests/atomic_groups/possessive.rxt:412 x?(?:b){0,4}+a
corpus	1	byte			dfa	selected					tests/atomic_groups/possessive.rxt:424 a?(?:b){0,4}+a
corpus	1	byte			dfa	selected					tests/atomic_groups/possessive.rxt:430 (a?)(?>(b){0,4})a
corpus	2	byte			vm	selected	possessive quantifier at pattern offset 9				tests/atomic_groups/possessive.rxt:474 (?:aa|a)++ab
corpus	1	byte			vm	selected	possessive quantifier at pattern offset 9				tests/atomic_groups/possessive.rxt:482 (?:aa|a)++b
corpus	1	byte			vm	selected	possessive quantifier at pattern offset 9				tests/atomic_groups/possessive.rxt:488 (?:aa|a)*+ab
corpus	1	byte			vm	selected	possessive quantifier at pattern offset 9				tests/atomic_groups/possessive.rxt:493 (?:aa|a)*+b
corpus	1	byte			vm	selected	possessive quantifier at pattern offset 9				tests/atomic_groups/possessive.rxt:497 (?:a|aa)++ab
corpus	1	byte			vm	selected	possessive quantifier at pattern offset 9				tests/atomic_groups/possessive.rxt:501 (?:a|aa)++b
corpus	1	byte			vm	selected	(\?>...) at pattern offset 0				tests/atomic_groups/possessive.rxt:507 (?>(?:aa|a)+)ab
corpus	1	byte			vm	selected	(\?>...) at pattern offset 0				tests/atomic_groups/possessive.rxt:512 (?>(?:aa|a)+)b
corpus	1	byte			vm	selected	possessive quantifier at pattern offset 13				tests/atomic_groups/possessive.rxt:518 (?:aa|a){1,3}+ab
corpus	1	byte			vm	selected	possessive quantifier at pattern offset 13				tests/atomic_groups/possessive.rxt:523 (?:aa|a){1,3}+b
corpus	1	byte			vm	selected	possessive quantifier at pattern offset 14				tests/atomic_groups/possessive.rxt:530 (?:aa|a){8,12}+ab
corpus	1	byte			vm	selected	possessive quantifier at pattern offset 14				tests/atomic_groups/possessive.rxt:538 (?:aa|a){8,12}+b
corpus	1	byte			vm	selected	possessive quantifier at pattern offset 9				tests/atomic_groups/possessive.rxt:544 (?:a|bc)*+ab
corpus	1	byte			vm	selected	possessive quantifier at pattern offset 9				tests/atomic_groups/possessive.rxt:549 (?:a|bc)*+b
bench,corpus	2	byte			vm	selected	possessive quantifier at pattern offset 2				tests/atomic_groups/possessive.rxt:560 a++ab
corpus	1	byte			dfa	selected					tests/atomic_groups/possessive.rxt:564 a++b
corpus	1	byte			vm	selected	(\?>...) at pattern offset 0				tests/atomic_groups/possessive.rxt:575 (?>a(?:aa|a)+)ab
corpus	1	byte			vm	selected	(\?>...) at pattern offset 0				tests/atomic_groups/possessive.rxt:580 (?>a(?:aa|a)+)b
corpus	1	byte			vm	selected	(\?>...) at pattern offset 0				tests/atomic_groups/possessive.rxt:584 (?>(?:aa|a)+a)ab
corpus	1	byte			vm	selected	(\?>...) at pattern offset 0				tests/atomic_groups/possessive.rxt:588 (?>(?:aa|a)+a)b
corpus	1	byte			dfa	selected					tests/atomic_groups/possessive.rxt:599 (?:aa|a)+ab
corpus	3	byte			vm	selected	(\?>...) at pattern offset 0				tests/atomic_groups/d27/atomic_basic.rxt:17 (?>ab)
corpus	1	byte			vm	selected	(\?>...) at pattern offset 0				tests/atomic_groups/d27/atomic_basic.rxt:22 (?>ab)c
corpus	1	byte			vm	selected	(\?>...) at pattern offset 0				tests/atomic_groups/d27/atomic_basic.rxt:29 (?>a|ab)
corpus	1	byte			vm	selected	(\?>...) at pattern offset 0				tests/atomic_groups/d27/atomic_basic.rxt:45 (?>ab|a)c
bench,corpus	3	byte			dfa	selected					tests/atomic_groups/d27/atomic_basic.rxt:52 (?>a+)b
corpus	2	byte			vm	selected	(\?>...) at pattern offset 0				tests/atomic_groups/d27/atomic_basic.rxt:61 (?>a+)a
corpus	1	byte			vm	selected	(\?>...) at pattern offset 3				tests/atomic_groups/d27/atomic_basic.rxt:83 (?>(?>a+)b)
corpus	1	byte			vm	selected	(\?>...) at pattern offset 0				tests/atomic_groups/d27/atomic_basic.rxt:100 (?>a+?)
corpus	1	byte			vm	selected	(\?>...) at pattern offset 0				tests/atomic_groups/d27/atomic_basic.rxt:106 (?>cat|category)
corpus	1	byte			vm	selected	(\?>...) at pattern offset 0				tests/atomic_groups/d27/atomic_basic.rxt:110 (?>category|cat)
corpus	1	byte			vm	selected	(\?>...) at pattern offset 3				tests/atomic_groups/d27/atomic_in_quantifiers.rxt:21 (?:(?>a|ab))+c
corpus	1	byte			vm	selected	(\?>...) at pattern offset 0				tests/atomic_groups/d27/atomic_in_quantifiers.rxt:27 (?>a|aa)+b
corpus	1	byte			vm	selected	(\?>...) at pattern offset 0				tests/atomic_groups/d27/atomic_in_quantifiers.rxt:42 (?>a?)+b
corpus	2	byte			vm	selected	(\?>...) at pattern offset 3				tests/atomic_groups/d27/atomic_in_quantifiers.rxt:46 (?:(?>ab|a))+c
corpus	1	byte			vm	selected	(\?>...) at pattern offset 3				tests/atomic_groups/d27/atomic_in_quantifiers.rxt:63 (?:(?>aa|a))+ab
corpus	1	byte			vm	selected	(\?>...) at pattern offset 0				tests/atomic_groups/d27/captures_under_cut.rxt:16 (?>(a)(b))
corpus	1	byte			vm	selected	(\?>...) at pattern offset 3				tests/atomic_groups/d27/captures_under_cut.rxt:28 (?:(?>(a)(a)?)bb|(a)(a)?cc)
corpus	1	byte			vm	declined-nullable-default	(\?>...) at pattern offset 3				tests/atomic_groups/d27/captures_under_cut.rxt:40 (?:(?>(a)|(b)))*
corpus	1	byte			dfa	selected					tests/atomic_groups/d27/captures_under_cut.rxt:50 (a)++
corpus	1	byte			vm	declined-nullable-default	possessive quantifier at pattern offset 5				tests/atomic_groups/d27/captures_under_cut.rxt:67 (a?)*+
corpus	1	byte			vm	selected	(\?>...) at pattern offset 3				tests/atomic_groups/d27/captures_under_cut.rxt:73 (?>(?>(a))(b))
corpus	1	byte			vm	selected	(\?>...) at pattern offset 1				tests/atomic_groups/d27/captures_under_cut.rxt:83 ((?>a+))+
corpus	1	byte			vm	selected	(\?>...) at pattern offset 0				tests/atomic_groups/d27/captures_under_cut.rxt:93 (?>(a*))*b
corpus	2	byte			dfa	selected					tests/atomic_groups/d27/find_all_loop.rxt:23 (?>a?)
corpus	1	byte			dfa	selected					tests/atomic_groups/d27/find_all_loop.rxt:47 (?:ab)?+
corpus	1	byte			dfa	selected					tests/atomic_groups/d27/find_all_loop.rxt:56 a{1,2}+
corpus	4	byte			dfa	selected					tests/atomic_groups/d27/gating.rxt:51 a++
corpus	2	byte			dfa	selected					tests/atomic_groups/d27/gating.rxt:60 a*+
corpus	4	byte			dfa	selected					tests/atomic_groups/d27/gating.rxt:69 a?+
corpus	2	byte			dfa	selected					tests/atomic_groups/d27/gating.rxt:78 a{2,3}+
corpus	2	byte			dfa	selected					tests/atomic_groups/d27/gating.rxt:87 a{,3}+
corpus	2	byte			dfa	selected					tests/atomic_groups/d27/gating.rxt:96 a{2,}+
corpus	1	byte			vm	selected	(\?>...) at pattern offset 4				tests/atomic_groups/d27/interactions.rxt:41 (?>a\Kb|ab)c
corpus	1	byte			vm	selected	(\?>...) at pattern offset 5				tests/atomic_groups/d27/interactions.rxt:105 (?>a+\K)b
corpus	1	byte		i	vm	selected	(\?>...) at pattern offset 4				tests/atomic_groups/d27/interactions.rxt:113 (?i)(?>abc)
corpus	1	byte			vm	selected	(\?>...) at pattern offset 5				tests/atomic_groups/d27/interactions.rxt:120 (?m)^(?>a+)$
corpus	1	byte			dfa	selected					tests/atomic_groups/d27/possessive_spellings.rxt:44 a?a
corpus	1	byte			dfa	selected					tests/atomic_groups/d27/possessive_spellings.rxt:48 [ab]*+c
corpus	1	byte			vm	selected	possessive quantifier at pattern offset 5				tests/atomic_groups/d27/possessive_spellings.rxt:52 [ab]*+a
corpus	1	byte			dfa	selected					tests/atomic_groups/d27/possessive_spellings.rxt:57 a{3}+
corpus	1	byte			dfa	selected					tests/atomic_groups/d27/possessive_spellings.rxt:61 a{3}+a
corpus	1	byte			dfa	selected					tests/atomic_groups/d27/possessive_spellings.rxt:66 a{2,4}+b
corpus	1	byte			vm	selected	possessive quantifier at pattern offset 6				tests/atomic_groups/d27/possessive_spellings.rxt:73 a{2,4}+a
corpus	1	byte			dfa	selected					tests/atomic_groups/d27/possessive_spellings.rxt:79 a{2,4}a
corpus	1	byte			dfa	selected					tests/atomic_groups/d27/possessive_spellings.rxt:83 a{2,}+b
corpus	1	byte			dfa	selected					tests/atomic_groups/d27/possessive_spellings.rxt:92 a{,3}+b
corpus	1	byte			vm	selected	possessive quantifier at pattern offset 5				tests/atomic_groups/d27/possessive_spellings.rxt:96 a{,3}+a
corpus	1	byte			dfa	selected					tests/atomic_groups/d27/possessive_spellings.rxt:101 (?:ab)*+c
corpus	1	byte			dfa	selected					tests/atomic_groups/d27/possessive_spellings.rxt:105 (?:ab)*+
corpus	1	byte			vm	selected	possessive quantifier at pattern offset 9				tests/atomic_groups/d27/possessive_spellings.rxt:118 (?:a|ab)++
corpus	1	byte			dfa	selected					tests/atomic_groups/d27/possessive_spellings.rxt:127 (?>a+)
corpus	1	byte			dfa	selected					tests/atomic_groups/d27/possessive_spellings.rxt:139 a{2,4}+
corpus	1	byte			dfa	selected					tests/atomic_groups/d27/possessive_spellings.rxt:143 (?>a{2,4})
corpus	1	byte			dfa	selected					tests/atomic_groups/d27/possessive_spellings.rxt:147 [ab]*+
corpus	1	byte			dfa	selected					tests/atomic_groups/d27/possessive_spellings.rxt:151 (?>[ab]*)
corpus	1	byte			vm	selected	possessive quantifier at pattern offset 5				tests/atomic_groups/d27/possessive_spellings.rxt:169 [^b]*+c
corpus	1	byte			dfa	selected					tests/atomic_groups/d27/possessive_spellings.rxt:173 [^b]*+b
corpus	1	byte		d	dfa	selected					tests/atomic_groups/d27/possessive_spellings.rxt:177 \d++
corpus	1	byte		d	vm	selected	possessive quantifier at pattern offset 3				tests/atomic_groups/d27/possessive_spellings.rxt:183 \d*+\d
corpus	1	byte			vm	declined-nullable-default	possessive quantifier at pattern offset 14				tests/atomic_groups/d27/possessive_spellings.rxt:187 (?:[a-c]|abc)*+
corpus	1	byte			REFUSED		pcrec: multiple quantifiers on the same item (pattern offset 3)				tests/atomic_groups/d27/syntax_errors.rxt:35 a*?+
corpus	1	byte			REFUSED		pcrec: multiple quantifiers on the same item (pattern offset 3)				tests/atomic_groups/d27/syntax_errors.rxt:39 a*++
corpus	1	byte			REFUSED		pcrec: multiple quantifiers on the same item (pattern offset 3)				tests/atomic_groups/d27/syntax_errors.rxt:43 a++?
corpus	2	byte			REFUSED		pcrec: multiple quantifiers on the same item (pattern offset 3)				tests/atomic_groups/d27/syntax_errors.rxt:47 a??+
corpus	1	byte			REFUSED		pcrec: multiple quantifiers on the same item (pattern offset 3)				tests/atomic_groups/d27/syntax_errors.rxt:51 a?+?
corpus	1	byte			REFUSED		pcrec: multiple quantifiers on the same item (pattern offset 3)				tests/atomic_groups/d27/syntax_errors.rxt:56 a+++
corpus	1	byte			REFUSED		pcrec: missing closing ) for group (pattern offset 0)				tests/atomic_groups/d27/syntax_errors.rxt:61 (?>a
corpus	1	byte			REFUSED		pcrec: unmatched closing parenthesis (pattern offset 5)				tests/atomic_groups/d27/syntax_errors.rxt:67 (?>a))
corpus	1	byte			REFUSED		pcrec: quantifier does not follow a repeatable item (pattern offset 3)				tests/atomic_groups/d27/syntax_errors.rxt:72 (?>*a)
corpus	1	byte			REFUSED		pcrec: quantifier does not follow a repeatable item (pattern offset 1)				tests/atomic_groups/d27/syntax_errors.rxt:79 ^*+
corpus	1	byte			REFUSED		pcrec: quantifier does not follow a repeatable item (pattern offset 1)				tests/atomic_groups/d27/syntax_errors.rxt:83 ^++
corpus	1	byte			REFUSED		pcrec: numbers out of order in {m,n} quantifier (pattern offset 5)				tests/atomic_groups/d27/syntax_errors.rxt:89 a{2,1}+
corpus	1	byte			REFUSED		pcrec: number too big in {m,n} quantifier (pattern offset 7)				tests/atomic_groups/d27/syntax_errors.rxt:95 a{65536}+
corpus	1	byte			dfa	selected					tests/island/island.rxt:22 cat|dog|cow
corpus	1	byte			dfa	selected					tests/island/island.rxt:33 a|b|c|d|e|f|g|h
corpus	2	byte			dfa	selected					tests/island/island.rxt:42 abc|a|abd
corpus	4	byte			dfa	selected					tests/island/island.rxt:51 a|ab
corpus	4	byte			dfa	selected					tests/island/island.rxt:59 ab|a
corpus	1	byte			dfa	selected					tests/island/island.rxt:68 (ab|abc)d
corpus	2	byte			dfa	selected					tests/island/island.rxt:80 (?:abcd|abc|ab|a)z
corpus	2	byte			dfa	selected					tests/island/island.rxt:101 fo|foo|fo|foo
corpus	1	byte			dfa	selected					tests/island/island.rxt:108 (?:a|ab)(?:c|bc)
corpus	1	byte			dfa	selected					tests/island/island.rxt:116 (?:x|)y
corpus	1	byte			dfa	selected					tests/island/island.rxt:124 (cat|dog)s
corpus	1	byte			dfa	selected					tests/island/island.rxt:135 (cat|dog)(s|es)
corpus	1	byte			dfa	selected					tests/island/island.rxt:148 abcdefghij|abcdefghik|abcdefghil
corpus	1	byte			dfa	selected					tests/island/island.rxt:155 thin|think|thinker|thinking
corpus	2	byte			dfa	selected					tests/island/island.rxt:164 [ab]p|[bc]x|[ab]xy
corpus	1	byte			dfa	selected					tests/island/island.rxt:172 a+|b
corpus	1	byte			dfa	selected					tests/island/island.rxt:189 a.|bc
corpus	1	byte			dfa	selected					tests/island/island.rxt:207 (?:x|xy|xyz|)w
corpus	1	byte	i		dfa	selected					tests/island/island_caseless.rxt:15 cat|dog
corpus	1	byte			REFUSED		pcrec: pattern too large (NFA exceeds 131072 states; raise with --max-nfa-states) (pattern offset 0)				tests/size/size_term.rxt:32 (?:(?:(?:(?:(?:(?:a|b){41}){41}){41}){41}){41}){41}
corpus	2	byte			dfa	selected					tests/size/size_term.rxt:41 ((?:(?:(?:[^a]{1,2}|[^a]??|.{0,2}?)+){0,8}(){2,3}){1,2}){2,3}
corpus	1	byte			dfa	selected					tests/base/alternation.rxt:3 a|b
bench,corpus	3	byte			dfa	selected					tests/base/alternation.rxt:8 cat|dog
corpus	1	byte			dfa	selected					tests/base/alternation.rxt:19 a|
corpus	1	byte			dfa	selected					tests/base/alternation.rxt:23 |a
corpus	1	byte			dfa	selected					tests/base/alternation.rxt:26 a|b|c
bench,corpus	2	byte			dfa	selected					tests/base/alternation.rxt:31 foo|foobar
corpus	1	byte			dfa	selected					tests/base/alternation.rxt:34 foobar|foo
corpus	1	byte			dfa	selected					tests/base/alternation.rxt:37 (a|b)c
corpus	1	byte			dfa	selected					tests/base/alternation.rxt:42 x(a|b|c)y
corpus	1	byte			dfa	selected					tests/base/alternation.rxt:46 a|a
corpus	1	byte			dfa	selected					tests/base/alternation.rxt:49 (ab|cd)(ef|gh)
corpus	1	byte			dfa	selected					tests/base/alternation_trie.rxt:27 a|ab|abc
corpus	1	byte			dfa	selected					tests/base/alternation_trie.rxt:31 abc|ab|a
corpus	1	byte			dfa	selected					tests/base/alternation_trie.rxt:36 ab|a|ac
corpus	1	byte			dfa	selected					tests/base/alternation_trie.rxt:40 abx|a|aby
corpus	1	byte			dfa	selected					tests/base/alternation_trie.rxt:45 foo|foo
corpus	1	byte			dfa	selected					tests/base/alternation_trie.rxt:48 catfish|cat|dog
corpus	1	byte			dfa	selected					tests/base/alternation_trie.rxt:51 cat|dog|bird|catfish
corpus	1	byte			dfa	selected					tests/base/alternation_trie.rxt:62 [a-c]x|[b-d]y|[a-c]yz
corpus	1	byte			dfa	selected					tests/base/alternation_trie.rxt:67 [ab]foo|[cd]foo
corpus	1	byte			dfa	selected					tests/base/alternation_trie.rxt:76 a|b+|ab
corpus	1	byte			dfa	selected					tests/base/alternation_trie.rxt:79 ab|b+|a
corpus	1	byte			dfa	selected					tests/base/alternation_trie.rxt:82 abc|x+|abd|a
corpus	1	byte			dfa	selected					tests/base/alternation_trie.rxt:88 x(?:yz)|xy
corpus	1	byte			dfa	selected					tests/base/alternation_trie.rxt:93 (cat|car|cart)s
corpus	1	byte			dfa	selected					tests/base/alternation_trie.rxt:97 (?:foo|foobar)+
corpus	1	byte			dfa	selected					tests/base/alternation_trie.rxt:100 ^(alpha|alps|alp)
corpus	1	byte			dfa	selected					tests/base/alternation_trie.rxt:105 (log|login|logout)$
bench,corpus	2	byte			dfa	selected					tests/base/alternation_trie.rxt:122 foo.x|foobar|foo.
corpus	1	byte			dfa	selected					tests/base/alternation_trie.rxt:127 [ac]b|[bc]c|[ac]
corpus	1	byte			dfa	selected					tests/base/alternation_trie.rxt:133 [ab]xy|a[xz]yy|[ab]
corpus	1	byte			dfa	selected					tests/base/alternation_trie.rxt:138 [ab]z|abc|[ab]
corpus	1	byte			dfa	selected					tests/base/alternation_trie.rxt:147 q||a
corpus	1	byte			dfa	selected					tests/base/alternation_trie.rxt:149 q|a+|ab
corpus	1	byte			dfa	selected					tests/base/anchors.rxt:3 ^a
corpus	3	byte			dfa	selected					tests/base/anchors.rxt:21 ^$
corpus	1	byte			dfa	selected					tests/base/anchors.rxt:28 ^a$
corpus	2	byte			dfa	selected					tests/base/anchors.rxt:32 ^abc
corpus	1	byte			dfa	selected					tests/base/anchors.rxt:55 ^a|b$
corpus	1	byte			dfa	selected					tests/base/bounded_repeats.rxt:3 a{3}
corpus	1	byte			dfa	selected					tests/base/bounded_repeats.rxt:13 a{2,}
corpus	1	byte			dfa	selected					tests/base/bounded_repeats.rxt:17 a{0,3}
corpus	2	byte			dfa	selected					tests/base/bounded_repeats.rxt:21 a{0}
corpus	1	byte			dfa	selected					tests/base/bounded_repeats.rxt:25 a{2,4}?
corpus	1	byte			dfa	selected					tests/base/bounded_repeats.rxt:29 a{2,}?
corpus	2	byte			dfa	selected					tests/base/bounded_repeats.rxt:32 a{1,3}?
corpus	1	byte			dfa	selected					tests/base/bounded_repeats.rxt:36 ab{2,3}c
corpus	1	byte			dfa	selected					tests/base/bounded_repeats.rxt:42 (ab){2,3}
corpus	2	byte			dfa	selected					tests/base/bounded_repeats.rxt:47 a{
corpus	1	byte			dfa	selected					tests/base/bounded_repeats.rxt:51 a{2
corpus	1	byte			dfa	selected					tests/base/bounded_repeats.rxt:55 x{1,2}y
corpus	1	byte			dfa	selected					tests/base/bounded_repeats.rxt:73 a{ 1}
corpus	1	byte			dfa	selected					tests/base/bounded_repeats.rxt:82 a{1 }
corpus	1	byte			dfa	selected					tests/base/bounded_repeats.rxt:87 a{\t1}
corpus	1	byte			dfa	selected					tests/base/bounded_repeats.rxt:92 a{1,  2}
corpus	1	byte			dfa	selected					tests/base/bounded_repeats.rxt:99 a{ 1\t,\t2 }
corpus	1	byte			dfa	selected					tests/base/bounded_repeats.rxt:105 a{ 2,}
corpus	1	byte			dfa	selected					tests/base/bounded_repeats.rxt:110 a{ ,2}
corpus	1	byte			dfa	selected					tests/base/bounded_repeats.rxt:120 a{2,2}
corpus	2	byte			dfa	selected					tests/base/bounded_repeats.rxt:125 a{0,0}
corpus	1	byte			dfa	selected					tests/base/bounded_repeats.rxt:129 (a|b){3,3}c
corpus	1	byte	i		dfa	selected					tests/base/caseless.rxt:21 abc
corpus	1	byte	i		dfa	selected					tests/base/caseless.rxt:30 aBc
corpus	1	byte	i		dfa	selected					tests/base/caseless.rxt:36 [0-9]+-[0-9]+
corpus	1	byte	i		dfa	selected					tests/base/caseless.rxt:43 \x41\x42
corpus	1	byte	i		dfa	selected					tests/base/caseless.rxt:51 [a-z]+
corpus	1	byte	i		dfa	selected					tests/base/caseless.rxt:58 [A-Z]+
corpus	1	byte	i		dfa	selected					tests/base/caseless.rxt:63 [a-f0-9]+
corpus	1	byte	i		dfa	selected					tests/base/caseless.rxt:70 [^a]
corpus	1	byte	i		dfa	selected					tests/base/caseless.rxt:77 [^A]
corpus	1	byte	i		dfa	selected					tests/base/caseless.rxt:83 [^a-z]+
corpus	1	byte	i		dfa	selected					tests/base/caseless.rxt:91 [^0-9]+
corpus	1	byte	i		dfa	selected					tests/base/caseless.rxt:99 (cat|DOG)s?
corpus	1	byte	i		dfa	selected					tests/base/caseless.rxt:106 ^err
corpus	1	byte	i		dfa	selected					tests/base/caseless.rxt:111 log$
corpus	1	byte	i		dfa	selected					tests/base/caseless.rxt:116 a.c
corpus	1	byte	i		dfa	selected					tests/base/caseless.rxt:122 (ab)+
corpus	1	byte	i		dfa	selected					tests/base/caseless.rxt:133 [\x80-\xff]+
corpus	1	byte			dfa	selected					tests/base/caseless.rxt:149 [a-z]+
corpus	1	byte			dfa	selected					tests/base/class_brackets.rxt:21 [a[:b]
corpus	1	byte			dfa	selected					tests/base/class_brackets.rxt:32 [[:alpha]
corpus	1	byte			dfa	selected					tests/base/class_brackets.rxt:42 [[:]]
corpus	1	byte			dfa	selected					tests/base/class_brackets.rxt:51 [[:]
corpus	1	byte			dfa	selected					tests/base/class_brackets.rxt:60 [:]
corpus	1	byte			dfa	selected					tests/base/class_brackets.rxt:68 [:a]
corpus	1	byte			dfa	selected					tests/base/class_brackets.rxt:77 [.a]x.]
corpus	1	byte			dfa	selected					tests/base/class_brackets.rxt:94 [=a]x=]
corpus	1	byte			dfa	selected					tests/base/class_brackets.rxt:103 [a[.b]c]d.]
corpus	1	byte			dfa	selected					tests/base/class_brackets.rxt:120 [[.a].]
corpus	1	byte			dfa	selected					tests/base/class_brackets.rxt:137 [.a].]
corpus	1	byte			dfa	selected					tests/base/class_brackets.rxt:154 [[.a\\]x.]
corpus	1	byte			dfa	selected					tests/base/class_brackets.rxt:171 [[.b].]
corpus	1	byte			dfa	selected					tests/base/class_brackets.rxt:188 [[.b\]]
corpus	1	byte			dfa	selected					tests/base/class_escape_fallbacks.rxt:20 [\0]
corpus	1	byte			dfa	selected					tests/base/class_escape_fallbacks.rxt:25 [\1]
corpus	1	byte			dfa	selected					tests/base/class_escape_fallbacks.rxt:30 [\7]
corpus	1	byte			dfa	selected					tests/base/class_escape_fallbacks.rxt:36 [\12]
corpus	1	byte			dfa	selected					tests/base/class_escape_fallbacks.rxt:41 [\123]
corpus	1	byte			dfa	selected					tests/base/class_escape_fallbacks.rxt:46 [\1234]
corpus	1	byte			dfa	selected					tests/base/class_escape_fallbacks.rxt:51 [\08]
corpus	1	byte			dfa	selected					tests/base/class_escape_fallbacks.rxt:56 [\18]
corpus	1	byte			dfa	selected					tests/base/class_escape_fallbacks.rxt:61 [\077]
corpus	1	byte			dfa	selected					tests/base/class_escape_fallbacks.rxt:66 [\377]
corpus	1	byte			dfa	selected					tests/base/class_escape_fallbacks.rxt:70 [\0777]
corpus	1	byte			dfa	selected					tests/base/class_escape_fallbacks.rxt:75 [\378]
corpus	1	byte			dfa	selected					tests/base/class_escape_fallbacks.rxt:80 a[\18]b
corpus	1	byte			dfa	selected					tests/base/class_escape_fallbacks.rxt:87 [\1-\7]
corpus	1	byte			dfa	selected					tests/base/class_escape_fallbacks.rxt:94 [\0-\7]
corpus	1	byte			dfa	selected					tests/base/class_escape_fallbacks.rxt:99 [\15-\17]
corpus	1	byte			dfa	selected					tests/base/class_escape_fallbacks.rxt:104 [\1-\123]
corpus	1	byte			REFUSED		pcrec: octal value is greater than \377 in 8-bit non-UTF-8 mode (pattern offset 5)				tests/base/class_escape_fallbacks.rxt:112 [\400]
corpus	1	byte			REFUSED		pcrec: octal value is greater than \377 in 8-bit non-UTF-8 mode (pattern offset 5)				tests/base/class_escape_fallbacks.rxt:115 [\777]
corpus	1	byte			REFUSED		pcrec: range out of order in character class (pattern offset 2)				tests/base/class_escape_fallbacks.rxt:118 [a-\1]
corpus	1	byte			REFUSED		pcrec: range out of order in character class (pattern offset 2)				tests/base/class_escape_fallbacks.rxt:121 [0-\12]
corpus	1	byte			REFUSED		pcrec: range out of order in character class (pattern offset 3)				tests/base/class_escape_fallbacks.rxt:124 [\k-\g]
corpus	1	byte			dfa	selected					tests/base/class_escape_fallbacks.rxt:154 [^\k]
corpus	1	byte			dfa	selected					tests/base/class_escape_fallbacks.rxt:159 [\g\k]
corpus	1	byte			dfa	selected					tests/base/class_escape_fallbacks.rxt:167 [\81]
corpus	1	byte			dfa	selected					tests/base/class_escape_fallbacks.rxt:173 [\89]
corpus	1	byte			dfa	selected					tests/base/class_escape_fallbacks.rxt:179 [\98]
corpus	1	byte			dfa	selected					tests/base/class_escape_fallbacks.rxt:185 [\9x]
corpus	1	byte			dfa	selected					tests/base/class_escape_fallbacks.rxt:193 [\k<n>]
corpus	1	byte			dfa	selected					tests/base/class_escape_fallbacks.rxt:201 [\g{1}]
corpus	1	byte			dfa	selected					tests/base/class_escape_fallbacks.rxt:209 [\g1]
corpus	1	byte			dfa	selected					tests/base/class_escape_fallbacks.rxt:215 [\k'n']
corpus	1	byte			dfa	selected					tests/base/class_escape_fallbacks.rxt:224 [0-\k]
corpus	1	byte			dfa	selected					tests/base/class_escape_fallbacks.rxt:232 [\k-z]
corpus	1	byte			dfa	selected					tests/base/class_escape_fallbacks.rxt:238 [\8-\9]
corpus	1	byte			dfa	selected					tests/base/class_escape_fallbacks.rxt:245 [\g-\k]
corpus	1	byte			dfa	selected					tests/base/class_escape_fallbacks.rxt:252 [0-\g]
corpus	1	byte			dfa	selected					tests/base/class_escape_fallbacks.rxt:260 [\k\g]+
corpus	1	byte			dfa	selected					tests/base/class_escape_fallbacks.rxt:266 x[\8]y
corpus	1	byte			dfa	selected					tests/base/classes.rxt:3 [abc]
corpus	1	byte			dfa	selected					tests/base/classes.rxt:7 [a-z]
corpus	1	byte			dfa	selected					tests/base/classes.rxt:11 [a-z0-9]
corpus	1	byte			dfa	selected					tests/base/classes.rxt:15 [^abc]
corpus	1	byte			dfa	selected					tests/base/classes.rxt:20 []abc]
corpus	1	byte			dfa	selected					tests/base/classes.rxt:24 [^]abc]
corpus	1	byte			dfa	selected					tests/base/classes.rxt:28 [a-]
corpus	1	byte			dfa	selected					tests/base/classes.rxt:33 [-a]
corpus	1	byte			dfa	selected					tests/base/classes.rxt:36 [a\-z]
corpus	1	byte			dfa	selected					tests/base/classes.rxt:40 [\]]
corpus	1	byte			dfa	selected					tests/base/classes.rxt:44 [\n\t]
corpus	1	byte			dfa	selected					tests/base/classes.rxt:48 [\x41-\x43]
corpus	1	byte			dfa	selected					tests/base/classes.rxt:52 [a-c-e]
corpus	1	byte			dfa	selected					tests/base/classes.rxt:57 x[abc]y
corpus	1	byte			dfa	selected					tests/base/classes.rxt:63 []]
corpus	1	byte			dfa	selected					tests/base/classes.rxt:67 [^]]
corpus	1	byte			dfa	selected					tests/base/classes.rxt:77 [.a]
corpus	1	byte			dfa	selected					tests/base/classes.rxt:81 [[.]
corpus	1	byte			dfa	selected					tests/base/classes.rxt:85 [^.a.]
corpus	1	byte			dfa	selected					tests/base/classes.rxt:89 [a.b.]
corpus	1	byte			dfa	selected					tests/base/cls_fold.rxt:24 ([ac])x
corpus	1	byte			dfa	selected					tests/base/cls_fold.rxt:38 ([Aa])x
corpus	1	byte		i	dfa	selected					tests/base/cls_fold.rxt:52 (?i)(q)r
corpus	1	byte			dfa	selected					tests/base/cls_fold.rxt:68 ([Zz]){2,4}y
corpus	1	byte			dfa	selected					tests/base/cls_fold.rxt:81 ([Aa])([ac])d
corpus	1	byte		i	dfa	selected					tests/base/cls_fold.rxt:97 ((?i:abc))
corpus	1	byte			dfa	selected					tests/base/comment_escape.rxt:16 a\/\*!\*\/b
corpus	1	byte			dfa	selected					tests/base/comment_escape.rxt:24 a[*/]b
corpus	1	byte			dfa	selected					tests/base/d27_bodies.rxt:6 [abc]{2,4}
corpus	1	byte			dfa	selected					tests/base/d27_bodies.rxt:16 [abc]{2,4}?
corpus	1	byte			dfa	selected					tests/base/d27_bodies.rxt:26 [^abc]{2,4}
corpus	1	byte			dfa	selected					tests/base/d27_bodies.rxt:36 [^abc]{2,4}?
corpus	1	byte			dfa	selected					tests/base/d27_bodies.rxt:46 [a-c]{1,3}
corpus	1	byte			dfa	selected					tests/base/d27_bodies.rxt:54 (ab|c){2,4}
corpus	1	byte			dfa	selected					tests/base/d27_bodies.rxt:72 (ab|c){2,4}?
corpus	1	byte			dfa	selected					tests/base/d27_bodies.rxt:87 (ab|ac){2,4}
corpus	1	byte			dfa	selected					tests/base/d27_bodies.rxt:100 (ab|ac){2,4}?
corpus	2	byte			dfa	selected					tests/base/d27_bodies.rxt:111 (a|){2,4}
corpus	2	byte			dfa	selected					tests/base/d27_bodies.rxt:124 (|a){2,4}
corpus	1	byte			dfa	selected					tests/base/d27_bodies.rxt:137 (?:ab){2,4}
corpus	1	byte			dfa	selected					tests/base/d27_bodies.rxt:145 (ab){2,4}
corpus	1	byte			dfa	selected					tests/base/d27_bodies.rxt:157 (ab){2,4}?
corpus	1	byte			dfa	selected					tests/base/d27_bodies.rxt:166 (a+){2,3}
corpus	1	byte			dfa	selected					tests/base/d27_bodies.rxt:180 (a*){2,3}
corpus	1	byte			dfa	selected					tests/base/d27_bodies.rxt:191 (a?b){2,4}
corpus	1	byte			dfa	selected					tests/base/d27_bodies.rxt:203 (abc){2,4}
corpus	1	byte			dfa	selected					tests/base/d27_bodies.rxt:214 abc{2,4}
corpus	1	byte			dfa	selected					tests/base/d27_captures.rxt:6 (a{2,4})+
corpus	1	byte		d	dfa	selected					tests/base/d27_captures.rxt:17 (\d{2}-){1,3}
corpus	1	byte			dfa	selected					tests/base/d27_captures.rxt:28 ((a)|(b)){2}
corpus	1	byte			dfa	selected					tests/base/d27_captures.rxt:47 ((a)|(b)){3}
corpus	1	byte			dfa	selected					tests/base/d27_captures.rxt:66 (a)(a)*
corpus	1	byte			dfa	selected					tests/base/d27_captures.rxt:78 ((ab)+)
corpus	1	byte			dfa	selected					tests/base/d27_captures.rxt:90 (a)?(a)?(a)?
corpus	1	byte			dfa	selected					tests/base/d27_captures.rxt:109 (a(b)?)+
corpus	1	byte			dfa	selected					tests/base/d27_edge.rxt:6 (a?){2,5}
corpus	1	byte			dfa	selected					tests/base/d27_edge.rxt:21 (a*){0,3}
corpus	1	byte			dfa	selected					tests/base/d27_edge.rxt:56 a{0,0}b
corpus	1	byte			dfa	selected					tests/base/d27_edge.rxt:63 (a){0,0}b
corpus	1	byte			dfa	selected					tests/base/d27_edge.rxt:77 a{4,4}
corpus	1	byte			dfa	selected					tests/base/d27_edge.rxt:85 (ab){3,3}
corpus	1	byte			dfa	selected					tests/base/d27_edge.rxt:115 (a+?)(a+)
corpus	1	byte			dfa	selected					tests/base/d27_edge.rxt:127 (a+)(a+?)
corpus	2	byte			dfa	selected					tests/base/d27_edge.rxt:139 a.*b
corpus	2	byte			dfa	selected					tests/base/d27_edge.rxt:146 a.*?b
corpus	1	byte			dfa	selected					tests/base/d27_edge.rxt:153 (^a){1,3}
corpus	1	byte			dfa	selected					tests/base/d27_edge.rxt:162 (a$){1,3}
corpus	1	byte			dfa	selected					tests/base/d27_edge.rxt:171 ^a{2,4}$
corpus	1	byte			dfa	selected					tests/base/d27_edge.rxt:180 ^(a{2,4})?$
corpus	1	byte			dfa	selected					tests/base/d27_edge.rxt:191 ab{2,3}|cd{1,2}
corpus	1	byte			dfa	selected					tests/base/d27_edge.rxt:202 (ab{2,3}|cd{1,2})+
corpus	1	byte			dfa	selected					tests/base/d27_forms.rxt:6 a?b
corpus	1	byte			dfa	selected					tests/base/d27_forms.rxt:15 a??b
corpus	2	byte			dfa	selected					tests/base/d27_forms.rxt:32 a*?b
bench,corpus	3	byte			dfa	selected					tests/base/d27_forms.rxt:40 a+b
corpus	1	byte			dfa	selected					tests/base/d27_forms.rxt:49 a+?b
corpus	1	byte			dfa	selected					tests/base/d27_forms.rxt:58 a{3}b
corpus	1	byte			dfa	selected					tests/base/d27_forms.rxt:68 a{3}?b
corpus	1	byte			dfa	selected					tests/base/d27_forms.rxt:102 a{2,}b
corpus	1	byte			dfa	selected					tests/base/d27_forms.rxt:112 a{2,}?b
corpus	1	byte			dfa	selected					tests/base/d27_forms.rxt:122 a{0,4}b
corpus	1	byte			dfa	selected					tests/base/d27_forms.rxt:132 a{0,4}?b
corpus	2	byte			dfa	selected					tests/base/d27_k23_ambiguous_decomposition.rxt:6 (a{1,3}){65}
corpus	2	byte			dfa	selected					tests/base/d27_k23_ambiguous_decomposition.rxt:100 (a{1,3}){64}
corpus	1	byte			dfa	selected					tests/base/d27_k23_ambiguous_decomposition.rxt:114 (a{1,3}){66}
corpus	1	byte			dfa	selected					tests/base/d27_large_counts.rxt:6 a{500}
corpus	1	byte			dfa	selected					tests/base/d27_large_counts.rxt:13 a{200,500}
corpus	1	byte			dfa	selected					tests/base/d27_large_counts.rxt:21 a{200,500}?
corpus	1	byte			dfa	selected					tests/base/d27_large_counts.rxt:29 (ab){300}
corpus	1	byte			dfa	selected					tests/base/d27_large_counts.rxt:37 [ab]{1000}
corpus	1	byte			dfa	selected					tests/base/d27_large_counts.rxt:43 a{1,2000}
corpus	2	byte			dfa	selected					tests/base/d27_nested_min_boundary.rxt:15 (a{10,20}){10,50}
corpus	1	byte			dfa	selected					tests/base/d27_nesting.rxt:21 (a{2,3}?){2,3}
corpus	1	byte			dfa	selected					tests/base/d27_nesting.rxt:33 (a{2,3}){2,3}?
corpus	1	byte			dfa	selected					tests/base/d27_nesting.rxt:45 (a{2,3}?){2,3}?
corpus	1	byte			dfa	selected					tests/base/d27_nesting.rxt:57 ((a{1,2}){1,2}){1,2}
corpus	1	byte			dfa	selected					tests/base/d27_nesting.rxt:79 ((a{1,2}){1,2}){1,2}?
corpus	1	byte			dfa	selected					tests/base/d27_nesting.rxt:100 ((a{1,2}?){1,2}){1,2}
corpus	1	byte			dfa	selected					tests/base/d27_nesting.rxt:121 (a{1,20}){1,50}
corpus	1	byte			dfa	selected					tests/base/d27_nesting.rxt:151 ((ab){1,3}|(cd){1,2}){1,3}
corpus	1	byte			dfa	selected					tests/base/d27_nesting.rxt:179 ([a-c]{1,3}){2,4}
corpus	3	byte			dfa	selected					tests/base/dot.rxt:3 .
corpus	1	byte			dfa	selected					tests/base/dot.rxt:12 a.c
corpus	1	byte			dfa	selected					tests/base/dot.rxt:17 ...
corpus	1	byte			dfa	selected					tests/base/dot.rxt:21 a.
corpus	1	byte			dfa	selected					tests/base/dot.rxt:24 ..
corpus	2	byte			dfa	selected					tests/base/dot.rxt:27 .*
corpus	1	byte			dfa	selected					tests/base/dot.rxt:30 .+
corpus	5	byte			dfa	selected					tests/base/empty_matches.rxt:3 a*
corpus	2	byte			dfa	selected					tests/base/empty_matches.rxt:8 a?
corpus	1	byte			dfa	selected					tests/base/empty_matches.rxt:12 (?:a|)
corpus	1	byte			dfa	selected					tests/base/empty_matches.rxt:16 (?:a|)b
corpus	2	byte			dfa	selected					tests/base/empty_matches.rxt:25 (abc)?
corpus	1	byte			dfa	selected					tests/base/empty_matches.rxt:29 ()
corpus	1	byte			dfa	selected					tests/base/empty_matches.rxt:33 (?:)
corpus	1	byte			dfa	selected					tests/base/empty_matches.rxt:41 a{0,}
corpus	1	byte			dfa	selected					tests/base/empty_matches.rxt:45 x*y*
corpus	1	byte			dfa	selected					tests/base/empty_matches.rxt:52 ^a*$
corpus	1	byte			dfa	selected					tests/base/empty_matches.rxt:57 (?:x|y|)
corpus	3	byte			dfa	selected					tests/base/eol_engine.rxt:12 a*b$
corpus	2	byte			dfa	selected					tests/base/eol_engine.rxt:24 a$\n
corpus	2	byte			dfa	selected					tests/base/eol_engine.rxt:29 $|\n
corpus	2	byte			dfa	selected					tests/base/eol_engine.rxt:33 (?:$|[^abc]){2,}
corpus	3	byte			dfa	selected					tests/base/eol_engine.rxt:37 .*$
corpus	2	byte			dfa	selected					tests/base/eol_engine.rxt:42 a+?$
corpus	1	byte			dfa	selected					tests/base/eol_engine.rxt:47 (?:ab$|a)
corpus	1	byte			dfa	selected					tests/base/eol_engine.rxt:52 x*$
corpus	1	byte			dfa	selected					tests/base/eol_engine.rxt:64 [0-9]+z$
corpus	1	byte			dfa	selected					tests/base/eol_scan_avoidance.rxt:15 .*=.*$
corpus	1	byte			dfa	selected					tests/base/eol_scan_avoidance.rxt:22 a*b*$
corpus	1	byte			dfa	selected					tests/base/eol_scan_avoidance.rxt:31 [a-z]*$
corpus	1	byte			dfa	selected					tests/base/eol_scan_avoidance.rxt:37 [^\n]*$
corpus	1	byte			dfa	selected					tests/base/eol_scan_avoidance.rxt:52 b*$
corpus	1	byte			dfa	selected					tests/base/eol_scan_avoidance.rxt:65 a.*$
corpus	1	byte			dfa	selected					tests/base/eol_scan_avoidance.rxt:77 [a-z]+@[a-z]+$
corpus	1	byte			dfa	selected					tests/base/eol_scan_avoidance.rxt:89 .$
corpus	1	byte			dfa	selected					tests/base/eol_scan_avoidance.rxt:147 a.*|b$
corpus	1	byte			dfa	selected					tests/base/eol_scan_avoidance.rxt:162 =.*|x$
corpus	1	byte			dfa	selected					tests/base/eol_scan_avoidance.rxt:172 a[^\n]*|\n$
corpus	1	byte			dfa	selected					tests/base/eol_scan_avoidance.rxt:180 [a-z].*|q$
corpus	1	byte			dfa	selected					tests/base/eol_scan_avoidance.rxt:188 a.*|b
corpus	1	byte			dfa	selected					tests/base/eol_scan_avoidance.rxt:198 =.*|;
corpus	1	byte			dfa	selected					tests/base/eol_scan_avoidance.rxt:222 a(?:$|.)*
corpus	1	byte			dfa	selected					tests/base/eol_scan_avoidance.rxt:233 x(?:$|[^\n])*
corpus	1	byte			dfa	selected					tests/base/eol_scan_avoidance.rxt:243 (?:=|$)(?:.|$)*
corpus	1	byte			dfa	selected					tests/base/eol_scan_avoidance.rxt:279 x$.*
corpus	1	byte			dfa	selected					tests/base/eol_scan_avoidance.rxt:290 a$.*
corpus	1	byte			dfa	selected					tests/base/eol_scan_avoidance.rxt:297 .*$.*
corpus	1	byte			dfa	selected					tests/base/eol_scan_avoidance.rxt:305 $[^\n]*
corpus	1	byte			dfa	selected					tests/base/eol_scan_avoidance.rxt:334 [a-z]*=
corpus	1	byte			dfa	selected					tests/base/eol_scan_avoidance.rxt:343 .*=
corpus	1	byte			dfa	selected					tests/base/eol_scan_avoidance.rxt:349 x.*y
corpus	1	byte			dfa	selected					tests/base/eol_scan_avoidance.rxt:355 [^\n]*=
corpus	1	byte			dfa	selected					tests/base/escapes.rxt:3 \.
corpus	1	byte			dfa	selected					tests/base/escapes.rxt:7 \*
corpus	1	byte			dfa	selected					tests/base/escapes.rxt:10 \+
corpus	1	byte			dfa	selected					tests/base/escapes.rxt:13 \?
corpus	1	byte			dfa	selected					tests/base/escapes.rxt:16 \(
corpus	1	byte			dfa	selected					tests/base/escapes.rxt:19 \)
bench,corpus	2	byte			dfa	selected					tests/base/escapes.rxt:22 \[
corpus	1	byte			dfa	selected					tests/base/escapes.rxt:25 \]
bench,corpus	2	byte			dfa	selected					tests/base/escapes.rxt:28 \{
corpus	1	byte			dfa	selected					tests/base/escapes.rxt:31 \|
corpus	1	byte			dfa	selected					tests/base/escapes.rxt:34 \\
corpus	1	byte			dfa	selected					tests/base/escapes.rxt:37 \^
corpus	1	byte			dfa	selected					tests/base/escapes.rxt:40 \$
corpus	1	byte			dfa	selected					tests/base/escapes.rxt:43 \-
corpus	1	byte			dfa	selected					tests/base/escapes.rxt:46 a\.b
corpus	1	byte			dfa	selected					tests/base/escapes.rxt:50 \n
corpus	1	byte			dfa	selected					tests/base/escapes.rxt:53 \t
corpus	1	byte			dfa	selected					tests/base/escapes.rxt:56 \r
corpus	1	byte			dfa	selected					tests/base/escapes.rxt:59 \f
corpus	1	byte			dfa	selected					tests/base/escapes.rxt:62 \x41
corpus	1	byte			dfa	selected					tests/base/escapes.rxt:65 \x2e
corpus	1	byte			dfa	selected					tests/base/escapes.rxt:68 \x41\x42\x43
corpus	1	byte			dfa	selected					tests/base/escapes.rxt:71 [\x09\x0a]
corpus	1	byte			dfa	selected					tests/base/escapes.rxt:75 \(\)
corpus	1	byte			dfa	selected					tests/base/escapes.rxt:78 a\{2\}
corpus	1	byte			dfa	selected					tests/base/escapes.rxt:86 \a
corpus	1	byte			dfa	selected					tests/base/escapes.rxt:93 \e
corpus	1	byte			dfa	selected					tests/base/escapes.rxt:98 [\b]
corpus	1	byte			dfa	selected					tests/base/fuzz_regressions.rxt:4 a{,3}
corpus	1	byte			dfa	selected					tests/base/fuzz_regressions.rxt:9 a{,3}b
corpus	1	byte			dfa	selected					tests/base/fuzz_regressions.rxt:14 (?:ab){,2}c
corpus	2	byte			dfa	selected					tests/base/fuzz_regressions.rxt:21 a{,}
corpus	1	byte			dfa	selected					tests/base/fuzz_regressions.rxt:29 (()|^){0}[b]
corpus	1	byte			dfa	selected					tests/base/fuzz_regressions.rxt:32 (()|$){0}b
corpus	1	byte			dfa	selected					tests/base/groups.rxt:7 (?:a)
corpus	1	byte			dfa	selected					tests/base/groups.rxt:10 (ab)c
corpus	1	byte			dfa	selected					tests/base/groups.rxt:14 (a(b)c)
corpus	1	byte			dfa	selected					tests/base/groups.rxt:17 (a(bc)d)
bench,corpus	2	byte			dfa	selected					tests/base/groups.rxt:20 (?:ab)+
corpus	1	byte			dfa	selected					tests/base/groups.rxt:25 (?:a|b)+
corpus	1	byte			dfa	selected					tests/base/groups.rxt:29 ((a))
corpus	1	byte			dfa	selected					tests/base/groups.rxt:35 (a|(b))c
corpus	1	byte			dfa	selected					tests/base/groups.rxt:39 (?:a(?:b(?:c)))
corpus	2	byte			dfa	selected					tests/base/groups.rxt:46 (abc)*
corpus	1	byte			dfa	selected					tests/base/groups.rxt:50 (a|b)(c|d)
corpus	1	byte			dfa	selected					tests/base/groups.rxt:55 ((ab)+c)+
corpus	1	byte			dfa	selected					tests/base/groups.rxt:58 (?:(?:a))
corpus	1	byte			dfa	selected					tests/base/high_bytes.rxt:8 \x80
corpus	1	byte			dfa	selected					tests/base/high_bytes.rxt:12 \xff
corpus	1	byte			dfa	selected					tests/base/high_bytes.rxt:16 \x81
corpus	2	byte			dfa	selected					tests/base/high_bytes.rxt:20 [\x80-\xbf]
corpus	1	byte			dfa	selected					tests/base/high_bytes.rxt:31 [^\x80-\xbf]
corpus	1	byte			dfa	selected					tests/base/high_bytes.rxt:36 \xde\xad\xbe\xef
corpus	1	byte			dfa	selected					tests/base/high_bytes.rxt:42 \xff+
corpus	1	byte			dfa	selected					tests/base/high_bytes.rxt:47 \x80|\xff
corpus	1	byte			dfa	selected					tests/base/high_bytes.rxt:58 [a\x80-\x9f]+
corpus	1	byte			dfa	selected					tests/base/high_bytes.rxt:63 [\x80-\xff]+
corpus	2	byte			dfa	selected					tests/base/k18_arm_order.rxt:32 (?:(?:a|b*?)?)*
corpus	2	byte			dfa	selected					tests/base/k18_arm_order.rxt:46 (?:(?:b*?|a)?)*
corpus	2	byte			dfa	selected					tests/base/k18_arm_order.rxt:60 ((?:a|b*?)?)*
corpus	1	byte			dfa	selected					tests/base/k18_arm_order.rxt:74 ((?:b*?|a)?)*
corpus	1	byte			dfa	selected					tests/base/k18_arm_order.rxt:88 (?:(a|b*?)?)*
corpus	1	byte			dfa	selected					tests/base/k18_arm_order.rxt:102 (?:(b*?|a)?)*
corpus	2	byte			dfa	selected					tests/base/k18_arm_order.rxt:116 (?:(?:a+|b*?)?)*
corpus	1	byte			dfa	selected					tests/base/k18_arm_order.rxt:130 (?:(?:b*?|a+)?)*
corpus	2	byte			dfa	selected					tests/base/k18_arm_order.rxt:144 (?:(?:a|b??)?)*
corpus	1	byte			dfa	selected					tests/base/k18_arm_order.rxt:158 (?:(?:b??|a)?)*
corpus	2	byte			dfa	selected					tests/base/k18_arm_order.rxt:172 (?:(?:a?|b*?)?)*
corpus	1	byte			dfa	selected					tests/base/k18_arm_order.rxt:186 (?:(?:b*?|a?)?)*
corpus	2	byte			dfa	selected					tests/base/k18_arm_order.rxt:200 (?:(?:a|b*?)?)+
corpus	1	byte			dfa	selected					tests/base/k18_arm_order.rxt:214 (?:(?:b*?|a)?)+
corpus	2	byte			dfa	selected					tests/base/k18_arm_order.rxt:228 (?:(?:[a]|[b]*?)?)*
corpus	1	byte			dfa	selected					tests/base/k18_arm_order.rxt:242 (?:(?:[b]*?|[a])?)*
corpus	1	byte			dfa	selected					tests/base/k18_arm_order.rxt:256 (?:(?:a|c|b*?)?)*
corpus	1	byte			dfa	selected					tests/base/k18_arm_order.rxt:274 (?:(?:b*?|a|c)?)*
corpus	2	byte			dfa	selected					tests/base/k18_arm_order.rxt:292 ^(?:(?:a|b*?)?)*
corpus	1	byte			dfa	selected					tests/base/k18_arm_order.rxt:306 ^(?:(?:b*?|a)?)*
corpus	1	byte			dfa	selected					tests/base/k18_arm_order.rxt:320 (?:(?:b*|a)?)*
corpus	2	byte			dfa	selected					tests/base/k18_arm_order.rxt:334 (?:(?:a|b*)?)*
corpus	1	byte			dfa	selected					tests/base/k18_arm_order.rxt:348 (?:(?:b?|a)?)*
corpus	1	byte			dfa	selected					tests/base/k18_arm_order.rxt:362 (?:(?:a|b?)?)*
corpus	1	byte			dfa	selected					tests/base/k18_arm_order.rxt:376 (?:(?:[b]*|a)?)*
corpus	1	byte			dfa	selected					tests/base/k18_arm_order.rxt:390 (?:(?:a|[b]*)?)*
corpus	1	byte			dfa	selected					tests/base/k18_arm_order.rxt:404 ((?:b*|a)?)*
corpus	1	byte			dfa	selected					tests/base/k18_arm_order.rxt:418 ((?:a|b*)?)*
corpus	1	byte			dfa	selected					tests/base/k18_arm_order.rxt:432 (?:(?:b*|a)?)+
corpus	1	byte			dfa	selected					tests/base/k18_arm_order.rxt:446 (?:(?:a|b*)?)+
corpus	1	byte			dfa	selected					tests/base/k18_arm_order.rxt:460 ^(?:(?:b*|a)?)*
corpus	1	byte			dfa	selected					tests/base/k18_arm_order.rxt:474 ^(?:(?:a|b*)?)*
corpus	1	byte			dfa	selected					tests/base/k18_arm_order.rxt:488 (?:(?:b{0,2}|a)?)*
corpus	1	byte			dfa	selected					tests/base/k18_arm_order.rxt:502 (?:(?:a|b{0,2})?)*
corpus	1	byte			dfa	selected					tests/base/k18_arm_order.rxt:516 (?:(?:b{0,2}?|a)?)*
corpus	1	byte			dfa	selected					tests/base/k18_arm_order.rxt:530 (?:(?:a|b{0,2}?)?)*
corpus	1	byte			dfa	selected					tests/base/k18_arm_order.rxt:544 (?:(?:(?:b|)|a)?)*
corpus	1	byte			dfa	selected					tests/base/k18_arm_order.rxt:558 (?:(?:a|(?:b|))?)*
corpus	1	byte			dfa	selected					tests/base/k18_arm_order.rxt:572 (?:(?:(?:|b)|a)?)*
corpus	1	byte			dfa	selected					tests/base/k18_arm_order.rxt:586 (?:(?:a|(?:|b))?)*
corpus	1	byte			dfa	selected					tests/base/k18_arm_order.rxt:600 ((?:(?:b|)|a)?)*
corpus	1	byte			dfa	selected					tests/base/k18_arm_order.rxt:614 (?:(?:b?|a)(?:b?|d))*
corpus	1	byte			dfa	selected					tests/base/k18_arm_order.rxt:632 (?:(?:a|b?)(?:d|b?))*
corpus	1	byte			dfa	selected					tests/base/k18_arm_order.rxt:650 (?:(?:b*|a)(?:b*|d))*
corpus	1	byte			dfa	selected					tests/base/k18_arm_order.rxt:668 (?:(?:b*?|a)(?:b*?|d))*
corpus	2	byte			dfa	selected					tests/base/k18_arm_order.rxt:686 (?:(?:a|b*?)*)*
corpus	2	byte			dfa	selected					tests/base/k18_arm_order.rxt:700 (?:(?:a|b*?))*
corpus	2	byte			dfa	selected					tests/base/k18_arm_order.rxt:714 (?:(?:a|b*?)?)
corpus	2	byte			dfa	selected					tests/base/k18_arm_order.rxt:728 (?:a(?:b*?)?)*
corpus	2	byte			dfa	selected					tests/base/k18_arm_order.rxt:742 (?:(?:a|)?)*
corpus	2	byte			dfa	selected					tests/base/k18_arm_order.rxt:747 (?:b*?(?:a*)*)*
corpus	2	byte			dfa	selected					tests/base/k18_arm_order.rxt:761 (?:b*?(?:(?:a*)*)*)*
corpus	1	byte			dfa	selected					tests/base/k18_arm_order.rxt:775 a(?:b|c)*d
corpus	1	byte			dfa	selected					tests/base/k18_arm_order.rxt:793 (?:a*|b*){3}
corpus	1	byte			vm	collapsed-prefilter	dfa overflowed: >32000 states at pattern offset 0				tests/base/k18_cost_gates.rxt:66 (1{0,30}?[^]abc][^abc]){28,30}0+|a
corpus	1	byte			dfa	selected					tests/base/k18_cost_gates.rxt:70 (1{0,30}?[^]abc][^abc]){8,8}0+|a
corpus	1	byte			dfa	selected					tests/base/k18_cost_gates.rxt:88 ((?:(?:(?:[^a]{1,2}|[^a]??|.{0,2}?)+){0,2}(){2,3}){1,2}){2,3}
corpus	1	byte			dfa	selected					tests/base/k18_cost_gates.rxt:93 ((?:(?:(?:[^a]{1,2}|[^a]??|.{0,2}?)+){0,4}(){2,3}){1,2}){2,3}
corpus	1	byte			dfa	selected					tests/base/k18_cost_gates.rxt:98 ((?:(?:(?:[^a]{1,2}|[^a]??|.{0,2}?)+){0,6}(){2,3}){1,2}){2,3}
corpus	1	byte			dfa	selected					tests/base/k18_deep_nesting.rxt:39 (?:(?:(?:(?:a*)*)*)*)*
corpus	1	byte			dfa	selected					tests/base/k18_deep_nesting.rxt:44 (?:(?:(?:(?:(?:(?:(?:(?:(?:(?:(?:(?:(?:(?:(?:(?:a*)*)*)*)*)*)*)*)*)*)*)*)*)*)*)*)*
corpus	1	byte			dfa	selected					tests/base/k18_deep_nesting.rxt:49 (?:(?:(?:(?:(?:(?:(?:(?:(?:(?:(?:(?:(?:(?:(?:(?:(?:(?:(?:(?:(?:(?:(?:(?:(?:(?:(?:(?:(?:(?:(?:(?:(?:(?:(?:(?:(?:(?:(?:(?:(?:(?:(?:(?:(?:(?:(?:(?:(?:(?:(?:(?:(?:(?:(?:(?:(?:(?:(?:(?:(?:(?:(?:(?:a*)*)*)*
corpus	1	byte			dfa	selected					tests/base/k18_deep_nesting.rxt:54 (?:(?:(?:(?:(?:(?:(?:(?:(?:(?:(?:(?:(?:(?:(?:(?:(?:(?:(?:(?:(?:(?:(?:(?:(?:(?:(?:(?:(?:(?:(?:(?:(?:(?:(?:(?:(?:(?:(?:(?:(?:(?:(?:(?:(?:(?:(?:(?:(?:(?:(?:(?:(?:(?:(?:(?:(?:(?:(?:(?:(?:(?:(?:(?:(?:(?:(?
corpus	1	byte			dfa	selected					tests/base/k18_deep_nesting.rxt:59 (?:(?:(?:(?:(?:(?:(?:(?:(?:(?:(?:(?:(?:(?:(?:(?:(?:(?:(?:(?:(?:(?:(?:(?:(?:(?:(?:(?:(?:(?:(?:(?:(?:(?:(?:(?:(?:(?:(?:(?:(?:(?:(?:(?:(?:(?:(?:(?:(?:(?:(?:(?:(?:(?:(?:(?:(?:(?:(?:(?:(?:(?:(?:(?:(?:(?:(?
corpus	1	byte			dfa	selected					tests/base/k18_deep_nesting.rxt:64 (?:(?:(?:(?:(?:(?:(?:(?:(?:(?:(?:(?:(?:(?:(?:(?:(?:(?:(?:(?:(?:(?:(?:(?:(?:(?:(?:(?:(?:(?:(?:(?:(?:(?:(?:(?:(?:(?:(?:(?:(?:(?:(?:(?:(?:(?:(?:(?:(?:(?:(?:(?:(?:(?:(?:(?:(?:(?:(?:(?:(?:(?:(?:(?:(?:(?:(?
corpus	1	byte			dfa	selected					tests/base/k18_deep_nesting.rxt:69 (?:(?:(?:(?:(?:(?:(?:(?:(?:(?:(?:(?:(?:(?:(?:(?:(?:(?:(?:(?:(?:(?:(?:(?:(?:(?:(?:(?:(?:(?:(?:(?:(?:(?:(?:(?:(?:(?:(?:(?:(?:(?:(?:(?:(?:(?:(?:(?:(?:(?:(?:(?:(?:(?:(?:(?:(?:(?:(?:(?:(?:(?:(?:(?:(?:(?:(?
corpus	1	byte			dfa	selected					tests/base/k18_deep_nesting.rxt:74 (?:(?:a*)*(?:a*)*(?:a*)*(?:a*)*(?:a*)*(?:a*)*(?:a*)*(?:a*)*(?:a*)*(?:a*)*(?:a*)*(?:a*)*(?:a*)*(?:a*)*(?:a*)*(?:a*)*(?:a*)*(?:a*)*(?:a*)*(?:a*)*(?:a*)*(?:a*)*(?:a*)*(?:a*)*(?:a*)*(?:a*)*(?:a*)*(?:a*)*(
corpus	1	byte			dfa	selected					tests/base/k18_split_shapes.rxt:22 (?:(?:b*|a){0,2})*
corpus	1	byte			dfa	selected					tests/base/k18_split_shapes.rxt:36 (?:(?:a|b*?){0,2})*
corpus	1	byte			dfa	selected					tests/base/k18_split_shapes.rxt:50 (?:(?:a|b*?){0,2})+
corpus	1	byte			dfa	selected					tests/base/k18_split_shapes.rxt:64 (?:(?:b?|a){0,2})*
corpus	1	byte			dfa	selected					tests/base/k18_split_shapes.rxt:78 (?:(?:b?|a){0,2})+
corpus	1	byte			dfa	selected					tests/base/k18_split_shapes.rxt:92 (?:(?:a|b??){0,2})*
corpus	1	byte			dfa	selected					tests/base/k18_split_shapes.rxt:106 (?:(?:a|b??){0,2})+
corpus	1	byte			dfa	selected					tests/base/k18_split_shapes.rxt:120 (?:(?:b{0,2}|a){0,2})*
corpus	1	byte			dfa	selected					tests/base/k18_split_shapes.rxt:134 (?:(?:b{0,2}|a){0,2})+
corpus	1	byte			dfa	selected					tests/base/k18_split_shapes.rxt:148 (?:(?:a|b{0,2}?){0,2})*
corpus	1	byte			dfa	selected					tests/base/k18_split_shapes.rxt:162 (?:(?:a|b{0,2}?){0,2})+
corpus	1	byte			dfa	selected					tests/base/k18_split_shapes.rxt:176 (?:(?:a|[a-c]*?){0,2})*
corpus	1	byte			dfa	selected					tests/base/k18_split_shapes.rxt:185 (?:(?:a|[a-c]*?){0,2})+
corpus	1	byte			dfa	selected					tests/base/k18_split_shapes.rxt:194 (?:(?:a|[a-c]??){0,2})*
corpus	1	byte			dfa	selected					tests/base/k18_split_shapes.rxt:203 (?:(?:a|[a-c]??){0,2})+
corpus	1	byte			dfa	selected					tests/base/k18_split_shapes.rxt:212 (?:(?:a|[a-c]{0,2}?){0,2})*
corpus	1	byte			dfa	selected					tests/base/k18_split_shapes.rxt:221 (?:(?:a|[a-c]{0,2}?){0,2})+
corpus	1	byte			dfa	selected					tests/base/k18_split_shapes.rxt:230 (?:(?:a|.*?){0,2})*
corpus	1	byte			dfa	selected					tests/base/k18_split_shapes.rxt:235 (?:(?:a|.*?){0,2})+
corpus	1	byte			dfa	selected					tests/base/k18_split_shapes.rxt:240 (?:(?:a|.??){0,2})*
corpus	1	byte			dfa	selected					tests/base/k18_split_shapes.rxt:245 (?:(?:a|.??){0,2})+
corpus	1	byte			dfa	selected					tests/base/k18_split_shapes.rxt:250 (?:(?:a|.{0,2}?){0,2})*
corpus	1	byte			dfa	selected					tests/base/k18_split_shapes.rxt:255 (?:(?:a|.{0,2}?){0,2})+
corpus	1	byte			dfa	selected					tests/base/k18_split_shapes.rxt:260 (?:(?:[^a]*|a){0,2})*
corpus	1	byte			dfa	selected					tests/base/k18_split_shapes.rxt:265 (?:(?:a|[^a]*?){0,2})*
corpus	1	byte			dfa	selected					tests/base/k18_split_shapes.rxt:270 (?:(?:a|[^a]*?){0,2})+
corpus	1	byte			dfa	selected					tests/base/k18_split_shapes.rxt:275 (?:(?:[^a]?|a){0,2})*
corpus	1	byte			dfa	selected					tests/base/k18_split_shapes.rxt:280 (?:(?:[^a]?|a){0,2})+
corpus	1	byte			dfa	selected					tests/base/k18_split_shapes.rxt:285 (?:(?:a|[^a]??){0,2})*
corpus	1	byte			dfa	selected					tests/base/k18_split_shapes.rxt:290 (?:(?:a|[^a]??){0,2})+
corpus	1	byte			dfa	selected					tests/base/k18_split_shapes.rxt:295 (?:(?:[^a]{0,2}|a){0,2})*
corpus	1	byte			dfa	selected					tests/base/k18_split_shapes.rxt:300 (?:(?:[^a]{0,2}|a){0,2})+
corpus	1	byte			dfa	selected					tests/base/k18_split_shapes.rxt:305 (?:(?:a|[^a]{0,2}?){0,2})*
corpus	1	byte			dfa	selected					tests/base/k18_split_shapes.rxt:310 (?:(?:a|[^a]{0,2}?){0,2})+
corpus	1	byte			dfa	selected					tests/base/k18_split_shapes.rxt:315 (?:(?:b*|a+){0,2})*
corpus	1	byte			dfa	selected					tests/base/k18_split_shapes.rxt:329 (?:(?:a+|b*?){0,2})*
corpus	1	byte			dfa	selected					tests/base/k18_split_shapes.rxt:343 (?:(?:b?|a+){0,2})*
corpus	1	byte			dfa	selected					tests/base/k18_split_shapes.rxt:357 (?:(?:b?|a+){0,2})+
corpus	1	byte			dfa	selected					tests/base/k18_split_shapes.rxt:371 (?:(?:a+|b??){0,2})*
corpus	1	byte			dfa	selected					tests/base/k18_split_shapes.rxt:385 (?:(?:b{0,2}|a+){0,2})*
corpus	1	byte			dfa	selected					tests/base/k18_split_shapes.rxt:399 (?:(?:b{0,2}|a+){0,2})+
corpus	1	byte			dfa	selected					tests/base/k18_split_shapes.rxt:413 (?:(?:a+|b{0,2}?){0,2})*
corpus	1	byte			dfa	selected					tests/base/k18_split_shapes.rxt:427 (?:(?:a+|[a-c]*?){0,2})*
corpus	1	byte			dfa	selected					tests/base/k18_split_shapes.rxt:436 (?:(?:a+|[a-c]??){0,2})*
corpus	1	byte			dfa	selected					tests/base/k18_split_shapes.rxt:445 (?:(?:a+|[a-c]{0,2}?){0,2})*
corpus	1	byte			dfa	selected					tests/base/k18_split_shapes.rxt:454 (?:(?:a+|.*?){0,2})*
corpus	1	byte			dfa	selected					tests/base/k18_split_shapes.rxt:459 (?:(?:a+|.??){0,2})*
corpus	1	byte			dfa	selected					tests/base/k18_split_shapes.rxt:464 (?:(?:a+|.{0,2}?){0,2})*
corpus	1	byte			dfa	selected					tests/base/k18_split_shapes.rxt:469 (?:(?:[^a]*|a+){0,2})*
corpus	1	byte			dfa	selected					tests/base/k18_split_shapes.rxt:474 (?:(?:a+|[^a]*?){0,2})*
corpus	1	byte			dfa	selected					tests/base/k18_split_shapes.rxt:479 (?:(?:[^a]?|a+){0,2})*
corpus	1	byte			dfa	selected					tests/base/k18_split_shapes.rxt:484 (?:(?:[^a]?|a+){0,2})+
corpus	1	byte			dfa	selected					tests/base/k18_split_shapes.rxt:489 (?:(?:a+|[^a]??){0,2})*
corpus	1	byte			dfa	selected					tests/base/k18_split_shapes.rxt:494 (?:(?:[^a]{0,2}|a+){0,2})*
corpus	1	byte			dfa	selected					tests/base/k18_split_shapes.rxt:499 (?:(?:[^a]{0,2}|a+){0,2})+
corpus	1	byte			dfa	selected					tests/base/k18_split_shapes.rxt:504 (?:(?:a+|[^a]{0,2}?){0,2})*
corpus	1	byte			dfa	selected					tests/base/k18_split_shapes.rxt:509 (?:(?:a*|[a-c]){0,2})*
corpus	1	byte			dfa	selected					tests/base/k18_split_shapes.rxt:518 (?:(?:a?|[a-c]){0,2})*
corpus	1	byte			dfa	selected					tests/base/k18_split_shapes.rxt:527 (?:(?:a?|[a-c]){0,2})+
corpus	1	byte			dfa	selected					tests/base/k18_split_shapes.rxt:536 (?:(?:a{0,2}|[a-c]){0,2})*
corpus	1	byte			dfa	selected					tests/base/k18_split_shapes.rxt:545 (?:(?:a{0,2}|[a-c]){0,2})+
corpus	1	byte			dfa	selected					tests/base/k18_split_shapes.rxt:554 (?:(?:b*|[a-c]){0,2})*
corpus	1	byte			dfa	selected					tests/base/k18_split_shapes.rxt:572 (?:(?:b?|[a-c]){0,2})*
corpus	1	byte			dfa	selected					tests/base/k18_split_shapes.rxt:590 (?:(?:b?|[a-c]){0,2})+
corpus	1	byte			dfa	selected					tests/base/k18_split_shapes.rxt:608 (?:(?:b{0,2}|[a-c]){0,2})*
corpus	1	byte			dfa	selected					tests/base/k18_split_shapes.rxt:626 (?:(?:b{0,2}|[a-c]){0,2})+
corpus	1	byte			dfa	selected					tests/base/k18_split_shapes.rxt:644 (?:(?:[a-c]|.*?){0,2})*
corpus	1	byte			dfa	selected					tests/base/k18_split_shapes.rxt:653 (?:(?:[a-c]|.*?){0,2})+
corpus	1	byte			dfa	selected					tests/base/k18_split_shapes.rxt:662 (?:(?:[a-c]|.??){0,2})*
corpus	1	byte			dfa	selected					tests/base/k18_split_shapes.rxt:671 (?:(?:[a-c]|.??){0,2})+
corpus	1	byte			dfa	selected					tests/base/k18_split_shapes.rxt:680 (?:(?:[a-c]|.{0,2}?){0,2})*
corpus	1	byte			dfa	selected					tests/base/k18_split_shapes.rxt:689 (?:(?:[a-c]|.{0,2}?){0,2})+
corpus	1	byte			dfa	selected					tests/base/k18_split_shapes.rxt:698 (?:(?:[^a]*|[a-c]){0,2})*
corpus	1	byte			dfa	selected					tests/base/k18_split_shapes.rxt:707 (?:(?:[a-c]|[^a]*?){0,2})*
corpus	1	byte			dfa	selected					tests/base/k18_split_shapes.rxt:716 (?:(?:[a-c]|[^a]*?){0,2})+
corpus	1	byte			dfa	selected					tests/base/k18_split_shapes.rxt:725 (?:(?:[^a]?|[a-c]){0,2})*
corpus	1	byte			dfa	selected					tests/base/k18_split_shapes.rxt:734 (?:(?:[^a]?|[a-c]){0,2})+
corpus	1	byte			dfa	selected					tests/base/k18_split_shapes.rxt:743 (?:(?:[a-c]|[^a]??){0,2})*
corpus	1	byte			dfa	selected					tests/base/k18_split_shapes.rxt:752 (?:(?:[a-c]|[^a]??){0,2})+
corpus	1	byte			dfa	selected					tests/base/k18_split_shapes.rxt:761 (?:(?:[^a]{0,2}|[a-c]){0,2})*
corpus	1	byte			dfa	selected					tests/base/k18_split_shapes.rxt:770 (?:(?:[^a]{0,2}|[a-c]){0,2})+
corpus	1	byte			dfa	selected					tests/base/k18_split_shapes.rxt:779 (?:(?:[a-c]|[^a]{0,2}?){0,2})*
corpus	1	byte			dfa	selected					tests/base/k18_split_shapes.rxt:788 (?:(?:[a-c]|[^a]{0,2}?){0,2})+
bench,corpus	2	byte			dfa	selected					tests/base/k64_precheck_forced_vm.rxt:31 ^([a-zA-Z0-9._%+-]+)+@
corpus	1	byte			dfa	selected					tests/base/k64_precheck_forced_vm.rxt:41 ^[a-zA-Z0-9._%+-]+@
corpus	1	byte			vm	selected	\\1 at pattern offset 16				tests/base/k65_precheck_whole_set.rxt:31 (x?)([a-z]+)+Z.@\1
corpus	1	utf8			vm	selected	\\1 at pattern offset 16				tests/base/k65_precheck_whole_set.rxt:44 (x?)([a-z]+)+Z.@\1
corpus	1	byte			vm	selected	\\1 at pattern offset 17				tests/base/k65_precheck_whole_set.rxt:57 (x?)([a-z]+)+Z.@#\1
corpus	1	byte			vm	selected	\\1 at pattern offset 29				tests/base/k66_precheck_whole_run.rxt:34 (x?)([a-z]+)+eeeeeeee~#~#~#~#\1
corpus	1	utf8			vm	selected	\\1 at pattern offset 29				tests/base/k66_precheck_whole_run.rxt:47 (x?)([a-z]+)+eeeeeeee~#~#~#~#\1
corpus	2	byte			dfa	selected					tests/base/leftmost_semantics.rxt:23 a+?
corpus	1	byte			dfa	selected					tests/base/leftmost_semantics.rxt:26 .*b
corpus	1	byte			dfa	selected					tests/base/leftmost_semantics.rxt:29 .*?b
corpus	1	byte			dfa	selected					tests/base/leftmost_semantics.rxt:40 a|ba
corpus	1	byte			dfa	selected					tests/base/leftmost_semantics.rxt:43 ba|a
corpus	1	byte			dfa	selected					tests/base/leftmost_semantics.rxt:46 b
corpus	1	byte			dfa	selected					tests/base/leftmost_semantics.rxt:53 a*a
corpus	1	byte			dfa	selected					tests/base/leftmost_semantics.rxt:56 a*ab
corpus	1	byte			dfa	selected					tests/base/leftmost_semantics.rxt:60 a*?a
corpus	1	byte			dfa	selected					tests/base/leftmost_semantics.rxt:66 (ab|a)(b|bcd)
corpus	1	byte			dfa	selected					tests/base/literals.rxt:16 hello world
corpus	1	byte			dfa	selected					tests/base/literals.rxt:20 A
corpus	1	byte			dfa	selected					tests/base/literals.rxt:24 123
corpus	1	byte			dfa	selected					tests/base/literals.rxt:27 x
corpus	1	byte			dfa	selected					tests/base/literals.rxt:30 zzz
corpus	1	byte			dfa	selected					tests/base/long_subjects.rxt:6 xyz
corpus	1	byte			dfa	selected					tests/base/long_subjects.rxt:10 wxyz
corpus	1	byte			dfa	selected					tests/base/long_subjects.rxt:18 a{10}
corpus	3	byte			dfa	selected					tests/base/long_subjects.rxt:22 a.*z
corpus	3	byte			dfa	selected					tests/base/long_subjects.rxt:30 a{50,60}
corpus	1	byte			dfa	selected					tests/base/long_subjects.rxt:42 needle|haystack
corpus	1	byte			vm	declined-nullable	dfa overflowed: >32000 states at pattern offset 0				tests/base/opt41_rung_nullable_decline.rxt:40 (?:ab){0,16000}
corpus	1	byte			dfa	selected					tests/base/possess_lazy_guard.rxt:43 (?:ab){3,}?
corpus	1	byte			dfa	selected					tests/base/possess_lazy_guard.rxt:48 (?:ab){3,}?c?
corpus	2	byte			dfa	selected					tests/base/possess_lazy_guard.rxt:53 za{1,3}?
corpus	2	byte			dfa	selected					tests/base/possess_lazy_guard.rxt:58 za{1,3}?c?
corpus	1	byte			dfa	selected					tests/base/possess_lazy_guard.rxt:63 za{3,}?
corpus	1	byte			dfa	selected					tests/base/possess_lazy_guard.rxt:68 za{3,}?c?
corpus	1	byte			dfa	selected					tests/base/possess_lazy_guard.rxt:73 za+?
corpus	1	byte			dfa	selected					tests/base/possess_lazy_guard.rxt:78 za+?c?
corpus	1	byte			dfa	selected					tests/base/possess_lazy_guard.rxt:83 z(?:ab){3,}?
corpus	1	byte			dfa	selected					tests/base/possess_lazy_guard.rxt:88 z(?:ab){3,}?c?
corpus	1	byte			dfa	selected					tests/base/possess_lazy_guard.rxt:93 z(?:a|bc){3,}?
corpus	1	byte			dfa	selected					tests/base/possess_lazy_guard.rxt:98 z(?:a|bc){3,}?c?
corpus	1	byte			dfa	selected					tests/base/possess_lazy_guard.rxt:103 z(a){1,3}?
corpus	1	byte			dfa	selected					tests/base/possess_lazy_guard.rxt:110 z(a){1,3}?c?
corpus	1	byte			dfa	selected					tests/base/possess_lazy_guard.rxt:117 z(a){3,}?
corpus	1	byte			dfa	selected					tests/base/possess_lazy_guard.rxt:124 z(a){3,}?c?
corpus	1	byte			dfa	selected					tests/base/possess_lazy_guard.rxt:131 z(a)+?
corpus	1	byte			dfa	selected					tests/base/possess_lazy_guard.rxt:138 z(a)+?c?
corpus	1	byte			dfa	selected					tests/base/possess_lazy_guard.rxt:145 (?:z|)(?:ab){3,}?
corpus	1	byte			dfa	selected					tests/base/possess_lazy_guard.rxt:150 (?:z|)(?:ab){3,}?c?
corpus	1	byte			dfa	selected					tests/base/possess_lazy_guard.rxt:166 [^c]{0,4}?$
corpus	1	byte			dfa	selected					tests/base/possess_lazy_guard.rxt:171 ([^c]{0,4}?)$
corpus	1	byte			dfa	selected					tests/base/possess_lazy_guard.rxt:178 [^c]{0,4}$
corpus	1	byte			dfa	selected					tests/base/precedence.rxt:4 ab|cd
corpus	1	byte			dfa	selected					tests/base/precedence.rxt:9 a|bc
corpus	1	byte			dfa	selected					tests/base/precedence.rxt:17 a|b$
corpus	1	byte			dfa	selected					tests/base/precedence.rxt:21 abc*
corpus	1	byte			dfa	selected					tests/base/precedence.rxt:28 ab*c
corpus	1	byte			dfa	selected					tests/base/precedence.rxt:32 a|b*
corpus	1	byte			dfa	selected					tests/base/precedence.rxt:36 (a|b)*
corpus	1	byte			dfa	selected					tests/base/precedence.rxt:39 a*|b
corpus	1	byte			dfa	selected					tests/base/precedence.rxt:43 a(b|c)*d
corpus	1	byte			dfa	selected					tests/base/precedence.rxt:47 (a|b|c)*d
corpus	1	byte			dfa	selected					tests/base/precedence.rxt:50 a?b?c?
corpus	1	byte			dfa	selected					tests/base/precedence.rxt:54 a{2}b{3}
corpus	1	byte			dfa	selected					tests/base/quantifiers.rxt:17 a*?
corpus	1	byte			dfa	selected					tests/base/quantifiers.rxt:24 a??
corpus	1	byte			dfa	selected					tests/base/quantifiers.rxt:28 ab*
corpus	1	byte			dfa	selected					tests/base/quantifiers.rxt:32 ab+
corpus	1	byte			dfa	selected					tests/base/quantifiers.rxt:36 ab?c
corpus	1	byte			dfa	selected					tests/base/quantifiers.rxt:41 (ab)*
corpus	1	byte			dfa	selected					tests/base/quantifiers.rxt:57 .*x
corpus	1	byte			dfa	selected					tests/base/quantifiers.rxt:60 .*?x
corpus	2	byte			dfa	selected					tests/base/quantifiers.rxt:65 a{}
corpus	1	byte			dfa	selected					tests/base/review_r1.rxt:8 (a$\n)|ab
corpus	1	byte			dfa	selected					tests/base/review_r1.rxt:17 (a$)*b
corpus	1	byte			REFUSED		pcrec: digits missing after \x (pattern offset 0)				tests/base/review_r1.rxt:32 \x
corpus	1	byte			REFUSED		pcrec: digits missing after \x (pattern offset 1)				tests/base/review_r1.rxt:35 a\xgz
corpus	1	byte			dfa	selected					tests/base/review_r1.rxt:39 \x41\x42
corpus	1	byte			REFUSED		pcrec: quantifier does not follow a repeatable item (pattern offset 1)				tests/base/review_r1.rxt:45 ^*a
corpus	1	byte			REFUSED		pcrec: quantifier does not follow a repeatable item (pattern offset 2)				tests/base/review_r1.rxt:49 a$*
corpus	1	byte			dfa	selected					tests/base/review_r1.rxt:53 (^)*ab
corpus	1	byte			dfa	selected					tests/base/review_r2.rxt:10 X(?:$|[^abc])+
corpus	1	byte			dfa	selected					tests/base/review_r2.rxt:14 c{1,}?(?:$|[\n\t]+?01{1,2}|[^abc]){2,}
corpus	1	byte			dfa	selected					tests/base/review_r2.rxt:19 (?:|a)*
corpus	1	byte			dfa	selected					tests/base/review_r2.rxt:24 (?:|a)+
corpus	1	byte			dfa	selected					tests/base/review_r2.rxt:27 (?:()|a)*
corpus	1	byte			dfa	selected					tests/base/review_r2.rxt:30 a(?:|b)*
corpus	1	byte			dfa	selected					tests/base/review_r2.rxt:33 (?:|[^a])*
corpus	1	byte			dfa	selected					tests/base/review_r2.rxt:37 (?:a|)*
corpus	1	byte			dfa	selected					tests/base/review_r2.rxt:43 (?:ab|a){0,2}?b
corpus	1	byte			dfa	selected					tests/base/review_r2.rxt:46 (?:ab|a){0,2}b
corpus	1	byte			dfa	selected					tests/base/review_r2.rxt:49 (?:ab|a){1,2}?b
corpus	1	byte			dfa	selected					tests/base/review_r21.rxt:35 (b*?(a*)*)*
corpus	1	byte			dfa	selected					tests/base/review_r21.rxt:48 (b*?(a*)+)*
corpus	1	byte			dfa	selected					tests/base/review_r21.rxt:61 (b??(a*)*)*
corpus	1	byte			dfa	selected					tests/base/review_r21.rxt:74 (b*?([a]*)*)*
corpus	1	byte			dfa	selected					tests/base/review_r21.rxt:87 (b*?(a*|b*)*)*
corpus	1	byte			dfa	selected					tests/base/review_r21.rxt:113 ((?:([^a]{0,2})|(?:[a-c])??)+)*
corpus	1	byte			dfa	selected					tests/base/review_r21.rxt:131 (b*?(a*)*)+
corpus	1	byte			dfa	selected					tests/base/review_r21.rxt:144 (b*?(a+)*)*
corpus	1	byte			dfa	selected					tests/base/review_r21.rxt:157 (b*?(a*)*)
corpus	1	byte			dfa	selected					tests/base/review_r21.rxt:170 (b*a*)*
bench,corpus	2	byte			dfa	selected					tests/base/start_pinned_startpos.rxt:73 [a-z]{0,64}
corpus	1	byte		w	dfa	selected					tests/base/start_pinned_startpos.rxt:114 \w*
corpus	4	byte			dfa	selected					tests/base/startpos.rxt:80 x*
corpus	1	byte			REFUSED		pcrec: multiple quantifiers on the same item (pattern offset 2)				tests/base/syntax_errors.rxt:3 a**
corpus	1	byte			REFUSED		pcrec: multiple quantifiers on the same item (pattern offset 6)				tests/base/syntax_errors.rxt:6 a{2}{3}
corpus	1	byte			REFUSED		pcrec: quantifier does not follow a repeatable item (pattern offset 0)				tests/base/syntax_errors.rxt:12 *a
corpus	1	byte			REFUSED		pcrec: quantifier does not follow a repeatable item (pattern offset 0)				tests/base/syntax_errors.rxt:15 +a
corpus	1	byte			REFUSED		pcrec: quantifier does not follow a repeatable item (pattern offset 0)				tests/base/syntax_errors.rxt:18 ?a
corpus	1	byte			REFUSED		pcrec: missing closing ) for group (pattern offset 0)				tests/base/syntax_errors.rxt:21 (a
corpus	1	byte			REFUSED		pcrec: unmatched closing parenthesis (pattern offset 1)				tests/base/syntax_errors.rxt:24 a)
corpus	1	byte			REFUSED		pcrec: unmatched closing parenthesis (pattern offset 3)				tests/base/syntax_errors.rxt:27 (a))
corpus	1	byte			REFUSED		pcrec: missing closing ) for group (pattern offset 0)				tests/base/syntax_errors.rxt:30 ((a)
corpus	1	byte			REFUSED		pcrec: missing terminating ] for character class (pattern offset 0)				tests/base/syntax_errors.rxt:33 [abc
corpus	1	byte			REFUSED		pcrec: missing terminating ] for character class (pattern offset 0)				tests/base/syntax_errors.rxt:36 [^abc
corpus	1	byte			REFUSED		pcrec: pattern ends with a trailing backslash (pattern offset 1)				tests/base/syntax_errors.rxt:39 a\
corpus	1	byte			REFUSED		pcrec: missing closing ) for group (pattern offset 0)				tests/base/syntax_errors.rxt:42 (?
corpus	1	byte			REFUSED		pcrec: missing closing ) for group (pattern offset 0)				tests/base/syntax_errors.rxt:45 (?:a
corpus	1	byte			REFUSED		pcrec: numbers out of order in {m,n} quantifier (pattern offset 5)				tests/base/syntax_errors.rxt:48 a{2,1}
corpus	1	byte			REFUSED		pcrec: missing closing ) for group (pattern offset 0)				tests/base/syntax_errors.rxt:54 (
corpus	1	byte			REFUSED		pcrec: unmatched closing parenthesis (pattern offset 0)				tests/base/syntax_errors.rxt:57 )
corpus	1	byte			REFUSED		pcrec: missing terminating ] for character class (pattern offset 0)				tests/base/syntax_errors.rxt:60 []
corpus	1	byte			dfa	selected					tests/base/syntax_errors.rxt:63 a{2,3,4}
corpus	1	byte			REFUSED		pcrec: quantifier does not follow a repeatable item (pattern offset 1)				tests/base/syntax_errors.rxt:66 (*)
corpus	1	byte			REFUSED		pcrec: quantifier does not follow a repeatable item (pattern offset 2)				tests/base/syntax_errors.rxt:69 a|*b
corpus	1	byte			REFUSED		pcrec: multiple quantifiers on the same item (pattern offset 5)				tests/base/syntax_errors.rxt:72 (?:)?*
corpus	1	byte			REFUSED		pcrec: quantifier does not follow a repeatable item (pattern offset 2)				tests/base/syntax_errors.rxt:86 {1}
corpus	1	byte			REFUSED		pcrec: quantifier does not follow a repeatable item (pattern offset 4)				tests/base/syntax_errors.rxt:89 {2,3}
corpus	1	byte			REFUSED		pcrec: quantifier does not follow a repeatable item (pattern offset 3)				tests/base/syntax_errors.rxt:92 {,5}
corpus	1	byte			REFUSED		pcrec: quantifier does not follow a repeatable item (pattern offset 3)				tests/base/syntax_errors.rxt:95 {1,}
corpus	1	byte			REFUSED		pcrec: quantifier does not follow a repeatable item (pattern offset 2)				tests/base/syntax_errors.rxt:98 {0}
corpus	1	byte			REFUSED		pcrec: quantifier does not follow a repeatable item (pattern offset 2)				tests/base/syntax_errors.rxt:101 {1}a
corpus	1	byte			REFUSED		pcrec: quantifier does not follow a repeatable item (pattern offset 4)				tests/base/syntax_errors.rxt:104 a|{1}
corpus	1	byte			REFUSED		pcrec: quantifier does not follow a repeatable item (pattern offset 3)				tests/base/syntax_errors.rxt:107 ({1})
corpus	1	byte			REFUSED		pcrec: quantifier does not follow a repeatable item (pattern offset 5)				tests/base/syntax_errors.rxt:110 (?:{1})
corpus	1	byte			REFUSED		pcrec: quantifier does not follow a repeatable item (pattern offset 2)				tests/base/syntax_errors.rxt:113 {1}{2}
corpus	1	byte			REFUSED		pcrec: number too big in {m,n} quantifier (pattern offset 6)				tests/base/syntax_errors.rxt:119 {65536}
corpus	1	byte			REFUSED		pcrec: numbers out of order in {m,n} quantifier (pattern offset 4)				tests/base/syntax_errors.rxt:122 {3,1}
corpus	1	byte			REFUSED		pcrec: number too big in {m,n} quantifier (pattern offset 7)				tests/base/syntax_errors.rxt:130 a{65536}
corpus	1	byte			REFUSED		pcrec: number too big in {m,n} quantifier (pattern offset 8)				tests/base/syntax_errors.rxt:134 a{100000}
corpus	1	byte			REFUSED		pcrec: number too big in {m,n} quantifier (pattern offset 9)				tests/base/syntax_errors.rxt:138 a{0,65536}
corpus	1	byte			REFUSED		pcrec: number too big in {m,n} quantifier (pattern offset 7)				tests/base/syntax_errors.rxt:142 a{65536,}
corpus	1	byte			REFUSED		pcrec: number too big in {m,n} quantifier (pattern offset 8)				tests/base/syntax_errors.rxt:146 a{,65536}
corpus	1	byte			REFUSED		pcrec: number too big in {m,n} quantifier (pattern offset 13)				tests/base/syntax_errors.rxt:150 a{65535,65536}
corpus	1	byte			REFUSED		pcrec: number too big in {m,n} quantifier (pattern offset 22)				tests/base/syntax_errors.rxt:154 a{99999999999999999999}
corpus	1	byte			REFUSED		pcrec: number too big in {m,n} quantifier (pattern offset 7)				tests/base/syntax_errors.rxt:160 a{65536,1}
corpus	1	byte			dfa	selected					tests/base/syntax_errors.rxt:173 a{1
corpus	1	byte			dfa	selected					tests/base/syntax_errors.rxt:176 }
corpus	1	byte			dfa	selected					tests/base/syntax_errors.rxt:179 {
corpus	1	byte			dfa	selected					tests/base/syntax_errors.rxt:182 {}
corpus	1	byte			dfa	selected					tests/base/syntax_errors.rxt:186 {1
corpus	1	byte			dfa	selected					tests/base/syntax_errors.rxt:189 {}{1}
corpus	1	byte			dfa	selected					tests/base/syntax_errors.rxt:192 a{}{1}
corpus	1	byte			dfa	selected					tests/base/syntax_errors.rxt:195 a{65536
corpus	1	byte			dfa	selected					tests/base/syntax_errors.rxt:198 a{65536x}
corpus	1	byte			dfa	selected					tests/base/syntax_errors.rxt:202 a{65536,x}
corpus	1	byte			dfa	selected					tests/base/syntax_errors.rxt:223 a{\n1}
corpus	1	byte			dfa	selected					tests/base/syntax_errors.rxt:226 a{\r1}
corpus	1	byte			dfa	selected					tests/base/syntax_errors.rxt:231 a{\x0b1}
corpus	1	byte			dfa	selected					tests/base/syntax_errors.rxt:234 a{\f1}
corpus	1	byte			dfa	selected					tests/base/syntax_errors.rxt:240 a{1 2}
corpus	1	byte			dfa	selected					tests/base/syntax_errors.rxt:245 a{ }
corpus	1	byte			dfa	selected					tests/base/syntax_errors.rxt:249 a{ , }
corpus	1	byte			dfa	selected					tests/base/syntax_errors.rxt:253 a{ ,}
corpus	1	byte			dfa	selected					tests/base/syntax_errors.rxt:257 a{ 1x}
corpus	1	byte			dfa	selected					tests/base/syntax_errors.rxt:260 a{ 1
corpus	1	byte			dfa	selected					tests/base/syntax_errors.rxt:271 {,}
corpus	1	byte			dfa	selected					tests/possessify/possessify.rxt:30 a{2,2}c
corpus	1	byte			dfa	selected					tests/possessify/possessify.rxt:63 a{2,2}?c
corpus	1	byte			dfa	selected					tests/possessify/possessify.rxt:95 [ab]{3,3}c
corpus	1	byte			dfa	selected					tests/possessify/possessify.rxt:127 (?:ab){2,2}c
corpus	1	byte			dfa	selected					tests/possessify/possessify.rxt:159 (a){2,2}c
corpus	1	byte			dfa	selected					tests/possessify/possessify.rxt:196 a{0,4}c
corpus	1	byte			dfa	selected					tests/possessify/possessify.rxt:228 a{3,}c
corpus	1	byte			dfa	selected					tests/possessify/possessify.rxt:259 a*c
corpus	1	byte			dfa	selected					tests/possessify/possessify.rxt:291 (?:a|bc){0,4}d
corpus	1	byte			dfa	selected					tests/possessify/possessify.rxt:331 a{1,3}?c
corpus	1	byte			dfa	selected					tests/possessify/possessify.rxt:362 a+?c
corpus	1	byte			dfa	selected					tests/possessify/possessify.rxt:396 z(ab)*y
corpus	1	byte			dfa	selected					tests/possessify/possessify.rxt:412 a{2,2}b{0,4}c
corpus	1	byte			dfa	selected					tests/possessify/possessify.rxt:457 (a|ab){0,4}c
corpus	1	byte			dfa	selected					tests/possessify/possessify.rxt:510 (?:ab|a){0,4}b
corpus	1	byte			dfa	selected					tests/possessify/possessify.rxt:548 (?:ab?){0,4}b
corpus	1	byte			dfa	selected					tests/possessify/possessify.rxt:584 (?:a|){0,4}c
corpus	1	byte			dfa	selected					tests/possessify/possessify.rxt:619 (|a){2,4}c
corpus	1	byte			dfa	selected					tests/possessify/possessify.rxt:675 a{0,4}a
corpus	1	byte			dfa	selected					tests/possessify/possessify.rxt:710 [ab]{0,4}b?c
corpus	1	byte			dfa	selected					tests/possessify/possessify.rxt:748 a{0,4}^
corpus	1	byte			dfa	selected					tests/possessify/possessify.rxt:864 a{0,4}?
corpus	1	byte			dfa	selected					tests/possessify/possessify.rxt:895 za{0,2}?
corpus	1	byte			dfa	selected					tests/possessify/possessify.rxt:927 a{1,3}?c?
corpus	1	byte			dfa	selected					tests/possessify/possessify.rxt:991 a{1,3}
corpus	1	byte			dfa	selected					tests/possessify/possessify.rxt:1022 za{1,3}
corpus	1	byte			dfa	selected					tests/possessify/possessify.rxt:1110 [ab]{0,4}$
corpus	1	byte			dfa	selected					tests/possessify/possessify.rxt:1226 (?:a{0,2}b)+c
corpus	1	byte			dfa	selected					tests/possessify/possessify.rxt:1241 (?:a{0,2}a)+c
corpus	1	byte			dfa	selected					tests/possessify/possessify.rxt:1254 (?:[ab]{0,2}c)+d
corpus	1	byte			dfa	selected					tests/possessify/possessify.rxt:1267 (?:(a){0,2}b)+c
corpus	1	byte			dfa	selected					tests/possessify/possessify.rxt:1286 (?:a{0,2}?b)+c
corpus	1	byte			dfa	selected					tests/possessify/possessify.rxt:1308 (a{2,2}c)
corpus	1	byte			dfa	selected					tests/possessify/possessify.rxt:1347 (a{2,2}?c)
corpus	1	byte			dfa	selected					tests/possessify/possessify.rxt:1385 ([ab]{3,3}c)
corpus	1	byte			dfa	selected					tests/possessify/possessify.rxt:1422 ((?:ab){2,2}c)
corpus	1	byte			dfa	selected					tests/possessify/possessify.rxt:1454 ((a){2,2}c)
corpus	1	byte			dfa	selected					tests/possessify/possessify.rxt:1497 (a{0,4}c)
corpus	1	byte			dfa	selected					tests/possessify/possessify.rxt:1541 (a{3,}c)
corpus	1	byte			dfa	selected					tests/possessify/possessify.rxt:1576 (a*c)
corpus	1	byte			dfa	selected					tests/possessify/possessify.rxt:1620 ((?:a|bc){0,4}d)
corpus	1	byte			dfa	selected					tests/possessify/possessify.rxt:1664 (a{1,3}?c)
corpus	1	byte			dfa	selected					tests/possessify/possessify.rxt:1703 (a+?c)
corpus	1	byte			dfa	selected					tests/possessify/possessify.rxt:1745 (z(ab)*y)
corpus	1	byte			dfa	selected					tests/possessify/possessify.rxt:1765 (a{2,2}b{0,4}c)
corpus	1	byte			dfa	selected					tests/possessify/possessify.rxt:1816 ((a|ab){0,4}c)
corpus	1	byte			dfa	selected					tests/possessify/possessify.rxt:1884 ((?:ab|a){0,4}b)
corpus	1	byte			dfa	selected					tests/possessify/possessify.rxt:1933 ((?:ab?){0,4}b)
corpus	1	byte			dfa	selected					tests/possessify/possessify.rxt:1980 ((?:a|){0,4}c)
corpus	1	byte			dfa	selected					tests/possessify/possessify.rxt:2027 ((|a){2,4}c)
corpus	1	byte			dfa	selected					tests/possessify/possessify.rxt:2093 (a{0,4}a)
corpus	1	byte			dfa	selected					tests/possessify/possessify.rxt:2151 ([ab]{0,4}b?c)
corpus	1	byte			dfa	selected					tests/possessify/possessify.rxt:2205 (a{0,4}^)
corpus	1	byte			dfa	selected					tests/possessify/possessify.rxt:2282 (a{1,3}?)
corpus	1	byte			dfa	selected					tests/possessify/possessify.rxt:2336 (za{1,3}?)
corpus	1	byte			dfa	selected					tests/possessify/possessify.rxt:2374 (a{0,4}?)
corpus	1	byte			dfa	selected					tests/possessify/possessify.rxt:2433 (za{0,2}?)
corpus	1	byte			dfa	selected					tests/possessify/possessify.rxt:2472 (a{1,3}?c?)
corpus	1	byte			dfa	selected					tests/possessify/possessify.rxt:2526 (za{1,3}?c?)
corpus	1	byte			dfa	selected					tests/possessify/possessify.rxt:2566 (a{1,3})
corpus	1	byte			dfa	selected					tests/possessify/possessify.rxt:2620 (za{1,3})
corpus	1	byte			dfa	selected					tests/possessify/possessify.rxt:2674 (a{0,4}$)
corpus	1	byte			dfa	selected					tests/possessify/possessify.rxt:2743 ([ab]{0,4}$)
corpus	1	byte			dfa	selected					tests/possessify/possessify.rxt:2808 (a{1,3}?$)
corpus	1	byte			dfa	selected					tests/possessify/possessify.rxt:2852 (a{0,4}c$)
corpus	1	byte			dfa	selected					tests/possessify/possessify.rxt:2911 ((?:a{0,2}b)+c)
corpus	1	byte			dfa	selected					tests/possessify/possessify.rxt:2934 ((?:a{0,2}a)+c)
corpus	1	byte			dfa	selected					tests/possessify/possessify.rxt:2952 ((?:[ab]{0,2}c)+d)
corpus	1	byte			dfa	selected					tests/possessify/possessify.rxt:2971 ((?:(a){0,2}b)+c)
corpus	1	byte			dfa	selected					tests/possessify/possessify.rxt:2997 ((?:a{0,2}?b)+c)
corpus	1	byte			dfa	selected					examples/makefile/src/greeting.rxt:5 hello, ([A-Za-z]+)!
corpus	1	byte			dfa	selected					examples/makefile/src/numbers.rxt:10 [0-9]+
corpus	1	byte			dfa	selected					examples/makefile/src/numbers.rxt:13 \$[0-9]+(\.[0-9]{2})?
bench	1	byte		i	dfa	selected					altwide/ci-256 (?i)(?:yoslwssiyybw|dybf|oodo|omykisp|idox|oemrbp|xzxj|qnhl|dwvtih|hykcivjg|qpcwyu|hpc|tvkncrudbyqq|wbhyurodsyj|dvc|jwb|epjaz|pvi|lbckwi|imz|jpzb|dlnltqzq|ksspawnhgjpu|jplqrdg|vfxrrpzrud|sshde|ufthev|
bench	1	byte		i	dfa	size-cap-retry					altwide/ci-512 (?i)(?:yoslwssiyybw|dybf|oodo|omykisp|idox|oemrbp|xzxj|qnhl|dwvtih|hykcivjg|qpcwyu|hpc|tvkncrudbyqq|wbhyurodsyj|dvc|jwb|epjaz|pvi|lbckwi|imz|jpzb|dlnltqzq|ksspawnhgjpu|jplqrdg|vfxrrpzrud|sshde|ufthev|
bench	1	byte			dfa	selected					altwide/cnt-64 (?:yoslwssiyybw|dybf|oodo|omykisp|idox|oemrbp|xzxj|qnhl|dwvtih|hykcivjg|qpcwyu|hpc|tvkncrudbyqq|wbhyurodsyj|dvc|jwb|epjaz|pvi|lbckwi|imz|jpzb|dlnltqzq|ksspawnhgjpu|jplqrdg|vfxrrpzrud|sshde|ufthev|dhgs
bench	3	byte			dfa	selected					altwide/floor #
bench	1	byte			dfa	selected					altwide/nar4-256 (?:gwipefmnb|gbkjy|tfek|buvixwwookl|mybycmuuwget|brjxwkemms|mxpzyewmsc|bpqb|bwevzaozgepg|gvvkxqozsag|gnkavmtpnyh|mvnocdw|meem|tshfleoxts|mazsaxqgd|mrwpt|tsizcfyzyro|twqc|mwnydl|tkjvfaduh|tdapftec|ggwl
bench	1	byte			dfa	size-cap-retry					altwide/nar4-512 (?:gwipefmnb|gbkjy|tfek|buvixwwookl|mybycmuuwget|brjxwkemms|mxpzyewmsc|bpqb|bwevzaozgepg|gvvkxqozsag|gnkavmtpnyh|mvnocdw|meem|tshfleoxts|mazsaxqgd|mrwpt|tsizcfyzyro|twqc|mwnydl|tkjvfaduh|tdapftec|ggwl
bench	1	byte			dfa	selected					altwide/nar4-64 (?:gwipefmnb|gbkjy|tfek|buvixwwookl|mybycmuuwget|brjxwkemms|mxpzyewmsc|bpqb|bwevzaozgepg|gvvkxqozsag|gnkavmtpnyh|mvnocdw|meem|tshfleoxts|mazsaxqgd|mrwpt|tsizcfyzyro|twqc|mwnydl|tkjvfaduh|tdapftec|ggwl
bench	1	byte			dfa	selected					altwide/pfx3-256 (?:quxgpxqn|quxictkay|quxmuisybmcl|quxazhct|quxzkalql|quxhvmylpmml|quxvhhwyzszy|quxnzbd|quxkuhtg|quxtwcvncg|quxlzkq|quxiiq|quxxwseue|quxqrretmpdx|quxyjd|quxdghzwlsqu|quxzwiya|quxfiwdu|quxflybgg|quxcrb
bench	1	byte			dfa	size-cap-retry					altwide/pfx3-512 (?:quxgpxqn|quxictkay|quxmuisybmcl|quxazhct|quxzkalql|quxhvmylpmml|quxvhhwyzszy|quxnzbd|quxkuhtg|quxtwcvncg|quxlzkq|quxiiq|quxxwseue|quxqrretmpdx|quxyjd|quxdghzwlsqu|quxzwiya|quxfiwdu|quxflybgg|quxcrb
bench	1	byte									altwide/s-2048 (?:jkdw|uiehxw|sbisnk|qpav|kqbo|wqmy|zlbt|eolfdr|pjtb|jhzzz|dajiv|gpsii|afrg|zfsdrg|wccris|crnmdv|acan|qgks|yql|rtdwo|xywjhh|oxg|nkuspg|dxxdd|whqmgp|kpulym|iirxw|oaivp|lbeig|jnpn|xpmi|ikrz|orum|vris|y
bench	1	byte			dfa	selected					altwide/s-256 (?:jkdw|uiehxw|sbisnk|qpav|kqbo|wqmy|zlbt|eolfdr|pjtb|jhzzz|dajiv|gpsii|afrg|zfsdrg|wccris|crnmdv|acan|qgks|yql|rtdwo|xywjhh|oxg|nkuspg|dxxdd|whqmgp|kpulym|iirxw|oaivp|lbeig|jnpn|xpmi|ikrz|orum|vris|y
bench	1	byte			REFUSED		pcrec: pattern too large: 1623198 bytes of emitted C source (limit 1000000, ~269 KB .o). Lower a repeat count, try --unroll=1, or raise --max-emit-bytes; see li				altwide/s-4096 (?:jkdw|uiehxw|sbisnk|qpav|kqbo|wqmy|zlbt|eolfdr|pjtb|jhzzz|dajiv|gpsii|afrg|zfsdrg|wccris|crnmdv|acan|qgks|yql|rtdwo|xywjhh|oxg|nkuspg|dxxdd|whqmgp|kpulym|iirxw|oaivp|lbeig|jnpn|xpmi|ikrz|orum|vris|y
bench	1	byte			dfa	selected					altwide/s-512 (?:jkdw|uiehxw|sbisnk|qpav|kqbo|wqmy|zlbt|eolfdr|pjtb|jhzzz|dajiv|gpsii|afrg|zfsdrg|wccris|crnmdv|acan|qgks|yql|rtdwo|xywjhh|oxg|nkuspg|dxxdd|whqmgp|kpulym|iirxw|oaivp|lbeig|jnpn|xpmi|ikrz|orum|vris|y
bench	1	byte			dfa	selected					altwide/sfx-256 (?:uyjozcing|hwqing|eklbing|zmqping|hwkeying|hodluking|sanwsoing|vbyxgaobming|xcoiuining|ontnszing|bhwoqabying|dtxing|bzyxdpzying|xekumrkiing|uclbyxcing|waeing|wxknwing|jtmfmuing|pajuipqing|fzcing|yco
bench	1	byte			dfa	size-cap-retry					altwide/sfx-512 (?:uyjozcing|hwqing|eklbing|zmqping|hwkeying|hodluking|sanwsoing|vbyxgaobming|xcoiuining|ontnszing|bhwoqabying|dtxing|bzyxdpzying|xekumrkiing|uclbyxcing|waeing|wxknwing|jtmfmuing|pajuipqing|fzcing|yco
bench	1	byte			dfa	selected					altwide/sfx-64 (?:uyjozcing|hwqing|eklbing|zmqping|hwkeying|hodluking|sanwsoing|vbyxgaobming|xcoiuining|ontnszing|bhwoqabying|dtxing|bzyxdpzying|xekumrkiing|uclbyxcing|waeing|wxknwing|jtmfmuing|pajuipqing|fzcing|yco
bench	1	byte			dfa	selected					altwide/sh1-256 (?:kszku|kugrerswj|kbslpglukne|kfsj|kbimunvi|kbwclwybkai|koyezkqbb|kybf|kvcdhzbrjypz|kufyqbpwikf|kmzanp|khcbntznjzo|ktcaql|kqykvb|kllet|knwbhl|kcpvyx|kyer|kfps|knyftxfuclvr|koxixzmutxw|kuwri|kbuh|klyb
bench	1	byte			dfa	size-cap-retry					altwide/sh1-512 (?:kszku|kugrerswj|kbslpglukne|kfsj|kbimunvi|kbwclwybkai|koyezkqbb|kybf|kvcdhzbrjypz|kufyqbpwikf|kmzanp|khcbntznjzo|ktcaql|kqykvb|kllet|knwbhl|kcpvyx|kyer|kfps|knyftxfuclvr|koxixzmutxw|kuwri|kbuh|klyb
bench	1	byte			dfa	selected					altwide/sh1-64 (?:kszku|kugrerswj|kbslpglukne|kfsj|kbimunvi|kbwclwybkai|koyezkqbb|kybf|kvcdhzbrjypz|kufyqbpwikf|kmzanp|khcbntznjzo|ktcaql|kqykvb|kllet|knwbhl|kcpvyx|kyer|kfps|knyftxfuclvr|koxixzmutxw|kuwri|kbuh|klyb
bench	1	byte			dfa	selected					altwide/srt-256 (?:aasvudppw|abrof|absxfdpml|abvrjs|abzcedqwxz|anpgmtwu|atfhdjfabrvd|auyg|axrgfypetb|bctrzuklk|bdpoenyvb|bhenoulnoev|bjoilwik|bqkgnel|brhthmioxbkb|btxl|bwmighknqwhk|ccj|cpqhgqgilc|dbikzpn|dcgldfmxn|de
bench	1	byte			dfa	size-cap-retry					altwide/srt-512 (?:aasvudppw|abrof|absxfdpml|abvrjs|abzcedqwxz|acztzwpgbb|adbplpwbgo|ahkhhrsts|akacppuwqfta|albexkcygsg|amse|anpgmtwu|aobht|aprdqd|atfhdjfabrvd|aurkmmr|auyg|avkwasgju|axrgfypetb|aysjt|bbfnvvz|bctrzukl
bench	1	byte			REFUSED		pcrec: pattern too large: 1244660 bytes of emitted C source (limit 1000000, ~206 KB .o). Lower a repeat count, try --unroll=1, or raise --max-emit-bytes; see li				altwide/w-1024 (?:yoslwssiyybw|dybf|oodo|omykisp|idox|oemrbp|xzxj|qnhl|dwvtih|hykcivjg|qpcwyu|hpc|tvkncrudbyqq|wbhyurodsyj|dvc|jwb|epjaz|pvi|lbckwi|imz|jpzb|dlnltqzq|ksspawnhgjpu|jplqrdg|vfxrrpzrud|sshde|ufthev|dhgs
bench	1	byte			dfa	selected					altwide/w-128 (?:yoslwssiyybw|dybf|oodo|omykisp|idox|oemrbp|xzxj|qnhl|dwvtih|hykcivjg|qpcwyu|hpc|tvkncrudbyqq|wbhyurodsyj|dvc|jwb|epjaz|pvi|lbckwi|imz|jpzb|dlnltqzq|ksspawnhgjpu|jplqrdg|vfxrrpzrud|sshde|ufthev|dhgs
bench	1	byte			dfa	selected					altwide/w-192 (?:yoslwssiyybw|dybf|oodo|omykisp|idox|oemrbp|xzxj|qnhl|dwvtih|hykcivjg|qpcwyu|hpc|tvkncrudbyqq|wbhyurodsyj|dvc|jwb|epjaz|pvi|lbckwi|imz|jpzb|dlnltqzq|ksspawnhgjpu|jplqrdg|vfxrrpzrud|sshde|ufthev|dhgs
bench	1	byte			REFUSED		pcrec: pattern too large: 2381004 bytes of emitted C source (limit 1000000, ~395 KB .o). Lower a repeat count, try --unroll=1, or raise --max-emit-bytes; see li				altwide/w-2048 (?:yoslwssiyybw|dybf|oodo|omykisp|idox|oemrbp|xzxj|qnhl|dwvtih|hykcivjg|qpcwyu|hpc|tvkncrudbyqq|wbhyurodsyj|dvc|jwb|epjaz|pvi|lbckwi|imz|jpzb|dlnltqzq|ksspawnhgjpu|jplqrdg|vfxrrpzrud|sshde|ufthev|dhgs
bench	1	byte			dfa	selected					altwide/w-256 (?:yoslwssiyybw|dybf|oodo|omykisp|idox|oemrbp|xzxj|qnhl|dwvtih|hykcivjg|qpcwyu|hpc|tvkncrudbyqq|wbhyurodsyj|dvc|jwb|epjaz|pvi|lbckwi|imz|jpzb|dlnltqzq|ksspawnhgjpu|jplqrdg|vfxrrpzrud|sshde|ufthev|dhgs
bench	1	byte			dfa	size-cap-retry					altwide/w-384 (?:yoslwssiyybw|dybf|oodo|omykisp|idox|oemrbp|xzxj|qnhl|dwvtih|hykcivjg|qpcwyu|hpc|tvkncrudbyqq|wbhyurodsyj|dvc|jwb|epjaz|pvi|lbckwi|imz|jpzb|dlnltqzq|ksspawnhgjpu|jplqrdg|vfxrrpzrud|sshde|ufthev|dhgs
bench	1	byte			dfa	size-cap-retry					altwide/w-512 (?:yoslwssiyybw|dybf|oodo|omykisp|idox|oemrbp|xzxj|qnhl|dwvtih|hykcivjg|qpcwyu|hpc|tvkncrudbyqq|wbhyurodsyj|dvc|jwb|epjaz|pvi|lbckwi|imz|jpzb|dlnltqzq|ksspawnhgjpu|jplqrdg|vfxrrpzrud|sshde|ufthev|dhgs
bench	1	byte			dfa	selected					altwide/w-64 (?:yoslwssiyybw|dybf|oodo|omykisp|idox|oemrbp|xzxj|qnhl|dwvtih|hykcivjg|qpcwyu|hpc|tvkncrudbyqq|wbhyurodsyj|dvc|jwb|epjaz|pvi|lbckwi|imz|jpzb|dlnltqzq|ksspawnhgjpu|jplqrdg|vfxrrpzrud|sshde|ufthev|dhgs
bench	1	byte			dfa	selected					altwide/w-8 (?:yoslwssiyybw|dybf|oodo|omykisp|idox|oemrbp|xzxj|qnhl)
bench	1	byte			dfa	selected					altwide/w-96 (?:yoslwssiyybw|dybf|oodo|omykisp|idox|oemrbp|xzxj|qnhl|dwvtih|hykcivjg|qpcwyu|hpc|tvkncrudbyqq|wbhyurodsyj|dvc|jwb|epjaz|pvi|lbckwi|imz|jpzb|dlnltqzq|ksspawnhgjpu|jplqrdg|vfxrrpzrud|sshde|ufthev|dhgs
bench	1	byte		b	dfa	size-cap-retry		dfa	vm	(\?=...) at pattern offset 3	altwide/wb-256 \b(?:yoslwssiyybw|dybf|oodo|omykisp|idox|oemrbp|xzxj|qnhl|dwvtih|hykcivjg|qpcwyu|hpc|tvkncrudbyqq|wbhyurodsyj|dvc|jwb|epjaz|pvi|lbckwi|imz|jpzb|dlnltqzq|ksspawnhgjpu|jplqrdg|vfxrrpzrud|sshde|ufthev|dh
bench	1	byte		b	dfa	size-cap-retry		dfa	REFUSED	pcrec: pattern too large: 1196259 bytes of emitted C source (limit 1000000, ~198 KB .o). Lower a repeat count, try --unroll=1, or raise --max-emit-bytes; see li	altwide/wb-512 \b(?:yoslwssiyybw|dybf|oodo|omykisp|idox|oemrbp|xzxj|qnhl|dwvtih|hykcivjg|qpcwyu|hpc|tvkncrudbyqq|wbhyurodsyj|dvc|jwb|epjaz|pvi|lbckwi|imz|jpzb|dlnltqzq|ksspawnhgjpu|jplqrdg|vfxrrpzrud|sshde|ufthev|dh
bench	1	byte			dfa	selected					bounded/cls-atleast-4096 [a-z]{4096,}
bench	1	byte			dfa	selected					bounded/cls-lazy-16384 [a-z]{0,16384}?
bench	1	byte			dfa	selected					bounded/cls-upto-1024 [a-z]{0,1024}
bench	1	byte			dfa	selected					bounded/cls-upto-128 [a-z]{0,128}
bench	1	byte			dfa	selected					bounded/cls-upto-16 [a-z]{0,16}
bench	1	byte			dfa	selected					bounded/cls-upto-16384 [a-z]{0,16384}
bench	1	byte			dfa	selected					bounded/cls-upto-2048 [a-z]{0,2048}
bench	1	byte			dfa	selected					bounded/cls-upto-256 [a-z]{0,256}
bench	1	byte			dfa	selected					bounded/cls-upto-32 [a-z]{0,32}
bench	1	byte			vm	declined-nullable	dfa overflowed: >32000 states at pattern offset 0				bounded/cls-upto-32768 [a-z]{0,32768}
bench	1	byte			dfa	selected					bounded/cls-upto-4 [a-z]{0,4}
bench	1	byte			dfa	selected					bounded/cls-upto-4096 [a-z]{0,4096}
bench	1	byte			dfa	selected					bounded/cls-upto-512 [a-z]{0,512}
bench	1	byte			REFUSED		pcrec: pattern too large (NFA exceeds 131072 states; raise with --max-nfa-states) (pattern offset 0)				bounded/cls-upto-65535 [a-z]{0,65535}
bench	1	byte			dfa	selected					bounded/cls-upto-8 [a-z]{0,8}
bench	1	byte			dfa	selected					bounded/cls-upto-8192 [a-z]{0,8192}
bench	1	byte			dfa	selected					bounded/csv5 (?:[^,\n]{0,32},){4}[^,\n]{0,32}
bench	1	byte		b	vm	collapsed-prefilter	dfa overflowed: >32000 states at pattern offset 0	vm	vm	(\?=...) at pattern offset 3	bounded/ctx-greedy-256 \b(?:fail|abort|panic)\b.{0,256}\b(?:disk|memory|socket|quota)\b
bench	1	byte		b	vm	collapsed-prefilter	dfa overflowed: >32000 states at pattern offset 0	vm	vm	(\?=...) at pattern offset 3	bounded/ctx-lazy-1024 \b(?:fail|abort|panic)\b.{0,1024}?\b(?:disk|memory|socket|quota)\b
bench	1	byte		b	vm	collapsed-prefilter	dfa overflowed: >32000 states at pattern offset 0	vm	vm	(\?=...) at pattern offset 3	bounded/ctx-lazy-256 \b(?:fail|abort|panic)\b.{0,256}?\b(?:disk|memory|socket|quota)\b
bench	1	byte		b	vm	collapsed-prefilter	dfa overflowed: >32000 states at pattern offset 0	vm	vm	(\?=...) at pattern offset 3	bounded/ctx-lazy-64 \b(?:fail|abort|panic)\b.{0,64}?\b(?:disk|memory|socket|quota)\b
bench	1	byte		d	dfa	selected					bounded/dig-exact-16 \d{16}
bench	1	byte		d	dfa	selected					bounded/dig-exact-2 \d{2}
bench	1	byte		d	dfa	selected					bounded/dig-exact-32 \d{32}
bench	1	byte		d	dfa	selected					bounded/dig-exact-8 \d{8}
bench	1	byte		d	dfa	selected					bounded/dig-upto-16 \d{1,16}
bench	1	byte		d	dfa	selected					bounded/dig-upto-2 \d{1,2}
bench	1	byte		d	dfa	selected					bounded/dig-upto-32 \d{1,32}
bench	1	byte		d	dfa	selected					bounded/dig-upto-4 \d{1,4}
bench	1	byte		d	dfa	selected					bounded/dig-upto-8 \d{1,8}
bench	1	byte		d	dfa	selected					bounded/dotted4 (?:\d{1,3}\.){3}\d{1,3}
bench	1	byte			dfa	selected					bounded/grp-upto-1024 (?:a|[b-z]){0,1024}
bench	1	byte			dfa	selected					bounded/hex32 [0-9a-f]{32}
bench	1	byte			dfa	selected					bounded/line-80 .{80,}
bench	1	byte		d	dfa	selected					bounded/nest2-4 (?:\d{1,4}){1,4}
bench	1	byte		d	dfa	selected					bounded/nest2-64 (?:\d{1,64}){1,64}
bench	1	byte			dfa	selected					bounded/nest2-letters-6 (?:[a-z]{1,6}){1,6}
bench	1	byte		d	dfa	selected					bounded/nest3-16 (?:(?:\d{1,16}){1,16}){1,16}
bench	1	byte		d	dfa	selected					bounded/nest3-3 (?:(?:\d{1,3}){1,3}){1,3}
bench	1	byte			dfa	selected					bounded/pw-8-64 .{8,64}
bench	1	byte		d	dfa	selected					bounded/year4 \d{4}
bench	2	byte			vm	selected	(\?R) at pattern offset 11				capability/balanced-parens-rec \((?:[^()]|(?R))*\)
bench	1	byte		d	dfa	selected					capability/base10num-near-miss ^-?(?:0|[1-9]\d*)(?:\.\d+)?$
bench	1	byte			vm	selected	(\?&name) at pattern offset 58				capability/bracket-array-define (?x)\n(?(DEFINE)\n  (?<brackets>\n    \[\n      (?: [^\[\]] | (?&brackets) )*\n    \]\n  )\n)\n^ (?&brackets) $
bench	1	byte		s	dfa	selected					capability/codegrammar-flat "([^"\\]+)"\s*:\s*
bench	1	byte		s	dfa	selected					capability/codegrammar-xflag (?x)\n  "                     # opening quote\n  (?<key> [^"\\]+ )     # the key text (no escape handling, kept simple)\n  "\n  \s* : \s*             # colon separator, optional surrounding whitespace
bench	1	byte		b d	vm	selected	(\?<=...) at pattern offset 0	vm	vm	(\?=...) at pattern offset 0	capability/currency-lookbehind-fixed (?<=\$)\d+(?:\.\d{2})?\b
bench	1	byte			dfa	selected					capability/date-nested-plus ^(([0-9]+[-/])+)+$
bench	1	byte		b s w	vm	selected	\\1 at pattern offset 12	vm	vm	(\?=...) at pattern offset 3	capability/doubled-word \b(\w+)\b\s+\1\b
bench	1	byte		b w	vm	selected	\\1 at pattern offset 25	vm	vm	\\1 at pattern offset 3	capability/dup-param-detect \b(\w+)=[^&]*&(?:[^&]*&)*\1=
bench	1	byte			vm	selected	(\?=...) at pattern offset 1				capability/email-local-nodup ^(?!.*\.\.)[A-Za-z0-9.]+(?=@)
bench	1	byte			dfa	selected					capability/evil-alt-nested ^(([a-z]+)*)+$
bench	1	byte			dfa	selected					capability/file-ext-order \.tar|\.tar\.gz
bench	1	byte		d	vm	selected	(\?!...) at pattern offset 0				capability/float-literal-bound (?<![\d.])\d+\.\d+(?![\d.])
bench	1	byte			dfa	selected					capability/floor-byte ~
bench	1	byte			dfa	selected					capability/high-byte-run [\x80-\xff]{2,4}
bench	1	byte		d	dfa	selected					capability/ipv4-near-miss ^(?:(?:25[0-5]|2[0-4]\d|1\d\d|[1-9]?\d)\.){3}(?:25[0-5]|2[0-4]\d|1\d\d|[1-9]?\d)$
bench	1	byte			dfa	selected					capability/keyword-prefix-order in|instanceof
bench	1	byte			dfa	selected					capability/logparse-atomic-removed ^(?:(?:kern|user|mail|daemon|auth|syslog|cron)\.(?:emerg|alert|crit|err|warning|notice|info|debug)): (.*)$
bench	1	byte			vm	selected	(\?>...) at pattern offset 1				capability/logparse-atomic ^(?>(?:kern|user|mail|daemon|auth|syslog|cron)\.(?:emerg|alert|crit|err|warning|notice|info|debug)): (.*)$
bench	1	byte		nonascii	dfa	selected					capability/mojibake-curly-quote \x93[\x20-\x7e]*\x94
bench	1	byte		b s w	REFUSED		pcrec: variable-length lookbehind is not implemented: every alternative of a lookbehind must have a fixed length (this one can match 4..51 characters) (pattern 	REFUSED	REFUSED	pcrec: variable-length lookbehind is not implemented: every alternative of a lookbehind must have a fixed length (this one can match 4..51 characters) (pattern 	capability/negation-scope-lookbehind-var (?<!\bnot\s{1,3}(?:\w{1,12}\s{1,3}){0,3})\bavailable\b
bench	1	byte			vm	selected	(\?1) at pattern offset 15				capability/nested-comment-rec (/\*(?:[^*/]|\*(?!/)|/(?!\*)|(?1))*\*/)
bench	1	byte		d	dfa	selected					capability/numeric-id-nested-plus ^(\d+)+$
bench	1	byte		d s	dfa	selected					capability/phone-list-nested-plus ^(\d+\s*)+$
bench	1	byte		d	vm	selected	\\1 at pattern offset 12				capability/phone-palindrome-6 (\d)(\d)(\d)\3\2\1
bench	1	byte		d s w	vm	selected	(\?=...) at pattern offset 1				capability/pwd-strength-chain ^(?=.*[a-z])(?=.*[A-Z])(?=.*\d)(?=.*[^\w\s]).{8,}$
bench	1	byte			vm	selected	\\1 at pattern offset 12				capability/quoted-delim-match (["'])(?:(?!\1)[^\\]|\\.)*\1
bench	1	byte		w	vm	selected	\\1 at pattern offset 44				capability/tag-depth3-bound <(\w+)>(?:[^<]|<(\w+)>(?:[^<]|<(\w+)>[^<]*</\3>)*</\2>)*</\1>
bench	1	byte		s w	vm	selected	\\1 at pattern offset 36				capability/tag-pair-match <([a-zA-Z][\w:-]*)(?:\s[^>]*)?>.*?</\1\s*>
bench	1	byte		s	dfa	selected					capability/trim-nested-star ^(\s+)*$
bench	1	byte			vm	selected	(\?!...) at pattern offset 11				capability/utf8-lead-no-cont [\xc2-\xdf](?![\x80-\xbf])
bench	1	byte			dfa	selected					capability/uuid-near-miss ^[0-9a-fA-F]{8}-[0-9a-fA-F]{4}-[1-5][0-9a-fA-F]{3}-[89abAB][0-9a-fA-F]{3}-[0-9a-fA-F]{12}$
bench	1	byte		b	dfa	selected		dfa	vm	(\?=...) at pattern offset 3	capability/wild-codegrammar-json-constant \b(?:true|false|null)\b
bench	1	byte		d	dfa	selected					capability/wild-codegrammar-json-number-extended (?x)        # turn on extended mode\n  -?        # an optional minus\n  (?:\n    0       # a zero\n    |       # ...or...\n    [1-9]   # a 1-9 character\n    \d*     # followed by zero or more digits\
bench	1	byte			dfa	selected					capability/wild-codegrammar-json-stringcontent-escape (?x)                # turn on extended mode\n  \\                # a literal backslash\n  (?:               # ...followed by...\n    ["\\/bfnrt]     # one of these characters\n    |               # ..
bench	1	byte		d s	dfa	size-cap-retry					capability/wild-datetime-datefinder-alternation ((19\d\d01[0-3]\d[0-5]\d[0-5]\d[0-5]\d|20\d\d01[0-3]\d[0-5]\d[0-5]\d[0-5]\d|19\d\d02[0-3]\d[0-5]\d[0-5]\d[0-5]\d|20\d\d02[0-3]\d[0-5]\d[0-5]\d[0-5]\d|19\d\d03[0-3]\d[0-5]\d[0-5]\d[0-5]\d|20\d\d03[0-3]
bench	1	byte		d s	dfa	selected					capability/wild-datetime-moment-iso8601 ^\s*((?:[+-]\d{6}|\d{4})-(?:\d\d-\d\d|W\d\d-\d|W\d\d|\d\d\d|\d\d))(?:(T| )(\d\d(?::\d\d(?::\d\d(?:[.,]\d+)?)?)?)([+-]\d\d(?::?\d\d)?|\s*Z)?)?$
bench	1	byte			vm	selected	(\?>...) at pattern offset 0				capability/wild-logparse-base10num-grok (?<![0-9.+-])(?>[+-]?(?:(?:[0-9]+(?:\.[0-9]+)?)|(?:\.[0-9]+)))
bench	1	byte			vm	selected	(\?<!...) at pattern offset 0				capability/wild-logparse-base10num-noatomic (?<![0-9.+-])(?:[+-]?(?:(?:[0-9]+(?:\.[0-9]+)?)|(?:\.[0-9]+)))
bench	1	byte			vm	selected	(\?>...) at pattern offset 3				capability/wild-logparse-quotedstring-grok (?>(?<!\\)(?>"(?>\\.|[^\\"]+)+"|""|(?>'(?>\\.|[^\\']+)+')|''|(?>`(?>\\.|[^\\`]+)+`)|``))
bench	1	byte			vm	selected	(\?<!...) at pattern offset 3				capability/wild-logparse-quotedstring-noatomic (?:(?<!\\)(?:"(?:\\.|[^\\"]+)+"|""|(?:'(?:\\.|[^\\']+)+')|''|(?:`(?:\\.|[^\\`]+)+`)|``))
bench	1	byte		b d nonascii	vm	size-cap-retry	(\?!...) at pattern offset 298	vm	vm	(\?=...) at pattern offset 19	capability/wild-logparse-syslogbase-expanded (?<timestamp>(?:\b(?:[Jj]an(?:uary|uar)?|[Ff]eb(?:ruary|ruar)?|[Mm](?:a|ä)?r(?:ch|z)?|[Aa]pr(?:il)?|[Mm]a(?:y|i)?|[Jj]un(?:e|i)?|[Jj]ul(?:y|i)?|[Aa]ug(?:ust)?|[Ss]ep(?:tember)?|[Oo](?:c|k)?t(?:ober)?|
bench	1	byte			vm	selected	(\?>...) at pattern offset 0				capability/wild-logparse-winpath-grok (?>[A-Za-z]+:|\\)(?:\\[^\\?*]*)+
bench	2	byte		b	dfa	selected		dfa	vm	(\?=...) at pattern offset 3	capability/wild-secrets-aws-access-key-id \b((?:A3T[A-Z0-9]|AKIA|AGPA|AIDA|AROA|AIPA|ANPA|ANVA|ASIA)[A-Z0-9]{16})\b
bench	2	byte		b	dfa	selected		dfa	vm	(\?=...) at pattern offset 3	capability/wild-secrets-github-pat \b(github_pat_[0-9a-zA-Z_]{82})\b
bench	1	byte		i	dfa	selected					capability/wild-secrets-slack-webhook-url (?i)https://hooks.slack.com/services/(T[a-z0-9_]{8}/B[a-z0-9_]{8,12}/[a-z0-9_]{24})
bench	1	byte		s	dfa	selected					capability/wild-secrets-username-password-pair (?:username|USERNAME|user|USER)[ \t]*=[ \t]*["']([a-zA-Z0-9.@_\-+]{3,30})["']\s*[,;]?\s*(?:\s*(?:\#|//)[^\n\r]*[\n\r])*(?:password|pass|PASSWORD|PASS)[ \t]*=[ \t]*["']([^"']{5,30})["']
bench	1	byte		d	dfa	selected					capability/wild-semdiv-empty-alt-repeat-pcre2 (a|)*\d
bench	1	byte			dfa	selected					capability/wild-validator-email-owasp ^[a-zA-Z0-9_+&*-]+(?:\.[a-zA-Z0-9_+&*-]+)*@(?:[a-zA-Z0-9-]+\.)+[a-zA-Z]{2,}$
bench	1	byte			dfa	selected					capability/wild-validator-ipv4-owasp ^(25[0-5]|2[0-4][0-9]|[01]?[0-9][0-9]?)\.(25[0-5]|2[0-4][0-9]|[01]?[0-9][0-9]?)\.(25[0-5]|2[0-4][0-9]|[01]?[0-9][0-9]?)\.(25[0-5]|2[0-4][0-9]|[01]?[0-9][0-9]?)$
bench	1	byte		d	dfa	selected					capability/wild-validator-us-zip-owasp ^\d{5}(-\d{4})?$
bench	1	byte			dfa	selected					capability/wild-validator-uuid-grok [A-Fa-f0-9]{8}-(?:[A-Fa-f0-9]{4}-){3}[A-Fa-f0-9]{12}
bench	1	byte		b i	dfa	selected		dfa	vm	(\?=...) at pattern offset 7	capability/wild-waf-crs-942140-dbnames (?i)\b(?:d(?:atabas|b_nam)e[^0-9A-Z_a-z]*\(|(?:information_schema|m(?:aster\.\.sysdatabases|s(?:db|ys(?:ac(?:cess(?:objects|storage|xml)|es)|modules2?|(?:object|querie|relationship)s))|ysql\.db)|north
bench	1	byte		i s	dfa	selected					capability/wild-waf-crs-942160-sleep-benchmark (?i:sleep\s*?\(.*?\)|benchmark\s*?\(.*?\,.*?\))
bench	1	byte		i	dfa	selected					capability/wild-waf-crs-942270-union-select (?i)union.*?select.*?from
bench	1	byte		b i s	dfa	selected		dfa	vm	(\?=...) at pattern offset 7	capability/wild-waf-crs-942360-concat-sqli (?i)\b(?:(?:alter|(?:(?:cre|trunc|upd)at|renam)e|de(?:lete|sc)|(?:inser|selec)t|load)[\s\x0b]+(?:char|group_concat|load_file)\b[\s\x0b]*\(?|end[\s\x0b]*?\);)|[\s\x0b\(]load_file[\s\x0b]*?\(|[\"'`][\s\
bench	1	byte		i s	dfa	selected					capability/wild-waf-crs-942500-comment-obfuscation (?i)/\*[\s\x0b]*?[!\+](?:[\s\x0b\(\)\-0-9=A-Z_a-z]+)?\*/
bench	1	byte			dfa	selected					capability/winpath-near-miss ^[A-Za-z]:\\(?:[^<>:"/\\|?*]+\\)*[^<>:"/\\|?*]+$
bench	1	byte			dfa	selected					email/floor @
bench	1	byte			dfa	selected					litrun/lit-l10 abcdefghij
bench	1	byte			dfa	selected					litrun/lit-l16 abcdefghijklmnop
bench	1	byte			dfa	selected					litrun/lit-l31 abcdefghijklmnopqrstuvwxyzABCDE
bench	1	byte			dfa	selected					litrun/lit-l4 abcd
bench	1	byte			dfa	selected					litrun/lit-l40 abcdefghijklmnopqrstuvwxyzABCDEFGHIJKLMN
bench	1	byte			dfa	selected					litrun/lit-l7 abcdefg
bench	1	byte			dfa	selected					litrun/lit-l8 abcdefgh
bench	1	byte		b	dfa	selected		dfa	vm	(\?=...) at pattern offset 3	loglines/bignum \b[0-9]{10,19}\b
bench	1	byte		b	dfa	selected		dfa	vm	(\?=...) at pattern offset 3	loglines/hex32-id \b[0-9a-f]{32}\b
bench	1	byte		b	dfa	selected		dfa	vm	(\?=...) at pattern offset 69	loglines/http-5xx "(?:GET|POST|PUT|PATCH|DELETE|HEAD) [^ "]+ HTTP/1\.[01]" 5[0-9]{2}\b
bench	1	byte			dfa	selected					loglines/ipv4 (?:(?:25[0-5]|2[0-4][0-9]|1[0-9][0-9]|[1-9]?[0-9])\.){3}(?:25[0-5]|2[0-4][0-9]|1[0-9][0-9]|[1-9]?[0-9])
bench	1	byte			dfa	selected					loglines/ipv6 (?:(?:[0-9a-f]{1,4}:){4,7}[0-9a-f]{1,4}|(?:[0-9a-f]{1,4}:){1,7}:[0-9a-f]{0,4})
bench	1	byte		d	dfa	selected					loglines/iso-ts \d{4}-\d{2}-\d{2}[T ]\d{2}:\d{2}:\d{2}(?:[.,]\d{1,6})?(?:Z|[+-]\d{2}:?\d{2})?
bench	1	byte		b	dfa	selected		dfa	vm	(\?=...) at pattern offset 3	loglines/kv-quoted \b[a-z_][a-z0-9_]{0,31}="(?:[^"\\]|\\.)*"
bench	1	byte		b	vm	collapsed-prefilter	dfa overflowed: >32000 states at pattern offset 0	vm	vm	(\?=...) at pattern offset 3	loglines/level-context \b(?:ERROR|FATAL|CRIT)\b.{0,200}?\b(?:timeout|timed out|refused|denied|unreachable)\b
bench	1	byte		b	dfa	selected		dfa	vm	(\?=...) at pattern offset 3	loglines/stack-frame \bat (?:[A-Za-z_$][A-Za-z0-9_$]*\.){2,}[A-Za-z_$][A-Za-z0-9_$]*\((?:[A-Za-z0-9_$]+\.java:[0-9]+|Native Method|Unknown Source)\)
bench	1	byte		b	dfa	selected		dfa	vm	(\?=...) at pattern offset 3	loglines/uuid \b[0-9a-f]{8}-[0-9a-f]{4}-[1-5][0-9a-f]{3}-[89ab][0-9a-f]{3}-[0-9a-f]{12}\b
bench	1	byte			dfa	selected					syntax/alt-nested (?:c|d)(?:at|og)
bench	1	byte			dfa	selected					syntax/anc-a-uc \Aitem
bench	1	byte			dfa	selected					syntax/anc-caret ^item
bench	1	byte			dfa	selected					syntax/anc-dollar done$
bench	1	byte			dfa	selected					syntax/anc-g-uc \Gitem
bench	1	byte			dfa	selected					syntax/anc-m-caret (?m)^item
bench	1	byte			dfa	selected					syntax/anc-m-dollar (?m)done$
bench	1	byte			dfa	selected					syntax/anc-z-lc done\z
bench	1	byte			dfa	selected					syntax/anc-z-uc done\Z
bench	1	byte		w	vm	selected	\\K at pattern offset 4				syntax/asr-k-uc key=\K\w+
bench	1	byte		B	dfa	selected		dfa	vm	(\?!...) at pattern offset 3	syntax/asr-nwb \Bcat\B
bench	1	byte		w	vm	selected	\\1 at pattern offset 6				syntax/bak-1 (\w+) \1
bench	1	byte		w	vm	selected	\\1 at pattern offset 8				syntax/bak-2 (\w)(\w)\2\1
bench	1	byte		w	vm	selected	\\g{-1} at pattern offset 6				syntax/bak-g-rel (\w+) \g{-1}
bench	1	byte		w	vm	selected	\\k<name> at pattern offset 18				syntax/bak-k-named <(?<t>\w+)>[^<]*</\k<t>>
bench	1	byte		w	vm	selected	(\?P=n) at pattern offset 11				syntax/bak-py (?P<t>\w+) (?P=t)
bench	1	byte			dfa	selected					syntax/cls-dot c.t
bench	1	byte			dfa	selected					syntax/cls-fold-pair c[aA]t
bench	1	byte		h	dfa	selected					syntax/cls-h key\h*=\h*value
bench	1	byte		i	dfa	selected					syntax/cls-i-class (?i)c[aeiou]t
bench	1	byte			dfa	selected					syntax/cls-mixed-case c[a-zA-Z]t
bench	1	byte			dfa	selected					syntax/cls-n-uc it\Nm
bench	1	byte			dfa	selected					syntax/cls-negset c[^aeiou]t
bench	1	byte			dfa	selected					syntax/cls-pair-ctl c[ac]t
bench	1	byte			dfa	selected					syntax/cls-range 0x[0-9a-fA-F]+
bench	1	byte		s	dfa	selected					syntax/cls-s-lc cat\s+sat
bench	1	byte		s	dfa	selected					syntax/cls-s-uc \S+@\S+
bench	1	byte		v	dfa	selected					syntax/cls-v item\v+done
bench	1	byte		w	dfa	selected					syntax/cls-w \w+
bench	1	byte			REFUSED		pcrec: module 'conditionals' is enabled but (?(...) is not implemented yet (pattern offset 8)				syntax/cnd-group (<)?item(?(1)>)
bench	1	byte			dfa	selected					syntax/esc-cr item\r\ndone
bench	1	byte			REFUSED		pcrec: module 'misc' is enabled but \c is not implemented yet (pattern offset 4)				syntax/esc-ctrl bell\cGend
bench	1	byte			dfa	selected					syntax/esc-hex-braced caf\x{e9}
bench	1	byte			dfa	selected					syntax/esc-hex \x63at
bench	1	byte			dfa	selected					syntax/esc-nl item\ndone
bench	1	byte			dfa	selected					syntax/esc-octal-0 item\040done
bench	1	byte			REFUSED		pcrec: module 'misc' is enabled but \o is not implemented yet (pattern offset 0)				syntax/esc-octal-o \o{143}at
bench	1	byte			dfa	selected					syntax/esc-quote \Qf(x)\E
bench	1	byte			dfa	selected					syntax/esc-tab key\tvalue
bench	1	byte			REFUSED		pcrec: module 'branch-reset' is enabled but (?|...) is not implemented yet (pattern offset 0)				syntax/grp-branch-reset (?|(cat)|(dog))
bench	1	byte			REFUSED		pcrec: module 'callouts' is enabled but (?C...) is not implemented yet (pattern offset 2)				syntax/grp-callout ca(?C1)t
bench	1	byte			dfa	selected					syntax/grp-cap (cat)
bench	1	byte			REFUSED		pcrec: module 'comments' is enabled but (?#...) is not implemented yet (pattern offset 2)				syntax/grp-comment ca(?#comment)t
bench	1	byte			dfa	selected					syntax/grp-named-quote (?'w'cat)
bench	1	byte			dfa	selected					syntax/grp-named (?<w>cat)
bench	1	byte			dfa	selected					syntax/lit-cat cat
bench	1	byte			vm	selected	(\?!...) at pattern offset 4				syntax/lka-neg item(?! done)
bench	1	byte			vm	selected	(\?*a) at pattern offset 0				syntax/lka-nonatomic (?*item)item
bench	1	byte			vm	selected	(\?=...) at pattern offset 4				syntax/lka-pos item(?= done)
bench	1	byte			vm	selected	(*pla:a) at pattern offset 4				syntax/lka-verb item(*pla: done)
bench	1	byte			vm	selected	(\?<!...) at pattern offset 0				syntax/lkb-neg (?<!item )done
bench	1	byte			vm	selected	(\?<=...) at pattern offset 0				syntax/lkb-pos (?<=item )done
bench	1	byte		w	dfa	selected					syntax/mod-a (?a)\w+
bench	1	byte		i	dfa	selected					syntax/mod-i (?i)cat
bench	1	byte		w	vm	selected	\\k<name> at pattern offset 28				syntax/mod-j-uc (?J)(?:(?<w>the)|(?<w>\w+)) \k<w>
bench	1	byte			dfa	selected					syntax/mod-n (?n)(ca)t
bench	1	byte		i	dfa	selected					syntax/mod-r (?ir)cat
bench	1	byte		i	dfa	selected					syntax/mod-reset (?i)c(?^)at
bench	1	byte			dfa	selected					syntax/mod-s (?s)item.done
bench	1	byte			dfa	selected					syntax/mod-u-uc (?U)".+"
bench	1	byte		i	dfa	selected					syntax/mod-unset (?i)c(?-i)at
bench	1	byte			dfa	selected					syntax/mod-x (?x) c a t # comment
bench	1	byte			REFUSED		pcrec: module 'misc' is enabled but \C is not implemented yet (pattern offset 1)				syntax/msc-c-uc c\Ct
bench	1	byte		R	REFUSED		pcrec: module 'misc' is enabled but \R is not implemented yet (pattern offset 4)				syntax/msc-r-uc item\Rdone
bench	1	byte			REFUSED		pcrec: module 'misc' is enabled but \X is not implemented yet (pattern offset 1)				syntax/msc-x-uc c\Xt
bench	1	byte			dfa	selected					syntax/qnt-lazy ".*?"
bench	1	byte			dfa	selected					syntax/qnt-plus-ctl a+ab
bench	1	byte			dfa	selected					syntax/qnt-poss-brace a{1,2}+b
bench	1	byte			dfa	selected					syntax/qnt-quest colou?r
bench	1	byte			dfa	selected					syntax/qnt-star ca*t
bench	1	byte			vm	selected	(\?1) at pattern offset 12				syntax/rec-1 (\((?:[^()]|(?1))*\))
bench	1	byte		d	dfa	selected					syntax/rec-back (\d{2})(?-1)
bench	1	byte		d	dfa	selected					syntax/rec-define (?(DEFINE)(?<d>\d{2}))(?&d):(?&d)
bench	1	byte		d	dfa	selected					syntax/rec-fwd (?+1)(\d{2})
bench	1	byte		d	dfa	selected					syntax/rec-g-angle (\d{2})\g<1>
bench	1	byte			vm	selected	(\?&name) at pattern offset 16				syntax/rec-name (?<p>\((?:[^()]|(?&p))*\))
bench	1	byte		d	dfa	selected					syntax/rec-py (?P<d>\d{2})(?P>d)
bench	1	byte		p	dfa	selected					syntax/unp-p-lc \p{L}+
bench	1	byte		p	dfa	selected					syntax/unp-p-uc \P{L}+
bench	1	byte			REFUSED		pcrec: (*...) requires module 'verbs' (pattern offset 4)				syntax/vrb-accept item(*ACCEPT)done
bench	1	byte			REFUSED		pcrec: (*SKIP) is outside pcrec's scope and no module will implement it (see docs/pcre2_compliance.md) (pattern offset 2)				syntax/vrb-skip a+(*SKIP)b
bench	1	byte			REFUSED		pcrec: module 'extended-classes' is enabled but (?[...) is not implemented yet (pattern offset 0)				syntax/xcl-minus (?[[a-z]-[aeiou]])+
bench	1	utf8		nonascii	dfa	selected					utf8/alt-cyr-64 над|больше|через|эти|нас|про|всего|них|какая|много|разве|три|эту|моя|впрочем|хорошо|свою|этой|перед|иногда|лучше|чуть|том|нельзя|такой|им|более|всегда|конечно|всю|между|дом|город|деревня|друг|работа|д
bench	1	utf8		nonascii	dfa	selected					utf8/alt-distinct-lead 日本|Москва|café
bench	1	utf8		nonascii	dfa	selected					utf8/alt-mixed-width a|é|日|😀
bench	1	utf8		nonascii	dfa	selected					utf8/alt-nearmiss 日本語|日本国
bench	1	utf8		nonascii	dfa	selected					utf8/alt-shared-char 日本|日曜|日付
bench	1	utf8		nonascii	dfa	selected					utf8/alt-shared-lead α|β|γ
bench	1	utf8		nonascii	dfa	selected					utf8/asr-a-z \A日本語\z
bench	1	utf8		b	dfa	selected		dfa	vm	(\?=...) at pattern offset 3	utf8/asr-b-ascii \bcat\b
bench	1	utf8		b nonascii verb:UCP	REFUSED		pcrec: (*...) requires module 'verbs' (pattern offset 0)	REFUSED	REFUSED	pcrec: (*...) requires module 'verbs' (pattern offset 0)	utf8/asr-b-cyr-ucp (*UCP)\bМосква\b
bench	1	utf8		b nonascii	dfa	selected		dfa	vm	(\?=...) at pattern offset 3	utf8/asr-b-cyr \bМосква\b
bench	1	utf8		nonascii	dfa	selected					utf8/asr-caret-ml (?m)^日
bench	1	utf8		nonascii	dfa	selected					utf8/asr-dollar-ml (?m)語$
bench	1	utf8		s	vm	selected	(\?<=...) at pattern offset 0				utf8/asr-lb-class (?<=[\x{400}-\x{4FF}])\s
bench	1	utf8		nonascii	vm	selected	(\?<=...) at pattern offset 0				utf8/asr-lb-fixed (?<=é)x
bench	1	utf8		nonascii	vm	selected	(\?<!...) at pattern offset 0				utf8/asr-lb-neg (?<!日)本
bench	1	utf8		nonascii	vm	selected	(\?<=...) at pattern offset 0				utf8/asr-lb-varwidth (?<=a|é)x
bench	1	utf8		i	dfa	selected					utf8/ci-ascii-control (?i)abc
bench	1	utf8		i	dfa	selected					utf8/ci-class-range (?i)[a-z]+
bench	1	utf8		i nonascii	dfa	selected					utf8/ci-e-acute (?i)é
bench	1	utf8		i nonascii	dfa	selected					utf8/ci-greek-run (?i)αβγ
bench	1	utf8		i	dfa	selected					utf8/ci-kelvin (?i)k
bench	1	utf8		i	dfa	selected					utf8/ci-long-s (?i)s
bench	1	utf8		i nonascii	dfa	selected					utf8/ci-moskva (?i)москва
bench	1	utf8		i nonascii	dfa	selected					utf8/ci-neg-fold (?i)[^é]
bench	1	utf8		i nonascii	dfa	selected					utf8/ci-sigma (?i)σ
bench	1	utf8		i nonascii	dfa	selected					utf8/ci-strasse (?i)straße
bench	1	utf8		i	dfa	selected					utf8/ci-turkish-i (?i)i
bench	1	utf8		i nonascii verb:UCP	REFUSED		pcrec: (*...) requires module 'verbs' (pattern offset 0)				utf8/ci-ucp-invariance (*UCP)(?i)é
bench	1	utf8		nonascii	dfa	selected					utf8/cls-boundary-range [a-é]+
bench	1	utf8		d	dfa	selected					utf8/cls-d-ascii \d{4}
bench	1	utf8		d verb:UCP	REFUSED		pcrec: (*...) requires module 'verbs' (pattern offset 0)				utf8/cls-d-ucp (*UCP)\d{4}
bench	1	utf8			dfa	selected					utf8/cls-dot-rep ^.{5}$
bench	1	utf8			dfa	selected					utf8/cls-high-range [\x{100}-\x{2000}]+
bench	1	utf8		nonascii	dfa	selected					utf8/cls-lead-pair [α-ω]+
bench	1	utf8		nonascii	dfa	selected					utf8/cls-mixed [a-zé\x{430}-\x{44F}]+
bench	1	utf8			dfa	selected					utf8/cls-neg-allhigh [^\x{80}-\x{10FFFF}]+
bench	1	utf8			dfa	selected					utf8/cls-neg-cjk [^\x{4E00}-\x{9FFF}]+
bench	1	utf8		nonascii	dfa	selected					utf8/cls-neg-single [^é]
bench	1	utf8		posix:alpha	dfa	selected					utf8/cls-posix-alpha [[:alpha:]]+
bench	1	utf8		s	dfa	selected					utf8/cls-s-nbsp a\sb
bench	1	utf8		s verb:UCP	REFUSED		pcrec: (*...) requires module 'verbs' (pattern offset 0)				utf8/cls-s-ucp (*UCP)a\sb
bench	1	utf8		w	dfa	selected					utf8/cls-w-ascii \w+
bench	1	utf8		verb:UCP w	REFUSED		pcrec: (*...) requires module 'verbs' (pattern offset 0)				utf8/cls-w-ucp (*UCP)\w+
bench	1	utf8			dfa	selected					utf8/floor ~
bench	1	utf8		nonascii	dfa	selected					utf8/lit-1ch-2b é
bench	1	utf8		nonascii	dfa	selected					utf8/lit-1ch-3b 日
bench	1	utf8		nonascii	dfa	selected					utf8/lit-anchored-run ^日本語$
bench	1	utf8		nonascii	dfa	selected					utf8/lit-cyr-run Москва
bench	1	utf8		nonascii	dfa	selected					utf8/lit-mixed-ascii user@例え.jp
bench	2	utf8		nonascii	dfa	selected					utf8/lit-nearmiss-run 日本語
bench	1	utf8		nonascii	dfa	selected					utf8/lit-nfc-pair café
bench	1	utf8		nonascii	dfa	selected					utf8/lit-offset-at-head @é
bench	1	utf8		nonascii	dfa	selected					utf8/lit-offset-at-tail é@
bench	1	utf8		nonascii	dfa	selected					utf8/lit-sharp-s Straße
bench	1	utf8		p	dfa	selected					utf8/prp-cyrillic \p{Cyrillic}+
bench	1	utf8		p	dfa	selected					utf8/prp-han \p{Han}+
bench	1	utf8		p	REFUSED		pcrec: module 'unicode-props' is enabled but \p{...}: this Unicode property is not implemented yet (pattern offset 11)				utf8/prp-ingreek \p{InGreek}
bench	1	utf8		p	REFUSED		pcrec: pattern too large: 1556580 bytes of emitted C source (limit 1000000, ~258 KB .o). Lower a repeat count, try --unroll=1, or raise --max-emit-bytes; see li				utf8/prp-l-anchored ^\p{L}{4}$
bench	1	utf8		p	dfa	size-cap-retry					utf8/prp-l \p{L}+
bench	1	utf8		p	dfa	selected					utf8/prp-latin \p{Latin}+
bench	1	utf8		p	dfa	selected					utf8/prp-n \p{N}+
bench	1	utf8		p	dfa	size-cap-retry					utf8/prp-notl \P{L}+
bench	1	utf8		nonascii	dfa	selected					utf8/qnt-bounded-4b 😀{2,4}
bench	1	utf8			dfa	selected					utf8/qnt-class-run [\x{400}-\x{4FF}]{4,16}
bench	1	utf8		nonascii	dfa	selected					utf8/qnt-counted-3b (?:日本){2,}
bench	1	utf8			dfa	selected					utf8/qnt-dot-bounded .{3,8}
bench	1	utf8		nonascii	dfa	selected					utf8/qnt-lazy-2b é+?
bench	1	utf8		nonascii	dfa	selected					utf8/qnt-plus-2b é+
