pid	config	regime	subjects	n	T	U	LB	T_over_LB	T_scan	G_K1	G_K2	G_K3	G_K4	G_K5	G_K5m	G_K5mb	G_K6	G_K7	G_K8	G_K9	G_K10	G_K11	G_K12	G_sum	G_res	ENGINE	DFA_SCAN	DFA_PREFILTER	DFA_START	DFA_MATCH	REQ_RUN	REQ_HANDOFF	VM_PREFILTER	view	start_anchor	cwmax	minw	bench_ns	best_other_ns	est_ns_K1	est_ns_K2	est_ns_K3	est_ns_K4	est_ns_K5	est_ns_K5m	est_ns_K5mb	est_ns_K6	est_ns_K7	est_ns_K8	est_ns_K9	est_ns_K10	est_ns_K11	est_ns_K12
altwide/ci-256	default	match	40	5212	122	122	5212	0.023	0	0	0	0	0	0	0	0	0	0	0	0	0	0	0	0	0	dfa	unanchored	byte-class	reverse-pass	unwrapped	none	none		0	unanchored	12	3	1077.30087	1070.623111	0.0	0.0	0.0	0.0	0.0	0.0	0.0	0.0	0.0	0.0	0.0	0.0	0.0	0.0
altwide/ci-256	default	search_short	40	5212	5132	4450	4442	1.155	0	0	0	0	60	0	0	0	0	0	0	0	0	0	0	60	86	dfa	unanchored	byte-class	reverse-pass	unwrapped	none	none		0	unanchored	12	3	7373.765526	13783.770672	0.0	0.0	0.0	86.2	0.0	0.0	0.0	0.0	0.0	0.0	0.0	0.0	0.0	0.0
altwide/ci-256	default	throughput	4	917504	1023359	917504	917504	1.115	0	0	0	0	13	0	207	207	0	0	0	0	0	0	0	220	1574	dfa	unanchored	byte-class	reverse-pass	unwrapped	none	none		0	unanchored	12	3	2896722.158879	74735115.5	0.0	0.0	0.0	36.8	0.0	585.9	585.9	0.0	0.0	0.0	0.0	0.0	0.0	0.0
altwide/ci-256	nocaps	match	40	5212	122	122	5212	0.023	0	0	0	0	0	0	0	0	0	0	0	0	0	0	0	0	0	dfa	unanchored	byte-class	reverse-pass	unwrapped	none	none		0	unanchored	12	3																
altwide/ci-256	nocaps	search_short	40	5212	5132	4450	4442	1.155	0	0	0	0	60	0	0	0	0	0	0	0	0	0	0	60	86	dfa	unanchored	byte-class	reverse-pass	unwrapped	none	none		0	unanchored	12	3																
altwide/ci-256	nocaps	throughput	4	917504	1023359	917504	917504	1.115	0	0	0	0	13	0	207	207	0	0	0	0	0	0	0	220	1574	dfa	unanchored	byte-class	reverse-pass	unwrapped	none	none		0	unanchored	12	3																
altwide/ci-512	default	match	40	5212	5145	4450	5212	0.987	0	0	0	0	0	0	0	0	0	0	0	0	0	0	0	0	0	dfa	unanchored	byte-class	reverse-pass	search-filter	none	none		0	unanchored	12	3	1538.661049	1203.402596	0.0	0.0	0.0	0.0	0.0	0.0	0.0	0.0	0.0	0.0	0.0	0.0	0.0	0.0
altwide/ci-512	default	search_short	40	5212	5145	4450	4442	1.158	0	0	0	0	66	0	0	0	0	0	0	0	0	0	0	66	93	dfa	unanchored	byte-class	reverse-pass	search-filter	none	none		0	unanchored	12	3	13466.328751	18523.038587	0.0	0.0	0.0	172.7	0.0	0.0	0.0	0.0	0.0	0.0	0.0	0.0	0.0	0.0
altwide/ci-512	default	throughput	4	917504	1023911	917504	917504	1.116	0	0	0	0	13	0	276	276	0	0	0	0	0	0	0	289	1988	dfa	unanchored	byte-class	reverse-pass	search-filter	none	none		0	unanchored	12	3	4104419.37037	493682127.0	0.0	0.0	0.0	52.1	0.0	1106.4	1106.4	0.0	0.0	0.0	0.0	0.0	0.0	0.0
altwide/ci-512	nocaps	match	40	5212	5145	4450	5212	0.987	0	0	0	0	0	0	0	0	0	0	0	0	0	0	0	0	0	dfa	unanchored	byte-class	reverse-pass	search-filter	none	none		0	unanchored	12	3																
altwide/ci-512	nocaps	search_short	40	5212	5145	4450	4442	1.158	0	0	0	0	66	0	0	0	0	0	0	0	0	0	0	66	93	dfa	unanchored	byte-class	reverse-pass	search-filter	none	none		0	unanchored	12	3																
altwide/ci-512	nocaps	throughput	4	917504	1023911	917504	917504	1.116	0	0	0	0	13	0	276	276	0	0	0	0	0	0	0	289	1988	dfa	unanchored	byte-class	reverse-pass	search-filter	none	none		0	unanchored	12	3																
altwide/clsa-256	default	match	40	5212	112	112	5212	0.021	0	0	0	0	0	0	0	0	0	0	0	0	0	0	0	0	0	dfa	unanchored	byte-class	reverse-pass	unwrapped	none	none		0	unanchored	13	4	989.079503	580.485525	0.0	0.0	0.0	0.0	0.0	0.0	0.0	0.0	0.0	0.0	0.0	0.0	0.0	0.0
altwide/clsa-256	default	search_short	40	5212	5654	4996	4992	1.133	0	0	0	0	13	0	0	0	0	0	0	0	0	0	0	13	46	dfa	unanchored	byte-class	reverse-pass	unwrapped	none	none		0	unanchored	13	4	8171.180985	11830.763338	0.0	0.0	0.0	18.8	0.0	0.0	0.0	0.0	0.0	0.0	0.0	0.0	0.0	0.0
altwide/clsa-256	default	throughput	4	917504	1021358	917504	917504	1.113	0	0	0	0	0	0	0	0	0	0	0	0	0	0	0	0	0	dfa	unanchored	byte-class	reverse-pass	unwrapped	none	none		0	unanchored	13	4	2899974.122807	65692668.0	0.0	0.0	0.0	0.0	0.0	0.0	0.0	0.0	0.0	0.0	0.0	0.0	0.0	0.0
altwide/clsa-256	nocaps	match	40	5212	112	112	5212	0.021	0	0	0	0	0	0	0	0	0	0	0	0	0	0	0	0	0	dfa	unanchored	byte-class	reverse-pass	unwrapped	none	none		0	unanchored	13	4																
altwide/clsa-256	nocaps	search_short	40	5212	5654	4996	4992	1.133	0	0	0	0	13	0	0	0	0	0	0	0	0	0	0	13	46	dfa	unanchored	byte-class	reverse-pass	unwrapped	none	none		0	unanchored	13	4																
altwide/clsa-256	nocaps	throughput	4	917504	1021358	917504	917504	1.113	0	0	0	0	0	0	0	0	0	0	0	0	0	0	0	0	0	dfa	unanchored	byte-class	reverse-pass	unwrapped	none	none		0	unanchored	13	4																
altwide/clsa-64	default	match	40	5212	104	103	5212	0.020	0	0	0	0	0	0	0	0	0	0	0	0	0	0	0	0	0	dfa	unanchored	byte-class	reverse-pass	unwrapped	none	none		0	unanchored	13	4	496.436958	566.697209	0.0	0.0	0.0	0.0	0.0	0.0	0.0	0.0	0.0	0.0	0.0	0.0	0.0	0.0
altwide/clsa-64	default	search_short	40	5212	5799	4996	4992	1.162	0	0	0	0	13	0	0	0	0	0	0	0	0	0	0	13	46	dfa	unanchored	byte-class	reverse-pass	unwrapped	none	none		0	unanchored	13	4	7839.176491	9402.674766	0.0	0.0	0.0	17.6	0.0	0.0	0.0	0.0	0.0	0.0	0.0	0.0	0.0	0.0
altwide/clsa-64	default	throughput	4	917504	1054431	917504	917504	1.149	0	0	0	0	0	0	0	0	0	0	0	0	0	0	0	0	0	dfa	unanchored	byte-class	reverse-pass	unwrapped	none	none		0	unanchored	13	4	3398990.47	2197204.975	0.0	0.0	0.0	0.0	0.0	0.0	0.0	0.0	0.0	0.0	0.0	0.0	0.0	0.0
altwide/clsa-64	nocaps	match	40	5212	104	103	5212	0.020	0	0	0	0	0	0	0	0	0	0	0	0	0	0	0	0	0	dfa	unanchored	byte-class	reverse-pass	unwrapped	none	none		0	unanchored	13	4																
altwide/clsa-64	nocaps	search_short	40	5212	5799	4996	4992	1.162	0	0	0	0	13	0	0	0	0	0	0	0	0	0	0	13	46	dfa	unanchored	byte-class	reverse-pass	unwrapped	none	none		0	unanchored	13	4																
altwide/clsa-64	nocaps	throughput	4	917504	1054431	917504	917504	1.149	0	0	0	0	0	0	0	0	0	0	0	0	0	0	0	0	0	dfa	unanchored	byte-class	reverse-pass	unwrapped	none	none		0	unanchored	13	4																
altwide/clsd-256	default	match	40	5212	5838	5212	5212	1.120	0	0	0	0	0	0	0	0	0	0	5101	0	0	0	0	5101	0	dfa	unanchored	byte-class	reverse-pass	search-filter	none	none		0	unanchored	13	4	978.217565	582.324524	0.0	0.0	0.0	0.0	0.0	0.0	0.0	0.0	0.0	854.7	0.0	0.0	0.0	0.0
altwide/clsd-256	default	search_short	40	5212	5838	5212	5212	1.120	0	0	0	0	0	0	0	0	0	0	0	0	0	0	0	0	0	dfa	unanchored	byte-class	reverse-pass	search-filter	none	none		0	unanchored	13	4	8372.641932	11308.83571	0.0	0.0	0.0	0.0	0.0	0.0	0.0	0.0	0.0	0.0	0.0	0.0	0.0	0.0
altwide/clsd-256	default	throughput	4	917504	1021358	917504	917504	1.113	0	0	0	0	0	0	0	0	0	0	0	0	0	0	0	0	0	dfa	unanchored	byte-class	reverse-pass	search-filter	none	none		0	unanchored	13	4	2903690.956897	64411331.0	0.0	0.0	0.0	0.0	0.0	0.0	0.0	0.0	0.0	0.0	0.0	0.0	0.0	0.0
altwide/clsd-256	nocaps	match	40	5212	5838	5212	5212	1.120	0	0	0	0	0	0	0	0	0	0	5101	0	0	0	0	5101	0	dfa	unanchored	byte-class	reverse-pass	search-filter	none	none		0	unanchored	13	4																
altwide/clsd-256	nocaps	search_short	40	5212	5838	5212	5212	1.120	0	0	0	0	0	0	0	0	0	0	0	0	0	0	0	0	0	dfa	unanchored	byte-class	reverse-pass	search-filter	none	none		0	unanchored	13	4																
altwide/clsd-256	nocaps	throughput	4	917504	1021358	917504	917504	1.113	0	0	0	0	0	0	0	0	0	0	0	0	0	0	0	0	0	dfa	unanchored	byte-class	reverse-pass	search-filter	none	none		0	unanchored	13	4																
altwide/clsd-64	default	match	40	5212	103	102	5212	0.020	0	0	0	0	0	0	0	0	0	0	0	0	0	0	0	0	0	dfa	unanchored	byte-class	reverse-pass	unwrapped	none	none		0	unanchored	13	4	504.676601	570.820139	0.0	0.0	0.0	0.0	0.0	0.0	0.0	0.0	0.0	0.0	0.0	0.0	0.0	0.0
altwide/clsd-64	default	search_short	40	5212	5988	5212	5212	1.149	0	0	0	0	0	0	0	0	0	0	0	0	0	0	0	0	0	dfa	unanchored	byte-class	reverse-pass	unwrapped	none	none		0	unanchored	13	4	8060.535331	11149.916015	0.0	0.0	0.0	0.0	0.0	0.0	0.0	0.0	0.0	0.0	0.0	0.0	0.0	0.0
altwide/clsd-64	default	throughput	4	917504	1054431	917504	917504	1.149	0	0	0	0	0	0	0	0	0	0	0	0	0	0	0	0	0	dfa	unanchored	byte-class	reverse-pass	unwrapped	none	none		0	unanchored	13	4	3405165.479592	2348142.72093	0.0	0.0	0.0	0.0	0.0	0.0	0.0	0.0	0.0	0.0	0.0	0.0	0.0	0.0
altwide/clsd-64	nocaps	match	40	5212	103	102	5212	0.020	0	0	0	0	0	0	0	0	0	0	0	0	0	0	0	0	0	dfa	unanchored	byte-class	reverse-pass	unwrapped	none	none		0	unanchored	13	4																
altwide/clsd-64	nocaps	search_short	40	5212	5988	5212	5212	1.149	0	0	0	0	0	0	0	0	0	0	0	0	0	0	0	0	0	dfa	unanchored	byte-class	reverse-pass	unwrapped	none	none		0	unanchored	13	4																
altwide/clsd-64	nocaps	throughput	4	917504	1054431	917504	917504	1.149	0	0	0	0	0	0	0	0	0	0	0	0	0	0	0	0	0	dfa	unanchored	byte-class	reverse-pass	unwrapped	none	none		0	unanchored	13	4																
altwide/cnt-64	default	match	40	5212	106	105	5212	0.020	0	0	0	0	0	0	0	0	0	0	0	0	0	0	0	0	0	dfa	unanchored	byte-class	reverse-pass	unwrapped	none	none		0	unanchored	36	3	1849.406602	965.286098	0.0	0.0	0.0	0.0	0.0	0.0	0.0	0.0	0.0	0.0	0.0	0.0	0.0	0.0
altwide/cnt-64	default	search_short	40	5212	5481	4679	4672	1.173	0	0	0	0	45	0	0	0	0	0	0	0	0	0	0	45	70	dfa	unanchored	byte-class	reverse-pass	unwrapped	none	none		0	unanchored	36	3	11729.994959	10128.315159	0.0	0.0	0.0	96.3	0.0	0.0	0.0	0.0	0.0	0.0	0.0	0.0	0.0	0.0
altwide/cnt-64	default	throughput	4	917504	1055811	917504	917504	1.151	0	0	0	0	13	0	138	138	0	0	0	0	0	0	0	151	1091	dfa	unanchored	byte-class	reverse-pass	unwrapped	none	none		0	unanchored	36	3	3488511.959184	2215078.801587	0.0	0.0	0.0	43.0	0.0	456.0	456.0	0.0	0.0	0.0	0.0	0.0	0.0	0.0
altwide/cnt-64	nocaps	match	40	5212	106	105	5212	0.020	0	0	0	0	0	0	0	0	0	0	0	0	0	0	0	0	0	dfa	unanchored	byte-class	reverse-pass	unwrapped	none	none		0	unanchored	36	3																
altwide/cnt-64	nocaps	search_short	40	5212	5481	4679	4672	1.173	0	0	0	0	45	0	0	0	0	0	0	0	0	0	0	45	70	dfa	unanchored	byte-class	reverse-pass	unwrapped	none	none		0	unanchored	36	3																
altwide/cnt-64	nocaps	throughput	4	917504	1055811	917504	917504	1.151	0	0	0	0	13	0	138	138	0	0	0	0	0	0	0	151	1091	dfa	unanchored	byte-class	reverse-pass	unwrapped	none	none		0	unanchored	36	3																
altwide/floor	default	match	40	5212	62	62	5212	0.012	0	0	0	0	0	0	0	0	0	0	0	0	0	0	0	0	0	dfa	unanchored	memchr	reverse-pass	unwrapped	none	none		0	unanchored	1	1	432.589941	226.343897	0.0	0.0	0.0	0.0	0.0	0.0	0.0	0.0	0.0	0.0	0.0	0.0	0.0	0.0
altwide/floor	default	search_short	40	5212	245	201	179	1.369	179	0	0	22	0	0	0	0	0	0	0	0	0	0	0	22	22	dfa	unanchored	memchr	reverse-pass	unwrapped	none	none		0	unanchored	1	1	542.566891	1761.889485	0.0	0.0	48.7	0.0	0.0	0.0	0.0	0.0	0.0	0.0	0.0	0.0	0.0	0.0
altwide/floor	default	throughput	4	917504	917504	917504	917504	1.000	917504	0	0	0	0	0	0	0	0	0	0	0	0	0	0	0	0	dfa	unanchored	memchr	reverse-pass	unwrapped	none	none		0	unanchored	1	1	15384.768033	15598.764679	0.0	0.0	0.0	0.0	0.0	0.0	0.0	0.0	0.0	0.0	0.0	0.0	0.0	0.0
altwide/floor	nocaps	match	40	5212	62	62	5212	0.012	0	0	0	0	0	0	0	0	0	0	0	0	0	0	0	0	0	dfa	unanchored	memchr	reverse-pass	unwrapped	none	none		0	unanchored	1	1																
altwide/floor	nocaps	search_short	40	5212	245	201	179	1.369	179	0	0	22	0	0	0	0	0	0	0	0	0	0	0	22	22	dfa	unanchored	memchr	reverse-pass	unwrapped	none	none		0	unanchored	1	1																
altwide/floor	nocaps	throughput	4	917504	917504	917504	917504	1.000	917504	0	0	0	0	0	0	0	0	0	0	0	0	0	0	0	0	dfa	unanchored	memchr	reverse-pass	unwrapped	none	none		0	unanchored	1	1																
altwide/nar4-256	default	match	40	5212	48	48	5212	0.009	0	0	0	0	0	0	0	0	0	0	0	0	0	0	0	0	0	dfa	unanchored	byte-class	reverse-pass	unwrapped	none	none		0	unanchored	12	3	453.427961	621.862878	0.0	0.0	0.0	0.0	0.0	0.0	0.0	0.0	0.0	0.0	0.0	0.0	0.0	0.0
altwide/nar4-256	default	search_short	40	5212	5559	5104	5103	1.089	0	0	0	0	9	0	0	0	0	0	0	0	0	0	0	9	13	dfa	unanchored	byte-class	reverse-pass	unwrapped	none	none		0	unanchored	12	3	4429.699681	10399.057864	0.0	0.0	0.0	7.2	0.0	0.0	0.0	0.0	0.0	0.0	0.0	0.0	0.0	0.0
altwide/nar4-256	default	throughput	4	917504	1003233	917504	917504	1.093	0	0	0	0	0	0	69	69	0	0	0	0	0	0	0	69	621	dfa	unanchored	byte-class	reverse-pass	unwrapped	none	none		0	unanchored	12	3	1800968.734104	1761531.022727	0.0	0.0	0.0	0.0	0.0	123.9	123.9	0.0	0.0	0.0	0.0	0.0	0.0	0.0
altwide/nar4-256	nocaps	match	40	5212	48	48	5212	0.009	0	0	0	0	0	0	0	0	0	0	0	0	0	0	0	0	0	dfa	unanchored	byte-class	reverse-pass	unwrapped	none	none		0	unanchored	12	3																
altwide/nar4-256	nocaps	search_short	40	5212	5559	5104	5103	1.089	0	0	0	0	9	0	0	0	0	0	0	0	0	0	0	9	13	dfa	unanchored	byte-class	reverse-pass	unwrapped	none	none		0	unanchored	12	3																
altwide/nar4-256	nocaps	throughput	4	917504	1003233	917504	917504	1.093	0	0	0	0	0	0	69	69	0	0	0	0	0	0	0	69	621	dfa	unanchored	byte-class	reverse-pass	unwrapped	none	none		0	unanchored	12	3																
altwide/nar4-512	default	match	40	5212	5557	5104	5212	1.066	0	0	0	0	0	0	0	0	0	0	0	0	0	0	0	0	0	dfa	unanchored	byte-class	reverse-pass	search-filter	none	none		0	unanchored	12	3	840.061903	622.632424	0.0	0.0	0.0	0.0	0.0	0.0	0.0	0.0	0.0	0.0	0.0	0.0	0.0	0.0
altwide/nar4-512	default	search_short	40	5212	5557	5104	5103	1.089	0	0	0	0	9	0	0	0	0	0	0	0	0	0	0	9	13	dfa	unanchored	byte-class	reverse-pass	search-filter	none	none		0	unanchored	12	3	5749.671759	10395.807119	0.0	0.0	0.0	9.3	0.0	0.0	0.0	0.0	0.0	0.0	0.0	0.0	0.0	0.0
altwide/nar4-512	default	throughput	4	917504	1002914	917504	917504	1.093	0	0	0	0	0	0	138	138	0	0	0	0	0	0	0	138	1173	dfa	unanchored	byte-class	reverse-pass	search-filter	none	none		0	unanchored	12	3	2037534.802548	1890665.666667	0.0	0.0	0.0	0.0	0.0	280.4	280.4	0.0	0.0	0.0	0.0	0.0	0.0	0.0
altwide/nar4-512	nocaps	match	40	5212	5557	5104	5212	1.066	0	0	0	0	0	0	0	0	0	0	0	0	0	0	0	0	0	dfa	unanchored	byte-class	reverse-pass	search-filter	none	none		0	unanchored	12	3																
altwide/nar4-512	nocaps	search_short	40	5212	5557	5104	5103	1.089	0	0	0	0	9	0	0	0	0	0	0	0	0	0	0	9	13	dfa	unanchored	byte-class	reverse-pass	search-filter	none	none		0	unanchored	12	3																
altwide/nar4-512	nocaps	throughput	4	917504	1002914	917504	917504	1.093	0	0	0	0	0	0	138	138	0	0	0	0	0	0	0	138	1173	dfa	unanchored	byte-class	reverse-pass	search-filter	none	none		0	unanchored	12	3																
altwide/nar4-64	default	match	40	5212	48	48	5212	0.009	0	0	0	0	0	0	0	0	0	0	0	0	0	0	0	0	0	dfa	unanchored	byte-class	reverse-pass	unwrapped	none	none		0	unanchored	12	4	457.348207	622.019805	0.0	0.0	0.0	0.0	0.0	0.0	0.0	0.0	0.0	0.0	0.0	0.0	0.0	0.0
altwide/nar4-64	default	search_short	40	5212	5580	5104	5103	1.093	0	0	0	0	9	0	0	0	0	0	0	0	0	0	0	9	13	dfa	unanchored	byte-class	reverse-pass	unwrapped	none	none		0	unanchored	12	4	4510.432019	5244.375452	0.0	0.0	0.0	7.3	0.0	0.0	0.0	0.0	0.0	0.0	0.0	0.0	0.0	0.0
altwide/nar4-64	default	throughput	4	917504	1008231	917504	917504	1.099	0	0	0	0	0	0	69	69	0	0	0	0	0	0	0	69	621	dfa	unanchored	byte-class	reverse-pass	unwrapped	none	none		0	unanchored	12	4	1910195.150289	657758.757576	0.0	0.0	0.0	0.0	0.0	130.7	130.7	0.0	0.0	0.0	0.0	0.0	0.0	0.0
altwide/nar4-64	nocaps	match	40	5212	48	48	5212	0.009	0	0	0	0	0	0	0	0	0	0	0	0	0	0	0	0	0	dfa	unanchored	byte-class	reverse-pass	unwrapped	none	none		0	unanchored	12	4																
altwide/nar4-64	nocaps	search_short	40	5212	5580	5104	5103	1.093	0	0	0	0	9	0	0	0	0	0	0	0	0	0	0	9	13	dfa	unanchored	byte-class	reverse-pass	unwrapped	none	none		0	unanchored	12	4																
altwide/nar4-64	nocaps	throughput	4	917504	1008231	917504	917504	1.099	0	0	0	0	0	0	69	69	0	0	0	0	0	0	0	69	621	dfa	unanchored	byte-class	reverse-pass	unwrapped	none	none		0	unanchored	12	4																
altwide/pfx3-256	default	match	40	5212	49	49	5212	0.009	0	0	0	0	0	0	0	0	0	0	0	0	0	0	0	0	0	dfa	unanchored	run-pinned	reverse-pass	unwrapped	717578@0	none		0	unanchored	12	6	461.626666	533.448951	0.0	0.0	0.0	0.0	0.0	0.0	0.0	0.0	0.0	0.0	0.0	0.0	0.0	0.0
altwide/pfx3-256	default	search_short	40	5212	5393	5106	5106	1.056	5091	0	0	0	17	0	0	0	0	0	0	0	0	0	0	17	264	dfa	unanchored	run-pinned	reverse-pass	unwrapped	717578@0	none		0	unanchored	12	6	1016.876224	4007.297748	0.0	0.0	0.0	3.2	0.0	0.0	0.0	0.0	0.0	0.0	0.0	0.0	0.0	0.0
altwide/pfx3-256	default	throughput	4	917504	975467	917504	917504	1.063	916904	0	0	0	522	0	69	69	0	0	0	0	0	0	0	591	57012	dfa	unanchored	run-pinned	reverse-pass	unwrapped	717578@0	none		0	unanchored	12	6	306618.198661	366444.861689	0.0	0.0	0.0	164.1	0.0	21.7	21.7	0.0	0.0	0.0	0.0	0.0	0.0	0.0
altwide/pfx3-256	nocaps	match	40	5212	49	49	5212	0.009	0	0	0	0	0	0	0	0	0	0	0	0	0	0	0	0	0	dfa	unanchored	run-pinned	reverse-pass	unwrapped	717578@0	none		0	unanchored	12	6																
altwide/pfx3-256	nocaps	search_short	40	5212	5393	5106	5106	1.056	5091	0	0	0	17	0	0	0	0	0	0	0	0	0	0	17	264	dfa	unanchored	run-pinned	reverse-pass	unwrapped	717578@0	none		0	unanchored	12	6																
altwide/pfx3-256	nocaps	throughput	4	917504	975467	917504	917504	1.063	916904	0	0	0	522	0	69	69	0	0	0	0	0	0	0	591	57012	dfa	unanchored	run-pinned	reverse-pass	unwrapped	717578@0	none		0	unanchored	12	6																
altwide/pfx3-512	default	match	40	5212	5393	5106	5212	1.035	5091	0	0	0	0	0	0	0	0	0	5057	0	0	0	0	5057	0	dfa	unanchored	run-pinned	reverse-pass	search-filter	717578@0	none		0	unanchored	12	6	805.883915	533.401422	0.0	0.0	0.0	0.0	0.0	0.0	0.0	0.0	0.0	755.7	0.0	0.0	0.0	0.0
altwide/pfx3-512	default	search_short	40	5212	5393	5106	5106	1.056	5091	0	0	0	17	0	0	0	0	0	0	0	0	0	0	17	264	dfa	unanchored	run-pinned	reverse-pass	search-filter	717578@0	none		0	unanchored	12	6	1014.530681	7652.601565	0.0	0.0	0.0	3.2	0.0	0.0	0.0	0.0	0.0	0.0	0.0	0.0	0.0	0.0
altwide/pfx3-512	default	throughput	4	917504	975467	917504	917504	1.063	916898	0	0	0	522	0	69	69	0	0	0	0	0	0	0	591	57012	dfa	unanchored	run-pinned	reverse-pass	search-filter	717578@0	none		0	unanchored	12	6	306914.274839	812979.55102	0.0	0.0	0.0	164.2	0.0	21.7	21.7	0.0	0.0	0.0	0.0	0.0	0.0	0.0
altwide/pfx3-512	nocaps	match	40	5212	5393	5106	5212	1.035	5091	0	0	0	0	0	0	0	0	0	5057	0	0	0	0	5057	0	dfa	unanchored	run-pinned	reverse-pass	search-filter	717578@0	none		0	unanchored	12	6																
altwide/pfx3-512	nocaps	search_short	40	5212	5393	5106	5106	1.056	5091	0	0	0	17	0	0	0	0	0	0	0	0	0	0	17	264	dfa	unanchored	run-pinned	reverse-pass	search-filter	717578@0	none		0	unanchored	12	6																
altwide/pfx3-512	nocaps	throughput	4	917504	975467	917504	917504	1.063	916898	0	0	0	522	0	69	69	0	0	0	0	0	0	0	591	57012	dfa	unanchored	run-pinned	reverse-pass	search-filter	717578@0	none		0	unanchored	12	6																
altwide/s-2048	default	match	40	5212	5731	5105	5212	1.100	0	0	0	0	0	0	0	0	0	0	0	0	0	0	0	0	0	dfa	unanchored	byte-class	reverse-pass	search-filter	none	none		0	unanchored	6	3																
altwide/s-2048	default	search_short	40	5212	5731	5105	5104	1.123	0	0	0	0	8	0	0	0	0	0	0	0	0	0	0	8	6	dfa	unanchored	byte-class	reverse-pass	search-filter	none	none		0	unanchored	6	3	15099.516247	10616.413047	0.0	0.0	0.0	21.1	0.0	0.0	0.0	0.0	0.0	0.0	0.0	0.0	0.0	0.0
altwide/s-2048	default	throughput	4	917504	1022255	917504	917504	1.114	0	0	0	0	0	0	138	138	0	0	0	0	0	0	0	138	621	dfa	unanchored	byte-class	reverse-pass	search-filter	none	none		0	unanchored	6	3	4861426.230769	9737020.833333	0.0	0.0	0.0	0.0	0.0	656.3	656.3	0.0	0.0	0.0	0.0	0.0	0.0	0.0
altwide/s-2048	nocaps	match	40	5212	5731	5105	5212	1.100	0	0	0	0	0	0	0	0	0	0	0	0	0	0	0	0	0	dfa	unanchored	byte-class	reverse-pass	search-filter	none	none		0	unanchored	6	3																
altwide/s-2048	nocaps	search_short	40	5212	5731	5105	5104	1.123	0	0	0	0	8	0	0	0	0	0	0	0	0	0	0	8	6	dfa	unanchored	byte-class	reverse-pass	search-filter	none	none		0	unanchored	6	3																
altwide/s-2048	nocaps	throughput	4	917504	1022255	917504	917504	1.114	0	0	0	0	0	0	138	138	0	0	0	0	0	0	0	138	621	dfa	unanchored	byte-class	reverse-pass	search-filter	none	none		0	unanchored	6	3																
altwide/s-256	default	match	40	5212	72	72	5212	0.014	0	0	0	0	0	0	0	0	0	0	0	0	0	0	0	0	0	dfa	unanchored	byte-class	reverse-pass	unwrapped	none	none		0	unanchored	6	3	469.121393	541.350385	0.0	0.0	0.0	0.0	0.0	0.0	0.0	0.0	0.0	0.0	0.0	0.0	0.0	0.0
altwide/s-256	default	search_short	40	5212	5731	5105	5104	1.123	0	0	0	0	8	0	0	0	0	0	0	0	0	0	0	8	6	dfa	unanchored	byte-class	reverse-pass	unwrapped	none	none		0	unanchored	6	3	8245.884283	10581.500482	0.0	0.0	0.0	11.5	0.0	0.0	0.0	0.0	0.0	0.0	0.0	0.0	0.0	0.0
altwide/s-256	default	throughput	4	917504	1021772	917504	917504	1.114	0	0	0	0	0	0	69	69	0	0	0	0	0	0	0	69	276	dfa	unanchored	byte-class	reverse-pass	unwrapped	none	none		0	unanchored	6	3	2894134.982143	2193514.681818	0.0	0.0	0.0	0.0	0.0	195.4	195.4	0.0	0.0	0.0	0.0	0.0	0.0	0.0
altwide/s-256	nocaps	match	40	5212	72	72	5212	0.014	0	0	0	0	0	0	0	0	0	0	0	0	0	0	0	0	0	dfa	unanchored	byte-class	reverse-pass	unwrapped	none	none		0	unanchored	6	3																
altwide/s-256	nocaps	search_short	40	5212	5731	5105	5104	1.123	0	0	0	0	8	0	0	0	0	0	0	0	0	0	0	8	6	dfa	unanchored	byte-class	reverse-pass	unwrapped	none	none		0	unanchored	6	3																
altwide/s-256	nocaps	throughput	4	917504	1021772	917504	917504	1.114	0	0	0	0	0	0	69	69	0	0	0	0	0	0	0	69	276	dfa	unanchored	byte-class	reverse-pass	unwrapped	none	none		0	unanchored	6	3																
altwide/s-512	default	match	40	5212	75	75	5212	0.014	0	0	0	0	0	0	0	0	0	0	0	0	0	0	0	0	0	dfa	unanchored	byte-class	reverse-pass	unwrapped	none	none		0	unanchored	6	3	455.538004	542.66106	0.0	0.0	0.0	0.0	0.0	0.0	0.0	0.0	0.0	0.0	0.0	0.0	0.0	0.0
altwide/s-512	default	search_short	40	5212	5731	5105	5104	1.123	0	0	0	0	8	0	0	0	0	0	0	0	0	0	0	8	6	dfa	unanchored	byte-class	reverse-pass	unwrapped	none	none		0	unanchored	6	3	8252.019524	10582.573018	0.0	0.0	0.0	11.5	0.0	0.0	0.0	0.0	0.0	0.0	0.0	0.0	0.0	0.0
altwide/s-512	default	throughput	4	917504	1021772	917504	917504	1.114	0	0	0	0	0	0	69	69	0	0	0	0	0	0	0	69	276	dfa	unanchored	byte-class	reverse-pass	unwrapped	none	none		0	unanchored	6	3	3182931.27451	3526350.0	0.0	0.0	0.0	0.0	0.0	214.9	214.9	0.0	0.0	0.0	0.0	0.0	0.0	0.0
altwide/s-512	nocaps	match	40	5212	75	75	5212	0.014	0	0	0	0	0	0	0	0	0	0	0	0	0	0	0	0	0	dfa	unanchored	byte-class	reverse-pass	unwrapped	none	none		0	unanchored	6	3																
altwide/s-512	nocaps	search_short	40	5212	5731	5105	5104	1.123	0	0	0	0	8	0	0	0	0	0	0	0	0	0	0	8	6	dfa	unanchored	byte-class	reverse-pass	unwrapped	none	none		0	unanchored	6	3																
altwide/s-512	nocaps	throughput	4	917504	1021772	917504	917504	1.114	0	0	0	0	0	0	69	69	0	0	0	0	0	0	0	69	276	dfa	unanchored	byte-class	reverse-pass	unwrapped	none	none		0	unanchored	6	3																
altwide/sfx-256	default	match	40	5212	71	71	5212	0.014	0	0	0	0	0	0	0	0	0	0	0	0	0	0	0	0	0	dfa	unanchored	byte-class	reverse-pass	unwrapped	696e67@2	9		0	unanchored	12	6	470.831681	545.241049	0.0	0.0	0.0	0.0	0.0	0.0	0.0	0.0	0.0	0.0	0.0	0.0	0.0	0.0
altwide/sfx-256	default	search_short	40	5212	5317	5027	5103	1.042	5023	0	0	0	9	0	0	0	251	19	0	0	0	0	5	279	0	dfa	unanchored	byte-class	reverse-pass	unwrapped	696e67@2	9		0	unanchored	12	6	1191.525377	10286.048696	0.0	0.0	0.0	2.0	0.0	0.0	0.0	56.2	4.3	0.0	0.0	0.0	0.0	1.1
altwide/sfx-256	default	throughput	4	917504	1017995	917430	917504	1.110	98756	0	0	0	10	0	69	69	6185	849	0	0	0	0	731192	737456	0	dfa	unanchored	byte-class	reverse-pass	unwrapped	696e67@2	9		0	unanchored	12	6	2957770.127273	2257277.571429	0.0	0.0	0.0	29.1	0.0	200.5	200.5	17970.4	2466.8	0.0	0.0	0.0	0.0	2124468.1
altwide/sfx-256	nocaps	match	40	5212	71	71	5212	0.014	0	0	0	0	0	0	0	0	0	0	0	0	0	0	0	0	0	dfa	unanchored	byte-class	reverse-pass	unwrapped	696e67@2	9		0	unanchored	12	6																
altwide/sfx-256	nocaps	search_short	40	5212	5317	5027	5103	1.042	5023	0	0	0	9	0	0	0	251	19	0	0	0	0	5	279	0	dfa	unanchored	byte-class	reverse-pass	unwrapped	696e67@2	9		0	unanchored	12	6																
altwide/sfx-256	nocaps	throughput	4	917504	1017995	917430	917504	1.110	98756	0	0	0	10	0	69	69	6185	849	0	0	0	0	731192	737456	0	dfa	unanchored	byte-class	reverse-pass	unwrapped	696e67@2	9		0	unanchored	12	6																
altwide/sfx-512	default	match	40	5212	5317	5027	5212	1.020	5023	0	0	0	0	0	0	0	0	0	4958	0	0	0	0	4958	0	dfa	unanchored	byte-class	reverse-pass	search-filter	696e67@2	9		0	unanchored	12	6	605.763056	544.562564	0.0	0.0	0.0	0.0	0.0	0.0	0.0	0.0	0.0	564.9	0.0	0.0	0.0	0.0
altwide/sfx-512	default	search_short	40	5212	5317	5027	5103	1.042	5023	0	0	0	9	0	0	0	251	19	0	0	0	0	5	279	0	dfa	unanchored	byte-class	reverse-pass	search-filter	696e67@2	9		0	unanchored	12	6	1188.752567	10286.143026	0.0	0.0	0.0	2.0	0.0	0.0	0.0	56.1	4.2	0.0	0.0	0.0	0.0	1.1
altwide/sfx-512	default	throughput	4	917504	1002677	917368	917504	1.093	421387	0	0	0	272	0	138	138	25874	1598	0	0	0	0	442366	468650	0	dfa	unanchored	byte-class	reverse-pass	search-filter	696e67@2	9		0	unanchored	12	6	3247703.443299	3610007.333333	0.0	0.0	0.0	881.0	0.0	447.0	447.0	83806.7	5176.0	0.0	0.0	0.0	0.0	1432837.9
altwide/sfx-512	nocaps	match	40	5212	5317	5027	5212	1.020	5023	0	0	0	0	0	0	0	0	0	4958	0	0	0	0	4958	0	dfa	unanchored	byte-class	reverse-pass	search-filter	696e67@2	9		0	unanchored	12	6																
altwide/sfx-512	nocaps	search_short	40	5212	5317	5027	5103	1.042	5023	0	0	0	9	0	0	0	251	19	0	0	0	0	5	279	0	dfa	unanchored	byte-class	reverse-pass	search-filter	696e67@2	9		0	unanchored	12	6																
altwide/sfx-512	nocaps	throughput	4	917504	1002677	917368	917504	1.093	421387	0	0	0	272	0	138	138	25874	1598	0	0	0	0	442366	468650	0	dfa	unanchored	byte-class	reverse-pass	search-filter	696e67@2	9		0	unanchored	12	6																
altwide/sfx-64	default	match	40	5212	63	63	5212	0.012	0	0	0	0	0	0	0	0	0	0	0	0	0	0	0	0	0	dfa	unanchored	byte-class	reverse-pass	unwrapped	696e67@2	9		0	unanchored	12	6	462.110444	542.882753	0.0	0.0	0.0	0.0	0.0	0.0	0.0	0.0	0.0	0.0	0.0	0.0	0.0	0.0
altwide/sfx-64	default	search_short	40	5212	5317	5027	5103	1.042	5023	0	0	0	9	0	0	0	251	19	0	0	0	0	5	279	0	dfa	unanchored	byte-class	reverse-pass	unwrapped	696e67@2	9		0	unanchored	12	6	1188.020076	5771.084985	0.0	0.0	0.0	2.0	0.0	0.0	0.0	56.1	4.2	0.0	0.0	0.0	0.0	1.1
altwide/sfx-64	default	throughput	4	917504	1033408	917430	917504	1.126	98756	0	0	0	10	0	69	69	6185	842	0	0	0	0	723568	729832	0	dfa	unanchored	byte-class	reverse-pass	unwrapped	696e67@2	9		0	unanchored	12	6	3226682.137255	849092.641732	0.0	0.0	0.0	31.2	0.0	215.4	215.4	19311.9	2629.0	0.0	0.0	0.0	0.0	2259247.0
altwide/sfx-64	nocaps	match	40	5212	63	63	5212	0.012	0	0	0	0	0	0	0	0	0	0	0	0	0	0	0	0	0	dfa	unanchored	byte-class	reverse-pass	unwrapped	696e67@2	9		0	unanchored	12	6																
altwide/sfx-64	nocaps	search_short	40	5212	5317	5027	5103	1.042	5023	0	0	0	9	0	0	0	251	19	0	0	0	0	5	279	0	dfa	unanchored	byte-class	reverse-pass	unwrapped	696e67@2	9		0	unanchored	12	6																
altwide/sfx-64	nocaps	throughput	4	917504	1033408	917430	917504	1.126	98756	0	0	0	10	0	69	69	6185	842	0	0	0	0	723568	729832	0	dfa	unanchored	byte-class	reverse-pass	unwrapped	696e67@2	9		0	unanchored	12	6																
altwide/sh1-256	default	match	40	5212	46	46	5212	0.009	0	0	0	0	0	0	0	0	0	0	0	0	0	0	0	0	0	dfa	unanchored	memchr	reverse-pass	unwrapped	none	none		0	unanchored	12	3	459.619104	611.034657	0.0	0.0	0.0	0.0	0.0	0.0	0.0	0.0	0.0	0.0	0.0	0.0	0.0	0.0
altwide/sh1-256	default	search_short	40	5212	5242	5088	5087	1.030	4775	0	0	0	5	0	0	0	0	0	0	0	0	0	0	5	6	dfa	unanchored	memchr	reverse-pass	unwrapped	none	none		0	unanchored	12	3	1500.444444	10284.914622	0.0	0.0	0.0	1.4	0.0	0.0	0.0	0.0	0.0	0.0	0.0	0.0	0.0	0.0
altwide/sh1-256	default	throughput	4	917504	943701	917504	917504	1.029	861086	0	0	0	0	0	69	69	0	0	0	0	0	0	0	69	345	dfa	unanchored	memchr	reverse-pass	unwrapped	none	none		0	unanchored	12	3	498191.224678	1676501.171053	0.0	0.0	0.0	0.0	0.0	36.4	36.4	0.0	0.0	0.0	0.0	0.0	0.0	0.0
altwide/sh1-256	nocaps	match	40	5212	46	46	5212	0.009	0	0	0	0	0	0	0	0	0	0	0	0	0	0	0	0	0	dfa	unanchored	memchr	reverse-pass	unwrapped	none	none		0	unanchored	12	3																
altwide/sh1-256	nocaps	search_short	40	5212	5242	5088	5087	1.030	4775	0	0	0	5	0	0	0	0	0	0	0	0	0	0	5	6	dfa	unanchored	memchr	reverse-pass	unwrapped	none	none		0	unanchored	12	3																
altwide/sh1-256	nocaps	throughput	4	917504	943701	917504	917504	1.029	861086	0	0	0	0	0	69	69	0	0	0	0	0	0	0	69	345	dfa	unanchored	memchr	reverse-pass	unwrapped	none	none		0	unanchored	12	3																
altwide/sh1-512	default	match	40	5212	5241	5088	5212	1.006	4753	0	0	0	0	0	0	0	0	0	5041	0	0	0	0	5041	0	dfa	unanchored	memchr	reverse-pass	search-filter	none	none		0	unanchored	12	3	780.180653	613.936796	0.0	0.0	0.0	0.0	0.0	0.0	0.0	0.0	0.0	750.4	0.0	0.0	0.0	0.0
altwide/sh1-512	default	search_short	40	5212	5241	5088	5087	1.030	4753	0	0	0	5	0	0	0	0	0	0	0	0	0	0	5	6	dfa	unanchored	memchr	reverse-pass	search-filter	none	none		0	unanchored	12	3	1517.17256	10292.316606	0.0	0.0	0.0	1.4	0.0	0.0	0.0	0.0	0.0	0.0	0.0	0.0	0.0	0.0
altwide/sh1-512	default	throughput	4	917504	944547	917504	917504	1.029	856482	0	0	0	26	0	138	138	0	0	0	0	0	0	0	164	1147	dfa	unanchored	memchr	reverse-pass	search-filter	none	none		0	unanchored	12	3	555129.942094	1722676.830508	0.0	0.0	0.0	15.3	0.0	81.1	81.1	0.0	0.0	0.0	0.0	0.0	0.0	0.0
altwide/sh1-512	nocaps	match	40	5212	5241	5088	5212	1.006	4753	0	0	0	0	0	0	0	0	0	5041	0	0	0	0	5041	0	dfa	unanchored	memchr	reverse-pass	search-filter	none	none		0	unanchored	12	3																
altwide/sh1-512	nocaps	search_short	40	5212	5241	5088	5087	1.030	4753	0	0	0	5	0	0	0	0	0	0	0	0	0	0	5	6	dfa	unanchored	memchr	reverse-pass	search-filter	none	none		0	unanchored	12	3																
altwide/sh1-512	nocaps	throughput	4	917504	944547	917504	917504	1.029	856482	0	0	0	26	0	138	138	0	0	0	0	0	0	0	164	1147	dfa	unanchored	memchr	reverse-pass	search-filter	none	none		0	unanchored	12	3																
altwide/sh1-64	default	match	40	5212	46	46	5212	0.009	0	0	0	0	0	0	0	0	0	0	0	0	0	0	0	0	0	dfa	unanchored	memchr	reverse-pass	unwrapped	none	none		0	unanchored	12	3	423.848295	612.48584	0.0	0.0	0.0	0.0	0.0	0.0	0.0	0.0	0.0	0.0	0.0	0.0	0.0	0.0
altwide/sh1-64	default	search_short	40	5212	5243	5088	5087	1.031	4801	0	0	0	5	0	0	0	0	0	0	0	0	0	0	5	6	dfa	unanchored	memchr	reverse-pass	unwrapped	none	none		0	unanchored	12	3	1472.483146	4637.220422	0.0	0.0	0.0	1.4	0.0	0.0	0.0	0.0	0.0	0.0	0.0	0.0	0.0	0.0
altwide/sh1-64	default	throughput	4	917504	943871	917504	917504	1.029	867431	0	0	0	0	0	69	69	0	0	0	0	0	0	0	69	345	dfa	unanchored	memchr	reverse-pass	unwrapped	none	none		0	unanchored	12	3	452374.88253	755843.769737	0.0	0.0	0.0	0.0	0.0	33.1	33.1	0.0	0.0	0.0	0.0	0.0	0.0	0.0
altwide/sh1-64	nocaps	match	40	5212	46	46	5212	0.009	0	0	0	0	0	0	0	0	0	0	0	0	0	0	0	0	0	dfa	unanchored	memchr	reverse-pass	unwrapped	none	none		0	unanchored	12	3																
altwide/sh1-64	nocaps	search_short	40	5212	5243	5088	5087	1.031	4801	0	0	0	5	0	0	0	0	0	0	0	0	0	0	5	6	dfa	unanchored	memchr	reverse-pass	unwrapped	none	none		0	unanchored	12	3																
altwide/sh1-64	nocaps	throughput	4	917504	943871	917504	917504	1.029	867431	0	0	0	0	0	69	69	0	0	0	0	0	0	0	69	345	dfa	unanchored	memchr	reverse-pass	unwrapped	none	none		0	unanchored	12	3																
altwide/srt-256	default	match	40	5212	111	111	5212	0.021	0	0	0	0	0	0	0	0	0	0	0	0	0	0	0	0	0	dfa	unanchored	byte-class	reverse-pass	unwrapped	none	none		0	unanchored	12	3	1061.995923	900.657996	0.0	0.0	0.0	0.0	0.0	0.0	0.0	0.0	0.0	0.0	0.0	0.0	0.0	0.0
altwide/srt-256	default	search_short	40	5212	5235	4568	4561	1.148	0	0	0	0	48	0	0	0	0	0	0	0	0	0	0	48	72	dfa	unanchored	byte-class	reverse-pass	unwrapped	none	none		0	unanchored	12	3	7613.713835	11967.325991	0.0	0.0	0.0	69.8	0.0	0.0	0.0	0.0	0.0	0.0	0.0	0.0	0.0	0.0
altwide/srt-256	default	throughput	4	917504	1023359	917504	917504	1.115	0	0	0	0	13	0	207	207	0	0	0	0	0	0	0	220	1574	dfa	unanchored	byte-class	reverse-pass	unwrapped	none	none		0	unanchored	12	3	2907081.424779	2269539.952381	0.0	0.0	0.0	36.9	0.0	588.0	588.0	0.0	0.0	0.0	0.0	0.0	0.0	0.0
altwide/srt-256	nocaps	match	40	5212	111	111	5212	0.021	0	0	0	0	0	0	0	0	0	0	0	0	0	0	0	0	0	dfa	unanchored	byte-class	reverse-pass	unwrapped	none	none		0	unanchored	12	3																
altwide/srt-256	nocaps	search_short	40	5212	5235	4568	4561	1.148	0	0	0	0	48	0	0	0	0	0	0	0	0	0	0	48	72	dfa	unanchored	byte-class	reverse-pass	unwrapped	none	none		0	unanchored	12	3																
altwide/srt-256	nocaps	throughput	4	917504	1023359	917504	917504	1.115	0	0	0	0	13	0	207	207	0	0	0	0	0	0	0	220	1574	dfa	unanchored	byte-class	reverse-pass	unwrapped	none	none		0	unanchored	12	3																
altwide/srt-512	default	match	40	5212	5248	4568	5212	1.007	0	0	0	0	0	0	0	0	0	0	0	0	0	0	0	0	0	dfa	unanchored	byte-class	reverse-pass	search-filter	none	none		0	unanchored	12	3	1490.155622	1014.332029	0.0	0.0	0.0	0.0	0.0	0.0	0.0	0.0	0.0	0.0	0.0	0.0	0.0	0.0
altwide/srt-512	default	search_short	40	5212	5248	4568	4561	1.151	0	0	0	0	54	0	0	0	0	0	0	0	0	0	0	54	79	dfa	unanchored	byte-class	reverse-pass	search-filter	none	none		0	unanchored	12	3	13685.782047	12628.897213	0.0	0.0	0.0	140.8	0.0	0.0	0.0	0.0	0.0	0.0	0.0	0.0	0.0	0.0
altwide/srt-512	default	throughput	4	917504	1023911	917504	917504	1.116	0	0	0	0	13	0	276	276	0	0	0	0	0	0	0	289	1988	dfa	unanchored	byte-class	reverse-pass	search-filter	none	none		0	unanchored	12	3	4097687.617284	3525817.615385	0.0	0.0	0.0	52.0	0.0	1104.6	1104.6	0.0	0.0	0.0	0.0	0.0	0.0	0.0
altwide/srt-512	nocaps	match	40	5212	5248	4568	5212	1.007	0	0	0	0	0	0	0	0	0	0	0	0	0	0	0	0	0	dfa	unanchored	byte-class	reverse-pass	search-filter	none	none		0	unanchored	12	3																
altwide/srt-512	nocaps	search_short	40	5212	5248	4568	4561	1.151	0	0	0	0	54	0	0	0	0	0	0	0	0	0	0	54	79	dfa	unanchored	byte-class	reverse-pass	search-filter	none	none		0	unanchored	12	3																
altwide/srt-512	nocaps	throughput	4	917504	1023911	917504	917504	1.116	0	0	0	0	13	0	276	276	0	0	0	0	0	0	0	289	1988	dfa	unanchored	byte-class	reverse-pass	search-filter	none	none		0	unanchored	12	3																
altwide/w-128	default	match	40	5212	104	103	5212	0.020	0	0	0	0	0	0	0	0	0	0	0	0	0	0	0	0	0	dfa	unanchored	byte-class	reverse-pass	unwrapped	none	none		0	unanchored	12	3	490.379727	781.488922	0.0	0.0	0.0	0.0	0.0	0.0	0.0	0.0	0.0	0.0	0.0	0.0	0.0	0.0
altwide/w-128	default	search_short	40	5212	5403	4670	4664	1.158	0	0	0	0	41	0	0	0	0	0	0	0	0	0	0	41	63	dfa	unanchored	byte-class	reverse-pass	unwrapped	none	none		0	unanchored	12	3	7586.142158	11324.425803	0.0	0.0	0.0	57.6	0.0	0.0	0.0	0.0	0.0	0.0	0.0	0.0	0.0	0.0
altwide/w-128	default	throughput	4	917504	1038799	917504	917504	1.132	0	0	0	0	13	0	138	138	0	0	0	0	0	0	0	151	1091	dfa	unanchored	byte-class	reverse-pass	unwrapped	none	none		0	unanchored	12	3	3114253.477064	1799906.112903	0.0	0.0	0.0	39.0	0.0	413.7	413.7	0.0	0.0	0.0	0.0	0.0	0.0	0.0
altwide/w-128	nocaps	match	40	5212	104	103	5212	0.020	0	0	0	0	0	0	0	0	0	0	0	0	0	0	0	0	0	dfa	unanchored	byte-class	reverse-pass	unwrapped	none	none		0	unanchored	12	3																
altwide/w-128	nocaps	search_short	40	5212	5403	4670	4664	1.158	0	0	0	0	41	0	0	0	0	0	0	0	0	0	0	41	63	dfa	unanchored	byte-class	reverse-pass	unwrapped	none	none		0	unanchored	12	3																
altwide/w-128	nocaps	throughput	4	917504	1038799	917504	917504	1.132	0	0	0	0	13	0	138	138	0	0	0	0	0	0	0	151	1091	dfa	unanchored	byte-class	reverse-pass	unwrapped	none	none		0	unanchored	12	3																
altwide/w-192	default	match	40	5212	104	104	5212	0.020	0	0	0	0	0	0	0	0	0	0	0	0	0	0	0	0	0	dfa	unanchored	byte-class	reverse-pass	unwrapped	none	none		0	unanchored	12	3	492.936218	781.550263	0.0	0.0	0.0	0.0	0.0	0.0	0.0	0.0	0.0	0.0	0.0	0.0	0.0	0.0
altwide/w-192	default	search_short	40	5212	5398	4670	4664	1.157	0	0	0	0	41	0	0	0	0	0	0	0	0	0	0	41	63	dfa	unanchored	byte-class	reverse-pass	unwrapped	none	none		0	unanchored	12	3	7591.733337	11402.542317	0.0	0.0	0.0	57.7	0.0	0.0	0.0	0.0	0.0	0.0	0.0	0.0	0.0	0.0
altwide/w-192	default	throughput	4	917504	1037353	917504	917504	1.131	0	0	0	0	13	0	138	138	0	0	0	0	0	0	0	151	1091	dfa	unanchored	byte-class	reverse-pass	unwrapped	none	none		0	unanchored	12	3	3115150.357798	1983246.239264	0.0	0.0	0.0	39.0	0.0	414.4	414.4	0.0	0.0	0.0	0.0	0.0	0.0	0.0
altwide/w-192	nocaps	match	40	5212	104	104	5212	0.020	0	0	0	0	0	0	0	0	0	0	0	0	0	0	0	0	0	dfa	unanchored	byte-class	reverse-pass	unwrapped	none	none		0	unanchored	12	3																
altwide/w-192	nocaps	search_short	40	5212	5398	4670	4664	1.157	0	0	0	0	41	0	0	0	0	0	0	0	0	0	0	41	63	dfa	unanchored	byte-class	reverse-pass	unwrapped	none	none		0	unanchored	12	3																
altwide/w-192	nocaps	throughput	4	917504	1037353	917504	917504	1.131	0	0	0	0	13	0	138	138	0	0	0	0	0	0	0	151	1091	dfa	unanchored	byte-class	reverse-pass	unwrapped	none	none		0	unanchored	12	3																
altwide/w-256	default	match	40	5212	111	111	5212	0.021	0	0	0	0	0	0	0	0	0	0	0	0	0	0	0	0	0	dfa	unanchored	byte-class	reverse-pass	unwrapped	none	none		0	unanchored	12	3	1059.713963	904.857336	0.0	0.0	0.0	0.0	0.0	0.0	0.0	0.0	0.0	0.0	0.0	0.0	0.0	0.0
altwide/w-256	default	search_short	40	5212	5235	4568	4561	1.148	0	0	0	0	48	0	0	0	0	0	0	0	0	0	0	48	72	dfa	unanchored	byte-class	reverse-pass	unwrapped	none	none		0	unanchored	12	3	7621.305824	11936.419024	0.0	0.0	0.0	69.9	0.0	0.0	0.0	0.0	0.0	0.0	0.0	0.0	0.0	0.0
altwide/w-256	default	throughput	4	917504	1023359	917504	917504	1.115	0	0	0	0	13	0	207	207	0	0	0	0	0	0	0	220	1574	dfa	unanchored	byte-class	reverse-pass	unwrapped	none	none		0	unanchored	12	3	2904399.681818	2247125.863636	0.0	0.0	0.0	36.9	0.0	587.5	587.5	0.0	0.0	0.0	0.0	0.0	0.0	0.0
altwide/w-256	nocaps	match	40	5212	111	111	5212	0.021	0	0	0	0	0	0	0	0	0	0	0	0	0	0	0	0	0	dfa	unanchored	byte-class	reverse-pass	unwrapped	none	none		0	unanchored	12	3																
altwide/w-256	nocaps	search_short	40	5212	5235	4568	4561	1.148	0	0	0	0	48	0	0	0	0	0	0	0	0	0	0	48	72	dfa	unanchored	byte-class	reverse-pass	unwrapped	none	none		0	unanchored	12	3																
altwide/w-256	nocaps	throughput	4	917504	1023359	917504	917504	1.115	0	0	0	0	13	0	207	207	0	0	0	0	0	0	0	220	1574	dfa	unanchored	byte-class	reverse-pass	unwrapped	none	none		0	unanchored	12	3																
altwide/w-384	default	match	40	5212	5235	4568	5212	1.004	0	0	0	0	0	0	0	0	0	0	4456	0	0	0	0	4456	0	dfa	unanchored	byte-class	reverse-pass	search-filter	none	none		0	unanchored	12	3	1431.130205	903.808096	0.0	0.0	0.0	0.0	0.0	0.0	0.0	0.0	0.0	1218.2	0.0	0.0	0.0	0.0
altwide/w-384	default	search_short	40	5212	5235	4568	4561	1.148	0	0	0	0	48	0	0	0	0	0	0	0	0	0	0	48	72	dfa	unanchored	byte-class	reverse-pass	search-filter	none	none		0	unanchored	12	3	7638.297844	11975.035142	0.0	0.0	0.0	70.0	0.0	0.0	0.0	0.0	0.0	0.0	0.0	0.0	0.0	0.0
altwide/w-384	default	throughput	4	917504	1023359	917504	917504	1.115	0	0	0	0	13	0	207	207	0	0	0	0	0	0	0	220	1574	dfa	unanchored	byte-class	reverse-pass	search-filter	none	none		0	unanchored	12	3	3021117.190909	2842112.375	0.0	0.0	0.0	38.4	0.0	611.1	611.1	0.0	0.0	0.0	0.0	0.0	0.0	0.0
altwide/w-384	nocaps	match	40	5212	5235	4568	5212	1.004	0	0	0	0	0	0	0	0	0	0	4456	0	0	0	0	4456	0	dfa	unanchored	byte-class	reverse-pass	search-filter	none	none		0	unanchored	12	3																
altwide/w-384	nocaps	search_short	40	5212	5235	4568	4561	1.148	0	0	0	0	48	0	0	0	0	0	0	0	0	0	0	48	72	dfa	unanchored	byte-class	reverse-pass	search-filter	none	none		0	unanchored	12	3																
altwide/w-384	nocaps	throughput	4	917504	1023359	917504	917504	1.115	0	0	0	0	13	0	207	207	0	0	0	0	0	0	0	220	1574	dfa	unanchored	byte-class	reverse-pass	search-filter	none	none		0	unanchored	12	3																
altwide/w-512	default	match	40	5212	5248	4568	5212	1.007	0	0	0	0	0	0	0	0	0	0	0	0	0	0	0	0	0	dfa	unanchored	byte-class	reverse-pass	search-filter	none	none		0	unanchored	12	3	1491.547409	1030.256048	0.0	0.0	0.0	0.0	0.0	0.0	0.0	0.0	0.0	0.0	0.0	0.0	0.0	0.0
altwide/w-512	default	search_short	40	5212	5248	4568	4561	1.151	0	0	0	0	54	0	0	0	0	0	0	0	0	0	0	54	79	dfa	unanchored	byte-class	reverse-pass	search-filter	none	none		0	unanchored	12	3	13718.807195	12672.258921	0.0	0.0	0.0	141.2	0.0	0.0	0.0	0.0	0.0	0.0	0.0	0.0	0.0	0.0
altwide/w-512	default	throughput	4	917504	1023911	917504	917504	1.116	0	0	0	0	13	0	276	276	0	0	0	0	0	0	0	289	1988	dfa	unanchored	byte-class	reverse-pass	search-filter	none	none		0	unanchored	12	3	4098028.95	3520906.923077	0.0	0.0	0.0	52.0	0.0	1104.6	1104.6	0.0	0.0	0.0	0.0	0.0	0.0	0.0
altwide/w-512	nocaps	match	40	5212	5248	4568	5212	1.007	0	0	0	0	0	0	0	0	0	0	0	0	0	0	0	0	0	dfa	unanchored	byte-class	reverse-pass	search-filter	none	none		0	unanchored	12	3																
altwide/w-512	nocaps	search_short	40	5212	5248	4568	4561	1.151	0	0	0	0	54	0	0	0	0	0	0	0	0	0	0	54	79	dfa	unanchored	byte-class	reverse-pass	search-filter	none	none		0	unanchored	12	3																
altwide/w-512	nocaps	throughput	4	917504	1023911	917504	917504	1.116	0	0	0	0	13	0	276	276	0	0	0	0	0	0	0	289	1988	dfa	unanchored	byte-class	reverse-pass	search-filter	none	none		0	unanchored	12	3																
altwide/w-64	default	match	40	5212	103	102	5212	0.020	0	0	0	0	0	0	0	0	0	0	0	0	0	0	0	0	0	dfa	unanchored	byte-class	reverse-pass	unwrapped	none	none		0	unanchored	12	3	514.147963	780.880245	0.0	0.0	0.0	0.0	0.0	0.0	0.0	0.0	0.0	0.0	0.0	0.0	0.0	0.0
altwide/w-64	default	search_short	40	5212	5462	4670	4664	1.171	0	0	0	0	41	0	0	0	0	0	0	0	0	0	0	41	63	dfa	unanchored	byte-class	reverse-pass	unwrapped	none	none		0	unanchored	12	3	7432.182264	10055.799876	0.0	0.0	0.0	55.8	0.0	0.0	0.0	0.0	0.0	0.0	0.0	0.0	0.0	0.0
altwide/w-64	default	throughput	4	917504	1055811	917504	917504	1.151	0	0	0	0	13	0	138	138	0	0	0	0	0	0	0	151	1091	dfa	unanchored	byte-class	reverse-pass	unwrapped	none	none		0	unanchored	12	3	3413623.83	2218165.732283	0.0	0.0	0.0	42.0	0.0	446.2	446.2	0.0	0.0	0.0	0.0	0.0	0.0	0.0
altwide/w-64	nocaps	match	40	5212	103	102	5212	0.020	0	0	0	0	0	0	0	0	0	0	0	0	0	0	0	0	0	dfa	unanchored	byte-class	reverse-pass	unwrapped	none	none		0	unanchored	12	3																
altwide/w-64	nocaps	search_short	40	5212	5462	4670	4664	1.171	0	0	0	0	41	0	0	0	0	0	0	0	0	0	0	41	63	dfa	unanchored	byte-class	reverse-pass	unwrapped	none	none		0	unanchored	12	3																
altwide/w-64	nocaps	throughput	4	917504	1055811	917504	917504	1.151	0	0	0	0	13	0	138	138	0	0	0	0	0	0	0	151	1091	dfa	unanchored	byte-class	reverse-pass	unwrapped	none	none		0	unanchored	12	3																
altwide/w-8	default	match	40	5212	94	94	5212	0.018	0	0	0	0	0	0	0	0	0	0	0	0	0	0	0	0	0	dfa	unanchored	byte-class	reverse-pass	unwrapped	none	none		0	unanchored	12	4	454.139078	775.513637	0.0	0.0	0.0	0.0	0.0	0.0	0.0	0.0	0.0	0.0	0.0	0.0	0.0	0.0
altwide/w-8	default	search_short	40	5212	5406	4670	4664	1.159	0	0	0	0	41	0	0	0	0	0	0	0	0	0	0	41	63	dfa	unanchored	byte-class	reverse-pass	unwrapped	none	none		0	unanchored	12	4	4627.956692	2746.199338	0.0	0.0	0.0	35.1	0.0	0.0	0.0	0.0	0.0	0.0	0.0	0.0	0.0	0.0
altwide/w-8	default	throughput	4	917504	1050356	917504	917504	1.145	0	0	0	0	26	0	138	138	0	0	0	0	0	0	0	164	1078	dfa	unanchored	byte-class	reverse-pass	unwrapped	none	none		0	unanchored	12	4	2255481.513333	194929.057554	0.0	0.0	0.0	55.8	0.0	296.3	296.3	0.0	0.0	0.0	0.0	0.0	0.0	0.0
altwide/w-8	nocaps	match	40	5212	94	94	5212	0.018	0	0	0	0	0	0	0	0	0	0	0	0	0	0	0	0	0	dfa	unanchored	byte-class	reverse-pass	unwrapped	none	none		0	unanchored	12	4																
altwide/w-8	nocaps	search_short	40	5212	5406	4670	4664	1.159	0	0	0	0	41	0	0	0	0	0	0	0	0	0	0	41	63	dfa	unanchored	byte-class	reverse-pass	unwrapped	none	none		0	unanchored	12	4																
altwide/w-8	nocaps	throughput	4	917504	1050356	917504	917504	1.145	0	0	0	0	26	0	138	138	0	0	0	0	0	0	0	164	1078	dfa	unanchored	byte-class	reverse-pass	unwrapped	none	none		0	unanchored	12	4																
altwide/w-96	default	match	40	5212	103	102	5212	0.020	0	0	0	0	0	0	0	0	0	0	0	0	0	0	0	0	0	dfa	unanchored	byte-class	reverse-pass	unwrapped	none	none		0	unanchored	12	3	510.70883	780.128428	0.0	0.0	0.0	0.0	0.0	0.0	0.0	0.0	0.0	0.0	0.0	0.0	0.0	0.0
altwide/w-96	default	search_short	40	5212	5409	4670	4664	1.160	0	0	0	0	41	0	0	0	0	0	0	0	0	0	0	41	63	dfa	unanchored	byte-class	reverse-pass	unwrapped	none	none		0	unanchored	12	3	7583.460496	11454.126961	0.0	0.0	0.0	57.5	0.0	0.0	0.0	0.0	0.0	0.0	0.0	0.0	0.0	0.0
altwide/w-96	default	throughput	4	917504	1040233	917504	917504	1.134	0	0	0	0	13	0	138	138	0	0	0	0	0	0	0	151	1091	dfa	unanchored	byte-class	reverse-pass	unwrapped	none	none		0	unanchored	12	3	3132499.481132	1736660.213542	0.0	0.0	0.0	39.1	0.0	415.6	415.6	0.0	0.0	0.0	0.0	0.0	0.0	0.0
altwide/w-96	nocaps	match	40	5212	103	102	5212	0.020	0	0	0	0	0	0	0	0	0	0	0	0	0	0	0	0	0	dfa	unanchored	byte-class	reverse-pass	unwrapped	none	none		0	unanchored	12	3																
altwide/w-96	nocaps	search_short	40	5212	5409	4670	4664	1.160	0	0	0	0	41	0	0	0	0	0	0	0	0	0	0	41	63	dfa	unanchored	byte-class	reverse-pass	unwrapped	none	none		0	unanchored	12	3																
altwide/w-96	nocaps	throughput	4	917504	1040233	917504	917504	1.134	0	0	0	0	13	0	138	138	0	0	0	0	0	0	0	151	1091	dfa	unanchored	byte-class	reverse-pass	unwrapped	none	none		0	unanchored	12	3																
altwide/wb-256	default	match	40	5212	5586	4788	5212	1.072	0	0	0	0	0	0	0	0	0	0	4677	0	0	0	0	4677	0	dfa	unanchored	first-class-bounded	reverse-pass	search-filter	none	none		0	unanchored	12	3	1075.974618	906.982976	0.0	0.0	0.0	0.0	0.0	0.0	0.0	0.0	0.0	900.9	0.0	0.0	0.0	0.0
altwide/wb-256	default	search_short	40	5212	5586	4788	4785	1.167	0	0	0	0	23	0	0	0	0	0	0	0	0	0	0	23	45	dfa	unanchored	first-class-bounded	reverse-pass	search-filter	none	none		0	unanchored	12	3	10113.839465	11268.312892	0.0	0.0	0.0	41.6	0.0	0.0	0.0	0.0	0.0	0.0	0.0	0.0	0.0	0.0
altwide/wb-256	default	throughput	4	917504	1048449	917504	917504	1.143	0	0	0	0	0	0	414	414	0	0	0	0	0	0	0	414	2001	dfa	unanchored	first-class-bounded	reverse-pass	search-filter	none	none		0	unanchored	12	3	3087194.155963	1887843.722222	0.0	0.0	0.0	0.0	0.0	1219.0	1219.0	0.0	0.0	0.0	0.0	0.0	0.0	0.0
altwide/wb-256	nocaps	match	40	5212	5586	4788	5212	1.072	0	0	0	0	0	0	0	0	0	0	4677	0	0	0	0	4677	0	dfa	unanchored	first-class-bounded	reverse-pass	search-filter	none	none		0	unanchored	12	3																
altwide/wb-256	nocaps	search_short	40	5212	5586	4788	4785	1.167	0	0	0	0	23	0	0	0	0	0	0	0	0	0	0	23	45	dfa	unanchored	first-class-bounded	reverse-pass	search-filter	none	none		0	unanchored	12	3																
altwide/wb-256	nocaps	throughput	4	917504	1048449	917504	917504	1.143	0	0	0	0	0	0	414	414	0	0	0	0	0	0	0	414	2001	dfa	unanchored	first-class-bounded	reverse-pass	search-filter	none	none		0	unanchored	12	3																
altwide/wb-512	default	match	40	5212	5599	4788	5212	1.074	0	0	0	0	0	0	0	0	0	0	0	0	0	0	0	0	0	dfa	unanchored	first-class-bounded	reverse-pass	search-filter	none	none		0	unanchored	12	3	1473.675459	1015.451406	0.0	0.0	0.0	0.0	0.0	0.0	0.0	0.0	0.0	0.0	0.0	0.0	0.0	0.0
altwide/wb-512	default	search_short	40	5212	5599	4788	4785	1.170	0	0	0	0	29	0	0	0	0	0	0	0	0	0	0	29	52	dfa	unanchored	first-class-bounded	reverse-pass	search-filter	none	none		0	unanchored	12	3	14721.989847	11961.230062	0.0	0.0	0.0	76.3	0.0	0.0	0.0	0.0	0.0	0.0	0.0	0.0	0.0	0.0
altwide/wb-512	default	throughput	4	917504	1049139	917504	917504	1.143	0	0	0	0	0	0	552	552	0	0	0	0	0	0	0	552	2553	dfa	unanchored	first-class-bounded	reverse-pass	search-filter	none	none		0	unanchored	12	3	3987729.566265	2232315.565217	0.0	0.0	0.0	0.0	0.0	2098.1	2098.1	0.0	0.0	0.0	0.0	0.0	0.0	0.0
altwide/wb-512	nocaps	match	40	5212	5599	4788	5212	1.074	0	0	0	0	0	0	0	0	0	0	0	0	0	0	0	0	0	dfa	unanchored	first-class-bounded	reverse-pass	search-filter	none	none		0	unanchored	12	3																
altwide/wb-512	nocaps	search_short	40	5212	5599	4788	4785	1.170	0	0	0	0	29	0	0	0	0	0	0	0	0	0	0	29	52	dfa	unanchored	first-class-bounded	reverse-pass	search-filter	none	none		0	unanchored	12	3																
altwide/wb-512	nocaps	throughput	4	917504	1049139	917504	917504	1.143	0	0	0	0	0	0	552	552	0	0	0	0	0	0	0	552	2553	dfa	unanchored	first-class-bounded	reverse-pass	search-filter	none	none		0	unanchored	12	3																
bounded/cls-atleast-4096	default	match	49	5557	5998	5557	5557	1.079	0	0	0	0	0	0	0	0	0	0	0	0	0	0	0	0	208	dfa	unanchored	byte-class	reverse-pass	search-filter	none	none		0	unanchored	-1	4096	7767.647195	275.647149	0.0	0.0	0.0	0.0	0.0	0.0	0.0	0.0	0.0	0.0	0.0	0.0	0.0	0.0
bounded/cls-atleast-4096	default	search_short	46	2997	3436	2997	2997	1.146	0	0	0	0	0	0	0	0	0	0	0	0	0	0	0	0	208	dfa	unanchored	byte-class	reverse-pass	search-filter	none	none		0	unanchored	-1	4096	2313.789365	258.697804	0.0	0.0	0.0	0.0	0.0	0.0	0.0	0.0	0.0	0.0	0.0	0.0	0.0	0.0
bounded/cls-atleast-4096	default	throughput	5	106496	192515	106496	106496	1.808	0	0	0	0	86016	0	0	0	0	0	0	0	0	0	0	86016	0	dfa	unanchored	byte-class	reverse-pass	search-filter	none	none		0	unanchored	-1	4096	87649.79699	59554.766088	0.0	0.0	0.0	39162.1	0.0	0.0	0.0	0.0	0.0	0.0	0.0	0.0	0.0	0.0
bounded/cls-atleast-4096	nocaps	match	49	5557	5998	5557	5557	1.079	0	0	0	0	0	0	0	0	0	0	0	0	0	0	0	0	208	dfa	unanchored	byte-class	reverse-pass	search-filter	none	none		0	unanchored	-1	4096																
bounded/cls-atleast-4096	nocaps	search_short	46	2997	3436	2997	2997	1.146	0	0	0	0	0	0	0	0	0	0	0	0	0	0	0	0	208	dfa	unanchored	byte-class	reverse-pass	search-filter	none	none		0	unanchored	-1	4096																
bounded/cls-atleast-4096	nocaps	throughput	5	106496	192515	106496	106496	1.808	0	0	0	0	86016	0	0	0	0	0	0	0	0	0	0	86016	0	dfa	unanchored	byte-class	reverse-pass	search-filter	none	none		0	unanchored	-1	4096																
bounded/cls-lazy-16384	default	match	49	5557	49	49	5557	0.009	0	0	0	0	0	0	0	0	0	0	0	0	0	0	0	0	0	dfa	unanchored	none	pinned	unwrapped	none	none		0	unanchored	16384	0	8733.643358	10658.387086	0.0	0.0	0.0	0.0	0.0	0.0	0.0	0.0	0.0	0.0	0.0	0.0	0.0	0.0
bounded/cls-lazy-16384	default	search_short	46	2997	46	46	0	46.000	0	0	0	0	0	0	0	0	0	0	0	0	0	0	0	0	46	dfa	unanchored	none	pinned	unwrapped	none	none		0	unanchored	16384	0	338.965353	1999.642737	0.0	0.0	0.0	0.0	0.0	0.0	0.0	0.0	0.0	0.0	0.0	0.0	0.0	0.0
bounded/cls-lazy-16384	default	throughput	5	106496	106496	106496	106496	1.000	0	0	0	0	0	0	106496	106496	0	0	0	0	0	0	0	106496	0	dfa	unanchored	none	pinned	unwrapped	none	none		0	unanchored	16384	0	347545.136943	4265584.207317	0.0	0.0	0.0	0.0	0.0	347545.1	347545.1	0.0	0.0	0.0	0.0	0.0	0.0	0.0
bounded/cls-lazy-16384	nocaps	match	49	5557	49	49	5557	0.009	0	0	0	0	0	0	0	0	0	0	0	0	0	0	0	0	0	dfa	unanchored	none	pinned	unwrapped	none	none		0	unanchored	16384	0																
bounded/cls-lazy-16384	nocaps	search_short	46	2997	46	46	0	46.000	0	0	0	0	0	0	0	0	0	0	0	0	0	0	0	0	46	dfa	unanchored	none	pinned	unwrapped	none	none		0	unanchored	16384	0																
bounded/cls-lazy-16384	nocaps	throughput	5	106496	106496	106496	106496	1.000	0	0	0	0	0	0	106496	106496	0	0	0	0	0	0	0	106496	0	dfa	unanchored	none	pinned	unwrapped	none	none		0	unanchored	16384	0																
bounded/cls-upto-1024	default	match	49	5557	2457	2420	5557	0.442	0	0	0	0	0	0	0	0	0	0	0	0	0	0	0	0	0	dfa	unanchored	none	pinned	unwrapped	none	none		0	unanchored	1024	0	4835.312758	6924.447128	0.0	0.0	0.0	0.0	0.0	0.0	0.0	0.0	0.0	0.0	0.0	0.0	0.0	0.0
bounded/cls-upto-1024	default	search_short	46	2997	919	883	847	1.085	0	0	0	0	0	0	0	0	0	0	0	0	0	0	0	0	72	dfa	unanchored	none	pinned	unwrapped	none	none		0	unanchored	1024	0	1020.422434	2565.862208	0.0	0.0	0.0	0.0	0.0	0.0	0.0	0.0	0.0	0.0	0.0	0.0	0.0	0.0
bounded/cls-upto-1024	default	throughput	5	106496	127057	106496	106496	1.193	0	0	0	0	0	0	20561	20561	0	0	0	0	0	0	0	20561	0	dfa	unanchored	none	pinned	unwrapped	none	none		0	unanchored	1024	0	143065.749183	797109.482883	0.0	0.0	0.0	0.0	0.0	23151.6	23151.6	0.0	0.0	0.0	0.0	0.0	0.0	0.0
bounded/cls-upto-1024	nocaps	match	49	5557	2457	2420	5557	0.442	0	0	0	0	0	0	0	0	0	0	0	0	0	0	0	0	0	dfa	unanchored	none	pinned	unwrapped	none	none		0	unanchored	1024	0																
bounded/cls-upto-1024	nocaps	search_short	46	2997	919	883	847	1.085	0	0	0	0	0	0	0	0	0	0	0	0	0	0	0	0	72	dfa	unanchored	none	pinned	unwrapped	none	none		0	unanchored	1024	0																
bounded/cls-upto-1024	nocaps	throughput	5	106496	127057	106496	106496	1.193	0	0	0	0	0	0	20561	20561	0	0	0	0	0	0	0	20561	0	dfa	unanchored	none	pinned	unwrapped	none	none		0	unanchored	1024	0																
bounded/cls-upto-128	default	match	49	5557	924	887	5557	0.166	0	0	0	0	0	0	0	0	0	0	0	0	0	0	0	0	0	dfa	unanchored	none	pinned	unwrapped	none	none		0	unanchored	128	0	2042.977965	2796.683914	0.0	0.0	0.0	0.0	0.0	0.0	0.0	0.0	0.0	0.0	0.0	0.0	0.0	0.0
bounded/cls-upto-128	default	search_short	46	2997	664	628	590	1.125	0	0	0	0	0	0	0	0	0	0	0	0	0	0	0	0	74	dfa	unanchored	none	pinned	unwrapped	none	none		0	unanchored	128	0	869.590184	2292.380186	0.0	0.0	0.0	0.0	0.0	0.0	0.0	0.0	0.0	0.0	0.0	0.0	0.0	0.0
bounded/cls-upto-128	default	throughput	5	106496	127645	106496	106496	1.199	0	0	0	0	0	0	21149	21149	0	0	0	0	0	0	0	21149	0	dfa	unanchored	none	pinned	unwrapped	none	none		0	unanchored	128	0	154548.308306	885284.881707	0.0	0.0	0.0	0.0	0.0	25606.5	25606.5	0.0	0.0	0.0	0.0	0.0	0.0	0.0
bounded/cls-upto-128	nocaps	match	49	5557	924	887	5557	0.166	0	0	0	0	0	0	0	0	0	0	0	0	0	0	0	0	0	dfa	unanchored	none	pinned	unwrapped	none	none		0	unanchored	128	0																
bounded/cls-upto-128	nocaps	search_short	46	2997	664	628	590	1.125	0	0	0	0	0	0	0	0	0	0	0	0	0	0	0	0	74	dfa	unanchored	none	pinned	unwrapped	none	none		0	unanchored	128	0																
bounded/cls-upto-128	nocaps	throughput	5	106496	127645	106496	106496	1.199	0	0	0	0	0	0	21149	21149	0	0	0	0	0	0	0	21149	0	dfa	unanchored	none	pinned	unwrapped	none	none		0	unanchored	128	0																
bounded/cls-upto-16	default	match	49	5557	264	227	5557	0.048	0	0	0	0	0	0	0	0	0	0	0	0	0	0	0	0	0	dfa	unanchored	none	pinned	unwrapped	none	none		0	unanchored	16	0	713.074777	953.781707	0.0	0.0	0.0	0.0	0.0	0.0	0.0	0.0	0.0	0.0	0.0	0.0	0.0	0.0
bounded/cls-upto-16	default	search_short	46	2997	228	192	149	1.530	0	0	0	0	0	0	0	0	0	0	0	0	0	0	0	0	79	dfa	unanchored	none	pinned	unwrapped	none	none		0	unanchored	16	0	534.593365	2012.363357	0.0	0.0	0.0	0.0	0.0	0.0	0.0	0.0	0.0	0.0	0.0	0.0	0.0	0.0
bounded/cls-upto-16	default	throughput	5	106496	132349	106496	106496	1.243	0	0	0	0	0	0	25853	25853	0	0	0	0	0	0	0	25853	0	dfa	unanchored	none	pinned	unwrapped	none	none		0	unanchored	16	0	191513.549237	1000453.260997	0.0	0.0	0.0	0.0	0.0	37410.2	37410.2	0.0	0.0	0.0	0.0	0.0	0.0	0.0
bounded/cls-upto-16	nocaps	match	49	5557	264	227	5557	0.048	0	0	0	0	0	0	0	0	0	0	0	0	0	0	0	0	0	dfa	unanchored	none	pinned	unwrapped	none	none		0	unanchored	16	0																
bounded/cls-upto-16	nocaps	search_short	46	2997	228	192	149	1.530	0	0	0	0	0	0	0	0	0	0	0	0	0	0	0	0	79	dfa	unanchored	none	pinned	unwrapped	none	none		0	unanchored	16	0																
bounded/cls-upto-16	nocaps	throughput	5	106496	132349	106496	106496	1.243	0	0	0	0	0	0	25853	25853	0	0	0	0	0	0	0	25853	0	dfa	unanchored	none	pinned	unwrapped	none	none		0	unanchored	16	0																
bounded/cls-upto-16384	default	match	49	5557	2457	2420	5557	0.442	0	0	0	0	0	0	0	0	0	0	0	0	0	0	0	0	0	dfa	unanchored	none	pinned	search-filter	none	none		0	unanchored	16384	0	1935.497123	6965.9354	0.0	0.0	0.0	0.0	0.0	0.0	0.0	0.0	0.0	0.0	0.0	0.0	0.0	0.0
bounded/cls-upto-16384	default	search_short	46	2997	919	883	847	1.085	0	0	0	0	0	0	0	0	0	0	0	0	0	0	0	0	72	dfa	unanchored	none	pinned	search-filter	none	none		0	unanchored	16384	0	1006.272169	2532.037648	0.0	0.0	0.0	0.0	0.0	0.0	0.0	0.0	0.0	0.0	0.0	0.0	0.0	0.0
bounded/cls-upto-16384	default	throughput	5	106496	126979	106496	106496	1.192	0	0	0	0	0	0	20483	20483	0	0	0	0	0	0	0	20483	0	dfa	unanchored	none	pinned	search-filter	none	none		0	unanchored	16384	0	141753.390341	815782.204433	0.0	0.0	0.0	0.0	0.0	22866.3	22866.3	0.0	0.0	0.0	0.0	0.0	0.0	0.0
bounded/cls-upto-16384	nocaps	match	49	5557	2457	2420	5557	0.442	0	0	0	0	0	0	0	0	0	0	0	0	0	0	0	0	0	dfa	unanchored	none	pinned	search-filter	none	none		0	unanchored	16384	0																
bounded/cls-upto-16384	nocaps	search_short	46	2997	919	883	847	1.085	0	0	0	0	0	0	0	0	0	0	0	0	0	0	0	0	72	dfa	unanchored	none	pinned	search-filter	none	none		0	unanchored	16384	0																
bounded/cls-upto-16384	nocaps	throughput	5	106496	126979	106496	106496	1.192	0	0	0	0	0	0	20483	20483	0	0	0	0	0	0	0	20483	0	dfa	unanchored	none	pinned	search-filter	none	none		0	unanchored	16384	0																
bounded/cls-upto-2048	default	match	49	5557	2457	2420	5557	0.442	0	0	0	0	0	0	0	0	0	0	0	0	0	0	0	0	0	dfa	unanchored	none	pinned	unwrapped	none	none		0	unanchored	2048	0	12443.851047	6915.414294	0.0	0.0	0.0	0.0	0.0	0.0	0.0	0.0	0.0	0.0	0.0	0.0	0.0	0.0
bounded/cls-upto-2048	default	search_short	46	2997	919	883	847	1.085	0	0	0	0	0	0	0	0	0	0	0	0	0	0	0	0	72	dfa	unanchored	none	pinned	unwrapped	none	none		0	unanchored	2048	0	1021.224657	2557.330876	0.0	0.0	0.0	0.0	0.0	0.0	0.0	0.0	0.0	0.0	0.0	0.0	0.0	0.0
bounded/cls-upto-2048	default	throughput	5	106496	127015	106496	106496	1.193	0	0	0	0	0	0	20519	20519	0	0	0	0	0	0	0	20519	0	dfa	unanchored	none	pinned	unwrapped	none	none		0	unanchored	2048	0	142498.997582	856141.665597	0.0	0.0	0.0	0.0	0.0	23020.4	23020.4	0.0	0.0	0.0	0.0	0.0	0.0	0.0
bounded/cls-upto-2048	nocaps	match	49	5557	2457	2420	5557	0.442	0	0	0	0	0	0	0	0	0	0	0	0	0	0	0	0	0	dfa	unanchored	none	pinned	unwrapped	none	none		0	unanchored	2048	0																
bounded/cls-upto-2048	nocaps	search_short	46	2997	919	883	847	1.085	0	0	0	0	0	0	0	0	0	0	0	0	0	0	0	0	72	dfa	unanchored	none	pinned	unwrapped	none	none		0	unanchored	2048	0																
bounded/cls-upto-2048	nocaps	throughput	5	106496	127015	106496	106496	1.193	0	0	0	0	0	0	20519	20519	0	0	0	0	0	0	0	20519	0	dfa	unanchored	none	pinned	unwrapped	none	none		0	unanchored	2048	0																
bounded/cls-upto-256	default	match	49	5557	1435	1398	5557	0.258	0	0	0	0	0	0	0	0	0	0	0	0	0	0	0	0	0	dfa	unanchored	none	pinned	unwrapped	none	none		0	unanchored	256	0	2992.974739	3922.437999	0.0	0.0	0.0	0.0	0.0	0.0	0.0	0.0	0.0	0.0	0.0	0.0	0.0	0.0
bounded/cls-upto-256	default	search_short	46	2997	919	883	846	1.086	0	0	0	0	0	0	0	0	0	0	0	0	0	0	0	0	73	dfa	unanchored	none	pinned	unwrapped	none	none		0	unanchored	256	0	1022.164463	2488.373523	0.0	0.0	0.0	0.0	0.0	0.0	0.0	0.0	0.0	0.0	0.0	0.0	0.0	0.0
bounded/cls-upto-256	default	throughput	5	106496	127309	106496	106496	1.195	0	0	0	0	0	0	20813	20813	0	0	0	0	0	0	0	20813	0	dfa	unanchored	none	pinned	unwrapped	none	none		0	unanchored	256	0	148053.656873	829804.40597	0.0	0.0	0.0	0.0	0.0	24204.4	24204.4	0.0	0.0	0.0	0.0	0.0	0.0	0.0
bounded/cls-upto-256	nocaps	match	49	5557	1435	1398	5557	0.258	0	0	0	0	0	0	0	0	0	0	0	0	0	0	0	0	0	dfa	unanchored	none	pinned	unwrapped	none	none		0	unanchored	256	0																
bounded/cls-upto-256	nocaps	search_short	46	2997	919	883	846	1.086	0	0	0	0	0	0	0	0	0	0	0	0	0	0	0	0	73	dfa	unanchored	none	pinned	unwrapped	none	none		0	unanchored	256	0																
bounded/cls-upto-256	nocaps	throughput	5	106496	127309	106496	106496	1.195	0	0	0	0	0	0	20813	20813	0	0	0	0	0	0	0	20813	0	dfa	unanchored	none	pinned	unwrapped	none	none		0	unanchored	256	0																
bounded/cls-upto-32	default	match	49	5557	407	370	5557	0.073	0	0	0	0	0	0	0	0	0	0	0	0	0	0	0	0	0	dfa	unanchored	none	pinned	unwrapped	none	none		0	unanchored	32	0	967.130406	1331.979163	0.0	0.0	0.0	0.0	0.0	0.0	0.0	0.0	0.0	0.0	0.0	0.0	0.0	0.0
bounded/cls-upto-32	default	search_short	46	2997	339	303	261	1.299	0	0	0	0	0	0	0	0	0	0	0	0	0	0	0	0	78	dfa	unanchored	none	pinned	unwrapped	none	none		0	unanchored	32	0	599.875358	2068.748675	0.0	0.0	0.0	0.0	0.0	0.0	0.0	0.0	0.0	0.0	0.0	0.0	0.0	0.0
bounded/cls-upto-32	default	throughput	5	106496	129661	106496	106496	1.218	0	0	0	0	0	0	23165	23165	0	0	0	0	0	0	0	23165	0	dfa	unanchored	none	pinned	unwrapped	none	none		0	unanchored	32	0	177361.136693	959043.888128	0.0	0.0	0.0	0.0	0.0	31687.0	31687.0	0.0	0.0	0.0	0.0	0.0	0.0	0.0
bounded/cls-upto-32	nocaps	match	49	5557	407	370	5557	0.073	0	0	0	0	0	0	0	0	0	0	0	0	0	0	0	0	0	dfa	unanchored	none	pinned	unwrapped	none	none		0	unanchored	32	0																
bounded/cls-upto-32	nocaps	search_short	46	2997	339	303	261	1.299	0	0	0	0	0	0	0	0	0	0	0	0	0	0	0	0	78	dfa	unanchored	none	pinned	unwrapped	none	none		0	unanchored	32	0																
bounded/cls-upto-32	nocaps	throughput	5	106496	129661	106496	106496	1.218	0	0	0	0	0	0	23165	23165	0	0	0	0	0	0	0	23165	0	dfa	unanchored	none	pinned	unwrapped	none	none		0	unanchored	32	0																
bounded/cls-upto-32768	default	match	49	5557	2420	2420	5557	0.435	0	0	0	0	0	0	0	0	0	0	0	0	0	0	0	0	0	vm					none	none	none	0	unanchored	32768	0	1939.695876	6904.657086	0.0	0.0	0.0	0.0	0.0	0.0	0.0	0.0	0.0	0.0	0.0	0.0	0.0	0.0
bounded/cls-upto-32768	default	search_short	46	2997	883	883	847	1.043	0	0	0	0	0	0	0	0	0	0	0	0	0	0	0	0	36	vm					none	none	none	0	unanchored	32768	0	1114.847328	2592.724952	0.0	0.0	0.0	0.0	0.0	0.0	0.0	0.0	0.0	0.0	0.0	0.0	0.0	0.0
bounded/cls-upto-32768	default	throughput	5	106496	106496	106496	106496	1.000	0	0	0	0	0	0	20480	20480	0	0	0	0	0	0	0	20480	0	vm					none	none	none	0	unanchored	32768	0	184123.863521	855994.410296	0.0	0.0	0.0	0.0	0.0	35408.4	35408.4	0.0	0.0	0.0	0.0	0.0	0.0	0.0
bounded/cls-upto-32768	nocaps	match	49	5557	2420	2420	5557	0.435	0	0	0	0	0	0	0	0	0	0	0	0	0	0	0	0	0	vm					none	none	none	0	unanchored	32768	0																
bounded/cls-upto-32768	nocaps	search_short	46	2997	883	883	847	1.043	0	0	0	0	0	0	0	0	0	0	0	0	0	0	0	0	36	vm					none	none	none	0	unanchored	32768	0																
bounded/cls-upto-32768	nocaps	throughput	5	106496	106496	106496	106496	1.000	0	0	0	0	0	0	20480	20480	0	0	0	0	0	0	0	20480	0	vm					none	none	none	0	unanchored	32768	0																
bounded/cls-upto-4	default	match	49	5557	139	104	5557	0.025	0	0	0	0	0	0	0	0	0	0	0	0	0	0	0	0	0	dfa	unanchored	none	pinned	unwrapped	none	none		0	unanchored	4	0	550.312722	466.293458	0.0	0.0	0.0	0.0	0.0	0.0	0.0	0.0	0.0	0.0	0.0	0.0	0.0	0.0
bounded/cls-upto-4	default	search_short	46	2997	127	93	48	2.646	0	0	0	0	0	0	0	0	0	0	0	0	0	0	0	0	79	dfa	unanchored	none	pinned	unwrapped	none	none		0	unanchored	4	0	471.348653	2013.959456	0.0	0.0	0.0	0.0	0.0	0.0	0.0	0.0	0.0	0.0	0.0	0.0	0.0	0.0
bounded/cls-upto-4	default	throughput	5	106496	148477	106496	106496	1.394	0	0	0	0	0	0	41981	41981	0	0	0	0	0	0	0	41981	0	dfa	unanchored	none	pinned	unwrapped	none	none		0	unanchored	4	0	226799.17801	1652830.980892	0.0	0.0	0.0	0.0	0.0	64126.1	64126.1	0.0	0.0	0.0	0.0	0.0	0.0	0.0
bounded/cls-upto-4	nocaps	match	49	5557	139	104	5557	0.025	0	0	0	0	0	0	0	0	0	0	0	0	0	0	0	0	0	dfa	unanchored	none	pinned	unwrapped	none	none		0	unanchored	4	0																
bounded/cls-upto-4	nocaps	search_short	46	2997	127	93	48	2.646	0	0	0	0	0	0	0	0	0	0	0	0	0	0	0	0	79	dfa	unanchored	none	pinned	unwrapped	none	none		0	unanchored	4	0																
bounded/cls-upto-4	nocaps	throughput	5	106496	148477	106496	106496	1.394	0	0	0	0	0	0	41981	41981	0	0	0	0	0	0	0	41981	0	dfa	unanchored	none	pinned	unwrapped	none	none		0	unanchored	4	0																
bounded/cls-upto-4096	default	match	49	5557	2457	2420	5557	0.442	0	0	0	0	0	0	0	0	0	0	0	0	0	0	0	0	0	dfa	unanchored	none	pinned	search-filter	none	none		0	unanchored	4096	0	12442.066172	6926.432789	0.0	0.0	0.0	0.0	0.0	0.0	0.0	0.0	0.0	0.0	0.0	0.0	0.0	0.0
bounded/cls-upto-4096	default	search_short	46	2997	919	883	847	1.085	0	0	0	0	0	0	0	0	0	0	0	0	0	0	0	0	72	dfa	unanchored	none	pinned	search-filter	none	none		0	unanchored	4096	0	1009.251084	2464.819611	0.0	0.0	0.0	0.0	0.0	0.0	0.0	0.0	0.0	0.0	0.0	0.0	0.0	0.0
bounded/cls-upto-4096	default	throughput	5	106496	126994	106496	106496	1.192	0	0	0	0	0	0	20498	20498	0	0	0	0	0	0	0	20498	0	dfa	unanchored	none	pinned	search-filter	none	none		0	unanchored	4096	0	142065.391289	793850.742975	0.0	0.0	0.0	0.0	0.0	22930.7	22930.7	0.0	0.0	0.0	0.0	0.0	0.0	0.0
bounded/cls-upto-4096	nocaps	match	49	5557	2457	2420	5557	0.442	0	0	0	0	0	0	0	0	0	0	0	0	0	0	0	0	0	dfa	unanchored	none	pinned	search-filter	none	none		0	unanchored	4096	0																
bounded/cls-upto-4096	nocaps	search_short	46	2997	919	883	847	1.085	0	0	0	0	0	0	0	0	0	0	0	0	0	0	0	0	72	dfa	unanchored	none	pinned	search-filter	none	none		0	unanchored	4096	0																
bounded/cls-upto-4096	nocaps	throughput	5	106496	126994	106496	106496	1.192	0	0	0	0	0	0	20498	20498	0	0	0	0	0	0	0	20498	0	dfa	unanchored	none	pinned	search-filter	none	none		0	unanchored	4096	0																
bounded/cls-upto-512	default	match	49	5557	1946	1909	5557	0.350	0	0	0	0	0	0	0	0	0	0	0	0	0	0	0	0	0	dfa	unanchored	none	pinned	unwrapped	none	none		0	unanchored	512	0	3904.309081	6444.879084	0.0	0.0	0.0	0.0	0.0	0.0	0.0	0.0	0.0	0.0	0.0	0.0	0.0	0.0
bounded/cls-upto-512	default	search_short	46	2997	919	883	847	1.085	0	0	0	0	0	0	0	0	0	0	0	0	0	0	0	0	72	dfa	unanchored	none	pinned	unwrapped	none	none		0	unanchored	512	0	1020.506757	2527.083583	0.0	0.0	0.0	0.0	0.0	0.0	0.0	0.0	0.0	0.0	0.0	0.0	0.0	0.0
bounded/cls-upto-512	default	throughput	5	106496	127141	106496	106496	1.194	0	0	0	0	0	0	20645	20645	0	0	0	0	0	0	0	20645	0	dfa	unanchored	none	pinned	unwrapped	none	none		0	unanchored	512	0	144952.888808	865523.94788	0.0	0.0	0.0	0.0	0.0	23537.3	23537.3	0.0	0.0	0.0	0.0	0.0	0.0	0.0
bounded/cls-upto-512	nocaps	match	49	5557	1946	1909	5557	0.350	0	0	0	0	0	0	0	0	0	0	0	0	0	0	0	0	0	dfa	unanchored	none	pinned	unwrapped	none	none		0	unanchored	512	0																
bounded/cls-upto-512	nocaps	search_short	46	2997	919	883	847	1.085	0	0	0	0	0	0	0	0	0	0	0	0	0	0	0	0	72	dfa	unanchored	none	pinned	unwrapped	none	none		0	unanchored	512	0																
bounded/cls-upto-512	nocaps	throughput	5	106496	127141	106496	106496	1.194	0	0	0	0	0	0	20645	20645	0	0	0	0	0	0	0	20645	0	dfa	unanchored	none	pinned	unwrapped	none	none		0	unanchored	512	0																
bounded/cls-upto-64	default	match	49	5557	605	568	5557	0.109	0	0	0	0	0	0	0	0	0	0	0	0	0	0	0	0	0	dfa	unanchored	none	pinned	unwrapped	none	none		0	unanchored	64	0	1469.780148	2192.29059	0.0	0.0	0.0	0.0	0.0	0.0	0.0	0.0	0.0	0.0	0.0	0.0	0.0	0.0
bounded/cls-upto-64	default	search_short	46	2997	473	437	398	1.188	0	0	0	0	0	0	0	0	0	0	0	0	0	0	0	0	75	dfa	unanchored	none	pinned	unwrapped	none	none		0	unanchored	64	0	742.959026	2266.919635	0.0	0.0	0.0	0.0	0.0	0.0	0.0	0.0	0.0	0.0	0.0	0.0	0.0	0.0
bounded/cls-upto-64	default	throughput	5	106496	128317	106496	106496	1.205	0	0	0	0	0	0	21821	21821	0	0	0	0	0	0	0	21821	0	dfa	unanchored	none	pinned	unwrapped	none	none		0	unanchored	64	0	178566.083424	914361.229508	0.0	0.0	0.0	0.0	0.0	30366.1	30366.1	0.0	0.0	0.0	0.0	0.0	0.0	0.0
bounded/cls-upto-64	nocaps	match	49	5557	605	568	5557	0.109	0	0	0	0	0	0	0	0	0	0	0	0	0	0	0	0	0	dfa	unanchored	none	pinned	unwrapped	none	none		0	unanchored	64	0																
bounded/cls-upto-64	nocaps	search_short	46	2997	473	437	398	1.188	0	0	0	0	0	0	0	0	0	0	0	0	0	0	0	0	75	dfa	unanchored	none	pinned	unwrapped	none	none		0	unanchored	64	0																
bounded/cls-upto-64	nocaps	throughput	5	106496	128317	106496	106496	1.205	0	0	0	0	0	0	21821	21821	0	0	0	0	0	0	0	21821	0	dfa	unanchored	none	pinned	unwrapped	none	none		0	unanchored	64	0																
bounded/cls-upto-8	default	match	49	5557	185	148	5557	0.033	0	0	0	0	0	0	0	0	0	0	0	0	0	0	0	0	0	dfa	unanchored	none	pinned	unwrapped	none	none		0	unanchored	8	0	591.688402	687.184936	0.0	0.0	0.0	0.0	0.0	0.0	0.0	0.0	0.0	0.0	0.0	0.0	0.0	0.0
bounded/cls-upto-8	default	search_short	46	2997	165	129	85	1.941	0	0	0	0	0	0	0	0	0	0	0	0	0	0	0	0	80	dfa	unanchored	none	pinned	unwrapped	none	none		0	unanchored	8	0	495.364094	2025.936392	0.0	0.0	0.0	0.0	0.0	0.0	0.0	0.0	0.0	0.0	0.0	0.0	0.0	0.0
bounded/cls-upto-8	default	throughput	5	106496	137725	106496	106496	1.293	0	0	0	0	0	0	31229	31229	0	0	0	0	0	0	0	31229	0	dfa	unanchored	none	pinned	unwrapped	none	none		0	unanchored	8	0	198848.978072	1196797.286982	0.0	0.0	0.0	0.0	0.0	45088.8	45088.8	0.0	0.0	0.0	0.0	0.0	0.0	0.0
bounded/cls-upto-8	nocaps	match	49	5557	185	148	5557	0.033	0	0	0	0	0	0	0	0	0	0	0	0	0	0	0	0	0	dfa	unanchored	none	pinned	unwrapped	none	none		0	unanchored	8	0																
bounded/cls-upto-8	nocaps	search_short	46	2997	165	129	85	1.941	0	0	0	0	0	0	0	0	0	0	0	0	0	0	0	0	80	dfa	unanchored	none	pinned	unwrapped	none	none		0	unanchored	8	0																
bounded/cls-upto-8	nocaps	throughput	5	106496	137725	106496	106496	1.293	0	0	0	0	0	0	31229	31229	0	0	0	0	0	0	0	31229	0	dfa	unanchored	none	pinned	unwrapped	none	none		0	unanchored	8	0																
bounded/cls-upto-8192	default	match	49	5557	2457	2420	5557	0.442	0	0	0	0	0	0	0	0	0	0	0	0	0	0	0	0	0	dfa	unanchored	none	pinned	search-filter	none	none		0	unanchored	8192	0	1935.82328	6946.856947	0.0	0.0	0.0	0.0	0.0	0.0	0.0	0.0	0.0	0.0	0.0	0.0	0.0	0.0
bounded/cls-upto-8192	default	search_short	46	2997	919	883	847	1.085	0	0	0	0	0	0	0	0	0	0	0	0	0	0	0	0	72	dfa	unanchored	none	pinned	search-filter	none	none		0	unanchored	8192	0	1006.829256	2493.988441	0.0	0.0	0.0	0.0	0.0	0.0	0.0	0.0	0.0	0.0	0.0	0.0	0.0	0.0
bounded/cls-upto-8192	default	throughput	5	106496	126984	106496	106496	1.192	0	0	0	0	0	0	20488	20488	0	0	0	0	0	0	0	20488	0	dfa	unanchored	none	pinned	search-filter	none	none		0	unanchored	8192	0	141848.364099	795646.813856	0.0	0.0	0.0	0.0	0.0	22886.3	22886.3	0.0	0.0	0.0	0.0	0.0	0.0	0.0
bounded/cls-upto-8192	nocaps	match	49	5557	2457	2420	5557	0.442	0	0	0	0	0	0	0	0	0	0	0	0	0	0	0	0	0	dfa	unanchored	none	pinned	search-filter	none	none		0	unanchored	8192	0																
bounded/cls-upto-8192	nocaps	search_short	46	2997	919	883	847	1.085	0	0	0	0	0	0	0	0	0	0	0	0	0	0	0	0	72	dfa	unanchored	none	pinned	search-filter	none	none		0	unanchored	8192	0																
bounded/cls-upto-8192	nocaps	throughput	5	106496	126984	106496	106496	1.192	0	0	0	0	0	0	20488	20488	0	0	0	0	0	0	0	20488	0	dfa	unanchored	none	pinned	search-filter	none	none		0	unanchored	8192	0																
bounded/csv5	default	match	49	5557	1130	1130	5557	0.203	0	0	0	0	0	0	0	0	0	0	0	0	0	0	0	0	0	dfa	unanchored	memchr	reverse-pass	unwrapped	none	none		0	unanchored	164	4	1998.071636	2282.930783	0.0	0.0	0.0	0.0	0.0	0.0	0.0	0.0	0.0	0.0	0.0	0.0	0.0	0.0
bounded/csv5	default	search_short	46	2997	3088	2884	2882	1.071	2732	0	0	0	0	0	0	0	0	0	0	0	0	0	22	22	180	dfa	unanchored	memchr	reverse-pass	unwrapped	none	none		0	unanchored	164	4	992.604829	6058.842129	0.0	0.0	0.0	0.0	0.0	0.0	0.0	0.0	0.0	0.0	0.0	0.0	0.0	7.1
bounded/csv5	default	throughput	5	106496	106496	106496	106496	1.000	106496	0	0	0	0	0	0	0	0	0	0	0	0	0	0	0	0	dfa	unanchored	memchr	reverse-pass	unwrapped	none	none		0	unanchored	164	4	1671.849708	1807.41108	0.0	0.0	0.0	0.0	0.0	0.0	0.0	0.0	0.0	0.0	0.0	0.0	0.0	0.0
bounded/csv5	nocaps	match	49	5557	1130	1130	5557	0.203	0	0	0	0	0	0	0	0	0	0	0	0	0	0	0	0	0	dfa	unanchored	memchr	reverse-pass	unwrapped	none	none		0	unanchored	164	4																
bounded/csv5	nocaps	search_short	46	2997	3088	2884	2882	1.071	2732	0	0	0	0	0	0	0	0	0	0	0	0	0	22	22	180	dfa	unanchored	memchr	reverse-pass	unwrapped	none	none		0	unanchored	164	4																
bounded/csv5	nocaps	throughput	5	106496	106496	106496	106496	1.000	106496	0	0	0	0	0	0	0	0	0	0	0	0	0	0	0	0	dfa	unanchored	memchr	reverse-pass	unwrapped	none	none		0	unanchored	164	4																
bounded/ctx-greedy-256	default	match	49	5557	494	207	5557	0.089	4	0	0	0	0	0	0	0	0	0	0	0	0	0	0	0	0	vm	unanchored	first-class-bounded	reverse-pass		none	none	hybrid	0	unanchored	267	8	669.49255	1759.44319	0.0	0.0	0.0	0.0	0.0	0.0	0.0	0.0	0.0	0.0	0.0	0.0	0.0	0.0
bounded/ctx-greedy-256	default	search_short	46	2997	4716	2997	2997	1.574	1079	0	0	0	182	0	0	0	0	325	0	340	382	0	0	507	377	vm	unanchored	first-class-bounded	reverse-pass		none	none	hybrid	0	unanchored	267	8	6016.18509	5066.312806	0.0	0.0	0.0	232.2	0.0	0.0	0.0	0.0	414.6	0.0	433.7	487.3	0.0	0.0
bounded/ctx-greedy-256	default	throughput	5	106496	106634	106496	106496	1.001	20612	0	0	0	0	0	0	0	0	117	0	0	0	0	0	117	15	vm	unanchored	first-class-bounded	reverse-pass		none	none	hybrid	0	unanchored	267	8	160151.068045	22174.209626	0.0	0.0	0.0	0.0	0.0	0.0	0.0	0.0	175.7	0.0	0.0	0.0	0.0	0.0
bounded/ctx-greedy-256	nocaps	match	49	5557	494	207	5557	0.089	4	0	0	0	0	0	0	0	0	0	0	0	0	0	0	0	0	vm	unanchored	first-class-bounded	reverse-pass		none	none	hybrid	0	unanchored	267	8																
bounded/ctx-greedy-256	nocaps	search_short	46	2997	4716	2997	2997	1.574	1079	0	0	0	182	0	0	0	0	325	0	340	382	0	0	507	377	vm	unanchored	first-class-bounded	reverse-pass		none	none	hybrid	0	unanchored	267	8																
bounded/ctx-greedy-256	nocaps	throughput	5	106496	106634	106496	106496	1.001	20612	0	0	0	0	0	0	0	0	117	0	0	0	0	0	117	15	vm	unanchored	first-class-bounded	reverse-pass		none	none	hybrid	0	unanchored	267	8																
bounded/ctx-lazy-1024	default	match	49	5557	1092	207	5557	0.197	4	0	0	0	0	0	0	0	0	0	29	0	0	0	0	29	0	vm	unanchored	first-class-bounded	reverse-pass		none	none	hybrid	0	unanchored	1035	8	1500.488302	1751.016997	0.0	0.0	0.0	0.0	0.0	0.0	0.0	0.0	0.0	39.8	0.0	0.0	0.0	0.0
bounded/ctx-lazy-1024	default	search_short	46	2997	6069	2997	2997	2.025	1081	0	0	0	182	0	0	0	0	325	0	340	1735	0	0	507	377	vm	unanchored	first-class-bounded	reverse-pass		none	none	hybrid	0	unanchored	1035	8	7800.787402	6200.218074	0.0	0.0	0.0	233.9	0.0	0.0	0.0	0.0	417.7	0.0	437.0	2230.1	0.0	0.0
bounded/ctx-lazy-1024	default	throughput	5	106496	106634	106496	106496	1.001	20612	0	0	0	0	0	0	0	0	117	0	0	0	0	0	117	15	vm	unanchored	first-class-bounded	reverse-pass		none	none	hybrid	0	unanchored	1035	8	162074.265658	22705.615269	0.0	0.0	0.0	0.0	0.0	0.0	0.0	0.0	177.8	0.0	0.0	0.0	0.0	0.0
bounded/ctx-lazy-1024	nocaps	match	49	5557	1092	207	5557	0.197	4	0	0	0	0	0	0	0	0	0	29	0	0	0	0	29	0	vm	unanchored	first-class-bounded	reverse-pass		none	none	hybrid	0	unanchored	1035	8																
bounded/ctx-lazy-1024	nocaps	search_short	46	2997	6069	2997	2997	2.025	1081	0	0	0	182	0	0	0	0	325	0	340	1735	0	0	507	377	vm	unanchored	first-class-bounded	reverse-pass		none	none	hybrid	0	unanchored	1035	8																
bounded/ctx-lazy-1024	nocaps	throughput	5	106496	106634	106496	106496	1.001	20612	0	0	0	0	0	0	0	0	117	0	0	0	0	0	117	15	vm	unanchored	first-class-bounded	reverse-pass		none	none	hybrid	0	unanchored	1035	8																
bounded/ctx-lazy-256	default	match	49	5557	1092	207	5557	0.197	4	0	0	0	0	0	0	0	0	0	0	0	0	0	0	0	0	vm	unanchored	first-class-bounded	reverse-pass		none	none	hybrid	0	unanchored	267	8	1505.653726	1733.716244	0.0	0.0	0.0	0.0	0.0	0.0	0.0	0.0	0.0	0.0	0.0	0.0	0.0	0.0
bounded/ctx-lazy-256	default	search_short	46	2997	6069	2997	2997	2.025	1081	0	0	0	182	0	0	0	0	325	0	340	1735	0	0	507	377	vm	unanchored	first-class-bounded	reverse-pass		none	none	hybrid	0	unanchored	267	8	7793.612964	6254.889148	0.0	0.0	0.0	233.7	0.0	0.0	0.0	0.0	417.4	0.0	436.6	2228.0	0.0	0.0
bounded/ctx-lazy-256	default	throughput	5	106496	106634	106496	106496	1.001	20612	0	0	0	0	0	0	0	0	117	0	0	0	0	0	117	15	vm	unanchored	first-class-bounded	reverse-pass		none	none	hybrid	0	unanchored	267	8	162057.153911	22137.492513	0.0	0.0	0.0	0.0	0.0	0.0	0.0	0.0	177.8	0.0	0.0	0.0	0.0	0.0
bounded/ctx-lazy-256	nocaps	match	49	5557	1092	207	5557	0.197	4	0	0	0	0	0	0	0	0	0	0	0	0	0	0	0	0	vm	unanchored	first-class-bounded	reverse-pass		none	none	hybrid	0	unanchored	267	8																
bounded/ctx-lazy-256	nocaps	search_short	46	2997	6069	2997	2997	2.025	1081	0	0	0	182	0	0	0	0	325	0	340	1735	0	0	507	377	vm	unanchored	first-class-bounded	reverse-pass		none	none	hybrid	0	unanchored	267	8																
bounded/ctx-lazy-256	nocaps	throughput	5	106496	106634	106496	106496	1.001	20612	0	0	0	0	0	0	0	0	117	0	0	0	0	0	117	15	vm	unanchored	first-class-bounded	reverse-pass		none	none	hybrid	0	unanchored	267	8																
bounded/ctx-lazy-64	default	match	49	5557	850	166	5557	0.153	4	0	0	0	0	0	0	0	0	0	0	0	0	0	0	0	0	vm	unanchored	first-class-bounded	reverse-pass		none	none	hybrid	0	unanchored	75	8	1235.576531	1306.347196	0.0	0.0	0.0	0.0	0.0	0.0	0.0	0.0	0.0	0.0	0.0	0.0	0.0	0.0
bounded/ctx-lazy-64	default	search_short	46	2997	5468	2997	2997	1.824	1077	0	0	0	55	0	0	0	0	325	0	190	957	0	0	380	659	vm	unanchored	first-class-bounded	reverse-pass		none	none	hybrid	0	unanchored	75	8	7420.019481	3438.761844	0.0	0.0	0.0	74.6	0.0	0.0	0.0	0.0	441.0	0.0	257.8	1298.6	0.0	0.0
bounded/ctx-lazy-64	default	throughput	5	106496	106634	106496	106496	1.001	20612	0	0	0	0	0	0	0	0	117	0	0	0	0	0	117	15	vm	unanchored	first-class-bounded	reverse-pass		none	none	hybrid	0	unanchored	75	8	162069.632888	22039.477662	0.0	0.0	0.0	0.0	0.0	0.0	0.0	0.0	177.8	0.0	0.0	0.0	0.0	0.0
bounded/ctx-lazy-64	nocaps	match	49	5557	850	166	5557	0.153	4	0	0	0	0	0	0	0	0	0	0	0	0	0	0	0	0	vm	unanchored	first-class-bounded	reverse-pass		none	none	hybrid	0	unanchored	75	8																
bounded/ctx-lazy-64	nocaps	search_short	46	2997	5468	2997	2997	1.824	1077	0	0	0	55	0	0	0	0	325	0	190	957	0	0	380	659	vm	unanchored	first-class-bounded	reverse-pass		none	none	hybrid	0	unanchored	75	8																
bounded/ctx-lazy-64	nocaps	throughput	5	106496	106634	106496	106496	1.001	20612	0	0	0	0	0	0	0	0	117	0	0	0	0	0	117	15	vm	unanchored	first-class-bounded	reverse-pass		none	none	hybrid	0	unanchored	75	8																
bounded/dig-exact-16	default	match	49	5557	283	252	5557	0.051	0	0	0	0	0	0	0	0	0	0	0	0	0	0	0	0	0	dfa	unanchored	byte-class	reverse-pass	unwrapped	none	none		0	unanchored	16	16	708.466641	898.124188	0.0	0.0	0.0	0.0	0.0	0.0	0.0	0.0	0.0	0.0	0.0	0.0	0.0	0.0
bounded/dig-exact-16	default	search_short	46	2997	3160	2692	2685	1.177	0	0	0	128	0	0	0	0	0	0	0	0	0	0	0	128	167	dfa	unanchored	byte-class	reverse-pass	unwrapped	none	none		0	unanchored	16	16	2145.950593	4063.650156	0.0	0.0	86.9	0.0	0.0	0.0	0.0	0.0	0.0	0.0	0.0	0.0	0.0	0.0
bounded/dig-exact-16	default	throughput	5	106496	129534	106496	106496	1.216	0	0	0	20480	0	0	1278	1278	0	0	0	0	0	0	0	21758	0	dfa	unanchored	byte-class	reverse-pass	unwrapped	none	none		0	unanchored	16	16	64392.112483	96414.847908	0.0	0.0	10180.7	0.0	0.0	635.3	635.3	0.0	0.0	0.0	0.0	0.0	0.0	0.0
bounded/dig-exact-16	nocaps	match	49	5557	283	252	5557	0.051	0	0	0	0	0	0	0	0	0	0	0	0	0	0	0	0	0	dfa	unanchored	byte-class	reverse-pass	unwrapped	none	none		0	unanchored	16	16																
bounded/dig-exact-16	nocaps	search_short	46	2997	3160	2692	2685	1.177	0	0	0	128	0	0	0	0	0	0	0	0	0	0	0	128	167	dfa	unanchored	byte-class	reverse-pass	unwrapped	none	none		0	unanchored	16	16																
bounded/dig-exact-16	nocaps	throughput	5	106496	129534	106496	106496	1.216	0	0	0	20480	0	0	1278	1278	0	0	0	0	0	0	0	21758	0	dfa	unanchored	byte-class	reverse-pass	unwrapped	none	none		0	unanchored	16	16																
bounded/dig-exact-2	default	match	49	5557	122	97	5557	0.022	0	0	0	0	0	0	0	0	0	0	0	0	0	0	0	0	0	dfa	unanchored	byte-class	reverse-pass	unwrapped	none	none		0	unanchored	2	2	526.916726	558.655527	0.0	0.0	0.0	0.0	0.0	0.0	0.0	0.0	0.0	0.0	0.0	0.0	0.0	0.0
bounded/dig-exact-2	default	search_short	46	2997	1226	1097	1065	1.151	0	0	0	77	0	0	0	0	0	0	0	0	0	0	0	77	41	dfa	unanchored	byte-class	reverse-pass	unwrapped	none	none		0	unanchored	2	2	934.483941	2495.949412	0.0	0.0	58.7	0.0	0.0	0.0	0.0	0.0	0.0	0.0	0.0	0.0	0.0	0.0
bounded/dig-exact-2	default	throughput	5	106496	147454	106496	106496	1.385	0	0	0	20480	0	0	10238	10238	0	0	0	0	0	0	0	30718	0	dfa	unanchored	byte-class	reverse-pass	unwrapped	none	none		0	unanchored	2	2	103075.285589	448526.209591	0.0	0.0	14316.2	0.0	0.0	7156.7	7156.7	0.0	0.0	0.0	0.0	0.0	0.0	0.0
bounded/dig-exact-2	nocaps	match	49	5557	122	97	5557	0.022	0	0	0	0	0	0	0	0	0	0	0	0	0	0	0	0	0	dfa	unanchored	byte-class	reverse-pass	unwrapped	none	none		0	unanchored	2	2																
bounded/dig-exact-2	nocaps	search_short	46	2997	1226	1097	1065	1.151	0	0	0	77	0	0	0	0	0	0	0	0	0	0	0	77	41	dfa	unanchored	byte-class	reverse-pass	unwrapped	none	none		0	unanchored	2	2																
bounded/dig-exact-2	nocaps	throughput	5	106496	147454	106496	106496	1.385	0	0	0	20480	0	0	10238	10238	0	0	0	0	0	0	0	30718	0	dfa	unanchored	byte-class	reverse-pass	unwrapped	none	none		0	unanchored	2	2																
bounded/dig-exact-32	default	match	49	5557	381	350	5557	0.069	0	0	0	0	0	0	0	0	0	0	0	0	0	0	0	0	0	dfa	unanchored	byte-class	reverse-pass	unwrapped	none	none		0	unanchored	32	32	888.947757	758.477908	0.0	0.0	0.0	0.0	0.0	0.0	0.0	0.0	0.0	0.0	0.0	0.0	0.0	0.0
bounded/dig-exact-32	default	search_short	46	2997	3210	2774	2772	1.158	0	0	0	96	0	0	0	0	0	0	0	0	0	0	0	96	162	dfa	unanchored	byte-class	reverse-pass	unwrapped	none	none		0	unanchored	32	32	2165.589511	3819.818398	0.0	0.0	64.8	0.0	0.0	0.0	0.0	0.0	0.0	0.0	0.0	0.0	0.0	0.0
bounded/dig-exact-32	default	throughput	5	106496	128254	106496	106496	1.204	0	0	0	20480	0	0	638	638	0	0	0	0	0	0	0	21118	0	dfa	unanchored	byte-class	reverse-pass	unwrapped	none	none		0	unanchored	32	32	69113.919754	71914.341434	0.0	0.0	11036.3	0.0	0.0	343.8	343.8	0.0	0.0	0.0	0.0	0.0	0.0	0.0
bounded/dig-exact-32	nocaps	match	49	5557	381	350	5557	0.069	0	0	0	0	0	0	0	0	0	0	0	0	0	0	0	0	0	dfa	unanchored	byte-class	reverse-pass	unwrapped	none	none		0	unanchored	32	32																
bounded/dig-exact-32	nocaps	search_short	46	2997	3210	2774	2772	1.158	0	0	0	96	0	0	0	0	0	0	0	0	0	0	0	96	162	dfa	unanchored	byte-class	reverse-pass	unwrapped	none	none		0	unanchored	32	32																
bounded/dig-exact-32	nocaps	throughput	5	106496	128254	106496	106496	1.204	0	0	0	20480	0	0	638	638	0	0	0	0	0	0	0	21118	0	dfa	unanchored	byte-class	reverse-pass	unwrapped	none	none		0	unanchored	32	32																
bounded/dig-exact-8	default	match	49	5557	206	175	5557	0.037	0	0	0	0	0	0	0	0	0	0	0	0	0	0	0	0	0	dfa	unanchored	byte-class	reverse-pass	unwrapped	none	none		0	unanchored	8	8	600.975737	842.137195	0.0	0.0	0.0	0.0	0.0	0.0	0.0	0.0	0.0	0.0	0.0	0.0	0.0	0.0
bounded/dig-exact-8	default	search_short	46	2997	2805	2417	2406	1.166	0	0	0	97	0	0	0	0	0	0	0	0	0	0	0	97	146	dfa	unanchored	byte-class	reverse-pass	unwrapped	none	none		0	unanchored	8	8	1933.654063	3773.720067	0.0	0.0	66.9	0.0	0.0	0.0	0.0	0.0	0.0	0.0	0.0	0.0	0.0	0.0
bounded/dig-exact-8	default	throughput	5	106496	132094	106496	106496	1.240	0	0	0	20480	0	0	2558	2558	0	0	0	0	0	0	0	23038	0	dfa	unanchored	byte-class	reverse-pass	unwrapped	none	none		0	unanchored	8	8	72993.914083	145772.028306	0.0	0.0	11317.1	0.0	0.0	1413.5	1413.5	0.0	0.0	0.0	0.0	0.0	0.0	0.0
bounded/dig-exact-8	nocaps	match	49	5557	206	175	5557	0.037	0	0	0	0	0	0	0	0	0	0	0	0	0	0	0	0	0	dfa	unanchored	byte-class	reverse-pass	unwrapped	none	none		0	unanchored	8	8																
bounded/dig-exact-8	nocaps	search_short	46	2997	2805	2417	2406	1.166	0	0	0	97	0	0	0	0	0	0	0	0	0	0	0	97	146	dfa	unanchored	byte-class	reverse-pass	unwrapped	none	none		0	unanchored	8	8																
bounded/dig-exact-8	nocaps	throughput	5	106496	132094	106496	106496	1.240	0	0	0	20480	0	0	2558	2558	0	0	0	0	0	0	0	23038	0	dfa	unanchored	byte-class	reverse-pass	unwrapped	none	none		0	unanchored	8	8																
bounded/dig-upto-16	default	match	49	5557	261	252	5557	0.047	0	0	0	0	0	0	0	0	0	0	0	0	0	0	0	0	0	dfa	unanchored	byte-class	reverse-pass	unwrapped	none	none		0	unanchored	16	1	750.00232	2173.659695	0.0	0.0	0.0	0.0	0.0	0.0	0.0	0.0	0.0	0.0	0.0	0.0	0.0	0.0
bounded/dig-upto-16	default	search_short	46	2997	1416	1126	1100	1.287	0	0	0	0	235	0	0	0	0	0	0	0	0	0	0	235	45	dfa	unanchored	byte-class	reverse-pass	unwrapped	none	none		0	unanchored	16	1	1303.601006	2699.238317	0.0	0.0	0.0	216.3	0.0	0.0	0.0	0.0	0.0	0.0	0.0	0.0	0.0	0.0
bounded/dig-upto-16	default	throughput	5	106496	129534	106496	106496	1.216	0	0	0	0	20480	0	1278	1278	0	0	0	0	0	0	0	21758	0	dfa	unanchored	byte-class	reverse-pass	unwrapped	none	none		0	unanchored	16	1	76503.077135	116338.038066	0.0	0.0	0.0	12095.5	0.0	754.8	754.8	0.0	0.0	0.0	0.0	0.0	0.0	0.0
bounded/dig-upto-16	nocaps	match	49	5557	261	252	5557	0.047	0	0	0	0	0	0	0	0	0	0	0	0	0	0	0	0	0	dfa	unanchored	byte-class	reverse-pass	unwrapped	none	none		0	unanchored	16	1																
bounded/dig-upto-16	nocaps	search_short	46	2997	1416	1126	1100	1.287	0	0	0	0	235	0	0	0	0	0	0	0	0	0	0	235	45	dfa	unanchored	byte-class	reverse-pass	unwrapped	none	none		0	unanchored	16	1																
bounded/dig-upto-16	nocaps	throughput	5	106496	129534	106496	106496	1.216	0	0	0	0	20480	0	1278	1278	0	0	0	0	0	0	0	21758	0	dfa	unanchored	byte-class	reverse-pass	unwrapped	none	none		0	unanchored	16	1																
bounded/dig-upto-2	default	match	49	5557	97	97	5557	0.017	0	0	0	0	0	0	0	0	0	0	0	0	0	0	0	0	0	dfa	unanchored	byte-class	reverse-pass	unwrapped	none	none		0	unanchored	2	1	549.636457	665.669382	0.0	0.0	0.0	0.0	0.0	0.0	0.0	0.0	0.0	0.0	0.0	0.0	0.0	0.0
bounded/dig-upto-2	default	search_short	46	2997	1095	984	950	1.153	0	0	0	0	75	0	0	0	0	0	0	0	0	0	0	75	34	dfa	unanchored	byte-class	reverse-pass	unwrapped	none	none		0	unanchored	2	1	1033.140257	2590.954559	0.0	0.0	0.0	70.8	0.0	0.0	0.0	0.0	0.0	0.0	0.0	0.0	0.0	0.0
bounded/dig-upto-2	default	throughput	5	106496	147454	106496	106496	1.385	0	0	0	0	20480	0	10238	10238	0	0	0	0	0	0	0	30718	0	dfa	unanchored	byte-class	reverse-pass	unwrapped	none	none		0	unanchored	2	1	141807.047489	463733.201083	0.0	0.0	0.0	19695.7	0.0	9845.9	9845.9	0.0	0.0	0.0	0.0	0.0	0.0	0.0
bounded/dig-upto-2	nocaps	match	49	5557	97	97	5557	0.017	0	0	0	0	0	0	0	0	0	0	0	0	0	0	0	0	0	dfa	unanchored	byte-class	reverse-pass	unwrapped	none	none		0	unanchored	2	1																
bounded/dig-upto-2	nocaps	search_short	46	2997	1095	984	950	1.153	0	0	0	0	75	0	0	0	0	0	0	0	0	0	0	75	34	dfa	unanchored	byte-class	reverse-pass	unwrapped	none	none		0	unanchored	2	1																
bounded/dig-upto-2	nocaps	throughput	5	106496	147454	106496	106496	1.385	0	0	0	0	20480	0	10238	10238	0	0	0	0	0	0	0	30718	0	dfa	unanchored	byte-class	reverse-pass	unwrapped	none	none		0	unanchored	2	1																
bounded/dig-upto-32	default	match	49	5557	359	350	5557	0.065	0	0	0	0	0	0	0	0	0	0	0	0	0	0	0	0	0	dfa	unanchored	byte-class	reverse-pass	unwrapped	none	none		0	unanchored	32	1	947.908077	3047.343181	0.0	0.0	0.0	0.0	0.0	0.0	0.0	0.0	0.0	0.0	0.0	0.0	0.0	0.0
bounded/dig-upto-32	default	search_short	46	2997	1585	1208	1187	1.335	0	0	0	0	322	0	0	0	0	0	0	0	0	0	0	322	40	dfa	unanchored	byte-class	reverse-pass	unwrapped	none	none		0	unanchored	32	1	1411.584444	2750.343922	0.0	0.0	0.0	286.8	0.0	0.0	0.0	0.0	0.0	0.0	0.0	0.0	0.0	0.0
bounded/dig-upto-32	default	throughput	5	106496	128254	106496	106496	1.204	0	0	0	0	20480	0	638	638	0	0	0	0	0	0	0	21118	0	dfa	unanchored	byte-class	reverse-pass	unwrapped	none	none		0	unanchored	32	1	68735.055596	89293.844807	0.0	0.0	0.0	10975.8	0.0	341.9	341.9	0.0	0.0	0.0	0.0	0.0	0.0	0.0
bounded/dig-upto-32	nocaps	match	49	5557	359	350	5557	0.065	0	0	0	0	0	0	0	0	0	0	0	0	0	0	0	0	0	dfa	unanchored	byte-class	reverse-pass	unwrapped	none	none		0	unanchored	32	1																
bounded/dig-upto-32	nocaps	search_short	46	2997	1585	1208	1187	1.335	0	0	0	0	322	0	0	0	0	0	0	0	0	0	0	322	40	dfa	unanchored	byte-class	reverse-pass	unwrapped	none	none		0	unanchored	32	1																
bounded/dig-upto-32	nocaps	throughput	5	106496	128254	106496	106496	1.204	0	0	0	0	20480	0	638	638	0	0	0	0	0	0	0	21118	0	dfa	unanchored	byte-class	reverse-pass	unwrapped	none	none		0	unanchored	32	1																
bounded/dig-upto-4	default	match	49	5557	135	126	5557	0.024	0	0	0	0	0	0	0	0	0	0	0	0	0	0	0	0	0	dfa	unanchored	byte-class	reverse-pass	unwrapped	none	none		0	unanchored	4	1	560.285054	1019.869895	0.0	0.0	0.0	0.0	0.0	0.0	0.0	0.0	0.0	0.0	0.0	0.0	0.0	0.0
bounded/dig-upto-4	default	search_short	46	2997	1182	1012	980	1.206	0	0	0	0	115	0	0	0	0	0	0	0	0	0	0	115	51	dfa	unanchored	byte-class	reverse-pass	unwrapped	none	none		0	unanchored	4	1	1184.553584	2602.161114	0.0	0.0	0.0	115.2	0.0	0.0	0.0	0.0	0.0	0.0	0.0	0.0	0.0	0.0
bounded/dig-upto-4	default	throughput	5	106496	137214	106496	106496	1.288	0	0	0	0	20480	0	5118	5118	0	0	0	0	0	0	0	25598	0	dfa	unanchored	byte-class	reverse-pass	unwrapped	none	none		0	unanchored	4	1	123345.053492	259140.126394	0.0	0.0	0.0	18410.0	0.0	4600.7	4600.7	0.0	0.0	0.0	0.0	0.0	0.0	0.0
bounded/dig-upto-4	nocaps	match	49	5557	135	126	5557	0.024	0	0	0	0	0	0	0	0	0	0	0	0	0	0	0	0	0	dfa	unanchored	byte-class	reverse-pass	unwrapped	none	none		0	unanchored	4	1																
bounded/dig-upto-4	nocaps	search_short	46	2997	1182	1012	980	1.206	0	0	0	0	115	0	0	0	0	0	0	0	0	0	0	115	51	dfa	unanchored	byte-class	reverse-pass	unwrapped	none	none		0	unanchored	4	1																
bounded/dig-upto-4	nocaps	throughput	5	106496	137214	106496	106496	1.288	0	0	0	0	20480	0	5118	5118	0	0	0	0	0	0	0	25598	0	dfa	unanchored	byte-class	reverse-pass	unwrapped	none	none		0	unanchored	4	1																
bounded/dig-upto-8	default	match	49	5557	184	175	5557	0.033	0	0	0	0	0	0	0	0	0	0	0	0	0	0	0	0	0	dfa	unanchored	byte-class	reverse-pass	unwrapped	none	none		0	unanchored	8	1	627.169339	1598.605625	0.0	0.0	0.0	0.0	0.0	0.0	0.0	0.0	0.0	0.0	0.0	0.0	0.0	0.0
bounded/dig-upto-8	default	search_short	46	2997	1275	1057	1028	1.240	0	0	0	0	163	0	0	0	0	0	0	0	0	0	0	163	48	dfa	unanchored	byte-class	reverse-pass	unwrapped	none	none		0	unanchored	8	1	1234.078475	2636.210147	0.0	0.0	0.0	157.8	0.0	0.0	0.0	0.0	0.0	0.0	0.0	0.0	0.0	0.0
bounded/dig-upto-8	default	throughput	5	106496	132094	106496	106496	1.240	0	0	0	0	20480	0	2558	2558	0	0	0	0	0	0	0	23038	0	dfa	unanchored	byte-class	reverse-pass	unwrapped	none	none		0	unanchored	8	1	90234.639943	163721.514803	0.0	0.0	0.0	13990.1	0.0	1747.4	1747.4	0.0	0.0	0.0	0.0	0.0	0.0	0.0
bounded/dig-upto-8	nocaps	match	49	5557	184	175	5557	0.033	0	0	0	0	0	0	0	0	0	0	0	0	0	0	0	0	0	dfa	unanchored	byte-class	reverse-pass	unwrapped	none	none		0	unanchored	8	1																
bounded/dig-upto-8	nocaps	search_short	46	2997	1275	1057	1028	1.240	0	0	0	0	163	0	0	0	0	0	0	0	0	0	0	163	48	dfa	unanchored	byte-class	reverse-pass	unwrapped	none	none		0	unanchored	8	1																
bounded/dig-upto-8	nocaps	throughput	5	106496	132094	106496	106496	1.240	0	0	0	0	20480	0	2558	2558	0	0	0	0	0	0	0	23038	0	dfa	unanchored	byte-class	reverse-pass	unwrapped	none	none		0	unanchored	8	1																
bounded/dotted4	default	match	49	5557	141	141	5557	0.025	0	0	0	0	0	0	0	0	0	0	0	0	0	0	0	0	0	dfa	unanchored	byte-class	reverse-pass	unwrapped	none	none		0	unanchored	15	7	586.080943	934.995081	0.0	0.0	0.0	0.0	0.0	0.0	0.0	0.0	0.0	0.0	0.0	0.0	0.0	0.0
bounded/dotted4	default	search_short	46	2997	3326	2816	2813	1.182	2555	0	0	0	27	0	0	0	0	282	0	0	0	0	0	309	138	dfa	unanchored	byte-class	reverse-pass	unwrapped	none	none		0	unanchored	15	7	1228.946962	3155.730489	0.0	0.0	0.0	10.0	0.0	0.0	0.0	0.0	104.2	0.0	0.0	0.0	0.0	0.0
bounded/dotted4	default	throughput	5	106496	106496	106496	106496	1.000	106496	0	0	0	0	0	0	0	0	0	0	0	0	0	0	0	0	dfa	unanchored	byte-class	reverse-pass	unwrapped	none	none		0	unanchored	15	7	1664.384978	34566.690202	0.0	0.0	0.0	0.0	0.0	0.0	0.0	0.0	0.0	0.0	0.0	0.0	0.0	0.0
bounded/dotted4	nocaps	match	49	5557	141	141	5557	0.025	0	0	0	0	0	0	0	0	0	0	0	0	0	0	0	0	0	dfa	unanchored	byte-class	reverse-pass	unwrapped	none	none		0	unanchored	15	7																
bounded/dotted4	nocaps	search_short	46	2997	3326	2816	2813	1.182	2555	0	0	0	27	0	0	0	0	282	0	0	0	0	0	309	138	dfa	unanchored	byte-class	reverse-pass	unwrapped	none	none		0	unanchored	15	7																
bounded/dotted4	nocaps	throughput	5	106496	106496	106496	106496	1.000	106496	0	0	0	0	0	0	0	0	0	0	0	0	0	0	0	0	dfa	unanchored	byte-class	reverse-pass	unwrapped	none	none		0	unanchored	15	7																
bounded/floor	default	match	49	5557	49	49	5557	0.009	0	0	0	0	0	0	0	0	0	0	0	0	0	0	0	0	0	dfa	unanchored	memchr	reverse-pass	unwrapped	none	none		0	unanchored	1	1	511.684032	294.639447	0.0	0.0	0.0	0.0	0.0	0.0	0.0	0.0	0.0	0.0	0.0	0.0	0.0	0.0
bounded/floor	default	search_short	46	2997	1877	1859	1853	1.013	1853	0	0	12	0	0	0	0	0	0	0	0	0	0	0	12	6	dfa	unanchored	memchr	reverse-pass	unwrapped	none	none		0	unanchored	1	1	473.734714	1086.247992	0.0	0.0	3.0	0.0	0.0	0.0	0.0	0.0	0.0	0.0	0.0	0.0	0.0	0.0
bounded/floor	default	throughput	5	106496	106496	106496	106496	1.000	106496	0	0	0	0	0	0	0	0	0	0	0	0	0	0	0	0	dfa	unanchored	memchr	reverse-pass	unwrapped	none	none		0	unanchored	1	1	1686.841414	1753.905441	0.0	0.0	0.0	0.0	0.0	0.0	0.0	0.0	0.0	0.0	0.0	0.0	0.0	0.0
bounded/floor	nocaps	match	49	5557	49	49	5557	0.009	0	0	0	0	0	0	0	0	0	0	0	0	0	0	0	0	0	dfa	unanchored	memchr	reverse-pass	unwrapped	none	none		0	unanchored	1	1																
bounded/floor	nocaps	search_short	46	2997	1877	1859	1853	1.013	1853	0	0	12	0	0	0	0	0	0	0	0	0	0	0	12	6	dfa	unanchored	memchr	reverse-pass	unwrapped	none	none		0	unanchored	1	1																
bounded/floor	nocaps	throughput	5	106496	106496	106496	106496	1.000	106496	0	0	0	0	0	0	0	0	0	0	0	0	0	0	0	0	dfa	unanchored	memchr	reverse-pass	unwrapped	none	none		0	unanchored	1	1																
bounded/grp-upto-1024	default	match	49	5557	2457	2420	5557	0.442	0	0	0	0	0	0	0	0	0	0	0	0	0	0	0	0	0	dfa	unanchored	none	pinned	unwrapped	none	none		0	unanchored	1024	0	4843.332485	10810.617873	0.0	0.0	0.0	0.0	0.0	0.0	0.0	0.0	0.0	0.0	0.0	0.0	0.0	0.0
bounded/grp-upto-1024	default	search_short	46	2997	919	883	847	1.085	0	0	0	0	0	0	0	0	0	0	0	0	0	0	0	0	72	dfa	unanchored	none	pinned	unwrapped	none	none		0	unanchored	1024	0	1020.664171	4568.128812	0.0	0.0	0.0	0.0	0.0	0.0	0.0	0.0	0.0	0.0	0.0	0.0	0.0	0.0
bounded/grp-upto-1024	default	throughput	5	106496	127057	106496	106496	1.193	0	0	0	0	0	0	20561	20561	0	0	0	0	0	0	0	20561	0	dfa	unanchored	none	pinned	unwrapped	none	none		0	unanchored	1024	0	143532.861343	1110564.332248	0.0	0.0	0.0	0.0	0.0	23227.2	23227.2	0.0	0.0	0.0	0.0	0.0	0.0	0.0
bounded/grp-upto-1024	nocaps	match	49	5557	2457	2420	5557	0.442	0	0	0	0	0	0	0	0	0	0	0	0	0	0	0	0	0	dfa	unanchored	none	pinned	unwrapped	none	none		0	unanchored	1024	0																
bounded/grp-upto-1024	nocaps	search_short	46	2997	919	883	847	1.085	0	0	0	0	0	0	0	0	0	0	0	0	0	0	0	0	72	dfa	unanchored	none	pinned	unwrapped	none	none		0	unanchored	1024	0																
bounded/grp-upto-1024	nocaps	throughput	5	106496	127057	106496	106496	1.193	0	0	0	0	0	0	20561	20561	0	0	0	0	0	0	0	20561	0	dfa	unanchored	none	pinned	unwrapped	none	none		0	unanchored	1024	0																
bounded/hex32	default	match	49	5557	442	413	5557	0.080	0	0	0	0	0	0	0	0	0	0	0	0	0	0	0	0	0	dfa	unanchored	byte-class	reverse-pass	unwrapped	none	none		0	unanchored	32	32	982.083462	753.801633	0.0	0.0	0.0	0.0	0.0	0.0	0.0	0.0	0.0	0.0	0.0	0.0	0.0	0.0
bounded/hex32	default	search_short	46	2997	3603	2517	2513	1.434	0	0	0	194	0	0	0	0	0	0	0	0	0	0	0	194	435	dfa	unanchored	byte-class	reverse-pass	unwrapped	none	none		0	unanchored	32	32	2823.80245	4985.972877	0.0	0.0	152.0	0.0	0.0	0.0	0.0	0.0	0.0	0.0	0.0	0.0	0.0	0.0
bounded/hex32	default	throughput	5	106496	158881	106496	106496	1.492	0	0	0	20480	0	0	638	638	0	0	0	0	0	0	0	21118	15313	dfa	unanchored	byte-class	reverse-pass	unwrapped	none	none		0	unanchored	32	32	268323.14822	254111.883277	0.0	0.0	34587.3	0.0	0.0	1077.5	1077.5	0.0	0.0	0.0	0.0	0.0	0.0	0.0
bounded/hex32	nocaps	match	49	5557	442	413	5557	0.080	0	0	0	0	0	0	0	0	0	0	0	0	0	0	0	0	0	dfa	unanchored	byte-class	reverse-pass	unwrapped	none	none		0	unanchored	32	32																
bounded/hex32	nocaps	search_short	46	2997	3603	2517	2513	1.434	0	0	0	194	0	0	0	0	0	0	0	0	0	0	0	194	435	dfa	unanchored	byte-class	reverse-pass	unwrapped	none	none		0	unanchored	32	32																
bounded/hex32	nocaps	throughput	5	106496	158881	106496	106496	1.492	0	0	0	20480	0	0	638	638	0	0	0	0	0	0	0	21118	15313	dfa	unanchored	byte-class	reverse-pass	unwrapped	none	none		0	unanchored	32	32																
bounded/line-80	default	match	49	5557	5557	5557	5557	1.000	0	0	0	0	0	0	0	0	0	0	0	0	0	0	0	0	0	dfa	unanchored	byte-class	reverse-pass	unwrapped	none	none		0	unanchored	-1	80	5444.594234	9784.676362	0.0	0.0	0.0	0.0	0.0	0.0	0.0	0.0	0.0	0.0	0.0	0.0	0.0	0.0
bounded/line-80	default	search_short	46	2997	5254	2997	2997	1.753	0	0	0	0	2211	0	0	0	0	0	0	0	0	0	0	2211	0	dfa	unanchored	byte-class	reverse-pass	unwrapped	none	none		0	unanchored	-1	80	3790.006591	2928.904783	0.0	0.0	0.0	1594.9	0.0	0.0	0.0	0.0	0.0	0.0	0.0	0.0	0.0	0.0
bounded/line-80	default	throughput	5	106496	212997	106496	106496	2.000	0	0	0	0	106496	0	0	0	0	0	0	0	0	0	0	106496	0	dfa	unanchored	byte-class	reverse-pass	unwrapped	none	none		0	unanchored	-1	80	75429.251109	32186.866592	0.0	0.0	0.0	37713.7	0.0	0.0	0.0	0.0	0.0	0.0	0.0	0.0	0.0	0.0
bounded/line-80	nocaps	match	49	5557	5557	5557	5557	1.000	0	0	0	0	0	0	0	0	0	0	0	0	0	0	0	0	0	dfa	unanchored	byte-class	reverse-pass	unwrapped	none	none		0	unanchored	-1	80																
bounded/line-80	nocaps	search_short	46	2997	5254	2997	2997	1.753	0	0	0	0	2211	0	0	0	0	0	0	0	0	0	0	2211	0	dfa	unanchored	byte-class	reverse-pass	unwrapped	none	none		0	unanchored	-1	80																
bounded/line-80	nocaps	throughput	5	106496	212997	106496	106496	2.000	0	0	0	0	106496	0	0	0	0	0	0	0	0	0	0	106496	0	dfa	unanchored	byte-class	reverse-pass	unwrapped	none	none		0	unanchored	-1	80																
bounded/nest2-4	default	match	49	5557	261	252	5557	0.047	0	0	0	0	0	0	0	0	0	0	0	0	0	0	0	0	0	dfa	unanchored	byte-class	reverse-pass	unwrapped	none	none		0	unanchored	16	1	750.349863	2172.530065	0.0	0.0	0.0	0.0	0.0	0.0	0.0	0.0	0.0	0.0	0.0	0.0	0.0	0.0
bounded/nest2-4	default	search_short	46	2997	1416	1126	1100	1.287	0	0	0	0	235	0	0	0	0	0	0	0	0	0	0	235	45	dfa	unanchored	byte-class	reverse-pass	unwrapped	none	none		0	unanchored	16	1	1304.001822	2739.66366	0.0	0.0	0.0	216.4	0.0	0.0	0.0	0.0	0.0	0.0	0.0	0.0	0.0	0.0
bounded/nest2-4	default	throughput	5	106496	129534	106496	106496	1.216	0	0	0	0	20480	0	1278	1278	0	0	0	0	0	0	0	21758	0	dfa	unanchored	byte-class	reverse-pass	unwrapped	none	none		0	unanchored	16	1	76302.614242	105773.021312	0.0	0.0	0.0	12063.8	0.0	752.8	752.8	0.0	0.0	0.0	0.0	0.0	0.0	0.0
bounded/nest2-4	nocaps	match	49	5557	261	252	5557	0.047	0	0	0	0	0	0	0	0	0	0	0	0	0	0	0	0	0	dfa	unanchored	byte-class	reverse-pass	unwrapped	none	none		0	unanchored	16	1																
bounded/nest2-4	nocaps	search_short	46	2997	1416	1126	1100	1.287	0	0	0	0	235	0	0	0	0	0	0	0	0	0	0	235	45	dfa	unanchored	byte-class	reverse-pass	unwrapped	none	none		0	unanchored	16	1																
bounded/nest2-4	nocaps	throughput	5	106496	129534	106496	106496	1.216	0	0	0	0	20480	0	1278	1278	0	0	0	0	0	0	0	21758	0	dfa	unanchored	byte-class	reverse-pass	unwrapped	none	none		0	unanchored	16	1																
bounded/nest2-64	default	match	49	5557	5618	3991	5557	1.011	0	0	0	0	0	0	0	0	0	0	0	0	0	0	0	0	24	dfa	unanchored	byte-class	reverse-pass	search-filter	none	none		0	unanchored	4096	1	2352.171894	7681.830372	0.0	0.0	0.0	0.0	0.0	0.0	0.0	0.0	0.0	0.0	0.0	0.0	0.0	0.0
bounded/nest2-64	default	search_short	46	2997	2033	1431	1412	1.440	0	0	0	0	547	0	0	0	0	0	0	0	0	0	0	547	38	dfa	unanchored	byte-class	reverse-pass	search-filter	none	none		0	unanchored	4096	1	1697.844674	3021.787429	0.0	0.0	0.0	456.8	0.0	0.0	0.0	0.0	0.0	0.0	0.0	0.0	0.0	0.0
bounded/nest2-64	default	throughput	5	106496	126984	106496	106496	1.192	0	0	0	0	20480	0	3	3	0	0	0	0	0	0	0	20483	0	dfa	unanchored	byte-class	reverse-pass	search-filter	none	none		0	unanchored	4096	1	62503.585979	72778.235878	0.0	0.0	0.0	10080.6	0.0	1.5	1.5	0.0	0.0	0.0	0.0	0.0	0.0	0.0
bounded/nest2-64	nocaps	match	49	5557	5618	3991	5557	1.011	0	0	0	0	0	0	0	0	0	0	0	0	0	0	0	0	24	dfa	unanchored	byte-class	reverse-pass	search-filter	none	none		0	unanchored	4096	1																
bounded/nest2-64	nocaps	search_short	46	2997	2033	1431	1412	1.440	0	0	0	0	547	0	0	0	0	0	0	0	0	0	0	547	38	dfa	unanchored	byte-class	reverse-pass	search-filter	none	none		0	unanchored	4096	1																
bounded/nest2-64	nocaps	throughput	5	106496	126984	106496	106496	1.192	0	0	0	0	20480	0	3	3	0	0	0	0	0	0	0	20483	0	dfa	unanchored	byte-class	reverse-pass	search-filter	none	none		0	unanchored	4096	1																
bounded/nest2-letters-6	default	match	49	5557	403	401	5557	0.073	0	0	0	0	0	0	0	0	0	0	0	0	0	0	0	0	0	dfa	unanchored	byte-class	reverse-pass	unwrapped	none	none		0	unanchored	36	1	1209.414589	1580.661997	0.0	0.0	0.0	0.0	0.0	0.0	0.0	0.0	0.0	0.0	0.0	0.0	0.0	0.0
bounded/nest2-letters-6	default	search_short	46	2997	1307	911	890	1.469	0	0	0	0	354	0	0	0	0	0	0	0	0	0	0	354	37	dfa	unanchored	byte-class	reverse-pass	unwrapped	none	none		0	unanchored	36	1	1214.85577	2662.360588	0.0	0.0	0.0	329.0	0.0	0.0	0.0	0.0	0.0	0.0	0.0	0.0	0.0	0.0
bounded/nest2-letters-6	default	throughput	5	106496	197291	106496	106496	1.853	0	0	0	0	86016	0	2388	2388	0	0	0	0	0	0	0	88404	0	dfa	unanchored	byte-class	reverse-pass	unwrapped	none	none		0	unanchored	36	1	159412.473456	176067.490772	0.0	0.0	0.0	69501.5	0.0	1929.5	1929.5	0.0	0.0	0.0	0.0	0.0	0.0	0.0
bounded/nest2-letters-6	nocaps	match	49	5557	403	401	5557	0.073	0	0	0	0	0	0	0	0	0	0	0	0	0	0	0	0	0	dfa	unanchored	byte-class	reverse-pass	unwrapped	none	none		0	unanchored	36	1																
bounded/nest2-letters-6	nocaps	search_short	46	2997	1307	911	890	1.469	0	0	0	0	354	0	0	0	0	0	0	0	0	0	0	354	37	dfa	unanchored	byte-class	reverse-pass	unwrapped	none	none		0	unanchored	36	1																
bounded/nest2-letters-6	nocaps	throughput	5	106496	197291	106496	106496	1.853	0	0	0	0	86016	0	2388	2388	0	0	0	0	0	0	0	88404	0	dfa	unanchored	byte-class	reverse-pass	unwrapped	none	none		0	unanchored	36	1																
bounded/nest3-16	default	match	49	5557	5618	3991	5557	1.011	0	0	0	0	0	0	0	0	0	0	0	0	0	0	0	0	24	dfa	unanchored	byte-class	reverse-pass	search-filter	none	none		0	unanchored	4096	1	4009.718899	12675.664037	0.0	0.0	0.0	0.0	0.0	0.0	0.0	0.0	0.0	0.0	0.0	0.0	0.0	0.0
bounded/nest3-16	default	search_short	46	2997	2033	1431	1412	1.440	0	0	0	0	547	0	0	0	0	0	0	0	0	0	0	547	38	dfa	unanchored	byte-class	reverse-pass	search-filter	none	none		0	unanchored	4096	1	1705.240328	3036.019152	0.0	0.0	0.0	458.8	0.0	0.0	0.0	0.0	0.0	0.0	0.0	0.0	0.0	0.0
bounded/nest3-16	default	throughput	5	106496	126984	106496	106496	1.192	0	0	0	0	20480	0	3	3	0	0	0	0	0	0	0	20483	0	dfa	unanchored	byte-class	reverse-pass	search-filter	none	none		0	unanchored	4096	1	62412.804598	54184.937164	0.0	0.0	0.0	10065.9	0.0	1.5	1.5	0.0	0.0	0.0	0.0	0.0	0.0	0.0
bounded/nest3-16	nocaps	match	49	5557	5618	3991	5557	1.011	0	0	0	0	0	0	0	0	0	0	0	0	0	0	0	0	24	dfa	unanchored	byte-class	reverse-pass	search-filter	none	none		0	unanchored	4096	1																
bounded/nest3-16	nocaps	search_short	46	2997	2033	1431	1412	1.440	0	0	0	0	547	0	0	0	0	0	0	0	0	0	0	547	38	dfa	unanchored	byte-class	reverse-pass	search-filter	none	none		0	unanchored	4096	1																
bounded/nest3-16	nocaps	throughput	5	106496	126984	106496	106496	1.192	0	0	0	0	20480	0	3	3	0	0	0	0	0	0	0	20483	0	dfa	unanchored	byte-class	reverse-pass	search-filter	none	none		0	unanchored	4096	1																
bounded/nest3-3	default	match	49	5557	337	328	5557	0.061	0	0	0	0	0	0	0	0	0	0	0	0	0	0	0	0	0	dfa	unanchored	byte-class	reverse-pass	unwrapped	none	none		0	unanchored	27	1	900.181222	2553.689783	0.0	0.0	0.0	0.0	0.0	0.0	0.0	0.0	0.0	0.0	0.0	0.0	0.0	0.0
bounded/nest3-3	default	search_short	46	2997	1548	1191	1167	1.326	0	0	0	0	302	0	0	0	0	0	0	0	0	0	0	302	43	dfa	unanchored	byte-class	reverse-pass	unwrapped	none	none		0	unanchored	27	1	1387.679503	2777.485747	0.0	0.0	0.0	270.7	0.0	0.0	0.0	0.0	0.0	0.0	0.0	0.0	0.0	0.0
bounded/nest3-3	default	throughput	5	106496	128492	106496	106496	1.207	0	0	0	0	20480	0	757	757	0	0	0	0	0	0	0	21237	0	dfa	unanchored	byte-class	reverse-pass	unwrapped	none	none		0	unanchored	27	1	69343.796811	86418.216238	0.0	0.0	0.0	11052.5	0.0	408.5	408.5	0.0	0.0	0.0	0.0	0.0	0.0	0.0
bounded/nest3-3	nocaps	match	49	5557	337	328	5557	0.061	0	0	0	0	0	0	0	0	0	0	0	0	0	0	0	0	0	dfa	unanchored	byte-class	reverse-pass	unwrapped	none	none		0	unanchored	27	1																
bounded/nest3-3	nocaps	search_short	46	2997	1548	1191	1167	1.326	0	0	0	0	302	0	0	0	0	0	0	0	0	0	0	302	43	dfa	unanchored	byte-class	reverse-pass	unwrapped	none	none		0	unanchored	27	1																
bounded/nest3-3	nocaps	throughput	5	106496	128492	106496	106496	1.207	0	0	0	0	20480	0	757	757	0	0	0	0	0	0	0	21237	0	dfa	unanchored	byte-class	reverse-pass	unwrapped	none	none		0	unanchored	27	1																
bounded/pw-8-64	default	match	49	5557	1696	1696	5557	0.305	0	0	0	0	0	0	0	0	0	0	0	0	0	0	0	0	0	dfa	unanchored	byte-class	reverse-pass	unwrapped	none	none		0	unanchored	64	8	3505.319663	6930.298875	0.0	0.0	0.0	0.0	0.0	0.0	0.0	0.0	0.0	0.0	0.0	0.0	0.0	0.0
bounded/pw-8-64	default	search_short	46	2997	3003	1501	1489	2.017	0	0	0	0	1456	0	0	0	0	0	0	0	0	0	0	1456	12	dfa	unanchored	byte-class	reverse-pass	unwrapped	none	none		0	unanchored	64	8	3004.92802	2664.068031	0.0	0.0	0.0	1456.9	0.0	0.0	0.0	0.0	0.0	0.0	0.0	0.0	0.0	0.0
bounded/pw-8-64	default	throughput	5	106496	216315	106496	106496	2.031	0	0	0	0	106496	0	1659	1659	0	0	0	0	0	0	0	108155	0	dfa	unanchored	byte-class	reverse-pass	unwrapped	none	none		0	unanchored	64	8	192398.467532	129626.817719	0.0	0.0	0.0	94721.4	0.0	1475.6	1475.6	0.0	0.0	0.0	0.0	0.0	0.0	0.0
bounded/pw-8-64	nocaps	match	49	5557	1696	1696	5557	0.305	0	0	0	0	0	0	0	0	0	0	0	0	0	0	0	0	0	dfa	unanchored	byte-class	reverse-pass	unwrapped	none	none		0	unanchored	64	8																
bounded/pw-8-64	nocaps	search_short	46	2997	3003	1501	1489	2.017	0	0	0	0	1456	0	0	0	0	0	0	0	0	0	0	1456	12	dfa	unanchored	byte-class	reverse-pass	unwrapped	none	none		0	unanchored	64	8																
bounded/pw-8-64	nocaps	throughput	5	106496	216315	106496	106496	2.031	0	0	0	0	106496	0	1659	1659	0	0	0	0	0	0	0	108155	0	dfa	unanchored	byte-class	reverse-pass	unwrapped	none	none		0	unanchored	64	8																
bounded/year4	default	match	49	5557	157	126	5557	0.028	0	0	0	0	0	0	0	0	0	0	0	0	0	0	0	0	0	dfa	unanchored	byte-class	reverse-pass	unwrapped	none	none		0	unanchored	4	4	542.913578	669.196874	0.0	0.0	0.0	0.0	0.0	0.0	0.0	0.0	0.0	0.0	0.0	0.0	0.0	0.0
bounded/year4	default	search_short	46	2997	2444	2121	2102	1.163	0	0	0	91	0	0	0	0	0	0	0	0	0	0	0	91	122	dfa	unanchored	byte-class	reverse-pass	unwrapped	none	none		0	unanchored	4	4	1770.336522	3501.83441	0.0	0.0	65.9	0.0	0.0	0.0	0.0	0.0	0.0	0.0	0.0	0.0	0.0	0.0
bounded/year4	default	throughput	5	106496	137214	106496	106496	1.288	0	0	0	20480	0	0	5118	5118	0	0	0	0	0	0	0	25598	0	dfa	unanchored	byte-class	reverse-pass	unwrapped	none	none		0	unanchored	4	4	96800.275839	245762.949812	0.0	0.0	14448.0	0.0	0.0	3610.6	3610.6	0.0	0.0	0.0	0.0	0.0	0.0	0.0
bounded/year4	nocaps	match	49	5557	157	126	5557	0.028	0	0	0	0	0	0	0	0	0	0	0	0	0	0	0	0	0	dfa	unanchored	byte-class	reverse-pass	unwrapped	none	none		0	unanchored	4	4																
bounded/year4	nocaps	search_short	46	2997	2444	2121	2102	1.163	0	0	0	91	0	0	0	0	0	0	0	0	0	0	0	91	122	dfa	unanchored	byte-class	reverse-pass	unwrapped	none	none		0	unanchored	4	4																
bounded/year4	nocaps	throughput	5	106496	137214	106496	106496	1.288	0	0	0	20480	0	0	5118	5118	0	0	0	0	0	0	0	25598	0	dfa	unanchored	byte-class	reverse-pass	unwrapped	none	none		0	unanchored	4	4																
capability/balanced-parens-rec	default	search_short	75	1373	1483	1360	1360	1.090	1385	0	0	0	0	0	0	0	27	41	0	0	37	0	0	68	18	vm					none	none	none	0	unanchored	-1	2	927.640701	2970.317889	0.0	0.0	0.0	0.0	0.0	0.0	0.0	16.9	25.6	0.0	0.0	23.1	0.0	0.0
capability/balanced-parens-rec	default	throughput	11	4681573	7456686	4681573	4681573	1.593	6001456	0	0	0	0	0	0	0	1319883	1319883	0	0	71604	0	0	2639766	63743	vm					none	none	none	0	unanchored	-1	2	1194225.996381	780604.703101	0.0	0.0	0.0	0.0	0.0	0.0	0.0	211385.9	211385.9	0.0	0.0	11467.7	0.0	0.0
capability/balanced-parens-rec	nocaps	search_short	75	1373	1483	1360	1360	1.090	1385	0	0	0	0	0	0	0	27	41	0	0	37	0	0	68	18	vm					none	none	none	0	unanchored	-1	2	918.20991	2970.317889	0.0	0.0	0.0	0.0	0.0	0.0	0.0	16.7	25.4	0.0	0.0	22.9	0.0	0.0
capability/balanced-parens-rec	nocaps	throughput	11	4681573	7456686	4681573	4681573	1.593	6001456	0	0	0	0	0	0	0	1319883	1319883	0	0	71604	0	0	2639766	63743	vm					none	none	none	0	unanchored	-1	2	1193769.546911	780604.703101	0.0	0.0	0.0	0.0	0.0	0.0	0.0	211305.1	211305.1	0.0	0.0	11463.4	0.0	0.0
capability/base10num-near-miss	default	search_short	75	1373	153	148	97	1.577	0	0	0	0	0	0	0	0	0	0	0	0	0	5	0	5	51	dfa	attempt	none	reverse-pass	search-filter	none	none		1	anchored	-1	1	566.060341	2056.736288	0.0	0.0	0.0	0.0	0.0	0.0	0.0	0.0	0.0	0.0	0.0	0.0	18.5	0.0
capability/base10num-near-miss	default	throughput	11	4681573	11	11	4681573	0.000	0	0	0	0	0	0	0	0	0	0	0	0	0	0	0	0	0	dfa	attempt	none	reverse-pass	search-filter	none	none		1	anchored	-1	1	61.872516	293.067837	0.0	0.0	0.0	0.0	0.0	0.0	0.0	0.0	0.0	0.0	0.0	0.0	0.0	0.0
capability/base10num-near-miss	nocaps	search_short	75	1373	153	148	97	1.577	0	0	0	0	0	0	0	0	0	0	0	0	0	5	0	5	51	dfa	attempt	none	reverse-pass	search-filter	none	none		1	anchored	-1	1	571.598468	2056.736288	0.0	0.0	0.0	0.0	0.0	0.0	0.0	0.0	0.0	0.0	0.0	0.0	18.7	0.0
capability/base10num-near-miss	nocaps	throughput	11	4681573	11	11	4681573	0.000	0	0	0	0	0	0	0	0	0	0	0	0	0	0	0	0	0	dfa	attempt	none	reverse-pass	search-filter	none	none		1	anchored	-1	1	61.915669	293.067837	0.0	0.0	0.0	0.0	0.0	0.0	0.0	0.0	0.0	0.0	0.0	0.0	0.0	0.0
capability/bracket-array-define	default	search_short	75	1373	97	85	86	1.128	0	0	0	0	0	0	0	0	0	0	0	0	12	0	0	0	0	vm					none	none	none	1	anchored	-1	0	1895.680831	2964.368835	0.0	0.0	0.0	0.0	0.0	0.0	0.0	0.0	0.0	0.0	0.0	234.5	0.0	0.0
capability/bracket-array-define	default	throughput	11	4681573	11	11	4681573	0.000	0	0	0	0	0	0	0	0	0	0	0	0	0	0	0	0	0	vm					none	none	none	1	anchored	-1	0	262.952272	350.000746	0.0	0.0	0.0	0.0	0.0	0.0	0.0	0.0	0.0	0.0	0.0	0.0	0.0	0.0
capability/bracket-array-define	nocaps	search_short	75	1373	97	85	86	1.128	0	0	0	0	0	0	0	0	0	0	0	0	12	0	0	0	0	vm					none	none	none	1	anchored	-1	0	1895.394625	2964.368835	0.0	0.0	0.0	0.0	0.0	0.0	0.0	0.0	0.0	0.0	0.0	234.5	0.0	0.0
capability/bracket-array-define	nocaps	throughput	11	4681573	11	11	4681573	0.000	0	0	0	0	0	0	0	0	0	0	0	0	0	0	0	0	0	vm					none	none	none	1	anchored	-1	0	263.403839	350.000746	0.0	0.0	0.0	0.0	0.0	0.0	0.0	0.0	0.0	0.0	0.0	0.0	0.0	0.0
capability/codegrammar-flat	default	search_short	75	1373	1410	1373	1373	1.027	1319	0	0	0	8	0	0	0	0	0	0	7	8	0	0	8	8	vm	unanchored	memchr	reverse-pass		none	none	hybrid	0	unanchored	-1	4	942.532866	2436.910238	0.0	0.0	0.0	5.3	0.0	0.0	0.0	0.0	0.0	0.0	4.7	5.3	0.0	0.0
capability/codegrammar-flat	default	throughput	11	4681573	4689301	4681573	4681573	1.002	3306386	0	0	0	0	0	0	0	0	0	0	0	0	0	0	0	7725	vm	unanchored	memchr	reverse-pass		none	none	hybrid	0	unanchored	-1	4	656382.559482	198982.409741	0.0	0.0	0.0	0.0	0.0	0.0	0.0	0.0	0.0	0.0	0.0	0.0	0.0	0.0
capability/codegrammar-flat	nocaps	search_short	75	1373	1395	1373	1373	1.016	1319	0	0	0	8	0	0	0	0	0	0	0	0	0	0	8	8	dfa	unanchored	memchr	reverse-pass	unwrapped	none	none		0	unanchored	-1	4	744.454242	2436.910238	0.0	0.0	0.0	4.3	0.0	0.0	0.0	0.0	0.0	0.0	0.0	0.0	0.0	0.0
capability/codegrammar-flat	nocaps	throughput	11	4681573	4689301	4681573	4681573	1.002	3306386	0	0	0	0	0	0	0	0	0	0	0	0	0	0	0	7725	dfa	unanchored	memchr	reverse-pass	unwrapped	none	none		0	unanchored	-1	4	686099.053744	198982.409741	0.0	0.0	0.0	0.0	0.0	0.0	0.0	0.0	0.0	0.0	0.0	0.0	0.0	0.0
capability/codegrammar-xflag	default	search_short	75	1373	1410	1373	1373	1.027	1319	0	0	0	8	0	0	0	0	0	0	7	8	0	0	8	8	vm	unanchored	memchr	reverse-pass		none	none	hybrid	0	unanchored	-1	4	941.972457	2430.175587	0.0	0.0	0.0	5.3	0.0	0.0	0.0	0.0	0.0	0.0	4.7	5.3	0.0	0.0
capability/codegrammar-xflag	default	throughput	11	4681573	4689301	4681573	4681573	1.002	3306386	0	0	0	0	0	0	0	0	0	0	0	0	0	0	0	7725	vm	unanchored	memchr	reverse-pass		none	none	hybrid	0	unanchored	-1	4	658946.136211	198997.653661	0.0	0.0	0.0	0.0	0.0	0.0	0.0	0.0	0.0	0.0	0.0	0.0	0.0	0.0
capability/codegrammar-xflag	nocaps	search_short	75	1373	1395	1373	1373	1.016	1319	0	0	0	8	0	0	0	0	0	0	0	0	0	0	8	8	dfa	unanchored	memchr	reverse-pass	unwrapped	none	none		0	unanchored	-1	4	741.125353	2430.175587	0.0	0.0	0.0	4.3	0.0	0.0	0.0	0.0	0.0	0.0	0.0	0.0	0.0	0.0
capability/codegrammar-xflag	nocaps	throughput	11	4681573	4689301	4681573	4681573	1.002	3306386	0	0	0	0	0	0	0	0	0	0	0	0	0	0	0	7725	dfa	unanchored	memchr	reverse-pass	unwrapped	none	none		0	unanchored	-1	4	687025.463415	198997.653661	0.0	0.0	0.0	0.0	0.0	0.0	0.0	0.0	0.0	0.0	0.0	0.0	0.0	0.0
capability/currency-lookbehind-fixed	default	search_short	75	1373	1378	1370	1369	1.007	1290	0	0	0	0	0	0	0	0	0	0	0	0	0	0	0	8	dfa	unanchored	memchr-bounded	reverse-pass	unwrapped	none	none		0	unanchored	-1	1	876.093317	4057.677784	0.0	0.0	0.0	0.0	0.0	0.0	0.0	0.0	0.0	0.0	0.0	0.0	0.0	0.0
capability/currency-lookbehind-fixed	default	throughput	11	4681573	4681573	4681573	4681573	1.000	4681562	0	0	0	0	0	0	0	0	0	0	0	0	0	0	0	0	dfa	unanchored	memchr-bounded	reverse-pass	unwrapped	none	none		0	unanchored	-1	1	78530.674057	4860518.944245	0.0	0.0	0.0	0.0	0.0	0.0	0.0	0.0	0.0	0.0	0.0	0.0	0.0	0.0
capability/currency-lookbehind-fixed	nocaps	search_short	75	1373	1378	1370	1369	1.007	1290	0	0	0	0	0	0	0	0	0	0	0	0	0	0	0	8	dfa	unanchored	memchr-bounded	reverse-pass	unwrapped	none	none		0	unanchored	-1	1	879.93776	4057.677784	0.0	0.0	0.0	0.0	0.0	0.0	0.0	0.0	0.0	0.0	0.0	0.0	0.0	0.0
capability/currency-lookbehind-fixed	nocaps	throughput	11	4681573	4681573	4681573	4681573	1.000	4681562	0	0	0	0	0	0	0	0	0	0	0	0	0	0	0	0	dfa	unanchored	memchr-bounded	reverse-pass	unwrapped	none	none		0	unanchored	-1	1	78567.271917	4860518.944245	0.0	0.0	0.0	0.0	0.0	0.0	0.0	0.0	0.0	0.0	0.0	0.0	0.0	0.0
capability/date-nested-plus	default	search_short	75	1373	143	143	75	1.907	0	0	0	0	0	0	0	0	0	0	0	0	0	0	0	0	68	vm	attempt	none	reverse-pass		none	none	hybrid	1	anchored	-1	2	887.156	1781.324531	0.0	0.0	0.0	0.0	0.0	0.0	0.0	0.0	0.0	0.0	0.0	0.0	0.0	0.0
capability/date-nested-plus	default	throughput	11	4681573	11	11	4681573	0.000	0	0	0	0	0	0	0	0	0	0	0	0	0	0	0	0	0	vm	attempt	none	reverse-pass		none	none	hybrid	1	anchored	-1	2	110.540003	277.338286	0.0	0.0	0.0	0.0	0.0	0.0	0.0	0.0	0.0	0.0	0.0	0.0	0.0	0.0
capability/date-nested-plus	nocaps	search_short	75	1373	143	143	75	1.907	0	0	0	0	0	0	0	0	0	0	0	0	0	0	0	0	68	dfa	attempt	none	reverse-pass	search-filter	none	none		1	anchored	-1	2	532.551866	1781.324531	0.0	0.0	0.0	0.0	0.0	0.0	0.0	0.0	0.0	0.0	0.0	0.0	0.0	0.0
capability/date-nested-plus	nocaps	throughput	11	4681573	11	11	4681573	0.000	0	0	0	0	0	0	0	0	0	0	0	0	0	0	0	0	0	dfa	attempt	none	reverse-pass	search-filter	none	none		1	anchored	-1	2	62.026996	277.338286	0.0	0.0	0.0	0.0	0.0	0.0	0.0	0.0	0.0	0.0	0.0	0.0	0.0	0.0
capability/doubled-word	default	search_short	75	1373	9255	1366	1365	6.780	0	0	0	0	0	0	0	0	0	0	0	0	6576	0	0	0	1314	vm					none	none	none	0	unanchored	-1	2	5847.56752	13251.172788	0.0	0.0	0.0	0.0	0.0	0.0	0.0	0.0	0.0	0.0	0.0	4154.9	0.0	0.0
capability/doubled-word	default	throughput	11	4681573	34613601	4681573	4681573	7.394	0	0	0	0	0	0	13761	0	0	0	0	0	25494546	0	0	13761	4423721	vm					none	none	none	0	unanchored	-1	2	29763867.376147	43522658.051948	0.0	0.0	0.0	0.0	0.0	11832.9	0.0	0.0	0.0	0.0	0.0	21922489.0	0.0	0.0
capability/doubled-word	nocaps	search_short	75	1373	9255	1366	1365	6.780	0	0	0	0	0	0	0	0	0	0	0	0	6576	0	0	0	1314	vm					none	none	none	0	unanchored	-1	2	5913.43432	13251.172788	0.0	0.0	0.0	0.0	0.0	0.0	0.0	0.0	0.0	0.0	0.0	4201.7	0.0	0.0
capability/doubled-word	nocaps	throughput	11	4681573	34613601	4681573	4681573	7.394	0	0	0	0	0	0	13761	0	0	0	0	0	25494546	0	0	13761	4423721	vm					none	none	none	0	unanchored	-1	2	29572727.839623	43522658.051948	0.0	0.0	0.0	0.0	0.0	11756.9	0.0	0.0	0.0	0.0	0.0	21781705.7	0.0	0.0
capability/dup-param-detect	default	search_short	75	1373	1710	1372	1372	1.246	1381	0	0	0	0	0	0	0	25	33	0	0	240	0	0	58	40	vm					none	none	none	0	unanchored	-1	4	1158.417655	3513.2504	0.0	0.0	0.0	0.0	0.0	0.0	0.0	16.9	22.4	0.0	0.0	162.6	0.0	0.0
capability/dup-param-detect	default	throughput	11	4681573	4681573	4681573	4681573	1.000	4681573	0	0	0	0	0	0	0	0	0	0	0	0	0	0	0	0	vm					none	none	none	0	unanchored	-1	4	78614.658271	273489.254159	0.0	0.0	0.0	0.0	0.0	0.0	0.0	0.0	0.0	0.0	0.0	0.0	0.0	0.0
capability/dup-param-detect	nocaps	search_short	75	1373	1710	1372	1372	1.246	1381	0	0	0	0	0	0	0	25	33	0	0	240	0	0	58	40	vm					none	none	none	0	unanchored	-1	4	1160.375261	3513.2504	0.0	0.0	0.0	0.0	0.0	0.0	0.0	17.0	22.4	0.0	0.0	162.9	0.0	0.0
capability/dup-param-detect	nocaps	throughput	11	4681573	4681573	4681573	4681573	1.000	4681573	0	0	0	0	0	0	0	0	0	0	0	0	0	0	0	0	vm					none	none	none	0	unanchored	-1	4	78487.167167	273489.254159	0.0	0.0	0.0	0.0	0.0	0.0	0.0	0.0	0.0	0.0	0.0	0.0	0.0	0.0
capability/email-local-nodup	default	search_short	75	1373	615	505	89	6.910	0	0	0	0	0	0	0	0	0	0	0	27	83	0	0	0	416	vm	attempt	none	reverse-pass		none	none	hybrid	0	anchored	-1	1	1491.949589	5139.705426	0.0	0.0	0.0	0.0	0.0	0.0	0.0	0.0	0.0	0.0	65.5	201.4	0.0	0.0
capability/email-local-nodup	default	throughput	11	4681573	77872	77872	4681573	0.017	0	0	0	0	0	0	0	0	0	0	0	0	0	0	0	0	0	vm	attempt	none	reverse-pass		none	none	hybrid	0	anchored	-1	1	69209.916912	300799.03409	0.0	0.0	0.0	0.0	0.0	0.0	0.0	0.0	0.0	0.0	0.0	0.0	0.0	0.0
capability/email-local-nodup	nocaps	search_short	75	1373	615	505	89	6.910	0	0	0	0	0	0	0	0	0	0	0	27	83	0	0	0	416	vm	attempt	none	reverse-pass		none	none	hybrid	0	anchored	-1	1	1490.128977	5139.705426	0.0	0.0	0.0	0.0	0.0	0.0	0.0	0.0	0.0	0.0	65.4	201.1	0.0	0.0
capability/email-local-nodup	nocaps	throughput	11	4681573	77872	77872	4681573	0.017	0	0	0	0	0	0	0	0	0	0	0	0	0	0	0	0	0	vm	attempt	none	reverse-pass		none	none	hybrid	0	anchored	-1	1	69228.905255	300799.03409	0.0	0.0	0.0	0.0	0.0	0.0	0.0	0.0	0.0	0.0	0.0	0.0	0.0	0.0
capability/email-nested-plus	default	search_short	75	1373	761	681	113	6.735	0	0	0	0	0	0	0	0	0	0	0	42	38	0	637	637	0	vm	attempt	none	reverse-pass		none	none	hybrid	0	anchored	-1	2	1403.676942	1855.274263	0.0	0.0	0.0	0.0	0.0	0.0	0.0	0.0	0.0	0.0	77.5	70.1	0.0	1175.0
capability/email-nested-plus	default	throughput	11	4681573	77872	77872	4681573	0.017	0	0	0	0	0	0	0	0	0	0	0	0	0	0	77872	77872	0	vm	attempt	none	reverse-pass		none	none	hybrid	0	anchored	-1	2																
capability/email-nested-plus	nocaps	search_short	75	1373	681	681	113	6.027	0	0	0	0	0	0	0	0	0	0	0	0	0	0	637	637	0	dfa	attempt	none	reverse-pass	search-filter	none	none		0	anchored	-1	2	1007.749479	1855.274263	0.0	0.0	0.0	0.0	0.0	0.0	0.0	0.0	0.0	0.0	0.0	0.0	0.0	942.6
capability/email-nested-plus	nocaps	throughput	11	4681573	77872	77872	4681573	0.017	0	0	0	0	0	0	0	0	0	0	0	0	0	0	77872	77872	0	dfa	attempt	none	reverse-pass	search-filter	none	none		0	anchored	-1	2																
capability/evil-alt-nested	default	search_short	75	1373	435	327	173	2.514	0	0	0	0	0	0	0	0	0	0	0	98	0	10	0	10	154	vm	attempt	none	reverse-pass		none	none	hybrid	1	anchored	-1	0	1383.695895	2175.743504	0.0	0.0	0.0	0.0	0.0	0.0	0.0	0.0	0.0	0.0	311.7	0.0	31.8	0.0
capability/evil-alt-nested	default	throughput	11	4681573	139284	77842	4681573	0.030	0	0	0	0	0	0	0	0	0	0	0	61440	0	2	0	2	0	vm	attempt	none	reverse-pass		none	none	hybrid	1	anchored	-1	0	95719.186678	47914.014439	0.0	0.0	0.0	0.0	0.0	0.0	0.0	0.0	0.0	0.0	42223.0	0.0	1.4	0.0
capability/evil-alt-nested	nocaps	search_short	75	1373	337	327	173	1.948	0	0	0	0	0	0	0	0	0	0	0	0	0	10	0	10	154	dfa	attempt	none	reverse-pass	search-filter	none	none		1	anchored	-1	0	849.073144	2175.743504	0.0	0.0	0.0	0.0	0.0	0.0	0.0	0.0	0.0	0.0	0.0	0.0	25.2	0.0
capability/evil-alt-nested	nocaps	throughput	11	4681573	77844	77842	4681573	0.017	0	0	0	0	0	0	0	0	0	0	0	0	0	2	0	2	0	dfa	attempt	none	reverse-pass	search-filter	none	none		1	anchored	-1	0	69065.696101	47914.014439	0.0	0.0	0.0	0.0	0.0	0.0	0.0	0.0	0.0	0.0	0.0	0.0	1.8	0.0
capability/file-ext-order	default	search_short	75	1373	1397	1348	1370	1.020	1387	0	0	0	5	0	0	0	0	0	0	0	0	0	0	5	18	dfa	unanchored	run-pinned	reverse-pass	unwrapped	2e746172@0	none		0	unanchored	7	4	692.742383	1414.391692	0.0	0.0	0.0	2.5	0.0	0.0	0.0	0.0	0.0	0.0	0.0	0.0	0.0	0.0
capability/file-ext-order	default	throughput	11	4681573	4824860	4681572	4681573	1.031	4824860	0	0	0	0	0	0	0	0	0	0	0	0	0	0	0	143287	dfa	unanchored	run-pinned	reverse-pass	unwrapped	2e746172@0	none		0	unanchored	7	4	795656.971648	178277.005457	0.0	0.0	0.0	0.0	0.0	0.0	0.0	0.0	0.0	0.0	0.0	0.0	0.0	0.0
capability/file-ext-order	nocaps	search_short	75	1373	1397	1348	1370	1.020	1387	0	0	0	5	0	0	0	0	0	0	0	0	0	0	5	18	dfa	unanchored	run-pinned	reverse-pass	unwrapped	2e746172@0	none		0	unanchored	7	4	692.950251	1414.391692	0.0	0.0	0.0	2.5	0.0	0.0	0.0	0.0	0.0	0.0	0.0	0.0	0.0	0.0
capability/file-ext-order	nocaps	throughput	11	4681573	4824860	4681572	4681573	1.031	4824860	0	0	0	0	0	0	0	0	0	0	0	0	0	0	0	143287	dfa	unanchored	run-pinned	reverse-pass	unwrapped	2e746172@0	none		0	unanchored	7	4	795721.772089	178277.005457	0.0	0.0	0.0	0.0	0.0	0.0	0.0	0.0	0.0	0.0	0.0	0.0	0.0	0.0
capability/float-literal-bound	default	search_short	75	1373	1581	1363	1360	1.163	1180	0	0	0	0	0	0	0	0	162	0	0	0	0	0	162	32	dfa	unanchored	first-class-bounded	reverse-pass	unwrapped	none	none		0	unanchored	-1	3	906.873584	3411.722788	0.0	0.0	0.0	0.0	0.0	0.0	0.0	0.0	92.9	0.0	0.0	0.0	0.0	0.0
capability/float-literal-bound	default	throughput	11	4681573	5541564	4681573	4681573	1.184	731300	0	0	0	0	0	15742	0	0	478162	0	0	0	0	0	493904	136859	dfa	unanchored	first-class-bounded	reverse-pass	unwrapped	none	none		0	unanchored	-1	3	4029004.556818	5591534.718245	0.0	0.0	0.0	0.0	0.0	11445.3	0.0	0.0	347648.6	0.0	0.0	0.0	0.0	0.0
capability/float-literal-bound	nocaps	search_short	75	1373	1581	1363	1360	1.163	1180	0	0	0	0	0	0	0	0	162	0	0	0	0	0	162	32	dfa	unanchored	first-class-bounded	reverse-pass	unwrapped	none	none		0	unanchored	-1	3	914.203344	3411.722788	0.0	0.0	0.0	0.0	0.0	0.0	0.0	0.0	93.7	0.0	0.0	0.0	0.0	0.0
capability/float-literal-bound	nocaps	throughput	11	4681573	5541564	4681573	4681573	1.184	731300	0	0	0	0	0	15742	0	0	478162	0	0	0	0	0	493904	136859	dfa	unanchored	first-class-bounded	reverse-pass	unwrapped	none	none		0	unanchored	-1	3	4042891.471284	5591534.718245	0.0	0.0	0.0	0.0	0.0	11484.7	0.0	0.0	348846.8	0.0	0.0	0.0	0.0	0.0
capability/floor-byte	default	search_short	75	1373	1375	1373	1373	1.001	1373	0	0	1	0	0	0	0	0	0	0	0	0	0	0	1	0	dfa	unanchored	memchr	reverse-pass	unwrapped	none	none		0	unanchored	1	1	669.791686	1233.367958	0.0	0.0	0.5	0.0	0.0	0.0	0.0	0.0	0.0	0.0	0.0	0.0	0.0	0.0
capability/floor-byte	default	throughput	11	4681573	4681573	4681573	4681573	1.000	4681573	0	0	0	0	0	0	0	0	0	0	0	0	0	0	0	0	dfa	unanchored	memchr	reverse-pass	unwrapped	none	none		0	unanchored	1	1	78579.00406	78963.566691	0.0	0.0	0.0	0.0	0.0	0.0	0.0	0.0	0.0	0.0	0.0	0.0	0.0	0.0
capability/floor-byte	nocaps	search_short	75	1373	1375	1373	1373	1.001	1373	0	0	1	0	0	0	0	0	0	0	0	0	0	0	1	0	dfa	unanchored	memchr	reverse-pass	unwrapped	none	none		0	unanchored	1	1	669.384015	1233.367958	0.0	0.0	0.5	0.0	0.0	0.0	0.0	0.0	0.0	0.0	0.0	0.0	0.0	0.0
capability/floor-byte	nocaps	throughput	11	4681573	4681573	4681573	4681573	1.000	4681573	0	0	0	0	0	0	0	0	0	0	0	0	0	0	0	0	dfa	unanchored	memchr	reverse-pass	unwrapped	none	none		0	unanchored	1	1	78609.889678	78963.566691	0.0	0.0	0.0	0.0	0.0	0.0	0.0	0.0	0.0	0.0	0.0	0.0	0.0	0.0
capability/hex8-bounded	default	search_short	75	1373	1595	1319	1317	1.211	0	0	0	18	0	0	0	0	0	0	0	0	0	0	0	18	2	dfa	unanchored	first-class-bounded	reverse-pass	unwrapped	none	none		0	unanchored	8	8	2212.089361	3463.89929	0.0	0.0	25.0	0.0	0.0	0.0	0.0	0.0	0.0	0.0	0.0	0.0	0.0	0.0
capability/hex8-bounded	default	throughput	11	4681573	5828112	4681573	4681573	1.245	0	0	0	9209	0	0	1840	1840	0	0	0	0	0	0	0	11049	1	dfa	unanchored	first-class-bounded	reverse-pass	unwrapped	none	none		0	unanchored	8	8	15422802.361386	2029115.882367	0.0	0.0	24369.6	0.0	0.0	4869.2	4869.2	0.0	0.0	0.0	0.0	0.0	0.0	0.0
capability/hex8-bounded	nocaps	search_short	75	1373	1595	1319	1317	1.211	0	0	0	18	0	0	0	0	0	0	0	0	0	0	0	18	2	dfa	unanchored	first-class-bounded	reverse-pass	unwrapped	none	none		0	unanchored	8	8	2211.108737	3463.89929	0.0	0.0	25.0	0.0	0.0	0.0	0.0	0.0	0.0	0.0	0.0	0.0	0.0	0.0
capability/hex8-bounded	nocaps	throughput	11	4681573	5828112	4681573	4681573	1.245	0	0	0	9209	0	0	1840	1840	0	0	0	0	0	0	0	11049	1	dfa	unanchored	first-class-bounded	reverse-pass	unwrapped	none	none		0	unanchored	8	8	15426462.819905	2029115.882367	0.0	0.0	24375.4	0.0	0.0	4870.3	4870.3	0.0	0.0	0.0	0.0	0.0	0.0	0.0
capability/high-byte-run	default	search_short	75	1373	1384	1373	1373	1.008	0	0	0	0	4	0	0	0	0	0	0	0	0	0	0	4	2	dfa	unanchored	byte-class	reverse-pass	unwrapped	none	none		0	unanchored	4	2	1137.698517	2693.984217	0.0	0.0	0.0	3.3	0.0	0.0	0.0	0.0	0.0	0.0	0.0	0.0	0.0	0.0
capability/high-byte-run	default	throughput	11	4681573	4681573	4681573	4681573	1.000	0	0	0	0	0	0	0	0	0	0	0	0	0	0	0	0	0	dfa	unanchored	byte-class	reverse-pass	unwrapped	none	none		0	unanchored	4	2	1642376.437411	218143.448514	0.0	0.0	0.0	0.0	0.0	0.0	0.0	0.0	0.0	0.0	0.0	0.0	0.0	0.0
capability/high-byte-run	nocaps	search_short	75	1373	1384	1373	1373	1.008	0	0	0	0	4	0	0	0	0	0	0	0	0	0	0	4	2	dfa	unanchored	byte-class	reverse-pass	unwrapped	none	none		0	unanchored	4	2	1134.477159	2693.984217	0.0	0.0	0.0	3.3	0.0	0.0	0.0	0.0	0.0	0.0	0.0	0.0	0.0	0.0
capability/high-byte-run	nocaps	throughput	11	4681573	4681573	4681573	4681573	1.000	0	0	0	0	0	0	0	0	0	0	0	0	0	0	0	0	0	dfa	unanchored	byte-class	reverse-pass	unwrapped	none	none		0	unanchored	4	2	1642177.764512	218143.448514	0.0	0.0	0.0	0.0	0.0	0.0	0.0	0.0	0.0	0.0	0.0	0.0	0.0	0.0
capability/ipv4-near-miss	default	search_short	75	1373	74	74	86	0.860	0	0	0	0	0	0	0	0	0	0	0	0	0	0	0	0	0	dfa	attempt	none	reverse-pass	search-filter	none	none		1	anchored	15	7	447.1962	961.554196	0.0	0.0	0.0	0.0	0.0	0.0	0.0	0.0	0.0	0.0	0.0	0.0	0.0	0.0
capability/ipv4-near-miss	default	throughput	11	4681573	0	0	4681573	0.000	0	0	0	0	0	0	0	0	0	0	0	0	0	0	0	0	0	dfa	attempt	none	reverse-pass	search-filter	none	none		1	anchored	15	7	48.773968	71.484169	0.0	0.0	0.0	0.0	0.0	0.0	0.0	0.0	0.0	0.0	0.0	0.0	0.0	0.0
capability/ipv4-near-miss	nocaps	search_short	75	1373	74	74	86	0.860	0	0	0	0	0	0	0	0	0	0	0	0	0	0	0	0	0	dfa	attempt	none	reverse-pass	search-filter	none	none		1	anchored	15	7	449.637484	961.554196	0.0	0.0	0.0	0.0	0.0	0.0	0.0	0.0	0.0	0.0	0.0	0.0	0.0	0.0
capability/ipv4-near-miss	nocaps	throughput	11	4681573	0	0	4681573	0.000	0	0	0	0	0	0	0	0	0	0	0	0	0	0	0	0	0	dfa	attempt	none	reverse-pass	search-filter	none	none		1	anchored	15	7	49.273432	71.484169	0.0	0.0	0.0	0.0	0.0	0.0	0.0	0.0	0.0	0.0	0.0	0.0	0.0	0.0
capability/keyword-prefix-order	default	search_short	75	1373	1285	1242	1311	0.980	1236	0	0	0	11	0	0	0	0	0	0	0	0	0	0	11	0	dfa	unanchored	offset-set	reverse-pass	unwrapped	696e@1	none		0	unanchored	10	2	785.970527	1602.695595	0.0	0.0	0.0	6.7	0.0	0.0	0.0	0.0	0.0	0.0	0.0	0.0	0.0	0.0
capability/keyword-prefix-order	default	throughput	11	4681573	4969007	4681562	4681573	1.061	4657032	0	0	0	73590	0	24530	24530	0	0	0	0	0	0	0	98120	140252	dfa	unanchored	offset-set	reverse-pass	unwrapped	696e@1	none		0	unanchored	10	2	2330783.564863	5315.596718	0.0	0.0	0.0	34518.4	0.0	11506.1	11506.1	0.0	0.0	0.0	0.0	0.0	0.0	0.0
capability/keyword-prefix-order	nocaps	search_short	75	1373	1285	1242	1311	0.980	1236	0	0	0	11	0	0	0	0	0	0	0	0	0	0	11	0	dfa	unanchored	offset-set	reverse-pass	unwrapped	696e@1	none		0	unanchored	10	2	785.11965	1602.695595	0.0	0.0	0.0	6.7	0.0	0.0	0.0	0.0	0.0	0.0	0.0	0.0	0.0	0.0
capability/keyword-prefix-order	nocaps	throughput	11	4681573	4969007	4681562	4681573	1.061	4657032	0	0	0	73590	0	24530	24530	0	0	0	0	0	0	0	98120	140252	dfa	unanchored	offset-set	reverse-pass	unwrapped	696e@1	none		0	unanchored	10	2	2330882.102041	5315.596718	0.0	0.0	0.0	34519.9	0.0	11506.6	11506.6	0.0	0.0	0.0	0.0	0.0	0.0	0.0
capability/letters-bounded-tail-z	default	search_short	75	1373	2017	1373	337	5.985	0	1680	0	0	119	0	0	0	0	0	0	0	0	0	0	1680	0	dfa	unanchored	byte-class-bounded	reverse-pass	unwrapped	none	none		2	unanchored	1024	0	2498.924349	1620.399021	2081.4	0.0	0.0	147.4	0.0	0.0	0.0	0.0	0.0	0.0	0.0	0.0	0.0	0.0
capability/letters-bounded-tail-z	default	throughput	11	4681573	14216	11264	4681573	0.003	0	13176	0	0	1027	0	0	0	0	0	0	0	0	0	0	13176	0	dfa	unanchored	byte-class-bounded	reverse-pass	unwrapped	none	none		2	unanchored	1024	0	10379.842162	238.145797	9620.5	0.0	0.0	749.9	0.0	0.0	0.0	0.0	0.0	0.0	0.0	0.0	0.0	0.0
capability/letters-bounded-tail-z	nocaps	search_short	75	1373	2017	1373	337	5.985	0	1680	0	0	119	0	0	0	0	0	0	0	0	0	0	1680	0	dfa	unanchored	byte-class-bounded	reverse-pass	unwrapped	none	none		2	unanchored	1024	0	2482.730385	1620.399021	2067.9	0.0	0.0	146.5	0.0	0.0	0.0	0.0	0.0	0.0	0.0	0.0	0.0	0.0
capability/letters-bounded-tail-z	nocaps	throughput	11	4681573	14216	11264	4681573	0.003	0	13176	0	0	1027	0	0	0	0	0	0	0	0	0	0	13176	0	dfa	unanchored	byte-class-bounded	reverse-pass	unwrapped	none	none		2	unanchored	1024	0	10442.796646	238.145797	9678.8	0.0	0.0	754.4	0.0	0.0	0.0	0.0	0.0	0.0	0.0	0.0	0.0	0.0
capability/logparse-atomic	default	search_short	75	1373	184	130	106	1.736	0	0	0	0	0	0	0	0	0	0	0	31	22	1	0	1	24	vm	attempt	none	reverse-pass		3a20@0	none	hybrid	1	anchored	-1	10	847.121365	3017.169291	0.0	0.0	0.0	0.0	0.0	0.0	0.0	0.0	0.0	0.0	142.7	101.3	4.6	0.0
capability/logparse-atomic	default	throughput	11	4681573	14	14	4681573	0.000	0	0	0	0	0	0	0	0	0	0	0	0	0	0	0	0	0	vm	attempt	none	reverse-pass		3a20@0	none	hybrid	1	anchored	-1	10	116.491546	360.378397	0.0	0.0	0.0	0.0	0.0	0.0	0.0	0.0	0.0	0.0	0.0	0.0	0.0	0.0
capability/logparse-atomic	nocaps	search_short	75	1373	184	130	106	1.736	0	0	0	0	0	0	0	0	0	0	0	31	22	1	0	1	24	vm	attempt	none	reverse-pass		3a20@0	none	hybrid	1	anchored	-1	10	806.269821	3017.169291	0.0	0.0	0.0	0.0	0.0	0.0	0.0	0.0	0.0	0.0	135.8	96.4	4.4	0.0
capability/logparse-atomic	nocaps	throughput	11	4681573	14	14	4681573	0.000	0	0	0	0	0	0	0	0	0	0	0	0	0	0	0	0	0	vm	attempt	none	reverse-pass		3a20@0	none	hybrid	1	anchored	-1	10	111.280876	360.378397	0.0	0.0	0.0	0.0	0.0	0.0	0.0	0.0	0.0	0.0	0.0	0.0	0.0	0.0
capability/logparse-atomic-removed	default	search_short	75	1373	184	130	106	1.736	0	0	0	0	0	0	0	0	0	0	0	31	22	1	0	1	24	vm	attempt	none	reverse-pass		3a20@0	none	hybrid	1	anchored	-1	10	867.076375	1158.59054	0.0	0.0	0.0	0.0	0.0	0.0	0.0	0.0	0.0	0.0	146.1	103.7	4.7	0.0
capability/logparse-atomic-removed	default	throughput	11	4681573	14	14	4681573	0.000	0	0	0	0	0	0	0	0	0	0	0	0	0	0	0	0	0	vm	attempt	none	reverse-pass		3a20@0	none	hybrid	1	anchored	-1	10	116.517497	290.972364	0.0	0.0	0.0	0.0	0.0	0.0	0.0	0.0	0.0	0.0	0.0	0.0	0.0	0.0
capability/logparse-atomic-removed	nocaps	search_short	75	1373	131	130	106	1.236	0	0	0	0	0	0	0	0	0	0	0	0	0	1	0	1	24	dfa	attempt	none	reverse-pass	search-filter	3a20@0	none		1	anchored	-1	10	536.07234	1158.59054	0.0	0.0	0.0	0.0	0.0	0.0	0.0	0.0	0.0	0.0	0.0	0.0	4.1	0.0
capability/logparse-atomic-removed	nocaps	throughput	11	4681573	14	14	4681573	0.000	0	0	0	0	0	0	0	0	0	0	0	0	0	0	0	0	0	dfa	attempt	none	reverse-pass	search-filter	3a20@0	none		1	anchored	-1	10	71.321926	290.972364	0.0	0.0	0.0	0.0	0.0	0.0	0.0	0.0	0.0	0.0	0.0	0.0	0.0	0.0
capability/mojibake-curly-quote	default	search_short	75	1373	1381	1373	1373	1.006	1367	0	0	0	7	0	0	0	0	0	0	0	0	0	0	7	0	dfa	unanchored	memchr	reverse-pass	unwrapped	none	none		0	unanchored	-1	2	688.482689	2051.712647	0.0	0.0	0.0	3.5	0.0	0.0	0.0	0.0	0.0	0.0	0.0	0.0	0.0	0.0
capability/mojibake-curly-quote	default	throughput	11	4681573	4681573	4681573	4681573	1.000	4681573	0	0	0	0	0	0	0	0	0	0	0	0	0	0	0	0	dfa	unanchored	memchr	reverse-pass	unwrapped	none	none		0	unanchored	-1	2	78687.94349	79097.917293	0.0	0.0	0.0	0.0	0.0	0.0	0.0	0.0	0.0	0.0	0.0	0.0	0.0	0.0
capability/mojibake-curly-quote	nocaps	search_short	75	1373	1381	1373	1373	1.006	1367	0	0	0	7	0	0	0	0	0	0	0	0	0	0	7	0	dfa	unanchored	memchr	reverse-pass	unwrapped	none	none		0	unanchored	-1	2	689.940934	2051.712647	0.0	0.0	0.0	3.5	0.0	0.0	0.0	0.0	0.0	0.0	0.0	0.0	0.0	0.0
capability/mojibake-curly-quote	nocaps	throughput	11	4681573	4681573	4681573	4681573	1.000	4681573	0	0	0	0	0	0	0	0	0	0	0	0	0	0	0	0	dfa	unanchored	memchr	reverse-pass	unwrapped	none	none		0	unanchored	-1	2	78655.891844	79097.917293	0.0	0.0	0.0	0.0	0.0	0.0	0.0	0.0	0.0	0.0	0.0	0.0	0.0	0.0
capability/nested-comment-rec	default	search_short	75	1373	1558	1368	1371	1.136	1389	0	0	0	0	0	0	0	35	36	0	0	116	0	0	71	0	vm					2a2f@0	none	none	0	unanchored	-1	4	1550.913869	3364.547168	0.0	0.0	0.0	0.0	0.0	0.0	0.0	34.8	35.8	0.0	0.0	115.5	0.0	0.0
capability/nested-comment-rec	default	throughput	11	4681573	4681573	4681573	4681573	1.000	4681573	0	0	0	0	0	0	0	0	0	0	0	0	0	0	0	0	vm					2a2f@0	none	none	0	unanchored	-1	4	78644.474074	176588.3363	0.0	0.0	0.0	0.0	0.0	0.0	0.0	0.0	0.0	0.0	0.0	0.0	0.0	0.0
capability/nested-comment-rec	nocaps	search_short	75	1373	1558	1368	1371	1.136	1389	0	0	0	0	0	0	0	35	36	0	0	116	0	0	71	0	vm					2a2f@0	none	none	0	unanchored	-1	4	1439.461345	3364.547168	0.0	0.0	0.0	0.0	0.0	0.0	0.0	32.3	33.3	0.0	0.0	107.2	0.0	0.0
capability/nested-comment-rec	nocaps	throughput	11	4681573	4681573	4681573	4681573	1.000	4681573	0	0	0	0	0	0	0	0	0	0	0	0	0	0	0	0	vm					2a2f@0	none	none	0	unanchored	-1	4	78630.5962	176588.3363	0.0	0.0	0.0	0.0	0.0	0.0	0.0	0.0	0.0	0.0	0.0	0.0	0.0	0.0
capability/numeric-id-nested-plus	default	search_short	75	1373	155	131	94	1.649	0	0	0	0	0	0	0	0	0	0	0	19	0	5	0	5	37	vm	attempt	none	reverse-pass		none	none	hybrid	1	anchored	-1	1	844.225199	1979.835327	0.0	0.0	0.0	0.0	0.0	0.0	0.0	0.0	0.0	0.0	103.5	0.0	27.2	0.0
capability/numeric-id-nested-plus	default	throughput	11	4681573	11	11	4681573	0.000	0	0	0	0	0	0	0	0	0	0	0	0	0	0	0	0	0	vm	attempt	none	reverse-pass		none	none	hybrid	1	anchored	-1	1	104.060249	297.203157	0.0	0.0	0.0	0.0	0.0	0.0	0.0	0.0	0.0	0.0	0.0	0.0	0.0	0.0
capability/numeric-id-nested-plus	nocaps	search_short	75	1373	136	131	94	1.447	0	0	0	0	0	0	0	0	0	0	0	0	0	5	0	5	37	dfa	attempt	none	reverse-pass	search-filter	none	none		1	anchored	-1	1	488.545393	1979.835327	0.0	0.0	0.0	0.0	0.0	0.0	0.0	0.0	0.0	0.0	0.0	0.0	18.0	0.0
capability/numeric-id-nested-plus	nocaps	throughput	11	4681573	11	11	4681573	0.000	0	0	0	0	0	0	0	0	0	0	0	0	0	0	0	0	0	dfa	attempt	none	reverse-pass	search-filter	none	none		1	anchored	-1	1	55.688843	297.203157	0.0	0.0	0.0	0.0	0.0	0.0	0.0	0.0	0.0	0.0	0.0	0.0	0.0	0.0
capability/phone-list-nested-plus	default	search_short	75	1373	171	135	101	1.693	0	0	0	0	0	0	0	0	0	0	0	26	4	6	0	6	34	vm	attempt	none	reverse-pass		none	none	hybrid	1	anchored	-1	1	905.964221	2003.220519	0.0	0.0	0.0	0.0	0.0	0.0	0.0	0.0	0.0	0.0	137.7	21.2	31.8	0.0
capability/phone-list-nested-plus	default	throughput	11	4681573	11	11	4681573	0.000	0	0	0	0	0	0	0	0	0	0	0	0	0	0	0	0	0	vm	attempt	none	reverse-pass		none	none	hybrid	1	anchored	-1	1	107.315128	302.731564	0.0	0.0	0.0	0.0	0.0	0.0	0.0	0.0	0.0	0.0	0.0	0.0	0.0	0.0
capability/phone-list-nested-plus	nocaps	search_short	75	1373	141	135	101	1.396	0	0	0	0	0	0	0	0	0	0	0	0	0	6	0	6	34	dfa	attempt	none	reverse-pass	search-filter	none	none		1	anchored	-1	1	499.074822	2003.220519	0.0	0.0	0.0	0.0	0.0	0.0	0.0	0.0	0.0	0.0	0.0	0.0	21.2	0.0
capability/phone-list-nested-plus	nocaps	throughput	11	4681573	11	11	4681573	0.000	0	0	0	0	0	0	0	0	0	0	0	0	0	0	0	0	0	dfa	attempt	none	reverse-pass	search-filter	none	none		1	anchored	-1	1	55.312705	302.731564	0.0	0.0	0.0	0.0	0.0	0.0	0.0	0.0	0.0	0.0	0.0	0.0	0.0	0.0
capability/phone-palindrome-6	default	search_short	75	1373	1961	1359	1359	1.443	0	0	0	0	0	0	0	0	0	0	0	0	341	0	0	0	261	vm					none	none	none	0	unanchored	-1	3	2885.140898	4609.627959	0.0	0.0	0.0	0.0	0.0	0.0	0.0	0.0	0.0	0.0	0.0	501.7	0.0	0.0
capability/phone-palindrome-6	default	throughput	11	4681573	6437060	4681573	4681573	1.375	0	0	0	0	0	0	0	0	0	0	0	0	1151388	0	0	0	604099	vm					none	none	none	0	unanchored	-1	3	9467412.96	6755482.517007	0.0	0.0	0.0	0.0	0.0	0.0	0.0	0.0	0.0	0.0	0.0	1693423.0	0.0	0.0
capability/phone-palindrome-6	nocaps	search_short	75	1373	1961	1359	1359	1.443	0	0	0	0	0	0	0	0	0	0	0	0	341	0	0	0	261	vm					none	none	none	0	unanchored	-1	3	2868.72427	4609.627959	0.0	0.0	0.0	0.0	0.0	0.0	0.0	0.0	0.0	0.0	0.0	498.8	0.0	0.0
capability/phone-palindrome-6	nocaps	throughput	11	4681573	6437060	4681573	4681573	1.375	0	0	0	0	0	0	0	0	0	0	0	0	1151388	0	0	0	604099	vm					none	none	none	0	unanchored	-1	3	9483570.691139	6755482.517007	0.0	0.0	0.0	0.0	0.0	0.0	0.0	0.0	0.0	0.0	0.0	1696313.1	0.0	0.0
capability/pwd-strength-chain	default	search_short	75	1373	9670	1370	324	29.846	0	0	0	0	0	0	0	0	0	0	0	1273	6976	51	0	51	1046	vm	attempt	none	reverse-pass		none	none	hybrid	1	anchored	-1	8	12107.91795	8343.964065	0.0	0.0	0.0	0.0	0.0	0.0	0.0	0.0	0.0	0.0	1593.9	8734.7	63.9	0.0
capability/pwd-strength-chain	default	throughput	11	4681573	491808	82208	4681573	0.105	0	0	0	0	0	0	0	0	0	0	0	81921	327676	3	0	3	0	vm	attempt	none	reverse-pass		none	none	hybrid	1	anchored	-1	8	533740.122159	270815.981467	0.0	0.0	0.0	0.0	0.0	0.0	0.0	0.0	0.0	0.0	88905.7	355614.0	3.3	0.0
capability/pwd-strength-chain	nocaps	search_short	75	1373	9670	1370	324	29.846	0	0	0	0	0	0	0	0	0	0	0	1273	6976	51	0	51	1046	vm	attempt	none	reverse-pass		none	none	hybrid	1	anchored	-1	8	12139.165748	8343.964065	0.0	0.0	0.0	0.0	0.0	0.0	0.0	0.0	0.0	0.0	1598.1	8757.3	64.0	0.0
capability/pwd-strength-chain	nocaps	throughput	11	4681573	491808	82208	4681573	0.105	0	0	0	0	0	0	0	0	0	0	0	81921	327676	3	0	3	0	vm	attempt	none	reverse-pass		none	none	hybrid	1	anchored	-1	8	533678.623784	270815.981467	0.0	0.0	0.0	0.0	0.0	0.0	0.0	0.0	0.0	0.0	88895.4	355573.1	3.3	0.0
capability/quoted-delim-match	default	search_short	75	1373	1612	1352	1352	1.192	0	0	0	0	0	0	0	0	0	0	0	0	240	0	0	0	20	vm					none	none	none	0	unanchored	-1	1	2111.10947	3574.96309	0.0	0.0	0.0	0.0	0.0	0.0	0.0	0.0	0.0	0.0	0.0	314.3	0.0	0.0
capability/quoted-delim-match	default	throughput	11	4681573	4813645	4681573	4681573	1.028	0	0	0	0	0	0	0	0	0	0	0	0	128208	0	0	0	3864	vm					none	none	none	0	unanchored	-1	1	2286537.312303	589344.906015	0.0	0.0	0.0	0.0	0.0	0.0	0.0	0.0	0.0	0.0	0.0	60900.3	0.0	0.0
capability/quoted-delim-match	nocaps	search_short	75	1373	1612	1352	1352	1.192	0	0	0	0	0	0	0	0	0	0	0	0	240	0	0	0	20	vm					none	none	none	0	unanchored	-1	1	2072.689344	3574.96309	0.0	0.0	0.0	0.0	0.0	0.0	0.0	0.0	0.0	0.0	0.0	308.6	0.0	0.0
capability/quoted-delim-match	nocaps	throughput	11	4681573	4813645	4681573	4681573	1.028	0	0	0	0	0	0	0	0	0	0	0	0	128208	0	0	0	3864	vm					none	none	none	0	unanchored	-1	1	2276811.10625	589344.906015	0.0	0.0	0.0	0.0	0.0	0.0	0.0	0.0	0.0	0.0	0.0	60641.2	0.0	0.0
capability/router-prefix-order	default	search_short	75	1373	1408	1337	1372	1.026	1329	0	0	0	5	0	0	0	0	0	0	0	0	0	0	5	26	dfa	unanchored	run-pinned	reverse-pass	unwrapped	2f75736572@0	none		0	unanchored	6	5	694.311603	1317.343508	0.0	0.0	0.0	2.5	0.0	0.0	0.0	0.0	0.0	0.0	0.0	0.0	0.0	0.0
capability/router-prefix-order	default	throughput	11	4681573	4841793	4681573	4681573	1.034	4680325	0	0	0	1872	0	312	312	0	0	0	0	0	0	0	2184	156164	dfa	unanchored	run-pinned	reverse-pass	unwrapped	2f75736572@0	none		0	unanchored	6	5	396258.403625	169546.381438	0.0	0.0	0.0	153.2	0.0	25.5	25.5	0.0	0.0	0.0	0.0	0.0	0.0	0.0
capability/router-prefix-order	nocaps	search_short	75	1373	1408	1337	1372	1.026	1329	0	0	0	5	0	0	0	0	0	0	0	0	0	0	5	26	dfa	unanchored	run-pinned	reverse-pass	unwrapped	2f75736572@0	none		0	unanchored	6	5	691.094376	1317.343508	0.0	0.0	0.0	2.5	0.0	0.0	0.0	0.0	0.0	0.0	0.0	0.0	0.0	0.0
capability/router-prefix-order	nocaps	throughput	11	4681573	4841793	4681573	4681573	1.034	4680325	0	0	0	1872	0	312	312	0	0	0	0	0	0	0	2184	156164	dfa	unanchored	run-pinned	reverse-pass	unwrapped	2f75736572@0	none		0	unanchored	6	5	396285.137919	169546.381438	0.0	0.0	0.0	153.2	0.0	25.5	25.5	0.0	0.0	0.0	0.0	0.0	0.0	0.0
capability/tag-depth3-bound	default	search_short	75	1373	1533	1370	1373	1.117	1381	0	0	0	0	0	0	0	30	40	0	0	76	0	0	70	14	vm					3c2f@0	none	none	0	unanchored	-1	6	1120.086168	3313.457784	0.0	0.0	0.0	0.0	0.0	0.0	0.0	21.9	29.2	0.0	0.0	55.5	0.0	0.0
capability/tag-depth3-bound	default	throughput	11	4681573	4681573	4681573	4681573	1.000	4681573	0	0	0	0	0	0	0	0	0	0	0	0	0	0	0	0	vm					3c2f@0	none	none	0	unanchored	-1	6	78595.344262	79086.784544	0.0	0.0	0.0	0.0	0.0	0.0	0.0	0.0	0.0	0.0	0.0	0.0	0.0	0.0
capability/tag-depth3-bound	nocaps	search_short	75	1373	1533	1370	1373	1.117	1381	0	0	0	0	0	0	0	30	40	0	0	76	0	0	70	14	vm					3c2f@0	none	none	0	unanchored	-1	6	1209.711957	3313.457784	0.0	0.0	0.0	0.0	0.0	0.0	0.0	23.7	31.6	0.0	0.0	60.0	0.0	0.0
capability/tag-depth3-bound	nocaps	throughput	11	4681573	4681573	4681573	4681573	1.000	4681573	0	0	0	0	0	0	0	0	0	0	0	0	0	0	0	0	vm					3c2f@0	none	none	0	unanchored	-1	6	78600.265933	79086.784544	0.0	0.0	0.0	0.0	0.0	0.0	0.0	0.0	0.0	0.0	0.0	0.0	0.0	0.0
capability/tag-pair-match	default	search_short	75	1373	1568	1370	1373	1.142	1381	0	0	0	0	0	0	0	30	40	0	0	109	0	0	70	16	vm					3c2f@0	none	none	0	unanchored	-1	6	1122.683781	3251.472509	0.0	0.0	0.0	0.0	0.0	0.0	0.0	21.5	28.6	0.0	0.0	78.0	0.0	0.0
capability/tag-pair-match	default	throughput	11	4681573	4681573	4681573	4681573	1.000	4681573	0	0	0	0	0	0	0	0	0	0	0	0	0	0	0	0	vm					3c2f@0	none	none	0	unanchored	-1	6	78568.760574	79056.775922	0.0	0.0	0.0	0.0	0.0	0.0	0.0	0.0	0.0	0.0	0.0	0.0	0.0	0.0
capability/tag-pair-match	nocaps	search_short	75	1373	1568	1370	1373	1.142	1381	0	0	0	0	0	0	0	30	40	0	0	109	0	0	70	16	vm					3c2f@0	none	none	0	unanchored	-1	6	1118.072946	3251.472509	0.0	0.0	0.0	0.0	0.0	0.0	0.0	21.4	28.5	0.0	0.0	77.7	0.0	0.0
capability/tag-pair-match	nocaps	throughput	11	4681573	4681573	4681573	4681573	1.000	4681573	0	0	0	0	0	0	0	0	0	0	0	0	0	0	0	0	vm					3c2f@0	none	none	0	unanchored	-1	6	78621.518823	79056.775922	0.0	0.0	0.0	0.0	0.0	0.0	0.0	0.0	0.0	0.0	0.0	0.0	0.0	0.0
capability/tail-digits-eol	default	search_short	75	1373	1542	1373	122	12.639	0	1420	0	0	27	0	0	0	0	0	0	0	0	0	0	1420	0	dfa	unanchored	byte-class-bounded	reverse-pass	unwrapped	none	none		1	unanchored	-1	1	1674.439613	2829.164418	1542.0	0.0	0.0	29.3	0.0	0.0	0.0	0.0	0.0	0.0	0.0	0.0	0.0	0.0
capability/tail-digits-eol	default	throughput	11	4681573	4816152	4681573	4681573	1.029	0	4816131	0	0	0	0	2	0	0	0	0	0	0	0	0	4816131	0	dfa	unanchored	byte-class-bounded	reverse-pass	unwrapped	none	none		1	unanchored	-1	1	3717492.792923	878.526952	3717476.6	0.0	0.0	0.0	0.0	1.5	0.0	0.0	0.0	0.0	0.0	0.0	0.0	0.0
capability/tail-digits-eol	nocaps	search_short	75	1373	1542	1373	122	12.639	0	1420	0	0	27	0	0	0	0	0	0	0	0	0	0	1420	0	dfa	unanchored	byte-class-bounded	reverse-pass	unwrapped	none	none		1	unanchored	-1	1	1684.24267	2829.164418	1551.0	0.0	0.0	29.5	0.0	0.0	0.0	0.0	0.0	0.0	0.0	0.0	0.0	0.0
capability/tail-digits-eol	nocaps	throughput	11	4681573	4816152	4681573	4681573	1.029	0	4816131	0	0	0	0	2	0	0	0	0	0	0	0	0	4816131	0	dfa	unanchored	byte-class-bounded	reverse-pass	unwrapped	none	none		1	unanchored	-1	1	3716015.866889	878.526952	3715999.7	0.0	0.0	0.0	0.0	1.5	0.0	0.0	0.0	0.0	0.0	0.0	0.0	0.0
capability/tail-dotstar-txt	default	search_short	75	1373	1330	1230	121	10.992	1276	1216	0	0	0	0	0	0	10	36	0	0	0	0	0	1216	0	dfa	unanchored	memchr-bounded	reverse-pass	unwrapped	2e747874@2	none		1	unanchored	-1	4	655.445044	1906.149615	599.3	0.0	0.0	0.0	0.0	0.0	0.0	4.9	17.7	0.0	0.0	0.0	0.0	0.0
capability/tail-dotstar-txt	default	throughput	11	4681573	4770627	4681557	4681573	1.019	4665756	4770597	0	0	0	0	0	0	17006	19749	0	0	0	0	104846	4770597	0	dfa	unanchored	memchr-bounded	reverse-pass	unwrapped	2e747874@2	none		1	unanchored	-1	4	857810.331001	457.41549	857804.9	0.0	0.0	0.0	0.0	0.0	0.0	3057.9	3551.1	0.0	0.0	0.0	0.0	18852.4
capability/tail-dotstar-txt	nocaps	search_short	75	1373	1330	1230	121	10.992	1276	1216	0	0	0	0	0	0	10	36	0	0	0	0	0	1216	0	dfa	unanchored	memchr-bounded	reverse-pass	unwrapped	2e747874@2	none		1	unanchored	-1	4	656.127169	1906.149615	599.9	0.0	0.0	0.0	0.0	0.0	0.0	4.9	17.8	0.0	0.0	0.0	0.0	0.0
capability/tail-dotstar-txt	nocaps	throughput	11	4681573	4770627	4681557	4681573	1.019	4665756	4770597	0	0	0	0	0	0	17006	19749	0	0	0	0	104846	4770597	0	dfa	unanchored	memchr-bounded	reverse-pass	unwrapped	2e747874@2	none		1	unanchored	-1	4	857869.916714	457.41549	857864.5	0.0	0.0	0.0	0.0	0.0	0.0	3058.1	3551.3	0.0	0.0	0.0	0.0	18853.8
capability/tail-ext-lower-txt	default	search_short	75	1373	1306	1230	91	14.352	1236	1222	0	0	0	0	0	0	10	36	0	0	0	0	20	1222	0	dfa	unanchored	byte-class-bounded	reverse-pass	unwrapped	2e747874@2	none		1	unanchored	-1	5	684.966046	1694.429646	640.9	0.0	0.0	0.0	0.0	0.0	0.0	5.2	18.9	0.0	0.0	0.0	0.0	10.5
capability/tail-ext-lower-txt	default	throughput	11	4681573	5139809	4681557	4681573	1.098	1573074	5139788	0	0	0	0	0	0	17006	17265	0	0	0	0	2735837	5139788	0	dfa	unanchored	byte-class-bounded	reverse-pass	unwrapped	2e747874@2	none		1	unanchored	-1	5	8778161.205074	401.251397	8778125.3	0.0	0.0	0.0	0.0	0.0	0.0	29044.2	29486.5	0.0	0.0	0.0	0.0	4672472.9
capability/tail-ext-lower-txt	nocaps	search_short	75	1373	1306	1230	91	14.352	1236	1222	0	0	0	0	0	0	10	36	0	0	0	0	20	1222	0	dfa	unanchored	byte-class-bounded	reverse-pass	unwrapped	2e747874@2	none		1	unanchored	-1	5	683.386329	1694.429646	639.4	0.0	0.0	0.0	0.0	0.0	0.0	5.2	18.8	0.0	0.0	0.0	0.0	10.5
capability/tail-ext-lower-txt	nocaps	throughput	11	4681573	5139809	4681557	4681573	1.098	1573074	5139788	0	0	0	0	0	0	17006	17265	0	0	0	0	2735837	5139788	0	dfa	unanchored	byte-class-bounded	reverse-pass	unwrapped	2e747874@2	none		1	unanchored	-1	5	8779912.408705	401.251397	8779876.5	0.0	0.0	0.0	0.0	0.0	0.0	29049.9	29492.4	0.0	0.0	0.0	0.0	4673405.0
capability/tail-space-eol	default	search_short	75	1373	1434	1373	80	17.925	0	1354	0	0	7	0	0	0	0	0	0	0	0	0	0	1354	0	dfa	unanchored	byte-class-bounded	reverse-pass	unwrapped	none	none		1	unanchored	-1	1	1367.332382	1809.261845	1291.1	0.0	0.0	6.7	0.0	0.0	0.0	0.0	0.0	0.0	0.0	0.0	0.0	0.0
capability/tail-space-eol	default	throughput	11	4681573	5412972	4681573	4681573	1.156	0	5351515	0	0	61440	0	0	0	0	0	0	0	0	0	0	5351515	0	dfa	unanchored	byte-class-bounded	reverse-pass	unwrapped	none	none		1	unanchored	-1	1	7864831.750685	1013.026136	7775537.2	0.0	0.0	89269.9	0.0	0.0	0.0	0.0	0.0	0.0	0.0	0.0	0.0	0.0
capability/tail-space-eol	nocaps	search_short	75	1373	1434	1373	80	17.925	0	1354	0	0	7	0	0	0	0	0	0	0	0	0	0	1354	0	dfa	unanchored	byte-class-bounded	reverse-pass	unwrapped	none	none		1	unanchored	-1	1	1371.303577	1809.261845	1294.8	0.0	0.0	6.7	0.0	0.0	0.0	0.0	0.0	0.0	0.0	0.0	0.0	0.0
capability/tail-space-eol	nocaps	throughput	11	4681573	5412972	4681573	4681573	1.156	0	5351515	0	0	61440	0	0	0	0	0	0	0	0	0	0	5351515	0	dfa	unanchored	byte-class-bounded	reverse-pass	unwrapped	none	none		1	unanchored	-1	1	7857051.993464	1013.026136	7767845.8	0.0	0.0	89181.6	0.0	0.0	0.0	0.0	0.0	0.0	0.0	0.0	0.0	0.0
capability/tail-word-eoz	default	search_short	75	1373	2291	1373	569	4.026	0	1722	0	0	337	0	0	0	0	0	0	0	0	0	0	1722	0	dfa	unanchored	byte-class-bounded	reverse-pass	unwrapped	none	none		2	unanchored	-1	1	2860.431499	2702.016623	2150.0	0.0	0.0	420.8	0.0	0.0	0.0	0.0	0.0	0.0	0.0	0.0	0.0	0.0
capability/tail-word-eoz	default	throughput	11	4681573	6194728	4681573	4681573	1.323	0	6133254	0	0	61443	0	0	0	0	0	0	0	0	0	0	6133254	0	dfa	unanchored	byte-class-bounded	reverse-pass	unwrapped	none	none		2	unanchored	-1	1	9821784.776786	393.748259	9724317.3	0.0	0.0	97418.3	0.0	0.0	0.0	0.0	0.0	0.0	0.0	0.0	0.0	0.0
capability/tail-word-eoz	nocaps	search_short	75	1373	2291	1373	569	4.026	0	1722	0	0	337	0	0	0	0	0	0	0	0	0	0	1722	0	dfa	unanchored	byte-class-bounded	reverse-pass	unwrapped	none	none		2	unanchored	-1	1	2806.337546	2702.016623	2109.3	0.0	0.0	412.8	0.0	0.0	0.0	0.0	0.0	0.0	0.0	0.0	0.0	0.0
capability/tail-word-eoz	nocaps	throughput	11	4681573	6194728	4681573	4681573	1.323	0	6133254	0	0	61443	0	0	0	0	0	0	0	0	0	0	6133254	0	dfa	unanchored	byte-class-bounded	reverse-pass	unwrapped	none	none		2	unanchored	-1	1	9843456.949254	393.748259	9745774.4	0.0	0.0	97633.3	0.0	0.0	0.0	0.0	0.0	0.0	0.0	0.0	0.0	0.0
capability/trim-nested-star	default	search_short	75	1373	110	97	79	1.392	0	0	0	0	0	0	0	0	0	0	0	4	4	5	0	5	18	vm	attempt	none	reverse-pass		none	none	hybrid	1	anchored	-1	0	839.070696	1882.519745	0.0	0.0	0.0	0.0	0.0	0.0	0.0	0.0	0.0	0.0	30.5	30.5	38.1	0.0
capability/trim-nested-star	default	throughput	11	4681573	200717	77835	4681573	0.043	0	0	0	0	0	0	0	0	0	0	0	61440	61440	2	0	2	0	vm	attempt	none	reverse-pass		none	none	hybrid	1	anchored	-1	0	114844.505229	47912.654096	0.0	0.0	0.0	0.0	0.0	0.0	0.0	0.0	0.0	0.0	35154.2	35154.2	1.1	0.0
capability/trim-nested-star	nocaps	search_short	75	1373	102	97	79	1.291	0	0	0	0	0	0	0	0	0	0	0	0	0	5	0	5	18	dfa	attempt	none	reverse-pass	search-filter	none	none		1	anchored	-1	0	447.240685	1882.519745	0.0	0.0	0.0	0.0	0.0	0.0	0.0	0.0	0.0	0.0	0.0	0.0	21.9	0.0
capability/trim-nested-star	nocaps	throughput	11	4681573	77837	77835	4681573	0.017	0	0	0	0	0	0	0	0	0	0	0	0	0	2	0	2	0	dfa	attempt	none	reverse-pass	search-filter	none	none		1	anchored	-1	0	93571.724222	47912.654096	0.0	0.0	0.0	0.0	0.0	0.0	0.0	0.0	0.0	0.0	0.0	0.0	2.4	0.0
capability/utf8-lead-no-cont	default	search_short	75	1373	1377	1373	1372	1.004	0	0	0	2	0	0	0	0	0	0	0	0	0	0	0	2	1	dfa	unanchored	byte-class-bounded	reverse-pass	unwrapped	none	none		0	unanchored	1	1	1274.76064	3155.428517	0.0	0.0	1.9	0.0	0.0	0.0	0.0	0.0	0.0	0.0	0.0	0.0	0.0	0.0
capability/utf8-lead-no-cont	default	throughput	11	4681573	4681573	4681573	4681573	1.000	0	0	0	0	0	0	0	0	0	0	0	0	0	0	0	0	0	dfa	unanchored	byte-class-bounded	reverse-pass	unwrapped	none	none		0	unanchored	1	1	1660881.8557	1475053.023595	0.0	0.0	0.0	0.0	0.0	0.0	0.0	0.0	0.0	0.0	0.0	0.0	0.0	0.0
capability/utf8-lead-no-cont	nocaps	search_short	75	1373	1377	1373	1372	1.004	0	0	0	2	0	0	0	0	0	0	0	0	0	0	0	2	1	dfa	unanchored	byte-class-bounded	reverse-pass	unwrapped	none	none		0	unanchored	1	1	1275.904842	3155.428517	0.0	0.0	1.9	0.0	0.0	0.0	0.0	0.0	0.0	0.0	0.0	0.0	0.0	0.0
capability/utf8-lead-no-cont	nocaps	throughput	11	4681573	4681573	4681573	4681573	1.000	0	0	0	0	0	0	0	0	0	0	0	0	0	0	0	0	0	dfa	unanchored	byte-class-bounded	reverse-pass	unwrapped	none	none		0	unanchored	1	1	1660317.909091	1475053.023595	0.0	0.0	0.0	0.0	0.0	0.0	0.0	0.0	0.0	0.0	0.0	0.0	0.0	0.0
capability/uuid-near-miss	default	search_short	75	1373	200	200	111	1.802	0	0	0	0	0	0	0	0	0	0	0	0	0	0	164	164	0	dfa	attempt	none	reverse-pass	search-filter	none	none		1	anchored	36	36	567.387438	588.813519	0.0	0.0	0.0	0.0	0.0	0.0	0.0	0.0	0.0	0.0	0.0	0.0	0.0	465.3
capability/uuid-near-miss	default	throughput	11	4681573	0	0	4681573	0.000	0	0	0	0	0	0	0	0	0	0	0	0	0	0	0	0	0	dfa	attempt	none	reverse-pass	search-filter	none	none		1	anchored	36	36	52.073117	67.752264	0.0	0.0	0.0	0.0	0.0	0.0	0.0	0.0	0.0	0.0	0.0	0.0	0.0	0.0
capability/uuid-near-miss	nocaps	search_short	75	1373	200	200	111	1.802	0	0	0	0	0	0	0	0	0	0	0	0	0	0	164	164	0	dfa	attempt	none	reverse-pass	search-filter	none	none		1	anchored	36	36	566.42769	588.813519	0.0	0.0	0.0	0.0	0.0	0.0	0.0	0.0	0.0	0.0	0.0	0.0	0.0	464.5
capability/uuid-near-miss	nocaps	throughput	11	4681573	0	0	4681573	0.000	0	0	0	0	0	0	0	0	0	0	0	0	0	0	0	0	0	dfa	attempt	none	reverse-pass	search-filter	none	none		1	anchored	36	36	52.108998	67.752264	0.0	0.0	0.0	0.0	0.0	0.0	0.0	0.0	0.0	0.0	0.0	0.0	0.0	0.0
capability/wild-codegrammar-json-array-begin	default	search_short	75	1373	1348	1341	1339	1.007	1339	0	0	4	0	0	0	0	0	0	0	0	0	0	0	4	2	dfa	unanchored	memchr	reverse-pass	unwrapped	none	none		0	unanchored	1	1	701.303492	1347.819134	0.0	0.0	2.1	0.0	0.0	0.0	0.0	0.0	0.0	0.0	0.0	0.0	0.0	0.0
capability/wild-codegrammar-json-array-begin	default	throughput	11	4681573	4712837	4681573	4681573	1.007	4681573	0	0	15632	0	0	7816	7816	0	0	0	0	0	0	0	23448	0	dfa	unanchored	memchr	reverse-pass	unwrapped	none	none		0	unanchored	1	1	274425.795187	77596.993722	0.0	0.0	910.2	0.0	0.0	455.1	455.1	0.0	0.0	0.0	0.0	0.0	0.0	0.0
capability/wild-codegrammar-json-array-begin	nocaps	search_short	75	1373	1348	1341	1339	1.007	1339	0	0	4	0	0	0	0	0	0	0	0	0	0	0	4	2	dfa	unanchored	memchr	reverse-pass	unwrapped	none	none		0	unanchored	1	1	689.807443	1347.819134	0.0	0.0	2.0	0.0	0.0	0.0	0.0	0.0	0.0	0.0	0.0	0.0	0.0	0.0
capability/wild-codegrammar-json-array-begin	nocaps	throughput	11	4681573	4712837	4681573	4681573	1.007	4681573	0	0	15632	0	0	7816	7816	0	0	0	0	0	0	0	23448	0	dfa	unanchored	memchr	reverse-pass	unwrapped	none	none		0	unanchored	1	1	274604.376667	77596.993722	0.0	0.0	910.8	0.0	0.0	455.4	455.4	0.0	0.0	0.0	0.0	0.0	0.0	0.0
capability/wild-codegrammar-json-constant	default	search_short	75	1373	1534	1373	1373	1.117	0	0	0	0	4	0	0	0	0	0	0	0	0	0	0	4	0	dfa	unanchored	first-class-bounded	reverse-pass	unwrapped	none	none		0	unanchored	5	4	1673.523418	2997.513181	0.0	0.0	0.0	4.4	0.0	0.0	0.0	0.0	0.0	0.0	0.0	0.0	0.0	0.0
capability/wild-codegrammar-json-constant	default	throughput	11	4681573	5277030	4681573	4681573	1.127	0	0	0	0	0	0	0	0	0	0	0	0	0	0	0	0	0	dfa	unanchored	first-class-bounded	reverse-pass	unwrapped	none	none		0	unanchored	5	4	8605178.943452	660974.286396	0.0	0.0	0.0	0.0	0.0	0.0	0.0	0.0	0.0	0.0	0.0	0.0	0.0	0.0
capability/wild-codegrammar-json-constant	nocaps	search_short	75	1373	1534	1373	1373	1.117	0	0	0	0	4	0	0	0	0	0	0	0	0	0	0	4	0	dfa	unanchored	first-class-bounded	reverse-pass	unwrapped	none	none		0	unanchored	5	4	1660.061571	2997.513181	0.0	0.0	0.0	4.3	0.0	0.0	0.0	0.0	0.0	0.0	0.0	0.0	0.0	0.0
capability/wild-codegrammar-json-constant	nocaps	throughput	11	4681573	5277030	4681573	4681573	1.127	0	0	0	0	0	0	0	0	0	0	0	0	0	0	0	0	0	dfa	unanchored	first-class-bounded	reverse-pass	unwrapped	none	none		0	unanchored	5	4	8634540.57561	660974.286396	0.0	0.0	0.0	0.0	0.0	0.0	0.0	0.0	0.0	0.0	0.0	0.0	0.0	0.0
capability/wild-codegrammar-json-number-extended	default	search_short	75	1373	1234	1062	1036	1.191	0	0	0	0	123	0	0	0	0	0	0	0	0	0	0	123	43	dfa	unanchored	byte-class	reverse-pass	unwrapped	none	none		0	unanchored	-1	1	1420.031572	3712.89673	0.0	0.0	0.0	141.5	0.0	0.0	0.0	0.0	0.0	0.0	0.0	0.0	0.0	0.0
capability/wild-codegrammar-json-number-extended	default	throughput	11	4681573	5556365	4681573	4681573	1.187	0	0	0	0	602729	0	137247	0	0	0	0	0	0	0	0	739976	0	dfa	unanchored	byte-class	reverse-pass	unwrapped	none	none		0	unanchored	-1	1	5291944.806387	9922120.435897	0.0	0.0	0.0	574045.9	0.0	130715.6	0.0	0.0	0.0	0.0	0.0	0.0	0.0	0.0
capability/wild-codegrammar-json-number-extended	nocaps	search_short	75	1373	1234	1062	1036	1.191	0	0	0	0	123	0	0	0	0	0	0	0	0	0	0	123	43	dfa	unanchored	byte-class	reverse-pass	unwrapped	none	none		0	unanchored	-1	1	1424.598964	3712.89673	0.0	0.0	0.0	142.0	0.0	0.0	0.0	0.0	0.0	0.0	0.0	0.0	0.0	0.0
capability/wild-codegrammar-json-number-extended	nocaps	throughput	11	4681573	5556365	4681573	4681573	1.187	0	0	0	0	602729	0	137247	0	0	0	0	0	0	0	0	739976	0	dfa	unanchored	byte-class	reverse-pass	unwrapped	none	none		0	unanchored	-1	1	5298970.529058	9922120.435897	0.0	0.0	0.0	574808.0	0.0	130889.1	0.0	0.0	0.0	0.0	0.0	0.0	0.0	0.0
capability/wild-codegrammar-json-object-begin	default	search_short	75	1373	1375	1373	1373	1.001	1373	0	0	1	0	0	0	0	0	0	0	0	0	0	0	1	0	dfa	unanchored	memchr	reverse-pass	unwrapped	none	none		0	unanchored	1	1	671.667818	1230.755318	0.0	0.0	0.5	0.0	0.0	0.0	0.0	0.0	0.0	0.0	0.0	0.0	0.0	0.0
capability/wild-codegrammar-json-object-begin	default	throughput	11	4681573	4681573	4681573	4681573	1.000	4681573	0	0	0	0	0	0	0	0	0	0	0	0	0	0	0	0	dfa	unanchored	memchr	reverse-pass	unwrapped	none	none		0	unanchored	1	1	78562.755996	78967.487776	0.0	0.0	0.0	0.0	0.0	0.0	0.0	0.0	0.0	0.0	0.0	0.0	0.0	0.0
capability/wild-codegrammar-json-object-begin	nocaps	search_short	75	1373	1375	1373	1373	1.001	1373	0	0	1	0	0	0	0	0	0	0	0	0	0	0	1	0	dfa	unanchored	memchr	reverse-pass	unwrapped	none	none		0	unanchored	1	1	682.592416	1230.755318	0.0	0.0	0.5	0.0	0.0	0.0	0.0	0.0	0.0	0.0	0.0	0.0	0.0	0.0
capability/wild-codegrammar-json-object-begin	nocaps	throughput	11	4681573	4681573	4681573	4681573	1.000	4681573	0	0	0	0	0	0	0	0	0	0	0	0	0	0	0	0	dfa	unanchored	memchr	reverse-pass	unwrapped	none	none		0	unanchored	1	1	78565.162003	78967.487776	0.0	0.0	0.0	0.0	0.0	0.0	0.0	0.0	0.0	0.0	0.0	0.0	0.0	0.0
capability/wild-codegrammar-json-stringcontent-escape	default	search_short	75	1373	1366	1348	1345	1.016	1338	0	0	0	5	0	0	0	0	0	0	0	0	0	0	5	9	dfa	unanchored	memchr	reverse-pass	unwrapped	none	none		0	unanchored	6	2	744.404053	2792.838306	0.0	0.0	0.0	2.7	0.0	0.0	0.0	0.0	0.0	0.0	0.0	0.0	0.0	0.0
capability/wild-codegrammar-json-stringcontent-escape	default	throughput	11	4681573	4681573	4681573	4681573	1.000	4681573	0	0	0	0	0	0	0	0	0	0	0	0	0	0	0	0	dfa	unanchored	memchr	reverse-pass	unwrapped	none	none		0	unanchored	6	2	78576.393985	79153.091139	0.0	0.0	0.0	0.0	0.0	0.0	0.0	0.0	0.0	0.0	0.0	0.0	0.0	0.0
capability/wild-codegrammar-json-stringcontent-escape	nocaps	search_short	75	1373	1366	1348	1345	1.016	1338	0	0	0	5	0	0	0	0	0	0	0	0	0	0	5	9	dfa	unanchored	memchr	reverse-pass	unwrapped	none	none		0	unanchored	6	2	739.240243	2792.838306	0.0	0.0	0.0	2.7	0.0	0.0	0.0	0.0	0.0	0.0	0.0	0.0	0.0	0.0
capability/wild-codegrammar-json-stringcontent-escape	nocaps	throughput	11	4681573	4681573	4681573	4681573	1.000	4681573	0	0	0	0	0	0	0	0	0	0	0	0	0	0	0	0	dfa	unanchored	memchr	reverse-pass	unwrapped	none	none		0	unanchored	6	2	78550.862978	79153.091139	0.0	0.0	0.0	0.0	0.0	0.0	0.0	0.0	0.0	0.0	0.0	0.0	0.0	0.0
capability/wild-datetime-datefinder-alternation	nocaps	search_short	75	1373	920	601	544	1.691	0	0	0	0	135	0	0	0	0	0	0	0	0	0	0	135	140	dfa	unanchored	byte-class	reverse-pass	search-filter	none	none		0	unanchored	-1	1	2032.111709	3900.63646	0.0	0.0	0.0	298.2	0.0	0.0	0.0	0.0	0.0	0.0	0.0	0.0	0.0	0.0
capability/wild-datetime-datefinder-alternation	nocaps	throughput	11	4681573	9758251	4681573	4681573	2.084	0	0	0	0	907677	0	962867	0	0	0	0	0	0	0	0	1870544	1457305	dfa	unanchored	byte-class	reverse-pass	search-filter	none	none		0	unanchored	-1	1	30112041.657143	10163.4344	0.0	0.0	0.0	2800912.5	0.0	2971218.0	0.0	0.0	0.0	0.0	0.0	0.0	0.0	0.0
capability/wild-datetime-moment-iso8601	default	search_short	75	1373	187	159	95	1.968	0	0	0	0	0	0	0	0	0	0	0	20	7	1	139	140	0	vm	attempt	none	reverse-pass		none	none	hybrid	1	anchored	-1	7	1022.595458	1629.636961	0.0	0.0	0.0	0.0	0.0	0.0	0.0	0.0	0.0	0.0	109.4	38.3	5.5	760.1
capability/wild-datetime-moment-iso8601	default	throughput	11	4681573	77838	77838	4681573	0.017	0	0	0	0	0	0	0	0	0	0	0	0	0	0	77838	77838	0	vm	attempt	none	reverse-pass		none	none	hybrid	1	anchored	-1	7	69137.853502	1735.102272	0.0	0.0	0.0	0.0	0.0	0.0	0.0	0.0	0.0	0.0	0.0	0.0	0.0	69137.9
capability/wild-datetime-moment-iso8601	nocaps	search_short	75	1373	160	159	95	1.684	0	0	0	0	0	0	0	0	0	0	0	0	0	1	139	140	0	dfa	attempt	none	reverse-pass	search-filter	none	none		1	anchored	-1	7	594.690958	1629.636961	0.0	0.0	0.0	0.0	0.0	0.0	0.0	0.0	0.0	0.0	0.0	0.0	3.7	516.6
capability/wild-datetime-moment-iso8601	nocaps	throughput	11	4681573	77838	77838	4681573	0.017	0	0	0	0	0	0	0	0	0	0	0	0	0	0	77838	77838	0	dfa	attempt	none	reverse-pass	search-filter	none	none		1	anchored	-1	7	69055.769361	1735.102272	0.0	0.0	0.0	0.0	0.0	0.0	0.0	0.0	0.0	0.0	0.0	0.0	0.0	69055.8
capability/wild-logparse-base10num-grok	default	search_short	75	1373	1520	1061	1036	1.467	0	0	0	0	131	0	0	0	0	0	0	150	102	0	0	131	55	vm	unanchored	byte-class-bounded	reverse-pass		none	none	hybrid	0	unanchored	-1	1	2408.871535	4074.514277	0.0	0.0	0.0	207.6	0.0	0.0	0.0	0.0	0.0	0.0	237.7	161.6	0.0	0.0
capability/wild-logparse-base10num-grok	default	throughput	11	4681573	6988609	4681573	4681573	1.493	0	0	0	0	7	0	266266	0	0	0	0	621414	529349	0	0	266273	699635	vm	unanchored	byte-class-bounded	reverse-pass		none	none	hybrid	0	unanchored	-1	1	10196188.283465	11690732.576577	0.0	0.0	0.0	10.2	0.0	388474.8	0.0	0.0	0.0	0.0	906625.9	772305.6	0.0	0.0
capability/wild-logparse-base10num-grok	nocaps	search_short	75	1373	1520	1061	1036	1.467	0	0	0	0	131	0	0	0	0	0	0	150	102	0	0	131	55	vm	unanchored	byte-class-bounded	reverse-pass		none	none	hybrid	0	unanchored	-1	1	2393.662095	4074.514277	0.0	0.0	0.0	206.3	0.0	0.0	0.0	0.0	0.0	0.0	236.2	160.6	0.0	0.0
capability/wild-logparse-base10num-grok	nocaps	throughput	11	4681573	6988609	4681573	4681573	1.493	0	0	0	0	7	0	266266	0	0	0	0	621414	529349	0	0	266273	699635	vm	unanchored	byte-class-bounded	reverse-pass		none	none	hybrid	0	unanchored	-1	1	10194182.780488	11690732.576577	0.0	0.0	0.0	10.2	0.0	388398.4	0.0	0.0	0.0	0.0	906447.6	772153.7	0.0	0.0
capability/wild-logparse-base10num-noatomic	default	search_short	75	1373	1253	1061	1036	1.209	0	0	0	0	131	0	0	0	0	0	0	0	0	0	0	131	40	dfa	unanchored	byte-class-bounded	reverse-pass	unwrapped	none	none		0	unanchored	-1	1	1655.356499	4131.619663	0.0	0.0	0.0	173.1	0.0	0.0	0.0	0.0	0.0	0.0	0.0	0.0	0.0	0.0
capability/wild-logparse-base10num-noatomic	default	throughput	11	4681573	5744910	4681573	4681573	1.227	0	0	0	0	7	0	133133	0	0	0	0	0	0	0	0	133140	739832	dfa	unanchored	byte-class-bounded	reverse-pass	unwrapped	none	none		0	unanchored	-1	1	6918450.696658	11997801.143519	0.0	0.0	0.0	8.4	0.0	160328.7	0.0	0.0	0.0	0.0	0.0	0.0	0.0	0.0
capability/wild-logparse-base10num-noatomic	nocaps	search_short	75	1373	1253	1061	1036	1.209	0	0	0	0	131	0	0	0	0	0	0	0	0	0	0	131	40	dfa	unanchored	byte-class-bounded	reverse-pass	unwrapped	none	none		0	unanchored	-1	1	1651.784441	4131.619663	0.0	0.0	0.0	172.7	0.0	0.0	0.0	0.0	0.0	0.0	0.0	0.0	0.0	0.0
capability/wild-logparse-base10num-noatomic	nocaps	throughput	11	4681573	5744910	4681573	4681573	1.227	0	0	0	0	7	0	133133	0	0	0	0	0	0	0	0	133140	739832	dfa	unanchored	byte-class-bounded	reverse-pass	unwrapped	none	none		0	unanchored	-1	1	6931223.97343	11997801.143519	0.0	0.0	0.0	8.4	0.0	160624.7	0.0	0.0	0.0	0.0	0.0	0.0	0.0	0.0
capability/wild-logparse-quotedstring-grok	default	search_short	75	1373	1616	1354	1352	1.195	0	0	0	0	55	0	0	0	0	0	0	55	71	0	0	55	9	vm	unanchored	first-class-bounded	reverse-pass		none	none	hybrid	0	unanchored	-1	2	2208.843797	4310.288095	0.0	0.0	0.0	75.2	0.0	0.0	0.0	0.0	0.0	0.0	75.2	97.0	0.0	0.0
capability/wild-logparse-quotedstring-grok	default	throughput	11	4681573	4856160	4681573	4681573	1.037	0	0	0	0	0	0	3864	0	0	0	0	47888	59480	0	0	3864	51752	vm	unanchored	first-class-bounded	reverse-pass		none	none	hybrid	0	unanchored	-1	2	2154264.715134	4388977.625382	0.0	0.0	0.0	0.0	0.0	1714.1	0.0	0.0	0.0	0.0	21243.8	26386.2	0.0	0.0
capability/wild-logparse-quotedstring-grok	nocaps	search_short	75	1373	1616	1354	1352	1.195	0	0	0	0	55	0	0	0	0	0	0	55	71	0	0	55	9	vm	unanchored	first-class-bounded	reverse-pass		none	none	hybrid	0	unanchored	-1	2	2185.05145	4310.288095	0.0	0.0	0.0	74.4	0.0	0.0	0.0	0.0	0.0	0.0	74.4	96.0	0.0	0.0
capability/wild-logparse-quotedstring-grok	nocaps	throughput	11	4681573	4856160	4681573	4681573	1.037	0	0	0	0	0	0	3864	0	0	0	0	47888	59480	0	0	3864	51752	vm	unanchored	first-class-bounded	reverse-pass		none	none	hybrid	0	unanchored	-1	2	2154019.341974	4388977.625382	0.0	0.0	0.0	0.0	0.0	1713.9	0.0	0.0	0.0	0.0	21241.4	26383.2	0.0	0.0
capability/wild-logparse-quotedstring-noatomic	default	search_short	75	1373	1490	1354	1352	1.102	0	0	0	0	55	0	0	0	0	0	0	0	0	0	0	55	9	dfa	unanchored	first-class-bounded	reverse-pass	unwrapped	none	none		0	unanchored	-1	2	1592.259202	15499.206294	0.0	0.0	0.0	58.8	0.0	0.0	0.0	0.0	0.0	0.0	0.0	0.0	0.0	0.0
capability/wild-logparse-quotedstring-noatomic	default	throughput	11	4681573	4748792	4681573	4681573	1.014	0	0	0	0	0	0	3864	0	0	0	0	0	0	0	0	3864	51752	dfa	unanchored	first-class-bounded	reverse-pass	unwrapped	none	none		0	unanchored	-1	2	1901357.614476	4418038.438806	0.0	0.0	0.0	0.0	0.0	1547.1	0.0	0.0	0.0	0.0	0.0	0.0	0.0	0.0
capability/wild-logparse-quotedstring-noatomic	nocaps	search_short	75	1373	1490	1354	1352	1.102	0	0	0	0	55	0	0	0	0	0	0	0	0	0	0	55	9	dfa	unanchored	first-class-bounded	reverse-pass	unwrapped	none	none		0	unanchored	-1	2	1583.653043	15499.206294	0.0	0.0	0.0	58.5	0.0	0.0	0.0	0.0	0.0	0.0	0.0	0.0	0.0	0.0
capability/wild-logparse-quotedstring-noatomic	nocaps	throughput	11	4681573	4748792	4681573	4681573	1.014	0	0	0	0	0	0	3864	0	0	0	0	0	0	0	0	3864	51752	dfa	unanchored	first-class-bounded	reverse-pass	unwrapped	none	none		0	unanchored	-1	2	1902521.036963	4418038.438806	0.0	0.0	0.0	0.0	0.0	1548.0	0.0	0.0	0.0	0.0	0.0	0.0	0.0	0.0
capability/wild-logparse-syslogbase-expanded	default	search_short	75	1373	1572	1356	1355	1.160	1179	0	0	0	0	0	0	0	0	59	0	35	35	0	132	132	0	vm	unanchored	first-class-bounded	reverse-pass		none	none	hybrid	0	unanchored	-1	16	1621.607352	7078.992485	0.0	0.0	0.0	0.0	0.0	0.0	0.0	0.0	60.9	0.0	36.1	36.1	0.0	136.2
capability/wild-logparse-syslogbase-expanded	default	throughput	11	4681573	4960373	4681573	4681573	1.060	3302095	0	0	0	0	0	0	0	0	617	0	0	0	0	936066	936066	0	vm	unanchored	first-class-bounded	reverse-pass		none	none	hybrid	0	unanchored	-1	16	4262958.113105	14557801.393103	0.0	0.0	0.0	0.0	0.0	0.0	0.0	0.0	530.3	0.0	0.0	0.0	0.0	804457.7
capability/wild-logparse-syslogbase-expanded	nocaps	search_short	75	1373	1572	1356	1355	1.160	1179	0	0	0	0	0	0	0	0	59	0	35	35	0	132	132	0	vm	unanchored	first-class-bounded	reverse-pass		none	none	hybrid	0	unanchored	-1	16	1421.360406	7078.992485	0.0	0.0	0.0	0.0	0.0	0.0	0.0	0.0	53.3	0.0	31.6	31.6	0.0	119.4
capability/wild-logparse-syslogbase-expanded	nocaps	throughput	11	4681573	4960373	4681573	4681573	1.060	3302095	0	0	0	0	0	0	0	0	617	0	0	0	0	936066	936066	0	vm	unanchored	first-class-bounded	reverse-pass		none	none	hybrid	0	unanchored	-1	16	4272038.814003	14557801.393103	0.0	0.0	0.0	0.0	0.0	0.0	0.0	0.0	531.4	0.0	0.0	0.0	0.0	806171.3
capability/wild-logparse-winpath-grok	default	search_short	75	1373	1541	1373	1373	1.122	1322	0	0	0	52	0	0	0	0	12	0	46	50	0	16	68	0	vm	unanchored	byte-class	reverse-pass		none	none	hybrid	0	unanchored	-1	2	935.801887	3169.850771	0.0	0.0	0.0	31.6	0.0	0.0	0.0	0.0	7.3	0.0	27.9	30.4	0.0	9.7
capability/wild-logparse-winpath-grok	default	throughput	11	4681573	4681573	4681573	4681573	1.000	4681573	0	0	0	0	0	0	0	0	0	0	0	0	0	0	0	0	vm	unanchored	byte-class	reverse-pass		none	none	hybrid	0	unanchored	-1	2	78579.366175	132223.911198	0.0	0.0	0.0	0.0	0.0	0.0	0.0	0.0	0.0	0.0	0.0	0.0	0.0	0.0
capability/wild-logparse-winpath-grok	nocaps	search_short	75	1373	1541	1373	1373	1.122	1322	0	0	0	52	0	0	0	0	12	0	46	50	0	16	68	0	vm	unanchored	byte-class	reverse-pass		none	none	hybrid	0	unanchored	-1	2	934.497976	3169.850771	0.0	0.0	0.0	31.5	0.0	0.0	0.0	0.0	7.3	0.0	27.9	30.3	0.0	9.7
capability/wild-logparse-winpath-grok	nocaps	throughput	11	4681573	4681573	4681573	4681573	1.000	4681573	0	0	0	0	0	0	0	0	0	0	0	0	0	0	0	0	vm	unanchored	byte-class	reverse-pass		none	none	hybrid	0	unanchored	-1	2	78588.600698	132223.911198	0.0	0.0	0.0	0.0	0.0	0.0	0.0	0.0	0.0	0.0	0.0	0.0	0.0	0.0
capability/wild-secrets-aws-access-key-id	default	search_short	75	1373	1512	1373	1373	1.101	1176	0	0	20	0	0	0	0	0	0	0	20	22	0	0	20	0	vm	unanchored	first-memchr-bounded	reverse-pass		none	none	hybrid	0	unanchored	20	20	1414.364005	2148.52396	0.0	0.0	18.7	0.0	0.0	0.0	0.0	0.0	0.0	0.0	18.7	20.6	0.0	0.0
capability/wild-secrets-aws-access-key-id	default	throughput	11	4681573	4689900	4681573	4681573	1.002	4673396	0	0	0	0	0	0	0	0	0	0	0	0	0	0	0	0	vm	unanchored	first-memchr-bounded	reverse-pass		none	none	hybrid	0	unanchored	20	20	158885.401082	240772.899788	0.0	0.0	0.0	0.0	0.0	0.0	0.0	0.0	0.0	0.0	0.0	0.0	0.0	0.0
capability/wild-secrets-aws-access-key-id	nocaps	search_short	75	1373	1470	1373	1373	1.071	1176	0	0	20	0	0	0	0	0	0	0	0	0	0	0	20	0	dfa	unanchored	first-memchr-bounded	reverse-pass	unwrapped	none	none		0	unanchored	20	20	1174.129779	2148.52396	0.0	0.0	16.0	0.0	0.0	0.0	0.0	0.0	0.0	0.0	0.0	0.0	0.0	0.0
capability/wild-secrets-aws-access-key-id	nocaps	throughput	11	4681573	4689900	4681573	4681573	1.002	4673396	0	0	0	0	0	0	0	0	0	0	0	0	0	0	0	0	dfa	unanchored	first-memchr-bounded	reverse-pass	unwrapped	none	none		0	unanchored	20	20	158630.415173	240772.899788	0.0	0.0	0.0	0.0	0.0	0.0	0.0	0.0	0.0	0.0	0.0	0.0	0.0	0.0
capability/wild-secrets-github-pat	default	search_short	75	1373	1208	916	1373	0.880	837	0	0	93	0	0	0	0	5	8	0	93	91	0	0	106	0	vm	unanchored	offset-set-bounded	reverse-pass		6875625f7061745f@7	3	hybrid	0	unanchored	93	93	1025.153484	846.509737	0.0	0.0	78.9	0.0	0.0	0.0	0.0	4.2	6.8	0.0	78.9	77.2	0.0	0.0
capability/wild-secrets-github-pat	default	throughput	11	4681573	4689702	4681496	4681573	1.002	4689702	0	0	0	0	0	0	0	8206	0	0	0	0	0	0	8206	0	vm	unanchored	offset-set-bounded	reverse-pass		6875625f7061745f@7	3	hybrid	0	unanchored	93	93	180313.679993	162541.664874	0.0	0.0	0.0	0.0	0.0	0.0	0.0	315.5	0.0	0.0	0.0	0.0	0.0	0.0
capability/wild-secrets-github-pat	nocaps	search_short	75	1373	1024	916	1373	0.746	837	0	0	93	0	0	0	0	5	8	0	0	0	0	0	106	0	dfa	unanchored	offset-set-bounded	reverse-pass	unwrapped	6875625f7061745f@7	3		0	unanchored	93	93	881.146784	846.509737	0.0	0.0	80.0	0.0	0.0	0.0	0.0	4.3	6.9	0.0	0.0	0.0	0.0	0.0
capability/wild-secrets-github-pat	nocaps	throughput	11	4681573	4689702	4681496	4681573	1.002	4689702	0	0	0	0	0	0	0	8206	0	0	0	0	0	0	8206	0	dfa	unanchored	offset-set-bounded	reverse-pass	unwrapped	6875625f7061745f@7	3		0	unanchored	93	93	179567.570986	162541.664874	0.0	0.0	0.0	0.0	0.0	0.0	0.0	314.2	0.0	0.0	0.0	0.0	0.0	0.0
capability/wild-secrets-slack-webhook-url	default	search_short	75	1373	1301	971	1373	0.948	914	0	0	0	81	0	0	0	85	34	0	81	47	0	0	200	0	vm	unanchored	offset-set	reverse-pass		5256494345532f54@6/dfdfdfdfdfdfffdf	26	hybrid	0	unanchored	81	77	1177.128147	712.970878	0.0	0.0	0.0	73.3	0.0	0.0	0.0	76.9	30.8	0.0	73.3	42.5	0.0	0.0
capability/wild-secrets-slack-webhook-url	default	throughput	11	4681573	4994459	4681507	4681573	1.067	4681507	0	0	0	0	0	0	0	312952	0	0	0	0	0	0	312952	0	vm	unanchored	offset-set	reverse-pass		5256494345532f54@6/dfdfdfdfdfdfffdf	26	hybrid	0	unanchored	81	77	396746.280246	176146.413898	0.0	0.0	0.0	0.0	0.0	0.0	0.0	24860.1	0.0	0.0	0.0	0.0	0.0	0.0
capability/wild-secrets-slack-webhook-url	nocaps	search_short	75	1373	1173	971	1373	0.854	914	0	0	0	81	0	0	0	85	34	0	0	0	0	0	200	0	dfa	unanchored	offset-set	reverse-pass	unwrapped	5256494345532f54@6/dfdfdfdfdfdfffdf	26		0	unanchored	81	77	875.878008	712.970878	0.0	0.0	0.0	60.5	0.0	0.0	0.0	63.5	25.4	0.0	0.0	0.0	0.0	0.0
capability/wild-secrets-slack-webhook-url	nocaps	throughput	11	4681573	4994459	4681507	4681573	1.067	4681507	0	0	0	0	0	0	0	312952	0	0	0	0	0	0	312952	0	dfa	unanchored	offset-set	reverse-pass	unwrapped	5256494345532f54@6/dfdfdfdfdfdfffdf	26		0	unanchored	81	77	397172.521122	176146.413898	0.0	0.0	0.0	0.0	0.0	0.0	0.0	24886.8	0.0	0.0	0.0	0.0	0.0	0.0
capability/wild-secrets-username-password-pair	default	search_short	75	1373	1625	1373	1373	1.184	1482	0	0	0	33	0	0	0	113	33	0	33	39	0	0	179	0	vm	unanchored	byte-class	reverse-pass		55534552@0/dfdfdfdf	0	hybrid	0	unanchored	-1	22	1057.986781	1665.390415	0.0	0.0	0.0	21.5	0.0	0.0	0.0	73.6	21.5	0.0	21.5	25.4	0.0	0.0
capability/wild-secrets-username-password-pair	default	throughput	11	4681573	4686941	4681573	4681573	1.001	4686733	0	0	0	0	0	0	0	5368	0	0	0	0	0	0	5368	0	vm	unanchored	byte-class	reverse-pass		55534552@0/dfdfdfdf	0	hybrid	0	unanchored	-1	22	79044.093862	85546.277578	0.0	0.0	0.0	0.0	0.0	0.0	0.0	90.5	0.0	0.0	0.0	0.0	0.0	0.0
capability/wild-secrets-username-password-pair	nocaps	search_short	75	1373	1553	1373	1373	1.131	1474	0	0	0	33	0	0	0	113	33	0	0	0	0	0	179	0	dfa	unanchored	byte-class	reverse-pass	unwrapped	55534552@0/dfdfdfdf	0		0	unanchored	-1	22	776.76461	1665.390415	0.0	0.0	0.0	16.5	0.0	0.0	0.0	56.5	16.5	0.0	0.0	0.0	0.0	0.0
capability/wild-secrets-username-password-pair	nocaps	throughput	11	4681573	4686941	4681573	4681573	1.001	4686733	0	0	0	0	0	0	0	5368	0	0	0	0	0	0	5368	0	dfa	unanchored	byte-class	reverse-pass	unwrapped	55534552@0/dfdfdfdf	0		0	unanchored	-1	22	79060.978879	85546.277578	0.0	0.0	0.0	0.0	0.0	0.0	0.0	90.5	0.0	0.0	0.0	0.0	0.0	0.0
capability/wild-semdiv-altorder-foo-foobar-rustregex	default	search_short	75	1373	1380	1362	1373	1.005	1362	0	0	0	0	0	0	0	0	0	0	0	0	0	0	0	7	dfa	unanchored	run-pinned	reverse-pass	unwrapped	666f6f@0	none		0	unanchored	6	3	659.079858	1339.434515	0.0	0.0	0.0	0.0	0.0	0.0	0.0	0.0	0.0	0.0	0.0	0.0	0.0	0.0
capability/wild-semdiv-altorder-foo-foobar-rustregex	default	throughput	11	4681573	4879069	4681573	4681573	1.042	4681565	0	0	0	16	0	4	4	0	0	0	0	0	0	0	20	197460	dfa	unanchored	run-pinned	reverse-pass	unwrapped	666f6f@0	none		0	unanchored	6	3	1268479.941019	183675.918044	0.0	0.0	0.0	4.2	0.0	1.0	1.0	0.0	0.0	0.0	0.0	0.0	0.0	0.0
capability/wild-semdiv-altorder-foo-foobar-rustregex	nocaps	search_short	75	1373	1380	1362	1373	1.005	1362	0	0	0	0	0	0	0	0	0	0	0	0	0	0	0	7	dfa	unanchored	run-pinned	reverse-pass	unwrapped	666f6f@0	none		0	unanchored	6	3	659.314971	1339.434515	0.0	0.0	0.0	0.0	0.0	0.0	0.0	0.0	0.0	0.0	0.0	0.0	0.0	0.0
capability/wild-semdiv-altorder-foo-foobar-rustregex	nocaps	throughput	11	4681573	4879069	4681573	4681573	1.042	4681565	0	0	0	16	0	4	4	0	0	0	0	0	0	0	20	197460	dfa	unanchored	run-pinned	reverse-pass	unwrapped	666f6f@0	none		0	unanchored	6	3	1266205.994901	183675.918044	0.0	0.0	0.0	4.2	0.0	1.0	1.0	0.0	0.0	0.0	0.0	0.0	0.0	0.0
capability/wild-semdiv-dollar-trailing-newline-pcre2	default	search_short	75	1373	288	213	75	3.840	203	213	0	0	0	0	0	0	0	0	0	0	0	0	0	213	0	dfa	unanchored	run-pinned-bounded	reverse-pass	unwrapped	616263@1	none		1	unanchored	3	3	1071.684783	1493.027576	792.6	0.0	0.0	0.0	0.0	0.0	0.0	0.0	0.0	0.0	0.0	0.0	0.0	0.0
capability/wild-semdiv-dollar-trailing-newline-pcre2	default	throughput	11	4681573	44	33	4681573	0.000	33	33	0	0	0	0	0	0	0	0	0	0	0	0	0	33	0	dfa	unanchored	run-pinned-bounded	reverse-pass	unwrapped	616263@1	none		1	unanchored	3	3	156.963211	258.68578	117.7	0.0	0.0	0.0	0.0	0.0	0.0	0.0	0.0	0.0	0.0	0.0	0.0	0.0
capability/wild-semdiv-dollar-trailing-newline-pcre2	nocaps	search_short	75	1373	288	213	75	3.840	203	213	0	0	0	0	0	0	0	0	0	0	0	0	0	213	0	dfa	unanchored	run-pinned-bounded	reverse-pass	unwrapped	616263@1	none		1	unanchored	3	3	1076.687597	1493.027576	796.3	0.0	0.0	0.0	0.0	0.0	0.0	0.0	0.0	0.0	0.0	0.0	0.0	0.0
capability/wild-semdiv-dollar-trailing-newline-pcre2	nocaps	throughput	11	4681573	44	33	4681573	0.000	33	33	0	0	0	0	0	0	0	0	0	0	0	0	0	33	0	dfa	unanchored	run-pinned-bounded	reverse-pass	unwrapped	616263@1	none		1	unanchored	3	3	157.453938	258.68578	118.1	0.0	0.0	0.0	0.0	0.0	0.0	0.0	0.0	0.0	0.0	0.0	0.0	0.0
capability/wild-semdiv-empty-alt-repeat-pcre2	default	search_short	75	1373	1416	978	947	1.495	0	0	0	0	61	0	0	0	0	0	0	94	63	0	0	61	219	vm	unanchored	byte-class	reverse-pass		none	none	hybrid	0	unanchored	-1	1	2908.639281	3880.07141	0.0	0.0	0.0	125.3	0.0	0.0	0.0	0.0	0.0	0.0	193.1	129.4	0.0	0.0
capability/wild-semdiv-empty-alt-repeat-pcre2	default	throughput	11	4681573	7298677	4681573	4681573	1.559	0	0	0	0	737765	0	469544	0	0	0	0	469854	469545	0	0	1207309	0	vm	unanchored	byte-class	reverse-pass		none	none	hybrid	0	unanchored	-1	1	19785387.14094	7932.260725	0.0	0.0	0.0	1999946.9	0.0	1272848.5	0.0	0.0	0.0	0.0	1273688.8	1272851.2	0.0	0.0
capability/wild-semdiv-empty-alt-repeat-pcre2	nocaps	search_short	75	1373	1136	978	947	1.200	0	0	0	0	61	0	0	0	0	0	0	0	0	0	0	61	96	dfa	unanchored	byte-class	reverse-pass	unwrapped	none	none		0	unanchored	-1	1	1245.471606	3880.07141	0.0	0.0	0.0	66.9	0.0	0.0	0.0	0.0	0.0	0.0	0.0	0.0	0.0	0.0
capability/wild-semdiv-empty-alt-repeat-pcre2	nocaps	throughput	11	4681573	6359278	4681573	4681573	1.358	0	0	0	0	737765	0	469544	0	0	0	0	0	0	0	0	1207309	0	dfa	unanchored	byte-class	reverse-pass	unwrapped	none	none		0	unanchored	-1	1	8555958.705722	7932.260725	0.0	0.0	0.0	992610.6	0.0	631738.2	0.0	0.0	0.0	0.0	0.0	0.0	0.0	0.0
capability/wild-validator-email-owasp	default	search_short	75	1373	686	686	99	6.929	0	0	0	0	0	0	0	0	0	0	0	0	0	0	662	662	0	dfa	attempt	none	reverse-pass	search-filter	none	none		1	anchored	-1	6	1063.524604	2263.791328	0.0	0.0	0.0	0.0	0.0	0.0	0.0	0.0	0.0	0.0	0.0	0.0	0.0	1026.3
capability/wild-validator-email-owasp	default	throughput	11	4681573	77872	77872	4681573	0.017	0	0	0	0	0	0	0	0	0	0	0	0	0	0	77872	77872	0	dfa	attempt	none	reverse-pass	search-filter	none	none		1	anchored	-1	6	46113.056084	4320.89496	0.0	0.0	0.0	0.0	0.0	0.0	0.0	0.0	0.0	0.0	0.0	0.0	0.0	46113.1
capability/wild-validator-email-owasp	nocaps	search_short	75	1373	686	686	99	6.929	0	0	0	0	0	0	0	0	0	0	0	0	0	0	662	662	0	dfa	attempt	none	reverse-pass	search-filter	none	none		1	anchored	-1	6	1058.030187	2263.791328	0.0	0.0	0.0	0.0	0.0	0.0	0.0	0.0	0.0	0.0	0.0	0.0	0.0	1021.0
capability/wild-validator-email-owasp	nocaps	throughput	11	4681573	77872	77872	4681573	0.017	0	0	0	0	0	0	0	0	0	0	0	0	0	0	77872	77872	0	dfa	attempt	none	reverse-pass	search-filter	none	none		1	anchored	-1	6	46113.729563	4320.89496	0.0	0.0	0.0	0.0	0.0	0.0	0.0	0.0	0.0	0.0	0.0	0.0	0.0	46113.7
capability/wild-validator-ipv4-owasp	default	search_short	75	1373	92	76	86	1.070	0	0	0	0	0	0	0	0	0	0	0	11	5	0	0	0	0	vm	attempt	none	reverse-pass		none	none	hybrid	1	anchored	15	7	824.521417	963.954728	0.0	0.0	0.0	0.0	0.0	0.0	0.0	0.0	0.0	0.0	98.6	44.8	0.0	0.0
capability/wild-validator-ipv4-owasp	default	throughput	11	4681573	0	0	4681573	0.000	0	0	0	0	0	0	0	0	0	0	0	0	0	0	0	0	0	vm	attempt	none	reverse-pass		none	none	hybrid	1	anchored	15	7	97.60155	67.84432	0.0	0.0	0.0	0.0	0.0	0.0	0.0	0.0	0.0	0.0	0.0	0.0	0.0	0.0
capability/wild-validator-ipv4-owasp	nocaps	search_short	75	1373	76	76	86	0.884	0	0	0	0	0	0	0	0	0	0	0	0	0	0	0	0	0	dfa	attempt	none	reverse-pass	search-filter	none	none		1	anchored	15	7	451.893504	963.954728	0.0	0.0	0.0	0.0	0.0	0.0	0.0	0.0	0.0	0.0	0.0	0.0	0.0	0.0
capability/wild-validator-ipv4-owasp	nocaps	throughput	11	4681573	0	0	4681573	0.000	0	0	0	0	0	0	0	0	0	0	0	0	0	0	0	0	0	dfa	attempt	none	reverse-pass	search-filter	none	none		1	anchored	15	7	48.88499	67.84432	0.0	0.0	0.0	0.0	0.0	0.0	0.0	0.0	0.0	0.0	0.0	0.0	0.0	0.0
capability/wild-validator-us-zip-owasp	default	search_short	75	1373	88	72	90	0.978	0	0	0	0	0	0	0	0	0	0	0	15	0	1	0	1	0	vm	attempt	none	reverse-pass		none	none	hybrid	1	anchored	10	5	777.164899	995.404669	0.0	0.0	0.0	0.0	0.0	0.0	0.0	0.0	0.0	0.0	132.5	0.0	8.8	0.0
capability/wild-validator-us-zip-owasp	default	throughput	11	4681573	0	0	4681573	0.000	0	0	0	0	0	0	0	0	0	0	0	0	0	0	0	0	0	vm	attempt	none	reverse-pass		none	none	hybrid	1	anchored	10	5	97.540094	68.242205	0.0	0.0	0.0	0.0	0.0	0.0	0.0	0.0	0.0	0.0	0.0	0.0	0.0	0.0
capability/wild-validator-us-zip-owasp	nocaps	search_short	75	1373	73	72	90	0.811	0	0	0	0	0	0	0	0	0	0	0	0	0	1	0	1	0	dfa	attempt	none	reverse-pass	search-filter	none	none		1	anchored	10	5	450.255108	995.404669	0.0	0.0	0.0	0.0	0.0	0.0	0.0	0.0	0.0	0.0	0.0	0.0	6.2	0.0
capability/wild-validator-us-zip-owasp	nocaps	throughput	11	4681573	0	0	4681573	0.000	0	0	0	0	0	0	0	0	0	0	0	0	0	0	0	0	0	dfa	attempt	none	reverse-pass	search-filter	none	none		1	anchored	10	5	48.958133	68.242205	0.0	0.0	0.0	0.0	0.0	0.0	0.0	0.0	0.0	0.0	0.0	0.0	0.0	0.0
capability/wild-validator-uuid-grok	default	search_short	75	1373	909	831	1373	0.662	761	0	0	72	0	0	0	0	0	0	0	0	0	0	0	72	0	dfa	unanchored	offset-set	reverse-pass	unwrapped	none	none		0	unanchored	36	36	717.606248	1229.712765	0.0	0.0	56.8	0.0	0.0	0.0	0.0	0.0	0.0	0.0	0.0	0.0	0.0	0.0
capability/wild-validator-uuid-grok	default	throughput	11	4681573	4687168	4681481	4681573	1.001	4681480	0	0	0	0	0	0	0	0	0	0	0	0	0	9	9	5579	dfa	unanchored	offset-set	reverse-pass	unwrapped	none	none		0	unanchored	36	36	138143.172373	259819.242841	0.0	0.0	0.0	0.0	0.0	0.0	0.0	0.0	0.0	0.0	0.0	0.0	0.0	0.3
capability/wild-validator-uuid-grok	nocaps	search_short	75	1373	909	831	1373	0.662	761	0	0	72	0	0	0	0	0	0	0	0	0	0	0	72	0	dfa	unanchored	offset-set	reverse-pass	unwrapped	none	none		0	unanchored	36	36	713.084494	1229.712765	0.0	0.0	56.5	0.0	0.0	0.0	0.0	0.0	0.0	0.0	0.0	0.0	0.0	0.0
capability/wild-validator-uuid-grok	nocaps	throughput	11	4681573	4687168	4681481	4681573	1.001	4681480	0	0	0	0	0	0	0	0	0	0	0	0	0	9	9	5579	dfa	unanchored	offset-set	reverse-pass	unwrapped	none	none		0	unanchored	36	36	138448.853828	259819.242841	0.0	0.0	0.0	0.0	0.0	0.0	0.0	0.0	0.0	0.0	0.0	0.0	0.0	0.3
capability/wild-waf-crs-942140-dbnames	default	search_short	75	1373	1606	1367	1366	1.176	0	0	0	0	0	0	0	0	0	0	0	0	0	0	0	0	21	dfa	unanchored	first-class-bounded	reverse-pass	unwrapped	none	none		0	unanchored	-1	4	2015.295419	3416.610993	0.0	0.0	0.0	0.0	0.0	0.0	0.0	0.0	0.0	0.0	0.0	0.0	0.0	0.0
capability/wild-waf-crs-942140-dbnames	default	throughput	11	4681573	5429845	4681573	4681573	1.160	0	0	0	0	0	0	0	0	0	0	0	0	0	0	0	0	0	dfa	unanchored	first-class-bounded	reverse-pass	unwrapped	none	none		0	unanchored	-1	4	12495946.945736	2105436.0729	0.0	0.0	0.0	0.0	0.0	0.0	0.0	0.0	0.0	0.0	0.0	0.0	0.0	0.0
capability/wild-waf-crs-942140-dbnames	nocaps	search_short	75	1373	1606	1367	1366	1.176	0	0	0	0	0	0	0	0	0	0	0	0	0	0	0	0	21	dfa	unanchored	first-class-bounded	reverse-pass	unwrapped	none	none		0	unanchored	-1	4	2012.897304	3416.610993	0.0	0.0	0.0	0.0	0.0	0.0	0.0	0.0	0.0	0.0	0.0	0.0	0.0	0.0
capability/wild-waf-crs-942140-dbnames	nocaps	throughput	11	4681573	5429845	4681573	4681573	1.160	0	0	0	0	0	0	0	0	0	0	0	0	0	0	0	0	0	dfa	unanchored	first-class-bounded	reverse-pass	unwrapped	none	none		0	unanchored	-1	4	12505176.543726	2105436.0729	0.0	0.0	0.0	0.0	0.0	0.0	0.0	0.0	0.0	0.0	0.0	0.0	0.0	0.0
capability/wild-waf-crs-942160-sleep-benchmark	default	search_short	75	1373	1451	1372	1371	1.058	1358	0	0	0	15	0	0	0	0	45	0	0	0	0	0	60	13	dfa	unanchored	byte-class	reverse-pass	unwrapped	none	none		0	unanchored	-1	7	673.307759	2430.853671	0.0	0.0	0.0	7.0	0.0	0.0	0.0	0.0	20.9	0.0	0.0	0.0	0.0	0.0
capability/wild-waf-crs-942160-sleep-benchmark	default	throughput	11	4681573	4749174	4681573	4681573	1.014	3305949	0	0	0	0	0	0	0	0	592	0	0	0	0	0	592	40	dfa	unanchored	byte-class	reverse-pass	unwrapped	none	none		0	unanchored	-1	7	1411930.122056	543254.997944	0.0	0.0	0.0	0.0	0.0	0.0	0.0	0.0	176.0	0.0	0.0	0.0	0.0	0.0
capability/wild-waf-crs-942160-sleep-benchmark	nocaps	search_short	75	1373	1451	1372	1371	1.058	1358	0	0	0	15	0	0	0	0	45	0	0	0	0	0	60	13	dfa	unanchored	byte-class	reverse-pass	unwrapped	none	none		0	unanchored	-1	7	674.204024	2430.853671	0.0	0.0	0.0	7.0	0.0	0.0	0.0	0.0	20.9	0.0	0.0	0.0	0.0	0.0
capability/wild-waf-crs-942160-sleep-benchmark	nocaps	throughput	11	4681573	4749174	4681573	4681573	1.014	3305949	0	0	0	0	0	0	0	0	592	0	0	0	0	0	592	40	dfa	unanchored	byte-class	reverse-pass	unwrapped	none	none		0	unanchored	-1	7	1415769.081227	543254.997944	0.0	0.0	0.0	0.0	0.0	0.0	0.0	0.0	176.5	0.0	0.0	0.0	0.0	0.0
capability/wild-waf-crs-942270-union-select	default	search_short	75	1373	2355	1127	1367	1.723	2048	0	0	0	39	0	0	0	1060	122	0	0	0	0	0	1221	0	dfa	unanchored	byte-class	reverse-pass	unwrapped	53454c454354@4/dfdfdfdfdfdf	none		0	unanchored	-1	15	994.699659	1965.39274	0.0	0.0	0.0	16.5	0.0	0.0	0.0	447.7	51.5	0.0	0.0	0.0	0.0	0.0
capability/wild-waf-crs-942270-union-select	default	throughput	11	4681573	9901794	4681529	4681573	2.115	9363058	0	0	0	0	0	0	0	5220265	0	0	0	0	0	0	5220265	0	dfa	unanchored	byte-class	reverse-pass	unwrapped	53454c454354@4/dfdfdfdfdfdf	none		0	unanchored	-1	15	1966204.638132	207225.848339	0.0	0.0	0.0	0.0	0.0	0.0	0.0	1036590.9	0.0	0.0	0.0	0.0	0.0	0.0
capability/wild-waf-crs-942270-union-select	nocaps	search_short	75	1373	2355	1127	1367	1.723	2048	0	0	0	39	0	0	0	1060	122	0	0	0	0	0	1221	0	dfa	unanchored	byte-class	reverse-pass	unwrapped	53454c454354@4/dfdfdfdfdfdf	none		0	unanchored	-1	15	997.570263	1965.39274	0.0	0.0	0.0	16.5	0.0	0.0	0.0	449.0	51.7	0.0	0.0	0.0	0.0	0.0
capability/wild-waf-crs-942270-union-select	nocaps	throughput	11	4681573	9901794	4681529	4681573	2.115	9363058	0	0	0	0	0	0	0	5220265	0	0	0	0	0	0	5220265	0	dfa	unanchored	byte-class	reverse-pass	unwrapped	53454c454354@4/dfdfdfdfdfdf	none		0	unanchored	-1	15	1966615.823529	207225.848339	0.0	0.0	0.0	0.0	0.0	0.0	0.0	1036807.6	0.0	0.0	0.0	0.0	0.0	0.0
capability/wild-waf-crs-942360-concat-sqli	default	search_short	75	1373	4008	1345	1344	2.982	0	0	0	0	0	0	0	0	0	0	0	0	0	2663	0	2663	1	dfa	attempt	none	reverse-pass	search-filter	none	none		0	unanchored	-1	5	7389.734234	4575.207705	0.0	0.0	0.0	0.0	0.0	0.0	0.0	0.0	0.0	0.0	0.0	0.0	4909.9	0.0
capability/wild-waf-crs-942360-concat-sqli	default	throughput	11	4681573	14724146	4681573	4681573	3.145	0	0	0	0	0	0	0	0	0	0	0	0	0	10042573	0	10042573	0	dfa	attempt	none	reverse-pass	search-filter	none	none		0	unanchored	-1	5	36452931.178571	3587664.697581	0.0	0.0	0.0	0.0	0.0	0.0	0.0	0.0	0.0	0.0	0.0	0.0	24862645.5	0.0
capability/wild-waf-crs-942360-concat-sqli	nocaps	search_short	75	1373	4008	1345	1344	2.982	0	0	0	0	0	0	0	0	0	0	0	0	0	2663	0	2663	1	dfa	attempt	none	reverse-pass	search-filter	none	none		0	unanchored	-1	5	7393.68797	4575.207705	0.0	0.0	0.0	0.0	0.0	0.0	0.0	0.0	0.0	0.0	0.0	0.0	4912.5	0.0
capability/wild-waf-crs-942360-concat-sqli	nocaps	throughput	11	4681573	14724146	4681573	4681573	3.145	0	0	0	0	0	0	0	0	0	0	0	0	0	10042573	0	10042573	0	dfa	attempt	none	reverse-pass	search-filter	none	none		0	unanchored	-1	5	36474443.658824	3587664.697581	0.0	0.0	0.0	0.0	0.0	0.0	0.0	0.0	0.0	0.0	0.0	0.0	24877318.1	0.0
capability/wild-waf-crs-942500-comment-obfuscation	default	search_short	75	1373	1438	1369	1371	1.049	1392	0	0	0	16	0	0	0	10	30	0	0	0	0	0	56	5	dfa	unanchored	offset-set	reverse-pass	unwrapped	2a2f@0	none		0	unanchored	-1	5	706.941842	2396.124746	0.0	0.0	0.0	7.9	0.0	0.0	0.0	4.9	14.7	0.0	0.0	0.0	0.0	0.0
capability/wild-waf-crs-942500-comment-obfuscation	default	throughput	11	4681573	4681573	4681573	4681573	1.000	4681573	0	0	0	0	0	0	0	0	0	0	0	0	0	0	0	0	dfa	unanchored	offset-set	reverse-pass	unwrapped	2a2f@0	none		0	unanchored	-1	5	78551.170543	140340.856093	0.0	0.0	0.0	0.0	0.0	0.0	0.0	0.0	0.0	0.0	0.0	0.0	0.0	0.0
capability/wild-waf-crs-942500-comment-obfuscation	nocaps	search_short	75	1373	1438	1369	1371	1.049	1392	0	0	0	16	0	0	0	10	30	0	0	0	0	0	56	5	dfa	unanchored	offset-set	reverse-pass	unwrapped	2a2f@0	none		0	unanchored	-1	5	706.295077	2396.124746	0.0	0.0	0.0	7.9	0.0	0.0	0.0	4.9	14.7	0.0	0.0	0.0	0.0	0.0
capability/wild-waf-crs-942500-comment-obfuscation	nocaps	throughput	11	4681573	4681573	4681573	4681573	1.000	4681573	0	0	0	0	0	0	0	0	0	0	0	0	0	0	0	0	dfa	unanchored	offset-set	reverse-pass	unwrapped	2a2f@0	none		0	unanchored	-1	5	78650.795526	140340.856093	0.0	0.0	0.0	0.0	0.0	0.0	0.0	0.0	0.0	0.0	0.0	0.0	0.0	0.0
capability/winpath-near-miss	default	search_short	75	1373	139	138	97	1.433	0	0	0	0	0	0	0	0	0	0	0	0	0	1	116	117	0	dfa	attempt	none	reverse-pass	search-filter	3a5c@1	none		1	anchored	-1	4	521.937595	1478.957446	0.0	0.0	0.0	0.0	0.0	0.0	0.0	0.0	0.0	0.0	0.0	0.0	3.8	435.6
capability/winpath-near-miss	default	throughput	11	4681573	19	19	4681573	0.000	0	0	0	0	0	0	0	0	0	0	0	0	0	0	19	19	0	dfa	attempt	none	reverse-pass	search-filter	3a5c@1	none		1	anchored	-1	4	69.809197	293.761328	0.0	0.0	0.0	0.0	0.0	0.0	0.0	0.0	0.0	0.0	0.0	0.0	0.0	69.8
capability/winpath-near-miss	nocaps	search_short	75	1373	139	138	97	1.433	0	0	0	0	0	0	0	0	0	0	0	0	0	1	116	117	0	dfa	attempt	none	reverse-pass	search-filter	3a5c@1	none		1	anchored	-1	4	520.631885	1478.957446	0.0	0.0	0.0	0.0	0.0	0.0	0.0	0.0	0.0	0.0	0.0	0.0	3.7	434.5
capability/winpath-near-miss	nocaps	throughput	11	4681573	19	19	4681573	0.000	0	0	0	0	0	0	0	0	0	0	0	0	0	0	19	19	0	dfa	attempt	none	reverse-pass	search-filter	3a5c@1	none		1	anchored	-1	4	69.875519	293.761328	0.0	0.0	0.0	0.0	0.0	0.0	0.0	0.0	0.0	0.0	0.0	0.0	0.0	69.9
email/factored	default	match	85	42653	39238	39238	42653	0.920	0	0	0	0	0	0	0	0	0	0	0	0	0	0	0	0	0	dfa	unanchored	byte-class	reverse-pass	unwrapped	none	none		0	unanchored	-1	2	73263.689743	1834922.820908	0.0	0.0	0.0	0.0	0.0	0.0	0.0	0.0	0.0	0.0	0.0	0.0	0.0	0.0
email/factored	default	search_short	77	1250	2527	1250	1250	2.022	504	0	0	0	622	0	0	0	0	432	0	0	0	0	447	1069	95	dfa	unanchored	byte-class	reverse-pass	unwrapped	none	none		0	unanchored	-1	2	4041.849662	15279.96186	0.0	0.0	0.0	994.9	0.0	0.0	0.0	0.0	691.0	0.0	0.0	0.0	0.0	715.0
email/factored	default	throughput	5	5242880	8060247	5242880	5242880	1.537	4630014	0	0	0	1048575	0	40826	0	0	1474264	0	0	0	0	1025278	2563665	0	dfa	unanchored	byte-class	reverse-pass	unwrapped	none	none		0	unanchored	-1	2	7027725.299202	498628352.589744	0.0	0.0	0.0	914252.0	0.0	35596.2	0.0	0.0	1285410.0	0.0	0.0	0.0	0.0	893939.4
email/factored	nocaps	match	85	42653	39238	39238	42653	0.920	0	0	0	0	0	0	0	0	0	0	0	0	0	0	0	0	0	dfa	unanchored	byte-class	reverse-pass	unwrapped	none	none		0	unanchored	-1	2																
email/factored	nocaps	search_short	77	1250	2527	1250	1250	2.022	504	0	0	0	622	0	0	0	0	432	0	0	0	0	447	1069	95	dfa	unanchored	byte-class	reverse-pass	unwrapped	none	none		0	unanchored	-1	2																
email/factored	nocaps	throughput	5	5242880	8060247	5242880	5242880	1.537	4630014	0	0	0	1048575	0	40826	0	0	1474264	0	0	0	0	1025278	2563665	0	dfa	unanchored	byte-class	reverse-pass	unwrapped	none	none		0	unanchored	-1	2																
email/floor	default	match	85	42653	85	85	42653	0.002	0	0	0	0	0	0	0	0	0	0	0	0	0	0	0	0	0	dfa	unanchored	memchr	reverse-pass	unwrapped	none	none		0	unanchored	1	1	891.868324	592.351754	0.0	0.0	0.0	0.0	0.0	0.0	0.0	0.0	0.0	0.0	0.0	0.0	0.0	0.0
email/floor	default	search_short	77	1250	792	575	504	1.571	504	0	0	144	0	0	0	0	0	0	0	0	0	0	0	144	71	dfa	unanchored	memchr	reverse-pass	unwrapped	none	none		0	unanchored	1	1	1346.472119	3401.223923	0.0	0.0	244.8	0.0	0.0	0.0	0.0	0.0	0.0	0.0	0.0	0.0	0.0	0.0
email/floor	default	throughput	5	5242880	5406184	5242880	5242880	1.031	5242880	0	0	81652	0	0	40826	40826	0	0	0	0	0	0	0	122478	0	dfa	unanchored	memchr	reverse-pass	unwrapped	none	none		0	unanchored	1	1	698959.788416	850311.772388	0.0	0.0	10556.7	0.0	0.0	5278.4	5278.4	0.0	0.0	0.0	0.0	0.0	0.0	0.0
email/floor	nocaps	match	85	42653	85	85	42653	0.002	0	0	0	0	0	0	0	0	0	0	0	0	0	0	0	0	0	dfa	unanchored	memchr	reverse-pass	unwrapped	none	none		0	unanchored	1	1																
email/floor	nocaps	search_short	77	1250	792	575	504	1.571	504	0	0	144	0	0	0	0	0	0	0	0	0	0	0	144	71	dfa	unanchored	memchr	reverse-pass	unwrapped	none	none		0	unanchored	1	1																
email/floor	nocaps	throughput	5	5242880	5406184	5242880	5242880	1.031	5242880	0	0	81652	0	0	40826	40826	0	0	0	0	0	0	0	122478	0	dfa	unanchored	memchr	reverse-pass	unwrapped	none	none		0	unanchored	1	1																
email/orig	default	match	85	42653	39238	39238	42653	0.920	0	0	0	0	0	0	0	0	0	0	0	0	0	0	0	0	0	dfa	unanchored	byte-class	reverse-pass	unwrapped	none	none		0	unanchored	-1	5	73137.976781	121264.225537	0.0	0.0	0.0	0.0	0.0	0.0	0.0	0.0	0.0	0.0	0.0	0.0	0.0	0.0
email/orig	default	search_short	77	1250	2527	1250	1250	2.022	504	0	0	0	622	0	0	0	0	432	0	0	0	0	447	1069	95	dfa	unanchored	byte-class	reverse-pass	unwrapped	none	none		0	unanchored	-1	5	3710.395603	6156.693601	0.0	0.0	0.0	913.3	0.0	0.0	0.0	0.0	634.3	0.0	0.0	0.0	0.0	656.3
email/orig	default	throughput	5	5242880	8060247	5242880	5242880	1.537	4630014	0	0	0	1048575	0	40826	0	0	1474264	0	0	0	0	1025278	2563665	0	dfa	unanchored	byte-class	reverse-pass	unwrapped	none	none		0	unanchored	-1	5	7054261.410738	13914222.96	0.0	0.0	0.0	917704.2	0.0	35730.6	0.0	0.0	1290263.6	0.0	0.0	0.0	0.0	897314.8
email/orig	nocaps	match	85	42653	39238	39238	42653	0.920	0	0	0	0	0	0	0	0	0	0	0	0	0	0	0	0	0	dfa	unanchored	byte-class	reverse-pass	unwrapped	none	none		0	unanchored	-1	5																
email/orig	nocaps	search_short	77	1250	2527	1250	1250	2.022	504	0	0	0	622	0	0	0	0	432	0	0	0	0	447	1069	95	dfa	unanchored	byte-class	reverse-pass	unwrapped	none	none		0	unanchored	-1	5																
email/orig	nocaps	throughput	5	5242880	8060247	5242880	5242880	1.537	4630014	0	0	0	1048575	0	40826	0	0	1474264	0	0	0	0	1025278	2563665	0	dfa	unanchored	byte-class	reverse-pass	unwrapped	none	none		0	unanchored	-1	5																
litrun/alt-foo-tails	default	match	27	627	44	43	627	0.070	0	0	0	0	0	0	0	0	0	0	0	0	0	0	0	0	0	dfa	unanchored	run-pinned	reverse-pass	unwrapped	666f6f@0	none		0	unanchored	6	4	334.637838	1342.72616	0.0	0.0	0.0	0.0	0.0	0.0	0.0	0.0	0.0	0.0	0.0	0.0	0.0	0.0
litrun/alt-foo-tails	default	search_short	27	627	695	621	625	1.112	600	0	0	0	22	0	0	0	0	0	0	0	0	0	0	22	33	dfa	unanchored	run-pinned	reverse-pass	unwrapped	666f6f@0	none		0	unanchored	6	4	371.175529	1088.951904	0.0	0.0	0.0	11.7	0.0	0.0	0.0	0.0	0.0	0.0	0.0	0.0	0.0	0.0
litrun/alt-foo-tails	default	throughput	27	1769391	1961106	1769385	1769391	1.108	1769382	0	0	0	0	0	0	0	0	0	0	0	0	0	0	0	191715	dfa	unanchored	run-pinned	reverse-pass	unwrapped	666f6f@0	none		0	unanchored	6	4	557027.323551	67761.818691	0.0	0.0	0.0	0.0	0.0	0.0	0.0	0.0	0.0	0.0	0.0	0.0	0.0	0.0
litrun/alt-foo-tails	nocaps	match	27	627	44	43	627	0.070	0	0	0	0	0	0	0	0	0	0	0	0	0	0	0	0	0	dfa	unanchored	run-pinned	reverse-pass	unwrapped	666f6f@0	none		0	unanchored	6	4																
litrun/alt-foo-tails	nocaps	search_short	27	627	695	621	625	1.112	600	0	0	0	22	0	0	0	0	0	0	0	0	0	0	22	33	dfa	unanchored	run-pinned	reverse-pass	unwrapped	666f6f@0	none		0	unanchored	6	4																
litrun/alt-foo-tails	nocaps	throughput	27	1769391	1961106	1769385	1769391	1.108	1769382	0	0	0	0	0	0	0	0	0	0	0	0	0	0	0	191715	dfa	unanchored	run-pinned	reverse-pass	unwrapped	666f6f@0	none		0	unanchored	6	4																
litrun/ctrl-abc-dollar	default	match	27	627	61	59	33	1.848	0	0	0	0	0	0	0	0	0	0	40	0	0	0	0	40	0	dfa	unanchored	run-pinned-bounded	reverse-pass	unwrapped	616263@1	none		1	unanchored	3	3	311.092184	1585.15034	0.0	0.0	0.0	0.0	0.0	0.0	0.0	0.0	0.0	204.0	0.0	0.0	0.0	0.0
litrun/ctrl-abc-dollar	default	search_short	27	627	135	80	36	3.750	66	99	0	10	0	0	0	0	0	0	0	0	0	0	0	99	0	dfa	unanchored	run-pinned-bounded	reverse-pass	unwrapped	616263@1	none		1	unanchored	3	3	409.783052	1178.420562	300.5	0.0	30.4	0.0	0.0	0.0	0.0	0.0	0.0	0.0	0.0	0.0	0.0	0.0
litrun/ctrl-abc-dollar	default	throughput	27	1769391	141	87	1769391	0.000	74	111	0	4	0	0	0	0	0	0	0	0	0	0	0	111	0	dfa	unanchored	run-pinned-bounded	reverse-pass	unwrapped	616263@1	none		1	unanchored	3	3	454.378893	1218418.777566	357.7	0.0	12.9	0.0	0.0	0.0	0.0	0.0	0.0	0.0	0.0	0.0	0.0	0.0
litrun/ctrl-abc-dollar	nocaps	match	27	627	61	59	33	1.848	0	0	0	0	0	0	0	0	0	0	40	0	0	0	0	40	0	dfa	unanchored	run-pinned-bounded	reverse-pass	unwrapped	616263@1	none		1	unanchored	3	3																
litrun/ctrl-abc-dollar	nocaps	search_short	27	627	135	80	36	3.750	66	99	0	10	0	0	0	0	0	0	0	0	0	0	0	99	0	dfa	unanchored	run-pinned-bounded	reverse-pass	unwrapped	616263@1	none		1	unanchored	3	3																
litrun/ctrl-abc-dollar	nocaps	throughput	27	1769391	141	87	1769391	0.000	74	111	0	4	0	0	0	0	0	0	0	0	0	0	0	111	0	dfa	unanchored	run-pinned-bounded	reverse-pass	unwrapped	616263@1	none		1	unanchored	3	3																
litrun/floor	default	match	27	627	27	27	627	0.043	0	0	0	0	0	0	0	0	0	0	0	0	0	0	0	0	0	dfa	unanchored	memchr	reverse-pass	unwrapped	none	none		0	unanchored	1	1	282.002222	796.147215	0.0	0.0	0.0	0.0	0.0	0.0	0.0	0.0	0.0	0.0	0.0	0.0	0.0	0.0
litrun/floor	default	search_short	27	627	627	627	627	1.000	627	0	0	0	0	0	0	0	0	0	0	0	0	0	0	0	0	dfa	unanchored	memchr	reverse-pass	unwrapped	none	none		0	unanchored	1	1	240.676504	1025.725673	0.0	0.0	0.0	0.0	0.0	0.0	0.0	0.0	0.0	0.0	0.0	0.0	0.0	0.0
litrun/floor	default	throughput	27	1769391	2592989	1769391	1769391	1.465	1769391	0	0	411799	0	0	205895	205895	0	0	0	0	0	0	0	617694	0	dfa	unanchored	memchr	reverse-pass	unwrapped	none	none		0	unanchored	1	1	3135968.289409	8697331.216828	0.0	0.0	498030.9	0.0	0.0	249010.0	249010.0	0.0	0.0	0.0	0.0	0.0	0.0	0.0
litrun/floor	nocaps	match	27	627	27	27	627	0.043	0	0	0	0	0	0	0	0	0	0	0	0	0	0	0	0	0	dfa	unanchored	memchr	reverse-pass	unwrapped	none	none		0	unanchored	1	1																
litrun/floor	nocaps	search_short	27	627	627	627	627	1.000	627	0	0	0	0	0	0	0	0	0	0	0	0	0	0	0	0	dfa	unanchored	memchr	reverse-pass	unwrapped	none	none		0	unanchored	1	1																
litrun/floor	nocaps	throughput	27	1769391	2592989	1769391	1769391	1.465	1769391	0	0	411799	0	0	205895	205895	0	0	0	0	0	0	0	617694	0	dfa	unanchored	memchr	reverse-pass	unwrapped	none	none		0	unanchored	1	1																
litrun/lit-l10	default	match	27	627	90	90	627	0.144	0	0	0	0	0	0	0	0	0	0	0	0	0	0	0	0	0	dfa	unanchored	run-pinned	reverse-pass	unwrapped	636465666768696a@7	none		0	unanchored	10	10	343.286975	1160.685282	0.0	0.0	0.0	0.0	0.0	0.0	0.0	0.0	0.0	0.0	0.0	0.0	0.0	0.0
litrun/lit-l10	default	search_short	27	627	362	182	325	1.114	204	0	0	74	0	0	0	0	0	0	0	0	0	0	0	74	0	dfa	unanchored	run-pinned	reverse-pass	unwrapped	636465666768696a@7	none		0	unanchored	10	10	444.556162	1254.690521	0.0	0.0	90.9	0.0	0.0	0.0	0.0	0.0	0.0	0.0	0.0	0.0	0.0	0.0
litrun/lit-l10	default	throughput	27	1769391	2266482	1676413	1769391	1.281	1746914	0	0	238180	0	0	22248	22248	0	0	0	0	0	0	0	260428	28922	dfa	unanchored	run-pinned	reverse-pass	unwrapped	636465666768696a@7	none		0	unanchored	10	10	1091127.364912	1128879.94647	0.0	0.0	114664.4	0.0	0.0	10710.6	10710.6	0.0	0.0	0.0	0.0	0.0	0.0	0.0
litrun/lit-l10	nocaps	match	27	627	90	90	627	0.144	0	0	0	0	0	0	0	0	0	0	0	0	0	0	0	0	0	dfa	unanchored	run-pinned	reverse-pass	unwrapped	636465666768696a@7	none		0	unanchored	10	10																
litrun/lit-l10	nocaps	search_short	27	627	362	182	325	1.114	204	0	0	74	0	0	0	0	0	0	0	0	0	0	0	74	0	dfa	unanchored	run-pinned	reverse-pass	unwrapped	636465666768696a@7	none		0	unanchored	10	10																
litrun/lit-l10	nocaps	throughput	27	1769391	2266482	1676413	1769391	1.281	1746914	0	0	238180	0	0	22248	22248	0	0	0	0	0	0	0	260428	28922	dfa	unanchored	run-pinned	reverse-pass	unwrapped	636465666768696a@7	none		0	unanchored	10	10																
litrun/lit-l16	default	match	27	627	106	106	627	0.169	0	0	0	0	0	0	0	0	0	0	0	0	0	0	0	0	0	dfa	unanchored	run-pinned	reverse-pass	unwrapped	666768696a6b6c6d@4	none		0	unanchored	16	16	369.471614	1077.107332	0.0	0.0	0.0	0.0	0.0	0.0	0.0	0.0	0.0	0.0	0.0	0.0	0.0	0.0
litrun/lit-l16	default	search_short	27	627	427	221	366	1.167	203	0	0	100	0	0	0	0	0	0	0	0	0	0	0	100	0	dfa	unanchored	run-pinned	reverse-pass	unwrapped	666768696a6b6c6d@4	none		0	unanchored	16	16	554.975303	1064.598705	0.0	0.0	130.0	0.0	0.0	0.0	0.0	0.0	0.0	0.0	0.0	0.0	0.0	0.0
litrun/lit-l16	default	throughput	27	1769391	2191089	1709179	1769391	1.238	1698606	0	0	193100	0	0	11599	11599	0	0	0	0	0	0	0	204699	45735	dfa	unanchored	run-pinned	reverse-pass	unwrapped	666768696a6b6c6d@4	none		0	unanchored	16	16	1013290.782692	580786.320916	0.0	0.0	89301.0	0.0	0.0	5364.1	5364.1	0.0	0.0	0.0	0.0	0.0	0.0	0.0
litrun/lit-l16	nocaps	match	27	627	106	106	627	0.169	0	0	0	0	0	0	0	0	0	0	0	0	0	0	0	0	0	dfa	unanchored	run-pinned	reverse-pass	unwrapped	666768696a6b6c6d@4	none		0	unanchored	16	16																
litrun/lit-l16	nocaps	search_short	27	627	427	221	366	1.167	203	0	0	100	0	0	0	0	0	0	0	0	0	0	0	100	0	dfa	unanchored	run-pinned	reverse-pass	unwrapped	666768696a6b6c6d@4	none		0	unanchored	16	16																
litrun/lit-l16	nocaps	throughput	27	1769391	2191089	1709179	1769391	1.238	1698606	0	0	193100	0	0	11599	11599	0	0	0	0	0	0	0	204699	45735	dfa	unanchored	run-pinned	reverse-pass	unwrapped	666768696a6b6c6d@4	none		0	unanchored	16	16																
litrun/lit-l2	default	match	27	627	50	50	627	0.080	0	0	0	0	0	0	0	0	0	0	0	0	0	0	0	0	0	dfa	unanchored	offset-set	reverse-pass	unwrapped	6162@1	none		0	unanchored	2	2	296.875262	1614.823291	0.0	0.0	0.0	0.0	0.0	0.0	0.0	0.0	0.0	0.0	0.0	0.0	0.0	0.0
litrun/lit-l2	default	search_short	27	627	321	242	242	1.326	215	0	0	36	0	0	0	0	0	0	0	0	0	0	0	36	11	dfa	unanchored	offset-set	reverse-pass	unwrapped	6162@1	none		0	unanchored	2	2	501.746503	1243.531073	0.0	0.0	56.3	0.0	0.0	0.0	0.0	0.0	0.0	0.0	0.0	0.0	0.0	0.0
litrun/lit-l2	default	throughput	27	1769391	2878348	1769390	1769391	1.627	1596229	0	0	486624	0	0	173135	173135	0	0	0	0	0	0	0	659759	102926	dfa	unanchored	offset-set	reverse-pass	unwrapped	6162@1	none		0	unanchored	2	2	3373686.064815	7864388.690987	0.0	0.0	570367.7	0.0	0.0	202930.0	202930.0	0.0	0.0	0.0	0.0	0.0	0.0	0.0
litrun/lit-l2	nocaps	match	27	627	50	50	627	0.080	0	0	0	0	0	0	0	0	0	0	0	0	0	0	0	0	0	dfa	unanchored	offset-set	reverse-pass	unwrapped	6162@1	none		0	unanchored	2	2																
litrun/lit-l2	nocaps	search_short	27	627	321	242	242	1.326	215	0	0	36	0	0	0	0	0	0	0	0	0	0	0	36	11	dfa	unanchored	offset-set	reverse-pass	unwrapped	6162@1	none		0	unanchored	2	2																
litrun/lit-l2	nocaps	throughput	27	1769391	2878348	1769390	1769391	1.627	1596229	0	0	486624	0	0	173135	173135	0	0	0	0	0	0	0	659759	102926	dfa	unanchored	offset-set	reverse-pass	unwrapped	6162@1	none		0	unanchored	2	2																
litrun/lit-l3	default	match	27	627	59	59	627	0.094	0	0	0	0	0	0	0	0	0	0	0	0	0	0	0	0	0	dfa	unanchored	run-pinned	reverse-pass	unwrapped	616263@1	none		0	unanchored	3	3	310.037765	1602.142108	0.0	0.0	0.0	0.0	0.0	0.0	0.0	0.0	0.0	0.0	0.0	0.0	0.0	0.0
litrun/lit-l3	default	search_short	27	627	395	253	257	1.537	214	0	0	49	0	0	0	0	0	0	0	0	0	0	0	49	44	dfa	unanchored	run-pinned	reverse-pass	unwrapped	616263@1	none		0	unanchored	3	3	494.19915	1134.552152	0.0	0.0	61.3	0.0	0.0	0.0	0.0	0.0	0.0	0.0	0.0	0.0	0.0	0.0
litrun/lit-l3	default	throughput	27	1769391	3357083	1769389	1769391	1.897	1532317	0	0	452233	0	0	118522	118522	0	0	0	0	0	0	0	570755	661368	dfa	unanchored	run-pinned	reverse-pass	unwrapped	616263@1	none		0	unanchored	3	3	3427996.730072	5453881.343077	0.0	0.0	461785.8	0.0	0.0	121025.6	121025.6	0.0	0.0	0.0	0.0	0.0	0.0	0.0
litrun/lit-l3	nocaps	match	27	627	59	59	627	0.094	0	0	0	0	0	0	0	0	0	0	0	0	0	0	0	0	0	dfa	unanchored	run-pinned	reverse-pass	unwrapped	616263@1	none		0	unanchored	3	3																
litrun/lit-l3	nocaps	search_short	27	627	395	253	257	1.537	214	0	0	49	0	0	0	0	0	0	0	0	0	0	0	49	44	dfa	unanchored	run-pinned	reverse-pass	unwrapped	616263@1	none		0	unanchored	3	3																
litrun/lit-l3	nocaps	throughput	27	1769391	3357083	1769389	1769391	1.897	1532317	0	0	452233	0	0	118522	118522	0	0	0	0	0	0	0	570755	661368	dfa	unanchored	run-pinned	reverse-pass	unwrapped	616263@1	none		0	unanchored	3	3																
litrun/lit-l31	default	match	27	627	134	134	627	0.214	0	0	0	0	0	0	0	0	0	0	0	0	0	0	0	0	0	dfa	unanchored	offset-set	reverse-pass	unwrapped	78797a4142434445@2	23		0	unanchored	31	31	411.731368	976.445858	0.0	0.0	0.0	0.0	0.0	0.0	0.0	0.0	0.0	0.0	0.0	0.0	0.0	0.0
litrun/lit-l31	default	search_short	27	627	709	372	455	1.558	385	0	0	159	0	0	0	0	15	153	0	0	0	0	0	327	0	dfa	unanchored	offset-set	reverse-pass	unwrapped	78797a4142434445@2	23		0	unanchored	31	31	899.602181	1098.018399	0.0	0.0	201.7	0.0	0.0	0.0	0.0	19.0	194.1	0.0	0.0	0.0	0.0	0.0
litrun/lit-l31	default	throughput	27	1769391	2149061	1766069	1769391	1.215	1797076	0	0	170364	0	0	5389	5389	33083	162902	0	0	0	0	0	371738	0	dfa	unanchored	offset-set	reverse-pass	unwrapped	78797a4142434445@2	23		0	unanchored	31	31	849313.654092	310440.348111	0.0	0.0	67328.2	0.0	0.0	2129.7	2129.7	13074.5	64379.2	0.0	0.0	0.0	0.0	0.0
litrun/lit-l31	nocaps	match	27	627	134	134	627	0.214	0	0	0	0	0	0	0	0	0	0	0	0	0	0	0	0	0	dfa	unanchored	offset-set	reverse-pass	unwrapped	78797a4142434445@2	23		0	unanchored	31	31																
litrun/lit-l31	nocaps	search_short	27	627	709	372	455	1.558	385	0	0	159	0	0	0	0	15	153	0	0	0	0	0	327	0	dfa	unanchored	offset-set	reverse-pass	unwrapped	78797a4142434445@2	23		0	unanchored	31	31																
litrun/lit-l31	nocaps	throughput	27	1769391	2149061	1766069	1769391	1.215	1797076	0	0	170364	0	0	5389	5389	33083	162902	0	0	0	0	0	371738	0	dfa	unanchored	offset-set	reverse-pass	unwrapped	78797a4142434445@2	23		0	unanchored	31	31																
litrun/lit-l4	default	match	27	627	65	65	627	0.104	0	0	0	0	0	0	0	0	0	0	0	0	0	0	0	0	0	dfa	unanchored	run-pinned	reverse-pass	unwrapped	61626364@1	none		0	unanchored	4	4	303.747291	1477.464111	0.0	0.0	0.0	0.0	0.0	0.0	0.0	0.0	0.0	0.0	0.0	0.0	0.0	0.0
litrun/lit-l4	default	search_short	27	627	364	254	273	1.333	270	0	0	44	0	0	0	0	0	0	0	0	0	0	0	44	7	dfa	unanchored	run-pinned	reverse-pass	unwrapped	61626364@1	none		0	unanchored	4	4	435.426267	1117.666785	0.0	0.0	52.6	0.0	0.0	0.0	0.0	0.0	0.0	0.0	0.0	0.0	0.0	0.0
litrun/lit-l4	default	throughput	27	1769391	3055882	1769378	1769391	1.727	2269339	0	0	385074	0	0	80293	80293	0	0	0	0	0	0	0	465367	499948	dfa	unanchored	run-pinned	reverse-pass	unwrapped	61626364@1	none		0	unanchored	4	4	3146295.57563	3768922.730014	0.0	0.0	396467.1	0.0	0.0	82668.6	82668.6	0.0	0.0	0.0	0.0	0.0	0.0	0.0
litrun/lit-l4	nocaps	match	27	627	65	65	627	0.104	0	0	0	0	0	0	0	0	0	0	0	0	0	0	0	0	0	dfa	unanchored	run-pinned	reverse-pass	unwrapped	61626364@1	none		0	unanchored	4	4																
litrun/lit-l4	nocaps	search_short	27	627	364	254	273	1.333	270	0	0	44	0	0	0	0	0	0	0	0	0	0	0	44	7	dfa	unanchored	run-pinned	reverse-pass	unwrapped	61626364@1	none		0	unanchored	4	4																
litrun/lit-l4	nocaps	throughput	27	1769391	3055882	1769378	1769391	1.727	2269339	0	0	385074	0	0	80293	80293	0	0	0	0	0	0	0	465367	499948	dfa	unanchored	run-pinned	reverse-pass	unwrapped	61626364@1	none		0	unanchored	4	4																
litrun/lit-l40	default	match	27	627	141	141	627	0.225	0	0	0	0	0	0	0	0	0	0	0	0	0	0	0	0	0	dfa	unanchored	offset-set	reverse-pass	unwrapped	464748494a4b4c4d@4	31		0	unanchored	40	40	438.320098	802.092962	0.0	0.0	0.0	0.0	0.0	0.0	0.0	0.0	0.0	0.0	0.0	0.0	0.0	0.0
litrun/lit-l40	default	search_short	27	627	785	395	499	1.573	413	0	0	164	0	0	0	0	25	191	0	0	0	0	0	380	0	dfa	unanchored	offset-set	reverse-pass	unwrapped	464748494a4b4c4d@4	31		0	unanchored	40	40	971.428853	1090.892445	0.0	0.0	202.9	0.0	0.0	0.0	0.0	30.9	236.4	0.0	0.0	0.0	0.0	0.0
litrun/lit-l40	default	throughput	27	1769391	1910233	1769292	1769391	1.080	1707122	0	0	65520	0	0	1637	1637	8200	57395	0	0	0	0	0	132752	1538	dfa	unanchored	offset-set	reverse-pass	unwrapped	464748494a4b4c4d@4	31		0	unanchored	40	40	457578.654668	143007.036124	0.0	0.0	15694.7	0.0	0.0	392.1	392.1	1964.2	13748.4	0.0	0.0	0.0	0.0	0.0
litrun/lit-l40	nocaps	match	27	627	141	141	627	0.225	0	0	0	0	0	0	0	0	0	0	0	0	0	0	0	0	0	dfa	unanchored	offset-set	reverse-pass	unwrapped	464748494a4b4c4d@4	31		0	unanchored	40	40																
litrun/lit-l40	nocaps	search_short	27	627	785	395	499	1.573	413	0	0	164	0	0	0	0	25	191	0	0	0	0	0	380	0	dfa	unanchored	offset-set	reverse-pass	unwrapped	464748494a4b4c4d@4	31		0	unanchored	40	40																
litrun/lit-l40	nocaps	throughput	27	1769391	1910233	1769292	1769391	1.080	1707122	0	0	65520	0	0	1637	1637	8200	57395	0	0	0	0	0	132752	1538	dfa	unanchored	offset-set	reverse-pass	unwrapped	464748494a4b4c4d@4	31		0	unanchored	40	40																
litrun/lit-l7	default	match	27	627	80	80	627	0.128	0	0	0	0	0	0	0	0	0	0	0	0	0	0	0	0	0	dfa	unanchored	run-pinned	reverse-pass	unwrapped	61626364656667@1	none		0	unanchored	7	7	325.897616	1366.848558	0.0	0.0	0.0	0.0	0.0	0.0	0.0	0.0	0.0	0.0	0.0	0.0	0.0	0.0
litrun/lit-l7	default	search_short	27	627	417	248	302	1.381	187	0	0	67	0	0	0	0	0	0	0	0	0	0	0	67	0	dfa	unanchored	run-pinned	reverse-pass	unwrapped	61626364656667@1	none		0	unanchored	7	7	480.802196	1160.072011	0.0	0.0	77.3	0.0	0.0	0.0	0.0	0.0	0.0	0.0	0.0	0.0	0.0	0.0
litrun/lit-l7	default	throughput	27	1769391	3730896	1769358	1769391	2.109	1442037	0	0	427012	0	0	54547	54547	0	0	0	0	0	0	0	481559	1098110	dfa	unanchored	run-pinned	reverse-pass	unwrapped	61626364656667@1	none		0	unanchored	7	7	3236083.8	2705146.350282	0.0	0.0	370379.3	0.0	0.0	47312.7	47312.7	0.0	0.0	0.0	0.0	0.0	0.0	0.0
litrun/lit-l7	nocaps	match	27	627	80	80	627	0.128	0	0	0	0	0	0	0	0	0	0	0	0	0	0	0	0	0	dfa	unanchored	run-pinned	reverse-pass	unwrapped	61626364656667@1	none		0	unanchored	7	7																
litrun/lit-l7	nocaps	search_short	27	627	417	248	302	1.381	187	0	0	67	0	0	0	0	0	0	0	0	0	0	0	67	0	dfa	unanchored	run-pinned	reverse-pass	unwrapped	61626364656667@1	none		0	unanchored	7	7																
litrun/lit-l7	nocaps	throughput	27	1769391	3730896	1769358	1769391	2.109	1442037	0	0	427012	0	0	54547	54547	0	0	0	0	0	0	0	481559	1098110	dfa	unanchored	run-pinned	reverse-pass	unwrapped	61626364656667@1	none		0	unanchored	7	7																
litrun/lit-l8	default	match	27	627	84	84	627	0.134	0	0	0	0	0	0	0	0	0	0	0	0	0	0	0	0	0	dfa	unanchored	run-pinned	reverse-pass	unwrapped	6162636465666768@1	none		0	unanchored	8	8	320.333426	1254.849813	0.0	0.0	0.0	0.0	0.0	0.0	0.0	0.0	0.0	0.0	0.0	0.0	0.0	0.0
litrun/lit-l8	default	search_short	27	627	393	245	310	1.268	253	0	0	68	0	0	0	0	0	0	0	0	0	0	0	68	0	dfa	unanchored	run-pinned	reverse-pass	unwrapped	6162636465666768@1	none		0	unanchored	8	8	471.243337	1111.025597	0.0	0.0	81.5	0.0	0.0	0.0	0.0	0.0	0.0	0.0	0.0	0.0	0.0	0.0
litrun/lit-l8	default	throughput	27	1769391	3171518	1769331	1769391	1.792	2513827	0	0	324746	0	0	36993	36993	0	0	0	0	0	0	0	361739	744436	dfa	unanchored	run-pinned	reverse-pass	unwrapped	6162636465666768@1	none		0	unanchored	8	8	2856360.372822	1763074.092238	0.0	0.0	292475.6	0.0	0.0	33317.0	33317.0	0.0	0.0	0.0	0.0	0.0	0.0	0.0
litrun/lit-l8	nocaps	match	27	627	84	84	627	0.134	0	0	0	0	0	0	0	0	0	0	0	0	0	0	0	0	0	dfa	unanchored	run-pinned	reverse-pass	unwrapped	6162636465666768@1	none		0	unanchored	8	8																
litrun/lit-l8	nocaps	search_short	27	627	393	245	310	1.268	253	0	0	68	0	0	0	0	0	0	0	0	0	0	0	68	0	dfa	unanchored	run-pinned	reverse-pass	unwrapped	6162636465666768@1	none		0	unanchored	8	8																
litrun/lit-l8	nocaps	throughput	27	1769391	3171518	1769331	1769391	1.792	2513827	0	0	324746	0	0	36993	36993	0	0	0	0	0	0	0	361739	744436	dfa	unanchored	run-pinned	reverse-pass	unwrapped	6162636465666768@1	none		0	unanchored	8	8																
litrun/wild-secrets-aws-access-key-id	default	match	27	627	166	64	627	0.265	0	0	0	0	0	0	0	0	0	0	0	0	0	0	0	0	0	vm	unanchored	first-memchr-bounded	reverse-pass		none	none	hybrid	0	unanchored	20	20	342.644551	1018.699097	0.0	0.0	0.0	0.0	0.0	0.0	0.0	0.0	0.0	0.0	0.0	0.0	0.0	0.0
litrun/wild-secrets-aws-access-key-id	default	search_short	27	627	791	627	626	1.264	342	0	0	42	0	0	0	0	0	0	0	42	46	0	0	42	1	vm	unanchored	first-memchr-bounded	reverse-pass		none	none	hybrid	0	unanchored	20	20	1355.775688	1134.406661	0.0	0.0	72.0	0.0	0.0	0.0	0.0	0.0	0.0	0.0	72.0	78.8	0.0	0.0
litrun/wild-secrets-aws-access-key-id	default	throughput	27	1769391	1784424	1769391	1769391	1.008	1575120	0	0	0	0	0	0	0	0	0	0	0	0	0	0	0	0	vm	unanchored	first-memchr-bounded	reverse-pass		none	none	hybrid	0	unanchored	20	20	825885.691344	155516.431625	0.0	0.0	0.0	0.0	0.0	0.0	0.0	0.0	0.0	0.0	0.0	0.0	0.0	0.0
litrun/wild-secrets-aws-access-key-id	nocaps	match	27	627	64	64	627	0.102	0	0	0	0	0	0	0	0	0	0	0	0	0	0	0	0	0	dfa	unanchored	first-memchr-bounded	reverse-pass	unwrapped	none	none		0	unanchored	20	20																
litrun/wild-secrets-aws-access-key-id	nocaps	search_short	27	627	703	627	626	1.123	342	0	0	42	0	0	0	0	0	0	0	0	0	0	0	42	1	dfa	unanchored	first-memchr-bounded	reverse-pass	unwrapped	none	none		0	unanchored	20	20																
litrun/wild-secrets-aws-access-key-id	nocaps	throughput	27	1769391	1784424	1769391	1769391	1.008	1575120	0	0	0	0	0	0	0	0	0	0	0	0	0	0	0	0	dfa	unanchored	first-memchr-bounded	reverse-pass	unwrapped	none	none		0	unanchored	20	20																
litrun/wild-secrets-github-pat	default	match	27	627	486	273	627	0.775	0	0	0	0	0	0	0	0	0	0	56	0	0	0	0	56	0	vm	unanchored	offset-set-bounded	reverse-pass		6875625f7061745f@7	3	hybrid	0	unanchored	93	93	355.422409	1265.422046	0.0	0.0	0.0	0.0	0.0	0.0	0.0	0.0	0.0	41.0	0.0	0.0	0.0	0.0
litrun/wild-secrets-github-pat	default	search_short	27	627	1104	493	626	1.764	260	0	0	188	0	0	0	0	17	27	0	188	184	0	0	232	0	vm	unanchored	offset-set-bounded	reverse-pass		6875625f7061745f@7	3	hybrid	0	unanchored	93	93	1497.045638	1267.972155	0.0	0.0	254.9	0.0	0.0	0.0	0.0	23.1	36.6	0.0	254.9	249.5	0.0	0.0
litrun/wild-secrets-github-pat	default	throughput	27	1769391	1769202	1769202	1769391	1.000	1769202	0	0	0	0	0	0	0	0	0	0	0	0	0	0	0	0	vm	unanchored	offset-set-bounded	reverse-pass		6875625f7061745f@7	3	hybrid	0	unanchored	93	93	29988.091249	67806.151054	0.0	0.0	0.0	0.0	0.0	0.0	0.0	0.0	0.0	0.0	0.0	0.0	0.0	0.0
litrun/wild-secrets-github-pat	nocaps	match	27	627	217	217	627	0.346	0	0	0	0	0	0	0	0	0	0	0	0	0	0	0	0	0	dfa	unanchored	offset-set-bounded	reverse-pass	unwrapped	6875625f7061745f@7	3		0	unanchored	93	93																
litrun/wild-secrets-github-pat	nocaps	search_short	27	627	732	493	626	1.169	260	0	0	188	0	0	0	0	17	27	0	0	0	0	0	232	0	dfa	unanchored	offset-set-bounded	reverse-pass	unwrapped	6875625f7061745f@7	3		0	unanchored	93	93																
litrun/wild-secrets-github-pat	nocaps	throughput	27	1769391	1769202	1769202	1769391	1.000	1769202	0	0	0	0	0	0	0	0	0	0	0	0	0	0	0	0	dfa	unanchored	offset-set-bounded	reverse-pass	unwrapped	6875625f7061745f@7	3		0	unanchored	93	93																
loglines/bignum	default	search_short	112	163048	177979	155494	155486	1.145	0	0	0	0	0	0	0	0	0	0	0	0	0	0	0	0	128	dfa	unanchored	first-class-bounded	reverse-pass	unwrapped	none	none		0	unanchored	19	10	430277.218281	395913.648097	0.0	0.0	0.0	0.0	0.0	0.0	0.0	0.0	0.0	0.0	0.0	0.0	0.0	0.0
loglines/bignum	default	throughput	12	4178453	4770244	4178453	4178453	1.142	0	0	0	0	0	0	1026	1026	0	0	0	0	0	0	0	1026	6926	dfa	unanchored	first-class-bounded	reverse-pass	unwrapped	none	none		0	unanchored	19	10	13192391.358209	11382589.670732	0.0	0.0	0.0	0.0	0.0	2837.5	2837.5	0.0	0.0	0.0	0.0	0.0	0.0	0.0
loglines/bignum	nocaps	search_short	112	163048	177979	155494	155486	1.145	0	0	0	0	0	0	0	0	0	0	0	0	0	0	0	0	128	dfa	unanchored	first-class-bounded	reverse-pass	unwrapped	none	none		0	unanchored	19	10																
loglines/bignum	nocaps	throughput	12	4178453	4770244	4178453	4178453	1.142	0	0	0	0	0	0	1026	1026	0	0	0	0	0	0	0	1026	6926	dfa	unanchored	first-class-bounded	reverse-pass	unwrapped	none	none		0	unanchored	19	10																
loglines/floor	default	search_short	112	163048	1379	1043	931	1.481	931	0	0	224	0	0	0	0	0	0	0	0	0	0	0	224	112	dfa	unanchored	memchr	reverse-pass	unwrapped	none	none		0	unanchored	1	1	2029.103333	4976.571523	0.0	0.0	329.6	0.0	0.0	0.0	0.0	0.0	0.0	0.0	0.0	0.0	0.0	0.0
loglines/floor	default	throughput	12	4178453	4790657	4178453	4178453	1.147	4178453	0	0	306102	0	0	153051	153051	0	0	0	0	0	0	0	459153	0	dfa	unanchored	memchr	reverse-pass	unwrapped	none	none		0	unanchored	1	1	2974997.318681	4168307.092683	0.0	0.0	190089.3	0.0	0.0	95044.6	95044.6	0.0	0.0	0.0	0.0	0.0	0.0	0.0
loglines/floor	nocaps	search_short	112	163048	1379	1043	931	1.481	931	0	0	224	0	0	0	0	0	0	0	0	0	0	0	224	112	dfa	unanchored	memchr	reverse-pass	unwrapped	none	none		0	unanchored	1	1																
loglines/floor	nocaps	throughput	12	4178453	4790657	4178453	4178453	1.147	4178453	0	0	306102	0	0	153051	153051	0	0	0	0	0	0	0	459153	0	dfa	unanchored	memchr	reverse-pass	unwrapped	none	none		0	unanchored	1	1																
loglines/hex32-id	default	search_short	112	163048	196960	157420	157412	1.251	0	0	0	272	0	0	0	0	0	0	0	0	0	0	0	272	8	dfa	unanchored	first-class-bounded	reverse-pass	unwrapped	none	none		0	unanchored	32	32	433652.548015	294679.269714	0.0	0.0	598.9	0.0	0.0	0.0	0.0	0.0	0.0	0.0	0.0	0.0	0.0	0.0
loglines/hex32-id	default	throughput	12	4178453	5217061	4178453	4178453	1.249	0	0	0	8704	0	0	512	512	0	0	0	0	0	0	0	9216	0	dfa	unanchored	first-class-bounded	reverse-pass	unwrapped	none	none		0	unanchored	32	32	13179275.477612	7465417.411765	0.0	0.0	21987.9	0.0	0.0	1293.4	1293.4	0.0	0.0	0.0	0.0	0.0	0.0	0.0
loglines/hex32-id	nocaps	search_short	112	163048	196960	157420	157412	1.251	0	0	0	272	0	0	0	0	0	0	0	0	0	0	0	272	8	dfa	unanchored	first-class-bounded	reverse-pass	unwrapped	none	none		0	unanchored	32	32																
loglines/hex32-id	nocaps	throughput	12	4178453	5217061	4178453	4178453	1.249	0	0	0	8704	0	0	512	512	0	0	0	0	0	0	0	9216	0	dfa	unanchored	first-class-bounded	reverse-pass	unwrapped	none	none		0	unanchored	32	32																
loglines/http-5xx	default	search_short	112	163048	171824	158819	159002	1.081	169829	0	0	0	185	0	0	0	995	11211	0	0	0	0	0	12391	336	dfa	unanchored	memchr-bounded	reverse-pass	unwrapped	5454502f312e3022@2/fffffffffffffeff	none		0	unanchored	-1	20	4960.404709	15746.826814	0.0	0.0	0.0	5.3	0.0	0.0	0.0	28.7	323.7	0.0	0.0	0.0	0.0	0.0
loglines/http-5xx	default	throughput	12	4178453	5495656	4178433	4178453	1.315	5421906	0	0	0	0	0	512	0	19264	1263753	0	0	0	0	0	1283529	22746	dfa	unanchored	memchr-bounded	reverse-pass	unwrapped	5454502f312e3022@2/fffffffffffffeff	none		0	unanchored	-1	20	285722.508326	443901.317308	0.0	0.0	0.0	0.0	0.0	26.6	0.0	1001.5	65703.3	0.0	0.0	0.0	0.0	0.0
loglines/http-5xx	nocaps	search_short	112	163048	171824	158819	159002	1.081	169829	0	0	0	185	0	0	0	995	11211	0	0	0	0	0	12391	336	dfa	unanchored	memchr-bounded	reverse-pass	unwrapped	5454502f312e3022@2/fffffffffffffeff	none		0	unanchored	-1	20																
loglines/http-5xx	nocaps	throughput	12	4178453	5495656	4178433	4178453	1.315	5421906	0	0	0	0	0	512	0	19264	1263753	0	0	0	0	0	1283529	22746	dfa	unanchored	memchr-bounded	reverse-pass	unwrapped	5454502f312e3022@2/fffffffffffffeff	none		0	unanchored	-1	20																
loglines/ipv4	default	search_short	112	163048	177529	156310	156300	1.136	6215	0	0	0	24	0	0	0	0	4804	0	0	0	0	0	4828	1537	dfa	unanchored	byte-class	reverse-pass	unwrapped	none	none		0	unanchored	15	7	207579.217646	294105.310308	0.0	0.0	0.0	28.1	0.0	0.0	0.0	0.0	5617.2	0.0	0.0	0.0	0.0	0.0
loglines/ipv4	default	throughput	12	4178453	4598065	4178453	4178453	1.100	30170	0	0	0	0	0	512	512	0	21134	0	0	0	0	0	21646	15798	dfa	unanchored	byte-class	reverse-pass	unwrapped	none	none		0	unanchored	15	7	6946652.302817	7507131.516484	0.0	0.0	0.0	0.0	0.0	773.5	773.5	0.0	31928.8	0.0	0.0	0.0	0.0	0.0
loglines/ipv4	nocaps	search_short	112	163048	177529	156310	156300	1.136	6215	0	0	0	24	0	0	0	0	4804	0	0	0	0	0	4828	1537	dfa	unanchored	byte-class	reverse-pass	unwrapped	none	none		0	unanchored	15	7																
loglines/ipv4	nocaps	throughput	12	4178453	4598065	4178453	4178453	1.100	30170	0	0	0	0	0	512	512	0	21134	0	0	0	0	0	21646	15798	dfa	unanchored	byte-class	reverse-pass	unwrapped	none	none		0	unanchored	15	7																
loglines/ipv6	default	search_short	112	163048	189258	157591	157584	1.201	931	0	0	0	0	0	0	0	0	812	0	0	0	0	104242	104242	0	dfa	unanchored	byte-class	reverse-pass	unwrapped	none	none		0	unanchored	40	3	259631.286898	291467.667681	0.0	0.0	0.0	0.0	0.0	0.0	0.0	0.0	1113.9	0.0	0.0	0.0	0.0	143003.1
loglines/ipv6	default	throughput	12	4178453	4987160	4178453	4178453	1.194	4693	0	0	0	0	0	256	256	0	2934	0	0	0	0	2691473	2691729	0	dfa	unanchored	byte-class	reverse-pass	unwrapped	none	none		0	unanchored	40	3	10536653.202381	7477277.203883	0.0	0.0	0.0	0.0	0.0	540.9	540.9	0.0	6198.8	0.0	0.0	0.0	0.0	5686426.3
loglines/ipv6	nocaps	search_short	112	163048	189258	157591	157584	1.201	931	0	0	0	0	0	0	0	0	812	0	0	0	0	104242	104242	0	dfa	unanchored	byte-class	reverse-pass	unwrapped	none	none		0	unanchored	40	3																
loglines/ipv6	nocaps	throughput	12	4178453	4987160	4178453	4178453	1.194	4693	0	0	0	0	0	256	256	0	2934	0	0	0	0	2691473	2691729	0	dfa	unanchored	byte-class	reverse-pass	unwrapped	none	none		0	unanchored	40	3																
loglines/iso-ts	default	search_short	112	163048	162735	157966	159183	1.022	157362	0	0	0	97	0	0	0	0	0	0	0	0	0	0	97	1952	dfa	unanchored	offset-set	reverse-pass	unwrapped	none	none		0	unanchored	32	19	20652.453622	20688.099771	0.0	0.0	0.0	12.3	0.0	0.0	0.0	0.0	0.0	0.0	0.0	0.0	0.0	0.0
loglines/iso-ts	default	throughput	12	4178453	4283205	4159215	4178453	1.025	4146034	0	0	0	0	0	256	256	0	0	0	0	0	0	0	256	68881	dfa	unanchored	offset-set	reverse-pass	unwrapped	none	none		0	unanchored	32	19	1152798.426698	962034.73456	0.0	0.0	0.0	0.0	0.0	68.9	68.9	0.0	0.0	0.0	0.0	0.0	0.0	0.0
loglines/iso-ts	nocaps	search_short	112	163048	162735	157966	159183	1.022	157362	0	0	0	97	0	0	0	0	0	0	0	0	0	0	97	1952	dfa	unanchored	offset-set	reverse-pass	unwrapped	none	none		0	unanchored	32	19																
loglines/iso-ts	nocaps	throughput	12	4178453	4283205	4159215	4178453	1.025	4146034	0	0	0	0	0	256	256	0	0	0	0	0	0	0	256	68881	dfa	unanchored	offset-set	reverse-pass	unwrapped	none	none		0	unanchored	32	19																
loglines/kv-quoted	default	search_short	112	163048	159158	158186	158289	1.005	158478	0	0	0	0	0	0	0	433	272	0	0	0	0	208	705	126	dfa	unanchored	first-class-bounded	reverse-pass	unwrapped	3d22@1	32		0	unanchored	-1	4	18823.473903	9141.66636	0.0	0.0	0.0	0.0	0.0	0.0	0.0	51.2	32.2	0.0	0.0	0.0	0.0	24.6
loglines/kv-quoted	default	throughput	12	4178453	4216055	4178441	4178453	1.009	4184725	0	0	0	0	0	512	0	13310	10240	0	0	0	0	7168	24062	11878	dfa	unanchored	first-class-bounded	reverse-pass	unwrapped	3d22@1	32		0	unanchored	-1	4	4993008.9488	210692.918991	0.0	0.0	0.0	0.0	0.0	606.4	0.0	15762.8	12127.1	0.0	0.0	0.0	0.0	8489.0
loglines/kv-quoted	nocaps	search_short	112	163048	159158	158186	158289	1.005	158478	0	0	0	0	0	0	0	433	272	0	0	0	0	208	705	126	dfa	unanchored	first-class-bounded	reverse-pass	unwrapped	3d22@1	32		0	unanchored	-1	4																
loglines/kv-quoted	nocaps	throughput	12	4178453	4216055	4178441	4178453	1.009	4184725	0	0	0	0	0	512	0	13310	10240	0	0	0	0	7168	24062	11878	dfa	unanchored	first-class-bounded	reverse-pass	unwrapped	3d22@1	32		0	unanchored	-1	4																
loglines/level-context	default	search_short	112	163048	165807	158056	158048	1.049	3222	0	0	0	0	0	0	0	0	3079	0	444	1946	0	0	3079	836	vm	unanchored	first-class-bounded	reverse-pass		none	none	hybrid	0	unanchored	216	10	342444.123504	42982.552681	0.0	0.0	0.0	0.0	0.0	0.0	0.0	0.0	6359.1	0.0	917.0	4019.1	0.0	0.0
loglines/level-context	default	throughput	12	4178453	4328074	4178453	4178453	1.036	12684	0	0	0	0	0	768	768	0	11458	0	14163	61486	0	0	12226	23106	vm	unanchored	first-class-bounded	reverse-pass		none	none	hybrid	0	unanchored	216	10	11503979.723684	1098534.995434	0.0	0.0	0.0	0.0	0.0	2041.3	2041.3	0.0	30455.3	0.0	37645.1	163429.2	0.0	0.0
loglines/level-context	nocaps	search_short	112	163048	165807	158056	158048	1.049	3222	0	0	0	0	0	0	0	0	3079	0	444	1946	0	0	3079	836	vm	unanchored	first-class-bounded	reverse-pass		none	none	hybrid	0	unanchored	216	10																
loglines/level-context	nocaps	throughput	12	4178453	4328074	4178453	4178453	1.036	12684	0	0	0	0	0	768	768	0	11458	0	14163	61486	0	0	12226	23106	vm	unanchored	first-class-bounded	reverse-pass		none	none	hybrid	0	unanchored	216	10																
loglines/stack-frame	default	search_short	112	163048	195979	158329	158327	1.238	184810	0	0	0	0	0	0	0	36940	220	0	0	0	0	0	37160	478	dfa	unanchored	offset-set-bounded	reverse-pass	unwrapped	617420@0	0		0	unanchored	-1	18	36084.685567	12891.368093	0.0	0.0	0.0	0.0	0.0	0.0	0.0	6801.6	40.5	0.0	0.0	0.0	0.0	0.0
loglines/stack-frame	default	throughput	12	4178453	4587365	4178453	4178453	1.098	4274795	0	0	0	0	0	894	0	301163	44879	0	0	0	0	0	346936	60188	dfa	unanchored	offset-set-bounded	reverse-pass	unwrapped	617420@0	0		0	unanchored	-1	18	2305245.838174	475090.818215	0.0	0.0	0.0	0.0	0.0	449.3	0.0	151340.6	22552.6	0.0	0.0	0.0	0.0	0.0
loglines/stack-frame	nocaps	search_short	112	163048	195979	158329	158327	1.238	184810	0	0	0	0	0	0	0	36940	220	0	0	0	0	0	37160	478	dfa	unanchored	offset-set-bounded	reverse-pass	unwrapped	617420@0	0		0	unanchored	-1	18																
loglines/stack-frame	nocaps	throughput	12	4178453	4587365	4178453	4178453	1.098	4274795	0	0	0	0	0	894	0	301163	44879	0	0	0	0	0	346936	60188	dfa	unanchored	offset-set-bounded	reverse-pass	unwrapped	617420@0	0		0	unanchored	-1	18																
loglines/uuid	default	search_short	112	163048	162871	157889	158887	1.025	157620	0	0	304	0	0	0	0	0	0	0	0	0	0	412	716	2814	dfa	unanchored	offset-set-bounded	reverse-pass	unwrapped	none	none		0	unanchored	36	36	21033.303739	35647.451022	0.0	0.0	39.3	0.0	0.0	0.0	0.0	0.0	0.0	0.0	0.0	0.0	0.0	53.2
loglines/uuid	default	throughput	12	4178453	4306620	4174763	4178453	1.031	4167592	0	0	9728	0	0	512	512	0	0	0	0	0	0	3884	14124	108113	dfa	unanchored	offset-set-bounded	reverse-pass	unwrapped	none	none		0	unanchored	36	36	1080376.400231	1737828.36689	0.0	0.0	2440.4	0.0	0.0	128.4	128.4	0.0	0.0	0.0	0.0	0.0	0.0	974.4
loglines/uuid	nocaps	search_short	112	163048	162871	157889	158887	1.025	157620	0	0	304	0	0	0	0	0	0	0	0	0	0	412	716	2814	dfa	unanchored	offset-set-bounded	reverse-pass	unwrapped	none	none		0	unanchored	36	36																
loglines/uuid	nocaps	throughput	12	4178453	4306620	4174763	4178453	1.031	4167592	0	0	9728	0	0	512	512	0	0	0	0	0	0	3884	14124	108113	dfa	unanchored	offset-set-bounded	reverse-pass	unwrapped	none	none		0	unanchored	36	36																
sentinel/base10num-near-miss	default	search_short	75	1373	153	148	97	1.577	0	0	0	0	0	0	0	0	0	0	0	0	0	5	0	5	51	dfa	attempt	none	reverse-pass	search-filter	none	none		1	anchored	-1	1																
sentinel/base10num-near-miss	nocaps	search_short	75	1373	153	148	97	1.577	0	0	0	0	0	0	0	0	0	0	0	0	0	5	0	5	51	dfa	attempt	none	reverse-pass	search-filter	none	none		1	anchored	-1	1																
sentinel/file-ext-order	default	search_short	75	1373	1397	1348	1370	1.020	1387	0	0	0	5	0	0	0	0	0	0	0	0	0	0	5	18	dfa	unanchored	run-pinned	reverse-pass	unwrapped	2e746172@0	none		0	unanchored	7	4																
sentinel/file-ext-order	nocaps	search_short	75	1373	1397	1348	1370	1.020	1387	0	0	0	5	0	0	0	0	0	0	0	0	0	0	5	18	dfa	unanchored	run-pinned	reverse-pass	unwrapped	2e746172@0	none		0	unanchored	7	4																
sentinel/floor-byte	default	search_short	75	1373	1375	1373	1373	1.001	1373	0	0	1	0	0	0	0	0	0	0	0	0	0	0	1	0	dfa	unanchored	memchr	reverse-pass	unwrapped	none	none		0	unanchored	1	1																
sentinel/floor-byte	nocaps	search_short	75	1373	1375	1373	1373	1.001	1373	0	0	1	0	0	0	0	0	0	0	0	0	0	0	1	0	dfa	unanchored	memchr	reverse-pass	unwrapped	none	none		0	unanchored	1	1																
sentinel/ipv4-near-miss	default	search_short	75	1373	74	74	86	0.860	0	0	0	0	0	0	0	0	0	0	0	0	0	0	0	0	0	dfa	attempt	none	reverse-pass	search-filter	none	none		1	anchored	15	7																
sentinel/ipv4-near-miss	nocaps	search_short	75	1373	74	74	86	0.860	0	0	0	0	0	0	0	0	0	0	0	0	0	0	0	0	0	dfa	attempt	none	reverse-pass	search-filter	none	none		1	anchored	15	7																
sentinel/keyword-prefix-order	default	search_short	75	1373	1285	1242	1311	0.980	1236	0	0	0	11	0	0	0	0	0	0	0	0	0	0	11	0	dfa	unanchored	offset-set	reverse-pass	unwrapped	696e@1	none		0	unanchored	10	2																
sentinel/keyword-prefix-order	nocaps	search_short	75	1373	1285	1242	1311	0.980	1236	0	0	0	11	0	0	0	0	0	0	0	0	0	0	11	0	dfa	unanchored	offset-set	reverse-pass	unwrapped	696e@1	none		0	unanchored	10	2																
sentinel/numeric-id-nested-plus	default	search_short	75	1373	155	131	94	1.649	0	0	0	0	0	0	0	0	0	0	0	19	0	5	0	5	37	vm	attempt	none	reverse-pass		none	none	hybrid	1	anchored	-1	1																
sentinel/numeric-id-nested-plus	nocaps	search_short	75	1373	136	131	94	1.447	0	0	0	0	0	0	0	0	0	0	0	0	0	5	0	5	37	dfa	attempt	none	reverse-pass	search-filter	none	none		1	anchored	-1	1																
sentinel/phone-list-nested-plus	default	search_short	75	1373	171	135	101	1.693	0	0	0	0	0	0	0	0	0	0	0	26	4	6	0	6	34	vm	attempt	none	reverse-pass		none	none	hybrid	1	anchored	-1	1																
sentinel/phone-list-nested-plus	nocaps	search_short	75	1373	141	135	101	1.396	0	0	0	0	0	0	0	0	0	0	0	0	0	6	0	6	34	dfa	attempt	none	reverse-pass	search-filter	none	none		1	anchored	-1	1																
sentinel/router-prefix-order	default	search_short	75	1373	1408	1337	1372	1.026	1329	0	0	0	5	0	0	0	0	0	0	0	0	0	0	5	26	dfa	unanchored	run-pinned	reverse-pass	unwrapped	2f75736572@0	none		0	unanchored	6	5																
sentinel/router-prefix-order	nocaps	search_short	75	1373	1408	1337	1372	1.026	1329	0	0	0	5	0	0	0	0	0	0	0	0	0	0	5	26	dfa	unanchored	run-pinned	reverse-pass	unwrapped	2f75736572@0	none		0	unanchored	6	5																
sentinel/trim-nested-star	default	search_short	75	1373	110	97	79	1.392	0	0	0	0	0	0	0	0	0	0	0	4	4	5	0	5	18	vm	attempt	none	reverse-pass		none	none	hybrid	1	anchored	-1	0																
sentinel/trim-nested-star	nocaps	search_short	75	1373	102	97	79	1.291	0	0	0	0	0	0	0	0	0	0	0	0	0	5	0	5	18	dfa	attempt	none	reverse-pass	search-filter	none	none		1	anchored	-1	0																
sentinel/uuid-near-miss	default	search_short	75	1373	200	200	111	1.802	0	0	0	0	0	0	0	0	0	0	0	0	0	0	164	164	0	dfa	attempt	none	reverse-pass	search-filter	none	none		1	anchored	36	36																
sentinel/uuid-near-miss	nocaps	search_short	75	1373	200	200	111	1.802	0	0	0	0	0	0	0	0	0	0	0	0	0	0	164	164	0	dfa	attempt	none	reverse-pass	search-filter	none	none		1	anchored	36	36																
sentinel/wild-semdiv-dollar-trailing-newline-pcre2	default	search_short	75	1373	288	213	75	3.840	203	213	0	0	0	0	0	0	0	0	0	0	0	0	0	213	0	dfa	unanchored	run-pinned-bounded	reverse-pass	unwrapped	616263@1	none		1	unanchored	3	3																
sentinel/wild-semdiv-dollar-trailing-newline-pcre2	nocaps	search_short	75	1373	288	213	75	3.840	203	213	0	0	0	0	0	0	0	0	0	0	0	0	0	213	0	dfa	unanchored	run-pinned-bounded	reverse-pass	unwrapped	616263@1	none		1	unanchored	3	3																
sentinel/wild-validator-email-owasp	default	search_short	75	1373	686	686	99	6.929	0	0	0	0	0	0	0	0	0	0	0	0	0	0	662	662	0	dfa	attempt	none	reverse-pass	search-filter	none	none		1	anchored	-1	6																
sentinel/wild-validator-email-owasp	nocaps	search_short	75	1373	686	686	99	6.929	0	0	0	0	0	0	0	0	0	0	0	0	0	0	662	662	0	dfa	attempt	none	reverse-pass	search-filter	none	none		1	anchored	-1	6																
sentinel/wild-validator-us-zip-owasp	default	search_short	75	1373	88	72	90	0.978	0	0	0	0	0	0	0	0	0	0	0	15	0	1	0	1	0	vm	attempt	none	reverse-pass		none	none	hybrid	1	anchored	10	5																
sentinel/wild-validator-us-zip-owasp	nocaps	search_short	75	1373	73	72	90	0.811	0	0	0	0	0	0	0	0	0	0	0	0	0	1	0	1	0	dfa	attempt	none	reverse-pass	search-filter	none	none		1	anchored	10	5																
sentinel/wild-waf-crs-942360-concat-sqli	default	search_short	75	1373	4008	1345	1344	2.982	0	0	0	0	0	0	0	0	0	0	0	0	0	2663	0	2663	1	dfa	attempt	none	reverse-pass	search-filter	none	none		0	unanchored	-1	5																
sentinel/wild-waf-crs-942360-concat-sqli	nocaps	search_short	75	1373	4008	1345	1344	2.982	0	0	0	0	0	0	0	0	0	0	0	0	0	2663	0	2663	1	dfa	attempt	none	reverse-pass	search-filter	none	none		0	unanchored	-1	5																
sentinel/winpath-near-miss	default	search_short	75	1373	139	138	97	1.433	0	0	0	0	0	0	0	0	0	0	0	0	0	1	116	117	0	dfa	attempt	none	reverse-pass	search-filter	3a5c@1	none		1	anchored	-1	4																
sentinel/winpath-near-miss	nocaps	search_short	75	1373	139	138	97	1.433	0	0	0	0	0	0	0	0	0	0	0	0	0	1	116	117	0	dfa	attempt	none	reverse-pass	search-filter	3a5c@1	none		1	anchored	-1	4																
syntax/alt-nested	default	match	42	791	52	52	791	0.066	0	0	0	0	0	0	0	0	0	0	0	0	0	0	0	0	0	dfa	unanchored	byte-class	reverse-pass	unwrapped	none	none		0	unanchored	3	3	474.351601	424.30367	0.0	0.0	0.0	0.0	0.0	0.0	0.0	0.0	0.0	0.0	0.0	0.0	0.0	0.0
syntax/alt-nested	default	search_short	42	791	721	661	657	1.097	0	0	0	19	0	0	0	0	0	0	0	0	0	0	0	19	4	dfa	unanchored	byte-class	reverse-pass	unwrapped	none	none		0	unanchored	3	3	722.971569	1456.083738	0.0	0.0	19.1	0.0	0.0	0.0	0.0	0.0	0.0	0.0	0.0	0.0	0.0	0.0
syntax/alt-nested	default	throughput	3	1376256	1526797	1376256	1376256	1.109	0	0	0	45568	0	0	11392	11392	0	0	0	0	0	0	0	56960	0	dfa	unanchored	byte-class	reverse-pass	unwrapped	none	none		0	unanchored	3	3	2126982.861789	890038.825784	0.0	0.0	63480.8	0.0	0.0	15870.2	15870.2	0.0	0.0	0.0	0.0	0.0	0.0	0.0
syntax/alt-nested	nocaps	match	42	791	52	52	791	0.066	0	0	0	0	0	0	0	0	0	0	0	0	0	0	0	0	0	dfa	unanchored	byte-class	reverse-pass	unwrapped	none	none		0	unanchored	3	3	472.201408	424.30367	0.0	0.0	0.0	0.0	0.0	0.0	0.0	0.0	0.0	0.0	0.0	0.0	0.0	0.0
syntax/alt-nested	nocaps	search_short	42	791	721	661	657	1.097	0	0	0	19	0	0	0	0	0	0	0	0	0	0	0	19	4	dfa	unanchored	byte-class	reverse-pass	unwrapped	none	none		0	unanchored	3	3	725.035403	1456.083738	0.0	0.0	19.1	0.0	0.0	0.0	0.0	0.0	0.0	0.0	0.0	0.0	0.0	0.0
syntax/alt-nested	nocaps	throughput	3	1376256	1526797	1376256	1376256	1.109	0	0	0	45568	0	0	11392	11392	0	0	0	0	0	0	0	56960	0	dfa	unanchored	byte-class	reverse-pass	unwrapped	none	none		0	unanchored	3	3	2130373.608333	890038.825784	0.0	0.0	63582.0	0.0	0.0	15895.5	15895.5	0.0	0.0	0.0	0.0	0.0	0.0	0.0
syntax/alt-two	default	match	42	791	51	51	791	0.064	0	0	0	0	0	0	0	0	0	0	0	0	0	0	0	0	0	dfa	unanchored	byte-class	reverse-pass	unwrapped	none	none		0	unanchored	3	3	465.221651	424.518798	0.0	0.0	0.0	0.0	0.0	0.0	0.0	0.0	0.0	0.0	0.0	0.0	0.0	0.0
syntax/alt-two	default	search_short	42	791	721	661	657	1.097	0	0	0	19	0	0	0	0	0	0	0	0	0	0	0	19	4	dfa	unanchored	byte-class	reverse-pass	unwrapped	none	none		0	unanchored	3	3	742.157805	1430.0975	0.0	0.0	19.6	0.0	0.0	0.0	0.0	0.0	0.0	0.0	0.0	0.0	0.0	0.0
syntax/alt-two	default	throughput	3	1376256	1529180	1376256	1376256	1.111	0	0	0	45568	0	0	11392	11392	0	0	0	0	0	0	0	56960	0	dfa	unanchored	byte-class	reverse-pass	unwrapped	none	none		0	unanchored	3	3	1969241.067164	870225.02381	0.0	0.0	58681.4	0.0	0.0	14670.3	14670.3	0.0	0.0	0.0	0.0	0.0	0.0	0.0
syntax/alt-two	nocaps	match	42	791	51	51	791	0.064	0	0	0	0	0	0	0	0	0	0	0	0	0	0	0	0	0	dfa	unanchored	byte-class	reverse-pass	unwrapped	none	none		0	unanchored	3	3	464.857622	424.518798	0.0	0.0	0.0	0.0	0.0	0.0	0.0	0.0	0.0	0.0	0.0	0.0	0.0	0.0
syntax/alt-two	nocaps	search_short	42	791	721	661	657	1.097	0	0	0	19	0	0	0	0	0	0	0	0	0	0	0	19	4	dfa	unanchored	byte-class	reverse-pass	unwrapped	none	none		0	unanchored	3	3	743.274682	1430.0975	0.0	0.0	19.6	0.0	0.0	0.0	0.0	0.0	0.0	0.0	0.0	0.0	0.0	0.0
syntax/alt-two	nocaps	throughput	3	1376256	1529180	1376256	1376256	1.111	0	0	0	45568	0	0	11392	11392	0	0	0	0	0	0	0	56960	0	dfa	unanchored	byte-class	reverse-pass	unwrapped	none	none		0	unanchored	3	3	1976260.367647	870225.02381	0.0	0.0	58890.5	0.0	0.0	14722.6	14722.6	0.0	0.0	0.0	0.0	0.0	0.0	0.0
syntax/anc-a-uc	default	match	42	791	69	69	45	1.533	0	0	0	0	0	0	0	0	0	0	0	0	0	0	0	0	24	dfa	attempt	none	reverse-pass	search-filter	6974656d@3	none		0	anchored	4	4	374.29228	460.311339	0.0	0.0	0.0	0.0	0.0	0.0	0.0	0.0	0.0	0.0	0.0	0.0	0.0	0.0
syntax/anc-a-uc	default	search_short	42	791	69	69	63	1.095	0	0	0	0	0	0	0	0	0	0	0	0	0	0	0	0	6	dfa	attempt	none	reverse-pass	search-filter	6974656d@3	none		0	anchored	4	4	286.961579	1592.302254	0.0	0.0	0.0	0.0	0.0	0.0	0.0	0.0	0.0	0.0	0.0	0.0	0.0	0.0
syntax/anc-a-uc	default	throughput	3	1376256	3	3	1376256	0.000	0	0	0	0	0	0	0	0	0	0	0	0	0	0	0	0	0	dfa	attempt	none	reverse-pass	search-filter	6974656d@3	none		0	anchored	4	4	19.604308	82.160741	0.0	0.0	0.0	0.0	0.0	0.0	0.0	0.0	0.0	0.0	0.0	0.0	0.0	0.0
syntax/anc-a-uc	nocaps	match	42	791	69	69	45	1.533	0	0	0	0	0	0	0	0	0	0	0	0	0	0	0	0	24	dfa	attempt	none	reverse-pass	search-filter	6974656d@3	none		0	anchored	4	4	373.544832	460.311339	0.0	0.0	0.0	0.0	0.0	0.0	0.0	0.0	0.0	0.0	0.0	0.0	0.0	0.0
syntax/anc-a-uc	nocaps	search_short	42	791	69	69	63	1.095	0	0	0	0	0	0	0	0	0	0	0	0	0	0	0	0	6	dfa	attempt	none	reverse-pass	search-filter	6974656d@3	none		0	anchored	4	4	286.597635	1592.302254	0.0	0.0	0.0	0.0	0.0	0.0	0.0	0.0	0.0	0.0	0.0	0.0	0.0	0.0
syntax/anc-a-uc	nocaps	throughput	3	1376256	3	3	1376256	0.000	0	0	0	0	0	0	0	0	0	0	0	0	0	0	0	0	0	dfa	attempt	none	reverse-pass	search-filter	6974656d@3	none		0	anchored	4	4	19.800488	82.160741	0.0	0.0	0.0	0.0	0.0	0.0	0.0	0.0	0.0	0.0	0.0	0.0	0.0	0.0
syntax/anc-caret	default	match	42	791	69	69	45	1.533	0	0	0	0	0	0	0	0	0	0	0	0	0	0	0	0	24	dfa	attempt	none	reverse-pass	search-filter	6974656d@3	none		0	anchored	4	4	374.270386	460.250662	0.0	0.0	0.0	0.0	0.0	0.0	0.0	0.0	0.0	0.0	0.0	0.0	0.0	0.0
syntax/anc-caret	default	search_short	42	791	69	69	63	1.095	0	0	0	0	0	0	0	0	0	0	0	0	0	0	0	0	6	dfa	attempt	none	reverse-pass	search-filter	6974656d@3	none		0	anchored	4	4	286.501081	1561.545055	0.0	0.0	0.0	0.0	0.0	0.0	0.0	0.0	0.0	0.0	0.0	0.0	0.0	0.0
syntax/anc-caret	default	throughput	3	1376256	3	3	1376256	0.000	0	0	0	0	0	0	0	0	0	0	0	0	0	0	0	0	0	dfa	attempt	none	reverse-pass	search-filter	6974656d@3	none		0	anchored	4	4	19.602582	80.815036	0.0	0.0	0.0	0.0	0.0	0.0	0.0	0.0	0.0	0.0	0.0	0.0	0.0	0.0
syntax/anc-caret	nocaps	match	42	791	69	69	45	1.533	0	0	0	0	0	0	0	0	0	0	0	0	0	0	0	0	24	dfa	attempt	none	reverse-pass	search-filter	6974656d@3	none		0	anchored	4	4	374.178673	460.250662	0.0	0.0	0.0	0.0	0.0	0.0	0.0	0.0	0.0	0.0	0.0	0.0	0.0	0.0
syntax/anc-caret	nocaps	search_short	42	791	69	69	63	1.095	0	0	0	0	0	0	0	0	0	0	0	0	0	0	0	0	6	dfa	attempt	none	reverse-pass	search-filter	6974656d@3	none		0	anchored	4	4	286.623909	1561.545055	0.0	0.0	0.0	0.0	0.0	0.0	0.0	0.0	0.0	0.0	0.0	0.0	0.0	0.0
syntax/anc-caret	nocaps	throughput	3	1376256	3	3	1376256	0.000	0	0	0	0	0	0	0	0	0	0	0	0	0	0	0	0	0	dfa	attempt	none	reverse-pass	search-filter	6974656d@3	none		0	anchored	4	4	19.819596	80.815036	0.0	0.0	0.0	0.0	0.0	0.0	0.0	0.0	0.0	0.0	0.0	0.0	0.0	0.0
syntax/anc-dollar	default	match	42	791	45	45	46	0.978	0	0	0	0	0	0	0	0	0	0	27	0	0	0	0	27	0	dfa	unanchored	offset-set-bounded	reverse-pass	unwrapped	646f6e65@0	0		1	unanchored	4	4	458.962479	460.695816	0.0	0.0	0.0	0.0	0.0	0.0	0.0	0.0	0.0	275.4	0.0	0.0	0.0	0.0
syntax/anc-dollar	default	search_short	42	791	243	168	66	3.682	180	184	0	29	0	0	0	0	8	24	0	0	0	0	0	184	0	dfa	unanchored	offset-set-bounded	reverse-pass	unwrapped	646f6e65@0	0		1	unanchored	4	4	475.445101	1635.064699	360.0	0.0	56.7	0.0	0.0	0.0	0.0	15.7	47.0	0.0	0.0	0.0	0.0	0.0
syntax/anc-dollar	default	throughput	3	1376256	15	15	1376256	0.000	15	12	0	0	0	0	0	0	0	0	0	0	0	0	0	12	0	dfa	unanchored	offset-set-bounded	reverse-pass	unwrapped	646f6e65@0	0		1	unanchored	4	4	24.243366	80.831573	19.4	0.0	0.0	0.0	0.0	0.0	0.0	0.0	0.0	0.0	0.0	0.0	0.0	0.0
syntax/anc-dollar	nocaps	match	42	791	45	45	46	0.978	0	0	0	0	0	0	0	0	0	0	27	0	0	0	0	27	0	dfa	unanchored	offset-set-bounded	reverse-pass	unwrapped	646f6e65@0	0		1	unanchored	4	4	456.182047	460.695816	0.0	0.0	0.0	0.0	0.0	0.0	0.0	0.0	0.0	273.7	0.0	0.0	0.0	0.0
syntax/anc-dollar	nocaps	search_short	42	791	243	168	66	3.682	180	184	0	29	0	0	0	0	8	24	0	0	0	0	0	184	0	dfa	unanchored	offset-set-bounded	reverse-pass	unwrapped	646f6e65@0	0		1	unanchored	4	4	476.138959	1635.064699	360.5	0.0	56.8	0.0	0.0	0.0	0.0	15.7	47.0	0.0	0.0	0.0	0.0	0.0
syntax/anc-dollar	nocaps	throughput	3	1376256	15	15	1376256	0.000	15	12	0	0	0	0	0	0	0	0	0	0	0	0	0	12	0	dfa	unanchored	offset-set-bounded	reverse-pass	unwrapped	646f6e65@0	0		1	unanchored	4	4	24.315129	80.831573	19.5	0.0	0.0	0.0	0.0	0.0	0.0	0.0	0.0	0.0	0.0	0.0	0.0	0.0
syntax/anc-g-uc	default	match	42	791	69	69	791	0.087	0	0	0	0	0	0	0	0	0	0	0	0	0	0	0	0	0	dfa	attempt	none	reverse-pass	search-filter	6974656d@3	none		0	gstart	4	4	455.004895	1905.567728	0.0	0.0	0.0	0.0	0.0	0.0	0.0	0.0	0.0	0.0	0.0	0.0	0.0	0.0
syntax/anc-g-uc	default	search_short	42	791	69	69	728	0.095	0	0	0	0	0	0	0	0	0	0	0	0	0	0	0	0	0	dfa	attempt	none	reverse-pass	search-filter	6974656d@3	none		0	gstart	4	4	294.731303	1596.67305	0.0	0.0	0.0	0.0	0.0	0.0	0.0	0.0	0.0	0.0	0.0	0.0	0.0	0.0
syntax/anc-g-uc	default	throughput	3	1376256	3	3	1376256	0.000	0	0	0	0	0	0	0	0	0	0	0	0	0	0	0	0	0	dfa	attempt	none	reverse-pass	search-filter	6974656d@3	none		0	gstart	4	4	19.671466	89.52173	0.0	0.0	0.0	0.0	0.0	0.0	0.0	0.0	0.0	0.0	0.0	0.0	0.0	0.0
syntax/anc-g-uc	nocaps	match	42	791	69	69	791	0.087	0	0	0	0	0	0	0	0	0	0	0	0	0	0	0	0	0	dfa	attempt	none	reverse-pass	search-filter	6974656d@3	none		0	gstart	4	4	453.711482	1905.567728	0.0	0.0	0.0	0.0	0.0	0.0	0.0	0.0	0.0	0.0	0.0	0.0	0.0	0.0
syntax/anc-g-uc	nocaps	search_short	42	791	69	69	728	0.095	0	0	0	0	0	0	0	0	0	0	0	0	0	0	0	0	0	dfa	attempt	none	reverse-pass	search-filter	6974656d@3	none		0	gstart	4	4	296.226386	1596.67305	0.0	0.0	0.0	0.0	0.0	0.0	0.0	0.0	0.0	0.0	0.0	0.0	0.0	0.0
syntax/anc-g-uc	nocaps	throughput	3	1376256	3	3	1376256	0.000	0	0	0	0	0	0	0	0	0	0	0	0	0	0	0	0	0	dfa	attempt	none	reverse-pass	search-filter	6974656d@3	none		0	gstart	4	4	19.920962	89.52173	0.0	0.0	0.0	0.0	0.0	0.0	0.0	0.0	0.0	0.0	0.0	0.0	0.0	0.0
syntax/anc-m-caret	default	match	42	791	690	631	791	0.872	654	0	0	0	0	0	0	0	0	0	569	0	0	0	0	569	0	dfa	attempt	memchr	reverse-pass	search-filter	6974656d@3	0		0	unanchored	4	4	514.219725	461.856186	0.0	0.0	0.0	0.0	0.0	0.0	0.0	0.0	0.0	424.0	0.0	0.0	0.0	0.0
syntax/anc-m-caret	default	search_short	42	791	690	631	728	0.948	654	0	0	0	0	0	0	0	29	28	0	0	0	0	0	57	0	dfa	attempt	memchr	reverse-pass	search-filter	6974656d@3	0		0	unanchored	4	4	426.049725	1752.353128	0.0	0.0	0.0	0.0	0.0	0.0	0.0	17.9	17.3	0.0	0.0	0.0	0.0	0.0
syntax/anc-m-caret	default	throughput	3	1376256	1431799	1375600	1376256	1.040	1353826	0	0	0	0	0	341	341	4882	25896	0	0	0	0	0	31119	24424	dfa	attempt	memchr	reverse-pass	search-filter	6974656d@3	0		0	unanchored	4	4	422490.676223	189762.005693	0.0	0.0	0.0	0.0	0.0	100.6	100.6	1440.6	7641.3	0.0	0.0	0.0	0.0	0.0
syntax/anc-m-caret	nocaps	match	42	791	690	631	791	0.872	654	0	0	0	0	0	0	0	0	0	569	0	0	0	0	569	0	dfa	attempt	memchr	reverse-pass	search-filter	6974656d@3	0		0	unanchored	4	4	515.205435	461.856186	0.0	0.0	0.0	0.0	0.0	0.0	0.0	0.0	0.0	424.9	0.0	0.0	0.0	0.0
syntax/anc-m-caret	nocaps	search_short	42	791	690	631	728	0.948	654	0	0	0	0	0	0	0	29	28	0	0	0	0	0	57	0	dfa	attempt	memchr	reverse-pass	search-filter	6974656d@3	0		0	unanchored	4	4	426.983832	1752.353128	0.0	0.0	0.0	0.0	0.0	0.0	0.0	17.9	17.3	0.0	0.0	0.0	0.0	0.0
syntax/anc-m-caret	nocaps	throughput	3	1376256	1431799	1375600	1376256	1.040	1353826	0	0	0	0	0	341	341	4882	25896	0	0	0	0	0	31119	24424	dfa	attempt	memchr	reverse-pass	search-filter	6974656d@3	0		0	unanchored	4	4	422461.245378	189762.005693	0.0	0.0	0.0	0.0	0.0	100.6	100.6	1440.5	7640.8	0.0	0.0	0.0	0.0	0.0
syntax/anc-m-dollar	default	match	42	791	45	45	791	0.057	0	0	0	0	0	0	0	0	0	0	0	0	0	0	0	0	0	dfa	unanchored	offset-set-bounded	reverse-pass	unwrapped	646f6e65@0	0		3	unanchored	4	4	454.182224	461.079539	0.0	0.0	0.0	0.0	0.0	0.0	0.0	0.0	0.0	0.0	0.0	0.0	0.0	0.0
syntax/anc-m-dollar	default	search_short	42	791	897	770	789	1.137	820	0	0	31	0	0	0	0	47	32	0	0	0	0	0	110	0	dfa	unanchored	offset-set-bounded	reverse-pass	unwrapped	646f6e65@0	0		3	unanchored	4	4	604.853758	1643.781813	0.0	0.0	20.9	0.0	0.0	0.0	0.0	31.7	21.6	0.0	0.0	0.0	0.0	0.0
syntax/anc-m-dollar	default	throughput	3	1376256	1427482	1369277	1376256	1.037	1368519	0	0	1152	0	0	384	384	6039	972	0	0	0	0	0	8547	31291	dfa	unanchored	offset-set-bounded	reverse-pass	unwrapped	646f6e65@0	0		3	unanchored	4	4	555876.805556	220209.803462	0.0	0.0	448.6	0.0	0.0	149.5	149.5	2351.7	378.5	0.0	0.0	0.0	0.0	0.0
syntax/anc-m-dollar	nocaps	match	42	791	45	45	791	0.057	0	0	0	0	0	0	0	0	0	0	0	0	0	0	0	0	0	dfa	unanchored	offset-set-bounded	reverse-pass	unwrapped	646f6e65@0	0		3	unanchored	4	4	457.255435	461.079539	0.0	0.0	0.0	0.0	0.0	0.0	0.0	0.0	0.0	0.0	0.0	0.0	0.0	0.0
syntax/anc-m-dollar	nocaps	search_short	42	791	897	770	789	1.137	820	0	0	31	0	0	0	0	47	32	0	0	0	0	0	110	0	dfa	unanchored	offset-set-bounded	reverse-pass	unwrapped	646f6e65@0	0		3	unanchored	4	4	604.399249	1643.781813	0.0	0.0	20.9	0.0	0.0	0.0	0.0	31.7	21.6	0.0	0.0	0.0	0.0	0.0
syntax/anc-m-dollar	nocaps	throughput	3	1376256	1427482	1369277	1376256	1.037	1368519	0	0	1152	0	0	384	384	6039	972	0	0	0	0	0	8547	31291	dfa	unanchored	offset-set-bounded	reverse-pass	unwrapped	646f6e65@0	0		3	unanchored	4	4	556072.878924	220209.803462	0.0	0.0	448.8	0.0	0.0	149.6	149.6	2352.5	378.6	0.0	0.0	0.0	0.0	0.0
syntax/anc-z-lc	default	match	42	791	45	45	46	0.978	0	0	0	0	0	0	0	0	0	0	28	0	0	0	0	28	0	dfa	unanchored	offset-set-bounded	reverse-pass	unwrapped	646f6e65@0	0		2	unanchored	4	4	452.396104	460.453053	0.0	0.0	0.0	0.0	0.0	0.0	0.0	0.0	0.0	281.5	0.0	0.0	0.0	0.0
syntax/anc-z-lc	default	search_short	42	791	184	140	58	3.172	148	133	0	16	0	0	0	0	4	16	0	0	0	0	0	133	0	dfa	unanchored	offset-set-bounded	reverse-pass	unwrapped	646f6e65@0	0		2	unanchored	4	4	412.69916	1210.1981	298.3	0.0	35.9	0.0	0.0	0.0	0.0	9.0	35.9	0.0	0.0	0.0	0.0	0.0
syntax/anc-z-lc	default	throughput	3	1376256	12	12	1376256	0.000	12	9	0	0	0	0	0	0	0	0	0	0	0	0	0	9	0	dfa	unanchored	offset-set-bounded	reverse-pass	unwrapped	646f6e65@0	0		2	unanchored	4	4	25.030173	79.878756	18.8	0.0	0.0	0.0	0.0	0.0	0.0	0.0	0.0	0.0	0.0	0.0	0.0	0.0
syntax/anc-z-lc	nocaps	match	42	791	45	45	46	0.978	0	0	0	0	0	0	0	0	0	0	28	0	0	0	0	28	0	dfa	unanchored	offset-set-bounded	reverse-pass	unwrapped	646f6e65@0	0		2	unanchored	4	4	460.777871	460.453053	0.0	0.0	0.0	0.0	0.0	0.0	0.0	0.0	0.0	286.7	0.0	0.0	0.0	0.0
syntax/anc-z-lc	nocaps	search_short	42	791	184	140	58	3.172	148	133	0	16	0	0	0	0	4	16	0	0	0	0	0	133	0	dfa	unanchored	offset-set-bounded	reverse-pass	unwrapped	646f6e65@0	0		2	unanchored	4	4	412.870699	1210.1981	298.4	0.0	35.9	0.0	0.0	0.0	0.0	9.0	35.9	0.0	0.0	0.0	0.0	0.0
syntax/anc-z-lc	nocaps	throughput	3	1376256	12	12	1376256	0.000	12	9	0	0	0	0	0	0	0	0	0	0	0	0	0	9	0	dfa	unanchored	offset-set-bounded	reverse-pass	unwrapped	646f6e65@0	0		2	unanchored	4	4	25.049458	79.878756	18.8	0.0	0.0	0.0	0.0	0.0	0.0	0.0	0.0	0.0	0.0	0.0	0.0	0.0
syntax/anc-z-uc	default	match	42	791	45	45	46	0.978	0	0	0	0	0	0	0	0	0	0	27	0	0	0	0	27	0	dfa	unanchored	offset-set-bounded	reverse-pass	unwrapped	646f6e65@0	0		1	unanchored	4	4	451.562587	1325.052102	0.0	0.0	0.0	0.0	0.0	0.0	0.0	0.0	0.0	270.9	0.0	0.0	0.0	0.0
syntax/anc-z-uc	default	search_short	42	791	243	168	66	3.682	180	184	0	29	0	0	0	0	8	24	0	0	0	0	0	184	0	dfa	unanchored	offset-set-bounded	reverse-pass	unwrapped	646f6e65@0	0		1	unanchored	4	4	474.825615	1631.91751	359.5	0.0	56.7	0.0	0.0	0.0	0.0	15.6	46.9	0.0	0.0	0.0	0.0	0.0
syntax/anc-z-uc	default	throughput	3	1376256	15	15	1376256	0.000	15	12	0	0	0	0	0	0	0	0	0	0	0	0	0	12	0	dfa	unanchored	offset-set-bounded	reverse-pass	unwrapped	646f6e65@0	0		1	unanchored	4	4	24.303634	211505.913741	19.4	0.0	0.0	0.0	0.0	0.0	0.0	0.0	0.0	0.0	0.0	0.0	0.0	0.0
syntax/anc-z-uc	nocaps	match	42	791	45	45	46	0.978	0	0	0	0	0	0	0	0	0	0	27	0	0	0	0	27	0	dfa	unanchored	offset-set-bounded	reverse-pass	unwrapped	646f6e65@0	0		1	unanchored	4	4	455.010876	1325.052102	0.0	0.0	0.0	0.0	0.0	0.0	0.0	0.0	0.0	273.0	0.0	0.0	0.0	0.0
syntax/anc-z-uc	nocaps	search_short	42	791	243	168	66	3.682	180	184	0	29	0	0	0	0	8	24	0	0	0	0	0	184	0	dfa	unanchored	offset-set-bounded	reverse-pass	unwrapped	646f6e65@0	0		1	unanchored	4	4	475.668731	1631.91751	360.2	0.0	56.8	0.0	0.0	0.0	0.0	15.7	47.0	0.0	0.0	0.0	0.0	0.0
syntax/anc-z-uc	nocaps	throughput	3	1376256	15	15	1376256	0.000	15	12	0	0	0	0	0	0	0	0	0	0	0	0	0	12	0	dfa	unanchored	offset-set-bounded	reverse-pass	unwrapped	646f6e65@0	0		1	unanchored	4	4	24.265072	211505.913741	19.4	0.0	0.0	0.0	0.0	0.0	0.0	0.0	0.0	0.0	0.0	0.0	0.0	0.0
syntax/asr-k-uc	default	match	42	791	66	55	791	0.083	44	0	0	0	0	0	0	0	0	0	0	0	0	0	0	0	0	vm	unanchored	run-pinned	reverse-pass		6b65793d@3	none	hybrid	0	unanchored	-1	5																
syntax/asr-k-uc	default	search_short	42	791	690	632	748	0.922	631	0	0	0	0	0	0	0	0	0	0	19	11	0	0	0	0	vm	unanchored	run-pinned	reverse-pass		6b65793d@3	none	hybrid	0	unanchored	-1	5	519.892084	1650.809835	0.0	0.0	0.0	0.0	0.0	0.0	0.0	0.0	0.0	0.0	14.3	8.3	0.0	0.0
syntax/asr-k-uc	default	throughput	3	1376256	1389347	1375116	1376256	1.010	1380770	0	0	0	0	0	522	0	0	0	0	2375	1331	0	0	522	6887	vm	unanchored	run-pinned	reverse-pass		6b65793d@3	none	hybrid	0	unanchored	-1	5	96135.09548	144534.535479	0.0	0.0	0.0	0.0	0.0	36.1	0.0	0.0	0.0	0.0	164.3	92.1	0.0	0.0
syntax/asr-k-uc	nocaps	match	42	791	66	55	791	0.083	44	0	0	0	0	0	0	0	0	0	0	0	0	0	0	0	0	vm	unanchored	run-pinned	reverse-pass		6b65793d@3	none	hybrid	0	unanchored	-1	5																
syntax/asr-k-uc	nocaps	search_short	42	791	690	632	748	0.922	631	0	0	0	0	0	0	0	0	0	0	19	11	0	0	0	0	vm	unanchored	run-pinned	reverse-pass		6b65793d@3	none	hybrid	0	unanchored	-1	5	521.662988	1650.809835	0.0	0.0	0.0	0.0	0.0	0.0	0.0	0.0	0.0	0.0	14.4	8.3	0.0	0.0
syntax/asr-k-uc	nocaps	throughput	3	1376256	1389347	1375116	1376256	1.010	1380770	0	0	0	0	0	522	0	0	0	0	2375	1331	0	0	522	6887	vm	unanchored	run-pinned	reverse-pass		6b65793d@3	none	hybrid	0	unanchored	-1	5	96038.352176	144534.535479	0.0	0.0	0.0	0.0	0.0	36.1	0.0	0.0	0.0	0.0	164.2	92.0	0.0	0.0
syntax/asr-nwb	default	match	42	791	42	42	791	0.053	0	0	0	0	0	0	0	0	0	0	0	0	0	0	0	0	0	dfa	unanchored	offset-set-bounded	reverse-pass	unwrapped	636174@0	0		0	unanchored	3	3	464.496205	322.198016	0.0	0.0	0.0	0.0	0.0	0.0	0.0	0.0	0.0	0.0	0.0	0.0	0.0	0.0
syntax/asr-nwb	default	search_short	42	791	866	769	776	1.116	753	0	0	10	0	0	0	0	32	19	0	0	0	0	0	61	11	dfa	unanchored	offset-set-bounded	reverse-pass	unwrapped	636174@0	0		0	unanchored	3	3	557.163819	1663.364223	0.0	0.0	6.4	0.0	0.0	0.0	0.0	20.6	12.2	0.0	0.0	0.0	0.0	0.0
syntax/asr-nwb	default	throughput	3	1376256	1508367	1370105	1376256	1.096	1331125	0	0	10255	0	0	4102	4102	25084	10267	0	0	0	0	0	49708	56581	dfa	unanchored	offset-set-bounded	reverse-pass	unwrapped	636174@0	0		0	unanchored	3	3	1182973.431925	368396.492982	0.0	0.0	8042.7	0.0	0.0	3217.1	3217.1	19672.7	8052.1	0.0	0.0	0.0	0.0	0.0
syntax/asr-nwb	nocaps	match	42	791	42	42	791	0.053	0	0	0	0	0	0	0	0	0	0	0	0	0	0	0	0	0	dfa	unanchored	offset-set-bounded	reverse-pass	unwrapped	636174@0	0		0	unanchored	3	3	464.603841	322.198016	0.0	0.0	0.0	0.0	0.0	0.0	0.0	0.0	0.0	0.0	0.0	0.0	0.0	0.0
syntax/asr-nwb	nocaps	search_short	42	791	866	769	776	1.116	753	0	0	10	0	0	0	0	32	19	0	0	0	0	0	61	11	dfa	unanchored	offset-set-bounded	reverse-pass	unwrapped	636174@0	0		0	unanchored	3	3	558.105154	1663.364223	0.0	0.0	6.4	0.0	0.0	0.0	0.0	20.6	12.2	0.0	0.0	0.0	0.0	0.0
syntax/asr-nwb	nocaps	throughput	3	1376256	1508367	1370105	1376256	1.096	1331125	0	0	10255	0	0	4102	4102	25084	10267	0	0	0	0	0	49708	56581	dfa	unanchored	offset-set-bounded	reverse-pass	unwrapped	636174@0	0		0	unanchored	3	3	1184769.455	368396.492982	0.0	0.0	8054.9	0.0	0.0	3222.0	3222.0	19702.6	8064.4	0.0	0.0	0.0	0.0	0.0
syntax/asr-wb	default	match	42	791	49	49	791	0.062	0	0	0	0	0	0	0	0	0	0	0	0	0	0	0	0	0	dfa	unanchored	offset-set-bounded	reverse-pass	unwrapped	636174@0	0		0	unanchored	3	3	421.972884	424.033122	0.0	0.0	0.0	0.0	0.0	0.0	0.0	0.0	0.0	0.0	0.0	0.0	0.0	0.0
syntax/asr-wb	default	search_short	42	791	739	659	662	1.116	645	0	0	18	0	0	0	0	32	19	0	0	0	0	0	69	0	dfa	unanchored	offset-set-bounded	reverse-pass	unwrapped	636174@0	0		0	unanchored	3	3	495.478002	1722.88428	0.0	0.0	12.1	0.0	0.0	0.0	0.0	21.5	12.7	0.0	0.0	0.0	0.0	0.0
syntax/asr-wb	default	throughput	3	1376256	1506528	1369882	1376256	1.095	1320020	0	0	9295	0	0	3718	3718	22298	9229	0	0	0	0	0	44540	59278	dfa	unanchored	offset-set-bounded	reverse-pass	unwrapped	636174@0	0		0	unanchored	3	3	1136354.727273	392820.430712	0.0	0.0	7011.1	0.0	0.0	2804.4	2804.4	16819.1	6961.3	0.0	0.0	0.0	0.0	0.0
syntax/asr-wb	nocaps	match	42	791	49	49	791	0.062	0	0	0	0	0	0	0	0	0	0	0	0	0	0	0	0	0	dfa	unanchored	offset-set-bounded	reverse-pass	unwrapped	636174@0	0		0	unanchored	3	3	421.10756	424.033122	0.0	0.0	0.0	0.0	0.0	0.0	0.0	0.0	0.0	0.0	0.0	0.0	0.0	0.0
syntax/asr-wb	nocaps	search_short	42	791	739	659	662	1.116	645	0	0	18	0	0	0	0	32	19	0	0	0	0	0	69	0	dfa	unanchored	offset-set-bounded	reverse-pass	unwrapped	636174@0	0		0	unanchored	3	3	495.681833	1722.88428	0.0	0.0	12.1	0.0	0.0	0.0	0.0	21.5	12.7	0.0	0.0	0.0	0.0	0.0
syntax/asr-wb	nocaps	throughput	3	1376256	1506528	1369882	1376256	1.095	1320020	0	0	9295	0	0	3718	3718	22298	9229	0	0	0	0	0	44540	59278	dfa	unanchored	offset-set-bounded	reverse-pass	unwrapped	636174@0	0		0	unanchored	3	3	1138511.173333	392820.430712	0.0	0.0	7024.4	0.0	0.0	2809.8	2809.8	16851.0	6974.5	0.0	0.0	0.0	0.0	0.0
syntax/bak-1	default	match	42	791	445	211	791	0.563	0	0	0	0	0	0	0	0	0	0	0	0	0	0	0	0	0	vm					none	none	none	0	unanchored	-1	2	511.544041	2831.212946	0.0	0.0	0.0	0.0	0.0	0.0	0.0	0.0	0.0	0.0	0.0	0.0	0.0	0.0
syntax/bak-1	default	search_short	42	791	6292	722	720	8.739	278	0	0	0	0	0	0	0	0	121	0	0	4948	0	0	121	503	vm					none	none	none	0	unanchored	-1	2	6338.301291	5422.560582	0.0	0.0	0.0	0.0	0.0	0.0	0.0	0.0	121.9	0.0	0.0	4984.4	0.0	0.0
syntax/bak-1	default	throughput	3	1376256	11600854	1376256	1376256	8.429	30611	0	0	0	0	0	658	0	0	30334	0	0	8900053	0	0	30992	1293553	vm					none	none	none	0	unanchored	-1	2	15772794.222222	12779433.095238	0.0	0.0	0.0	0.0	0.0	894.6	0.0	0.0	41242.8	0.0	0.0	12100721.6	0.0	0.0
syntax/bak-1	nocaps	match	42	791	445	211	791	0.563	0	0	0	0	0	0	0	0	0	0	0	0	0	0	0	0	0	vm					none	none	none	0	unanchored	-1	2	504.44882	2831.212946	0.0	0.0	0.0	0.0	0.0	0.0	0.0	0.0	0.0	0.0	0.0	0.0	0.0	0.0
syntax/bak-1	nocaps	search_short	42	791	6292	722	720	8.739	278	0	0	0	0	0	0	0	0	121	0	0	4948	0	0	121	503	vm					none	none	none	0	unanchored	-1	2	6422.021907	5422.560582	0.0	0.0	0.0	0.0	0.0	0.0	0.0	0.0	123.5	0.0	0.0	5050.2	0.0	0.0
syntax/bak-1	nocaps	throughput	3	1376256	11600854	1376256	1376256	8.429	30611	0	0	0	0	0	658	0	0	30334	0	0	8900053	0	0	30992	1293553	vm					none	none	none	0	unanchored	-1	2	16054653.0	12779433.095238	0.0	0.0	0.0	0.0	0.0	910.6	0.0	0.0	41979.8	0.0	0.0	12316960.7	0.0	0.0
syntax/bak-2	default	match	42	791	226	113	791	0.286	0	0	0	0	0	0	0	0	0	0	0	0	0	0	0	0	0	vm					none	none	none	0	unanchored	-1	2	431.788407	4640.543058	0.0	0.0	0.0	0.0	0.0	0.0	0.0	0.0	0.0	0.0	0.0	0.0	0.0	0.0
syntax/bak-2	default	search_short	42	791	3479	734	734	4.740	0	0	0	0	0	0	0	0	0	0	0	0	2078	0	0	0	667	vm					none	none	none	0	unanchored	-1	2	7313.838942	5228.079321	0.0	0.0	0.0	0.0	0.0	0.0	0.0	0.0	0.0	0.0	0.0	4368.5	0.0	0.0
syntax/bak-2	default	throughput	3	1376256	7155125	1376256	1376256	5.199	0	0	0	0	0	0	0	0	0	0	0	0	4457887	0	0	0	1320982	vm					none	none	none	0	unanchored	-1	2	13209096.809524	9965626.592593	0.0	0.0	0.0	0.0	0.0	0.0	0.0	0.0	0.0	0.0	0.0	8229718.0	0.0	0.0
syntax/bak-2	nocaps	match	42	791	226	113	791	0.286	0	0	0	0	0	0	0	0	0	0	0	0	0	0	0	0	0	vm					none	none	none	0	unanchored	-1	2	428.035626	4640.543058	0.0	0.0	0.0	0.0	0.0	0.0	0.0	0.0	0.0	0.0	0.0	0.0	0.0	0.0
syntax/bak-2	nocaps	search_short	42	791	3479	734	734	4.740	0	0	0	0	0	0	0	0	0	0	0	0	2078	0	0	0	667	vm					none	none	none	0	unanchored	-1	2	8025.687335	5228.079321	0.0	0.0	0.0	0.0	0.0	0.0	0.0	0.0	0.0	0.0	0.0	4793.7	0.0	0.0
syntax/bak-2	nocaps	throughput	3	1376256	7155125	1376256	1376256	5.199	0	0	0	0	0	0	0	0	0	0	0	0	4457887	0	0	0	1320982	vm					none	none	none	0	unanchored	-1	2	13303490.4	9965626.592593	0.0	0.0	0.0	0.0	0.0	0.0	0.0	0.0	0.0	0.0	0.0	8288528.4	0.0	0.0
syntax/bak-g-rel	default	match	42	791	445	211	791	0.563	0	0	0	0	0	0	0	0	0	0	0	0	0	0	0	0	0	vm					none	none	none	0	unanchored	-1	2	512.949963	2851.711988	0.0	0.0	0.0	0.0	0.0	0.0	0.0	0.0	0.0	0.0	0.0	0.0	0.0	0.0
syntax/bak-g-rel	default	search_short	42	791	6292	722	720	8.739	278	0	0	0	0	0	0	0	0	121	0	0	4948	0	0	121	503	vm					none	none	none	0	unanchored	-1	2	6343.016559	5410.561296	0.0	0.0	0.0	0.0	0.0	0.0	0.0	0.0	122.0	0.0	0.0	4988.1	0.0	0.0
syntax/bak-g-rel	default	throughput	3	1376256	11600854	1376256	1376256	8.429	30611	0	0	0	0	0	658	0	0	30334	0	0	8900053	0	0	30992	1293553	vm					none	none	none	0	unanchored	-1	2	15731549.235294	12803377.55	0.0	0.0	0.0	0.0	0.0	892.3	0.0	0.0	41135.0	0.0	0.0	12069078.9	0.0	0.0
syntax/bak-g-rel	nocaps	match	42	791	445	211	791	0.563	0	0	0	0	0	0	0	0	0	0	0	0	0	0	0	0	0	vm					none	none	none	0	unanchored	-1	2	509.972796	2851.711988	0.0	0.0	0.0	0.0	0.0	0.0	0.0	0.0	0.0	0.0	0.0	0.0	0.0	0.0
syntax/bak-g-rel	nocaps	search_short	42	791	6292	722	720	8.739	278	0	0	0	0	0	0	0	0	121	0	0	4948	0	0	121	503	vm					none	none	none	0	unanchored	-1	2	6427.921671	5410.561296	0.0	0.0	0.0	0.0	0.0	0.0	0.0	0.0	123.6	0.0	0.0	5054.9	0.0	0.0
syntax/bak-g-rel	nocaps	throughput	3	1376256	11600854	1376256	1376256	8.429	30611	0	0	0	0	0	658	0	0	30334	0	0	8900053	0	0	30992	1293553	vm					none	none	none	0	unanchored	-1	2	16017910.555556	12803377.55	0.0	0.0	0.0	0.0	0.0	908.5	0.0	0.0	41883.8	0.0	0.0	12288772.3	0.0	0.0
syntax/bak-k-named	default	match	42	791	82	62	791	0.104	0	0	0	0	0	0	0	0	0	0	0	0	0	0	0	0	0	vm					3c2f@0	none	none	0	unanchored	-1	6	275.085574	1526.809615	0.0	0.0	0.0	0.0	0.0	0.0	0.0	0.0	0.0	0.0	0.0	0.0	0.0	0.0
syntax/bak-k-named	default	search_short	42	791	779	727	727	1.072	735	0	0	0	0	0	0	0	12	18	0	0	20	0	0	30	2	vm					3c2f@0	none	none	0	unanchored	-1	6	443.130104	1657.110168	0.0	0.0	0.0	0.0	0.0	0.0	0.0	6.8	10.2	0.0	0.0	11.4	0.0	0.0
syntax/bak-k-named	default	throughput	3	1376256	3817477	1376256	1376256	2.774	2352440	0	0	0	0	0	0	0	1165871	1141298	0	0	76185	0	0	2307169	57867	vm					3c2f@0	none	none	0	unanchored	-1	6	1571579.920245	464541.361888	0.0	0.0	0.0	0.0	0.0	0.0	0.0	479966.1	469849.9	0.0	0.0	31363.9	0.0	0.0
syntax/bak-k-named	nocaps	match	42	791	82	62	791	0.104	0	0	0	0	0	0	0	0	0	0	0	0	0	0	0	0	0	vm					3c2f@0	none	none	0	unanchored	-1	6	274.56687	1526.809615	0.0	0.0	0.0	0.0	0.0	0.0	0.0	0.0	0.0	0.0	0.0	0.0	0.0	0.0
syntax/bak-k-named	nocaps	search_short	42	791	779	727	727	1.072	735	0	0	0	0	0	0	0	12	18	0	0	20	0	0	30	2	vm					3c2f@0	none	none	0	unanchored	-1	6	437.44516	1657.110168	0.0	0.0	0.0	0.0	0.0	0.0	0.0	6.7	10.1	0.0	0.0	11.2	0.0	0.0
syntax/bak-k-named	nocaps	throughput	3	1376256	3817477	1376256	1376256	2.774	2352440	0	0	0	0	0	0	0	1165871	1141298	0	0	76185	0	0	2307169	57867	vm					3c2f@0	none	none	0	unanchored	-1	6	1188711.137931	464541.361888	0.0	0.0	0.0	0.0	0.0	0.0	0.0	363036.6	355384.9	0.0	0.0	23723.0	0.0	0.0
syntax/bak-py	default	match	42	791	445	211	791	0.563	0	0	0	0	0	0	0	0	0	0	0	0	0	0	0	0	0	vm					none	none	none	0	unanchored	-1	2	513.345171	2853.096866	0.0	0.0	0.0	0.0	0.0	0.0	0.0	0.0	0.0	0.0	0.0	0.0	0.0	0.0
syntax/bak-py	default	search_short	42	791	6292	722	720	8.739	278	0	0	0	0	0	0	0	0	121	0	0	4948	0	0	121	503	vm					none	none	none	0	unanchored	-1	2	6368.495261	5430.004859	0.0	0.0	0.0	0.0	0.0	0.0	0.0	0.0	122.5	0.0	0.0	5008.2	0.0	0.0
syntax/bak-py	default	throughput	3	1376256	11600854	1376256	1376256	8.429	30611	0	0	0	0	0	658	0	0	30334	0	0	8900053	0	0	30992	1293553	vm					none	none	none	0	unanchored	-1	2	15730117.666667	12758094.428571	0.0	0.0	0.0	0.0	0.0	892.2	0.0	0.0	41131.2	0.0	0.0	12067980.6	0.0	0.0
syntax/bak-py	nocaps	match	42	791	445	211	791	0.563	0	0	0	0	0	0	0	0	0	0	0	0	0	0	0	0	0	vm					none	none	none	0	unanchored	-1	2	502.263756	2853.096866	0.0	0.0	0.0	0.0	0.0	0.0	0.0	0.0	0.0	0.0	0.0	0.0	0.0	0.0
syntax/bak-py	nocaps	search_short	42	791	6292	722	720	8.739	278	0	0	0	0	0	0	0	0	121	0	0	4948	0	0	121	503	vm					none	none	none	0	unanchored	-1	2	6425.351367	5430.004859	0.0	0.0	0.0	0.0	0.0	0.0	0.0	0.0	123.6	0.0	0.0	5052.9	0.0	0.0
syntax/bak-py	nocaps	throughput	3	1376256	11600854	1376256	1376256	8.429	30611	0	0	0	0	0	658	0	0	30334	0	0	8900053	0	0	30992	1293553	vm					none	none	none	0	unanchored	-1	2	16024732.722222	12758094.428571	0.0	0.0	0.0	0.0	0.0	908.9	0.0	0.0	41901.6	0.0	0.0	12294006.2	0.0	0.0
syntax/cls-d	default	match	42	791	54	52	791	0.068	0	0	0	0	0	0	0	0	0	0	0	0	0	0	0	0	0	dfa	unanchored	byte-class	reverse-pass	unwrapped	none	none		0	unanchored	-1	1	479.136409	1170.927977	0.0	0.0	0.0	0.0	0.0	0.0	0.0	0.0	0.0	0.0	0.0	0.0	0.0	0.0
syntax/cls-d	default	search_short	42	791	740	707	704	1.051	0	0	0	0	23	0	0	0	0	0	0	0	0	0	0	23	6	dfa	unanchored	byte-class	reverse-pass	unwrapped	none	none		0	unanchored	-1	1	663.049803	2046.11271	0.0	0.0	0.0	20.6	0.0	0.0	0.0	0.0	0.0	0.0	0.0	0.0	0.0	0.0
syntax/cls-d	default	throughput	3	1376256	1668530	1376256	1376256	1.212	0	0	0	0	172409	0	39955	0	0	0	0	0	0	0	0	212364	0	dfa	unanchored	byte-class	reverse-pass	unwrapped	none	none		0	unanchored	-1	1	1517884.594118	2352430.6875	0.0	0.0	0.0	156842.8	0.0	36347.6	0.0	0.0	0.0	0.0	0.0	0.0	0.0	0.0
syntax/cls-d	nocaps	match	42	791	54	52	791	0.068	0	0	0	0	0	0	0	0	0	0	0	0	0	0	0	0	0	dfa	unanchored	byte-class	reverse-pass	unwrapped	none	none		0	unanchored	-1	1	480.983648	1170.927977	0.0	0.0	0.0	0.0	0.0	0.0	0.0	0.0	0.0	0.0	0.0	0.0	0.0	0.0
syntax/cls-d	nocaps	search_short	42	791	740	707	704	1.051	0	0	0	0	23	0	0	0	0	0	0	0	0	0	0	23	6	dfa	unanchored	byte-class	reverse-pass	unwrapped	none	none		0	unanchored	-1	1	664.247782	2046.11271	0.0	0.0	0.0	20.6	0.0	0.0	0.0	0.0	0.0	0.0	0.0	0.0	0.0	0.0
syntax/cls-d	nocaps	throughput	3	1376256	1668530	1376256	1376256	1.212	0	0	0	0	172409	0	39955	0	0	0	0	0	0	0	0	212364	0	dfa	unanchored	byte-class	reverse-pass	unwrapped	none	none		0	unanchored	-1	1	1505476.594286	2352430.6875	0.0	0.0	0.0	155560.7	0.0	36050.5	0.0	0.0	0.0	0.0	0.0	0.0	0.0	0.0
syntax/cls-dot	default	match	42	791	50	50	791	0.063	0	0	0	0	0	0	0	0	0	0	0	0	0	0	0	0	0	dfa	unanchored	memchr	reverse-pass	unwrapped	none	none		0	unanchored	3	3	453.135475	580.195851	0.0	0.0	0.0	0.0	0.0	0.0	0.0	0.0	0.0	0.0	0.0	0.0	0.0	0.0
syntax/cls-dot	default	search_short	42	791	698	661	657	1.062	629	0	0	19	0	0	0	0	0	0	0	0	0	0	0	19	4	dfa	unanchored	memchr	reverse-pass	unwrapped	none	none		0	unanchored	3	3	526.952151	1602.973515	0.0	0.0	14.3	0.0	0.0	0.0	0.0	0.0	0.0	0.0	0.0	0.0	0.0	0.0
syntax/cls-dot	default	throughput	3	1376256	1457057	1376256	1376256	1.059	1290989	0	0	30512	0	0	7628	7628	0	0	0	0	0	0	0	38140	0	dfa	unanchored	memchr	reverse-pass	unwrapped	none	none		0	unanchored	3	3	760724.541176	444715.846296	0.0	0.0	15930.2	0.0	0.0	3982.6	3982.6	0.0	0.0	0.0	0.0	0.0	0.0	0.0
syntax/cls-dot	nocaps	match	42	791	50	50	791	0.063	0	0	0	0	0	0	0	0	0	0	0	0	0	0	0	0	0	dfa	unanchored	memchr	reverse-pass	unwrapped	none	none		0	unanchored	3	3	454.384353	580.195851	0.0	0.0	0.0	0.0	0.0	0.0	0.0	0.0	0.0	0.0	0.0	0.0	0.0	0.0
syntax/cls-dot	nocaps	search_short	42	791	698	661	657	1.062	629	0	0	19	0	0	0	0	0	0	0	0	0	0	0	19	4	dfa	unanchored	memchr	reverse-pass	unwrapped	none	none		0	unanchored	3	3	518.343248	1602.973515	0.0	0.0	14.1	0.0	0.0	0.0	0.0	0.0	0.0	0.0	0.0	0.0	0.0	0.0
syntax/cls-dot	nocaps	throughput	3	1376256	1457057	1376256	1376256	1.059	1290989	0	0	30512	0	0	7628	7628	0	0	0	0	0	0	0	38140	0	dfa	unanchored	memchr	reverse-pass	unwrapped	none	none		0	unanchored	3	3	754308.485207	444715.846296	0.0	0.0	15795.9	0.0	0.0	3949.0	3949.0	0.0	0.0	0.0	0.0	0.0	0.0	0.0
syntax/cls-fold-pair	default	match	42	791	49	49	791	0.062	0	0	0	0	0	0	0	0	0	0	0	0	0	0	0	0	0	dfa	unanchored	memchr	reverse-pass	unwrapped	634174@0/ffdfff	0		0	unanchored	3	3	453.547618	424.890804	0.0	0.0	0.0	0.0	0.0	0.0	0.0	0.0	0.0	0.0	0.0	0.0	0.0	0.0
syntax/cls-fold-pair	default	search_short	42	791	726	655	657	1.105	646	0	0	19	0	0	0	0	32	15	0	0	0	0	0	66	0	dfa	unanchored	memchr	reverse-pass	unwrapped	634174@0/ffdfff	0		0	unanchored	3	3	509.361704	1448.580222	0.0	0.0	13.3	0.0	0.0	0.0	0.0	22.5	10.5	0.0	0.0	0.0	0.0	0.0
syntax/cls-fold-pair	default	throughput	3	1376256	1536208	1376256	1376256	1.116	1368628	0	0	30512	0	0	7628	7628	91300	30512	0	0	0	0	0	159952	0	dfa	unanchored	memchr	reverse-pass	unwrapped	634174@0/ffdfff	0		0	unanchored	3	3	1334009.376344	436863.791289	0.0	0.0	26496.0	0.0	0.0	6624.0	6624.0	79282.9	26496.0	0.0	0.0	0.0	0.0	0.0
syntax/cls-fold-pair	nocaps	match	42	791	49	49	791	0.062	0	0	0	0	0	0	0	0	0	0	0	0	0	0	0	0	0	dfa	unanchored	memchr	reverse-pass	unwrapped	634174@0/ffdfff	0		0	unanchored	3	3	452.010854	424.890804	0.0	0.0	0.0	0.0	0.0	0.0	0.0	0.0	0.0	0.0	0.0	0.0	0.0	0.0
syntax/cls-fold-pair	nocaps	search_short	42	791	726	655	657	1.105	646	0	0	19	0	0	0	0	32	15	0	0	0	0	0	66	0	dfa	unanchored	memchr	reverse-pass	unwrapped	634174@0/ffdfff	0		0	unanchored	3	3	506.673798	1448.580222	0.0	0.0	13.3	0.0	0.0	0.0	0.0	22.3	10.5	0.0	0.0	0.0	0.0	0.0
syntax/cls-fold-pair	nocaps	throughput	3	1376256	1536208	1376256	1376256	1.116	1368628	0	0	30512	0	0	7628	7628	91300	30512	0	0	0	0	0	159952	0	dfa	unanchored	memchr	reverse-pass	unwrapped	634174@0/ffdfff	0		0	unanchored	3	3	1331480.883333	436863.791289	0.0	0.0	26445.7	0.0	0.0	6611.4	6611.4	79132.6	26445.7	0.0	0.0	0.0	0.0	0.0
syntax/cls-h	default	match	42	791	63	63	791	0.080	0	0	0	0	0	0	0	0	0	0	0	0	0	0	0	0	0	dfa	unanchored	memchr	reverse-pass	unwrapped	76616c7565@0	none		0	unanchored	-1	9	471.576087	1630.390346	0.0	0.0	0.0	0.0	0.0	0.0	0.0	0.0	0.0	0.0	0.0	0.0	0.0	0.0
syntax/cls-h	default	search_short	42	791	813	749	748	1.087	756	0	0	0	18	0	0	0	26	18	0	0	0	0	0	62	1	dfa	unanchored	memchr	reverse-pass	unwrapped	76616c7565@0	none		0	unanchored	-1	9	395.187625	1667.549414	0.0	0.0	0.0	8.7	0.0	0.0	0.0	12.6	8.7	0.0	0.0	0.0	0.0	0.0
syntax/cls-h	default	throughput	3	1376256	1499609	1376256	1376256	1.090	1464335	0	0	0	64	0	151	0	22490	86653	0	0	0	0	0	109358	2788	dfa	unanchored	memchr	reverse-pass	unwrapped	76616c7565@0	none		0	unanchored	-1	9	259870.687273	132216.518852	0.0	0.0	0.0	11.1	0.0	26.2	0.0	3897.3	15016.3	0.0	0.0	0.0	0.0	0.0
syntax/cls-h	nocaps	match	42	791	63	63	791	0.080	0	0	0	0	0	0	0	0	0	0	0	0	0	0	0	0	0	dfa	unanchored	memchr	reverse-pass	unwrapped	76616c7565@0	none		0	unanchored	-1	9	467.647229	1630.390346	0.0	0.0	0.0	0.0	0.0	0.0	0.0	0.0	0.0	0.0	0.0	0.0	0.0	0.0
syntax/cls-h	nocaps	search_short	42	791	813	749	748	1.087	756	0	0	0	18	0	0	0	26	18	0	0	0	0	0	62	1	dfa	unanchored	memchr	reverse-pass	unwrapped	76616c7565@0	none		0	unanchored	-1	9	396.198613	1667.549414	0.0	0.0	0.0	8.8	0.0	0.0	0.0	12.7	8.8	0.0	0.0	0.0	0.0	0.0
syntax/cls-h	nocaps	throughput	3	1376256	1499609	1376256	1376256	1.090	1464335	0	0	0	64	0	151	0	22490	86653	0	0	0	0	0	109358	2788	dfa	unanchored	memchr	reverse-pass	unwrapped	76616c7565@0	none		0	unanchored	-1	9	259854.232082	132216.518852	0.0	0.0	0.0	11.1	0.0	26.2	0.0	3897.1	15015.3	0.0	0.0	0.0	0.0	0.0
syntax/cls-i-class	default	match	42	791	57	57	791	0.072	0	0	0	0	0	0	0	0	0	0	0	0	0	0	0	0	0	dfa	unanchored	byte-class	reverse-pass	unwrapped	none	none		0	unanchored	3	3	457.987078	628.126503	0.0	0.0	0.0	0.0	0.0	0.0	0.0	0.0	0.0	0.0	0.0	0.0	0.0	0.0
syntax/cls-i-class	default	search_short	42	791	697	653	649	1.074	0	0	0	24	0	0	0	0	0	0	0	0	0	0	0	24	4	dfa	unanchored	byte-class	reverse-pass	unwrapped	none	none		0	unanchored	3	3	674.079409	1682.731407	0.0	0.0	23.2	0.0	0.0	0.0	0.0	0.0	0.0	0.0	0.0	0.0	0.0	0.0
syntax/cls-i-class	default	throughput	3	1376256	1461759	1376256	1376256	1.062	0	0	0	32248	0	0	8062	8062	0	0	0	0	0	0	0	40310	0	dfa	unanchored	byte-class	reverse-pass	unwrapped	none	none		0	unanchored	3	3	1382424.630208	926051.878676	0.0	0.0	30497.8	0.0	0.0	7624.4	7624.4	0.0	0.0	0.0	0.0	0.0	0.0	0.0
syntax/cls-i-class	nocaps	match	42	791	57	57	791	0.072	0	0	0	0	0	0	0	0	0	0	0	0	0	0	0	0	0	dfa	unanchored	byte-class	reverse-pass	unwrapped	none	none		0	unanchored	3	3	455.997164	628.126503	0.0	0.0	0.0	0.0	0.0	0.0	0.0	0.0	0.0	0.0	0.0	0.0	0.0	0.0
syntax/cls-i-class	nocaps	search_short	42	791	697	653	649	1.074	0	0	0	24	0	0	0	0	0	0	0	0	0	0	0	24	4	dfa	unanchored	byte-class	reverse-pass	unwrapped	none	none		0	unanchored	3	3	678.388644	1682.731407	0.0	0.0	23.4	0.0	0.0	0.0	0.0	0.0	0.0	0.0	0.0	0.0	0.0	0.0
syntax/cls-i-class	nocaps	throughput	3	1376256	1461759	1376256	1376256	1.062	0	0	0	32248	0	0	8062	8062	0	0	0	0	0	0	0	40310	0	dfa	unanchored	byte-class	reverse-pass	unwrapped	none	none		0	unanchored	3	3	1393658.673797	926051.878676	0.0	0.0	30745.6	0.0	0.0	7686.4	7686.4	0.0	0.0	0.0	0.0	0.0	0.0	0.0
syntax/cls-mixed-case	default	match	42	791	50	50	791	0.063	0	0	0	0	0	0	0	0	0	0	0	0	0	0	0	0	0	dfa	unanchored	memchr	reverse-pass	unwrapped	none	none		0	unanchored	3	3	445.259684	425.248221	0.0	0.0	0.0	0.0	0.0	0.0	0.0	0.0	0.0	0.0	0.0	0.0	0.0	0.0
syntax/cls-mixed-case	default	search_short	42	791	698	661	657	1.062	630	0	0	19	0	0	0	0	0	0	0	0	0	0	0	19	4	dfa	unanchored	memchr	reverse-pass	unwrapped	none	none		0	unanchored	3	3	515.935359	1640.47726	0.0	0.0	14.0	0.0	0.0	0.0	0.0	0.0	0.0	0.0	0.0	0.0	0.0	0.0
syntax/cls-mixed-case	default	throughput	3	1376256	1457057	1376256	1376256	1.059	1291698	0	0	30512	0	0	7628	7628	0	0	0	0	0	0	0	38140	0	dfa	unanchored	memchr	reverse-pass	unwrapped	none	none		0	unanchored	3	3	766680.833333	1135201.151163	0.0	0.0	16054.9	0.0	0.0	4013.7	4013.7	0.0	0.0	0.0	0.0	0.0	0.0	0.0
syntax/cls-mixed-case	nocaps	match	42	791	50	50	791	0.063	0	0	0	0	0	0	0	0	0	0	0	0	0	0	0	0	0	dfa	unanchored	memchr	reverse-pass	unwrapped	none	none		0	unanchored	3	3	448.15983	425.248221	0.0	0.0	0.0	0.0	0.0	0.0	0.0	0.0	0.0	0.0	0.0	0.0	0.0	0.0
syntax/cls-mixed-case	nocaps	search_short	42	791	698	661	657	1.062	630	0	0	19	0	0	0	0	0	0	0	0	0	0	0	19	4	dfa	unanchored	memchr	reverse-pass	unwrapped	none	none		0	unanchored	3	3	517.079576	1640.47726	0.0	0.0	14.1	0.0	0.0	0.0	0.0	0.0	0.0	0.0	0.0	0.0	0.0	0.0
syntax/cls-mixed-case	nocaps	throughput	3	1376256	1457057	1376256	1376256	1.059	1291698	0	0	30512	0	0	7628	7628	0	0	0	0	0	0	0	38140	0	dfa	unanchored	memchr	reverse-pass	unwrapped	none	none		0	unanchored	3	3	759395.059649	1135201.151163	0.0	0.0	15902.4	0.0	0.0	3975.6	3975.6	0.0	0.0	0.0	0.0	0.0	0.0	0.0
syntax/cls-n-uc	default	match	42	791	69	69	791	0.087	0	0	0	0	0	0	0	0	0	0	0	0	0	0	0	0	0	dfa	unanchored	offset-set	reverse-pass	unwrapped	6974@0	0		0	unanchored	4	4	463.067084	1772.614442	0.0	0.0	0.0	0.0	0.0	0.0	0.0	0.0	0.0	0.0	0.0	0.0	0.0	0.0
syntax/cls-n-uc	default	search_short	42	791	1081	719	711	1.520	990	0	0	38	0	0	0	0	221	82	0	0	0	0	0	341	9	dfa	unanchored	offset-set	reverse-pass	unwrapped	6974@0	0		0	unanchored	4	4	593.630879	1761.93306	0.0	0.0	20.9	0.0	0.0	0.0	0.0	121.4	45.0	0.0	0.0	0.0	0.0	0.0
syntax/cls-n-uc	default	throughput	3	1376256	1648311	1375246	1376256	1.198	1599519	0	0	17965	0	0	3593	3593	212117	16392	0	0	0	0	0	250067	12244	dfa	unanchored	offset-set	reverse-pass	unwrapped	6974@0	0		0	unanchored	4	4	828627.534884	300585.922977	0.0	0.0	9031.2	0.0	0.0	1806.2	1806.2	106634.0	8240.5	0.0	0.0	0.0	0.0	0.0
syntax/cls-n-uc	nocaps	match	42	791	69	69	791	0.087	0	0	0	0	0	0	0	0	0	0	0	0	0	0	0	0	0	dfa	unanchored	offset-set	reverse-pass	unwrapped	6974@0	0		0	unanchored	4	4	468.358483	1772.614442	0.0	0.0	0.0	0.0	0.0	0.0	0.0	0.0	0.0	0.0	0.0	0.0	0.0	0.0
syntax/cls-n-uc	nocaps	search_short	42	791	1081	719	711	1.520	990	0	0	38	0	0	0	0	221	82	0	0	0	0	0	341	9	dfa	unanchored	offset-set	reverse-pass	unwrapped	6974@0	0		0	unanchored	4	4	597.375577	1761.93306	0.0	0.0	21.0	0.0	0.0	0.0	0.0	122.1	45.3	0.0	0.0	0.0	0.0	0.0
syntax/cls-n-uc	nocaps	throughput	3	1376256	1648311	1375246	1376256	1.198	1599519	0	0	17965	0	0	3593	3593	212117	16392	0	0	0	0	0	250067	12244	dfa	unanchored	offset-set	reverse-pass	unwrapped	6974@0	0		0	unanchored	4	4	830688.483333	300585.922977	0.0	0.0	9053.7	0.0	0.0	1810.7	1810.7	106899.2	8261.0	0.0	0.0	0.0	0.0	0.0
syntax/cls-negset	default	match	42	791	46	46	791	0.058	0	0	0	0	0	0	0	0	0	0	0	0	0	0	0	0	0	dfa	unanchored	memchr	reverse-pass	unwrapped	none	none		0	unanchored	3	3	440.405391	479.35066	0.0	0.0	0.0	0.0	0.0	0.0	0.0	0.0	0.0	0.0	0.0	0.0	0.0	0.0
syntax/cls-negset	default	search_short	42	791	795	771	770	1.032	750	0	0	4	0	0	0	0	0	0	0	0	0	0	0	4	1	dfa	unanchored	memchr	reverse-pass	unwrapped	none	none		0	unanchored	3	3	492.464841	1721.463097	0.0	0.0	2.5	0.0	0.0	0.0	0.0	0.0	0.0	0.0	0.0	0.0	0.0	0.0
syntax/cls-negset	default	throughput	3	1376256	1418908	1376256	1376256	1.031	1315643	0	0	0	0	0	0	0	0	0	0	0	0	0	0	0	0	dfa	unanchored	memchr	reverse-pass	unwrapped	none	none		0	unanchored	3	3	744783.363914	962714.120192	0.0	0.0	0.0	0.0	0.0	0.0	0.0	0.0	0.0	0.0	0.0	0.0	0.0	0.0
syntax/cls-negset	nocaps	match	42	791	46	46	791	0.058	0	0	0	0	0	0	0	0	0	0	0	0	0	0	0	0	0	dfa	unanchored	memchr	reverse-pass	unwrapped	none	none		0	unanchored	3	3	453.965335	479.35066	0.0	0.0	0.0	0.0	0.0	0.0	0.0	0.0	0.0	0.0	0.0	0.0	0.0	0.0
syntax/cls-negset	nocaps	search_short	42	791	795	771	770	1.032	750	0	0	4	0	0	0	0	0	0	0	0	0	0	0	4	1	dfa	unanchored	memchr	reverse-pass	unwrapped	none	none		0	unanchored	3	3	485.59698	1721.463097	0.0	0.0	2.4	0.0	0.0	0.0	0.0	0.0	0.0	0.0	0.0	0.0	0.0	0.0
syntax/cls-negset	nocaps	throughput	3	1376256	1418908	1376256	1376256	1.031	1315643	0	0	0	0	0	0	0	0	0	0	0	0	0	0	0	0	dfa	unanchored	memchr	reverse-pass	unwrapped	none	none		0	unanchored	3	3	744504.170819	962714.120192	0.0	0.0	0.0	0.0	0.0	0.0	0.0	0.0	0.0	0.0	0.0	0.0	0.0	0.0
syntax/cls-pair-ctl	default	match	42	791	49	49	791	0.062	0	0	0	0	0	0	0	0	0	0	0	0	0	0	0	0	0	dfa	unanchored	memchr	reverse-pass	unwrapped	636174@0/fffdff	0		0	unanchored	3	3	459.076385	424.550409	0.0	0.0	0.0	0.0	0.0	0.0	0.0	0.0	0.0	0.0	0.0	0.0	0.0	0.0
syntax/cls-pair-ctl	default	search_short	42	791	726	655	657	1.105	646	0	0	19	0	0	0	0	32	15	0	0	0	0	0	66	0	dfa	unanchored	memchr	reverse-pass	unwrapped	636174@0/fffdff	0		0	unanchored	3	3	513.707265	1442.828417	0.0	0.0	13.4	0.0	0.0	0.0	0.0	22.6	10.6	0.0	0.0	0.0	0.0	0.0
syntax/cls-pair-ctl	default	throughput	3	1376256	1536208	1376256	1376256	1.116	1368628	0	0	30512	0	0	7628	7628	91300	30512	0	0	0	0	0	159952	0	dfa	unanchored	memchr	reverse-pass	unwrapped	636174@0/fffdff	0		0	unanchored	3	3	1329745.924731	647727.455041	0.0	0.0	26411.3	0.0	0.0	6602.8	6602.8	79029.5	26411.3	0.0	0.0	0.0	0.0	0.0
syntax/cls-pair-ctl	nocaps	match	42	791	49	49	791	0.062	0	0	0	0	0	0	0	0	0	0	0	0	0	0	0	0	0	dfa	unanchored	memchr	reverse-pass	unwrapped	636174@0/fffdff	0		0	unanchored	3	3	452.394118	424.550409	0.0	0.0	0.0	0.0	0.0	0.0	0.0	0.0	0.0	0.0	0.0	0.0	0.0	0.0
syntax/cls-pair-ctl	nocaps	search_short	42	791	726	655	657	1.105	646	0	0	19	0	0	0	0	32	15	0	0	0	0	0	66	0	dfa	unanchored	memchr	reverse-pass	unwrapped	636174@0/fffdff	0		0	unanchored	3	3	507.87464	1442.828417	0.0	0.0	13.3	0.0	0.0	0.0	0.0	22.4	10.5	0.0	0.0	0.0	0.0	0.0
syntax/cls-pair-ctl	nocaps	throughput	3	1376256	1536208	1376256	1376256	1.116	1368628	0	0	30512	0	0	7628	7628	91300	30512	0	0	0	0	0	159952	0	dfa	unanchored	memchr	reverse-pass	unwrapped	636174@0/fffdff	0		0	unanchored	3	3	1331477.365591	647727.455041	0.0	0.0	26445.7	0.0	0.0	6611.4	6611.4	79132.4	26445.7	0.0	0.0	0.0	0.0	0.0
syntax/cls-posix	default	match	42	791	205	183	791	0.259	0	0	0	0	0	0	0	0	0	0	0	0	0	0	0	0	0	dfa	unanchored	byte-class	reverse-pass	unwrapped	none	none		0	unanchored	-1	1	626.346128	2158.281132	0.0	0.0	0.0	0.0	0.0	0.0	0.0	0.0	0.0	0.0	0.0	0.0	0.0	0.0
syntax/cls-posix	default	search_short	42	791	450	216	189	2.381	0	0	0	0	170	0	0	0	0	0	0	0	0	0	0	170	54	dfa	unanchored	byte-class	reverse-pass	unwrapped	none	none		0	unanchored	-1	1	755.852251	1804.607982	0.0	0.0	0.0	285.5	0.0	0.0	0.0	0.0	0.0	0.0	0.0	0.0	0.0	0.0
syntax/cls-posix	default	throughput	3	1376256	3557233	1376256	1376256	2.585	0	0	0	0	1445794	0	245060	0	0	0	0	0	0	0	0	1690854	0	dfa	unanchored	byte-class	reverse-pass	unwrapped	none	none		0	unanchored	-1	1	6564474.146341	11395144.125	0.0	0.0	0.0	2668050.5	0.0	452230.7	0.0	0.0	0.0	0.0	0.0	0.0	0.0	0.0
syntax/cls-posix	nocaps	match	42	791	205	183	791	0.259	0	0	0	0	0	0	0	0	0	0	0	0	0	0	0	0	0	dfa	unanchored	byte-class	reverse-pass	unwrapped	none	none		0	unanchored	-1	1	645.526218	2158.281132	0.0	0.0	0.0	0.0	0.0	0.0	0.0	0.0	0.0	0.0	0.0	0.0	0.0	0.0
syntax/cls-posix	nocaps	search_short	42	791	450	216	189	2.381	0	0	0	0	170	0	0	0	0	0	0	0	0	0	0	170	54	dfa	unanchored	byte-class	reverse-pass	unwrapped	none	none		0	unanchored	-1	1	755.273934	1804.607982	0.0	0.0	0.0	285.3	0.0	0.0	0.0	0.0	0.0	0.0	0.0	0.0	0.0	0.0
syntax/cls-posix	nocaps	throughput	3	1376256	3557233	1376256	1376256	2.585	0	0	0	0	1445794	0	245060	0	0	0	0	0	0	0	0	1690854	0	dfa	unanchored	byte-class	reverse-pass	unwrapped	none	none		0	unanchored	-1	1	6570013.974359	11395144.125	0.0	0.0	0.0	2670302.1	0.0	452612.4	0.0	0.0	0.0	0.0	0.0	0.0	0.0	0.0
syntax/cls-range	default	match	42	791	42	42	791	0.053	0	0	0	0	0	0	0	0	0	0	0	0	0	0	0	0	0	dfa	unanchored	offset-set	reverse-pass	unwrapped	3078@1	none		0	unanchored	-1	3	452.039277	926.503349	0.0	0.0	0.0	0.0	0.0	0.0	0.0	0.0	0.0	0.0	0.0	0.0	0.0	0.0
syntax/cls-range	default	search_short	42	791	753	740	780	0.965	736	0	0	0	5	0	0	0	0	0	0	0	0	0	0	5	0	dfa	unanchored	offset-set	reverse-pass	unwrapped	3078@1	none		0	unanchored	-1	3	418.489871	1432.721449	0.0	0.0	0.0	2.8	0.0	0.0	0.0	0.0	0.0	0.0	0.0	0.0	0.0	0.0
syntax/cls-range	default	throughput	3	1376256	1423336	1376253	1376256	1.034	1357097	0	0	0	26926	0	3885	0	0	0	0	0	0	0	0	30811	8489	dfa	unanchored	offset-set	reverse-pass	unwrapped	3078@1	none		0	unanchored	-1	3	247256.552954	273220.995772	0.0	0.0	0.0	4677.5	0.0	674.9	0.0	0.0	0.0	0.0	0.0	0.0	0.0	0.0
syntax/cls-range	nocaps	match	42	791	42	42	791	0.053	0	0	0	0	0	0	0	0	0	0	0	0	0	0	0	0	0	dfa	unanchored	offset-set	reverse-pass	unwrapped	3078@1	none		0	unanchored	-1	3	439.927306	926.503349	0.0	0.0	0.0	0.0	0.0	0.0	0.0	0.0	0.0	0.0	0.0	0.0	0.0	0.0
syntax/cls-range	nocaps	search_short	42	791	753	740	780	0.965	736	0	0	0	5	0	0	0	0	0	0	0	0	0	0	5	0	dfa	unanchored	offset-set	reverse-pass	unwrapped	3078@1	none		0	unanchored	-1	3	418.692759	1432.721449	0.0	0.0	0.0	2.8	0.0	0.0	0.0	0.0	0.0	0.0	0.0	0.0	0.0	0.0
syntax/cls-range	nocaps	throughput	3	1376256	1423336	1376253	1376256	1.034	1357097	0	0	0	26926	0	3885	0	0	0	0	0	0	0	0	30811	8489	dfa	unanchored	offset-set	reverse-pass	unwrapped	3078@1	none		0	unanchored	-1	3	246916.172754	273220.995772	0.0	0.0	0.0	4671.0	0.0	674.0	0.0	0.0	0.0	0.0	0.0	0.0	0.0	0.0
syntax/cls-s-lc	default	match	42	791	49	49	791	0.062	0	0	0	0	0	0	0	0	0	0	0	0	0	0	0	0	0	dfa	unanchored	memchr	reverse-pass	unwrapped	736174@0	none		0	unanchored	-1	7	458.734463	686.683436	0.0	0.0	0.0	0.0	0.0	0.0	0.0	0.0	0.0	0.0	0.0	0.0	0.0	0.0
syntax/cls-s-lc	default	search_short	42	791	991	726	725	1.367	955	0	0	0	8	0	0	0	245	7	0	0	0	0	0	260	5	dfa	unanchored	memchr	reverse-pass	unwrapped	736174@0	none		0	unanchored	-1	7	400.678776	1252.941095	0.0	0.0	0.0	3.2	0.0	0.0	0.0	99.1	2.8	0.0	0.0	0.0	0.0	0.0
syntax/cls-s-lc	default	throughput	3	1376256	1437122	1376256	1376256	1.044	1330819	0	0	0	0	0	13	0	1611	15948	0	0	0	0	0	17572	853	dfa	unanchored	memchr	reverse-pass	unwrapped	736174@0	none		0	unanchored	-1	7	726168.006173	286720.317979	0.0	0.0	0.0	0.0	0.0	6.6	0.0	814.0	8058.4	0.0	0.0	0.0	0.0	0.0
syntax/cls-s-lc	nocaps	match	42	791	49	49	791	0.062	0	0	0	0	0	0	0	0	0	0	0	0	0	0	0	0	0	dfa	unanchored	memchr	reverse-pass	unwrapped	736174@0	none		0	unanchored	-1	7	457.371499	686.683436	0.0	0.0	0.0	0.0	0.0	0.0	0.0	0.0	0.0	0.0	0.0	0.0	0.0	0.0
syntax/cls-s-lc	nocaps	search_short	42	791	991	726	725	1.367	955	0	0	0	8	0	0	0	245	7	0	0	0	0	0	260	5	dfa	unanchored	memchr	reverse-pass	unwrapped	736174@0	none		0	unanchored	-1	7	400.578203	1252.941095	0.0	0.0	0.0	3.2	0.0	0.0	0.0	99.0	2.8	0.0	0.0	0.0	0.0	0.0
syntax/cls-s-lc	nocaps	throughput	3	1376256	1437122	1376256	1376256	1.044	1330819	0	0	0	0	0	13	0	1611	15948	0	0	0	0	0	17572	853	dfa	unanchored	memchr	reverse-pass	unwrapped	736174@0	none		0	unanchored	-1	7	726248.5	286720.317979	0.0	0.0	0.0	0.0	0.0	6.6	0.0	814.1	8059.3	0.0	0.0	0.0	0.0	0.0
syntax/cls-s-uc	default	match	42	791	282	264	791	0.357	0	0	0	0	0	0	0	0	0	0	0	0	0	0	0	0	0	dfa	unanchored	byte-class	reverse-pass	unwrapped	none	none		0	unanchored	-1	3	742.230522	1268.134456	0.0	0.0	0.0	0.0	0.0	0.0	0.0	0.0	0.0	0.0	0.0	0.0	0.0	0.0
syntax/cls-s-uc	default	search_short	42	791	840	761	760	1.105	749	0	0	0	0	0	0	0	0	44	0	0	0	0	47	47	25	dfa	unanchored	byte-class	reverse-pass	unwrapped	none	none		0	unanchored	-1	3	376.345084	1740.570903	0.0	0.0	0.0	0.0	0.0	0.0	0.0	0.0	19.7	0.0	0.0	0.0	0.0	21.1
syntax/cls-s-uc	default	throughput	3	1376256	3255954	1376256	1376256	2.366	1333521	0	0	0	0	0	3885	0	0	1332119	0	0	0	0	1536364	1540249	103088	dfa	unanchored	byte-class	reverse-pass	unwrapped	none	none		0	unanchored	-1	3	2996566.477273	2871149.174419	0.0	0.0	0.0	0.0	0.0	3575.5	0.0	0.0	1225994.9	0.0	0.0	0.0	0.0	1413968.6
syntax/cls-s-uc	nocaps	match	42	791	282	264	791	0.357	0	0	0	0	0	0	0	0	0	0	0	0	0	0	0	0	0	dfa	unanchored	byte-class	reverse-pass	unwrapped	none	none		0	unanchored	-1	3	744.659144	1268.134456	0.0	0.0	0.0	0.0	0.0	0.0	0.0	0.0	0.0	0.0	0.0	0.0	0.0	0.0
syntax/cls-s-uc	nocaps	search_short	42	791	840	761	760	1.105	749	0	0	0	0	0	0	0	0	44	0	0	0	0	47	47	25	dfa	unanchored	byte-class	reverse-pass	unwrapped	none	none		0	unanchored	-1	3	376.470117	1740.570903	0.0	0.0	0.0	0.0	0.0	0.0	0.0	0.0	19.7	0.0	0.0	0.0	0.0	21.1
syntax/cls-s-uc	nocaps	throughput	3	1376256	3255954	1376256	1376256	2.366	1333521	0	0	0	0	0	3885	0	0	1332119	0	0	0	0	1536364	1540249	103088	dfa	unanchored	byte-class	reverse-pass	unwrapped	none	none		0	unanchored	-1	3	2986249.229885	2871149.174419	0.0	0.0	0.0	0.0	0.0	3563.2	0.0	0.0	1221773.8	0.0	0.0	0.0	0.0	1409100.3
syntax/cls-v	default	match	42	791	78	78	791	0.099	0	0	0	0	0	0	0	0	0	0	0	0	0	0	0	0	0	dfa	unanchored	offset-set	reverse-pass	unwrapped	646f6e65@0	none		0	unanchored	-1	9	487.641971	1902.847023	0.0	0.0	0.0	0.0	0.0	0.0	0.0	0.0	0.0	0.0	0.0	0.0	0.0	0.0
syntax/cls-v	default	search_short	42	791	1274	791	791	1.611	1191	0	0	0	19	0	0	0	307	118	0	0	0	0	0	444	15	dfa	unanchored	offset-set	reverse-pass	unwrapped	646f6e65@0	none		0	unanchored	-1	9	566.889975	1692.847143	0.0	0.0	0.0	8.5	0.0	0.0	0.0	136.6	52.5	0.0	0.0	0.0	0.0	0.0
syntax/cls-v	default	throughput	3	1376256	1412152	1365822	1376256	1.026	1363348	0	0	0	0	0	2	0	284	1534	0	0	0	0	0	1820	19504	dfa	unanchored	offset-set	reverse-pass	unwrapped	646f6e65@0	none		0	unanchored	-1	9	438921.060662	170296.328405	0.0	0.0	0.0	0.0	0.0	0.6	0.0	88.3	476.8	0.0	0.0	0.0	0.0	0.0
syntax/cls-v	nocaps	match	42	791	78	78	791	0.099	0	0	0	0	0	0	0	0	0	0	0	0	0	0	0	0	0	dfa	unanchored	offset-set	reverse-pass	unwrapped	646f6e65@0	none		0	unanchored	-1	9	480.847017	1902.847023	0.0	0.0	0.0	0.0	0.0	0.0	0.0	0.0	0.0	0.0	0.0	0.0	0.0	0.0
syntax/cls-v	nocaps	search_short	42	791	1274	791	791	1.611	1191	0	0	0	19	0	0	0	307	118	0	0	0	0	0	444	15	dfa	unanchored	offset-set	reverse-pass	unwrapped	646f6e65@0	none		0	unanchored	-1	9	567.141575	1692.847143	0.0	0.0	0.0	8.5	0.0	0.0	0.0	136.7	52.5	0.0	0.0	0.0	0.0	0.0
syntax/cls-v	nocaps	throughput	3	1376256	1412152	1365822	1376256	1.026	1363348	0	0	0	0	0	2	0	284	1534	0	0	0	0	0	1820	19504	dfa	unanchored	offset-set	reverse-pass	unwrapped	646f6e65@0	none		0	unanchored	-1	9	438894.332717	170296.328405	0.0	0.0	0.0	0.0	0.0	0.6	0.0	88.3	476.8	0.0	0.0	0.0	0.0	0.0
syntax/cls-w	default	match	42	791	220	197	791	0.278	0	0	0	0	0	0	0	0	0	0	0	0	0	0	0	0	0	dfa	unanchored	byte-class	reverse-pass	unwrapped	none	none		0	unanchored	-1	1	649.7259	2477.599947	0.0	0.0	0.0	0.0	0.0	0.0	0.0	0.0	0.0	0.0	0.0	0.0	0.0	0.0
syntax/cls-w	default	search_short	42	791	474	213	185	2.562	0	0	0	0	191	0	0	0	0	0	0	0	0	0	0	191	56	dfa	unanchored	byte-class	reverse-pass	unwrapped	none	none		0	unanchored	-1	1	799.329394	1971.475056	0.0	0.0	0.0	322.1	0.0	0.0	0.0	0.0	0.0	0.0	0.0	0.0	0.0	0.0
syntax/cls-w	default	throughput	3	1376256	3792177	1376256	1376256	2.755	0	0	0	0	1595271	0	273549	0	0	0	0	0	0	0	0	1868820	0	dfa	unanchored	byte-class	reverse-pass	unwrapped	none	none		0	unanchored	-1	1	7089639.27027	12821050.47619	0.0	0.0	0.0	2982428.3	0.0	511411.7	0.0	0.0	0.0	0.0	0.0	0.0	0.0	0.0
syntax/cls-w	nocaps	match	42	791	220	197	791	0.278	0	0	0	0	0	0	0	0	0	0	0	0	0	0	0	0	0	dfa	unanchored	byte-class	reverse-pass	unwrapped	none	none		0	unanchored	-1	1	642.659002	2477.599947	0.0	0.0	0.0	0.0	0.0	0.0	0.0	0.0	0.0	0.0	0.0	0.0	0.0	0.0
syntax/cls-w	nocaps	search_short	42	791	474	213	185	2.562	0	0	0	0	191	0	0	0	0	0	0	0	0	0	0	191	56	dfa	unanchored	byte-class	reverse-pass	unwrapped	none	none		0	unanchored	-1	1	807.042572	1971.475056	0.0	0.0	0.0	325.2	0.0	0.0	0.0	0.0	0.0	0.0	0.0	0.0	0.0	0.0
syntax/cls-w	nocaps	throughput	3	1376256	3792177	1376256	1376256	2.755	0	0	0	0	1595271	0	273549	0	0	0	0	0	0	0	0	1868820	0	dfa	unanchored	byte-class	reverse-pass	unwrapped	none	none		0	unanchored	-1	1	7165741.972973	12821050.47619	0.0	0.0	0.0	3014442.7	0.0	516901.4	0.0	0.0	0.0	0.0	0.0	0.0	0.0	0.0
syntax/esc-cr	default	match	42	791	74	74	791	0.094	0	0	0	0	0	0	0	0	0	0	0	0	0	0	0	0	0	dfa	unanchored	run-pinned	reverse-pass	unwrapped	74656d0d0a646f6e@3	none		0	unanchored	10	10	462.741041	417.541182	0.0	0.0	0.0	0.0	0.0	0.0	0.0	0.0	0.0	0.0	0.0	0.0	0.0	0.0
syntax/esc-cr	default	search_short	42	791	637	615	791	0.805	614	0	0	10	0	0	0	0	0	0	0	0	0	0	0	10	0	dfa	unanchored	run-pinned	reverse-pass	unwrapped	74656d0d0a646f6e@3	none		0	unanchored	10	10	332.839447	516.994923	0.0	0.0	5.2	0.0	0.0	0.0	0.0	0.0	0.0	0.0	0.0	0.0	0.0	0.0
syntax/esc-cr	default	throughput	3	1376256	1376244	1376244	1376256	1.000	1376244	0	0	0	0	0	0	0	0	0	0	0	0	0	0	0	0	dfa	unanchored	run-pinned	reverse-pass	unwrapped	74656d0d0a646f6e@3	none		0	unanchored	10	10	23145.19634	49841.221996	0.0	0.0	0.0	0.0	0.0	0.0	0.0	0.0	0.0	0.0	0.0	0.0	0.0	0.0
syntax/esc-cr	nocaps	match	42	791	74	74	791	0.094	0	0	0	0	0	0	0	0	0	0	0	0	0	0	0	0	0	dfa	unanchored	run-pinned	reverse-pass	unwrapped	74656d0d0a646f6e@3	none		0	unanchored	10	10	457.511947	417.541182	0.0	0.0	0.0	0.0	0.0	0.0	0.0	0.0	0.0	0.0	0.0	0.0	0.0	0.0
syntax/esc-cr	nocaps	search_short	42	791	637	615	791	0.805	614	0	0	10	0	0	0	0	0	0	0	0	0	0	0	10	0	dfa	unanchored	run-pinned	reverse-pass	unwrapped	74656d0d0a646f6e@3	none		0	unanchored	10	10	337.433512	516.994923	0.0	0.0	5.3	0.0	0.0	0.0	0.0	0.0	0.0	0.0	0.0	0.0	0.0	0.0
syntax/esc-cr	nocaps	throughput	3	1376256	1376244	1376244	1376256	1.000	1376244	0	0	0	0	0	0	0	0	0	0	0	0	0	0	0	0	dfa	unanchored	run-pinned	reverse-pass	unwrapped	74656d0d0a646f6e@3	none		0	unanchored	10	10	23151.922807	49841.221996	0.0	0.0	0.0	0.0	0.0	0.0	0.0	0.0	0.0	0.0	0.0	0.0	0.0	0.0
syntax/esc-hex	default	match	42	791	49	49	791	0.062	0	0	0	0	0	0	0	0	0	0	0	0	0	0	0	0	0	dfa	unanchored	run-pinned	reverse-pass	unwrapped	636174@0	none		0	unanchored	3	3	437.654859	423.270305	0.0	0.0	0.0	0.0	0.0	0.0	0.0	0.0	0.0	0.0	0.0	0.0	0.0	0.0
syntax/esc-hex	default	search_short	42	791	721	655	657	1.097	641	0	0	19	0	0	0	0	0	0	0	0	0	0	0	19	30	dfa	unanchored	run-pinned	reverse-pass	unwrapped	636174@0	none		0	unanchored	3	3	469.738638	1021.002736	0.0	0.0	12.4	0.0	0.0	0.0	0.0	0.0	0.0	0.0	0.0	0.0	0.0	0.0
syntax/esc-hex	default	throughput	3	1376256	1528580	1376256	1376256	1.111	1361000	0	0	30512	0	0	7628	7628	0	0	0	0	0	0	0	38140	83672	dfa	unanchored	run-pinned	reverse-pass	unwrapped	636174@0	none		0	unanchored	3	3	678204.240896	345567.233766	0.0	0.0	13537.6	0.0	0.0	3384.4	3384.4	0.0	0.0	0.0	0.0	0.0	0.0	0.0
syntax/esc-hex	nocaps	match	42	791	49	49	791	0.062	0	0	0	0	0	0	0	0	0	0	0	0	0	0	0	0	0	dfa	unanchored	run-pinned	reverse-pass	unwrapped	636174@0	none		0	unanchored	3	3	434.284786	423.270305	0.0	0.0	0.0	0.0	0.0	0.0	0.0	0.0	0.0	0.0	0.0	0.0	0.0	0.0
syntax/esc-hex	nocaps	search_short	42	791	721	655	657	1.097	641	0	0	19	0	0	0	0	0	0	0	0	0	0	0	19	30	dfa	unanchored	run-pinned	reverse-pass	unwrapped	636174@0	none		0	unanchored	3	3	468.702518	1021.002736	0.0	0.0	12.4	0.0	0.0	0.0	0.0	0.0	0.0	0.0	0.0	0.0	0.0	0.0
syntax/esc-hex	nocaps	throughput	3	1376256	1528580	1376256	1376256	1.111	1361000	0	0	30512	0	0	7628	7628	0	0	0	0	0	0	0	38140	83672	dfa	unanchored	run-pinned	reverse-pass	unwrapped	636174@0	none		0	unanchored	3	3	679011.365994	345567.233766	0.0	0.0	13553.8	0.0	0.0	3388.4	3388.4	0.0	0.0	0.0	0.0	0.0	0.0	0.0
syntax/esc-hex-braced	default	match	42	791	52	52	791	0.066	0	0	0	0	0	0	0	0	0	0	0	0	0	0	0	0	0	dfa	unanchored	run-pinned	reverse-pass	unwrapped	636166e9@3	none		0	unanchored	4	4	443.814074	1422.709641	0.0	0.0	0.0	0.0	0.0	0.0	0.0	0.0	0.0	0.0	0.0	0.0	0.0	0.0
syntax/esc-hex-braced	default	search_short	42	791	668	650	767	0.871	651	0	0	8	0	0	0	0	0	0	0	0	0	0	0	8	0	dfa	unanchored	run-pinned	reverse-pass	unwrapped	636166e9@3	none		0	unanchored	4	4	359.210569	1568.208087	0.0	0.0	4.3	0.0	0.0	0.0	0.0	0.0	0.0	0.0	0.0	0.0	0.0	0.0
syntax/esc-hex-braced	default	throughput	3	1376256	1379569	1375739	1376256	1.002	1377029	0	0	1270	0	0	254	254	0	0	0	0	0	0	0	1524	773	dfa	unanchored	run-pinned	reverse-pass	unwrapped	636166e9@3	none		0	unanchored	4	4	38858.031279	274710.993557	0.0	0.0	35.8	0.0	0.0	7.2	7.2	0.0	0.0	0.0	0.0	0.0	0.0	0.0
syntax/esc-hex-braced	nocaps	match	42	791	52	52	791	0.066	0	0	0	0	0	0	0	0	0	0	0	0	0	0	0	0	0	dfa	unanchored	run-pinned	reverse-pass	unwrapped	636166e9@3	none		0	unanchored	4	4	437.39524	1422.709641	0.0	0.0	0.0	0.0	0.0	0.0	0.0	0.0	0.0	0.0	0.0	0.0	0.0	0.0
syntax/esc-hex-braced	nocaps	search_short	42	791	668	650	767	0.871	651	0	0	8	0	0	0	0	0	0	0	0	0	0	0	8	0	dfa	unanchored	run-pinned	reverse-pass	unwrapped	636166e9@3	none		0	unanchored	4	4	359.317837	1568.208087	0.0	0.0	4.3	0.0	0.0	0.0	0.0	0.0	0.0	0.0	0.0	0.0	0.0	0.0
syntax/esc-hex-braced	nocaps	throughput	3	1376256	1379569	1375739	1376256	1.002	1377029	0	0	1270	0	0	254	254	0	0	0	0	0	0	0	1524	773	dfa	unanchored	run-pinned	reverse-pass	unwrapped	636166e9@3	none		0	unanchored	4	4	38969.237106	274710.993557	0.0	0.0	35.9	0.0	0.0	7.2	7.2	0.0	0.0	0.0	0.0	0.0	0.0	0.0
syntax/esc-nl	default	match	42	791	73	73	791	0.092	0	0	0	0	0	0	0	0	0	0	0	0	0	0	0	0	0	dfa	unanchored	run-pinned	reverse-pass	unwrapped	6974656d0a646f6e@4	none		0	unanchored	9	9	474.332824	429.542579	0.0	0.0	0.0	0.0	0.0	0.0	0.0	0.0	0.0	0.0	0.0	0.0	0.0	0.0
syntax/esc-nl	default	search_short	42	791	647	625	791	0.818	629	0	0	9	0	0	0	0	0	0	0	0	0	0	0	9	0	dfa	unanchored	run-pinned	reverse-pass	unwrapped	6974656d0a646f6e@4	none		0	unanchored	9	9	348.76209	566.978543	0.0	0.0	4.9	0.0	0.0	0.0	0.0	0.0	0.0	0.0	0.0	0.0	0.0	0.0
syntax/esc-nl	default	throughput	3	1376256	1405684	1376238	1376256	1.021	1405644	0	0	20	0	0	2	2	0	0	0	0	0	0	0	22	29390	dfa	unanchored	run-pinned	reverse-pass	unwrapped	6974656d0a646f6e@4	none		0	unanchored	9	9	330275.771198	71370.735618	0.0	0.0	4.7	0.0	0.0	0.5	0.5	0.0	0.0	0.0	0.0	0.0	0.0	0.0
syntax/esc-nl	nocaps	match	42	791	73	73	791	0.092	0	0	0	0	0	0	0	0	0	0	0	0	0	0	0	0	0	dfa	unanchored	run-pinned	reverse-pass	unwrapped	6974656d0a646f6e@4	none		0	unanchored	9	9	478.614343	429.542579	0.0	0.0	0.0	0.0	0.0	0.0	0.0	0.0	0.0	0.0	0.0	0.0	0.0	0.0
syntax/esc-nl	nocaps	search_short	42	791	647	625	791	0.818	629	0	0	9	0	0	0	0	0	0	0	0	0	0	0	9	0	dfa	unanchored	run-pinned	reverse-pass	unwrapped	6974656d0a646f6e@4	none		0	unanchored	9	9	349.102419	566.978543	0.0	0.0	4.9	0.0	0.0	0.0	0.0	0.0	0.0	0.0	0.0	0.0	0.0	0.0
syntax/esc-nl	nocaps	throughput	3	1376256	1405684	1376238	1376256	1.021	1405644	0	0	20	0	0	2	2	0	0	0	0	0	0	0	22	29390	dfa	unanchored	run-pinned	reverse-pass	unwrapped	6974656d0a646f6e@4	none		0	unanchored	9	9	330724.013133	71370.735618	0.0	0.0	4.7	0.0	0.0	0.5	0.5	0.0	0.0	0.0	0.0	0.0	0.0	0.0
syntax/esc-octal-0	default	match	42	791	80	80	791	0.101	0	0	0	0	0	0	0	0	0	0	0	0	0	0	0	0	0	dfa	unanchored	run-pinned	reverse-pass	unwrapped	6974656d20646f6e@3	none		0	unanchored	9	9	480.311307	1714.113381	0.0	0.0	0.0	0.0	0.0	0.0	0.0	0.0	0.0	0.0	0.0	0.0	0.0	0.0
syntax/esc-octal-0	default	search_short	42	791	730	660	790	0.924	693	0	0	18	0	0	0	0	0	0	0	0	0	0	0	18	0	dfa	unanchored	run-pinned	reverse-pass	unwrapped	6974656d20646f6e@3	none		0	unanchored	9	9	420.067904	1763.27025	0.0	0.0	10.4	0.0	0.0	0.0	0.0	0.0	0.0	0.0	0.0	0.0	0.0	0.0
syntax/esc-octal-0	default	throughput	3	1376256	1423314	1376176	1376256	1.034	1422594	0	0	360	0	0	36	36	0	0	0	0	0	0	0	396	46374	dfa	unanchored	run-pinned	reverse-pass	unwrapped	6974656d20646f6e@3	none		0	unanchored	9	9	404702.987805	168150.357198	0.0	0.0	102.4	0.0	0.0	10.2	10.2	0.0	0.0	0.0	0.0	0.0	0.0	0.0
syntax/esc-octal-0	nocaps	match	42	791	80	80	791	0.101	0	0	0	0	0	0	0	0	0	0	0	0	0	0	0	0	0	dfa	unanchored	run-pinned	reverse-pass	unwrapped	6974656d20646f6e@3	none		0	unanchored	9	9	475.59893	1714.113381	0.0	0.0	0.0	0.0	0.0	0.0	0.0	0.0	0.0	0.0	0.0	0.0	0.0	0.0
syntax/esc-octal-0	nocaps	search_short	42	791	730	660	790	0.924	693	0	0	18	0	0	0	0	0	0	0	0	0	0	0	18	0	dfa	unanchored	run-pinned	reverse-pass	unwrapped	6974656d20646f6e@3	none		0	unanchored	9	9	419.478278	1763.27025	0.0	0.0	10.3	0.0	0.0	0.0	0.0	0.0	0.0	0.0	0.0	0.0	0.0	0.0
syntax/esc-octal-0	nocaps	throughput	3	1376256	1423314	1376176	1376256	1.034	1422594	0	0	360	0	0	36	36	0	0	0	0	0	0	0	396	46374	dfa	unanchored	run-pinned	reverse-pass	unwrapped	6974656d20646f6e@3	none		0	unanchored	9	9	404710.780277	168150.357198	0.0	0.0	102.4	0.0	0.0	10.2	10.2	0.0	0.0	0.0	0.0	0.0	0.0	0.0
syntax/esc-quote	default	match	42	791	50	50	791	0.063	0	0	0	0	0	0	0	0	0	0	0	0	0	0	0	0	0	dfa	unanchored	offset-set	reverse-pass	unwrapped	66287829@2	0		0	unanchored	4	4	454.097718	1420.137943	0.0	0.0	0.0	0.0	0.0	0.0	0.0	0.0	0.0	0.0	0.0	0.0	0.0	0.0
syntax/esc-quote	default	search_short	42	791	695	670	754	0.922	676	0	0	8	0	0	0	0	5	8	0	0	0	0	0	21	0	dfa	unanchored	offset-set	reverse-pass	unwrapped	66287829@2	0		0	unanchored	4	4	351.137745	1634.925723	0.0	0.0	4.0	0.0	0.0	0.0	0.0	2.5	4.0	0.0	0.0	0.0	0.0	0.0
syntax/esc-quote	default	throughput	3	1376256	1389693	1376179	1376256	1.010	1388901	0	0	360	0	0	72	72	12722	288	0	0	0	0	0	13442	0	dfa	unanchored	offset-set	reverse-pass	unwrapped	66287829@2	0		0	unanchored	4	4	269252.452164	106124.238037	0.0	0.0	69.7	0.0	0.0	13.9	13.9	2464.9	55.8	0.0	0.0	0.0	0.0	0.0
syntax/esc-quote	nocaps	match	42	791	50	50	791	0.063	0	0	0	0	0	0	0	0	0	0	0	0	0	0	0	0	0	dfa	unanchored	offset-set	reverse-pass	unwrapped	66287829@2	0		0	unanchored	4	4	462.423752	1420.137943	0.0	0.0	0.0	0.0	0.0	0.0	0.0	0.0	0.0	0.0	0.0	0.0	0.0	0.0
syntax/esc-quote	nocaps	search_short	42	791	695	670	754	0.922	676	0	0	8	0	0	0	0	5	8	0	0	0	0	0	21	0	dfa	unanchored	offset-set	reverse-pass	unwrapped	66287829@2	0		0	unanchored	4	4	351.15986	1634.925723	0.0	0.0	4.0	0.0	0.0	0.0	0.0	2.5	4.0	0.0	0.0	0.0	0.0	0.0
syntax/esc-quote	nocaps	throughput	3	1376256	1389693	1376179	1376256	1.010	1388901	0	0	360	0	0	72	72	12722	288	0	0	0	0	0	13442	0	dfa	unanchored	offset-set	reverse-pass	unwrapped	66287829@2	0		0	unanchored	4	4	268805.765068	106124.238037	0.0	0.0	69.6	0.0	0.0	13.9	13.9	2460.8	55.7	0.0	0.0	0.0	0.0	0.0
syntax/esc-tab	default	match	42	791	56	56	791	0.071	0	0	0	0	0	0	0	0	0	0	0	0	0	0	0	0	0	dfa	unanchored	run-pinned	reverse-pass	unwrapped	6b65790976616c75@3	none		0	unanchored	9	9	461.431425	428.57692	0.0	0.0	0.0	0.0	0.0	0.0	0.0	0.0	0.0	0.0	0.0	0.0	0.0	0.0
syntax/esc-tab	default	search_short	42	791	670	646	791	0.847	652	0	0	9	0	0	0	0	0	0	0	0	0	0	0	9	0	dfa	unanchored	run-pinned	reverse-pass	unwrapped	6b65790976616c75@3	none		0	unanchored	9	9	337.424668	565.350644	0.0	0.0	4.5	0.0	0.0	0.0	0.0	0.0	0.0	0.0	0.0	0.0	0.0	0.0
syntax/esc-tab	default	throughput	3	1376256	1381960	1376203	1376256	1.004	1381460	0	0	250	0	0	25	25	0	0	0	0	0	0	0	275	5229	dfa	unanchored	run-pinned	reverse-pass	unwrapped	6b65790976616c75@3	none		0	unanchored	9	9	66069.81963	56460.440057	0.0	0.0	12.0	0.0	0.0	1.2	1.2	0.0	0.0	0.0	0.0	0.0	0.0	0.0
syntax/esc-tab	nocaps	match	42	791	56	56	791	0.071	0	0	0	0	0	0	0	0	0	0	0	0	0	0	0	0	0	dfa	unanchored	run-pinned	reverse-pass	unwrapped	6b65790976616c75@3	none		0	unanchored	9	9	461.864405	428.57692	0.0	0.0	0.0	0.0	0.0	0.0	0.0	0.0	0.0	0.0	0.0	0.0	0.0	0.0
syntax/esc-tab	nocaps	search_short	42	791	670	646	791	0.847	652	0	0	9	0	0	0	0	0	0	0	0	0	0	0	9	0	dfa	unanchored	run-pinned	reverse-pass	unwrapped	6b65790976616c75@3	none		0	unanchored	9	9	337.386635	565.350644	0.0	0.0	4.5	0.0	0.0	0.0	0.0	0.0	0.0	0.0	0.0	0.0	0.0	0.0
syntax/esc-tab	nocaps	throughput	3	1376256	1381960	1376203	1376256	1.004	1381460	0	0	250	0	0	25	25	0	0	0	0	0	0	0	275	5229	dfa	unanchored	run-pinned	reverse-pass	unwrapped	6b65790976616c75@3	none		0	unanchored	9	9	66136.80434	56460.440057	0.0	0.0	12.0	0.0	0.0	1.2	1.2	0.0	0.0	0.0	0.0	0.0	0.0	0.0
syntax/floor	default	match	42	791	43	43	791	0.054	0	0	0	0	0	0	0	0	0	0	0	0	0	0	0	0	0	dfa	unanchored	memchr	reverse-pass	unwrapped	none	none		0	unanchored	1	1	451.817971	239.365979	0.0	0.0	0.0	0.0	0.0	0.0	0.0	0.0	0.0	0.0	0.0	0.0	0.0	0.0
syntax/floor	default	search_short	42	791	794	789	787	1.009	787	0	0	3	0	0	0	0	0	0	0	0	0	0	0	3	2	dfa	unanchored	memchr	reverse-pass	unwrapped	none	none		0	unanchored	1	1	395.195089	766.813216	0.0	0.0	1.5	0.0	0.0	0.0	0.0	0.0	0.0	0.0	0.0	0.0	0.0	0.0
syntax/floor	default	throughput	3	1376256	1376256	1376256	1376256	1.000	1376256	0	0	0	0	0	0	0	0	0	0	0	0	0	0	0	0	dfa	unanchored	memchr	reverse-pass	unwrapped	none	none		0	unanchored	1	1	23142.621459	23197.63267	0.0	0.0	0.0	0.0	0.0	0.0	0.0	0.0	0.0	0.0	0.0	0.0	0.0	0.0
syntax/floor	nocaps	match	42	791	43	43	791	0.054	0	0	0	0	0	0	0	0	0	0	0	0	0	0	0	0	0	dfa	unanchored	memchr	reverse-pass	unwrapped	none	none		0	unanchored	1	1	453.952785	239.365979	0.0	0.0	0.0	0.0	0.0	0.0	0.0	0.0	0.0	0.0	0.0	0.0	0.0	0.0
syntax/floor	nocaps	search_short	42	791	794	789	787	1.009	787	0	0	3	0	0	0	0	0	0	0	0	0	0	0	3	2	dfa	unanchored	memchr	reverse-pass	unwrapped	none	none		0	unanchored	1	1	393.148084	766.813216	0.0	0.0	1.5	0.0	0.0	0.0	0.0	0.0	0.0	0.0	0.0	0.0	0.0	0.0
syntax/floor	nocaps	throughput	3	1376256	1376256	1376256	1376256	1.000	1376256	0	0	0	0	0	0	0	0	0	0	0	0	0	0	0	0	dfa	unanchored	memchr	reverse-pass	unwrapped	none	none		0	unanchored	1	1	23141.556765	23197.63267	0.0	0.0	0.0	0.0	0.0	0.0	0.0	0.0	0.0	0.0	0.0	0.0	0.0	0.0
syntax/grp-atomic-alt	default	match	42	791	84	46	791	0.106	0	0	0	0	0	0	0	0	0	0	0	0	0	0	0	0	0	vm	unanchored	memchr	reverse-pass		none	none	hybrid	0	unanchored	3	2	500.62998	1420.69018	0.0	0.0	0.0	0.0	0.0	0.0	0.0	0.0	0.0	0.0	0.0	0.0	0.0	0.0
syntax/grp-atomic-alt	default	search_short	42	791	1088	791	791	1.375	921	0	0	0	2	0	0	0	0	216	0	7	3	0	0	218	19	vm	unanchored	memchr	reverse-pass		none	none	hybrid	0	unanchored	3	2	968.357686	1731.677979	0.0	0.0	0.0	1.8	0.0	0.0	0.0	0.0	192.2	0.0	6.2	2.7	0.0	0.0
syntax/grp-atomic-alt	default	throughput	3	1376256	1679669	1376256	1376256	1.220	1450638	0	0	0	1512	0	5858	5858	0	160683	0	11716	0	0	0	168053	21835	vm	unanchored	memchr	reverse-pass		none	none	hybrid	0	unanchored	3	2	1100838.047619	403210.156928	0.0	0.0	0.0	990.9	0.0	3839.3	3839.3	0.0	105310.0	0.0	7678.5	0.0	0.0	0.0
syntax/grp-atomic-alt	nocaps	match	42	791	84	46	791	0.106	0	0	0	0	0	0	0	0	0	0	0	0	0	0	0	0	0	vm	unanchored	memchr	reverse-pass		none	none	hybrid	0	unanchored	3	2	499.970393	1420.69018	0.0	0.0	0.0	0.0	0.0	0.0	0.0	0.0	0.0	0.0	0.0	0.0	0.0	0.0
syntax/grp-atomic-alt	nocaps	search_short	42	791	1088	791	791	1.375	921	0	0	0	2	0	0	0	0	216	0	7	3	0	0	218	19	vm	unanchored	memchr	reverse-pass		none	none	hybrid	0	unanchored	3	2	969.191582	1731.677979	0.0	0.0	0.0	1.8	0.0	0.0	0.0	0.0	192.4	0.0	6.2	2.7	0.0	0.0
syntax/grp-atomic-alt	nocaps	throughput	3	1376256	1679669	1376256	1376256	1.220	1450638	0	0	0	1512	0	5858	5858	0	160683	0	11716	0	0	0	168053	21835	vm	unanchored	memchr	reverse-pass		none	none	hybrid	0	unanchored	3	2	1099237.385281	403210.156928	0.0	0.0	0.0	989.5	0.0	3833.7	3833.7	0.0	105156.9	0.0	7667.4	0.0	0.0	0.0
syntax/grp-atomic-rep	default	match	42	791	50	50	791	0.063	0	0	0	0	0	0	0	0	0	0	0	0	0	0	0	0	0	dfa	unanchored	memchr	reverse-pass	unwrapped	none	none		0	unanchored	-1	2	454.372314	1511.413258	0.0	0.0	0.0	0.0	0.0	0.0	0.0	0.0	0.0	0.0	0.0	0.0	0.0	0.0
syntax/grp-atomic-rep	default	search_short	42	791	1092	750	745	1.466	931	0	0	0	51	0	0	0	0	238	0	0	0	0	0	289	30	dfa	unanchored	memchr	reverse-pass	unwrapped	none	none		0	unanchored	-1	2	717.409154	1763.980876	0.0	0.0	0.0	33.5	0.0	0.0	0.0	0.0	156.4	0.0	0.0	0.0	0.0	0.0
syntax/grp-atomic-rep	default	throughput	3	1376256	1784706	1376256	1376256	1.297	1582900	0	0	0	300	0	1980	0	0	280828	0	0	0	0	0	283108	27410	dfa	unanchored	memchr	reverse-pass	unwrapped	none	none		0	unanchored	-1	2	851100.989761	1458669.616766	0.0	0.0	0.0	143.1	0.0	944.2	0.0	0.0	133922.9	0.0	0.0	0.0	0.0	0.0
syntax/grp-atomic-rep	nocaps	match	42	791	50	50	791	0.063	0	0	0	0	0	0	0	0	0	0	0	0	0	0	0	0	0	dfa	unanchored	memchr	reverse-pass	unwrapped	none	none		0	unanchored	-1	2	459.351955	1511.413258	0.0	0.0	0.0	0.0	0.0	0.0	0.0	0.0	0.0	0.0	0.0	0.0	0.0	0.0
syntax/grp-atomic-rep	nocaps	search_short	42	791	1092	750	745	1.466	931	0	0	0	51	0	0	0	0	238	0	0	0	0	0	289	30	dfa	unanchored	memchr	reverse-pass	unwrapped	none	none		0	unanchored	-1	2	717.004326	1763.980876	0.0	0.0	0.0	33.5	0.0	0.0	0.0	0.0	156.3	0.0	0.0	0.0	0.0	0.0
syntax/grp-atomic-rep	nocaps	throughput	3	1376256	1784706	1376256	1376256	1.297	1582900	0	0	0	300	0	1980	0	0	280828	0	0	0	0	0	283108	27410	dfa	unanchored	memchr	reverse-pass	unwrapped	none	none		0	unanchored	-1	2	850787.364821	1458669.616766	0.0	0.0	0.0	143.0	0.0	943.9	0.0	0.0	133873.5	0.0	0.0	0.0	0.0	0.0
syntax/grp-cap	default	match	42	791	86	83	791	0.109	0	0	0	0	0	0	0	0	0	0	36	0	0	0	0	36	0	vm	unanchored	run-pinned	reverse-pass		636174@0	none	hybrid	0	unanchored	3	3	250.084314	453.520667	0.0	0.0	0.0	0.0	0.0	0.0	0.0	0.0	0.0	104.7	0.0	0.0	0.0	0.0
syntax/grp-cap	default	search_short	42	791	741	655	657	1.128	641	0	0	19	0	0	0	0	0	0	0	15	5	0	0	19	30	vm	unanchored	run-pinned	reverse-pass		636174@0	none	hybrid	0	unanchored	3	3	579.609535	1736.540473	0.0	0.0	14.9	0.0	0.0	0.0	0.0	0.0	0.0	0.0	11.7	3.9	0.0	0.0
syntax/grp-cap	default	throughput	3	1376256	1559092	1376256	1376256	1.133	1361000	0	0	30512	0	0	7628	7628	0	0	0	22884	7628	0	0	38140	83672	vm	unanchored	run-pinned	reverse-pass		636174@0	none	hybrid	0	unanchored	3	3	764476.375839	546581.169856	0.0	0.0	14961.1	0.0	0.0	3740.3	3740.3	0.0	0.0	0.0	11220.8	3740.3	0.0	0.0
syntax/grp-cap	nocaps	match	42	791	49	49	791	0.062	0	0	0	0	0	0	0	0	0	0	0	0	0	0	0	0	0	dfa	unanchored	run-pinned	reverse-pass	unwrapped	636174@0	none		0	unanchored	3	3	443.269843	453.520667	0.0	0.0	0.0	0.0	0.0	0.0	0.0	0.0	0.0	0.0	0.0	0.0	0.0	0.0
syntax/grp-cap	nocaps	search_short	42	791	721	655	657	1.097	641	0	0	19	0	0	0	0	0	0	0	0	0	0	0	19	30	dfa	unanchored	run-pinned	reverse-pass	unwrapped	636174@0	none		0	unanchored	3	3	469.220011	1736.540473	0.0	0.0	12.4	0.0	0.0	0.0	0.0	0.0	0.0	0.0	0.0	0.0	0.0	0.0
syntax/grp-cap	nocaps	throughput	3	1376256	1528580	1376256	1376256	1.111	1361000	0	0	30512	0	0	7628	7628	0	0	0	0	0	0	0	38140	83672	dfa	unanchored	run-pinned	reverse-pass	unwrapped	636174@0	none		0	unanchored	3	3	680005.809798	546581.169856	0.0	0.0	13573.6	0.0	0.0	3393.4	3393.4	0.0	0.0	0.0	0.0	0.0	0.0	0.0
syntax/grp-named	default	match	42	791	86	83	791	0.109	0	0	0	0	0	0	0	0	0	0	36	0	0	0	0	36	0	vm	unanchored	run-pinned	reverse-pass		636174@0	none	hybrid	0	unanchored	3	3	251.049201	453.796071	0.0	0.0	0.0	0.0	0.0	0.0	0.0	0.0	0.0	105.1	0.0	0.0	0.0	0.0
syntax/grp-named	default	search_short	42	791	741	655	657	1.128	641	0	0	19	0	0	0	0	0	0	0	15	5	0	0	19	30	vm	unanchored	run-pinned	reverse-pass		636174@0	none	hybrid	0	unanchored	3	3	581.329581	1714.662992	0.0	0.0	14.9	0.0	0.0	0.0	0.0	0.0	0.0	0.0	11.8	3.9	0.0	0.0
syntax/grp-named	default	throughput	3	1376256	1559092	1376256	1376256	1.133	1361000	0	0	30512	0	0	7628	7628	0	0	0	22884	7628	0	0	38140	83672	vm	unanchored	run-pinned	reverse-pass		636174@0	none	hybrid	0	unanchored	3	3	765484.034921	543074.3125	0.0	0.0	14980.8	0.0	0.0	3745.2	3745.2	0.0	0.0	0.0	11235.6	3745.2	0.0	0.0
syntax/grp-named	nocaps	match	42	791	49	49	791	0.062	0	0	0	0	0	0	0	0	0	0	0	0	0	0	0	0	0	dfa	unanchored	run-pinned	reverse-pass	unwrapped	636174@0	none		0	unanchored	3	3	433.174909	453.796071	0.0	0.0	0.0	0.0	0.0	0.0	0.0	0.0	0.0	0.0	0.0	0.0	0.0	0.0
syntax/grp-named	nocaps	search_short	42	791	721	655	657	1.097	641	0	0	19	0	0	0	0	0	0	0	0	0	0	0	19	30	dfa	unanchored	run-pinned	reverse-pass	unwrapped	636174@0	none		0	unanchored	3	3	469.432345	1714.662992	0.0	0.0	12.4	0.0	0.0	0.0	0.0	0.0	0.0	0.0	0.0	0.0	0.0	0.0
syntax/grp-named	nocaps	throughput	3	1376256	1528580	1376256	1376256	1.111	1361000	0	0	30512	0	0	7628	7628	0	0	0	0	0	0	0	38140	83672	dfa	unanchored	run-pinned	reverse-pass	unwrapped	636174@0	none		0	unanchored	3	3	678695.860335	543074.3125	0.0	0.0	13547.5	0.0	0.0	3386.9	3386.9	0.0	0.0	0.0	0.0	0.0	0.0	0.0
syntax/grp-named-quote	default	match	42	791	86	83	791	0.109	0	0	0	0	0	0	0	0	0	0	36	0	0	0	0	36	0	vm	unanchored	run-pinned	reverse-pass		636174@0	none	hybrid	0	unanchored	3	3	252.327263	1480.470564	0.0	0.0	0.0	0.0	0.0	0.0	0.0	0.0	0.0	105.6	0.0	0.0	0.0	0.0
syntax/grp-named-quote	default	search_short	42	791	741	655	657	1.128	641	0	0	19	0	0	0	0	0	0	0	15	5	0	0	19	30	vm	unanchored	run-pinned	reverse-pass		636174@0	none	hybrid	0	unanchored	3	3	578.312518	1737.72823	0.0	0.0	14.8	0.0	0.0	0.0	0.0	0.0	0.0	0.0	11.7	3.9	0.0	0.0
syntax/grp-named-quote	default	throughput	3	1376256	1559092	1376256	1376256	1.133	1361000	0	0	30512	0	0	7628	7628	0	0	0	22884	7628	0	0	38140	83672	vm	unanchored	run-pinned	reverse-pass		636174@0	none	hybrid	0	unanchored	3	3	765312.974522	545012.516908	0.0	0.0	14977.5	0.0	0.0	3744.4	3744.4	0.0	0.0	0.0	11233.1	3744.4	0.0	0.0
syntax/grp-named-quote	nocaps	match	42	791	49	49	791	0.062	0	0	0	0	0	0	0	0	0	0	0	0	0	0	0	0	0	dfa	unanchored	run-pinned	reverse-pass	unwrapped	636174@0	none		0	unanchored	3	3	440.905341	1480.470564	0.0	0.0	0.0	0.0	0.0	0.0	0.0	0.0	0.0	0.0	0.0	0.0	0.0	0.0
syntax/grp-named-quote	nocaps	search_short	42	791	721	655	657	1.097	641	0	0	19	0	0	0	0	0	0	0	0	0	0	0	19	30	dfa	unanchored	run-pinned	reverse-pass	unwrapped	636174@0	none		0	unanchored	3	3	468.662896	1737.72823	0.0	0.0	12.4	0.0	0.0	0.0	0.0	0.0	0.0	0.0	0.0	0.0	0.0	0.0
syntax/grp-named-quote	nocaps	throughput	3	1376256	1528580	1376256	1376256	1.111	1361000	0	0	30512	0	0	7628	7628	0	0	0	0	0	0	0	38140	83672	dfa	unanchored	run-pinned	reverse-pass	unwrapped	636174@0	none		0	unanchored	3	3	680846.881503	545012.516908	0.0	0.0	13590.4	0.0	0.0	3397.6	3397.6	0.0	0.0	0.0	0.0	0.0	0.0	0.0
syntax/grp-noncap	default	match	42	791	48	48	791	0.061	0	0	0	0	0	0	0	0	0	0	0	0	0	0	0	0	0	dfa	unanchored	offset-set	reverse-pass	unwrapped	6162@1	none		0	unanchored	-1	2	439.703836	969.792208	0.0	0.0	0.0	0.0	0.0	0.0	0.0	0.0	0.0	0.0	0.0	0.0	0.0	0.0
syntax/grp-noncap	default	search_short	42	791	757	712	745	1.016	703	0	0	0	16	0	0	0	0	0	0	0	0	0	0	16	0	dfa	unanchored	offset-set	reverse-pass	unwrapped	6162@1	none		0	unanchored	-1	2	520.644241	1605.047615	0.0	0.0	0.0	11.0	0.0	0.0	0.0	0.0	0.0	0.0	0.0	0.0	0.0	0.0
syntax/grp-noncap	default	throughput	3	1376256	1397074	1376253	1376256	1.015	1374273	0	0	0	5940	0	1980	0	0	0	0	0	0	0	0	7920	8938	dfa	unanchored	offset-set	reverse-pass	unwrapped	6162@1	none		0	unanchored	-1	2	206248.840122	163636.71568	0.0	0.0	0.0	876.9	0.0	292.3	0.0	0.0	0.0	0.0	0.0	0.0	0.0	0.0
syntax/grp-noncap	nocaps	match	42	791	48	48	791	0.061	0	0	0	0	0	0	0	0	0	0	0	0	0	0	0	0	0	dfa	unanchored	offset-set	reverse-pass	unwrapped	6162@1	none		0	unanchored	-1	2	430.990611	969.792208	0.0	0.0	0.0	0.0	0.0	0.0	0.0	0.0	0.0	0.0	0.0	0.0	0.0	0.0
syntax/grp-noncap	nocaps	search_short	42	791	757	712	745	1.016	703	0	0	0	16	0	0	0	0	0	0	0	0	0	0	16	0	dfa	unanchored	offset-set	reverse-pass	unwrapped	6162@1	none		0	unanchored	-1	2	520.860274	1605.047615	0.0	0.0	0.0	11.0	0.0	0.0	0.0	0.0	0.0	0.0	0.0	0.0	0.0	0.0
syntax/grp-noncap	nocaps	throughput	3	1376256	1397074	1376253	1376256	1.015	1374273	0	0	0	5940	0	1980	0	0	0	0	0	0	0	0	7920	8938	dfa	unanchored	offset-set	reverse-pass	unwrapped	6162@1	none		0	unanchored	-1	2	206118.25369	163636.71568	0.0	0.0	0.0	876.4	0.0	292.1	0.0	0.0	0.0	0.0	0.0	0.0	0.0	0.0
syntax/lit-cat	default	match	42	791	49	49	791	0.062	0	0	0	0	0	0	0	0	0	0	0	0	0	0	0	0	0	dfa	unanchored	run-pinned	reverse-pass	unwrapped	636174@0	none		0	unanchored	3	3	446.959963	423.58247	0.0	0.0	0.0	0.0	0.0	0.0	0.0	0.0	0.0	0.0	0.0	0.0	0.0	0.0
syntax/lit-cat	default	search_short	42	791	721	655	657	1.097	641	0	0	19	0	0	0	0	0	0	0	0	0	0	0	19	30	dfa	unanchored	run-pinned	reverse-pass	unwrapped	636174@0	none		0	unanchored	3	3	470.307257	1022.302152	0.0	0.0	12.4	0.0	0.0	0.0	0.0	0.0	0.0	0.0	0.0	0.0	0.0	0.0
syntax/lit-cat	default	throughput	3	1376256	1528580	1376256	1376256	1.111	1361000	0	0	30512	0	0	7628	7628	0	0	0	0	0	0	0	38140	83672	dfa	unanchored	run-pinned	reverse-pass	unwrapped	636174@0	none		0	unanchored	3	3	678851.1	345109.446221	0.0	0.0	13550.6	0.0	0.0	3387.6	3387.6	0.0	0.0	0.0	0.0	0.0	0.0	0.0
syntax/lit-cat	nocaps	match	42	791	49	49	791	0.062	0	0	0	0	0	0	0	0	0	0	0	0	0	0	0	0	0	dfa	unanchored	run-pinned	reverse-pass	unwrapped	636174@0	none		0	unanchored	3	3	446.772343	423.58247	0.0	0.0	0.0	0.0	0.0	0.0	0.0	0.0	0.0	0.0	0.0	0.0	0.0	0.0
syntax/lit-cat	nocaps	search_short	42	791	721	655	657	1.097	641	0	0	19	0	0	0	0	0	0	0	0	0	0	0	19	30	dfa	unanchored	run-pinned	reverse-pass	unwrapped	636174@0	none		0	unanchored	3	3	469.555334	1022.302152	0.0	0.0	12.4	0.0	0.0	0.0	0.0	0.0	0.0	0.0	0.0	0.0	0.0	0.0
syntax/lit-cat	nocaps	throughput	3	1376256	1528580	1376256	1376256	1.111	1361000	0	0	30512	0	0	7628	7628	0	0	0	0	0	0	0	38140	83672	dfa	unanchored	run-pinned	reverse-pass	unwrapped	636174@0	none		0	unanchored	3	3	679183.805556	345109.446221	0.0	0.0	13557.2	0.0	0.0	3389.3	3389.3	0.0	0.0	0.0	0.0	0.0	0.0	0.0
syntax/lka-neg	default	match	42	791	88	82	791	0.111	56	0	0	0	0	0	0	0	0	0	0	0	0	0	0	0	0	vm	unanchored	run-pinned	reverse-pass		6974656d@3	none	hybrid	0	unanchored	4	4	375.759768	1947.351698	0.0	0.0	0.0	0.0	0.0	0.0	0.0	0.0	0.0	0.0	0.0	0.0	0.0	0.0
syntax/lka-neg	default	search_short	42	791	794	640	722	1.100	676	0	0	38	0	0	0	0	0	0	0	43	10	0	0	38	0	vm	unanchored	run-pinned	reverse-pass		6974656d@3	none	hybrid	0	unanchored	4	4	816.820516	1770.435912	0.0	0.0	39.1	0.0	0.0	0.0	0.0	0.0	0.0	0.0	44.2	10.3	0.0	0.0
syntax/lka-neg	default	throughput	3	1376256	1471687	1376247	1376256	1.069	1421241	0	0	17965	0	0	17785	17785	0	0	0	17965	506	0	0	35750	26761	vm	unanchored	run-pinned	reverse-pass		6974656d@3	none	hybrid	0	unanchored	4	4	545586.7733	296693.465269	0.0	0.0	6660.0	0.0	0.0	6593.3	6593.3	0.0	0.0	0.0	6660.0	187.6	0.0	0.0
syntax/lka-neg	nocaps	match	42	791	88	82	791	0.111	56	0	0	0	0	0	0	0	0	0	0	0	0	0	0	0	0	vm	unanchored	run-pinned	reverse-pass		6974656d@3	none	hybrid	0	unanchored	4	4	379.958388	1947.351698	0.0	0.0	0.0	0.0	0.0	0.0	0.0	0.0	0.0	0.0	0.0	0.0	0.0	0.0
syntax/lka-neg	nocaps	search_short	42	791	794	640	722	1.100	676	0	0	38	0	0	0	0	0	0	0	43	10	0	0	38	0	vm	unanchored	run-pinned	reverse-pass		6974656d@3	none	hybrid	0	unanchored	4	4	821.892621	1770.435912	0.0	0.0	39.3	0.0	0.0	0.0	0.0	0.0	0.0	0.0	44.5	10.4	0.0	0.0
syntax/lka-neg	nocaps	throughput	3	1376256	1471687	1376247	1376256	1.069	1421241	0	0	17965	0	0	17785	17785	0	0	0	17965	506	0	0	35750	26761	vm	unanchored	run-pinned	reverse-pass		6974656d@3	none	hybrid	0	unanchored	4	4	545920.48855	296693.465269	0.0	0.0	6664.1	0.0	0.0	6597.3	6597.3	0.0	0.0	0.0	6664.1	187.7	0.0	0.0
syntax/lka-nonatomic	default	match	42	791	84	56	791	0.106	84	0	0	0	0	0	0	0	0	0	0	0	0	0	0	0	0	vm	unanchored	run-pinned	reverse-pass		6974656d@3	none	hybrid	0	unanchored	4	4	229.496912	2337.744757	0.0	0.0	0.0	0.0	0.0	0.0	0.0	0.0	0.0	0.0	0.0	0.0	0.0	0.0
syntax/lka-nonatomic	default	search_short	42	791	783	616	711	1.101	701	0	0	38	0	0	0	0	0	0	0	36	36	0	0	38	0	vm	unanchored	run-pinned	reverse-pass		6974656d@3	none	hybrid	0	unanchored	4	4	644.654412	1694.668832	0.0	0.0	31.3	0.0	0.0	0.0	0.0	0.0	0.0	0.0	29.6	29.6	0.0	0.0
syntax/lka-nonatomic	default	throughput	3	1376256	1471435	1369477	1376256	1.069	1435505	0	0	17965	0	0	3593	3593	0	0	0	14372	14372	0	0	21558	30429	vm	unanchored	run-pinned	reverse-pass		6974656d@3	none	hybrid	0	unanchored	4	4	525974.631347	301404.727394	0.0	0.0	6421.7	0.0	0.0	1284.3	1284.3	0.0	0.0	0.0	5137.4	5137.4	0.0	0.0
syntax/lka-nonatomic	nocaps	match	42	791	84	56	791	0.106	84	0	0	0	0	0	0	0	0	0	0	0	0	0	0	0	0	vm	unanchored	run-pinned	reverse-pass		6974656d@3	none	hybrid	0	unanchored	4	4	229.463116	2337.744757	0.0	0.0	0.0	0.0	0.0	0.0	0.0	0.0	0.0	0.0	0.0	0.0	0.0	0.0
syntax/lka-nonatomic	nocaps	search_short	42	791	783	616	711	1.101	701	0	0	38	0	0	0	0	0	0	0	36	36	0	0	38	0	vm	unanchored	run-pinned	reverse-pass		6974656d@3	none	hybrid	0	unanchored	4	4	644.176141	1694.668832	0.0	0.0	31.3	0.0	0.0	0.0	0.0	0.0	0.0	0.0	29.6	29.6	0.0	0.0
syntax/lka-nonatomic	nocaps	throughput	3	1376256	1471435	1369477	1376256	1.069	1435505	0	0	17965	0	0	3593	3593	0	0	0	14372	14372	0	0	21558	30429	vm	unanchored	run-pinned	reverse-pass		6974656d@3	none	hybrid	0	unanchored	4	4	526007.778993	301404.727394	0.0	0.0	6422.1	0.0	0.0	1284.4	1284.4	0.0	0.0	0.0	5137.7	5137.7	0.0	0.0
syntax/lka-pos	default	match	42	791	88	82	791	0.111	56	0	0	0	0	0	0	0	0	0	0	0	0	0	0	0	0	vm	unanchored	run-pinned	reverse-pass		6974656d@3	none	hybrid	0	unanchored	4	4	250.363796	1913.155579	0.0	0.0	0.0	0.0	0.0	0.0	0.0	0.0	0.0	0.0	0.0	0.0	0.0	0.0
syntax/lka-pos	default	search_short	42	791	866	675	780	1.110	740	0	0	38	0	0	0	0	0	0	0	43	53	0	0	38	0	vm	unanchored	run-pinned	reverse-pass		6974656d@3	none	hybrid	0	unanchored	4	4	754.707814	1731.751372	0.0	0.0	33.1	0.0	0.0	0.0	0.0	0.0	0.0	0.0	37.5	46.2	0.0	0.0
syntax/lka-pos	default	throughput	3	1376256	1482219	1376090	1376256	1.077	1431883	0	0	17910	0	0	216	216	0	0	0	17910	979	0	0	18126	51129	vm	unanchored	run-pinned	reverse-pass		6974656d@3	none	hybrid	0	unanchored	4	4	523382.797802	163094.231454	0.0	0.0	6324.2	0.0	0.0	76.3	76.3	0.0	0.0	0.0	6324.2	345.7	0.0	0.0
syntax/lka-pos	nocaps	match	42	791	88	82	791	0.111	56	0	0	0	0	0	0	0	0	0	0	0	0	0	0	0	0	vm	unanchored	run-pinned	reverse-pass		6974656d@3	none	hybrid	0	unanchored	4	4	249.625893	1913.155579	0.0	0.0	0.0	0.0	0.0	0.0	0.0	0.0	0.0	0.0	0.0	0.0	0.0	0.0
syntax/lka-pos	nocaps	search_short	42	791	866	675	780	1.110	740	0	0	38	0	0	0	0	0	0	0	43	53	0	0	38	0	vm	unanchored	run-pinned	reverse-pass		6974656d@3	none	hybrid	0	unanchored	4	4	754.725228	1731.751372	0.0	0.0	33.1	0.0	0.0	0.0	0.0	0.0	0.0	0.0	37.5	46.2	0.0	0.0
syntax/lka-pos	nocaps	throughput	3	1376256	1482219	1376090	1376256	1.077	1431883	0	0	17910	0	0	216	216	0	0	0	17910	979	0	0	18126	51129	vm	unanchored	run-pinned	reverse-pass		6974656d@3	none	hybrid	0	unanchored	4	4	523566.04067	163094.231454	0.0	0.0	6326.4	0.0	0.0	76.3	76.3	0.0	0.0	0.0	6326.4	345.8	0.0	0.0
syntax/lka-verb	default	match	42	791	88	82	791	0.111	56	0	0	0	0	0	0	0	0	0	0	0	0	0	0	0	0	vm	unanchored	run-pinned	reverse-pass		6974656d@3	none	hybrid	0	unanchored	4	4	249.634268	1899.399318	0.0	0.0	0.0	0.0	0.0	0.0	0.0	0.0	0.0	0.0	0.0	0.0	0.0	0.0
syntax/lka-verb	default	search_short	42	791	866	675	780	1.110	740	0	0	38	0	0	0	0	0	0	0	43	53	0	0	38	0	vm	unanchored	run-pinned	reverse-pass		6974656d@3	none	hybrid	0	unanchored	4	4	762.798915	1725.162864	0.0	0.0	33.5	0.0	0.0	0.0	0.0	0.0	0.0	0.0	37.9	46.7	0.0	0.0
syntax/lka-verb	default	throughput	3	1376256	1482219	1376090	1376256	1.077	1431883	0	0	17910	0	0	216	216	0	0	0	17910	979	0	0	18126	51129	vm	unanchored	run-pinned	reverse-pass		6974656d@3	none	hybrid	0	unanchored	4	4	523454.89011	163260.464939	0.0	0.0	6325.0	0.0	0.0	76.3	76.3	0.0	0.0	0.0	6325.0	345.7	0.0	0.0
syntax/lka-verb	nocaps	match	42	791	88	82	791	0.111	56	0	0	0	0	0	0	0	0	0	0	0	0	0	0	0	0	vm	unanchored	run-pinned	reverse-pass		6974656d@3	none	hybrid	0	unanchored	4	4	250.175978	1899.399318	0.0	0.0	0.0	0.0	0.0	0.0	0.0	0.0	0.0	0.0	0.0	0.0	0.0	0.0
syntax/lka-verb	nocaps	search_short	42	791	866	675	780	1.110	740	0	0	38	0	0	0	0	0	0	0	43	53	0	0	38	0	vm	unanchored	run-pinned	reverse-pass		6974656d@3	none	hybrid	0	unanchored	4	4	753.230112	1725.162864	0.0	0.0	33.1	0.0	0.0	0.0	0.0	0.0	0.0	0.0	37.4	46.1	0.0	0.0
syntax/lka-verb	nocaps	throughput	3	1376256	1482219	1376090	1376256	1.077	1431883	0	0	17910	0	0	216	216	0	0	0	17910	979	0	0	18126	51129	vm	unanchored	run-pinned	reverse-pass		6974656d@3	none	hybrid	0	unanchored	4	4	523826.257511	163260.464939	0.0	0.0	6329.5	0.0	0.0	76.3	76.3	0.0	0.0	0.0	6329.5	346.0	0.0	0.0
syntax/lkb-neg	default	match	42	791	38	38	791	0.048	38	0	0	0	0	0	0	0	0	0	0	0	0	0	0	0	0	vm	unanchored	offset-set	reverse-pass		646f6e65@0	0	hybrid	0	unanchored	4	4	553.447758	1337.641487	0.0	0.0	0.0	0.0	0.0	0.0	0.0	0.0	0.0	0.0	0.0	0.0	0.0	0.0
syntax/lkb-neg	default	search_short	42	791	973	765	781	1.246	841	0	0	32	0	0	0	0	47	58	0	27	23	0	0	137	0	vm	unanchored	offset-set	reverse-pass		646f6e65@0	0	hybrid	0	unanchored	4	4	844.831728	1768.034059	0.0	0.0	27.8	0.0	0.0	0.0	0.0	40.8	50.4	0.0	23.4	20.0	0.0	0.0
syntax/lkb-neg	default	throughput	3	1376256	1550218	1376250	1376256	1.126	1499291	0	0	14312	0	0	3533	3533	105376	28013	0	14302	612	0	0	151234	626	vm	unanchored	offset-set	reverse-pass		646f6e65@0	0	hybrid	0	unanchored	4	4	1183963.234742	341251.507634	0.0	0.0	10930.6	0.0	0.0	2698.3	2698.3	80479.8	21394.6	0.0	10923.0	467.4	0.0	0.0
syntax/lkb-neg	nocaps	match	42	791	38	38	791	0.048	38	0	0	0	0	0	0	0	0	0	0	0	0	0	0	0	0	vm	unanchored	offset-set	reverse-pass		646f6e65@0	0	hybrid	0	unanchored	4	4	556.124616	1337.641487	0.0	0.0	0.0	0.0	0.0	0.0	0.0	0.0	0.0	0.0	0.0	0.0	0.0	0.0
syntax/lkb-neg	nocaps	search_short	42	791	973	765	781	1.246	841	0	0	32	0	0	0	0	47	58	0	27	23	0	0	137	0	vm	unanchored	offset-set	reverse-pass		646f6e65@0	0	hybrid	0	unanchored	4	4	843.306419	1768.034059	0.0	0.0	27.7	0.0	0.0	0.0	0.0	40.7	50.3	0.0	23.4	19.9	0.0	0.0
syntax/lkb-neg	nocaps	throughput	3	1376256	1550218	1376250	1376256	1.126	1499291	0	0	14312	0	0	3533	3533	105376	28013	0	14302	612	0	0	151234	626	vm	unanchored	offset-set	reverse-pass		646f6e65@0	0	hybrid	0	unanchored	4	4	1184840.688372	341251.507634	0.0	0.0	10938.7	0.0	0.0	2700.3	2700.3	80539.5	21410.5	0.0	10931.1	467.8	0.0	0.0
syntax/lkb-pos	default	match	42	791	0	0	791	0.000	0	0	0	0	0	0	0	0	0	0	0	0	0	0	0	0	0	vm	unanchored	offset-set	reverse-pass		646f6e65@0	0	hybrid	0	unanchored	4	4	235.915465	1272.143202	0.0	0.0	0.0	0.0	0.0	0.0	0.0	0.0	0.0	0.0	0.0	0.0	0.0	0.0
syntax/lkb-pos	default	search_short	42	791	1060	770	790	1.342	824	0	0	32	0	0	0	0	47	65	0	28	100	0	0	144	0	vm	unanchored	offset-set	reverse-pass		646f6e65@0	0	hybrid	0	unanchored	4	4	746.3568	1658.5465	0.0	0.0	22.5	0.0	0.0	0.0	0.0	33.1	45.8	0.0	19.7	70.4	0.0	0.0
syntax/lkb-pos	default	throughput	3	1376256	1480988	1375591	1376256	1.076	1374035	0	0	17760	0	0	36	36	1462	342	0	715	10326	0	0	19600	55543	vm	unanchored	offset-set	reverse-pass		646f6e65@0	0	hybrid	0	unanchored	4	4	617576.905237	201079.517909	0.0	0.0	7406.0	0.0	0.0	15.0	15.0	609.7	142.6	0.0	298.2	4306.0	0.0	0.0
syntax/lkb-pos	nocaps	match	42	791	0	0	791	0.000	0	0	0	0	0	0	0	0	0	0	0	0	0	0	0	0	0	vm	unanchored	offset-set	reverse-pass		646f6e65@0	0	hybrid	0	unanchored	4	4	235.966991	1272.143202	0.0	0.0	0.0	0.0	0.0	0.0	0.0	0.0	0.0	0.0	0.0	0.0	0.0	0.0
syntax/lkb-pos	nocaps	search_short	42	791	1060	770	790	1.342	824	0	0	32	0	0	0	0	47	65	0	28	100	0	0	144	0	vm	unanchored	offset-set	reverse-pass		646f6e65@0	0	hybrid	0	unanchored	4	4	746.246056	1658.5465	0.0	0.0	22.5	0.0	0.0	0.0	0.0	33.1	45.8	0.0	19.7	70.4	0.0	0.0
syntax/lkb-pos	nocaps	throughput	3	1376256	1480988	1375591	1376256	1.076	1374035	0	0	17760	0	0	36	36	1462	342	0	715	10326	0	0	19600	55543	vm	unanchored	offset-set	reverse-pass		646f6e65@0	0	hybrid	0	unanchored	4	4	617054.75873	201079.517909	0.0	0.0	7399.7	0.0	0.0	15.0	15.0	609.1	142.5	0.0	297.9	4302.3	0.0	0.0
syntax/mod-a	default	match	42	791	220	197	791	0.278	0	0	0	0	0	0	0	0	0	0	0	0	0	0	0	0	0	dfa	unanchored	byte-class	reverse-pass	unwrapped	none	none		0	unanchored	-1	1	665.345349	4035.680451	0.0	0.0	0.0	0.0	0.0	0.0	0.0	0.0	0.0	0.0	0.0	0.0	0.0	0.0
syntax/mod-a	default	search_short	42	791	474	213	185	2.562	0	0	0	0	191	0	0	0	0	0	0	0	0	0	0	191	56	dfa	unanchored	byte-class	reverse-pass	unwrapped	none	none		0	unanchored	-1	1	803.774366	1987.176954	0.0	0.0	0.0	323.9	0.0	0.0	0.0	0.0	0.0	0.0	0.0	0.0	0.0	0.0
syntax/mod-a	default	throughput	3	1376256	3792177	1376256	1376256	2.755	0	0	0	0	1595271	0	273549	0	0	0	0	0	0	0	0	1868820	0	dfa	unanchored	byte-class	reverse-pass	unwrapped	none	none		0	unanchored	-1	1	7117922.972973	12802368.285714	0.0	0.0	0.0	2994326.5	0.0	513452.0	0.0	0.0	0.0	0.0	0.0	0.0	0.0	0.0
syntax/mod-a	nocaps	match	42	791	220	197	791	0.278	0	0	0	0	0	0	0	0	0	0	0	0	0	0	0	0	0	dfa	unanchored	byte-class	reverse-pass	unwrapped	none	none		0	unanchored	-1	1	666.08181	4035.680451	0.0	0.0	0.0	0.0	0.0	0.0	0.0	0.0	0.0	0.0	0.0	0.0	0.0	0.0
syntax/mod-a	nocaps	search_short	42	791	474	213	185	2.562	0	0	0	0	191	0	0	0	0	0	0	0	0	0	0	191	56	dfa	unanchored	byte-class	reverse-pass	unwrapped	none	none		0	unanchored	-1	1	807.162235	1987.176954	0.0	0.0	0.0	325.2	0.0	0.0	0.0	0.0	0.0	0.0	0.0	0.0	0.0	0.0
syntax/mod-a	nocaps	throughput	3	1376256	3792177	1376256	1376256	2.755	0	0	0	0	1595271	0	273549	0	0	0	0	0	0	0	0	1868820	0	dfa	unanchored	byte-class	reverse-pass	unwrapped	none	none		0	unanchored	-1	1	7097608.742857	12802368.285714	0.0	0.0	0.0	2985780.8	0.0	511986.6	0.0	0.0	0.0	0.0	0.0	0.0	0.0	0.0
syntax/mod-i	default	match	42	791	56	56	791	0.071	0	0	0	0	0	0	0	0	0	0	0	0	0	0	0	0	0	dfa	unanchored	byte-class	reverse-pass	unwrapped	434154@0/dfdfdf	0		0	unanchored	3	3	456.681067	627.724271	0.0	0.0	0.0	0.0	0.0	0.0	0.0	0.0	0.0	0.0	0.0	0.0	0.0	0.0
syntax/mod-i	default	search_short	42	791	1495	760	649	2.304	1389	0	0	24	0	0	0	0	679	25	0	0	0	0	0	728	111	dfa	unanchored	byte-class	reverse-pass	unwrapped	434154@0/dfdfdf	0		0	unanchored	3	3	689.437138	1660.96215	0.0	0.0	11.1	0.0	0.0	0.0	0.0	313.1	11.5	0.0	0.0	0.0	0.0	0.0
syntax/mod-i	default	throughput	3	1376256	7119109	1376256	1376256	5.173	6933597	0	0	32248	0	4197209	8062	8062	1473086	32248	0	0	0	0	0	5742853	0	dfa	unanchored	byte-class	reverse-pass	unwrapped	434154@0/dfdfdf	0		0	unanchored	3	3	2173915.147826	565429.851459	0.0	0.0	9847.4	0.0	1281673.9	2461.8	2461.8	449826.5	9847.4	0.0	0.0	0.0	0.0	0.0
syntax/mod-i	nocaps	match	42	791	56	56	791	0.071	0	0	0	0	0	0	0	0	0	0	0	0	0	0	0	0	0	dfa	unanchored	byte-class	reverse-pass	unwrapped	434154@0/dfdfdf	0		0	unanchored	3	3	442.587887	627.724271	0.0	0.0	0.0	0.0	0.0	0.0	0.0	0.0	0.0	0.0	0.0	0.0	0.0	0.0
syntax/mod-i	nocaps	search_short	42	791	1495	760	649	2.304	1389	0	0	24	0	0	0	0	679	25	0	0	0	0	0	728	111	dfa	unanchored	byte-class	reverse-pass	unwrapped	434154@0/dfdfdf	0		0	unanchored	3	3	691.436426	1660.96215	0.0	0.0	11.1	0.0	0.0	0.0	0.0	314.0	11.6	0.0	0.0	0.0	0.0	0.0
syntax/mod-i	nocaps	throughput	3	1376256	7119109	1376256	1376256	5.173	6933597	0	0	32248	0	4197209	8062	8062	1473086	32248	0	0	0	0	0	5742853	0	dfa	unanchored	byte-class	reverse-pass	unwrapped	434154@0/dfdfdf	0		0	unanchored	3	3	2172331.157895	565429.851459	0.0	0.0	9840.2	0.0	1280740.0	2460.0	2460.0	449498.8	9840.2	0.0	0.0	0.0	0.0	0.0
syntax/mod-j-uc	default	match	42	791	524	217	791	0.662	0	0	0	0	0	0	0	0	0	0	102	0	0	0	0	102	0	vm					none	none	none	0	unanchored	-1	2	1091.35349	4265.761762	0.0	0.0	0.0	0.0	0.0	0.0	0.0	0.0	0.0	212.4	0.0	0.0	0.0	0.0
syntax/mod-j-uc	default	search_short	42	791	7047	722	720	9.787	278	0	0	0	0	0	0	0	0	121	0	0	5703	0	0	121	503	vm					none	none	none	0	unanchored	-1	2	11962.95047	6439.416341	0.0	0.0	0.0	0.0	0.0	0.0	0.0	0.0	205.4	0.0	0.0	9681.4	0.0	0.0
syntax/mod-j-uc	default	throughput	3	1376256	13663417	1376256	1376256	9.928	30611	0	0	0	0	0	658	0	0	30334	0	0	10962616	0	0	30992	1293553	vm					none	none	none	0	unanchored	-1	2	28871928.9	15977643.3125	0.0	0.0	0.0	0.0	0.0	1390.4	0.0	0.0	64098.2	0.0	0.0	23164913.3	0.0	0.0
syntax/mod-j-uc	nocaps	match	42	791	524	217	791	0.662	0	0	0	0	0	0	0	0	0	0	102	0	0	0	0	102	0	vm					none	none	none	0	unanchored	-1	2	958.578334	4265.761762	0.0	0.0	0.0	0.0	0.0	0.0	0.0	0.0	0.0	186.6	0.0	0.0	0.0	0.0
syntax/mod-j-uc	nocaps	search_short	42	791	7047	722	720	9.787	278	0	0	0	0	0	0	0	0	121	0	0	5703	0	0	121	503	vm					none	none	none	0	unanchored	-1	2	12111.676243	6439.416341	0.0	0.0	0.0	0.0	0.0	0.0	0.0	0.0	208.0	0.0	0.0	9801.7	0.0	0.0
syntax/mod-j-uc	nocaps	throughput	3	1376256	13663417	1376256	1376256	9.928	30611	0	0	0	0	0	658	0	0	30334	0	0	10962616	0	0	30992	1293553	vm					none	none	none	0	unanchored	-1	2	28895062.2	15977643.3125	0.0	0.0	0.0	0.0	0.0	1391.5	0.0	0.0	64149.6	0.0	0.0	23183473.9	0.0	0.0
syntax/mod-n	default	match	42	791	49	49	791	0.062	0	0	0	0	0	0	0	0	0	0	0	0	0	0	0	0	0	dfa	unanchored	run-pinned	reverse-pass	unwrapped	636174@0	none		0	unanchored	3	3	432.49297	1466.111712	0.0	0.0	0.0	0.0	0.0	0.0	0.0	0.0	0.0	0.0	0.0	0.0	0.0	0.0
syntax/mod-n	default	search_short	42	791	721	655	657	1.097	641	0	0	19	0	0	0	0	0	0	0	0	0	0	0	19	30	dfa	unanchored	run-pinned	reverse-pass	unwrapped	636174@0	none		0	unanchored	3	3	468.701741	1639.628133	0.0	0.0	12.4	0.0	0.0	0.0	0.0	0.0	0.0	0.0	0.0	0.0	0.0	0.0
syntax/mod-n	default	throughput	3	1376256	1528580	1376256	1376256	1.111	1361000	0	0	30512	0	0	7628	7628	0	0	0	0	0	0	0	38140	83672	dfa	unanchored	run-pinned	reverse-pass	unwrapped	636174@0	none		0	unanchored	3	3	681267.880556	521149.414216	0.0	0.0	13598.8	0.0	0.0	3399.7	3399.7	0.0	0.0	0.0	0.0	0.0	0.0	0.0
syntax/mod-n	nocaps	match	42	791	49	49	791	0.062	0	0	0	0	0	0	0	0	0	0	0	0	0	0	0	0	0	dfa	unanchored	run-pinned	reverse-pass	unwrapped	636174@0	none		0	unanchored	3	3	433.664084	1466.111712	0.0	0.0	0.0	0.0	0.0	0.0	0.0	0.0	0.0	0.0	0.0	0.0	0.0	0.0
syntax/mod-n	nocaps	search_short	42	791	721	655	657	1.097	641	0	0	19	0	0	0	0	0	0	0	0	0	0	0	19	30	dfa	unanchored	run-pinned	reverse-pass	unwrapped	636174@0	none		0	unanchored	3	3	468.12138	1639.628133	0.0	0.0	12.3	0.0	0.0	0.0	0.0	0.0	0.0	0.0	0.0	0.0	0.0	0.0
syntax/mod-n	nocaps	throughput	3	1376256	1528580	1376256	1376256	1.111	1361000	0	0	30512	0	0	7628	7628	0	0	0	0	0	0	0	38140	83672	dfa	unanchored	run-pinned	reverse-pass	unwrapped	636174@0	none		0	unanchored	3	3	678927.310345	521149.414216	0.0	0.0	13552.1	0.0	0.0	3388.0	3388.0	0.0	0.0	0.0	0.0	0.0	0.0	0.0
syntax/mod-r	default	match	42	791	56	56	791	0.071	0	0	0	0	0	0	0	0	0	0	0	0	0	0	0	0	0	dfa	unanchored	byte-class	reverse-pass	unwrapped	434154@0/dfdfdf	0		0	unanchored	3	3	443.566061	1808.446062	0.0	0.0	0.0	0.0	0.0	0.0	0.0	0.0	0.0	0.0	0.0	0.0	0.0	0.0
syntax/mod-r	default	search_short	42	791	1495	760	649	2.304	1389	0	0	24	0	0	0	0	679	25	0	0	0	0	0	728	111	dfa	unanchored	byte-class	reverse-pass	unwrapped	434154@0/dfdfdf	0		0	unanchored	3	3	720.318901	1747.709369	0.0	0.0	11.6	0.0	0.0	0.0	0.0	327.2	12.0	0.0	0.0	0.0	0.0	0.0
syntax/mod-r	default	throughput	3	1376256	7119109	1376256	1376256	5.173	6933597	0	0	32248	0	4197209	8062	8062	1473086	32248	0	0	0	0	0	5742853	0	dfa	unanchored	byte-class	reverse-pass	unwrapped	434154@0/dfdfdf	0		0	unanchored	3	3	2213074.732143	565789.524752	0.0	0.0	10024.7	0.0	1304761.2	2506.2	2506.2	457929.4	10024.7	0.0	0.0	0.0	0.0	0.0
syntax/mod-r	nocaps	match	42	791	56	56	791	0.071	0	0	0	0	0	0	0	0	0	0	0	0	0	0	0	0	0	dfa	unanchored	byte-class	reverse-pass	unwrapped	434154@0/dfdfdf	0		0	unanchored	3	3	453.81348	1808.446062	0.0	0.0	0.0	0.0	0.0	0.0	0.0	0.0	0.0	0.0	0.0	0.0	0.0	0.0
syntax/mod-r	nocaps	search_short	42	791	1495	760	649	2.304	1389	0	0	24	0	0	0	0	679	25	0	0	0	0	0	728	111	dfa	unanchored	byte-class	reverse-pass	unwrapped	434154@0/dfdfdf	0		0	unanchored	3	3	689.684897	1747.709369	0.0	0.0	11.1	0.0	0.0	0.0	0.0	313.2	11.5	0.0	0.0	0.0	0.0	0.0
syntax/mod-r	nocaps	throughput	3	1376256	7119109	1376256	1376256	5.173	6933597	0	0	32248	0	4197209	8062	8062	1473086	32248	0	0	0	0	0	5742853	0	dfa	unanchored	byte-class	reverse-pass	unwrapped	434154@0/dfdfdf	0		0	unanchored	3	3	2175592.982609	565789.524752	0.0	0.0	9855.0	0.0	1282663.1	2463.7	2463.7	450173.7	9855.0	0.0	0.0	0.0	0.0	0.0
syntax/mod-reset	default	match	42	791	55	55	791	0.070	0	0	0	0	0	0	0	0	0	0	0	0	0	0	0	0	0	dfa	unanchored	run-pinned	reverse-pass	unwrapped	6174@0	none		0	unanchored	3	3	456.50517	1573.027533	0.0	0.0	0.0	0.0	0.0	0.0	0.0	0.0	0.0	0.0	0.0	0.0	0.0	0.0
syntax/mod-reset	default	search_short	42	791	738	616	649	1.137	615	0	0	21	0	0	0	0	0	0	0	0	0	0	0	21	50	dfa	unanchored	run-pinned	reverse-pass	unwrapped	6174@0	none		0	unanchored	3	3	863.86393	1596.933361	0.0	0.0	24.6	0.0	0.0	0.0	0.0	0.0	0.0	0.0	0.0	0.0	0.0	0.0
syntax/mod-reset	default	throughput	3	1376256	1540915	1376254	1376256	1.120	1382525	0	0	32248	0	0	8062	8062	0	0	0	0	0	0	0	40310	100077	dfa	unanchored	run-pinned	reverse-pass	unwrapped	6174@0	none		0	unanchored	3	3	976694.654206	738166.577778	0.0	0.0	20440.1	0.0	0.0	5110.0	5110.0	0.0	0.0	0.0	0.0	0.0	0.0	0.0
syntax/mod-reset	nocaps	match	42	791	55	55	791	0.070	0	0	0	0	0	0	0	0	0	0	0	0	0	0	0	0	0	dfa	unanchored	run-pinned	reverse-pass	unwrapped	6174@0	none		0	unanchored	3	3	457.279595	1573.027533	0.0	0.0	0.0	0.0	0.0	0.0	0.0	0.0	0.0	0.0	0.0	0.0	0.0	0.0
syntax/mod-reset	nocaps	search_short	42	791	738	616	649	1.137	615	0	0	21	0	0	0	0	0	0	0	0	0	0	0	21	50	dfa	unanchored	run-pinned	reverse-pass	unwrapped	6174@0	none		0	unanchored	3	3	864.981964	1596.933361	0.0	0.0	24.6	0.0	0.0	0.0	0.0	0.0	0.0	0.0	0.0	0.0	0.0	0.0
syntax/mod-reset	nocaps	throughput	3	1376256	1540915	1376254	1376256	1.120	1382525	0	0	32248	0	0	8062	8062	0	0	0	0	0	0	0	40310	100077	dfa	unanchored	run-pinned	reverse-pass	unwrapped	6174@0	none		0	unanchored	3	3	976402.787072	738166.577778	0.0	0.0	20434.0	0.0	0.0	5108.5	5108.5	0.0	0.0	0.0	0.0	0.0	0.0	0.0
syntax/mod-s	default	match	42	791	85	85	791	0.107	0	0	0	0	0	0	0	0	0	0	0	0	0	0	0	0	0	dfa	unanchored	offset-set	reverse-pass	unwrapped	646f6e65@0	5		0	unanchored	9	9	478.154776	650.516571	0.0	0.0	0.0	0.0	0.0	0.0	0.0	0.0	0.0	0.0	0.0	0.0	0.0	0.0
syntax/mod-s	default	search_short	42	791	1182	791	790	1.496	1124	0	0	27	0	0	0	0	307	51	0	0	0	0	0	385	1	dfa	unanchored	offset-set	reverse-pass	unwrapped	646f6e65@0	5		0	unanchored	9	9	597.778872	1610.083332	0.0	0.0	13.7	0.0	0.0	0.0	0.0	155.3	25.8	0.0	0.0	0.0	0.0	0.0
syntax/mod-s	default	throughput	3	1376256	1413836	1366100	1376256	1.027	1361969	0	0	380	0	0	38	38	3229	510	0	0	0	0	0	4157	19283	dfa	unanchored	offset-set	reverse-pass	unwrapped	646f6e65@0	5		0	unanchored	9	9	451731.805501	169775.61157	0.0	0.0	121.4	0.0	0.0	12.1	12.1	1031.7	162.9	0.0	0.0	0.0	0.0	0.0
syntax/mod-s	nocaps	match	42	791	85	85	791	0.107	0	0	0	0	0	0	0	0	0	0	0	0	0	0	0	0	0	dfa	unanchored	offset-set	reverse-pass	unwrapped	646f6e65@0	5		0	unanchored	9	9	478.817791	650.516571	0.0	0.0	0.0	0.0	0.0	0.0	0.0	0.0	0.0	0.0	0.0	0.0	0.0	0.0
syntax/mod-s	nocaps	search_short	42	791	1182	791	790	1.496	1124	0	0	27	0	0	0	0	307	51	0	0	0	0	0	385	1	dfa	unanchored	offset-set	reverse-pass	unwrapped	646f6e65@0	5		0	unanchored	9	9	596.915397	1610.083332	0.0	0.0	13.6	0.0	0.0	0.0	0.0	155.0	25.8	0.0	0.0	0.0	0.0	0.0
syntax/mod-s	nocaps	throughput	3	1376256	1413836	1366100	1376256	1.027	1361969	0	0	380	0	0	38	38	3229	510	0	0	0	0	0	4157	19283	dfa	unanchored	offset-set	reverse-pass	unwrapped	646f6e65@0	5		0	unanchored	9	9	451706.085149	169775.61157	0.0	0.0	121.4	0.0	0.0	12.1	12.1	1031.6	162.9	0.0	0.0	0.0	0.0	0.0
syntax/mod-u-uc	default	match	42	791	49	48	791	0.062	0	0	0	0	0	0	0	0	0	0	0	0	0	0	0	0	0	dfa	unanchored	memchr	reverse-pass	unwrapped	none	none		0	unanchored	-1	3	480.387746	1041.545608	0.0	0.0	0.0	0.0	0.0	0.0	0.0	0.0	0.0	0.0	0.0	0.0	0.0	0.0
syntax/mod-u-uc	default	search_short	42	791	773	749	748	1.033	736	0	0	0	20	0	0	0	0	0	0	0	0	0	0	20	3	dfa	unanchored	memchr	reverse-pass	unwrapped	none	none		0	unanchored	-1	3	417.08715	1617.98465	0.0	0.0	0.0	10.8	0.0	0.0	0.0	0.0	0.0	0.0	0.0	0.0	0.0	0.0
syntax/mod-u-uc	default	throughput	3	1376256	1419941	1376256	1376256	1.032	1353205	0	0	0	32575	0	1955	0	0	0	0	0	0	0	0	34530	4996	dfa	unanchored	memchr	reverse-pass	unwrapped	none	none		0	unanchored	-1	3	144772.577411	226567.527012	0.0	0.0	0.0	3321.2	0.0	199.3	0.0	0.0	0.0	0.0	0.0	0.0	0.0	0.0
syntax/mod-u-uc	nocaps	match	42	791	49	48	791	0.062	0	0	0	0	0	0	0	0	0	0	0	0	0	0	0	0	0	dfa	unanchored	memchr	reverse-pass	unwrapped	none	none		0	unanchored	-1	3	480.284794	1041.545608	0.0	0.0	0.0	0.0	0.0	0.0	0.0	0.0	0.0	0.0	0.0	0.0	0.0	0.0
syntax/mod-u-uc	nocaps	search_short	42	791	773	749	748	1.033	736	0	0	0	20	0	0	0	0	0	0	0	0	0	0	20	3	dfa	unanchored	memchr	reverse-pass	unwrapped	none	none		0	unanchored	-1	3	417.83408	1617.98465	0.0	0.0	0.0	10.8	0.0	0.0	0.0	0.0	0.0	0.0	0.0	0.0	0.0	0.0
syntax/mod-u-uc	nocaps	throughput	3	1376256	1419941	1376256	1376256	1.032	1353205	0	0	0	32575	0	1955	0	0	0	0	0	0	0	0	34530	4996	dfa	unanchored	memchr	reverse-pass	unwrapped	none	none		0	unanchored	-1	3	144564.797212	226567.527012	0.0	0.0	0.0	3316.5	0.0	199.0	0.0	0.0	0.0	0.0	0.0	0.0	0.0	0.0
syntax/mod-unset	default	match	42	791	55	55	791	0.070	0	0	0	0	0	0	0	0	0	0	0	0	0	0	0	0	0	dfa	unanchored	run-pinned	reverse-pass	unwrapped	6174@0	none		0	unanchored	3	3	457.140724	528.564142	0.0	0.0	0.0	0.0	0.0	0.0	0.0	0.0	0.0	0.0	0.0	0.0	0.0	0.0
syntax/mod-unset	default	search_short	42	791	738	616	649	1.137	615	0	0	21	0	0	0	0	0	0	0	0	0	0	0	21	50	dfa	unanchored	run-pinned	reverse-pass	unwrapped	6174@0	none		0	unanchored	3	3	863.496718	1512.0275	0.0	0.0	24.6	0.0	0.0	0.0	0.0	0.0	0.0	0.0	0.0	0.0	0.0	0.0
syntax/mod-unset	default	throughput	3	1376256	1540915	1376254	1376256	1.120	1382525	0	0	32248	0	0	8062	8062	0	0	0	0	0	0	0	40310	100077	dfa	unanchored	run-pinned	reverse-pass	unwrapped	6174@0	none		0	unanchored	3	3	976564.953488	696464.586111	0.0	0.0	20437.4	0.0	0.0	5109.3	5109.3	0.0	0.0	0.0	0.0	0.0	0.0	0.0
syntax/mod-unset	nocaps	match	42	791	55	55	791	0.070	0	0	0	0	0	0	0	0	0	0	0	0	0	0	0	0	0	dfa	unanchored	run-pinned	reverse-pass	unwrapped	6174@0	none		0	unanchored	3	3	457.519342	528.564142	0.0	0.0	0.0	0.0	0.0	0.0	0.0	0.0	0.0	0.0	0.0	0.0	0.0	0.0
syntax/mod-unset	nocaps	search_short	42	791	738	616	649	1.137	615	0	0	21	0	0	0	0	0	0	0	0	0	0	0	21	50	dfa	unanchored	run-pinned	reverse-pass	unwrapped	6174@0	none		0	unanchored	3	3	863.75749	1512.0275	0.0	0.0	24.6	0.0	0.0	0.0	0.0	0.0	0.0	0.0	0.0	0.0	0.0	0.0
syntax/mod-unset	nocaps	throughput	3	1376256	1540915	1376254	1376256	1.120	1382525	0	0	32248	0	0	8062	8062	0	0	0	0	0	0	0	40310	100077	dfa	unanchored	run-pinned	reverse-pass	unwrapped	6174@0	none		0	unanchored	3	3	976725.190661	696464.586111	0.0	0.0	20440.7	0.0	0.0	5110.2	5110.2	0.0	0.0	0.0	0.0	0.0	0.0	0.0
syntax/mod-x	default	match	42	791	49	49	791	0.062	0	0	0	0	0	0	0	0	0	0	0	0	0	0	0	0	0	dfa	unanchored	run-pinned	reverse-pass	unwrapped	636174@0	none		0	unanchored	3	3																
syntax/mod-x	default	search_short	42	791	721	655	657	1.097	641	0	0	19	0	0	0	0	0	0	0	0	0	0	0	19	30	dfa	unanchored	run-pinned	reverse-pass	unwrapped	636174@0	none		0	unanchored	3	3	468.985205	1022.113259	0.0	0.0	12.4	0.0	0.0	0.0	0.0	0.0	0.0	0.0	0.0	0.0	0.0	0.0
syntax/mod-x	default	throughput	3	1376256	1528580	1376256	1376256	1.111	1361000	0	0	30512	0	0	7628	7628	0	0	0	0	0	0	0	38140	83672	dfa	unanchored	run-pinned	reverse-pass	unwrapped	636174@0	none		0	unanchored	3	3	679220.389049	346777.765896	0.0	0.0	13557.9	0.0	0.0	3389.5	3389.5	0.0	0.0	0.0	0.0	0.0	0.0	0.0
syntax/mod-x	nocaps	match	42	791	49	49	791	0.062	0	0	0	0	0	0	0	0	0	0	0	0	0	0	0	0	0	dfa	unanchored	run-pinned	reverse-pass	unwrapped	636174@0	none		0	unanchored	3	3																
syntax/mod-x	nocaps	search_short	42	791	721	655	657	1.097	641	0	0	19	0	0	0	0	0	0	0	0	0	0	0	19	30	dfa	unanchored	run-pinned	reverse-pass	unwrapped	636174@0	none		0	unanchored	3	3	469.108645	1022.113259	0.0	0.0	12.4	0.0	0.0	0.0	0.0	0.0	0.0	0.0	0.0	0.0	0.0	0.0
syntax/mod-x	nocaps	throughput	3	1376256	1528580	1376256	1376256	1.111	1361000	0	0	30512	0	0	7628	7628	0	0	0	0	0	0	0	38140	83672	dfa	unanchored	run-pinned	reverse-pass	unwrapped	636174@0	none		0	unanchored	3	3	678847.927778	346777.765896	0.0	0.0	13550.5	0.0	0.0	3387.6	3387.6	0.0	0.0	0.0	0.0	0.0	0.0	0.0
syntax/qnt-lazy	default	match	42	791	49	48	791	0.062	0	0	0	0	0	0	0	0	0	0	0	0	0	0	0	0	0	dfa	unanchored	memchr	reverse-pass	unwrapped	none	none		0	unanchored	-1	2	480.139448	1074.081239	0.0	0.0	0.0	0.0	0.0	0.0	0.0	0.0	0.0	0.0	0.0	0.0	0.0	0.0
syntax/qnt-lazy	default	search_short	42	791	773	749	748	1.033	736	0	0	0	20	0	0	0	0	0	0	0	0	0	0	20	3	dfa	unanchored	memchr	reverse-pass	unwrapped	none	none		0	unanchored	-1	2	414.960251	1658.405265	0.0	0.0	0.0	10.7	0.0	0.0	0.0	0.0	0.0	0.0	0.0	0.0	0.0	0.0
syntax/qnt-lazy	default	throughput	3	1376256	1419941	1376256	1376256	1.032	1353205	0	0	0	32575	0	1955	0	0	0	0	0	0	0	0	34530	4996	dfa	unanchored	memchr	reverse-pass	unwrapped	none	none		0	unanchored	-1	2	141279.53018	222444.889908	0.0	0.0	0.0	3241.1	0.0	194.5	0.0	0.0	0.0	0.0	0.0	0.0	0.0	0.0
syntax/qnt-lazy	nocaps	match	42	791	49	48	791	0.062	0	0	0	0	0	0	0	0	0	0	0	0	0	0	0	0	0	dfa	unanchored	memchr	reverse-pass	unwrapped	none	none		0	unanchored	-1	2	479.961104	1074.081239	0.0	0.0	0.0	0.0	0.0	0.0	0.0	0.0	0.0	0.0	0.0	0.0	0.0	0.0
syntax/qnt-lazy	nocaps	search_short	42	791	773	749	748	1.033	736	0	0	0	20	0	0	0	0	0	0	0	0	0	0	20	3	dfa	unanchored	memchr	reverse-pass	unwrapped	none	none		0	unanchored	-1	2	413.383103	1658.405265	0.0	0.0	0.0	10.7	0.0	0.0	0.0	0.0	0.0	0.0	0.0	0.0	0.0	0.0
syntax/qnt-lazy	nocaps	throughput	3	1376256	1419941	1376256	1376256	1.032	1353205	0	0	0	32575	0	1955	0	0	0	0	0	0	0	0	34530	4996	dfa	unanchored	memchr	reverse-pass	unwrapped	none	none		0	unanchored	-1	2	141761.531288	222444.889908	0.0	0.0	0.0	3252.2	0.0	195.2	0.0	0.0	0.0	0.0	0.0	0.0	0.0	0.0
syntax/qnt-plus	default	match	42	791	50	50	791	0.063	0	0	0	0	0	0	0	0	0	0	0	0	0	0	0	0	0	dfa	unanchored	memchr	reverse-pass	unwrapped	none	none		0	unanchored	-1	2	453.708556	1075.408584	0.0	0.0	0.0	0.0	0.0	0.0	0.0	0.0	0.0	0.0	0.0	0.0	0.0	0.0
syntax/qnt-plus	default	search_short	42	791	1092	750	745	1.466	931	0	0	0	51	0	0	0	0	238	0	0	0	0	0	289	30	dfa	unanchored	memchr	reverse-pass	unwrapped	none	none		0	unanchored	-1	2	715.692504	1777.803456	0.0	0.0	0.0	33.4	0.0	0.0	0.0	0.0	156.0	0.0	0.0	0.0	0.0	0.0
syntax/qnt-plus	default	throughput	3	1376256	1784706	1376256	1376256	1.297	1582900	0	0	0	300	0	1980	0	0	280828	0	0	0	0	0	283108	27410	dfa	unanchored	memchr	reverse-pass	unwrapped	none	none		0	unanchored	-1	2	851941.343537	1550537.145833	0.0	0.0	0.0	143.2	0.0	945.2	0.0	0.0	134055.1	0.0	0.0	0.0	0.0	0.0
syntax/qnt-plus	nocaps	match	42	791	50	50	791	0.063	0	0	0	0	0	0	0	0	0	0	0	0	0	0	0	0	0	dfa	unanchored	memchr	reverse-pass	unwrapped	none	none		0	unanchored	-1	2	454.978162	1075.408584	0.0	0.0	0.0	0.0	0.0	0.0	0.0	0.0	0.0	0.0	0.0	0.0	0.0	0.0
syntax/qnt-plus	nocaps	search_short	42	791	1092	750	745	1.466	931	0	0	0	51	0	0	0	0	238	0	0	0	0	0	289	30	dfa	unanchored	memchr	reverse-pass	unwrapped	none	none		0	unanchored	-1	2	715.987952	1777.803456	0.0	0.0	0.0	33.4	0.0	0.0	0.0	0.0	156.0	0.0	0.0	0.0	0.0	0.0
syntax/qnt-plus	nocaps	throughput	3	1376256	1784706	1376256	1376256	1.297	1582900	0	0	0	300	0	1980	0	0	280828	0	0	0	0	0	283108	27410	dfa	unanchored	memchr	reverse-pass	unwrapped	none	none		0	unanchored	-1	2	850676.062092	1550537.145833	0.0	0.0	0.0	143.0	0.0	943.8	0.0	0.0	133856.0	0.0	0.0	0.0	0.0	0.0
syntax/qnt-plus-ctl	default	match	42	791	89	48	791	0.113	0	0	0	0	0	0	0	0	0	0	0	0	0	0	0	0	0	dfa	unanchored	offset-set	reverse-pass	unwrapped	6162@1	none		0	unanchored	-1	3	480.49634	1032.341764	0.0	0.0	0.0	0.0	0.0	0.0	0.0	0.0	0.0	0.0	0.0	0.0	0.0	0.0
syntax/qnt-plus-ctl	default	search_short	42	791	949	740	776	1.223	841	0	0	0	47	0	0	0	23	120	0	0	0	0	0	190	0	dfa	unanchored	offset-set	reverse-pass	unwrapped	6162@1	none		0	unanchored	-1	3	638.672455	1839.508199	0.0	0.0	0.0	31.6	0.0	0.0	0.0	15.5	80.8	0.0	0.0	0.0	0.0	0.0
syntax/qnt-plus-ctl	default	throughput	3	1376256	1474808	1376254	1376256	1.072	1378854	0	0	0	0	0	0	0	19	2582	0	0	0	0	0	2601	95951	dfa	unanchored	offset-set	reverse-pass	unwrapped	6162@1	none		0	unanchored	-1	3	720602.666667	1497535.35443	0.0	0.0	0.0	0.0	0.0	0.0	0.0	9.3	1261.6	0.0	0.0	0.0	0.0	0.0
syntax/qnt-plus-ctl	nocaps	match	42	791	89	48	791	0.113	0	0	0	0	0	0	0	0	0	0	0	0	0	0	0	0	0	dfa	unanchored	offset-set	reverse-pass	unwrapped	6162@1	none		0	unanchored	-1	3	487.35595	1032.341764	0.0	0.0	0.0	0.0	0.0	0.0	0.0	0.0	0.0	0.0	0.0	0.0	0.0	0.0
syntax/qnt-plus-ctl	nocaps	search_short	42	791	949	740	776	1.223	841	0	0	0	47	0	0	0	23	120	0	0	0	0	0	190	0	dfa	unanchored	offset-set	reverse-pass	unwrapped	6162@1	none		0	unanchored	-1	3	639.311152	1839.508199	0.0	0.0	0.0	31.7	0.0	0.0	0.0	15.5	80.8	0.0	0.0	0.0	0.0	0.0
syntax/qnt-plus-ctl	nocaps	throughput	3	1376256	1474808	1376254	1376256	1.072	1378854	0	0	0	0	0	0	0	19	2582	0	0	0	0	0	2601	95951	dfa	unanchored	offset-set	reverse-pass	unwrapped	6162@1	none		0	unanchored	-1	3	720647.140411	1497535.35443	0.0	0.0	0.0	0.0	0.0	0.0	0.0	9.3	1261.7	0.0	0.0	0.0	0.0	0.0
syntax/qnt-poss-brace	default	match	42	791	49	49	791	0.062	0	0	0	0	0	0	0	0	0	0	0	0	0	0	0	0	0	dfa	unanchored	memchr	reverse-pass	unwrapped	none	none		0	unanchored	3	2	430.49521	1439.778223	0.0	0.0	0.0	0.0	0.0	0.0	0.0	0.0	0.0	0.0	0.0	0.0	0.0	0.0
syntax/qnt-poss-brace	default	search_short	42	791	1051	750	745	1.411	931	0	0	0	4	0	0	0	0	238	0	0	0	0	0	242	36	dfa	unanchored	memchr	reverse-pass	unwrapped	none	none		0	unanchored	3	2	690.729523	2049.376437	0.0	0.0	0.0	2.6	0.0	0.0	0.0	0.0	156.4	0.0	0.0	0.0	0.0	0.0
syntax/qnt-poss-brace	default	throughput	3	1376256	1782726	1376256	1376256	1.295	1582900	0	0	0	225	0	1980	1980	0	280828	0	0	0	0	0	283033	25505	dfa	unanchored	memchr	reverse-pass	unwrapped	none	none		0	unanchored	3	2	878000.989865	1405914.023392	0.0	0.0	0.0	110.8	0.0	975.2	975.2	0.0	138309.1	0.0	0.0	0.0	0.0	0.0
syntax/qnt-poss-brace	nocaps	match	42	791	49	49	791	0.062	0	0	0	0	0	0	0	0	0	0	0	0	0	0	0	0	0	dfa	unanchored	memchr	reverse-pass	unwrapped	none	none		0	unanchored	3	2	437.317684	1439.778223	0.0	0.0	0.0	0.0	0.0	0.0	0.0	0.0	0.0	0.0	0.0	0.0	0.0	0.0
syntax/qnt-poss-brace	nocaps	search_short	42	791	1051	750	745	1.411	931	0	0	0	4	0	0	0	0	238	0	0	0	0	0	242	36	dfa	unanchored	memchr	reverse-pass	unwrapped	none	none		0	unanchored	3	2	691.374871	2049.376437	0.0	0.0	0.0	2.6	0.0	0.0	0.0	0.0	156.6	0.0	0.0	0.0	0.0	0.0
syntax/qnt-poss-brace	nocaps	throughput	3	1376256	1782726	1376256	1376256	1.295	1582900	0	0	0	225	0	1980	1980	0	280828	0	0	0	0	0	283033	25505	dfa	unanchored	memchr	reverse-pass	unwrapped	none	none		0	unanchored	3	2	878712.689189	1405914.023392	0.0	0.0	0.0	110.9	0.0	975.9	975.9	0.0	138421.2	0.0	0.0	0.0	0.0	0.0
syntax/qnt-poss-plus	default	match	42	791	52	48	791	0.066	0	0	0	0	0	0	0	0	0	0	0	0	0	0	0	0	0	vm	unanchored	offset-set	reverse-pass		6162@1	none	hybrid	0	unanchored	-1	3	389.917086	1400.319892	0.0	0.0	0.0	0.0	0.0	0.0	0.0	0.0	0.0	0.0	0.0	0.0	0.0	0.0
syntax/qnt-poss-plus	default	search_short	42	791	1896	754	791	2.397	841	0	0	0	0	0	0	0	23	120	0	46	887	0	0	143	25	vm	unanchored	offset-set	reverse-pass		6162@1	none	hybrid	0	unanchored	-1	3	1469.288704	1796.578945	0.0	0.0	0.0	0.0	0.0	0.0	0.0	17.8	93.0	0.0	35.6	687.4	0.0	0.0
syntax/qnt-poss-plus	default	throughput	3	1376256	1474808	1376254	1376256	1.072	1378854	0	0	0	0	0	0	0	19	2582	0	0	0	0	0	2601	95951	vm	unanchored	offset-set	reverse-pass		6162@1	none	hybrid	0	unanchored	-1	3	720239.901754	1504735.882353	0.0	0.0	0.0	0.0	0.0	0.0	0.0	9.3	1261.0	0.0	0.0	0.0	0.0	0.0
syntax/qnt-poss-plus	nocaps	match	42	791	52	48	791	0.066	0	0	0	0	0	0	0	0	0	0	0	0	0	0	0	0	0	vm	unanchored	offset-set	reverse-pass		6162@1	none	hybrid	0	unanchored	-1	3	390.217105	1400.319892	0.0	0.0	0.0	0.0	0.0	0.0	0.0	0.0	0.0	0.0	0.0	0.0	0.0	0.0
syntax/qnt-poss-plus	nocaps	search_short	42	791	1896	754	791	2.397	841	0	0	0	0	0	0	0	23	120	0	46	887	0	0	143	25	vm	unanchored	offset-set	reverse-pass		6162@1	none	hybrid	0	unanchored	-1	3	1468.084324	1796.578945	0.0	0.0	0.0	0.0	0.0	0.0	0.0	17.8	92.9	0.0	35.6	686.8	0.0	0.0
syntax/qnt-poss-plus	nocaps	throughput	3	1376256	1474808	1376254	1376256	1.072	1378854	0	0	0	0	0	0	0	19	2582	0	0	0	0	0	2601	95951	vm	unanchored	offset-set	reverse-pass		6162@1	none	hybrid	0	unanchored	-1	3	720059.892857	1504735.882353	0.0	0.0	0.0	0.0	0.0	0.0	0.0	9.3	1260.6	0.0	0.0	0.0	0.0	0.0
syntax/qnt-poss-quest	default	match	42	791	84	46	791	0.106	0	0	0	0	0	0	0	0	0	0	0	0	0	0	0	0	0	vm	unanchored	memchr	reverse-pass		none	none	hybrid	0	unanchored	2	1	260.7742	968.116135	0.0	0.0	0.0	0.0	0.0	0.0	0.0	0.0	0.0	0.0	0.0	0.0	0.0	0.0
syntax/qnt-poss-quest	default	search_short	42	791	1299	737	735	1.767	310	0	0	0	5	0	0	0	0	0	0	48	443	0	0	5	43	vm	unanchored	memchr	reverse-pass		none	none	hybrid	0	unanchored	2	1	1345.229063	1917.208534	0.0	0.0	0.0	5.2	0.0	0.0	0.0	0.0	0.0	0.0	49.7	458.8	0.0	0.0
syntax/qnt-poss-quest	default	throughput	3	1376256	2703808	1376256	1376256	1.965	86863	0	0	0	0	0	0	0	0	0	0	12804	1292572	0	0	0	12806	vm	unanchored	memchr	reverse-pass		none	none	hybrid	0	unanchored	2	1	2395941.472727	1208935.558824	0.0	0.0	0.0	0.0	0.0	0.0	0.0	0.0	0.0	0.0	11346.1	1145394.5	0.0	0.0
syntax/qnt-poss-quest	nocaps	match	42	791	84	46	791	0.106	0	0	0	0	0	0	0	0	0	0	0	0	0	0	0	0	0	vm	unanchored	memchr	reverse-pass		none	none	hybrid	0	unanchored	2	1	261.368976	968.116135	0.0	0.0	0.0	0.0	0.0	0.0	0.0	0.0	0.0	0.0	0.0	0.0	0.0	0.0
syntax/qnt-poss-quest	nocaps	search_short	42	791	1299	737	735	1.767	310	0	0	0	5	0	0	0	0	0	0	48	443	0	0	5	43	vm	unanchored	memchr	reverse-pass		none	none	hybrid	0	unanchored	2	1	1352.960739	1917.208534	0.0	0.0	0.0	5.2	0.0	0.0	0.0	0.0	0.0	0.0	50.0	461.4	0.0	0.0
syntax/qnt-poss-quest	nocaps	throughput	3	1376256	2703808	1376256	1376256	1.965	86863	0	0	0	0	0	0	0	0	0	0	12804	1292572	0	0	0	12806	vm	unanchored	memchr	reverse-pass		none	none	hybrid	0	unanchored	2	1	2396870.179245	1208935.558824	0.0	0.0	0.0	0.0	0.0	0.0	0.0	0.0	0.0	0.0	11350.5	1145838.5	0.0	0.0
syntax/qnt-poss-star	default	match	42	791	51	51	791	0.064	0	0	0	0	0	0	0	0	0	0	0	0	0	0	0	0	0	dfa	unanchored	memchr	reverse-pass	unwrapped	none	none		0	unanchored	-1	1	443.804691	1106.184993	0.0	0.0	0.0	0.0	0.0	0.0	0.0	0.0	0.0	0.0	0.0	0.0	0.0	0.0
syntax/qnt-poss-star	default	search_short	42	791	690	591	577	1.196	577	0	0	0	25	0	0	0	0	0	0	0	0	0	0	25	73	dfa	unanchored	memchr	reverse-pass	unwrapped	none	none		0	unanchored	-1	1	559.240062	1994.847561	0.0	0.0	0.0	20.3	0.0	0.0	0.0	0.0	0.0	0.0	0.0	0.0	0.0	0.0
syntax/qnt-poss-star	default	throughput	3	1376256	1432841	1376256	1376256	1.041	1376256	0	0	0	26823	0	10921	0	0	0	0	0	0	0	0	37744	0	dfa	unanchored	memchr	reverse-pass	unwrapped	none	none		0	unanchored	-1	1	320948.2875	1030193.410714	0.0	0.0	0.0	6008.2	0.0	2446.2	0.0	0.0	0.0	0.0	0.0	0.0	0.0	0.0
syntax/qnt-poss-star	nocaps	match	42	791	51	51	791	0.064	0	0	0	0	0	0	0	0	0	0	0	0	0	0	0	0	0	dfa	unanchored	memchr	reverse-pass	unwrapped	none	none		0	unanchored	-1	1	438.55175	1106.184993	0.0	0.0	0.0	0.0	0.0	0.0	0.0	0.0	0.0	0.0	0.0	0.0	0.0	0.0
syntax/qnt-poss-star	nocaps	search_short	42	791	690	591	577	1.196	577	0	0	0	25	0	0	0	0	0	0	0	0	0	0	25	73	dfa	unanchored	memchr	reverse-pass	unwrapped	none	none		0	unanchored	-1	1	557.864688	1994.847561	0.0	0.0	0.0	20.2	0.0	0.0	0.0	0.0	0.0	0.0	0.0	0.0	0.0	0.0
syntax/qnt-poss-star	nocaps	throughput	3	1376256	1432841	1376256	1376256	1.041	1376256	0	0	0	26823	0	10921	0	0	0	0	0	0	0	0	37744	0	dfa	unanchored	memchr	reverse-pass	unwrapped	none	none		0	unanchored	-1	1	320739.617607	1030193.410714	0.0	0.0	0.0	6004.3	0.0	2444.7	0.0	0.0	0.0	0.0	0.0	0.0	0.0	0.0
syntax/qnt-quest	default	match	42	791	47	47	791	0.059	0	0	0	0	0	0	0	0	0	0	0	0	0	0	0	0	0	dfa	unanchored	offset-set	reverse-pass	unwrapped	636f6c6f@0	0		0	unanchored	6	5	453.955547	271.454593	0.0	0.0	0.0	0.0	0.0	0.0	0.0	0.0	0.0	0.0	0.0	0.0	0.0	0.0
syntax/qnt-quest	default	search_short	42	791	810	763	787	1.029	795	0	0	0	7	0	0	0	34	4	0	0	0	0	0	45	0	dfa	unanchored	offset-set	reverse-pass	unwrapped	636f6c6f@0	0		0	unanchored	6	5	389.588913	955.448553	0.0	0.0	0.0	3.4	0.0	0.0	0.0	16.4	1.9	0.0	0.0	0.0	0.0	0.0
syntax/qnt-quest	default	throughput	3	1376256	1512846	1376256	1376256	1.099	1467411	0	0	0	21203	0	3029	3029	94184	15145	0	0	0	0	0	133561	0	dfa	unanchored	offset-set	reverse-pass	unwrapped	636f6c6f@0	0		0	unanchored	6	5	1208669.951923	436014.063439	0.0	0.0	0.0	16939.9	0.0	2420.0	2420.0	75247.2	12099.9	0.0	0.0	0.0	0.0	0.0
syntax/qnt-quest	nocaps	match	42	791	47	47	791	0.059	0	0	0	0	0	0	0	0	0	0	0	0	0	0	0	0	0	dfa	unanchored	offset-set	reverse-pass	unwrapped	636f6c6f@0	0		0	unanchored	6	5	458.4769	271.454593	0.0	0.0	0.0	0.0	0.0	0.0	0.0	0.0	0.0	0.0	0.0	0.0	0.0	0.0
syntax/qnt-quest	nocaps	search_short	42	791	810	763	787	1.029	795	0	0	0	7	0	0	0	34	4	0	0	0	0	0	45	0	dfa	unanchored	offset-set	reverse-pass	unwrapped	636f6c6f@0	0		0	unanchored	6	5	388.91809	955.448553	0.0	0.0	0.0	3.4	0.0	0.0	0.0	16.3	1.9	0.0	0.0	0.0	0.0	0.0
syntax/qnt-quest	nocaps	throughput	3	1376256	1512846	1376256	1376256	1.099	1467411	0	0	0	21203	0	3029	3029	94184	15145	0	0	0	0	0	133561	0	dfa	unanchored	offset-set	reverse-pass	unwrapped	636f6c6f@0	0		0	unanchored	6	5	1206308.009524	436014.063439	0.0	0.0	0.0	16906.8	0.0	2415.3	2415.3	75100.1	12076.3	0.0	0.0	0.0	0.0	0.0
syntax/qnt-star	default	match	42	791	49	49	791	0.062	0	0	0	0	0	0	0	0	0	0	0	0	0	0	0	0	0	dfa	unanchored	memchr	reverse-pass	unwrapped	none	none		0	unanchored	-1	2	429.378598	1067.778897	0.0	0.0	0.0	0.0	0.0	0.0	0.0	0.0	0.0	0.0	0.0	0.0	0.0	0.0
syntax/qnt-star	default	search_short	42	791	698	661	657	1.062	634	0	0	0	15	0	0	0	0	0	0	0	0	0	0	15	8	dfa	unanchored	memchr	reverse-pass	unwrapped	none	none		0	unanchored	-1	2	514.833451	1666.448805	0.0	0.0	0.0	11.1	0.0	0.0	0.0	0.0	0.0	0.0	0.0	0.0	0.0	0.0
syntax/qnt-star	default	throughput	3	1376256	1464793	1376256	1376256	1.064	1322978	0	0	0	7739	0	9562	0	0	0	0	0	0	0	0	17301	19013	dfa	unanchored	memchr	reverse-pass	unwrapped	none	none		0	unanchored	-1	2	850702.106007	1260532.362573	0.0	0.0	0.0	4494.5	0.0	5553.3	0.0	0.0	0.0	0.0	0.0	0.0	0.0	0.0
syntax/qnt-star	nocaps	match	42	791	49	49	791	0.062	0	0	0	0	0	0	0	0	0	0	0	0	0	0	0	0	0	dfa	unanchored	memchr	reverse-pass	unwrapped	none	none		0	unanchored	-1	2	435.452727	1067.778897	0.0	0.0	0.0	0.0	0.0	0.0	0.0	0.0	0.0	0.0	0.0	0.0	0.0	0.0
syntax/qnt-star	nocaps	search_short	42	791	698	661	657	1.062	634	0	0	0	15	0	0	0	0	0	0	0	0	0	0	15	8	dfa	unanchored	memchr	reverse-pass	unwrapped	none	none		0	unanchored	-1	2	510.477881	1666.448805	0.0	0.0	0.0	11.0	0.0	0.0	0.0	0.0	0.0	0.0	0.0	0.0	0.0	0.0
syntax/qnt-star	nocaps	throughput	3	1376256	1464793	1376256	1376256	1.064	1322978	0	0	0	7739	0	9562	0	0	0	0	0	0	0	0	17301	19013	dfa	unanchored	memchr	reverse-pass	unwrapped	none	none		0	unanchored	-1	2	851870.631579	1260532.362573	0.0	0.0	0.0	4500.7	0.0	5560.9	0.0	0.0	0.0	0.0	0.0	0.0	0.0	0.0
syntax/rec-1	default	match	42	791	73	53	791	0.092	0	0	0	0	0	0	0	0	0	0	38	0	0	0	0	38	0	vm					none	none	none	0	unanchored	-1	2	605.454796	2370.197208	0.0	0.0	0.0	0.0	0.0	0.0	0.0	0.0	0.0	315.2	0.0	0.0	0.0	0.0
syntax/rec-1	default	search_short	42	791	816	754	754	1.082	758	0	0	0	0	0	0	0	6	17	0	0	31	0	0	23	8	vm					none	none	none	0	unanchored	-1	2	694.465545	1796.64224	0.0	0.0	0.0	0.0	0.0	0.0	0.0	5.1	14.5	0.0	0.0	26.4	0.0	0.0
syntax/rec-1	default	throughput	3	1376256	53963	18346	1376256	0.039	33081	0	0	0	0	0	0	0	16490	13434	0	0	3930	0	0	29924	0	vm					none	none	none	0	unanchored	-1	2																
syntax/rec-1	nocaps	match	42	791	73	53	791	0.092	0	0	0	0	0	0	0	0	0	0	38	0	0	0	0	38	0	vm					none	none	none	0	unanchored	-1	2	605.06023	2370.197208	0.0	0.0	0.0	0.0	0.0	0.0	0.0	0.0	0.0	315.0	0.0	0.0	0.0	0.0
syntax/rec-1	nocaps	search_short	42	791	816	754	754	1.082	758	0	0	0	0	0	0	0	6	17	0	0	31	0	0	23	8	vm					none	none	none	0	unanchored	-1	2	691.808534	1796.64224	0.0	0.0	0.0	0.0	0.0	0.0	0.0	5.1	14.4	0.0	0.0	26.3	0.0	0.0
syntax/rec-1	nocaps	throughput	3	1376256	53963	18346	1376256	0.039	33081	0	0	0	0	0	0	0	16490	13434	0	0	3930	0	0	29924	0	vm					none	none	none	0	unanchored	-1	2																
syntax/rec-back	default	match	42	791	51	51	791	0.064	0	0	0	0	0	0	0	0	0	0	0	0	0	0	0	0	0	vm	unanchored	byte-class	reverse-pass		none	none	hybrid	0	unanchored	-1	2	294.062218	1621.488016	0.0	0.0	0.0	0.0	0.0	0.0	0.0	0.0	0.0	0.0	0.0	0.0	0.0	0.0
syntax/rec-back	default	search_short	42	791	758	722	720	1.053	0	0	0	0	8	0	0	0	0	0	0	12	0	0	0	8	9	vm	unanchored	byte-class	reverse-pass		none	none	hybrid	0	unanchored	-1	2	786.546322	2066.626026	0.0	0.0	0.0	8.3	0.0	0.0	0.0	0.0	0.0	0.0	12.5	0.0	0.0	0.0
syntax/rec-back	default	throughput	3	1376256	1528040	1376256	1376256	1.110	0	0	0	0	20270	0	7986	0	0	0	0	31944	0	0	0	28256	43643	vm	unanchored	byte-class	reverse-pass		none	none	hybrid	0	unanchored	-1	2	984311.492424	1562438.515337	0.0	0.0	0.0	13057.2	0.0	5144.3	0.0	0.0	0.0	0.0	20577.2	0.0	0.0	0.0
syntax/rec-back	nocaps	match	42	791	91	52	791	0.115	0	0	0	0	0	0	0	0	0	0	0	0	0	0	0	0	0	dfa	unanchored	byte-class	reverse-pass	unwrapped	none	none		0	unanchored	-1	2	437.741288	1621.488016	0.0	0.0	0.0	0.0	0.0	0.0	0.0	0.0	0.0	0.0	0.0	0.0	0.0	0.0
syntax/rec-back	nocaps	search_short	42	791	746	722	720	1.036	0	0	0	0	8	0	0	0	0	0	0	0	0	0	0	8	9	dfa	unanchored	byte-class	reverse-pass	unwrapped	none	none		0	unanchored	-1	2	628.187553	2066.626026	0.0	0.0	0.0	6.7	0.0	0.0	0.0	0.0	0.0	0.0	0.0	0.0	0.0	0.0
syntax/rec-back	nocaps	throughput	3	1376256	1496096	1376256	1376256	1.087	0	0	0	0	20270	0	7986	0	0	0	0	0	0	0	0	28256	43643	dfa	unanchored	byte-class	reverse-pass	unwrapped	none	none		0	unanchored	-1	2	863451.003802	1562438.515337	0.0	0.0	0.0	11698.5	0.0	4609.0	0.0	0.0	0.0	0.0	0.0	0.0	0.0	0.0
syntax/rec-define	default	match	42	791	89	51	791	0.113	0	0	0	0	0	0	0	0	0	0	0	0	0	0	0	0	0	dfa	unanchored	offset-set	reverse-pass	unwrapped	none	none		0	unanchored	-1	1	461.007004	1598.16853	0.0	0.0	0.0	0.0	0.0	0.0	0.0	0.0	0.0	0.0	0.0	0.0	0.0	0.0
syntax/rec-define	default	search_short	42	791	677	660	741	0.914	653	0	0	0	11	0	0	0	0	0	0	0	0	0	0	11	0	dfa	unanchored	offset-set	reverse-pass	unwrapped	none	none		0	unanchored	-1	1	392.571676	1781.989305	0.0	0.0	0.0	6.4	0.0	0.0	0.0	0.0	0.0	0.0	0.0	0.0	0.0	0.0
syntax/rec-define	default	throughput	3	1376256	1411215	1372365	1376256	1.025	1360710	0	0	0	23310	0	3885	0	0	0	0	0	0	0	0	27195	0	dfa	unanchored	offset-set	reverse-pass	unwrapped	none	none		0	unanchored	-1	1	156186.037608	3928018.338462	0.0	0.0	0.0	2579.8	0.0	430.0	0.0	0.0	0.0	0.0	0.0	0.0	0.0	0.0
syntax/rec-define	nocaps	match	42	791	89	51	791	0.113	0	0	0	0	0	0	0	0	0	0	0	0	0	0	0	0	0	dfa	unanchored	offset-set	reverse-pass	unwrapped	none	none		0	unanchored	-1	1	485.654339	1598.16853	0.0	0.0	0.0	0.0	0.0	0.0	0.0	0.0	0.0	0.0	0.0	0.0	0.0	0.0
syntax/rec-define	nocaps	search_short	42	791	677	660	741	0.914	653	0	0	0	11	0	0	0	0	0	0	0	0	0	0	11	0	dfa	unanchored	offset-set	reverse-pass	unwrapped	none	none		0	unanchored	-1	1	382.927797	1781.989305	0.0	0.0	0.0	6.2	0.0	0.0	0.0	0.0	0.0	0.0	0.0	0.0	0.0	0.0
syntax/rec-define	nocaps	throughput	3	1376256	1411215	1372365	1376256	1.025	1360710	0	0	0	23310	0	3885	0	0	0	0	0	0	0	0	27195	0	dfa	unanchored	offset-set	reverse-pass	unwrapped	none	none		0	unanchored	-1	1	156610.592366	3928018.338462	0.0	0.0	0.0	2586.8	0.0	431.1	0.0	0.0	0.0	0.0	0.0	0.0	0.0	0.0
syntax/rec-fwd	default	match	42	791	51	51	791	0.064	0	0	0	0	0	0	0	0	0	0	0	0	0	0	0	0	0	vm	unanchored	byte-class	reverse-pass		none	none	hybrid	0	unanchored	-1	2	333.851801	3628.861329	0.0	0.0	0.0	0.0	0.0	0.0	0.0	0.0	0.0	0.0	0.0	0.0	0.0	0.0
syntax/rec-fwd	default	search_short	42	791	758	722	720	1.053	0	0	0	0	8	0	0	0	0	0	0	12	0	0	0	8	9	vm	unanchored	byte-class	reverse-pass		none	none	hybrid	0	unanchored	-1	2	787.715029	2997.425231	0.0	0.0	0.0	8.3	0.0	0.0	0.0	0.0	0.0	0.0	12.5	0.0	0.0	0.0
syntax/rec-fwd	default	throughput	3	1376256	1528040	1376256	1376256	1.110	0	0	0	0	20270	0	7986	0	0	0	0	31944	0	0	0	28256	43643	vm	unanchored	byte-class	reverse-pass		none	none	hybrid	0	unanchored	-1	2	987288.458333	3486855.30137	0.0	0.0	0.0	13096.7	0.0	5159.9	0.0	0.0	0.0	0.0	20639.5	0.0	0.0	0.0
syntax/rec-fwd	nocaps	match	42	791	91	52	791	0.115	0	0	0	0	0	0	0	0	0	0	0	0	0	0	0	0	0	dfa	unanchored	byte-class	reverse-pass	unwrapped	none	none		0	unanchored	-1	2	432.098318	3628.861329	0.0	0.0	0.0	0.0	0.0	0.0	0.0	0.0	0.0	0.0	0.0	0.0	0.0	0.0
syntax/rec-fwd	nocaps	search_short	42	791	746	722	720	1.036	0	0	0	0	8	0	0	0	0	0	0	0	0	0	0	8	9	dfa	unanchored	byte-class	reverse-pass	unwrapped	none	none		0	unanchored	-1	2	629.428856	2997.425231	0.0	0.0	0.0	6.7	0.0	0.0	0.0	0.0	0.0	0.0	0.0	0.0	0.0	0.0
syntax/rec-fwd	nocaps	throughput	3	1376256	1496096	1376256	1376256	1.087	0	0	0	0	20270	0	7986	0	0	0	0	0	0	0	0	28256	43643	dfa	unanchored	byte-class	reverse-pass	unwrapped	none	none		0	unanchored	-1	2	861033.754386	3486855.30137	0.0	0.0	0.0	11665.8	0.0	4596.1	0.0	0.0	0.0	0.0	0.0	0.0	0.0	0.0
syntax/rec-g-angle	default	match	42	791	51	51	791	0.064	0	0	0	0	0	0	0	0	0	0	0	0	0	0	0	0	0	vm	unanchored	byte-class	reverse-pass		none	none	hybrid	0	unanchored	-1	2	293.613153	1621.502779	0.0	0.0	0.0	0.0	0.0	0.0	0.0	0.0	0.0	0.0	0.0	0.0	0.0	0.0
syntax/rec-g-angle	default	search_short	42	791	758	722	720	1.053	0	0	0	0	8	0	0	0	0	0	0	12	0	0	0	8	9	vm	unanchored	byte-class	reverse-pass		none	none	hybrid	0	unanchored	-1	2	785.777409	2015.894104	0.0	0.0	0.0	8.3	0.0	0.0	0.0	0.0	0.0	0.0	12.4	0.0	0.0	0.0
syntax/rec-g-angle	default	throughput	3	1376256	1528040	1376256	1376256	1.110	0	0	0	0	20270	0	7986	0	0	0	0	31944	0	0	0	28256	43643	vm	unanchored	byte-class	reverse-pass		none	none	hybrid	0	unanchored	-1	2	984023.764	1558206.153846	0.0	0.0	0.0	13053.4	0.0	5142.8	0.0	0.0	0.0	0.0	20571.2	0.0	0.0	0.0
syntax/rec-g-angle	nocaps	match	42	791	91	52	791	0.115	0	0	0	0	0	0	0	0	0	0	0	0	0	0	0	0	0	dfa	unanchored	byte-class	reverse-pass	unwrapped	none	none		0	unanchored	-1	2	439.066562	1621.502779	0.0	0.0	0.0	0.0	0.0	0.0	0.0	0.0	0.0	0.0	0.0	0.0	0.0	0.0
syntax/rec-g-angle	nocaps	search_short	42	791	746	722	720	1.036	0	0	0	0	8	0	0	0	0	0	0	0	0	0	0	8	9	dfa	unanchored	byte-class	reverse-pass	unwrapped	none	none		0	unanchored	-1	2	635.076712	2015.894104	0.0	0.0	0.0	6.8	0.0	0.0	0.0	0.0	0.0	0.0	0.0	0.0	0.0	0.0
syntax/rec-g-angle	nocaps	throughput	3	1376256	1496096	1376256	1376256	1.087	0	0	0	0	20270	0	7986	0	0	0	0	0	0	0	0	28256	43643	dfa	unanchored	byte-class	reverse-pass	unwrapped	none	none		0	unanchored	-1	2	860692.287234	1558206.153846	0.0	0.0	0.0	11661.2	0.0	4594.3	0.0	0.0	0.0	0.0	0.0	0.0	0.0	0.0
syntax/rec-name	default	match	42	791	73	53	791	0.092	0	0	0	0	0	0	0	0	0	0	38	0	0	0	0	38	0	vm					none	none	none	0	unanchored	-1	2	606.1833	2369.970001	0.0	0.0	0.0	0.0	0.0	0.0	0.0	0.0	0.0	315.5	0.0	0.0	0.0	0.0
syntax/rec-name	default	search_short	42	791	816	754	754	1.082	758	0	0	0	0	0	0	0	6	17	0	0	31	0	0	23	8	vm					none	none	none	0	unanchored	-1	2	694.90852	1732.784446	0.0	0.0	0.0	0.0	0.0	0.0	0.0	5.1	14.5	0.0	0.0	26.4	0.0	0.0
syntax/rec-name	default	throughput	3	1376256	53963	18346	1376256	0.039	33081	0	0	0	0	0	0	0	16490	13434	0	0	3930	0	0	29924	0	vm					none	none	none	0	unanchored	-1	2																
syntax/rec-name	nocaps	match	42	791	73	53	791	0.092	0	0	0	0	0	0	0	0	0	0	38	0	0	0	0	38	0	vm					none	none	none	0	unanchored	-1	2	604.923425	2369.970001	0.0	0.0	0.0	0.0	0.0	0.0	0.0	0.0	0.0	314.9	0.0	0.0	0.0	0.0
syntax/rec-name	nocaps	search_short	42	791	816	754	754	1.082	758	0	0	0	0	0	0	0	6	17	0	0	31	0	0	23	8	vm					none	none	none	0	unanchored	-1	2	690.398216	1732.784446	0.0	0.0	0.0	0.0	0.0	0.0	0.0	5.1	14.4	0.0	0.0	26.2	0.0	0.0
syntax/rec-name	nocaps	throughput	3	1376256	53963	18346	1376256	0.039	33081	0	0	0	0	0	0	0	16490	13434	0	0	3930	0	0	29924	0	vm					none	none	none	0	unanchored	-1	2																
syntax/rec-py	default	match	42	791	51	51	791	0.064	0	0	0	0	0	0	0	0	0	0	0	0	0	0	0	0	0	vm	unanchored	byte-class	reverse-pass		none	none	hybrid	0	unanchored	-1	2	293.744631	1621.488641	0.0	0.0	0.0	0.0	0.0	0.0	0.0	0.0	0.0	0.0	0.0	0.0	0.0	0.0
syntax/rec-py	default	search_short	42	791	758	722	720	1.053	0	0	0	0	8	0	0	0	0	0	0	12	0	0	0	8	9	vm	unanchored	byte-class	reverse-pass		none	none	hybrid	0	unanchored	-1	2	791.381038	2021.351691	0.0	0.0	0.0	8.4	0.0	0.0	0.0	0.0	0.0	0.0	12.5	0.0	0.0	0.0
syntax/rec-py	default	throughput	3	1376256	1528040	1376256	1376256	1.110	0	0	0	0	20270	0	7986	0	0	0	0	31944	0	0	0	28256	43643	vm	unanchored	byte-class	reverse-pass		none	none	hybrid	0	unanchored	-1	2	985098.588679	1559104.658537	0.0	0.0	0.0	13067.7	0.0	5148.4	0.0	0.0	0.0	0.0	20593.7	0.0	0.0	0.0
syntax/rec-py	nocaps	match	42	791	91	52	791	0.115	0	0	0	0	0	0	0	0	0	0	0	0	0	0	0	0	0	dfa	unanchored	byte-class	reverse-pass	unwrapped	none	none		0	unanchored	-1	2	437.990104	1621.488641	0.0	0.0	0.0	0.0	0.0	0.0	0.0	0.0	0.0	0.0	0.0	0.0	0.0	0.0
syntax/rec-py	nocaps	search_short	42	791	746	722	720	1.036	0	0	0	0	8	0	0	0	0	0	0	0	0	0	0	8	9	dfa	unanchored	byte-class	reverse-pass	unwrapped	none	none		0	unanchored	-1	2	637.2254	2021.351691	0.0	0.0	0.0	6.8	0.0	0.0	0.0	0.0	0.0	0.0	0.0	0.0	0.0	0.0
syntax/rec-py	nocaps	throughput	3	1376256	1496096	1376256	1376256	1.087	0	0	0	0	20270	0	7986	0	0	0	0	0	0	0	0	28256	43643	dfa	unanchored	byte-class	reverse-pass	unwrapped	none	none		0	unanchored	-1	2	859968.284768	1559104.658537	0.0	0.0	0.0	11651.4	0.0	4590.4	0.0	0.0	0.0	0.0	0.0	0.0	0.0	0.0
syntax/rec-r-uc	default	match	42	791	73	53	791	0.092	0	0	0	0	0	0	0	0	0	0	45	0	0	0	0	45	0	vm					none	none	none	0	unanchored	-1	2																
syntax/rec-r-uc	default	search_short	42	791	816	754	754	1.082	758	0	0	0	0	0	0	0	6	17	0	0	31	0	0	23	8	vm					none	none	none	0	unanchored	-1	2	607.51546	1677.593455	0.0	0.0	0.0	0.0	0.0	0.0	0.0	4.5	12.7	0.0	0.0	23.1	0.0	0.0
syntax/rec-r-uc	default	throughput	3	1376256	53963	18346	1376256	0.039	33081	0	0	0	0	0	0	0	16490	13434	0	0	3930	0	0	29924	0	vm					none	none	none	0	unanchored	-1	2																
syntax/rec-r-uc	nocaps	match	42	791	73	53	791	0.092	0	0	0	0	0	0	0	0	0	0	45	0	0	0	0	45	0	vm					none	none	none	0	unanchored	-1	2																
syntax/rec-r-uc	nocaps	search_short	42	791	816	754	754	1.082	758	0	0	0	0	0	0	0	6	17	0	0	31	0	0	23	8	vm					none	none	none	0	unanchored	-1	2	605.587333	1677.593455	0.0	0.0	0.0	0.0	0.0	0.0	0.0	4.5	12.6	0.0	0.0	23.0	0.0	0.0
syntax/rec-r-uc	nocaps	throughput	3	1376256	53963	18346	1376256	0.039	33081	0	0	0	0	0	0	0	16490	13434	0	0	3930	0	0	29924	0	vm					none	none	none	0	unanchored	-1	2																
syntax/unp-p-lc	default	match	42	791	205	184	791	0.259	0	0	0	0	0	0	0	0	0	0	0	0	0	0	0	0	0	dfa	unanchored	byte-class	reverse-pass	unwrapped	none	none		0	unanchored	-1	1	631.046254	4511.480841	0.0	0.0	0.0	0.0	0.0	0.0	0.0	0.0	0.0	0.0	0.0	0.0	0.0	0.0
syntax/unp-p-lc	default	search_short	42	791	452	217	191	2.366	0	0	0	0	172	0	0	0	0	0	0	0	0	0	0	172	52	dfa	unanchored	byte-class	reverse-pass	unwrapped	none	none		0	unanchored	-1	1	755.153336	2310.484266	0.0	0.0	0.0	287.4	0.0	0.0	0.0	0.0	0.0	0.0	0.0	0.0	0.0	0.0
syntax/unp-p-lc	default	throughput	3	1376256	3556489	1376256	1376256	2.584	0	0	0	0	1446547	0	244561	0	0	0	0	0	0	0	0	1691108	0	dfa	unanchored	byte-class	reverse-pass	unwrapped	none	none		0	unanchored	-1	1	6591207.731707	15459291.166667	0.0	0.0	0.0	2680872.0	0.0	453242.6	0.0	0.0	0.0	0.0	0.0	0.0	0.0	0.0
syntax/unp-p-lc	nocaps	match	42	791	205	184	791	0.259	0	0	0	0	0	0	0	0	0	0	0	0	0	0	0	0	0	dfa	unanchored	byte-class	reverse-pass	unwrapped	none	none		0	unanchored	-1	1	628.990121	4511.480841	0.0	0.0	0.0	0.0	0.0	0.0	0.0	0.0	0.0	0.0	0.0	0.0	0.0	0.0
syntax/unp-p-lc	nocaps	search_short	42	791	452	217	191	2.366	0	0	0	0	172	0	0	0	0	0	0	0	0	0	0	172	52	dfa	unanchored	byte-class	reverse-pass	unwrapped	none	none		0	unanchored	-1	1	755.223745	2310.484266	0.0	0.0	0.0	287.4	0.0	0.0	0.0	0.0	0.0	0.0	0.0	0.0	0.0	0.0
syntax/unp-p-lc	nocaps	throughput	3	1376256	3556489	1376256	1376256	2.584	0	0	0	0	1446547	0	244561	0	0	0	0	0	0	0	0	1691108	0	dfa	unanchored	byte-class	reverse-pass	unwrapped	none	none		0	unanchored	-1	1	6531322.447368	15459291.166667	0.0	0.0	0.0	2656514.6	0.0	449124.6	0.0	0.0	0.0	0.0	0.0	0.0	0.0	0.0
syntax/unp-p-uc	default	match	42	791	71	66	791	0.090	0	0	0	0	0	0	0	0	0	0	0	0	0	0	0	0	0	dfa	unanchored	byte-class	reverse-pass	unwrapped	none	none		0	unanchored	-1	1	506.089602	1498.171639	0.0	0.0	0.0	0.0	0.0	0.0	0.0	0.0	0.0	0.0	0.0	0.0	0.0	0.0
syntax/unp-p-uc	default	search_short	42	791	388	234	208	1.865	0	0	0	0	97	0	0	0	0	0	0	0	0	0	0	97	52	dfa	unanchored	byte-class	reverse-pass	unwrapped	none	none		0	unanchored	-1	1	683.510368	2510.988245	0.0	0.0	0.0	170.9	0.0	0.0	0.0	0.0	0.0	0.0	0.0	0.0	0.0	0.0
syntax/unp-p-uc	default	throughput	3	1376256	3017892	1376256	1376256	2.193	0	0	0	0	907953	0	244561	0	0	0	0	0	0	0	0	1152514	0	dfa	unanchored	byte-class	reverse-pass	unwrapped	none	none		0	unanchored	-1	1	5823137.222222	16256292.875	0.0	0.0	0.0	1751929.8	0.0	471889.7	0.0	0.0	0.0	0.0	0.0	0.0	0.0	0.0
syntax/unp-p-uc	nocaps	match	42	791	71	66	791	0.090	0	0	0	0	0	0	0	0	0	0	0	0	0	0	0	0	0	dfa	unanchored	byte-class	reverse-pass	unwrapped	none	none		0	unanchored	-1	1	504.851547	1498.171639	0.0	0.0	0.0	0.0	0.0	0.0	0.0	0.0	0.0	0.0	0.0	0.0	0.0	0.0
syntax/unp-p-uc	nocaps	search_short	42	791	388	234	208	1.865	0	0	0	0	97	0	0	0	0	0	0	0	0	0	0	97	52	dfa	unanchored	byte-class	reverse-pass	unwrapped	none	none		0	unanchored	-1	1	687.937718	2510.988245	0.0	0.0	0.0	172.0	0.0	0.0	0.0	0.0	0.0	0.0	0.0	0.0	0.0	0.0
syntax/unp-p-uc	nocaps	throughput	3	1376256	3017892	1376256	1376256	2.193	0	0	0	0	907953	0	244561	0	0	0	0	0	0	0	0	1152514	0	dfa	unanchored	byte-class	reverse-pass	unwrapped	none	none		0	unanchored	-1	1	5830119.933333	16256292.875	0.0	0.0	0.0	1754030.6	0.0	472455.6	0.0	0.0	0.0	0.0	0.0	0.0	0.0	0.0
utf8/alt-cyr-64	default	search_short	91	692	762	692	692	1.101	0	0	0	0	48	0	0	0	0	0	0	0	0	0	0	48	0	dfa	unanchored	byte-class	reverse-pass	unwrapped	none	none		0	unanchored	7	4	1117.735578	3030.306224	0.0	0.0	0.0	70.4	0.0	0.0	0.0	0.0	0.0	0.0	0.0	0.0	0.0	0.0
utf8/alt-cyr-64	default	throughput	7	1638400	1972198	1638400	1638400	1.204	0	0	0	0	82425	0	22309	22309	0	0	0	0	0	0	0	104734	142642	dfa	unanchored	byte-class	reverse-pass	unwrapped	none	none		0	unanchored	7	4	3148328.177474	9627.695809	0.0	0.0	0.0	131579.6	0.0	35613.1	35613.1	0.0	0.0	0.0	0.0	0.0	0.0	0.0
utf8/alt-cyr-64	nocaps	search_short	91	692	762	692	692	1.101	0	0	0	0	48	0	0	0	0	0	0	0	0	0	0	48	0	dfa	unanchored	byte-class	reverse-pass	unwrapped	none	none		0	unanchored	7	4	1123.40144	3030.306224	0.0	0.0	0.0	70.8	0.0	0.0	0.0	0.0	0.0	0.0	0.0	0.0	0.0	0.0
utf8/alt-cyr-64	nocaps	throughput	7	1638400	1972198	1638400	1638400	1.204	0	0	0	0	82425	0	22309	22309	0	0	0	0	0	0	0	104734	142642	dfa	unanchored	byte-class	reverse-pass	unwrapped	none	none		0	unanchored	7	4	3126869.081699	9627.695809	0.0	0.0	0.0	130682.7	0.0	35370.3	35370.3	0.0	0.0	0.0	0.0	0.0	0.0	0.0
utf8/alt-distinct-lead	default	search_short	91	692	835	634	622	1.342	0	0	0	0	129	0	0	0	0	0	0	0	0	0	0	129	12	dfa	unanchored	byte-class	reverse-pass	unwrapped	none	none		0	unanchored	6	5	1377.446421	3172.096	0.0	0.0	0.0	212.8	0.0	0.0	0.0	0.0	0.0	0.0	0.0	0.0	0.0	0.0
utf8/alt-distinct-lead	default	throughput	7	1638400	1839137	1638400	1638400	1.123	0	0	0	0	58	0	638	638	0	0	0	0	0	0	0	696	4221	dfa	unanchored	byte-class	reverse-pass	unwrapped	none	none		0	unanchored	6	5	2781944.184416	19555.253954	0.0	0.0	0.0	87.7	0.0	965.1	965.1	0.0	0.0	0.0	0.0	0.0	0.0	0.0
utf8/alt-distinct-lead	nocaps	search_short	91	692	835	634	622	1.342	0	0	0	0	129	0	0	0	0	0	0	0	0	0	0	129	12	dfa	unanchored	byte-class	reverse-pass	unwrapped	none	none		0	unanchored	6	5	1385.490755	3172.096	0.0	0.0	0.0	214.0	0.0	0.0	0.0	0.0	0.0	0.0	0.0	0.0	0.0	0.0
utf8/alt-distinct-lead	nocaps	throughput	7	1638400	1839137	1638400	1638400	1.123	0	0	0	0	58	0	638	638	0	0	0	0	0	0	0	696	4221	dfa	unanchored	byte-class	reverse-pass	unwrapped	none	none		0	unanchored	6	5	2766580.444175	19555.253954	0.0	0.0	0.0	87.2	0.0	959.7	959.7	0.0	0.0	0.0	0.0	0.0	0.0	0.0
utf8/alt-mixed-width	default	search_short	91	692	691	513	470	1.470	0	0	0	0	120	0	0	0	0	0	0	0	0	0	0	120	43	dfa	unanchored	byte-class	reverse-pass	unwrapped	none	none		0	unanchored	1	1	1412.396103	5027.903729	0.0	0.0	0.0	245.3	0.0	0.0	0.0	0.0	0.0	0.0	0.0	0.0	0.0	0.0
utf8/alt-mixed-width	default	throughput	7	1638400	1973529	1638400	1638400	1.205	0	0	0	0	90981	0	57072	57072	0	0	0	0	0	0	0	148053	40094	dfa	unanchored	byte-class	reverse-pass	unwrapped	none	none		0	unanchored	1	1	2617355.04157	3582.611132	0.0	0.0	0.0	120661.8	0.0	75690.6	75690.6	0.0	0.0	0.0	0.0	0.0	0.0	0.0
utf8/alt-mixed-width	nocaps	search_short	91	692	691	513	470	1.470	0	0	0	0	120	0	0	0	0	0	0	0	0	0	0	120	43	dfa	unanchored	byte-class	reverse-pass	unwrapped	none	none		0	unanchored	1	1	1420.553426	5027.903729	0.0	0.0	0.0	246.7	0.0	0.0	0.0	0.0	0.0	0.0	0.0	0.0	0.0	0.0
utf8/alt-mixed-width	nocaps	throughput	7	1638400	1973529	1638400	1638400	1.205	0	0	0	0	90981	0	57072	57072	0	0	0	0	0	0	0	148053	40094	dfa	unanchored	byte-class	reverse-pass	unwrapped	none	none		0	unanchored	1	1	2621911.747368	3582.611132	0.0	0.0	0.0	120871.9	0.0	75822.4	75822.4	0.0	0.0	0.0	0.0	0.0	0.0	0.0
utf8/alt-nearmiss	default	search_short	91	692	562	340	662	0.849	253	0	0	0	73	0	0	0	44	78	0	0	0	0	0	195	0	dfa	unanchored	offset-set	reverse-pass	unwrapped	e697a5e69cac@5	0		0	unanchored	3	9	1106.620005	1933.177434	0.0	0.0	0.0	143.7	0.0	0.0	0.0	86.6	153.6	0.0	0.0	0.0	0.0	0.0
utf8/alt-nearmiss	default	throughput	7	1638400	1647537	1635069	1638400	1.006	1628034	0	0	0	0	0	0	0	120	24	0	0	0	0	0	144	2363	dfa	unanchored	offset-set	reverse-pass	unwrapped	e697a5e69cac@5	0		0	unanchored	3	9	145913.467201	76455.067621	0.0	0.0	0.0	0.0	0.0	0.0	0.0	10.6	2.1	0.0	0.0	0.0	0.0	0.0
utf8/alt-nearmiss	nocaps	search_short	91	692	562	340	662	0.849	253	0	0	0	73	0	0	0	44	78	0	0	0	0	0	195	0	dfa	unanchored	offset-set	reverse-pass	unwrapped	e697a5e69cac@5	0		0	unanchored	3	9	1106.01281	1933.177434	0.0	0.0	0.0	143.7	0.0	0.0	0.0	86.6	153.5	0.0	0.0	0.0	0.0	0.0
utf8/alt-nearmiss	nocaps	throughput	7	1638400	1647537	1635069	1638400	1.006	1628034	0	0	0	0	0	0	0	120	24	0	0	0	0	0	144	2363	dfa	unanchored	offset-set	reverse-pass	unwrapped	e697a5e69cac@5	0		0	unanchored	3	9	145880.511998	76455.067621	0.0	0.0	0.0	0.0	0.0	0.0	0.0	10.6	2.1	0.0	0.0	0.0	0.0	0.0
utf8/alt-shared-char	default	search_short	91	692	648	468	626	1.035	406	0	0	0	79	0	0	0	22	52	0	0	0	0	0	153	0	dfa	unanchored	offset-set	reverse-pass	unwrapped	e697a5e4@2/fffffffd	0		0	unanchored	2	6	1387.18257	2517.300412	0.0	0.0	0.0	169.1	0.0	0.0	0.0	47.1	111.3	0.0	0.0	0.0	0.0	0.0
utf8/alt-shared-char	default	throughput	7	1638400	1658639	1636272	1638400	1.012	1631745	0	0	0	1069	0	372	372	10194	1504	0	0	0	0	0	13139	2808	dfa	unanchored	offset-set	reverse-pass	unwrapped	e697a5e4@2/fffffffd	0		0	unanchored	2	6	349916.918822	12628.64468	0.0	0.0	0.0	225.5	0.0	78.5	78.5	2150.6	317.3	0.0	0.0	0.0	0.0	0.0
utf8/alt-shared-char	nocaps	search_short	91	692	648	468	626	1.035	406	0	0	0	79	0	0	0	22	52	0	0	0	0	0	153	0	dfa	unanchored	offset-set	reverse-pass	unwrapped	e697a5e4@2/fffffffd	0		0	unanchored	2	6	1387.740458	2517.300412	0.0	0.0	0.0	169.2	0.0	0.0	0.0	47.1	111.4	0.0	0.0	0.0	0.0	0.0
utf8/alt-shared-char	nocaps	throughput	7	1638400	1658639	1636272	1638400	1.012	1631745	0	0	0	1069	0	372	372	10194	1504	0	0	0	0	0	13139	2808	dfa	unanchored	offset-set	reverse-pass	unwrapped	e697a5e4@2/fffffffd	0		0	unanchored	2	6	349884.177769	12628.64468	0.0	0.0	0.0	225.5	0.0	78.5	78.5	2150.4	317.3	0.0	0.0	0.0	0.0	0.0
utf8/alt-shared-lead	default	search_short	91	692	707	685	682	1.037	669	0	0	0	6	0	0	0	0	0	0	0	0	0	0	6	6	dfa	unanchored	memchr	reverse-pass	unwrapped	none	none		0	unanchored	1	2	968.691171	2431.98778	0.0	0.0	0.0	8.2	0.0	0.0	0.0	0.0	0.0	0.0	0.0	0.0	0.0	0.0
utf8/alt-shared-lead	default	throughput	7	1638400	1638400	1638400	1638400	1.000	1638400	0	0	0	0	0	0	0	0	0	0	0	0	0	0	0	0	dfa	unanchored	memchr	reverse-pass	unwrapped	none	none		0	unanchored	1	2	27536.188702	38343.47433	0.0	0.0	0.0	0.0	0.0	0.0	0.0	0.0	0.0	0.0	0.0	0.0	0.0	0.0
utf8/alt-shared-lead	nocaps	search_short	91	692	707	685	682	1.037	669	0	0	0	6	0	0	0	0	0	0	0	0	0	0	6	6	dfa	unanchored	memchr	reverse-pass	unwrapped	none	none		0	unanchored	1	2	956.52117	2431.98778	0.0	0.0	0.0	8.1	0.0	0.0	0.0	0.0	0.0	0.0	0.0	0.0	0.0	0.0
utf8/alt-shared-lead	nocaps	throughput	7	1638400	1638400	1638400	1638400	1.000	1638400	0	0	0	0	0	0	0	0	0	0	0	0	0	0	0	0	dfa	unanchored	memchr	reverse-pass	unwrapped	none	none		0	unanchored	1	2	27556.8225	38343.47433	0.0	0.0	0.0	0.0	0.0	0.0	0.0	0.0	0.0	0.0	0.0	0.0	0.0	0.0
utf8/asr-a-z	default	search_short	91	692	184	184	127	1.449	0	0	0	0	0	0	0	0	0	0	0	0	0	0	0	0	57	dfa	attempt	none	reverse-pass	search-filter	97a5e69cace8aa9e@7	none		2	anchored	3	9	613.743918	837.737489	0.0	0.0	0.0	0.0	0.0	0.0	0.0	0.0	0.0	0.0	0.0	0.0	0.0	0.0
utf8/asr-a-z	default	throughput	7	1638400	8	8	1638400	0.000	0	0	0	0	0	0	0	0	0	0	0	0	0	0	0	0	0	dfa	attempt	none	reverse-pass	search-filter	97a5e69cace8aa9e@7	none		2	anchored	3	9	44.381187	42.179581	0.0	0.0	0.0	0.0	0.0	0.0	0.0	0.0	0.0	0.0	0.0	0.0	0.0	0.0
utf8/asr-a-z	nocaps	search_short	91	692	184	184	127	1.449	0	0	0	0	0	0	0	0	0	0	0	0	0	0	0	0	57	dfa	attempt	none	reverse-pass	search-filter	97a5e69cace8aa9e@7	none		2	anchored	3	9	614.519816	837.737489	0.0	0.0	0.0	0.0	0.0	0.0	0.0	0.0	0.0	0.0	0.0	0.0	0.0	0.0
utf8/asr-a-z	nocaps	throughput	7	1638400	8	8	1638400	0.000	0	0	0	0	0	0	0	0	0	0	0	0	0	0	0	0	0	dfa	attempt	none	reverse-pass	search-filter	97a5e69cace8aa9e@7	none		2	anchored	3	9	44.597322	42.179581	0.0	0.0	0.0	0.0	0.0	0.0	0.0	0.0	0.0	0.0	0.0	0.0	0.0	0.0
utf8/asr-b-ascii	default	search_short	91	692	563	510	688	0.818	505	0	0	0	0	0	0	0	23	12	0	0	0	0	0	35	0	dfa	unanchored	offset-set-bounded	reverse-pass	unwrapped	636174@2	0		0	unanchored	3	3	858.323745	2552.296785	0.0	0.0	0.0	0.0	0.0	0.0	0.0	35.1	18.3	0.0	0.0	0.0	0.0	0.0
utf8/asr-b-ascii	default	throughput	7	1638400	1688286	1636406	1638400	1.030	1627832	0	0	0	0	0	0	0	5024	16	0	0	0	0	0	5040	38304	dfa	unanchored	offset-set-bounded	reverse-pass	unwrapped	636174@2	0		0	unanchored	3	3	503151.791971	99322.01405	0.0	0.0	0.0	0.0	0.0	0.0	0.0	1497.3	4.8	0.0	0.0	0.0	0.0	0.0
utf8/asr-b-ascii	nocaps	search_short	91	692	563	510	688	0.818	505	0	0	0	0	0	0	0	23	12	0	0	0	0	0	35	0	dfa	unanchored	offset-set-bounded	reverse-pass	unwrapped	636174@2	0		0	unanchored	3	3	854.396657	2552.296785	0.0	0.0	0.0	0.0	0.0	0.0	0.0	34.9	18.2	0.0	0.0	0.0	0.0	0.0
utf8/asr-b-ascii	nocaps	throughput	7	1638400	1688286	1636406	1638400	1.030	1627832	0	0	0	0	0	0	0	5024	16	0	0	0	0	0	5040	38304	dfa	unanchored	offset-set-bounded	reverse-pass	unwrapped	636174@2	0		0	unanchored	3	3	503172.444969	99322.01405	0.0	0.0	0.0	0.0	0.0	0.0	0.0	1497.3	4.8	0.0	0.0	0.0	0.0	0.0
utf8/asr-b-cyr	default	search_short	91	692	317	240	692	0.458	303	0	0	0	0	0	0	0	25	40	0	0	0	0	0	65	0	dfa	unanchored	offset-set-bounded	reverse-pass	unwrapped	d181d0bad0b2d0b0@7	4		0	unanchored	6	12	625.926742	709.600842	0.0	0.0	0.0	0.0	0.0	0.0	0.0	49.4	79.0	0.0	0.0	0.0	0.0	0.0
utf8/asr-b-cyr	default	throughput	7	1638400	1644048	1638351	1638400	1.003	1638904	0	0	0	0	0	0	0	509	44	0	0	0	0	0	553	5087	dfa	unanchored	offset-set-bounded	reverse-pass	unwrapped	d181d0bad0b2d0b0@7	4		0	unanchored	6	12	96112.757436	173364.262514	0.0	0.0	0.0	0.0	0.0	0.0	0.0	29.8	2.6	0.0	0.0	0.0	0.0	0.0
utf8/asr-b-cyr	nocaps	search_short	91	692	317	240	692	0.458	303	0	0	0	0	0	0	0	25	40	0	0	0	0	0	65	0	dfa	unanchored	offset-set-bounded	reverse-pass	unwrapped	d181d0bad0b2d0b0@7	4		0	unanchored	6	12	625.77286	709.600842	0.0	0.0	0.0	0.0	0.0	0.0	0.0	49.4	79.0	0.0	0.0	0.0	0.0	0.0
utf8/asr-b-cyr	nocaps	throughput	7	1638400	1644048	1638351	1638400	1.003	1638904	0	0	0	0	0	0	0	509	44	0	0	0	0	0	553	5087	dfa	unanchored	offset-set-bounded	reverse-pass	unwrapped	d181d0bad0b2d0b0@7	4		0	unanchored	6	12	96053.102568	173364.262514	0.0	0.0	0.0	0.0	0.0	0.0	0.0	29.7	2.6	0.0	0.0	0.0	0.0	0.0
utf8/asr-b-midchar	default	search_short	91	692	351	140	54	6.500	0	0	0	0	54	0	0	0	0	0	0	0	0	0	0	54	243	dfa	unanchored	none	reverse-pass	unwrapped	none	none		0	unanchored	0	0	1142.469739	3573.976031	0.0	0.0	0.0	175.8	0.0	0.0	0.0	0.0	0.0	0.0	0.0	0.0	0.0	0.0
utf8/asr-b-midchar	default	throughput	7	1638400	4745867	1526819	1638400	2.897	0	0	0	0	4	0	1774044	1774044	0	0	0	0	0	0	0	1774048	1333419	dfa	unanchored	none	reverse-pass	unwrapped	none	none		0	unanchored	0	0	12715983.348837	911.555077	0.0	0.0	0.0	10.7	0.0	4753338.8	4753338.8	0.0	0.0	0.0	0.0	0.0	0.0	0.0
utf8/asr-b-midchar	nocaps	search_short	91	692	351	140	54	6.500	0	0	0	0	54	0	0	0	0	0	0	0	0	0	0	54	243	dfa	unanchored	none	reverse-pass	unwrapped	none	none		0	unanchored	0	0	1142.047993	3573.976031	0.0	0.0	0.0	175.7	0.0	0.0	0.0	0.0	0.0	0.0	0.0	0.0	0.0	0.0
utf8/asr-b-midchar	nocaps	throughput	7	1638400	4745867	1526819	1638400	2.897	0	0	0	0	4	0	1774044	1774044	0	0	0	0	0	0	0	1774048	1333419	dfa	unanchored	none	reverse-pass	unwrapped	none	none		0	unanchored	0	0	12719119.109756	911.555077	0.0	0.0	0.0	10.7	0.0	4754511.0	4754511.0	0.0	0.0	0.0	0.0	0.0	0.0	0.0
utf8/asr-caret-ml	default	search_short	91	692	546	451	587	0.930	410	0	0	0	0	0	0	0	42	49	0	0	0	0	0	91	0	dfa	attempt	memchr	reverse-pass	search-filter	e697a5@2	0		0	unanchored	1	3	878.154333	2572.642396	0.0	0.0	0.0	0.0	0.0	0.0	0.0	67.6	78.8	0.0	0.0	0.0	0.0	0.0
utf8/asr-caret-ml	default	throughput	7	1638400	1638424	1638386	1638400	1.000	1638398	0	0	0	0	0	0	0	30	0	0	0	0	0	0	30	0	dfa	attempt	memchr	reverse-pass	search-filter	e697a5@2	0		0	unanchored	1	3	27631.231089	71848.516483	0.0	0.0	0.0	0.0	0.0	0.0	0.0	0.5	0.0	0.0	0.0	0.0	0.0	0.0
utf8/asr-caret-ml	nocaps	search_short	91	692	546	451	587	0.930	410	0	0	0	0	0	0	0	42	49	0	0	0	0	0	91	0	dfa	attempt	memchr	reverse-pass	search-filter	e697a5@2	0		0	unanchored	1	3	879.309196	2572.642396	0.0	0.0	0.0	0.0	0.0	0.0	0.0	67.6	78.9	0.0	0.0	0.0	0.0	0.0
utf8/asr-caret-ml	nocaps	throughput	7	1638400	1638424	1638386	1638400	1.000	1638398	0	0	0	0	0	0	0	30	0	0	0	0	0	0	30	0	dfa	attempt	memchr	reverse-pass	search-filter	e697a5@2	0		0	unanchored	1	3	27627.714986	71848.516483	0.0	0.0	0.0	0.0	0.0	0.0	0.0	0.5	0.0	0.0	0.0	0.0	0.0	0.0
utf8/asr-dollar-ml	default	search_short	91	692	623	501	683	0.912	503	0	0	0	21	0	0	0	37	27	0	0	0	0	0	85	0	dfa	unanchored	offset-set-bounded	reverse-pass	unwrapped	e8aa9e@2	0		3	unanchored	1	3	970.07325	2556.282842	0.0	0.0	0.0	32.7	0.0	0.0	0.0	57.6	42.0	0.0	0.0	0.0	0.0	0.0
utf8/asr-dollar-ml	default	throughput	7	1638400	1640540	1638386	1638400	1.001	1638386	0	0	0	0	0	0	0	2154	0	0	0	0	0	0	2154	0	dfa	unanchored	offset-set-bounded	reverse-pass	unwrapped	e8aa9e@2	0		3	unanchored	1	3	40733.903671	49863.768628	0.0	0.0	0.0	0.0	0.0	0.0	0.0	53.5	0.0	0.0	0.0	0.0	0.0	0.0
utf8/asr-dollar-ml	nocaps	search_short	91	692	623	501	683	0.912	503	0	0	0	21	0	0	0	37	27	0	0	0	0	0	85	0	dfa	unanchored	offset-set-bounded	reverse-pass	unwrapped	e8aa9e@2	0		3	unanchored	1	3	971.118431	2556.282842	0.0	0.0	0.0	32.7	0.0	0.0	0.0	57.7	42.1	0.0	0.0	0.0	0.0	0.0
utf8/asr-dollar-ml	nocaps	throughput	7	1638400	1640540	1638386	1638400	1.001	1638386	0	0	0	0	0	0	0	2154	0	0	0	0	0	0	2154	0	dfa	unanchored	offset-set-bounded	reverse-pass	unwrapped	e8aa9e@2	0		3	unanchored	1	3	40723.618649	49863.768628	0.0	0.0	0.0	0.0	0.0	0.0	0.0	53.5	0.0	0.0	0.0	0.0	0.0	0.0
utf8/asr-lb-class	default	search_short	91	692	1038	687	686	1.513	0	0	0	0	2	0	0	0	0	0	0	22	1	0	0	2	316	vm	unanchored	byte-class	reverse-pass		none	none	hybrid	0	unanchored	1	1	1623.044469	4425.668907	0.0	0.0	0.0	3.1	0.0	0.0	0.0	0.0	0.0	0.0	34.4	1.6	0.0	0.0
utf8/asr-lb-class	default	throughput	7	1638400	5497019	1638400	1638400	3.355	0	0	0	0	87680	0	44343	44343	0	0	0	115412	78618	0	0	132023	3422512	vm	unanchored	byte-class	reverse-pass		none	none	hybrid	0	unanchored	1	1	6984831.607143	6895682.1	0.0	0.0	0.0	111411.3	0.0	56344.8	56344.8	0.0	0.0	0.0	146649.2	99896.6	0.0	0.0
utf8/asr-lb-class	nocaps	search_short	91	692	1038	687	686	1.513	0	0	0	0	2	0	0	0	0	0	0	22	1	0	0	2	316	vm	unanchored	byte-class	reverse-pass		none	none	hybrid	0	unanchored	1	1	1620.042948	4425.668907	0.0	0.0	0.0	3.1	0.0	0.0	0.0	0.0	0.0	0.0	34.3	1.6	0.0	0.0
utf8/asr-lb-class	nocaps	throughput	7	1638400	5497019	1638400	1638400	3.355	0	0	0	0	87680	0	44343	44343	0	0	0	115412	78618	0	0	132023	3422512	vm	unanchored	byte-class	reverse-pass		none	none	hybrid	0	unanchored	1	1	6986280.481707	6895682.1	0.0	0.0	0.0	111434.4	0.0	56356.5	56356.5	0.0	0.0	0.0	146679.6	99917.3	0.0	0.0
utf8/asr-lb-fixed	default	search_short	91	692	815	692	692	1.178	672	0	0	0	2	0	0	0	0	0	0	18	0	0	0	2	94	vm	unanchored	memchr	reverse-pass		none	none	hybrid	0	unanchored	1	1	1228.761852	4353.190256	0.0	0.0	0.0	3.0	0.0	0.0	0.0	0.0	0.0	0.0	27.1	0.0	0.0	0.0
utf8/asr-lb-fixed	default	throughput	7	1638400	1654700	1638400	1638400	1.010	1637803	0	0	0	0	0	0	0	0	0	0	1841	6	0	0	0	10795	vm	unanchored	memchr	reverse-pass		none	none	hybrid	0	unanchored	1	1	90517.754361	2451522.045238	0.0	0.0	0.0	0.0	0.0	0.0	0.0	0.0	0.0	0.0	100.7	0.3	0.0	0.0
utf8/asr-lb-fixed	nocaps	search_short	91	692	815	692	692	1.178	672	0	0	0	2	0	0	0	0	0	0	18	0	0	0	2	94	vm	unanchored	memchr	reverse-pass		none	none	hybrid	0	unanchored	1	1	1227.293645	4353.190256	0.0	0.0	0.0	3.0	0.0	0.0	0.0	0.0	0.0	0.0	27.1	0.0	0.0	0.0
utf8/asr-lb-fixed	nocaps	throughput	7	1638400	1654700	1638400	1638400	1.010	1637803	0	0	0	0	0	0	0	0	0	0	1841	6	0	0	0	10795	vm	unanchored	memchr	reverse-pass		none	none	hybrid	0	unanchored	1	1	90528.847898	2451522.045238	0.0	0.0	0.0	0.0	0.0	0.0	0.0	0.0	0.0	0.0	100.7	0.3	0.0	0.0
utf8/asr-lb-neg	default	search_short	91	692	1025	538	692	1.481	474	0	0	0	3	0	0	0	56	44	0	40	40	0	0	103	120	vm	unanchored	offset-set	reverse-pass		e69cac@2	0	hybrid	0	unanchored	1	3	1977.875315	4482.713448	0.0	0.0	0.0	5.8	0.0	0.0	0.0	108.1	84.9	0.0	77.2	77.2	0.0	0.0
utf8/asr-lb-neg	default	throughput	7	1638400	1663079	1636757	1638400	1.015	1633150	0	0	0	504	0	360	360	3844	1778	0	1684	1211	0	0	6486	10759	vm	unanchored	offset-set	reverse-pass		e69cac@2	0	hybrid	0	unanchored	1	3	201102.321727	1902817.085714	0.0	0.0	0.0	60.9	0.0	43.5	43.5	464.8	215.0	0.0	203.6	146.4	0.0	0.0
utf8/asr-lb-neg	nocaps	search_short	91	692	1025	538	692	1.481	474	0	0	0	3	0	0	0	56	44	0	40	40	0	0	103	120	vm	unanchored	offset-set	reverse-pass		e69cac@2	0	hybrid	0	unanchored	1	3	1975.082969	4482.713448	0.0	0.0	0.0	5.8	0.0	0.0	0.0	107.9	84.8	0.0	77.1	77.1	0.0	0.0
utf8/asr-lb-neg	nocaps	throughput	7	1638400	1663079	1636757	1638400	1.015	1633150	0	0	0	504	0	360	360	3844	1778	0	1684	1211	0	0	6486	10759	vm	unanchored	offset-set	reverse-pass		e69cac@2	0	hybrid	0	unanchored	1	3	200925.220353	1902817.085714	0.0	0.0	0.0	60.9	0.0	43.5	43.5	464.4	214.8	0.0	203.5	146.3	0.0	0.0
utf8/asr-lb-varwidth	default	search_short	91	692	826	692	692	1.194	681	0	0	0	4	0	0	0	0	0	0	18	16	0	0	4	87	vm	unanchored	memchr	reverse-pass		none	none	hybrid	0	unanchored	1	1	1706.482965	4348.366066	0.0	0.0	0.0	8.3	0.0	0.0	0.0	0.0	0.0	0.0	37.2	33.1	0.0	0.0
utf8/asr-lb-varwidth	default	throughput	7	1638400	1658632	1638400	1638400	1.012	1638390	0	0	0	0	0	0	0	0	0	0	1839	1844	0	0	0	12886	vm	unanchored	memchr	reverse-pass		none	none	hybrid	0	unanchored	1	1	108135.734731	2452473.443723	0.0	0.0	0.0	0.0	0.0	0.0	0.0	0.0	0.0	0.0	119.9	120.2	0.0	0.0
utf8/asr-lb-varwidth	nocaps	search_short	91	692	826	692	692	1.194	681	0	0	0	4	0	0	0	0	0	0	18	16	0	0	4	87	vm	unanchored	memchr	reverse-pass		none	none	hybrid	0	unanchored	1	1	1715.382329	4348.366066	0.0	0.0	0.0	8.3	0.0	0.0	0.0	0.0	0.0	0.0	37.4	33.2	0.0	0.0
utf8/asr-lb-varwidth	nocaps	throughput	7	1638400	1658632	1638400	1638400	1.012	1638390	0	0	0	0	0	0	0	0	0	0	1839	1844	0	0	0	12886	vm	unanchored	memchr	reverse-pass		none	none	hybrid	0	unanchored	1	1	107986.64956	2452473.443723	0.0	0.0	0.0	0.0	0.0	0.0	0.0	0.0	0.0	0.0	119.7	120.1	0.0	0.0
utf8/ci-ascii-control	default	search_short	91	692	1113	524	691	1.611	1023	0	0	0	23	0	0	0	535	22	0	0	0	0	0	580	0	dfa	unanchored	byte-class	reverse-pass	unwrapped	414243@2/dfdfdf	0		0	unanchored	3	3	1202.566498	2545.295465	0.0	0.0	0.0	24.9	0.0	0.0	0.0	578.1	23.8	0.0	0.0	0.0	0.0	0.0
utf8/ci-ascii-control	default	throughput	7	1638400	3328432	1638386	1638400	2.032	3276772	0	0	0	0	0	0	0	1690046	0	0	0	0	0	0	1690046	0	dfa	unanchored	byte-class	reverse-pass	unwrapped	414243@2/dfdfdf	0		0	unanchored	3	3	1139194.979263	94859.204064	0.0	0.0	0.0	0.0	0.0	0.0	0.0	578438.1	0.0	0.0	0.0	0.0	0.0	0.0
utf8/ci-ascii-control	nocaps	search_short	91	692	1113	524	691	1.611	1023	0	0	0	23	0	0	0	535	22	0	0	0	0	0	580	0	dfa	unanchored	byte-class	reverse-pass	unwrapped	414243@2/dfdfdf	0		0	unanchored	3	3	1205.728436	2545.295465	0.0	0.0	0.0	24.9	0.0	0.0	0.0	579.6	23.8	0.0	0.0	0.0	0.0	0.0
utf8/ci-ascii-control	nocaps	throughput	7	1638400	3328432	1638386	1638400	2.032	3276772	0	0	0	0	0	0	0	1690046	0	0	0	0	0	0	1690046	0	dfa	unanchored	byte-class	reverse-pass	unwrapped	414243@2/dfdfdf	0		0	unanchored	3	3	1139150.828608	94859.204064	0.0	0.0	0.0	0.0	0.0	0.0	0.0	578415.7	0.0	0.0	0.0	0.0	0.0	0.0
utf8/ci-class-range	default	search_short	91	692	754	568	543	1.389	0	0	0	0	143	0	0	0	0	0	0	0	0	0	0	143	25	dfa	unanchored	byte-class	reverse-pass	unwrapped	none	none		0	unanchored	-1	1	1384.998092	3133.27425	0.0	0.0	0.0	262.7	0.0	0.0	0.0	0.0	0.0	0.0	0.0	0.0	0.0	0.0
utf8/ci-class-range	default	throughput	7	1638400	2801652	1638400	1638400	1.710	0	0	0	0	744653	0	137372	0	0	0	0	0	0	0	0	882025	5407	dfa	unanchored	byte-class	reverse-pass	unwrapped	none	none		0	unanchored	-1	1	5686842.873016	173591.328205	0.0	0.0	0.0	1511509.9	0.0	278840.1	0.0	0.0	0.0	0.0	0.0	0.0	0.0	0.0
utf8/ci-class-range	nocaps	search_short	91	692	754	568	543	1.389	0	0	0	0	143	0	0	0	0	0	0	0	0	0	0	143	25	dfa	unanchored	byte-class	reverse-pass	unwrapped	none	none		0	unanchored	-1	1	1392.90899	3133.27425	0.0	0.0	0.0	264.2	0.0	0.0	0.0	0.0	0.0	0.0	0.0	0.0	0.0	0.0
utf8/ci-class-range	nocaps	throughput	7	1638400	2801652	1638400	1638400	1.710	0	0	0	0	744653	0	137372	0	0	0	0	0	0	0	0	882025	5407	dfa	unanchored	byte-class	reverse-pass	unwrapped	none	none		0	unanchored	-1	1	5686714.0625	173591.328205	0.0	0.0	0.0	1511475.6	0.0	278833.8	0.0	0.0	0.0	0.0	0.0	0.0	0.0	0.0
utf8/ci-e-acute	default	search_short	91	692	740	671	663	1.116	640	0	0	0	46	0	0	0	0	0	0	0	0	0	0	46	8	dfa	unanchored	memchr	reverse-pass	unwrapped	none	none		0	unanchored	1	2	1095.992603	3556.510798	0.0	0.0	0.0	68.1	0.0	0.0	0.0	0.0	0.0	0.0	0.0	0.0	0.0	0.0
utf8/ci-e-acute	default	throughput	7	1638400	1718504	1638400	1638400	1.049	1612181	0	0	0	15834	0	10777	10777	0	0	0	0	0	0	0	26611	16497	dfa	unanchored	memchr	reverse-pass	unwrapped	none	none		0	unanchored	1	2	527273.351664	11783.805746	0.0	0.0	0.0	4858.2	0.0	3306.6	3306.6	0.0	0.0	0.0	0.0	0.0	0.0	0.0
utf8/ci-e-acute	nocaps	search_short	91	692	740	671	663	1.116	640	0	0	0	46	0	0	0	0	0	0	0	0	0	0	46	8	dfa	unanchored	memchr	reverse-pass	unwrapped	none	none		0	unanchored	1	2	1099.614851	3556.510798	0.0	0.0	0.0	68.4	0.0	0.0	0.0	0.0	0.0	0.0	0.0	0.0	0.0	0.0
utf8/ci-e-acute	nocaps	throughput	7	1638400	1718504	1638400	1638400	1.049	1612181	0	0	0	15834	0	10777	10777	0	0	0	0	0	0	0	26611	16497	dfa	unanchored	memchr	reverse-pass	unwrapped	none	none		0	unanchored	1	2	527430.546411	11783.805746	0.0	0.0	0.0	4859.7	0.0	3307.6	3307.6	0.0	0.0	0.0	0.0	0.0	0.0	0.0
utf8/ci-greek-run	default	search_short	91	692	397	376	692	0.574	358	0	0	0	12	0	0	0	0	0	0	0	0	0	0	12	0	dfa	unanchored	offset-set	reverse-pass	unwrapped	none	none		0	unanchored	3	6	764.516096	2206.941836	0.0	0.0	0.0	23.1	0.0	0.0	0.0	0.0	0.0	0.0	0.0	0.0	0.0	0.0
utf8/ci-greek-run	default	throughput	7	1638400	1638372	1638372	1638400	1.000	1638372	0	0	0	0	0	0	0	0	0	0	0	0	0	0	0	0	dfa	unanchored	offset-set	reverse-pass	unwrapped	none	none		0	unanchored	3	6	27515.929669	93825.43712	0.0	0.0	0.0	0.0	0.0	0.0	0.0	0.0	0.0	0.0	0.0	0.0	0.0	0.0
utf8/ci-greek-run	nocaps	search_short	91	692	397	376	692	0.574	358	0	0	0	12	0	0	0	0	0	0	0	0	0	0	12	0	dfa	unanchored	offset-set	reverse-pass	unwrapped	none	none		0	unanchored	3	6	764.968119	2206.941836	0.0	0.0	0.0	23.1	0.0	0.0	0.0	0.0	0.0	0.0	0.0	0.0	0.0	0.0
utf8/ci-greek-run	nocaps	throughput	7	1638400	1638372	1638372	1638400	1.000	1638372	0	0	0	0	0	0	0	0	0	0	0	0	0	0	0	0	dfa	unanchored	offset-set	reverse-pass	unwrapped	none	none		0	unanchored	3	6	27548.69295	93825.43712	0.0	0.0	0.0	0.0	0.0	0.0	0.0	0.0	0.0	0.0	0.0	0.0	0.0	0.0
utf8/ci-kelvin	default	search_short	91	692	696	688	687	1.013	0	0	0	0	6	0	0	0	0	0	0	0	0	0	0	6	1	dfa	unanchored	byte-class	reverse-pass	unwrapped	none	none		0	unanchored	1	1	934.937646	2332.225778	0.0	0.0	0.0	8.1	0.0	0.0	0.0	0.0	0.0	0.0	0.0	0.0	0.0	0.0
utf8/ci-kelvin	default	throughput	7	1638400	1663264	1638400	1638400	1.015	0	0	0	0	7956	0	4758	4758	0	0	0	0	0	0	0	12714	1560	dfa	unanchored	byte-class	reverse-pass	unwrapped	none	none		0	unanchored	1	1	719564.139741	7741.042574	0.0	0.0	0.0	3441.9	0.0	2058.4	2058.4	0.0	0.0	0.0	0.0	0.0	0.0	0.0
utf8/ci-kelvin	nocaps	search_short	91	692	696	688	687	1.013	0	0	0	0	6	0	0	0	0	0	0	0	0	0	0	6	1	dfa	unanchored	byte-class	reverse-pass	unwrapped	none	none		0	unanchored	1	1	913.379467	2332.225778	0.0	0.0	0.0	7.9	0.0	0.0	0.0	0.0	0.0	0.0	0.0	0.0	0.0	0.0
utf8/ci-kelvin	nocaps	throughput	7	1638400	1663264	1638400	1638400	1.015	0	0	0	0	7956	0	4758	4758	0	0	0	0	0	0	0	12714	1560	dfa	unanchored	byte-class	reverse-pass	unwrapped	none	none		0	unanchored	1	1	718668.046416	7741.042574	0.0	0.0	0.0	3437.7	0.0	2055.9	2055.9	0.0	0.0	0.0	0.0	0.0	0.0	0.0
utf8/ci-long-s	default	search_short	91	692	663	635	625	1.061	0	0	0	0	18	0	0	0	0	0	0	0	0	0	0	18	10	dfa	unanchored	byte-class	reverse-pass	unwrapped	none	none		0	unanchored	1	1	1002.935688	2961.227232	0.0	0.0	0.0	27.2	0.0	0.0	0.0	0.0	0.0	0.0	0.0	0.0	0.0	0.0
utf8/ci-long-s	default	throughput	7	1638400	1822041	1638400	1638400	1.112	0	0	0	0	71582	0	37353	37353	0	0	0	0	0	0	0	108935	3124	dfa	unanchored	byte-class	reverse-pass	unwrapped	none	none		0	unanchored	1	1	1335323.829966	3558.807597	0.0	0.0	0.0	52460.5	0.0	27375.0	27375.0	0.0	0.0	0.0	0.0	0.0	0.0	0.0
utf8/ci-long-s	nocaps	search_short	91	692	663	635	625	1.061	0	0	0	0	18	0	0	0	0	0	0	0	0	0	0	18	10	dfa	unanchored	byte-class	reverse-pass	unwrapped	none	none		0	unanchored	1	1	991.163142	2961.227232	0.0	0.0	0.0	26.9	0.0	0.0	0.0	0.0	0.0	0.0	0.0	0.0	0.0	0.0
utf8/ci-long-s	nocaps	throughput	7	1638400	1822041	1638400	1638400	1.112	0	0	0	0	71582	0	37353	37353	0	0	0	0	0	0	0	108935	3124	dfa	unanchored	byte-class	reverse-pass	unwrapped	none	none		0	unanchored	1	1	1334177.194399	3558.807597	0.0	0.0	0.0	52415.4	0.0	27351.5	27351.5	0.0	0.0	0.0	0.0	0.0	0.0	0.0
utf8/ci-moskva	default	search_short	91	692	788	692	692	1.139	606	0	0	0	72	0	0	0	0	0	0	0	0	0	0	72	0	dfa	unanchored	memchr	reverse-pass	unwrapped	none	none		0	unanchored	6	12	1233.075803	1321.017364	0.0	0.0	0.0	112.7	0.0	0.0	0.0	0.0	0.0	0.0	0.0	0.0	0.0	0.0
utf8/ci-moskva	default	throughput	7	1638400	1789377	1638400	1638400	1.092	1473013	0	0	0	65	0	290	290	0	0	0	0	0	0	0	355	3705	dfa	unanchored	memchr	reverse-pass	unwrapped	none	none		0	unanchored	6	12	1297035.973563	12667.888031	0.0	0.0	0.0	47.1	0.0	210.2	210.2	0.0	0.0	0.0	0.0	0.0	0.0	0.0
utf8/ci-moskva	nocaps	search_short	91	692	788	692	692	1.139	606	0	0	0	72	0	0	0	0	0	0	0	0	0	0	72	0	dfa	unanchored	memchr	reverse-pass	unwrapped	none	none		0	unanchored	6	12	1235.131336	1321.017364	0.0	0.0	0.0	112.9	0.0	0.0	0.0	0.0	0.0	0.0	0.0	0.0	0.0	0.0
utf8/ci-moskva	nocaps	throughput	7	1638400	1789377	1638400	1638400	1.092	1473013	0	0	0	65	0	290	290	0	0	0	0	0	0	0	355	3705	dfa	unanchored	memchr	reverse-pass	unwrapped	none	none		0	unanchored	6	12	1297373.596932	12667.888031	0.0	0.0	0.0	47.1	0.0	210.3	210.3	0.0	0.0	0.0	0.0	0.0	0.0	0.0
utf8/ci-neg-fold	default	search_short	91	692	516	257	183	2.820	0	0	0	0	151	0	0	0	0	0	0	0	0	0	0	151	83	dfa	unanchored	byte-class	reverse-pass	unwrapped	none	none		0	unanchored	1	1	1589.320639	2786.837322	0.0	0.0	0.0	465.1	0.0	0.0	0.0	0.0	0.0	0.0	0.0	0.0	0.0	0.0
utf8/ci-neg-fold	default	throughput	7	1638400	6735489	1638400	1638400	4.111	0	0	0	0	1605993	0	1152894	1152894	0	0	0	0	0	0	0	2758887	1174524	dfa	unanchored	byte-class	reverse-pass	unwrapped	none	none		0	unanchored	1	1	13028271.781609	514.238638	0.0	0.0	0.0	3106428.2	0.0	2230011.3	2230011.3	0.0	0.0	0.0	0.0	0.0	0.0	0.0
utf8/ci-neg-fold	nocaps	search_short	91	692	516	257	183	2.820	0	0	0	0	151	0	0	0	0	0	0	0	0	0	0	151	83	dfa	unanchored	byte-class	reverse-pass	unwrapped	none	none		0	unanchored	1	1	1584.788316	2786.837322	0.0	0.0	0.0	463.8	0.0	0.0	0.0	0.0	0.0	0.0	0.0	0.0	0.0	0.0
utf8/ci-neg-fold	nocaps	throughput	7	1638400	6735489	1638400	1638400	4.111	0	0	0	0	1605993	0	1152894	1152894	0	0	0	0	0	0	0	2758887	1174524	dfa	unanchored	byte-class	reverse-pass	unwrapped	none	none		0	unanchored	1	1	13084273.505747	514.238638	0.0	0.0	0.0	3119781.2	0.0	2239596.9	2239596.9	0.0	0.0	0.0	0.0	0.0	0.0	0.0
utf8/ci-sigma	default	search_short	91	692	704	685	684	1.029	0	0	0	0	2	0	0	0	0	0	0	0	0	0	0	2	4	dfa	unanchored	byte-class	reverse-pass	unwrapped	none	none		0	unanchored	1	2	958.307532	2250.409099	0.0	0.0	0.0	2.7	0.0	0.0	0.0	0.0	0.0	0.0	0.0	0.0	0.0	0.0
utf8/ci-sigma	default	throughput	7	1638400	1638400	1638400	1638400	1.000	0	0	0	0	0	0	0	0	0	0	0	0	0	0	0	0	0	dfa	unanchored	byte-class	reverse-pass	unwrapped	none	none		0	unanchored	1	2	573003.731016	76202.185083	0.0	0.0	0.0	0.0	0.0	0.0	0.0	0.0	0.0	0.0	0.0	0.0	0.0	0.0
utf8/ci-sigma	nocaps	search_short	91	692	704	685	684	1.029	0	0	0	0	2	0	0	0	0	0	0	0	0	0	0	2	4	dfa	unanchored	byte-class	reverse-pass	unwrapped	none	none		0	unanchored	1	2	960.804753	2250.409099	0.0	0.0	0.0	2.7	0.0	0.0	0.0	0.0	0.0	0.0	0.0	0.0	0.0	0.0
utf8/ci-sigma	nocaps	throughput	7	1638400	1638400	1638400	1638400	1.000	0	0	0	0	0	0	0	0	0	0	0	0	0	0	0	0	0	dfa	unanchored	byte-class	reverse-pass	unwrapped	none	none		0	unanchored	1	2	573078.491998	76202.185083	0.0	0.0	0.0	0.0	0.0	0.0	0.0	0.0	0.0	0.0	0.0	0.0	0.0	0.0
utf8/ci-strasse	default	search_short	91	692	1124	519	692	1.624	1009	0	0	0	23	0	0	0	538	33	0	0	0	0	0	594	0	dfa	unanchored	byte-class	reverse-pass	unwrapped	545241@2/dfdfdf	2		0	unanchored	6	7	1231.999617	1884.790257	0.0	0.0	0.0	25.2	0.0	0.0	0.0	589.7	36.2	0.0	0.0	0.0	0.0	0.0
utf8/ci-strasse	default	throughput	7	1638400	2906791	1638292	1638400	1.774	1848539	0	0	0	1144	327110	298	298	667873	240724	0	0	0	0	0	1237149	8973	dfa	unanchored	byte-class	reverse-pass	unwrapped	545241@2/dfdfdf	2		0	unanchored	6	7	1259894.56369	15985.786784	0.0	0.0	0.0	495.8	141779.8	129.2	129.2	289477.1	104337.3	0.0	0.0	0.0	0.0	0.0
utf8/ci-strasse	nocaps	search_short	91	692	1124	519	692	1.624	1009	0	0	0	23	0	0	0	538	33	0	0	0	0	0	594	0	dfa	unanchored	byte-class	reverse-pass	unwrapped	545241@2/dfdfdf	2		0	unanchored	6	7	1233.578923	1884.790257	0.0	0.0	0.0	25.2	0.0	0.0	0.0	590.4	36.2	0.0	0.0	0.0	0.0	0.0
utf8/ci-strasse	nocaps	throughput	7	1638400	2906791	1638292	1638400	1.774	1848539	0	0	0	1144	327110	298	298	667873	240724	0	0	0	0	0	1237149	8973	dfa	unanchored	byte-class	reverse-pass	unwrapped	545241@2/dfdfdf	2		0	unanchored	6	7	1261462.789474	15985.786784	0.0	0.0	0.0	496.5	141956.2	129.3	129.3	289837.5	104467.2	0.0	0.0	0.0	0.0	0.0
utf8/ci-turkish-i	default	search_short	91	692	649	631	625	1.038	0	0	0	0	12	0	0	0	0	0	0	0	0	0	0	12	6	dfa	unanchored	byte-class	reverse-pass	unwrapped	none	none		0	unanchored	1	1	942.80437	1863.865251	0.0	0.0	0.0	17.4	0.0	0.0	0.0	0.0	0.0	0.0	0.0	0.0	0.0	0.0
utf8/ci-turkish-i	default	throughput	7	1638400	1846090	1638400	1638400	1.127	0	0	0	0	83076	0	41538	41538	0	0	0	0	0	0	0	124614	0	dfa	unanchored	byte-class	reverse-pass	unwrapped	none	none		0	unanchored	1	1	1435597.030995	1808.014352	0.0	0.0	0.0	64603.4	0.0	32301.7	32301.7	0.0	0.0	0.0	0.0	0.0	0.0	0.0
utf8/ci-turkish-i	nocaps	search_short	91	692	649	631	625	1.038	0	0	0	0	12	0	0	0	0	0	0	0	0	0	0	12	6	dfa	unanchored	byte-class	reverse-pass	unwrapped	none	none		0	unanchored	1	1	952.315736	1863.865251	0.0	0.0	0.0	17.6	0.0	0.0	0.0	0.0	0.0	0.0	0.0	0.0	0.0	0.0
utf8/ci-turkish-i	nocaps	throughput	7	1638400	1846090	1638400	1638400	1.127	0	0	0	0	83076	0	41538	41538	0	0	0	0	0	0	0	124614	0	dfa	unanchored	byte-class	reverse-pass	unwrapped	none	none		0	unanchored	1	1	1440056.955954	1808.014352	0.0	0.0	0.0	64804.1	0.0	32402.0	32402.0	0.0	0.0	0.0	0.0	0.0	0.0	0.0
utf8/ci-ucp-invariance	default	search_short	91	692	740	671	663	1.116	640	0	0	0	46	0	0	0	0	0	0	0	0	0	0	46	8	dfa	unanchored	memchr	reverse-pass	unwrapped	none	none		0	unanchored	1	2																
utf8/ci-ucp-invariance	default	throughput	7	1638400	1718504	1638400	1638400	1.049	1612181	0	0	0	15834	0	10777	10777	0	0	0	0	0	0	0	26611	16497	dfa	unanchored	memchr	reverse-pass	unwrapped	none	none		0	unanchored	1	2																
utf8/ci-ucp-invariance	nocaps	search_short	91	692	740	671	663	1.116	640	0	0	0	46	0	0	0	0	0	0	0	0	0	0	46	8	dfa	unanchored	memchr	reverse-pass	unwrapped	none	none		0	unanchored	1	2																
utf8/ci-ucp-invariance	nocaps	throughput	7	1638400	1718504	1638400	1638400	1.049	1612181	0	0	0	15834	0	10777	10777	0	0	0	0	0	0	0	26611	16497	dfa	unanchored	memchr	reverse-pass	unwrapped	none	none		0	unanchored	1	2																
utf8/cls-boundary-range	default	search_short	91	692	824	591	573	1.438	0	0	0	0	185	0	0	0	0	0	0	0	0	0	0	185	18	dfa	unanchored	byte-class	reverse-pass	unwrapped	none	none		0	unanchored	-1	1	1484.179981	2957.318247	0.0	0.0	0.0	333.2	0.0	0.0	0.0	0.0	0.0	0.0	0.0	0.0	0.0	0.0
utf8/cls-boundary-range	default	throughput	7	1638400	2816113	1638400	1638400	1.719	0	0	0	0	725267	0	137157	0	0	0	0	0	0	0	0	862424	59411	dfa	unanchored	byte-class	reverse-pass	unwrapped	none	none		0	unanchored	-1	1	5616408.550388	542.291045	0.0	0.0	0.0	1446460.3	0.0	273543.6	0.0	0.0	0.0	0.0	0.0	0.0	0.0	0.0
utf8/cls-boundary-range	nocaps	search_short	91	692	824	591	573	1.438	0	0	0	0	185	0	0	0	0	0	0	0	0	0	0	185	18	dfa	unanchored	byte-class	reverse-pass	unwrapped	none	none		0	unanchored	-1	1	1488.003693	2957.318247	0.0	0.0	0.0	334.1	0.0	0.0	0.0	0.0	0.0	0.0	0.0	0.0	0.0	0.0
utf8/cls-boundary-range	nocaps	throughput	7	1638400	2816113	1638400	1638400	1.719	0	0	0	0	725267	0	137157	0	0	0	0	0	0	0	0	862424	59411	dfa	unanchored	byte-class	reverse-pass	unwrapped	none	none		0	unanchored	-1	1	5624301.790698	542.291045	0.0	0.0	0.0	1448493.2	0.0	273928.1	0.0	0.0	0.0	0.0	0.0	0.0	0.0	0.0
utf8/cls-d-ascii	default	search_short	91	692	699	692	692	1.010	0	0	0	0	0	0	0	0	0	0	0	0	0	0	0	0	2	dfa	unanchored	byte-class	reverse-pass	unwrapped	none	none		0	unanchored	4	4	951.9348	2150.600207	0.0	0.0	0.0	0.0	0.0	0.0	0.0	0.0	0.0	0.0	0.0	0.0	0.0	0.0
utf8/cls-d-ascii	default	throughput	7	1638400	1644060	1638400	1638400	1.003	0	0	0	0	576	0	430	430	0	0	0	0	0	0	0	1006	2704	dfa	unanchored	byte-class	reverse-pass	unwrapped	none	none		0	unanchored	4	4	618141.09589	10242.76698	0.0	0.0	0.0	216.6	0.0	161.7	161.7	0.0	0.0	0.0	0.0	0.0	0.0	0.0
utf8/cls-d-ascii	nocaps	search_short	91	692	699	692	692	1.010	0	0	0	0	0	0	0	0	0	0	0	0	0	0	0	0	2	dfa	unanchored	byte-class	reverse-pass	unwrapped	none	none		0	unanchored	4	4	951.569366	2150.600207	0.0	0.0	0.0	0.0	0.0	0.0	0.0	0.0	0.0	0.0	0.0	0.0	0.0	0.0
utf8/cls-d-ascii	nocaps	throughput	7	1638400	1644060	1638400	1638400	1.003	0	0	0	0	576	0	430	430	0	0	0	0	0	0	0	1006	2704	dfa	unanchored	byte-class	reverse-pass	unwrapped	none	none		0	unanchored	4	4	618213.71371	10242.76698	0.0	0.0	0.0	216.6	0.0	161.7	161.7	0.0	0.0	0.0	0.0	0.0	0.0	0.0
utf8/cls-d-ucp	default	search_short	91	692	713	692	692	1.030	0	0	0	0	8	0	0	0	0	0	0	0	0	0	0	8	0	dfa	unanchored	byte-class	reverse-pass	unwrapped	none	none		0	unanchored	4	4																
utf8/cls-d-ucp	default	throughput	7	1638400	1648310	1638400	1638400	1.006	0	0	0	0	166	0	430	430	0	0	0	0	0	0	0	596	2020	dfa	unanchored	byte-class	reverse-pass	unwrapped	none	none		0	unanchored	4	4																
utf8/cls-d-ucp	nocaps	search_short	91	692	713	692	692	1.030	0	0	0	0	8	0	0	0	0	0	0	0	0	0	0	8	0	dfa	unanchored	byte-class	reverse-pass	unwrapped	none	none		0	unanchored	4	4																
utf8/cls-d-ucp	nocaps	throughput	7	1638400	1648310	1638400	1638400	1.006	0	0	0	0	166	0	430	430	0	0	0	0	0	0	0	596	2020	dfa	unanchored	byte-class	reverse-pass	unwrapped	none	none		0	unanchored	4	4																
utf8/cls-dot	default	search_short	91	692	503	245	167	3.012	0	0	0	0	167	0	0	0	0	0	0	0	0	0	0	167	78	dfa	unanchored	byte-class	reverse-pass	unwrapped	none	none		0	unanchored	1	1	1592.866269	2816.820801	0.0	0.0	0.0	528.8	0.0	0.0	0.0	0.0	0.0	0.0	0.0	0.0	0.0	0.0
utf8/cls-dot	default	throughput	7	1638400	6767820	1638400	1638400	4.131	0	0	0	0	1638400	0	1163671	1163671	0	0	0	0	0	0	0	2802071	1163671	dfa	unanchored	byte-class	reverse-pass	unwrapped	none	none		0	unanchored	1	1	13119169.609195	517.587879	0.0	0.0	0.0	3175978.0	0.0	2255733.3	2255733.3	0.0	0.0	0.0	0.0	0.0	0.0	0.0
utf8/cls-dot	nocaps	search_short	91	692	503	245	167	3.012	0	0	0	0	167	0	0	0	0	0	0	0	0	0	0	167	78	dfa	unanchored	byte-class	reverse-pass	unwrapped	none	none		0	unanchored	1	1	1590.738848	2816.820801	0.0	0.0	0.0	528.1	0.0	0.0	0.0	0.0	0.0	0.0	0.0	0.0	0.0	0.0
utf8/cls-dot	nocaps	throughput	7	1638400	6767820	1638400	1638400	4.131	0	0	0	0	1638400	0	1163671	1163671	0	0	0	0	0	0	0	2802071	1163671	dfa	unanchored	byte-class	reverse-pass	unwrapped	none	none		0	unanchored	1	1	13088469.0	517.587879	0.0	0.0	0.0	3168545.8	0.0	2250454.6	2250454.6	0.0	0.0	0.0	0.0	0.0	0.0	0.0
utf8/cls-dot-rep	default	search_short	91	692	576	572	144	4.000	0	0	0	0	0	0	0	0	0	0	0	0	0	4	0	4	428	dfa	attempt	none	reverse-pass	search-filter	none	none		1	anchored	5	5	951.715468	1944.630711	0.0	0.0	0.0	0.0	0.0	0.0	0.0	0.0	0.0	0.0	0.0	0.0	6.6	0.0
utf8/cls-dot-rep	default	throughput	7	1638400	66	66	1638400	0.000	0	0	0	0	0	0	0	0	0	0	0	0	0	0	0	0	0	dfa	attempt	none	reverse-pass	search-filter	none	none		1	anchored	5	5	93.503602	42.016779	0.0	0.0	0.0	0.0	0.0	0.0	0.0	0.0	0.0	0.0	0.0	0.0	0.0	0.0
utf8/cls-dot-rep	nocaps	search_short	91	692	576	572	144	4.000	0	0	0	0	0	0	0	0	0	0	0	0	0	4	0	4	428	dfa	attempt	none	reverse-pass	search-filter	none	none		1	anchored	5	5	959.781695	1944.630711	0.0	0.0	0.0	0.0	0.0	0.0	0.0	0.0	0.0	0.0	0.0	0.0	6.7	0.0
utf8/cls-dot-rep	nocaps	throughput	7	1638400	66	66	1638400	0.000	0	0	0	0	0	0	0	0	0	0	0	0	0	0	0	0	0	dfa	attempt	none	reverse-pass	search-filter	none	none		1	anchored	5	5	93.17157	42.016779	0.0	0.0	0.0	0.0	0.0	0.0	0.0	0.0	0.0	0.0	0.0	0.0	0.0	0.0
utf8/cls-high-range	default	search_short	91	692	881	670	666	1.323	0	0	0	0	186	0	0	0	0	0	0	0	0	0	0	186	4	dfa	unanchored	byte-class	reverse-pass	unwrapped	none	none		0	unanchored	-1	2	1558.756709	2763.03357	0.0	0.0	0.0	329.1	0.0	0.0	0.0	0.0	0.0	0.0	0.0	0.0	0.0	0.0
utf8/cls-high-range	default	throughput	7	1638400	2290894	1638400	1638400	1.398	0	0	0	0	476314	0	56062	0	0	0	0	0	0	0	0	532376	10279	dfa	unanchored	byte-class	reverse-pass	unwrapped	none	none		0	unanchored	-1	2	2996447.054124	90756.274026	0.0	0.0	0.0	623009.9	0.0	73328.1	0.0	0.0	0.0	0.0	0.0	0.0	0.0	0.0
utf8/cls-high-range	nocaps	search_short	91	692	881	670	666	1.323	0	0	0	0	186	0	0	0	0	0	0	0	0	0	0	186	4	dfa	unanchored	byte-class	reverse-pass	unwrapped	none	none		0	unanchored	-1	2	1558.753488	2763.03357	0.0	0.0	0.0	329.1	0.0	0.0	0.0	0.0	0.0	0.0	0.0	0.0	0.0	0.0
utf8/cls-high-range	nocaps	throughput	7	1638400	2290894	1638400	1638400	1.398	0	0	0	0	476314	0	56062	0	0	0	0	0	0	0	0	532376	10279	dfa	unanchored	byte-class	reverse-pass	unwrapped	none	none		0	unanchored	-1	2	2997765.974227	90756.274026	0.0	0.0	0.0	623284.1	0.0	73360.3	0.0	0.0	0.0	0.0	0.0	0.0	0.0	0.0
utf8/cls-lead-pair	default	search_short	91	692	709	685	682	1.040	0	0	0	0	12	0	0	0	0	0	0	0	0	0	0	12	3	dfa	unanchored	byte-class	reverse-pass	unwrapped	none	none		0	unanchored	-1	2	959.126959	3256.786542	0.0	0.0	0.0	16.2	0.0	0.0	0.0	0.0	0.0	0.0	0.0	0.0	0.0	0.0
utf8/cls-lead-pair	default	throughput	7	1638400	1638400	1638400	1638400	1.000	0	0	0	0	0	0	0	0	0	0	0	0	0	0	0	0	0	dfa	unanchored	byte-class	reverse-pass	unwrapped	none	none		0	unanchored	-1	2	572980.763628	76254.056919	0.0	0.0	0.0	0.0	0.0	0.0	0.0	0.0	0.0	0.0	0.0	0.0	0.0	0.0
utf8/cls-lead-pair	nocaps	search_short	91	692	709	685	682	1.040	0	0	0	0	12	0	0	0	0	0	0	0	0	0	0	12	3	dfa	unanchored	byte-class	reverse-pass	unwrapped	none	none		0	unanchored	-1	2	971.036026	3256.786542	0.0	0.0	0.0	16.4	0.0	0.0	0.0	0.0	0.0	0.0	0.0	0.0	0.0	0.0
utf8/cls-lead-pair	nocaps	throughput	7	1638400	1638400	1638400	1638400	1.000	0	0	0	0	0	0	0	0	0	0	0	0	0	0	0	0	0	dfa	unanchored	byte-class	reverse-pass	unwrapped	none	none		0	unanchored	-1	2	573033.622477	76254.056919	0.0	0.0	0.0	0.0	0.0	0.0	0.0	0.0	0.0	0.0	0.0	0.0	0.0	0.0
utf8/cls-mixed	default	search_short	91	692	915	581	555	1.649	0	0	0	0	245	0	0	0	0	0	0	0	0	0	0	245	50	dfa	unanchored	byte-class	reverse-pass	unwrapped	none	none		0	unanchored	-1	1	1751.84925	3273.059035	0.0	0.0	0.0	469.1	0.0	0.0	0.0	0.0	0.0	0.0	0.0	0.0	0.0	0.0
utf8/cls-mixed	default	throughput	7	1638400	3460525	1638400	1638400	2.112	0	0	0	0	1181962	0	197494	0	0	0	0	0	0	0	0	1379456	72617	dfa	unanchored	byte-class	reverse-pass	unwrapped	none	none		0	unanchored	-1	1	7980978.7	10365.207797	0.0	0.0	0.0	2725948.7	0.0	455478.7	0.0	0.0	0.0	0.0	0.0	0.0	0.0	0.0
utf8/cls-mixed	nocaps	search_short	91	692	915	581	555	1.649	0	0	0	0	245	0	0	0	0	0	0	0	0	0	0	245	50	dfa	unanchored	byte-class	reverse-pass	unwrapped	none	none		0	unanchored	-1	1	1748.962903	3273.059035	0.0	0.0	0.0	468.3	0.0	0.0	0.0	0.0	0.0	0.0	0.0	0.0	0.0	0.0
utf8/cls-mixed	nocaps	throughput	7	1638400	3460525	1638400	1638400	2.112	0	0	0	0	1181962	0	197494	0	0	0	0	0	0	0	0	1379456	72617	dfa	unanchored	byte-class	reverse-pass	unwrapped	none	none		0	unanchored	-1	1	7971411.723077	10365.207797	0.0	0.0	0.0	2722681.0	0.0	454932.7	0.0	0.0	0.0	0.0	0.0	0.0	0.0	0.0
utf8/cls-neg-allhigh	default	search_short	91	692	908	616	595	1.526	0	0	0	0	223	0	0	0	0	0	0	0	0	0	0	223	42	dfa	unanchored	byte-class	reverse-pass	unwrapped	none	none		0	unanchored	-1	1	1408.498301	2735.315325	0.0	0.0	0.0	345.9	0.0	0.0	0.0	0.0	0.0	0.0	0.0	0.0	0.0	0.0
utf8/cls-neg-allhigh	default	throughput	7	1638400	3015844	1638400	1638400	1.841	0	0	0	0	995722	0	95429	0	0	0	0	0	0	0	0	1091151	95429	dfa	unanchored	byte-class	reverse-pass	unwrapped	none	none		0	unanchored	-1	1	3492401.362989	496.043962	0.0	0.0	0.0	1153063.9	0.0	110508.5	0.0	0.0	0.0	0.0	0.0	0.0	0.0	0.0
utf8/cls-neg-allhigh	nocaps	search_short	91	692	908	616	595	1.526	0	0	0	0	223	0	0	0	0	0	0	0	0	0	0	223	42	dfa	unanchored	byte-class	reverse-pass	unwrapped	none	none		0	unanchored	-1	1	1425.021327	2735.315325	0.0	0.0	0.0	350.0	0.0	0.0	0.0	0.0	0.0	0.0	0.0	0.0	0.0	0.0
utf8/cls-neg-allhigh	nocaps	throughput	7	1638400	3015844	1638400	1638400	1.841	0	0	0	0	995722	0	95429	0	0	0	0	0	0	0	0	1091151	95429	dfa	unanchored	byte-class	reverse-pass	unwrapped	none	none		0	unanchored	-1	1	3494678.813793	496.043962	0.0	0.0	0.0	1153815.8	0.0	110580.6	0.0	0.0	0.0	0.0	0.0	0.0	0.0	0.0
utf8/cls-neg-cjk	default	search_short	91	692	1251	650	645	1.940	0	0	0	0	522	0	0	0	0	0	0	0	0	0	0	522	5	dfa	unanchored	byte-class	reverse-pass	unwrapped	none	none		0	unanchored	-1	1	2397.233987	2796.605451	0.0	0.0	0.0	1000.3	0.0	0.0	0.0	0.0	0.0	0.0	0.0	0.0	0.0	0.0
utf8/cls-neg-cjk	default	throughput	7	1638400	3113519	1638400	1638400	1.900	0	0	0	0	943450	0	13522	0	0	0	0	0	0	0	0	956972	487560	dfa	unanchored	byte-class	reverse-pass	unwrapped	none	none		0	unanchored	-1	1	5608699.735577	505.749638	0.0	0.0	0.0	1699532.8	0.0	24358.6	0.0	0.0	0.0	0.0	0.0	0.0	0.0	0.0
utf8/cls-neg-cjk	nocaps	search_short	91	692	1251	650	645	1.940	0	0	0	0	522	0	0	0	0	0	0	0	0	0	0	522	5	dfa	unanchored	byte-class	reverse-pass	unwrapped	none	none		0	unanchored	-1	1	2395.143895	2796.605451	0.0	0.0	0.0	999.4	0.0	0.0	0.0	0.0	0.0	0.0	0.0	0.0	0.0	0.0
utf8/cls-neg-cjk	nocaps	throughput	7	1638400	3113519	1638400	1638400	1.900	0	0	0	0	943450	0	13522	0	0	0	0	0	0	0	0	956972	487560	dfa	unanchored	byte-class	reverse-pass	unwrapped	none	none		0	unanchored	-1	1	5607736.009346	505.749638	0.0	0.0	0.0	1699240.8	0.0	24354.4	0.0	0.0	0.0	0.0	0.0	0.0	0.0	0.0
utf8/cls-neg-single	default	search_short	91	692	518	257	183	2.831	0	0	0	0	153	0	0	0	0	0	0	0	0	0	0	153	83	dfa	unanchored	byte-class	reverse-pass	unwrapped	none	none		0	unanchored	1	1	1602.698673	2801.292958	0.0	0.0	0.0	473.4	0.0	0.0	0.0	0.0	0.0	0.0	0.0	0.0	0.0	0.0
utf8/cls-neg-single	default	throughput	7	1638400	6735489	1638400	1638400	4.111	0	0	0	0	1605993	0	1152894	1152894	0	0	0	0	0	0	0	2758887	1174524	dfa	unanchored	byte-class	reverse-pass	unwrapped	none	none		0	unanchored	1	1	13044754.517241	516.868478	0.0	0.0	0.0	3110358.3	0.0	2232832.6	2232832.6	0.0	0.0	0.0	0.0	0.0	0.0	0.0
utf8/cls-neg-single	nocaps	search_short	91	692	518	257	183	2.831	0	0	0	0	153	0	0	0	0	0	0	0	0	0	0	153	83	dfa	unanchored	byte-class	reverse-pass	unwrapped	none	none		0	unanchored	1	1	1601.36397	2801.292958	0.0	0.0	0.0	473.0	0.0	0.0	0.0	0.0	0.0	0.0	0.0	0.0	0.0	0.0
utf8/cls-neg-single	nocaps	throughput	7	1638400	6735489	1638400	1638400	4.111	0	0	0	0	1605993	0	1152894	1152894	0	0	0	0	0	0	0	2758887	1174524	dfa	unanchored	byte-class	reverse-pass	unwrapped	none	none		0	unanchored	1	1	13114542.406977	516.868478	0.0	0.0	0.0	3126998.4	0.0	2244778.0	2244778.0	0.0	0.0	0.0	0.0	0.0	0.0	0.0
utf8/cls-posix-alpha	default	search_short	91	692	781	568	543	1.438	0	0	0	0	146	0	0	0	0	0	0	0	0	0	0	146	50	dfa	unanchored	byte-class	reverse-pass	unwrapped	none	none		0	unanchored	-1	1	1296.116734	2693.523686	0.0	0.0	0.0	242.3	0.0	0.0	0.0	0.0	0.0	0.0	0.0	0.0	0.0	0.0
utf8/cls-posix-alpha	default	throughput	7	1638400	3074128	1638400	1638400	1.876	0	0	0	0	886238	0	137372	0	0	0	0	0	0	0	0	1023610	137372	dfa	unanchored	byte-class	reverse-pass	unwrapped	none	none		0	unanchored	-1	1	4522373.468927	3551.025469	0.0	0.0	0.0	1303751.6	0.0	202089.0	0.0	0.0	0.0	0.0	0.0	0.0	0.0	0.0
utf8/cls-posix-alpha	nocaps	search_short	91	692	781	568	543	1.438	0	0	0	0	146	0	0	0	0	0	0	0	0	0	0	146	50	dfa	unanchored	byte-class	reverse-pass	unwrapped	none	none		0	unanchored	-1	1	1298.902995	2693.523686	0.0	0.0	0.0	242.8	0.0	0.0	0.0	0.0	0.0	0.0	0.0	0.0	0.0	0.0
utf8/cls-posix-alpha	nocaps	throughput	7	1638400	3074128	1638400	1638400	1.876	0	0	0	0	886238	0	137372	0	0	0	0	0	0	0	0	1023610	137372	dfa	unanchored	byte-class	reverse-pass	unwrapped	none	none		0	unanchored	-1	1	4528315.086705	3551.025469	0.0	0.0	0.0	1305464.5	0.0	202354.5	0.0	0.0	0.0	0.0	0.0	0.0	0.0	0.0
utf8/cls-s-nbsp	default	search_short	91	692	517	512	692	0.747	511	0	0	0	0	0	0	0	0	0	0	0	0	0	0	0	0	dfa	unanchored	offset-set	reverse-pass	unwrapped	none	none		0	unanchored	3	3	768.658975	2803.683087	0.0	0.0	0.0	0.0	0.0	0.0	0.0	0.0	0.0	0.0	0.0	0.0	0.0	0.0
utf8/cls-s-nbsp	default	throughput	7	1638400	1647852	1637880	1638400	1.006	1637846	0	0	0	0	0	30	30	0	0	0	0	0	0	0	30	8371	dfa	unanchored	offset-set	reverse-pass	unwrapped	none	none		0	unanchored	3	3	138788.355233	37535.42825	0.0	0.0	0.0	0.0	0.0	2.5	2.5	0.0	0.0	0.0	0.0	0.0	0.0	0.0
utf8/cls-s-nbsp	nocaps	search_short	91	692	517	512	692	0.747	511	0	0	0	0	0	0	0	0	0	0	0	0	0	0	0	0	dfa	unanchored	offset-set	reverse-pass	unwrapped	none	none		0	unanchored	3	3	767.869582	2803.683087	0.0	0.0	0.0	0.0	0.0	0.0	0.0	0.0	0.0	0.0	0.0	0.0	0.0	0.0
utf8/cls-s-nbsp	nocaps	throughput	7	1638400	1647852	1637880	1638400	1.006	1637846	0	0	0	0	0	30	30	0	0	0	0	0	0	0	30	8371	dfa	unanchored	offset-set	reverse-pass	unwrapped	none	none		0	unanchored	3	3	138653.633964	37535.42825	0.0	0.0	0.0	0.0	0.0	2.5	2.5	0.0	0.0	0.0	0.0	0.0	0.0	0.0
utf8/cls-s-ucp	default	search_short	91	692	739	692	692	1.068	717	0	0	0	4	0	0	0	0	32	0	0	0	0	0	36	3	dfa	unanchored	memchr	reverse-pass	unwrapped	none	none		0	unanchored	3	3																
utf8/cls-s-ucp	default	throughput	7	1638400	1689209	1638400	1638400	1.031	1598671	0	0	0	0	0	30	30	0	6806	0	0	0	0	0	6836	279	dfa	unanchored	memchr	reverse-pass	unwrapped	none	none		0	unanchored	3	3																
utf8/cls-s-ucp	nocaps	search_short	91	692	739	692	692	1.068	717	0	0	0	4	0	0	0	0	32	0	0	0	0	0	36	3	dfa	unanchored	memchr	reverse-pass	unwrapped	none	none		0	unanchored	3	3																
utf8/cls-s-ucp	nocaps	throughput	7	1638400	1689209	1638400	1638400	1.031	1598671	0	0	0	0	0	30	30	0	6806	0	0	0	0	0	6836	279	dfa	unanchored	memchr	reverse-pass	unwrapped	none	none		0	unanchored	3	3																
utf8/cls-w-ascii	default	search_short	91	692	795	570	546	1.456	0	0	0	0	157	0	0	0	0	0	0	0	0	0	0	157	48	dfa	unanchored	byte-class	reverse-pass	unwrapped	none	none		0	unanchored	-1	1	1328.769399	2704.063892	0.0	0.0	0.0	262.4	0.0	0.0	0.0	0.0	0.0	0.0	0.0	0.0	0.0	0.0
utf8/cls-w-ascii	default	throughput	7	1638400	3083799	1638400	1638400	1.882	0	0	0	0	892089	0	138327	0	0	0	0	0	0	0	0	1030416	138327	dfa	unanchored	byte-class	reverse-pass	unwrapped	none	none		0	unanchored	-1	1	4576247.354651	3546.314235	0.0	0.0	0.0	1323828.2	0.0	205272.3	0.0	0.0	0.0	0.0	0.0	0.0	0.0	0.0
utf8/cls-w-ascii	nocaps	search_short	91	692	795	570	546	1.456	0	0	0	0	157	0	0	0	0	0	0	0	0	0	0	157	48	dfa	unanchored	byte-class	reverse-pass	unwrapped	none	none		0	unanchored	-1	1	1326.544634	2704.063892	0.0	0.0	0.0	262.0	0.0	0.0	0.0	0.0	0.0	0.0	0.0	0.0	0.0	0.0
utf8/cls-w-ascii	nocaps	throughput	7	1638400	3083799	1638400	1638400	1.882	0	0	0	0	892089	0	138327	0	0	0	0	0	0	0	0	1030416	138327	dfa	unanchored	byte-class	reverse-pass	unwrapped	none	none		0	unanchored	-1	1	4577667.677966	3546.314235	0.0	0.0	0.0	1324239.0	0.0	205336.0	0.0	0.0	0.0	0.0	0.0	0.0	0.0	0.0
utf8/floor	default	search_short	91	692	694	692	692	1.003	692	0	0	0	1	0	0	0	0	0	0	0	0	0	0	1	0	dfa	unanchored	memchr	reverse-pass	unwrapped	none	none		0	unanchored	1	1	875.09522	1444.716935	0.0	0.0	0.0	1.3	0.0	0.0	0.0	0.0	0.0	0.0	0.0	0.0	0.0	0.0
utf8/floor	default	throughput	7	1638400	1638400	1638400	1638400	1.000	1638400	0	0	0	0	0	0	0	0	0	0	0	0	0	0	0	0	dfa	unanchored	memchr	reverse-pass	unwrapped	none	none		0	unanchored	1	1	27514.614595	27879.464774	0.0	0.0	0.0	0.0	0.0	0.0	0.0	0.0	0.0	0.0	0.0	0.0	0.0	0.0
utf8/floor	nocaps	search_short	91	692	694	692	692	1.003	692	0	0	0	1	0	0	0	0	0	0	0	0	0	0	1	0	dfa	unanchored	memchr	reverse-pass	unwrapped	none	none		0	unanchored	1	1	892.523817	1444.716935	0.0	0.0	0.0	1.3	0.0	0.0	0.0	0.0	0.0	0.0	0.0	0.0	0.0	0.0
utf8/floor	nocaps	throughput	7	1638400	1638400	1638400	1638400	1.000	1638400	0	0	0	0	0	0	0	0	0	0	0	0	0	0	0	0	dfa	unanchored	memchr	reverse-pass	unwrapped	none	none		0	unanchored	1	1	27517.572491	27879.464774	0.0	0.0	0.0	0.0	0.0	0.0	0.0	0.0	0.0	0.0	0.0	0.0	0.0	0.0
utf8/lit-1ch-2b	default	search_short	91	692	669	591	663	1.009	572	0	0	0	41	0	0	0	0	0	0	0	0	0	0	41	0	dfa	unanchored	offset-set	reverse-pass	unwrapped	c3a9@1	none		0	unanchored	1	2	1070.236209	2570.058558	0.0	0.0	0.0	65.6	0.0	0.0	0.0	0.0	0.0	0.0	0.0	0.0	0.0	0.0
utf8/lit-1ch-2b	default	throughput	7	1638400	1719776	1638394	1638400	1.050	1627616	0	0	0	32331	0	10777	10777	0	0	0	0	0	0	0	43108	16714	dfa	unanchored	offset-set	reverse-pass	unwrapped	c3a9@1	none		0	unanchored	1	2	377188.907454	8917.773156	0.0	0.0	0.0	7091.0	0.0	2363.7	2363.7	0.0	0.0	0.0	0.0	0.0	0.0	0.0
utf8/lit-1ch-2b	nocaps	search_short	91	692	669	591	663	1.009	572	0	0	0	41	0	0	0	0	0	0	0	0	0	0	41	0	dfa	unanchored	offset-set	reverse-pass	unwrapped	c3a9@1	none		0	unanchored	1	2	1082.393972	2570.058558	0.0	0.0	0.0	66.3	0.0	0.0	0.0	0.0	0.0	0.0	0.0	0.0	0.0	0.0
utf8/lit-1ch-2b	nocaps	throughput	7	1638400	1719776	1638394	1638400	1.050	1627616	0	0	0	32331	0	10777	10777	0	0	0	0	0	0	0	43108	16714	dfa	unanchored	offset-set	reverse-pass	unwrapped	c3a9@1	none		0	unanchored	1	2	377111.932053	8917.773156	0.0	0.0	0.0	7089.5	0.0	2363.2	2363.2	0.0	0.0	0.0	0.0	0.0	0.0	0.0
utf8/lit-1ch-3b	default	search_short	91	692	629	450	585	1.075	422	0	0	0	53	0	0	0	39	51	0	0	0	0	0	143	0	dfa	unanchored	offset-set	reverse-pass	unwrapped	e697a5@2	0		0	unanchored	1	3	1159.280268	2497.776421	0.0	0.0	0.0	97.7	0.0	0.0	0.0	71.9	94.0	0.0	0.0	0.0	0.0	0.0
utf8/lit-1ch-3b	default	throughput	7	1638400	1674062	1636403	1638400	1.022	1636348	0	0	0	8141	0	2038	2038	15208	6158	0	0	0	0	0	31545	41	dfa	unanchored	offset-set	reverse-pass	unwrapped	e697a5@2	0		0	unanchored	1	3	264987.715049	8956.728083	0.0	0.0	0.0	1288.6	0.0	322.6	322.6	2407.3	974.8	0.0	0.0	0.0	0.0	0.0
utf8/lit-1ch-3b	nocaps	search_short	91	692	629	450	585	1.075	422	0	0	0	53	0	0	0	39	51	0	0	0	0	0	143	0	dfa	unanchored	offset-set	reverse-pass	unwrapped	e697a5@2	0		0	unanchored	1	3	1167.712868	2497.776421	0.0	0.0	0.0	98.4	0.0	0.0	0.0	72.4	94.7	0.0	0.0	0.0	0.0	0.0
utf8/lit-1ch-3b	nocaps	throughput	7	1638400	1674062	1636403	1638400	1.022	1636348	0	0	0	8141	0	2038	2038	15208	6158	0	0	0	0	0	31545	41	dfa	unanchored	offset-set	reverse-pass	unwrapped	e697a5@2	0		0	unanchored	1	3	264836.981593	8956.728083	0.0	0.0	0.0	1287.9	0.0	322.4	322.4	2405.9	974.2	0.0	0.0	0.0	0.0	0.0
utf8/lit-1ch-4b	default	search_short	91	692	483	434	684	0.706	444	0	0	0	17	0	0	0	7	16	0	0	0	0	0	40	0	dfa	unanchored	offset-set	reverse-pass	unwrapped	f09f9880@3	0		0	unanchored	1	4	729.814092	1639.56808	0.0	0.0	0.0	25.7	0.0	0.0	0.0	10.6	24.2	0.0	0.0	0.0	0.0	0.0
utf8/lit-1ch-4b	default	throughput	7	1638400	1653398	1638323	1638400	1.009	1653034	0	0	0	140	0	28	28	14710	113	0	0	0	0	0	14991	0	dfa	unanchored	offset-set	reverse-pass	unwrapped	f09f9880@3	0		0	unanchored	1	4	388594.510704	34921.78239	0.0	0.0	0.0	32.9	0.0	6.6	6.6	3457.3	26.6	0.0	0.0	0.0	0.0	0.0
utf8/lit-1ch-4b	nocaps	search_short	91	692	483	434	684	0.706	444	0	0	0	17	0	0	0	7	16	0	0	0	0	0	40	0	dfa	unanchored	offset-set	reverse-pass	unwrapped	f09f9880@3	0		0	unanchored	1	4	726.870821	1639.56808	0.0	0.0	0.0	25.6	0.0	0.0	0.0	10.5	24.1	0.0	0.0	0.0	0.0	0.0
utf8/lit-1ch-4b	nocaps	throughput	7	1638400	1653398	1638323	1638400	1.009	1653034	0	0	0	140	0	28	28	14710	113	0	0	0	0	0	14991	0	dfa	unanchored	offset-set	reverse-pass	unwrapped	f09f9880@3	0		0	unanchored	1	4	388337.28286	34921.78239	0.0	0.0	0.0	32.9	0.0	6.6	6.6	3455.0	26.5	0.0	0.0	0.0	0.0	0.0
utf8/lit-anchored-run	default	search_short	91	692	184	184	127	1.449	0	0	0	0	0	0	0	0	0	0	0	0	0	0	0	0	57	dfa	attempt	none	reverse-pass	search-filter	97a5e69cace8aa9e@7	none		1	anchored	3	9	600.084538	891.942724	0.0	0.0	0.0	0.0	0.0	0.0	0.0	0.0	0.0	0.0	0.0	0.0	0.0	0.0
utf8/lit-anchored-run	default	throughput	7	1638400	8	8	1638400	0.000	0	0	0	0	0	0	0	0	0	0	0	0	0	0	0	0	0	dfa	attempt	none	reverse-pass	search-filter	97a5e69cace8aa9e@7	none		1	anchored	3	9	44.322216	42.043006	0.0	0.0	0.0	0.0	0.0	0.0	0.0	0.0	0.0	0.0	0.0	0.0	0.0	0.0
utf8/lit-anchored-run	nocaps	search_short	91	692	184	184	127	1.449	0	0	0	0	0	0	0	0	0	0	0	0	0	0	0	0	57	dfa	attempt	none	reverse-pass	search-filter	97a5e69cace8aa9e@7	none		1	anchored	3	9	899.586551	891.942724	0.0	0.0	0.0	0.0	0.0	0.0	0.0	0.0	0.0	0.0	0.0	0.0	0.0	0.0
utf8/lit-anchored-run	nocaps	throughput	7	1638400	8	8	1638400	0.000	0	0	0	0	0	0	0	0	0	0	0	0	0	0	0	0	0	dfa	attempt	none	reverse-pass	search-filter	97a5e69cace8aa9e@7	none		1	anchored	3	9	65.41461	42.043006	0.0	0.0	0.0	0.0	0.0	0.0	0.0	0.0	0.0	0.0	0.0	0.0	0.0	0.0
utf8/lit-cyr-run	default	search_short	91	692	333	240	692	0.481	283	0	0	0	24	0	0	0	25	40	0	0	0	0	0	89	0	dfa	unanchored	offset-set	reverse-pass	unwrapped	d181d0bad0b2d0b0@7	4		0	unanchored	6	12	678.037307	885.468583	0.0	0.0	0.0	48.9	0.0	0.0	0.0	50.9	81.4	0.0	0.0	0.0	0.0	0.0
utf8/lit-cyr-run	default	throughput	7	1638400	1644036	1638351	1638400	1.003	1638904	0	0	0	0	0	0	0	509	44	0	0	0	0	0	553	5083	dfa	unanchored	offset-set	reverse-pass	unwrapped	d181d0bad0b2d0b0@7	4		0	unanchored	6	12	95033.64946	59623.078857	0.0	0.0	0.0	0.0	0.0	0.0	0.0	29.4	2.5	0.0	0.0	0.0	0.0	0.0
utf8/lit-cyr-run	nocaps	search_short	91	692	333	240	692	0.481	283	0	0	0	24	0	0	0	25	40	0	0	0	0	0	89	0	dfa	unanchored	offset-set	reverse-pass	unwrapped	d181d0bad0b2d0b0@7	4		0	unanchored	6	12	677.527044	885.468583	0.0	0.0	0.0	48.8	0.0	0.0	0.0	50.9	81.4	0.0	0.0	0.0	0.0	0.0
utf8/lit-cyr-run	nocaps	throughput	7	1638400	1644036	1638351	1638400	1.003	1638904	0	0	0	0	0	0	0	509	44	0	0	0	0	0	553	5083	dfa	unanchored	offset-set	reverse-pass	unwrapped	d181d0bad0b2d0b0@7	4		0	unanchored	6	12	95107.220284	59623.078857	0.0	0.0	0.0	0.0	0.0	0.0	0.0	29.4	2.5	0.0	0.0	0.0	0.0	0.0
utf8/lit-mixed-ascii	default	search_short	91	692	244	215	692	0.353	215	0	0	0	14	0	0	0	5	8	0	0	0	0	0	27	0	dfa	unanchored	offset-set	reverse-pass	unwrapped	7240e4be8be38188@7	3		0	unanchored	10	14	613.807806	725.38689	0.0	0.0	0.0	35.2	0.0	0.0	0.0	12.6	20.1	0.0	0.0	0.0	0.0	0.0
utf8/lit-mixed-ascii	default	throughput	7	1638400	1642074	1638353	1638400	1.002	1642074	0	0	0	0	0	0	0	3721	0	0	0	0	0	0	3721	0	dfa	unanchored	offset-set	reverse-pass	unwrapped	7240e4be8be38188@7	3		0	unanchored	10	14	72001.103668	59727.823304	0.0	0.0	0.0	0.0	0.0	0.0	0.0	163.2	0.0	0.0	0.0	0.0	0.0	0.0
utf8/lit-mixed-ascii	nocaps	search_short	91	692	244	215	692	0.353	215	0	0	0	14	0	0	0	5	8	0	0	0	0	0	27	0	dfa	unanchored	offset-set	reverse-pass	unwrapped	7240e4be8be38188@7	3		0	unanchored	10	14	614.513514	725.38689	0.0	0.0	0.0	35.3	0.0	0.0	0.0	12.6	20.1	0.0	0.0	0.0	0.0	0.0
utf8/lit-mixed-ascii	nocaps	throughput	7	1638400	1642074	1638353	1638400	1.002	1642074	0	0	0	0	0	0	0	3721	0	0	0	0	0	0	3721	0	dfa	unanchored	offset-set	reverse-pass	unwrapped	7240e4be8be38188@7	3		0	unanchored	10	14	71914.657109	59727.823304	0.0	0.0	0.0	0.0	0.0	0.0	0.0	163.0	0.0	0.0	0.0	0.0	0.0	0.0
utf8/lit-nearmiss-run	default	search_short	91	692	409	231	662	0.618	251	0	0	0	73	0	0	0	23	65	0	0	0	0	0	161	0	dfa	unanchored	offset-set	reverse-pass	unwrapped	97a5e69cace8aa9e@7	1		0	unanchored	3	9	877.819462	1493.492029	0.0	0.0	0.0	156.7	0.0	0.0	0.0	49.4	139.5	0.0	0.0	0.0	0.0	0.0
utf8/lit-nearmiss-run	default	throughput	7	1638400	1639503	1638351	1638400	1.001	1639503	0	0	0	0	0	0	0	1152	0	0	0	0	0	0	1152	0	dfa	unanchored	offset-set	reverse-pass	unwrapped	97a5e69cace8aa9e@7	1		0	unanchored	3	9	40466.647611	59333.569551	0.0	0.0	0.0	0.0	0.0	0.0	0.0	28.4	0.0	0.0	0.0	0.0	0.0	0.0
utf8/lit-nearmiss-run	nocaps	search_short	91	692	409	231	662	0.618	251	0	0	0	73	0	0	0	23	65	0	0	0	0	0	161	0	dfa	unanchored	offset-set	reverse-pass	unwrapped	97a5e69cace8aa9e@7	1		0	unanchored	3	9	877.686982	1493.492029	0.0	0.0	0.0	156.7	0.0	0.0	0.0	49.4	139.5	0.0	0.0	0.0	0.0	0.0
utf8/lit-nearmiss-run	nocaps	throughput	7	1638400	1639503	1638351	1638400	1.001	1639503	0	0	0	0	0	0	0	1152	0	0	0	0	0	0	1152	0	dfa	unanchored	offset-set	reverse-pass	unwrapped	97a5e69cace8aa9e@7	1		0	unanchored	3	9	40446.836931	59333.569551	0.0	0.0	0.0	0.0	0.0	0.0	0.0	28.4	0.0	0.0	0.0	0.0	0.0	0.0
utf8/lit-nfc-pair	default	search_short	91	692	475	385	688	0.690	365	0	0	0	26	0	0	0	29	25	0	0	0	0	0	80	0	dfa	unanchored	offset-set	reverse-pass	unwrapped	636166c3a9@4	0		0	unanchored	4	5	891.444258	1616.362776	0.0	0.0	0.0	48.8	0.0	0.0	0.0	54.4	46.9	0.0	0.0	0.0	0.0	0.0
utf8/lit-nfc-pair	default	throughput	7	1638400	1709400	1637644	1638400	1.043	1637574	0	0	0	1596	0	266	266	67760	1336	0	0	0	0	0	70958	0	dfa	unanchored	offset-set	reverse-pass	unwrapped	636166c3a9@4	0		0	unanchored	4	5	695473.316961	11767.880422	0.0	0.0	0.0	649.3	0.0	108.2	108.2	27568.3	543.6	0.0	0.0	0.0	0.0	0.0
utf8/lit-nfc-pair	nocaps	search_short	91	692	475	385	688	0.690	365	0	0	0	26	0	0	0	29	25	0	0	0	0	0	80	0	dfa	unanchored	offset-set	reverse-pass	unwrapped	636166c3a9@4	0		0	unanchored	4	5	891.319788	1616.362776	0.0	0.0	0.0	48.8	0.0	0.0	0.0	54.4	46.9	0.0	0.0	0.0	0.0	0.0
utf8/lit-nfc-pair	nocaps	throughput	7	1638400	1709400	1637644	1638400	1.043	1637574	0	0	0	1596	0	266	266	67760	1336	0	0	0	0	0	70958	0	dfa	unanchored	offset-set	reverse-pass	unwrapped	636166c3a9@4	0		0	unanchored	4	5	694417.334207	11767.880422	0.0	0.0	0.0	648.4	0.0	108.1	108.1	27526.5	542.7	0.0	0.0	0.0	0.0	0.0
utf8/lit-offset-at-head	default	search_short	91	692	550	522	692	0.795	513	0	0	0	3	0	0	0	20	3	0	0	0	0	0	26	0	dfa	unanchored	offset-set	reverse-pass	unwrapped	40c3a9@2	0		0	unanchored	2	3	917.652873	1560.081696	0.0	0.0	0.0	5.0	0.0	0.0	0.0	33.4	5.0	0.0	0.0	0.0	0.0	0.0
utf8/lit-offset-at-head	default	throughput	7	1638400	1671828	1638388	1638400	1.020	1638386	0	0	0	0	0	0	0	33440	0	0	0	0	0	0	33440	0	dfa	unanchored	offset-set	reverse-pass	unwrapped	40c3a9@2	0		0	unanchored	2	3	225202.129122	28334.025375	0.0	0.0	0.0	0.0	0.0	0.0	0.0	4504.5	0.0	0.0	0.0	0.0	0.0	0.0
utf8/lit-offset-at-head	nocaps	search_short	91	692	550	522	692	0.795	513	0	0	0	3	0	0	0	20	3	0	0	0	0	0	26	0	dfa	unanchored	offset-set	reverse-pass	unwrapped	40c3a9@2	0		0	unanchored	2	3	914.325409	1560.081696	0.0	0.0	0.0	5.0	0.0	0.0	0.0	33.2	5.0	0.0	0.0	0.0	0.0	0.0
utf8/lit-offset-at-head	nocaps	throughput	7	1638400	1671828	1638388	1638400	1.020	1638386	0	0	0	0	0	0	0	33440	0	0	0	0	0	0	33440	0	dfa	unanchored	offset-set	reverse-pass	unwrapped	40c3a9@2	0		0	unanchored	2	3	225412.297495	28334.025375	0.0	0.0	0.0	0.0	0.0	0.0	0.0	4508.7	0.0	0.0	0.0	0.0	0.0	0.0
utf8/lit-offset-at-tail	default	search_short	91	692	526	514	692	0.760	513	0	0	0	3	0	0	0	4	3	0	0	0	0	0	10	0	dfa	unanchored	offset-set	reverse-pass	unwrapped	c3a940@2	0		0	unanchored	2	3	895.953241	1590.317996	0.0	0.0	0.0	5.1	0.0	0.0	0.0	6.8	5.1	0.0	0.0	0.0	0.0	0.0
utf8/lit-offset-at-tail	default	throughput	7	1638400	1638386	1638386	1638400	1.000	1638386	0	0	0	0	0	0	0	0	0	0	0	0	0	0	0	0	dfa	unanchored	offset-set	reverse-pass	unwrapped	c3a940@2	0		0	unanchored	2	3	27579.299128	49621.071587	0.0	0.0	0.0	0.0	0.0	0.0	0.0	0.0	0.0	0.0	0.0	0.0	0.0	0.0
utf8/lit-offset-at-tail	nocaps	search_short	91	692	526	514	692	0.760	513	0	0	0	3	0	0	0	4	3	0	0	0	0	0	10	0	dfa	unanchored	offset-set	reverse-pass	unwrapped	c3a940@2	0		0	unanchored	2	3	896.62748	1590.317996	0.0	0.0	0.0	5.1	0.0	0.0	0.0	6.8	5.1	0.0	0.0	0.0	0.0	0.0
utf8/lit-offset-at-tail	nocaps	throughput	7	1638400	1638386	1638386	1638400	1.000	1638386	0	0	0	0	0	0	0	0	0	0	0	0	0	0	0	0	dfa	unanchored	offset-set	reverse-pass	unwrapped	c3a940@2	0		0	unanchored	2	3	27535.805855	49621.071587	0.0	0.0	0.0	0.0	0.0	0.0	0.0	0.0	0.0	0.0	0.0	0.0	0.0	0.0
utf8/lit-run-3	default	search_short	91	692	409	231	662	0.618	251	0	0	0	73	0	0	0	23	65	0	0	0	0	0	161	0	dfa	unanchored	offset-set	reverse-pass	unwrapped	97a5e69cace8aa9e@7	1		0	unanchored	3	9	879.1399	1500.065873	0.0	0.0	0.0	156.9	0.0	0.0	0.0	49.4	139.7	0.0	0.0	0.0	0.0	0.0
utf8/lit-run-3	default	throughput	7	1638400	1639503	1638351	1638400	1.001	1639503	0	0	0	0	0	0	0	1152	0	0	0	0	0	0	1152	0	dfa	unanchored	offset-set	reverse-pass	unwrapped	97a5e69cace8aa9e@7	1		0	unanchored	3	9	40474.866489	59358.662034	0.0	0.0	0.0	0.0	0.0	0.0	0.0	28.4	0.0	0.0	0.0	0.0	0.0	0.0
utf8/lit-run-3	nocaps	search_short	91	692	409	231	662	0.618	251	0	0	0	73	0	0	0	23	65	0	0	0	0	0	161	0	dfa	unanchored	offset-set	reverse-pass	unwrapped	97a5e69cace8aa9e@7	1		0	unanchored	3	9	877.238622	1500.065873	0.0	0.0	0.0	156.6	0.0	0.0	0.0	49.3	139.4	0.0	0.0	0.0	0.0	0.0
utf8/lit-run-3	nocaps	throughput	7	1638400	1639503	1638351	1638400	1.001	1639503	0	0	0	0	0	0	0	1152	0	0	0	0	0	0	1152	0	dfa	unanchored	offset-set	reverse-pass	unwrapped	97a5e69cace8aa9e@7	1		0	unanchored	3	9	40505.173748	59358.662034	0.0	0.0	0.0	0.0	0.0	0.0	0.0	28.5	0.0	0.0	0.0	0.0	0.0	0.0
utf8/lit-sharp-s	default	search_short	91	692	334	278	692	0.483	252	0	0	0	16	0	0	0	22	14	0	0	0	0	0	52	0	dfa	unanchored	offset-set	reverse-pass	unwrapped	53747261c39f65@6	0		0	unanchored	6	7	752.420333	1214.739953	0.0	0.0	0.0	36.0	0.0	0.0	0.0	49.6	31.5	0.0	0.0	0.0	0.0	0.0
utf8/lit-sharp-s	default	throughput	7	1638400	1971300	1638297	1638400	1.203	1638233	0	0	0	200	0	25	25	332527	176	0	0	0	0	0	332928	0	dfa	unanchored	offset-set	reverse-pass	unwrapped	53747261c39f65@6	0		0	unanchored	6	7	931048.468028	19349.89274	0.0	0.0	0.0	94.5	0.0	11.8	11.8	157053.1	83.1	0.0	0.0	0.0	0.0	0.0
utf8/lit-sharp-s	nocaps	search_short	91	692	334	278	692	0.483	252	0	0	0	16	0	0	0	22	14	0	0	0	0	0	52	0	dfa	unanchored	offset-set	reverse-pass	unwrapped	53747261c39f65@6	0		0	unanchored	6	7	753.315205	1214.739953	0.0	0.0	0.0	36.1	0.0	0.0	0.0	49.6	31.6	0.0	0.0	0.0	0.0	0.0
utf8/lit-sharp-s	nocaps	throughput	7	1638400	1971300	1638297	1638400	1.203	1638233	0	0	0	200	0	25	25	332527	176	0	0	0	0	0	332928	0	dfa	unanchored	offset-set	reverse-pass	unwrapped	53747261c39f65@6	0		0	unanchored	6	7	930828.10159	19349.89274	0.0	0.0	0.0	94.4	0.0	11.8	11.8	157015.9	83.1	0.0	0.0	0.0	0.0	0.0
utf8/prp-cyrillic	default	search_short	91	692	833	686	685	1.216	0	0	0	0	127	0	0	0	0	0	0	0	0	0	0	127	1	dfa	unanchored	byte-class	reverse-pass	unwrapped	none	none		0	unanchored	-1	2	1301.667484	6110.92942	0.0	0.0	0.0	198.5	0.0	0.0	0.0	0.0	0.0	0.0	0.0	0.0	0.0	0.0
utf8/prp-cyrillic	default	throughput	7	1638400	2294951	1638400	1638400	1.401	0	0	0	0	458956	0	55390	0	0	0	0	0	0	0	0	514346	26965	dfa	unanchored	byte-class	reverse-pass	unwrapped	none	none		0	unanchored	-1	2	3179412.065903	179587.937653	0.0	0.0	0.0	635835.0	0.0	76737.0	0.0	0.0	0.0	0.0	0.0	0.0	0.0	0.0
utf8/prp-cyrillic	nocaps	search_short	91	692	833	686	685	1.216	0	0	0	0	127	0	0	0	0	0	0	0	0	0	0	127	1	dfa	unanchored	byte-class	reverse-pass	unwrapped	none	none		0	unanchored	-1	2	1292.755106	6110.92942	0.0	0.0	0.0	197.1	0.0	0.0	0.0	0.0	0.0	0.0	0.0	0.0	0.0	0.0
utf8/prp-cyrillic	nocaps	throughput	7	1638400	2294951	1638400	1638400	1.401	0	0	0	0	458956	0	55390	0	0	0	0	0	0	0	0	514346	26965	dfa	unanchored	byte-class	reverse-pass	unwrapped	none	none		0	unanchored	-1	2	3187239.651786	179587.937653	0.0	0.0	0.0	637400.4	0.0	76925.9	0.0	0.0	0.0	0.0	0.0	0.0	0.0	0.0
utf8/prp-greek	default	search_short	91	692	702	671	666	1.054	0	0	0	0	15	0	0	0	0	0	0	0	0	0	0	15	5	dfa	unanchored	byte-class	reverse-pass	unwrapped	none	none		0	unanchored	1	2	1006.442308	5746.446426	0.0	0.0	0.0	21.5	0.0	0.0	0.0	0.0	0.0	0.0	0.0	0.0	0.0	0.0
utf8/prp-greek	default	throughput	7	1638400	1646169	1638400	1638400	1.005	0	0	0	0	0	0	0	0	0	0	0	0	0	0	0	0	0	dfa	unanchored	byte-class	reverse-pass	unwrapped	none	none		0	unanchored	1	2	703268.011607	432853.144498	0.0	0.0	0.0	0.0	0.0	0.0	0.0	0.0	0.0	0.0	0.0	0.0	0.0	0.0
utf8/prp-greek	nocaps	search_short	91	692	702	671	666	1.054	0	0	0	0	15	0	0	0	0	0	0	0	0	0	0	15	5	dfa	unanchored	byte-class	reverse-pass	unwrapped	none	none		0	unanchored	1	2	995.744238	5746.446426	0.0	0.0	0.0	21.3	0.0	0.0	0.0	0.0	0.0	0.0	0.0	0.0	0.0	0.0
utf8/prp-greek	nocaps	throughput	7	1638400	1646169	1638400	1638400	1.005	0	0	0	0	0	0	0	0	0	0	0	0	0	0	0	0	0	dfa	unanchored	byte-class	reverse-pass	unwrapped	none	none		0	unanchored	1	2	702912.712192	432853.144498	0.0	0.0	0.0	0.0	0.0	0.0	0.0	0.0	0.0	0.0	0.0	0.0	0.0	0.0
utf8/prp-greek-sc	default	search_short	91	692	696	671	666	1.045	0	0	0	0	12	0	0	0	0	0	0	0	0	0	0	12	5	dfa	unanchored	byte-class	reverse-pass	unwrapped	none	none		0	unanchored	1	2	982.003826	4116.490796	0.0	0.0	0.0	16.9	0.0	0.0	0.0	0.0	0.0	0.0	0.0	0.0	0.0	0.0
utf8/prp-greek-sc	default	throughput	7	1638400	1642105	1638400	1638400	1.002	0	0	0	0	0	0	0	0	0	0	0	0	0	0	0	0	0	dfa	unanchored	byte-class	reverse-pass	unwrapped	none	none		0	unanchored	1	2	638786.453366	2907157.368421	0.0	0.0	0.0	0.0	0.0	0.0	0.0	0.0	0.0	0.0	0.0	0.0	0.0	0.0
utf8/prp-greek-sc	nocaps	search_short	91	692	696	671	666	1.045	0	0	0	0	12	0	0	0	0	0	0	0	0	0	0	12	5	dfa	unanchored	byte-class	reverse-pass	unwrapped	none	none		0	unanchored	1	2	988.548056	4116.490796	0.0	0.0	0.0	17.0	0.0	0.0	0.0	0.0	0.0	0.0	0.0	0.0	0.0	0.0
utf8/prp-greek-sc	nocaps	throughput	7	1638400	1642105	1638400	1638400	1.002	0	0	0	0	0	0	0	0	0	0	0	0	0	0	0	0	0	dfa	unanchored	byte-class	reverse-pass	unwrapped	none	none		0	unanchored	1	2	638935.300184	2907157.368421	0.0	0.0	0.0	0.0	0.0	0.0	0.0	0.0	0.0	0.0	0.0	0.0	0.0	0.0
utf8/prp-han	default	search_short	91	692	854	663	654	1.306	0	0	0	0	148	0	0	0	0	0	0	0	0	0	0	148	15	dfa	unanchored	byte-class	reverse-pass	unwrapped	none	none		0	unanchored	-1	2	1373.565138	2429.473114	0.0	0.0	0.0	238.0	0.0	0.0	0.0	0.0	0.0	0.0	0.0	0.0	0.0	0.0
utf8/prp-han	default	throughput	7	1638400	1995797	1638400	1638400	1.218	0	0	0	0	77167	0	20199	0	0	0	0	0	0	0	0	97366	208184	dfa	unanchored	byte-class	reverse-pass	unwrapped	none	none		0	unanchored	-1	2	2263022.351145	25549.414462	0.0	0.0	0.0	87499.2	0.0	22903.5	0.0	0.0	0.0	0.0	0.0	0.0	0.0	0.0
utf8/prp-han	nocaps	search_short	91	692	854	663	654	1.306	0	0	0	0	148	0	0	0	0	0	0	0	0	0	0	148	15	dfa	unanchored	byte-class	reverse-pass	unwrapped	none	none		0	unanchored	-1	2	1376.672658	2429.473114	0.0	0.0	0.0	238.6	0.0	0.0	0.0	0.0	0.0	0.0	0.0	0.0	0.0	0.0
utf8/prp-han	nocaps	throughput	7	1638400	1995797	1638400	1638400	1.218	0	0	0	0	77167	0	20199	0	0	0	0	0	0	0	0	97366	208184	dfa	unanchored	byte-class	reverse-pass	unwrapped	none	none		0	unanchored	-1	2	2264196.92623	25549.414462	0.0	0.0	0.0	87544.6	0.0	22915.4	0.0	0.0	0.0	0.0	0.0	0.0	0.0	0.0
utf8/prp-l	default	search_short	91	692	1191	580	555	2.146	0	0	0	0	515	0	0	0	0	0	0	0	0	0	0	515	25	dfa	unanchored	byte-class	reverse-pass	search-filter	none	none		0	unanchored	-1	1	3115.614777	3663.711848	0.0	0.0	0.0	1347.2	0.0	0.0	0.0	0.0	0.0	0.0	0.0	0.0	0.0	0.0
utf8/prp-l	default	throughput	7	1638400	3774314	1638400	1638400	2.304	0	0	0	0	1331007	0	190707	0	0	0	0	0	0	0	0	1521714	260531	dfa	unanchored	byte-class	reverse-pass	search-filter	none	none		0	unanchored	-1	1	11771691.070707	502222.378748	0.0	0.0	0.0	4151271.8	0.0	594795.2	0.0	0.0	0.0	0.0	0.0	0.0	0.0	0.0
utf8/prp-l	nocaps	search_short	91	692	1191	580	555	2.146	0	0	0	0	515	0	0	0	0	0	0	0	0	0	0	515	25	dfa	unanchored	byte-class	reverse-pass	search-filter	none	none		0	unanchored	-1	1	3117.149055	3663.711848	0.0	0.0	0.0	1347.9	0.0	0.0	0.0	0.0	0.0	0.0	0.0	0.0	0.0	0.0
utf8/prp-l	nocaps	throughput	7	1638400	3774314	1638400	1638400	2.304	0	0	0	0	1331007	0	190707	0	0	0	0	0	0	0	0	1521714	260531	dfa	unanchored	byte-class	reverse-pass	search-filter	none	none		0	unanchored	-1	1	11778061.565657	502222.378748	0.0	0.0	0.0	4153518.3	0.0	595117.1	0.0	0.0	0.0	0.0	0.0	0.0	0.0	0.0
utf8/prp-latin	default	search_short	91	692	848	587	564	1.504	0	0	0	0	203	0	0	0	0	0	0	0	0	0	0	203	23	dfa	unanchored	byte-class	reverse-pass	unwrapped	none	none		0	unanchored	-1	1	1556.992569	3298.88737	0.0	0.0	0.0	372.7	0.0	0.0	0.0	0.0	0.0	0.0	0.0	0.0	0.0	0.0
utf8/prp-latin	default	throughput	7	1638400	2786716	1638400	1638400	1.701	0	0	0	0	735900	0	119846	0	0	0	0	0	0	0	0	855746	50840	dfa	unanchored	byte-class	reverse-pass	unwrapped	none	none		0	unanchored	-1	1	5608049.333333	345649.226098	0.0	0.0	0.0	1480941.5	0.0	241180.8	0.0	0.0	0.0	0.0	0.0	0.0	0.0	0.0
utf8/prp-latin	nocaps	search_short	91	692	848	587	564	1.504	0	0	0	0	203	0	0	0	0	0	0	0	0	0	0	203	23	dfa	unanchored	byte-class	reverse-pass	unwrapped	none	none		0	unanchored	-1	1	1557.970861	3298.88737	0.0	0.0	0.0	373.0	0.0	0.0	0.0	0.0	0.0	0.0	0.0	0.0	0.0	0.0
utf8/prp-latin	nocaps	throughput	7	1638400	2786716	1638400	1638400	1.701	0	0	0	0	735900	0	119846	0	0	0	0	0	0	0	0	855746	50840	dfa	unanchored	byte-class	reverse-pass	unwrapped	none	none		0	unanchored	-1	1	5608204.679688	345649.226098	0.0	0.0	0.0	1480982.6	0.0	241187.4	0.0	0.0	0.0	0.0	0.0	0.0	0.0	0.0
utf8/prp-lu	default	search_short	91	692	759	623	611	1.242	0	0	0	0	31	0	0	0	0	0	0	0	0	0	0	31	12	dfa	unanchored	byte-class	reverse-pass	unwrapped	none	none		0	unanchored	1	1	1225.223601	2773.373708	0.0	0.0	0.0	50.0	0.0	0.0	0.0	0.0	0.0	0.0	0.0	0.0	0.0	0.0
utf8/prp-lu	default	throughput	7	1638400	1959527	1638400	1638400	1.196	0	0	0	0	10185	0	14637	14637	0	0	0	0	0	0	0	24822	19977	dfa	unanchored	byte-class	reverse-pass	unwrapped	none	none		0	unanchored	1	1	2544652.596195	1401083.314943	0.0	0.0	0.0	13226.3	0.0	19007.7	19007.7	0.0	0.0	0.0	0.0	0.0	0.0	0.0
utf8/prp-lu	nocaps	search_short	91	692	759	623	611	1.242	0	0	0	0	31	0	0	0	0	0	0	0	0	0	0	31	12	dfa	unanchored	byte-class	reverse-pass	unwrapped	none	none		0	unanchored	1	1	1230.045628	2773.373708	0.0	0.0	0.0	50.2	0.0	0.0	0.0	0.0	0.0	0.0	0.0	0.0	0.0	0.0
utf8/prp-lu	nocaps	throughput	7	1638400	1959527	1638400	1638400	1.196	0	0	0	0	10185	0	14637	14637	0	0	0	0	0	0	0	24822	19977	dfa	unanchored	byte-class	reverse-pass	unwrapped	none	none		0	unanchored	1	1	2544759.291878	1401083.314943	0.0	0.0	0.0	13226.9	0.0	19008.5	19008.5	0.0	0.0	0.0	0.0	0.0	0.0	0.0
utf8/prp-n	default	search_short	91	692	748	689	686	1.090	0	0	0	0	29	0	0	0	0	0	0	0	0	0	0	29	3	dfa	unanchored	byte-class	reverse-pass	unwrapped	none	none		0	unanchored	-1	1	1074.515044	2674.483742	0.0	0.0	0.0	41.7	0.0	0.0	0.0	0.0	0.0	0.0	0.0	0.0	0.0	0.0
utf8/prp-n	default	throughput	7	1638400	1685698	1638400	1638400	1.029	0	0	0	0	530	0	1879	0	0	0	0	0	0	0	0	2409	6823	dfa	unanchored	byte-class	reverse-pass	unwrapped	none	none		0	unanchored	-1	1	1151810.286905	3024050.507194	0.0	0.0	0.0	362.1	0.0	1283.9	0.0	0.0	0.0	0.0	0.0	0.0	0.0	0.0
utf8/prp-n	nocaps	search_short	91	692	748	689	686	1.090	0	0	0	0	29	0	0	0	0	0	0	0	0	0	0	29	3	dfa	unanchored	byte-class	reverse-pass	unwrapped	none	none		0	unanchored	-1	1	1070.642045	2674.483742	0.0	0.0	0.0	41.5	0.0	0.0	0.0	0.0	0.0	0.0	0.0	0.0	0.0	0.0
utf8/prp-n	nocaps	throughput	7	1638400	1685698	1638400	1638400	1.029	0	0	0	0	530	0	1879	0	0	0	0	0	0	0	0	2409	6823	dfa	unanchored	byte-class	reverse-pass	unwrapped	none	none		0	unanchored	-1	1	1151520.916098	3024050.507194	0.0	0.0	0.0	362.0	0.0	1283.6	0.0	0.0	0.0	0.0	0.0	0.0	0.0	0.0
utf8/prp-notl	default	search_short	91	692	792	602	580	1.366	0	0	0	0	84	0	0	0	0	0	0	0	0	0	0	84	42	dfa	unanchored	byte-class	reverse-pass	search-filter	none	none		0	unanchored	-1	1	1459.406674	3081.833731	0.0	0.0	0.0	154.8	0.0	0.0	0.0	0.0	0.0	0.0	0.0	0.0	0.0	0.0
utf8/prp-notl	default	throughput	7	1638400	2700153	1638400	1638400	1.648	0	0	0	0	384973	0	179739	0	0	0	0	0	0	0	0	564712	96158	dfa	unanchored	byte-class	reverse-pass	search-filter	none	none		0	unanchored	-1	1	5800669.958115	544806.871725	0.0	0.0	0.0	827027.7	0.0	386128.7	0.0	0.0	0.0	0.0	0.0	0.0	0.0	0.0
utf8/prp-notl	nocaps	search_short	91	692	792	602	580	1.366	0	0	0	0	84	0	0	0	0	0	0	0	0	0	0	84	42	dfa	unanchored	byte-class	reverse-pass	search-filter	none	none		0	unanchored	-1	1	1462.434852	3081.833731	0.0	0.0	0.0	155.1	0.0	0.0	0.0	0.0	0.0	0.0	0.0	0.0	0.0	0.0
utf8/prp-notl	nocaps	throughput	7	1638400	2700153	1638400	1638400	1.648	0	0	0	0	384973	0	179739	0	0	0	0	0	0	0	0	564712	96158	dfa	unanchored	byte-class	reverse-pass	search-filter	none	none		0	unanchored	-1	1	5795322.889503	544806.871725	0.0	0.0	0.0	826265.3	0.0	385772.8	0.0	0.0	0.0	0.0	0.0	0.0	0.0	0.0
utf8/prp-zs	default	search_short	91	692	678	625	612	1.108	0	0	0	0	26	0	0	0	0	0	0	0	0	0	0	26	15	dfa	unanchored	byte-class	reverse-pass	unwrapped	none	none		0	unanchored	1	1	1066.552654	3746.847727	0.0	0.0	0.0	40.9	0.0	0.0	0.0	0.0	0.0	0.0	0.0	0.0	0.0	0.0
utf8/prp-zs	default	throughput	7	1638400	2553968	1638400	1638400	1.559	0	0	0	0	334360	0	177137	177137	0	0	0	0	0	0	0	511497	21200	dfa	unanchored	byte-class	reverse-pass	unwrapped	none	none		0	unanchored	1	1	4417574.047809	598.621753	0.0	0.0	0.0	578339.3	0.0	306392.2	306392.2	0.0	0.0	0.0	0.0	0.0	0.0	0.0
utf8/prp-zs	nocaps	search_short	91	692	678	625	612	1.108	0	0	0	0	26	0	0	0	0	0	0	0	0	0	0	26	15	dfa	unanchored	byte-class	reverse-pass	unwrapped	none	none		0	unanchored	1	1	1068.293258	3746.847727	0.0	0.0	0.0	41.0	0.0	0.0	0.0	0.0	0.0	0.0	0.0	0.0	0.0	0.0
utf8/prp-zs	nocaps	throughput	7	1638400	2553968	1638400	1638400	1.559	0	0	0	0	334360	0	177137	177137	0	0	0	0	0	0	0	511497	21200	dfa	unanchored	byte-class	reverse-pass	unwrapped	none	none		0	unanchored	1	1	4422271.731405	598.621753	0.0	0.0	0.0	578954.3	0.0	306718.0	306718.0	0.0	0.0	0.0	0.0	0.0	0.0	0.0
utf8/qnt-bounded-4b	default	search_short	91	692	485	441	692	0.701	444	0	0	0	12	0	0	0	7	16	0	0	0	0	0	35	0	dfa	unanchored	offset-set	reverse-pass	unwrapped	f09f9880@3	0		0	unanchored	4	8	728.557293	1487.135449	0.0	0.0	0.0	18.0	0.0	0.0	0.0	10.5	24.0	0.0	0.0	0.0	0.0	0.0
utf8/qnt-bounded-4b	default	throughput	7	1638400	1652416	1636405	1638400	1.009	1638408	0	0	0	0	0	0	0	5554	12	0	0	0	0	0	5566	4502	dfa	unanchored	offset-set	reverse-pass	unwrapped	f09f9880@3	0		0	unanchored	4	8	238992.990203	89288.892398	0.0	0.0	0.0	0.0	0.0	0.0	0.0	803.3	1.7	0.0	0.0	0.0	0.0	0.0
utf8/qnt-bounded-4b	nocaps	search_short	91	692	485	441	692	0.701	444	0	0	0	12	0	0	0	7	16	0	0	0	0	0	35	0	dfa	unanchored	offset-set	reverse-pass	unwrapped	f09f9880@3	0		0	unanchored	4	8	728.920196	1487.135449	0.0	0.0	0.0	18.0	0.0	0.0	0.0	10.5	24.0	0.0	0.0	0.0	0.0	0.0
utf8/qnt-bounded-4b	nocaps	throughput	7	1638400	1652416	1636405	1638400	1.009	1638408	0	0	0	0	0	0	0	5554	12	0	0	0	0	0	5566	4502	dfa	unanchored	offset-set	reverse-pass	unwrapped	f09f9880@3	0		0	unanchored	4	8	239344.589993	89288.892398	0.0	0.0	0.0	0.0	0.0	0.0	0.0	804.5	1.7	0.0	0.0	0.0	0.0	0.0
utf8/qnt-class-run	default	search_short	91	692	803	692	692	1.160	0	0	0	0	98	0	0	0	0	0	0	0	0	0	0	98	0	dfa	unanchored	byte-class	reverse-pass	unwrapped	none	none		0	unanchored	16	8	1228.87274	1650.224513	0.0	0.0	0.0	150.0	0.0	0.0	0.0	0.0	0.0	0.0	0.0	0.0	0.0	0.0
utf8/qnt-class-run	default	throughput	7	1638400	2105449	1638400	1638400	1.285	0	0	0	0	202140	0	31861	31861	0	0	0	0	0	0	0	234001	146468	dfa	unanchored	byte-class	reverse-pass	unwrapped	none	none		0	unanchored	16	8	2610026.335013	9722.704842	0.0	0.0	0.0	250583.5	0.0	39496.6	39496.6	0.0	0.0	0.0	0.0	0.0	0.0	0.0
utf8/qnt-class-run	nocaps	search_short	91	692	803	692	692	1.160	0	0	0	0	98	0	0	0	0	0	0	0	0	0	0	98	0	dfa	unanchored	byte-class	reverse-pass	unwrapped	none	none		0	unanchored	16	8	1226.805585	1650.224513	0.0	0.0	0.0	149.7	0.0	0.0	0.0	0.0	0.0	0.0	0.0	0.0	0.0	0.0
utf8/qnt-class-run	nocaps	throughput	7	1638400	2105449	1638400	1638400	1.285	0	0	0	0	202140	0	31861	31861	0	0	0	0	0	0	0	234001	146468	dfa	unanchored	byte-class	reverse-pass	unwrapped	none	none		0	unanchored	16	8	2614102.226328	9722.704842	0.0	0.0	0.0	250974.8	0.0	39558.3	39558.3	0.0	0.0	0.0	0.0	0.0	0.0	0.0
utf8/qnt-counted-3b	default	search_short	91	692	521	357	692	0.753	285	0	0	0	12	0	0	0	44	78	0	0	0	0	0	134	0	dfa	unanchored	offset-set	reverse-pass	unwrapped	e697a5e69cac@5	0		0	unanchored	-1	12	961.791028	954.714998	0.0	0.0	0.0	22.2	0.0	0.0	0.0	81.2	144.0	0.0	0.0	0.0	0.0	0.0
utf8/qnt-counted-3b	default	throughput	7	1638400	1647606	1635070	1638400	1.006	1628131	0	0	0	0	0	2	0	164	36	0	0	0	0	0	202	2380	dfa	unanchored	offset-set	reverse-pass	unwrapped	e697a5e69cac@5	0		0	unanchored	-1	12	145146.718773	66651.495354	0.0	0.0	0.0	0.0	0.0	0.2	0.0	14.4	3.2	0.0	0.0	0.0	0.0	0.0
utf8/qnt-counted-3b	nocaps	search_short	91	692	521	357	692	0.753	285	0	0	0	12	0	0	0	44	78	0	0	0	0	0	134	0	dfa	unanchored	offset-set	reverse-pass	unwrapped	e697a5e69cac@5	0		0	unanchored	-1	12	963.914183	954.714998	0.0	0.0	0.0	22.2	0.0	0.0	0.0	81.4	144.3	0.0	0.0	0.0	0.0	0.0
utf8/qnt-counted-3b	nocaps	throughput	7	1638400	1647606	1635070	1638400	1.006	1628131	0	0	0	0	0	2	0	164	36	0	0	0	0	0	202	2380	dfa	unanchored	offset-set	reverse-pass	unwrapped	e697a5e69cac@5	0		0	unanchored	-1	12	145752.129274	66651.495354	0.0	0.0	0.0	0.0	0.0	0.2	0.0	14.5	3.2	0.0	0.0	0.0	0.0	0.0
utf8/qnt-dot-bounded	default	search_short	91	692	1273	635	623	2.043	0	0	0	0	547	0	0	0	0	0	0	0	0	0	0	547	12	dfa	unanchored	byte-class	reverse-pass	unwrapped	none	none		0	unanchored	8	3	2467.566241	2652.87775	0.0	0.0	0.0	1060.3	0.0	0.0	0.0	0.0	0.0	0.0	0.0	0.0	0.0	0.0
utf8/qnt-dot-bounded	default	throughput	7	1638400	3713171	1638400	1638400	2.266	0	0	0	0	1638399	0	145455	145455	0	0	0	0	0	0	0	1783854	145455	dfa	unanchored	byte-class	reverse-pass	unwrapped	none	none		0	unanchored	8	3	6503303.421053	540.095851	0.0	0.0	0.0	2869516.6	0.0	254752.1	254752.1	0.0	0.0	0.0	0.0	0.0	0.0	0.0
utf8/qnt-dot-bounded	nocaps	search_short	91	692	1273	635	623	2.043	0	0	0	0	547	0	0	0	0	0	0	0	0	0	0	547	12	dfa	unanchored	byte-class	reverse-pass	unwrapped	none	none		0	unanchored	8	3	2473.349699	2652.87775	0.0	0.0	0.0	1062.8	0.0	0.0	0.0	0.0	0.0	0.0	0.0	0.0	0.0	0.0
utf8/qnt-dot-bounded	nocaps	throughput	7	1638400	3713171	1638400	1638400	2.266	0	0	0	0	1638399	0	145455	145455	0	0	0	0	0	0	0	1783854	145455	dfa	unanchored	byte-class	reverse-pass	unwrapped	none	none		0	unanchored	8	3	6498338.473958	540.095851	0.0	0.0	0.0	2867325.9	0.0	254557.6	254557.6	0.0	0.0	0.0	0.0	0.0	0.0	0.0
utf8/qnt-lazy-2b	default	search_short	91	692	669	591	663	1.009	572	0	0	0	41	0	0	0	0	0	0	0	0	0	0	41	0	dfa	unanchored	offset-set	reverse-pass	unwrapped	c3a9@1	none		0	unanchored	-1	2	1070.998973	3097.781017	0.0	0.0	0.0	65.6	0.0	0.0	0.0	0.0	0.0	0.0	0.0	0.0	0.0	0.0
utf8/qnt-lazy-2b	default	throughput	7	1638400	1719776	1638394	1638400	1.050	1627616	0	0	0	32331	0	10777	0	0	0	0	0	0	0	0	43108	16714	dfa	unanchored	offset-set	reverse-pass	unwrapped	c3a9@1	none		0	unanchored	-1	2	377049.652158	8922.291853	0.0	0.0	0.0	7088.4	0.0	2362.8	0.0	0.0	0.0	0.0	0.0	0.0	0.0	0.0
utf8/qnt-lazy-2b	nocaps	search_short	91	692	669	591	663	1.009	572	0	0	0	41	0	0	0	0	0	0	0	0	0	0	41	0	dfa	unanchored	offset-set	reverse-pass	unwrapped	c3a9@1	none		0	unanchored	-1	2	1081.848969	3097.781017	0.0	0.0	0.0	66.3	0.0	0.0	0.0	0.0	0.0	0.0	0.0	0.0	0.0	0.0
utf8/qnt-lazy-2b	nocaps	throughput	7	1638400	1719776	1638394	1638400	1.050	1627616	0	0	0	32331	0	10777	0	0	0	0	0	0	0	0	43108	16714	dfa	unanchored	offset-set	reverse-pass	unwrapped	c3a9@1	none		0	unanchored	-1	2	378742.56878	8922.291853	0.0	0.0	0.0	7120.2	0.0	2373.4	0.0	0.0	0.0	0.0	0.0	0.0	0.0	0.0
utf8/qnt-plus-2b	default	search_short	91	692	689	601	673	1.024	572	0	0	0	51	0	0	0	0	0	0	0	0	0	0	51	0	dfa	unanchored	offset-set	reverse-pass	unwrapped	c3a9@1	none		0	unanchored	-1	2	1114.236848	3098.392245	0.0	0.0	0.0	82.5	0.0	0.0	0.0	0.0	0.0	0.0	0.0	0.0	0.0	0.0
utf8/qnt-plus-2b	default	throughput	7	1638400	1719776	1638394	1638400	1.050	1627616	0	0	0	32331	0	10777	0	0	0	0	0	0	0	0	43108	16714	dfa	unanchored	offset-set	reverse-pass	unwrapped	c3a9@1	none		0	unanchored	-1	2	377653.653604	8918.482865	0.0	0.0	0.0	7099.7	0.0	2366.6	0.0	0.0	0.0	0.0	0.0	0.0	0.0	0.0
utf8/qnt-plus-2b	nocaps	search_short	91	692	689	601	673	1.024	572	0	0	0	51	0	0	0	0	0	0	0	0	0	0	51	0	dfa	unanchored	offset-set	reverse-pass	unwrapped	c3a9@1	none		0	unanchored	-1	2	1103.07094	3098.392245	0.0	0.0	0.0	81.6	0.0	0.0	0.0	0.0	0.0	0.0	0.0	0.0	0.0	0.0
utf8/qnt-plus-2b	nocaps	throughput	7	1638400	1719776	1638394	1638400	1.050	1627616	0	0	0	32331	0	10777	0	0	0	0	0	0	0	0	43108	16714	dfa	unanchored	offset-set	reverse-pass	unwrapped	c3a9@1	none		0	unanchored	-1	2	376522.642803	8918.482865	0.0	0.0	0.0	7078.5	0.0	2359.5	0.0	0.0	0.0	0.0	0.0	0.0	0.0	0.0
