pid	enc	engine	vm_prefilter	dfa_scan	start_set_n	landmark	landmark_in_start	k12
tests/altcls/altcls.rxt:10	byte	vm	hybrid	unanchored	1	100	no	0
tests/altcls/altcls.rxt:21	byte	vm	hybrid	unanchored	2	-	-	0
tests/altcls/altcls.rxt:29	byte	dfa		unanchored	2	-	-	0
tests/altcls/altcls.rxt:35	byte	dfa		unanchored	4	-	-	0
tests/altcls/altcls.rxt:43	byte	dfa		unanchored	3	-	-	0
tests/altcls/altcls.rxt:50	byte	dfa		unanchored	5	-	-	0
tests/altcls/altcls.rxt:56	byte	dfa		unanchored	1	102	yes	0
tests/altcls/altcls.rxt:64	byte	dfa		unanchored	3	-	-	0
tests/altcls/altcls.rxt:74	byte	dfa		unanchored	1	102	yes	0
tests/altcls/altcls.rxt:80	byte	dfa		unanchored	1	102	yes	0
tests/altcls/altcls.rxt:86	byte	dfa		unanchored	1	102	yes	0
tests/altcls/altcls.rxt:93	byte	dfa		unanchored	2	-	-	0
tests/altcls/altcls.rxt:102	byte	dfa		unanchored	3	114	no	0
tests/altcls/altcls.rxt:109	byte	vm	hybrid	unanchored	2	-	-	0
tests/altcls/altcls.rxt:117	byte	vm	hybrid	unanchored	1	102	yes	0
tests/altcls/altcls.rxt:125	byte	vm	hybrid	unanchored	1	102	yes	0
tests/altcls/altcls.rxt:147	byte	dfa		unanchored	0	-	-	0
tests/altcls/altcls.rxt:158	byte	dfa		unanchored	3	99	yes	0
tests/altcls/altcls.rxt:170	byte	dfa		unanchored	5	120	yes	0
tests/assertions/absolute.rxt:52	byte	dfa		unanchored	1	98	yes	0
tests/assertions/absolute.rxt:77	byte	dfa		unanchored	1	98	yes	0
tests/assertions/absolute.rxt:102	byte	dfa		unanchored	1	98	yes	0
tests/assertions/absolute.rxt:145	byte	dfa		attempt	0	-	-	0
tests/assertions/absolute.rxt:170	byte	dfa		unanchored	0	-	-	0
tests/assertions/absolute.rxt:196	byte	dfa		unanchored	0	-	-	0
tests/assertions/absolute.rxt:222	byte	dfa		attempt	0	-	-	0
tests/assertions/absolute.rxt:255	byte	dfa		attempt	1	97	yes	0
tests/assertions/absolute.rxt:280	byte	dfa		attempt	1	98	yes	0
tests/assertions/absolute.rxt:305	byte	dfa		unanchored	1	97	yes	0
tests/assertions/absolute.rxt:331	byte	dfa		unanchored	1	97	yes	0
tests/assertions/absolute.rxt:356	byte	dfa		attempt	1	98	no	0
tests/assertions/absolute.rxt:382	byte	dfa		attempt	1	98	no	0
tests/assertions/absolute.rxt:407	byte	dfa		attempt	1	97	yes	0
tests/assertions/absolute.rxt:434	byte	dfa		unanchored	1	97	yes	0
tests/assertions/absolute.rxt:466	byte	dfa		unanchored	0	-	-	0
tests/assertions/absolute.rxt:494	byte	dfa		unanchored	0	-	-	0
tests/assertions/absolute.rxt:521	byte	dfa		unanchored	0	-	-	0
tests/assertions/absolute.rxt:548	byte	dfa		attempt	0	-	-	0
tests/assertions/absolute.rxt:575	byte	dfa		unanchored	0	-	-	0
tests/assertions/absolute.rxt:601	byte	dfa		unanchored	0	-	-	0
tests/assertions/absolute.rxt:626	byte	dfa		unanchored	255	-	-	0
tests/assertions/absolute.rxt:652	byte	dfa		unanchored	255	-	-	0
tests/assertions/absolute.rxt:684	byte	vm	none		0	-	-	0
tests/assertions/absolute.rxt:709	byte	vm	none		0	-	-	0
tests/assertions/absolute.rxt:735	byte	dfa		unanchored	2	98	yes	0
tests/assertions/absolute.rxt:762	byte	dfa		unanchored	1	120	yes	0
tests/assertions/absolute.rxt:788	byte	dfa		unanchored	1	120	yes	0
tests/assertions/absolute.rxt:918	byte	dfa		attempt	3	-	-	0
tests/assertions/absolute.rxt:947	byte	dfa		attempt	3	-	-	0
tests/assertions/absolute.rxt:975	byte	dfa		attempt	1	97	yes	0
tests/assertions/absolute.rxt:1004	byte	dfa		attempt	1	97	yes	0
tests/assertions/absolute.rxt:1032	byte	dfa		attempt	1	97	yes	0
tests/assertions/absolute.rxt:1061	byte	dfa		attempt	0	-	-	0
tests/assertions/absolute.rxt:1089	byte	dfa		attempt	255	-	-	0
tests/assertions/absolute.rxt:1117	byte	dfa		attempt	0	-	-	0
tests/assertions/absolute.rxt:1146	byte	dfa		attempt	255	-	-	0
tests/assertions/d27/anchors_abs.rxt:15	byte	dfa		attempt	1	98	no	0
tests/assertions/d27/anchors_abs.rxt:25	byte	vm	hybrid	attempt	2	-	-	0
tests/assertions/d27/anchors_abs.rxt:36	byte	dfa		attempt	3	-	-	0
tests/assertions/d27/anchors_abs.rxt:42	byte	vm	hybrid	attempt	1	97	yes	0
tests/assertions/d27/anchors_abs.rxt:51	byte	dfa		attempt	1	120	yes	0
tests/assertions/d27/anchors_abs.rxt:57	byte	dfa		attempt	1	98	no	0
tests/assertions/d27/anchors_abs.rxt:63	byte	dfa		unanchored	1	98	no	0
tests/assertions/d27/anchors_abs.rxt:68	byte	dfa		unanchored	1	98	no	0
tests/assertions/d27/anchors_abs.rxt:77	byte	vm	hybrid	unanchored	1	97	yes	0
tests/assertions/d27/anchors_abs.rxt:114	byte	dfa		unanchored	1	97	yes	0
tests/assertions/d27/anchors_abs.rxt:146	byte	dfa		attempt	1	98	no	0
tests/assertions/d27/composition.rxt:7	byte	dfa		attempt	1	102	yes	0
tests/assertions/d27/composition.rxt:14	byte	dfa		attempt	1	102	yes	0
tests/assertions/d27/composition.rxt:20	byte	vm	hybrid	attempt	1	103	no	0
tests/assertions/d27/composition.rxt:25	byte	vm	hybrid	unanchored	1	99	yes	0
tests/assertions/d27/composition.rxt:30	byte	vm	hybrid	attempt	1	98	no	0
tests/assertions/d27/composition.rxt:37	byte	dfa		attempt	1	97	yes	0
tests/assertions/d27/composition.rxt:45	byte	dfa		unanchored	2	-	-	0
tests/assertions/d27/gating.rxt:105	byte	dfa		attempt	1	120	yes	0
tests/assertions/d27/gating.rxt:110	byte	dfa		unanchored	1	120	yes	0
tests/assertions/d27/gating.rxt:115	byte	dfa		unanchored	1	120	yes	0
tests/assertions/d27/gating.rxt:120	byte	dfa		unanchored	1	120	yes	0
tests/assertions/d27/gating.rxt:125	byte	dfa		unanchored	1	120	yes	0
tests/assertions/d27/gating.rxt:130	byte	dfa		attempt	1	120	yes	0
tests/assertions/d27/gating.rxt:135	byte	vm	hybrid	unanchored	1	120	yes	0
tests/assertions/d27/gating.rxt:165	byte	dfa		attempt	1	97	yes	0
tests/assertions/d27/gating.rxt:47	byte	dfa		unanchored	1	120	yes	0
tests/assertions/d27/gating.rxt:57	byte	vm	hybrid	unanchored	1	120	yes	0
tests/assertions/d27/gstart.rxt:15	byte	dfa		attempt	1	97	yes	0
tests/assertions/d27/gstart.rxt:23	byte	dfa		attempt	255	-	-	0
tests/assertions/d27/gstart.rxt:31	byte	vm	hybrid	attempt	2	-	-	0
tests/assertions/d27/gstart.rxt:40	byte	dfa		attempt	63	-	-	0
tests/assertions/d27/gstart.rxt:46	byte	dfa		attempt	10	-	-	0
tests/assertions/d27/gstart.rxt:52	byte	vm	hybrid	attempt	1	98	no	0
tests/assertions/d27/gstart.rxt:65	byte	dfa		attempt	0	-	-	0
tests/assertions/d27/kreset.rxt:13	byte	vm	hybrid	unanchored	1	98	no	0
tests/assertions/d27/kreset.rxt:19	byte	vm	hybrid	unanchored	1	98	no	0
tests/assertions/d27/kreset.rxt:25	byte	vm	hybrid	unanchored	1	98	no	0
tests/assertions/d27/kreset.rxt:31	byte	vm	hybrid	unanchored	1	98	no	0
tests/assertions/d27/kreset.rxt:36	byte	vm	hybrid	unanchored	2	-	-	0
tests/assertions/d27/kreset.rxt:44	byte	vm	hybrid	unanchored	1	98	no	0
tests/assertions/d27/kreset.rxt:58	byte	vm	hybrid	unanchored	63	-	-	0
tests/assertions/d27/kreset.rxt:63	byte	vm	hybrid	attempt	1	98	no	0
tests/assertions/d27/kreset.rxt:69	byte	vm	hybrid	unanchored	1	98	no	0
tests/assertions/d27/kreset.rxt:93	byte	vm	none		0	-	-	0
tests/assertions/d27/multiline.rxt:23	byte	dfa		attempt	1	98	yes	0
tests/assertions/d27/multiline.rxt:29	byte	dfa		unanchored	1	97	yes	0
tests/assertions/d27/multiline.rxt:34	byte	dfa		attempt	0	-	-	0
tests/assertions/d27/multiline.rxt:40	byte	dfa		attempt	0	-	-	0
tests/assertions/d27/multiline.rxt:59	byte	dfa		attempt	1	97	yes	0
tests/assertions/d27/multiline.rxt:67	byte	dfa		attempt	1	97	yes	0
tests/assertions/d27/multiline.rxt:72	byte	dfa		attempt	1	98	no	0
tests/assertions/d27/multiline.rxt:78	byte	dfa		attempt	1	98	no	0
tests/assertions/d27/multiline.rxt:83	byte	vm	hybrid	attempt	2	-	-	0
tests/assertions/d27/multiline.rxt:106	byte	dfa		attempt	1	97	yes	0
tests/assertions/d27/multiline.rxt:91	byte	dfa		attempt	1	97	yes	0
tests/assertions/d27/multiline.rxt:96	byte	dfa		attempt	3	-	-	0
tests/assertions/d27/multiline.rxt:101	byte	dfa		attempt	1	97	yes	0
tests/assertions/d27/multiline.rxt:112	byte	dfa		unanchored	1	97	yes	0
tests/assertions/d27/word_boundary.rxt:11	byte	dfa		unanchored	1	99	yes	0
tests/assertions/d27/word_boundary.rxt:22	byte	dfa		unanchored	1	99	yes	0
tests/assertions/d27/word_boundary.rxt:30	byte	dfa		unanchored	1	99	yes	0
tests/assertions/d27/word_boundary.rxt:45	byte	dfa		unanchored	63	-	-	0
tests/assertions/d27/word_boundary.rxt:51	byte	vm	hybrid	unanchored	2	-	-	0
tests/assertions/d27/word_boundary.rxt:58	byte	vm	hybrid	unanchored	1	99	yes	0
tests/assertions/d27/word_boundary.rxt:66	byte	dfa		unanchored	3	-	-	0
tests/assertions/d27/word_boundary.rxt:72	byte	dfa		unanchored	0	-	-	0
tests/assertions/d27/word_boundary.rxt:77	byte	dfa		unanchored	0	-	-	0
tests/assertions/d27/word_boundary.rxt:91	byte	dfa		unanchored	2	67,99	yes	0
tests/assertions/end_window.rxt:47	byte	dfa		unanchored	1	98	no	0
tests/assertions/end_window.rxt:96	byte	dfa		unanchored	1	98	no	0
tests/assertions/end_window.rxt:111	byte	dfa		unanchored	1	98	no	0
tests/assertions/end_window.rxt:125	byte	dfa		unanchored	1	97	yes	0
tests/assertions/end_window.rxt:139	byte	dfa		unanchored	0	-	-	0
tests/assertions/end_window.rxt:156	byte	dfa		unanchored	2	-	-	0
tests/assertions/end_window.rxt:178	byte	dfa		unanchored	0	-	-	0
tests/assertions/end_window.rxt:195	byte	dfa		unanchored	1	102	yes	0
tests/assertions/end_window.rxt:211	byte	dfa		attempt	1	98	no	0
tests/assertions/end_window.rxt:227	byte	vm	hybrid	unanchored	1	98	no	0
tests/assertions/gate.rxt:66	byte	dfa		unanchored	255	-	-	0
tests/assertions/gate.rxt:88	byte	dfa		unanchored	1	97	yes	0
tests/assertions/gate.rxt:110	byte	dfa		unanchored	2	99	yes	0
tests/assertions/gate.rxt:132	byte	dfa		unanchored	1	122	yes	0
tests/assertions/gate.rxt:164	byte	dfa		unanchored	0	-	-	0
tests/assertions/gate.rxt:208	byte	dfa		unanchored	1	97	yes	0
tests/assertions/gate.rxt:230	byte	dfa		unanchored	2	99	yes	0
tests/assertions/gate.rxt:252	byte	dfa		unanchored	1	122	yes	0
tests/assertions/gate.rxt:283	byte	dfa		unanchored	0	-	-	0
tests/assertions/gate.rxt:329	byte	dfa		unanchored	2	99	yes	0
tests/assertions/gate.rxt:360	byte	dfa		attempt	0	-	-	0
tests/assertions/gate.rxt:382	byte	dfa		attempt	0	-	-	0
tests/assertions/gate.rxt:404	byte	dfa		attempt	0	-	-	0
tests/assertions/gpos.rxt:66	byte	dfa		attempt	1	102	yes	0
tests/assertions/gpos.rxt:90	byte	dfa		unanchored	1	102	yes	0
tests/assertions/gpos.rxt:140	byte	dfa		attempt	10	-	-	0
tests/assertions/gpos.rxt:158	byte	dfa		attempt	2	-	-	0
tests/assertions/gpos.rxt:186	byte	dfa		attempt	2	-	-	0
tests/assertions/gpos.rxt:206	byte	dfa		attempt	2	-	-	0
tests/assertions/gpos.rxt:219	byte	dfa		attempt	2	-	-	0
tests/assertions/gpos.rxt:268	byte	dfa		attempt	1	98	no	0
tests/assertions/gpos.rxt:294	byte	dfa		attempt	1	120	yes	0
tests/assertions/gpos.rxt:308	byte	dfa		attempt	1	98	no	0
tests/assertions/gpos.rxt:324	byte	dfa		attempt	2	-	-	0
tests/assertions/gpos.rxt:344	byte	dfa		attempt	2	-	-	0
tests/assertions/gpos.rxt:359	byte	dfa		attempt	2	-	-	0
tests/assertions/gpos.rxt:391	byte	dfa		attempt	1	120	yes	0
tests/assertions/gpos.rxt:403	byte	dfa		attempt	0	-	-	0
tests/assertions/gpos.rxt:410	byte	dfa		attempt	0	-	-	0
tests/assertions/gpos.rxt:425	byte	dfa		attempt	2	-	-	0
tests/assertions/gpos.rxt:453	byte	dfa		attempt	2	-	-	0
tests/assertions/gpos.rxt:470	byte	dfa		attempt	2	-	-	0
tests/assertions/gpos.rxt:490	byte	vm	none		0	-	-	0
tests/assertions/gpos.rxt:497	byte	dfa		attempt	1	97	yes	0
tests/assertions/gpos.rxt:507	byte	dfa		attempt	1	98	no	0
tests/assertions/gpos.rxt:522	byte	vm	hybrid	attempt	2	99	no	0
tests/assertions/gpos.rxt:593	byte	vm	none		0	-	-	0
tests/assertions/gpos.rxt:610	byte	vm	none		0	-	-	0
tests/assertions/gpos.rxt:625	byte	vm	hybrid	attempt	3	98	yes	0
tests/assertions/gpos.rxt:676	byte	dfa		unanchored	0	-	-	0
tests/assertions/gpos.rxt:682	byte	dfa		unanchored	0	-	-	0
tests/assertions/gpos.rxt:688	byte	dfa		attempt	0	-	-	0
tests/assertions/gpos.rxt:695	byte	dfa		unanchored	0	-	-	0
tests/assertions/gpos.rxt:701	byte	vm	none		0	-	-	0
tests/assertions/gpos.rxt:707	byte	vm	none		0	-	-	0
tests/assertions/gpos.rxt:714	byte	vm	none		0	-	-	0
tests/assertions/kreset.rxt:85	byte	vm	hybrid	unanchored	1	97	yes	0
tests/assertions/kreset.rxt:101	byte	vm	hybrid	unanchored	1	97	yes	0
tests/assertions/kreset.rxt:149	byte	vm	hybrid	unanchored	1	98	no	0
tests/assertions/kreset.rxt:194	byte	vm	hybrid	unanchored	1	98	no	0
tests/assertions/kreset.rxt:205	byte	vm	hybrid	unanchored	1	98	no	0
tests/assertions/kreset.rxt:232	byte	vm	hybrid	unanchored	1	99	no	0
tests/assertions/kreset.rxt:252	byte	vm	hybrid	unanchored	1	98	no	0
tests/assertions/kreset.rxt:267	byte	vm	hybrid	unanchored	2	99	no	0
tests/assertions/kreset.rxt:285	byte	vm	hybrid	unanchored	1	98	no	0
tests/assertions/kreset.rxt:303	byte	vm	hybrid	unanchored	2	-	-	0
tests/assertions/kreset.rxt:337	byte	vm	hybrid	unanchored	1	98	no	0
tests/assertions/kreset.rxt:359	byte	vm	hybrid	unanchored	2	98	yes	0
tests/assertions/kreset.rxt:379	byte	vm	hybrid	unanchored	2	99	yes	0
tests/assertions/kreset.rxt:402	byte	vm	hybrid	unanchored	1	98	no	0
tests/assertions/kreset.rxt:418	byte	vm	hybrid	unanchored	1	98	no	0
tests/assertions/kreset.rxt:450	byte	vm	hybrid	unanchored	2	98	yes	0
tests/assertions/kreset.rxt:466	byte	vm	hybrid	unanchored	2	98	yes	0
tests/assertions/kreset.rxt:475	byte	vm	hybrid	unanchored	2	99	no	0
tests/assertions/kreset.rxt:507	byte	vm	hybrid	unanchored	1	98	no	0
tests/assertions/kreset.rxt:527	byte	vm	none		0	-	-	0
tests/assertions/kreset.rxt:541	byte	vm	none		0	-	-	0
tests/assertions/kreset.rxt:572	byte	vm	hybrid	unanchored	1	98	no	0
tests/assertions/kreset.rxt:592	byte	vm	hybrid	unanchored	1	98	no	0
tests/assertions/kreset.rxt:609	byte	vm	hybrid	unanchored	1	98	no	0
tests/assertions/kreset.rxt:629	byte	vm	hybrid	unanchored	2	98	yes	0
tests/assertions/kreset.rxt:657	byte	vm	hybrid	unanchored	2	99	no	0
tests/assertions/kreset.rxt:694	byte	vm	hybrid	attempt	1	98	no	0
tests/assertions/kreset.rxt:705	byte	vm	hybrid	unanchored	1	98	no	0
tests/assertions/kreset.rxt:720	byte	vm	hybrid	unanchored	1	98	no	0
tests/assertions/kreset.rxt:735	byte	vm	hybrid	unanchored	1	98	no	0
tests/assertions/kreset.rxt:750	byte	vm	hybrid	unanchored	1	98	no	0
tests/assertions/kreset.rxt:766	byte	vm	hybrid	empty	1	98	no	0
tests/assertions/kreset.rxt:793	byte	vm	hybrid	attempt	2	-	-	0
tests/assertions/kreset.rxt:809	byte	vm	hybrid	attempt	1	98	no	0
tests/assertions/kreset.rxt:827	byte	vm	hybrid	unanchored	1	98	no	0
tests/assertions/kreset.rxt:857	byte	vm	hybrid	unanchored	1	98	no	0
tests/assertions/kreset.rxt:879	byte	vm	hybrid	unanchored	1	98	no	0
tests/assertions/kreset.rxt:896	byte	vm	hybrid	unanchored	3	-	-	0
tests/assertions/kreset.rxt:916	byte	vm	hybrid	unanchored	1	98	no	0
tests/assertions/kreset.rxt:961	byte	vm	hybrid	unanchored	1	98	no	0
tests/assertions/kreset.rxt:972	byte	vm	hybrid	unanchored	2	98	yes	0
tests/assertions/kreset.rxt:980	byte	vm	hybrid	unanchored	2	99	yes	0
tests/assertions/kreset.rxt:1000	byte	vm	none		0	-	-	0
tests/assertions/multiline.rxt:57	byte	dfa		unanchored	0	-	-	0
tests/assertions/multiline.rxt:77	byte	dfa		attempt	0	-	-	0
tests/assertions/multiline.rxt:123	byte	dfa		attempt	1	82	no	0
tests/assertions/multiline.rxt:151	byte	dfa		unanchored	1	82	no	0
tests/assertions/multiline.rxt:180	byte	dfa		attempt	1	82	no	0
tests/assertions/multiline.rxt:208	byte	dfa		attempt	1	82	no	0
tests/assertions/multiline.rxt:236	byte	dfa		unanchored	1	82	no	0
tests/assertions/multiline.rxt:322	byte	dfa		attempt	255	-	-	0
tests/assertions/multiline.rxt:350	byte	dfa		unanchored	255	-	-	0
tests/assertions/multiline.rxt:486	byte	dfa		attempt	0	-	-	0
tests/assertions/multiline.rxt:693	byte	dfa		unanchored	0	-	-	0
tests/assertions/multiline.rxt:871	byte	dfa		unanchored	255	-	-	0
tests/assertions/multiline.rxt:919	byte	dfa		unanchored	0	-	-	0
tests/assertions/multiline.rxt:967	byte	dfa		unanchored	0	-	-	0
tests/assertions/multiline.rxt:1015	byte	dfa		unanchored	0	-	-	0
tests/assertions/multiline.rxt:1063	byte	dfa		unanchored	0	-	-	0
tests/assertions/multiline.rxt:1161	byte	dfa		attempt	63	-	-	0
tests/assertions/multiline.rxt:1223	byte	dfa		unanchored	255	-	-	0
tests/assertions/multiline.rxt:1254	byte	dfa		unanchored	0	-	-	0
tests/assertions/multiline.rxt:1285	byte	dfa		unanchored	0	-	-	0
tests/assertions/multiline.rxt:1316	byte	dfa		unanchored	0	-	-	0
tests/assertions/multiline.rxt:1347	byte	dfa		unanchored	0	-	-	0
tests/assertions/multiline.rxt:1378	byte	dfa		unanchored	1	122	yes	0
tests/assertions/multiline.rxt:1409	byte	dfa		unanchored	0	-	-	0
tests/assertions/multiline.rxt:1463	byte	vm	hybrid	unanchored	255	-	-	0
tests/assertions/multiline.rxt:1494	byte	vm	none		0	-	-	0
tests/assertions/multiline.rxt:1525	byte	vm	none		0	-	-	0
tests/assertions/multiline.rxt:1556	byte	vm	none		0	-	-	0
tests/assertions/multiline.rxt:1587	byte	vm	none		0	-	-	0
tests/assertions/multiline.rxt:1618	byte	vm	hybrid	unanchored	255	-	-	0
tests/assertions/multiline.rxt:1650	byte	vm	hybrid	unanchored	255	-	-	0
tests/assertions/multiline.rxt:1681	byte	vm	hybrid	unanchored	255	-	-	0
tests/assertions/multiline.rxt:1712	byte	vm	none		0	-	-	0
tests/assertions/multiline.rxt:1766	byte	dfa		unanchored	255	-	-	0
tests/assertions/multiline.rxt:1815	byte	dfa		attempt	1	97	yes	0
tests/assertions/multiline.rxt:1863	byte	dfa		unanchored	1	97	yes	0
tests/assertions/multiline.rxt:1911	byte	dfa		unanchored	0	-	-	0
tests/assertions/multiline.rxt:1959	byte	dfa		unanchored	0	-	-	0
tests/assertions/multiline.rxt:2008	byte	dfa		unanchored	255	-	-	0
tests/assertions/multiline.rxt:2057	byte	dfa		unanchored	1	97	yes	0
tests/assertions/multiline.rxt:2106	byte	dfa		attempt	1	97	yes	0
tests/assertions/multiline.rxt:2155	byte	dfa		unanchored	0	-	-	0
tests/assertions/multiline.rxt:2204	byte	dfa		unanchored	1	97	yes	0
tests/assertions/multiline.rxt:2255	byte	dfa		attempt	1	98	no	0
tests/assertions/multiline.rxt:2304	byte	dfa		attempt	2	-	-	0
tests/assertions/multiline.rxt:2353	byte	dfa		unanchored	1	97	yes	0
tests/assertions/multiline.rxt:2402	byte	dfa		attempt	2	-	-	0
tests/assertions/multiline.rxt:2456	byte	dfa		unanchored	2	-	-	0
tests/assertions/multiline.rxt:2505	byte	dfa		attempt	2	-	-	0
tests/assertions/multiline.rxt:2553	byte	dfa		unanchored	2	-	-	0
tests/assertions/multiline.rxt:2601	byte	dfa		unanchored	2	-	-	0
tests/assertions/multiline.rxt:2671	byte	dfa		attempt	2	-	-	0
tests/assertions/multiline.rxt:2748	byte	dfa		attempt	2	-	-	0
tests/assertions/multiline.rxt:2786	byte	dfa		attempt	2	-	-	0
tests/assertions/multiline.rxt:2825	byte	dfa		attempt	2	82	no	0
tests/assertions/multiline.rxt:2864	byte	dfa		attempt	2	-	-	0
tests/assertions/multiline.rxt:2902	byte	dfa		attempt	1	102	yes	0
tests/assertions/multiline.rxt:3044	byte	dfa		unanchored	1	97	yes	0
tests/assertions/multiline.rxt:3092	byte	dfa		attempt	0	-	-	0
tests/assertions/multiline.rxt:3141	byte	dfa		unanchored	0	-	-	0
tests/assertions/multiline.rxt:3189	byte	dfa		unanchored	0	-	-	0
tests/assertions/multiline.rxt:3238	byte	dfa		unanchored	1	97	yes	0
tests/assertions/multiline.rxt:3286	byte	dfa		attempt	1	97	yes	0
tests/assertions/multiline.rxt:3341	byte	dfa		attempt	0	-	-	0
tests/assertions/multiline.rxt:3393	byte	dfa		unanchored	0	-	-	0
tests/assertions/multiline.rxt:3446	byte	dfa		attempt	63	-	-	0
tests/assertions/multiline.rxt:3498	byte	dfa		unanchored	1	102	yes	0
tests/assertions/multiline.rxt:3550	byte	dfa		unanchored	0	-	-	0
tests/assertions/multiline.rxt:3602	byte	dfa		unanchored	0	-	-	0
tests/assertions/multiline.rxt:3661	byte	dfa		attempt	1	97	yes	0
tests/assertions/multiline.rxt:3710	byte	dfa		unanchored	1	97	yes	0
tests/assertions/multiline.rxt:3758	byte	dfa		unanchored	1	97	yes	0
tests/assertions/view_edge.rxt:15	byte	dfa		unanchored	0	-	-	0
tests/assertions/view_edge.rxt:177	byte	dfa		unanchored	0	-	-	0
tests/assertions/view_edge.rxt:339	byte	dfa		unanchored	26	-	-	0
tests/assertions/view_edge.rxt:501	byte	dfa		unanchored	10	-	-	0
tests/assertions/view_edge.rxt:663	byte	dfa		unanchored	1	120	yes	0
tests/assertions/view_edge.rxt:825	byte	dfa		unanchored	0	-	-	0
tests/assertions/view_edge.rxt:987	byte	dfa		unanchored	26	-	-	0
tests/assertions/view_edge.rxt:1149	byte	dfa		unanchored	0	-	-	0
tests/assertions/view_edge.rxt:1311	byte	dfa		unanchored	0	-	-	0
tests/assertions/view_edge.rxt:1473	byte	dfa		unanchored	0	-	-	0
tests/assertions/view_edge.rxt:1797	byte	dfa		unanchored	26	-	-	0
tests/assertions/view_edge.rxt:1959	byte	dfa		unanchored	26	-	-	0
tests/assertions/view_edge.rxt:2121	byte	dfa		unanchored	27	-	-	0
tests/assertions/view_edge.rxt:2283	byte	dfa		unanchored	26	-	-	0
tests/assertions/view_edge.rxt:2445	byte	dfa		unanchored	0	-	-	0
tests/assertions/view_edge.rxt:2607	byte	dfa		unanchored	36	-	-	0
tests/assertions/wordb_basic.rxt:63	byte	dfa		unanchored	1	102	yes	0
tests/assertions/wordb_basic.rxt:143	byte	dfa		unanchored	1	102	yes	0
tests/assertions/wordb_basic.rxt:218	byte	dfa		unanchored	1	102	yes	0
tests/assertions/wordb_basic.rxt:296	byte	dfa		unanchored	1	102	yes	0
tests/assertions/wordb_basic.rxt:375	byte	dfa		unanchored	1	102	yes	0
tests/assertions/wordb_basic.rxt:450	byte	dfa		unanchored	1	102	yes	0
tests/assertions/wordb_basic.rxt:525	byte	dfa		unanchored	1	102	yes	0
tests/assertions/wordb_basic.rxt:600	byte	dfa		unanchored	1	102	yes	0
tests/assertions/wordb_basic.rxt:750	byte	dfa		unanchored	63	-	-	0
tests/assertions/wordb_basic.rxt:825	byte	dfa		unanchored	63	-	-	0
tests/assertions/wordb_basic.rxt:900	byte	dfa		unanchored	255	-	-	0
tests/assertions/wordb_basic.rxt:975	byte	dfa		unanchored	255	-	-	0
tests/assertions/wordb_basic.rxt:1050	byte	dfa		empty	1	98	no	0
tests/assertions/wordb_basic.rxt:1125	byte	dfa		unanchored	1	98	no	0
tests/assertions/wordb_basic.rxt:1200	byte	dfa		empty	10	-	-	0
tests/assertions/wordb_basic.rxt:1275	byte	dfa		unanchored	63	-	-	0
tests/assertions/wordb_empty_compose.rxt:181	byte	dfa		unanchored	0	-	-	0
tests/assertions/wordb_empty_compose.rxt:256	byte	dfa		empty	0	-	-	0
tests/assertions/wordb_empty_compose.rxt:331	byte	dfa		empty	0	-	-	0
tests/assertions/wordb_empty_compose.rxt:406	byte	dfa		unanchored	0	-	-	0
tests/assertions/wordb_empty_compose.rxt:556	byte	dfa		unanchored	0	-	-	0
tests/assertions/wordb_empty_compose.rxt:631	byte	dfa		unanchored	0	-	-	0
tests/assertions/wordb_empty_compose.rxt:706	byte	dfa		unanchored	0	-	-	0
tests/assertions/wordb_empty_compose.rxt:866	byte	dfa		unanchored	1	102	yes	0
tests/assertions/wordb_empty_compose.rxt:942	byte	dfa		unanchored	1	102	yes	0
tests/assertions/wordb_empty_compose.rxt:1017	byte	dfa		unanchored	63	-	-	0
tests/assertions/wordb_empty_compose.rxt:1092	byte	dfa		unanchored	63	-	-	0
tests/assertions/wordb_empty_compose.rxt:1168	byte	dfa		unanchored	1	111	yes	0
tests/assertions/wordb_empty_compose.rxt:1243	byte	dfa		unanchored	63	-	-	0
tests/assertions/wordb_empty_compose.rxt:1318	byte	dfa		attempt	1	97	yes	0
tests/assertions/wordb_empty_compose.rxt:1393	byte	dfa		unanchored	63	-	-	0
tests/assertions/wordb_engattempt.rxt:59	byte	dfa		attempt	1	102	yes	0
tests/assertions/wordb_engattempt.rxt:135	byte	dfa		attempt	1	111	yes	0
tests/assertions/wordb_engattempt.rxt:212	byte	dfa		attempt	1	98	no	0
tests/assertions/wordb_engattempt.rxt:287	byte	dfa		attempt	1	102	yes	0
tests/assertions/wordb_engattempt.rxt:362	byte	dfa		attempt	1	102	no	0
tests/assertions/wordb_engattempt.rxt:437	byte	dfa		attempt	63	-	-	0
tests/assertions/wordb_engattempt.rxt:512	byte	dfa		attempt	63	-	-	0
tests/assertions/wordb_engattempt.rxt:587	byte	dfa		attempt	1	102	yes	0
tests/assertions/wordb_engattempt.rxt:662	byte	dfa		attempt	1	97	yes	0
tests/assertions/wordb_engattempt.rxt:737	byte	dfa		attempt	0	-	-	0
tests/assertions/wordb_engattempt.rxt:812	byte	dfa		attempt	0	-	-	0
tests/assertions/wordb_engattempt.rxt:887	byte	dfa		attempt	63	-	-	0
tests/assertions/wordb_engattempt.rxt:962	byte	dfa		attempt	255	-	-	0
tests/assertions/wordb_engattempt.rxt:1112	byte	dfa		attempt	2	-	-	0
tests/assertions/wordb_engattempt.rxt:1187	byte	dfa		attempt	2	-	-	0
tests/assertions/wordb_vm.rxt:39	byte	vm	hybrid	unanchored	1	102	yes	0
tests/assertions/wordb_vm.rxt:114	byte	vm	hybrid	unanchored	1	102	yes	0
tests/assertions/wordb_vm.rxt:189	byte	vm	hybrid	unanchored	1	102	yes	0
tests/assertions/wordb_vm.rxt:264	byte	vm	hybrid	unanchored	1	102	yes	0
tests/assertions/wordb_vm.rxt:339	byte	vm	hybrid	unanchored	63	-	-	0
tests/assertions/wordb_vm.rxt:414	byte	vm	hybrid	unanchored	1	120	yes	0
tests/assertions/wordb_vm.rxt:489	byte	vm	hybrid	unanchored	1	120	yes	0
tests/assertions/wordb_vm.rxt:564	byte	vm	hybrid	unanchored	1	102	yes	0
tests/assertions/wordb_vm.rxt:639	byte	vm	hybrid	empty	1	98	no	0
tests/assertions/wordb_vm.rxt:714	byte	vm	hybrid	unanchored	63	-	-	0
tests/assertions/wordb_vm.rxt:789	byte	vm	hybrid	attempt	1	102	yes	0
tests/assertions/wordb_vm.rxt:864	byte	vm	hybrid	unanchored	1	102	yes	0
tests/atomic_groups/atomic_assert.rxt:45	byte	vm	hybrid	unanchored	1	98	no	0
tests/atomic_groups/atomic_assert.rxt:59	byte	vm	hybrid	unanchored	1	98	no	0
tests/atomic_groups/atomic_assert.rxt:71	byte	vm	hybrid	unanchored	1	98	no	0
tests/atomic_groups/atomic_assert.rxt:89	byte	vm	hybrid	attempt	2	99	no	0
tests/atomic_groups/atomic_assert.rxt:101	byte	vm	hybrid	attempt	1	99	no	0
tests/atomic_groups/atomic_assert.rxt:115	byte	vm	hybrid	empty	1	99	no	0
tests/atomic_groups/atomic_assert.rxt:125	byte	vm	hybrid	empty	1	99	no	0
tests/atomic_groups/atomic_assert.rxt:139	byte	vm	hybrid	unanchored	1	97	yes	0
tests/atomic_groups/atomic_assert.rxt:147	byte	vm	hybrid	unanchored	1	97	yes	0
tests/atomic_groups/atomic_assert.rxt:157	byte	vm	hybrid	attempt	2	99	no	0
tests/atomic_groups/atomic_assert.rxt:166	byte	vm	hybrid	unanchored	1	97	yes	0
tests/atomic_groups/atomic_basic.rxt:44	byte	vm	hybrid	unanchored	1	99	no	0
tests/atomic_groups/atomic_basic.rxt:64	byte	vm	hybrid	unanchored	1	98	no	0
tests/atomic_groups/atomic_basic.rxt:79	byte	vm	hybrid	unanchored	1	98	no	0
tests/atomic_groups/atomic_basic.rxt:89	byte	vm	hybrid	unanchored	1	98	no	0
tests/atomic_groups/atomic_basic.rxt:105	byte	vm	hybrid	unanchored	1	97	yes	0
tests/atomic_groups/atomic_basic.rxt:121	byte	vm	hybrid	unanchored	1	98	no	0
tests/atomic_groups/atomic_basic.rxt:133	byte	vm	hybrid	unanchored	2	-	-	0
tests/atomic_groups/atomic_basic.rxt:149	byte	vm	none		0	-	-	0
tests/atomic_groups/atomic_basic.rxt:157	byte	vm	hybrid	unanchored	1	97	yes	0
tests/atomic_groups/atomic_basic.rxt:166	byte	vm	hybrid	unanchored	1	97	yes	0
tests/atomic_groups/atomic_basic.rxt:178	byte	vm	hybrid	unanchored	1	120	yes	0
tests/atomic_groups/atomic_basic.rxt:197	byte	vm	hybrid	unanchored	1	99	no	0
tests/atomic_groups/atomic_basic.rxt:209	byte	vm	hybrid	unanchored	1	98	no	0
tests/atomic_groups/atomic_caps.rxt:48	byte	vm	hybrid	unanchored	1	97	yes	0
tests/atomic_groups/atomic_caps.rxt:58	byte	vm	hybrid	unanchored	1	97	yes	0
tests/atomic_groups/atomic_caps.rxt:78	byte	vm	hybrid	unanchored	1	121	no	0
tests/atomic_groups/atomic_caps.rxt:95	byte	vm	hybrid	unanchored	1	99	no	0
tests/atomic_groups/atomic_caps.rxt:115	byte	vm	none		0	-	-	0
tests/atomic_groups/atomic_caps.rxt:128	byte	vm	hybrid	unanchored	3	99	yes	0
tests/atomic_groups/atomic_caps.rxt:141	byte	vm	hybrid	unanchored	2	98	yes	0
tests/atomic_groups/atomic_case.rxt:38	byte	vm	hybrid	unanchored	2	-	-	0
tests/atomic_groups/atomic_case.rxt:52	byte	vm	hybrid	unanchored	2	-	-	0
tests/atomic_groups/atomic_case.rxt:61	byte	vm	hybrid	unanchored	2	-	-	0
tests/atomic_groups/atomic_case.rxt:78	byte	vm	hybrid	unanchored	2	99	no	0
tests/atomic_groups/atomic_ceiling.rxt:68	byte	vm	hybrid	unanchored	2	99	no	0
tests/atomic_groups/atomic_ceiling.rxt:82	byte	vm	hybrid	unanchored	2	98	yes	0
tests/atomic_groups/atomic_ceiling.rxt:96	byte	vm	hybrid	unanchored	1	99	no	0
tests/atomic_groups/atomic_ceiling.rxt:114	byte	vm	hybrid	unanchored	1	97	yes	0
tests/atomic_groups/atomic_quant.rxt:50	byte	vm	hybrid	unanchored	3	99	yes	0
tests/atomic_groups/atomic_quant.rxt:66	byte	vm	hybrid	unanchored	2	99	yes	0
tests/atomic_groups/atomic_quant.rxt:83	byte	vm	hybrid	unanchored	1	98	no	0
tests/atomic_groups/atomic_quant.rxt:98	byte	vm	none		0	-	-	0
tests/atomic_groups/atomic_quant.rxt:106	byte	vm	hybrid	unanchored	1	100	no	0
tests/atomic_groups/atomic_quant.rxt:121	byte	vm	hybrid	unanchored	2	98	yes	0
tests/atomic_groups/atomic_quant.rxt:131	byte	vm	hybrid	unanchored	2	98	yes	0
tests/atomic_groups/atomic_quant.rxt:140	byte	vm	none		0	-	-	0
tests/atomic_groups/atomic_quant.rxt:148	byte	vm	hybrid	unanchored	2	98	yes	0
tests/atomic_groups/atomic_quant.rxt:158	byte	vm	hybrid	unanchored	2	98	yes	0
tests/atomic_groups/atomic_quant.rxt:170	byte	vm	hybrid	unanchored	2	98	yes	0
tests/atomic_groups/atomic_quant.rxt:180	byte	vm	hybrid	unanchored	1	97	yes	0
tests/atomic_groups/atomic_quant.rxt:187	byte	vm	hybrid	unanchored	1	98	no	0
tests/atomic_groups/atomic_quant.rxt:198	byte	vm	hybrid	unanchored	1	98	no	0
tests/atomic_groups/atomic_quant.rxt:209	byte	vm	hybrid	unanchored	2	98	yes	0
tests/atomic_groups/atomic_quant.rxt:219	byte	vm	none		0	-	-	0
tests/atomic_groups/atomic_quant.rxt:226	byte	vm	hybrid	unanchored	3	100	yes	0
tests/atomic_groups/atomic_quant.rxt:236	byte	vm	hybrid	unanchored	2	98	yes	0
tests/atomic_groups/atomic_quant.rxt:251	byte	vm	hybrid	unanchored	1	97	yes	0
tests/atomic_groups/atomic_quant.rxt:260	byte	vm	hybrid	unanchored	1	97	yes	0
tests/atomic_groups/atomic_quant.rxt:267	byte	dfa		unanchored	2	98	yes	0
tests/atomic_groups/atomic_quant.rxt:281	byte	vm	hybrid	unanchored	1	97	yes	0
tests/atomic_groups/atomic_quant.rxt:293	byte	vm	hybrid	unanchored	1	97	yes	0
tests/atomic_groups/d27/atomic_basic.rxt:17	byte	vm	hybrid	unanchored	1	98	no	0
tests/atomic_groups/d27/atomic_basic.rxt:22	byte	vm	hybrid	unanchored	1	98	no	0
tests/atomic_groups/d27/atomic_basic.rxt:29	byte	vm	hybrid	unanchored	1	97	yes	0
tests/atomic_groups/d27/atomic_basic.rxt:45	byte	vm	hybrid	unanchored	1	99	no	0
tests/atomic_groups/d27/atomic_basic.rxt:52	byte	dfa		unanchored	1	98	no	0
tests/atomic_groups/d27/atomic_basic.rxt:61	byte	vm	hybrid	unanchored	1	97	yes	0
tests/atomic_groups/d27/atomic_basic.rxt:83	byte	vm	hybrid	unanchored	1	98	no	0
tests/atomic_groups/d27/atomic_basic.rxt:100	byte	vm	hybrid	unanchored	1	97	yes	0
tests/atomic_groups/d27/atomic_basic.rxt:106	byte	vm	hybrid	unanchored	1	99	yes	0
tests/atomic_groups/d27/atomic_basic.rxt:110	byte	vm	hybrid	unanchored	1	99	yes	0
tests/atomic_groups/d27/atomic_in_quantifiers.rxt:21	byte	vm	hybrid	unanchored	1	99	no	0
tests/atomic_groups/d27/atomic_in_quantifiers.rxt:27	byte	vm	hybrid	unanchored	1	98	no	0
tests/atomic_groups/d27/atomic_in_quantifiers.rxt:42	byte	vm	hybrid	unanchored	2	98	yes	0
tests/atomic_groups/d27/atomic_in_quantifiers.rxt:46	byte	vm	hybrid	unanchored	1	99	no	0
tests/atomic_groups/d27/atomic_in_quantifiers.rxt:63	byte	vm	hybrid	unanchored	1	98	no	0
tests/atomic_groups/d27/atomic_in_quantifiers.rxt:73	byte	vm	hybrid	unanchored	1	98	no	0
tests/atomic_groups/d27/captures_under_cut.rxt:16	byte	vm	hybrid	unanchored	1	98	no	0
tests/atomic_groups/d27/captures_under_cut.rxt:28	byte	vm	hybrid	unanchored	1	97	yes	0
tests/atomic_groups/d27/captures_under_cut.rxt:40	byte	vm	none		0	-	-	0
tests/atomic_groups/d27/captures_under_cut.rxt:50	byte	vm	hybrid	unanchored	1	97	yes	0
tests/atomic_groups/d27/captures_under_cut.rxt:67	byte	vm	none		0	-	-	0
tests/atomic_groups/d27/captures_under_cut.rxt:73	byte	vm	hybrid	unanchored	1	98	no	0
tests/atomic_groups/d27/captures_under_cut.rxt:83	byte	vm	hybrid	unanchored	1	97	yes	0
tests/atomic_groups/d27/captures_under_cut.rxt:93	byte	vm	hybrid	unanchored	2	98	yes	0
tests/atomic_groups/d27/find_all_loop.rxt:23	byte	dfa		unanchored	0	-	-	0
tests/atomic_groups/d27/find_all_loop.rxt:47	byte	dfa		unanchored	0	-	-	0
tests/atomic_groups/d27/find_all_loop.rxt:56	byte	dfa		unanchored	1	97	yes	0
tests/atomic_groups/d27/gating.rxt:54	byte	dfa		unanchored	1	97	yes	0
tests/atomic_groups/d27/gating.rxt:63	byte	dfa		unanchored	0	-	-	0
tests/atomic_groups/d27/gating.rxt:72	byte	dfa		unanchored	0	-	-	0
tests/atomic_groups/d27/gating.rxt:81	byte	dfa		unanchored	1	97	yes	0
tests/atomic_groups/d27/gating.rxt:90	byte	dfa		unanchored	0	-	-	0
tests/atomic_groups/d27/gating.rxt:99	byte	dfa		unanchored	1	97	yes	0
tests/atomic_groups/d27/interactions.rxt:41	byte	vm	hybrid	unanchored	1	98	no	0
tests/atomic_groups/d27/interactions.rxt:105	byte	vm	hybrid	unanchored	1	98	no	0
tests/atomic_groups/d27/interactions.rxt:113	byte	vm	hybrid	unanchored	2	65,97	yes	0
tests/atomic_groups/d27/interactions.rxt:120	byte	vm	hybrid	attempt	1	97	yes	0
tests/atomic_groups/d27/possessive_spellings.rxt:14	byte	dfa		unanchored	2	98	yes	0
tests/atomic_groups/d27/possessive_spellings.rxt:20	byte	vm	hybrid	unanchored	1	97	yes	0
tests/atomic_groups/d27/possessive_spellings.rxt:37	byte	vm	hybrid	unanchored	1	97	yes	0
tests/atomic_groups/d27/possessive_spellings.rxt:44	byte	dfa		unanchored	1	97	yes	0
tests/atomic_groups/d27/possessive_spellings.rxt:48	byte	dfa		unanchored	3	99	yes	0
tests/atomic_groups/d27/possessive_spellings.rxt:52	byte	vm	hybrid	unanchored	2	97	yes	0
tests/atomic_groups/d27/possessive_spellings.rxt:57	byte	dfa		unanchored	1	97	yes	0
tests/atomic_groups/d27/possessive_spellings.rxt:61	byte	dfa		unanchored	1	97	yes	0
tests/atomic_groups/d27/possessive_spellings.rxt:66	byte	dfa		unanchored	1	98	no	0
tests/atomic_groups/d27/possessive_spellings.rxt:73	byte	vm	hybrid	unanchored	1	97	yes	0
tests/atomic_groups/d27/possessive_spellings.rxt:79	byte	dfa		unanchored	1	97	yes	0
tests/atomic_groups/d27/possessive_spellings.rxt:83	byte	dfa		unanchored	1	98	no	0
tests/atomic_groups/d27/possessive_spellings.rxt:87	byte	vm	hybrid	unanchored	1	97	yes	0
tests/atomic_groups/d27/possessive_spellings.rxt:92	byte	dfa		unanchored	2	98	yes	0
tests/atomic_groups/d27/possessive_spellings.rxt:96	byte	vm	hybrid	unanchored	1	97	yes	0
tests/atomic_groups/d27/possessive_spellings.rxt:101	byte	dfa		unanchored	2	99	yes	0
tests/atomic_groups/d27/possessive_spellings.rxt:105	byte	dfa		unanchored	0	-	-	0
tests/atomic_groups/d27/possessive_spellings.rxt:114	byte	vm	none		0	-	-	0
tests/atomic_groups/d27/possessive_spellings.rxt:118	byte	vm	hybrid	unanchored	1	97	yes	0
tests/atomic_groups/d27/possessive_spellings.rxt:127	byte	dfa		unanchored	1	97	yes	0
tests/atomic_groups/d27/possessive_spellings.rxt:139	byte	dfa		unanchored	1	97	yes	0
tests/atomic_groups/d27/possessive_spellings.rxt:143	byte	dfa		unanchored	1	97	yes	0
tests/atomic_groups/d27/possessive_spellings.rxt:147	byte	dfa		unanchored	0	-	-	0
tests/atomic_groups/d27/possessive_spellings.rxt:151	byte	dfa		unanchored	0	-	-	0
tests/atomic_groups/d27/possessive_spellings.rxt:169	byte	vm	hybrid	unanchored	255	99	yes	1
tests/atomic_groups/d27/possessive_spellings.rxt:173	byte	dfa		unanchored	256	98	yes	1
tests/atomic_groups/d27/possessive_spellings.rxt:177	byte	dfa		unanchored	10	-	-	0
tests/atomic_groups/d27/possessive_spellings.rxt:183	byte	vm	hybrid	unanchored	10	-	-	0
tests/atomic_groups/d27/possessive_spellings.rxt:187	byte	vm	none		0	-	-	0
tests/atomic_groups/possessive.rxt:73	byte	dfa		unanchored	256	34	yes	1
tests/atomic_groups/possessive.rxt:93	byte	dfa		unanchored	1	99	no	0
tests/atomic_groups/possessive.rxt:108	byte	vm	hybrid	unanchored	1	97	yes	0
tests/atomic_groups/possessive.rxt:119	byte	dfa		unanchored	2	98	yes	0
tests/atomic_groups/possessive.rxt:143	byte	dfa		unanchored	1	97	yes	0
tests/atomic_groups/possessive.rxt:165	byte	dfa		unanchored	2	98	yes	0
tests/atomic_groups/possessive.rxt:179	byte	vm	hybrid	unanchored	1	97	yes	0
tests/atomic_groups/possessive.rxt:189	byte	dfa		unanchored	1	98	no	0
tests/atomic_groups/possessive.rxt:205	byte	vm	hybrid	unanchored	2	99	yes	0
tests/atomic_groups/possessive.rxt:218	byte	vm	hybrid	unanchored	1	99	no	0
tests/atomic_groups/possessive.rxt:229	byte	vm	hybrid	unanchored	2	99	yes	0
tests/atomic_groups/possessive.rxt:255	byte	dfa		unanchored	1	99	no	0
tests/atomic_groups/possessive.rxt:264	byte	dfa		unanchored	2	98	yes	0
tests/atomic_groups/possessive.rxt:272	byte	vm	hybrid	unanchored	1	97	yes	0
tests/atomic_groups/possessive.rxt:286	byte	vm	hybrid	unanchored	2	98	yes	0
tests/atomic_groups/possessive.rxt:296	byte	vm	hybrid	unanchored	2	98	yes	0
tests/atomic_groups/possessive.rxt:305	byte	vm	hybrid	unanchored	2	98	yes	0
tests/atomic_groups/possessive.rxt:313	byte	vm	hybrid	unanchored	2	98	yes	0
tests/atomic_groups/possessive.rxt:328	byte	vm	hybrid	unanchored	1	97	yes	0
tests/atomic_groups/possessive.rxt:342	byte	vm	hybrid	unanchored	1	97	yes	0
tests/atomic_groups/possessive.rxt:353	byte	vm	hybrid	unanchored	1	97	yes	0
tests/atomic_groups/possessive.rxt:364	byte	vm	hybrid	unanchored	1	99	no	0
tests/atomic_groups/possessive.rxt:374	byte	vm	hybrid	unanchored	1	97	yes	0
tests/atomic_groups/possessive.rxt:402	byte	dfa		unanchored	2	97	yes	0
tests/atomic_groups/possessive.rxt:407	byte	dfa		unanchored	2	97	yes	0
tests/atomic_groups/possessive.rxt:412	byte	dfa		unanchored	3	97	yes	0
tests/atomic_groups/possessive.rxt:424	byte	dfa		unanchored	2	97	yes	0
tests/atomic_groups/possessive.rxt:430	byte	vm	hybrid	unanchored	2	97	yes	0
tests/atomic_groups/possessive.rxt:482	byte	vm	hybrid	unanchored	1	98	no	0
tests/atomic_groups/possessive.rxt:488	byte	vm	hybrid	unanchored	1	98	no	0
tests/atomic_groups/possessive.rxt:493	byte	vm	hybrid	unanchored	2	98	yes	0
tests/atomic_groups/possessive.rxt:497	byte	vm	hybrid	unanchored	1	98	no	0
tests/atomic_groups/possessive.rxt:501	byte	vm	hybrid	unanchored	1	98	no	0
tests/atomic_groups/possessive.rxt:507	byte	vm	hybrid	unanchored	1	98	no	0
tests/atomic_groups/possessive.rxt:512	byte	vm	hybrid	unanchored	1	98	no	0
tests/atomic_groups/possessive.rxt:518	byte	vm	hybrid	unanchored	1	98	no	0
tests/atomic_groups/possessive.rxt:523	byte	vm	hybrid	unanchored	1	98	no	0
tests/atomic_groups/possessive.rxt:530	byte	vm	hybrid	unanchored	1	98	no	0
tests/atomic_groups/possessive.rxt:538	byte	vm	hybrid	unanchored	1	98	no	0
tests/atomic_groups/possessive.rxt:544	byte	vm	hybrid	unanchored	2	98	yes	0
tests/atomic_groups/possessive.rxt:549	byte	vm	hybrid	unanchored	2	98	yes	0
tests/atomic_groups/possessive.rxt:560	byte	vm	hybrid	unanchored	1	98	no	0
tests/atomic_groups/possessive.rxt:564	byte	dfa		unanchored	1	98	no	0
tests/atomic_groups/possessive.rxt:575	byte	vm	hybrid	unanchored	1	98	no	0
tests/atomic_groups/possessive.rxt:580	byte	vm	hybrid	unanchored	1	98	no	0
tests/atomic_groups/possessive.rxt:584	byte	vm	hybrid	unanchored	1	98	no	0
tests/atomic_groups/possessive.rxt:588	byte	vm	hybrid	unanchored	1	98	no	0
tests/atomic_groups/possessive.rxt:599	byte	dfa		unanchored	1	98	no	0
tests/backrefs/caseless.rxt:29	byte	vm	none		1	97	yes	0
tests/backrefs/caseless.rxt:38	byte	vm	none		2	-	-	0
tests/backrefs/caseless.rxt:50	byte	vm	none		2	-	-	0
tests/backrefs/caseless.rxt:60	byte	vm	none		2	-	-	0
tests/backrefs/caseless.rxt:71	byte	vm	none		2	-	-	0
tests/backrefs/caseless.rxt:86	byte	vm	none		2	-	-	0
tests/backrefs/caseless.rxt:101	byte	vm	none		1	223	yes	0
tests/backrefs/caseless.rxt:107	byte	vm	none		2	-	-	0
tests/backrefs/caseless.rxt:113	byte	vm	none		2	-	-	0
tests/backrefs/caseless.rxt:125	byte	vm	none		63	-	-	0
tests/backrefs/caseless.rxt:132	byte	vm	none		1	181	yes	0
tests/backrefs/caseless.rxt:137	byte	vm	none		1	255	yes	0
tests/backrefs/caseless_ucp.rxt:19	byte	vm	none		255	-	-	0
tests/backrefs/caseless_ucp.rxt:65	byte	vm	none		255	-	-	0
tests/backrefs/caseless_ucp.rxt:112	byte	vm	none		1	233	yes	0
tests/backrefs/caseless_ucp.rxt:122	byte	vm	none		255	-	-	0
tests/backrefs/caseless_ucp.rxt:215	byte	vm	none		255	-	-	0
tests/backrefs/caseless_ucp.rxt:225	byte	vm	none		1	233	yes	0
tests/backrefs/caseless_ucp.rxt:234	byte	vm	none		2	-	-	0
tests/backrefs/caseless_ucp.rxt:242	byte	vm	none		1	233	yes	0
tests/backrefs/caseless_ucp.rxt:250	byte	vm	none		1	233	yes	0
tests/backrefs/caseless_ucp.rxt:262	byte	vm	none		2	-	-	0
tests/backrefs/caseless_ucp.rxt:274	byte	vm	none		2	-	-	0
tests/backrefs/caseless_ucp.rxt:288	byte	vm	none		2	-	-	0
tests/backrefs/caseless_ucp.rxt:298	utf8	vm	none		2	-	-	0
tests/backrefs/caseless_ucp.rxt:310	utf8	vm	none		1	195	yes	0
tests/backrefs/caseless_ucp.rxt:322	utf8	vm	none		1	195	yes	0
tests/backrefs/d27/caseless.rxt:72	byte	vm	none		1	192	yes	0
tests/backrefs/d27/dupnames.rxt:39	byte	vm	none		1	120	yes	0
tests/backrefs/d27/dupnames.rxt:50	byte	vm	none		2	-	-	0
tests/backrefs/d27/dupnames.rxt:59	byte	vm	none		2	121	yes	0
tests/backrefs/d27/dupnames.rxt:70	byte	vm	none		1	122	no	0
tests/backrefs/d27/dupnames.rxt:104	byte	vm	none		3	-	-	0
tests/backrefs/d27/dupnames.rxt:125	byte	vm	none		1	120	yes	0
tests/backrefs/d27/dupnames.rxt:133	byte	vm	none		1	120	yes	0
tests/backrefs/d27/dupnames.rxt:143	byte	vm	none		1	120	yes	0
tests/backrefs/d27/dupnames.rxt:149	byte	vm	none		1	120	yes	0
tests/backrefs/d27/dupnames.rxt:158	byte	vm	none		1	120	yes	0
tests/backrefs/d27/dupnames.rxt:164	byte	vm	none		1	120	yes	0
tests/backrefs/d27/dupnames.rxt:175	byte	vm	hybrid	unanchored	1	120	yes	0
tests/backrefs/d27/gating.rxt:44	byte	vm	none		1	97	yes	0
tests/backrefs/d27/gating.rxt:82	byte	vm	none		1	97	yes	0
tests/backrefs/d27/gating.rxt:58	byte	vm	hybrid	unanchored	2	-	-	0
tests/backrefs/d27/gating.rxt:89	byte	vm	none		1	97	yes	0
tests/backrefs/d27/gating.rxt:103	byte	dfa		unanchored	1	97	yes	0
tests/backrefs/d27/gating.rxt:130	byte	vm	hybrid	unanchored	1	120	yes	0
tests/backrefs/d27/interactions.rxt:24	byte	vm	none		2	98	yes	0
tests/backrefs/d27/interactions.rxt:33	byte	vm	none		1	98	no	0
tests/backrefs/d27/interactions.rxt:42	byte	vm	none		1	98	no	0
tests/backrefs/d27/interactions.rxt:55	byte	vm	none		1	97	yes	0
tests/backrefs/d27/interactions.rxt:65	byte	vm	none		1	97	yes	0
tests/backrefs/d27/interactions.rxt:74	byte	vm	none		1	97	yes	0
tests/backrefs/d27/numeric.rxt:19	byte	vm	none		0	-	-	0
tests/backrefs/d27/numeric.rxt:25	byte	vm	none		2	122	no	0
tests/backrefs/d27/numeric.rxt:38	byte	vm	none		1	97	yes	0
tests/backrefs/d27/numeric.rxt:44	byte	vm	none		0	97	no	0
tests/backrefs/d27/numeric.rxt:53	byte	vm	none		0	98	no	0
tests/backrefs/d27/numeric.rxt:63	byte	vm	none		0	-	-	0
tests/backrefs/d27/numeric.rxt:73	byte	vm	none		1	97	yes	0
tests/backrefs/d27/numeric.rxt:80	byte	vm	none		63	-	-	0
tests/backrefs/d27/numeric.rxt:89	byte	vm	none		2	-	-	0
tests/backrefs/d27/numeric.rxt:94	byte	vm	none		2	120	no	0
tests/backrefs/d27/numeric.rxt:105	byte	vm	none		2	-	-	0
tests/backrefs/d27/numeric.rxt:110	byte	vm	none		2	121	no	0
tests/backrefs/d27/octal.rxt:28	byte	vm	none		0	97	no	0
tests/backrefs/d27/octal.rxt:37	byte	vm	hybrid	unanchored	1	8	yes	0
tests/backrefs/d27/octal.rxt:44	byte	vm	none		1	106	no	0
tests/backrefs/d27/octal.rxt:53	byte	vm	hybrid	unanchored	1	8	no	0
tests/backrefs/d27/octal.rxt:63	byte	vm	hybrid	unanchored	1	1	no	0
tests/backrefs/d27/octal.rxt:72	byte	vm	none		1	98	no	0
tests/backrefs/d27/octal.rxt:78	byte	vm	none		1	98	no	0
tests/backrefs/d27/octal.rxt:94	byte	dfa		unanchored	1	0	yes	0
tests/backrefs/d27/octal.rxt:99	byte	dfa		unanchored	1	1	yes	0
tests/backrefs/d27/octal.rxt:104	byte	dfa		unanchored	1	10	yes	0
tests/backrefs/d27/octal.rxt:111	byte	dfa		unanchored	1	51	no	0
tests/backrefs/d27/octal.rxt:119	byte	dfa		unanchored	1	65	yes	0
tests/backrefs/d27/octal.rxt:136	byte	dfa		unanchored	1	56	yes	0
tests/backrefs/d27/octal.rxt:142	byte	dfa		unanchored	1	57	yes	0
tests/backrefs/d27/octal.rxt:147	byte	dfa		unanchored	1	107	yes	0
tests/backrefs/d27/octal.rxt:152	byte	dfa		unanchored	1	103	yes	0
tests/backrefs/d27/spellings.rxt:19	byte	vm	none		2	-	-	0
tests/backrefs/d27/spellings.rxt:28	byte	vm	none		1	98	no	0
tests/backrefs/d27/spellings.rxt:36	byte	vm	none		1	98	no	0
tests/backrefs/d27/spellings.rxt:46	byte	vm	none		1	98	no	0
tests/backrefs/d27/spellings.rxt:52	byte	vm	none		1	98	no	0
tests/backrefs/d27/spellings.rxt:58	byte	vm	none		0	97	no	0
tests/backrefs/d27/spellings.rxt:73	byte	vm	none		1	97	yes	0
tests/backrefs/d27/spellings.rxt:79	byte	vm	none		1	97	yes	0
tests/backrefs/d27/spellings.rxt:95	byte	vm	none		1	97	yes	0
tests/backrefs/d27/spellings.rxt:106	byte	vm	none		1	97	yes	0
tests/backrefs/d27/spellings.rxt:136	byte	vm	hybrid	unanchored	2	-	-	0
tests/backrefs/dupnames.rxt:30	byte	vm	hybrid	attempt	1	120	yes	0
tests/backrefs/dupnames.rxt:39	byte	vm	hybrid	attempt	1	120	yes	0
tests/backrefs/dupnames.rxt:47	byte	vm	hybrid	attempt	1	120	yes	0
tests/backrefs/dupnames.rxt:74	byte	vm	hybrid	attempt	1	113	no	0
tests/backrefs/dupnames.rxt:83	byte	vm	hybrid	attempt	1	120	yes	0
tests/backrefs/dupnames.rxt:92	byte	vm	hybrid	attempt	1	120	yes	0
tests/backrefs/dupnames.rxt:135	byte	vm	none		3	-	-	0
tests/backrefs/dupnames.rxt:154	byte	vm	none		3	-	-	0
tests/backrefs/dupnames.rxt:172	byte	vm	none		2	-	-	0
tests/backrefs/dupnames.rxt:181	byte	vm	none		2	-	-	0
tests/backrefs/dupnames.rxt:194	byte	vm	none		2	-	-	0
tests/backrefs/dupnames.rxt:202	byte	vm	none		2	-	-	0
tests/backrefs/dupnames.rxt:210	byte	vm	none		2	-	-	0
tests/backrefs/dupnames.rxt:218	byte	vm	none		2	-	-	0
tests/backrefs/dupnames.rxt:243	byte	vm	none		2	-	-	0
tests/backrefs/dupnames.rxt:253	byte	vm	none		1	120	yes	0
tests/backrefs/gated.rxt:29	byte	vm	none		1	97	yes	0
tests/backrefs/gated.rxt:37	byte	vm	none		1	97	yes	0
tests/backrefs/gated.rxt:45	byte	vm	none		1	97	yes	0
tests/backrefs/gated.rxt:52	byte	vm	none		1	97	yes	0
tests/backrefs/gated.rxt:60	byte	vm	none		1	120	yes	0
tests/backrefs/gated.rxt:71	byte	dfa		attempt	1	1	yes	0
tests/backrefs/nested.rxt:39	byte	vm	none		2	-	-	0
tests/backrefs/nested.rxt:47	byte	vm	none		1	98	no	0
tests/backrefs/nested.rxt:70	byte	vm	none		2	120	no	0
tests/backrefs/nested.rxt:81	byte	vm	none		1	98	no	0
tests/backrefs/nested.rxt:86	byte	vm	none		1	98	no	0
tests/backrefs/numeric.rxt:36	byte	vm	none		2	-	-	0
tests/backrefs/numeric.rxt:43	byte	vm	none		2	-	-	0
tests/backrefs/numeric.rxt:51	byte	vm	none		2	-	-	0
tests/backrefs/numeric.rxt:71	byte	vm	none		0	-	-	0
tests/backrefs/numeric.rxt:80	byte	vm	none		0	-	-	0
tests/backrefs/numeric.rxt:92	byte	vm	none		1	97	yes	0
tests/backrefs/numeric.rxt:100	byte	vm	none		63	-	-	0
tests/backrefs/numeric.rxt:114	byte	vm	none		0	-	-	0
tests/backrefs/numeric.rxt:128	byte	vm	none		256	98	yes	0
tests/backrefs/numeric.rxt:138	byte	vm	none		0	-	-	0
tests/backrefs/numeric.rxt:145	byte	vm	none		0	-	-	0
tests/backrefs/numeric.rxt:164	byte	vm	none		63	-	-	0
tests/backrefs/numeric.rxt:182	byte	vm	none		1	106	no	0
tests/backrefs/octal.rxt:28	byte	dfa		attempt	1	0	yes	0
tests/backrefs/octal.rxt:33	byte	dfa		attempt	1	10	yes	0
tests/backrefs/octal.rxt:39	byte	dfa		attempt	1	31	yes	0
tests/backrefs/octal.rxt:45	byte	vm	hybrid	attempt	1	0	no	0
tests/backrefs/octal.rxt:58	byte	vm	none		256	97	yes	0
tests/backrefs/octal.rxt:81	byte	vm	none		1	98	no	0
tests/backrefs/octal.rxt:101	byte	vm	hybrid	attempt	1	8	no	0
tests/backrefs/octal.rxt:110	byte	vm	hybrid	attempt	1	8	yes	0
tests/backrefs/octal.rxt:128	byte	vm	hybrid	attempt	1	1	no	0
tests/backrefs/octal.rxt:136	byte	vm	hybrid	attempt	1	106	no	0
tests/backrefs/octal.rxt:141	byte	dfa		attempt	1	83	yes	0
tests/backrefs/octal.rxt:175	byte	dfa		attempt	1	255	yes	0
tests/backrefs/octal_class.rxt:34	byte	dfa		attempt	1	8	yes	0
tests/backrefs/octal_class.rxt:42	byte	dfa		attempt	1	56	yes	0
tests/backrefs/octal_class.rxt:49	byte	dfa		attempt	1	57	yes	0
tests/backrefs/octal_class.rxt:56	byte	dfa		attempt	1	107	yes	0
tests/backrefs/octal_class.rxt:62	byte	dfa		attempt	1	103	yes	0
tests/backrefs/octal_class.rxt:69	byte	dfa		attempt	2	-	-	0
tests/backrefs/octal_class.rxt:77	byte	dfa		attempt	2	-	-	0
tests/backrefs/octal_class.rxt:85	byte	dfa		attempt	4	-	-	0
tests/backrefs/octal_class.rxt:93	byte	dfa		attempt	1	255	yes	0
tests/backrefs/octal_class.rxt:102	byte	dfa		attempt	1	0	yes	0
tests/backrefs/octal_class.rxt:106	byte	dfa		attempt	7	-	-	0
tests/backrefs/octal_class.rxt:113	byte	vm	hybrid	attempt	1	1	no	0
tests/backrefs/selfref.rxt:44	byte	vm	none		0	97	no	0
tests/backrefs/selfref.rxt:78	byte	vm	none		2	-	-	0
tests/backrefs/selfref.rxt:87	byte	vm	none		2	99	no	0
tests/backrefs/selfref.rxt:128	byte	vm	none		2	120	no	0
tests/backrefs/selfref.rxt:134	byte	vm	none		2	-	-	0
tests/backrefs/spellings.rxt:30	byte	vm	none		1	97	yes	0
tests/backrefs/spellings.rxt:47	byte	vm	none		1	97	yes	0
tests/backrefs/spellings.rxt:83	byte	vm	none		256	97	yes	0
tests/backrefs/spellings.rxt:90	byte	vm	none		1	97	yes	0
tests/backrefs/spellings.rxt:99	byte	vm	none		1	98	no	0
tests/backrefs/spellings.rxt:107	byte	vm	none		1	97	yes	0
tests/backrefs/spellings.rxt:115	byte	vm	none		1	97	yes	0
tests/backrefs/spellings.rxt:174	byte	vm	none		1	97	yes	0
tests/backrefs/spellings.rxt:182	byte	vm	none		1	97	yes	0
tests/backrefs/spellings.rxt:190	byte	vm	none		1	97	yes	0
tests/backrefs/spellings.rxt:197	byte	vm	none		1	120	yes	0
tests/backrefs/spellings.rxt:241	byte	vm	none		1	97	yes	0
tests/backrefs/spellings.rxt:277	byte	vm	hybrid	attempt	2	-	-	0
tests/backrefs/spellings.rxt:282	byte	vm	hybrid	attempt	2	-	-	0
tests/base/alternation.rxt:3	byte	dfa		unanchored	2	-	-	0
tests/base/alternation.rxt:8	byte	dfa		unanchored	2	-	-	0
tests/base/alternation.rxt:13	byte	dfa		unanchored	1	97	yes	0
tests/base/alternation.rxt:16	byte	dfa		unanchored	1	97	yes	0
tests/base/alternation.rxt:19	byte	dfa		unanchored	0	-	-	0
tests/base/alternation.rxt:23	byte	dfa		unanchored	0	-	-	0
tests/base/alternation.rxt:26	byte	dfa		unanchored	3	-	-	0
tests/base/alternation.rxt:31	byte	dfa		unanchored	1	102	yes	0
tests/base/alternation.rxt:34	byte	dfa		unanchored	1	102	yes	0
tests/base/alternation.rxt:37	byte	vm	hybrid	unanchored	2	99	no	0
tests/base/alternation.rxt:42	byte	vm	hybrid	unanchored	1	120	yes	0
tests/base/alternation.rxt:46	byte	dfa		unanchored	1	97	yes	0
tests/base/alternation.rxt:49	byte	vm	hybrid	unanchored	2	-	-	0
tests/base/alternation_trie.rxt:21	byte	dfa		unanchored	1	97	yes	0
tests/base/alternation_trie.rxt:27	byte	dfa		unanchored	1	97	yes	0
tests/base/alternation_trie.rxt:31	byte	dfa		unanchored	1	97	yes	0
tests/base/alternation_trie.rxt:36	byte	dfa		unanchored	1	97	yes	0
tests/base/alternation_trie.rxt:40	byte	dfa		unanchored	1	97	yes	0
tests/base/alternation_trie.rxt:45	byte	dfa		unanchored	1	102	yes	0
tests/base/alternation_trie.rxt:48	byte	dfa		unanchored	2	-	-	0
tests/base/alternation_trie.rxt:51	byte	dfa		unanchored	3	-	-	0
tests/base/alternation_trie.rxt:57	byte	dfa		unanchored	3	-	-	0
tests/base/alternation_trie.rxt:62	byte	dfa		unanchored	4	-	-	0
tests/base/alternation_trie.rxt:67	byte	dfa		unanchored	4	102	no	0
tests/base/alternation_trie.rxt:76	byte	dfa		unanchored	2	-	-	0
tests/base/alternation_trie.rxt:79	byte	dfa		unanchored	2	-	-	0
tests/base/alternation_trie.rxt:82	byte	dfa		unanchored	2	-	-	0
tests/base/alternation_trie.rxt:88	byte	dfa		unanchored	1	120	yes	0
tests/base/alternation_trie.rxt:93	byte	vm	hybrid	unanchored	1	99	yes	0
tests/base/alternation_trie.rxt:97	byte	dfa		unanchored	1	102	yes	0
tests/base/alternation_trie.rxt:100	byte	vm	hybrid	attempt	1	112	no	0
tests/base/alternation_trie.rxt:105	byte	vm	hybrid	unanchored	1	103	no	0
tests/base/alternation_trie.rxt:111	byte	dfa		unanchored	1	122	no	0
tests/base/alternation_trie.rxt:122	byte	dfa		unanchored	1	102	yes	0
tests/base/alternation_trie.rxt:127	byte	dfa		unanchored	3	-	-	0
tests/base/alternation_trie.rxt:133	byte	dfa		unanchored	2	-	-	0
tests/base/alternation_trie.rxt:138	byte	dfa		unanchored	2	-	-	0
tests/base/alternation_trie.rxt:143	byte	dfa		unanchored	1	102	yes	0
tests/base/alternation_trie.rxt:147	byte	dfa		unanchored	0	-	-	0
tests/base/alternation_trie.rxt:149	byte	dfa		unanchored	2	-	-	0
tests/base/anchors.rxt:3	byte	dfa		attempt	1	97	yes	0
tests/base/anchors.rxt:21	byte	dfa		attempt	0	-	-	0
tests/base/anchors.rxt:28	byte	dfa		attempt	1	97	yes	0
tests/base/anchors.rxt:32	byte	dfa		attempt	1	98	no	0
tests/base/anchors.rxt:55	byte	dfa		attempt	2	-	-	0
tests/base/bounded_repeats.rxt:3	byte	dfa		unanchored	1	97	yes	0
tests/base/bounded_repeats.rxt:8	byte	dfa		unanchored	1	97	yes	0
tests/base/bounded_repeats.rxt:13	byte	dfa		unanchored	1	97	yes	0
tests/base/bounded_repeats.rxt:17	byte	dfa		unanchored	0	-	-	0
tests/base/bounded_repeats.rxt:21	byte	dfa		unanchored	0	-	-	0
tests/base/bounded_repeats.rxt:25	byte	dfa		unanchored	1	97	yes	0
tests/base/bounded_repeats.rxt:29	byte	dfa		unanchored	1	97	yes	0
tests/base/bounded_repeats.rxt:32	byte	dfa		unanchored	1	97	yes	0
tests/base/bounded_repeats.rxt:36	byte	dfa		unanchored	1	98	no	0
tests/base/bounded_repeats.rxt:42	byte	vm	hybrid	unanchored	1	98	no	0
tests/base/bounded_repeats.rxt:47	byte	dfa		unanchored	1	123	no	0
tests/base/bounded_repeats.rxt:51	byte	dfa		unanchored	1	123	no	0
tests/base/bounded_repeats.rxt:55	byte	dfa		unanchored	1	120	yes	0
tests/base/bounded_repeats.rxt:73	byte	dfa		unanchored	1	97	yes	0
tests/base/bounded_repeats.rxt:82	byte	dfa		unanchored	1	97	yes	0
tests/base/bounded_repeats.rxt:87	byte	dfa		unanchored	1	97	yes	0
tests/base/bounded_repeats.rxt:92	byte	dfa		unanchored	1	97	yes	0
tests/base/bounded_repeats.rxt:99	byte	dfa		unanchored	1	97	yes	0
tests/base/bounded_repeats.rxt:105	byte	dfa		unanchored	1	97	yes	0
tests/base/bounded_repeats.rxt:110	byte	dfa		unanchored	0	-	-	0
tests/base/bounded_repeats.rxt:120	byte	dfa		unanchored	1	97	yes	0
tests/base/bounded_repeats.rxt:125	byte	dfa		unanchored	0	-	-	0
tests/base/bounded_repeats.rxt:129	byte	vm	hybrid	unanchored	2	99	no	0
tests/base/caseless.rxt:21	byte	dfa		unanchored	2	65,97	yes	0
tests/base/caseless.rxt:30	byte	dfa		unanchored	2	65,97	yes	0
tests/base/caseless.rxt:36	byte	dfa		unanchored	10	45	no	0
tests/base/caseless.rxt:43	byte	dfa		unanchored	2	-	-	0
tests/base/caseless.rxt:51	byte	dfa		unanchored	52	-	-	0
tests/base/caseless.rxt:58	byte	dfa		unanchored	52	-	-	0
tests/base/caseless.rxt:63	byte	dfa		unanchored	22	-	-	0
tests/base/caseless.rxt:70	byte	dfa		unanchored	254	-	-	0
tests/base/caseless.rxt:77	byte	dfa		unanchored	254	-	-	0
tests/base/caseless.rxt:83	byte	dfa		unanchored	204	-	-	0
tests/base/caseless.rxt:91	byte	dfa		unanchored	246	-	-	0
tests/base/caseless.rxt:99	byte	vm	hybrid	unanchored	4	-	-	0
tests/base/caseless.rxt:106	byte	dfa		attempt	2	69,101	yes	0
tests/base/caseless.rxt:111	byte	dfa		unanchored	2	76,108	yes	0
tests/base/caseless.rxt:116	byte	dfa		unanchored	2	-	-	0
tests/base/caseless.rxt:122	byte	vm	hybrid	unanchored	2	-	-	0
tests/base/caseless.rxt:128	byte	dfa		unanchored	1	233	yes	0
tests/base/caseless.rxt:133	byte	dfa		unanchored	128	-	-	0
tests/base/caseless.rxt:141	byte	dfa		unanchored	1	98	no	0
tests/base/caseless.rxt:145	byte	dfa		unanchored	255	-	-	0
tests/base/caseless.rxt:149	byte	dfa		unanchored	26	-	-	0
tests/base/class_brackets.rxt:21	byte	dfa		unanchored	4	-	-	0
tests/base/class_brackets.rxt:32	byte	dfa		unanchored	6	-	-	0
tests/base/class_brackets.rxt:42	byte	dfa		unanchored	2	93	no	0
tests/base/class_brackets.rxt:51	byte	dfa		unanchored	2	-	-	0
tests/base/class_brackets.rxt:60	byte	dfa		unanchored	1	58	yes	0
tests/base/class_brackets.rxt:68	byte	dfa		unanchored	2	-	-	0
tests/base/class_brackets.rxt:77	byte	dfa		unanchored	2	120	no	0
tests/base/class_brackets.rxt:94	byte	dfa		unanchored	2	120	no	0
tests/base/class_brackets.rxt:103	byte	dfa		unanchored	4	93	no	0
tests/base/class_brackets.rxt:120	byte	dfa		unanchored	3	93	no	0
tests/base/class_brackets.rxt:137	byte	dfa		unanchored	2	93	no	0
tests/base/class_brackets.rxt:154	byte	dfa		unanchored	4	120	no	0
tests/base/class_brackets.rxt:171	byte	dfa		unanchored	3	93	no	0
tests/base/class_brackets.rxt:188	byte	dfa		unanchored	4	-	-	0
tests/base/class_escape_fallbacks.rxt:20	byte	dfa		unanchored	1	0	yes	0
tests/base/class_escape_fallbacks.rxt:25	byte	dfa		unanchored	1	1	yes	0
tests/base/class_escape_fallbacks.rxt:30	byte	dfa		unanchored	1	7	yes	0
tests/base/class_escape_fallbacks.rxt:36	byte	dfa		unanchored	1	10	yes	0
tests/base/class_escape_fallbacks.rxt:41	byte	dfa		unanchored	1	83	yes	0
tests/base/class_escape_fallbacks.rxt:46	byte	dfa		unanchored	2	-	-	0
tests/base/class_escape_fallbacks.rxt:51	byte	dfa		unanchored	2	-	-	0
tests/base/class_escape_fallbacks.rxt:56	byte	dfa		unanchored	2	-	-	0
tests/base/class_escape_fallbacks.rxt:61	byte	dfa		unanchored	1	63	yes	0
tests/base/class_escape_fallbacks.rxt:66	byte	dfa		unanchored	1	255	yes	0
tests/base/class_escape_fallbacks.rxt:70	byte	dfa		unanchored	2	-	-	0
tests/base/class_escape_fallbacks.rxt:75	byte	dfa		unanchored	2	-	-	0
tests/base/class_escape_fallbacks.rxt:80	byte	dfa		unanchored	1	98	no	0
tests/base/class_escape_fallbacks.rxt:87	byte	dfa		unanchored	7	-	-	0
tests/base/class_escape_fallbacks.rxt:94	byte	dfa		unanchored	8	-	-	0
tests/base/class_escape_fallbacks.rxt:99	byte	dfa		unanchored	3	-	-	0
tests/base/class_escape_fallbacks.rxt:104	byte	dfa		unanchored	83	-	-	0
tests/base/class_escape_fallbacks.rxt:154	byte	dfa		unanchored	255	-	-	0
tests/base/class_escape_fallbacks.rxt:159	byte	dfa		unanchored	2	-	-	0
tests/base/class_escape_fallbacks.rxt:167	byte	dfa		unanchored	2	-	-	0
tests/base/class_escape_fallbacks.rxt:173	byte	dfa		unanchored	2	-	-	0
tests/base/class_escape_fallbacks.rxt:179	byte	dfa		unanchored	2	-	-	0
tests/base/class_escape_fallbacks.rxt:185	byte	dfa		unanchored	2	-	-	0
tests/base/class_escape_fallbacks.rxt:193	byte	dfa		unanchored	4	-	-	0
tests/base/class_escape_fallbacks.rxt:201	byte	dfa		unanchored	4	-	-	0
tests/base/class_escape_fallbacks.rxt:209	byte	dfa		unanchored	2	-	-	0
tests/base/class_escape_fallbacks.rxt:215	byte	dfa		unanchored	3	-	-	0
tests/base/class_escape_fallbacks.rxt:224	byte	dfa		unanchored	60	-	-	0
tests/base/class_escape_fallbacks.rxt:232	byte	dfa		unanchored	16	-	-	0
tests/base/class_escape_fallbacks.rxt:238	byte	dfa		unanchored	2	-	-	0
tests/base/class_escape_fallbacks.rxt:245	byte	dfa		unanchored	5	-	-	0
tests/base/class_escape_fallbacks.rxt:252	byte	dfa		unanchored	56	-	-	0
tests/base/class_escape_fallbacks.rxt:260	byte	dfa		unanchored	2	-	-	0
tests/base/class_escape_fallbacks.rxt:266	byte	dfa		unanchored	1	120	yes	0
tests/base/classes.rxt:3	byte	dfa		unanchored	3	-	-	0
tests/base/classes.rxt:7	byte	dfa		unanchored	26	-	-	0
tests/base/classes.rxt:11	byte	dfa		unanchored	36	-	-	0
tests/base/classes.rxt:15	byte	dfa		unanchored	253	-	-	0
tests/base/classes.rxt:20	byte	dfa		unanchored	4	-	-	0
tests/base/classes.rxt:24	byte	dfa		unanchored	252	-	-	0
tests/base/classes.rxt:28	byte	dfa		unanchored	2	-	-	0
tests/base/classes.rxt:33	byte	dfa		unanchored	2	-	-	0
tests/base/classes.rxt:36	byte	dfa		unanchored	3	-	-	0
tests/base/classes.rxt:40	byte	dfa		unanchored	1	93	yes	0
tests/base/classes.rxt:44	byte	dfa		unanchored	2	-	-	0
tests/base/classes.rxt:48	byte	dfa		unanchored	3	-	-	0
tests/base/classes.rxt:52	byte	dfa		unanchored	5	-	-	0
tests/base/classes.rxt:57	byte	dfa		unanchored	1	120	yes	0
tests/base/classes.rxt:63	byte	dfa		unanchored	1	93	yes	0
tests/base/classes.rxt:67	byte	dfa		unanchored	255	-	-	0
tests/base/classes.rxt:77	byte	dfa		unanchored	2	-	-	0
tests/base/classes.rxt:81	byte	dfa		unanchored	2	-	-	0
tests/base/classes.rxt:85	byte	dfa		unanchored	254	-	-	0
tests/base/classes.rxt:89	byte	dfa		unanchored	3	-	-	0
tests/base/cls_fold.rxt:24	byte	vm	hybrid	unanchored	2	120	no	0
tests/base/cls_fold.rxt:38	byte	vm	hybrid	unanchored	2	120	no	0
tests/base/cls_fold.rxt:52	byte	vm	hybrid	unanchored	2	-	-	0
tests/base/cls_fold.rxt:68	byte	vm	hybrid	unanchored	2	121	no	0
tests/base/cls_fold.rxt:81	byte	vm	hybrid	unanchored	2	100	no	0
tests/base/cls_fold.rxt:97	byte	vm	hybrid	unanchored	2	65,97	yes	0
tests/base/clskit_range_top.rxt:13	byte	vm	hybrid	unanchored	26	120	yes	1
tests/base/clskit_range_top.rxt:18	byte	dfa		unanchored	26	64	no	1
tests/base/clskit_range_top.rxt:22	byte	vm	hybrid	unanchored	10	45	no	0
tests/base/clskit_range_top.rxt:28	byte	dfa		unanchored	10	122	no	0
tests/base/clspack_atoms.rxt:12	byte	vm	hybrid	unanchored	5	-	-	0
tests/base/clspack_atoms.rxt:33	byte	vm	hybrid	unanchored	5	-	-	0
tests/base/clspack_atoms.rxt:53	byte	vm	hybrid	unanchored	5	-	-	0
tests/base/clspack_atoms.rxt:71	byte	vm	hybrid	unanchored	31	-	-	0
tests/base/clspack_atoms.rxt:95	byte	vm	hybrid	unanchored	32	-	-	0
tests/base/comment_escape.rxt:16	byte	dfa		unanchored	1	33	no	0
tests/base/comment_escape.rxt:24	byte	dfa		unanchored	1	98	no	0
tests/base/d27_bodies.rxt:6	byte	dfa		unanchored	3	-	-	0
tests/base/d27_bodies.rxt:16	byte	dfa		unanchored	3	-	-	0
tests/base/d27_bodies.rxt:26	byte	dfa		unanchored	253	-	-	0
tests/base/d27_bodies.rxt:36	byte	dfa		unanchored	253	-	-	0
tests/base/d27_bodies.rxt:46	byte	dfa		unanchored	3	-	-	0
tests/base/d27_bodies.rxt:54	byte	vm	hybrid	unanchored	2	-	-	0
tests/base/d27_bodies.rxt:72	byte	vm	hybrid	unanchored	2	-	-	0
tests/base/d27_bodies.rxt:87	byte	vm	hybrid	unanchored	1	97	yes	0
tests/base/d27_bodies.rxt:100	byte	vm	hybrid	unanchored	1	97	yes	0
tests/base/d27_bodies.rxt:111	byte	vm	none		0	-	-	0
tests/base/d27_bodies.rxt:124	byte	vm	none		0	-	-	0
tests/base/d27_bodies.rxt:137	byte	dfa		unanchored	1	98	no	0
tests/base/d27_bodies.rxt:145	byte	vm	hybrid	unanchored	1	98	no	0
tests/base/d27_bodies.rxt:157	byte	vm	hybrid	unanchored	1	98	no	0
tests/base/d27_bodies.rxt:166	byte	vm	hybrid	unanchored	1	97	yes	0
tests/base/d27_bodies.rxt:180	byte	vm	none		0	-	-	0
tests/base/d27_bodies.rxt:191	byte	vm	hybrid	unanchored	2	98	yes	0
tests/base/d27_bodies.rxt:203	byte	vm	hybrid	unanchored	1	98	no	0
tests/base/d27_bodies.rxt:214	byte	dfa		unanchored	1	98	no	0
tests/base/d27_captures.rxt:6	byte	vm	hybrid	unanchored	1	97	yes	0
tests/base/d27_captures.rxt:17	byte	vm	hybrid	unanchored	10	45	no	0
tests/base/d27_captures.rxt:28	byte	vm	hybrid	unanchored	2	-	-	0
tests/base/d27_captures.rxt:47	byte	vm	hybrid	unanchored	2	-	-	0
tests/base/d27_captures.rxt:66	byte	vm	hybrid	unanchored	1	97	yes	0
tests/base/d27_captures.rxt:78	byte	vm	hybrid	unanchored	1	98	no	0
tests/base/d27_captures.rxt:90	byte	vm	none		0	-	-	0
tests/base/d27_captures.rxt:109	byte	vm	hybrid	unanchored	1	97	yes	0
tests/base/d27_edge.rxt:6	byte	vm	none		0	-	-	0
tests/base/d27_edge.rxt:21	byte	vm	none		0	-	-	0
tests/base/d27_edge.rxt:56	byte	dfa		unanchored	2	98	yes	0
tests/base/d27_edge.rxt:63	byte	dfa		unanchored	2	98	yes	0
tests/base/d27_edge.rxt:77	byte	dfa		unanchored	1	97	yes	0
tests/base/d27_edge.rxt:85	byte	vm	hybrid	unanchored	1	98	no	0
tests/base/d27_edge.rxt:94	byte	dfa		unanchored	1	97	yes	0
tests/base/d27_edge.rxt:103	byte	vm	hybrid	unanchored	1	97	yes	0
tests/base/d27_edge.rxt:115	byte	vm	hybrid	unanchored	1	97	yes	0
tests/base/d27_edge.rxt:127	byte	vm	hybrid	unanchored	1	97	yes	0
tests/base/d27_edge.rxt:139	byte	dfa		unanchored	1	98	no	0
tests/base/d27_edge.rxt:146	byte	dfa		unanchored	1	98	no	0
tests/base/d27_edge.rxt:153	byte	vm	hybrid	attempt	1	97	yes	0
tests/base/d27_edge.rxt:162	byte	vm	hybrid	unanchored	1	97	yes	0
tests/base/d27_edge.rxt:171	byte	dfa		attempt	1	97	yes	0
tests/base/d27_edge.rxt:180	byte	vm	hybrid	attempt	0	-	-	0
tests/base/d27_edge.rxt:191	byte	dfa		unanchored	2	-	-	0
tests/base/d27_edge.rxt:202	byte	vm	hybrid	unanchored	2	-	-	0
tests/base/d27_forms.rxt:6	byte	dfa		unanchored	2	98	yes	0
tests/base/d27_forms.rxt:15	byte	dfa		unanchored	2	98	yes	0
tests/base/d27_forms.rxt:24	byte	dfa		unanchored	2	98	yes	0
tests/base/d27_forms.rxt:32	byte	dfa		unanchored	2	98	yes	0
tests/base/d27_forms.rxt:40	byte	dfa		unanchored	1	98	no	0
tests/base/d27_forms.rxt:49	byte	dfa		unanchored	1	98	no	0
tests/base/d27_forms.rxt:58	byte	dfa		unanchored	1	98	no	0
tests/base/d27_forms.rxt:68	byte	dfa		unanchored	1	98	no	0
tests/base/d27_forms.rxt:78	byte	dfa		unanchored	1	98	no	0
tests/base/d27_forms.rxt:90	byte	dfa		unanchored	1	98	no	0
tests/base/d27_forms.rxt:102	byte	dfa		unanchored	1	98	no	0
tests/base/d27_forms.rxt:112	byte	dfa		unanchored	1	98	no	0
tests/base/d27_forms.rxt:122	byte	dfa		unanchored	2	98	yes	0
tests/base/d27_forms.rxt:132	byte	dfa		unanchored	2	98	yes	0
tests/base/d27_k23_ambiguous_decomposition.rxt:6	byte	vm	hybrid	unanchored	1	97	yes	0
tests/base/d27_k23_ambiguous_decomposition.rxt:100	byte	vm	hybrid	unanchored	1	97	yes	0
tests/base/d27_k23_ambiguous_decomposition.rxt:114	byte	vm	hybrid	unanchored	1	97	yes	0
tests/base/d27_large_counts.rxt:6	byte	dfa		unanchored	1	97	yes	0
tests/base/d27_large_counts.rxt:13	byte	dfa		unanchored	1	97	yes	0
tests/base/d27_large_counts.rxt:21	byte	dfa		unanchored	1	97	yes	0
tests/base/d27_large_counts.rxt:29	byte	vm	hybrid	unanchored	1	98	no	0
tests/base/d27_large_counts.rxt:37	byte	dfa		unanchored	2	-	-	0
tests/base/d27_large_counts.rxt:43	byte	dfa		unanchored	1	97	yes	0
tests/base/d27_nested_min_boundary.rxt:15	byte	vm	hybrid	unanchored	1	97	yes	0
tests/base/d27_nesting.rxt:6	byte	vm	hybrid	unanchored	1	97	yes	0
tests/base/d27_nesting.rxt:21	byte	vm	hybrid	unanchored	1	97	yes	0
tests/base/d27_nesting.rxt:33	byte	vm	hybrid	unanchored	1	97	yes	0
tests/base/d27_nesting.rxt:45	byte	vm	hybrid	unanchored	1	97	yes	0
tests/base/d27_nesting.rxt:57	byte	vm	hybrid	unanchored	1	97	yes	0
tests/base/d27_nesting.rxt:79	byte	vm	hybrid	unanchored	1	97	yes	0
tests/base/d27_nesting.rxt:100	byte	vm	hybrid	unanchored	1	97	yes	0
tests/base/d27_nesting.rxt:121	byte	vm	hybrid	unanchored	1	97	yes	0
tests/base/d27_nesting.rxt:151	byte	vm	hybrid	unanchored	2	-	-	0
tests/base/d27_nesting.rxt:179	byte	vm	hybrid	unanchored	3	-	-	0
tests/base/dot.rxt:3	byte	dfa		unanchored	255	-	-	0
tests/base/dot.rxt:12	byte	dfa		unanchored	1	99	no	0
tests/base/dot.rxt:17	byte	dfa		unanchored	255	-	-	0
tests/base/dot.rxt:21	byte	dfa		unanchored	1	97	yes	0
tests/base/dot.rxt:24	byte	dfa		unanchored	255	-	-	0
tests/base/dot.rxt:27	byte	dfa		unanchored	0	-	-	0
tests/base/dot.rxt:30	byte	dfa		unanchored	255	-	-	0
tests/base/empty_matches.rxt:3	byte	dfa		unanchored	0	-	-	0
tests/base/empty_matches.rxt:8	byte	dfa		unanchored	0	-	-	0
tests/base/empty_matches.rxt:12	byte	dfa		unanchored	0	-	-	0
tests/base/empty_matches.rxt:16	byte	dfa		unanchored	2	98	yes	0
tests/base/empty_matches.rxt:21	byte	vm	hybrid	unanchored	2	98	yes	0
tests/base/empty_matches.rxt:25	byte	vm	none		0	-	-	0
tests/base/empty_matches.rxt:29	byte	vm	none		0	-	-	0
tests/base/empty_matches.rxt:33	byte	dfa		unanchored	0	-	-	0
tests/base/empty_matches.rxt:41	byte	dfa		unanchored	0	-	-	0
tests/base/empty_matches.rxt:45	byte	dfa		unanchored	0	-	-	0
tests/base/empty_matches.rxt:52	byte	dfa		attempt	0	-	-	0
tests/base/empty_matches.rxt:57	byte	dfa		unanchored	0	-	-	0
tests/base/eol_engine.rxt:12	byte	dfa		unanchored	2	98	yes	0
tests/base/eol_engine.rxt:24	byte	dfa		unanchored	1	10	no	0
tests/base/eol_engine.rxt:29	byte	dfa		unanchored	0	-	-	0
tests/base/eol_engine.rxt:33	byte	dfa		unanchored	0	-	-	0
tests/base/eol_engine.rxt:37	byte	dfa		unanchored	0	-	-	0
tests/base/eol_engine.rxt:42	byte	dfa		unanchored	1	97	yes	0
tests/base/eol_engine.rxt:47	byte	dfa		unanchored	1	97	yes	0
tests/base/eol_engine.rxt:52	byte	dfa		unanchored	0	-	-	0
tests/base/eol_scan_avoidance.rxt:15	byte	dfa		unanchored	255	61	yes	1
tests/base/eol_scan_avoidance.rxt:22	byte	dfa		unanchored	0	-	-	0
tests/base/eol_scan_avoidance.rxt:31	byte	dfa		unanchored	0	-	-	0
tests/base/eol_scan_avoidance.rxt:37	byte	dfa		unanchored	0	-	-	0
tests/base/eol_scan_avoidance.rxt:52	byte	dfa		unanchored	0	-	-	0
tests/base/eol_scan_avoidance.rxt:65	byte	dfa		unanchored	1	97	yes	0
tests/base/eol_scan_avoidance.rxt:89	byte	dfa		unanchored	255	-	-	0
tests/base/eol_scan_avoidance.rxt:147	byte	dfa		unanchored	2	-	-	0
tests/base/eol_scan_avoidance.rxt:162	byte	dfa		unanchored	2	-	-	0
tests/base/eol_scan_avoidance.rxt:172	byte	dfa		unanchored	2	-	-	0
tests/base/eol_scan_avoidance.rxt:180	byte	dfa		unanchored	26	-	-	0
tests/base/eol_scan_avoidance.rxt:188	byte	dfa		unanchored	2	-	-	0
tests/base/eol_scan_avoidance.rxt:198	byte	dfa		unanchored	2	-	-	0
tests/base/eol_scan_avoidance.rxt:222	byte	dfa		unanchored	1	97	yes	0
tests/base/eol_scan_avoidance.rxt:233	byte	dfa		unanchored	1	120	yes	0
tests/base/eol_scan_avoidance.rxt:243	byte	dfa		unanchored	0	-	-	0
tests/base/eol_scan_avoidance.rxt:279	byte	dfa		unanchored	1	120	yes	0
tests/base/eol_scan_avoidance.rxt:290	byte	dfa		unanchored	1	97	yes	0
tests/base/eol_scan_avoidance.rxt:297	byte	dfa		unanchored	0	-	-	0
tests/base/eol_scan_avoidance.rxt:305	byte	dfa		unanchored	0	-	-	0
tests/base/eol_scan_avoidance.rxt:334	byte	dfa		unanchored	27	61	yes	1
tests/base/eol_scan_avoidance.rxt:343	byte	dfa		unanchored	255	61	yes	1
tests/base/eol_scan_avoidance.rxt:349	byte	dfa		unanchored	1	120	yes	0
tests/base/eol_scan_avoidance.rxt:355	byte	dfa		unanchored	255	61	yes	1
tests/base/escapes.rxt:3	byte	dfa		unanchored	1	46	yes	0
tests/base/escapes.rxt:7	byte	dfa		unanchored	1	42	yes	0
tests/base/escapes.rxt:10	byte	dfa		unanchored	1	43	yes	0
tests/base/escapes.rxt:13	byte	dfa		unanchored	1	63	yes	0
tests/base/escapes.rxt:16	byte	dfa		unanchored	1	40	yes	0
tests/base/escapes.rxt:19	byte	dfa		unanchored	1	41	yes	0
tests/base/escapes.rxt:22	byte	dfa		unanchored	1	91	yes	0
tests/base/escapes.rxt:25	byte	dfa		unanchored	1	93	yes	0
tests/base/escapes.rxt:28	byte	dfa		unanchored	1	123	yes	0
tests/base/escapes.rxt:31	byte	dfa		unanchored	1	124	yes	0
tests/base/escapes.rxt:34	byte	dfa		unanchored	1	92	yes	0
tests/base/escapes.rxt:37	byte	dfa		unanchored	1	94	yes	0
tests/base/escapes.rxt:40	byte	dfa		unanchored	1	36	yes	0
tests/base/escapes.rxt:43	byte	dfa		unanchored	1	45	yes	0
tests/base/escapes.rxt:46	byte	dfa		unanchored	1	98	no	0
tests/base/escapes.rxt:50	byte	dfa		unanchored	1	10	yes	0
tests/base/escapes.rxt:53	byte	dfa		unanchored	1	9	yes	0
tests/base/escapes.rxt:56	byte	dfa		unanchored	1	13	yes	0
tests/base/escapes.rxt:59	byte	dfa		unanchored	1	12	yes	0
tests/base/escapes.rxt:62	byte	dfa		unanchored	1	65	yes	0
tests/base/escapes.rxt:65	byte	dfa		unanchored	1	46	yes	0
tests/base/escapes.rxt:68	byte	dfa		unanchored	1	66	no	0
tests/base/escapes.rxt:71	byte	dfa		unanchored	2	-	-	0
tests/base/escapes.rxt:75	byte	dfa		unanchored	1	41	no	0
tests/base/escapes.rxt:78	byte	dfa		unanchored	1	125	no	0
tests/base/escapes.rxt:86	byte	dfa		unanchored	1	7	yes	0
tests/base/escapes.rxt:93	byte	dfa		unanchored	1	27	yes	0
tests/base/escapes.rxt:98	byte	dfa		unanchored	1	8	yes	0
tests/base/fuzz_regressions.rxt:4	byte	dfa		unanchored	0	-	-	0
tests/base/fuzz_regressions.rxt:9	byte	dfa		unanchored	2	98	yes	0
tests/base/fuzz_regressions.rxt:14	byte	dfa		unanchored	2	99	yes	0
tests/base/fuzz_regressions.rxt:21	byte	dfa		unanchored	1	125	no	0
tests/base/fuzz_regressions.rxt:29	byte	dfa		unanchored	1	98	yes	0
tests/base/fuzz_regressions.rxt:32	byte	dfa		unanchored	1	98	yes	0
tests/base/groups.rxt:3	byte	vm	hybrid	unanchored	1	97	yes	0
tests/base/groups.rxt:7	byte	dfa		unanchored	1	97	yes	0
tests/base/groups.rxt:10	byte	vm	hybrid	unanchored	1	98	no	0
tests/base/groups.rxt:14	byte	vm	hybrid	unanchored	1	98	no	0
tests/base/groups.rxt:17	byte	vm	hybrid	unanchored	1	98	no	0
tests/base/groups.rxt:20	byte	dfa		unanchored	1	98	no	0
tests/base/groups.rxt:25	byte	dfa		unanchored	2	-	-	0
tests/base/groups.rxt:29	byte	vm	hybrid	unanchored	1	97	yes	0
tests/base/groups.rxt:32	byte	vm	hybrid	unanchored	1	98	no	0
tests/base/groups.rxt:35	byte	vm	hybrid	unanchored	2	99	no	0
tests/base/groups.rxt:39	byte	dfa		unanchored	1	98	no	0
tests/base/groups.rxt:46	byte	vm	none		0	-	-	0
tests/base/groups.rxt:50	byte	vm	hybrid	unanchored	2	-	-	0
tests/base/groups.rxt:55	byte	vm	hybrid	unanchored	1	98	no	0
tests/base/groups.rxt:58	byte	dfa		unanchored	1	97	yes	0
tests/base/high_bytes.rxt:8	byte	dfa		unanchored	1	128	yes	0
tests/base/high_bytes.rxt:12	byte	dfa		unanchored	1	255	yes	0
tests/base/high_bytes.rxt:16	byte	dfa		unanchored	1	129	yes	0
tests/base/high_bytes.rxt:20	byte	dfa		unanchored	64	-	-	0
tests/base/high_bytes.rxt:31	byte	dfa		unanchored	192	-	-	0
tests/base/high_bytes.rxt:36	byte	dfa		unanchored	1	239	no	0
tests/base/high_bytes.rxt:42	byte	dfa		unanchored	1	255	yes	0
tests/base/high_bytes.rxt:47	byte	dfa		unanchored	2	-	-	0
tests/base/high_bytes.rxt:53	byte	dfa		unanchored	1	98	no	0
tests/base/high_bytes.rxt:58	byte	dfa		unanchored	33	-	-	0
tests/base/high_bytes.rxt:63	byte	dfa		unanchored	128	-	-	0
tests/base/k18_arm_order.rxt:32	byte	dfa		unanchored	0	-	-	0
tests/base/k18_arm_order.rxt:46	byte	dfa		unanchored	0	-	-	0
tests/base/k18_arm_order.rxt:60	byte	vm	none		0	-	-	0
tests/base/k18_arm_order.rxt:74	byte	vm	none		0	-	-	0
tests/base/k18_arm_order.rxt:88	byte	vm	none		0	-	-	0
tests/base/k18_arm_order.rxt:102	byte	vm	none		0	-	-	0
tests/base/k18_arm_order.rxt:116	byte	dfa		unanchored	0	-	-	0
tests/base/k18_arm_order.rxt:130	byte	dfa		unanchored	0	-	-	0
tests/base/k18_arm_order.rxt:144	byte	dfa		unanchored	0	-	-	0
tests/base/k18_arm_order.rxt:158	byte	dfa		unanchored	0	-	-	0
tests/base/k18_arm_order.rxt:172	byte	dfa		unanchored	0	-	-	0
tests/base/k18_arm_order.rxt:186	byte	dfa		unanchored	0	-	-	0
tests/base/k18_arm_order.rxt:200	byte	dfa		unanchored	0	-	-	0
tests/base/k18_arm_order.rxt:214	byte	dfa		unanchored	0	-	-	0
tests/base/k18_arm_order.rxt:228	byte	dfa		unanchored	0	-	-	0
tests/base/k18_arm_order.rxt:242	byte	dfa		unanchored	0	-	-	0
tests/base/k18_arm_order.rxt:256	byte	dfa		unanchored	0	-	-	0
tests/base/k18_arm_order.rxt:274	byte	dfa		unanchored	0	-	-	0
tests/base/k18_arm_order.rxt:292	byte	dfa		attempt	0	-	-	0
tests/base/k18_arm_order.rxt:306	byte	dfa		attempt	0	-	-	0
tests/base/k18_arm_order.rxt:320	byte	dfa		unanchored	0	-	-	0
tests/base/k18_arm_order.rxt:334	byte	dfa		unanchored	0	-	-	0
tests/base/k18_arm_order.rxt:348	byte	dfa		unanchored	0	-	-	0
tests/base/k18_arm_order.rxt:362	byte	dfa		unanchored	0	-	-	0
tests/base/k18_arm_order.rxt:376	byte	dfa		unanchored	0	-	-	0
tests/base/k18_arm_order.rxt:390	byte	dfa		unanchored	0	-	-	0
tests/base/k18_arm_order.rxt:404	byte	vm	none		0	-	-	0
tests/base/k18_arm_order.rxt:418	byte	vm	none		0	-	-	0
tests/base/k18_arm_order.rxt:432	byte	dfa		unanchored	0	-	-	0
tests/base/k18_arm_order.rxt:446	byte	dfa		unanchored	0	-	-	0
tests/base/k18_arm_order.rxt:460	byte	dfa		attempt	0	-	-	0
tests/base/k18_arm_order.rxt:474	byte	dfa		attempt	0	-	-	0
tests/base/k18_arm_order.rxt:488	byte	dfa		unanchored	0	-	-	0
tests/base/k18_arm_order.rxt:502	byte	dfa		unanchored	0	-	-	0
tests/base/k18_arm_order.rxt:516	byte	dfa		unanchored	0	-	-	0
tests/base/k18_arm_order.rxt:530	byte	dfa		unanchored	0	-	-	0
tests/base/k18_arm_order.rxt:544	byte	dfa		unanchored	0	-	-	0
tests/base/k18_arm_order.rxt:558	byte	dfa		unanchored	0	-	-	0
tests/base/k18_arm_order.rxt:572	byte	dfa		unanchored	0	-	-	0
tests/base/k18_arm_order.rxt:586	byte	dfa		unanchored	0	-	-	0
tests/base/k18_arm_order.rxt:600	byte	vm	none		0	-	-	0
tests/base/k18_arm_order.rxt:614	byte	dfa		unanchored	0	-	-	0
tests/base/k18_arm_order.rxt:632	byte	dfa		unanchored	0	-	-	0
tests/base/k18_arm_order.rxt:650	byte	dfa		unanchored	0	-	-	0
tests/base/k18_arm_order.rxt:668	byte	dfa		unanchored	0	-	-	0
tests/base/k18_arm_order.rxt:686	byte	dfa		unanchored	0	-	-	0
tests/base/k18_arm_order.rxt:700	byte	dfa		unanchored	0	-	-	0
tests/base/k18_arm_order.rxt:714	byte	dfa		unanchored	0	-	-	0
tests/base/k18_arm_order.rxt:728	byte	dfa		unanchored	0	-	-	0
tests/base/k18_arm_order.rxt:742	byte	dfa		unanchored	0	-	-	0
tests/base/k18_arm_order.rxt:747	byte	dfa		unanchored	0	-	-	0
tests/base/k18_arm_order.rxt:761	byte	dfa		unanchored	0	-	-	0
tests/base/k18_arm_order.rxt:775	byte	dfa		unanchored	1	100	no	0
tests/base/k18_arm_order.rxt:793	byte	dfa		unanchored	0	-	-	0
tests/base/k18_cost_gates.rxt:66	byte	vm	hybrid	unanchored	253	-	-	0
tests/base/k18_cost_gates.rxt:70	byte	vm	hybrid	unanchored	253	-	-	0
tests/base/k18_cost_gates.rxt:88	byte	vm	none		0	-	-	0
tests/base/k18_cost_gates.rxt:93	byte	vm	none		0	-	-	0
tests/base/k18_cost_gates.rxt:98	byte	vm	none		0	-	-	0
tests/base/k18_cost_gates.rxt:103	byte	vm	none		0	-	-	0
tests/base/k18_deep_nesting.rxt:39	byte	dfa		unanchored	0	-	-	0
tests/base/k18_deep_nesting.rxt:44	byte	dfa		unanchored	0	-	-	0
tests/base/k18_deep_nesting.rxt:49	byte	dfa		unanchored	0	-	-	0
tests/base/k18_deep_nesting.rxt:54	byte	dfa		unanchored	0	-	-	0
tests/base/k18_deep_nesting.rxt:59	byte	dfa		unanchored	0	-	-	0
tests/base/k18_deep_nesting.rxt:64	byte	dfa		unanchored	0	-	-	0
tests/base/k18_deep_nesting.rxt:69	byte	dfa		unanchored	0	-	-	0
tests/base/k18_deep_nesting.rxt:74	byte	dfa		unanchored	0	-	-	0
tests/base/k18_split_shapes.rxt:22	byte	dfa		unanchored	0	-	-	0
tests/base/k18_split_shapes.rxt:36	byte	dfa		unanchored	0	-	-	0
tests/base/k18_split_shapes.rxt:50	byte	dfa		unanchored	0	-	-	0
tests/base/k18_split_shapes.rxt:64	byte	dfa		unanchored	0	-	-	0
tests/base/k18_split_shapes.rxt:78	byte	dfa		unanchored	0	-	-	0
tests/base/k18_split_shapes.rxt:92	byte	dfa		unanchored	0	-	-	0
tests/base/k18_split_shapes.rxt:106	byte	dfa		unanchored	0	-	-	0
tests/base/k18_split_shapes.rxt:120	byte	dfa		unanchored	0	-	-	0
tests/base/k18_split_shapes.rxt:134	byte	dfa		unanchored	0	-	-	0
tests/base/k18_split_shapes.rxt:148	byte	dfa		unanchored	0	-	-	0
tests/base/k18_split_shapes.rxt:162	byte	dfa		unanchored	0	-	-	0
tests/base/k18_split_shapes.rxt:176	byte	dfa		unanchored	0	-	-	0
tests/base/k18_split_shapes.rxt:185	byte	dfa		unanchored	0	-	-	0
tests/base/k18_split_shapes.rxt:194	byte	dfa		unanchored	0	-	-	0
tests/base/k18_split_shapes.rxt:203	byte	dfa		unanchored	0	-	-	0
tests/base/k18_split_shapes.rxt:212	byte	dfa		unanchored	0	-	-	0
tests/base/k18_split_shapes.rxt:221	byte	dfa		unanchored	0	-	-	0
tests/base/k18_split_shapes.rxt:230	byte	dfa		unanchored	0	-	-	0
tests/base/k18_split_shapes.rxt:235	byte	dfa		unanchored	0	-	-	0
tests/base/k18_split_shapes.rxt:240	byte	dfa		unanchored	0	-	-	0
tests/base/k18_split_shapes.rxt:245	byte	dfa		unanchored	0	-	-	0
tests/base/k18_split_shapes.rxt:250	byte	dfa		unanchored	0	-	-	0
tests/base/k18_split_shapes.rxt:255	byte	dfa		unanchored	0	-	-	0
tests/base/k18_split_shapes.rxt:260	byte	dfa		unanchored	0	-	-	0
tests/base/k18_split_shapes.rxt:265	byte	dfa		unanchored	0	-	-	0
tests/base/k18_split_shapes.rxt:270	byte	dfa		unanchored	0	-	-	0
tests/base/k18_split_shapes.rxt:275	byte	dfa		unanchored	0	-	-	0
tests/base/k18_split_shapes.rxt:280	byte	dfa		unanchored	0	-	-	0
tests/base/k18_split_shapes.rxt:285	byte	dfa		unanchored	0	-	-	0
tests/base/k18_split_shapes.rxt:290	byte	dfa		unanchored	0	-	-	0
tests/base/k18_split_shapes.rxt:295	byte	dfa		unanchored	0	-	-	0
tests/base/k18_split_shapes.rxt:300	byte	dfa		unanchored	0	-	-	0
tests/base/k18_split_shapes.rxt:305	byte	dfa		unanchored	0	-	-	0
tests/base/k18_split_shapes.rxt:310	byte	dfa		unanchored	0	-	-	0
tests/base/k18_split_shapes.rxt:315	byte	dfa		unanchored	0	-	-	0
tests/base/k18_split_shapes.rxt:329	byte	dfa		unanchored	0	-	-	0
tests/base/k18_split_shapes.rxt:343	byte	dfa		unanchored	0	-	-	0
tests/base/k18_split_shapes.rxt:357	byte	dfa		unanchored	0	-	-	0
tests/base/k18_split_shapes.rxt:371	byte	dfa		unanchored	0	-	-	0
tests/base/k18_split_shapes.rxt:385	byte	dfa		unanchored	0	-	-	0
tests/base/k18_split_shapes.rxt:399	byte	dfa		unanchored	0	-	-	0
tests/base/k18_split_shapes.rxt:413	byte	dfa		unanchored	0	-	-	0
tests/base/k18_split_shapes.rxt:427	byte	dfa		unanchored	0	-	-	0
tests/base/k18_split_shapes.rxt:436	byte	dfa		unanchored	0	-	-	0
tests/base/k18_split_shapes.rxt:445	byte	dfa		unanchored	0	-	-	0
tests/base/k18_split_shapes.rxt:454	byte	dfa		unanchored	0	-	-	0
tests/base/k18_split_shapes.rxt:459	byte	dfa		unanchored	0	-	-	0
tests/base/k18_split_shapes.rxt:464	byte	dfa		unanchored	0	-	-	0
tests/base/k18_split_shapes.rxt:469	byte	dfa		unanchored	0	-	-	0
tests/base/k18_split_shapes.rxt:474	byte	dfa		unanchored	0	-	-	0
tests/base/k18_split_shapes.rxt:479	byte	dfa		unanchored	0	-	-	0
tests/base/k18_split_shapes.rxt:484	byte	dfa		unanchored	0	-	-	0
tests/base/k18_split_shapes.rxt:489	byte	dfa		unanchored	0	-	-	0
tests/base/k18_split_shapes.rxt:494	byte	dfa		unanchored	0	-	-	0
tests/base/k18_split_shapes.rxt:499	byte	dfa		unanchored	0	-	-	0
tests/base/k18_split_shapes.rxt:504	byte	dfa		unanchored	0	-	-	0
tests/base/k18_split_shapes.rxt:509	byte	dfa		unanchored	0	-	-	0
tests/base/k18_split_shapes.rxt:518	byte	dfa		unanchored	0	-	-	0
tests/base/k18_split_shapes.rxt:527	byte	dfa		unanchored	0	-	-	0
tests/base/k18_split_shapes.rxt:536	byte	dfa		unanchored	0	-	-	0
tests/base/k18_split_shapes.rxt:545	byte	dfa		unanchored	0	-	-	0
tests/base/k18_split_shapes.rxt:554	byte	dfa		unanchored	0	-	-	0
tests/base/k18_split_shapes.rxt:572	byte	dfa		unanchored	0	-	-	0
tests/base/k18_split_shapes.rxt:590	byte	dfa		unanchored	0	-	-	0
tests/base/k18_split_shapes.rxt:608	byte	dfa		unanchored	0	-	-	0
tests/base/k18_split_shapes.rxt:626	byte	dfa		unanchored	0	-	-	0
tests/base/k18_split_shapes.rxt:644	byte	dfa		unanchored	0	-	-	0
tests/base/k18_split_shapes.rxt:653	byte	dfa		unanchored	0	-	-	0
tests/base/k18_split_shapes.rxt:662	byte	dfa		unanchored	0	-	-	0
tests/base/k18_split_shapes.rxt:671	byte	dfa		unanchored	0	-	-	0
tests/base/k18_split_shapes.rxt:680	byte	dfa		unanchored	0	-	-	0
tests/base/k18_split_shapes.rxt:689	byte	dfa		unanchored	0	-	-	0
tests/base/k18_split_shapes.rxt:698	byte	dfa		unanchored	0	-	-	0
tests/base/k18_split_shapes.rxt:707	byte	dfa		unanchored	0	-	-	0
tests/base/k18_split_shapes.rxt:716	byte	dfa		unanchored	0	-	-	0
tests/base/k18_split_shapes.rxt:725	byte	dfa		unanchored	0	-	-	0
tests/base/k18_split_shapes.rxt:734	byte	dfa		unanchored	0	-	-	0
tests/base/k18_split_shapes.rxt:743	byte	dfa		unanchored	0	-	-	0
tests/base/k18_split_shapes.rxt:752	byte	dfa		unanchored	0	-	-	0
tests/base/k18_split_shapes.rxt:761	byte	dfa		unanchored	0	-	-	0
tests/base/k18_split_shapes.rxt:770	byte	dfa		unanchored	0	-	-	0
tests/base/k18_split_shapes.rxt:779	byte	dfa		unanchored	0	-	-	0
tests/base/k18_split_shapes.rxt:788	byte	dfa		unanchored	0	-	-	0
tests/base/k64_precheck_forced_vm.rxt:31	byte	vm	hybrid	attempt	67	64	no	1
tests/base/k64_precheck_forced_vm.rxt:41	byte	dfa		attempt	67	64	no	1
tests/base/k65_precheck_whole_set.rxt:31	byte	vm	none		26	90	no	0
tests/base/k65_precheck_whole_set.rxt:44	utf8	vm	none		26	64	no	0
tests/base/k65_precheck_whole_set.rxt:57	byte	vm	none		26	35	no	0
tests/base/k66_precheck_whole_run.rxt:34	byte	vm	none		26	126	no	0
tests/base/k66_precheck_whole_run.rxt:47	utf8	vm	none		26	35	no	0
tests/base/leftmost_semantics.rxt:20	byte	dfa		unanchored	1	97	yes	0
tests/base/leftmost_semantics.rxt:23	byte	dfa		unanchored	1	97	yes	0
tests/base/leftmost_semantics.rxt:26	byte	dfa		unanchored	255	98	yes	1
tests/base/leftmost_semantics.rxt:29	byte	dfa		unanchored	255	98	yes	1
tests/base/leftmost_semantics.rxt:40	byte	dfa		unanchored	2	97	yes	0
tests/base/leftmost_semantics.rxt:43	byte	dfa		unanchored	2	97	yes	0
tests/base/leftmost_semantics.rxt:46	byte	dfa		unanchored	1	98	yes	0
tests/base/leftmost_semantics.rxt:49	byte	dfa		unanchored	1	98	no	0
tests/base/leftmost_semantics.rxt:53	byte	dfa		unanchored	1	97	yes	0
tests/base/leftmost_semantics.rxt:56	byte	dfa		unanchored	1	98	no	0
tests/base/leftmost_semantics.rxt:60	byte	dfa		unanchored	1	97	yes	0
tests/base/leftmost_semantics.rxt:63	byte	vm	hybrid	unanchored	1	99	no	0
tests/base/leftmost_semantics.rxt:66	byte	vm	hybrid	unanchored	1	98	no	0
tests/base/literals.rxt:3	byte	dfa		unanchored	1	97	yes	0
tests/base/literals.rxt:16	byte	dfa		unanchored	1	119	no	0
tests/base/literals.rxt:20	byte	dfa		unanchored	1	65	yes	0
tests/base/literals.rxt:24	byte	dfa		unanchored	1	51	no	0
tests/base/literals.rxt:27	byte	dfa		unanchored	1	120	yes	0
tests/base/literals.rxt:30	byte	dfa		unanchored	1	122	yes	0
tests/base/long_subjects.rxt:6	byte	dfa		unanchored	1	122	no	0
tests/base/long_subjects.rxt:10	byte	dfa		unanchored	1	122	no	0
tests/base/long_subjects.rxt:18	byte	dfa		unanchored	1	97	yes	0
tests/base/long_subjects.rxt:22	byte	dfa		unanchored	1	122	no	0
tests/base/long_subjects.rxt:30	byte	dfa		unanchored	1	97	yes	0
tests/base/long_subjects.rxt:42	byte	dfa		unanchored	2	-	-	0
tests/base/nullable_anch.rxt:26	byte	vm	hybrid	attempt	0	-	-	0
tests/base/nullable_anch.rxt:51	byte	vm	hybrid	attempt	0	-	-	0
tests/base/nullable_anch.rxt:85	byte	vm	hybrid	attempt	0	-	-	0
tests/base/nullable_anch.rxt:101	byte	vm	hybrid	attempt	0	-	-	0
tests/base/opt41_rung_nullable_decline.rxt:40	byte	vm	none		0	-	-	0
tests/base/possess_lazy_guard.rxt:43	byte	dfa		unanchored	1	98	no	0
tests/base/possess_lazy_guard.rxt:48	byte	dfa		unanchored	1	98	no	0
tests/base/possess_lazy_guard.rxt:53	byte	dfa		unanchored	1	122	yes	0
tests/base/possess_lazy_guard.rxt:58	byte	dfa		unanchored	1	122	yes	0
tests/base/possess_lazy_guard.rxt:63	byte	dfa		unanchored	1	122	yes	0
tests/base/possess_lazy_guard.rxt:68	byte	dfa		unanchored	1	122	yes	0
tests/base/possess_lazy_guard.rxt:73	byte	dfa		unanchored	1	122	yes	0
tests/base/possess_lazy_guard.rxt:78	byte	dfa		unanchored	1	122	yes	0
tests/base/possess_lazy_guard.rxt:83	byte	dfa		unanchored	1	98	no	0
tests/base/possess_lazy_guard.rxt:88	byte	dfa		unanchored	1	98	no	0
tests/base/possess_lazy_guard.rxt:93	byte	dfa		unanchored	1	122	yes	0
tests/base/possess_lazy_guard.rxt:98	byte	dfa		unanchored	1	122	yes	0
tests/base/possess_lazy_guard.rxt:103	byte	vm	hybrid	unanchored	1	122	yes	0
tests/base/possess_lazy_guard.rxt:110	byte	vm	hybrid	unanchored	1	122	yes	0
tests/base/possess_lazy_guard.rxt:117	byte	vm	hybrid	unanchored	1	122	yes	0
tests/base/possess_lazy_guard.rxt:124	byte	vm	hybrid	unanchored	1	122	yes	0
tests/base/possess_lazy_guard.rxt:131	byte	vm	hybrid	unanchored	1	122	yes	0
tests/base/possess_lazy_guard.rxt:138	byte	vm	hybrid	unanchored	1	122	yes	0
tests/base/possess_lazy_guard.rxt:145	byte	dfa		unanchored	2	98	no	0
tests/base/possess_lazy_guard.rxt:150	byte	dfa		unanchored	2	98	no	0
tests/base/possess_lazy_guard.rxt:166	byte	dfa		unanchored	0	-	-	0
tests/base/possess_lazy_guard.rxt:171	byte	vm	none		0	-	-	0
tests/base/possess_lazy_guard.rxt:178	byte	dfa		unanchored	0	-	-	0
tests/base/precedence.rxt:4	byte	dfa		unanchored	2	-	-	0
tests/base/precedence.rxt:9	byte	dfa		unanchored	2	-	-	0
tests/base/precedence.rxt:17	byte	dfa		unanchored	2	-	-	0
tests/base/precedence.rxt:21	byte	dfa		unanchored	1	98	no	0
tests/base/precedence.rxt:28	byte	dfa		unanchored	1	99	no	0
tests/base/precedence.rxt:32	byte	dfa		unanchored	0	-	-	0
tests/base/precedence.rxt:36	byte	vm	none		0	-	-	0
tests/base/precedence.rxt:39	byte	dfa		unanchored	0	-	-	0
tests/base/precedence.rxt:43	byte	vm	hybrid	unanchored	1	100	no	0
tests/base/precedence.rxt:47	byte	vm	hybrid	unanchored	4	100	yes	0
tests/base/precedence.rxt:50	byte	dfa		unanchored	0	-	-	0
tests/base/precedence.rxt:54	byte	dfa		unanchored	1	98	no	0
tests/base/quantifiers.rxt:17	byte	dfa		unanchored	0	-	-	0
tests/base/quantifiers.rxt:24	byte	dfa		unanchored	0	-	-	0
tests/base/quantifiers.rxt:28	byte	dfa		unanchored	1	97	yes	0
tests/base/quantifiers.rxt:32	byte	dfa		unanchored	1	98	no	0
tests/base/quantifiers.rxt:36	byte	dfa		unanchored	1	99	no	0
tests/base/quantifiers.rxt:41	byte	vm	none		0	-	-	0
tests/base/quantifiers.rxt:46	byte	vm	hybrid	unanchored	1	98	no	0
tests/base/quantifiers.rxt:57	byte	dfa		unanchored	255	120	yes	1
tests/base/quantifiers.rxt:60	byte	dfa		unanchored	255	120	yes	1
tests/base/quantifiers.rxt:65	byte	dfa		unanchored	1	125	no	0
tests/base/review_r1.rxt:8	byte	vm	hybrid	unanchored	1	97	yes	0
tests/base/review_r1.rxt:17	byte	vm	hybrid	unanchored	2	98	yes	0
tests/base/review_r1.rxt:39	byte	dfa		unanchored	1	66	no	0
tests/base/review_r1.rxt:53	byte	vm	hybrid	attempt	1	98	no	0
tests/base/review_r2.rxt:10	byte	dfa		unanchored	1	88	yes	0
tests/base/review_r2.rxt:14	byte	dfa		unanchored	1	99	yes	0
tests/base/review_r2.rxt:19	byte	dfa		unanchored	0	-	-	0
tests/base/review_r2.rxt:24	byte	dfa		unanchored	0	-	-	0
tests/base/review_r2.rxt:27	byte	vm	none		0	-	-	0
tests/base/review_r2.rxt:30	byte	dfa		unanchored	1	97	yes	0
tests/base/review_r2.rxt:33	byte	dfa		unanchored	0	-	-	0
tests/base/review_r2.rxt:37	byte	dfa		unanchored	0	-	-	0
tests/base/review_r2.rxt:43	byte	dfa		unanchored	2	98	yes	0
tests/base/review_r2.rxt:46	byte	dfa		unanchored	2	98	yes	0
tests/base/review_r2.rxt:49	byte	dfa		unanchored	1	98	no	0
tests/base/review_r21.rxt:35	byte	vm	none		0	-	-	0
tests/base/review_r21.rxt:48	byte	vm	none		0	-	-	0
tests/base/review_r21.rxt:61	byte	vm	none		0	-	-	0
tests/base/review_r21.rxt:74	byte	vm	none		0	-	-	0
tests/base/review_r21.rxt:87	byte	vm	none		0	-	-	0
tests/base/review_r21.rxt:113	byte	vm	none		0	-	-	0
tests/base/review_r21.rxt:131	byte	vm	none		0	-	-	0
tests/base/review_r21.rxt:144	byte	vm	none		0	-	-	0
tests/base/review_r21.rxt:157	byte	vm	none		0	-	-	0
tests/base/review_r21.rxt:170	byte	vm	none		0	-	-	0
tests/base/start_pinned_startpos.rxt:73	byte	dfa		unanchored	0	-	-	0
tests/base/start_pinned_startpos.rxt:114	byte	dfa		unanchored	0	-	-	0
tests/base/startpos.rxt:123	byte	dfa		unanchored	0	-	-	0
tests/base/syntax_errors.rxt:63	byte	dfa		unanchored	1	125	no	0
tests/base/syntax_errors.rxt:173	byte	dfa		unanchored	1	123	no	0
tests/base/syntax_errors.rxt:176	byte	dfa		unanchored	1	125	yes	0
tests/base/syntax_errors.rxt:179	byte	dfa		unanchored	1	123	yes	0
tests/base/syntax_errors.rxt:182	byte	dfa		unanchored	1	125	no	0
tests/base/syntax_errors.rxt:186	byte	dfa		unanchored	1	123	yes	0
tests/base/syntax_errors.rxt:189	byte	dfa		unanchored	1	125	no	0
tests/base/syntax_errors.rxt:192	byte	dfa		unanchored	1	123	no	0
tests/base/syntax_errors.rxt:195	byte	dfa		unanchored	1	123	no	0
tests/base/syntax_errors.rxt:198	byte	dfa		unanchored	1	125	no	0
tests/base/syntax_errors.rxt:202	byte	dfa		unanchored	1	125	no	0
tests/base/syntax_errors.rxt:223	byte	dfa		unanchored	1	125	no	0
tests/base/syntax_errors.rxt:226	byte	dfa		unanchored	1	125	no	0
tests/base/syntax_errors.rxt:231	byte	dfa		unanchored	1	11	no	0
tests/base/syntax_errors.rxt:234	byte	dfa		unanchored	1	12	no	0
tests/base/syntax_errors.rxt:240	byte	dfa		unanchored	1	125	no	0
tests/base/syntax_errors.rxt:245	byte	dfa		unanchored	1	125	no	0
tests/base/syntax_errors.rxt:249	byte	dfa		unanchored	1	125	no	0
tests/base/syntax_errors.rxt:253	byte	dfa		unanchored	1	125	no	0
tests/base/syntax_errors.rxt:257	byte	dfa		unanchored	1	125	no	0
tests/base/syntax_errors.rxt:260	byte	dfa		unanchored	1	123	no	0
tests/base/syntax_errors.rxt:271	byte	dfa		unanchored	1	125	no	0
tests/captures/basic.rxt:31	byte	vm	hybrid	unanchored	2	98	yes	0
tests/captures/basic.rxt:49	byte	vm	hybrid	unanchored	1	98	no	0
tests/captures/basic.rxt:55	byte	vm	hybrid	unanchored	2	-	-	0
tests/captures/basic.rxt:65	byte	vm	hybrid	unanchored	2	98	yes	0
tests/captures/basic.rxt:73	byte	vm	hybrid	unanchored	1	122	no	0
tests/captures/basic.rxt:86	byte	vm	hybrid	unanchored	1	99	no	0
tests/captures/basic.rxt:93	byte	vm	hybrid	unanchored	1	98	no	0
tests/captures/classes_trie_bounded.rxt:48	byte	vm	hybrid	unanchored	26	-	-	0
tests/captures/classes_trie_bounded.rxt:55	byte	vm	hybrid	unanchored	246	-	-	0
tests/captures/classes_trie_bounded.rxt:61	byte	vm	hybrid	unanchored	1	100	no	0
tests/captures/classes_trie_bounded.rxt:68	byte	vm	hybrid	unanchored	63	-	-	0
tests/captures/classes_trie_bounded.rxt:76	byte	vm	hybrid	unanchored	52	-	-	0
tests/captures/classes_trie_bounded.rxt:86	byte	vm	hybrid	unanchored	2	-	-	0
tests/captures/classes_trie_bounded.rxt:102	byte	vm	hybrid	unanchored	4	-	-	0
tests/captures/classes_trie_bounded.rxt:112	byte	vm	hybrid	unanchored	3	99	yes	0
tests/captures/participation_and_zerowidth.rxt:35	byte	vm	hybrid	unanchored	1	97	yes	0
tests/captures/participation_and_zerowidth.rxt:42	byte	vm	hybrid	unanchored	2	120	yes	0
tests/captures/participation_and_zerowidth.rxt:53	byte	vm	hybrid	unanchored	3	-	-	0
tests/captures/participation_and_zerowidth.rxt:66	byte	vm	hybrid	unanchored	2	100	yes	0
tests/captures/participation_and_zerowidth.rxt:81	byte	vm	hybrid	unanchored	2	-	-	0
tests/captures/participation_and_zerowidth.rxt:87	byte	vm	none		0	-	-	0
tests/captures/participation_and_zerowidth.rxt:100	byte	vm	none		0	-	-	0
tests/captures/participation_and_zerowidth.rxt:106	byte	vm	hybrid	unanchored	1	98	yes	0
tests/captures/participation_and_zerowidth.rxt:112	byte	vm	none		0	-	-	0
tests/captures/participation_and_zerowidth.rxt:118	byte	vm	none		0	-	-	0
tests/captures/participation_and_zerowidth.rxt:124	byte	vm	none		0	-	-	0
tests/captures/participation_and_zerowidth.rxt:139	byte	vm	none		0	-	-	0
tests/captures/participation_and_zerowidth.rxt:147	byte	vm	hybrid	unanchored	1	98	no	0
tests/captures/priority_and_iteration.rxt:6	byte	vm	hybrid	unanchored	1	97	yes	0
tests/captures/priority_and_iteration.rxt:12	byte	vm	hybrid	unanchored	1	97	yes	0
tests/captures/priority_and_iteration.rxt:25	byte	vm	hybrid	unanchored	1	99	no	0
tests/captures/priority_and_iteration.rxt:33	byte	vm	hybrid	unanchored	1	120	yes	0
tests/captures/priority_and_iteration.rxt:40	byte	vm	hybrid	attempt	1	97	yes	0
tests/captures/priority_and_iteration.rxt:49	byte	vm	hybrid	unanchored	1	97	yes	0
tests/captures/priority_and_iteration.rxt:55	byte	vm	hybrid	unanchored	1	97	yes	0
tests/captures/priority_and_iteration.rxt:61	byte	vm	hybrid	unanchored	1	97	yes	0
tests/captures/priority_and_iteration.rxt:68	byte	vm	hybrid	unanchored	3	-	-	0
tests/captures/priority_and_iteration.rxt:79	byte	vm	hybrid	unanchored	1	97	yes	0
tests/captures/priority_and_iteration.rxt:85	byte	vm	hybrid	unanchored	1	97	yes	0
tests/captures/priority_and_iteration.rxt:91	byte	vm	hybrid	unanchored	1	97	yes	0
tests/captures/priority_and_iteration.rxt:103	byte	vm	hybrid	unanchored	2	-	-	0
tests/captures/priority_and_iteration.rxt:109	byte	vm	none		0	-	-	0
tests/captures/priority_and_iteration.rxt:115	byte	vm	none		0	-	-	0
tests/captures/priority_and_iteration.rxt:121	byte	vm	none		0	-	-	0
tests/captures/priority_and_iteration.rxt:127	byte	vm	none		0	-	-	0
tests/captures/priority_and_iteration.rxt:133	byte	vm	hybrid	unanchored	1	97	yes	0
tests/captures/priority_and_iteration.rxt:139	byte	vm	hybrid	unanchored	1	97	yes	0
tests/captures/priority_and_iteration.rxt:145	byte	vm	hybrid	unanchored	1	98	no	0
tests/captures/priority_and_iteration.rxt:151	byte	vm	hybrid	unanchored	2	-	-	0
tests/captures/priority_and_iteration.rxt:157	byte	vm	hybrid	unanchored	1	97	yes	0
tests/captures/priority_and_iteration.rxt:171	byte	vm	hybrid	unanchored	1	97	yes	0
tests/captures/priority_and_iteration.rxt:177	byte	dfa		unanchored	0	-	-	0
tests/captures/priority_and_iteration.rxt:183	byte	vm	hybrid	unanchored	1	97	yes	0
tests/captures/priority_and_iteration.rxt:189	byte	vm	hybrid	unanchored	1	97	yes	0
tests/captures/priority_and_iteration.rxt:195	byte	vm	hybrid	unanchored	1	98	no	0
tests/captures/priority_and_iteration.rxt:201	byte	vm	hybrid	attempt	2	-	-	0
tests/captures/structure_anchors_misc.rxt:7	byte	vm	hybrid	unanchored	1	97	yes	0
tests/captures/structure_anchors_misc.rxt:27	byte	vm	hybrid	attempt	1	97	yes	0
tests/captures/structure_anchors_misc.rxt:54	byte	vm	hybrid	unanchored	1	97	yes	0
tests/captures/structure_anchors_misc.rxt:62	byte	vm	hybrid	unanchored	1	98	no	0
tests/captures/structure_anchors_misc.rxt:71	byte	vm	hybrid	unanchored	1	98	no	0
tests/captures/structure_anchors_misc.rxt:79	byte	vm	hybrid	unanchored	1	98	no	0
tests/captures/structure_anchors_misc.rxt:87	byte	vm	hybrid	unanchored	1	97	yes	0
tests/captures/structure_anchors_misc.rxt:95	byte	vm	hybrid	unanchored	1	98	no	0
tests/captures/structure_anchors_misc.rxt:103	byte	vm	hybrid	unanchored	1	97	yes	0
tests/captures/structure_anchors_misc.rxt:111	byte	vm	hybrid	unanchored	1	97	yes	0
tests/captures/structure_anchors_misc.rxt:118	byte	vm	hybrid	unanchored	1	97	yes	0
tests/captures/structure_anchors_misc.rxt:125	byte	vm	hybrid	unanchored	1	97	yes	0
tests/captures/structure_anchors_misc.rxt:131	byte	vm	hybrid	unanchored	1	97	yes	0
tests/captures/structure_anchors_misc.rxt:140	byte	vm	hybrid	unanchored	1	98	no	0
tests/captures/structure_anchors_misc.rxt:146	byte	vm	hybrid	unanchored	1	98	no	0
tests/captures/structure_anchors_misc.rxt:153	byte	vm	hybrid	unanchored	1	120	yes	0
tests/captures/structure_anchors_misc.rxt:160	byte	vm	hybrid	unanchored	1	98	no	0
tests/captures/structure_anchors_misc.rxt:167	byte	vm	hybrid	unanchored	10	45	no	0
tests/captures/structure_anchors_misc.rxt:175	byte	vm	hybrid	unanchored	2	65,97	yes	0
tests/captures/structure_anchors_misc.rxt:182	byte	vm	hybrid	unanchored	4	-	-	0
tests/captures/structure_anchors_misc.rxt:13	byte	vm	hybrid	unanchored	10	-	-	0
tests/captures/structure_anchors_misc.rxt:20	byte	vm	hybrid	unanchored	1	98	no	0
tests/captures/structure_anchors_misc.rxt:33	byte	vm	hybrid	unanchored	1	98	no	0
tests/classes/classes.rxt:17	byte	dfa		unanchored	10	-	-	0
tests/classes/classes.rxt:23	byte	dfa		unanchored	246	-	-	0
tests/classes/classes.rxt:28	byte	dfa		unanchored	10	-	-	0
tests/classes/classes.rxt:32	byte	dfa		unanchored	246	-	-	0
tests/classes/classes.rxt:36	byte	dfa		unanchored	6	-	-	0
tests/classes/classes.rxt:40	byte	dfa		unanchored	250	-	-	0
tests/classes/classes.rxt:44	byte	dfa		unanchored	63	-	-	0
tests/classes/classes.rxt:48	byte	dfa		unanchored	63	-	-	0
tests/classes/classes.rxt:52	byte	dfa		unanchored	11	-	-	0
tests/classes/classes.rxt:56	byte	dfa		unanchored	11	-	-	0
tests/classes/classes.rxt:60	byte	vm	hybrid	unanchored	11	-	-	0
tests/classes/classes.rxt:64	byte	dfa		unanchored	10	-	-	0
tests/classes/classes.rxt:68	byte	dfa		unanchored	246	-	-	0
tests/classes/classes.rxt:72	byte	dfa		unanchored	16	-	-	0
tests/classes/classes.rxt:80	byte	dfa		unanchored	3	-	-	0
tests/classes/classes.rxt:85	byte	dfa		unanchored	253	-	-	0
tests/classes/classes.rxt:90	byte	dfa		unanchored	5	-	-	0
tests/classes/classes.rxt:95	byte	dfa		unanchored	251	-	-	0
tests/classes/classes.rxt:100	byte	dfa		unanchored	255	-	-	0
tests/classes/classes.rxt:105	byte	dfa		unanchored	13	-	-	0
tests/classes/classes.rxt:112	byte	dfa		unanchored	52	-	-	0
tests/classes/classes.rxt:117	byte	dfa		unanchored	204	-	-	0
tests/classes/classes.rxt:122	byte	dfa		unanchored	22	-	-	0
tests/classes/classes.rxt:127	byte	dfa		unanchored	12	-	-	0
tests/classes/classes.rxt:132	byte	dfa		unanchored	204	-	-	0
tests/classes/classes.rxt:137	byte	dfa		unanchored	62	-	-	0
tests/classes/classes.rxt:142	byte	dfa		unanchored	11	-	-	0
tests/classes/classes.rxt:147	byte	dfa		attempt	2	-	-	0
tests/classes/classes.rxt:160	byte	dfa		unanchored	26	-	-	0
tests/classes/classes.rxt:165	byte	dfa		unanchored	26	-	-	0
tests/classes/classes.rxt:170	byte	dfa		unanchored	62	-	-	0
tests/classes/classes.rxt:175	byte	dfa		unanchored	128	-	-	0
tests/classes/classes.rxt:180	byte	dfa		unanchored	33	-	-	0
tests/classes/classes.rxt:185	byte	dfa		unanchored	94	-	-	0
tests/classes/classes.rxt:190	byte	dfa		unanchored	95	-	-	0
tests/classes/classes.rxt:195	byte	dfa		unanchored	32	-	-	0
tests/classes/classes.rxt:200	byte	dfa		unanchored	6	-	-	0
tests/classes/classes.rxt:205	byte	dfa		unanchored	63	-	-	0
tests/classes/classes.rxt:212	byte	dfa		attempt	52	-	-	0
tests/classes/classes.rxt:218	byte	dfa		attempt	204	-	-	0
tests/classes/classes.rxt:226	byte	dfa		attempt	204	-	-	0
tests/classes/classes.rxt:238	byte	dfa		attempt	255	-	-	0
tests/classes/classes.rxt:245	byte	dfa		unanchored	255	-	-	0
tests/classes/multi_chain.rxt:11	byte	dfa		unanchored	3	-	-	0
tests/classes/multi_chain.rxt:19	byte	dfa		unanchored	3	-	-	0
tests/classes/multi_chain.rxt:33	byte	dfa		unanchored	3	122	no	0
tests/counterk/counterk.rxt:15	byte	vm	hybrid	unanchored	2	99	yes	0
tests/counterk/counterk.rxt:93	byte	vm	hybrid	unanchored	2	99	yes	0
tests/counterk/counterk.rxt:169	byte	vm	hybrid	unanchored	2	99	yes	0
tests/counterk/counterk.rxt:246	byte	vm	hybrid	unanchored	2	99	yes	0
tests/counterk/counterk.rxt:323	byte	vm	hybrid	unanchored	2	99	yes	0
tests/counterk/counterk.rxt:399	byte	vm	hybrid	unanchored	2	99	yes	0
tests/counterk/counterk.rxt:475	byte	vm	hybrid	unanchored	2	99	yes	0
tests/counterk/counterk.rxt:554	byte	vm	hybrid	unanchored	2	99	yes	0
tests/counterk/counterk.rxt:630	byte	vm	hybrid	unanchored	2	99	yes	0
tests/counterk/counterk.rxt:708	byte	vm	hybrid	unanchored	1	99	no	0
tests/counterk/counterk.rxt:745	byte	vm	hybrid	unanchored	1	99	no	0
tests/counterk/counterk.rxt:779	byte	vm	hybrid	unanchored	1	99	no	0
tests/counterk/counterk.rxt:815	byte	vm	hybrid	unanchored	1	99	no	0
tests/counterk/counterk.rxt:855	byte	vm	hybrid	unanchored	1	99	no	0
tests/counterk/counterk.rxt:891	byte	vm	hybrid	unanchored	1	99	no	0
tests/counterk/counterk.rxt:933	byte	vm	hybrid	unanchored	2	98	yes	0
tests/counterk/counterk.rxt:991	byte	vm	hybrid	unanchored	2	98	yes	0
tests/counterk/counterk.rxt:1054	byte	vm	hybrid	unanchored	2	98	yes	0
tests/counterk/counterk.rxt:1099	byte	vm	hybrid	unanchored	2	98	yes	0
tests/counterk/counterk.rxt:1149	byte	vm	hybrid	unanchored	2	98	yes	0
tests/counterk/counterk.rxt:1259	byte	vm	hybrid	unanchored	2	99	yes	0
tests/counterk/counterk.rxt:1289	byte	vm	hybrid	unanchored	3	101	yes	0
tests/counterk/counterk.rxt:1324	byte	vm	hybrid	unanchored	3	101	yes	0
tests/counterk/counterk.rxt:1366	byte	vm	hybrid	unanchored	3	100	yes	0
tests/counterk/counterk.rxt:1417	byte	vm	hybrid	unanchored	2	100	no	0
tests/counterk/counterk.rxt:1444	byte	vm	hybrid	unanchored	2	100	no	0
tests/counterk/counterk.rxt:1473	byte	vm	hybrid	unanchored	2	99	yes	0
tests/counterk/counterk.rxt:1551	byte	vm	hybrid	unanchored	2	99	yes	0
tests/counterk/counterk.rxt:1631	byte	vm	hybrid	unanchored	2	99	yes	0
tests/counterk/counterk.rxt:1725	byte	vm	hybrid	unanchored	2	99	yes	0
tests/counterk/counterk.rxt:1807	byte	vm	hybrid	unanchored	1	99	no	0
tests/counterk/counterk.rxt:1845	byte	vm	hybrid	unanchored	3	100	yes	0
tests/counterk/counterk.rxt:1901	byte	vm	hybrid	unanchored	2	98	yes	0
tests/counterk/counterk.rxt:1917	byte	dfa		unanchored	2	99	no	0
tests/counterk/counterk.rxt:1928	byte	dfa		unanchored	1	122	no	0
tests/counterk/counterk.rxt:1939	byte	vm	hybrid	unanchored	2	98	yes	0
tests/counterk/counterk.rxt:1951	byte	vm	hybrid	unanchored	1	98	no	0
tests/counterk/counterk.rxt:1966	byte	dfa		unanchored	2	122	no	0
tests/harness/giveup.rxt:48	byte	vm	hybrid	unanchored	3	-	-	0
tests/harness/giveup.rxt:54	byte	vm	hybrid	unanchored	4	-	-	0
tests/island/island.rxt:22	byte	dfa		unanchored	2	-	-	0
tests/island/island.rxt:33	byte	dfa		unanchored	8	-	-	0
tests/island/island.rxt:68	byte	vm	hybrid	unanchored	1	98	no	0
tests/island/island.rxt:108	byte	dfa		unanchored	1	99	no	0
tests/island/island.rxt:116	byte	dfa		unanchored	2	121	yes	0
tests/island/island.rxt:124	byte	vm	hybrid	unanchored	2	115	no	0
tests/island/island.rxt:135	byte	vm	hybrid	unanchored	2	115	no	0
tests/island/island.rxt:148	byte	dfa		unanchored	1	98	no	0
tests/island/island.rxt:155	byte	dfa		unanchored	1	104	no	0
tests/island/island.rxt:172	byte	dfa		unanchored	2	-	-	0
tests/island/island.rxt:189	byte	dfa		unanchored	2	-	-	0
tests/island/island.rxt:207	byte	dfa		unanchored	2	119	yes	0
tests/island/island_caseless.rxt:15	byte	dfa		unanchored	4	-	-	0
tests/litscan/handoff.rxt:22	byte	dfa		unanchored	1	120	yes	0
tests/litscan/handoff.rxt:142	utf8	dfa		unanchored	1	120	yes	0
tests/litscan/handoff.rxt:242	byte	dfa		unanchored	3	103	no	0
tests/litscan/handoff.rxt:353	byte	dfa		attempt	1	120	yes	0
tests/litscan/handoff.rxt:476	byte	dfa		attempt	3	103	no	0
tests/litscan/handoff.rxt:565	byte	vm	hybrid	unanchored	1	120	yes	0
tests/litscan/handoff.rxt:644	byte	vm	hybrid	unanchored	3	103	no	0
tests/litscan/handoff.rxt:709	byte	dfa		unanchored	2	67,99	yes	0
tests/litscan/handoff.rxt:890	utf8	dfa		unanchored	2	67,99	yes	0
tests/litscan/handoff.rxt:936	byte	dfa		unanchored	1	97	yes	0
tests/litscan/handoff.rxt:1008	utf8	dfa		unanchored	3	84,116	no	0
tests/litscan/handoff.rxt:1097	utf8	vm	hybrid	unanchored	3	84,116	no	0
tests/litscan/handoff.rxt:1156	utf8	dfa		unanchored	178	116	yes	1
tests/litscan/handoff.rxt:1237	utf8	vm	hybrid	unanchored	178	116	yes	1
tests/litscan/handoff.rxt:1294	utf8	dfa		unanchored	1	116	no	0
tests/litscan/handoff.rxt:1343	utf8	dfa		unanchored	2	120	no	0
tests/litscan/handoff.rxt:1614	byte	dfa		unanchored	1	99	yes	0
tests/litscan/handoff.rxt:1669	byte	vm	hybrid	unanchored	1	99	yes	0
tests/litscan/handoff.rxt:1730	byte	dfa		attempt	1	109	no	0
tests/litscan/handoff.rxt:1802	byte	dfa		attempt	2	99	yes	0
tests/litscan/handoff.rxt:1871	byte	dfa		attempt	2	120	yes	0
tests/litscan/handoff.rxt:1910	byte	vm	hybrid	attempt	2	99	no	0
tests/litscan/handoff.rxt:2017	byte	vm	hybrid	attempt	2	103	no	0
tests/litscan/handoff.rxt:2124	byte	vm	hybrid	unanchored	1	120	yes	0
tests/litscan/handoff.rxt:2253	byte	dfa		unanchored	1	97	yes	0
tests/litscan/handoff.rxt:2391	byte	dfa		unanchored	1	97	yes	0
tests/litscan/handoff.rxt:2474	byte	dfa		unanchored	1	122	no	0
tests/litscan/handoff.rxt:2551	byte	vm	hybrid	unanchored	1	112	no	0
tests/litscan/handoff.rxt:2704	byte	vm	hybrid	unanchored	2	122	no	0
tests/litscan/handoff.rxt:2773	byte	vm	hybrid	unanchored	2	67,99	yes	0
tests/litscan/litrun.rxt:17	byte	dfa		unanchored	1	98	no	0
tests/litscan/litrun.rxt:28	byte	vm	hybrid	unanchored	1	120	yes	0
tests/litscan/litrun.rxt:36	byte	vm	hybrid	unanchored	1	122	no	0
tests/litscan/litrun.rxt:59	byte	dfa		unanchored	1	63	no	0
tests/litscan/litrun.rxt:65	byte	dfa		unanchored	1	63	no	0
tests/litscan/litrun.rxt:71	byte	dfa		unanchored	1	254	no	0
tests/litscan/litrun.rxt:77	byte	dfa		unanchored	1	0	no	0
tests/litscan/litrun.rxt:84	byte	dfa		unanchored	1	0	yes	0
tests/litscan/litrun.rxt:90	byte	dfa		unanchored	2	98	yes	0
tests/litscan/litrun.rxt:105	byte	dfa		unanchored	1	98	no	0
tests/litscan/litrun.rxt:113	byte	vm	hybrid	unanchored	1	98	no	0
tests/litscan/litrun.rxt:120	byte	dfa		unanchored	1	98	no	0
tests/litscan/litrun.rxt:130	byte	dfa		unanchored	1	112	no	0
tests/litscan/litrun.rxt:139	byte	dfa		unanchored	1	65	yes	0
tests/litscan/litrun.rxt:148	byte	dfa		unanchored	2	65,97	yes	0
tests/litscan/litrun.rxt:155	byte	dfa		unanchored	1	100	no	0
tests/litscan/litrun.rxt:162	byte	vm	hybrid	unanchored	1	98	no	0
tests/litscan/litrun.rxt:169	byte	dfa		unanchored	1	66	no	0
tests/litscan/litrun.rxt:179	byte	dfa		unanchored	10	66	no	0
tests/litscan/litrun.rxt:201	byte	dfa		unanchored	1	66	no	0
tests/litscan/litrun.rxt:212	byte	dfa		unanchored	10	66	no	0
tests/litscan/litrun.rxt:236	byte	dfa		unanchored	1	66	no	0
tests/litscan/litrun.rxt:248	byte	dfa		unanchored	10	66	no	0
tests/litscan/litrun.rxt:274	byte	dfa		unanchored	1	66	no	0
tests/litscan/litrun.rxt:287	byte	dfa		unanchored	10	66	no	0
tests/litscan/litrun.rxt:315	byte	dfa		unanchored	1	66	no	0
tests/litscan/litrun.rxt:329	byte	dfa		unanchored	10	66	no	0
tests/litscan/litrun.rxt:359	byte	dfa		unanchored	1	66	no	0
tests/litscan/litrun.rxt:374	byte	dfa		unanchored	10	66	no	0
tests/litscan/litrun.rxt:406	byte	dfa		unanchored	1	66	no	0
tests/litscan/litrun.rxt:422	byte	dfa		unanchored	10	66	no	0
tests/litscan/litrun.rxt:456	byte	dfa		unanchored	1	74	no	0
tests/litscan/litrun.rxt:473	byte	dfa		unanchored	10	74	no	0
tests/litscan/litrun.rxt:509	byte	dfa		unanchored	1	74	no	0
tests/litscan/litrun.rxt:527	byte	dfa		unanchored	10	74	no	0
tests/litscan/litrun.rxt:565	byte	dfa		unanchored	1	74	no	0
tests/litscan/litrun.rxt:584	byte	dfa		unanchored	10	74	no	0
tests/litscan/litrun.rxt:624	byte	dfa		unanchored	1	74	no	0
tests/litscan/litrun.rxt:644	byte	dfa		unanchored	10	74	no	0
tests/litscan/litrun.rxt:686	byte	dfa		unanchored	1	74	no	0
tests/litscan/litrun.rxt:707	byte	dfa		unanchored	10	74	no	0
tests/litscan/litrun.rxt:751	byte	dfa		unanchored	1	74	no	0
tests/litscan/litrun.rxt:773	byte	dfa		unanchored	10	74	no	0
tests/litscan/litrun.rxt:819	byte	dfa		unanchored	1	74	no	0
tests/litscan/litrun.rxt:842	byte	dfa		unanchored	10	74	no	0
tests/litscan/litrun.rxt:890	byte	dfa		unanchored	1	81	no	0
tests/litscan/litrun.rxt:914	byte	dfa		unanchored	10	81	no	0
tests/litscan/litrun.rxt:964	byte	dfa		unanchored	1	81	no	0
tests/litscan/litrun.rxt:989	byte	dfa		unanchored	10	81	no	0
tests/litscan/litrun.rxt:1041	byte	dfa		unanchored	1	81	no	0
tests/litscan/litrun.rxt:1067	byte	dfa		unanchored	10	81	no	0
tests/litscan/litrun.rxt:1121	byte	dfa		unanchored	1	81	no	0
tests/litscan/litrun.rxt:1148	byte	dfa		unanchored	10	81	no	0
tests/litscan/litrun.rxt:1204	byte	dfa		unanchored	1	90	no	0
tests/litscan/litrun.rxt:1242	byte	dfa		unanchored	10	90	no	0
tests/litscan/litrun.rxt:1320	byte	dfa		unanchored	1	90	no	0
tests/litscan/litrun.rxt:1359	byte	dfa		unanchored	10	90	no	0
tests/litscan/reqcube.rxt:29	byte	dfa		unanchored	2	83,115	yes	0
tests/litscan/reqcube.rxt:48	byte	dfa		unanchored	2	83,115	yes	0
tests/litscan/reqcube.rxt:67	byte	dfa		unanchored	2	65,97	yes	0
tests/litscan/reqcube.rxt:86	byte	dfa		unanchored	2	65,97	yes	0
tests/litscan/reqcube.rxt:145	byte	dfa		unanchored	2	47	no	0
tests/litscan/reqcube.rxt:164	byte	dfa		unanchored	2	120	no	0
tests/litscan/reqcube.rxt:181	byte	dfa		unanchored	2	83,115	yes	0
tests/litscan/reqcube.rxt:242	byte	vm	none		3	69,101	no	0
tests/litscan/reqcube.rxt:284	byte	dfa		unanchored	2	69,101	no	0
tests/litscan/reqcube.rxt:303	byte	dfa		unanchored	2	-	-	0
tests/litscan/reqcube.rxt:318	byte	dfa		unanchored	2	45	no	0
tests/litscan/reqcube.rxt:337	byte	dfa		unanchored	2	70,102	yes	0
tests/litscan/reqcube.rxt:356	byte	dfa		unanchored	2	95	no	0
tests/litscan/reqcube.rxt:377	byte	dfa		unanchored	2	95	no	0
tests/litscan/reqcube.rxt:396	byte	dfa		unanchored	2	83,115	no	0
tests/litscan/reqcube.rxt:415	byte	vm	hybrid	unanchored	2	67,99	yes	0
tests/litscan/reqcube.rxt:434	byte	vm	none		26	83	no	0
tests/litscan/reqcube.rxt:457	utf8	vm	none		26	83	no	0
tests/litscan/reqcube.rxt:480	byte	vm	none		26	122	yes	0
tests/lookaround/alpha_spellings.rxt:38	byte	dfa		empty	1	98	yes	0
tests/lookaround/alpha_spellings.rxt:53	byte	dfa		empty	1	98	yes	0
tests/lookaround/alpha_spellings.rxt:68	byte	dfa		unanchored	1	98	yes	0
tests/lookaround/alpha_spellings.rxt:84	byte	dfa		unanchored	1	98	yes	0
tests/lookaround/alpha_spellings.rxt:99	byte	dfa		unanchored	1	98	yes	0
tests/lookaround/alpha_spellings.rxt:115	byte	dfa		unanchored	1	98	yes	0
tests/lookaround/alpha_spellings.rxt:129	byte	dfa		unanchored	1	98	yes	0
tests/lookaround/alpha_spellings.rxt:144	byte	dfa		unanchored	1	98	yes	0
tests/lookaround/alpha_spellings.rxt:158	byte	dfa		empty	1	98	yes	0
tests/lookaround/alpha_spellings.rxt:173	byte	dfa		empty	1	98	yes	0
tests/lookaround/alpha_spellings.rxt:188	byte	dfa		unanchored	1	98	yes	0
tests/lookaround/alpha_spellings.rxt:204	byte	dfa		unanchored	1	98	yes	0
tests/lookaround/alpha_spellings.rxt:219	byte	vm	none		0	-	-	0
tests/lookaround/alpha_spellings.rxt:232	byte	vm	none		0	-	-	0
tests/lookaround/alpha_spellings.rxt:244	byte	vm	none		0	-	-	0
tests/lookaround/alpha_spellings.rxt:257	byte	vm	none		0	-	-	0
tests/lookaround/alpha_spellings.rxt:267	byte	vm	none		1	99	yes	0
tests/lookaround/alpha_spellings.rxt:277	byte	vm	none		1	99	yes	0
tests/lookaround/alpha_spellings.rxt:289	byte	vm	none		1	99	yes	0
tests/lookaround/alpha_spellings.rxt:303	byte	vm	none		1	99	yes	0
tests/lookaround/alpha_spellings.rxt:320	byte	dfa		unanchored	2	-	-	0
tests/lookaround/alpha_spellings.rxt:336	byte	dfa		unanchored	2	-	-	0
tests/lookaround/alpha_spellings.rxt:346	byte	dfa		unanchored	2	-	-	0
tests/lookaround/alpha_spellings.rxt:356	byte	dfa		unanchored	2	-	-	0
tests/lookaround/captures.rxt:34	byte	vm	hybrid	unanchored	1	97	yes	0
tests/lookaround/captures.rxt:43	byte	vm	hybrid	unanchored	2	-	-	0
tests/lookaround/captures.rxt:56	byte	vm	hybrid	unanchored	1	98	no	0
tests/lookaround/captures.rxt:64	byte	vm	hybrid	unanchored	1	97	yes	0
tests/lookaround/captures.rxt:71	byte	vm	hybrid	unanchored	1	98	no	0
tests/lookaround/captures.rxt:81	byte	vm	none		0	-	-	0
tests/lookaround/captures.rxt:88	byte	vm	hybrid	unanchored	1	98	no	0
tests/lookaround/captures.rxt:94	byte	vm	hybrid	attempt	1	97	yes	0
tests/lookaround/captures.rxt:100	byte	vm	hybrid	attempt	1	98	yes	0
tests/lookaround/captures.rxt:107	byte	vm	hybrid	attempt	1	98	yes	0
tests/lookaround/captures.rxt:113	byte	vm	hybrid	unanchored	2	-	-	0
tests/lookaround/d27/adversarial.rxt:11	byte	vm	hybrid	unanchored	1	98	no	0
tests/lookaround/d27/adversarial.rxt:19	byte	vm	hybrid	unanchored	1	99	yes	0
tests/lookaround/d27/adversarial.rxt:38	byte	vm	none		256	98	yes	0
tests/lookaround/d27/adversarial.rxt:50	byte	vm	none		256	98	yes	0
tests/lookaround/d27/adversarial.rxt:59	byte	vm	hybrid	unanchored	1	120	yes	0
tests/lookaround/d27/adversarial.rxt:69	byte	vm	hybrid	unanchored	1	120	yes	0
tests/lookaround/d27/adversarial.rxt:92	byte	vm	hybrid	unanchored	1	97	yes	0
tests/lookaround/d27/adversarial.rxt:103	byte	vm	hybrid	unanchored	1	97	yes	0
tests/lookaround/d27/adversarial.rxt:117	byte	vm	hybrid	unanchored	2	-	-	0
tests/lookaround/d27/adversarial.rxt:77	byte	vm	hybrid	unanchored	1	120	yes	0
tests/lookaround/d27/adversarial.rxt:84	byte	vm	hybrid	unanchored	1	120	yes	0
tests/lookaround/d27/expansions.rxt:13	byte	dfa		empty	1	98	no	0
tests/lookaround/d27/expansions.rxt:23	byte	vm	hybrid	attempt	1	120	yes	0
tests/lookaround/d27/expansions.rxt:33	byte	vm	hybrid	unanchored	1	97	yes	0
tests/lookaround/d27/expansions.rxt:42	byte	vm	hybrid	unanchored	1	98	no	0
tests/lookaround/d27/longsubject.rxt:8	byte	vm	hybrid	unanchored	1	88	yes	0
tests/lookaround/d27/matrix.rxt:13	byte	vm	hybrid	unanchored	1	122	yes	0
tests/lookaround/d27/matrix.rxt:20	byte	vm	hybrid	unanchored	1	122	yes	0
tests/lookaround/d27/matrix.rxt:27	byte	vm	hybrid	unanchored	1	122	no	0
tests/lookaround/d27/matrix.rxt:34	byte	vm	hybrid	unanchored	2	-	-	0
tests/lookaround/d27/matrix.rxt:41	byte	vm	hybrid	unanchored	1	122	yes	0
tests/lookaround/d27/matrix.rxt:48	byte	vm	hybrid	unanchored	1	122	yes	0
tests/lookaround/d27/matrix.rxt:58	byte	vm	hybrid	unanchored	1	122	yes	0
tests/lookaround/d27/matrix.rxt:65	byte	dfa		empty	1	122	yes	0
tests/lookaround/d27/matrix.rxt:72	byte	dfa		unanchored	1	122	yes	0
tests/lookaround/d27/matrix.rxt:79	byte	dfa		empty	1	122	no	0
tests/lookaround/d27/matrix.rxt:86	byte	dfa		unanchored	2	-	-	0
tests/lookaround/d27/matrix.rxt:93	byte	dfa		unanchored	1	122	yes	0
tests/lookaround/d27/matrix.rxt:100	byte	vm	hybrid	empty	1	122	yes	0
tests/lookaround/d27/matrix.rxt:107	byte	vm	hybrid	empty	1	122	yes	0
tests/lookaround/d27/matrix.rxt:114	byte	dfa		empty	1	122	yes	0
tests/lookaround/d27/matrix.rxt:121	byte	dfa		unanchored	1	122	yes	0
tests/lookaround/d27/matrix.rxt:128	byte	dfa		empty	1	122	no	0
tests/lookaround/d27/matrix.rxt:135	byte	dfa		unanchored	2	-	-	0
tests/lookaround/d27/matrix.rxt:142	byte	dfa		unanchored	1	122	yes	0
tests/lookaround/d27/matrix.rxt:149	byte	vm	hybrid	empty	1	122	yes	0
tests/lookaround/d27/matrix.rxt:156	byte	vm	hybrid	empty	1	122	yes	0
tests/lookaround/d27/matrix.rxt:163	byte	vm	hybrid	unanchored	1	122	yes	0
tests/lookaround/d27/matrix.rxt:170	byte	vm	hybrid	unanchored	1	122	yes	0
tests/lookaround/d27/matrix.rxt:177	byte	vm	hybrid	unanchored	1	122	no	0
tests/lookaround/d27/matrix.rxt:184	byte	vm	hybrid	unanchored	2	-	-	0
tests/lookaround/d27/matrix.rxt:191	byte	vm	hybrid	unanchored	1	122	yes	0
tests/lookaround/d27/matrix.rxt:198	byte	vm	hybrid	unanchored	1	122	yes	0
tests/lookaround/d27/matrix.rxt:205	byte	vm	hybrid	unanchored	1	122	yes	0
tests/lookaround/d27/matrix.rxt:212	byte	vm	hybrid	unanchored	1	122	yes	0
tests/lookaround/d27/matrix.rxt:219	byte	vm	hybrid	unanchored	1	122	yes	0
tests/lookaround/d27/matrix.rxt:226	byte	vm	hybrid	unanchored	1	122	no	0
tests/lookaround/d27/matrix.rxt:233	byte	vm	hybrid	unanchored	2	-	-	0
tests/lookaround/d27/matrix.rxt:240	byte	vm	hybrid	unanchored	1	122	yes	0
tests/lookaround/d27/matrix.rxt:247	byte	vm	hybrid	unanchored	1	122	yes	0
tests/lookaround/d27/matrix.rxt:254	byte	vm	hybrid	unanchored	1	122	yes	0
tests/lookaround/d27/matrix.rxt:261	byte	vm	hybrid	unanchored	1	122	yes	0
tests/lookaround/d27/matrix.rxt:268	byte	vm	hybrid	unanchored	1	122	yes	0
tests/lookaround/d27/matrix.rxt:275	byte	vm	hybrid	unanchored	1	122	no	0
tests/lookaround/d27/matrix.rxt:282	byte	vm	hybrid	unanchored	2	-	-	0
tests/lookaround/d27/matrix.rxt:289	byte	vm	hybrid	unanchored	1	122	yes	0
tests/lookaround/d27/matrix.rxt:296	byte	vm	hybrid	unanchored	1	122	yes	0
tests/lookaround/d27/matrix.rxt:303	byte	vm	hybrid	unanchored	1	122	yes	0
tests/lookaround/d27/matrix.rxt:310	byte	vm	hybrid	unanchored	1	122	yes	0
tests/lookaround/d27/matrix.rxt:317	byte	vm	hybrid	unanchored	1	122	yes	0
tests/lookaround/d27/matrix.rxt:327	byte	vm	hybrid	unanchored	1	122	no	0
tests/lookaround/d27/matrix.rxt:334	byte	vm	hybrid	unanchored	2	-	-	0
tests/lookaround/d27/matrix.rxt:344	byte	vm	hybrid	unanchored	1	122	yes	0
tests/lookaround/d27/matrix.rxt:354	byte	vm	hybrid	unanchored	1	122	yes	0
tests/lookaround/d27/matrix.rxt:361	byte	vm	hybrid	unanchored	1	122	yes	0
tests/lookaround/d27/matrix.rxt:368	byte	vm	hybrid	unanchored	1	122	yes	0
tests/lookaround/d27/matrix.rxt:375	byte	vm	hybrid	unanchored	1	122	yes	0
tests/lookaround/d27/matrix.rxt:382	byte	vm	hybrid	unanchored	1	122	no	0
tests/lookaround/d27/matrix.rxt:389	byte	vm	hybrid	unanchored	2	-	-	0
tests/lookaround/d27/matrix.rxt:396	byte	vm	hybrid	unanchored	1	122	yes	0
tests/lookaround/d27/matrix.rxt:403	byte	vm	hybrid	unanchored	1	122	yes	0
tests/lookaround/d27/matrix.rxt:410	byte	vm	hybrid	unanchored	1	122	yes	0
tests/lookaround/d27/matrix.rxt:417	byte	vm	none		1	122	no	0
tests/lookaround/d27/matrix.rxt:424	byte	vm	none		1	122	no	0
tests/lookaround/d27/matrix.rxt:434	byte	vm	none		1	121	no	0
tests/lookaround/d27/matrix.rxt:441	byte	vm	none		1	97	yes	0
tests/lookaround/d27/matrix.rxt:451	byte	vm	none		1	122	no	0
tests/lookaround/d27/matrix.rxt:461	byte	vm	none		1	122	no	0
tests/lookaround/d27/matrix.rxt:468	byte	vm	none		1	122	no	0
tests/lookaround/d27/matrix.rxt:475	byte	vm	hybrid	unanchored	1	122	yes	0
tests/lookaround/d27/matrix.rxt:482	byte	vm	hybrid	unanchored	1	122	yes	0
tests/lookaround/d27/matrix.rxt:489	byte	vm	hybrid	unanchored	1	122	no	0
tests/lookaround/d27/matrix.rxt:496	byte	vm	hybrid	unanchored	2	-	-	0
tests/lookaround/d27/matrix.rxt:503	byte	vm	hybrid	unanchored	1	122	yes	0
tests/lookaround/d27/matrix.rxt:510	byte	vm	hybrid	unanchored	1	122	yes	0
tests/lookaround/d27/matrix.rxt:517	byte	vm	hybrid	unanchored	1	122	yes	0
tests/lookaround/d27/matrix.rxt:524	byte	dfa		unanchored	1	122	yes	0
tests/lookaround/d27/matrix.rxt:531	byte	dfa		unanchored	1	122	yes	0
tests/lookaround/d27/matrix.rxt:538	byte	dfa		unanchored	1	122	no	0
tests/lookaround/d27/matrix.rxt:545	byte	dfa		unanchored	2	-	-	0
tests/lookaround/d27/matrix.rxt:552	byte	dfa		unanchored	1	122	yes	0
tests/lookaround/d27/matrix.rxt:559	byte	vm	hybrid	unanchored	1	122	yes	0
tests/lookaround/d27/matrix.rxt:569	byte	vm	hybrid	unanchored	1	122	yes	0
tests/lookaround/d27/matrix.rxt:576	byte	dfa		unanchored	1	122	yes	0
tests/lookaround/d27/matrix.rxt:583	byte	dfa		unanchored	1	122	yes	0
tests/lookaround/d27/matrix.rxt:590	byte	dfa		unanchored	1	122	no	0
tests/lookaround/d27/matrix.rxt:597	byte	dfa		unanchored	2	-	-	0
tests/lookaround/d27/matrix.rxt:604	byte	dfa		unanchored	1	122	yes	0
tests/lookaround/d27/matrix.rxt:611	byte	vm	hybrid	unanchored	1	122	yes	0
tests/lookaround/d27/matrix.rxt:621	byte	vm	hybrid	unanchored	1	122	yes	0
tests/lookaround/d27/matrix.rxt:628	byte	vm	hybrid	unanchored	1	122	yes	0
tests/lookaround/d27/matrix.rxt:635	byte	vm	hybrid	unanchored	1	122	yes	0
tests/lookaround/d27/matrix.rxt:642	byte	vm	hybrid	unanchored	1	122	no	0
tests/lookaround/d27/matrix.rxt:649	byte	vm	hybrid	unanchored	2	-	-	0
tests/lookaround/d27/matrix.rxt:656	byte	vm	hybrid	unanchored	1	122	yes	0
tests/lookaround/d27/matrix.rxt:663	byte	vm	hybrid	unanchored	1	122	yes	0
tests/lookaround/d27/matrix.rxt:673	byte	vm	hybrid	unanchored	1	122	yes	0
tests/lookaround/d27/matrix.rxt:680	byte	vm	hybrid	unanchored	1	122	yes	0
tests/lookaround/d27/matrix.rxt:687	byte	vm	hybrid	unanchored	1	122	yes	0
tests/lookaround/d27/matrix.rxt:694	byte	vm	hybrid	unanchored	1	122	no	0
tests/lookaround/d27/matrix.rxt:701	byte	vm	hybrid	unanchored	2	-	-	0
tests/lookaround/d27/matrix.rxt:708	byte	vm	hybrid	unanchored	1	122	yes	0
tests/lookaround/d27/matrix.rxt:715	byte	vm	hybrid	unanchored	1	122	yes	0
tests/lookaround/d27/matrix.rxt:725	byte	vm	hybrid	unanchored	1	122	yes	0
tests/lookaround/d27/matrix.rxt:732	byte	vm	hybrid	unanchored	1	122	yes	0
tests/lookaround/d27/matrix.rxt:739	byte	vm	hybrid	unanchored	1	122	yes	0
tests/lookaround/d27/matrix.rxt:746	byte	vm	hybrid	unanchored	1	122	no	0
tests/lookaround/d27/matrix.rxt:753	byte	vm	hybrid	unanchored	2	-	-	0
tests/lookaround/d27/matrix.rxt:760	byte	vm	hybrid	unanchored	1	122	yes	0
tests/lookaround/d27/matrix.rxt:767	byte	vm	hybrid	unanchored	1	122	yes	0
tests/lookaround/d27/matrix.rxt:777	byte	vm	hybrid	unanchored	1	122	yes	0
tests/lookaround/d27/matrix.rxt:784	byte	vm	hybrid	unanchored	1	122	yes	0
tests/lookaround/d27/matrix.rxt:794	byte	vm	hybrid	unanchored	1	122	yes	0
tests/lookaround/d27/matrix.rxt:804	byte	vm	hybrid	unanchored	1	122	no	0
tests/lookaround/d27/matrix.rxt:814	byte	vm	hybrid	unanchored	2	-	-	0
tests/lookaround/d27/matrix.rxt:824	byte	vm	hybrid	unanchored	1	122	yes	0
tests/lookaround/d27/matrix.rxt:834	byte	vm	hybrid	unanchored	1	122	yes	0
tests/lookaround/d27/matrix.rxt:847	byte	vm	hybrid	unanchored	1	122	yes	0
tests/lookaround/d27/matrix.rxt:857	byte	vm	hybrid	unanchored	1	122	yes	0
tests/lookaround/d27/matrix.rxt:864	byte	vm	hybrid	unanchored	1	122	yes	0
tests/lookaround/d27/matrix.rxt:871	byte	vm	hybrid	unanchored	1	122	no	0
tests/lookaround/d27/matrix.rxt:878	byte	vm	hybrid	unanchored	2	-	-	0
tests/lookaround/d27/matrix.rxt:885	byte	vm	hybrid	unanchored	1	122	yes	0
tests/lookaround/d27/matrix.rxt:892	byte	vm	hybrid	unanchored	1	122	yes	0
tests/lookaround/d27/matrix.rxt:902	byte	vm	hybrid	unanchored	1	122	yes	0
tests/lookaround/d27/matrix.rxt:909	byte	vm	none		1	122	no	0
tests/lookaround/d27/matrix.rxt:919	byte	vm	none		1	122	no	0
tests/lookaround/d27/matrix.rxt:929	byte	vm	none		1	121	no	0
tests/lookaround/d27/matrix.rxt:939	byte	vm	none		1	97	yes	0
tests/lookaround/d27/matrix.rxt:949	byte	vm	none		1	122	no	0
tests/lookaround/d27/matrix.rxt:959	byte	vm	none		1	122	no	0
tests/lookaround/d27/matrix.rxt:972	byte	vm	none		1	122	no	0
tests/lookaround/d27/matrix.rxt:982	byte	vm	hybrid	unanchored	1	122	yes	0
tests/lookaround/d27/matrix.rxt:990	byte	vm	hybrid	unanchored	1	122	yes	0
tests/lookaround/d27/matrix.rxt:998	byte	vm	hybrid	unanchored	1	122	no	0
tests/lookaround/d27/matrix.rxt:1006	byte	vm	hybrid	unanchored	2	-	-	0
tests/lookaround/d27/matrix.rxt:1014	byte	vm	hybrid	unanchored	1	122	yes	0
tests/lookaround/d27/matrix.rxt:1022	byte	vm	hybrid	unanchored	1	122	yes	0
tests/lookaround/d27/matrix.rxt:1034	byte	vm	hybrid	unanchored	1	122	yes	0
tests/lookaround/d27/matrix.rxt:1042	byte	dfa		unanchored	1	122	yes	0
tests/lookaround/d27/matrix.rxt:1050	byte	dfa		empty	1	122	yes	0
tests/lookaround/d27/matrix.rxt:1057	byte	dfa		empty	1	122	no	0
tests/lookaround/d27/matrix.rxt:1064	byte	dfa		unanchored	2	-	-	0
tests/lookaround/d27/matrix.rxt:1072	byte	dfa		unanchored	1	122	yes	0
tests/lookaround/d27/matrix.rxt:1080	byte	vm	hybrid	unanchored	1	122	yes	0
tests/lookaround/d27/matrix.rxt:1092	byte	vm	hybrid	unanchored	1	122	yes	0
tests/lookaround/d27/matrix.rxt:1100	byte	dfa		unanchored	1	122	yes	0
tests/lookaround/d27/matrix.rxt:1108	byte	dfa		empty	1	122	yes	0
tests/lookaround/d27/matrix.rxt:1115	byte	dfa		empty	1	122	no	0
tests/lookaround/d27/matrix.rxt:1122	byte	dfa		unanchored	2	-	-	0
tests/lookaround/d27/matrix.rxt:1130	byte	dfa		unanchored	1	122	yes	0
tests/lookaround/d27/matrix.rxt:1138	byte	vm	hybrid	unanchored	1	122	yes	0
tests/lookaround/d27/matrix.rxt:1150	byte	vm	hybrid	unanchored	1	122	yes	0
tests/lookaround/d27/matrix.rxt:1158	byte	vm	hybrid	unanchored	1	122	yes	0
tests/lookaround/d27/matrix.rxt:1166	byte	vm	hybrid	unanchored	1	122	yes	0
tests/lookaround/d27/matrix.rxt:1173	byte	vm	hybrid	unanchored	1	122	no	0
tests/lookaround/d27/matrix.rxt:1180	byte	vm	hybrid	unanchored	2	-	-	0
tests/lookaround/d27/matrix.rxt:1188	byte	vm	hybrid	unanchored	1	122	yes	0
tests/lookaround/d27/matrix.rxt:1196	byte	vm	hybrid	unanchored	1	122	yes	0
tests/lookaround/d27/matrix.rxt:1206	byte	vm	hybrid	unanchored	1	122	yes	0
tests/lookaround/d27/matrix.rxt:1214	byte	vm	hybrid	unanchored	1	122	yes	0
tests/lookaround/d27/matrix.rxt:1222	byte	vm	hybrid	unanchored	1	122	yes	0
tests/lookaround/d27/matrix.rxt:1229	byte	vm	hybrid	unanchored	1	122	no	0
tests/lookaround/d27/matrix.rxt:1236	byte	vm	hybrid	unanchored	2	-	-	0
tests/lookaround/d27/matrix.rxt:1244	byte	vm	hybrid	unanchored	1	122	yes	0
tests/lookaround/d27/matrix.rxt:1252	byte	vm	hybrid	unanchored	1	122	yes	0
tests/lookaround/d27/matrix.rxt:1264	byte	vm	hybrid	unanchored	1	122	yes	0
tests/lookaround/d27/matrix.rxt:1273	byte	vm	hybrid	unanchored	1	122	yes	0
tests/lookaround/d27/matrix.rxt:1282	byte	vm	hybrid	unanchored	1	122	yes	0
tests/lookaround/d27/matrix.rxt:1290	byte	vm	hybrid	unanchored	1	122	no	0
tests/lookaround/d27/matrix.rxt:1298	byte	vm	hybrid	unanchored	2	-	-	0
tests/lookaround/d27/matrix.rxt:1307	byte	vm	hybrid	unanchored	1	122	yes	0
tests/lookaround/d27/matrix.rxt:1316	byte	vm	hybrid	unanchored	1	122	yes	0
tests/lookaround/d27/matrix.rxt:1329	byte	vm	hybrid	unanchored	1	122	yes	0
tests/lookaround/d27/matrix.rxt:1337	byte	vm	hybrid	unanchored	1	122	yes	0
tests/lookaround/d27/matrix.rxt:1349	byte	vm	hybrid	unanchored	1	122	yes	0
tests/lookaround/d27/matrix.rxt:1356	byte	vm	hybrid	unanchored	1	122	no	0
tests/lookaround/d27/matrix.rxt:1363	byte	vm	hybrid	unanchored	2	-	-	0
tests/lookaround/d27/matrix.rxt:1375	byte	vm	hybrid	unanchored	1	122	yes	0
tests/lookaround/d27/matrix.rxt:1387	byte	vm	hybrid	unanchored	1	122	yes	0
tests/lookaround/d27/matrix.rxt:1403	byte	vm	hybrid	unanchored	1	122	yes	0
tests/lookaround/d27/matrix.rxt:1415	byte	vm	hybrid	unanchored	1	122	yes	0
tests/lookaround/d27/matrix.rxt:1423	byte	vm	hybrid	unanchored	1	122	yes	0
tests/lookaround/d27/matrix.rxt:1430	byte	vm	hybrid	unanchored	1	122	no	0
tests/lookaround/d27/matrix.rxt:1437	byte	vm	hybrid	unanchored	2	-	-	0
tests/lookaround/d27/matrix.rxt:1445	byte	vm	hybrid	unanchored	1	122	yes	0
tests/lookaround/d27/matrix.rxt:1453	byte	vm	hybrid	unanchored	1	122	yes	0
tests/lookaround/d27/matrix.rxt:1465	byte	vm	hybrid	unanchored	1	122	yes	0
tests/lookaround/d27/matrix.rxt:1473	byte	vm	hybrid	unanchored	1	122	yes	0
tests/lookaround/d27/matrix.rxt:1480	byte	vm	hybrid	unanchored	1	122	yes	0
tests/lookaround/d27/matrix.rxt:1487	byte	vm	hybrid	unanchored	1	122	no	0
tests/lookaround/d27/matrix.rxt:1494	byte	vm	hybrid	unanchored	2	-	-	0
tests/lookaround/d27/matrix.rxt:1502	byte	vm	hybrid	unanchored	1	122	yes	0
tests/lookaround/d27/matrix.rxt:1510	byte	vm	hybrid	unanchored	1	122	yes	0
tests/lookaround/d27/matrix.rxt:1517	byte	vm	hybrid	unanchored	1	122	yes	0
tests/lookaround/d27/matrix.rxt:1524	byte	dfa		unanchored	1	122	yes	0
tests/lookaround/d27/matrix.rxt:1532	byte	dfa		unanchored	1	122	yes	0
tests/lookaround/d27/matrix.rxt:1540	byte	dfa		unanchored	1	122	no	0
tests/lookaround/d27/matrix.rxt:1548	byte	dfa		unanchored	2	-	-	0
tests/lookaround/d27/matrix.rxt:1556	byte	dfa		unanchored	1	122	yes	0
tests/lookaround/d27/matrix.rxt:1564	byte	vm	hybrid	unanchored	1	122	yes	0
tests/lookaround/d27/matrix.rxt:1576	byte	vm	hybrid	unanchored	1	122	yes	0
tests/lookaround/d27/matrix.rxt:1584	byte	dfa		unanchored	1	122	yes	0
tests/lookaround/d27/matrix.rxt:1592	byte	dfa		unanchored	1	122	yes	0
tests/lookaround/d27/matrix.rxt:1600	byte	dfa		unanchored	1	122	no	0
tests/lookaround/d27/matrix.rxt:1608	byte	dfa		unanchored	2	-	-	0
tests/lookaround/d27/matrix.rxt:1616	byte	dfa		unanchored	1	122	yes	0
tests/lookaround/d27/matrix.rxt:1624	byte	vm	hybrid	unanchored	1	122	yes	0
tests/lookaround/d27/matrix.rxt:1636	byte	vm	hybrid	unanchored	1	122	yes	0
tests/lookaround/d27/matrix.rxt:1644	byte	vm	hybrid	unanchored	1	122	yes	0
tests/lookaround/d27/matrix.rxt:1652	byte	vm	hybrid	unanchored	1	122	yes	0
tests/lookaround/d27/matrix.rxt:1660	byte	vm	hybrid	unanchored	1	122	no	0
tests/lookaround/d27/matrix.rxt:1668	byte	vm	hybrid	unanchored	2	-	-	0
tests/lookaround/d27/matrix.rxt:1676	byte	vm	hybrid	unanchored	1	122	yes	0
tests/lookaround/d27/matrix.rxt:1684	byte	vm	hybrid	unanchored	1	122	yes	0
tests/lookaround/d27/matrix.rxt:1696	byte	vm	hybrid	unanchored	1	122	yes	0
tests/lookaround/d27/matrix.rxt:1704	byte	vm	hybrid	unanchored	1	122	yes	0
tests/lookaround/d27/matrix.rxt:1712	byte	vm	hybrid	unanchored	1	122	yes	0
tests/lookaround/d27/matrix.rxt:1720	byte	vm	hybrid	unanchored	1	122	no	0
tests/lookaround/d27/matrix.rxt:1728	byte	vm	hybrid	unanchored	2	-	-	0
tests/lookaround/d27/matrix.rxt:1736	byte	vm	hybrid	unanchored	1	122	yes	0
tests/lookaround/d27/matrix.rxt:1744	byte	vm	hybrid	unanchored	1	122	yes	0
tests/lookaround/d27/matrix.rxt:1756	byte	vm	hybrid	unanchored	1	122	yes	0
tests/lookaround/d27/matrix.rxt:1765	byte	vm	hybrid	unanchored	1	122	yes	0
tests/lookaround/d27/matrix.rxt:1774	byte	vm	hybrid	unanchored	1	122	yes	0
tests/lookaround/d27/matrix.rxt:1783	byte	vm	hybrid	unanchored	1	122	no	0
tests/lookaround/d27/matrix.rxt:1792	byte	vm	hybrid	unanchored	2	-	-	0
tests/lookaround/d27/matrix.rxt:1801	byte	vm	hybrid	unanchored	1	122	yes	0
tests/lookaround/d27/matrix.rxt:1810	byte	vm	hybrid	unanchored	1	122	yes	0
tests/lookaround/d27/matrix.rxt:1823	byte	vm	hybrid	unanchored	1	122	yes	0
tests/lookaround/d27/matrix.rxt:1831	byte	vm	hybrid	unanchored	1	122	yes	0
tests/lookaround/d27/matrix.rxt:1843	byte	vm	hybrid	unanchored	1	122	yes	0
tests/lookaround/d27/matrix.rxt:1855	byte	vm	hybrid	unanchored	1	122	no	0
tests/lookaround/d27/matrix.rxt:1867	byte	vm	hybrid	unanchored	2	-	-	0
tests/lookaround/d27/matrix.rxt:1879	byte	vm	hybrid	unanchored	1	122	yes	0
tests/lookaround/d27/matrix.rxt:1891	byte	vm	hybrid	unanchored	1	122	yes	0
tests/lookaround/d27/matrix.rxt:1907	byte	vm	hybrid	unanchored	1	122	yes	0
tests/lookaround/d27/matrix.rxt:1919	byte	vm	hybrid	unanchored	1	122	yes	0
tests/lookaround/d27/matrix.rxt:1927	byte	vm	hybrid	unanchored	1	122	yes	0
tests/lookaround/d27/matrix.rxt:1935	byte	vm	hybrid	unanchored	1	122	no	0
tests/lookaround/d27/matrix.rxt:1943	byte	vm	hybrid	unanchored	2	-	-	0
tests/lookaround/d27/matrix.rxt:1951	byte	vm	hybrid	unanchored	1	122	yes	0
tests/lookaround/d27/matrix.rxt:1959	byte	vm	hybrid	unanchored	1	122	yes	0
tests/lookaround/d27/matrix.rxt:1971	byte	vm	hybrid	unanchored	1	122	yes	0
tests/lookaround/d27/matrix.rxt:1980	byte	vm	hybrid	unanchored	1	122	yes	0
tests/lookaround/d27/matrix.rxt:1988	byte	vm	hybrid	unanchored	1	122	yes	0
tests/lookaround/d27/matrix.rxt:1996	byte	vm	hybrid	unanchored	1	122	no	0
tests/lookaround/d27/matrix.rxt:2004	byte	vm	hybrid	unanchored	2	-	-	0
tests/lookaround/d27/matrix.rxt:2012	byte	vm	hybrid	unanchored	1	122	yes	0
tests/lookaround/d27/matrix.rxt:2020	byte	vm	hybrid	unanchored	1	122	yes	0
tests/lookaround/d27/matrix.rxt:2031	byte	vm	hybrid	unanchored	1	122	yes	0
tests/lookaround/d27/matrix.rxt:2039	byte	dfa		empty	1	122	yes	0
tests/lookaround/d27/matrix.rxt:2047	byte	dfa		unanchored	1	122	yes	0
tests/lookaround/d27/matrix.rxt:2055	byte	dfa		empty	1	122	no	0
tests/lookaround/d27/matrix.rxt:2063	byte	dfa		unanchored	2	-	-	0
tests/lookaround/d27/matrix.rxt:2071	byte	dfa		unanchored	1	122	yes	0
tests/lookaround/d27/matrix.rxt:2079	byte	vm	hybrid	empty	1	122	yes	0
tests/lookaround/d27/matrix.rxt:2087	byte	vm	hybrid	empty	1	122	yes	0
tests/lookaround/d27/matrix.rxt:2095	byte	dfa		empty	1	122	yes	0
tests/lookaround/d27/matrix.rxt:2103	byte	dfa		unanchored	1	122	yes	0
tests/lookaround/d27/matrix.rxt:2111	byte	dfa		empty	1	122	no	0
tests/lookaround/d27/matrix.rxt:2119	byte	dfa		unanchored	2	-	-	0
tests/lookaround/d27/matrix.rxt:2127	byte	dfa		unanchored	1	122	yes	0
tests/lookaround/d27/matrix.rxt:2135	byte	vm	hybrid	empty	1	122	yes	0
tests/lookaround/d27/matrix.rxt:2143	byte	vm	hybrid	empty	1	122	yes	0
tests/lookaround/d27/matrix.rxt:2151	byte	vm	hybrid	unanchored	1	122	yes	0
tests/lookaround/d27/matrix.rxt:2159	byte	vm	hybrid	unanchored	1	122	yes	0
tests/lookaround/d27/matrix.rxt:2167	byte	vm	hybrid	unanchored	1	122	no	0
tests/lookaround/d27/matrix.rxt:2175	byte	vm	hybrid	unanchored	2	-	-	0
tests/lookaround/d27/matrix.rxt:2183	byte	vm	hybrid	unanchored	1	122	yes	0
tests/lookaround/d27/matrix.rxt:2191	byte	vm	hybrid	unanchored	1	122	yes	0
tests/lookaround/d27/matrix.rxt:2199	byte	vm	hybrid	unanchored	1	122	yes	0
tests/lookaround/d27/matrix.rxt:2207	byte	vm	hybrid	unanchored	1	122	yes	0
tests/lookaround/d27/matrix.rxt:2215	byte	vm	hybrid	unanchored	1	122	yes	0
tests/lookaround/d27/matrix.rxt:2223	byte	vm	hybrid	unanchored	1	122	no	0
tests/lookaround/d27/matrix.rxt:2231	byte	vm	hybrid	unanchored	2	-	-	0
tests/lookaround/d27/matrix.rxt:2239	byte	vm	hybrid	unanchored	1	122	yes	0
tests/lookaround/d27/matrix.rxt:2247	byte	vm	hybrid	unanchored	1	122	yes	0
tests/lookaround/d27/matrix.rxt:2255	byte	vm	hybrid	unanchored	1	122	yes	0
tests/lookaround/d27/matrix.rxt:2263	byte	vm	hybrid	unanchored	1	122	yes	0
tests/lookaround/d27/matrix.rxt:2271	byte	vm	hybrid	unanchored	1	122	yes	0
tests/lookaround/d27/matrix.rxt:2279	byte	vm	hybrid	unanchored	1	122	no	0
tests/lookaround/d27/matrix.rxt:2287	byte	vm	hybrid	unanchored	2	-	-	0
tests/lookaround/d27/matrix.rxt:2295	byte	vm	hybrid	unanchored	1	122	yes	0
tests/lookaround/d27/matrix.rxt:2303	byte	vm	hybrid	unanchored	1	122	yes	0
tests/lookaround/d27/matrix.rxt:2311	byte	vm	hybrid	unanchored	1	122	yes	0
tests/lookaround/d27/matrix.rxt:2319	byte	vm	hybrid	unanchored	1	122	yes	0
tests/lookaround/d27/matrix.rxt:2327	byte	vm	hybrid	unanchored	1	122	yes	0
tests/lookaround/d27/matrix.rxt:2338	byte	vm	hybrid	unanchored	1	122	no	0
tests/lookaround/d27/matrix.rxt:2346	byte	vm	hybrid	unanchored	2	-	-	0
tests/lookaround/d27/matrix.rxt:2357	byte	vm	hybrid	unanchored	1	122	yes	0
tests/lookaround/d27/matrix.rxt:2368	byte	vm	hybrid	unanchored	1	122	yes	0
tests/lookaround/d27/matrix.rxt:2376	byte	vm	hybrid	unanchored	1	122	yes	0
tests/lookaround/d27/matrix.rxt:2384	byte	vm	hybrid	unanchored	1	122	yes	0
tests/lookaround/d27/matrix.rxt:2392	byte	vm	hybrid	unanchored	1	122	yes	0
tests/lookaround/d27/matrix.rxt:2400	byte	vm	hybrid	unanchored	1	122	no	0
tests/lookaround/d27/matrix.rxt:2408	byte	vm	hybrid	unanchored	2	-	-	0
tests/lookaround/d27/matrix.rxt:2416	byte	vm	hybrid	unanchored	1	122	yes	0
tests/lookaround/d27/matrix.rxt:2424	byte	vm	hybrid	unanchored	1	122	yes	0
tests/lookaround/d27/matrix.rxt:2432	byte	vm	hybrid	unanchored	1	122	yes	0
tests/lookaround/d27/matrix.rxt:2440	byte	vm	none		1	122	no	0
tests/lookaround/d27/matrix.rxt:2448	byte	vm	none		1	122	no	0
tests/lookaround/d27/matrix.rxt:2459	byte	vm	none		1	121	no	0
tests/lookaround/d27/matrix.rxt:2467	byte	vm	none		1	97	yes	0
tests/lookaround/d27/matrix.rxt:2478	byte	vm	none		1	122	no	0
tests/lookaround/d27/matrix.rxt:2489	byte	vm	none		1	122	no	0
tests/lookaround/d27/matrix.rxt:2497	byte	vm	none		1	122	no	0
tests/lookaround/d27/matrix.rxt:2505	byte	vm	hybrid	unanchored	1	122	yes	0
tests/lookaround/d27/matrix.rxt:2514	byte	vm	hybrid	unanchored	1	122	yes	0
tests/lookaround/d27/matrix.rxt:2523	byte	vm	hybrid	unanchored	1	122	no	0
tests/lookaround/d27/matrix.rxt:2532	byte	vm	hybrid	unanchored	2	-	-	0
tests/lookaround/d27/matrix.rxt:2541	byte	vm	hybrid	unanchored	1	122	yes	0
tests/lookaround/d27/matrix.rxt:2550	byte	vm	hybrid	unanchored	1	122	yes	0
tests/lookaround/d27/matrix.rxt:2563	byte	vm	hybrid	unanchored	1	122	yes	0
tests/lookaround/d27/matrix.rxt:2572	byte	dfa		unanchored	1	122	yes	0
tests/lookaround/d27/matrix.rxt:2581	byte	dfa		empty	1	122	yes	0
tests/lookaround/d27/matrix.rxt:2589	byte	dfa		empty	1	122	no	0
tests/lookaround/d27/matrix.rxt:2597	byte	dfa		unanchored	2	-	-	0
tests/lookaround/d27/matrix.rxt:2606	byte	dfa		unanchored	1	122	yes	0
tests/lookaround/d27/matrix.rxt:2615	byte	vm	hybrid	unanchored	1	122	yes	0
tests/lookaround/d27/matrix.rxt:2628	byte	vm	hybrid	unanchored	1	122	yes	0
tests/lookaround/d27/matrix.rxt:2637	byte	dfa		unanchored	1	122	yes	0
tests/lookaround/d27/matrix.rxt:2646	byte	dfa		empty	1	122	yes	0
tests/lookaround/d27/matrix.rxt:2654	byte	dfa		empty	1	122	no	0
tests/lookaround/d27/matrix.rxt:2662	byte	dfa		unanchored	2	-	-	0
tests/lookaround/d27/matrix.rxt:2671	byte	dfa		unanchored	1	122	yes	0
tests/lookaround/d27/matrix.rxt:2680	byte	vm	hybrid	unanchored	1	122	yes	0
tests/lookaround/d27/matrix.rxt:2693	byte	vm	hybrid	unanchored	1	122	yes	0
tests/lookaround/d27/matrix.rxt:2702	byte	vm	hybrid	unanchored	1	122	yes	0
tests/lookaround/d27/matrix.rxt:2711	byte	vm	hybrid	unanchored	1	122	yes	0
tests/lookaround/d27/matrix.rxt:2719	byte	vm	hybrid	unanchored	1	122	no	0
tests/lookaround/d27/matrix.rxt:2727	byte	vm	hybrid	unanchored	2	-	-	0
tests/lookaround/d27/matrix.rxt:2736	byte	vm	hybrid	unanchored	1	122	yes	0
tests/lookaround/d27/matrix.rxt:2745	byte	vm	hybrid	unanchored	1	122	yes	0
tests/lookaround/d27/matrix.rxt:2756	byte	vm	hybrid	unanchored	1	122	yes	0
tests/lookaround/d27/matrix.rxt:2765	byte	vm	hybrid	unanchored	1	122	yes	0
tests/lookaround/d27/matrix.rxt:2774	byte	vm	hybrid	unanchored	1	122	yes	0
tests/lookaround/d27/matrix.rxt:2782	byte	vm	hybrid	unanchored	1	122	no	0
tests/lookaround/d27/matrix.rxt:2790	byte	vm	hybrid	unanchored	2	-	-	0
tests/lookaround/d27/matrix.rxt:2799	byte	vm	hybrid	unanchored	1	122	yes	0
tests/lookaround/d27/matrix.rxt:2808	byte	vm	hybrid	unanchored	1	122	yes	0
tests/lookaround/d27/matrix.rxt:2821	byte	vm	hybrid	unanchored	1	122	yes	0
tests/lookaround/d27/matrix.rxt:2830	byte	vm	hybrid	unanchored	1	122	yes	0
tests/lookaround/d27/matrix.rxt:2839	byte	vm	hybrid	unanchored	1	122	yes	0
tests/lookaround/d27/matrix.rxt:2847	byte	vm	hybrid	unanchored	1	122	no	0
tests/lookaround/d27/matrix.rxt:2855	byte	vm	hybrid	unanchored	2	-	-	0
tests/lookaround/d27/matrix.rxt:2864	byte	vm	hybrid	unanchored	1	122	yes	0
tests/lookaround/d27/matrix.rxt:2873	byte	vm	hybrid	unanchored	1	122	yes	0
tests/lookaround/d27/matrix.rxt:2886	byte	vm	hybrid	unanchored	1	122	yes	0
tests/lookaround/d27/matrix.rxt:2895	byte	vm	hybrid	unanchored	1	122	yes	0
tests/lookaround/d27/matrix.rxt:2908	byte	vm	hybrid	unanchored	1	122	yes	0
tests/lookaround/d27/matrix.rxt:2916	byte	vm	hybrid	unanchored	1	122	no	0
tests/lookaround/d27/matrix.rxt:2924	byte	vm	hybrid	unanchored	2	-	-	0
tests/lookaround/d27/matrix.rxt:2937	byte	vm	hybrid	unanchored	1	122	yes	0
tests/lookaround/d27/matrix.rxt:2950	byte	vm	hybrid	unanchored	1	122	yes	0
tests/lookaround/d27/matrix.rxt:2967	byte	vm	hybrid	unanchored	1	122	yes	0
tests/lookaround/d27/matrix.rxt:2980	byte	vm	hybrid	unanchored	1	122	yes	0
tests/lookaround/d27/matrix.rxt:2989	byte	vm	hybrid	unanchored	1	122	yes	0
tests/lookaround/d27/matrix.rxt:2997	byte	vm	hybrid	unanchored	1	122	no	0
tests/lookaround/d27/matrix.rxt:3005	byte	vm	hybrid	unanchored	2	-	-	0
tests/lookaround/d27/matrix.rxt:3014	byte	vm	hybrid	unanchored	1	122	yes	0
tests/lookaround/d27/matrix.rxt:3023	byte	vm	hybrid	unanchored	1	122	yes	0
tests/lookaround/d27/matrix.rxt:3036	byte	vm	hybrid	unanchored	1	122	yes	0
tests/lookaround/d27/prefilter.rxt:8	byte	vm	hybrid	unanchored	1	113	no	0
tests/lookaround/d27/prefilter.rxt:33	byte	vm	hybrid	unanchored	1	98	no	0
tests/lookaround/d27/refusals.rxt:174	byte	vm	hybrid	empty	1	98	yes	0
tests/lookaround/d27/refusals.rxt:184	byte	vm	hybrid	empty	1	99	no	0
tests/lookaround/d27/refusals.rxt:194	byte	vm	hybrid	unanchored	1	98	yes	0
tests/lookaround/d27/spellings.rxt:10	byte	dfa		unanchored	0	-	-	0
tests/lookaround/d27/spellings.rxt:19	byte	dfa		unanchored	0	-	-	0
tests/lookaround/d27/spellings.rxt:28	byte	dfa		unanchored	0	-	-	0
tests/lookaround/d27/spellings.rxt:36	byte	dfa		unanchored	1	97	yes	0
tests/lookaround/d27/spellings.rxt:45	byte	dfa		unanchored	1	97	yes	0
tests/lookaround/d27/spellings.rxt:54	byte	dfa		unanchored	1	97	yes	0
tests/lookaround/d27/spellings.rxt:62	byte	dfa		unanchored	1	99	yes	0
tests/lookaround/d27/spellings.rxt:71	byte	dfa		unanchored	1	99	yes	0
tests/lookaround/d27/spellings.rxt:80	byte	dfa		unanchored	1	99	yes	0
tests/lookaround/d27/spellings.rxt:88	byte	dfa		unanchored	1	99	yes	0
tests/lookaround/d27/spellings.rxt:97	byte	dfa		unanchored	1	99	yes	0
tests/lookaround/d27/spellings.rxt:106	byte	dfa		unanchored	1	99	yes	0
tests/lookaround/d27/spellings.rxt:115	byte	vm	none		0	-	-	0
tests/lookaround/d27/spellings.rxt:162	byte	vm	none		0	-	-	0
tests/lookaround/d27/spellings.rxt:243	byte	vm	hybrid	unanchored	1	98	no	0
tests/lookaround/d27/spellings.rxt:250	byte	vm	hybrid	unanchored	1	98	no	0
tests/lookaround/d27/spellings.rxt:256	byte	vm	hybrid	unanchored	1	98	no	0
tests/lookaround/d27/spellings.rxt:262	byte	vm	hybrid	unanchored	1	98	no	0
tests/lookaround/d27/spellings.rxt:268	byte	vm	none		0	-	-	0
tests/lookaround/d27/spellings.rxt:275	byte	vm	none		0	-	-	0
tests/lookaround/d27/spellings.rxt:283	byte	dfa		unanchored	0	-	-	0
tests/lookaround/d27/spellings.rxt:291	byte	dfa		unanchored	0	-	-	0
tests/lookaround/d27/spellings.rxt:299	byte	dfa		unanchored	0	-	-	0
tests/lookaround/d27/spellings.rxt:307	byte	dfa		unanchored	0	-	-	0
tests/lookaround/d27/spellings.rxt:315	byte	dfa		attempt	1	97	yes	0
tests/lookaround/d27/spellings.rxt:323	byte	dfa		attempt	1	97	yes	0
tests/lookaround/d27/spellings.rxt:331	byte	dfa		attempt	2	97	yes	0
tests/lookaround/d27/spellings.rxt:339	byte	dfa		attempt	1	97	yes	0
tests/lookaround/d27/spellings.rxt:347	byte	vm	hybrid	attempt	1	97	yes	0
tests/lookaround/gated.rxt:35	byte	dfa		unanchored	1	98	no	0
tests/lookaround/gated.rxt:133	byte	vm	hybrid	unanchored	1	98	no	0
tests/lookaround/gated.rxt:52	byte	dfa		empty	1	98	yes	0
tests/lookaround/gated.rxt:85	byte	dfa		unanchored	1	98	yes	0
tests/lookaround/gated.rxt:95	byte	dfa		unanchored	1	98	yes	0
tests/lookaround/lookahead.rxt:32	byte	vm	hybrid	unanchored	1	98	no	0
tests/lookaround/lookahead.rxt:41	byte	dfa		unanchored	1	98	no	0
tests/lookaround/lookahead.rxt:48	byte	dfa		unanchored	1	98	no	0
tests/lookaround/lookahead.rxt:56	byte	dfa		unanchored	1	98	no	0
tests/lookaround/lookahead.rxt:79	byte	dfa		unanchored	1	98	no	0
tests/lookaround/lookahead.rxt:86	byte	dfa		unanchored	2	99	no	0
tests/lookaround/lookahead.rxt:94	byte	vm	hybrid	unanchored	1	98	no	0
tests/lookaround/lookahead.rxt:101	byte	vm	hybrid	unanchored	1	98	no	0
tests/lookaround/lookahead.rxt:107	byte	vm	hybrid	unanchored	1	98	no	0
tests/lookaround/lookahead.rxt:116	byte	vm	hybrid	unanchored	1	98	no	0
tests/lookaround/lookahead.rxt:136	byte	vm	hybrid	unanchored	1	97	yes	0
tests/lookaround/lookahead.rxt:176	byte	vm	none		0	-	-	0
tests/lookaround/lookahead.rxt:183	byte	dfa		unanchored	1	98	yes	0
tests/lookaround/lookahead.rxt:189	byte	dfa		unanchored	1	98	yes	0
tests/lookaround/lookahead.rxt:202	byte	dfa		unanchored	0	-	-	0
tests/lookaround/lookahead.rxt:212	byte	dfa		unanchored	0	-	-	0
tests/lookaround/lookahead.rxt:221	byte	vm	hybrid	unanchored	1	98	no	0
tests/lookaround/lookahead.rxt:228	byte	vm	hybrid	unanchored	1	98	no	0
tests/lookaround/lookahead.rxt:266	byte	vm	hybrid	unanchored	1	98	no	0
tests/lookaround/lookbehind.rxt:55	byte	vm	hybrid	unanchored	1	120	yes	0
tests/lookaround/lookbehind.rxt:67	byte	vm	hybrid	unanchored	1	120	yes	0
tests/lookaround/lookbehind.rxt:76	byte	vm	hybrid	unanchored	1	120	yes	0
tests/lookaround/lookbehind.rxt:85	byte	vm	hybrid	unanchored	1	120	yes	0
tests/lookaround/lookbehind.rxt:96	byte	vm	hybrid	unanchored	1	120	yes	0
tests/lookaround/lookbehind.rxt:107	byte	dfa		unanchored	1	98	yes	0
tests/lookaround/lookbehind.rxt:117	byte	vm	hybrid	unanchored	1	120	yes	0
tests/lookaround/lookbehind.rxt:128	byte	vm	hybrid	unanchored	1	120	yes	0
tests/lookaround/lookbehind.rxt:135	byte	vm	hybrid	unanchored	1	120	yes	0
tests/lookaround/lookbehind.rxt:143	byte	dfa		unanchored	1	98	no	0
tests/lookaround/lookbehind.rxt:153	byte	vm	hybrid	unanchored	1	99	yes	0
tests/lookaround/lookbehind.rxt:164	byte	vm	hybrid	unanchored	1	99	yes	0
tests/lookaround/lookbehind.rxt:176	byte	dfa		unanchored	0	-	-	0
tests/lookaround/lookbehind.rxt:189	byte	vm	hybrid	unanchored	1	98	no	0
tests/lookaround/lookbehind.rxt:197	byte	vm	hybrid	unanchored	1	99	yes	0
tests/lookaround/lookbehind.rxt:204	byte	vm	hybrid	unanchored	1	120	yes	0
tests/lookaround/lookbehind.rxt:212	byte	vm	hybrid	unanchored	2	-	-	0
tests/lookaround/lookbehind.rxt:221	byte	vm	hybrid	unanchored	1	98	yes	0
tests/lookaround/lookbehind.rxt:235	byte	dfa		unanchored	1	98	yes	0
tests/lookaround/lookbehind.rxt:242	byte	vm	hybrid	unanchored	1	98	yes	0
tests/lookaround/lookbehind.rxt:249	byte	vm	hybrid	unanchored	1	99	yes	0
tests/lookaround/lookbehind.rxt:257	byte	vm	hybrid	unanchored	1	99	yes	0
tests/lookaround/lookbehind.rxt:264	byte	vm	hybrid	unanchored	1	99	yes	0
tests/lookaround/lookbehind.rxt:273	byte	dfa		unanchored	1	120	yes	0
tests/lookaround/lookbehind.rxt:281	byte	dfa		unanchored	1	120	yes	0
tests/lookaround/lookbehind.rxt:288	byte	dfa		unanchored	1	120	yes	0
tests/lookaround/lookbehind.rxt:295	byte	dfa		unanchored	1	98	yes	0
tests/lookaround/lookbehind.rxt:303	byte	vm	hybrid	unanchored	1	98	yes	0
tests/lookaround/lookbehind.rxt:310	byte	vm	hybrid	unanchored	1	98	yes	0
tests/lookaround/lookbehind.rxt:334	byte	vm	hybrid	unanchored	1	98	yes	0
tests/lookaround/lookbehind_widths.rxt:42	byte	vm	hybrid	unanchored	1	120	yes	0
tests/lookaround/lookbehind_widths.rxt:58	byte	vm	hybrid	unanchored	1	120	yes	0
tests/lookaround/lookbehind_widths.rxt:74	byte	vm	hybrid	unanchored	1	120	yes	0
tests/lookaround/lookbehind_widths.rxt:91	byte	vm	hybrid	unanchored	1	99	yes	0
tests/lookaround/lookbehind_widths.rxt:107	byte	vm	hybrid	unanchored	1	99	yes	0
tests/lookaround/lookbehind_widths.rxt:121	byte	vm	hybrid	unanchored	1	99	yes	0
tests/lookaround/lookbehind_widths.rxt:137	byte	vm	hybrid	unanchored	1	99	yes	0
tests/lookaround/lookbehind_widths.rxt:154	byte	vm	hybrid	unanchored	1	121	yes	0
tests/lookaround/lookbehind_widths.rxt:168	byte	vm	hybrid	unanchored	1	120	yes	0
tests/lookaround/lookbehind_widths.rxt:181	byte	vm	hybrid	unanchored	1	120	yes	0
tests/lookaround/lookbehind_widths.rxt:193	byte	vm	hybrid	unanchored	1	98	no	0
tests/lookaround/lookbehind_widths.rxt:211	byte	vm	hybrid	unanchored	1	120	yes	0
tests/lookaround/lookbehind_widths.rxt:225	byte	vm	hybrid	unanchored	1	120	yes	0
tests/lookaround/lookbehind_widths.rxt:236	byte	vm	hybrid	unanchored	1	120	yes	0
tests/lookaround/nonatomic_ahead.rxt:52	byte	dfa		empty	1	98	yes	0
tests/lookaround/nonatomic_ahead.rxt:65	byte	vm	hybrid	unanchored	1	98	no	0
tests/lookaround/nonatomic_ahead.rxt:77	byte	dfa		unanchored	1	98	no	0
tests/lookaround/nonatomic_ahead.rxt:88	byte	vm	hybrid	unanchored	1	97	yes	0
tests/lookaround/nonatomic_ahead.rxt:99	byte	dfa		empty	1	97	yes	0
tests/lookaround/nonatomic_ahead.rxt:109	byte	dfa		unanchored	1	97	yes	0
tests/lookaround/nonatomic_ahead.rxt:120	byte	vm	hybrid	unanchored	1	98	no	0
tests/lookaround/nonatomic_ahead.rxt:129	byte	vm	hybrid	unanchored	1	98	no	0
tests/lookaround/nonatomic_ahead.rxt:137	byte	vm	hybrid	unanchored	1	98	no	0
tests/lookaround/nonatomic_behind.rxt:41	byte	vm	none		1	99	yes	0
tests/lookaround/nonatomic_behind.rxt:57	byte	vm	none		1	99	yes	0
tests/lookaround/nonatomic_behind.rxt:68	byte	vm	none		1	99	yes	0
tests/lookaround/nonatomic_behind.rxt:82	byte	vm	hybrid	unanchored	1	99	yes	0
tests/lookaround/nonatomic_behind.rxt:108	byte	vm	hybrid	unanchored	1	99	yes	0
tests/lookaround/nonatomic_behind.rxt:121	byte	vm	hybrid	unanchored	1	120	yes	0
tests/lookaround/nonatomic_behind.rxt:134	byte	dfa		unanchored	1	98	yes	0
tests/lookaround/nonatomic_behind.rxt:146	byte	vm	hybrid	unanchored	1	99	yes	0
tests/lookaround/nonatomic_behind.rxt:156	byte	vm	hybrid	unanchored	1	99	yes	0
tests/lookaround/nonatomic_behind.rxt:167	byte	vm	hybrid	unanchored	1	97	yes	0
tests/lookaround/prefilter.rxt:58	byte	dfa		unanchored	1	113	no	0
tests/lookaround/prefilter.rxt:67	byte	vm	hybrid	unanchored	1	113	no	0
tests/lookaround/prefilter.rxt:81	byte	dfa		unanchored	1	113	no	0
tests/lookaround/prefilter.rxt:93	byte	vm	hybrid	unanchored	2	113	no	0
tests/lookaround/prefilter.rxt:112	byte	vm	hybrid	unanchored	1	113	no	0
tests/lookaround/prefilter.rxt:130	byte	vm	hybrid	unanchored	1	113	no	0
tests/lookaround/prefilter.rxt:145	byte	dfa		unanchored	1	97	yes	0
tests/lookaround/prefilter.rxt:156	byte	dfa		unanchored	1	97	yes	0
tests/lookaround/quantified.rxt:69	byte	dfa		unanchored	1	97	yes	0
tests/lookaround/quantified.rxt:74	byte	dfa		unanchored	1	97	yes	0
tests/lookaround/quantified.rxt:79	byte	dfa		unanchored	1	97	yes	0
tests/lookaround/quantified.rxt:84	byte	dfa		unanchored	1	97	yes	0
tests/lookaround/quantified.rxt:88	byte	dfa		unanchored	1	97	yes	0
tests/lookaround/quantified.rxt:92	byte	dfa		unanchored	1	98	yes	0
tests/lookaround/quantified.rxt:97	byte	dfa		unanchored	1	98	yes	0
tests/lookaround/quantified.rxt:103	byte	vm	hybrid	unanchored	1	97	yes	0
tests/lookaround/quantified.rxt:108	byte	dfa		unanchored	1	97	yes	0
tests/lookaround/quantified.rxt:114	byte	vm	hybrid	unanchored	1	97	yes	0
tests/lookaround/quantified.rxt:121	byte	dfa		unanchored	1	97	yes	0
tests/lookaround/startpos.rxt:69	byte	vm	hybrid	unanchored	1	99	yes	0
tests/lookaround/startpos.rxt:127	byte	vm	hybrid	unanchored	1	120	yes	0
tests/lookaround/workbudget.rxt:42	byte	vm	hybrid	unanchored	1	120	yes	0
tests/lookaround/workbudget.rxt:54	byte	vm	hybrid	unanchored	2	-	-	0
tests/lookaround/workbudget.rxt:63	byte	vm	hybrid	unanchored	1	120	yes	0
tests/modifiers/letters.rxt:32	byte	dfa		unanchored	1	98	no	0
tests/modifiers/letters.rxt:42	byte	dfa		unanchored	1	97	yes	0
tests/modifiers/letters.rxt:47	byte	dfa		unanchored	1	97	yes	0
tests/modifiers/letters.rxt:54	byte	dfa		unanchored	1	97	yes	0
tests/modifiers/letters.rxt:72	byte	dfa		unanchored	1	120	yes	0
tests/modifiers/letters.rxt:80	byte	dfa		unanchored	1	97	yes	0
tests/modifiers/letters.rxt:86	byte	dfa		unanchored	1	97	yes	0
tests/modifiers/malformed_and_gate.rxt:144	byte	dfa		unanchored	1	97	yes	0
tests/modifiers/malformed_and_gate.rxt:149	byte	dfa		unanchored	1	98	no	0
tests/modifiers/malformed_and_gate.rxt:153	byte	dfa		unanchored	1	98	no	0
tests/modifiers/malformed_and_gate.rxt:158	byte	dfa		unanchored	1	98	no	0
tests/modifiers/malformed_and_gate.rxt:163	byte	dfa		unanchored	1	98	no	0
tests/modifiers/malformed_and_gate.rxt:168	byte	dfa		unanchored	1	98	no	0
tests/modifiers/malformed_and_gate.rxt:107	byte	vm	hybrid	unanchored	1	120	no	0
tests/modifiers/reset.rxt:44	byte	dfa		unanchored	2	97	yes	0
tests/modifiers/reset.rxt:52	byte	dfa		unanchored	1	97	yes	0
tests/modifiers/reset.rxt:67	byte	dfa		unanchored	255	-	-	0
tests/modifiers/reset.rxt:74	byte	vm	hybrid	unanchored	1	97	yes	0
tests/modifiers/reset.rxt:81	byte	dfa		unanchored	1	98	no	0
tests/modifiers/reset.rxt:88	byte	dfa		unanchored	3	-	-	0
tests/modifiers/reset.rxt:60	byte	vm	hybrid	unanchored	1	98	no	0
tests/modifiers/scope.rxt:39	byte	dfa		unanchored	2	98	no	0
tests/modifiers/scope.rxt:47	byte	dfa		unanchored	1	120	yes	0
tests/modifiers/scope.rxt:55	byte	dfa		unanchored	2	98	no	0
tests/modifiers/scope.rxt:63	byte	vm	hybrid	unanchored	1	99	no	0
tests/modifiers/scope.rxt:69	byte	vm	hybrid	unanchored	1	67	no	0
tests/modifiers/scope.rxt:79	byte	vm	hybrid	unanchored	3	100	no	0
tests/modifiers/scope.rxt:94	byte	dfa		unanchored	1	97	yes	0
tests/modifiers/scope.rxt:101	byte	dfa		unanchored	0	-	-	0
tests/modifiers/xmode.rxt:44	byte	dfa		unanchored	1	98	no	0
tests/modifiers/xmode.rxt:51	byte	dfa		unanchored	1	98	no	0
tests/modifiers/xmode.rxt:60	byte	dfa		unanchored	1	98	no	0
tests/modifiers/xmode.rxt:66	byte	dfa		unanchored	3	-	-	0
tests/modifiers/xxmode.rxt:46	byte	dfa		unanchored	2	-	-	0
tests/modifiers/xxmode.rxt:62	byte	dfa		unanchored	66	-	-	0
tests/modifiers/xxmode.rxt:80	byte	dfa		unanchored	3	-	-	0
tests/modifiers/xxmode.rxt:87	byte	dfa		unanchored	2	-	-	0
tests/modifiers/xxmode.rxt:100	byte	dfa		unanchored	3	-	-	0
tests/modifiers/xxmode.rxt:108	byte	dfa		unanchored	3	-	-	0
tests/mrl/01_trailing.rxt:26	byte	dfa		unanchored	1	97	yes	0
tests/mrl/01_trailing.rxt:49	byte	dfa		unanchored	1	97	yes	0
tests/mrl/01_trailing.rxt:58	byte	dfa		unanchored	1	97	yes	0
tests/mrl/02_alternation.rxt:11	byte	dfa		unanchored	2	122	no	0
tests/mrl/02_alternation.rxt:22	byte	dfa		unanchored	2	122	no	0
tests/mrl/02_alternation.rxt:28	byte	dfa		unanchored	2	100	no	0
tests/mrl/03_zerowidth.rxt:19	byte	dfa		unanchored	2	98	yes	0
tests/mrl/03_zerowidth.rxt:30	byte	vm	hybrid	unanchored	1	97	yes	0
tests/mrl/03_zerowidth.rxt:37	byte	dfa		attempt	0	-	-	0
tests/mrl/03_zerowidth.rxt:44	byte	dfa		unanchored	0	-	-	0
tests/mrl/03_zerowidth.rxt:52	byte	dfa		unanchored	3	99	yes	0
tests/mrl/03_zerowidth.rxt:58	byte	dfa		unanchored	3	99	yes	0
tests/mrl/04_nesting.rxt:22	byte	vm	hybrid	unanchored	1	99	no	0
tests/mrl/04_nesting.rxt:30	byte	vm	hybrid	unanchored	1	97	yes	0
tests/mrl/05_multibyte_body.rxt:12	byte	dfa		unanchored	1	98	no	0
tests/mrl/05_multibyte_body.rxt:21	byte	dfa		unanchored	1	98	no	0
tests/mrl/05_multibyte_body.rxt:28	byte	dfa		unanchored	1	98	no	0
tests/mrl/06_lazy.rxt:21	byte	vm	hybrid	unanchored	1	97	yes	0
tests/mrl/06_lazy.rxt:35	byte	vm	hybrid	unanchored	1	97	yes	0
tests/mrl/07_partial_and_startpos.rxt:11	byte	dfa		unanchored	1	98	no	0
tests/mrl/08_nomatch.rxt:14	byte	dfa		unanchored	1	98	no	0
tests/mrl/08_nomatch.rxt:26	byte	dfa		unanchored	2	122	no	0
tests/mrl/08_nomatch.rxt:31	byte	dfa		unanchored	1	98	no	0
tests/mrl/09_captures.rxt:12	byte	vm	hybrid	unanchored	1	98	no	0
tests/mrl/09_captures.rxt:28	byte	vm	hybrid	unanchored	2	122	no	0
tests/mrl/09_captures.rxt:40	byte	vm	hybrid	unanchored	1	99	no	0
tests/mrl/11_motivating_shape_small.rxt:12	byte	vm	hybrid	unanchored	1	97	yes	0
tests/named_groups/d27/case_sensitivity.rxt:27	byte	vm	hybrid	unanchored	1	98	no	0
tests/named_groups/d27/case_sensitivity.rxt:38	byte	vm	hybrid	unanchored	2	-	-	0
tests/named_groups/d27/name_syntax.rxt:31	byte	vm	hybrid	unanchored	1	97	yes	0
tests/named_groups/d27/name_syntax.rxt:36	byte	vm	hybrid	unanchored	1	97	yes	0
tests/named_groups/d27/name_syntax.rxt:41	byte	vm	hybrid	unanchored	1	97	yes	0
tests/named_groups/d27/name_syntax.rxt:49	byte	vm	hybrid	unanchored	1	97	yes	0
tests/named_groups/d27/name_syntax.rxt:114	byte	vm	hybrid	unanchored	1	97	yes	0
tests/named_groups/d27/name_syntax.rxt:122	byte	vm	hybrid	unanchored	1	97	yes	0
tests/named_groups/d27/numbering_capture.rxt:17	byte	vm	hybrid	unanchored	1	98	no	0
tests/named_groups/d27/numbering_capture.rxt:27	byte	vm	hybrid	unanchored	1	98	no	0
tests/named_groups/d27/numbering_capture.rxt:37	byte	vm	hybrid	unanchored	1	122	no	0
tests/named_groups/d27/numbering_capture.rxt:55	byte	vm	hybrid	unanchored	2	-	-	0
tests/named_groups/d27/numbering_capture.rxt:71	byte	vm	none		0	-	-	0
tests/named_groups/d27/numbering_capture.rxt:81	byte	vm	none		0	-	-	0
tests/named_groups/d27/spellings.rxt:23	byte	vm	hybrid	unanchored	1	97	yes	0
tests/named_groups/d27/spellings.rxt:28	byte	vm	hybrid	unanchored	1	97	yes	0
tests/named_groups/d27/spellings.rxt:33	byte	vm	hybrid	unanchored	1	97	yes	0
tests/named_groups/d27/spellings.rxt:46	byte	vm	hybrid	unanchored	1	97	yes	0
tests/named_groups/d27/spellings.rxt:51	byte	vm	hybrid	unanchored	1	97	yes	0
tests/named_groups/d27/spellings.rxt:56	byte	vm	hybrid	unanchored	1	100	no	0
tests/named_groups/d27/spellings.rxt:64	byte	vm	hybrid	unanchored	2	-	-	0
tests/named_groups/named_groups.rxt:31	byte	vm	hybrid	unanchored	26	45	no	1
tests/named_groups/named_groups.rxt:42	byte	vm	hybrid	unanchored	26	45	no	1
tests/named_groups/named_groups.rxt:52	byte	vm	hybrid	unanchored	26	45	no	1
tests/named_groups/named_groups.rxt:62	byte	vm	hybrid	unanchored	1	98	no	0
tests/named_groups/named_groups.rxt:81	byte	vm	hybrid	unanchored	1	98	no	0
tests/named_groups/named_groups.rxt:93	byte	vm	hybrid	unanchored	2	-	-	0
tests/named_groups/named_groups.rxt:103	byte	vm	hybrid	unanchored	1	98	no	0
tests/named_groups/named_groups.rxt:112	byte	vm	hybrid	unanchored	2	-	-	0
tests/named_groups/named_groups.rxt:121	byte	vm	hybrid	unanchored	1	97	yes	0
tests/named_groups/named_groups.rxt:135	byte	vm	hybrid	unanchored	1	98	no	0
tests/named_groups/named_groups.rxt:156	byte	vm	hybrid	unanchored	1	98	no	0
tests/offsetskip/offset_skip.rxt:43	byte	dfa		unanchored	10	45	no	0
tests/offsetskip/offset_skip.rxt:56	byte	dfa		unanchored	16	45	no	1
tests/offsetskip/offset_skip.rxt:68	byte	dfa		unanchored	1	97	yes	0
tests/offsetskip/offset_skip.rxt:78	byte	dfa		unanchored	1	90	no	0
tests/offsetskip/offset_skip.rxt:168	byte	dfa		unanchored	2	45	yes	0
tests/offsetskip/offset_skip.rxt:220	byte	dfa		unanchored	10	45	no	0
tests/offsetskip/offset_skip.rxt:255	byte	dfa		unanchored	16	-	-	0
tests/offsetskip/offset_skip.rxt:262	byte	dfa		unanchored	10	46	no	0
tests/offsetskip/offset_skip.rxt:270	byte	dfa		unanchored	41	64	no	1
tests/offsetskip/offset_skip.rxt:277	byte	dfa		unanchored	1	58	yes	0
tests/offsetskip/offset_skip.rxt:306	byte	dfa		unanchored	1	90	no	0
tests/offsetskip/offset_skip.rxt:318	byte	dfa		unanchored	1	58	yes	0
tests/offsetskip/offset_skip.rxt:326	byte	dfa		unanchored	1	45	yes	0
tests/offsetskip/run_pinned.rxt:23	byte	dfa		unanchored	1	47	yes	0
tests/offsetskip/run_pinned.rxt:39	byte	dfa		unanchored	1	47	yes	0
tests/offsetskip/run_pinned.rxt:48	byte	dfa		unanchored	1	47	yes	0
tests/offsetskip/run_pinned.rxt:71	byte	dfa		unanchored	2	47	no	0
tests/offsetskip/run_pinned.rxt:82	byte	vm	hybrid	unanchored	1	47	no	0
tests/offsetskip/run_pinned.rxt:90	byte	dfa		unanchored	1	47	yes	0
tests/offsetskip/run_pinned.rxt:110	byte	dfa		unanchored	1	47	yes	0
tests/possessify/composition_d27.rxt:23	byte	dfa		unanchored	0	-	-	0
tests/possessify/composition_d27.rxt:38	byte	dfa		unanchored	0	-	-	0
tests/possessify/composition_d27.rxt:53	byte	dfa		unanchored	1	98	no	0
tests/possessify/composition_d27.rxt:68	byte	dfa		unanchored	2	97	yes	0
tests/possessify/composition_d27.rxt:83	byte	dfa		unanchored	0	-	-	0
tests/possessify/composition_d27.rxt:98	byte	dfa		unanchored	1	45	yes	0
tests/possessify/composition_d27.rxt:113	byte	dfa		unanchored	2	45	yes	0
tests/possessify/composition_d27.rxt:128	byte	dfa		unanchored	6	-	-	0
tests/possessify/composition_d27.rxt:143	byte	dfa		unanchored	1	45	yes	0
tests/possessify/composition_d27.rxt:158	byte	dfa		unanchored	1	97	yes	0
tests/possessify/composition_d27.rxt:173	byte	dfa		unanchored	193	-	-	0
tests/possessify/composition_d27.rxt:188	byte	dfa		unanchored	6	-	-	0
tests/possessify/composition_d27.rxt:203	byte	dfa		unanchored	0	-	-	0
tests/possessify/composition_d27.rxt:218	byte	dfa		unanchored	256	-	-	0
tests/possessify/composition_d27.rxt:233	byte	dfa		unanchored	0	-	-	0
tests/possessify/composition_d27.rxt:248	byte	dfa		unanchored	2	-	-	0
tests/possessify/composition_d27.rxt:263	byte	dfa		unanchored	1	97	yes	0
tests/possessify/composition_d27.rxt:278	byte	dfa		unanchored	255	-	-	0
tests/possessify/composition_d27.rxt:293	byte	dfa		unanchored	3	-	-	0
tests/possessify/composition_d27.rxt:308	byte	dfa		unanchored	0	-	-	0
tests/possessify/composition_d27.rxt:323	byte	dfa		unanchored	2	65	no	0
tests/possessify/composition_d27.rxt:338	byte	dfa		unanchored	2	98	yes	0
tests/possessify/composition_d27.rxt:353	byte	dfa		unanchored	1	45	yes	0
tests/possessify/composition_d27.rxt:368	byte	dfa		unanchored	2	65	yes	0
tests/possessify/composition_d27.rxt:383	byte	dfa		unanchored	255	-	-	0
tests/possessify/composition_d27.rxt:398	byte	dfa		unanchored	1	65	no	0
tests/possessify/composition_d27.rxt:413	byte	dfa		unanchored	0	-	-	0
tests/possessify/composition_d27.rxt:428	byte	dfa		unanchored	0	-	-	0
tests/possessify/composition_d27.rxt:443	byte	dfa		unanchored	1	45	no	0
tests/possessify/composition_d27.rxt:458	byte	vm	none		0	-	-	0
tests/possessify/composition_d27.rxt:473	byte	dfa		unanchored	1	45	yes	0
tests/possessify/composition_d27.rxt:488	byte	dfa		unanchored	1	45	yes	0
tests/possessify/composition_d27.rxt:503	byte	dfa		unanchored	255	65	yes	1
tests/possessify/composition_d27.rxt:518	byte	dfa		unanchored	10	-	-	0
tests/possessify/composition_d27.rxt:533	byte	dfa		unanchored	63	97	yes	1
tests/possessify/composition_d27.rxt:548	byte	dfa		unanchored	2	98	no	0
tests/possessify/composition_d27.rxt:563	byte	dfa		unanchored	10	-	-	0
tests/possessify/composition_d27.rxt:578	byte	dfa		unanchored	255	45	yes	1
tests/possessify/composition_d27.rxt:593	byte	dfa		unanchored	255	98	yes	1
tests/possessify/composition_d27.rxt:608	byte	dfa		unanchored	63	98	yes	1
tests/possessify/composition_d27.rxt:623	byte	dfa		unanchored	63	-	-	0
tests/possessify/composition_d27.rxt:638	byte	dfa		unanchored	0	-	-	0
tests/possessify/composition_d27.rxt:653	byte	dfa		unanchored	203	-	-	0
tests/possessify/composition_d27.rxt:668	byte	dfa		unanchored	193	98	no	1
tests/possessify/composition_d27.rxt:683	byte	dfa		unanchored	11	98	yes	0
tests/possessify/composition_d27.rxt:698	byte	dfa		unanchored	63	-	-	0
tests/possessify/composition_d27.rxt:713	byte	dfa		unanchored	193	-	-	0
tests/possessify/composition_d27.rxt:728	byte	dfa		unanchored	193	97	no	1
tests/possessify/composition_d27.rxt:743	byte	vm	hybrid	unanchored	2	65	no	0
tests/possessify/composition_d27.rxt:758	byte	dfa		unanchored	2	97	yes	0
tests/possessify/composition_d27.rxt:773	byte	dfa		unanchored	0	-	-	0
tests/possessify/composition_d27.rxt:788	byte	dfa		unanchored	0	-	-	0
tests/possessify/composition_d27.rxt:803	byte	dfa		unanchored	6	98	no	0
tests/possessify/composition_d27.rxt:818	byte	dfa		unanchored	10	-	-	0
tests/possessify/composition_d27.rxt:833	byte	dfa		unanchored	0	-	-	0
tests/possessify/composition_d27.rxt:848	byte	dfa		unanchored	1	45	yes	0
tests/possessify/composition_d27.rxt:863	byte	dfa		unanchored	0	-	-	0
tests/possessify/composition_d27.rxt:878	byte	dfa		unanchored	1	45	yes	0
tests/possessify/composition_d27.rxt:893	byte	dfa		unanchored	1	45	yes	0
tests/possessify/composition_d27.rxt:908	byte	dfa		unanchored	256	-	-	0
tests/possessify/composition_d27.rxt:923	byte	dfa		unanchored	10	-	-	0
tests/possessify/composition_d27.rxt:938	byte	dfa		unanchored	0	-	-	0
tests/possessify/composition_d27.rxt:953	byte	dfa		unanchored	1	45	yes	0
tests/possessify/composition_d27.rxt:968	byte	dfa		unanchored	256	-	-	0
tests/possessify/composition_d27.rxt:983	byte	vm	none		0	-	-	0
tests/possessify/composition_d27.rxt:998	byte	dfa		unanchored	1	45	yes	0
tests/possessify/composition_d27.rxt:1013	byte	dfa		unanchored	193	-	-	0
tests/possessify/composition_d27.rxt:1028	byte	dfa		unanchored	193	-	-	0
tests/possessify/composition_d27.rxt:1043	byte	dfa		unanchored	0	-	-	0
tests/possessify/composition_d27.rxt:1058	byte	vm	hybrid	unanchored	3	-	-	0
tests/possessify/composition_d27.rxt:1073	byte	dfa		unanchored	0	-	-	0
tests/possessify/composition_d27.rxt:1088	byte	dfa		unanchored	10	45	no	0
tests/possessify/composition_d27.rxt:1103	byte	dfa		unanchored	0	-	-	0
tests/possessify/composition_d27.rxt:1118	byte	dfa		unanchored	7	97	yes	0
tests/possessify/composition_d27.rxt:1133	byte	dfa		unanchored	194	-	-	0
tests/possessify/composition_d27.rxt:1148	byte	dfa		unanchored	1	45	yes	0
tests/possessify/composition_d27.rxt:1163	byte	dfa		unanchored	0	-	-	0
tests/possessify/composition_d27.rxt:1178	byte	vm	hybrid	unanchored	63	-	-	0
tests/possessify/composition_d27.rxt:1193	byte	dfa		unanchored	0	-	-	0
tests/possessify/composition_d27.rxt:1208	byte	dfa		unanchored	0	-	-	0
tests/possessify/composition_d27.rxt:1223	byte	dfa		unanchored	11	65	yes	0
tests/possessify/composition_d27.rxt:1238	byte	dfa		unanchored	7	97	yes	0
tests/possessify/composition_d27.rxt:1253	byte	dfa		unanchored	63	-	-	0
tests/possessify/composition_d27.rxt:1268	byte	dfa		unanchored	1	97	yes	0
tests/possessify/composition_d27.rxt:1283	byte	dfa		unanchored	0	-	-	0
tests/possessify/composition_d27.rxt:1298	byte	vm	hybrid	unanchored	6	-	-	0
tests/possessify/composition_d27.rxt:1313	byte	dfa		unanchored	193	-	-	0
tests/possessify/composition_d27.rxt:1328	byte	dfa		unanchored	255	-	-	0
tests/possessify/composition_d27.rxt:1343	byte	dfa		unanchored	3	-	-	0
tests/possessify/composition_d27.rxt:1358	byte	dfa		unanchored	2	-	-	0
tests/possessify/composition_d27.rxt:1373	byte	dfa		unanchored	255	97	no	1
tests/possessify/composition_d27.rxt:1388	byte	dfa		unanchored	255	-	-	0
tests/possessify/composition_d27.rxt:1403	byte	dfa		unanchored	2	-	-	0
tests/possessify/composition_d27.rxt:1418	byte	dfa		unanchored	6	97	no	0
tests/possessify/composition_d27.rxt:1433	byte	dfa		unanchored	255	-	-	0
tests/possessify/composition_d27.rxt:1448	byte	dfa		unanchored	63	65	yes	1
tests/possessify/composition_d27.rxt:1463	byte	dfa		unanchored	0	-	-	0
tests/possessify/composition_d27.rxt:1478	byte	dfa		unanchored	4	65	yes	0
tests/possessify/composition_d27.rxt:1493	byte	dfa		unanchored	1	45	yes	0
tests/possessify/composition_d27.rxt:1508	byte	dfa		unanchored	10	-	-	0
tests/possessify/composition_d27.rxt:1523	byte	dfa		unanchored	256	97	yes	1
tests/possessify/composition_d27.rxt:1538	byte	vm	hybrid	unanchored	196	-	-	0
tests/possessify/composition_d27.rxt:1553	byte	vm	hybrid	unanchored	2	-	-	0
tests/possessify/composition_d27.rxt:1568	byte	dfa		unanchored	2	45	no	0
tests/possessify/composition_d27.rxt:1583	byte	dfa		unanchored	2	98	yes	0
tests/possessify/composition_d27.rxt:1598	byte	dfa		unanchored	2	-	-	0
tests/possessify/composition_d27.rxt:1613	byte	dfa		unanchored	255	97	yes	1
tests/possessify/composition_d27.rxt:1628	byte	dfa		unanchored	3	-	-	0
tests/possessify/composition_d27.rxt:1643	byte	dfa		empty	63	-	-	0
tests/possessify/composition_d27.rxt:1658	byte	dfa		attempt	0	-	-	0
tests/possessify/composition_d27.rxt:1673	byte	vm	hybrid	unanchored	2	45	no	0
tests/possessify/composition_d27.rxt:1688	byte	dfa		unanchored	2	-	-	0
tests/possessify/composition_d27.rxt:1703	byte	dfa		unanchored	3	45	no	0
tests/possessify/composition_d27.rxt:1718	byte	vm	hybrid	unanchored	3	45	yes	0
tests/possessify/composition_d27.rxt:1733	byte	dfa		unanchored	11	45	yes	0
tests/possessify/composition_d27.rxt:1748	byte	dfa		unanchored	63	-	-	0
tests/possessify/composition_d27.rxt:1763	byte	vm	none		0	-	-	0
tests/possessify/composition_d27.rxt:1778	byte	dfa		unanchored	2	98	no	0
tests/possessify/composition_d27.rxt:1793	byte	dfa		empty	2	45	yes	0
tests/possessify/composition_d27.rxt:1808	byte	dfa		empty	196	-	-	0
tests/possessify/composition_d27.rxt:1823	byte	dfa		attempt	3	97	yes	0
tests/possessify/composition_d27.rxt:1838	byte	dfa		unanchored	63	-	-	0
tests/possessify/composition_d27.rxt:1853	byte	dfa		unanchored	0	-	-	0
tests/possessify/composition_d27.rxt:1868	byte	vm	hybrid	unanchored	2	97	yes	0
tests/possessify/composition_d27.rxt:1883	byte	dfa		unanchored	3	-	-	0
tests/possessify/composition_d27.rxt:1898	byte	vm	hybrid	unanchored	2	-	-	0
tests/possessify/composition_d27.rxt:1913	byte	dfa		unanchored	255	-	-	0
tests/possessify/composition_d27.rxt:1928	byte	vm	none		0	-	-	0
tests/possessify/composition_d27.rxt:1943	byte	dfa		empty	63	-	-	0
tests/possessify/composition_d27.rxt:1958	byte	dfa		unanchored	0	-	-	0
tests/possessify/composition_d27.rxt:1973	byte	dfa		empty	255	97	yes	1
tests/possessify/composition_d27.rxt:1988	byte	vm	hybrid	unanchored	193	-	-	0
tests/possessify/composition_d27.rxt:2003	byte	dfa		unanchored	1	45	yes	0
tests/possessify/composition_d27.rxt:2018	byte	vm	hybrid	unanchored	10	-	-	0
tests/possessify/composition_d27.rxt:2033	byte	dfa		unanchored	0	-	-	0
tests/possessify/composition_d27.rxt:2048	byte	vm	hybrid	unanchored	6	-	-	0
tests/possessify/composition_d27.rxt:2063	byte	dfa		unanchored	3	-	-	0
tests/possessify/composition_d27.rxt:2078	byte	dfa		unanchored	195	-	-	0
tests/possessify/composition_d27.rxt:2093	byte	vm	hybrid	unanchored	255	-	-	0
tests/possessify/composition_d27.rxt:2108	byte	vm	hybrid	unanchored	256	-	-	0
tests/possessify/composition_d27.rxt:2123	byte	dfa		empty	6	-	-	0
tests/possessify/composition_d27.rxt:2138	byte	vm	hybrid	unanchored	255	-	-	0
tests/possessify/composition_d27.rxt:2153	byte	dfa		unanchored	0	-	-	0
tests/possessify/composition_d27.rxt:2168	byte	vm	hybrid	unanchored	63	-	-	0
tests/possessify/composition_d27.rxt:2183	byte	dfa		unanchored	0	-	-	0
tests/possessify/composition_d27.rxt:2198	byte	dfa		attempt	0	-	-	0
tests/possessify/composition_d27.rxt:2213	byte	dfa		unanchored	256	-	-	0
tests/possessify/composition_d27.rxt:2228	byte	vm	hybrid	unanchored	256	-	-	0
tests/possessify/composition_d27.rxt:2243	byte	dfa		unanchored	64	-	-	0
tests/possessify/composition_d27.rxt:2258	byte	dfa		attempt	255	-	-	0
tests/possessify/composition_d27.rxt:2273	byte	vm	none		0	-	-	0
tests/possessify/composition_d27.rxt:2288	byte	dfa		empty	1	97	yes	0
tests/possessify/composition_d27.rxt:2303	byte	dfa		empty	6	98	no	0
tests/possessify/composition_d27.rxt:2318	byte	vm	hybrid	unanchored	2	98	yes	0
tests/possessify/composition_d27.rxt:2333	byte	dfa		unanchored	2	-	-	0
tests/possessify/composition_d27.rxt:2348	byte	dfa		unanchored	255	-	-	0
tests/possessify/composition_d27.rxt:2363	byte	dfa		empty	1	45	yes	0
tests/possessify/composition_d27.rxt:2378	byte	vm	none		0	-	-	0
tests/possessify/composition_d27.rxt:2393	byte	dfa		attempt	6	-	-	0
tests/possessify/composition_d27.rxt:2408	byte	dfa		empty	10	-	-	0
tests/possessify/composition_d27.rxt:2423	byte	vm	hybrid	unanchored	3	-	-	0
tests/possessify/composition_d27.rxt:2438	byte	vm	none		0	-	-	0
tests/possessify/composition_d27.rxt:2453	byte	vm	hybrid	unanchored	6	-	-	0
tests/possessify/composition_d27.rxt:2468	byte	dfa		unanchored	2	-	-	0
tests/possessify/composition_d27.rxt:2483	byte	vm	hybrid	unanchored	2	-	-	0
tests/possessify/composition_d27.rxt:2498	byte	vm	hybrid	unanchored	2	45	yes	0
tests/possessify/composition_d27.rxt:2513	byte	dfa		attempt	11	97	yes	0
tests/possessify/composition_d27.rxt:2528	byte	vm	hybrid	unanchored	3	98	yes	0
tests/possessify/composition_d27.rxt:2543	byte	dfa		unanchored	63	97	yes	1
tests/possessify/composition_d27.rxt:2558	byte	vm	hybrid	unanchored	255	-	-	0
tests/possessify/composition_d27.rxt:2573	byte	vm	hybrid	unanchored	1	45	yes	0
tests/possessify/composition_d27.rxt:2588	byte	dfa		attempt	2	-	-	0
tests/possessify/composition_d27.rxt:2603	byte	vm	hybrid	unanchored	255	-	-	0
tests/possessify/composition_d27.rxt:2618	byte	vm	hybrid	unanchored	193	98	no	1
tests/possessify/composition_d27.rxt:2633	byte	vm	hybrid	unanchored	193	-	-	0
tests/possessify/composition_d27.rxt:2648	byte	dfa		unanchored	1	45	yes	0
tests/possessify/composition_d27.rxt:2663	byte	dfa		empty	1	45	yes	0
tests/possessify/composition_d27.rxt:2678	byte	dfa		unanchored	0	-	-	0
tests/possessify/composition_d27.rxt:2693	byte	vm	hybrid	unanchored	2	98	no	0
tests/possessify/composition_d27.rxt:2708	byte	vm	hybrid	unanchored	1	45	no	0
tests/possessify/composition_d27.rxt:2723	byte	vm	hybrid	unanchored	1	97	yes	0
tests/possessify/composition_d27.rxt:2738	byte	dfa		unanchored	0	-	-	0
tests/possessify/composition_d27.rxt:2753	byte	dfa		unanchored	63	98	yes	1
tests/possessify/composition_d27.rxt:2768	byte	dfa		unanchored	1	45	yes	0
tests/possessify/composition_d27.rxt:2783	byte	dfa		unanchored	0	-	-	0
tests/possessify/composition_d27.rxt:2798	byte	dfa		attempt	2	45	yes	0
tests/possessify/composition_d27.rxt:2813	byte	vm	hybrid	unanchored	63	-	-	0
tests/possessify/composition_d27.rxt:2828	byte	dfa		unanchored	63	97	yes	1
tests/possessify/composition_d27.rxt:2843	byte	vm	none		0	-	-	0
tests/possessify/composition_d27.rxt:2858	byte	dfa		attempt	255	-	-	0
tests/possessify/composition_d27.rxt:2873	byte	vm	hybrid	unanchored	2	-	-	0
tests/possessify/composition_d27.rxt:2888	byte	dfa		unanchored	2	-	-	0
tests/possessify/composition_d27.rxt:2903	byte	vm	hybrid	unanchored	2	45	yes	0
tests/possessify/composition_d27.rxt:2918	byte	vm	hybrid	unanchored	11	45	yes	0
tests/possessify/composition_d27.rxt:2933	byte	vm	hybrid	unanchored	255	45	yes	1
tests/possessify/composition_d27.rxt:2948	byte	vm	none		0	-	-	0
tests/possessify/composition_d27.rxt:2963	byte	dfa		unanchored	193	-	-	0
tests/possessify/composition_d27.rxt:2978	byte	dfa		unanchored	0	-	-	0
tests/possessify/composition_d27.rxt:2993	byte	dfa		unanchored	193	-	-	0
tests/possessify/composition_d27.rxt:3008	byte	dfa		unanchored	0	-	-	0
tests/possessify/composition_d27.rxt:3023	byte	dfa		unanchored	63	-	-	0
tests/possessify/composition_d27.rxt:3038	byte	dfa		unanchored	3	-	-	0
tests/possessify/composition_d27.rxt:3053	byte	dfa		unanchored	0	-	-	0
tests/possessify/composition_d27.rxt:3068	byte	dfa		unanchored	255	-	-	0
tests/possessify/composition_d27.rxt:3083	byte	dfa		unanchored	3	97	yes	0
tests/possessify/composition_d27.rxt:3098	byte	vm	hybrid	unanchored	193	-	-	0
tests/possessify/composition_d27.rxt:3113	byte	dfa		unanchored	0	-	-	0
tests/possessify/composition_d27.rxt:3128	byte	dfa		attempt	3	97	yes	0
tests/possessify/composition_d27.rxt:3143	byte	dfa		unanchored	1	45	yes	0
tests/possessify/composition_d27.rxt:3158	byte	vm	hybrid	unanchored	255	97	no	1
tests/possessify/composition_d27.rxt:3173	byte	dfa		unanchored	2	-	-	0
tests/possessify/composition_d27.rxt:3188	byte	vm	hybrid	unanchored	255	-	-	0
tests/possessify/composition_d27.rxt:3203	byte	dfa		attempt	1	45	no	0
tests/possessify/composition_d27.rxt:3218	byte	vm	hybrid	unanchored	63	-	-	0
tests/possessify/composition_d27.rxt:3233	byte	vm	hybrid	unanchored	2	97	yes	0
tests/possessify/composition_d27.rxt:3248	byte	vm	hybrid	unanchored	3	98	yes	0
tests/possessify/composition_d27.rxt:3263	byte	dfa		unanchored	255	-	-	0
tests/possessify/composition_d27.rxt:3278	byte	vm	hybrid	unanchored	10	97	no	0
tests/possessify/composition_d27.rxt:3323	byte	dfa		unanchored	63	-	-	0
tests/possessify/composition_d27.rxt:3338	byte	dfa		unanchored	63	-	-	0
tests/possessify/composition_d27.rxt:3353	byte	dfa		unanchored	193	-	-	0
tests/possessify/composition_d27.rxt:3368	byte	dfa		unanchored	0	-	-	0
tests/possessify/composition_d27.rxt:3383	byte	dfa		unanchored	63	-	-	0
tests/possessify/composition_d27.rxt:3398	byte	dfa		unanchored	36	-	-	0
tests/possessify/composition_d27.rxt:3413	byte	dfa		unanchored	1	97	yes	0
tests/possessify/composition_d27.rxt:3428	byte	dfa		unanchored	1	97	yes	0
tests/possessify/composition_d27.rxt:3443	byte	dfa		unanchored	2	98	yes	0
tests/possessify/composition_d27.rxt:3458	byte	dfa		unanchored	0	-	-	0
tests/possessify/composition_d27.rxt:3473	byte	dfa		unanchored	2	98	yes	0
tests/possessify/composition_d27.rxt:3488	byte	dfa		unanchored	63	-	-	0
tests/possessify/composition_d27.rxt:3503	byte	dfa		unanchored	63	-	-	0
tests/possessify/composition_d27.rxt:3518	byte	dfa		unanchored	63	-	-	0
tests/possessify/composition_d27.rxt:3533	byte	dfa		unanchored	63	-	-	0
tests/possessify/composition_d27.rxt:3548	byte	dfa		unanchored	63	-	-	0
tests/possessify/composition_d27.rxt:3563	byte	dfa		unanchored	0	-	-	0
tests/possessify/composition_d27.rxt:3578	byte	dfa		unanchored	0	-	-	0
tests/possessify/composition_d27.rxt:3593	byte	dfa		unanchored	0	-	-	0
tests/possessify/composition_d27.rxt:3608	byte	dfa		unanchored	0	-	-	0
tests/possessify/composition_d27.rxt:3623	byte	dfa		unanchored	10	-	-	0
tests/possessify/composition_d27.rxt:3638	byte	dfa		unanchored	10	-	-	0
tests/possessify/composition_d27.rxt:3653	byte	dfa		unanchored	0	-	-	0
tests/possessify/composition_d27.rxt:3668	byte	dfa		unanchored	0	-	-	0
tests/possessify/composition_d27.rxt:3683	byte	dfa		unanchored	2	98	yes	0
tests/possessify/composition_d27.rxt:3698	byte	dfa		unanchored	2	-	-	0
tests/possessify/composition_d27.rxt:3713	byte	dfa		unanchored	0	-	-	0
tests/possessify/composition_d27.rxt:3728	byte	dfa		unanchored	0	-	-	0
tests/possessify/composition_d27.rxt:3743	byte	dfa		unanchored	0	-	-	0
tests/possessify/composition_d27.rxt:3758	byte	dfa		unanchored	63	-	-	0
tests/possessify/composition_d27.rxt:3773	byte	dfa		unanchored	0	-	-	0
tests/possessify/composition_d27.rxt:3788	byte	dfa		unanchored	0	-	-	0
tests/possessify/composition_d27.rxt:3803	byte	dfa		unanchored	256	-	-	0
tests/possessify/composition_d27.rxt:3818	byte	vm	none		63	-	-	0
tests/possessify/composition_d27.rxt:3833	byte	vm	none		1	97	yes	0
tests/possessify/composition_d27.rxt:3855	byte	vm	none		256	-	-	0
tests/possessify/composition_d27.rxt:3882	byte	vm	none		3	45	yes	0
tests/possessify/composition_d27.rxt:3900	byte	vm	none		0	-	-	0
tests/possessify/composition_d27.rxt:3915	byte	vm	none		1	120	yes	0
tests/possessify/composition_d27.rxt:3934	byte	vm	none		0	-	-	0
tests/possessify/composition_d27.rxt:3949	byte	vm	none		195	-	-	0
tests/possessify/composition_d27.rxt:3971	byte	vm	none		0	-	-	0
tests/possessify/composition_d27.rxt:3997	byte	vm	none		0	-	-	0
tests/possessify/composition_d27.rxt:4021	byte	vm	none		0	-	-	0
tests/possessify/composition_d27.rxt:4046	byte	vm	none		256	-	-	0
tests/possessify/composition_d27.rxt:4066	byte	vm	none		63	-	-	0
tests/possessify/composition_d27.rxt:4082	byte	vm	none		63	120	yes	0
tests/possessify/composition_d27.rxt:4102	byte	vm	none		0	-	-	0
tests/possessify/composition_d27.rxt:4126	byte	vm	none		1	45	yes	0
tests/possessify/composition_d27.rxt:4141	byte	vm	none		1	120	yes	0
tests/possessify/composition_d27.rxt:4156	byte	vm	none		63	45	no	0
tests/possessify/composition_d27.rxt:4171	byte	vm	none		1	120	yes	0
tests/possessify/composition_d27.rxt:4187	byte	vm	none		193	-	-	0
tests/possessify/composition_d27.rxt:4205	byte	vm	none		0	-	-	0
tests/possessify/composition_d27.rxt:4230	byte	vm	none		0	-	-	0
tests/possessify/composition_d27.rxt:4253	byte	vm	none		0	-	-	0
tests/possessify/composition_d27.rxt:4269	byte	vm	none		0	-	-	0
tests/possessify/composition_d27.rxt:4293	byte	vm	none		1	120	yes	0
tests/possessify/composition_d27.rxt:4308	byte	vm	none		195	-	-	0
tests/possessify/composition_d27.rxt:4330	byte	vm	none		256	97	yes	0
tests/possessify/composition_d27.rxt:4345	byte	vm	none		0	-	-	0
tests/possessify/composition_d27.rxt:4365	byte	vm	none		63	-	-	0
tests/possessify/composition_d27.rxt:4384	byte	vm	none		0	-	-	0
tests/possessify/composition_d27.rxt:4409	byte	vm	none		0	-	-	0
tests/possessify/composition_d27.rxt:4433	byte	vm	none		2	-	-	0
tests/possessify/composition_d27.rxt:4457	byte	vm	none		0	-	-	0
tests/possessify/composition_d27.rxt:4483	byte	vm	none		0	-	-	0
tests/possessify/composition_d27.rxt:4510	byte	vm	none		194	-	-	0
tests/possessify/composition_d27.rxt:4531	byte	vm	none		0	-	-	0
tests/possessify/composition_d27.rxt:4557	byte	vm	none		1	97	yes	0
tests/possessify/composition_d27.rxt:4573	byte	vm	none		195	-	-	0
tests/possessify/composition_d27.rxt:4597	byte	vm	none		0	-	-	0
tests/possessify/composition_d27.rxt:4623	byte	vm	none		193	-	-	0
tests/possessify/composition_d27.rxt:4646	byte	vm	none		256	97	yes	0
tests/possessify/composition_d27.rxt:4665	byte	vm	none		0	-	-	0
tests/possessify/composition_d27.rxt:4691	byte	vm	none		0	-	-	0
tests/possessify/composition_d27.rxt:4709	byte	vm	none		63	97	yes	0
tests/possessify/composition_d27.rxt:4728	byte	vm	none		63	120	yes	0
tests/possessify/composition_d27.rxt:4749	byte	vm	none		1	97	yes	0
tests/possessify/composition_d27.rxt:4767	byte	vm	none		63	120	yes	0
tests/possessify/composition_d27.rxt:4788	byte	vm	none		3	120	yes	0
tests/possessify/composition_d27.rxt:4810	byte	vm	none		63	120	yes	0
tests/possessify/composition_d27.rxt:4826	byte	vm	none		0	-	-	0
tests/possessify/composition_d27.rxt:4849	byte	vm	none		194	97	yes	0
tests/possessify/composition_d27.rxt:4874	byte	vm	none		0	-	-	0
tests/possessify/composition_d27.rxt:4899	byte	vm	none		0	-	-	0
tests/possessify/composition_d27.rxt:4918	byte	vm	none		256	97	yes	0
tests/possessify/composition_d27.rxt:4940	byte	vm	none		63	120	yes	0
tests/possessify/composition_d27.rxt:4963	byte	vm	none		256	97	yes	0
tests/possessify/composition_d27.rxt:4987	byte	vm	none		0	-	-	0
tests/possessify/composition_d27.rxt:5013	byte	vm	none		63	120	yes	0
tests/possessify/composition_d27.rxt:5036	byte	vm	none		0	-	-	0
tests/possessify/composition_d27.rxt:5060	byte	vm	none		1	120	yes	0
tests/possessify/composition_d27.rxt:5075	byte	vm	none		63	120	yes	0
tests/possessify/composition_d27.rxt:5090	byte	vm	none		193	120	no	0
tests/possessify/composition_d27.rxt:5105	byte	vm	none		6	-	-	0
tests/possessify/composition_d27.rxt:5129	byte	vm	none		0	-	-	0
tests/possessify/composition_d27.rxt:5153	byte	vm	none		2	-	-	0
tests/possessify/composition_d27.rxt:5179	byte	vm	none		63	97	yes	0
tests/possessify/composition_d27.rxt:5201	byte	vm	none		195	-	-	0
tests/possessify/composition_d27.rxt:5224	byte	vm	none		0	-	-	0
tests/possessify/composition_d27.rxt:5250	byte	vm	none		194	-	-	0
tests/possessify/composition_d27.rxt:5272	byte	vm	none		0	-	-	0
tests/possessify/composition_d27.rxt:5288	byte	vm	none		256	-	-	0
tests/possessify/composition_d27.rxt:5312	byte	vm	none		0	-	-	0
tests/possessify/composition_d27.rxt:5337	byte	vm	none		0	-	-	0
tests/possessify/composition_d27.rxt:5361	byte	vm	none		0	-	-	0
tests/possessify/composition_d27.rxt:5381	byte	vm	none		2	97	yes	0
tests/possessify/composition_d27.rxt:5402	byte	vm	none		2	-	-	0
tests/possessify/composition_d27.rxt:5418	byte	vm	none		0	-	-	0
tests/possessify/composition_d27.rxt:5444	byte	vm	none		1	120	yes	0
tests/possessify/composition_d27.rxt:5462	byte	vm	none		0	-	-	0
tests/possessify/composition_d27.rxt:5487	byte	vm	none		0	-	-	0
tests/possessify/composition_d27.rxt:5514	byte	vm	none		0	-	-	0
tests/possessify/composition_d27.rxt:5536	byte	vm	none		256	97	yes	0
tests/possessify/composition_d27.rxt:5558	byte	vm	none		193	-	-	0
tests/possessify/composition_d27.rxt:5574	byte	vm	none		0	-	-	0
tests/possessify/composition_d27.rxt:5589	byte	vm	none		63	120	yes	0
tests/possessify/composition_d27.rxt:5604	byte	vm	none		2	45	yes	0
tests/possessify/composition_d27.rxt:5620	byte	vm	none		0	-	-	0
tests/possessify/composition_d27.rxt:5647	byte	vm	none		0	-	-	0
tests/possessify/composition_d27.rxt:5673	byte	vm	none		1	120	yes	0
tests/possessify/composition_d27.rxt:5692	byte	vm	none		0	-	-	0
tests/possessify/composition_d27.rxt:5717	byte	vm	none		1	97	yes	0
tests/possessify/composition_d27.rxt:5736	byte	vm	none		1	45	yes	0
tests/possessify/composition_d27.rxt:5752	byte	vm	none		0	-	-	0
tests/possessify/composition_d27.rxt:5772	byte	vm	none		193	-	-	0
tests/possessify/composition_d27.rxt:5791	byte	vm	none		2	120	yes	0
tests/possessify/composition_d27.rxt:5815	byte	vm	none		0	-	-	0
tests/possessify/composition_d27.rxt:5842	byte	vm	none		0	-	-	0
tests/possessify/composition_d27.rxt:5868	byte	vm	none		0	-	-	0
tests/possessify/composition_d27.rxt:5892	byte	vm	none		0	-	-	0
tests/possessify/composition_d27.rxt:5917	byte	vm	none		0	-	-	0
tests/possessify/composition_d27.rxt:5932	byte	vm	none		0	-	-	0
tests/possessify/composition_d27.rxt:5956	byte	vm	none		63	120	yes	0
tests/possessify/composition_d27.rxt:5972	byte	vm	none		0	-	-	0
tests/possessify/composition_d27.rxt:5987	byte	vm	none		63	97	yes	0
tests/possessify/composition_d27.rxt:6008	byte	vm	none		0	-	-	0
tests/possessify/composition_d27.rxt:6033	byte	vm	none		0	-	-	0
tests/possessify/composition_d27.rxt:6056	byte	vm	none		0	-	-	0
tests/possessify/composition_d27.rxt:6082	byte	vm	none		194	-	-	0
tests/possessify/composition_d27.rxt:6103	byte	vm	none		0	-	-	0
tests/possessify/composition_d27.rxt:6127	byte	vm	none		63	120	yes	0
tests/possessify/composition_d27.rxt:6143	byte	vm	none		2	97	yes	0
tests/possessify/composition_d27.rxt:6163	byte	vm	none		1	97	yes	0
tests/possessify/composition_d27.rxt:6184	byte	vm	none		63	97	yes	0
tests/possessify/composition_d27.rxt:6209	byte	vm	none		0	-	-	0
tests/possessify/composition_d27.rxt:6234	byte	vm	none		0	-	-	0
tests/possessify/composition_d27.rxt:6260	byte	vm	none		1	97	yes	0
tests/possessify/composition_d27.rxt:6282	byte	vm	none		194	-	-	0
tests/possessify/composition_d27.rxt:6304	byte	vm	none		0	-	-	0
tests/possessify/composition_d27.rxt:6329	byte	vm	none		0	-	-	0
tests/possessify/composition_d27.rxt:6355	byte	vm	none		2	45	yes	0
tests/possessify/composition_d27.rxt:6373	byte	vm	none		0	-	-	0
tests/possessify/composition_d27.rxt:6409	byte	vm	none		0	-	-	0
tests/possessify/composition_d27.rxt:6444	byte	vm	none		0	-	-	0
tests/possessify/composition_d27.rxt:6481	byte	vm	none		0	-	-	0
tests/possessify/composition_d27.rxt:6518	byte	vm	none		0	-	-	0
tests/possessify/composition_d27.rxt:6544	byte	vm	none		0	-	-	0
tests/possessify/composition_d27.rxt:6566	byte	vm	none		2	-	-	0
tests/possessify/composition_d27.rxt:6582	byte	vm	none		2	-	-	0
tests/possessify/composition_d27.rxt:6597	byte	vm	none		0	-	-	0
tests/possessify/composition_d27.rxt:6623	byte	vm	none		0	-	-	0
tests/possessify/composition_d27.rxt:6638	byte	vm	none		0	-	-	0
tests/possessify/composition_d27.rxt:6662	byte	vm	none		0	-	-	0
tests/possessify/composition_d27.rxt:6687	byte	vm	none		256	98	yes	0
tests/possessify/composition_d27.rxt:6702	byte	vm	none		0	-	-	0
tests/possessify/composition_d27.rxt:6724	byte	vm	none		256	97	yes	0
tests/possessify/composition_d27.rxt:6749	byte	vm	none		0	-	-	0
tests/possessify/composition_d27.rxt:6770	byte	vm	none		2	-	-	0
tests/possessify/composition_d27.rxt:6791	byte	vm	none		2	99	no	0
tests/possessify/composition_d27.rxt:6806	byte	vm	none		0	-	-	0
tests/possessify/composition_d27.rxt:6821	byte	vm	none		0	-	-	0
tests/possessify/composition_d27.rxt:6840	byte	vm	none		63	-	-	0
tests/possessify/composition_d27.rxt:6867	byte	vm	none		63	-	-	0
tests/possessify/composition_d27.rxt:6891	byte	vm	none		63	-	-	0
tests/possessify/composition_d27.rxt:6914	byte	vm	none		63	-	-	0
tests/possessify/composition_d27.rxt:6929	byte	vm	none		193	-	-	0
tests/possessify/composition_d27.rxt:6944	byte	vm	none		0	-	-	0
tests/possessify/composition_d27.rxt:6969	byte	vm	none		63	-	-	0
tests/possessify/composition_d27.rxt:6985	byte	vm	none		63	-	-	0
tests/possessify/composition_d27.rxt:7008	byte	vm	none		256	98	yes	0
tests/possessify/composition_d27.rxt:7031	byte	vm	none		0	-	-	0
tests/possessify/composition_d27.rxt:7068	byte	vm	none		1	97	yes	0
tests/possessify/composition_d27.rxt:7089	byte	vm	none		0	-	-	0
tests/possessify/composition_d27.rxt:7108	byte	vm	none		4	-	-	0
tests/possessify/composition_d27.rxt:7128	byte	vm	none		2	-	-	0
tests/possessify/composition_d27.rxt:7146	byte	vm	none		0	-	-	0
tests/possessify/composition_d27.rxt:7167	byte	vm	none		256	98	yes	0
tests/possessify/composition_d27.rxt:7189	byte	vm	none		0	-	-	0
tests/possessify/composition_d27.rxt:7215	byte	vm	none		0	-	-	0
tests/possessify/composition_d27.rxt:7238	byte	vm	none		256	99	yes	0
tests/possessify/composition_d27.rxt:7253	byte	vm	none		0	-	-	0
tests/possessify/composition_d27.rxt:7280	byte	vm	none		0	-	-	0
tests/possessify/composition_d27.rxt:7305	byte	vm	none		0	-	-	0
tests/possessify/composition_d27.rxt:7325	byte	vm	none		0	-	-	0
tests/possessify/composition_d27.rxt:7351	byte	vm	none		256	97	yes	0
tests/possessify/composition_d27.rxt:7375	byte	vm	none		256	98	yes	0
tests/possessify/composition_d27.rxt:7397	byte	vm	none		0	-	-	0
tests/possessify/composition_d27.rxt:7421	byte	vm	none		0	-	-	0
tests/possessify/composition_d27.rxt:7447	byte	vm	none		1	98	yes	0
tests/possessify/composition_d27.rxt:7469	byte	vm	none		0	-	-	0
tests/possessify/composition_d27.rxt:7494	byte	vm	none		0	-	-	0
tests/possessify/composition_d27.rxt:7514	byte	vm	none		63	-	-	0
tests/possessify/composition_d27.rxt:7539	byte	vm	none		0	-	-	0
tests/possessify/composition_d27.rxt:7559	byte	vm	none		0	-	-	0
tests/possessify/composition_d27.rxt:7584	byte	vm	none		0	-	-	0
tests/possessify/composition_d27.rxt:7609	byte	vm	none		63	-	-	0
tests/possessify/composition_d27.rxt:7632	byte	vm	none		63	-	-	0
tests/possessify/composition_d27.rxt:7657	byte	vm	none		0	-	-	0
tests/possessify/composition_d27.rxt:7689	byte	vm	none		63	-	-	0
tests/possessify/composition_d27.rxt:7715	byte	vm	none		256	98	yes	0
tests/possessify/composition_d27.rxt:7737	byte	vm	hybrid	unanchored	256	98	yes	1
tests/possessify/composition_d27.rxt:7761	byte	vm	none		0	-	-	0
tests/possessify/composition_d27.rxt:7786	byte	vm	none		0	-	-	0
tests/possessify/composition_d27.rxt:7813	byte	vm	none		2	-	-	0
tests/possessify/composition_d27.rxt:7832	byte	vm	none		0	-	-	0
tests/possessify/composition_d27.rxt:7856	byte	vm	hybrid	unanchored	63	-	-	0
tests/possessify/composition_d27.rxt:7881	byte	vm	none		1	98	no	0
tests/possessify/composition_d27.rxt:7896	byte	vm	hybrid	unanchored	256	98	yes	1
tests/possessify/composition_d27.rxt:7921	byte	vm	none		0	-	-	0
tests/possessify/composition_d27.rxt:7947	byte	vm	hybrid	unanchored	256	97	yes	1
tests/possessify/composition_d27.rxt:7967	byte	vm	none		0	-	-	0
tests/possessify/composition_d27.rxt:7991	byte	vm	hybrid	unanchored	256	98	yes	1
tests/possessify/composition_d27.rxt:8010	byte	vm	hybrid	unanchored	256	98	yes	1
tests/possessify/composition_d27.rxt:8030	byte	vm	hybrid	unanchored	63	-	-	0
tests/possessify/composition_d27.rxt:8055	byte	vm	hybrid	empty	63	120	yes	1
tests/possessify/composition_d27.rxt:8070	byte	vm	hybrid	unanchored	2	-	-	0
tests/possessify/composition_d27.rxt:8093	byte	vm	hybrid	unanchored	256	-	-	0
tests/possessify/composition_d27.rxt:8112	byte	vm	none		0	-	-	0
tests/possessify/composition_d27.rxt:8138	byte	vm	none		0	-	-	0
tests/possessify/composition_d27.rxt:8164	byte	vm	hybrid	unanchored	256	-	-	0
tests/possessify/composition_d27.rxt:8190	byte	vm	hybrid	unanchored	256	121	yes	1
tests/possessify/composition_d27.rxt:8205	byte	vm	hybrid	unanchored	4	-	-	0
tests/possessify/composition_d27.rxt:8230	byte	vm	hybrid	unanchored	256	-	-	0
tests/possessify/composition_d27.rxt:8254	byte	vm	hybrid	unanchored	0	-	-	0
tests/possessify/composition_d27.rxt:8278	byte	vm	hybrid	unanchored	256	97	yes	1
tests/possessify/composition_d27.rxt:8297	byte	vm	none		2	-	-	0
tests/possessify/composition_d27.rxt:8313	byte	vm	none		1	98	no	0
tests/possessify/composition_d27.rxt:8328	byte	vm	none		0	-	-	0
tests/possessify/composition_d27.rxt:8334	byte	vm	none		256	98	yes	0
tests/possessify/composition_d27.rxt:8339	byte	vm	none		63	-	-	0
tests/possessify/composition_d27.rxt:8354	byte	vm	none		63	-	-	0
tests/possessify/composition_d27.rxt:8369	byte	vm	none		0	-	-	0
tests/possessify/composition_d27.rxt:8384	byte	vm	none		4	-	-	0
tests/possessify/composition_d27.rxt:8400	byte	vm	none		256	-	-	0
tests/possessify/composition_d27.rxt:8411	byte	vm	none		2	99	yes	0
tests/possessify/composition_d27.rxt:8426	byte	vm	none		63	-	-	0
tests/possessify/composition_d27.rxt:8441	byte	vm	none		1	98	no	0
tests/possessify/composition_d27.rxt:8456	byte	vm	none		2	99	yes	0
tests/possessify/composition_d27.rxt:8473	byte	vm	none		1	41	no	0
tests/possessify/composition_d27.rxt:8489	byte	vm	none		1	41	no	0
tests/possessify/composition_d27.rxt:8504	byte	vm	none		2	120	yes	0
tests/possessify/composition_d27.rxt:8529	byte	vm	hybrid	empty	1	97	yes	0
tests/possessify/composition_d27.rxt:8544	byte	vm	hybrid	unanchored	1	97	yes	0
tests/possessify/composition_d27.rxt:8565	byte	vm	hybrid	unanchored	1	97	yes	0
tests/possessify/composition_d27.rxt:8583	byte	vm	none		256	-	-	0
tests/possessify/composition_d27.rxt:8602	byte	vm	hybrid	unanchored	256	99	yes	1
tests/possessify/composition_d27.rxt:8624	byte	vm	none		1	97	yes	0
tests/possessify/composition_d27.rxt:8648	byte	vm	hybrid	unanchored	256	98	yes	1
tests/possessify/composition_d27.rxt:8670	byte	vm	hybrid	unanchored	256	98	yes	1
tests/possessify/composition_d27.rxt:8697	byte	vm	hybrid	unanchored	0	-	-	0
tests/possessify/composition_d27.rxt:8732	byte	vm	none		0	-	-	0
tests/possessify/composition_d27.rxt:8756	byte	vm	hybrid	unanchored	63	-	-	0
tests/possessify/composition_d27.rxt:8782	byte	vm	hybrid	unanchored	63	-	-	0
tests/possessify/composition_d27.rxt:8809	byte	vm	hybrid	unanchored	63	-	-	0
tests/possessify/composition_d27.rxt:8834	byte	dfa		unanchored	3	99	yes	0
tests/possessify/composition_d27.rxt:8849	byte	dfa		unanchored	63	-	-	0
tests/possessify/composition_d27.rxt:8864	byte	dfa		unanchored	2	120	yes	0
tests/possessify/composition_d27.rxt:8879	byte	dfa		unanchored	2	98	yes	0
tests/possessify/composition_d27.rxt:8894	byte	dfa		unanchored	2	98	yes	0
tests/possessify/composition_d27.rxt:8909	byte	dfa		unanchored	2	99	yes	0
tests/possessify/composition_d27.rxt:8924	byte	dfa		unanchored	256	-	-	0
tests/possessify/composition_d27.rxt:8939	byte	dfa		unanchored	2	98	yes	0
tests/possessify/composition_d27.rxt:8954	byte	dfa		unanchored	2	98	yes	0
tests/possessify/composition_d27.rxt:8969	byte	dfa		unanchored	0	-	-	0
tests/possessify/composition_d27.rxt:8984	byte	dfa		unanchored	0	-	-	0
tests/possessify/composition_d27.rxt:9000	byte	dfa		unanchored	2	-	-	0
tests/possessify/composition_d27.rxt:9015	byte	dfa		unanchored	2	98	yes	0
tests/possessify/composition_d27.rxt:9030	byte	dfa		unanchored	0	-	-	0
tests/possessify/composition_d27.rxt:9045	byte	dfa		unanchored	63	-	-	0
tests/possessify/composition_d27.rxt:9060	byte	dfa		unanchored	63	-	-	0
tests/possessify/composition_d27.rxt:9075	byte	dfa		unanchored	63	-	-	0
tests/possessify/composition_d27.rxt:9090	byte	dfa		unanchored	1	97	yes	0
tests/possessify/composition_d27.rxt:9105	byte	dfa		unanchored	1	97	yes	0
tests/possessify/composition_d27.rxt:9120	byte	dfa		unanchored	2	98	yes	0
tests/possessify/composition_d27.rxt:9135	byte	dfa		unanchored	0	-	-	0
tests/possessify/composition_d27.rxt:9150	byte	dfa		unanchored	3	99	yes	0
tests/possessify/composition_d27.rxt:9165	byte	dfa		unanchored	3	99	yes	0
tests/possessify/composition_d27.rxt:9180	byte	dfa		unanchored	3	99	yes	0
tests/possessify/composition_d27.rxt:9195	byte	vm	none		0	-	-	0
tests/possessify/composition_d27.rxt:9221	byte	vm	none		0	-	-	0
tests/possessify/composition_d27.rxt:9239	byte	vm	none		2	98	yes	0
tests/possessify/composition_d27.rxt:9262	byte	vm	none		63	-	-	0
tests/possessify/composition_d27.rxt:9285	byte	vm	none		193	-	-	0
tests/possessify/composition_d27.rxt:9300	byte	dfa		unanchored	2	-	-	0
tests/possessify/composition_d27.rxt:9316	byte	dfa		unanchored	2	121	yes	0
tests/possessify/composition_d27.rxt:9331	byte	dfa		empty	1	97	yes	0
tests/possessify/composition_d27.rxt:9346	byte	dfa		unanchored	1	97	yes	0
tests/possessify/composition_d27.rxt:9361	byte	dfa		unanchored	63	-	-	0
tests/possessify/composition_d27.rxt:9376	byte	dfa		unanchored	63	-	-	0
tests/possessify/composition_d27.rxt:9391	byte	dfa		unanchored	256	-	-	0
tests/possessify/composition_d27.rxt:9406	byte	dfa		unanchored	0	-	-	0
tests/possessify/composition_d27.rxt:9421	byte	dfa		unanchored	2	-	-	0
tests/possessify/composition_d27.rxt:9437	byte	dfa		unanchored	0	-	-	0
tests/possessify/composition_d27.rxt:9452	byte	dfa		unanchored	0	-	-	0
tests/possessify/composition_d27.rxt:9467	byte	dfa		unanchored	0	-	-	0
tests/possessify/composition_d27.rxt:9482	byte	dfa		unanchored	1	98	no	0
tests/possessify/composition_d27.rxt:9497	byte	dfa		unanchored	3	99	yes	0
tests/possessify/composition_d27.rxt:9512	byte	dfa		unanchored	256	-	-	0
tests/possessify/composition_d27.rxt:9528	byte	dfa		unanchored	0	-	-	0
tests/possessify/composition_d27.rxt:9543	byte	dfa		unanchored	3	99	yes	0
tests/possessify/composition_d27.rxt:9558	byte	dfa		unanchored	0	-	-	0
tests/possessify/composition_d27.rxt:9573	byte	dfa		unanchored	2	-	-	0
tests/possessify/composition_d27.rxt:9588	byte	dfa		unanchored	2	-	-	0
tests/possessify/composition_d27.rxt:9603	byte	dfa		unanchored	2	-	-	0
tests/possessify/composition_d27.rxt:9618	byte	dfa		unanchored	2	-	-	0
tests/possessify/composition_d27.rxt:9633	byte	dfa		attempt	0	-	-	0
tests/possessify/composition_d27.rxt:9648	byte	dfa		unanchored	0	-	-	0
tests/possessify/composition_d27.rxt:9663	byte	dfa		attempt	2	-	-	0
tests/possessify/composition_d27.rxt:9678	byte	dfa		unanchored	2	-	-	0
tests/possessify/composition_d27.rxt:9693	byte	dfa		unanchored	2	-	-	0
tests/possessify/composition_d27.rxt:9708	byte	vm	hybrid	unanchored	2	98	yes	0
tests/possessify/composition_d27.rxt:9723	byte	vm	hybrid	unanchored	2	98	yes	0
tests/possessify/composition_d27.rxt:9738	byte	dfa		unanchored	63	-	-	0
tests/possessify/composition_d27.rxt:9754	byte	vm	hybrid	unanchored	63	-	-	0
tests/possessify/composition_d27.rxt:9769	byte	vm	hybrid	unanchored	4	-	-	0
tests/possessify/composition_d27.rxt:9800	byte	vm	none		0	-	-	0
tests/possessify/composition_d27.rxt:9815	byte	dfa		unanchored	63	-	-	0
tests/possessify/composition_d27.rxt:9830	byte	vm	none		0	-	-	0
tests/possessify/composition_d27.rxt:9845	byte	vm	none		0	-	-	0
tests/possessify/composition_d27.rxt:9860	byte	dfa		unanchored	2	-	-	0
tests/possessify/composition_d27.rxt:9876	byte	vm	hybrid	unanchored	2	98	yes	0
tests/possessify/composition_d27.rxt:9891	byte	vm	hybrid	unanchored	1	97	yes	0
tests/possessify/composition_d27.rxt:9906	byte	dfa		unanchored	0	-	-	0
tests/possessify/composition_d27.rxt:9921	byte	dfa		unanchored	0	-	-	0
tests/possessify/composition_d27.rxt:9936	byte	dfa		unanchored	2	-	-	0
tests/possessify/composition_d27.rxt:9952	byte	vm	none		0	-	-	0
tests/possessify/composition_d27.rxt:9979	byte	dfa		empty	6	-	-	0
tests/possessify/composition_d27.rxt:9995	byte	dfa		unanchored	0	-	-	0
tests/possessify/composition_d27.rxt:10011	byte	vm	none		2	-	-	0
tests/possessify/composition_d27.rxt:10035	byte	vm	none		4	-	-	0
tests/possessify/composition_d27.rxt:10055	byte	dfa		unanchored	0	-	-	0
tests/possessify/composition_d27.rxt:10071	byte	dfa		unanchored	2	-	-	0
tests/possessify/composition_d27.rxt:10087	byte	dfa		unanchored	2	-	-	0
tests/possessify/composition_d27.rxt:10103	byte	dfa		unanchored	0	-	-	0
tests/possessify/composition_d27.rxt:10119	byte	dfa		unanchored	2	-	-	0
tests/possessify/composition_d27.rxt:10135	byte	dfa		unanchored	6	-	-	0
tests/possessify/composition_d27.rxt:10151	byte	vm	none		63	-	-	0
tests/possessify/composition_d27.rxt:10174	byte	vm	none		63	-	-	0
tests/possessify/composition_d27.rxt:10190	byte	vm	none		256	-	-	0
tests/possessify/composition_d27.rxt:10216	byte	vm	none		4	-	-	0
tests/possessify/composition_d27.rxt:10235	byte	vm	none		0	-	-	0
tests/possessify/composition_d27.rxt:10261	byte	vm	none		4	-	-	0
tests/possessify/composition_d27.rxt:10277	byte	vm	none		2	-	-	0
tests/possessify/composition_d27.rxt:10296	byte	vm	none		256	-	-	0
tests/possessify/composition_d27.rxt:10322	byte	dfa		unanchored	63	-	-	0
tests/possessify/composition_d27.rxt:10338	byte	dfa		unanchored	4	-	-	0
tests/possessify/composition_d27.rxt:10354	byte	dfa		unanchored	2	-	-	0
tests/possessify/composition_d27.rxt:10370	byte	dfa		unanchored	2	-	-	0
tests/possessify/composition_d27.rxt:10386	byte	vm	hybrid	unanchored	2	-	-	0
tests/possessify/composition_d27.rxt:10408	byte	vm	none		2	-	-	0
tests/possessify/composition_d27.rxt:10427	byte	vm	none		2	-	-	0
tests/possessify/composition_d27.rxt:10443	byte	dfa		attempt	0	-	-	0
tests/possessify/composition_d27.rxt:10458	byte	dfa		attempt	63	-	-	0
tests/possessify/composition_d27.rxt:10473	byte	dfa		attempt	0	-	-	0
tests/possessify/composition_d27.rxt:10488	byte	dfa		attempt	2	-	-	0
tests/possessify/composition_d27.rxt:10504	byte	dfa		attempt	4	-	-	0
tests/possessify/composition_d27.rxt:10520	byte	vm	hybrid	unanchored	2	98	yes	0
tests/possessify/composition_d27.rxt:10535	byte	dfa		attempt	194	97	yes	1
tests/possessify/composition_d27.rxt:10550	byte	vm	hybrid	unanchored	63	-	-	0
tests/possessify/composition_d27.rxt:10596	byte	dfa		unanchored	193	-	-	0
tests/possessify/composition_d27.rxt:10611	byte	dfa		unanchored	193	-	-	0
tests/possessify/composition_d27.rxt:10626	byte	dfa		unanchored	63	-	-	0
tests/possessify/composition_d27.rxt:10641	byte	dfa		unanchored	0	-	-	0
tests/possessify/composition_d27.rxt:10656	byte	dfa		empty	63	-	-	0
tests/possessify/composition_d27.rxt:10671	byte	dfa		unanchored	63	-	-	0
tests/possessify/composition_d27.rxt:10686	byte	dfa		unanchored	63	-	-	0
tests/possessify/composition_d27.rxt:10701	byte	vm	hybrid	unanchored	63	-	-	0
tests/possessify/composition_d27.rxt:10716	byte	vm	hybrid	unanchored	193	-	-	0
tests/possessify/composition_d27.rxt:10731	byte	dfa		unanchored	26	-	-	0
tests/possessify/composition_d27.rxt:10746	byte	vm	hybrid	unanchored	63	-	-	0
tests/possessify/composition_d27.rxt:10762	byte	vm	none		0	-	-	0
tests/possessify/composition_d27.rxt:10777	byte	dfa		attempt	0	-	-	0
tests/possessify/composition_d27.rxt:10792	byte	dfa		attempt	0	-	-	0
tests/possessify/composition_d27.rxt:10822	byte	dfa		unanchored	0	-	-	0
tests/possessify/composition_d27.rxt:10837	byte	dfa		unanchored	0	-	-	0
tests/possessify/composition_d27.rxt:10852	byte	dfa		unanchored	0	-	-	0
tests/possessify/composition_d27.rxt:10867	byte	dfa		unanchored	0	-	-	0
tests/possessify/composition_d27.rxt:10913	byte	dfa		unanchored	0	-	-	0
tests/possessify/composition_d27.rxt:10928	byte	dfa		unanchored	0	-	-	0
tests/possessify/composition_d27.rxt:10943	byte	dfa		unanchored	63	-	-	0
tests/possessify/composition_d27.rxt:10988	byte	dfa		unanchored	1	97	yes	0
tests/possessify/composition_d27.rxt:11003	byte	dfa		unanchored	1	98	no	0
tests/possessify/composition_d27.rxt:11018	byte	dfa		unanchored	1	97	yes	0
tests/possessify/composition_d27.rxt:11033	byte	dfa		unanchored	1	97	yes	0
tests/possessify/composition_d27.rxt:11048	byte	dfa		unanchored	1	97	yes	0
tests/possessify/composition_d27.rxt:11063	byte	dfa		unanchored	1	98	no	0
tests/possessify/composition_d27.rxt:11078	byte	dfa		unanchored	1	97	yes	0
tests/possessify/composition_d27.rxt:11093	byte	dfa		unanchored	1	97	yes	0
tests/possessify/composition_d27.rxt:11108	byte	dfa		unanchored	1	97	yes	0
tests/possessify/composition_d27.rxt:11123	byte	dfa		unanchored	1	97	yes	0
tests/possessify/composition_d27.rxt:11138	byte	dfa		unanchored	0	-	-	0
tests/possessify/composition_d27.rxt:11153	byte	dfa		unanchored	1	97	yes	0
tests/possessify/composition_d27.rxt:11168	byte	dfa		unanchored	63	98	yes	1
tests/possessify/composition_d27.rxt:11183	byte	dfa		unanchored	63	98	yes	1
tests/possessify/composition_d27.rxt:11198	byte	dfa		unanchored	63	-	-	0
tests/possessify/composition_d27.rxt:11213	byte	dfa		unanchored	0	-	-	0
tests/possessify/composition_d27.rxt:11228	byte	dfa		unanchored	63	98	yes	1
tests/possessify/composition_d27.rxt:11243	byte	dfa		unanchored	63	98	yes	1
tests/possessify/composition_d27.rxt:11258	byte	dfa		unanchored	2	98	yes	0
tests/possessify/composition_d27.rxt:11273	byte	dfa		unanchored	0	-	-	0
tests/possessify/composition_d27.rxt:11288	byte	dfa		unanchored	194	98	yes	1
tests/possessify/composition_d27.rxt:11303	byte	dfa		unanchored	194	98	yes	1
tests/possessify/composition_d27.rxt:11318	byte	dfa		unanchored	0	-	-	0
tests/possessify/composition_d27.rxt:11333	byte	dfa		unanchored	0	-	-	0
tests/possessify/composition_d27.rxt:11348	byte	dfa		unanchored	193	-	-	0
tests/possessify/composition_d27.rxt:11363	byte	dfa		unanchored	0	-	-	0
tests/possessify/composition_d27.rxt:11378	byte	dfa		unanchored	255	98	yes	1
tests/possessify/composition_d27.rxt:11393	byte	dfa		unanchored	0	-	-	0
tests/possessify/composition_d27.rxt:11408	byte	dfa		unanchored	0	-	-	0
tests/possessify/composition_d27.rxt:11423	byte	dfa		unanchored	255	98	yes	1
tests/possessify/composition_d27.rxt:11438	byte	dfa		unanchored	255	98	yes	1
tests/possessify/composition_d27.rxt:11453	byte	dfa		unanchored	255	-	-	0
tests/possessify/composition_d27.rxt:11468	byte	dfa		unanchored	255	-	-	0
tests/possessify/composition_d27.rxt:11483	byte	dfa		unanchored	255	98	yes	1
tests/possessify/composition_d27.rxt:11498	byte	dfa		unanchored	63	-	-	0
tests/possessify/composition_d27.rxt:11513	byte	dfa		unanchored	63	-	-	0
tests/possessify/composition_d27.rxt:11528	byte	dfa		unanchored	2	97	yes	0
tests/possessify/composition_d27.rxt:11543	byte	dfa		unanchored	4	-	-	0
tests/possessify/composition_d27.rxt:11559	byte	vm	hybrid	unanchored	2	98	yes	0
tests/possessify/composition_d27.rxt:11574	byte	vm	hybrid	unanchored	2	98	yes	0
tests/possessify/composition_d27.rxt:11589	byte	vm	none		0	-	-	0
tests/possessify/composition_d27.rxt:11604	byte	vm	none		0	-	-	0
tests/possessify/composition_d27.rxt:11619	byte	dfa		unanchored	0	-	-	0
tests/possessify/composition_d27.rxt:11634	byte	dfa		unanchored	0	-	-	0
tests/possessify/composition_d27.rxt:11649	byte	vm	hybrid	unanchored	63	-	-	0
tests/possessify/composition_d27.rxt:11665	byte	dfa		unanchored	256	-	-	0
tests/possessify/composition_d27.rxt:11680	byte	dfa		unanchored	256	-	-	0
tests/possessify/composition_d27.rxt:11695	byte	dfa		empty	193	-	-	0
tests/possessify/composition_d27.rxt:11711	byte	dfa		empty	193	-	-	0
tests/possessify/composition_d27.rxt:11726	byte	dfa		empty	63	-	-	0
tests/possessify/composition_d27.rxt:11741	byte	vm	hybrid	unanchored	1	97	yes	0
tests/possessify/composition_d27.rxt:11756	byte	vm	hybrid	unanchored	2	-	-	0
tests/possessify/composition_d27.rxt:11772	byte	vm	hybrid	unanchored	1	98	no	0
tests/possessify/composition_d27.rxt:11787	byte	vm	hybrid	unanchored	63	-	-	0
tests/possessify/composition_d27.rxt:11802	byte	vm	hybrid	unanchored	2	98	yes	0
tests/possessify/composition_d27.rxt:11817	byte	vm	none		0	-	-	0
tests/possessify/possessify.rxt:30	byte	dfa		unanchored	1	99	no	0
tests/possessify/possessify.rxt:63	byte	dfa		unanchored	1	99	no	0
tests/possessify/possessify.rxt:95	byte	dfa		unanchored	2	99	no	0
tests/possessify/possessify.rxt:127	byte	dfa		unanchored	1	98	no	0
tests/possessify/possessify.rxt:159	byte	vm	hybrid	unanchored	1	99	no	0
tests/possessify/possessify.rxt:196	byte	dfa		unanchored	2	99	yes	0
tests/possessify/possessify.rxt:228	byte	dfa		unanchored	1	99	no	0
tests/possessify/possessify.rxt:259	byte	dfa		unanchored	2	99	yes	0
tests/possessify/possessify.rxt:291	byte	dfa		unanchored	3	100	yes	0
tests/possessify/possessify.rxt:331	byte	dfa		unanchored	1	99	no	0
tests/possessify/possessify.rxt:362	byte	dfa		unanchored	1	99	no	0
tests/possessify/possessify.rxt:396	byte	vm	hybrid	unanchored	1	122	yes	0
tests/possessify/possessify.rxt:412	byte	dfa		unanchored	1	99	no	0
tests/possessify/possessify.rxt:457	byte	vm	hybrid	unanchored	2	99	yes	0
tests/possessify/possessify.rxt:510	byte	dfa		unanchored	2	98	yes	0
tests/possessify/possessify.rxt:548	byte	dfa		unanchored	2	98	yes	0
tests/possessify/possessify.rxt:584	byte	dfa		unanchored	2	99	yes	0
tests/possessify/possessify.rxt:619	byte	vm	hybrid	unanchored	2	99	yes	0
tests/possessify/possessify.rxt:675	byte	dfa		unanchored	1	97	yes	0
tests/possessify/possessify.rxt:710	byte	dfa		unanchored	3	99	yes	0
tests/possessify/possessify.rxt:748	byte	dfa		attempt	0	-	-	0
tests/possessify/possessify.rxt:864	byte	dfa		unanchored	0	-	-	0
tests/possessify/possessify.rxt:895	byte	dfa		unanchored	1	122	yes	0
tests/possessify/possessify.rxt:927	byte	dfa		unanchored	1	97	yes	0
tests/possessify/possessify.rxt:991	byte	dfa		unanchored	1	97	yes	0
tests/possessify/possessify.rxt:1022	byte	dfa		unanchored	1	122	yes	0
tests/possessify/possessify.rxt:1110	byte	dfa		unanchored	0	-	-	0
tests/possessify/possessify.rxt:1226	byte	dfa		unanchored	2	98	yes	0
tests/possessify/possessify.rxt:1241	byte	dfa		unanchored	1	99	no	0
tests/possessify/possessify.rxt:1254	byte	dfa		unanchored	3	99	yes	0
tests/possessify/possessify.rxt:1267	byte	vm	hybrid	unanchored	2	98	yes	0
tests/possessify/possessify.rxt:1286	byte	dfa		unanchored	2	98	yes	0
tests/possessify/possessify.rxt:1308	byte	vm	hybrid	unanchored	1	99	no	0
tests/possessify/possessify.rxt:1347	byte	vm	hybrid	unanchored	1	99	no	0
tests/possessify/possessify.rxt:1385	byte	vm	hybrid	unanchored	2	99	no	0
tests/possessify/possessify.rxt:1422	byte	vm	hybrid	unanchored	1	98	no	0
tests/possessify/possessify.rxt:1454	byte	vm	hybrid	unanchored	1	99	no	0
tests/possessify/possessify.rxt:1497	byte	vm	hybrid	unanchored	2	99	yes	0
tests/possessify/possessify.rxt:1541	byte	vm	hybrid	unanchored	1	99	no	0
tests/possessify/possessify.rxt:1576	byte	vm	hybrid	unanchored	2	99	yes	0
tests/possessify/possessify.rxt:1620	byte	vm	hybrid	unanchored	3	100	yes	0
tests/possessify/possessify.rxt:1664	byte	vm	hybrid	unanchored	1	99	no	0
tests/possessify/possessify.rxt:1703	byte	vm	hybrid	unanchored	1	99	no	0
tests/possessify/possessify.rxt:1745	byte	vm	hybrid	unanchored	1	122	yes	0
tests/possessify/possessify.rxt:1765	byte	vm	hybrid	unanchored	1	99	no	0
tests/possessify/possessify.rxt:1816	byte	vm	hybrid	unanchored	2	99	yes	0
tests/possessify/possessify.rxt:1884	byte	vm	hybrid	unanchored	2	98	yes	0
tests/possessify/possessify.rxt:1933	byte	vm	hybrid	unanchored	2	98	yes	0
tests/possessify/possessify.rxt:1980	byte	vm	hybrid	unanchored	2	99	yes	0
tests/possessify/possessify.rxt:2027	byte	vm	hybrid	unanchored	2	99	yes	0
tests/possessify/possessify.rxt:2093	byte	vm	hybrid	unanchored	1	97	yes	0
tests/possessify/possessify.rxt:2151	byte	vm	hybrid	unanchored	3	99	yes	0
tests/possessify/possessify.rxt:2205	byte	vm	none		0	-	-	0
tests/possessify/possessify.rxt:2282	byte	vm	hybrid	unanchored	1	97	yes	0
tests/possessify/possessify.rxt:2336	byte	vm	hybrid	unanchored	1	122	yes	0
tests/possessify/possessify.rxt:2374	byte	vm	none		0	-	-	0
tests/possessify/possessify.rxt:2433	byte	vm	hybrid	unanchored	1	122	yes	0
tests/possessify/possessify.rxt:2472	byte	vm	hybrid	unanchored	1	97	yes	0
tests/possessify/possessify.rxt:2526	byte	vm	hybrid	unanchored	1	122	yes	0
tests/possessify/possessify.rxt:2566	byte	vm	hybrid	unanchored	1	97	yes	0
tests/possessify/possessify.rxt:2620	byte	vm	hybrid	unanchored	1	122	yes	0
tests/possessify/possessify.rxt:2674	byte	vm	none		0	-	-	0
tests/possessify/possessify.rxt:2743	byte	vm	none		0	-	-	0
tests/possessify/possessify.rxt:2808	byte	vm	hybrid	unanchored	1	97	yes	0
tests/possessify/possessify.rxt:2852	byte	vm	hybrid	unanchored	2	99	yes	0
tests/possessify/possessify.rxt:2911	byte	vm	hybrid	unanchored	2	98	yes	0
tests/possessify/possessify.rxt:2934	byte	vm	hybrid	unanchored	1	99	no	0
tests/possessify/possessify.rxt:2952	byte	vm	hybrid	unanchored	3	99	yes	0
tests/possessify/possessify.rxt:2971	byte	vm	hybrid	unanchored	2	98	yes	0
tests/possessify/possessify.rxt:2997	byte	vm	hybrid	unanchored	2	98	yes	0
tests/possessify/possessify.rxt:3032	byte	dfa		unanchored	1	32	yes	0
tests/possessify/possessify.rxt:3046	byte	vm	hybrid	unanchored	1	32	yes	0
tests/possessify/possessify.rxt:3060	byte	dfa		unanchored	1	46	no	0
tests/possessify/possessify.rxt:3074	byte	vm	hybrid	unanchored	1	46	no	0
tests/possessify/possessify.rxt:3088	byte	dfa		unanchored	1	97	yes	0
tests/possessify/possessify.rxt:3102	byte	vm	hybrid	unanchored	1	97	yes	0
tests/possessify/possessify.rxt:3116	byte	dfa		unanchored	3	-	-	0
tests/possessify/possessify.rxt:3130	byte	vm	hybrid	unanchored	3	-	-	0
tests/possessify/possessify.rxt:3156	byte	vm	hybrid	unanchored	63	-	-	0
tests/possessify/possessify.rxt:3168	byte	dfa		unanchored	1	46	no	0
tests/possessify/possessify.rxt:3180	byte	dfa		unanchored	1	46	no	0
tests/possessify/possessify.rxt:3192	byte	vm	none		2	120	yes	0
tests/possessify/possessify.rxt:3210	byte	vm	none		2	120	yes	0
tests/possessify/possessify.rxt:3228	byte	dfa		unanchored	10	-	-	0
tests/possessify/possessify.rxt:3240	byte	dfa		unanchored	10	-	-	0
tests/possessify/possessify.rxt:3252	byte	dfa		unanchored	26	-	-	0
tests/possessify/possessify.rxt:3264	byte	dfa		unanchored	26	-	-	0
tests/possessify/possessify.rxt:3276	byte	dfa		unanchored	2	-	-	0
tests/possessify/possessify.rxt:3288	byte	dfa		unanchored	2	-	-	0
tests/possessify/possessify.rxt:3300	byte	dfa		unanchored	3	-	-	0
tests/possessify/possessify.rxt:3311	byte	dfa		unanchored	3	-	-	0
tests/possessify/possessify.rxt:3322	byte	vm	hybrid	unanchored	63	-	-	0
tests/possessify/possessify.rxt:3342	byte	vm	hybrid	unanchored	63	-	-	0
tests/possessify/possessify.rxt:3362	byte	dfa		unanchored	63	-	-	0
tests/possessify/possessify.rxt:3376	byte	dfa		unanchored	63	-	-	0
tests/possessify/possessify.rxt:3390	byte	dfa		unanchored	3	-	-	0
tests/possessify/possessify.rxt:3404	byte	vm	hybrid	unanchored	3	-	-	0
tests/possessify/possessify.rxt:3418	byte	dfa		unanchored	63	-	-	0
tests/possessify/possessify.rxt:3429	byte	dfa		unanchored	63	-	-	0
tests/possessify/possessify.rxt:3440	byte	vm	hybrid	unanchored	2	97	yes	0
tests/possessify/possessify.rxt:3460	byte	vm	hybrid	unanchored	2	97	yes	0
tests/possessify/possessify.rxt:3480	byte	vm	none		2	97	yes	0
tests/possessify/possessify.rxt:3494	byte	vm	none		2	97	yes	0
tests/possessify/possessify.rxt:3508	byte	vm	none		2	120	yes	0
tests/possessify/possessify.rxt:3528	byte	vm	none		2	120	yes	0
tests/possessify/possessify.rxt:3540	byte	vm	none		1	120	no	0
tests/possessify/possessify.rxt:3549	byte	vm	none		1	120	no	0
tests/possessify/possessify.rxt:3558	byte	dfa		unanchored	1	99	no	0
tests/possessify/possessify.rxt:3572	byte	vm	hybrid	unanchored	1	99	no	0
tests/possessify/possessify.rxt:3586	byte	vm	none		1	65	no	0
tests/possessify/possessify.rxt:3606	byte	vm	none		1	65	no	0
tests/possessify/possessify.rxt:3622	byte	vm	none		2	65	yes	0
tests/possessify/possessify.rxt:3642	byte	vm	none		2	65	yes	0
tests/possessify/possessify.rxt:3658	byte	vm	none		2	120	yes	0
tests/possessify/possessify.rxt:3684	byte	vm	none		2	120	yes	0
tests/possessify/possessify.rxt:3702	byte	vm	none		2	120	yes	0
tests/possessify/possessify.rxt:3722	byte	vm	none		2	120	yes	0
tests/possessify/possessify.rxt:3738	byte	vm	none		2	98	yes	0
tests/possessify/possessify.rxt:3754	byte	vm	none		2	98	yes	0
tests/possessify/possessify.rxt:3766	byte	vm	none		2	98	no	0
tests/possessify/possessify.rxt:3782	byte	vm	none		2	98	no	0
tests/possessify/possessify.rxt:3794	byte	vm	none		2	98	yes	0
tests/possessify/possessify.rxt:3810	byte	vm	none		2	98	yes	0
tests/possessify/possessify.rxt:3822	byte	vm	none		1	120	yes	0
tests/possessify/possessify.rxt:3831	byte	vm	none		1	120	yes	0
tests/possessify/possessify.rxt:3840	byte	vm	none		2	120	yes	0
tests/possessify/possessify.rxt:3856	byte	vm	none		2	120	yes	0
tests/possessify/possessify.rxt:3868	byte	vm	none		1	120	no	0
tests/possessify/possessify.rxt:3879	byte	vm	none		1	120	no	0
tests/possessify/possessify.rxt:3890	byte	vm	none		63	-	-	0
tests/possessify/possessify.rxt:3904	byte	vm	none		63	-	-	0
tests/possessify/possessify.rxt:3918	byte	vm	none		1	120	no	0
tests/possessify/possessify.rxt:3928	byte	vm	none		1	120	no	0
tests/possessify/possessify.rxt:3944	byte	vm	none		1	120	no	0
tests/possessify/possessify.rxt:3954	byte	vm	none		63	-	-	0
tests/possessify/possessify.rxt:3972	byte	vm	none		63	-	-	0
tests/possessify/possessify.rxt:3990	utf8	dfa		unanchored	3	-	-	0
tests/possessify/possessify.rxt:4007	utf8	vm	hybrid	unanchored	3	-	-	0
tests/possessify/possessify.rxt:4033	utf8	dfa		unanchored	1	169	no	0
tests/possessify/possessify.rxt:4057	utf8	dfa		unanchored	1	169	no	0
tests/possessify/possessify.rxt:4081	utf8	dfa		unanchored	1	120	yes	0
tests/possessify/possessify.rxt:4105	utf8	dfa		unanchored	1	120	yes	0
tests/possessify/possessify.rxt:4129	utf8	dfa		unanchored	3	128	no	0
tests/possessify/possessify.rxt:4153	utf8	dfa		unanchored	3	128	no	0
tests/possessify/possessify.rxt:4177	utf8	dfa		unanchored	2	195	no	0
tests/possessify/possessify.rxt:4204	utf8	dfa		unanchored	2	195	no	0
tests/possessify/possessify.rxt:4231	utf8	dfa		unanchored	1	169	no	0
tests/possessify/possessify.rxt:4257	utf8	dfa		unanchored	1	169	no	0
tests/possessify/possessify.rxt:4283	utf8	vm	none		1	169	no	0
tests/possessify/possessify.rxt:4312	utf8	vm	none		1	169	no	0
tests/possessify/possessify.rxt:4341	utf8	vm	none		2	120	no	0
tests/possessify/possessify.rxt:4371	utf8	vm	none		2	120	no	0
tests/possessify/possessify.rxt:4401	utf8	vm	none		1	195	yes	0
tests/possessify/possessify.rxt:4432	utf8	vm	none		1	195	yes	0
tests/possessify/possessify.rxt:4463	utf8	vm	none		2	120	yes	0
tests/possessify/possessify.rxt:4496	utf8	vm	none		2	120	yes	0
tests/possessify/possessify.rxt:4586	utf8	vm	none		1	195	yes	0
tests/possessify/possessify.rxt:4618	utf8	vm	none		1	195	yes	0
tests/possessify/possessify.rxt:4650	utf8	vm	none		1	196	yes	0
tests/possessify/possessify.rxt:4681	utf8	vm	none		1	196	yes	0
tests/quoting/d27/adjacent_escapes.rxt:4	byte	dfa		unanchored	10	43	no	0
tests/quoting/d27/adjacent_escapes.rxt:10	byte	dfa		unanchored	1	92	yes	0
tests/quoting/d27/adjacent_escapes.rxt:16	byte	dfa		unanchored	63	120	yes	1
tests/quoting/d27/basics.rxt:10	byte	dfa		unanchored	1	98	no	0
tests/quoting/d27/basics.rxt:16	byte	dfa		unanchored	1	42	no	0
tests/quoting/d27/basics.rxt:22	byte	dfa		unanchored	1	43	no	0
tests/quoting/d27/basics.rxt:28	byte	dfa		unanchored	1	63	no	0
tests/quoting/d27/basics.rxt:34	byte	dfa		unanchored	1	125	no	0
tests/quoting/d27/basics.rxt:40	byte	dfa		unanchored	1	94	yes	0
tests/quoting/d27/basics.rxt:46	byte	dfa		unanchored	1	41	no	0
tests/quoting/d27/basics.rxt:51	byte	dfa		unanchored	1	93	no	0
tests/quoting/d27/basics.rxt:56	byte	dfa		unanchored	1	124	no	0
tests/quoting/d27/basics.rxt:62	byte	dfa		unanchored	1	92	no	0
tests/quoting/d27/basics.rxt:68	byte	dfa		unanchored	1	92	yes	0
tests/quoting/d27/basics.rxt:73	byte	dfa		unanchored	1	36	no	0
tests/quoting/d27/basics.rxt:78	byte	dfa		unanchored	1	36	no	0
tests/quoting/d27/basics.rxt:83	byte	dfa		unanchored	1	36	no	0
tests/quoting/d27/basics.rxt:88	byte	dfa		unanchored	1	92	no	0
tests/quoting/d27/basics.rxt:93	byte	dfa		unanchored	1	98	no	0
tests/quoting/d27/basics.rxt:98	byte	dfa		unanchored	0	-	-	0
tests/quoting/d27/caseless.rxt:4	byte	dfa		unanchored	2	65,97	yes	0
tests/quoting/d27/caseless.rxt:12	byte	dfa		unanchored	1	66	no	0
tests/quoting/d27/caseless.rxt:18	byte	dfa		unanchored	2	65,97	yes	0
tests/quoting/d27/charclass.rxt:9	byte	dfa		unanchored	3	-	-	0
tests/quoting/d27/charclass.rxt:15	byte	dfa		unanchored	1	93	yes	0
tests/quoting/d27/charclass.rxt:21	byte	dfa		unanchored	1	94	yes	0
tests/quoting/d27/charclass.rxt:27	byte	dfa		unanchored	255	-	-	0
tests/quoting/d27/charclass.rxt:33	byte	dfa		unanchored	3	-	-	0
tests/quoting/d27/charclass.rxt:41	byte	dfa		unanchored	3	-	-	0
tests/quoting/d27/charclass.rxt:49	byte	dfa		unanchored	3	-	-	0
tests/quoting/d27/errors.rxt:22	byte	dfa		unanchored	3	-	-	0
tests/quoting/d27/extended.rxt:10	byte	dfa		unanchored	1	98	no	0
tests/quoting/d27/extended.rxt:16	byte	dfa		unanchored	1	98	no	0
tests/quoting/d27/extended.rxt:21	byte	dfa		unanchored	1	35	no	0
tests/quoting/d27/extended.rxt:27	byte	dfa		unanchored	1	97	yes	0
tests/quoting/d27/extended.rxt:33	byte	dfa		unanchored	1	35	no	0
tests/quoting/d27/groups.rxt:9	byte	vm	hybrid	unanchored	1	98	no	0
tests/quoting/d27/groups.rxt:15	byte	vm	hybrid	unanchored	1	43	no	0
tests/quoting/d27/groups.rxt:22	byte	vm	hybrid	unanchored	1	41	no	0
tests/quoting/d27/quantifier_after.rxt:11	byte	dfa		unanchored	1	98	no	0
tests/quoting/d27/quantifier_after.rxt:18	byte	dfa		unanchored	1	97	yes	0
tests/quoting/d27/quantifier_after.rxt:24	byte	dfa		unanchored	1	125	no	0
tests/quoting/d27/unterminated.rxt:11	byte	dfa		unanchored	1	43	no	0
tests/quoting/d27/unterminated.rxt:17	byte	dfa		unanchored	1	98	no	0
tests/quoting/d27/unterminated.rxt:22	byte	dfa		unanchored	1	98	no	0
tests/quoting/d27/unterminated.rxt:27	byte	dfa		unanchored	1	98	no	0
tests/quoting/d27/unterminated.rxt:32	byte	dfa		unanchored	1	98	no	0
tests/quoting/d27/unterminated.rxt:37	byte	dfa		unanchored	1	98	no	0
tests/quoting/k62_class_range_e.rxt:17	byte	dfa		unanchored	2	-	-	0
tests/quoting/k62_class_range_e.rxt:25	byte	dfa		unanchored	2	-	-	0
tests/quoting/k62_class_range_e.rxt:34	byte	dfa		unanchored	10	-	-	0
tests/quoting/k62_class_range_e.rxt:45	byte	dfa		unanchored	2	-	-	0
tests/recursion/atomicity.rxt:44	byte	dfa		attempt	256	99	yes	1
tests/recursion/atomicity.rxt:50	byte	dfa		attempt	256	98	yes	1
tests/recursion/atomicity.rxt:56	byte	dfa		attempt	256	97	yes	1
tests/recursion/atomicity.rxt:65	byte	vm	none		0	-	-	0
tests/recursion/atomicity.rxt:75	byte	vm	hybrid	attempt	256	99	yes	1
tests/recursion/atomicity.rxt:80	byte	vm	hybrid	attempt	256	99	yes	1
tests/recursion/atomicity.rxt:85	byte	vm	hybrid	attempt	256	99	yes	1
tests/recursion/atomicity.rxt:90	byte	vm	hybrid	attempt	256	99	yes	1
tests/recursion/bothlinkage.rxt:44	byte	vm	none		0	-	-	0
tests/recursion/bothlinkage.rxt:57	byte	vm	none		0	-	-	0
tests/recursion/bothlinkage.rxt:71	byte	vm	none		0	-	-	0
tests/recursion/bothlinkage.rxt:85	byte	vm	none		0	-	-	0
tests/recursion/bothlinkage.rxt:97	byte	vm	none		0	-	-	0
tests/recursion/bothlinkage.rxt:119	byte	vm	none		0	-	-	0
tests/recursion/bothlinkage.rxt:138	byte	vm	none		0	-	-	0
tests/recursion/captures.rxt:44	byte	vm	none		1	98	no	0
tests/recursion/captures.rxt:76	byte	vm	hybrid	attempt	0	-	-	0
tests/recursion/captures.rxt:87	byte	vm	none		1	98	no	0
tests/recursion/captures.rxt:103	byte	vm	none		2	-	-	0
tests/recursion/d27/sr_atomicity.rxt:19	byte	dfa		attempt	256	99	yes	1
tests/recursion/d27/sr_atomicity.rxt:29	byte	vm	hybrid	attempt	256	99	yes	1
tests/recursion/d27/sr_atomicity.rxt:36	byte	vm	hybrid	attempt	256	99	yes	1
tests/recursion/d27/sr_atomicity.rxt:43	byte	vm	hybrid	attempt	256	99	yes	1
tests/recursion/d27/sr_atomicity.rxt:51	byte	vm	hybrid	attempt	256	-	-	0
tests/recursion/d27/sr_atomicity.rxt:71	byte	dfa		attempt	256	98	yes	1
tests/recursion/d27/sr_atomicity.rxt:83	byte	vm	hybrid	attempt	256	98	yes	1
tests/recursion/d27/sr_atomicity.rxt:89	byte	vm	hybrid	attempt	256	98	yes	1
tests/recursion/d27/sr_atomicity.rxt:94	byte	dfa		attempt	256	97	yes	1
tests/recursion/d27/sr_atomicity.rxt:103	byte	vm	hybrid	attempt	256	97	yes	1
tests/recursion/d27/sr_atomicity.rxt:113	byte	vm	none		0	-	-	0
tests/recursion/d27/sr_atomicity.rxt:125	byte	vm	none		0	-	-	0
tests/recursion/d27/sr_atomicity.rxt:136	byte	vm	hybrid	attempt	1	99	no	0
tests/recursion/d27/sr_captures.rxt:20	byte	vm	hybrid	attempt	1	97	yes	0
tests/recursion/d27/sr_captures.rxt:33	byte	vm	none		2	-	-	0
tests/recursion/d27/sr_captures.rxt:49	byte	vm	none		2	-	-	0
tests/recursion/d27/sr_captures.rxt:122	byte	vm	none		1	98	no	0
tests/recursion/d27/sr_captures.rxt:137	byte	vm	none		0	-	-	0
tests/recursion/d27/sr_captures.rxt:156	byte	vm	none		0	-	-	0
tests/recursion/d27/sr_captures.rxt:169	byte	vm	none		1	97	yes	0
tests/recursion/d27/sr_define.rxt:19	byte	dfa		attempt	256	45	yes	1
tests/recursion/d27/sr_define.rxt:38	byte	dfa		attempt	256	45	yes	1
tests/recursion/d27/sr_define.rxt:58	byte	vm	hybrid	attempt	256	-	-	0
tests/recursion/d27/sr_define.rxt:79	byte	vm	hybrid	attempt	256	45	yes	1
tests/recursion/d27/sr_define.rxt:98	byte	vm	hybrid	attempt	256	45	yes	1
tests/recursion/d27/sr_define.rxt:116	byte	dfa		attempt	256	98	yes	1
tests/recursion/d27/sr_define.rxt:131	byte	vm	hybrid	attempt	256	98	yes	1
tests/recursion/d27/sr_define.rxt:145	byte	dfa		attempt	0	-	-	0
tests/recursion/d27/sr_define.rxt:155	byte	dfa		attempt	0	-	-	0
tests/recursion/d27/sr_define.rxt:167	byte	dfa		attempt	0	-	-	0
tests/recursion/d27/sr_define.rxt:176	byte	dfa		attempt	0	-	-	0
tests/recursion/d27/sr_define.rxt:188	byte	dfa		attempt	0	-	-	0
tests/recursion/d27/sr_define.rxt:195	byte	dfa		attempt	0	-	-	0
tests/recursion/d27/sr_define.rxt:213	byte	dfa		attempt	0	-	-	0
tests/recursion/d27/sr_define.rxt:221	byte	dfa		attempt	0	-	-	0
tests/recursion/d27/sr_define.rxt:231	byte	dfa		attempt	0	-	-	0
tests/recursion/d27/sr_define.rxt:240	byte	dfa		attempt	256	99	yes	1
tests/recursion/d27/sr_depth.rxt:37	byte	vm	none		1	98	no	0
tests/recursion/d27/sr_depth.rxt:60	byte	vm	none		0	97	no	0
tests/recursion/d27/sr_depth.rxt:77	byte	vm	none		0	97	no	0
tests/recursion/d27/sr_depth.rxt:92	byte	vm	none		256	97	yes	0
tests/recursion/d27/sr_depth.rxt:106	byte	vm	none		256	97	yes	0
tests/recursion/d27/sr_depth.rxt:118	byte	vm	none		0	97	no	0
tests/recursion/d27/sr_depth.rxt:132	byte	vm	none		0	97	no	0
tests/recursion/d27/sr_depth.rxt:153	byte	vm	none		256	98	yes	0
tests/recursion/d27/sr_depth.rxt:175	byte	vm	none		256	99	yes	0
tests/recursion/d27/sr_depth.rxt:216	byte	vm	none		0	-	-	0
tests/recursion/d27/sr_depth.rxt:189	byte	vm	none		0	-	-	0
tests/recursion/d27/sr_depth.rxt:198	byte	vm	none		0	-	-	0
tests/recursion/d27/sr_depth.rxt:207	byte	vm	none		0	-	-	0
tests/recursion/d27/sr_email.rxt:20	byte	dfa		unanchored	56	64	no	1
tests/recursion/d27/sr_email.rxt:47	byte	dfa		unanchored	256	64	yes	1
tests/recursion/d27/sr_interactions.rxt:21	byte	vm	hybrid	attempt	1	98	no	0
tests/recursion/d27/sr_interactions.rxt:29	byte	vm	hybrid	attempt	0	-	-	0
tests/recursion/d27/sr_interactions.rxt:39	byte	vm	none		1	98	no	0
tests/recursion/d27/sr_interactions.rxt:53	byte	vm	hybrid	attempt	1	98	no	0
tests/recursion/d27/sr_interactions.rxt:62	byte	vm	hybrid	attempt	1	98	no	0
tests/recursion/d27/sr_interactions.rxt:70	byte	vm	hybrid	attempt	1	98	no	0
tests/recursion/d27/sr_interactions.rxt:84	byte	vm	hybrid	attempt	2	98	yes	0
tests/recursion/d27/sr_interactions.rxt:93	byte	vm	hybrid	attempt	2	121	no	0
tests/recursion/d27/sr_interactions.rxt:104	byte	vm	hybrid	attempt	2	121	no	0
tests/recursion/d27/sr_interactions.rxt:115	byte	vm	hybrid	attempt	2	121	no	0
tests/recursion/d27/sr_interactions.rxt:126	byte	vm	hybrid	attempt	2	121	no	0
tests/recursion/d27/sr_interactions.rxt:139	byte	vm	none		2	121	no	0
tests/recursion/d27/sr_interactions.rxt:152	byte	vm	none		2	121	no	0
tests/recursion/d27/sr_interactions.rxt:165	byte	vm	none		2	121	no	0
tests/recursion/d27/sr_interactions.rxt:178	byte	vm	none		2	121	no	0
tests/recursion/d27/sr_interactions.rxt:187	byte	vm	hybrid	attempt	1	113	no	0
tests/recursion/d27/sr_interactions.rxt:199	byte	vm	hybrid	attempt	1	98	no	0
tests/recursion/d27/sr_interactions.rxt:207	byte	vm	hybrid	attempt	256	98	yes	1
tests/recursion/d27/sr_interactions.rxt:217	byte	vm	hybrid	attempt	2	98	no	0
tests/recursion/d27/sr_interactions.rxt:229	byte	vm	hybrid	attempt	2	98	no	0
tests/recursion/d27/sr_interactions.rxt:272	byte	dfa		attempt	2	120	yes	0
tests/recursion/d27/sr_interactions.rxt:280	byte	vm	hybrid	attempt	1	98	no	0
tests/recursion/d27/sr_interactions.rxt:287	byte	vm	hybrid	attempt	2	120	yes	0
tests/recursion/d27/sr_interactions.rxt:293	byte	vm	hybrid	attempt	1	98	no	0
tests/recursion/d27/sr_interactions.rxt:300	byte	vm	hybrid	attempt	256	99	yes	1
tests/recursion/d27/sr_interactions.rxt:311	byte	dfa		attempt	0	-	-	0
tests/recursion/d27/sr_interactions.rxt:322	byte	dfa		attempt	0	-	-	0
tests/recursion/d27/sr_interactions.rxt:328	byte	dfa		unanchored	2	120	yes	0
tests/recursion/d27/sr_interactions.rxt:337	byte	dfa		unanchored	2	120	yes	0
tests/recursion/d27/sr_interactions.rxt:344	byte	vm	hybrid	attempt	2	-	-	0
tests/recursion/d27/sr_interactions.rxt:353	byte	vm	hybrid	unanchored	2	-	-	0
tests/recursion/d27/sr_interactions.rxt:361	byte	vm	none		1	98	no	0
tests/recursion/d27/sr_interactions.rxt:386	byte	vm	hybrid	unanchored	2	-	-	0
tests/recursion/d27/sr_interactions.rxt:370	byte	vm	hybrid	unanchored	0	-	-	0
tests/recursion/d27/sr_interactions.rxt:378	byte	dfa		unanchored	0	-	-	0
tests/recursion/d27/sr_root.rxt:39	byte	vm	none		1	98	no	0
tests/recursion/d27/sr_root.rxt:56	byte	vm	none		1	98	no	0
tests/recursion/d27/sr_root.rxt:73	byte	vm	none		1	98	no	0
tests/recursion/d27/sr_root.rxt:90	byte	vm	none		1	98	no	0
tests/recursion/d27/sr_root.rxt:107	byte	vm	none		1	98	no	0
tests/recursion/d27/sr_root.rxt:124	byte	vm	none		1	98	no	0
tests/recursion/d27/sr_root.rxt:141	byte	vm	none		1	98	no	0
tests/recursion/d27/sr_root.rxt:158	byte	vm	none		1	98	no	0
tests/recursion/d27/sr_root.rxt:172	byte	vm	none		1	98	no	0
tests/recursion/d27/sr_root.rxt:186	byte	vm	none		1	98	no	0
tests/recursion/d27/sr_root.rxt:200	byte	vm	none		1	98	no	0
tests/recursion/d27/sr_root.rxt:214	byte	vm	none		1	98	no	0
tests/recursion/d27/sr_root.rxt:228	byte	vm	none		1	98	no	0
tests/recursion/d27/sr_root.rxt:242	byte	vm	none		1	98	no	0
tests/recursion/d27/sr_root.rxt:253	byte	vm	none		1	98	no	0
tests/recursion/d27/sr_root.rxt:265	byte	vm	none		1	98	no	0
tests/recursion/d27/sr_root.rxt:273	byte	vm	none		1	98	no	0
tests/recursion/d27/sr_root.rxt:284	byte	vm	none		1	98	no	0
tests/recursion/d27/sr_root.rxt:294	byte	vm	none		1	120	yes	0
tests/recursion/d27/sr_root.rxt:302	byte	vm	none		1	98	no	0
tests/recursion/d27/sr_root.rxt:308	byte	vm	none		1	98	no	0
tests/recursion/d27/sr_spellings.rxt:33	byte	vm	none		2	-	-	0
tests/recursion/d27/sr_spellings.rxt:53	byte	vm	hybrid	attempt	2	-	-	0
tests/recursion/d27/sr_spellings.rxt:64	byte	vm	hybrid	attempt	2	-	-	0
tests/recursion/d27/sr_spellings.rxt:75	byte	vm	hybrid	attempt	2	-	-	0
tests/recursion/d27/sr_spellings.rxt:108	byte	vm	hybrid	attempt	2	-	-	0
tests/recursion/d27/sr_spellings.rxt:119	byte	vm	hybrid	attempt	2	-	-	0
tests/recursion/d27/sr_spellings.rxt:130	byte	vm	hybrid	attempt	2	-	-	0
tests/recursion/d27/sr_spellings.rxt:141	byte	vm	hybrid	attempt	2	-	-	0
tests/recursion/d27/sr_spellings.rxt:152	byte	vm	hybrid	attempt	2	-	-	0
tests/recursion/d27/sr_spellings.rxt:163	byte	vm	hybrid	attempt	2	-	-	0
tests/recursion/d27/sr_spellings.rxt:173	byte	vm	hybrid	attempt	2	-	-	0
tests/recursion/d27/sr_spellings.rxt:182	byte	vm	hybrid	attempt	2	-	-	0
tests/recursion/d27/sr_spellings.rxt:191	byte	vm	hybrid	attempt	2	-	-	0
tests/recursion/d27/sr_spellings.rxt:200	byte	vm	hybrid	attempt	2	-	-	0
tests/recursion/d27/sr_spellings.rxt:209	byte	vm	hybrid	attempt	2	-	-	0
tests/recursion/d27/sr_spellings.rxt:218	byte	vm	hybrid	attempt	2	-	-	0
tests/recursion/d27/sr_spellings.rxt:228	byte	vm	none		2	-	-	0
tests/recursion/d27/sr_spellings.rxt:245	byte	vm	none		2	-	-	0
tests/recursion/d27/sr_spellings.rxt:253	byte	vm	none		2	-	-	0
tests/recursion/d27/sr_spellings.rxt:261	byte	vm	none		2	-	-	0
tests/recursion/d27/sr_spellings.rxt:269	byte	vm	hybrid	attempt	256	-	-	0
tests/recursion/d27/sr_spellings.rxt:280	byte	vm	none		256	99	yes	0
tests/recursion/d27/sr_spellings.rxt:287	byte	vm	hybrid	attempt	256	97	yes	1
tests/recursion/d27/sr_spellings.rxt:294	byte	vm	hybrid	attempt	256	98	yes	1
tests/recursion/d27/sr_spellings.rxt:303	byte	vm	hybrid	attempt	256	97	yes	1
tests/recursion/d27/sr_spellings.rxt:312	byte	vm	hybrid	attempt	1	98	no	0
tests/recursion/d27/sr_spellings.rxt:321	byte	vm	hybrid	attempt	1	98	no	0
tests/recursion/d27/sr_spellings.rxt:330	byte	vm	hybrid	attempt	1	97	yes	0
tests/recursion/d27/sr_spellings.rxt:338	byte	vm	hybrid	attempt	1	98	no	0
tests/recursion/d27/sr_spellings.rxt:346	byte	vm	hybrid	attempt	1	98	no	0
tests/recursion/d27/sr_spellings.rxt:354	byte	vm	hybrid	attempt	1	98	no	0
tests/recursion/d27/sr_spellings.rxt:362	byte	vm	hybrid	attempt	1	98	no	0
tests/recursion/d27/sr_spellings.rxt:372	byte	vm	hybrid	attempt	1	98	no	0
tests/recursion/d27/sr_spellings.rxt:382	byte	vm	hybrid	attempt	1	98	no	0
tests/recursion/d27/sr_spellings.rxt:392	byte	vm	hybrid	attempt	1	98	no	0
tests/recursion/d27/sr_spellings.rxt:404	byte	vm	hybrid	attempt	1	98	no	0
tests/recursion/d27/sr_spellings.rxt:432	byte	vm	hybrid	attempt	1	98	no	0
tests/recursion/d27/sr_spellings.rxt:448	byte	vm	hybrid	attempt	1	98	no	0
tests/recursion/d27/sr_spellings.rxt:466	byte	vm	hybrid	attempt	1	98	no	0
tests/recursion/d27/sr_spellings.rxt:482	byte	vm	hybrid	attempt	1	98	no	0
tests/recursion/d27/sr_spellings.rxt:499	byte	vm	hybrid	attempt	256	98	yes	1
tests/recursion/d27/sr_wrapped.rxt:19	byte	vm	hybrid	attempt	1	98	no	0
tests/recursion/d27/sr_wrapped.rxt:30	byte	vm	hybrid	attempt	1	120	yes	0
tests/recursion/d27/sr_wrapped.rxt:41	byte	vm	hybrid	attempt	1	122	no	0
tests/recursion/d27/sr_wrapped.rxt:52	byte	vm	hybrid	attempt	1	122	no	0
tests/recursion/d27/sr_wrapped.rxt:62	byte	vm	hybrid	attempt	256	122	yes	1
tests/recursion/d27/sr_wrapped.rxt:79	byte	vm	hybrid	attempt	255	-	-	0
tests/recursion/d27/sr_wrapped.rxt:89	byte	vm	hybrid	attempt	0	-	-	0
tests/recursion/d27/sr_wrapped.rxt:100	byte	vm	hybrid	attempt	1	98	no	0
tests/recursion/d27/sr_wrapped.rxt:110	byte	vm	hybrid	attempt	0	-	-	0
tests/recursion/define.rxt:44	byte	dfa		attempt	256	45	yes	1
tests/recursion/define.rxt:52	byte	dfa		attempt	256	45	yes	1
tests/recursion/define.rxt:58	byte	dfa		attempt	2	97	yes	0
tests/recursion/define.rxt:65	byte	dfa		attempt	0	-	-	0
tests/recursion/define.rxt:72	byte	vm	none		0	-	-	0
tests/recursion/define.rxt:81	byte	dfa		attempt	0	-	-	0
tests/recursion/define.rxt:87	byte	dfa		attempt	0	-	-	0
tests/recursion/define.rxt:95	byte	dfa		attempt	1	120	yes	0
tests/recursion/define.rxt:100	byte	dfa		attempt	2	120	yes	0
tests/recursion/define.rxt:105	byte	dfa		attempt	2	120	yes	0
tests/recursion/define.rxt:111	byte	dfa		attempt	0	-	-	0
tests/recursion/define.rxt:117	byte	dfa		attempt	0	-	-	0
tests/recursion/dupnames.rxt:69	byte	vm	hybrid	attempt	2	121	yes	0
tests/recursion/framebuffer.rxt:94	byte	vm	hybrid	unanchored	1	98	no	0
tests/recursion/gated.rxt:71	byte	vm	hybrid	attempt	2	-	-	0
tests/recursion/gated.rxt:45	byte	vm	hybrid	unanchored	1	97	yes	0
tests/recursion/gated.rxt:50	byte	vm	hybrid	unanchored	0	97	no	0
tests/recursion/inlookaround.rxt:44	byte	vm	hybrid	attempt	1	98	no	0
tests/recursion/inlookaround.rxt:51	byte	vm	hybrid	attempt	2	122	yes	0
tests/recursion/inlookaround.rxt:57	byte	vm	hybrid	attempt	256	99	yes	1
tests/recursion/inlookaround.rxt:63	byte	vm	hybrid	attempt	3	120	yes	0
tests/recursion/inlookaround.rxt:70	byte	vm	hybrid	attempt	3	120	yes	0
tests/recursion/inlookaround.rxt:75	byte	vm	hybrid	attempt	1	99	no	0
tests/recursion/inlookaround.rxt:81	byte	vm	hybrid	attempt	2	120	yes	0
tests/recursion/inlookaround.rxt:86	byte	vm	hybrid	attempt	2	120	yes	0
tests/recursion/inlookaround.rxt:91	byte	vm	hybrid	attempt	2	122	no	0
tests/recursion/inlookaround.rxt:96	byte	vm	hybrid	attempt	1	97	yes	0
tests/recursion/inlookaround.rxt:105	byte	vm	hybrid	attempt	1	97	yes	0
tests/recursion/inlookaround.rxt:114	byte	vm	hybrid	attempt	2	98	yes	0
tests/recursion/inlookaround.rxt:148	byte	vm	hybrid	attempt	1	98	no	0
tests/recursion/inlookaround.rxt:153	byte	vm	hybrid	attempt	1	99	no	0
tests/recursion/inlookaround.rxt:158	byte	vm	hybrid	attempt	0	-	-	0
tests/recursion/k69.rxt:40	byte	vm	none		256	98	yes	0
tests/recursion/k69.rxt:48	byte	vm	none		256	98	yes	0
tests/recursion/k69.rxt:56	byte	vm	none		256	99	yes	0
tests/recursion/k69.rxt:65	byte	vm	none		256	98	yes	0
tests/recursion/k69.rxt:74	byte	vm	none		256	120	yes	0
tests/recursion/k69.rxt:82	byte	vm	none		256	120	yes	0
tests/recursion/k69.rxt:93	byte	vm	none		0	-	-	0
tests/recursion/k69.rxt:104	byte	dfa		unanchored	0	-	-	0
tests/recursion/k69.rxt:113	byte	dfa		unanchored	0	-	-	0
tests/recursion/k69.rxt:133	byte	vm	none		0	-	-	0
tests/recursion/k69.rxt:141	byte	vm	none		0	-	-	0
tests/recursion/k69.rxt:157	byte	vm	hybrid	unanchored	0	-	-	0
tests/recursion/k69.rxt:166	byte	vm	hybrid	unanchored	0	-	-	0
tests/recursion/k69.rxt:175	byte	dfa		unanchored	0	-	-	0
tests/recursion/k69.rxt:183	utf8	dfa		unanchored	0	-	-	0
tests/recursion/k93.rxt:30	byte	vm	hybrid	unanchored	1	98	no	0
tests/recursion/k93.rxt:42	byte	vm	hybrid	unanchored	1	98	no	0
tests/recursion/k93.rxt:54	byte	vm	hybrid	unanchored	2	97	yes	0
tests/recursion/k93.rxt:63	byte	vm	hybrid	unanchored	1	98	no	0
tests/recursion/k93.rxt:70	byte	vm	hybrid	unanchored	1	98	no	0
tests/recursion/k93.rxt:78	byte	vm	hybrid	unanchored	1	98	no	0
tests/recursion/k93.rxt:86	byte	vm	hybrid	unanchored	0	98	no	0
tests/recursion/k93.rxt:95	byte	vm	hybrid	unanchored	0	98	no	0
tests/recursion/k93.rxt:104	byte	vm	hybrid	unanchored	1	98	no	0
tests/recursion/k93.rxt:118	byte	vm	hybrid	unanchored	1	98	no	0
tests/recursion/k93.rxt:129	byte	vm	hybrid	unanchored	1	98	no	0
tests/recursion/k93.rxt:139	byte	vm	hybrid	unanchored	2	97	yes	0
tests/recursion/k93.rxt:150	byte	vm	hybrid	unanchored	10	45	no	0
tests/recursion/k93.rxt:159	byte	vm	hybrid	unanchored	1	98	no	0
tests/recursion/k93.rxt:168	byte	vm	hybrid	unanchored	1	98	no	0
tests/recursion/k93.rxt:177	byte	vm	hybrid	unanchored	1	98	no	0
tests/recursion/k93.rxt:184	byte	vm	none		2	97	yes	0
tests/recursion/k93.rxt:195	byte	vm	none		2	97	yes	0
tests/recursion/k93.rxt:207	byte	vm	hybrid	unanchored	1	98	no	0
tests/recursion/k93.rxt:217	byte	vm	hybrid	unanchored	2	99	no	0
tests/recursion/k93.rxt:227	byte	vm	hybrid	unanchored	256	98	yes	1
tests/recursion/k93.rxt:234	byte	vm	hybrid	unanchored	1	98	no	0
tests/recursion/k93.rxt:244	byte	vm	hybrid	unanchored	0	98	no	0
tests/recursion/kreset.rxt:50	byte	vm	hybrid	attempt	0	-	-	0
tests/recursion/kreset.rxt:66	byte	vm	hybrid	unanchored	1	98	no	0
tests/recursion/kreset.rxt:76	byte	vm	hybrid	unanchored	1	98	no	0
tests/recursion/kreset.rxt:82	byte	vm	hybrid	unanchored	1	120	yes	0
tests/recursion/kreset.rxt:88	byte	vm	hybrid	unanchored	1	98	no	0
tests/recursion/kreset.rxt:94	byte	vm	hybrid	attempt	1	98	no	0
tests/recursion/leftrec.rxt:45	byte	vm	none		0	97	no	0
tests/recursion/leftrec.rxt:52	byte	vm	none		0	-	-	0
tests/recursion/leftrec.rxt:59	byte	vm	none		256	98	yes	0
tests/recursion/mrl.rxt:44	byte	vm	none		0	-	-	0
tests/recursion/mrl.rxt:56	byte	vm	none		0	-	-	0
tests/recursion/nocaptures.rxt:66	byte	vm	hybrid	attempt	1	97	yes	0
tests/recursion/nocaptures.rxt:76	byte	vm	hybrid	attempt	1	98	no	0
tests/recursion/prefilter.rxt:44	byte	dfa		unanchored	2	98	no	0
tests/recursion/prefilter.rxt:54	byte	dfa		unanchored	2	98	no	0
tests/recursion/prefilter.rxt:61	byte	dfa		unanchored	2	98	no	0
tests/recursion/prefilter.rxt:72	byte	vm	hybrid	unanchored	1	120	no	0
tests/recursion/prefilter.rxt:80	byte	vm	hybrid	unanchored	1	120	no	0
tests/recursion/quantified.rxt:44	byte	vm	hybrid	attempt	256	97	yes	1
tests/recursion/quantified.rxt:55	byte	vm	hybrid	attempt	256	97	yes	1
tests/recursion/quantified.rxt:87	byte	dfa		attempt	0	-	-	0
tests/recursion/quantified.rxt:99	byte	vm	hybrid	attempt	1	98	no	0
tests/recursion/quantified.rxt:105	byte	vm	hybrid	attempt	1	98	no	0
tests/recursion/quantified.rxt:111	byte	vm	hybrid	attempt	1	98	no	0
tests/recursion/quantified.rxt:119	byte	vm	hybrid	attempt	1	98	no	0
tests/recursion/quantified.rxt:125	byte	vm	hybrid	attempt	1	98	no	0
tests/recursion/quantified.rxt:131	byte	vm	hybrid	attempt	1	98	no	0
tests/recursion/quantified.rxt:137	byte	vm	hybrid	attempt	1	98	no	0
tests/recursion/quantified.rxt:143	byte	vm	hybrid	attempt	1	98	no	0
tests/recursion/quantified.rxt:149	byte	vm	hybrid	attempt	1	98	no	0
tests/recursion/quantified.rxt:155	byte	vm	hybrid	attempt	1	98	no	0
tests/recursion/quantified.rxt:161	byte	vm	hybrid	attempt	1	98	no	0
tests/recursion/realworld.rxt:131	byte	dfa		unanchored	256	64	yes	1
tests/recursion/rebind.rxt:44	byte	vm	hybrid	attempt	2	-	-	0
tests/recursion/rebind.rxt:58	byte	vm	hybrid	attempt	1	102	yes	0
tests/recursion/rebind.rxt:71	byte	vm	hybrid	attempt	1	98	no	0
tests/recursion/rebind.rxt:79	byte	vm	hybrid	attempt	1	122	no	0
tests/recursion/relative.rxt:58	byte	vm	hybrid	attempt	1	98	no	0
tests/recursion/relative.rxt:66	byte	vm	hybrid	attempt	1	98	no	0
tests/recursion/relative.rxt:92	byte	vm	hybrid	attempt	256	98	yes	1
tests/recursion/relative.rxt:100	byte	vm	hybrid	attempt	256	98	yes	1
tests/recursion/relative.rxt:139	byte	vm	hybrid	attempt	1	98	no	0
tests/recursion/slotfamilies.rxt:44	byte	vm	none		1	98	no	0
tests/recursion/slotfamilies.rxt:56	byte	vm	none		1	97	yes	0
tests/recursion/slotfamilies.rxt:67	byte	vm	none		1	97	yes	0
tests/recursion/slotfamilies.rxt:79	byte	vm	none		0	-	-	0
tests/recursion/slotfamilies.rxt:96	byte	vm	none		0	-	-	0
tests/recursion/slotfamilies.rxt:111	byte	vm	none		0	-	-	0
tests/recursion/spellings.rxt:69	byte	vm	hybrid	unanchored	2	-	-	0
tests/recursion/spellings.rxt:75	byte	vm	hybrid	unanchored	2	-	-	0
tests/recursion/spellings.rxt:81	byte	vm	hybrid	unanchored	2	-	-	0
tests/recursion/spellings.rxt:99	byte	vm	hybrid	unanchored	2	-	-	0
tests/recursion/spellings.rxt:105	byte	vm	hybrid	unanchored	2	-	-	0
tests/recursion/zerodef.rxt:56	byte	vm	hybrid	attempt	1	99	no	0
tests/recursion/zerodef.rxt:66	byte	vm	none		0	-	-	0
tests/recursion/zerodef.rxt:73	byte	vm	none		0	-	-	0
tests/recursion/zerodef.rxt:80	byte	vm	none		2	98	no	0
tests/recursion/zerodef.rxt:97	byte	vm	hybrid	attempt	256	122	yes	1
tests/recursion/zerodef.rxt:104	byte	vm	hybrid	attempt	1	122	no	0
tests/recursion/zerodef.rxt:114	byte	dfa		attempt	256	98	yes	1
tests/recursion/zerodef.rxt:120	byte	dfa		attempt	256	98	yes	1
tests/recursion/zerodef.rxt:126	byte	vm	hybrid	attempt	256	98	yes	1
tests/rungselect/revdet_highbytes.rxt:54	byte	vm	hybrid	unanchored	2	74	no	0
tests/rungselect/revdet_highbytes.rxt:74	byte	vm	hybrid	unanchored	3	99	yes	0
tests/rungselect/revdet_highbytes.rxt:100	byte	vm	hybrid	unanchored	2	75	no	0
tests/rungselect/revdet_highbytes.rxt:119	byte	vm	hybrid	unanchored	2	130	no	0
tests/rungselect/revdet_highbytes.rxt:134	byte	vm	hybrid	unanchored	3	99	yes	0
tests/rungselect/revdet_highbytes.rxt:157	byte	vm	hybrid	unanchored	18	99	yes	1
tests/rungselect/revdet_highbytes.rxt:180	byte	vm	hybrid	unanchored	2	178	no	0
tests/rungselect/rungselect.rxt:40	byte	vm	hybrid	unanchored	3	99	yes	0
tests/rungselect/rungselect.rxt:135	byte	vm	hybrid	unanchored	2	97	yes	0
tests/rungselect/rungselect.rxt:254	byte	vm	hybrid	unanchored	2	97	yes	0
tests/rungselect/rungselect.rxt:371	byte	vm	hybrid	unanchored	2	99	no	0
tests/rungselect/rungselect.rxt:460	byte	vm	hybrid	unanchored	2	99	no	0
tests/rungselect/rungselect.rxt:545	byte	vm	hybrid	unanchored	2	99	no	0
tests/rungselect/rungselect.rxt:619	byte	vm	hybrid	unanchored	3	99	yes	0
tests/rungselect/rungselect.rxt:711	byte	vm	hybrid	unanchored	2	97	yes	0
tests/rungselect/rungselect.rxt:808	byte	vm	hybrid	unanchored	3	119	yes	0
tests/rungselect/rungselect.rxt:869	byte	vm	hybrid	unanchored	3	100	yes	0
tests/rungselect/rungselect.rxt:927	byte	vm	hybrid	unanchored	1	99	yes	0
tests/rungselect/rungselect.rxt:972	byte	vm	hybrid	unanchored	1	120	yes	0
tests/rungselect/rungselect.rxt:1021	byte	vm	hybrid	unanchored	1	120	yes	0
tests/rungselect/rungselect.rxt:1070	byte	vm	hybrid	unanchored	1	120	yes	0
tests/rungselect/rungselect.rxt:1119	byte	vm	hybrid	unanchored	1	120	yes	0
tests/rungselect/rungselect.rxt:1170	byte	vm	hybrid	unanchored	1	120	yes	0
tests/rungselect/rungselect.rxt:1220	byte	vm	hybrid	unanchored	3	99	yes	0
tests/rungselect/rungselect.rxt:1269	byte	vm	hybrid	unanchored	3	99	yes	0
tests/rungselect/rungselect.rxt:1362	byte	vm	hybrid	unanchored	3	99	yes	0
tests/rungselect/rungselect.rxt:1482	byte	vm	hybrid	unanchored	2	122	yes	0
tests/rungselect/rungselect.rxt:1529	byte	vm	hybrid	unanchored	2	122	yes	0
tests/rungselect/rungselect.rxt:1555	byte	vm	hybrid	unanchored	2	119	yes	0
tests/rungselect/rungselect.rxt:1603	byte	vm	hybrid	unanchored	3	99	yes	0
tests/rungselect/rungselect.rxt:1695	byte	vm	hybrid	unanchored	2	99	no	0
tests/rungselect/rungselect.rxt:1785	byte	vm	hybrid	unanchored	1	120	yes	0
tests/rungselect/rungselect.rxt:1833	byte	vm	hybrid	unanchored	1	120	yes	0
tests/rungselect/rungselect.rxt:1887	byte	vm	hybrid	unanchored	2	98	yes	0
tests/rungselect/rungselect.rxt:2060	byte	vm	hybrid	unanchored	1	120	yes	0
tests/rungselect/rungselect.rxt:2110	byte	vm	hybrid	unanchored	4	100	yes	0
tests/startset/dfahat.rxt:180	byte	dfa		unanchored	2	-	-	0
tests/startset/dfahat.rxt:216	byte	dfa		unanchored	3	-	-	0
tests/startset/dfahat.rxt:250	byte	dfa		unanchored	2	121	yes	0
tests/startset/dfahat.rxt:275	byte	dfa		unanchored	2	-	-	0
tests/startset/dfahat.rxt:316	byte	dfa		unanchored	2	-	-	0
tests/startset/dfahat.rxt:350	byte	vm	hybrid	unanchored	2	-	-	0
tests/startset/dfahat.rxt:392	byte	vm	hybrid	unanchored	2	-	-	0
tests/startset/dfahat.rxt:437	byte	vm	hybrid	unanchored	1	100	yes	0
tests/startset/dfahat.rxt:481	byte	vm	hybrid	unanchored	2	-	-	0
tests/startset/dfahat.rxt:522	byte	vm	hybrid	unanchored	2	-	-	0
tests/startset/dfahat.rxt:561	byte	vm	hybrid	unanchored	2	-	-	0
tests/startset/dfahat.rxt:730	byte	dfa		unanchored	3	-	-	0
tests/startset/dfahat.rxt:773	byte	dfa		unanchored	2	-	-	0
tests/startset/dfahat.rxt:838	byte	dfa		unanchored	2	-	-	0
tests/startset/dfahat.rxt:879	byte	dfa		unanchored	2	-	-	0
tests/startset/dfahat.rxt:909	byte	dfa		unanchored	2	-	-	0
tests/startset/dfahat.rxt:998	byte	dfa		unanchored	4	-	-	0
tests/startset/dfahat.rxt:1074	byte	dfa		unanchored	27	34	no	1
tests/startset/dfahat.rxt:1178	byte	dfa		attempt	2	-	-	0
tests/startset/dfahat.rxt:1203	byte	dfa		attempt	3	-	-	0
tests/startset/dfahat.rxt:1260	byte	dfa		attempt	3	-	-	0
tests/startset/dfahat.rxt:1300	byte	dfa		unanchored	2	-	-	0
tests/startset/dfahat.rxt:1357	byte	dfa		unanchored	2	-	-	0
tests/startset/dfahat.rxt:1383	byte	dfa		unanchored	2	-	-	0
tests/startset/dfahat.rxt:1416	utf8	vm	hybrid	unanchored	2	-	-	0
tests/startset/dfahat.rxt:1449	utf8	dfa		unanchored	2	-	-	0
tests/startset/dfahat.rxt:1479	utf8	dfa		unanchored	2	-	-	0
tests/startset/dfahat.rxt:1516	utf8	dfa		unanchored	4	-	-	0
tests/startset/dfahat.rxt:1542	utf8	dfa		unanchored	3	-	-	0
tests/startset/dfahat_f1.rxt:14	byte	dfa		unanchored	2	97	yes	0
tests/startset/dfahat_f1.rxt:56	byte	dfa		unanchored	2	97	yes	0
tests/startset/dfahat_f1.rxt:87	byte	dfa		unanchored	3	-	-	0
tests/startset/dfahat_f1.rxt:140	byte	dfa		unanchored	27	-	-	0
tests/startset/dfahat_f1.rxt:167	byte	dfa		unanchored	194	98	yes	1
tests/startset/dfahat_f1.rxt:201	byte	vm	hybrid	unanchored	2	97	yes	0
tests/startset/dfahat_f1.rxt:232	byte	dfa		unanchored	2	45	yes	0
tests/startset/dfahat_f1.rxt:256	byte	dfa		unanchored	2	98	yes	0
tests/startset/dfahat_f1.rxt:285	byte	dfa		unanchored	11	98	yes	0
tests/startset/dfahat_f1.rxt:312	byte	dfa		unanchored	2	10	yes	0
tests/startset/dfahat_f1.rxt:337	byte	dfa		unanchored	194	120	yes	1
tests/startset/dfahat_f1.rxt:362	byte	dfa		unanchored	8	-	-	0
tests/startset/dfahat_paths.rxt:16	byte	dfa		unanchored	2	-	-	0
tests/startset/dfahat_paths.rxt:37	byte	dfa		unanchored	0	-	-	0
tests/startset/giveup.rxt:16	byte	vm	hybrid	unanchored	1	120	yes	0
tests/startset/hybrid.rxt:17	byte	vm	hybrid	unanchored	2	-	-	0
tests/startset/hybrid.rxt:79	byte	vm	hybrid	unanchored	2	-	-	0
tests/startset/hybrid.rxt:112	byte	vm	hybrid	unanchored	2	-	-	0
tests/startset/hybrid.rxt:179	byte	vm	hybrid	unanchored	2	-	-	0
tests/startset/hybrid.rxt:230	byte	vm	hybrid	unanchored	2	-	-	0
tests/startset/hybrid.rxt:280	byte	vm	hybrid	unanchored	2	-	-	0
tests/startset/reseed.rxt:15	byte	dfa		unanchored	2	97	yes	0
tests/startset/reseed.rxt:54	byte	dfa		unanchored	2	121	yes	0
tests/startset/reseed.rxt:86	byte	dfa		unanchored	2	121	yes	0
tests/startset/reseed.rxt:117	byte	dfa		unanchored	2	97	yes	0
tests/startset/reseed.rxt:152	byte	dfa		unanchored	3	121	no	0
tests/startset/reseed.rxt:176	byte	dfa		unanchored	1	122	no	0
tests/startset/reseed.rxt:216	byte	dfa		unanchored	1	100	yes	0
tests/startset/reseed.rxt:250	byte	vm	hybrid	unanchored	1	100	yes	0
tests/startset/reseed.rxt:283	byte	dfa		unanchored	1	100	yes	0
tests/startset/vmhat.rxt:15	byte	vm	none		1	41	no	0
tests/startset/vmhat.rxt:54	byte	vm	none		1	98	no	0
tests/startset/vmhat.rxt:98	byte	vm	none		256	120	yes	0
tests/startset/vmhat.rxt:118	byte	vm	none		256	98	yes	0
tests/startset/vmhat.rxt:153	byte	vm	hybrid	unanchored	1	98	no	0
tests/startset/vmhat.rxt:181	byte	vm	hybrid	unanchored	1	97	yes	0
tests/startset/vmhat.rxt:209	byte	vm	none		0	-	-	0
tests/startset/vmhat.rxt:243	byte	vm	none		3	98	yes	0
tests/startset/vmhat.rxt:269	byte	vm	none		2	67,99	yes	0
tests/startset/vmhat.rxt:314	utf8	vm	none		3	-	-	0
tests/startset/vmhat.rxt:350	byte	vm	none		63	120	yes	0
tests/startset/vmhat.rxt:381	byte	vm	none		63	-	-	0
tests/startset/vmhat.rxt:427	byte	vm	hybrid	unanchored	0	120	no	0
tests/startset/vmhat.rxt:452	byte	dfa		unanchored	1	99	yes	0
tests/startset/vmhat.rxt:486	byte	dfa		attempt	2	99	no	0
tests/startset/vmhat.rxt:525	byte	dfa		unanchored	0	-	-	0
tests/startset/vmhat_walk.rxt:12	byte	vm	none		256	98	yes	0
tests/ucp/byte.rxt:17	byte	dfa		unanchored	134	-	-	0
tests/ucp/byte.rxt:45	byte	dfa		unanchored	122	-	-	0
tests/ucp/byte.rxt:73	byte	dfa		unanchored	10	-	-	0
tests/ucp/byte.rxt:101	byte	dfa		unanchored	8	-	-	0
tests/ucp/byte.rxt:129	byte	dfa		unanchored	117	-	-	0
tests/ucp/byte.rxt:157	byte	dfa		unanchored	133	-	-	0
tests/ucp/byte.rxt:185	byte	dfa		unanchored	39	-	-	0
tests/ucp/byte.rxt:213	byte	dfa		unanchored	189	-	-	0
tests/ucp/byte.rxt:241	byte	dfa		unanchored	191	-	-	0
tests/ucp/byte.rxt:269	byte	dfa		unanchored	8	-	-	0
tests/ucp/byte.rxt:297	byte	dfa		unanchored	3	-	-	0
tests/ucp/byte.rxt:325	byte	dfa		unanchored	65	-	-	0
tests/ucp/byte.rxt:353	byte	dfa		unanchored	22	-	-	0
tests/ucp/byte.rxt:381	byte	dfa		unanchored	59	-	-	0
tests/ucp/byte.rxt:409	byte	dfa		unanchored	56	-	-	0
tests/ucp/byte.rxt:437	byte	dfa		unanchored	134	-	-	0
tests/ucp/byte.rxt:465	byte	dfa		unanchored	59	-	-	0
tests/ucp/byte.rxt:493	byte	dfa		unanchored	56	-	-	0
tests/ucp/byte.rxt:521	byte	dfa		unanchored	197	-	-	0
tests/ucp/byte.rxt:549	byte	dfa		unanchored	60	-	-	0
tests/ucp/byte.rxt:577	byte	dfa		unanchored	2	-	-	0
tests/ucp/byte.rxt:605	byte	dfa		unanchored	20	-	-	0
tests/ucp/byte.rxt:633	byte	dfa		unanchored	1	181	yes	0
tests/ucp/byte.rxt:661	byte	dfa		unanchored	1	255	yes	0
tests/ucp/byte.rxt:689	byte	dfa		unanchored	1	223	yes	0
tests/ucp/byte.rxt:717	byte	dfa		unanchored	2	-	-	0
tests/ucp/byte.rxt:745	byte	dfa		unanchored	63	-	-	0
tests/ucp/byte.rxt:773	byte	dfa		unanchored	52	-	-	0
tests/ucp/byte.rxt:801	byte	dfa		unanchored	63	-	-	0
tests/ucp/byte.rxt:829	byte	dfa		unanchored	1	233	yes	0
tests/ucp/byte.rxt:857	byte	dfa		unanchored	63	-	-	0
tests/ucp/caseless.rxt:17	utf8	dfa		unanchored	63	-	-	0
tests/ucp/caseless.rxt:33	utf8	dfa		unanchored	52	-	-	0
tests/ucp/caseless.rxt:49	utf8	dfa		unanchored	52	-	-	0
tests/ucp/caseless.rxt:65	utf8	dfa		unanchored	52	-	-	0
tests/ucp/caseless.rxt:81	utf8	dfa		unanchored	23	-	-	0
tests/ucp/caseless.rxt:97	utf8	dfa		unanchored	157	-	-	0
tests/ucp/caseless.rxt:113	utf8	dfa		unanchored	18	-	-	0
tests/ucp/caseless.rxt:129	utf8	dfa		unanchored	21	-	-	0
tests/ucp/caseless.rxt:145	utf8	dfa		unanchored	19	-	-	0
tests/ucp/caseless.rxt:161	utf8	dfa		unanchored	53	-	-	0
tests/ucp/caseless.rxt:177	utf8	dfa		unanchored	3	-	-	0
tests/ucp/caseless.rxt:193	utf8	dfa		unanchored	63	-	-	0
tests/ucp/ctxnode.rxt:27	byte	dfa		unanchored	10	-	-	0
tests/ucp/ctxnode.rxt:41	byte	dfa		unanchored	1	120	yes	0
tests/ucp/ctxnode.rxt:57	byte	dfa		unanchored	1	120	yes	0
tests/ucp/ctxnode.rxt:72	byte	dfa		unanchored	63	-	-	0
tests/ucp/ctxnode.rxt:82	utf8	dfa		unanchored	10	-	-	0
tests/ucp/ctxnode.rxt:96	utf8	dfa		unanchored	1	120	yes	0
tests/ucp/ctxnode.rxt:112	utf8	dfa		unanchored	1	120	yes	0
tests/ucp/ctxnode.rxt:127	utf8	dfa		unanchored	63	-	-	0
tests/ucp/ctxnode.rxt:138	byte	dfa		unanchored	1	120	yes	0
tests/ucp/ctxnode.rxt:146	byte	dfa		unanchored	1	120	yes	0
tests/ucp/ctxnode.rxt:154	byte	dfa		unanchored	63	-	-	0
tests/ucp/ctxnode.rxt:162	byte	dfa		unanchored	10	-	-	0
tests/ucp/ctxnode.rxt:170	byte	dfa		unanchored	1	120	yes	0
tests/ucp/ctxnode.rxt:178	byte	dfa		unanchored	0	-	-	0
tests/ucp/ctxnode.rxt:206	byte	dfa		unanchored	63	-	-	0
tests/ucp/ctxnode.rxt:213	byte	dfa		unanchored	1	98	yes	0
tests/ucp/ctxnode.rxt:219	byte	dfa		unanchored	1	98	yes	0
tests/ucp/ctxnode.rxt:225	byte	dfa		unanchored	63	-	-	0
tests/ucp/ctxnode.rxt:232	byte	dfa		unanchored	1	98	yes	0
tests/ucp/ctxnode.rxt:238	byte	dfa		unanchored	2	-	-	0
tests/ucp/ctxnode.rxt:246	byte	dfa		unanchored	0	-	-	0
tests/ucp/ctxnode.rxt:267	byte	vm	hybrid	unanchored	63	-	-	0
tests/ucp/ctxnode.rxt:274	byte	vm	hybrid	unanchored	1	98	yes	0
tests/ucp/ctxnode.rxt:280	byte	vm	hybrid	unanchored	1	97	yes	0
tests/ucp/ctxnode.rxt:288	byte	vm	hybrid	unanchored	1	120	yes	0
tests/ucp/ctxnode.rxt:313	byte	dfa		unanchored	1	98	yes	0
tests/ucp/ctxnode.rxt:321	byte	dfa		unanchored	1	98	yes	0
tests/ucp/ctxnode.rxt:329	byte	dfa		unanchored	63	-	-	0
tests/ucp/ctxnode.rxt:336	byte	dfa		unanchored	134	-	-	0
tests/ucp/ctxnode.rxt:346	byte	dfa		unanchored	1	120	yes	0
tests/ucp/ctxnode.rxt:354	byte	dfa		unanchored	1	120	yes	0
tests/ucp/ctxnode.rxt:361	byte	dfa		unanchored	1	120	yes	0
tests/ucp/ctxnode.rxt:367	byte	dfa		unanchored	1	120	yes	0
tests/ucp/ctxnode.rxt:375	byte	dfa		unanchored	1	120	yes	0
tests/ucp/ctxnode.rxt:384	byte	dfa		attempt	1	82	no	0
tests/ucp/ctxnode.rxt:392	byte	vm	hybrid	attempt	1	82	no	0
tests/ucp/ctxnode.rxt:410	byte	vm	none		1	120	yes	0
tests/ucp/ctxnode.rxt:420	byte	dfa		unanchored	1	120	yes	0
tests/ucp/knobs.rxt:16	utf8	dfa		unanchored	10	-	-	0
tests/ucp/knobs.rxt:30	utf8	dfa		unanchored	10	-	-	0
tests/ucp/knobs.rxt:44	utf8	dfa		unanchored	18	-	-	0
tests/ucp/knobs.rxt:58	utf8	dfa		unanchored	6	-	-	0
tests/ucp/knobs.rxt:72	utf8	dfa		unanchored	18	-	-	0
tests/ucp/knobs.rxt:86	utf8	dfa		unanchored	18	-	-	0
tests/ucp/knobs.rxt:100	utf8	dfa		unanchored	6	-	-	0
tests/ucp/knobs.rxt:114	utf8	dfa		unanchored	10	-	-	0
tests/ucp/knobs.rxt:128	utf8	dfa		unanchored	10	-	-	0
tests/ucp/knobs.rxt:142	utf8	dfa		unanchored	10	-	-	0
tests/ucp/knobs.rxt:156	utf8	dfa		unanchored	6	-	-	0
tests/ucp/knobs.rxt:170	utf8	dfa		unanchored	10	-	-	0
tests/ucp/knobs.rxt:184	utf8	dfa		unanchored	6	-	-	0
tests/ucp/knobs.rxt:198	utf8	dfa		unanchored	18	-	-	0
tests/ucp/knobs.rxt:212	utf8	dfa		unanchored	10	-	-	0
tests/ucp/knobs.rxt:226	utf8	dfa		unanchored	18	-	-	0
tests/ucp/knobs.rxt:240	utf8	dfa		unanchored	10	-	-	0
tests/ucp/knobs.rxt:254	utf8	dfa		unanchored	22	-	-	0
tests/ucp/knobs.rxt:268	utf8	dfa		unanchored	63	-	-	0
tests/ucp/knobs.rxt:282	utf8	dfa		unanchored	116	-	-	0
tests/ucp/knobs.rxt:296	utf8	dfa		unanchored	63	-	-	0
tests/ucp/knobs.rxt:310	utf8	dfa		unanchored	52	-	-	0
tests/ucp/knobs.rxt:324	utf8	dfa		unanchored	153	-	-	0
tests/ucp/knobs.rxt:338	utf8	dfa		unanchored	11	-	-	0
tests/ucp/knobs.rxt:352	utf8	dfa		unanchored	10	-	-	0
tests/ucp/knobs.rxt:366	utf8	dfa		unanchored	6	-	-	0
tests/ucp/knobs.rxt:381	utf8	dfa		unanchored	1	97	yes	0
tests/ucp/knobs.rxt:390	utf8	dfa		unanchored	1	97	yes	0
tests/ucp/knobs.rxt:399	utf8	dfa		unanchored	1	97	yes	0
tests/ucp/refusals.rxt:87	utf8	dfa		unanchored	63	-	-	0
tests/ucp/refusals.rxt:105	byte	dfa		unanchored	10	-	-	0
tests/ucp/sets_utf8.rxt:16	utf8	dfa		unanchored	18	-	-	0
tests/ucp/sets_utf8.rxt:36	utf8	dfa		unanchored	18	-	-	0
tests/ucp/sets_utf8.rxt:56	utf8	dfa		unanchored	169	-	-	0
tests/ucp/sets_utf8.rxt:76	utf8	dfa		unanchored	10	-	-	0
tests/ucp/sets_utf8.rxt:96	utf8	dfa		attempt	10	-	-	0
tests/ucp/sets_utf8.rxt:116	utf8	dfa		unanchored	173	-	-	0
tests/ucp/sets_utf8.rxt:136	utf8	dfa		unanchored	18	-	-	0
tests/ucp/sets_utf8.rxt:156	utf8	dfa		unanchored	169	-	-	0
tests/ucp/sets_utf8.rxt:176	utf8	dfa		unanchored	23	-	-	0
tests/ucp/sets_utf8.rxt:196	utf8	dfa		unanchored	10	-	-	0
tests/ucp/sets_utf8.rxt:216	utf8	dfa		unanchored	6	-	-	0
tests/ucp/sets_utf8.rxt:236	utf8	dfa		unanchored	34	-	-	0
tests/ucp/sets_utf8.rxt:256	utf8	dfa		unanchored	19	-	-	0
tests/ucp/sets_utf8.rxt:276	utf8	dfa		unanchored	169	-	-	0
tests/ucp/sets_utf8.rxt:296	utf8	dfa		unanchored	163	-	-	0
tests/ucp/sets_utf8.rxt:316	utf8	dfa		unanchored	18	-	-	0
tests/ucp/sets_utf8.rxt:336	utf8	dfa		unanchored	10	-	-	0
tests/ucp/sets_utf8.rxt:356	utf8	dfa		unanchored	10	-	-	0
tests/ucp/sets_utf8.rxt:376	utf8	dfa		unanchored	6	-	-	0
tests/ucp/sets_utf8.rxt:397	utf8	dfa		unanchored	10	-	-	0
tests/ucp/sets_utf8.rxt:419	utf8	dfa		unanchored	22	-	-	0
tests/ucp/sets_utf8.rxt:441	utf8	dfa		unanchored	173	-	-	0
tests/ucp/sets_utf8.rxt:463	utf8	dfa		unanchored	173	-	-	0
tests/uprops/size_ladder_prefilter_drop.rxt:15	utf8	vm	none		110	-	-	0
tests/utf8/axis01_encoded_length.rxt:20	utf8	dfa		unanchored	1	97	yes	0
tests/utf8/axis01_encoded_length.rxt:33	utf8	dfa		unanchored	1	97	yes	0
tests/utf8/axis01_encoded_length.rxt:46	utf8	dfa		unanchored	178	-	-	0
tests/utf8/axis01_encoded_length.rxt:59	utf8	dfa		unanchored	1	97	yes	0
tests/utf8/axis01_encoded_length.rxt:72	utf8	dfa		unanchored	1	97	yes	0
tests/utf8/axis01_encoded_length.rxt:85	utf8	dfa		unanchored	1	97	yes	0
tests/utf8/axis01_encoded_length.rxt:98	utf8	dfa		unanchored	178	-	-	0
tests/utf8/axis01_encoded_length.rxt:111	utf8	dfa		unanchored	1	97	yes	0
tests/utf8/axis01_encoded_length.rxt:124	utf8	dfa		unanchored	33	-	-	0
tests/utf8/axis01_encoded_length.rxt:137	utf8	dfa		unanchored	146	-	-	0
tests/utf8/axis01_encoded_length.rxt:150	utf8	dfa		unanchored	33	-	-	0
tests/utf8/axis01_encoded_length.rxt:163	utf8	dfa		unanchored	1	97	yes	0
tests/utf8/axis01_encoded_length.rxt:176	utf8	dfa		unanchored	1	97	yes	0
tests/utf8/axis01_encoded_length.rxt:189	utf8	dfa		unanchored	178	-	-	0
tests/utf8/axis01_encoded_length.rxt:202	utf8	dfa		unanchored	2	-	-	0
tests/utf8/axis01_encoded_length.rxt:215	utf8	dfa		unanchored	2	-	-	0
tests/utf8/axis01_encoded_length.rxt:228	utf8	dfa		unanchored	1	177	no	0
tests/utf8/axis01_encoded_length.rxt:241	utf8	dfa		unanchored	1	177	no	0
tests/utf8/axis01_encoded_length.rxt:254	utf8	dfa		unanchored	179	-	-	0
tests/utf8/axis01_encoded_length.rxt:267	utf8	dfa		unanchored	1	177	no	0
tests/utf8/axis01_encoded_length.rxt:280	utf8	dfa		unanchored	1	177	no	0
tests/utf8/axis01_encoded_length.rxt:293	utf8	dfa		unanchored	1	177	no	0
tests/utf8/axis01_encoded_length.rxt:306	utf8	dfa		unanchored	179	-	-	0
tests/utf8/axis01_encoded_length.rxt:319	utf8	dfa		unanchored	1	177	no	0
tests/utf8/axis01_encoded_length.rxt:332	utf8	dfa		unanchored	1	206	yes	0
tests/utf8/axis01_encoded_length.rxt:345	utf8	dfa		unanchored	179	-	-	0
tests/utf8/axis01_encoded_length.rxt:358	utf8	dfa		unanchored	1	206	yes	0
tests/utf8/axis01_encoded_length.rxt:371	utf8	dfa		unanchored	1	177	no	0
tests/utf8/axis01_encoded_length.rxt:384	utf8	dfa		unanchored	1	177	no	0
tests/utf8/axis01_encoded_length.rxt:397	utf8	dfa		unanchored	179	-	-	0
tests/utf8/axis01_encoded_length.rxt:410	utf8	dfa		unanchored	1	206	yes	0
tests/utf8/axis01_encoded_length.rxt:423	utf8	dfa		unanchored	1	206	yes	0
tests/utf8/axis01_encoded_length.rxt:436	utf8	dfa		unanchored	1	172	no	0
tests/utf8/axis01_encoded_length.rxt:449	utf8	dfa		unanchored	1	172	no	0
tests/utf8/axis01_encoded_length.rxt:462	utf8	dfa		unanchored	179	-	-	0
tests/utf8/axis01_encoded_length.rxt:475	utf8	dfa		unanchored	1	172	no	0
tests/utf8/axis01_encoded_length.rxt:488	utf8	dfa		unanchored	1	172	no	0
tests/utf8/axis01_encoded_length.rxt:501	utf8	dfa		unanchored	1	172	no	0
tests/utf8/axis01_encoded_length.rxt:514	utf8	dfa		unanchored	179	-	-	0
tests/utf8/axis01_encoded_length.rxt:527	utf8	dfa		unanchored	1	172	no	0
tests/utf8/axis01_encoded_length.rxt:540	utf8	dfa		unanchored	1	130	no	0
tests/utf8/axis01_encoded_length.rxt:553	utf8	dfa		unanchored	179	-	-	0
tests/utf8/axis01_encoded_length.rxt:566	utf8	dfa		unanchored	1	130	no	0
tests/utf8/axis01_encoded_length.rxt:579	utf8	dfa		unanchored	1	172	no	0
tests/utf8/axis01_encoded_length.rxt:592	utf8	dfa		unanchored	1	172	no	0
tests/utf8/axis01_encoded_length.rxt:605	utf8	dfa		unanchored	179	-	-	0
tests/utf8/axis01_encoded_length.rxt:618	utf8	dfa		unanchored	1	226	yes	0
tests/utf8/axis01_encoded_length.rxt:631	utf8	dfa		unanchored	1	226	yes	0
tests/utf8/axis01_encoded_length.rxt:644	utf8	dfa		unanchored	1	128	no	0
tests/utf8/axis01_encoded_length.rxt:657	utf8	dfa		unanchored	1	128	no	0
tests/utf8/axis01_encoded_length.rxt:670	utf8	dfa		unanchored	179	-	-	0
tests/utf8/axis01_encoded_length.rxt:683	utf8	dfa		unanchored	1	128	no	0
tests/utf8/axis01_encoded_length.rxt:696	utf8	dfa		unanchored	1	128	no	0
tests/utf8/axis01_encoded_length.rxt:709	utf8	dfa		unanchored	1	128	no	0
tests/utf8/axis01_encoded_length.rxt:722	utf8	dfa		unanchored	179	-	-	0
tests/utf8/axis01_encoded_length.rxt:735	utf8	dfa		unanchored	1	128	no	0
tests/utf8/axis01_encoded_length.rxt:748	utf8	dfa		unanchored	1	159	no	0
tests/utf8/axis01_encoded_length.rxt:761	utf8	dfa		unanchored	179	-	-	0
tests/utf8/axis01_encoded_length.rxt:774	utf8	dfa		unanchored	1	159	no	0
tests/utf8/axis01_encoded_length.rxt:787	utf8	dfa		unanchored	1	128	no	0
tests/utf8/axis01_encoded_length.rxt:800	utf8	dfa		unanchored	1	128	no	0
tests/utf8/axis01_encoded_length.rxt:813	utf8	dfa		unanchored	179	-	-	0
tests/utf8/axis01_encoded_length.rxt:826	utf8	dfa		unanchored	1	152	no	0
tests/utf8/axis01_encoded_length.rxt:839	utf8	dfa		unanchored	1	152	no	0
tests/utf8/axis01_encoded_length_byte.rxt:35	byte	dfa		unanchored	1	97	yes	0
tests/utf8/axis01_encoded_length_byte.rxt:59	byte	dfa		unanchored	1	97	yes	0
tests/utf8/axis01_encoded_length_byte.rxt:67	byte	dfa		unanchored	1	97	yes	0
tests/utf8/axis01_encoded_length_byte.rxt:75	byte	dfa		unanchored	255	-	-	0
tests/utf8/axis01_encoded_length_byte.rxt:83	byte	dfa		unanchored	1	97	yes	0
tests/utf8/axis01_encoded_length_byte.rxt:91	byte	dfa		unanchored	33	-	-	0
tests/utf8/axis01_encoded_length_byte.rxt:99	byte	dfa		unanchored	223	-	-	0
tests/utf8/axis01_encoded_length_byte.rxt:107	byte	dfa		unanchored	33	-	-	0
tests/utf8/axis01_encoded_length_byte.rxt:115	byte	dfa		unanchored	1	97	yes	0
tests/utf8/axis01_encoded_length_byte.rxt:123	byte	dfa		unanchored	1	97	yes	0
tests/utf8/axis01_encoded_length_byte.rxt:131	byte	dfa		unanchored	255	-	-	0
tests/utf8/axis01_encoded_length_byte.rxt:139	byte	dfa		unanchored	2	-	-	0
tests/utf8/axis01_encoded_length_byte.rxt:147	byte	dfa		unanchored	2	-	-	0
tests/utf8/axis01_encoded_length_byte.rxt:155	byte	dfa		unanchored	1	177	no	0
tests/utf8/axis01_encoded_length_byte.rxt:163	byte	dfa		unanchored	2	-	-	0
tests/utf8/axis01_encoded_length_byte.rxt:171	byte	dfa		unanchored	254	-	-	0
tests/utf8/axis01_encoded_length_byte.rxt:179	byte	dfa		unanchored	1	177	no	0
tests/utf8/axis01_encoded_length_byte.rxt:207	byte	dfa		unanchored	62	-	-	0
tests/utf8/axis01_encoded_length_byte.rxt:215	byte	dfa		unanchored	194	-	-	0
tests/utf8/axis01_encoded_length_byte.rxt:223	byte	dfa		unanchored	62	-	-	0
tests/utf8/axis01_encoded_length_byte.rxt:231	byte	dfa		unanchored	1	177	no	0
tests/utf8/axis01_encoded_length_byte.rxt:239	byte	dfa		unanchored	2	-	-	0
tests/utf8/axis01_encoded_length_byte.rxt:247	byte	dfa		unanchored	254	-	-	0
tests/utf8/axis01_encoded_length_byte.rxt:255	byte	dfa		unanchored	1	206	yes	0
tests/utf8/axis01_encoded_length_byte.rxt:263	byte	dfa		unanchored	3	-	-	0
tests/utf8/axis01_encoded_length_byte.rxt:271	byte	dfa		unanchored	1	172	no	0
tests/utf8/axis01_encoded_length_byte.rxt:279	byte	dfa		unanchored	3	-	-	0
tests/utf8/axis01_encoded_length_byte.rxt:287	byte	dfa		unanchored	253	-	-	0
tests/utf8/axis01_encoded_length_byte.rxt:295	byte	dfa		unanchored	1	130	no	0
tests/utf8/axis01_encoded_length_byte.rxt:323	byte	dfa		unanchored	68	-	-	0
tests/utf8/axis01_encoded_length_byte.rxt:331	byte	dfa		unanchored	188	-	-	0
tests/utf8/axis01_encoded_length_byte.rxt:339	byte	dfa		unanchored	68	-	-	0
tests/utf8/axis01_encoded_length_byte.rxt:347	byte	dfa		unanchored	1	130	no	0
tests/utf8/axis01_encoded_length_byte.rxt:355	byte	dfa		unanchored	3	-	-	0
tests/utf8/axis01_encoded_length_byte.rxt:363	byte	dfa		unanchored	253	-	-	0
tests/utf8/axis01_encoded_length_byte.rxt:371	byte	dfa		unanchored	1	226	yes	0
tests/utf8/axis01_encoded_length_byte.rxt:379	byte	dfa		unanchored	5	-	-	0
tests/utf8/axis01_encoded_length_byte.rxt:387	byte	dfa		unanchored	1	128	no	0
tests/utf8/axis01_encoded_length_byte.rxt:395	byte	dfa		unanchored	4	-	-	0
tests/utf8/axis01_encoded_length_byte.rxt:403	byte	dfa		unanchored	252	-	-	0
tests/utf8/axis01_encoded_length_byte.rxt:411	byte	dfa		unanchored	1	152	no	0
tests/utf8/axis01_encoded_length_byte.rxt:439	byte	dfa		unanchored	113	-	-	0
tests/utf8/axis01_encoded_length_byte.rxt:447	byte	dfa		unanchored	143	-	-	0
tests/utf8/axis01_encoded_length_byte.rxt:455	byte	dfa		unanchored	113	-	-	0
tests/utf8/axis01_encoded_length_byte.rxt:463	byte	dfa		unanchored	1	152	no	0
tests/utf8/axis01_encoded_length_byte.rxt:471	byte	dfa		unanchored	4	-	-	0
tests/utf8/axis01_encoded_length_byte.rxt:479	byte	dfa		unanchored	252	-	-	0
tests/utf8/axis01_encoded_length_byte.rxt:487	byte	dfa		unanchored	1	152	no	0
tests/utf8/axis01_encoded_length_byte.rxt:495	byte	dfa		unanchored	5	-	-	0
tests/utf8/axis02_class_boundary.rxt:26	utf8	dfa		unanchored	2	-	-	0
tests/utf8/axis02_class_boundary.rxt:39	utf8	dfa		unanchored	2	-	-	0
tests/utf8/axis02_class_boundary.rxt:52	utf8	dfa		unanchored	2	-	-	0
tests/utf8/axis02_class_boundary.rxt:65	utf8	dfa		unanchored	2	-	-	0
tests/utf8/axis02_class_boundary.rxt:78	utf8	dfa		unanchored	178	-	-	0
tests/utf8/axis02_class_boundary.rxt:91	utf8	dfa		unanchored	178	-	-	0
tests/utf8/axis02_class_boundary.rxt:104	utf8	dfa		unanchored	178	-	-	0
tests/utf8/axis02_class_boundary.rxt:117	utf8	dfa		unanchored	178	-	-	0
tests/utf8/axis02_class_boundary.rxt:130	utf8	dfa		unanchored	2	-	-	0
tests/utf8/axis02_class_boundary.rxt:143	utf8	dfa		unanchored	2	-	-	0
tests/utf8/axis02_class_boundary.rxt:156	utf8	dfa		unanchored	2	-	-	0
tests/utf8/axis02_class_boundary.rxt:177	utf8	dfa		unanchored	2	-	-	0
tests/utf8/axis02_class_boundary.rxt:190	utf8	dfa		unanchored	2	-	-	0
tests/utf8/axis02_class_boundary.rxt:203	utf8	dfa		unanchored	44	-	-	0
tests/utf8/axis02_class_boundary.rxt:216	utf8	dfa		unanchored	44	-	-	0
tests/utf8/axis02_class_boundary.rxt:229	utf8	dfa		unanchored	178	-	-	0
tests/utf8/axis02_class_boundary.rxt:242	utf8	dfa		unanchored	178	-	-	0
tests/utf8/axis02_class_boundary.rxt:255	utf8	dfa		unanchored	136	-	-	0
tests/utf8/axis02_class_boundary.rxt:268	utf8	dfa		unanchored	136	-	-	0
tests/utf8/axis02_class_boundary.rxt:281	utf8	dfa		unanchored	2	-	-	0
tests/utf8/axis02_class_boundary.rxt:294	utf8	dfa		unanchored	44	-	-	0
tests/utf8/axis02_class_boundary.rxt:307	utf8	dfa		unanchored	2	-	-	0
tests/utf8/axis02_class_boundary.rxt:168	byte	dfa		unanchored	117	-	-	0
tests/utf8/axis02_class_boundary.rxt:319	byte	dfa		unanchored	16	-	-	0
tests/utf8/axis02_class_boundary_byte.rxt:21	byte	dfa		unanchored	3	-	-	0
tests/utf8/axis02_class_boundary_byte.rxt:29	byte	dfa		unanchored	2	-	-	0
tests/utf8/axis02_class_boundary_byte.rxt:36	byte	dfa		unanchored	68	-	-	0
tests/utf8/axis02_class_boundary_byte.rxt:44	byte	dfa		unanchored	2	-	-	0
tests/utf8/axis02_class_boundary_byte.rxt:51	byte	dfa		unanchored	253	-	-	0
tests/utf8/axis02_class_boundary_byte.rxt:59	byte	dfa		unanchored	254	-	-	0
tests/utf8/axis02_class_boundary_byte.rxt:66	byte	dfa		unanchored	188	-	-	0
tests/utf8/axis02_class_boundary_byte.rxt:74	byte	dfa		unanchored	254	-	-	0
tests/utf8/axis02_class_boundary_byte.rxt:81	byte	dfa		unanchored	3	-	-	0
tests/utf8/axis02_class_boundary_byte.rxt:89	byte	dfa		unanchored	68	-	-	0
tests/utf8/axis02_class_boundary_byte.rxt:97	byte	dfa		unanchored	2	-	-	0
tests/utf8/axis02_class_boundary_byte.rxt:109	byte	dfa		unanchored	3	-	-	0
tests/utf8/axis02_class_boundary_byte.rxt:121	byte	dfa		unanchored	110	-	-	0
tests/utf8/axis02_class_boundary_byte.rxt:133	byte	dfa		unanchored	253	-	-	0
tests/utf8/axis02_class_boundary_byte.rxt:145	byte	dfa		unanchored	146	-	-	0
tests/utf8/axis02_class_boundary_byte.rxt:157	byte	dfa		unanchored	3	-	-	0
tests/utf8/axis02_class_boundary_byte.rxt:165	byte	dfa		unanchored	110	-	-	0
tests/utf8/axis02_class_boundary_byte.rxt:173	byte	dfa		unanchored	2	-	-	0
tests/utf8/axis03_invalid_utf8.rxt:50	utf8	dfa		unanchored	1	97	yes	0
tests/utf8/axis03_invalid_utf8_byte.rxt:29	byte	dfa		unanchored	1	97	yes	0
tests/utf8/axis04_p_categories.rxt:34	utf8	dfa		unanchored	97	-	-	0
tests/utf8/axis04_p_categories.rxt:62	utf8	dfa		unanchored	109	-	-	0
tests/utf8/axis04_p_categories.rxt:90	utf8	dfa		unanchored	20	-	-	0
tests/utf8/axis04_p_categories.rxt:116	utf8	dfa		unanchored	178	-	-	0
tests/utf8/axis04_p_categories.rxt:142	utf8	dfa		unanchored	21	-	-	0
tests/utf8/axis04_p_categories.rxt:170	utf8	dfa		unanchored	169	-	-	0
tests/utf8/axis04_p_categories.rxt:198	utf8	dfa		unanchored	41	-	-	0
tests/utf8/axis04_p_categories.rxt:226	utf8	dfa		unanchored	156	-	-	0
tests/utf8/axis04_p_categories.rxt:254	utf8	dfa		unanchored	28	-	-	0
tests/utf8/axis04_p_categories.rxt:282	utf8	dfa		unanchored	170	-	-	0
tests/utf8/axis04_p_categories.rxt:310	utf8	dfa		unanchored	5	-	-	0
tests/utf8/axis04_p_categories.rxt:338	utf8	dfa		unanchored	178	-	-	0
tests/utf8/axis04_p_categories.rxt:366	utf8	dfa		unanchored	59	-	-	0
tests/utf8/axis04_p_categories.rxt:394	utf8	dfa		unanchored	142	-	-	0
tests/utf8/axis04_p_categories.rxt:422	utf8	dfa		unanchored	47	-	-	0
tests/utf8/axis04_p_categories.rxt:450	utf8	dfa		unanchored	153	-	-	0
tests/utf8/axis04_p_categories.rxt:478	utf8	dfa		unanchored	50	-	-	0
tests/utf8/axis04_p_categories.rxt:506	utf8	dfa		unanchored	153	-	-	0
tests/utf8/axis04_p_categories.rxt:533	utf8	dfa		unanchored	2	-	-	0
tests/utf8/axis04_p_categories.rxt:557	utf8	dfa		unanchored	179	-	-	0
tests/utf8/axis04_p_categories.rxt:581	utf8	dfa		unanchored	14	-	-	0
tests/utf8/axis04_p_categories.rxt:605	utf8	dfa		unanchored	179	-	-	0
tests/utf8/axis04_p_categories.rxt:629	utf8	dfa		unanchored	29	-	-	0
tests/utf8/axis04_p_categories.rxt:653	utf8	dfa		unanchored	171	-	-	0
tests/utf8/axis04_p_categories.rxt:677	utf8	dfa		unanchored	20	-	-	0
tests/utf8/axis04_p_categories.rxt:701	utf8	dfa		unanchored	178	-	-	0
tests/utf8/axis04_p_categories.rxt:725	utf8	dfa		unanchored	5	-	-	0
tests/utf8/axis04_p_categories.rxt:749	utf8	dfa		unanchored	179	-	-	0
tests/utf8/axis04_p_categories.rxt:773	utf8	dfa		unanchored	4	-	-	0
tests/utf8/axis04_p_categories.rxt:797	utf8	dfa		unanchored	179	-	-	0
tests/utf8/axis04_p_categories.rxt:822	utf8	dfa		unanchored	18	-	-	0
tests/utf8/axis04_p_categories.rxt:850	utf8	dfa		unanchored	169	-	-	0
tests/utf8/axis04_p_categories.rxt:877	utf8	dfa		unanchored	5	-	-	0
tests/utf8/axis04_p_categories.rxt:901	utf8	dfa		unanchored	179	-	-	0
tests/utf8/axis04_p_categories.rxt:925	utf8	dfa		unanchored	7	-	-	0
tests/utf8/axis04_p_categories.rxt:949	utf8	dfa		unanchored	179	-	-	0
tests/utf8/axis04_p_categories.rxt:973	utf8	dfa		unanchored	3	-	-	0
tests/utf8/axis04_p_categories.rxt:997	utf8	dfa		unanchored	178	-	-	0
tests/utf8/axis04_p_categories.rxt:1022	utf8	dfa		unanchored	7	-	-	0
tests/utf8/axis04_p_categories.rxt:1050	utf8	dfa		unanchored	178	-	-	0
tests/utf8/axis04_p_categories.rxt:1077	utf8	dfa		unanchored	8	-	-	0
tests/utf8/axis04_p_categories.rxt:1101	utf8	dfa		unanchored	176	-	-	0
tests/utf8/axis04_p_categories.rxt:1125	utf8	dfa		unanchored	8	-	-	0
tests/utf8/axis04_p_categories.rxt:1149	utf8	dfa		unanchored	176	-	-	0
tests/utf8/axis04_p_categories.rxt:1173	utf8	dfa		unanchored	2	-	-	0
tests/utf8/axis04_p_categories.rxt:1197	utf8	dfa		unanchored	179	-	-	0
tests/utf8/axis04_p_categories.rxt:1221	utf8	dfa		unanchored	2	-	-	0
tests/utf8/axis04_p_categories.rxt:1245	utf8	dfa		unanchored	179	-	-	0
tests/utf8/axis04_p_categories.rxt:1269	utf8	dfa		unanchored	33	-	-	0
tests/utf8/axis04_p_categories.rxt:1293	utf8	dfa		unanchored	164	-	-	0
tests/utf8/axis04_p_categories.rxt:1318	utf8	dfa		unanchored	13	-	-	0
tests/utf8/axis04_p_categories.rxt:1346	utf8	dfa		unanchored	173	-	-	0
tests/utf8/axis04_p_categories.rxt:1374	utf8	dfa		unanchored	11	-	-	0
tests/utf8/axis04_p_categories.rxt:1402	utf8	dfa		unanchored	178	-	-	0
tests/utf8/axis04_p_categories.rxt:1429	utf8	dfa		unanchored	12	-	-	0
tests/utf8/axis04_p_categories.rxt:1453	utf8	dfa		unanchored	177	-	-	0
tests/utf8/axis04_p_categories.rxt:1478	utf8	dfa		unanchored	14	-	-	0
tests/utf8/axis04_p_categories.rxt:1506	utf8	dfa		unanchored	179	-	-	0
tests/utf8/axis04_p_categories.rxt:1534	utf8	dfa		unanchored	5	-	-	0
tests/utf8/axis04_p_categories.rxt:1562	utf8	dfa		unanchored	178	-	-	0
tests/utf8/axis04_p_categories.rxt:1589	utf8	dfa		unanchored	1	168	no	0
tests/utf8/axis04_p_categories.rxt:1613	utf8	dfa		unanchored	179	-	-	0
tests/utf8/axis04_p_categories.rxt:1637	utf8	dfa		unanchored	1	169	no	0
tests/utf8/axis04_p_categories.rxt:1661	utf8	dfa		unanchored	179	-	-	0
tests/utf8/axis04_p_categories.rxt:1686	utf8	dfa		unanchored	34	-	-	0
tests/utf8/axis04_p_categories.rxt:1714	utf8	dfa		unanchored	146	-	-	0
tests/utf8/axis04_p_categories.rxt:1742	utf8	dfa		unanchored	10	-	-	0
tests/utf8/axis04_p_categories.rxt:1770	utf8	dfa		unanchored	179	-	-	0
tests/utf8/axis04_p_categories.rxt:1796	utf8	dfa		empty	0	-	-	0
tests/utf8/axis04_p_categories.rxt:1816	utf8	dfa		unanchored	179	-	-	0
tests/utf8/axis04_p_categories.rxt:1837	utf8	dfa		unanchored	4	-	-	0
tests/utf8/axis04_p_categories.rxt:1861	utf8	dfa		unanchored	178	-	-	0
tests/utf8/axis04_p_categories.rxt:1885	utf8	dfa		unanchored	22	-	-	0
tests/utf8/axis04_p_categories.rxt:1909	utf8	dfa		unanchored	177	-	-	0
tests/utf8/axis06_caseless_fold.rxt:31	utf8	dfa		unanchored	3	-	-	0
tests/utf8/axis06_caseless_fold.rxt:45	utf8	dfa		unanchored	3	-	-	0
tests/utf8/axis06_caseless_fold.rxt:59	utf8	dfa		unanchored	3	-	-	0
tests/utf8/axis06_caseless_fold.rxt:73	utf8	dfa		unanchored	3	-	-	0
tests/utf8/axis06_caseless_fold.rxt:87	utf8	dfa		unanchored	2	-	-	0
tests/utf8/axis06_caseless_fold.rxt:101	utf8	dfa		unanchored	2	-	-	0
tests/utf8/axis06_caseless_fold.rxt:115	utf8	dfa		unanchored	2	-	-	0
tests/utf8/axis06_caseless_fold.rxt:129	utf8	dfa		unanchored	2	-	-	0
tests/utf8/axis06_caseless_fold.rxt:143	utf8	dfa		unanchored	2	-	-	0
tests/utf8/axis06_caseless_fold.rxt:157	utf8	dfa		unanchored	2	-	-	0
tests/utf8/axis06_caseless_fold.rxt:171	utf8	dfa		unanchored	2	-	-	0
tests/utf8/axis06_caseless_fold.rxt:185	utf8	dfa		unanchored	2	-	-	0
tests/utf8/axis06_caseless_fold.rxt:199	utf8	dfa		unanchored	2	-	-	0
tests/utf8/axis06_caseless_fold.rxt:213	utf8	dfa		unanchored	2	-	-	0
tests/utf8/axis06_caseless_fold.rxt:227	utf8	dfa		unanchored	2	-	-	0
tests/utf8/axis06_caseless_fold.rxt:241	utf8	dfa		unanchored	2	-	-	0
tests/utf8/axis06_caseless_fold.rxt:255	utf8	dfa		unanchored	3	-	-	0
tests/utf8/axis06_caseless_fold.rxt:269	utf8	dfa		unanchored	3	-	-	0
tests/utf8/axis06_caseless_fold.rxt:283	utf8	dfa		unanchored	3	-	-	0
tests/utf8/axis06_caseless_fold.rxt:297	utf8	dfa		unanchored	3	-	-	0
tests/utf8/axis06_caseless_fold.rxt:311	utf8	dfa		unanchored	2	-	-	0
tests/utf8/axis06_caseless_fold.rxt:325	utf8	dfa		unanchored	2	-	-	0
tests/utf8/axis06_caseless_fold.rxt:339	utf8	dfa		unanchored	2	-	-	0
tests/utf8/axis06_caseless_fold.rxt:353	utf8	dfa		unanchored	2	-	-	0
tests/utf8/axis06_caseless_fold.rxt:367	utf8	dfa		unanchored	2	-	-	0
tests/utf8/axis06_caseless_fold.rxt:381	utf8	dfa		unanchored	2	-	-	0
tests/utf8/axis06_caseless_fold.rxt:395	utf8	dfa		unanchored	2	-	-	0
tests/utf8/axis06_caseless_fold.rxt:409	utf8	dfa		unanchored	2	-	-	0
tests/utf8/axis06_caseless_fold.rxt:493	utf8	dfa		unanchored	3	-	-	0
tests/utf8/axis06_caseless_fold.rxt:507	utf8	dfa		unanchored	3	-	-	0
tests/utf8/axis06_caseless_fold.rxt:521	utf8	dfa		unanchored	3	-	-	0
tests/utf8/axis06_caseless_fold.rxt:535	utf8	dfa		unanchored	177	-	-	0
tests/utf8/axis06_caseless_fold.rxt:549	utf8	dfa		unanchored	177	-	-	0
tests/utf8/axis06_caseless_fold.rxt:563	utf8	dfa		unanchored	177	-	-	0
tests/utf8/axis06_caseless_fold.rxt:577	utf8	dfa		unanchored	177	-	-	0
tests/utf8/axis06_caseless_fold.rxt:591	utf8	dfa		unanchored	177	-	-	0
tests/utf8/axis06_caseless_fold.rxt:605	utf8	dfa		unanchored	177	-	-	0
tests/utf8/axis06_caseless_fold.rxt:619	utf8	dfa		unanchored	177	-	-	0
tests/utf8/axis06_caseless_fold.rxt:633	utf8	dfa		unanchored	177	-	-	0
tests/utf8/axis06_caseless_fold.rxt:663	utf8	dfa		unanchored	120	-	-	0
tests/utf8/axis07_caseless_1ton.rxt:24	utf8	dfa		unanchored	2	-	-	0
tests/utf8/axis07_caseless_1ton.rxt:44	utf8	dfa		unanchored	3	-	-	0
tests/utf8/axis07_caseless_1ton.rxt:54	utf8	dfa		unanchored	3	-	-	0
tests/utf8/axis07_caseless_1ton.rxt:64	utf8	dfa		unanchored	1	129	no	0
tests/utf8/axis07_caseless_1ton.rxt:74	utf8	dfa		unanchored	2	-	-	0
tests/utf8/axis07_caseless_1ton.rxt:84	utf8	dfa		unanchored	1	131	no	0
tests/utf8/axis07_caseless_1ton.rxt:94	utf8	dfa		unanchored	1	137	no	0
tests/utf8/axis07_caseless_1ton.rxt:104	utf8	dfa		unanchored	1	176	no	0
tests/utf8/axis07_caseless_1ton.rxt:114	utf8	dfa		unanchored	1	150	no	0
tests/utf8/axis07_caseless_1ton.rxt:124	utf8	dfa		unanchored	2	-	-	0
tests/utf8/axis08_lookbehind_varwidth.rxt:35	utf8	vm	hybrid	unanchored	1	120	yes	0
tests/utf8/axis08_lookbehind_varwidth.rxt:49	utf8	vm	hybrid	unanchored	1	120	yes	0
tests/utf8/axis08_lookbehind_varwidth.rxt:63	utf8	vm	hybrid	unanchored	2	120	no	0
tests/utf8/axis08_lookbehind_varwidth.rxt:75	utf8	vm	hybrid	unanchored	1	120	yes	0
tests/utf8/axis08_lookbehind_varwidth.rxt:86	utf8	vm	hybrid	unanchored	1	120	yes	0
tests/utf8/axis08_lookbehind_varwidth.rxt:97	utf8	vm	hybrid	unanchored	178	120	yes	1
tests/utf8/axis08_lookbehind_varwidth.rxt:108	utf8	vm	hybrid	unanchored	1	120	yes	0
tests/utf8/axis08_lookbehind_varwidth.rxt:119	utf8	vm	hybrid	unanchored	1	120	yes	0
tests/utf8/axis08_lookbehind_varwidth.rxt:130	utf8	vm	hybrid	unanchored	178	120	yes	1
tests/utf8/axis08_lookbehind_varwidth.rxt:142	utf8	dfa		unanchored	1	120	yes	0
tests/utf8/axis08_lookbehind_varwidth.rxt:155	utf8	dfa		unanchored	1	120	yes	0
tests/utf8/axis08_lookbehind_varwidth.rxt:168	utf8	vm	hybrid	unanchored	63	120	yes	1
tests/utf8/axis08_lookbehind_varwidth.rxt:206	utf8	vm	hybrid	unanchored	1	120	yes	0
tests/utf8/axis08_lookbehind_varwidth.rxt:215	utf8	vm	hybrid	unanchored	1	120	yes	0
tests/utf8/axis08_lookbehind_varwidth.rxt:224	utf8	vm	hybrid	unanchored	179	120	yes	1
tests/utf8/axis08_lookbehind_varwidth.rxt:233	utf8	vm	hybrid	unanchored	1	120	yes	0
tests/utf8/axis08_lookbehind_varwidth.rxt:242	utf8	vm	hybrid	unanchored	1	120	yes	0
tests/utf8/axis08_lookbehind_varwidth.rxt:251	utf8	vm	hybrid	unanchored	3	120	no	0
tests/utf8/axis08_lookbehind_varwidth.rxt:262	utf8	vm	hybrid	unanchored	1	120	yes	0
tests/utf8/axis08_lookbehind_varwidth.rxt:275	utf8	vm	hybrid	unanchored	1	120	yes	0
tests/utf8/axis08_lookbehind_varwidth.rxt:288	utf8	vm	hybrid	unanchored	54	120	yes	1
tests/utf8/axis08_lookbehind_varwidth.rxt:181	utf8	vm	hybrid	unanchored	1	120	yes	0
tests/utf8/axis08_lookbehind_varwidth.rxt:190	utf8	vm	hybrid	unanchored	1	120	yes	0
tests/utf8/axis08_lookbehind_varwidth.rxt:199	utf8	vm	hybrid	unanchored	97	120	yes	1
tests/utf8/axis09_nextpos_findall.rxt:41	utf8	dfa		unanchored	0	-	-	0
tests/utf8/axis09_nextpos_findall.rxt:55	utf8	dfa		unanchored	0	-	-	0
tests/utf8/axis09_nextpos_findall.rxt:69	utf8	dfa		attempt	178	-	-	0
tests/utf8/axis09_nextpos_findall.rxt:83	utf8	dfa		unanchored	178	-	-	0
tests/utf8/axis09_nextpos_findall.rxt:260	utf8	vm	none		0	-	-	0
tests/utf8/axis10_surrogate_witness.rxt:20	utf8	dfa		attempt	178	-	-	0
tests/utf8/axis10_surrogate_witness.rxt:31	utf8	dfa		attempt	178	-	-	0
tests/utf8/axis10_surrogate_witness.rxt:42	utf8	dfa		attempt	97	-	-	0
tests/utf8/axis11_startpos_boundary.rxt:55	utf8	dfa		unanchored	0	-	-	0
tests/utf8/axis11_startpos_boundary.rxt:64	utf8	dfa		unanchored	0	-	-	0
tests/utf8/axis11_startpos_boundary.rxt:119	utf8	dfa		attempt	0	-	-	0
tests/utf8/axis12_scripts.rxt:27	utf8	dfa		unanchored	9	-	-	0
tests/utf8/axis12_scripts.rxt:41	utf8	dfa		unanchored	7	-	-	0
tests/utf8/axis12_scripts.rxt:55	utf8	dfa		unanchored	9	-	-	0
tests/utf8/axis12_scripts.rxt:67	utf8	dfa		unanchored	7	-	-	0
tests/utf8/axis12_scripts.rxt:78	utf8	dfa		unanchored	9	-	-	0
tests/utf8/axis12_scripts.rxt:89	utf8	dfa		unanchored	7	-	-	0
tests/utf8/axis12_scripts.rxt:100	utf8	dfa		unanchored	9	-	-	0
tests/utf8/axis12_scripts.rxt:111	utf8	dfa		unanchored	11	-	-	0
tests/utf8/axis12_scripts.rxt:121	utf8	dfa		unanchored	4	-	-	0
tests/utf8/axis12_scripts.rxt:131	utf8	dfa		unanchored	1	222	yes	0
tests/utf8/axis12_scripts.rxt:141	utf8	dfa		unanchored	12	-	-	0
tests/utf8/axis12_scripts.rxt:152	utf8	dfa		unanchored	179	-	-	0
tests/utf8/axis12_scripts.rxt:163	utf8	dfa		unanchored	179	-	-	0
tests/utf8/axis12_scripts.rxt:174	utf8	dfa		unanchored	10	-	-	0
tests/utf8/axis12_scripts.rxt:187	utf8	dfa		unanchored	179	-	-	0
tests/utf8/axis12_scripts.rxt:201	utf8	dfa		unanchored	9	-	-	0
tests/utf8/axis12_scripts.rxt:214	byte	dfa		unanchored	1	183	yes	0
tests/utf8/axis12_scripts.rxt:224	byte	dfa		empty	0	-	-	0
tests/utf8/axis12_scripts.rxt:296	utf8	dfa		unanchored	175	-	-	0
tests/utf8/axis12_scripts.rxt:304	utf8	dfa		unanchored	23	-	-	0
tests/utf8/axis12_scripts.rxt:312	utf8	dfa		unanchored	23	-	-	0
tests/utf8/axis12_scripts.rxt:320	utf8	dfa		unanchored	23	-	-	0
tests/utf8/axis12_scripts.rxt:328	utf8	dfa		unanchored	23	-	-	0
tests/utf8/axis13_ctx_illformed.rxt:21	utf8	vm	hybrid	unanchored	1	97	yes	0
tests/utf8/axis13_ctx_illformed.rxt:32	utf8	vm	none		0	-	-	0
tests/utf8/axis13_ctx_illformed.rxt:42	utf8	dfa		unanchored	1	98	yes	0
tests/utf8/axis13_ctx_illformed.rxt:51	utf8	dfa		unanchored	1	98	yes	0
tests/utf8/axis13_ctx_illformed.rxt:60	utf8	dfa		unanchored	1	98	yes	0
tests/utf8/axis13_ctx_illformed.rxt:70	utf8	dfa		unanchored	1	98	yes	0
tests/utf8/axis13_ctx_illformed.rxt:79	utf8	dfa		unanchored	63	-	-	0
tests/utf8/axis13_ctx_illformed.rxt:87	utf8	dfa		unanchored	1	169	no	0
tests/utf8/fold.rxt:49	utf8	dfa		unanchored	54	-	-	0
tests/utf8/fold.rxt:61	utf8	dfa		unanchored	26	-	-	0
tests/utf8/fold.rxt:81	utf8	dfa		unanchored	6	-	-	0
tests/utf8/fold.rxt:92	utf8	dfa		unanchored	10	-	-	0
tests/utf8/fold.rxt:101	utf8	dfa		unanchored	2	45	no	0
tests/utf8/fold.rxt:114	utf8	dfa		unanchored	127	-	-	0
tests/utf8/fold.rxt:146	byte	dfa		unanchored	2	-	-	0
tests/utf8/fold.rxt:154	byte	dfa		unanchored	52	-	-	0
tests/utf8/fold.rxt:164	byte	dfa		unanchored	255	-	-	0
tests/utf8/fold.rxt:176	utf8	dfa		unanchored	76	-	-	0
tests/utf8/fold.rxt:188	utf8	dfa		unanchored	76	-	-	0
tests/utf8/fold.rxt:199	utf8	dfa		unanchored	52	-	-	0
tests/utf8/fold.rxt:207	utf8	dfa		unanchored	53	-	-	0
tests/utf8/fold.rxt:215	utf8	dfa		unanchored	63	-	-	0
tests/utf8/fold.rxt:225	utf8	dfa		unanchored	76	-	-	0
tests/utf8/hv_space.rxt:27	utf8	dfa		attempt	6	-	-	0
tests/utf8/hv_space.rxt:73	utf8	dfa		attempt	177	-	-	0
tests/utf8/hv_space.rxt:119	utf8	dfa		attempt	6	-	-	0
tests/utf8/hv_space.rxt:165	utf8	dfa		attempt	175	-	-	0
tests/utf8/hv_space.rxt:211	utf8	dfa		attempt	6	-	-	0
tests/utf8/hv_space.rxt:257	utf8	dfa		attempt	177	-	-	0
tests/utf8/hv_space.rxt:303	utf8	dfa		attempt	6	-	-	0
tests/utf8/hv_space.rxt:349	utf8	dfa		attempt	175	-	-	0
tests/utf8/hv_space.rxt:395	utf8	dfa		attempt	10	-	-	0
tests/utf8/hv_space.rxt:441	utf8	dfa		unanchored	1	121	no	0
tests/utf8/hv_space.rxt:450	utf8	dfa		unanchored	1	120	yes	0
tests/utf8/hv_space.rxt:459	utf8	dfa		unanchored	1	120	yes	0
tests/utf8/hv_space.rxt:468	utf8	dfa		unanchored	1	98	no	0
tests/utf8/hv_space.rxt:477	utf8	dfa		unanchored	6	-	-	0
tests/utf8/hv_space.rxt:486	utf8	dfa		unanchored	6	-	-	0
tests/utf8/hv_space.rxt:499	byte	dfa		attempt	3	-	-	0
tests/utf8/hv_space.rxt:508	byte	dfa		attempt	5	-	-	0
tests/utf8/k73_startskip.rxt:55	utf8	dfa		unanchored	0	-	-	0
tests/utf8/k73_startskip.rxt:67	utf8	vm	none		0	-	-	0
tests/utf8/k73_startskip.rxt:80	utf8	dfa		attempt	0	-	-	0
tests/utf8/k73_startskip.rxt:92	utf8	dfa		unanchored	0	-	-	0
tests/utf8/k73_startskip.rxt:102	utf8	dfa		unanchored	0	-	-	0
tests/utf8/k73_startskip.rxt:115	utf8	dfa		attempt	0	-	-	0
tests/utf8/k73_startskip.rxt:128	utf8	dfa		attempt	0	-	-	0
tests/utf8/k73_startskip.rxt:154	utf8	dfa		unanchored	0	-	-	0
tests/utf8/restrict.rxt:34	byte	dfa		unanchored	2	-	-	0
tests/utf8/restrict.rxt:42	byte	dfa		unanchored	1	233	yes	0
tests/utf8/restrict.rxt:85	utf8	dfa		unanchored	1	107	yes	0
tests/utf8/wclass_illformed.rxt:19	utf8	dfa		unanchored	1	121	no	0
tests/utf8/wclass_illformed.rxt:41	utf8	vm	hybrid	unanchored	1	121	no	0
tests/utf8/wclass_illformed.rxt:109	utf8	dfa		unanchored	1	121	no	0
tests/utf8/wclass_illformed.rxt:131	utf8	vm	hybrid	unanchored	1	121	no	0
tests/utf8/wclass_illformed.rxt:199	utf8	dfa		unanchored	1	121	no	0
tests/utf8/wclass_illformed.rxt:246	utf8	vm	none		1	121	no	0
tests/utf8/wclass_illformed.rxt:269	utf8	dfa		unanchored	1	121	no	0
tests/utf8/wclass_illformed.rxt:290	utf8	vm	hybrid	unanchored	1	121	no	0
tests/utf8/wclass_illformed.rxt:355	utf8	dfa		unanchored	1	121	no	0
tests/utf8/wclass_illformed.rxt:377	utf8	vm	hybrid	unanchored	1	121	no	0
tests/utf8/wclass_illformed.rxt:445	utf8	dfa		unanchored	1	121	no	0
tests/utf8/wclass_illformed.rxt:466	utf8	vm	hybrid	unanchored	1	121	no	0
tests/utf8/wclass_illformed.rxt:531	utf8	dfa		unanchored	1	121	no	0
tests/utf8/wclass_illformed.rxt:553	utf8	vm	hybrid	unanchored	1	121	no	0
tests/utf8/wclass_illformed.rxt:621	utf8	dfa		unanchored	1	121	no	0
tests/utf8/wclass_illformed.rxt:643	utf8	vm	hybrid	unanchored	1	121	no	0
tests/utf8/wclass_illformed.rxt:711	utf8	dfa		unanchored	1	121	no	0
tests/utf8/wclass_illformed.rxt:733	utf8	vm	hybrid	unanchored	1	121	no	0
tests/utf8/wclass_illformed.rxt:801	utf8	dfa		unanchored	1	195	no	0
tests/utf8/wclass_illformed.rxt:823	utf8	vm	hybrid	unanchored	1	195	no	0
tests/utf8/wclass_illformed.rxt:891	utf8	dfa		unanchored	1	121	no	0
tests/utf8/wclass_illformed.rxt:913	utf8	vm	hybrid	unanchored	1	121	no	0
tests/utf8/wclass_illformed.rxt:981	utf8	dfa		unanchored	1	120	yes	0
tests/utf8/wclass_illformed.rxt:1003	utf8	vm	hybrid	unanchored	1	121	no	0
tests/vars/basic.rxt:14	byte	vm	none		256	45	yes	0
tests/vars/basic.rxt:36	byte	vm	none		1	98	no	0
tests/vars/basic.rxt:46	byte	vm	none		256	45	yes	0
tests/vars/basic.rxt:54	byte	vm	none		0	-	-	0
tests/vars/basic.rxt:62	byte	vm	none		0	-	-	0
tests/vars/basic.rxt:84	byte	vm	none		1	98	no	0
tests/vars/basic.rxt:100	byte	vm	none		0	-	-	0
tests/vars/basic.rxt:93	byte	vm	none		256	120	yes	0
tests/vars/caseless.rxt:22	byte	vm	none		0	-	-	0
tests/vars/caseless.rxt:59	utf8	vm	none		0	-	-	0
tests/vars/caseless.rxt:108	utf8	vm	none		0	-	-	0
tests/vars/caseless.rxt:152	utf8	vm	none		0	-	-	0
tests/vars/startset.rxt:8	byte	vm	none		0	120	no	0
tests/vars/unset.rxt:49	byte	vm	none		0	-	-	0
tests/vars/unset.rxt:69	byte	vm	none		256	120	yes	0
tests/vars/unset.rxt:78	byte	vm	none		0	-	-	0
tests/vars/unset.rxt:106	byte	vm	none		1	98	no	0
tests/vars/unset.rxt:128	byte	vm	none		1	98	no	0
tests/vars/unset.rxt:167	byte	vm	none		0	-	-	0
tests/vars/unset.rxt:176	byte	vm	none		0	-	-	0
