0.0.0	-	283f3a283f3c3d61297a7c7729	617a61	0
0.0.1	-	283f3a283f3c3d61297a7c7729	617a61	1
0.0.2	-	283f3a283f3c3d61297a7c7729	617a61	2
0.0.3	-	283f3a283f3c3d61297a7c7729	617a61	3
0.1.0	-	283f3a283f3c3d61297a7c7729	617a	0
0.1.1	-	283f3a283f3c3d61297a7c7729	617a	1
0.1.2	-	283f3a283f3c3d61297a7c7729	617a	2
0.2.0	-	283f3a283f3c3d61297a7c7729	78617a	0
0.2.1	-	283f3a283f3c3d61297a7c7729	78617a	1
0.2.2	-	283f3a283f3c3d61297a7c7729	78617a	2
0.2.3	-	283f3a283f3c3d61297a7c7729	78617a	3
0.3.0	-	283f3a283f3c3d61297a7c7729	617a77	0
0.3.1	-	283f3a283f3c3d61297a7c7729	617a77	1
0.3.2	-	283f3a283f3c3d61297a7c7729	617a77	2
0.3.3	-	283f3a283f3c3d61297a7c7729	617a77	3
0.4.0	-	283f3a283f3c3d61297a7c7729	61617a	0
0.4.1	-	283f3a283f3c3d61297a7c7729	61617a	1
0.4.2	-	283f3a283f3c3d61297a7c7729	61617a	2
0.4.3	-	283f3a283f3c3d61297a7c7729	61617a	3
0.5.0	-	283f3a283f3c3d61297a7c7729	7a61	0
0.5.1	-	283f3a283f3c3d61297a7c7729	7a61	1
0.5.2	-	283f3a283f3c3d61297a7c7729	7a61	2
0.6.0	-	283f3a283f3c3d61297a7c7729	77617a	0
0.6.1	-	283f3a283f3c3d61297a7c7729	77617a	1
0.6.2	-	283f3a283f3c3d61297a7c7729	77617a	2
0.6.3	-	283f3a283f3c3d61297a7c7729	77617a	3
0.7.0	-	283f3a283f3c3d61297a7c7729	7a617a	0
0.7.1	-	283f3a283f3c3d61297a7c7729	7a617a	1
0.7.2	-	283f3a283f3c3d61297a7c7729	7a617a	2
0.7.3	-	283f3a283f3c3d61297a7c7729	7a617a	3
0.8.0	-	283f3a283f3c3d61297a7c7729	6161617a	0
0.8.1	-	283f3a283f3c3d61297a7c7729	6161617a	1
0.8.2	-	283f3a283f3c3d61297a7c7729	6161617a	2
0.8.3	-	283f3a283f3c3d61297a7c7729	6161617a	3
0.8.4	-	283f3a283f3c3d61297a7c7729	6161617a	4
0.9.0	-	283f3a283f3c3d61297a7c7729	61777a	0
0.9.1	-	283f3a283f3c3d61297a7c7729	61777a	1
0.9.2	-	283f3a283f3c3d61297a7c7729	61777a	2
0.9.3	-	283f3a283f3c3d61297a7c7729	61777a	3
0.10.0	-	283f3a283f3c3d61297a7c7729		0
1.0.0	-	283f3a283f3c2a61297a7c7729	617a61	0
1.0.1	-	283f3a283f3c2a61297a7c7729	617a61	1
1.0.2	-	283f3a283f3c2a61297a7c7729	617a61	2
1.0.3	-	283f3a283f3c2a61297a7c7729	617a61	3
1.1.0	-	283f3a283f3c2a61297a7c7729	617a	0
1.1.1	-	283f3a283f3c2a61297a7c7729	617a	1
1.1.2	-	283f3a283f3c2a61297a7c7729	617a	2
1.2.0	-	283f3a283f3c2a61297a7c7729	78617a	0
1.2.1	-	283f3a283f3c2a61297a7c7729	78617a	1
1.2.2	-	283f3a283f3c2a61297a7c7729	78617a	2
1.2.3	-	283f3a283f3c2a61297a7c7729	78617a	3
1.3.0	-	283f3a283f3c2a61297a7c7729	61777a	0
1.3.1	-	283f3a283f3c2a61297a7c7729	61777a	1
1.3.2	-	283f3a283f3c2a61297a7c7729	61777a	2
1.3.3	-	283f3a283f3c2a61297a7c7729	61777a	3
1.4.0	-	283f3a283f3c2a61297a7c7729	7a61	0
1.4.1	-	283f3a283f3c2a61297a7c7729	7a61	1
1.4.2	-	283f3a283f3c2a61297a7c7729	7a61	2
2.0.0	-	283f3a283f3c3d5b61625d297a7c7729	617a61	0
2.0.1	-	283f3a283f3c3d5b61625d297a7c7729	617a61	1
2.0.2	-	283f3a283f3c3d5b61625d297a7c7729	617a61	2
2.0.3	-	283f3a283f3c3d5b61625d297a7c7729	617a61	3
2.1.0	-	283f3a283f3c3d5b61625d297a7c7729	627a	0
2.1.1	-	283f3a283f3c3d5b61625d297a7c7729	627a	1
2.1.2	-	283f3a283f3c3d5b61625d297a7c7729	627a	2
2.2.0	-	283f3a283f3c3d5b61625d297a7c7729	627a62	0
2.2.1	-	283f3a283f3c3d5b61625d297a7c7729	627a62	1
2.2.2	-	283f3a283f3c3d5b61625d297a7c7729	627a62	2
2.2.3	-	283f3a283f3c3d5b61625d297a7c7729	627a62	3
2.3.0	-	283f3a283f3c3d5b61625d297a7c7729	78627a	0
2.3.1	-	283f3a283f3c3d5b61625d297a7c7729	78627a	1
2.3.2	-	283f3a283f3c3d5b61625d297a7c7729	78627a	2
2.3.3	-	283f3a283f3c3d5b61625d297a7c7729	78627a	3
2.4.0	-	283f3a283f3c3d5b61625d297a7c7729	61627a	0
2.4.1	-	283f3a283f3c3d5b61625d297a7c7729	61627a	1
2.4.2	-	283f3a283f3c3d5b61625d297a7c7729	61627a	2
2.4.3	-	283f3a283f3c3d5b61625d297a7c7729	61627a	3
2.5.0	-	283f3a283f3c3d5b61625d297a7c7729	7a62	0
2.5.1	-	283f3a283f3c3d5b61625d297a7c7729	7a62	1
2.5.2	-	283f3a283f3c3d5b61625d297a7c7729	7a62	2
3.0.0	-	283f3a283f3c2a5b61625d297a7c7729	617a61	0
3.0.1	-	283f3a283f3c2a5b61625d297a7c7729	617a61	1
3.0.2	-	283f3a283f3c2a5b61625d297a7c7729	617a61	2
3.0.3	-	283f3a283f3c2a5b61625d297a7c7729	617a61	3
3.1.0	-	283f3a283f3c2a5b61625d297a7c7729	627a	0
3.1.1	-	283f3a283f3c2a5b61625d297a7c7729	627a	1
3.1.2	-	283f3a283f3c2a5b61625d297a7c7729	627a	2
3.2.0	-	283f3a283f3c2a5b61625d297a7c7729	78627a	0
3.2.1	-	283f3a283f3c2a5b61625d297a7c7729	78627a	1
3.2.2	-	283f3a283f3c2a5b61625d297a7c7729	78627a	2
3.2.3	-	283f3a283f3c2a5b61625d297a7c7729	78627a	3
3.3.0	-	283f3a283f3c2a5b61625d297a7c7729	7a62	0
3.3.1	-	283f3a283f3c2a5b61625d297a7c7729	7a62	1
3.3.2	-	283f3a283f3c2a5b61625d297a7c7729	7a62	2
4.0.0	-	283f3c3d6129627c283f3c3d62632964	616261	0
4.0.1	-	283f3c3d6129627c283f3c3d62632964	616261	1
4.0.2	-	283f3c3d6129627c283f3c3d62632964	616261	2
4.0.3	-	283f3c3d6129627c283f3c3d62632964	616261	3
4.1.0	-	283f3c3d6129627c283f3c3d62632964	6162	0
4.1.1	-	283f3c3d6129627c283f3c3d62632964	6162	1
4.1.2	-	283f3c3d6129627c283f3c3d62632964	6162	2
4.2.0	-	283f3c3d6129627c283f3c3d62632964	626364	0
4.2.1	-	283f3c3d6129627c283f3c3d62632964	626364	1
4.2.2	-	283f3c3d6129627c283f3c3d62632964	626364	2
4.2.3	-	283f3c3d6129627c283f3c3d62632964	626364	3
4.3.0	-	283f3c3d6129627c283f3c3d62632964	78626364	0
4.3.1	-	283f3c3d6129627c283f3c3d62632964	78626364	1
4.3.2	-	283f3c3d6129627c283f3c3d62632964	78626364	2
4.3.3	-	283f3c3d6129627c283f3c3d62632964	78626364	3
4.3.4	-	283f3c3d6129627c283f3c3d62632964	78626364	4
4.4.0	-	283f3c3d6129627c283f3c3d62632964	61626364	0
4.4.1	-	283f3c3d6129627c283f3c3d62632964	61626364	1
4.4.2	-	283f3c3d6129627c283f3c3d62632964	61626364	2
4.4.3	-	283f3c3d6129627c283f3c3d62632964	61626364	3
4.4.4	-	283f3c3d6129627c283f3c3d62632964	61626364	4
4.5.0	-	283f3c3d6129627c283f3c3d62632964	62636478	0
4.5.1	-	283f3c3d6129627c283f3c3d62632964	62636478	1
4.5.2	-	283f3c3d6129627c283f3c3d62632964	62636478	2
4.5.3	-	283f3c3d6129627c283f3c3d62632964	62636478	3
4.5.4	-	283f3c3d6129627c283f3c3d62632964	62636478	4
4.6.0	-	283f3c3d6129627c283f3c3d62632964	63626364	0
4.6.1	-	283f3c3d6129627c283f3c3d62632964	63626364	1
4.6.2	-	283f3c3d6129627c283f3c3d62632964	63626364	2
4.6.3	-	283f3c3d6129627c283f3c3d62632964	63626364	3
4.6.4	-	283f3c3d6129627c283f3c3d62632964	63626364	4
4.7.0	-	283f3c3d6129627c283f3c3d62632964	6264	0
4.7.1	-	283f3c3d6129627c283f3c3d62632964	6264	1
4.7.2	-	283f3c3d6129627c283f3c3d62632964	6264	2
4.8.0	-	283f3c3d6129627c283f3c3d62632964	616364	0
4.8.1	-	283f3c3d6129627c283f3c3d62632964	616364	1
4.8.2	-	283f3c3d6129627c283f3c3d62632964	616364	2
4.8.3	-	283f3c3d6129627c283f3c3d62632964	616364	3
5.0.0	-	283f6d29283f3c3d5c6e29617c6224	0a6161	0
5.0.1	-	283f6d29283f3c3d5c6e29617c6224	0a6161	1
5.0.2	-	283f6d29283f3c3d5c6e29617c6224	0a6161	2
5.0.3	-	283f6d29283f3c3d5c6e29617c6224	0a6161	3
5.1.0	-	283f6d29283f3c3d5c6e29617c6224	0a61	0
5.1.1	-	283f6d29283f3c3d5c6e29617c6224	0a61	1
5.1.2	-	283f6d29283f3c3d5c6e29617c6224	0a61	2
5.2.0	-	283f6d29283f3c3d5c6e29617c6224	780a61	0
5.2.1	-	283f6d29283f3c3d5c6e29617c6224	780a61	1
5.2.2	-	283f6d29283f3c3d5c6e29617c6224	780a61	2
5.2.3	-	283f6d29283f3c3d5c6e29617c6224	780a61	3
5.3.0	-	283f6d29283f3c3d5c6e29617c6224	62	0
5.3.1	-	283f6d29283f3c3d5c6e29617c6224	62	1
5.4.0	-	283f6d29283f3c3d5c6e29617c6224	6162	0
5.4.1	-	283f6d29283f3c3d5c6e29617c6224	6162	1
5.4.2	-	283f6d29283f3c3d5c6e29617c6224	6162	2
5.5.0	-	283f6d29283f3c3d5c6e29617c6224	620a	0
5.5.1	-	283f6d29283f3c3d5c6e29617c6224	620a	1
5.5.2	-	283f6d29283f3c3d5c6e29617c6224	620a	2
5.6.0	-	283f6d29283f3c3d5c6e29617c6224	0a6162	0
5.6.1	-	283f6d29283f3c3d5c6e29617c6224	0a6162	1
5.6.2	-	283f6d29283f3c3d5c6e29617c6224	0a6162	2
5.6.3	-	283f6d29283f3c3d5c6e29617c6224	0a6162	3
5.7.0	-	283f6d29283f3c3d5c6e29617c6224	610a62	0
5.7.1	-	283f6d29283f3c3d5c6e29617c6224	610a62	1
5.7.2	-	283f6d29283f3c3d5c6e29617c6224	610a62	2
5.7.3	-	283f6d29283f3c3d5c6e29617c6224	610a62	3
5.8.0	-	283f6d29283f3c3d5c6e29617c6224	6161	0
5.8.1	-	283f6d29283f3c3d5c6e29617c6224	6161	1
5.8.2	-	283f6d29283f3c3d5c6e29617c6224	6161	2
6.0.0	-	283f3a283f3c3d61297a7c283f3c3d6229797c7729	617a	0
6.0.1	-	283f3a283f3c3d61297a7c283f3c3d6229797c7729	617a	1
6.0.2	-	283f3a283f3c3d61297a7c283f3c3d6229797c7729	617a	2
6.1.0	-	283f3a283f3c3d61297a7c283f3c3d6229797c7729	6279	0
6.1.1	-	283f3a283f3c3d61297a7c283f3c3d6229797c7729	6279	1
6.1.2	-	283f3a283f3c3d61297a7c283f3c3d6229797c7729	6279	2
6.2.0	-	283f3a283f3c3d61297a7c283f3c3d6229797c7729	78617a	0
6.2.1	-	283f3a283f3c3d61297a7c283f3c3d6229797c7729	78617a	1
6.2.2	-	283f3a283f3c3d61297a7c283f3c3d6229797c7729	78617a	2
6.2.3	-	283f3a283f3c3d61297a7c283f3c3d6229797c7729	78617a	3
6.3.0	-	283f3a283f3c3d61297a7c283f3c3d6229797c7729	786279	0
6.3.1	-	283f3a283f3c3d61297a7c283f3c3d6229797c7729	786279	1
6.3.2	-	283f3a283f3c3d61297a7c283f3c3d6229797c7729	786279	2
6.3.3	-	283f3a283f3c3d61297a7c283f3c3d6229797c7729	786279	3
6.4.0	-	283f3a283f3c3d61297a7c283f3c3d6229797c7729	616279617a	0
6.4.1	-	283f3a283f3c3d61297a7c283f3c3d6229797c7729	616279617a	1
6.4.2	-	283f3a283f3c3d61297a7c283f3c3d6229797c7729	616279617a	2
6.4.3	-	283f3a283f3c3d61297a7c283f3c3d6229797c7729	616279617a	3
6.4.4	-	283f3a283f3c3d61297a7c283f3c3d6229797c7729	616279617a	4
6.4.5	-	283f3a283f3c3d61297a7c283f3c3d6229797c7729	616279617a	5
6.5.0	-	283f3a283f3c3d61297a7c283f3c3d6229797c7729	627a	0
6.5.1	-	283f3a283f3c3d61297a7c283f3c3d6229797c7729	627a	1
6.5.2	-	283f3a283f3c3d61297a7c283f3c3d6229797c7729	627a	2
6.6.0	-	283f3a283f3c3d61297a7c283f3c3d6229797c7729	6179	0
6.6.1	-	283f3a283f3c3d61297a7c283f3c3d6229797c7729	6179	1
6.6.2	-	283f3a283f3c3d61297a7c283f3c3d6229797c7729	6179	2
6.7.0	-	283f3a283f3c3d61297a7c283f3c3d6229797c7729	77	0
6.7.1	-	283f3a283f3c3d61297a7c283f3c3d6229797c7729	77	1
7.0.0	-	283f3a5c627c782979	7879	0
7.0.1	-	283f3a5c627c782979	7879	1
7.0.2	-	283f3a5c627c782979	7879	2
7.1.0	-	283f3a5c627c782979	207879	0
7.1.1	-	283f3a5c627c782979	207879	1
7.1.2	-	283f3a5c627c782979	207879	2
7.1.3	-	283f3a5c627c782979	207879	3
7.2.0	-	283f3a5c627c782979	7a7879	0
7.2.1	-	283f3a5c627c782979	7a7879	1
7.2.2	-	283f3a5c627c782979	7a7879	2
7.2.3	-	283f3a5c627c782979	7a7879	3
7.3.0	-	283f3a5c627c782979	79	0
7.3.1	-	283f3a5c627c782979	79	1
7.4.0	-	283f3a5c627c782979	2079	0
7.4.1	-	283f3a5c627c782979	2079	1
7.4.2	-	283f3a5c627c782979	2079	2
7.5.0	-	283f3a5c627c782979	7a79	0
7.5.1	-	283f3a5c627c782979	7a79	1
7.5.2	-	283f3a5c627c782979	7a79	2
8.0.0	-	283f3a5c6261627c7829	206162	0
8.0.1	-	283f3a5c6261627c7829	206162	1
8.0.2	-	283f3a5c6261627c7829	206162	2
8.0.3	-	283f3a5c6261627c7829	206162	3
8.1.0	-	283f3a5c6261627c7829	6162	0
8.1.1	-	283f3a5c6261627c7829	6162	1
8.1.2	-	283f3a5c6261627c7829	6162	2
8.2.0	-	283f3a5c6261627c7829	7a6162	0
8.2.1	-	283f3a5c6261627c7829	7a6162	1
8.2.2	-	283f3a5c6261627c7829	7a6162	2
8.2.3	-	283f3a5c6261627c7829	7a6162	3
8.3.0	-	283f3a5c6261627c7829	786162	0
8.3.1	-	283f3a5c6261627c7829	786162	1
8.3.2	-	283f3a5c6261627c7829	786162	2
8.3.3	-	283f3a5c6261627c7829	786162	3
8.4.0	-	283f3a5c6261627c7829	2078	0
8.4.1	-	283f3a5c6261627c7829	2078	1
8.4.2	-	283f3a5c6261627c7829	2078	2
8.5.0	-	283f3a5c6261627c7829	61626162	0
8.5.1	-	283f3a5c6261627c7829	61626162	1
8.5.2	-	283f3a5c6261627c7829	61626162	2
8.5.3	-	283f3a5c6261627c7829	61626162	3
8.5.4	-	283f3a5c6261627c7829	61626162	4
8.6.0	-	283f3a5c6261627c7829	206178206162	0
8.6.1	-	283f3a5c6261627c7829	206178206162	1
8.6.2	-	283f3a5c6261627c7829	206178206162	2
8.6.3	-	283f3a5c6261627c7829	206178206162	3
8.6.4	-	283f3a5c6261627c7829	206178206162	4
8.6.5	-	283f3a5c6261627c7829	206178206162	5
8.6.6	-	283f3a5c6261627c7829	206178206162	6
8.7.0	-	283f3a5c6261627c7829	62616278	0
8.7.1	-	283f3a5c6261627c7829	62616278	1
8.7.2	-	283f3a5c6261627c7829	62616278	2
8.7.3	-	283f3a5c6261627c7829	62616278	3
8.7.4	-	283f3a5c6261627c7829	62616278	4
9.0.0	-	283f3a5c4261627c7829	7a6162	0
9.0.1	-	283f3a5c4261627c7829	7a6162	1
9.0.2	-	283f3a5c4261627c7829	7a6162	2
9.0.3	-	283f3a5c4261627c7829	7a6162	3
9.1.0	-	283f3a5c4261627c7829	6162	0
9.1.1	-	283f3a5c4261627c7829	6162	1
9.1.2	-	283f3a5c4261627c7829	6162	2
9.2.0	-	283f3a5c4261627c7829	206162	0
9.2.1	-	283f3a5c4261627c7829	206162	1
9.2.2	-	283f3a5c4261627c7829	206162	2
9.2.3	-	283f3a5c4261627c7829	206162	3
9.3.0	-	283f3a5c4261627c7829	7a7a6162	0
9.3.1	-	283f3a5c4261627c7829	7a7a6162	1
9.3.2	-	283f3a5c4261627c7829	7a7a6162	2
9.3.3	-	283f3a5c4261627c7829	7a7a6162	3
9.3.4	-	283f3a5c4261627c7829	7a7a6162	4
9.4.0	-	283f3a5c4261627c7829	78	0
9.4.1	-	283f3a5c4261627c7829	78	1
9.5.0	-	283f3a5c4261627c7829	7a78	0
9.5.1	-	283f3a5c4261627c7829	7a78	1
9.5.2	-	283f3a5c4261627c7829	7a78	2
9.6.0	-	283f3a5c4261627c7829	787a	0
9.6.1	-	283f3a5c4261627c7829	787a	1
9.6.2	-	283f3a5c4261627c7829	787a	2
10.0.0	-	5c62283f3a283f3c3d626329647c7729	626364	0
10.0.1	-	5c62283f3a283f3c3d626329647c7729	626364	1
10.0.2	-	5c62283f3a283f3c3d626329647c7729	626364	2
10.0.3	-	5c62283f3a283f3c3d626329647c7729	626364	3
10.1.0	-	5c62283f3a283f3c3d626329647c7729	20626364	0
10.1.1	-	5c62283f3a283f3c3d626329647c7729	20626364	1
10.1.2	-	5c62283f3a283f3c3d626329647c7729	20626364	2
10.1.3	-	5c62283f3a283f3c3d626329647c7729	20626364	3
10.1.4	-	5c62283f3a283f3c3d626329647c7729	20626364	4
10.2.0	-	5c62283f3a283f3c3d626329647c7729	62632064	0
10.2.1	-	5c62283f3a283f3c3d626329647c7729	62632064	1
10.2.2	-	5c62283f3a283f3c3d626329647c7729	62632064	2
10.2.3	-	5c62283f3a283f3c3d626329647c7729	62632064	3
10.2.4	-	5c62283f3a283f3c3d626329647c7729	62632064	4
10.3.0	-	5c62283f3a283f3c3d626329647c7729	61626364	0
10.3.1	-	5c62283f3a283f3c3d626329647c7729	61626364	1
10.3.2	-	5c62283f3a283f3c3d626329647c7729	61626364	2
10.3.3	-	5c62283f3a283f3c3d626329647c7729	61626364	3
10.3.4	-	5c62283f3a283f3c3d626329647c7729	61626364	4
10.4.0	-	5c62283f3a283f3c3d626329647c7729	77	0
10.4.1	-	5c62283f3a283f3c3d626329647c7729	77	1
10.5.0	-	5c62283f3a283f3c3d626329647c7729	2077	0
10.5.1	-	5c62283f3a283f3c3d626329647c7729	2077	1
10.5.2	-	5c62283f3a283f3c3d626329647c7729	2077	2
10.6.0	-	5c62283f3a283f3c3d626329647c7729	7877	0
10.6.1	-	5c62283f3a283f3c3d626329647c7729	7877	1
10.6.2	-	5c62283f3a283f3c3d626329647c7729	7877	2
10.7.0	-	5c62283f3a283f3c3d626329647c7729	626377	0
10.7.1	-	5c62283f3a283f3c3d626329647c7729	626377	1
10.7.2	-	5c62283f3a283f3c3d626329647c7729	626377	2
10.7.3	-	5c62283f3a283f3c3d626329647c7729	626377	3
10.8.0	-	5c62283f3a283f3c3d626329647c7729	64	0
10.8.1	-	5c62283f3a283f3c3d626329647c7729	64	1
10.9.0	-	5c62283f3a283f3c3d626329647c7729	2064	0
10.9.1	-	5c62283f3a283f3c3d626329647c7729	2064	1
10.9.2	-	5c62283f3a283f3c3d626329647c7729	2064	2
11.0.0	-	283f3c3d6162297a7c5c6277	61627a	0
11.0.1	-	283f3c3d6162297a7c5c6277	61627a	1
11.0.2	-	283f3c3d6162297a7c5c6277	61627a	2
11.0.3	-	283f3c3d6162297a7c5c6277	61627a	3
11.1.0	-	283f3c3d6162297a7c5c6277	7861627a	0
11.1.1	-	283f3c3d6162297a7c5c6277	7861627a	1
11.1.2	-	283f3c3d6162297a7c5c6277	7861627a	2
11.1.3	-	283f3c3d6162297a7c5c6277	7861627a	3
11.1.4	-	283f3c3d6162297a7c5c6277	7861627a	4
11.2.0	-	283f3c3d6162297a7c5c6277	6162207a	0
11.2.1	-	283f3c3d6162297a7c5c6277	6162207a	1
11.2.2	-	283f3c3d6162297a7c5c6277	6162207a	2
11.2.3	-	283f3c3d6162297a7c5c6277	6162207a	3
11.2.4	-	283f3c3d6162297a7c5c6277	6162207a	4
11.3.0	-	283f3c3d6162297a7c5c6277	617a	0
11.3.1	-	283f3c3d6162297a7c5c6277	617a	1
11.3.2	-	283f3c3d6162297a7c5c6277	617a	2
11.4.0	-	283f3c3d6162297a7c5c6277	627a	0
11.4.1	-	283f3c3d6162297a7c5c6277	627a	1
11.4.2	-	283f3c3d6162297a7c5c6277	627a	2
11.5.0	-	283f3c3d6162297a7c5c6277	77	0
11.5.1	-	283f3c3d6162297a7c5c6277	77	1
11.6.0	-	283f3c3d6162297a7c5c6277	2077	0
11.6.1	-	283f3c3d6162297a7c5c6277	2077	1
11.6.2	-	283f3c3d6162297a7c5c6277	2077	2
11.7.0	-	283f3c3d6162297a7c5c6277	616277	0
11.7.1	-	283f3c3d6162297a7c5c6277	616277	1
11.7.2	-	283f3c3d6162297a7c5c6277	616277	2
11.7.3	-	283f3c3d6162297a7c5c6277	616277	3
11.8.0	-	283f3c3d6162297a7c5c6277	7a61627a	0
11.8.1	-	283f3c3d6162297a7c5c6277	7a61627a	1
11.8.2	-	283f3c3d6162297a7c5c6277	7a61627a	2
11.8.3	-	283f3c3d6162297a7c5c6277	7a61627a	3
11.8.4	-	283f3c3d6162297a7c5c6277	7a61627a	4
11.9.0	-	283f3c3d6162297a7c5c6277	61627a61	0
11.9.1	-	283f3c3d6162297a7c5c6277	61627a61	1
11.9.2	-	283f3c3d6162297a7c5c6277	61627a61	2
11.9.3	-	283f3c3d6162297a7c5c6277	61627a61	3
11.9.4	-	283f3c3d6162297a7c5c6277	61627a61	4
12.0.0	-	5c62283f3c3d62632964	626364	0
12.0.1	-	5c62283f3c3d62632964	626364	1
12.0.2	-	5c62283f3c3d62632964	626364	2
12.0.3	-	5c62283f3c3d62632964	626364	3
12.1.0	-	5c62283f3c3d62632964	62632064	0
12.1.1	-	5c62283f3c3d62632964	62632064	1
12.1.2	-	5c62283f3c3d62632964	62632064	2
12.1.3	-	5c62283f3c3d62632964	62632064	3
12.1.4	-	5c62283f3c3d62632964	62632064	4
12.2.0	-	5c62283f3c3d62632964	61626364	0
12.2.1	-	5c62283f3c3d62632964	61626364	1
12.2.2	-	5c62283f3c3d62632964	61626364	2
12.2.3	-	5c62283f3c3d62632964	61626364	3
12.2.4	-	5c62283f3c3d62632964	61626364	4
12.3.0	-	5c62283f3c3d62632964	20626364	0
12.3.1	-	5c62283f3c3d62632964	20626364	1
12.3.2	-	5c62283f3c3d62632964	20626364	2
12.3.3	-	5c62283f3c3d62632964	20626364	3
12.3.4	-	5c62283f3c3d62632964	20626364	4
12.4.0	-	5c62283f3c3d62632964	64	0
12.4.1	-	5c62283f3c3d62632964	64	1
12.5.0	-	5c62283f3c3d62632964	78626364	0
12.5.1	-	5c62283f3c3d62632964	78626364	1
12.5.2	-	5c62283f3c3d62632964	78626364	2
12.5.3	-	5c62283f3c3d62632964	78626364	3
12.5.4	-	5c62283f3c3d62632964	78626364	4
12.6.0	-	5c62283f3c3d62632964	2064	0
12.6.1	-	5c62283f3c3d62632964	2064	1
12.6.2	-	5c62283f3c3d62632964	2064	2
12.7.0	-	5c62283f3c3d62632964	6364	0
12.7.1	-	5c62283f3c3d62632964	6364	1
12.7.2	-	5c62283f3c3d62632964	6364	2
12.8.0	-	5c62283f3c3d62632964	6162636464	0
12.8.1	-	5c62283f3c3d62632964	6162636464	1
12.8.2	-	5c62283f3c3d62632964	6162636464	2
12.8.3	-	5c62283f3c3d62632964	6162636464	3
12.8.4	-	5c62283f3c3d62632964	6162636464	4
12.8.5	-	5c62283f3c3d62632964	6162636464	5
13.0.0	-	283f3c3d61626329647c5c6278	61626364	0
13.0.1	-	283f3c3d61626329647c5c6278	61626364	1
13.0.2	-	283f3c3d61626329647c5c6278	61626364	2
13.0.3	-	283f3c3d61626329647c5c6278	61626364	3
13.0.4	-	283f3c3d61626329647c5c6278	61626364	4
13.1.0	-	283f3c3d61626329647c5c6278	7861626364	0
13.1.1	-	283f3c3d61626329647c5c6278	7861626364	1
13.1.2	-	283f3c3d61626329647c5c6278	7861626364	2
13.1.3	-	283f3c3d61626329647c5c6278	7861626364	3
13.1.4	-	283f3c3d61626329647c5c6278	7861626364	4
13.1.5	-	283f3c3d61626329647c5c6278	7861626364	5
13.2.0	-	283f3c3d61626329647c5c6278	616264	0
13.2.1	-	283f3c3d61626329647c5c6278	616264	1
13.2.2	-	283f3c3d61626329647c5c6278	616264	2
13.2.3	-	283f3c3d61626329647c5c6278	616264	3
13.3.0	-	283f3c3d61626329647c5c6278	626364	0
13.3.1	-	283f3c3d61626329647c5c6278	626364	1
13.3.2	-	283f3c3d61626329647c5c6278	626364	2
13.3.3	-	283f3c3d61626329647c5c6278	626364	3
13.4.0	-	283f3c3d61626329647c5c6278	78	0
13.4.1	-	283f3c3d61626329647c5c6278	78	1
13.5.0	-	283f3c3d61626329647c5c6278	61626378	0
13.5.1	-	283f3c3d61626329647c5c6278	61626378	1
13.5.2	-	283f3c3d61626329647c5c6278	61626378	2
13.5.3	-	283f3c3d61626329647c5c6278	61626378	3
13.5.4	-	283f3c3d61626329647c5c6278	61626378	4
13.6.0	-	283f3c3d61626329647c5c6278	2078	0
13.6.1	-	283f3c3d61626329647c5c6278	2078	1
13.6.2	-	283f3c3d61626329647c5c6278	2078	2
13.7.0	-	283f3c3d61626329647c5c6278	6162636461	0
13.7.1	-	283f3c3d61626329647c5c6278	6162636461	1
13.7.2	-	283f3c3d61626329647c5c6278	6162636461	2
13.7.3	-	283f3c3d61626329647c5c6278	6162636461	3
13.7.4	-	283f3c3d61626329647c5c6278	6162636461	4
13.7.5	-	283f3c3d61626329647c5c6278	6162636461	5
14.0.0	-	283f3a283f3c3d62283f3c3d6162296329647c5c627729	61626364	0
14.0.1	-	283f3a283f3c3d62283f3c3d6162296329647c5c627729	61626364	1
14.0.2	-	283f3a283f3c3d62283f3c3d6162296329647c5c627729	61626364	2
14.0.3	-	283f3a283f3c3d62283f3c3d6162296329647c5c627729	61626364	3
14.0.4	-	283f3a283f3c3d62283f3c3d6162296329647c5c627729	61626364	4
14.1.0	-	283f3a283f3c3d62283f3c3d6162296329647c5c627729	78626364	0
14.1.1	-	283f3a283f3c3d62283f3c3d6162296329647c5c627729	78626364	1
14.1.2	-	283f3a283f3c3d62283f3c3d6162296329647c5c627729	78626364	2
14.1.3	-	283f3a283f3c3d62283f3c3d6162296329647c5c627729	78626364	3
14.1.4	-	283f3a283f3c3d62283f3c3d6162296329647c5c627729	78626364	4
14.2.0	-	283f3a283f3c3d62283f3c3d6162296329647c5c627729	626364	0
14.2.1	-	283f3a283f3c3d62283f3c3d6162296329647c5c627729	626364	1
14.2.2	-	283f3a283f3c3d62283f3c3d6162296329647c5c627729	626364	2
14.2.3	-	283f3a283f3c3d62283f3c3d6162296329647c5c627729	626364	3
14.3.0	-	283f3a283f3c3d62283f3c3d6162296329647c5c627729	6161626364	0
14.3.1	-	283f3a283f3c3d62283f3c3d6162296329647c5c627729	6161626364	1
14.3.2	-	283f3a283f3c3d62283f3c3d6162296329647c5c627729	6161626364	2
14.3.3	-	283f3a283f3c3d62283f3c3d6162296329647c5c627729	6161626364	3
14.3.4	-	283f3a283f3c3d62283f3c3d6162296329647c5c627729	6161626364	4
14.3.5	-	283f3a283f3c3d62283f3c3d6162296329647c5c627729	6161626364	5
14.4.0	-	283f3a283f3c3d62283f3c3d6162296329647c5c627729	77	0
14.4.1	-	283f3a283f3c3d62283f3c3d6162296329647c5c627729	77	1
14.5.0	-	283f3a283f3c3d62283f3c3d6162296329647c5c627729	61626377	0
14.5.1	-	283f3a283f3c3d62283f3c3d6162296329647c5c627729	61626377	1
14.5.2	-	283f3a283f3c3d62283f3c3d6162296329647c5c627729	61626377	2
14.5.3	-	283f3a283f3c3d62283f3c3d6162296329647c5c627729	61626377	3
14.5.4	-	283f3a283f3c3d62283f3c3d6162296329647c5c627729	61626377	4
14.6.0	-	283f3a283f3c3d62283f3c3d6162296329647c5c627729	6162636461	0
14.6.1	-	283f3a283f3c3d62283f3c3d6162296329647c5c627729	6162636461	1
14.6.2	-	283f3a283f3c3d62283f3c3d6162296329647c5c627729	6162636461	2
14.6.3	-	283f3a283f3c3d62283f3c3d6162296329647c5c627729	6162636461	3
14.6.4	-	283f3a283f3c3d62283f3c3d6162296329647c5c627729	6162636461	4
14.6.5	-	283f3a283f3c3d62283f3c3d6162296329647c5c627729	6162636461	5
15.0.0	-	283f3a283f3c3d62283f3c3d6162296329647c283f3c3d61297a29	61626364	0
15.0.1	-	283f3a283f3c3d62283f3c3d6162296329647c283f3c3d61297a29	61626364	1
15.0.2	-	283f3a283f3c3d62283f3c3d6162296329647c283f3c3d61297a29	61626364	2
15.0.3	-	283f3a283f3c3d62283f3c3d6162296329647c283f3c3d61297a29	61626364	3
15.0.4	-	283f3a283f3c3d62283f3c3d6162296329647c283f3c3d61297a29	61626364	4
15.1.0	-	283f3a283f3c3d62283f3c3d6162296329647c283f3c3d61297a29	617a	0
15.1.1	-	283f3a283f3c3d62283f3c3d6162296329647c283f3c3d61297a29	617a	1
15.1.2	-	283f3a283f3c3d62283f3c3d6162296329647c283f3c3d61297a29	617a	2
15.2.0	-	283f3a283f3c3d62283f3c3d6162296329647c283f3c3d61297a29	78626364	0
15.2.1	-	283f3a283f3c3d62283f3c3d6162296329647c283f3c3d61297a29	78626364	1
15.2.2	-	283f3a283f3c3d62283f3c3d6162296329647c283f3c3d61297a29	78626364	2
15.2.3	-	283f3a283f3c3d62283f3c3d6162296329647c283f3c3d61297a29	78626364	3
15.2.4	-	283f3a283f3c3d62283f3c3d6162296329647c283f3c3d61297a29	78626364	4
15.3.0	-	283f3a283f3c3d62283f3c3d6162296329647c283f3c3d61297a29	617a61	0
15.3.1	-	283f3a283f3c3d62283f3c3d6162296329647c283f3c3d61297a29	617a61	1
15.3.2	-	283f3a283f3c3d62283f3c3d6162296329647c283f3c3d61297a29	617a61	2
15.3.3	-	283f3a283f3c3d62283f3c3d6162296329647c283f3c3d61297a29	617a61	3
15.4.0	-	283f3a283f3c3d62283f3c3d6162296329647c283f3c3d61297a29	61626364617a	0
15.4.1	-	283f3a283f3c3d62283f3c3d6162296329647c283f3c3d61297a29	61626364617a	1
15.4.2	-	283f3a283f3c3d62283f3c3d6162296329647c283f3c3d61297a29	61626364617a	2
15.4.3	-	283f3a283f3c3d62283f3c3d6162296329647c283f3c3d61297a29	61626364617a	3
15.4.4	-	283f3a283f3c3d62283f3c3d6162296329647c283f3c3d61297a29	61626364617a	4
15.4.5	-	283f3a283f3c3d62283f3c3d6162296329647c283f3c3d61297a29	61626364617a	5
15.4.6	-	283f3a283f3c3d62283f3c3d6162296329647c283f3c3d61297a29	61626364617a	6
16.0.0	-	283f3a283f3c2161297a7c7729	617a	0
16.0.1	-	283f3a283f3c2161297a7c7729	617a	1
16.0.2	-	283f3a283f3c2161297a7c7729	617a	2
16.1.0	-	283f3a283f3c2161297a7c7729	7a	0
16.1.1	-	283f3a283f3c2161297a7c7729	7a	1
16.2.0	-	283f3a283f3c2161297a7c7729	787a	0
16.2.1	-	283f3a283f3c2161297a7c7729	787a	1
16.2.2	-	283f3a283f3c2161297a7c7729	787a	2
16.3.0	-	283f3a283f3c2161297a7c7729	6177	0
16.3.1	-	283f3a283f3c2161297a7c7729	6177	1
16.3.2	-	283f3a283f3c2161297a7c7729	6177	2
16.4.0	-	283f3a283f3c2161297a7c7729	61617a	0
16.4.1	-	283f3a283f3c2161297a7c7729	61617a	1
16.4.2	-	283f3a283f3c2161297a7c7729	61617a	2
16.4.3	-	283f3a283f3c2161297a7c7729	61617a	3
16.5.0	-	283f3a283f3c2161297a7c7729	7a617a	0
16.5.1	-	283f3a283f3c2161297a7c7729	7a617a	1
16.5.2	-	283f3a283f3c2161297a7c7729	7a617a	2
16.5.3	-	283f3a283f3c2161297a7c7729	7a617a	3
16.6.0	-	283f3a283f3c2161297a7c7729	627a	0
16.6.1	-	283f3a283f3c2161297a7c7729	627a	1
16.6.2	-	283f3a283f3c2161297a7c7729	627a	2
16.7.0	-	283f3a283f3c2161297a7c7729	617a7a	0
16.7.1	-	283f3a283f3c2161297a7c7729	617a7a	1
16.7.2	-	283f3a283f3c2161297a7c7729	617a7a	2
16.7.3	-	283f3a283f3c2161297a7c7729	617a7a	3
16.8.0	-	283f3a283f3c2161297a7c7729	7761	0
16.8.1	-	283f3a283f3c2161297a7c7729	7761	1
16.8.2	-	283f3a283f3c2161297a7c7729	7761	2
17.0.0	-	283f3a283f3c215b61625d297a7c7729	617a	0
17.0.1	-	283f3a283f3c215b61625d297a7c7729	617a	1
17.0.2	-	283f3a283f3c215b61625d297a7c7729	617a	2
17.1.0	-	283f3a283f3c215b61625d297a7c7729	627a	0
17.1.1	-	283f3a283f3c215b61625d297a7c7729	627a	1
17.1.2	-	283f3a283f3c215b61625d297a7c7729	627a	2
17.2.0	-	283f3a283f3c215b61625d297a7c7729	637a	0
17.2.1	-	283f3a283f3c215b61625d297a7c7729	637a	1
17.2.2	-	283f3a283f3c215b61625d297a7c7729	637a	2
17.3.0	-	283f3a283f3c215b61625d297a7c7729	7a	0
17.3.1	-	283f3a283f3c215b61625d297a7c7729	7a	1
17.4.0	-	283f3a283f3c215b61625d297a7c7729	61627a	0
17.4.1	-	283f3a283f3c215b61625d297a7c7729	61627a	1
17.4.2	-	283f3a283f3c215b61625d297a7c7729	61627a	2
17.4.3	-	283f3a283f3c215b61625d297a7c7729	61627a	3
17.5.0	-	283f3a283f3c215b61625d297a7c7729	63627a	0
17.5.1	-	283f3a283f3c215b61625d297a7c7729	63627a	1
17.5.2	-	283f3a283f3c215b61625d297a7c7729	63627a	2
17.5.3	-	283f3a283f3c215b61625d297a7c7729	63627a	3
17.6.0	-	283f3a283f3c215b61625d297a7c7729	617a7a	0
17.6.1	-	283f3a283f3c215b61625d297a7c7729	617a7a	1
17.6.2	-	283f3a283f3c215b61625d297a7c7729	617a7a	2
17.6.3	-	283f3a283f3c215b61625d297a7c7729	617a7a	3
17.7.0	-	283f3a283f3c215b61625d297a7c7729	7a61	0
17.7.1	-	283f3a283f3c215b61625d297a7c7729	7a61	1
17.7.2	-	283f3a283f3c215b61625d297a7c7729	7a61	2
18.0.0	-	283f3a283f3c3d61297a7c283f3c3d6229797c7729	7878617a	0
18.0.1	-	283f3a283f3c3d61297a7c283f3c3d6229797c7729	7878617a	1
18.0.2	-	283f3a283f3c3d61297a7c283f3c3d6229797c7729	7878617a	2
18.0.3	-	283f3a283f3c3d61297a7c283f3c3d6229797c7729	7878617a	3
18.0.4	-	283f3a283f3c3d61297a7c283f3c3d6229797c7729	7878617a	4
18.1.0	-	283f3a283f3c3d61297a7c283f3c3d6229797c7729	62626279	0
18.1.1	-	283f3a283f3c3d61297a7c283f3c3d6229797c7729	62626279	1
18.1.2	-	283f3a283f3c3d61297a7c283f3c3d6229797c7729	62626279	2
18.1.3	-	283f3a283f3c3d61297a7c283f3c3d6229797c7729	62626279	3
18.1.4	-	283f3a283f3c3d61297a7c283f3c3d6229797c7729	62626279	4
18.2.0	-	283f3a283f3c3d61297a7c283f3c3d6229797c7729	6162617a	0
18.2.1	-	283f3a283f3c3d61297a7c283f3c3d6229797c7729	6162617a	1
18.2.2	-	283f3a283f3c3d61297a7c283f3c3d6229797c7729	6162617a	2
18.2.3	-	283f3a283f3c3d61297a7c283f3c3d6229797c7729	6162617a	3
18.2.4	-	283f3a283f3c3d61297a7c283f3c3d6229797c7729	6162617a	4
18.3.0	-	283f3a283f3c3d61297a7c283f3c3d6229797c7729	626179	0
18.3.1	-	283f3a283f3c3d61297a7c283f3c3d6229797c7729	626179	1
18.3.2	-	283f3a283f3c3d61297a7c283f3c3d6229797c7729	626179	2
18.3.3	-	283f3a283f3c3d61297a7c283f3c3d6229797c7729	626179	3
18.4.0	-	283f3a283f3c3d61297a7c283f3c3d6229797c7729	616161617a	0
18.4.1	-	283f3a283f3c3d61297a7c283f3c3d6229797c7729	616161617a	1
18.4.2	-	283f3a283f3c3d61297a7c283f3c3d6229797c7729	616161617a	2
18.4.3	-	283f3a283f3c3d61297a7c283f3c3d6229797c7729	616161617a	3
18.4.4	-	283f3a283f3c3d61297a7c283f3c3d6229797c7729	616161617a	4
18.4.5	-	283f3a283f3c3d61297a7c283f3c3d6229797c7729	616161617a	5
18.5.0	-	283f3a283f3c3d61297a7c283f3c3d6229797c7729	617a78	0
18.5.1	-	283f3a283f3c3d61297a7c283f3c3d6229797c7729	617a78	1
18.5.2	-	283f3a283f3c3d61297a7c283f3c3d6229797c7729	617a78	2
18.5.3	-	283f3a283f3c3d61297a7c283f3c3d6229797c7729	617a78	3
19.0.0	-	283f3a283f3c3d61297a7c7729	626262617a	0
19.0.1	-	283f3a283f3c3d61297a7c7729	626262617a	1
19.0.2	-	283f3a283f3c3d61297a7c7729	626262617a	2
19.0.3	-	283f3a283f3c3d61297a7c7729	626262617a	3
19.0.4	-	283f3a283f3c3d61297a7c7729	626262617a	4
19.0.5	-	283f3a283f3c3d61297a7c7729	626262617a	5
19.1.0	-	283f3a283f3c3d61297a7c7729	616262627a	0
19.1.1	-	283f3a283f3c3d61297a7c7729	616262627a	1
19.1.2	-	283f3a283f3c3d61297a7c7729	616262627a	2
19.1.3	-	283f3a283f3c3d61297a7c7729	616262627a	3
19.1.4	-	283f3a283f3c3d61297a7c7729	616262627a	4
19.1.5	-	283f3a283f3c3d61297a7c7729	616262627a	5
19.2.0	-	283f3a283f3c3d61297a7c7729	626162617a	0
19.2.1	-	283f3a283f3c3d61297a7c7729	626162617a	1
19.2.2	-	283f3a283f3c3d61297a7c7729	626162617a	2
19.2.3	-	283f3a283f3c3d61297a7c7729	626162617a	3
19.2.4	-	283f3a283f3c3d61297a7c7729	626162617a	4
19.2.5	-	283f3a283f3c3d61297a7c7729	626162617a	5
19.3.0	-	283f3a283f3c3d61297a7c7729	6161617a	0
19.3.1	-	283f3a283f3c3d61297a7c7729	6161617a	1
19.3.2	-	283f3a283f3c3d61297a7c7729	6161617a	2
19.3.3	-	283f3a283f3c3d61297a7c7729	6161617a	3
19.3.4	-	283f3a283f3c3d61297a7c7729	6161617a	4
19.4.0	-	283f3a283f3c3d61297a7c7729	62617a	0
19.4.1	-	283f3a283f3c3d61297a7c7729	62617a	1
19.4.2	-	283f3a283f3c3d61297a7c7729	62617a	2
19.4.3	-	283f3a283f3c3d61297a7c7729	62617a	3
19.5.0	-	283f3a283f3c3d61297a7c7729	617a62	0
19.5.1	-	283f3a283f3c3d61297a7c7729	617a62	1
19.5.2	-	283f3a283f3c3d61297a7c7729	617a62	2
19.5.3	-	283f3a283f3c3d61297a7c7729	617a62	3
20.0.0	-	5c62283f3a61627c6364295c627c283f3c3d78297a	787a	0
20.0.1	-	5c62283f3a61627c6364295c627c283f3c3d78297a	787a	1
20.0.2	-	5c62283f3a61627c6364295c627c283f3c3d78297a	787a	2
20.1.0	-	5c62283f3a61627c6364295c627c283f3c3d78297a	6162787a	0
20.1.1	-	5c62283f3a61627c6364295c627c283f3c3d78297a	6162787a	1
20.1.2	-	5c62283f3a61627c6364295c627c283f3c3d78297a	6162787a	2
20.1.3	-	5c62283f3a61627c6364295c627c283f3c3d78297a	6162787a	3
20.1.4	-	5c62283f3a61627c6364295c627c283f3c3d78297a	6162787a	4
20.2.0	-	5c62283f3a61627c6364295c627c283f3c3d78297a	616220787a	0
20.2.1	-	5c62283f3a61627c6364295c627c283f3c3d78297a	616220787a	1
20.2.2	-	5c62283f3a61627c6364295c627c283f3c3d78297a	616220787a	2
20.2.3	-	5c62283f3a61627c6364295c627c283f3c3d78297a	616220787a	3
20.2.4	-	5c62283f3a61627c6364295c627c283f3c3d78297a	616220787a	4
20.2.5	-	5c62283f3a61627c6364295c627c283f3c3d78297a	616220787a	5
20.3.0	-	5c62283f3a61627c6364295c627c283f3c3d78297a	20787a	0
20.3.1	-	5c62283f3a61627c6364295c627c283f3c3d78297a	20787a	1
20.3.2	-	5c62283f3a61627c6364295c627c283f3c3d78297a	20787a	2
20.3.3	-	5c62283f3a61627c6364295c627c283f3c3d78297a	20787a	3
20.4.0	-	5c62283f3a61627c6364295c627c283f3c3d78297a	6364	0
20.4.1	-	5c62283f3a61627c6364295c627c283f3c3d78297a	6364	1
20.4.2	-	5c62283f3a61627c6364295c627c283f3c3d78297a	6364	2
20.5.0	-	5c62283f3a61627c6364295c627c283f3c3d78297a	786364	0
20.5.1	-	5c62283f3a61627c6364295c627c283f3c3d78297a	786364	1
20.5.2	-	5c62283f3a61627c6364295c627c283f3c3d78297a	786364	2
20.5.3	-	5c62283f3a61627c6364295c627c283f3c3d78297a	786364	3
20.6.0	-	5c62283f3a61627c6364295c627c283f3c3d78297a	7a787a	0
20.6.1	-	5c62283f3a61627c6364295c627c283f3c3d78297a	7a787a	1
20.6.2	-	5c62283f3a61627c6364295c627c283f3c3d78297a	7a787a	2
20.6.3	-	5c62283f3a61627c6364295c627c283f3c3d78297a	7a787a	3
20.7.0	-	5c62283f3a61627c6364295c627c283f3c3d78297a	787a78	0
20.7.1	-	5c62283f3a61627c6364295c627c283f3c3d78297a	787a78	1
20.7.2	-	5c62283f3a61627c6364295c627c283f3c3d78297a	787a78	2
20.7.3	-	5c62283f3a61627c6364295c627c283f3c3d78297a	787a78	3
21.0.0	-	5c62283f3a61627c6364295c62	626162206162	0
21.0.1	-	5c62283f3a61627c6364295c62	626162206162	1
21.0.2	-	5c62283f3a61627c6364295c62	626162206162	2
21.0.3	-	5c62283f3a61627c6364295c62	626162206162	3
21.0.4	-	5c62283f3a61627c6364295c62	626162206162	4
21.0.5	-	5c62283f3a61627c6364295c62	626162206162	5
21.0.6	-	5c62283f3a61627c6364295c62	626162206162	6
21.1.0	-	5c62283f3a61627c6364295c62	6162	0
21.1.1	-	5c62283f3a61627c6364295c62	6162	1
21.1.2	-	5c62283f3a61627c6364295c62	6162	2
21.2.0	-	5c62283f3a61627c6364295c62	20616220	0
21.2.1	-	5c62283f3a61627c6364295c62	20616220	1
21.2.2	-	5c62283f3a61627c6364295c62	20616220	2
21.2.3	-	5c62283f3a61627c6364295c62	20616220	3
21.2.4	-	5c62283f3a61627c6364295c62	20616220	4
21.3.0	-	5c62283f3a61627c6364295c62	786162206162	0
21.3.1	-	5c62283f3a61627c6364295c62	786162206162	1
21.3.2	-	5c62283f3a61627c6364295c62	786162206162	2
21.3.3	-	5c62283f3a61627c6364295c62	786162206162	3
21.3.4	-	5c62283f3a61627c6364295c62	786162206162	4
21.3.5	-	5c62283f3a61627c6364295c62	786162206162	5
21.3.6	-	5c62283f3a61627c6364295c62	786162206162	6
21.4.0	-	5c62283f3a61627c6364295c62	61626162	0
21.4.1	-	5c62283f3a61627c6364295c62	61626162	1
21.4.2	-	5c62283f3a61627c6364295c62	61626162	2
21.4.3	-	5c62283f3a61627c6364295c62	61626162	3
21.4.4	-	5c62283f3a61627c6364295c62	61626162	4
21.5.0	-	5c62283f3a61627c6364295c62	636421	0
21.5.1	-	5c62283f3a61627c6364295c62	636421	1
21.5.2	-	5c62283f3a61627c6364295c62	636421	2
21.5.3	-	5c62283f3a61627c6364295c62	636421	3
21.6.0	-	5c62283f3a61627c6364295c62	6174727565206162	0
21.6.1	-	5c62283f3a61627c6364295c62	6174727565206162	1
21.6.2	-	5c62283f3a61627c6364295c62	6174727565206162	2
21.6.3	-	5c62283f3a61627c6364295c62	6174727565206162	3
21.6.4	-	5c62283f3a61627c6364295c62	6174727565206162	4
21.6.5	-	5c62283f3a61627c6364295c62	6174727565206162	5
21.6.6	-	5c62283f3a61627c6364295c62	6174727565206162	6
21.6.7	-	5c62283f3a61627c6364295c62	6174727565206162	7
21.6.8	-	5c62283f3a61627c6364295c62	6174727565206162	8
21.7.0	-	5c62283f3a61627c6364295c62	61206162	0
21.7.1	-	5c62283f3a61627c6364295c62	61206162	1
21.7.2	-	5c62283f3a61627c6364295c62	61206162	2
21.7.3	-	5c62283f3a61627c6364295c62	61206162	3
21.7.4	-	5c62283f3a61627c6364295c62	61206162	4
21.8.0	-	5c62283f3a61627c6364295c62	5f6162206162	0
21.8.1	-	5c62283f3a61627c6364295c62	5f6162206162	1
21.8.2	-	5c62283f3a61627c6364295c62	5f6162206162	2
21.8.3	-	5c62283f3a61627c6364295c62	5f6162206162	3
21.8.4	-	5c62283f3a61627c6364295c62	5f6162206162	4
21.8.5	-	5c62283f3a61627c6364295c62	5f6162206162	5
21.8.6	-	5c62283f3a61627c6364295c62	5f6162206162	6
21.9.0	-	5c62283f3a61627c6364295c62	396162206162	0
21.9.1	-	5c62283f3a61627c6364295c62	396162206162	1
21.9.2	-	5c62283f3a61627c6364295c62	396162206162	2
21.9.3	-	5c62283f3a61627c6364295c62	396162206162	3
21.9.4	-	5c62283f3a61627c6364295c62	396162206162	4
21.9.5	-	5c62283f3a61627c6364295c62	396162206162	5
21.9.6	-	5c62283f3a61627c6364295c62	396162206162	6
22.0.0	-	5c42283f3a61627c6364295c42	78616278	0
22.0.1	-	5c42283f3a61627c6364295c42	78616278	1
22.0.2	-	5c42283f3a61627c6364295c42	78616278	2
22.0.3	-	5c42283f3a61627c6364295c42	78616278	3
22.0.4	-	5c42283f3a61627c6364295c42	78616278	4
22.1.0	-	5c42283f3a61627c6364295c42	6162	0
22.1.1	-	5c42283f3a61627c6364295c42	6162	1
22.1.2	-	5c42283f3a61627c6364295c42	6162	2
22.2.0	-	5c42283f3a61627c6364295c42	20616278	0
22.2.1	-	5c42283f3a61627c6364295c42	20616278	1
22.2.2	-	5c42283f3a61627c6364295c42	20616278	2
22.2.3	-	5c42283f3a61627c6364295c42	20616278	3
22.2.4	-	5c42283f3a61627c6364295c42	20616278	4
22.3.0	-	5c42283f3a61627c6364295c42	786162	0
22.3.1	-	5c42283f3a61627c6364295c42	786162	1
22.3.2	-	5c42283f3a61627c6364295c42	786162	2
22.3.3	-	5c42283f3a61627c6364295c42	786162	3
22.4.0	-	5c42283f3a61627c6364295c42	787861627878	0
22.4.1	-	5c42283f3a61627c6364295c42	787861627878	1
22.4.2	-	5c42283f3a61627c6364295c42	787861627878	2
22.4.3	-	5c42283f3a61627c6364295c42	787861627878	3
22.4.4	-	5c42283f3a61627c6364295c42	787861627878	4
22.4.5	-	5c42283f3a61627c6364295c42	787861627878	5
22.4.6	-	5c42283f3a61627c6364295c42	787861627878	6
22.5.0	-	5c42283f3a61627c6364295c42	6120616278	0
22.5.1	-	5c42283f3a61627c6364295c42	6120616278	1
22.5.2	-	5c42283f3a61627c6364295c42	6120616278	2
22.5.3	-	5c42283f3a61627c6364295c42	6120616278	3
22.5.4	-	5c42283f3a61627c6364295c42	6120616278	4
22.5.5	-	5c42283f3a61627c6364295c42	6120616278	5
22.6.0	-	5c42283f3a61627c6364295c42	5f61625f	0
22.6.1	-	5c42283f3a61627c6364295c42	5f61625f	1
22.6.2	-	5c42283f3a61627c6364295c42	5f61625f	2
22.6.3	-	5c42283f3a61627c6364295c42	5f61625f	3
22.6.4	-	5c42283f3a61627c6364295c42	5f61625f	4
23.0.0	-	5c62283f3a61627c6364295c42	616278	0
23.0.1	-	5c62283f3a61627c6364295c42	616278	1
23.0.2	-	5c62283f3a61627c6364295c42	616278	2
23.0.3	-	5c62283f3a61627c6364295c42	616278	3
23.1.0	-	5c62283f3a61627c6364295c42	78616278	0
23.1.1	-	5c62283f3a61627c6364295c42	78616278	1
23.1.2	-	5c62283f3a61627c6364295c42	78616278	2
23.1.3	-	5c62283f3a61627c6364295c42	78616278	3
23.1.4	-	5c62283f3a61627c6364295c42	78616278	4
23.2.0	-	5c62283f3a61627c6364295c42	20616278	0
23.2.1	-	5c62283f3a61627c6364295c42	20616278	1
23.2.2	-	5c62283f3a61627c6364295c42	20616278	2
23.2.3	-	5c62283f3a61627c6364295c42	20616278	3
23.2.4	-	5c62283f3a61627c6364295c42	20616278	4
23.3.0	-	5c62283f3a61627c6364295c42	6162	0
23.3.1	-	5c62283f3a61627c6364295c42	6162	1
23.3.2	-	5c62283f3a61627c6364295c42	6162	2
23.4.0	-	5c62283f3a61627c6364295c42	616220616278	0
23.4.1	-	5c62283f3a61627c6364295c42	616220616278	1
23.4.2	-	5c62283f3a61627c6364295c42	616220616278	2
23.4.3	-	5c62283f3a61627c6364295c42	616220616278	3
23.4.4	-	5c62283f3a61627c6364295c42	616220616278	4
23.4.5	-	5c62283f3a61627c6364295c42	616220616278	5
23.4.6	-	5c62283f3a61627c6364295c42	616220616278	6
24.0.0	-	5c42283f3a61627c6364295c62	786162	0
24.0.1	-	5c42283f3a61627c6364295c62	786162	1
24.0.2	-	5c42283f3a61627c6364295c62	786162	2
24.0.3	-	5c42283f3a61627c6364295c62	786162	3
24.1.0	-	5c42283f3a61627c6364295c62	6162	0
24.1.1	-	5c42283f3a61627c6364295c62	6162	1
24.1.2	-	5c42283f3a61627c6364295c62	6162	2
24.2.0	-	5c42283f3a61627c6364295c62	78616220	0
24.2.1	-	5c42283f3a61627c6364295c62	78616220	1
24.2.2	-	5c42283f3a61627c6364295c62	78616220	2
24.2.3	-	5c42283f3a61627c6364295c62	78616220	3
24.2.4	-	5c42283f3a61627c6364295c62	78616220	4
24.3.0	-	5c42283f3a61627c6364295c62	206162	0
24.3.1	-	5c42283f3a61627c6364295c62	206162	1
24.3.2	-	5c42283f3a61627c6364295c62	206162	2
24.3.3	-	5c42283f3a61627c6364295c62	206162	3
24.4.0	-	5c42283f3a61627c6364295c62	78786162	0
24.4.1	-	5c42283f3a61627c6364295c62	78786162	1
24.4.2	-	5c42283f3a61627c6364295c62	78786162	2
24.4.3	-	5c42283f3a61627c6364295c62	78786162	3
24.4.4	-	5c42283f3a61627c6364295c62	78786162	4
25.0.0	u	5c62283f3a61627c6364295c62	e96162206162	0
25.0.1	u	5c62283f3a61627c6364295c62	e96162206162	1
25.0.2	u	5c62283f3a61627c6364295c62	e96162206162	2
25.0.3	u	5c62283f3a61627c6364295c62	e96162206162	3
25.0.4	u	5c62283f3a61627c6364295c62	e96162206162	4
25.0.5	u	5c62283f3a61627c6364295c62	e96162206162	5
25.0.6	u	5c62283f3a61627c6364295c62	e96162206162	6
25.1.0	u	5c62283f3a61627c6364295c62	6162e9	0
25.1.1	u	5c62283f3a61627c6364295c62	6162e9	1
25.1.2	u	5c62283f3a61627c6364295c62	6162e9	2
25.1.3	u	5c62283f3a61627c6364295c62	6162e9	3
25.2.0	u	5c62283f3a61627c6364295c62	e96162	0
25.2.1	u	5c62283f3a61627c6364295c62	e96162	1
25.2.2	u	5c62283f3a61627c6364295c62	e96162	2
25.2.3	u	5c62283f3a61627c6364295c62	e96162	3
25.3.0	u	5c62283f3a61627c6364295c62	206162e9206162	0
25.3.1	u	5c62283f3a61627c6364295c62	206162e9206162	1
25.3.2	u	5c62283f3a61627c6364295c62	206162e9206162	2
25.3.3	u	5c62283f3a61627c6364295c62	206162e9206162	3
25.3.4	u	5c62283f3a61627c6364295c62	206162e9206162	4
25.3.5	u	5c62283f3a61627c6364295c62	206162e9206162	5
25.3.6	u	5c62283f3a61627c6364295c62	206162e9206162	6
25.3.7	u	5c62283f3a61627c6364295c62	206162e9206162	7
25.4.0	u	5c62283f3a61627c6364295c62	aa6162206162	0
25.4.1	u	5c62283f3a61627c6364295c62	aa6162206162	1
25.4.2	u	5c62283f3a61627c6364295c62	aa6162206162	2
25.4.3	u	5c62283f3a61627c6364295c62	aa6162206162	3
25.4.4	u	5c62283f3a61627c6364295c62	aa6162206162	4
25.4.5	u	5c62283f3a61627c6364295c62	aa6162206162	5
25.4.6	u	5c62283f3a61627c6364295c62	aa6162206162	6
26.0.0	u	5c42283f3a61627c6364295c42	e96162e9	0
26.0.1	u	5c42283f3a61627c6364295c42	e96162e9	1
26.0.2	u	5c42283f3a61627c6364295c42	e96162e9	2
26.0.3	u	5c42283f3a61627c6364295c42	e96162e9	3
26.0.4	u	5c42283f3a61627c6364295c42	e96162e9	4
26.1.0	u	5c42283f3a61627c6364295c42	6162	0
26.1.1	u	5c42283f3a61627c6364295c42	6162	1
26.1.2	u	5c42283f3a61627c6364295c42	6162	2
26.2.0	u	5c42283f3a61627c6364295c42	206162e9	0
26.2.1	u	5c42283f3a61627c6364295c42	206162e9	1
26.2.2	u	5c42283f3a61627c6364295c42	206162e9	2
26.2.3	u	5c42283f3a61627c6364295c42	206162e9	3
26.2.4	u	5c42283f3a61627c6364295c42	206162e9	4
26.3.0	u	5c42283f3a61627c6364295c42	e9616220	0
26.3.1	u	5c42283f3a61627c6364295c42	e9616220	1
26.3.2	u	5c42283f3a61627c6364295c42	e9616220	2
26.3.3	u	5c42283f3a61627c6364295c42	e9616220	3
26.3.4	u	5c42283f3a61627c6364295c42	e9616220	4
27.0.0	i	5c62283f3a61627c6364295c62	624142204142	0
27.0.1	i	5c62283f3a61627c6364295c62	624142204142	1
27.0.2	i	5c62283f3a61627c6364295c62	624142204142	2
27.0.3	i	5c62283f3a61627c6364295c62	624142204142	3
27.0.4	i	5c62283f3a61627c6364295c62	624142204142	4
27.0.5	i	5c62283f3a61627c6364295c62	624142204142	5
27.0.6	i	5c62283f3a61627c6364295c62	624142204142	6
27.1.0	i	5c62283f3a61627c6364295c62	4162	0
27.1.1	i	5c62283f3a61627c6364295c62	4162	1
27.1.2	i	5c62283f3a61627c6364295c62	4162	2
27.2.0	i	5c62283f3a61627c6364295c62	786162204142	0
27.2.1	i	5c62283f3a61627c6364295c62	786162204142	1
27.2.2	i	5c62283f3a61627c6364295c62	786162204142	2
27.2.3	i	5c62283f3a61627c6364295c62	786162204142	3
27.2.4	i	5c62283f3a61627c6364295c62	786162204142	4
27.2.5	i	5c62283f3a61627c6364295c62	786162204142	5
27.2.6	i	5c62283f3a61627c6364295c62	786162204142	6
27.3.0	i	5c62283f3a61627c6364295c62	4344	0
27.3.1	i	5c62283f3a61627c6364295c62	4344	1
27.3.2	i	5c62283f3a61627c6364295c62	4344	2
27.4.0	i	5c62283f3a61627c6364295c62	6142206162	0
27.4.1	i	5c62283f3a61627c6364295c62	6142206162	1
27.4.2	i	5c62283f3a61627c6364295c62	6142206162	2
27.4.3	i	5c62283f3a61627c6364295c62	6142206162	3
27.4.4	i	5c62283f3a61627c6364295c62	6142206162	4
27.4.5	i	5c62283f3a61627c6364295c62	6142206162	5
28.0.0	-	283f69295c626361745c62	6363617420636174	0
28.0.1	-	283f69295c626361745c62	6363617420636174	1
28.0.2	-	283f69295c626361745c62	6363617420636174	2
28.0.3	-	283f69295c626361745c62	6363617420636174	3
28.0.4	-	283f69295c626361745c62	6363617420636174	4
28.0.5	-	283f69295c626361745c62	6363617420636174	5
28.0.6	-	283f69295c626361745c62	6363617420636174	6
28.0.7	-	283f69295c626361745c62	6363617420636174	7
28.0.8	-	283f69295c626361745c62	6363617420636174	8
28.1.0	-	283f69295c626361745c62	78636174	0
28.1.1	-	283f69295c626361745c62	78636174	1
28.1.2	-	283f69295c626361745c62	78636174	2
28.1.3	-	283f69295c626361745c62	78636174	3
28.1.4	-	283f69295c626361745c62	78636174	4
28.2.0	-	283f69295c626361745c62	636174	0
28.2.1	-	283f69295c626361745c62	636174	1
28.2.2	-	283f69295c626361745c62	636174	2
28.2.3	-	283f69295c626361745c62	636174	3
28.3.0	-	283f69295c626361745c62	6163617420434154	0
28.3.1	-	283f69295c626361745c62	6163617420434154	1
28.3.2	-	283f69295c626361745c62	6163617420434154	2
28.3.3	-	283f69295c626361745c62	6163617420434154	3
28.3.4	-	283f69295c626361745c62	6163617420434154	4
28.3.5	-	283f69295c626361745c62	6163617420434154	5
28.3.6	-	283f69295c626361745c62	6163617420434154	6
28.3.7	-	283f69295c626361745c62	6163617420434154	7
28.3.8	-	283f69295c626361745c62	6163617420434154	8
28.4.0	-	283f69295c626361745c62	6320636174	0
28.4.1	-	283f69295c626361745c62	6320636174	1
28.4.2	-	283f69295c626361745c62	6320636174	2
28.4.3	-	283f69295c626361745c62	6320636174	3
28.4.4	-	283f69295c626361745c62	6320636174	4
28.4.5	-	283f69295c626361745c62	6320636174	5
28.5.0	-	283f69295c626361745c62	436174	0
28.5.1	-	283f69295c626361745c62	436174	1
28.5.2	-	283f69295c626361745c62	436174	2
28.5.3	-	283f69295c626361745c62	436174	3
29.0.0	-	5c625b612d7a5f5d5b612d7a302d395f5d7b302c33317d3d5c22283f3a5b5e5c225c5c5d7c5c5c2e292a5c22	783d226122	0
29.0.1	-	5c625b612d7a5f5d5b612d7a302d395f5d7b302c33317d3d5c22283f3a5b5e5c225c5c5d7c5c5c2e292a5c22	783d226122	1
29.0.2	-	5c625b612d7a5f5d5b612d7a302d395f5d7b302c33317d3d5c22283f3a5b5e5c225c5c5d7c5c5c2e292a5c22	783d226122	2
29.0.3	-	5c625b612d7a5f5d5b612d7a302d395f5d7b302c33317d3d5c22283f3a5b5e5c225c5c5d7c5c5c2e292a5c22	783d226122	3
29.0.4	-	5c625b612d7a5f5d5b612d7a302d395f5d7b302c33317d3d5c22283f3a5b5e5c225c5c5d7c5c5c2e292a5c22	783d226122	4
29.0.5	-	5c625b612d7a5f5d5b612d7a302d395f5d7b302c33317d3d5c22283f3a5b5e5c225c5c5d7c5c5c2e292a5c22	783d226122	5
29.1.0	-	5c625b612d7a5f5d5b612d7a302d395f5d7b302c33317d3d5c22283f3a5b5e5c225c5c5d7c5c5c2e292a5c22	2061623d2222	0
29.1.1	-	5c625b612d7a5f5d5b612d7a302d395f5d7b302c33317d3d5c22283f3a5b5e5c225c5c5d7c5c5c2e292a5c22	2061623d2222	1
29.1.2	-	5c625b612d7a5f5d5b612d7a302d395f5d7b302c33317d3d5c22283f3a5b5e5c225c5c5d7c5c5c2e292a5c22	2061623d2222	2
29.1.3	-	5c625b612d7a5f5d5b612d7a302d395f5d7b302c33317d3d5c22283f3a5b5e5c225c5c5d7c5c5c2e292a5c22	2061623d2222	3
29.1.4	-	5c625b612d7a5f5d5b612d7a302d395f5d7b302c33317d3d5c22283f3a5b5e5c225c5c5d7c5c5c2e292a5c22	2061623d2222	4
29.1.5	-	5c625b612d7a5f5d5b612d7a302d395f5d7b302c33317d3d5c22283f3a5b5e5c225c5c5d7c5c5c2e292a5c22	2061623d2222	5
29.1.6	-	5c625b612d7a5f5d5b612d7a302d395f5d7b302c33317d3d5c22283f3a5b5e5c225c5c5d7c5c5c2e292a5c22	2061623d2222	6
29.2.0	-	5c625b612d7a5f5d5b612d7a302d395f5d7b302c33317d3d5c22283f3a5b5e5c225c5c5d7c5c5c2e292a5c22	39613d226222	0
29.2.1	-	5c625b612d7a5f5d5b612d7a302d395f5d7b302c33317d3d5c22283f3a5b5e5c225c5c5d7c5c5c2e292a5c22	39613d226222	1
29.2.2	-	5c625b612d7a5f5d5b612d7a302d395f5d7b302c33317d3d5c22283f3a5b5e5c225c5c5d7c5c5c2e292a5c22	39613d226222	2
29.2.3	-	5c625b612d7a5f5d5b612d7a302d395f5d7b302c33317d3d5c22283f3a5b5e5c225c5c5d7c5c5c2e292a5c22	39613d226222	3
29.2.4	-	5c625b612d7a5f5d5b612d7a302d395f5d7b302c33317d3d5c22283f3a5b5e5c225c5c5d7c5c5c2e292a5c22	39613d226222	4
29.2.5	-	5c625b612d7a5f5d5b612d7a302d395f5d7b302c33317d3d5c22283f3a5b5e5c225c5c5d7c5c5c2e292a5c22	39613d226222	5
29.2.6	-	5c625b612d7a5f5d5b612d7a302d395f5d7b302c33317d3d5c22283f3a5b5e5c225c5c5d7c5c5c2e292a5c22	39613d226222	6
29.3.0	-	5c625b612d7a5f5d5b612d7a302d395f5d7b302c33317d3d5c22283f3a5b5e5c225c5c5d7c5c5c2e292a5c22	6120623d2222	0
29.3.1	-	5c625b612d7a5f5d5b612d7a302d395f5d7b302c33317d3d5c22283f3a5b5e5c225c5c5d7c5c5c2e292a5c22	6120623d2222	1
29.3.2	-	5c625b612d7a5f5d5b612d7a302d395f5d7b302c33317d3d5c22283f3a5b5e5c225c5c5d7c5c5c2e292a5c22	6120623d2222	2
29.3.3	-	5c625b612d7a5f5d5b612d7a302d395f5d7b302c33317d3d5c22283f3a5b5e5c225c5c5d7c5c5c2e292a5c22	6120623d2222	3
29.3.4	-	5c625b612d7a5f5d5b612d7a302d395f5d7b302c33317d3d5c22283f3a5b5e5c225c5c5d7c5c5c2e292a5c22	6120623d2222	4
29.3.5	-	5c625b612d7a5f5d5b612d7a302d395f5d7b302c33317d3d5c22283f3a5b5e5c225c5c5d7c5c5c2e292a5c22	6120623d2222	5
29.3.6	-	5c625b612d7a5f5d5b612d7a302d395f5d7b302c33317d3d5c22283f3a5b5e5c225c5c5d7c5c5c2e292a5c22	6120623d2222	6
29.4.0	-	5c625b612d7a5f5d5b612d7a302d395f5d7b302c33317d3d5c22283f3a5b5e5c225c5c5d7c5c5c2e292a5c22	3d222220613d2222	0
29.4.1	-	5c625b612d7a5f5d5b612d7a302d395f5d7b302c33317d3d5c22283f3a5b5e5c225c5c5d7c5c5c2e292a5c22	3d222220613d2222	1
29.4.2	-	5c625b612d7a5f5d5b612d7a302d395f5d7b302c33317d3d5c22283f3a5b5e5c225c5c5d7c5c5c2e292a5c22	3d222220613d2222	2
29.4.3	-	5c625b612d7a5f5d5b612d7a302d395f5d7b302c33317d3d5c22283f3a5b5e5c225c5c5d7c5c5c2e292a5c22	3d222220613d2222	3
29.4.4	-	5c625b612d7a5f5d5b612d7a302d395f5d7b302c33317d3d5c22283f3a5b5e5c225c5c5d7c5c5c2e292a5c22	3d222220613d2222	4
29.4.5	-	5c625b612d7a5f5d5b612d7a302d395f5d7b302c33317d3d5c22283f3a5b5e5c225c5c5d7c5c5c2e292a5c22	3d222220613d2222	5
29.4.6	-	5c625b612d7a5f5d5b612d7a302d395f5d7b302c33317d3d5c22283f3a5b5e5c225c5c5d7c5c5c2e292a5c22	3d222220613d2222	6
29.4.7	-	5c625b612d7a5f5d5b612d7a302d395f5d7b302c33317d3d5c22283f3a5b5e5c225c5c5d7c5c5c2e292a5c22	3d222220613d2222	7
29.4.8	-	5c625b612d7a5f5d5b612d7a302d395f5d7b302c33317d3d5c22283f3a5b5e5c225c5c5d7c5c5c2e292a5c22	3d222220613d2222	8
30.0.0	-	283f3a5c627c78792961	787961	0
30.0.1	-	283f3a5c627c78792961	787961	1
30.0.2	-	283f3a5c627c78792961	787961	2
30.0.3	-	283f3a5c627c78792961	787961	3
30.1.0	-	283f3a5c627c78792961	7a787961	0
30.1.1	-	283f3a5c627c78792961	7a787961	1
30.1.2	-	283f3a5c627c78792961	7a787961	2
30.1.3	-	283f3a5c627c78792961	7a787961	3
30.1.4	-	283f3a5c627c78792961	7a787961	4
30.2.0	-	283f3a5c627c78792961	20787961	0
30.2.1	-	283f3a5c627c78792961	20787961	1
30.2.2	-	283f3a5c627c78792961	20787961	2
30.2.3	-	283f3a5c627c78792961	20787961	3
30.2.4	-	283f3a5c627c78792961	20787961	4
30.3.0	-	283f3a5c627c78792961	61	0
30.3.1	-	283f3a5c627c78792961	61	1
30.4.0	-	283f3a5c627c78792961	7861	0
30.4.1	-	283f3a5c627c78792961	7861	1
30.4.2	-	283f3a5c627c78792961	7861	2
30.5.0	-	283f3a5c627c78792961	7879787961	0
30.5.1	-	283f3a5c627c78792961	7879787961	1
30.5.2	-	283f3a5c627c78792961	7879787961	2
30.5.3	-	283f3a5c627c78792961	7879787961	3
30.5.4	-	283f3a5c627c78792961	7879787961	4
30.5.5	-	283f3a5c627c78792961	7879787961	5
30.6.0	-	283f3a5c627c78792961	6178	0
30.6.1	-	283f3a5c627c78792961	6178	1
30.6.2	-	283f3a5c627c78792961	6178	2
30.7.0	-	283f3a5c627c78792961	79612061	0
30.7.1	-	283f3a5c627c78792961	79612061	1
30.7.2	-	283f3a5c627c78792961	79612061	2
30.7.3	-	283f3a5c627c78792961	79612061	3
30.7.4	-	283f3a5c627c78792961	79612061	4
31.0.0	-	283f3a5c627c7a5b78795d2979	7a7879	0
31.0.1	-	283f3a5c627c7a5b78795d2979	7a7879	1
31.0.2	-	283f3a5c627c7a5b78795d2979	7a7879	2
31.0.3	-	283f3a5c627c7a5b78795d2979	7a7879	3
31.1.0	-	283f3a5c627c7a5b78795d2979	617a7879	0
31.1.1	-	283f3a5c627c7a5b78795d2979	617a7879	1
31.1.2	-	283f3a5c627c7a5b78795d2979	617a7879	2
31.1.3	-	283f3a5c627c7a5b78795d2979	617a7879	3
31.1.4	-	283f3a5c627c7a5b78795d2979	617a7879	4
31.2.0	-	283f3a5c627c7a5b78795d2979	7a7979	0
31.2.1	-	283f3a5c627c7a5b78795d2979	7a7979	1
31.2.2	-	283f3a5c627c7a5b78795d2979	7a7979	2
31.2.3	-	283f3a5c627c7a5b78795d2979	7a7979	3
31.3.0	-	283f3a5c627c7a5b78795d2979	207a7879	0
31.3.1	-	283f3a5c627c7a5b78795d2979	207a7879	1
31.3.2	-	283f3a5c627c7a5b78795d2979	207a7879	2
31.3.3	-	283f3a5c627c7a5b78795d2979	207a7879	3
31.3.4	-	283f3a5c627c7a5b78795d2979	207a7879	4
31.4.0	-	283f3a5c627c7a5b78795d2979	797a	0
31.4.1	-	283f3a5c627c7a5b78795d2979	797a	1
31.4.2	-	283f3a5c627c7a5b78795d2979	797a	2
31.5.0	-	283f3a5c627c7a5b78795d2979	78792079	0
31.5.1	-	283f3a5c627c7a5b78795d2979	78792079	1
31.5.2	-	283f3a5c627c7a5b78795d2979	78792079	2
31.5.3	-	283f3a5c627c7a5b78795d2979	78792079	3
31.5.4	-	283f3a5c627c7a5b78795d2979	78792079	4
32.0.0	-	283f3a20207c5c627c2078792979	20787979	0
32.0.1	-	283f3a20207c5c627c2078792979	20787979	1
32.0.2	-	283f3a20207c5c627c2078792979	20787979	2
32.0.3	-	283f3a20207c5c627c2078792979	20787979	3
32.0.4	-	283f3a20207c5c627c2078792979	20787979	4
32.1.0	-	283f3a20207c5c627c2078792979	202079	0
32.1.1	-	283f3a20207c5c627c2078792979	202079	1
32.1.2	-	283f3a20207c5c627c2078792979	202079	2
32.1.3	-	283f3a20207c5c627c2078792979	202079	3
32.2.0	-	283f3a20207c5c627c2078792979	6120787979	0
32.2.1	-	283f3a20207c5c627c2078792979	6120787979	1
32.2.2	-	283f3a20207c5c627c2078792979	6120787979	2
32.2.3	-	283f3a20207c5c627c2078792979	6120787979	3
32.2.4	-	283f3a20207c5c627c2078792979	6120787979	4
32.2.5	-	283f3a20207c5c627c2078792979	6120787979	5
32.3.0	-	283f3a20207c5c627c2078792979	79	0
32.3.1	-	283f3a20207c5c627c2078792979	79	1
32.4.0	-	283f3a20207c5c627c2078792979	7920	0
32.4.1	-	283f3a20207c5c627c2078792979	7920	1
32.4.2	-	283f3a20207c5c627c2078792979	7920	2
32.5.0	-	283f3a20207c5c627c2078792979	78792079	0
32.5.1	-	283f3a20207c5c627c2078792979	78792079	1
32.5.2	-	283f3a20207c5c627c2078792979	78792079	2
32.5.3	-	283f3a20207c5c627c2078792979	78792079	3
32.5.4	-	283f3a20207c5c627c2078792979	78792079	4
33.0.0	-	283f3a5c62283f3c2161297c7878792961	78787961	0
33.0.1	-	283f3a5c62283f3c2161297c7878792961	78787961	1
33.0.2	-	283f3a5c62283f3c2161297c7878792961	78787961	2
33.0.3	-	283f3a5c62283f3c2161297c7878792961	78787961	3
33.0.4	-	283f3a5c62283f3c2161297c7878792961	78787961	4
33.1.0	-	283f3a5c62283f3c2161297c7878792961	6178787961	0
33.1.1	-	283f3a5c62283f3c2161297c7878792961	6178787961	1
33.1.2	-	283f3a5c62283f3c2161297c7878792961	6178787961	2
33.1.3	-	283f3a5c62283f3c2161297c7878792961	6178787961	3
33.1.4	-	283f3a5c62283f3c2161297c7878792961	6178787961	4
33.1.5	-	283f3a5c62283f3c2161297c7878792961	6178787961	5
33.2.0	-	283f3a5c62283f3c2161297c7878792961	6261	0
33.2.1	-	283f3a5c62283f3c2161297c7878792961	6261	1
33.2.2	-	283f3a5c62283f3c2161297c7878792961	6261	2
33.3.0	-	283f3a5c62283f3c2161297c7878792961	78787978787961	0
33.3.1	-	283f3a5c62283f3c2161297c7878792961	78787978787961	1
33.3.2	-	283f3a5c62283f3c2161297c7878792961	78787978787961	2
33.3.3	-	283f3a5c62283f3c2161297c7878792961	78787978787961	3
33.3.4	-	283f3a5c62283f3c2161297c7878792961	78787978787961	4
33.3.5	-	283f3a5c62283f3c2161297c7878792961	78787978787961	5
33.3.6	-	283f3a5c62283f3c2161297c7878792961	78787978787961	6
33.3.7	-	283f3a5c62283f3c2161297c7878792961	78787978787961	7
33.4.0	-	283f3a5c62283f3c2161297c7878792961	796178787961	0
33.4.1	-	283f3a5c62283f3c2161297c7878792961	796178787961	1
33.4.2	-	283f3a5c62283f3c2161297c7878792961	796178787961	2
33.4.3	-	283f3a5c62283f3c2161297c7878792961	796178787961	3
33.4.4	-	283f3a5c62283f3c2161297c7878792961	796178787961	4
33.4.5	-	283f3a5c62283f3c2161297c7878792961	796178787961	5
33.4.6	-	283f3a5c62283f3c2161297c7878792961	796178787961	6
34.0.0	-	283f3a61627a7c78283f3c3d5b61625d297c5c627a2979	61627a79	0
34.0.1	-	283f3a61627a7c78283f3c3d5b61625d297c5c627a2979	61627a79	1
34.0.2	-	283f3a61627a7c78283f3c3d5b61625d297c5c627a2979	61627a79	2
34.0.3	-	283f3a61627a7c78283f3c3d5b61625d297c5c627a2979	61627a79	3
34.0.4	-	283f3a61627a7c78283f3c3d5b61625d297c5c627a2979	61627a79	4
34.1.0	-	283f3a61627a7c78283f3c3d5b61625d297c5c627a2979	7a61627a79	0
34.1.1	-	283f3a61627a7c78283f3c3d5b61625d297c5c627a2979	7a61627a79	1
34.1.2	-	283f3a61627a7c78283f3c3d5b61625d297c5c627a2979	7a61627a79	2
34.1.3	-	283f3a61627a7c78283f3c3d5b61625d297c5c627a2979	7a61627a79	3
34.1.4	-	283f3a61627a7c78283f3c3d5b61625d297c5c627a2979	7a61627a79	4
34.1.5	-	283f3a61627a7c78283f3c3d5b61625d297c5c627a2979	7a61627a79	5
34.2.0	-	283f3a61627a7c78283f3c3d5b61625d297c5c627a2979	7a79	0
34.2.1	-	283f3a61627a7c78283f3c3d5b61625d297c5c627a2979	7a79	1
34.2.2	-	283f3a61627a7c78283f3c3d5b61625d297c5c627a2979	7a79	2
34.3.0	-	283f3a61627a7c78283f3c3d5b61625d297c5c627a2979	207a79	0
34.3.1	-	283f3a61627a7c78283f3c3d5b61625d297c5c627a2979	207a79	1
34.3.2	-	283f3a61627a7c78283f3c3d5b61625d297c5c627a2979	207a79	2
34.3.3	-	283f3a61627a7c78283f3c3d5b61625d297c5c627a2979	207a79	3
35.0.0	-	283f3a5c62283f3c216129617c615b78795d617c5c6261297a	6178617a	0
35.0.1	-	283f3a5c62283f3c216129617c615b78795d617c5c6261297a	6178617a	1
35.0.2	-	283f3a5c62283f3c216129617c615b78795d617c5c6261297a	6178617a	2
35.0.3	-	283f3a5c62283f3c216129617c615b78795d617c5c6261297a	6178617a	3
35.0.4	-	283f3a5c62283f3c216129617c615b78795d617c5c6261297a	6178617a	4
35.1.0	-	283f3a5c62283f3c216129617c615b78795d617c5c6261297a	61617a	0
35.1.1	-	283f3a5c62283f3c216129617c615b78795d617c5c6261297a	61617a	1
35.1.2	-	283f3a5c62283f3c216129617c615b78795d617c5c6261297a	61617a	2
35.1.3	-	283f3a5c62283f3c216129617c615b78795d617c5c6261297a	61617a	3
35.2.0	-	283f3a5c62283f3c216129617c615b78795d617c5c6261297a	20617a	0
35.2.1	-	283f3a5c62283f3c216129617c615b78795d617c5c6261297a	20617a	1
35.2.2	-	283f3a5c62283f3c216129617c615b78795d617c5c6261297a	20617a	2
35.2.3	-	283f3a5c62283f3c216129617c615b78795d617c5c6261297a	20617a	3
35.3.0	-	283f3a5c62283f3c216129617c615b78795d617c5c6261297a	6179617a	0
35.3.1	-	283f3a5c62283f3c216129617c615b78795d617c5c6261297a	6179617a	1
35.3.2	-	283f3a5c62283f3c216129617c615b78795d617c5c6261297a	6179617a	2
35.3.3	-	283f3a5c62283f3c216129617c615b78795d617c5c6261297a	6179617a	3
35.3.4	-	283f3a5c62283f3c216129617c615b78795d617c5c6261297a	6179617a	4
35.4.0	-	283f3a5c62283f3c216129617c615b78795d617c5c6261297a	7a61207a	0
35.4.1	-	283f3a5c62283f3c216129617c615b78795d617c5c6261297a	7a61207a	1
35.4.2	-	283f3a5c62283f3c216129617c615b78795d617c5c6261297a	7a61207a	2
35.4.3	-	283f3a5c62283f3c216129617c615b78795d617c5c6261297a	7a61207a	3
35.4.4	-	283f3a5c62283f3c216129617c615b78795d617c5c6261297a	7a61207a	4
35.5.0	-	283f3a5c62283f3c216129617c615b78795d617c5c6261297a	617a	0
35.5.1	-	283f3a5c62283f3c216129617c615b78795d617c5c6261297a	617a	1
35.5.2	-	283f3a5c62283f3c216129617c615b78795d617c5c6261297a	617a	2
35.6.0	-	283f3a5c62283f3c216129617c615b78795d617c5c6261297a	78617a	0
35.6.1	-	283f3a5c62283f3c216129617c615b78795d617c5c6261297a	78617a	1
35.6.2	-	283f3a5c62283f3c216129617c615b78795d617c5c6261297a	78617a	2
35.6.3	-	283f3a5c62283f3c216129617c615b78795d617c5c6261297a	78617a	3
35.7.0	-	283f3a5c62283f3c216129617c615b78795d617c5c6261297a	61207a	0
35.7.1	-	283f3a5c62283f3c216129617c615b78795d617c5c6261297a	61207a	1
35.7.2	-	283f3a5c62283f3c216129617c615b78795d617c5c6261297a	61207a	2
35.7.3	-	283f3a5c62283f3c216129617c615b78795d617c5c6261297a	61207a	3
36.0.0	-	5c42283f3c21612964	7864	0
36.0.1	-	5c42283f3c21612964	7864	1
36.0.2	-	5c42283f3c21612964	7864	2
36.1.0	-	5c42283f3c21612964	78647a	0
36.1.1	-	5c42283f3c21612964	78647a	1
36.1.2	-	5c42283f3c21612964	78647a	2
36.1.3	-	5c42283f3c21612964	78647a	3
36.2.0	-	5c42283f3c21612964	6164	0
36.2.1	-	5c42283f3c21612964	6164	1
36.2.2	-	5c42283f3c21612964	6164	2
36.3.0	-	5c42283f3c21612964	7a6164	0
36.3.1	-	5c42283f3c21612964	7a6164	1
36.3.2	-	5c42283f3c21612964	7a6164	2
36.3.3	-	5c42283f3c21612964	7a6164	3
36.4.0	-	5c42283f3c21612964	2064	0
36.4.1	-	5c42283f3c21612964	2064	1
36.4.2	-	5c42283f3c21612964	2064	2
36.5.0	-	5c42283f3c21612964	64	0
36.5.1	-	5c42283f3c21612964	64	1
36.6.0	-	5c42283f3c21612964	787864	0
36.6.1	-	5c42283f3c21612964	787864	1
36.6.2	-	5c42283f3c21612964	787864	2
36.6.3	-	5c42283f3c21612964	787864	3
36.7.0	-	5c42283f3c21612964	61647864	0
36.7.1	-	5c42283f3c21612964	61647864	1
36.7.2	-	5c42283f3c21612964	61647864	2
36.7.3	-	5c42283f3c21612964	61647864	3
36.7.4	-	5c42283f3c21612964	61647864	4
37.0.0	-	5c42283f3c3d62632964	626364	0
37.0.1	-	5c42283f3c3d62632964	626364	1
37.0.2	-	5c42283f3c3d62632964	626364	2
37.0.3	-	5c42283f3c3d62632964	626364	3
37.1.0	-	5c42283f3c3d62632964	78626364	0
37.1.1	-	5c42283f3c3d62632964	78626364	1
37.1.2	-	5c42283f3c3d62632964	78626364	2
37.1.3	-	5c42283f3c3d62632964	78626364	3
37.1.4	-	5c42283f3c3d62632964	78626364	4
37.2.0	-	5c42283f3c3d62632964	6263647a	0
37.2.1	-	5c42283f3c3d62632964	6263647a	1
37.2.2	-	5c42283f3c3d62632964	6263647a	2
37.2.3	-	5c42283f3c3d62632964	6263647a	3
37.2.4	-	5c42283f3c3d62632964	6263647a	4
37.3.0	-	5c42283f3c3d62632964	20626364	0
37.3.1	-	5c42283f3c3d62632964	20626364	1
37.3.2	-	5c42283f3c3d62632964	20626364	2
37.3.3	-	5c42283f3c3d62632964	20626364	3
37.3.4	-	5c42283f3c3d62632964	20626364	4
37.4.0	-	5c42283f3c3d62632964	61626364626364	0
37.4.1	-	5c42283f3c3d62632964	61626364626364	1
37.4.2	-	5c42283f3c3d62632964	61626364626364	2
37.4.3	-	5c42283f3c3d62632964	61626364626364	3
37.4.4	-	5c42283f3c3d62632964	61626364626364	4
37.4.5	-	5c42283f3c3d62632964	61626364626364	5
37.4.6	-	5c42283f3c3d62632964	61626364626364	6
37.4.7	-	5c42283f3c3d62632964	61626364626364	7
38.0.0	-	5c42645c42	786478	0
38.0.1	-	5c42645c42	786478	1
38.0.2	-	5c42645c42	786478	2
38.0.3	-	5c42645c42	786478	3
38.1.0	-	5c42645c42	7864	0
38.1.1	-	5c42645c42	7864	1
38.1.2	-	5c42645c42	7864	2
38.2.0	-	5c42645c42	6478	0
38.2.1	-	5c42645c42	6478	1
38.2.2	-	5c42645c42	6478	2
38.3.0	-	5c42645c42	7a7a647a7a	0
38.3.1	-	5c42645c42	7a7a647a7a	1
38.3.2	-	5c42645c42	7a7a647a7a	2
38.3.3	-	5c42645c42	7a7a647a7a	3
38.3.4	-	5c42645c42	7a7a647a7a	4
38.3.5	-	5c42645c42	7a7a647a7a	5
38.4.0	-	5c42645c42	64	0
38.4.1	-	5c42645c42	64	1
39.0.0	-	283f6d29283f3a5e7c7829283f3a61627c636429	6162	0
39.0.1	-	283f6d29283f3a5e7c7829283f3a61627c636429	6162	1
39.0.2	-	283f6d29283f3a5e7c7829283f3a61627c636429	6162	2
39.1.0	-	283f6d29283f3a5e7c7829283f3a61627c636429	0a6162	0
39.1.1	-	283f6d29283f3a5e7c7829283f3a61627c636429	0a6162	1
39.1.2	-	283f6d29283f3a5e7c7829283f3a61627c636429	0a6162	2
39.1.3	-	283f6d29283f3a5e7c7829283f3a61627c636429	0a6162	3
39.2.0	-	283f6d29283f3a5e7c7829283f3a61627c636429	786162	0
39.2.1	-	283f6d29283f3a5e7c7829283f3a61627c636429	786162	1
39.2.2	-	283f6d29283f3a5e7c7829283f3a61627c636429	786162	2
39.2.3	-	283f6d29283f3a5e7c7829283f3a61627c636429	786162	3
39.3.0	-	283f6d29283f3a5e7c7829283f3a61627c636429	7a6162	0
39.3.1	-	283f6d29283f3a5e7c7829283f3a61627c636429	7a6162	1
39.3.2	-	283f6d29283f3a5e7c7829283f3a61627c636429	7a6162	2
39.3.3	-	283f6d29283f3a5e7c7829283f3a61627c636429	7a6162	3
39.4.0	-	283f6d29283f3a5e7c7829283f3a61627c636429	7a0a6162	0
39.4.1	-	283f6d29283f3a5e7c7829283f3a61627c636429	7a0a6162	1
39.4.2	-	283f6d29283f3a5e7c7829283f3a61627c636429	7a0a6162	2
39.4.3	-	283f6d29283f3a5e7c7829283f3a61627c636429	7a0a6162	3
39.4.4	-	283f6d29283f3a5e7c7829283f3a61627c636429	7a0a6162	4
39.5.0	-	283f6d29283f3a5e7c7829283f3a61627c636429	0d6162	0
39.5.1	-	283f6d29283f3a5e7c7829283f3a61627c636429	0d6162	1
39.5.2	-	283f6d29283f3a5e7c7829283f3a61627c636429	0d6162	2
39.5.3	-	283f6d29283f3a5e7c7829283f3a61627c636429	0d6162	3
39.6.0	-	283f6d29283f3a5e7c7829283f3a61627c636429	0d0a6162	0
39.6.1	-	283f6d29283f3a5e7c7829283f3a61627c636429	0d0a6162	1
39.6.2	-	283f6d29283f3a5e7c7829283f3a61627c636429	0d0a6162	2
39.6.3	-	283f6d29283f3a5e7c7829283f3a61627c636429	0d0a6162	3
39.6.4	-	283f6d29283f3a5e7c7829283f3a61627c636429	0d0a6162	4
39.7.0	-	283f6d29283f3a5e7c7829283f3a61627c636429	7a786162	0
39.7.1	-	283f6d29283f3a5e7c7829283f3a61627c636429	7a786162	1
39.7.2	-	283f6d29283f3a5e7c7829283f3a61627c636429	7a786162	2
39.7.3	-	283f6d29283f3a5e7c7829283f3a61627c636429	7a786162	3
39.7.4	-	283f6d29283f3a5e7c7829283f3a61627c636429	7a786162	4
40.0.0	-	283f6d29283f3a61627c63642924	6162	0
40.0.1	-	283f6d29283f3a61627c63642924	6162	1
40.0.2	-	283f6d29283f3a61627c63642924	6162	2
40.1.0	-	283f6d29283f3a61627c63642924	61620a	0
40.1.1	-	283f6d29283f3a61627c63642924	61620a	1
40.1.2	-	283f6d29283f3a61627c63642924	61620a	2
40.1.3	-	283f6d29283f3a61627c63642924	61620a	3
40.2.0	-	283f6d29283f3a61627c63642924	616278	0
40.2.1	-	283f6d29283f3a61627c63642924	616278	1
40.2.2	-	283f6d29283f3a61627c63642924	616278	2
40.2.3	-	283f6d29283f3a61627c63642924	616278	3
40.3.0	-	283f6d29283f3a61627c63642924	61620d0a	0
40.3.1	-	283f6d29283f3a61627c63642924	61620d0a	1
40.3.2	-	283f6d29283f3a61627c63642924	61620d0a	2
40.3.3	-	283f6d29283f3a61627c63642924	61620d0a	3
40.3.4	-	283f6d29283f3a61627c63642924	61620d0a	4
40.4.0	-	283f6d29283f3a61627c63642924	61620d	0
40.4.1	-	283f6d29283f3a61627c63642924	61620d	1
40.4.2	-	283f6d29283f3a61627c63642924	61620d	2
40.4.3	-	283f6d29283f3a61627c63642924	61620d	3
40.5.0	-	283f6d29283f3a61627c63642924	7861620a6162	0
40.5.1	-	283f6d29283f3a61627c63642924	7861620a6162	1
40.5.2	-	283f6d29283f3a61627c63642924	7861620a6162	2
40.5.3	-	283f6d29283f3a61627c63642924	7861620a6162	3
40.5.4	-	283f6d29283f3a61627c63642924	7861620a6162	4
40.5.5	-	283f6d29283f3a61627c63642924	7861620a6162	5
40.5.6	-	283f6d29283f3a61627c63642924	7861620a6162	6
41.0.0	-	283f6d29283f3c3d5c6e29617c6224	0d0a61	0
41.0.1	-	283f6d29283f3c3d5c6e29617c6224	0d0a61	1
41.0.2	-	283f6d29283f3c3d5c6e29617c6224	0d0a61	2
41.0.3	-	283f6d29283f3c3d5c6e29617c6224	0d0a61	3
41.1.0	-	283f6d29283f3c3d5c6e29617c6224	0d61	0
41.1.1	-	283f6d29283f3c3d5c6e29617c6224	0d61	1
41.1.2	-	283f6d29283f3c3d5c6e29617c6224	0d61	2
41.2.0	-	283f6d29283f3c3d5c6e29617c6224	0a0a61	0
41.2.1	-	283f6d29283f3c3d5c6e29617c6224	0a0a61	1
41.2.2	-	283f6d29283f3c3d5c6e29617c6224	0a0a61	2
41.2.3	-	283f6d29283f3c3d5c6e29617c6224	0a0a61	3
41.3.0	-	283f6d29283f3c3d5c6e29617c6224	620d	0
41.3.1	-	283f6d29283f3c3d5c6e29617c6224	620d	1
41.3.2	-	283f6d29283f3c3d5c6e29617c6224	620d	2
41.4.0	-	283f6d29283f3c3d5c6e29617c6224	0a610d	0
41.4.1	-	283f6d29283f3c3d5c6e29617c6224	0a610d	1
41.4.2	-	283f6d29283f3c3d5c6e29617c6224	0a610d	2
41.4.3	-	283f6d29283f3c3d5c6e29617c6224	0a610d	3
42.0.0	-	283f3a283f3c3d5c7229617c7729	0d61	0
42.0.1	-	283f3a283f3c3d5c7229617c7729	0d61	1
42.0.2	-	283f3a283f3c3d5c7229617c7729	0d61	2
42.1.0	-	283f3a283f3c3d5c7229617c7729	0d0a61	0
42.1.1	-	283f3a283f3c3d5c7229617c7729	0d0a61	1
42.1.2	-	283f3a283f3c3d5c7229617c7729	0d0a61	2
42.1.3	-	283f3a283f3c3d5c7229617c7729	0d0a61	3
42.2.0	-	283f3a283f3c3d5c7229617c7729	61	0
42.2.1	-	283f3a283f3c3d5c7229617c7729	61	1
42.3.0	-	283f3a283f3c3d5c7229617c7729	0a61	0
42.3.1	-	283f3a283f3c3d5c7229617c7729	0a61	1
42.3.2	-	283f3a283f3c3d5c7229617c7729	0a61	2
42.4.0	-	283f3a283f3c3d5c7229617c7729	780d61	0
42.4.1	-	283f3a283f3c3d5c7229617c7729	780d61	1
42.4.2	-	283f3a283f3c3d5c7229617c7729	780d61	2
42.4.3	-	283f3a283f3c3d5c7229617c7729	780d61	3
42.5.0	-	283f3a283f3c3d5c7229617c7729	0d610d	0
42.5.1	-	283f3a283f3c3d5c7229617c7729	0d610d	1
42.5.2	-	283f3a283f3c3d5c7229617c7729	0d610d	2
42.5.3	-	283f3a283f3c3d5c7229617c7729	0d610d	3
43.0.0	-	283f6d295c62283f3a61627c63642924	6162	0
43.0.1	-	283f6d295c62283f3a61627c63642924	6162	1
43.0.2	-	283f6d295c62283f3a61627c63642924	6162	2
43.1.0	-	283f6d295c62283f3a61627c63642924	782061620a	0
43.1.1	-	283f6d295c62283f3a61627c63642924	782061620a	1
43.1.2	-	283f6d295c62283f3a61627c63642924	782061620a	2
43.1.3	-	283f6d295c62283f3a61627c63642924	782061620a	3
43.1.4	-	283f6d295c62283f3a61627c63642924	782061620a	4
43.1.5	-	283f6d295c62283f3a61627c63642924	782061620a	5
43.2.0	-	283f6d295c62283f3a61627c63642924	7861620a6162	0
43.2.1	-	283f6d295c62283f3a61627c63642924	7861620a6162	1
43.2.2	-	283f6d295c62283f3a61627c63642924	7861620a6162	2
43.2.3	-	283f6d295c62283f3a61627c63642924	7861620a6162	3
43.2.4	-	283f6d295c62283f3a61627c63642924	7861620a6162	4
43.2.5	-	283f6d295c62283f3a61627c63642924	7861620a6162	5
43.2.6	-	283f6d295c62283f3a61627c63642924	7861620a6162	6
43.3.0	-	283f6d295c62283f3a61627c63642924	61620a61620a	0
43.3.1	-	283f6d295c62283f3a61627c63642924	61620a61620a	1
43.3.2	-	283f6d295c62283f3a61627c63642924	61620a61620a	2
43.3.3	-	283f6d295c62283f3a61627c63642924	61620a61620a	3
43.3.4	-	283f6d295c62283f3a61627c63642924	61620a61620a	4
43.3.5	-	283f6d295c62283f3a61627c63642924	61620a61620a	5
43.3.6	-	283f6d295c62283f3a61627c63642924	61620a61620a	6
44.0.0	U	283f3a283f3c3dc3a929617c5c627729	c3a961	0
44.0.2	U	283f3a283f3c3dc3a929617c5c627729	c3a961	2
44.0.3	U	283f3a283f3c3dc3a929617c5c627729	c3a961	3
44.1.0	U	283f3a283f3c3dc3a929617c5c627729	78c3a961	0
44.1.1	U	283f3a283f3c3dc3a929617c5c627729	78c3a961	1
44.1.3	U	283f3a283f3c3dc3a929617c5c627729	78c3a961	3
44.1.4	U	283f3a283f3c3dc3a929617c5c627729	78c3a961	4
44.2.0	U	283f3a283f3c3dc3a929617c5c627729	6561	0
44.2.1	U	283f3a283f3c3dc3a929617c5c627729	6561	1
44.2.2	U	283f3a283f3c3dc3a929617c5c627729	6561	2
44.3.0	U	283f3a283f3c3dc3a929617c5c627729	77	0
44.3.1	U	283f3a283f3c3dc3a929617c5c627729	77	1
44.4.0	U	283f3a283f3c3dc3a929617c5c627729	c3a977	0
44.4.2	U	283f3a283f3c3dc3a929617c5c627729	c3a977	2
44.4.3	U	283f3a283f3c3dc3a929617c5c627729	c3a977	3
44.5.0	U	283f3a283f3c3dc3a929617c5c627729	a961	0
44.5.1	U	283f3a283f3c3dc3a929617c5c627729	a961	1
44.5.2	U	283f3a283f3c3dc3a929617c5c627729	a961	2
44.6.0	U	283f3a283f3c3dc3a929617c5c627729	c3a9c3a961	0
44.6.2	U	283f3a283f3c3dc3a929617c5c627729	c3a9c3a961	2
44.6.4	U	283f3a283f3c3dc3a929617c5c627729	c3a9c3a961	4
44.6.5	U	283f3a283f3c3dc3a929617c5c627729	c3a9c3a961	5
44.7.0	U	283f3a283f3c3dc3a929617c5c627729	c3a961c3	0
44.7.2	U	283f3a283f3c3dc3a929617c5c627729	c3a961c3	2
44.7.3	U	283f3a283f3c3dc3a929617c5c627729	c3a961c3	3
44.7.4	U	283f3a283f3c3dc3a929617c5c627729	c3a961c3	4
45.0.0	U	283f3a283f3c3d61297a7c7729	617a	0
45.0.1	U	283f3a283f3c3d61297a7c7729	617a	1
45.0.2	U	283f3a283f3c3d61297a7c7729	617a	2
45.1.0	U	283f3a283f3c3d61297a7c7729	c3a9617a	0
45.1.2	U	283f3a283f3c3d61297a7c7729	c3a9617a	2
45.1.3	U	283f3a283f3c3d61297a7c7729	c3a9617a	3
45.1.4	U	283f3a283f3c3d61297a7c7729	c3a9617a	4
45.2.0	U	283f3a283f3c3d61297a7c7729	61c3a97a	0
45.2.1	U	283f3a283f3c3d61297a7c7729	61c3a97a	1
45.2.3	U	283f3a283f3c3d61297a7c7729	61c3a97a	3
45.2.4	U	283f3a283f3c3d61297a7c7729	61c3a97a	4
45.3.0	U	283f3a283f3c3d61297a7c7729	61ff7a	0
45.3.1	U	283f3a283f3c3d61297a7c7729	61ff7a	1
45.3.2	U	283f3a283f3c3d61297a7c7729	61ff7a	2
45.3.3	U	283f3a283f3c3d61297a7c7729	61ff7a	3
45.4.0	U	283f3a283f3c3d61297a7c7729	ff617a	0
45.4.1	U	283f3a283f3c3d61297a7c7729	ff617a	1
45.4.2	U	283f3a283f3c3d61297a7c7729	ff617a	2
45.4.3	U	283f3a283f3c3d61297a7c7729	ff617a	3
45.5.0	U	283f3a283f3c3d61297a7c7729	617a61	0
45.5.1	U	283f3a283f3c3d61297a7c7729	617a61	1
45.5.2	U	283f3a283f3c3d61297a7c7729	617a61	2
45.5.3	U	283f3a283f3c3d61297a7c7729	617a61	3
46.0.0	U	5c62283f3a61627c6364295c62	c3a96162206162	0
46.0.2	U	5c62283f3a61627c6364295c62	c3a96162206162	2
46.0.3	U	5c62283f3a61627c6364295c62	c3a96162206162	3
46.0.4	U	5c62283f3a61627c6364295c62	c3a96162206162	4
46.0.5	U	5c62283f3a61627c6364295c62	c3a96162206162	5
46.0.6	U	5c62283f3a61627c6364295c62	c3a96162206162	6
46.0.7	U	5c62283f3a61627c6364295c62	c3a96162206162	7
46.1.0	U	5c62283f3a61627c6364295c62	78c3a96162	0
46.1.1	U	5c62283f3a61627c6364295c62	78c3a96162	1
46.1.3	U	5c62283f3a61627c6364295c62	78c3a96162	3
46.1.4	U	5c62283f3a61627c6364295c62	78c3a96162	4
46.1.5	U	5c62283f3a61627c6364295c62	78c3a96162	5
46.2.0	U	5c62283f3a61627c6364295c62	c36162	0
46.2.1	U	5c62283f3a61627c6364295c62	c36162	1
46.2.2	U	5c62283f3a61627c6364295c62	c36162	2
46.2.3	U	5c62283f3a61627c6364295c62	c36162	3
46.3.0	U	5c62283f3a61627c6364295c62	ff6162206162	0
46.3.1	U	5c62283f3a61627c6364295c62	ff6162206162	1
46.3.2	U	5c62283f3a61627c6364295c62	ff6162206162	2
46.3.3	U	5c62283f3a61627c6364295c62	ff6162206162	3
46.3.4	U	5c62283f3a61627c6364295c62	ff6162206162	4
46.3.5	U	5c62283f3a61627c6364295c62	ff6162206162	5
46.3.6	U	5c62283f3a61627c6364295c62	ff6162206162	6
46.4.0	U	5c62283f3a61627c6364295c62	e4b8806162	0
46.4.3	U	5c62283f3a61627c6364295c62	e4b8806162	3
46.4.4	U	5c62283f3a61627c6364295c62	e4b8806162	4
46.4.5	U	5c62283f3a61627c6364295c62	e4b8806162	5
46.5.0	U	5c62283f3a61627c6364295c62	616280	0
46.5.1	U	5c62283f3a61627c6364295c62	616280	1
46.5.3	U	5c62283f3a61627c6364295c62	616280	3
47.0.0	iU	5c62283f3a61627c6364295c62	e284aa6162206162	0
47.0.3	iU	5c62283f3a61627c6364295c62	e284aa6162206162	3
47.0.4	iU	5c62283f3a61627c6364295c62	e284aa6162206162	4
47.0.5	iU	5c62283f3a61627c6364295c62	e284aa6162206162	5
47.0.6	iU	5c62283f3a61627c6364295c62	e284aa6162206162	6
47.0.7	iU	5c62283f3a61627c6364295c62	e284aa6162206162	7
47.0.8	iU	5c62283f3a61627c6364295c62	e284aa6162206162	8
47.1.0	iU	5c62283f3a61627c6364295c62	4b6162	0
47.1.1	iU	5c62283f3a61627c6364295c62	4b6162	1
47.1.2	iU	5c62283f3a61627c6364295c62	4b6162	2
47.1.3	iU	5c62283f3a61627c6364295c62	4b6162	3
47.2.0	iU	5c62283f3a61627c6364295c62	6b4142206162	0
47.2.1	iU	5c62283f3a61627c6364295c62	6b4142206162	1
47.2.2	iU	5c62283f3a61627c6364295c62	6b4142206162	2
47.2.3	iU	5c62283f3a61627c6364295c62	6b4142206162	3
47.2.4	iU	5c62283f3a61627c6364295c62	6b4142206162	4
47.2.5	iU	5c62283f3a61627c6364295c62	6b4142206162	5
47.2.6	iU	5c62283f3a61627c6364295c62	6b4142206162	6
48.0.0	iU	5c626b5c77	e284aa78	0
48.0.3	iU	5c626b5c77	e284aa78	3
48.0.4	iU	5c626b5c77	e284aa78	4
48.1.0	iU	5c626b5c77	78e284aa78	0
48.1.1	iU	5c626b5c77	78e284aa78	1
48.1.4	iU	5c626b5c77	78e284aa78	4
48.1.5	iU	5c626b5c77	78e284aa78	5
48.2.0	iU	5c626b5c77	6b78	0
48.2.1	iU	5c626b5c77	6b78	1
48.2.2	iU	5c626b5c77	6b78	2
48.3.0	iU	5c626b5c77	204b78	0
48.3.1	iU	5c626b5c77	204b78	1
48.3.2	iU	5c626b5c77	204b78	2
48.3.3	iU	5c626b5c77	204b78	3
48.4.0	iU	5c626b5c77	78206b78	0
48.4.1	iU	5c626b5c77	78206b78	1
48.4.2	iU	5c626b5c77	78206b78	2
48.4.3	iU	5c626b5c77	78206b78	3
48.4.4	iU	5c626b5c77	78206b78	4
49.0.0	-	5c62283f3a61627c6364295c62		0
49.1.0	-	5c62283f3a61627c6364295c62	61	0
49.1.1	-	5c62283f3a61627c6364295c62	61	1
49.2.0	-	5c62283f3a61627c6364295c62	6162	0
49.2.1	-	5c62283f3a61627c6364295c62	6162	1
49.2.2	-	5c62283f3a61627c6364295c62	6162	2
49.3.0	-	5c62283f3a61627c6364295c62	62	0
49.3.1	-	5c62283f3a61627c6364295c62	62	1
49.4.0	-	5c62283f3a61627c6364295c62	786162	0
49.4.1	-	5c62283f3a61627c6364295c62	786162	1
49.4.2	-	5c62283f3a61627c6364295c62	786162	2
49.4.3	-	5c62283f3a61627c6364295c62	786162	3
49.5.0	-	5c62283f3a61627c6364295c62	616278	0
49.5.1	-	5c62283f3a61627c6364295c62	616278	1
49.5.2	-	5c62283f3a61627c6364295c62	616278	2
49.5.3	-	5c62283f3a61627c6364295c62	616278	3
49.6.0	-	5c62283f3a61627c6364295c62	78206162	0
49.6.1	-	5c62283f3a61627c6364295c62	78206162	1
49.6.2	-	5c62283f3a61627c6364295c62	78206162	2
49.6.3	-	5c62283f3a61627c6364295c62	78206162	3
49.6.4	-	5c62283f3a61627c6364295c62	78206162	4
49.7.0	-	5c62283f3a61627c6364295c62	616220	0
49.7.1	-	5c62283f3a61627c6364295c62	616220	1
49.7.2	-	5c62283f3a61627c6364295c62	616220	2
49.7.3	-	5c62283f3a61627c6364295c62	616220	3
49.8.0	-	5c62283f3a61627c6364295c62	626162206162	0
49.8.1	-	5c62283f3a61627c6364295c62	626162206162	1
49.8.2	-	5c62283f3a61627c6364295c62	626162206162	2
49.8.3	-	5c62283f3a61627c6364295c62	626162206162	3
49.8.4	-	5c62283f3a61627c6364295c62	626162206162	4
49.8.5	-	5c62283f3a61627c6364295c62	626162206162	5
49.8.6	-	5c62283f3a61627c6364295c62	626162206162	6
50.0.0	-	283f3a283f3c3d61297a7c7729		0
50.1.0	-	283f3a283f3c3d61297a7c7729	7a	0
50.1.1	-	283f3a283f3c3d61297a7c7729	7a	1
50.2.0	-	283f3a283f3c3d61297a7c7729	77	0
50.2.1	-	283f3a283f3c3d61297a7c7729	77	1
50.3.0	-	283f3a283f3c3d61297a7c7729	61	0
50.3.1	-	283f3a283f3c3d61297a7c7729	61	1
50.4.0	-	283f3a283f3c3d61297a7c7729	617a	0
50.4.1	-	283f3a283f3c3d61297a7c7729	617a	1
50.4.2	-	283f3a283f3c3d61297a7c7729	617a	2
50.5.0	-	283f3a283f3c3d61297a7c7729	617a7a	0
50.5.1	-	283f3a283f3c3d61297a7c7729	617a7a	1
50.5.2	-	283f3a283f3c3d61297a7c7729	617a7a	2
50.5.3	-	283f3a283f3c3d61297a7c7729	617a7a	3
51.0.0	-	5c47283f3a61627c6364295c62	6162	0
51.0.1	-	5c47283f3a61627c6364295c62	6162	1
51.0.2	-	5c47283f3a61627c6364295c62	6162	2
51.1.0	-	5c47283f3a61627c6364295c62	786162	0
51.1.1	-	5c47283f3a61627c6364295c62	786162	1
51.1.2	-	5c47283f3a61627c6364295c62	786162	2
51.1.3	-	5c47283f3a61627c6364295c62	786162	3
51.2.0	-	5c47283f3a61627c6364295c62	61626162	0
51.2.1	-	5c47283f3a61627c6364295c62	61626162	1
51.2.2	-	5c47283f3a61627c6364295c62	61626162	2
51.2.3	-	5c47283f3a61627c6364295c62	61626162	3
51.2.4	-	5c47283f3a61627c6364295c62	61626162	4
51.3.0	-	5c47283f3a61627c6364295c62	6162206162	0
51.3.1	-	5c47283f3a61627c6364295c62	6162206162	1
51.3.2	-	5c47283f3a61627c6364295c62	6162206162	2
51.3.3	-	5c47283f3a61627c6364295c62	6162206162	3
51.3.4	-	5c47283f3a61627c6364295c62	6162206162	4
51.3.5	-	5c47283f3a61627c6364295c62	6162206162	5
51.4.0	-	5c47283f3a61627c6364295c62		0
52.0.0	-	283f3a5c47787c5c6229283f3a61627c6364295c62	786162	0
52.0.1	-	283f3a5c47787c5c6229283f3a61627c6364295c62	786162	1
52.0.2	-	283f3a5c47787c5c6229283f3a61627c6364295c62	786162	2
52.0.3	-	283f3a5c47787c5c6229283f3a61627c6364295c62	786162	3
52.1.0	-	283f3a5c47787c5c6229283f3a61627c6364295c62	6162	0
52.1.1	-	283f3a5c47787c5c6229283f3a61627c6364295c62	6162	1
52.1.2	-	283f3a5c47787c5c6229283f3a61627c6364295c62	6162	2
52.2.0	-	283f3a5c47787c5c6229283f3a61627c6364295c62	7a786162	0
52.2.1	-	283f3a5c47787c5c6229283f3a61627c6364295c62	7a786162	1
52.2.2	-	283f3a5c47787c5c6229283f3a61627c6364295c62	7a786162	2
52.2.3	-	283f3a5c47787c5c6229283f3a61627c6364295c62	7a786162	3
52.2.4	-	283f3a5c47787c5c6229283f3a61627c6364295c62	7a786162	4
52.3.0	-	283f3a5c47787c5c6229283f3a61627c6364295c62	78206162	0
52.3.1	-	283f3a5c47787c5c6229283f3a61627c6364295c62	78206162	1
52.3.2	-	283f3a5c47787c5c6229283f3a61627c6364295c62	78206162	2
52.3.3	-	283f3a5c47787c5c6229283f3a61627c6364295c62	78206162	3
52.3.4	-	283f3a5c47787c5c6229283f3a61627c6364295c62	78206162	4
52.4.0	-	283f3a5c47787c5c6229283f3a61627c6364295c62	206162	0
52.4.1	-	283f3a5c47787c5c6229283f3a61627c6364295c62	206162	1
52.4.2	-	283f3a5c47787c5c6229283f3a61627c6364295c62	206162	2
52.4.3	-	283f3a5c47787c5c6229283f3a61627c6364295c62	206162	3
53.0.0	-	5c62283f3a61627c6364295c62	7a6162206162	0
53.0.1	-	5c62283f3a61627c6364295c62	7a6162206162	1
53.0.2	-	5c62283f3a61627c6364295c62	7a6162206162	2
53.0.3	-	5c62283f3a61627c6364295c62	7a6162206162	3
53.0.4	-	5c62283f3a61627c6364295c62	7a6162206162	4
53.0.5	-	5c62283f3a61627c6364295c62	7a6162206162	5
53.0.6	-	5c62283f3a61627c6364295c62	7a6162206162	6
53.1.0	-	5c62283f3a61627c6364295c62	7a206162	0
53.1.1	-	5c62283f3a61627c6364295c62	7a206162	1
53.1.2	-	5c62283f3a61627c6364295c62	7a206162	2
53.1.3	-	5c62283f3a61627c6364295c62	7a206162	3
53.1.4	-	5c62283f3a61627c6364295c62	7a206162	4
53.2.0	-	5c62283f3a61627c6364295c62	7a7a6162206162	0
53.2.1	-	5c62283f3a61627c6364295c62	7a7a6162206162	1
53.2.2	-	5c62283f3a61627c6364295c62	7a7a6162206162	2
53.2.3	-	5c62283f3a61627c6364295c62	7a7a6162206162	3
53.2.4	-	5c62283f3a61627c6364295c62	7a7a6162206162	4
53.2.5	-	5c62283f3a61627c6364295c62	7a7a6162206162	5
53.2.6	-	5c62283f3a61627c6364295c62	7a7a6162206162	6
53.2.7	-	5c62283f3a61627c6364295c62	7a7a6162206162	7
54.0.0	-	5c622861627c6364295c62	626162206162	0
54.0.1	-	5c622861627c6364295c62	626162206162	1
54.0.2	-	5c622861627c6364295c62	626162206162	2
54.0.3	-	5c622861627c6364295c62	626162206162	3
54.0.4	-	5c622861627c6364295c62	626162206162	4
54.0.5	-	5c622861627c6364295c62	626162206162	5
54.0.6	-	5c622861627c6364295c62	626162206162	6
54.1.0	-	5c622861627c6364295c62	6162	0
54.1.1	-	5c622861627c6364295c62	6162	1
54.1.2	-	5c622861627c6364295c62	6162	2
54.2.0	-	5c622861627c6364295c62	786162206364	0
54.2.1	-	5c622861627c6364295c62	786162206364	1
54.2.2	-	5c622861627c6364295c62	786162206364	2
54.2.3	-	5c622861627c6364295c62	786162206364	3
54.2.4	-	5c622861627c6364295c62	786162206364	4
54.2.5	-	5c622861627c6364295c62	786162206364	5
54.2.6	-	5c622861627c6364295c62	786162206364	6
54.3.0	-	5c622861627c6364295c62	6174727565206162	0
54.3.1	-	5c622861627c6364295c62	6174727565206162	1
54.3.2	-	5c622861627c6364295c62	6174727565206162	2
54.3.3	-	5c622861627c6364295c62	6174727565206162	3
54.3.4	-	5c622861627c6364295c62	6174727565206162	4
54.3.5	-	5c622861627c6364295c62	6174727565206162	5
54.3.6	-	5c622861627c6364295c62	6174727565206162	6
54.3.7	-	5c622861627c6364295c62	6174727565206162	7
54.3.8	-	5c622861627c6364295c62	6174727565206162	8
54.4.0	-	5c622861627c6364295c62	5f6162206162	0
54.4.1	-	5c622861627c6364295c62	5f6162206162	1
54.4.2	-	5c622861627c6364295c62	5f6162206162	2
54.4.3	-	5c622861627c6364295c62	5f6162206162	3
54.4.4	-	5c622861627c6364295c62	5f6162206162	4
54.4.5	-	5c622861627c6364295c62	5f6162206162	5
54.4.6	-	5c622861627c6364295c62	5f6162206162	6
55.0.0	-	5c422861627c6364295c42	78616278	0
55.0.1	-	5c422861627c6364295c42	78616278	1
55.0.2	-	5c422861627c6364295c42	78616278	2
55.0.3	-	5c422861627c6364295c42	78616278	3
55.0.4	-	5c422861627c6364295c42	78616278	4
55.1.0	-	5c422861627c6364295c42	206162782078616278	0
55.1.1	-	5c422861627c6364295c42	206162782078616278	1
55.1.2	-	5c422861627c6364295c42	206162782078616278	2
55.1.3	-	5c422861627c6364295c42	206162782078616278	3
55.1.4	-	5c422861627c6364295c42	206162782078616278	4
55.1.5	-	5c422861627c6364295c42	206162782078616278	5
55.1.6	-	5c422861627c6364295c42	206162782078616278	6
55.1.7	-	5c422861627c6364295c42	206162782078616278	7
55.1.8	-	5c422861627c6364295c42	206162782078616278	8
55.1.9	-	5c422861627c6364295c42	206162782078616278	9
55.2.0	-	5c422861627c6364295c42	6162	0
55.2.1	-	5c422861627c6364295c42	6162	1
55.2.2	-	5c422861627c6364295c42	6162	2
56.0.0	-	5c622861627c6364295c622e7b302c327d5c622861627c63295c62	61622063	0
56.0.1	-	5c622861627c6364295c622e7b302c327d5c622861627c63295c62	61622063	1
56.0.2	-	5c622861627c6364295c622e7b302c327d5c622861627c63295c62	61622063	2
56.0.3	-	5c622861627c6364295c622e7b302c327d5c622861627c63295c62	61622063	3
56.0.4	-	5c622861627c6364295c622e7b302c327d5c622861627c63295c62	61622063	4
56.1.0	-	5c622861627c6364295c622e7b302c327d5c622861627c63295c62	78616220632061622063	0
56.1.1	-	5c622861627c6364295c622e7b302c327d5c622861627c63295c62	78616220632061622063	1
56.1.2	-	5c622861627c6364295c622e7b302c327d5c622861627c63295c62	78616220632061622063	2
56.1.3	-	5c622861627c6364295c622e7b302c327d5c622861627c63295c62	78616220632061622063	3
56.1.4	-	5c622861627c6364295c622e7b302c327d5c622861627c63295c62	78616220632061622063	4
56.1.5	-	5c622861627c6364295c622e7b302c327d5c622861627c63295c62	78616220632061622063	5
56.1.6	-	5c622861627c6364295c622e7b302c327d5c622861627c63295c62	78616220632061622063	6
56.1.7	-	5c622861627c6364295c622e7b302c327d5c622861627c63295c62	78616220632061622063	7
56.1.8	-	5c622861627c6364295c622e7b302c327d5c622861627c63295c62	78616220632061622063	8
56.1.9	-	5c622861627c6364295c622e7b302c327d5c622861627c63295c62	78616220632061622063	9
56.1.10	-	5c622861627c6364295c622e7b302c327d5c622861627c63295c62	78616220632061622063	10
56.2.0	-	5c622861627c6364295c622e7b302c327d5c622861627c63295c62	616220206162	0
56.2.1	-	5c622861627c6364295c622e7b302c327d5c622861627c63295c62	616220206162	1
56.2.2	-	5c622861627c6364295c622e7b302c327d5c622861627c63295c62	616220206162	2
56.2.3	-	5c622861627c6364295c622e7b302c327d5c622861627c63295c62	616220206162	3
56.2.4	-	5c622861627c6364295c622e7b302c327d5c622861627c63295c62	616220206162	4
56.2.5	-	5c622861627c6364295c622e7b302c327d5c622861627c63295c62	616220206162	5
56.2.6	-	5c622861627c6364295c622e7b302c327d5c622861627c63295c62	616220206162	6
56.3.0	-	5c622861627c6364295c622e7b302c327d5c622861627c63295c62	6261622061622063	0
56.3.1	-	5c622861627c6364295c622e7b302c327d5c622861627c63295c62	6261622061622063	1
56.3.2	-	5c622861627c6364295c622e7b302c327d5c622861627c63295c62	6261622061622063	2
56.3.3	-	5c622861627c6364295c622e7b302c327d5c622861627c63295c62	6261622061622063	3
56.3.4	-	5c622861627c6364295c622e7b302c327d5c622861627c63295c62	6261622061622063	4
56.3.5	-	5c622861627c6364295c622e7b302c327d5c622861627c63295c62	6261622061622063	5
56.3.6	-	5c622861627c6364295c622e7b302c327d5c622861627c63295c62	6261622061622063	6
56.3.7	-	5c622861627c6364295c622e7b302c327d5c622861627c63295c62	6261622061622063	7
56.3.8	-	5c622861627c6364295c622e7b302c327d5c622861627c63295c62	6261622061622063	8
57.0.0	-	5c422861627c6364297b322c337d5c42	786162616278	0
57.0.1	-	5c422861627c6364297b322c337d5c42	786162616278	1
57.0.2	-	5c422861627c6364297b322c337d5c42	786162616278	2
57.0.3	-	5c422861627c6364297b322c337d5c42	786162616278	3
57.0.4	-	5c422861627c6364297b322c337d5c42	786162616278	4
57.0.5	-	5c422861627c6364297b322c337d5c42	786162616278	5
57.0.6	-	5c422861627c6364297b322c337d5c42	786162616278	6
57.1.0	-	5c422861627c6364297b322c337d5c42	7861627820786162616278	0
57.1.1	-	5c422861627c6364297b322c337d5c42	7861627820786162616278	1
57.1.2	-	5c422861627c6364297b322c337d5c42	7861627820786162616278	2
57.1.3	-	5c422861627c6364297b322c337d5c42	7861627820786162616278	3
57.1.4	-	5c422861627c6364297b322c337d5c42	7861627820786162616278	4
57.1.5	-	5c422861627c6364297b322c337d5c42	7861627820786162616278	5
57.1.6	-	5c422861627c6364297b322c337d5c42	7861627820786162616278	6
57.1.7	-	5c422861627c6364297b322c337d5c42	7861627820786162616278	7
57.1.8	-	5c422861627c6364297b322c337d5c42	7861627820786162616278	8
57.1.9	-	5c422861627c6364297b322c337d5c42	7861627820786162616278	9
57.1.10	-	5c422861627c6364297b322c337d5c42	7861627820786162616278	10
57.1.11	-	5c422861627c6364297b322c337d5c42	7861627820786162616278	11
57.2.0	-	5c422861627c6364297b322c337d5c42	616261626162	0
57.2.1	-	5c422861627c6364297b322c337d5c42	616261626162	1
57.2.2	-	5c422861627c6364297b322c337d5c42	616261626162	2
57.2.3	-	5c422861627c6364297b322c337d5c42	616261626162	3
57.2.4	-	5c422861627c6364297b322c337d5c42	616261626162	4
57.2.5	-	5c422861627c6364297b322c337d5c42	616261626162	5
57.2.6	-	5c422861627c6364297b322c337d5c42	616261626162	6
57.3.0	-	5c422861627c6364297b322c337d5c42	786162636478	0
57.3.1	-	5c422861627c6364297b322c337d5c42	786162636478	1
57.3.2	-	5c422861627c6364297b322c337d5c42	786162636478	2
57.3.3	-	5c422861627c6364297b322c337d5c42	786162636478	3
57.3.4	-	5c422861627c6364297b322c337d5c42	786162636478	4
57.3.5	-	5c422861627c6364297b322c337d5c42	786162636478	5
57.3.6	-	5c422861627c6364297b322c337d5c42	786162636478	6
58.0.0	-	5c4228617c62297b312c337d	7861	0
58.0.1	-	5c4228617c62297b312c337d	7861	1
58.0.2	-	5c4228617c62297b312c337d	7861	2
58.1.0	-	5c4228617c62297b312c337d	786162	0
58.1.1	-	5c4228617c62297b312c337d	786162	1
58.1.2	-	5c4228617c62297b312c337d	786162	2
58.1.3	-	5c4228617c62297b312c337d	786162	3
58.2.0	-	5c4228617c62297b312c337d	7a612062	0
58.2.1	-	5c4228617c62297b312c337d	7a612062	1
58.2.2	-	5c4228617c62297b312c337d	7a612062	2
58.2.3	-	5c4228617c62297b312c337d	7a612062	3
58.2.4	-	5c4228617c62297b312c337d	7a612062	4
58.3.0	-	5c4228617c62297b312c337d	7861616162	0
58.3.1	-	5c4228617c62297b312c337d	7861616162	1
58.3.2	-	5c4228617c62297b312c337d	7861616162	2
58.3.3	-	5c4228617c62297b312c337d	7861616162	3
58.3.4	-	5c4228617c62297b312c337d	7861616162	4
58.3.5	-	5c4228617c62297b312c337d	7861616162	5
58.4.0	-	5c4228617c62297b312c337d	61	0
58.4.1	-	5c4228617c62297b312c337d	61	1
58.5.0	-	5c4228617c62297b312c337d	6162	0
58.5.1	-	5c4228617c62297b312c337d	6162	1
58.5.2	-	5c4228617c62297b312c337d	6162	2
58.6.0	-	5c4228617c62297b312c337d	786278	0
58.6.1	-	5c4228617c62297b312c337d	786278	1
58.6.2	-	5c4228617c62297b312c337d	786278	2
58.6.3	-	5c4228617c62297b312c337d	786278	3
59.0.0	-	5c4228787c6162297b312c327d5c62	7a6162	0
59.0.1	-	5c4228787c6162297b312c327d5c62	7a6162	1
59.0.2	-	5c4228787c6162297b312c327d5c62	7a6162	2
59.0.3	-	5c4228787c6162297b312c327d5c62	7a6162	3
59.1.0	-	5c4228787c6162297b312c327d5c62	7a78	0
59.1.1	-	5c4228787c6162297b312c327d5c62	7a78	1
59.1.2	-	5c4228787c6162297b312c327d5c62	7a78	2
59.2.0	-	5c4228787c6162297b312c327d5c62	7a61622078	0
59.2.1	-	5c4228787c6162297b312c327d5c62	7a61622078	1
59.2.2	-	5c4228787c6162297b312c327d5c62	7a61622078	2
59.2.3	-	5c4228787c6162297b312c327d5c62	7a61622078	3
59.2.4	-	5c4228787c6162297b312c327d5c62	7a61622078	4
59.2.5	-	5c4228787c6162297b312c327d5c62	7a61622078	5
59.3.0	-	5c4228787c6162297b312c327d5c62	7a786162	0
59.3.1	-	5c4228787c6162297b312c327d5c62	7a786162	1
59.3.2	-	5c4228787c6162297b312c327d5c62	7a786162	2
59.3.3	-	5c4228787c6162297b312c327d5c62	7a786162	3
59.3.4	-	5c4228787c6162297b312c327d5c62	7a786162	4
59.4.0	-	5c4228787c6162297b312c327d5c62	6162	0
59.4.1	-	5c4228787c6162297b312c327d5c62	6162	1
59.4.2	-	5c4228787c6162297b312c327d5c62	6162	2
59.5.0	-	5c4228787c6162297b312c327d5c62	7a7820	0
59.5.1	-	5c4228787c6162297b312c327d5c62	7a7820	1
59.5.2	-	5c4228787c6162297b312c327d5c62	7a7820	2
59.5.3	-	5c4228787c6162297b312c327d5c62	7a7820	3
60.0.0	-	5c28283f3a5b5e28295d7c283f5229292a5c29	286129	0
60.0.1	-	5c28283f3a5b5e28295d7c283f5229292a5c29	286129	1
60.0.2	-	5c28283f3a5b5e28295d7c283f5229292a5c29	286129	2
60.0.3	-	5c28283f3a5b5e28295d7c283f5229292a5c29	286129	3
60.1.0	-	5c28283f3a5b5e28295d7c283f5229292a5c29	78286129	0
60.1.1	-	5c28283f3a5b5e28295d7c283f5229292a5c29	78286129	1
60.1.2	-	5c28283f3a5b5e28295d7c283f5229292a5c29	78286129	2
60.1.3	-	5c28283f3a5b5e28295d7c283f5229292a5c29	78286129	3
60.1.4	-	5c28283f3a5b5e28295d7c283f5229292a5c29	78286129	4
60.2.0	-	5c28283f3a5b5e28295d7c283f5229292a5c29	28286129	0
60.2.1	-	5c28283f3a5b5e28295d7c283f5229292a5c29	28286129	1
60.2.2	-	5c28283f3a5b5e28295d7c283f5229292a5c29	28286129	2
60.2.3	-	5c28283f3a5b5e28295d7c283f5229292a5c29	28286129	3
60.2.4	-	5c28283f3a5b5e28295d7c283f5229292a5c29	28286129	4
60.3.0	-	5c28283f3a5b5e28295d7c283f5229292a5c29	282829	0
60.3.1	-	5c28283f3a5b5e28295d7c283f5229292a5c29	282829	1
60.3.2	-	5c28283f3a5b5e28295d7c283f5229292a5c29	282829	2
60.3.3	-	5c28283f3a5b5e28295d7c283f5229292a5c29	282829	3
60.4.0	-	5c28283f3a5b5e28295d7c283f5229292a5c29	6128622863296429	0
60.4.1	-	5c28283f3a5b5e28295d7c283f5229292a5c29	6128622863296429	1
60.4.2	-	5c28283f3a5b5e28295d7c283f5229292a5c29	6128622863296429	2
60.4.3	-	5c28283f3a5b5e28295d7c283f5229292a5c29	6128622863296429	3
60.4.4	-	5c28283f3a5b5e28295d7c283f5229292a5c29	6128622863296429	4
60.4.5	-	5c28283f3a5b5e28295d7c283f5229292a5c29	6128622863296429	5
60.4.6	-	5c28283f3a5b5e28295d7c283f5229292a5c29	6128622863296429	6
60.4.7	-	5c28283f3a5b5e28295d7c283f5229292a5c29	6128622863296429	7
60.4.8	-	5c28283f3a5b5e28295d7c283f5229292a5c29	6128622863296429	8
60.5.0	-	5c28283f3a5b5e28295d7c283f5229292a5c29	2928	0
60.5.1	-	5c28283f3a5b5e28295d7c283f5229292a5c29	2928	1
60.5.2	-	5c28283f3a5b5e28295d7c283f5229292a5c29	2928	2
60.6.0	-	5c28283f3a5b5e28295d7c283f5229292a5c29	2861	0
60.6.1	-	5c28283f3a5b5e28295d7c283f5229292a5c29	2861	1
60.6.2	-	5c28283f3a5b5e28295d7c283f5229292a5c29	2861	2
61.0.0	-	286162295c31	61626162	0
61.0.1	-	286162295c31	61626162	1
61.0.2	-	286162295c31	61626162	2
61.0.3	-	286162295c31	61626162	3
61.0.4	-	286162295c31	61626162	4
61.1.0	-	286162295c31	6161626162	0
61.1.1	-	286162295c31	6161626162	1
61.1.2	-	286162295c31	6161626162	2
61.1.3	-	286162295c31	6161626162	3
61.1.4	-	286162295c31	6161626162	4
61.1.5	-	286162295c31	6161626162	5
61.2.0	-	286162295c31	616261626162	0
61.2.1	-	286162295c31	616261626162	1
61.2.2	-	286162295c31	616261626162	2
61.2.3	-	286162295c31	616261626162	3
61.2.4	-	286162295c31	616261626162	4
61.2.5	-	286162295c31	616261626162	5
61.2.6	-	286162295c31	616261626162	6
61.3.0	-	286162295c31	6162616162	0
61.3.1	-	286162295c31	6162616162	1
61.3.2	-	286162295c31	6162616162	2
61.3.3	-	286162295c31	6162616162	3
61.3.4	-	286162295c31	6162616162	4
61.3.5	-	286162295c31	6162616162	5
61.4.0	-	286162295c31	7861626162	0
61.4.1	-	286162295c31	7861626162	1
61.4.2	-	286162295c31	7861626162	2
61.4.3	-	286162295c31	7861626162	3
61.4.4	-	286162295c31	7861626162	4
61.4.5	-	286162295c31	7861626162	5
62.0.0	-	28295c3178	78	0
62.0.1	-	28295c3178	78	1
62.1.0	-	28295c3178	6178	0
62.1.1	-	28295c3178	6178	1
62.1.2	-	28295c3178	6178	2
62.2.0	-	28295c3178		0
62.3.0	-	28295c3178	7878	0
62.3.1	-	28295c3178	7878	1
62.3.2	-	28295c3178	7878	2
63.0.0	-	28617c295c3162	62	0
63.0.1	-	28617c295c3162	62	1
63.1.0	-	28617c295c3162	616162	0
63.1.1	-	28617c295c3162	616162	1
63.1.2	-	28617c295c3162	616162	2
63.1.3	-	28617c295c3162	616162	3
63.2.0	-	28617c295c3162	6162	0
63.2.1	-	28617c295c3162	6162	1
63.2.2	-	28617c295c3162	6162	2
63.3.0	-	28617c295c3162	7862	0
63.3.1	-	28617c295c3162	7862	1
63.3.2	-	28617c295c3162	7862	2
63.4.0	-	28617c295c3162	61616162	0
63.4.1	-	28617c295c3162	61616162	1
63.4.2	-	28617c295c3162	61616162	2
63.4.3	-	28617c295c3162	61616162	3
63.4.4	-	28617c295c3162	61616162	4
64.0.0	-	283f3d61622961286229	6162	0
64.0.1	-	283f3d61622961286229	6162	1
64.0.2	-	283f3d61622961286229	6162	2
64.1.0	-	283f3d61622961286229	616162	0
64.1.1	-	283f3d61622961286229	616162	1
64.1.2	-	283f3d61622961286229	616162	2
64.1.3	-	283f3d61622961286229	616162	3
64.2.0	-	283f3d61622961286229	786162	0
64.2.1	-	283f3d61622961286229	786162	1
64.2.2	-	283f3d61622961286229	786162	2
64.2.3	-	283f3d61622961286229	786162	3
64.3.0	-	283f3d61622961286229	616261	0
64.3.1	-	283f3d61622961286229	616261	1
64.3.2	-	283f3d61622961286229	616261	2
64.3.3	-	283f3d61622961286229	616261	3
65.0.0	-	283f3d2e2a7a29286129	617a	0
65.0.1	-	283f3d2e2a7a29286129	617a	1
65.0.2	-	283f3d2e2a7a29286129	617a	2
65.1.0	-	283f3d2e2a7a29286129	6261207a	0
65.1.1	-	283f3d2e2a7a29286129	6261207a	1
65.1.2	-	283f3d2e2a7a29286129	6261207a	2
65.1.3	-	283f3d2e2a7a29286129	6261207a	3
65.1.4	-	283f3d2e2a7a29286129	6261207a	4
65.2.0	-	283f3d2e2a7a29286129	61	0
65.2.1	-	283f3d2e2a7a29286129	61	1
65.3.0	-	283f3d2e2a7a29286129	7a61	0
65.3.1	-	283f3d2e2a7a29286129	7a61	1
65.3.2	-	283f3d2e2a7a29286129	7a61	2
65.4.0	-	283f3d2e2a7a29286129	61617a	0
65.4.1	-	283f3d2e2a7a29286129	61617a	1
65.4.2	-	283f3d2e2a7a29286129	61617a	2
65.4.3	-	283f3d2e2a7a29286129	61617a	3
66.0.0	-	28612a295c31		0
66.1.0	-	28612a295c31	62	0
66.1.1	-	28612a295c31	62	1
66.2.0	-	28612a295c31	6161	0
66.2.1	-	28612a295c31	6161	1
66.2.2	-	28612a295c31	6161	2
66.3.0	-	28612a295c31	626161	0
66.3.1	-	28612a295c31	626161	1
66.3.2	-	28612a295c31	626161	2
66.3.3	-	28612a295c31	626161	3
66.4.0	-	28612a295c31	616161	0
66.4.1	-	28612a295c31	616161	1
66.4.2	-	28612a295c31	616161	2
66.4.3	-	28612a295c31	616161	3
67.0.0	-	283f3a787c2861295c31293f62	62	0
67.0.1	-	283f3a787c2861295c31293f62	62	1
67.1.0	-	283f3a787c2861295c31293f62	7862	0
67.1.1	-	283f3a787c2861295c31293f62	7862	1
67.1.2	-	283f3a787c2861295c31293f62	7862	2
67.2.0	-	283f3a787c2861295c31293f62	616162	0
67.2.1	-	283f3a787c2861295c31293f62	616162	1
67.2.2	-	283f3a787c2861295c31293f62	616162	2
67.2.3	-	283f3a787c2861295c31293f62	616162	3
67.3.0	-	283f3a787c2861295c31293f62	6162	0
67.3.1	-	283f3a787c2861295c31293f62	6162	1
67.3.2	-	283f3a787c2861295c31293f62	6162	2
68.0.0	-	283f692928636129745c31	6361746361	0
68.0.1	-	283f692928636129745c31	6361746361	1
68.0.2	-	283f692928636129745c31	6361746361	2
68.0.3	-	283f692928636129745c31	6361746361	3
68.0.4	-	283f692928636129745c31	6361746361	4
68.0.5	-	283f692928636129745c31	6361746361	5
68.1.0	-	283f692928636129745c31	4361744341	0
68.1.1	-	283f692928636129745c31	4361744341	1
68.1.2	-	283f692928636129745c31	4361744341	2
68.1.3	-	283f692928636129745c31	4361744341	3
68.1.4	-	283f692928636129745c31	4361744341	4
68.1.5	-	283f692928636129745c31	4361744341	5
68.2.0	-	283f692928636129745c31	786361746361	0
68.2.1	-	283f692928636129745c31	786361746361	1
68.2.2	-	283f692928636129745c31	786361746361	2
68.2.3	-	283f692928636129745c31	786361746361	3
68.2.4	-	283f692928636129745c31	786361746361	4
68.2.5	-	283f692928636129745c31	786361746361	5
68.2.6	-	283f692928636129745c31	786361746361	6
68.3.0	-	283f692928636129745c31	636361746361	0
68.3.1	-	283f692928636129745c31	636361746361	1
68.3.2	-	283f692928636129745c31	636361746361	2
68.3.3	-	283f692928636129745c31	636361746361	3
68.3.4	-	283f692928636129745c31	636361746361	4
68.3.5	-	283f692928636129745c31	636361746361	5
68.3.6	-	283f692928636129745c31	636361746361	6
68.4.0	-	283f692928636129745c31	6341546361	0
68.4.1	-	283f692928636129745c31	6341546361	1
68.4.2	-	283f692928636129745c31	6341546361	2
68.4.3	-	283f692928636129745c31	6341546361	3
68.4.4	-	283f692928636129745c31	6341546361	4
68.4.5	-	283f692928636129745c31	6341546361	5
69.0.0	iU	286b295c31	6b6b	0
69.0.1	iU	286b295c31	6b6b	1
69.0.2	iU	286b295c31	6b6b	2
69.1.0	iU	286b295c31	e284aa6b	0
69.1.3	iU	286b295c31	e284aa6b	3
69.1.4	iU	286b295c31	e284aa6b	4
69.2.0	iU	286b295c31	6be284aa	0
69.2.1	iU	286b295c31	6be284aa	1
69.2.4	iU	286b295c31	6be284aa	4
69.3.0	iU	286b295c31	78e284aae284aa	0
69.3.1	iU	286b295c31	78e284aae284aa	1
69.3.4	iU	286b295c31	78e284aae284aa	4
69.3.7	iU	286b295c31	78e284aae284aa	7
69.4.0	iU	286b295c31	4b6b	0
69.4.1	iU	286b295c31	4b6b	1
69.4.2	iU	286b295c31	4b6b	2
69.5.0	iU	286b295c31	e26b6b	0
69.5.1	iU	286b295c31	e26b6b	1
69.5.2	iU	286b295c31	e26b6b	2
69.5.3	iU	286b295c31	e26b6b	3
70.0.0	-	285c77295c3178	616178	0
70.0.1	-	285c77295c3178	616178	1
70.0.2	-	285c77295c3178	616178	2
70.0.3	-	285c77295c3178	616178	3
70.1.0	-	285c77295c3178	61626278	0
70.1.1	-	285c77295c3178	61626278	1
70.1.2	-	285c77295c3178	61626278	2
70.1.3	-	285c77295c3178	61626278	3
70.1.4	-	285c77295c3178	61626278	4
70.2.0	-	285c77295c3178	61616178	0
70.2.1	-	285c77295c3178	61616178	1
70.2.2	-	285c77295c3178	61616178	2
70.2.3	-	285c77295c3178	61616178	3
70.2.4	-	285c77295c3178	61616178	4
70.3.0	-	285c77295c3178	7878	0
70.3.1	-	285c77295c3178	7878	1
70.3.2	-	285c77295c3178	7878	2
70.4.0	-	285c77295c3178	6162	0
70.4.1	-	285c77295c3178	6162	1
70.4.2	-	285c77295c3178	6162	2
71.0.0	-	5c62285c772b295c732b5c315c62	6162206162	0
71.0.1	-	5c62285c772b295c732b5c315c62	6162206162	1
71.0.2	-	5c62285c772b295c732b5c315c62	6162206162	2
71.0.3	-	5c62285c772b295c732b5c315c62	6162206162	3
71.0.4	-	5c62285c772b295c732b5c315c62	6162206162	4
71.0.5	-	5c62285c772b295c732b5c315c62	6162206162	5
71.1.0	-	5c62285c772b295c732b5c315c62	786162206162	0
71.1.1	-	5c62285c772b295c732b5c315c62	786162206162	1
71.1.2	-	5c62285c772b295c732b5c315c62	786162206162	2
71.1.3	-	5c62285c772b295c732b5c315c62	786162206162	3
71.1.4	-	5c62285c772b295c732b5c315c62	786162206162	4
71.1.5	-	5c62285c772b295c732b5c315c62	786162206162	5
71.1.6	-	5c62285c772b295c732b5c315c62	786162206162	6
71.2.0	-	5c62285c772b295c732b5c315c62	612061	0
71.2.1	-	5c62285c772b295c732b5c315c62	612061	1
71.2.2	-	5c62285c772b295c732b5c315c62	612061	2
71.2.3	-	5c62285c772b295c732b5c315c62	612061	3
71.3.0	-	5c62285c772b295c732b5c315c62	616220616278206162206162	0
71.3.1	-	5c62285c772b295c732b5c315c62	616220616278206162206162	1
71.3.2	-	5c62285c772b295c732b5c315c62	616220616278206162206162	2
71.3.3	-	5c62285c772b295c732b5c315c62	616220616278206162206162	3
71.3.4	-	5c62285c772b295c732b5c315c62	616220616278206162206162	4
71.3.5	-	5c62285c772b295c732b5c315c62	616220616278206162206162	5
71.3.6	-	5c62285c772b295c732b5c315c62	616220616278206162206162	6
71.3.7	-	5c62285c772b295c732b5c315c62	616220616278206162206162	7
71.3.8	-	5c62285c772b295c732b5c315c62	616220616278206162206162	8
71.3.9	-	5c62285c772b295c732b5c315c62	616220616278206162206162	9
71.3.10	-	5c62285c772b295c732b5c315c62	616220616278206162206162	10
71.3.11	-	5c62285c772b295c732b5c315c62	616220616278206162206162	11
71.3.12	-	5c62285c772b295c732b5c315c62	616220616278206162206162	12
72.0.0	-	283f312978287929	797879	0
72.0.1	-	283f312978287929	797879	1
72.0.2	-	283f312978287929	797879	2
72.0.3	-	283f312978287929	797879	3
72.1.0	-	283f312978287929	61797879	0
72.1.1	-	283f312978287929	61797879	1
72.1.2	-	283f312978287929	61797879	2
72.1.3	-	283f312978287929	61797879	3
72.1.4	-	283f312978287929	61797879	4
72.2.0	-	283f312978287929	79787978	0
72.2.1	-	283f312978287929	79787978	1
72.2.2	-	283f312978287929	79787978	2
72.2.3	-	283f312978287929	79787978	3
72.2.4	-	283f312978287929	79787978	4
73.0.0	-	5c426361745c42	7863617478	0
73.0.1	-	5c426361745c42	7863617478	1
73.0.2	-	5c426361745c42	7863617478	2
73.0.3	-	5c426361745c42	7863617478	3
73.0.4	-	5c426361745c42	7863617478	4
73.0.5	-	5c426361745c42	7863617478	5
73.1.0	-	5c426361745c42	636174	0
73.1.1	-	5c426361745c42	636174	1
73.1.2	-	5c426361745c42	636174	2
73.1.3	-	5c426361745c42	636174	3
73.2.0	-	5c426361745c42	6163617462	0
73.2.1	-	5c426361745c42	6163617462	1
73.2.2	-	5c426361745c42	6163617462	2
73.2.3	-	5c426361745c42	6163617462	3
73.2.4	-	5c426361745c42	6163617462	4
73.2.5	-	5c426361745c42	6163617462	5
73.3.0	-	5c426361745c42	63617473	0
73.3.1	-	5c426361745c42	63617473	1
73.3.2	-	5c426361745c42	63617473	2
73.3.3	-	5c426361745c42	63617473	3
73.3.4	-	5c426361745c42	63617473	4
73.4.0	-	5c426361745c42	6363617478	0
73.4.1	-	5c426361745c42	6363617478	1
73.4.2	-	5c426361745c42	6363617478	2
73.4.3	-	5c426361745c42	6363617478	3
73.4.4	-	5c426361745c42	6363617478	4
73.4.5	-	5c426361745c42	6363617478	5
74.0.0	-	283f3a5c47617c622963	6163	0
74.0.1	-	283f3a5c47617c622963	6163	1
74.0.2	-	283f3a5c47617c622963	6163	2
74.1.0	-	283f3a5c47617c622963	6263	0
74.1.1	-	283f3a5c47617c622963	6263	1
74.1.2	-	283f3a5c47617c622963	6263	2
74.2.0	-	283f3a5c47617c622963	786163	0
74.2.1	-	283f3a5c47617c622963	786163	1
74.2.2	-	283f3a5c47617c622963	786163	2
74.2.3	-	283f3a5c47617c622963	786163	3
74.3.0	-	283f3a5c47617c622963	616263	0
74.3.1	-	283f3a5c47617c622963	616263	1
74.3.2	-	283f3a5c47617c622963	616263	2
74.3.3	-	283f3a5c47617c622963	616263	3
75.0.0	-	615c4b62	6162	0
75.0.1	-	615c4b62	6162	1
75.0.2	-	615c4b62	6162	2
75.1.0	-	615c4b62	616162	0
75.1.1	-	615c4b62	616162	1
75.1.2	-	615c4b62	616162	2
75.1.3	-	615c4b62	616162	3
75.2.0	-	615c4b62	786162	0
75.2.1	-	615c4b62	786162	1
75.2.2	-	615c4b62	786162	2
75.2.3	-	615c4b62	786162	3
76.0.0	-	612a623f		0
76.1.0	-	612a623f	7a7a	0
76.1.1	-	612a623f	7a7a	1
76.1.2	-	612a623f	7a7a	2
76.2.0	-	612a623f	61	0
76.2.1	-	612a623f	61	1
76.3.0	-	612a623f	62	0
76.3.1	-	612a623f	62	1
77.0.0	-	283f3d283f3a617c627c78292a632978	6162616261626162616261626162616261626162616261627863	0
77.0.1	-	283f3d283f3a617c627c78292a632978	6162616261626162616261626162616261626162616261627863	1
77.0.2	-	283f3d283f3a617c627c78292a632978	6162616261626162616261626162616261626162616261627863	2
77.0.3	-	283f3d283f3a617c627c78292a632978	6162616261626162616261626162616261626162616261627863	3
77.0.4	-	283f3d283f3a617c627c78292a632978	6162616261626162616261626162616261626162616261627863	4
77.0.5	-	283f3d283f3a617c627c78292a632978	6162616261626162616261626162616261626162616261627863	5
77.0.6	-	283f3d283f3a617c627c78292a632978	6162616261626162616261626162616261626162616261627863	6
77.0.7	-	283f3d283f3a617c627c78292a632978	6162616261626162616261626162616261626162616261627863	7
77.0.8	-	283f3d283f3a617c627c78292a632978	6162616261626162616261626162616261626162616261627863	8
77.0.9	-	283f3d283f3a617c627c78292a632978	6162616261626162616261626162616261626162616261627863	9
77.0.10	-	283f3d283f3a617c627c78292a632978	6162616261626162616261626162616261626162616261627863	10
77.0.11	-	283f3d283f3a617c627c78292a632978	6162616261626162616261626162616261626162616261627863	11
77.0.12	-	283f3d283f3a617c627c78292a632978	6162616261626162616261626162616261626162616261627863	12
77.0.13	-	283f3d283f3a617c627c78292a632978	6162616261626162616261626162616261626162616261627863	13
77.0.14	-	283f3d283f3a617c627c78292a632978	6162616261626162616261626162616261626162616261627863	14
77.0.15	-	283f3d283f3a617c627c78292a632978	6162616261626162616261626162616261626162616261627863	15
77.0.16	-	283f3d283f3a617c627c78292a632978	6162616261626162616261626162616261626162616261627863	16
77.0.17	-	283f3d283f3a617c627c78292a632978	6162616261626162616261626162616261626162616261627863	17
77.0.18	-	283f3d283f3a617c627c78292a632978	6162616261626162616261626162616261626162616261627863	18
77.0.19	-	283f3d283f3a617c627c78292a632978	6162616261626162616261626162616261626162616261627863	19
77.0.20	-	283f3d283f3a617c627c78292a632978	6162616261626162616261626162616261626162616261627863	20
77.0.21	-	283f3d283f3a617c627c78292a632978	6162616261626162616261626162616261626162616261627863	21
77.0.22	-	283f3d283f3a617c627c78292a632978	6162616261626162616261626162616261626162616261627863	22
77.0.23	-	283f3d283f3a617c627c78292a632978	6162616261626162616261626162616261626162616261627863	23
77.0.24	-	283f3d283f3a617c627c78292a632978	6162616261626162616261626162616261626162616261627863	24
77.0.25	-	283f3d283f3a617c627c78292a632978	6162616261626162616261626162616261626162616261627863	25
77.0.26	-	283f3d283f3a617c627c78292a632978	6162616261626162616261626162616261626162616261627863	26
77.1.0	-	283f3d283f3a617c627c78292a632978	7863	0
77.1.1	-	283f3d283f3a617c627c78292a632978	7863	1
77.1.2	-	283f3d283f3a617c627c78292a632978	7863	2
77.2.0	-	283f3d283f3a617c627c78292a632978	61627863	0
77.2.1	-	283f3d283f3a617c627c78292a632978	61627863	1
77.2.2	-	283f3d283f3a617c627c78292a632978	61627863	2
77.2.3	-	283f3d283f3a617c627c78292a632978	61627863	3
77.2.4	-	283f3d283f3a617c627c78292a632978	61627863	4
77.3.0	-	283f3d283f3a617c627c78292a632978	616161616178	0
77.3.1	-	283f3d283f3a617c627c78292a632978	616161616178	1
77.3.2	-	283f3d283f3a617c627c78292a632978	616161616178	2
77.3.3	-	283f3d283f3a617c627c78292a632978	616161616178	3
77.3.4	-	283f3d283f3a617c627c78292a632978	616161616178	4
77.3.5	-	283f3d283f3a617c627c78292a632978	616161616178	5
77.3.6	-	283f3d283f3a617c627c78292a632978	616161616178	6
78.0.0	C	5c62283f3a61627c6364295c62	ff	0
78.0.1	C	5c62283f3a61627c6364295c62	ff	1
78.1.0	C	5c62283f3a61627c6364295c62	6162ff	0
78.1.1	C	5c62283f3a61627c6364295c62	6162ff	1
78.1.2	C	5c62283f3a61627c6364295c62	6162ff	2
78.1.3	C	5c62283f3a61627c6364295c62	6162ff	3
78.2.0	C	5c62283f3a61627c6364295c62	ff6162	0
78.2.1	C	5c62283f3a61627c6364295c62	ff6162	1
78.2.2	C	5c62283f3a61627c6364295c62	ff6162	2
78.2.3	C	5c62283f3a61627c6364295c62	ff6162	3
78.3.0	C	5c62283f3a61627c6364295c62	78ff	0
78.3.1	C	5c62283f3a61627c6364295c62	78ff	1
78.3.2	C	5c62283f3a61627c6364295c62	78ff	2
78.4.0	C	5c62283f3a61627c6364295c62		0
78.5.0	C	5c62283f3a61627c6364295c62	6162	0
78.5.1	C	5c62283f3a61627c6364295c62	6162	1
78.5.2	C	5c62283f3a61627c6364295c62	6162	2
78.6.0	C	5c62283f3a61627c6364295c62	c3	0
78.6.1	C	5c62283f3a61627c6364295c62	c3	1
78.7.0	C	5c62283f3a61627c6364295c62	7a7aff7a7a	0
78.7.1	C	5c62283f3a61627c6364295c62	7a7aff7a7a	1
78.7.2	C	5c62283f3a61627c6364295c62	7a7aff7a7a	2
78.7.3	C	5c62283f3a61627c6364295c62	7a7aff7a7a	3
78.7.4	C	5c62283f3a61627c6364295c62	7a7aff7a7a	4
78.7.5	C	5c62283f3a61627c6364295c62	7a7aff7a7a	5
79.0.0	C	285c77295c3178	ff	0
79.0.1	C	285c77295c3178	ff	1
79.1.0	C	285c77295c3178	616178ff	0
79.1.1	C	285c77295c3178	616178ff	1
79.1.2	C	285c77295c3178	616178ff	2
79.1.3	C	285c77295c3178	616178ff	3
79.1.4	C	285c77295c3178	616178ff	4
79.2.0	C	285c77295c3178	ff616178	0
79.2.1	C	285c77295c3178	ff616178	1
79.2.2	C	285c77295c3178	ff616178	2
79.2.3	C	285c77295c3178	ff616178	3
79.2.4	C	285c77295c3178	ff616178	4
79.3.0	C	285c77295c3178	7a7a	0
79.3.1	C	285c77295c3178	7a7a	1
79.3.2	C	285c77295c3178	7a7a	2
79.4.0	C	285c77295c3178	c3	0
79.4.1	C	285c77295c3178	c3	1
79.5.0	C	285c77295c3178		0
79.6.0	C	285c77295c3178	61616178	0
79.6.1	C	285c77295c3178	61616178	1
79.6.2	C	285c77295c3178	61616178	2
79.6.3	C	285c77295c3178	61616178	3
79.6.4	C	285c77295c3178	61616178	4
