pop	id	enc	vm_base	vm_AB	vm_ABr2	eng_base	eng_AB	r5	refused
bench	altwide/ci-256	byte	0/0	0/0	0/0	dfa	dfa		
bench	altwide/ci-512	byte	None			dfa	dfa		pcrec: pattern too large: 717395 bytes of emitted code (limit 500000), which gcc cannot compile in reasonable time. A re
bench	altwide/clsa-1024	byte	None			refused	refused		pcrec: pattern too large: 558452 bytes of emitted code (limit 500000), which gcc cannot compile in reasonable time. A re
bench	altwide/clsa-256	byte	0/0	0/0	0/0	dfa	dfa		
bench	altwide/clsa-64	byte	0/0	0/0	0/0	dfa	dfa		
bench	altwide/clsd-1024	byte	None			refused	refused		pcrec: pattern too large: 557428 bytes of emitted code (limit 500000), which gcc cannot compile in reasonable time. A re
bench	altwide/clsd-256	byte	0/0	0/0	0/0	dfa	dfa		
bench	altwide/clsd-64	byte	0/0	0/0	0/0	dfa	dfa		
bench	altwide/cnt-64	byte	0/1	0/1	0/1	dfa	dfa	bytes-eq/end-eq=1	
bench	altwide/floor	byte	0/0	0/0	0/0	dfa	dfa		
bench	altwide/nar4-256	byte	0/0	0/0	0/0	dfa	dfa		
bench	altwide/nar4-512	byte	0/0	0/0	0/0	dfa	dfa		
bench	altwide/nar4-64	byte	0/0	0/0	0/0	dfa	dfa		
bench	altwide/pfx3-256	byte	0/0	0/0	0/0	dfa	dfa		
bench	altwide/pfx3-512	byte	0/0	0/0	0/0	dfa	dfa		
bench	altwide/s-2048	byte	None			dfa	dfa		pcrec: pattern too large: 904245 bytes of emitted code (limit 500000), which gcc cannot compile in reasonable time. A re
bench	altwide/s-256	byte	0/0	0/0	0/0	dfa	dfa		
bench	altwide/s-4096	byte	None			refused	refused		pcrec: pattern too large: 1720266 bytes of emitted code (limit 500000), which gcc cannot compile in reasonable time. A r
bench	altwide/s-512	byte	0/0	0/0	0/0	dfa	dfa		
bench	altwide/sfx-256	byte	0/0	0/0	0/0	dfa	dfa		
bench	altwide/sfx-512	byte	0/0	0/0	0/0	dfa	dfa		
bench	altwide/sfx-64	byte	0/0	0/0	0/0	dfa	dfa		
bench	altwide/sh1-256	byte	0/0	0/0	0/0	dfa	dfa		
bench	altwide/sh1-512	byte	0/0	0/0	0/0	dfa	dfa		
bench	altwide/sh1-64	byte	0/0	0/0	0/0	dfa	dfa		
bench	altwide/srt-256	byte	0/0	0/0	0/0	dfa	dfa		
bench	altwide/srt-512	byte	0/0	0/0	0/0	dfa	dfa		
bench	altwide/w-1024	byte	0/0	0/0	0/0	refused	refused		
bench	altwide/w-128	byte	0/0	0/0	0/0	dfa	dfa		
bench	altwide/w-192	byte	0/0	0/0	0/0	dfa	dfa		
bench	altwide/w-2048	byte	None			refused	refused		pcrec: pattern too large: 946180 bytes of emitted code (limit 500000), which gcc cannot compile in reasonable time. A re
bench	altwide/w-256	byte	0/0	0/0	0/0	dfa	dfa		
bench	altwide/w-384	byte	0/0	0/0	0/0	dfa	dfa		
bench	altwide/w-512	byte	0/0	0/0	0/0	dfa	dfa		
bench	altwide/w-64	byte	0/0	0/0	0/0	dfa	dfa		
bench	altwide/w-8	byte	0/0	0/0	0/0	dfa	dfa		
bench	altwide/w-96	byte	0/0	0/0	0/0	dfa	dfa		
bench	altwide/wb-256	byte	0/0	0/0	0/0	dfa	dfa		
bench	altwide/wb-512	byte	0/0	0/0	0/0	dfa	dfa		
bench	bounded/cls-atleast-4096	byte	1/1	1/1	1/1	dfa	dfa	bytes-eq/end-eq=2	
bench	bounded/cls-lazy-16384	byte	0/1	0/1	0/1	dfa	dfa	bytes-eq/end-eq=1	
bench	bounded/cls-upto-1024	byte	1/1	1/1	1/1	dfa	dfa	bytes-eq/end-eq=2	
bench	bounded/cls-upto-128	byte	1/1	1/1	1/1	dfa	dfa	bytes-eq/end-eq=2	
bench	bounded/cls-upto-16	byte	1/1	1/1	1/1	dfa	dfa	bytes-eq/end-eq=2	
bench	bounded/cls-upto-16384	byte	1/1	1/1	1/1	dfa	dfa	bytes-eq/end-eq=2	
bench	bounded/cls-upto-2048	byte	1/1	1/1	1/1	dfa	dfa	bytes-eq/end-eq=2	
bench	bounded/cls-upto-256	byte	1/1	1/1	1/1	dfa	dfa	bytes-eq/end-eq=2	
bench	bounded/cls-upto-32	byte	1/1	1/1	1/1	dfa	dfa	bytes-eq/end-eq=2	
bench	bounded/cls-upto-32768	byte	1/1	1/1	1/1	vm	vm	bytes-eq/end-eq=2	
bench	bounded/cls-upto-4	byte	1/1	1/1	1/1	dfa	dfa	bytes-eq/end-eq=2	
bench	bounded/cls-upto-4096	byte	1/1	1/1	1/1	dfa	dfa	bytes-eq/end-eq=2	
bench	bounded/cls-upto-512	byte	1/1	1/1	1/1	dfa	dfa	bytes-eq/end-eq=2	
bench	bounded/cls-upto-64	byte	1/1	1/1	1/1	dfa	dfa	bytes-eq/end-eq=2	
bench	bounded/cls-upto-65535	byte	1/1	1/1	1/1	refused	refused	bytes-eq/end-eq=2	
bench	bounded/cls-upto-8	byte	1/1	1/1	1/1	dfa	dfa	bytes-eq/end-eq=2	
bench	bounded/cls-upto-8192	byte	1/1	1/1	1/1	dfa	dfa	bytes-eq/end-eq=2	
bench	bounded/csv5	byte	2/3	2/3	2/3	dfa	dfa	bytes-eq/end-eq=6	
bench	bounded/ctx-greedy-256	byte	0/1	0/1	0/1	vm	vm	bytes-eq/end-eq=1	
bench	bounded/ctx-lazy-1024	byte	0/1	0/1	0/1	vm	vm	bytes-eq/end-eq=1	
bench	bounded/ctx-lazy-256	byte	0/1	0/1	0/1	vm	vm	bytes-eq/end-eq=1	
bench	bounded/ctx-lazy-64	byte	0/1	0/1	0/1	vm	vm	bytes-eq/end-eq=1	
bench	bounded/dig-exact-16	byte	1/1	1/1	1/1	dfa	dfa	bytes-eq/end-eq=2	
bench	bounded/dig-exact-2	byte	1/1	1/1	1/1	dfa	dfa	bytes-eq/end-eq=2	
bench	bounded/dig-exact-32	byte	1/1	1/1	1/1	dfa	dfa	bytes-eq/end-eq=2	
bench	bounded/dig-exact-8	byte	1/1	1/1	1/1	dfa	dfa	bytes-eq/end-eq=2	
bench	bounded/dig-upto-16	byte	1/1	1/1	1/1	dfa	dfa	bytes-eq/end-eq=2	
bench	bounded/dig-upto-2	byte	1/1	1/1	1/1	dfa	dfa	bytes-eq/end-eq=2	
bench	bounded/dig-upto-32	byte	1/1	1/1	1/1	dfa	dfa	bytes-eq/end-eq=2	
bench	bounded/dig-upto-4	byte	1/1	1/1	1/1	dfa	dfa	bytes-eq/end-eq=2	
bench	bounded/dig-upto-8	byte	1/1	1/1	1/1	dfa	dfa	bytes-eq/end-eq=2	
bench	bounded/dotted4	byte	2/3	2/3	2/3	dfa	dfa	bytes-eq/end-eq=6	
bench	bounded/floor	byte	0/0	0/0	0/0	dfa	dfa		
bench	bounded/grp-upto-1024	byte	1/1	1/1	1/1	dfa	dfa	bytes-eq/end-eq=2	
bench	bounded/hex32	byte	1/1	1/1	1/1	dfa	dfa	bytes-eq/end-eq=2	
bench	bounded/line-80	byte	1/1	1/1	1/1	dfa	dfa	bytes-eq/end-eq=2	
bench	bounded/nest2-4	byte	0/2	0/2	0/2	dfa	dfa	bytes-eq/end-eq=2	
bench	bounded/nest2-64	byte	0/2	0/2	0/2	dfa	dfa	bytes-eq/end-eq=2	
bench	bounded/nest2-letters-6	byte	0/2	0/2	0/2	dfa	dfa	bytes-eq/end-eq=2	
bench	bounded/nest3-16	byte	0/3	0/3	0/3	dfa	dfa	bytes-eq/end-eq=21	
bench	bounded/nest3-3	byte	0/3	0/3	0/3	dfa	dfa	bytes-eq/end-eq=3	
bench	bounded/pw-8-64	byte	1/1	1/1	1/1	dfa	dfa	bytes-eq/end-eq=2	
bench	bounded/year4	byte	1/1	1/1	1/1	dfa	dfa	bytes-eq/end-eq=2	
bench	capability/balanced-parens-rec	byte	0/1	0/1	0/1	vm	vm	bytes-eq/end-eq=1	
bench	capability/base10num-near-miss	byte	3/4	3/4	3/4	dfa	dfa	bytes-eq/end-eq=8	
bench	capability/bracket-array-define	byte	0/2	0/2	0/2	vm	vm	bytes-eq/end-eq=2	
bench	capability/codegrammar-flat	byte	3/3	3/3	3/3	vm	vm	bytes-eq/end-eq=6	
bench	capability/codegrammar-xflag	byte	3/3	3/3	3/3	vm	vm	bytes-eq/end-eq=6	
bench	capability/currency-lookbehind-fixed	byte	1/3	2/3	2/3	dfa	dfa	bytes-eq/end-eq=6	
bench	capability/date-nested-plus	byte	0/3	0/3	0/3	vm	vm	bytes-eq/end-eq=3	
bench	capability/doubled-word	byte	0/2	2/2	2/2	vm	vm	bytes-eq/end-eq=4	
bench	capability/dup-param-detect	byte	2/4	2/4	2/4	vm	vm	bytes-eq/end-eq=8	
bench	capability/email-local-nodup	byte	0/1	1/1	1/1	vm	vm	bytes-eq/end-eq=2	
bench	capability/email-nested-plus	byte	0/2	0/2	0/2	vm	vm	bytes-eq/end-eq=2	
bench	capability/evil-alt-nested	byte	0/3	0/3	0/3	vm	vm	bytes-eq/end-eq=3	
bench	capability/file-ext-order	byte	0/0	0/0	0/0	dfa	dfa		
bench	capability/float-literal-bound	byte	1/2	2/2	2/2	dfa	dfa	bytes-eq/end-eq=4	
bench	capability/floor-byte	byte	0/0	0/0	0/0	dfa	dfa		
bench	capability/high-byte-run	byte	1/1	1/1	1/1	dfa	dfa	bytes-eq/end-eq=2	
bench	capability/ipv4-near-miss	byte	0/3	0/3	0/3	dfa	dfa	bytes-eq/end-eq=3	
bench	capability/keyword-prefix-order	byte	0/0	0/0	0/0	dfa	dfa		
bench	capability/logparse-atomic-removed	byte	1/1	1/1	1/1	vm	vm	bytes-eq/end-eq=2	
bench	capability/logparse-atomic	byte	1/1	1/1	1/1	vm	vm	bytes-eq/end-eq=3	
bench	capability/mojibake-curly-quote	byte	1/1	1/1	1/1	dfa	dfa	bytes-eq/end-eq=2	
bench	capability/negation-scope-lookbehind-var	byte	None			refused	refused		pcrec: variable-length lookbehind is not implemented: every alternative of a lookbehind must have a fixed length (this o
bench	capability/nested-comment-rec	byte	0/1	0/1	0/1	vm	vm	bytes-eq/end-eq=1	
bench	capability/numeric-id-nested-plus	byte	0/2	0/2	0/2	vm	vm	bytes-eq/end-eq=2	
bench	capability/phone-list-nested-plus	byte	1/3	1/3	1/3	vm	vm	bytes-eq/end-eq=6	
bench	capability/phone-palindrome-6	byte	0/0	0/0	0/0	vm	vm		
bench	capability/pwd-strength-chain	byte	1/1	1/1	1/1	vm	vm	bytes-eq/end-eq=2	
bench	capability/quoted-delim-match	byte	0/1	0/1	0/1	vm	vm	bytes-eq/end-eq=1	
bench	capability/router-prefix-order	byte	0/0	0/0	0/0	dfa	dfa		
bench	capability/tag-depth3-bound	byte	1/6	1/6	1/6	vm	vm	bytes-eq/end-eq=12	
bench	capability/tag-pair-match	byte	2/5	2/5	2/5	vm	vm	bytes-eq/end-eq=10	
bench	capability/trim-nested-star	byte	0/2	0/2	0/2	vm	vm	bytes-eq/end-eq=2	
bench	capability/utf8-lead-no-cont	byte	0/0	0/0	0/0	dfa	dfa		
bench	capability/uuid-near-miss	byte	5/5	5/5	5/5	dfa	dfa	bytes-eq/end-eq=10	
bench	capability/wild-codegrammar-json-array-begin	byte	0/0	0/0	0/0	dfa	dfa		
bench	capability/wild-codegrammar-json-constant	byte	0/0	0/0	0/0	dfa	dfa		
bench	capability/wild-codegrammar-json-number-extended	byte	5/8	5/8	5/8	dfa	dfa	bytes-eq/end-eq=16	
bench	capability/wild-codegrammar-json-object-begin	byte	0/0	0/0	0/0	dfa	dfa		
bench	capability/wild-codegrammar-json-stringcontent-escape	byte	1/1	1/1	1/1	dfa	dfa	bytes-eq/end-eq=2	
bench	capability/wild-datetime-datefinder-alternation	byte	None			refused	refused		pcrec: pattern too large: 588530 bytes of emitted code (limit 500000), which gcc cannot compile in reasonable time. A re
bench	capability/wild-datetime-moment-iso8601	byte	5/12	5/12	5/12	vm	vm	bytes-eq/end-eq=24	
bench	capability/wild-logparse-base10num-grok	byte	4/5	4/5	4/5	vm	vm	bytes-eq/end-eq=15	
bench	capability/wild-logparse-base10num-noatomic	byte	4/5	4/5	4/5	dfa	dfa	bytes-eq/end-eq=10	
bench	capability/wild-logparse-quotedstring-grok	byte	0/6	0/6	0/6	vm	vm	bytes-eq/end-eq=12	
bench	capability/wild-logparse-quotedstring-noatomic	byte	0/6	0/6	0/6	dfa	dfa	bytes-eq/end-eq=6	
bench	capability/wild-logparse-syslogbase-expanded	byte	28/98	32/98	32/98	vm	vm	bytes-eq/end-eq=196	
bench	capability/wild-logparse-winpath-grok	byte	2/3	2/3	2/3	vm	vm	bytes-eq/end-eq=9	
bench	capability/wild-secrets-aws-access-key-id	byte	1/1	1/1	1/1	vm	vm	bytes-eq/end-eq=2	
bench	capability/wild-secrets-github-pat	byte	1/1	1/1	1/1	vm	vm	bytes-eq/end-eq=2	
bench	capability/wild-secrets-slack-webhook-url	byte	3/3	3/3	3/3	vm	vm	bytes-eq/end-eq=6	
bench	capability/wild-secrets-username-password-pair	byte	8/12	8/12	8/12	vm	vm	bytes-eq/end-eq=24	
bench	capability/wild-semdiv-altorder-foo-foobar-rustregex	byte	0/0	0/0	0/0	dfa	dfa		
bench	capability/wild-semdiv-dollar-trailing-newline-pcre2	byte	0/0	0/0	0/0	dfa	dfa		
bench	capability/wild-semdiv-empty-alt-repeat-pcre2	byte	0/1	0/1	0/1	vm	vm	bytes-eq/end-eq=1	
bench	capability/wild-validator-email-owasp	byte	3/6	3/6	3/6	dfa	dfa	bytes-eq/end-eq=12	
bench	capability/wild-validator-ipv4-owasp	byte	4/8	4/8	4/8	vm	vm	bytes-eq/end-eq=16	
bench	capability/wild-validator-us-zip-owasp	byte	2/3	2/3	2/3	vm	vm	bytes-eq/end-eq=6	
bench	capability/wild-validator-uuid-grok	byte	4/4	4/4	4/4	dfa	dfa	bytes-eq/end-eq=8	
bench	capability/wild-waf-crs-942140-dbnames	byte	1/4	1/4	1/4	dfa	dfa	bytes-eq/end-eq=8	
bench	capability/wild-waf-crs-942160-sleep-benchmark	byte	2/5	2/5	2/5	dfa	dfa	bytes-eq/end-eq=10	
bench	capability/wild-waf-crs-942270-union-select	byte	0/2	0/2	0/2	dfa	dfa	bytes-eq/end-eq=2	
bench	capability/wild-waf-crs-942360-concat-sqli	byte	26/32	26/32	26/32	dfa	dfa	bytes-eq/end-eq=64	
bench	capability/wild-waf-crs-942500-comment-obfuscation	byte	1/3	1/3	1/3	dfa	dfa	bytes-eq/end-eq=6	
bench	capability/winpath-near-miss	byte	1/3	1/3	1/3	dfa	dfa	bytes-eq/end-eq=6	
bench	email/factored	byte	1/15	1/15	1/15	dfa	dfa	bytes-eq/end-eq=30	
bench	email/floor	byte	0/0	0/0	0/0	dfa	dfa		
bench	email/orig	byte	4/16	4/16	4/16	dfa	dfa	bytes-eq/end-eq=32	
bench	litrun/alt-foo-tails	byte	0/0	0/0	0/0	dfa	dfa		
bench	litrun/ctrl-abc-dollar	byte	0/0	0/0	0/0	dfa	dfa		
bench	litrun/floor	byte	0/0	0/0	0/0	dfa	dfa		
bench	litrun/lit-l10	byte	0/0	0/0	0/0	dfa	dfa		
bench	litrun/lit-l16	byte	0/0	0/0	0/0	dfa	dfa		
bench	litrun/lit-l2	byte	0/0	0/0	0/0	dfa	dfa		
bench	litrun/lit-l3	byte	0/0	0/0	0/0	dfa	dfa		
bench	litrun/lit-l31	byte	0/0	0/0	0/0	dfa	dfa		
bench	litrun/lit-l4	byte	0/0	0/0	0/0	dfa	dfa		
bench	litrun/lit-l40	byte	0/0	0/0	0/0	dfa	dfa		
bench	litrun/lit-l7	byte	0/0	0/0	0/0	dfa	dfa		
bench	litrun/lit-l8	byte	0/0	0/0	0/0	dfa	dfa		
bench	litrun/wild-secrets-aws-access-key-id	byte	1/1	1/1	1/1	vm	vm	bytes-eq/end-eq=2	
bench	litrun/wild-secrets-github-pat	byte	1/1	1/1	1/1	vm	vm	bytes-eq/end-eq=2	
bench	loglines/bignum	byte	0/1	1/1	1/1	dfa	dfa	bytes-eq/end-eq=2	
bench	loglines/floor	byte	0/0	0/0	0/0	dfa	dfa		
bench	loglines/hex32-id	byte	1/1	1/1	1/1	dfa	dfa	bytes-eq/end-eq=2	
bench	loglines/http-5xx	byte	2/2	2/2	2/2	dfa	dfa	bytes-eq/end-eq=4	
bench	loglines/ipv4	byte	0/3	0/3	0/3	dfa	dfa	bytes-eq/end-eq=3	
bench	loglines/ipv6	byte	3/6	3/6	3/6	dfa	dfa	bytes-eq/end-eq=12	
bench	loglines/iso-ts	byte	10/12	10/12	10/12	dfa	dfa	bytes-eq/end-eq=24	
bench	loglines/kv-quoted	byte	2/2	2/2	2/2	dfa	dfa	bytes-eq/end-eq=4	
bench	loglines/level-context	byte	0/1	0/1	0/1	vm	vm	bytes-eq/end-eq=1	
bench	loglines/stack-frame	byte	3/5	3/5	3/5	dfa	dfa	bytes-eq/end-eq=10	
bench	loglines/uuid	byte	5/5	5/5	5/5	dfa	dfa	bytes-eq/end-eq=10	
bench	syntax/alt-nested	byte	0/0	0/0	0/0	dfa	dfa		
bench	syntax/alt-two	byte	0/0	0/0	0/0	dfa	dfa		
bench	syntax/anc-a-uc	byte	0/0	0/0	0/0	dfa	dfa		
bench	syntax/anc-caret	byte	0/0	0/0	0/0	dfa	dfa		
bench	syntax/anc-dollar	byte	0/0	0/0	0/0	dfa	dfa		
bench	syntax/anc-g-uc	byte	0/0	0/0	0/0	dfa	dfa		
bench	syntax/anc-m-caret	byte	0/0	0/0	0/0	dfa	dfa		
bench	syntax/anc-m-dollar	byte	0/0	0/0	0/0	dfa	dfa		
bench	syntax/anc-z-lc	byte	0/0	0/0	0/0	dfa	dfa		
bench	syntax/anc-z-uc	byte	0/0	0/0	0/0	dfa	dfa		
bench	syntax/asr-k-uc	byte	1/1	1/1	1/1	vm	vm	bytes-eq/end-eq=2	
bench	syntax/asr-nwb	byte	0/0	0/0	0/0	dfa	dfa		
bench	syntax/asr-wb	byte	0/0	0/0	0/0	dfa	dfa		
bench	syntax/bak-1	byte	1/1	1/1	1/1	vm	vm	bytes-eq/end-eq=2	
bench	syntax/bak-2	byte	0/0	0/0	0/0	vm	vm		
bench	syntax/bak-g-rel	byte	1/1	1/1	1/1	vm	vm	bytes-eq/end-eq=2	
bench	syntax/bak-k-named	byte	2/2	2/2	2/2	vm	vm	bytes-eq/end-eq=4	
bench	syntax/bak-py	byte	1/1	1/1	1/1	vm	vm	bytes-eq/end-eq=2	
bench	syntax/cls-d	byte	1/1	1/1	1/1	dfa	dfa	bytes-eq/end-eq=2	
bench	syntax/cls-dot	byte	0/0	0/0	0/0	dfa	dfa		
bench	syntax/cls-fold-pair	byte	0/0	0/0	0/0	dfa	dfa		
bench	syntax/cls-h	byte	2/2	2/2	2/2	dfa	dfa	bytes-eq/end-eq=4	
bench	syntax/cls-i-class	byte	0/0	0/0	0/0	dfa	dfa		
bench	syntax/cls-mixed-case	byte	0/0	0/0	0/0	dfa	dfa		
bench	syntax/cls-n-uc	byte	0/0	0/0	0/0	dfa	dfa		
bench	syntax/cls-negset	byte	0/0	0/0	0/0	dfa	dfa		
bench	syntax/cls-pair-ctl	byte	0/0	0/0	0/0	dfa	dfa		
bench	syntax/cls-posix	byte	1/1	1/1	1/1	dfa	dfa	bytes-eq/end-eq=2	
bench	syntax/cls-range	byte	1/1	1/1	1/1	dfa	dfa	bytes-eq/end-eq=2	
bench	syntax/cls-s-lc	byte	1/1	1/1	1/1	dfa	dfa	bytes-eq/end-eq=2	
bench	syntax/cls-s-uc	byte	1/2	1/2	1/2	dfa	dfa	bytes-eq/end-eq=4	
bench	syntax/cls-v	byte	1/1	1/1	1/1	dfa	dfa	bytes-eq/end-eq=2	
bench	syntax/cls-w	byte	1/1	1/1	1/1	dfa	dfa	bytes-eq/end-eq=2	
bench	syntax/cnd-group	byte	None			refused	refused		pcrec: module 'conditionals' is enabled but (?(...) is not implemented yet (pattern offset 8)
bench	syntax/esc-cr	byte	0/0	0/0	0/0	dfa	dfa		
bench	syntax/esc-ctrl	byte	None			refused	refused		pcrec: module 'misc' is enabled but \c is not implemented yet (pattern offset 4)
bench	syntax/esc-hex-braced	byte	0/0	0/0	0/0	dfa	dfa		
bench	syntax/esc-hex	byte	0/0	0/0	0/0	dfa	dfa		
bench	syntax/esc-nl	byte	0/0	0/0	0/0	dfa	dfa		
bench	syntax/esc-octal-0	byte	0/0	0/0	0/0	dfa	dfa		
bench	syntax/esc-octal-o	byte	None			refused	refused		pcrec: module 'misc' is enabled but \o is not implemented yet (pattern offset 0)
bench	syntax/esc-quote	byte	0/0	0/0	0/0	dfa	dfa		
bench	syntax/esc-tab	byte	0/0	0/0	0/0	dfa	dfa		
bench	syntax/floor	byte	0/0	0/0	0/0	dfa	dfa		
bench	syntax/grp-atomic-alt	byte	0/0	0/0	0/0	vm	vm		
bench	syntax/grp-atomic-rep	byte	1/1	1/1	1/1	dfa	dfa	bytes-eq/end-eq=4	
bench	syntax/grp-branch-reset	byte	None			refused	refused		pcrec: module 'branch-reset' is enabled but (?|...) is not implemented yet (pattern offset 0)
bench	syntax/grp-callout	byte	None			refused	refused		pcrec: module 'callouts' is enabled but (?C...) is not implemented yet (pattern offset 2)
bench	syntax/grp-cap	byte	0/0	0/0	0/0	vm	vm		
bench	syntax/grp-comment	byte	None			refused	refused		pcrec: module 'comments' is enabled but (?#...) is not implemented yet (pattern offset 2)
bench	syntax/grp-named-quote	byte	0/0	0/0	0/0	vm	vm		
bench	syntax/grp-named	byte	0/0	0/0	0/0	vm	vm		
bench	syntax/grp-noncap	byte	1/1	1/1	1/1	dfa	dfa	bytes-eq/end-eq=2	
bench	syntax/lit-cat	byte	0/0	0/0	0/0	dfa	dfa		
bench	syntax/lka-neg	byte	0/0	0/0	0/0	vm	vm		
bench	syntax/lka-nonatomic	byte	0/0	0/0	0/0	vm	vm		
bench	syntax/lka-pos	byte	0/0	0/0	0/0	vm	vm		
bench	syntax/lka-verb	byte	0/0	0/0	0/0	vm	vm		
bench	syntax/lkb-neg	byte	0/0	0/0	0/0	vm	vm		
bench	syntax/lkb-pos	byte	0/0	0/0	0/0	vm	vm		
bench	syntax/mod-a	byte	1/1	1/1	1/1	dfa	dfa	bytes-eq/end-eq=2	
bench	syntax/mod-i	byte	0/0	0/0	0/0	dfa	dfa		
bench	syntax/mod-j-uc	byte	1/1	1/1	1/1	vm	vm	bytes-eq/end-eq=2	
bench	syntax/mod-n	byte	0/0	0/0	0/0	dfa	dfa		
bench	syntax/mod-r	byte	0/0	0/0	0/0	dfa	dfa		
bench	syntax/mod-reset	byte	0/0	0/0	0/0	dfa	dfa		
bench	syntax/mod-s	byte	0/0	0/0	0/0	dfa	dfa		
bench	syntax/mod-u-uc	byte	0/1	0/1	0/1	dfa	dfa	bytes-eq/end-eq=1	
bench	syntax/mod-unset	byte	0/0	0/0	0/0	dfa	dfa		
bench	syntax/mod-x	byte	0/0	0/0	0/0	dfa	dfa		
bench	syntax/msc-c-uc	byte	None			refused	refused		pcrec: module 'misc' is enabled but \C is not implemented yet (pattern offset 1)
bench	syntax/msc-r-uc	byte	None			refused	refused		pcrec: module 'misc' is enabled but \R is not implemented yet (pattern offset 4)
bench	syntax/msc-x-uc	byte	None			refused	refused		pcrec: module 'misc' is enabled but \X is not implemented yet (pattern offset 1)
bench	syntax/qnt-lazy	byte	0/1	0/1	0/1	dfa	dfa	bytes-eq/end-eq=1	
bench	syntax/qnt-plus-ctl	byte	0/1	0/1	0/1	dfa	dfa	bytes-eq/end-eq=1	
bench	syntax/qnt-plus	byte	1/1	1/1	1/1	dfa	dfa	bytes-eq/end-eq=2	
bench	syntax/qnt-poss-brace	byte	1/1	1/1	1/1	dfa	dfa	bytes-eq/end-eq=4	
bench	syntax/qnt-poss-plus	byte	1/1	1/1	1/1	vm	vm	bytes-eq/end-eq=4	
bench	syntax/qnt-poss-quest	byte	1/1	1/1	1/1	vm	vm	bytes-eq/end-eq=4	
bench	syntax/qnt-poss-star	byte	1/1	1/1	1/1	dfa	dfa	bytes-eq/end-eq=4	
bench	syntax/qnt-quest	byte	1/1	1/1	1/1	dfa	dfa	bytes-eq/end-eq=2	
bench	syntax/qnt-star	byte	1/1	1/1	1/1	dfa	dfa	bytes-eq/end-eq=2	
bench	syntax/rec-1	byte	0/1	0/1	0/1	vm	vm	bytes-eq/end-eq=1	
bench	syntax/rec-back	byte	1/1	1/1	1/1	vm	vm	bytes-eq/end-eq=2	
bench	syntax/rec-define	byte	1/2	1/2	1/2	dfa	dfa	bytes-eq/end-eq=4	
bench	syntax/rec-fwd	byte	1/1	1/1	1/1	vm	vm	bytes-eq/end-eq=2	
bench	syntax/rec-g-angle	byte	1/1	1/1	1/1	vm	vm	bytes-eq/end-eq=2	
bench	syntax/rec-name	byte	0/1	0/1	0/1	vm	vm	bytes-eq/end-eq=1	
bench	syntax/rec-py	byte	1/1	1/1	1/1	vm	vm	bytes-eq/end-eq=2	
bench	syntax/rec-r-uc	byte	0/1	0/1	0/1	vm	vm	bytes-eq/end-eq=1	
bench	syntax/unp-p-lc	byte	1/1	1/1	1/1	dfa	dfa	bytes-eq/end-eq=2	
bench	syntax/unp-p-uc	byte	1/1	1/1	1/1	dfa	dfa	bytes-eq/end-eq=2	
bench	syntax/vrb-accept	byte	None			refused	refused		pcrec: (*...) requires module 'verbs' (pattern offset 4)
bench	syntax/vrb-skip	byte	None			refused	refused		pcrec: (*SKIP) is outside pcrec's scope and no module will implement it (see docs/pcre2_compliance.md) (pattern offset 2
bench	syntax/xcl-minus	byte	None			refused	refused		pcrec: module 'extended-classes' is enabled but (?[...) is not implemented yet (pattern offset 0)
bench	utf8/alt-cyr-64	utf8	0/0	0/0	0/0	dfa	dfa		
bench	utf8/alt-distinct-lead	utf8	0/0	0/0	0/0	dfa	dfa		
bench	utf8/alt-mixed-width	utf8	0/0	0/0	0/0	dfa	dfa		
bench	utf8/alt-nearmiss	utf8	0/0	0/0	0/0	dfa	dfa		
bench	utf8/alt-shared-char	utf8	0/0	0/0	0/0	dfa	dfa		
bench	utf8/alt-shared-lead	utf8	0/0	0/0	0/0	dfa	dfa		
bench	utf8/asr-a-z	utf8	0/0	0/0	0/0	dfa	dfa		
bench	utf8/asr-b-ascii	utf8	0/0	0/0	0/0	dfa	dfa		
bench	utf8/asr-b-cyr-ucp	utf8	None			refused	refused		pcrec: UCP \b is not built yet under encoding 'utf8': it reads the Unicode word set, which is not byte-expressible, and 
bench	utf8/asr-b-cyr	utf8	0/0	0/0	0/0	dfa	dfa		
bench	utf8/asr-b-midchar	utf8	0/0	0/0	0/0	dfa	dfa		
bench	utf8/asr-caret-ml	utf8	0/0	0/0	0/0	dfa	dfa		
bench	utf8/asr-dollar-ml	utf8	0/0	0/0	0/0	dfa	dfa		
bench	utf8/asr-lb-class	utf8	0/0	0/0	0/0	vm	vm		
bench	utf8/asr-lb-fixed	utf8	0/0	0/0	0/0	vm	vm		
bench	utf8/asr-lb-neg	utf8	0/0	0/0	0/0	vm	vm		
bench	utf8/asr-lb-varwidth	utf8	0/0	0/0	0/0	vm	vm		
bench	utf8/ci-ascii-control	utf8	0/0	0/0	0/0	dfa	dfa		
bench	utf8/ci-class-range	utf8	1/1	1/1	1/1	dfa	dfa	bytes-eq/end-eq=2	
bench	utf8/ci-e-acute	utf8	0/0	0/0	0/0	dfa	dfa		
bench	utf8/ci-greek-run	utf8	0/0	0/0	0/0	dfa	dfa		
bench	utf8/ci-kelvin	utf8	0/0	0/0	0/0	dfa	dfa		
bench	utf8/ci-long-s	utf8	0/0	0/0	0/0	dfa	dfa		
bench	utf8/ci-moskva	utf8	0/0	0/0	0/0	dfa	dfa		
bench	utf8/ci-neg-fold	utf8	0/0	0/0	0/0	dfa	dfa		
bench	utf8/ci-sigma	utf8	0/0	0/0	0/0	dfa	dfa		
bench	utf8/ci-strasse	utf8	0/0	0/0	0/0	dfa	dfa		
bench	utf8/ci-turkish-i	utf8	0/0	0/0	0/0	dfa	dfa		
bench	utf8/ci-ucp-invariance	utf8	0/0	0/0	0/0	dfa	dfa		
bench	utf8/cls-boundary-range	utf8	1/1	1/1	1/1	dfa	dfa	bytes-eq/end-eq=2	
bench	utf8/cls-d-ascii	utf8	1/1	1/1	1/1	dfa	dfa	bytes-eq/end-eq=2	
bench	utf8/cls-d-ucp	utf8	1/1	1/1	1/1	dfa	dfa	bytes-eq/end-eq=2	
bench	utf8/cls-dot-rep	utf8	1/1	1/1	1/1	dfa	dfa	bytes-eq/end-eq=2	
bench	utf8/cls-dot	utf8	0/0	0/0	0/0	dfa	dfa		
bench	utf8/cls-high-range	utf8	1/1	1/1	1/1	dfa	dfa	bytes-eq/end-eq=2	
bench	utf8/cls-lead-pair	utf8	1/1	1/1	1/1	dfa	dfa	bytes-eq/end-eq=2	
bench	utf8/cls-mixed	utf8	1/1	1/1	1/1	dfa	dfa	bytes-eq/end-eq=2	
bench	utf8/cls-neg-allhigh	utf8	1/1	1/1	1/1	dfa	dfa	bytes-eq/end-eq=2	
bench	utf8/cls-neg-cjk	utf8	1/1	1/1	1/1	dfa	dfa	bytes-eq/end-eq=2	
bench	utf8/cls-neg-single	utf8	0/0	0/0	0/0	dfa	dfa		
bench	utf8/cls-posix-alpha	utf8	1/1	1/1	1/1	dfa	dfa	bytes-eq/end-eq=2	
bench	utf8/cls-s-nbsp	utf8	0/0	0/0	0/0	dfa	dfa		
bench	utf8/cls-s-ucp	utf8	0/0	0/0	0/0	dfa	dfa		
bench	utf8/cls-w-ascii	utf8	1/1	1/1	1/1	dfa	dfa	bytes-eq/end-eq=2	
bench	utf8/cls-w-ucp	utf8	None			refused	refused		pcrec: UCP \w is a wide set (930 intervals) and is refused under encoding 'utf8' until a kit-sized class route exists ([
bench	utf8/floor	utf8	0/0	0/0	0/0	dfa	dfa		
bench	utf8/lit-1ch-2b	utf8	0/0	0/0	0/0	dfa	dfa		
bench	utf8/lit-1ch-3b	utf8	0/0	0/0	0/0	dfa	dfa		
bench	utf8/lit-1ch-4b	utf8	0/0	0/0	0/0	dfa	dfa		
bench	utf8/lit-anchored-run	utf8	0/0	0/0	0/0	dfa	dfa		
bench	utf8/lit-cyr-run	utf8	0/0	0/0	0/0	dfa	dfa		
bench	utf8/lit-mixed-ascii	utf8	0/0	0/0	0/0	dfa	dfa		
bench	utf8/lit-nearmiss-run	utf8	0/0	0/0	0/0	dfa	dfa		
bench	utf8/lit-nfc-pair	utf8	0/0	0/0	0/0	dfa	dfa		
bench	utf8/lit-offset-at-head	utf8	0/0	0/0	0/0	dfa	dfa		
bench	utf8/lit-offset-at-tail	utf8	0/0	0/0	0/0	dfa	dfa		
bench	utf8/lit-run-3	utf8	0/0	0/0	0/0	dfa	dfa		
bench	utf8/lit-sharp-s	utf8	0/0	0/0	0/0	dfa	dfa		
bench	utf8/prp-cyrillic	utf8	1/1	1/1	1/1	dfa	dfa	bytes-eq/end-eq=2	
bench	utf8/prp-greek-sc	utf8	0/0	0/0	0/0	dfa	dfa		
bench	utf8/prp-greek	utf8	0/0	0/0	0/0	dfa	dfa		
bench	utf8/prp-han	utf8	1/1	1/1	1/1	dfa	dfa	bytes-eq/end-eq=2	
bench	utf8/prp-ingreek	utf8	None			refused	refused		pcrec: module 'unicode-props' is enabled but \p{...}: this Unicode property is not implemented yet (pattern offset 11)
bench	utf8/prp-l-anchored	utf8	1/1	1/1	1/1	refused	refused	bytes-eq/end-eq=2	
bench	utf8/prp-l	utf8	1/1	1/1	1/1	dfa	dfa	bytes-eq/end-eq=2	
bench	utf8/prp-latin	utf8	1/1	1/1	1/1	dfa	dfa	bytes-eq/end-eq=2	
bench	utf8/prp-lu	utf8	0/0	0/0	0/0	dfa	dfa		
bench	utf8/prp-n	utf8	1/1	1/1	1/1	dfa	dfa	bytes-eq/end-eq=2	
bench	utf8/prp-notl	utf8	1/1	1/1	1/1	dfa	dfa	bytes-eq/end-eq=2	
bench	utf8/prp-zs	utf8	0/0	0/0	0/0	dfa	dfa		
bench	utf8/qnt-bounded-4b	utf8	1/1	1/1	1/1	dfa	dfa	bytes-eq/end-eq=2	
bench	utf8/qnt-class-run	utf8	1/1	1/1	1/1	dfa	dfa	bytes-eq/end-eq=2	
bench	utf8/qnt-counted-3b	utf8	1/1	1/1	1/1	dfa	dfa	bytes-eq/end-eq=2	
bench	utf8/qnt-dot-bounded	utf8	1/1	1/1	1/1	dfa	dfa	bytes-eq/end-eq=2	
bench	utf8/qnt-lazy-2b	utf8	0/1	0/1	0/1	dfa	dfa	bytes-eq/end-eq=1	
bench	utf8/qnt-plus-2b	utf8	1/1	1/1	1/1	dfa	dfa	bytes-eq/end-eq=2	
corpus	tests/altcls/altcls.rxt:10	byte	1/1	1/1	1/1	vm	vm	bytes-eq/end-eq=2	
corpus	tests/altcls/altcls.rxt:21	byte	0/0	0/0	0/0	vm	vm		
corpus	tests/altcls/altcls.rxt:29	byte	0/0	0/0	0/0	dfa	dfa		
corpus	tests/altcls/altcls.rxt:35	byte	0/0	0/0	0/0	dfa	dfa		
corpus	tests/altcls/altcls.rxt:43	byte	0/0	0/0	0/0	dfa	dfa		
corpus	tests/altcls/altcls.rxt:50	byte	0/0	0/0	0/0	dfa	dfa		
corpus	tests/altcls/altcls.rxt:56	byte	0/0	0/0	0/0	dfa	dfa		
corpus	tests/altcls/altcls.rxt:64	byte	0/0	0/0	0/0	dfa	dfa		
corpus	tests/altcls/altcls.rxt:74	byte	0/0	0/0	0/0	dfa	dfa		
corpus	tests/altcls/altcls.rxt:80	byte	0/0	0/0	0/0	dfa	dfa		
corpus	tests/altcls/altcls.rxt:86	byte	0/0	0/0	0/0	dfa	dfa		
corpus	tests/altcls/altcls.rxt:93	byte	0/0	0/0	0/0	dfa	dfa		
corpus	tests/altcls/altcls.rxt:102	byte	0/0	0/0	0/0	dfa	dfa		
corpus	tests/altcls/altcls.rxt:109	byte	0/0	0/0	0/0	vm	vm		
corpus	tests/altcls/altcls.rxt:117	byte	0/0	0/0	0/0	vm	vm		
corpus	tests/altcls/altcls.rxt:125	byte	0/0	0/0	0/0	vm	vm		
corpus	tests/altcls/altcls.rxt:147	byte	0/0	0/0	0/0	dfa	dfa		
corpus	tests/altcls/altcls.rxt:158	byte	0/0	0/0	0/0	dfa	dfa		
corpus	tests/altcls/altcls.rxt:170	byte	0/0	0/0	0/0	dfa	dfa		
corpus	tests/assertions/absolute.rxt:52	byte	0/0	0/0	0/0	dfa	dfa		
corpus	tests/assertions/absolute.rxt:77	byte	0/0	0/0	0/0	dfa	dfa		
corpus	tests/assertions/absolute.rxt:102	byte	0/0	0/0	0/0	dfa	dfa		
corpus	tests/assertions/absolute.rxt:145	byte	0/0	0/0	0/0	dfa	dfa		
corpus	tests/assertions/absolute.rxt:170	byte	0/0	0/0	0/0	dfa	dfa		
corpus	tests/assertions/absolute.rxt:196	byte	0/0	0/0	0/0	dfa	dfa		
corpus	tests/assertions/absolute.rxt:222	byte	0/0	0/0	0/0	dfa	dfa		
corpus	tests/assertions/absolute.rxt:255	byte	0/0	0/0	0/0	dfa	dfa		
corpus	tests/assertions/absolute.rxt:280	byte	0/0	0/0	0/0	dfa	dfa		
corpus	tests/assertions/absolute.rxt:305	byte	0/0	0/0	0/0	dfa	dfa		
corpus	tests/assertions/absolute.rxt:331	byte	0/0	0/0	0/0	dfa	dfa		
corpus	tests/assertions/absolute.rxt:356	byte	0/0	0/0	0/0	dfa	dfa		
corpus	tests/assertions/absolute.rxt:382	byte	0/0	0/0	0/0	dfa	dfa		
corpus	tests/assertions/absolute.rxt:407	byte	0/0	0/0	0/0	dfa	dfa		
corpus	tests/assertions/absolute.rxt:434	byte	0/0	0/0	0/0	dfa	dfa		
corpus	tests/assertions/absolute.rxt:466	byte	1/1	1/1	1/1	dfa	dfa	bytes-eq/end-eq=2	
corpus	tests/assertions/absolute.rxt:494	byte	1/1	1/1	1/1	dfa	dfa	bytes-eq/end-eq=2	
corpus	tests/assertions/absolute.rxt:521	byte	1/1	1/1	1/1	dfa	dfa	bytes-eq/end-eq=2	
corpus	tests/assertions/absolute.rxt:548	byte	1/1	1/1	1/1	dfa	dfa	bytes-eq/end-eq=2	
corpus	tests/assertions/absolute.rxt:575	byte	1/1	1/1	1/1	dfa	dfa	bytes-eq/end-eq=2	
corpus	tests/assertions/absolute.rxt:601	byte	1/1	1/1	1/1	dfa	dfa	bytes-eq/end-eq=2	
corpus	tests/assertions/absolute.rxt:626	byte	1/1	1/1	1/1	dfa	dfa	bytes-eq/end-eq=2	
corpus	tests/assertions/absolute.rxt:652	byte	1/1	1/1	1/1	dfa	dfa	bytes-eq/end-eq=2	
corpus	tests/assertions/absolute.rxt:684	byte	0/1	0/1	0/1	vm	vm	bytes-eq/end-eq=1	
corpus	tests/assertions/absolute.rxt:709	byte	0/1	0/1	0/1	vm	vm	bytes-eq/end-eq=1	
corpus	tests/assertions/absolute.rxt:735	byte	0/0	0/0	0/0	dfa	dfa		
corpus	tests/assertions/absolute.rxt:762	byte	0/0	0/0	0/0	dfa	dfa		
corpus	tests/assertions/absolute.rxt:788	byte	0/0	0/0	0/0	dfa	dfa		
corpus	tests/assertions/absolute.rxt:824	byte	None			refused	refused		pcrec: quantifier does not follow a repeatable item (pattern offset 2)
corpus	tests/assertions/absolute.rxt:828	byte	None			refused	refused		pcrec: quantifier does not follow a repeatable item (pattern offset 2)
corpus	tests/assertions/absolute.rxt:832	byte	None			refused	refused		pcrec: quantifier does not follow a repeatable item (pattern offset 2)
corpus	tests/assertions/absolute.rxt:836	byte	None			refused	refused		pcrec: quantifier does not follow a repeatable item (pattern offset 4)
corpus	tests/assertions/absolute.rxt:840	byte	None			refused	refused		pcrec: quantifier does not follow a repeatable item (pattern offset 2)
corpus	tests/assertions/absolute.rxt:844	byte	None			refused	refused		pcrec: quantifier does not follow a repeatable item (pattern offset 2)
corpus	tests/assertions/absolute.rxt:848	byte	None			refused	refused		pcrec: quantifier does not follow a repeatable item (pattern offset 2)
corpus	tests/assertions/absolute.rxt:852	byte	None			refused	refused		pcrec: quantifier does not follow a repeatable item (pattern offset 4)
corpus	tests/assertions/absolute.rxt:856	byte	None			refused	refused		pcrec: quantifier does not follow a repeatable item (pattern offset 2)
corpus	tests/assertions/absolute.rxt:860	byte	None			refused	refused		pcrec: quantifier does not follow a repeatable item (pattern offset 2)
corpus	tests/assertions/absolute.rxt:864	byte	None			refused	refused		pcrec: quantifier does not follow a repeatable item (pattern offset 2)
corpus	tests/assertions/absolute.rxt:868	byte	None			refused	refused		pcrec: quantifier does not follow a repeatable item (pattern offset 4)
corpus	tests/assertions/absolute.rxt:872	byte	None			refused	refused		pcrec: quantifier does not follow a repeatable item (pattern offset 3)
corpus	tests/assertions/absolute.rxt:876	byte	None			refused	refused		pcrec: quantifier does not follow a repeatable item (pattern offset 3)
corpus	tests/assertions/absolute.rxt:880	byte	None			refused	refused		pcrec: quantifier does not follow a repeatable item (pattern offset 3)
corpus	tests/assertions/absolute.rxt:886	byte	None			refused	refused		pcrec: \A is not valid inside a character class (pattern offset 1)
corpus	tests/assertions/absolute.rxt:890	byte	None			refused	refused		pcrec: \z is not valid inside a character class (pattern offset 1)
corpus	tests/assertions/absolute.rxt:894	byte	None			refused	refused		pcrec: \Z is not valid inside a character class (pattern offset 1)
corpus	tests/assertions/absolute.rxt:898	byte	None			refused	refused		pcrec: \A is not valid inside a character class (pattern offset 2)
corpus	tests/assertions/absolute.rxt:902	byte	None			refused	refused		pcrec: \A is not valid inside a character class (pattern offset 1)
corpus	tests/assertions/absolute.rxt:918	byte	1/1	1/1	1/1	dfa	dfa	bytes-eq/end-eq=2	
corpus	tests/assertions/absolute.rxt:947	byte	2/2	2/2	2/2	dfa	dfa	bytes-eq/end-eq=4	
corpus	tests/assertions/absolute.rxt:975	byte	0/0	0/0	0/0	dfa	dfa		
corpus	tests/assertions/absolute.rxt:1004	byte	0/0	0/0	0/0	dfa	dfa		
corpus	tests/assertions/absolute.rxt:1032	byte	0/0	0/0	0/0	dfa	dfa		
corpus	tests/assertions/absolute.rxt:1061	byte	1/1	1/1	1/1	dfa	dfa	bytes-eq/end-eq=2	
corpus	tests/assertions/absolute.rxt:1089	byte	1/1	1/1	1/1	dfa	dfa	bytes-eq/end-eq=2	
corpus	tests/assertions/absolute.rxt:1117	byte	1/1	1/1	1/1	dfa	dfa	bytes-eq/end-eq=2	
corpus	tests/assertions/absolute.rxt:1146	byte	1/1	1/1	1/1	dfa	dfa	bytes-eq/end-eq=2	
corpus	tests/assertions/d27/anchors_abs.rxt:15	byte	0/0	0/0	0/0	dfa	dfa		
corpus	tests/assertions/d27/anchors_abs.rxt:25	byte	0/0	0/0	0/0	vm	vm		
corpus	tests/assertions/d27/anchors_abs.rxt:36	byte	1/1	1/1	1/1	dfa	dfa	bytes-eq/end-eq=2	
corpus	tests/assertions/d27/anchors_abs.rxt:42	byte	1/1	1/1	1/1	vm	vm	bytes-eq/end-eq=2	
corpus	tests/assertions/d27/anchors_abs.rxt:51	byte	0/0	0/0	0/0	dfa	dfa		
corpus	tests/assertions/d27/anchors_abs.rxt:57	byte	0/0	0/0	0/0	dfa	dfa		
corpus	tests/assertions/d27/anchors_abs.rxt:63	byte	0/0	0/0	0/0	dfa	dfa		
corpus	tests/assertions/d27/anchors_abs.rxt:68	byte	0/0	0/0	0/0	dfa	dfa		
corpus	tests/assertions/d27/anchors_abs.rxt:77	byte	1/1	1/1	1/1	vm	vm	bytes-eq/end-eq=2	
corpus	tests/assertions/d27/anchors_abs.rxt:114	byte	0/0	0/0	0/0	dfa	dfa		
corpus	tests/assertions/d27/anchors_abs.rxt:146	byte	0/0	0/0	0/0	dfa	dfa		
corpus	tests/assertions/d27/composition.rxt:7	byte	0/0	0/0	0/0	dfa	dfa		
corpus	tests/assertions/d27/composition.rxt:14	byte	0/0	0/0	0/0	dfa	dfa		
corpus	tests/assertions/d27/composition.rxt:20	byte	0/0	0/0	0/0	vm	vm		
corpus	tests/assertions/d27/composition.rxt:25	byte	0/0	0/0	0/0	vm	vm		
corpus	tests/assertions/d27/composition.rxt:30	byte	1/1	1/1	1/1	vm	vm	bytes-eq/end-eq=2	
corpus	tests/assertions/d27/composition.rxt:37	byte	0/0	0/0	0/0	dfa	dfa		
corpus	tests/assertions/d27/composition.rxt:45	byte	0/0	0/0	0/0	dfa	dfa		
corpus	tests/assertions/d27/gating.rxt:27	byte	0/0	0/0	0/0	dfa	dfa		
corpus	tests/assertions/d27/gating.rxt:42	byte	0/0	0/0	0/0	dfa	dfa		
corpus	tests/assertions/d27/gating.rxt:47	byte	0/0	0/0	0/0	dfa	dfa		
corpus	tests/assertions/d27/gating.rxt:52	byte	0/0	0/0	0/0	dfa	dfa		
corpus	tests/assertions/d27/gating.rxt:57	byte	0/0	0/0	0/0	vm	vm		
corpus	tests/assertions/d27/gating.rxt:110	byte	0/0	0/0	0/0	dfa	dfa		
corpus	tests/assertions/d27/gating.rxt:115	byte	0/0	0/0	0/0	dfa	dfa		
corpus	tests/assertions/d27/gating.rxt:125	byte	0/0	0/0	0/0	dfa	dfa		
corpus	tests/assertions/d27/gating.rxt:135	byte	0/0	0/0	0/0	vm	vm		
corpus	tests/assertions/d27/gating.rxt:143	byte	0/0	0/0	0/0	dfa	dfa		
corpus	tests/assertions/d27/gstart.rxt:15	byte	0/0	0/0	0/0	dfa	dfa		
corpus	tests/assertions/d27/gstart.rxt:23	byte	0/0	0/0	0/0	dfa	dfa		
corpus	tests/assertions/d27/gstart.rxt:31	byte	0/0	0/0	0/0	vm	vm		
corpus	tests/assertions/d27/gstart.rxt:40	byte	1/1	1/1	1/1	dfa	dfa	bytes-eq/end-eq=2	
corpus	tests/assertions/d27/gstart.rxt:46	byte	1/1	1/1	1/1	dfa	dfa	bytes-eq/end-eq=2	
corpus	tests/assertions/d27/gstart.rxt:52	byte	0/0	0/0	0/0	vm	vm		
corpus	tests/assertions/d27/gstart.rxt:65	byte	0/0	0/0	0/0	dfa	dfa		
corpus	tests/assertions/d27/kreset.rxt:13	byte	0/0	0/0	0/0	vm	vm		
corpus	tests/assertions/d27/kreset.rxt:19	byte	0/0	0/0	0/0	vm	vm		
corpus	tests/assertions/d27/kreset.rxt:25	byte	0/0	0/0	0/0	vm	vm		
corpus	tests/assertions/d27/kreset.rxt:31	byte	0/0	0/0	0/0	vm	vm		
corpus	tests/assertions/d27/kreset.rxt:36	byte	0/0	0/0	0/0	vm	vm		
corpus	tests/assertions/d27/kreset.rxt:44	byte	1/1	1/1	1/1	vm	vm	bytes-eq/end-eq=2	
corpus	tests/assertions/d27/kreset.rxt:58	byte	1/1	1/1	1/1	vm	vm	bytes-eq/end-eq=2	
corpus	tests/assertions/d27/kreset.rxt:63	byte	0/0	0/0	0/0	vm	vm		
corpus	tests/assertions/d27/kreset.rxt:69	byte	0/0	0/0	0/0	vm	vm		
corpus	tests/assertions/d27/kreset.rxt:93	byte	0/0	0/0	0/0	vm	vm		
corpus	tests/assertions/d27/multiline.rxt:23	byte	0/0	0/0	0/0	dfa	dfa		
corpus	tests/assertions/d27/multiline.rxt:29	byte	0/0	0/0	0/0	dfa	dfa		
corpus	tests/assertions/d27/multiline.rxt:34	byte	0/0	0/0	0/0	dfa	dfa		
corpus	tests/assertions/d27/multiline.rxt:40	byte	0/0	0/0	0/0	dfa	dfa		
corpus	tests/assertions/d27/multiline.rxt:59	byte	0/0	0/0	0/0	dfa	dfa		
corpus	tests/assertions/d27/multiline.rxt:67	byte	0/0	0/0	0/0	dfa	dfa		
corpus	tests/assertions/d27/multiline.rxt:72	byte	0/0	0/0	0/0	dfa	dfa		
corpus	tests/assertions/d27/multiline.rxt:78	byte	0/0	0/0	0/0	dfa	dfa		
corpus	tests/assertions/d27/multiline.rxt:83	byte	0/0	0/0	0/0	vm	vm		
corpus	tests/assertions/d27/multiline.rxt:91	byte	0/1	0/1	0/1	dfa	dfa	bytes-eq/end-eq=1	
corpus	tests/assertions/d27/multiline.rxt:96	byte	0/0	0/0	0/0	dfa	dfa		
corpus	tests/assertions/d27/multiline.rxt:101	byte	0/0	0/0	0/0	dfa	dfa		
corpus	tests/assertions/d27/multiline.rxt:106	byte	0/0	0/0	0/0	dfa	dfa		
corpus	tests/assertions/d27/multiline.rxt:112	byte	0/0	0/0	0/0	dfa	dfa		
corpus	tests/assertions/d27/syntax_errors.rxt:30	byte	None			refused	refused		pcrec: quantifier does not follow a repeatable item (pattern offset 6)
corpus	tests/assertions/d27/syntax_errors.rxt:34	byte	None			refused	refused		pcrec: quantifier does not follow a repeatable item (pattern offset 2)
corpus	tests/assertions/d27/syntax_errors.rxt:51	byte	None			refused	refused		pcrec: quantifier does not follow a repeatable item (pattern offset 6)
corpus	tests/assertions/d27/syntax_errors.rxt:55	byte	None			refused	refused		pcrec: quantifier does not follow a repeatable item (pattern offset 2)
corpus	tests/assertions/d27/syntax_errors.rxt:72	byte	None			refused	refused		pcrec: quantifier does not follow a repeatable item (pattern offset 6)
corpus	tests/assertions/d27/syntax_errors.rxt:76	byte	None			refused	refused		pcrec: quantifier does not follow a repeatable item (pattern offset 2)
corpus	tests/assertions/d27/syntax_errors.rxt:81	byte	None			refused	refused		pcrec: quantifier does not follow a repeatable item (pattern offset 2)
corpus	tests/assertions/d27/syntax_errors.rxt:85	byte	None			refused	refused		pcrec: quantifier does not follow a repeatable item (pattern offset 2)
corpus	tests/assertions/d27/syntax_errors.rxt:89	byte	None			refused	refused		pcrec: quantifier does not follow a repeatable item (pattern offset 2)
corpus	tests/assertions/d27/syntax_errors.rxt:93	byte	None			refused	refused		pcrec: quantifier does not follow a repeatable item (pattern offset 6)
corpus	tests/assertions/d27/syntax_errors.rxt:97	byte	None			refused	refused		pcrec: quantifier does not follow a repeatable item (pattern offset 2)
corpus	tests/assertions/d27/syntax_errors.rxt:102	byte	None			refused	refused		pcrec: quantifier does not follow a repeatable item (pattern offset 2)
corpus	tests/assertions/d27/syntax_errors.rxt:106	byte	None			refused	refused		pcrec: quantifier does not follow a repeatable item (pattern offset 2)
corpus	tests/assertions/d27/syntax_errors.rxt:110	byte	None			refused	refused		pcrec: quantifier does not follow a repeatable item (pattern offset 2)
corpus	tests/assertions/d27/syntax_errors.rxt:114	byte	None			refused	refused		pcrec: quantifier does not follow a repeatable item (pattern offset 6)
corpus	tests/assertions/d27/syntax_errors.rxt:118	byte	None			refused	refused		pcrec: quantifier does not follow a repeatable item (pattern offset 2)
corpus	tests/assertions/d27/syntax_errors.rxt:123	byte	None			refused	refused		pcrec: quantifier does not follow a repeatable item (pattern offset 2)
corpus	tests/assertions/d27/syntax_errors.rxt:127	byte	None			refused	refused		pcrec: quantifier does not follow a repeatable item (pattern offset 2)
corpus	tests/assertions/d27/syntax_errors.rxt:131	byte	None			refused	refused		pcrec: quantifier does not follow a repeatable item (pattern offset 2)
corpus	tests/assertions/d27/syntax_errors.rxt:135	byte	None			refused	refused		pcrec: quantifier does not follow a repeatable item (pattern offset 6)
corpus	tests/assertions/d27/syntax_errors.rxt:139	byte	None			refused	refused		pcrec: quantifier does not follow a repeatable item (pattern offset 2)
corpus	tests/assertions/d27/syntax_errors.rxt:144	byte	None			refused	refused		pcrec: quantifier does not follow a repeatable item (pattern offset 2)
corpus	tests/assertions/d27/syntax_errors.rxt:148	byte	None			refused	refused		pcrec: quantifier does not follow a repeatable item (pattern offset 2)
corpus	tests/assertions/d27/syntax_errors.rxt:152	byte	None			refused	refused		pcrec: quantifier does not follow a repeatable item (pattern offset 2)
corpus	tests/assertions/d27/syntax_errors.rxt:156	byte	None			refused	refused		pcrec: quantifier does not follow a repeatable item (pattern offset 6)
corpus	tests/assertions/d27/syntax_errors.rxt:160	byte	None			refused	refused		pcrec: quantifier does not follow a repeatable item (pattern offset 2)
corpus	tests/assertions/d27/syntax_errors.rxt:165	byte	None			refused	refused		pcrec: quantifier does not follow a repeatable item (pattern offset 4)
corpus	tests/assertions/d27/syntax_errors.rxt:170	byte	None			refused	refused		pcrec: \K is not allowed inside a lookaround (pattern offset 0)
corpus	tests/assertions/d27/word_boundary.rxt:11	byte	0/0	0/0	0/0	dfa	dfa		
corpus	tests/assertions/d27/word_boundary.rxt:22	byte	0/0	0/0	0/0	dfa	dfa		
corpus	tests/assertions/d27/word_boundary.rxt:30	byte	0/0	0/0	0/0	dfa	dfa		
corpus	tests/assertions/d27/word_boundary.rxt:45	byte	0/1	1/1	1/1	dfa	dfa	bytes-eq/end-eq=2	
corpus	tests/assertions/d27/word_boundary.rxt:51	byte	0/0	0/0	0/0	vm	vm		
corpus	tests/assertions/d27/word_boundary.rxt:58	byte	1/1	1/1	1/1	vm	vm	bytes-eq/end-eq=2	
corpus	tests/assertions/d27/word_boundary.rxt:66	byte	0/0	0/0	0/0	dfa	dfa		
corpus	tests/assertions/d27/word_boundary.rxt:72	byte	0/0	0/0	0/0	dfa	dfa		
corpus	tests/assertions/d27/word_boundary.rxt:77	byte	0/0	0/0	0/0	dfa	dfa		
corpus	tests/assertions/d27/word_boundary.rxt:91	byte	0/0	0/0	0/0	dfa	dfa		
corpus	tests/assertions/end_window.rxt:47	byte	0/0	0/0	0/0	dfa	dfa		
corpus	tests/assertions/end_window.rxt:96	byte	0/0	0/0	0/0	dfa	dfa		
corpus	tests/assertions/end_window.rxt:111	byte	0/0	0/0	0/0	dfa	dfa		
corpus	tests/assertions/end_window.rxt:125	byte	1/1	1/1	1/1	dfa	dfa	bytes-eq/end-eq=2	
corpus	tests/assertions/end_window.rxt:139	byte	1/1	1/1	1/1	dfa	dfa	bytes-eq/end-eq=2	
corpus	tests/assertions/end_window.rxt:156	byte	0/0	0/0	0/0	dfa	dfa		
corpus	tests/assertions/end_window.rxt:178	byte	0/0	0/0	0/0	dfa	dfa		
corpus	tests/assertions/end_window.rxt:195	byte	0/0	0/0	0/0	dfa	dfa		
corpus	tests/assertions/end_window.rxt:211	byte	0/0	0/0	0/0	dfa	dfa		
corpus	tests/assertions/end_window.rxt:227	byte	0/0	0/0	0/0	vm	vm		
corpus	tests/assertions/gate.rxt:66	byte	1/1	1/1	1/1	dfa	dfa	bytes-eq/end-eq=2	
corpus	tests/assertions/gate.rxt:88	byte	0/1	0/1	0/1	dfa	dfa	bytes-eq/end-eq=1	
corpus	tests/assertions/gate.rxt:110	byte	1/1	1/1	1/1	dfa	dfa	bytes-eq/end-eq=2	
corpus	tests/assertions/gate.rxt:132	byte	1/1	1/1	1/1	dfa	dfa	bytes-eq/end-eq=2	
corpus	tests/assertions/gate.rxt:164	byte	1/1	1/1	1/1	dfa	dfa	bytes-eq/end-eq=2	
corpus	tests/assertions/gate.rxt:208	byte	0/1	0/1	0/1	dfa	dfa	bytes-eq/end-eq=1	
corpus	tests/assertions/gate.rxt:230	byte	1/1	1/1	1/1	dfa	dfa	bytes-eq/end-eq=2	
corpus	tests/assertions/gate.rxt:252	byte	1/1	1/1	1/1	dfa	dfa	bytes-eq/end-eq=2	
corpus	tests/assertions/gate.rxt:283	byte	1/1	1/1	1/1	dfa	dfa	bytes-eq/end-eq=2	
corpus	tests/assertions/gate.rxt:329	byte	1/1	1/1	1/1	dfa	dfa	bytes-eq/end-eq=2	
corpus	tests/assertions/gate.rxt:360	byte	0/1	0/1	0/1	dfa	dfa	bytes-eq/end-eq=1	
corpus	tests/assertions/gate.rxt:382	byte	1/1	1/1	1/1	dfa	dfa	bytes-eq/end-eq=2	
corpus	tests/assertions/gate.rxt:404	byte	1/1	1/1	1/1	dfa	dfa	bytes-eq/end-eq=2	
corpus	tests/assertions/gpos.rxt:66	byte	0/0	0/0	0/0	dfa	dfa		
corpus	tests/assertions/gpos.rxt:90	byte	0/0	0/0	0/0	dfa	dfa		
corpus	tests/assertions/gpos.rxt:140	byte	1/1	1/1	1/1	dfa	dfa	bytes-eq/end-eq=2	
corpus	tests/assertions/gpos.rxt:158	byte	0/0	0/0	0/0	dfa	dfa		
corpus	tests/assertions/gpos.rxt:186	byte	0/0	0/0	0/0	dfa	dfa		
corpus	tests/assertions/gpos.rxt:206	byte	0/0	0/0	0/0	dfa	dfa		
corpus	tests/assertions/gpos.rxt:219	byte	0/0	0/0	0/0	dfa	dfa		
corpus	tests/assertions/gpos.rxt:268	byte	0/0	0/0	0/0	dfa	dfa		
corpus	tests/assertions/gpos.rxt:294	byte	0/0	0/0	0/0	dfa	dfa		
corpus	tests/assertions/gpos.rxt:308	byte	0/0	0/0	0/0	dfa	dfa		
corpus	tests/assertions/gpos.rxt:324	byte	0/0	0/0	0/0	dfa	dfa		
corpus	tests/assertions/gpos.rxt:344	byte	0/0	0/0	0/0	dfa	dfa		
corpus	tests/assertions/gpos.rxt:359	byte	0/0	0/0	0/0	dfa	dfa		
corpus	tests/assertions/gpos.rxt:391	byte	0/0	0/0	0/0	dfa	dfa		
corpus	tests/assertions/gpos.rxt:403	byte	0/0	0/0	0/0	dfa	dfa		
corpus	tests/assertions/gpos.rxt:410	byte	0/0	0/0	0/0	dfa	dfa		
corpus	tests/assertions/gpos.rxt:425	byte	0/0	0/0	0/0	dfa	dfa		
corpus	tests/assertions/gpos.rxt:453	byte	0/0	0/0	0/0	dfa	dfa		
corpus	tests/assertions/gpos.rxt:470	byte	0/0	0/0	0/0	dfa	dfa		
corpus	tests/assertions/gpos.rxt:490	byte	0/1	0/1	0/1	vm	vm	bytes-eq/end-eq=1	
corpus	tests/assertions/gpos.rxt:497	byte	0/0	0/0	0/0	dfa	dfa		
corpus	tests/assertions/gpos.rxt:507	byte	1/1	1/1	1/1	dfa	dfa	bytes-eq/end-eq=2	
corpus	tests/assertions/gpos.rxt:522	byte	0/0	0/0	0/0	vm	vm		
corpus	tests/assertions/gpos.rxt:554	byte	None			refused	refused		pcrec: quantifier does not follow a repeatable item (pattern offset 4)
corpus	tests/assertions/gpos.rxt:559	byte	None			refused	refused		pcrec: quantifier does not follow a repeatable item (pattern offset 3)
corpus	tests/assertions/gpos.rxt:564	byte	None			refused	refused		pcrec: \G is not valid inside a character class (pattern offset 1)
corpus	tests/assertions/gpos.rxt:593	byte	0/2	0/2	0/2	vm	vm	bytes-eq/end-eq=2	
corpus	tests/assertions/gpos.rxt:610	byte	0/2	0/2	0/2	vm	vm	bytes-eq/end-eq=2	
corpus	tests/assertions/gpos.rxt:625	byte	0/2	0/2	0/2	vm	vm	bytes-eq/end-eq=2	
corpus	tests/assertions/gpos.rxt:676	byte	0/1	0/1	0/1	dfa	dfa	bytes-eq/end-eq=1	
corpus	tests/assertions/gpos.rxt:682	byte	0/1	0/1	0/1	dfa	dfa	bytes-eq/end-eq=1	
corpus	tests/assertions/gpos.rxt:688	byte	0/1	0/1	0/1	dfa	dfa	bytes-eq/end-eq=1	
corpus	tests/assertions/gpos.rxt:695	byte	0/1	0/1	0/1	dfa	dfa	bytes-eq/end-eq=1	
corpus	tests/assertions/gpos.rxt:701	byte	0/1	0/1	0/1	vm	vm	bytes-eq/end-eq=1	
corpus	tests/assertions/gpos.rxt:707	byte	0/1	0/1	0/1	vm	vm	bytes-eq/end-eq=1	
corpus	tests/assertions/gpos.rxt:714	byte	0/1	0/1	0/1	vm	vm	bytes-eq/end-eq=1	
corpus	tests/assertions/kreset.rxt:85	byte	0/0	0/0	0/0	vm	vm		
corpus	tests/assertions/kreset.rxt:101	byte	0/0	0/0	0/0	vm	vm		
corpus	tests/assertions/kreset.rxt:149	byte	0/0	0/0	0/0	vm	vm		
corpus	tests/assertions/kreset.rxt:194	byte	0/0	0/0	0/0	vm	vm		
corpus	tests/assertions/kreset.rxt:205	byte	0/0	0/0	0/0	vm	vm		
corpus	tests/assertions/kreset.rxt:232	byte	0/0	0/0	0/0	vm	vm		
corpus	tests/assertions/kreset.rxt:252	byte	0/0	0/0	0/0	vm	vm		
corpus	tests/assertions/kreset.rxt:267	byte	0/0	0/0	0/0	vm	vm		
corpus	tests/assertions/kreset.rxt:285	byte	0/0	0/0	0/0	vm	vm		
corpus	tests/assertions/kreset.rxt:303	byte	0/0	0/0	0/0	vm	vm		
corpus	tests/assertions/kreset.rxt:337	byte	0/1	0/1	0/1	vm	vm	bytes-eq/end-eq=1	
corpus	tests/assertions/kreset.rxt:359	byte	1/1	1/1	1/1	vm	vm	bytes-eq/end-eq=2	
corpus	tests/assertions/kreset.rxt:379	byte	1/1	1/1	1/1	vm	vm	bytes-eq/end-eq=2	
corpus	tests/assertions/kreset.rxt:402	byte	1/1	1/1	1/1	vm	vm	bytes-eq/end-eq=2	
corpus	tests/assertions/kreset.rxt:418	byte	1/1	1/1	1/1	vm	vm	bytes-eq/end-eq=2	
corpus	tests/assertions/kreset.rxt:450	byte	1/1	1/1	1/1	vm	vm	bytes-eq/end-eq=2	
corpus	tests/assertions/kreset.rxt:466	byte	1/1	1/1	1/1	vm	vm	bytes-eq/end-eq=2	
corpus	tests/assertions/kreset.rxt:475	byte	1/1	1/1	1/1	vm	vm	bytes-eq/end-eq=2	
corpus	tests/assertions/kreset.rxt:507	byte	1/1	1/1	1/1	vm	vm	bytes-eq/end-eq=2	
corpus	tests/assertions/kreset.rxt:527	byte	1/1	1/1	1/1	vm	vm	bytes-eq/end-eq=2	
corpus	tests/assertions/kreset.rxt:541	byte	1/1	1/1	1/1	vm	vm	bytes-eq/end-eq=2	
corpus	tests/assertions/kreset.rxt:572	byte	0/0	0/0	0/0	vm	vm		
corpus	tests/assertions/kreset.rxt:592	byte	0/0	0/0	0/0	vm	vm		
corpus	tests/assertions/kreset.rxt:609	byte	0/0	0/0	0/0	vm	vm		
corpus	tests/assertions/kreset.rxt:629	byte	1/1	1/1	1/1	vm	vm	bytes-eq/end-eq=2	
corpus	tests/assertions/kreset.rxt:657	byte	0/0	0/0	0/0	vm	vm		
corpus	tests/assertions/kreset.rxt:694	byte	0/0	0/0	0/0	vm	vm		
corpus	tests/assertions/kreset.rxt:705	byte	0/0	0/0	0/0	vm	vm		
corpus	tests/assertions/kreset.rxt:720	byte	0/0	0/0	0/0	vm	vm		
corpus	tests/assertions/kreset.rxt:735	byte	0/0	0/0	0/0	vm	vm		
corpus	tests/assertions/kreset.rxt:750	byte	0/0	0/0	0/0	vm	vm		
corpus	tests/assertions/kreset.rxt:766	byte	0/0	0/0	0/0	vm	vm		
corpus	tests/assertions/kreset.rxt:793	byte	0/0	0/0	0/0	vm	vm		
corpus	tests/assertions/kreset.rxt:809	byte	0/0	0/0	0/0	vm	vm		
corpus	tests/assertions/kreset.rxt:827	byte	0/0	0/0	0/0	vm	vm		
corpus	tests/assertions/kreset.rxt:857	byte	1/1	1/1	1/1	vm	vm	bytes-eq/end-eq=2	
corpus	tests/assertions/kreset.rxt:879	byte	1/1	1/1	1/1	vm	vm	bytes-eq/end-eq=2	
corpus	tests/assertions/kreset.rxt:896	byte	1/2	1/2	1/2	vm	vm	bytes-eq/end-eq=4	
corpus	tests/assertions/kreset.rxt:916	byte	1/1	1/1	1/1	vm	vm	bytes-eq/end-eq=2	
corpus	tests/assertions/kreset.rxt:961	byte	0/1	0/1	0/1	vm	vm	bytes-eq/end-eq=1	
corpus	tests/assertions/kreset.rxt:972	byte	1/1	1/1	1/1	vm	vm	bytes-eq/end-eq=2	
corpus	tests/assertions/kreset.rxt:980	byte	1/1	1/1	1/1	vm	vm	bytes-eq/end-eq=2	
corpus	tests/assertions/kreset.rxt:1000	byte	0/1	0/1	0/1	vm	vm	bytes-eq/end-eq=1	
corpus	tests/assertions/kreset.rxt:1019	byte	None			refused	refused		pcrec: quantifier does not follow a repeatable item (pattern offset 4)
corpus	tests/assertions/kreset.rxt:1023	byte	None			refused	refused		pcrec: quantifier does not follow a repeatable item (pattern offset 3)
corpus	tests/assertions/kreset.rxt:1027	byte	None			refused	refused		pcrec: \K is not valid inside a character class (pattern offset 1)
corpus	tests/assertions/multiline.rxt:57	byte	0/0	0/0	0/0	dfa	dfa		
corpus	tests/assertions/multiline.rxt:77	byte	0/0	0/0	0/0	dfa	dfa		
corpus	tests/assertions/multiline.rxt:123	byte	0/0	0/0	0/0	dfa	dfa		
corpus	tests/assertions/multiline.rxt:151	byte	0/0	0/0	0/0	dfa	dfa		
corpus	tests/assertions/multiline.rxt:180	byte	0/0	0/0	0/0	dfa	dfa		
corpus	tests/assertions/multiline.rxt:208	byte	0/0	0/0	0/0	dfa	dfa		
corpus	tests/assertions/multiline.rxt:236	byte	0/0	0/0	0/0	dfa	dfa		
corpus	tests/assertions/multiline.rxt:322	byte	0/0	0/0	0/0	dfa	dfa		
corpus	tests/assertions/multiline.rxt:350	byte	0/0	0/0	0/0	dfa	dfa		
corpus	tests/assertions/multiline.rxt:486	byte	1/1	1/1	1/1	dfa	dfa	bytes-eq/end-eq=2	
corpus	tests/assertions/multiline.rxt:693	byte	0/1	0/1	0/1	dfa	dfa	bytes-eq/end-eq=1	
corpus	tests/assertions/multiline.rxt:871	byte	0/1	0/1	0/1	dfa	dfa	bytes-eq/end-eq=1	
corpus	tests/assertions/multiline.rxt:919	byte	0/1	0/1	0/1	dfa	dfa	bytes-eq/end-eq=1	
corpus	tests/assertions/multiline.rxt:967	byte	0/1	0/1	0/1	dfa	dfa	bytes-eq/end-eq=1	
corpus	tests/assertions/multiline.rxt:1015	byte	0/1	0/1	0/1	dfa	dfa	bytes-eq/end-eq=1	
corpus	tests/assertions/multiline.rxt:1063	byte	0/1	0/1	0/1	dfa	dfa	bytes-eq/end-eq=1	
corpus	tests/assertions/multiline.rxt:1161	byte	1/1	1/1	1/1	dfa	dfa	bytes-eq/end-eq=2	
corpus	tests/assertions/multiline.rxt:1223	byte	0/1	0/1	0/1	dfa	dfa	bytes-eq/end-eq=1	
corpus	tests/assertions/multiline.rxt:1254	byte	0/1	0/1	0/1	dfa	dfa	bytes-eq/end-eq=1	
corpus	tests/assertions/multiline.rxt:1285	byte	0/1	0/1	0/1	dfa	dfa	bytes-eq/end-eq=1	
corpus	tests/assertions/multiline.rxt:1316	byte	0/1	0/1	0/1	dfa	dfa	bytes-eq/end-eq=1	
corpus	tests/assertions/multiline.rxt:1347	byte	0/1	0/1	0/1	dfa	dfa	bytes-eq/end-eq=1	
corpus	tests/assertions/multiline.rxt:1378	byte	0/1	0/1	0/1	dfa	dfa	bytes-eq/end-eq=1	
corpus	tests/assertions/multiline.rxt:1409	byte	0/1	0/1	0/1	dfa	dfa	bytes-eq/end-eq=1	
corpus	tests/assertions/multiline.rxt:1463	byte	0/1	0/1	0/1	vm	vm	bytes-eq/end-eq=1	
corpus	tests/assertions/multiline.rxt:1494	byte	0/1	0/1	0/1	vm	vm	bytes-eq/end-eq=1	
corpus	tests/assertions/multiline.rxt:1525	byte	0/1	0/1	0/1	vm	vm	bytes-eq/end-eq=1	
corpus	tests/assertions/multiline.rxt:1556	byte	0/1	0/1	0/1	vm	vm	bytes-eq/end-eq=1	
corpus	tests/assertions/multiline.rxt:1587	byte	0/1	0/1	0/1	vm	vm	bytes-eq/end-eq=1	
corpus	tests/assertions/multiline.rxt:1618	byte	0/1	0/1	0/1	vm	vm	bytes-eq/end-eq=1	
corpus	tests/assertions/multiline.rxt:1650	byte	0/1	0/1	0/1	vm	vm	bytes-eq/end-eq=1	
corpus	tests/assertions/multiline.rxt:1681	byte	1/1	1/1	1/1	vm	vm	bytes-eq/end-eq=2	
corpus	tests/assertions/multiline.rxt:1712	byte	1/1	1/1	1/1	vm	vm	bytes-eq/end-eq=2	
corpus	tests/assertions/multiline.rxt:1766	byte	0/1	0/1	0/1	dfa	dfa	bytes-eq/end-eq=1	
corpus	tests/assertions/multiline.rxt:1815	byte	0/0	0/0	0/0	dfa	dfa		
corpus	tests/assertions/multiline.rxt:1863	byte	0/0	0/0	0/0	dfa	dfa		
corpus	tests/assertions/multiline.rxt:1911	byte	0/1	0/1	0/1	dfa	dfa	bytes-eq/end-eq=1	
corpus	tests/assertions/multiline.rxt:1959	byte	0/1	0/1	0/1	dfa	dfa	bytes-eq/end-eq=1	
corpus	tests/assertions/multiline.rxt:2008	byte	0/1	0/1	0/1	dfa	dfa	bytes-eq/end-eq=1	
corpus	tests/assertions/multiline.rxt:2057	byte	0/0	0/0	0/0	dfa	dfa		
corpus	tests/assertions/multiline.rxt:2106	byte	0/0	0/0	0/0	dfa	dfa		
corpus	tests/assertions/multiline.rxt:2155	byte	0/1	0/1	0/1	dfa	dfa	bytes-eq/end-eq=1	
corpus	tests/assertions/multiline.rxt:2204	byte	0/0	0/0	0/0	dfa	dfa		
corpus	tests/assertions/multiline.rxt:2255	byte	0/0	0/0	0/0	dfa	dfa		
corpus	tests/assertions/multiline.rxt:2304	byte	0/0	0/0	0/0	dfa	dfa		
corpus	tests/assertions/multiline.rxt:2353	byte	0/0	0/0	0/0	dfa	dfa		
corpus	tests/assertions/multiline.rxt:2402	byte	0/0	0/0	0/0	dfa	dfa		
corpus	tests/assertions/multiline.rxt:2456	byte	0/0	0/0	0/0	dfa	dfa		
corpus	tests/assertions/multiline.rxt:2505	byte	0/0	0/0	0/0	dfa	dfa		
corpus	tests/assertions/multiline.rxt:2553	byte	0/0	0/0	0/0	dfa	dfa		
corpus	tests/assertions/multiline.rxt:2601	byte	0/0	0/0	0/0	dfa	dfa		
corpus	tests/assertions/multiline.rxt:2671	byte	0/0	0/0	0/0	dfa	dfa		
corpus	tests/assertions/multiline.rxt:2748	byte	0/0	0/0	0/0	dfa	dfa		
corpus	tests/assertions/multiline.rxt:2786	byte	0/0	0/0	0/0	dfa	dfa		
corpus	tests/assertions/multiline.rxt:2825	byte	0/0	0/0	0/0	dfa	dfa		
corpus	tests/assertions/multiline.rxt:2864	byte	0/0	0/0	0/0	dfa	dfa		
corpus	tests/assertions/multiline.rxt:2902	byte	0/0	0/0	0/0	dfa	dfa		
corpus	tests/assertions/multiline.rxt:3044	byte	0/0	0/0	0/0	dfa	dfa		
corpus	tests/assertions/multiline.rxt:3092	byte	0/0	0/0	0/0	dfa	dfa		
corpus	tests/assertions/multiline.rxt:3141	byte	0/0	0/0	0/0	dfa	dfa		
corpus	tests/assertions/multiline.rxt:3189	byte	0/0	0/0	0/0	dfa	dfa		
corpus	tests/assertions/multiline.rxt:3238	byte	0/0	0/0	0/0	dfa	dfa		
corpus	tests/assertions/multiline.rxt:3286	byte	0/0	0/0	0/0	dfa	dfa		
corpus	tests/assertions/multiline.rxt:3341	byte	1/1	1/1	1/1	dfa	dfa	bytes-eq/end-eq=2	
corpus	tests/assertions/multiline.rxt:3393	byte	0/1	0/1	0/1	dfa	dfa	bytes-eq/end-eq=1	
corpus	tests/assertions/multiline.rxt:3446	byte	0/1	1/1	1/1	dfa	dfa	bytes-eq/end-eq=2	
corpus	tests/assertions/multiline.rxt:3498	byte	0/0	0/0	0/0	dfa	dfa		
corpus	tests/assertions/multiline.rxt:3550	byte	0/1	0/1	0/1	dfa	dfa	bytes-eq/end-eq=1	
corpus	tests/assertions/multiline.rxt:3602	byte	1/1	1/1	1/1	dfa	dfa	bytes-eq/end-eq=2	
corpus	tests/assertions/multiline.rxt:3661	byte	0/0	0/0	0/0	dfa	dfa		
corpus	tests/assertions/multiline.rxt:3710	byte	0/0	0/0	0/0	dfa	dfa		
corpus	tests/assertions/multiline.rxt:3758	byte	0/0	0/0	0/0	dfa	dfa		
corpus	tests/assertions/view_edge.rxt:15	byte	1/1	1/1	1/1	dfa	dfa	bytes-eq/end-eq=2	
corpus	tests/assertions/view_edge.rxt:177	byte	1/1	1/1	1/1	dfa	dfa	bytes-eq/end-eq=2	
corpus	tests/assertions/view_edge.rxt:339	byte	1/1	1/1	1/1	dfa	dfa	bytes-eq/end-eq=2	
corpus	tests/assertions/view_edge.rxt:501	byte	1/1	1/1	1/1	dfa	dfa	bytes-eq/end-eq=2	
corpus	tests/assertions/view_edge.rxt:663	byte	1/1	1/1	1/1	dfa	dfa	bytes-eq/end-eq=2	
corpus	tests/assertions/view_edge.rxt:825	byte	1/1	1/1	1/1	dfa	dfa	bytes-eq/end-eq=2	
corpus	tests/assertions/view_edge.rxt:987	byte	1/1	1/1	1/1	dfa	dfa	bytes-eq/end-eq=2	
corpus	tests/assertions/view_edge.rxt:1149	byte	2/2	2/2	2/2	dfa	dfa	bytes-eq/end-eq=4	
corpus	tests/assertions/view_edge.rxt:1311	byte	1/1	1/1	1/1	dfa	dfa	bytes-eq/end-eq=2	
corpus	tests/assertions/view_edge.rxt:1473	byte	1/1	1/1	1/1	dfa	dfa	bytes-eq/end-eq=2	
corpus	tests/assertions/view_edge.rxt:1797	byte	1/1	1/1	1/1	dfa	dfa	bytes-eq/end-eq=2	
corpus	tests/assertions/view_edge.rxt:1959	byte	0/1	0/1	0/1	dfa	dfa	bytes-eq/end-eq=1	
corpus	tests/assertions/view_edge.rxt:2121	byte	1/1	1/1	1/1	dfa	dfa	bytes-eq/end-eq=2	
corpus	tests/assertions/view_edge.rxt:2283	byte	1/1	1/1	1/1	dfa	dfa	bytes-eq/end-eq=2	
corpus	tests/assertions/view_edge.rxt:2445	byte	1/2	1/2	1/2	dfa	dfa	bytes-eq/end-eq=4	
corpus	tests/assertions/view_edge.rxt:2607	byte	2/2	2/2	2/2	dfa	dfa	bytes-eq/end-eq=4	
corpus	tests/assertions/wordb_basic.rxt:63	byte	0/0	0/0	0/0	dfa	dfa		
corpus	tests/assertions/wordb_basic.rxt:143	byte	0/0	0/0	0/0	dfa	dfa		
corpus	tests/assertions/wordb_basic.rxt:218	byte	0/0	0/0	0/0	dfa	dfa		
corpus	tests/assertions/wordb_basic.rxt:296	byte	0/0	0/0	0/0	dfa	dfa		
corpus	tests/assertions/wordb_basic.rxt:375	byte	0/0	0/0	0/0	dfa	dfa		
corpus	tests/assertions/wordb_basic.rxt:450	byte	0/0	0/0	0/0	dfa	dfa		
corpus	tests/assertions/wordb_basic.rxt:525	byte	0/0	0/0	0/0	dfa	dfa		
corpus	tests/assertions/wordb_basic.rxt:600	byte	0/0	0/0	0/0	dfa	dfa		
corpus	tests/assertions/wordb_basic.rxt:750	byte	0/1	0/1	0/1	dfa	dfa	bytes-eq/end-eq=1	
corpus	tests/assertions/wordb_basic.rxt:825	byte	0/0	0/0	0/0	dfa	dfa		
corpus	tests/assertions/wordb_basic.rxt:900	byte	0/0	0/0	0/0	dfa	dfa		
corpus	tests/assertions/wordb_basic.rxt:975	byte	0/0	0/0	0/0	dfa	dfa		
corpus	tests/assertions/wordb_basic.rxt:1050	byte	0/0	0/0	0/0	dfa	dfa		
corpus	tests/assertions/wordb_basic.rxt:1125	byte	0/0	0/0	0/0	dfa	dfa		
corpus	tests/assertions/wordb_basic.rxt:1200	byte	0/0	0/0	0/0	dfa	dfa		
corpus	tests/assertions/wordb_basic.rxt:1275	byte	0/0	0/0	0/0	dfa	dfa		
corpus	tests/assertions/wordb_empty_compose.rxt:181	byte	0/0	0/0	0/0	dfa	dfa		
corpus	tests/assertions/wordb_empty_compose.rxt:256	byte	0/0	0/0	0/0	dfa	dfa		
corpus	tests/assertions/wordb_empty_compose.rxt:331	byte	0/0	0/0	0/0	dfa	dfa		
corpus	tests/assertions/wordb_empty_compose.rxt:406	byte	0/0	0/0	0/0	dfa	dfa		
corpus	tests/assertions/wordb_empty_compose.rxt:556	byte	1/1	1/1	1/1	dfa	dfa	bytes-eq/end-eq=2	
corpus	tests/assertions/wordb_empty_compose.rxt:631	byte	1/1	1/1	1/1	dfa	dfa	bytes-eq/end-eq=2	
corpus	tests/assertions/wordb_empty_compose.rxt:706	byte	1/1	1/1	1/1	dfa	dfa	bytes-eq/end-eq=2	
corpus	tests/assertions/wordb_empty_compose.rxt:866	byte	0/0	0/0	0/0	dfa	dfa		
corpus	tests/assertions/wordb_empty_compose.rxt:942	byte	0/0	0/0	0/0	dfa	dfa		
corpus	tests/assertions/wordb_empty_compose.rxt:1017	byte	0/1	1/1	1/1	dfa	dfa	bytes-eq/end-eq=2	
corpus	tests/assertions/wordb_empty_compose.rxt:1092	byte	1/1	1/1	1/1	dfa	dfa	bytes-eq/end-eq=2	
corpus	tests/assertions/wordb_empty_compose.rxt:1168	byte	0/0	0/0	0/0	dfa	dfa		
corpus	tests/assertions/wordb_empty_compose.rxt:1243	byte	0/1	1/1	1/1	dfa	dfa	bytes-eq/end-eq=2	
corpus	tests/assertions/wordb_empty_compose.rxt:1318	byte	0/0	0/0	0/0	dfa	dfa		
corpus	tests/assertions/wordb_empty_compose.rxt:1393	byte	0/1	1/1	1/1	dfa	dfa	bytes-eq/end-eq=2	
corpus	tests/assertions/wordb_engattempt.rxt:59	byte	0/0	0/0	0/0	dfa	dfa		
corpus	tests/assertions/wordb_engattempt.rxt:135	byte	0/0	0/0	0/0	dfa	dfa		
corpus	tests/assertions/wordb_engattempt.rxt:212	byte	0/0	0/0	0/0	dfa	dfa		
corpus	tests/assertions/wordb_engattempt.rxt:287	byte	0/0	0/0	0/0	dfa	dfa		
corpus	tests/assertions/wordb_engattempt.rxt:362	byte	0/0	0/0	0/0	dfa	dfa		
corpus	tests/assertions/wordb_engattempt.rxt:437	byte	0/1	1/1	1/1	dfa	dfa	bytes-eq/end-eq=2	
corpus	tests/assertions/wordb_engattempt.rxt:512	byte	0/1	1/1	1/1	dfa	dfa	bytes-eq/end-eq=2	
corpus	tests/assertions/wordb_engattempt.rxt:587	byte	0/0	0/0	0/0	dfa	dfa		
corpus	tests/assertions/wordb_engattempt.rxt:662	byte	0/0	0/0	0/0	dfa	dfa		
corpus	tests/assertions/wordb_engattempt.rxt:737	byte	0/0	0/0	0/0	dfa	dfa		
corpus	tests/assertions/wordb_engattempt.rxt:812	byte	0/0	0/0	0/0	dfa	dfa		
corpus	tests/assertions/wordb_engattempt.rxt:887	byte	0/1	0/1	0/1	dfa	dfa	bytes-eq/end-eq=1	
corpus	tests/assertions/wordb_engattempt.rxt:962	byte	0/0	0/0	0/0	dfa	dfa		
corpus	tests/assertions/wordb_engattempt.rxt:1112	byte	0/0	0/0	0/0	dfa	dfa		
corpus	tests/assertions/wordb_engattempt.rxt:1187	byte	0/0	0/0	0/0	dfa	dfa		
corpus	tests/assertions/wordb_vm.rxt:39	byte	0/0	0/0	0/0	vm	vm		
corpus	tests/assertions/wordb_vm.rxt:114	byte	0/0	0/0	0/0	vm	vm		
corpus	tests/assertions/wordb_vm.rxt:189	byte	0/0	0/0	0/0	vm	vm		
corpus	tests/assertions/wordb_vm.rxt:264	byte	0/0	0/0	0/0	vm	vm		
corpus	tests/assertions/wordb_vm.rxt:339	byte	0/1	1/1	1/1	vm	vm	bytes-eq/end-eq=2	
corpus	tests/assertions/wordb_vm.rxt:414	byte	0/0	0/0	0/0	vm	vm		
corpus	tests/assertions/wordb_vm.rxt:489	byte	0/0	0/0	0/0	vm	vm		
corpus	tests/assertions/wordb_vm.rxt:564	byte	0/0	0/0	0/0	vm	vm		
corpus	tests/assertions/wordb_vm.rxt:639	byte	0/0	0/0	0/0	vm	vm		
corpus	tests/assertions/wordb_vm.rxt:714	byte	1/1	1/1	1/1	vm	vm	bytes-eq/end-eq=2	
corpus	tests/assertions/wordb_vm.rxt:789	byte	0/0	0/0	0/0	vm	vm		
corpus	tests/assertions/wordb_vm.rxt:864	byte	0/0	0/0	0/0	vm	vm		
corpus	tests/atomic_groups/atomic_assert.rxt:45	byte	0/0	0/0	0/0	vm	vm		
corpus	tests/atomic_groups/atomic_assert.rxt:59	byte	0/0	0/0	0/0	vm	vm		
corpus	tests/atomic_groups/atomic_assert.rxt:71	byte	0/0	0/0	0/0	vm	vm		
corpus	tests/atomic_groups/atomic_assert.rxt:89	byte	0/0	0/0	0/0	vm	vm		
corpus	tests/atomic_groups/atomic_assert.rxt:101	byte	0/0	0/0	0/0	vm	vm		
corpus	tests/atomic_groups/atomic_assert.rxt:115	byte	0/0	0/0	0/0	vm	vm		
corpus	tests/atomic_groups/atomic_assert.rxt:125	byte	0/0	0/0	0/0	vm	vm		
corpus	tests/atomic_groups/atomic_assert.rxt:139	byte	0/0	0/0	0/0	vm	vm		
corpus	tests/atomic_groups/atomic_assert.rxt:147	byte	0/0	0/0	0/0	vm	vm		
corpus	tests/atomic_groups/atomic_assert.rxt:157	byte	0/0	0/0	0/0	vm	vm		
corpus	tests/atomic_groups/atomic_assert.rxt:166	byte	0/0	0/0	0/0	vm	vm		
corpus	tests/atomic_groups/atomic_basic.rxt:44	byte	0/0	0/0	0/0	vm	vm		
corpus	tests/atomic_groups/atomic_basic.rxt:64	byte	0/0	0/0	0/0	vm	vm		
corpus	tests/atomic_groups/atomic_basic.rxt:79	byte	0/0	0/0	0/0	vm	vm		
corpus	tests/atomic_groups/atomic_basic.rxt:89	byte	0/0	0/0	0/0	vm	vm		
corpus	tests/atomic_groups/atomic_basic.rxt:105	byte	0/0	0/0	0/0	vm	vm		
corpus	tests/atomic_groups/atomic_basic.rxt:121	byte	0/0	0/0	0/0	vm	vm		
corpus	tests/atomic_groups/atomic_basic.rxt:133	byte	0/0	0/0	0/0	vm	vm		
corpus	tests/atomic_groups/atomic_basic.rxt:149	byte	0/0	0/0	0/0	vm	vm		
corpus	tests/atomic_groups/atomic_basic.rxt:157	byte	0/0	0/0	0/0	vm	vm		
corpus	tests/atomic_groups/atomic_basic.rxt:166	byte	0/1	0/1	0/1	vm	vm	bytes-eq/end-eq=2	
corpus	tests/atomic_groups/atomic_basic.rxt:178	byte	0/0	0/0	0/0	vm	vm		
corpus	tests/atomic_groups/atomic_basic.rxt:197	byte	0/0	0/0	0/0	vm	vm		
corpus	tests/atomic_groups/atomic_basic.rxt:209	byte	0/0	0/0	0/0	vm	vm		
corpus	tests/atomic_groups/atomic_caps.rxt:48	byte	0/0	0/0	0/0	vm	vm		
corpus	tests/atomic_groups/atomic_caps.rxt:58	byte	0/0	0/0	0/0	vm	vm		
corpus	tests/atomic_groups/atomic_caps.rxt:78	byte	0/0	0/0	0/0	vm	vm		
corpus	tests/atomic_groups/atomic_caps.rxt:95	byte	0/0	0/0	0/0	vm	vm		
corpus	tests/atomic_groups/atomic_caps.rxt:115	byte	1/1	1/1	1/1	vm	vm	bytes-eq/end-eq=4	
corpus	tests/atomic_groups/atomic_caps.rxt:128	byte	1/1	1/1	1/1	vm	vm	bytes-eq/end-eq=4	
corpus	tests/atomic_groups/atomic_caps.rxt:141	byte	1/1	1/1	1/1	vm	vm	bytes-eq/end-eq=3	
corpus	tests/atomic_groups/atomic_case.rxt:38	byte	0/0	0/0	0/0	vm	vm		
corpus	tests/atomic_groups/atomic_case.rxt:52	byte	1/1	1/1	1/1	vm	vm	bytes-eq/end-eq=4	
corpus	tests/atomic_groups/atomic_case.rxt:61	byte	0/0	0/0	0/0	vm	vm		
corpus	tests/atomic_groups/atomic_case.rxt:78	byte	0/0	0/0	0/0	vm	vm		
corpus	tests/atomic_groups/atomic_ceiling.rxt:68	byte	1/1	1/1	1/1	vm	vm	bytes-eq/end-eq=3	
corpus	tests/atomic_groups/atomic_ceiling.rxt:82	byte	1/1	1/1	1/1	vm	vm	bytes-eq/end-eq=3	
corpus	tests/atomic_groups/atomic_ceiling.rxt:96	byte	1/1	1/1	1/1	vm	vm	bytes-eq/end-eq=3	
corpus	tests/atomic_groups/atomic_ceiling.rxt:114	byte	1/1	1/1	1/1	vm	vm	bytes-eq/end-eq=3	
corpus	tests/atomic_groups/atomic_quant.rxt:50	byte	1/1	1/1	1/1	vm	vm	bytes-eq/end-eq=3	
corpus	tests/atomic_groups/atomic_quant.rxt:66	byte	0/1	0/1	0/1	vm	vm	bytes-eq/end-eq=2	
corpus	tests/atomic_groups/atomic_quant.rxt:83	byte	1/1	1/1	1/1	vm	vm	bytes-eq/end-eq=3	
corpus	tests/atomic_groups/atomic_quant.rxt:98	byte	1/1	1/1	1/1	vm	vm	bytes-eq/end-eq=3	
corpus	tests/atomic_groups/atomic_quant.rxt:106	byte	0/1	0/1	0/1	vm	vm	bytes-eq/end-eq=2	
corpus	tests/atomic_groups/atomic_quant.rxt:121	byte	0/2	0/2	0/2	vm	vm	bytes-eq/end-eq=5	
corpus	tests/atomic_groups/atomic_quant.rxt:131	byte	0/2	0/2	0/2	vm	vm	bytes-eq/end-eq=5	
corpus	tests/atomic_groups/atomic_quant.rxt:140	byte	0/2	0/2	0/2	vm	vm	bytes-eq/end-eq=5	
corpus	tests/atomic_groups/atomic_quant.rxt:148	byte	0/2	0/2	0/2	vm	vm	bytes-eq/end-eq=5	
corpus	tests/atomic_groups/atomic_quant.rxt:158	byte	0/1	0/1	0/1	vm	vm	bytes-eq/end-eq=3	
corpus	tests/atomic_groups/atomic_quant.rxt:170	byte	0/1	0/1	0/1	vm	vm	bytes-eq/end-eq=2	
corpus	tests/atomic_groups/atomic_quant.rxt:180	byte	0/1	0/1	0/1	vm	vm	bytes-eq/end-eq=2	
corpus	tests/atomic_groups/atomic_quant.rxt:187	byte	0/1	0/1	0/1	vm	vm	bytes-eq/end-eq=2	
corpus	tests/atomic_groups/atomic_quant.rxt:198	byte	0/1	0/1	0/1	vm	vm	bytes-eq/end-eq=2	
corpus	tests/atomic_groups/atomic_quant.rxt:209	byte	0/1	0/1	0/1	vm	vm	bytes-eq/end-eq=2	
corpus	tests/atomic_groups/atomic_quant.rxt:219	byte	0/1	0/1	0/1	vm	vm	bytes-eq/end-eq=2	
corpus	tests/atomic_groups/atomic_quant.rxt:226	byte	0/1	0/1	0/1	vm	vm	bytes-eq/end-eq=2	
corpus	tests/atomic_groups/atomic_quant.rxt:236	byte	1/1	1/1	1/1	vm	vm	bytes-eq/end-eq=3	
corpus	tests/atomic_groups/atomic_quant.rxt:251	byte	1/1	1/1	1/1	vm	vm	bytes-eq/end-eq=4	
corpus	tests/atomic_groups/atomic_quant.rxt:260	byte	1/1	1/1	1/1	vm	vm	bytes-eq/end-eq=4	
corpus	tests/atomic_groups/atomic_quant.rxt:267	byte	1/1	1/1	1/1	dfa	dfa	bytes-eq/end-eq=4	
corpus	tests/atomic_groups/atomic_quant.rxt:281	byte	0/1	0/1	0/1	vm	vm	bytes-eq/end-eq=3	
corpus	tests/atomic_groups/atomic_quant.rxt:293	byte	0/1	0/1	0/1	vm	vm	bytes-eq/end-eq=3	
corpus	tests/atomic_groups/d27/atomic_basic.rxt:17	byte	0/0	0/0	0/0	vm	vm		
corpus	tests/atomic_groups/d27/atomic_basic.rxt:22	byte	0/0	0/0	0/0	vm	vm		
corpus	tests/atomic_groups/d27/atomic_basic.rxt:29	byte	0/0	0/0	0/0	vm	vm		
corpus	tests/atomic_groups/d27/atomic_basic.rxt:45	byte	0/0	0/0	0/0	vm	vm		
corpus	tests/atomic_groups/d27/atomic_basic.rxt:52	byte	1/1	1/1	1/1	dfa	dfa	bytes-eq/end-eq=4	
corpus	tests/atomic_groups/d27/atomic_basic.rxt:61	byte	1/1	1/1	1/1	vm	vm	bytes-eq/end-eq=4	
corpus	tests/atomic_groups/d27/atomic_basic.rxt:83	byte	1/1	1/1	1/1	vm	vm	bytes-eq/end-eq=4	
corpus	tests/atomic_groups/d27/atomic_basic.rxt:100	byte	0/1	0/1	0/1	vm	vm	bytes-eq/end-eq=2	
corpus	tests/atomic_groups/d27/atomic_basic.rxt:106	byte	0/0	0/0	0/0	vm	vm		
corpus	tests/atomic_groups/d27/atomic_basic.rxt:110	byte	0/0	0/0	0/0	vm	vm		
corpus	tests/atomic_groups/d27/atomic_in_quantifiers.rxt:21	byte	0/1	0/1	0/1	vm	vm	bytes-eq/end-eq=2	
corpus	tests/atomic_groups/d27/atomic_in_quantifiers.rxt:27	byte	0/1	0/1	0/1	vm	vm	bytes-eq/end-eq=2	
corpus	tests/atomic_groups/d27/atomic_in_quantifiers.rxt:42	byte	0/2	0/2	0/2	vm	vm	bytes-eq/end-eq=5	
corpus	tests/atomic_groups/d27/atomic_in_quantifiers.rxt:46	byte	0/1	0/1	0/1	vm	vm	bytes-eq/end-eq=2	
corpus	tests/atomic_groups/d27/atomic_in_quantifiers.rxt:63	byte	0/1	0/1	0/1	vm	vm	bytes-eq/end-eq=2	
corpus	tests/atomic_groups/d27/atomic_in_quantifiers.rxt:73	byte	0/1	0/1	0/1	vm	vm	bytes-eq/end-eq=3	
corpus	tests/atomic_groups/d27/captures_under_cut.rxt:16	byte	0/0	0/0	0/0	vm	vm		
corpus	tests/atomic_groups/d27/captures_under_cut.rxt:28	byte	2/2	2/2	2/2	vm	vm	bytes-eq/end-eq=6	
corpus	tests/atomic_groups/d27/captures_under_cut.rxt:40	byte	1/1	1/1	1/1	vm	vm	bytes-eq/end-eq=3	
corpus	tests/atomic_groups/d27/captures_under_cut.rxt:50	byte	1/1	1/1	1/1	vm	vm	bytes-eq/end-eq=4	
corpus	tests/atomic_groups/d27/captures_under_cut.rxt:67	byte	0/2	0/2	0/2	vm	vm	bytes-eq/end-eq=5	
corpus	tests/atomic_groups/d27/captures_under_cut.rxt:73	byte	0/0	0/0	0/0	vm	vm		
corpus	tests/atomic_groups/d27/captures_under_cut.rxt:83	byte	0/2	0/2	0/2	vm	vm	bytes-eq/end-eq=5	
corpus	tests/atomic_groups/d27/captures_under_cut.rxt:93	byte	0/2	0/2	0/2	vm	vm	bytes-eq/end-eq=4	
corpus	tests/atomic_groups/d27/find_all_loop.rxt:23	byte	1/1	1/1	1/1	dfa	dfa	bytes-eq/end-eq=4	
corpus	tests/atomic_groups/d27/find_all_loop.rxt:47	byte	1/1	1/1	1/1	dfa	dfa	bytes-eq/end-eq=4	
corpus	tests/atomic_groups/d27/find_all_loop.rxt:56	byte	1/1	1/1	1/1	dfa	dfa	bytes-eq/end-eq=4	
corpus	tests/atomic_groups/d27/gating.rxt:51	byte	1/1	1/1	1/1	dfa	dfa	bytes-eq/end-eq=4	
corpus	tests/atomic_groups/d27/gating.rxt:60	byte	1/1	1/1	1/1	dfa	dfa	bytes-eq/end-eq=4	
corpus	tests/atomic_groups/d27/gating.rxt:69	byte	1/1	1/1	1/1	dfa	dfa	bytes-eq/end-eq=4	
corpus	tests/atomic_groups/d27/gating.rxt:78	byte	1/1	1/1	1/1	dfa	dfa	bytes-eq/end-eq=4	
corpus	tests/atomic_groups/d27/gating.rxt:87	byte	1/1	1/1	1/1	dfa	dfa	bytes-eq/end-eq=4	
corpus	tests/atomic_groups/d27/gating.rxt:96	byte	1/1	1/1	1/1	dfa	dfa	bytes-eq/end-eq=4	
corpus	tests/atomic_groups/d27/interactions.rxt:41	byte	0/0	0/0	0/0	vm	vm		
corpus	tests/atomic_groups/d27/interactions.rxt:105	byte	1/1	1/1	1/1	vm	vm	bytes-eq/end-eq=3	
corpus	tests/atomic_groups/d27/interactions.rxt:113	byte	0/0	0/0	0/0	vm	vm		
corpus	tests/atomic_groups/d27/interactions.rxt:120	byte	1/1	1/1	1/1	vm	vm	bytes-eq/end-eq=4	
corpus	tests/atomic_groups/d27/possessive_spellings.rxt:14	byte	1/1	1/1	1/1	dfa	dfa	bytes-eq/end-eq=4	
corpus	tests/atomic_groups/d27/possessive_spellings.rxt:20	byte	1/1	1/1	1/1	vm	vm	bytes-eq/end-eq=4	
corpus	tests/atomic_groups/d27/possessive_spellings.rxt:37	byte	1/1	1/1	1/1	vm	vm	bytes-eq/end-eq=4	
corpus	tests/atomic_groups/d27/possessive_spellings.rxt:44	byte	0/1	0/1	0/1	dfa	dfa	bytes-eq/end-eq=1	
corpus	tests/atomic_groups/d27/possessive_spellings.rxt:48	byte	1/1	1/1	1/1	dfa	dfa	bytes-eq/end-eq=4	
corpus	tests/atomic_groups/d27/possessive_spellings.rxt:52	byte	1/1	1/1	1/1	vm	vm	bytes-eq/end-eq=4	
corpus	tests/atomic_groups/d27/possessive_spellings.rxt:57	byte	1/1	1/1	1/1	dfa	dfa	bytes-eq/end-eq=4	
corpus	tests/atomic_groups/d27/possessive_spellings.rxt:61	byte	1/1	1/1	1/1	dfa	dfa	bytes-eq/end-eq=4	
corpus	tests/atomic_groups/d27/possessive_spellings.rxt:66	byte	1/1	1/1	1/1	dfa	dfa	bytes-eq/end-eq=4	
corpus	tests/atomic_groups/d27/possessive_spellings.rxt:73	byte	1/1	1/1	1/1	vm	vm	bytes-eq/end-eq=4	
corpus	tests/atomic_groups/d27/possessive_spellings.rxt:79	byte	0/1	0/1	0/1	dfa	dfa	bytes-eq/end-eq=1	
corpus	tests/atomic_groups/d27/possessive_spellings.rxt:83	byte	1/1	1/1	1/1	dfa	dfa	bytes-eq/end-eq=4	
corpus	tests/atomic_groups/d27/possessive_spellings.rxt:87	byte	1/1	1/1	1/1	vm	vm	bytes-eq/end-eq=4	
corpus	tests/atomic_groups/d27/possessive_spellings.rxt:92	byte	1/1	1/1	1/1	dfa	dfa	bytes-eq/end-eq=4	
corpus	tests/atomic_groups/d27/possessive_spellings.rxt:96	byte	1/1	1/1	1/1	vm	vm	bytes-eq/end-eq=4	
corpus	tests/atomic_groups/d27/possessive_spellings.rxt:101	byte	1/1	1/1	1/1	dfa	dfa	bytes-eq/end-eq=4	
corpus	tests/atomic_groups/d27/possessive_spellings.rxt:105	byte	1/1	1/1	1/1	dfa	dfa	bytes-eq/end-eq=4	
corpus	tests/atomic_groups/d27/possessive_spellings.rxt:114	byte	0/1	0/1	0/1	vm	vm	bytes-eq/end-eq=3	
corpus	tests/atomic_groups/d27/possessive_spellings.rxt:118	byte	0/1	0/1	0/1	vm	vm	bytes-eq/end-eq=3	
corpus	tests/atomic_groups/d27/possessive_spellings.rxt:127	byte	1/1	1/1	1/1	dfa	dfa	bytes-eq/end-eq=4	
corpus	tests/atomic_groups/d27/possessive_spellings.rxt:139	byte	1/1	1/1	1/1	dfa	dfa	bytes-eq/end-eq=4	
corpus	tests/atomic_groups/d27/possessive_spellings.rxt:143	byte	1/1	1/1	1/1	dfa	dfa	bytes-eq/end-eq=4	
corpus	tests/atomic_groups/d27/possessive_spellings.rxt:147	byte	1/1	1/1	1/1	dfa	dfa	bytes-eq/end-eq=4	
corpus	tests/atomic_groups/d27/possessive_spellings.rxt:151	byte	1/1	1/1	1/1	dfa	dfa	bytes-eq/end-eq=4	
corpus	tests/atomic_groups/d27/possessive_spellings.rxt:169	byte	1/1	1/1	1/1	vm	vm	bytes-eq/end-eq=4	
corpus	tests/atomic_groups/d27/possessive_spellings.rxt:173	byte	1/1	1/1	1/1	dfa	dfa	bytes-eq/end-eq=4	
corpus	tests/atomic_groups/d27/possessive_spellings.rxt:177	byte	1/1	1/1	1/1	dfa	dfa	bytes-eq/end-eq=4	
corpus	tests/atomic_groups/d27/possessive_spellings.rxt:183	byte	1/1	1/1	1/1	vm	vm	bytes-eq/end-eq=4	
corpus	tests/atomic_groups/d27/possessive_spellings.rxt:187	byte	0/1	0/1	0/1	vm	vm	bytes-eq/end-eq=3	
corpus	tests/atomic_groups/d27/syntax_errors.rxt:35	byte	None			refused	refused		pcrec: multiple quantifiers on the same item (pattern offset 3)
corpus	tests/atomic_groups/d27/syntax_errors.rxt:39	byte	None			refused	refused		pcrec: multiple quantifiers on the same item (pattern offset 3)
corpus	tests/atomic_groups/d27/syntax_errors.rxt:43	byte	None			refused	refused		pcrec: multiple quantifiers on the same item (pattern offset 3)
corpus	tests/atomic_groups/d27/syntax_errors.rxt:47	byte	None			refused	refused		pcrec: multiple quantifiers on the same item (pattern offset 3)
corpus	tests/atomic_groups/d27/syntax_errors.rxt:51	byte	None			refused	refused		pcrec: multiple quantifiers on the same item (pattern offset 3)
corpus	tests/atomic_groups/d27/syntax_errors.rxt:56	byte	None			refused	refused		pcrec: multiple quantifiers on the same item (pattern offset 3)
corpus	tests/atomic_groups/d27/syntax_errors.rxt:61	byte	None			refused	refused		pcrec: missing closing ) for group (pattern offset 0)
corpus	tests/atomic_groups/d27/syntax_errors.rxt:67	byte	None			refused	refused		pcrec: unmatched closing parenthesis (pattern offset 5)
corpus	tests/atomic_groups/d27/syntax_errors.rxt:72	byte	None			refused	refused		pcrec: quantifier does not follow a repeatable item (pattern offset 3)
corpus	tests/atomic_groups/d27/syntax_errors.rxt:79	byte	None			refused	refused		pcrec: quantifier does not follow a repeatable item (pattern offset 1)
corpus	tests/atomic_groups/d27/syntax_errors.rxt:83	byte	None			refused	refused		pcrec: quantifier does not follow a repeatable item (pattern offset 1)
corpus	tests/atomic_groups/d27/syntax_errors.rxt:89	byte	None			refused	refused		pcrec: numbers out of order in {m,n} quantifier (pattern offset 5)
corpus	tests/atomic_groups/d27/syntax_errors.rxt:95	byte	None			refused	refused		pcrec: number too big in {m,n} quantifier (pattern offset 7)
corpus	tests/atomic_groups/possessive.rxt:73	byte	1/1	1/1	1/1	dfa	dfa	bytes-eq/end-eq=4	
corpus	tests/atomic_groups/possessive.rxt:93	byte	1/1	1/1	1/1	dfa	dfa	bytes-eq/end-eq=4	
corpus	tests/atomic_groups/possessive.rxt:108	byte	1/1	1/1	1/1	vm	vm	bytes-eq/end-eq=4	
corpus	tests/atomic_groups/possessive.rxt:119	byte	1/1	1/1	1/1	dfa	dfa	bytes-eq/end-eq=4	
corpus	tests/atomic_groups/possessive.rxt:143	byte	1/1	1/1	1/1	dfa	dfa	bytes-eq/end-eq=4	
corpus	tests/atomic_groups/possessive.rxt:165	byte	1/1	1/1	1/1	dfa	dfa	bytes-eq/end-eq=4	
corpus	tests/atomic_groups/possessive.rxt:179	byte	1/1	1/1	1/1	vm	vm	bytes-eq/end-eq=4	
corpus	tests/atomic_groups/possessive.rxt:189	byte	1/1	1/1	1/1	dfa	dfa	bytes-eq/end-eq=4	
corpus	tests/atomic_groups/possessive.rxt:205	byte	0/1	0/1	0/1	vm	vm	bytes-eq/end-eq=3	
corpus	tests/atomic_groups/possessive.rxt:218	byte	0/1	0/1	0/1	vm	vm	bytes-eq/end-eq=3	
corpus	tests/atomic_groups/possessive.rxt:229	byte	0/1	0/1	0/1	vm	vm	bytes-eq/end-eq=3	
corpus	tests/atomic_groups/possessive.rxt:255	byte	1/1	1/1	1/1	dfa	dfa	bytes-eq/end-eq=4	
corpus	tests/atomic_groups/possessive.rxt:264	byte	1/1	1/1	1/1	dfa	dfa	bytes-eq/end-eq=4	
corpus	tests/atomic_groups/possessive.rxt:272	byte	1/1	1/1	1/1	vm	vm	bytes-eq/end-eq=4	
corpus	tests/atomic_groups/possessive.rxt:286	byte	0/2	0/2	0/2	vm	vm	bytes-eq/end-eq=5	
corpus	tests/atomic_groups/possessive.rxt:296	byte	0/2	0/2	0/2	vm	vm	bytes-eq/end-eq=5	
corpus	tests/atomic_groups/possessive.rxt:305	byte	0/1	0/1	0/1	vm	vm	bytes-eq/end-eq=3	
corpus	tests/atomic_groups/possessive.rxt:313	byte	0/2	0/2	0/2	vm	vm	bytes-eq/end-eq=5	
corpus	tests/atomic_groups/possessive.rxt:328	byte	0/1	0/1	0/1	vm	vm	bytes-eq/end-eq=3	
corpus	tests/atomic_groups/possessive.rxt:342	byte	0/1	0/1	0/1	vm	vm	bytes-eq/end-eq=3	
corpus	tests/atomic_groups/possessive.rxt:353	byte	0/1	0/1	0/1	vm	vm	bytes-eq/end-eq=3	
corpus	tests/atomic_groups/possessive.rxt:364	byte	0/1	0/1	0/1	vm	vm	bytes-eq/end-eq=3	
corpus	tests/atomic_groups/possessive.rxt:374	byte	0/1	0/1	0/1	vm	vm	bytes-eq/end-eq=3	
corpus	tests/atomic_groups/possessive.rxt:402	byte	1/2	1/2	1/2	dfa	dfa	bytes-eq/end-eq=7	
corpus	tests/atomic_groups/possessive.rxt:407	byte	1/2	1/2	1/2	dfa	dfa	bytes-eq/end-eq=7	
corpus	tests/atomic_groups/possessive.rxt:412	byte	2/2	2/2	2/2	dfa	dfa	bytes-eq/end-eq=7	
corpus	tests/atomic_groups/possessive.rxt:424	byte	1/2	1/2	1/2	dfa	dfa	bytes-eq/end-eq=7	
corpus	tests/atomic_groups/possessive.rxt:430	byte	1/2	1/2	1/2	vm	vm	bytes-eq/end-eq=7	
corpus	tests/atomic_groups/possessive.rxt:482	byte	0/1	0/1	0/1	vm	vm	bytes-eq/end-eq=3	
corpus	tests/atomic_groups/possessive.rxt:488	byte	0/1	0/1	0/1	vm	vm	bytes-eq/end-eq=3	
corpus	tests/atomic_groups/possessive.rxt:493	byte	0/1	0/1	0/1	vm	vm	bytes-eq/end-eq=3	
corpus	tests/atomic_groups/possessive.rxt:497	byte	0/1	0/1	0/1	vm	vm	bytes-eq/end-eq=3	
corpus	tests/atomic_groups/possessive.rxt:501	byte	0/1	0/1	0/1	vm	vm	bytes-eq/end-eq=3	
corpus	tests/atomic_groups/possessive.rxt:507	byte	0/1	0/1	0/1	vm	vm	bytes-eq/end-eq=3	
corpus	tests/atomic_groups/possessive.rxt:512	byte	0/1	0/1	0/1	vm	vm	bytes-eq/end-eq=3	
corpus	tests/atomic_groups/possessive.rxt:518	byte	0/1	0/1	0/1	vm	vm	bytes-eq/end-eq=3	
corpus	tests/atomic_groups/possessive.rxt:523	byte	0/1	0/1	0/1	vm	vm	bytes-eq/end-eq=3	
corpus	tests/atomic_groups/possessive.rxt:530	byte	0/1	0/1	0/1	vm	vm	bytes-eq/end-eq=3	
corpus	tests/atomic_groups/possessive.rxt:538	byte	0/1	0/1	0/1	vm	vm	bytes-eq/end-eq=3	
corpus	tests/atomic_groups/possessive.rxt:544	byte	1/1	1/1	1/1	vm	vm	bytes-eq/end-eq=4	
corpus	tests/atomic_groups/possessive.rxt:549	byte	1/1	1/1	1/1	vm	vm	bytes-eq/end-eq=4	
corpus	tests/atomic_groups/possessive.rxt:560	byte	1/1	1/1	1/1	vm	vm	bytes-eq/end-eq=4	
corpus	tests/atomic_groups/possessive.rxt:564	byte	1/1	1/1	1/1	dfa	dfa	bytes-eq/end-eq=4	
corpus	tests/atomic_groups/possessive.rxt:575	byte	0/1	0/1	0/1	vm	vm	bytes-eq/end-eq=2	
corpus	tests/atomic_groups/possessive.rxt:580	byte	0/1	0/1	0/1	vm	vm	bytes-eq/end-eq=2	
corpus	tests/atomic_groups/possessive.rxt:584	byte	0/1	0/1	0/1	vm	vm	bytes-eq/end-eq=2	
corpus	tests/atomic_groups/possessive.rxt:588	byte	0/1	0/1	0/1	vm	vm	bytes-eq/end-eq=2	
corpus	tests/atomic_groups/possessive.rxt:599	byte	0/1	0/1	0/1	dfa	dfa	bytes-eq/end-eq=1	
corpus	tests/backrefs/caseless.rxt:29	byte	0/0	0/0	0/0	vm	vm		
corpus	tests/backrefs/caseless.rxt:38	byte	0/0	0/0	0/0	vm	vm		
corpus	tests/backrefs/caseless.rxt:50	byte	0/0	0/0	0/0	vm	vm		
corpus	tests/backrefs/caseless.rxt:60	byte	0/0	0/0	0/0	vm	vm		
corpus	tests/backrefs/caseless.rxt:71	byte	0/0	0/0	0/0	vm	vm		
corpus	tests/backrefs/caseless.rxt:77	byte	0/0	0/0	0/0	vm	vm		
corpus	tests/backrefs/caseless.rxt:83	byte	0/0	0/0	0/0	vm	vm		
corpus	tests/backrefs/caseless.rxt:95	byte	0/1	0/1	0/1	vm	vm	bytes-eq/end-eq=1	
corpus	tests/backrefs/caseless.rxt:102	byte	0/0	0/0	0/0	vm	vm		
corpus	tests/backrefs/caseless.rxt:107	byte	0/0	0/0	0/0	vm	vm		
corpus	tests/backrefs/d27/caseless.rxt:72	byte	0/0	0/0	0/0	vm	vm		
corpus	tests/backrefs/d27/dupnames.rxt:39	byte	0/0	0/0	0/0	vm	vm		
corpus	tests/backrefs/d27/dupnames.rxt:50	byte	0/0	0/0	0/0	vm	vm		
corpus	tests/backrefs/d27/dupnames.rxt:59	byte	1/1	1/1	1/1	vm	vm	bytes-eq/end-eq=2	
corpus	tests/backrefs/d27/dupnames.rxt:70	byte	0/0	0/0	0/0	vm	vm		
corpus	tests/backrefs/d27/dupnames.rxt:104	byte	1/2	1/2	1/2	vm	vm	bytes-eq/end-eq=4	
corpus	tests/backrefs/d27/dupnames.rxt:125	byte	0/0	0/0	0/0	vm	vm		
corpus	tests/backrefs/d27/dupnames.rxt:133	byte	0/0	0/0	0/0	vm	vm		
corpus	tests/backrefs/d27/dupnames.rxt:143	byte	0/0	0/0	0/0	vm	vm		
corpus	tests/backrefs/d27/dupnames.rxt:149	byte	0/0	0/0	0/0	vm	vm		
corpus	tests/backrefs/d27/dupnames.rxt:158	byte	0/0	0/0	0/0	vm	vm		
corpus	tests/backrefs/d27/dupnames.rxt:164	byte	0/0	0/0	0/0	vm	vm		
corpus	tests/backrefs/d27/dupnames.rxt:175	byte	0/0	0/0	0/0	vm	vm		
corpus	tests/backrefs/d27/dupnames.rxt:182	byte	None			refused	refused		pcrec: two named subpatterns have the same name (write (?J) before this declaration to allow duplicates) (pattern offset
corpus	tests/backrefs/d27/dupnames.rxt:189	byte	None			refused	refused		pcrec: two named subpatterns have the same name (write (?J) before this declaration to allow duplicates) (pattern offset
corpus	tests/backrefs/d27/gating.rxt:36	byte	0/0	0/0	0/0	vm	vm		
corpus	tests/backrefs/d27/gating.rxt:53	byte	None			refused	refused		pcrec: \8 refers to capture group 8, but this pattern has 0 (pattern offset 0)
corpus	tests/backrefs/d27/gating.rxt:58	byte	0/0	0/0	0/0	vm	vm		
corpus	tests/backrefs/d27/gating.rxt:76	byte	0/0	0/0	0/0	vm	vm		
corpus	tests/backrefs/d27/gating.rxt:89	byte	0/0	0/0	0/0	vm	vm		
corpus	tests/backrefs/d27/gating.rxt:103	byte	0/0	0/0	0/0	dfa	dfa		
corpus	tests/backrefs/d27/gating.rxt:130	byte	0/0	0/0	0/0	vm	vm		
corpus	tests/backrefs/d27/interactions.rxt:24	byte	1/1	1/1	1/1	vm	vm	bytes-eq/end-eq=4	
corpus	tests/backrefs/d27/interactions.rxt:33	byte	1/1	1/1	1/1	vm	vm	bytes-eq/end-eq=4	
corpus	tests/backrefs/d27/interactions.rxt:42	byte	1/1	1/1	1/1	vm	vm	bytes-eq/end-eq=3	
corpus	tests/backrefs/d27/interactions.rxt:55	byte	0/0	0/0	0/0	vm	vm		
corpus	tests/backrefs/d27/interactions.rxt:65	byte	0/0	0/0	0/0	vm	vm		
corpus	tests/backrefs/d27/interactions.rxt:74	byte	0/0	0/0	0/0	vm	vm		
corpus	tests/backrefs/d27/numeric.rxt:19	byte	0/1	0/1	0/1	vm	vm	bytes-eq/end-eq=1	
corpus	tests/backrefs/d27/numeric.rxt:25	byte	1/1	1/1	1/1	vm	vm	bytes-eq/end-eq=2	
corpus	tests/backrefs/d27/numeric.rxt:38	byte	0/0	0/0	0/0	vm	vm		
corpus	tests/backrefs/d27/numeric.rxt:44	byte	0/0	0/0	0/0	vm	vm		
corpus	tests/backrefs/d27/numeric.rxt:53	byte	0/0	0/0	0/0	vm	vm		
corpus	tests/backrefs/d27/numeric.rxt:63	byte	0/1	0/1	0/1	vm	vm	bytes-eq/end-eq=1	
corpus	tests/backrefs/d27/numeric.rxt:73	byte	0/1	0/1	0/1	vm	vm	bytes-eq/end-eq=1	
corpus	tests/backrefs/d27/numeric.rxt:80	byte	0/1	0/1	0/1	vm	vm	bytes-eq/end-eq=1	
corpus	tests/backrefs/d27/numeric.rxt:89	byte	0/1	0/1	0/1	vm	vm	bytes-eq/end-eq=1	
corpus	tests/backrefs/d27/numeric.rxt:94	byte	0/1	0/1	0/1	vm	vm	bytes-eq/end-eq=1	
corpus	tests/backrefs/d27/numeric.rxt:105	byte	0/1	0/1	0/1	vm	vm	bytes-eq/end-eq=1	
corpus	tests/backrefs/d27/numeric.rxt:110	byte	0/1	0/1	0/1	vm	vm	bytes-eq/end-eq=1	
corpus	tests/backrefs/d27/octal.rxt:28	byte	0/0	0/0	0/0	vm	vm		
corpus	tests/backrefs/d27/octal.rxt:37	byte	0/0	0/0	0/0	vm	vm		
corpus	tests/backrefs/d27/octal.rxt:44	byte	0/0	0/0	0/0	vm	vm		
corpus	tests/backrefs/d27/octal.rxt:53	byte	0/0	0/0	0/0	vm	vm		
corpus	tests/backrefs/d27/octal.rxt:63	byte	0/0	0/0	0/0	vm	vm		
corpus	tests/backrefs/d27/octal.rxt:72	byte	0/0	0/0	0/0	vm	vm		
corpus	tests/backrefs/d27/octal.rxt:78	byte	0/0	0/0	0/0	vm	vm		
corpus	tests/backrefs/d27/octal.rxt:88	byte	None			refused	refused		pcrec: \9 refers to capture group 9, but this pattern has 0 (pattern offset 0)
corpus	tests/backrefs/d27/octal.rxt:94	byte	0/0	0/0	0/0	dfa	dfa		
corpus	tests/backrefs/d27/octal.rxt:99	byte	0/0	0/0	0/0	dfa	dfa		
corpus	tests/backrefs/d27/octal.rxt:104	byte	0/0	0/0	0/0	dfa	dfa		
corpus	tests/backrefs/d27/octal.rxt:111	byte	0/0	0/0	0/0	dfa	dfa		
corpus	tests/backrefs/d27/octal.rxt:119	byte	0/0	0/0	0/0	dfa	dfa		
corpus	tests/backrefs/d27/octal.rxt:127	byte	None			refused	refused		pcrec: octal value is greater than \377 in 8-bit non-UTF-8 mode (pattern offset 4)
corpus	tests/backrefs/d27/octal.rxt:136	byte	0/0	0/0	0/0	dfa	dfa		
corpus	tests/backrefs/d27/octal.rxt:142	byte	0/0	0/0	0/0	dfa	dfa		
corpus	tests/backrefs/d27/octal.rxt:147	byte	0/0	0/0	0/0	dfa	dfa		
corpus	tests/backrefs/d27/octal.rxt:152	byte	0/0	0/0	0/0	dfa	dfa		
corpus	tests/backrefs/d27/spellings.rxt:19	byte	0/0	0/0	0/0	vm	vm		
corpus	tests/backrefs/d27/spellings.rxt:28	byte	0/0	0/0	0/0	vm	vm		
corpus	tests/backrefs/d27/spellings.rxt:36	byte	0/0	0/0	0/0	vm	vm		
corpus	tests/backrefs/d27/spellings.rxt:46	byte	0/0	0/0	0/0	vm	vm		
corpus	tests/backrefs/d27/spellings.rxt:52	byte	0/0	0/0	0/0	vm	vm		
corpus	tests/backrefs/d27/spellings.rxt:58	byte	0/0	0/0	0/0	vm	vm		
corpus	tests/backrefs/d27/spellings.rxt:73	byte	0/0	0/0	0/0	vm	vm		
corpus	tests/backrefs/d27/spellings.rxt:79	byte	0/0	0/0	0/0	vm	vm		
corpus	tests/backrefs/d27/spellings.rxt:95	byte	0/0	0/0	0/0	vm	vm		
corpus	tests/backrefs/d27/spellings.rxt:106	byte	0/0	0/0	0/0	vm	vm		
corpus	tests/backrefs/d27/spellings.rxt:136	byte	0/0	0/0	0/0	vm	vm		
corpus	tests/backrefs/d27/syntax_errors.rxt:21	byte	None			refused	refused		pcrec: \g{0} counts back past the first capture group; this pattern has 0 (pattern offset 0)
corpus	tests/backrefs/d27/syntax_errors.rxt:29	byte	None			refused	refused		pcrec: subpattern name must start with a non-digit (a backreference BY NUMBER is spelled \N or \g{N}) (pattern offset 0)
corpus	tests/backrefs/d27/syntax_errors.rxt:34	byte	None			refused	refused		pcrec: subpattern name must start with a non-digit (a backreference BY NUMBER is spelled \N or \g{N}) (pattern offset 0)
corpus	tests/backrefs/d27/syntax_errors.rxt:40	byte	None			refused	refused		pcrec: subpattern name must start with a non-digit (a backreference BY NUMBER is spelled \N or \g{N}) (pattern offset 0)
corpus	tests/backrefs/d27/syntax_errors.rxt:48	byte	None			refused	refused		pcrec: \k must be followed by a name in <>, '' or {} (pattern offset 0)
corpus	tests/backrefs/d27/syntax_errors.rxt:55	byte	None			refused	refused		pcrec: \g{-2} counts back past the first capture group; this pattern has 1 (pattern offset 0)
corpus	tests/backrefs/d27/syntax_errors.rxt:61	byte	None			refused	refused		pcrec: \g{+1} refers to capture group 2, but this pattern has 1 (pattern offset 9)
corpus	tests/backrefs/d27/syntax_errors.rxt:68	byte	None			refused	refused		pcrec: two named subpatterns have the same name (write (?J) before this declaration to allow duplicates) (pattern offset
corpus	tests/backrefs/d27/syntax_errors.rxt:81	byte	None			refused	refused		pcrec: \g{nosuch} refers to a capture group named 'nosuch', which this pattern does not declare (pattern offset 0)
corpus	tests/backrefs/dupnames.rxt:30	byte	0/0	0/0	0/0	vm	vm		
corpus	tests/backrefs/dupnames.rxt:39	byte	0/0	0/0	0/0	vm	vm		
corpus	tests/backrefs/dupnames.rxt:47	byte	0/0	0/0	0/0	vm	vm		
corpus	tests/backrefs/dupnames.rxt:55	byte	None			refused	refused		pcrec: two named subpatterns have the same name (write (?J) before this declaration to allow duplicates) (pattern offset
corpus	tests/backrefs/dupnames.rxt:61	byte	None			refused	refused		pcrec: two named subpatterns have the same name (write (?J) before this declaration to allow duplicates) (pattern offset
corpus	tests/backrefs/dupnames.rxt:67	byte	None			refused	refused		pcrec: two named subpatterns have the same name (write (?J) before this declaration to allow duplicates) (pattern offset
corpus	tests/backrefs/dupnames.rxt:74	byte	0/0	0/0	0/0	vm	vm		
corpus	tests/backrefs/dupnames.rxt:83	byte	0/0	0/0	0/0	vm	vm		
corpus	tests/backrefs/dupnames.rxt:92	byte	0/0	0/0	0/0	vm	vm		
corpus	tests/backrefs/dupnames.rxt:100	byte	None			refused	refused		pcrec: two named subpatterns have the same name (write (?J) before this declaration to allow duplicates) (pattern offset
corpus	tests/backrefs/dupnames.rxt:135	byte	0/0	0/0	0/0	vm	vm		
corpus	tests/backrefs/dupnames.rxt:154	byte	0/0	0/0	0/0	vm	vm		
corpus	tests/backrefs/dupnames.rxt:172	byte	0/0	0/0	0/0	vm	vm		
corpus	tests/backrefs/dupnames.rxt:181	byte	0/0	0/0	0/0	vm	vm		
corpus	tests/backrefs/dupnames.rxt:194	byte	0/0	0/0	0/0	vm	vm		
corpus	tests/backrefs/dupnames.rxt:202	byte	0/0	0/0	0/0	vm	vm		
corpus	tests/backrefs/dupnames.rxt:210	byte	0/0	0/0	0/0	vm	vm		
corpus	tests/backrefs/dupnames.rxt:218	byte	0/0	0/0	0/0	vm	vm		
corpus	tests/backrefs/dupnames.rxt:243	byte	0/1	0/1	0/1	vm	vm	bytes-eq/end-eq=1	
corpus	tests/backrefs/dupnames.rxt:253	byte	0/1	0/1	0/1	vm	vm	bytes-eq/end-eq=1	
corpus	tests/backrefs/gated.rxt:29	byte	0/0	0/0	0/0	vm	vm		
corpus	tests/backrefs/gated.rxt:37	byte	0/0	0/0	0/0	vm	vm		
corpus	tests/backrefs/gated.rxt:45	byte	0/0	0/0	0/0	vm	vm		
corpus	tests/backrefs/gated.rxt:52	byte	0/0	0/0	0/0	vm	vm		
corpus	tests/backrefs/gated.rxt:60	byte	0/0	0/0	0/0	vm	vm		
corpus	tests/backrefs/gated.rxt:71	byte	0/0	0/0	0/0	dfa	dfa		
corpus	tests/backrefs/nested.rxt:39	byte	0/1	0/1	0/1	vm	vm	bytes-eq/end-eq=1	
corpus	tests/backrefs/nested.rxt:47	byte	0/1	0/1	0/1	vm	vm	bytes-eq/end-eq=1	
corpus	tests/backrefs/nested.rxt:70	byte	0/1	0/1	0/1	vm	vm	bytes-eq/end-eq=1	
corpus	tests/backrefs/nested.rxt:81	byte	0/0	0/0	0/0	vm	vm		
corpus	tests/backrefs/nested.rxt:86	byte	0/1	0/1	0/1	vm	vm	bytes-eq/end-eq=1	
corpus	tests/backrefs/numeric.rxt:36	byte	0/0	0/0	0/0	vm	vm		
corpus	tests/backrefs/numeric.rxt:43	byte	0/0	0/0	0/0	vm	vm		
corpus	tests/backrefs/numeric.rxt:51	byte	0/0	0/0	0/0	vm	vm		
corpus	tests/backrefs/numeric.rxt:71	byte	0/1	0/1	0/1	vm	vm	bytes-eq/end-eq=1	
corpus	tests/backrefs/numeric.rxt:80	byte	0/2	0/2	0/2	vm	vm	bytes-eq/end-eq=2	
corpus	tests/backrefs/numeric.rxt:92	byte	0/1	0/1	0/1	vm	vm	bytes-eq/end-eq=1	
corpus	tests/backrefs/numeric.rxt:100	byte	0/1	0/1	0/1	vm	vm	bytes-eq/end-eq=1	
corpus	tests/backrefs/numeric.rxt:114	byte	0/2	0/2	0/2	vm	vm	bytes-eq/end-eq=2	
corpus	tests/backrefs/numeric.rxt:128	byte	0/2	0/2	0/2	vm	vm	bytes-eq/end-eq=2	
corpus	tests/backrefs/numeric.rxt:138	byte	0/2	0/2	0/2	vm	vm	bytes-eq/end-eq=2	
corpus	tests/backrefs/numeric.rxt:145	byte	0/1	0/1	0/1	vm	vm	bytes-eq/end-eq=1	
corpus	tests/backrefs/numeric.rxt:164	byte	0/0	0/0	0/0	vm	vm		
corpus	tests/backrefs/numeric.rxt:182	byte	0/0	0/0	0/0	vm	vm		
corpus	tests/backrefs/octal.rxt:28	byte	0/0	0/0	0/0	dfa	dfa		
corpus	tests/backrefs/octal.rxt:33	byte	0/0	0/0	0/0	dfa	dfa		
corpus	tests/backrefs/octal.rxt:39	byte	0/0	0/0	0/0	dfa	dfa		
corpus	tests/backrefs/octal.rxt:45	byte	0/0	0/0	0/0	vm	vm		
corpus	tests/backrefs/octal.rxt:58	byte	0/0	0/0	0/0	vm	vm		
corpus	tests/backrefs/octal.rxt:71	byte	None			refused	refused		pcrec: \8 refers to capture group 8, but this pattern has 0 (pattern offset 1)
corpus	tests/backrefs/octal.rxt:76	byte	None			refused	refused		pcrec: \9 refers to capture group 9, but this pattern has 0 (pattern offset 1)
corpus	tests/backrefs/octal.rxt:81	byte	0/0	0/0	0/0	vm	vm		
corpus	tests/backrefs/octal.rxt:101	byte	0/0	0/0	0/0	vm	vm		
corpus	tests/backrefs/octal.rxt:110	byte	0/0	0/0	0/0	vm	vm		
corpus	tests/backrefs/octal.rxt:128	byte	0/0	0/0	0/0	vm	vm		
corpus	tests/backrefs/octal.rxt:136	byte	0/0	0/0	0/0	vm	vm		
corpus	tests/backrefs/octal.rxt:141	byte	0/0	0/0	0/0	dfa	dfa		
corpus	tests/backrefs/octal.rxt:151	byte	None			refused	refused		pcrec: \81 refers to capture group 81, but this pattern has 0 (pattern offset 1)
corpus	tests/backrefs/octal.rxt:156	byte	None			refused	refused		pcrec: \89 refers to capture group 89, but this pattern has 0 (pattern offset 1)
corpus	tests/backrefs/octal.rxt:161	byte	None			refused	refused		pcrec: \91 refers to capture group 91, but this pattern has 0 (pattern offset 1)
corpus	tests/backrefs/octal.rxt:171	byte	None			refused	refused		pcrec: octal value is greater than \377 in 8-bit non-UTF-8 mode (pattern offset 5)
corpus	tests/backrefs/octal.rxt:175	byte	0/0	0/0	0/0	dfa	dfa		
corpus	tests/backrefs/octal.rxt:186	byte	None			refused	refused		pcrec: \g10 refers to capture group 10, but this pattern has 0 (pattern offset 1)
corpus	tests/backrefs/octal.rxt:191	byte	None			refused	refused		pcrec: \g{10} refers to capture group 10, but this pattern has 0 (pattern offset 1)
corpus	tests/backrefs/octal_class.rxt:34	byte	0/0	0/0	0/0	dfa	dfa		
corpus	tests/backrefs/octal_class.rxt:42	byte	0/0	0/0	0/0	dfa	dfa		
corpus	tests/backrefs/octal_class.rxt:49	byte	0/0	0/0	0/0	dfa	dfa		
corpus	tests/backrefs/octal_class.rxt:56	byte	0/0	0/0	0/0	dfa	dfa		
corpus	tests/backrefs/octal_class.rxt:62	byte	0/0	0/0	0/0	dfa	dfa		
corpus	tests/backrefs/octal_class.rxt:69	byte	0/0	0/0	0/0	dfa	dfa		
corpus	tests/backrefs/octal_class.rxt:77	byte	0/0	0/0	0/0	dfa	dfa		
corpus	tests/backrefs/octal_class.rxt:85	byte	0/0	0/0	0/0	dfa	dfa		
corpus	tests/backrefs/octal_class.rxt:93	byte	0/0	0/0	0/0	dfa	dfa		
corpus	tests/backrefs/octal_class.rxt:98	byte	None			refused	refused		pcrec: octal value is greater than \377 in 8-bit non-UTF-8 mode (pattern offset 6)
corpus	tests/backrefs/octal_class.rxt:102	byte	0/0	0/0	0/0	dfa	dfa		
corpus	tests/backrefs/octal_class.rxt:106	byte	0/0	0/0	0/0	dfa	dfa		
corpus	tests/backrefs/octal_class.rxt:113	byte	0/0	0/0	0/0	vm	vm		
corpus	tests/backrefs/selfref.rxt:44	byte	0/1	0/1	0/1	vm	vm	bytes-eq/end-eq=1	
corpus	tests/backrefs/selfref.rxt:78	byte	0/1	0/1	0/1	vm	vm	bytes-eq/end-eq=1	
corpus	tests/backrefs/selfref.rxt:87	byte	0/1	0/1	0/1	vm	vm	bytes-eq/end-eq=1	
corpus	tests/backrefs/selfref.rxt:128	byte	1/1	1/1	1/1	vm	vm	bytes-eq/end-eq=4	
corpus	tests/backrefs/selfref.rxt:134	byte	1/1	1/1	1/1	vm	vm	bytes-eq/end-eq=4	
corpus	tests/backrefs/spellings.rxt:30	byte	0/0	0/0	0/0	vm	vm		
corpus	tests/backrefs/spellings.rxt:47	byte	0/0	0/0	0/0	vm	vm		
corpus	tests/backrefs/spellings.rxt:83	byte	0/0	0/0	0/0	vm	vm		
corpus	tests/backrefs/spellings.rxt:90	byte	0/0	0/0	0/0	vm	vm		
corpus	tests/backrefs/spellings.rxt:99	byte	0/0	0/0	0/0	vm	vm		
corpus	tests/backrefs/spellings.rxt:107	byte	0/0	0/0	0/0	vm	vm		
corpus	tests/backrefs/spellings.rxt:115	byte	0/0	0/0	0/0	vm	vm		
corpus	tests/backrefs/spellings.rxt:126	byte	None			refused	refused		pcrec: \g{0} counts back past the first capture group; this pattern has 1 (pattern offset 4)
corpus	tests/backrefs/spellings.rxt:131	byte	None			refused	refused		pcrec: \g0 counts back past the first capture group; this pattern has 1 (pattern offset 4)
corpus	tests/backrefs/spellings.rxt:136	byte	None			refused	refused		pcrec: a relative reference of zero is not allowed (pattern offset 4)
corpus	tests/backrefs/spellings.rxt:141	byte	None			refused	refused		pcrec: \g{-2} counts back past the first capture group; this pattern has 1 (pattern offset 4)
corpus	tests/backrefs/spellings.rxt:146	byte	None			refused	refused		pcrec: \g must be followed by a number, a relative offset, or a braced name or number (pattern offset 4)
corpus	tests/backrefs/spellings.rxt:151	byte	None			refused	refused		pcrec: \g{} takes a number, a relative offset, or a subpattern name, not a mixture (pattern offset 4)
corpus	tests/backrefs/spellings.rxt:156	byte	None			refused	refused		pcrec: subpattern name or number expected after \g{ (pattern offset 4)
corpus	tests/backrefs/spellings.rxt:174	byte	0/0	0/0	0/0	vm	vm		
corpus	tests/backrefs/spellings.rxt:182	byte	0/0	0/0	0/0	vm	vm		
corpus	tests/backrefs/spellings.rxt:190	byte	0/0	0/0	0/0	vm	vm		
corpus	tests/backrefs/spellings.rxt:197	byte	0/0	0/0	0/0	vm	vm		
corpus	tests/backrefs/spellings.rxt:207	byte	None			refused	refused		pcrec: subpattern name must start with a non-digit (a backreference BY NUMBER is spelled \N or \g{N}) (pattern offset 4)
corpus	tests/backrefs/spellings.rxt:212	byte	None			refused	refused		pcrec: subpattern name must start with a non-digit (a backreference BY NUMBER is spelled \N or \g{N}) (pattern offset 4)
corpus	tests/backrefs/spellings.rxt:217	byte	None			refused	refused		pcrec: \k must be followed by a name in <>, '' or {} (pattern offset 8)
corpus	tests/backrefs/spellings.rxt:222	byte	None			refused	refused		pcrec: missing closing > after \k< (pattern offset 8)
corpus	tests/backrefs/spellings.rxt:227	byte	None			refused	refused		pcrec: subpattern name expected after \k<> (pattern offset 8)
corpus	tests/backrefs/spellings.rxt:233	byte	None			refused	refused		pcrec: \k<q> refers to a capture group named 'q', which this pattern does not declare (pattern offset 4)
corpus	tests/backrefs/spellings.rxt:241	byte	0/0	0/0	0/0	vm	vm		
corpus	tests/backrefs/spellings.rxt:257	byte	None			refused	refused		pcrec: subpattern name must start with a non-digit (a backreference BY NUMBER is spelled \N or \g{N}) (pattern offset 4)
corpus	tests/backrefs/spellings.rxt:262	byte	None			refused	refused		pcrec: (?P=q) refers to a capture group named 'q', which this pattern does not declare (pattern offset 8)
corpus	tests/backrefs/spellings.rxt:267	byte	None			refused	refused		pcrec: subpattern name expected after (?P=) (pattern offset 8)
corpus	tests/backrefs/spellings.rxt:277	byte	0/0	0/0	0/0	vm	vm		
corpus	tests/backrefs/spellings.rxt:282	byte	0/0	0/0	0/0	vm	vm		
corpus	tests/base/alternation.rxt:3	byte	0/0	0/0	0/0	dfa	dfa		
corpus	tests/base/alternation.rxt:8	byte	0/0	0/0	0/0	dfa	dfa		
corpus	tests/base/alternation.rxt:13	byte	0/0	0/0	0/0	dfa	dfa		
corpus	tests/base/alternation.rxt:16	byte	0/0	0/0	0/0	dfa	dfa		
corpus	tests/base/alternation.rxt:19	byte	0/0	0/0	0/0	dfa	dfa		
corpus	tests/base/alternation.rxt:23	byte	0/0	0/0	0/0	dfa	dfa		
corpus	tests/base/alternation.rxt:26	byte	0/0	0/0	0/0	dfa	dfa		
corpus	tests/base/alternation.rxt:31	byte	0/0	0/0	0/0	dfa	dfa		
corpus	tests/base/alternation.rxt:34	byte	0/0	0/0	0/0	dfa	dfa		
corpus	tests/base/alternation.rxt:37	byte	0/0	0/0	0/0	vm	vm		
corpus	tests/base/alternation.rxt:42	byte	0/0	0/0	0/0	vm	vm		
corpus	tests/base/alternation.rxt:46	byte	0/0	0/0	0/0	dfa	dfa		
corpus	tests/base/alternation.rxt:49	byte	0/0	0/0	0/0	vm	vm		
corpus	tests/base/alternation_trie.rxt:21	byte	0/0	0/0	0/0	dfa	dfa		
corpus	tests/base/alternation_trie.rxt:27	byte	0/0	0/0	0/0	dfa	dfa		
corpus	tests/base/alternation_trie.rxt:31	byte	0/0	0/0	0/0	dfa	dfa		
corpus	tests/base/alternation_trie.rxt:36	byte	0/0	0/0	0/0	dfa	dfa		
corpus	tests/base/alternation_trie.rxt:40	byte	0/0	0/0	0/0	dfa	dfa		
corpus	tests/base/alternation_trie.rxt:45	byte	0/0	0/0	0/0	dfa	dfa		
corpus	tests/base/alternation_trie.rxt:48	byte	0/0	0/0	0/0	dfa	dfa		
corpus	tests/base/alternation_trie.rxt:51	byte	0/0	0/0	0/0	dfa	dfa		
corpus	tests/base/alternation_trie.rxt:57	byte	0/0	0/0	0/0	dfa	dfa		
corpus	tests/base/alternation_trie.rxt:62	byte	0/0	0/0	0/0	dfa	dfa		
corpus	tests/base/alternation_trie.rxt:67	byte	0/0	0/0	0/0	dfa	dfa		
corpus	tests/base/alternation_trie.rxt:76	byte	1/1	1/1	1/1	dfa	dfa	bytes-eq/end-eq=2	
corpus	tests/base/alternation_trie.rxt:79	byte	1/1	1/1	1/1	dfa	dfa	bytes-eq/end-eq=2	
corpus	tests/base/alternation_trie.rxt:82	byte	1/1	1/1	1/1	dfa	dfa	bytes-eq/end-eq=2	
corpus	tests/base/alternation_trie.rxt:88	byte	0/0	0/0	0/0	dfa	dfa		
corpus	tests/base/alternation_trie.rxt:93	byte	0/0	0/0	0/0	vm	vm		
corpus	tests/base/alternation_trie.rxt:97	byte	0/1	0/1	0/1	dfa	dfa	bytes-eq/end-eq=1	
corpus	tests/base/alternation_trie.rxt:100	byte	0/0	0/0	0/0	vm	vm		
corpus	tests/base/alternation_trie.rxt:105	byte	0/0	0/0	0/0	vm	vm		
corpus	tests/base/alternation_trie.rxt:111	byte	0/0	0/0	0/0	dfa	dfa		
corpus	tests/base/alternation_trie.rxt:122	byte	0/0	0/0	0/0	dfa	dfa		
corpus	tests/base/alternation_trie.rxt:127	byte	0/0	0/0	0/0	dfa	dfa		
corpus	tests/base/alternation_trie.rxt:133	byte	0/0	0/0	0/0	dfa	dfa		
corpus	tests/base/alternation_trie.rxt:138	byte	0/0	0/0	0/0	dfa	dfa		
corpus	tests/base/alternation_trie.rxt:143	byte	0/0	0/0	0/0	dfa	dfa		
corpus	tests/base/alternation_trie.rxt:147	byte	0/0	0/0	0/0	dfa	dfa		
corpus	tests/base/alternation_trie.rxt:149	byte	1/1	1/1	1/1	dfa	dfa	bytes-eq/end-eq=2	
corpus	tests/base/anchors.rxt:3	byte	0/0	0/0	0/0	dfa	dfa		
corpus	tests/base/anchors.rxt:21	byte	0/0	0/0	0/0	dfa	dfa		
corpus	tests/base/anchors.rxt:28	byte	0/0	0/0	0/0	dfa	dfa		
corpus	tests/base/anchors.rxt:32	byte	0/0	0/0	0/0	dfa	dfa		
corpus	tests/base/anchors.rxt:55	byte	0/0	0/0	0/0	dfa	dfa		
corpus	tests/base/bounded_repeats.rxt:3	byte	1/1	1/1	1/1	dfa	dfa	bytes-eq/end-eq=2	
corpus	tests/base/bounded_repeats.rxt:8	byte	1/1	1/1	1/1	dfa	dfa	bytes-eq/end-eq=2	
corpus	tests/base/bounded_repeats.rxt:13	byte	1/1	1/1	1/1	dfa	dfa	bytes-eq/end-eq=2	
corpus	tests/base/bounded_repeats.rxt:17	byte	1/1	1/1	1/1	dfa	dfa	bytes-eq/end-eq=2	
corpus	tests/base/bounded_repeats.rxt:21	byte	1/1	1/1	1/1	dfa	dfa	bytes-eq/end-eq=2	
corpus	tests/base/bounded_repeats.rxt:25	byte	0/1	0/1	0/1	dfa	dfa	bytes-eq/end-eq=1	
corpus	tests/base/bounded_repeats.rxt:29	byte	0/1	0/1	0/1	dfa	dfa	bytes-eq/end-eq=1	
corpus	tests/base/bounded_repeats.rxt:32	byte	0/1	0/1	0/1	dfa	dfa	bytes-eq/end-eq=1	
corpus	tests/base/bounded_repeats.rxt:36	byte	1/1	1/1	1/1	dfa	dfa	bytes-eq/end-eq=2	
corpus	tests/base/bounded_repeats.rxt:42	byte	1/1	1/1	1/1	vm	vm	bytes-eq/end-eq=2	
corpus	tests/base/bounded_repeats.rxt:47	byte	0/0	0/0	0/0	dfa	dfa		
corpus	tests/base/bounded_repeats.rxt:51	byte	0/0	0/0	0/0	dfa	dfa		
corpus	tests/base/bounded_repeats.rxt:55	byte	1/1	1/1	1/1	dfa	dfa	bytes-eq/end-eq=2	
corpus	tests/base/bounded_repeats.rxt:73	byte	1/1	1/1	1/1	dfa	dfa	bytes-eq/end-eq=2	
corpus	tests/base/bounded_repeats.rxt:82	byte	1/1	1/1	1/1	dfa	dfa	bytes-eq/end-eq=2	
corpus	tests/base/bounded_repeats.rxt:87	byte	1/1	1/1	1/1	dfa	dfa	bytes-eq/end-eq=2	
corpus	tests/base/bounded_repeats.rxt:92	byte	1/1	1/1	1/1	dfa	dfa	bytes-eq/end-eq=2	
corpus	tests/base/bounded_repeats.rxt:99	byte	1/1	1/1	1/1	dfa	dfa	bytes-eq/end-eq=2	
corpus	tests/base/bounded_repeats.rxt:105	byte	1/1	1/1	1/1	dfa	dfa	bytes-eq/end-eq=2	
corpus	tests/base/bounded_repeats.rxt:110	byte	1/1	1/1	1/1	dfa	dfa	bytes-eq/end-eq=2	
corpus	tests/base/bounded_repeats.rxt:120	byte	1/1	1/1	1/1	dfa	dfa	bytes-eq/end-eq=2	
corpus	tests/base/bounded_repeats.rxt:125	byte	1/1	1/1	1/1	dfa	dfa	bytes-eq/end-eq=2	
corpus	tests/base/bounded_repeats.rxt:129	byte	1/1	1/1	1/1	vm	vm	bytes-eq/end-eq=2	
corpus	tests/base/caseless.rxt:21	byte	0/0	0/0	0/0	dfa	dfa		
corpus	tests/base/caseless.rxt:30	byte	0/0	0/0	0/0	dfa	dfa		
corpus	tests/base/caseless.rxt:36	byte	2/2	2/2	2/2	dfa	dfa	bytes-eq/end-eq=4	
corpus	tests/base/caseless.rxt:43	byte	0/0	0/0	0/0	dfa	dfa		
corpus	tests/base/caseless.rxt:51	byte	1/1	1/1	1/1	dfa	dfa	bytes-eq/end-eq=2	
corpus	tests/base/caseless.rxt:58	byte	1/1	1/1	1/1	dfa	dfa	bytes-eq/end-eq=2	
corpus	tests/base/caseless.rxt:63	byte	1/1	1/1	1/1	dfa	dfa	bytes-eq/end-eq=2	
corpus	tests/base/caseless.rxt:70	byte	0/0	0/0	0/0	dfa	dfa		
corpus	tests/base/caseless.rxt:77	byte	0/0	0/0	0/0	dfa	dfa		
corpus	tests/base/caseless.rxt:83	byte	1/1	1/1	1/1	dfa	dfa	bytes-eq/end-eq=2	
corpus	tests/base/caseless.rxt:91	byte	1/1	1/1	1/1	dfa	dfa	bytes-eq/end-eq=2	
corpus	tests/base/caseless.rxt:99	byte	1/1	1/1	1/1	vm	vm	bytes-eq/end-eq=2	
corpus	tests/base/caseless.rxt:106	byte	0/0	0/0	0/0	dfa	dfa		
corpus	tests/base/caseless.rxt:111	byte	0/0	0/0	0/0	dfa	dfa		
corpus	tests/base/caseless.rxt:116	byte	0/0	0/0	0/0	dfa	dfa		
corpus	tests/base/caseless.rxt:122	byte	1/1	1/1	1/1	vm	vm	bytes-eq/end-eq=2	
corpus	tests/base/caseless.rxt:128	byte	0/0	0/0	0/0	dfa	dfa		
corpus	tests/base/caseless.rxt:133	byte	1/1	1/1	1/1	dfa	dfa	bytes-eq/end-eq=2	
corpus	tests/base/caseless.rxt:141	byte	0/0	0/0	0/0	dfa	dfa		
corpus	tests/base/caseless.rxt:145	byte	0/0	0/0	0/0	dfa	dfa		
corpus	tests/base/caseless.rxt:149	byte	1/1	1/1	1/1	dfa	dfa	bytes-eq/end-eq=2	
corpus	tests/base/class_brackets.rxt:21	byte	0/0	0/0	0/0	dfa	dfa		
corpus	tests/base/class_brackets.rxt:32	byte	0/0	0/0	0/0	dfa	dfa		
corpus	tests/base/class_brackets.rxt:42	byte	0/0	0/0	0/0	dfa	dfa		
corpus	tests/base/class_brackets.rxt:51	byte	0/0	0/0	0/0	dfa	dfa		
corpus	tests/base/class_brackets.rxt:60	byte	0/0	0/0	0/0	dfa	dfa		
corpus	tests/base/class_brackets.rxt:68	byte	0/0	0/0	0/0	dfa	dfa		
corpus	tests/base/class_brackets.rxt:77	byte	0/0	0/0	0/0	dfa	dfa		
corpus	tests/base/class_brackets.rxt:94	byte	0/0	0/0	0/0	dfa	dfa		
corpus	tests/base/class_brackets.rxt:103	byte	0/0	0/0	0/0	dfa	dfa		
corpus	tests/base/class_brackets.rxt:120	byte	0/0	0/0	0/0	dfa	dfa		
corpus	tests/base/class_brackets.rxt:137	byte	0/0	0/0	0/0	dfa	dfa		
corpus	tests/base/class_brackets.rxt:154	byte	0/0	0/0	0/0	dfa	dfa		
corpus	tests/base/class_brackets.rxt:171	byte	0/0	0/0	0/0	dfa	dfa		
corpus	tests/base/class_brackets.rxt:188	byte	0/0	0/0	0/0	dfa	dfa		
corpus	tests/base/class_escape_fallbacks.rxt:20	byte	0/0	0/0	0/0	dfa	dfa		
corpus	tests/base/class_escape_fallbacks.rxt:25	byte	0/0	0/0	0/0	dfa	dfa		
corpus	tests/base/class_escape_fallbacks.rxt:30	byte	0/0	0/0	0/0	dfa	dfa		
corpus	tests/base/class_escape_fallbacks.rxt:36	byte	0/0	0/0	0/0	dfa	dfa		
corpus	tests/base/class_escape_fallbacks.rxt:41	byte	0/0	0/0	0/0	dfa	dfa		
corpus	tests/base/class_escape_fallbacks.rxt:46	byte	0/0	0/0	0/0	dfa	dfa		
corpus	tests/base/class_escape_fallbacks.rxt:51	byte	0/0	0/0	0/0	dfa	dfa		
corpus	tests/base/class_escape_fallbacks.rxt:56	byte	0/0	0/0	0/0	dfa	dfa		
corpus	tests/base/class_escape_fallbacks.rxt:61	byte	0/0	0/0	0/0	dfa	dfa		
corpus	tests/base/class_escape_fallbacks.rxt:66	byte	0/0	0/0	0/0	dfa	dfa		
corpus	tests/base/class_escape_fallbacks.rxt:70	byte	0/0	0/0	0/0	dfa	dfa		
corpus	tests/base/class_escape_fallbacks.rxt:75	byte	0/0	0/0	0/0	dfa	dfa		
corpus	tests/base/class_escape_fallbacks.rxt:80	byte	0/0	0/0	0/0	dfa	dfa		
corpus	tests/base/class_escape_fallbacks.rxt:87	byte	0/0	0/0	0/0	dfa	dfa		
corpus	tests/base/class_escape_fallbacks.rxt:94	byte	0/0	0/0	0/0	dfa	dfa		
corpus	tests/base/class_escape_fallbacks.rxt:99	byte	0/0	0/0	0/0	dfa	dfa		
corpus	tests/base/class_escape_fallbacks.rxt:104	byte	0/0	0/0	0/0	dfa	dfa		
corpus	tests/base/class_escape_fallbacks.rxt:112	byte	None			refused	refused		pcrec: octal value is greater than \377 in 8-bit non-UTF-8 mode (pattern offset 5)
corpus	tests/base/class_escape_fallbacks.rxt:115	byte	None			refused	refused		pcrec: octal value is greater than \377 in 8-bit non-UTF-8 mode (pattern offset 5)
corpus	tests/base/class_escape_fallbacks.rxt:118	byte	None			refused	refused		pcrec: range out of order in character class (pattern offset 2)
corpus	tests/base/class_escape_fallbacks.rxt:121	byte	None			refused	refused		pcrec: range out of order in character class (pattern offset 2)
corpus	tests/base/class_escape_fallbacks.rxt:124	byte	None			refused	refused		pcrec: range out of order in character class (pattern offset 3)
corpus	tests/base/class_escape_fallbacks.rxt:154	byte	0/0	0/0	0/0	dfa	dfa		
corpus	tests/base/class_escape_fallbacks.rxt:159	byte	0/0	0/0	0/0	dfa	dfa		
corpus	tests/base/class_escape_fallbacks.rxt:167	byte	0/0	0/0	0/0	dfa	dfa		
corpus	tests/base/class_escape_fallbacks.rxt:173	byte	0/0	0/0	0/0	dfa	dfa		
corpus	tests/base/class_escape_fallbacks.rxt:179	byte	0/0	0/0	0/0	dfa	dfa		
corpus	tests/base/class_escape_fallbacks.rxt:185	byte	0/0	0/0	0/0	dfa	dfa		
corpus	tests/base/class_escape_fallbacks.rxt:193	byte	0/0	0/0	0/0	dfa	dfa		
corpus	tests/base/class_escape_fallbacks.rxt:201	byte	0/0	0/0	0/0	dfa	dfa		
corpus	tests/base/class_escape_fallbacks.rxt:209	byte	0/0	0/0	0/0	dfa	dfa		
corpus	tests/base/class_escape_fallbacks.rxt:215	byte	0/0	0/0	0/0	dfa	dfa		
corpus	tests/base/class_escape_fallbacks.rxt:224	byte	0/0	0/0	0/0	dfa	dfa		
corpus	tests/base/class_escape_fallbacks.rxt:232	byte	0/0	0/0	0/0	dfa	dfa		
corpus	tests/base/class_escape_fallbacks.rxt:238	byte	0/0	0/0	0/0	dfa	dfa		
corpus	tests/base/class_escape_fallbacks.rxt:245	byte	0/0	0/0	0/0	dfa	dfa		
corpus	tests/base/class_escape_fallbacks.rxt:252	byte	0/0	0/0	0/0	dfa	dfa		
corpus	tests/base/class_escape_fallbacks.rxt:260	byte	1/1	1/1	1/1	dfa	dfa	bytes-eq/end-eq=2	
corpus	tests/base/class_escape_fallbacks.rxt:266	byte	0/0	0/0	0/0	dfa	dfa		
corpus	tests/base/classes.rxt:3	byte	0/0	0/0	0/0	dfa	dfa		
corpus	tests/base/classes.rxt:7	byte	0/0	0/0	0/0	dfa	dfa		
corpus	tests/base/classes.rxt:11	byte	0/0	0/0	0/0	dfa	dfa		
corpus	tests/base/classes.rxt:15	byte	0/0	0/0	0/0	dfa	dfa		
corpus	tests/base/classes.rxt:20	byte	0/0	0/0	0/0	dfa	dfa		
corpus	tests/base/classes.rxt:24	byte	0/0	0/0	0/0	dfa	dfa		
corpus	tests/base/classes.rxt:28	byte	0/0	0/0	0/0	dfa	dfa		
corpus	tests/base/classes.rxt:33	byte	0/0	0/0	0/0	dfa	dfa		
corpus	tests/base/classes.rxt:36	byte	0/0	0/0	0/0	dfa	dfa		
corpus	tests/base/classes.rxt:40	byte	0/0	0/0	0/0	dfa	dfa		
corpus	tests/base/classes.rxt:44	byte	0/0	0/0	0/0	dfa	dfa		
corpus	tests/base/classes.rxt:48	byte	0/0	0/0	0/0	dfa	dfa		
corpus	tests/base/classes.rxt:52	byte	0/0	0/0	0/0	dfa	dfa		
corpus	tests/base/classes.rxt:57	byte	0/0	0/0	0/0	dfa	dfa		
corpus	tests/base/classes.rxt:63	byte	0/0	0/0	0/0	dfa	dfa		
corpus	tests/base/classes.rxt:67	byte	0/0	0/0	0/0	dfa	dfa		
corpus	tests/base/classes.rxt:77	byte	0/0	0/0	0/0	dfa	dfa		
corpus	tests/base/classes.rxt:81	byte	0/0	0/0	0/0	dfa	dfa		
corpus	tests/base/classes.rxt:85	byte	0/0	0/0	0/0	dfa	dfa		
corpus	tests/base/classes.rxt:89	byte	0/0	0/0	0/0	dfa	dfa		
corpus	tests/base/cls_fold.rxt:24	byte	0/0	0/0	0/0	vm	vm		
corpus	tests/base/cls_fold.rxt:38	byte	0/0	0/0	0/0	vm	vm		
corpus	tests/base/cls_fold.rxt:52	byte	0/0	0/0	0/0	vm	vm		
corpus	tests/base/cls_fold.rxt:68	byte	1/1	1/1	1/1	vm	vm	bytes-eq/end-eq=2	
corpus	tests/base/cls_fold.rxt:81	byte	0/0	0/0	0/0	vm	vm		
corpus	tests/base/cls_fold.rxt:97	byte	0/0	0/0	0/0	vm	vm		
corpus	tests/base/clskit_range_top.rxt:13	byte	0/1	0/1	0/1	vm	vm	bytes-eq/end-eq=1	
corpus	tests/base/clskit_range_top.rxt:18	byte	2/2	2/2	2/2	dfa	dfa	bytes-eq/end-eq=4	
corpus	tests/base/clskit_range_top.rxt:22	byte	2/2	2/2	2/2	vm	vm	bytes-eq/end-eq=4	
corpus	tests/base/clskit_range_top.rxt:28	byte	1/1	1/1	1/1	dfa	dfa	bytes-eq/end-eq=2	
corpus	tests/base/clspack_atoms.rxt:12	byte	0/0	0/0	0/0	vm	vm		
corpus	tests/base/clspack_atoms.rxt:33	byte	0/0	0/0	0/0	vm	vm		
corpus	tests/base/clspack_atoms.rxt:53	byte	3/3	3/3	3/3	vm	vm	bytes-eq/end-eq=6	
corpus	tests/base/clspack_atoms.rxt:71	byte	0/0	0/0	0/0	vm	vm		
corpus	tests/base/clspack_atoms.rxt:95	byte	0/0	0/0	0/0	vm	vm		
corpus	tests/base/comment_escape.rxt:16	byte	0/0	0/0	0/0	dfa	dfa		
corpus	tests/base/comment_escape.rxt:24	byte	0/0	0/0	0/0	dfa	dfa		
corpus	tests/base/d27_bodies.rxt:6	byte	1/1	1/1	1/1	dfa	dfa	bytes-eq/end-eq=2	
corpus	tests/base/d27_bodies.rxt:16	byte	0/1	0/1	0/1	dfa	dfa	bytes-eq/end-eq=1	
corpus	tests/base/d27_bodies.rxt:26	byte	1/1	1/1	1/1	dfa	dfa	bytes-eq/end-eq=2	
corpus	tests/base/d27_bodies.rxt:36	byte	0/1	0/1	0/1	dfa	dfa	bytes-eq/end-eq=1	
corpus	tests/base/d27_bodies.rxt:46	byte	1/1	1/1	1/1	dfa	dfa	bytes-eq/end-eq=2	
corpus	tests/base/d27_bodies.rxt:54	byte	1/1	1/1	1/1	vm	vm	bytes-eq/end-eq=2	
corpus	tests/base/d27_bodies.rxt:72	byte	0/1	0/1	0/1	vm	vm	bytes-eq/end-eq=1	
corpus	tests/base/d27_bodies.rxt:87	byte	1/1	1/1	1/1	vm	vm	bytes-eq/end-eq=2	
corpus	tests/base/d27_bodies.rxt:100	byte	0/1	0/1	0/1	vm	vm	bytes-eq/end-eq=1	
corpus	tests/base/d27_bodies.rxt:111	byte	0/1	0/1	0/1	vm	vm	bytes-eq/end-eq=1	
corpus	tests/base/d27_bodies.rxt:124	byte	0/1	0/1	0/1	vm	vm	bytes-eq/end-eq=1	
corpus	tests/base/d27_bodies.rxt:137	byte	1/1	1/1	1/1	dfa	dfa	bytes-eq/end-eq=2	
corpus	tests/base/d27_bodies.rxt:145	byte	1/1	1/1	1/1	vm	vm	bytes-eq/end-eq=2	
corpus	tests/base/d27_bodies.rxt:157	byte	0/1	0/1	0/1	vm	vm	bytes-eq/end-eq=1	
corpus	tests/base/d27_bodies.rxt:166	byte	0/2	0/2	0/2	vm	vm	bytes-eq/end-eq=2	
corpus	tests/base/d27_bodies.rxt:180	byte	0/2	0/2	0/2	vm	vm	bytes-eq/end-eq=2	
corpus	tests/base/d27_bodies.rxt:191	byte	1/2	1/2	1/2	vm	vm	bytes-eq/end-eq=4	
corpus	tests/base/d27_bodies.rxt:203	byte	1/1	1/1	1/1	vm	vm	bytes-eq/end-eq=2	
corpus	tests/base/d27_bodies.rxt:214	byte	1/1	1/1	1/1	dfa	dfa	bytes-eq/end-eq=2	
corpus	tests/base/d27_captures.rxt:6	byte	0/2	0/2	0/2	vm	vm	bytes-eq/end-eq=2	
corpus	tests/base/d27_captures.rxt:17	byte	2/2	2/2	2/2	vm	vm	bytes-eq/end-eq=4	
corpus	tests/base/d27_captures.rxt:28	byte	1/1	1/1	1/1	vm	vm	bytes-eq/end-eq=2	
corpus	tests/base/d27_captures.rxt:47	byte	1/1	1/1	1/1	vm	vm	bytes-eq/end-eq=2	
corpus	tests/base/d27_captures.rxt:66	byte	1/1	1/1	1/1	vm	vm	bytes-eq/end-eq=2	
corpus	tests/base/d27_captures.rxt:78	byte	1/1	1/1	1/1	vm	vm	bytes-eq/end-eq=2	
corpus	tests/base/d27_captures.rxt:90	byte	1/3	1/3	1/3	vm	vm	bytes-eq/end-eq=6	
corpus	tests/base/d27_captures.rxt:109	byte	1/2	1/2	1/2	vm	vm	bytes-eq/end-eq=4	
corpus	tests/base/d27_edge.rxt:6	byte	0/2	0/2	0/2	vm	vm	bytes-eq/end-eq=2	
corpus	tests/base/d27_edge.rxt:21	byte	0/2	0/2	0/2	vm	vm	bytes-eq/end-eq=2	
corpus	tests/base/d27_edge.rxt:56	byte	1/1	1/1	1/1	dfa	dfa	bytes-eq/end-eq=2	
corpus	tests/base/d27_edge.rxt:63	byte	1/1	1/1	1/1	dfa	dfa	bytes-eq/end-eq=2	
corpus	tests/base/d27_edge.rxt:77	byte	1/1	1/1	1/1	dfa	dfa	bytes-eq/end-eq=2	
corpus	tests/base/d27_edge.rxt:85	byte	1/1	1/1	1/1	vm	vm	bytes-eq/end-eq=2	
corpus	tests/base/d27_edge.rxt:94	byte	1/1	1/1	1/1	dfa	dfa	bytes-eq/end-eq=2	
corpus	tests/base/d27_edge.rxt:103	byte	1/2	1/2	1/2	vm	vm	bytes-eq/end-eq=4	
corpus	tests/base/d27_edge.rxt:115	byte	1/2	1/2	1/2	vm	vm	bytes-eq/end-eq=4	
corpus	tests/base/d27_edge.rxt:127	byte	0/2	0/2	0/2	vm	vm	bytes-eq/end-eq=2	
corpus	tests/base/d27_edge.rxt:139	byte	0/1	0/1	0/1	dfa	dfa	bytes-eq/end-eq=1	
corpus	tests/base/d27_edge.rxt:146	byte	0/1	0/1	0/1	dfa	dfa	bytes-eq/end-eq=1	
corpus	tests/base/d27_edge.rxt:153	byte	1/1	1/1	1/1	vm	vm	bytes-eq/end-eq=2	
corpus	tests/base/d27_edge.rxt:162	byte	1/1	1/1	1/1	vm	vm	bytes-eq/end-eq=2	
corpus	tests/base/d27_edge.rxt:171	byte	1/1	1/1	1/1	dfa	dfa	bytes-eq/end-eq=2	
corpus	tests/base/d27_edge.rxt:180	byte	0/2	0/2	0/2	vm	vm	bytes-eq/end-eq=2	
corpus	tests/base/d27_edge.rxt:191	byte	2/2	2/2	2/2	dfa	dfa	bytes-eq/end-eq=4	
corpus	tests/base/d27_edge.rxt:202	byte	2/3	2/3	2/3	vm	vm	bytes-eq/end-eq=6	
corpus	tests/base/d27_forms.rxt:6	byte	1/1	1/1	1/1	dfa	dfa	bytes-eq/end-eq=2	
corpus	tests/base/d27_forms.rxt:15	byte	1/1	1/1	1/1	dfa	dfa	bytes-eq/end-eq=2	
corpus	tests/base/d27_forms.rxt:24	byte	1/1	1/1	1/1	dfa	dfa	bytes-eq/end-eq=2	
corpus	tests/base/d27_forms.rxt:32	byte	1/1	1/1	1/1	dfa	dfa	bytes-eq/end-eq=2	
corpus	tests/base/d27_forms.rxt:40	byte	1/1	1/1	1/1	dfa	dfa	bytes-eq/end-eq=2	
corpus	tests/base/d27_forms.rxt:49	byte	1/1	1/1	1/1	dfa	dfa	bytes-eq/end-eq=2	
corpus	tests/base/d27_forms.rxt:58	byte	1/1	1/1	1/1	dfa	dfa	bytes-eq/end-eq=2	
corpus	tests/base/d27_forms.rxt:68	byte	1/1	1/1	1/1	dfa	dfa	bytes-eq/end-eq=2	
corpus	tests/base/d27_forms.rxt:78	byte	1/1	1/1	1/1	dfa	dfa	bytes-eq/end-eq=2	
corpus	tests/base/d27_forms.rxt:90	byte	1/1	1/1	1/1	dfa	dfa	bytes-eq/end-eq=2	
corpus	tests/base/d27_forms.rxt:102	byte	1/1	1/1	1/1	dfa	dfa	bytes-eq/end-eq=2	
corpus	tests/base/d27_forms.rxt:112	byte	1/1	1/1	1/1	dfa	dfa	bytes-eq/end-eq=2	
corpus	tests/base/d27_forms.rxt:122	byte	1/1	1/1	1/1	dfa	dfa	bytes-eq/end-eq=2	
corpus	tests/base/d27_forms.rxt:132	byte	1/1	1/1	1/1	dfa	dfa	bytes-eq/end-eq=2	
corpus	tests/base/d27_k23_ambiguous_decomposition.rxt:6	byte	0/2	0/2	0/2	vm	vm	bytes-eq/end-eq=2	
corpus	tests/base/d27_k23_ambiguous_decomposition.rxt:100	byte	0/2	0/2	0/2	vm	vm	bytes-eq/end-eq=2	
corpus	tests/base/d27_k23_ambiguous_decomposition.rxt:114	byte	0/2	0/2	0/2	vm	vm	bytes-eq/end-eq=2	
corpus	tests/base/d27_large_counts.rxt:6	byte	1/1	1/1	1/1	dfa	dfa	bytes-eq/end-eq=2	
corpus	tests/base/d27_large_counts.rxt:13	byte	1/1	1/1	1/1	dfa	dfa	bytes-eq/end-eq=2	
corpus	tests/base/d27_large_counts.rxt:21	byte	0/1	0/1	0/1	dfa	dfa	bytes-eq/end-eq=1	
corpus	tests/base/d27_large_counts.rxt:29	byte	1/1	1/1	1/1	vm	vm	bytes-eq/end-eq=2	
corpus	tests/base/d27_large_counts.rxt:37	byte	1/1	1/1	1/1	dfa	dfa	bytes-eq/end-eq=2	
corpus	tests/base/d27_large_counts.rxt:43	byte	1/1	1/1	1/1	dfa	dfa	bytes-eq/end-eq=2	
corpus	tests/base/d27_nested_min_boundary.rxt:15	byte	0/2	0/2	0/2	vm	vm	bytes-eq/end-eq=2	
corpus	tests/base/d27_nesting.rxt:6	byte	0/2	0/2	0/2	vm	vm	bytes-eq/end-eq=2	
corpus	tests/base/d27_nesting.rxt:21	byte	0/2	0/2	0/2	vm	vm	bytes-eq/end-eq=2	
corpus	tests/base/d27_nesting.rxt:33	byte	0/2	0/2	0/2	vm	vm	bytes-eq/end-eq=2	
corpus	tests/base/d27_nesting.rxt:45	byte	0/2	0/2	0/2	vm	vm	bytes-eq/end-eq=2	
corpus	tests/base/d27_nesting.rxt:57	byte	0/3	0/3	0/3	vm	vm	bytes-eq/end-eq=3	
corpus	tests/base/d27_nesting.rxt:79	byte	0/3	0/3	0/3	vm	vm	bytes-eq/end-eq=3	
corpus	tests/base/d27_nesting.rxt:100	byte	0/3	0/3	0/3	vm	vm	bytes-eq/end-eq=3	
corpus	tests/base/d27_nesting.rxt:121	byte	0/2	0/2	0/2	vm	vm	bytes-eq/end-eq=2	
corpus	tests/base/d27_nesting.rxt:151	byte	0/3	0/3	0/3	vm	vm	bytes-eq/end-eq=3	
corpus	tests/base/d27_nesting.rxt:179	byte	0/2	0/2	0/2	vm	vm	bytes-eq/end-eq=2	
corpus	tests/base/dot.rxt:3	byte	0/0	0/0	0/0	dfa	dfa		
corpus	tests/base/dot.rxt:12	byte	0/0	0/0	0/0	dfa	dfa		
corpus	tests/base/dot.rxt:17	byte	0/0	0/0	0/0	dfa	dfa		
corpus	tests/base/dot.rxt:21	byte	0/0	0/0	0/0	dfa	dfa		
corpus	tests/base/dot.rxt:24	byte	0/0	0/0	0/0	dfa	dfa		
corpus	tests/base/dot.rxt:27	byte	1/1	1/1	1/1	dfa	dfa	bytes-eq/end-eq=2	
corpus	tests/base/dot.rxt:30	byte	1/1	1/1	1/1	dfa	dfa	bytes-eq/end-eq=2	
corpus	tests/base/empty_matches.rxt:3	byte	1/1	1/1	1/1	dfa	dfa	bytes-eq/end-eq=2	
corpus	tests/base/empty_matches.rxt:8	byte	1/1	1/1	1/1	dfa	dfa	bytes-eq/end-eq=2	
corpus	tests/base/empty_matches.rxt:12	byte	0/0	0/0	0/0	dfa	dfa		
corpus	tests/base/empty_matches.rxt:16	byte	0/0	0/0	0/0	dfa	dfa		
corpus	tests/base/empty_matches.rxt:21	byte	0/0	0/0	0/0	vm	vm		
corpus	tests/base/empty_matches.rxt:25	byte	1/1	1/1	1/1	vm	vm	bytes-eq/end-eq=2	
corpus	tests/base/empty_matches.rxt:29	byte	0/0	0/0	0/0	vm	vm		
corpus	tests/base/empty_matches.rxt:33	byte	0/0	0/0	0/0	dfa	dfa		
corpus	tests/base/empty_matches.rxt:41	byte	1/1	1/1	1/1	dfa	dfa	bytes-eq/end-eq=2	
corpus	tests/base/empty_matches.rxt:45	byte	2/2	2/2	2/2	dfa	dfa	bytes-eq/end-eq=4	
corpus	tests/base/empty_matches.rxt:52	byte	1/1	1/1	1/1	dfa	dfa	bytes-eq/end-eq=2	
corpus	tests/base/empty_matches.rxt:57	byte	0/0	0/0	0/0	dfa	dfa		
corpus	tests/base/eol_engine.rxt:12	byte	1/1	1/1	1/1	dfa	dfa	bytes-eq/end-eq=2	
corpus	tests/base/eol_engine.rxt:24	byte	0/0	0/0	0/0	dfa	dfa		
corpus	tests/base/eol_engine.rxt:29	byte	0/0	0/0	0/0	dfa	dfa		
corpus	tests/base/eol_engine.rxt:33	byte	0/1	0/1	0/1	dfa	dfa	bytes-eq/end-eq=1	
corpus	tests/base/eol_engine.rxt:37	byte	1/1	1/1	1/1	dfa	dfa	bytes-eq/end-eq=2	
corpus	tests/base/eol_engine.rxt:42	byte	0/1	0/1	0/1	dfa	dfa	bytes-eq/end-eq=1	
corpus	tests/base/eol_engine.rxt:47	byte	0/0	0/0	0/0	dfa	dfa		
corpus	tests/base/eol_engine.rxt:52	byte	1/1	1/1	1/1	dfa	dfa	bytes-eq/end-eq=2	
corpus	tests/base/eol_scan_avoidance.rxt:15	byte	1/2	1/2	1/2	dfa	dfa	bytes-eq/end-eq=4	
corpus	tests/base/eol_scan_avoidance.rxt:22	byte	2/2	2/2	2/2	dfa	dfa	bytes-eq/end-eq=4	
corpus	tests/base/eol_scan_avoidance.rxt:31	byte	1/1	1/1	1/1	dfa	dfa	bytes-eq/end-eq=2	
corpus	tests/base/eol_scan_avoidance.rxt:37	byte	1/1	1/1	1/1	dfa	dfa	bytes-eq/end-eq=2	
corpus	tests/base/eol_scan_avoidance.rxt:52	byte	1/1	1/1	1/1	dfa	dfa	bytes-eq/end-eq=2	
corpus	tests/base/eol_scan_avoidance.rxt:65	byte	1/1	1/1	1/1	dfa	dfa	bytes-eq/end-eq=2	
corpus	tests/base/eol_scan_avoidance.rxt:89	byte	0/0	0/0	0/0	dfa	dfa		
corpus	tests/base/eol_scan_avoidance.rxt:147	byte	1/1	1/1	1/1	dfa	dfa	bytes-eq/end-eq=2	
corpus	tests/base/eol_scan_avoidance.rxt:162	byte	1/1	1/1	1/1	dfa	dfa	bytes-eq/end-eq=2	
corpus	tests/base/eol_scan_avoidance.rxt:172	byte	1/1	1/1	1/1	dfa	dfa	bytes-eq/end-eq=2	
corpus	tests/base/eol_scan_avoidance.rxt:180	byte	1/1	1/1	1/1	dfa	dfa	bytes-eq/end-eq=2	
corpus	tests/base/eol_scan_avoidance.rxt:188	byte	1/1	1/1	1/1	dfa	dfa	bytes-eq/end-eq=2	
corpus	tests/base/eol_scan_avoidance.rxt:198	byte	1/1	1/1	1/1	dfa	dfa	bytes-eq/end-eq=2	
corpus	tests/base/eol_scan_avoidance.rxt:222	byte	0/1	0/1	0/1	dfa	dfa	bytes-eq/end-eq=1	
corpus	tests/base/eol_scan_avoidance.rxt:233	byte	0/1	0/1	0/1	dfa	dfa	bytes-eq/end-eq=1	
corpus	tests/base/eol_scan_avoidance.rxt:243	byte	0/1	0/1	0/1	dfa	dfa	bytes-eq/end-eq=1	
corpus	tests/base/eol_scan_avoidance.rxt:279	byte	1/1	1/1	1/1	dfa	dfa	bytes-eq/end-eq=2	
corpus	tests/base/eol_scan_avoidance.rxt:290	byte	1/1	1/1	1/1	dfa	dfa	bytes-eq/end-eq=2	
corpus	tests/base/eol_scan_avoidance.rxt:297	byte	1/2	1/2	1/2	dfa	dfa	bytes-eq/end-eq=4	
corpus	tests/base/eol_scan_avoidance.rxt:305	byte	1/1	1/1	1/1	dfa	dfa	bytes-eq/end-eq=2	
corpus	tests/base/eol_scan_avoidance.rxt:334	byte	1/1	1/1	1/1	dfa	dfa	bytes-eq/end-eq=2	
corpus	tests/base/eol_scan_avoidance.rxt:343	byte	0/1	0/1	0/1	dfa	dfa	bytes-eq/end-eq=1	
corpus	tests/base/eol_scan_avoidance.rxt:349	byte	0/1	0/1	0/1	dfa	dfa	bytes-eq/end-eq=1	
corpus	tests/base/eol_scan_avoidance.rxt:355	byte	0/1	0/1	0/1	dfa	dfa	bytes-eq/end-eq=1	
corpus	tests/base/escapes.rxt:3	byte	0/0	0/0	0/0	dfa	dfa		
corpus	tests/base/escapes.rxt:7	byte	0/0	0/0	0/0	dfa	dfa		
corpus	tests/base/escapes.rxt:10	byte	0/0	0/0	0/0	dfa	dfa		
corpus	tests/base/escapes.rxt:13	byte	0/0	0/0	0/0	dfa	dfa		
corpus	tests/base/escapes.rxt:16	byte	0/0	0/0	0/0	dfa	dfa		
corpus	tests/base/escapes.rxt:19	byte	0/0	0/0	0/0	dfa	dfa		
corpus	tests/base/escapes.rxt:22	byte	0/0	0/0	0/0	dfa	dfa		
corpus	tests/base/escapes.rxt:25	byte	0/0	0/0	0/0	dfa	dfa		
corpus	tests/base/escapes.rxt:28	byte	0/0	0/0	0/0	dfa	dfa		
corpus	tests/base/escapes.rxt:31	byte	0/0	0/0	0/0	dfa	dfa		
corpus	tests/base/escapes.rxt:34	byte	0/0	0/0	0/0	dfa	dfa		
corpus	tests/base/escapes.rxt:37	byte	0/0	0/0	0/0	dfa	dfa		
corpus	tests/base/escapes.rxt:40	byte	0/0	0/0	0/0	dfa	dfa		
corpus	tests/base/escapes.rxt:43	byte	0/0	0/0	0/0	dfa	dfa		
corpus	tests/base/escapes.rxt:46	byte	0/0	0/0	0/0	dfa	dfa		
corpus	tests/base/escapes.rxt:50	byte	0/0	0/0	0/0	dfa	dfa		
corpus	tests/base/escapes.rxt:53	byte	0/0	0/0	0/0	dfa	dfa		
corpus	tests/base/escapes.rxt:56	byte	0/0	0/0	0/0	dfa	dfa		
corpus	tests/base/escapes.rxt:59	byte	0/0	0/0	0/0	dfa	dfa		
corpus	tests/base/escapes.rxt:62	byte	0/0	0/0	0/0	dfa	dfa		
corpus	tests/base/escapes.rxt:65	byte	0/0	0/0	0/0	dfa	dfa		
corpus	tests/base/escapes.rxt:68	byte	0/0	0/0	0/0	dfa	dfa		
corpus	tests/base/escapes.rxt:71	byte	0/0	0/0	0/0	dfa	dfa		
corpus	tests/base/escapes.rxt:75	byte	0/0	0/0	0/0	dfa	dfa		
corpus	tests/base/escapes.rxt:78	byte	0/0	0/0	0/0	dfa	dfa		
corpus	tests/base/escapes.rxt:86	byte	0/0	0/0	0/0	dfa	dfa		
corpus	tests/base/escapes.rxt:93	byte	0/0	0/0	0/0	dfa	dfa		
corpus	tests/base/escapes.rxt:98	byte	0/0	0/0	0/0	dfa	dfa		
corpus	tests/base/fuzz_regressions.rxt:4	byte	1/1	1/1	1/1	dfa	dfa	bytes-eq/end-eq=2	
corpus	tests/base/fuzz_regressions.rxt:9	byte	1/1	1/1	1/1	dfa	dfa	bytes-eq/end-eq=2	
corpus	tests/base/fuzz_regressions.rxt:14	byte	1/1	1/1	1/1	dfa	dfa	bytes-eq/end-eq=2	
corpus	tests/base/fuzz_regressions.rxt:21	byte	0/0	0/0	0/0	dfa	dfa		
corpus	tests/base/fuzz_regressions.rxt:29	byte	0/1	0/1	0/1	dfa	dfa	bytes-eq/end-eq=1	
corpus	tests/base/fuzz_regressions.rxt:32	byte	0/1	0/1	0/1	dfa	dfa	bytes-eq/end-eq=1	
corpus	tests/base/groups.rxt:3	byte	0/0	0/0	0/0	vm	vm		
corpus	tests/base/groups.rxt:7	byte	0/0	0/0	0/0	dfa	dfa		
corpus	tests/base/groups.rxt:10	byte	0/0	0/0	0/0	vm	vm		
corpus	tests/base/groups.rxt:14	byte	0/0	0/0	0/0	vm	vm		
corpus	tests/base/groups.rxt:17	byte	0/0	0/0	0/0	vm	vm		
corpus	tests/base/groups.rxt:20	byte	1/1	1/1	1/1	dfa	dfa	bytes-eq/end-eq=2	
corpus	tests/base/groups.rxt:25	byte	1/1	1/1	1/1	dfa	dfa	bytes-eq/end-eq=2	
corpus	tests/base/groups.rxt:29	byte	0/0	0/0	0/0	vm	vm		
corpus	tests/base/groups.rxt:32	byte	0/0	0/0	0/0	vm	vm		
corpus	tests/base/groups.rxt:35	byte	0/0	0/0	0/0	vm	vm		
corpus	tests/base/groups.rxt:39	byte	0/0	0/0	0/0	dfa	dfa		
corpus	tests/base/groups.rxt:46	byte	1/1	1/1	1/1	vm	vm	bytes-eq/end-eq=2	
corpus	tests/base/groups.rxt:50	byte	0/0	0/0	0/0	vm	vm		
corpus	tests/base/groups.rxt:55	byte	1/2	1/2	1/2	vm	vm	bytes-eq/end-eq=4	
corpus	tests/base/groups.rxt:58	byte	0/0	0/0	0/0	dfa	dfa		
corpus	tests/base/high_bytes.rxt:8	byte	0/0	0/0	0/0	dfa	dfa		
corpus	tests/base/high_bytes.rxt:12	byte	0/0	0/0	0/0	dfa	dfa		
corpus	tests/base/high_bytes.rxt:16	byte	0/0	0/0	0/0	dfa	dfa		
corpus	tests/base/high_bytes.rxt:20	byte	0/0	0/0	0/0	dfa	dfa		
corpus	tests/base/high_bytes.rxt:31	byte	0/0	0/0	0/0	dfa	dfa		
corpus	tests/base/high_bytes.rxt:36	byte	0/0	0/0	0/0	dfa	dfa		
corpus	tests/base/high_bytes.rxt:42	byte	1/1	1/1	1/1	dfa	dfa	bytes-eq/end-eq=2	
corpus	tests/base/high_bytes.rxt:47	byte	0/0	0/0	0/0	dfa	dfa		
corpus	tests/base/high_bytes.rxt:53	byte	0/0	0/0	0/0	dfa	dfa		
corpus	tests/base/high_bytes.rxt:58	byte	1/1	1/1	1/1	dfa	dfa	bytes-eq/end-eq=2	
corpus	tests/base/high_bytes.rxt:63	byte	1/1	1/1	1/1	dfa	dfa	bytes-eq/end-eq=2	
corpus	tests/base/k18_arm_order.rxt:32	byte	0/3	0/3	0/3	dfa	dfa	bytes-eq/end-eq=3	
corpus	tests/base/k18_arm_order.rxt:46	byte	0/3	0/3	0/3	dfa	dfa	bytes-eq/end-eq=3	
corpus	tests/base/k18_arm_order.rxt:60	byte	0/3	0/3	0/3	vm	vm	bytes-eq/end-eq=3	
corpus	tests/base/k18_arm_order.rxt:74	byte	0/3	0/3	0/3	vm	vm	bytes-eq/end-eq=3	
corpus	tests/base/k18_arm_order.rxt:88	byte	0/3	0/3	0/3	vm	vm	bytes-eq/end-eq=3	
corpus	tests/base/k18_arm_order.rxt:102	byte	0/3	0/3	0/3	vm	vm	bytes-eq/end-eq=3	
corpus	tests/base/k18_arm_order.rxt:116	byte	0/4	0/4	0/4	dfa	dfa	bytes-eq/end-eq=4	
corpus	tests/base/k18_arm_order.rxt:130	byte	0/4	0/4	0/4	dfa	dfa	bytes-eq/end-eq=4	
corpus	tests/base/k18_arm_order.rxt:144	byte	0/3	0/3	0/3	dfa	dfa	bytes-eq/end-eq=3	
corpus	tests/base/k18_arm_order.rxt:158	byte	0/3	0/3	0/3	dfa	dfa	bytes-eq/end-eq=3	
corpus	tests/base/k18_arm_order.rxt:172	byte	0/4	0/4	0/4	dfa	dfa	bytes-eq/end-eq=4	
corpus	tests/base/k18_arm_order.rxt:186	byte	0/4	0/4	0/4	dfa	dfa	bytes-eq/end-eq=4	
corpus	tests/base/k18_arm_order.rxt:200	byte	0/3	0/3	0/3	dfa	dfa	bytes-eq/end-eq=3	
corpus	tests/base/k18_arm_order.rxt:214	byte	0/3	0/3	0/3	dfa	dfa	bytes-eq/end-eq=3	
corpus	tests/base/k18_arm_order.rxt:228	byte	0/3	0/3	0/3	dfa	dfa	bytes-eq/end-eq=3	
corpus	tests/base/k18_arm_order.rxt:242	byte	0/3	0/3	0/3	dfa	dfa	bytes-eq/end-eq=3	
corpus	tests/base/k18_arm_order.rxt:256	byte	0/3	0/3	0/3	dfa	dfa	bytes-eq/end-eq=3	
corpus	tests/base/k18_arm_order.rxt:274	byte	0/3	0/3	0/3	dfa	dfa	bytes-eq/end-eq=3	
corpus	tests/base/k18_arm_order.rxt:292	byte	0/3	0/3	0/3	dfa	dfa	bytes-eq/end-eq=3	
corpus	tests/base/k18_arm_order.rxt:306	byte	0/3	0/3	0/3	dfa	dfa	bytes-eq/end-eq=3	
corpus	tests/base/k18_arm_order.rxt:320	byte	0/3	0/3	0/3	dfa	dfa	bytes-eq/end-eq=3	
corpus	tests/base/k18_arm_order.rxt:334	byte	0/3	0/3	0/3	dfa	dfa	bytes-eq/end-eq=3	
corpus	tests/base/k18_arm_order.rxt:348	byte	0/3	0/3	0/3	dfa	dfa	bytes-eq/end-eq=3	
corpus	tests/base/k18_arm_order.rxt:362	byte	0/3	0/3	0/3	dfa	dfa	bytes-eq/end-eq=3	
corpus	tests/base/k18_arm_order.rxt:376	byte	0/3	0/3	0/3	dfa	dfa	bytes-eq/end-eq=3	
corpus	tests/base/k18_arm_order.rxt:390	byte	0/3	0/3	0/3	dfa	dfa	bytes-eq/end-eq=3	
corpus	tests/base/k18_arm_order.rxt:404	byte	0/3	0/3	0/3	vm	vm	bytes-eq/end-eq=3	
corpus	tests/base/k18_arm_order.rxt:418	byte	0/3	0/3	0/3	vm	vm	bytes-eq/end-eq=3	
corpus	tests/base/k18_arm_order.rxt:432	byte	0/3	0/3	0/3	dfa	dfa	bytes-eq/end-eq=3	
corpus	tests/base/k18_arm_order.rxt:446	byte	0/3	0/3	0/3	dfa	dfa	bytes-eq/end-eq=3	
corpus	tests/base/k18_arm_order.rxt:460	byte	0/3	0/3	0/3	dfa	dfa	bytes-eq/end-eq=3	
corpus	tests/base/k18_arm_order.rxt:474	byte	0/3	0/3	0/3	dfa	dfa	bytes-eq/end-eq=3	
corpus	tests/base/k18_arm_order.rxt:488	byte	0/3	0/3	0/3	dfa	dfa	bytes-eq/end-eq=3	
corpus	tests/base/k18_arm_order.rxt:502	byte	0/3	0/3	0/3	dfa	dfa	bytes-eq/end-eq=3	
corpus	tests/base/k18_arm_order.rxt:516	byte	0/3	0/3	0/3	dfa	dfa	bytes-eq/end-eq=3	
corpus	tests/base/k18_arm_order.rxt:530	byte	0/3	0/3	0/3	dfa	dfa	bytes-eq/end-eq=3	
corpus	tests/base/k18_arm_order.rxt:544	byte	0/2	0/2	0/2	dfa	dfa	bytes-eq/end-eq=2	
corpus	tests/base/k18_arm_order.rxt:558	byte	0/2	0/2	0/2	dfa	dfa	bytes-eq/end-eq=2	
corpus	tests/base/k18_arm_order.rxt:572	byte	0/2	0/2	0/2	dfa	dfa	bytes-eq/end-eq=2	
corpus	tests/base/k18_arm_order.rxt:586	byte	0/2	0/2	0/2	dfa	dfa	bytes-eq/end-eq=2	
corpus	tests/base/k18_arm_order.rxt:600	byte	0/2	0/2	0/2	vm	vm	bytes-eq/end-eq=2	
corpus	tests/base/k18_arm_order.rxt:614	byte	0/3	0/3	0/3	dfa	dfa	bytes-eq/end-eq=3	
corpus	tests/base/k18_arm_order.rxt:632	byte	0/3	0/3	0/3	dfa	dfa	bytes-eq/end-eq=3	
corpus	tests/base/k18_arm_order.rxt:650	byte	0/3	0/3	0/3	dfa	dfa	bytes-eq/end-eq=3	
corpus	tests/base/k18_arm_order.rxt:668	byte	0/3	0/3	0/3	dfa	dfa	bytes-eq/end-eq=3	
corpus	tests/base/k18_arm_order.rxt:686	byte	0/3	0/3	0/3	dfa	dfa	bytes-eq/end-eq=3	
corpus	tests/base/k18_arm_order.rxt:700	byte	0/2	0/2	0/2	dfa	dfa	bytes-eq/end-eq=2	
corpus	tests/base/k18_arm_order.rxt:714	byte	0/2	0/2	0/2	dfa	dfa	bytes-eq/end-eq=2	
corpus	tests/base/k18_arm_order.rxt:728	byte	0/3	0/3	0/3	dfa	dfa	bytes-eq/end-eq=3	
corpus	tests/base/k18_arm_order.rxt:742	byte	0/2	0/2	0/2	dfa	dfa	bytes-eq/end-eq=2	
corpus	tests/base/k18_arm_order.rxt:747	byte	0/4	0/4	0/4	dfa	dfa	bytes-eq/end-eq=4	
corpus	tests/base/k18_arm_order.rxt:761	byte	0/5	0/5	0/5	dfa	dfa	bytes-eq/end-eq=5	
corpus	tests/base/k18_arm_order.rxt:775	byte	1/1	1/1	1/1	dfa	dfa	bytes-eq/end-eq=2	
corpus	tests/base/k18_arm_order.rxt:793	byte	0/3	0/3	0/3	dfa	dfa	bytes-eq/end-eq=3	
corpus	tests/base/k18_cost_gates.rxt:66	byte	1/3	1/3	1/3	vm	vm	bytes-eq/end-eq=6	
corpus	tests/base/k18_cost_gates.rxt:70	byte	1/3	1/3	1/3	vm	vm	bytes-eq/end-eq=6	
corpus	tests/base/k18_cost_gates.rxt:88	byte	0/8	0/8	0/8	vm	vm	bytes-eq/end-eq=8	
corpus	tests/base/k18_cost_gates.rxt:93	byte	0/8	0/8	0/8	vm	vm	bytes-eq/end-eq=8	
corpus	tests/base/k18_cost_gates.rxt:98	byte	0/8	0/8	0/8	vm	vm	bytes-eq/end-eq=8	
corpus	tests/base/k18_cost_gates.rxt:103	byte	0/8	0/8	0/8	vm	vm	bytes-eq/end-eq=56	
corpus	tests/base/k18_deep_nesting.rxt:39	byte	0/5	0/5	0/5	dfa	dfa	bytes-eq/end-eq=5	
corpus	tests/base/k18_deep_nesting.rxt:44	byte	0/17	0/17	0/17	dfa	dfa	bytes-eq/end-eq=17	
corpus	tests/base/k18_deep_nesting.rxt:49	byte	0/65	0/65	0/65	dfa	dfa	bytes-eq/end-eq=65	
corpus	tests/base/k18_deep_nesting.rxt:54	byte	0/101	0/101	0/101	dfa	dfa	bytes-eq/end-eq=101	
corpus	tests/base/k18_deep_nesting.rxt:59	byte	0/201	0/201	0/201	dfa	dfa	bytes-eq/end-eq=201	
corpus	tests/base/k18_deep_nesting.rxt:64	byte	0/251	0/251	0/251	dfa	dfa	bytes-eq/end-eq=251	
corpus	tests/base/k18_deep_nesting.rxt:69	byte	0/251	0/251	0/251	dfa	dfa	bytes-eq/end-eq=251	
corpus	tests/base/k18_deep_nesting.rxt:74	byte	0/81	0/81	0/81	dfa	dfa	bytes-eq/end-eq=81	
corpus	tests/base/k18_split_shapes.rxt:22	byte	0/3	0/3	0/3	dfa	dfa	bytes-eq/end-eq=3	
corpus	tests/base/k18_split_shapes.rxt:36	byte	0/3	0/3	0/3	dfa	dfa	bytes-eq/end-eq=3	
corpus	tests/base/k18_split_shapes.rxt:50	byte	0/3	0/3	0/3	dfa	dfa	bytes-eq/end-eq=3	
corpus	tests/base/k18_split_shapes.rxt:64	byte	0/3	0/3	0/3	dfa	dfa	bytes-eq/end-eq=3	
corpus	tests/base/k18_split_shapes.rxt:78	byte	0/3	0/3	0/3	dfa	dfa	bytes-eq/end-eq=3	
corpus	tests/base/k18_split_shapes.rxt:92	byte	0/3	0/3	0/3	dfa	dfa	bytes-eq/end-eq=3	
corpus	tests/base/k18_split_shapes.rxt:106	byte	0/3	0/3	0/3	dfa	dfa	bytes-eq/end-eq=3	
corpus	tests/base/k18_split_shapes.rxt:120	byte	0/3	0/3	0/3	dfa	dfa	bytes-eq/end-eq=3	
corpus	tests/base/k18_split_shapes.rxt:134	byte	0/3	0/3	0/3	dfa	dfa	bytes-eq/end-eq=3	
corpus	tests/base/k18_split_shapes.rxt:148	byte	0/3	0/3	0/3	dfa	dfa	bytes-eq/end-eq=3	
corpus	tests/base/k18_split_shapes.rxt:162	byte	0/3	0/3	0/3	dfa	dfa	bytes-eq/end-eq=3	
corpus	tests/base/k18_split_shapes.rxt:176	byte	0/3	0/3	0/3	dfa	dfa	bytes-eq/end-eq=3	
corpus	tests/base/k18_split_shapes.rxt:185	byte	0/3	0/3	0/3	dfa	dfa	bytes-eq/end-eq=3	
corpus	tests/base/k18_split_shapes.rxt:194	byte	0/3	0/3	0/3	dfa	dfa	bytes-eq/end-eq=3	
corpus	tests/base/k18_split_shapes.rxt:203	byte	0/3	0/3	0/3	dfa	dfa	bytes-eq/end-eq=3	
corpus	tests/base/k18_split_shapes.rxt:212	byte	0/3	0/3	0/3	dfa	dfa	bytes-eq/end-eq=3	
corpus	tests/base/k18_split_shapes.rxt:221	byte	0/3	0/3	0/3	dfa	dfa	bytes-eq/end-eq=3	
corpus	tests/base/k18_split_shapes.rxt:230	byte	0/3	0/3	0/3	dfa	dfa	bytes-eq/end-eq=3	
corpus	tests/base/k18_split_shapes.rxt:235	byte	0/3	0/3	0/3	dfa	dfa	bytes-eq/end-eq=3	
corpus	tests/base/k18_split_shapes.rxt:240	byte	0/3	0/3	0/3	dfa	dfa	bytes-eq/end-eq=3	
corpus	tests/base/k18_split_shapes.rxt:245	byte	0/3	0/3	0/3	dfa	dfa	bytes-eq/end-eq=3	
corpus	tests/base/k18_split_shapes.rxt:250	byte	0/3	0/3	0/3	dfa	dfa	bytes-eq/end-eq=3	
corpus	tests/base/k18_split_shapes.rxt:255	byte	0/3	0/3	0/3	dfa	dfa	bytes-eq/end-eq=3	
corpus	tests/base/k18_split_shapes.rxt:260	byte	0/3	0/3	0/3	dfa	dfa	bytes-eq/end-eq=3	
corpus	tests/base/k18_split_shapes.rxt:265	byte	0/3	0/3	0/3	dfa	dfa	bytes-eq/end-eq=3	
corpus	tests/base/k18_split_shapes.rxt:270	byte	0/3	0/3	0/3	dfa	dfa	bytes-eq/end-eq=3	
corpus	tests/base/k18_split_shapes.rxt:275	byte	0/3	0/3	0/3	dfa	dfa	bytes-eq/end-eq=3	
corpus	tests/base/k18_split_shapes.rxt:280	byte	0/3	0/3	0/3	dfa	dfa	bytes-eq/end-eq=3	
corpus	tests/base/k18_split_shapes.rxt:285	byte	0/3	0/3	0/3	dfa	dfa	bytes-eq/end-eq=3	
corpus	tests/base/k18_split_shapes.rxt:290	byte	0/3	0/3	0/3	dfa	dfa	bytes-eq/end-eq=3	
corpus	tests/base/k18_split_shapes.rxt:295	byte	0/3	0/3	0/3	dfa	dfa	bytes-eq/end-eq=3	
corpus	tests/base/k18_split_shapes.rxt:300	byte	0/3	0/3	0/3	dfa	dfa	bytes-eq/end-eq=3	
corpus	tests/base/k18_split_shapes.rxt:305	byte	0/3	0/3	0/3	dfa	dfa	bytes-eq/end-eq=3	
corpus	tests/base/k18_split_shapes.rxt:310	byte	0/3	0/3	0/3	dfa	dfa	bytes-eq/end-eq=3	
corpus	tests/base/k18_split_shapes.rxt:315	byte	0/4	0/4	0/4	dfa	dfa	bytes-eq/end-eq=4	
corpus	tests/base/k18_split_shapes.rxt:329	byte	0/4	0/4	0/4	dfa	dfa	bytes-eq/end-eq=4	
corpus	tests/base/k18_split_shapes.rxt:343	byte	0/4	0/4	0/4	dfa	dfa	bytes-eq/end-eq=4	
corpus	tests/base/k18_split_shapes.rxt:357	byte	0/4	0/4	0/4	dfa	dfa	bytes-eq/end-eq=4	
corpus	tests/base/k18_split_shapes.rxt:371	byte	0/4	0/4	0/4	dfa	dfa	bytes-eq/end-eq=4	
corpus	tests/base/k18_split_shapes.rxt:385	byte	0/4	0/4	0/4	dfa	dfa	bytes-eq/end-eq=4	
corpus	tests/base/k18_split_shapes.rxt:399	byte	0/4	0/4	0/4	dfa	dfa	bytes-eq/end-eq=4	
corpus	tests/base/k18_split_shapes.rxt:413	byte	0/4	0/4	0/4	dfa	dfa	bytes-eq/end-eq=4	
corpus	tests/base/k18_split_shapes.rxt:427	byte	0/4	0/4	0/4	dfa	dfa	bytes-eq/end-eq=4	
corpus	tests/base/k18_split_shapes.rxt:436	byte	0/4	0/4	0/4	dfa	dfa	bytes-eq/end-eq=4	
corpus	tests/base/k18_split_shapes.rxt:445	byte	0/4	0/4	0/4	dfa	dfa	bytes-eq/end-eq=4	
corpus	tests/base/k18_split_shapes.rxt:454	byte	0/4	0/4	0/4	dfa	dfa	bytes-eq/end-eq=4	
corpus	tests/base/k18_split_shapes.rxt:459	byte	0/4	0/4	0/4	dfa	dfa	bytes-eq/end-eq=4	
corpus	tests/base/k18_split_shapes.rxt:464	byte	0/4	0/4	0/4	dfa	dfa	bytes-eq/end-eq=4	
corpus	tests/base/k18_split_shapes.rxt:469	byte	0/4	0/4	0/4	dfa	dfa	bytes-eq/end-eq=4	
corpus	tests/base/k18_split_shapes.rxt:474	byte	0/4	0/4	0/4	dfa	dfa	bytes-eq/end-eq=4	
corpus	tests/base/k18_split_shapes.rxt:479	byte	0/4	0/4	0/4	dfa	dfa	bytes-eq/end-eq=4	
corpus	tests/base/k18_split_shapes.rxt:484	byte	0/4	0/4	0/4	dfa	dfa	bytes-eq/end-eq=4	
corpus	tests/base/k18_split_shapes.rxt:489	byte	0/4	0/4	0/4	dfa	dfa	bytes-eq/end-eq=4	
corpus	tests/base/k18_split_shapes.rxt:494	byte	0/4	0/4	0/4	dfa	dfa	bytes-eq/end-eq=4	
corpus	tests/base/k18_split_shapes.rxt:499	byte	0/4	0/4	0/4	dfa	dfa	bytes-eq/end-eq=4	
corpus	tests/base/k18_split_shapes.rxt:504	byte	0/4	0/4	0/4	dfa	dfa	bytes-eq/end-eq=4	
corpus	tests/base/k18_split_shapes.rxt:509	byte	0/3	0/3	0/3	dfa	dfa	bytes-eq/end-eq=3	
corpus	tests/base/k18_split_shapes.rxt:518	byte	0/3	0/3	0/3	dfa	dfa	bytes-eq/end-eq=3	
corpus	tests/base/k18_split_shapes.rxt:527	byte	0/3	0/3	0/3	dfa	dfa	bytes-eq/end-eq=3	
corpus	tests/base/k18_split_shapes.rxt:536	byte	0/3	0/3	0/3	dfa	dfa	bytes-eq/end-eq=3	
corpus	tests/base/k18_split_shapes.rxt:545	byte	0/3	0/3	0/3	dfa	dfa	bytes-eq/end-eq=3	
corpus	tests/base/k18_split_shapes.rxt:554	byte	0/3	0/3	0/3	dfa	dfa	bytes-eq/end-eq=3	
corpus	tests/base/k18_split_shapes.rxt:572	byte	0/3	0/3	0/3	dfa	dfa	bytes-eq/end-eq=3	
corpus	tests/base/k18_split_shapes.rxt:590	byte	0/3	0/3	0/3	dfa	dfa	bytes-eq/end-eq=3	
corpus	tests/base/k18_split_shapes.rxt:608	byte	0/3	0/3	0/3	dfa	dfa	bytes-eq/end-eq=3	
corpus	tests/base/k18_split_shapes.rxt:626	byte	0/3	0/3	0/3	dfa	dfa	bytes-eq/end-eq=3	
corpus	tests/base/k18_split_shapes.rxt:644	byte	0/3	0/3	0/3	dfa	dfa	bytes-eq/end-eq=3	
corpus	tests/base/k18_split_shapes.rxt:653	byte	0/3	0/3	0/3	dfa	dfa	bytes-eq/end-eq=3	
corpus	tests/base/k18_split_shapes.rxt:662	byte	0/3	0/3	0/3	dfa	dfa	bytes-eq/end-eq=3	
corpus	tests/base/k18_split_shapes.rxt:671	byte	0/3	0/3	0/3	dfa	dfa	bytes-eq/end-eq=3	
corpus	tests/base/k18_split_shapes.rxt:680	byte	0/3	0/3	0/3	dfa	dfa	bytes-eq/end-eq=3	
corpus	tests/base/k18_split_shapes.rxt:689	byte	0/3	0/3	0/3	dfa	dfa	bytes-eq/end-eq=3	
corpus	tests/base/k18_split_shapes.rxt:698	byte	0/3	0/3	0/3	dfa	dfa	bytes-eq/end-eq=3	
corpus	tests/base/k18_split_shapes.rxt:707	byte	0/3	0/3	0/3	dfa	dfa	bytes-eq/end-eq=3	
corpus	tests/base/k18_split_shapes.rxt:716	byte	0/3	0/3	0/3	dfa	dfa	bytes-eq/end-eq=3	
corpus	tests/base/k18_split_shapes.rxt:725	byte	0/3	0/3	0/3	dfa	dfa	bytes-eq/end-eq=3	
corpus	tests/base/k18_split_shapes.rxt:734	byte	0/3	0/3	0/3	dfa	dfa	bytes-eq/end-eq=3	
corpus	tests/base/k18_split_shapes.rxt:743	byte	0/3	0/3	0/3	dfa	dfa	bytes-eq/end-eq=3	
corpus	tests/base/k18_split_shapes.rxt:752	byte	0/3	0/3	0/3	dfa	dfa	bytes-eq/end-eq=3	
corpus	tests/base/k18_split_shapes.rxt:761	byte	0/3	0/3	0/3	dfa	dfa	bytes-eq/end-eq=3	
corpus	tests/base/k18_split_shapes.rxt:770	byte	0/3	0/3	0/3	dfa	dfa	bytes-eq/end-eq=3	
corpus	tests/base/k18_split_shapes.rxt:779	byte	0/3	0/3	0/3	dfa	dfa	bytes-eq/end-eq=3	
corpus	tests/base/k18_split_shapes.rxt:788	byte	0/3	0/3	0/3	dfa	dfa	bytes-eq/end-eq=3	
corpus	tests/base/k64_precheck_forced_vm.rxt:31	byte	0/2	0/2	0/2	vm	vm	bytes-eq/end-eq=2	
corpus	tests/base/k64_precheck_forced_vm.rxt:41	byte	1/1	1/1	1/1	dfa	dfa	bytes-eq/end-eq=2	
corpus	tests/base/k65_precheck_whole_set.rxt:31	byte	0/3	0/3	0/3	vm	vm	bytes-eq/end-eq=3	
corpus	tests/base/k65_precheck_whole_set.rxt:44	utf8	0/3	0/3	0/3	vm	vm	bytes-eq/end-eq=3	
corpus	tests/base/k65_precheck_whole_set.rxt:57	byte	0/3	0/3	0/3	vm	vm	bytes-eq/end-eq=3	
corpus	tests/base/k66_precheck_whole_run.rxt:34	byte	0/3	0/3	0/3	vm	vm	bytes-eq/end-eq=3	
corpus	tests/base/k66_precheck_whole_run.rxt:47	utf8	0/3	0/3	0/3	vm	vm	bytes-eq/end-eq=3	
corpus	tests/base/leftmost_semantics.rxt:20	byte	1/1	1/1	1/1	dfa	dfa	bytes-eq/end-eq=2	
corpus	tests/base/leftmost_semantics.rxt:23	byte	0/1	0/1	0/1	dfa	dfa	bytes-eq/end-eq=1	
corpus	tests/base/leftmost_semantics.rxt:26	byte	0/1	0/1	0/1	dfa	dfa	bytes-eq/end-eq=1	
corpus	tests/base/leftmost_semantics.rxt:29	byte	0/1	0/1	0/1	dfa	dfa	bytes-eq/end-eq=1	
corpus	tests/base/leftmost_semantics.rxt:40	byte	0/0	0/0	0/0	dfa	dfa		
corpus	tests/base/leftmost_semantics.rxt:43	byte	0/0	0/0	0/0	dfa	dfa		
corpus	tests/base/leftmost_semantics.rxt:46	byte	0/0	0/0	0/0	dfa	dfa		
corpus	tests/base/leftmost_semantics.rxt:49	byte	0/0	0/0	0/0	dfa	dfa		
corpus	tests/base/leftmost_semantics.rxt:53	byte	0/1	0/1	0/1	dfa	dfa	bytes-eq/end-eq=1	
corpus	tests/base/leftmost_semantics.rxt:56	byte	0/1	0/1	0/1	dfa	dfa	bytes-eq/end-eq=1	
corpus	tests/base/leftmost_semantics.rxt:60	byte	0/1	0/1	0/1	dfa	dfa	bytes-eq/end-eq=1	
corpus	tests/base/leftmost_semantics.rxt:63	byte	0/0	0/0	0/0	vm	vm		
corpus	tests/base/leftmost_semantics.rxt:66	byte	0/0	0/0	0/0	vm	vm		
corpus	tests/base/literals.rxt:3	byte	0/0	0/0	0/0	dfa	dfa		
corpus	tests/base/literals.rxt:16	byte	0/0	0/0	0/0	dfa	dfa		
corpus	tests/base/literals.rxt:20	byte	0/0	0/0	0/0	dfa	dfa		
corpus	tests/base/literals.rxt:24	byte	0/0	0/0	0/0	dfa	dfa		
corpus	tests/base/literals.rxt:27	byte	0/0	0/0	0/0	dfa	dfa		
corpus	tests/base/literals.rxt:30	byte	0/0	0/0	0/0	dfa	dfa		
corpus	tests/base/long_subjects.rxt:6	byte	0/0	0/0	0/0	dfa	dfa		
corpus	tests/base/long_subjects.rxt:10	byte	0/0	0/0	0/0	dfa	dfa		
corpus	tests/base/long_subjects.rxt:18	byte	1/1	1/1	1/1	dfa	dfa	bytes-eq/end-eq=2	
corpus	tests/base/long_subjects.rxt:22	byte	0/1	0/1	0/1	dfa	dfa	bytes-eq/end-eq=1	
corpus	tests/base/long_subjects.rxt:30	byte	1/1	1/1	1/1	dfa	dfa	bytes-eq/end-eq=2	
corpus	tests/base/long_subjects.rxt:42	byte	0/0	0/0	0/0	dfa	dfa		
corpus	tests/base/opt41_rung_nullable_decline.rxt:40	byte	1/1	1/1	1/1	vm	vm	bytes-eq/end-eq=2	
corpus	tests/base/possess_lazy_guard.rxt:43	byte	0/1	0/1	0/1	dfa	dfa	bytes-eq/end-eq=1	
corpus	tests/base/possess_lazy_guard.rxt:48	byte	1/2	1/2	1/2	dfa	dfa	bytes-eq/end-eq=4	
corpus	tests/base/possess_lazy_guard.rxt:53	byte	0/1	0/1	0/1	dfa	dfa	bytes-eq/end-eq=1	
corpus	tests/base/possess_lazy_guard.rxt:58	byte	1/2	1/2	1/2	dfa	dfa	bytes-eq/end-eq=4	
corpus	tests/base/possess_lazy_guard.rxt:63	byte	0/1	0/1	0/1	dfa	dfa	bytes-eq/end-eq=1	
corpus	tests/base/possess_lazy_guard.rxt:68	byte	1/2	1/2	1/2	dfa	dfa	bytes-eq/end-eq=4	
corpus	tests/base/possess_lazy_guard.rxt:73	byte	0/1	0/1	0/1	dfa	dfa	bytes-eq/end-eq=1	
corpus	tests/base/possess_lazy_guard.rxt:78	byte	1/2	1/2	1/2	dfa	dfa	bytes-eq/end-eq=4	
corpus	tests/base/possess_lazy_guard.rxt:83	byte	0/1	0/1	0/1	dfa	dfa	bytes-eq/end-eq=1	
corpus	tests/base/possess_lazy_guard.rxt:88	byte	1/2	1/2	1/2	dfa	dfa	bytes-eq/end-eq=4	
corpus	tests/base/possess_lazy_guard.rxt:93	byte	0/1	0/1	0/1	dfa	dfa	bytes-eq/end-eq=1	
corpus	tests/base/possess_lazy_guard.rxt:98	byte	1/2	1/2	1/2	dfa	dfa	bytes-eq/end-eq=4	
corpus	tests/base/possess_lazy_guard.rxt:103	byte	0/1	0/1	0/1	vm	vm	bytes-eq/end-eq=1	
corpus	tests/base/possess_lazy_guard.rxt:110	byte	1/2	1/2	1/2	vm	vm	bytes-eq/end-eq=4	
corpus	tests/base/possess_lazy_guard.rxt:117	byte	0/1	0/1	0/1	vm	vm	bytes-eq/end-eq=1	
corpus	tests/base/possess_lazy_guard.rxt:124	byte	1/2	1/2	1/2	vm	vm	bytes-eq/end-eq=4	
corpus	tests/base/possess_lazy_guard.rxt:131	byte	0/1	0/1	0/1	vm	vm	bytes-eq/end-eq=1	
corpus	tests/base/possess_lazy_guard.rxt:138	byte	1/2	1/2	1/2	vm	vm	bytes-eq/end-eq=4	
corpus	tests/base/possess_lazy_guard.rxt:145	byte	0/1	0/1	0/1	dfa	dfa	bytes-eq/end-eq=1	
corpus	tests/base/possess_lazy_guard.rxt:150	byte	1/2	1/2	1/2	dfa	dfa	bytes-eq/end-eq=4	
corpus	tests/base/possess_lazy_guard.rxt:166	byte	0/1	0/1	0/1	dfa	dfa	bytes-eq/end-eq=1	
corpus	tests/base/possess_lazy_guard.rxt:171	byte	0/1	0/1	0/1	vm	vm	bytes-eq/end-eq=1	
corpus	tests/base/possess_lazy_guard.rxt:178	byte	1/1	1/1	1/1	dfa	dfa	bytes-eq/end-eq=2	
corpus	tests/base/precedence.rxt:4	byte	0/0	0/0	0/0	dfa	dfa		
corpus	tests/base/precedence.rxt:9	byte	0/0	0/0	0/0	dfa	dfa		
corpus	tests/base/precedence.rxt:17	byte	0/0	0/0	0/0	dfa	dfa		
corpus	tests/base/precedence.rxt:21	byte	1/1	1/1	1/1	dfa	dfa	bytes-eq/end-eq=2	
corpus	tests/base/precedence.rxt:28	byte	1/1	1/1	1/1	dfa	dfa	bytes-eq/end-eq=2	
corpus	tests/base/precedence.rxt:32	byte	1/1	1/1	1/1	dfa	dfa	bytes-eq/end-eq=2	
corpus	tests/base/precedence.rxt:36	byte	1/1	1/1	1/1	vm	vm	bytes-eq/end-eq=2	
corpus	tests/base/precedence.rxt:39	byte	1/1	1/1	1/1	dfa	dfa	bytes-eq/end-eq=2	
corpus	tests/base/precedence.rxt:43	byte	1/1	1/1	1/1	vm	vm	bytes-eq/end-eq=2	
corpus	tests/base/precedence.rxt:47	byte	1/1	1/1	1/1	vm	vm	bytes-eq/end-eq=2	
corpus	tests/base/precedence.rxt:50	byte	3/3	3/3	3/3	dfa	dfa	bytes-eq/end-eq=6	
corpus	tests/base/precedence.rxt:54	byte	2/2	2/2	2/2	dfa	dfa	bytes-eq/end-eq=4	
corpus	tests/base/quantifiers.rxt:17	byte	0/1	0/1	0/1	dfa	dfa	bytes-eq/end-eq=1	
corpus	tests/base/quantifiers.rxt:24	byte	0/1	0/1	0/1	dfa	dfa	bytes-eq/end-eq=1	
corpus	tests/base/quantifiers.rxt:28	byte	1/1	1/1	1/1	dfa	dfa	bytes-eq/end-eq=2	
corpus	tests/base/quantifiers.rxt:32	byte	1/1	1/1	1/1	dfa	dfa	bytes-eq/end-eq=2	
corpus	tests/base/quantifiers.rxt:36	byte	1/1	1/1	1/1	dfa	dfa	bytes-eq/end-eq=2	
corpus	tests/base/quantifiers.rxt:41	byte	1/1	1/1	1/1	vm	vm	bytes-eq/end-eq=2	
corpus	tests/base/quantifiers.rxt:46	byte	1/1	1/1	1/1	vm	vm	bytes-eq/end-eq=2	
corpus	tests/base/quantifiers.rxt:57	byte	0/1	0/1	0/1	dfa	dfa	bytes-eq/end-eq=1	
corpus	tests/base/quantifiers.rxt:60	byte	0/1	0/1	0/1	dfa	dfa	bytes-eq/end-eq=1	
corpus	tests/base/quantifiers.rxt:65	byte	0/0	0/0	0/0	dfa	dfa		
corpus	tests/base/review_r1.rxt:8	byte	0/0	0/0	0/0	vm	vm		
corpus	tests/base/review_r1.rxt:17	byte	1/1	1/1	1/1	vm	vm	bytes-eq/end-eq=2	
corpus	tests/base/review_r1.rxt:32	byte	None			refused	refused		pcrec: digits missing after \x (pattern offset 0)
corpus	tests/base/review_r1.rxt:35	byte	None			refused	refused		pcrec: digits missing after \x (pattern offset 1)
corpus	tests/base/review_r1.rxt:39	byte	0/0	0/0	0/0	dfa	dfa		
corpus	tests/base/review_r1.rxt:45	byte	None			refused	refused		pcrec: quantifier does not follow a repeatable item (pattern offset 1)
corpus	tests/base/review_r1.rxt:49	byte	None			refused	refused		pcrec: quantifier does not follow a repeatable item (pattern offset 2)
corpus	tests/base/review_r1.rxt:53	byte	0/1	0/1	0/1	vm	vm	bytes-eq/end-eq=1	
corpus	tests/base/review_r2.rxt:10	byte	0/1	0/1	0/1	dfa	dfa	bytes-eq/end-eq=1	
corpus	tests/base/review_r2.rxt:14	byte	0/4	0/4	0/4	dfa	dfa	bytes-eq/end-eq=4	
corpus	tests/base/review_r2.rxt:19	byte	0/1	0/1	0/1	dfa	dfa	bytes-eq/end-eq=1	
corpus	tests/base/review_r2.rxt:24	byte	0/1	0/1	0/1	dfa	dfa	bytes-eq/end-eq=1	
corpus	tests/base/review_r2.rxt:27	byte	0/1	0/1	0/1	vm	vm	bytes-eq/end-eq=1	
corpus	tests/base/review_r2.rxt:30	byte	0/1	0/1	0/1	dfa	dfa	bytes-eq/end-eq=1	
corpus	tests/base/review_r2.rxt:33	byte	0/1	0/1	0/1	dfa	dfa	bytes-eq/end-eq=1	
corpus	tests/base/review_r2.rxt:37	byte	0/1	0/1	0/1	dfa	dfa	bytes-eq/end-eq=1	
corpus	tests/base/review_r2.rxt:43	byte	0/1	0/1	0/1	dfa	dfa	bytes-eq/end-eq=1	
corpus	tests/base/review_r2.rxt:46	byte	0/1	0/1	0/1	dfa	dfa	bytes-eq/end-eq=1	
corpus	tests/base/review_r2.rxt:49	byte	0/1	0/1	0/1	dfa	dfa	bytes-eq/end-eq=1	
corpus	tests/base/review_r21.rxt:35	byte	0/4	0/4	0/4	vm	vm	bytes-eq/end-eq=4	
corpus	tests/base/review_r21.rxt:48	byte	0/4	0/4	0/4	vm	vm	bytes-eq/end-eq=4	
corpus	tests/base/review_r21.rxt:61	byte	0/4	0/4	0/4	vm	vm	bytes-eq/end-eq=4	
corpus	tests/base/review_r21.rxt:74	byte	0/4	0/4	0/4	vm	vm	bytes-eq/end-eq=4	
corpus	tests/base/review_r21.rxt:87	byte	0/5	0/5	0/5	vm	vm	bytes-eq/end-eq=5	
corpus	tests/base/review_r21.rxt:113	byte	0/4	0/4	0/4	vm	vm	bytes-eq/end-eq=4	
corpus	tests/base/review_r21.rxt:131	byte	0/4	0/4	0/4	vm	vm	bytes-eq/end-eq=4	
corpus	tests/base/review_r21.rxt:144	byte	0/4	0/4	0/4	vm	vm	bytes-eq/end-eq=4	
corpus	tests/base/review_r21.rxt:157	byte	0/3	0/3	0/3	vm	vm	bytes-eq/end-eq=3	
corpus	tests/base/review_r21.rxt:170	byte	0/3	0/3	0/3	vm	vm	bytes-eq/end-eq=3	
corpus	tests/base/start_pinned_startpos.rxt:73	byte	1/1	1/1	1/1	dfa	dfa	bytes-eq/end-eq=2	
corpus	tests/base/start_pinned_startpos.rxt:114	byte	1/1	1/1	1/1	dfa	dfa	bytes-eq/end-eq=2	
corpus	tests/base/startpos.rxt:80	byte	1/1	1/1	1/1	dfa	dfa	bytes-eq/end-eq=2	
corpus	tests/base/syntax_errors.rxt:3	byte	None			refused	refused		pcrec: multiple quantifiers on the same item (pattern offset 2)
corpus	tests/base/syntax_errors.rxt:6	byte	None			refused	refused		pcrec: multiple quantifiers on the same item (pattern offset 6)
corpus	tests/base/syntax_errors.rxt:12	byte	None			refused	refused		pcrec: quantifier does not follow a repeatable item (pattern offset 0)
corpus	tests/base/syntax_errors.rxt:15	byte	None			refused	refused		pcrec: quantifier does not follow a repeatable item (pattern offset 0)
corpus	tests/base/syntax_errors.rxt:18	byte	None			refused	refused		pcrec: quantifier does not follow a repeatable item (pattern offset 0)
corpus	tests/base/syntax_errors.rxt:21	byte	None			refused	refused		pcrec: missing closing ) for group (pattern offset 0)
corpus	tests/base/syntax_errors.rxt:24	byte	None			refused	refused		pcrec: unmatched closing parenthesis (pattern offset 1)
corpus	tests/base/syntax_errors.rxt:27	byte	None			refused	refused		pcrec: unmatched closing parenthesis (pattern offset 3)
corpus	tests/base/syntax_errors.rxt:30	byte	None			refused	refused		pcrec: missing closing ) for group (pattern offset 0)
corpus	tests/base/syntax_errors.rxt:33	byte	None			refused	refused		pcrec: missing terminating ] for character class (pattern offset 0)
corpus	tests/base/syntax_errors.rxt:36	byte	None			refused	refused		pcrec: missing terminating ] for character class (pattern offset 0)
corpus	tests/base/syntax_errors.rxt:39	byte	None			refused	refused		pcrec: pattern ends with a trailing backslash (pattern offset 1)
corpus	tests/base/syntax_errors.rxt:42	byte	None			refused	refused		pcrec: missing closing ) for group (pattern offset 0)
corpus	tests/base/syntax_errors.rxt:45	byte	None			refused	refused		pcrec: missing closing ) for group (pattern offset 0)
corpus	tests/base/syntax_errors.rxt:48	byte	None			refused	refused		pcrec: numbers out of order in {m,n} quantifier (pattern offset 5)
corpus	tests/base/syntax_errors.rxt:54	byte	None			refused	refused		pcrec: missing closing ) for group (pattern offset 0)
corpus	tests/base/syntax_errors.rxt:57	byte	None			refused	refused		pcrec: unmatched closing parenthesis (pattern offset 0)
corpus	tests/base/syntax_errors.rxt:60	byte	None			refused	refused		pcrec: missing terminating ] for character class (pattern offset 0)
corpus	tests/base/syntax_errors.rxt:63	byte	0/0	0/0	0/0	dfa	dfa		
corpus	tests/base/syntax_errors.rxt:66	byte	None			refused	refused		pcrec: quantifier does not follow a repeatable item (pattern offset 1)
corpus	tests/base/syntax_errors.rxt:69	byte	None			refused	refused		pcrec: quantifier does not follow a repeatable item (pattern offset 2)
corpus	tests/base/syntax_errors.rxt:72	byte	None			refused	refused		pcrec: multiple quantifiers on the same item (pattern offset 5)
corpus	tests/base/syntax_errors.rxt:86	byte	None			refused	refused		pcrec: quantifier does not follow a repeatable item (pattern offset 2)
corpus	tests/base/syntax_errors.rxt:89	byte	None			refused	refused		pcrec: quantifier does not follow a repeatable item (pattern offset 4)
corpus	tests/base/syntax_errors.rxt:92	byte	None			refused	refused		pcrec: quantifier does not follow a repeatable item (pattern offset 3)
corpus	tests/base/syntax_errors.rxt:95	byte	None			refused	refused		pcrec: quantifier does not follow a repeatable item (pattern offset 3)
corpus	tests/base/syntax_errors.rxt:98	byte	None			refused	refused		pcrec: quantifier does not follow a repeatable item (pattern offset 2)
corpus	tests/base/syntax_errors.rxt:101	byte	None			refused	refused		pcrec: quantifier does not follow a repeatable item (pattern offset 2)
corpus	tests/base/syntax_errors.rxt:104	byte	None			refused	refused		pcrec: quantifier does not follow a repeatable item (pattern offset 4)
corpus	tests/base/syntax_errors.rxt:107	byte	None			refused	refused		pcrec: quantifier does not follow a repeatable item (pattern offset 3)
corpus	tests/base/syntax_errors.rxt:110	byte	None			refused	refused		pcrec: quantifier does not follow a repeatable item (pattern offset 5)
corpus	tests/base/syntax_errors.rxt:113	byte	None			refused	refused		pcrec: quantifier does not follow a repeatable item (pattern offset 2)
corpus	tests/base/syntax_errors.rxt:119	byte	None			refused	refused		pcrec: number too big in {m,n} quantifier (pattern offset 6)
corpus	tests/base/syntax_errors.rxt:122	byte	None			refused	refused		pcrec: numbers out of order in {m,n} quantifier (pattern offset 4)
corpus	tests/base/syntax_errors.rxt:130	byte	None			refused	refused		pcrec: number too big in {m,n} quantifier (pattern offset 7)
corpus	tests/base/syntax_errors.rxt:134	byte	None			refused	refused		pcrec: number too big in {m,n} quantifier (pattern offset 8)
corpus	tests/base/syntax_errors.rxt:138	byte	None			refused	refused		pcrec: number too big in {m,n} quantifier (pattern offset 9)
corpus	tests/base/syntax_errors.rxt:142	byte	None			refused	refused		pcrec: number too big in {m,n} quantifier (pattern offset 7)
corpus	tests/base/syntax_errors.rxt:146	byte	None			refused	refused		pcrec: number too big in {m,n} quantifier (pattern offset 8)
corpus	tests/base/syntax_errors.rxt:150	byte	None			refused	refused		pcrec: number too big in {m,n} quantifier (pattern offset 13)
corpus	tests/base/syntax_errors.rxt:154	byte	None			refused	refused		pcrec: number too big in {m,n} quantifier (pattern offset 22)
corpus	tests/base/syntax_errors.rxt:160	byte	None			refused	refused		pcrec: number too big in {m,n} quantifier (pattern offset 7)
corpus	tests/base/syntax_errors.rxt:173	byte	0/0	0/0	0/0	dfa	dfa		
corpus	tests/base/syntax_errors.rxt:176	byte	0/0	0/0	0/0	dfa	dfa		
corpus	tests/base/syntax_errors.rxt:179	byte	0/0	0/0	0/0	dfa	dfa		
corpus	tests/base/syntax_errors.rxt:182	byte	0/0	0/0	0/0	dfa	dfa		
corpus	tests/base/syntax_errors.rxt:186	byte	0/0	0/0	0/0	dfa	dfa		
corpus	tests/base/syntax_errors.rxt:189	byte	1/1	1/1	1/1	dfa	dfa	bytes-eq/end-eq=2	
corpus	tests/base/syntax_errors.rxt:192	byte	1/1	1/1	1/1	dfa	dfa	bytes-eq/end-eq=2	
corpus	tests/base/syntax_errors.rxt:195	byte	0/0	0/0	0/0	dfa	dfa		
corpus	tests/base/syntax_errors.rxt:198	byte	0/0	0/0	0/0	dfa	dfa		
corpus	tests/base/syntax_errors.rxt:202	byte	0/0	0/0	0/0	dfa	dfa		
corpus	tests/base/syntax_errors.rxt:223	byte	0/0	0/0	0/0	dfa	dfa		
corpus	tests/base/syntax_errors.rxt:226	byte	0/0	0/0	0/0	dfa	dfa		
corpus	tests/base/syntax_errors.rxt:231	byte	0/0	0/0	0/0	dfa	dfa		
corpus	tests/base/syntax_errors.rxt:234	byte	0/0	0/0	0/0	dfa	dfa		
corpus	tests/base/syntax_errors.rxt:240	byte	0/0	0/0	0/0	dfa	dfa		
corpus	tests/base/syntax_errors.rxt:245	byte	0/0	0/0	0/0	dfa	dfa		
corpus	tests/base/syntax_errors.rxt:249	byte	0/0	0/0	0/0	dfa	dfa		
corpus	tests/base/syntax_errors.rxt:253	byte	0/0	0/0	0/0	dfa	dfa		
corpus	tests/base/syntax_errors.rxt:257	byte	0/0	0/0	0/0	dfa	dfa		
corpus	tests/base/syntax_errors.rxt:260	byte	0/0	0/0	0/0	dfa	dfa		
corpus	tests/base/syntax_errors.rxt:271	byte	0/0	0/0	0/0	dfa	dfa		
corpus	tests/captures/basic.rxt:31	byte	1/1	1/1	1/1	vm	vm	bytes-eq/end-eq=2	
corpus	tests/captures/basic.rxt:49	byte	0/0	0/0	0/0	vm	vm		
corpus	tests/captures/basic.rxt:55	byte	0/0	0/0	0/0	vm	vm		
corpus	tests/captures/basic.rxt:65	byte	1/1	1/1	1/1	vm	vm	bytes-eq/end-eq=2	
corpus	tests/captures/basic.rxt:73	byte	1/1	1/1	1/1	vm	vm	bytes-eq/end-eq=2	
corpus	tests/captures/basic.rxt:86	byte	1/1	1/1	1/1	vm	vm	bytes-eq/end-eq=2	
corpus	tests/captures/basic.rxt:93	byte	2/2	2/2	2/2	vm	vm	bytes-eq/end-eq=4	
corpus	tests/captures/classes_trie_bounded.rxt:48	byte	1/1	1/1	1/1	vm	vm	bytes-eq/end-eq=2	
corpus	tests/captures/classes_trie_bounded.rxt:55	byte	1/1	1/1	1/1	vm	vm	bytes-eq/end-eq=2	
corpus	tests/captures/classes_trie_bounded.rxt:61	byte	0/0	0/0	0/0	vm	vm		
corpus	tests/captures/classes_trie_bounded.rxt:68	byte	2/2	2/2	2/2	vm	vm	bytes-eq/end-eq=4	
corpus	tests/captures/classes_trie_bounded.rxt:76	byte	1/1	1/1	1/1	vm	vm	bytes-eq/end-eq=2	
corpus	tests/captures/classes_trie_bounded.rxt:86	byte	0/0	0/0	0/0	vm	vm		
corpus	tests/captures/classes_trie_bounded.rxt:102	byte	0/0	0/0	0/0	vm	vm		
corpus	tests/captures/classes_trie_bounded.rxt:112	byte	1/1	1/1	1/1	vm	vm	bytes-eq/end-eq=2	
corpus	tests/captures/participation_and_zerowidth.rxt:35	byte	1/1	1/1	1/1	vm	vm	bytes-eq/end-eq=2	
corpus	tests/captures/participation_and_zerowidth.rxt:42	byte	1/1	1/1	1/1	vm	vm	bytes-eq/end-eq=2	
corpus	tests/captures/participation_and_zerowidth.rxt:53	byte	0/0	0/0	0/0	vm	vm		
corpus	tests/captures/participation_and_zerowidth.rxt:66	byte	2/2	2/2	2/2	vm	vm	bytes-eq/end-eq=4	
corpus	tests/captures/participation_and_zerowidth.rxt:81	byte	0/0	0/0	0/0	vm	vm		
corpus	tests/captures/participation_and_zerowidth.rxt:87	byte	1/1	1/1	1/1	vm	vm	bytes-eq/end-eq=2	
corpus	tests/captures/participation_and_zerowidth.rxt:100	byte	1/1	1/1	1/1	vm	vm	bytes-eq/end-eq=2	
corpus	tests/captures/participation_and_zerowidth.rxt:106	byte	1/1	1/1	1/1	vm	vm	bytes-eq/end-eq=2	
corpus	tests/captures/participation_and_zerowidth.rxt:112	byte	1/1	1/1	1/1	vm	vm	bytes-eq/end-eq=2	
corpus	tests/captures/participation_and_zerowidth.rxt:118	byte	1/1	1/1	1/1	vm	vm	bytes-eq/end-eq=2	
corpus	tests/captures/participation_and_zerowidth.rxt:124	byte	2/2	2/2	2/2	vm	vm	bytes-eq/end-eq=4	
corpus	tests/captures/participation_and_zerowidth.rxt:139	byte	3/3	3/3	3/3	vm	vm	bytes-eq/end-eq=6	
corpus	tests/captures/participation_and_zerowidth.rxt:147	byte	1/1	1/1	1/1	vm	vm	bytes-eq/end-eq=2	
corpus	tests/captures/priority_and_iteration.rxt:6	byte	0/0	0/0	0/0	vm	vm		
corpus	tests/captures/priority_and_iteration.rxt:12	byte	0/0	0/0	0/0	vm	vm		
corpus	tests/captures/priority_and_iteration.rxt:25	byte	1/1	1/1	1/1	vm	vm	bytes-eq/end-eq=2	
corpus	tests/captures/priority_and_iteration.rxt:33	byte	0/0	0/0	0/0	vm	vm		
corpus	tests/captures/priority_and_iteration.rxt:40	byte	0/0	0/0	0/0	vm	vm		
corpus	tests/captures/priority_and_iteration.rxt:49	byte	1/1	1/1	1/1	vm	vm	bytes-eq/end-eq=2	
corpus	tests/captures/priority_and_iteration.rxt:55	byte	1/1	1/1	1/1	vm	vm	bytes-eq/end-eq=2	
corpus	tests/captures/priority_and_iteration.rxt:61	byte	0/0	0/0	0/0	vm	vm		
corpus	tests/captures/priority_and_iteration.rxt:68	byte	0/0	0/0	0/0	vm	vm		
corpus	tests/captures/priority_and_iteration.rxt:79	byte	0/1	0/1	0/1	vm	vm	bytes-eq/end-eq=1	
corpus	tests/captures/priority_and_iteration.rxt:85	byte	0/1	0/1	0/1	vm	vm	bytes-eq/end-eq=1	
corpus	tests/captures/priority_and_iteration.rxt:91	byte	1/1	1/1	1/1	vm	vm	bytes-eq/end-eq=2	
corpus	tests/captures/priority_and_iteration.rxt:103	byte	1/1	1/1	1/1	vm	vm	bytes-eq/end-eq=2	
corpus	tests/captures/priority_and_iteration.rxt:109	byte	0/2	0/2	0/2	vm	vm	bytes-eq/end-eq=2	
corpus	tests/captures/priority_and_iteration.rxt:115	byte	0/2	0/2	0/2	vm	vm	bytes-eq/end-eq=2	
corpus	tests/captures/priority_and_iteration.rxt:121	byte	0/2	0/2	0/2	vm	vm	bytes-eq/end-eq=2	
corpus	tests/captures/priority_and_iteration.rxt:127	byte	1/1	1/1	1/1	vm	vm	bytes-eq/end-eq=2	
corpus	tests/captures/priority_and_iteration.rxt:133	byte	1/1	1/1	1/1	vm	vm	bytes-eq/end-eq=2	
corpus	tests/captures/priority_and_iteration.rxt:139	byte	0/1	0/1	0/1	vm	vm	bytes-eq/end-eq=1	
corpus	tests/captures/priority_and_iteration.rxt:145	byte	1/1	1/1	1/1	vm	vm	bytes-eq/end-eq=2	
corpus	tests/captures/priority_and_iteration.rxt:151	byte	1/1	1/1	1/1	vm	vm	bytes-eq/end-eq=2	
corpus	tests/captures/priority_and_iteration.rxt:157	byte	0/2	0/2	0/2	vm	vm	bytes-eq/end-eq=2	
corpus	tests/captures/priority_and_iteration.rxt:171	byte	1/1	1/1	1/1	vm	vm	bytes-eq/end-eq=2	
corpus	tests/captures/priority_and_iteration.rxt:177	byte	1/1	1/1	1/1	dfa	dfa	bytes-eq/end-eq=2	
corpus	tests/captures/priority_and_iteration.rxt:183	byte	1/1	1/1	1/1	vm	vm	bytes-eq/end-eq=2	
corpus	tests/captures/priority_and_iteration.rxt:189	byte	0/1	0/1	0/1	vm	vm	bytes-eq/end-eq=1	
corpus	tests/captures/priority_and_iteration.rxt:195	byte	1/1	1/1	1/1	vm	vm	bytes-eq/end-eq=2	
corpus	tests/captures/priority_and_iteration.rxt:201	byte	1/1	1/1	1/1	vm	vm	bytes-eq/end-eq=2	
corpus	tests/captures/structure_anchors_misc.rxt:7	byte	1/1	1/1	1/1	vm	vm	bytes-eq/end-eq=2	
corpus	tests/captures/structure_anchors_misc.rxt:13	byte	1/1	1/1	1/1	vm	vm	bytes-eq/end-eq=2	
corpus	tests/captures/structure_anchors_misc.rxt:20	byte	0/0	0/0	0/0	vm	vm		
corpus	tests/captures/structure_anchors_misc.rxt:27	byte	0/0	0/0	0/0	vm	vm		
corpus	tests/captures/structure_anchors_misc.rxt:33	byte	0/0	0/0	0/0	vm	vm		
corpus	tests/captures/structure_anchors_misc.rxt:54	byte	0/0	0/0	0/0	vm	vm		
corpus	tests/captures/structure_anchors_misc.rxt:62	byte	0/0	0/0	0/0	vm	vm		
corpus	tests/captures/structure_anchors_misc.rxt:71	byte	0/0	0/0	0/0	vm	vm		
corpus	tests/captures/structure_anchors_misc.rxt:79	byte	1/1	1/1	1/1	vm	vm	bytes-eq/end-eq=2	
corpus	tests/captures/structure_anchors_misc.rxt:87	byte	0/0	0/0	0/0	vm	vm		
corpus	tests/captures/structure_anchors_misc.rxt:95	byte	0/0	0/0	0/0	vm	vm		
corpus	tests/captures/structure_anchors_misc.rxt:103	byte	0/0	0/0	0/0	vm	vm		
corpus	tests/captures/structure_anchors_misc.rxt:111	byte	0/0	0/0	0/0	vm	vm		
corpus	tests/captures/structure_anchors_misc.rxt:118	byte	0/0	0/0	0/0	vm	vm		
corpus	tests/captures/structure_anchors_misc.rxt:125	byte	0/0	0/0	0/0	vm	vm		
corpus	tests/captures/structure_anchors_misc.rxt:131	byte	0/0	0/0	0/0	vm	vm		
corpus	tests/captures/structure_anchors_misc.rxt:140	byte	1/1	1/1	1/1	vm	vm	bytes-eq/end-eq=2	
corpus	tests/captures/structure_anchors_misc.rxt:146	byte	0/0	0/0	0/0	vm	vm		
corpus	tests/captures/structure_anchors_misc.rxt:153	byte	0/0	0/0	0/0	vm	vm		
corpus	tests/captures/structure_anchors_misc.rxt:160	byte	0/0	0/0	0/0	vm	vm		
corpus	tests/captures/structure_anchors_misc.rxt:167	byte	2/2	2/2	2/2	vm	vm	bytes-eq/end-eq=4	
corpus	tests/captures/structure_anchors_misc.rxt:175	byte	0/0	0/0	0/0	vm	vm		
corpus	tests/captures/structure_anchors_misc.rxt:182	byte	1/1	1/1	1/1	vm	vm	bytes-eq/end-eq=2	
corpus	tests/classes/classes.rxt:17	byte	1/1	1/1	1/1	dfa	dfa	bytes-eq/end-eq=2	
corpus	tests/classes/classes.rxt:23	byte	1/1	1/1	1/1	dfa	dfa	bytes-eq/end-eq=2	
corpus	tests/classes/classes.rxt:28	byte	1/1	1/1	1/1	dfa	dfa	bytes-eq/end-eq=2	
corpus	tests/classes/classes.rxt:32	byte	1/1	1/1	1/1	dfa	dfa	bytes-eq/end-eq=2	
corpus	tests/classes/classes.rxt:36	byte	1/1	1/1	1/1	dfa	dfa	bytes-eq/end-eq=2	
corpus	tests/classes/classes.rxt:40	byte	1/1	1/1	1/1	dfa	dfa	bytes-eq/end-eq=2	
corpus	tests/classes/classes.rxt:44	byte	1/1	1/1	1/1	dfa	dfa	bytes-eq/end-eq=2	
corpus	tests/classes/classes.rxt:48	byte	1/1	1/1	1/1	dfa	dfa	bytes-eq/end-eq=2	
corpus	tests/classes/classes.rxt:52	byte	1/1	1/1	1/1	dfa	dfa	bytes-eq/end-eq=2	
corpus	tests/classes/classes.rxt:56	byte	1/1	1/1	1/1	dfa	dfa	bytes-eq/end-eq=2	
corpus	tests/classes/classes.rxt:60	byte	1/1	1/1	1/1	vm	vm	bytes-eq/end-eq=2	
corpus	tests/classes/classes.rxt:64	byte	1/1	1/1	1/1	dfa	dfa	bytes-eq/end-eq=2	
corpus	tests/classes/classes.rxt:68	byte	1/1	1/1	1/1	dfa	dfa	bytes-eq/end-eq=2	
corpus	tests/classes/classes.rxt:72	byte	1/1	1/1	1/1	dfa	dfa	bytes-eq/end-eq=2	
corpus	tests/classes/classes.rxt:80	byte	1/1	1/1	1/1	dfa	dfa	bytes-eq/end-eq=2	
corpus	tests/classes/classes.rxt:85	byte	1/1	1/1	1/1	dfa	dfa	bytes-eq/end-eq=2	
corpus	tests/classes/classes.rxt:90	byte	1/1	1/1	1/1	dfa	dfa	bytes-eq/end-eq=2	
corpus	tests/classes/classes.rxt:95	byte	1/1	1/1	1/1	dfa	dfa	bytes-eq/end-eq=2	
corpus	tests/classes/classes.rxt:100	byte	1/1	1/1	1/1	dfa	dfa	bytes-eq/end-eq=2	
corpus	tests/classes/classes.rxt:105	byte	1/1	1/1	1/1	dfa	dfa	bytes-eq/end-eq=2	
corpus	tests/classes/classes.rxt:112	byte	1/1	1/1	1/1	dfa	dfa	bytes-eq/end-eq=2	
corpus	tests/classes/classes.rxt:117	byte	1/1	1/1	1/1	dfa	dfa	bytes-eq/end-eq=2	
corpus	tests/classes/classes.rxt:122	byte	1/1	1/1	1/1	dfa	dfa	bytes-eq/end-eq=2	
corpus	tests/classes/classes.rxt:127	byte	1/1	1/1	1/1	dfa	dfa	bytes-eq/end-eq=2	
corpus	tests/classes/classes.rxt:132	byte	1/1	1/1	1/1	dfa	dfa	bytes-eq/end-eq=2	
corpus	tests/classes/classes.rxt:137	byte	1/1	1/1	1/1	dfa	dfa	bytes-eq/end-eq=2	
corpus	tests/classes/classes.rxt:142	byte	1/1	1/1	1/1	dfa	dfa	bytes-eq/end-eq=2	
corpus	tests/classes/classes.rxt:147	byte	1/1	1/1	1/1	dfa	dfa	bytes-eq/end-eq=2	
corpus	tests/classes/classes.rxt:160	byte	1/1	1/1	1/1	dfa	dfa	bytes-eq/end-eq=2	
corpus	tests/classes/classes.rxt:165	byte	1/1	1/1	1/1	dfa	dfa	bytes-eq/end-eq=2	
corpus	tests/classes/classes.rxt:170	byte	1/1	1/1	1/1	dfa	dfa	bytes-eq/end-eq=2	
corpus	tests/classes/classes.rxt:175	byte	1/1	1/1	1/1	dfa	dfa	bytes-eq/end-eq=2	
corpus	tests/classes/classes.rxt:180	byte	1/1	1/1	1/1	dfa	dfa	bytes-eq/end-eq=2	
corpus	tests/classes/classes.rxt:185	byte	1/1	1/1	1/1	dfa	dfa	bytes-eq/end-eq=2	
corpus	tests/classes/classes.rxt:190	byte	1/1	1/1	1/1	dfa	dfa	bytes-eq/end-eq=2	
corpus	tests/classes/classes.rxt:195	byte	1/1	1/1	1/1	dfa	dfa	bytes-eq/end-eq=2	
corpus	tests/classes/classes.rxt:200	byte	1/1	1/1	1/1	dfa	dfa	bytes-eq/end-eq=2	
corpus	tests/classes/classes.rxt:205	byte	1/1	1/1	1/1	dfa	dfa	bytes-eq/end-eq=2	
corpus	tests/classes/classes.rxt:212	byte	0/0	0/0	0/0	dfa	dfa		
corpus	tests/classes/classes.rxt:218	byte	0/0	0/0	0/0	dfa	dfa		
corpus	tests/classes/classes.rxt:226	byte	0/0	0/0	0/0	dfa	dfa		
corpus	tests/classes/classes.rxt:238	byte	1/1	1/1	1/1	dfa	dfa	bytes-eq/end-eq=2	
corpus	tests/classes/classes.rxt:245	byte	1/1	1/1	1/1	dfa	dfa	bytes-eq/end-eq=2	
corpus	tests/classes/classes.rxt:249	byte	None			refused	refused		pcrec: numbers out of order in {m,n} quantifier (pattern offset 6)
corpus	tests/classes/classes.rxt:253	byte	None			refused	refused		pcrec: PCRE2 does not support \F, \L, \l, \N{name}, \U, or \u (pattern offset 0)
corpus	tests/classes/classes.rxt:259	byte	None			refused	refused		pcrec: \N is not valid inside a character class (pattern offset 1)
corpus	tests/classes/classes.rxt:263	byte	None			refused	refused		pcrec: invalid range in character class (pattern offset 2)
corpus	tests/classes/classes.rxt:267	byte	None			refused	refused		pcrec: module 'extended-classes' is enabled but (?[...) is not implemented yet (pattern offset 0)
corpus	tests/classes/classes.rxt:272	byte	None			refused	refused		pcrec: invalid range in character class (pattern offset 10)
corpus	tests/classes/classes.rxt:277	byte	None			refused	refused		pcrec: [[:<:]] is a word-boundary assertion and requires module 'assertions' (pattern offset 1)
corpus	tests/classes/classes.rxt:282	byte	None			refused	refused		pcrec: unknown POSIX class name (pattern offset 1)
corpus	tests/classes/multi_chain.rxt:11	byte	5/5	5/5	5/5	dfa	dfa	bytes-eq/end-eq=10	
corpus	tests/classes/multi_chain.rxt:19	byte	5/5	5/5	5/5	dfa	dfa	bytes-eq/end-eq=10	
corpus	tests/classes/multi_chain.rxt:33	byte	5/5	5/5	5/5	dfa	dfa	bytes-eq/end-eq=10	
corpus	tests/counterk/counterk.rxt:15	byte	0/1	0/1	0/1	vm	vm	bytes-eq/end-eq=1	
corpus	tests/counterk/counterk.rxt:93	byte	0/1	0/1	0/1	vm	vm	bytes-eq/end-eq=1	
corpus	tests/counterk/counterk.rxt:169	byte	0/1	0/1	0/1	vm	vm	bytes-eq/end-eq=1	
corpus	tests/counterk/counterk.rxt:246	byte	0/1	0/1	0/1	vm	vm	bytes-eq/end-eq=1	
corpus	tests/counterk/counterk.rxt:323	byte	0/1	0/1	0/1	vm	vm	bytes-eq/end-eq=1	
corpus	tests/counterk/counterk.rxt:399	byte	0/1	0/1	0/1	vm	vm	bytes-eq/end-eq=1	
corpus	tests/counterk/counterk.rxt:475	byte	0/1	0/1	0/1	vm	vm	bytes-eq/end-eq=1	
corpus	tests/counterk/counterk.rxt:554	byte	0/1	0/1	0/1	vm	vm	bytes-eq/end-eq=1	
corpus	tests/counterk/counterk.rxt:630	byte	0/1	0/1	0/1	vm	vm	bytes-eq/end-eq=1	
corpus	tests/counterk/counterk.rxt:708	byte	0/1	0/1	0/1	vm	vm	bytes-eq/end-eq=1	
corpus	tests/counterk/counterk.rxt:745	byte	0/1	0/1	0/1	vm	vm	bytes-eq/end-eq=1	
corpus	tests/counterk/counterk.rxt:779	byte	0/1	0/1	0/1	vm	vm	bytes-eq/end-eq=1	
corpus	tests/counterk/counterk.rxt:815	byte	0/1	0/1	0/1	vm	vm	bytes-eq/end-eq=1	
corpus	tests/counterk/counterk.rxt:855	byte	0/1	0/1	0/1	vm	vm	bytes-eq/end-eq=1	
corpus	tests/counterk/counterk.rxt:891	byte	0/1	0/1	0/1	vm	vm	bytes-eq/end-eq=1	
corpus	tests/counterk/counterk.rxt:933	byte	0/1	0/1	0/1	vm	vm	bytes-eq/end-eq=1	
corpus	tests/counterk/counterk.rxt:991	byte	0/1	0/1	0/1	vm	vm	bytes-eq/end-eq=1	
corpus	tests/counterk/counterk.rxt:1054	byte	0/2	0/2	0/2	vm	vm	bytes-eq/end-eq=2	
corpus	tests/counterk/counterk.rxt:1099	byte	0/2	0/2	0/2	vm	vm	bytes-eq/end-eq=2	
corpus	tests/counterk/counterk.rxt:1149	byte	0/1	0/1	0/1	vm	vm	bytes-eq/end-eq=1	
corpus	tests/counterk/counterk.rxt:1259	byte	1/2	1/2	1/2	vm	vm	bytes-eq/end-eq=4	
corpus	tests/counterk/counterk.rxt:1289	byte	1/1	1/1	1/1	vm	vm	bytes-eq/end-eq=2	
corpus	tests/counterk/counterk.rxt:1324	byte	1/1	1/1	1/1	vm	vm	bytes-eq/end-eq=2	
corpus	tests/counterk/counterk.rxt:1366	byte	1/1	1/1	1/1	vm	vm	bytes-eq/end-eq=2	
corpus	tests/counterk/counterk.rxt:1417	byte	1/1	1/1	1/1	vm	vm	bytes-eq/end-eq=2	
corpus	tests/counterk/counterk.rxt:1444	byte	1/1	1/1	1/1	vm	vm	bytes-eq/end-eq=2	
corpus	tests/counterk/counterk.rxt:1473	byte	0/1	0/1	0/1	vm	vm	bytes-eq/end-eq=1	
corpus	tests/counterk/counterk.rxt:1551	byte	0/1	0/1	0/1	vm	vm	bytes-eq/end-eq=1	
corpus	tests/counterk/counterk.rxt:1631	byte	0/1	0/1	0/1	vm	vm	bytes-eq/end-eq=1	
corpus	tests/counterk/counterk.rxt:1725	byte	0/1	0/1	0/1	vm	vm	bytes-eq/end-eq=1	
corpus	tests/counterk/counterk.rxt:1807	byte	0/1	0/1	0/1	vm	vm	bytes-eq/end-eq=1	
corpus	tests/counterk/counterk.rxt:1845	byte	1/1	1/1	1/1	vm	vm	bytes-eq/end-eq=2	
corpus	tests/counterk/counterk.rxt:1901	byte	0/1	0/1	0/1	vm	vm	bytes-eq/end-eq=3	
corpus	tests/counterk/counterk.rxt:1917	byte	0/1	0/1	0/1	dfa	dfa	bytes-eq/end-eq=1	
corpus	tests/counterk/counterk.rxt:1928	byte	0/1	0/1	0/1	dfa	dfa	bytes-eq/end-eq=1	
corpus	tests/counterk/counterk.rxt:1939	byte	0/1	0/1	0/1	vm	vm	bytes-eq/end-eq=3	
corpus	tests/counterk/counterk.rxt:1951	byte	0/1	0/1	0/1	vm	vm	bytes-eq/end-eq=3	
corpus	tests/counterk/counterk.rxt:1966	byte	0/1	0/1	0/1	dfa	dfa	bytes-eq/end-eq=1	
corpus	tests/harness/giveup.rxt:48	byte	0/2	0/2	0/2	vm	vm	bytes-eq/end-eq=2	
corpus	tests/harness/giveup.rxt:54	byte	1/1	1/1	1/1	vm	vm	bytes-eq/end-eq=2	
corpus	tests/island/island.rxt:22	byte	0/0	0/0	0/0	dfa	dfa		
corpus	tests/island/island.rxt:33	byte	0/0	0/0	0/0	dfa	dfa		
corpus	tests/island/island.rxt:68	byte	0/0	0/0	0/0	vm	vm		
corpus	tests/island/island.rxt:108	byte	0/0	0/0	0/0	dfa	dfa		
corpus	tests/island/island.rxt:116	byte	0/0	0/0	0/0	dfa	dfa		
corpus	tests/island/island.rxt:124	byte	0/0	0/0	0/0	vm	vm		
corpus	tests/island/island.rxt:135	byte	0/0	0/0	0/0	vm	vm		
corpus	tests/island/island.rxt:148	byte	0/0	0/0	0/0	dfa	dfa		
corpus	tests/island/island.rxt:155	byte	0/0	0/0	0/0	dfa	dfa		
corpus	tests/island/island.rxt:172	byte	1/1	1/1	1/1	dfa	dfa	bytes-eq/end-eq=2	
corpus	tests/island/island.rxt:189	byte	0/0	0/0	0/0	dfa	dfa		
corpus	tests/island/island.rxt:207	byte	0/0	0/0	0/0	dfa	dfa		
corpus	tests/island/island_caseless.rxt:15	byte	0/0	0/0	0/0	dfa	dfa		
corpus	tests/litscan/handoff.rxt:22	byte	1/1	1/1	1/1	dfa	dfa	bytes-eq/end-eq=2	
corpus	tests/litscan/handoff.rxt:142	utf8	1/1	1/1	1/1	dfa	dfa	bytes-eq/end-eq=2	
corpus	tests/litscan/handoff.rxt:242	byte	1/1	1/1	1/1	dfa	dfa	bytes-eq/end-eq=2	
corpus	tests/litscan/handoff.rxt:353	byte	1/1	1/1	1/1	dfa	dfa	bytes-eq/end-eq=2	
corpus	tests/litscan/handoff.rxt:476	byte	1/1	1/1	1/1	dfa	dfa	bytes-eq/end-eq=2	
corpus	tests/litscan/handoff.rxt:565	byte	1/1	1/1	1/1	vm	vm	bytes-eq/end-eq=2	
corpus	tests/litscan/handoff.rxt:644	byte	1/1	1/1	1/1	vm	vm	bytes-eq/end-eq=2	
corpus	tests/litscan/handoff.rxt:709	byte	0/0	0/0	0/0	dfa	dfa		
corpus	tests/litscan/handoff.rxt:890	utf8	0/0	0/0	0/0	dfa	dfa		
corpus	tests/litscan/handoff.rxt:936	byte	1/1	1/1	1/1	dfa	dfa	bytes-eq/end-eq=2	
corpus	tests/litscan/handoff.rxt:1008	utf8	0/0	0/0	0/0	dfa	dfa		
corpus	tests/litscan/handoff.rxt:1097	utf8	0/0	0/0	0/0	vm	vm		
corpus	tests/litscan/handoff.rxt:1156	utf8	1/1	1/1	1/1	dfa	dfa	bytes-eq/end-eq=2	
corpus	tests/litscan/handoff.rxt:1237	utf8	1/1	1/1	1/1	vm	vm	bytes-eq/end-eq=2	
corpus	tests/litscan/handoff.rxt:1294	utf8	1/1	1/1	1/1	dfa	dfa	bytes-eq/end-eq=2	
corpus	tests/litscan/handoff.rxt:1343	utf8	0/0	0/0	0/0	dfa	dfa		
corpus	tests/litscan/handoff.rxt:1614	byte	0/0	0/0	0/0	dfa	dfa		
corpus	tests/litscan/handoff.rxt:1669	byte	0/0	0/0	0/0	vm	vm		
corpus	tests/litscan/handoff.rxt:1730	byte	0/0	0/0	0/0	dfa	dfa		
corpus	tests/litscan/handoff.rxt:1802	byte	0/0	0/0	0/0	dfa	dfa		
corpus	tests/litscan/handoff.rxt:1871	byte	0/0	0/0	0/0	dfa	dfa		
corpus	tests/litscan/handoff.rxt:1910	byte	0/0	0/0	0/0	vm	vm		
corpus	tests/litscan/handoff.rxt:2017	byte	0/0	0/0	0/0	vm	vm		
corpus	tests/litscan/handoff.rxt:2124	byte	1/1	1/1	1/1	vm	vm	bytes-eq/end-eq=2	
corpus	tests/litscan/handoff.rxt:2253	byte	0/0	0/0	0/0	dfa	dfa		
corpus	tests/litscan/handoff.rxt:2391	byte	0/1	0/1	0/1	dfa	dfa	bytes-eq/end-eq=1	
corpus	tests/litscan/handoff.rxt:2474	byte	0/1	0/1	0/1	dfa	dfa	bytes-eq/end-eq=1	
corpus	tests/litscan/handoff.rxt:2551	byte	1/1	1/1	1/1	vm	vm	bytes-eq/end-eq=2	
corpus	tests/litscan/handoff.rxt:2704	byte	1/1	1/1	1/1	vm	vm	bytes-eq/end-eq=2	
corpus	tests/litscan/handoff.rxt:2773	byte	1/1	1/1	1/1	vm	vm	bytes-eq/end-eq=2	
corpus	tests/litscan/litrun.rxt:17	byte	0/0	0/0	0/0	dfa	dfa		
corpus	tests/litscan/litrun.rxt:28	byte	0/0	0/0	0/0	vm	vm		
corpus	tests/litscan/litrun.rxt:36	byte	0/0	0/0	0/0	vm	vm		
corpus	tests/litscan/litrun.rxt:59	byte	0/0	0/0	0/0	dfa	dfa		
corpus	tests/litscan/litrun.rxt:65	byte	0/0	0/0	0/0	dfa	dfa		
corpus	tests/litscan/litrun.rxt:71	byte	0/0	0/0	0/0	dfa	dfa		
corpus	tests/litscan/litrun.rxt:77	byte	0/0	0/0	0/0	dfa	dfa		
corpus	tests/litscan/litrun.rxt:84	byte	0/0	0/0	0/0	dfa	dfa		
corpus	tests/litscan/litrun.rxt:90	byte	1/1	1/1	1/1	dfa	dfa	bytes-eq/end-eq=2	
corpus	tests/litscan/litrun.rxt:105	byte	1/1	1/1	1/1	dfa	dfa	bytes-eq/end-eq=2	
corpus	tests/litscan/litrun.rxt:113	byte	1/1	1/1	1/1	vm	vm	bytes-eq/end-eq=2	
corpus	tests/litscan/litrun.rxt:120	byte	0/0	0/0	0/0	dfa	dfa		
corpus	tests/litscan/litrun.rxt:130	byte	0/0	0/0	0/0	dfa	dfa		
corpus	tests/litscan/litrun.rxt:139	byte	0/0	0/0	0/0	dfa	dfa		
corpus	tests/litscan/litrun.rxt:148	byte	0/0	0/0	0/0	dfa	dfa		
corpus	tests/litscan/litrun.rxt:155	byte	0/0	0/0	0/0	dfa	dfa		
corpus	tests/litscan/litrun.rxt:162	byte	0/0	0/0	0/0	vm	vm		
corpus	tests/litscan/litrun.rxt:169	byte	0/0	0/0	0/0	dfa	dfa		
corpus	tests/litscan/litrun.rxt:179	byte	1/1	1/1	1/1	dfa	dfa	bytes-eq/end-eq=2	
corpus	tests/litscan/litrun.rxt:201	byte	0/0	0/0	0/0	dfa	dfa		
corpus	tests/litscan/litrun.rxt:212	byte	1/1	1/1	1/1	dfa	dfa	bytes-eq/end-eq=2	
corpus	tests/litscan/litrun.rxt:236	byte	0/0	0/0	0/0	dfa	dfa		
corpus	tests/litscan/litrun.rxt:248	byte	1/1	1/1	1/1	dfa	dfa	bytes-eq/end-eq=2	
corpus	tests/litscan/litrun.rxt:274	byte	0/0	0/0	0/0	dfa	dfa		
corpus	tests/litscan/litrun.rxt:287	byte	1/1	1/1	1/1	dfa	dfa	bytes-eq/end-eq=2	
corpus	tests/litscan/litrun.rxt:315	byte	0/0	0/0	0/0	dfa	dfa		
corpus	tests/litscan/litrun.rxt:329	byte	1/1	1/1	1/1	dfa	dfa	bytes-eq/end-eq=2	
corpus	tests/litscan/litrun.rxt:359	byte	0/0	0/0	0/0	dfa	dfa		
corpus	tests/litscan/litrun.rxt:374	byte	1/1	1/1	1/1	dfa	dfa	bytes-eq/end-eq=2	
corpus	tests/litscan/litrun.rxt:406	byte	0/0	0/0	0/0	dfa	dfa		
corpus	tests/litscan/litrun.rxt:422	byte	1/1	1/1	1/1	dfa	dfa	bytes-eq/end-eq=2	
corpus	tests/litscan/litrun.rxt:456	byte	0/0	0/0	0/0	dfa	dfa		
corpus	tests/litscan/litrun.rxt:473	byte	1/1	1/1	1/1	dfa	dfa	bytes-eq/end-eq=2	
corpus	tests/litscan/litrun.rxt:509	byte	0/0	0/0	0/0	dfa	dfa		
corpus	tests/litscan/litrun.rxt:527	byte	1/1	1/1	1/1	dfa	dfa	bytes-eq/end-eq=2	
corpus	tests/litscan/litrun.rxt:565	byte	0/0	0/0	0/0	dfa	dfa		
corpus	tests/litscan/litrun.rxt:584	byte	1/1	1/1	1/1	dfa	dfa	bytes-eq/end-eq=2	
corpus	tests/litscan/litrun.rxt:624	byte	0/0	0/0	0/0	dfa	dfa		
corpus	tests/litscan/litrun.rxt:644	byte	1/1	1/1	1/1	dfa	dfa	bytes-eq/end-eq=2	
corpus	tests/litscan/litrun.rxt:686	byte	0/0	0/0	0/0	dfa	dfa		
corpus	tests/litscan/litrun.rxt:707	byte	1/1	1/1	1/1	dfa	dfa	bytes-eq/end-eq=2	
corpus	tests/litscan/litrun.rxt:751	byte	0/0	0/0	0/0	dfa	dfa		
corpus	tests/litscan/litrun.rxt:773	byte	1/1	1/1	1/1	dfa	dfa	bytes-eq/end-eq=2	
corpus	tests/litscan/litrun.rxt:819	byte	0/0	0/0	0/0	dfa	dfa		
corpus	tests/litscan/litrun.rxt:842	byte	1/1	1/1	1/1	dfa	dfa	bytes-eq/end-eq=2	
corpus	tests/litscan/litrun.rxt:890	byte	0/0	0/0	0/0	dfa	dfa		
corpus	tests/litscan/litrun.rxt:914	byte	1/1	1/1	1/1	dfa	dfa	bytes-eq/end-eq=2	
corpus	tests/litscan/litrun.rxt:964	byte	0/0	0/0	0/0	dfa	dfa		
corpus	tests/litscan/litrun.rxt:989	byte	1/1	1/1	1/1	dfa	dfa	bytes-eq/end-eq=2	
corpus	tests/litscan/litrun.rxt:1041	byte	0/0	0/0	0/0	dfa	dfa		
corpus	tests/litscan/litrun.rxt:1067	byte	1/1	1/1	1/1	dfa	dfa	bytes-eq/end-eq=2	
corpus	tests/litscan/litrun.rxt:1121	byte	0/0	0/0	0/0	dfa	dfa		
corpus	tests/litscan/litrun.rxt:1148	byte	1/1	1/1	1/1	dfa	dfa	bytes-eq/end-eq=2	
corpus	tests/litscan/litrun.rxt:1204	byte	0/0	0/0	0/0	dfa	dfa		
corpus	tests/litscan/litrun.rxt:1242	byte	1/1	1/1	1/1	dfa	dfa	bytes-eq/end-eq=2	
corpus	tests/litscan/litrun.rxt:1320	byte	0/0	0/0	0/0	dfa	dfa		
corpus	tests/litscan/litrun.rxt:1359	byte	1/1	1/1	1/1	dfa	dfa	bytes-eq/end-eq=2	
corpus	tests/litscan/reqcube.rxt:29	byte	0/0	0/0	0/0	dfa	dfa		
corpus	tests/litscan/reqcube.rxt:48	byte	0/0	0/0	0/0	dfa	dfa		
corpus	tests/litscan/reqcube.rxt:67	byte	0/0	0/0	0/0	dfa	dfa		
corpus	tests/litscan/reqcube.rxt:86	byte	0/0	0/0	0/0	dfa	dfa		
corpus	tests/litscan/reqcube.rxt:145	byte	0/0	0/0	0/0	dfa	dfa		
corpus	tests/litscan/reqcube.rxt:164	byte	1/1	1/1	1/1	dfa	dfa	bytes-eq/end-eq=2	
corpus	tests/litscan/reqcube.rxt:181	byte	0/0	0/0	0/0	dfa	dfa		
corpus	tests/litscan/reqcube.rxt:242	byte	1/1	1/1	1/1	vm	vm	bytes-eq/end-eq=2	
corpus	tests/litscan/reqcube.rxt:284	byte	1/1	1/1	1/1	dfa	dfa	bytes-eq/end-eq=2	
corpus	tests/litscan/reqcube.rxt:303	byte	0/0	0/0	0/0	dfa	dfa		
corpus	tests/litscan/reqcube.rxt:318	byte	0/0	0/0	0/0	dfa	dfa		
corpus	tests/litscan/reqcube.rxt:337	byte	0/0	0/0	0/0	dfa	dfa		
corpus	tests/litscan/reqcube.rxt:356	byte	0/0	0/0	0/0	dfa	dfa		
corpus	tests/litscan/reqcube.rxt:377	byte	0/0	0/0	0/0	dfa	dfa		
corpus	tests/litscan/reqcube.rxt:396	byte	0/2	0/2	0/2	dfa	dfa	bytes-eq/end-eq=2	
corpus	tests/litscan/reqcube.rxt:415	byte	0/0	0/0	0/0	vm	vm		
corpus	tests/litscan/reqcube.rxt:434	byte	0/3	0/3	0/3	vm	vm	bytes-eq/end-eq=3	
corpus	tests/litscan/reqcube.rxt:457	utf8	0/3	0/3	0/3	vm	vm	bytes-eq/end-eq=3	
corpus	tests/litscan/reqcube.rxt:480	byte	0/3	0/3	0/3	vm	vm	bytes-eq/end-eq=3	
corpus	tests/lookaround/alpha_spellings.rxt:38	byte	0/0	0/0	0/0	dfa	dfa		
corpus	tests/lookaround/alpha_spellings.rxt:53	byte	0/0	0/0	0/0	dfa	dfa		
corpus	tests/lookaround/alpha_spellings.rxt:68	byte	0/0	0/0	0/0	dfa	dfa		
corpus	tests/lookaround/alpha_spellings.rxt:84	byte	0/0	0/0	0/0	dfa	dfa		
corpus	tests/lookaround/alpha_spellings.rxt:99	byte	0/0	0/0	0/0	dfa	dfa		
corpus	tests/lookaround/alpha_spellings.rxt:115	byte	0/0	0/0	0/0	dfa	dfa		
corpus	tests/lookaround/alpha_spellings.rxt:129	byte	0/0	0/0	0/0	dfa	dfa		
corpus	tests/lookaround/alpha_spellings.rxt:144	byte	0/0	0/0	0/0	dfa	dfa		
corpus	tests/lookaround/alpha_spellings.rxt:158	byte	0/0	0/0	0/0	dfa	dfa		
corpus	tests/lookaround/alpha_spellings.rxt:173	byte	0/0	0/0	0/0	dfa	dfa		
corpus	tests/lookaround/alpha_spellings.rxt:188	byte	0/0	0/0	0/0	dfa	dfa		
corpus	tests/lookaround/alpha_spellings.rxt:204	byte	0/0	0/0	0/0	dfa	dfa		
corpus	tests/lookaround/alpha_spellings.rxt:219	byte	0/0	0/0	0/0	vm	vm		
corpus	tests/lookaround/alpha_spellings.rxt:232	byte	0/0	0/0	0/0	vm	vm		
corpus	tests/lookaround/alpha_spellings.rxt:244	byte	0/0	0/0	0/0	vm	vm		
corpus	tests/lookaround/alpha_spellings.rxt:257	byte	0/0	0/0	0/0	vm	vm		
corpus	tests/lookaround/alpha_spellings.rxt:267	byte	0/0	0/0	0/0	vm	vm		
corpus	tests/lookaround/alpha_spellings.rxt:277	byte	0/0	0/0	0/0	vm	vm		
corpus	tests/lookaround/alpha_spellings.rxt:289	byte	0/0	0/0	0/0	vm	vm		
corpus	tests/lookaround/alpha_spellings.rxt:303	byte	0/0	0/0	0/0	vm	vm		
corpus	tests/lookaround/alpha_spellings.rxt:320	byte	0/0	0/0	0/0	dfa	dfa		
corpus	tests/lookaround/alpha_spellings.rxt:336	byte	0/0	0/0	0/0	dfa	dfa		
corpus	tests/lookaround/alpha_spellings.rxt:346	byte	0/0	0/0	0/0	dfa	dfa		
corpus	tests/lookaround/alpha_spellings.rxt:356	byte	0/0	0/0	0/0	dfa	dfa		
corpus	tests/lookaround/alpha_spellings.rxt:369	byte	None			refused	refused		pcrec: variable-length lookbehind is not implemented: every alternative of a lookbehind must have a fixed length (this o
corpus	tests/lookaround/alpha_spellings.rxt:380	byte	None			refused	refused		pcrec: \K is not allowed inside a lookaround (pattern offset 0)
corpus	tests/lookaround/captures.rxt:34	byte	0/0	0/0	0/0	vm	vm		
corpus	tests/lookaround/captures.rxt:43	byte	0/0	0/0	0/0	vm	vm		
corpus	tests/lookaround/captures.rxt:56	byte	0/0	0/0	0/0	vm	vm		
corpus	tests/lookaround/captures.rxt:64	byte	0/0	0/0	0/0	vm	vm		
corpus	tests/lookaround/captures.rxt:71	byte	0/0	0/0	0/0	vm	vm		
corpus	tests/lookaround/captures.rxt:81	byte	0/0	0/0	0/0	vm	vm		
corpus	tests/lookaround/captures.rxt:88	byte	0/0	0/0	0/0	vm	vm		
corpus	tests/lookaround/captures.rxt:94	byte	0/1	0/1	0/1	vm	vm	bytes-eq/end-eq=1	
corpus	tests/lookaround/captures.rxt:100	byte	0/1	0/1	0/1	vm	vm	bytes-eq/end-eq=1	
corpus	tests/lookaround/captures.rxt:107	byte	0/1	0/1	0/1	vm	vm	bytes-eq/end-eq=1	
corpus	tests/lookaround/captures.rxt:113	byte	0/0	0/0	0/0	vm	vm		
corpus	tests/lookaround/d27/adversarial.rxt:11	byte	1/1	1/1	1/1	vm	vm	bytes-eq/end-eq=2	
corpus	tests/lookaround/d27/adversarial.rxt:19	byte	0/0	0/0	0/0	vm	vm		
corpus	tests/lookaround/d27/adversarial.rxt:38	byte	0/0	0/0	0/0	vm	vm		
corpus	tests/lookaround/d27/adversarial.rxt:50	byte	0/0	0/0	0/0	vm	vm		
corpus	tests/lookaround/d27/adversarial.rxt:59	byte	0/0	0/0	0/0	vm	vm		
corpus	tests/lookaround/d27/adversarial.rxt:69	byte	0/0	0/0	0/0	vm	vm		
corpus	tests/lookaround/d27/adversarial.rxt:77	byte	0/0	0/0	0/0	vm	vm		
corpus	tests/lookaround/d27/adversarial.rxt:84	byte	0/0	0/0	0/0	vm	vm		
corpus	tests/lookaround/d27/adversarial.rxt:92	byte	0/0	0/0	0/0	vm	vm		
corpus	tests/lookaround/d27/adversarial.rxt:103	byte	0/1	0/1	0/1	vm	vm	bytes-eq/end-eq=1	
corpus	tests/lookaround/d27/adversarial.rxt:117	byte	0/1	0/1	0/1	vm	vm	bytes-eq/end-eq=1	
corpus	tests/lookaround/d27/expansions.rxt:13	byte	0/0	0/0	0/0	dfa	dfa		
corpus	tests/lookaround/d27/expansions.rxt:23	byte	0/0	0/0	0/0	vm	vm		
corpus	tests/lookaround/d27/expansions.rxt:33	byte	0/0	0/0	0/0	vm	vm		
corpus	tests/lookaround/d27/expansions.rxt:42	byte	0/0	0/0	0/0	vm	vm		
corpus	tests/lookaround/d27/longsubject.rxt:8	byte	0/0	0/0	0/0	vm	vm		
corpus	tests/lookaround/d27/matrix.rxt:13	byte	0/0	0/0	0/0	vm	vm		
corpus	tests/lookaround/d27/matrix.rxt:20	byte	0/0	0/0	0/0	vm	vm		
corpus	tests/lookaround/d27/matrix.rxt:27	byte	0/0	0/0	0/0	vm	vm		
corpus	tests/lookaround/d27/matrix.rxt:34	byte	0/0	0/0	0/0	vm	vm		
corpus	tests/lookaround/d27/matrix.rxt:41	byte	0/1	0/1	0/1	vm	vm	bytes-eq/end-eq=1	
corpus	tests/lookaround/d27/matrix.rxt:48	byte	0/0	0/0	0/0	vm	vm		
corpus	tests/lookaround/d27/matrix.rxt:58	byte	0/0	0/0	0/0	vm	vm		
corpus	tests/lookaround/d27/matrix.rxt:65	byte	0/0	0/0	0/0	dfa	dfa		
corpus	tests/lookaround/d27/matrix.rxt:72	byte	0/0	0/0	0/0	dfa	dfa		
corpus	tests/lookaround/d27/matrix.rxt:79	byte	0/0	0/0	0/0	dfa	dfa		
corpus	tests/lookaround/d27/matrix.rxt:86	byte	0/0	0/0	0/0	dfa	dfa		
corpus	tests/lookaround/d27/matrix.rxt:93	byte	0/1	0/1	0/1	dfa	dfa	bytes-eq/end-eq=1	
corpus	tests/lookaround/d27/matrix.rxt:100	byte	0/0	0/0	0/0	vm	vm		
corpus	tests/lookaround/d27/matrix.rxt:107	byte	0/0	0/0	0/0	vm	vm		
corpus	tests/lookaround/d27/matrix.rxt:114	byte	0/0	0/0	0/0	dfa	dfa		
corpus	tests/lookaround/d27/matrix.rxt:121	byte	0/0	0/0	0/0	dfa	dfa		
corpus	tests/lookaround/d27/matrix.rxt:128	byte	0/0	0/0	0/0	dfa	dfa		
corpus	tests/lookaround/d27/matrix.rxt:135	byte	0/0	0/0	0/0	dfa	dfa		
corpus	tests/lookaround/d27/matrix.rxt:142	byte	0/1	0/1	0/1	dfa	dfa	bytes-eq/end-eq=1	
corpus	tests/lookaround/d27/matrix.rxt:149	byte	0/0	0/0	0/0	vm	vm		
corpus	tests/lookaround/d27/matrix.rxt:156	byte	0/0	0/0	0/0	vm	vm		
corpus	tests/lookaround/d27/matrix.rxt:163	byte	0/0	0/0	0/0	vm	vm		
corpus	tests/lookaround/d27/matrix.rxt:170	byte	0/0	0/0	0/0	vm	vm		
corpus	tests/lookaround/d27/matrix.rxt:177	byte	0/0	0/0	0/0	vm	vm		
corpus	tests/lookaround/d27/matrix.rxt:184	byte	0/0	0/0	0/0	vm	vm		
corpus	tests/lookaround/d27/matrix.rxt:191	byte	0/1	0/1	0/1	vm	vm	bytes-eq/end-eq=1	
corpus	tests/lookaround/d27/matrix.rxt:198	byte	0/0	0/0	0/0	vm	vm		
corpus	tests/lookaround/d27/matrix.rxt:205	byte	0/0	0/0	0/0	vm	vm		
corpus	tests/lookaround/d27/matrix.rxt:212	byte	0/0	0/0	0/0	vm	vm		
corpus	tests/lookaround/d27/matrix.rxt:219	byte	0/0	0/0	0/0	vm	vm		
corpus	tests/lookaround/d27/matrix.rxt:226	byte	0/0	0/0	0/0	vm	vm		
corpus	tests/lookaround/d27/matrix.rxt:233	byte	0/0	0/0	0/0	vm	vm		
corpus	tests/lookaround/d27/matrix.rxt:240	byte	0/1	0/1	0/1	vm	vm	bytes-eq/end-eq=1	
corpus	tests/lookaround/d27/matrix.rxt:247	byte	0/0	0/0	0/0	vm	vm		
corpus	tests/lookaround/d27/matrix.rxt:254	byte	0/0	0/0	0/0	vm	vm		
corpus	tests/lookaround/d27/matrix.rxt:261	byte	0/0	0/0	0/0	vm	vm		
corpus	tests/lookaround/d27/matrix.rxt:268	byte	0/0	0/0	0/0	vm	vm		
corpus	tests/lookaround/d27/matrix.rxt:275	byte	0/0	0/0	0/0	vm	vm		
corpus	tests/lookaround/d27/matrix.rxt:282	byte	0/0	0/0	0/0	vm	vm		
corpus	tests/lookaround/d27/matrix.rxt:289	byte	0/1	0/1	0/1	vm	vm	bytes-eq/end-eq=1	
corpus	tests/lookaround/d27/matrix.rxt:296	byte	0/0	0/0	0/0	vm	vm		
corpus	tests/lookaround/d27/matrix.rxt:303	byte	0/0	0/0	0/0	vm	vm		
corpus	tests/lookaround/d27/matrix.rxt:310	byte	0/0	0/0	0/0	vm	vm		
corpus	tests/lookaround/d27/matrix.rxt:317	byte	0/0	0/0	0/0	vm	vm		
corpus	tests/lookaround/d27/matrix.rxt:327	byte	0/0	0/0	0/0	vm	vm		
corpus	tests/lookaround/d27/matrix.rxt:334	byte	0/0	0/0	0/0	vm	vm		
corpus	tests/lookaround/d27/matrix.rxt:344	byte	0/1	0/1	0/1	vm	vm	bytes-eq/end-eq=1	
corpus	tests/lookaround/d27/matrix.rxt:354	byte	0/0	0/0	0/0	vm	vm		
corpus	tests/lookaround/d27/matrix.rxt:361	byte	0/0	0/0	0/0	vm	vm		
corpus	tests/lookaround/d27/matrix.rxt:368	byte	0/0	0/0	0/0	vm	vm		
corpus	tests/lookaround/d27/matrix.rxt:375	byte	0/0	0/0	0/0	vm	vm		
corpus	tests/lookaround/d27/matrix.rxt:382	byte	0/0	0/0	0/0	vm	vm		
corpus	tests/lookaround/d27/matrix.rxt:389	byte	0/0	0/0	0/0	vm	vm		
corpus	tests/lookaround/d27/matrix.rxt:396	byte	0/1	0/1	0/1	vm	vm	bytes-eq/end-eq=1	
corpus	tests/lookaround/d27/matrix.rxt:403	byte	0/0	0/0	0/0	vm	vm		
corpus	tests/lookaround/d27/matrix.rxt:410	byte	0/0	0/0	0/0	vm	vm		
corpus	tests/lookaround/d27/matrix.rxt:417	byte	0/0	0/0	0/0	vm	vm		
corpus	tests/lookaround/d27/matrix.rxt:424	byte	0/0	0/0	0/0	vm	vm		
corpus	tests/lookaround/d27/matrix.rxt:434	byte	0/0	0/0	0/0	vm	vm		
corpus	tests/lookaround/d27/matrix.rxt:441	byte	0/0	0/0	0/0	vm	vm		
corpus	tests/lookaround/d27/matrix.rxt:451	byte	0/1	0/1	0/1	vm	vm	bytes-eq/end-eq=1	
corpus	tests/lookaround/d27/matrix.rxt:461	byte	0/0	0/0	0/0	vm	vm		
corpus	tests/lookaround/d27/matrix.rxt:468	byte	0/0	0/0	0/0	vm	vm		
corpus	tests/lookaround/d27/matrix.rxt:475	byte	0/0	0/0	0/0	vm	vm		
corpus	tests/lookaround/d27/matrix.rxt:482	byte	0/0	0/0	0/0	vm	vm		
corpus	tests/lookaround/d27/matrix.rxt:489	byte	0/0	0/0	0/0	vm	vm		
corpus	tests/lookaround/d27/matrix.rxt:496	byte	0/0	0/0	0/0	vm	vm		
corpus	tests/lookaround/d27/matrix.rxt:503	byte	0/1	0/1	0/1	vm	vm	bytes-eq/end-eq=1	
corpus	tests/lookaround/d27/matrix.rxt:510	byte	0/0	0/0	0/0	vm	vm		
corpus	tests/lookaround/d27/matrix.rxt:517	byte	0/0	0/0	0/0	vm	vm		
corpus	tests/lookaround/d27/matrix.rxt:524	byte	0/0	0/0	0/0	dfa	dfa		
corpus	tests/lookaround/d27/matrix.rxt:531	byte	0/0	0/0	0/0	dfa	dfa		
corpus	tests/lookaround/d27/matrix.rxt:538	byte	0/0	0/0	0/0	dfa	dfa		
corpus	tests/lookaround/d27/matrix.rxt:545	byte	0/0	0/0	0/0	dfa	dfa		
corpus	tests/lookaround/d27/matrix.rxt:552	byte	0/1	0/1	0/1	dfa	dfa	bytes-eq/end-eq=1	
corpus	tests/lookaround/d27/matrix.rxt:559	byte	0/0	0/0	0/0	vm	vm		
corpus	tests/lookaround/d27/matrix.rxt:569	byte	0/0	0/0	0/0	vm	vm		
corpus	tests/lookaround/d27/matrix.rxt:576	byte	0/0	0/0	0/0	dfa	dfa		
corpus	tests/lookaround/d27/matrix.rxt:583	byte	0/0	0/0	0/0	dfa	dfa		
corpus	tests/lookaround/d27/matrix.rxt:590	byte	0/0	0/0	0/0	dfa	dfa		
corpus	tests/lookaround/d27/matrix.rxt:597	byte	0/0	0/0	0/0	dfa	dfa		
corpus	tests/lookaround/d27/matrix.rxt:604	byte	0/1	0/1	0/1	dfa	dfa	bytes-eq/end-eq=1	
corpus	tests/lookaround/d27/matrix.rxt:611	byte	0/0	0/0	0/0	vm	vm		
corpus	tests/lookaround/d27/matrix.rxt:621	byte	0/0	0/0	0/0	vm	vm		
corpus	tests/lookaround/d27/matrix.rxt:628	byte	0/0	0/0	0/0	vm	vm		
corpus	tests/lookaround/d27/matrix.rxt:635	byte	0/0	0/0	0/0	vm	vm		
corpus	tests/lookaround/d27/matrix.rxt:642	byte	0/0	0/0	0/0	vm	vm		
corpus	tests/lookaround/d27/matrix.rxt:649	byte	0/0	0/0	0/0	vm	vm		
corpus	tests/lookaround/d27/matrix.rxt:656	byte	0/1	0/1	0/1	vm	vm	bytes-eq/end-eq=1	
corpus	tests/lookaround/d27/matrix.rxt:663	byte	0/0	0/0	0/0	vm	vm		
corpus	tests/lookaround/d27/matrix.rxt:673	byte	0/0	0/0	0/0	vm	vm		
corpus	tests/lookaround/d27/matrix.rxt:680	byte	0/0	0/0	0/0	vm	vm		
corpus	tests/lookaround/d27/matrix.rxt:687	byte	0/0	0/0	0/0	vm	vm		
corpus	tests/lookaround/d27/matrix.rxt:694	byte	0/0	0/0	0/0	vm	vm		
corpus	tests/lookaround/d27/matrix.rxt:701	byte	0/0	0/0	0/0	vm	vm		
corpus	tests/lookaround/d27/matrix.rxt:708	byte	0/1	0/1	0/1	vm	vm	bytes-eq/end-eq=1	
corpus	tests/lookaround/d27/matrix.rxt:715	byte	0/0	0/0	0/0	vm	vm		
corpus	tests/lookaround/d27/matrix.rxt:725	byte	0/0	0/0	0/0	vm	vm		
corpus	tests/lookaround/d27/matrix.rxt:732	byte	0/0	0/0	0/0	vm	vm		
corpus	tests/lookaround/d27/matrix.rxt:739	byte	0/0	0/0	0/0	vm	vm		
corpus	tests/lookaround/d27/matrix.rxt:746	byte	0/0	0/0	0/0	vm	vm		
corpus	tests/lookaround/d27/matrix.rxt:753	byte	0/0	0/0	0/0	vm	vm		
corpus	tests/lookaround/d27/matrix.rxt:760	byte	0/1	0/1	0/1	vm	vm	bytes-eq/end-eq=1	
corpus	tests/lookaround/d27/matrix.rxt:767	byte	0/0	0/0	0/0	vm	vm		
corpus	tests/lookaround/d27/matrix.rxt:777	byte	0/0	0/0	0/0	vm	vm		
corpus	tests/lookaround/d27/matrix.rxt:784	byte	0/0	0/0	0/0	vm	vm		
corpus	tests/lookaround/d27/matrix.rxt:794	byte	0/0	0/0	0/0	vm	vm		
corpus	tests/lookaround/d27/matrix.rxt:804	byte	0/0	0/0	0/0	vm	vm		
corpus	tests/lookaround/d27/matrix.rxt:814	byte	0/0	0/0	0/0	vm	vm		
corpus	tests/lookaround/d27/matrix.rxt:824	byte	0/1	0/1	0/1	vm	vm	bytes-eq/end-eq=1	
corpus	tests/lookaround/d27/matrix.rxt:834	byte	0/0	0/0	0/0	vm	vm		
corpus	tests/lookaround/d27/matrix.rxt:847	byte	0/0	0/0	0/0	vm	vm		
corpus	tests/lookaround/d27/matrix.rxt:857	byte	0/0	0/0	0/0	vm	vm		
corpus	tests/lookaround/d27/matrix.rxt:864	byte	0/0	0/0	0/0	vm	vm		
corpus	tests/lookaround/d27/matrix.rxt:871	byte	0/0	0/0	0/0	vm	vm		
corpus	tests/lookaround/d27/matrix.rxt:878	byte	0/0	0/0	0/0	vm	vm		
corpus	tests/lookaround/d27/matrix.rxt:885	byte	0/1	0/1	0/1	vm	vm	bytes-eq/end-eq=1	
corpus	tests/lookaround/d27/matrix.rxt:892	byte	0/0	0/0	0/0	vm	vm		
corpus	tests/lookaround/d27/matrix.rxt:902	byte	0/0	0/0	0/0	vm	vm		
corpus	tests/lookaround/d27/matrix.rxt:909	byte	0/0	0/0	0/0	vm	vm		
corpus	tests/lookaround/d27/matrix.rxt:919	byte	0/0	0/0	0/0	vm	vm		
corpus	tests/lookaround/d27/matrix.rxt:929	byte	0/0	0/0	0/0	vm	vm		
corpus	tests/lookaround/d27/matrix.rxt:939	byte	0/0	0/0	0/0	vm	vm		
corpus	tests/lookaround/d27/matrix.rxt:949	byte	0/1	0/1	0/1	vm	vm	bytes-eq/end-eq=1	
corpus	tests/lookaround/d27/matrix.rxt:959	byte	0/0	0/0	0/0	vm	vm		
corpus	tests/lookaround/d27/matrix.rxt:972	byte	0/0	0/0	0/0	vm	vm		
corpus	tests/lookaround/d27/matrix.rxt:982	byte	0/0	0/0	0/0	vm	vm		
corpus	tests/lookaround/d27/matrix.rxt:990	byte	0/0	0/0	0/0	vm	vm		
corpus	tests/lookaround/d27/matrix.rxt:998	byte	0/0	0/0	0/0	vm	vm		
corpus	tests/lookaround/d27/matrix.rxt:1006	byte	0/0	0/0	0/0	vm	vm		
corpus	tests/lookaround/d27/matrix.rxt:1014	byte	0/1	0/1	0/1	vm	vm	bytes-eq/end-eq=1	
corpus	tests/lookaround/d27/matrix.rxt:1022	byte	0/0	0/0	0/0	vm	vm		
corpus	tests/lookaround/d27/matrix.rxt:1034	byte	0/0	0/0	0/0	vm	vm		
corpus	tests/lookaround/d27/matrix.rxt:1042	byte	0/0	0/0	0/0	dfa	dfa		
corpus	tests/lookaround/d27/matrix.rxt:1050	byte	0/0	0/0	0/0	dfa	dfa		
corpus	tests/lookaround/d27/matrix.rxt:1057	byte	0/0	0/0	0/0	dfa	dfa		
corpus	tests/lookaround/d27/matrix.rxt:1064	byte	0/0	0/0	0/0	dfa	dfa		
corpus	tests/lookaround/d27/matrix.rxt:1072	byte	0/1	0/1	0/1	dfa	dfa	bytes-eq/end-eq=1	
corpus	tests/lookaround/d27/matrix.rxt:1080	byte	0/0	0/0	0/0	vm	vm		
corpus	tests/lookaround/d27/matrix.rxt:1092	byte	0/0	0/0	0/0	vm	vm		
corpus	tests/lookaround/d27/matrix.rxt:1100	byte	0/0	0/0	0/0	dfa	dfa		
corpus	tests/lookaround/d27/matrix.rxt:1108	byte	0/0	0/0	0/0	dfa	dfa		
corpus	tests/lookaround/d27/matrix.rxt:1115	byte	0/0	0/0	0/0	dfa	dfa		
corpus	tests/lookaround/d27/matrix.rxt:1122	byte	0/0	0/0	0/0	dfa	dfa		
corpus	tests/lookaround/d27/matrix.rxt:1130	byte	0/1	0/1	0/1	dfa	dfa	bytes-eq/end-eq=1	
corpus	tests/lookaround/d27/matrix.rxt:1138	byte	0/0	0/0	0/0	vm	vm		
corpus	tests/lookaround/d27/matrix.rxt:1150	byte	0/0	0/0	0/0	vm	vm		
corpus	tests/lookaround/d27/matrix.rxt:1158	byte	0/0	0/0	0/0	vm	vm		
corpus	tests/lookaround/d27/matrix.rxt:1166	byte	0/0	0/0	0/0	vm	vm		
corpus	tests/lookaround/d27/matrix.rxt:1173	byte	0/0	0/0	0/0	vm	vm		
corpus	tests/lookaround/d27/matrix.rxt:1180	byte	0/0	0/0	0/0	vm	vm		
corpus	tests/lookaround/d27/matrix.rxt:1188	byte	0/1	0/1	0/1	vm	vm	bytes-eq/end-eq=1	
corpus	tests/lookaround/d27/matrix.rxt:1196	byte	0/0	0/0	0/0	vm	vm		
corpus	tests/lookaround/d27/matrix.rxt:1206	byte	0/0	0/0	0/0	vm	vm		
corpus	tests/lookaround/d27/matrix.rxt:1214	byte	0/0	0/0	0/0	vm	vm		
corpus	tests/lookaround/d27/matrix.rxt:1222	byte	0/0	0/0	0/0	vm	vm		
corpus	tests/lookaround/d27/matrix.rxt:1229	byte	0/0	0/0	0/0	vm	vm		
corpus	tests/lookaround/d27/matrix.rxt:1236	byte	0/0	0/0	0/0	vm	vm		
corpus	tests/lookaround/d27/matrix.rxt:1244	byte	0/1	0/1	0/1	vm	vm	bytes-eq/end-eq=1	
corpus	tests/lookaround/d27/matrix.rxt:1252	byte	0/0	0/0	0/0	vm	vm		
corpus	tests/lookaround/d27/matrix.rxt:1264	byte	0/0	0/0	0/0	vm	vm		
corpus	tests/lookaround/d27/matrix.rxt:1273	byte	0/0	0/0	0/0	vm	vm		
corpus	tests/lookaround/d27/matrix.rxt:1282	byte	0/0	0/0	0/0	vm	vm		
corpus	tests/lookaround/d27/matrix.rxt:1290	byte	0/0	0/0	0/0	vm	vm		
corpus	tests/lookaround/d27/matrix.rxt:1298	byte	0/0	0/0	0/0	vm	vm		
corpus	tests/lookaround/d27/matrix.rxt:1307	byte	0/1	0/1	0/1	vm	vm	bytes-eq/end-eq=1	
corpus	tests/lookaround/d27/matrix.rxt:1316	byte	0/0	0/0	0/0	vm	vm		
corpus	tests/lookaround/d27/matrix.rxt:1329	byte	0/0	0/0	0/0	vm	vm		
corpus	tests/lookaround/d27/matrix.rxt:1337	byte	0/0	0/0	0/0	vm	vm		
corpus	tests/lookaround/d27/matrix.rxt:1349	byte	0/0	0/0	0/0	vm	vm		
corpus	tests/lookaround/d27/matrix.rxt:1356	byte	0/0	0/0	0/0	vm	vm		
corpus	tests/lookaround/d27/matrix.rxt:1363	byte	0/0	0/0	0/0	vm	vm		
corpus	tests/lookaround/d27/matrix.rxt:1375	byte	0/1	0/1	0/1	vm	vm	bytes-eq/end-eq=1	
corpus	tests/lookaround/d27/matrix.rxt:1387	byte	0/0	0/0	0/0	vm	vm		
corpus	tests/lookaround/d27/matrix.rxt:1403	byte	0/0	0/0	0/0	vm	vm		
corpus	tests/lookaround/d27/matrix.rxt:1415	byte	0/0	0/0	0/0	vm	vm		
corpus	tests/lookaround/d27/matrix.rxt:1423	byte	0/0	0/0	0/0	vm	vm		
corpus	tests/lookaround/d27/matrix.rxt:1430	byte	0/0	0/0	0/0	vm	vm		
corpus	tests/lookaround/d27/matrix.rxt:1437	byte	0/0	0/0	0/0	vm	vm		
corpus	tests/lookaround/d27/matrix.rxt:1445	byte	0/1	0/1	0/1	vm	vm	bytes-eq/end-eq=1	
corpus	tests/lookaround/d27/matrix.rxt:1453	byte	0/0	0/0	0/0	vm	vm		
corpus	tests/lookaround/d27/matrix.rxt:1465	byte	0/0	0/0	0/0	vm	vm		
corpus	tests/lookaround/d27/matrix.rxt:1473	byte	0/0	0/0	0/0	vm	vm		
corpus	tests/lookaround/d27/matrix.rxt:1480	byte	0/0	0/0	0/0	vm	vm		
corpus	tests/lookaround/d27/matrix.rxt:1487	byte	0/0	0/0	0/0	vm	vm		
corpus	tests/lookaround/d27/matrix.rxt:1494	byte	0/0	0/0	0/0	vm	vm		
corpus	tests/lookaround/d27/matrix.rxt:1502	byte	0/1	0/1	0/1	vm	vm	bytes-eq/end-eq=1	
corpus	tests/lookaround/d27/matrix.rxt:1510	byte	0/0	0/0	0/0	vm	vm		
corpus	tests/lookaround/d27/matrix.rxt:1517	byte	0/0	0/0	0/0	vm	vm		
corpus	tests/lookaround/d27/matrix.rxt:1524	byte	0/0	0/0	0/0	dfa	dfa		
corpus	tests/lookaround/d27/matrix.rxt:1532	byte	0/0	0/0	0/0	dfa	dfa		
corpus	tests/lookaround/d27/matrix.rxt:1540	byte	0/0	0/0	0/0	dfa	dfa		
corpus	tests/lookaround/d27/matrix.rxt:1548	byte	0/0	0/0	0/0	dfa	dfa		
corpus	tests/lookaround/d27/matrix.rxt:1556	byte	0/1	0/1	0/1	dfa	dfa	bytes-eq/end-eq=1	
corpus	tests/lookaround/d27/matrix.rxt:1564	byte	0/0	0/0	0/0	vm	vm		
corpus	tests/lookaround/d27/matrix.rxt:1576	byte	0/0	0/0	0/0	vm	vm		
corpus	tests/lookaround/d27/matrix.rxt:1584	byte	0/0	0/0	0/0	dfa	dfa		
corpus	tests/lookaround/d27/matrix.rxt:1592	byte	0/0	0/0	0/0	dfa	dfa		
corpus	tests/lookaround/d27/matrix.rxt:1600	byte	0/0	0/0	0/0	dfa	dfa		
corpus	tests/lookaround/d27/matrix.rxt:1608	byte	0/0	0/0	0/0	dfa	dfa		
corpus	tests/lookaround/d27/matrix.rxt:1616	byte	0/1	0/1	0/1	dfa	dfa	bytes-eq/end-eq=1	
corpus	tests/lookaround/d27/matrix.rxt:1624	byte	0/0	0/0	0/0	vm	vm		
corpus	tests/lookaround/d27/matrix.rxt:1636	byte	0/0	0/0	0/0	vm	vm		
corpus	tests/lookaround/d27/matrix.rxt:1644	byte	0/0	0/0	0/0	vm	vm		
corpus	tests/lookaround/d27/matrix.rxt:1652	byte	0/0	0/0	0/0	vm	vm		
corpus	tests/lookaround/d27/matrix.rxt:1660	byte	0/0	0/0	0/0	vm	vm		
corpus	tests/lookaround/d27/matrix.rxt:1668	byte	0/0	0/0	0/0	vm	vm		
corpus	tests/lookaround/d27/matrix.rxt:1676	byte	0/1	0/1	0/1	vm	vm	bytes-eq/end-eq=1	
corpus	tests/lookaround/d27/matrix.rxt:1684	byte	0/0	0/0	0/0	vm	vm		
corpus	tests/lookaround/d27/matrix.rxt:1696	byte	0/0	0/0	0/0	vm	vm		
corpus	tests/lookaround/d27/matrix.rxt:1704	byte	0/0	0/0	0/0	vm	vm		
corpus	tests/lookaround/d27/matrix.rxt:1712	byte	0/0	0/0	0/0	vm	vm		
corpus	tests/lookaround/d27/matrix.rxt:1720	byte	0/0	0/0	0/0	vm	vm		
corpus	tests/lookaround/d27/matrix.rxt:1728	byte	0/0	0/0	0/0	vm	vm		
corpus	tests/lookaround/d27/matrix.rxt:1736	byte	0/1	0/1	0/1	vm	vm	bytes-eq/end-eq=1	
corpus	tests/lookaround/d27/matrix.rxt:1744	byte	0/0	0/0	0/0	vm	vm		
corpus	tests/lookaround/d27/matrix.rxt:1756	byte	0/0	0/0	0/0	vm	vm		
corpus	tests/lookaround/d27/matrix.rxt:1765	byte	0/0	0/0	0/0	vm	vm		
corpus	tests/lookaround/d27/matrix.rxt:1774	byte	0/0	0/0	0/0	vm	vm		
corpus	tests/lookaround/d27/matrix.rxt:1783	byte	0/0	0/0	0/0	vm	vm		
corpus	tests/lookaround/d27/matrix.rxt:1792	byte	0/0	0/0	0/0	vm	vm		
corpus	tests/lookaround/d27/matrix.rxt:1801	byte	0/1	0/1	0/1	vm	vm	bytes-eq/end-eq=1	
corpus	tests/lookaround/d27/matrix.rxt:1810	byte	0/0	0/0	0/0	vm	vm		
corpus	tests/lookaround/d27/matrix.rxt:1823	byte	0/0	0/0	0/0	vm	vm		
corpus	tests/lookaround/d27/matrix.rxt:1831	byte	0/0	0/0	0/0	vm	vm		
corpus	tests/lookaround/d27/matrix.rxt:1843	byte	0/0	0/0	0/0	vm	vm		
corpus	tests/lookaround/d27/matrix.rxt:1855	byte	0/0	0/0	0/0	vm	vm		
corpus	tests/lookaround/d27/matrix.rxt:1867	byte	0/0	0/0	0/0	vm	vm		
corpus	tests/lookaround/d27/matrix.rxt:1879	byte	0/1	0/1	0/1	vm	vm	bytes-eq/end-eq=1	
corpus	tests/lookaround/d27/matrix.rxt:1891	byte	0/0	0/0	0/0	vm	vm		
corpus	tests/lookaround/d27/matrix.rxt:1907	byte	0/0	0/0	0/0	vm	vm		
corpus	tests/lookaround/d27/matrix.rxt:1919	byte	0/0	0/0	0/0	vm	vm		
corpus	tests/lookaround/d27/matrix.rxt:1927	byte	0/0	0/0	0/0	vm	vm		
corpus	tests/lookaround/d27/matrix.rxt:1935	byte	0/0	0/0	0/0	vm	vm		
corpus	tests/lookaround/d27/matrix.rxt:1943	byte	0/0	0/0	0/0	vm	vm		
corpus	tests/lookaround/d27/matrix.rxt:1951	byte	0/1	0/1	0/1	vm	vm	bytes-eq/end-eq=1	
corpus	tests/lookaround/d27/matrix.rxt:1959	byte	0/0	0/0	0/0	vm	vm		
corpus	tests/lookaround/d27/matrix.rxt:1971	byte	0/0	0/0	0/0	vm	vm		
corpus	tests/lookaround/d27/matrix.rxt:1980	byte	0/0	0/0	0/0	vm	vm		
corpus	tests/lookaround/d27/matrix.rxt:1988	byte	0/0	0/0	0/0	vm	vm		
corpus	tests/lookaround/d27/matrix.rxt:1996	byte	0/0	0/0	0/0	vm	vm		
corpus	tests/lookaround/d27/matrix.rxt:2004	byte	0/0	0/0	0/0	vm	vm		
corpus	tests/lookaround/d27/matrix.rxt:2012	byte	0/1	0/1	0/1	vm	vm	bytes-eq/end-eq=1	
corpus	tests/lookaround/d27/matrix.rxt:2020	byte	0/0	0/0	0/0	vm	vm		
corpus	tests/lookaround/d27/matrix.rxt:2031	byte	0/0	0/0	0/0	vm	vm		
corpus	tests/lookaround/d27/matrix.rxt:2039	byte	0/0	0/0	0/0	dfa	dfa		
corpus	tests/lookaround/d27/matrix.rxt:2047	byte	0/0	0/0	0/0	dfa	dfa		
corpus	tests/lookaround/d27/matrix.rxt:2055	byte	0/0	0/0	0/0	dfa	dfa		
corpus	tests/lookaround/d27/matrix.rxt:2063	byte	0/0	0/0	0/0	dfa	dfa		
corpus	tests/lookaround/d27/matrix.rxt:2071	byte	0/1	0/1	0/1	dfa	dfa	bytes-eq/end-eq=1	
corpus	tests/lookaround/d27/matrix.rxt:2079	byte	0/0	0/0	0/0	vm	vm		
corpus	tests/lookaround/d27/matrix.rxt:2087	byte	0/0	0/0	0/0	vm	vm		
corpus	tests/lookaround/d27/matrix.rxt:2095	byte	0/0	0/0	0/0	dfa	dfa		
corpus	tests/lookaround/d27/matrix.rxt:2103	byte	0/0	0/0	0/0	dfa	dfa		
corpus	tests/lookaround/d27/matrix.rxt:2111	byte	0/0	0/0	0/0	dfa	dfa		
corpus	tests/lookaround/d27/matrix.rxt:2119	byte	0/0	0/0	0/0	dfa	dfa		
corpus	tests/lookaround/d27/matrix.rxt:2127	byte	0/1	0/1	0/1	dfa	dfa	bytes-eq/end-eq=1	
corpus	tests/lookaround/d27/matrix.rxt:2135	byte	0/0	0/0	0/0	vm	vm		
corpus	tests/lookaround/d27/matrix.rxt:2143	byte	0/0	0/0	0/0	vm	vm		
corpus	tests/lookaround/d27/matrix.rxt:2151	byte	0/0	0/0	0/0	vm	vm		
corpus	tests/lookaround/d27/matrix.rxt:2159	byte	0/0	0/0	0/0	vm	vm		
corpus	tests/lookaround/d27/matrix.rxt:2167	byte	0/0	0/0	0/0	vm	vm		
corpus	tests/lookaround/d27/matrix.rxt:2175	byte	0/0	0/0	0/0	vm	vm		
corpus	tests/lookaround/d27/matrix.rxt:2183	byte	0/1	0/1	0/1	vm	vm	bytes-eq/end-eq=1	
corpus	tests/lookaround/d27/matrix.rxt:2191	byte	0/0	0/0	0/0	vm	vm		
corpus	tests/lookaround/d27/matrix.rxt:2199	byte	0/0	0/0	0/0	vm	vm		
corpus	tests/lookaround/d27/matrix.rxt:2207	byte	0/0	0/0	0/0	vm	vm		
corpus	tests/lookaround/d27/matrix.rxt:2215	byte	0/0	0/0	0/0	vm	vm		
corpus	tests/lookaround/d27/matrix.rxt:2223	byte	0/0	0/0	0/0	vm	vm		
corpus	tests/lookaround/d27/matrix.rxt:2231	byte	0/0	0/0	0/0	vm	vm		
corpus	tests/lookaround/d27/matrix.rxt:2239	byte	0/1	0/1	0/1	vm	vm	bytes-eq/end-eq=1	
corpus	tests/lookaround/d27/matrix.rxt:2247	byte	0/0	0/0	0/0	vm	vm		
corpus	tests/lookaround/d27/matrix.rxt:2255	byte	0/0	0/0	0/0	vm	vm		
corpus	tests/lookaround/d27/matrix.rxt:2263	byte	0/0	0/0	0/0	vm	vm		
corpus	tests/lookaround/d27/matrix.rxt:2271	byte	0/0	0/0	0/0	vm	vm		
corpus	tests/lookaround/d27/matrix.rxt:2279	byte	0/0	0/0	0/0	vm	vm		
corpus	tests/lookaround/d27/matrix.rxt:2287	byte	0/0	0/0	0/0	vm	vm		
corpus	tests/lookaround/d27/matrix.rxt:2295	byte	0/1	0/1	0/1	vm	vm	bytes-eq/end-eq=1	
corpus	tests/lookaround/d27/matrix.rxt:2303	byte	0/0	0/0	0/0	vm	vm		
corpus	tests/lookaround/d27/matrix.rxt:2311	byte	0/0	0/0	0/0	vm	vm		
corpus	tests/lookaround/d27/matrix.rxt:2319	byte	0/0	0/0	0/0	vm	vm		
corpus	tests/lookaround/d27/matrix.rxt:2327	byte	0/0	0/0	0/0	vm	vm		
corpus	tests/lookaround/d27/matrix.rxt:2338	byte	0/0	0/0	0/0	vm	vm		
corpus	tests/lookaround/d27/matrix.rxt:2346	byte	0/0	0/0	0/0	vm	vm		
corpus	tests/lookaround/d27/matrix.rxt:2357	byte	0/1	0/1	0/1	vm	vm	bytes-eq/end-eq=1	
corpus	tests/lookaround/d27/matrix.rxt:2368	byte	0/0	0/0	0/0	vm	vm		
corpus	tests/lookaround/d27/matrix.rxt:2376	byte	0/0	0/0	0/0	vm	vm		
corpus	tests/lookaround/d27/matrix.rxt:2384	byte	0/0	0/0	0/0	vm	vm		
corpus	tests/lookaround/d27/matrix.rxt:2392	byte	0/0	0/0	0/0	vm	vm		
corpus	tests/lookaround/d27/matrix.rxt:2400	byte	0/0	0/0	0/0	vm	vm		
corpus	tests/lookaround/d27/matrix.rxt:2408	byte	0/0	0/0	0/0	vm	vm		
corpus	tests/lookaround/d27/matrix.rxt:2416	byte	0/1	0/1	0/1	vm	vm	bytes-eq/end-eq=1	
corpus	tests/lookaround/d27/matrix.rxt:2424	byte	0/0	0/0	0/0	vm	vm		
corpus	tests/lookaround/d27/matrix.rxt:2432	byte	0/0	0/0	0/0	vm	vm		
corpus	tests/lookaround/d27/matrix.rxt:2440	byte	0/0	0/0	0/0	vm	vm		
corpus	tests/lookaround/d27/matrix.rxt:2448	byte	0/0	0/0	0/0	vm	vm		
corpus	tests/lookaround/d27/matrix.rxt:2459	byte	0/0	0/0	0/0	vm	vm		
corpus	tests/lookaround/d27/matrix.rxt:2467	byte	0/0	0/0	0/0	vm	vm		
corpus	tests/lookaround/d27/matrix.rxt:2478	byte	0/1	0/1	0/1	vm	vm	bytes-eq/end-eq=1	
corpus	tests/lookaround/d27/matrix.rxt:2489	byte	0/0	0/0	0/0	vm	vm		
corpus	tests/lookaround/d27/matrix.rxt:2497	byte	0/0	0/0	0/0	vm	vm		
corpus	tests/lookaround/d27/matrix.rxt:2505	byte	0/0	0/0	0/0	vm	vm		
corpus	tests/lookaround/d27/matrix.rxt:2514	byte	0/0	0/0	0/0	vm	vm		
corpus	tests/lookaround/d27/matrix.rxt:2523	byte	0/0	0/0	0/0	vm	vm		
corpus	tests/lookaround/d27/matrix.rxt:2532	byte	0/0	0/0	0/0	vm	vm		
corpus	tests/lookaround/d27/matrix.rxt:2541	byte	0/1	0/1	0/1	vm	vm	bytes-eq/end-eq=1	
corpus	tests/lookaround/d27/matrix.rxt:2550	byte	0/0	0/0	0/0	vm	vm		
corpus	tests/lookaround/d27/matrix.rxt:2563	byte	0/0	0/0	0/0	vm	vm		
corpus	tests/lookaround/d27/matrix.rxt:2572	byte	0/0	0/0	0/0	dfa	dfa		
corpus	tests/lookaround/d27/matrix.rxt:2581	byte	0/0	0/0	0/0	dfa	dfa		
corpus	tests/lookaround/d27/matrix.rxt:2589	byte	0/0	0/0	0/0	dfa	dfa		
corpus	tests/lookaround/d27/matrix.rxt:2597	byte	0/0	0/0	0/0	dfa	dfa		
corpus	tests/lookaround/d27/matrix.rxt:2606	byte	0/1	0/1	0/1	dfa	dfa	bytes-eq/end-eq=1	
corpus	tests/lookaround/d27/matrix.rxt:2615	byte	0/0	0/0	0/0	vm	vm		
corpus	tests/lookaround/d27/matrix.rxt:2628	byte	0/0	0/0	0/0	vm	vm		
corpus	tests/lookaround/d27/matrix.rxt:2637	byte	0/0	0/0	0/0	dfa	dfa		
corpus	tests/lookaround/d27/matrix.rxt:2646	byte	0/0	0/0	0/0	dfa	dfa		
corpus	tests/lookaround/d27/matrix.rxt:2654	byte	0/0	0/0	0/0	dfa	dfa		
corpus	tests/lookaround/d27/matrix.rxt:2662	byte	0/0	0/0	0/0	dfa	dfa		
corpus	tests/lookaround/d27/matrix.rxt:2671	byte	0/1	0/1	0/1	dfa	dfa	bytes-eq/end-eq=1	
corpus	tests/lookaround/d27/matrix.rxt:2680	byte	0/0	0/0	0/0	vm	vm		
corpus	tests/lookaround/d27/matrix.rxt:2693	byte	0/0	0/0	0/0	vm	vm		
corpus	tests/lookaround/d27/matrix.rxt:2702	byte	0/0	0/0	0/0	vm	vm		
corpus	tests/lookaround/d27/matrix.rxt:2711	byte	0/0	0/0	0/0	vm	vm		
corpus	tests/lookaround/d27/matrix.rxt:2719	byte	0/0	0/0	0/0	vm	vm		
corpus	tests/lookaround/d27/matrix.rxt:2727	byte	0/0	0/0	0/0	vm	vm		
corpus	tests/lookaround/d27/matrix.rxt:2736	byte	0/1	0/1	0/1	vm	vm	bytes-eq/end-eq=1	
corpus	tests/lookaround/d27/matrix.rxt:2745	byte	0/0	0/0	0/0	vm	vm		
corpus	tests/lookaround/d27/matrix.rxt:2756	byte	0/0	0/0	0/0	vm	vm		
corpus	tests/lookaround/d27/matrix.rxt:2765	byte	0/0	0/0	0/0	vm	vm		
corpus	tests/lookaround/d27/matrix.rxt:2774	byte	0/0	0/0	0/0	vm	vm		
corpus	tests/lookaround/d27/matrix.rxt:2782	byte	0/0	0/0	0/0	vm	vm		
corpus	tests/lookaround/d27/matrix.rxt:2790	byte	0/0	0/0	0/0	vm	vm		
corpus	tests/lookaround/d27/matrix.rxt:2799	byte	0/1	0/1	0/1	vm	vm	bytes-eq/end-eq=1	
corpus	tests/lookaround/d27/matrix.rxt:2808	byte	0/0	0/0	0/0	vm	vm		
corpus	tests/lookaround/d27/matrix.rxt:2821	byte	0/0	0/0	0/0	vm	vm		
corpus	tests/lookaround/d27/matrix.rxt:2830	byte	0/0	0/0	0/0	vm	vm		
corpus	tests/lookaround/d27/matrix.rxt:2839	byte	0/0	0/0	0/0	vm	vm		
corpus	tests/lookaround/d27/matrix.rxt:2847	byte	0/0	0/0	0/0	vm	vm		
corpus	tests/lookaround/d27/matrix.rxt:2855	byte	0/0	0/0	0/0	vm	vm		
corpus	tests/lookaround/d27/matrix.rxt:2864	byte	0/1	0/1	0/1	vm	vm	bytes-eq/end-eq=1	
corpus	tests/lookaround/d27/matrix.rxt:2873	byte	0/0	0/0	0/0	vm	vm		
corpus	tests/lookaround/d27/matrix.rxt:2886	byte	0/0	0/0	0/0	vm	vm		
corpus	tests/lookaround/d27/matrix.rxt:2895	byte	0/0	0/0	0/0	vm	vm		
corpus	tests/lookaround/d27/matrix.rxt:2908	byte	0/0	0/0	0/0	vm	vm		
corpus	tests/lookaround/d27/matrix.rxt:2916	byte	0/0	0/0	0/0	vm	vm		
corpus	tests/lookaround/d27/matrix.rxt:2924	byte	0/0	0/0	0/0	vm	vm		
corpus	tests/lookaround/d27/matrix.rxt:2937	byte	0/1	0/1	0/1	vm	vm	bytes-eq/end-eq=1	
corpus	tests/lookaround/d27/matrix.rxt:2950	byte	0/0	0/0	0/0	vm	vm		
corpus	tests/lookaround/d27/matrix.rxt:2967	byte	0/0	0/0	0/0	vm	vm		
corpus	tests/lookaround/d27/matrix.rxt:2980	byte	0/0	0/0	0/0	vm	vm		
corpus	tests/lookaround/d27/matrix.rxt:2989	byte	0/0	0/0	0/0	vm	vm		
corpus	tests/lookaround/d27/matrix.rxt:2997	byte	0/0	0/0	0/0	vm	vm		
corpus	tests/lookaround/d27/matrix.rxt:3005	byte	0/0	0/0	0/0	vm	vm		
corpus	tests/lookaround/d27/matrix.rxt:3014	byte	0/1	0/1	0/1	vm	vm	bytes-eq/end-eq=1	
corpus	tests/lookaround/d27/matrix.rxt:3023	byte	0/0	0/0	0/0	vm	vm		
corpus	tests/lookaround/d27/matrix.rxt:3036	byte	0/0	0/0	0/0	vm	vm		
corpus	tests/lookaround/d27/prefilter.rxt:8	byte	1/1	1/1	1/1	vm	vm	bytes-eq/end-eq=2	
corpus	tests/lookaround/d27/prefilter.rxt:33	byte	1/1	1/1	1/1	vm	vm	bytes-eq/end-eq=2	
corpus	tests/lookaround/d27/refusals.rxt:13	byte	None			refused	refused		pcrec: variable-length lookbehind is not implemented: every alternative of a lookbehind must have a fixed length (this o
corpus	tests/lookaround/d27/refusals.rxt:18	byte	None			refused	refused		pcrec: variable-length lookbehind is not implemented: every alternative of a lookbehind must have a fixed length (this o
corpus	tests/lookaround/d27/refusals.rxt:23	byte	None			refused	refused		pcrec: variable-length lookbehind is not implemented: every alternative of a lookbehind must have a fixed length (this o
corpus	tests/lookaround/d27/refusals.rxt:28	byte	None			refused	refused		pcrec: variable-length lookbehind is not implemented: every alternative of a lookbehind must have a fixed length (this o
corpus	tests/lookaround/d27/refusals.rxt:33	byte	None			refused	refused		pcrec: variable-length lookbehind is not implemented: every alternative of a lookbehind must have a fixed length (this o
corpus	tests/lookaround/d27/refusals.rxt:38	byte	None			refused	refused		pcrec: variable-length lookbehind is not implemented: every alternative of a lookbehind must have a fixed length (this o
corpus	tests/lookaround/d27/refusals.rxt:43	byte	None			refused	refused		pcrec: variable-length lookbehind is not implemented: every alternative of a lookbehind must have a fixed length (this o
corpus	tests/lookaround/d27/refusals.rxt:48	byte	None			refused	refused		pcrec: variable-length lookbehind is not implemented: every alternative of a lookbehind must have a fixed length (this o
corpus	tests/lookaround/d27/refusals.rxt:53	byte	None			refused	refused		pcrec: variable-length lookbehind is not implemented: every alternative of a lookbehind must have a fixed length (this o
corpus	tests/lookaround/d27/refusals.rxt:58	byte	None			refused	refused		pcrec: variable-length lookbehind is not implemented: every alternative of a lookbehind must have a fixed length (this o
corpus	tests/lookaround/d27/refusals.rxt:63	byte	None			refused	refused		pcrec: variable-length lookbehind is not implemented: every alternative of a lookbehind must have a fixed length (this o
corpus	tests/lookaround/d27/refusals.rxt:68	byte	None			refused	refused		pcrec: variable-length lookbehind is not implemented: every alternative of a lookbehind must have a fixed length (this o
corpus	tests/lookaround/d27/refusals.rxt:73	byte	None			refused	refused		pcrec: variable-length lookbehind is not implemented: every alternative of a lookbehind must have a fixed length (this o
corpus	tests/lookaround/d27/refusals.rxt:78	byte	None			refused	refused		pcrec: variable-length lookbehind is not implemented: every alternative of a lookbehind must have a fixed length (this o
corpus	tests/lookaround/d27/refusals.rxt:83	byte	None			refused	refused		pcrec: variable-length lookbehind is not implemented: every alternative of a lookbehind must have a fixed length (this o
corpus	tests/lookaround/d27/refusals.rxt:88	byte	None			refused	refused		pcrec: variable-length lookbehind is not implemented: every alternative of a lookbehind must have a fixed length (this o
corpus	tests/lookaround/d27/refusals.rxt:93	byte	None			refused	refused		pcrec: variable-length lookbehind is not implemented: every alternative of a lookbehind must have a fixed length (this o
corpus	tests/lookaround/d27/refusals.rxt:98	byte	None			refused	refused		pcrec: variable-length lookbehind is not implemented: every alternative of a lookbehind must have a fixed length (this o
corpus	tests/lookaround/d27/refusals.rxt:103	byte	None			refused	refused		pcrec: (*alpha_assertion) not recognized (pattern offset 0)
corpus	tests/lookaround/d27/refusals.rxt:108	byte	None			refused	refused		pcrec: (*alpha_assertion) not recognized (pattern offset 0)
corpus	tests/lookaround/d27/refusals.rxt:113	byte	None			refused	refused		pcrec: quantifier does not follow a repeatable item (pattern offset 4)
corpus	tests/lookaround/d27/refusals.rxt:118	byte	None			refused	refused		pcrec: \K is not allowed inside a lookaround (pattern offset 0)
corpus	tests/lookaround/d27/refusals.rxt:123	byte	None			refused	refused		pcrec: \K is not allowed inside a lookaround (pattern offset 0)
corpus	tests/lookaround/d27/refusals.rxt:128	byte	None			refused	refused		pcrec: \K is not allowed inside a lookaround (pattern offset 6)
corpus	tests/lookaround/d27/refusals.rxt:133	byte	None			refused	refused		pcrec: \K is not allowed inside a lookaround (pattern offset 0)
corpus	tests/lookaround/d27/refusals.rxt:138	byte	None			refused	refused		pcrec: \K is not allowed inside a lookaround (pattern offset 0)
corpus	tests/lookaround/d27/refusals.rxt:143	byte	None			refused	refused		pcrec: \K is not allowed inside a lookaround (pattern offset 0)
corpus	tests/lookaround/d27/refusals.rxt:148	byte	None			refused	refused		pcrec: \K is not allowed inside a lookaround (pattern offset 0)
corpus	tests/lookaround/d27/refusals.rxt:153	byte	None			refused	refused		pcrec: \K is not allowed inside a lookaround (pattern offset 0)
corpus	tests/lookaround/d27/refusals.rxt:158	byte	None			refused	refused		pcrec: \K is not allowed inside a lookaround (pattern offset 0)
corpus	tests/lookaround/d27/refusals.rxt:163	byte	None			refused	refused		pcrec: \K is not allowed inside a lookaround (pattern offset 0)
corpus	tests/lookaround/d27/refusals.rxt:168	byte	None			refused	refused		pcrec: \K is not allowed inside a lookaround (pattern offset 0)
corpus	tests/lookaround/d27/refusals.rxt:174	byte	0/0	0/0	0/0	vm	vm		
corpus	tests/lookaround/d27/refusals.rxt:184	byte	0/0	0/0	0/0	vm	vm		
corpus	tests/lookaround/d27/refusals.rxt:194	byte	0/0	0/0	0/0	vm	vm		
corpus	tests/lookaround/d27/spellings.rxt:10	byte	0/0	0/0	0/0	dfa	dfa		
corpus	tests/lookaround/d27/spellings.rxt:19	byte	0/0	0/0	0/0	dfa	dfa		
corpus	tests/lookaround/d27/spellings.rxt:28	byte	0/0	0/0	0/0	dfa	dfa		
corpus	tests/lookaround/d27/spellings.rxt:36	byte	0/0	0/0	0/0	dfa	dfa		
corpus	tests/lookaround/d27/spellings.rxt:45	byte	0/0	0/0	0/0	dfa	dfa		
corpus	tests/lookaround/d27/spellings.rxt:54	byte	0/0	0/0	0/0	dfa	dfa		
corpus	tests/lookaround/d27/spellings.rxt:62	byte	0/0	0/0	0/0	dfa	dfa		
corpus	tests/lookaround/d27/spellings.rxt:71	byte	0/0	0/0	0/0	dfa	dfa		
corpus	tests/lookaround/d27/spellings.rxt:80	byte	0/0	0/0	0/0	dfa	dfa		
corpus	tests/lookaround/d27/spellings.rxt:88	byte	0/0	0/0	0/0	dfa	dfa		
corpus	tests/lookaround/d27/spellings.rxt:97	byte	0/0	0/0	0/0	dfa	dfa		
corpus	tests/lookaround/d27/spellings.rxt:106	byte	0/0	0/0	0/0	dfa	dfa		
corpus	tests/lookaround/d27/spellings.rxt:115	byte	0/0	0/0	0/0	vm	vm		
corpus	tests/lookaround/d27/spellings.rxt:139	byte	None			refused	refused		pcrec: variable-length lookbehind is not implemented: every alternative of a lookbehind must have a fixed length (this o
corpus	tests/lookaround/d27/spellings.rxt:148	byte	None			refused	refused		pcrec: variable-length lookbehind is not implemented: every alternative of a lookbehind must have a fixed length (this o
corpus	tests/lookaround/d27/spellings.rxt:157	byte	None			refused	refused		pcrec: variable-length lookbehind is not implemented: every alternative of a lookbehind must have a fixed length (this o
corpus	tests/lookaround/d27/spellings.rxt:162	byte	0/0	0/0	0/0	vm	vm		
corpus	tests/lookaround/d27/spellings.rxt:211	byte	None			refused	refused		pcrec: variable-length lookbehind is not implemented: every alternative of a lookbehind must have a fixed length (this o
corpus	tests/lookaround/d27/spellings.rxt:238	byte	None			refused	refused		pcrec: variable-length lookbehind is not implemented: every alternative of a lookbehind must have a fixed length (this o
corpus	tests/lookaround/d27/spellings.rxt:243	byte	0/0	0/0	0/0	vm	vm		
corpus	tests/lookaround/d27/spellings.rxt:250	byte	0/0	0/0	0/0	vm	vm		
corpus	tests/lookaround/d27/spellings.rxt:256	byte	0/0	0/0	0/0	vm	vm		
corpus	tests/lookaround/d27/spellings.rxt:262	byte	0/0	0/0	0/0	vm	vm		
corpus	tests/lookaround/d27/spellings.rxt:268	byte	0/0	0/0	0/0	vm	vm		
corpus	tests/lookaround/d27/spellings.rxt:275	byte	0/1	0/1	0/1	vm	vm	bytes-eq/end-eq=3	
corpus	tests/lookaround/d27/spellings.rxt:283	byte	0/1	0/1	0/1	dfa	dfa	bytes-eq/end-eq=1	
corpus	tests/lookaround/d27/spellings.rxt:291	byte	0/1	0/1	0/1	dfa	dfa	bytes-eq/end-eq=1	
corpus	tests/lookaround/d27/spellings.rxt:299	byte	0/1	0/1	0/1	dfa	dfa	bytes-eq/end-eq=1	
corpus	tests/lookaround/d27/spellings.rxt:307	byte	0/1	0/1	0/1	dfa	dfa	bytes-eq/end-eq=1	
corpus	tests/lookaround/d27/spellings.rxt:315	byte	0/1	0/1	0/1	dfa	dfa	bytes-eq/end-eq=1	
corpus	tests/lookaround/d27/spellings.rxt:323	byte	0/1	0/1	0/1	dfa	dfa	bytes-eq/end-eq=1	
corpus	tests/lookaround/d27/spellings.rxt:331	byte	0/1	0/1	0/1	dfa	dfa	bytes-eq/end-eq=1	
corpus	tests/lookaround/d27/spellings.rxt:339	byte	0/1	0/1	0/1	dfa	dfa	bytes-eq/end-eq=1	
corpus	tests/lookaround/d27/spellings.rxt:347	byte	0/1	0/1	0/1	vm	vm	bytes-eq/end-eq=1	
corpus	tests/lookaround/gated.rxt:35	byte	0/0	0/0	0/0	dfa	dfa		
corpus	tests/lookaround/gated.rxt:52	byte	0/0	0/0	0/0	dfa	dfa		
corpus	tests/lookaround/gated.rxt:85	byte	0/0	0/0	0/0	dfa	dfa		
corpus	tests/lookaround/gated.rxt:95	byte	0/0	0/0	0/0	dfa	dfa		
corpus	tests/lookaround/gated.rxt:133	byte	0/0	0/0	0/0	vm	vm		
corpus	tests/lookaround/lookahead.rxt:32	byte	0/0	0/0	0/0	vm	vm		
corpus	tests/lookaround/lookahead.rxt:41	byte	0/0	0/0	0/0	dfa	dfa		
corpus	tests/lookaround/lookahead.rxt:48	byte	0/0	0/0	0/0	dfa	dfa		
corpus	tests/lookaround/lookahead.rxt:56	byte	0/0	0/0	0/0	dfa	dfa		
corpus	tests/lookaround/lookahead.rxt:79	byte	0/0	0/0	0/0	dfa	dfa		
corpus	tests/lookaround/lookahead.rxt:86	byte	0/0	0/0	0/0	dfa	dfa		
corpus	tests/lookaround/lookahead.rxt:94	byte	0/0	0/0	0/0	vm	vm		
corpus	tests/lookaround/lookahead.rxt:101	byte	0/0	0/0	0/0	vm	vm		
corpus	tests/lookaround/lookahead.rxt:107	byte	0/0	0/0	0/0	vm	vm		
corpus	tests/lookaround/lookahead.rxt:116	byte	1/1	1/1	1/1	vm	vm	bytes-eq/end-eq=2	
corpus	tests/lookaround/lookahead.rxt:136	byte	0/0	0/0	0/0	vm	vm		
corpus	tests/lookaround/lookahead.rxt:176	byte	0/0	0/0	0/0	vm	vm		
corpus	tests/lookaround/lookahead.rxt:183	byte	0/0	0/0	0/0	dfa	dfa		
corpus	tests/lookaround/lookahead.rxt:189	byte	0/0	0/0	0/0	dfa	dfa		
corpus	tests/lookaround/lookahead.rxt:202	byte	0/0	0/0	0/0	dfa	dfa		
corpus	tests/lookaround/lookahead.rxt:212	byte	0/1	0/1	0/1	dfa	dfa	bytes-eq/end-eq=1	
corpus	tests/lookaround/lookahead.rxt:221	byte	0/0	0/0	0/0	vm	vm		
corpus	tests/lookaround/lookahead.rxt:228	byte	0/0	0/0	0/0	vm	vm		
corpus	tests/lookaround/lookahead.rxt:266	byte	1/1	1/1	1/1	vm	vm	bytes-eq/end-eq=2	
corpus	tests/lookaround/lookbehind.rxt:55	byte	0/0	0/0	0/0	vm	vm		
corpus	tests/lookaround/lookbehind.rxt:67	byte	0/0	0/0	0/0	vm	vm		
corpus	tests/lookaround/lookbehind.rxt:76	byte	0/0	0/0	0/0	vm	vm		
corpus	tests/lookaround/lookbehind.rxt:85	byte	0/0	0/0	0/0	vm	vm		
corpus	tests/lookaround/lookbehind.rxt:96	byte	0/0	0/0	0/0	vm	vm		
corpus	tests/lookaround/lookbehind.rxt:107	byte	0/0	0/0	0/0	dfa	dfa		
corpus	tests/lookaround/lookbehind.rxt:117	byte	0/0	0/0	0/0	vm	vm		
corpus	tests/lookaround/lookbehind.rxt:128	byte	0/0	0/0	0/0	vm	vm		
corpus	tests/lookaround/lookbehind.rxt:135	byte	0/0	0/0	0/0	vm	vm		
corpus	tests/lookaround/lookbehind.rxt:143	byte	0/0	0/0	0/0	dfa	dfa		
corpus	tests/lookaround/lookbehind.rxt:153	byte	0/0	0/0	0/0	vm	vm		
corpus	tests/lookaround/lookbehind.rxt:164	byte	0/0	0/0	0/0	vm	vm		
corpus	tests/lookaround/lookbehind.rxt:176	byte	0/0	0/0	0/0	dfa	dfa		
corpus	tests/lookaround/lookbehind.rxt:189	byte	0/0	0/0	0/0	vm	vm		
corpus	tests/lookaround/lookbehind.rxt:197	byte	0/0	0/0	0/0	vm	vm		
corpus	tests/lookaround/lookbehind.rxt:204	byte	0/0	0/0	0/0	vm	vm		
corpus	tests/lookaround/lookbehind.rxt:212	byte	0/0	0/0	0/0	vm	vm		
corpus	tests/lookaround/lookbehind.rxt:221	byte	1/1	1/1	1/1	vm	vm	bytes-eq/end-eq=2	
corpus	tests/lookaround/lookbehind.rxt:235	byte	0/1	0/1	0/1	dfa	dfa	bytes-eq/end-eq=1	
corpus	tests/lookaround/lookbehind.rxt:242	byte	0/0	0/0	0/0	vm	vm		
corpus	tests/lookaround/lookbehind.rxt:249	byte	0/0	0/0	0/0	vm	vm		
corpus	tests/lookaround/lookbehind.rxt:257	byte	0/0	0/0	0/0	vm	vm		
corpus	tests/lookaround/lookbehind.rxt:264	byte	0/0	0/0	0/0	vm	vm		
corpus	tests/lookaround/lookbehind.rxt:273	byte	0/0	0/0	0/0	dfa	dfa		
corpus	tests/lookaround/lookbehind.rxt:281	byte	0/0	0/0	0/0	dfa	dfa		
corpus	tests/lookaround/lookbehind.rxt:288	byte	0/0	0/0	0/0	dfa	dfa		
corpus	tests/lookaround/lookbehind.rxt:295	byte	0/0	0/0	0/0	dfa	dfa		
corpus	tests/lookaround/lookbehind.rxt:303	byte	0/0	0/0	0/0	vm	vm		
corpus	tests/lookaround/lookbehind.rxt:310	byte	0/0	0/0	0/0	vm	vm		
corpus	tests/lookaround/lookbehind.rxt:334	byte	0/0	0/0	0/0	vm	vm		
corpus	tests/lookaround/lookbehind_widths.rxt:42	byte	0/0	0/0	0/0	vm	vm		
corpus	tests/lookaround/lookbehind_widths.rxt:58	byte	0/0	0/0	0/0	vm	vm		
corpus	tests/lookaround/lookbehind_widths.rxt:74	byte	0/0	0/0	0/0	vm	vm		
corpus	tests/lookaround/lookbehind_widths.rxt:91	byte	0/0	0/0	0/0	vm	vm		
corpus	tests/lookaround/lookbehind_widths.rxt:107	byte	0/0	0/0	0/0	vm	vm		
corpus	tests/lookaround/lookbehind_widths.rxt:121	byte	0/0	0/0	0/0	vm	vm		
corpus	tests/lookaround/lookbehind_widths.rxt:137	byte	0/0	0/0	0/0	vm	vm		
corpus	tests/lookaround/lookbehind_widths.rxt:154	byte	0/0	0/0	0/0	vm	vm		
corpus	tests/lookaround/lookbehind_widths.rxt:168	byte	0/0	0/0	0/0	vm	vm		
corpus	tests/lookaround/lookbehind_widths.rxt:181	byte	0/1	0/1	0/1	vm	vm	bytes-eq/end-eq=1	
corpus	tests/lookaround/lookbehind_widths.rxt:193	byte	0/0	0/0	0/0	vm	vm		
corpus	tests/lookaround/lookbehind_widths.rxt:211	byte	0/0	0/0	0/0	vm	vm		
corpus	tests/lookaround/lookbehind_widths.rxt:225	byte	0/0	0/0	0/0	vm	vm		
corpus	tests/lookaround/lookbehind_widths.rxt:236	byte	0/0	0/0	0/0	vm	vm		
corpus	tests/lookaround/nonatomic_ahead.rxt:52	byte	0/0	0/0	0/0	dfa	dfa		
corpus	tests/lookaround/nonatomic_ahead.rxt:65	byte	1/1	1/1	1/1	vm	vm	bytes-eq/end-eq=2	
corpus	tests/lookaround/nonatomic_ahead.rxt:77	byte	0/0	0/0	0/0	dfa	dfa		
corpus	tests/lookaround/nonatomic_ahead.rxt:88	byte	0/0	0/0	0/0	vm	vm		
corpus	tests/lookaround/nonatomic_ahead.rxt:99	byte	0/0	0/0	0/0	dfa	dfa		
corpus	tests/lookaround/nonatomic_ahead.rxt:109	byte	0/1	0/1	0/1	dfa	dfa	bytes-eq/end-eq=1	
corpus	tests/lookaround/nonatomic_ahead.rxt:120	byte	0/0	0/0	0/0	vm	vm		
corpus	tests/lookaround/nonatomic_ahead.rxt:129	byte	0/0	0/0	0/0	vm	vm		
corpus	tests/lookaround/nonatomic_ahead.rxt:137	byte	0/0	0/0	0/0	vm	vm		
corpus	tests/lookaround/nonatomic_behind.rxt:41	byte	0/0	0/0	0/0	vm	vm		
corpus	tests/lookaround/nonatomic_behind.rxt:57	byte	0/0	0/0	0/0	vm	vm		
corpus	tests/lookaround/nonatomic_behind.rxt:68	byte	0/0	0/0	0/0	vm	vm		
corpus	tests/lookaround/nonatomic_behind.rxt:82	byte	0/0	0/0	0/0	vm	vm		
corpus	tests/lookaround/nonatomic_behind.rxt:108	byte	0/0	0/0	0/0	vm	vm		
corpus	tests/lookaround/nonatomic_behind.rxt:121	byte	0/0	0/0	0/0	vm	vm		
corpus	tests/lookaround/nonatomic_behind.rxt:134	byte	0/1	0/1	0/1	dfa	dfa	bytes-eq/end-eq=1	
corpus	tests/lookaround/nonatomic_behind.rxt:146	byte	0/0	0/0	0/0	vm	vm		
corpus	tests/lookaround/nonatomic_behind.rxt:156	byte	0/0	0/0	0/0	vm	vm		
corpus	tests/lookaround/nonatomic_behind.rxt:167	byte	0/0	0/0	0/0	vm	vm		
corpus	tests/lookaround/prefilter.rxt:58	byte	1/1	1/1	1/1	dfa	dfa	bytes-eq/end-eq=2	
corpus	tests/lookaround/prefilter.rxt:67	byte	1/1	1/1	1/1	vm	vm	bytes-eq/end-eq=2	
corpus	tests/lookaround/prefilter.rxt:81	byte	1/1	1/1	1/1	dfa	dfa	bytes-eq/end-eq=2	
corpus	tests/lookaround/prefilter.rxt:93	byte	2/2	2/2	2/2	vm	vm	bytes-eq/end-eq=4	
corpus	tests/lookaround/prefilter.rxt:112	byte	1/1	1/1	1/1	vm	vm	bytes-eq/end-eq=2	
corpus	tests/lookaround/prefilter.rxt:130	byte	1/1	1/1	1/1	vm	vm	bytes-eq/end-eq=2	
corpus	tests/lookaround/prefilter.rxt:145	byte	0/0	0/0	0/0	dfa	dfa		
corpus	tests/lookaround/prefilter.rxt:156	byte	1/1	1/1	1/1	dfa	dfa	bytes-eq/end-eq=2	
corpus	tests/lookaround/quantified.rxt:69	byte	0/1	0/1	0/1	dfa	dfa	bytes-eq/end-eq=1	
corpus	tests/lookaround/quantified.rxt:74	byte	0/1	0/1	0/1	dfa	dfa	bytes-eq/end-eq=1	
corpus	tests/lookaround/quantified.rxt:79	byte	0/1	0/1	0/1	dfa	dfa	bytes-eq/end-eq=1	
corpus	tests/lookaround/quantified.rxt:84	byte	0/1	0/1	0/1	dfa	dfa	bytes-eq/end-eq=1	
corpus	tests/lookaround/quantified.rxt:88	byte	0/1	0/1	0/1	dfa	dfa	bytes-eq/end-eq=1	
corpus	tests/lookaround/quantified.rxt:92	byte	0/1	0/1	0/1	dfa	dfa	bytes-eq/end-eq=1	
corpus	tests/lookaround/quantified.rxt:97	byte	0/1	0/1	0/1	dfa	dfa	bytes-eq/end-eq=1	
corpus	tests/lookaround/quantified.rxt:103	byte	0/1	0/1	0/1	vm	vm	bytes-eq/end-eq=3	
corpus	tests/lookaround/quantified.rxt:108	byte	0/1	0/1	0/1	dfa	dfa	bytes-eq/end-eq=1	
corpus	tests/lookaround/quantified.rxt:114	byte	0/1	0/1	0/1	vm	vm	bytes-eq/end-eq=1	
corpus	tests/lookaround/quantified.rxt:121	byte	1/1	1/1	1/1	dfa	dfa	bytes-eq/end-eq=2	
corpus	tests/lookaround/refused.rxt:86	byte	None			refused	refused		pcrec: \K is not allowed inside a lookaround (pattern offset 0)
corpus	tests/lookaround/refused.rxt:132	byte	None			refused	refused		pcrec: variable-length lookbehind is not implemented: every alternative of a lookbehind must have a fixed length (this o
corpus	tests/lookaround/refused.rxt:220	byte	None			refused	refused		pcrec: variable-length lookbehind is not implemented: every alternative of a lookbehind must have a fixed length (this o
corpus	tests/lookaround/refused.rxt:228	byte	None			refused	refused		pcrec: variable-length lookbehind is not implemented: every alternative of a lookbehind must have a fixed length (this o
corpus	tests/lookaround/refused.rxt:284	byte	None			refused	refused		pcrec: variable-length lookbehind is not implemented: every alternative of a lookbehind must have a fixed length (this o
corpus	tests/lookaround/refused.rxt:294	byte	None			refused	refused		pcrec: variable-length lookbehind is not implemented: every alternative of a lookbehind must have a fixed length (this o
corpus	tests/lookaround/refused.rxt:303	byte	None			refused	refused		pcrec: missing closing ) for group (pattern offset 0)
corpus	tests/lookaround/refused.rxt:309	byte	None			refused	refused		pcrec: missing closing ) for group (pattern offset 0)
corpus	tests/lookaround/refused.rxt:315	byte	None			refused	refused		pcrec: missing closing ) for group (pattern offset 0)
corpus	tests/lookaround/refused.rxt:324	byte	None			refused	refused		pcrec: missing closing ) for group (pattern offset 0)
corpus	tests/lookaround/refused.rxt:330	byte	None			refused	refused		pcrec: missing closing ) for group (pattern offset 0)
corpus	tests/lookaround/refused.rxt:336	byte	None			refused	refused		pcrec: missing closing ) for group (pattern offset 0)
corpus	tests/lookaround/startpos.rxt:69	byte	0/0	0/0	0/0	vm	vm		
corpus	tests/lookaround/startpos.rxt:127	byte	0/0	0/0	0/0	vm	vm		
corpus	tests/lookaround/workbudget.rxt:42	byte	0/0	0/0	0/0	vm	vm		
corpus	tests/lookaround/workbudget.rxt:54	byte	0/0	0/0	0/0	vm	vm		
corpus	tests/lookaround/workbudget.rxt:63	byte	0/0	0/0	0/0	vm	vm		
corpus	tests/modifiers/letters.rxt:32	byte	0/0	0/0	0/0	dfa	dfa		
corpus	tests/modifiers/letters.rxt:42	byte	0/1	0/1	0/1	dfa	dfa	bytes-eq/end-eq=1	
corpus	tests/modifiers/letters.rxt:47	byte	1/1	1/1	1/1	dfa	dfa	bytes-eq/end-eq=2	
corpus	tests/modifiers/letters.rxt:54	byte	0/0	0/0	0/0	dfa	dfa		
corpus	tests/modifiers/letters.rxt:58	byte	None			refused	refused		pcrec: \1 refers to capture group 1, but this pattern has 0 (pattern offset 7)
corpus	tests/modifiers/letters.rxt:72	byte	0/0	0/0	0/0	dfa	dfa		
corpus	tests/modifiers/letters.rxt:80	byte	0/0	0/0	0/0	dfa	dfa		
corpus	tests/modifiers/letters.rxt:86	byte	0/0	0/0	0/0	dfa	dfa		
corpus	tests/modifiers/malformed_and_gate.rxt:86	byte	None			refused	refused		pcrec: invalid hyphen in option setting (pattern offset 5)
corpus	tests/modifiers/malformed_and_gate.rxt:90	byte	None			refused	refused		pcrec: unrecognized character after (? or (?- (pattern offset 0)
corpus	tests/modifiers/malformed_and_gate.rxt:107	byte	0/0	0/0	0/0	vm	vm		
corpus	tests/modifiers/malformed_and_gate.rxt:114	byte	0/0	0/0	0/0	dfa	dfa		
corpus	tests/modifiers/malformed_and_gate.rxt:118	byte	0/1	0/1	0/1	dfa	dfa	bytes-eq/end-eq=1	
corpus	tests/modifiers/malformed_and_gate.rxt:122	byte	0/0	0/0	0/0	dfa	dfa		
corpus	tests/modifiers/malformed_and_gate.rxt:126	byte	0/0	0/0	0/0	dfa	dfa		
corpus	tests/modifiers/malformed_and_gate.rxt:130	byte	0/0	0/0	0/0	dfa	dfa		
corpus	tests/modifiers/malformed_and_gate.rxt:134	byte	0/0	0/0	0/0	dfa	dfa		
corpus	tests/modifiers/reset.rxt:44	byte	0/0	0/0	0/0	dfa	dfa		
corpus	tests/modifiers/reset.rxt:52	byte	0/1	0/1	0/1	dfa	dfa	bytes-eq/end-eq=1	
corpus	tests/modifiers/reset.rxt:60	byte	0/0	0/0	0/0	vm	vm		
corpus	tests/modifiers/reset.rxt:67	byte	0/0	0/0	0/0	dfa	dfa		
corpus	tests/modifiers/reset.rxt:74	byte	0/0	0/0	0/0	vm	vm		
corpus	tests/modifiers/reset.rxt:81	byte	0/0	0/0	0/0	dfa	dfa		
corpus	tests/modifiers/reset.rxt:88	byte	0/0	0/0	0/0	dfa	dfa		
corpus	tests/modifiers/scope.rxt:39	byte	0/0	0/0	0/0	dfa	dfa		
corpus	tests/modifiers/scope.rxt:47	byte	0/0	0/0	0/0	dfa	dfa		
corpus	tests/modifiers/scope.rxt:55	byte	0/0	0/0	0/0	dfa	dfa		
corpus	tests/modifiers/scope.rxt:63	byte	0/0	0/0	0/0	vm	vm		
corpus	tests/modifiers/scope.rxt:69	byte	0/0	0/0	0/0	vm	vm		
corpus	tests/modifiers/scope.rxt:79	byte	0/0	0/0	0/0	vm	vm		
corpus	tests/modifiers/scope.rxt:94	byte	1/1	1/1	1/1	dfa	dfa	bytes-eq/end-eq=2	
corpus	tests/modifiers/scope.rxt:101	byte	1/1	1/1	1/1	dfa	dfa	bytes-eq/end-eq=2	
corpus	tests/modifiers/xmode.rxt:44	byte	0/0	0/0	0/0	dfa	dfa		
corpus	tests/modifiers/xmode.rxt:51	byte	0/0	0/0	0/0	dfa	dfa		
corpus	tests/modifiers/xmode.rxt:60	byte	0/0	0/0	0/0	dfa	dfa		
corpus	tests/modifiers/xmode.rxt:66	byte	0/0	0/0	0/0	dfa	dfa		
corpus	tests/modifiers/xxmode.rxt:39	byte	None			refused	refused		pcrec: range out of order in character class (pattern offset 6)
corpus	tests/modifiers/xxmode.rxt:46	byte	0/0	0/0	0/0	dfa	dfa		
corpus	tests/modifiers/xxmode.rxt:55	byte	None			refused	refused		pcrec: range out of order in character class (pattern offset 7)
corpus	tests/modifiers/xxmode.rxt:62	byte	0/0	0/0	0/0	dfa	dfa		
corpus	tests/modifiers/xxmode.rxt:80	byte	0/0	0/0	0/0	dfa	dfa		
corpus	tests/modifiers/xxmode.rxt:87	byte	0/0	0/0	0/0	dfa	dfa		
corpus	tests/modifiers/xxmode.rxt:100	byte	0/0	0/0	0/0	dfa	dfa		
corpus	tests/modifiers/xxmode.rxt:108	byte	0/0	0/0	0/0	dfa	dfa		
corpus	tests/mrl/01_trailing.rxt:26	byte	1/1	1/1	1/1	dfa	dfa	bytes-eq/end-eq=2	
corpus	tests/mrl/01_trailing.rxt:49	byte	1/1	1/1	1/1	dfa	dfa	bytes-eq/end-eq=2	
corpus	tests/mrl/01_trailing.rxt:58	byte	1/1	1/1	1/1	dfa	dfa	bytes-eq/end-eq=2	
corpus	tests/mrl/02_alternation.rxt:11	byte	0/0	0/0	0/0	dfa	dfa		
corpus	tests/mrl/02_alternation.rxt:22	byte	0/0	0/0	0/0	dfa	dfa		
corpus	tests/mrl/02_alternation.rxt:28	byte	1/1	1/1	1/1	dfa	dfa	bytes-eq/end-eq=2	
corpus	tests/mrl/03_zerowidth.rxt:19	byte	1/1	1/1	1/1	dfa	dfa	bytes-eq/end-eq=2	
corpus	tests/mrl/03_zerowidth.rxt:30	byte	0/0	0/0	0/0	vm	vm		
corpus	tests/mrl/03_zerowidth.rxt:37	byte	1/1	1/1	1/1	dfa	dfa	bytes-eq/end-eq=2	
corpus	tests/mrl/03_zerowidth.rxt:44	byte	2/2	2/2	2/2	dfa	dfa	bytes-eq/end-eq=4	
corpus	tests/mrl/03_zerowidth.rxt:52	byte	2/2	2/2	2/2	dfa	dfa	bytes-eq/end-eq=4	
corpus	tests/mrl/03_zerowidth.rxt:58	byte	2/2	2/2	2/2	dfa	dfa	bytes-eq/end-eq=4	
corpus	tests/mrl/04_nesting.rxt:22	byte	0/2	0/2	0/2	vm	vm	bytes-eq/end-eq=2	
corpus	tests/mrl/04_nesting.rxt:30	byte	1/3	1/3	1/3	vm	vm	bytes-eq/end-eq=6	
corpus	tests/mrl/05_multibyte_body.rxt:12	byte	1/1	1/1	1/1	dfa	dfa	bytes-eq/end-eq=2	
corpus	tests/mrl/05_multibyte_body.rxt:21	byte	1/1	1/1	1/1	dfa	dfa	bytes-eq/end-eq=2	
corpus	tests/mrl/05_multibyte_body.rxt:28	byte	1/1	1/1	1/1	dfa	dfa	bytes-eq/end-eq=2	
corpus	tests/mrl/06_lazy.rxt:21	byte	0/2	0/2	0/2	vm	vm	bytes-eq/end-eq=2	
corpus	tests/mrl/06_lazy.rxt:35	byte	0/2	0/2	0/2	vm	vm	bytes-eq/end-eq=2	
corpus	tests/mrl/07_partial_and_startpos.rxt:11	byte	1/1	1/1	1/1	dfa	dfa	bytes-eq/end-eq=2	
corpus	tests/mrl/08_nomatch.rxt:14	byte	1/1	1/1	1/1	dfa	dfa	bytes-eq/end-eq=2	
corpus	tests/mrl/08_nomatch.rxt:26	byte	1/1	1/1	1/1	dfa	dfa	bytes-eq/end-eq=2	
corpus	tests/mrl/08_nomatch.rxt:31	byte	2/2	2/2	2/2	dfa	dfa	bytes-eq/end-eq=4	
corpus	tests/mrl/09_captures.rxt:12	byte	2/2	2/2	2/2	vm	vm	bytes-eq/end-eq=4	
corpus	tests/mrl/09_captures.rxt:28	byte	1/1	1/1	1/1	vm	vm	bytes-eq/end-eq=2	
corpus	tests/mrl/09_captures.rxt:40	byte	0/2	0/2	0/2	vm	vm	bytes-eq/end-eq=2	
corpus	tests/mrl/11_motivating_shape_small.rxt:12	byte	0/2	0/2	0/2	vm	vm	bytes-eq/end-eq=2	
corpus	tests/named_groups/d27/case_sensitivity.rxt:27	byte	0/0	0/0	0/0	vm	vm		
corpus	tests/named_groups/d27/case_sensitivity.rxt:38	byte	0/0	0/0	0/0	vm	vm		
corpus	tests/named_groups/d27/duplicates.rxt:16	byte	None			refused	refused		pcrec: two named subpatterns have the same name (write (?J) before this declaration to allow duplicates) (pattern offset
corpus	tests/named_groups/d27/duplicates.rxt:21	byte	None			refused	refused		pcrec: two named subpatterns have the same name (write (?J) before this declaration to allow duplicates) (pattern offset
corpus	tests/named_groups/d27/duplicates.rxt:25	byte	None			refused	refused		pcrec: two named subpatterns have the same name (write (?J) before this declaration to allow duplicates) (pattern offset
corpus	tests/named_groups/d27/duplicates.rxt:31	byte	None			refused	refused		pcrec: two named subpatterns have the same name (write (?J) before this declaration to allow duplicates) (pattern offset
corpus	tests/named_groups/d27/duplicates.rxt:38	byte	None			refused	refused		pcrec: two named subpatterns have the same name (write (?J) before this declaration to allow duplicates) (pattern offset
corpus	tests/named_groups/d27/name_syntax.rxt:31	byte	0/0	0/0	0/0	vm	vm		
corpus	tests/named_groups/d27/name_syntax.rxt:36	byte	0/0	0/0	0/0	vm	vm		
corpus	tests/named_groups/d27/name_syntax.rxt:41	byte	0/0	0/0	0/0	vm	vm		
corpus	tests/named_groups/d27/name_syntax.rxt:49	byte	0/0	0/0	0/0	vm	vm		
corpus	tests/named_groups/d27/name_syntax.rxt:57	byte	None			refused	refused		pcrec: subpattern name expected (a name starts with a letter or '_', never a digit) (pattern offset 3)
corpus	tests/named_groups/d27/name_syntax.rxt:61	byte	None			refused	refused		pcrec: subpattern name expected (a name starts with a letter or '_', never a digit) (pattern offset 3)
corpus	tests/named_groups/d27/name_syntax.rxt:65	byte	None			refused	refused		pcrec: subpattern name expected (a name starts with a letter or '_', never a digit) (pattern offset 4)
corpus	tests/named_groups/d27/name_syntax.rxt:70	byte	None			refused	refused		pcrec: subpattern name expected (a name starts with a letter or '_', never a digit) (pattern offset 3)
corpus	tests/named_groups/d27/name_syntax.rxt:74	byte	None			refused	refused		pcrec: subpattern name expected (a name starts with a letter or '_', never a digit) (pattern offset 4)
corpus	tests/named_groups/d27/name_syntax.rxt:79	byte	None			refused	refused		pcrec: missing closing > after subpattern name (pattern offset 5)
corpus	tests/named_groups/d27/name_syntax.rxt:84	byte	None			refused	refused		pcrec: missing closing > after subpattern name (pattern offset 5)
corpus	tests/named_groups/d27/name_syntax.rxt:89	byte	None			refused	refused		pcrec: missing closing > after subpattern name (pattern offset 5)
corpus	tests/named_groups/d27/name_syntax.rxt:103	byte	None			refused	refused		pcrec: missing closing > after subpattern name (pattern offset 6)
corpus	tests/named_groups/d27/name_syntax.rxt:114	byte	0/0	0/0	0/0	vm	vm		
corpus	tests/named_groups/d27/name_syntax.rxt:122	byte	0/0	0/0	0/0	vm	vm		
corpus	tests/named_groups/d27/name_syntax.rxt:133	byte	None			refused	refused		pcrec: subpattern name is too long (maximum 128 bytes) (pattern offset 3)
corpus	tests/named_groups/d27/numbering_capture.rxt:17	byte	0/0	0/0	0/0	vm	vm		
corpus	tests/named_groups/d27/numbering_capture.rxt:27	byte	0/0	0/0	0/0	vm	vm		
corpus	tests/named_groups/d27/numbering_capture.rxt:37	byte	1/1	1/1	1/1	vm	vm	bytes-eq/end-eq=2	
corpus	tests/named_groups/d27/numbering_capture.rxt:55	byte	0/0	0/0	0/0	vm	vm		
corpus	tests/named_groups/d27/numbering_capture.rxt:71	byte	1/1	1/1	1/1	vm	vm	bytes-eq/end-eq=2	
corpus	tests/named_groups/d27/numbering_capture.rxt:81	byte	0/2	0/2	0/2	vm	vm	bytes-eq/end-eq=2	
corpus	tests/named_groups/d27/spellings.rxt:23	byte	0/0	0/0	0/0	vm	vm		
corpus	tests/named_groups/d27/spellings.rxt:28	byte	0/0	0/0	0/0	vm	vm		
corpus	tests/named_groups/d27/spellings.rxt:33	byte	0/0	0/0	0/0	vm	vm		
corpus	tests/named_groups/d27/spellings.rxt:46	byte	1/1	1/1	1/1	vm	vm	bytes-eq/end-eq=2	
corpus	tests/named_groups/d27/spellings.rxt:51	byte	1/1	1/1	1/1	vm	vm	bytes-eq/end-eq=2	
corpus	tests/named_groups/d27/spellings.rxt:56	byte	1/1	1/1	1/1	vm	vm	bytes-eq/end-eq=2	
corpus	tests/named_groups/d27/spellings.rxt:64	byte	0/0	0/0	0/0	vm	vm		
corpus	tests/named_groups/named_groups.rxt:31	byte	2/2	2/2	2/2	vm	vm	bytes-eq/end-eq=4	
corpus	tests/named_groups/named_groups.rxt:42	byte	2/2	2/2	2/2	vm	vm	bytes-eq/end-eq=4	
corpus	tests/named_groups/named_groups.rxt:52	byte	2/2	2/2	2/2	vm	vm	bytes-eq/end-eq=4	
corpus	tests/named_groups/named_groups.rxt:62	byte	0/0	0/0	0/0	vm	vm		
corpus	tests/named_groups/named_groups.rxt:81	byte	0/0	0/0	0/0	vm	vm		
corpus	tests/named_groups/named_groups.rxt:93	byte	0/0	0/0	0/0	vm	vm		
corpus	tests/named_groups/named_groups.rxt:103	byte	0/0	0/0	0/0	vm	vm		
corpus	tests/named_groups/named_groups.rxt:112	byte	0/0	0/0	0/0	vm	vm		
corpus	tests/named_groups/named_groups.rxt:121	byte	1/1	1/1	1/1	vm	vm	bytes-eq/end-eq=2	
corpus	tests/named_groups/named_groups.rxt:135	byte	0/0	0/0	0/0	vm	vm		
corpus	tests/named_groups/named_groups.rxt:144	byte	None			refused	refused		pcrec: two named subpatterns have the same name (write (?J) before this declaration to allow duplicates) (pattern offset
corpus	tests/named_groups/named_groups.rxt:150	byte	None			refused	refused		pcrec: subpattern name expected (a name starts with a letter or '_', never a digit) (pattern offset 4)
corpus	tests/named_groups/named_groups.rxt:156	byte	0/0	0/0	0/0	vm	vm		
corpus	tests/offsetskip/offset_skip.rxt:43	byte	3/3	3/3	3/3	dfa	dfa	bytes-eq/end-eq=6	
corpus	tests/offsetskip/offset_skip.rxt:56	byte	2/2	2/2	2/2	dfa	dfa	bytes-eq/end-eq=4	
corpus	tests/offsetskip/offset_skip.rxt:68	byte	0/0	0/0	0/0	dfa	dfa		
corpus	tests/offsetskip/offset_skip.rxt:78	byte	0/0	0/0	0/0	dfa	dfa		
corpus	tests/offsetskip/offset_skip.rxt:168	byte	1/1	1/1	1/1	dfa	dfa	bytes-eq/end-eq=2	
corpus	tests/offsetskip/offset_skip.rxt:220	byte	2/2	2/2	2/2	dfa	dfa	bytes-eq/end-eq=4	
corpus	tests/offsetskip/offset_skip.rxt:255	byte	1/1	1/1	1/1	dfa	dfa	bytes-eq/end-eq=2	
corpus	tests/offsetskip/offset_skip.rxt:262	byte	2/3	2/3	2/3	dfa	dfa	bytes-eq/end-eq=6	
corpus	tests/offsetskip/offset_skip.rxt:270	byte	2/2	2/2	2/2	dfa	dfa	bytes-eq/end-eq=4	
corpus	tests/offsetskip/offset_skip.rxt:277	byte	0/0	0/0	0/0	dfa	dfa		
corpus	tests/offsetskip/offset_skip.rxt:306	byte	1/1	1/1	1/1	dfa	dfa	bytes-eq/end-eq=2	
corpus	tests/offsetskip/offset_skip.rxt:318	byte	2/2	2/2	2/2	dfa	dfa	bytes-eq/end-eq=4	
corpus	tests/offsetskip/offset_skip.rxt:326	byte	1/1	1/1	1/1	dfa	dfa	bytes-eq/end-eq=2	
corpus	tests/offsetskip/run_pinned.rxt:23	byte	0/0	0/0	0/0	dfa	dfa		
corpus	tests/offsetskip/run_pinned.rxt:39	byte	0/0	0/0	0/0	dfa	dfa		
corpus	tests/offsetskip/run_pinned.rxt:48	byte	0/0	0/0	0/0	dfa	dfa		
corpus	tests/offsetskip/run_pinned.rxt:71	byte	0/0	0/0	0/0	dfa	dfa		
corpus	tests/offsetskip/run_pinned.rxt:82	byte	0/0	0/0	0/0	vm	vm		
corpus	tests/offsetskip/run_pinned.rxt:90	byte	0/0	0/0	0/0	dfa	dfa		
corpus	tests/offsetskip/run_pinned.rxt:110	byte	0/0	0/0	0/0	dfa	dfa		
corpus	tests/possessify/possessify.rxt:30	byte	1/1	1/1	1/1	dfa	dfa	bytes-eq/end-eq=2	
corpus	tests/possessify/possessify.rxt:63	byte	1/1	1/1	1/1	dfa	dfa	bytes-eq/end-eq=2	
corpus	tests/possessify/possessify.rxt:95	byte	1/1	1/1	1/1	dfa	dfa	bytes-eq/end-eq=2	
corpus	tests/possessify/possessify.rxt:127	byte	1/1	1/1	1/1	dfa	dfa	bytes-eq/end-eq=2	
corpus	tests/possessify/possessify.rxt:159	byte	1/1	1/1	1/1	vm	vm	bytes-eq/end-eq=2	
corpus	tests/possessify/possessify.rxt:196	byte	1/1	1/1	1/1	dfa	dfa	bytes-eq/end-eq=2	
corpus	tests/possessify/possessify.rxt:228	byte	1/1	1/1	1/1	dfa	dfa	bytes-eq/end-eq=2	
corpus	tests/possessify/possessify.rxt:259	byte	1/1	1/1	1/1	dfa	dfa	bytes-eq/end-eq=2	
corpus	tests/possessify/possessify.rxt:291	byte	1/1	1/1	1/1	dfa	dfa	bytes-eq/end-eq=2	
corpus	tests/possessify/possessify.rxt:331	byte	1/1	1/1	1/1	dfa	dfa	bytes-eq/end-eq=2	
corpus	tests/possessify/possessify.rxt:362	byte	1/1	1/1	1/1	dfa	dfa	bytes-eq/end-eq=2	
corpus	tests/possessify/possessify.rxt:396	byte	1/1	1/1	1/1	vm	vm	bytes-eq/end-eq=2	
corpus	tests/possessify/possessify.rxt:412	byte	2/2	2/2	2/2	dfa	dfa	bytes-eq/end-eq=4	
corpus	tests/possessify/possessify.rxt:457	byte	0/1	0/1	0/1	vm	vm	bytes-eq/end-eq=1	
corpus	tests/possessify/possessify.rxt:510	byte	0/1	0/1	0/1	dfa	dfa	bytes-eq/end-eq=1	
corpus	tests/possessify/possessify.rxt:548	byte	0/2	0/2	0/2	dfa	dfa	bytes-eq/end-eq=2	
corpus	tests/possessify/possessify.rxt:584	byte	0/1	0/1	0/1	dfa	dfa	bytes-eq/end-eq=1	
corpus	tests/possessify/possessify.rxt:619	byte	0/1	0/1	0/1	vm	vm	bytes-eq/end-eq=1	
corpus	tests/possessify/possessify.rxt:675	byte	0/1	0/1	0/1	dfa	dfa	bytes-eq/end-eq=1	
corpus	tests/possessify/possessify.rxt:710	byte	1/2	1/2	1/2	dfa	dfa	bytes-eq/end-eq=4	
corpus	tests/possessify/possessify.rxt:748	byte	0/1	0/1	0/1	dfa	dfa	bytes-eq/end-eq=1	
corpus	tests/possessify/possessify.rxt:864	byte	0/1	0/1	0/1	dfa	dfa	bytes-eq/end-eq=1	
corpus	tests/possessify/possessify.rxt:895	byte	0/1	0/1	0/1	dfa	dfa	bytes-eq/end-eq=1	
corpus	tests/possessify/possessify.rxt:927	byte	1/2	1/2	1/2	dfa	dfa	bytes-eq/end-eq=4	
corpus	tests/possessify/possessify.rxt:991	byte	1/1	1/1	1/1	dfa	dfa	bytes-eq/end-eq=2	
corpus	tests/possessify/possessify.rxt:1022	byte	1/1	1/1	1/1	dfa	dfa	bytes-eq/end-eq=2	
corpus	tests/possessify/possessify.rxt:1110	byte	1/1	1/1	1/1	dfa	dfa	bytes-eq/end-eq=2	
corpus	tests/possessify/possessify.rxt:1226	byte	1/2	1/2	1/2	dfa	dfa	bytes-eq/end-eq=4	
corpus	tests/possessify/possessify.rxt:1241	byte	0/2	0/2	0/2	dfa	dfa	bytes-eq/end-eq=2	
corpus	tests/possessify/possessify.rxt:1254	byte	1/2	1/2	1/2	dfa	dfa	bytes-eq/end-eq=4	
corpus	tests/possessify/possessify.rxt:1267	byte	1/2	1/2	1/2	vm	vm	bytes-eq/end-eq=4	
corpus	tests/possessify/possessify.rxt:1286	byte	1/2	1/2	1/2	dfa	dfa	bytes-eq/end-eq=4	
corpus	tests/possessify/possessify.rxt:1308	byte	1/1	1/1	1/1	vm	vm	bytes-eq/end-eq=2	
corpus	tests/possessify/possessify.rxt:1347	byte	1/1	1/1	1/1	vm	vm	bytes-eq/end-eq=2	
corpus	tests/possessify/possessify.rxt:1385	byte	1/1	1/1	1/1	vm	vm	bytes-eq/end-eq=2	
corpus	tests/possessify/possessify.rxt:1422	byte	1/1	1/1	1/1	vm	vm	bytes-eq/end-eq=2	
corpus	tests/possessify/possessify.rxt:1454	byte	1/1	1/1	1/1	vm	vm	bytes-eq/end-eq=2	
corpus	tests/possessify/possessify.rxt:1497	byte	1/1	1/1	1/1	vm	vm	bytes-eq/end-eq=2	
corpus	tests/possessify/possessify.rxt:1541	byte	1/1	1/1	1/1	vm	vm	bytes-eq/end-eq=2	
corpus	tests/possessify/possessify.rxt:1576	byte	1/1	1/1	1/1	vm	vm	bytes-eq/end-eq=2	
corpus	tests/possessify/possessify.rxt:1620	byte	1/1	1/1	1/1	vm	vm	bytes-eq/end-eq=2	
corpus	tests/possessify/possessify.rxt:1664	byte	1/1	1/1	1/1	vm	vm	bytes-eq/end-eq=2	
corpus	tests/possessify/possessify.rxt:1703	byte	1/1	1/1	1/1	vm	vm	bytes-eq/end-eq=2	
corpus	tests/possessify/possessify.rxt:1745	byte	1/1	1/1	1/1	vm	vm	bytes-eq/end-eq=2	
corpus	tests/possessify/possessify.rxt:1765	byte	2/2	2/2	2/2	vm	vm	bytes-eq/end-eq=4	
corpus	tests/possessify/possessify.rxt:1816	byte	0/1	0/1	0/1	vm	vm	bytes-eq/end-eq=1	
corpus	tests/possessify/possessify.rxt:1884	byte	0/1	0/1	0/1	vm	vm	bytes-eq/end-eq=1	
corpus	tests/possessify/possessify.rxt:1933	byte	0/2	0/2	0/2	vm	vm	bytes-eq/end-eq=2	
corpus	tests/possessify/possessify.rxt:1980	byte	0/1	0/1	0/1	vm	vm	bytes-eq/end-eq=1	
corpus	tests/possessify/possessify.rxt:2027	byte	0/1	0/1	0/1	vm	vm	bytes-eq/end-eq=1	
corpus	tests/possessify/possessify.rxt:2093	byte	0/1	0/1	0/1	vm	vm	bytes-eq/end-eq=1	
corpus	tests/possessify/possessify.rxt:2151	byte	1/2	1/2	1/2	vm	vm	bytes-eq/end-eq=4	
corpus	tests/possessify/possessify.rxt:2205	byte	0/1	0/1	0/1	vm	vm	bytes-eq/end-eq=1	
corpus	tests/possessify/possessify.rxt:2282	byte	0/1	0/1	0/1	vm	vm	bytes-eq/end-eq=1	
corpus	tests/possessify/possessify.rxt:2336	byte	0/1	0/1	0/1	vm	vm	bytes-eq/end-eq=1	
corpus	tests/possessify/possessify.rxt:2374	byte	0/1	0/1	0/1	vm	vm	bytes-eq/end-eq=1	
corpus	tests/possessify/possessify.rxt:2433	byte	0/1	0/1	0/1	vm	vm	bytes-eq/end-eq=1	
corpus	tests/possessify/possessify.rxt:2472	byte	1/2	1/2	1/2	vm	vm	bytes-eq/end-eq=4	
corpus	tests/possessify/possessify.rxt:2526	byte	1/2	1/2	1/2	vm	vm	bytes-eq/end-eq=4	
corpus	tests/possessify/possessify.rxt:2566	byte	1/1	1/1	1/1	vm	vm	bytes-eq/end-eq=2	
corpus	tests/possessify/possessify.rxt:2620	byte	1/1	1/1	1/1	vm	vm	bytes-eq/end-eq=2	
corpus	tests/possessify/possessify.rxt:2674	byte	1/1	1/1	1/1	vm	vm	bytes-eq/end-eq=2	
corpus	tests/possessify/possessify.rxt:2743	byte	1/1	1/1	1/1	vm	vm	bytes-eq/end-eq=2	
corpus	tests/possessify/possessify.rxt:2808	byte	0/1	0/1	0/1	vm	vm	bytes-eq/end-eq=1	
corpus	tests/possessify/possessify.rxt:2852	byte	1/1	1/1	1/1	vm	vm	bytes-eq/end-eq=2	
corpus	tests/possessify/possessify.rxt:2911	byte	1/2	1/2	1/2	vm	vm	bytes-eq/end-eq=4	
corpus	tests/possessify/possessify.rxt:2934	byte	0/2	0/2	0/2	vm	vm	bytes-eq/end-eq=2	
corpus	tests/possessify/possessify.rxt:2952	byte	1/2	1/2	1/2	vm	vm	bytes-eq/end-eq=4	
corpus	tests/possessify/possessify.rxt:2971	byte	1/2	1/2	1/2	vm	vm	bytes-eq/end-eq=4	
corpus	tests/possessify/possessify.rxt:2997	byte	1/2	1/2	1/2	vm	vm	bytes-eq/end-eq=4	
corpus	tests/quoting/d27/adjacent_escapes.rxt:4	byte	0/0	0/0	0/0	dfa	dfa		
corpus	tests/quoting/d27/adjacent_escapes.rxt:10	byte	0/0	0/0	0/0	dfa	dfa		
corpus	tests/quoting/d27/adjacent_escapes.rxt:16	byte	0/0	0/0	0/0	dfa	dfa		
corpus	tests/quoting/d27/basics.rxt:10	byte	0/0	0/0	0/0	dfa	dfa		
corpus	tests/quoting/d27/basics.rxt:16	byte	0/0	0/0	0/0	dfa	dfa		
corpus	tests/quoting/d27/basics.rxt:22	byte	0/0	0/0	0/0	dfa	dfa		
corpus	tests/quoting/d27/basics.rxt:28	byte	0/0	0/0	0/0	dfa	dfa		
corpus	tests/quoting/d27/basics.rxt:34	byte	0/0	0/0	0/0	dfa	dfa		
corpus	tests/quoting/d27/basics.rxt:40	byte	0/0	0/0	0/0	dfa	dfa		
corpus	tests/quoting/d27/basics.rxt:46	byte	0/0	0/0	0/0	dfa	dfa		
corpus	tests/quoting/d27/basics.rxt:51	byte	0/0	0/0	0/0	dfa	dfa		
corpus	tests/quoting/d27/basics.rxt:56	byte	0/0	0/0	0/0	dfa	dfa		
corpus	tests/quoting/d27/basics.rxt:62	byte	0/0	0/0	0/0	dfa	dfa		
corpus	tests/quoting/d27/basics.rxt:68	byte	0/0	0/0	0/0	dfa	dfa		
corpus	tests/quoting/d27/basics.rxt:73	byte	0/0	0/0	0/0	dfa	dfa		
corpus	tests/quoting/d27/basics.rxt:78	byte	0/0	0/0	0/0	dfa	dfa		
corpus	tests/quoting/d27/basics.rxt:83	byte	0/0	0/0	0/0	dfa	dfa		
corpus	tests/quoting/d27/basics.rxt:88	byte	0/0	0/0	0/0	dfa	dfa		
corpus	tests/quoting/d27/basics.rxt:93	byte	0/0	0/0	0/0	dfa	dfa		
corpus	tests/quoting/d27/basics.rxt:98	byte	0/0	0/0	0/0	dfa	dfa		
corpus	tests/quoting/d27/caseless.rxt:4	byte	0/0	0/0	0/0	dfa	dfa		
corpus	tests/quoting/d27/caseless.rxt:12	byte	0/0	0/0	0/0	dfa	dfa		
corpus	tests/quoting/d27/caseless.rxt:18	byte	0/0	0/0	0/0	dfa	dfa		
corpus	tests/quoting/d27/charclass.rxt:9	byte	0/0	0/0	0/0	dfa	dfa		
corpus	tests/quoting/d27/charclass.rxt:15	byte	0/0	0/0	0/0	dfa	dfa		
corpus	tests/quoting/d27/charclass.rxt:21	byte	0/0	0/0	0/0	dfa	dfa		
corpus	tests/quoting/d27/charclass.rxt:27	byte	0/0	0/0	0/0	dfa	dfa		
corpus	tests/quoting/d27/charclass.rxt:33	byte	0/0	0/0	0/0	dfa	dfa		
corpus	tests/quoting/d27/charclass.rxt:41	byte	0/0	0/0	0/0	dfa	dfa		
corpus	tests/quoting/d27/charclass.rxt:49	byte	0/0	0/0	0/0	dfa	dfa		
corpus	tests/quoting/d27/errors.rxt:10	byte	None			refused	refused		pcrec: missing terminating ] for character class (pattern offset 0)
corpus	tests/quoting/d27/errors.rxt:16	byte	None			refused	refused		pcrec: missing terminating ] for character class (pattern offset 0)
corpus	tests/quoting/d27/errors.rxt:22	byte	0/0	0/0	0/0	dfa	dfa		
corpus	tests/quoting/d27/errors.rxt:29	byte	None			refused	refused		pcrec: quantifier does not follow a repeatable item (pattern offset 4)
corpus	tests/quoting/d27/extended.rxt:10	byte	0/0	0/0	0/0	dfa	dfa		
corpus	tests/quoting/d27/extended.rxt:16	byte	0/0	0/0	0/0	dfa	dfa		
corpus	tests/quoting/d27/extended.rxt:21	byte	0/0	0/0	0/0	dfa	dfa		
corpus	tests/quoting/d27/extended.rxt:27	byte	0/0	0/0	0/0	dfa	dfa		
corpus	tests/quoting/d27/extended.rxt:33	byte	0/0	0/0	0/0	dfa	dfa		
corpus	tests/quoting/d27/groups.rxt:9	byte	0/0	0/0	0/0	vm	vm		
corpus	tests/quoting/d27/groups.rxt:15	byte	0/0	0/0	0/0	vm	vm		
corpus	tests/quoting/d27/groups.rxt:22	byte	0/0	0/0	0/0	vm	vm		
corpus	tests/quoting/d27/quantifier_after.rxt:11	byte	1/1	1/1	1/1	dfa	dfa	bytes-eq/end-eq=2	
corpus	tests/quoting/d27/quantifier_after.rxt:18	byte	1/1	1/1	1/1	dfa	dfa	bytes-eq/end-eq=2	
corpus	tests/quoting/d27/quantifier_after.rxt:24	byte	0/0	0/0	0/0	dfa	dfa		
corpus	tests/quoting/d27/unterminated.rxt:11	byte	0/0	0/0	0/0	dfa	dfa		
corpus	tests/quoting/d27/unterminated.rxt:17	byte	0/0	0/0	0/0	dfa	dfa		
corpus	tests/quoting/d27/unterminated.rxt:22	byte	0/0	0/0	0/0	dfa	dfa		
corpus	tests/quoting/d27/unterminated.rxt:27	byte	0/0	0/0	0/0	dfa	dfa		
corpus	tests/quoting/d27/unterminated.rxt:32	byte	0/0	0/0	0/0	dfa	dfa		
corpus	tests/quoting/d27/unterminated.rxt:37	byte	0/0	0/0	0/0	dfa	dfa		
corpus	tests/quoting/k62_class_range_e.rxt:17	byte	0/0	0/0	0/0	dfa	dfa		
corpus	tests/quoting/k62_class_range_e.rxt:25	byte	0/0	0/0	0/0	dfa	dfa		
corpus	tests/quoting/k62_class_range_e.rxt:34	byte	0/0	0/0	0/0	dfa	dfa		
corpus	tests/quoting/k62_class_range_e.rxt:45	byte	0/0	0/0	0/0	dfa	dfa		
corpus	tests/quoting/k62_class_range_e.rxt:53	byte	None			refused	refused		pcrec: missing terminating ] for character class (pattern offset 0)
corpus	tests/recursion/atomicity.rxt:44	byte	0/1	0/1	0/1	dfa	dfa	bytes-eq/end-eq=1	
corpus	tests/recursion/atomicity.rxt:50	byte	0/2	0/2	0/2	dfa	dfa	bytes-eq/end-eq=2	
corpus	tests/recursion/atomicity.rxt:56	byte	0/2	0/2	0/2	dfa	dfa	bytes-eq/end-eq=2	
corpus	tests/recursion/atomicity.rxt:65	byte	0/2	0/2	0/2	vm	vm	bytes-eq/end-eq=2	
corpus	tests/recursion/atomicity.rxt:75	byte	0/1	0/1	0/1	vm	vm	bytes-eq/end-eq=2	
corpus	tests/recursion/atomicity.rxt:80	byte	0/1	0/1	0/1	vm	vm	bytes-eq/end-eq=2	
corpus	tests/recursion/atomicity.rxt:85	byte	0/2	0/2	0/2	vm	vm	bytes-eq/end-eq=5	
corpus	tests/recursion/atomicity.rxt:90	byte	0/1	0/1	0/1	vm	vm	bytes-eq/end-eq=2	
corpus	tests/recursion/bothlinkage.rxt:44	byte	0/3	0/3	0/3	vm	vm	bytes-eq/end-eq=3	
corpus	tests/recursion/bothlinkage.rxt:57	byte	0/2	0/2	0/2	vm	vm	bytes-eq/end-eq=2	
corpus	tests/recursion/bothlinkage.rxt:71	byte	0/3	0/3	0/3	vm	vm	bytes-eq/end-eq=3	
corpus	tests/recursion/bothlinkage.rxt:85	byte	0/2	0/2	0/2	vm	vm	bytes-eq/end-eq=4	
corpus	tests/recursion/bothlinkage.rxt:97	byte	0/3	0/3	0/3	vm	vm	bytes-eq/end-eq=3	
corpus	tests/recursion/bothlinkage.rxt:119	byte	0/3	0/3	0/3	vm	vm	bytes-eq/end-eq=3	
corpus	tests/recursion/bothlinkage.rxt:138	byte	0/2	0/2	0/2	vm	vm	bytes-eq/end-eq=2	
corpus	tests/recursion/captures.rxt:44	byte	0/1	0/1	0/1	vm	vm	bytes-eq/end-eq=1	
corpus	tests/recursion/captures.rxt:76	byte	0/0	0/0	0/0	vm	vm		
corpus	tests/recursion/captures.rxt:87	byte	0/0	0/0	0/0	vm	vm		
corpus	tests/recursion/captures.rxt:103	byte	0/1	0/1	0/1	vm	vm	bytes-eq/end-eq=1	
corpus	tests/recursion/d27/sr_atomicity.rxt:19	byte	0/1	0/1	0/1	dfa	dfa	bytes-eq/end-eq=1	
corpus	tests/recursion/d27/sr_atomicity.rxt:29	byte	0/1	0/1	0/1	vm	vm	bytes-eq/end-eq=2	
corpus	tests/recursion/d27/sr_atomicity.rxt:36	byte	0/1	0/1	0/1	vm	vm	bytes-eq/end-eq=2	
corpus	tests/recursion/d27/sr_atomicity.rxt:43	byte	0/2	0/2	0/2	vm	vm	bytes-eq/end-eq=5	
corpus	tests/recursion/d27/sr_atomicity.rxt:51	byte	0/0	0/0	0/0	vm	vm		
corpus	tests/recursion/d27/sr_atomicity.rxt:71	byte	0/2	0/2	0/2	dfa	dfa	bytes-eq/end-eq=2	
corpus	tests/recursion/d27/sr_atomicity.rxt:83	byte	0/2	0/2	0/2	vm	vm	bytes-eq/end-eq=4	
corpus	tests/recursion/d27/sr_atomicity.rxt:89	byte	0/3	0/3	0/3	vm	vm	bytes-eq/end-eq=7	
corpus	tests/recursion/d27/sr_atomicity.rxt:94	byte	0/2	0/2	0/2	dfa	dfa	bytes-eq/end-eq=2	
corpus	tests/recursion/d27/sr_atomicity.rxt:103	byte	0/2	0/2	0/2	vm	vm	bytes-eq/end-eq=4	
corpus	tests/recursion/d27/sr_atomicity.rxt:113	byte	0/2	0/2	0/2	vm	vm	bytes-eq/end-eq=2	
corpus	tests/recursion/d27/sr_atomicity.rxt:125	byte	0/2	0/2	0/2	vm	vm	bytes-eq/end-eq=4	
corpus	tests/recursion/d27/sr_atomicity.rxt:136	byte	0/0	0/0	0/0	vm	vm		
corpus	tests/recursion/d27/sr_captures.rxt:20	byte	0/0	0/0	0/0	vm	vm		
corpus	tests/recursion/d27/sr_captures.rxt:33	byte	0/0	0/0	0/0	vm	vm		
corpus	tests/recursion/d27/sr_captures.rxt:49	byte	0/0	0/0	0/0	vm	vm		
corpus	tests/recursion/d27/sr_captures.rxt:122	byte	0/1	0/1	0/1	vm	vm	bytes-eq/end-eq=1	
corpus	tests/recursion/d27/sr_captures.rxt:137	byte	0/2	0/2	0/2	vm	vm	bytes-eq/end-eq=2	
corpus	tests/recursion/d27/sr_captures.rxt:156	byte	0/3	0/3	0/3	vm	vm	bytes-eq/end-eq=3	
corpus	tests/recursion/d27/sr_captures.rxt:169	byte	0/0	0/0	0/0	vm	vm		
corpus	tests/recursion/d27/sr_define.rxt:19	byte	0/2	0/2	0/2	dfa	dfa	bytes-eq/end-eq=2	
corpus	tests/recursion/d27/sr_define.rxt:38	byte	0/2	0/2	0/2	dfa	dfa	bytes-eq/end-eq=2	
corpus	tests/recursion/d27/sr_define.rxt:58	byte	1/1	1/1	1/1	vm	vm	bytes-eq/end-eq=2	
corpus	tests/recursion/d27/sr_define.rxt:79	byte	0/1	0/1	0/1	vm	vm	bytes-eq/end-eq=1	
corpus	tests/recursion/d27/sr_define.rxt:98	byte	1/1	1/1	1/1	vm	vm	bytes-eq/end-eq=4	
corpus	tests/recursion/d27/sr_define.rxt:116	byte	1/2	1/2	1/2	dfa	dfa	bytes-eq/end-eq=4	
corpus	tests/recursion/d27/sr_define.rxt:131	byte	0/2	0/2	0/2	vm	vm	bytes-eq/end-eq=2	
corpus	tests/recursion/d27/sr_define.rxt:145	byte	1/1	1/1	1/1	dfa	dfa	bytes-eq/end-eq=2	
corpus	tests/recursion/d27/sr_define.rxt:155	byte	1/1	1/1	1/1	dfa	dfa	bytes-eq/end-eq=2	
corpus	tests/recursion/d27/sr_define.rxt:167	byte	1/1	1/1	1/1	dfa	dfa	bytes-eq/end-eq=2	
corpus	tests/recursion/d27/sr_define.rxt:176	byte	0/3	0/3	0/3	dfa	dfa	bytes-eq/end-eq=3	
corpus	tests/recursion/d27/sr_define.rxt:188	byte	0/2	0/2	0/2	dfa	dfa	bytes-eq/end-eq=2	
corpus	tests/recursion/d27/sr_define.rxt:195	byte	0/2	0/2	0/2	dfa	dfa	bytes-eq/end-eq=2	
corpus	tests/recursion/d27/sr_define.rxt:203	byte	0/2	0/2	0/2	vm	vm	bytes-eq/end-eq=2	
corpus	tests/recursion/d27/sr_define.rxt:213	byte	1/2	1/2	1/2	dfa	dfa	bytes-eq/end-eq=4	
corpus	tests/recursion/d27/sr_define.rxt:221	byte	1/2	1/2	1/2	dfa	dfa	bytes-eq/end-eq=4	
corpus	tests/recursion/d27/sr_define.rxt:231	byte	1/2	1/2	1/2	dfa	dfa	bytes-eq/end-eq=4	
corpus	tests/recursion/d27/sr_define.rxt:240	byte	0/2	0/2	0/2	dfa	dfa	bytes-eq/end-eq=2	
corpus	tests/recursion/d27/sr_depth.rxt:37	byte	0/1	0/1	0/1	vm	vm	bytes-eq/end-eq=1	
corpus	tests/recursion/d27/sr_depth.rxt:60	byte	0/0	0/0	0/0	vm	vm		
corpus	tests/recursion/d27/sr_depth.rxt:77	byte	0/0	0/0	0/0	vm	vm		
corpus	tests/recursion/d27/sr_depth.rxt:92	byte	0/1	0/1	0/1	vm	vm	bytes-eq/end-eq=1	
corpus	tests/recursion/d27/sr_depth.rxt:106	byte	0/1	0/1	0/1	vm	vm	bytes-eq/end-eq=1	
corpus	tests/recursion/d27/sr_depth.rxt:118	byte	0/0	0/0	0/0	vm	vm		
corpus	tests/recursion/d27/sr_depth.rxt:132	byte	0/0	0/0	0/0	vm	vm		
corpus	tests/recursion/d27/sr_depth.rxt:153	byte	0/0	0/0	0/0	vm	vm		
corpus	tests/recursion/d27/sr_depth.rxt:175	byte	0/0	0/0	0/0	vm	vm		
corpus	tests/recursion/d27/sr_depth.rxt:189	byte	0/1	0/1	0/1	vm	vm	bytes-eq/end-eq=1	
corpus	tests/recursion/d27/sr_depth.rxt:198	byte	0/1	0/1	0/1	vm	vm	bytes-eq/end-eq=1	
corpus	tests/recursion/d27/sr_depth.rxt:207	byte	0/1	0/1	0/1	vm	vm	bytes-eq/end-eq=1	
corpus	tests/recursion/d27/sr_depth.rxt:216	byte	0/2	0/2	0/2	vm	vm	bytes-eq/end-eq=2	
corpus	tests/recursion/d27/sr_email.rxt:20	byte	4/16	4/16	4/16	dfa	dfa	bytes-eq/end-eq=32	
corpus	tests/recursion/d27/sr_email.rxt:47	byte	1/15	1/15	1/15	dfa	dfa	bytes-eq/end-eq=30	
corpus	tests/recursion/d27/sr_interactions.rxt:21	byte	0/0	0/0	0/0	vm	vm		
corpus	tests/recursion/d27/sr_interactions.rxt:29	byte	1/1	1/1	1/1	vm	vm	bytes-eq/end-eq=2	
corpus	tests/recursion/d27/sr_interactions.rxt:39	byte	0/1	0/1	0/1	vm	vm	bytes-eq/end-eq=1	
corpus	tests/recursion/d27/sr_interactions.rxt:53	byte	1/1	1/1	1/1	vm	vm	bytes-eq/end-eq=2	
corpus	tests/recursion/d27/sr_interactions.rxt:62	byte	1/1	1/1	1/1	vm	vm	bytes-eq/end-eq=2	
corpus	tests/recursion/d27/sr_interactions.rxt:70	byte	1/1	1/1	1/1	vm	vm	bytes-eq/end-eq=2	
corpus	tests/recursion/d27/sr_interactions.rxt:78	byte	None			refused	refused		pcrec: \K is not allowed inside a lookaround (pattern offset 1)
corpus	tests/recursion/d27/sr_interactions.rxt:84	byte	1/1	1/1	1/1	vm	vm	bytes-eq/end-eq=2	
corpus	tests/recursion/d27/sr_interactions.rxt:93	byte	0/0	0/0	0/0	vm	vm		
corpus	tests/recursion/d27/sr_interactions.rxt:104	byte	0/0	0/0	0/0	vm	vm		
corpus	tests/recursion/d27/sr_interactions.rxt:115	byte	0/0	0/0	0/0	vm	vm		
corpus	tests/recursion/d27/sr_interactions.rxt:126	byte	0/0	0/0	0/0	vm	vm		
corpus	tests/recursion/d27/sr_interactions.rxt:139	byte	0/0	0/0	0/0	vm	vm		
corpus	tests/recursion/d27/sr_interactions.rxt:152	byte	0/0	0/0	0/0	vm	vm		
corpus	tests/recursion/d27/sr_interactions.rxt:165	byte	0/0	0/0	0/0	vm	vm		
corpus	tests/recursion/d27/sr_interactions.rxt:178	byte	0/0	0/0	0/0	vm	vm		
corpus	tests/recursion/d27/sr_interactions.rxt:187	byte	0/0	0/0	0/0	vm	vm		
corpus	tests/recursion/d27/sr_interactions.rxt:199	byte	1/1	1/1	1/1	vm	vm	bytes-eq/end-eq=2	
corpus	tests/recursion/d27/sr_interactions.rxt:207	byte	1/2	1/2	1/2	vm	vm	bytes-eq/end-eq=4	
corpus	tests/recursion/d27/sr_interactions.rxt:217	byte	2/2	2/2	2/2	vm	vm	bytes-eq/end-eq=4	
corpus	tests/recursion/d27/sr_interactions.rxt:229	byte	2/2	2/2	2/2	vm	vm	bytes-eq/end-eq=4	
corpus	tests/recursion/d27/sr_interactions.rxt:245	byte	None			refused	refused		pcrec: variable-length lookbehind is not implemented: every alternative of a lookbehind must have a fixed length (this o
corpus	tests/recursion/d27/sr_interactions.rxt:252	byte	None			refused	refused		pcrec: variable-length lookbehind is not implemented: every alternative of a lookbehind must have a fixed length (this o
corpus	tests/recursion/d27/sr_interactions.rxt:258	byte	None			refused	refused		pcrec: variable-length lookbehind is not implemented: every alternative of a lookbehind must have a fixed length (this o
corpus	tests/recursion/d27/sr_interactions.rxt:265	byte	None			refused	refused		pcrec: variable-length lookbehind is not implemented: every alternative of a lookbehind must have a fixed length (this o
corpus	tests/recursion/d27/sr_interactions.rxt:272	byte	1/1	1/1	1/1	dfa	dfa	bytes-eq/end-eq=2	
corpus	tests/recursion/d27/sr_interactions.rxt:280	byte	0/1	0/1	0/1	vm	vm	bytes-eq/end-eq=1	
corpus	tests/recursion/d27/sr_interactions.rxt:287	byte	0/1	0/1	0/1	vm	vm	bytes-eq/end-eq=1	
corpus	tests/recursion/d27/sr_interactions.rxt:293	byte	0/1	0/1	0/1	vm	vm	bytes-eq/end-eq=1	
corpus	tests/recursion/d27/sr_interactions.rxt:300	byte	1/2	1/2	1/2	vm	vm	bytes-eq/end-eq=6	
corpus	tests/recursion/d27/sr_interactions.rxt:311	byte	1/1	1/1	1/1	dfa	dfa	bytes-eq/end-eq=2	
corpus	tests/recursion/d27/sr_interactions.rxt:322	byte	1/2	1/2	1/2	dfa	dfa	bytes-eq/end-eq=4	
corpus	tests/recursion/d27/sr_interactions.rxt:328	byte	1/1	1/1	1/1	dfa	dfa	bytes-eq/end-eq=2	
corpus	tests/recursion/d27/sr_interactions.rxt:337	byte	1/1	1/1	1/1	dfa	dfa	bytes-eq/end-eq=2	
corpus	tests/recursion/d27/sr_interactions.rxt:344	byte	0/0	0/0	0/0	vm	vm		
corpus	tests/recursion/d27/sr_interactions.rxt:353	byte	0/0	0/0	0/0	vm	vm		
corpus	tests/recursion/d27/sr_interactions.rxt:361	byte	0/1	0/1	0/1	vm	vm	bytes-eq/end-eq=1	
corpus	tests/recursion/d27/sr_interactions.rxt:370	byte	1/1	1/1	1/1	vm	vm	bytes-eq/end-eq=2	
corpus	tests/recursion/d27/sr_interactions.rxt:378	byte	1/1	1/1	1/1	dfa	dfa	bytes-eq/end-eq=2	
corpus	tests/recursion/d27/sr_interactions.rxt:386	byte	0/0	0/0	0/0	vm	vm		
corpus	tests/recursion/d27/sr_refusals.rxt:20	byte	None			refused	refused		pcrec: a relative reference of zero is not allowed (pattern offset 4)
corpus	tests/recursion/d27/sr_refusals.rxt:29	byte	None			refused	refused		pcrec: a relative reference of zero is not allowed (pattern offset 4)
corpus	tests/recursion/d27/sr_refusals.rxt:38	byte	None			refused	refused		pcrec: a relative reference of zero is not allowed (pattern offset 4)
corpus	tests/recursion/d27/sr_refusals.rxt:47	byte	None			refused	refused		pcrec: a relative reference of zero is not allowed (pattern offset 4)
corpus	tests/recursion/d27/sr_refusals.rxt:56	byte	None			refused	refused		pcrec: a relative reference of zero is not allowed (pattern offset 4)
corpus	tests/recursion/d27/sr_refusals.rxt:65	byte	None			refused	refused		pcrec: a relative reference of zero is not allowed (pattern offset 4)
corpus	tests/recursion/d27/sr_refusals.rxt:74	byte	None			refused	refused		pcrec: a relative reference of zero is not allowed (pattern offset 4)
corpus	tests/recursion/d27/sr_refusals.rxt:83	byte	None			refused	refused		pcrec: a relative reference of zero is not allowed (pattern offset 4)
corpus	tests/recursion/d27/sr_refusals.rxt:92	byte	None			refused	refused		pcrec: a relative reference of zero is not allowed (pattern offset 4)
corpus	tests/recursion/d27/sr_refusals.rxt:99	byte	None			refused	refused		pcrec: (?2) refers to capture group 2, but this pattern has 1 (pattern offset 4)
corpus	tests/recursion/d27/sr_refusals.rxt:106	byte	None			refused	refused		pcrec: (?9) refers to capture group 9, but this pattern has 1 (pattern offset 4)
corpus	tests/recursion/d27/sr_refusals.rxt:113	byte	None			refused	refused		pcrec: (?12) refers to capture group 12, but this pattern has 1 (pattern offset 4)
corpus	tests/recursion/d27/sr_refusals.rxt:120	byte	None			refused	refused		pcrec: \g<7> refers to capture group 7, but this pattern has 1 (pattern offset 4)
corpus	tests/recursion/d27/sr_refusals.rxt:127	byte	None			refused	refused		pcrec: \g'7' refers to capture group 7, but this pattern has 1 (pattern offset 4)
corpus	tests/recursion/d27/sr_refusals.rxt:134	byte	None			refused	refused		pcrec: (?-2) counts back past the first capture group; this pattern has 1 (pattern offset 4)
corpus	tests/recursion/d27/sr_refusals.rxt:141	byte	None			refused	refused		pcrec: (?+2) refers to capture group 3, but this pattern has 1 (pattern offset 4)
corpus	tests/recursion/d27/sr_refusals.rxt:148	byte	None			refused	refused		pcrec: \g<-2> counts back past the first capture group; this pattern has 1 (pattern offset 4)
corpus	tests/recursion/d27/sr_refusals.rxt:153	byte	None			refused	refused		pcrec: (?&nope) refers to a capture group named 'nope', which this pattern does not declare (pattern offset 8)
corpus	tests/recursion/d27/sr_refusals.rxt:158	byte	None			refused	refused		pcrec: (?P>nope) refers to a capture group named 'nope', which this pattern does not declare (pattern offset 8)
corpus	tests/recursion/d27/sr_refusals.rxt:163	byte	None			refused	refused		pcrec: \g<nope> refers to a capture group named 'nope', which this pattern does not declare (pattern offset 8)
corpus	tests/recursion/d27/sr_refusals.rxt:168	byte	None			refused	refused		pcrec: \g'nope' refers to a capture group named 'nope', which this pattern does not declare (pattern offset 8)
corpus	tests/recursion/d27/sr_refusals.rxt:176	byte	None			refused	refused		pcrec: DEFINE subpattern contains more than one branch (pattern offset 4)
corpus	tests/recursion/d27/sr_refusals.rxt:182	byte	None			refused	refused		pcrec: DEFINE subpattern contains more than one branch (pattern offset 4)
corpus	tests/recursion/d27/sr_root.rxt:39	byte	0/1	0/1	0/1	vm	vm	bytes-eq/end-eq=1	
corpus	tests/recursion/d27/sr_root.rxt:56	byte	0/1	0/1	0/1	vm	vm	bytes-eq/end-eq=1	
corpus	tests/recursion/d27/sr_root.rxt:73	byte	0/1	0/1	0/1	vm	vm	bytes-eq/end-eq=1	
corpus	tests/recursion/d27/sr_root.rxt:90	byte	0/1	0/1	0/1	vm	vm	bytes-eq/end-eq=1	
corpus	tests/recursion/d27/sr_root.rxt:107	byte	0/1	0/1	0/1	vm	vm	bytes-eq/end-eq=1	
corpus	tests/recursion/d27/sr_root.rxt:124	byte	0/1	0/1	0/1	vm	vm	bytes-eq/end-eq=1	
corpus	tests/recursion/d27/sr_root.rxt:141	byte	0/1	0/1	0/1	vm	vm	bytes-eq/end-eq=1	
corpus	tests/recursion/d27/sr_root.rxt:158	byte	0/1	0/1	0/1	vm	vm	bytes-eq/end-eq=1	
corpus	tests/recursion/d27/sr_root.rxt:172	byte	0/1	0/1	0/1	vm	vm	bytes-eq/end-eq=1	
corpus	tests/recursion/d27/sr_root.rxt:186	byte	0/1	0/1	0/1	vm	vm	bytes-eq/end-eq=1	
corpus	tests/recursion/d27/sr_root.rxt:200	byte	0/1	0/1	0/1	vm	vm	bytes-eq/end-eq=1	
corpus	tests/recursion/d27/sr_root.rxt:214	byte	0/1	0/1	0/1	vm	vm	bytes-eq/end-eq=1	
corpus	tests/recursion/d27/sr_root.rxt:228	byte	0/1	0/1	0/1	vm	vm	bytes-eq/end-eq=1	
corpus	tests/recursion/d27/sr_root.rxt:242	byte	0/1	0/1	0/1	vm	vm	bytes-eq/end-eq=1	
corpus	tests/recursion/d27/sr_root.rxt:253	byte	0/1	0/1	0/1	vm	vm	bytes-eq/end-eq=1	
corpus	tests/recursion/d27/sr_root.rxt:265	byte	0/1	0/1	0/1	vm	vm	bytes-eq/end-eq=1	
corpus	tests/recursion/d27/sr_root.rxt:273	byte	0/1	0/1	0/1	vm	vm	bytes-eq/end-eq=1	
corpus	tests/recursion/d27/sr_root.rxt:284	byte	0/2	0/2	0/2	vm	vm	bytes-eq/end-eq=2	
corpus	tests/recursion/d27/sr_root.rxt:294	byte	0/1	0/1	0/1	vm	vm	bytes-eq/end-eq=1	
corpus	tests/recursion/d27/sr_root.rxt:302	byte	0/1	0/1	0/1	vm	vm	bytes-eq/end-eq=1	
corpus	tests/recursion/d27/sr_root.rxt:308	byte	0/1	0/1	0/1	vm	vm	bytes-eq/end-eq=1	
corpus	tests/recursion/d27/sr_spellings.rxt:33	byte	0/0	0/0	0/0	vm	vm		
corpus	tests/recursion/d27/sr_spellings.rxt:53	byte	0/0	0/0	0/0	vm	vm		
corpus	tests/recursion/d27/sr_spellings.rxt:64	byte	0/0	0/0	0/0	vm	vm		
corpus	tests/recursion/d27/sr_spellings.rxt:75	byte	0/0	0/0	0/0	vm	vm		
corpus	tests/recursion/d27/sr_spellings.rxt:108	byte	0/0	0/0	0/0	vm	vm		
corpus	tests/recursion/d27/sr_spellings.rxt:119	byte	0/0	0/0	0/0	vm	vm		
corpus	tests/recursion/d27/sr_spellings.rxt:130	byte	0/0	0/0	0/0	vm	vm		
corpus	tests/recursion/d27/sr_spellings.rxt:141	byte	0/0	0/0	0/0	vm	vm		
corpus	tests/recursion/d27/sr_spellings.rxt:152	byte	0/0	0/0	0/0	vm	vm		
corpus	tests/recursion/d27/sr_spellings.rxt:163	byte	0/0	0/0	0/0	vm	vm		
corpus	tests/recursion/d27/sr_spellings.rxt:173	byte	0/0	0/0	0/0	vm	vm		
corpus	tests/recursion/d27/sr_spellings.rxt:182	byte	0/0	0/0	0/0	vm	vm		
corpus	tests/recursion/d27/sr_spellings.rxt:191	byte	0/0	0/0	0/0	vm	vm		
corpus	tests/recursion/d27/sr_spellings.rxt:200	byte	0/0	0/0	0/0	vm	vm		
corpus	tests/recursion/d27/sr_spellings.rxt:209	byte	0/0	0/0	0/0	vm	vm		
corpus	tests/recursion/d27/sr_spellings.rxt:218	byte	0/0	0/0	0/0	vm	vm		
corpus	tests/recursion/d27/sr_spellings.rxt:228	byte	0/0	0/0	0/0	vm	vm		
corpus	tests/recursion/d27/sr_spellings.rxt:245	byte	0/0	0/0	0/0	vm	vm		
corpus	tests/recursion/d27/sr_spellings.rxt:253	byte	0/0	0/0	0/0	vm	vm		
corpus	tests/recursion/d27/sr_spellings.rxt:261	byte	0/0	0/0	0/0	vm	vm		
corpus	tests/recursion/d27/sr_spellings.rxt:269	byte	0/0	0/0	0/0	vm	vm		
corpus	tests/recursion/d27/sr_spellings.rxt:280	byte	0/0	0/0	0/0	vm	vm		
corpus	tests/recursion/d27/sr_spellings.rxt:287	byte	0/0	0/0	0/0	vm	vm		
corpus	tests/recursion/d27/sr_spellings.rxt:294	byte	0/0	0/0	0/0	vm	vm		
corpus	tests/recursion/d27/sr_spellings.rxt:303	byte	0/0	0/0	0/0	vm	vm		
corpus	tests/recursion/d27/sr_spellings.rxt:312	byte	0/0	0/0	0/0	vm	vm		
corpus	tests/recursion/d27/sr_spellings.rxt:321	byte	0/0	0/0	0/0	vm	vm		
corpus	tests/recursion/d27/sr_spellings.rxt:330	byte	0/0	0/0	0/0	vm	vm		
corpus	tests/recursion/d27/sr_spellings.rxt:338	byte	0/0	0/0	0/0	vm	vm		
corpus	tests/recursion/d27/sr_spellings.rxt:346	byte	0/0	0/0	0/0	vm	vm		
corpus	tests/recursion/d27/sr_spellings.rxt:354	byte	0/0	0/0	0/0	vm	vm		
corpus	tests/recursion/d27/sr_spellings.rxt:362	byte	0/0	0/0	0/0	vm	vm		
corpus	tests/recursion/d27/sr_spellings.rxt:372	byte	0/0	0/0	0/0	vm	vm		
corpus	tests/recursion/d27/sr_spellings.rxt:382	byte	0/0	0/0	0/0	vm	vm		
corpus	tests/recursion/d27/sr_spellings.rxt:392	byte	0/0	0/0	0/0	vm	vm		
corpus	tests/recursion/d27/sr_spellings.rxt:404	byte	0/0	0/0	0/0	vm	vm		
corpus	tests/recursion/d27/sr_spellings.rxt:432	byte	0/0	0/0	0/0	vm	vm		
corpus	tests/recursion/d27/sr_spellings.rxt:448	byte	0/0	0/0	0/0	vm	vm		
corpus	tests/recursion/d27/sr_spellings.rxt:466	byte	0/0	0/0	0/0	vm	vm		
corpus	tests/recursion/d27/sr_spellings.rxt:482	byte	0/0	0/0	0/0	vm	vm		
corpus	tests/recursion/d27/sr_spellings.rxt:499	byte	0/0	0/0	0/0	vm	vm		
corpus	tests/recursion/d27/sr_wrapped.rxt:19	byte	0/0	0/0	0/0	vm	vm		
corpus	tests/recursion/d27/sr_wrapped.rxt:30	byte	0/0	0/0	0/0	vm	vm		
corpus	tests/recursion/d27/sr_wrapped.rxt:41	byte	0/0	0/0	0/0	vm	vm		
corpus	tests/recursion/d27/sr_wrapped.rxt:52	byte	0/0	0/0	0/0	vm	vm		
corpus	tests/recursion/d27/sr_wrapped.rxt:62	byte	0/1	0/1	0/1	vm	vm	bytes-eq/end-eq=2	
corpus	tests/recursion/d27/sr_wrapped.rxt:79	byte	0/0	0/0	0/0	vm	vm		
corpus	tests/recursion/d27/sr_wrapped.rxt:89	byte	0/1	0/1	0/1	vm	vm	bytes-eq/end-eq=1	
corpus	tests/recursion/d27/sr_wrapped.rxt:100	byte	0/0	0/0	0/0	vm	vm		
corpus	tests/recursion/d27/sr_wrapped.rxt:110	byte	1/1	1/1	1/1	vm	vm	bytes-eq/end-eq=2	
corpus	tests/recursion/d27/sr_wrapped.rxt:122	byte	None			refused	refused		pcrec: variable-length lookbehind is not implemented: every alternative of a lookbehind must have a fixed length (this o
corpus	tests/recursion/define.rxt:44	byte	0/2	0/2	0/2	dfa	dfa	bytes-eq/end-eq=2	
corpus	tests/recursion/define.rxt:52	byte	0/2	0/2	0/2	dfa	dfa	bytes-eq/end-eq=2	
corpus	tests/recursion/define.rxt:58	byte	1/1	1/1	1/1	dfa	dfa	bytes-eq/end-eq=2	
corpus	tests/recursion/define.rxt:65	byte	1/1	1/1	1/1	dfa	dfa	bytes-eq/end-eq=2	
corpus	tests/recursion/define.rxt:72	byte	0/2	0/2	0/2	vm	vm	bytes-eq/end-eq=2	
corpus	tests/recursion/define.rxt:81	byte	0/2	0/2	0/2	dfa	dfa	bytes-eq/end-eq=2	
corpus	tests/recursion/define.rxt:87	byte	1/1	1/1	1/1	dfa	dfa	bytes-eq/end-eq=2	
corpus	tests/recursion/define.rxt:95	byte	0/1	0/1	0/1	dfa	dfa	bytes-eq/end-eq=1	
corpus	tests/recursion/define.rxt:100	byte	1/1	1/1	1/1	dfa	dfa	bytes-eq/end-eq=2	
corpus	tests/recursion/define.rxt:105	byte	1/2	1/2	1/2	dfa	dfa	bytes-eq/end-eq=4	
corpus	tests/recursion/define.rxt:111	byte	1/1	1/1	1/1	dfa	dfa	bytes-eq/end-eq=2	
corpus	tests/recursion/define.rxt:117	byte	2/2	2/2	2/2	dfa	dfa	bytes-eq/end-eq=4	
corpus	tests/recursion/define.rxt:129	byte	None			refused	refused		pcrec: DEFINE subpattern contains more than one branch (pattern offset 3)
corpus	tests/recursion/define.rxt:135	byte	None			refused	refused		pcrec: DEFINE subpattern contains more than one branch (pattern offset 3)
corpus	tests/recursion/define.rxt:145	byte	None			refused	refused		pcrec: module 'conditionals' is enabled but (?(...) is not implemented yet (pattern offset 0)
corpus	tests/recursion/define.rxt:151	byte	None			refused	refused		pcrec: module 'conditionals' is enabled but (?(...) is not implemented yet (pattern offset 0)
corpus	tests/recursion/dupnames.rxt:69	byte	1/1	1/1	1/1	vm	vm	bytes-eq/end-eq=2	
corpus	tests/recursion/framebuffer.rxt:94	byte	0/1	0/1	0/1	vm	vm	bytes-eq/end-eq=1	
corpus	tests/recursion/gated.rxt:45	byte	0/0	0/0	0/0	vm	vm		
corpus	tests/recursion/gated.rxt:50	byte	0/0	0/0	0/0	vm	vm		
corpus	tests/recursion/gated.rxt:71	byte	0/0	0/0	0/0	vm	vm		
corpus	tests/recursion/inlookaround.rxt:44	byte	1/1	1/1	1/1	vm	vm	bytes-eq/end-eq=2	
corpus	tests/recursion/inlookaround.rxt:51	byte	1/1	1/1	1/1	vm	vm	bytes-eq/end-eq=2	
corpus	tests/recursion/inlookaround.rxt:57	byte	1/2	1/2	1/2	vm	vm	bytes-eq/end-eq=4	
corpus	tests/recursion/inlookaround.rxt:63	byte	2/2	2/2	2/2	vm	vm	bytes-eq/end-eq=4	
corpus	tests/recursion/inlookaround.rxt:70	byte	2/2	2/2	2/2	vm	vm	bytes-eq/end-eq=4	
corpus	tests/recursion/inlookaround.rxt:75	byte	1/1	1/1	1/1	vm	vm	bytes-eq/end-eq=2	
corpus	tests/recursion/inlookaround.rxt:81	byte	1/1	1/1	1/1	vm	vm	bytes-eq/end-eq=2	
corpus	tests/recursion/inlookaround.rxt:86	byte	1/1	1/1	1/1	vm	vm	bytes-eq/end-eq=2	
corpus	tests/recursion/inlookaround.rxt:91	byte	1/1	1/1	1/1	vm	vm	bytes-eq/end-eq=2	
corpus	tests/recursion/inlookaround.rxt:96	byte	2/2	2/2	2/2	vm	vm	bytes-eq/end-eq=4	
corpus	tests/recursion/inlookaround.rxt:105	byte	2/2	2/2	2/2	vm	vm	bytes-eq/end-eq=4	
corpus	tests/recursion/inlookaround.rxt:114	byte	1/1	1/1	1/1	vm	vm	bytes-eq/end-eq=2	
corpus	tests/recursion/inlookaround.rxt:121	byte	None			refused	refused		pcrec: variable-length lookbehind is not implemented: every alternative of a lookbehind must have a fixed length (this o
corpus	tests/recursion/inlookaround.rxt:127	byte	None			refused	refused		pcrec: variable-length lookbehind is not implemented: every alternative of a lookbehind must have a fixed length (this o
corpus	tests/recursion/inlookaround.rxt:133	byte	None			refused	refused		pcrec: variable-length lookbehind is not implemented: every alternative of a lookbehind must have a fixed length (this o
corpus	tests/recursion/inlookaround.rxt:139	byte	None			refused	refused		pcrec: variable-length lookbehind is not implemented: every alternative of a lookbehind must have a fixed length (this o
corpus	tests/recursion/inlookaround.rxt:148	byte	1/1	1/1	1/1	vm	vm	bytes-eq/end-eq=2	
corpus	tests/recursion/inlookaround.rxt:153	byte	1/1	1/1	1/1	vm	vm	bytes-eq/end-eq=2	
corpus	tests/recursion/inlookaround.rxt:158	byte	1/1	1/1	1/1	vm	vm	bytes-eq/end-eq=3	
corpus	tests/recursion/k69.rxt:40	byte	0/1	0/1	0/1	vm	vm	bytes-eq/end-eq=1	
corpus	tests/recursion/k69.rxt:48	byte	0/1	0/1	0/1	vm	vm	bytes-eq/end-eq=1	
corpus	tests/recursion/k69.rxt:56	byte	0/1	0/1	0/1	vm	vm	bytes-eq/end-eq=1	
corpus	tests/recursion/k69.rxt:65	byte	0/1	0/1	0/1	vm	vm	bytes-eq/end-eq=1	
corpus	tests/recursion/k69.rxt:74	byte	0/2	0/2	0/2	vm	vm	bytes-eq/end-eq=2	
corpus	tests/recursion/k69.rxt:82	byte	0/2	0/2	0/2	vm	vm	bytes-eq/end-eq=2	
corpus	tests/recursion/k69.rxt:93	byte	0/0	0/0	0/0	vm	vm		
corpus	tests/recursion/k69.rxt:104	byte	0/3	0/3	0/3	dfa	dfa	bytes-eq/end-eq=3	
corpus	tests/recursion/k69.rxt:113	byte	0/3	0/3	0/3	dfa	dfa	bytes-eq/end-eq=3	
corpus	tests/recursion/k69.rxt:133	byte	0/2	0/2	0/2	vm	vm	bytes-eq/end-eq=2	
corpus	tests/recursion/k69.rxt:141	byte	0/1	0/1	0/1	vm	vm	bytes-eq/end-eq=1	
corpus	tests/recursion/k69.rxt:157	byte	0/1	0/1	0/1	vm	vm	bytes-eq/end-eq=1	
corpus	tests/recursion/k69.rxt:166	byte	0/0	0/0	0/0	vm	vm		
corpus	tests/recursion/k69.rxt:175	byte	1/1	1/1	1/1	dfa	dfa	bytes-eq/end-eq=2	
corpus	tests/recursion/k69.rxt:183	utf8	1/1	1/1	1/1	dfa	dfa	bytes-eq/end-eq=2	
corpus	tests/recursion/k93.rxt:30	byte	0/1	0/1	0/1	vm	vm	bytes-eq/end-eq=1	
corpus	tests/recursion/k93.rxt:42	byte	0/1	0/1	0/1	vm	vm	bytes-eq/end-eq=1	
corpus	tests/recursion/k93.rxt:54	byte	0/1	0/1	0/1	vm	vm	bytes-eq/end-eq=1	
corpus	tests/recursion/k93.rxt:63	byte	1/1	1/1	1/1	vm	vm	bytes-eq/end-eq=4	
corpus	tests/recursion/k93.rxt:70	byte	0/1	0/1	0/1	vm	vm	bytes-eq/end-eq=1	
corpus	tests/recursion/k93.rxt:78	byte	0/1	0/1	0/1	vm	vm	bytes-eq/end-eq=1	
corpus	tests/recursion/k93.rxt:86	byte	0/1	0/1	0/1	vm	vm	bytes-eq/end-eq=1	
corpus	tests/recursion/k93.rxt:95	byte	0/1	0/1	0/1	vm	vm	bytes-eq/end-eq=1	
corpus	tests/recursion/k93.rxt:104	byte	0/1	0/1	0/1	vm	vm	bytes-eq/end-eq=1	
corpus	tests/recursion/k93.rxt:118	byte	0/2	0/2	0/2	vm	vm	bytes-eq/end-eq=2	
corpus	tests/recursion/k93.rxt:129	byte	0/2	0/2	0/2	vm	vm	bytes-eq/end-eq=2	
corpus	tests/recursion/k93.rxt:139	byte	0/1	0/1	0/1	vm	vm	bytes-eq/end-eq=1	
corpus	tests/recursion/k93.rxt:150	byte	0/1	0/1	0/1	vm	vm	bytes-eq/end-eq=1	
corpus	tests/recursion/k93.rxt:159	byte	0/1	0/1	0/1	vm	vm	bytes-eq/end-eq=1	
corpus	tests/recursion/k93.rxt:168	byte	0/1	0/1	0/1	vm	vm	bytes-eq/end-eq=1	
corpus	tests/recursion/k93.rxt:177	byte	1/1	1/1	1/1	vm	vm	bytes-eq/end-eq=3	
corpus	tests/recursion/k93.rxt:184	byte	0/1	0/1	0/1	vm	vm	bytes-eq/end-eq=1	
corpus	tests/recursion/k93.rxt:195	byte	0/1	0/1	0/1	vm	vm	bytes-eq/end-eq=1	
corpus	tests/recursion/k93.rxt:207	byte	1/1	1/1	1/1	vm	vm	bytes-eq/end-eq=2	
corpus	tests/recursion/k93.rxt:217	byte	0/1	0/1	0/1	vm	vm	bytes-eq/end-eq=1	
corpus	tests/recursion/k93.rxt:227	byte	0/2	0/2	0/2	vm	vm	bytes-eq/end-eq=2	
corpus	tests/recursion/k93.rxt:234	byte	0/1	0/1	0/1	vm	vm	bytes-eq/end-eq=1	
corpus	tests/recursion/k93.rxt:244	byte	0/1	0/1	0/1	vm	vm	bytes-eq/end-eq=1	
corpus	tests/recursion/kreset.rxt:50	byte	1/1	1/1	1/1	vm	vm	bytes-eq/end-eq=2	
corpus	tests/recursion/kreset.rxt:66	byte	0/0	0/0	0/0	vm	vm		
corpus	tests/recursion/kreset.rxt:76	byte	0/0	0/0	0/0	vm	vm		
corpus	tests/recursion/kreset.rxt:82	byte	0/0	0/0	0/0	vm	vm		
corpus	tests/recursion/kreset.rxt:88	byte	0/0	0/0	0/0	vm	vm		
corpus	tests/recursion/kreset.rxt:94	byte	1/1	1/1	1/1	vm	vm	bytes-eq/end-eq=2	
corpus	tests/recursion/leftrec.rxt:45	byte	0/0	0/0	0/0	vm	vm		
corpus	tests/recursion/leftrec.rxt:52	byte	0/2	0/2	0/2	vm	vm	bytes-eq/end-eq=2	
corpus	tests/recursion/leftrec.rxt:59	byte	0/1	0/1	0/1	vm	vm	bytes-eq/end-eq=1	
corpus	tests/recursion/mrl.rxt:44	byte	0/2	0/2	0/2	vm	vm	bytes-eq/end-eq=2	
corpus	tests/recursion/mrl.rxt:56	byte	0/1	0/1	0/1	vm	vm	bytes-eq/end-eq=1	
corpus	tests/recursion/nocaptures.rxt:66	byte	0/1	0/1	0/1	vm	vm	bytes-eq/end-eq=1	
corpus	tests/recursion/nocaptures.rxt:76	byte	0/2	0/2	0/2	vm	vm	bytes-eq/end-eq=2	
corpus	tests/recursion/prefilter.rxt:44	byte	1/1	1/1	1/1	dfa	dfa	bytes-eq/end-eq=2	
corpus	tests/recursion/prefilter.rxt:54	byte	1/1	1/1	1/1	dfa	dfa	bytes-eq/end-eq=2	
corpus	tests/recursion/prefilter.rxt:61	byte	1/1	1/1	1/1	dfa	dfa	bytes-eq/end-eq=2	
corpus	tests/recursion/prefilter.rxt:72	byte	0/0	0/0	0/0	vm	vm		
corpus	tests/recursion/prefilter.rxt:80	byte	0/0	0/0	0/0	vm	vm		
corpus	tests/recursion/quantified.rxt:44	byte	0/2	0/2	0/2	vm	vm	bytes-eq/end-eq=2	
corpus	tests/recursion/quantified.rxt:55	byte	0/2	0/2	0/2	vm	vm	bytes-eq/end-eq=2	
corpus	tests/recursion/quantified.rxt:79	byte	0/3	0/3	0/3	vm	vm	bytes-eq/end-eq=7	
corpus	tests/recursion/quantified.rxt:87	byte	0/3	0/3	0/3	dfa	dfa	bytes-eq/end-eq=3	
corpus	tests/recursion/quantified.rxt:99	byte	0/1	0/1	0/1	vm	vm	bytes-eq/end-eq=1	
corpus	tests/recursion/quantified.rxt:105	byte	0/1	0/1	0/1	vm	vm	bytes-eq/end-eq=1	
corpus	tests/recursion/quantified.rxt:111	byte	0/1	0/1	0/1	vm	vm	bytes-eq/end-eq=1	
corpus	tests/recursion/quantified.rxt:119	byte	0/1	0/1	0/1	vm	vm	bytes-eq/end-eq=1	
corpus	tests/recursion/quantified.rxt:125	byte	0/1	0/1	0/1	vm	vm	bytes-eq/end-eq=1	
corpus	tests/recursion/quantified.rxt:131	byte	0/1	0/1	0/1	vm	vm	bytes-eq/end-eq=1	
corpus	tests/recursion/quantified.rxt:137	byte	0/1	0/1	0/1	vm	vm	bytes-eq/end-eq=1	
corpus	tests/recursion/quantified.rxt:143	byte	0/1	0/1	0/1	vm	vm	bytes-eq/end-eq=1	
corpus	tests/recursion/quantified.rxt:149	byte	0/1	0/1	0/1	vm	vm	bytes-eq/end-eq=1	
corpus	tests/recursion/quantified.rxt:155	byte	0/1	0/1	0/1	vm	vm	bytes-eq/end-eq=1	
corpus	tests/recursion/quantified.rxt:161	byte	0/1	0/1	0/1	vm	vm	bytes-eq/end-eq=1	
corpus	tests/recursion/realworld.rxt:131	byte	0/12	0/12	0/12	dfa	dfa	bytes-eq/end-eq=12	
corpus	tests/recursion/rebind.rxt:44	byte	0/0	0/0	0/0	vm	vm		
corpus	tests/recursion/rebind.rxt:58	byte	0/0	0/0	0/0	vm	vm		
corpus	tests/recursion/rebind.rxt:71	byte	0/0	0/0	0/0	vm	vm		
corpus	tests/recursion/rebind.rxt:79	byte	0/0	0/0	0/0	vm	vm		
corpus	tests/recursion/refused.rxt:45	byte	None			refused	refused		pcrec: module 'conditionals' is enabled but (?(...) is not implemented yet (pattern offset 3)
corpus	tests/recursion/refused.rxt:50	byte	None			refused	refused		pcrec: module 'conditionals' is enabled but (?(...) is not implemented yet (pattern offset 3)
corpus	tests/recursion/relative.rxt:58	byte	0/0	0/0	0/0	vm	vm		
corpus	tests/recursion/relative.rxt:66	byte	0/0	0/0	0/0	vm	vm		
corpus	tests/recursion/relative.rxt:92	byte	0/0	0/0	0/0	vm	vm		
corpus	tests/recursion/relative.rxt:100	byte	0/0	0/0	0/0	vm	vm		
corpus	tests/recursion/relative.rxt:139	byte	0/0	0/0	0/0	vm	vm		
corpus	tests/recursion/relative.rxt:151	byte	None			refused	refused		pcrec: a relative reference of zero is not allowed (pattern offset 3)
corpus	tests/recursion/relative.rxt:157	byte	None			refused	refused		pcrec: a relative reference of zero is not allowed (pattern offset 3)
corpus	tests/recursion/relative.rxt:163	byte	None			refused	refused		pcrec: a relative reference of zero is not allowed (pattern offset 3)
corpus	tests/recursion/relative.rxt:169	byte	None			refused	refused		pcrec: a relative reference of zero is not allowed (pattern offset 3)
corpus	tests/recursion/slotfamilies.rxt:44	byte	0/1	0/1	0/1	vm	vm	bytes-eq/end-eq=1	
corpus	tests/recursion/slotfamilies.rxt:56	byte	0/1	0/1	0/1	vm	vm	bytes-eq/end-eq=2	
corpus	tests/recursion/slotfamilies.rxt:67	byte	0/1	0/1	0/1	vm	vm	bytes-eq/end-eq=1	
corpus	tests/recursion/slotfamilies.rxt:79	byte	0/4	0/4	0/4	vm	vm	bytes-eq/end-eq=4	
corpus	tests/recursion/slotfamilies.rxt:96	byte	0/3	0/3	0/3	vm	vm	bytes-eq/end-eq=3	
corpus	tests/recursion/slotfamilies.rxt:111	byte	0/2	0/2	0/2	vm	vm	bytes-eq/end-eq=2	
corpus	tests/recursion/spellings.rxt:69	byte	0/0	0/0	0/0	vm	vm		
corpus	tests/recursion/spellings.rxt:75	byte	0/0	0/0	0/0	vm	vm		
corpus	tests/recursion/spellings.rxt:81	byte	0/0	0/0	0/0	vm	vm		
corpus	tests/recursion/spellings.rxt:99	byte	0/0	0/0	0/0	vm	vm		
corpus	tests/recursion/spellings.rxt:105	byte	0/0	0/0	0/0	vm	vm		
corpus	tests/recursion/zerodef.rxt:56	byte	0/1	0/1	0/1	vm	vm	bytes-eq/end-eq=1	
corpus	tests/recursion/zerodef.rxt:66	byte	0/3	0/3	0/3	vm	vm	bytes-eq/end-eq=3	
corpus	tests/recursion/zerodef.rxt:73	byte	0/3	0/3	0/3	vm	vm	bytes-eq/end-eq=3	
corpus	tests/recursion/zerodef.rxt:80	byte	1/3	1/3	1/3	vm	vm	bytes-eq/end-eq=6	
corpus	tests/recursion/zerodef.rxt:97	byte	0/1	0/1	0/1	vm	vm	bytes-eq/end-eq=2	
corpus	tests/recursion/zerodef.rxt:104	byte	0/1	0/1	0/1	vm	vm	bytes-eq/end-eq=2	
corpus	tests/recursion/zerodef.rxt:114	byte	0/3	0/3	0/3	dfa	dfa	bytes-eq/end-eq=3	
corpus	tests/recursion/zerodef.rxt:120	byte	0/3	0/3	0/3	dfa	dfa	bytes-eq/end-eq=3	
corpus	tests/recursion/zerodef.rxt:126	byte	0/3	0/3	0/3	vm	vm	bytes-eq/end-eq=3	
corpus	tests/rungselect/revdet_highbytes.rxt:54	byte	1/1	1/1	1/1	vm	vm	bytes-eq/end-eq=2	
corpus	tests/rungselect/revdet_highbytes.rxt:74	byte	1/1	1/1	1/1	vm	vm	bytes-eq/end-eq=2	
corpus	tests/rungselect/revdet_highbytes.rxt:100	byte	1/1	1/1	1/1	vm	vm	bytes-eq/end-eq=2	
corpus	tests/rungselect/revdet_highbytes.rxt:119	byte	1/1	1/1	1/1	vm	vm	bytes-eq/end-eq=2	
corpus	tests/rungselect/revdet_highbytes.rxt:134	byte	1/1	1/1	1/1	vm	vm	bytes-eq/end-eq=2	
corpus	tests/rungselect/revdet_highbytes.rxt:157	byte	1/1	1/1	1/1	vm	vm	bytes-eq/end-eq=2	
corpus	tests/rungselect/revdet_highbytes.rxt:180	byte	1/1	1/1	1/1	vm	vm	bytes-eq/end-eq=2	
corpus	tests/rungselect/rungselect.rxt:40	byte	1/1	1/1	1/1	vm	vm	bytes-eq/end-eq=2	
corpus	tests/rungselect/rungselect.rxt:135	byte	0/1	0/1	0/1	vm	vm	bytes-eq/end-eq=1	
corpus	tests/rungselect/rungselect.rxt:254	byte	0/1	0/1	0/1	vm	vm	bytes-eq/end-eq=1	
corpus	tests/rungselect/rungselect.rxt:371	byte	1/1	1/1	1/1	vm	vm	bytes-eq/end-eq=2	
corpus	tests/rungselect/rungselect.rxt:460	byte	1/1	1/1	1/1	vm	vm	bytes-eq/end-eq=2	
corpus	tests/rungselect/rungselect.rxt:545	byte	1/1	1/1	1/1	vm	vm	bytes-eq/end-eq=2	
corpus	tests/rungselect/rungselect.rxt:619	byte	1/1	1/1	1/1	vm	vm	bytes-eq/end-eq=2	
corpus	tests/rungselect/rungselect.rxt:711	byte	0/1	0/1	0/1	vm	vm	bytes-eq/end-eq=1	
corpus	tests/rungselect/rungselect.rxt:808	byte	1/1	1/1	1/1	vm	vm	bytes-eq/end-eq=2	
corpus	tests/rungselect/rungselect.rxt:869	byte	1/1	1/1	1/1	vm	vm	bytes-eq/end-eq=2	
corpus	tests/rungselect/rungselect.rxt:927	byte	1/1	1/1	1/1	vm	vm	bytes-eq/end-eq=2	
corpus	tests/rungselect/rungselect.rxt:972	byte	1/1	1/1	1/1	vm	vm	bytes-eq/end-eq=2	
corpus	tests/rungselect/rungselect.rxt:1021	byte	0/1	0/1	0/1	vm	vm	bytes-eq/end-eq=1	
corpus	tests/rungselect/rungselect.rxt:1070	byte	0/2	0/2	0/2	vm	vm	bytes-eq/end-eq=2	
corpus	tests/rungselect/rungselect.rxt:1119	byte	0/1	0/1	0/1	vm	vm	bytes-eq/end-eq=1	
corpus	tests/rungselect/rungselect.rxt:1170	byte	1/2	1/2	1/2	vm	vm	bytes-eq/end-eq=4	
corpus	tests/rungselect/rungselect.rxt:1220	byte	2/3	2/3	2/3	vm	vm	bytes-eq/end-eq=6	
corpus	tests/rungselect/rungselect.rxt:1269	byte	2/2	2/2	2/2	vm	vm	bytes-eq/end-eq=4	
corpus	tests/rungselect/rungselect.rxt:1362	byte	1/1	1/1	1/1	vm	vm	bytes-eq/end-eq=2	
corpus	tests/rungselect/rungselect.rxt:1482	byte	2/2	2/2	2/2	vm	vm	bytes-eq/end-eq=4	
corpus	tests/rungselect/rungselect.rxt:1529	byte	2/2	2/2	2/2	vm	vm	bytes-eq/end-eq=4	
corpus	tests/rungselect/rungselect.rxt:1555	byte	1/1	1/1	1/1	vm	vm	bytes-eq/end-eq=2	
corpus	tests/rungselect/rungselect.rxt:1603	byte	1/1	1/1	1/1	vm	vm	bytes-eq/end-eq=2	
corpus	tests/rungselect/rungselect.rxt:1695	byte	1/1	1/1	1/1	vm	vm	bytes-eq/end-eq=2	
corpus	tests/rungselect/rungselect.rxt:1785	byte	0/2	0/2	0/2	vm	vm	bytes-eq/end-eq=2	
corpus	tests/rungselect/rungselect.rxt:1833	byte	0/2	0/2	0/2	vm	vm	bytes-eq/end-eq=2	
corpus	tests/rungselect/rungselect.rxt:1887	byte	0/1	0/1	0/1	vm	vm	bytes-eq/end-eq=1	
corpus	tests/rungselect/rungselect.rxt:2060	byte	0/1	0/1	0/1	vm	vm	bytes-eq/end-eq=1	
corpus	tests/rungselect/rungselect.rxt:2110	byte	1/1	1/1	1/1	vm	vm	bytes-eq/end-eq=2	
corpus	tests/size/size_term.rxt:32	byte	1/6	1/6	1/6	refused	refused	bytes-eq/end-eq=84	
corpus	tests/startset/dfahat.rxt:180	byte	0/0	0/0	0/0	dfa	dfa		
corpus	tests/startset/dfahat.rxt:216	byte	0/0	0/0	0/0	dfa	dfa		
corpus	tests/startset/dfahat.rxt:250	byte	0/0	0/0	0/0	dfa	dfa		
corpus	tests/startset/dfahat.rxt:275	byte	0/0	0/0	0/0	dfa	dfa		
corpus	tests/startset/dfahat.rxt:316	byte	0/0	0/0	0/0	dfa	dfa		
corpus	tests/startset/dfahat.rxt:350	byte	0/0	0/0	0/0	vm	vm		
corpus	tests/startset/dfahat.rxt:392	byte	0/0	0/0	0/0	vm	vm		
corpus	tests/startset/dfahat.rxt:437	byte	0/0	0/0	0/0	vm	vm		
corpus	tests/startset/dfahat.rxt:481	byte	0/0	0/0	0/0	vm	vm		
corpus	tests/startset/dfahat.rxt:522	byte	0/0	0/0	0/0	vm	vm		
corpus	tests/startset/dfahat.rxt:561	byte	0/0	0/0	0/0	vm	vm		
corpus	tests/startset/dfahat.rxt:730	byte	0/0	0/0	0/0	dfa	dfa		
corpus	tests/startset/dfahat.rxt:773	byte	0/0	0/0	0/0	dfa	dfa		
corpus	tests/startset/dfahat.rxt:838	byte	0/0	0/0	0/0	dfa	dfa		
corpus	tests/startset/dfahat.rxt:879	byte	0/0	0/0	0/0	dfa	dfa		
corpus	tests/startset/dfahat.rxt:909	byte	0/0	0/0	0/0	dfa	dfa		
corpus	tests/startset/dfahat.rxt:998	byte	0/0	0/0	0/0	dfa	dfa		
corpus	tests/startset/dfahat.rxt:1074	byte	2/2	2/2	2/2	dfa	dfa	bytes-eq/end-eq=4	
corpus	tests/startset/dfahat.rxt:1178	byte	0/0	0/0	0/0	dfa	dfa		
corpus	tests/startset/dfahat.rxt:1203	byte	0/0	0/0	0/0	dfa	dfa		
corpus	tests/startset/dfahat.rxt:1260	byte	0/0	0/0	0/0	dfa	dfa		
corpus	tests/startset/dfahat.rxt:1300	byte	0/0	0/0	0/0	dfa	dfa		
corpus	tests/startset/dfahat.rxt:1357	byte	0/0	0/0	0/0	dfa	dfa		
corpus	tests/startset/dfahat.rxt:1383	byte	0/0	0/0	0/0	dfa	dfa		
corpus	tests/startset/dfahat.rxt:1416	utf8	0/0	0/0	0/0	vm	vm		
corpus	tests/startset/dfahat.rxt:1449	utf8	0/0	0/0	0/0	dfa	dfa		
corpus	tests/startset/dfahat.rxt:1479	utf8	0/0	0/0	0/0	dfa	dfa		
corpus	tests/startset/dfahat.rxt:1516	utf8	0/0	0/0	0/0	dfa	dfa		
corpus	tests/startset/dfahat.rxt:1542	utf8	0/0	0/0	0/0	dfa	dfa		
corpus	tests/startset/dfahat_f1.rxt:14	byte	1/1	1/1	1/1	dfa	dfa	bytes-eq/end-eq=2	
corpus	tests/startset/dfahat_f1.rxt:56	byte	1/1	1/1	1/1	dfa	dfa	bytes-eq/end-eq=2	
corpus	tests/startset/dfahat_f1.rxt:87	byte	1/1	1/1	1/1	dfa	dfa	bytes-eq/end-eq=2	
corpus	tests/startset/dfahat_f1.rxt:140	byte	1/1	1/1	1/1	dfa	dfa	bytes-eq/end-eq=2	
corpus	tests/startset/dfahat_f1.rxt:167	byte	1/1	1/1	1/1	dfa	dfa	bytes-eq/end-eq=2	
corpus	tests/startset/dfahat_f1.rxt:201	byte	1/1	1/1	1/1	vm	vm	bytes-eq/end-eq=2	
corpus	tests/startset/dfahat_f1.rxt:232	byte	1/1	1/1	1/1	dfa	dfa	bytes-eq/end-eq=2	
corpus	tests/startset/dfahat_f1.rxt:256	byte	1/2	1/2	1/2	dfa	dfa	bytes-eq/end-eq=4	
corpus	tests/startset/dfahat_f1.rxt:285	byte	2/2	2/2	2/2	dfa	dfa	bytes-eq/end-eq=4	
corpus	tests/startset/dfahat_f1.rxt:312	byte	1/1	1/1	1/1	dfa	dfa	bytes-eq/end-eq=2	
corpus	tests/startset/dfahat_f1.rxt:337	byte	1/1	1/1	1/1	dfa	dfa	bytes-eq/end-eq=2	
corpus	tests/startset/dfahat_f1.rxt:362	byte	1/1	1/1	1/1	dfa	dfa	bytes-eq/end-eq=2	
corpus	tests/startset/dfahat_paths.rxt:16	byte	0/0	0/0	0/0	dfa	dfa		
corpus	tests/startset/dfahat_paths.rxt:37	byte	0/0	0/0	0/0	dfa	dfa		
corpus	tests/startset/giveup.rxt:16	byte	0/0	0/0	0/0	vm	vm		
corpus	tests/startset/hybrid.rxt:17	byte	0/0	0/0	0/0	vm	vm		
corpus	tests/startset/hybrid.rxt:79	byte	0/0	0/0	0/0	vm	vm		
corpus	tests/startset/hybrid.rxt:112	byte	0/1	0/1	0/1	vm	vm	bytes-eq/end-eq=1	
corpus	tests/startset/hybrid.rxt:179	byte	0/1	0/1	0/1	vm	vm	bytes-eq/end-eq=1	
corpus	tests/startset/hybrid.rxt:230	byte	1/1	1/1	1/1	vm	vm	bytes-eq/end-eq=2	
corpus	tests/startset/hybrid.rxt:280	byte	0/1	1/1	1/1	vm	vm	bytes-eq/end-eq=2	
corpus	tests/startset/reseed.rxt:15	byte	0/0	0/0	0/0	dfa	dfa		
corpus	tests/startset/reseed.rxt:54	byte	0/0	0/0	0/0	dfa	dfa		
corpus	tests/startset/reseed.rxt:86	byte	0/0	0/0	0/0	dfa	dfa		
corpus	tests/startset/reseed.rxt:117	byte	0/0	0/0	0/0	dfa	dfa		
corpus	tests/startset/reseed.rxt:152	byte	0/0	0/0	0/0	dfa	dfa		
corpus	tests/startset/reseed.rxt:176	byte	0/0	0/0	0/0	dfa	dfa		
corpus	tests/startset/reseed.rxt:216	byte	0/0	0/0	0/0	dfa	dfa		
corpus	tests/startset/reseed.rxt:250	byte	0/0	0/0	0/0	vm	vm		
corpus	tests/startset/reseed.rxt:283	byte	0/0	0/0	0/0	dfa	dfa		
corpus	tests/startset/vmhat.rxt:15	byte	0/1	0/1	0/1	vm	vm	bytes-eq/end-eq=1	
corpus	tests/startset/vmhat.rxt:54	byte	0/0	0/0	0/0	vm	vm		
corpus	tests/startset/vmhat.rxt:98	byte	0/0	0/0	0/0	vm	vm		
corpus	tests/startset/vmhat.rxt:118	byte	0/0	0/0	0/0	vm	vm		
corpus	tests/startset/vmhat.rxt:153	byte	0/0	0/0	0/0	vm	vm		
corpus	tests/startset/vmhat.rxt:181	byte	0/0	0/0	0/0	vm	vm		
corpus	tests/startset/vmhat.rxt:209	byte	0/1	0/1	0/1	vm	vm	bytes-eq/end-eq=1	
corpus	tests/startset/vmhat.rxt:243	byte	0/1	0/1	0/1	vm	vm	bytes-eq/end-eq=1	
corpus	tests/startset/vmhat.rxt:269	byte	0/0	0/0	0/0	vm	vm		
corpus	tests/startset/vmhat.rxt:314	utf8	0/0	0/0	0/0	vm	vm		
corpus	tests/startset/vmhat.rxt:350	byte	0/0	0/0	0/0	vm	vm		
corpus	tests/startset/vmhat.rxt:381	byte	1/2	2/2	2/2	vm	vm	bytes-eq/end-eq=4	
corpus	tests/startset/vmhat.rxt:427	byte	0/0	0/0	0/0	vm	vm		
corpus	tests/startset/vmhat.rxt:452	byte	0/0	0/0	0/0	dfa	dfa		
corpus	tests/startset/vmhat.rxt:486	byte	0/0	0/0	0/0	dfa	dfa		
corpus	tests/startset/vmhat.rxt:525	byte	2/2	2/2	2/2	dfa	dfa	bytes-eq/end-eq=4	
corpus	tests/startset/vmhat_walk.rxt:12	byte	0/0	0/0	0/0	vm	vm		
corpus	tests/ucp/byte.rxt:17	byte	0/0	0/0	0/0	dfa	dfa		
corpus	tests/ucp/byte.rxt:45	byte	0/0	0/0	0/0	dfa	dfa		
corpus	tests/ucp/byte.rxt:73	byte	0/0	0/0	0/0	dfa	dfa		
corpus	tests/ucp/byte.rxt:101	byte	0/0	0/0	0/0	dfa	dfa		
corpus	tests/ucp/byte.rxt:129	byte	0/0	0/0	0/0	dfa	dfa		
corpus	tests/ucp/byte.rxt:157	byte	0/0	0/0	0/0	dfa	dfa		
corpus	tests/ucp/byte.rxt:185	byte	0/0	0/0	0/0	dfa	dfa		
corpus	tests/ucp/byte.rxt:213	byte	0/0	0/0	0/0	dfa	dfa		
corpus	tests/ucp/byte.rxt:241	byte	0/0	0/0	0/0	dfa	dfa		
corpus	tests/ucp/byte.rxt:269	byte	0/0	0/0	0/0	dfa	dfa		
corpus	tests/ucp/byte.rxt:297	byte	0/0	0/0	0/0	dfa	dfa		
corpus	tests/ucp/byte.rxt:325	byte	0/0	0/0	0/0	dfa	dfa		
corpus	tests/ucp/byte.rxt:353	byte	0/0	0/0	0/0	dfa	dfa		
corpus	tests/ucp/byte.rxt:381	byte	0/0	0/0	0/0	dfa	dfa		
corpus	tests/ucp/byte.rxt:409	byte	0/0	0/0	0/0	dfa	dfa		
corpus	tests/ucp/byte.rxt:437	byte	0/0	0/0	0/0	dfa	dfa		
corpus	tests/ucp/byte.rxt:465	byte	0/0	0/0	0/0	dfa	dfa		
corpus	tests/ucp/byte.rxt:493	byte	0/0	0/0	0/0	dfa	dfa		
corpus	tests/ucp/byte.rxt:521	byte	0/0	0/0	0/0	dfa	dfa		
corpus	tests/ucp/byte.rxt:549	byte	0/0	0/0	0/0	dfa	dfa		
corpus	tests/ucp/byte.rxt:577	byte	0/0	0/0	0/0	dfa	dfa		
corpus	tests/ucp/byte.rxt:605	byte	0/0	0/0	0/0	dfa	dfa		
corpus	tests/ucp/byte.rxt:633	byte	0/0	0/0	0/0	dfa	dfa		
corpus	tests/ucp/byte.rxt:661	byte	0/0	0/0	0/0	dfa	dfa		
corpus	tests/ucp/byte.rxt:689	byte	0/0	0/0	0/0	dfa	dfa		
corpus	tests/ucp/byte.rxt:717	byte	0/0	0/0	0/0	dfa	dfa		
corpus	tests/ucp/byte.rxt:745	byte	0/0	0/0	0/0	dfa	dfa		
corpus	tests/ucp/byte.rxt:773	byte	0/0	0/0	0/0	dfa	dfa		
corpus	tests/ucp/byte.rxt:801	byte	0/0	0/0	0/0	dfa	dfa		
corpus	tests/ucp/byte.rxt:829	byte	0/0	0/0	0/0	dfa	dfa		
corpus	tests/ucp/byte.rxt:857	byte	0/0	0/0	0/0	dfa	dfa		
corpus	tests/ucp/caseless.rxt:17	utf8	0/0	0/0	0/0	dfa	dfa		
corpus	tests/ucp/caseless.rxt:33	utf8	0/0	0/0	0/0	dfa	dfa		
corpus	tests/ucp/caseless.rxt:49	utf8	0/0	0/0	0/0	dfa	dfa		
corpus	tests/ucp/caseless.rxt:65	utf8	0/0	0/0	0/0	dfa	dfa		
corpus	tests/ucp/caseless.rxt:81	utf8	0/0	0/0	0/0	dfa	dfa		
corpus	tests/ucp/caseless.rxt:97	utf8	0/0	0/0	0/0	dfa	dfa		
corpus	tests/ucp/caseless.rxt:113	utf8	0/0	0/0	0/0	dfa	dfa		
corpus	tests/ucp/caseless.rxt:129	utf8	0/0	0/0	0/0	dfa	dfa		
corpus	tests/ucp/caseless.rxt:145	utf8	0/0	0/0	0/0	dfa	dfa		
corpus	tests/ucp/caseless.rxt:161	utf8	0/0	0/0	0/0	dfa	dfa		
corpus	tests/ucp/caseless.rxt:177	utf8	0/0	0/0	0/0	dfa	dfa		
corpus	tests/ucp/caseless.rxt:193	utf8	0/0	0/0	0/0	dfa	dfa		
corpus	tests/ucp/ctxnode.rxt:27	byte	1/3	2/3	2/3	dfa	dfa	bytes-eq/end-eq=6	
corpus	tests/ucp/ctxnode.rxt:41	byte	0/0	0/0	0/0	dfa	dfa		
corpus	tests/ucp/ctxnode.rxt:57	byte	0/0	0/0	0/0	dfa	dfa		
corpus	tests/ucp/ctxnode.rxt:72	byte	0/1	0/1	0/1	dfa	dfa	bytes-eq/end-eq=1	
corpus	tests/ucp/ctxnode.rxt:82	utf8	1/3	2/3	2/3	dfa	dfa	bytes-eq/end-eq=6	
corpus	tests/ucp/ctxnode.rxt:96	utf8	0/0	0/0	0/0	dfa	dfa		
corpus	tests/ucp/ctxnode.rxt:112	utf8	0/0	0/0	0/0	dfa	dfa		
corpus	tests/ucp/ctxnode.rxt:127	utf8	0/1	0/1	0/1	dfa	dfa	bytes-eq/end-eq=1	
corpus	tests/ucp/ctxnode.rxt:138	byte	0/0	0/0	0/0	dfa	dfa		
corpus	tests/ucp/ctxnode.rxt:146	byte	0/0	0/0	0/0	dfa	dfa		
corpus	tests/ucp/ctxnode.rxt:154	byte	1/1	1/1	1/1	dfa	dfa	bytes-eq/end-eq=2	
corpus	tests/ucp/ctxnode.rxt:162	byte	0/0	0/0	0/0	dfa	dfa		
corpus	tests/ucp/ctxnode.rxt:170	byte	0/0	0/0	0/0	dfa	dfa		
corpus	tests/ucp/ctxnode.rxt:178	byte	0/0	0/0	0/0	dfa	dfa		
corpus	tests/ucp/ctxnode.rxt:206	byte	0/0	0/0	0/0	dfa	dfa		
corpus	tests/ucp/ctxnode.rxt:213	byte	0/1	0/1	0/1	dfa	dfa	bytes-eq/end-eq=1	
corpus	tests/ucp/ctxnode.rxt:219	byte	0/1	0/1	0/1	dfa	dfa	bytes-eq/end-eq=1	
corpus	tests/ucp/ctxnode.rxt:225	byte	0/0	0/0	0/0	dfa	dfa		
corpus	tests/ucp/ctxnode.rxt:232	byte	0/0	0/0	0/0	dfa	dfa		
corpus	tests/ucp/ctxnode.rxt:238	byte	0/0	0/0	0/0	dfa	dfa		
corpus	tests/ucp/ctxnode.rxt:246	byte	0/0	0/0	0/0	dfa	dfa		
corpus	tests/ucp/ctxnode.rxt:267	byte	0/0	0/0	0/0	vm	vm		
corpus	tests/ucp/ctxnode.rxt:274	byte	0/0	0/0	0/0	vm	vm		
corpus	tests/ucp/ctxnode.rxt:280	byte	0/0	0/0	0/0	vm	vm		
corpus	tests/ucp/ctxnode.rxt:288	byte	0/0	0/0	0/0	vm	vm		
corpus	tests/ucp/ctxnode.rxt:313	byte	0/0	0/0	0/0	dfa	dfa		
corpus	tests/ucp/ctxnode.rxt:321	byte	0/0	0/0	0/0	dfa	dfa		
corpus	tests/ucp/ctxnode.rxt:329	byte	0/0	0/0	0/0	dfa	dfa		
corpus	tests/ucp/ctxnode.rxt:336	byte	0/1	1/1	1/1	dfa	dfa	bytes-eq/end-eq=2	
corpus	tests/ucp/ctxnode.rxt:346	byte	0/0	0/0	0/0	dfa	dfa		
corpus	tests/ucp/ctxnode.rxt:354	byte	0/0	0/0	0/0	dfa	dfa		
corpus	tests/ucp/ctxnode.rxt:361	byte	0/0	0/0	0/0	dfa	dfa		
corpus	tests/ucp/ctxnode.rxt:367	byte	0/0	0/0	0/0	dfa	dfa		
corpus	tests/ucp/ctxnode.rxt:375	byte	0/0	0/0	0/0	dfa	dfa		
corpus	tests/ucp/ctxnode.rxt:384	byte	0/0	0/0	0/0	dfa	dfa		
corpus	tests/ucp/ctxnode.rxt:392	byte	0/0	0/0	0/0	vm	vm		
corpus	tests/ucp/ctxnode.rxt:410	byte	0/0	0/0	0/0	vm	vm		
corpus	tests/ucp/ctxnode.rxt:420	byte	0/0	0/0	0/0	dfa	dfa		
corpus	tests/ucp/knobs.rxt:16	utf8	0/0	0/0	0/0	dfa	dfa		
corpus	tests/ucp/knobs.rxt:30	utf8	0/0	0/0	0/0	dfa	dfa		
corpus	tests/ucp/knobs.rxt:44	utf8	0/0	0/0	0/0	dfa	dfa		
corpus	tests/ucp/knobs.rxt:58	utf8	0/0	0/0	0/0	dfa	dfa		
corpus	tests/ucp/knobs.rxt:72	utf8	0/0	0/0	0/0	dfa	dfa		
corpus	tests/ucp/knobs.rxt:86	utf8	0/0	0/0	0/0	dfa	dfa		
corpus	tests/ucp/knobs.rxt:100	utf8	0/0	0/0	0/0	dfa	dfa		
corpus	tests/ucp/knobs.rxt:114	utf8	0/0	0/0	0/0	dfa	dfa		
corpus	tests/ucp/knobs.rxt:128	utf8	0/0	0/0	0/0	dfa	dfa		
corpus	tests/ucp/knobs.rxt:142	utf8	0/0	0/0	0/0	dfa	dfa		
corpus	tests/ucp/knobs.rxt:156	utf8	0/0	0/0	0/0	dfa	dfa		
corpus	tests/ucp/knobs.rxt:170	utf8	0/0	0/0	0/0	dfa	dfa		
corpus	tests/ucp/knobs.rxt:184	utf8	0/0	0/0	0/0	dfa	dfa		
corpus	tests/ucp/knobs.rxt:198	utf8	0/0	0/0	0/0	dfa	dfa		
corpus	tests/ucp/knobs.rxt:212	utf8	0/0	0/0	0/0	dfa	dfa		
corpus	tests/ucp/knobs.rxt:226	utf8	0/0	0/0	0/0	dfa	dfa		
corpus	tests/ucp/knobs.rxt:240	utf8	0/0	0/0	0/0	dfa	dfa		
corpus	tests/ucp/knobs.rxt:254	utf8	0/0	0/0	0/0	dfa	dfa		
corpus	tests/ucp/knobs.rxt:268	utf8	1/1	1/1	1/1	dfa	dfa	bytes-eq/end-eq=2	
corpus	tests/ucp/knobs.rxt:282	utf8	0/0	0/0	0/0	dfa	dfa		
corpus	tests/ucp/knobs.rxt:296	utf8	0/0	0/0	0/0	dfa	dfa		
corpus	tests/ucp/knobs.rxt:310	utf8	1/1	1/1	1/1	dfa	dfa	bytes-eq/end-eq=2	
corpus	tests/ucp/knobs.rxt:324	utf8	0/0	0/0	0/0	dfa	dfa		
corpus	tests/ucp/knobs.rxt:338	utf8	0/0	0/0	0/0	dfa	dfa		
corpus	tests/ucp/knobs.rxt:352	utf8	0/0	0/0	0/0	dfa	dfa		
corpus	tests/ucp/knobs.rxt:366	utf8	0/0	0/0	0/0	dfa	dfa		
corpus	tests/ucp/knobs.rxt:381	utf8	0/0	0/0	0/0	dfa	dfa		
corpus	tests/ucp/knobs.rxt:390	utf8	0/0	0/0	0/0	dfa	dfa		
corpus	tests/ucp/knobs.rxt:399	utf8	0/0	0/0	0/0	dfa	dfa		
corpus	tests/ucp/refusals.rxt:17	utf8	None			refused	refused		pcrec: UCP \w is a wide set (930 intervals) and is refused under encoding 'utf8' until a kit-sized class route exists ([
corpus	tests/ucp/refusals.rxt:22	utf8	None			refused	refused		pcrec: UCP \W is a wide set (930 intervals) and is refused under encoding 'utf8' until a kit-sized class route exists ([
corpus	tests/ucp/refusals.rxt:27	utf8	None			refused	refused		pcrec: UCP \w is a wide set (930 intervals) and is refused under encoding 'utf8' until a kit-sized class route exists ([
corpus	tests/ucp/refusals.rxt:32	utf8	None			refused	refused		pcrec: UCP \W is a wide set (930 intervals) and is refused under encoding 'utf8' until a kit-sized class route exists ([
corpus	tests/ucp/refusals.rxt:37	utf8	None			refused	refused		pcrec: UCP [:alpha:] is a wide set (677 intervals) and is refused under encoding 'utf8' until a kit-sized class route ex
corpus	tests/ucp/refusals.rxt:42	utf8	None			refused	refused		pcrec: UCP [:^alnum:] is a wide set (770 intervals) and is refused under encoding 'utf8' until a kit-sized class route e
corpus	tests/ucp/refusals.rxt:47	utf8	None			refused	refused		pcrec: UCP [:word:] is a wide set (930 intervals) and is refused under encoding 'utf8' until a kit-sized class route exi
corpus	tests/ucp/refusals.rxt:52	utf8	None			refused	refused		pcrec: UCP [:lower:] is a wide set (662 intervals) and is refused under encoding 'utf8' until a kit-sized class route ex
corpus	tests/ucp/refusals.rxt:57	utf8	None			refused	refused		pcrec: UCP [:upper:] is a wide set (651 intervals) and is refused under encoding 'utf8' until a kit-sized class route ex
corpus	tests/ucp/refusals.rxt:62	utf8	None			refused	refused		pcrec: UCP [:graph:] is a wide set (737 intervals) and is refused under encoding 'utf8' until a kit-sized class route ex
corpus	tests/ucp/refusals.rxt:67	utf8	None			refused	refused		pcrec: UCP [:print:] is a wide set (732 intervals) and is refused under encoding 'utf8' until a kit-sized class route ex
corpus	tests/ucp/refusals.rxt:72	utf8	None			refused	refused		pcrec: UCP [:punct:] is a wide set (193 intervals) and is refused under encoding 'utf8' until a kit-sized class route ex
corpus	tests/ucp/refusals.rxt:77	utf8	None			refused	refused		pcrec: UCP [:word:] is a wide set (930 intervals) and is refused under encoding 'utf8' until a kit-sized class route exi
corpus	tests/ucp/refusals.rxt:82	utf8	None			refused	refused		pcrec: UCP \w is a wide set (930 intervals) and is refused under encoding 'utf8' until a kit-sized class route exists ([
corpus	tests/ucp/refusals.rxt:87	utf8	1/1	1/1	1/1	dfa	dfa	bytes-eq/end-eq=2	
corpus	tests/ucp/refusals.rxt:93	utf8	None			refused	refused		pcrec: UCP \b is not built yet under encoding 'utf8': it reads the Unicode word set, which is not byte-expressible, and 
corpus	tests/ucp/refusals.rxt:99	utf8	None			refused	refused		pcrec: UCP \B is not built yet under encoding 'utf8': it reads the Unicode word set, which is not byte-expressible, and 
corpus	tests/ucp/refusals.rxt:105	byte	0/0	0/0	0/0	dfa	dfa		
corpus	tests/ucp/refusals.rxt:112	byte	None			refused	refused		pcrec: (*UTF) requires --encoding=utf8 (pattern offset 0)
corpus	tests/ucp/refusals.rxt:118	utf8	None			refused	refused		pcrec: (*VERB) not recognized or malformed (pattern offset 1)
corpus	tests/ucp/refusals.rxt:123	utf8	None			refused	refused		pcrec: quantifier does not follow a repeatable item (pattern offset 6)
corpus	tests/ucp/sets_utf8.rxt:16	utf8	0/0	0/0	0/0	dfa	dfa		
corpus	tests/ucp/sets_utf8.rxt:36	utf8	1/1	1/1	1/1	dfa	dfa	bytes-eq/end-eq=2	
corpus	tests/ucp/sets_utf8.rxt:56	utf8	0/0	0/0	0/0	dfa	dfa		
corpus	tests/ucp/sets_utf8.rxt:76	utf8	0/0	0/0	0/0	dfa	dfa		
corpus	tests/ucp/sets_utf8.rxt:96	utf8	1/1	1/1	1/1	dfa	dfa	bytes-eq/end-eq=2	
corpus	tests/ucp/sets_utf8.rxt:116	utf8	1/1	1/1	1/1	dfa	dfa	bytes-eq/end-eq=2	
corpus	tests/ucp/sets_utf8.rxt:136	utf8	1/1	1/1	1/1	dfa	dfa	bytes-eq/end-eq=2	
corpus	tests/ucp/sets_utf8.rxt:156	utf8	0/0	0/0	0/0	dfa	dfa		
corpus	tests/ucp/sets_utf8.rxt:176	utf8	1/1	1/1	1/1	dfa	dfa	bytes-eq/end-eq=2	
corpus	tests/ucp/sets_utf8.rxt:196	utf8	0/0	0/0	0/0	dfa	dfa		
corpus	tests/ucp/sets_utf8.rxt:216	utf8	0/0	0/0	0/0	dfa	dfa		
corpus	tests/ucp/sets_utf8.rxt:236	utf8	0/0	0/0	0/0	dfa	dfa		
corpus	tests/ucp/sets_utf8.rxt:256	utf8	1/1	1/1	1/1	dfa	dfa	bytes-eq/end-eq=2	
corpus	tests/ucp/sets_utf8.rxt:276	utf8	0/0	0/0	0/0	dfa	dfa		
corpus	tests/ucp/sets_utf8.rxt:296	utf8	1/1	1/1	1/1	dfa	dfa	bytes-eq/end-eq=2	
corpus	tests/ucp/sets_utf8.rxt:316	utf8	0/0	0/0	0/0	dfa	dfa		
corpus	tests/ucp/sets_utf8.rxt:336	utf8	0/0	0/0	0/0	dfa	dfa		
corpus	tests/ucp/sets_utf8.rxt:356	utf8	0/0	0/0	0/0	dfa	dfa		
corpus	tests/ucp/sets_utf8.rxt:376	utf8	0/0	0/0	0/0	dfa	dfa		
corpus	tests/ucp/sets_utf8.rxt:397	utf8	1/1	1/1	1/1	dfa	dfa	bytes-eq/end-eq=2	
corpus	tests/ucp/sets_utf8.rxt:419	utf8	1/1	1/1	1/1	dfa	dfa	bytes-eq/end-eq=2	
corpus	tests/ucp/sets_utf8.rxt:441	utf8	0/0	0/0	0/0	dfa	dfa		
corpus	tests/ucp/sets_utf8.rxt:463	utf8	0/0	0/0	0/0	dfa	dfa		
corpus	tests/uprops/size_ladder_prefilter_drop.rxt:15	utf8	0/0	0/0	0/0	vm	vm		
corpus	tests/utf8/axis01_encoded_length.rxt:20	utf8	0/0	0/0	0/0	dfa	dfa		
corpus	tests/utf8/axis01_encoded_length.rxt:33	utf8	0/0	0/0	0/0	dfa	dfa		
corpus	tests/utf8/axis01_encoded_length.rxt:46	utf8	0/0	0/0	0/0	dfa	dfa		
corpus	tests/utf8/axis01_encoded_length.rxt:59	utf8	1/1	1/1	1/1	dfa	dfa	bytes-eq/end-eq=2	
corpus	tests/utf8/axis01_encoded_length.rxt:72	utf8	0/0	0/0	0/0	dfa	dfa		
corpus	tests/utf8/axis01_encoded_length.rxt:85	utf8	0/0	0/0	0/0	dfa	dfa		
corpus	tests/utf8/axis01_encoded_length.rxt:98	utf8	0/0	0/0	0/0	dfa	dfa		
corpus	tests/utf8/axis01_encoded_length.rxt:111	utf8	1/1	1/1	1/1	dfa	dfa	bytes-eq/end-eq=2	
corpus	tests/utf8/axis01_encoded_length.rxt:124	utf8	0/0	0/0	0/0	dfa	dfa		
corpus	tests/utf8/axis01_encoded_length.rxt:137	utf8	0/0	0/0	0/0	dfa	dfa		
corpus	tests/utf8/axis01_encoded_length.rxt:150	utf8	1/1	1/1	1/1	dfa	dfa	bytes-eq/end-eq=2	
corpus	tests/utf8/axis01_encoded_length.rxt:163	utf8	1/1	1/1	1/1	dfa	dfa	bytes-eq/end-eq=2	
corpus	tests/utf8/axis01_encoded_length.rxt:176	utf8	1/1	1/1	1/1	dfa	dfa	bytes-eq/end-eq=2	
corpus	tests/utf8/axis01_encoded_length.rxt:189	utf8	1/1	1/1	1/1	dfa	dfa	bytes-eq/end-eq=2	
corpus	tests/utf8/axis01_encoded_length.rxt:202	utf8	0/0	0/0	0/0	dfa	dfa		
corpus	tests/utf8/axis01_encoded_length.rxt:215	utf8	0/0	0/0	0/0	dfa	dfa		
corpus	tests/utf8/axis01_encoded_length.rxt:228	utf8	0/0	0/0	0/0	dfa	dfa		
corpus	tests/utf8/axis01_encoded_length.rxt:241	utf8	0/0	0/0	0/0	dfa	dfa		
corpus	tests/utf8/axis01_encoded_length.rxt:254	utf8	0/0	0/0	0/0	dfa	dfa		
corpus	tests/utf8/axis01_encoded_length.rxt:267	utf8	1/1	1/1	1/1	dfa	dfa	bytes-eq/end-eq=2	
corpus	tests/utf8/axis01_encoded_length.rxt:280	utf8	0/0	0/0	0/0	dfa	dfa		
corpus	tests/utf8/axis01_encoded_length.rxt:293	utf8	0/0	0/0	0/0	dfa	dfa		
corpus	tests/utf8/axis01_encoded_length.rxt:306	utf8	0/0	0/0	0/0	dfa	dfa		
corpus	tests/utf8/axis01_encoded_length.rxt:319	utf8	1/1	1/1	1/1	dfa	dfa	bytes-eq/end-eq=2	
corpus	tests/utf8/axis01_encoded_length.rxt:332	utf8	0/0	0/0	0/0	dfa	dfa		
corpus	tests/utf8/axis01_encoded_length.rxt:345	utf8	0/0	0/0	0/0	dfa	dfa		
corpus	tests/utf8/axis01_encoded_length.rxt:358	utf8	1/1	1/1	1/1	dfa	dfa	bytes-eq/end-eq=2	
corpus	tests/utf8/axis01_encoded_length.rxt:371	utf8	1/1	1/1	1/1	dfa	dfa	bytes-eq/end-eq=2	
corpus	tests/utf8/axis01_encoded_length.rxt:384	utf8	1/1	1/1	1/1	dfa	dfa	bytes-eq/end-eq=2	
corpus	tests/utf8/axis01_encoded_length.rxt:397	utf8	1/1	1/1	1/1	dfa	dfa	bytes-eq/end-eq=2	
corpus	tests/utf8/axis01_encoded_length.rxt:410	utf8	0/0	0/0	0/0	dfa	dfa		
corpus	tests/utf8/axis01_encoded_length.rxt:423	utf8	0/0	0/0	0/0	dfa	dfa		
corpus	tests/utf8/axis01_encoded_length.rxt:436	utf8	0/0	0/0	0/0	dfa	dfa		
corpus	tests/utf8/axis01_encoded_length.rxt:449	utf8	0/0	0/0	0/0	dfa	dfa		
corpus	tests/utf8/axis01_encoded_length.rxt:462	utf8	0/0	0/0	0/0	dfa	dfa		
corpus	tests/utf8/axis01_encoded_length.rxt:475	utf8	1/1	1/1	1/1	dfa	dfa	bytes-eq/end-eq=2	
corpus	tests/utf8/axis01_encoded_length.rxt:488	utf8	0/0	0/0	0/0	dfa	dfa		
corpus	tests/utf8/axis01_encoded_length.rxt:501	utf8	0/0	0/0	0/0	dfa	dfa		
corpus	tests/utf8/axis01_encoded_length.rxt:514	utf8	0/0	0/0	0/0	dfa	dfa		
corpus	tests/utf8/axis01_encoded_length.rxt:527	utf8	1/1	1/1	1/1	dfa	dfa	bytes-eq/end-eq=2	
corpus	tests/utf8/axis01_encoded_length.rxt:540	utf8	0/0	0/0	0/0	dfa	dfa		
corpus	tests/utf8/axis01_encoded_length.rxt:553	utf8	0/0	0/0	0/0	dfa	dfa		
corpus	tests/utf8/axis01_encoded_length.rxt:566	utf8	1/1	1/1	1/1	dfa	dfa	bytes-eq/end-eq=2	
corpus	tests/utf8/axis01_encoded_length.rxt:579	utf8	1/1	1/1	1/1	dfa	dfa	bytes-eq/end-eq=2	
corpus	tests/utf8/axis01_encoded_length.rxt:592	utf8	1/1	1/1	1/1	dfa	dfa	bytes-eq/end-eq=2	
corpus	tests/utf8/axis01_encoded_length.rxt:605	utf8	1/1	1/1	1/1	dfa	dfa	bytes-eq/end-eq=2	
corpus	tests/utf8/axis01_encoded_length.rxt:618	utf8	0/0	0/0	0/0	dfa	dfa		
corpus	tests/utf8/axis01_encoded_length.rxt:631	utf8	0/0	0/0	0/0	dfa	dfa		
corpus	tests/utf8/axis01_encoded_length.rxt:644	utf8	0/0	0/0	0/0	dfa	dfa		
corpus	tests/utf8/axis01_encoded_length.rxt:657	utf8	0/0	0/0	0/0	dfa	dfa		
corpus	tests/utf8/axis01_encoded_length.rxt:670	utf8	0/0	0/0	0/0	dfa	dfa		
corpus	tests/utf8/axis01_encoded_length.rxt:683	utf8	1/1	1/1	1/1	dfa	dfa	bytes-eq/end-eq=2	
corpus	tests/utf8/axis01_encoded_length.rxt:696	utf8	0/0	0/0	0/0	dfa	dfa		
corpus	tests/utf8/axis01_encoded_length.rxt:709	utf8	0/0	0/0	0/0	dfa	dfa		
corpus	tests/utf8/axis01_encoded_length.rxt:722	utf8	0/0	0/0	0/0	dfa	dfa		
corpus	tests/utf8/axis01_encoded_length.rxt:735	utf8	1/1	1/1	1/1	dfa	dfa	bytes-eq/end-eq=2	
corpus	tests/utf8/axis01_encoded_length.rxt:748	utf8	0/0	0/0	0/0	dfa	dfa		
corpus	tests/utf8/axis01_encoded_length.rxt:761	utf8	0/0	0/0	0/0	dfa	dfa		
corpus	tests/utf8/axis01_encoded_length.rxt:774	utf8	1/1	1/1	1/1	dfa	dfa	bytes-eq/end-eq=2	
corpus	tests/utf8/axis01_encoded_length.rxt:787	utf8	1/1	1/1	1/1	dfa	dfa	bytes-eq/end-eq=2	
corpus	tests/utf8/axis01_encoded_length.rxt:800	utf8	1/1	1/1	1/1	dfa	dfa	bytes-eq/end-eq=2	
corpus	tests/utf8/axis01_encoded_length.rxt:813	utf8	1/1	1/1	1/1	dfa	dfa	bytes-eq/end-eq=2	
corpus	tests/utf8/axis01_encoded_length.rxt:826	utf8	0/0	0/0	0/0	dfa	dfa		
corpus	tests/utf8/axis01_encoded_length.rxt:839	utf8	0/0	0/0	0/0	dfa	dfa		
corpus	tests/utf8/axis01_encoded_length_byte.rxt:35	byte	0/0	0/0	0/0	dfa	dfa		
corpus	tests/utf8/axis01_encoded_length_byte.rxt:59	byte	0/0	0/0	0/0	dfa	dfa		
corpus	tests/utf8/axis01_encoded_length_byte.rxt:67	byte	0/0	0/0	0/0	dfa	dfa		
corpus	tests/utf8/axis01_encoded_length_byte.rxt:75	byte	0/0	0/0	0/0	dfa	dfa		
corpus	tests/utf8/axis01_encoded_length_byte.rxt:83	byte	1/1	1/1	1/1	dfa	dfa	bytes-eq/end-eq=2	
corpus	tests/utf8/axis01_encoded_length_byte.rxt:91	byte	0/0	0/0	0/0	dfa	dfa		
corpus	tests/utf8/axis01_encoded_length_byte.rxt:99	byte	0/0	0/0	0/0	dfa	dfa		
corpus	tests/utf8/axis01_encoded_length_byte.rxt:107	byte	1/1	1/1	1/1	dfa	dfa	bytes-eq/end-eq=2	
corpus	tests/utf8/axis01_encoded_length_byte.rxt:115	byte	1/1	1/1	1/1	dfa	dfa	bytes-eq/end-eq=2	
corpus	tests/utf8/axis01_encoded_length_byte.rxt:123	byte	1/1	1/1	1/1	dfa	dfa	bytes-eq/end-eq=2	
corpus	tests/utf8/axis01_encoded_length_byte.rxt:131	byte	1/1	1/1	1/1	dfa	dfa	bytes-eq/end-eq=2	
corpus	tests/utf8/axis01_encoded_length_byte.rxt:139	byte	0/0	0/0	0/0	dfa	dfa		
corpus	tests/utf8/axis01_encoded_length_byte.rxt:147	byte	0/0	0/0	0/0	dfa	dfa		
corpus	tests/utf8/axis01_encoded_length_byte.rxt:155	byte	0/0	0/0	0/0	dfa	dfa		
corpus	tests/utf8/axis01_encoded_length_byte.rxt:163	byte	0/0	0/0	0/0	dfa	dfa		
corpus	tests/utf8/axis01_encoded_length_byte.rxt:171	byte	0/0	0/0	0/0	dfa	dfa		
corpus	tests/utf8/axis01_encoded_length_byte.rxt:179	byte	1/1	1/1	1/1	dfa	dfa	bytes-eq/end-eq=2	
corpus	tests/utf8/axis01_encoded_length_byte.rxt:186	byte	None			refused	refused		pcrec: character code point value in \x{...} is too large (max U+00FF under encoding 'byte') (pattern offset 0)
corpus	tests/utf8/axis01_encoded_length_byte.rxt:191	byte	None			refused	refused		pcrec: character code point value in \x{...} is too large (max U+00FF under encoding 'byte') (pattern offset 1)
corpus	tests/utf8/axis01_encoded_length_byte.rxt:196	byte	None			refused	refused		pcrec: character code point value in \x{...} is too large (max U+00FF under encoding 'byte') (pattern offset 2)
corpus	tests/utf8/axis01_encoded_length_byte.rxt:201	byte	None			refused	refused		pcrec: character code point value in \x{...} is too large (max U+00FF under encoding 'byte') (pattern offset 0)
corpus	tests/utf8/axis01_encoded_length_byte.rxt:207	byte	0/0	0/0	0/0	dfa	dfa		
corpus	tests/utf8/axis01_encoded_length_byte.rxt:215	byte	0/0	0/0	0/0	dfa	dfa		
corpus	tests/utf8/axis01_encoded_length_byte.rxt:223	byte	1/1	1/1	1/1	dfa	dfa	bytes-eq/end-eq=2	
corpus	tests/utf8/axis01_encoded_length_byte.rxt:231	byte	1/1	1/1	1/1	dfa	dfa	bytes-eq/end-eq=2	
corpus	tests/utf8/axis01_encoded_length_byte.rxt:239	byte	1/1	1/1	1/1	dfa	dfa	bytes-eq/end-eq=2	
corpus	tests/utf8/axis01_encoded_length_byte.rxt:247	byte	1/1	1/1	1/1	dfa	dfa	bytes-eq/end-eq=2	
corpus	tests/utf8/axis01_encoded_length_byte.rxt:255	byte	0/0	0/0	0/0	dfa	dfa		
corpus	tests/utf8/axis01_encoded_length_byte.rxt:263	byte	0/0	0/0	0/0	dfa	dfa		
corpus	tests/utf8/axis01_encoded_length_byte.rxt:271	byte	0/0	0/0	0/0	dfa	dfa		
corpus	tests/utf8/axis01_encoded_length_byte.rxt:279	byte	0/0	0/0	0/0	dfa	dfa		
corpus	tests/utf8/axis01_encoded_length_byte.rxt:287	byte	0/0	0/0	0/0	dfa	dfa		
corpus	tests/utf8/axis01_encoded_length_byte.rxt:295	byte	1/1	1/1	1/1	dfa	dfa	bytes-eq/end-eq=2	
corpus	tests/utf8/axis01_encoded_length_byte.rxt:302	byte	None			refused	refused		pcrec: character code point value in \x{...} is too large (max U+00FF under encoding 'byte') (pattern offset 0)
corpus	tests/utf8/axis01_encoded_length_byte.rxt:307	byte	None			refused	refused		pcrec: character code point value in \x{...} is too large (max U+00FF under encoding 'byte') (pattern offset 1)
corpus	tests/utf8/axis01_encoded_length_byte.rxt:312	byte	None			refused	refused		pcrec: character code point value in \x{...} is too large (max U+00FF under encoding 'byte') (pattern offset 2)
corpus	tests/utf8/axis01_encoded_length_byte.rxt:317	byte	None			refused	refused		pcrec: character code point value in \x{...} is too large (max U+00FF under encoding 'byte') (pattern offset 0)
corpus	tests/utf8/axis01_encoded_length_byte.rxt:323	byte	0/0	0/0	0/0	dfa	dfa		
corpus	tests/utf8/axis01_encoded_length_byte.rxt:331	byte	0/0	0/0	0/0	dfa	dfa		
corpus	tests/utf8/axis01_encoded_length_byte.rxt:339	byte	1/1	1/1	1/1	dfa	dfa	bytes-eq/end-eq=2	
corpus	tests/utf8/axis01_encoded_length_byte.rxt:347	byte	1/1	1/1	1/1	dfa	dfa	bytes-eq/end-eq=2	
corpus	tests/utf8/axis01_encoded_length_byte.rxt:355	byte	1/1	1/1	1/1	dfa	dfa	bytes-eq/end-eq=2	
corpus	tests/utf8/axis01_encoded_length_byte.rxt:363	byte	1/1	1/1	1/1	dfa	dfa	bytes-eq/end-eq=2	
corpus	tests/utf8/axis01_encoded_length_byte.rxt:371	byte	0/0	0/0	0/0	dfa	dfa		
corpus	tests/utf8/axis01_encoded_length_byte.rxt:379	byte	0/0	0/0	0/0	dfa	dfa		
corpus	tests/utf8/axis01_encoded_length_byte.rxt:387	byte	0/0	0/0	0/0	dfa	dfa		
corpus	tests/utf8/axis01_encoded_length_byte.rxt:395	byte	0/0	0/0	0/0	dfa	dfa		
corpus	tests/utf8/axis01_encoded_length_byte.rxt:403	byte	0/0	0/0	0/0	dfa	dfa		
corpus	tests/utf8/axis01_encoded_length_byte.rxt:411	byte	1/1	1/1	1/1	dfa	dfa	bytes-eq/end-eq=2	
corpus	tests/utf8/axis01_encoded_length_byte.rxt:418	byte	None			refused	refused		pcrec: character code point value in \x{...} is too large (max U+00FF under encoding 'byte') (pattern offset 0)
corpus	tests/utf8/axis01_encoded_length_byte.rxt:423	byte	None			refused	refused		pcrec: character code point value in \x{...} is too large (max U+00FF under encoding 'byte') (pattern offset 1)
corpus	tests/utf8/axis01_encoded_length_byte.rxt:428	byte	None			refused	refused		pcrec: character code point value in \x{...} is too large (max U+00FF under encoding 'byte') (pattern offset 2)
corpus	tests/utf8/axis01_encoded_length_byte.rxt:433	byte	None			refused	refused		pcrec: character code point value in \x{...} is too large (max U+00FF under encoding 'byte') (pattern offset 0)
corpus	tests/utf8/axis01_encoded_length_byte.rxt:439	byte	0/0	0/0	0/0	dfa	dfa		
corpus	tests/utf8/axis01_encoded_length_byte.rxt:447	byte	0/0	0/0	0/0	dfa	dfa		
corpus	tests/utf8/axis01_encoded_length_byte.rxt:455	byte	1/1	1/1	1/1	dfa	dfa	bytes-eq/end-eq=2	
corpus	tests/utf8/axis01_encoded_length_byte.rxt:463	byte	1/1	1/1	1/1	dfa	dfa	bytes-eq/end-eq=2	
corpus	tests/utf8/axis01_encoded_length_byte.rxt:471	byte	1/1	1/1	1/1	dfa	dfa	bytes-eq/end-eq=2	
corpus	tests/utf8/axis01_encoded_length_byte.rxt:479	byte	1/1	1/1	1/1	dfa	dfa	bytes-eq/end-eq=2	
corpus	tests/utf8/axis01_encoded_length_byte.rxt:487	byte	0/0	0/0	0/0	dfa	dfa		
corpus	tests/utf8/axis01_encoded_length_byte.rxt:495	byte	0/0	0/0	0/0	dfa	dfa		
corpus	tests/utf8/axis02_class_boundary.rxt:26	utf8	0/0	0/0	0/0	dfa	dfa		
corpus	tests/utf8/axis02_class_boundary.rxt:39	utf8	0/0	0/0	0/0	dfa	dfa		
corpus	tests/utf8/axis02_class_boundary.rxt:52	utf8	0/0	0/0	0/0	dfa	dfa		
corpus	tests/utf8/axis02_class_boundary.rxt:65	utf8	0/0	0/0	0/0	dfa	dfa		
corpus	tests/utf8/axis02_class_boundary.rxt:78	utf8	0/0	0/0	0/0	dfa	dfa		
corpus	tests/utf8/axis02_class_boundary.rxt:91	utf8	0/0	0/0	0/0	dfa	dfa		
corpus	tests/utf8/axis02_class_boundary.rxt:104	utf8	0/0	0/0	0/0	dfa	dfa		
corpus	tests/utf8/axis02_class_boundary.rxt:117	utf8	0/0	0/0	0/0	dfa	dfa		
corpus	tests/utf8/axis02_class_boundary.rxt:130	utf8	1/1	1/1	1/1	dfa	dfa	bytes-eq/end-eq=2	
corpus	tests/utf8/axis02_class_boundary.rxt:143	utf8	1/1	1/1	1/1	dfa	dfa	bytes-eq/end-eq=2	
corpus	tests/utf8/axis02_class_boundary.rxt:156	utf8	0/0	0/0	0/0	dfa	dfa		
corpus	tests/utf8/axis02_class_boundary.rxt:168	byte	0/0	0/0	0/0	dfa	dfa		
corpus	tests/utf8/axis02_class_boundary.rxt:177	utf8	0/0	0/0	0/0	dfa	dfa		
corpus	tests/utf8/axis02_class_boundary.rxt:190	utf8	0/0	0/0	0/0	dfa	dfa		
corpus	tests/utf8/axis02_class_boundary.rxt:203	utf8	0/0	0/0	0/0	dfa	dfa		
corpus	tests/utf8/axis02_class_boundary.rxt:216	utf8	0/0	0/0	0/0	dfa	dfa		
corpus	tests/utf8/axis02_class_boundary.rxt:229	utf8	0/0	0/0	0/0	dfa	dfa		
corpus	tests/utf8/axis02_class_boundary.rxt:242	utf8	0/0	0/0	0/0	dfa	dfa		
corpus	tests/utf8/axis02_class_boundary.rxt:255	utf8	0/0	0/0	0/0	dfa	dfa		
corpus	tests/utf8/axis02_class_boundary.rxt:268	utf8	0/0	0/0	0/0	dfa	dfa		
corpus	tests/utf8/axis02_class_boundary.rxt:281	utf8	1/1	1/1	1/1	dfa	dfa	bytes-eq/end-eq=2	
corpus	tests/utf8/axis02_class_boundary.rxt:294	utf8	1/1	1/1	1/1	dfa	dfa	bytes-eq/end-eq=2	
corpus	tests/utf8/axis02_class_boundary.rxt:307	utf8	0/0	0/0	0/0	dfa	dfa		
corpus	tests/utf8/axis02_class_boundary.rxt:319	byte	0/0	0/0	0/0	dfa	dfa		
corpus	tests/utf8/axis02_class_boundary_byte.rxt:21	byte	0/0	0/0	0/0	dfa	dfa		
corpus	tests/utf8/axis02_class_boundary_byte.rxt:29	byte	0/0	0/0	0/0	dfa	dfa		
corpus	tests/utf8/axis02_class_boundary_byte.rxt:36	byte	0/0	0/0	0/0	dfa	dfa		
corpus	tests/utf8/axis02_class_boundary_byte.rxt:44	byte	0/0	0/0	0/0	dfa	dfa		
corpus	tests/utf8/axis02_class_boundary_byte.rxt:51	byte	0/0	0/0	0/0	dfa	dfa		
corpus	tests/utf8/axis02_class_boundary_byte.rxt:59	byte	0/0	0/0	0/0	dfa	dfa		
corpus	tests/utf8/axis02_class_boundary_byte.rxt:66	byte	0/0	0/0	0/0	dfa	dfa		
corpus	tests/utf8/axis02_class_boundary_byte.rxt:74	byte	0/0	0/0	0/0	dfa	dfa		
corpus	tests/utf8/axis02_class_boundary_byte.rxt:81	byte	1/1	1/1	1/1	dfa	dfa	bytes-eq/end-eq=2	
corpus	tests/utf8/axis02_class_boundary_byte.rxt:89	byte	1/1	1/1	1/1	dfa	dfa	bytes-eq/end-eq=2	
corpus	tests/utf8/axis02_class_boundary_byte.rxt:97	byte	0/0	0/0	0/0	dfa	dfa		
corpus	tests/utf8/axis02_class_boundary_byte.rxt:109	byte	0/0	0/0	0/0	dfa	dfa		
corpus	tests/utf8/axis02_class_boundary_byte.rxt:116	byte	None			refused	refused		pcrec: character code point value in \x{...} is too large (max U+00FF under encoding 'byte') (pattern offset 7)
corpus	tests/utf8/axis02_class_boundary_byte.rxt:121	byte	0/0	0/0	0/0	dfa	dfa		
corpus	tests/utf8/axis02_class_boundary_byte.rxt:128	byte	None			refused	refused		pcrec: character code point value in \x{...} is too large (max U+00FF under encoding 'byte') (pattern offset 8)
corpus	tests/utf8/axis02_class_boundary_byte.rxt:133	byte	0/0	0/0	0/0	dfa	dfa		
corpus	tests/utf8/axis02_class_boundary_byte.rxt:140	byte	None			refused	refused		pcrec: character code point value in \x{...} is too large (max U+00FF under encoding 'byte') (pattern offset 8)
corpus	tests/utf8/axis02_class_boundary_byte.rxt:145	byte	0/0	0/0	0/0	dfa	dfa		
corpus	tests/utf8/axis02_class_boundary_byte.rxt:152	byte	None			refused	refused		pcrec: character code point value in \x{...} is too large (max U+00FF under encoding 'byte') (pattern offset 9)
corpus	tests/utf8/axis02_class_boundary_byte.rxt:157	byte	1/1	1/1	1/1	dfa	dfa	bytes-eq/end-eq=2	
corpus	tests/utf8/axis02_class_boundary_byte.rxt:165	byte	1/1	1/1	1/1	dfa	dfa	bytes-eq/end-eq=2	
corpus	tests/utf8/axis02_class_boundary_byte.rxt:173	byte	0/0	0/0	0/0	dfa	dfa		
corpus	tests/utf8/axis03_invalid_utf8.rxt:50	utf8	0/1	0/1	0/1	dfa	dfa	bytes-eq/end-eq=1	
corpus	tests/utf8/axis03_invalid_utf8_byte.rxt:29	byte	0/1	0/1	0/1	dfa	dfa	bytes-eq/end-eq=1	
corpus	tests/utf8/axis04_p_categories.rxt:34	utf8	0/0	0/0	0/0	dfa	dfa		
corpus	tests/utf8/axis04_p_categories.rxt:62	utf8	0/0	0/0	0/0	dfa	dfa		
corpus	tests/utf8/axis04_p_categories.rxt:90	utf8	0/0	0/0	0/0	dfa	dfa		
corpus	tests/utf8/axis04_p_categories.rxt:116	utf8	0/0	0/0	0/0	dfa	dfa		
corpus	tests/utf8/axis04_p_categories.rxt:142	utf8	0/0	0/0	0/0	dfa	dfa		
corpus	tests/utf8/axis04_p_categories.rxt:170	utf8	0/0	0/0	0/0	dfa	dfa		
corpus	tests/utf8/axis04_p_categories.rxt:198	utf8	0/0	0/0	0/0	dfa	dfa		
corpus	tests/utf8/axis04_p_categories.rxt:226	utf8	0/0	0/0	0/0	dfa	dfa		
corpus	tests/utf8/axis04_p_categories.rxt:254	utf8	0/0	0/0	0/0	dfa	dfa		
corpus	tests/utf8/axis04_p_categories.rxt:282	utf8	0/0	0/0	0/0	dfa	dfa		
corpus	tests/utf8/axis04_p_categories.rxt:310	utf8	0/0	0/0	0/0	dfa	dfa		
corpus	tests/utf8/axis04_p_categories.rxt:338	utf8	0/0	0/0	0/0	dfa	dfa		
corpus	tests/utf8/axis04_p_categories.rxt:366	utf8	0/0	0/0	0/0	dfa	dfa		
corpus	tests/utf8/axis04_p_categories.rxt:394	utf8	0/0	0/0	0/0	dfa	dfa		
corpus	tests/utf8/axis04_p_categories.rxt:422	utf8	0/0	0/0	0/0	dfa	dfa		
corpus	tests/utf8/axis04_p_categories.rxt:450	utf8	0/0	0/0	0/0	dfa	dfa		
corpus	tests/utf8/axis04_p_categories.rxt:478	utf8	0/0	0/0	0/0	dfa	dfa		
corpus	tests/utf8/axis04_p_categories.rxt:506	utf8	0/0	0/0	0/0	dfa	dfa		
corpus	tests/utf8/axis04_p_categories.rxt:533	utf8	0/0	0/0	0/0	dfa	dfa		
corpus	tests/utf8/axis04_p_categories.rxt:557	utf8	0/0	0/0	0/0	dfa	dfa		
corpus	tests/utf8/axis04_p_categories.rxt:581	utf8	0/0	0/0	0/0	dfa	dfa		
corpus	tests/utf8/axis04_p_categories.rxt:605	utf8	0/0	0/0	0/0	dfa	dfa		
corpus	tests/utf8/axis04_p_categories.rxt:629	utf8	0/0	0/0	0/0	dfa	dfa		
corpus	tests/utf8/axis04_p_categories.rxt:653	utf8	0/0	0/0	0/0	dfa	dfa		
corpus	tests/utf8/axis04_p_categories.rxt:677	utf8	0/0	0/0	0/0	dfa	dfa		
corpus	tests/utf8/axis04_p_categories.rxt:701	utf8	0/0	0/0	0/0	dfa	dfa		
corpus	tests/utf8/axis04_p_categories.rxt:725	utf8	0/0	0/0	0/0	dfa	dfa		
corpus	tests/utf8/axis04_p_categories.rxt:749	utf8	0/0	0/0	0/0	dfa	dfa		
corpus	tests/utf8/axis04_p_categories.rxt:773	utf8	0/0	0/0	0/0	dfa	dfa		
corpus	tests/utf8/axis04_p_categories.rxt:797	utf8	0/0	0/0	0/0	dfa	dfa		
corpus	tests/utf8/axis04_p_categories.rxt:822	utf8	0/0	0/0	0/0	dfa	dfa		
corpus	tests/utf8/axis04_p_categories.rxt:850	utf8	0/0	0/0	0/0	dfa	dfa		
corpus	tests/utf8/axis04_p_categories.rxt:877	utf8	0/0	0/0	0/0	dfa	dfa		
corpus	tests/utf8/axis04_p_categories.rxt:901	utf8	0/0	0/0	0/0	dfa	dfa		
corpus	tests/utf8/axis04_p_categories.rxt:925	utf8	0/0	0/0	0/0	dfa	dfa		
corpus	tests/utf8/axis04_p_categories.rxt:949	utf8	0/0	0/0	0/0	dfa	dfa		
corpus	tests/utf8/axis04_p_categories.rxt:973	utf8	0/0	0/0	0/0	dfa	dfa		
corpus	tests/utf8/axis04_p_categories.rxt:997	utf8	0/0	0/0	0/0	dfa	dfa		
corpus	tests/utf8/axis04_p_categories.rxt:1022	utf8	0/0	0/0	0/0	dfa	dfa		
corpus	tests/utf8/axis04_p_categories.rxt:1050	utf8	0/0	0/0	0/0	dfa	dfa		
corpus	tests/utf8/axis04_p_categories.rxt:1077	utf8	0/0	0/0	0/0	dfa	dfa		
corpus	tests/utf8/axis04_p_categories.rxt:1101	utf8	0/0	0/0	0/0	dfa	dfa		
corpus	tests/utf8/axis04_p_categories.rxt:1125	utf8	0/0	0/0	0/0	dfa	dfa		
corpus	tests/utf8/axis04_p_categories.rxt:1149	utf8	0/0	0/0	0/0	dfa	dfa		
corpus	tests/utf8/axis04_p_categories.rxt:1173	utf8	0/0	0/0	0/0	dfa	dfa		
corpus	tests/utf8/axis04_p_categories.rxt:1197	utf8	0/0	0/0	0/0	dfa	dfa		
corpus	tests/utf8/axis04_p_categories.rxt:1221	utf8	0/0	0/0	0/0	dfa	dfa		
corpus	tests/utf8/axis04_p_categories.rxt:1245	utf8	0/0	0/0	0/0	dfa	dfa		
corpus	tests/utf8/axis04_p_categories.rxt:1269	utf8	0/0	0/0	0/0	dfa	dfa		
corpus	tests/utf8/axis04_p_categories.rxt:1293	utf8	0/0	0/0	0/0	dfa	dfa		
corpus	tests/utf8/axis04_p_categories.rxt:1318	utf8	0/0	0/0	0/0	dfa	dfa		
corpus	tests/utf8/axis04_p_categories.rxt:1346	utf8	0/0	0/0	0/0	dfa	dfa		
corpus	tests/utf8/axis04_p_categories.rxt:1374	utf8	0/0	0/0	0/0	dfa	dfa		
corpus	tests/utf8/axis04_p_categories.rxt:1402	utf8	0/0	0/0	0/0	dfa	dfa		
corpus	tests/utf8/axis04_p_categories.rxt:1429	utf8	0/0	0/0	0/0	dfa	dfa		
corpus	tests/utf8/axis04_p_categories.rxt:1453	utf8	0/0	0/0	0/0	dfa	dfa		
corpus	tests/utf8/axis04_p_categories.rxt:1478	utf8	0/0	0/0	0/0	dfa	dfa		
corpus	tests/utf8/axis04_p_categories.rxt:1506	utf8	0/0	0/0	0/0	dfa	dfa		
corpus	tests/utf8/axis04_p_categories.rxt:1534	utf8	0/0	0/0	0/0	dfa	dfa		
corpus	tests/utf8/axis04_p_categories.rxt:1562	utf8	0/0	0/0	0/0	dfa	dfa		
corpus	tests/utf8/axis04_p_categories.rxt:1589	utf8	0/0	0/0	0/0	dfa	dfa		
corpus	tests/utf8/axis04_p_categories.rxt:1613	utf8	0/0	0/0	0/0	dfa	dfa		
corpus	tests/utf8/axis04_p_categories.rxt:1637	utf8	0/0	0/0	0/0	dfa	dfa		
corpus	tests/utf8/axis04_p_categories.rxt:1661	utf8	0/0	0/0	0/0	dfa	dfa		
corpus	tests/utf8/axis04_p_categories.rxt:1686	utf8	0/0	0/0	0/0	dfa	dfa		
corpus	tests/utf8/axis04_p_categories.rxt:1714	utf8	0/0	0/0	0/0	dfa	dfa		
corpus	tests/utf8/axis04_p_categories.rxt:1742	utf8	0/0	0/0	0/0	dfa	dfa		
corpus	tests/utf8/axis04_p_categories.rxt:1770	utf8	0/0	0/0	0/0	dfa	dfa		
corpus	tests/utf8/axis04_p_categories.rxt:1796	utf8	0/0	0/0	0/0	dfa	dfa		
corpus	tests/utf8/axis04_p_categories.rxt:1816	utf8	0/0	0/0	0/0	dfa	dfa		
corpus	tests/utf8/axis04_p_categories.rxt:1837	utf8	0/0	0/0	0/0	dfa	dfa		
corpus	tests/utf8/axis04_p_categories.rxt:1861	utf8	0/0	0/0	0/0	dfa	dfa		
corpus	tests/utf8/axis04_p_categories.rxt:1885	utf8	0/0	0/0	0/0	dfa	dfa		
corpus	tests/utf8/axis04_p_categories.rxt:1909	utf8	0/0	0/0	0/0	dfa	dfa		
corpus	tests/utf8/axis05_p_refusals.rxt:11	byte	None			refused	refused		pcrec: \p{...}: not a one-letter Unicode property code pcrec recognises (pattern offset 5)
corpus	tests/utf8/axis05_p_refusals.rxt:15	byte	None			refused	refused		pcrec: \p{...}: not a one-letter Unicode property code pcrec recognises (pattern offset 5)
corpus	tests/utf8/axis05_p_refusals.rxt:19	byte	None			refused	refused		pcrec: \p{...}: not a one-letter Unicode property code pcrec recognises (pattern offset 5)
corpus	tests/utf8/axis05_p_refusals.rxt:23	byte	None			refused	refused		pcrec: \p{...}: not a one-letter Unicode property code pcrec recognises (pattern offset 5)
corpus	tests/utf8/axis05_p_refusals.rxt:27	byte	None			refused	refused		pcrec: \p{...}: not a one-letter Unicode property code pcrec recognises (pattern offset 5)
corpus	tests/utf8/axis05_p_refusals.rxt:31	byte	None			refused	refused		pcrec: \p{...}: not a one-letter Unicode property code pcrec recognises (pattern offset 5)
corpus	tests/utf8/axis05_p_refusals.rxt:35	byte	None			refused	refused		pcrec: \p{...}: not a one-letter Unicode property code pcrec recognises (pattern offset 5)
corpus	tests/utf8/axis05_p_refusals.rxt:39	byte	None			refused	refused		pcrec: \p{...}: not a one-letter Unicode property code pcrec recognises (pattern offset 5)
corpus	tests/utf8/axis05_p_refusals.rxt:43	byte	None			refused	refused		pcrec: \p{...}: not a one-letter Unicode property code pcrec recognises (pattern offset 5)
corpus	tests/utf8/axis05_p_refusals.rxt:47	byte	None			refused	refused		pcrec: \p{...}: not a one-letter Unicode property code pcrec recognises (pattern offset 5)
corpus	tests/utf8/axis05_p_refusals.rxt:51	byte	None			refused	refused		pcrec: \p{...}: not a one-letter Unicode property code pcrec recognises (pattern offset 5)
corpus	tests/utf8/axis05_p_refusals.rxt:55	byte	None			refused	refused		pcrec: \p{...}: not a one-letter Unicode property code pcrec recognises (pattern offset 5)
corpus	tests/utf8/axis05_p_refusals.rxt:59	byte	None			refused	refused		pcrec: \p{...}: not a one-letter Unicode property code pcrec recognises (pattern offset 5)
corpus	tests/utf8/axis05_p_refusals.rxt:63	byte	None			refused	refused		pcrec: \p{...}: not a one-letter Unicode property code pcrec recognises (pattern offset 5)
corpus	tests/utf8/axis05_p_refusals.rxt:67	byte	None			refused	refused		pcrec: \p{...}: not a one-letter Unicode property code pcrec recognises (pattern offset 5)
corpus	tests/utf8/axis05_p_refusals.rxt:71	byte	None			refused	refused		pcrec: \p{...}: not a one-letter Unicode property code pcrec recognises (pattern offset 5)
corpus	tests/utf8/axis05_p_refusals.rxt:75	byte	None			refused	refused		pcrec: \p{...}: not a one-letter Unicode property code pcrec recognises (pattern offset 5)
corpus	tests/utf8/axis05_p_refusals.rxt:79	byte	None			refused	refused		pcrec: \p{...}: not a one-letter Unicode property code pcrec recognises (pattern offset 5)
corpus	tests/utf8/axis05_p_refusals.rxt:83	byte	None			refused	refused		pcrec: \p{...}: not a one-letter Unicode property code pcrec recognises (pattern offset 5)
corpus	tests/utf8/axis05_p_refusals.rxt:87	byte	None			refused	refused		pcrec: module 'unicode-props' is enabled but \p{...}: this Unicode property is not implemented yet (pattern offset 7)
corpus	tests/utf8/axis05_p_refusals.rxt:91	byte	None			refused	refused		pcrec: module 'unicode-props' is enabled but \p{...}: this Unicode property is not implemented yet (pattern offset 7)
corpus	tests/utf8/axis05_p_refusals.rxt:95	byte	None			refused	refused		pcrec: module 'unicode-props' is enabled but \p{...}: this Unicode property is not implemented yet (pattern offset 7)
corpus	tests/utf8/axis05_p_refusals.rxt:99	byte	None			refused	refused		pcrec: module 'unicode-props' is enabled but \p{...}: this Unicode property is not implemented yet (pattern offset 14)
corpus	tests/utf8/axis05_p_refusals.rxt:103	byte	None			refused	refused		pcrec: module 'unicode-props' is enabled but \p{...}: this Unicode property is not implemented yet (pattern offset 9)
corpus	tests/utf8/axis05_p_refusals.rxt:107	byte	None			refused	refused		pcrec: module 'unicode-props' is enabled but \p{...}: this Unicode property is not implemented yet (pattern offset 10)
corpus	tests/utf8/axis05_p_refusals.rxt:111	byte	None			refused	refused		pcrec: module 'unicode-props' is enabled but \p{...}: this Unicode property is not implemented yet (pattern offset 9)
corpus	tests/utf8/axis05_p_refusals.rxt:115	byte	None			refused	refused		pcrec: module 'unicode-props' is enabled but \p{...}: this Unicode property is not implemented yet (pattern offset 18)
corpus	tests/utf8/axis05_p_refusals.rxt:119	byte	None			refused	refused		pcrec: module 'unicode-props' is enabled but \p{...}: this Unicode property is not implemented yet (pattern offset 17)
corpus	tests/utf8/axis05_p_refusals.rxt:123	byte	None			refused	refused		pcrec: module 'unicode-props' is enabled but \p{...}: this Unicode property is not implemented yet (pattern offset 19)
corpus	tests/utf8/axis05_p_refusals.rxt:127	byte	None			refused	refused		pcrec: module 'unicode-props' is enabled but \p{...}: this Unicode property is not implemented yet (pattern offset 14)
corpus	tests/utf8/axis05_p_refusals.rxt:131	byte	None			refused	refused		pcrec: module 'unicode-props' is enabled but \p{...}: this Unicode property is not implemented yet (pattern offset 11)
corpus	tests/utf8/axis05_p_refusals.rxt:135	byte	None			refused	refused		pcrec: module 'unicode-props' is enabled but \p{...}: this Unicode property is not implemented yet (pattern offset 15)
corpus	tests/utf8/axis05_p_refusals.rxt:139	byte	None			refused	refused		pcrec: module 'unicode-props' is enabled but \p{...}: this Unicode property is not implemented yet (pattern offset 13)
corpus	tests/utf8/axis05_p_refusals.rxt:143	byte	None			refused	refused		pcrec: module 'unicode-props' is enabled but \p{...}: this Unicode property is not implemented yet (pattern offset 11)
corpus	tests/utf8/axis06_caseless_fold.rxt:31	utf8	0/0	0/0	0/0	dfa	dfa		
corpus	tests/utf8/axis06_caseless_fold.rxt:45	utf8	0/0	0/0	0/0	dfa	dfa		
corpus	tests/utf8/axis06_caseless_fold.rxt:59	utf8	0/0	0/0	0/0	dfa	dfa		
corpus	tests/utf8/axis06_caseless_fold.rxt:73	utf8	0/0	0/0	0/0	dfa	dfa		
corpus	tests/utf8/axis06_caseless_fold.rxt:87	utf8	0/0	0/0	0/0	dfa	dfa		
corpus	tests/utf8/axis06_caseless_fold.rxt:101	utf8	0/0	0/0	0/0	dfa	dfa		
corpus	tests/utf8/axis06_caseless_fold.rxt:115	utf8	0/0	0/0	0/0	dfa	dfa		
corpus	tests/utf8/axis06_caseless_fold.rxt:129	utf8	0/0	0/0	0/0	dfa	dfa		
corpus	tests/utf8/axis06_caseless_fold.rxt:143	utf8	0/0	0/0	0/0	dfa	dfa		
corpus	tests/utf8/axis06_caseless_fold.rxt:157	utf8	0/0	0/0	0/0	dfa	dfa		
corpus	tests/utf8/axis06_caseless_fold.rxt:171	utf8	0/0	0/0	0/0	dfa	dfa		
corpus	tests/utf8/axis06_caseless_fold.rxt:185	utf8	0/0	0/0	0/0	dfa	dfa		
corpus	tests/utf8/axis06_caseless_fold.rxt:199	utf8	0/0	0/0	0/0	dfa	dfa		
corpus	tests/utf8/axis06_caseless_fold.rxt:213	utf8	0/0	0/0	0/0	dfa	dfa		
corpus	tests/utf8/axis06_caseless_fold.rxt:227	utf8	0/0	0/0	0/0	dfa	dfa		
corpus	tests/utf8/axis06_caseless_fold.rxt:241	utf8	0/0	0/0	0/0	dfa	dfa		
corpus	tests/utf8/axis06_caseless_fold.rxt:255	utf8	0/0	0/0	0/0	dfa	dfa		
corpus	tests/utf8/axis06_caseless_fold.rxt:269	utf8	0/0	0/0	0/0	dfa	dfa		
corpus	tests/utf8/axis06_caseless_fold.rxt:283	utf8	0/0	0/0	0/0	dfa	dfa		
corpus	tests/utf8/axis06_caseless_fold.rxt:297	utf8	0/0	0/0	0/0	dfa	dfa		
corpus	tests/utf8/axis06_caseless_fold.rxt:311	utf8	0/0	0/0	0/0	dfa	dfa		
corpus	tests/utf8/axis06_caseless_fold.rxt:325	utf8	0/0	0/0	0/0	dfa	dfa		
corpus	tests/utf8/axis06_caseless_fold.rxt:339	utf8	0/0	0/0	0/0	dfa	dfa		
corpus	tests/utf8/axis06_caseless_fold.rxt:353	utf8	0/0	0/0	0/0	dfa	dfa		
corpus	tests/utf8/axis06_caseless_fold.rxt:367	utf8	0/0	0/0	0/0	dfa	dfa		
corpus	tests/utf8/axis06_caseless_fold.rxt:381	utf8	0/0	0/0	0/0	dfa	dfa		
corpus	tests/utf8/axis06_caseless_fold.rxt:395	utf8	0/0	0/0	0/0	dfa	dfa		
corpus	tests/utf8/axis06_caseless_fold.rxt:409	utf8	0/0	0/0	0/0	dfa	dfa		
corpus	tests/utf8/axis06_caseless_fold.rxt:493	utf8	0/0	0/0	0/0	dfa	dfa		
corpus	tests/utf8/axis06_caseless_fold.rxt:507	utf8	0/0	0/0	0/0	dfa	dfa		
corpus	tests/utf8/axis06_caseless_fold.rxt:521	utf8	0/0	0/0	0/0	dfa	dfa		
corpus	tests/utf8/axis06_caseless_fold.rxt:535	utf8	0/0	0/0	0/0	dfa	dfa		
corpus	tests/utf8/axis06_caseless_fold.rxt:549	utf8	0/0	0/0	0/0	dfa	dfa		
corpus	tests/utf8/axis06_caseless_fold.rxt:563	utf8	0/0	0/0	0/0	dfa	dfa		
corpus	tests/utf8/axis06_caseless_fold.rxt:577	utf8	0/0	0/0	0/0	dfa	dfa		
corpus	tests/utf8/axis06_caseless_fold.rxt:591	utf8	0/0	0/0	0/0	dfa	dfa		
corpus	tests/utf8/axis06_caseless_fold.rxt:605	utf8	0/0	0/0	0/0	dfa	dfa		
corpus	tests/utf8/axis06_caseless_fold.rxt:619	utf8	0/0	0/0	0/0	dfa	dfa		
corpus	tests/utf8/axis06_caseless_fold.rxt:633	utf8	0/0	0/0	0/0	dfa	dfa		
corpus	tests/utf8/axis06_caseless_fold.rxt:663	utf8	0/0	0/0	0/0	dfa	dfa		
corpus	tests/utf8/axis07_caseless_1ton.rxt:24	utf8	0/0	0/0	0/0	dfa	dfa		
corpus	tests/utf8/axis07_caseless_1ton.rxt:44	utf8	0/0	0/0	0/0	dfa	dfa		
corpus	tests/utf8/axis07_caseless_1ton.rxt:54	utf8	0/0	0/0	0/0	dfa	dfa		
corpus	tests/utf8/axis07_caseless_1ton.rxt:64	utf8	0/0	0/0	0/0	dfa	dfa		
corpus	tests/utf8/axis07_caseless_1ton.rxt:74	utf8	0/0	0/0	0/0	dfa	dfa		
corpus	tests/utf8/axis07_caseless_1ton.rxt:84	utf8	0/0	0/0	0/0	dfa	dfa		
corpus	tests/utf8/axis07_caseless_1ton.rxt:94	utf8	0/0	0/0	0/0	dfa	dfa		
corpus	tests/utf8/axis07_caseless_1ton.rxt:104	utf8	0/0	0/0	0/0	dfa	dfa		
corpus	tests/utf8/axis07_caseless_1ton.rxt:114	utf8	0/0	0/0	0/0	dfa	dfa		
corpus	tests/utf8/axis07_caseless_1ton.rxt:124	utf8	0/0	0/0	0/0	dfa	dfa		
corpus	tests/utf8/axis08_lookbehind_varwidth.rxt:35	utf8	0/0	0/0	0/0	vm	vm		
corpus	tests/utf8/axis08_lookbehind_varwidth.rxt:49	utf8	0/0	0/0	0/0	vm	vm		
corpus	tests/utf8/axis08_lookbehind_varwidth.rxt:63	utf8	0/0	0/0	0/0	vm	vm		
corpus	tests/utf8/axis08_lookbehind_varwidth.rxt:75	utf8	0/0	0/0	0/0	vm	vm		
corpus	tests/utf8/axis08_lookbehind_varwidth.rxt:86	utf8	0/0	0/0	0/0	vm	vm		
corpus	tests/utf8/axis08_lookbehind_varwidth.rxt:97	utf8	0/0	0/0	0/0	vm	vm		
corpus	tests/utf8/axis08_lookbehind_varwidth.rxt:108	utf8	0/0	0/0	0/0	vm	vm		
corpus	tests/utf8/axis08_lookbehind_varwidth.rxt:119	utf8	0/0	0/0	0/0	vm	vm		
corpus	tests/utf8/axis08_lookbehind_varwidth.rxt:130	utf8	0/0	0/0	0/0	vm	vm		
corpus	tests/utf8/axis08_lookbehind_varwidth.rxt:142	utf8	0/0	0/0	0/0	dfa	dfa		
corpus	tests/utf8/axis08_lookbehind_varwidth.rxt:155	utf8	0/0	0/0	0/0	dfa	dfa		
corpus	tests/utf8/axis08_lookbehind_varwidth.rxt:168	utf8	0/0	0/0	0/0	vm	vm		
corpus	tests/utf8/axis08_lookbehind_varwidth.rxt:181	utf8	0/0	0/0	0/0	vm	vm		
corpus	tests/utf8/axis08_lookbehind_varwidth.rxt:190	utf8	0/0	0/0	0/0	vm	vm		
corpus	tests/utf8/axis08_lookbehind_varwidth.rxt:199	utf8	0/0	0/0	0/0	vm	vm		
corpus	tests/utf8/axis08_lookbehind_varwidth.rxt:206	utf8	0/0	0/0	0/0	vm	vm		
corpus	tests/utf8/axis08_lookbehind_varwidth.rxt:215	utf8	0/0	0/0	0/0	vm	vm		
corpus	tests/utf8/axis08_lookbehind_varwidth.rxt:224	utf8	0/0	0/0	0/0	vm	vm		
corpus	tests/utf8/axis08_lookbehind_varwidth.rxt:233	utf8	0/0	0/0	0/0	vm	vm		
corpus	tests/utf8/axis08_lookbehind_varwidth.rxt:242	utf8	0/0	0/0	0/0	vm	vm		
corpus	tests/utf8/axis08_lookbehind_varwidth.rxt:251	utf8	0/0	0/0	0/0	vm	vm		
corpus	tests/utf8/axis08_lookbehind_varwidth.rxt:262	utf8	0/0	0/0	0/0	vm	vm		
corpus	tests/utf8/axis08_lookbehind_varwidth.rxt:275	utf8	0/0	0/0	0/0	vm	vm		
corpus	tests/utf8/axis08_lookbehind_varwidth.rxt:288	utf8	0/0	0/0	0/0	vm	vm		
corpus	tests/utf8/axis09_nextpos_findall.rxt:41	utf8	0/0	0/0	0/0	dfa	dfa		
corpus	tests/utf8/axis09_nextpos_findall.rxt:55	utf8	1/1	1/1	1/1	dfa	dfa	bytes-eq/end-eq=2	
corpus	tests/utf8/axis09_nextpos_findall.rxt:69	utf8	0/0	0/0	0/0	dfa	dfa		
corpus	tests/utf8/axis09_nextpos_findall.rxt:83	utf8	0/0	0/0	0/0	dfa	dfa		
corpus	tests/utf8/axis09_nextpos_findall.rxt:260	utf8	0/0	0/0	0/0	vm	vm		
corpus	tests/utf8/axis10_surrogate_witness.rxt:20	utf8	0/0	0/0	0/0	dfa	dfa		
corpus	tests/utf8/axis10_surrogate_witness.rxt:31	utf8	0/0	0/0	0/0	dfa	dfa		
corpus	tests/utf8/axis10_surrogate_witness.rxt:42	utf8	0/0	0/0	0/0	dfa	dfa		
corpus	tests/utf8/axis11_startpos_boundary.rxt:55	utf8	0/0	0/0	0/0	dfa	dfa		
corpus	tests/utf8/axis11_startpos_boundary.rxt:64	utf8	1/1	1/1	1/1	dfa	dfa	bytes-eq/end-eq=2	
corpus	tests/utf8/axis11_startpos_boundary.rxt:110	utf8	0/0	0/0	0/0	dfa	dfa		
corpus	tests/utf8/axis12_scripts.rxt:27	utf8	0/0	0/0	0/0	dfa	dfa		
corpus	tests/utf8/axis12_scripts.rxt:41	utf8	0/0	0/0	0/0	dfa	dfa		
corpus	tests/utf8/axis12_scripts.rxt:55	utf8	0/0	0/0	0/0	dfa	dfa		
corpus	tests/utf8/axis12_scripts.rxt:67	utf8	0/0	0/0	0/0	dfa	dfa		
corpus	tests/utf8/axis12_scripts.rxt:78	utf8	0/0	0/0	0/0	dfa	dfa		
corpus	tests/utf8/axis12_scripts.rxt:89	utf8	0/0	0/0	0/0	dfa	dfa		
corpus	tests/utf8/axis12_scripts.rxt:100	utf8	0/0	0/0	0/0	dfa	dfa		
corpus	tests/utf8/axis12_scripts.rxt:111	utf8	0/0	0/0	0/0	dfa	dfa		
corpus	tests/utf8/axis12_scripts.rxt:121	utf8	0/0	0/0	0/0	dfa	dfa		
corpus	tests/utf8/axis12_scripts.rxt:131	utf8	0/0	0/0	0/0	dfa	dfa		
corpus	tests/utf8/axis12_scripts.rxt:141	utf8	0/0	0/0	0/0	dfa	dfa		
corpus	tests/utf8/axis12_scripts.rxt:152	utf8	0/0	0/0	0/0	dfa	dfa		
corpus	tests/utf8/axis12_scripts.rxt:163	utf8	0/0	0/0	0/0	dfa	dfa		
corpus	tests/utf8/axis12_scripts.rxt:174	utf8	0/0	0/0	0/0	dfa	dfa		
corpus	tests/utf8/axis12_scripts.rxt:187	utf8	0/0	0/0	0/0	dfa	dfa		
corpus	tests/utf8/axis12_scripts.rxt:201	utf8	0/0	0/0	0/0	dfa	dfa		
corpus	tests/utf8/axis12_scripts.rxt:214	byte	0/0	0/0	0/0	dfa	dfa		
corpus	tests/utf8/axis12_scripts.rxt:224	byte	0/0	0/0	0/0	dfa	dfa		
corpus	tests/utf8/axis12_scripts.rxt:237	utf8	None			refused	refused		pcrec: module 'unicode-props' is enabled but \p{...}: this Unicode property is not implemented yet (pattern offset 8)
corpus	tests/utf8/axis12_scripts.rxt:244	utf8	None			refused	refused		pcrec: module 'unicode-props' is enabled but \p{...}: this Unicode property is not implemented yet (pattern offset 24)
corpus	tests/utf8/axis12_scripts.rxt:251	utf8	None			refused	refused		pcrec: module 'unicode-props' is enabled but \p{...}: this Unicode property is not implemented yet (pattern offset 8)
corpus	tests/utf8/axis12_scripts.rxt:258	utf8	None			refused	refused		pcrec: module 'unicode-props' is enabled but \p{...}: this Unicode property is not implemented yet (pattern offset 11)
corpus	tests/utf8/axis12_scripts.rxt:265	utf8	None			refused	refused		pcrec: module 'unicode-props' is enabled but \p{...}: this Unicode property is not implemented yet (pattern offset 13)
corpus	tests/utf8/axis12_scripts.rxt:272	utf8	None			refused	refused		pcrec: module 'unicode-props' is enabled but \p{...}: this Unicode property is not implemented yet (pattern offset 13)
corpus	tests/utf8/axis12_scripts.rxt:279	utf8	None			refused	refused		pcrec: module 'unicode-props' is enabled but \p{...}: this Unicode property is not implemented yet (pattern offset 16)
corpus	tests/utf8/axis12_scripts.rxt:296	utf8	0/0	0/0	0/0	dfa	dfa		
corpus	tests/utf8/axis12_scripts.rxt:304	utf8	0/0	0/0	0/0	dfa	dfa		
corpus	tests/utf8/axis12_scripts.rxt:312	utf8	0/0	0/0	0/0	dfa	dfa		
corpus	tests/utf8/axis12_scripts.rxt:320	utf8	0/0	0/0	0/0	dfa	dfa		
corpus	tests/utf8/axis12_scripts.rxt:328	utf8	0/0	0/0	0/0	dfa	dfa		
corpus	tests/utf8/axis13_ctx_illformed.rxt:21	utf8	0/0	0/0	0/0	vm	vm		
corpus	tests/utf8/axis13_ctx_illformed.rxt:32	utf8	0/0	0/0	0/0	vm	vm		
corpus	tests/utf8/axis13_ctx_illformed.rxt:42	utf8	0/0	0/0	0/0	dfa	dfa		
corpus	tests/utf8/axis13_ctx_illformed.rxt:51	utf8	0/0	0/0	0/0	dfa	dfa		
corpus	tests/utf8/axis13_ctx_illformed.rxt:60	utf8	0/0	0/0	0/0	dfa	dfa		
corpus	tests/utf8/axis13_ctx_illformed.rxt:70	utf8	0/0	0/0	0/0	dfa	dfa		
corpus	tests/utf8/axis13_ctx_illformed.rxt:79	utf8	0/0	0/0	0/0	dfa	dfa		
corpus	tests/utf8/axis13_ctx_illformed.rxt:87	utf8	0/0	0/0	0/0	dfa	dfa		
corpus	tests/utf8/fold.rxt:49	utf8	0/0	0/0	0/0	dfa	dfa		
corpus	tests/utf8/fold.rxt:61	utf8	0/0	0/0	0/0	dfa	dfa		
corpus	tests/utf8/fold.rxt:81	utf8	0/0	0/0	0/0	dfa	dfa		
corpus	tests/utf8/fold.rxt:92	utf8	0/0	0/0	0/0	dfa	dfa		
corpus	tests/utf8/fold.rxt:101	utf8	0/0	0/0	0/0	dfa	dfa		
corpus	tests/utf8/fold.rxt:114	utf8	0/0	0/0	0/0	dfa	dfa		
corpus	tests/utf8/fold.rxt:146	byte	0/0	0/0	0/0	dfa	dfa		
corpus	tests/utf8/fold.rxt:154	byte	0/0	0/0	0/0	dfa	dfa		
corpus	tests/utf8/fold.rxt:164	byte	0/0	0/0	0/0	dfa	dfa		
corpus	tests/utf8/fold.rxt:176	utf8	0/0	0/0	0/0	dfa	dfa		
corpus	tests/utf8/fold.rxt:188	utf8	0/0	0/0	0/0	dfa	dfa		
corpus	tests/utf8/fold.rxt:199	utf8	0/0	0/0	0/0	dfa	dfa		
corpus	tests/utf8/fold.rxt:207	utf8	0/0	0/0	0/0	dfa	dfa		
corpus	tests/utf8/fold.rxt:215	utf8	0/0	0/0	0/0	dfa	dfa		
corpus	tests/utf8/fold.rxt:225	utf8	0/0	0/0	0/0	dfa	dfa		
corpus	tests/utf8/hv_space.rxt:27	utf8	0/0	0/0	0/0	dfa	dfa		
corpus	tests/utf8/hv_space.rxt:73	utf8	0/0	0/0	0/0	dfa	dfa		
corpus	tests/utf8/hv_space.rxt:119	utf8	0/0	0/0	0/0	dfa	dfa		
corpus	tests/utf8/hv_space.rxt:165	utf8	0/0	0/0	0/0	dfa	dfa		
corpus	tests/utf8/hv_space.rxt:211	utf8	0/0	0/0	0/0	dfa	dfa		
corpus	tests/utf8/hv_space.rxt:257	utf8	0/0	0/0	0/0	dfa	dfa		
corpus	tests/utf8/hv_space.rxt:303	utf8	0/0	0/0	0/0	dfa	dfa		
corpus	tests/utf8/hv_space.rxt:349	utf8	0/0	0/0	0/0	dfa	dfa		
corpus	tests/utf8/hv_space.rxt:395	utf8	0/0	0/0	0/0	dfa	dfa		
corpus	tests/utf8/hv_space.rxt:441	utf8	0/1	0/1	0/1	dfa	dfa	bytes-eq/end-eq=1	
corpus	tests/utf8/hv_space.rxt:450	utf8	1/1	1/1	1/1	dfa	dfa	bytes-eq/end-eq=2	
corpus	tests/utf8/hv_space.rxt:459	utf8	1/1	1/1	1/1	dfa	dfa	bytes-eq/end-eq=2	
corpus	tests/utf8/hv_space.rxt:468	utf8	0/0	0/0	0/0	dfa	dfa		
corpus	tests/utf8/hv_space.rxt:477	utf8	1/1	1/1	1/1	dfa	dfa	bytes-eq/end-eq=2	
corpus	tests/utf8/hv_space.rxt:486	utf8	0/0	0/0	0/0	dfa	dfa		
corpus	tests/utf8/hv_space.rxt:499	byte	0/0	0/0	0/0	dfa	dfa		
corpus	tests/utf8/hv_space.rxt:508	byte	0/0	0/0	0/0	dfa	dfa		
corpus	tests/utf8/k73_startskip.rxt:55	utf8	1/1	1/1	1/1	dfa	dfa	bytes-eq/end-eq=2	
corpus	tests/utf8/k73_startskip.rxt:67	utf8	0/0	0/0	0/0	vm	vm		
corpus	tests/utf8/k73_startskip.rxt:80	utf8	0/0	0/0	0/0	dfa	dfa		
corpus	tests/utf8/k73_startskip.rxt:92	utf8	0/0	0/0	0/0	dfa	dfa		
corpus	tests/utf8/k73_startskip.rxt:102	utf8	0/0	0/0	0/0	dfa	dfa		
corpus	tests/utf8/k73_startskip.rxt:115	utf8	0/0	0/0	0/0	dfa	dfa		
corpus	tests/utf8/k73_startskip.rxt:128	utf8	0/0	0/0	0/0	dfa	dfa		
corpus	tests/utf8/k73_startskip.rxt:154	utf8	0/0	0/0	0/0	dfa	dfa		
corpus	tests/utf8/restrict.rxt:34	byte	0/0	0/0	0/0	dfa	dfa		
corpus	tests/utf8/restrict.rxt:42	byte	0/0	0/0	0/0	dfa	dfa		
corpus	tests/utf8/restrict.rxt:52	utf8	None			refused	refused		pcrec: inline option 'r' (caseless-restrict) is not implemented under encoding 'utf8' (pattern offset 6)
corpus	tests/utf8/restrict.rxt:57	utf8	None			refused	refused		pcrec: inline option 'r' (caseless-restrict) is not implemented under encoding 'utf8' (pattern offset 6)
corpus	tests/utf8/restrict.rxt:62	utf8	None			refused	refused		pcrec: inline option 'r' (caseless-restrict) is not implemented under encoding 'utf8' (pattern offset 6)
corpus	tests/utf8/restrict.rxt:67	utf8	None			refused	refused		pcrec: inline option 'r' (caseless-restrict) is not implemented under encoding 'utf8' (pattern offset 6)
corpus	tests/utf8/restrict.rxt:74	utf8	None			refused	refused		pcrec: inline option 'r' (caseless-restrict) is not implemented under encoding 'utf8' (pattern offset 2)
corpus	tests/utf8/restrict.rxt:85	utf8	0/0	0/0	0/0	dfa	dfa		
corpus	tests/utf8/wclass_illformed.rxt:19	utf8	0/0	0/0	0/0	dfa	dfa		
corpus	tests/utf8/wclass_illformed.rxt:41	utf8	0/0	0/0	0/0	vm	vm		
corpus	tests/utf8/wclass_illformed.rxt:109	utf8	0/0	0/0	0/0	dfa	dfa		
corpus	tests/utf8/wclass_illformed.rxt:131	utf8	0/0	0/0	0/0	vm	vm		
corpus	tests/utf8/wclass_illformed.rxt:199	utf8	0/0	0/0	0/0	dfa	dfa		
corpus	tests/utf8/wclass_illformed.rxt:246	utf8	0/0	0/0	0/0	vm	vm		
corpus	tests/utf8/wclass_illformed.rxt:269	utf8	0/0	0/0	0/0	dfa	dfa		
corpus	tests/utf8/wclass_illformed.rxt:290	utf8	0/0	0/0	0/0	vm	vm		
corpus	tests/utf8/wclass_illformed.rxt:355	utf8	0/0	0/0	0/0	dfa	dfa		
corpus	tests/utf8/wclass_illformed.rxt:377	utf8	0/0	0/0	0/0	vm	vm		
corpus	tests/utf8/wclass_illformed.rxt:445	utf8	0/0	0/0	0/0	dfa	dfa		
corpus	tests/utf8/wclass_illformed.rxt:466	utf8	0/0	0/0	0/0	vm	vm		
corpus	tests/utf8/wclass_illformed.rxt:531	utf8	0/0	0/0	0/0	dfa	dfa		
corpus	tests/utf8/wclass_illformed.rxt:553	utf8	0/0	0/0	0/0	vm	vm		
corpus	tests/utf8/wclass_illformed.rxt:621	utf8	0/0	0/0	0/0	dfa	dfa		
corpus	tests/utf8/wclass_illformed.rxt:643	utf8	0/0	0/0	0/0	vm	vm		
corpus	tests/utf8/wclass_illformed.rxt:711	utf8	0/0	0/0	0/0	dfa	dfa		
corpus	tests/utf8/wclass_illformed.rxt:733	utf8	0/0	0/0	0/0	vm	vm		
corpus	tests/utf8/wclass_illformed.rxt:801	utf8	0/0	0/0	0/0	dfa	dfa		
corpus	tests/utf8/wclass_illformed.rxt:823	utf8	0/0	0/0	0/0	vm	vm		
corpus	tests/utf8/wclass_illformed.rxt:891	utf8	0/0	0/0	0/0	dfa	dfa		
corpus	tests/utf8/wclass_illformed.rxt:913	utf8	0/0	0/0	0/0	vm	vm		
corpus	tests/utf8/wclass_illformed.rxt:981	utf8	0/0	0/0	0/0	dfa	dfa		
corpus	tests/utf8/wclass_illformed.rxt:1003	utf8	0/0	0/0	0/0	vm	vm		
corpus	tests/vars/basic.rxt:14	byte	1/1	1/1	1/1	vm	vm	bytes-eq/end-eq=2	
corpus	tests/vars/basic.rxt:36	byte	0/0	0/0	0/0	vm	vm		
corpus	tests/vars/basic.rxt:46	byte	0/0	0/0	0/0	vm	vm		
corpus	tests/vars/basic.rxt:54	byte	0/1	0/1	0/1	vm	vm	bytes-eq/end-eq=1	
corpus	tests/vars/basic.rxt:62	byte	0/0	0/0	0/0	vm	vm		
corpus	tests/vars/basic.rxt:79	byte	None			refused	refused		pcrec: variable-length lookbehind is not implemented: every alternative of a lookbehind must have a fixed length (this o
corpus	tests/vars/basic.rxt:84	byte	0/0	0/0	0/0	vm	vm		
corpus	tests/vars/basic.rxt:93	byte	0/0	0/0	0/0	vm	vm		
corpus	tests/vars/basic.rxt:100	byte	0/0	0/0	0/0	vm	vm		
corpus	tests/vars/caseless.rxt:22	byte	0/0	0/0	0/0	vm	vm		
corpus	tests/vars/caseless.rxt:59	utf8	0/0	0/0	0/0	vm	vm		
corpus	tests/vars/caseless.rxt:108	utf8	0/0	0/0	0/0	vm	vm		
corpus	tests/vars/caseless.rxt:152	utf8	0/0	0/0	0/0	vm	vm		
corpus	tests/vars/startset.rxt:8	byte	0/0	0/0	0/0	vm	vm		
corpus	tests/vars/unset.rxt:49	byte	0/0	0/0	0/0	vm	vm		
corpus	tests/vars/unset.rxt:69	byte	0/0	0/0	0/0	vm	vm		
corpus	tests/vars/unset.rxt:78	byte	0/0	0/0	0/0	vm	vm		
corpus	tests/vars/unset.rxt:106	byte	0/0	0/0	0/0	vm	vm		
corpus	tests/vars/unset.rxt:128	byte	0/0	0/0	0/0	vm	vm		
corpus	tests/vars/unset.rxt:155	byte	0/0	0/0	0/0	vm	vm		
corpus	tests/vars/unset.rxt:176	byte	0/0	0/0	0/0	vm	vm		
