id	old_line	kind	claim	status	new_line	new_anchor	note
C1-0001	3	N	docs/spec/match_api.md states what lib/pcrec.h and every generated matcher actually promise, as shipped; it is the contract, not the design record.	MAPPED	3		Opening paragraph: library and every generated matcher promise; 'It is the contract'.
C1-0002	8	N	References to docs/design/match_api_m4.md and docs/design/engine_m4.md are informational; they are never a second source of authority.	MAPPED	5		Design docs are 'informational background, never a second source of authority'.
C1-0003	9	N	On any disagreement between match_api.md and match_api_m4.md/engine_m4.md, match_api.md is what pcrec promises.	MAPPED	7		'where one disagrees with this document, this document is what pcrec promises'.
C1-0004	36	H	CHECK: the §6.3 mirror (stamp macros mirrored into rx_info) is partial, not total.	MAPPED	1392	stamp-scoping	'The mirror is partial.' with the per-field mirror column in the section 6 table (1136-1168).
C1-0005	42	H	The encoding residual entry <prefix>_next_pos is specified in §3.1.1, and the §3.1 find-all loop advances through it.	MAPPED	443	find-all	find-all loop calls <prefix>_next_pos (429-430); section 3.1.1 (508) specifies it. Both facts stated.
C1-0006	47	M	Measured: the §3.1 find-all loop compiled against real artifacts agrees with python3 re.finditer on 26 (pattern, subject) pairs x 2 engine arms (52 runs), with the lossy class checked as a strict subset in both directions (tests/encseam/).	MAPPED	480	find-all-measured	New: loop agrees with re.finditer on 22 of the 26 pairs in tests/encseam/findall_cases.txt, the other 4 lossy strict-subset (475-487). Verified file: 22 exact + 4 lossy = 26. Both engines/captures arms stated; '52 runs' total not stated.
C1-0007	53	M	CHECK: measured at the D56 refusal boundary between a{9795} and a{9796} (the refusal wording names an escape).	MAPPED	2532	compile-guarantees	Stated at 2477-2484 (a{9795} compiles, a{9796} refused, wording names --engine=vm which works). CAVEAT live probe: refusal only under --engine=dfa; default auto prints a note and falls back to VM for a{9796}, so new text omits the engine condition (pre-existing inaccuracy).
C1-0008	59	H	The encoding enumerator is spelled PCREC_ENC_BYTE (renamed from PCREC_ENC_ASCII).	MAPPED	2692	encodings-compiled	PCREC_ENC_BYTE (0) is the spelling (2612, 2435); -e ascii is an unknown encoding (2615). The rename from ASCII is history (not in new doc).
C1-0009	60	H	The byte-vs-character caveat of the find-all loop is resolved by §3.1.1 (<prefix>_next_pos), not deleted.	HISTORY			Statement about the old doc's own caveat text (how an earlier revision handled it); process/revision history, not a current-behaviour fact. The loop advancing via next_pos is mapped under C1-0005.
C1-0010	68	H	The sort key of rx_info's groups array is strcmp on the group name, matching libpcre2's PCRE2_INFO_NAMETABLE order.	MAPPED	1065	named-groups	Sorted by name via strcmp; libpcre2 PCRE2_INFO_NAMETABLE order, probe_named_groups.c, D59 (1030-1036).
C1-0011	68	H	The groups array is sorted (by strcmp on name) and therefore bsearch-able.	MAPPED	1065	named-groups	Sorted (name asc, number asc, strcmp) at 1030; bsearch-ability at 1045-1046 ('bsearch groups[0..nnames) by name').
C1-0012	76	H	Under --no-captures a named-groups build delivers group rows with slot -1; with captures on, rows carry a real slot.	MAPPED	1058	named-groups	slot -1 when build delivers none; captures-on '{ "b", 1, 1, NULL }' vs --no-captures '{ "b", 1, -1, NULL }' (1024-1029).
C1-0013	79	H	On captures-on builds the primary groups' slot equals the group number permanently.	MAPPED	718	match-caps	'for the primary pattern's own groups slot == number is permanent (D61...)' (695); also 1181-1183.
C1-0014	81	H	The latitude for a slot different from the group number applies only to future ref-bearing rows, not to primary groups.	MAPPED	718	match-caps	695 limits permanence to the primary's own groups and sends delivering rows to 5.4/5.5; 1188-1189 says rx_group_entry.slot stays the indirection for any other numbering. Same fact.
C1-0015	84	H	rx_info.ngroups carries a PERMANENT-PREFIX promise: caps slots 1..ngroups are this pattern's own groups forever.	MAPPED	1217	rx-info-counts	'ngroups is a PERMANENT PREFIX-LENGTH promise (D61)'; slots 1..ngroups are the pattern's own groups (1181-1183).
C1-0016	85	H	Mechanisms that insert groups (composition etc.) append after slots 1..ngroups and never interleave with them.	MAPPED	1220	rx-info-counts	'Slots above ngroups belong to insertion and composition mechanisms, which APPEND and never interleave with or renumber the prefix' (1184-1187).
C1-0017	88	H	Every emitted macro whose value is a property of pcrec's contract rather than of one artifact has one canonical unprefixed PCREC_* spelling in the shared PCREC_RX_ABI_H block.	MAPPED	87	abi-block	Shared block carries every macro whose VALUE is a pcrec-contract fact, unprefixed (84-90).
C1-0018	92	H	The give-up codes are spelled PCREC_ERR_STEPS/_FRAMES/_WORK/_RECURSE/_FLOOR (no per-prefix <PREFIX>_ERR_* spelling exists).	MAPPED	90	abi-block	PCREC_ERR_* named in the shared block (87); 'No per-prefix spelling of any of them exists' (90); constants at 167-171.
C1-0019	94	H	PCREC_ERR_FLOOR is -5 (it moved from -4 when PCREC_ERR_RECURSE joined the give-up codes).	MAPPED	174	abi-types	PCREC_ERR_FLOOR (-5) at 171 and 785. The -4 -> -5 move is history, not stated.
C1-0020	95	H	PCREC_ERR_INTERNAL lives in the same shared ABI block but is below the floor and is NOT a give-up.	MAPPED	176	abi-types	PCREC_ERR_INTERNAL (-6) in the shared block, 'NOT a give-up' (173, 786, 827).
C1-0021	98	H	The caps-array unset sentinel is PCREC_UNSET (no <PREFIX>_UNSET).	MAPPED	181	abi-types	PCREC_UNSET ((ptrdiff_t)-1) in the shared block (178, 87-88); no per-prefix spelling (90).
C1-0022	99	H	The nine D46 stamp bit constants are spelled PCREC_VM_RUNG_*, PCREC_VM_STRAT_*, PCREC_VM_PRUNE_* (no per-prefix spelling).	MAPPED	91	abi-block	Nine bit constants PCREC_VM_RUNG_*/STRAT_*/PRUNE_* in the shared block (88-90, 208-216).
C1-0023	102	H	The old per-prefix spellings of the moved macros are deleted, not aliased.	MAPPED	93	abi-block	'No per-prefix spelling of any of them exists' (90); the word 'alias' is not used but the fact (spelling gone) is the same.
C1-0024	103	H	PCREC_ENGINE_DFA and PCREC_ENGINE_VM name the values of rx_info.engine.	MAPPED	208	abi-types	PCREC_ENGINE_DFA 1 / PCREC_ENGINE_VM 2 (205-206); rx_info.engine row (1144) names them.
C1-0025	106	H	What stays per-prefix is exactly the set whose value varies per artifact: <PREFIX>_NCAPS, the budget/capacity macros, the D46 stamp masks (<PREFIX>_VM_RUNGS/_STRATS/_PRUNES), <PREFIX>_VM_PREFILTER and <PREFIX>_VM_PRUNE_CEILING.	MAPPED	94	abi-block	'What stays per-prefix is exactly what varies per artifact: <PREFIX>_NCAPS, the stamp macros (including the three masks), and the budget, capacity and sizing macros' (91-92); covers VM_PREFILTER/PRUNE_CEILING as stamp macros.
C1-0026	124	H	Every artifact exports <prefix>_search_in, <prefix>_match_in and <prefix>_match_caps_in on both engines (inert on a DFA artifact).	MAPPED	281	entry-inventory	Entry table row for the three _in entries (275); 'Every artifact exports all three' (2830); inert on DFA (2901-2906).
C1-0027	127	H	Every artifact declares <prefix>_buffers and carries five sizing macros and four additional rx_info fields for the §10 caller-provided frame buffer, on both engines, inert on a DFA artifact.	MAPPED	2953	buffers-sizing	Five sizing macros in the header on every artifact, four rx_info fields, <prefix>_buffers (2873-2906); inert on DFA (2901-2906).
C1-0028	131	M	Measured: <prefix>_search's stack frame is 131,216 B on a call-bearing artifact where <prefix>_search_in's is 144 B.	SUPERSEDED	1008	stack-headroom	New: <prefix>_search frame is 3,184 B (tiered), internal deep function 131,216 B, _in 144 B (974-986). Probe (-O2 -fstack-usage, ^(a(?1)?b)$ --features all): rx_search 3184, rx_search_deep 131216, rx_search_in 144. Old 'search frame 131,216' predates tiering.
C1-0029	133	M	Measured: the give-up boundary of the §10 change is unmoved: a 684-byte subject matches and 686 does not (PCREC_ERR_FRAMES).	MAPPED	2877	buffers-why	'matches up to a 684-byte subject and returns PCREC_ERR_FRAMES at a 686-byte one' (2797-2800).
C1-0030	134	M	Measured: the MAP_NORESERVE worked example matches an 800 KB subject in 0.057 s touching 90 MB.	MAPPED	3029	buffers-mmap-example	Table row 800 KB: match, 0.057 s, 90 MB RSS (2948).
C1-0031	142	H	CHECK: rx_info.abi is 27 in the revision note's text (stale; the artifact's abi is 71 per the K80 guard example).	SUPERSEDED	1319	abi	Old text said abi 27 (stale revision note). New: 'It is 71 on every artifact' (1281; 1138; guard 99-103). Probe: emitted '(abi 71)' and '.abi = 71'.
C1-0032	147	H	§4 points at docs/spec/limits.md for the numeric trigger defaults of the give-up codes.	MAPPED	902	limits-pointers	'Where the numbers live' paragraph names docs/spec/limits.md for the numeric defaults of budgets/capacities (868-874).
C1-0033	151	M	Measured on --no-captures '(?:foo|bar)\z': RX_ENGINE "dfa", RX_DFA_SCAN "unanchored", RX_DFA_PREFILTER "byte-class-bounded" are present.	MAPPED	797	whole-subject	(?:foo|bar)\z stamps RX_DFA_SCAN "unanchored" and RX_DFA_PREFILTER "byte-class-bounded" (763-765). Probe (--no-captures --features assertions): confirmed, RX_ENGINE dfa.
C1-0034	154	H	A consumer may #if on RX_ENGINE (the DFA stamp gap is discharged).	MAPPED	1425	stamp-scoping	'#if'ing on RX_ENGINE is safe on every artifact' (1379-1380); RX_ENGINE in the inventory as scope all (1409).
C1-0035	160	H	CHECK: every artifact of both engines has exactly one line in the shared prologue, #define <PREFIX>_TUNE "<token>", a closed five-token selection stamp of 23-28 bytes by token.	MAPPED	2363	stamp-tune	<PREFIX>_TUNE is a 'closed five-token string' on scope 'all' (1412, 2309). Probe: one '#define RX_TUNE "balanced"' line in the pre-#include prologue. NOT stated: 'one line in the shared prologue' placement and the 23-28 byte size (abi-27 bump delta, not a contract fact); placement is in tuning.md 5.3 (4225-4226).
C1-0036	164	H	CHECK: at the default dial position balanced nothing else moves (every cell of that row in src/core/tune.c is the em-dash sentinel and its deny mask is empty).	MAPPED	2364	stamp-tune	'At the default "balanced" nothing else differs from a build with no --tune flag' (2310-2311). Verified src/core/tune.c:34-35,79 (balanced row all sentinel, deny mask empty); the structural reason is not in new doc.
C1-0037	167	H	CHECK: a non-default dial position may move far more than the stamp, but no struct offset moves, no rx_info member is added or changed, and no answer moves at any position.	POINTED	2363	stamp-tune	New line 2309 points tuning.md 5.3 at the stamp. tuning.md:4235-4241 (no rx_info mirror/flags), 4183 and 4327-4330 (answer-preserving, answer identity across all five positions). 'May move far more than the stamp' and 'no struct offset moves' are not stated in match_api.md; weak pointer.
C1-0038	171	H	CHECK: every scan-edge-bearing DFA machine (or VM-hybrid inlined prefilter) has a trailing ; on its scan_views and scan_edge labels (clang -Wc23-extensions fix); no answer moves.	HISTORY			Abi-25 bump description (clang -Wc23-extensions label fix); emitted label punctuation is not caller-observable. Still true: probe emits 'rx_forward_scan_views:;' at c1a.c:234. Not stated in new doc.
C1-0039	178	H	Candidate match starts are character boundaries: every artifact carries #define PCREC_ERR_STARTPOS (-7) in the shared ABI block.	MAPPED	177	abi-types	PCREC_ERR_STARTPOS (-7) in the shared block (174, 787); boundary guard 9.2 (2635).
C1-0040	180	H	Under a multi-byte encoding the unanchored machine, ENG_ATTEMPT's start loop and the entries' boundary guard enforce that candidate match starts are character boundaries.	MAPPED	2849	engine-positions	9.5: every position the ENGINE generates (candidate starts, retry, first attempt at 0) is a character start; guard 9.2 for entries. ENG_ATTEMPT is not named.
C1-0041	183	H	CHECK: the VM's ASCII-FOLD class test is described at §6.3's _VM_CLS_FOLDS entry and docs/spec/tuning.md §2.22.	MAPPED	2114	stamp-vm-cls-folds	_VM_CLS_FOLDS (2062-2069) describes the ASCII-FOLD shape and cites tuning.md 2.22.
C1-0042	185	H	CHECK: every VM artifact carries the <PREFIX>_VM_ENTRY_SHAPE and <PREFIX>_VM_PROGRAM_BYTES stamps.	MAPPED	2071	stamp-vm-entry-shape	<PREFIX>_VM_ENTRY_SHAPE and _VM_PROGRAM_BYTES on every VM artifact (1439, 2019-2046).
C1-0043	187	H	CHECK: at VM entry-shape rungs shared/forward the three _in entries carry the body and the un-suffixed entries forward to them, with a static empty descriptor emitted.	POINTED	2072	stamp-vm-entry-shape	New 2029-2036 tabulates shared (forwarding entries) and forward (bodies in the _in entries, three forwards) and points tuning.md 2.21 (2021). The 'static empty descriptor' is only in tuning.md:1993-1994,2012. Probe (--vm-entry-shape=2/3, frameless VM): rx_search forwards to rx_search_in via 'static const rx_buffers rx_no_buffers' at both rungs.
C1-0044	190	H	CHECK: the scan-edge entry-seed dispatch is generalised to is_stop && !is_dead, and precondition (8) admits an edge only where the seed AND the prefilter reseeds.	POINTED	1702	stamp-dfa-scan-edge	New 1651-1655 names tuning.md 2.18 for the scan edge. tuning.md:1593-1635 states the entry test 'is_stop && !is_dead' and precondition (8) ('a machine whose prefilter reseeds may decline an edge'). Not in match_api.md.
C1-0045	194	H	CHECK: on a composed artifact groups[] gains the definitions' delivered rows under a leading SCOPE sort key, so nentries exceeds nnames; invisible on a non-composed compile.	MAPPED	1144	composition	Composed artifact: groups[] sorted (caller-scope first, name, number); nentries - nnames = site-scoped rows (1108-1118, 1036-1037). Non-composed unaffected (1057-1058).
C1-0046	198	H	CHECK: a flat alternation whose language is a finite literal set is emitted as a trie dispatch rather than vm_alt's serial resume chain, with a <PREFIX>_VM_ALT_ISLANDS count.	MAPPED	2100	stamp-vm-alt-islands	VM_ALT_ISLANDS: trie dispatch over literal alternatives instead of the serial resume chain (2048-2056).
C1-0047	202	H	CHECK: always_inline is applied to a frameless VM artifact's entry-chain helpers, and the uniform-table fold carries a <PREFIX>_DFA_UNIFORM_FOLDS stamp.	MAPPED	2057	stamp-vm-frameless	VM_FRAMELESS: 1 makes the entry-chain statics eligible for always_inline (2005-2013); DFA_UNIFORM_FOLDS (1634-1644).
C1-0048	205	H	CHECK: the start-pinned search is stamped by rx_info.search_form and <PREFIX>_DFA_START.	MAPPED	1723	stamp-dfa-start	DFA_START stamp and rx_info.search_form (1675-1692, 1162).
C1-0049	210	H	§8.2 states plainly, before its field table, which encodings are implemented (CHECK: the note says byte is the only one, stale since utf8 shipped).	SUPERSEDED	2692	encodings-compiled	Old 'byte is the only encoding implemented' is stale. New 9.1: byte (0) and utf8 (1) both compile; other values refused (2612-2616). Probe: build/pcrec -e utf8 --pattern 'a.b' rc=0; -e ascii: unknown encoding (want byte, utf8).
C1-0050	213	H	§3.6 documents whole-subject / end-anchored matching via the (?:P)\z idiom.	MAPPED	769	whole-subject	Section 3.6 'Whole-subject and end-anchored matching: the (?:P)\z idiom' (737-766).
C1-0051	215	H	There is no native end-anchored entry, so whole-subject matching is expressed as the (?:P)\z idiom.	MAPPED	771	whole-subject	'There is no end-anchored entry'; caller compiles (?:P)\z (739-742).
C1-0052	216	H	$ is the wrong anchor for whole-subject matching: (?:foo)$ matches "foo\n" at [0,3) while (?:foo)\z on the same subject reports no match.	MAPPED	781	whole-subject	'\z, not $': (?:foo)$ matches "foo\n" at [0,3) while (?:foo)\z does not (747-751).
C1-0053	217	H	A naive _match_caps(...) == n test is sufficient but not necessary for whole-subject matching.	MAPPED	786	whole-subject	'Testing length == n on the ordinary anchored entry ... sufficient but not necessary' (752-753).
C1-0054	218	M	Measured: pattern a|ab on subject "ab" reports [0,1), while (?:a|ab)\z on the same subject reports [0,2) via the alternative the naive test never tries.	MAPPED	788	whole-subject	a|ab anchored over "ab" reports [0,1); (?:a|ab)\z reports [0,2) (754-757).
C1-0055	222	H	The (?:P)\z idiom is RULED permanent (D77, plan row [OS-4], 2026-08-25); it is not a stopgap awaiting a future generation axis.	MAPPED	775	whole-subject	'The idiom is permanent (D77, plan row [OS-4])... no end-anchored generation axis is built' (743-745).
C1-0056	224	M	Measured: whole-subject artifacts on --no-captures '(?:foo|bar)\z' and '(?:foo)\z' carry RX_DFA_SCAN "unanchored" and RX_DFA_PREFILTER "byte-class-bounded" / "memchr-bounded" respectively (the -bounded forms §6.3 documents for a \z view).	MAPPED	797	whole-subject	Stated at 763-765, BUT part is now false in new doc and old: probe shows '(?:foo)\z' stamps RX_DFA_PREFILTER "run-pinned-bounded" (RX_REQ_WHY "dominated"); "memchr-bounded" only under -fno-run-prefilter. '(?:foo|bar)\z' byte-class-bounded is correct. Needs a spec fix at 764-765.
C1-0057	229	H	§3.1.1 states the utf8 advance as normative text: from pos + 1, past every byte in 0x80-0xBF.	MAPPED	576	next-pos-utf8	Normative rule at 555-556: from pos + 1 advance past every byte in 0x80-0xBF, stopping at the first byte outside or at n.
C1-0058	232	H	The utf8 advance rule defines <prefix>_next_pos on ill-formed input, where "the next character boundary" had no single reading.	MAPPED	572	next-pos-utf8	'Under utf8 the advance is defined on every input, well-formed or not' (551); ill-formed degrades to the next non-continuation byte (558-561).
C1-0059	245	N	Every symbol a pattern compile can produce falls into one of three groups: per-artifact (prefix-scoped), pcrec's fixed library surface, and fixed-literal ABI types.	MAPPED	41	namespaces	'Every symbol a pattern compile can produce falls into one of three groups' (41); groups at 44, 57, 74.
C1-0060	248	N	Boundary case: the two artifact-stamp macros PCREC_FEATURE_SET and PCREC_FEATURE_MODULES are PCREC_*-named yet per-artifact.	MAPPED	65	library-surface	Exception clause: PCREC_FEATURE_SET / _MODULES are PCREC_*-named yet PER-ARTIFACT, declared nowhere in lib/pcrec.h (62-69).
C1-0061	251	N	Per-artifact symbols are scoped by the caller's pcrec_options.prefix, default "rx".	MAPPED	44	per-artifact-symbols	Per-artifact symbols scoped by pcrec_options.prefix (default "rx") (44-45).
C1-0062	252	N	<prefix>_search is a per-artifact symbol scoped by the prefix.	MAPPED	45	per-artifact-symbols	<prefix>_search listed (45).
C1-0063	252	N	<prefix>_match is a per-artifact symbol scoped by the prefix.	MAPPED	45	per-artifact-symbols	<prefix>_match listed (45-46).
C1-0064	252	N	<prefix>_match_caps is a per-artifact symbol scoped by the prefix.	MAPPED	46	per-artifact-symbols	<prefix>_match_caps listed (46).
C1-0065	252	N	<prefix>_info is a per-artifact symbol scoped by the prefix.	MAPPED	48	per-artifact-symbols	data symbol <prefix>_info listed (48).
C1-0066	253	N	<prefix>_next_pos (§3.1.1) is a per-artifact symbol scoped by the prefix.	MAPPED	47	per-artifact-symbols	<prefix>_next_pos listed (47); section 3.1.1.
C1-0067	254	N	<prefix>_valid_upto (§3.1.2, [UTF-VALID]) is a per-artifact symbol scoped by the prefix.	MAPPED	47	per-artifact-symbols	<prefix>_valid_upto listed (47); section 3.1.2.
C1-0068	254	N	The <PREFIX>_* macro family (RX_NCAPS and the D46 observability macros of §6.3) is scoped by the uppercased prefix.	MAPPED	50	per-artifact-symbols	'<PREFIX>_* macro family (<PREFIX>_NCAPS, the sizing macros, the stamp macros of 6.3)' (50-51).
C1-0069	256	N	A pattern compiled with -p foo gets foo_search and FOO_NCAPS (verified by reading the emitted header).	MAPPED	51	per-artifact-symbols	'A pattern compiled with -p foo gets foo_search, FOO_NCAPS, and so on' (51-52). 'verified by reading the emitted header' is not restated.
C1-0070	258	N	The CLI spells the prefix option -p and only -p; there is no --prefix long form and `pcrec --prefix foo ...` is an unknown-option error.	MAPPED	52	per-artifact-symbols	'The CLI spells the option -p only; there is no --prefix long form (pcrec --prefix foo ... is an unknown-option error)' (52-53). Probe: --prefix gives "unknown option '--prefix'".
C1-0071	261	H	RX_UNSET and RX_ERR_* are not in the per-prefix family; they are the fixed unprefixed PCREC_* constants in the ABI block and no <PREFIX>_* spelling exists, no alias.	MAPPED	93	abi-block	'No per-prefix spelling of any of them exists' (90) for the PCREC_ERR_*/PCREC_UNSET constants; RX_UNSET/RX_ERR_* names themselves not mentioned.
C1-0072	267	N	Group 2 is pcrec's own fixed library surface: the PCREC_* enum/bit constants and the pcrec_options, pcrec_output, pcrec_error and pcrec_err_input types declared in lib/pcrec.h.	MAPPED	60	library-surface	Library surface: PCREC_* enum and bit constants and pcrec_options/pcrec_output/pcrec_error/pcrec_err_input types in lib/pcrec.h (57-59).
C1-0073	269	N	The group-2 library surface is never scoped by a generated pattern's prefix.	MAPPED	62	library-surface	'These are never scoped by a pattern's prefix' (59-60).
C1-0074	272	N	The PCREC_* spelling is not by itself a promise that a name lives in lib/pcrec.h.	MAPPED	65	library-surface	PCREC_* names only pcrec's enum/bit constants with one exception, FEATURE_SET/_MODULES, per-artifact and not in lib/pcrec.h (62-69) -- same reader takeaway.
C1-0075	274	N	Every emitted artifact carries PCREC_FEATURE_SET (D37 artifact stamp, e.g. "std1").	MAPPED	67	library-surface	Every artifact carries PCREC_FEATURE_SET, e.g. "std1" (64-65); stamp section 6.3.11 (2304).
C1-0076	275	N	Every emitted artifact carries PCREC_FEATURE_MODULES (D37 artifact stamp, e.g. "classes,modifiers").	MAPPED	68	library-surface	PCREC_FEATURE_MODULES, e.g. "classes,modifiers" (65-66, 2304-2306).
C1-0077	278	N	PCREC_FEATURE_SET and PCREC_FEATURE_MODULES are PCREC_*-named, per-artifact, and declared nowhere in lib/pcrec.h.	MAPPED	69	library-surface	'PCREC_*-named, PER-ARTIFACT, and declared nowhere in lib/pcrec.h' (66-68).
C1-0078	279	N	PCREC_FEATURE_SET and PCREC_FEATURE_MODULES are the only exception to §8's naming rule; every other PCREC_* name follows it.	MAPPED	65	library-surface	62-64: PCREC_* names only enum/bit constants 'with one exception' (the two stamps). Same fact, not worded as 'section 8 naming rule'.
C1-0079	282	N	Group 3 is the fixed-literal ABI types, scoped by neither the caller's prefix nor pcrec's library surface.	MAPPED	76	abi-block	Shared ABI block: 'scoped by neither of the above' (73-75).
C1-0080	283	N	The six group-3 types are rx_ctx, rx_matchfn, rx_callout_ref, rx_renderfn, rx_group_entry and struct rx_info, declared in that order.	SUPERSEDED	78	abi-block	New: SEVEN types in order rx_var, rx_ctx, rx_matchfn, rx_callout_ref, rx_renderfn, rx_group_entry, struct rx_info (75-77, block 129-203). Probe: emitted header declares struct rx_var first (t2.h:14). Old list of six predates module vars.
C1-0081	285	N	The group-3 types are always spelled rx_* regardless of the prefix.	MAPPED	80	abi-block	'They are spelled rx_* regardless of the prefix' (77-78).
C1-0082	286	N	The fixed rx_* types let two differently-prefixed generated matchers compose in one translation unit (a compiled matcher links directly as another's callout, with no adapter).	MAPPED	80	abi-block	'so that two differently-prefixed matchers compose in one translation unit (one matcher links directly as another's callout, with no adapter)' (77-80).
C1-0083	289	N	The six group-3 types live inside their own #ifndef PCREC_RX_ABI_H guard, separate from the per-prefix PCREC_GEN_<PREFIX>_H guard wrapping the rest of the file.	MAPPED	83	abi-block	Types live inside their own PCREC_RX_ABI_H guard, separate from the per-prefix PCREC_GEN_<PREFIX>_H guard (80-82).
C1-0084	292	N	Two artifacts compiled with different prefixes and #included into one TU declare the group-3 types identically and do not collide.	MAPPED	80	abi-block	Composition in one TU stated (77-79); the guard mechanics (80-82, 106-107) give the no-collision reason.
C1-0085	293	M	Confirmed: -p rx and -p foo builds of the same pattern emit byte-identical #ifndef PCREC_RX_ABI_H blocks.	MAPPED	85	abi-block	'-p rx and -p foo builds of one pattern emit byte-identical blocks' (82).
C1-0086	297	N	K80 (abi 54): the value of the PCREC_RX_ABI_H guard macro is the abi number (e.g. #define PCREC_RX_ABI_H 71).	MAPPED	98	abi-guard	'The guard's value is the abi' (95); #define PCREC_RX_ABI_H 71 (103). The K80 / abi 54 label is only in 107-110 ('older than abi 54').
C1-0087	300	N	Every artifact's ABI block opens with #if defined(PCREC_RX_ABI_H) && (PCREC_RX_ABI_H + 0) != <abi> followed by an #error, then #ifndef PCREC_RX_ABI_H / #define PCREC_RX_ABI_H <abi>.	MAPPED	101	abi-guard	Code block 98-104 gives the #if defined(PCREC_RX_ABI_H) && (PCREC_RX_ABI_H + 0) != 71 / #error / #ifndef / #define sequence.
C1-0088	302	N	The #error text reads: "pcrec: this artifact (abi N) shares a translation unit with an artifact of a different abi; regenerate both with one pcrec".	MAPPED	103	abi-guard	#error text quoted at 100: "pcrec: this artifact (abi 71) shares a translation unit with an artifact of a different abi; regenerate both with one pcrec".
C1-0089	308	N	Artifacts of one abi share the first ABI block in a TU.	MAPPED	109	abi-guard	'artifacts of one abi share the first block' (106).
C1-0090	309	N	An artifact of a different abi (whose types may differ) included into the same TU fails to compile via #error instead of silently using the first block's types.	MAPPED	109	abi-guard	'an artifact of another abi (whose types may differ) fails to compile, naming the cause' (106-108).
C1-0091	311	N	The abi guard is one guard with a value, not a guard name per abi (two keyed guards would let both blocks through and fail on a struct redefinition).	MAPPED	98	abi-guard	One guard whose VALUE is the abi (95-104). The rationale (two keyed guards would let both blocks through and fail on a struct redefinition) is not stated.
C1-0092	313	N	The `+ 0` in the abi guard test makes it refuse a pre-54 artifact included first (whose guard is defined empty).	MAPPED	110	abi-guard	'+ 0 makes the test refuse an artifact older than abi 54 included first (its guard is defined empty)' (107-109).
C1-0093	314	N	A pre-54 artifact included AFTER a 54-or-later one is not refused (its own #ifndef predates the rule).	MAPPED	112	abi-guard	'an artifact older than 54 included AFTER a newer one is not refused, because its own #ifndef predates the rule' (109-110).
C1-0094	317	N	The shared guarded ABI block carries every emitted macro whose value is a pcrec-contract fact, unprefixed.	MAPPED	87	abi-block	Same block carries every macro whose VALUE is a pcrec-contract fact, unprefixed (84-86).
C1-0095	319	N	The contract-fact macros are emitted unconditionally on every artifact, DFA-only included (reserved but unreachable).	MAPPED	88	abi-block	'emitted unconditionally on every artifact, a DFA-only one included' (85-86; 244-248). 'reserved but unreachable' is conveyed at 247-248 and 795-798.
C1-0096	322	N	The shared ABI block carries PCREC_ERR_STEPS, PCREC_ERR_FRAMES, PCREC_ERR_WORK, PCREC_ERR_RECURSE and PCREC_ERR_FLOOR (the give-up code space, §4).	MAPPED	90	abi-block	Give-up and refusal codes PCREC_ERR_* named in the block (87; 777).
C1-0097	324	N	PCREC_ERR_RECURSE joined the give-up codes and PCREC_ERR_FLOOR moved from -4 to -5 at [DD-14] wave A (D71 item 1).	HISTORY			Describes the DD-14 wave A change event (RECURSE joined, FLOOR -4 -> -5). Current values stated at 170-171 and 784-785; the move itself is history.
C1-0098	325	N	The shared ABI block carries the below-the-floor PCREC_ERR_INTERNAL, which is NOT a give-up.	MAPPED	176	abi-types	PCREC_ERR_INTERNAL (-6), below PCREC_ERR_FLOOR, 'NOT a give-up' (173, 786).
C1-0099	326	N	The shared ABI block carries PCREC_ERR_STARTPOS, PCREC_ERR_UNSET_VAR and PCREC_ERR_UTF, the caller-refusal siblings of PCREC_ERR_INTERNAL (§4).	MAPPED	177	abi-types	STARTPOS/UNSET_VAR/UTF defined in the block (174-176) and tabulated as below-the-floor refusals (787-789).
C1-0100	328	N	The shared ABI block carries the caps-array unset sentinel PCREC_UNSET (§5).	MAPPED	181	abi-types	PCREC_UNSET in the block (178, 87-88).
C1-0101	329	N	The shared ABI block carries PCREC_ENGINE_DFA and PCREC_ENGINE_VM (§6).	MAPPED	208	abi-types	PCREC_ENGINE_DFA / _VM in the block (205-206, 88).
C1-0102	330	N	The shared ABI block carries the nine D46 stamp bit constants PCREC_VM_RUNG_CURSOR/_FRAMES_BOUNDED/_FRAMES_UNBOUNDED/_REVDET/_COUNTER, PCREC_VM_STRAT_POSSESSIVE/_BACKTRACKING, PCREC_VM_PRUNE_CLAMPED/_UNCLAMPED (§6.3).	MAPPED	211	abi-types	Nine stamp bit constants listed at 208-216 and named at 88-90.
C1-0103	334	N	The old <PREFIX>_* spellings of the moved macros are deleted, not aliased.	MAPPED	93	abi-block	'No per-prefix spelling of any of them exists' (90).
C1-0104	335	N	What stays per-prefix is <PREFIX>_NCAPS plus the D46 stamp MASKS and the budget/capacity macros of §6.3, because their values vary per artifact.	MAPPED	94	abi-block	'What stays per-prefix is exactly what varies per artifact: <PREFIX>_NCAPS, the stamp macros (including the three masks), and the budget, capacity and sizing macros' (91-92).
C1-0105	339	N	A generated artifact is either self-contained (options.header_name == NULL, everything in the .c) or split into a paired .h/.c (options.header_name set).	MAPPED	116	artifact-forms	Self-contained .c (header_name == NULL) or .c plus paired .h (header_name set) (113-116).
C1-0106	341	N	Both the self-contained and the split form carry identical declarations.	MAPPED	119	artifact-forms	'Both forms carry the same declarations' (116-117).
C1-0107	343	N	The self-contained form omits the PCREC_GEN_<PREFIX>_H include guard entirely (there is no header to guard).	MAPPED	120	artifact-forms	'The self-contained form has no PCREC_GEN_<PREFIX>_H guard (there is no header to guard)' (117-118).
C1-0108	344	M	Measured with header_name == NULL: zero occurrences of the PCREC_GEN_<PREFIX>_H guard, against three in the split form's .h.	MAPPED	120	artifact-forms	Zero-guard fact stated (117-118). The 'three occurrences in the split .h' count is not. Probe: split .h has 3 (c1s.h lines 2,3,221), self-contained has none.
C1-0109	347	N	The D46 observability macros of §6.3 are emitted into the .c only, never into the .h.	MAPPED	124	artifact-forms	'the stamp macros of 6.3 are emitted into the .c only' (121-122, 1346-1349); the shared contract constants and NCAPS/sizing macros are in the .h.
C1-0110	355	N	rx_ctx.subject is `const unsigned char *`, the whole subject, not a slice.	MAPPED	145	abi-types	rx_ctx.subject: 'whole subject, not a slice' (142). Type const unsigned char *.
C1-0111	357	N	rx_ctx.len is a size_t holding the subject length.	MAPPED	146	abi-types	rx_ctx.len size_t 'subject length' (143).
C1-0112	358	N	rx_ctx.pos is a size_t naming where to match, anchored.	MAPPED	147	abi-types	rx_ctx.pos size_t 'where to match, anchored' (144).
C1-0113	359	N	rx_ctx.ncap is a size_t: the capture slots known so far (a watermark mid-match; ncaps on completion).	MAPPED	148	abi-types	rx_ctx.ncap size_t 'capture slots known so far (watermark mid-match; ncaps on completion)' (145-146); 233-235 adds that no producer exists for the watermark reading.
C1-0114	361	N	rx_ctx.caps is `const ptrdiff_t (*)[2]` holding [start,end) pairs; {-1,-1} means unset.	MAPPED	150	abi-types	rx_ctx.caps const ptrdiff_t (*caps)[2], '[start,end); {-1,-1} = unset' (147).
C1-0115	362	N	rx_ctx.user is a `void *` of per-binding user data.	MAPPED	151	abi-types	rx_ctx.user void *, 'per-binding user data' (148).
C1-0116	365	N	An rx_matchfn returns the matched length >= 0 (anchored at ctx->pos), -1 on fail, or a typed give-up code in [PCREC_ERR_FLOOR, -2].	MAPPED	157	abi-types	rx_matchfn return space in the block comment (154-164) and 225-229.
C1-0117	367	N	There is one typed give-up code per way the engine can give up (PCREC_ERR_STEPS/_FRAMES/_WORK/_RECURSE).	MAPPED	158	abi-types	'one per way the engine can give up (PCREC_ERR_STEPS/_FRAMES/_WORK/_RECURSE)' (155-156).
C1-0118	367	N	D49: give-up codes PROPAGATE through an rx_matchfn; they are not collapsed to -1, and a caller doing an exact `== -1` test sees them as distinct values.	MAPPED	159	abi-types	D49: 'those codes PROPAGATE, they are not collapsed to -1, and a caller doing an exact == -1 test sees them as distinct values' (156-158; 715-722).
C1-0119	370	N	Values strictly BELOW PCREC_ERR_FLOOR stay RESERVED for a future abort semantic.	MAPPED	161	abi-types	'Values strictly BELOW PCREC_ERR_FLOOR stay RESERVED for a future abort semantic' (158-160); 820-825.
C1-0120	371	N	PCREC_ERR_INTERNAL ([DD-14] wave A commit 2, D71 item 1) is the first producer of a below-the-floor value.	MAPPED	163	abi-types	'PCREC_ERR_INTERNAL ([DD-14] wave A commit 2, D71 item 1) is its first producer' (160-162).
C1-0121	373	N	A generated call site that invokes an rx_matchfn traps on a below-the-floor return.	MAPPED	165	abi-types	'a generated call site that invokes an rx_matchfn traps on one' (162-163); 850-866 adds the PCREC_ERR_UTF exception.
C1-0122	374	N	An rx_matchfn is self-contained: it must accept ctx->ncap == 0 and ctx->caps == NULL.	MAPPED	167	abi-types	'Self-contained: must accept ctx->ncap == 0, ctx->caps == NULL' (164; 228-229).
C1-0123	375	N	rx_matchfn is `typedef ptrdiff_t rx_matchfn(const rx_ctx *ctx)`.	MAPPED	168	abi-types	typedef ptrdiff_t rx_matchfn(const rx_ctx *ctx); (165).
C1-0124	377	N	PCREC_ERR_STEPS is (-2).	MAPPED	170	abi-types	#define PCREC_ERR_STEPS (-2) (167; 781).
C1-0125	378	N	PCREC_ERR_FRAMES is (-3).	MAPPED	171	abi-types	#define PCREC_ERR_FRAMES (-3) (168; 782).
C1-0126	379	N	PCREC_ERR_WORK is (-4).	MAPPED	172	abi-types	#define PCREC_ERR_WORK (-4) (169; 783).
C1-0127	380	N	PCREC_ERR_RECURSE is (-5).	MAPPED	173	abi-types	#define PCREC_ERR_RECURSE (-5) (170; 784).
C1-0128	380	N	CHECK: PCREC_ERR_RECURSE is reserved with no producer yet (D71 item 1) per the emitted comment.	MAPPED	173	abi-types	'[DD-14] reserved: no producer yet (D71 item 1)' (170); 784, 795-798. Verified src/gen/emit_dfa.c:1942 emits the same comment and no arm returns R_RECURSE (emit_vm.c:13487).
C1-0129	381	N	PCREC_ERR_FLOOR is (-5); give-ups occupy [FLOOR, -2]; values below are reserved (D49).	MAPPED	174	abi-types	#define PCREC_ERR_FLOOR (-5) 'give-ups: [FLOOR,-2]; below: reserved (D49)' (171; 785).
C1-0130	382	N	PCREC_ERR_INTERNAL is (-6); it is below PCREC_ERR_FLOOR and is NOT a give-up (D71 item 1).	MAPPED	176	abi-types	#define PCREC_ERR_INTERNAL (-6) 'NOT a give-up, D71 item 1' (173; 786).
C1-0131	383	N	PCREC_ERR_STARTPOS is (-7); it is below the floor and means a mid-character startpos was REFUSED ([K50]).	MAPPED	177	abi-types	#define PCREC_ERR_STARTPOS (-7) 'a mid-character startpos was REFUSED' (174; 787).
C1-0132	384	N	PCREC_ERR_UNSET_VAR is (-8); it is below the floor and means an UNSET or ill-formed variable value was REFUSED ([VAR]).	MAPPED	178	abi-types	#define PCREC_ERR_UNSET_VAR (-8) (175; 788).
C1-0133	385	N	PCREC_ERR_UTF is (-9); it is below PCREC_ERR_FLOOR, NOT a give-up, and means an ill-formed subject was REFUSED (-futf-check; [UTF-VALID]).	MAPPED	179	abi-types	#define PCREC_ERR_UTF (-9) 'an ill-formed subject was REFUSED (-futf-check)' (176; 789).
C1-0134	387	N	PCREC_UNSET is ((ptrdiff_t)-1), the caps-array unset sentinel.	MAPPED	181	abi-types	#define PCREC_UNSET ((ptrdiff_t)-1) (178, 884).
C1-0135	389	N	rx_callout_ref is a struct holding `rx_matchfn *fn` and `void *user`.	MAPPED	183	abi-types	rx_callout_ref { rx_matchfn *fn; void *user; } (180-183).
C1-0136	394	N	rx_renderfn is emitted ONLY when a substitution template names it.	MAPPED	188	abi-types	Block comment 'Emitted ONLY when a substitution template names it' (185); 238-239 refines: the typedef is in every artifact's block, a FUNCTION of this type only when a template names one.
C1-0137	395	N	An rx_renderfn renders one template segment from the same rx_ctx a callout receives.	MAPPED	189	abi-types	'Renders one template segment from the same rx_ctx a callout receives' (186-187).
C1-0138	396	N	An rx_renderfn writes at most outcap bytes to out and returns the number of bytes produced, or -1 to fail.	MAPPED	190	abi-types	'Writes at most outcap bytes to out; returns the number of bytes produced, or -1 to fail' (187-188).
C1-0139	397	N	Called with out == NULL and outcap == 0, an rx_renderfn returns the length it WOULD produce and writes nothing.	MAPPED	191	abi-types	'Called with out == NULL and outcap == 0, it returns the length it WOULD produce, writing nothing' (188-189; 236-238).
C1-0140	399	N	rx_renderfn is `typedef ptrdiff_t rx_renderfn(const rx_ctx *ctx, unsigned char *out, size_t outcap)`.	MAPPED	193	abi-types	typedef ptrdiff_t rx_renderfn(const rx_ctx *ctx, unsigned char *out, size_t outcap); (190-191).
C1-0141	402	N	rx_group_entry is a struct with fields `const char *name`, `int number`, `int slot`, `const char *ref`.	MAPPED	196	abi-types	rx_group_entry fields name, number, slot, ref (193-199).
C1-0142	405	N	rx_group_entry.slot is the caps[] index this entry delivers, or -1 if this build delivers no slot for it.	MAPPED	199	abi-types	slot: 'caps[] index this entry delivers, or -1 if this build delivers no slot for it' (196-197; 240-241).
C1-0143	407	N	rx_group_entry.ref is NULL/empty for the primary's own groups.	MAPPED	201	abi-types	'NULL/empty for the primary's own groups' (198; 241).
C1-0144	442	N	[DD-13b.W1.3] on a composed artifact (pcrec --source) an rx_group_entry row whose ref is non-NULL names the DEFINITION that declared the group; that row is a library's group seen by the caller (§6 composition).	MAPPED	244	abi-types	'ref ... names the bound definition on a delivered row of a composed artifact (5.5)' (241-243); 1115-1118 (ref non-NULL on every delivered row, says which definition).
C1-0145	410	N	struct rx_info's full field list is quoted in §6 (the §2 block elides its body).	MAPPED	132	abi-types	'only struct rx_info's body is elided here; 6 lists it field by field' (129-130; 201-203).
C1-0146	414	N	PCREC_ENGINE_DFA is 1.	MAPPED	208	abi-types	#define PCREC_ENGINE_DFA 1 (205; 1144).
C1-0147	415	N	PCREC_ENGINE_VM is 2.	MAPPED	209	abi-types	#define PCREC_ENGINE_VM 2 (206; 1144).
C1-0148	417	N	PCREC_VM_RUNG_CURSOR is 0x1u.	MAPPED	211	abi-types	PCREC_VM_RUNG_CURSOR 0x1u (208).
C1-0149	418	N	PCREC_VM_RUNG_FRAMES_BOUNDED is 0x2u.	MAPPED	212	abi-types	PCREC_VM_RUNG_FRAMES_BOUNDED 0x2u (209).
C1-0150	419	N	PCREC_VM_RUNG_FRAMES_UNBOUNDED is 0x4u.	MAPPED	213	abi-types	PCREC_VM_RUNG_FRAMES_UNBOUNDED 0x4u (210).
C1-0151	420	N	PCREC_VM_RUNG_REVDET is 0x8u.	MAPPED	214	abi-types	PCREC_VM_RUNG_REVDET 0x8u (211).
C1-0152	421	N	PCREC_VM_RUNG_COUNTER is 0x10u.	MAPPED	215	abi-types	PCREC_VM_RUNG_COUNTER 0x10u (212).
C1-0153	422	N	PCREC_VM_STRAT_POSSESSIVE is 0x1u.	MAPPED	216	abi-types	PCREC_VM_STRAT_POSSESSIVE 0x1u (213).
C1-0154	423	N	PCREC_VM_STRAT_BACKTRACKING is 0x2u.	MAPPED	217	abi-types	PCREC_VM_STRAT_BACKTRACKING 0x2u (214).
C1-0155	424	N	PCREC_VM_PRUNE_CLAMPED is 0x1u.	MAPPED	218	abi-types	PCREC_VM_PRUNE_CLAMPED 0x1u (215).
C1-0156	425	N	PCREC_VM_PRUNE_UNCLAMPED is 0x2u.	MAPPED	219	abi-types	PCREC_VM_PRUNE_UNCLAMPED 0x2u (216).
C1-0157	427	N	`extern const struct rx_info <prefix>_info;` is per-prefix and lives OUTSIDE the PCREC_RX_ABI_H guard.	MAPPED	223	abi-types	'extern const struct rx_info <prefix>_info; is per-prefix and is declared outside the block' (220-221).
C1-0158	430	N	The §2 block is the emitted text verbatim except that the struct rx_info body is elided to §6 and the <prefix>_info extern is outside the guard.	MAPPED	132	abi-types	Block is 'verbatim from a default -p rx artifact ... (only struct rx_info's body is elided)' (129-130); extern outside the block (220-221).
C1-0159	437	N	rx_renderfn carries a sizing protocol (shipped ABI text): called with out == NULL and outcap == 0 it writes nothing and returns the length it would produce, so a caller can size a buffer before rendering.	MAPPED	239	abi-types	'rx_renderfn carries a sizing protocol: called with out == NULL and outcap == 0 it writes nothing and returns the length it would produce' (236-238).
C1-0160	441	N	The artifact documents rx_group_entry.ref only as "NULL/empty for the primary's own groups"; the composed-artifact producer is specified in §6.	MAPPED	244	abi-types	rx_group_entry bullet (240-243): ref is NULL for the primary's own groups and names the bound definition on a composed artifact (5.5). Whether 'the artifact documents only' is no longer a point.
C1-0161	447	N	Every macro in the §2 ABI block is UNPREFIXED and byte-identical across every --prefix.	MAPPED	250	abi-types	'Every macro in the block is unprefixed and identical under every prefix' (244-245).
C1-0162	450	N	The rx_matchfn comment carries no <PREFIX> placeholder, because the macros it names no longer vary per artifact.	MAPPED	157	abi-types	The block's rx_matchfn comment is quoted verbatim (154-164) and names only PCREC_ERR_* with no <PREFIX> placeholder; the 'because they no longer vary per artifact' reason is at 244-245.
C1-0163	452	N	The nine D46 stamp bit constants and the two engine constants (PCREC_ENGINE_DFA/_VM) are emitted unconditionally, even on a DFA-only artifact that never produces a VM stamp value or a give-up code.	MAPPED	251	abi-types	'emitted even on an artifact that can never produce the value (a DFA-only artifact never returns a give-up code and never stamps a VM mask)' (245-248; 84-87).
C1-0164	459	N	<PREFIX> still appears elsewhere in the artifact: struct rx_info's ncaps field comment reads "this artifact's own <PREFIX>_NCAPS".	MAPPED	1177	rx-info-fields	resolved by the rx_info table row 4 (ncaps == <PREFIX>_NCAPS); the emitted member comment is a gloss of that row
C1-0165	461	N	<PREFIX>_NCAPS is a per-artifact VALUE and stays per-prefix on purpose.	MAPPED	94	abi-block	<PREFIX>_NCAPS stays per-prefix because it varies per artifact (91-92); 890-891 ('a property of the ARTIFACT').
C1-0166	465	N	rx_info is a struct TAG, not a typedef; every reference spells `struct rx_info`.	MAPPED	257	rx-info-tag	'rx_info is a struct TAG, not a typedef. Every emitted reference spells struct rx_info' (251-252).
C1-0167	467	N	No bare `rx_info` typedef exists anywhere in an emitted header (it emits `struct rx_info { ... };` and `extern const struct rx_info <prefix>_info;`).	MAPPED	258	rx-info-tag	'no bare rx_info type exists' (252-253); extern const struct rx_info <prefix>_info at 220.
C1-0168	471	N	Under the default prefix "rx" the per-artifact instance <prefix>_info is the identifier rx_info, byte-identical to the type's name, so a typedef of that name cannot coexist with it; struct tags live in a separate C namespace so `struct rx_info` and the instance rx_info coexist.	MAPPED	258	rx-info-tag	'under the default prefix the per-artifact instance <prefix>_info is the identifier rx_info, which a typedef of the same name could not coexist with' (252-254). Separate struct-tag namespace is implied, not spelled out.
C1-0169	477	N	An embedder writing code against a generated header declares `const struct rx_info *`, never a bare `rx_info`.	MAPPED	260	rx-info-tag	'An embedder declares const struct rx_info *' (254-255).
C1-0170	480	N	The struct-tag spelling of rx_info is RULED, not provisional (D57, 2026-08-18); the design sketch's typedef form is dead.	MAPPED	262	rx-info-tag	'This spelling is ruled (D57), not provisional' (256-257). The 'design sketch typedef form is dead' clause is not restated.
C1-0171	483	N	A consumer wanting a typedef'd name ships `typedef struct rx_info rx_info_t;` in its own header, which touches nothing pcrec emits.	MAPPED	261	rx-info-tag	'a consumer that wants a typedef'd name declares its own, e.g. typedef struct rx_info rx_info_t;' (255-256).
C1-0172	491	N	Every generated artifact exports, unconditionally, five <prefix>-scoped entry symbols: the four specified below plus the encoding residual <prefix>_next_pos.	SUPERSEDED	271	entry-inventory	Old said five entry symbols (four + next_pos). New 265-275 lists nine per-artifact symbols (search, match, match_caps, info, next_pos, valid_upto, three _in). Probe nm -g: rx_info (data) + search, match, match_caps, next_pos, valid_upto, search_in, match_in, match_caps_in.
C1-0173	493	N	<prefix>_next_pos (§3.1.1, since [M5-SEAM]) is the one place an artifact's byte-vs-character distinction lives.	MAPPED	536	next-pos	'It is the one place an artifact's byte-vs-character distinction lives (D58...)' (517-518). Note 2630 adds valid_upto as the second residue.
C1-0174	496	N	Every artifact also exports <prefix>_search_in, <prefix>_match_in and <prefix>_match_caps_in (D71 item 2), each its un-suffixed sibling plus one argument naming where the working storage lives.	MAPPED	281	entry-inventory	Table row at 275; 2827-2830: 'each _in entry is its un-suffixed sibling in every respect ... plus one argument naming where the working storage lives'.
C1-0175	499	N	An artifact exports eight entry symbols in total.	SUPERSEDED	271	entry-inventory	Old 'eight entry symbols in total' (5 incl. info + 3 _in). New inventory 265-275 has nine with valid_upto; probe nm shows 8 functions + rx_info data = 9. The new doc gives no count.
C1-0176	500	N	§10 is the contract of the three _in entries.	MAPPED	2858	buffers	Section 10 'Working storage: the _in entries and the tiered default' (2778-2830); inventory row 275 points to 10.
C1-0177	501	N	The three un-suffixed entries are unchanged in signature, return space and behaviour for a caller that never calls an _in entry (§10 promise).	MAPPED	3059	buffers-unchanged	10.8: the three un-suffixed entries 'keep their exact signatures, return spaces, anchoring and caps disciplines' (2978-2981); 295-298.
C1-0178	504	N	[OPT-1]: the three un-suffixed entries have a cost model.	MAPPED	308	choosing-an-entry	'run on default working storage whose cost model is 10.9 (the tiered default)' (295-297); 'The cost model' at 3036.
C1-0179	506	N	On an artifact whose stamped default storage does not fit inside one 4 KB page, each un-suffixed entry runs the match on a page-sized buffer.	MAPPED	3071	tiered-entry	'On an artifact whose stamped default storage does not fit in one 4 KB page, each un-suffixed entry runs the match on a page-sized buffer' (2990-2992).
C1-0180	508	N	Such an entry escalates to the stamped default storage only on a PCREC_ERR_FRAMES give-up.	MAPPED	3073	tiered-entry	Re-run 'on PCREC_ERR_FRAMES and on no other outcome' (2992-2994).
C1-0181	509	N	Escalation calls a non-inlined internal function that owns the full storage and re-runs the match from scratch.	MAPPED	3075	tiered-entry	're-runs the same match from scratch on the full stamped default, by calling a non-inlined internal function that owns that storage' (2994-2996).
C1-0182	510	N	The tiering leaves unchanged the signatures, return spaces, anchoring, caps disciplines, every answer and every capture span of the un-suffixed entries (§10.9 proves it).	MAPPED	3091	tiered-entry	'No answer changes' paragraph (3010-3019) and 'Every promise of 3, 4 and 5 stands unchanged' (3023).
C1-0183	513	N	What tiering changes is only the price of a call.	MAPPED	3107	tiered-entry	'The depth an artifact can reach is unchanged ... only the cost of not reaching it moved' (3026-3028).
C1-0184	515	M	Measured on the RFC 5322 email specimen (--engine=vm, 16-byte matching subject, N=100k): 213-268 ns/call before tiering to 45.6-48.8 after, against 44.2-47.2 for <prefix>_search_in.	MAPPED	3118	tiered-entry-cost	Same figures 213-268 -> 45.6-48.8 ns/call vs 44.2-47.2 for search_in (3037-3040); 16-byte subject, N=100k stated.
C1-0185	518	M	Measured: the RFC 5322 specimen's entry frame (gcc -fstack-usage) shrinks from 98,512 B to 3,168 B under tiering.	MAPPED	3121	tiered-entry-cost	entry frame 98,512 -> 3,168 B (gcc -fstack-usage) (3040-3041).
C1-0186	519	M	Measured: the ^(a(?1)?b)$ recursion specimen's frame shrinks from 131,216 B to 3,184 B (the numbers used by §5.3 and limits.md §5).	MAPPED	3122	tiered-entry-cost	131,216 -> 3,184 B for the ^(a(?1)?b)$ specimen (3041-3042; 974-976). Probe: rx_search 3184, deep 131216.
C1-0187	520	N	Timing and frame numbers of different specimens must not be paired.	MAPPED	3122	tiered-entry-cost	'(The ^(a(?1)?b)$ specimen of 5.3 and limits.md 5 is a different artifact with different numbers: 131,216 -> 3,184 B.)' (3041-3042).
C1-0188	523	N	The tiered-entry bet loses on some patterns.	MAPPED	3123	tiered-entry-cost	'The tier is a bet that real calls hold on the fast tier, and it loses on some patterns' (3042-3043).
C1-0189	525	N	The wasted fast attempt is bounded by the STEP and WORK budgets, not by the frame count.	MAPPED	3126	tiered-entry-cost	'The wasted fast attempt is bounded by the STEP and WORK budgets, not by the frame count' (3045-3046).
C1-0190	526	N	Sixty frames of depth can absorb an unbounded amount of backtracking, so the small fast tier does not bound the work it does before giving up.	MAPPED	3087	tiered-entry	'sixty frames of depth can absorb unbounded backtracking' (3006-3008).
C1-0191	529	N	There is a discontinuity at the tier boundary, not a ramp.	MAPPED	3128	tiered-entry-cost	'There is a DISCONTINUITY at the boundary, not a ramp' (3047).
C1-0192	530	M	Measured on ((a)|(aa))+b (tiered vs -fno-tiered-entry, N=20k, median of 5): 18.5 vs 207.1 ns at n=1 (11x faster tiered).	MAPPED	3129	tiered-entry-cost	((a)|(aa))+b: 18.5 vs 207.1 ns at n=1 (11x faster), N=20k, median of 5 (3048-3050).
C1-0193	531	M	Measured on ((a)|(aa))+b: 186.4 vs 365.3 ns at n=23 (tiered vs single-tier).	MAPPED	3130	tiered-entry-cost	186.4 vs 365.3 at n=23 (3049).
C1-0194	532	M	Measured on ((a)|(aa))+b: 568.9 vs 372.9 ns at n=24, a 3.05x jump across one byte and 1.53x slower than the single-tier entry.	MAPPED	3130	tiered-entry-cost	568.9 vs 372.9 at n=24, 3.05x jump across one byte, 1.53x slower than single-tier (3049-3051).
C1-0195	533	M	Measured on ((a)|(aa))+b: above the boundary the tiered entry stays 1.24-1.53x slower than single-tier.	MAPPED	3132	tiered-entry-cost	'1.24-1.53x slower above it' (3051).
C1-0196	534	M	Measured: the ((a)|(aa))+b boundary is a 25-byte subject (24 a's and a b).	MAPPED	3133	tiered-entry-cost	'that boundary is a 25-byte subject (24 a's and a b)' (3052-3053).
C1-0197	535	N	Depth is a property of the backtracking, not of the input length; "deep" can mean a very short subject.	MAPPED	3133	tiered-entry-cost	'"Deep" can mean a very short subject ... Depth is a property of the backtracking, not of the input length' (3052-3053).
C1-0198	536	N	An escalating call can do up to twice the STEP budget of real work, because §10.9 resets both budgets for the deep attempt and the fast attempt's spend is additional.	MAPPED	3136	tiered-entry-cost	'An escalating call can do up to twice the step budget of work (4)' (3055); mechanism 3001-3008 and 811-815.
C1-0199	538	N	§4 states the consequence of the double budget spend for the give-up codes.	MAPPED	845	budget-per-call	Section 4 paragraph 'One call to an un-suffixed entry may spend up to twice the step budget and twice the work budget' (811-818); referenced from 3005, 3055.
C1-0200	540	N	A caller that needs depth on the fast path uses an _in entry, supplying its own storage (§10), and never meets the tier.	MAPPED	3138	tiered-entry-cost	'supplies its own storage through the _in entries and never meets the tier' (3057-3059).
C1-0201	541	N	A caller on a stack too small for the deep tier (§5.3, K33) should supply its own storage through the _in entries.	MAPPED	3139	tiered-entry-cost	'whose stack is too small for the deep tier (5.3, K33), supplies its own storage through the _in entries' (3057-3059; 985-988).
C1-0202	543	N	-fno-tiered-entry (docs/spec/tuning.md §2.12) restores the single-tier entry shape without changing call sites.	MAPPED	3079	tiered-entry	'-fno-tiered-entry (tuning.md 2.12) restores the single-tier shape without changing call sites' (2998-2999).
C1-0203	544	N	-fno-tiered-entry is the right choice for a workload measured to sit above the tier boundary.	MAPPED	3140	tiered-entry-cost	'-fno-tiered-entry is the answer for a workload measured to sit above the boundary' (3059-3060).
C2-0001	547	N	`<prefix>_search` is the search-loop entry of a generated artifact.	MAPPED	314	search	search entry (3.1; table line 269)
C2-0002	549	N	Signature: `int <prefix>_search(const unsigned char *s, size_t n, size_t startpos, ptrdiff_t (*caps)[2]);`	MAPPED	317	search	signature block; params expository (277-283)
C2-0003	554	N	`<prefix>_search` searches `s[startpos..n)` for the leftmost match.	MAPPED	321	search	
C2-0004	558	N	`<prefix>_search` returns `1` when a match is found.	MAPPED	325	search	
C2-0005	558	N	On a match with `caps != NULL`, `<prefix>_search` writes `<PREFIX>_NCAPS` pairs to `caps`.	MAPPED	325	search	
C2-0006	558	N	On a match, `caps[0]` is the whole-match span (there is no second name for it).	MAPPED	325	search	caps[0] the whole-match span
C2-0007	559	N	`<prefix>_search` returns `0` on no match.	MAPPED	326	search	
C2-0008	559	N	On no match, `<prefix>_search` leaves `caps` (if non-NULL) untouched; the `int` return alone communicates match/no-match.	MAPPED	326	search	caps untouched stated; bullet 325 says return is not two-valued
C2-0009	560	N	`<prefix>_search` returns `<PREFIX>_ERR_STEPS`, `<PREFIX>_ERR_FRAMES`, `<PREFIX>_ERR_WORK` or `<PREFIX>_ERR_RECURSE` when the engine gives up (see §4).	MAPPED	327	search	
C2-0010	560	N	On an engine give-up return, `<prefix>_search` leaves `caps` untouched.	MAPPED	327	search	
C2-0011	560	N	`<PREFIX>_ERR_RECURSE` is reserved and has no producer yet.	MAPPED	327	search	also 784, 795-798
C2-0012	561	N	`PCREC_ERR_INTERNAL` is NOT a give-up (§4): it means the artifact detected its own analysis/emission inconsistency.	MAPPED	328	search	also 827-829
C2-0013	561	N	Today the only producer of `PCREC_ERR_INTERNAL` is module `lookaround`'s negative-polarity end-check.	MAPPED	864	below-floor	lookaround negative-polarity lookbehind end-check
C2-0014	561	N	On `PCREC_ERR_INTERNAL`, `caps` is left untouched like every other negative return.	MAPPED	328	search	also 327 (every non-1 return leaves caps untouched)
C2-0015	562	N	`PCREC_ERR_STARTPOS` is NOT a give-up (§4): `startpos` is not a character boundary of the artifact's encoding, so the call is REFUSED and nothing is attempted.	MAPPED	329	search	also 835-838
C2-0016	562	N	On `PCREC_ERR_STARTPOS`, `caps` is left untouched.	MAPPED	329	search	
C2-0017	562	N	Only an artifact compiled for an encoding with multi-byte characters can return `PCREC_ERR_STARTPOS`, and only when the startpos guard is not denied.	MAPPED	329	search	also 837-838 and 9.2 (2638)
C2-0018	563	N	`PCREC_ERR_UTF` is NOT a give-up (§4): the artifact was compiled with `-futf-check` and an ill-formed sequence begins in the checked range `[startpos - LB, n)`.	MAPPED	331	search	also 842-844
C2-0019	563	N	On `PCREC_ERR_UTF` the call is refused before any attempt and `caps` is left untouched.	MAPPED	331	search	
C2-0020	563	N	`<prefix>_valid_upto(s, n, startpos)` (§3.1.2) gives the offset of the ill-formed sequence behind `PCREC_ERR_UTF`.	MAPPED	331	search	also 844
C2-0021	563	N	Only a `-futf-check` artifact under an encoding with ill-formed byte strings can return `PCREC_ERR_UTF`.	MAPPED	331	search	also 847-848
C2-0022	565	N	A `0` return from `<prefix>_search` means no match, not a zero-length match.	MAPPED	334	search-conventions	
C2-0023	566	N	A zero-length match in `<prefix>_search` is a success: it returns `1` with `caps[0][0] == caps[0][1]`.	MAPPED	335	search-conventions	
C2-0024	567	N	The anchored entries (§3.2/§3.3) use the other convention: their return value carries a length, so `0` IS a zero-length match and no-match is `-1`.	MAPPED	335	search-conventions	lines 322-324
C2-0025	571	N	Every return other than `1` leaves the whole `caps` array untouched, on every engine.	MAPPED	340	search-conventions	
C2-0026	571	N	The leave-`caps`-untouched rule on non-`1` returns holds through every entry that takes `caps`: `_search`, `_search_in`, `_match_caps`, `_match_caps_in`.	MAPPED	341	search-conventions	lines 328-329
C2-0027	573	N	The rule holds for an artifact whose groups above 0 can never be set (each reached only through a subroutine call or under `{0}`; a DFA artifact with `<PREFIX>_NCAPS >= 2`).	MAPPED	342	search-conventions	lines 329-332
C2-0028	576	N	In such an artifact the unsettable group slots are written `PCREC_UNSET` on a success only, never on a no-match.	MAPPED	344	search-conventions	lines 331-332 written PCREC_UNSET on success only
C2-0029	577	N	`tests/codegen/run_nomatch_caps.sh` checks the no-match-leaves-caps-untouched rule.	MAPPED	345	search-conventions	lines 332-333
C2-0030	580	N	`caps` may be `NULL` for `<prefix>_search` (existence-only search).	MAPPED	347	search-conventions	
C2-0031	582	N	`<prefix>_search` with `startpos > n` returns `0`.	MAPPED	348	search-conventions	
C2-0032	582	N	In `<prefix>_search`, `^` anchors to absolute offset `0` regardless of `startpos`.	MAPPED	350	search-conventions	
C2-0033	583	N	`s` may be `NULL` only when `n == 0`.	MAPPED	352	search-conventions	
C2-0034	585	N	A search may begin its internal scan after `startpos` where a necessary literal proves no match begins earlier; its answer is the one a scan from `startpos` gives.	MAPPED	359	search-skips	lines 346-352
C2-0035	585	H	CHECK: The necessary-literal scan skip is reported through the `<PREFIX>_REQ_HANDOFF` stamp (§6.3).	MAPPED	364	search-skips	REQ_HANDOFF named at 351; stamp section 1909; stamp present in emitted artifacts (probe)
C2-0036	588	N	The step budget meters only the work the matcher performs, so positions proven unable to begin a match consume none.	MAPPED	369	search-skips	lines 356-357
C2-0037	590	N	No artifact begins a scan later where that could change whether a budget-limited search answers or gives up (a count-collapsed prefilter declines).	MAPPED	371	search-skips	lines 358-360
C2-0038	592	N	`\G` keeps asserting at `startpos` itself even when the scan begins later.	MAPPED	1980	stamp-req-handoff	lines 337-338 give startpos assertion; 1928 says \G keeps reading startpos (REQ_HANDOFF section)
C2-0039	594	N	A search may skip a START position whose byte cannot begin a match: a prefilter-less VM artifact attempts no match where the pattern's start set excludes the byte there.	MAPPED	366	search-skips	lines 353-355
C2-0040	595	H	CHECK: The start-set skip is reported through the `<PREFIX>_VM_START_SCAN` stamp (§6.3).	MAPPED	367	search-skips	VM_START_SCAN named; stamp section 1935; present in artifacts (probe)
C2-0041	597	N	Positions that a start-set or necessary-literal proof excludes consume no budget and no capacity.	MAPPED	369	search-skips	lines 356-357
C2-0042	599	N	A search that gives up under `-fno-start-set` (on steps, work, backtrack frames, trail, or a caller-provided buffer's capacity in the `_in` entries) may return the answer an unbounded budget and capacity return.	MAPPED	374	search-skips	lines 361-364
C2-0043	601	N	A search under `-fno-start-set` never gives up where the default (with the skip) answers; an answer under `-fno-start-set` is the answer with the skip.	MAPPED	376	search-skips	lines 363-364 (never the reverse)
C2-0044	604	N	`startpos` MUST be a character boundary of the artifact's encoding, and by default the artifact enforces it.	MAPPED	2715	startpos	9.2 heading and 2638-2641
C2-0045	606	N	Under the `byte` encoding every position is a character boundary and no startpos guard is emitted at all.	MAPPED	2700	encodings-compiled	lines 2618-2621 guards not emitted under byte
C2-0046	608	N	Under an encoding with multi-byte characters a `startpos` inside a character is refused with `PCREC_ERR_STARTPOS`.	MAPPED	2718	startpos	lines 2638-2640
C2-0047	610	N	`PCREC_ERR_STARTPOS` is a negative return below `PCREC_ERR_FLOOR` (§4) and not a give-up: nothing was attempted and no budget was spent.	MAPPED	2719	startpos	lines 2639-2641
C2-0048	611	N	The startpos-guard test is O(1) and reads at most one byte of `s`.	MAPPED	2720	startpos	lines 2640-2641
C2-0049	614	M	Under `PCRE2_UTF`, libpcre2 returns `PCRE2_ERROR_BADUTFOFFSET` for every mid-character `startoffset`; measured over ten patterns at both mid-character offsets of a two-character subject, 20 of 20 refused (libpcre2 10.46).	MAPPED	2723	startpos	lines 2643-2647 (20 of 20 stated)
C2-0050	617	M	The same ten patterns answered normally at all three boundary offsets of the two-character subject (libpcre2 10.46; docs/design/utf8_measurements/out/startbnd.txt).	MAPPED	2725	startpos	lines 2645-2647
C2-0051	620	N	Under D26 pcrec owes the refusal of a mid-character startpos, not libpcre2's error number.	MAPPED	2727	startpos	lines 2647-2648
C2-0052	621	N	A `startpos` past the end of the subject returns `0` (the `startpos > n` check comes before the character-boundary guard).	MAPPED	2732	startpos	also 335; order vs boundary guard implied by every position >= n being a boundary
C2-0053	622	N	Every position at or beyond `n` counts as a character boundary.	MAPPED	2732	startpos	also 335-336
C2-0054	624	N	libpcre2 answers `PCRE2_ERROR_BADOFFSET` for a startoffset past the end; pcrec deliberately keeps returning `0` (a stated divergence).	MAPPED	2732	startpos	lines 2652-2654
C2-0055	627	N	The anchored entries (§3.2/§3.3) carry the same startpos guard against `ctx->pos`.	MAPPED	2735	startpos	
C2-0056	629	N	The `_in` entries of §10 inherit the startpos guard from the bodies they share.	MAPPED	2735	startpos	lines 2655-2657
C2-0057	630	N	`<prefix>_next_pos` (§3.1.1) is the supported way to produce a valid `startpos`.	MAPPED	2738	startpos	
C2-0058	631	N	The find-all loop uses `<prefix>_next_pos` on both arms, so the loop is unaffected by the startpos guard in either direction, ill-formed subjects included.	MAPPED	2738	startpos	lines 2658-2660; also 454-457
C2-0059	634	N	`-fno-startpos-guard` selects the other semantics: the artifact answers at whatever position the caller named, with the automaton's own answer.	MAPPED	2741	startpos	lines 2661-2662
C2-0060	638	N	Under `-fno-startpos-guard`, for a leading negative assertion the answer differs from both of PCRE2's UTF modes in the succeeding direction: `(?<!.)` at offset 1 of the bytes `CE B1 CE B2` reports `(1,1)`.	MAPPED	2743	startpos	lines 2663-2666
C2-0061	640	N	A truncated leading character has no path, and a negative assertion succeeds exactly where its body has none.	MAPPED	2745	startpos	lines 2665-2666
C2-0062	641	N	Neither the default guard arm nor `-fno-startpos-guard` rounds a caller's `startpos > 0`; neither silently advances to the next boundary.	MAPPED	2747	startpos	lines 2667-2669
C2-0063	645	N	`-fstartpos-guard=align` is the third value of the startpos-guard axis (`docs/spec/tuning.md` §2.23); it is rounding asked for by name.	MAPPED	2752	startpos-align	rounding by name; tuning.md 2.23 cited; 'third value of the axis' not worded
C2-0064	648	N	`-fstartpos-guard=align` is for a caller holding a misaligned pointer into valid text.	MAPPED	2753	startpos-align	lines 2673-2674
C2-0065	649	N	Under `-fstartpos-guard=align`, a `startpos > 0` inside a character is moved FORWARD over continuation bytes to the next character start (or `n`), once, at entry.	MAPPED	2754	startpos-align	lines 2674-2676
C2-0066	651	N	Under `-fstartpos-guard=align` the search runs exactly as if the aligned position had been passed: `caps` offsets, `\G` and a lookbehind's context are all read from it.	MAPPED	2756	startpos-align	lines 2676-2678
C2-0067	653	N	Under `-fstartpos-guard=align`, offset 0 is never moved and never refused.	MAPPED	2758	startpos-align	never moved stated here; never refused stated at 2688
C2-0068	653	N	Under `-fstartpos-guard=align`, the anchored entries (§3.2/§3.3) answer `-1` at a misaligned `ctx->pos`, because no match begins inside a character.	MAPPED	2758	startpos-align	lines 2678-2679
C2-0069	655	N	`-fstartpos-guard=align` is refused together with `-fno-startpos-guard`.	MAPPED	2760	startpos-align	
C2-0070	655	N	`-fstartpos-guard=align` is inert under the `byte` encoding.	MAPPED	2760	startpos-align	
C2-0071	656	N	`-fstartpos-guard=align` is not a way to accept invalid UTF-8.	MAPPED	2761	startpos-align	lines 2681-2683
C2-0072	657	N	Under `-futf-check` with `-fstartpos-guard=align`, the check runs from the ALIGNED position, stepping back behind it as for any startpos, so the bytes of the character the pointer landed inside are checked as the caller's real text.	MAPPED	2761	startpos-align	lines 2681-2683
C2-0073	660	N	Offset 0 is never refused by the startpos guard.	MAPPED	2768	offset-zero	
C2-0074	660	N	On an ill-formed subject, offset 0 is not where a match is attempted if the subject begins with continuation bytes (`0x80`-`0xBF`): offset 0 is then not a character start.	MAPPED	2768	offset-zero	lines 2688-2692
C2-0075	665	N	When a subject begins with continuation bytes, the search begins at the first non-continuation byte (or at `n`), exactly as `PCRE2_MATCH_INVALID_UTF` advances its start offset, and every answer is the answer from there.	MAPPED	2771	offset-zero	lines 2691-2693
C2-0076	667	N	For a subject beginning with continuation bytes: `''`, `\B`, `x*` and `(?=)` report `(1,1)` on `\x80` and `(2,2)` on `\x80\x80`.	MAPPED	2773	offset-zero	lines 2693-2694
C2-0077	668	N	For a subject beginning with continuation bytes, `^`, `\A` and `\G` are FALSE at the moved start; `^` finds nothing on `\x80`.	MAPPED	2774	offset-zero	lines 2694-2696
C2-0078	669	N	`\G|b` reports `(2,3)` on `\x80\x80b` (libpcre2 10.46; docs/dev/lanes/k73utf_evidence/k73_witness_10.46.txt).	MAPPED	2775	offset-zero	lines 2695-2697
C2-0079	671	N	An ill-formed LEAD byte (`0xFF`, a truncated `0xE3`) is a valid start and is attempted.	MAPPED	2777	offset-zero	lines 2697-2698
C2-0080	672	N	The offset-0 start rule has NO FLAG: it is the same under `-fno-startpos-guard`, which governs only a `startpos > 0`.	MAPPED	2780	offset-zero	
C2-0081	674	N	The offset-0 start rule is the one place pcrec does what `PCRE2_MATCH_INVALID_UTF` does at a start offset.	MAPPED	2772	offset-zero	2692 'as PCRE2_MATCH_INVALID_UTF advances its start offset' + 2701-2702 divergence; sole-place uniqueness only implied
C2-0082	675	N	An explicit mid-character `startpos > 0` keeps the `PCREC_ERR_STARTPOS` refusal: a deliberate, stated divergence from `PCRE2_MATCH_INVALID_UTF`.	MAPPED	2781	offset-zero	lines 2701-2702
C2-0083	677	N	The anchored entries (§3.2/§3.3) answer `-1` at `ctx->pos == 0` on a subject beginning with continuation bytes, because they report only a match beginning exactly at `ctx->pos` and none begins at a non-character-start.	MAPPED	2783	offset-zero	lines 2703-2704
C2-0084	680	N	libpcre2 under `PCRE2_ANCHORED` advances the start and reports the match at the moved start (`(1,1)` for `x*` on `\x80`); pcrec's anchored contract cannot report a start other than `ctx->pos`, a second stated divergence.	MAPPED	2784	offset-zero	lines 2704-2708
C2-0085	682	N	Both anchored entry shapes (§3.2/§3.3) agree on the `-1` answer at `ctx->pos == 0` on a continuation-leading subject.	MAPPED	2788	offset-zero	both entry shapes agree
C2-0086	685	N	An artifact compiled with `-futf-check` refuses an ill-formed subject with `PCREC_ERR_UTF`, as `PCRE2_UTF` does (axis: `docs/spec/tuning.md` §2.36).	MAPPED	2793	utf-check	lines 2713-2718; tuning.md 2.36 cited
C2-0087	687	N	By default an artifact is INVALID-TOLERANT: an ill-formed sequence matches nothing and nothing reports it (`PCRE2_MATCH_INVALID_UTF` semantics, K73's start rule).	MAPPED	2793	utf-check	also 2623-2624
C2-0088	690	N	A `-futf-check` artifact refuses the call with `PCREC_ERR_UTF` when an ill-formed sequence BEGINS anywhere in `[f, n)`, where `f` is `startpos` stepped back LB characters.	MAPPED	2795	utf-check	lines 2715-2717
C2-0089	692	N	The `-futf-check` refusal happens before any attempt, whether or not a match lies before the bad bytes: `a` on `a\xff` is refused, as libpcre2 10.46 refuses it.	MAPPED	2797	utf-check	lines 2717-2719
C2-0090	694	N	A `-futf-check` artifact otherwise answers exactly as the default artifact would.	MAPPED	2799	utf-check	
C2-0091	697	N	LB is PCRE2's `max_lookbehind` fact: the widest lookbehind branch in characters, and 1 for `\b`, `\B` and `\A`.	MAPPED	2801	utf-check	lines 2721-2723
C2-0092	698	N	LB is never summed through nesting, and dead code (a `(?(DEFINE)...)` body) counts.	MAPPED	2803	utf-check	
C2-0093	699	N	`^`, `$`, `\G`, `\z`, `\Z` and `\K` count 0 toward LB.	MAPPED	2804	utf-check	
C2-0094	700	N	Under `-futf-check`, `b` on `\xffab` from startpos 2 answers `(2,3)` while `(?<=..)b` there is refused.	MAPPED	2804	utf-check	lines 2724-2725
C2-0095	702	N	The `-futf-check` step-back is PCRE2's raw walk: per character, one byte back and then back over every continuation byte, clamped at 0 and not validated.	MAPPED	2806	utf-check	lines 2726-2727
C2-0096	704	N	Order of checks: the K50 startpos guard FIRST, then the `-futf-check` check (measured on libpcre2 10.46).	MAPPED	2808	utf-check	
C2-0097	705	N	A mid-character `startpos > 0` is `PCREC_ERR_STARTPOS` whether or not the subject is well-formed.	MAPPED	2809	utf-check	lines 2729-2730
C2-0098	707	N	Under `-fstartpos-guard=align` the `-futf-check` check runs from the aligned position.	MAPPED	2810	utf-check	lines 2730-2731
C2-0099	708	N	`startpos > n` keeps returning `0` and is not checked by `-futf-check`.	MAPPED	2811	utf-check	
C2-0100	708	N	At `startpos == 0` K50 does not refuse, so a subject that begins with a continuation byte is refused by the `-futf-check` check at offset 0.	MAPPED	2811	utf-check	lines 2731-2733
C2-0101	710	N	Every entry that takes a subject performs the `-futf-check` check, at one site per body, beside the K50 guard.	MAPPED	2814	utf-check	lines 2734-2735
C2-0102	711	N	The anchored entries (§3.2/§3.3) and §10's `_in` entries return `PCREC_ERR_UTF` on exactly the calls `<prefix>_search` refuses from the same position.	MAPPED	2815	utf-check	lines 2735-2737
C2-0103	713	N	On the VM, a FRAMES escalation of the tiered default entry (§10.9) re-runs the body and validates a second time (the stated cost of re-running from scratch).	MAPPED	2817	utf-check	lines 2737-2738 (new omits 'on the VM' and the cost rationale)
C2-0104	716	N	The `-futf-check` cost is one O(n) pass per call (directional: about as much again as a scanning call on sparse-accented text).	MAPPED	2819	utf-check	lines 2739-2741
C2-0105	717	N	Under `-futf-check`, a call a prefilter would answer sublinearly becomes linear.	MAPPED	2821	utf-check	
C2-0106	719	N	`-futf-check` is off by default because of its O(n) cost.	MAPPED	2821	utf-check	lines 2741-2742
C2-0107	719	N	A find-all loop over a `-futf-check` artifact validates on every call; §3.1.2 gives the linear idiom.	MAPPED	2822	utf-check	lines 2742-2743 and 3.1.2 idiom 613-622
C2-0108	721	N	Under the `byte` encoding `-futf-check` is inert: no check is emitted, `<PREFIX>_UTF_CHECK` reads `"inert"`, and the artifact is byte-identical to one built without the flag.	MAPPED	2824	utf-check	lines 2744-2745
C2-0109	724	N	STATED DIVERGENCE: `PCRE2_UTF` clips backward reads at `f`; pcrec does not (measured on libpcre2 10.46 and 10.48).	MAPPED	2828	utf-check-clip	
C2-0110	726	M	Under `PCRE2_UTF`, libpcre2 treats `f` as the start of the subject for the backward reads a lookbehind or `\b` makes, even on well-formed text (libpcre2 10.46 and 10.48).	MAPPED	2829	utf-check-clip	lines 2749-2751
C2-0111	728	M	`(?<=\ba)b` on `"xab"` from startpos 2 reports `(2,3)` under `PCRE2_UTF`, though the same pattern finds nothing from 0 and finds nothing without UTF.	MAPPED	2831	utf-check-clip	lines 2751-2753
C2-0112	731	M	`(?<=(?<=..)a)b` on `"zzzab"` from startpos 4 finds nothing under `PCRE2_UTF` and reports `(4,5)` without it.	MAPPED	2833	utf-check-clip	lines 2753-2754
C2-0113	733	N	pcrec reads the real bytes with or without `-futf-check`: `(?<=\ba)b` on `"xab"` from 2 finds nothing and `(?<=(?<=..)a)b` on `"zzzab"` from 4 reports `(4,5)`.	MAPPED	2834	utf-check-clip	lines 2754-2756
C2-0114	735	N	pcrec's principle: a match's answer must not depend on where the caller started the search.	MAPPED	2836	utf-check-clip	
C2-0115	739	N	On the clip divergence, the refusal set and the refusal OFFSET are exact and unaffected; only the accepted ANSWER differs.	MAPPED	2837	utf-check-clip	lines 2757-2758
C2-0116	740	M	The clip divergence affects only patterns whose backward reach exceeds LB (three patterns in the pinned set).	MAPPED	2839	utf-check-clip	added in the rewrite pass
C2-0117	742	M	The clip class is 4 cells per configuration, pinned EXACTLY (`CLIP` in `tests/utfcheck/check.py`, the `clip-*` populations).	MAPPED	2839	utf-check-clip	lines 2759-2760
C2-0118	746	N	A change in either engine moves a number rather than a sentence; a deliberate, stated divergence is the only allowed exception to D26's exactness of what a pattern matches.	MAPPED	2842	utf-check-clip	lines 2762-2764
C2-0119	749	N	What the artifact promises about its own positions is NOT part of the `-futf-check`/startpos-guard axis.	MAPPED	2849	engine-positions	lines 2769-2773 (guard axis governs only where a caller points)
C2-0120	750	N	Every position the ENGINE generates (an unanchored search's candidate match starts, a failed attempt's retry, and the first attempt of a search at offset 0) is a character start of the encoding, unconditionally and under either setting of the startpos-guard flag.	MAPPED	2849	engine-positions	lines 2769-2771 'under every setting of the guard'
C2-0121	754	N	A reported match span never begins inside a character on any subject, whichever startpos-guard arm the artifact carries.	MAPPED	2851	engine-positions	lines 2771-2772
C2-0122	755	N	The startpos-guard flag governs only where a CALLER may point the entry.	MAPPED	2853	engine-positions	
C2-0123	758	N	Every offset written to `caps` is an ABSOLUTE offset into `s`, never relative to `startpos`.	MAPPED	355	absolute-offsets	
C2-0124	760	M	Measured: searching `"xabcabcx"` for `abc` from `startpos = 0` reports `[1,4)`, and the next search from `4` reports `[4,7)`, not `[0,3)`.	MAPPED	356	absolute-offsets	lines 343-344 ('not [0,3)' dropped, same fact)
C2-0125	763	N	`caps[0][0]` is where REPORTING begins, which is not always where matching began.	MAPPED	380	reported-start	
C2-0126	765	N	`\K` resets the reported start to wherever the winning path last crossed it.	MAPPED	381	reported-start	lines 368-369
C2-0127	767	N	`a\Kb` over `"ab"` consumes two bytes from offset 0 and reports `[1,2)`.	MAPPED	382	reported-start	lines 369-370
C2-0128	769	N	`caps[0][0]` can be greater than the offset the match began at, so it is not a bound on where the engine looked.	MAPPED	386	reported-start	
C2-0129	771	N	The find-all loop advances off `caps[0][1]` (the match END), which `\K` does not touch.	MAPPED	518	find-all-k	lines 499-500
C2-0130	774	N	`caps[0][0] == caps[0][1]` does not imply nothing was consumed under `\K`.	MAPPED	388	reported-start	
C2-0131	775	N	`ab\K` over `"ab"` reports `[2,2)` after consuming two bytes.	MAPPED	388	reported-start	lines 375-376
C2-0132	776	N	Under `\K`, the find-all loop stays correct: an empty REPORTED span at `p` advances by `<prefix>_next_pos` and the next search starts past it.	MAPPED	519	find-all-k	lines 500-502; also 437-440
C2-0133	777	N	A caller that measures work done by the reported span width would measure zero under `\K` (`ab\K`).	MAPPED	388	reported-start	new states under \K equal ends do not imply nothing consumed; the 'measures zero' consequence is that same fact
C2-0134	779	N	The anchored entries of §3.2/§3.3 return the CONSUMED length, which is the number that differs from the reported span under `\K`.	MAPPED	390	reported-start	
C2-0135	780	N	On `ab\K` at `pos = 0` the anchored entries return `2` while the span they report (§3.3) is `[2,2)`.	MAPPED	390	reported-start	lines 377-378
C2-0136	781	N	Returning the consumed length from the anchored entries is deliberate and is what makes the §5 callout protocol's advance terminate.	MAPPED	391	reported-start	lines 378-379 (callout advance terminates)
C2-0137	784	N	A pattern with no `\K` is unaffected in every respect by the reporting-start rule.	MAPPED	394	reported-start	
C2-0138	785	N	The `\K` construct is module-gated (`assertions`) and, when present, forces the VM engine.	MAPPED	394	reported-start	lines 381-382
C2-0139	787	N	`<prefix>_search` on a DFA artifact has two forms, answer-identical and differing only in cost, reported by `<PREFIX>_DFA_START` (§6.3; tuning.md §2.19).	MAPPED	397	search-forms	lines 384-386
C2-0140	790	N	A DFA search normally runs two scans over the same bytes: a forward one to find where the match ends and a backward one over a second, independently built machine to find where it began.	MAPPED	399	search-forms	lines 386-389
C2-0141	792	N	On a pattern whose forward machine accepts before it reads a byte (`a*`, `.*`, `[a-z]{0,4096}` and that family), the compiler proves the second scan's answer is `startpos` and emits neither the scan nor the machine.	MAPPED	401	search-forms	lines 388-391
C2-0142	795	N	An artifact whose backward scan is proved away stamps `<PREFIX>_DFA_START "pinned"`; otherwise it stamps `"reverse-pass"`.	MAPPED	399	search-forms	both stamp values named (pinned and reverse-pass) with <PREFIX>_DFA_START; 6.3.4 line 1681-1682; probe shows RX_DFA_START stamp
C2-0143	798	N	Nothing in the `<prefix>_search` contract changes between the pinned and reverse-pass forms.	MAPPED	397	search-forms	answer-identical, differing only in cost and size
C2-0144	799	N	Both forms report ABSOLUTE offsets into `s`; the pinned form writes `caps[0][0] = startpos`, never `0`.	MAPPED	405	search-forms	lines 392-393
C2-0145	801	N	Both forms keep the zero-length-match-is-a-success convention; the pinned form depends on it (the empty match at `startpos` is the answer it reports).	MAPPED	406	search-forms	lines 393-394
C2-0146	803	N	The only caller-observable differences between pinned and reverse-pass forms are cost (roughly a factor of two on a counted class run) and artifact size.	MAPPED	407	search-forms	lines 394-395
C2-0147	807	N	A pinned search still returns `0` on some calls.	MAPPED	409	search-forms	lines 396-398 (returns 0)
C2-0148	808	N	A pinned search at `startpos > 0` on a machine whose start state depends on the byte before it (`\b`, `(?m)^`) can begin in a state from which nothing can match; no accept is recorded and `0` is the correct answer.	MAPPED	408	search-forms	lines 395-397
C2-0149	810	N	The emitted pinned artifact keeps the test that delivers that `0` and names it load-bearing so a coverage report does not mistake it for dead code.	MAPPED	410	search-forms	lines 397-398
C2-0150	814	N	`s` is `n` bytes and nothing more.	MAPPED	414	subject-bytes	
C2-0151	814	N	A `0x00` byte inside `s` is an ORDINARY byte with no special meaning; only the pattern side (§7) is NUL-terminated.	MAPPED	414	subject-bytes	lines 401-402
C2-0152	817	N	The matcher never reads `s[n]`: there is no sentinel, `s` need not be NUL-terminated and need not have a readable byte after its end.	MAPPED	415	subject-bytes	lines 402-404
C2-0153	819	M	Measured on both engines with the subject in an exact-size heap allocation under AddressSanitizer: `a.b` and `a(.)b` both match the 3 bytes `{'a', 0x00, 'b'}` (span `[0,3)`, group 1 `[1,2)`).	MAPPED	418	subject-bytes	lines 405-407
C2-0154	821	M	Matching, non-matching and `n == 0` searches over exact-size buffers are all ASan-clean on both engines.	MAPPED	420	subject-bytes	lines 407-408
C2-0155	823	M	The exact-size-buffer check is non-vacuous: the same probe compiled to read one byte past the end (`n` overstated by one) fires a heap-buffer-overflow at the matcher's own `memchr` prefilter.	MAPPED	421	subject-bytes	lines 408-410
C2-0156	829	N	`<prefix>_search` is ONE-SHOT: it finds the first match at or after `startpos`.	MAPPED	432	find-all	
C2-0157	830	N	There is no batch find-all primitive and none is planned for v1; a caller wanting every match writes the loop.	MAPPED	433	find-all	no batch find-all primitive stated; 'none planned for v1' dropped (roadmap, not behaviour)
C2-0158	832	N	The find-all loop is not simply "restart at the previous match's end", which spins forever the first time a pattern matches empty (`a*` on `"bbb"` returns `[0,0)` from `startpos = 0` for ever).	MAPPED	448	find-all	lines 434-436
C2-0159	836	N	The find-all loop idiom: `p = 0; while (p <= n) { r = <prefix>_search(s,n,p,caps); if (r != 1) break; report(caps[0][0], caps[0][1]); p = (caps[0][1] > caps[0][0]) ? <prefix>_next_pos(s,n,(size_t)caps[0][1]-1) : <prefix>_next_pos(s,n,(size_t)caps[0][0]); }`.	MAPPED	436	find-all	code block 422-432, identical
C2-0160	840	N	In the find-all loop, `r == 0` means done and `r < 0` means the engine gave up (§4); both break the loop.	MAPPED	440	find-all	comment on line 426
C2-0161	842	N	In the find-all loop, after a non-empty match the next position is `<prefix>_next_pos(s, n, caps[0][1] - 1)` (boundary-aligned resume at the match end).	MAPPED	455	find-all	lines 441-443; code 428-429
C2-0162	844	N	In the find-all loop, after an EMPTY match the next position is `<prefix>_next_pos(s, n, caps[0][0])` (the next character after the match start).	MAPPED	451	find-all	lines 437-439; code 430
C2-0163	848	N	The non-empty arm of the find-all loop is aligned, and the alignment is a no-op on a well-formed subject.	MAPPED	457	find-all	lines 441-444
C2-0164	849	N	A non-empty match ends at a character boundary of a well-formed subject.	MAPPED	457	find-all	entailed: next_pos(end-1) returns end on a well-formed subject (443-444), i.e. end is a boundary; not worded directly
C2-0165	850	N	`<prefix>_next_pos(s, n, end - 1)` returns `end` itself under `byte` (where it is `end - 1 + 1`) and under `utf8`, on a well-formed subject.	MAPPED	457	find-all	lines 443-444
C2-0166	852	N	The aligned non-empty arm differs from `p = end` only where the match ends immediately before a STRAY continuation byte (one that no lead byte claims): the loop steps over the stray to the next non-continuation byte.	MAPPED	458	find-all	lines 444-446
C2-0167	855	N	The aligned non-empty arm avoids handing the engine a `startpos` the guard refuses (`PCREC_ERR_STARTPOS`) after a match ending before a stray continuation byte.	MAPPED	460	find-all	lines 446-447
C2-0168	857	M	Measured: `a` over `a\x80a` under `-e utf8` with the unaligned loop reported 1 match, where libpcre2 with `PCRE2_MATCH_INVALID_UTF` driven through the same loop reports 2.	MAPPED	461	find-all	lines 447-449; new gives the current (aligned) loop result 2 matches = libpcre2; the old unaligned-loop figure 1 is dropped (describes the pre-K75 loop)
C2-0169	859	N	The subtraction `end - 1` in the loop cannot underflow because a non-empty match has `end >= 1`.	MAPPED	463	find-all	
C2-0170	860	N	`end - 1 < n` keeps `<prefix>_next_pos` in its boundary-skipping domain (`pos >= n` is where it returns `pos + 1`).	MAPPED	464	find-all	lines 449-450
C2-0171	863	N	A `startpos` the CALLER passes in must be a character boundary of the artifact's encoding.	MAPPED	2715	startpos	9.2 heading; 2649
C2-0172	867	N	A caller who names a continuation byte as `startpos` is REFUSED with `PCREC_ERR_STARTPOS`, whether the byte is inside a well-formed character or is a stray.	MAPPED	2729	startpos	lines 2649-2651
C2-0173	870	M	libpcre2 draws no line between a continuation byte inside a well-formed character and a stray: without `PCRE2_MATCH_INVALID_UTF` both are `PCRE2_ERROR_BADUTFOFFSET`, with it both are advanced (docs/dev/k75_measurement.md).	MAPPED	2730	startpos	'libpcre2 draws no line either' + docs/dev/k75_measurement.md; the with/without-MATCH_INVALID_UTF detail dropped to that pointer
C2-0174	873	N	The positions the find-all loop computes are always boundaries: `0` (or the offset-0 rule's own start), a match end aligned as above, and the `<prefix>_next_pos` advance.	MAPPED	468	find-all	lines 454-456
C2-0175	875	N	The find-all loop as written never triggers `PCREC_ERR_STARTPOS`, on a well-formed or an ill-formed subject.	MAPPED	468	find-all	lines 454-457
C2-0176	878	N	A continuation byte is never a match START: every position the engine generates is a character start.	MAPPED	471	find-all	lines 457-458; also 2771-2772
C2-0177	880	N	Stepping over a continuation byte, as the find-all loop does after a non-empty match and as `<prefix>_next_pos` does after an empty one, cannot lose a match.	MAPPED	472	find-all	lines 457-459
C2-0178	882	N	The empty-match family at an ill-formed subject END is a separate matter (K74) and is not changed by the loop alignment.	MAPPED	473	find-all	lines 459-460
C2-0179	885	N	Empty-match advance rule: a zero-length match is reported like any other, and then the next search starts at the next CHARACTER boundary past its start.	MAPPED	451	find-all	lines 437-439
C2-0180	886	N	After a non-empty match the next search starts at the first boundary at or after its end (the aligned arm).	MAPPED	455	find-all	lines 441-443
C2-0181	888	N	The empty-match advance is off the match's own START (`caps[0][0]`), not off the loop variable.	MAPPED	452	find-all	lines 438-440
C2-0182	889	N	An empty match can be found at a position later than the one searched from.	MAPPED	453	find-all	lines 439-440
C2-0183	890	N	The find-all loop terminates because `p` moves strictly forward every iteration and `p > n` ends it.	MAPPED	465	find-all	lines 451-453
C2-0184	891	N	`<prefix>_next_pos` returns a position strictly greater than the one it was given (§3.1.1's contract).	MAPPED	466	find-all	lines 452-453; 527
C2-0185	895	M	The find-all loop was compiled against real artifacts and run against python3 `re.finditer` on twenty-six (pattern, subject) pairs, on both engines, each pattern compiled twice (captures-on and `--no-captures`), 52 runs.	MAPPED	480	find-all-measured	lines 466-468; the '52 runs' total is not stated (26 pairs x both engines x captures on/off described; no conflict)
C2-0186	895	M	The twenty-six pairs are `byte`-encoded; the ill-formed-subject witnesses are `tests/rxtsource/fixtures/mc_illformed_utf8.rxtin`.	MAPPED	482	find-all-measured	added
C2-0187	898	M	Twenty-two of the twenty-six pairs agree with `re.finditer` span for span.	MAPPED	482	find-all-measured	'22 of the 26 pairs'
C2-0188	902	M	`a*` over `"bbb"` gives `(0,0) (1,1) (2,2) (3,3)` under the find-all loop, agreeing with `re.finditer`.	MAPPED	484	find-all-measured	
C2-0189	903	M	`x?y` over `"yy"` gives `(0,1) (1,2)` under the find-all loop, agreeing with `re.finditer`.	MAPPED	484	find-all-measured	
C2-0190	904	M	`a|` over `"bab"` gives `(0,0) (1,2) (2,2) (3,3)` under the find-all loop, agreeing with `re.finditer`.	MAPPED	485	find-all-measured	
C2-0191	905	M	`a|b*` over `"cbbac"` gives `(0,0) (1,3) (3,4) (4,4) (5,5)` under the find-all loop, agreeing with `re.finditer`.	MAPPED	485	find-all-measured	lines 471-472
C2-0192	906	M	The find-all loop also agrees with `re.finditer` on `a*`/`"aaa"`, `a?`/`"aba"`, `b*`/`"abbbab"`, `(a|)`/`"xax"`, `a(b|)c`/`"acabc"`, `(ab)*`/`"ababx"`, `a{0,2}`/`"aaaa"`, `[a-c]*`/`"xabcx"`.	MAPPED	487	find-all-measured	added (full agreeing list)
C2-0193	909	M	The find-all loop also agrees on `[0-9]+`/`"a12b345"`, `a{2,}`/`"aaaa"`, `(?:ab|a)`/`"aab"`, `(a*)*`/`"aab"`, `.`/`"abc"`, `ab$`/`"xabab"`, `^a`/`"aa"`, `c*` and `x` over the EMPTY subject, and `a`/`"a"`.	MAPPED	488	find-all-measured	added (full agreeing list)
C2-0194	911	M	The whole find-all measurement set is `tests/encseam/findall_cases.txt` and it runs in `make test`.	MAPPED	483	find-all-measured	lines 468-469
C2-0195	915	N	The find-all loop is LOSSY: it reports fewer matches than PCRE2 and python `re` for a pattern that prefers the empty match at a position where a non-empty match also starts.	MAPPED	495	find-all-lossy	lines 476-478
C2-0196	917	N	PCRE2 and python `re`, on finding an empty match at `p`, retry at `p` with "empty match not permitted here" (`PCRE2_NOTEMPTY_ATSTART`) and report the non-empty match too, before moving on.	MAPPED	497	find-all-lossy	lines 478-480
C2-0197	921	N	pcrec's entry points cannot express the NOTEMPTY_ATSTART retry: no entry has a "must not match empty here" mode, so the advance rule is the whole of what a pcrec consumer can do.	MAPPED	499	find-all-lossy	lines 480-482
C2-0198	924	N	All measured divergences of the find-all loop are OMISSIONS: the loop's spans are always a strict SUBSET of `re.finditer`'s, which the suite checks.	MAPPED	501	find-all-lossy	lines 482-483
C2-0199	926	M	`|a` over `"aaa"`: the find-all loop reports 4 spans `(0,0) (1,1) (2,2) (3,3)` where `re.finditer` reports 7, adding `(0,1) (1,2) (2,3)`.	MAPPED	502	find-all-lossy	lines 483-485
C2-0200	928	M	`a*?` over `"aaa"`: the find-all loop reports 4 spans vs 7 for `re.finditer`.	MAPPED	504	find-all-lossy	
C2-0201	929	M	`a??` over `"aba"`: the find-all loop reports 4 spans vs 6 for `re.finditer`.	MAPPED	504	find-all-lossy	
C2-0202	929	M	`b*?` over `"abba"`: the find-all loop reports 5 spans vs 7 for `re.finditer`.	MAPPED	505	find-all-lossy	
C2-0203	930	N	Where the pattern's own preference picks a non-empty match wherever one starts (every greedy quantifier among the agreeing cases), the find-all loop has no divergence.	MAPPED	505	find-all-lossy	lines 486-487
C2-0204	934	N	The find-all loop is what gives `\G` its meaning.	MAPPED	509	find-all-g	lines 489-492
C2-0205	936	N	`\G` asserts that the current position equals the `startpos` the call was given.	MAPPED	510	find-all-g	lines 491-492
C2-0206	938	N	Under the find-all loop (which passes its resume position as `startpos`), `\G` means "contiguous with the previous match", which is PCRE2's global-iteration semantics.	MAPPED	509	find-all-g	lines 490-492
C2-0207	941	N	`\G\w+` under the find-all loop is a TOKENIZER: it reports `(0,2)` on `"ab ab ab"` and stops at the first gap, where the `\G`-free `\w+` reports all three.	MAPPED	512	find-all-g	lines 493-495
C2-0208	943	M	Measured by `tests/assertions/run_gstart_diff.sh` §1 against libpcre2 driven through the same loop (not a hand-written span list).	MAPPED	514	find-all-g	lines 495-496
C2-0209	947	N	`\K` under the find-all loop is safe: the loop advances off `caps[0][1]` and `\K` moves only `caps[0][0]`, so termination and progress are untouched.	MAPPED	518	find-all-k	lines 499-500
C2-0210	950	N	A `\K` pattern can report an empty span after consuming bytes (`ab\K` gives `[2,2)`), which takes the loop's EMPTY arm and advances one character from the REPORTED START rather than the match end.	MAPPED	519	find-all-k	lines 500-502
C2-0211	953	M	`ab\K` over `"ababab"` reports `2,2 6,6` under the find-all loop, from both pcrec and libpcre2 driven through the same loop.	MAPPED	521	find-all-k	lines 502-504
C2-0212	955	N	Under the find-all loop's empty arm the match at offset 2..4 of `ab\K` over `"ababab"` is not reported again at 4.	MAPPED	522	find-all-k	'the match at 2..4 is not reported again at 4'
C2-0213	956	M	`a\Kb` over `"ababab"` reports `1,2 3,4 5,6` under the find-all loop, from both pcrec and libpcre2.	MAPPED	522	find-all-k	lines 503-504
C2-0214	957	M	`tests/assertions/run_kreset_diff.sh` §5 is the `\K` find-all comparison against libpcre2 and runs every suite.	MAPPED	524	find-all-k	test cited; 'runs every suite' dropped
C2-0215	959	N	The loop's empty arm is written against `caps[0][0]` rather than the loop variable because an empty match can be found at a different offset from the one asked for, which `\K` makes routine.	MAPPED	453	find-all	lines 438-440
C2-0216	963	M	In the shipped DFA emitter (`src/gen/emit_dfa.c`), the DFA matcher writes `caps[0][0]`/`caps[0][1]` only under `if (caps)` in the unanchored search body.	MAPPED	422	subject-bytes	lines 409-410; src/gen/emit_dfa.c:9836,9849 still guard with if (capture_spans)
C2-0217	966	N	The `--emit-main` `main()` carries no `caps` NULL guard and needs none: it passes a real array, never `NULL`.	MAPPED	423	subject-bytes	added
C2-0218	969	N	Every artifact carries `<prefix>_next_pos` as a fifth exported entry.	MAPPED	279	entry-inventory	entry inventory table 265-275 lists next_pos; 'fifth' ordinal not used
C2-0219	971	N	The find-all loop's advance goes through `<prefix>_next_pos`, not `+ 1`.	MAPPED	443	find-all	loop code 429-430; 461-463
C2-0220	975	N	Signature: `size_t <prefix>_next_pos(const unsigned char *s, size_t n, size_t pos);`	MAPPED	530	next-pos	
C2-0221	978	N	`<prefix>_next_pos` is the one place an artifact's byte-vs-character distinction lives.	MAPPED	536	next-pos	lines 517-518
C2-0222	980	N	An artifact embeds exactly one encoding's residual block, chosen per compile call by `pcrec_options.encoding` (§8.2), never process- or file-globally.	MAPPED	554	next-pos	lines 533-535
C2-0223	983	N	Two differently-prefixed artifacts compiled for different encodings compose in one translation unit.	MAPPED	556	next-pos	lines 535-536
C2-0224	991	N	`<prefix>_next_pos` returns the smallest position STRICTLY GREATER than `pos` that is a character boundary of the artifact's encoding, counting every position >= `n` as a boundary.	MAPPED	533	next-pos	lines 514-516
C2-0225	994	N	The result of `<prefix>_next_pos` is in `(pos, n]` whenever `pos < n`.	MAPPED	535	next-pos	
C2-0226	995	N	The result of `<prefix>_next_pos` is `pos + 1` whenever `pos >= n`; this is what lets a find-all loop advance past a zero-length match and still terminate.	MAPPED	535	next-pos	lines 516-517; the 'lets a loop terminate' rationale is dropped
C2-0227	1000	N	`<prefix>_next_pos` reads `s` only at offsets in `[pos, n)`, so the `(s == NULL, n == 0)` subject that `<prefix>_search` accepts is legal there too.	MAPPED	542	next-pos	lines 523-524
C2-0228	1002	N	`<prefix>_next_pos` is never called from the artifact's own engine; it is caller-facing residue, not hot-path code.	MAPPED	547	next-pos	lines 528-529
C2-0229	1006	N	An artifact compiled for a different encoding exports the same `<prefix>_next_pos` entry with that encoding's body, and no caller loop changes.	MAPPED	554	next-pos	lines 533-536 and 461-463, 2630-2632
C2-0230	1014	N	`<prefix>_next_pos` is an ordinary extern function, not a macro and not `static inline`.	MAPPED	539	next-pos	lines 520-522
C2-0231	1015	N	`<prefix>_next_pos` is declared in the emitted header (or, in a self-contained artifact, in the `.c` beside the other entries' declarations) and defined in the `.c`.	MAPPED	539	next-pos	lines 520-522
C2-0232	1019	N	`<prefix>_next_pos` never reads outside `[pos, n)`.	MAPPED	542	next-pos	
C2-0233	1020	N	Under the byte encoding `<prefix>_next_pos` does not read `s` at all.	MAPPED	543	next-pos	lines 524-525
C2-0234	1022	N	`pos > n` is not an error for `<prefix>_next_pos`: the result is simply `pos + 1`.	MAPPED	545	next-pos	
C2-0235	1024	N	The result of `<prefix>_next_pos` is always strictly greater than `pos`.	MAPPED	546	next-pos	
C2-0236	1026	N	Under the byte encoding the body of `<prefix>_next_pos` is `return pos + 1;` (with `s` and `n` unused).	MAPPED	559	next-pos	lines 538-548
C2-0237	1040	N	Under `utf8` the advance of `<prefix>_next_pos` is defined on every input, well-formed or not, and the rule is normative.	MAPPED	572	next-pos-utf8	lines 551-553
C2-0238	1046	N	Under `utf8`, `<prefix>_next_pos` advances from `pos + 1` past every byte in the range `0x80`-`0xBF`, stopping at the first byte outside that range or at `n`.	MAPPED	576	next-pos-utf8	lines 555-556
C2-0239	1049	N	Under `utf8`, a well-formed character is skipped whole by `<prefix>_next_pos`.	MAPPED	579	next-pos-utf8	
C2-0240	1050	N	Under `utf8`, a truncated or otherwise ill-formed sequence degrades under `<prefix>_next_pos` to the next non-continuation byte, not a position in the middle of the garbage.	MAPPED	579	next-pos-utf8	lines 558-559
C2-0241	1052	N	The four `<prefix>_next_pos` promises (extern, bounded reads, `pos > n` ok, strictly greater) hold unchanged under `utf8` on ill-formed input.	MAPPED	539	next-pos	bullets 520-527 are unqualified by encoding, with only the 'under byte reads nothing' exception; utf8 well-definedness on ill-formed input at 551
C2-0242	1053	N	The `utf8` `<prefix>_next_pos` loop is bounded by `n`, not by a well-formed character's maximum of three continuation bytes, which makes the degradation total.	MAPPED	581	next-pos-utf8	lines 560-561
C2-0243	1063	N	The `utf8` body of `<prefix>_next_pos` is: `size_t i = pos + 1; while (i < n && (s[i] & 0xC0) == 0x80) i++; return i;`.	MAPPED	594	next-pos-utf8	code 565-576 verbatim from artifact
C2-0244	1071	N	The `utf8` `<prefix>_next_pos` rule is the entry's own rule, the encoding seam's, and K49's retry advance.	MAPPED	583	next-pos-utf8	added
C2-0245	1075	N	`docs/spec/rxt_format.md`'s `mc` production is the consumer that reads the `utf8` `<prefix>_next_pos` rule and states the same rule.	MAPPED	583	next-pos-utf8	lines 562-563; rxt_format.md:785-788 states same rule
C2-0246	1086	H	The find-all loop is final: M5's UTF-8 backend supplies a boundary-aware `<prefix>_next_pos` under the same signature and no caller's find-all loop changes.	MAPPED	475	find-all	lines 461-463: loop final for every encoding; utf8 artifact advances by characters, no source change
C2-0247	1089	H	A consumer must NOT inline `+ 1` in place of `<prefix>_next_pos`: that makes a byte-compiled caller wrong against a UTF-8-compiled artifact.	MAPPED	475	find-all	'Do not inline + 1'; reason (wrong against utf8 artifact) at 462-463
C2-0248	1092	H	CHECK: `<prefix>_next_pos` under `utf8` skips forward over continuation bytes to the next character boundary, and the find-all loop compiles unchanged against a `-e utf8` artifact.	MAPPED	579	next-pos-utf8	probe: -e utf8 artifact next_pos skips continuation bytes (while (i<n && (s[i]&0xC0)==0x80)); the loop compiles unchanged per 461-463
C2-0249	1096	H	The encoding constant is `PCREC_ENC_BYTE` and the CLI encoding value is `byte` (the semantics are "every byte is a character"); there is no `PCREC_ENC_ASCII` (§8.2 records the rename).	MAPPED	2692	encodings-compiled	PCREC_ENC_BYTE value 0, CLI -e byte; '-e ascii is an unknown encoding' at 2615; the rename itself not recorded
C2-0250	1101	N	A residual entry is never called from the artifact's own engine (DD-12 (7) forbids the hot path depending on the encoding).	MAPPED	547	next-pos	lines 528-529 (DD-12 (7))
C2-0251	1104	M	`tests/codegen/run_codegen_tests.sh` reads every emitted engine body for a residual reference across six emission shapes in both artifact forms.	MAPPED	548	next-pos	lines 529-531
C2-0252	1106	M	The residual-in-engine check is sabotage-validated by `tests/mech/sabotages/S68_residual_in_hot_loop.sh` (the emitted bitmap prefilter's skip loop advancing through `<prefix>_next_pos`).	MAPPED	550	next-pos	S68 cited; its emitted-bitmap-skip-loop description dropped
C2-0253	1108	M	Under the byte backend the sabotaged advance and `+ 1` are the same value, so the whole `.rxt` corpus stays green and only the structural check sees the sabotage.	MAPPED	552	next-pos	added
C2-0254	1112	N	`<prefix>_valid_upto` is the subject validator (UTF-VALID).	MAPPED	601	valid-upto	
C2-0255	1115	N	Signature: `size_t <prefix>_valid_upto(const unsigned char *s, size_t n, size_t startpos);`	MAPPED	604	valid-upto	
C2-0256	1118	N	`<prefix>_valid_upto` returns the offset of the FIRST BYTE of the first ill-formed sequence of the artifact's encoding that begins at or after `f`, where `f` is `startpos` stepped back LB characters by PCRE2's raw walk.	MAPPED	607	valid-upto	lines 585-588
C2-0257	1121	N	`<prefix>_valid_upto` returns `n` when there is no ill-formed sequence, and `n` when `startpos > n`.	MAPPED	609	valid-upto	lines 587-588
C2-0258	1122	N	The offset `<prefix>_valid_upto` returns is the sequence's lead byte, or a stray continuation byte itself.	MAPPED	610	valid-upto	lines 588-589
C2-0259	1123	M	That offset equals `PCRE2_UTF`'s own error offset (`pcre2_get_startchar`) on every measured kind: truncated, overlong, surrogate, above U+10FFFF, `0xF5`-`0xFF`, isolated continuation (libpcre2 10.46; docs/design/utf_valid_design.md §1).	MAPPED	611	valid-upto	lines 589-592
C2-0260	1127	N	EVERY artifact exports `<prefix>_valid_upto`, whatever `-futf-check` says.	MAPPED	616	valid-upto	
C2-0261	1128	N	Under `byte`, the body of `<prefix>_valid_upto` is `return n;` and `s` is never read, so the `(s == NULL, n == 0)` subject is legal there too.	MAPPED	617	valid-upto	lines 595-597
C2-0262	1130	N	A caller's code using `<prefix>_valid_upto` compiles unchanged across encodings.	MAPPED	618	valid-upto	also 2630-2632
C2-0263	1131	N	A `-futf-check` artifact refuses exactly the calls for which `<prefix>_valid_upto` returns `< n`.	MAPPED	620	valid-upto	
C2-0264	1132	N	The value `<prefix>_valid_upto` returns is the offset of the `-futf-check` refusal when passed the SAME `startpos` the refused call was given (under `-fstartpos-guard=align`, the aligned one).	MAPPED	621	valid-upto	lines 599-601
C2-0265	1134	N	The step-back happens INSIDE `<prefix>_valid_upto`, so a lookbehind-window error before `startpos` is reported, not missed.	MAPPED	623	valid-upto	lines 601-602
C2-0266	1136	N	`<prefix>_valid_upto` is called once per call from the entry, never from an engine body.	MAPPED	625	valid-upto	
C2-0267	1137	M	The [M5-SEAM] structural check counts the call sites of `<prefix>_valid_upto` like those of `<prefix>_next_pos`.	MAPPED	626	valid-upto	lines 604-605
C2-0268	1138	N	LB reaches the `<prefix>_valid_upto` body as `<prefix>_VALID_LB`, a `.c`-only macro, and is otherwise not part of the contract.	MAPPED	627	valid-upto	lines 605-606
C2-0269	1140	N	`<prefix>_valid_upto` does not refuse a mid-character `startpos`: with LB 0 the walk starts ON the continuation byte, which is then reported as ill-formed.	MAPPED	629	valid-upto	lines 607-608
C2-0270	1142	N	The checking entries never ask the mid-character question of `<prefix>_valid_upto`, because the K50 guard (or the alignment) runs first.	MAPPED	631	valid-upto	lines 609-610
C2-0271	1145	N	Find-all over a `-futf-check` artifact validates `[f, n)` on every call, so `m` matches cost O(n*m) validation bytes (PCRE2's own property, for which it documents `PCRE2_NO_UTF_CHECK`).	MAPPED	636	find-all-validated	lines 614-616
C2-0272	1149	N	The linear idiom for find-all under the check needs ONE artifact compiled WITHOUT `-futf-check`.	MAPPED	638	find-all-validated	lines 616-617
C2-0273	1153	N	Linear idiom: if `<prefix>_valid_upto(s, n, 0) != n` refuse (the offset is the return); otherwise run the §3.1 find-all loop unchanged on the same default artifact.	MAPPED	641	find-all-validated	code 619-622
C2-0274	1157	N	The default artifact in the validate-once idiom answers exactly as the checking artifact would on every call of the loop, because every call's checked range lies inside `[0, n)`.	MAPPED	646	find-all-validated	lines 624-625
C2-0275	1158	N	A validity cursor kept inside the artifact across calls is not offered, because §5.3's reentrancy contract forbids the state.	MAPPED	647	find-all-validated	lines 625-626
C2-0276	1160	N	The per-call "check as you move forward" contract (`-futf-check=extent`) is RESERVED and refused until a caller measures a need for it.	MAPPED	648	find-all-validated	lines 626-628
C3-0001	1167	N	rx_matchfn is the shared function type ptrdiff_t rx_matchfn(const rx_ctx *ctx), defined in §2.	MAPPED	168	abi-types	rx_matchfn typedef at 165 (defined in section 2); also 634
C3-0002	1168	N	Every artifact declares ptrdiff_t <prefix>_match(const rx_ctx *ctx).	MAPPED	656	match	signature at 634; every artifact exports it, inventory 265-270
C3-0003	1171	N	<prefix>_match matches at exactly ctx->pos: a match starting anywhere else is not reported.	MAPPED	659	match	bold sentence: matches at exactly ctx->pos, other starts not reported
C3-0004	1172	N	The anchoring promise of <prefix>_match is the semantic a caller can rely on; it is deliberately not a claim about how the artifact is built.	MAPPED	659	match	"That is the contract; how an artifact achieves it is not."
C3-0005	1174	N	On a VM artifact the <prefix>_match emitter has no search loop.	MAPPED	680	match-forms	"A VM artifact's <prefix>_match is the VM's own anchored body, with no search loop"
C3-0006	1175	N	A DFA artifact's <prefix>_match takes one of two forms, named in <PREFIX>_DFA_MATCH and rx_info.match_form (§6.3).	MAPPED	678	match-forms	two forms named by <PREFIX>_DFA_MATCH and rx_info.match_form (6.3)
C3-0007	1177	M	Measured: the DFA forms of <prefix>_match give the same answers; only the anchoring promise is contractual.	MAPPED	679	match-forms	"both give the same answers"; the 'measured' label dropped but the fact is stated
C3-0008	1180	N	Form "unwrapped": the artifact carries a THIRD machine, the tables of its forward scan WITHOUT the start-anywhere self-loop, run forward from ctx->pos.	MAPPED	683	match-forms	third machine = forward tables without start-anywhere self-loop, run forward from ctx->pos
C3-0009	1183	N	Under "unwrapped" there is no later start to reject and no backwards pass to recover a start with.	MAPPED	684	match-forms	implied-complete by 'runs it forward from ctx->pos ... one forward scan'; no reverse pass is part of that statement
C3-0010	1184	N	Under "unwrapped" a failing <prefix>_match probe stops at the first byte that cannot continue a match beginning at ctx->pos.	MAPPED	685	match-forms	failing probe stops at first byte that cannot continue a match beginning there
C3-0011	1185	N	Under "unwrapped" a succeeding <prefix>_match costs one forward scan rather than a forward and a reverse scan.	MAPPED	686	match-forms	a succeeding probe costs one forward scan (the 'rather than forward+reverse' contrast is not spelled out)
C3-0012	1187	N	The "unwrapped" form reports the same length the "search-filter" form reports, on every input (argued in anchored_match_unwrapped.md §3).	MAPPED	687	match-forms	anchored_match_unwrapped.md section 3 argues same length on every input
C3-0013	1191	N	Form "search-filter": <prefix>_match runs the artifact's ordinary UNANCHORED search and rejects any match whose start is not ctx->pos.	MAPPED	689	match-forms	search-filter form: runs unanchored search, rejects start != ctx->pos
C3-0014	1191	N	"search-filter" is still the <prefix>_match form on some artifacts.	MAPPED	689	match-forms	search-filter is the form for five populations (671-680)
C3-0015	1194	N	On a failing <prefix>_match under "search-filter" the underlying search does not know the question is anchored and may skim the rest of the subject for a later match the filter discards.	MAPPED	690	match-forms	failing match-here may skim rest of subject for a later match the filter discards
C3-0016	1197	N	The state-0 memchr skip keeps that failing-probe cost a skim rather than a per-byte walk, where an anchored body fails at the first divergent byte.	MAPPED	692	match-forms	"the state-0 memchr skip keeps it a skim"; per-byte-walk contrast not spelled out
C3-0017	1199	N	A caller issuing many expected-to-fail <prefix>_match probes against long subjects is in the "search-filter" form's worst case, and can read off the artifact whether it is in that form.	MAPPED	692	match-forms	many expected-to-fail probes on long subjects = worst case; readable off the artifact
C3-0018	1201	N	Exactly five populations take the "search-filter" form for <prefix>_match.	MAPPED	694	match-forms	"Five populations take it"
C3-0019	1202	N	Population 1 of "search-filter": an artifact whose engine is the per-start attempt loop (<PREFIX>_DFA_SCAN "attempt", i.e. a ^- or \G-bearing pattern).	MAPPED	695	match-forms	DFA_SCAN "attempt" (^- or \G-bearing)
C3-0020	1204	N	Population 2 of "search-filter": an artifact that matches nothing (<PREFIX>_DFA_SCAN "empty").	MAPPED	696	match-forms	"empty" (matches nothing)
C3-0021	1205	N	Population 3 of "search-filter": an artifact whose anchored machine exceeded a DFA cap; this is a SELECTION OUTCOME, never a refusal.	MAPPED	697	match-forms	anchored machine exceeded a DFA cap; selection outcome, never a refusal
C3-0022	1206	N	Population 4 of "search-filter": any build under -fno-anchored-dfa (tuning.md §2.15).	MAPPED	698	match-forms	-fno-anchored-dfa (tuning.md 2.15)
C3-0023	1207	N	Population 5 of "search-filter": an artifact whose anchored machine pcrec DROPPED so the artifact fits under an emitted-size cap (limits.md §8 "The optional-contributor drop"), since [K53-SELRETRY].	MAPPED	699	match-forms	anchored machine dropped to fit an emitted-size cap (limits.md 8); the [K53-SELRETRY] date tag dropped
C3-0024	1209	N	The size-cap-drop population is the only one where a caller could have had the faster form and lost it to a size limit rather than to the pattern's shape.	MAPPED	701	match-forms	"the only one of the five where a size limit rather than the pattern's shape cost the faster form"
C3-0025	1212	N	The size-cap-drop population is identifiable by <PREFIX>_ENGINE_SEL "size-cap-retry".	MAPPED	702	match-forms	identified by <PREFIX>_ENGINE_SEL "size-cap-retry"; also 1514 and 1710
C3-0026	1213	N	Raising --max-emit-bytes gets the anchored machine back for a size-cap-retry artifact.	MAPPED	702	match-forms	raising --max-emit-bytes gets the anchored machine back
C3-0027	1216	N	<prefix>_match returns the matched length (>= 0) on a match at ctx->pos.	MAPPED	662	match	returns matched length >= 0
C3-0028	1217	N	<prefix>_match returns 0 for a zero-length match at ctx->pos.	MAPPED	662	match	0 is a zero-length match at ctx->pos
C3-0029	1217	N	<prefix>_match returns -1 on no match.	MAPPED	663	match	-1 on no match
C3-0030	1218	N	<prefix>_match may return a typed give-up code (§4).	MAPPED	663	match	a give-up code (section 4)
C3-0031	1218	N	<prefix>_match may return one of §3.1's caller refusals at ctx->pos: PCREC_ERR_STARTPOS (K50).	MAPPED	663	match	one of 3.1's caller refusals incl PCREC_ERR_STARTPOS
C3-0032	1219	N	Under -futf-check <prefix>_match returns PCREC_ERR_UTF from the same check at the same position as <prefix>_search, in the same order (guard first) and over the same checked range.	MAPPED	664	match	-futf-check PCREC_ERR_UTF, same checks/position/order (guard first)/range as search
C3-0033	1222	N	Under -fstartpos-guard=align a misaligned ctx->pos makes <prefix>_match answer -1 (no match begins inside a character), after the check has run from the aligned position.	MAPPED	667	match	-fstartpos-guard=align misaligned ctx->pos answers -1 after the check from the aligned position
C3-0034	1224	N	<prefix>_match delivers no captures: ctx->caps is an input (§5), not an output channel.	MAPPED	673	match	delivers no captures; ctx->caps is an input
C3-0035	1226	N	<prefix>_match has no parameter to write group offsets into.	MAPPED	656	match	signature (634) has only ctx; 650 'delivers no captures'
C3-0036	1227	N	A top-level caller of <prefix>_match passes ctx->ncap = 0 and ctx->caps = NULL (self-contained per rx_matchfn's contract).	MAPPED	674	match	top-level caller passes ncap=0, caps=NULL
C3-0037	1233	N	Every artifact declares ptrdiff_t <prefix>_match_caps(const rx_ctx *ctx, ptrdiff_t (*caps_out)[2]).	MAPPED	709	match-caps	signature of _match_caps
C3-0038	1236	N	<prefix>_match_caps has the same anchoring promise as <prefix>_match (match at exactly ctx->pos) and the same two forms (§3.2).	MAPPED	712	match-caps	"The anchoring promise, return space and forms of <prefix>_match"
C3-0039	1237	N	Under "unwrapped" <prefix>_match_caps delegates to <prefix>_match and fills the spans itself.	MAPPED	714	match-caps	under "unwrapped" the entry delegates to <prefix>_match and fills the span itself
C3-0040	1238	N	Under "unwrapped" caps_out[0] is [ctx->pos, ctx->pos + length) by construction rather than by a filter that proved it.	MAPPED	714	match-caps	caps_out[0] = [ctx->pos, ctx->pos+length), filled by the entry itself under unwrapped
C3-0041	1240	N	On success <prefix>_match_caps writes all of caps_out[0..<PREFIX>_NCAPS-1] (same completed-match discipline as <prefix>_search).	MAPPED	713	match-caps	all of caps_out[0..NCAPS-1] written on success; 'same completed-match discipline as search' not worded but 327 and 896 state it
C3-0042	1242	N	On success of <prefix>_match_caps, caps_out[0] is [ctx->pos, ctx->pos + length).	MAPPED	714	match-caps	caps_out[0] is [ctx->pos, ctx->pos + length)
C3-0043	1242	N	On a captures-on build caps_out[k] is capturing group k for k >= 1, in the pattern's own left-to-right numbering.	MAPPED	715	match-caps	caps_out[k] is capturing group k for k>=1 in the pattern's own numbering on a captures-on build
C3-0044	1244	N	rx_group_entry.slot exists for a future in which a build delivers a different slot for a group; on today's builds no such indirection is in play and slot == group number.	SUPERSEDED	1058	named-groups	new text: slot is the caps index or -1 when the build delivers none (240-241); live: --no-captures named group emits {"b",1,-1,NULL} (build/pcrec probe); composed artifacts also deliver slot rows (5.5); slot==number only for primary groups (695)
C3-0045	1247	N	D61: for the PRIMARY pattern's own groups on a captures-on build, slot == number is PERMANENT.	MAPPED	718	match-caps	slot == number permanent for primary pattern's groups (D61); also 1181-1183
C3-0046	1249	N	The different-slot latitude applies only to future ref-bearing rows (§6), whose delivered slots APPEND after the primary prefix and never displace slots 1..ngroups.	MAPPED	1220	rx-info-counts	slots above ngroups APPEND and never interleave with or renumber the prefix; 5.5 at 1105-1107
C3-0047	1253	N	On failure <prefix>_match_caps leaves caps_out untouched, and a give-up counts as a failure for this rule.	MAPPED	721	match-caps	on every negative return caps_out untouched, give-ups included
C3-0048	1254	N	Every negative return of <prefix>_match_caps leaves the caller's caps_out array exactly as it was.	MAPPED	721	match-caps	same sentence
C3-0049	1255	N	The generated source states outright: "caps_out is UNTOUCHED on every negative return, give-up included".	HISTORY			statement about the wording of generated-source comments; contract fact stated at 698; current emitted comment still says caps_out UNTOUCHED on every negative return (src/gen/emit_vm.c:13770)
C3-0050	1257	N	The same untouched-on-negative-return rule holds for <prefix>_search's caps.	MAPPED	340	search-conventions	every return other than 1 leaves caps untouched, search/_in/_match_caps/_match_caps_in; also 5 at 898
C3-0051	1259	N	<prefix>_match_caps reads ctx->caps/ctx->ncap as ordinary rx_ctx input, unrelated to caps_out.	MAPPED	722	match-caps	ctx->caps/ctx->ncap read as ordinary rx_ctx input, unrelated to caps_out
C3-0052	1260	N	A top-level <prefix>_match_caps call passes ncap=0, caps=NULL exactly like <prefix>_match.	MAPPED	723	match-caps	top-level call passes ncap=0, caps=NULL
C3-0053	1263	N	Entry choice: no start position known and/or no captures wanted -> <prefix>_search.	MAPPED	304	choosing-an-entry	no start known -> search
C3-0054	1264	N	Entry choice: start position known, captures wanted, no search loop wanted -> <prefix>_match_caps.	MAPPED	305	choosing-an-entry	start known, captures wanted, no search -> match_caps
C3-0055	1265	N	Entry choice: neither offsets nor a loop wanted -> <prefix>_match.	MAPPED	306	choosing-an-entry	start known, neither offsets nor search -> match
C3-0056	1266	N	The discriminator between the entries is whether the start position is KNOWN, never whether captures are wanted.	MAPPED	300	choosing-an-entry	discriminator is whether start is KNOWN, never whether captures are wanted
C3-0057	1268	N	<prefix>_search delivers full captures when handed a caps buffer (§3.1), so first match plus its groups is one <prefix>_search call.	MAPPED	300	choosing-an-entry	search delivers full captures when handed a caps buffer; first match plus groups is one call
C3-0058	1270	N	<prefix>_match_caps is only for the anchored case.	MAPPED	305	choosing-an-entry	match_caps listed only for known-start case (implied exclusivity)
C3-0059	1274	N	The three entries are not interchangeable views of one answer on the give-up axis.	MAPPED	748	giveups-per-entry	"WHICH entry gives up on a given input is a property of that entry"
C3-0060	1276	N	§4's uniformity is about the CODE SPACE (which values mean what), not about which entry gives up on a given input.	MAPPED	810	giveup-codes	"Uniformity is about the codes, not about when a give-up happens"
C3-0061	1278	N	Whether a budget is exhausted is a property of the entry point, because the entries do different amounts of work; it goes both ways.	MAPPED	748	giveups-per-entry	different amounts of work; goes both ways
C3-0062	1279	M	Measured: (a|aa)+b built --step-budget=3 over "aaaaaaaaaaaaaaaaaaaaX": <prefix>_search returns 0 (its DFA prefilter resolves the question without entering the VM).	MAPPED	750	giveups-per-entry	(a|aa)+b --step-budget=3 over a*20X: search returns 0 via DFA prefilter
C3-0063	1283	M	Measured: (a|aa)+b built --step-budget=3 over "aaaaaaaaaaaaaaaaaaaaX": <prefix>_match and <prefix>_match_caps both return -2.	MAPPED	752	giveups-per-entry	match and match_caps return -2
C3-0064	1284	M	Measured: (a|aa)+b-family artifact built --backtrack-frames=1 over "xxaaaaab": <prefix>_search returns -3.	MAPPED	753	giveups-per-entry	--backtrack-frames=1 over xxaaaaab: search returns -3
C3-0065	1286	M	Measured: on that --backtrack-frames=1 artifact over "xxaaaaab" both anchored entries return a clean -1, because anchoring at position 0 fails immediately and spends no frame.	MAPPED	753	giveups-per-entry	both anchored entries return -1 (anchoring at 0 fails at once, no frame)
C3-0066	1288	N	A caller must handle give-ups on whichever entry it actually calls.	MAPPED	755	giveups-per-entry	handle give-ups on whichever entry is called
C3-0067	1289	N	A caller must not infer from one entry's clean answer that another entry would give one.	MAPPED	756	giveups-per-entry	never infer from one entry's clean answer that another would give one
C3-0068	1295	N	Every artifact declares extern const struct rx_info <prefix>_info.	MAPPED	729	info	extern const struct rx_info <prefix>_info
C3-0069	1298	N	<prefix>_info is one instance per artifact, a link-time constant, with no runtime cost to build.	MAPPED	732	info	one instance per artifact, link-time constant data
C3-0070	1301	N	<prefix>_info is not strictly .rodata: struct rx_info holds pointers (pattern, engine_why, and others), so the object needs load-time relocation.	MAPPED	1365	rx-info-placement	not strictly .rodata: pointers need load-time relocation
C3-0071	1303	M	CHECK: Measured with readelf on a default build of 'a(b|c)+d' (struct since grown, size is historical): rx_info is a 104-byte object in section .data.rel.ro.local, not .rodata.	SUPERSEDED	1367	rx-info-placement	new: 200-byte object in .data.rel.ro.local; live: readelf on gcc -O2 object of 'a(b|c)+d' default build shows rx_info 200 OBJECT in .data.rel.ro.local (build/pcrec probe); old 104 is stale
C3-0072	1307	M	CHECK: Measured on that build: .data.rel.ro.local carries exactly two R_X86_64_64 relocations, one per embedded string pointer (pattern, engine_why); struct has since gained more pointer fields.	SUPERSEDED	1368	rx-info-placement	new: one R_X86_64_64 per non-NULL pointer member (seven); live: readelf -r of same object shows 7 R_X86_64_64 in .rela.data.rel.ro.local; old 'exactly two' stale
C3-0073	1308	M	The strings rx_info points at are in .rodata.	MAPPED	1369	rx-info-placement	strings are in .rodata
C3-0074	1309	N	<prefix>_info has no run-time initializer and no constructor; its cost is relocations at load, not zero.	MAPPED	1370	rx-info-placement	no run-time initializer and no constructor; cost is relocations at load
C3-0075	1315	N	The give-up-collapse-to--1 rule of match_api_m4.md §3 as originally written does not exist in the shipped artifact, on either engine; D49 supersedes D42.3.	MAPPED	738	giveups-per-entry	every entry propagates give-ups, none collapsed to -1 (D49); the match_api_m4.md/D42.3 history is not named
C3-0076	1321	N	A DFA artifact's <prefix>_match is a wrapper that calls <prefix>_search(ctx->subject, ctx->len, ctx->pos, caps) with a local caps[NCAPS][2] and returns found if found < 0.	SUPERSEDED	678	match-forms	DFA _match now has two forms; only search-filter (666) is the search wrapper; unwrapped runs its own anchored machine; live: -fno-anchored-dfa gives wrapper calling rx_search with local caps (src/gen/emit_dfa.c:2594-2600), default build has own machine
C3-0077	1322	N	In a DFA artifact's <prefix>_match, give-up codes PROPAGATE rather than collapsing to -1 (D49).	MAPPED	738	giveups-per-entry	give-up codes propagate, not collapsed (D49); DFA wrapper returns found when found<0 at 717
C3-0078	1323	N	In a DFA artifact the give-up propagation branch is unreachable (no counter to exhaust) but written uniformly on purpose, because rx_matchfn has one contract and a later engine may share the emitter.	MAPPED	744	giveups-per-entry	DFA never returns a give-up but entries are written to propagate one; rationale differs (switch survives a later VM compile vs 'later engine shares emitter')
C3-0079	1331	N	The DFA artifact's <prefix>_match local caps array is zero-initialized (= {{0}}), because of gcc -O1 false maybe-uninitialized (K28).	MAPPED	760	k28-initializer	added (K28 paragraph, §3.5)
C3-0080	1333	N	A DFA artifact's <prefix>_match returns the <prefix>_search result unchanged (cast to ptrdiff_t) when it is negative.	MAPPED	740	giveups-per-entry	DFA wrapper returns found when found < 0
C3-0081	1334	N	A DFA artifact's <prefix>_match returns -1 if <prefix>_search found != 1 or caps[0][0] != ctx->pos.	MAPPED	689	match-forms	search-filter rejects any match whose start is not ctx->pos (the found != 1 test is implied; exact test not spelled out)
C3-0082	1335	N	A DFA artifact's <prefix>_match otherwise returns caps[0][1] - caps[0][0].	MAPPED	662	match	returns matched length; end-start value of the wrapper is not spelled out but equals the contract length
C3-0083	1345	N	A VM artifact's <prefix>_match returns -1 if ctx->pos > ctx->len.	MAPPED	670	match	added (§3.2); verified emit_vm.c:13722 and DFA wrapper (search returns 0 -> -1)
C3-0084	1346	N	A VM artifact's <prefix>_match initializes a work struct (<prefix>_work_init) and calls <prefix>_match_impl(ctx, &w, ctx->len).	INTERNAL	56	per-artifact-symbols	internal emission detail with stale names (now rx_run_state_init / rx_match_anchored); covered by the internals clause of §1
C3-0085	1348	N	A VM artifact's <prefix>_match returns the impl's result with no translation and no clamp.	MAPPED	741	giveups-per-entry	VM entry returns its body's result with no translation
C3-0086	1349	N	The VM impl's return space is >= 0, -1, or one of the three R_ sentinels, which are the ERR_ codes.	INTERNAL	56	per-artifact-symbols	internal: the VM body's return space equals rx_matchfn's (stated §3.5); the R_ aliases are internal (§6.3.1)
C3-0087	1356	N	The DFA body's unreachable propagation is evidence that the emitter WRITES the propagation, not that it ever happens; the VM is the live evidence.	HISTORY			argument about how to read evidence (DFA unreachable vs VM live); the fact it supports is stated at 721-723
C3-0088	1360	M	Measured: (a|aa)+b built --step-budget=3 returns -2 from <prefix>_match and <prefix>_match_caps.	MAPPED	752	giveups-per-entry	(a|aa)+b --step-budget=3: match and match_caps return -2
C3-0089	1362	M	Measured: (a|aa)+b built --backtrack-frames=1 returns -3 from all three entries, <prefix>_search included, on subject "ab".	MAPPED	755	giveups-per-entry	--backtrack-frames=1: all three entries return -3 on "ab"
C3-0090	1364	N	The DFA body's found != 1 || caps[0][0] != ctx->pos test is the only thing making that engine honor §3.2's anchoring promise.	MAPPED	689	match-forms	search-filter form's start filter is what makes that DFA form honor anchoring (stated as 'rejects any match whose start is not ctx->pos')
C3-0091	1369	N	The caps initializer in the DFA <prefix>_match is never observed and changes no answer.	MAPPED	765	k28-initializer	added
C3-0092	1372	H	A single-dead-state DFA makes rx_search always return 0; gcc -O1 inlines it and reports the caps array maybe-uninitialized though the read is unreachable; the initializer prevents a -Werror consumer build failure (K28).	MAPPED	762	k28-initializer	added
C3-0093	1377	N	The same caps declaration and initializer appear in <prefix>_match_caps and in the standalone main().	MAPPED	761	k28-initializer	added
C3-0094	1379	M	Measured: restructuring the found != 1 test instead of initializing caps does NOT silence the maybe-uninitialized report.	MAPPED	766	k28-initializer	added
C3-0095	1382	N	D49 supersedes D42.3 and rules the uniform-codes contract the artifacts implement.	HISTORY			ruling-history (D49 supersedes D42.3); the contract it ruled is stated at 715-721 and D49 is cited at 773
C3-0096	1385	N	A caller that only tests r < 0 for did-it-match is unaffected by give-up codes being distinct.	MAPPED	742	giveups-per-entry	a caller testing only r < 0 is unaffected
C3-0097	1386	N	A caller doing an exact == -1 comparison sees give-up codes as distinct values, not folded into -1.	MAPPED	743	giveups-per-entry	exact == -1 comparison sees give-ups as distinct values
C3-0098	1389	H	CHECK: An artifact generated before 2026-08-18 carries an emitted rx_matchfn ABI comment saying values < -1 are reserved and none is produced; that comment is false for such artifacts.	HISTORY			past-state claim about artifacts generated before 2026-08-18
C3-0099	1395	H	Where an old artifact's comment and the spec disagree, the spec is the contract; the artifact's behavior always matched the spec, not its own comment.	HISTORY			process/history (old artifact comment vs spec); spec-is-contract stance at lines 3-8
C3-0100	1402	H	The emitted rx_matchfn comment now states the give-up space (§2 quotes it verbatim), and lib/pcrec.h's generated-searcher comment names the negative return space too.	HISTORY			past fix note; current emitted rx_matchfn comment is quoted verbatim at 154-164
C3-0101	1413	N	There is no native end-anchored entry: no search-style call meaning match and require the match to reach the subject's end.	MAPPED	771	whole-subject	"There is no end-anchored entry"
C3-0102	1414	N	§3.1-§3.3's three entries answer does a match exist starting here, never does a match exist covering here to n.	MAPPED	771	whole-subject	3.1-3.3 answer 'does a match start here', never 'cover here to n'
C3-0103	1416	N	A caller wanting PCRE2_ANCHORED|PCRE2_ENDANCHORED semantics compiles (?:P)\z (P in a non-capturing group followed by \z) and calls any of §3.1-§3.3.	MAPPED	773	whole-subject	compile (?:P)\z and call any entry (PCRE2_ANCHORED|PCRE2_ENDANCHORED regime)
C3-0104	1419	N	Use \z, not $: $ admits a trailing newline at default options ((?m) off), which is not the subject's end.	MAPPED	781	whole-subject	\z not $; $ admits a trailing newline at default options
C3-0105	1420	M	Measured: (?:foo)$ compiled --no-captures matches "foo\n" at [0,3), while (?:foo)\z on the identical subject reports no match.	MAPPED	782	whole-subject	(?:foo)$ matches "foo\n" at [0,3); (?:foo)\z does not
C3-0106	1423	N	\z is module assertions' unconditional end-of-subject assertion and admits nothing after it.	MAPPED	783	whole-subject	\z (module assertions) admits nothing after it
C3-0107	1425	N	Of $, \Z, \z only \z admits nothing after the subject end at default options.	MAPPED	784	whole-subject	of $, \Z, \z the only anchor with that property at default options
C3-0108	1428	N	Running the anchored entry and testing length == n is SUFFICIENT for end-anchored matching but not NECESSARY.	MAPPED	786	whole-subject	length==n is sufficient but not necessary
C3-0109	1431	N	Leftmost-first preference picks the FIRST alternative that matches, never the one reaching farthest.	MAPPED	787	whole-subject	leftmost-first picks first alternative that matches, not the longest
C3-0110	1434	M	Measured: a|ab compiled --no-captures run anchored over "ab" reports [0,1).	MAPPED	789	whole-subject	a|ab anchored over "ab" reports [0,1)
C3-0111	1436	M	Measured: (?:a|ab)\z over "ab" reports [0,2).	MAPPED	790	whole-subject	(?:a|ab)\z over "ab" reports [0,2)
C3-0112	1437	N	\z forces backtracking past the a branch's failure (position 1 is not the subject's end) into the ab branch, so the engine does the end-anchoring search.	MAPPED	790	whole-subject	\z forces the engine past the a branch into ab
C3-0113	1443	N	The (?:P)\z idiom is a ruled-permanent idiom, not a stopgap awaiting a dedicated generation axis ([OS-4], D77 2026-08-25).	MAPPED	775	whole-subject	idiom is permanent (D77, [OS-4])
C3-0114	1445	N	A whole-subject/end-anchored generation axis (single artifact answering both questions, or an emitted skip loop stopping one byte short for \z) is explicitly NOT being built now.	MAPPED	776	whole-subject	no end-anchored generation axis is built; built only under a measurement (the two specific forms are not listed)
C3-0115	1451	N	The idiom costs two artifacts (one ordinary compile, one (?:P)\z compile) and leaves a final-byte DFA skip gap, recorded as a general-optimization candidate ([OS-4]).	MAPPED	777	whole-subject	added; the "final-byte skip gap" half is partly built ([OPT-ENDWIN]); plan.md [OS-4] is the record
C3-0116	1456	N	Any such \z optimization is not scoped to one caller: (?:P)\z benefits identically to every other \z-bearing pattern.	MAPPED	779	whole-subject	added
C3-0117	1459	H	A \z-bearing pattern still selects the DFA, and its <prefix>_match runs the artifact's own anchored machine from ctx->pos rather than the unanchored search with a start filter (the "unwrapped" form), since 2026-08-29.	MAPPED	792	whole-subject	a \z pattern still selects the DFA and match runs the anchored machine (3.2 "unwrapped"); the 2026-08-29 date dropped
C3-0118	1462	M	Measured on the (?:P)\z idiom over the comparative bench's 85 compliance subjects: the matching split goes from 2.074x behind the backtracking VM to 1.031x.	MAPPED	795	whole-subject	matching split 1.031x the backtracking VM; the prior 2.074x is history and omitted
C3-0119	1465	M	Measured on the same 85 subjects: short valid emails go from 1.223x behind the backtracking VM to 0.482x (ahead of it).	MAPPED	796	whole-subject	short valid emails 0.482x; prior 1.223x omitted (history)
C3-0120	1466	N	Nothing about the (?:P)\z idiom itself changed; the entry got cheaper.	HISTORY			before/after narrative ('the entry got cheaper'); the current behaviour is at 758-762
C3-0121	1470	M	Verified live: (?:foo|bar)\z (--no-captures) stamps RX_DFA_SCAN "unanchored".	MAPPED	797	whole-subject	(?:foo|bar)\z stamps RX_DFA_SCAN "unanchored"
C3-0122	1473	M	Verified live: (?:foo|bar)\z (--no-captures) stamps RX_DFA_PREFILTER "byte-class-bounded".	MAPPED	798	whole-subject	stamps RX_DFA_PREFILTER "byte-class-bounded"
C3-0123	1471	N	The \z wrapper changes the emitted candidate-start filter, not just the trailing assertion; the idiom does not anchor the START, only the end.	MAPPED	797	whole-subject	stamps given for the idiom; '(the idiom anchors only the end)' at 764
C3-0124	1474	N	"byte-class-bounded" is the bounded form for a $/\Z/\z view, where a skip may not pass the position whose accept has not yet been evaluated (§6.3).	MAPPED	1640	stamp-dfa-prefilter	-bounded forms: under a view a skip may not pass a position whose accept has not been evaluated; value rows 1584-1591
C3-0125	1476	M	Verified live: (?:foo)\z (single literal, no alternation) stamps the single-candidate form "memchr-bounded".	MAPPED	799	whole-subject	(?:foo)\z stamps "memchr-bounded"
C3-0126	1477	N	Neither idiom use produces RX_DFA_SCAN "attempt" by itself; that shape is what a LEADING ^ or \A selects (§6.3), an orthogonal axis.	MAPPED	799	whole-subject	RX_DFA_SCAN "attempt" comes from a leading ^/\A, which the idiom does not add
C3-0127	1486	N	§4 states the give-up CODES; the numeric trigger defaults (step and work budgets, frame/trail capacities) are limits.md's subject and are not restated in match_api.	MAPPED	902	limits-pointers	'Where the numbers live': budgets/capacities defaults are limits.md's (3, 5, 8)
C3-0128	1490	N	limits.md also carries the compile-time state-count ceilings, the two-tier entry's numeric cost model, and the K33/K34 documented-divergence detail.	MAPPED	906	limits-pointers	state-count ceilings, emitted-size caps, tiered entry's numbers, K33/K34 detail are limits.md's
C3-0129	1494	N	<prefix>_search, rx_matchfn (hence <prefix>_match and any callout) and <prefix>_match_caps all report engine give-up in the same code space: a negative return strictly below -1.	MAPPED	807	giveup-codes	one code space for search, every rx_matchfn (match and callout), match_caps and the _in entries
C3-0130	1496	N	The same give-up value means the same thing at every entry.	MAPPED	808	giveup-codes	"with the same value meaning the same thing at every entry"
C3-0131	1497	N	The code-space uniformity says nothing about when a give-up happens; which entry gives up on a given input is a property of that entry.	MAPPED	810	giveup-codes	"Uniformity is about the codes, not about when a give-up happens (3.5)"
C3-0132	1502	N	The step and work budgets bound ONE attempt, and an un-suffixed entry may make TWO attempts.	MAPPED	846	budget-per-call	one call to an un-suffixed entry may spend up to twice the step and work budgets
C3-0133	1503	N	§10.9's tiered entry re-runs the match on the stamped default after a PCREC_ERR_FRAMES give-up on its fast tier, with both budgets REFILLED.	MAPPED	847	budget-per-call	tiered default re-runs on full default storage after PCREC_ERR_FRAMES, budgets refilled
C3-0134	1504	N	Refilling both budgets on the deep attempt makes the tiered answer identical to a single-tier artifact's (stated in §10.9).	MAPPED	3091	tiered-entry	10.9 'No answer changes': deep run is a replay of a single-tier entry, budgets refilled; also 3001-3008
C3-0135	1506	N	A single call to <prefix>_search/_match/_match_caps can spend up to TWICE the step budget and twice the work budget before returning.	MAPPED	846	budget-per-call	up to twice the step and work budget
C3-0136	1509	N	A returned PCREC_ERR_STEPS still means the deep attempt exhausted a full budget.	MAPPED	849	budget-per-call	a returned PCREC_ERR_STEPS still means one attempt exhausted a full budget
C3-0137	1510	N	The _in entries have no tier and are bounded by one budget.	MAPPED	850	budget-per-call	_in entries have no tier and are bounded by one budget
C3-0138	1512	N	A caller needing a hard bound on the work ONE call may do uses an _in entry or -fno-tiered-entry (tuning.md §2.12).	MAPPED	851	budget-per-call	hard bound: _in or -fno-tiered-entry (tuning.md 2.12)
C3-0139	1516	N	PCREC_ERR_STEPS is -2 (step budget exhausted give-up).	MAPPED	815	giveup-codes	PCREC_ERR_STEPS -2
C3-0140	1517	N	PCREC_ERR_FRAMES is -3 (frame capacity exhausted give-up).	MAPPED	816	giveup-codes	PCREC_ERR_FRAMES -3
C3-0141	1518	N	PCREC_ERR_WORK is -4 (work budget exhausted give-up).	MAPPED	817	giveup-codes	PCREC_ERR_WORK -4
C3-0142	1519	N	PCREC_ERR_RECURSE is -5, reserved with no producer yet (D71 item 1, [DD-14]).	MAPPED	818	giveup-codes	PCREC_ERR_RECURSE -5 reserved, no emitter returns it
C3-0143	1520	N	PCREC_ERR_FLOOR is -5; give-ups are the range [FLOOR, -2], and values below FLOOR are reserved (D49).	MAPPED	819	giveup-codes	FLOOR -5; give-ups [FLOOR,-2]; values below reserved (821)
C3-0144	1521	N	PCREC_ERR_INTERNAL is -6, below PCREC_ERR_FLOOR: NOT a give-up (D71 item 1, [DD-14]).	MAPPED	820	giveup-codes	PCREC_ERR_INTERNAL -6 below the floor, not a give-up
C3-0145	1522	N	PCREC_ERR_STARTPOS is -7, below PCREC_ERR_FLOOR: NOT a give-up; a mid-character startpos was REFUSED ([K50]).	MAPPED	821	giveup-codes	PCREC_ERR_STARTPOS -7 refused
C3-0146	1523	N	PCREC_ERR_UNSET_VAR is -8, below PCREC_ERR_FLOOR: NOT a give-up; an UNSET or ill-formed variable value was REFUSED ([VAR]).	MAPPED	822	giveup-codes	PCREC_ERR_UNSET_VAR -8 refused
C3-0147	1524	N	PCREC_ERR_UTF is -9, below PCREC_ERR_FLOOR: NOT a give-up; an ill-formed subject was REFUSED (-futf-check) ([UTF-VALID]).	MAPPED	823	giveup-codes	PCREC_ERR_UTF -9 refused (-futf-check)
C3-0148	1527	H	PCREC_ERR_STEPS/_FRAMES/_WORK/_FLOOR are unprefixed pcrec-CONTRACT constants in the shared PCREC_RX_ABI_H block (§2) (D60); the per-<PREFIX> spelling is DELETED, not aliased.	MAPPED	87	abi-block	shared block carries the unprefixed constants; 'No per-prefix spelling of any of them exists' (90)
C3-0149	1532	N	The PCREC_ERR_* block is byte-identical across prefixes: a -p foo build of the same pattern emits the same lines as -p rx (§1/§2 cross-prefix identity).	MAPPED	84	abi-block	-p rx and -p foo builds of one pattern emit byte-identical blocks
C3-0150	1537	H	PCREC_ERR_RECURSE is reserved now; the recursion-depth counter that would produce it is NOT in the default artifact (D71 item 1; a future [V-H] diagnostic-generation axis, a separate emitted variant, not a runtime flag).	MAPPED	829	giveups	RECURSE reserved for a recursion-depth counter the default artifact does not carry (D71 item 1; future axis not runtime flag)
C3-0151	1543	N	No arm in any emitter returns PCREC_ERR_RECURSE today; it is unreachable on every artifact.	MAPPED	831	giveups	as unreachable on every artifact as STEPS on a DFA-only one; table 784 'no emitter returns it'
C3-0152	1547	N	PCREC_ERR_INTERNAL is BELOW the floor and is NOT a give-up.	MAPPED	855	below-floor	values below FLOOR are not give-ups; INTERNAL row 786
C3-0153	1548	N	D49 reserves everything strictly below PCREC_ERR_FLOOR for a future abort semantic; PCREC_ERR_INTERNAL is that semantic's first producer.	MAPPED	855	below-floor	below-floor reserved for abort and refusal semantics; 'INTERNAL is the first producer' phrasing not kept
C3-0154	1551	N	PCREC_ERR_INTERNAL means the artifact detected its OWN inconsistency (a compile-time width analysis pcrec_maxw disagreeing with what the emitter walked), never a runtime resource give-up.	MAPPED	861	below-floor	artifact caught its own inconsistency (pcrec_maxw vs emitter walk), never a resource give-up
C3-0155	1553	N	PCREC_ERR_INTERNAL's one producer today is module lookaround's negative-polarity lookbehind END-CHECK ((?<!X)).	MAPPED	864	below-floor	one producer: lookaround negative-polarity lookbehind end-check (?<!X)
C3-0156	1554	N	On negative-polarity lookbehind a declined branch is the assertion succeeding, so a width disagreement would be a FALSE MATCH; the hard PCREC_ERR_INTERNAL return prevents it.	MAPPED	864	below-floor	declined branch is the assertion succeeding, so width disagreement would be a false match
C3-0157	1556	N	PCREC_ERR_INTERNAL has never been observed on a correctly analyzed pattern; the check is provably redundant for the width class lookaround ships and is emitted as a self-consistency guard.	MAPPED	866	below-floor	redundant for the width class the module ships, emitted as a self-consistency guard; 'never been observed' not stated
C3-0158	1559	N	A top-level entry (<prefix>_search, <prefix>_match, <prefix>_match_caps) PROPAGATES PCREC_ERR_INTERNAL to its caller exactly like a give-up and does not trap.	MAPPED	867	below-floor	a top-level entry propagates it like any negative return
C3-0159	1562	N	The trap on below-the-floor codes belongs at composed call sites, not at top-level entries.	MAPPED	893	composed-call-sites	trap rule binds call sites that call INTO another matcher, not an exported entry's own return
C3-0160	1565	M	Verified on a DFA-only artifact (--no-captures; no counter exists; give-up codes reserved-but-unreachable) and a captures-default VM artifact (RX_STEP_BUDGET/RX_WORK_BUDGET/RX_BT_FRAMES/RX_TRAIL_FRAMES present, counters live).	HISTORY			verification record of a measurement setup; related facts at 793-795 and 1379-1382
C3-0161	1568	N	A DFA-compiled artifact never RETURNS PCREC_ERR_STEPS/FRAMES/WORK (no counter to exhaust).	MAPPED	827	giveups	a DFA artifact has no counter and never returns a give-up
C3-0162	1570	N	The PCREC_ERR_* constants are defined in every artifact, DFA included.	MAPPED	857	below-floor	every artifact defines all the codes; DFA included (721-723)
C3-0163	1571	M	Measured: a DFA artifact built --no-captures --emit-main emits the three-way handler text (if (rc == PCREC_ERR_STEPS), PCREC_ERR_FRAMES, PCREC_ERR_WORK).	MAPPED	828	giveups	DFA artifact's --emit-main driver carries the full handler text for them
C3-0164	1574	N	Emitting the constants and handler text on a DFA artifact is deliberate: it lets a caller's switch written today survive a later compile of the same pattern selecting the VM.	MAPPED	857	below-floor	constants emitted regardless so a caller's switch survives a later compile under another encoding or engine
C3-0165	1578	N	Every generated call site that invokes an rx_matchfn (a callout, a composed submatcher) must enforce if (ret < PCREC_ERR_FLOOR) __builtin_trap();.	MAPPED	885	composed-call-sites	composed call site must enforce the below-floor trap (code block 856)
C3-0166	1580	N	The below-the-floor trap binds call sites that call INTO another rx_matchfn, not an exported entry's own internal return.	MAPPED	893	composed-call-sites	binds call sites that call INTO another matcher, not an exported entry's own return
C3-0167	1582	N	No such composed/callout call sites are emitted by pcrec today (callout code generation has no producer yet).	MAPPED	899	composed-call-sites	pcrec emits no such call site today
C3-0168	1585	N	Trapping on PCREC_ERR_INTERNAL at a composed call site is the design, not a gap.	MAPPED	895	composed-call-sites	trapping on INTERNAL/STARTPOS at a composed callee is the design
C3-0169	1588	N	PCREC_ERR_STARTPOS is the second below-the-floor code and a REFUSAL of the call rather than a report about the engine.	MAPPED	869	below-floor	STARTPOS: a refusal of the CALL
C3-0170	1590	N	Every value in [PCREC_ERR_FLOOR, -2] says the engine ran and exhausted something.	MAPPED	826	giveups	give-ups say the engine ran and exhausted a resource
C3-0171	1592	N	PCREC_ERR_STARTPOS says the caller named a startpos (or ctx->pos) that is not a character boundary of the artifact's encoding; no attempt was made and no budget was touched.	MAPPED	869	below-floor	caller named a startpos/ctx->pos not a character boundary; nothing attempted, no budget touched
C3-0172	1599	N	Every artifact DEFINES PCREC_ERR_STARTPOS and only some can RETURN it.	MAPPED	856	below-floor	every artifact defines all four; each returnable only where its cause can exist
C3-0173	1600	N	Under the byte encoding every position is a character boundary, so no startpos guard is emitted and PCREC_ERR_STARTPOS is unreachable.	MAPPED	871	below-floor	unreachable under byte, where no guard is emitted
C3-0174	1603	N	The PCREC_ERR_STARTPOS constant is emitted on byte-encoding artifacts anyway so a caller's switch survives a later compile under a different encoding.	MAPPED	857	below-floor	constants emitted regardless so a caller's switch survives a later compile under a different encoding
C3-0175	1605	N	A composed call site TRAPS on PCREC_ERR_STARTPOS, by the below-the-floor rule.	MAPPED	895	composed-call-sites	composed call site traps on STARTPOS
C3-0176	1606	N	After K50 every position an ENGINE generates is a character boundary, so a composed callee handed a non-boundary means the engine broke its own rule.	MAPPED	896	composed-call-sites	every position an engine generates is a boundary (9.5), so trapping is the design
C3-0177	1609	N	PCREC_ERR_STARTPOS renumbers nothing: PCREC_ERR_FLOOR is unchanged at -5 and the give-up partition is unchanged.	MAPPED	859	below-floor	none renumbers the give-up partition; FLOOR -5 in table 785
C3-0178	1613	N	PCREC_ERR_UTF (-9) is the third caller refusal and the first below-the-floor code a composed call site propagates.	MAPPED	876	below-floor	PCREC_ERR_UTF a refusal; composed site propagates it (851, 859)
C3-0179	1615	N	PCREC_ERR_UTF means an artifact compiled with -futf-check found an ill-formed sequence beginning in the checked range [startpos - LB, n) (§3.1); the call was refused before any attempt.	MAPPED	876	below-floor	-futf-check found an ill-formed sequence beginning in [startpos-LB, n); refused before any attempt
C3-0180	1618	N	On PCREC_ERR_UTF the caller's caps are untouched.	MAPPED	878	below-floor	caps untouched on UTF refusal (also 318)
C3-0181	1618	N	On PCREC_ERR_UTF, <prefix>_valid_upto(s, n, startpos) (§3.1.2) gives the offset of the ill-formedness.	MAPPED	878	below-floor	<prefix>_valid_upto(s, n, startpos) is the offset
C3-0182	1619	N	PCREC_ERR_UTF is one code for every kind of ill-formedness; pcrec owes the refusal and the offset, not PCRE2's twenty PCRE2_ERROR_UTF8_* values (D26).	MAPPED	879	below-floor	one code for every kind of ill-formedness (D26)
C3-0183	1622	N	Every artifact DEFINES PCREC_ERR_UTF; only a -futf-check artifact under an encoding with ill-formed byte strings can RETURN it.	MAPPED	881	below-floor	only a -futf-check artifact under an encoding with ill-formed byte strings can return it; all define it (822)
C3-0184	1626	N	A composed call site PROPAGATES PCREC_ERR_UTF and does NOT trap (D133 Q11); this is the one exception to the below-the-floor trap rule.	MAPPED	885	composed-call-sites	composed call site traps below the floor EXCEPT on PCREC_ERR_UTF (D133 Q11)
C3-0185	1628	N	-6 and -7 at a composed callee mean the ENGINE broke its own rule, but -9 is caused by the CALLER'S DATA: a checking callee's LB may reach before the outer call's range.	MAPPED	895	composed-call-sites	-6/-7 engine broke its rule; -9 caused by caller's data via LB reaching before the outer range
C3-0186	1631	N	The composed-call-site trap is if (ret < PCREC_ERR_FLOOR && ret != PCREC_ERR_UTF) __builtin_trap(); and a -9 is returned outward unchanged.	MAPPED	890	composed-call-sites	trap line with && ret != PCREC_ERR_UTF; returned outward unchanged (859)
C3-0187	1632	N	No composed call sites are emitted today; the PCREC_ERR_UTF trap line is recorded so the first producer inherits it.	MAPPED	899	composed-call-sites	no composed call sites emitted today; obligation binds the first that does
C3-0188	1634	N	PCREC_ERR_UTF renumbers nothing: it is a new value in the region D49 reserved, below PCREC_ERR_UNSET_VAR (-8).	MAPPED	859	below-floor	renumbers nothing; -9 row below -8 in table 789
C3-0189	1637	N	PCREC_ERR_FRAMES names a RESOURCE, not an array and not an owner.	MAPPED	835	err-frames	PCREC_ERR_FRAMES names a RESOURCE, not an array and not an owner
C3-0190	1638	N	Two distinct capacities can exhaust and both report PCREC_ERR_FRAMES: the resume stack (<PREFIX>_RESUME_FRAMES) and its sibling undo trail (<PREFIX>_TRAIL_FRAMES).	MAPPED	836	err-frames	resume stack and undo trail both report it
C3-0191	1640	N	Which capacity ran out is not reported; a caller must not assume it was the one whose macro is named frames.	MAPPED	837	err-frames	which one ran out is not reported
C3-0192	1641	M	Measured on ^(a(?1)?b)$: the artifact gives up with the trail full and TWO THIRDS of its resume stack still unused (frame_buffer_design.md §4).	MAPPED	838	err-frames	^(a(?1)?b)$: trail full, two thirds of resume stack unused (frame_buffer_design.md 4)
C3-0193	1644	N	PCREC_ERR_FRAMES, with the same meaning, also covers a caller-supplied buffer ([DD-14.FB], §10.3), and does not say whose buffer it was.	MAPPED	840	err-frames	same code covers a caller-supplied buffer (10.3), not saying whose
C3-0194	1647	N	<prefix>_search's 1/0 contract is unchanged: the give-up reservation adds outcomes and does not renumber match/no-match.	MAPPED	321	search	search return table: 1/0 plus give-up and refusal codes; 321-324 '0 means no match'
C3-0195	1649	N	<prefix>_search's return is not two-valued, so if (<prefix>_search(...)) reads a give-up as a match; a caller must test == 1 for matched (§3.1).	MAPPED	338	search-conventions	return is not two-valued; test == 1 for matched
C3-0196	1657	N	rx_ctx.caps is declared const ptrdiff_t (*caps)[2], half-open [start, end) pairs.	MAPPED	916	captures	const ptrdiff_t (*caps)[2], half-open [start,end) pairs (also 147)
C3-0197	1658	N	<PREFIX>_NCAPS is a per-artifact compile-time constant.	MAPPED	917	captures	<PREFIX>_NCAPS per-artifact compile-time constant
C3-0198	1659	N	PCREC_UNSET is ((ptrdiff_t)-1), a pcrec-contract unprefixed constant (§2, D60).	MAPPED	918	captures	PCREC_UNSET ((ptrdiff_t)-1) contract constant in shared block (also 178)
C3-0199	1662	H	PCREC_UNSET is emitted once in the shared PCREC_RX_ABI_H block (§2); the per-<PREFIX> spelling <PREFIX>_UNSET is DELETED, not aliased.	MAPPED	90	abi-block	PCREC_UNSET in the shared block, no per-prefix spelling (90)
C3-0200	1666	N	<PREFIX>_NCAPS stays per-prefix because its VALUE varies per artifact.	MAPPED	94	abi-block	<PREFIX>_NCAPS stays per-prefix: what varies per artifact
C3-0201	1669	N	Unset capture representation is {-1, -1} in BOTH slots of a pair.	MAPPED	921	captures	unset is {-1,-1} in both slots
C3-0202	1670	N	caps[k][0] < 0 is a sufficient unset test.	MAPPED	921	captures	caps[k][0] < 0 is a sufficient unset test
C3-0203	1671	N	Index 0 of caps is always the whole match.	MAPPED	923	captures	index 0 is always the whole match
C3-0204	1671	N	<PREFIX>_NCAPS >= 1 always.	MAPPED	923	captures	so NCAPS >= 1
C3-0205	1672	N	<PREFIX>_NCAPS is a property of the compiled ARTIFACT, not of the pattern text.	MAPPED	924	captures	NCAPS is a property of the ARTIFACT, not the pattern text
C3-0206	1673	N	A DFA-compiled artifact, capture-bearing pattern or not, always emits <PREFIX>_NCAPS 1.	MAPPED	925	captures	a DFA artifact always has NCAPS 1
C3-0207	1674	N	<PREFIX>_NCAPS > 1 implies the VM engine was selected.	MAPPED	926	captures	NCAPS > 1 implies the VM engine
C3-0208	1675	M	Verified: 'a(b|c)+d' compiled --no-captures emits RX_NCAPS 1 with rx_info.ngroups == 1 (the pattern has a group; the artifact delivers no slot for it).	MAPPED	927	captures	--no-captures emits RX_NCAPS 1 with rx_info.ngroups == 1
C3-0209	1677	M	Verified: 'a(b|c)+d' compiled with captures on (default since M4.5) emits RX_NCAPS 2.	MAPPED	928	captures	captures on (default) emits RX_NCAPS 2
C3-0210	1679	N	rx_info.ncaps == <PREFIX>_NCAPS always (a structural invariant of the build).	MAPPED	928	captures	rx_info.ncaps == NCAPS always
C3-0211	1681	N	Every pair 0..<PREFIX>_NCAPS-1 is written on a completed match; no watermark is needed at read time.	MAPPED	930	captures	every pair 0..NCAPS-1 written on a completed match; no watermark needed
C3-0212	1683	N	On a failed match the caller's caps array is left untouched, and an engine give-up is a failure for this rule.	MAPPED	932	captures	failed match leaves the array untouched; give-up or refusal counts as failure
C3-0213	1685	N	Every negative return from an anchored entry, and a 0 or a give-up code from <prefix>_search, leaves the caps array exactly as the caller left it.	MAPPED	933	captures	every negative return from an anchored entry and a 0 or negative from search leaves array as caller left it
C3-0214	1687	N	No attempt is made to write {-1,-1} into the caps array on failure; the return value alone communicates failure.	MAPPED	935	captures	'The return value alone communicates failure'; no {-1,-1} write on failure is implied by 'untouched'
C3-0215	1691	N	The caps array is caller-owned, fixed-size and compile-time-sized: a caller declares ptrdiff_t caps[<PREFIX>_NCAPS][2] on the stack.	MAPPED	937	captures	caller-owned, fixed-size, compile-time-sized; stack declaration
C3-0216	1693	N	Nothing in the generated contract allocates.	MAPPED	938	captures	nothing in the match contract allocates
C3-0217	1694	N	ctx->caps handed to a callout mid-match is valid for the duration of that one call only.	MAPPED	940	captures	ctx->caps handed to a callout valid for that one call only
C3-0218	1695	N	The engine rewrites the same ctx->caps storage after the callout call (trail-based undo); a callout retaining the pointer and reading it later is the embedder's bug, not a pcrec contract violation.	MAPPED	941	captures	engine rewrites the storage afterwards (trail-based undo); retaining callout has a bug of its own
C3-0219	1699	N	A completed match's caps are stable until the next match call reusing the same buffer.	MAPPED	943	captures	completed match's caps stable until the next match call reusing the buffer
C3-0220	1700	N	The matcher may overwrite the caps buffer between separate calls, but never mid-splice.	MAPPED	944	captures	matcher never overwrites a buffer mid-splice
C3-0221	1705	N	Every capture slot 0..ncaps-1 is written on a completed match.	MAPPED	930	captures	every pair written on a completed match
C3-0222	1708	M	The two §5.1 capture-value rules were measured three-way unanimous (python re, libpcre2, pcrec agree) and are part of the shipped contract.	MAPPED	952	r22	measured three-way unanimous (python re, libpcre2, pcrec)
C3-0223	1710	N	Cross-iteration retention: a group inside a quantifier that did not run in the FINAL iteration retains its value from the last iteration in which it did run.	MAPPED	954	r22	cross-iteration retention rule
C3-0224	1714	M	((a)|(b))* matched against "ab" reports group 2 as [0,1), not unset.	MAPPED	956	r22	((a)|(b))* over "ab" reports group 2 as [0,1)
C3-0225	1716	N	Unset means never participated in the whole match, not did not participate in the match's last iteration.	MAPPED	958	r22	unset means never participated in the whole match
C3-0226	1718	N	An empty final iteration still overwrites: an empty iteration's write is a write.	MAPPED	959	r22	an empty final iteration still overwrites
C3-0227	1718	M	(a*)* and (a?)* matched against "aaa" both report group 1 as [3,3).	MAPPED	959	r22	(a*)* and (a?)* over "aaa" report group 1 as [3,3)
C3-0228	1722	N	A caller reading caps[k] after a successful match need not reason about which iteration produced the value; the slot holds the group's last-executed span or is genuinely unset.	MAPPED	962	r22	slot holds last-executed span or genuinely unset; caller never reasons about iteration
C3-0229	1726	N	A slot is unset only if the group never ran at all, in any iteration, anywhere in the match.	MAPPED	958	r22	unset = never participated in the whole match (also 928-929)
C3-0230	1728	N	The §5.2 non-requirements are scoped to the MATCH path (generated matcher and its caps buffers); the library's compile path does allocate and has a lifecycle (§8 pcrec_output/pcrec_output_free) that must still be honored.	MAPPED	968	non-requirements	non-requirements scoped to the MATCH path; compile path allocates, lifecycle in 8
C3-0231	1736	N	Non-requirement: no ovector sizing negotiation; the group count is a compile-time fact.	MAPPED	971	non-requirements	no ovector sizing negotiation
C3-0232	1737	N	Non-requirement: no match-data object, no allocation, no lifecycle to manage on the match path.	MAPPED	972	non-requirements	no match-data object, no allocation, no lifecycle
C3-0233	1738	N	Non-requirement: no run-time does-group-N-exist query; a compile-time check is the caller's own business.	MAPPED	973	non-requirements	no run-time 'does group N exist' query
C3-0234	1740	N	Non-requirement: no run-time name lookup for template resolution; a future substitution compiler resolves ${name} at pcrec-compile time.	MAPPED	974	non-requirements	no run-time name lookup; future substitution compiler resolves ${name} at pcrec-compile time
C3-0235	1742	N	Non-requirement: no partial-match or streaming window state.	MAPPED	976	non-requirements	no partial-match or streaming window state
C3-0236	1743	N	Non-requirement: no callout/callback context beyond what rx_ctx itself carries.	MAPPED	977	non-requirements	no callout context beyond what rx_ctx carries
C3-0237	1744	N	A callout binding's user data lives entirely in the rx_callout_ref the binding declares.	MAPPED	977	non-requirements	binding's user data lives in its rx_callout_ref
C3-0238	1745	N	Nothing about which callout is firing is visible to rx_matchfn's own signature.	MAPPED	978	non-requirements	nothing about WHICH callout is firing is visible to rx_matchfn's signature
C3-0239	1750	N	A generated matcher holds no mutable state of its own.	MAPPED	984	concurrency	a generated matcher holds no mutable state of its own
C3-0240	1751	N	Every entry point's working state lives in its own stack frame and in the caller's caps buffer; tables, bitmaps and the rx_info instance are const.	MAPPED	984	concurrency	working state in the stack frame / caller buffers; tables, bitmaps, rx_info const
C3-0241	1755	N	Any number of threads may call the same artifact's entry points concurrently, provided each call has its own caps/caps_out buffer.	MAPPED	989	concurrency	any number of threads may call concurrently with their own caps/caps_out buffer
C3-0242	1757	N	Sharing one caps buffer between concurrent calls is a data race in the CALLER's code; the matcher does not serialize it.	MAPPED	991	concurrency	sharing a buffer is a data race in the CALLER's code; matcher does not serialize
C3-0243	1760	N	One thread may re-enter a matcher (e.g. from a callout), subject to the same distinct-buffer rule.	MAPPED	994	concurrency	one thread re-entering from a callout, same distinct-buffer rule
C3-0244	1762	N	<prefix>_info is read-only and may be read from anywhere at any time.	MAPPED	996	concurrency	<prefix>_info read-only, readable anywhere any time
C3-0245	1764	N	Reentrancy/thread-safety is a CONTRACT binding on future emitters, not an observation about today's output.	MAPPED	1001	concurrency	'This binds future emitters'
C3-0246	1766	N	An engine that wanted a mutable scratch buffer would have to change the spec first.	MAPPED	1001	concurrency	an engine wanting mutable scratch must change this section first
C3-0247	1769	N	The thread-safety promise says nothing about how much STACK each concurrent call needs.	MAPPED	1005	stack-headroom	promise collectable only with enough stack headroom at the call site
C3-0248	1771	N	An artifact whose frame requirement is not statically bounded declares its whole run state as a local of the entry it was called through.	SUPERSEDED	1006	stack-headroom	default storage no longer sits in the entry frame: tiered default puts it in a noinline <name>_deep (src/gen/emit_vm.c:9998-10015, 10072); entry frame 3,184 B (975); -fno-tiered-entry restores single-tier shape (2998)
C3-0249	1785	H	The tiered entry (§10.9) moves the stamped default storage off the entry's own frame onto a non-inlined internal function only a PCREC_ERR_FRAMES give-up reaches.	MAPPED	1006	stack-headroom	default backtracking storage in a non-inlined internal function only a PCREC_ERR_FRAMES escalation reaches (10.9)
C3-0250	1786	M	Measured on a -p rx --features all build of ^(a(?1)?b)$: <prefix>_search's stack frame is 3,184 bytes and the internal deep function's is 131,216 bytes.	MAPPED	1009	stack-headroom	3,184 B entry frame, 131,216 B internal function (^(a(?1)?b)$ --features all)
C3-0251	1778	M	Measured: a statically-bounded pattern pays nothing: a(b|c)+d's entry frame is 208 bytes.	MAPPED	1017	stack-headroom	statically bounded pattern pays nothing extra; a(b|c)+d entry frame 208 bytes
C3-0252	1780	M	A glibc-default 8 MB main thread is unaffected by the 131 KB frame class.	MAPPED	1016	stack-headroom	a glibc-default 8 MB main thread is unaffected
C3-0253	1788	N	The fit criterion for a call is free STACK HEADROOM AT THE CALL SITE (entry + deep, 134,400 bytes for this artifact class), not thread-stack size as such.	MAPPED	1010	stack-headroom	134,400 bytes of free stack at the call site; limits.md 5 states the rule
C3-0254	1790	N	A thread's nominal stack size equals the headroom available to a call only when the call happens at depth ~0 (limits.md §5).	MAPPED	1012	stack-headroom	nominal thread size equals headroom only at call depth ~0
C3-0255	1792	M	Measured: at depth ~0 on a musl-default 128 KB thread, the ^(a(?1)?b)$ --features all artifact matches every subject the fast tier holds and faults only on one deep enough to escalate.	MAPPED	1014	stack-headroom	musl-default 128 KB thread at depth ~0: matches subjects the fast tier holds, faults on one deep enough to escalate
C3-0256	1796	N	The remedy for small-stack callers is still the _in entries, and it is the only way to get a guarantee.	MAPPED	1019	stack-headroom	remedy is the _in entries; 'only way to get a guarantee' not worded, alternatives at 987-988
C3-0257	1797	N	Which subjects escalate to the deep tier is a property of the pattern and the subject, not something a caller can bound in advance.	MAPPED	1017	stack-headroom	which subjects escalate depends on pattern and subject, not bounded in advance by a caller
C3-0258	1799	N	known_issues.md K33 carries the narrowed statement of the stack limitation.	MAPPED	1024	stack-headroom	known_issues.md K33 carries the limitation
C3-0259	1800	N	tests/thread/run_stackdepth_tests.sh pins both halves: the small entry frame, and the deep tier still dying on a small stack.	MAPPED	1025	stack-headroom	tests/thread/run_stackdepth_tests.sh reproduces both halves
C3-0260	1803	N	The remedy SHIPS as §10's _in entries ([DD-14.FB], D71 item 2).	MAPPED	1019	stack-headroom	the remedy is the _in entries (10)
C3-0261	1805	M	Measured: the _in entries' own frame is 144 bytes at -O2, 312 including the two statics they call through, and 224 at -O3 where gcc inlines the statics into both entries.	MAPPED	1019	stack-headroom	_in entry frame 144 B at -O2, 312 with the two statics, 224 at -O3 (inlining reason dropped)
C3-0262	1807	N	The 131 KB of default storage never reaches the _in entry's frame.	MAPPED	1021	stack-headroom	the default storage never reaches them
C3-0263	1808	N	A caller on a small thread stack supplies its own storage via _in, so the arrays are not on that stack at all.	MAPPED	1019	stack-headroom	caller supplies storage via _in (10.7 at 2966); arrays not on the thread stack
C3-0264	1809	N	A caller who cannot use _in must size the thread for the artifact or compile with a smaller --backtrack-frames.	MAPPED	1021	stack-headroom	a caller that cannot supply storage sizes the thread for the artifact or compiles with smaller --backtrack-frames
C3-0265	1811	N	The default (un-suffixed) path is unchanged and still does not fit a small thread stack, deliberately: D73 keeps the stamped 2048/3072 capacities.	MAPPED	1023	stack-headroom	default path unchanged by design (D73 keeps the stamped 2048/3072 default)
C3-0266	1813	N	A caller who calls the un-suffixed entry of this artifact class from a small-stack thread has a live limitation (K33).	MAPPED	1014	stack-headroom	musl 128 KB thread faults on a deep escalating subject; K33 at 990
C3-0267	1816	M	tests/thread/run_stackdepth_tests.sh reproduces on every run: the default entry dying on a 128 KB thread, and _search_in matching the same subject on the same thread.	MAPPED	1025	stack-headroom	script reproduces: small entry frame, deep tier dying on a 128 KB thread, _search_in matching on the same thread
C3-0268	1820	N	Thread safety is GUARDED by shipped checks in make test (TS-1, TS-2) plus TS-3 for the library.	MAPPED	1029	concurrency-checks	guarded by shipped checks in make test (TS-1, TS-2, TS-3)
C3-0269	1823	N	TS-1 (D19) is static: it scans every emitted file across nine emission shapes and fails on any non-const static object or any reference to a non-reentrant or allocating libc symbol.	MAPPED	1032	concurrency-checks	TS-1 static scan across nine emission shapes, non-const statics and non-reentrant libc symbols
C3-0270	1826	N	TS-2 is dynamic under ThreadSanitizer: eight threads share ONE compiled matcher and search DIFFERENT subjects concurrently, across five patterns hitting five differently shaped emitted engines.	MAPPED	1035	concurrency-checks	TS-2 TSan, eight threads share one matcher, five differently-shaped engines
C3-0271	1829	N	TS-2 requires every threaded result to equal a single-threaded baseline recorded before any thread was spawned.	MAPPED	1037	concurrency-checks	every threaded result must equal a single-threaded baseline
C3-0272	1831	N	TS-2's sabotage arm: a planted race in a scratch copy of the driver must be caught, or the check fails itself.	MAPPED	1038	concurrency-checks	planted race in a scratch copy of the driver must be caught or the check fails itself
C3-0273	1835	N	TS-3 runs eight threads each compiling its own pattern through pcrec_compile() concurrently, byte-matching a single-threaded baseline, TSan-instrumented and sabotage-validated.	MAPPED	1040	concurrency-checks	TS-3 eight threads compile through pcrec_compile(), baseline-matched, TSan, sabotage-validated
C3-0274	1838	N	pcrec_compile() is safe to call concurrently (§8 assumes it; TS-3 is the evidence).	MAPPED	1042	concurrency-checks	pcrec_compile() safe to call concurrently (8)
C3-0275	1843	N	struct rx_info is the reflection structure of an artifact.	MAPPED	1163	rx-info	<prefix>_info describes the artifact (reflection structure)
C3-0276	1847	N	rx_info.abi is an unsigned layout version, bump-on-change.	MAPPED	1174	rx-info-fields	abi unsigned; bump-on-change at 1285-1289
C3-0277	1848	N	rx_info.flags is a uint64_t of PCREC_* option bits exactly as compiled.	SUPERSEDED	1175	rx-info-fields	new: option bits as compiled with answer-preserving denials masked out (1257-1264); live: build/pcrec -fno-possessify/-fno-end-window/-fno-start-set artifacts all stamp .flags = 0ULL (probe) while -i stamps 1ULL
C3-0278	1849	N	rx_info.encoding is an int holding a PCREC_ENC_* value.	MAPPED	1176	rx-info-fields	encoding int, PCREC_ENC_*: 0 byte, 1 utf8
C3-0279	1850	N	rx_info.ncaps is an int equal to <PREFIX>_NCAPS: this artifact's caps[] slot count, all-in.	MAPPED	1177	rx-info-fields	ncaps int, caps slot count all-in, == NCAPS
C3-0280	1852	N	rx_info.ngroups is an int counting capturing groups in the PATTERN TEXT: a lexical fact, independent of --no-captures and of engine selection.	MAPPED	1178	rx-info-fields	ngroups int: capturing groups in pattern TEXT, lexical, independent of --no-captures and engine
C3-0281	1855	N	On a COMPOSED artifact rx_info.ngroups is the TARGET pattern's own count; a bound definition's groups sit above it (D61, [DD-13b.W1.3]).	MAPPED	1178	rx-info-fields	composed artifact: TARGET pattern's own count; also 1105
C3-0282	1859	N	rx_info.nnames is an int: the number of rows in groups[] the PRIMARY pattern declared, always a PREFIX of the array.	SUPERSEDED	1179	rx-info-fields	new: nnames = caller-scope rows (own named groups plus flat imports) (1108-1110); live: composed .rxt with (?&*=piece) and own group gives ngroups=1, nnames=2, row {"kept",4,4,"piece"} (build/pcrec probe)
C3-0283	1861	N	rx_info.nnames is 0 when the pattern text declares no named group.	MAPPED	1053	named-groups	groups NULL and nnames 0 when pattern declares no named group
C3-0284	1862	N	rx_info.nnames is 0 when module 'named-groups' is not ENABLED for this compile; this is a different reason from the pattern declaring none.	MAPPED	1053	named-groups	also 0 when module named-groups is not enabled; 'two different reasons'
C3-0285	1867	N	rx_info.nentries is the whole groups[] array's length; nnames counts only the primary pattern's rows.	MAPPED	1197	rx-info-fields	nentries = rows in groups[], all of them (1190-1193)
C3-0286	1868	N	rx_info.engine is an unsigned: PCREC_ENGINE_DFA = 1, PCREC_ENGINE_VM = 2.	MAPPED	1180	rx-info-fields	engine unsigned: DFA 1, VM 2
C3-0287	1870	N	rx_info.step_budget is an int64_t; -1 means none.	MAPPED	1181	rx-info-fields	step_budget int64_t, -1 = none
C3-0288	1871	N	rx_info.work_budget is an int64_t; -1 means none.	MAPPED	1182	rx-info-fields	work_budget -1 = none
C3-0289	1871	N	rx_info.work_budget is the THIRD bound (D47 second addendum): forward work the fail label never sees, counted separately from step_budget.	MAPPED	1182	rx-info-fields	work budget is the third bound (D47 second addendum), counted separately from steps
C3-0290	1875	N	rx_info.frame_capacity is an int64_t; -1 means unbounded.	MAPPED	1183	rx-info-fields	frame_capacity int64_t, -1 = no bound
C3-0291	1876	N	rx_info.frame_capacity's -1 sentinel is NOT the sentinel the same-named pcrec_options field uses (asymmetry note).	MAPPED	1285	frame-capacity-sentinel	frame_capacity sentinel differs from the same-named option's
C3-0292	1879	N	rx_info.subject_ceiling is an int64_t; 0 means unset/not applicable.	MAPPED	1184	rx-info-fields	subject_ceiling int64_t, 0 = unset / not applicable
C3-0293	1880	N	A nonzero rx_info.subject_ceiling is the stamped honest ceiling for a residually-unbounded capture body.	MAPPED	1184	rx-info-fields	nonzero = stamped honest ceiling for a residually-unbounded capture body
C3-0294	1882	N	rx_info.resume_frames is an int64_t: the stamped DEFAULT resume capacity in frames ([DD-14.FB]).	MAPPED	1185	rx-info-fields	resume_frames int64_t: stamped DEFAULT resume capacity in frames
C3-0295	1884	N	rx_info.resume_frames is 0 when the artifact has no resume stack (every DFA artifact).	MAPPED	1185	rx-info-fields	0 = no resume stack (every DFA artifact)
C3-0296	1886	N	rx_info.trail_frames is an int64_t: the stamped default trail capacity in trail entries.	MAPPED	1186	rx-info-fields	trail_frames: stamped default trail capacity in entries
C3-0297	1887	N	rx_info.resume_frame_size is an int32_t: bytes per resume frame for THIS artifact.	MAPPED	1187	rx-info-fields	resume_frame_size int32_t, bytes per resume frame
C3-0298	1888	N	rx_info.resume_frame_size is 0 on a DFA artifact.	MAPPED	1187	rx-info-fields	0 on a DFA artifact
C3-0299	1889	N	rx_info.trail_frame_size is an int32_t: bytes per trail entry.	MAPPED	1188	rx-info-fields	trail_frame_size int32_t, bytes per trail entry
C3-0300	1890	N	rx_info.pattern is a const char * holding the source pattern text as given to pcrec_compile().	MAPPED	1189	rx-info-fields	pattern: source text as given to pcrec_compile()
C3-0301	1892	N	rx_info.pattern_len is a size_t companion length of rx_info.pattern (§7).	MAPPED	1190	rx-info-fields	pattern_len size_t, bytes pcrec_compile() saw (7)
C3-0302	1893	N	rx_info.groups is a const rx_group_entry * that is NULL until the pattern text declares at least one named group.	MAPPED	1191	rx-info-fields	groups const rx_group_entry *; NULL when there is none (1019)
C3-0303	1895	N	When non-NULL, rx_info.groups is sorted by NAME (strcmp).	MAPPED	1065	named-groups	array sorted (name asc, number asc), name by strcmp
C3-0304	1897	N	rx_info.engine_why is a const char * naming the forcing construct/reason, or NULL.	MAPPED	1192	rx-info-fields	engine_why: construct or build outcome that forced the VM, or NULL
C3-0305	1898	N	rx_info.engine_why also carries a prefilter note on hybrid-eligible artifacts.	MAPPED	1192	rx-info-fields	can also carry a prefilter note on a hybrid-eligible artifact
C3-0306	1901	N	rx_info.scan is a const char * ([DD-13c]): the DFA scan the artifact CONTAINS, "unanchored" / "attempt" / "empty", mirroring <PREFIX>_DFA_SCAN.	MAPPED	1193	rx-info-fields	scan: unanchored/attempt/empty, mirrors DFA_SCAN
C3-0307	1905	N	rx_info.scan is NULL when the artifact contains no DFA scan.	MAPPED	1193	rx-info-fields	NULL when it contains none
C3-0308	1906	N	rx_info.prefilter is a const char * ([DD-13c]): the artifact's candidate-start mechanism, in whichever engine's vocabulary applies.	MAPPED	1194	rx-info-fields	prefilter: candidate-start mechanism
C3-0309	1909	N	rx_info.prefilter is never NULL.	MAPPED	1244	rx-info-scan	prefilter is never NULL
C3-0310	1910	N	rx_info.match_form is a const char * ([ENG-ABS]): HOW <prefix>_match answers, "unwrapped" / "search-filter", mirroring <PREFIX>_DFA_MATCH.	MAPPED	1195	rx-info-fields	match_form: unwrapped / search-filter, mirrors DFA_MATCH
C3-0311	1913	N	rx_info.match_form is NULL on every artifact whose _match the DFA emitter did not write: every VM artifact, HYBRIDS INCLUDED (§6.3).	MAPPED	1195	rx-info-fields	NULL on every VM artifact, hybrids included (1218-1220)
C3-0312	1918	N	rx_info.name is a const char * ([DD-13b.W1.2]): this artifact's own name.	MAPPED	1196	rx-info-fields	name: the artifact's own name
C3-0313	1920	N	rx_info.name is NEVER NULL; a build that names nothing stamps its own <prefix>.	MAPPED	1196	rx-info-fields	never NULL; stamps its own <prefix> when none supplied (1230)
C3-0314	1922	N	rx_info.nentries is an int ([DD-13b.W1.2]): the number of rows in groups[], ALL of them.	MAPPED	1197	rx-info-fields	nentries int: rows in groups[], all of them
C3-0315	1923	N	nnames counts the PRIMARY pattern's own rows, which are a prefix of the groups[] array.	SUPERSEDED	1179	rx-info-fields	nnames now counts caller-scope rows incl flat imports, still a prefix (1108-1110); live probe: ngroups=1, nnames=2 on a flat-import composed artifact
C3-0316	1926	N	On a COMPOSED artifact nentries and nnames DIFFER: the rows past nnames are a bound definition's delivered groups ([DD-13b.W1.3]).	MAPPED	1149	composition	nentries - nnames = site-scoped rows past nnames on a composed artifact; 1190-1191
C3-0317	1929	N	Each groups[] row past nnames on a composed artifact carries a non-NULL ref.	MAPPED	1151	composition	ref is non-NULL on every delivered row (site-scoped rows are past nnames)
C3-0318	1931	N	rx_info.search_form is a const char * ([OPT-5 STEP 2]): HOW <prefix>_search recovers the match START, mirroring <PREFIX>_DFA_START.	MAPPED	1198	rx-info-fields	search_form: how search recovers the match start, mirrors DFA_START
C3-0319	1933	N	rx_info.search_form "pinned": the start is search_from by compile-time proof, and the artifact carries no reverse machine at all.	MAPPED	1736	stamp-dfa-start	"pinned": start is search_from by compile-time proof, no reverse machine at all
C3-0320	1937	N	rx_info.search_form "reverse-pass": the match start is recovered by a second, backwards scan.	MAPPED	1737	stamp-dfa-start	"reverse-pass": backwards scan from the match end (also 386)
C3-0321	1941	N	rx_info.search_form is NON-NULL on every artifact that CONTAINS a DFA scan, a VM HYBRID INCLUDED.	MAPPED	1198	rx-info-fields	non-NULL on every artifact that contains a DFA scan, hybrid included
C3-0322	1943	N	rx_info.search_form's guard differs from match_form's (which is "the DFA emitter wrote _match").	MAPPED	1257	rx-info-scan	search_form follows scan's rule, match_form's differs (1218-1220)
C3-0323	1945	N	rx_info.search_form is NULL only on a plain VM artifact (§6.3).	MAPPED	1198	rx-info-fields	NULL only on a plain VM artifact
C3-0324	1947	N	rx_info.vars is a const char *const * ([VAR]): the variable NAMES the pattern mentions, in first-mention order.	MAPPED	1199	rx-info-fields	vars: variable NAMES in first-mention order
C3-0325	1949	N	rx_info.vars is NULL when the pattern mentions no variable.	MAPPED	1199	rx-info-fields	NULL when none
C3-0326	1950	N	rx_info.nvars is an int: the number of entries in vars[].	MAPPED	1200	rx-info-fields	nvars int, entries in vars[]
C3-0327	1951	N	rx_info.findings is a const char * ([FINDINGS] B1) mirroring <PREFIX>_FINDINGS: which findings each query this compile asked was answered from (§6.3, findings.md §5).	MAPPED	1201	rx-info-fields	findings mirrors <PREFIX>_FINDINGS
C3-0328	1956	N	rx_info.findings is NEVER NULL: it is "" when the compile asked nothing.	MAPPED	1201	rx-info-fields	never NULL, "" when none asked
C3-0329	1961	H	rx_info.findings is appended after nvars (the last member): no existing member's offset moved.	HISTORY			append-history of one member; field order is fixed by the table at 1136-1165 and the append rule at 1302
C3-0330	1964	N	rx_info is the canonical machine-readable record (D43), so the <PREFIX>_FINDINGS macro alone would be invisible to a linked binary; hence the findings mirror.	MAPPED	1278	rx-info-findings	added
C3-0331	1965	N	The rx_info.findings value names the analysis a byte-rate came from in plain text, so a shipped binary discloses the analysis name it was built under (findings.md §5; name bundles neutrally).	MAPPED	1278	rx-info-findings	findings names the analysis in plain text; shipped binary discloses the analysis name
C3-0332	1969	H	rx_info.name and rx_info.nentries are appended after match_form: no existing member's offset moved.	HISTORY			append-history; name and nentries are rows 23-24 in the table at 1160-1161
C3-0333	1974	N	rx_info.name answers a different question from <prefix> and is not derivable from it: <prefix> says what the symbols are called; name says what the artifact IS.	MAPPED	1261	rx-info-name	name says what the artifact IS; <prefix> says what its symbols are called
C3-0334	1977	N	A .rxt target <prefix> = <definition> whose definition may carry its own name: one definition built under three configs is three artifacts, three prefixes and ONE name.	MAPPED	1262	rx-info-name	one definition built under three configs is three artifacts, three prefixes, ONE name
C3-0335	1982	N	rx_info.name lets a consumer walking several <prefix>_info symbols in one binary say these are the same matcher, built differently.	MAPPED	1264	rx-info-name	lets a consumer walking several <prefix>_info symbols say 'same matcher, built differently'
C3-0336	1984	N	rx_info.name being never NULL is a CONTRACT: a compile that supplies no name stamps its own <prefix>, so a caller needs no NULL branch.	MAPPED	1266	rx-info-name	never NULL is a contract: no-name compile stamps its <prefix>
C3-0337	1987	N	rx_info.name is arbitrary text, not an identifier; nothing derives a symbol from it.	MAPPED	1268	rx-info-name	arbitrary text, not an identifier; nothing derives a symbol from it
C3-0338	1988	N	.rxt's own name grammar is stricter than rx_info.name; that is the .rxt format's rule, not this field's.	MAPPED	1269	rx-info-name	.rxt's own name grammar is that format's rule, not this field's
C3-0339	1991	N	§6.0's caller algorithm bsearches groups[0 .. nnames).	MAPPED	1081	dup-name-algorithm	caller's algorithm bsearches groups[0 .. nnames)
C3-0340	1992	N	nnames is the count of the PRIMARY pattern's own named groups, and those rows are a genuine PREFIX of groups[].	SUPERSEDED	1144	composition	nnames = caller-scope rows (own named groups plus flat imports), still a prefix; live probe: flat-import artifact ngroups=1, nnames=2 (see C3-0282)
C3-0341	1994	N	nentries is the length of the whole groups[] array.	MAPPED	1197	rx-info-fields	nentries = length of the whole groups[] array (1191)
C3-0342	1995	N	nnames == nentries on every artifact built from a single pattern, because nothing puts a row in groups[] that the pattern did not declare.	MAPPED	1226	rx-info-counts	nentries equals nnames on every artifact built from a single pattern
C3-0343	1996	N	nnames and nentries DIFFER on a composed artifact ([DD-13b.W1.3]).	MAPPED	1226	rx-info-counts	exceeds it on a composed one (5.5, 1113); caveat: flat-import-only composition keeps them equal (probe)
C3-0344	1998	N	A caller that wants only the pattern's own names keeps reading nnames; a caller that wants everything in the array reads nentries.	MAPPED	1227	rx-info-counts	only the pattern's own names -> nnames; everything -> nentries
C4-0001	2004	N	`pcrec --source FILE` composes: the target pattern's `(?&...)` calls bind definitions declared in that file or in a file it `lib`s.	MAPPED	1093	composition	new: "compiling a .rxt source composes"; --source flag itself is retired (cli.md) so wording changed, fact stated
C4-0002	2007	N	Composition changes nothing about `rx_info` for a single-pattern artifact; a caller of a single-pattern artifact is unaffected in every particular.	MAPPED	1094	composition	"A single-pattern artifact is unaffected by everything in this section"
C4-0003	2010	N	A library's groups are private unless both sides ask: the definition must list the group with an `export` line AND the call site must use a delivering call; neither alone does anything.	MAPPED	1098	composition	export line + delivering call both required (1062-1065)
C4-0004	2013	N	A definition's default export list is empty (nothing is offered without an `export` line).	MAPPED	1099	composition	"(default: nothing)"
C4-0005	2015	N	A plain `(?&name)` call asks for nothing and costs nothing (no rows, no slots).	MAPPED	1105	composition	table row: plain call gives nothing, capture-transparent; "costs no slot" stated for unexported/undelivered at 1063-1064
C4-0006	2018	N	An exported name that no site delivers costs no slot at all.	MAPPED	1099	composition	"An exported name no site delivers costs no slot"
C4-0007	2019	N	A delivering call on a definition that exports nothing is refused.	MAPPED	1100	composition	"a delivering call on a definition that exports nothing is refused"
C4-0008	2025	N	`(?&name)` gives the caller nothing; it is capture-transparent, exactly as PCRE2 defines it.	MAPPED	1105	composition	table row 1
C4-0009	2026	N	`(?&site=name)` gives one `groups[]` row per exported group, named `site.group`, with `ref` = the definition's name.	MAPPED	1106	composition	table row 2
C4-0010	2027	N	`(?&=name)` gives the same rows as `(?&site=name)`, with the definition's own name used as the site.	MAPPED	1107	composition	table row 3
C4-0011	2028	N	`(?&*=name)` gives one row per exported group, named as exported, in the caller's own scope.	MAPPED	1108	composition	table row 4
C4-0012	2030	N	A site is a scope: two delivering calls of one definition under two site names are two independent sets of rows and two sets of slots that do not alias.	MAPPED	1110	composition	"A site is a scope" bullet, independent rows and slots
C4-0013	2032	N	`(?&a=email)...(?&b=email)` gives rows `a.local`, `a.host`, `b.local`, `b.host`.	MAPPED	1111	composition	a.local, a.host, b.local, b.host example
C4-0014	2034	N	`(?&*=name)` rows are in the caller's own scope: they are counted by `nnames` and found by the section 6 algorithm exactly like a group the caller declared.	MAPPED	1114	composition	flat rows counted by nnames and found by 5.4 algorithm like caller's own groups
C4-0015	2036	N	A name clash of a flat import (`(?&*=name)`) with a caller's own group or with another flat import is refused by name, not resolved by precedence.	MAPPED	1116	composition	clash with own group or another flat import refused by name (no-precedence implied by "refused")
C4-0016	2039	N	`(?&*=name)` rows still carry `ref`, naming the definition they came from (scope and origin are separate questions).	MAPPED	1117	composition	"they still carry ref"
C4-0017	2041	N	A delivered group is addressed by name, never by number; its number depends on which definitions the target bound, in what order, and which sites delivered, and may move when the library changes.	MAPPED	1118	composition	addressed by NAME never number; number may move when library changes
C4-0018	2044	N	A caller reads `groups[i].name`, takes `groups[i].slot`, and never computes a delivered group's slot.	MAPPED	1121	composition	"Read groups[i].name, take groups[i].slot, never compute one"
C4-0019	2047	N	After a delivering call returns, the site's slots hold what the callee matched on that call; the spans are retained across the return rather than restored away.	MAPPED	1123	composition	slots hold what callee matched; spans retained across the return
C4-0020	2049	N	Delivered-slot retention is a deliberate departure from PCRE2, where a plain subroutine call is capture-transparent (`(?(DEFINE)(?<g>a))(?&g)` leaves group 1 unset); the `=` in the call opts into it.	MAPPED	1125	composition	departs from PCRE2 capture-transparent subroutine; DEFINE example; "=" opts in
C4-0021	2052	N	The definition's own copy of a delivered group stays private and reads `(-1,-1)`; only the site's rows are readable.	MAPPED	1127	composition	definition's own copy private, reads (-1,-1)
C4-0022	2055	N	For a non-recursive definition, writing the definition's body out at the call site with its groups renamed `site_x` is a legal PCRE2 pattern delivering the same spans (exact oracle).	MAPPED	1128	composition	non-recursive: body written out with groups renamed site_x is legal PCRE2 delivering same spans; oracle exact
C4-0023	2058	N	A delivering call on a recursive definition is refused, because delivery needs the callee inlined at the site.	MAPPED	1130	composition	delivering call on recursive definition refused (delivery needs callee inlined)
C4-0024	2061	N	A definition's group that is exported AND delivered by some site gets one caps[] slot and one `groups[]` row per delivering site.	MAPPED	1137	composition	table row exported AND delivered: one slot and one row per delivering site
C4-0025	2061	N	A definition's group that is referenced by the definition itself (not delivered) gets one private caps[] slot and no `groups[]` row.	MAPPED	1138	composition	table row: referenced by definition itself: one private slot, no row
C4-0026	2061	N	A definition's group that is neither exported-and-delivered nor self-referenced spends no number at all: no caps[] slot and no `groups[]` row.	MAPPED	1139	composition	table row neither: no slot, no row, spends no number
C4-0027	2070	N	`rx_info.ngroups` is the target pattern's own group count, also in a composed artifact.	MAPPED	1141	composition	"ngroups is the target pattern's own count" (also row 5 of table at 1142)
C4-0028	2071	N	In a composed artifact slots `1..ngroups` keep their permanent-prefix promise (D61); everything a definition occupies is above `ngroups`.	MAPPED	1141	composition	slots 1..ngroups keep prefix promise; everything a definition occupies above it
C4-0029	2073	N	`rx_info.nnames` counts the caller-scope rows: the pattern's own named groups plus any flat imports.	MAPPED	1144	composition	nnames counts caller-scope rows (own named groups plus flat imports)
C4-0030	2074	N	The caller-scope rows are a genuine prefix of `groups[]`, which is sorted `(caller-scope first, name, number)`.	MAPPED	1145	composition	genuine PREFIX of groups[], sorted (caller-scope first, name, number)
C4-0031	2076	N	The section 6 by-name algorithm run over `groups[0 .. nnames)` is correct unchanged, finds a flat import without knowing the form exists, and can never walk a name run into a site-scoped row.	MAPPED	1146	composition	5.4 algorithm over groups[0..nnames) correct unchanged, never walks into site-scoped row ("finds flat import w/o knowing form" implied by 1078-1079)
C4-0032	2079	N	`nentries - nnames` is the number of site-scoped rows, which occupy `groups[nnames .. nentries)`, each named `site.group`.	MAPPED	1149	composition	nentries-nnames = site-scoped rows at [nnames..nentries), named site.group
C4-0033	2081	N	The groups[] sort key's first component is the scope (caller-scope vs site-scoped), not `ref`.	MAPPED	1151	composition	"The sort key is the SCOPE, not ref"
C4-0034	2082	N	A flat import carries a `ref` and is still caller scope.	MAPPED	1114	composition	flat imports in caller's scope AND carry ref (1078-1081, 1115-1116)
C4-0035	2083	N	`ref` names which definition a name came from and is non-NULL on every delivered row of either shape (site-scoped or flat).	MAPPED	1151	composition	ref non-NULL on every delivered row of either shape
C4-0036	2085	N	A caller-scope name never contains a `.`, and a site-scoped name always does (export names and site names are plain identifiers).	MAPPED	1153	composition	caller-scope name never contains '.', site-scoped always does (plain-identifier reason not stated)
C4-0037	2087	N	`RX_NCAPS` may move across library versions while every index in `1..ngroups` holds still.	MAPPED	1155	composition	NCAPS may move across library versions while 1..ngroups holds still
C4-0038	2092	H	CHECK: Module `named-groups` is gated and not enabled by default: `build/pcrec -p rx -o - -- '(?<g>a)'` refuses with "(?<...) requires module 'named-groups' (pattern offset 0)".	MAPPED	1055	named-groups	new states refusal with "requires module 'named-groups'"; probe confirms full text "(?<...) requires module 'named-groups' (pattern offset 0)" (CLI now needs --pattern for literal)
C4-0039	2102	M	Measured 2026-08-30: with `--features named-groups`, `'(?<g>a)'` emits `rx_group_names[] = { { "g", 1, 1, NULL } }` with `.ngroups = 1` and `.nnames = 1`.	MAPPED	1057	named-groups	new: --features named-groups compiles with nnames=1; example row {"b",1,1,NULL} at 1027; probe: (?<g>a) emits rx_group_names {g,1,1,NULL} ngroups=1 nnames=1
C4-0040	2111	H	A verification command pins an output, not the reason for that output (a cited measurement can outlive its fact while still reproducing); the struct comment now names both reasons for `nnames` 0 separately.	HISTORY			process lesson about a verification command and a struct-comment edit; not a behaviour fact
C4-0041	2120	N	`rx_info.match_form` is appended after `prefilter` in the struct; no existing member's offset moved.	HISTORY			records when match_form was appended; current field order (match_form #22 after prefilter #21) is in the 6 table, generic append rule at 1302
C4-0042	2123	N	`rx_info.match_form` is NULL on a hybrid artifact, because a hybrid's `<prefix>_match` is the VM's anchored body and the field's value set does not describe it.	MAPPED	1254	rx-info-scan	match_form NULL on hybrid because _match is the VM anchored body (also 1159, 1697-1699)
C4-0043	2123	N	`rx_info.scan` is non-NULL on a hybrid (a hybrid contains a DFA scan), so its NULL rule differs from `match_form`'s.	MAPPED	1254	rx-info-scan	hybrid contains a DFA scan so scan non-NULL, differs from match_form's NULL rule
C4-0044	2129	N	The two DFA-scan macros of section 6.3 are preprocessor-only; `rx_info.scan` and `rx_info.prefilter` are their runtime mirrors for consumers that cannot read macros (dlopen hosts, FFI bindings).	MAPPED	1232	rx-info-scan	scan/prefilter are run-time mirrors for consumers with no preprocessor (dlopen host, FFI, ctypes)
C4-0045	2133	N	`rx_info.scan` and `rx_info.prefilter` are appended at the end of the struct after the three pointers, so no existing member's offset moves.	HISTORY			append position of scan/prefilter at time of addition; current order in the 6 table (rows 20-21); generic append rule 1302
C4-0046	2140	M	`tests/codegen/run_dfa_stamps.sh` asserts every line of the scan/prefilter rule over the whole corpus on both engines.	MAPPED	1235	rx-info-scan	"asserted over the whole corpus on both engines by tests/codegen/run_dfa_stamps.sh"
C4-0047	2145	N	On a DFA artifact `rx_info.scan` is one of `"unanchored"`, `"attempt"`, `"empty"`, equal to the value of `<PREFIX>_DFA_SCAN`.	MAPPED	1240	rx-info-scan	DFA artifact: scan = DFA_SCAN value; three values in value-set 1566-1571
C4-0048	2145	N	On a DFA artifact `rx_info.prefilter` equals the value of `<PREFIX>_DFA_PREFILTER`, one of the nine values listed in section 6.3.	SUPERSEDED	1240	rx-info-scan	new: prefilter = DFA_PREFILTER value; the value set at 1578-1591 has ELEVEN values not nine; probe emits offset-set, run-pinned (build/pcrec); src/gen/emit_dfa.c emits them
C4-0049	2146	N	On a hybrid VM artifact `rx_info.scan` is one of the same three values (`"unanchored"`/`"attempt"`/`"empty"`), describing the DFA scan the artifact inlines.	MAPPED	1241	rx-info-scan	VM hybrid scan: "the same, describing the DFA scan the artifact inlines"
C4-0050	2146	N	On a hybrid VM artifact `rx_info.prefilter` is one of the same five values, describing the inlined scan's own filter.	SUPERSEDED	1241	rx-info-scan	new says prefilter "the same" (the DFA stamp value set, 1578-1591); old "same five values" false: probe of hybrid (a|b)c stamps DFA_PREFILTER "offset-set", (/user|/users)x "run-pinned"
C4-0051	2147	N	On a non-hybrid VM artifact `rx_info.scan` is NULL, because there is no DFA scan in the artifact.	MAPPED	1242	rx-info-scan	VM non-hybrid: scan NULL, no DFA scan
C4-0052	2147	N	On a non-hybrid VM artifact `rx_info.prefilter` is `"none"`, the VM's own vocabulary (the value of `<PREFIX>_VM_PREFILTER` on exactly these artifacts).	MAPPED	1242	rx-info-scan	prefilter "none" = VM_PREFILTER's value there
C4-0053	2152	N	`rx_info.prefilter` is never NULL; every artifact answers the candidate-start question, including "none".	MAPPED	1244	rx-info-scan	prefilter never NULL
C4-0054	2154	N	On a VM artifact, `rx_info.scan != NULL` is exactly "this is a hybrid" (the runtime reading of `<PREFIX>_VM_PREFILTER "hybrid"`).	MAPPED	1246	rx-info-scan	scan != NULL on a VM artifact means hybrid
C4-0055	2157	N	The string `"hybrid"` never appears in `rx_info.prefilter`; a hybrid reports its inlined scan's actual mechanism instead.	MAPPED	1248	rx-info-scan	"hybrid" never appears in prefilter; reports inlined scan's mechanism
C4-0056	2159	N	A consumer wanting the coarse hybrid answer tests `scan != NULL`, not `strcmp(prefilter, "hybrid")`.	MAPPED	1249	rx-info-scan	consumer wanting coarse answer tests scan != NULL
C4-0057	2163	N	`rx_info.scan`/`prefilter` and the `<PREFIX>_DFA_SCAN`/`_DFA_PREFILTER` macros are written from the same pair of emitter functions and report the same answer.	MAPPED	1251	rx-info-scan	same emitter functions, cannot disagree
C4-0058	2165	M	"field == macro" is asserted on every compiled artifact of both engines.	MAPPED	1253	rx-info-scan	"field == macro" is asserted on every compiled artifact
C4-0059	2169	N	`engine`'s numeric values are universal, artifact-independent pcrec-contract values: 1 = DFA, 2 = VM.	MAPPED	1180	rx-info-fields	engine values 1 DFA / 2 VM; contract-constant status at 84-88 and 205-206 (PCREC_ENGINE_* unprefixed in shared block, identical under every prefix)
C4-0060	2178	N	`PCREC_ENGINE_DFA` (value 1) and `PCREC_ENGINE_VM` (value 2) are real `#define`s in the shared `PCREC_RX_ABI_H` block (section 2).	MAPPED	208	abi-types	#define PCREC_ENGINE_DFA 1 / PCREC_ENGINE_VM 2 in shared PCREC_RX_ABI_H block
C4-0061	2180	N	The `PCREC_ENGINE_*` defines are pinned to the numbers the `engine` field already stamped; they name the existing contract and do not renumber it.	HISTORY			states the defines were pinned to numbers the field already stamped (past-state ruling); current values stated at 205-206
C4-0062	2181	N	The internal `ENGM_DFA`/`ENGM_VM` enum stays internal and is never exported as an emitted symbol.	MAPPED	248	abi-types	added
C4-0063	2183	N	The emitted `.engine` comment reads `PCREC_ENGINE_DFA=1 / PCREC_ENGINE_VM=2`.	SUPERSEDED	247	abi-types	DOC DEFECT: old doc said the emitted .engine comment reads "PCREC_ENGINE_DFA=1 / PCREC_ENGINE_VM=2"; the default artifact emits `.engine = 2, /* PCREC_ENGINE_VM */` (probe, abi 71). New doc quotes no comment
C4-0064	2186	N	`ngroups`, `ncaps` and `nnames` are three genuinely different counts and do not in general coincide.	MAPPED	1207	rx-info-counts	new says FOUR counts (adds nentries); the three are distinct and may differ
C4-0065	2187	N	`ngroups` is a fact about the pattern's own text.	MAPPED	1208	rx-info-counts	ngroups a fact about pattern text
C4-0066	2188	N	`ncaps` is a fact about what this build delivers; it is pinned to 1 on any DFA-compiled or `--no-captures` build regardless of how many groups the text has.	MAPPED	1208	rx-info-counts	ncaps what THIS build delivers, pinned to 1 on DFA or --no-captures
C4-0067	2190	N	`nnames` is the length of the named-group index (the `groups[]` table).	SUPERSEDED	1179	rx-info-fields	nnames now = caller-scope rows only (prefix of groups[]); length of whole array is nentries (1161, 1190-1193); src/gen/emit_dfa.c ng_count_caller_scope counts non-site-scoped; equal only on single-pattern
C4-0068	2191	M	Verified: `--no-captures 'a(b|c)+d'` has `ngroups=1, ncaps=1`; the captures-default build of the same pattern has `ngroups=1, ncaps=2`.	MAPPED	1211	rx-info-counts	--no-captures ngroups=1 ncaps=1; captures-on ngroups=1 ncaps=2
C4-0069	2195	N	`ngroups` is a permanent prefix-length promise (D61): on any captures-on build, slots `1..ngroups` of the caps array are this pattern's own groups in its own left-to-right numbering.	MAPPED	1217	rx-info-counts	permanent prefix-length promise (D61), slots 1..ngroups own groups left-to-right
C4-0070	2199	N	On a captures-on build `ngroups <= ncaps - 1`, with equality on every build from a single pattern.	MAPPED	1218	rx-info-counts	ngroups <= ncaps-1, equality on every single-pattern build
C4-0071	2200	N	Slots above `ngroups` are reserved for insertion/composition mechanisms; a ref-bearing producer appends its delivered slots and never interleaves with or renumbers the primary prefix.	MAPPED	1220	rx-info-counts	slots above ngroups for insertion/composition; APPEND, never interleave or renumber
C4-0072	2203	N	A composed artifact has `ngroups < ncaps - 1`; every slot in between belongs to a bound definition.	MAPPED	1142	composition	composed artifact has ngroups < ncaps-1 (everything a definition occupies is above ngroups)
C4-0073	2205	N	A caller indexing `caps` by the pattern's own group numbers is safe against every future insertion feature.	MAPPED	1222	rx-info-counts	caller indexing caps by own group numbers safe against every insertion feature
C4-0074	2207	N	The prefix promise pins the caps layout, not group numbering; `rx_group_entry.slot` remains the number-to-slot indirection.	MAPPED	1224	rx-info-counts	promise pins caps LAYOUT; slot remains number-to-slot indirection
C4-0075	2212	N	`rx_info.pattern` is embedded unconditionally as an escaped C string literal.	MAPPED	1273	rx-info-pattern	pattern embedded unconditionally as escaped C string literal
C4-0076	2213	N	The pattern string literal escapes `"`, `\`, and control bytes, so a pattern containing `"` does not break the emitted `.c`.	MAPPED	1273	rx-info-pattern	" \ and control bytes escaped
C4-0077	2215	M	Verified: the emitter carries a dedicated string-literal escaper distinct from the `/* ... */`-comment escaper used elsewhere in the file.	MAPPED	1274	rx-info-pattern	string-literal escaper distinct from the /* */ comment escaper
C4-0078	2218	N	`rx_info.groups` is NULL and `nnames` is 0 for a pattern with no named group.	MAPPED	1053	named-groups	groups NULL and nnames 0 for pattern with no named group
C4-0079	2219	N	`groups`/`nnames` are NULL/0 for every pattern until module `named-groups` is enabled (`--features named-groups` or a named set including it).	MAPPED	1053	named-groups	also whenever named-groups not enabled; two different reasons
C4-0080	2221	M	Verified live: `'(?<g>a)'` refuses with `requires module 'named-groups'` against the bare default feature set.	MAPPED	1055	named-groups	bare default refuses '(?<g>a)' with requires module 'named-groups' (probe confirms)
C4-0081	2222	H	CHECK: The groups[] sort compares names with `strcmp`, byte-exact and case-sensitive (superseded for duplicated names by (name asc, number asc), see section 6.0).	MAPPED	1065	named-groups	name by strcmp byte-exact case-sensitive; src/gen/emit_dfa.c:2812 ng_cmp_name uses strcmp
C4-0082	2225	M	Measured on libpcre2 10.46 and python3 `re`: `(?<name>a)(?<NAME>b)` is two distinct groups, unchanged under `(?i)`/`PCRE2_CASELESS`.	MAPPED	1066	named-groups	(?<name>a)(?<NAME>b) two distinct groups on libpcre2 10.46 and python re, also under (?i)
C4-0083	2228	N	Caseless folds matching, never group-name identity; the groups[] sort key applies no case fold.	MAPPED	1068	named-groups	caseless folds matching, never name identity; case-sensitive sort at 1031
C4-0084	2229	M	libpcre2's `PCRE2_INFO_NAMETABLE` is sorted by the same strcmp name order: a pattern declaring `zeta`/`alpha`/`mu` reports its table as `alpha`/`mu`/`zeta` (tests/probes/probe_named_groups.c).	MAPPED	1069	named-groups	PCRE2_INFO_NAMETABLE same order; zeta/alpha/mu probe cited
C4-0085	2235	N	The groups[] sort key is (name asc, number asc) for duplicated names; see section 6.0.	MAPPED	1065	named-groups	(name asc, number asc), duplicate-name run 1038
C4-0086	2238	N	The sort key for `ref`-bearing rows other than the composition rows is not fixed beyond what the composition section states (every primary-module row has `ref` NULL/empty).	HISTORY			deliberate openness for a not-yet-existing ref-bearing producer; discharged by composition: sort key now leads with SCOPE (new 1036-1037, 1109-1110, 1115); every primary-module row ref NULL stated at 198/241
C4-0087	2246	M	Quoted from a fresh `-p rx --features named-groups` build of `'a(?<b>b|c)+d'`: `static const rx_group_entry rx_group_names[] = { { "b", 1, 1, NULL }, };`.	MAPPED	1061	named-groups	{ "b", 1, 1, NULL } for a(?<b>b|c)+d captures-on (verbatim array decl not quoted; probe: static const rx_group_entry rx_group_names[])
C4-0088	2254	M	The same artifact's `rx_info` instance has `.ngroups = 1`, `.nnames = 1`, `.groups = rx_group_names`.	MAPPED	1064	named-groups	added
C4-0089	2263	N	The groups array's C identifier (`rx_group_names` under the default `--prefix rx`) is `<prefix>`-scoped like every other per-artifact symbol.	MAPPED	1050	named-groups	array emitted as per-prefix <prefix>_group_names (also 49 per-artifact identifiers)
C4-0090	2265	N	Only the entry type `rx_group_entry` is one of the six fixed-literal ABI types; the groups array identifier is not.	MAPPED	1050	named-groups	"(only the ENTRY type is a fixed ABI type)"
C4-0091	2266	N	Each `rx_group_entry.slot` is the group's capture-slot index when the build actually delivers one (captures-wanted build), and `-1` otherwise.	MAPPED	1058	named-groups	slot = caps index when build delivers one, -1 otherwise (also 196, 240)
C4-0092	2268	N	A named group's presence forces the VM through the generic capture-forcing engine-selection rule, so a named-group artifact with a live slot is never a DFA artifact.	MAPPED	1059	named-groups	named group forces VM on captures-on build so delivering row never on DFA
C4-0093	2271	M	Verified: the same pattern compiled `--no-captures` stamps `{ "b", 1, -1, NULL }` and selects the DFA engine (`.engine = 1`).	MAPPED	1062	named-groups	--no-captures emits { "b", 1, -1, NULL } and selects DFA (.engine = 1); probe confirms
C4-0094	2278	N	`rx_ctx.ncap`'s watermark-mid-match reading has no producer: every call site in every emitted artifact sets `ctx.ncap = 0` and nothing advances it, so no caller can observe a watermark.	MAPPED	236	abi-types	ncap watermark reading has no producer; every call site sets ncap=0
C4-0095	2282	N	`rx_ctx.ncap` is reserved for a future mid-match view, as `nnames`/`groups` were reserved for `named-groups`.	MAPPED	238	abi-types	reserved for a future mid-match view (nnames/groups-reserved analogy dropped)
C4-0096	2286	N	A default artifact carries exactly two kinds of comments: the provenance line and the shared `PCREC_RX_ABI_H` type block's doc-comments; both are emitted under every setting.	MAPPED	1347	emitted-comments	exactly two things under every setting: provenance line + shared block doc-comments
C4-0097	2287	N	The provenance line reads `/* Generated by pcrec VERSION (abi N). Pattern: <pattern> */`.	MAPPED	1348	emitted-comments	/* Generated by pcrec VERSION (abi N). Pattern: <pattern> */
C4-0098	2288	N	In the provenance line VERSION is `PCREC_VERSION` (`lib/pcrec.h`) and N is the same digit `rx_info.abi` carries.	MAPPED	1349	emitted-comments	VERSION is PCREC_VERSION (lib/pcrec.h), N is rx_info.abi
C4-0099	2296	N	The provenance line is emitted on the `.c` and on the paired `.h`.	MAPPED	1349	emitted-comments	on the .c and on the paired .h
C4-0100	2297	N	The shared `PCREC_RX_ABI_H` block's doc-comments cover `rx_ctx`'s field notes, `rx_matchfn`'s return-space paragraph, the give-up and below-the-floor code notes, `rx_renderfn`, `rx_group_entry` and every `rx_info` member's note.	MAPPED	1351	emitted-comments	rx_ctx field notes, rx_matchfn return-space, give-up/below-floor notes, rx_renderfn, rx_group_entry, every rx_info member note
C4-0101	2302	N	Everything else the emitter can say (orientation block, table and state legends, per-label role lines, entry-point paragraphs, encoding residuals' doc-comments, the feature-set line) is emitted only under `-fcomments`.	MAPPED	1354	emitted-comments	everything else only under -fcomments (list given)
C4-0102	2306	N	`PCREC_FEATURE_SET` and `PCREC_FEATURE_MODULES` (section 6.3) still carry the feature set on the `.c` in a default build.	MAPPED	1357	emitted-comments	PCREC_FEATURE_SET / _MODULES carry feature set on the .c
C4-0103	2308	N	In a default build the paired `.h` records the feature set in no form.	MAPPED	1356	emitted-comments	paired .h of a default build records the feature set in no form
C4-0104	2294	H	CHECK: `PCREC_VERSION` moved `0.1.0-beta` to `0.2.0-beta` at REL-0.2 as a string-only change of the same byte length, not an abi event.	HISTORY			records a past version bump (0.1.0-beta to 0.2.0-beta, REL-0.2, commit 35a9e2b4) and that it was not an abi event; current: lib/pcrec.h:18 PCREC_VERSION 0.2.0-beta; new doc says VERSION is independent of abi (1312)
C4-0105	3554	N	`rx_info.abi` is mirrored nowhere else (no other macro or field carries it besides the provenance line digit).	MAPPED	1320	abi	abi mirrored by PCREC_RX_ABI_H guard value and provenance line, and by no macro (new adds the guard, which is itself a macro valued 71 at line 103)
C4-0106	3557	N	`rx_info.abi` is the version of the emitted scaffolding as a whole: every declaration, comment and macro in the artifact, not merely `struct rx_info`'s layout.	MAPPED	1317	abi	abi versions emitted scaffolding as a whole: every declaration, comment and macro
C4-0107	3560	N	A change to any emitted scaffolding, whether or not a struct offset moves, is an `abi` bump.	MAPPED	1323	abi	any change to emitted scaffolding for identical inputs is a bump whether or not a struct offset moves
C4-0108	3562	H	CHECK: Abi bumps may move no struct offset at all (e.g. 3 to 4 added two stamp lines; 6 to 7 moved emitted program bytes in the DFA scan tables and loop lines), and none is a smaller event than another by the document's promise.	MAPPED	1323	abi	"whether or not a struct offset moves" stated; the 3-to-4 / 6-to-7 examples are history (abi_changelog.md); no-bump-is-smaller implied by "any change"
C4-0109	3569	N	Within one `abi` number the emitted output is byte-exact whole-file for a given pattern, prefix and option set, comments included.	MAPPED	1328	abi	byte-exact whole-file, comments included, for given pattern, prefix, option set
C4-0110	3572	N	`-fcomments` and `-fno-comments` are two different option sets; their artifacts differ in comment text and in nothing else.	MAPPED	1329	abi	-fcomments/-fno-comments two option sets, differ in comment text and nothing else
C4-0111	3575	N	Between `-fcomments` and `-fno-comments` artifacts the object file, the comment-excluded size and every emitted `#define` are identical.	MAPPED	1331	abi	object file, comment-excluded size and every emitted #define identical
C4-0112	3577	N	A caller finding two artifacts compiled at the same `abi` (same pattern, prefix, option set) to differ has found a pcrec bug, not an expected drift.	MAPPED	1332	abi	differing artifacts at one abi/option set = pcrec bug
C4-0113	3579	N	Pre-v1, an `abi` bump carries no compatibility story and no announcement beyond the stamp itself; the bumped number discharges D37's announced-boundary requirement.	MAPPED	1335	abi	no compatibility story, no announcement beyond the number; discharges D37
C4-0114	3583	N	No separate deprecation cycle, migration note or advance notice is to be expected for an `abi` bump pre-v1.	MAPPED	1337	abi	no deprecation cycle, migration note or advance notice
C4-0115	3584	N	`abi` makes no version-negotiation promise; a caller wanting version-negotiation semantics from `abi` builds on a promise the document does not make until a v1 declaration says otherwise (section 9).	MAPPED	1338	abi	do not build version negotiation on abi until a v1 declaration
C4-0116	3588	N	The field name `frame_capacity` appears on both sides of the API with different sentinels (input option vs output info), answering different questions.	MAPPED	1285	frame-capacity-sentinel	frame_capacity on both sides with different sentinels
C4-0117	3590	N	Input side: `pcrec_options.frame_capacity == 0` means "let the compiler size it"; a positive value is a request.	MAPPED	1286	frame-capacity-sentinel	input: 0 = let compiler size it, positive = request
C4-0118	3593	N	Output side: `rx_info.frame_capacity == -1` means "no bound at all".	MAPPED	1287	frame-capacity-sentinel	output: -1 = no bound at all
C4-0119	3594	N	A DFA artifact stamps `rx_info.frame_capacity = -1`, having no resume stack to bound.	MAPPED	1288	frame-capacity-sentinel	every DFA artifact stamps -1
C4-0120	3595	M	Measured: a `--no-captures` build stamps `.frame_capacity = -1` alongside `.step_budget = -1` and `.work_budget = -1`.	MAPPED	1289	frame-capacity-sentinel	with step_budget = -1 and work_budget = -1
C4-0121	3596	N	`0` is not a legal `rx_info.frame_capacity` output value, and `-1` is not a legal `pcrec_options.frame_capacity` input value.	MAPPED	1289	frame-capacity-sentinel	0 not a legal output value, -1 not a legal input value
C4-0122	3602	N	The groups[] sort key is (name asc, number asc).	MAPPED	1065	named-groups	(name ascending, number ascending)
C4-0123	3604	N	Module `backrefs` ships `(?J)`, so a name may label a run of rows in `groups[]`.	MAPPED	1073	named-groups	module backrefs (?J) duplicate names form a run
C4-0124	3606	N	Within a run of rows sharing a name, rows are ordered by ascending group number.	MAPPED	1073	named-groups	run ordered by ascending group number
C4-0125	3607	N	The number tiebreak is a correctness requirement: without it the emitter yields descending numbers within a run (declarations are prepended) and the caller's by-name algorithm selects the wrong member.	MAPPED	1074	named-groups	"tiebreak is a correctness requirement" stated; mechanism (declarations prepended giving descending order) omitted
C4-0126	3610	N	The emitted comparator is `src/gen/emit_dfa.c`'s `ng_cmp_name`.	MAPPED	1075	named-groups	added
C4-0127	3611	M	`tests/codegen/run_codegen_tests.sh`'s `[M6.5-DUPNAMES]` check reads the rows off the artifact and asserts them strictly increasing in (name, number); sabotage S120 removes the tiebreak.	MAPPED	1076	named-groups	[M6.5-DUPNAMES] asserts strictly increasing (name, number); sabotage S120 removes tiebreak
C4-0128	3615	N	Caller's algorithm for a possibly duplicated name: `bsearch` by name returns some row of the run.	MAPPED	1081	dup-name-algorithm	bsearch groups[0..nnames) by name returns some row of the run
C4-0129	3616	N	Then walk back to the run's first row (the previous row with a different name, plus one).	MAPPED	1082	dup-name-algorithm	walk back to run's first row
C4-0130	3617	N	Then walk forward to the first row whose slot participated in the match (both offsets set).	MAPPED	1083	dup-name-algorithm	forward to first row whose slot participated (both offsets set)
C4-0131	3619	N	That first participating row is the group a by-name reference resolved to, per PCRE2's "first of the set that is set" rule, where "set" includes set-to-empty.	MAPPED	1084	dup-name-algorithm	that row is the by-name resolution; PCRE2 "first of the set that is set", set-to-empty included
C4-0132	3620	M	Measured (backrefs design section 8.3): first of the name-run by ascending number that is SET, where set includes set-to-empty.	MAPPED	1085	dup-name-algorithm	measured, backrefs_design 8.3, set includes set-to-empty
C4-0133	3621	N	The caller's by-name algorithm is the same algorithm the emitted `\k<name>` resolution uses, so caller and matcher cannot disagree about which member a name meant.	MAPPED	1086	dup-name-algorithm	same algorithm as emitted \k<name> resolution; caller and matcher cannot disagree
C4-0134	3623	N	A name-run none of whose members participated is an unset name.	MAPPED	1087	dup-name-algorithm	run with no participating member is an unset name
C4-0135	3626	N	`rx_info` is link-time data, not part of `rx_ctx` or any callback parameter.	MAPPED	1363	rx-info-placement	"not part of rx_ctx or any callback parameter"
C4-0136	3628	N	A caller reads `<prefix>_info` by symbol, once, at whatever point it wants the artifact's facts about itself.	MAPPED	1364	rx-info-placement	reads <prefix>_info by symbol at whatever point
C4-0137	3630	N	`<prefix>_info` is placed in section `.data.rel.ro.local`, not `.rodata`, for the reason section 3.4 measures.	MAPPED	1365	rx-info-placement	not strictly .rodata; .data.rel.ro.local with relocations measured with readelf (6.1)
C4-0138	3637	N	`'a(b|c)+d'` compiled `--no-captures` has `ncaps=1, ngroups=1`: the pattern has a group but the artifact delivers no slot for it.	MAPPED	1211	rx-info-counts	--no-captures a(b|c)+d: ngroups=1 ncaps=1, pattern has group, artifact delivers no slot
C4-0139	3639	N	A reader who only checks `ncaps` would wrongly conclude the pattern has no groups; `ngroups` must be consulted.	MAPPED	1212	rx-info-counts	"which a reader of ncaps alone would miss"
C4-0140	3640	N	`ngroups` and `ncaps - 1` coincide only on a VM-compiled, captures-on artifact (the common case since M4.5); `rx_info` does not restate this as a rule for every build.	MAPPED	1213	rx-info-counts	coincide on a VM, captures-on, single-pattern artifact; the not-restated-as-rule clause dropped
C5-0001	2309	H	CHECK: The abi change-log paragraph of the spec is the only change log for rx_info.abi, and a bump updates that paragraph in the bump's own commit.	HISTORY			Process/doc-structure statement about the old spec paragraph; the new doc says the changelog lives in docs/dev/history/abi_changelog.md (lines 9-11, 1305). Not a current-behaviour fact.
C5-0002	2318	H	rx_info.abi is 71 on every artifact.	MAPPED	1174	rx-info-fields	abi 71 stated at 1138, 1281 (and the guard value at 99-103). Probe: build/pcrec emits (abi 71).
C5-0003	2320	H	Every artifact of both engines carries a <PREFIX>_SIMD_GUARDED_BYTES stamp line directly after <PREFIX>_MEMFN_LIBC.	MAPPED	2304	stamp-simd-guarded-bytes	SIMD_GUARDED_BYTES written by pcrec directly after MEMFN_LIBC (2251-2253; order at 2190-2193; scope all at 1453). Probe: line follows RX_MEMFN_LIBC.
C5-0004	2321	H	<PREFIX>_SIMD_GUARDED_BYTES is the artifact's CPU-guarded byte count.	MAPPED	2304	stamp-simd-guarded-bytes	Stamp defined as bytes under a CPU-level guard (2251-2253, 2259-2262).
C5-0005	2323	H	<PREFIX>_SIMD_GUARDED_BYTES reads 0ULL on every artifact, since no SIMD form exists and -fmemfn-simd is inert.	MAPPED	2309	stamp-simd-guarded-bytes	Reads zero on every artifact today since no SIMD form exists and -fmemfn-simd is inert (2256, 2265-2267). Probe: 0x0000000000000000ULL.
C5-0006	2325	H	CHECK: Every length decision reads the SIMD-off length (len_uncut minus the guarded bytes; the size caps' measure minus the guarded text's), which equals the plain length wherever nothing is guarded.	MAPPED	2321	stamp-simd-guarded-bytes	Size decisions read length minus guarded bytes (2268-2272); limits.md:800-810 states the same. Zero guarded bytes makes it equal the plain length.
C5-0007	2333	H	CHECK: Each offset-skip/pre-check function (<prefix>_reqrun, <prefix>_reqrun_whole, <prefix>_ofsskip) keeps its loop under the head <prefix>_<fn>__body, and the function itself is one call to it.	INTERNAL	56	per-artifact-symbols	internal helper shape (<prefix>_<fn>__body); true by probe
C5-0008	2335	H	CHECK: The forwarding body of those functions has the form return <prefix>_<fn>__body(subject, n, pos[, tables]); the SIMD-off shape that a CPU-guarded helper adds #if arms above.	INTERNAL	56	per-artifact-symbols	internal emitted-text form; true by probe
C5-0009	2338	H	CHECK: <prefix>_reqrun, <prefix>_reqrun_whole and <prefix>_ofsskip (and their __body heads) are static inline in the .c, so no linked symbol is involved.	INTERNAL	56	per-artifact-symbols	internal static inline helpers; true by probe
C5-0010	2343	H	CHECK: A ${...} pattern's <PREFIX>_ENGINE_SEL reads "selected" rather than "declined-nullable-default" (its variable, not a nullability decline, turns the prefilter off).	MAPPED	1555	stamp-engine-sel	Row text says a ${...} pattern is never declined (its variable turns the prefilter off first) and reads "selected". Probe: --features vars '${x}a*' -> ENGINE_SEL "selected".
C5-0011	2347	H	CHECK: A collapse rung is not offered on an attempt the collapse cannot help (no collapsible repeat; nullable but not empty_admits).	POINTED	1559	stamp-engine-sel	1513 cites tuning.md 2.17 for the collapse rung; tuning.md:1344-1357 states the rung is skipped with no collapsible repeat / nullable-not-empty_admits. TRUE: src/core/compile.c:695-699.
C5-0012	2349	H	CHECK: When a compile drops the prefilter for size, <PREFIX>_VM_PREFILTER_WHY's "size cap retry, hybrid N > CAP" figure is the exact artifact's size, not a wasted retry's.	MAPPED	1789	stamp-vm-prefilter-why	added
C5-0013	2353	H	CHECK: The --emit-ir prefilter vocabulary includes the values no-variable and no-size-cap (ir_listing.md).	ELSEWHERE			--emit-ir vocabulary: docs/spec/ir_listing.md:118-119 (not a match-API fact)
C5-0014	2358	H	CHECK: Both prefilter declines read the E1 fact empty_admits instead of bare nullability.	MAPPED	1555	stamp-engine-sel	1509 says the default decline reads empty_admits; the rung-scope decline (1513) cites tuning.md 2.17 which states both scopes read empty_admits (tuning.md:1311-1314). TRUE: select_engine.c:565,592.
C5-0015	2360	H	CHECK: A nullable pattern whose every empty path crosses a non-multiline ^/\A AND $/\Z/\z keeps its exact hybrid prefilter; its ENGINE_SEL reads "selected" and VM_PREFILTER "hybrid" with prefilter tables, scan and VM_PREFILTER_LANG present.	MAPPED	1555	stamp-engine-sel	A nullable pattern whose every empty match crosses a non-multiline start AND end anchor is not declined and reads "selected". Probe '^(\s+)*$': ENGINE_SEL selected, VM_PREFILTER hybrid, LANG present; '(\s+)*$' declined.
C5-0016	2369	H	CHECK: A near-miss that exhausts the step budget answers nomatch (K65's direction).	HISTORY			Describes the effect of the old bump on movers (a near-miss "now" answers nomatch); tuning.md:1327-1331 records the measurement. Not a standing contract fact.
C5-0017	2374	H	CHECK: The five in-loop ADVANCE sites (DFA stay skips fwd/rev, scan-edge loops unbounded/counted both directions, VM span scan) are spelled while ((MORE)[ && CNT < NULL] && (MEMBER)) { with the step and counter increment on their own lines in a braced body.	INTERNAL	56	per-artifact-symbols	internal emitted loop layout; true by probe
C5-0018	2379	H	CHECK: In those ADVANCE loops the counter cap is written as %lluULL.	INTERNAL	56	per-artifact-symbols	internal emitted-text detail; true by probe
C5-0019	2389	H	CHECK: Possessify arm A values a context gate (\b, \B, a one-character lookaround) in a quantifier's follow by what it can admit next; arm B reads a backreference's FIRST from its groups.	POINTED	2036	stamp-vm-masks	1976-1984 describe the arms (A0/A1, B) and cite tuning.md 2.44/2.45; those sections (tuning.md:3755-3761, 3786-3789) define arm A (context gate valued by what it admits) and arm B (backref first from its groups).
C5-0020	2393	H	Every VM artifact carries <PREFIX>_VM_POSS_ARMS (section 6.3), 0x0u where no arm was needed.	MAPPED	2034	stamp-vm-masks	POSS_ARMS: every VM artifact (1434); 0x0u where no arm needed (1982-1984). Probe: RX_VM_POSS_ARMS 0x0u.
C5-0021	2396	H	CHECK: -fno-poss-ctx-follow -fno-poss-bref-first restores the abi-65 possessify program apart from the abi digits and the VM_POSS_ARMS stamp line.	HISTORY			Comparison with the abi-65 artifact (past state). Current rule: a denied arm's bit is 0 (1984).
C5-0022	2396	H	CHECK: A possessify route flip can move RX_ENGINE itself (\w++\b is discharged and DFA-routed).	ELSEWHERE			engine route flip under possessify arms: docs/spec/tuning.md:3764-3775
C5-0023	2402	H	rx_info.flags' strategy mask is derived from src/core/axes.def: it masks every axis bit except the named kept set (tuning.md section 2, THE rx_info.flags RULE).	MAPPED	1299	flags	Strategy mask derived: every axis bit masked except the named kept set (1261-1264), citing tuning.md 2 "THE rx_info.flags RULE".
C5-0024	2403	H	-fno-size-term (bit 18) and -fno-scan-edge (bit 21) are masked out of rx_info.flags.	POINTED	1300	flags	1262-1269 point to tuning.md 2 (rule at tuning.md:132-139, which names -fno-size-term bit 18 and -fno-scan-edge bit 21). Probe: both leave .flags = 0.
C5-0025	2408	H	A future axis bit is masked out of rx_info.flags on arrival unless it is in the named kept set.	MAPPED	1300	flags	"a new axis is masked on arrival" (1262-1263).
C5-0026	2417	H	CHECK: The DFA-route candidate table has rows first-memchr-bounded and first-class-bounded; RX_DFA_PREFILTER and rx_info.prefilter carry those two values (tuning.md 2.42, 6.3).	MAPPED	1637	stamp-dfa-prefilter	Rows first-memchr-bounded and first-class-bounded in the RX_DFA_PREFILTER table (1590-1591); rx_info.prefilter mirrors RX_DFA_PREFILTER (1158). Probe: '\b(?:true|false|null)\b' -> first-class-bounded.
C5-0027	2418	H	CHECK: On a seeded forward DFA scan whose start set S cannot match empty and is a proper subset of the start state's escape set E, the bounded skip tests S instead of E (one byte by memchr, several by a 256-entry <prefix>_start_bytes table) and re-seeds the scan state from the byte before its landing where it moved.	POINTED	1637	stamp-dfa-prefilter	1590-1591 state S vs E, one byte memchr / 256-entry start_bytes table, bounded, re-seed, and cite tuning.md 2.42; the S-cannot-match-empty condition is at tuning.md:3704-3710.
C5-0028	2423	H	CHECK: A VM hybrid's inlined prefilter takes the first-memchr-bounded/first-class-bounded start-set skip too; -fno-start-set disables both the DFA and the VM start-set hats.	POINTED	1637	stamp-dfa-prefilter	1590 cites tuning.md 2.42 and "Removed by -fno-start-set"; the hybrid inlined-prefilter hat and the single deny for both hats are at tuning.md:3641-3643, 3693-3701.
C5-0029	2430	H	Every artifact of both engines carries <PREFIX>_MEMFN_FORMS and <PREFIX>_MEMFN_LIBC stamp lines directly after <PREFIX>_RUN_WORDS.	MAPPED	2243	stamp-artifact-wide	Both stamps on every artifact of both engines, after RUN_WORDS (2190-2194). Probe order: RUN_WORDS, MEMFN_FORMS, MEMFN_LIBC.
C5-0030	2432	H	<PREFIX>_MEMFN_FORMS reads "none" on every artifact until the kit's first SIMD-on form.	MAPPED	2278	stamp-memfn	MEMFN_FORMS is "none" on every artifact today since no SIMD form exists (2216, 2224-2227).
C5-0031	2433	H	<PREFIX>_MEMFN_LIBC is the artifact's source-level inventory of C library calls, or "none".	MAPPED	2283	stamp-memfn	MEMFN_LIBC is "none" or the sorted source-level inventory of C library calls (2230-2239).
C5-0032	2435	H	The <PREFIX>_MEMFN_FORMS and _MEMFN_LIBC lines render before the emitted-size measurement, so a size-cap retry's quoted size (<PREFIX>_VM_PREFILTER_WHY) of its discarded attempt includes them.	MAPPED	1791	stamp-vm-prefilter-why	added
C5-0033	2442	H	CHECK: The VM-route start-set row first-class applies to a VM artifact with no DFA prefilter, an unanchored pattern, and a start_set fact S that cannot match empty and has fewer than 256 members; it seeks the next byte of S (a 256-entry table) before the first attempt and after each failed one.	MAPPED	1998	stamp-vm-start-scan	VM-route first-class row conditions (VM_PREFILTER "none", unanchored, start_set non-nullable, fewer than 256 members, 256-entry table, seek before first attempt and after each failed one) all at 1946.
C5-0034	2450	H	The VM start-set seek sits after the range guard, K50, rx_valid_upto and the K65/K66 pre-check, so a pre-check NOMATCH and a PCREC_ERR_UTF are unchanged.	MAPPED	1998	stamp-vm-start-scan	Seek sits after the range guard, boundary guard, valid_upto and necessary-set pre-check (1946), so those answers are unchanged.
C5-0035	2452	H	Every artifact of both engines carries <PREFIX>_VM_START_SCAN, which reads "first-class" or "none" (section 6.3).	MAPPED	1467	stamp-inventory	VM_START_SCAN on every artifact, "first-class" or "none" (1421, 1934-1947).
C5-0036	2454	H	-fno-start-set (bit 47) is masked out of rx_info.flags.	POINTED	1300	flags	Mask rule at 1261-1269 (tuning.md:132-139; tuning.md:3641-3643 says -fno-start-set bit 47 masked). Probe: .flags = 0 under -fno-start-set.
C5-0037	2456	H	CHECK: A give-up that the start-set-skipped attempts would have hit may become the answer (section 3.1).	MAPPED	374	search-skips	361-364 and 1950-1951: a give-up under -fno-start-set may become the answer with the skip on, never the reverse.
C5-0038	2459	H	Axis req-use (tuning.md 2.41, listed by --list-axes) is a two-row first-match table deciding what a search body does with an emitted run pre-check's answer; its handoff row keeps the pre-check's first window hit c.	POINTED	1969	stamp-req-handoff	1917-1918 name the req-use table's handoff row and cite tuning.md 2.41 (tuning.md:3588-3593: second table beside 2.29, axis req-use, listed by --list-axes). 1923-1925 state what handoff keeps.
C5-0039	2464	H	The run pre-check's first window hit c is the LEFTMOST occurrence at or after startpos, a written contract of the search block.	MAPPED	1975	stamp-req-handoff	The pre-check's search block returns the LEAST position >= startpos where the whole window occurs, or n (1923-1925).
C5-0040	2465	H	With the handoff row the body begins its scan at max(startpos, c - K), K the window's maximum BYTE offset from the attempt start (core fact req_run_maxoff in --emit-facts), rounded up to a character start under a multibyte encoding, only when it moved.	MAPPED	1977	stamp-req-handoff	Scan begins at max(startpos, that - K), rounded up to a character start under a multibyte encoding when it moved; K is req_run_maxoff in bytes (1925-1931).
C5-0041	2469	H	The three bodies with a DFA scan (DFA unanchored scan and its seed, DFA attempt loop's first start, VM hybrid's first prefilter call) read the handoff at their one start site; \G keeps reading startpos.	MAPPED	1978	stamp-req-handoff	"The three bodies with a DFA scan read it at their one start site; \G keeps reading startpos" (1926-1928).
C5-0042	2472	H	Every artifact of both engines carries <PREFIX>_REQ_HANDOFF, which is "<K>" or "none" (section 6.3).	MAPPED	1961	stamp-req-handoff	REQ_HANDOFF on every artifact, decimal K or "none" (1420, 1909-1929).
C5-0043	2474	H	-fno-req-handoff (bit 46) is masked out of rx_info.flags.	POINTED	1300	flags	Mask rule 1261-1269; tuning.md:3584-3591 (bit 46, MASKED). Probe: .flags = 0 under -fno-req-handoff.
C5-0044	2479	H	CHECK: The whole-window pre-check admission (tuning.md 2.29) is a first-match row table none / one-attempt / dominated / set-leads / emitted, listed by --list-axes as axis req-admit.	POINTED	1940	stamp-req-why	1886-1900 give the REQ_WHY tokens and cite tuning.md 2.29, which states the five-row first-match table and axis req-admit (tuning.md:2777-2787).
C5-0045	2483	H	CHECK: The set-leads row emits the necessary SET's pick's one-byte check in front of the run search where that byte is strictly rarer than the run's scan member (a tie keeps the run alone); on the no-DFA-scan VM route the K65 whole-set half then skips that byte.	POINTED	1949	stamp-req-why	1897 mentions the rarer necessary-set byte's lead check and cites tuning.md 2.40; strictly-rarer, tie-keeps-run and the K65 skip are tuning.md:3560-3573.
C5-0046	2487	H	-fno-req-set-lead (bit 45) is masked out of rx_info.flags.	POINTED	1300	flags	Mask rule 1261-1269; tuning.md:3552-3556 (bit 45, MASKED). Probe: .flags = 0 under -fno-req-set-lead.
C5-0047	2488	H	pcrec_find_pick's NONE answer is the argmin of MASS's uniform mass (cardinality), ties to the reader's rightmost (findings.md section 4).	POINTED	1906	stamp-req-byte	1853-1855 cite findings.md 4 for which analysis answers; findings.md:121 states PICK's NONE answer is argmin of uniform mass (cardinality), ties to rightmost.
C5-0048	2491	H	CHECK: Under NONE (every -e utf8 artifact under the default analysis) a masked run scans an EXACT position before a two-member pair.	POINTED	1936	stamp-req-run	1883-1884 cite tuning.md 2.28 for the derivation (scan-member pick, tuning.md:2751-2753) and 1855 findings.md 4 (findings.md:121 exact before pair). Probe: -e utf8 (?i)sel9ectxy scans idx 2, the exact '9'.
C5-0049	2494	H	<PREFIX>_REQ_WHY keeps its four tokens; a set-leads artifact reads "emitted".	MAPPED	1946	stamp-req-why	REQ_WHY keeps four tokens (1894-1900); 1897 says "emitted" covers a lead by a rarer set byte.
C5-0050	2510	H	CHECK: The necessary-run analysis (src/facts/req.c) admits, beside a single byte, a POSITION whose byte set is one two-member cube (T, K), such as a caseless letter [Ss], [jk] or an alternation's one-bit hull.	POINTED	1936	stamp-req-run	Two-member-cube positions are visible in the REQ_RUN grammar (1881-1883, 1857-1858 cite tuning.md 2.39); the admission rule is tuning.md:2738-2744, 3487-3492.
C5-0051	2512	H	CHECK: Necessary runs are ranked by information (sum of popcount(K)) and floored at PCREC_MIN_REQ_RUN_BITS (16); an alternation's common head and tail are taken as the cube hull of its branches (tuning.md 2.28, 2.39).	POINTED	1936	stamp-req-run	Ranking by sum popcount(K), floor 16 (PCREC_MIN_REQ_RUN_BITS) and the alternation cube hull are at tuning.md:2738-2750 (2.28), which 1884 cites.
C5-0052	2516	H	CHECK: For an artifact whose req_run is masked, the run pre-check blocks (<prefix>_reqrun, and on the no-DFA-scan VM route <prefix>_reqrun_whole) compare the run masked through the run compare's words row, e.g. (<prefix>_w4(subject + cand) & <prefix>_w4("\337\337\337\337")) == <prefix>_w4("SELE"); the bytes row under -fno-run-overlap.	POINTED	2252	stamp-run-words	2198-2201 name the words row for masked runs and cite tuning.md 2.38/2.39; compare text and bytes row under -fno-run-overlap are tuning.md:3425-3445.
C5-0053	2520	H	CHECK: A run block whose scan member is a pair scans both members as two memchr streams leapfrogged inside its one guarded loop.	POINTED	1936	stamp-req-run	Pair scanned as two leapfrogged memchr streams: tuning.md:2751-2754, 3497-3515 (2.28/2.39); new doc only cites those sections (1858, 1884).
C5-0054	2521	H	<PREFIX>_REQ_RUN gains a /mask suffix when the run is masked (section 6.3).	MAPPED	1933	stamp-req-run	A masked run carries "/" and each position's K in hex after @idx (1868-1883).
C5-0055	2523	H	CHECK: <PREFIX>_REQ_BYTE becomes the set's pick where the run's scan member is a pair; <PREFIX>_REQ_WHY may read "emitted" with <PREFIX>_REQ_BYTE "none".	MAPPED	1908	stamp-req-byte	Where the run's scan member is a two-member cube, REQ_BYTE is the set's pick or "none" for an empty set (1857-1858); "emitted" + REQ_BYTE "none" follows. Probe confirms REQ_BYTE "none" with RUN present.
C5-0056	2524	H	CHECK: The K65 whole-set half tests every set member that the run's EXACT positions do not prove.	ELSEWHERE			K65 whole-set half: docs/spec/tuning.md:3530-3532
C5-0057	2531	H	-fno-req-run-fold (bit 44) is masked out of rx_info.flags.	POINTED	1300	flags	Mask rule 1261-1269; tuning.md:3473 (bit 44). Probe: .flags = 0 under -fno-req-run-fold.
C5-0058	2533	H	Every masked run position is canonical (T & ~K == 0, popcount(K) 7 or 8); the compiler refuses a non-canonical position as an internal error.	ELSEWHERE			masked-run canonical form: docs/spec/tuning.md:2733-2737
C5-0059	2534	H	Every search of the pair arm sits inside the block's while (pos + maxk < n) guard.	POINTED	1909	stamp-req-byte	1858 cites tuning.md 2.39, whose pair-arm text (tuning.md:3497-3500, code at 3502-3515) shows the while (pos + maxk < n) guard.
C5-0060	2535	H	A run pin covers exact positions only, so no masked run enters dfa_pfs[].	ELSEWHERE			run pin covers exact positions only: docs/spec/tuning.md:2982-2987
C5-0061	2542	H	Every literal-run compare in emitted C (offset-skip block's run term, the run pre-check's compare, the VM's literal run, the island's single-child chains) is written by ONE emitter function with a first-match row table (src/gen/runcmp.c, tuning.md 2.38).	SUPERSEDED	2257	stamp-run-words	New 2202-2205: the run compare is written by the kit's emitter (memfn/src/runcmp.c), not src/gen/runcmp.c. Evidence: src/gen/runcmp.c absent, memfn/src/runcmp.c exists; tuning.md:3416-3421.
C5-0062	2548	H	An EXACT run of length 3, 5-7 or 9-15 takes the overlap row: two overlapping natural-width words, the last at offset L - W.	MAPPED	2252	stamp-run-words	Overlap row applies to an exact run of length 3, 5-7 or 9-15 (2199-2200).
C5-0063	2550	H	Each overlap-row word is loaded by a static inline uint<8W>_t <prefix>_w<W>(const void *) memcpy helper and compared against the same load of a string literal, the compares joined by && in offset order.	POINTED	2252	stamp-run-words	2198-2200 cite tuning.md 2.38 (tuning.md:3438-3445: static inline uint<8W>_t <prefix>_w<W>(const void*) memcpy helper, constant is the same helper on a string literal); 2235-2237 mention <prefix>_wN loads.
C5-0064	2552	H	Every run length other than 3, 5-7, 9-15 keeps the constant-length memcmp byte for byte.	MAPPED	2253	stamp-run-words	"Any other exact run compare is a memcmp" (2200-2201, 2079-2080).
C5-0065	2553	H	The <prefix>_w<W> helpers are emitted only where an artifact writes a word row, once each, ahead of their first use.	POINTED	2252	stamp-run-words	Helper emission (only where a word compare is written, once each, ahead of first use): tuning.md:3445-3447, reached from the 2.38 citation at 2199.
C5-0066	2555	H	Every artifact of both engines carries <PREFIX>_RUN_WORDS (section 6.3), a count of the compares the overlap row wrote, emitted after the engine body.	MAPPED	2243	stamp-artifact-wide	RUN_WORDS on every artifact of both engines, counts word compares, written after the engine body (2190-2205). Probe: RX_RUN_WORDS present.
C5-0067	2560	H	-fno-run-overlap (bit 43) is masked out of rx_info.flags.	POINTED	1300	flags	Mask rule 1261-1269; tuning.md:3402 (bit 43). Probe: .flags = 0 under -fno-run-overlap; 2201 says RUN_WORDS 0 under it.
C5-0068	2562	H	Every overlap-row word lies inside the run (o + W <= L).	POINTED	2252	stamp-run-words	o + W <= L invariant at tuning.md:3453-3455 (2.38, cited at 2199).
C5-0069	2563	H	Each overlap-row word's constant is a string literal, never an integer literal of the target's byte order.	POINTED	2252	stamp-run-words	Constants are string literals, never integer literals: tuning.md:3443-3445 (2.38, cited at 2199).
C5-0070	2564	H	The overlap-row compare reads exactly the bytes the caller's existing bounds guard covers.	POINTED	2252	stamp-run-words	Reads exactly the run's L bytes behind the existing bounds guard: tuning.md:3453-3455 (2.38, cited at 2199).
C5-0071	2569	H	CHECK: The scan edge (tuning.md 2.18) takes a chain whose members carry only an END (\z) view on the forward and anchored machines, since the scan's own stop at n evaluates it; and on any machine a chain whose head is another state's view target, which starts one state later (tuning.md 2.37, -fno-view-edge).	POINTED	1702	stamp-dfa-scan-edge	1654 cites tuning.md 2.18; END-view-only member and trimmed view-target head are at tuning.md:1543-1546 and 2.37 (3365-3396).
C5-0072	2582	H	<PREFIX>_VM_RESEED has the value "anchored" (section 6.3, tuning.md 2.35).	MAPPED	1829	stamp-vm-reseed	VM_RESEED value "anchored" (1778; table at 1773-1781).
C5-0073	2583	H	CHECK: A hybrid whose <PREFIX>_VM_START is not "unanchored" reads VM_RESEED "anchored", takes the pre-abi-49 retry, and emits no adaptive tail or its two per-call locals; its C equals its -fno-hyb-reseed artifact's byte for byte.	MAPPED	1829	stamp-vm-reseed	Row text: start-anchored, no retry runs, artifact equals its -fno-hyb-reseed artifact byte for byte. Probe: '^(a)(?=bc)\w*x' -fno-length-prune reads "anchored" and differs from -fno-hyb-reseed only in include lines.
C5-0074	2597	H	A DFA artifact whose <PREFIX>_NCAPS is 2 or more promises groups that no match can set (reached only through a subroutine call, or under {0}), and <prefix>_search reports them as PCREC_UNSET.	MAPPED	343	search-conventions	330-333: DFA artifact with NCAPS >= 2 whose groups can never be set writes PCREC_UNSET on success only. NOTE: 891-892 say a DFA artifact always has NCAPS 1; probe '(?(DEFINE)(?<x>\b))b(?&x)' gives RX_ENGINE "dfa" with RX_NCAPS 2.
C5-0075	2603	H	On a DFA artifact the dead-group fill is emitted on each success path (reverse-pass and pinned unanchored forms, per-start attempt form), after the caps[0] write and before return 1.	MAPPED	343	search-conventions	Observable half stated (slots written PCREC_UNSET on a success only, 330-333); emission placement after the caps[0] write is not stated but unobservable.
C5-0076	2603	H	A no-match (and startpos > n) on a DFA artifact returns 0 with caps untouched, including caps[1..NCAPS-1].	MAPPED	340	search-conventions	Every return other than 1 leaves the whole caps untouched; startpos > n returns 0 (327-336).
C5-0077	2610	H	The VM, the VM hybrid, the anchored _match_caps entries and the _in spellings leave caps untouched on every non-success return (checked by tests/codegen/run_nomatch_caps.sh).	MAPPED	340	search-conventions	Same sentence covers VM, hybrid, _match_caps and _in entries and names tests/codegen/run_nomatch_caps.sh (327-333).
C5-0078	2616	H	The shared block's guard carries the abi as its value, #define PCREC_RX_ABI_H <abi>, and the block opens with #if defined(PCREC_RX_ABI_H) && (PCREC_RX_ABI_H + 0) != <abi> followed by #error.	MAPPED	102	abi-guard	Guard value and the #if ... != 71 / #error opening shown verbatim (96-104).
C5-0079	2619	H	A translation unit that includes artifacts of two different abis fails to compile, with an #error naming the cause.	MAPPED	109	abi-guard	A different-abi artifact in the translation unit fails to compile naming the cause (106-108).
C5-0080	2622	H	Same-abi artifacts in one translation unit: the first shared block wins and every later one is skipped.	MAPPED	109	abi-guard	"artifacts of one abi share the first block" (106-107).
C5-0081	2623	H	CHECK: The + 0 makes the test refuse a pre-54 artifact included FIRST (its guard is defined empty); a pre-54 artifact included AFTER a 54+ one is the one order that stays silent.	MAPPED	110	abi-guard	+ 0 refuses a pre-54 artifact included first; pre-54 included after a newer one is not refused (107-110).
C5-0082	2626	H	The compiler emits every artifact under a fixed two-byte placeholder prefix and writes the caller's -p spelling only onto the finished text.	MAPPED	2091	stamp-vm-entry-shape	Program is emitted under a two-byte placeholder prefix and the caller's -p spelling is written onto the finished text (2039-2042).
C5-0083	2628	H	Every size-predicated selection (VM entry shape, size term's trigger and ladder, emitted-size caps) is decided on the text at a canonical prefix length (limits.md Size limits and the prefix).	POINTED	2095	stamp-vm-entry-shape	2041-2043 cite limits.md "Size limits and the prefix" (limits.md:766-775: caps, size term trigger and ladder, entry-shape knee all read the canonical length).
C5-0084	2630	H	The same pattern under the same options gets the same artifact whatever its prefix, differing only in spelling.	POINTED	2095	stamp-vm-entry-shape	Same artifact whatever the prefix, only the spelling differs: limits.md:766-775, 786-795 (cited at 2043); 2041-2042 say number and rung are the same under every prefix.
C5-0085	2634	H	<PREFIX>_VM_PROGRAM_BYTES reports the canonical (placeholder-prefix) length, not the prefix's own length.	MAPPED	2089	stamp-vm-entry-shape	PROGRAM_BYTES is measured at the canonical two-byte prefix length (2037-2043).
C5-0086	2637	H	rx_info.name's default is the prefix.	MAPPED	1267	rx-info-name	A compile supplying no name stamps its own prefix (1231-1232, 2542).
C5-0087	2646	H	CHECK: A DFA scan edge asks src/gen/clskit.c's class-form table at the scan site and writes the answer through the emitters a VM class read uses (tuning.md 2.18).	MAPPED	1702	stamp-dfa-scan-edge	Scan-edge test is the class-form table's answer at the scan site, spelled by the emitters a VM class read uses (1654-1658).
C5-0088	2648	H	CHECK: A scan edge over a byte range not starting at 0 is spelled (unsigned)(b - lo) <= span u, the VM's spelling.	MAPPED	1717	stamp-dfa-scan-edge	"otherwise (unsigned)(b - lo) <= span u" in the "range" row (1669). Probe se3.c: (unsigned)(b - 97) <= 25u.
C5-0089	2650	H	CHECK: A VM artifact whose class is a range from 0 is spelled b <= hi.	INTERNAL	56	per-artifact-symbols	VM class-test spelling is emitted-code detail; true by probe
C5-0090	2651	H	CHECK: At --tune=-2/-1 a scan edge's ASCII case pair is the fold compare (<PREFIX>_DFA_SCAN_EDGE "fold", section 6.3).	MAPPED	1718	stamp-dfa-scan-edge	At --tune=-2/-1 every edge's ASCII case pair is "fold" (1670).
C5-0091	2653	H	CHECK: At --tune=-2/-1 a byte class takes its kit matcher only where the kit, written once per read, is smaller than the table its site reads (byte-kit, tuning.md 2.33).	MAPPED	2142	stamp-vm-cls-kit	Byte class takes the kit at --tune=-2/-1 where the kit is smaller than the class's table (2090-2093).
C5-0092	2656	H	CHECK: A byte kit whose set spans 0..255 carries no always-false bound.	POINTED	2145	stamp-vm-cls-kit	2093 cites tuning.md 2.33; tuning.md:3174-3175: a byte kit whose set spans every byte carries no bound.
C5-0093	2662	H	CHECK: Axis I (the scan edge's run-extension body) has a third object kit: at --tune=-2/-1 an edge whose class is on the class-form table's byte-kit row (not one interval, not an ASCII fold pair) tests its run with a file-scope static inline <prefix>_<machine>_scankit<N> instead of a 256-byte table.	MAPPED	1720	stamp-dfa-scan-edge	"kit" value: at -2/-1 only, every edge's class takes a static inline <prefix>_<machine>_scankit<N> smaller than its 256-byte table (1672).
C5-0094	2665	H	<PREFIX>_DFA_SCAN_EDGE has the value "kit" (section 6.3).	MAPPED	1720	stamp-dfa-scan-edge	DFA_SCAN_EDGE "kit" is a listed value (1672).
C5-0095	2667	H	CHECK: No artifact at --tune 0/+1/+2 uses the scan-edge kit body; -fno-cls-kit restores the table body.	MAPPED	1720	stamp-dfa-scan-edge	"Never at 0/+1/+2, never under -fno-cls-kit" (1672).
C5-0096	2674	H	CHECK: The VM's per-class byte shape classifier is the first-match class-form table in src/gen/clskit.c (tuning.md 2.33, 5.4's lambda row).	MAPPED	2119	stamp-vm-cls-folds	Class-form table in src/gen/clskit.c chooses the fold shape (2067-2068); 1656 names the table for the scan edge; tuning.md 2.33/5.4 for the rest.
C5-0097	2675	H	CHECK: At --tune=-2/-1 a VM byte class that is neither one interval nor an ASCII fold pair is tested by a static inline <prefix>_class_kit<N> in place of a 32-byte bitmap (unless the artifact takes the shared atom table).	POINTED	2145	stamp-vm-cls-kit	2090-2093 state the kit form at -2/-1 and cite tuning.md 2.33 (tuning.md:3158-3166: neither one interval nor fold pair, unless atom table).
C5-0098	2678	H	<PREFIX>_VM_CLS_KIT counts the byte-class kit matchers too (section 6.3).	MAPPED	2140	stamp-vm-cls-kit	CLS_KIT counts <prefix>_wcls<N> and <prefix>_class_kit<N> (2088-2093).
C5-0099	2679	H	CHECK: At --tune 0/+1/+2 a VM byte class's test is the bitmap/compare form, not the kit.	MAPPED	2147	stamp-vm-cls-kit	CLS_KIT is 0 under -e byte at 0/+1/+2, i.e. no byte-class kit there (2095).
C5-0100	2680	H	CHECK: At every tune position a WIDE class whose set is one interval of code points at or below U+00FF (-e utf8 [\x{e0}-\x{ff}]) is one range compare.	POINTED	2145	stamp-vm-cls-kit	Not stated in match_api.md; tuning.md:3175-3177 (cited at 2093). TRUE: probe -e utf8 'a[\x{e0}-\x{ff}]b' -> rx_wcls0 is one range compare.
C5-0101	2688	H	Every artifact's shared PCREC_RX_ABI_H block has #define PCREC_ERR_UTF (-9) (section 4).	MAPPED	179	abi-types	#define PCREC_ERR_UTF (-9) in the shared block (176, 789).
C5-0102	2692	H	Every artifact carries the <PREFIX>_UTF_CHECK stamp (section 6.3).	MAPPED	1461	stamp-inventory	UTF_CHECK on every artifact (1415, 1807-1816).
C5-0103	2692	H	Every artifact exports the <prefix>_valid_upto entry with its declaration (section 3.1.2).	MAPPED	616	valid-upto	Every artifact exports <prefix>_valid_upto, whatever -futf-check says (594-596; inventory at 274; declaration at 582).
C5-0104	2693	H	Every artifact carries the .c-only macro <prefix>_VALID_LB, which the body of <prefix>_valid_upto reads.	MAPPED	627	valid-upto	<prefix>_VALID_LB is a .c-only macro read by the body (605-606, 1395-1396).
C5-0105	2694	H	A -e utf8 artifact carrying a ${name} variable has its <prefix>_var_valid re-spelled on the <prefix>_valid_upto entry (one validator).	INTERNAL	286	entry-inventory	var_valid's body calls valid_upto (one validator): internal; the helper's existence is now listed in §3's inventory note
C5-0106	2696	H	A -futf-check artifact under -e utf8 has one precheck line at each entry's caller-position site (section 3.1).	MAPPED	2814	utf-check	Every entry that takes a subject checks, at one site per body, beside the boundary guard (2734-2737).
C5-0107	2698	H	A -fstartpos-guard=align artifact under -e utf8 carries the alignment in place of the K50 refusal, and its <PREFIX>_STARTPOS_GUARD reads "align".	MAPPED	1855	stamp-startpos-guard	-fstartpos-guard=align: STARTPOS_GUARD "align", position moved at entry in place of refusal (1804, 2671-2683).
C5-0108	2700	H	PCREC_FORCE_UTF_CHECK is bit 39 and PCREC_FORCE_STARTPOS_ALIGN is bit 40.	MAPPED	1302	flags	Startpos guard bits 25 and 40 and -futf-check bit 39 (1264-1265). Probe: flags 549755813888 (bit 39), 1099511627776 (bit 40).
C5-0109	2701	H	PCREC_FORCE_UTF_CHECK and PCREC_FORCE_STARTPOS_ALIGN are CONTRACT bits: kept in rx_info.flags, masked only under byte.	MAPPED	1301	flags	Contract axes kept in flags, masked only under byte (1263-1266).
C5-0110	2702	H	Under byte, PCREC_FORCE_UTF_CHECK and PCREC_FORCE_STARTPOS_ALIGN are inert and a byte artifact is byte-identical under either.	MAPPED	1867	stamp-utf-check	"inert" under byte, byte-identical to one built without the flag (1816, 2680, 2744-2745). Probe: byte artifact identical with and without both flags.
C5-0111	2706	H	A VM hybrid whose prefilter answers for a LARGER language than the pattern's (a lookaround or atomic cut erased, or the [OPT-4] count collapse) retries after a failed attempt by either stepping or asking the prefilter again, chosen per CALL from the gaps the prefilter's own answers jump (tuning.md 2.35).	MAPPED	1830	stamp-vm-reseed	Over-approximating prefilter: retry steps or re-seeds per call (1779-1780, 1783-1786); causes and gap rule at tuning.md:3252-3262 (cited 1786).
C5-0112	2713	H	An exact-language hybrid and a clamped (MRL clamp) hybrid keep the non-adaptive retry.	MAPPED	1827	stamp-vm-reseed	"exact" and "clamped" rows keep the non-adaptive retry (1776-1777, 1786).
C5-0113	2716	H	Every hybrid artifact carries <PREFIX>_VM_RESEED naming the row that fired (section 6.3); a non-hybrid artifact has no such effect.	MAPPED	1819	stamp-vm-reseed	VM_RESEED on hybrids only, names the first-match row that fired (1433, 1768-1771).
C5-0114	2719	H	The adaptive retry runs a subset of the attempts the non-adaptive retry ran, so a call that gave up (PCREC_ERR_STEPS/_WORK) under a budget can now answer, and never the reverse.	MAPPED	1834	stamp-vm-reseed	An adaptive artifact runs a subset of the attempts, so can answer where the non-adaptive retry gave up on a budget, never the reverse (1783-1785).
C5-0115	2724	H	-fno-hyb-reseed (PCREC_NO_HYB_RESEED, bit 37) is masked out of rx_info.flags.	POINTED	1300	flags	Mask rule 1261-1269; tuning.md:3245-3249 (bit 37, MASKED). Probe: .flags = 0 under -fno-hyb-reseed.
C5-0116	2733	H	CHECK: A class with more than one member, some member of which encodes deeper than one code unit (-e utf8: \p{L}, [^a], ., [e-u with diaeresis range]), is tested by a VM program as <prefix>_decode followed by <prefix>_wcls<N>.	MAPPED	2140	stamp-vm-cls-kit	Wide class (more than one member, some member deeper than one code unit) tested as <prefix>_decode plus one matcher (2088-2091).
C5-0117	2737	H	<prefix>_wcls<N> is a static inline function whose form the --tune class table picks (section 5.4's lambda row).	POINTED	2145	stamp-vm-cls-kit	2088-2093 cite tuning.md 2.33; tuning.md:3125-3129 says wcls<N> is static inline and its form is chosen by the --tune class table. Probe: static inline int rx_wcls0.
C5-0118	2739	H	<prefix>_decode is a static inline encoding-seam entry, declared nowhere, emitted ahead of the program.	MAPPED	2145	stamp-vm-cls-kit	<prefix>_decode is a static inline encoding-seam helper declared nowhere (2093-2094). Probe: static inline rx_decode defined ahead of the program.
C5-0119	2740	H	The utf8 caseless span compare calls <prefix>_decode rather than carrying a private decoder.	INTERNAL	2145	stamp-vm-cls-kit	decode is stated as a static inline helper (§6.3.8 CLS_KIT); its use by the caseless compare is internal
C5-0120	2743	H	Every VM artifact carries a <PREFIX>_VM_CLS_KIT line (section 6.3).	MAPPED	1489	stamp-inventory	CLS_KIT on every VM artifact (1443, 2088).
C5-0121	2744	H	Wide classes that refused on the VM's code cap compile now: \P{Unknown} under --engine=vm (K55) and the K53 sets under --engine=vm.	ELSEWHERE			wide classes compile under --engine=vm: docs/spec/tuning.md:3139-3141, 3184-3190
C5-0122	2747	H	-fno-cls-kit (PCREC_NO_CLS_KIT, bit 36) is masked out of rx_info.flags.	POINTED	1300	flags	Mask rule 1261-1269; tuning.md:3113 (bit 36). Probe: .flags = 0 under -fno-cls-kit.
C5-0123	2748	H	-fno-cls-kit denies the whole kit, the shared atom table included.	MAPPED	2163	stamp-vm-cls-atoms	"-fno-cls-kit denies the atom table too" (2111).
C5-0124	2751	H	A VM program whose table-reading byte classes (no singleton, range or fold-pair compare covers them) number at least 11, and whose byte partition has at most 64 atoms, emits ONE static const unsigned char <prefix>_class_atoms[256].	MAPPED	2155	stamp-vm-cls-atoms	One shared static const unsigned char <prefix>_class_atoms[256], taken at 11 or more table-read byte classes and at most 64 atoms (2103-2109).
C5-0125	2753	H	For each such class the atom-table program emits one static inline matcher <prefix>_class_atom<N> (one load, one shift of a 64-bit immediate) in place of a <prefix>_class_bitmap<N>[32], and the program calls the matcher where it read the bitmap (tuning.md 2.34).	MAPPED	2157	stamp-vm-cls-atoms	One static inline matcher <prefix>_class_atom<N> per class, one load and one shift of a 64-bit immediate; else a 32-byte bitmap per class (2105-2111).
C5-0126	2757	H	Every VM artifact carries a <PREFIX>_VM_CLS_ATOMS line (section 6.3).	MAPPED	1490	stamp-inventory	CLS_ATOMS on every VM artifact (1444, 2102-2111).
C5-0127	2758	H	The atom table is selected after the entry rung, so the program length the rung's knee compares is unchanged.	MAPPED	2161	stamp-vm-cls-atoms	"it is selected after the entry rung" (2109-2110), so the rung's knee is unaffected.
C5-0128	2760	H	-fno-cls-pack (PCREC_NO_CLS_PACK, bit 38) is masked out of rx_info.flags and denies the atom row alone.	MAPPED	2163	stamp-vm-cls-atoms	0 under -fno-cls-pack; -fno-cls-kit also denies the table, so cls-pack denies the atom row alone (2111); masked by 1262.
C5-0129	2778	H	CHECK: Under an encoding restricting where a match may begin (utf8), a NULLABLE pattern's unanchored DFA scan (DFA artifact entry and VM hybrid's internal prefilter) seeks search_from past leading continuation bytes at offset 0.	MAPPED	2769	offset-zero	On a subject beginning with continuation bytes the search begins at the first non-continuation byte (2689-2692); nullable examples at 2693-2694.
C5-0130	2781	H	CHECK: Under utf8 a NULLABLE pattern's ENG_ATTEMPT start loop skips offset 0 and the VM seeks its first attempt_position.	MAPPED	2769	offset-zero	Same rule (2689-2692) plus 2769-2771: a search's first attempt at offset 0 follows 9.3. The per-body emission sites are internal.
C5-0131	2783	H	CHECK: Under utf8 the anchored match-here bodies of a NULLABLE pattern answer -1 at a non-boundary offset 0 (section 3.1's two bullets).	MAPPED	2783	offset-zero	Anchored entries answer -1 at ctx->pos == 0 on such a subject (2703-2708, 647-648).
C5-0132	2784	H	A non-nullable pattern gains none of the offset-0 start rule, since a match that consumes a byte already begins on a character start ([K50-NULLGATE]).	INTERNAL	56	per-artifact-symbols	start-gate emission is internal (answers are §9.3's on every pattern)
C5-0133	2787	H	The DFA's "unwrapped" <prefix>_match (section 3.2) carries the [K50] caller-startpos guard and refuses a mid-character ctx->pos.	MAPPED	2735	startpos	Anchored entries carry the same guard against ctx->pos (2655-2657; 641-645).
C5-0134	2794	H	Answers move only on subjects that begin with a continuation byte (to libpcre2's) and on mid-character ctx->pos at the unwrapped DFA _match (to the refusal).	HISTORY			Describes which answers moved at that bump (past-state diff), not current behaviour.
C5-0135	2799	H	CHECK: A lookaround whose body's language is a set of single byte-expressible characters ((?<=\$), (?!y), (?=[ab]), non-atomic and alpha spellings) is lowered to the same context node \b/\B build (tuning.md 2.32, T3).	ELSEWHERE			context-node lowering: docs/spec/tuning.md §2.32 (3055-3100)
C5-0136	2804	H	CHECK: A context node is carried by the DFA on its class axis and tested by the VM as one guarded byte read, so a pattern whose only DFA-excluding construct was such a lookaround gets a DFA artifact.	ELSEWHERE			context node on DFA class axis: docs/spec/tuning.md:3079-3086
C5-0137	2808	H	UCP \b/\B under -e byte compile (the Latin-1 word set is byte-expressible).	ELSEWHERE			UCP \b/\B under -e byte compile: docs/spec/tuning.md §2.32 / docs/spec/cli.md --ucp (verified by probe in mapping)
C5-0138	2811	H	-fno-ctx-node (PCREC_NO_CTX_NODE, bit 35) is masked out of rx_info.flags.	POINTED	1300	flags	Mask rule 1261-1269; tuning.md:3055-3062 (bit 35, masked). Probe: .flags = 0 under -fno-ctx-node.
C5-0139	2821	H	CHECK: Under --features all every module's name joins PCREC_FEATURE_MODULES, emitted scaffolding regardless of whether the caller asked for the module; module ucp is (*UCP), --ucp, flags u.	MAPPED	2359	stamp-feature-set	added
C5-0140	2825	H	CHECK: Stamps keep the requested feature set.	MAPPED	2357	stamp-feature-set	Stamps carry the feature set the artifact was built with (2304-2306; 64-70).
C5-0141	2846	H	CHECK: The necessary run's scan-member pick (pcrec_find_run_scan_index, src/core/findings.c) orders candidates [n-1, n-2, ..., 0] so a data tie goes to the run's positional rightmost tied member, matching the reader's NONE answer.	POINTED	1936	stamp-req-run	Rightmost positional tie for the run scan member: tuning.md:2683-2686 (cited via 1884) and findings.md:128.
C5-0142	2864	H	CHECK: pcrec_find_run_window_start (the window MASS rule) ties leftmost, matching its own NONE.	POINTED	1936	stamp-req-run	Window MASS ties leftmost: tuning.md:2705-2708 and findings.md:129 (1884 cites 2.28).
C5-0143	2868	H	CHECK: <PREFIX>_REQ_RUN's @idx and on some artifacts its window offset move with the pick (the truncation window is re-derived around the pick's member).	HISTORY			Describes how the stamp moved at that bump; the current rule (window contains the pick, tuning.md:2705-2708) is covered by 0142.
C5-0144	2872	H	Choosing which necessary run/set member is scanned moves only a speed, never an answer, since every byte of a necessary run or set is necessary.	MAPPED	1873	stamp-prechecks	None of the six stamps changes an answer (1822-1824); every value is a member of the necessary set (1858-1859).
C5-0145	2882	H	CHECK: pcrec_lit_run (src/core/cpset.c) requires a run of THREE or more consecutive one-byte literals; a two-byte pair falls through to the per-element byte chain; no deny flag.	MAPPED	2128	stamp-vm-lit-runs	Run of three or more one-byte literals; "a two-byte run stays a two-node byte chain" (2076-2078). Floor is not a flag: src/core/cpset.c:475-480.
C5-0146	2886	H	CHECK: pcrec_lit_run is the one node-grain fact the VM's chain emission, cost walk and slot walk all share.	INTERNAL	56	per-artifact-symbols	compiler-internal predicate (pcrec_lit_run)
C5-0147	2889	H	CHECK: <PREFIX>_VM_LIT_RUNS counts the run compares written, and a VM artifact whose only lit-run sites were two-byte runs loses that count.	MAPPED	2128	stamp-vm-lit-runs	LIT_RUNS counts the run compares written; two-byte runs are not counted (2076-2081).
C5-0148	2894	H	No answer and no give-up moves with the literal-run compare: it accepts exactly the bytes the chain accepted, and step, work and node budgets charge what the chain charged (limits.md 3.1).	POINTED	2133	stamp-vm-lit-runs	2081 cites tuning.md 2.31/2.38; tuning.md:3050-3052 states no answer or give-up moves and budgets charge what the chain charged (limits.md 3.1).
C5-0149	2898	H	The island's single-child trie chain is a different mechanism sharing only the P4 primitive, and is not subject to the three-byte floor.	POINTED	2133	stamp-vm-lit-runs	New 2077-2078 only says the island chain counts; tuning.md:3010-3012 (cited at 2081) says it is a different mechanism not under the floor.
C5-0150	2903	H	A subroutine call is nullable iff its callee's minimum width is 0 (u.call.minw's least fixpoint, published by the call graph before the pattern-facts E1 seal).	INTERNAL	56	per-artifact-symbols	compiler-internal analysis (call nullability fixpoint); no answer depends on it
C5-0151	2906	H	A quantifier over a non-nullable callee (e.g. (a|(?1))*?b) carries no empty-iteration guard; its slot legend and <PREFIX>_NSLOTS have no <PREFIX>_SLOT_EMPTY_GUARD<n> entry.	INTERNAL	56	per-artifact-symbols	slot legend / <PREFIX>_SLOT_* are internal (§6.3.1)
C5-0152	2913	H	A callee that is nullable, directly or through another call, keeps its empty-iteration guard.	INTERNAL	56	per-artifact-symbols	as C5-0151
C5-0153	2914	H	The E1 nullable fact (--emit-facts) is unaffected by the least-fixpoint rule for call nullability.	ELSEWHERE			E1 nullable fact: docs/spec/facts_listing.md (the --emit-facts contract)
C5-0154	2924	H	CHECK: In a VM program, three or more (originally two or more) consecutive one-byte literals on one concatenation are consumed under ONE label by one bounds check and one constant-length compare: if (scan_position + L <= subject_length && !memcmp(subject + scan_position, "<run>", L)).	MAPPED	2128	stamp-vm-lit-runs	Three or more consecutive literals consumed by one bounds check and one run compare (2076-2081); the 2-or-more wording is stale. Probe: LIT_RUNS 1 on (x)abcdefg.
C5-0155	2928	H	An alternation island's single-child trie chain is the same run compare at its node's depth (tuning.md 2.31).	MAPPED	2129	stamp-vm-lit-runs	An alternation island's single-child trie chain is the same run compare (2077-2078).
C5-0156	2930	H	The artifact gains #include <string.h> where nothing else in it needed one.	INTERNAL	56	per-artifact-symbols	the artifact's own #include set is internal
C5-0157	2931	H	EVERY VM artifact (a hybrid included) carries <PREFIX>_VM_LIT_RUNS, the count of run compares written (section 6.3).	MAPPED	1488	stamp-inventory	LIT_RUNS on every VM artifact, hybrids included (1442, 2076; scope vm = 1401-1404).
C5-0158	2933	H	-fno-lit-run (PCREC_NO_LIT_RUN, bit 33) is masked out of rx_info.flags.	POINTED	1300	flags	Mask rule 1261-1269; 2081 says LIT_RUNS is 0 under -fno-lit-run. Probe: .flags = 0 under it.
C5-0159	2948	H	The --emit-ir listing has a compare op (ir_listing.md).	ELSEWHERE			--emit-ir compare op: docs/spec/ir_listing.md:176
C5-0160	2953	H	Every artifact of both engines carries <PREFIX>_FINDINGS (section 6), written beside the rx_info definition.	MAPPED	2333	stamp-findings	FINDINGS on every artifact, written beside the rx_info definition (2190-2194, 2280-2298).
C5-0161	2955	H	rx_info has an APPENDED member findings (section 6) with its initializer line.	MAPPED	1201	rx-info-fields	rx_info field 28 findings (1165); new members are appended (1302-1303).
C5-0162	2958	H	The byte-frequency prior (necessary-byte pick, run scan member and window, G1's density rule, offset-k selection) is DATA from src/findings/default.rxt (docs/spec/findings.md); the shipped default normalizes to the old table exactly.	POINTED	1906	stamp-req-byte	Byte-rate prior is data: 1853-1855 cite findings.md; findings.md:127-133 list the consumers and findings.md:171 the shipped default.rxt. "Normalizes to the old table" is history.
C5-0163	2964	H	CHECK: The offset-k selection's rate read takes the encoding gate the data declares, so under -e utf8 (where the default declares nothing) it ranks offset sets by CARDINALITY, MASS's NONE answer.	ELSEWHERE			offset-k rate read: docs/spec/findings.md:123,133
C5-0164	2971	H	The rate chooses cost only: every set the offset-k selection ranks is necessary (findings design 6.2a).	MAPPED	1436	stamp-scoping	Stamps report cost, size or shape, never answers (1390-1392); findings.md:133 notes every tested offset set is necessary.
C5-0165	2976	H	PCREC_NO_VM_ANCHOR_BOUND, PCREC_NO_END_WINDOW and PCREC_NO_REQ_BYTE (bits 28-30) are masked out of rx_info.flags.	POINTED	1300	flags	Mask rule 1261-1269 (bits 28-30). Probe: .flags = 0 under -fno-vm-anchor-bound, -fno-end-window, -fno-req-byte.
C5-0166	2983	H	rx_info.flags records the request with testing/tuning denials masked OUT, because an axis that changes no answer must not make two identically-behaving artifacts differ in their reflection surface.	MAPPED	1295	flags	flags records the request with answer-preserving denials masked so identical artifacts do not differ in reflection (1257-1262).
C5-0167	3006	H	CHECK: The necessary RUN's scan member (rn_scan_index in src/opt/reqbyte.c) is the RIGHTMOST member under every encoding whose byte-frequency prior is not keyed to (all but byte), matching rb_pick's !bytekey fallback.	POINTED	1936	stamp-req-run	Tuning.md:2683-2686 says the run scan member ties to the rightmost (PICK's NONE answer). Probe: -e utf8 '[a-z]+@example' scans idx 7, the rightmost. For masked runs NONE prefers an exact position first (findings.md:121).
C5-0168	3030	H	byte-encoding artifacts are untouched by the !bytekey rightmost rule: !bytekey gates the whole candidate difference.	HISTORY			Assurance about which artifacts moved at abi 38 (byte untouched by construction).
C5-0169	3038	H	CHECK: The run pre-check's scan loop (and K66's whole-run loop where the route emits one) is a file-scope static inline size_t <prefix>_reqrun / <prefix>_reqrun_whole(subject, n, pos) written by the SAME emitter as the <prefix>_ofsskip prefilter block.	INTERNAL	56	per-artifact-symbols	internal helpers <prefix>_reqrun/_reqrun_whole; true by probe
C5-0170	3043	H	<prefix>_reqrun returns the first position at which the run begins inside [pos, n), or n.	MAPPED	1975	stamp-req-handoff	Pre-check search block returns the least position where the run window occurs, or n (1923-1925).
C5-0171	3045	H	CHECK: The search entry's pre-check is one line per block: if (<prefix>_reqrun(subject, subject_length, search_from) >= subject_length) return 0;.	INTERNAL	56	per-artifact-symbols	internal emitted pre-check line
C5-0172	3047	H	The block's loop guard pos + L-1 < n is false on an empty window, so its memchr is never reached there (K27's memchr(NULL, c, 0) obligation is discharged by the guard).	INTERNAL	56	per-artifact-symbols	internal loop guard (K27 obligation): docs/spec/tuning.md:3497-3500
C5-0173	3049	H	The <prefix>_reqrun and <prefix>_reqrun_whole helpers are static and declared nowhere.	INTERNAL	56	per-artifact-symbols	internal static helpers
C5-0174	3059	H	-fno-req-run restores the one-byte check; -fno-req-byte removes the whole pre-check mechanism.	POINTED	1936	stamp-req-run	tuning.md:2712-2716 (2.28, cited at 1884): denying -fno-req-byte denies the run check; -fno-req-run alone leaves the one-byte check. 1898 covers REQ_WHY "none" under -fno-req-byte.
C5-0175	3064	H	CHECK: G1 reads the scan byte of every <prefix>_ofsskip prefilter, not only memchr forms, and elides a RUN pre-check where the prefilter's test verifies the whole run at its pin (tuning.md 2.29).	MAPPED	1952	stamp-req-why	"dominated": the artifact's own candidate-start memchr (or run-pinned test) already scans a byte at least as rare (1900); run-pinned elision at 1588.
C5-0176	3068	H	RX_DFA_PREFILTER has the values "run-pinned" and "run-pinned-bounded" (section 6.3); rx_info.prefilter mirrors them.	MAPPED	1635	stamp-dfa-prefilter	run-pinned and run-pinned-bounded values (1588-1589); rx_info.prefilter mirrors them (1158).
C5-0177	3070	H	CHECK: The run-pinned rows are selected ahead of every other form where the run sits at a fixed offset from every match's start and the scan already runs on its scan member there; the offset-skip block compares the whole run as one constant-length memcmp and its OFFSETS may start 0*.	MAPPED	1635	stamp-dfa-prefilter	Run at a fixed offset, scan already on the scan member, whole run verified as one compare, offsets listing may start 0* (1588, 1607-1611). "Ahead of every other form" is tuning.md:3693-3698.
C5-0178	3073	H	Axis bit 32 is PCREC_NO_RUN_PREFILTER / -fno-run-prefilter (tuning.md 2.30), masked out of rx_info.flags.	POINTED	1635	stamp-dfa-prefilter	1588 "Removed by -fno-run-prefilter or -fno-offset-skip"; bit 32 and masking via 1262 and tuning.md:2948-2949, 2975-2979.
C5-0179	3074	H	-fno-offset-skip removes the run-pinned prefilter rows too.	MAPPED	1635	stamp-dfa-prefilter	"Removed by -fno-run-prefilter or -fno-offset-skip" (1588).
C5-0180	3080	H	CHECK: -fno-run-prefilter restores the pre-S1 artifact on every run-row artifact; the admission elisions have no axis.	POINTED	1940	stamp-req-why	Admission elisions carry no axis: tuning.md:2785-2786, 2975-2977 (cited via 1888 for the REQ_WHY tokens); 1588 states what -fno-run-prefilter removes.
C5-0181	3086	H	PCREC_MAX_REQ_RUN_EMIT is 8: a necessary run longer than it is truncated to the window the frequency prior picks.	POINTED	1936	stamp-req-run	Not stated in match_api.md; tuning.md:2705-2711 (cited via 1884): runs over PCREC_MAX_REQ_RUN_EMIT (8) are truncated to the prior-chosen window.
C5-0182	3090	H	On a VM artifact with <PREFIX>_VM_PREFILTER "none" the pre-check is the call's only linear NO-MATCH PROOF.	ELSEWHERE			only linear no-match proof on a no-prefilter VM: docs/spec/tuning.md:2839-2841
C5-0183	3094	H	CHECK: A VM artifact with VM_PREFILTER "none" and a run longer than its window follows the window's scan loop with a second scan loop of the same shape comparing the WHOLE run (emit_req_run_rest, src/gen/emit_dfa.c; ReqRun.whole/whole_len/at).	ELSEWHERE			whole-run compare: docs/spec/tuning.md:2855-2868 (the old text's function names are stale)
C5-0184	3099	H	K65's rq_set[] block drops every byte of the whole run; <PREFIX>_REQ_RUN still names the window.	ELSEWHERE			docs/spec/tuning.md:2869-2873 (rq_set[] no longer exists as such; old text stale)
C5-0185	3108	H	CHECK: -fno-req-run and -fno-req-byte still remove the whole-run compare.	POINTED	1936	stamp-req-run	tuning.md:2712-2716 (denying -fno-req-byte denies the run check) and 2865-2880; 1898 shows -fno-req-byte gives REQ_WHY "none".
C5-0186	3112	H	On a VM artifact with <PREFIX>_VM_PREFILTER "none" (backreference- or linked-call-bearing patterns on the auto route, and --engine=vm builds without -fprefilter) the necessary-byte pre-check is the call's only linear NO-MATCH proof.	ELSEWHERE			as C5-0182
C5-0187	3122	H	CHECK: After the byte check or the run check such an artifact emits one block: a static const unsigned char rq_set[] of every necessary byte the first half did not test, and a loop memchr-ing each; any absent member answers NOMATCH (emit_req_set_rest, src/gen/emit_dfa.c; Job.req_set).	ELSEWHERE			docs/spec/tuning.md:2869-2873; old shape (rq_set[] array) is STALE: probe shows inline !memchr tests
C5-0188	3135	H	-fno-req-byte removes the whole necessary-set mechanism (tuning.md 2.29).	MAPPED	1950	stamp-req-why	REQ_WHY "none" when nothing is necessary, incl. -fno-req-byte (1898, 1861-1862); tuning.md 2.27 for the axis.
C5-0189	3142	H	CHECK: req_route_one_attempt (src/gen/emit_dfa.c) declines the pre-check on a one-attempt route only if that attempt is LINEAR: an EXACT-language hybrid DFA in front, or a frameless VM program (Job.vm_frameless, published by vm_plan_entry).	POINTED	1940	stamp-req-why	1899 states the one-attempt decline; the linearity conjunct (exact-language hybrid or frameless VM program) is tuning.md:2822-2835 (2.29, cited at 1888).
C5-0190	3150	H	A count-collapsed superset hybrid is not a no-match proof; an exact match is.	POINTED	1940	stamp-req-why	tuning.md:2826-2828 (a count-collapsed superset is not the no-match proof); 1764-1765 note a superset cannot bound the match end.
C5-0191	3169	H	-fno-req-byte removes the pre-check mechanism on both routes.	MAPPED	1950	stamp-req-why	-fno-req-byte -> REQ_WHY "none" on both routes (1898, 1861-1862).
C5-0192	3174	H	Module vars gives a pattern ${name}, whose bytes the CALLER supplies per call.	MAPPED	233	abi-types	Module vars: rx_ctx.vars/nvars carry the caller's variable values by name (230-232; vars.md).
C5-0193	3178	H	A fixed-literal ABI type rx_var {name, p, len} is in the shared PCREC_RX_ABI_H block of every artifact of both engines.	MAPPED	79	abi-block	rx_var in the shared ABI block, listed first (76, 133-139).
C5-0194	3179	H	rx_ctx has two APPENDED fields: const rx_var *vars; size_t nvars;.	MAPPED	152	abi-types	rx_ctx.vars and nvars shown as the last two fields (149-151).
C5-0195	3181	H	rx_matchfn's signature is untouched by variables: a var-bearing artifact's <prefix>_match is still an rx_matchfn byte for byte.	MAPPED	233	abi-types	Variables ride rx_ctx, "what keeps a var-bearing artifact's <prefix>_match an rx_matchfn" (230-232, 281-283).
C5-0196	3182	H	#define PCREC_ERR_UNSET_VAR (-8) is the THIRD below-the-floor code, with PCREC_ERR_STARTPOS's shape: a caller REFUSAL, nothing attempted, caps untouched.	MAPPED	178	abi-types	PCREC_ERR_UNSET_VAR (-8): below the floor, a refusal, caps untouched (175, 788, 839-841).
C5-0197	3185	H	rx_info has two APPENDED members: const char *const *vars; int nvars; (the variable-NAME table, on rx_info.groups' model).	MAPPED	1199	rx-info-fields	rx_info members vars (name table) and nvars (1163-1164).
C5-0198	3190	H	A var-bearing artifact carries <PREFIX>_NVARS and one internal <PREFIX>_VAR_<NAME> index macro per name.	MAPPED	123	artifact-forms	NVARS and VAR_<NAME> index macros on var-bearing artifacts (120-121, 1457).
C5-0199	3192	H	The <PREFIX>_VAR_<NAME> macro is the ARTIFACT's own index into its names table, never something a caller writes: variables are passed BY NAME, because an index is meaningless across separately compiled artifacts.	POINTED	233	abi-types	230-232 and 1457 point to vars.md; vars.md:69-77 states variables are passed BY NAME because an index is meaningful only inside one artifact.
C5-0200	3194	H	A var-bearing artifact carries a <prefix>_var_names[] table that rx_info.vars points at.	MAPPED	1199	rx-info-fields	rx_info.vars is the variable-NAME table (1163). The <prefix>_var_names[] symbol name is an internal emitted array, not named.
C5-0201	3195	H	A var-bearing artifact carries a <prefix>_vars_resolve static that scans the caller's array ONCE PER CALL and evaluates each distinct expansion.	POINTED	233	abi-types	vars.md:76-77 (artifact resolves its mentioned names against the caller's array once per call); <prefix>_vars_resolve is an internal static.
C5-0202	3196	H	There is no separate compare entry for variables: the encoding seam's pair $_span_match / $_span_match_caseless takes the reference side as a POINTER AND A LENGTH, so ONE pair serves a backreference (subject + start, end - start) and a variable (the caller's resolved value).	ELSEWHERE			docs/spec/vars.md:150-157
C5-0203	3201	H	Under a multi-byte encoding a fifth encoding-seam entry $_var_valid joins the span-match pair.	MAPPED	286	entry-inventory	added to §3's inventory note
C5-0204	3203	H	Every artifact carrying a backreference has its residual's NAME and signature in the generalised span-match form.	MAPPED	285	entry-inventory	added to §3's inventory note
C5-0205	3205	H	<prefix>_search and its _in siblings take a trailing const rx_var *vars, size_t nvars pair, because they are not rx_ctx-shaped and cannot read the ctx; the descriptor stays LAST (section 10.2).	MAPPED	292	entry-inventory	Trailing const rx_var *vars, size_t nvars pair on search and search_in, buffer descriptor stays last (279-283).
C5-0206	3211	H	docs/spec/vars.md is the module vars' own contract page.	MAPPED	233	abi-types	docs/spec/vars.md named as the module's contract at 231, 282, 317, 788, 841, 1163.
C5-0207	3215	H	Every artifact of both engines carries the shared-prologue stamp <PREFIX>_REQ_WHY, a closed four-token set: "emitted", "none", "one-attempt", "dominated".	MAPPED	1946	stamp-req-why	REQ_WHY on every artifact, closed four-token set (1419, 1886-1900).
C5-0208	3220	H	<PREFIX>_REQ_WHY says whether the artifact acted on what the necessary-byte/run analyses found and, if not, which of two measured declines applies.	MAPPED	1939	stamp-req-why	"whether the artifact acted on either fact, and why not" (1887-1888, 1894-1900).
C5-0209	3221	H	<PREFIX>_REQ_WHY is a SEPARATE stamp: the <PREFIX>_REQ_BYTE / <PREFIX>_REQ_RUN pair keeps naming what the ANALYSIS found, so neither value space carries decline information.	MAPPED	1954	stamp-req-why	REQ_BYTE/REQ_RUN keep naming the derived facts; REQ_WHY "none" iff both are "none" (1902-1906).
C5-0210	3227	H	CHECK: Rule G2 declines the whole-window pre-check where the search route tries ONE start position (DFA start_max rows reading the literal 0 or search_from; VM <PREFIX>_VM_START "anchored"/"gstart"), subject to the linearity conjunct (tuning.md 2.29).	POINTED	1940	stamp-req-why	1899 gives the one-attempt decline; the start_max/VM_START conditions and the linearity conjunct are tuning.md:2800-2835 (2.29, cited at 1888).
C5-0211	3230	H	CHECK: Rule G1 declines the pre-check where the artifact's own single-byte memchr prefilter already scans a byte at least as rare.	MAPPED	1952	stamp-req-why	"dominated": own candidate-start memchr already scans a byte at least as rare (1900).
C5-0212	3233	H	A declined pre-check is a check not run and could only have returned the answer the engine below it returns anyway; -fno-req-byte removes the whole mechanism.	MAPPED	1951	stamp-req-why	Declines say a whole-window pass in front only adds work (1899-1900); -fno-req-byte -> "none" (1898).
C5-0213	3242	H	Every artifact of both engines carries the shared-prologue stamp <PREFIX>_REQ_RUN.	MAPPED	1916	stamp-req-run	REQ_RUN on every artifact (1418, 1865-1884).
C5-0214	3243	H	<PREFIX>_REQ_RUN is the run's bytes as lowercase hex, then @, then the scanned member's index within them, or the token "none" at L < 2.	MAPPED	1928	stamp-req-run	Hex bytes, @, scanned member index; "none" at length below 2 (1877-1879).
C5-0215	3248	H	CHECK: Where the run analysis reaches, the pre-check is a scan loop: one memchr for the run's rarest member, one constant-length memcmp of the run at each hit, and a window guard of one or two conjuncts depending on whether the scanned member is the run's first byte.	POINTED	1936	stamp-req-run	1877-1879 name the memchr member; the memcmp per hit and the one-or-two-conjunct window guard are tuning.md 2.28 (cited 1884). Probe: while (pos + 3 < n) with memchr + memcmp.
C5-0216	3253	H	CHECK: Where a pattern has a necessary byte and no run, the pre-check is a three-line memchr check whose byte is chosen by [OPT-FREQPICK] as the necessary-set member a subject is least likely to contain, with PCRE2's rightmost rule as the tiebreak.	MAPPED	1902	stamp-req-byte	REQ_BYTE: least likely necessary-set member by the analysis's byte-rate, rightmost rule as tiebreak (1851-1855). Three-line shape not stated; probe shows it.
C5-0217	3260	H	-fno-req-run restores the byte-check text on the run population; -fno-req-byte removes the pre-check mechanism entirely (tuning.md 2.27-2.28).	POINTED	1936	stamp-req-run	Same as C5-0174: tuning.md:2712-2716; 1898 and 1861-1862 cover -fno-req-byte.
C5-0218	3262	H	The flags enum in lib/pcrec.h is spelled 1ull << N, because PCREC_NO_REQ_RUN is bit 31 and 1u << 32 is undefined behaviour.	HISTORY			Rationale in lib/pcrec.h:52-73 (now spelled PCREC_BIT(N) = 1ull << (n)); 2497 and 1139 state flags is uint64_t.
C5-0219	3265	H	pcrec_options.flags is uint64_t.	MAPPED	2552	options	pcrec_options.flags is uint64_t (2497; rx_info.flags uint64_t at 1139).
C5-0220	3270	H	Every artifact of both engines carries the shared-prologue stamps <PREFIX>_END_WINDOW and <PREFIX>_REQ_BYTE, each a string carrying a number or the token "none" (0 is a legal value of both facts).	MAPPED	1885	stamp-end-window	END_WINDOW and REQ_BYTE are strings with a "none" member because 0 is legal (1834, 1851).
C5-0221	3274	H	Every VM artifact carries <PREFIX>_VM_START.	MAPPED	2170	stamp-vm-start	VM_START on every VM artifact (1445, 2117-2135).
C5-0222	3276	H	CHECK: Where the analyses reach, a VM artifact has const size_t attempt_max = search_from; and its attempt loop's continue test reads it ([OPT-ANCHOR-VM]).	MAPPED	2183	stamp-vm-start	Either non-"unanchored" value means the emitted search loop stops after one attempt (2131-2132). attempt_max name is internal; probe: const size_t attempt_max = search_from;.
C5-0223	3278	H	CHECK: Where the end-window analysis reaches, both engines' search entries have a two-line clamp raising search_from to subject_length - W ([OPT-ENDWIN]).	MAPPED	1888	stamp-end-window	END_WINDOW value is the bound both search entries clamp to (1837). Probe: two-line clamp search_from = subject_length - 2ULL.
C5-0224	3279	H	CHECK: Where a necessary byte exists, both engines' search entries have a three-line memchr pre-check, and a VM artifact that had none gains #include <string.h> ([OPT-REQBYTE]).	MAPPED	1910	stamp-req-byte	A necessary byte makes a non-"none" artifact reject a whole subject in one pass (1859-1860). The #include <string.h> side effect is not stated.
C5-0225	3285	H	-fno-vm-anchor-bound, -fno-end-window and -fno-req-byte each restore the pre-mechanism text on their own population (tuning.md 2.25-2.27).	POINTED	1891	stamp-end-window	1840, 1854 and 2133 cite tuning.md 2.26, 2.27, 2.25; each states the denied artifact is the pre-mechanism one.
C5-0226	3288	H	The essential generated-by line names PCREC_VERSION and the abi on every artifact, whatever -fcomments says: /* Generated by pcrec <PCREC_VERSION> (abi <N>). Pattern: ... */.	MAPPED	1346	emitted-comments	Provenance line names PCREC_VERSION and abi on every artifact under every -fcomments setting (1308-1315).
C5-0227	3290	H	PCREC_VERSION (lib/pcrec.h) is a semver string independent of abi: it versions the tool, abi versions one artifact's emitted scaffolding.	MAPPED	1349	emitted-comments	PCREC_VERSION versions the tool independently of abi (1311-1313).
C5-0228	3293	H	pcrec --version prints the PCREC_VERSION string (docs/spec/cli.md).	ELSEWHERE			docs/spec/cli.md:45-54
C5-0229	3300	H	A default artifact carries no NON-ESSENTIAL comment lines; every comment line leaves every artifact of both engines except the generated-by/pattern-echo provenance line and the shared PCREC_RX_ABI_H type block's doc-comments (the ESSENTIAL class, D112).	MAPPED	1346	emitted-comments	Exactly two comment classes under every setting; everything else only under -fcomments (1308-1320).
C5-0230	3304	H	-fcomments restores the non-essential comments.	MAPPED	1355	emitted-comments	Non-essential comments emitted only under -fcomments (1317-1318).
C5-0231	3305	H	The comment axes' deny bits are masked out of rx_info.flags.	POINTED	1300	flags	Mask rule 1261-1269; tuning.md:2336. Probe: .flags = 0 under -fno-comments.
C5-0232	3308	H	The object file is byte-identical with and without comments, the comment-excluded source size is identical, and every emitted #define is identical, so no cap, refusal or answer moves with -fcomments.	MAPPED	1330	abi	-fcomments and -fno-comments differ in comment text only: object file, comment-excluded size and every #define identical (1292-1296).
C5-0233	3313	H	The essential generated-by line also carries the abi digit, e.g. /* Generated by pcrec (abi 27). Pattern: ... */ (since extended with PCREC_VERSION).	MAPPED	1348	emitted-comments	Provenance line carries the abi digit (1310). The "(abi 27)" example is stale (now abi 71 plus the version).
C5-0234	3319	H	Every artifact of both engines carries exactly one shared-prologue line #define <PREFIX>_TUNE "<token>", a closed five-token selection stamp.	MAPPED	2362	stamp-tune	TUNE is a closed five-token string stamp (2308-2311; 1412).
C5-0235	3322	H	At the default position balanced the --tune dial moves nothing but the <PREFIX>_TUNE stamp: its row in src/core/tune.c is all em-dash sentinels and its deny mask is empty.	MAPPED	2364	stamp-tune	"At the default balanced nothing else differs" (2310-2311). The tune.c sentinel-row mechanism is internal.
C5-0236	3327	H	At no --tune position does a struct offset, an rx_info member or an answer move: the dial's acceptance criterion.	MAPPED	2365	stamp-tune	added
C5-0237	3332	H	CHECK: Every scan-edge-bearing DFA machine (or VM-hybrid inlined prefilter), of either direction, has a trailing ; on its scan_views and scan_edge labels, closing a label-followed-by-declaration shape that clang rejects.	INTERNAL	56	per-artifact-symbols	internal label spelling; true by probe
C5-0238	3338	H	An artifact with no scan edge has no such label semicolons (and -fno-scan-edge excuses an artifact from every scan-edge bump).	HISTORY			Statement about which artifacts moved at that bump (and -fno-scan-edge excusing it); the standing fact (no scan edge, no such labels) is trivial.
C5-0239	3347	H	Every artifact of both engines carries #define PCREC_ERR_STARTPOS (-7) in the shared ABI block, section 4's second below-the-floor code.	MAPPED	177	abi-types	#define PCREC_ERR_STARTPOS (-7) in the shared block (174, 787).
C5-0240	3350	H	CHECK: Under utf8 the unanchored machine carries the boundary gate as a real automaton state and an ENG_ATTEMPT artifact's start loop has a boundary continue.	MAPPED	2849	engine-positions	Every engine-generated position (candidate starts, retries, first attempt at offset 0) is a character start (2769-2773). Gate-as-automaton-state and attempt-loop continue are internal.
C5-0241	3352	H	Every artifact's entries carry the caller-startpos guard documented in section 3.1.	MAPPED	2718	startpos	Under an encoding with multi-byte characters entries refuse a mid-character startpos (2638-2657); byte emits no guard (2620-2621, 1805). Probe: utf8 guards at search/match/match_caps; byte has none.
C5-0242	3355	H	-fno-startpos-guard restores only the CALLER-side semantics, not byte identity.	HISTORY			Comparison with pre-K50 artifacts. Current semantics of -fno-startpos-guard are at 2661-2667.
C5-0243	3359	H	CHECK: A two-member pool class that is an ASCII fold pair (differing only in bit 0x20, both letters) tests in the VM as (byte | 0x20) == lower and its 32-byte class_bitmap table is not emitted.	MAPPED	2115	stamp-vm-cls-folds	ASCII-fold class tested (byte | 0x20) == lower with no 32-byte bitmap emitted (2063-2067).
C5-0244	3362	H	Every VM artifact carries a <PREFIX>_VM_CLS_FOLDS line whatever its value (section 6.3).	MAPPED	2114	stamp-vm-cls-folds	VM_CLS_FOLDS on every VM artifact (1441, 2062-2072).
C5-0245	3367	H	-fno-cls-fold sweeps the ASCII-fold class test axis (tuning.md 2.22).	POINTED	2116	stamp-vm-cls-folds	2064 cites tuning.md 2.22 (tuning.md:2112, -fno-cls-fold bit 24). The flag spelling is not in match_api.md.
C5-0246	3369	H	Every VM artifact carries two stamps <PREFIX>_VM_ENTRY_SHAPE and <PREFIX>_VM_PROGRAM_BYTES.	MAPPED	2072	stamp-vm-entry-shape	ENTRY_SHAPE and PROGRAM_BYTES on every VM artifact (1439, 2019-2046).
C5-0247	3372	H	<PREFIX>_VM_PROGRAM_BYTES deliberately costs the "framed artifacts are byte-identical" property (section 6.3).	HISTORY			About a past bump's effect on an old property ("framed artifacts byte-identical").
C5-0248	3375	H	CHECK: Scan-edge entry dispatch: the entry-seed check is generalised to is_stop && !is_dead, and precondition (8) requires the seed AND a prefilter reseed.	POINTED	1702	stamp-dfa-scan-edge	Entry dispatch (is_stop && !is_dead) and precondition (8): tuning.md:1546-1550, 1621. Probe: if (rx_.._is_stop(state) && !rx_.._is_dead(state)) goto ..scan_edge in tests/codegen/run_scan_edge_census.sh.
C5-0249	3378	H	On a COMPOSED artifact (pcrec --source) groups[] has rows the target pattern did not declare, each carrying a non-NULL ref naming the definition it came from.	MAPPED	1151	composition	ref non-NULL on every delivered row, naming the definition (1115-1118; 240-243).
C5-0250	3380	H	On a composed artifact the groups[] sort key has a leading SCOPE term, so nnames counts the caller-scope prefix while nentries counts the whole array.	MAPPED	1144	composition	nnames counts the caller-scope prefix, nentries the whole array, sort key leads with scope (1108-1118).
C5-0251	3382	H	On a composed artifact ngroups reads the primary pattern's own count.	MAPPED	1141	composition	ngroups is the target pattern's own count (1105-1107).
C5-0252	3383	H	On a composed artifact a delivering call site retains what its callee matched.	MAPPED	1123	composition	A delivering call's slots hold what the callee matched (1087-1095).
C5-0253	3384	H	Composition's effects are invisible on a non-composed compile (an artifact built without --source).	MAPPED	1095	composition	"A single-pattern artifact is unaffected by everything in this section" (1059-1060).
C5-0254	3390	H	CHECK: On any DFA machine carrying a SCAN EDGE the edge heads are renumbered to the machine's TOP rows, and the machine emits one extra accessor <prefix>_<m>_is_stop (folded to the constant 1 where every state is a head).	POINTED	1702	stamp-dfa-scan-edge	1654 cites tuning.md 2.18: heads renumbered to top rows, extra <prefix>_<m>_is_stop accessor (tuning.md:1592-1595, 1632). Probe: rx_reverse_is_stop returns s >= 3u.
C5-0255	3393	H	CHECK: In an edge-bearing DFA machine the loop's one per-iteration state test answers "dead OR a head", and the per-edge if (state == HEAD && ...) blocks live on an edge path reached only from that test.	POINTED	1702	stamp-dfa-scan-edge	Loop test widened to is_stop, edge blocks on an edge path: tuning.md:1592-1604. Probe: if (!rx_reverse_is_stop(reverse_state)) continue;.
C5-0256	3396	H	An artifact with no scan edge, including every -fno-scan-edge build, has no scan-edge accessor or renumbering.	MAPPED	1716	stamp-dfa-scan-edge	"none": no scan edge ... or a build under -fno-scan-edge (1668); no accessor/renumbering for them follows from tuning.md:1632 (cited 1654).
C5-0257	3397	H	CHECK: Scan-edge precondition (8) refuses a head that any SEED family names; such a machine's <PREFIX>_DFA_SCAN_EDGE reads "none".	POINTED	1702	stamp-dfa-scan-edge	Precondition (8) is tuning.md:1546-1550 and is NARROWED there (a seed-named head is refused only on a machine whose prefilter writes the state variable), so the old unconditional wording is stale.
C5-0258	3401	H	docs/spec/tuning.md section 2.18 is the contract for the scan edge.	MAPPED	1702	stamp-dfa-scan-edge	"tuning.md 2.18" cited as the scan-edge authority (1654, 1668-1673).
C5-0259	3405	H	CHECK: A flat alternation whose whole subtree matches a finite set of literal byte strings is lowered on the VM as a TRIE over the strings' bytes: a byte compare at a node with one child, a switch at a node with several, one try site per node where an alternative ends.	MAPPED	2101	stamp-vm-alt-islands	Flat alternation lowered as a trie dispatch over its literal alternatives (2049-2056); node structure (byte compare / switch / try site) is tuning.md 2.20, cited at 2052.
C5-0260	3409	H	Every VM artifact carries a <PREFIX>_VM_ALT_ISLANDS line whatever its value (section 6.3).	MAPPED	2101	stamp-vm-alt-islands	VM_ALT_ISLANDS on every VM artifact (1440, 2048-2060).
C5-0261	3413	H	An alternation island reaches the VM program region itself (stamps, entry chain, DFA tables and prefilters all sit above goto <prefix>_L0;).	HISTORY			Rationale for the identity gate's comparison (A) (a past-state claim about "the first bump").
C5-0262	3414	H	-fno-alt-island sweeps the alternation-island axis.	POINTED	2104	stamp-vm-alt-islands	2052 cites tuning.md 2.20 (tuning.md:1843, -fno-alt-island bit 23); the flag spelling is not in match_api.md.
C5-0263	3416	H	CHECK: tests/codegen/run_recursion_identity.sh comparison (A) excuses a moved VM region only where the artifact's own <PREFIX>_VM_ALT_ISLANDS reads > 0, and fails an artifact stamping one whose region did not move.	HISTORY			About a test script's excuse rule (check design), not artifact behaviour.
C5-0264	3425	H	On a FRAMELESS artifact (<PREFIX>_VM_FRAMELESS 1) the eight statics <prefix>_run_state_bind, _run_state_init, _reset_for_next_attempt, _match_anchored, _report_captures, <prefix>_search_run, <prefix>_match_run and <prefix>_match_caps_run carry static inline __attribute__((always_inline)).	SUPERSEDED	2061	stamp-vm-frameless	New 2009-2013: FRAMELESS 1 makes the eight statics ELIGIBLE; ENTRY_SHAPE says which carry it. Probe: frameless '(a|b)*?(?:c|d)+?e' with --vm-entry-shape=1/2 ("plain") has 0 always_inline; shapes 3/4 ("inline") have 8.
C5-0265	3429	H	A FRAMED artifact (<PREFIX>_VM_FRAMELESS 0) does not carry always_inline on those statics (gcc refuses always_inline on a function containing a computed goto, which a framed artifact has).	MAPPED	2063	stamp-vm-frameless	"0 means none does (a framed artifact is "plain" by construction: gcc refuses always_inline on a function containing a computed goto)" (2011-2013). Probe: framed artifact has 0.
C5-0266	3435	H	CHECK: On a frameless artifact <prefix>_search_run and <prefix>_match_anchored have no out-of-line copy left (nm lists neither).	INTERNAL	56	per-artifact-symbols	internal symbol inlining; true for "inline"/"forward" shapes only
C5-0267	3439	H	A DFA transition or accept table whose cells are ALL EQUAL is not emitted, and its accessor returns the constant.	MAPPED	1681	stamp-dfa-uniform-folds	All-equal DFA tables are not emitted and the accessor returns the constant (1634-1640).
C5-0268	3441	H	The all-equal-table fold affects <m>_next_state and <m>_is_accepting.	MAPPED	1685	stamp-dfa-uniform-folds	<m>_next_state and <m>_is_accepting are the foldable tables (1638-1640).
C5-0269	3442	H	The folded accessor loses only its table parameter, keeping the state and class parameters so that a call site's subject[pos++] is still evaluated.	MAPPED	1684	stamp-dfa-uniform-folds	Accessor keeps state and class parameters so subject[pos++] is still evaluated (1637-1639).
C5-0270	3443	H	<PREFIX>_DFA_UNIFORM_FOLDS counts what was folded and is the supported way to observe it.	MAPPED	1681	stamp-dfa-uniform-folds	DFA_UNIFORM_FOLDS counts the folded tables and is how a fold is observed (1634-1643).
C5-0271	3444	H	<PREFIX>_DFA_TABLE keeps naming the ENCODING that was SELECTED (the selection still fixes the folded constant's value); a "premultiplied" artifact reading 4 here carries no folded table at all.	MAPPED	1676	stamp-dfa-table	DFA_TABLE names the selection MADE; folded constant fixed by it (1629-1632).
C5-0272	3453	H	rx_info has an appended member search_form.	MAPPED	1198	rx-info-fields	rx_info field 25 search_form (1162).
C5-0273	3454	H	A <PREFIX>_DFA_START stamp is on every artifact containing a DFA scan.	MAPPED	1724	stamp-dfa-start	DFA_START on every artifact containing a DFA scan (1428, 1676-1678).
C5-0274	3455	H	CHECK: On every artifact whose forward machine's start state accepts unconditionally, the whole REVERSE machine (tables, accessor block, scan loop) is absent from <prefix>_search, and <PREFIX>_DFA_TABLE and <PREFIX>_DFA_SCAN_EDGE no longer fold a machine the artifact does not contain.	MAPPED	1736	stamp-dfa-start	"pinned": the artifact carries NO reverse machine (tables, accessors, loop) (1688); 1626 notes DFA_TABLE composes over the reverse machine unless pinned.
C5-0275	3457	H	<PREFIX>_VM_FRAMELESS is a stamp line on every VM artifact and every hybrid.	MAPPED	2057	stamp-vm-frameless	FRAMELESS on every VM artifact (1438, 2005-2008).
C5-0276	3462	H	rx_info has appended members name and nentries (two initializer lines on every artifact of both engines).	MAPPED	1196	rx-info-fields	rx_info fields name and nentries (1160-1161).
C5-0277	3466	H	CHECK: Every DFA and VM-hybrid artifact has the noclone attribute wrapped in an __has_attribute guard (three lines); gcc still emits the attribute.	INTERNAL	56	per-artifact-symbols	internal attribute guard; true by probe
C5-0278	3468	H	CHECK: A FRAMELESS VM artifact (no RX_PUSH and no RX_CALL site anywhere in the program, e.g. [a-z]{0,4096} --engine=vm) omits the fail label's pop-and-resume goto * dispatch.	MAPPED	2057	stamp-vm-frameless	FRAMELESS 1 iff no RX_PUSH site and no linked call, i.e. the fail label has no pop-and-resume goto * dispatch (2005-2008). Probe: '[a-z]{0,4096}' --engine=vm has 0 goto *.
C5-0279	3472	H	<PREFIX>_DFA_SCAN_EDGE (section 6.3) is on every artifact.	SUPERSEDED	1473	stamp-inventory	New 1427 scopes DFA_SCAN_EDGE to artifacts containing a DFA scan (DFA artifacts and hybrids). Probe: plain VM artifacts (VM_PREFILTER "none") carry no RX_DFA_SCAN_EDGE.
C5-0280	3474	H	CHECK: A DFA scan whose machine carries a counted class run has that run's states replaced by one in-loop scan block.	MAPPED	1699	stamp-dfa-scan-edge	Scan edge: a counted class run replaced by a bounded cursor loop and deleted from the transition table (1651-1654).
C5-0281	3477	H	<PREFIX>_VM_PREFILTER_LANG and <PREFIX>_VM_PREFILTER_LANG_WHY appear on every VM HYBRID and no other artifact kind.	MAPPED	1794	stamp-vm-prefilter-lang	LANG and LANG_WHY on exactly the artifacts with VM_PREFILTER "hybrid" (1744-1746).
C5-0282	3479	H	Four size stamps are on artifacts: <PREFIX>_UNROLL_K, _UNROLL_K_WHY, _MAX_EMIT_CODE_BYTES, _MAX_EMIT_BYTES.	MAPPED	2217	stamp-unroll-k	UNROLL_K, UNROLL_K_WHY, MAX_EMIT_CODE_BYTES, MAX_EMIT_BYTES (2164-2185; scopes vm/vm/vm/all at 1448-1450).
C5-0283	3481	H	CHECK: The anchored match-here form (ENG-ABS) is an emitted DFA form.	MAPPED	677	match-forms	The anchored match-here form ("unwrapped" third machine) is described and stamped (654-662, 1694-1710).
C5-0284	3481	H	CHECK: The offset-k candidate-start skip is an emitted DFA prefilter form.	MAPPED	1633	stamp-dfa-prefilter	Offset-k candidate-start skip is the "offset-set" prefilter (1586, 1597-1613).
C5-0285	3482	H	CHECK: A DFA scan's state is an opaque token with an accessor block, and the pre-multiplied DFA transition table is an emitted table encoding.	INTERNAL	56	per-artifact-symbols	DFA state token: internal (the premultiplied half is MAPPED at RX_DFA_TABLE)
C5-0286	3484	H	rx_info.abi is a layout version and nothing more before v1: callers must not build version negotiation on it until v1 declares what a bump means.	MAPPED	1338	abi	"Do not build version negotiation on abi until a v1 declaration" (1300-1301). "Layout version and nothing more" is superseded by 1279-1283.
C5-0287	3484	H	rx_info.abi is not yet a compatibility promise.	MAPPED	1335	abi	"no compatibility story ... pre-v1" (1297-1301; 27-34).
C5-0288	3486	H	CHECK: rx_info inserts four sizing fields after subject_ceiling (DD-14.FB, section 10.4).	MAPPED	1185	rx-info-fields	Fields 12-15 (resume_frames .. trail_frame_size) sit after subject_ceiling in the declaration-order table (1148-1152).
C5-0289	3490	H	CHECK: A DFA artifact carries three selection stamps (DD-13, section 6.3).	HISTORY			Past bump description (abi 4 added three DFA stamps); a DFA artifact today carries many more (1422-1429).
C5-0290	3491	H	abi is the version of the EMITTED SCAFFOLDING as a whole, not of struct rx_info alone (D76).	MAPPED	1317	abi	abi is the version of the emitted scaffolding as a whole (1279-1283).
C5-0291	3493	H	tests/codegen/run_recursion_identity.sh's whole-file comparison (B) is pinned to the last src-touching commit of the change that bumped abi; a bump is paired with a re-pin of it in the same change.	MAPPED	1326	abi	A bump is paired with a re-pin of the codegen identity gate, run_recursion_identity.sh comparison (B), in the same change (1285-1289).
C5-0292	3499	H	CHECK: The two-tier default entries are emitted only by the VM path.	MAPPED	2196	stamp-fast	Tier stamps (FAST_FRAMES/FAST_TRAIL) are VM-only; a DFA artifact has no tier (2144-2145, 2901-2905, 1447).
C5-0293	3503	H	CHECK: <PREFIX>_DFA_SCAN has the "empty" value, and every VM hybrid carries two _DFA_* lines (DD-13c).	MAPPED	1618	stamp-dfa-scan	DFA_SCAN has "empty" (1571); a VM artifact carries the DFA-scan stamps iff it is a hybrid (1371-1373). "Two _DFA_* lines" is stale: a hybrid now carries the full dfa-scan set.
C5-0294	3504	H	CHECK: rx_info members scan and prefilter are appended at the END of the struct, so no existing member's offset moves.	HISTORY			Describes how scan/prefilter were appended at a past bump; the standing rule that members are appended is at 1302-1303.
C5-0295	3509	H	CHECK: The DFA scan's state is an OPAQUE TOKEN: every DFA artifact and every VM hybrid carries at FILE SCOPE immediately above its search function one block per machine of the form typedef <int|unsigned> <prefix>_<forward|reverse>_state; followed by up to seven static inline accessors.	INTERNAL	55	per-artifact-symbols	internal accessor block (named in the internals clause)
C5-0296	3515	H	CHECK: The DFA-state accessors are _step, _is_dead, _accepts, _accepts_class, _row, _view_live and _view_take, and the scan loop is written against them.	INTERNAL	55	per-artifact-symbols	internal accessor set (now also _is_stop)
C5-0297	3520	H	Nothing a caller can call, link or read as a value changed with the opaque-state block: the four entry points, the three _in entries, struct rx_info and its fields, RX_NCAPS, the buffer surface and every <PREFIX>_* stamp and its value set are unchanged.	HISTORY			Past-bump assurance (nothing caller-visible moved).
C5-0298	3524	H	RX_DFA_TABLE and RX_DFA_PREFILTER are read directly off the emitter's chosen representation object, so a stamp cannot disagree with the loop it describes.	MAPPED	1433	stamp-scoping	"Each stamp is written from the same predicate or value the emitted code branches on" (1387-1389; 1215-1217).
C5-0299	3526	H	The DFA accessor names are prefix-derived like every other emitted identifier and are subject to section 1's prefix rules; they are NOT part of the frozen ABI block.	MAPPED	48	per-artifact-symbols	Every other emitted identifier is prefix-scoped (48-50); .c-internal names are not part of the contract (1393-1396).
C5-0300	3544	H	CHECK: A VM artifact whose program contains no RX_PUSH and no RX_CALL site omits the fail label's pop-and-resume goto * dispatch, since run->resume_depth can never leave 0 there.	MAPPED	2057	stamp-vm-frameless	No RX_PUSH and no linked call -> no pop-and-resume goto * dispatch (2005-2008). Probe: frameless artifacts contain no goto *.
C5-0301	3549	H	Every artifact that pushes at least one resume frame keeps the fail label's pop-and-resume dispatch.	MAPPED	2057	stamp-vm-frameless	FRAMELESS 0 otherwise (2005-2008): a pushing program keeps the dispatch (framed probe has goto *).
C6-0001	3646	N	An artifact carries compile-time macros so a caller can #if on a fact rather than read an rx_info field at run time (D46: every strategy selection point is observable).	MAPPED	1377	stamps	6.3 opening: stamps let a caller #if on a fact instead of reading a field; cites D46 observability
C6-0002	3652	N	The compile-time macro mirror of rx_info is PARTIAL: on a VM artifact six of rx_info's fifteen fields have a macro and nine do not.	SUPERSEDED	1172	rx-info-fields	rx_info now has 28 fields (probe initializer in a build of a(b|c)+d lists 28); table 1136-1165 gives each mirror; 1354 keeps the partial-mirror statement; old six-of-fifteen count is stale
C6-0003	3654	N	rx_info.ncaps is mirrored by the macro <PREFIX>_NCAPS.	MAPPED	1177	rx-info-fields	ncaps row: mirror <PREFIX>_NCAPS
C6-0004	3654	N	rx_info.engine is mirrored by <PREFIX>_ENGINE, as the string "vm" on a VM artifact.	MAPPED	1180	rx-info-fields	engine row: mirror <PREFIX>_ENGINE as a string; "vm" value at 1477
C6-0005	3655	N	rx_info.engine_why is mirrored by <PREFIX>_ENGINE_WHY.	MAPPED	1192	rx-info-fields	engine_why row: mirror <PREFIX>_ENGINE_WHY (also 1479-1483)
C6-0006	3656	N	rx_info.step_budget is mirrored by <PREFIX>_STEP_BUDGET.	MAPPED	1181	rx-info-fields	step_budget row mirror <PREFIX>_STEP_BUDGET (also 2138-2140)
C6-0007	3656	N	rx_info.work_budget is mirrored by <PREFIX>_WORK_BUDGET.	MAPPED	1182	rx-info-fields	work_budget row mirror <PREFIX>_WORK_BUDGET (also 2138-2140)
C6-0008	3657	N	rx_info.frame_capacity is mirrored by <PREFIX>_BT_FRAMES.	SUPERSEDED	1183	rx-info-fields	frame_capacity mirror is now <PREFIX>_RESUME_FRAMES; _BT_FRAMES was renamed (src/gen/CLAUDE.md:106); fresh VM artifact defines RX_RESUME_FRAMES and no RX_BT_FRAMES (probe)
C6-0009	3657	N	rx_info fields abi, flags, encoding, ngroups, nnames, subject_ceiling, pattern, pattern_len and groups have no compile-time macro.	MAPPED	1203	rx-info-fields	rx_info table shows no mirror for abi flags encoding ngroups nnames subject_ceiling pattern pattern_len groups; 1167 states every unmirrored field is run-time only
C6-0010	3659	N	rx_info.ngroups has no macro, so it is reachable only by reading <prefix>_info at run time (unlike ncaps, which has <PREFIX>_NCAPS).	MAPPED	1203	rx-info-fields	"Every field listed without a mirror is reachable only by reading <prefix>_info at run time - ngroups included"; ncaps mirror at 1141
C6-0011	3667	N	Selection facts (family (a): which engine, which candidate-start mechanism) are unconditional: present on every artifact pcrec emits, with an engine-appropriate value.	MAPPED	1400	stamp-scoping	family (a) selection facts stamped whether or not mechanism fired, on every artifact the mechanism can occur on; scope-by-mechanism refinement at 1365-1373
C6-0012	3669	N	The M2.1 self-loop skip is a scan-avoidance mechanism that is not yet stamped.	HISTORY			Roadmap remark dated 2026-08-25 ("DD-13's next candidate"), not a contract fact; for the record still true: no self-loop-skip stamp exists in emit_dfa.c or the new stamp inventory 1398-1457
C6-0013	3672	N	<PREFIX>_ENGINE is stamped on both artifact kinds, as "vm" or "dfa", from one emitter (pcrec_emit_engine_stamp) so the two spellings cannot drift.	MAPPED	1515	stamp-engine	<PREFIX>_ENGINE on every artifact, both kinds written by one emitter function so spellings cannot drift (function name pcrec_emit_engine_stamp, src/core/internal.h:6836, not named)
C6-0014	3674	N	The prefilter axis keeps engine-specific macro names because its value sets are different vocabularies: <PREFIX>_VM_PREFILTER is the VM's; <PREFIX>_DFA_PREFILTER and <PREFIX>_DFA_SCAN are the DFA scan's.	MAPPED	1770	stamp-vm-prefilter-group	new doc says _VM_PREFILTER is the VM question (1728) and _DFA_SCAN/_DFA_PREFILTER the DFA scan stamps (1562,1574); different value sets visible (1731 vs 1578); the explicit because-vocabularies rationale is not stated
C6-0015	3684	N	<PREFIX>_ENGINE is on every artifact pcrec emits, without exception.	MAPPED	1455	stamp-inventory	inventory scope "all" for <PREFIX>_ENGINE; 1469 "on every artifact"
C6-0016	3685	N	<PREFIX>_DFA_SCAN and <PREFIX>_DFA_PREFILTER are on every artifact that CONTAINS a DFA scan: every DFA artifact and every VM hybrid.	MAPPED	1412	stamp-scoping	scope "every artifact that CONTAINS a DFA scan (every DFA artifact and every VM hybrid)"; 1542 and inventory 1422-1423
C6-0017	3687	N	A VM hybrid (<PREFIX>_VM_PREFILTER "hybrid") inlines the DFA emitter's own forward+reverse or attempt scan as a static function with its own tables, its own D11 bound and its own candidate-start filter.	MAPPED	1413	stamp-scoping	hybrid inlines the DFA emitter's scan as static <prefix>_prefilter (also 1734); omitted detail: own tables, own D11 bound, forward+reverse-or-attempt form; own filter at 1205
C6-0018	3692	N	A non-hybrid VM artifact contains no DFA scan and carries neither <PREFIX>_DFA_SCAN nor <PREFIX>_DFA_PREFILTER.	MAPPED	1416	stamp-scoping	VM carries DFA-scan stamps iff hybrid; non-hybrid scan is NULL (1206) and VM_PREFILTER "none" (1735)
C6-0019	3693	N	IFF: a VM artifact carries the two _DFA_* macros (_DFA_SCAN, _DFA_PREFILTER) if and only if <PREFIX>_VM_PREFILTER is "hybrid".	MAPPED	1416	stamp-scoping	"carries the DFA-scan stamps IF AND ONLY IF it is a hybrid"; hybrid = VM_PREFILTER "hybrid" (1367-1368)
C6-0020	3696	N	tests/codegen/run_dfa_stamps.sh asserts the hybrid <=> _DFA_* IFF in both directions, using the emitted static <prefix>_prefilter body as the independent third term.	MAPPED	1418	stamp-scoping	run_dfa_stamps.sh asserts both directions with emitted <prefix>_prefilter body as independent third term
C6-0021	3699	N	<PREFIX>_VM_PREFILTER and <PREFIX>_DFA_PREFILTER are two different selections, not two spellings of one.	MAPPED	1770	stamp-vm-prefilter-group	"Three independent questions": _VM_PREFILTER, _DFA_PREFILTER, _VM_PREFILTER_LANG
C6-0022	3700	N	<PREFIX>_VM_PREFILTER says whether the VM runs a capture-erased DFA ahead of its program at all.	MAPPED	1770	stamp-vm-prefilter-group	first question: whether the VM runs a DFA ahead of its program; 1734 hybrid row
C6-0023	3701	N	<PREFIX>_DFA_PREFILTER says what candidate-start filter the DFA scan itself carries.	MAPPED	1771	stamp-vm-prefilter-group	second question: what candidate-start filter that DFA's own scan carries; 1574
C6-0024	3702	N	A hybrid artifact answers both _VM_PREFILTER and _DFA_PREFILTER, and the two answers are independent.	MAPPED	1770	stamp-vm-prefilter-group	hybrid answers both; independence stated as "independent questions"; example block 1554-1558 shows both on one artifact
C6-0025	3705	N	<PREFIX>_VM_PREFILTER_LANG is a third independent selection question beside _VM_PREFILTER and _DFA_PREFILTER, not a refinement of either: which LANGUAGE the prefilter DFA recognises.	MAPPED	1770	stamp-vm-prefilter-group	third independent question: which LANGUAGE the DFA recognises; 1744
C6-0026	3711	N	<PREFIX>_VM_PREFILTER_LANG has exactly two values, "exact" and "count-collapsed".	MAPPED	1800	stamp-vm-prefilter-lang	value-set table gives exactly "exact" and "count-collapsed"
C6-0027	3714	N	<PREFIX>_VM_PREFILTER_LANG "exact" means the count-collapse axis did not fire: the prefilter is not a count-collapsed superset (it may still over-approximate for another reason).	MAPPED	1803	stamp-vm-prefilter-lang	exact = count-collapse axis did not fire; may over-approximate otherwise: 1756-1760
C6-0028	3715	N	<PREFIX>_VM_PREFILTER_LANG "count-collapsed" means the prefilter recognises a count-collapsed superset: every A_REP with rmin > 1 or rmax > 1 is lowered as X{min(rmin,1),} so the machine does not scale with the count.	MAPPED	1804	stamp-vm-prefilter-lang	count-collapsed superset, every repeat rmin>1 or rmax>1 lowered as X{min(rmin,1),}
C6-0029	3717	N	<PREFIX>_VM_PREFILTER_LANG is present on every artifact whose VM prefilter decision came out "hybrid", i.e. exactly where <PREFIX>_VM_PREFILTER reads "hybrid".	MAPPED	1794	stamp-vm-prefilter-lang	"on exactly the artifacts whose _VM_PREFILTER reads hybrid"; inventory 1432
C6-0030	3720	N	<PREFIX>_VM_PREFILTER_LANG is on no DFA artifact at all, because a DFA artifact takes no VM prefilter decision.	MAPPED	1795	stamp-vm-prefilter-lang	"and no DFA artifact" asserted both ways by run_dfa_stamps.sh (1746); because-clause not stated
C6-0031	3721	N	The _VM_PREFILTER_LANG scope (hybrid only) is narrower than the _DFA_* family's scope (contains a DFA scan, which a plain DFA artifact also satisfies).	MAPPED	1478	stamp-inventory	inventory scope hybrid (1432) vs dfa-scan (1422-1427) and scope definitions 1401-1403
C6-0032	3723	N	tests/codegen/run_dfa_stamps.sh asserts the _VM_PREFILTER_LANG IFF in both directions.	MAPPED	1796	stamp-vm-prefilter-lang	run_dfa_stamps.sh asserts it both ways
C6-0033	3725	N	A prefilter is a filter and its contract is unchanged by the _VM_PREFILTER_LANG value: its rejection is sound and its span START is a lower bound the VM verifies from.	MAPPED	1813	stamp-vm-prefilter-lang	"A prefilter is a filter either way: rejection is sound and span start is a lower bound the VM verifies from"
C6-0034	3728	N	The artifact's answers are identical under _VM_PREFILTER_LANG "exact" and "count-collapsed" (the axis is answer-identity-preserving, D46).	MAPPED	1814	stamp-vm-prefilter-lang	"so the answers are identical (D46)"
C6-0035	3730	N	A count-collapsed superset cannot supply an upper bound on the match end, so a "count-collapsed" artifact always reads <PREFIX>_VM_PRUNE_CEILING "subject-end".	MAPPED	1815	stamp-vm-prefilter-lang	"A superset cannot bound the match END so a count-collapsed artifact always reads _VM_PRUNE_CEILING subject-end"
C6-0036	3732	N	The "count-collapsed" => "subject-end" consequence is the same one an atomic group or a lookaround already has.	SUPERSEDED	1816	stamp-vm-prefilter-lang	DOC DEFECT: old doc said an atomic group or a lookaround has the same "subject-end" consequence; probe: xy(a+)(?>b+)c hybrid reads "prefilter-window", xy(a)(?=b)bc reads "none". New doc states only the count-collapsed consequence
C6-0037	3733	N	<PREFIX>_VM_PREFILTER_LANG has no rx_info mirror, on <PREFIX>_DFA_TABLE's precedent; the trigger to add one is a named consumer, not symmetry (D77).	MAPPED	1798	stamp-vm-prefilter-lang	"No rx_info mirror"; general mirror-only-for-named-consumer rule D77 at 1355-1358
C6-0038	3737	N	<PREFIX>_VM_PREFILTER_LANG reports the count-collapse axis ONLY (D142).	MAPPED	1806	stamp-vm-prefilter-lang	"The stamp reports the count-collapse axis ONLY (D142)"
C6-0039	3738	N	<PREFIX>_VM_PREFILTER_LANG "exact" does NOT say the prefilter recognises the pattern's own language.	MAPPED	1806	stamp-vm-prefilter-lang	"exact does not say the prefilter recognises the pattern's own language"
C6-0040	3739	N	A lookbehind, lookahead, atomic group or \K is erased from the prefilter's machine, which then over-approximates while _VM_PREFILTER_LANG still reads "exact".	MAPPED	1807	stamp-vm-prefilter-lang	lookbehind lookahead atomic or \K erased from prefilter machine which over-approximates while stamp reads exact
C6-0041	3741	M	Measured on 76 lookbehind, 47 lookahead, 132 atomic and 53 \K hybrids (docs/design/pf_know.md section 2.2/8.4): the prefilter over-approximates while _VM_PREFILTER_LANG reads "exact".	MAPPED	1810	stamp-vm-prefilter-lang	added
C6-0042	3743	N	Whether a successful prefilter also proves the match END is read from <PREFIX>_VM_RESEED: its "exact" row is the one where the prefilter answers for the pattern's own language.	MAPPED	1810	stamp-vm-prefilter-lang	"Whether a successful prefilter also proves the match END is read from _VM_RESEED exact"; exact row 1776
C6-0043	3746	N	No stamp line is added to report whether the prefilter recognises the pattern's own language beyond _VM_RESEED.	MAPPED	1810	stamp-vm-prefilter-lang	stated as the single reading route (_VM_RESEED); no further stamp mentioned
C6-0044	3748	N	<PREFIX>_VM_RESEED reports what the hybrid's retry does after a failed attempt.	MAPPED	1819	stamp-vm-reseed	_VM_RESEED: what the hybrid's RETRY does after a failed attempt
C6-0045	3750	N	<PREFIX>_VM_RESEED has the same IFF as _VM_PREFILTER_LANG: present on every artifact whose _VM_PREFILTER reads "hybrid", and no other.	MAPPED	1820	stamp-vm-reseed	"same scope as _VM_PREFILTER_LANG"; inventory 1433 hybrid
C6-0046	3751	N	The <PREFIX>_VM_RESEED value is the name of the first-match row that fired; pcrec --list-axes prints the table under axis hyb-reseed.	MAPPED	1821	stamp-vm-reseed	value is the name of the first-match row that fired; pcrec --list-axes axis hyb-reseed
C6-0047	3756	N	<PREFIX>_VM_RESEED "exact": the prefilter answers for the pattern's own language, so a failed attempt cannot follow one of its answers; the retry is the one emitted before abi 49.	MAPPED	1827	stamp-vm-reseed	exact row: prefilter answers for own language; retry is the non-adaptive one (= pre-abi-49 retry)
C6-0048	3757	N	<PREFIX>_VM_RESEED "clamped": over-approximating prefilter on an artifact with an MRL clamp; the pre-abi-49 retry, which already re-seeds after every failed attempt.	MAPPED	1828	stamp-vm-reseed	clamped row: over-approximating prefilter with MRL clamp; retry re-seeds after every failed attempt
C6-0049	3758	N	<PREFIX>_VM_RESEED "anchored": over-approximating clamp-free prefilter on a start-anchored pattern (_VM_START not "unanchored"); the attempt loop stops after its first attempt, no retry runs, and the pre-abi-49 retry's text is emitted.	MAPPED	1829	stamp-vm-reseed	anchored row: attempt loop stops after first attempt so no retry runs; artifact equals -fno-hyb-reseed artifact byte for byte (equivalent to old pre-abi-49 retry text emitted)
C6-0050	3759	N	<PREFIX>_VM_RESEED "adaptive-dense": over-approximating clamp-free prefilter where the compile's byte-rate prior predicts dense candidates; the retry steps or re-seeds per call, starting in step mode.	MAPPED	1830	stamp-vm-reseed	adaptive-dense row, byte-rate prior predicts dense candidates, starts in step mode
C6-0051	3760	N	<PREFIX>_VM_RESEED "adaptive": over-approximating clamp-free prefilter; the retry steps or re-seeds per call, starting with a short step budget.	MAPPED	1831	stamp-vm-reseed	adaptive row, short step budget
C6-0052	3761	N	<PREFIX>_VM_RESEED "fixed": -fno-hyb-reseed on an over-approximating clamp-free prefilter; the pre-abi-49 retry.	MAPPED	1832	stamp-vm-reseed	fixed row: -fno-hyb-reseed, non-adaptive retry
C6-0053	3763	N	<PREFIX>_VM_RESEED is a selection fact emitted under _VM_PREFILTER_LANG's IFF rather than unconditionally.	MAPPED	1820	stamp-vm-reseed	same scope as _VM_PREFILTER_LANG (hybrid only), inventory 1433; not unconditional
C6-0054	3764	N	<PREFIX>_VM_RESEED has no rx_info mirror (D77).	MAPPED	1822	stamp-vm-reseed	"No rx_info mirror"
C6-0055	3765	N	<PREFIX>_VM_RESEED describes run time only: every value answers identically, except that an adaptive* artifact can answer where the pre-abi-49 retry gave up on a budget.	MAPPED	1834	stamp-vm-reseed	every value answers identically except adaptive* can answer where non-adaptive retry gave up on a budget
C6-0056	3769	N	<PREFIX>_STARTPOS_GUARD reports what the entries do with a caller's mid-character position.	MAPPED	1848	stamp-startpos-guard	_STARTPOS_GUARD: what the entries do with a caller's mid-character position
C6-0057	3771	N	<PREFIX>_STARTPOS_GUARD is unconditional: on every artifact of both engines, a family (a) selection fact riding the shared prologue, because the axis belongs to the entries.	MAPPED	1842	stamp-entry-contract	family (a) on every artifact of both engines, axis belongs to the entries; inventory 1414; shared-prologue placement not stated
C6-0058	3777	N	<PREFIX>_STARTPOS_GUARD "guarded": a startpos (or ctx->pos) > 0 inside a character is refused with PCREC_ERR_STARTPOS; the default under an encoding with multi-byte characters.	MAPPED	1854	stamp-startpos-guard	guarded row
C6-0059	3778	N	<PREFIX>_STARTPOS_GUARD "align": (-fstartpos-guard=align) such a position is moved forward to the next character start once at entry; an anchored entry answers -1.	MAPPED	1855	stamp-startpos-guard	align row, anchored entry answers -1
C6-0060	3779	N	<PREFIX>_STARTPOS_GUARD "permissive": the artifact answers at whatever position the caller named; arises from -fno-startpos-guard, or an encoding (byte) where every position is a character start.	MAPPED	1856	stamp-startpos-guard	permissive row
C6-0061	3781	N	<PREFIX>_UTF_CHECK reports whether the entries refuse an ill-formed subject.	MAPPED	1859	stamp-utf-check	_UTF_CHECK: whether entries refuse an ill-formed subject
C6-0062	3782	N	<PREFIX>_UTF_CHECK is unconditional, on every artifact, beside _STARTPOS_GUARD.	MAPPED	1842	stamp-entry-contract	section intro covers both stamps: family (a) on every artifact of both engines; inventory 1415 scope all
C6-0063	3787	N	<PREFIX>_UTF_CHECK "whole": (-futf-check) every entry that takes a subject refuses with PCREC_ERR_UTF when an ill-formed sequence begins in [startpos - LB, n).	MAPPED	1865	stamp-utf-check	whole row
C6-0064	3788	N	<PREFIX>_UTF_CHECK "off": the default; invalid-tolerant, an ill-formed sequence matches nothing and is not reported.	MAPPED	1866	stamp-utf-check	off row
C6-0065	3789	N	<PREFIX>_UTF_CHECK "inert": the encoding has no ill-formed byte strings (byte); no check exists whatever was asked.	MAPPED	1867	stamp-utf-check	inert row
C6-0066	3791	N	<PREFIX>_STARTPOS_GUARD and <PREFIX>_UTF_CHECK are each read off the same predicate the emitted entry text is, so a stamp and its body cannot disagree.	MAPPED	1843	stamp-entry-contract	"read off the predicate the emitted entry text is"
C6-0067	3793	N	Neither <PREFIX>_STARTPOS_GUARD nor <PREFIX>_UTF_CHECK has an rx_info mirror (D77).	MAPPED	1844	stamp-entry-contract	"have no rx_info mirror"
C6-0068	3793	N	rx_info.flags carries the two UTF-check/startpos-guard request bits, masked out where inert.	MAPPED	1844	stamp-entry-contract	"rx_info.flags carries the request bits, masked where inert"; also 1264-1266
C6-0069	3795	N	<PREFIX>_DFA_TABLE is a third _DFA_* macro, under the same IFF as _DFA_SCAN/_DFA_PREFILTER: present on every artifact that contains a DFA scan (every DFA artifact and every VM hybrid), and no other.	MAPPED	1471	stamp-inventory	inventory dfa-scan scope for _DFA_TABLE; 1542-1543
C6-0070	3797	N	<PREFIX>_DFA_TABLE names the encoding of the DFA scan's transition table.	MAPPED	1663	stamp-dfa-table	"the encoding of the scan's transition tables"
C6-0071	3803	N	<PREFIX>_DFA_TABLE "premultiplied": every numeric transition table in the artifact's DFA scan holds next_state * classes, so the emitted step is state = table[state + class].	MAPPED	1671	stamp-dfa-table	premultiplied row
C6-0072	3804	N	<PREFIX>_DFA_TABLE "indexed": every numeric transition table holds next_state and the step multiplies (the form emitted before OPT-3).	MAPPED	1672	stamp-dfa-table	indexed row
C6-0073	3805	N	<PREFIX>_DFA_TABLE "mixed": the machines the artifact contains took different forms; the choice is per machine, on that machine's own states * classes and seed table (a machine that can start dead for some context byte is indexed).	MAPPED	1673	stamp-dfa-table	mixed row incl. per-machine choice and start-dead indexed rule
C6-0074	3805	N	The machines considered by <PREFIX>_DFA_TABLE are the forward one, the reverse one unless the search is start-pinned, and the anchored one under <PREFIX>_DFA_MATCH "unwrapped".	MAPPED	1673	stamp-dfa-table	forward, reverse unless pinned, anchored under _DFA_MATCH unwrapped
C6-0075	3806	N	<PREFIX>_DFA_TABLE "none": the scan has no numeric transition table at all: _DFA_SCAN "attempt" (states are labels, a step is a computed goto) or _DFA_SCAN "empty".	MAPPED	1674	stamp-dfa-table	none row: attempt (labels, computed goto) or empty
C6-0076	3808	N	<PREFIX>_DFA_TABLE is a family (a) selection fact, read off the same predicate the emitted loop branches on.	MAPPED	1664	stamp-dfa-table	"A selection fact, read off the predicate the emitted loop branches on"
C6-0077	3811	N	<PREFIX>_DFA_TABLE names the selection that was MADE; after the uniform fold an artifact can carry that selection without carrying a table.	MAPPED	1676	stamp-dfa-table	"The value names the selection that was MADE. After the uniform fold an artifact can carry that selection without carrying a table"
C6-0078	3813	N	<PREFIX>_DFA_UNIFORM_FOLDS is where a consumer reads how many DFA tables are actually present.	MAPPED	1682	stamp-dfa-uniform-folds	_DFA_UNIFORM_FOLDS is the count of tables not emitted (so tables present = total minus count); owed because fold visible only as absence 1642
C6-0079	3815	N	<PREFIX>_DFA_TABLE does NOT fall to "none" when every table folds; the representation was still chosen.	MAPPED	1677	stamp-dfa-table	"the stamp does not fall to none, because the representation still fixes the folded constant"
C6-0080	3817	N	The representation fixes the folded constant's value: 65535 under "premultiplied", -1 under "indexed".	MAPPED	1679	stamp-dfa-table	65535 under premultiplied, -1 under indexed
C6-0081	3819	N	<PREFIX>_DFA_TABLE "none" means a scan with no numeric transition table by construction (_DFA_SCAN "attempt" or "empty"), not a fully folded scan.	MAPPED	1674	stamp-dfa-table	none = no numeric table by construction (attempt/empty); 1629-1632 separates it from fully folded
C6-0082	3822	N	<PREFIX>_DFA_TABLE has no rx_info mirror, deliberately.	MAPPED	1666	stamp-dfa-table	"No rx_info mirror"; inventory 1425
C6-0083	3823	N	Unlike scan and prefilter, whose rx_info mirrors tuning.md section 3.2 records, <PREFIX>_DFA_TABLE has no rx_info field.	MAPPED	1193	rx-info-fields	scan and prefilter rows have mirrors (1157-1158) while _DFA_TABLE inventory row 1425 mirror is "-"; tuning.md section 3.2 pointer not repeated
C6-0084	3824	N	Section 6.3's (a)/(b) split is a rule about macros and makes the macro owed; the rx_info struct fields are a separate layout decision.	MAPPED	1392	stamp-scoping	mirror is a separate matter gated on a named run-time consumer (D77) 1355-1358; selection-fact stamping rule 1359-1362; wording compressed
C6-0085	3829	N	Trigger: the first consumer that reads rx_info.scan or rx_info.prefilter at run time makes a table mirror owed too, as an append at the end of the struct that moves no existing offset.	MAPPED	1393	stamp-scoping	generalised: a mirror is added only when a named consumer reads the fact at run time, as a struct append moving no existing offset; old scan/prefilter-specific trigger not repeated
C6-0086	3834	N	There are three rx_info mirrors of a DFA selection stamp (scan, prefilter, match_form) plus search_form as the fourth field; table is not one of them.	MAPPED	1193	rx-info-fields	rx_info table: scan 1157 prefilter 1158 match_form 1159 search_form 1162; table has no mirror 1425
C6-0087	3834	N	rx_info.scan and rx_info.prefilter are mirrors of a DFA selection stamp (DD-13c, abi 6).	MAPPED	1193	rx-info-fields	scan and prefilter rows and 1196 run-time mirrors of selection facts (DD-13c/abi 6 tag dropped as history)
C6-0088	3837	N	rx_info.match_form mirrors a DFA selection stamp (ENG-ABS, abi 10).	MAPPED	1195	rx-info-fields	match_form row mirrors <PREFIX>_DFA_MATCH; also 1696-1697
C6-0089	3838	N	rx_info.search_form mirrors a DFA selection stamp (OPT-5 STEP 2, abi 16).	MAPPED	1198	rx-info-fields	search_form row mirrors <PREFIX>_DFA_START; also 1676-1677
C6-0090	3839	N	match_form and search_form mirror caller-visible COST properties of an entry point the caller calls, whereas table and scan_edge are internal encoding choices with no rx_info mirror.	MAPPED	1397	stamp-scoping	added
C6-0091	3842	N	rx_info.search_form's guard is scan/prefilter's, not match_form's: a hybrid inlines this emitter's search body, so it has a search form to report.	MAPPED	1257	rx-info-scan	"search_form follows scan's rule, because a hybrid inlines the DFA emitter's search body as its prefilter and so has a search form"
C6-0092	3846	N	The four DFA stamp values (_DFA_SCAN, _DFA_PREFILTER, _DFA_TABLE, _DFA_SCAN_EDGE family) come from one derivation per engine (unanch_start, attempt_cand in src/gen/emit_dfa.c) read by every site that needs them: emitted loop, DFA stamp, hybrid stamp.	MAPPED	1433	stamp-scoping	general "One derivation per fact" rule plus 1215-1217 field-and-macro same emitter functions; the specific functions unanch_start/attempt_cand (emit_dfa.c:3902) not named
C6-0093	3849	N	A DFA-derived stamp cannot disagree with the loop it describes unless the derivation itself is wrong, in which case the loop is wrong too.	MAPPED	1433	stamp-scoping	"a stamp cannot disagree with the code it describes unless the derivation itself is wrong"
C6-0094	3851	N	<PREFIX>_DFA_UNIFORM_FOLDS is a fourth _DFA_* macro, under the same IFF as _DFA_TABLE: present on every artifact that contains a DFA scan (every DFA artifact and every VM hybrid), and no other.	MAPPED	1472	stamp-inventory	inventory dfa-scan scope for _DFA_UNIFORM_FOLDS; 1542
C6-0095	3855	N	<PREFIX>_DFA_UNIFORM_FOLDS is an INTEGER, not a string (e.g. #define RX_DFA_UNIFORM_FOLDS 4).	MAPPED	1682	stamp-dfa-uniform-folds	"an integer COUNT"; example 1647 #define RX_DFA_UNIFORM_FOLDS 4
C6-0096	3861	N	<PREFIX>_DFA_UNIFORM_FOLDS is the number of the artifact's DFA tables whose cells were all equal and which are therefore NOT EMITTED; the accessor returns the constant instead.	MAPPED	1682	stamp-dfa-uniform-folds	count of tables with all cells equal, not emitted, accessor returns the constant
C6-0097	3863	N	Two tables per machine are foldable, <m>_next_state and <m>_is_accepting, so <PREFIX>_DFA_UNIFORM_FOLDS runs 0..6.	MAPPED	1685	stamp-dfa-uniform-folds	two foldable tables per machine (<m>_next_state, <m>_is_accepting), value runs 0..6
C6-0098	3865	N	The forward machine is always counted in <PREFIX>_DFA_UNIFORM_FOLDS.	MAPPED	1686	stamp-dfa-uniform-folds	"over the same machines _DFA_TABLE composes" (forward always, 1626)
C6-0099	3865	N	The reverse machine is counted in <PREFIX>_DFA_UNIFORM_FOLDS unless the search is start-pinned (it is not in the artifact to fold).	MAPPED	1686	stamp-dfa-uniform-folds	same machines _DFA_TABLE composes: reverse one unless search pinned (1626)
C6-0100	3867	N	The anchored machine is counted in <PREFIX>_DFA_UNIFORM_FOLDS under <PREFIX>_DFA_MATCH "unwrapped".	MAPPED	1686	stamp-dfa-uniform-folds	same machines: anchored one under _DFA_MATCH unwrapped (1626)
C6-0101	3868	N	<PREFIX>_DFA_UNIFORM_FOLDS, _DFA_TABLE and _DFA_SCAN_EDGE use the same machine composition, so none can name a machine the artifact does not contain.	MAPPED	1687	stamp-dfa-uniform-folds	added
C6-0102	3869	N	<PREFIX>_DFA_UNIFORM_FOLDS is 0 on _DFA_SCAN "attempt" and "empty", which have neither table.	MAPPED	1689	stamp-dfa-uniform-folds	"0 on attempt and empty"
C6-0103	3872	N	<PREFIX>_DFA_UNIFORM_FOLDS is a COUNT and deliberately not a MASK: it is a whole-artifact total with no per-quantifier axis to mix.	MAPPED	1682	stamp-dfa-uniform-folds	"an integer COUNT"; count vs mask rule at 1383-1386
C6-0104	3872	N	Other masks in section 6.3 are masks because a rung, strategy or clamp is chosen per A_REP and a scalar would lie on a mixed artifact.	MAPPED	1431	stamp-scoping	"a MASK is used only where the decision is taken per quantifier and a scalar would misreport a mixed artifact"
C6-0105	3877	N	<PREFIX>_DFA_UNIFORM_FOLDS is family (b) (a fact about what the emitted machine turned out to contain), for <PREFIX>_VM_FRAMELESS's reason.	MAPPED	1689	stamp-dfa-uniform-folds	"It is family (b) in nature - what the emitted machine turned out to contain"
C6-0106	3881	N	There is no fold mode anywhere upstream of the emitter; the fold is discovered while the emitter has the table in hand.	MAPPED	1406	stamp-scoping	added (scoping rules)
C6-0107	3883	N	<PREFIX>_DFA_UNIFORM_FOLDS is owed rather than optional, because the fold's effect is a table's absence and a fact readable only by a macro's absence is not an acceptable discriminator.	MAPPED	1690	stamp-dfa-uniform-folds	"owed because a fold is visible only as a table's ABSENCE"; rule 1374-1375
C6-0108	3885	N	tests/codegen/run_dfa_uniform_fold.sh reads <PREFIX>_DFA_UNIFORM_FOLDS.	MAPPED	1691	stamp-dfa-uniform-folds	run_dfa_uniform_fold.sh reads it
C6-0109	3887	N	A consumer may conclude from <PREFIX>_DFA_UNIFORM_FOLDS that the artifact is smaller and its scan loop cheaper by that many indexed loads.	MAPPED	1691	stamp-dfa-uniform-folds	"The artifact is smaller and its scan cheaper by that many indexed loads"
C6-0110	3889	N	A consumer may NOT conclude anything about the answers from <PREFIX>_DFA_UNIFORM_FOLDS: they are identical either way, a uniform table and its constant being the same function.	MAPPED	1692	stamp-dfa-uniform-folds	"the answers are identical"; general no-answer-conclusion rule 1390-1392
C6-0111	3892	N	<PREFIX>_DFA_UNIFORM_FOLDS has no rx_info mirror, on <PREFIX>_DFA_TABLE's precedent, because no consumer reads the fact at run time today (D77).	MAPPED	1472	stamp-inventory	inventory mirror column "-"; mirror-only-for-named-consumer rule 1355-1358
C6-0112	3893	N	The trigger that would make an rx_info mirror of <PREFIX>_DFA_UNIFORM_FOLDS owed is the one _DFA_TABLE's entry names, and it would be a struct append moving no existing offset.	MAPPED	1393	stamp-scoping	general trigger and struct-append statement; same generalisation as C6-0085
C6-0113	3897	N	<PREFIX>_END_WINDOW reports how far from the subject's end a match may begin.	MAPPED	1878	stamp-end-window	"how far from the subject's end a match may begin"
C6-0114	3898	N	<PREFIX>_END_WINDOW is a family (a) stamp: on every artifact pcrec emits, both engines, because the analysis is neither engine's.	MAPPED	1872	stamp-prechecks	6.3.7 intro: family (a) on every artifact of both engines; inventory 1416
C6-0115	3902	N	<PREFIX>_END_WINDOW "4" (a decimal string) means a match begins in [n - 4, n].	MAPPED	1881	stamp-end-window	"4" means a match begins in [n - 4, n]
C6-0116	3903	N	<PREFIX>_END_WINDOW "none" means nothing was proved.	MAPPED	1882	stamp-end-window	"none" = nothing was proved
C6-0117	3906	N	<PREFIX>_END_WINDOW is a string with a "none" member, not a number with a sentinel, because 0 is a legal window (a \z pattern of maximum width 0 may begin only at the subject's end).	MAPPED	1885	stamp-end-window	string with a "none" member because 0 is a legal window (\z pattern of max width 0)
C6-0118	3912	N	The <PREFIX>_END_WINDOW value is the bound both search entries clamp to, emitted from the same compile-time field as the clamp itself.	MAPPED	1886	stamp-end-window	bound both search entries clamp to, from the same compile-time field as the clamp
C6-0119	3913	N	<PREFIX>_END_WINDOW is "none" for a pattern that is not end-anchored.	MAPPED	1888	stamp-end-window	"none" reported by a pattern not end-anchored
C6-0120	3914	N	<PREFIX>_END_WINDOW is "none" for a pattern whose width is unbounded.	MAPPED	1889	stamp-end-window	unbounded width
C6-0121	3914	N	<PREFIX>_END_WINDOW is "none" for a pattern containing \G.	MAPPED	1889	stamp-end-window	containing \G
C6-0122	3915	N	<PREFIX>_END_WINDOW is "none" for a pattern under a multi-byte encoding.	MAPPED	1889	stamp-end-window	under a multi-byte encoding
C6-0123	3915	N	<PREFIX>_END_WINDOW is "none" for an artifact built with -fno-end-window.	MAPPED	1890	stamp-end-window	any build under -fno-end-window
C6-0124	3917	N	A consumer may conclude that a non-"none" <PREFIX>_END_WINDOW artifact does constant work on an arbitrarily long subject.	MAPPED	1890	stamp-end-window	non-"none" artifact does constant work on an arbitrarily long subject
C6-0125	3918	N	A consumer may NOT read <PREFIX>_END_WINDOW "none" as "this pattern is not end-anchored".	MAPPED	1891	stamp-end-window	"none" does not mean "not end-anchored"
C6-0126	3921	N	<PREFIX>_END_WINDOW has no rx_info mirror, on <PREFIX>_DFA_TABLE's precedent, because no consumer reads the fact at run time today (D77).	MAPPED	1872	stamp-prechecks	"none has an rx_info mirror"; inventory 1416
C6-0127	3924	N	<PREFIX>_REQ_BYTE reports a byte every match must contain.	MAPPED	1895	stamp-req-byte	a byte every match must contain
C6-0128	3925	N	<PREFIX>_REQ_BYTE is a family (a) stamp: on every artifact pcrec emits, both engines.	MAPPED	1872	stamp-prechecks	family (a) both engines; inventory 1417 scope all
C6-0129	3928	N	<PREFIX>_REQ_BYTE "62" (decimal byte value string) means every match contains the byte '>'.	MAPPED	1898	stamp-req-byte	"62" means every match contains '>'
C6-0130	3929	N	<PREFIX>_REQ_BYTE "none" means no byte is necessary on every path.	MAPPED	1899	stamp-req-byte	"none" = no byte necessary on every path
C6-0131	3932	N	<PREFIX>_REQ_BYTE is a string with a "none" member because 0 is a legal byte value, so no number is free to mean "declined".	MAPPED	1902	stamp-req-byte	string with "none" member (0 is a legal byte)
C6-0132	3934	N	The <PREFIX>_REQ_BYTE value is the member of the necessary set a subject is least likely to contain, by the resolved analysis's byte-rate answer, with the rightmost rule as tiebreak and as the whole answer where the answer is NONE.	MAPPED	1902	stamp-req-byte	least likely byte by byte-rate answer, rightmost tiebreak and whole answer where NONE
C6-0133	3939	N	Where the OPT-REQPOS RUN shipped (tuning.md 2.28) and its scan member is an exact byte, <PREFIX>_REQ_BYTE is that member.	MAPPED	1906	stamp-req-byte	run's scan member exact byte => REQ_BYTE is that member
C6-0134	3940	N	Where the run's scan member is a two-member cube (tuning.md 2.39), <PREFIX>_REQ_BYTE is the set's pick, or "none" for an empty set.	MAPPED	1907	stamp-req-byte	two-member cube: the set's pick or "none" for an empty set (tuning.md 2.39)
C6-0135	3942	N	Every <PREFIX>_REQ_BYTE value is a member of the necessary set.	MAPPED	1909	stamp-req-byte	"every value is a member of the necessary set"
C6-0136	3944	N	A consumer may conclude that a non-"none" <PREFIX>_REQ_BYTE artifact rejects a whole subject in one pass when the byte is absent, provided <PREFIX>_REQ_WHY reads "emitted".	MAPPED	1910	stamp-req-byte	non-"none" artifact rejects a whole subject in one pass PROVIDED _REQ_WHY reads "emitted"
C6-0137	3946	N	<PREFIX>_REQ_WHY is the stamp that says whether the <PREFIX>_REQ_BYTE fact was acted on.	MAPPED	1939	stamp-req-why	_REQ_WHY: whether the artifact acted on either fact and why not
C6-0138	3947	N	A consumer may NOT read <PREFIX>_REQ_BYTE "none" as "this pattern has no required literal": it is the safe answer of a conservative analysis.	MAPPED	1911	stamp-req-byte	"none" does not mean "no required literal"; conservative-analysis phrase dropped
C6-0139	3949	N	A caselessly folded literal, an alternation with no common byte, and -fno-req-byte all report <PREFIX>_REQ_BYTE "none".	MAPPED	1912	stamp-req-byte	caselessly folded literal, alternation with no common byte, -fno-req-byte all report "none"
C6-0140	3952	N	<PREFIX>_REQ_BYTE has no rx_info mirror, on <PREFIX>_DFA_TABLE's precedent, because no consumer reads the fact at run time today (D77).	MAPPED	1872	stamp-prechecks	none of the six stamps has an rx_info mirror
C6-0141	3955	N	<PREFIX>_REQ_RUN reports a literal run every match must contain.	MAPPED	1916	stamp-req-run	a literal run every match must contain
C6-0142	3956	N	<PREFIX>_REQ_RUN is a family (a) stamp: on every artifact pcrec emits, both engines.	MAPPED	1872	stamp-prechecks	family (a) both engines; inventory 1418
C6-0143	3960	N	<PREFIX>_REQ_RUN "2e746172@0" means every match contains ".tar" and the emitted memchr scans member 0 ('.').	MAPPED	1919	stamp-req-run	"2e746172@0" = ".tar", memchr scans member 0
C6-0144	3962	N	<PREFIX>_REQ_RUN "53454c454354@4/dfdfdfdfdfdf" (for (?i)select) means every match contains a member of each position with (x & K) == T, and the scan is the pair at position 4.	MAPPED	1921	stamp-req-run	(?i)select example: member of each position (x & K)==T, scan is the pair at position 4
C6-0145	3966	N	<PREFIX>_REQ_RUN "none" means no run of two or more bytes.	MAPPED	1925	stamp-req-run	"none" = no run of two or more bytes
C6-0146	3969	N	The <PREFIX>_REQ_RUN value is the run's bytes as lowercase hex, then '@', then the index within the run of the member the emitted memchr scans for.	MAPPED	1928	stamp-req-run	lowercase hex, @, index of the member the memchr scans
C6-0147	3970	N	<PREFIX>_REQ_RUN is "none" at a run length below 2, which is <PREFIX>_REQ_BYTE's own case.	MAPPED	1931	stamp-req-run	"none" at a length below 2
C6-0148	3971	N	<PREFIX>_REQ_RUN uses hex because a run is arbitrary bytes inside a #define's string body.	MAPPED	1929	stamp-req-run	added
C6-0149	3974	N	<PREFIX>_REQ_BYTE is exactly bytes[idx] of <PREFIX>_REQ_RUN wherever position idx is an exact byte, which makes the two stamps checkable against each other.	MAPPED	1931	stamp-req-run	REQ_BYTE exactly bytes[idx] where position idx is exact, making the two checkable against each other
C6-0150	3976	N	Since abi 59, a <PREFIX>_REQ_RUN run whose positions are not all exact bytes carries '/' and each position's mask K in hex.	MAPPED	1933	stamp-req-run	non-exact run carries "/" and each position's mask K in hex (abi 59 tag dropped); probe: (?i)select -> 53454c454354@4/dfdfdfdfdfdf
C6-0151	3977	N	In a masked <PREFIX>_REQ_RUN, T (the bytes) is each position's lower member and (x & K) == T is its membership test.	MAPPED	1934	stamp-req-run	T is each position's lower member, (x & K)==T its membership test
C6-0152	3978	N	An exact <PREFIX>_REQ_RUN run's text is unchanged by the mask suffix (no '/' part).	MAPPED	1933	stamp-req-run	only a run with non-exact positions carries "/"; exact examples 1868 and probe abc -> 616263@1
C6-0153	3979	N	<PREFIX>_REQ_RUN has no rx_info mirror, for its sibling's reason.	MAPPED	1872	stamp-prechecks	no rx_info mirror for any of the six
C6-0154	3982	N	<PREFIX>_REQ_WHY reports whether the artifact acted on either required-byte/required-run fact, and why not.	MAPPED	1939	stamp-req-why	whether the artifact acted on either fact and why not
C6-0155	3984	N	<PREFIX>_REQ_WHY is a closed four-token selection stamp, family (a): on every artifact pcrec emits, both engines.	MAPPED	1939	stamp-req-why	closed token set (tuning.md 2.29); family (a) both engines 1821; inventory 1419
C6-0156	3987	N	<PREFIX>_REQ_WHY has exactly four values: "emitted", "none", "one-attempt", "dominated".	MAPPED	1946	stamp-req-why	value table: emitted none one-attempt dominated (four rows)
C6-0157	3992	N	<PREFIX>_REQ_WHY "emitted": the artifact emits a pre-check on the byte or run its two siblings (_REQ_BYTE, _REQ_RUN) name.	MAPPED	1949	stamp-req-why	emitted row: pre-check on the byte or run its siblings name
C6-0158	3992	N	Since abi 60, a <PREFIX>_REQ_WHY "emitted" pre-check may be LED by a rarer necessary-set byte's one-byte check; the stamp says whether, not in which shape.	MAPPED	1949	stamp-req-why	"possibly led by a rarer necessary-set byte's one-byte check (tuning.md 2.40)"; abi 60 tag dropped; stamp-says-whether-not-shape clause not repeated
C6-0159	3992	N	Since abi 61, a <PREFIX>_REQ_WHY "emitted" pre-check may be HANDED OFF (see <PREFIX>_REQ_HANDOFF).	MAPPED	1949	stamp-req-why	"possibly handing off (_REQ_HANDOFF)"
C6-0160	3993	N	<PREFIX>_REQ_WHY "none": nothing is necessary, no byte and no run (the analysis found neither, or -fno-req-byte denied them).	MAPPED	1950	stamp-req-why	none row
C6-0161	3994	N	<PREFIX>_REQ_WHY "one-attempt": declined because the search route tries ONE start position, so a whole-window pass in front of it can only add work.	MAPPED	1951	stamp-req-why	one-attempt row
C6-0162	3995	N	<PREFIX>_REQ_WHY "dominated": declined because the artifact's own candidate-start memchr already scans a byte at least as rare.	MAPPED	1952	stamp-req-why	dominated row
C6-0163	3997	N	<PREFIX>_REQ_WHY is "none" if and only if <PREFIX>_REQ_BYTE and <PREFIX>_REQ_RUN are both "none" (since abi 59).	MAPPED	1954	stamp-req-why	"none" iff _REQ_BYTE and _REQ_RUN are both "none"
C6-0164	4000	N	Any <PREFIX>_REQ_WHY value other than "none" asserts that a byte or a run WAS derived; only "emitted" asserts that the artifact tests it.	MAPPED	1955	stamp-req-why	any other value asserts a byte or run was derived; only "emitted" asserts it is tested
C6-0165	4001	N	A consumer asking whether an artifact rejects a subject in one pass reads <PREFIX>_REQ_WHY first and then _REQ_BYTE/_REQ_RUN for the value, never the siblings alone.	MAPPED	1956	stamp-req-why	consumer reads this stamp then its siblings for the value
C6-0166	4004	N	<PREFIX>_REQ_WHY has no rx_info mirror, its siblings' reason.	MAPPED	1872	stamp-prechecks	no rx_info mirror
C6-0167	4006	N	<PREFIX>_REQ_HANDOFF (abi 61) reports where the search body's scan begins.	MAPPED	1961	stamp-req-handoff	where the search body's scan begins
C6-0168	4007	N	<PREFIX>_REQ_HANDOFF is a family (a) stamp: on every artifact pcrec emits, both engines.	MAPPED	1872	stamp-prechecks	family (a) both engines; inventory 1420
C6-0169	4008	N	A stamp varies by engine family, never by presence within one; "does not apply" is a value (Frank's ruling, 2026-10-05).	MAPPED	1872	stamp-prechecks	"a stamp varies by engine family, never by presence within one; 'does not apply' is a value" (ruling attribution dropped)
C6-0170	4012	N	<PREFIX>_REQ_HANDOFF "2" (a decimal K) means the scan begins K bytes before the run pre-check's first window hit.	MAPPED	1964	stamp-req-handoff	"2": scan begins 2 bytes before the run pre-check's first window hit
C6-0171	4014	N	<PREFIX>_REQ_HANDOFF "none" means the scan begins at startpos.	MAPPED	1966	stamp-req-handoff	"none": scan begins at startpos
C6-0172	4017	N	<PREFIX>_REQ_HANDOFF is a decimal K only where the req-use table's handoff row applies (tuning.md 2.41).	MAPPED	1969	stamp-req-handoff	decimal K only where the req-use table's handoff row applies (tuning.md 2.41)
C6-0173	4018	N	A <PREFIX>_REQ_HANDOFF decimal value requires an emitted run pre-check (<PREFIX>_REQ_WHY "emitted" with a <PREFIX>_REQ_RUN).	MAPPED	1970	stamp-req-handoff	an emitted run pre-check (_REQ_WHY "emitted" with a _REQ_RUN)
C6-0174	4019	N	A <PREFIX>_REQ_HANDOFF decimal value requires a DFA scan in front of the body (a DFA artifact, or a VM hybrid's prefilter).	MAPPED	1971	stamp-req-handoff	DFA scan in front of the body (a DFA artifact, or a hybrid's prefilter)
C6-0175	4020	N	A <PREFIX>_REQ_HANDOFF decimal value requires a finite K.	MAPPED	1972	stamp-req-handoff	a finite K
C6-0176	4020	N	A <PREFIX>_REQ_HANDOFF decimal value requires a prefilter that is not count-collapsed.	MAPPED	1972	stamp-req-handoff	a prefilter that is not count-collapsed
C6-0177	4021	N	A <PREFIX>_REQ_HANDOFF decimal value is excluded for a VM hybrid with a \G start family whose prefilter window is its match ceiling.	MAPPED	1973	stamp-req-handoff	not a hybrid with a \G start family whose prefilter window is its match ceiling
C6-0178	4023	N	Under a decimal <PREFIX>_REQ_HANDOFF, every match begins at most K bytes before an occurrence of the run's window.	MAPPED	1974	stamp-req-handoff	every match begins at most K bytes before an occurrence of the run's window
C6-0179	4024	N	Under a decimal <PREFIX>_REQ_HANDOFF, the pre-check's search block returns the LEAST position >= startpos at which the whole window occurs, or n when none does.	MAPPED	1975	stamp-req-handoff	search block returns LEAST position >= startpos where the whole window occurs, or n
C6-0180	4025	N	A caller of the pre-check's search block may use the returned position, not only its comparison with n.	MAPPED	1976	stamp-req-handoff	"the position itself is meaningful, not only its comparison with n"
C6-0181	4027	N	Under a decimal <PREFIX>_REQ_HANDOFF, the body begins its scan at max(startpos, hit - K), rounded up to a character start under a multibyte encoding when it moved.	MAPPED	1977	stamp-req-handoff	body begins scan at max(startpos, that - K), rounded up to a character start under multibyte when it moved
C6-0182	4028	N	<PREFIX>_REQ_HANDOFF is "none" everywhere else, including every artifact built -fno-req-handoff.	MAPPED	1980	stamp-req-handoff	"none" everywhere else including -fno-req-handoff
C6-0183	4029	N	The <PREFIX>_REQ_HANDOFF K is the req_run_maxoff fact --emit-facts lists (facts_listing.md), in BYTES.	MAPPED	1981	stamp-req-handoff	K is the req_run_maxoff fact --emit-facts lists, in BYTES
C6-0184	4030	N	(?i)straße under -e utf8 reads <PREFIX>_REQ_HANDOFF "2", because (?i)s matches U+017F (two bytes) before the window TRA.	MAPPED	1982	stamp-req-handoff	(?i)straße under -e utf8 reads "2" because (?i)s matches U+017F, two bytes, before window TRA
C6-0185	4032	N	A non-"none" <PREFIX>_REQ_HANDOFF never changes an answer or a give-up; it says the artifact skips positions a necessary literal proved cannot begin a match.	MAPPED	1984	stamp-req-handoff	"never changes an answer or a give-up"; skip of proved-impossible positions in 3.1 search-skips 350-352
C6-0186	4034	N	<PREFIX>_REQ_HANDOFF has no rx_info mirror, its siblings' reason.	MAPPED	1872	stamp-prechecks	no rx_info mirror
C6-0187	4036	N	<PREFIX>_VM_START_SCAN (abi 62) reports where a VM attempt can start.	MAPPED	1987	stamp-vm-start-scan	where a VM attempt can start
C6-0188	4037	N	<PREFIX>_VM_START_SCAN is a family (a) stamp: on every artifact pcrec emits, both engines, beside <PREFIX>_REQ_HANDOFF and for its ruling.	MAPPED	1872	stamp-prechecks	family (a) both engines; inventory 1421 scope all; probe: DFA artifact carries RX_VM_START_SCAN "none"
C6-0189	4041	N	<PREFIX>_VM_START_SCAN "first-class" means attempts start only where the byte is in the start set.	MAPPED	1998	stamp-vm-start-scan	first-class row: attempts start only where byte is in the start set (code comment 1938)
C6-0190	4043	N	<PREFIX>_VM_START_SCAN "none" means every position is attempted.	MAPPED	1999	stamp-vm-start-scan	none row; comment 1940 "every position is attempted"
C6-0191	4046	N	<PREFIX>_VM_START_SCAN is "first-class" where the candidate table's VM-route row applies (tuning.md 2.42).	MAPPED	1998	stamp-vm-start-scan	first-class where the candidate table's VM-route row applies (tuning.md 2.42)
C6-0192	4047	N	<PREFIX>_VM_START_SCAN "first-class" requires a VM artifact with no DFA prefilter (<PREFIX>_VM_PREFILTER "none").	MAPPED	1998	stamp-vm-start-scan	VM artifact with VM_PREFILTER "none"
C6-0193	4048	N	<PREFIX>_VM_START_SCAN "first-class" requires an unanchored pattern.	MAPPED	1998	stamp-vm-start-scan	an unanchored pattern
C6-0194	4048	N	<PREFIX>_VM_START_SCAN "first-class" requires a start set (the start_set fact --emit-facts lists) that cannot match empty and has fewer than 256 members.	MAPPED	1998	stamp-vm-start-scan	start set (start_set fact, facts_listing.md) cannot match empty and has fewer than 256 members
C6-0195	4050	N	Under <PREFIX>_VM_START_SCAN "first-class", the attempt loop seeks the next byte of the start set through a 256-entry table before its first attempt and after each failed one.	MAPPED	1998	stamp-vm-start-scan	seeks next byte of the set through a 256-entry table before first attempt and after each failed one
C6-0196	4052	N	Under <PREFIX>_VM_START_SCAN "first-class", the artifact answers no-match where no start-set byte is left.	MAPPED	1998	stamp-vm-start-scan	answers no-match where none is left
C6-0197	4053	N	<PREFIX>_VM_START_SCAN is "none" on every DFA artifact.	MAPPED	1999	stamp-vm-start-scan	none on every DFA artifact
C6-0198	4053	N	<PREFIX>_VM_START_SCAN is "none" on every VM hybrid (whose prefilter is its start test).	MAPPED	1999	stamp-vm-start-scan	none on every hybrid (whose prefilter is its start test)
C6-0199	4054	N	<PREFIX>_VM_START_SCAN is "none" on every anchored or \G-start pattern.	MAPPED	1999	stamp-vm-start-scan	none on every anchored or \G-start pattern
C6-0200	4055	N	<PREFIX>_VM_START_SCAN is "none" on every artifact built -fno-start-set.	MAPPED	1999	stamp-vm-start-scan	none under -fno-start-set
C6-0201	4055	N	<PREFIX>_VM_START_SCAN names the FORM of the seek; a one-byte (memchr) form is not built.	MAPPED	2001	stamp-vm-start-scan	"The value names the FORM of the seek; a one-byte (memchr) form is not built"
C6-0202	4057	N	A non-"none" <PREFIX>_VM_START_SCAN never changes an answer; a give-up may become the answer (section 3.1).	MAPPED	2002	stamp-vm-start-scan	never changes an answer; a give-up may become the answer (3.1)
C6-0203	4057	N	<PREFIX>_VM_START_SCAN has no rx_info mirror, its siblings' reason.	MAPPED	1872	stamp-prechecks	no rx_info mirror
C6-0204	4060	N	<PREFIX>_FINDINGS reports which findings this artifact was built from.	MAPPED	2334	stamp-findings	which findings this artifact was built from
C6-0205	4061	N	<PREFIX>_FINDINGS is a family (a) stamp: on every artifact, both engines.	MAPPED	2243	stamp-artifact-wide	6.3.10 intro: on every artifact, both engines; inventory 1454
C6-0206	4064	N	<PREFIX>_FINDINGS "byte-rate=default:1822fb973b95a4da" is an example value of form query=bundle:digest.	MAPPED	2338	stamp-findings	example "byte-rate=default:1822fb973b95a4da" (probe output matches); form query=bundle:digest at 2290
C6-0207	4065	N	<PREFIX>_FINDINGS "byte-rate=none" means the findings query was asked and nothing answered (e.g. -e utf8).	MAPPED	2339	stamp-findings	"byte-rate=none" asked, nothing answered (-e utf8)
C6-0208	4066	N	<PREFIX>_FINDINGS "" (empty string) means nothing was asked.	MAPPED	2340	stamp-findings	"" nothing asked
C6-0209	4069	N	<PREFIX>_FINDINGS holds one query=bundle:digest item per findings query the compile ASKED, in the fixed query order, joined with ';'.	MAPPED	2343	stamp-findings	one query=bundle:digest item per query ASKED, fixed query order, ;-joined
C6-0210	4071	N	<PREFIX>_FINDINGS uses query=none where the analysis declares nothing for this compile's encoding.	MAPPED	2344	stamp-findings	query=none where the analysis declares nothing for the encoding
C6-0211	4071	N	<PREFIX>_FINDINGS is the empty string when no reader asked.	MAPPED	2345	stamp-findings	empty string when no reader asked
C6-0212	4072	N	docs/spec/findings.md section 5 is the grammar of <PREFIX>_FINDINGS and the digest's byte layout.	MAPPED	2346	stamp-findings	docs/spec/findings.md section 5 gives the grammar and digest byte layout (also 1244)
C6-0213	4073	N	In <PREFIX>_FINDINGS, bundle is the analysis whose block ANSWERED.	MAPPED	2347	stamp-findings	bundle is the analysis whose block answered
C6-0214	4074	N	The <PREFIX>_FINDINGS digest covers exactly what the readers consumed, so two artifacts built from the same rates carry the same stamp.	MAPPED	2348	stamp-findings	digest covers exactly what readers consumed so same rates give same stamp
C6-0215	4075	N	<PREFIX>_FINDINGS is written after every reader has run, beside the rx_info definition rather than with its prologue siblings, so an ask made while the engine body is emitted is recorded.	MAPPED	2350	stamp-findings	written after every reader has run so an ask during engine-body emission is recorded; placement beside rx_info definition 2190-2192
C6-0216	4077	N	<PREFIX>_FINDINGS HAS an rx_info mirror, rx_info.findings, which equals it byte for byte.	MAPPED	2335	stamp-findings	mirrored byte for byte by rx_info.findings; table 1165
C6-0217	4078	N	The analysis bundle name is plain text in the artifact: a binary built under a user's analysis discloses its name.	MAPPED	2351	stamp-findings	"The bundle name is plain text in the artifact"; also 1242-1243
C6-0218	4082	N	<PREFIX>_RUN_WORDS (abi 58) reports how many run compares the overlap row wrote.	SUPERSEDED	2250	stamp-run-words	RUN_WORDS now counts overlap AND words rows; probe: (?i)select (masked run) reads RX_RUN_WORDS 1; abc reads 1; old overlap-only (abi 58) wording is stale
C6-0219	4083	N	<PREFIX>_RUN_WORDS is on every artifact, both engines.	MAPPED	2243	stamp-artifact-wide	on every artifact, both engines; inventory 1451
C6-0220	4083	N	<PREFIX>_RUN_WORDS is an activity count that section (b) keeps VM-only elsewhere, but it is stamped on both engines because the mechanism it counts (the run compare, tuning.md 2.38) is both engines'.	MAPPED	2255	stamp-run-words	on both engines because the run compare writes the DFA scan's run term and pre-check too (2202-2205); VM-only-activity contrast not repeated
C6-0221	4086	N	The run compare writes the DFA scan's run term and run pre-check as well as the VM's literal runs and island chains.	MAPPED	2256	stamp-run-words	run compare writes the DFA scan's run term and run pre-check as well as VM literal runs and island chains
C6-0222	4088	N	Since MEMFN M1b (2026-10-07, no abi event) the run compare is pcrec-memory-functions' (memfn/src/runcmp.c), and the kit writes the <PREFIX>_RUN_WORDS line, as the first of its three lines.	MAPPED	2257	stamp-run-words	kit owns the run compare (memfn/src/runcmp.c); 2193-2194 first three stamps written by the kit in order RUN_WORDS first; M1b date/abi tag dropped as history
C6-0223	4091	N	The <PREFIX>_RUN_WORDS value is an unquoted integer.	MAPPED	2255	stamp-run-words	"An unquoted integer"
C6-0224	4094	N	#define RX_RUN_WORDS 1 /* or 0, or any count */ is the form of the <PREFIX>_RUN_WORDS stamp.	MAPPED	2261	stamp-run-words	#define RX_RUN_WORDS 1 /* or 0, or any count */
C6-0225	4097	N	<PREFIX>_RUN_WORDS is the number of literal-run compares the artifact writes as word compares, counting each compare once whatever engine wrote it.	MAPPED	2250	stamp-run-words	number of literal-run compares written as WORD compares, each counted once whatever engine wrote it
C6-0226	4098	N	The overlap row writes word compares for an exact run of length 3, 5-7 or 9-15.	MAPPED	2252	stamp-run-words	overlap row: exact run of length 3, 5-7 or 9-15
C6-0227	4099	N	Since abi 59 the words row writes a masked run as a word compare (tuning.md 2.39) and is counted in <PREFIX>_RUN_WORDS.	MAPPED	2252	stamp-run-words	words row (a masked run; tuning.md 2.38, 2.39); abi 59 tag dropped
C6-0228	4101	N	Any other exact run compare is a memcmp and is not counted in <PREFIX>_RUN_WORDS.	MAPPED	2253	stamp-run-words	any other exact run compare is a memcmp and not counted
C6-0229	4102	N	<PREFIX>_RUN_WORDS is 0 on every artifact that writes no word compares, and under -fno-run-overlap.	MAPPED	2254	stamp-run-words	0 where none written and under -fno-run-overlap
C6-0230	4103	N	<PREFIX>_RUN_WORDS is written after the engine body, beside the rx_info definition (<PREFIX>_FINDINGS' placement), because a DFA artifact's compares sit in file-scope blocks emitted after the prologue.	MAPPED	2243	stamp-artifact-wide	written after the engine body beside the rx_info definition; the DFA file-scope-block reason not repeated (2202-2205 gives the both-engines reason)
C6-0231	4105	N	<PREFIX>_RUN_WORDS is a COUNT, for _VM_LIT_RUNS' reason.	MAPPED	1497	stamp-inventory	inventory kind "count"; count-vs-mask rule 1383-1386
C6-0232	4105	N	A consumer may NOT conclude anything about the answers from <PREFIX>_RUN_WORDS; they are identical either way.	MAPPED	1436	stamp-scoping	general rule "a consumer may conclude something about cost size or shape, never about its answers"; row-specific sentence dropped
C6-0233	4107	N	<PREFIX>_RUN_WORDS has no rx_info mirror (D77).	MAPPED	1497	stamp-inventory	inventory mirror column "-"
C6-0234	4109	N	<PREFIX>_MEMFN_FORMS and <PREFIX>_MEMFN_LIBC (abi 63, 2026-10-05) report what the search-code kit rendered and which libc functions the artifact calls.	MAPPED	2265	stamp-memfn	what the search-code kit rendered and which C library functions the artifact calls
C6-0235	4111	N	<PREFIX>_MEMFN_FORMS and <PREFIX>_MEMFN_LIBC are on every artifact, both engines.	MAPPED	2243	stamp-artifact-wide	every artifact, both engines; inventory 1452
C6-0236	4112	N	The <PREFIX>_MEMFN_FORMS/_MEMFN_LIBC pair is written by pcrec-memory-functions (memfn/, D146/D147).	MAPPED	2246	stamp-artifact-wide	first three written by pcrec-memory-functions (memfn/, D146/D147)
C6-0237	4113	N	The <PREFIX>_MEMFN_FORMS/_MEMFN_LIBC pair sits directly after <PREFIX>_RUN_WORDS.	MAPPED	2244	stamp-artifact-wide	stated order RUN_WORDS, MEMFN_FORMS, MEMFN_LIBC, SIMD_GUARDED_BYTES, FINDINGS; probe matches
C6-0238	4116	N	<PREFIX>_MEMFN_FORMS is "none" iff the artifact is byte-identical (stamp lines aside) to its own -fno-memfn-simd compile.	MAPPED	2273	stamp-memfn	MEMFN_FORMS "none" iff byte-identical (stamp lines aside) to its own -fno-memfn-simd compile
C6-0239	4121	N	Otherwise <PREFIX>_MEMFN_FORMS lists the ids of the forms that make the artifact differ, comma-joined in site order.	MAPPED	2274	stamp-memfn	otherwise ids of the forms that make it differ, comma-joined in site order
C6-0240	4122	N	A site that cascades between ISA levels carries its forms in <PREFIX>_MEMFN_FORMS as ID@LEVEL+LEVEL.	MAPPED	2275	stamp-memfn	cascading site carries ID@LEVEL+LEVEL
C6-0241	4123	N	<PREFIX>_MEMFN_FORMS ids and level names are OPAQUE: a consumer buckets on none/not-none and never parses an id.	MAPPED	2276	stamp-memfn	ids and level names OPAQUE: bucket on none/not-none, never parse an id
C6-0242	4125	N	SIMD is off by default and no SIMD form exists yet, so <PREFIX>_MEMFN_FORMS is "none" on every artifact until the kit's first SIMD-on form ships (D147 addendum 10, Q55).	MAPPED	2277	stamp-memfn	SIMD off by default and no SIMD form exists so "none" on every artifact today (D147 add.10, Q55)
C6-0243	4127	N	CHECK: A scalar-layer kit change (one that moves bytes at the default build) does NOT change <PREFIX>_MEMFN_FORMS.	MAPPED	2279	stamp-memfn	verified: -fno-memfn-simd and default compile of xy(a)bc are byte-identical bar the header include; FORMS is defined as the diff vs that compile so a scalar change moves both and leaves FORMS unchanged
C6-0244	4129	N	A scalar-layer kit change is attributed by its abi event and its --memfn=no-NAME deny row.	MAPPED	2279	stamp-memfn	scalar-layer change attributed by its abi event and its --memfn=no-NAME deny row
C6-0245	4130	N	A consumer that must tell two same-abi builds apart records the build recipe (abi, pcrec commit, argv).	MAPPED	2281	stamp-memfn	consumer telling two same-abi builds apart records the build recipe (abi, pcrec commit, argv)
C6-0246	4132	N	<PREFIX>_MEMFN_LIBC is "none" or the names of the C library functions the artifact's code calls, sorted in byte order, distinct, comma-joined with no space.	MAPPED	2283	stamp-memfn	"none" or names sorted (byte order), distinct, comma-joined with no space
C6-0247	4134	N	<PREFIX>_MEMFN_LIBC is a source-level inventory of the WHOLE artifact (search code, variable resolver, an --emit-main driver, --trace output; comments and string literals excluded).	MAPPED	2285	stamp-memfn	SOURCE-level inventory of the whole artifact (search code, variable resolver, --emit-main driver, --trace output; comments and string literals excluded)
C6-0248	4136	N	<PREFIX>_MEMFN_LIBC is not a promise of a dispatched call: a name is listed even where the compiler later inlines or folds that call.	MAPPED	2287	stamp-memfn	not a promise of a dispatched call; listed even where the compiler later inlines or folds
C6-0249	4138	N	A memcpy of a constant 1-8 bytes (a register load, e.g. the literal-run word loads <prefix>_wN) is not listed in <PREFIX>_MEMFN_LIBC.	MAPPED	2288	stamp-memfn	memcpy of constant 1-8 bytes (literal-run word loads <prefix>_wN) not listed
C6-0250	4140	N	Data objects an --emit-main or --trace artifact references (stderr) are not functions and are not listed in <PREFIX>_MEMFN_LIBC.	MAPPED	2290	stamp-memfn	data objects (stderr) are not functions and not listed
C6-0251	4142	N	A consumer may conclude that a SIMD-off artifact whose <PREFIX>_MEMFN_LIBC lists memchr delegates that search to the C library's own dispatch.	MAPPED	2291	stamp-memfn	SIMD-off artifact that lists memchr delegates that search to the C library's own dispatch
C6-0252	4144	N	Neither <PREFIX>_MEMFN_FORMS nor <PREFIX>_MEMFN_LIBC carries a kit version or the kit's vocabulary number, so a kit release that moves no emitted byte moves neither.	MAPPED	2293	stamp-memfn	neither carries a kit version or vocabulary number, so a kit release moving no emitted byte moves neither
C6-0253	4145	N	Neither <PREFIX>_MEMFN_FORMS nor <PREFIX>_MEMFN_LIBC has an rx_info mirror (D77).	MAPPED	1498	stamp-inventory	inventory mirror column "-" for both
C6-0254	4147	M	Checked by C11 (make test-memfn-stamps, tests/memfn/run_libc_census.sh): over a corpus-wide sample every artifact carries both _MEMFN_FORMS and _MEMFN_LIBC lines.	MAPPED	2295	stamp-memfn	Checked by C11 (make test-memfn-stamps, run_libc_census.sh): every artifact in a corpus-wide sample carries both lines
C6-0255	4149	M	Checked by C11: <PREFIX>_MEMFN_LIBC equals the undefined function symbols of the artifact's -O0 -fno-builtin object minus the constant-size memcpy loads.	MAPPED	2297	stamp-memfn	MEMFN_LIBC equals undefined function symbols of the -O0 -fno-builtin object minus constant-size memcpy loads
C6-0256	4151	H	CHECK: The identity half of the _MEMFN_FORMS check compares default against -fno-memfn-simd (tuning.md 2.43), reported "identical (no SIMD form)" while no SIMD form exists, running from R4c when the -fno-memfn-simd/-fmemfn-simd switch exists.	MAPPED	2299	stamp-memfn	identity half compares default vs -fno-memfn-simd (tuning.md 2.43), reported "identical (no SIMD form)"; verified the flag exists now (probe: identical output; tests/codegen/run_codegen_tests.sh and tests/memfn/libc_census.py carry the phrase)
C6-0257	4154	H	CHECK: The movers half of the _MEMFN_FORMS check (-fmemfn-simd against SIMD-off) stays unreached until a SIMD form exists.	MAPPED	2301	stamp-memfn	"its movers half stays unreached until one does"
C6-0258	4157	N	<PREFIX>_SIMD_GUARDED_BYTES (abi 71, 2026-10-09, D155 addendum 2) reports how many bytes of the artifact sit under a CPU-level guard.	MAPPED	2304	stamp-simd-guarded-bytes	how many bytes of the artifact sit under a CPU-level guard (abi 71 / D155 tag dropped)
C6-0259	4159	N	<PREFIX>_SIMD_GUARDED_BYTES is on every artifact, both engines, written by pcrec directly after <PREFIX>_MEMFN_LIBC.	MAPPED	2243	stamp-artifact-wide	every artifact both engines; written by pcrec directly after MEMFN_LIBC (2252)
C6-0260	4160	N	<PREFIX>_SIMD_GUARDED_BYTES is an unsigned integer (e.g. #define RX_SIMD_GUARDED_BYTES 0ULL).	SUPERSEDED	2305	stamp-simd-guarded-bytes	now "an unsigned 64-bit integer spelled as 16 hex digits"; example 0x0000000000000000ULL (2256); probe vm.c:445 matches; old example 0ULL is stale
C6-0261	4166	N	<PREFIX>_SIMD_GUARDED_BYTES is the number of bytes the search-code kit wrote between its simd_open and simd_close sink calls (the #if <level> blocks a SIMD-on form adds: per-level helpers and the guarded arms of its selector).	MAPPED	2312	stamp-simd-guarded-bytes	number of bytes the kit wrote between its simd_open and simd_close sink calls (#if blocks of a SIMD-on form)
C6-0262	4170	N	<PREFIX>_SIMD_GUARDED_BYTES is counted in the unit every pcrec length decision uses: comment bytes -fno-comments dropped are included, and the symbol prefix is counted at a fixed width.	MAPPED	2316	stamp-simd-guarded-bytes	counted in the unit every pcrec length decision uses; comment bytes included; prefix counted at fixed width
C6-0263	4172	N	Neither -fno-comments nor -p changes the <PREFIX>_SIMD_GUARDED_BYTES value.	MAPPED	2318	stamp-simd-guarded-bytes	neither -fno-comments nor -p changes the value
C6-0264	4172	N	<PREFIX>_SIMD_GUARDED_BYTES is 0ULL on every artifact that holds no such block, which is every artifact today: no SIMD form exists and -fmemfn-simd is inert (tuning.md 2.43).	MAPPED	2318	stamp-simd-guarded-bytes	zero on every artifact holding no such block, every artifact today; -fmemfn-simd inert (tuning.md 2.43)
C6-0265	4175	N	A consumer may conclude from <PREFIX>_SIMD_GUARDED_BYTES the artifact's size beyond its SIMD-off compile.	MAPPED	2320	stamp-simd-guarded-bytes	"It is the artifact's size beyond its SIMD-off compile"
C6-0266	4176	N	The SIMD-guarded bytes are invisible to every pcrec size decision: the VM entry-shape knee and <PREFIX>_VM_PROGRAM_BYTES, the size term and its ladder, and the D84 caps (limits.md section 8) all read the length minus these bytes.	MAPPED	2321	stamp-simd-guarded-bytes	invisible to every pcrec size decision (entry-shape knee, PROGRAM_BYTES, size term and ladder, D84 caps)
C6-0267	4180	N	Turning SIMD on moves no rung, no ladder step, no refusal and no other stamp's value; <PREFIX>_SIMD_GUARDED_BYTES is where the difference stays visible.	MAPPED	2323	stamp-simd-guarded-bytes	turning SIMD on moves no rung, ladder step, refusal or other stamp's value
C6-0268	4181	N	There is no aggregate budget on <PREFIX>_SIMD_GUARDED_BYTES (D155 addendum 2): each SIMD row bounds its own guarded bytes.	MAPPED	2324	stamp-simd-guarded-bytes	no aggregate budget (D155 add.2): each SIMD row bounds its own guarded bytes
C6-0269	4183	N	<PREFIX>_SIMD_GUARDED_BYTES has no rx_info mirror (D77).	MAPPED	1499	stamp-inventory	inventory mirror column "-"
C6-0270	4185	M	Checked by make test-memfn-guarded (tests/memfn/run_simd_guarded.sh): every artifact of a corpus sample carries the _SIMD_GUARDED_BYTES line.	MAPPED	2326	stamp-simd-guarded-bytes	make test-memfn-guarded (run_simd_guarded.sh): every corpus-sample artifact carries the line
C6-0271	4187	M	Checked by make test-memfn-guarded: the _SIMD_GUARDED_BYTES value is at most the sum over the SIMD forms <PREFIX>_MEMFN_FORMS lists of each form's declared bound (0 while the value is "none").	MAPPED	2327	stamp-simd-guarded-bytes	value at most the sum of declared bounds of forms MEMFN_FORMS lists (0 while "none")
C6-0272	4189	M	A test-only build writing a synthetic guarded block through the same sink calls must produce artifacts equal to the plain build's, block and stamp value aside (arithmetic and decision neutrality of _SIMD_GUARDED_BYTES).	MAPPED	2329	stamp-simd-guarded-bytes	test-only build writing a synthetic guarded block through the same sink calls must equal the plain build, block and stamp value aside
C6-0273	4194	N	Family (b) capacity and activity macros stay VM-only: <PREFIX>_VM_RUNGS, _VM_STRATS, _VM_PRUNES, _VM_PRUNE_CEILING, _VM_CALL_SPLICED/_LINKED, _VM_ROOT_MINW, _VM_FRAMELESS, _VM_ALT_ISLANDS, _VM_CLS_FOLDS, _VM_LIT_RUNS, _VM_CLS_KIT, _VM_START, the budget macros and the frame/trail sizes.	SUPERSEDED	2008	stamp-vm	VM-only scoping stated per stamp (1956-1957, inventory 1434-1447) but frame/trail SIZE macros are now on every artifact (inventory 1456, .h); probe: DFA artifact .h defines RX_RESUME_FRAMES 0 and RX_TRAIL_FRAMES 0; budgets stay VM-only (no STEP_BUDGET in DFA probe)
C6-0274	4199	N	Family (b) macros report what the VM DID (per quantifier, per call site, per frame); a DFA artifact has no such activity to report and does not carry them.	MAPPED	1404	stamp-scoping	family (b) macros report what the VM did and are VM-only; "a DFA artifact has no such activity"
C6-0275	4204	N	<PREFIX>_VM_START reports where an attempt may begin.	MAPPED	2170	stamp-vm-start	where an attempt may begin; a closed token
C6-0276	4205	N	<PREFIX>_VM_START is a closed three-token selection stamp, on every VM artifact (hybrids included) and never defined on a pure-DFA artifact.	MAPPED	1491	stamp-inventory	inventory scope vm, kind token; 1956 every VM artifact hybrids included, never a pure-DFA artifact; probe DFA artifact has no RX_VM_START
C6-0277	4209	N	<PREFIX>_VM_START has exactly three values: "anchored", "gstart", "unanchored".	MAPPED	2177	stamp-vm-start	three rows anchored gstart unanchored
C6-0278	4214	N	<PREFIX>_VM_START "anchored": every alternative of the whole pattern begins with ^ (outside multiline) or \A, so only offset 0 can start a match.	MAPPED	2179	stamp-vm-start	anchored row
C6-0279	4215	N	<PREFIX>_VM_START "gstart": every alternative begins with \G, so only the caller's own search_from can start a match.	MAPPED	2180	stamp-vm-start	gstart row
C6-0280	4216	N	<PREFIX>_VM_START "unanchored": nothing was proved, or -fno-vm-anchor-bound was given.	MAPPED	2181	stamp-vm-start	unanchored row: nothing proved or -fno-vm-anchor-bound
C6-0281	4218	N	Either non-"unanchored" <PREFIX>_VM_START value means the emitted search loop stops after ONE attempt (tuning.md 2.25).	MAPPED	2183	stamp-vm-start	either non-unanchored value means the emitted search loop stops after one attempt (tuning.md 2.25)
C6-0282	4219	N	The <PREFIX>_VM_START fact is pcrec_start_anchor's, derived from the AST above either engine.	MAPPED	2184	stamp-vm-start	fact is pcrec_start_anchor's, derived above either engine
C6-0283	4220	N	The DFA's own start_max is the same fact on the other engine, legible there through <PREFIX>_DFA_SCAN "attempt"; the two vocabularies are deliberately one.	MAPPED	2185	stamp-vm-start	on a DFA artifact the same fact is legible through _DFA_SCAN "attempt"; start_max name and deliberately-one-vocabulary remark not repeated
C6-0284	4224	N	A consumer may NOT read <PREFIX>_VM_START "unanchored" as "this pattern is not anchored": it is the safe answer of a conservative analysis.	MAPPED	2186	stamp-vm-start	"unanchored" does not mean "not anchored"
C6-0285	4225	N	A denied build, a backreference-leading pattern and a genuinely unanchored pattern all report <PREFIX>_VM_START "unanchored".	MAPPED	2186	stamp-vm-start	a denied build and a backreference-leading pattern report it too
C6-0286	4227	N	From the non-"unanchored" <PREFIX>_VM_START values a consumer may conclude a fact about the artifact's loop, never a promise about run time.	MAPPED	2183	stamp-vm-start	stated as a fact about the emitted search loop; general no-run-time-promise rule 1390-1392
C6-0287	4230	N	<PREFIX>_VM_START has no rx_info mirror, on <PREFIX>_DFA_TABLE's precedent, because no consumer reads the fact at run time today (D77).	MAPPED	1491	stamp-inventory	inventory mirror column "-"; 1355-1358 D77 rule
C6-0288	4233	N	<PREFIX>_VM_FRAMELESS (OPT-VMFL) is family (b), for _VM_CALL_SPLICED's reason: it is what the emitted program turned out to CONTAIN, not a decision the compiler made before emitting.	MAPPED	2058	stamp-vm-frameless	defined by what the emitted program contains (no RX_PUSH site, no linked call); family (b) label itself and the CALL_SPLICED comparison are not repeated
C6-0289	4235	N	There is no frameless mode anywhere upstream of the emitter.	MAPPED	1406	stamp-scoping	added (scoping rules)
C6-0290	4240	N	<PREFIX>_VM_FRAMELESS is 1 or 0 (e.g. #define RX_VM_FRAMELESS 1).	MAPPED	2068	stamp-vm-frameless	#define RX_VM_FRAMELESS 1 /* or 0 */
C6-0291	4243	N	<PREFIX>_VM_FRAMELESS is 1 iff the artifact's VM program emits no RX_PUSH site and no linked call, i.e. the fail label has no pop-and-resume goto * dispatch; 0 otherwise.	MAPPED	2058	stamp-vm-frameless	1 iff no RX_PUSH site and no linked call (fail label has no pop-and-resume goto * dispatch); 0 otherwise
C6-0292	4245	N	<PREFIX>_VM_FRAMELESS is unconditional on every VM artifact, hybrids included, and never defined on a pure-DFA artifact.	MAPPED	2008	stamp-vm	inventory scope vm (1438); every VM artifact hybrids included, never pure-DFA
C6-0293	4246	N	Both <PREFIX>_VM_FRAMELESS values are spelled, never one omitted, because a fact readable by a macro's absence is a discriminator that was removed from two checks (OPT-1's _FAST_FRAMES precedent).	MAPPED	1420	stamp-scoping	"A fact is never readable by a macro's ABSENCE... 0 and none spelled as readily as any other value"; example shows both values 2016
C6-0294	4251	N	<PREFIX>_VM_FRAMELESS is a scalar boolean and not a mask: "did any site emit a push" is a whole-artifact fact with no per-quantifier axis to mix.	MAPPED	2060	stamp-vm-frameless	"A scalar boolean (a whole-artifact fact)"; scalar-vs-mask rule 1383-1386
C6-0295	4251	N	The masks (_VM_RUNGS, _VM_STRATS, _VM_PRUNES) are masks because the rung/strategy/clamp is chosen per A_REP and a scalar would lie on a mixed artifact.	MAPPED	1431	stamp-scoping	masks used only where decision is per quantifier; the four masks named 1386
C6-0296	4254	N	<PREFIX>_VM_FRAMELESS has no rx_info mirror, on <PREFIX>_DFA_TABLE's precedent (D77); the trigger to add one is the same one RX_DFA_TABLE's entry names, as a struct append moving no existing offset.	MAPPED	1484	stamp-inventory	inventory mirror column "-"; D77 trigger rule 1355-1358
C6-0297	4261	N	<PREFIX>_VM_FRAMELESS reports a second fact about the same artifact (CC-DIFF STEP 1), deliberately the same macro rather than a new one.	MAPPED	2061	stamp-vm-frameless	FRAMELESS 1 also means the entry-chain statics are eligible for always_inline; same macro, no separate stamp mentioned
C6-0298	4262	N	<PREFIX>_VM_FRAMELESS 1 additionally means the artifact's eight VM entry-chain statics carry static inline __attribute__((always_inline)) (at abi 17); 0 means none of them does.	SUPERSEDED	2061	stamp-vm-frameless	now "ELIGIBLE for static inline always_inline"; _VM_ENTRY_SHAPE says which carry it; probe: 60-group literal pattern reads RX_VM_FRAMELESS 1 with ENTRY_SHAPE "plain" and zero always_inline; small one reads "inline" with 8; "0 means none does" still stated at 2011
C6-0299	4265	N	A separate stamp <PREFIX>_VM_INLINE_CHAIN was considered and rejected: it would carry the same value as _VM_FRAMELESS by construction, since the emitter derives both from the one has_push bool.	HISTORY			Records a rejected design alternative (_VM_INLINE_CHAIN), process not behaviour; also no longer true by construction since FRAMELESS 1 can read ENTRY_SHAPE "plain" (probe)
C6-0300	4270	N	A consumer that wants to know whether the VM entry chain is inlined reads <PREFIX>_VM_FRAMELESS, qualified by <PREFIX>_VM_ENTRY_SHAPE.	MAPPED	2061	stamp-vm-frameless	FRAMELESS 1 means eligible; _VM_ENTRY_SHAPE says which carry it (2010-2011, rows 2029-2036)
C6-0301	4273	N	CHECK: Since CC-DIFF STEP 2 (2026-09-04), <PREFIX>_VM_FRAMELESS 1 is a necessary and no longer a sufficient condition for the entry-chain inline attribute; <PREFIX>_VM_ENTRY_SHAPE carries the rest.	MAPPED	2061	stamp-vm-frameless	New states 1 = ELIGIBLE and ENTRY_SHAPE says which carry it (2009-2013); probe: --no-captures a[bc]d+e --vm-entry-shape=1 gives FRAMELESS 1 + "plain". The CC-DIFF date is history.
C6-0302	4277	N	A frameless artifact may carry the inline attribute on all eight entry-chain statics (<PREFIX>_VM_ENTRY_SHAPE inline or forward).	MAPPED	2086	stamp-vm-entry-shape	added (entry-shape table)
C6-0303	4278	N	A frameless artifact may carry the inline attribute on seven statics with the matcher noinline (<PREFIX>_VM_ENTRY_SHAPE shared).	MAPPED	2085	stamp-vm-entry-shape	shared row: seven statics inline, matcher noinline. Probe: shared gives 7 always_inline + 1 noinline.
C6-0304	4279	N	A frameless artifact may carry the inline attribute on none (<PREFIX>_VM_ENTRY_SHAPE plain), which AUTO selects above the size term where the forward rungs are illegal.	MAPPED	2084	stamp-vm-entry-shape	added (entry-shape table)
C6-0305	4280	N	<PREFIX>_VM_FRAMELESS 1 means the artifact is ELIGIBLE for the entry-chain inline attribute; <PREFIX>_VM_ENTRY_SHAPE says what was actually emitted.	MAPPED	2061	stamp-vm-frameless	FRAMELESS 1 means eligible for static inline always_inline; ENTRY_SHAPE says which carry it (2009-2011).
C6-0306	4282	N	<PREFIX>_VM_FRAMELESS 0 means none of the entry-chain statics carries the inline attribute; a framed artifact is plain by construction and there is no second route to 0.	MAPPED	2063	stamp-vm-frameless	"0 means none does (a framed artifact is plain by construction: gcc refuses always_inline on computed goto)" 2011-2013.
C6-0307	4286	N	<PREFIX>_VM_ENTRY_SHAPE and <PREFIX>_VM_PROGRAM_BYTES (CC-DIFF STEP 2, 2026-09-04) are family (b), for _VM_FRAMELESS's reason.	MAPPED	2008	stamp-vm	Both are scoped VM and in the 6.3.8 capacity-and-activity group (family b, 1362-1364, 1439, 1956); the "for FRAMELESS's reason" phrasing is dropped but scope is stated.
C6-0308	4288	N	There is no entry-shape mode upstream of the emitter: the rung is chosen where the program has just been emitted, from the program's own size and what it turned out to contain.	MAPPED	1409	stamp-scoping	added, corrected: AUTO picks after emission; --vm-entry-shape=N can name a rung
C6-0309	4293	N	<PREFIX>_VM_ENTRY_SHAPE has values "forward", "plain", "shared", "inline".	MAPPED	2082	stamp-vm-entry-shape	Value-set table 2029-2035 lists plain, shared, forward, inline; example comment 2025 too.
C6-0310	4294	N	<PREFIX>_VM_PROGRAM_BYTES is an unsigned long long integer (e.g. 646ULL).	MAPPED	2078	stamp-vm-entry-shape	Example 646ULL (ULL suffix; emit_vm.c stamps %lluULL) and table 1439 "integer"; no prose says unsigned long long beyond the literal spelling.
C6-0311	4297	N	<PREFIX>_VM_ENTRY_SHAPE names the rung the emitter took for the artifact's six entries.	MAPPED	2072	stamp-vm-entry-shape	"the rung the emitter took for the artifact's six entries" 2020-2021.
C6-0312	4298	N	<PREFIX>_VM_ENTRY_SHAPE "plain": one body, six framed entries.	MAPPED	2084	stamp-vm-entry-shape	plain row: one body, six framed entries.
C6-0313	4299	N	<PREFIX>_VM_ENTRY_SHAPE "shared": one out-of-line body behind three forwarding entries.	MAPPED	2085	stamp-vm-entry-shape	shared row: one out-of-line body behind three forwarding entries.
C6-0314	4300	N	<PREFIX>_VM_ENTRY_SHAPE "forward": three bodies in the three _in entries, three forwards.	MAPPED	2086	stamp-vm-entry-shape	forward row: three bodies in the three _in entries, three forwards.
C6-0315	4300	N	<PREFIX>_VM_ENTRY_SHAPE "inline": six bodies (what STEP 1(a) shipped).	MAPPED	2087	stamp-vm-entry-shape	inline row: six bodies (the STEP 1(a) remark is history).
C6-0316	4301	N	<PREFIX>_VM_ENTRY_SHAPE is a closed token (as <PREFIX>_ENGINE_SEL is); a consumer cannot bucket on prose, and the value set is fixed at four by the emitter's own enum.	MAPPED	2089	stamp-vm-entry-shape	"A closed token fixed at four by the emitter's own enum."
C6-0317	4305	N	<PREFIX>_VM_PROGRAM_BYTES is the artifact's emitted VM program size in bytes: the exact quantity VM_INLINE_CHAIN_MAX_BYTES was compared against when AUTO chose the rung.	MAPPED	2089	stamp-vm-entry-shape	"emitted VM program size in bytes - the exact quantity VM_INLINE_CHAIN_MAX_BYTES was compared against when AUTO chose the rung" 2037-2040.
C6-0318	4307	N	<PREFIX>_VM_ENTRY_SHAPE and <PREFIX>_VM_PROGRAM_BYTES are unconditional on every VM artifact, hybrids included, and never defined on a pure-DFA artifact.	MAPPED	2008	stamp-vm	Row 1439 scope vm; 1956-1957 "every VM artifact, hybrids included, never on a pure-DFA artifact"; 1374-1378 always emitted within scope. Probe: DFA artifact has no VM_ENTRY_SHAPE.
C6-0319	4311	N	Since abi 54 (K79), <PREFIX>_VM_PROGRAM_BYTES is measured at the canonical prefix length of two bytes: the program is emitted under a two-byte placeholder prefix and the caller's -p spelling is written afterwards (limits.md "Size limits and the prefix").	MAPPED	2092	stamp-vm-entry-shape	Canonical two-byte prefix: program emitted under two-byte placeholder, caller's -p written afterwards, limits.md "Size limits and the prefix" cited (2040-2043). abi 54/K79 date is history.
C6-0320	4314	N	<PREFIX>_VM_PROGRAM_BYTES is the program's length as it reads at -p rx, the same under every prefix, and the entry-shape rung chosen is the same under every prefix.	MAPPED	2094	stamp-vm-entry-shape	"the number and the rung are the same under every prefix". Probe: -p rx and -p verylongprefix_name both PROGRAM_BYTES 1148ULL, "forward".
C6-0321	4319	N	Four artifacts can stamp <PREFIX>_VM_ENTRY_SHAPE "plain" for four different reasons (framed, forward-illegal above the term, tiered, or asked for), so the shape alone does not distinguish them.	MAPPED	2095	stamp-vm-entry-shape	plain has four causes (framed, forward-illegal above the size term, tiered, or asked for) 2043-2045.
C6-0322	4322	N	<PREFIX>_VM_FRAMELESS separates the framed reason for "plain"; the program size (<PREFIX>_VM_PROGRAM_BYTES) against the stamped limit separates the rest.	MAPPED	2097	stamp-vm-entry-shape	_VM_FRAMELESS and the size against the stamped limit tell the causes apart (2045-2046); wording folds tiered/asked-for into "the rest".
C6-0323	4327	N	<PREFIX>_VM_ENTRY_SHAPE and <PREFIX>_VM_PROGRAM_BYTES are scalars, not masks: the entry shape is a whole-artifact fact with no per-A_REP axis to mix.	MAPPED	2098	stamp-vm-entry-shape	"Both are scalars." Scalar-vs-mask rule at 1383-1386; the per-A_REP reasoning is not repeated.
C6-0324	4328	N	Neither <PREFIX>_VM_ENTRY_SHAPE nor <PREFIX>_VM_PROGRAM_BYTES has an rx_info mirror, on RX_DFA_TABLE's precedent (D77).	MAPPED	2009	stamp-vm	6.3.8 intro "None has an rx_info mirror except the budgets"; row 1439 mirror "-"; D77 rule 1354-1358.
C6-0325	4332	N	<PREFIX>_VM_ALT_ISLANDS (ENG-ISL STEP 1, 2026-09-03) is family (b), for RX_ALTCLS_FACTORED's reason: what the emitted program turned out to CONTAIN, decided alternation by alternation in src/gen/emit_vm.c.	MAPPED	2101	stamp-vm-alt-islands	Count of alternations lowered as island, chosen per alternation (2049-2051); 6.3.8 group is the VM-activity family. The emit_vm.c locus and RX_ALTCLS_FACTORED comparison are not repeated.
C6-0326	4334	N	There is no island mode anywhere upstream of the emitter.	MAPPED	1406	stamp-scoping	added (scoping rules)
C6-0327	4338	N	<PREFIX>_VM_ALT_ISLANDS is an integer count (e.g. #define RX_VM_ALT_ISLANDS 1, or 0, or more).	MAPPED	2111	stamp-vm-alt-islands	Example "RX_VM_ALT_ISLANDS 1 /* or 0, or more */"; row 1440 count.
C6-0328	4341	N	<PREFIX>_VM_ALT_ISLANDS is the number of the artifact's flat alternations that the VM lowered as an ALTERNATION ISLAND (a trie dispatch over the alternation's literal alternatives) rather than as vm_alt's serial resume chain (tuning.md 2.20).	MAPPED	2101	stamp-vm-alt-islands	Same definition: trie dispatch over literal alternatives rather than serial resume chain; tuning.md 2.20 cited.
C6-0329	4344	N	<PREFIX>_VM_ALT_ISLANDS is unconditional on every VM artifact, hybrids included, and never defined on a pure-DFA artifact; 0 is spelled as readily as any other value.	MAPPED	2008	stamp-vm	Scope vm (1440), 1956-1957, and 1374-1378 "0 and none spelled as readily as any other value".
C6-0330	4347	N	A DFA artifact carries no <PREFIX>_VM_ALT_ISLANDS decision, since the DFA route determinizes the same trie for every alternation whether or not anyone names it.	MAPPED	2108	stamp-vm-alt-islands	"A DFA route has no such decision." The determinizes-the-same-trie reason is not repeated.
C6-0331	4352	N	<PREFIX>_VM_ALT_ISLANDS is a COUNT and not a boolean, on RX_ALTCLS_MERGES/_FACTORED's precedent: the island is selected per alternation, so a pattern with two can take it for one and decline the other.	MAPPED	2103	stamp-vm-alt-islands	"A count, because the island is chosen per alternation."
C6-0332	4355	N	<PREFIX>_VM_ALT_ISLANDS is not a mask, for _DFA_UNIFORM_FOLDS' reason: it is a whole-artifact total with no per-alternation axis to mix.	MAPPED	1429	stamp-scoping	"a count is a whole-artifact total; a MASK is used only where the decision is taken per quantifier". The _DFA_UNIFORM_FOLDS cross-reference is dropped.
C6-0333	4360	N	A consumer may conclude from <PREFIX>_VM_ALT_ISLANDS that the artifact dispatches its alternations by byte rather than by trying them in turn.	MAPPED	2105	stamp-vm-alt-islands	"dispatches its alternations by byte" (2053-2054).
C6-0334	4361	N	With islands, the artifact's cost on a wide alternation does not scale with the branch INDEX of the winner.	MAPPED	2106	stamp-vm-alt-islands	"cost on a wide alternation does not scale with the winner's branch index".
C6-0335	4362	N	With islands, the artifact's emitted size does not depend on the ORDER the alternatives were written in.	MAPPED	2107	stamp-vm-alt-islands	"its size does not depend on the order the alternatives were written".
C6-0336	4363	N	A consumer may NOT conclude anything about the answers from <PREFIX>_VM_ALT_ISLANDS: an island reports the same alternative, in the same backtracking order, as the chain.	MAPPED	2107	stamp-vm-alt-islands	"the island reports the same alternative, in the same backtracking order, as the chain" + general 1390-1392. Note tuning.md 2.20 adds a budget-binding caveat (island may answer where chain gives up).
C6-0337	4367	N	<PREFIX>_VM_ALT_ISLANDS has no rx_info mirror, on <PREFIX>_DFA_TABLE's precedent (D77); the trigger to add one is the same one RX_DFA_TABLE's entry names.	MAPPED	1392	stamp-scoping	1354-1358 mirror only when a named consumer reads at run time (D77); row 1440 "-"; 1957.
C6-0338	4372	N	<PREFIX>_VM_CLS_FOLDS (FORM-CHAR STEP 1, 2026-09-05) is family (b), for _VM_ALT_ISLANDS' reason: what the emitted program turned out to CONTAIN, decided pool class by pool class by the fold rows of src/gen/clskit.c's class-form table (byte-fold, byte-fold-default).	MAPPED	2115	stamp-vm-cls-folds	Count of VM class-pool entries in the ASCII-FOLD shape, chosen by the fold rows of clskit.c class-form table (2063-2067).
C6-0339	4374	N	There is no fold mode anywhere upstream of the emitter.	MAPPED	1406	stamp-scoping	added (scoping rules)
C6-0340	4377	N	<PREFIX>_VM_CLS_FOLDS counts a VM program's folds only; a DFA scan edge's fold (abi 53, --tune=-2/-1) is reported by <PREFIX>_DFA_SCAN_EDGE "fold".	MAPPED	2120	stamp-vm-cls-folds	"A DFA scan edge's fold is reported by <PREFIX>_DFA_SCAN_EDGE "fold", not here."
C6-0341	4382	N	<PREFIX>_VM_CLS_FOLDS is an integer count (e.g. #define RX_VM_CLS_FOLDS 6, or 0, or any count).	MAPPED	2124	stamp-vm-cls-folds	Example "RX_VM_CLS_FOLDS 6 /* or 0, or any count */"; row 1441 count.
C6-0342	4385	N	<PREFIX>_VM_CLS_FOLDS is the number of the artifact's VM class-pool entries whose membership test takes the ASCII-FOLD shape (tuning.md 2.22).	MAPPED	2115	stamp-vm-cls-folds	"number of the VM program's class-pool entries tested in the ASCII-FOLD shape" (tuning.md 2.22).
C6-0343	4386	N	The ASCII-FOLD shape is a two-member set differing only in bit 0x20, both members letters, tested as (byte | 0x20) == lower with NO 32-byte bitmap table emitted for it.	MAPPED	2116	stamp-vm-cls-folds	two-member set differing only in bit 0x20, both letters, (byte | 0x20) == lower, no 32-byte bitmap emitted.
C6-0344	4389	N	<PREFIX>_VM_CLS_FOLDS is unconditional on every VM artifact, hybrids included, and never defined on a pure-DFA artifact; 0 is spelled as readily as any other value.	MAPPED	2008	stamp-vm	Scope vm (1441); 1956-1957; 0 spelled as readily as any value (1374-1378).
C6-0345	4391	N	The DFA route's class machinery (byte-class partition, scan-edge bodies) never consults the byte-fold row, so <PREFIX>_VM_CLS_FOLDS has nothing to report there.	SUPERSEDED	2120	stamp-vm-cls-folds	Old: DFA class machinery never consults the byte-fold row. Now a DFA scan edge does at --tune=-2/-1 (1670, 2068-2069). Probe: (?i)[a]{40}x --engine=dfa --tune=-2 gives DFA_SCAN_EDGE "fold"; --tune=0 gives "bitmap".
C6-0346	4395	N	<PREFIX>_VM_CLS_FOLDS is a COUNT and not a boolean, on _VM_ALT_ISLANDS' precedent: the shape is selected per pool class, so a pattern can mix fold-pair positions with bitmap classes.	MAPPED	2115	stamp-vm-cls-folds	Row 1441 kind count and "the number of ... class-pool entries" (per pool class); the count-not-boolean wording and mixing-with-bitmap-classes example are not spelled out.
C6-0347	4397	N	Distinct pool entries are distinct sets, so distinct fold classes carry distinct compare constants, which lets a structural check hold the <PREFIX>_VM_CLS_FOLDS number to the artifact's own text.	MAPPED	2119	stamp-vm-cls-folds	"Distinct fold classes carry distinct compare constants, so a structural check can hold the count to the text."
C6-0348	4402	N	A consumer may conclude from <PREFIX>_VM_CLS_FOLDS that the artifact's caseless-letter positions test by one or-mask-and-compare each (no load) and that it carries that many fewer 32-byte class tables.	MAPPED	2116	stamp-vm-cls-folds	(byte | 0x20) == lower with no 32-byte bitmap emitted (2064-2066): one or-mask-and-compare, no table.
C6-0349	4404	N	A consumer may NOT conclude anything about the answers from <PREFIX>_VM_CLS_FOLDS: the fold compare and the bitmap read are the same predicate over the set's own two bytes.	MAPPED	1436	stamp-scoping	General rule: stamps never change answers unless a row says otherwise (1390-1392); the same-predicate reasoning is not repeated.
C6-0350	4408	N	<PREFIX>_VM_CLS_FOLDS has no rx_info mirror, on the same precedent and reason as <PREFIX>_VM_ALT_ISLANDS (D77).	MAPPED	2009	stamp-vm	No rx_info mirror except budgets; row 1441 mirror "-".
C6-0351	4411	N	<PREFIX>_VM_LIT_RUNS (OPT-LITSCAN S2a, abi 41) is family (b), for _VM_CLS_FOLDS' reason.	MAPPED	1488	stamp-inventory	Row 1442 vm count in 6.3.8 (VM activity family, 1362-1364, 1956); OPT-LITSCAN S2a/abi 41 is history.
C6-0352	4415	N	<PREFIX>_VM_LIT_RUNS is an integer count (e.g. #define RX_VM_LIT_RUNS 5, or 0, or any count).	MAPPED	2136	stamp-vm-lit-runs	Example "RX_VM_LIT_RUNS 5 /* or 0, or any count */".
C6-0353	4418	N	<PREFIX>_VM_LIT_RUNS is the number of literal-run compares the artifact's VM program writes.	MAPPED	2128	stamp-vm-lit-runs	"the number of literal-run compares the VM program writes".
C6-0354	4419	N	A literal run counted in <PREFIX>_VM_LIT_RUNS is a run of three or more one-byte literals in a concatenation (OPT-LITSCAN F5, abi 43, D127, narrowed from two: a two-byte run reads cheaper as its own two-node byte chain, tuning.md 2.31).	MAPPED	2129	stamp-vm-lit-runs	run of three or more one-byte literals in a concatenation; a two-byte run stays a two-node byte chain (2077-2078).
C6-0355	4421	N	An alternation island's single-child trie chain is also counted in <PREFIX>_VM_LIT_RUNS, unaffected by F5's floor (its own mechanism).	MAPPED	2130	stamp-vm-lit-runs	"and an alternation island's single-child trie chain" counted; F5-floor nuance dropped.
C6-0356	4423	N	Each counted literal run is compared as one bounds check and one run compare (tuning.md 2.31, 2.38).	MAPPED	2131	stamp-vm-lit-runs	"each one bounds check and one run compare" (tuning.md 2.31, 2.38).
C6-0357	4424	N	Since abi 58 a run compare is a constant-length memcmp or, at the lengths gcc decomposes, two overlapping word compares.	MAPPED	2132	stamp-vm-lit-runs	constant-length memcmp, or at lengths gcc decomposes two overlapping word compares.
C6-0358	4426	N	<PREFIX>_VM_LIT_RUNS is unconditional on every VM artifact, hybrids included, never defined on a pure-DFA artifact.	MAPPED	2008	stamp-vm	Scope vm (1442) + 1956-1957.
C6-0359	4428	N	<PREFIX>_VM_LIT_RUNS is 0 under -fno-lit-run.	MAPPED	2133	stamp-vm-lit-runs	"0 under -fno-lit-run."
C6-0360	4428	N	<PREFIX>_VM_LIT_RUNS is a COUNT, for _VM_CLS_FOLDS' and _VM_ALT_ISLANDS' reason.	MAPPED	2128	stamp-vm-lit-runs	Row 1442 kind count and "the number of ..."; no explicit count-vs-boolean reason.
C6-0361	4428	N	A consumer may NOT conclude anything about the answers from <PREFIX>_VM_LIT_RUNS; they are identical either way.	MAPPED	1436	stamp-scoping	General rule 1390-1392 (never answers); row says nothing contrary.
C6-0362	4432	N	<PREFIX>_VM_CLS_KIT (CLS-TREE S4, 2026-09-29, abi 48) is family (b), for _VM_CLS_FOLDS' reason.	MAPPED	1489	stamp-inventory	Row 1443 vm count in 6.3.8 activity group; CLS-TREE S4/abi 48 is history.
C6-0363	4436	N	<PREFIX>_VM_CLS_KIT is an integer count (e.g. #define RX_VM_CLS_KIT 1, or 0, or any count).	MAPPED	2151	stamp-vm-cls-kit	Example "RX_VM_CLS_KIT 1 /* or 0, or any count */".
C6-0364	4439	N	<PREFIX>_VM_CLS_KIT is the number of distinct class-matcher functions (<prefix>_wcls<N> and, since abi 51, <prefix>_class_kit<N>) the artifact's VM program calls.	MAPPED	2140	stamp-vm-cls-kit	"number of distinct class-matcher functions the VM program calls: <prefix>_wcls<N> and <prefix>_class_kit<N>".
C6-0365	4441	N	A wcls matcher is a wide class tested as one decode and one matcher.	MAPPED	2141	stamp-vm-cls-kit	wcls: wide class, more than one member and some member deeper than one code unit, tested as decode plus one matcher.
C6-0366	4442	N	A class_kit matcher is a byte class tested by the kit's K form at --tune=-2/-1, where the kit is smaller than the class's table (tuning.md 2.33).	MAPPED	2143	stamp-vm-cls-kit	class_kit: byte class tested by kit's form at --tune=-2/-1 where kit smaller than the class's table (tuning.md 2.33).
C6-0367	4444	N	A DFA scan edge's kit matcher (<prefix>_<machine>_scankit<N>) is not counted in <PREFIX>_VM_CLS_KIT; it is reported by <PREFIX>_DFA_SCAN_EDGE "kit".	MAPPED	2146	stamp-vm-cls-kit	"A DFA scan edge's kit matcher is not counted here."; the DFA_SCAN_EDGE "kit" side is at 1672.
C6-0368	4446	N	<PREFIX>_VM_CLS_KIT is emitted on every VM artifact, hybrids included, and never on a pure-DFA artifact.	MAPPED	2008	stamp-vm	Scope vm (1443) + 1956-1957.
C6-0369	4448	N	<PREFIX>_VM_CLS_KIT reads 0 under -fno-cls-kit.	MAPPED	2147	stamp-vm-cls-kit	"0 under -fno-cls-kit".
C6-0370	4448	N	<PREFIX>_VM_CLS_KIT reads 0 under -e byte at --tune=0/+1/+2.	MAPPED	2147	stamp-vm-cls-kit	"and under -e byte at 0/+1/+2".
C6-0371	4449	N	<PREFIX>_VM_CLS_KIT is a COUNT, for the entries above's reason.	MAPPED	1489	stamp-inventory	Row 1443 kind count; "the number of distinct ..." 2088.
C6-0372	4449	N	A consumer may NOT conclude anything about the answers from <PREFIX>_VM_CLS_KIT; they are identical either way.	MAPPED	1436	stamp-scoping	General rule 1390-1392.
C6-0373	4451	N	A consumer may NOT conclude which form a matcher took from <PREFIX>_VM_CLS_KIT: that is --emit-ir's consume row and the matcher's own text.	MAPPED	2147	stamp-vm-cls-kit	"Which form a matcher took is --emit-ir's consume row and the matcher's own text."
C6-0374	4454	N	<PREFIX>_VM_CLS_ATOMS (OPT-CLSPACK, 2026-09-30, abi 48) is family (b), for _VM_CLS_FOLDS' reason.	MAPPED	1490	stamp-inventory	Row 1444 vm count in 6.3.8 activity group; OPT-CLSPACK date/abi is history.
C6-0375	4458	N	<PREFIX>_VM_CLS_ATOMS is 0 or the shared table's atom count, 1..64.	MAPPED	2159	stamp-vm-cls-atoms	"the number of atoms the table numbers, 1..64"; example 2114.
C6-0376	4461	N	<PREFIX>_VM_CLS_ATOMS is non-zero exactly when the artifact's VM program tests its table-read byte classes through ONE shared byte->atom table (<prefix>_class_atoms, tuning.md 2.34); then it is the number of atoms that table numbers.	MAPPED	2155	stamp-vm-cls-atoms	non-zero exactly when VM tests table-read byte classes through ONE shared byte-to-atom table (<prefix>_class_atoms) (2103-2108).
C6-0377	4464	N	<PREFIX>_VM_CLS_ATOMS 0 means a 32-byte bitmap per class (or no table-read class at all).	MAPPED	2162	stamp-vm-cls-atoms	"0 means a 32-byte bitmap per class, or no table-read class."
C6-0378	4465	N	<PREFIX>_VM_CLS_ATOMS is emitted on every VM artifact, hybrids included, and never on a pure-DFA artifact.	MAPPED	2008	stamp-vm	Scope vm (1444) + 1956-1957.
C6-0379	4466	N	<PREFIX>_VM_CLS_ATOMS reads 0 under -fno-cls-pack.	MAPPED	2163	stamp-vm-cls-atoms	"0 under -fno-cls-pack; -fno-cls-kit denies the atom table too."
C6-0380	4467	N	A consumer may NOT conclude anything about the answers from <PREFIX>_VM_CLS_ATOMS; they are identical either way.	MAPPED	1436	stamp-scoping	General rule 1390-1392.
C6-0381	4470	N	<PREFIX>_FAST_FRAMES and <PREFIX>_FAST_TRAIL (OPT-1, 2026-08-25) are family (b) macros.	MAPPED	1493	stamp-inventory	Row 1447 vm integer; 6.3.8 activity/capacity group; OPT-1 date is history.
C6-0382	4471	N	<PREFIX>_FAST_FRAMES and <PREFIX>_FAST_TRAIL report the capacities the un-suffixed entries' FAST TIER runs on (sections 3, 10.9).	MAPPED	2195	stamp-fast	"the capacities the un-suffixed entries' FAST TIER runs on (10.9)".
C6-0383	4473	N	<PREFIX>_FAST_FRAMES and <PREFIX>_FAST_TRAIL are on every VM artifact, single-tier ones included.	MAPPED	2196	stamp-fast	"on every VM artifact, single-tier ones included."
C6-0384	4476	N	<PREFIX>_FAST_FRAMES is an integer (e.g. 47, tiered: below the stamped default).	MAPPED	2200	stamp-fast	Example "RX_FAST_FRAMES 47 /* tiered: below the stamped default */"; row 1447 integer.
C6-0385	4477	N	<PREFIX>_FAST_TRAIL is an integer (e.g. 71).	MAPPED	2201	stamp-fast	Example "RX_FAST_TRAIL 71".
C6-0386	4480	N	<PREFIX>_FAST_FRAMES == <PREFIX>_RESUME_FRAMES is the statement "this artifact has one tier", and it is the only spelling of it.	MAPPED	2204	stamp-fast	"FAST_FRAMES == RESUME_FRAMES is the statement this artifact has one tier, and the only spelling of it." Probe: -fno-tiered-entry gives FAST_FRAMES 2048 = RESUME_FRAMES 2048.
C6-0387	4482	N	A single-tier artifact arises when the stamped default already fits a page.	MAPPED	2206	stamp-fast	"the stamped default already fits a page" (2154-2156).
C6-0388	4483	N	A single-tier artifact arises when the slot array alone does not fit a page.	MAPPED	2206	stamp-fast	"the slot array alone does not [fit]" (2154-2155).
C6-0389	4483	N	A single-tier artifact arises when the scaled fast tier would be too small to be worth two runs.	MAPPED	2207	stamp-fast	"the scaled fast tier would be too small to be worth two runs".
C6-0390	4484	N	A single-tier artifact arises under -fno-tiered-entry.	MAPPED	2208	stamp-fast	"or -fno-tiered-entry".
C6-0391	4484	N	A consumer that needs to distinguish the causes of a single tier reads rx_info.flags and the pattern, not a missing macro.	SUPERSEDED	2208	stamp-fast	DOC DEFECT: old doc said a consumer distinguishes the single-tier causes by reading rx_info.flags; -fno-tiered-entry is masked out of flags (tuning.md §2 rule, §2.12). New doc states they are not distinguishable from flags
C6-0392	4485	N	<PREFIX>_FAST_FRAMES and <PREFIX>_FAST_TRAIL are never absent on a VM artifact.	MAPPED	2196	stamp-fast	"on every VM artifact" + 1374-1378 (never readable by macro absence).
C6-0393	4489	N	<PREFIX>_FAST_FRAMES and <PREFIX>_FAST_TRAIL are family (b), not section 10.4: section 10.4's five macros (both engines) are arithmetic a caller must do in order to call an _in entry, whereas no entry takes a fast capacity and no caller sizes anything from one.	MAPPED	2208	stamp-fast	".c-private: no entry takes a fast capacity and no caller sizes anything from one"; row 1447 (b) vs 10.4 macros in .h at 1456. The explicit contrast with 10.4 is not worded.
C6-0394	4493	N	<PREFIX>_FAST_FRAMES and <PREFIX>_FAST_TRAIL are .c-private like the budget macros, so a consumer reading only the header does not see them.	MAPPED	2208	stamp-fast	".c-private" here + 1350-1353 (every other stamp is in the .c only, needs self-contained artifact).
C6-0395	4495	N	A consumer's code should not branch on the tier boundary.	MAPPED	2210	stamp-fast	"a caller's code should not branch on the tier boundary."
C6-0396	4498	N	On a DFA artifact the (b) macros are absent: no budget macros and no _VM_RUNGS/_VM_STRATS/_VM_PRUNES masks.	MAPPED	1404	stamp-scoping	Family (b) VM-only, DFA artifact has no such activity (1363-1364); 1379-1382 #if on (b) macro does not compile on DFA; budgets/masks rows 1434, 1446 scope vm. Probe: DFA artifact has none of them.
C6-0397	4500	N	A --no-captures build defines RX_NCAPS and the two RX_ALTCLS_* stamps.	MAPPED	2371	stamp-altcls	ALTCLS_MERGES/FACTORED on every artifact (1413, 2316-2317); NCAPS row 1455 "all (.h)". Probe: --no-captures DFA build defines RX_NCAPS 1 and both ALTCLS.
C6-0398	4501	N	Since ABI-NS (2026-08-18, D60), unconditionally on every artifact regardless of engine: the give-up code space, the unset sentinel, PCREC_ENGINE_DFA/PCREC_ENGINE_VM, and the nine D46 stamp bit constants (PCREC_VM_RUNG_*/PCREC_VM_STRAT_*/PCREC_VM_PRUNE_*) are defined.	MAPPED	87	abi-block	Shared block carries the give-up codes, PCREC_UNSET, engine constants, nine stamp bit constants, unconditionally on every artifact DFA-only included (84-90); ABI-NS date is history.
C6-0399	4505	N	The universal constants on a DFA artifact have the same "reserved but unreachable" shape the give-up codes had.	MAPPED	250	abi-types	"emitted even on an artifact that can never produce the value (a DFA-only artifact never returns a give-up code and never stamps a VM mask)" 244-247. "reserved but unreachable" wording not used.
C6-0400	4506	N	A DFA artifact does NOT carry the budget macros and the three OR'd masks RX_VM_RUNGS, RX_VM_STRATS, RX_VM_PRUNES; they stay VM-artifacts-only because a DFA artifact has no per-quantifier rung/strategy/clamp decision to summarize.	MAPPED	1404	stamp-scoping	Budget macros (row 1446) and the masks (row 1434) are scope vm; family (b) not on DFA (1363-1364); 1379-1382. Probe: DFA artifact has no STEP_BUDGET/VM_RUNGS.
C6-0401	4510	N	RX_ENGINE_WHY stays VM-only: it names the construct that FORCED the VM, and a DFA artifact was not forced.	MAPPED	1528	stamp-engine-why	"VM artifacts only: a DFA artifact was not forced" (1482-1483); row 1411 scope vm.
C6-0402	4512	N	A DFA artifact's rx_info.engine_why is NULL, so RX_ENGINE_WHY's absence mirrors the struct.	MAPPED	1529	stamp-engine-why	"its rx_info.engine_why is NULL for the same reason".
C6-0403	4515	N	<PREFIX>_ENGINE_SEL (OPT-4, 2026-08-29) is the same decision as <PREFIX>_ENGINE_WHY expressed as a TOKEN, a different macro on purpose.	MAPPED	1544	stamp-engine-sel	"the same decision as a CLOSED TOKEN a consumer can bucket on" (ENGINE_WHY is prose 1480).
C6-0404	4517	N	<PREFIX>_ENGINE_WHY is prose, written for a person and allowed to name an offset, a construct or a build outcome; a consumer cannot bucket on it.	MAPPED	1526	stamp-engine-why	ENGINE_WHY is prose naming construct or outcome; ENGINE_SEL the closed token consumers bucket on (1498). The "allowed to name an offset" detail is shown by example 1487.
C6-0405	4521	N	<PREFIX>_ENGINE_SEL has a CLOSED value set.	MAPPED	1550	stamp-engine-sel	Value-set table 1504-1514 and "CLOSED TOKEN" 1498.
C6-0406	4522	N	<PREFIX>_ENGINE_SEL is unconditional on every artifact, both engines, like _ENGINE and unlike _ENGINE_WHY (D81: a fact stamped only when interesting is a hint, and "selected" is a fact).	MAPPED	1545	stamp-engine-sel	"family (a), on every artifact, both engines"; D81 rule 1359-1362; row 1410 scope all.
C6-0407	4524	N	<PREFIX>_ENGINE_SEL and <PREFIX>_ENGINE_WHY are written from one derivation at src/opt/select_engine.c's single fit site; neither is parsed to produce the other.	MAPPED	1546	stamp-engine-sel	"written from one derivation at src/opt/select_engine.c's fit site; neither is parsed to produce the other."
C6-0408	4529	N	<PREFIX>_ENGINE_SEL "selected": auto chose on the AST and nothing overflowed; the common case, on both engines.	MAPPED	1553	stamp-engine-sel	selected row.
C6-0409	4530	N	<PREFIX>_ENGINE_SEL "forced": the caller named --engine=vm or --engine=dfa, so auto selected nothing.	MAPPED	1554	stamp-engine-sel	forced row.
C6-0410	4531	N	<PREFIX>_ENGINE_SEL "declined-nullable-default" (OPT-4.2, 2026-08-31): auto, nothing overflowed, and the ordinary hybrid's own exact prefilter language is nullable (matches the empty string), so the forward+reverse DFA pair would admit a zero-length match at every position and could never dismiss one.	MAPPED	1555	stamp-engine-sel	declined-nullable-default row (auto, nothing overflowed, ordinary hybrid's prefilter language admits the empty match, no prefilter survives); wording is now the empty_admits form.
C6-0411	4531	N	Since abi 68 (NULLABLE-ANCH), "nullable" for <PREFIX>_ENGINE_SEL "declined-nullable-default" is the empty_admits fact: a pattern whose every empty match crosses a non-multiline start AND end anchor (e.g. ^(\s+)*$) is not declined and reads "selected".	MAPPED	1555	stamp-engine-sel	"A pattern whose every empty match crosses a non-multiline start AND end anchor (^(\s+)*$) is not declined ... reads selected."
C6-0412	4531	N	Since abi 69 (DEC-VAR-ATTRIB) a ${...} pattern is never declined with "declined-nullable-default": its variable turns the prefilter off before nullability is asked, and it reads "selected".	MAPPED	1555	stamp-engine-sel	"a ${...} pattern is never declined here (its variable turns the prefilter off first); reads selected."
C6-0413	4531	N	-fprefilter overrides the "declined-nullable-default" decline.	MAPPED	1555	stamp-engine-sel	"-fprefilter overrides the decline".
C6-0414	4531	N	An explicit --engine=vm reads <PREFIX>_ENGINE_SEL "forced" (F-B2) rather than "declined-nullable-default".	MAPPED	1555	stamp-engine-sel	"an explicit --engine=vm reads forced" (tuning.md 2.17 cited).
C6-0415	4531	N	Under <PREFIX>_ENGINE_SEL "declined-nullable-default" no rung is involved and no prefilter survives; it is the general form of "declined-nullable" off the rung it is scoped to (tuning.md 2.17).	MAPPED	1555	stamp-engine-sel	"no prefilter survives" + 1525-1527 (one policy on two populations; never a ladder rung).
C6-0416	4532	N	<PREFIX>_ENGINE_SEL "overflowed-dfa": auto, the DFA was to be the ENGINE, its build overflowed a cap, and no prefilter survived the fallback (SEL-1).	MAPPED	1556	stamp-engine-sel	overflowed-dfa row.
C6-0417	4533	N	<PREFIX>_ENGINE_SEL "overflowed-prefilter": auto, the VM was already chosen for another reason, and only its auto-selected prefilter's DFA overflowed, so the prefilter was dropped.	MAPPED	1557	stamp-engine-sel	overflowed-prefilter row.
C6-0418	4534	N	<PREFIX>_ENGINE_SEL "collapsed-prefilter": auto, a DFA build overflowed a STATE cap, and the SEL-1 retry KEPT a prefilter by rebuilding it from the count-collapsed language (tuning.md 2.5, 2.17).	MAPPED	1558	stamp-engine-sel	collapsed-prefilter row.
C6-0419	4535	N	<PREFIX>_ENGINE_SEL "declined-nullable": auto, a SEL-1 or OPT-4 retry offered the count-collapsed prefilter and it was DECLINED because the collapsed language is nullable (matches the empty string).	MAPPED	1559	stamp-engine-sel	declined-nullable row.
C6-0420	4535	N	Under <PREFIX>_ENGINE_SEL "declined-nullable" no prefilter survives and the artifact is the one this compile produced before that retry existed (tuning.md 2.17, OPT-4.1).	MAPPED	1559	stamp-engine-sel	"no prefilter survives, and the artifact is the one this compile produced without that retry".
C6-0421	4536	N	<PREFIX>_ENGINE_SEL "size-cap-retry": an emitted-SIZE cap (not a DFA state cap) refused the exact artifact and a retry rebuilt a smaller one that SHIPPED.	MAPPED	1560	stamp-engine-sel	size-cap-retry row.
C6-0422	4536	N	The rungs reaching "size-cap-retry" are the size-cap ladder's (limits.md section 8), and the artifact's own axis stamps say which.	MAPPED	1560	stamp-engine-sel	limits.md 8 cited; "The artifact's own stamps say which rung".
C6-0423	4536	N	On a VM hybrid, "size-cap-retry" is LIM-1/OPT-4's rung with the count-collapsed prefilter surviving, legible as <PREFIX>_DFA_PREFILTER with <PREFIX>_PREFILTER_LANG_WHY "count-collapsed" (tuning.md 2.17).	SUPERSEDED	1560	stamp-engine-sel	Old named _DFA_PREFILTER with _PREFILTER_LANG_WHY "count-collapsed" (not real stamps). New: RX_VM_PREFILTER_LANG "count-collapsed"; live: emit_vm.c:11220 stamps "count-collapsed"/"exact" on VM_PREFILTER_LANG.
C6-0424	4536	N	On a VM hybrid, "size-cap-retry" may be the ladder's last rung (PF-DROP, D135) with the prefilter DROPPED, legible as <PREFIX>_VM_PREFILTER "none" with <PREFIX>_VM_PREFILTER_WHY "size cap retry, hybrid N > CAP".	MAPPED	1560	stamp-engine-sel	"ladder's last rung DROPPED the prefilter (RX_VM_PREFILTER "none" with RX_VM_PREFILTER_WHY)"; string form at 1738-1741.
C6-0425	4536	N	The <PREFIX>_VM_PREFILTER_WHY "size cap retry, hybrid N > CAP" string records the refused artifact's bytes and the cap it exceeded, and is the only "none" that stamp is written beside.	MAPPED	1786	stamp-vm-prefilter-why	"reading "size cap retry, hybrid N > CAP": the refused artifact's bytes and the cap it exceeded"; "only none it accompanies" at 1739-1740.
C6-0426	4536	N	On a DFA artifact, "size-cap-retry" is K53-SELRETRY's optional-contributor drop where the anchored match-here machine was dropped (tuning.md 2.15), legible as <PREFIX>_DFA_MATCH "search-filter".	MAPPED	1560	stamp-engine-sel	"on a DFA artifact, the anchored match-here machine was dropped (RX_DFA_MATCH "search-filter")"; tuning.md 2.15 pointer dropped.
C6-0427	4536	N	On a DFA artifact, "size-cap-retry" may be K59-PREMUL's premultiplied-table drop, legible as <PREFIX>_DFA_TABLE off "premultiplied".	MAPPED	1560	stamp-engine-sel	"or the premultiplied table was (RX_DFA_TABLE off "premultiplied")".
C6-0428	4536	N	"size-cap-retry" is distinct from "collapsed-prefilter", which is the SEL-1 DFA-state-cap rung's own success; the rungs are offered under different conditions in compile_driver's retry loop.	MAPPED	1558	stamp-engine-sel	collapsed-prefilter is the DFA STATE cap rung (1512) vs size-cap-retry "not a DFA state cap" (1514); compile_driver retry-loop locus not named.
C6-0429	4538	N	The last five <PREFIX>_ENGINE_SEL values (overflowed-dfa, overflowed-prefilter, collapsed-prefilter, declined-nullable, size-cap-retry) are all "fell back".	MAPPED	1562	stamp-engine-sel	"The last five are all fell back" (1516-1519); table order matches the five.
C6-0430	4539	N	The first four fallback values share one _ENGINE_WHY prose string ("dfa overflowed: ...") and differ in what SURVIVED.	MAPPED	1563	stamp-engine-sel	"the four overflow values share one prose string and differ in what survived".
C6-0431	4540	N	"size-cap-retry" has its own prose behavior: _ENGINE_WHY is unaffected by an emitted-size refusal, so it still reads whatever forced the VM or stays absent on a plain DFA build.	MAPPED	1541	stamp-engine-why	"An emitted-SIZE refusal does not change [ENGINE_WHY]"; 1517-1518 size-cap-retry differs in which CAP fell back.
C6-0432	4543	N	A consumer wanting only "did this compile fall back?" tests for all five fallback <PREFIX>_ENGINE_SEL values; one wanting cost or which cap reads which.	MAPPED	1565	stamp-engine-sel	"A consumer asking did this compile fall back? tests for all five." The cost-or-which-cap reading is implied by 1517-1518 only.
C6-0433	4545	N	"declined-nullable-default" is NOT among the five fallback values: nothing overflowed on that path; it is an ordinary compile whose own prefilter a policy declined and sits beside "forced"/"selected".	MAPPED	1566	stamp-engine-sel	"declined-nullable-default is not among them: nothing overflowed, and it sits beside selected/forced."
C6-0434	4550	N	<PREFIX>_ENGINE_SEL "declined-nullable" and "overflowed-dfa" are not the same outcome: both artifacts carry <PREFIX>_VM_PREFILTER "none", but the first is a rescue refused as useless and the second one that was not available.	MAPPED	1568	stamp-engine-sel	"are different outcomes though both carry RX_VM_PREFILTER none: the first is a rescue refused as useless, the second one that was unavailable."
C6-0435	4553	N	A consumer measuring what the collapse rung buys must not count "declined-nullable" as a case where the rung had nothing to offer.	MAPPED	1569	stamp-engine-sel	Implied by 1523-1527 (declined-nullable = a ladder rung offered a rescue); the consumer-advice sentence itself is not worded.
C6-0436	4556	N	"declined-nullable-default" and "declined-nullable" are the same policy on two different populations, kept as two values (OPT-4.2, 2026-08-31).	MAPPED	1571	stamp-engine-sel	"one policy on two populations".
C6-0437	4559	N	"declined-nullable" says a ladder RUNG offered a rescue and it was refused; "declined-nullable-default" says there was never a rung: the ordinary hybrid's own exact prefilter was declined.	MAPPED	1572	stamp-engine-sel	"the second says a ladder rung offered a rescue and it was refused; the first says there was never a rung."
C6-0438	4568	N	A size-rung retry that SUCCEEDS (collapsed prefilter survived) stamps <PREFIX>_ENGINE_SEL "size-cap-retry" (LIM-1, D90, 2026-08-30), not "selected".	MAPPED	1560	stamp-engine-sel	Successful retry with count-collapsed prefilter surviving reads size-cap-retry; LIM-1/D90 date is history.
C6-0439	4571	N	Before "size-cap-retry" existed, a successful OPT-4 size rung stamped "selected" because dfa_disabled is never set on this rung: the DFA build itself succeeded and the whole artifact was refused by an emitted-size cap.	HISTORY			States what a successful OPT-4 size rung stamped before size-cap-retry existed: past-state explanation, not current behaviour.
C6-0440	4580	N	A refused rescue (nullable) reads "declined-nullable"; one that shipped reads "size-cap-retry"; only a genuinely unremarkable compile reads "selected".	MAPPED	1553	stamp-engine-sel	selected is the unremarkable case (1507); refused rescue = declined-nullable (1513); shipped retry = size-cap-retry (1514).
C6-0441	4583	N	K53-SELRETRY (2026-09-10): a second rung joined <PREFIX>_ENGINE_SEL "size-cap-retry" rather than minting a third value.	MAPPED	1560	stamp-engine-sel	One value covers both the VM-hybrid rungs and the DFA-artifact drop rungs (1514); K53-SELRETRY date is history.
C6-0442	4584	N	An artifact carrying the optional anchored match-here machine (<PREFIX>_DFA_MATCH "unwrapped") that a size cap refuses is re-emitted without it (limits.md section 8, "The optional-contributor drop") and reads "size-cap-retry".	MAPPED	699	match-forms	3.2: anchored machine dropped to fit an emitted-size cap (limits.md 8 "optional-contributor drop") identified by ENGINE_SEL size-cap-retry (676-680); also 1514, 1710. Probe: \p{L} -e utf8 auto gives search-filter + size-cap-retry.
C6-0443	4590	N	Without the "size-cap-retry" value, \p{L} under -e utf8 would stamp "selected" while the artifact is slower than an unconstrained build's.	HISTORY			Counterfactual rationale for why the value was minted (what \p{L} would stamp without it), not a current-behaviour fact. The live behaviour is 1514 and probe auto \p{L} gives size-cap-retry.
C6-0444	4592	N	Which contributor a retry dropped is read off the artifact's own axis stamps, not off a second <PREFIX>_ENGINE_SEL value.	MAPPED	1575	stamp-engine-sel	"which contributor a retry dropped is read off the artifact's own stamps."
C6-0445	4594	N	The two "size-cap-retry" rungs cannot both fire on one compile (the first requires a VM hybrid, the second a DFA artifact), so the pair is exact.	MAPPED	1574	stamp-engine-sel	"The two size-cap rungs cannot both fire on one compile (the prefilter rungs need a VM hybrid, the drop rungs a DFA artifact)."
C6-0446	4599	N	Under a force form <PREFIX>_ENGINE_SEL reads "forced" and says nothing about a retry: "forced" is tested first and wins outright.	MAPPED	1577	stamp-engine-sel	"Under --engine=vm or --engine=dfa the value is forced and says nothing about a retry."
C6-0447	4601	N	--engine=dfa (or --engine=vm) on a pattern a size cap refused reads <PREFIX>_ENGINE_SEL "forced" however the compile was rescued.	MAPPED	1577	stamp-engine-sel	1531-1534; same; "however the compile was rescued" implied.
C6-0448	4602	M	Measured at K53-SELRETRY: --engine=dfa --features unicode-props -e utf8 -- '\p{L}' compiles and stamps <PREFIX>_ENGINE_SEL "forced" where the same pattern under auto stamps "size-cap-retry".	MAPPED	1580	stamp-engine-sel	Same measured case stated at 1534-1536. Probe confirms: --engine=dfa gives forced; auto gives size-cap-retry.
C6-0449	4606	M	The OPT-4 size rung's own witness stamps "forced" under --engine=vm.	MAPPED	1577	stamp-engine-sel	General forced rule covers --engine=vm; the OPT-4 witness itself is not named.
C6-0450	4607	N	The size-cap retry is not gated on auto, unlike SEL-1's engine fallback (which changes the engine a caller demanded); a drop rung changes only an entry-point form inside the requested engine.	MAPPED	1578	stamp-engine-sel	"which is not gated on auto: a drop rung changes an entry-point FORM inside the engine the caller demanded".
C6-0451	4610	N	No flag lets a caller demand the dropped anchored machine (-fno-anchored-dfa is deny-only).	MAPPED	1581	stamp-engine-sel	added
C6-0452	4611	N	A consumer needing the WHY on a forced compile reads <PREFIX>_DFA_MATCH and gets "this artifact has no anchored machine" without its cause.	MAPPED	1583	stamp-engine-sel	"A consumer of a forced compile reads <PREFIX>_DFA_MATCH for whether an anchored machine exists, without its cause."
C6-0453	4613	N	Distinguishing the five populations of the <PREFIX>_DFA_MATCH value needs <PREFIX>_ENGINE_SEL, which a force form has spent.	MAPPED	1583	stamp-engine-sel	Forced reads nothing about retry (1531-1532); DFA_MATCH gives existence without cause (1536-1537); 1710 says only size-cap drop reads size-cap-retry. Five-population point not worded as such.
C6-0454	4618	N	<PREFIX>_ENGINE_SEL has no rx_info mirror, on <PREFIX>_DFA_TABLE's precedent (D77); the trigger to add one is a named consumer rather than symmetry.	MAPPED	1547	stamp-engine-sel	"No rx_info mirror"; named-consumer trigger at 1354-1358.
C6-0455	4620	N	rx_info.engine_why continues to mirror the PROSE (<PREFIX>_ENGINE_WHY), not the token.	MAPPED	1547	stamp-engine-sel	"rx_info.engine_why mirrors the prose".
C6-0456	4623	N	RX_ENGINE_WHY can also name a build outcome, not only a construct (SEL-1, 2026-08-28).	MAPPED	1530	stamp-engine-why	"It can also name a BUILD OUTCOME".
C6-0457	4624	N	Under --engine=auto, a DFA build that overflows a cap (state count, table entries, the K7 element budget; tuning.md 2.11) is a selection outcome rather than a refusal, and the artifact falls back to the VM.	MAPPED	1530	stamp-engine-why	"under --engine=auto a DFA build that overflows a cap (state count, table entries, the K7 element budget, tuning.md 2.11) is a selection outcome, not a refusal" (1484-1487).
C6-0458	4627	N	A SEL-1 fallback artifact stamps its outcome in RX_ENGINE_WHY the same way every other forcing reason is stamped.	MAPPED	1533	stamp-engine-why	Fallback artifact stamps e.g. "dfa overflowed: >32000 states at pattern offset 0" in ENGINE_WHY.
C6-0459	4628	N	Since OPT-4 (2026-08-29) a SEL-1 fallback can appear beside RX_VM_PREFILTER "hybrid" rather than only beside "none": the fallback's first rung rebuilds the prefilter from the count-collapsed language instead of dropping it.	MAPPED	1535	stamp-engine-why	"Such an artifact can carry RX_VM_PREFILTER hybrid - the fallback's first rung rebuilds the prefilter from the count-collapsed language - or none" (1489-1492).
C6-0460	4631	N	RX_VM_PREFILTER_LANG_WHY "dfa overflow retry, exact nfa N" says the prefilter was rebuilt from the count-collapsed language (tuning.md 2.5, 2.17).	MAPPED	1537	stamp-engine-why	"RX_VM_PREFILTER_LANG_WHY "dfa overflow retry, exact nfa N" says so (tuning.md 2.5, 2.17)".
C6-0461	4632	N	Example RX_ENGINE_WHY for a DFA overflow: "dfa overflowed: >32000 states at pattern offset 0".	MAPPED	1533	stamp-engine-why	Example string quoted verbatim.
C6-0462	4633	N	The offset in an overflow RX_ENGINE_WHY is not tied to any one AST node (it is a property of the whole compile) and reads 0 by convention, the same position the underlying pcrec_ctx_fail reports at.	MAPPED	1534	stamp-engine-why	"the offset is 0 by convention, because the reason belongs to the whole compile"; pcrec_ctx_fail remark dropped.
C6-0463	4636	N	If the engine choice is ALSO forced by a real construct (a capture request, a VM_ONLY registry row), that reason wins the RX_ENGINE_WHY stamp on the ordinary first-wins rule.	MAPPED	1538	stamp-engine-why	"Where a real construct (a capture request, a VM_ONLY registry row) also forces the VM, that reason wins the stamp" ("first forcing reason wins" 1483).
C6-0464	4638	N	In that case, the overflow's own effect on the prefilter (dropped, RX_VM_PREFILTER "none") still applies independently, through a fact RX_ENGINE_WHY does not carry.	MAPPED	1540	stamp-engine-why	"the overflow's effect on the prefilter still applies through a fact this stamp does not carry."
C6-0465	4642	N	A consumer MAY #if on RX_ENGINE, because it is unconditional on every artifact.	MAPPED	1425	stamp-scoping	"#ifing on RX_ENGINE is safe on every artifact."
C6-0466	4648	N	A consumer #if-ing on RX_VM_RUNGS or a budget macro (any family (b) macro) writes code that does not compile against a DFA artifact.	MAPPED	1426	stamp-scoping	"#ifing on a (b) macro such as RX_VM_RUNGS or a budget macro does not compile against a DFA artifact."
C6-0467	4649	M	Measured by listing every #define in a fresh build of each artifact kind: family (b) macros are absent from a DFA artifact.	MAPPED	1428	stamp-scoping	"(Measured by listing every #define in a fresh build of each kind.)" Probe agrees: DFA artifact lacks all VM-only stamps.
C6-0468	4652	N	The per-artifact SUMMARY macros live in the generated .c, not the .h; the universal PCREC_* constants live in the .h.	MAPPED	1384	stamp-scoping	Contract constants in the .h; "Every other stamp is emitted into the .c only" (1346-1353).
C6-0469	4654	N	In the split form (the CLI default) the .h carries the whole unprefixed universal set from the shared PCREC_RX_ABI_H block (section 2): the four give-up codes, PCREC_UNSET, the two engine constants, the nine D46 stamp bit constants.	MAPPED	121	artifact-forms	Split form .h carries shared ABI block (118-120) whose contents are listed 84-90 and 160-216. The block also holds more than the "four give-up codes".
C6-0470	4657	N	In the split form the .h also carries <PREFIX>_NCAPS, on every artifact including a DFA-only one.	MAPPED	1384	stamp-scoping	<PREFIX>_NCAPS in the .h on every artifact (1346-1347, row 1455 "all (.h)", 118-119). Probe: DFA .h defines RX_NCAPS 1.
C6-0471	4658	M	Measured on one VM build and one DFA build: nineteen #defines in each .h, identical except RX_NCAPS's value; twenty-six in the VM .c.	SUPERSEDED	1386	stamp-scoping	Old counts (19 in .h, 26 in VM .c) are stale. New: 29 #defines in the .h of both builds, identical but for RX_NCAPS and sizing values. Probe: a(b|c)+d VM .h=29, DFA .h=29, differing only in NCAPS and 5 sizing macros. The .c count is no longer stated.
C6-0472	4660	H	CHECK: Before ABI-NS the .h had eight #defines and the .c thirty-five; the difference was the eleven macros that moved (PCREC_ENGINE_DFA/_VM new, plus nine D46 bit constants).	HISTORY			Pre-ABI-NS counts (8 in .h, 35 in .c): past-state of an old artifact; the CHECK cannot be run against the current tool.
C6-0473	4664	N	The #if use case for the universal constants no longer needs a self-contained build: they reach a consumer's TU through the ordinary #include "<name>.h".	MAPPED	1384	stamp-scoping	Contract constants reach a consumer's TU via the .h (1346-1348), vs 1350-1352 for other stamps that need a self-contained artifact.
C6-0474	4667	N	The per-artifact SUMMARY macros (RX_ENGINE, the masks, the budgets) are emitted into the .c only, so reading them requires a self-contained artifact (header_name == NULL) or being the generated .c itself.	MAPPED	1388	stamp-scoping	"Every other stamp is emitted into the .c only, so reading one needs a self-contained artifact (header_name == NULL) or code inside the generated .c itself."
C6-0475	4671	N	Whether the summary macros should also be emitted into the header is an open design question, not settled.	MAPPED	1390	stamp-scoping	"Whether the stamps should also be emitted into the header is an open design question."
C6-0476	4674	N	Example: the observability macros on a captures-default build of 'a(b|c)+d' are listed below; the #define lines are the artifact's, the /* ... */ annotations are the document's.	MAPPED	2010	stamp-vm	Examples: "A VM build of 'a(b|c)+d'" (1958-1966) and 1462-1466, 1553-1559; the annotations-are-the-document's remark is not repeated.
C6-0477	4679	N	RX_ENGINE is "vm" on a captures-default build of a(b|c)+d and mirrors rx_info.engine.	MAPPED	1509	stamp-engine-selection	RX_ENGINE "vm" example; mirrors rx_info.engine (1409, 1470-1471).
C6-0478	4680	N	RX_ENGINE_WHY is "capture group at pattern offset 1" on that build.	MAPPED	1511	stamp-engine-selection	RX_ENGINE_WHY "capture group at pattern offset 1".
C6-0479	4681	N	RX_VM_PREFILTER is "hybrid" or "none" on a VM artifact.	MAPPED	1781	stamp-vm-prefilter	VM_PREFILTER value set hybrid / none (1731-1735).
C6-0480	4682	N	RX_VM_PREFILTER_WHY (e.g. "size cap retry, hybrid 1026588 > 1000000") is emitted ONLY where the size-cap ladder dropped the prefilter (PF-DROP).	MAPPED	1786	stamp-vm-prefilter-why	"emitted ONLY where the size-cap ladder's last rung dropped the prefilter"; row 1431.
C6-0481	4687	N	RX_VM_PREFILTER_LANG is "exact" or "count-collapsed", reports the count-collapse axis ONLY (the end proof is _VM_RESEED "exact"), and is emitted only where _VM_PREFILTER reads "hybrid" (OPT-4).	MAPPED	1794	stamp-vm-prefilter-lang	LANG exact/count-collapsed; "reports the count-collapse axis ONLY (D142)"; VM_RESEED "exact" end proof (1761); only on hybrids (1744-1746).
C6-0482	4694	N	RX_VM_PREFILTER_LANG_WHY (OPT-4) says which of five reasons produced the _VM_PREFILTER_LANG value (e.g. "no counted repeat").	MAPPED	1796	stamp-vm-prefilter-lang	"_LANG_WHY is prose naming which of five reasons produced the value (tuning.md 2.17's table)"; example 1718.
C6-0483	4697	N	RX_VM_RUNGS is a bitmask of which per-quantifier rungs the artifact actually uses: CURSOR/FRAMES_BOUNDED/FRAMES_UNBOUNDED/REVDET/COUNTER.	MAPPED	2024	stamp-vm-masks	VM_RUNGS: CURSOR, _FRAMES_BOUNDED, _FRAMES_UNBOUNDED, _REVDET, _COUNTER.
C6-0484	4701	N	RX_VM_STRATS is a bitmask of POSSESSIVE/BACKTRACKING strategies.	MAPPED	2026	stamp-vm-masks	VM_STRATS: POSSESSIVE / BACKTRACKING.
C6-0485	4702	N	RX_VM_POSS_ARMS (ART-POSS-ARMS) is a bitmask of which possessify ARM a positive verdict needed: 0x1 A0, 0x2 A1, 0x4 B.	MAPPED	2028	stamp-vm-masks	VM_POSS_ARMS per-ARM half of STRATS' POSSESSIVE bit, 0x1 A0, 0x2 A1, 0x4 B (1976-1980).
C6-0486	4705	N	RX_VM_PRUNES is a bitmask of CLAMPED/UNCLAMPED (MRL).	MAPPED	2027	stamp-vm-masks	VM_PRUNES CLAMPED / UNCLAMPED (MRL).
C6-0487	4706	N	RX_VM_PRUNE_CEILING is a string; e.g. "prefilter-window" on the a(b|c)+d hybrid example.	MAPPED	2040	stamp-vm-prune-ceiling	PRUNE_CEILING values prefilter-window / subject-end / none (1988-1990), example "prefilter-window" at 1965. New calls it a token.
C6-0488	4709	N	On a DFA artifact (measured on (?:[a-z]+)@(?:[a-z]+)) RX_ENGINE is "dfa", mirrors rx_info.engine, and is unconditional.	MAPPED	1595	stamp-dfa	Example RX_ENGINE "dfa" (1545-1548) on (?:[a-z]+)@(?:[a-z]+); mirrors rx_info.engine (1409, 1470); unconditional all (1409).
C6-0489	4714	N	RX_DFA_SCAN is "unanchored" or "attempt" (or "empty") on a DFA artifact.	MAPPED	1613	stamp-dfa-scan	DFA_SCAN values unanchored / attempt / empty (1566-1571).
C6-0490	4715	N	RX_DFA_PREFILTER is "byte-class" on the email-specimen DFA artifact.	MAPPED	1597	stamp-dfa	Example RX_DFA_PREFILTER "byte-class" on the DFA specimen.
C6-0491	4716	N	RX_DFA_TABLE is "premultiplied" on the email-specimen DFA artifact.	MAPPED	1598	stamp-dfa	Example RX_DFA_TABLE "premultiplied".
C6-0492	4719	N	A VM hybrid (measured on a(b|c)+d) carries RX_ENGINE "vm", RX_ENGINE_WHY, RX_VM_PREFILTER "hybrid", RX_DFA_SCAN, RX_DFA_PREFILTER and RX_DFA_TABLE all at once.	MAPPED	1600	stamp-dfa	Hybrid example 1553-1559 shows ENGINE vm, VM_PREFILTER hybrid, DFA_SCAN, DFA_PREFILTER, DFA_TABLE; ENGINE_WHY is scope vm (1411).
C6-0493	4726	N	On a VM hybrid, RX_DFA_SCAN, RX_DFA_PREFILTER and RX_DFA_TABLE describe the DFA that the VM runs ahead of its program, and its candidate-start filter and table encoding.	MAPPED	1601	stamp-dfa	Hybrid comments 1556-1558: "this is that DFA", its candidate-start filter, its table's encoding.
C6-0494	4731	N	RX_DFA_SCAN names WHICH DFA SCAN the artifact CONTAINS.	MAPPED	1609	stamp-dfa-scan	"which DFA scan the artifact contains".
C6-0495	4732	N	RX_DFA_SCAN has three values: "unanchored", "attempt", "empty".	MAPPED	1613	stamp-dfa-scan	Three values in the value-set table.
C6-0496	4732	N	RX_DFA_SCAN "unanchored" is the O(n) forward+reverse table pair (D7).	MAPPED	1616	stamp-dfa-scan	"the O(n) forward+reverse table pair (D7)".
C6-0497	4733	N	RX_DFA_SCAN "attempt" is the per-start-position computed-goto loop a ^/\A-bearing pattern takes.	MAPPED	1617	stamp-dfa-scan	"the per-start-position computed-goto loop a ^/\A-bearing pattern takes".
C6-0498	4734	N	"unanchored" and "attempt" are different loops with different cost curves, and nothing else a consumer can read distinguishes them: both stamp RX_ENGINE "dfa" and both set rx_info.engine to PCREC_ENGINE_DFA.	MAPPED	1609	stamp-dfa-scan	"both shapes otherwise stamp RX_ENGINE "dfa", so this is the only way to tell them apart" (1562-1564). Both setting rx_info.engine DFA is implied by ENGINE row.
C6-0499	4738	N	RX_DFA_SCAN "empty" (DD-13c, 2026-08-25) is a third shape, not a special case of the other two.	MAPPED	1618	stamp-dfa-scan	"empty" is the third value of DFA_SCAN (1571); "not a special case" not worded.
C6-0500	4739	N	A pattern the start analysis proves can match nothing (\B\b, \b\B, \d\b\w, a\bb, and their ^-anchored spellings) compiles to a search body that is one return 0: no table, no loop, no skip, on either engine.	MAPPED	1618	stamp-dfa-scan	Proven-empty patterns (\B\b, \b\B, \d\b\w, a\bb, ^-anchored spellings): search body is one return 0 with no table, loop or skip, on either engine. Probe: \B\b gives DFA_SCAN "empty".
C6-0501	4742	H	CHECK: Before DD-13c, provably-empty artifacts stamped the name of the loop the emitter would have written ("unanchored", or "attempt" when anchored).	HISTORY			Pre-DD-13c behaviour (empty artifacts stamping the loop name the emitter would have written): past state.
C6-0502	4745	N	RX_DFA_PREFILTER reads "none" on every RX_DFA_SCAN "empty" artifact, because there is no scan for a filter to be part of.	MAPPED	1628	stamp-dfa-prefilter	none row: "or the artifact provably matches nothing". Probe: \B\b gives DFA_PREFILTER "none".
C6-0503	4748	N	RX_DFA_PREFILTER names the candidate-start mechanism the artifact carries.	MAPPED	1621	stamp-dfa-prefilter	"the candidate-start mechanism of the scan."
C6-0504	4749	N	RX_DFA_PREFILTER has eleven values, the whole set.	MAPPED	1622	stamp-dfa-prefilter	"Its values are the whole set" and the table 1578-1591 lists exactly eleven rows; the number eleven is not written.
C6-0505	4753	N	RX_DFA_PREFILTER "none": no candidate-start filter: the start state ACCEPTS (start_acc; no skip is sound; the largest cause, e.g. a*, .*, \bx*), every position is a candidate, or the artifact provably matches nothing.	MAPPED	1628	stamp-dfa-prefilter	none row (start_acc, every position candidate, or provably matches nothing).
C6-0506	4754	N	RX_DFA_PREFILTER "memchr": ONE candidate byte value at offset 0; a memchr() replaces the steps.	MAPPED	1629	stamp-dfa-prefilter	memchr row.
C6-0507	4755	N	RX_DFA_PREFILTER "byte-class": several candidate bytes at offset 0; a 256-entry <prefix>_can_begin_match bitmap walk.	MAPPED	1630	stamp-dfa-prefilter	byte-class row (256-entry <prefix>_can_begin_match bitmap walk).
C6-0508	4756	N	RX_DFA_PREFILTER "memchr-bounded": the memchr form under a $/\Z/\z view or a word context: bounded at n - 1 and WITHOUT the early return 0.	MAPPED	1631	stamp-dfa-prefilter	memchr-bounded row.
C6-0509	4757	N	RX_DFA_PREFILTER "byte-class-bounded": the bitmap form under the same view/word context, bounded at n - 1.	MAPPED	1632	stamp-dfa-prefilter	byte-class-bounded row.
C6-0510	4758	N	RX_DFA_PREFILTER "offset-set" (OPT-K): a SET of (offset, byte-set) tests, one scanned for and the rest verified on each candidate; see RX_DFA_PREFILTER_OFFSETS.	MAPPED	1633	stamp-dfa-prefilter	offset-set row (see _DFA_PREFILTER_OFFSETS).
C6-0511	4759	N	RX_DFA_PREFILTER "offset-set-bounded": the offset-set form under the same view/word context, bounded at n - 1.	MAPPED	1634	stamp-dfa-prefilter	offset-set-bounded row.
C6-0512	4760	N	RX_DFA_PREFILTER "run-pinned" (OPT-LITSCAN S1, abi 36): the pattern's necessary run (RX_REQ_RUN) sits at a fixed offset from every match's start and the scan already runs on the run's own scan member there, so the candidate test verifies the WHOLE run as one compare (the offset-set block with the run as one term).	MAPPED	1635	stamp-dfa-prefilter	run-pinned row (necessary run at fixed offset, whole run as one compare, offset-set block with run as one term).
C6-0513	4760	N	Under RX_DFA_PREFILTER "run-pinned" the run pre-check is not emitted (RX_REQ_WHY "dominated").	MAPPED	1635	stamp-dfa-prefilter	"the run pre-check is then not emitted (REQ_WHY "dominated")".
C6-0514	4760	N	RX_DFA_PREFILTER "run-pinned" is removed by -fno-run-prefilter OR -fno-offset-skip.	MAPPED	1635	stamp-dfa-prefilter	"Removed by -fno-run-prefilter or -fno-offset-skip."
C6-0515	4761	N	RX_DFA_PREFILTER "run-pinned-bounded": the run-pinned form under the same view/word context, bounded at n - 1.	MAPPED	1636	stamp-dfa-prefilter	run-pinned-bounded row.
C6-0516	4762	N	RX_DFA_PREFILTER "first-memchr-bounded" (START-SET stage 3, the DFA hat, abi 64, tuning.md 2.42): on a SEEDED machine (a \b, a lookbehind, a (?m) context) whose plain skip would test the start state's escape set E, the skip tests the pattern's START SET T (the start_set fact) instead, where T is a proper subset of E; here ONE byte, a memchr().	MAPPED	1637	stamp-dfa-prefilter	first-memchr-bounded row (seeded machine, start set T proper subset of E, one byte memchr; tuning.md 2.42).
C6-0517	4762	N	RX_DFA_PREFILTER "first-memchr-bounded" is bounded at n - 1 like "memchr-bounded"; a skip that moved re-seeds the scan state from the byte before its landing.	MAPPED	1637	stamp-dfa-prefilter	"bounded at n - 1; a skip that moved re-seeds the scan state from the byte before its landing".
C6-0518	4762	N	RX_DFA_PREFILTER "first-memchr-bounded" is removed by -fno-start-set.	MAPPED	1637	stamp-dfa-prefilter	"Removed by -fno-start-set."
C6-0519	4763	N	RX_DFA_PREFILTER "first-class-bounded": the same as first-memchr-bounded with several start-set bytes: a 256-entry <prefix>_start_bytes table walk, bounded at n - 1.	MAPPED	1638	stamp-dfa-prefilter	first-class-bounded row: 256-entry <prefix>_start_bytes table walk, bounded at n - 1.
C6-0520	4763	N	The DFA hat (first-*-bounded forms) has no unbounded form: a seeded machine always carries the D11 bound.	MAPPED	1638	stamp-dfa-prefilter	"There is no unbounded start-set form: a seeded machine always carries the D11 bound."
C6-0521	4765	N	<PREFIX>_DFA_PREFILTER_OFFSETS (OPT-K, abi 9) is on every artifact the four RX_DFA_* stamps (_DFA_SCAN, _DFA_PREFILTER, _DFA_TABLE and itself) are on.	MAPPED	1470	stamp-inventory	Row 1424 scope dfa-scan, same scope as the other DFA_* stamps (1542-1543).
C6-0522	4766	N	<PREFIX>_DFA_PREFILTER_OFFSETS names WHICH offsets the filter tests, as a comma-separated ascending list of byte offsets from the candidate's own start with '*' marking the one the scan searches for.	MAPPED	1645	stamp-dfa-prefilter-offsets	comma-separated ascending list of byte offsets from the candidate's start, * marks the scanned one.
C6-0523	4771	N	Example: RX_DFA_PREFILTER_OFFSETS "0,8*,13" (the uuid shape).	MAPPED	1650	stamp-dfa-prefilter-offsets	Example "0,8*,13" (the uuid shape).
C6-0524	4772	N	RX_DFA_PREFILTER_OFFSETS "none" is the value for every other value of _DFA_PREFILTER.	MAPPED	1651	stamp-dfa-prefilter-offsets	"none" for every other value of _PREFILTER.
C6-0525	4775	N	<PREFIX>_DFA_PREFILTER_OFFSETS reads "none" on every artifact whose _DFA_PREFILTER is not one of the two offset-set or two run-pinned values, and is non-"none" on exactly those four values (an iff).	MAPPED	1654	stamp-dfa-prefilter-offsets	"Non-none exactly when _DFA_PREFILTER is one of the two offset-set or two run-pinned values."
C6-0526	4778	N	On a run-pinned value, <PREFIX>_DFA_PREFILTER_OFFSETS lists every offset the test covers, the run's own offsets individually (router /user|/users: "0*,1,2,3,4").	MAPPED	1655	stamp-dfa-prefilter-offsets	run-pinned lists every offset the test covers, run's offsets individually (/user|/users: "0*,1,2,3,4").
C6-0527	4779	N	On a run-pinned value the scan may be offset 0 ("0*"), which no other value's scan is.	MAPPED	1657	stamp-dfa-prefilter-offsets	"its scan may be offset 0 (0*), which no other value's scan is."
C6-0528	4780	N	<PREFIX>_DFA_PREFILTER_OFFSETS is a second stamp rather than a widening of _DFA_PREFILTER because _DFA_PREFILTER's value is the emitter's chosen FORM (a fixed, countable set of strings) while this one is a fact about the individual machine.	MAPPED	1658	stamp-dfa-prefilter-offsets	"a second stamp rather than a widening of _DFA_PREFILTER" because the latter is the emitter's closed set of FORMS, this a fact about the machine (1611-1613).
C6-0529	4784	N	Offset 0 is always a member of <PREFIX>_DFA_PREFILTER_OFFSETS: it is the test the four older values already make (on a run-pinned value, as the scan, a verify, or a byte of the run).	MAPPED	1657	stamp-dfa-prefilter-offsets	"Offset 0 is always a member."; the reason sentence (test the four older values make) is not repeated.
C6-0530	4788	N	<PREFIX>_DFA_MATCH (ENG-ABS, abi 10) is on every DFA artifact and, unlike the four stamps above, NOT on a VM hybrid.	MAPPED	1590	stamp-dfa	DFA_MATCH describes an ENTRY and is on DFA artifacts only (1543-1544, 1429, 1697-1699).
C6-0531	4790	N	<PREFIX>_DFA_MATCH names which of section 3.2's two forms the artifact's <prefix>_match and <prefix>_match_caps take.	MAPPED	1743	stamp-dfa-match	"which of 3.2's two forms the artifact's <prefix>_match and <prefix>_match_caps take".
C6-0532	4794	N	<PREFIX>_DFA_MATCH "unwrapped": the artifact has its own anchored machine, run from ctx->pos.	MAPPED	1757	stamp-dfa-match	unwrapped row; example 1702; own anchored machine run from ctx->pos.
C6-0533	4795	N	<PREFIX>_DFA_MATCH "search-filter": the unanchored search is run and non-ctx->pos starts are rejected.	MAPPED	1758	stamp-dfa-match	search-filter row; example 1703.
C6-0534	4800	N	<PREFIX>_DFA_MATCH "unwrapped": the artifact carries a THIRD machine (the forward tables WITHOUT the start-anywhere self-loop) and runs it from ctx->pos.	MAPPED	1757	stamp-dfa-match	"third machine - the forward tables without the start-anywhere self-loop - and runs it from ctx->pos".
C6-0535	4800	N	Under <PREFIX>_DFA_MATCH "unwrapped" there is no later start to reject, no backwards pass, and a failing probe stops at the first byte that cannot continue a match beginning here.	MAPPED	683	match-forms	3.2 unwrapped: runs forward from ctx->pos, failing probe stops at first byte that cannot continue a match, succeeding costs one forward scan (660-665). "No backwards pass" is implied.
C6-0536	4801	N	<PREFIX>_DFA_MATCH "search-filter": the entry runs <prefix>_search and rejects any match whose start is not ctx->pos.	MAPPED	689	match-forms	3.2 and 1710: runs <prefix>_search and rejects a match not starting at ctx->pos.
C6-0537	4801	N	<PREFIX>_DFA_MATCH "search-filter" has FIVE populations: _DFA_SCAN "attempt"; _DFA_SCAN "empty"; an anchored machine that exceeded a DFA cap (a selection outcome, never a refusal); any build under -fno-anchored-dfa; and (K53-SELRETRY, 2026-09-10) an artifact whose anchored machine was dropped to fit under an emitted-size cap.	MAPPED	694	match-forms	3.2 lists five populations: attempt, empty, anchored machine exceeded DFA cap, -fno-anchored-dfa, size-cap drop (671-680); 1710.
C6-0538	4801	N	Only the size-cap-dropped population of <PREFIX>_DFA_MATCH "search-filter" is distinguished by <PREFIX>_ENGINE_SEL (it reads "size-cap-retry"); the other four read whatever their engine selection was, ordinarily "selected".	MAPPED	1758	stamp-dfa-match	"Only the size-cap drop among them reads size-cap-retry; the others read their ordinary selection"; also 678-680.
C6-0539	4803	N	<PREFIX>_DFA_SCAN_EDGE (OPT-5, abi 13) is on every artifact that CONTAINS a DFA scan: DFA artifacts and VM hybrids, the same iff as _DFA_SCAN/_DFA_PREFILTER/_DFA_PREFILTER_OFFSETS/_DFA_TABLE.	MAPPED	1589	stamp-dfa	Row 1427 scope dfa-scan; 1542-1543; OPT-5/abi 13 is history.
C6-0540	4806	N	<PREFIX>_DFA_SCAN_EDGE names how the DFA scan tests the class of a SCAN EDGE.	MAPPED	1699	stamp-dfa-scan-edge	"how the scan tests the class of a SCAN EDGE".
C6-0541	4806	N	A scan edge is a maximal run of states differing only in how many bytes of one fixed class have been counted, replaced by a bounded cursor loop and DELETED from the transition table (tuning.md 2.18; src/opt/scanedge.c).	MAPPED	1699	stamp-dfa-scan-edge	"a maximal run of states differing only in how many bytes of one fixed class have been counted, replaced by a bounded cursor loop and deleted from the transition table (tuning.md 2.18; scanedge.c)".
C6-0542	4810	N	An edge's test is the class-form table's answer for its class at the artifact's --tune position and the scan site (src/gen/clskit.c ROWS/TAB_ROWS, abi 53, D139 item 2), spelled by the same emitters a VM program's class read uses.	MAPPED	1702	stamp-dfa-scan-edge	"An edge's test is the class-form table's answer for its class at the artifact's --tune position and the scan site (clskit.c, D139 item 2), spelled by the emitters a VM class read uses."
C6-0543	4813	N	<PREFIX>_DFA_SCAN_EDGE has exactly six values: "none", "range", "fold", "bitmap", "kit", "mixed".	MAPPED	1705	stamp-dfa-scan-edge	"The six values below are all this macro ever reads"; table lists none, range, fold, bitmap, kit, mixed.
C6-0544	4816	N	RX_DFA_SCAN_EDGE "range" is exemplified by the test (unsigned)(b - 97) <= 25u.	MAPPED	1709	stamp-dfa-scan-edge	Example "range" /* (unsigned)(b - 97) <= 25u */.
C6-0545	4817	N	RX_DFA_SCAN_EDGE "none" means no machine carries a collapsible run.	MAPPED	1710	stamp-dfa-scan-edge	Example "none" /* no machine carries a collapsible run */.
C6-0546	4822	N	<PREFIX>_DFA_SCAN_EDGE "none": the artifact carries no scan edge; four causes, none of them a failure: no machine has a collapsible run; _DFA_SCAN "attempt" (states are code labels, step is a computed goto, no loop-carried table load to shorten); _DFA_SCAN "empty" (body is one return 0); any build under -fno-scan-edge.	MAPPED	1716	stamp-dfa-scan-edge	none row: no collapsible run; _DFA_SCAN "attempt"; "empty"; -fno-scan-edge.
C6-0547	4823	N	<PREFIX>_DFA_SCAN_EDGE "range": every edge in the artifact tests a CONTIGUOUS byte range (the class table's byte-range row), emitted inline against immediates.	MAPPED	1717	stamp-dfa-scan-edge	range row.
C6-0548	4823	N	A "range" edge test is b == c, or b <= hi from 0, or otherwise (unsigned)(b - lo) <= span u (the VM's own spelling since abi 53), so the loop touches no memory but the subject.	MAPPED	1717	stamp-dfa-scan-edge	"b == c, b <= hi from 0, otherwise (unsigned)(b - lo) <= span u ... touches no memory but the subject"; the VM's-own-spelling-since-abi-53 remark is dropped.
C6-0549	4824	N	<PREFIX>_DFA_SCAN_EDGE "fold" (abi 53): at --tune=-2/-1 only, every edge's class is an ASCII case pair on the byte-fold row, tested inline as (b | 0x20) == x.	MAPPED	1718	stamp-dfa-scan-edge	fold row: at --tune=-2/-1 only, ASCII case pair tested (b | 0x20) == x.
C6-0550	4824	N	At --tune 0/+1/+2 a scan edge's fold pair is a "bitmap" (D138 Q1: the default fold is held for both sites until its measurement rules).	MAPPED	1718	stamp-dfa-scan-edge	"At 0/+1/+2 a scan edge's fold pair is a bitmap (D138 Q1)." Probe: tune=0 gives "bitmap".
C6-0551	4824	N	<PREFIX>_DFA_SCAN_EDGE "fold" never occurs under -fno-cls-fold.	MAPPED	1718	stamp-dfa-scan-edge	"Never under -fno-cls-fold".
C6-0552	4825	N	<PREFIX>_DFA_SCAN_EDGE "bitmap": at least one edge's class is on the byte-table row, and the table selection's scan-table row gives it a 256-byte membership table read.	MAPPED	1719	stamp-dfa-scan-edge	bitmap row: at least one edge's class reads a 256-byte membership table.
C6-0553	4825	N	Under "bitmap" the loop-carried register is still the cursor, which is the property the transform is for; the memory reference is the price.	MAPPED	1719	stamp-dfa-scan-edge	"the loop-carried register is still the cursor"; the "memory reference is the price" clause not worded.
C6-0554	4826	N	<PREFIX>_DFA_SCAN_EDGE "kit" (CLS-TREE S2, abi 52): at --tune=-2/-1 only, every edge's class is on the class-form table's byte-kit row (its kit matcher, written at the edge's two test sites, is smaller than its 256-byte table; abi 53, D139 item 1).	MAPPED	1720	stamp-dfa-scan-edge	kit row: at --tune=-2/-1 only, every edge's class takes a kit matcher smaller than its 256-byte table.
C6-0555	4826	N	Under "kit" the edge test calls a static inline kit matcher <prefix>_<machine>_scankit<N> in place of the table (tuning.md 2.33).	MAPPED	1720	stamp-dfa-scan-edge	"static inline kit matcher <prefix>_<machine>_scankit<N> ... (tuning.md 2.33)".
C6-0556	4826	N	<PREFIX>_DFA_SCAN_EDGE "kit" never occurs at --tune 0/+1/+2 and never under -fno-cls-kit.	MAPPED	1720	stamp-dfa-scan-edge	"Never at 0/+1/+2, never under -fno-cls-kit".
C6-0557	4827	N	<PREFIX>_DFA_SCAN_EDGE "mixed": an artifact-level composition (as RX_DFA_TABLE's): the artifact's machines took more than one form; the choice is per EDGE and a machine may carry up to four.	MAPPED	1721	stamp-dfa-scan-edge	mixed row: edges took more than one form, choice per edge, a machine may carry up to four.
C6-0558	4829	N	<PREFIX>_DFA_START (OPT-5 STEP 2, abi 16) is on every artifact that CONTAINS a DFA scan: DFA artifacts and VM hybrids, the same iff as <PREFIX>_DFA_TABLE and the four stamps beside it, and NOT <PREFIX>_DFA_MATCH's narrower one.	MAPPED	1725	stamp-dfa-start	"Its scope is the DFA-scan scope, not _DFA_MATCH's" (1677-1678); row 1428.
C6-0559	4832	N	<PREFIX>_DFA_START is a family (a) selection fact: defined iff the artifact contains a DFA scan, its value names the object axis J selected.	MAPPED	1474	stamp-inventory	Row 1428 scope dfa-scan token; family (a) rule 1359-1362 (selection facts stamped whether or not the mechanism fired).
C6-0560	4834	N	<PREFIX>_DFA_START names which of two forms the scan entry takes when it recovers the match START.	MAPPED	1724	stamp-dfa-start	"which of two forms the search entry takes to recover the match START (3.1)".
C6-0561	4838	N	RX_DFA_START "pinned": the start is search_from, by compile-time proof.	MAPPED	1736	stamp-dfa-start	pinned row / example 1681.
C6-0562	4839	N	RX_DFA_START "reverse-pass": a second, backwards scan finds the start.	MAPPED	1737	stamp-dfa-start	reverse-pass row / example 1682.
C6-0563	4844	N	<PREFIX>_DFA_START "pinned": the forward machine's start state accepts UNCONDITIONALLY (at every position, under every position view, in every class context), so a match exists wherever the search begins and D3's accept-pruning removed the start-anywhere self-loop from every accepting closure before the first byte was read.	MAPPED	1736	stamp-dfa-start	pinned row: start state accepts unconditionally (every position, view, class context), accepts belong to a thread begun at search_from. D3 accept-pruning detail not repeated.
C6-0564	4844	N	Under "pinned", every accept the forward loop records belongs to a thread that began at search_from, and the post-loop block writes that offset directly.	MAPPED	1736	stamp-dfa-start	"every accept the forward loop records belongs to a thread that began at search_from, and the post-loop block writes that offset."
C6-0565	4844	N	A "pinned" artifact carries NO reverse machine: no transition, accept or byte-class table, no stay tables, no scan-edge membership tables, no <prefix>_reverse_* accessor block and no reverse scan loop.	MAPPED	1736	stamp-dfa-start	"The artifact carries NO reverse machine: no transition, accept or byte-class table, no stay or scan-edge tables, no <prefix>_reverse_* accessors, no reverse loop".
C6-0566	4845	N	<PREFIX>_DFA_START "reverse-pass": the artifact carries its reverse machine and walks it backwards from the match end to find the furthest-back accepting position.	MAPPED	1737	stamp-dfa-start	reverse-pass row: walks reverse machine backwards from the match end to the furthest-back accepting position.
C6-0567	4845	N	"reverse-pass" covers every artifact whose start state does not accept, or whose accept depends on the position or the upcoming byte, or which seeds into a state that may be dead, or whose scan is "attempt" or "empty", or any build under -fno-start-pinned.	MAPPED	1737	stamp-dfa-start	Start state does not accept, or accepts depending on position/upcoming byte, or seeds into a possibly dead state, or scan attempt/empty, and -fno-start-pinned.
C6-0568	4847	N	The "pinned" and "reverse-pass" forms are ANSWER-IDENTICAL and differ only in cost and size.	MAPPED	1739	stamp-dfa-start	"The two are answer-identical" + 3.1 (383-385) "answer-identical and differing only in cost and size".
C6-0569	4848	N	caps[0][0]'s contract is unchanged under both <PREFIX>_DFA_START forms, including section 3.1's "every offset written to caps is an ABSOLUTE offset into s, never relative to startpos" and the zero-length-match-is-a-success convention; the pinned form depends on both.	MAPPED	404	search-forms	3.1: "Both forms write absolute offsets (the pinned form writes caps[0][0] = startpos) and both keep the zero-length-match-is-a-success convention, on which the pinned form depends."
C6-0570	4851	N	rx_info.search_form mirrors <PREFIX>_DFA_START.	MAPPED	1725	stamp-dfa-start	"mirrored by rx_info.search_form" (1428, 1162).
C6-0571	4852	N	docs/spec/tuning.md section 2.19 is the <PREFIX>_DFA_START axis and docs/design/opt5_step2_twopass.md the proof.	MAPPED	1739	stamp-dfa-start	"opt5_step2_twopass.md is the proof; tuning.md 2.19 the axis."
C6-0572	4855	N	A pinned search can still return 0 on some calls: a search at startpos > 0 on a machine whose start state depends on a context byte can begin in a state with no live closure, records no accept, and "no match begins here" is the correct answer.	MAPPED	406	search-forms	3.1: pinned search at startpos > 0 on a machine whose start state depends on the preceding byte (\b, (?m)^) can begin in a state from which nothing matches and returns 0 (393-396).
C6-0573	4858	N	The emitted artifact keeps that no-live-closure test and names it load-bearing above the line.	MAPPED	410	search-forms	3.1: "the emitted artifact keeps that test and marks it load-bearing."
C6-0574	4861	N	The _DFA_START iff differs from the other stamps' in the fact: the other _DFA_* stamps describe a DFA scan (a VM hybrid contains one, so they appear on hybrids), while <PREFIX>_DFA_MATCH describes the artifact's <prefix>_match ENTRY.	MAPPED	1589	stamp-dfa	"on every artifact that contains one ... except _DFA_MATCH, which describes an ENTRY and is on DFA artifacts only" (1542-1544).
C6-0575	4865	N	On a hybrid the <prefix>_match entry is the VM's own anchored body, which the <PREFIX>_DFA_MATCH axis does not describe and whose value set it does not share.	MAPPED	1746	stamp-dfa-match	"on a hybrid the match entry is the VM's own anchored body, which this value set does not describe" (1698-1699); 657-658.
C6-0576	4867	N	<PREFIX>_DFA_MATCH is defined on exactly the artifacts whose RX_ENGINE is "dfa".	MAPPED	1745	stamp-dfa-match	"Defined on exactly the artifacts whose RX_ENGINE is "dfa"".
C6-0577	4868	N	rx_info.match_form is NULL on every artifact whose engine is not "dfa", hybrid included.	MAPPED	1195	rx-info-fields	Table row 22 match_form: NULL on every artifact whose _match the DFA emitter did not write - every VM artifact, hybrids included.
C6-0578	4869	N	<PREFIX>_DFA_MATCH is the entry a caller reads to know whether it is in section 3.2's worst case.	MAPPED	692	match-forms	3.2: a caller issuing many expected-to-fail probes is in this form's worst case "and can read the form off the artifact" (669-672); 1695-1696.
C6-0579	4872	N	The two -bounded values of <PREFIX>_DFA_PREFILTER are a REAL difference in what the mechanism buys, not a spelling.	MAPPED	1640	stamp-dfa-prefilter	"The -bounded forms are a real difference in what the mechanism buys".
C6-0580	4873	N	Under a view, a skip may not pass the position whose accept has not been evaluated yet, so every skip stops one byte short and the memchr arm loses its early-out.	MAPPED	1641	stamp-dfa-prefilter	"under a view, a skip may not pass a position whose accept has not been evaluated, so every skip stops one byte short and the memchr arm loses its early-out."
C6-0581	4875	M	DD-13 (b) measured the (?:P)\z spelling's loop as strictly weaker than the plain form's on the same candidate table (docs/dev/plan.md).	HISTORY			Cites a past DD-13(b) measurement in docs/dev/plan.md as evidence; the behavioural fact (bounded forms are weaker) is stated at 1593-1595.
C6-0582	4877	N	A consumer that cannot tell the -bounded values apart would attribute the difference to the pattern.	MAPPED	1640	stamp-dfa-prefilter	The "real difference, not a spelling" sentence carries the point (a consumer unable to tell the values apart would misattribute); the consumer hypothetical is not worded.
C6-0583	4880	N	RX_ENGINE, RX_VM_PREFILTER, RX_DFA_SCAN, RX_DFA_PREFILTER and RX_VM_PRUNE_CEILING are scalar macros for a per-artifact-wide verdict.	MAPPED	1429	stamp-scoping	"A per-artifact verdict is a scalar; a count is a whole-artifact total" (1383-1384); rows 1409, 1422-1423, 1430, 1435 give kinds.
C6-0584	4882	N	RX_VM_RUNGS, RX_VM_STRATS and RX_VM_PRUNES are bitmasks, used when the axis is decided per-quantifier and a single scalar would misreport a mixed pattern.	MAPPED	1430	stamp-scoping	"a MASK is used only where the decision is taken per quantifier and a scalar would misreport a mixed artifact" (RX_VM_RUNGS, _STRATS, _PRUNES, _POSS_ARMS).
C6-0585	4885	N	RX_VM_POSS_ARMS (ART-POSS-ARMS, abi 66) is the per-ARM half of RX_VM_STRATS' POSSESSIVE bit.	MAPPED	2028	stamp-vm-masks	"the per-ARM half of _VM_STRATS' POSSESSIVE bit"; ART-POSS-ARMS/abi 66 is history.
C6-0586	4886	N	RX_VM_POSS_ARMS bit 0x1 is A0, a lookahead-born gate in the follow valued with nothing known on its left.	MAPPED	2029	stamp-vm-masks	0x1 (A0, a lookahead-born gate in the follow valued with nothing known on its left).
C6-0587	4888	N	RX_VM_POSS_ARMS bit 0x2 is A1, a gate valued by the loop's own LAST characters' polarity.	MAPPED	2030	stamp-vm-masks	0x2 (A1, a gate valued by the loop's own last characters' polarity).
C6-0588	4889	N	RX_VM_POSS_ARMS bit 0x4 is B, a backreference's first character read from its groups.	MAPPED	2031	stamp-vm-masks	0x4 (B, a backreference's first character read from its groups).
C6-0589	4890	N	An RX_VM_POSS_ARMS bit is set when that arm was NEEDED for some positive possessify verdict.	MAPPED	2032	stamp-vm-masks	"each set when that arm was NEEDED for some positive possessify verdict".
C6-0590	4891	N	For arm A1, the RX_VM_POSS_ARMS bit means the verdict was decided by A1 alone; for A0 and B, it means the same compile with that arm denied counts fewer positive verdicts.	MAPPED	2033	stamp-vm-masks	"for A1, decided by A1 alone; for A0 and B, the same compile with that arm denied counts fewer positive verdicts."
C6-0591	4892	N	RX_VM_POSS_ARMS is 0x0u where no arm was needed, including every artifact built with both arms denied: a denied arm's bit is 0 by construction (tuning.md 2.44/2.45).	MAPPED	2034	stamp-vm-masks	"0x0u where no arm was needed, including every artifact built with both arms denied (a denied arm's bit is 0 by construction; tuning.md 2.44/2.45)".
C6-0592	4894	N	RX_VM_POSS_ARMS is emitted on every VM artifact, never on a DFA-only one.	MAPPED	1480	stamp-inventory	Row 1434 scope vm (every VM artifact, never DFA) + 1956-1957.
C6-0593	4895	N	The RX_VM_POSS_ARMS bit values are defined in this document only; they are not named constants in the PCREC_RX_ABI_H block.	MAPPED	2036	stamp-vm-masks	"These bit values are this paragraph's; they are not named constants in the shared block."
C6-0594	4896	N	Of the VM macro block, everything but RX_ENGINE is VM-artifacts-only.	SUPERSEDED	1452	stamp-inventory	Old: everything but RX_ENGINE in the VM macro block is VM-only. Inventory 1406-1457 gives per-macro scope; many are scope all (ENGINE_SEL, END_WINDOW, REQ_*, ALTCLS, TUNE...) or dfa-scan. Probe: DFA artifact defines ~28 stamps besides RX_ENGINE.
C6-0595	4897	N	RX_DFA_SCAN, RX_DFA_PREFILTER, RX_DFA_PREFILTER_OFFSETS, RX_DFA_TABLE, RX_DFA_SCAN_EDGE and RX_DFA_START are the DFA scan's own selection facts and appear on every artifact that CONTAINS such a scan (DFA artifacts and VM hybrids).	MAPPED	1468	stamp-inventory	Rows 1422-1428 scope dfa-scan; 1542-1543; hybrids included (1366-1373).
C6-0596	4901	N	RX_DFA_TABLE (OPT-3), RX_DFA_SCAN_EDGE (OPT-5 STEP 1) and RX_DFA_START (OPT-5 STEP 2) all join the "contains a DFA scan" iff unchanged.	MAPPED	1471	stamp-inventory	Rows 1425-1428 (TABLE, UNIFORM_FOLDS, SCAN_EDGE, START) have scope dfa-scan, the same iff (1542-1543); OPT-3/OPT-5 step names are history.
C6-0597	4904	N	RX_DFA_MATCH (ENG-ABS) does NOT join the "contains a DFA scan" iff: it is a fact about an ENTRY, so its iff is RX_ENGINE "dfa".	MAPPED	1590	stamp-dfa	"except <PREFIX>_DFA_MATCH, which describes an ENTRY and is on DFA artifacts only"; row 1429.
C6-0598	4906	N	Since ABI-NS (2026-08-18, D60) the named bit constants (PCREC_VM_RUNG_*, PCREC_VM_STRAT_POSSESSIVE/_BACKTRACKING, PCREC_VM_PRUNE_CLAMPED/_UNCLAMPED) are not emitted per-prefix; they live in the shared unprefixed PCREC_RX_ABI_H block (section 2), emitted once and unconditionally on every artifact including a DFA-only one.	MAPPED	87	abi-block	Bit constants are unprefixed in the shared block, unconditional on every artifact DFA-only included (84-90, 208-216); "No per-prefix spelling of any of them exists."
C6-0599	4911	N	Only the three OR'd masks RX_VM_RUNGS, RX_VM_STRATS, RX_VM_PRUNES stay per-prefix and VM-only, since their value is the one genuinely per-artifact fact.	MAPPED	94	abi-block	Masks stay per-prefix (91 "including the three masks") and vm scope (1434). NOTE new doc is inconsistent: 91 says three masks while 1968-1969 names four masks (adds VM_POSS_ARMS).
C6-0600	4914	N	Two more D46 stamps are NOT VM-only, and a DFA-only artifact carries them too: RX_ALTCLS_MERGES and RX_ALTCLS_FACTORED.	MAPPED	1459	stamp-inventory	Row 1413 ALTCLS_MERGES/_FACTORED scope all; 2316-2317 "on every artifact, a DFA-only one included".
C6-0601	4917	N	RX_ALTCLS_MERGES is the count of alternation runs merged into one class.	MAPPED	2369	stamp-altcls	"counts of alternation runs merged into one class" (tuning.md 2.6).
C6-0602	4918	N	RX_ALTCLS_FACTORED is the count of alternation runs prefix-factored.	MAPPED	2370	stamp-altcls	"and prefix-factored" (tuning.md 2.7).
C6-0603	4921	N	RX_ALTCLS_MERGES and RX_ALTCLS_FACTORED are emitted before either engine is built, so they appear on a capture-free pattern's DFA artifact as well.	MAPPED	2371	stamp-altcls	"Emitted before either engine is built, so they are on every artifact, a DFA-only one included."
C6-0604	4922	M	Measured on a --no-captures build: RX_ALTCLS_MERGES and RX_ALTCLS_FACTORED appear on a DFA artifact.	MAPPED	2372	stamp-altcls	DFA-only artifact carries both stamps. Probe: --no-captures --engine=dfa build defines RX_ALTCLS_MERGES 0 and RX_ALTCLS_FACTORED 0. The --no-captures framing of the measurement is not repeated.
C6-0605	4925	N	rx_info.flags and the compile-time macros answer different questions, and the masking rule applies to only one of them.	MAPPED	1295	flags	"flags records the REQUEST; the stamp macros record what the emitter DID."
C6-0606	4926	N	rx_info.flags records the REQUEST: the PCREC_* option bits exactly as compiled, with the testing/tuning denials masked OUT.	MAPPED	1296	flags	"flags is pcrec_options.flags exactly as compiled with the testing/tuning denials that change no answer masked OUT."
C6-0607	4928	N	Axis denials are masked out of rx_info.flags because an axis that changes no answer must not make two identically-behaving artifacts differ in their reflection surface.	MAPPED	1297	flags	"so two identically-behaving artifacts do not differ in their reflection surface."
C6-0608	4930	N	The observability macros record what the emitter DID, and visibly move when a denial is exercised.	MAPPED	1308	flags	"The macros, by contrast, move when a denial is exercised".
C6-0609	4931	M	Measured on (x)(?:a|bc)+d: building -fno-possessify moves RX_VM_STRATS from 0x1u (POSSESSIVE) to 0x2u (BACKTRACKING) while the emitted rx_info.flags value is unchanged.	MAPPED	1309	flags	'(x)(?:a|bc)+d': -fno-possessify moves RX_VM_STRATS 0x1u to 0x2u while rx_info.flags unchanged (1271-1273); also tuning.md 2.1.
C6-0610	4934	M	Between the default and -fno-possessify builds of (x)(?:a|bc)+d, the whole rx_info initializer is identical except frame_capacity, which moves because denying possessification really does cost a frame.	MAPPED	1311	flags	"the whole initializer is identical between the two builds except frame_capacity, because denying possessification costs a frame."
C6-0611	4936	N	To see what was ASKED FOR, rx_info.flags cannot be used for a masked axis; to see what HAPPENED, read the macro.	MAPPED	1313	flags	"To see what was asked for on a masked axis, flags cannot be used; to see what happened, read the macro."
C6-0612	4940	N	Every axis bit is masked from rx_info.flags except the named kept set; the rule is general and derived, not a list (tuning.md section 2, "THE rx_info.flags RULE"; K92).	MAPPED	1298	flags	"The rule is general and derived: every axis bit is masked except the named kept set (tuning.md 2, THE rx_info.flags RULE)" (1260-1263).
C6-0613	4941	N	The set of masked bits and per-flag reasoning live in lib/pcrec.h's own comments (indexed by lib/CLAUDE.md), which is where to look to see which bits legitimately vanish from rx_info.flags on a round trip.	POINTED	1305	flags	New points to tuning.md 2 (per-bit catalogue) and 4 (bit to field map) instead of lib/pcrec.h comments; tuning.md:126-141 states the rule and kept set, so a round-tripper learns which bits vanish.
C7-0001	4951	N	pcrec_compile() takes a NUL-terminated const char *pattern and has no length parameter.	MAPPED	2389	nul-terminated	NUL-terminated pattern, no length
C7-0002	4955	N	pcrec_compile signature is int pcrec_compile(const char *pattern, const pcrec_options *opt, pcrec_output *out, pcrec_error *err).	MAPPED	2385	nul-terminated	signature quoted verbatim
C7-0003	4959	N	A raw 0x00 byte inside the intended pattern silently truncates the compile performed by pcrec_compile().	MAPPED	2389	nul-terminated	raw 0x00 silently truncates the compile
C7-0004	4960	N	A 3-byte pattern "a\0b" compiles as the 1-byte pattern "a", and pcrec_compile() reports success for that shorter pattern.	MAPPED	2390	nul-terminated	"a\0b" compiles as "a" and reports success
C7-0005	4962	N	The NUL truncation is documented, checkable behavior of the NUL-terminated entry point, not a defect pcrec intends to fix in this API shape.	MAPPED	2392	nul-terminated	documented behaviour of a NUL-terminated entry, not a defect this API shape will fix
C7-0006	4967	M	Measured against libpcre2 10.46 (dlopen via tests/fuzz/pcre2_abi.h): PCRE2_ZERO_TERMINATED compile of the buffer {'a',0,'b'} yields a pattern matching only "a" (1-byte match at start of subject "a\0b").	MAPPED	2395	nul-terminated	PCRE2_ZERO_TERMINATED on {a,0,b} matches only "a"; libpcre2 10.46 via tests/fuzz/pcre2_abi.h
C7-0007	4972	M	Measured against libpcre2 10.46: compiling {'a',0,'b'} with explicit length=3 yields the real 3-byte pattern, matching the full subject "a\0b" with span [0,3).	MAPPED	2398	nul-terminated	length=3 matches the whole subject [0,3)
C7-0008	4975	N	The only way to avoid NUL truncation is for the caller to pass the pattern's true length, which PCRE2's API accepts and pcrec_compile() does not.	MAPPED	2399	nul-terminated	new: PCRE2 also accepts a true length and pcrec_compile does not (API-surface gap); "only way" is implied by the strlen pre-flight bullet at 2355
C7-0009	4978	N	The NUL truncation is an API-surface gap relative to PCRE2's length-taking mode, not a semantics divergence between the two engines' NUL handling (PCRE2's sentinel mode fails identically).	MAPPED	2399	nul-terminated	API-surface gap not a difference in NUL semantics; sentinel mode truncates identically (2340)
C7-0010	4983	N	rx_info.pattern_len reports the actual byte count pcrec_compile() saw and compiled (the truncated count), not the caller's intended count.	MAPPED	2402	nul-terminated	pattern_len = byte count pcrec_compile saw, i.e. truncated count; also field row at 1154
C7-0011	4985	N	rx_info lives in the generated artifact; pcrec_compile() hands its caller C source text, not a struct.	MAPPED	2404	nul-terminated	out.c_src is source text; rx_info is artifact data (6.1 at 1323); new says reading it needs the artifact compiled and linked
C7-0012	4988	N	At compile time the only way to read pattern_len is to string-search out.c_src for the emitted ".pattern_len = N," line.	MAPPED	2409	nul-terminated	string search of out.c_src
C7-0013	4990	N	Reading pattern_len as a value requires compiling and linking the artifact first.	MAPPED	2408	nul-terminated	needs the artifact compiled and linked
C7-0014	4993	N	A caller that knows the pattern's true length should test it before compiling; if strlen(pattern) != known_length the pattern contains a NUL and the caller refuses it itself.	MAPPED	2410	nul-terminated	strlen(pattern) != known_length pre-flight, snippet at 2360
C7-0015	5003	N	The strlen pre-flight catches the truncation before it happens using only the standard library.	MAPPED	2415	nul-terminated	strlen pre-flight shown; "standard library only" is implicit in the snippet
C7-0016	5004	N	pattern_len remains the after-the-fact instrument for an artifact the caller already has.	MAPPED	2402	nul-terminated	pattern_len records what was compiled; "after-the-fact instrument" framing implied by 2353 (needs the artifact)
C7-0017	5005	M	Verified: compiling the byte-built 3-byte "a\0b" buffer through the real pcrec_compile() produces out.c_src containing ".pattern_len = 1,".	MAPPED	2403	nul-terminated	out.c_src contains ".pattern_len = 1,"
C7-0018	5006	M	The CLI cannot carry a NUL through argv at all, so the NUL probe goes through the library pcrec_compile(), not the CLI.	MAPPED	2405	nul-terminated	CLI cannot carry a NUL through argv
C7-0019	5009	M	The "a\0b" pattern_len probe is pinned as tests/cli/run_cli_tests.sh case16.	MAPPED	2405	nul-terminated	tests/cli/run_cli_tests.sh case16
C7-0020	5011	N	pattern_len is the source byte count, not the count of bytes the matcher walks (e.g. 'a\nb' is 4 source bytes and pattern_len = 4).	MAPPED	2406	nul-terminated	source byte count; 'a\nb' pattern_len = 4
C7-0021	5013	M	The pattern_len source-byte-count property is pinned structurally in tests/codegen/run_codegen_tests.sh.	MAPPED	2407	nul-terminated	pinned in tests/codegen/run_codegen_tests.sh
C7-0022	5016	N	A length-taking compile ((pattern, length) overload or equivalent that refuses a pattern whose declared extent it cannot verify) is not part of the pcrec_compile() contract.	MAPPED	2420	nul-terminated	length-taking compile not part of this contract
C7-0023	5019	H	CHECK: full length-taking compile support is scheduled with DD-3, tracked as docs/dev/known_issues.md K9, and is the natural trigger for customer V-A's (pattern, length) compatibility shim.	MAPPED	2422	nul-terminated	new states scheduled with [DD-3] and tracked as K9 (K9 exists at docs/dev/known_issues.md:2274); the customer V-A shim trigger is dropped (plan/process fact)
C7-0024	5022	N	A caller with an untrusted or NUL-containing pattern source must run the strlen pre-flight itself; nothing in pcrec_compile()'s signature enforces it.	MAPPED	2410	nul-terminated	caller with NUL-bearing text runs the pre-flight; 2364 "Nothing in pcrec_compile()'s signature enforces it"
C7-0025	5033	M	The section 8.0 sample compiles and runs as written: built with gcc -Wall -Wextra -Werror -Wl,-dead_strip against lib/pcrec.h and libpcrec.a, run, and its matcher.c/matcher.h output compiled in turn.	MAPPED	2433	library-example	sample compiles and runs as written; new drops the -Wl,-dead_strip detail from the build line but the compile-and-run claim is stated
C7-0026	5037	N	Consumers should link with -Wl,-dead_strip (ld64) or -Wl,--gc-sections (GNU ld).	MAPPED	2474	link-gc-sections	link with --gc-sections (GNU ld) or -dead_strip (ld64)
C7-0027	5038	N	libpcrec.a is a static archive in which the .rxt-source-file support (the --source composer) is statically reachable from the ordinary compile path.	MAPPED	2475	link-gc-sections	composer statically reachable from the ordinary compile path
C7-0028	5040	N	A consumer that never calls pcrec_compile_defs or pcrec_rxt_source_parse still pulls the composer's object files in unless the linker drops unreachable sections.	MAPPED	2477	link-gc-sections	pcrec_compile_defs / pcrec_rxt_source_parse never called but objects pulled in
C7-0029	5042	M	Measured (2026-09-17 code review, L6 1.3): the -dead_strip flag alone recovers 43,968 of the 44,448 bytes those objects add to a minimal consumer's __text, leaving 480 bytes and two symbols the composer's early-return path still reaches.	MAPPED	2478	link-gc-sections	43,968 of 44,448 bytes recovered; 480 bytes and two symbols remain
C7-0030	5045	N	Omitting the dead-strip/gc-sections linker flag is not wrong, only larger than needed.	MAPPED	2481	link-gc-sections	omitting it is not wrong, only larger
C7-0031	5058	N	pcrec_default_options(&opt) is the mandatory first step before using a pcrec_options.	MAPPED	2486	link-gc-sections	pcrec_default_options() is mandatory (also 2392)
C7-0032	5058	N	A zero-initialized pcrec_options has prefix == NULL and every compile fails with "invalid symbol prefix".	MAPPED	2486	link-gc-sections	zeroed options: prefix NULL and "invalid symbol prefix" (also 2393)
C7-0033	5061	N	pcrec_options.header_name == NULL (the default) produces a self-contained .c; setting it (e.g. "matcher.h") also produces a header.	MAPPED	2450	library-example	header_name NULL = self-contained .c; set = also header (2451)
C7-0034	5063	N	pcrec_compile() returns nonzero (-1) on failure and sets err.msg, err.pos (size_t) and err.input (PCREC_ERR_INPUT_PATTERN or PCREC_ERR_INPUT_TEMPLATE).	MAPPED	2507	link-gc-sections	returns -1 on failure; err.msg/pos/input quoted at 2398 and struct 2591
C7-0035	5069	N	out.c_src and out.h_src are malloc'd, NUL-terminated C source owned by the caller, who must free them.	MAPPED	2458	library-example	c_src/h_src malloc'd NUL-terminated C source, caller frees
C7-0036	5070	N	out.h_src is non-NULL exactly when opt.header_name was set.	MAPPED	2506	link-gc-sections	h_src non-NULL exactly when header_name set
C7-0037	5079	N	pcrec_output_free(&out) frees both buffers and sets both fields to NULL.	MAPPED	2502	link-gc-sections	frees both and NULLs both fields
C7-0038	5086	N	pcrec_default_options() is mandatory; skipping it fails every compile.	MAPPED	2486	link-gc-sections	mandatory
C7-0039	5089	N	A zeroed pcrec_options has prefix == NULL, and pcrec refuses a NULL prefix; pcrec_default_options is not a convenience over a working zero state.	MAPPED	2486	link-gc-sections	zeroed struct has prefix NULL which pcrec refuses
C7-0040	5090	M	Measured: a memset-zeroed options struct returns -1 with err.msg == "invalid symbol prefix (must be a C identifier, <= 60 chars)" for a pattern that compiles fine after pcrec_default_options().	MAPPED	2488	link-gc-sections	memset-zeroed returns -1 with the exact msg
C7-0041	5093	N	pcrec_default_options() sets prefix = "rx", encoding = PCREC_ENC_BYTE and header_name = NULL, and zeroes everything else.	MAPPED	2490	link-gc-sections	prefix rx, encoding PCREC_ENC_BYTE, header_name NULL, zero the rest
C7-0042	5095	N	A caller overrides fields after calling pcrec_default_options(), never instead of it.	MAPPED	2492	link-gc-sections	override fields after calling it, never instead
C7-0043	5096	M	Re-measured: a default-initialized pcrec_options has prefix=rx, encoding=0 (PCREC_ENC_BYTE), header_name=NULL, flags=0, engine=0.	MAPPED	2490	link-gc-sections	prefix rx, encoding 0, header_name NULL, flags = 0, engine = 0
C7-0044	5099	N	pcrec_output owns two heap buffers and the caller frees them.	MAPPED	2493	link-gc-sections	two heap buffers, caller frees
C7-0045	5102	N	pcrec_output is a struct { char *c_src; char *h_src; }.	MAPPED	2496	link-gc-sections	struct quoted
C7-0046	5103	N	pcrec_output.c_src is malloc'd and freed with pcrec_output_free.	MAPPED	2497	link-gc-sections	c_src malloc'd, free with pcrec_output_free
C7-0047	5104	N	pcrec_output.h_src is malloc'd, or NULL when options.header_name == NULL.	MAPPED	2498	link-gc-sections	h_src malloc'd or NULL
C7-0048	5108	N	pcrec_output_free() frees both buffers and NULLs both fields (measured before and after).	MAPPED	2502	link-gc-sections	frees both and NULLs both; "measured before and after" wording dropped
C7-0049	5110	N	pcrec_output_free() is safe to call twice and safe on a struct whose h_src was never produced.	MAPPED	2502	link-gc-sections	safe to call twice and when h_src never produced
C7-0050	5110	N	pcrec_output_free() is the only way to release the pcrec_output buffers.	MAPPED	2503	link-gc-sections	there is no other way to release them
C7-0051	5111	N	Section 5.2's "no allocation, no lifecycle to manage" statement covers the MATCH path only; the compile path allocates and pcrec_output_free is its lifecycle.	MAPPED	2504	link-gc-sections	compile path's lifecycle; match path has none; also 5.2 at 934-935
C7-0052	5114	N	h_src is non-NULL exactly when header_name was set (measured both ways); a caller should test h_src rather than header_name.	MAPPED	2506	link-gc-sections	test h_src
C7-0053	5116	N	pcrec_compile() returns 0 on success and -1 on failure; a caller checks the return value, not the error struct.	MAPPED	2507	link-gc-sections	check the return value not the error struct; 0 success -1 failure
C7-0054	5117	N	pcrec_compile() fills err only on failure.	MAPPED	2508	link-gc-sections	fills err only on failure
C7-0055	5125	N	pcrec_compile() never abort()s the caller on the compile path.	MAPPED	2514	compile-guarantees	never abort()s the caller on the compile path
C7-0056	5126	N	Every allocation site on the compile path routes failure through the internal pcrec_ctx_nomem() and comes back as a normal -1-with-diagnostic return.	MAPPED	2515	compile-guarantees	every allocation site routes failure via pcrec_ctx_nomem to -1
C7-0057	5128	N	A caller that sets a memory limit to survive a hostile pattern does survive it: allocation failure yields -1 with a diagnostic, not an abort.	MAPPED	2516	compile-guarantees	memory limit survives a hostile pattern
C7-0058	5130	N	One abort() remains in the code deliberately, off the compile path: the syntax-dump path's detached string buffers, which run outside a compile and have no pcrec_error to report through.	MAPPED	2526	compile-guarantees	one abort() left on syntax-dump path
C7-0059	5132	N	DFA structural invariants refuse through pcrec_ctx_fail like every other "cannot happen" site in the compiler (K61); they no longer abort.	MAPPED	2524	compile-guarantees	DFA structural invariants refuse via pcrec_ctx_fail (K61)
C7-0060	5135	N	As of 2026-09-18 the never-abort/never-silently-succeed-under-OOM promise of pcrec_compile() has no exceptions.	MAPPED	2514	compile-guarantees	never-abort on compile path plus no degraded success under memory pressure (2462); the dated "no exceptions" wording dropped but new states the one off-path abort
C7-0061	5140	N	When a pattern needs more than one internal attempt (the [ART-SIZE] size-term ladder, a --engine=auto DFA-overflow retry, or a size-cap retry rung), an allocation failure on a non-final attempt makes pcrec_compile() return -1 with a diagnostic rather than success from a fallback attempt (K60, D109).	MAPPED	2518	compile-guarantees	non-final attempt allocation failure reported as -1 (K60, D109)
C7-0062	5146	M	The multi-attempt-ladder allocation-failure population was 2 of 3,159 corpus patterns at default axes (docs/dev/k60_measurement.md section 3).	HISTORY			corpus-population measurement (2 of 3,159) behind the K60 fix, lives in docs/dev/k60_measurement.md; not a current-behaviour fact of the API
C7-0063	5148	M	make alloc's W4 witness: 108 of 158 forced failures were absorbed before the D109 fix, 0 after.	HISTORY			108 of 158 absorbed BEFORE the fix is past-state; the current fact (0 absorbed) is at 2468
C7-0064	5151	N	Allocation failure in the emitted DFA state legend's scratch buffers is an ordinary -1-with-diagnostic refusal; it no longer drops the legend and lets the compile succeed (K60, D105).	MAPPED	2521	compile-guarantees	legend scratch allocation failure is an ordinary refusal (K60, D105)
C7-0065	5159	N	The state-legend scratch buffer is a fixed local and the remaining legend scratch lives in the compile's arena.	MAPPED	2522	compile-guarantees	new: legend scratch lives in the compile's arena; the "fixed local" half of the old sentence is not restated
C7-0066	5162	M	make alloc's W1 and W3 witnesses: 15 and 25 forced failures absorbed before the D105 fix, 0 after.	HISTORY			15 and 25 absorbed BEFORE the D105 fix is past-state; current 0 at 2468
C7-0067	5163	N	A compile that would previously have emitted a legend-less artifact under OOM now returns -1 with a diagnostic.	MAPPED	2521	compile-guarantees	failure there is an ordinary refusal instead of a legend-less artifact
C7-0068	5165	N	The emitted bytes of a compile that does not run out of memory are unchanged by the legend fix, so D105 is not an abi event.	MAPPED	2528	compile-guarantees	emitted bytes of a compile that does not run out of memory do not depend on this
C7-0069	5167	N	A pattern can be REFUSED for compile-side resource reasons, a failure class distinct from a syntax error.	MAPPED	2530	compile-guarantees	resource refusal distinct from syntax error
C7-0070	5168	N	A resource refusal arrives through the same -1 return and the same pcrec_error as a syntax error; a caller distinguishes them by reading err.msg, not the return value.	MAPPED	2531	compile-guarantees	same -1 and pcrec_error; tell apart by err.msg
C7-0071	5171	M	Measured at the D56 boundary: pattern a{9795} compiles; a{9796} returns -1 with err.msg == "pattern too complex for the DFA engine (subset construction exceeds 48000000 state-set elements; try --engine=vm)".	MAPPED	2532	compile-guarantees	a{9795} compiles; a{9796} refused with the exact msg
C7-0072	5174	N	A pattern refused for resource reasons is legal PCRE; the refusal is that compiling it would cost more than pcrec is willing to spend, so a caller reporting every -1 as bad regex syntax is wrong.	MAPPED	2535	compile-guarantees	legal PCRE; reporting every -1 as bad syntax is wrong
C7-0073	5178	M	Measured: the same a{9796} compiles cleanly under --engine=vm, because that mode never builds the DFA whose cap the refusal names.	MAPPED	2537	compile-guarantees	a{9796} compiles under --engine=vm
C7-0074	5178	N	The escape named by the DFA-complexity diagnostic (--engine=vm) is real.	MAPPED	2537	compile-guarantees	the escape the message names is real
C7-0075	5186	N	Two encodings compile: byte (the default) and utf8.	MAPPED	2692	encodings-compiled	byte (default) and utf8 both compile
C7-0076	5188	N	Under utf8 a character is one to four bytes and "." and a class match a whole character.	MAPPED	2702	encodings-compiled	one to four bytes; . and a class match a whole character
C7-0077	5190	N	Under utf8 an ill-formed byte sequence in the SUBJECT matches nothing, with no validation pass and no error return.	MAPPED	2703	encodings-compiled	ill-formed subject sequence matches nothing and is not reported; 9.4 (2713) says the default does no validation
C7-0078	5192	N	Under utf8 a startpos passed to <prefix>_search must be a character boundary of the encoding.	MAPPED	2715	startpos	startpos must be a character boundary and is enforced by default
C7-0079	5194	N	<prefix>_next_pos (section 3.1.1) is the supported way to produce a character-boundary startpos, and the section 3.1 find-all loop uses it.	MAPPED	2738	startpos	next_pos is the supported way; the find-all loop uses it (2659, 461)
C7-0080	5197	H	CHECK: the pcrec_options block quotes "all nineteen members" but lists twenty (prefix, encoding, flags, header_name, engine, step_budget, work_budget, unroll_k, vm_entry_shape, frame_capacity, six max_*, warn_emit_bytes, name, tune, features).	SUPERSEDED	2544	options	DOC DEFECT: old block claimed "all nineteen members", listed twenty, and lib/pcrec.h has twenty-five (analysis, analysis_dirs, analysis_source, analysis_source_len, memfn missing). New block lists all 25
C7-0081	5201	N	Every member of lib/pcrec.h's pcrec_options appears in the spec's quoted block with a one-line gloss; the full text per member is the header comment and, for a tuning axis, tuning.md section 2.	SUPERSEDED	2544	options	DOC DEFECT (same): the five missing members are now quoted and glossed
C7-0082	5207	N	pcrec_options.prefix is a const char * C identifier prefix; default "rx".	MAPPED	2550	options	prefix const char * default "rx"
C7-0083	5208	N	pcrec_options.encoding is an int holding a PCREC_ENC_* value, per compile call.	MAPPED	2551	options	encoding int PCREC_ENC_* per compile call
C7-0084	5209	N	pcrec_options.flags is a uint64_t carrying PCREC_CASELESS, PCREC_EMIT_MAIN, PCREC_NO_CAPTURES, PCREC_TRACE and the optimization-axis deny/force bits (catalogue in tuning.md section 2).	MAPPED	2552	options	flags uint64_t with the named bits and axis bits, catalogue tuning.md 2
C7-0085	5213	N	pcrec_options.header_name is a const char *; NULL means a self-contained .c.	MAPPED	2556	options	header_name NULL = self-contained .c
C7-0086	5214	N	pcrec_options.engine is an int taking PCREC_ENGINE_AUTO, PCREC_ENGINE_DFA or PCREC_ENGINE_VM.	MAPPED	2557	options	engine AUTO/DFA/VM
C7-0087	5215	N	pcrec_options.step_budget is an int64_t taking PCREC_STEP_BUDGET_DEFAULT, PCREC_STEP_BUDGET_NONE, or a count.	MAPPED	2558	options	step_budget int64_t DEFAULT/NONE/count
C7-0088	5216	N	pcrec_options.work_budget is an int64_t taking PCREC_WORK_BUDGET_DEFAULT, PCREC_WORK_BUDGET_NONE, or a count.	MAPPED	2559	options	work_budget int64_t DEFAULT/NONE/count
C7-0089	5217	N	pcrec_options.unroll_k is an int; PCREC_UNROLL_K_DEFAULT (0) means the built-in default.	MAPPED	2560	options	unroll_k int, DEFAULT (0)
C7-0090	5218	N	pcrec_options.vm_entry_shape is an int taking PCREC_VM_ENTRY_AUTO (0), _PLAIN, _SHARED, _FORWARD or _INLINE; it is an ordinal rung, not a bit (tuning.md section 2.21).	MAPPED	2561	options	vm_entry_shape ordinal rung not a bit, tuning.md 2.21
C7-0091	5221	N	pcrec_options.frame_capacity is an int; 0 means let the compiler size it.	MAPPED	2564	options	frame_capacity 0 = let compiler size it
C7-0092	5222	N	pcrec_options.frame_capacity's 0 sentinel differs from rx_info's field of the same name, which uses -1 for unbounded.	MAPPED	2564	options	0 sentinel differs from rx_info's -1 (also 2540, 1247)
C7-0093	5224	N	pcrec_options.max_emit_code_bytes is a uint64_t RAISE-ONLY cap override; 0 means built-in.	MAPPED	2567	options	max_emit_code_bytes RAISE-ONLY, 0 built-in
C7-0094	5225	N	pcrec_options.max_emit_bytes is a uint64_t RAISE-ONLY cap override; 0 means built-in.	MAPPED	2568	options	max_emit_bytes
C7-0095	5226	N	pcrec_options.max_nfa_states is a uint64_t RAISE-ONLY compile budget; 0 means built-in.	MAPPED	2569	options	max_nfa_states
C7-0096	5227	N	pcrec_options.max_dfa_states_goto is a uint64_t RAISE-ONLY compile budget; 0 means built-in.	MAPPED	2570	options	max_dfa_states_goto
C7-0097	5228	N	pcrec_options.max_subset_elems is a uint64_t RAISE-ONLY compile budget; 0 means built-in.	MAPPED	2571	options	max_subset_elems
C7-0098	5229	N	pcrec_options.max_auto_dfa_elems is a uint64_t RAISE-ONLY budget that governs the AUTO route's DFA attempt only; 0 means built-in.	MAPPED	2572	options	max_auto_dfa_elems, AUTO route DFA attempt only
C7-0099	5231	N	pcrec_options.warn_emit_bytes is a uint64_t ADVISORY stderr-warning threshold, never a refusal; 0 DISABLES the warning.	MAPPED	2574	options	warn_emit_bytes ADVISORY, 0 disables
C7-0100	5232	N	pcrec_options.warn_emit_bytes can be lowered, unlike the max_* caps.	MAPPED	2575	options	lowerable unlike the caps
C7-0101	5234	N	pcrec_options.name is a const char * giving what rx_info.name reports; NULL means use the prefix.	MAPPED	2577	options	name reports rx_info.name; NULL = prefix
C7-0102	5235	N	pcrec_options.tune is an int from PCREC_TUNE_MIN_SIZE to PCREC_TUNE_MAX_SPEED, range -2..+2; 0 is balanced and a structural no-op.	MAPPED	2578	options	tune -2..+2, 0 balanced and structural no-op
C7-0103	5237	N	pcrec_options.features is a const char * naming the enabled feature-module set for this call, same vocabulary as --features; NULL means no request.	MAPPED	2580	options	features: module set for this call, same vocabulary as --features, NULL no request
C7-0104	5243	N	The six max_* members of pcrec_options are RAISE-ONLY.	MAPPED	2598	options	six max_* RAISE-ONLY
C7-0105	5244	N	A max_* value BELOW the built-in default is refused as a malformed option rather than honoured, so no caller can use one to manufacture someone else's refusal.	MAPPED	2598	options	below default refused as malformed option
C7-0106	5246	N	warn_emit_bytes is deliberately not raise-only because it never refuses anything, so lowering it cannot break a build.	MAPPED	2600	options	warn_emit_bytes not raise-only because it never refuses
C7-0107	5248	N	docs/spec/limits.md is the home of the six max_* budgets; per-field derivations are lib/pcrec.h's comments.	MAPPED	2601	options	limits.md is their home; derivations in lib/pcrec.h comments via 2490
C7-0108	5251	N	pcrec_options.features is applied PER pcrec_compile() call.	MAPPED	2625	options-features	applied per pcrec_compile() call
C7-0109	5253	N	pcrec_options.features accepts a comma-separated module-name list spelled as pcrec --list-syntax's module column spells them, the frozen named set "std1" (D37), "all", or "none".	MAPPED	2626	options-features	comma list as --list-syntax module column, "std1", "all", "none"
C7-0110	5255	N	An unknown name in pcrec_options.features is refused by name, as the CLI --features rule does, surfaced through pcrec_error like any compile-time refusal.	MAPPED	2628	options-features	unknown name refused by name through pcrec_error
C7-0111	5258	N	The pcrec_error wording for an unknown features name is identical to the CLI's "--features: <text>" stderr line minus the "--features: " prefix.	MAPPED	2629	options-features	CLI's --features: <text> wording minus prefix
C7-0112	5261	N	pcrec_options.features == NULL means "make no request" and is deliberately NOT the CLI's bare-invocation default (std1).	MAPPED	2631	options-features	NULL = no request, not the CLI bare default
C7-0113	5263	N	A library caller who never sets pcrec_options.features gets the raw, ungated compile with no module enabled.	MAPPED	2632	options-features	ungated compile with no module enabled
C7-0114	5265	N	A library caller wanting the CLI's bare-invocation behaviour passes "std1" or the exported constant pcrec_default_features explicitly.	MAPPED	2633	options-features	pass "std1" or pcrec_default_features
C7-0115	5267	N	The CLI always resolves a concrete value for pcrec_options.features (features ? features : pcrec_default_features) and never leaves it NULL, so a bare pcrec 'PATTERN' invocation is unaffected.	MAPPED	2634	options-features	CLI assigns features ? features : pcrec_default_features
C7-0116	5272	N	Applying pcrec_options.features touches no shared state (D19): two concurrent pcrec_compile() calls with different features values cannot race.	MAPPED	2637	options-features	touches no shared state (D19), concurrent compiles cannot race
C7-0117	5274	N	Each pcrec_compile() call resolves its features request into that compile's own internal state, never a process-global.	MAPPED	2638	options-features	each resolves into its own compile's state
C7-0118	5276	N	The CLI's own --features additionally installs a process-global read by --probe-ask, --count-groups and --list-source; pcrec_options.features affects only the one pcrec_compile() call.	MAPPED	2639	options-features	CLI --features also installs a process-global read by --probe-ask --count-groups --list-source
C7-0119	5281	N	pcrec_options.encoding is a per-compile-call scalar: one encoding per pcrec_compile() call, carried in this field and nowhere else.	MAPPED	2602	options	per-compile-call scalar, carried in this field only
C7-0120	5283	N	There is no process-global, file-global or environment-variable encoding setting.	MAPPED	2603	options	no process-global, file-global or env variable
C7-0121	5284	N	Mixing encodings inside one compilation unit or one binary is supported: each artifact is self-contained, carries its own prefix, and embeds exactly one encoding's residual block (section 3.1.1).	MAPPED	2604	options	mixing encodings supported; own prefix, one encoding's residual block
C7-0122	5286	N	The CLI spells the encoding option -e NAME or --encoding=NAME.	MAPPED	2696	encodings-compiled	-e NAME or --encoding=NAME
C7-0123	5289	N	PCREC_ENC_BYTE (0, the default) and PCREC_ENC_UTF8 (1) both compile.	MAPPED	2692	encodings-compiled	PCREC_ENC_BYTE 0 default, PCREC_ENC_UTF8 1
C7-0124	5290	N	The pcrec_options.encoding value is what rx_info.encoding reports (section 6).	MAPPED	2693	encodings-compiled	value is what rx_info.encoding reports
C7-0125	5291	N	Any other pcrec_options.encoding value is refused with "unknown encoding (want byte, utf8)", an ordinary -1-with-diagnostic return that writes no C.	MAPPED	2694	encodings-compiled	other values refused with the exact msg, no C written
C7-0126	5294	N	A code point above 0xFF written as \x{...} is a compile error under the byte encoding and compiles under utf8.	MAPPED	2707	encodings-compiled	\x{...} above 0xFF error under byte, compiles under utf8
C7-0127	5296	N	The encoding reaches the parser only through a range check on a written \x{...} value (utf8_design.md section 2.7.3).	MAPPED	2707	encodings-compiled	encoding reaches the parser in one place; design ref utf8_design.md 2.7.3
C7-0128	5299	N	PCREC_ENC_ASCII no longer exists; PCREC_ENC_BYTE replaced it as a RENAME, not an alias.	HISTORY			PCREC_ENC_ASCII rename is past-state (still recorded in lib/pcrec.h:26); current fact "-e ascii is an unknown encoding" is at 2615
C7-0129	5301	N	CLI value "-e ascii" is now an unknown encoding.	MAPPED	2695	encodings-compiled	-e ascii is an unknown encoding
C7-0130	5303	N	The byte encoding treats every byte as a character, 0x80-and-up included, with no case and no meaning attached.	MAPPED	2698	encodings-compiled	every byte a character, no case, no meaning
C7-0131	5307	N	Every boolean option (PCREC_CASELESS, PCREC_EMIT_MAIN, PCREC_NO_CAPTURES, PCREC_UCP, strategy-denial/force flags) is one representation end-to-end: the same bit set by a CLI flag, carried in pcrec_options.flags, and reflected verbatim in rx_info.flags.	MAPPED	2645	options-flags	one representation end-to-end; flag list at 2566
C7-0132	5310	N	A boolean option bit is reflected verbatim in rx_info.flags except where deliberately masked (section 6.3).	MAPPED	2648	options-flags	reflected in rx_info.flags unless deliberately masked (also 1257-1270)
C7-0133	5312	N	PCREC_NO_CAPTURES recovers the pure-DFA artifact (<PREFIX>_NCAPS 1); captures are on by default.	MAPPED	2651	options-flags	PCREC_NO_CAPTURES gives pure-DFA NCAPS 1; captures on by default
C7-0134	5314	N	PCREC_UCP is bit 34 of pcrec_options.flags.	MAPPED	2653	options-flags	PCREC_UCP bit 34
C7-0135	5315	N	PCREC_UCP carries PCRE2_UCP's semantics (docs/spec/cli.md --ucp).	MAPPED	2653	options-flags	PCRE2_UCP semantics, cli.md --ucp
C7-0136	5315	N	PCREC_UCP changes answers, so it is NOT masked: rx_info.flags of an artifact compiled with --ucp has bit 34 set.	MAPPED	2654	options-flags	changes answers so not masked
C7-0137	5317	N	A pattern that turns UCP on inside itself with (*UCP) does not set PCREC_UCP bit 34, just as an inline (?i) does not set PCREC_CASELESS.	MAPPED	2654	options-flags	(*UCP) inline does not set the bit, as (?i) does not set CASELESS
C7-0138	5319	N	The pattern text, recorded in rx_info.pattern, is where inline (*UCP) is recorded.	MAPPED	2656	options-flags	rx_info.pattern records it
C7-0139	5320	H	CHECK: the arrival of the PCREC_UCP bit moved no emitted byte of any artifact compiled without it (no abi event).	HISTORY			states the arrival of the UCP bit moved no emitted byte (past change event, no abi event); not a current-behaviour fact
C7-0140	5322	N	A caller that round-trips its own flags through rx_info.flags will legitimately find some bits missing.	MAPPED	1307	flags	round-tripping flags finds masked bits missing, legitimately
C7-0141	5323	N	The bits masked out of rx_info.flags are the testing/tuning axes that change no answer (section 6.3).	MAPPED	1296	flags	masked bits are the testing/tuning denials that change no answer
C7-0142	5324	N	docs/spec/tuning.md section 2 is the catalogue of axes (bit, CLI spelling, what it denies or forces, why it is masked) and section 4 maps every bit to its pcrec_options field.	MAPPED	2657	options-flags	tuning.md 2 catalogue and 4 bit-to-field map
C7-0143	5328	N	The spec tier is the contract (D80); lib/pcrec.h's comments are the implementation's record of the same facts, not their authority.	MAPPED	2659	options-flags	lib/pcrec.h comments are the implementation's record, not authority; the spec-is-contract half at 3-11
C7-0144	5333	N	pcrec_error carries which input a diagnostic's pos indexes into.	MAPPED	2663	options-error	pcrec_error carries which input pos indexes
C7-0145	5337	N	pcrec_err_input is an enum with PCREC_ERR_INPUT_PATTERN = 0 and PCREC_ERR_INPUT_TEMPLATE = 1.	MAPPED	2666	options-error	enum quoted with 0 and 1
C7-0146	5342	N	pcrec_error has member char msg[256].	MAPPED	2672	options-error	char msg[256]
C7-0147	5343	N	pcrec_error has member size_t pos.	MAPPED	2673	options-error	size_t pos
C7-0148	5344	N	pcrec_error has member pcrec_err_input input.	MAPPED	2674	options-error	pcrec_err_input input
C7-0149	5348	N	pcrec_compile() always sets err.input = PCREC_ERR_INPUT_PATTERN today; it has no other input yet.	MAPPED	2678	options-error	always PATTERN today
C7-0150	5349	N	PCREC_ERR_INPUT_TEMPLATE has no producer yet; a future substitution-template compiler is its first producer.	MAPPED	2678	options-error	TEMPLATE has no producer; future template compiler is first
C7-0151	5350	N	pcrec_compile() returns 0 on success (out filled) or -1 on failure (err filled if non-NULL).	MAPPED	2507	link-gc-sections	0 success -1 failure, err filled if non-NULL
C7-0152	5352	M	Verified: the unterminated group "a(b" returns -1 with err.pos == 1 and err.input == PCREC_ERR_INPUT_PATTERN.	MAPPED	2680	options-error	"a(b" returns -1 with pos == 1 and input PATTERN
C7-0153	5355	N	PCREC_* names only pcrec's own enum/bit-valued constants, never a struct field name and never a bare CLI flag spelling.	MAPPED	65	library-surface	PCREC_* names only pcrec's own enum- or bit-valued constants
C7-0154	5357	N	The one exception to PCREC_* naming is the per-artifact PCREC_FEATURE_SET and PCREC_FEATURE_MODULES stamps, which carry the PCREC_* spelling without living in lib/pcrec.h.	MAPPED	67	library-surface	PCREC_FEATURE_SET and PCREC_FEATURE_MODULES the one exception, per-artifact, not in lib/pcrec.h
C7-0155	5359	N	The list of PCREC_*-named things outside lib/pcrec.h is exhaustive: it has exactly the two feature stamps.	MAPPED	65	library-surface	"with one exception" makes the set exhaustive
C7-0156	5362	N	The exported feature-default data symbol (src/parse/enabled.c, D37's bare-default mapping point) is the lower-case pcrec_default_features.	MAPPED	71	library-surface	lower-case data symbol pcrec_default_features (src/parse/enabled.c path not named; section 8.2 ref)
C7-0157	5366	N	PCRE2_* spellings are reserved for a future PCRE2-compatibility layer and are never native to pcrec.	MAPPED	73	library-surface	PCRE2_* reserved for a future compat layer, never native
C7-0158	5373	N	docs/spec/match_api.md records what shipped and is pcrec's contract with an embedder; design records (match_api_m4.md, engine_m4.md) record why.	MAPPED	3		spec is the contract; design docs informational (design records not named individually)
C7-0159	5382	N	Pre-v1 posture (D40): the contract carries no backwards-compatibility weight yet.	MAPPED	27	pre-v1	pre-v1 posture D40
C7-0160	5383	N	Pre-v1, breaking changes are unconstrained in substance and governed only in form: one announced-boundary commit per break, populations conserved and accounted, never silent drift.	MAPPED	28	pre-v1	unconstrained in substance, governed in form
C7-0161	5385	N	At a future v1 declaration this document (or its direct successor) becomes the compatibility-bound enumeration.	MAPPED	33	pre-v1	v1 successor becomes the compatibility-bound enumeration
C7-0162	5387	N	Until v1, "frozen" in this spec means "the M4 working baseline", not "permanent".	HISTORY			statement about the old document's use of the word "frozen" (M4 working baseline); new doc does not use the word that way (2547 is the unrelated std1 frozen set)
C7-0163	5394	N	Every artifact pcrec emits exports <prefix>_search_in, <prefix>_match_in and <prefix>_match_caps_in.	MAPPED	2910	buffers-entries	every artifact exports all three (also 275)
C7-0164	5396	N	Every artifact declares the <prefix>_buffers descriptor, carries the five sizing macros in its header and the four sizing fields on rx_info.	MAPPED	2953	buffers-sizing	five sizing macros in the header, four rx_info fields (2883), buffers type everywhere (2901)
C7-0165	5397	N	The caller-provided-buffer surface exists on both engines and is present and inert on a DFA artifact.	MAPPED	2981	buffers-sizing	present and inert on a DFA artifact
C7-0166	5420	N	A generated matcher never allocates (section 5.2).	MAPPED	2860	buffers	a generated matcher never allocates
C7-0167	5420	N	The resume stack and its undo trail are sized at compile time and live in the entry point's own stack frame.	MAPPED	2860	buffers	sized at compile time; stack-frame residency at 951 and 2968
C7-0168	5422	N	The artifact's depth ceiling is a compile-time constant by default.	MAPPED	2862	buffers	depth ceiling a compile-time constant
C7-0169	5423	N	Per D71 item 2 a caller may supply the backtracking storage instead, keeping pcrec's never-allocates property while lifting the depth ceiling as far as the caller reserves.	MAPPED	2863	buffers	caller may supply storage, keeping never-allocates (D71 item 2)
C7-0170	5429	M	Measured on a default -p rx --features all build of ^(a(?1)?b)$ (recursion depth grows with the subject): it matches up to a 684-byte subject and returns PCREC_ERR_FRAMES at a 686-byte one.	MAPPED	2877	buffers-why	684-byte match, 686-byte PCREC_ERR_FRAMES
C7-0171	5429	N	The default depth ceiling is expressed as a subject size, not a fixed number.	MAPPED	2877	buffers-why	ceiling is a SUBJECT SIZE
C7-0172	5432	M	libpcre2 10.46 matches 800 KB of the same ^(a(?1)?b)$ shape (cited from subroutines_design.md section 5.6, not measured in this doc).	MAPPED	2880	buffers-why	libpcre2 10.46 matches 800 KB (cited from subroutines_design.md 5.6)
C7-0173	5435	M	Measured: on the left-recursive runaway ^(a|(?1)a)$ over a^n b, PCREC_ERR_FRAMES is returned in 0.0006 s at every n from 100 to 100,000, flat across a 1,000x range.	MAPPED	2883	buffers-why	runaway returns FRAMES in 0.0006 s for n 100..100,000
C7-0174	5438	M	libpcre2's cost on that runaway grows as the square of the subject (2.6-5.6 s at n = 20,000; exponent 2.04), cited from subroutines_design.md section 5.6.	MAPPED	2884	buffers-why	libpcre2 quadratic 2.6-5.6 s at n=20,000, exponent 2.04
C7-0175	5440	N	The default artifact refuses a legitimate deep match as the price of refusing a runaway in constant time; section 10.6 is how a caller buys the depth back.	MAPPED	2886	buffers-why	new states the constant-time refusal (2803) and that 10.6 buys the depth; the "price" framing is implied
C7-0176	5447	N	<prefix>_buffers is a typedef'd struct with members void *frames, size_t nframes, void *trail, size_t ntrail.	MAPPED	2893	buffers-entries	struct quoted
C7-0177	5448	N	<prefix>_buffers.frames is storage for resume frames.	MAPPED	2894	buffers-entries	frames
C7-0178	5449	N	<prefix>_buffers.nframes is the capacity in frames, not bytes.	MAPPED	2895	buffers-entries	nframes capacity in frames not bytes
C7-0179	5450	N	<prefix>_buffers.trail is storage for trail entries.	MAPPED	2896	buffers-entries	trail
C7-0180	5451	N	<prefix>_buffers.ntrail is the capacity in entries, not bytes.	MAPPED	2897	buffers-entries	ntrail capacity in entries
C7-0181	5454	N	int <prefix>_search_in(const unsigned char *s, size_t n, size_t startpos, ptrdiff_t (*caps)[2], const <prefix>_buffers *buf).	MAPPED	2900	buffers-entries	search_in signature
C7-0182	5456	N	ptrdiff_t <prefix>_match_in(const rx_ctx *ctx, const <prefix>_buffers *buf).	MAPPED	2902	buffers-entries	match_in signature
C7-0183	5457	N	ptrdiff_t <prefix>_match_caps_in(const rx_ctx *ctx, ptrdiff_t (*caps_out)[2], const <prefix>_buffers *buf).	MAPPED	2903	buffers-entries	match_caps_in signature
C7-0184	5461	N	Each _in entry equals its un-suffixed sibling in anchoring promise, return space, caps/caps_out discipline and give-up codes, plus one argument naming where the working storage lives.	MAPPED	2907	buffers-entries	equal to the un-suffixed sibling plus one argument
C7-0185	5463	N	Sections 3.1, 3.2, 3.3, 4 and 5 apply to the _in entries unchanged.	MAPPED	2909	buffers-entries	3, 4, 5 apply unchanged (new adds 9)
C7-0186	5469	N	<prefix>_buffers is PER-ARTIFACT, scoped by --prefix; it is not one of section 1's fixed-literal rx_* ABI types.	MAPPED	2912	buffers-entries	per-artifact not a fixed-literal rx_* type
C7-0187	5472	N	A resume frame's size differs between artifacts, so the buffer type is per-artifact; a fixed-literal spelling would advertise an interchangeability that does not exist.	MAPPED	2912	buffers-entries	frame SIZE differs between artifacts
C7-0188	5473	M	Measured: a resume frame is 24 bytes on an artifact with no LINKED call and 40 bytes on one with a linked call (RX_VM_CALL_LINKED > 0).	MAPPED	2913	buffers-entries	24 without a LINKED call, 40 with
C7-0189	5475	N	A call that wave G SPLICED (RX_VM_CALL_SPLICED) is inlined and adds nothing to the resume frame.	MAPPED	2915	buffers-entries	SPLICED call inlined adds nothing
C7-0190	5476	M	Measured: the email specimen's factored form under --engine=vm stamps a 24-byte frame with ten spliced calls.	MAPPED	2916	buffers-entries	email specimen factored form stamps 24 with ten spliced calls
C7-0191	5478	N	A caller reads the frame-size stamp and never infers it from the pattern text.	MAPPED	2917	buffers-entries	read the stamp, never infer from the pattern
C7-0192	5480	N	The nframes and ntrail counts are CAPACITIES (frames / trail entries), not byte sizes; section 10.4 is how a caller converts bytes to counts.	MAPPED	2919	buffers-entries	counts are capacities; 10.4 converts
C7-0193	5483	N	frames and trail are two separate regions and BOTH are required when buf is non-NULL; supplying one without the other is not expressible.	MAPPED	2921	buffers-entries	two regions, both required when buf non-NULL
C7-0194	5485	M	Measured on ^(a(?1)?b)$: the trail is the array that binds first at the stamped defaults, so raising only nframes would produce no change.	MAPPED	2922	buffers-entries	trail binds first on ^(a(?1)?b)$
C7-0195	5492	N	buf == NULL is defined to be exactly a call to the un-suffixed entry with the same other arguments, and an artifact is free to implement it as one.	MAPPED	2929	buffers-null-giveup	buf == NULL exactly the un-suffixed call
C7-0196	5498	N	A give-up from an _in entry means the buffer in use ran out, and the code does not say whose buffer it was.	MAPPED	2932	buffers-null-giveup	give-up means the buffer in use ran out, not whose
C7-0197	5499	N	PCREC_ERR_FRAMES is returned for a caller-supplied buffer exactly as for the stamped default, naming a RESOURCE rather than an array or owner (section 4).	MAPPED	2933	buffers-null-giveup	FRAMES for caller buffer as for stamped default
C7-0198	5502	N	The count of frames or trail entries that WOULD have sufficed is NOT reported on a give-up.	MAPPED	2934	buffers-null-giveup	sufficient count NOT reported
C7-0199	5505	N	Reporting the sufficient count requires the diagnostic axis; the default artifact does not carry the machinery (D71 item 1 treatment).	MAPPED	2935	buffers-null-giveup	diagnostic fact, default artifact carries no machinery (D71 item 1)
C7-0200	5507	N	A give-up is RETRYABLE: calling the same entry again with the same subject and startpos and a larger buffer is defined.	MAPPED	2937	buffers-null-giveup	retryable with larger buffer
C7-0201	5509	N	The matcher holds no state between calls (section 5.3), the caller's caps array is untouched on every negative return, and the buffers are pure scratch, so give-up/double/retry is a correct algorithm.	MAPPED	2938	buffers-null-giveup	no state between calls, caps untouched, buffers scratch
C7-0202	5514	N	The contents of a caller-supplied buffer after any call are UNSPECIFIED; a caller must not read them and need not re-initialise them before the next call.	MAPPED	2941	buffers-null-giveup	contents unspecified, need not re-initialise
C7-0203	5519	N	Both buffer regions must be suitably aligned for the artifact's own frame and trail types; <PREFIX>_BUFFER_ALIGN states the requirement.	MAPPED	2943	buffers-null-giveup	alignment, BUFFER_ALIGN
C7-0204	5521	N	Storage from malloc, mmap, or a declaration of any ordinary object type satisfies the alignment requirement on every target pcrec supports.	MAPPED	2944	buffers-null-giveup	malloc, mmap or ordinary object satisfies it
C7-0205	5523	N	<PREFIX>_BUFFER_ALIGN exists for a caller doing pointer arithmetic inside a larger arena.	MAPPED	2946	buffers-null-giveup	macro for pointer arithmetic in an arena
C7-0206	5527	N	The frame and trail layouts are private to the artifact, are not published, and a caller must not assume them.	MAPPED	2952	buffers-sizing	layouts private to the artifact, only the arithmetic published
C7-0207	5529	N	The emitted header carries five sizing macros: <PREFIX>_RESUME_FRAMES, _TRAIL_FRAMES, _RESUME_FRAME_SIZE, _TRAIL_FRAME_SIZE, _BUFFER_ALIGN.	MAPPED	2953	buffers-sizing	five macros
C7-0208	5532	N	<PREFIX>_RESUME_FRAMES is the stamped DEFAULT resume-frame capacity (example value 2048).	MAPPED	2956	buffers-sizing	RESUME_FRAMES stamped DEFAULT, example 2048
C7-0209	5533	N	<PREFIX>_TRAIL_FRAMES is the stamped default trail capacity (example value 3072).	MAPPED	2957	buffers-sizing	TRAIL_FRAMES 3072
C7-0210	5534	N	<PREFIX>_RESUME_FRAME_SIZE is the bytes per resume frame for THIS artifact (example value 40).	MAPPED	2958	buffers-sizing	RESUME_FRAME_SIZE 40
C7-0211	5535	N	<PREFIX>_TRAIL_FRAME_SIZE is the bytes per trail entry (example value 16).	MAPPED	2959	buffers-sizing	TRAIL_FRAME_SIZE 16
C7-0212	5536	N	<PREFIX>_BUFFER_ALIGN is the required buffer alignment (example value 8).	MAPPED	2960	buffers-sizing	BUFFER_ALIGN 8
C7-0213	5539	N	The sizing macro values are stamped for the target and are not constants of pcrec; a reader must not take 40 as one.	MAPPED	2967	buffers-sizing	stamped for the target, not constants of pcrec; hardcode nothing
C7-0214	5541	M	Measured: a resume frame is 24 bytes on a call-free artifact, 40 on a call-bearing one, and 32 and 48 on the --trace versions of the same two.	MAPPED	2968	buffers-sizing	24 call-free, 40 call-bearing, 32 and 48 with --trace
C7-0215	5543	N	A resume frame's size also depends on the target's own type sizes.	MAPPED	2969	buffers-sizing	also depends on target type sizes
C7-0216	5544	N	pcrec computes each sizing number at compile time from the same member list that emits the frame struct, so the two cannot drift.	MAPPED	2970	buffers-sizing	computed from the same member list that emits the struct
C7-0217	5547	N	The artifact asserts each stamped sizing macro against the real sizeof/_Alignof at its own build, so a number computed for a different target model is a loud compile error naming the macro.	MAPPED	2971	buffers-sizing	artifact asserts against real sizeof/_Alignof, compile error naming the macro
C7-0218	5550	N	A caller reads the sizing macros and never hardcodes their values.	MAPPED	2974	buffers-sizing	read the macros, never hardcode
C7-0219	5553	H	CHECK: the two capacity macros (<PREFIX>_RESUME_FRAMES, <PREFIX>_TRAIL_FRAMES) are in the generated .h where a caller can read them (they previously lived in the generated .c).	MAPPED	2953	buffers-sizing	macros are in the emitted HEADER; probe confirms RESUME_FRAMES TRAIL_FRAMES FRAME_SIZE BUFFER_ALIGN in c7.h (build/pcrec -o c7.c); the "previously in .c" is history
C7-0220	5554	N	rx_info carries four of the same sizing facts for a consumer with no C header (an FFI or dlopen binding).	MAPPED	2963	buffers-sizing	four of the same facts as rx_info fields for FFI/dlopen consumers
C7-0221	5560	N	rx_info.resume_frames is an int64_t giving the stamped default capacity.	MAPPED	1185	rx-info-fields	resume_frames int64_t stamped default capacity
C7-0222	5561	N	rx_info.trail_frames is an int64_t.	MAPPED	1186	rx-info-fields	trail_frames int64_t
C7-0223	5562	N	rx_info.resume_frame_size is an int32_t giving bytes per resume frame.	MAPPED	1187	rx-info-fields	resume_frame_size int32_t
C7-0224	5563	N	rx_info.trail_frame_size is an int32_t giving bytes per trail entry.	MAPPED	1188	rx-info-fields	trail_frame_size int32_t
C7-0225	5566	H	CHECK: rx_info.abi is the layout version and is bumped on every layout change (section 6 rule "layout version; bump-on-change").	MAPPED	1317	abi	abi is the version of the emitted scaffolding, bumped on any change (1285); the literal "layout version" wording replaced by this broader and current statement
C7-0226	5567	N	rx_info.resume_frames duplicates frame_capacity's information for the bounded case but is not redundant with it.	MAPPED	2989	buffers-sizing	resume_frames carries same number as frame_capacity for the bounded case (also 1252)
C7-0227	5569	N	rx_info.frame_capacity reports -1 for "no bound at all" on a DFA artifact and answers a different question than resume_frames (section 6 sentinel-asymmetry note).	MAPPED	2990	buffers-sizing	frame_capacity -1 = no bound on DFA artifact; sentinel at 1246
C7-0228	5573	N	A stamped size of 0 means "this engine takes no buffers"; every DFA artifact stamps 0 because it has no resume stack.	MAPPED	2978	buffers-sizing	stamped 0 means this engine takes no buffers; every DFA artifact (2901)
C7-0229	5575	N	Dividing bytes by <PREFIX>_RESUME_FRAME_SIZE is a division by zero on any DFA artifact.	MAPPED	2979	buffers-sizing	division by zero on every DFA artifact
C7-0230	5578	N	A stamped 0 is rx_info's honest signal; pcrec does not stamp a fake non-zero size for storage that is never read.	MAPPED	2978	buffers-sizing	0 is the signal; "no fake non-zero size" is implied
C7-0231	5580	N	A caller must test the stamped size before dividing by it and pass NULL when it is 0.	MAPPED	2978	buffers-sizing	test before dividing, pass NULL when 0
C7-0232	5581	N	An _in entry on an artifact with stamped size 0 accepts a descriptor and ignores it, so NULL and a correctly-sized buffer are the same call there.	MAPPED	2983	buffers-sizing	_in accepts a descriptor and ignores it; NULL and a buffer same call (2900 "nothing is lost")
C7-0233	5585	N	On a DFA artifact the whole buffer surface is present and inert, so a caller can write one call site against both engines.	MAPPED	2981	buffers-sizing	present and inert so one call site works against both engines
C7-0234	5588	N	The three _in entries, the <prefix>_buffers type and all five sizing macros are emitted on EVERY artifact.	MAPPED	2981	buffers-sizing	three _in entries, buffers type, five macros on every artifact
C7-0235	5589	N	On a DFA artifact the four sizing macros and the four rx_info sizing fields read 0.	MAPPED	2983	buffers-sizing	four sizing macros and four rx_info fields read 0
C7-0236	5591	N	On a DFA artifact an _in entry accepts a descriptor and ignores it, answering exactly as its un-suffixed sibling does.	MAPPED	2985	buffers-sizing	ignores descriptor, answers as un-suffixed sibling
C7-0237	5593	N	The five buffer sizing macros are a deliberate departure from section 6.3's rule that per-artifact budget/capacity macros are VM-artifacts-only, because they are what a caller needs to CALL the artifact rather than what the artifact DID.	MAPPED	2986	buffers-sizing	five macros on both engines unlike VM-only capacity macros of 6.3 because needed to CALL an entry
C7-0238	5604	N	Section 5.3's concurrency rule gains one conjunct: concurrent calls need each their own caps/caps_out buffer AND their own frame and trail buffers.	MAPPED	990	concurrency	concurrent calls need own caps and own frame and trail buffers
C7-0239	5605	N	Two concurrent calls sharing one <prefix>_buffers region are a data race in the CALLER's code, and the matcher does not serialize it.	MAPPED	991	concurrency	sharing is a data race in the CALLER's code, matcher does not serialize
C7-0240	5607	N	One thread re-entering a matcher from a callout needs its own storage for the inner call.	MAPPED	994	concurrency	re-entry from a callout needs its own storage
C7-0241	5610	N	There is deliberately no way to set a buffer once per artifact or per thread; the buffer travels with the call.	MAPPED	997	concurrency	no per-artifact or per-thread buffer; buffer travels with the call
C7-0242	5611	N	Emitted code has no mutable state (section 5.3, checked by TS-1) and no thread-local buffer, since a thread-local would fail reentrancy.	MAPPED	997	concurrency	mutable emitted state forbidden (TS-1), thread-local fails reentrancy
C7-0243	5619	N	The operating system materialises only the pages the match actually touches in a lazily-committed reservation.	MAPPED	3002	buffers-mmap-example	OS materialises only pages touched
C7-0244	5624	N	Worked example: the caller mmaps two lazily-committed regions (MAP_PRIVATE|MAP_ANONYMOUS|MAP_NORESERVE) and builds rx_buffers { f, bytes / RX_RESUME_FRAME_SIZE, t, bytes / RX_TRAIL_FRAME_SIZE }.	MAPPED	3010	buffers-mmap-example	two MAP_NORESERVE mmaps and the buffers initializer
C7-0245	5637	N	rx_search_in(subject, n, 0, caps, &buf) with the mmap'd buffers allocates nothing in pcrec.	MAPPED	3018	buffers-mmap-example	rx_search_in with mmap'd buffers, pcrec allocates nothing
C7-0246	5640	M	Measured on ^(a(?1)?b)$ with two 64 MB reservations: RX_RESUME_FRAME_SIZE == 40 and RX_TRAIL_FRAME_SIZE == 16 give 1,677,721 frames and 4,194,304 trail entries.	MAPPED	3022	buffers-mmap-example	1,677,721 frames and 4,194,304 trail entries
C7-0247	5646	M	Measured with the two 64 MB reservations: a 684 B subject matches in 0.0001 s with 2.0 MB process RSS after.	MAPPED	3027	buffers-mmap-example	684 B 0.0001 s 2.0 MB
C7-0248	5647	M	Measured with the two 64 MB reservations: a 200 KB subject matches in 0.0135 s with 24 MB RSS after.	MAPPED	3028	buffers-mmap-example	200 KB 0.0135 s 24 MB
C7-0249	5648	M	Measured with the two 64 MB reservations: an 800 KB subject matches in 0.056 s with 88 MB RSS after.	SUPERSEDED	3029	buffers-mmap-example	old 0.056 s / 88 MB RSS; new 0.057 s / 90 MB is the 2026-08-25 re-measure (old claim C7-0253 itself). Probe on this box (c7dir, build/pcrec, 2x64MB mmap, a^400000 b^400000): match, ru_maxrss 89,608 KB (~90 MB); time is machine-dependent (0.032 s here)
C7-0250	5649	M	Measured with the two 64 MB reservations: a 932 KB subject matches in 0.065 s with 102 MB RSS after.	MAPPED	3030	buffers-mmap-example	932 KB 0.065 s 102 MB
C7-0251	5650	M	Measured with the two 64 MB reservations: a 940 KB subject returns PCREC_ERR_FRAMES in 0.069 s with 103 MB RSS after.	MAPPED	3031	buffers-mmap-example	940 KB FRAMES 0.069 s 103 MB
C7-0252	5652	M	Re-measured on the shipped emitter (2026-08-25): 1,677,721 frames and 4,194,304 trail entries derive from the two reservations, with 1.8 MB resident before the first match.	MAPPED	3021	buffers-mmap-example	1,677,721 frames and 4,194,304 entries, 1.8 MB resident before first match
C7-0253	5654	M	Re-measured on the shipped emitter: the 800 KB row matches in 0.057 s having touched 90 MB, and the ceiling is still between n = 466,000 and n = 470,000.	MAPPED	3029	buffers-mmap-example	800 KB 0.057 s and 90 MB in the table; boundary between 466,000 and 470,000 at 2958
C7-0254	5656	M	tests/recursion/run_frame_buffer.sh is the re-measurement and asserts each of these numbers rather than printing them.	MAPPED	3035	buffers-mmap-example	tests/recursion/run_frame_buffer.sh asserts these
C7-0255	5659	M	Corrected: through the un-suffixed rx_search, the same artifact returns PCREC_ERR_FRAMES on the four larger rows only; the 684 B row (exactly the largest subject the un-suffixed entry matches) returns 1.	MAPPED	3033	buffers-mmap-example	un-suffixed rx_search matches the 684 B subject and gives FRAMES on the four larger
C7-0256	5668	M	Measured: 128 MB reserved costs 1.7 MB of resident memory until touched.	MAPPED	3035	buffers-mmap-example	128 MB reserved costs about 1.7 MB resident until touched
C7-0257	5669	M	Measured: the 800 KB row is the depth libpcre2 10.46 was measured reaching from its heap, so the ruling's depth goal is met with room to spare.	MAPPED	3036	buffers-mmap-example	800 KB row is the depth libpcre2 10.46 reaches
C7-0258	5670	M	The ceiling is predictable from the emitted numbers: the trail binds at ntrail / (trail entries per level) = 4,194,304 / 8.98, about 467,000 levels for ^(a(?1)?b)$, and the measured boundary sits between 466,000 and 470,000.	MAPPED	3037	buffers-mmap-example	ceiling predictable 4,194,304 / 8.98 about 467,000, boundary 466,000-470,000
C7-0259	5676	N	The caller-supplied buffer does not have to be mmap'd; any storage works (heap allocation, static array in the caller's translation unit, arena slice).	MAPPED	3040	buffers-mmap-example	buffer need not be mmap'd: heap, static array, arena slice
C7-0260	5683	N	A caller with no mmap needs neither mmap nor a heap to use the buffer surface.	MAPPED	3047	buffers-freestanding	caller with no mmap and no heap has two routes
C7-0261	5685	N	Passing NULL gives the stamped default, exactly today's behaviour, with the artifact's own storage on the stack.	MAPPED	3049	buffers-freestanding	pass NULL for the stamped default, on the stack
C7-0262	5687	N	A caller may point the descriptor at its own static storage.	MAPPED	3050	buffers-freestanding	point descriptor at own static storage
C7-0263	5688	N	Caller-declared static buffer storage does not violate section 5.3's no-mutable-state rule, which binds only what pcrec EMITS; storage in the embedder's translation unit is the embedder's.	MAPPED	3051	buffers-freestanding	does not violate 5.3 which binds what pcrec EMITS
C7-0264	5691	N	The embedder is the party who knows whether its matcher calls are concurrent.	MAPPED	3052	buffers-freestanding	embedder knows whether its calls are concurrent
C7-0265	5692	N	A single-context embedded caller can put the buffer in .bss, keep its stack small, and pay nothing.	MAPPED	3053	buffers-freestanding	single-context embedded caller: .bss, small stack, pays nothing
C7-0266	5700	N	<prefix>_search, <prefix>_match and <prefix>_match_caps keep their exact signatures, return spaces, anchoring promises and caps/caps_out disciplines.	MAPPED	3059	buffers-unchanged	three un-suffixed entries keep signatures, return spaces, anchoring, caps disciplines
C7-0267	5702	N	A consumer that never calls an _in entry needs no source change and its call sites are binary-compatible.	MAPPED	3060	buffers-unchanged	no source change, binary-compatible
C7-0268	5704	N	<prefix>_next_pos is untouched by the _in entries, as is the section 3.1 find-all protocol that goes through it.	MAPPED	3063	buffers-unchanged	next_pos and find-all untouched
C7-0269	5706	N	The give-up code space of section 4 gains no member from the _in entries; PCREC_ERR_FRAMES covers the caller-buffer case and nothing new is minted.	MAPPED	3064	buffers-unchanged	code space gains no member; FRAMES covers the caller-buffer case
C7-0270	5708	N	No allocation is added anywhere; section 5.2 stands, scoped to the match path, and the compile path's pcrec_output lifecycle (section 8) is unaffected.	MAPPED	3066	buffers-unchanged	no allocation added; 5.2 scoped to match path; the compile-path-unaffected clause is implied by the scoping
C7-0271	5711	N	The emitted run-struct text was never contractual.	MAPPED	2952	buffers-sizing	frame and trail layouts are private to the artifact and not published (the run-struct text); the explicit "never contractual" phrase is gone
C7-0272	5711	H	CHECK: rx_info's layout and the emitted run-struct text are the two things the pre-v1 posture (section 9) lets break, governed in form by D40 regime 1; DD-3 has no versioning-event policy yet (plan.md STATE:not-started).	HISTORY			describes what the abi 2 to 3 change broke (rx_info layout, run-struct text) and the plan state of DD-3; past-change/process note, current posture is stated at 27-34
C7-0273	5720	N	On an artifact whose stamped default storage does not fit inside one 4 KB page, each un-suffixed entry first runs the match on a page-budgeted buffer of <PREFIX>_FAST_FRAMES / <PREFIX>_FAST_TRAIL (section 6.3).	MAPPED	3071	tiered-entry	page-sized buffer when stamped default does not fit in one 4 KB page
C7-0274	5723	N	On PCREC_ERR_FRAMES and on no other outcome, the tiered un-suffixed entry re-runs the same match from scratch on the full stamped default and returns the second run's result.	MAPPED	3074	tiered-entry	re-run on full stamped default on FRAMES and no other outcome
C7-0275	5725	N	Every other first-run outcome (match, no-match, PCREC_ERR_STEPS, _WORK, _RECURSE, PCREC_ERR_INTERNAL) is returned directly from the fast tier.	MAPPED	3077	tiered-entry	every other outcome returned from the first run
C7-0276	5729	N	A FRAMES escalation restarts the step and work budgets: they are per CALL, not per tier, and the second run begins with both full.	MAPPED	3082	tiered-entry	escalation restarts step and work budgets, per CALL
C7-0277	5735	N	Because of the budget restart, one call may spend up to twice each budget (stated in section 4).	MAPPED	3086	tiered-entry	up to twice each budget, 4 rule
C7-0278	5737	N	The wasted fast attempt is bounded by the step and work budgets, not by the fast frame count.	MAPPED	3087	tiered-entry	wasted fast attempt bounded by the budgets not the fast frame count
C7-0279	5740	N	Tiering changes no answer: the deep run is a bit-for-bit replay of a single-tier entry from scratch (same capacities, both budgets refilled, same start-position loop over the same prefilter, one deterministic engine).	MAPPED	3091	tiered-entry	no answer changes; bit-for-bit replay
C7-0280	5744	N	Nothing the fast attempt did carries into the deep run: run state is a local of the tier that declared it, with no allocation, no thread-local and no mutable static (section 5.3).	MAPPED	3094	tiered-entry	nothing carries; run state a local, no allocation, thread-local or mutable static
C7-0281	5746	N	For every artifact, subject and entry, the returned value and written capture spans are those the entry produced before the tier existed.	MAPPED	3096	tiered-entry	returned value and spans are those of a single-tier entry
C7-0282	5750	N	The fast attempt may reach PCREC_ERR_FRAMES where a single-tier run would have reached PCREC_ERR_STEPS; that FRAMES value is never returned (it is the escalation trigger) and the replay then reports PCREC_ERR_STEPS.	MAPPED	3098	tiered-entry	fast FRAMES where single-tier reaches STEPS; never returned, replay reports STEPS
C7-0283	5758	N	Every promise in sections 3, 3.1-3.3, 4 and 5 stands unchanged under the tiered default entry.	MAPPED	3104	tiered-entry	every promise of 3, 4, 5 stands
C7-0284	5759	N	PCREC_ERR_FRAMES from an un-suffixed entry still means the stamped default ran out; it never reports the fast tier's exhaustion.	MAPPED	3105	tiered-entry	FRAMES from an un-suffixed entry means the stamped default ran out
C7-0285	5761	N	The depth an artifact can reach is unchanged by tiering (D73 keeps the stamped 2048/3072).	MAPPED	3107	tiered-entry	depth unchanged, D73 keeps 2048/3072
C7-0286	5763	N	A call that DOES escalate is slower than a single-tier call.	MAPPED	3124	tiered-entry-cost	tier is a bet that loses on some patterns; escalating-call cost 3049-3051
C7-0287	5763	M	Measured: an escalating call is 1.24-1.53x slower on ((a)|(aa))+b, with a 3.05x discontinuity across the boundary itself (section 3 carries the figures).	MAPPED	3128	tiered-entry-cost	on ((a)|(aa))+b: 1.24-1.53x slower above the boundary, 3.05x jump across the boundary byte
C7-0288	5766	N	The tier is a bet that real calls hold on the fast tier; where a workload is measured not to, using _in or -fno-tiered-entry is the answer.	MAPPED	3138	tiered-entry-cost	supply _in storage or -fno-tiered-entry for a workload measured above the boundary
C7-0289	5768	N	The _in entries are untouched by tiering in contract, signature and cost; they never had a tier and do not gain one, because the caller owns the storage.	MAPPED	3109	tiered-entry	_in entries have no tier; caller owns storage
C7-0290	5770	N	buf == NULL remains section 10.3's "the same call" as the un-suffixed entry and therefore gets the tiering.	MAPPED	3110	tiered-entry	buf == NULL still the un-suffixed call and gets the tier
C7-0291	5773	N	A caller must NOT rely on which tier answered; there is no supported observable for it.	MAPPED	3113	tiered-entry	must not rely on which tier answered, no observable
C7-0292	5774	N	<PREFIX>_FAST_FRAMES says where the tier boundary is, not which side a given call landed on.	MAPPED	3114	tiered-entry	FAST_FRAMES says where the boundary is, not which side
C7-0293	5776	N	A caller needing a depth guarantee on the fast path, or on a stack too small for the deep tier, uses an _in entry (section 10.2).	MAPPED	3138	tiered-entry-cost	depth guarantee or too-small stack: use _in
C7-0294	5777	N	-fno-tiered-entry (tuning.md section 2.12) removes the tier for a whole artifact.	MAPPED	3079	tiered-entry	-fno-tiered-entry (tuning.md 2.12) restores single-tier shape
C7-0295	5780	H	CHECK: the two tier stamps (<PREFIX>_FAST_FRAMES, <PREFIX>_FAST_TRAIL) are #defines, so they move no rx_info struct offset.	HISTORY			describes the abi 4 to 5 bump (the two tier stamps are #defines so no struct offset moved); past change event not a current-behaviour fact
C7-0296	5783	H	CHECK: rx_info.abi versions the artifact FORMAT, not the VM, so it moves on both engines regardless of which engine's bytes change.	MAPPED	1317	abi	abi versions the emitted scaffolding as a whole and is 71 on every artifact (1281); the abi 4 to 5 event ("no DFA bytes moved") is history
C7-0297	5786	N	The four [ART-SIZE] size-term macros follow the <PREFIX>_DFA_SCAN precedent: a selection fact stamped whether or not it fired (D81).	MAPPED	2219	stamp-unroll-k	selection facts stamped whether or not the term fired (D81)
C7-0298	5787	N	<PREFIX>_UNROLL_K and <PREFIX>_UNROLL_K_WHY are VM-artifact-scoped because a DFA artifact has no counter rung to have chosen a K for.	MAPPED	2217	stamp-unroll-k	UNROLL_K and UNROLL_K_WHY on every VM artifact; the "because a DFA artifact has no counter rung" reason is not restated
C7-0299	5788	N	<PREFIX>_UNROLL_K is the unroll factor this artifact was emitted at.	MAPPED	2217	stamp-unroll-k	unroll factor the artifact was emitted at
C7-0300	5789	N	<PREFIX>_UNROLL_K_WHY takes SEVEN values, because "the term did not run" has several distinguishable reasons a check must tell apart.	MAPPED	2222	stamp-unroll-k	value table has seven rows
C7-0301	5792	N	<PREFIX>_UNROLL_K_WHY == "option" means an explicit --unroll=K.	MAPPED	2225	stamp-unroll-k	option = explicit --unroll=K
C7-0302	5793	N	<PREFIX>_UNROLL_K_WHY == "denied" means -fno-size-term.	MAPPED	2226	stamp-unroll-k	denied = -fno-size-term
C7-0303	5794	N	<PREFIX>_UNROLL_K_WHY == "default" means the term ran and the artifact was below its threshold.	MAPPED	2227	stamp-unroll-k	default = term ran, below threshold
C7-0304	5795	N	<PREFIX>_UNROLL_K_WHY == "size-model" means the ladder ran and its K was taken.	MAPPED	2228	stamp-unroll-k	size-model = ladder ran, K taken
C7-0305	5796	N	<PREFIX>_UNROLL_K_WHY == "size-model-declined" means the ladder ran and the materiality bar rejected its K.	MAPPED	2229	stamp-unroll-k	size-model-declined = materiality bar rejected K
C7-0306	5797	N	<PREFIX>_UNROLL_K_WHY == "cap-rescue" means the bar declined a K and an emitted-size cap took it anyway.	MAPPED	2230	stamp-unroll-k	cap-rescue
C7-0307	5798	N	<PREFIX>_UNROLL_K_WHY == "capacity-declined" means the ladder ran and the K it wanted would have LOWERED the artifact's declared capacity (.frame_capacity or .subject_ceiling) below what the default K declares, so it was not a candidate (limits.md section 8a).	MAPPED	2231	stamp-unroll-k	capacity-declined, limits.md 8a
C7-0308	5803	N	<PREFIX>_MAX_EMIT_CODE_BYTES and <PREFIX>_MAX_EMIT_BYTES are the EFFECTIVE limits this artifact was built under, letting a reader tell a fitted artifact from one built with a raised cap without the command line.	MAPPED	2236	stamp-max-emit	EFFECTIVE limits the artifact was built under, so fitted is told from raised-cap without the command line
C7-0309	5803	H	CHECK: <PREFIX>_MAX_EMIT_CODE_BYTES scope is not stated explicitly in the slice; only _MAX_EMIT_BYTES is said to be on both engines.	MAPPED	2234	stamp-max-emit	CODE_BYTES is on VM artifacts (verified: src/gen/emit_vm.c:11369 emits it, emit_dfa.c:11521 lists it VM-only; probe of a DFA artifact shows only MAX_EMIT_BYTES)
C7-0310	5806	N	<PREFIX>_MAX_EMIT_BYTES is on BOTH engines; the total-bytes cap applies to whatever was emitted (limits.md section 8).	MAPPED	2235	stamp-max-emit	MAX_EMIT_BYTES on every artifact, total-bytes cap applies to whatever was emitted, limits.md 8
