cell	subj	arm	pass	ns_per_call	matches	hash	load1
lit-1ch-2b	t-64k	A	0	7267.57	394	18ff07a5de8ab237	11.62
lit-1ch-2b	t-64k	B	0	4785.38	394	18ff07a5de8ab237	11.62
lit-1ch-2b	t-64k	C	0	4765.01	394	18ff07a5de8ab237	11.62
lit-1ch-2b	t-64k	M	0	31663.38	394	18ff07a5de8ab237	11.62
lit-1ch-2b	t-64k	P	0	4779.76	394	18ff07a5de8ab237	11.62
lit-1ch-2b	t-64k	S	0	3586.40	394	18ff07a5de8ab237	11.62
lit-1ch-2b	t-64k	A	1	6440.76	394	18ff07a5de8ab237	11.62
lit-1ch-2b	t-64k	B	1	4772.70	394	18ff07a5de8ab237	11.62
lit-1ch-2b	t-64k	C	1	6743.13	394	18ff07a5de8ab237	11.62
lit-1ch-2b	t-64k	M	1	26534.44	394	18ff07a5de8ab237	11.62
lit-1ch-2b	t-64k	P	1	4791.00	394	18ff07a5de8ab237	11.62
lit-1ch-2b	t-64k	S	1	3196.45	394	18ff07a5de8ab237	11.62
lit-1ch-2b	t-64k	A	2	6472.16	394	18ff07a5de8ab237	11.62
lit-1ch-2b	t-64k	B	2	4763.24	394	18ff07a5de8ab237	11.62
lit-1ch-2b	t-64k	C	2	4860.01	394	18ff07a5de8ab237	11.62
lit-1ch-2b	t-64k	M	2	26519.07	394	18ff07a5de8ab237	11.62
lit-1ch-2b	t-64k	P	2	4761.96	394	18ff07a5de8ab237	11.62
lit-1ch-2b	t-64k	S	2	3201.05	394	18ff07a5de8ab237	11.62
lit-1ch-2b	t-64k	A	3	6489.12	394	18ff07a5de8ab237	11.62
lit-1ch-2b	t-64k	B	3	4812.88	394	18ff07a5de8ab237	11.62
lit-1ch-2b	t-64k	C	3	4773.79	394	18ff07a5de8ab237	11.62
lit-1ch-2b	t-64k	M	3	26560.91	394	18ff07a5de8ab237	11.62
lit-1ch-2b	t-64k	P	3	4797.66	394	18ff07a5de8ab237	11.62
lit-1ch-2b	t-64k	S	3	3190.87	394	18ff07a5de8ab237	11.62
lit-1ch-2b	t-64k	A	4	6411.59	394	18ff07a5de8ab237	11.62
lit-1ch-2b	t-64k	B	4	4776.45	394	18ff07a5de8ab237	11.62
lit-1ch-2b	t-64k	C	4	4768.17	394	18ff07a5de8ab237	11.62
lit-1ch-2b	t-64k	M	4	26528.23	394	18ff07a5de8ab237	11.62
lit-1ch-2b	t-64k	P	4	4787.15	394	18ff07a5de8ab237	11.62
lit-1ch-2b	t-64k	S	4	3182.66	394	18ff07a5de8ab237	11.62
lit-1ch-2b	t-64k	A	5	6419.41	394	18ff07a5de8ab237	11.62
lit-1ch-2b	t-64k	B	5	4765.67	394	18ff07a5de8ab237	11.62
lit-1ch-2b	t-64k	C	5	4772.77	394	18ff07a5de8ab237	11.62
lit-1ch-2b	t-64k	M	5	26507.04	394	18ff07a5de8ab237	11.62
lit-1ch-2b	t-64k	P	5	4764.52	394	18ff07a5de8ab237	11.62
lit-1ch-2b	t-64k	S	5	3206.87	394	18ff07a5de8ab237	11.62
lit-1ch-2b	t-64k	A	6	6402.53	394	18ff07a5de8ab237	11.62
lit-1ch-2b	t-64k	B	6	4781.34	394	18ff07a5de8ab237	11.62
lit-1ch-2b	t-64k	C	6	4762.71	394	18ff07a5de8ab237	11.62
lit-1ch-2b	t-64k	M	6	26486.81	394	18ff07a5de8ab237	11.62
lit-1ch-2b	t-64k	P	6	5367.82	394	18ff07a5de8ab237	11.62
lit-1ch-2b	t-64k	S	6	3191.75	394	18ff07a5de8ab237	11.62
lit-1ch-2b	t-64k	A	7	6403.51	394	18ff07a5de8ab237	11.62
lit-1ch-2b	t-64k	B	7	4765.08	394	18ff07a5de8ab237	11.62
lit-1ch-2b	t-64k	C	7	4782.65	394	18ff07a5de8ab237	11.62
lit-1ch-2b	t-64k	M	7	28186.47	394	18ff07a5de8ab237	11.62
lit-1ch-2b	t-64k	P	7	4830.74	394	18ff07a5de8ab237	11.62
lit-1ch-2b	t-64k	S	7	3280.25	394	18ff07a5de8ab237	11.62
lit-1ch-2b	t-64k	A	8	6435.28	394	18ff07a5de8ab237	11.62
lit-1ch-2b	t-64k	B	8	4803.71	394	18ff07a5de8ab237	11.62
lit-1ch-2b	t-64k	C	8	4783.48	394	18ff07a5de8ab237	11.62
lit-1ch-2b	t-64k	M	8	27126.34	394	18ff07a5de8ab237	11.62
lit-1ch-2b	t-64k	P	8	4794.12	394	18ff07a5de8ab237	11.62
lit-1ch-2b	t-64k	S	8	3180.62	394	18ff07a5de8ab237	11.62
lit-1ch-2b	t-64k	A	9	6452.72	394	18ff07a5de8ab237	11.62
lit-1ch-2b	t-64k	B	9	4770.17	394	18ff07a5de8ab237	11.62
lit-1ch-2b	t-64k	C	9	4779.99	394	18ff07a5de8ab237	11.62
lit-1ch-2b	t-64k	M	9	26511.09	394	18ff07a5de8ab237	11.62
lit-1ch-2b	t-64k	P	9	4771.45	394	18ff07a5de8ab237	11.62
lit-1ch-2b	t-64k	S	9	3190.37	394	18ff07a5de8ab237	11.62
lit-1ch-2b	t-64k	A	10	6404.13	394	18ff07a5de8ab237	11.62
lit-1ch-2b	t-64k	B	10	4777.83	394	18ff07a5de8ab237	11.62
lit-1ch-2b	t-64k	C	10	4792.25	394	18ff07a5de8ab237	11.62
lit-1ch-2b	t-64k	M	10	28241.33	394	18ff07a5de8ab237	11.62
lit-1ch-2b	t-64k	P	10	4801.68	394	18ff07a5de8ab237	11.62
lit-1ch-2b	t-64k	S	10	3190.96	394	18ff07a5de8ab237	11.62
lit-1ch-2b	t-64k	A	11	6439.51	394	18ff07a5de8ab237	11.62
lit-1ch-2b	t-64k	B	11	4795.86	394	18ff07a5de8ab237	11.62
lit-1ch-2b	t-64k	C	11	4795.92	394	18ff07a5de8ab237	11.62
lit-1ch-2b	t-64k	M	11	29078.58	394	18ff07a5de8ab237	11.62
lit-1ch-2b	t-64k	P	11	4816.42	394	18ff07a5de8ab237	11.62
lit-1ch-2b	t-64k	S	11	3204.10	394	18ff07a5de8ab237	11.62
lit-1ch-2b	t-64k	A	12	6436.46	394	18ff07a5de8ab237	11.62
lit-1ch-2b	t-64k	B	12	4799.96	394	18ff07a5de8ab237	11.62
lit-1ch-2b	t-64k	C	12	4792.61	394	18ff07a5de8ab237	11.62
lit-1ch-2b	t-64k	M	12	27108.90	394	18ff07a5de8ab237	11.62
lit-1ch-2b	t-64k	P	12	4786.66	394	18ff07a5de8ab237	11.62
lit-1ch-2b	t-64k	S	12	3295.95	394	18ff07a5de8ab237	11.62
lit-1ch-2b	t-64k	A	13	6418.49	394	18ff07a5de8ab237	11.62
lit-1ch-2b	t-64k	B	13	4835.31	394	18ff07a5de8ab237	11.62
lit-1ch-2b	t-64k	C	13	4768.37	394	18ff07a5de8ab237	11.62
lit-1ch-2b	t-64k	M	13	26543.28	394	18ff07a5de8ab237	11.62
lit-1ch-2b	t-64k	P	13	4786.04	394	18ff07a5de8ab237	11.62
lit-1ch-2b	t-64k	S	13	3196.85	394	18ff07a5de8ab237	11.62
lit-1ch-2b	t-64k	A	14	6416.52	394	18ff07a5de8ab237	11.62
lit-1ch-2b	t-64k	B	14	4773.59	394	18ff07a5de8ab237	11.62
lit-1ch-2b	t-64k	C	14	4794.61	394	18ff07a5de8ab237	11.62
lit-1ch-2b	t-64k	M	14	26836.22	394	18ff07a5de8ab237	11.62
lit-1ch-2b	t-64k	P	14	4772.83	394	18ff07a5de8ab237	11.62
lit-1ch-2b	t-64k	S	14	3173.10	394	18ff07a5de8ab237	11.62
lit-1ch-2b	t-256k	A	0	30277.99	1708	0c47284109dc398b	11.62
lit-1ch-2b	t-256k	B	0	20181.99	1708	0c47284109dc398b	11.62
lit-1ch-2b	t-256k	C	0	19903.83	1708	0c47284109dc398b	11.62
lit-1ch-2b	t-256k	M	0	110994.59	1708	0c47284109dc398b	11.62
lit-1ch-2b	t-256k	P	0	20192.66	1708	0c47284109dc398b	11.62
lit-1ch-2b	t-256k	S	0	13527.07	1708	0c47284109dc398b	11.62
lit-1ch-2b	t-256k	A	1	27523.07	1708	0c47284109dc398b	11.62
lit-1ch-2b	t-256k	B	1	19969.49	1708	0c47284109dc398b	11.62
lit-1ch-2b	t-256k	C	1	20099.46	1708	0c47284109dc398b	11.62
lit-1ch-2b	t-256k	M	1	107975.49	1708	0c47284109dc398b	11.62
lit-1ch-2b	t-256k	P	1	19867.18	1708	0c47284109dc398b	11.62
lit-1ch-2b	t-256k	S	1	13147.54	1708	0c47284109dc398b	11.62
lit-1ch-2b	t-256k	A	2	27216.95	1708	0c47284109dc398b	11.62
lit-1ch-2b	t-256k	B	2	20195.96	1708	0c47284109dc398b	11.62
lit-1ch-2b	t-256k	C	2	19948.92	1708	0c47284109dc398b	11.62
lit-1ch-2b	t-256k	M	2	116291.95	1708	0c47284109dc398b	11.62
lit-1ch-2b	t-256k	P	2	20338.33	1708	0c47284109dc398b	11.62
lit-1ch-2b	t-256k	S	2	13267.51	1708	0c47284109dc398b	11.62
lit-1ch-2b	t-256k	A	3	27392.82	1708	0c47284109dc398b	11.62
lit-1ch-2b	t-256k	B	3	20185.01	1708	0c47284109dc398b	11.62
lit-1ch-2b	t-256k	C	3	20141.51	1708	0c47284109dc398b	11.62
lit-1ch-2b	t-256k	M	3	107981.14	1708	0c47284109dc398b	11.62
lit-1ch-2b	t-256k	P	3	19910.03	1708	0c47284109dc398b	11.62
lit-1ch-2b	t-256k	S	3	13104.30	1708	0c47284109dc398b	11.62
lit-1ch-2b	t-256k	A	4	27252.80	1708	0c47284109dc398b	11.62
lit-1ch-2b	t-256k	B	4	19820.91	1708	0c47284109dc398b	11.62
lit-1ch-2b	t-256k	C	4	20049.37	1708	0c47284109dc398b	11.62
lit-1ch-2b	t-256k	M	4	107756.39	1708	0c47284109dc398b	11.62
lit-1ch-2b	t-256k	P	4	19899.09	1708	0c47284109dc398b	11.62
lit-1ch-2b	t-256k	S	4	13099.70	1708	0c47284109dc398b	11.62
lit-1ch-2b	t-256k	A	5	26978.74	1708	0c47284109dc398b	11.62
lit-1ch-2b	t-256k	B	5	19877.72	1708	0c47284109dc398b	11.62
lit-1ch-2b	t-256k	C	5	19948.12	1708	0c47284109dc398b	11.62
lit-1ch-2b	t-256k	M	5	107681.89	1708	0c47284109dc398b	11.62
lit-1ch-2b	t-256k	P	5	19740.50	1708	0c47284109dc398b	11.62
lit-1ch-2b	t-256k	S	5	12980.91	1708	0c47284109dc398b	11.62
lit-1ch-2b	t-256k	A	6	27059.95	1708	0c47284109dc398b	11.62
lit-1ch-2b	t-256k	B	6	19857.68	1708	0c47284109dc398b	11.62
lit-1ch-2b	t-256k	C	6	31088.59	1708	0c47284109dc398b	11.62
lit-1ch-2b	t-256k	M	6	107788.68	1708	0c47284109dc398b	11.62
lit-1ch-2b	t-256k	P	6	19887.36	1708	0c47284109dc398b	11.62
lit-1ch-2b	t-256k	S	6	13140.29	1708	0c47284109dc398b	11.62
lit-1ch-2b	t-256k	A	7	27317.01	1708	0c47284109dc398b	11.62
lit-1ch-2b	t-256k	B	7	20175.13	1708	0c47284109dc398b	11.62
lit-1ch-2b	t-256k	C	7	19947.59	1708	0c47284109dc398b	11.62
lit-1ch-2b	t-256k	M	7	107814.92	1708	0c47284109dc398b	11.62
lit-1ch-2b	t-256k	P	7	19975.54	1708	0c47284109dc398b	11.62
lit-1ch-2b	t-256k	S	7	13040.50	1708	0c47284109dc398b	11.62
lit-1ch-2b	t-256k	A	8	27388.33	1708	0c47284109dc398b	11.62
lit-1ch-2b	t-256k	B	8	19806.95	1708	0c47284109dc398b	11.62
lit-1ch-2b	t-256k	C	8	20208.09	1708	0c47284109dc398b	11.62
lit-1ch-2b	t-256k	M	8	107661.21	1708	0c47284109dc398b	11.62
lit-1ch-2b	t-256k	P	8	19808.92	1708	0c47284109dc398b	11.62
lit-1ch-2b	t-256k	S	8	13011.37	1708	0c47284109dc398b	11.62
lit-1ch-2b	t-256k	A	9	27190.58	1708	0c47284109dc398b	11.62
lit-1ch-2b	t-256k	B	9	19920.58	1708	0c47284109dc398b	11.62
lit-1ch-2b	t-256k	C	9	19932.30	1708	0c47284109dc398b	11.62
lit-1ch-2b	t-256k	M	9	122544.92	1708	0c47284109dc398b	11.62
lit-1ch-2b	t-256k	P	9	20260.29	1708	0c47284109dc398b	11.62
lit-1ch-2b	t-256k	S	9	13184.72	1708	0c47284109dc398b	11.62
lit-1ch-2b	t-256k	A	10	27493.92	1708	0c47284109dc398b	11.62
lit-1ch-2b	t-256k	B	10	20222.32	1708	0c47284109dc398b	11.62
lit-1ch-2b	t-256k	C	10	19961.83	1708	0c47284109dc398b	11.62
lit-1ch-2b	t-256k	M	10	107843.53	1708	0c47284109dc398b	11.62
lit-1ch-2b	t-256k	P	10	19908.58	1708	0c47284109dc398b	11.62
lit-1ch-2b	t-256k	S	10	13505.07	1708	0c47284109dc398b	11.62
lit-1ch-2b	t-256k	A	11	27291.30	1708	0c47284109dc398b	11.62
lit-1ch-2b	t-256k	B	11	19964.33	1708	0c47284109dc398b	11.62
lit-1ch-2b	t-256k	C	11	19718.21	1708	0c47284109dc398b	11.62
lit-1ch-2b	t-256k	M	11	107715.79	1708	0c47284109dc398b	11.62
lit-1ch-2b	t-256k	P	11	20166.96	1708	0c47284109dc398b	11.62
lit-1ch-2b	t-256k	S	11	13027.05	1708	0c47284109dc398b	11.62
lit-1ch-2b	t-256k	A	12	27142.34	1708	0c47284109dc398b	11.62
lit-1ch-2b	t-256k	B	12	20203.47	1708	0c47284109dc398b	11.62
lit-1ch-2b	t-256k	C	12	24698.79	1708	0c47284109dc398b	11.62
lit-1ch-2b	t-256k	M	12	107926.43	1708	0c47284109dc398b	11.62
lit-1ch-2b	t-256k	P	12	20130.18	1708	0c47284109dc398b	11.62
lit-1ch-2b	t-256k	S	12	13337.51	1708	0c47284109dc398b	11.62
lit-1ch-2b	t-256k	A	13	27322.80	1708	0c47284109dc398b	11.62
lit-1ch-2b	t-256k	B	13	19960.38	1708	0c47284109dc398b	11.62
lit-1ch-2b	t-256k	C	13	42571.95	1708	0c47284109dc398b	11.62
lit-1ch-2b	t-256k	M	13	107216.55	1708	0c47284109dc398b	11.62
lit-1ch-2b	t-256k	P	13	20388.55	1708	0c47284109dc398b	11.62
lit-1ch-2b	t-256k	S	13	13172.99	1708	0c47284109dc398b	11.62
lit-1ch-2b	t-256k	A	14	27414.17	1708	0c47284109dc398b	11.62
lit-1ch-2b	t-256k	B	14	20131.76	1708	0c47284109dc398b	11.62
lit-1ch-2b	t-256k	C	14	19814.99	1708	0c47284109dc398b	11.62
lit-1ch-2b	t-256k	M	14	107554.29	1708	0c47284109dc398b	11.62
lit-1ch-2b	t-256k	P	14	19809.43	1708	0c47284109dc398b	11.62
lit-1ch-2b	t-256k	S	14	13025.61	1708	0c47284109dc398b	11.62
lit-1ch-2b	t-1m	A	0	133566.47	6753	2dd71120f7538a61	11.62
lit-1ch-2b	t-1m	B	0	95213.68	6753	2dd71120f7538a61	11.62
lit-1ch-2b	t-1m	C	0	84781.37	6753	2dd71120f7538a61	11.62
lit-1ch-2b	t-1m	M	0	438291.89	6753	2dd71120f7538a61	11.62
lit-1ch-2b	t-1m	P	0	109947.74	6753	2dd71120f7538a61	11.62
lit-1ch-2b	t-1m	S	0	65296.26	6753	2dd71120f7538a61	11.62
lit-1ch-2b	t-1m	A	1	119885.95	6753	2dd71120f7538a61	11.62
lit-1ch-2b	t-1m	B	1	104553.89	6753	2dd71120f7538a61	11.62
lit-1ch-2b	t-1m	C	1	97225.37	6753	2dd71120f7538a61	11.62
lit-1ch-2b	t-1m	M	1	437325.37	6753	2dd71120f7538a61	11.62
lit-1ch-2b	t-1m	P	1	96177.05	6753	2dd71120f7538a61	11.62
lit-1ch-2b	t-1m	S	1	59132.00	6753	2dd71120f7538a61	11.62
lit-1ch-2b	t-1m	A	2	120130.11	6753	2dd71120f7538a61	11.62
lit-1ch-2b	t-1m	B	2	93629.63	6753	2dd71120f7538a61	11.62
lit-1ch-2b	t-1m	C	2	93493.05	6753	2dd71120f7538a61	11.62
lit-1ch-2b	t-1m	M	2	437013.11	6753	2dd71120f7538a61	11.62
lit-1ch-2b	t-1m	P	2	92389.95	6753	2dd71120f7538a61	11.62
lit-1ch-2b	t-1m	S	2	59118.79	6753	2dd71120f7538a61	11.62
lit-1ch-2b	t-1m	A	3	120056.26	6753	2dd71120f7538a61	11.62
lit-1ch-2b	t-1m	B	3	93587.42	6753	2dd71120f7538a61	11.62
lit-1ch-2b	t-1m	C	3	105932.32	6753	2dd71120f7538a61	11.62
lit-1ch-2b	t-1m	M	3	439067.00	6753	2dd71120f7538a61	11.62
lit-1ch-2b	t-1m	P	3	92695.79	6753	2dd71120f7538a61	11.62
lit-1ch-2b	t-1m	S	3	59799.00	6753	2dd71120f7538a61	11.62
lit-1ch-2b	t-1m	A	4	119317.00	6753	2dd71120f7538a61	11.62
lit-1ch-2b	t-1m	B	4	104080.89	6753	2dd71120f7538a61	11.62
lit-1ch-2b	t-1m	C	4	93392.32	6753	2dd71120f7538a61	11.62
lit-1ch-2b	t-1m	M	4	437635.95	6753	2dd71120f7538a61	11.62
lit-1ch-2b	t-1m	P	4	92700.00	6753	2dd71120f7538a61	11.62
lit-1ch-2b	t-1m	S	4	59238.00	6753	2dd71120f7538a61	11.62
lit-1ch-2b	t-1m	A	5	119828.47	6753	2dd71120f7538a61	11.62
lit-1ch-2b	t-1m	B	5	93910.16	6753	2dd71120f7538a61	11.62
lit-1ch-2b	t-1m	C	5	99483.32	6753	2dd71120f7538a61	11.62
lit-1ch-2b	t-1m	M	5	437703.89	6753	2dd71120f7538a61	11.62
lit-1ch-2b	t-1m	P	5	91006.26	6753	2dd71120f7538a61	11.62
lit-1ch-2b	t-1m	S	5	63936.84	6753	2dd71120f7538a61	11.62
lit-1ch-2b	t-1m	A	6	120173.84	6753	2dd71120f7538a61	11.62
lit-1ch-2b	t-1m	B	6	93903.32	6753	2dd71120f7538a61	11.62
lit-1ch-2b	t-1m	C	6	211032.00	6753	2dd71120f7538a61	11.62
lit-1ch-2b	t-1m	M	6	436570.21	6753	2dd71120f7538a61	11.62
lit-1ch-2b	t-1m	P	6	93407.63	6753	2dd71120f7538a61	11.62
lit-1ch-2b	t-1m	S	6	60671.16	6753	2dd71120f7538a61	11.62
lit-1ch-2b	t-1m	A	7	127271.95	6753	2dd71120f7538a61	11.62
lit-1ch-2b	t-1m	B	7	107947.16	6753	2dd71120f7538a61	11.62
lit-1ch-2b	t-1m	C	7	91017.32	6753	2dd71120f7538a61	11.62
lit-1ch-2b	t-1m	M	7	436740.53	6753	2dd71120f7538a61	11.62
lit-1ch-2b	t-1m	P	7	96892.63	6753	2dd71120f7538a61	11.62
lit-1ch-2b	t-1m	S	7	59740.53	6753	2dd71120f7538a61	11.62
lit-1ch-2b	t-1m	A	8	119421.37	6753	2dd71120f7538a61	11.62
lit-1ch-2b	t-1m	B	8	94264.53	6753	2dd71120f7538a61	11.62
lit-1ch-2b	t-1m	C	8	102645.00	6753	2dd71120f7538a61	11.62
lit-1ch-2b	t-1m	M	8	437248.84	6753	2dd71120f7538a61	11.62
lit-1ch-2b	t-1m	P	8	85035.00	6753	2dd71120f7538a61	11.62
lit-1ch-2b	t-1m	S	8	60718.16	6753	2dd71120f7538a61	11.62
lit-1ch-2b	t-1m	A	9	119841.63	6753	2dd71120f7538a61	11.62
lit-1ch-2b	t-1m	B	9	93956.00	6753	2dd71120f7538a61	11.62
lit-1ch-2b	t-1m	C	9	92920.95	6753	2dd71120f7538a61	11.62
lit-1ch-2b	t-1m	M	9	437020.00	6753	2dd71120f7538a61	11.62
lit-1ch-2b	t-1m	P	9	84447.63	6753	2dd71120f7538a61	11.62
lit-1ch-2b	t-1m	S	9	59009.16	6753	2dd71120f7538a61	11.62
lit-1ch-2b	t-1m	A	10	119671.37	6753	2dd71120f7538a61	11.62
lit-1ch-2b	t-1m	B	10	93766.74	6753	2dd71120f7538a61	11.62
lit-1ch-2b	t-1m	C	10	92895.63	6753	2dd71120f7538a61	11.62
lit-1ch-2b	t-1m	M	10	437293.63	6753	2dd71120f7538a61	11.62
lit-1ch-2b	t-1m	P	10	97010.74	6753	2dd71120f7538a61	11.62
lit-1ch-2b	t-1m	S	10	59639.26	6753	2dd71120f7538a61	11.62
lit-1ch-2b	t-1m	A	11	135030.79	6753	2dd71120f7538a61	11.62
lit-1ch-2b	t-1m	B	11	94624.68	6753	2dd71120f7538a61	11.62
lit-1ch-2b	t-1m	C	11	92947.79	6753	2dd71120f7538a61	11.62
lit-1ch-2b	t-1m	M	11	436940.89	6753	2dd71120f7538a61	11.62
lit-1ch-2b	t-1m	P	11	84015.74	6753	2dd71120f7538a61	11.62
lit-1ch-2b	t-1m	S	11	62126.58	6753	2dd71120f7538a61	11.62
lit-1ch-2b	t-1m	A	12	121065.53	6753	2dd71120f7538a61	11.62
lit-1ch-2b	t-1m	B	12	93256.32	6753	2dd71120f7538a61	11.62
lit-1ch-2b	t-1m	C	12	93424.00	6753	2dd71120f7538a61	11.62
lit-1ch-2b	t-1m	M	12	437578.95	6753	2dd71120f7538a61	11.62
lit-1ch-2b	t-1m	P	12	95584.37	6753	2dd71120f7538a61	11.62
lit-1ch-2b	t-1m	S	12	59072.37	6753	2dd71120f7538a61	11.62
lit-1ch-2b	t-1m	A	13	120524.53	6753	2dd71120f7538a61	11.62
lit-1ch-2b	t-1m	B	13	93893.26	6753	2dd71120f7538a61	11.62
lit-1ch-2b	t-1m	C	13	96048.95	6753	2dd71120f7538a61	11.62
lit-1ch-2b	t-1m	M	13	439915.42	6753	2dd71120f7538a61	11.62
lit-1ch-2b	t-1m	P	13	92507.00	6753	2dd71120f7538a61	11.62
lit-1ch-2b	t-1m	S	13	65186.00	6753	2dd71120f7538a61	11.62
lit-1ch-2b	t-1m	A	14	121467.89	6753	2dd71120f7538a61	11.62
lit-1ch-2b	t-1m	B	14	105820.53	6753	2dd71120f7538a61	11.62
lit-1ch-2b	t-1m	C	14	93343.84	6753	2dd71120f7538a61	11.62
lit-1ch-2b	t-1m	M	14	465803.21	6753	2dd71120f7538a61	11.62
lit-1ch-2b	t-1m	P	14	95241.11	6753	2dd71120f7538a61	11.62
lit-1ch-2b	t-1m	S	14	63449.05	6753	2dd71120f7538a61	11.62
lit-1ch-2b	t-64k-lat	A	0	24656.67	1922	e0396b551777b4e7	11.62
lit-1ch-2b	t-64k-lat	B	0	16516.54	1922	e0396b551777b4e7	11.62
lit-1ch-2b	t-64k-lat	C	0	16688.27	1922	e0396b551777b4e7	11.62
lit-1ch-2b	t-64k-lat	M	0	29781.28	1922	e0396b551777b4e7	11.62
lit-1ch-2b	t-64k-lat	P	0	16534.01	1922	e0396b551777b4e7	11.62
lit-1ch-2b	t-64k-lat	S	0	7347.00	1922	e0396b551777b4e7	11.62
lit-1ch-2b	t-64k-lat	A	1	24569.32	1922	e0396b551777b4e7	11.62
lit-1ch-2b	t-64k-lat	B	1	16431.66	1922	e0396b551777b4e7	11.62
lit-1ch-2b	t-64k-lat	C	1	16475.22	1922	e0396b551777b4e7	11.62
lit-1ch-2b	t-64k-lat	M	1	30193.20	1922	e0396b551777b4e7	11.62
lit-1ch-2b	t-64k-lat	P	1	16443.12	1922	e0396b551777b4e7	11.62
lit-1ch-2b	t-64k-lat	S	1	10073.70	1922	e0396b551777b4e7	11.62
lit-1ch-2b	t-64k-lat	A	2	24699.14	1922	e0396b551777b4e7	11.62
lit-1ch-2b	t-64k-lat	B	2	16520.42	1922	e0396b551777b4e7	11.62
lit-1ch-2b	t-64k-lat	C	2	16491.97	1922	e0396b551777b4e7	11.62
lit-1ch-2b	t-64k-lat	M	2	27266.87	1922	e0396b551777b4e7	11.62
lit-1ch-2b	t-64k-lat	P	2	16513.35	1922	e0396b551777b4e7	11.62
lit-1ch-2b	t-64k-lat	S	2	7316.05	1922	e0396b551777b4e7	11.62
lit-1ch-2b	t-64k-lat	A	3	24619.58	1922	e0396b551777b4e7	11.62
lit-1ch-2b	t-64k-lat	B	3	16402.75	1922	e0396b551777b4e7	11.62
lit-1ch-2b	t-64k-lat	C	3	16487.57	1922	e0396b551777b4e7	11.62
lit-1ch-2b	t-64k-lat	M	3	28023.01	1922	e0396b551777b4e7	11.62
lit-1ch-2b	t-64k-lat	P	3	21997.62	1922	e0396b551777b4e7	11.62
lit-1ch-2b	t-64k-lat	S	3	7854.48	1922	e0396b551777b4e7	11.62
lit-1ch-2b	t-64k-lat	A	4	24674.67	1922	e0396b551777b4e7	11.62
lit-1ch-2b	t-64k-lat	B	4	18829.98	1922	e0396b551777b4e7	11.62
lit-1ch-2b	t-64k-lat	C	4	16501.30	1922	e0396b551777b4e7	11.62
lit-1ch-2b	t-64k-lat	M	4	32949.65	1922	e0396b551777b4e7	11.62
lit-1ch-2b	t-64k-lat	P	4	16536.25	1922	e0396b551777b4e7	11.62
lit-1ch-2b	t-64k-lat	S	4	7380.21	1922	e0396b551777b4e7	11.62
lit-1ch-2b	t-64k-lat	A	5	24619.71	1922	e0396b551777b4e7	11.62
lit-1ch-2b	t-64k-lat	B	5	19049.48	1922	e0396b551777b4e7	11.62
lit-1ch-2b	t-64k-lat	C	5	16625.47	1922	e0396b551777b4e7	11.62
lit-1ch-2b	t-64k-lat	M	5	27480.68	1922	e0396b551777b4e7	11.62
lit-1ch-2b	t-64k-lat	P	5	16482.21	1922	e0396b551777b4e7	11.62
lit-1ch-2b	t-64k-lat	S	5	7337.57	1922	e0396b551777b4e7	11.62
lit-1ch-2b	t-64k-lat	A	6	27432.89	1922	e0396b551777b4e7	11.62
lit-1ch-2b	t-64k-lat	B	6	17102.30	1922	e0396b551777b4e7	11.62
lit-1ch-2b	t-64k-lat	C	6	16502.71	1922	e0396b551777b4e7	11.62
lit-1ch-2b	t-64k-lat	M	6	31755.20	1922	e0396b551777b4e7	11.62
lit-1ch-2b	t-64k-lat	P	6	16506.55	1922	e0396b551777b4e7	11.62
lit-1ch-2b	t-64k-lat	S	6	7338.09	1922	e0396b551777b4e7	11.62
lit-1ch-2b	t-64k-lat	A	7	24779.13	1922	e0396b551777b4e7	11.62
lit-1ch-2b	t-64k-lat	B	7	16520.84	1922	e0396b551777b4e7	11.62
lit-1ch-2b	t-64k-lat	C	7	17410.16	1922	e0396b551777b4e7	11.62
lit-1ch-2b	t-64k-lat	M	7	27303.99	1922	e0396b551777b4e7	11.62
lit-1ch-2b	t-64k-lat	P	7	16523.30	1922	e0396b551777b4e7	11.62
lit-1ch-2b	t-64k-lat	S	7	8247.28	1922	e0396b551777b4e7	11.62
lit-1ch-2b	t-64k-lat	A	8	24662.15	1922	e0396b551777b4e7	11.62
lit-1ch-2b	t-64k-lat	B	8	16520.68	1922	e0396b551777b4e7	11.62
lit-1ch-2b	t-64k-lat	C	8	16521.53	1922	e0396b551777b4e7	11.62
lit-1ch-2b	t-64k-lat	M	8	27304.32	1922	e0396b551777b4e7	11.62
lit-1ch-2b	t-64k-lat	P	8	16465.03	1922	e0396b551777b4e7	11.62
lit-1ch-2b	t-64k-lat	S	8	7241.91	1922	e0396b551777b4e7	11.62
lit-1ch-2b	t-64k-lat	A	9	24631.05	1922	e0396b551777b4e7	11.62
lit-1ch-2b	t-64k-lat	B	9	17670.81	1922	e0396b551777b4e7	11.62
lit-1ch-2b	t-64k-lat	C	9	16468.09	1922	e0396b551777b4e7	11.62
lit-1ch-2b	t-64k-lat	M	9	28153.13	1922	e0396b551777b4e7	11.62
lit-1ch-2b	t-64k-lat	P	9	16510.92	1922	e0396b551777b4e7	11.62
lit-1ch-2b	t-64k-lat	S	9	7311.12	1922	e0396b551777b4e7	11.62
lit-1ch-2b	t-64k-lat	A	10	24583.42	1922	e0396b551777b4e7	11.62
lit-1ch-2b	t-64k-lat	B	10	17063.24	1922	e0396b551777b4e7	11.62
lit-1ch-2b	t-64k-lat	C	10	16476.63	1922	e0396b551777b4e7	11.62
lit-1ch-2b	t-64k-lat	M	10	27327.41	1922	e0396b551777b4e7	11.62
lit-1ch-2b	t-64k-lat	P	10	16463.23	1922	e0396b551777b4e7	11.62
lit-1ch-2b	t-64k-lat	S	10	7248.58	1922	e0396b551777b4e7	11.62
lit-1ch-2b	t-64k-lat	A	11	24698.16	1922	e0396b551777b4e7	11.62
lit-1ch-2b	t-64k-lat	B	11	18351.96	1922	e0396b551777b4e7	11.62
lit-1ch-2b	t-64k-lat	C	11	16475.38	1922	e0396b551777b4e7	11.62
lit-1ch-2b	t-64k-lat	M	11	31153.18	1922	e0396b551777b4e7	11.62
lit-1ch-2b	t-64k-lat	P	11	16511.91	1922	e0396b551777b4e7	11.62
lit-1ch-2b	t-64k-lat	S	11	7354.58	1922	e0396b551777b4e7	11.62
lit-1ch-2b	t-64k-lat	A	12	28242.05	1922	e0396b551777b4e7	11.62
lit-1ch-2b	t-64k-lat	B	12	16490.75	1922	e0396b551777b4e7	11.62
lit-1ch-2b	t-64k-lat	C	12	16506.75	1922	e0396b551777b4e7	11.62
lit-1ch-2b	t-64k-lat	M	12	27385.45	1922	e0396b551777b4e7	11.62
lit-1ch-2b	t-64k-lat	P	12	16462.21	1922	e0396b551777b4e7	11.62
lit-1ch-2b	t-64k-lat	S	12	7319.47	1922	e0396b551777b4e7	11.62
lit-1ch-2b	t-64k-lat	A	13	27274.59	1922	e0396b551777b4e7	11.62
lit-1ch-2b	t-64k-lat	B	13	16526.85	1922	e0396b551777b4e7	11.62
lit-1ch-2b	t-64k-lat	C	13	16521.83	1922	e0396b551777b4e7	11.62
lit-1ch-2b	t-64k-lat	M	13	27343.70	1922	e0396b551777b4e7	11.62
lit-1ch-2b	t-64k-lat	P	13	16500.08	1922	e0396b551777b4e7	11.62
lit-1ch-2b	t-64k-lat	S	13	7303.64	1922	e0396b551777b4e7	11.62
lit-1ch-2b	t-64k-lat	A	14	24582.89	1922	e0396b551777b4e7	11.62
lit-1ch-2b	t-64k-lat	B	14	16372.76	1922	e0396b551777b4e7	11.62
lit-1ch-2b	t-64k-lat	C	14	17049.15	1922	e0396b551777b4e7	11.62
lit-1ch-2b	t-64k-lat	M	14	31445.43	1922	e0396b551777b4e7	11.62
lit-1ch-2b	t-64k-lat	P	14	16562.63	1922	e0396b551777b4e7	11.62
lit-1ch-2b	t-64k-lat	S	14	7321.05	1922	e0396b551777b4e7	11.62
lit-1ch-2b	t-64k-cyr	A	0	404.73	0	14650fb0739d0383	11.62
lit-1ch-2b	t-64k-cyr	B	0	391.10	0	14650fb0739d0383	11.62
lit-1ch-2b	t-64k-cyr	C	0	391.82	0	14650fb0739d0383	11.62
lit-1ch-2b	t-64k-cyr	M	0	24784.65	0	14650fb0739d0383	11.62
lit-1ch-2b	t-64k-cyr	P	0	393.30	0	14650fb0739d0383	11.62
lit-1ch-2b	t-64k-cyr	S	0	2258.06	0	14650fb0739d0383	11.62
lit-1ch-2b	t-64k-cyr	A	1	391.07	0	14650fb0739d0383	11.62
lit-1ch-2b	t-64k-cyr	B	1	390.93	0	14650fb0739d0383	11.62
lit-1ch-2b	t-64k-cyr	C	1	399.44	0	14650fb0739d0383	11.62
lit-1ch-2b	t-64k-cyr	M	1	24982.50	0	14650fb0739d0383	11.62
lit-1ch-2b	t-64k-cyr	P	1	392.77	0	14650fb0739d0383	11.62
lit-1ch-2b	t-64k-cyr	S	1	2504.26	0	14650fb0739d0383	11.62
lit-1ch-2b	t-64k-cyr	A	2	404.53	0	14650fb0739d0383	11.62
lit-1ch-2b	t-64k-cyr	B	2	391.07	0	14650fb0739d0383	11.62
lit-1ch-2b	t-64k-cyr	C	2	391.00	0	14650fb0739d0383	11.62
lit-1ch-2b	t-64k-cyr	M	2	25399.97	0	14650fb0739d0383	11.62
lit-1ch-2b	t-64k-cyr	P	2	392.97	0	14650fb0739d0383	11.62
lit-1ch-2b	t-64k-cyr	S	2	2246.73	0	14650fb0739d0383	11.62
lit-1ch-2b	t-64k-cyr	A	3	392.87	0	14650fb0739d0383	11.62
lit-1ch-2b	t-64k-cyr	B	3	392.74	0	14650fb0739d0383	11.62
lit-1ch-2b	t-64k-cyr	C	3	392.84	0	14650fb0739d0383	11.62
lit-1ch-2b	t-64k-cyr	M	3	24843.91	0	14650fb0739d0383	11.62
lit-1ch-2b	t-64k-cyr	P	3	392.84	0	14650fb0739d0383	11.62
lit-1ch-2b	t-64k-cyr	S	3	2251.00	0	14650fb0739d0383	11.62
lit-1ch-2b	t-64k-cyr	A	4	392.87	0	14650fb0739d0383	11.62
lit-1ch-2b	t-64k-cyr	B	4	392.90	0	14650fb0739d0383	11.62
lit-1ch-2b	t-64k-cyr	C	4	392.84	0	14650fb0739d0383	11.62
lit-1ch-2b	t-64k-cyr	M	4	25048.95	0	14650fb0739d0383	11.62
lit-1ch-2b	t-64k-cyr	P	4	392.84	0	14650fb0739d0383	11.62
lit-1ch-2b	t-64k-cyr	S	4	2241.01	0	14650fb0739d0383	11.62
lit-1ch-2b	t-64k-cyr	A	5	398.46	0	14650fb0739d0383	11.62
lit-1ch-2b	t-64k-cyr	B	5	392.93	0	14650fb0739d0383	11.62
lit-1ch-2b	t-64k-cyr	C	5	392.87	0	14650fb0739d0383	11.62
lit-1ch-2b	t-64k-cyr	M	5	24831.85	0	14650fb0739d0383	11.62
lit-1ch-2b	t-64k-cyr	P	5	400.82	0	14650fb0739d0383	11.62
lit-1ch-2b	t-64k-cyr	S	5	2250.64	0	14650fb0739d0383	11.62
lit-1ch-2b	t-64k-cyr	A	6	390.93	0	14650fb0739d0383	11.62
lit-1ch-2b	t-64k-cyr	B	6	391.00	0	14650fb0739d0383	11.62
lit-1ch-2b	t-64k-cyr	C	6	399.51	0	14650fb0739d0383	11.62
lit-1ch-2b	t-64k-cyr	M	6	25092.44	0	14650fb0739d0383	11.62
lit-1ch-2b	t-64k-cyr	P	6	393.00	0	14650fb0739d0383	11.62
lit-1ch-2b	t-64k-cyr	S	6	2251.62	0	14650fb0739d0383	11.62
lit-1ch-2b	t-64k-cyr	A	7	405.52	0	14650fb0739d0383	11.62
lit-1ch-2b	t-64k-cyr	B	7	391.03	0	14650fb0739d0383	11.62
lit-1ch-2b	t-64k-cyr	C	7	391.00	0	14650fb0739d0383	11.62
lit-1ch-2b	t-64k-cyr	M	7	24877.15	0	14650fb0739d0383	11.62
lit-1ch-2b	t-64k-cyr	P	7	392.84	0	14650fb0739d0383	11.62
lit-1ch-2b	t-64k-cyr	S	7	2253.46	0	14650fb0739d0383	11.62
lit-1ch-2b	t-64k-cyr	A	8	391.03	0	14650fb0739d0383	11.62
lit-1ch-2b	t-64k-cyr	B	8	391.00	0	14650fb0739d0383	11.62
lit-1ch-2b	t-64k-cyr	C	8	405.12	0	14650fb0739d0383	11.62
lit-1ch-2b	t-64k-cyr	M	8	25524.47	0	14650fb0739d0383	11.62
lit-1ch-2b	t-64k-cyr	P	8	395.37	0	14650fb0739d0383	11.62
lit-1ch-2b	t-64k-cyr	S	8	2258.12	0	14650fb0739d0383	11.62
lit-1ch-2b	t-64k-cyr	A	9	394.65	0	14650fb0739d0383	11.62
lit-1ch-2b	t-64k-cyr	B	9	394.74	0	14650fb0739d0383	11.62
lit-1ch-2b	t-64k-cyr	C	9	394.65	0	14650fb0739d0383	11.62
lit-1ch-2b	t-64k-cyr	M	9	24963.84	0	14650fb0739d0383	11.62
lit-1ch-2b	t-64k-cyr	P	9	394.81	0	14650fb0739d0383	11.62
lit-1ch-2b	t-64k-cyr	S	9	2261.97	0	14650fb0739d0383	11.62
lit-1ch-2b	t-64k-cyr	A	10	413.76	0	14650fb0739d0383	11.62
lit-1ch-2b	t-64k-cyr	B	10	394.74	0	14650fb0739d0383	11.62
lit-1ch-2b	t-64k-cyr	C	10	394.61	0	14650fb0739d0383	11.62
lit-1ch-2b	t-64k-cyr	M	10	30487.53	0	14650fb0739d0383	11.62
lit-1ch-2b	t-64k-cyr	P	10	391.66	0	14650fb0739d0383	11.62
lit-1ch-2b	t-64k-cyr	S	10	2239.73	0	14650fb0739d0383	11.62
lit-1ch-2b	t-64k-cyr	A	11	391.10	0	14650fb0739d0383	11.62
lit-1ch-2b	t-64k-cyr	B	11	405.81	0	14650fb0739d0383	11.62
lit-1ch-2b	t-64k-cyr	C	11	393.07	0	14650fb0739d0383	11.62
lit-1ch-2b	t-64k-cyr	M	11	24844.30	0	14650fb0739d0383	11.62
lit-1ch-2b	t-64k-cyr	P	11	391.00	0	14650fb0739d0383	11.62
lit-1ch-2b	t-64k-cyr	S	11	2571.14	0	14650fb0739d0383	11.62
lit-1ch-2b	t-64k-cyr	A	12	391.00	0	14650fb0739d0383	11.62
lit-1ch-2b	t-64k-cyr	B	12	391.07	0	14650fb0739d0383	11.62
lit-1ch-2b	t-64k-cyr	C	12	391.00	0	14650fb0739d0383	11.62
lit-1ch-2b	t-64k-cyr	M	12	24817.10	0	14650fb0739d0383	11.62
lit-1ch-2b	t-64k-cyr	P	12	392.87	0	14650fb0739d0383	11.62
lit-1ch-2b	t-64k-cyr	S	12	2253.46	0	14650fb0739d0383	11.62
lit-1ch-2b	t-64k-cyr	A	13	392.84	0	14650fb0739d0383	11.62
lit-1ch-2b	t-64k-cyr	B	13	392.87	0	14650fb0739d0383	11.62
lit-1ch-2b	t-64k-cyr	C	13	392.90	0	14650fb0739d0383	11.62
lit-1ch-2b	t-64k-cyr	M	13	24838.91	0	14650fb0739d0383	11.62
lit-1ch-2b	t-64k-cyr	P	13	392.84	0	14650fb0739d0383	11.62
lit-1ch-2b	t-64k-cyr	S	13	2255.82	0	14650fb0739d0383	11.62
lit-1ch-2b	t-64k-cyr	A	14	390.97	0	14650fb0739d0383	11.62
lit-1ch-2b	t-64k-cyr	B	14	406.57	0	14650fb0739d0383	11.62
lit-1ch-2b	t-64k-cyr	C	14	391.03	0	14650fb0739d0383	11.62
lit-1ch-2b	t-64k-cyr	M	14	24780.90	0	14650fb0739d0383	11.62
lit-1ch-2b	t-64k-cyr	P	14	391.03	0	14650fb0739d0383	11.62
lit-1ch-2b	t-64k-cyr	S	14	2240.19	0	14650fb0739d0383	11.62
lit-1ch-2b	t-64k-cjk	A	0	4540.27	0	14650fb0739d0383	11.62
lit-1ch-2b	t-64k-cjk	B	0	4471.71	0	14650fb0739d0383	11.62
lit-1ch-2b	t-64k-cjk	C	0	4386.66	0	14650fb0739d0383	11.62
lit-1ch-2b	t-64k-cjk	M	0	24982.56	0	14650fb0739d0383	11.62
lit-1ch-2b	t-64k-cjk	P	0	4441.42	0	14650fb0739d0383	11.62
lit-1ch-2b	t-64k-cjk	S	0	2245.21	0	14650fb0739d0383	11.62
lit-1ch-2b	t-64k-cjk	A	1	4528.70	0	14650fb0739d0383	11.62
lit-1ch-2b	t-64k-cjk	B	1	4460.57	0	14650fb0739d0383	11.62
lit-1ch-2b	t-64k-cjk	C	1	4401.51	0	14650fb0739d0383	11.62
lit-1ch-2b	t-64k-cjk	M	1	24904.91	0	14650fb0739d0383	11.62
lit-1ch-2b	t-64k-cjk	P	1	4434.49	0	14650fb0739d0383	11.62
lit-1ch-2b	t-64k-cjk	S	1	2267.03	0	14650fb0739d0383	11.62
lit-1ch-2b	t-64k-cjk	A	2	4494.96	0	14650fb0739d0383	11.62
lit-1ch-2b	t-64k-cjk	B	2	4428.05	0	14650fb0739d0383	11.62
lit-1ch-2b	t-64k-cjk	C	2	4436.03	0	14650fb0739d0383	11.62
lit-1ch-2b	t-64k-cjk	M	2	24769.31	0	14650fb0739d0383	11.62
lit-1ch-2b	t-64k-cjk	P	2	4408.34	0	14650fb0739d0383	11.62
lit-1ch-2b	t-64k-cjk	S	2	2225.28	0	14650fb0739d0383	11.62
lit-1ch-2b	t-64k-cjk	A	3	4488.69	0	14650fb0739d0383	11.62
lit-1ch-2b	t-64k-cjk	B	3	4405.29	0	14650fb0739d0383	11.62
lit-1ch-2b	t-64k-cjk	C	3	4410.41	0	14650fb0739d0383	11.62
lit-1ch-2b	t-64k-cjk	M	3	24844.17	0	14650fb0739d0383	11.62
lit-1ch-2b	t-64k-cjk	P	3	4416.75	0	14650fb0739d0383	11.62
lit-1ch-2b	t-64k-cjk	S	3	2244.53	0	14650fb0739d0383	11.62
lit-1ch-2b	t-64k-cjk	A	4	4521.28	0	14650fb0739d0383	11.62
lit-1ch-2b	t-64k-cjk	B	4	4454.63	0	14650fb0739d0383	11.62
lit-1ch-2b	t-64k-cjk	C	4	4422.57	0	14650fb0739d0383	11.62
lit-1ch-2b	t-64k-cjk	M	4	24901.85	0	14650fb0739d0383	11.62
lit-1ch-2b	t-64k-cjk	P	4	4423.55	0	14650fb0739d0383	11.62
lit-1ch-2b	t-64k-cjk	S	4	2262.89	0	14650fb0739d0383	11.62
lit-1ch-2b	t-64k-cjk	A	5	4493.26	0	14650fb0739d0383	11.62
lit-1ch-2b	t-64k-cjk	B	5	4430.19	0	14650fb0739d0383	11.62
lit-1ch-2b	t-64k-cjk	C	5	4422.57	0	14650fb0739d0383	11.62
lit-1ch-2b	t-64k-cjk	M	5	24858.56	0	14650fb0739d0383	11.62
lit-1ch-2b	t-64k-cjk	P	5	4427.85	0	14650fb0739d0383	11.62
lit-1ch-2b	t-64k-cjk	S	5	2243.61	0	14650fb0739d0383	11.62
lit-1ch-2b	t-64k-cjk	A	6	4497.56	0	14650fb0739d0383	11.62
lit-1ch-2b	t-64k-cjk	B	6	4426.31	0	14650fb0739d0383	11.62
lit-1ch-2b	t-64k-cjk	C	6	4422.27	0	14650fb0739d0383	11.62
lit-1ch-2b	t-64k-cjk	M	6	24791.64	0	14650fb0739d0383	11.62
lit-1ch-2b	t-64k-cjk	P	6	4442.50	0	14650fb0739d0383	11.62
lit-1ch-2b	t-64k-cjk	S	6	2226.30	0	14650fb0739d0383	11.62
lit-1ch-2b	t-64k-cjk	A	7	4479.66	0	14650fb0739d0383	11.62
lit-1ch-2b	t-64k-cjk	B	7	4425.59	0	14650fb0739d0383	11.62
lit-1ch-2b	t-64k-cjk	C	7	4425.23	0	14650fb0739d0383	11.62
lit-1ch-2b	t-64k-cjk	M	7	24863.26	0	14650fb0739d0383	11.62
lit-1ch-2b	t-64k-cjk	P	7	4431.20	0	14650fb0739d0383	11.62
lit-1ch-2b	t-64k-cjk	S	7	2242.82	0	14650fb0739d0383	11.62
lit-1ch-2b	t-64k-cjk	A	8	4496.25	0	14650fb0739d0383	11.62
lit-1ch-2b	t-64k-cjk	B	8	4412.51	0	14650fb0739d0383	11.62
lit-1ch-2b	t-64k-cjk	C	8	4406.04	0	14650fb0739d0383	11.62
lit-1ch-2b	t-64k-cjk	M	8	24727.92	0	14650fb0739d0383	11.62
lit-1ch-2b	t-64k-cjk	P	8	4448.02	0	14650fb0739d0383	11.62
lit-1ch-2b	t-64k-cjk	S	8	2237.46	0	14650fb0739d0383	11.62
lit-1ch-2b	t-64k-cjk	A	9	4507.25	0	14650fb0739d0383	11.62
lit-1ch-2b	t-64k-cjk	B	9	4423.88	0	14650fb0739d0383	11.62
lit-1ch-2b	t-64k-cjk	C	9	4430.65	0	14650fb0739d0383	11.62
lit-1ch-2b	t-64k-cjk	M	9	24823.41	0	14650fb0739d0383	11.62
lit-1ch-2b	t-64k-cjk	P	9	4407.36	0	14650fb0739d0383	11.62
lit-1ch-2b	t-64k-cjk	S	9	2367.71	0	14650fb0739d0383	11.62
lit-1ch-2b	t-64k-cjk	A	10	4478.41	0	14650fb0739d0383	11.62
lit-1ch-2b	t-64k-cjk	B	10	4408.50	0	14650fb0739d0383	11.62
lit-1ch-2b	t-64k-cjk	C	10	4404.04	0	14650fb0739d0383	11.62
lit-1ch-2b	t-64k-cjk	M	10	24731.79	0	14650fb0739d0383	11.62
lit-1ch-2b	t-64k-cjk	P	10	4402.20	0	14650fb0739d0383	11.62
lit-1ch-2b	t-64k-cjk	S	10	2233.91	0	14650fb0739d0383	11.62
lit-1ch-2b	t-64k-cjk	A	11	4479.26	0	14650fb0739d0383	11.62
lit-1ch-2b	t-64k-cjk	B	11	4433.67	0	14650fb0739d0383	11.62
lit-1ch-2b	t-64k-cjk	C	11	4402.07	0	14650fb0739d0383	11.62
lit-1ch-2b	t-64k-cjk	M	11	24801.47	0	14650fb0739d0383	11.62
lit-1ch-2b	t-64k-cjk	P	11	4411.70	0	14650fb0739d0383	11.62
lit-1ch-2b	t-64k-cjk	S	11	2324.68	0	14650fb0739d0383	11.62
lit-1ch-2b	t-64k-cjk	A	12	4475.29	0	14650fb0739d0383	11.62
lit-1ch-2b	t-64k-cjk	B	12	4424.17	0	14650fb0739d0383	11.62
lit-1ch-2b	t-64k-cjk	C	12	4445.99	0	14650fb0739d0383	11.62
lit-1ch-2b	t-64k-cjk	M	12	24769.31	0	14650fb0739d0383	11.62
lit-1ch-2b	t-64k-cjk	P	12	4408.14	0	14650fb0739d0383	11.62
lit-1ch-2b	t-64k-cjk	S	12	2224.69	0	14650fb0739d0383	11.62
lit-1ch-2b	t-64k-cjk	A	13	4480.44	0	14650fb0739d0383	11.62
lit-1ch-2b	t-64k-cjk	B	13	4412.68	0	14650fb0739d0383	11.62
lit-1ch-2b	t-64k-cjk	C	13	4408.96	0	14650fb0739d0383	11.62
lit-1ch-2b	t-64k-cjk	M	13	24808.92	0	14650fb0739d0383	11.62
lit-1ch-2b	t-64k-cjk	P	13	4399.70	0	14650fb0739d0383	11.62
lit-1ch-2b	t-64k-cjk	S	13	2373.85	0	14650fb0739d0383	11.62
lit-1ch-2b	t-64k-cjk	A	14	4480.61	0	14650fb0739d0383	11.62
lit-1ch-2b	t-64k-cjk	B	14	4409.20	0	14650fb0739d0383	11.62
lit-1ch-2b	t-64k-cjk	C	14	4403.97	0	14650fb0739d0383	11.62
lit-1ch-2b	t-64k-cjk	M	14	24801.79	0	14650fb0739d0383	11.62
lit-1ch-2b	t-64k-cjk	P	14	4424.04	0	14650fb0739d0383	11.62
lit-1ch-2b	t-64k-cjk	S	14	2246.40	0	14650fb0739d0383	11.62
lit-1ch-2b	t-64k-asc	A	0	392.38	0	14650fb0739d0383	11.62
lit-1ch-2b	t-64k-asc	B	0	391.10	0	14650fb0739d0383	11.62
lit-1ch-2b	t-64k-asc	C	0	391.30	0	14650fb0739d0383	11.62
lit-1ch-2b	t-64k-asc	M	0	24757.19	0	14650fb0739d0383	11.62
lit-1ch-2b	t-64k-asc	P	0	391.43	0	14650fb0739d0383	11.62
lit-1ch-2b	t-64k-asc	S	0	2237.89	0	14650fb0739d0383	11.62
lit-1ch-2b	t-64k-asc	A	1	391.00	0	14650fb0739d0383	11.62
lit-1ch-2b	t-64k-asc	B	1	391.26	0	14650fb0739d0383	11.62
lit-1ch-2b	t-64k-asc	C	1	391.16	0	14650fb0739d0383	11.62
lit-1ch-2b	t-64k-asc	M	1	24981.21	0	14650fb0739d0383	11.62
lit-1ch-2b	t-64k-asc	P	1	391.26	0	14650fb0739d0383	11.62
lit-1ch-2b	t-64k-asc	S	1	2228.66	0	14650fb0739d0383	11.62
lit-1ch-2b	t-64k-asc	A	2	390.96	0	14650fb0739d0383	11.62
lit-1ch-2b	t-64k-asc	B	2	400.30	0	14650fb0739d0383	11.62
lit-1ch-2b	t-64k-asc	C	2	391.20	0	14650fb0739d0383	11.62
lit-1ch-2b	t-64k-asc	M	2	24862.66	0	14650fb0739d0383	11.62
lit-1ch-2b	t-64k-asc	P	2	391.10	0	14650fb0739d0383	11.62
lit-1ch-2b	t-64k-asc	S	2	2236.09	0	14650fb0739d0383	11.62
lit-1ch-2b	t-64k-asc	A	3	390.93	0	14650fb0739d0383	11.62
lit-1ch-2b	t-64k-asc	B	3	391.20	0	14650fb0739d0383	11.62
lit-1ch-2b	t-64k-asc	C	3	391.10	0	14650fb0739d0383	11.62
lit-1ch-2b	t-64k-asc	M	3	24846.37	0	14650fb0739d0383	11.62
lit-1ch-2b	t-64k-asc	P	3	391.10	0	14650fb0739d0383	11.62
lit-1ch-2b	t-64k-asc	S	3	2235.82	0	14650fb0739d0383	11.62
lit-1ch-2b	t-64k-asc	A	4	391.00	0	14650fb0739d0383	11.62
lit-1ch-2b	t-64k-asc	B	4	391.10	0	14650fb0739d0383	11.62
lit-1ch-2b	t-64k-asc	C	4	391.10	0	14650fb0739d0383	11.62
lit-1ch-2b	t-64k-asc	M	4	24870.58	0	14650fb0739d0383	11.62
lit-1ch-2b	t-64k-asc	P	4	392.97	0	14650fb0739d0383	11.62
lit-1ch-2b	t-64k-asc	S	4	2249.49	0	14650fb0739d0383	11.62
lit-1ch-2b	t-64k-asc	A	5	392.81	0	14650fb0739d0383	11.62
lit-1ch-2b	t-64k-asc	B	5	393.04	0	14650fb0739d0383	11.62
lit-1ch-2b	t-64k-asc	C	5	392.97	0	14650fb0739d0383	11.62
lit-1ch-2b	t-64k-asc	M	5	24890.78	0	14650fb0739d0383	11.62
lit-1ch-2b	t-64k-asc	P	5	392.90	0	14650fb0739d0383	11.62
lit-1ch-2b	t-64k-asc	S	5	2241.27	0	14650fb0739d0383	11.62
lit-1ch-2b	t-64k-asc	A	6	391.07	0	14650fb0739d0383	11.62
lit-1ch-2b	t-64k-asc	B	6	400.20	0	14650fb0739d0383	11.62
lit-1ch-2b	t-64k-asc	C	6	391.19	0	14650fb0739d0383	11.62
lit-1ch-2b	t-64k-asc	M	6	24869.82	0	14650fb0739d0383	11.62
lit-1ch-2b	t-64k-asc	P	6	392.97	0	14650fb0739d0383	11.62
lit-1ch-2b	t-64k-asc	S	6	2246.83	0	14650fb0739d0383	11.62
lit-1ch-2b	t-64k-asc	A	7	392.87	0	14650fb0739d0383	11.62
lit-1ch-2b	t-64k-asc	B	7	392.97	0	14650fb0739d0383	11.62
lit-1ch-2b	t-64k-asc	C	7	393.04	0	14650fb0739d0383	11.62
lit-1ch-2b	t-64k-asc	M	7	24805.84	0	14650fb0739d0383	11.62
lit-1ch-2b	t-64k-asc	P	7	391.07	0	14650fb0739d0383	11.62
lit-1ch-2b	t-64k-asc	S	7	2237.04	0	14650fb0739d0383	11.62
lit-1ch-2b	t-64k-asc	A	8	390.93	0	14650fb0739d0383	11.62
lit-1ch-2b	t-64k-asc	B	8	391.20	0	14650fb0739d0383	11.62
lit-1ch-2b	t-64k-asc	C	8	410.54	0	14650fb0739d0383	11.62
lit-1ch-2b	t-64k-asc	M	8	24776.24	0	14650fb0739d0383	11.62
lit-1ch-2b	t-64k-asc	P	8	400.59	0	14650fb0739d0383	11.62
lit-1ch-2b	t-64k-asc	S	8	2234.93	0	14650fb0739d0383	11.62
lit-1ch-2b	t-64k-asc	A	9	391.03	0	14650fb0739d0383	11.62
lit-1ch-2b	t-64k-asc	B	9	391.23	0	14650fb0739d0383	11.62
lit-1ch-2b	t-64k-asc	C	9	405.46	0	14650fb0739d0383	11.62
lit-1ch-2b	t-64k-asc	M	9	24833.03	0	14650fb0739d0383	11.62
lit-1ch-2b	t-64k-asc	P	9	401.15	0	14650fb0739d0383	11.62
lit-1ch-2b	t-64k-asc	S	9	2579.91	0	14650fb0739d0383	11.62
lit-1ch-2b	t-64k-asc	A	10	392.77	0	14650fb0739d0383	11.62
lit-1ch-2b	t-64k-asc	B	10	400.75	0	14650fb0739d0383	11.62
lit-1ch-2b	t-64k-asc	C	10	393.10	0	14650fb0739d0383	11.62
lit-1ch-2b	t-64k-asc	M	10	24820.46	0	14650fb0739d0383	11.62
lit-1ch-2b	t-64k-asc	P	10	391.13	0	14650fb0739d0383	11.62
lit-1ch-2b	t-64k-asc	S	10	2238.65	0	14650fb0739d0383	11.62
lit-1ch-2b	t-64k-asc	A	11	391.13	0	14650fb0739d0383	11.62
lit-1ch-2b	t-64k-asc	B	11	391.20	0	14650fb0739d0383	11.62
lit-1ch-2b	t-64k-asc	C	11	391.33	0	14650fb0739d0383	11.62
lit-1ch-2b	t-64k-asc	M	11	24849.92	0	14650fb0739d0383	11.62
lit-1ch-2b	t-64k-asc	P	11	392.93	0	14650fb0739d0383	11.62
lit-1ch-2b	t-64k-asc	S	11	2246.50	0	14650fb0739d0383	11.62
lit-1ch-2b	t-64k-asc	A	12	392.87	0	14650fb0739d0383	11.62
lit-1ch-2b	t-64k-asc	B	12	392.90	0	14650fb0739d0383	11.62
lit-1ch-2b	t-64k-asc	C	12	393.13	0	14650fb0739d0383	11.62
lit-1ch-2b	t-64k-asc	M	12	24847.55	0	14650fb0739d0383	11.62
lit-1ch-2b	t-64k-asc	P	12	393.00	0	14650fb0739d0383	11.62
lit-1ch-2b	t-64k-asc	S	12	2249.06	0	14650fb0739d0383	11.62
lit-1ch-2b	t-64k-asc	A	13	391.13	0	14650fb0739d0383	11.62
lit-1ch-2b	t-64k-asc	B	13	391.20	0	14650fb0739d0383	11.62
lit-1ch-2b	t-64k-asc	C	13	405.39	0	14650fb0739d0383	11.62
lit-1ch-2b	t-64k-asc	M	13	24940.22	0	14650fb0739d0383	11.62
lit-1ch-2b	t-64k-asc	P	13	392.97	0	14650fb0739d0383	11.62
lit-1ch-2b	t-64k-asc	S	13	2242.72	0	14650fb0739d0383	11.62
lit-1ch-2b	t-64k-asc	A	14	392.94	0	14650fb0739d0383	11.62
lit-1ch-2b	t-64k-asc	B	14	402.59	0	14650fb0739d0383	11.62
lit-1ch-2b	t-64k-asc	C	14	393.13	0	14650fb0739d0383	11.62
lit-1ch-2b	t-64k-asc	M	14	24822.98	0	14650fb0739d0383	11.62
lit-1ch-2b	t-64k-asc	P	14	392.90	0	14650fb0739d0383	11.62
lit-1ch-2b	t-64k-asc	S	14	2261.84	0	14650fb0739d0383	11.62
lit-1ch-3b	t-64k	A	0	2286.57	88	835269ff5034d32f	11.62
lit-1ch-3b	t-64k	B	0	2325.43	88	835269ff5034d32f	11.62
lit-1ch-3b	t-64k	C	0	2310.62	88	835269ff5034d32f	11.62
lit-1ch-3b	t-64k	M	0	15153.68	88	835269ff5034d32f	11.62
lit-1ch-3b	t-64k	P	0	2953.50	88	835269ff5034d32f	11.62
lit-1ch-3b	t-64k	S	0	2553.34	88	835269ff5034d32f	11.62
lit-1ch-3b	t-64k	A	1	2247.02	88	835269ff5034d32f	11.62
lit-1ch-3b	t-64k	B	1	2313.24	88	835269ff5034d32f	11.62
lit-1ch-3b	t-64k	C	1	2302.93	88	835269ff5034d32f	11.62
lit-1ch-3b	t-64k	M	1	15199.04	88	835269ff5034d32f	11.62
lit-1ch-3b	t-64k	P	1	2899.56	88	835269ff5034d32f	11.62
lit-1ch-3b	t-64k	S	1	2701.19	88	835269ff5034d32f	11.62
lit-1ch-3b	t-64k	A	2	2240.88	88	835269ff5034d32f	11.62
lit-1ch-3b	t-64k	B	2	2303.46	88	835269ff5034d32f	11.62
lit-1ch-3b	t-64k	C	2	2287.23	88	835269ff5034d32f	11.62
lit-1ch-3b	t-64k	M	2	15354.31	88	835269ff5034d32f	11.62
lit-1ch-3b	t-64k	P	2	2906.86	88	835269ff5034d32f	11.62
lit-1ch-3b	t-64k	S	2	2694.42	88	835269ff5034d32f	11.62
lit-1ch-3b	t-64k	A	3	2249.85	88	835269ff5034d32f	11.62
lit-1ch-3b	t-64k	B	3	2328.32	88	835269ff5034d32f	11.62
lit-1ch-3b	t-64k	C	3	2292.88	88	835269ff5034d32f	11.62
lit-1ch-3b	t-64k	M	3	15135.77	88	835269ff5034d32f	11.62
lit-1ch-3b	t-64k	P	3	2901.44	88	835269ff5034d32f	11.62
lit-1ch-3b	t-64k	S	3	2700.50	88	835269ff5034d32f	11.62
lit-1ch-3b	t-64k	A	4	2246.17	88	835269ff5034d32f	11.62
lit-1ch-3b	t-64k	B	4	2327.63	88	835269ff5034d32f	11.62
lit-1ch-3b	t-64k	C	4	2314.16	88	835269ff5034d32f	11.62
lit-1ch-3b	t-64k	M	4	15169.64	88	835269ff5034d32f	11.62
lit-1ch-3b	t-64k	P	4	2926.40	88	835269ff5034d32f	11.62
lit-1ch-3b	t-64k	S	4	2563.91	88	835269ff5034d32f	11.62
lit-1ch-3b	t-64k	A	5	2228.60	88	835269ff5034d32f	11.62
lit-1ch-3b	t-64k	B	5	2304.41	88	835269ff5034d32f	11.62
lit-1ch-3b	t-64k	C	5	2293.54	88	835269ff5034d32f	11.62
lit-1ch-3b	t-64k	M	5	15168.33	88	835269ff5034d32f	11.62
lit-1ch-3b	t-64k	P	5	2915.33	88	835269ff5034d32f	11.62
lit-1ch-3b	t-64k	S	5	2544.86	88	835269ff5034d32f	11.62
lit-1ch-3b	t-64k	A	6	2242.56	88	835269ff5034d32f	11.62
lit-1ch-3b	t-64k	B	6	2288.08	88	835269ff5034d32f	11.62
lit-1ch-3b	t-64k	C	6	2306.35	88	835269ff5034d32f	11.62
lit-1ch-3b	t-64k	M	6	15171.61	88	835269ff5034d32f	11.62
lit-1ch-3b	t-64k	P	6	2901.24	88	835269ff5034d32f	11.62
lit-1ch-3b	t-64k	S	6	2563.39	88	835269ff5034d32f	11.62
lit-1ch-3b	t-64k	A	7	2244.00	88	835269ff5034d32f	11.62
lit-1ch-3b	t-64k	B	7	2308.88	88	835269ff5034d32f	11.62
lit-1ch-3b	t-64k	C	7	2292.42	88	835269ff5034d32f	11.62
lit-1ch-3b	t-64k	M	7	15145.33	88	835269ff5034d32f	11.62
lit-1ch-3b	t-64k	P	7	2903.37	88	835269ff5034d32f	11.62
lit-1ch-3b	t-64k	S	7	2553.76	88	835269ff5034d32f	11.62
lit-1ch-3b	t-64k	A	8	2248.40	88	835269ff5034d32f	11.62
lit-1ch-3b	t-64k	B	8	2303.65	88	835269ff5034d32f	11.62
lit-1ch-3b	t-64k	C	8	2315.55	88	835269ff5034d32f	11.62
lit-1ch-3b	t-64k	M	8	15155.78	88	835269ff5034d32f	11.62
lit-1ch-3b	t-64k	P	8	2905.84	88	835269ff5034d32f	11.62
lit-1ch-3b	t-64k	S	8	2557.74	88	835269ff5034d32f	11.62
lit-1ch-3b	t-64k	A	9	2254.45	88	835269ff5034d32f	11.62
lit-1ch-3b	t-64k	B	9	2308.19	88	835269ff5034d32f	11.62
lit-1ch-3b	t-64k	C	9	2309.37	88	835269ff5034d32f	11.62
lit-1ch-3b	t-64k	M	9	15170.89	88	835269ff5034d32f	11.62
lit-1ch-3b	t-64k	P	9	2907.09	88	835269ff5034d32f	11.62
lit-1ch-3b	t-64k	S	9	2543.94	88	835269ff5034d32f	11.62
lit-1ch-3b	t-64k	A	10	2248.43	88	835269ff5034d32f	11.62
lit-1ch-3b	t-64k	B	10	2310.91	88	835269ff5034d32f	11.62
lit-1ch-3b	t-64k	C	10	2321.42	88	835269ff5034d32f	11.62
lit-1ch-3b	t-64k	M	10	15141.16	88	835269ff5034d32f	11.62
lit-1ch-3b	t-64k	P	10	2901.86	88	835269ff5034d32f	11.62
lit-1ch-3b	t-64k	S	10	2558.76	88	835269ff5034d32f	11.62
lit-1ch-3b	t-64k	A	11	2252.64	88	835269ff5034d32f	11.62
lit-1ch-3b	t-64k	B	11	2326.19	88	835269ff5034d32f	11.62
lit-1ch-3b	t-64k	C	11	2294.95	88	835269ff5034d32f	11.62
lit-1ch-3b	t-64k	M	11	15136.07	88	835269ff5034d32f	11.62
lit-1ch-3b	t-64k	P	11	2897.72	88	835269ff5034d32f	11.62
lit-1ch-3b	t-64k	S	11	2557.05	88	835269ff5034d32f	11.62
lit-1ch-3b	t-64k	A	12	2247.68	88	835269ff5034d32f	11.62
lit-1ch-3b	t-64k	B	12	2319.55	88	835269ff5034d32f	11.62
lit-1ch-3b	t-64k	C	12	2293.08	88	835269ff5034d32f	11.62
lit-1ch-3b	t-64k	M	12	15156.57	88	835269ff5034d32f	11.62
lit-1ch-3b	t-64k	P	12	2907.18	88	835269ff5034d32f	11.62
lit-1ch-3b	t-64k	S	12	2563.06	88	835269ff5034d32f	11.62
lit-1ch-3b	t-64k	A	13	2239.24	88	835269ff5034d32f	11.62
lit-1ch-3b	t-64k	B	13	2306.02	88	835269ff5034d32f	11.62
lit-1ch-3b	t-64k	C	13	2298.04	88	835269ff5034d32f	11.62
lit-1ch-3b	t-64k	M	13	15132.26	88	835269ff5034d32f	11.62
lit-1ch-3b	t-64k	P	13	2906.72	88	835269ff5034d32f	11.62
lit-1ch-3b	t-64k	S	13	2558.76	88	835269ff5034d32f	11.62
lit-1ch-3b	t-64k	A	14	2254.28	88	835269ff5034d32f	11.62
lit-1ch-3b	t-64k	B	14	2313.18	88	835269ff5034d32f	11.62
lit-1ch-3b	t-64k	C	14	2310.26	88	835269ff5034d32f	11.62
lit-1ch-3b	t-64k	M	14	15124.47	88	835269ff5034d32f	11.62
lit-1ch-3b	t-64k	P	14	2901.76	88	835269ff5034d32f	11.62
lit-1ch-3b	t-64k	S	14	2558.92	88	835269ff5034d32f	11.62
lit-1ch-3b	t-256k	A	0	8410.59	320	8aaf4addb8e49f0b	11.97
lit-1ch-3b	t-256k	B	0	8665.14	320	8aaf4addb8e49f0b	11.97
lit-1ch-3b	t-256k	C	0	9398.89	320	8aaf4addb8e49f0b	11.97
lit-1ch-3b	t-256k	M	0	62000.28	320	8aaf4addb8e49f0b	11.97
lit-1ch-3b	t-256k	P	0	11876.20	320	8aaf4addb8e49f0b	11.97
lit-1ch-3b	t-256k	S	0	10151.89	320	8aaf4addb8e49f0b	11.97
lit-1ch-3b	t-256k	A	1	8351.92	320	8aaf4addb8e49f0b	11.97
lit-1ch-3b	t-256k	B	1	8542.14	320	8aaf4addb8e49f0b	11.97
lit-1ch-3b	t-256k	C	1	8966.50	320	8aaf4addb8e49f0b	11.97
lit-1ch-3b	t-256k	M	1	62239.93	320	8aaf4addb8e49f0b	11.97
lit-1ch-3b	t-256k	P	1	11572.34	320	8aaf4addb8e49f0b	11.97
lit-1ch-3b	t-256k	S	1	10139.76	320	8aaf4addb8e49f0b	11.97
lit-1ch-3b	t-256k	A	2	8257.67	320	8aaf4addb8e49f0b	11.97
lit-1ch-3b	t-256k	B	2	8568.51	320	8aaf4addb8e49f0b	11.97
lit-1ch-3b	t-256k	C	2	9035.71	320	8aaf4addb8e49f0b	11.97
lit-1ch-3b	t-256k	M	2	73909.04	320	8aaf4addb8e49f0b	11.97
lit-1ch-3b	t-256k	P	2	12017.38	320	8aaf4addb8e49f0b	11.97
lit-1ch-3b	t-256k	S	2	10216.63	320	8aaf4addb8e49f0b	11.97
lit-1ch-3b	t-256k	A	3	8492.46	320	8aaf4addb8e49f0b	11.97
lit-1ch-3b	t-256k	B	3	8704.30	320	8aaf4addb8e49f0b	11.97
lit-1ch-3b	t-256k	C	3	9222.12	320	8aaf4addb8e49f0b	11.97
lit-1ch-3b	t-256k	M	3	62120.37	320	8aaf4addb8e49f0b	11.97
lit-1ch-3b	t-256k	P	3	11523.43	320	8aaf4addb8e49f0b	11.97
lit-1ch-3b	t-256k	S	3	10079.39	320	8aaf4addb8e49f0b	11.97
lit-1ch-3b	t-256k	A	4	15138.79	320	8aaf4addb8e49f0b	11.97
lit-1ch-3b	t-256k	B	4	8775.61	320	8aaf4addb8e49f0b	11.97
lit-1ch-3b	t-256k	C	4	9180.32	320	8aaf4addb8e49f0b	11.97
lit-1ch-3b	t-256k	M	4	62081.49	320	8aaf4addb8e49f0b	11.97
lit-1ch-3b	t-256k	P	4	11865.64	320	8aaf4addb8e49f0b	11.97
lit-1ch-3b	t-256k	S	4	10195.13	320	8aaf4addb8e49f0b	11.97
lit-1ch-3b	t-256k	A	5	8406.89	320	8aaf4addb8e49f0b	11.97
lit-1ch-3b	t-256k	B	5	8505.37	320	8aaf4addb8e49f0b	11.97
lit-1ch-3b	t-256k	C	5	8968.09	320	8aaf4addb8e49f0b	11.97
lit-1ch-3b	t-256k	M	5	62097.17	320	8aaf4addb8e49f0b	11.97
lit-1ch-3b	t-256k	P	5	11372.75	320	8aaf4addb8e49f0b	11.97
lit-1ch-3b	t-256k	S	5	10147.29	320	8aaf4addb8e49f0b	11.97
lit-1ch-3b	t-256k	A	6	8247.79	320	8aaf4addb8e49f0b	11.97
lit-1ch-3b	t-256k	B	6	8538.07	320	8aaf4addb8e49f0b	11.97
lit-1ch-3b	t-256k	C	6	8885.17	320	8aaf4addb8e49f0b	11.97
lit-1ch-3b	t-256k	M	6	61922.11	320	8aaf4addb8e49f0b	11.97
lit-1ch-3b	t-256k	P	6	11543.07	320	8aaf4addb8e49f0b	11.97
lit-1ch-3b	t-256k	S	6	10149.79	320	8aaf4addb8e49f0b	11.97
lit-1ch-3b	t-256k	A	7	8283.64	320	8aaf4addb8e49f0b	11.97
lit-1ch-3b	t-256k	B	7	8588.68	320	8aaf4addb8e49f0b	11.97
lit-1ch-3b	t-256k	C	7	8993.79	320	8aaf4addb8e49f0b	11.97
lit-1ch-3b	t-256k	M	7	61834.96	320	8aaf4addb8e49f0b	11.97
lit-1ch-3b	t-256k	P	7	11337.82	320	8aaf4addb8e49f0b	11.97
lit-1ch-3b	t-256k	S	7	10106.68	320	8aaf4addb8e49f0b	11.97
lit-1ch-3b	t-256k	A	8	8318.70	320	8aaf4addb8e49f0b	11.97
lit-1ch-3b	t-256k	B	8	8433.53	320	8aaf4addb8e49f0b	11.97
lit-1ch-3b	t-256k	C	8	8873.97	320	8aaf4addb8e49f0b	11.97
lit-1ch-3b	t-256k	M	8	61572.24	320	8aaf4addb8e49f0b	11.97
lit-1ch-3b	t-256k	P	8	11262.29	320	8aaf4addb8e49f0b	11.97
lit-1ch-3b	t-256k	S	8	10073.07	320	8aaf4addb8e49f0b	11.97
lit-1ch-3b	t-256k	A	9	8291.54	320	8aaf4addb8e49f0b	11.97
lit-1ch-3b	t-256k	B	9	8416.39	320	8aaf4addb8e49f0b	11.97
lit-1ch-3b	t-256k	C	9	8860.38	320	8aaf4addb8e49f0b	11.97
lit-1ch-3b	t-256k	M	9	61678.36	320	8aaf4addb8e49f0b	11.97
lit-1ch-3b	t-256k	P	9	11285.36	320	8aaf4addb8e49f0b	11.97
lit-1ch-3b	t-256k	S	9	10080.45	320	8aaf4addb8e49f0b	11.97
lit-1ch-3b	t-256k	A	10	8222.08	320	8aaf4addb8e49f0b	11.97
lit-1ch-3b	t-256k	B	10	8448.29	320	8aaf4addb8e49f0b	11.97
lit-1ch-3b	t-256k	C	10	8823.21	320	8aaf4addb8e49f0b	11.97
lit-1ch-3b	t-256k	M	10	61920.92	320	8aaf4addb8e49f0b	11.97
lit-1ch-3b	t-256k	P	10	11286.14	320	8aaf4addb8e49f0b	11.97
lit-1ch-3b	t-256k	S	10	10070.29	320	8aaf4addb8e49f0b	11.97
lit-1ch-3b	t-256k	A	11	8229.59	320	8aaf4addb8e49f0b	11.97
lit-1ch-3b	t-256k	B	11	8507.62	320	8aaf4addb8e49f0b	11.97
lit-1ch-3b	t-256k	C	11	8857.49	320	8aaf4addb8e49f0b	11.97
lit-1ch-3b	t-256k	M	11	61885.32	320	8aaf4addb8e49f0b	11.97
lit-1ch-3b	t-256k	P	11	11292.46	320	8aaf4addb8e49f0b	11.97
lit-1ch-3b	t-256k	S	11	10531.83	320	8aaf4addb8e49f0b	11.97
lit-1ch-3b	t-256k	A	12	8225.50	320	8aaf4addb8e49f0b	11.97
lit-1ch-3b	t-256k	B	12	8419.95	320	8aaf4addb8e49f0b	11.97
lit-1ch-3b	t-256k	C	12	8870.14	320	8aaf4addb8e49f0b	11.97
lit-1ch-3b	t-256k	M	12	61786.58	320	8aaf4addb8e49f0b	11.97
lit-1ch-3b	t-256k	P	12	11334.66	320	8aaf4addb8e49f0b	11.97
lit-1ch-3b	t-256k	S	12	10434.01	320	8aaf4addb8e49f0b	11.97
lit-1ch-3b	t-256k	A	13	8219.32	320	8aaf4addb8e49f0b	11.97
lit-1ch-3b	t-256k	B	13	8460.16	320	8aaf4addb8e49f0b	11.97
lit-1ch-3b	t-256k	C	13	8821.62	320	8aaf4addb8e49f0b	11.97
lit-1ch-3b	t-256k	M	13	61760.34	320	8aaf4addb8e49f0b	11.97
lit-1ch-3b	t-256k	P	13	11278.09	320	8aaf4addb8e49f0b	11.97
lit-1ch-3b	t-256k	S	13	10570.45	320	8aaf4addb8e49f0b	11.97
lit-1ch-3b	t-256k	A	14	8192.28	320	8aaf4addb8e49f0b	11.97
lit-1ch-3b	t-256k	B	14	8545.18	320	8aaf4addb8e49f0b	11.97
lit-1ch-3b	t-256k	C	14	8861.97	320	8aaf4addb8e49f0b	11.97
lit-1ch-3b	t-256k	M	14	61574.61	320	8aaf4addb8e49f0b	11.97
lit-1ch-3b	t-256k	P	14	11285.88	320	8aaf4addb8e49f0b	11.97
lit-1ch-3b	t-256k	S	14	10080.97	320	8aaf4addb8e49f0b	11.97
lit-1ch-3b	t-1m	A	0	38184.11	1259	ba60ca1bc82caf96	11.97
lit-1ch-3b	t-1m	B	0	38597.53	1259	ba60ca1bc82caf96	11.97
lit-1ch-3b	t-1m	C	0	40096.11	1259	ba60ca1bc82caf96	11.97
lit-1ch-3b	t-1m	M	0	266120.00	1259	ba60ca1bc82caf96	11.97
lit-1ch-3b	t-1m	P	0	68352.00	1259	ba60ca1bc82caf96	11.97
lit-1ch-3b	t-1m	S	0	43552.11	1259	ba60ca1bc82caf96	11.97
lit-1ch-3b	t-1m	A	1	36118.63	1259	ba60ca1bc82caf96	11.97
lit-1ch-3b	t-1m	B	1	36962.26	1259	ba60ca1bc82caf96	11.97
lit-1ch-3b	t-1m	C	1	38424.53	1259	ba60ca1bc82caf96	11.97
lit-1ch-3b	t-1m	M	1	259709.47	1259	ba60ca1bc82caf96	11.97
lit-1ch-3b	t-1m	P	1	51394.79	1259	ba60ca1bc82caf96	11.97
lit-1ch-3b	t-1m	S	1	42043.42	1259	ba60ca1bc82caf96	11.97
lit-1ch-3b	t-1m	A	2	37512.84	1259	ba60ca1bc82caf96	11.97
lit-1ch-3b	t-1m	B	2	38495.74	1259	ba60ca1bc82caf96	11.97
lit-1ch-3b	t-1m	C	2	38311.16	1259	ba60ca1bc82caf96	11.97
lit-1ch-3b	t-1m	M	2	260434.00	1259	ba60ca1bc82caf96	11.97
lit-1ch-3b	t-1m	P	2	51179.11	1259	ba60ca1bc82caf96	11.97
lit-1ch-3b	t-1m	S	2	42194.26	1259	ba60ca1bc82caf96	11.97
lit-1ch-3b	t-1m	A	3	36103.32	1259	ba60ca1bc82caf96	11.97
lit-1ch-3b	t-1m	B	3	37285.53	1259	ba60ca1bc82caf96	11.97
lit-1ch-3b	t-1m	C	3	37901.47	1259	ba60ca1bc82caf96	11.97
lit-1ch-3b	t-1m	M	3	308968.11	1259	ba60ca1bc82caf96	11.97
lit-1ch-3b	t-1m	P	3	61605.58	1259	ba60ca1bc82caf96	11.97
lit-1ch-3b	t-1m	S	3	43209.84	1259	ba60ca1bc82caf96	11.97
lit-1ch-3b	t-1m	A	4	37852.42	1259	ba60ca1bc82caf96	11.97
lit-1ch-3b	t-1m	B	4	39084.16	1259	ba60ca1bc82caf96	11.97
lit-1ch-3b	t-1m	C	4	40510.58	1259	ba60ca1bc82caf96	11.97
lit-1ch-3b	t-1m	M	4	258161.84	1259	ba60ca1bc82caf96	11.97
lit-1ch-3b	t-1m	P	4	51816.63	1259	ba60ca1bc82caf96	11.97
lit-1ch-3b	t-1m	S	4	56547.63	1259	ba60ca1bc82caf96	11.97
lit-1ch-3b	t-1m	A	5	36291.53	1259	ba60ca1bc82caf96	11.97
lit-1ch-3b	t-1m	B	5	39623.63	1259	ba60ca1bc82caf96	11.97
lit-1ch-3b	t-1m	C	5	40529.05	1259	ba60ca1bc82caf96	11.97
lit-1ch-3b	t-1m	M	5	261710.11	1259	ba60ca1bc82caf96	11.97
lit-1ch-3b	t-1m	P	5	55413.89	1259	ba60ca1bc82caf96	11.97
lit-1ch-3b	t-1m	S	5	44136.89	1259	ba60ca1bc82caf96	11.97
lit-1ch-3b	t-1m	A	6	36056.37	1259	ba60ca1bc82caf96	11.97
lit-1ch-3b	t-1m	B	6	36991.79	1259	ba60ca1bc82caf96	11.97
lit-1ch-3b	t-1m	C	6	38210.47	1259	ba60ca1bc82caf96	11.97
lit-1ch-3b	t-1m	M	6	261217.58	1259	ba60ca1bc82caf96	11.97
lit-1ch-3b	t-1m	P	6	51182.79	1259	ba60ca1bc82caf96	11.97
lit-1ch-3b	t-1m	S	6	42248.05	1259	ba60ca1bc82caf96	11.97
lit-1ch-3b	t-1m	A	7	36238.32	1259	ba60ca1bc82caf96	11.97
lit-1ch-3b	t-1m	B	7	37250.21	1259	ba60ca1bc82caf96	11.97
lit-1ch-3b	t-1m	C	7	38126.58	1259	ba60ca1bc82caf96	11.97
lit-1ch-3b	t-1m	M	7	261734.89	1259	ba60ca1bc82caf96	11.97
lit-1ch-3b	t-1m	P	7	50967.63	1259	ba60ca1bc82caf96	11.97
lit-1ch-3b	t-1m	S	7	42202.16	1259	ba60ca1bc82caf96	11.97
lit-1ch-3b	t-1m	A	8	36338.47	1259	ba60ca1bc82caf96	11.97
lit-1ch-3b	t-1m	B	8	38532.11	1259	ba60ca1bc82caf96	11.97
lit-1ch-3b	t-1m	C	8	38708.74	1259	ba60ca1bc82caf96	11.97
lit-1ch-3b	t-1m	M	8	279433.00	1259	ba60ca1bc82caf96	11.97
lit-1ch-3b	t-1m	P	8	56027.68	1259	ba60ca1bc82caf96	11.97
lit-1ch-3b	t-1m	S	8	43241.53	1259	ba60ca1bc82caf96	11.97
lit-1ch-3b	t-1m	A	9	37276.05	1259	ba60ca1bc82caf96	11.97
lit-1ch-3b	t-1m	B	9	40016.47	1259	ba60ca1bc82caf96	11.97
lit-1ch-3b	t-1m	C	9	48892.68	1259	ba60ca1bc82caf96	11.97
lit-1ch-3b	t-1m	M	9	260176.21	1259	ba60ca1bc82caf96	11.97
lit-1ch-3b	t-1m	P	9	51825.05	1259	ba60ca1bc82caf96	11.97
lit-1ch-3b	t-1m	S	9	42417.32	1259	ba60ca1bc82caf96	11.97
lit-1ch-3b	t-1m	A	10	36039.47	1259	ba60ca1bc82caf96	11.97
lit-1ch-3b	t-1m	B	10	36842.63	1259	ba60ca1bc82caf96	11.97
lit-1ch-3b	t-1m	C	10	55170.79	1259	ba60ca1bc82caf96	11.97
lit-1ch-3b	t-1m	M	10	262896.53	1259	ba60ca1bc82caf96	11.97
lit-1ch-3b	t-1m	P	10	55297.89	1259	ba60ca1bc82caf96	11.97
lit-1ch-3b	t-1m	S	10	42548.11	1259	ba60ca1bc82caf96	11.97
lit-1ch-3b	t-1m	A	11	37497.53	1259	ba60ca1bc82caf96	11.97
lit-1ch-3b	t-1m	B	11	36858.42	1259	ba60ca1bc82caf96	11.97
lit-1ch-3b	t-1m	C	11	38514.16	1259	ba60ca1bc82caf96	11.97
lit-1ch-3b	t-1m	M	11	259352.47	1259	ba60ca1bc82caf96	11.97
lit-1ch-3b	t-1m	P	11	56813.42	1259	ba60ca1bc82caf96	11.97
lit-1ch-3b	t-1m	S	11	42664.63	1259	ba60ca1bc82caf96	11.97
lit-1ch-3b	t-1m	A	12	36396.47	1259	ba60ca1bc82caf96	11.97
lit-1ch-3b	t-1m	B	12	38057.53	1259	ba60ca1bc82caf96	11.97
lit-1ch-3b	t-1m	C	12	46019.89	1259	ba60ca1bc82caf96	11.97
lit-1ch-3b	t-1m	M	12	261766.58	1259	ba60ca1bc82caf96	11.97
lit-1ch-3b	t-1m	P	12	51072.00	1259	ba60ca1bc82caf96	11.97
lit-1ch-3b	t-1m	S	12	44717.47	1259	ba60ca1bc82caf96	11.97
lit-1ch-3b	t-1m	A	13	36029.47	1259	ba60ca1bc82caf96	11.97
lit-1ch-3b	t-1m	B	13	36966.53	1259	ba60ca1bc82caf96	11.97
lit-1ch-3b	t-1m	C	13	37863.47	1259	ba60ca1bc82caf96	11.97
lit-1ch-3b	t-1m	M	13	313378.53	1259	ba60ca1bc82caf96	11.97
lit-1ch-3b	t-1m	P	13	65800.37	1259	ba60ca1bc82caf96	11.97
lit-1ch-3b	t-1m	S	13	44160.05	1259	ba60ca1bc82caf96	11.97
lit-1ch-3b	t-1m	A	14	38013.21	1259	ba60ca1bc82caf96	11.97
lit-1ch-3b	t-1m	B	14	38746.74	1259	ba60ca1bc82caf96	11.97
lit-1ch-3b	t-1m	C	14	40563.26	1259	ba60ca1bc82caf96	11.97
lit-1ch-3b	t-1m	M	14	260540.58	1259	ba60ca1bc82caf96	11.97
lit-1ch-3b	t-1m	P	14	51921.00	1259	ba60ca1bc82caf96	11.97
lit-1ch-3b	t-1m	S	14	42809.11	1259	ba60ca1bc82caf96	11.97
lit-1ch-3b	t-64k-lat	A	0	406.54	0	14650fb0739d0383	11.97
lit-1ch-3b	t-64k-lat	B	0	391.10	0	14650fb0739d0383	11.97
lit-1ch-3b	t-64k-lat	C	0	393.10	0	14650fb0739d0383	11.97
lit-1ch-3b	t-64k-lat	M	0	14365.76	0	14650fb0739d0383	11.97
lit-1ch-3b	t-64k-lat	P	0	395.14	0	14650fb0739d0383	11.97
lit-1ch-3b	t-64k-lat	S	0	2266.40	0	14650fb0739d0383	11.97
lit-1ch-3b	t-64k-lat	A	1	394.71	0	14650fb0739d0383	11.97
lit-1ch-3b	t-64k-lat	B	1	394.71	0	14650fb0739d0383	11.97
lit-1ch-3b	t-64k-lat	C	1	394.74	0	14650fb0739d0383	11.97
lit-1ch-3b	t-64k-lat	M	1	14380.32	0	14650fb0739d0383	11.97
lit-1ch-3b	t-64k-lat	P	1	394.78	0	14650fb0739d0383	11.97
lit-1ch-3b	t-64k-lat	S	1	2261.87	0	14650fb0739d0383	11.97
lit-1ch-3b	t-64k-lat	A	2	394.65	0	14650fb0739d0383	11.97
lit-1ch-3b	t-64k-lat	B	2	394.71	0	14650fb0739d0383	11.97
lit-1ch-3b	t-64k-lat	C	2	394.71	0	14650fb0739d0383	11.97
lit-1ch-3b	t-64k-lat	M	2	14597.35	0	14650fb0739d0383	11.97
lit-1ch-3b	t-64k-lat	P	2	396.88	0	14650fb0739d0383	11.97
lit-1ch-3b	t-64k-lat	S	2	2260.52	0	14650fb0739d0383	11.97
lit-1ch-3b	t-64k-lat	A	3	394.71	0	14650fb0739d0383	11.97
lit-1ch-3b	t-64k-lat	B	3	394.71	0	14650fb0739d0383	11.97
lit-1ch-3b	t-64k-lat	C	3	401.35	0	14650fb0739d0383	11.97
lit-1ch-3b	t-64k-lat	M	3	14368.72	0	14650fb0739d0383	11.97
lit-1ch-3b	t-64k-lat	P	3	394.65	0	14650fb0739d0383	11.97
lit-1ch-3b	t-64k-lat	S	3	2266.24	0	14650fb0739d0383	11.97
lit-1ch-3b	t-64k-lat	A	4	394.65	0	14650fb0739d0383	11.97
lit-1ch-3b	t-64k-lat	B	4	394.65	0	14650fb0739d0383	11.97
lit-1ch-3b	t-64k-lat	C	4	394.68	0	14650fb0739d0383	11.97
lit-1ch-3b	t-64k-lat	M	4	14378.87	0	14650fb0739d0383	11.97
lit-1ch-3b	t-64k-lat	P	4	402.53	0	14650fb0739d0383	11.97
lit-1ch-3b	t-64k-lat	S	4	2256.61	0	14650fb0739d0383	11.97
lit-1ch-3b	t-64k-lat	A	5	394.65	0	14650fb0739d0383	11.97
lit-1ch-3b	t-64k-lat	B	5	402.46	0	14650fb0739d0383	11.97
lit-1ch-3b	t-64k-lat	C	5	394.65	0	14650fb0739d0383	11.97
lit-1ch-3b	t-64k-lat	M	5	15112.91	0	14650fb0739d0383	11.97
lit-1ch-3b	t-64k-lat	P	5	394.81	0	14650fb0739d0383	11.97
lit-1ch-3b	t-64k-lat	S	5	2264.76	0	14650fb0739d0383	11.97
lit-1ch-3b	t-64k-lat	A	6	394.68	0	14650fb0739d0383	11.97
lit-1ch-3b	t-64k-lat	B	6	394.74	0	14650fb0739d0383	11.97
lit-1ch-3b	t-64k-lat	C	6	394.78	0	14650fb0739d0383	11.97
lit-1ch-3b	t-64k-lat	M	6	14340.37	0	14650fb0739d0383	11.97
lit-1ch-3b	t-64k-lat	P	6	394.71	0	14650fb0739d0383	11.97
lit-1ch-3b	t-64k-lat	S	6	2263.28	0	14650fb0739d0383	11.97
lit-1ch-3b	t-64k-lat	A	7	394.68	0	14650fb0739d0383	11.97
lit-1ch-3b	t-64k-lat	B	7	394.78	0	14650fb0739d0383	11.97
lit-1ch-3b	t-64k-lat	C	7	394.71	0	14650fb0739d0383	11.97
lit-1ch-3b	t-64k-lat	M	7	14358.41	0	14650fb0739d0383	11.97
lit-1ch-3b	t-64k-lat	P	7	396.88	0	14650fb0739d0383	11.97
lit-1ch-3b	t-64k-lat	S	7	2590.33	0	14650fb0739d0383	11.97
lit-1ch-3b	t-64k-lat	A	8	394.61	0	14650fb0739d0383	11.97
lit-1ch-3b	t-64k-lat	B	8	403.55	0	14650fb0739d0383	11.97
lit-1ch-3b	t-64k-lat	C	8	394.78	0	14650fb0739d0383	11.97
lit-1ch-3b	t-64k-lat	M	8	17644.83	0	14650fb0739d0383	11.97
lit-1ch-3b	t-64k-lat	P	8	395.01	0	14650fb0739d0383	11.97
lit-1ch-3b	t-64k-lat	S	8	2260.36	0	14650fb0739d0383	11.97
lit-1ch-3b	t-64k-lat	A	9	394.74	0	14650fb0739d0383	11.97
lit-1ch-3b	t-64k-lat	B	9	394.78	0	14650fb0739d0383	11.97
lit-1ch-3b	t-64k-lat	C	9	394.64	0	14650fb0739d0383	11.97
lit-1ch-3b	t-64k-lat	M	9	14348.26	0	14650fb0739d0383	11.97
lit-1ch-3b	t-64k-lat	P	9	394.78	0	14650fb0739d0383	11.97
lit-1ch-3b	t-64k-lat	S	9	2473.25	0	14650fb0739d0383	11.97
lit-1ch-3b	t-64k-lat	A	10	403.81	0	14650fb0739d0383	11.97
lit-1ch-3b	t-64k-lat	B	10	394.68	0	14650fb0739d0383	11.97
lit-1ch-3b	t-64k-lat	C	10	394.74	0	14650fb0739d0383	11.97
lit-1ch-3b	t-64k-lat	M	10	14382.35	0	14650fb0739d0383	11.97
lit-1ch-3b	t-64k-lat	P	10	394.74	0	14650fb0739d0383	11.97
lit-1ch-3b	t-64k-lat	S	10	2281.74	0	14650fb0739d0383	11.97
lit-1ch-3b	t-64k-lat	A	11	394.61	0	14650fb0739d0383	11.97
lit-1ch-3b	t-64k-lat	B	11	394.65	0	14650fb0739d0383	11.97
lit-1ch-3b	t-64k-lat	C	11	394.68	0	14650fb0739d0383	11.97
lit-1ch-3b	t-64k-lat	M	11	14395.49	0	14650fb0739d0383	11.97
lit-1ch-3b	t-64k-lat	P	11	394.71	0	14650fb0739d0383	11.97
lit-1ch-3b	t-64k-lat	S	11	2262.07	0	14650fb0739d0383	11.97
lit-1ch-3b	t-64k-lat	A	12	394.68	0	14650fb0739d0383	11.97
lit-1ch-3b	t-64k-lat	B	12	394.68	0	14650fb0739d0383	11.97
lit-1ch-3b	t-64k-lat	C	12	394.61	0	14650fb0739d0383	11.97
lit-1ch-3b	t-64k-lat	M	12	14401.77	0	14650fb0739d0383	11.97
lit-1ch-3b	t-64k-lat	P	12	394.71	0	14650fb0739d0383	11.97
lit-1ch-3b	t-64k-lat	S	12	2598.34	0	14650fb0739d0383	11.97
lit-1ch-3b	t-64k-lat	A	13	394.68	0	14650fb0739d0383	11.97
lit-1ch-3b	t-64k-lat	B	13	403.29	0	14650fb0739d0383	11.97
lit-1ch-3b	t-64k-lat	C	13	394.74	0	14650fb0739d0383	11.97
lit-1ch-3b	t-64k-lat	M	13	14377.63	0	14650fb0739d0383	11.97
lit-1ch-3b	t-64k-lat	P	13	394.71	0	14650fb0739d0383	11.97
lit-1ch-3b	t-64k-lat	S	13	2598.70	0	14650fb0739d0383	11.97
lit-1ch-3b	t-64k-lat	A	14	394.71	0	14650fb0739d0383	11.97
lit-1ch-3b	t-64k-lat	B	14	394.68	0	14650fb0739d0383	11.97
lit-1ch-3b	t-64k-lat	C	14	394.78	0	14650fb0739d0383	11.97
lit-1ch-3b	t-64k-lat	M	14	14945.54	0	14650fb0739d0383	11.97
lit-1ch-3b	t-64k-lat	P	14	394.74	0	14650fb0739d0383	11.97
lit-1ch-3b	t-64k-lat	S	14	2259.18	0	14650fb0739d0383	11.97
lit-1ch-3b	t-64k-cyr	A	0	393.53	0	14650fb0739d0383	11.97
lit-1ch-3b	t-64k-cyr	B	0	393.00	0	14650fb0739d0383	11.97
lit-1ch-3b	t-64k-cyr	C	0	392.84	0	14650fb0739d0383	11.97
lit-1ch-3b	t-64k-cyr	M	0	15254.23	0	14650fb0739d0383	11.97
lit-1ch-3b	t-64k-cyr	P	0	395.53	0	14650fb0739d0383	11.97
lit-1ch-3b	t-64k-cyr	S	0	2262.72	0	14650fb0739d0383	11.97
lit-1ch-3b	t-64k-cyr	A	1	402.86	0	14650fb0739d0383	11.97
lit-1ch-3b	t-64k-cyr	B	1	392.90	0	14650fb0739d0383	11.97
lit-1ch-3b	t-64k-cyr	C	1	392.97	0	14650fb0739d0383	11.97
lit-1ch-3b	t-64k-cyr	M	1	13399.45	0	14650fb0739d0383	11.97
lit-1ch-3b	t-64k-cyr	P	1	396.52	0	14650fb0739d0383	11.97
lit-1ch-3b	t-64k-cyr	S	1	2269.36	0	14650fb0739d0383	11.97
lit-1ch-3b	t-64k-cyr	A	2	394.74	0	14650fb0739d0383	11.97
lit-1ch-3b	t-64k-cyr	B	2	394.74	0	14650fb0739d0383	11.97
lit-1ch-3b	t-64k-cyr	C	2	394.81	0	14650fb0739d0383	11.97
lit-1ch-3b	t-64k-cyr	M	2	13329.98	0	14650fb0739d0383	11.97
lit-1ch-3b	t-64k-cyr	P	2	394.74	0	14650fb0739d0383	11.97
lit-1ch-3b	t-64k-cyr	S	2	2265.48	0	14650fb0739d0383	11.97
lit-1ch-3b	t-64k-cyr	A	3	394.68	0	14650fb0739d0383	11.97
lit-1ch-3b	t-64k-cyr	B	3	394.74	0	14650fb0739d0383	11.97
lit-1ch-3b	t-64k-cyr	C	3	394.91	0	14650fb0739d0383	11.97
lit-1ch-3b	t-64k-cyr	M	3	13929.80	0	14650fb0739d0383	11.97
lit-1ch-3b	t-64k-cyr	P	3	395.04	0	14650fb0739d0383	11.97
lit-1ch-3b	t-64k-cyr	S	3	2259.11	0	14650fb0739d0383	11.97
lit-1ch-3b	t-64k-cyr	A	4	403.91	0	14650fb0739d0383	11.97
lit-1ch-3b	t-64k-cyr	B	4	394.74	0	14650fb0739d0383	11.97
lit-1ch-3b	t-64k-cyr	C	4	394.78	0	14650fb0739d0383	11.97
lit-1ch-3b	t-64k-cyr	M	4	13299.85	0	14650fb0739d0383	11.97
lit-1ch-3b	t-64k-cyr	P	4	396.71	0	14650fb0739d0383	11.97
lit-1ch-3b	t-64k-cyr	S	4	2282.53	0	14650fb0739d0383	11.97
lit-1ch-3b	t-64k-cyr	A	5	394.55	0	14650fb0739d0383	11.97
lit-1ch-3b	t-64k-cyr	B	5	394.68	0	14650fb0739d0383	11.97
lit-1ch-3b	t-64k-cyr	C	5	394.84	0	14650fb0739d0383	11.97
lit-1ch-3b	t-64k-cyr	M	5	13266.97	0	14650fb0739d0383	11.97
lit-1ch-3b	t-64k-cyr	P	5	394.65	0	14650fb0739d0383	11.97
lit-1ch-3b	t-64k-cyr	S	5	2262.23	0	14650fb0739d0383	11.97
lit-1ch-3b	t-64k-cyr	A	6	394.71	0	14650fb0739d0383	11.97
lit-1ch-3b	t-64k-cyr	B	6	394.71	0	14650fb0739d0383	11.97
lit-1ch-3b	t-64k-cyr	C	6	394.81	0	14650fb0739d0383	11.97
lit-1ch-3b	t-64k-cyr	M	6	13322.26	0	14650fb0739d0383	11.97
lit-1ch-3b	t-64k-cyr	P	6	394.74	0	14650fb0739d0383	11.97
lit-1ch-3b	t-64k-cyr	S	6	2269.89	0	14650fb0739d0383	11.97
lit-1ch-3b	t-64k-cyr	A	7	394.65	0	14650fb0739d0383	11.97
lit-1ch-3b	t-64k-cyr	B	7	394.61	0	14650fb0739d0383	11.97
lit-1ch-3b	t-64k-cyr	C	7	394.78	0	14650fb0739d0383	11.97
lit-1ch-3b	t-64k-cyr	M	7	13320.22	0	14650fb0739d0383	11.97
lit-1ch-3b	t-64k-cyr	P	7	394.81	0	14650fb0739d0383	11.97
lit-1ch-3b	t-64k-cyr	S	7	2255.92	0	14650fb0739d0383	11.97
lit-1ch-3b	t-64k-cyr	A	8	394.71	0	14650fb0739d0383	11.97
lit-1ch-3b	t-64k-cyr	B	8	402.59	0	14650fb0739d0383	11.97
lit-1ch-3b	t-64k-cyr	C	8	394.71	0	14650fb0739d0383	11.97
lit-1ch-3b	t-64k-cyr	M	8	13363.22	0	14650fb0739d0383	11.97
lit-1ch-3b	t-64k-cyr	P	8	394.74	0	14650fb0739d0383	11.97
lit-1ch-3b	t-64k-cyr	S	8	2265.42	0	14650fb0739d0383	11.97
lit-1ch-3b	t-64k-cyr	A	9	394.68	0	14650fb0739d0383	11.97
lit-1ch-3b	t-64k-cyr	B	9	394.81	0	14650fb0739d0383	11.97
lit-1ch-3b	t-64k-cyr	C	9	394.81	0	14650fb0739d0383	11.97
lit-1ch-3b	t-64k-cyr	M	9	13312.67	0	14650fb0739d0383	11.97
lit-1ch-3b	t-64k-cyr	P	9	394.71	0	14650fb0739d0383	11.97
lit-1ch-3b	t-64k-cyr	S	9	2270.70	0	14650fb0739d0383	11.97
lit-1ch-3b	t-64k-cyr	A	10	394.68	0	14650fb0739d0383	11.97
lit-1ch-3b	t-64k-cyr	B	10	394.65	0	14650fb0739d0383	11.97
lit-1ch-3b	t-64k-cyr	C	10	394.74	0	14650fb0739d0383	11.97
lit-1ch-3b	t-64k-cyr	M	10	13306.79	0	14650fb0739d0383	11.97
lit-1ch-3b	t-64k-cyr	P	10	396.71	0	14650fb0739d0383	11.97
lit-1ch-3b	t-64k-cyr	S	10	2282.20	0	14650fb0739d0383	11.97
lit-1ch-3b	t-64k-cyr	A	11	394.74	0	14650fb0739d0383	11.97
lit-1ch-3b	t-64k-cyr	B	11	394.74	0	14650fb0739d0383	11.97
lit-1ch-3b	t-64k-cyr	C	11	394.74	0	14650fb0739d0383	11.97
lit-1ch-3b	t-64k-cyr	M	11	13318.97	0	14650fb0739d0383	11.97
lit-1ch-3b	t-64k-cyr	P	11	403.38	0	14650fb0739d0383	11.97
lit-1ch-3b	t-64k-cyr	S	11	2260.78	0	14650fb0739d0383	11.97
lit-1ch-3b	t-64k-cyr	A	12	396.49	0	14650fb0739d0383	11.97
lit-1ch-3b	t-64k-cyr	B	12	404.60	0	14650fb0739d0383	11.97
lit-1ch-3b	t-64k-cyr	C	12	396.62	0	14650fb0739d0383	11.97
lit-1ch-3b	t-64k-cyr	M	12	15382.40	0	14650fb0739d0383	11.97
lit-1ch-3b	t-64k-cyr	P	12	396.75	0	14650fb0739d0383	11.97
lit-1ch-3b	t-64k-cyr	S	12	2285.62	0	14650fb0739d0383	11.97
lit-1ch-3b	t-64k-cyr	A	13	394.81	0	14650fb0739d0383	11.97
lit-1ch-3b	t-64k-cyr	B	13	394.78	0	14650fb0739d0383	11.97
lit-1ch-3b	t-64k-cyr	C	13	408.21	0	14650fb0739d0383	11.97
lit-1ch-3b	t-64k-cyr	M	13	13260.53	0	14650fb0739d0383	11.97
lit-1ch-3b	t-64k-cyr	P	13	394.74	0	14650fb0739d0383	11.97
lit-1ch-3b	t-64k-cyr	S	13	2255.30	0	14650fb0739d0383	11.97
lit-1ch-3b	t-64k-cyr	A	14	404.14	0	14650fb0739d0383	11.97
lit-1ch-3b	t-64k-cyr	B	14	394.78	0	14650fb0739d0383	11.97
lit-1ch-3b	t-64k-cyr	C	14	394.84	0	14650fb0739d0383	11.97
lit-1ch-3b	t-64k-cyr	M	14	13360.95	0	14650fb0739d0383	11.97
lit-1ch-3b	t-64k-cyr	P	14	394.71	0	14650fb0739d0383	11.97
lit-1ch-3b	t-64k-cyr	S	14	2260.82	0	14650fb0739d0383	11.97
lit-1ch-3b	t-64k-cjk	A	0	7995.83	371	da5ac9f598667046	11.97
lit-1ch-3b	t-64k-cjk	B	0	8268.04	371	da5ac9f598667046	11.97
lit-1ch-3b	t-64k-cjk	C	0	8498.84	371	da5ac9f598667046	11.97
lit-1ch-3b	t-64k-cjk	M	0	17922.76	371	da5ac9f598667046	11.97
lit-1ch-3b	t-64k-cjk	P	0	9887.32	371	da5ac9f598667046	11.97
lit-1ch-3b	t-64k-cjk	S	0	3268.19	371	da5ac9f598667046	11.97
lit-1ch-3b	t-64k-cjk	A	1	7987.31	371	da5ac9f598667046	11.97
lit-1ch-3b	t-64k-cjk	B	1	8301.06	371	da5ac9f598667046	11.97
lit-1ch-3b	t-64k-cjk	C	1	8489.38	371	da5ac9f598667046	11.97
lit-1ch-3b	t-64k-cjk	M	1	17668.12	371	da5ac9f598667046	11.97
lit-1ch-3b	t-64k-cjk	P	1	11343.68	371	da5ac9f598667046	11.97
lit-1ch-3b	t-64k-cjk	S	1	3269.70	371	da5ac9f598667046	11.97
lit-1ch-3b	t-64k-cjk	A	2	8009.98	371	da5ac9f598667046	11.97
lit-1ch-3b	t-64k-cjk	B	2	8261.57	371	da5ac9f598667046	11.97
lit-1ch-3b	t-64k-cjk	C	2	8511.45	371	da5ac9f598667046	11.97
lit-1ch-3b	t-64k-cjk	M	2	17725.41	371	da5ac9f598667046	11.97
lit-1ch-3b	t-64k-cjk	P	2	9713.32	371	da5ac9f598667046	11.97
lit-1ch-3b	t-64k-cjk	S	2	3252.98	371	da5ac9f598667046	11.97
lit-1ch-3b	t-64k-cjk	A	3	7983.34	371	da5ac9f598667046	11.97
lit-1ch-3b	t-64k-cjk	B	3	8232.30	371	da5ac9f598667046	11.97
lit-1ch-3b	t-64k-cjk	C	3	8461.39	371	da5ac9f598667046	11.97
lit-1ch-3b	t-64k-cjk	M	3	17624.43	371	da5ac9f598667046	11.97
lit-1ch-3b	t-64k-cjk	P	3	9754.65	371	da5ac9f598667046	11.97
lit-1ch-3b	t-64k-cjk	S	3	3247.40	371	da5ac9f598667046	11.97
lit-1ch-3b	t-64k-cjk	A	4	7967.87	371	da5ac9f598667046	11.97
lit-1ch-3b	t-64k-cjk	B	4	8250.67	371	da5ac9f598667046	11.97
lit-1ch-3b	t-64k-cjk	C	4	8440.53	371	da5ac9f598667046	11.97
lit-1ch-3b	t-64k-cjk	M	4	17677.35	371	da5ac9f598667046	11.97
lit-1ch-3b	t-64k-cjk	P	4	9676.60	371	da5ac9f598667046	11.97
lit-1ch-3b	t-64k-cjk	S	4	3463.71	371	da5ac9f598667046	11.97
lit-1ch-3b	t-64k-cjk	A	5	7957.00	371	da5ac9f598667046	11.97
lit-1ch-3b	t-64k-cjk	B	5	8242.72	371	da5ac9f598667046	11.97
lit-1ch-3b	t-64k-cjk	C	5	8418.79	371	da5ac9f598667046	11.97
lit-1ch-3b	t-64k-cjk	M	5	19843.76	371	da5ac9f598667046	11.97
lit-1ch-3b	t-64k-cjk	P	5	10421.18	371	da5ac9f598667046	11.97
lit-1ch-3b	t-64k-cjk	S	5	3280.05	371	da5ac9f598667046	11.97
lit-1ch-3b	t-64k-cjk	A	6	7991.42	371	da5ac9f598667046	11.97
lit-1ch-3b	t-64k-cjk	B	6	8281.71	371	da5ac9f598667046	11.97
lit-1ch-3b	t-64k-cjk	C	6	8495.78	371	da5ac9f598667046	11.97
lit-1ch-3b	t-64k-cjk	M	6	17672.62	371	da5ac9f598667046	11.97
lit-1ch-3b	t-64k-cjk	P	6	9798.07	371	da5ac9f598667046	11.97
lit-1ch-3b	t-64k-cjk	S	6	3257.55	371	da5ac9f598667046	11.97
lit-1ch-3b	t-64k-cjk	A	7	7981.44	371	da5ac9f598667046	11.97
lit-1ch-3b	t-64k-cjk	B	7	8214.99	371	da5ac9f598667046	11.97
lit-1ch-3b	t-64k-cjk	C	7	10171.37	371	da5ac9f598667046	11.97
lit-1ch-3b	t-64k-cjk	M	7	17656.99	371	da5ac9f598667046	11.97
lit-1ch-3b	t-64k-cjk	P	7	9744.07	371	da5ac9f598667046	11.97
lit-1ch-3b	t-64k-cjk	S	7	3266.85	371	da5ac9f598667046	11.97
lit-1ch-3b	t-64k-cjk	A	8	7980.29	371	da5ac9f598667046	11.97
lit-1ch-3b	t-64k-cjk	B	8	10695.11	371	da5ac9f598667046	11.97
lit-1ch-3b	t-64k-cjk	C	8	8472.92	371	da5ac9f598667046	11.97
lit-1ch-3b	t-64k-cjk	M	8	17712.44	371	da5ac9f598667046	11.97
lit-1ch-3b	t-64k-cjk	P	8	9780.76	371	da5ac9f598667046	11.97
lit-1ch-3b	t-64k-cjk	S	8	3272.76	371	da5ac9f598667046	11.97
lit-1ch-3b	t-64k-cjk	A	9	7991.55	371	da5ac9f598667046	11.97
lit-1ch-3b	t-64k-cjk	B	9	8251.75	371	da5ac9f598667046	11.97
lit-1ch-3b	t-64k-cjk	C	9	8436.89	371	da5ac9f598667046	11.97
lit-1ch-3b	t-64k-cjk	M	9	17658.40	371	da5ac9f598667046	11.97
lit-1ch-3b	t-64k-cjk	P	9	9684.32	371	da5ac9f598667046	11.97
lit-1ch-3b	t-64k-cjk	S	9	3252.95	371	da5ac9f598667046	11.97
lit-1ch-3b	t-64k-cjk	A	10	7956.05	371	da5ac9f598667046	11.97
lit-1ch-3b	t-64k-cjk	B	10	10864.35	371	da5ac9f598667046	11.97
lit-1ch-3b	t-64k-cjk	C	10	8473.97	371	da5ac9f598667046	11.97
lit-1ch-3b	t-64k-cjk	M	10	17701.00	371	da5ac9f598667046	11.97
lit-1ch-3b	t-64k-cjk	P	10	9776.23	371	da5ac9f598667046	11.97
lit-1ch-3b	t-64k-cjk	S	10	3270.52	371	da5ac9f598667046	11.97
lit-1ch-3b	t-64k-cjk	A	11	8091.12	371	da5ac9f598667046	11.97
lit-1ch-3b	t-64k-cjk	B	11	8266.01	371	da5ac9f598667046	11.97
lit-1ch-3b	t-64k-cjk	C	11	8465.10	371	da5ac9f598667046	11.97
lit-1ch-3b	t-64k-cjk	M	11	17638.56	371	da5ac9f598667046	11.97
lit-1ch-3b	t-64k-cjk	P	11	9767.79	371	da5ac9f598667046	11.97
lit-1ch-3b	t-64k-cjk	S	11	5604.20	371	da5ac9f598667046	11.97
lit-1ch-3b	t-64k-cjk	A	12	8000.85	371	da5ac9f598667046	11.97
lit-1ch-3b	t-64k-cjk	B	12	8216.57	371	da5ac9f598667046	11.97
lit-1ch-3b	t-64k-cjk	C	12	8511.32	371	da5ac9f598667046	11.97
lit-1ch-3b	t-64k-cjk	M	12	17721.14	371	da5ac9f598667046	11.97
lit-1ch-3b	t-64k-cjk	P	12	10590.71	371	da5ac9f598667046	11.97
lit-1ch-3b	t-64k-cjk	S	12	3261.23	371	da5ac9f598667046	11.97
lit-1ch-3b	t-64k-cjk	A	13	7943.30	371	da5ac9f598667046	11.97
lit-1ch-3b	t-64k-cjk	B	13	8277.24	371	da5ac9f598667046	11.97
lit-1ch-3b	t-64k-cjk	C	13	8453.18	371	da5ac9f598667046	11.97
lit-1ch-3b	t-64k-cjk	M	13	17629.39	371	da5ac9f598667046	11.97
lit-1ch-3b	t-64k-cjk	P	13	9677.26	371	da5ac9f598667046	11.97
lit-1ch-3b	t-64k-cjk	S	13	3245.92	371	da5ac9f598667046	11.97
lit-1ch-3b	t-64k-cjk	A	14	7920.34	371	da5ac9f598667046	11.97
lit-1ch-3b	t-64k-cjk	B	14	8216.73	371	da5ac9f598667046	11.97
lit-1ch-3b	t-64k-cjk	C	14	8418.06	371	da5ac9f598667046	11.97
lit-1ch-3b	t-64k-cjk	M	14	17640.17	371	da5ac9f598667046	11.97
lit-1ch-3b	t-64k-cjk	P	14	10794.54	371	da5ac9f598667046	11.97
lit-1ch-3b	t-64k-cjk	S	14	3265.04	371	da5ac9f598667046	11.97
lit-1ch-3b	t-64k-asc	A	0	391.79	0	14650fb0739d0383	11.97
lit-1ch-3b	t-64k-asc	B	0	391.03	0	14650fb0739d0383	11.97
lit-1ch-3b	t-64k-asc	C	0	390.97	0	14650fb0739d0383	11.97
lit-1ch-3b	t-64k-asc	M	0	14603.16	0	14650fb0739d0383	11.97
lit-1ch-3b	t-64k-asc	P	0	406.60	0	14650fb0739d0383	11.97
lit-1ch-3b	t-64k-asc	S	0	2353.09	0	14650fb0739d0383	11.97
lit-1ch-3b	t-64k-asc	A	1	392.87	0	14650fb0739d0383	11.97
lit-1ch-3b	t-64k-asc	B	1	401.22	0	14650fb0739d0383	11.97
lit-1ch-3b	t-64k-asc	C	1	392.93	0	14650fb0739d0383	11.97
lit-1ch-3b	t-64k-asc	M	1	14070.52	0	14650fb0739d0383	11.97
lit-1ch-3b	t-64k-asc	P	1	394.78	0	14650fb0739d0383	11.97
lit-1ch-3b	t-64k-asc	S	1	2256.58	0	14650fb0739d0383	11.97
lit-1ch-3b	t-64k-asc	A	2	394.65	0	14650fb0739d0383	11.97
lit-1ch-3b	t-64k-asc	B	2	394.58	0	14650fb0739d0383	11.97
lit-1ch-3b	t-64k-asc	C	2	394.58	0	14650fb0739d0383	11.97
lit-1ch-3b	t-64k-asc	M	2	14226.81	0	14650fb0739d0383	11.97
lit-1ch-3b	t-64k-asc	P	2	404.53	0	14650fb0739d0383	11.97
lit-1ch-3b	t-64k-asc	S	2	2249.03	0	14650fb0739d0383	11.97
lit-1ch-3b	t-64k-asc	A	3	394.58	0	14650fb0739d0383	11.97
lit-1ch-3b	t-64k-asc	B	3	394.54	0	14650fb0739d0383	11.97
lit-1ch-3b	t-64k-asc	C	3	403.15	0	14650fb0739d0383	11.97
lit-1ch-3b	t-64k-asc	M	3	14109.38	0	14650fb0739d0383	11.97
lit-1ch-3b	t-64k-asc	P	3	900.09	0	14650fb0739d0383	11.97
lit-1ch-3b	t-64k-asc	S	3	2255.76	0	14650fb0739d0383	11.97
lit-1ch-3b	t-64k-asc	A	4	394.61	0	14650fb0739d0383	11.97
lit-1ch-3b	t-64k-asc	B	4	394.65	0	14650fb0739d0383	11.97
lit-1ch-3b	t-64k-asc	C	4	394.74	0	14650fb0739d0383	11.97
lit-1ch-3b	t-64k-asc	M	4	14102.71	0	14650fb0739d0383	11.97
lit-1ch-3b	t-64k-asc	P	4	394.81	0	14650fb0739d0383	11.97
lit-1ch-3b	t-64k-asc	S	4	2388.93	0	14650fb0739d0383	11.97
lit-1ch-3b	t-64k-asc	A	5	403.35	0	14650fb0739d0383	11.97
lit-1ch-3b	t-64k-asc	B	5	394.51	0	14650fb0739d0383	11.97
lit-1ch-3b	t-64k-asc	C	5	394.65	0	14650fb0739d0383	11.97
lit-1ch-3b	t-64k-asc	M	5	14060.17	0	14650fb0739d0383	11.97
lit-1ch-3b	t-64k-asc	P	5	394.81	0	14650fb0739d0383	11.97
lit-1ch-3b	t-64k-asc	S	5	2256.15	0	14650fb0739d0383	11.97
lit-1ch-3b	t-64k-asc	A	6	394.61	0	14650fb0739d0383	11.97
lit-1ch-3b	t-64k-asc	B	6	394.55	0	14650fb0739d0383	11.97
lit-1ch-3b	t-64k-asc	C	6	394.58	0	14650fb0739d0383	11.97
lit-1ch-3b	t-64k-asc	M	6	14057.15	0	14650fb0739d0383	11.97
lit-1ch-3b	t-64k-asc	P	6	401.48	0	14650fb0739d0383	11.97
lit-1ch-3b	t-64k-asc	S	6	2252.44	0	14650fb0739d0383	11.97
lit-1ch-3b	t-64k-asc	A	7	394.61	0	14650fb0739d0383	11.97
lit-1ch-3b	t-64k-asc	B	7	401.84	0	14650fb0739d0383	11.97
lit-1ch-3b	t-64k-asc	C	7	394.65	0	14650fb0739d0383	11.97
lit-1ch-3b	t-64k-asc	M	7	21044.81	0	14650fb0739d0383	11.97
lit-1ch-3b	t-64k-asc	P	7	395.11	0	14650fb0739d0383	11.97
lit-1ch-3b	t-64k-asc	S	7	2399.21	0	14650fb0739d0383	11.97
lit-1ch-3b	t-64k-asc	A	8	394.58	0	14650fb0739d0383	11.97
lit-1ch-3b	t-64k-asc	B	8	394.61	0	14650fb0739d0383	11.97
lit-1ch-3b	t-64k-asc	C	8	394.68	0	14650fb0739d0383	11.97
lit-1ch-3b	t-64k-asc	M	8	14011.89	0	14650fb0739d0383	11.97
lit-1ch-3b	t-64k-asc	P	8	394.55	0	14650fb0739d0383	11.97
lit-1ch-3b	t-64k-asc	S	8	2253.16	0	14650fb0739d0383	11.97
lit-1ch-3b	t-64k-asc	A	9	424.28	0	14650fb0739d0383	11.97
lit-1ch-3b	t-64k-asc	B	9	394.51	0	14650fb0739d0383	11.97
lit-1ch-3b	t-64k-asc	C	9	394.55	0	14650fb0739d0383	11.97
lit-1ch-3b	t-64k-asc	M	9	13994.18	0	14650fb0739d0383	11.97
lit-1ch-3b	t-64k-asc	P	9	394.71	0	14650fb0739d0383	11.97
lit-1ch-3b	t-64k-asc	S	9	10018.52	0	14650fb0739d0383	11.97
lit-1ch-3b	t-64k-asc	A	10	393.70	0	14650fb0739d0383	11.97
lit-1ch-3b	t-64k-asc	B	10	392.87	0	14650fb0739d0383	11.97
lit-1ch-3b	t-64k-asc	C	10	403.71	0	14650fb0739d0383	11.97
lit-1ch-3b	t-64k-asc	M	10	14102.15	0	14650fb0739d0383	11.97
lit-1ch-3b	t-64k-asc	P	10	394.78	0	14650fb0739d0383	11.97
lit-1ch-3b	t-64k-asc	S	10	2297.41	0	14650fb0739d0383	11.97
lit-1ch-3b	t-64k-asc	A	11	394.61	0	14650fb0739d0383	11.97
lit-1ch-3b	t-64k-asc	B	11	394.58	0	14650fb0739d0383	11.97
lit-1ch-3b	t-64k-asc	C	11	394.61	0	14650fb0739d0383	11.97
lit-1ch-3b	t-64k-asc	M	11	14078.14	0	14650fb0739d0383	11.97
lit-1ch-3b	t-64k-asc	P	11	394.77	0	14650fb0739d0383	11.97
lit-1ch-3b	t-64k-asc	S	11	2258.81	0	14650fb0739d0383	11.97
lit-1ch-3b	t-64k-asc	A	12	394.55	0	14650fb0739d0383	11.97
lit-1ch-3b	t-64k-asc	B	12	394.55	0	14650fb0739d0383	11.97
lit-1ch-3b	t-64k-asc	C	12	403.58	0	14650fb0739d0383	11.97
lit-1ch-3b	t-64k-asc	M	12	14039.48	0	14650fb0739d0383	11.97
lit-1ch-3b	t-64k-asc	P	12	394.74	0	14650fb0739d0383	11.97
lit-1ch-3b	t-64k-asc	S	12	2258.78	0	14650fb0739d0383	11.97
lit-1ch-3b	t-64k-asc	A	13	394.65	0	14650fb0739d0383	11.97
lit-1ch-3b	t-64k-asc	B	13	394.54	0	14650fb0739d0383	11.97
lit-1ch-3b	t-64k-asc	C	13	394.58	0	14650fb0739d0383	11.97
lit-1ch-3b	t-64k-asc	M	13	14018.95	0	14650fb0739d0383	11.97
lit-1ch-3b	t-64k-asc	P	13	394.74	0	14650fb0739d0383	11.97
lit-1ch-3b	t-64k-asc	S	13	2292.15	0	14650fb0739d0383	11.97
lit-1ch-3b	t-64k-asc	A	14	394.58	0	14650fb0739d0383	11.97
lit-1ch-3b	t-64k-asc	B	14	394.61	0	14650fb0739d0383	11.97
lit-1ch-3b	t-64k-asc	C	14	394.71	0	14650fb0739d0383	11.97
lit-1ch-3b	t-64k-asc	M	14	14056.13	0	14650fb0739d0383	11.97
lit-1ch-3b	t-64k-asc	P	14	409.92	0	14650fb0739d0383	11.97
lit-1ch-3b	t-64k-asc	S	14	2270.93	0	14650fb0739d0383	11.97
lit-1ch-4b	t-64k	A	0	2783.15	1	59551c02408ddb35	11.97
lit-1ch-4b	t-64k	B	0	2737.06	1	59551c02408ddb35	11.97
lit-1ch-4b	t-64k	C	0	936.12	1	59551c02408ddb35	11.97
lit-1ch-4b	t-64k	M	0	9779.81	1	59551c02408ddb35	11.97
lit-1ch-4b	t-64k	P	0	3902.47	1	59551c02408ddb35	11.97
lit-1ch-4b	t-64k	S	0	2333.15	1	59551c02408ddb35	11.97
lit-1ch-4b	t-64k	A	1	2766.20	1	59551c02408ddb35	11.97
lit-1ch-4b	t-64k	B	1	2775.59	1	59551c02408ddb35	11.97
lit-1ch-4b	t-64k	C	1	913.36	1	59551c02408ddb35	11.97
lit-1ch-4b	t-64k	M	1	10038.99	1	59551c02408ddb35	11.97
lit-1ch-4b	t-64k	P	1	3886.93	1	59551c02408ddb35	11.97
lit-1ch-4b	t-64k	S	1	2308.58	1	59551c02408ddb35	11.97
lit-1ch-4b	t-64k	A	2	2775.69	1	59551c02408ddb35	11.97
lit-1ch-4b	t-64k	B	2	2746.06	1	59551c02408ddb35	11.97
lit-1ch-4b	t-64k	C	2	921.01	1	59551c02408ddb35	11.97
lit-1ch-4b	t-64k	M	2	9812.13	1	59551c02408ddb35	11.97
lit-1ch-4b	t-64k	P	2	3871.30	1	59551c02408ddb35	11.97
lit-1ch-4b	t-64k	S	2	2424.28	1	59551c02408ddb35	11.97
lit-1ch-4b	t-64k	A	3	2772.44	1	59551c02408ddb35	11.97
lit-1ch-4b	t-64k	B	3	2750.59	1	59551c02408ddb35	11.97
lit-1ch-4b	t-64k	C	3	920.29	1	59551c02408ddb35	11.97
lit-1ch-4b	t-64k	M	3	9818.11	1	59551c02408ddb35	11.97
lit-1ch-4b	t-64k	P	3	3857.96	1	59551c02408ddb35	11.97
lit-1ch-4b	t-64k	S	3	2310.49	1	59551c02408ddb35	11.97
lit-1ch-4b	t-64k	A	4	2765.15	1	59551c02408ddb35	11.97
lit-1ch-4b	t-64k	B	4	2763.18	1	59551c02408ddb35	11.97
lit-1ch-4b	t-64k	C	4	912.97	1	59551c02408ddb35	11.97
lit-1ch-4b	t-64k	M	4	11473.86	1	59551c02408ddb35	11.97
lit-1ch-4b	t-64k	P	4	3947.41	1	59551c02408ddb35	11.97
lit-1ch-4b	t-64k	S	4	2833.60	1	59551c02408ddb35	11.97
lit-1ch-4b	t-64k	A	5	2794.94	1	59551c02408ddb35	11.97
lit-1ch-4b	t-64k	B	5	2756.41	1	59551c02408ddb35	11.97
lit-1ch-4b	t-64k	C	5	918.39	1	59551c02408ddb35	11.97
lit-1ch-4b	t-64k	M	5	9837.00	1	59551c02408ddb35	11.97
lit-1ch-4b	t-64k	P	5	3879.11	1	59551c02408ddb35	11.97
lit-1ch-4b	t-64k	S	5	2309.53	1	59551c02408ddb35	11.97
lit-1ch-4b	t-64k	A	6	2755.78	1	59551c02408ddb35	11.97
lit-1ch-4b	t-64k	B	6	2751.77	1	59551c02408ddb35	11.97
lit-1ch-4b	t-64k	C	6	912.70	1	59551c02408ddb35	11.97
lit-1ch-4b	t-64k	M	6	12509.88	1	59551c02408ddb35	11.97
lit-1ch-4b	t-64k	P	6	3887.98	1	59551c02408ddb35	11.97
lit-1ch-4b	t-64k	S	6	2312.32	1	59551c02408ddb35	11.97
lit-1ch-4b	t-64k	A	7	2814.09	1	59551c02408ddb35	11.97
lit-1ch-4b	t-64k	B	7	2820.20	1	59551c02408ddb35	11.97
lit-1ch-4b	t-64k	C	7	929.06	1	59551c02408ddb35	11.97
lit-1ch-4b	t-64k	M	7	9850.53	1	59551c02408ddb35	11.97
lit-1ch-4b	t-64k	P	7	3885.55	1	59551c02408ddb35	11.97
lit-1ch-4b	t-64k	S	7	2327.11	1	59551c02408ddb35	11.97
lit-1ch-4b	t-64k	A	8	2778.65	1	59551c02408ddb35	11.97
lit-1ch-4b	t-64k	B	8	2751.61	1	59551c02408ddb35	11.97
lit-1ch-4b	t-64k	C	8	913.33	1	59551c02408ddb35	11.97
lit-1ch-4b	t-64k	M	8	11440.84	1	59551c02408ddb35	11.97
lit-1ch-4b	t-64k	P	8	3853.72	1	59551c02408ddb35	11.97
lit-1ch-4b	t-64k	S	8	3460.39	1	59551c02408ddb35	11.97
lit-1ch-4b	t-64k	A	9	2771.75	1	59551c02408ddb35	11.97
lit-1ch-4b	t-64k	B	9	2758.61	1	59551c02408ddb35	11.97
lit-1ch-4b	t-64k	C	9	918.39	1	59551c02408ddb35	11.97
lit-1ch-4b	t-64k	M	9	13864.00	1	59551c02408ddb35	11.97
lit-1ch-4b	t-64k	P	9	3897.84	1	59551c02408ddb35	11.97
lit-1ch-4b	t-64k	S	9	2314.03	1	59551c02408ddb35	11.97
lit-1ch-4b	t-64k	A	10	2785.51	1	59551c02408ddb35	11.97
lit-1ch-4b	t-64k	B	10	2773.49	1	59551c02408ddb35	11.97
lit-1ch-4b	t-64k	C	10	913.75	1	59551c02408ddb35	11.97
lit-1ch-4b	t-64k	M	10	10596.40	1	59551c02408ddb35	11.97
lit-1ch-4b	t-64k	P	10	3886.96	1	59551c02408ddb35	11.97
lit-1ch-4b	t-64k	S	10	2298.89	1	59551c02408ddb35	11.97
lit-1ch-4b	t-64k	A	11	2764.62	1	59551c02408ddb35	11.97
lit-1ch-4b	t-64k	B	11	2768.20	1	59551c02408ddb35	11.97
lit-1ch-4b	t-64k	C	11	913.00	1	59551c02408ddb35	11.97
lit-1ch-4b	t-64k	M	11	9867.06	1	59551c02408ddb35	11.97
lit-1ch-4b	t-64k	P	11	3877.96	1	59551c02408ddb35	11.97
lit-1ch-4b	t-64k	S	11	2330.33	1	59551c02408ddb35	11.97
lit-1ch-4b	t-64k	A	12	2785.74	1	59551c02408ddb35	11.97
lit-1ch-4b	t-64k	B	12	2755.29	1	59551c02408ddb35	11.97
lit-1ch-4b	t-64k	C	12	912.80	1	59551c02408ddb35	11.97
lit-1ch-4b	t-64k	M	12	9871.46	1	59551c02408ddb35	11.97
lit-1ch-4b	t-64k	P	12	3918.37	1	59551c02408ddb35	11.97
lit-1ch-4b	t-64k	S	12	2354.24	1	59551c02408ddb35	11.97
lit-1ch-4b	t-64k	A	13	2762.68	1	59551c02408ddb35	11.97
lit-1ch-4b	t-64k	B	13	2757.63	1	59551c02408ddb35	11.97
lit-1ch-4b	t-64k	C	13	912.51	1	59551c02408ddb35	11.97
lit-1ch-4b	t-64k	M	13	9815.22	1	59551c02408ddb35	11.97
lit-1ch-4b	t-64k	P	13	3873.10	1	59551c02408ddb35	11.97
lit-1ch-4b	t-64k	S	13	2472.27	1	59551c02408ddb35	11.97
lit-1ch-4b	t-64k	A	14	2755.26	1	59551c02408ddb35	11.97
lit-1ch-4b	t-64k	B	14	2760.12	1	59551c02408ddb35	11.97
lit-1ch-4b	t-64k	C	14	911.75	1	59551c02408ddb35	11.97
lit-1ch-4b	t-64k	M	14	9808.91	1	59551c02408ddb35	11.97
lit-1ch-4b	t-64k	P	14	3855.92	1	59551c02408ddb35	11.97
lit-1ch-4b	t-64k	S	14	2318.34	1	59551c02408ddb35	11.97
lit-1ch-4b	t-256k	A	0	11118.46	2	27f4c15cf5955f03	11.97
lit-1ch-4b	t-256k	B	0	10815.25	2	27f4c15cf5955f03	11.97
lit-1ch-4b	t-256k	C	0	3795.97	2	27f4c15cf5955f03	11.97
lit-1ch-4b	t-256k	M	0	43079.74	2	27f4c15cf5955f03	11.97
lit-1ch-4b	t-256k	P	0	19334.21	2	27f4c15cf5955f03	11.97
lit-1ch-4b	t-256k	S	0	9519.91	2	27f4c15cf5955f03	11.97
lit-1ch-4b	t-256k	A	1	10963.03	2	27f4c15cf5955f03	11.97
lit-1ch-4b	t-256k	B	1	10786.12	2	27f4c15cf5955f03	11.97
lit-1ch-4b	t-256k	C	1	3792.28	2	27f4c15cf5955f03	11.97
lit-1ch-4b	t-256k	M	1	42753.09	2	27f4c15cf5955f03	11.97
lit-1ch-4b	t-256k	P	1	18505.67	2	27f4c15cf5955f03	11.97
lit-1ch-4b	t-256k	S	1	9519.38	2	27f4c15cf5955f03	11.97
lit-1ch-4b	t-256k	A	2	10825.67	2	27f4c15cf5955f03	11.97
lit-1ch-4b	t-256k	B	2	10744.46	2	27f4c15cf5955f03	11.97
lit-1ch-4b	t-256k	C	2	3747.18	2	27f4c15cf5955f03	11.97
lit-1ch-4b	t-256k	M	2	42065.07	2	27f4c15cf5955f03	11.97
lit-1ch-4b	t-256k	P	2	18395.20	2	27f4c15cf5955f03	11.97
lit-1ch-4b	t-256k	S	2	9513.71	2	27f4c15cf5955f03	11.97
lit-1ch-4b	t-256k	A	3	10834.89	2	27f4c15cf5955f03	11.97
lit-1ch-4b	t-256k	B	3	10825.93	2	27f4c15cf5955f03	11.97
lit-1ch-4b	t-256k	C	3	3719.76	2	27f4c15cf5955f03	11.97
lit-1ch-4b	t-256k	M	3	42105.14	2	27f4c15cf5955f03	11.97
lit-1ch-4b	t-256k	P	3	18383.59	2	27f4c15cf5955f03	11.97
lit-1ch-4b	t-256k	S	3	9512.26	2	27f4c15cf5955f03	11.97
lit-1ch-4b	t-256k	A	4	15747.04	2	27f4c15cf5955f03	11.97
lit-1ch-4b	t-256k	B	4	10889.21	2	27f4c15cf5955f03	11.97
lit-1ch-4b	t-256k	C	4	3790.70	2	27f4c15cf5955f03	11.97
lit-1ch-4b	t-256k	M	4	50168.51	2	27f4c15cf5955f03	11.97
lit-1ch-4b	t-256k	P	4	19248.64	2	27f4c15cf5955f03	11.97
lit-1ch-4b	t-256k	S	4	10102.46	2	27f4c15cf5955f03	11.97
lit-1ch-4b	t-256k	A	5	11174.08	2	27f4c15cf5955f03	11.97
lit-1ch-4b	t-256k	B	5	10942.21	2	27f4c15cf5955f03	11.97
lit-1ch-4b	t-256k	C	5	3875.07	2	27f4c15cf5955f03	11.97
lit-1ch-4b	t-256k	M	5	42707.21	2	27f4c15cf5955f03	11.97
lit-1ch-4b	t-256k	P	5	18749.95	2	27f4c15cf5955f03	11.97
lit-1ch-4b	t-256k	S	5	9525.45	2	27f4c15cf5955f03	11.97
lit-1ch-4b	t-256k	A	6	10901.72	2	27f4c15cf5955f03	11.97
lit-1ch-4b	t-256k	B	6	10936.41	2	27f4c15cf5955f03	11.97
lit-1ch-4b	t-256k	C	6	3718.46	2	27f4c15cf5955f03	11.97
lit-1ch-4b	t-256k	M	6	41997.05	2	27f4c15cf5955f03	11.97
lit-1ch-4b	t-256k	P	6	18406.93	2	27f4c15cf5955f03	11.97
lit-1ch-4b	t-256k	S	6	9560.25	2	27f4c15cf5955f03	11.97
lit-1ch-4b	t-256k	A	7	10780.84	2	27f4c15cf5955f03	11.97
lit-1ch-4b	t-256k	B	7	10771.49	2	27f4c15cf5955f03	11.97
lit-1ch-4b	t-256k	C	7	3713.70	2	27f4c15cf5955f03	11.97
lit-1ch-4b	t-256k	M	7	41983.87	2	27f4c15cf5955f03	11.97
lit-1ch-4b	t-256k	P	7	18425.26	2	27f4c15cf5955f03	11.97
lit-1ch-4b	t-256k	S	7	10001.75	2	27f4c15cf5955f03	11.97
lit-1ch-4b	t-256k	A	8	10800.62	2	27f4c15cf5955f03	11.97
lit-1ch-4b	t-256k	B	8	10780.18	2	27f4c15cf5955f03	11.97
lit-1ch-4b	t-256k	C	8	3716.34	2	27f4c15cf5955f03	11.97
lit-1ch-4b	t-256k	M	8	54273.87	2	27f4c15cf5955f03	11.97
lit-1ch-4b	t-256k	P	8	19262.36	2	27f4c15cf5955f03	11.97
lit-1ch-4b	t-256k	S	8	9510.16	2	27f4c15cf5955f03	11.97
lit-1ch-4b	t-256k	A	9	11137.57	2	27f4c15cf5955f03	11.97
lit-1ch-4b	t-256k	B	9	10816.83	2	27f4c15cf5955f03	11.97
lit-1ch-4b	t-256k	C	9	3816.67	2	27f4c15cf5955f03	11.97
lit-1ch-4b	t-256k	M	9	42562.72	2	27f4c15cf5955f03	11.97
lit-1ch-4b	t-256k	P	9	18617.05	2	27f4c15cf5955f03	11.97
lit-1ch-4b	t-256k	S	9	10066.61	2	27f4c15cf5955f03	11.97
lit-1ch-4b	t-256k	A	10	10838.05	2	27f4c15cf5955f03	11.97
lit-1ch-4b	t-256k	B	10	11046.21	2	27f4c15cf5955f03	11.97
lit-1ch-4b	t-256k	C	10	3733.09	2	27f4c15cf5955f03	11.97
lit-1ch-4b	t-256k	M	10	44495.32	2	27f4c15cf5955f03	11.97
lit-1ch-4b	t-256k	P	10	18446.09	2	27f4c15cf5955f03	11.97
lit-1ch-4b	t-256k	S	10	9568.17	2	27f4c15cf5955f03	11.97
lit-1ch-4b	t-256k	A	11	10765.17	2	27f4c15cf5955f03	11.97
lit-1ch-4b	t-256k	B	11	10776.63	2	27f4c15cf5955f03	11.97
lit-1ch-4b	t-256k	C	11	3710.68	2	27f4c15cf5955f03	11.97
lit-1ch-4b	t-256k	M	11	42336.25	2	27f4c15cf5955f03	11.97
lit-1ch-4b	t-256k	P	11	18404.43	2	27f4c15cf5955f03	11.97
lit-1ch-4b	t-256k	S	11	9509.50	2	27f4c15cf5955f03	11.97
lit-1ch-4b	t-256k	A	12	10830.93	2	27f4c15cf5955f03	11.97
lit-1ch-4b	t-256k	B	12	10798.51	2	27f4c15cf5955f03	11.97
lit-1ch-4b	t-256k	C	12	3751.82	2	27f4c15cf5955f03	11.97
lit-1ch-4b	t-256k	M	12	41996.66	2	27f4c15cf5955f03	11.97
lit-1ch-4b	t-256k	P	12	18417.62	2	27f4c15cf5955f03	11.97
lit-1ch-4b	t-256k	S	12	9464.55	2	27f4c15cf5955f03	11.97
lit-1ch-4b	t-256k	A	13	10776.63	2	27f4c15cf5955f03	11.97
lit-1ch-4b	t-256k	B	13	10777.82	2	27f4c15cf5955f03	11.97
lit-1ch-4b	t-256k	C	13	3702.24	2	27f4c15cf5955f03	11.97
lit-1ch-4b	t-256k	M	13	41919.14	2	27f4c15cf5955f03	11.97
lit-1ch-4b	t-256k	P	13	18437.25	2	27f4c15cf5955f03	11.97
lit-1ch-4b	t-256k	S	13	9429.34	2	27f4c15cf5955f03	11.97
lit-1ch-4b	t-256k	A	14	10784.01	2	27f4c15cf5955f03	11.97
lit-1ch-4b	t-256k	B	14	10772.80	2	27f4c15cf5955f03	11.97
lit-1ch-4b	t-256k	C	14	3697.36	2	27f4c15cf5955f03	11.97
lit-1ch-4b	t-256k	M	14	41763.45	2	27f4c15cf5955f03	11.97
lit-1ch-4b	t-256k	P	14	29733.80	2	27f4c15cf5955f03	11.97
lit-1ch-4b	t-256k	S	14	9494.21	2	27f4c15cf5955f03	11.97
lit-1ch-4b	t-1m	A	0	51592.47	25	d047fe426220d27f	11.97
lit-1ch-4b	t-1m	B	0	44336.16	25	d047fe426220d27f	11.97
lit-1ch-4b	t-1m	C	0	17351.63	25	d047fe426220d27f	11.97
lit-1ch-4b	t-1m	M	0	196252.53	25	d047fe426220d27f	11.97
lit-1ch-4b	t-1m	P	0	147996.84	25	d047fe426220d27f	11.97
lit-1ch-4b	t-1m	S	0	38138.21	25	d047fe426220d27f	11.97
lit-1ch-4b	t-1m	A	1	48200.84	25	d047fe426220d27f	11.97
lit-1ch-4b	t-1m	B	1	44141.63	25	d047fe426220d27f	11.97
lit-1ch-4b	t-1m	C	1	17331.05	25	d047fe426220d27f	11.97
lit-1ch-4b	t-1m	M	1	196522.53	25	d047fe426220d27f	11.97
lit-1ch-4b	t-1m	P	1	118184.84	25	d047fe426220d27f	11.97
lit-1ch-4b	t-1m	S	1	43512.00	25	d047fe426220d27f	11.97
lit-1ch-4b	t-1m	A	2	47787.47	25	d047fe426220d27f	11.97
lit-1ch-4b	t-1m	B	2	43645.95	25	d047fe426220d27f	11.97
lit-1ch-4b	t-1m	C	2	17158.68	25	d047fe426220d27f	11.97
lit-1ch-4b	t-1m	M	2	245291.79	25	d047fe426220d27f	11.97
lit-1ch-4b	t-1m	P	2	125557.74	25	d047fe426220d27f	11.97
lit-1ch-4b	t-1m	S	2	38536.32	25	d047fe426220d27f	11.97
lit-1ch-4b	t-1m	A	3	49036.11	25	d047fe426220d27f	11.97
lit-1ch-4b	t-1m	B	3	43839.47	25	d047fe426220d27f	11.97
lit-1ch-4b	t-1m	C	3	17256.74	25	d047fe426220d27f	11.97
lit-1ch-4b	t-1m	M	3	200445.74	25	d047fe426220d27f	11.97
lit-1ch-4b	t-1m	P	3	114524.26	25	d047fe426220d27f	11.97
lit-1ch-4b	t-1m	S	3	38122.42	25	d047fe426220d27f	11.97
lit-1ch-4b	t-1m	A	4	48349.58	25	d047fe426220d27f	11.97
lit-1ch-4b	t-1m	B	4	43806.26	25	d047fe426220d27f	11.97
lit-1ch-4b	t-1m	C	4	17036.32	25	d047fe426220d27f	11.97
lit-1ch-4b	t-1m	M	4	198185.63	25	d047fe426220d27f	11.97
lit-1ch-4b	t-1m	P	4	112209.42	25	d047fe426220d27f	11.97
lit-1ch-4b	t-1m	S	4	43856.32	25	d047fe426220d27f	11.97
lit-1ch-4b	t-1m	A	5	48042.68	25	d047fe426220d27f	11.97
lit-1ch-4b	t-1m	B	5	43491.95	25	d047fe426220d27f	11.97
lit-1ch-4b	t-1m	C	5	17216.63	25	d047fe426220d27f	11.97
lit-1ch-4b	t-1m	M	5	195977.79	25	d047fe426220d27f	11.97
lit-1ch-4b	t-1m	P	5	111379.42	25	d047fe426220d27f	11.97
lit-1ch-4b	t-1m	S	5	43735.05	25	d047fe426220d27f	11.97
lit-1ch-4b	t-1m	A	6	48140.74	25	d047fe426220d27f	11.97
lit-1ch-4b	t-1m	B	6	43455.58	25	d047fe426220d27f	11.97
lit-1ch-4b	t-1m	C	6	17092.74	25	d047fe426220d27f	11.97
lit-1ch-4b	t-1m	M	6	196414.89	25	d047fe426220d27f	11.97
lit-1ch-4b	t-1m	P	6	110735.05	25	d047fe426220d27f	11.97
lit-1ch-4b	t-1m	S	6	38515.21	25	d047fe426220d27f	11.97
lit-1ch-4b	t-1m	A	7	48127.05	25	d047fe426220d27f	11.97
lit-1ch-4b	t-1m	B	7	43481.42	25	d047fe426220d27f	11.97
lit-1ch-4b	t-1m	C	7	17512.47	25	d047fe426220d27f	11.97
lit-1ch-4b	t-1m	M	7	196192.95	25	d047fe426220d27f	11.97
lit-1ch-4b	t-1m	P	7	110048.47	25	d047fe426220d27f	11.97
lit-1ch-4b	t-1m	S	7	43754.00	25	d047fe426220d27f	11.97
lit-1ch-4b	t-1m	A	8	100623.32	25	d047fe426220d27f	11.97
lit-1ch-4b	t-1m	B	8	43573.16	25	d047fe426220d27f	11.97
lit-1ch-4b	t-1m	C	8	17366.42	25	d047fe426220d27f	11.97
lit-1ch-4b	t-1m	M	8	198013.21	25	d047fe426220d27f	11.97
lit-1ch-4b	t-1m	P	8	116368.26	25	d047fe426220d27f	11.97
lit-1ch-4b	t-1m	S	8	38108.11	25	d047fe426220d27f	11.97
lit-1ch-4b	t-1m	A	9	48266.79	25	d047fe426220d27f	11.97
lit-1ch-4b	t-1m	B	9	43480.89	25	d047fe426220d27f	11.97
lit-1ch-4b	t-1m	C	9	17233.53	25	d047fe426220d27f	11.97
lit-1ch-4b	t-1m	M	9	195777.95	25	d047fe426220d27f	11.97
lit-1ch-4b	t-1m	P	9	111936.79	25	d047fe426220d27f	11.97
lit-1ch-4b	t-1m	S	9	117980.79	25	d047fe426220d27f	11.97
lit-1ch-4b	t-1m	A	10	54268.11	25	d047fe426220d27f	11.97
lit-1ch-4b	t-1m	B	10	43362.79	25	d047fe426220d27f	11.97
lit-1ch-4b	t-1m	C	10	17391.21	25	d047fe426220d27f	11.97
lit-1ch-4b	t-1m	M	10	195795.84	25	d047fe426220d27f	11.97
lit-1ch-4b	t-1m	P	10	121291.79	25	d047fe426220d27f	11.97
lit-1ch-4b	t-1m	S	10	38466.21	25	d047fe426220d27f	11.97
lit-1ch-4b	t-1m	A	11	48122.79	25	d047fe426220d27f	11.97
lit-1ch-4b	t-1m	B	11	43480.89	25	d047fe426220d27f	11.97
lit-1ch-4b	t-1m	C	11	17238.26	25	d047fe426220d27f	11.97
lit-1ch-4b	t-1m	M	11	239803.58	25	d047fe426220d27f	11.97
lit-1ch-4b	t-1m	P	11	127432.84	25	d047fe426220d27f	11.97
lit-1ch-4b	t-1m	S	11	38129.26	25	d047fe426220d27f	11.97
lit-1ch-4b	t-1m	A	12	48924.84	25	d047fe426220d27f	11.97
lit-1ch-4b	t-1m	B	12	43844.21	25	d047fe426220d27f	11.97
lit-1ch-4b	t-1m	C	12	17312.63	25	d047fe426220d27f	11.97
lit-1ch-4b	t-1m	M	12	195410.95	25	d047fe426220d27f	11.97
lit-1ch-4b	t-1m	P	12	115816.68	25	d047fe426220d27f	11.97
lit-1ch-4b	t-1m	S	12	38679.21	25	d047fe426220d27f	11.97
lit-1ch-4b	t-1m	A	13	48569.47	25	d047fe426220d27f	11.97
lit-1ch-4b	t-1m	B	13	43483.05	25	d047fe426220d27f	11.97
lit-1ch-4b	t-1m	C	13	17119.11	25	d047fe426220d27f	11.97
lit-1ch-4b	t-1m	M	13	196248.79	25	d047fe426220d27f	11.97
lit-1ch-4b	t-1m	P	13	112383.42	25	d047fe426220d27f	11.97
lit-1ch-4b	t-1m	S	13	38339.63	25	d047fe426220d27f	11.97
lit-1ch-4b	t-1m	A	14	48201.37	25	d047fe426220d27f	11.97
lit-1ch-4b	t-1m	B	14	43701.32	25	d047fe426220d27f	11.97
lit-1ch-4b	t-1m	C	14	17370.11	25	d047fe426220d27f	11.97
lit-1ch-4b	t-1m	M	14	196576.32	25	d047fe426220d27f	11.97
lit-1ch-4b	t-1m	P	14	111303.42	25	d047fe426220d27f	11.97
lit-1ch-4b	t-1m	S	14	38107.63	25	d047fe426220d27f	11.97
lit-1ch-4b	t-64k-lat	A	0	391.56	0	14650fb0739d0383	11.97
lit-1ch-4b	t-64k-lat	B	0	391.20	0	14650fb0739d0383	11.97
lit-1ch-4b	t-64k-lat	C	0	391.30	0	14650fb0739d0383	11.97
lit-1ch-4b	t-64k-lat	M	0	18717.38	0	14650fb0739d0383	11.97
lit-1ch-4b	t-64k-lat	P	0	391.72	0	14650fb0739d0383	11.97
lit-1ch-4b	t-64k-lat	S	0	2242.69	0	14650fb0739d0383	11.97
lit-1ch-4b	t-64k-lat	A	1	391.10	0	14650fb0739d0383	11.97
lit-1ch-4b	t-64k-lat	B	1	391.23	0	14650fb0739d0383	11.97
lit-1ch-4b	t-64k-lat	C	1	391.07	0	14650fb0739d0383	11.97
lit-1ch-4b	t-64k-lat	M	1	14735.71	0	14650fb0739d0383	11.97
lit-1ch-4b	t-64k-lat	P	1	400.30	0	14650fb0739d0383	11.97
lit-1ch-4b	t-64k-lat	S	1	2229.68	0	14650fb0739d0383	11.97
lit-1ch-4b	t-64k-lat	A	2	391.16	0	14650fb0739d0383	11.97
lit-1ch-4b	t-64k-lat	B	2	413.07	0	14650fb0739d0383	11.97
lit-1ch-4b	t-64k-lat	C	2	392.90	0	14650fb0739d0383	11.97
lit-1ch-4b	t-64k-lat	M	2	9858.68	0	14650fb0739d0383	11.97
lit-1ch-4b	t-64k-lat	P	2	400.52	0	14650fb0739d0383	11.97
lit-1ch-4b	t-64k-lat	S	2	2288.38	0	14650fb0739d0383	11.97
lit-1ch-4b	t-64k-lat	A	3	420.13	0	14650fb0739d0383	11.97
lit-1ch-4b	t-64k-lat	B	3	394.71	0	14650fb0739d0383	11.97
lit-1ch-4b	t-64k-lat	C	3	394.88	0	14650fb0739d0383	11.97
lit-1ch-4b	t-64k-lat	M	3	9773.44	0	14650fb0739d0383	11.97
lit-1ch-4b	t-64k-lat	P	3	394.88	0	14650fb0739d0383	11.97
lit-1ch-4b	t-64k-lat	S	3	2261.08	0	14650fb0739d0383	11.97
lit-1ch-4b	t-64k-lat	A	4	394.78	0	14650fb0739d0383	11.97
lit-1ch-4b	t-64k-lat	B	4	394.71	0	14650fb0739d0383	11.97
lit-1ch-4b	t-64k-lat	C	4	394.74	0	14650fb0739d0383	11.97
lit-1ch-4b	t-64k-lat	M	4	9606.76	0	14650fb0739d0383	11.97
lit-1ch-4b	t-64k-lat	P	4	394.88	0	14650fb0739d0383	11.97
lit-1ch-4b	t-64k-lat	S	4	2283.52	0	14650fb0739d0383	11.97
lit-1ch-4b	t-64k-lat	A	5	394.78	0	14650fb0739d0383	11.97
lit-1ch-4b	t-64k-lat	B	5	394.68	0	14650fb0739d0383	11.97
lit-1ch-4b	t-64k-lat	C	5	394.88	0	14650fb0739d0383	11.97
lit-1ch-4b	t-64k-lat	M	5	9591.35	0	14650fb0739d0383	11.97
lit-1ch-4b	t-64k-lat	P	5	394.84	0	14650fb0739d0383	11.97
lit-1ch-4b	t-64k-lat	S	5	2264.24	0	14650fb0739d0383	11.97
lit-1ch-4b	t-64k-lat	A	6	394.88	0	14650fb0739d0383	11.97
lit-1ch-4b	t-64k-lat	B	6	394.68	0	14650fb0739d0383	11.97
lit-1ch-4b	t-64k-lat	C	6	394.81	0	14650fb0739d0383	11.97
lit-1ch-4b	t-64k-lat	M	6	9662.70	0	14650fb0739d0383	11.97
lit-1ch-4b	t-64k-lat	P	6	394.78	0	14650fb0739d0383	11.97
lit-1ch-4b	t-64k-lat	S	6	2260.46	0	14650fb0739d0383	11.97
lit-1ch-4b	t-64k-lat	A	7	394.91	0	14650fb0739d0383	11.97
lit-1ch-4b	t-64k-lat	B	7	394.74	0	14650fb0739d0383	11.97
lit-1ch-4b	t-64k-lat	C	7	394.81	0	14650fb0739d0383	11.97
lit-1ch-4b	t-64k-lat	M	7	9622.33	0	14650fb0739d0383	11.97
lit-1ch-4b	t-64k-lat	P	7	394.81	0	14650fb0739d0383	11.97
lit-1ch-4b	t-64k-lat	S	7	2616.44	0	14650fb0739d0383	11.97
lit-1ch-4b	t-64k-lat	A	8	396.62	0	14650fb0739d0383	11.97
lit-1ch-4b	t-64k-lat	B	8	396.68	0	14650fb0739d0383	11.97
lit-1ch-4b	t-64k-lat	C	8	404.66	0	14650fb0739d0383	11.97
lit-1ch-4b	t-64k-lat	M	8	10244.42	0	14650fb0739d0383	11.97
lit-1ch-4b	t-64k-lat	P	8	394.88	0	14650fb0739d0383	11.97
lit-1ch-4b	t-64k-lat	S	8	2256.97	0	14650fb0739d0383	11.97
lit-1ch-4b	t-64k-lat	A	9	403.58	0	14650fb0739d0383	11.97
lit-1ch-4b	t-64k-lat	B	9	394.74	0	14650fb0739d0383	11.97
lit-1ch-4b	t-64k-lat	C	9	394.81	0	14650fb0739d0383	11.97
lit-1ch-4b	t-64k-lat	M	9	9662.93	0	14650fb0739d0383	11.97
lit-1ch-4b	t-64k-lat	P	9	396.75	0	14650fb0739d0383	11.97
lit-1ch-4b	t-64k-lat	S	9	2286.70	0	14650fb0739d0383	11.97
lit-1ch-4b	t-64k-lat	A	10	394.74	0	14650fb0739d0383	11.97
lit-1ch-4b	t-64k-lat	B	10	394.78	0	14650fb0739d0383	11.97
lit-1ch-4b	t-64k-lat	C	10	394.74	0	14650fb0739d0383	11.97
lit-1ch-4b	t-64k-lat	M	10	9670.29	0	14650fb0739d0383	11.97
lit-1ch-4b	t-64k-lat	P	10	396.78	0	14650fb0739d0383	11.97
lit-1ch-4b	t-64k-lat	S	10	2269.03	0	14650fb0739d0383	11.97
lit-1ch-4b	t-64k-lat	A	11	396.58	0	14650fb0739d0383	11.97
lit-1ch-4b	t-64k-lat	B	11	396.52	0	14650fb0739d0383	11.97
lit-1ch-4b	t-64k-lat	C	11	396.62	0	14650fb0739d0383	11.97
lit-1ch-4b	t-64k-lat	M	11	9671.31	0	14650fb0739d0383	11.97
lit-1ch-4b	t-64k-lat	P	11	396.75	0	14650fb0739d0383	11.97
lit-1ch-4b	t-64k-lat	S	11	2271.53	0	14650fb0739d0383	11.97
lit-1ch-4b	t-64k-lat	A	12	396.62	0	14650fb0739d0383	11.97
lit-1ch-4b	t-64k-lat	B	12	396.49	0	14650fb0739d0383	11.97
lit-1ch-4b	t-64k-lat	C	12	396.65	0	14650fb0739d0383	11.97
lit-1ch-4b	t-64k-lat	M	12	9689.28	0	14650fb0739d0383	11.97
lit-1ch-4b	t-64k-lat	P	12	396.75	0	14650fb0739d0383	11.97
lit-1ch-4b	t-64k-lat	S	12	2269.91	0	14650fb0739d0383	11.97
lit-1ch-4b	t-64k-lat	A	13	396.68	0	14650fb0739d0383	11.97
lit-1ch-4b	t-64k-lat	B	13	396.55	0	14650fb0739d0383	11.97
lit-1ch-4b	t-64k-lat	C	13	396.71	0	14650fb0739d0383	11.97
lit-1ch-4b	t-64k-lat	M	13	9694.80	0	14650fb0739d0383	11.97
lit-1ch-4b	t-64k-lat	P	13	396.68	0	14650fb0739d0383	11.97
lit-1ch-4b	t-64k-lat	S	13	2277.01	0	14650fb0739d0383	11.97
lit-1ch-4b	t-64k-lat	A	14	394.74	0	14650fb0739d0383	11.97
lit-1ch-4b	t-64k-lat	B	14	394.65	0	14650fb0739d0383	11.97
lit-1ch-4b	t-64k-lat	C	14	394.81	0	14650fb0739d0383	11.97
lit-1ch-4b	t-64k-lat	M	14	9665.14	0	14650fb0739d0383	11.97
lit-1ch-4b	t-64k-lat	P	14	405.29	0	14650fb0739d0383	11.97
lit-1ch-4b	t-64k-lat	S	14	2264.04	0	14650fb0739d0383	11.97
lit-1ch-4b	t-64k-cyr	A	0	4679.87	0	14650fb0739d0383	11.97
lit-1ch-4b	t-64k-cyr	B	0	8315.11	0	14650fb0739d0383	11.97
lit-1ch-4b	t-64k-cyr	C	0	402.43	0	14650fb0739d0383	11.97
lit-1ch-4b	t-64k-cyr	M	0	10437.61	0	14650fb0739d0383	11.97
lit-1ch-4b	t-64k-cyr	P	0	4646.33	0	14650fb0739d0383	11.97
lit-1ch-4b	t-64k-cyr	S	0	2404.30	0	14650fb0739d0383	11.97
lit-1ch-4b	t-64k-cyr	A	1	4593.61	0	14650fb0739d0383	11.97
lit-1ch-4b	t-64k-cyr	B	1	4591.34	0	14650fb0739d0383	11.97
lit-1ch-4b	t-64k-cyr	C	1	399.28	0	14650fb0739d0383	11.97
lit-1ch-4b	t-64k-cyr	M	1	10607.63	0	14650fb0739d0383	11.97
lit-1ch-4b	t-64k-cyr	P	1	4652.83	0	14650fb0739d0383	11.97
lit-1ch-4b	t-64k-cyr	S	1	2238.91	0	14650fb0739d0383	11.97
lit-1ch-4b	t-64k-cyr	A	2	4608.43	0	14650fb0739d0383	11.97
lit-1ch-4b	t-64k-cyr	B	2	7489.20	0	14650fb0739d0383	11.97
lit-1ch-4b	t-64k-cyr	C	2	400.49	0	14650fb0739d0383	11.97
lit-1ch-4b	t-64k-cyr	M	2	10496.01	0	14650fb0739d0383	11.97
lit-1ch-4b	t-64k-cyr	P	2	4670.87	0	14650fb0739d0383	11.97
lit-1ch-4b	t-64k-cyr	S	2	2369.29	0	14650fb0739d0383	11.97
lit-1ch-4b	t-64k-cyr	A	3	4633.42	0	14650fb0739d0383	11.97
lit-1ch-4b	t-64k-cyr	B	3	4590.06	0	14650fb0739d0383	11.97
lit-1ch-4b	t-64k-cyr	C	3	399.44	0	14650fb0739d0383	11.97
lit-1ch-4b	t-64k-cyr	M	3	10404.83	0	14650fb0739d0383	11.97
lit-1ch-4b	t-64k-cyr	P	3	4687.16	0	14650fb0739d0383	11.97
lit-1ch-4b	t-64k-cyr	S	3	2273.07	0	14650fb0739d0383	11.97
lit-1ch-4b	t-64k-cyr	A	4	5558.48	0	14650fb0739d0383	11.97
lit-1ch-4b	t-64k-cyr	B	4	4608.95	0	14650fb0739d0383	11.97
lit-1ch-4b	t-64k-cyr	C	4	400.76	0	14650fb0739d0383	11.97
lit-1ch-4b	t-64k-cyr	M	4	10482.41	0	14650fb0739d0383	11.97
lit-1ch-4b	t-64k-cyr	P	4	4652.28	0	14650fb0739d0383	11.97
lit-1ch-4b	t-64k-cyr	S	4	2386.59	0	14650fb0739d0383	11.97
lit-1ch-4b	t-64k-cyr	A	5	4619.07	0	14650fb0739d0383	11.97
lit-1ch-4b	t-64k-cyr	B	5	4604.91	0	14650fb0739d0383	11.97
lit-1ch-4b	t-64k-cyr	C	5	400.56	0	14650fb0739d0383	11.97
lit-1ch-4b	t-64k-cyr	M	5	10433.01	0	14650fb0739d0383	11.97
lit-1ch-4b	t-64k-cyr	P	5	6315.08	0	14650fb0739d0383	11.97
lit-1ch-4b	t-64k-cyr	S	5	2267.26	0	14650fb0739d0383	11.97
lit-1ch-4b	t-64k-cyr	A	6	4651.95	0	14650fb0739d0383	11.97
lit-1ch-4b	t-64k-cyr	B	6	4585.86	0	14650fb0739d0383	11.97
lit-1ch-4b	t-64k-cyr	C	6	400.26	0	14650fb0739d0383	11.97
lit-1ch-4b	t-64k-cyr	M	6	10477.49	0	14650fb0739d0383	11.97
lit-1ch-4b	t-64k-cyr	P	6	4710.09	0	14650fb0739d0383	11.97
lit-1ch-4b	t-64k-cyr	S	6	2246.89	0	14650fb0739d0383	11.97
lit-1ch-4b	t-64k-cyr	A	7	4576.66	0	14650fb0739d0383	11.97
lit-1ch-4b	t-64k-cyr	B	7	4574.89	0	14650fb0739d0383	11.97
lit-1ch-4b	t-64k-cyr	C	7	398.16	0	14650fb0739d0383	11.97
lit-1ch-4b	t-64k-cyr	M	7	10440.70	0	14650fb0739d0383	11.97
lit-1ch-4b	t-64k-cyr	P	7	5341.77	0	14650fb0739d0383	11.97
lit-1ch-4b	t-64k-cyr	S	7	2267.52	0	14650fb0739d0383	11.97
lit-1ch-4b	t-64k-cyr	A	8	4629.02	0	14650fb0739d0383	11.97
lit-1ch-4b	t-64k-cyr	B	8	4614.76	0	14650fb0739d0383	11.97
lit-1ch-4b	t-64k-cyr	C	8	400.49	0	14650fb0739d0383	11.97
lit-1ch-4b	t-64k-cyr	M	8	10469.05	0	14650fb0739d0383	11.97
lit-1ch-4b	t-64k-cyr	P	8	4618.57	0	14650fb0739d0383	11.97
lit-1ch-4b	t-64k-cyr	S	8	2360.09	0	14650fb0739d0383	11.97
lit-1ch-4b	t-64k-cyr	A	9	4613.45	0	14650fb0739d0383	11.97
lit-1ch-4b	t-64k-cyr	B	9	4595.15	0	14650fb0739d0383	11.97
lit-1ch-4b	t-64k-cyr	C	9	400.23	0	14650fb0739d0383	11.97
lit-1ch-4b	t-64k-cyr	M	9	14646.72	0	14650fb0739d0383	11.97
lit-1ch-4b	t-64k-cyr	P	9	4625.11	0	14650fb0739d0383	11.97
lit-1ch-4b	t-64k-cyr	S	9	2235.23	0	14650fb0739d0383	11.97
lit-1ch-4b	t-64k-cyr	A	10	4623.47	0	14650fb0739d0383	11.97
lit-1ch-4b	t-64k-cyr	B	10	4579.12	0	14650fb0739d0383	11.97
lit-1ch-4b	t-64k-cyr	C	10	400.59	0	14650fb0739d0383	11.97
lit-1ch-4b	t-64k-cyr	M	10	10451.40	0	14650fb0739d0383	11.97
lit-1ch-4b	t-64k-cyr	P	10	4756.90	0	14650fb0739d0383	11.97
lit-1ch-4b	t-64k-cyr	S	10	2239.07	0	14650fb0739d0383	11.97
lit-1ch-4b	t-64k-cyr	A	11	4633.59	0	14650fb0739d0383	11.97
lit-1ch-4b	t-64k-cyr	B	11	4600.70	0	14650fb0739d0383	11.97
lit-1ch-4b	t-64k-cyr	C	11	399.47	0	14650fb0739d0383	11.97
lit-1ch-4b	t-64k-cyr	M	11	10497.26	0	14650fb0739d0383	11.97
lit-1ch-4b	t-64k-cyr	P	11	4606.22	0	14650fb0739d0383	11.97
lit-1ch-4b	t-64k-cyr	S	11	2252.41	0	14650fb0739d0383	11.97
lit-1ch-4b	t-64k-cyr	A	12	4598.14	0	14650fb0739d0383	11.97
lit-1ch-4b	t-64k-cyr	B	12	4618.08	0	14650fb0739d0383	11.97
lit-1ch-4b	t-64k-cyr	C	12	400.00	0	14650fb0739d0383	11.97
lit-1ch-4b	t-64k-cyr	M	12	10985.10	0	14650fb0739d0383	11.97
lit-1ch-4b	t-64k-cyr	P	12	4601.33	0	14650fb0739d0383	11.97
lit-1ch-4b	t-64k-cyr	S	12	2274.22	0	14650fb0739d0383	11.97
lit-1ch-4b	t-64k-cyr	A	13	4599.72	0	14650fb0739d0383	11.97
lit-1ch-4b	t-64k-cyr	B	13	4586.25	0	14650fb0739d0383	11.97
lit-1ch-4b	t-64k-cyr	C	13	400.03	0	14650fb0739d0383	11.97
lit-1ch-4b	t-64k-cyr	M	13	10433.17	0	14650fb0739d0383	11.97
lit-1ch-4b	t-64k-cyr	P	13	4647.22	0	14650fb0739d0383	11.97
lit-1ch-4b	t-64k-cyr	S	13	2244.62	0	14650fb0739d0383	11.97
lit-1ch-4b	t-64k-cyr	A	14	4646.30	0	14650fb0739d0383	11.97
lit-1ch-4b	t-64k-cyr	B	14	4607.80	0	14650fb0739d0383	11.97
lit-1ch-4b	t-64k-cyr	C	14	411.24	0	14650fb0739d0383	11.97
lit-1ch-4b	t-64k-cyr	M	14	10473.58	0	14650fb0739d0383	11.97
lit-1ch-4b	t-64k-cyr	P	14	4668.60	0	14650fb0739d0383	11.97
lit-1ch-4b	t-64k-cyr	S	14	2390.31	0	14650fb0739d0383	11.97
lit-1ch-4b	t-64k-cjk	A	0	5200.62	0	14650fb0739d0383	11.97
lit-1ch-4b	t-64k-cjk	B	0	5126.68	0	14650fb0739d0383	11.97
lit-1ch-4b	t-64k-cjk	C	0	399.67	0	14650fb0739d0383	11.97
lit-1ch-4b	t-64k-cjk	M	0	9553.58	0	14650fb0739d0383	11.97
lit-1ch-4b	t-64k-cjk	P	0	5273.22	0	14650fb0739d0383	11.97
lit-1ch-4b	t-64k-cjk	S	0	2241.44	0	14650fb0739d0383	11.97
lit-1ch-4b	t-64k-cjk	A	1	5163.57	0	14650fb0739d0383	11.97
lit-1ch-4b	t-64k-cjk	B	1	5251.34	0	14650fb0739d0383	11.97
lit-1ch-4b	t-64k-cjk	C	1	397.21	0	14650fb0739d0383	11.97
lit-1ch-4b	t-64k-cjk	M	1	9534.03	0	14650fb0739d0383	11.97
lit-1ch-4b	t-64k-cjk	P	1	5169.48	0	14650fb0739d0383	11.97
lit-1ch-4b	t-64k-cjk	S	1	2239.40	0	14650fb0739d0383	11.97
lit-1ch-4b	t-64k-cjk	A	2	5124.64	0	14650fb0739d0383	11.97
lit-1ch-4b	t-64k-cjk	B	2	5324.39	0	14650fb0739d0383	11.97
lit-1ch-4b	t-64k-cjk	C	2	400.30	0	14650fb0739d0383	11.97
lit-1ch-4b	t-64k-cjk	M	2	9582.55	0	14650fb0739d0383	11.97
lit-1ch-4b	t-64k-cjk	P	2	5164.75	0	14650fb0739d0383	11.97
lit-1ch-4b	t-64k-cjk	S	2	2253.76	0	14650fb0739d0383	11.97
lit-1ch-4b	t-64k-cjk	A	3	5170.34	0	14650fb0739d0383	11.97
lit-1ch-4b	t-64k-cjk	B	3	5154.04	0	14650fb0739d0383	11.97
lit-1ch-4b	t-64k-cjk	C	3	399.34	0	14650fb0739d0383	11.97
lit-1ch-4b	t-64k-cjk	M	3	9597.67	0	14650fb0739d0383	11.97
lit-1ch-4b	t-64k-cjk	P	3	5210.90	0	14650fb0739d0383	11.97
lit-1ch-4b	t-64k-cjk	S	3	2274.16	0	14650fb0739d0383	11.97
lit-1ch-4b	t-64k-cjk	A	4	5155.29	0	14650fb0739d0383	11.97
lit-1ch-4b	t-64k-cjk	B	4	5149.90	0	14650fb0739d0383	11.97
lit-1ch-4b	t-64k-cjk	C	4	399.21	0	14650fb0739d0383	11.97
lit-1ch-4b	t-64k-cjk	M	4	9610.01	0	14650fb0739d0383	11.97
lit-1ch-4b	t-64k-cjk	P	4	5252.62	0	14650fb0739d0383	11.97
lit-1ch-4b	t-64k-cjk	S	4	2595.22	0	14650fb0739d0383	11.97
lit-1ch-4b	t-64k-cjk	A	5	5126.58	0	14650fb0739d0383	11.97
lit-1ch-4b	t-64k-cjk	B	5	5139.00	0	14650fb0739d0383	11.97
lit-1ch-4b	t-64k-cjk	C	5	399.28	0	14650fb0739d0383	11.97
lit-1ch-4b	t-64k-cjk	M	5	9591.62	0	14650fb0739d0383	11.97
lit-1ch-4b	t-64k-cjk	P	5	5192.54	0	14650fb0739d0383	11.97
lit-1ch-4b	t-64k-cjk	S	5	2247.81	0	14650fb0739d0383	11.97
lit-1ch-4b	t-64k-cjk	A	6	5132.30	0	14650fb0739d0383	11.97
lit-1ch-4b	t-64k-cjk	B	6	5128.71	0	14650fb0739d0383	11.97
lit-1ch-4b	t-64k-cjk	C	6	399.14	0	14650fb0739d0383	11.97
lit-1ch-4b	t-64k-cjk	M	6	9557.91	0	14650fb0739d0383	11.97
lit-1ch-4b	t-64k-cjk	P	6	5232.98	0	14650fb0739d0383	11.97
lit-1ch-4b	t-64k-cjk	S	6	2591.28	0	14650fb0739d0383	11.97
lit-1ch-4b	t-64k-cjk	A	7	5126.74	0	14650fb0739d0383	11.97
lit-1ch-4b	t-64k-cjk	B	7	5383.07	0	14650fb0739d0383	11.97
lit-1ch-4b	t-64k-cjk	C	7	399.34	0	14650fb0739d0383	11.97
lit-1ch-4b	t-64k-cjk	M	7	9517.91	0	14650fb0739d0383	11.97
lit-1ch-4b	t-64k-cjk	P	7	5227.63	0	14650fb0739d0383	11.97
lit-1ch-4b	t-64k-cjk	S	7	2264.56	0	14650fb0739d0383	11.97
lit-1ch-4b	t-64k-cjk	A	8	5202.20	0	14650fb0739d0383	11.97
lit-1ch-4b	t-64k-cjk	B	8	5175.92	0	14650fb0739d0383	11.97
lit-1ch-4b	t-64k-cjk	C	8	402.27	0	14650fb0739d0383	11.97
lit-1ch-4b	t-64k-cjk	M	8	9595.10	0	14650fb0739d0383	11.97
lit-1ch-4b	t-64k-cjk	P	8	5225.91	0	14650fb0739d0383	11.97
lit-1ch-4b	t-64k-cjk	S	8	2275.07	0	14650fb0739d0383	11.97
lit-1ch-4b	t-64k-cjk	A	9	5197.11	0	14650fb0739d0383	11.97
lit-1ch-4b	t-64k-cjk	B	9	5206.76	0	14650fb0739d0383	11.97
lit-1ch-4b	t-64k-cjk	C	9	405.06	0	14650fb0739d0383	11.97
lit-1ch-4b	t-64k-cjk	M	9	9636.98	0	14650fb0739d0383	11.97
lit-1ch-4b	t-64k-cjk	P	9	5197.01	0	14650fb0739d0383	11.97
lit-1ch-4b	t-64k-cjk	S	9	2266.99	0	14650fb0739d0383	11.97
lit-1ch-4b	t-64k-cjk	A	10	5205.49	0	14650fb0739d0383	11.97
lit-1ch-4b	t-64k-cjk	B	10	5195.17	0	14650fb0739d0383	11.97
lit-1ch-4b	t-64k-cjk	C	10	422.17	0	14650fb0739d0383	11.97
lit-1ch-4b	t-64k-cjk	M	10	9594.44	0	14650fb0739d0383	11.97
lit-1ch-4b	t-64k-cjk	P	10	5183.31	0	14650fb0739d0383	11.97
lit-1ch-4b	t-64k-cjk	S	10	2299.71	0	14650fb0739d0383	11.97
lit-1ch-4b	t-64k-cjk	A	11	5156.37	0	14650fb0739d0383	11.97
lit-1ch-4b	t-64k-cjk	B	11	5154.50	0	14650fb0739d0383	11.97
lit-1ch-4b	t-64k-cjk	C	11	401.31	0	14650fb0739d0383	11.97
lit-1ch-4b	t-64k-cjk	M	11	9540.11	0	14650fb0739d0383	11.97
lit-1ch-4b	t-64k-cjk	P	11	5181.96	0	14650fb0739d0383	11.97
lit-1ch-4b	t-64k-cjk	S	11	2267.52	0	14650fb0739d0383	11.97
lit-1ch-4b	t-64k-cjk	A	12	5134.24	0	14650fb0739d0383	11.97
lit-1ch-4b	t-64k-cjk	B	12	5120.34	0	14650fb0739d0383	11.97
lit-1ch-4b	t-64k-cjk	C	12	398.98	0	14650fb0739d0383	11.97
lit-1ch-4b	t-64k-cjk	M	12	9526.94	0	14650fb0739d0383	11.97
lit-1ch-4b	t-64k-cjk	P	12	5209.72	0	14650fb0739d0383	11.97
lit-1ch-4b	t-64k-cjk	S	12	2260.98	0	14650fb0739d0383	11.97
lit-1ch-4b	t-64k-cjk	A	13	5134.59	0	14650fb0739d0383	11.97
lit-1ch-4b	t-64k-cjk	B	13	5133.02	0	14650fb0739d0383	11.97
lit-1ch-4b	t-64k-cjk	C	13	398.65	0	14650fb0739d0383	11.97
lit-1ch-4b	t-64k-cjk	M	13	9527.66	0	14650fb0739d0383	11.97
lit-1ch-4b	t-64k-cjk	P	13	5185.15	0	14650fb0739d0383	11.97
lit-1ch-4b	t-64k-cjk	S	13	2251.46	0	14650fb0739d0383	11.97
lit-1ch-4b	t-64k-cjk	A	14	5154.57	0	14650fb0739d0383	11.97
lit-1ch-4b	t-64k-cjk	B	14	5149.87	0	14650fb0739d0383	11.97
lit-1ch-4b	t-64k-cjk	C	14	398.59	0	14650fb0739d0383	11.97
lit-1ch-4b	t-64k-cjk	M	14	9531.70	0	14650fb0739d0383	11.97
lit-1ch-4b	t-64k-cjk	P	14	6254.41	0	14650fb0739d0383	11.97
lit-1ch-4b	t-64k-cjk	S	14	2252.54	0	14650fb0739d0383	11.97
lit-1ch-4b	t-64k-asc	A	0	404.33	0	14650fb0739d0383	11.97
lit-1ch-4b	t-64k-asc	B	0	393.36	0	14650fb0739d0383	11.97
lit-1ch-4b	t-64k-asc	C	0	393.53	0	14650fb0739d0383	11.97
lit-1ch-4b	t-64k-asc	M	0	10406.37	0	14650fb0739d0383	11.97
lit-1ch-4b	t-64k-asc	P	0	406.80	0	14650fb0739d0383	11.97
lit-1ch-4b	t-64k-asc	S	0	2379.93	0	14650fb0739d0383	11.97
lit-1ch-4b	t-64k-asc	A	1	391.07	0	14650fb0739d0383	11.97
lit-1ch-4b	t-64k-asc	B	1	391.23	0	14650fb0739d0383	11.97
lit-1ch-4b	t-64k-asc	C	1	413.93	0	14650fb0739d0383	11.97
lit-1ch-4b	t-64k-asc	M	1	10004.46	0	14650fb0739d0383	11.97
lit-1ch-4b	t-64k-asc	P	1	402.66	0	14650fb0739d0383	11.97
lit-1ch-4b	t-64k-asc	S	1	2463.92	0	14650fb0739d0383	11.97
lit-1ch-4b	t-64k-asc	A	2	395.04	0	14650fb0739d0383	11.97
lit-1ch-4b	t-64k-asc	B	2	395.01	0	14650fb0739d0383	11.97
lit-1ch-4b	t-64k-asc	C	2	405.19	0	14650fb0739d0383	11.97
lit-1ch-4b	t-64k-asc	M	2	9654.79	0	14650fb0739d0383	11.97
lit-1ch-4b	t-64k-asc	P	2	406.37	0	14650fb0739d0383	11.97
lit-1ch-4b	t-64k-asc	S	2	2280.33	0	14650fb0739d0383	11.97
lit-1ch-4b	t-64k-asc	A	3	400.82	0	14650fb0739d0383	11.97
lit-1ch-4b	t-64k-asc	B	3	409.89	0	14650fb0739d0383	11.97
lit-1ch-4b	t-64k-asc	C	3	400.92	0	14650fb0739d0383	11.97
lit-1ch-4b	t-64k-asc	M	3	9920.07	0	14650fb0739d0383	11.97
lit-1ch-4b	t-64k-asc	P	3	393.30	0	14650fb0739d0383	11.97
lit-1ch-4b	t-64k-asc	S	3	2348.52	0	14650fb0739d0383	11.97
lit-1ch-4b	t-64k-asc	A	4	393.17	0	14650fb0739d0383	11.97
lit-1ch-4b	t-64k-asc	B	4	393.36	0	14650fb0739d0383	11.97
lit-1ch-4b	t-64k-asc	C	4	393.27	0	14650fb0739d0383	11.97
lit-1ch-4b	t-64k-asc	M	4	9686.49	0	14650fb0739d0383	11.97
lit-1ch-4b	t-64k-asc	P	4	395.27	0	14650fb0739d0383	11.97
lit-1ch-4b	t-64k-asc	S	4	2256.65	0	14650fb0739d0383	11.97
lit-1ch-4b	t-64k-asc	A	5	395.14	0	14650fb0739d0383	11.97
lit-1ch-4b	t-64k-asc	B	5	394.94	0	14650fb0739d0383	11.97
lit-1ch-4b	t-64k-asc	C	5	395.24	0	14650fb0739d0383	11.97
lit-1ch-4b	t-64k-asc	M	5	9735.50	0	14650fb0739d0383	11.97
lit-1ch-4b	t-64k-asc	P	5	395.17	0	14650fb0739d0383	11.97
lit-1ch-4b	t-64k-asc	S	5	2259.73	0	14650fb0739d0383	11.97
lit-1ch-4b	t-64k-asc	A	6	395.17	0	14650fb0739d0383	11.97
lit-1ch-4b	t-64k-asc	B	6	395.01	0	14650fb0739d0383	11.97
lit-1ch-4b	t-64k-asc	C	6	395.24	0	14650fb0739d0383	11.97
lit-1ch-4b	t-64k-asc	M	6	9686.75	0	14650fb0739d0383	11.97
lit-1ch-4b	t-64k-asc	P	6	395.14	0	14650fb0739d0383	11.97
lit-1ch-4b	t-64k-asc	S	6	2358.87	0	14650fb0739d0383	11.97
lit-1ch-4b	t-64k-asc	A	7	395.01	0	14650fb0739d0383	11.97
lit-1ch-4b	t-64k-asc	B	7	394.97	0	14650fb0739d0383	11.97
lit-1ch-4b	t-64k-asc	C	7	395.04	0	14650fb0739d0383	11.97
lit-1ch-4b	t-64k-asc	M	7	9686.46	0	14650fb0739d0383	11.97
lit-1ch-4b	t-64k-asc	P	7	395.10	0	14650fb0739d0383	11.97
lit-1ch-4b	t-64k-asc	S	7	2257.73	0	14650fb0739d0383	11.97
lit-1ch-4b	t-64k-asc	A	8	395.04	0	14650fb0739d0383	11.97
lit-1ch-4b	t-64k-asc	B	8	395.07	0	14650fb0739d0383	11.97
lit-1ch-4b	t-64k-asc	C	8	395.10	0	14650fb0739d0383	11.97
lit-1ch-4b	t-64k-asc	M	8	9712.18	0	14650fb0739d0383	11.97
lit-1ch-4b	t-64k-asc	P	8	405.52	0	14650fb0739d0383	11.97
lit-1ch-4b	t-64k-asc	S	8	2291.73	0	14650fb0739d0383	11.97
lit-1ch-4b	t-64k-asc	A	9	396.82	0	14650fb0739d0383	11.97
lit-1ch-4b	t-64k-asc	B	9	396.94	0	14650fb0739d0383	11.97
lit-1ch-4b	t-64k-asc	C	9	405.45	0	14650fb0739d0383	11.97
lit-1ch-4b	t-64k-asc	M	9	9731.72	0	14650fb0739d0383	11.97
lit-1ch-4b	t-64k-asc	P	9	396.94	0	14650fb0739d0383	11.97
lit-1ch-4b	t-64k-asc	S	9	2270.11	0	14650fb0739d0383	11.97
lit-1ch-4b	t-64k-asc	A	10	396.98	0	14650fb0739d0383	11.97
lit-1ch-4b	t-64k-asc	B	10	429.66	0	14650fb0739d0383	11.97
lit-1ch-4b	t-64k-asc	C	10	395.07	0	14650fb0739d0383	11.97
lit-1ch-4b	t-64k-asc	M	10	9709.58	0	14650fb0739d0383	11.97
lit-1ch-4b	t-64k-asc	P	10	396.91	0	14650fb0739d0383	11.97
lit-1ch-4b	t-64k-asc	S	10	2275.90	0	14650fb0739d0383	11.97
lit-1ch-4b	t-64k-asc	A	11	395.04	0	14650fb0739d0383	11.97
lit-1ch-4b	t-64k-asc	B	11	395.01	0	14650fb0739d0383	11.97
lit-1ch-4b	t-64k-asc	C	11	394.94	0	14650fb0739d0383	11.97
lit-1ch-4b	t-64k-asc	M	11	9719.70	0	14650fb0739d0383	11.97
lit-1ch-4b	t-64k-asc	P	11	397.11	0	14650fb0739d0383	11.97
lit-1ch-4b	t-64k-asc	S	11	2267.19	0	14650fb0739d0383	11.97
lit-1ch-4b	t-64k-asc	A	12	397.11	0	14650fb0739d0383	11.97
lit-1ch-4b	t-64k-asc	B	12	396.75	0	14650fb0739d0383	11.97
lit-1ch-4b	t-64k-asc	C	12	397.01	0	14650fb0739d0383	11.97
lit-1ch-4b	t-64k-asc	M	12	9742.99	0	14650fb0739d0383	11.97
lit-1ch-4b	t-64k-asc	P	12	395.04	0	14650fb0739d0383	11.97
lit-1ch-4b	t-64k-asc	S	12	2258.98	0	14650fb0739d0383	11.97
lit-1ch-4b	t-64k-asc	A	13	395.07	0	14650fb0739d0383	11.97
lit-1ch-4b	t-64k-asc	B	13	394.94	0	14650fb0739d0383	11.97
lit-1ch-4b	t-64k-asc	C	13	395.04	0	14650fb0739d0383	11.97
lit-1ch-4b	t-64k-asc	M	13	11310.53	0	14650fb0739d0383	11.97
lit-1ch-4b	t-64k-asc	P	13	393.36	0	14650fb0739d0383	11.97
lit-1ch-4b	t-64k-asc	S	13	2255.24	0	14650fb0739d0383	11.97
lit-1ch-4b	t-64k-asc	A	14	404.99	0	14650fb0739d0383	11.97
lit-1ch-4b	t-64k-asc	B	14	394.94	0	14650fb0739d0383	11.97
lit-1ch-4b	t-64k-asc	C	14	395.24	0	14650fb0739d0383	11.97
lit-1ch-4b	t-64k-asc	M	14	9776.66	0	14650fb0739d0383	11.97
lit-1ch-4b	t-64k-asc	P	14	394.88	0	14650fb0739d0383	11.97
lit-1ch-4b	t-64k-asc	S	14	2258.45	0	14650fb0739d0383	11.97
lit-nfc-pair	t-64k	A	0	3045.41	7	d287d037838bec64	11.97
lit-nfc-pair	t-64k	B	0	3041.60	7	d287d037838bec64	11.97
lit-nfc-pair	t-64k	C	0	3031.29	7	d287d037838bec64	11.97
lit-nfc-pair	t-64k	M	0	7370.06	7	d287d037838bec64	11.97
lit-nfc-pair	t-64k	P	0	10155.67	7	d287d037838bec64	11.97
lit-nfc-pair	t-64k	S	0	2793.03	7	d287d037838bec64	11.97
lit-nfc-pair	t-64k	A	1	3035.03	7	d287d037838bec64	11.97
lit-nfc-pair	t-64k	B	1	3140.02	7	d287d037838bec64	11.97
lit-nfc-pair	t-64k	C	1	2998.50	7	d287d037838bec64	11.97
lit-nfc-pair	t-64k	M	1	7365.09	7	d287d037838bec64	11.97
lit-nfc-pair	t-64k	P	1	9731.98	7	d287d037838bec64	11.97
lit-nfc-pair	t-64k	S	1	2749.58	7	d287d037838bec64	11.97
lit-nfc-pair	t-64k	A	2	3002.78	7	d287d037838bec64	11.97
lit-nfc-pair	t-64k	B	2	3022.09	7	d287d037838bec64	11.97
lit-nfc-pair	t-64k	C	2	2999.92	7	d287d037838bec64	11.97
lit-nfc-pair	t-64k	M	2	7319.83	7	d287d037838bec64	11.97
lit-nfc-pair	t-64k	P	2	9444.98	7	d287d037838bec64	11.97
lit-nfc-pair	t-64k	S	2	2761.17	7	d287d037838bec64	11.97
lit-nfc-pair	t-64k	A	3	3013.02	7	d287d037838bec64	11.97
lit-nfc-pair	t-64k	B	3	3014.07	7	d287d037838bec64	11.97
lit-nfc-pair	t-64k	C	3	3011.90	7	d287d037838bec64	11.97
lit-nfc-pair	t-64k	M	3	7351.13	7	d287d037838bec64	11.97
lit-nfc-pair	t-64k	P	3	9428.26	7	d287d037838bec64	11.97
lit-nfc-pair	t-64k	S	3	2756.44	7	d287d037838bec64	11.97
lit-nfc-pair	t-64k	A	4	3018.08	7	d287d037838bec64	11.97
lit-nfc-pair	t-64k	B	4	3019.17	7	d287d037838bec64	11.97
lit-nfc-pair	t-64k	C	4	3004.65	7	d287d037838bec64	11.97
lit-nfc-pair	t-64k	M	4	7308.53	7	d287d037838bec64	11.97
lit-nfc-pair	t-64k	P	4	9473.66	7	d287d037838bec64	11.97
lit-nfc-pair	t-64k	S	4	2755.82	7	d287d037838bec64	11.97
lit-nfc-pair	t-64k	A	5	3026.69	7	d287d037838bec64	11.97
lit-nfc-pair	t-64k	B	5	3016.14	7	d287d037838bec64	11.97
lit-nfc-pair	t-64k	C	5	3011.02	7	d287d037838bec64	11.97
lit-nfc-pair	t-64k	M	5	7322.20	7	d287d037838bec64	11.97
lit-nfc-pair	t-64k	P	5	9462.30	7	d287d037838bec64	11.97
lit-nfc-pair	t-64k	S	5	2781.37	7	d287d037838bec64	11.97
lit-nfc-pair	t-64k	A	6	3013.09	7	d287d037838bec64	11.97
lit-nfc-pair	t-64k	B	6	3037.96	7	d287d037838bec64	11.97
lit-nfc-pair	t-64k	C	6	2979.19	7	d287d037838bec64	11.97
lit-nfc-pair	t-64k	M	6	7335.73	7	d287d037838bec64	11.97
lit-nfc-pair	t-64k	P	6	9495.37	7	d287d037838bec64	11.97
lit-nfc-pair	t-64k	S	6	2748.43	7	d287d037838bec64	11.97
lit-nfc-pair	t-64k	A	7	3013.19	7	d287d037838bec64	11.97
lit-nfc-pair	t-64k	B	7	3026.79	7	d287d037838bec64	11.97
lit-nfc-pair	t-64k	C	7	3004.42	7	d287d037838bec64	11.97
lit-nfc-pair	t-64k	M	7	7316.74	7	d287d037838bec64	11.97
lit-nfc-pair	t-64k	P	7	12450.84	7	d287d037838bec64	11.97
lit-nfc-pair	t-64k	S	7	2790.67	7	d287d037838bec64	11.97
lit-nfc-pair	t-64k	A	8	3047.55	7	d287d037838bec64	11.97
lit-nfc-pair	t-64k	B	8	3043.73	7	d287d037838bec64	11.97
lit-nfc-pair	t-64k	C	8	3021.33	7	d287d037838bec64	11.97
lit-nfc-pair	t-64k	M	8	7322.92	7	d287d037838bec64	11.97
lit-nfc-pair	t-64k	P	8	9493.44	7	d287d037838bec64	11.97
lit-nfc-pair	t-64k	S	8	2757.39	7	d287d037838bec64	11.97
lit-nfc-pair	t-64k	A	9	3030.99	7	d287d037838bec64	11.97
lit-nfc-pair	t-64k	B	9	3028.10	7	d287d037838bec64	11.97
lit-nfc-pair	t-64k	C	9	3005.90	7	d287d037838bec64	11.97
lit-nfc-pair	t-64k	M	9	7334.38	7	d287d037838bec64	11.97
lit-nfc-pair	t-64k	P	9	9485.15	7	d287d037838bec64	11.97
lit-nfc-pair	t-64k	S	9	2781.64	7	d287d037838bec64	11.97
lit-nfc-pair	t-64k	A	10	3004.09	7	d287d037838bec64	11.97
lit-nfc-pair	t-64k	B	10	3020.18	7	d287d037838bec64	11.97
lit-nfc-pair	t-64k	C	10	3018.28	7	d287d037838bec64	11.97
lit-nfc-pair	t-64k	M	10	7328.80	7	d287d037838bec64	11.97
lit-nfc-pair	t-64k	P	10	9458.81	7	d287d037838bec64	11.97
lit-nfc-pair	t-64k	S	10	2759.46	7	d287d037838bec64	11.97
lit-nfc-pair	t-64k	A	11	3014.60	7	d287d037838bec64	11.97
lit-nfc-pair	t-64k	B	11	3027.31	7	d287d037838bec64	11.97
lit-nfc-pair	t-64k	C	11	3007.37	7	d287d037838bec64	11.97
lit-nfc-pair	t-64k	M	11	7273.18	7	d287d037838bec64	11.97
lit-nfc-pair	t-64k	P	11	9466.89	7	d287d037838bec64	11.97
lit-nfc-pair	t-64k	S	11	2773.69	7	d287d037838bec64	11.97
lit-nfc-pair	t-64k	A	12	3010.03	7	d287d037838bec64	11.97
lit-nfc-pair	t-64k	B	12	3025.64	7	d287d037838bec64	11.97
lit-nfc-pair	t-64k	C	12	3020.97	7	d287d037838bec64	11.97
lit-nfc-pair	t-64k	M	12	7294.40	7	d287d037838bec64	11.97
lit-nfc-pair	t-64k	P	12	15291.84	7	d287d037838bec64	11.97
lit-nfc-pair	t-64k	S	12	2759.13	7	d287d037838bec64	11.97
lit-nfc-pair	t-64k	A	13	3040.88	7	d287d037838bec64	11.97
lit-nfc-pair	t-64k	B	13	3027.38	7	d287d037838bec64	11.97
lit-nfc-pair	t-64k	C	13	3029.18	7	d287d037838bec64	11.97
lit-nfc-pair	t-64k	M	13	7406.32	7	d287d037838bec64	11.97
lit-nfc-pair	t-64k	P	13	9438.84	7	d287d037838bec64	11.97
lit-nfc-pair	t-64k	S	13	3021.17	7	d287d037838bec64	11.97
lit-nfc-pair	t-64k	A	14	3000.31	7	d287d037838bec64	11.97
lit-nfc-pair	t-64k	B	14	3036.81	7	d287d037838bec64	11.97
lit-nfc-pair	t-64k	C	14	3045.81	7	d287d037838bec64	11.97
lit-nfc-pair	t-64k	M	14	7277.78	7	d287d037838bec64	11.97
lit-nfc-pair	t-64k	P	14	9467.19	7	d287d037838bec64	11.97
lit-nfc-pair	t-64k	S	14	2746.59	7	d287d037838bec64	11.97
lit-nfc-pair	t-256k	A	0	12575.54	25	ffd0ee5ca9be19fc	11.97
lit-nfc-pair	t-256k	B	0	12496.71	25	ffd0ee5ca9be19fc	11.97
lit-nfc-pair	t-256k	C	0	12422.62	25	ffd0ee5ca9be19fc	11.97
lit-nfc-pair	t-256k	M	0	30335.86	25	ffd0ee5ca9be19fc	11.97
lit-nfc-pair	t-256k	P	0	40024.51	25	ffd0ee5ca9be19fc	11.97
lit-nfc-pair	t-256k	S	0	11996.55	25	ffd0ee5ca9be19fc	11.97
lit-nfc-pair	t-256k	A	1	12326.79	25	ffd0ee5ca9be19fc	11.97
lit-nfc-pair	t-256k	B	1	12222.12	25	ffd0ee5ca9be19fc	11.97
lit-nfc-pair	t-256k	C	1	12119.29	25	ffd0ee5ca9be19fc	11.97
lit-nfc-pair	t-256k	M	1	30235.67	25	ffd0ee5ca9be19fc	11.97
lit-nfc-pair	t-256k	P	1	39411.12	25	ffd0ee5ca9be19fc	11.97
lit-nfc-pair	t-256k	S	1	11485.99	25	ffd0ee5ca9be19fc	11.97
lit-nfc-pair	t-256k	A	2	12213.93	25	ffd0ee5ca9be19fc	11.97
lit-nfc-pair	t-256k	B	2	12125.49	25	ffd0ee5ca9be19fc	11.97
lit-nfc-pair	t-256k	C	2	12095.57	25	ffd0ee5ca9be19fc	11.97
lit-nfc-pair	t-256k	M	2	41522.74	25	ffd0ee5ca9be19fc	11.97
lit-nfc-pair	t-256k	P	2	40351.71	25	ffd0ee5ca9be19fc	11.97
lit-nfc-pair	t-256k	S	2	11650.38	25	ffd0ee5ca9be19fc	11.97
lit-nfc-pair	t-256k	A	3	12518.59	25	ffd0ee5ca9be19fc	11.97
lit-nfc-pair	t-256k	B	3	12621.55	25	ffd0ee5ca9be19fc	11.97
lit-nfc-pair	t-256k	C	3	12403.91	25	ffd0ee5ca9be19fc	11.97
lit-nfc-pair	t-256k	M	3	30099.37	25	ffd0ee5ca9be19fc	11.97
lit-nfc-pair	t-256k	P	3	39457.93	25	ffd0ee5ca9be19fc	11.97
lit-nfc-pair	t-256k	S	3	11433.66	25	ffd0ee5ca9be19fc	11.97
lit-nfc-pair	t-256k	A	4	12336.68	25	ffd0ee5ca9be19fc	11.97
lit-nfc-pair	t-256k	B	4	12278.67	25	ffd0ee5ca9be19fc	11.97
lit-nfc-pair	t-256k	C	4	12125.88	25	ffd0ee5ca9be19fc	11.97
lit-nfc-pair	t-256k	M	4	30163.70	25	ffd0ee5ca9be19fc	11.97
lit-nfc-pair	t-256k	P	4	39766.39	25	ffd0ee5ca9be19fc	11.97
lit-nfc-pair	t-256k	S	4	11716.30	25	ffd0ee5ca9be19fc	11.97
lit-nfc-pair	t-256k	A	5	12121.67	25	ffd0ee5ca9be19fc	11.97
lit-nfc-pair	t-256k	B	5	12312.68	25	ffd0ee5ca9be19fc	11.97
lit-nfc-pair	t-256k	C	5	12093.07	25	ffd0ee5ca9be19fc	11.97
lit-nfc-pair	t-256k	M	5	30296.32	25	ffd0ee5ca9be19fc	11.97
lit-nfc-pair	t-256k	P	5	50838.32	25	ffd0ee5ca9be19fc	11.97
lit-nfc-pair	t-256k	S	5	12254.80	25	ffd0ee5ca9be19fc	11.97
lit-nfc-pair	t-256k	A	6	12549.45	25	ffd0ee5ca9be19fc	11.97
lit-nfc-pair	t-256k	B	6	15175.32	25	ffd0ee5ca9be19fc	11.97
lit-nfc-pair	t-256k	C	6	12374.64	25	ffd0ee5ca9be19fc	11.97
lit-nfc-pair	t-256k	M	6	30393.74	25	ffd0ee5ca9be19fc	11.97
lit-nfc-pair	t-256k	P	6	39407.57	25	ffd0ee5ca9be19fc	11.97
lit-nfc-pair	t-256k	S	6	11802.11	25	ffd0ee5ca9be19fc	11.97
lit-nfc-pair	t-256k	A	7	12251.78	25	ffd0ee5ca9be19fc	11.97
lit-nfc-pair	t-256k	B	7	12501.97	25	ffd0ee5ca9be19fc	11.97
lit-nfc-pair	t-256k	C	7	12095.04	25	ffd0ee5ca9be19fc	11.97
lit-nfc-pair	t-256k	M	7	30249.91	25	ffd0ee5ca9be19fc	11.97
lit-nfc-pair	t-256k	P	7	48026.17	25	ffd0ee5ca9be19fc	11.97
lit-nfc-pair	t-256k	S	7	11573.39	25	ffd0ee5ca9be19fc	11.97
lit-nfc-pair	t-256k	A	8	12467.18	25	ffd0ee5ca9be19fc	11.97
lit-nfc-pair	t-256k	B	8	12296.87	25	ffd0ee5ca9be19fc	11.97
lit-nfc-pair	t-256k	C	8	12395.61	25	ffd0ee5ca9be19fc	11.97
lit-nfc-pair	t-256k	M	8	30348.64	25	ffd0ee5ca9be19fc	11.97
lit-nfc-pair	t-256k	P	8	39855.25	25	ffd0ee5ca9be19fc	11.97
lit-nfc-pair	t-256k	S	8	11565.21	25	ffd0ee5ca9be19fc	11.97
lit-nfc-pair	t-256k	A	9	12556.30	25	ffd0ee5ca9be19fc	11.97
lit-nfc-pair	t-256k	B	9	12648.30	25	ffd0ee5ca9be19fc	11.97
lit-nfc-pair	t-256k	C	9	12312.03	25	ffd0ee5ca9be19fc	11.97
lit-nfc-pair	t-256k	M	9	30272.20	25	ffd0ee5ca9be19fc	11.97
lit-nfc-pair	t-256k	P	9	39469.00	25	ffd0ee5ca9be19fc	11.97
lit-nfc-pair	t-256k	S	9	11735.14	25	ffd0ee5ca9be19fc	11.97
lit-nfc-pair	t-256k	A	10	12350.12	25	ffd0ee5ca9be19fc	11.97
lit-nfc-pair	t-256k	B	10	12324.01	25	ffd0ee5ca9be19fc	11.97
lit-nfc-pair	t-256k	C	10	12032.67	25	ffd0ee5ca9be19fc	11.97
lit-nfc-pair	t-256k	M	10	30029.62	25	ffd0ee5ca9be19fc	11.97
lit-nfc-pair	t-256k	P	10	39381.86	25	ffd0ee5ca9be19fc	11.97
lit-nfc-pair	t-256k	S	10	11846.93	25	ffd0ee5ca9be19fc	11.97
lit-nfc-pair	t-256k	A	11	12204.59	25	ffd0ee5ca9be19fc	11.97
lit-nfc-pair	t-256k	B	11	12226.33	25	ffd0ee5ca9be19fc	11.97
lit-nfc-pair	t-256k	C	11	11990.11	25	ffd0ee5ca9be19fc	11.97
lit-nfc-pair	t-256k	M	11	30225.79	25	ffd0ee5ca9be19fc	11.97
lit-nfc-pair	t-256k	P	11	39253.99	25	ffd0ee5ca9be19fc	11.97
lit-nfc-pair	t-256k	S	11	11322.39	25	ffd0ee5ca9be19fc	11.97
lit-nfc-pair	t-256k	A	12	12195.22	25	ffd0ee5ca9be19fc	11.97
lit-nfc-pair	t-256k	B	12	12161.74	25	ffd0ee5ca9be19fc	11.97
lit-nfc-pair	t-256k	C	12	12029.38	25	ffd0ee5ca9be19fc	11.97
lit-nfc-pair	t-256k	M	12	30316.21	25	ffd0ee5ca9be19fc	11.97
lit-nfc-pair	t-256k	P	12	39303.03	25	ffd0ee5ca9be19fc	11.97
lit-nfc-pair	t-256k	S	12	11360.09	25	ffd0ee5ca9be19fc	11.97
lit-nfc-pair	t-256k	A	13	12122.45	25	ffd0ee5ca9be19fc	11.97
lit-nfc-pair	t-256k	B	13	12145.91	25	ffd0ee5ca9be19fc	11.97
lit-nfc-pair	t-256k	C	13	12022.92	25	ffd0ee5ca9be19fc	11.97
lit-nfc-pair	t-256k	M	13	30058.36	25	ffd0ee5ca9be19fc	11.97
lit-nfc-pair	t-256k	P	13	39216.95	25	ffd0ee5ca9be19fc	11.97
lit-nfc-pair	t-256k	S	13	11827.03	25	ffd0ee5ca9be19fc	11.97
lit-nfc-pair	t-256k	A	14	12290.39	25	ffd0ee5ca9be19fc	11.97
lit-nfc-pair	t-256k	B	14	12142.22	25	ffd0ee5ca9be19fc	11.97
lit-nfc-pair	t-256k	C	14	12012.64	25	ffd0ee5ca9be19fc	11.97
lit-nfc-pair	t-256k	M	14	30320.17	25	ffd0ee5ca9be19fc	11.97
lit-nfc-pair	t-256k	P	14	39199.01	25	ffd0ee5ca9be19fc	11.97
lit-nfc-pair	t-256k	S	14	11375.00	25	ffd0ee5ca9be19fc	11.97
lit-nfc-pair	t-1m	A	0	58872.05	192	fac466552384a867	11.97
lit-nfc-pair	t-1m	B	0	60906.37	192	fac466552384a867	11.97
lit-nfc-pair	t-1m	C	0	53242.47	192	fac466552384a867	11.97
lit-nfc-pair	t-1m	M	0	217248.42	192	fac466552384a867	11.97
lit-nfc-pair	t-1m	P	0	277558.95	192	fac466552384a867	11.97
lit-nfc-pair	t-1m	S	0	59048.16	192	fac466552384a867	11.97
lit-nfc-pair	t-1m	A	1	59695.63	192	fac466552384a867	11.97
lit-nfc-pair	t-1m	B	1	61437.89	192	fac466552384a867	11.97
lit-nfc-pair	t-1m	C	1	59762.11	192	fac466552384a867	11.97
lit-nfc-pair	t-1m	M	1	143967.16	192	fac466552384a867	11.97
lit-nfc-pair	t-1m	P	1	266519.16	192	fac466552384a867	11.97
lit-nfc-pair	t-1m	S	1	59861.21	192	fac466552384a867	11.97
lit-nfc-pair	t-1m	A	2	56122.63	192	fac466552384a867	11.97
lit-nfc-pair	t-1m	B	2	58000.89	192	fac466552384a867	11.97
lit-nfc-pair	t-1m	C	2	56639.89	192	fac466552384a867	11.97
lit-nfc-pair	t-1m	M	2	145032.32	192	fac466552384a867	11.97
lit-nfc-pair	t-1m	P	2	263104.32	192	fac466552384a867	11.97
lit-nfc-pair	t-1m	S	2	57614.89	192	fac466552384a867	11.97
lit-nfc-pair	t-1m	A	3	102745.21	192	fac466552384a867	11.97
lit-nfc-pair	t-1m	B	3	58241.84	192	fac466552384a867	11.97
lit-nfc-pair	t-1m	C	3	59863.32	192	fac466552384a867	11.97
lit-nfc-pair	t-1m	M	3	143534.21	192	fac466552384a867	11.97
lit-nfc-pair	t-1m	P	3	274210.53	192	fac466552384a867	11.97
lit-nfc-pair	t-1m	S	3	72463.42	192	fac466552384a867	11.97
lit-nfc-pair	t-1m	A	4	59993.05	192	fac466552384a867	11.97
lit-nfc-pair	t-1m	B	4	61050.32	192	fac466552384a867	11.97
lit-nfc-pair	t-1m	C	4	59717.26	192	fac466552384a867	11.97
lit-nfc-pair	t-1m	M	4	143104.47	192	fac466552384a867	11.97
lit-nfc-pair	t-1m	P	4	277058.53	192	fac466552384a867	11.97
lit-nfc-pair	t-1m	S	4	56772.79	192	fac466552384a867	11.97
lit-nfc-pair	t-1m	A	5	56557.11	192	fac466552384a867	11.97
lit-nfc-pair	t-1m	B	5	58766.05	192	fac466552384a867	11.97
lit-nfc-pair	t-1m	C	5	56929.42	192	fac466552384a867	11.97
lit-nfc-pair	t-1m	M	5	144226.58	192	fac466552384a867	11.97
lit-nfc-pair	t-1m	P	5	267800.53	192	fac466552384a867	11.97
lit-nfc-pair	t-1m	S	5	56124.21	192	fac466552384a867	11.97
lit-nfc-pair	t-1m	A	6	56304.53	192	fac466552384a867	11.97
lit-nfc-pair	t-1m	B	6	58509.21	192	fac466552384a867	11.97
lit-nfc-pair	t-1m	C	6	59288.58	192	fac466552384a867	11.97
lit-nfc-pair	t-1m	M	6	144599.37	192	fac466552384a867	11.97
lit-nfc-pair	t-1m	P	6	270776.16	192	fac466552384a867	11.97
lit-nfc-pair	t-1m	S	6	53721.26	192	fac466552384a867	11.97
lit-nfc-pair	t-1m	A	7	56229.68	192	fac466552384a867	11.97
lit-nfc-pair	t-1m	B	7	58032.00	192	fac466552384a867	11.97
lit-nfc-pair	t-1m	C	7	49805.42	192	fac466552384a867	11.97
lit-nfc-pair	t-1m	M	7	143376.05	192	fac466552384a867	11.97
lit-nfc-pair	t-1m	P	7	276651.95	192	fac466552384a867	11.97
lit-nfc-pair	t-1m	S	7	58770.26	192	fac466552384a867	11.97
lit-nfc-pair	t-1m	A	8	56643.05	192	fac466552384a867	11.97
lit-nfc-pair	t-1m	B	8	58032.05	192	fac466552384a867	11.97
lit-nfc-pair	t-1m	C	8	49784.37	192	fac466552384a867	11.97
lit-nfc-pair	t-1m	M	8	143953.42	192	fac466552384a867	11.97
lit-nfc-pair	t-1m	P	8	280589.89	192	fac466552384a867	11.97
lit-nfc-pair	t-1m	S	8	59773.16	192	fac466552384a867	11.97
lit-nfc-pair	t-1m	A	9	59273.26	192	fac466552384a867	11.97
lit-nfc-pair	t-1m	B	9	61249.68	192	fac466552384a867	11.97
lit-nfc-pair	t-1m	C	9	56841.84	192	fac466552384a867	11.97
lit-nfc-pair	t-1m	M	9	143963.42	192	fac466552384a867	11.97
lit-nfc-pair	t-1m	P	9	269562.84	192	fac466552384a867	11.97
lit-nfc-pair	t-1m	S	9	61717.89	192	fac466552384a867	11.97
lit-nfc-pair	t-1m	A	10	57423.00	192	fac466552384a867	11.97
lit-nfc-pair	t-1m	B	10	66624.00	192	fac466552384a867	11.97
lit-nfc-pair	t-1m	C	10	56722.21	192	fac466552384a867	11.97
lit-nfc-pair	t-1m	M	10	143787.37	192	fac466552384a867	11.97
lit-nfc-pair	t-1m	P	10	268431.16	192	fac466552384a867	11.97
lit-nfc-pair	t-1m	S	10	53818.79	192	fac466552384a867	11.97
lit-nfc-pair	t-1m	A	11	56557.63	192	fac466552384a867	11.97
lit-nfc-pair	t-1m	B	11	58121.11	192	fac466552384a867	11.97
lit-nfc-pair	t-1m	C	11	56498.63	192	fac466552384a867	11.97
lit-nfc-pair	t-1m	M	11	144455.42	192	fac466552384a867	11.97
lit-nfc-pair	t-1m	P	11	266236.00	192	fac466552384a867	11.97
lit-nfc-pair	t-1m	S	11	58917.89	192	fac466552384a867	11.97
lit-nfc-pair	t-1m	A	12	56115.26	192	fac466552384a867	11.97
lit-nfc-pair	t-1m	B	12	57836.42	192	fac466552384a867	11.97
lit-nfc-pair	t-1m	C	12	56507.05	192	fac466552384a867	11.97
lit-nfc-pair	t-1m	M	12	143195.68	192	fac466552384a867	11.97
lit-nfc-pair	t-1m	P	12	267085.47	192	fac466552384a867	11.97
lit-nfc-pair	t-1m	S	12	53521.95	192	fac466552384a867	11.97
lit-nfc-pair	t-1m	A	13	56246.53	192	fac466552384a867	11.97
lit-nfc-pair	t-1m	B	13	58144.32	192	fac466552384a867	11.97
lit-nfc-pair	t-1m	C	13	56074.63	192	fac466552384a867	11.97
lit-nfc-pair	t-1m	M	13	142849.21	192	fac466552384a867	11.97
lit-nfc-pair	t-1m	P	13	267276.95	192	fac466552384a867	11.97
lit-nfc-pair	t-1m	S	13	53935.32	192	fac466552384a867	11.97
lit-nfc-pair	t-1m	A	14	55874.26	192	fac466552384a867	11.97
lit-nfc-pair	t-1m	B	14	58537.16	192	fac466552384a867	11.97
lit-nfc-pair	t-1m	C	14	57063.84	192	fac466552384a867	11.97
lit-nfc-pair	t-1m	M	14	144140.63	192	fac466552384a867	11.97
lit-nfc-pair	t-1m	P	14	266791.79	192	fac466552384a867	11.97
lit-nfc-pair	t-1m	S	14	90370.32	192	fac466552384a867	11.97
lit-nfc-pair	t-64k-lat	A	0	8203.20	42	193f86058979b36f	11.97
lit-nfc-pair	t-64k-lat	B	0	8162.40	42	193f86058979b36f	11.97
lit-nfc-pair	t-64k-lat	C	0	8034.42	42	193f86058979b36f	11.97
lit-nfc-pair	t-64k-lat	M	0	8966.05	42	193f86058979b36f	11.97
lit-nfc-pair	t-64k-lat	P	0	19047.38	42	193f86058979b36f	11.97
lit-nfc-pair	t-64k-lat	S	0	6319.78	42	193f86058979b36f	11.97
lit-nfc-pair	t-64k-lat	A	1	8079.52	42	193f86058979b36f	11.97
lit-nfc-pair	t-64k-lat	B	1	8165.09	42	193f86058979b36f	11.97
lit-nfc-pair	t-64k-lat	C	1	8041.42	42	193f86058979b36f	11.97
lit-nfc-pair	t-64k-lat	M	1	9008.88	42	193f86058979b36f	11.97
lit-nfc-pair	t-64k-lat	P	1	19029.05	42	193f86058979b36f	11.97
lit-nfc-pair	t-64k-lat	S	1	6272.54	42	193f86058979b36f	11.97
lit-nfc-pair	t-64k-lat	A	2	8056.79	42	193f86058979b36f	11.97
lit-nfc-pair	t-64k-lat	B	2	8165.69	42	193f86058979b36f	11.97
lit-nfc-pair	t-64k-lat	C	2	8029.40	42	193f86058979b36f	11.97
lit-nfc-pair	t-64k-lat	M	2	9002.15	42	193f86058979b36f	11.97
lit-nfc-pair	t-64k-lat	P	2	18867.99	42	193f86058979b36f	11.97
lit-nfc-pair	t-64k-lat	S	2	6256.25	42	193f86058979b36f	11.97
lit-nfc-pair	t-64k-lat	A	3	8093.88	42	193f86058979b36f	11.97
lit-nfc-pair	t-64k-lat	B	3	8155.44	42	193f86058979b36f	11.97
lit-nfc-pair	t-64k-lat	C	3	8000.49	42	193f86058979b36f	11.97
lit-nfc-pair	t-64k-lat	M	3	9041.20	42	193f86058979b36f	11.97
lit-nfc-pair	t-64k-lat	P	3	18846.77	42	193f86058979b36f	11.97
lit-nfc-pair	t-64k-lat	S	3	6199.06	42	193f86058979b36f	11.97
lit-nfc-pair	t-64k-lat	A	4	8708.22	42	193f86058979b36f	11.97
lit-nfc-pair	t-64k-lat	B	4	8152.31	42	193f86058979b36f	11.97
lit-nfc-pair	t-64k-lat	C	4	8002.23	42	193f86058979b36f	11.97
lit-nfc-pair	t-64k-lat	M	4	9014.86	42	193f86058979b36f	11.97
lit-nfc-pair	t-64k-lat	P	4	18868.71	42	193f86058979b36f	11.97
lit-nfc-pair	t-64k-lat	S	4	6228.30	42	193f86058979b36f	11.97
lit-nfc-pair	t-64k-lat	A	5	8056.50	42	193f86058979b36f	11.97
lit-nfc-pair	t-64k-lat	B	5	8133.36	42	193f86058979b36f	11.97
lit-nfc-pair	t-64k-lat	C	5	8025.52	42	193f86058979b36f	11.97
lit-nfc-pair	t-64k-lat	M	5	8976.07	42	193f86058979b36f	11.97
lit-nfc-pair	t-64k-lat	P	5	18800.85	42	193f86058979b36f	11.97
lit-nfc-pair	t-64k-lat	S	5	6204.12	42	193f86058979b36f	11.97
lit-nfc-pair	t-64k-lat	A	6	8044.61	42	193f86058979b36f	11.97
lit-nfc-pair	t-64k-lat	B	6	8085.37	42	193f86058979b36f	11.97
lit-nfc-pair	t-64k-lat	C	6	8013.50	42	193f86058979b36f	11.97
lit-nfc-pair	t-64k-lat	M	6	8985.72	42	193f86058979b36f	11.97
lit-nfc-pair	t-64k-lat	P	6	18964.53	42	193f86058979b36f	11.97
lit-nfc-pair	t-64k-lat	S	6	6316.95	42	193f86058979b36f	11.97
lit-nfc-pair	t-64k-lat	A	7	8050.88	42	193f86058979b36f	11.97
lit-nfc-pair	t-64k-lat	B	7	8173.67	42	193f86058979b36f	11.97
lit-nfc-pair	t-64k-lat	C	7	8039.54	42	193f86058979b36f	11.97
lit-nfc-pair	t-64k-lat	M	7	9089.03	42	193f86058979b36f	11.97
lit-nfc-pair	t-64k-lat	P	7	18929.65	42	193f86058979b36f	11.97
lit-nfc-pair	t-64k-lat	S	7	6305.39	42	193f86058979b36f	11.97
lit-nfc-pair	t-64k-lat	A	8	8033.17	42	193f86058979b36f	11.97
lit-nfc-pair	t-64k-lat	B	8	8164.14	42	193f86058979b36f	11.97
lit-nfc-pair	t-64k-lat	C	8	8055.08	42	193f86058979b36f	11.97
lit-nfc-pair	t-64k-lat	M	8	9049.15	42	193f86058979b36f	11.97
lit-nfc-pair	t-64k-lat	P	8	20711.89	42	193f86058979b36f	11.97
lit-nfc-pair	t-64k-lat	S	8	6279.77	42	193f86058979b36f	11.97
lit-nfc-pair	t-64k-lat	A	9	8066.32	42	193f86058979b36f	11.97
lit-nfc-pair	t-64k-lat	B	9	8281.51	42	193f86058979b36f	11.97
lit-nfc-pair	t-64k-lat	C	9	8270.11	42	193f86058979b36f	11.97
lit-nfc-pair	t-64k-lat	M	9	9023.30	42	193f86058979b36f	11.97
lit-nfc-pair	t-64k-lat	P	9	18933.23	42	193f86058979b36f	11.97
lit-nfc-pair	t-64k-lat	S	9	6289.20	42	193f86058979b36f	11.97
lit-nfc-pair	t-64k-lat	A	10	8127.71	42	193f86058979b36f	11.97
lit-nfc-pair	t-64k-lat	B	10	8481.49	42	193f86058979b36f	11.97
lit-nfc-pair	t-64k-lat	C	10	8098.44	42	193f86058979b36f	11.97
lit-nfc-pair	t-64k-lat	M	10	9056.94	42	193f86058979b36f	11.97
lit-nfc-pair	t-64k-lat	P	10	18931.98	42	193f86058979b36f	11.97
lit-nfc-pair	t-64k-lat	S	10	6231.58	42	193f86058979b36f	11.97
lit-nfc-pair	t-64k-lat	A	11	8088.75	42	193f86058979b36f	11.97
lit-nfc-pair	t-64k-lat	B	11	8286.04	42	193f86058979b36f	11.97
lit-nfc-pair	t-64k-lat	C	11	8119.76	42	193f86058979b36f	11.97
lit-nfc-pair	t-64k-lat	M	11	9046.76	42	193f86058979b36f	11.97
lit-nfc-pair	t-64k-lat	P	11	19003.49	42	193f86058979b36f	11.97
lit-nfc-pair	t-64k-lat	S	11	6295.90	42	193f86058979b36f	11.97
lit-nfc-pair	t-64k-lat	A	12	8210.92	42	193f86058979b36f	11.97
lit-nfc-pair	t-64k-lat	B	12	8256.22	42	193f86058979b36f	11.97
lit-nfc-pair	t-64k-lat	C	12	8164.70	42	193f86058979b36f	11.97
lit-nfc-pair	t-64k-lat	M	12	9117.25	42	193f86058979b36f	11.97
lit-nfc-pair	t-64k-lat	P	12	19053.35	42	193f86058979b36f	11.97
lit-nfc-pair	t-64k-lat	S	12	6289.69	42	193f86058979b36f	11.97
lit-nfc-pair	t-64k-lat	A	13	8167.59	42	193f86058979b36f	11.97
lit-nfc-pair	t-64k-lat	B	13	8258.55	42	193f86058979b36f	11.97
lit-nfc-pair	t-64k-lat	C	13	8090.20	42	193f86058979b36f	11.97
lit-nfc-pair	t-64k-lat	M	13	9097.81	42	193f86058979b36f	11.97
lit-nfc-pair	t-64k-lat	P	13	18985.13	42	193f86058979b36f	11.97
lit-nfc-pair	t-64k-lat	S	13	6277.70	42	193f86058979b36f	11.97
lit-nfc-pair	t-64k-lat	A	14	8165.82	42	193f86058979b36f	11.97
lit-nfc-pair	t-64k-lat	B	14	8261.64	42	193f86058979b36f	11.97
lit-nfc-pair	t-64k-lat	C	14	8135.50	42	193f86058979b36f	11.97
lit-nfc-pair	t-64k-lat	M	14	9098.13	42	193f86058979b36f	11.97
lit-nfc-pair	t-64k-lat	P	14	19075.20	42	193f86058979b36f	11.97
lit-nfc-pair	t-64k-lat	S	14	6266.30	42	193f86058979b36f	11.97
lit-nfc-pair	t-64k-cyr	A	0	405.75	0	14650fb0739d0383	11.97
lit-nfc-pair	t-64k-cyr	B	0	391.10	0	14650fb0739d0383	11.97
lit-nfc-pair	t-64k-cyr	C	0	391.23	0	14650fb0739d0383	11.97
lit-nfc-pair	t-64k-cyr	M	0	7018.08	0	14650fb0739d0383	11.97
lit-nfc-pair	t-64k-cyr	P	0	393.17	0	14650fb0739d0383	11.97
lit-nfc-pair	t-64k-cyr	S	0	4606.32	0	14650fb0739d0383	11.97
lit-nfc-pair	t-64k-cyr	A	1	406.86	0	14650fb0739d0383	11.97
lit-nfc-pair	t-64k-cyr	B	1	393.00	0	14650fb0739d0383	11.97
lit-nfc-pair	t-64k-cyr	C	1	393.00	0	14650fb0739d0383	11.97
lit-nfc-pair	t-64k-cyr	M	1	7092.52	0	14650fb0739d0383	11.97
lit-nfc-pair	t-64k-cyr	P	1	394.74	0	14650fb0739d0383	11.97
lit-nfc-pair	t-64k-cyr	S	1	2421.22	0	14650fb0739d0383	11.97
lit-nfc-pair	t-64k-cyr	A	2	394.74	0	14650fb0739d0383	11.97
lit-nfc-pair	t-64k-cyr	B	2	392.97	0	14650fb0739d0383	11.97
lit-nfc-pair	t-64k-cyr	C	2	392.80	0	14650fb0739d0383	11.97
lit-nfc-pair	t-64k-cyr	M	2	7074.25	0	14650fb0739d0383	11.97
lit-nfc-pair	t-64k-cyr	P	2	394.68	0	14650fb0739d0383	11.97
lit-nfc-pair	t-64k-cyr	S	2	2408.48	0	14650fb0739d0383	11.97
lit-nfc-pair	t-64k-cyr	A	3	394.71	0	14650fb0739d0383	11.97
lit-nfc-pair	t-64k-cyr	B	3	394.84	0	14650fb0739d0383	11.97
lit-nfc-pair	t-64k-cyr	C	3	402.47	0	14650fb0739d0383	11.97
lit-nfc-pair	t-64k-cyr	M	3	7267.11	0	14650fb0739d0383	11.97
lit-nfc-pair	t-64k-cyr	P	3	394.71	0	14650fb0739d0383	11.97
lit-nfc-pair	t-64k-cyr	S	3	2413.24	0	14650fb0739d0383	11.97
lit-nfc-pair	t-64k-cyr	A	4	394.68	0	14650fb0739d0383	11.97
lit-nfc-pair	t-64k-cyr	B	4	394.94	0	14650fb0739d0383	11.97
lit-nfc-pair	t-64k-cyr	C	4	394.71	0	14650fb0739d0383	11.97
lit-nfc-pair	t-64k-cyr	M	4	7057.01	0	14650fb0739d0383	11.97
lit-nfc-pair	t-64k-cyr	P	4	394.64	0	14650fb0739d0383	11.97
lit-nfc-pair	t-64k-cyr	S	4	2410.71	0	14650fb0739d0383	11.97
lit-nfc-pair	t-64k-cyr	A	5	394.58	0	14650fb0739d0383	11.97
lit-nfc-pair	t-64k-cyr	B	5	394.84	0	14650fb0739d0383	11.97
lit-nfc-pair	t-64k-cyr	C	5	394.84	0	14650fb0739d0383	11.97
lit-nfc-pair	t-64k-cyr	M	5	7135.68	0	14650fb0739d0383	11.97
lit-nfc-pair	t-64k-cyr	P	5	411.33	0	14650fb0739d0383	11.97
lit-nfc-pair	t-64k-cyr	S	5	2409.26	0	14650fb0739d0383	11.97
lit-nfc-pair	t-64k-cyr	A	6	405.49	0	14650fb0739d0383	11.97
lit-nfc-pair	t-64k-cyr	B	6	394.81	0	14650fb0739d0383	11.97
lit-nfc-pair	t-64k-cyr	C	6	394.78	0	14650fb0739d0383	11.97
lit-nfc-pair	t-64k-cyr	M	6	7637.64	0	14650fb0739d0383	11.97
lit-nfc-pair	t-64k-cyr	P	6	392.97	0	14650fb0739d0383	11.97
lit-nfc-pair	t-64k-cyr	S	6	2971.73	0	14650fb0739d0383	11.97
lit-nfc-pair	t-64k-cyr	A	7	394.88	0	14650fb0739d0383	11.97
lit-nfc-pair	t-64k-cyr	B	7	394.84	0	14650fb0739d0383	11.97
lit-nfc-pair	t-64k-cyr	C	7	405.39	0	14650fb0739d0383	11.97
lit-nfc-pair	t-64k-cyr	M	7	7081.38	0	14650fb0739d0383	11.97
lit-nfc-pair	t-64k-cyr	P	7	394.78	0	14650fb0739d0383	11.97
lit-nfc-pair	t-64k-cyr	S	7	2414.52	0	14650fb0739d0383	11.97
lit-nfc-pair	t-64k-cyr	A	8	394.61	0	14650fb0739d0383	11.97
lit-nfc-pair	t-64k-cyr	B	8	394.71	0	14650fb0739d0383	11.97
lit-nfc-pair	t-64k-cyr	C	8	394.74	0	14650fb0739d0383	11.97
lit-nfc-pair	t-64k-cyr	M	8	7059.50	0	14650fb0739d0383	11.97
lit-nfc-pair	t-64k-cyr	P	8	394.65	0	14650fb0739d0383	11.97
lit-nfc-pair	t-64k-cyr	S	8	2417.84	0	14650fb0739d0383	11.97
lit-nfc-pair	t-64k-cyr	A	9	394.71	0	14650fb0739d0383	11.97
lit-nfc-pair	t-64k-cyr	B	9	394.78	0	14650fb0739d0383	11.97
lit-nfc-pair	t-64k-cyr	C	9	394.61	0	14650fb0739d0383	11.97
lit-nfc-pair	t-64k-cyr	M	9	7202.53	0	14650fb0739d0383	11.97
lit-nfc-pair	t-64k-cyr	P	9	403.15	0	14650fb0739d0383	11.97
lit-nfc-pair	t-64k-cyr	S	9	2402.66	0	14650fb0739d0383	11.97
lit-nfc-pair	t-64k-cyr	A	10	394.68	0	14650fb0739d0383	11.97
lit-nfc-pair	t-64k-cyr	B	10	402.82	0	14650fb0739d0383	11.97
lit-nfc-pair	t-64k-cyr	C	10	394.71	0	14650fb0739d0383	11.97
lit-nfc-pair	t-64k-cyr	M	10	7067.55	0	14650fb0739d0383	11.97
lit-nfc-pair	t-64k-cyr	P	10	394.78	0	14650fb0739d0383	11.97
lit-nfc-pair	t-64k-cyr	S	10	2408.67	0	14650fb0739d0383	11.97
lit-nfc-pair	t-64k-cyr	A	11	394.65	0	14650fb0739d0383	11.97
lit-nfc-pair	t-64k-cyr	B	11	394.88	0	14650fb0739d0383	11.97
lit-nfc-pair	t-64k-cyr	C	11	394.78	0	14650fb0739d0383	11.97
lit-nfc-pair	t-64k-cyr	M	11	8853.24	0	14650fb0739d0383	11.97
lit-nfc-pair	t-64k-cyr	P	11	395.11	0	14650fb0739d0383	11.97
lit-nfc-pair	t-64k-cyr	S	11	2433.04	0	14650fb0739d0383	11.97
lit-nfc-pair	t-64k-cyr	A	12	394.94	0	14650fb0739d0383	11.97
lit-nfc-pair	t-64k-cyr	B	12	394.91	0	14650fb0739d0383	11.97
lit-nfc-pair	t-64k-cyr	C	12	394.84	0	14650fb0739d0383	11.97
lit-nfc-pair	t-64k-cyr	M	12	7068.11	0	14650fb0739d0383	11.97
lit-nfc-pair	t-64k-cyr	P	12	394.74	0	14650fb0739d0383	11.97
lit-nfc-pair	t-64k-cyr	S	12	2413.01	0	14650fb0739d0383	11.97
lit-nfc-pair	t-64k-cyr	A	13	394.71	0	14650fb0739d0383	11.97
lit-nfc-pair	t-64k-cyr	B	13	394.88	0	14650fb0739d0383	11.97
lit-nfc-pair	t-64k-cyr	C	13	394.74	0	14650fb0739d0383	11.97
lit-nfc-pair	t-64k-cyr	M	13	7084.93	0	14650fb0739d0383	11.97
lit-nfc-pair	t-64k-cyr	P	13	394.65	0	14650fb0739d0383	11.97
lit-nfc-pair	t-64k-cyr	S	13	2423.71	0	14650fb0739d0383	11.97
lit-nfc-pair	t-64k-cyr	A	14	406.86	0	14650fb0739d0383	11.97
lit-nfc-pair	t-64k-cyr	B	14	396.68	0	14650fb0739d0383	11.97
lit-nfc-pair	t-64k-cyr	C	14	396.65	0	14650fb0739d0383	11.97
lit-nfc-pair	t-64k-cyr	M	14	7094.58	0	14650fb0739d0383	11.97
lit-nfc-pair	t-64k-cyr	P	14	396.65	0	14650fb0739d0383	11.97
lit-nfc-pair	t-64k-cyr	S	14	2422.30	0	14650fb0739d0383	11.97
lit-nfc-pair	t-64k-cjk	A	0	4502.26	0	14650fb0739d0383	11.97
lit-nfc-pair	t-64k-cjk	B	0	4518.68	0	14650fb0739d0383	11.97
lit-nfc-pair	t-64k-cjk	C	0	4435.70	0	14650fb0739d0383	11.97
lit-nfc-pair	t-64k-cjk	M	0	7218.30	0	14650fb0739d0383	11.97
lit-nfc-pair	t-64k-cjk	P	0	4567.50	0	14650fb0739d0383	11.97
lit-nfc-pair	t-64k-cjk	S	0	2553.37	0	14650fb0739d0383	11.97
lit-nfc-pair	t-64k-cjk	A	1	4477.03	0	14650fb0739d0383	11.97
lit-nfc-pair	t-64k-cjk	B	1	4549.33	0	14650fb0739d0383	11.97
lit-nfc-pair	t-64k-cjk	C	1	4408.11	0	14650fb0739d0383	11.97
lit-nfc-pair	t-64k-cjk	M	1	7233.50	0	14650fb0739d0383	11.97
lit-nfc-pair	t-64k-cjk	P	1	4535.37	0	14650fb0739d0383	11.97
lit-nfc-pair	t-64k-cjk	S	1	2407.98	0	14650fb0739d0383	11.97
lit-nfc-pair	t-64k-cjk	A	2	4405.88	0	14650fb0739d0383	11.97
lit-nfc-pair	t-64k-cjk	B	2	4478.90	0	14650fb0739d0383	11.97
lit-nfc-pair	t-64k-cjk	C	2	4443.07	0	14650fb0739d0383	11.97
lit-nfc-pair	t-64k-cjk	M	2	7223.25	0	14650fb0739d0383	11.97
lit-nfc-pair	t-64k-cjk	P	2	4514.67	0	14650fb0739d0383	11.97
lit-nfc-pair	t-64k-cjk	S	2	2403.09	0	14650fb0739d0383	11.97
lit-nfc-pair	t-64k-cjk	A	3	4435.93	0	14650fb0739d0383	11.97
lit-nfc-pair	t-64k-cjk	B	3	4471.61	0	14650fb0739d0383	11.97
lit-nfc-pair	t-64k-cjk	C	3	4442.01	0	14650fb0739d0383	11.97
lit-nfc-pair	t-64k-cjk	M	3	7226.54	0	14650fb0739d0383	11.97
lit-nfc-pair	t-64k-cjk	P	3	4526.60	0	14650fb0739d0383	11.97
lit-nfc-pair	t-64k-cjk	S	3	2527.88	0	14650fb0739d0383	11.97
lit-nfc-pair	t-64k-cjk	A	4	4451.93	0	14650fb0739d0383	11.97
lit-nfc-pair	t-64k-cjk	B	4	4477.46	0	14650fb0739d0383	11.97
lit-nfc-pair	t-64k-cjk	C	4	4458.30	0	14650fb0739d0383	11.97
lit-nfc-pair	t-64k-cjk	M	4	7230.35	0	14650fb0739d0383	11.97
lit-nfc-pair	t-64k-cjk	P	4	4498.87	0	14650fb0739d0383	11.97
lit-nfc-pair	t-64k-cjk	S	4	2452.72	0	14650fb0739d0383	11.97
lit-nfc-pair	t-64k-cjk	A	5	4409.46	0	14650fb0739d0383	11.97
lit-nfc-pair	t-64k-cjk	B	5	4452.07	0	14650fb0739d0383	11.97
lit-nfc-pair	t-64k-cjk	C	5	4412.78	0	14650fb0739d0383	11.97
lit-nfc-pair	t-64k-cjk	M	5	7231.47	0	14650fb0739d0383	11.97
lit-nfc-pair	t-64k-cjk	P	5	4523.58	0	14650fb0739d0383	11.97
lit-nfc-pair	t-64k-cjk	S	5	2404.14	0	14650fb0739d0383	11.97
lit-nfc-pair	t-64k-cjk	A	6	4413.33	0	14650fb0739d0383	11.97
lit-nfc-pair	t-64k-cjk	B	6	4452.75	0	14650fb0739d0383	11.97
lit-nfc-pair	t-64k-cjk	C	6	4427.53	0	14650fb0739d0383	11.97
lit-nfc-pair	t-64k-cjk	M	6	7192.01	0	14650fb0739d0383	11.97
lit-nfc-pair	t-64k-cjk	P	6	4515.63	0	14650fb0739d0383	11.97
lit-nfc-pair	t-64k-cjk	S	6	2423.62	0	14650fb0739d0383	11.97
lit-nfc-pair	t-64k-cjk	A	7	4444.31	0	14650fb0739d0383	11.97
lit-nfc-pair	t-64k-cjk	B	7	4484.49	0	14650fb0739d0383	11.97
lit-nfc-pair	t-64k-cjk	C	7	4453.28	0	14650fb0739d0383	11.97
lit-nfc-pair	t-64k-cjk	M	7	7226.05	0	14650fb0739d0383	11.97
lit-nfc-pair	t-64k-cjk	P	7	4540.20	0	14650fb0739d0383	11.97
lit-nfc-pair	t-64k-cjk	S	7	2416.23	0	14650fb0739d0383	11.97
lit-nfc-pair	t-64k-cjk	A	8	4448.81	0	14650fb0739d0383	11.97
lit-nfc-pair	t-64k-cjk	B	8	4482.68	0	14650fb0739d0383	11.97
lit-nfc-pair	t-64k-cjk	C	8	4419.11	0	14650fb0739d0383	11.97
lit-nfc-pair	t-64k-cjk	M	8	7230.71	0	14650fb0739d0383	11.97
lit-nfc-pair	t-64k-cjk	P	8	4485.87	0	14650fb0739d0383	11.97
lit-nfc-pair	t-64k-cjk	S	8	2515.10	0	14650fb0739d0383	11.97
lit-nfc-pair	t-64k-cjk	A	9	4435.18	0	14650fb0739d0383	11.97
lit-nfc-pair	t-64k-cjk	B	9	4444.84	0	14650fb0739d0383	11.97
lit-nfc-pair	t-64k-cjk	C	9	4422.44	0	14650fb0739d0383	11.97
lit-nfc-pair	t-64k-cjk	M	9	7188.70	0	14650fb0739d0383	11.97
lit-nfc-pair	t-64k-cjk	P	9	4541.45	0	14650fb0739d0383	11.97
lit-nfc-pair	t-64k-cjk	S	9	2395.92	0	14650fb0739d0383	11.97
lit-nfc-pair	t-64k-cjk	A	10	4437.68	0	14650fb0739d0383	11.97
lit-nfc-pair	t-64k-cjk	B	10	4488.72	0	14650fb0739d0383	11.97
lit-nfc-pair	t-64k-cjk	C	10	4408.96	0	14650fb0739d0383	11.97
lit-nfc-pair	t-64k-cjk	M	10	7190.93	0	14650fb0739d0383	11.97
lit-nfc-pair	t-64k-cjk	P	10	4537.93	0	14650fb0739d0383	11.97
lit-nfc-pair	t-64k-cjk	S	10	2414.15	0	14650fb0739d0383	11.97
lit-nfc-pair	t-64k-cjk	A	11	4439.48	0	14650fb0739d0383	11.97
lit-nfc-pair	t-64k-cjk	B	11	4464.91	0	14650fb0739d0383	11.97
lit-nfc-pair	t-64k-cjk	C	11	4422.56	0	14650fb0739d0383	11.97
lit-nfc-pair	t-64k-cjk	M	11	7195.83	0	14650fb0739d0383	11.97
lit-nfc-pair	t-64k-cjk	P	11	4522.89	0	14650fb0739d0383	11.97
lit-nfc-pair	t-64k-cjk	S	11	2418.33	0	14650fb0739d0383	11.97
lit-nfc-pair	t-64k-cjk	A	12	4414.91	0	14650fb0739d0383	11.97
lit-nfc-pair	t-64k-cjk	B	12	4483.07	0	14650fb0739d0383	11.97
lit-nfc-pair	t-64k-cjk	C	12	4398.45	0	14650fb0739d0383	11.97
lit-nfc-pair	t-64k-cjk	M	12	7213.63	0	14650fb0739d0383	11.97
lit-nfc-pair	t-64k-cjk	P	12	4499.92	0	14650fb0739d0383	11.97
lit-nfc-pair	t-64k-cjk	S	12	2381.90	0	14650fb0739d0383	11.97
lit-nfc-pair	t-64k-cjk	A	13	6161.09	0	14650fb0739d0383	11.97
lit-nfc-pair	t-64k-cjk	B	13	4447.20	0	14650fb0739d0383	11.97
lit-nfc-pair	t-64k-cjk	C	13	4446.22	0	14650fb0739d0383	11.97
lit-nfc-pair	t-64k-cjk	M	13	7215.47	0	14650fb0739d0383	11.97
lit-nfc-pair	t-64k-cjk	P	13	4544.96	0	14650fb0739d0383	11.97
lit-nfc-pair	t-64k-cjk	S	13	2432.88	0	14650fb0739d0383	11.97
lit-nfc-pair	t-64k-cjk	A	14	4413.66	0	14650fb0739d0383	11.97
lit-nfc-pair	t-64k-cjk	B	14	4435.77	0	14650fb0739d0383	11.97
lit-nfc-pair	t-64k-cjk	C	14	4416.62	0	14650fb0739d0383	11.97
lit-nfc-pair	t-64k-cjk	M	14	7241.45	0	14650fb0739d0383	11.97
lit-nfc-pair	t-64k-cjk	P	14	4533.43	0	14650fb0739d0383	11.97
lit-nfc-pair	t-64k-cjk	S	14	2415.60	0	14650fb0739d0383	11.97
lit-nfc-pair	t-64k-asc	A	0	392.74	0	14650fb0739d0383	11.97
lit-nfc-pair	t-64k-asc	B	0	391.26	0	14650fb0739d0383	11.97
lit-nfc-pair	t-64k-asc	C	0	407.19	0	14650fb0739d0383	11.97
lit-nfc-pair	t-64k-asc	M	0	7138.08	0	14650fb0739d0383	11.97
lit-nfc-pair	t-64k-asc	P	0	393.20	0	14650fb0739d0383	11.97
lit-nfc-pair	t-64k-asc	S	0	2420.70	0	14650fb0739d0383	11.97
lit-nfc-pair	t-64k-asc	A	1	396.95	0	14650fb0739d0383	11.97
lit-nfc-pair	t-64k-asc	B	1	396.65	0	14650fb0739d0383	11.97
lit-nfc-pair	t-64k-asc	C	1	404.57	0	14650fb0739d0383	11.97
lit-nfc-pair	t-64k-asc	M	1	7193.79	0	14650fb0739d0383	11.97
lit-nfc-pair	t-64k-asc	P	1	396.58	0	14650fb0739d0383	11.97
lit-nfc-pair	t-64k-asc	S	1	2415.90	0	14650fb0739d0383	11.97
lit-nfc-pair	t-64k-asc	A	2	396.62	0	14650fb0739d0383	11.97
lit-nfc-pair	t-64k-asc	B	2	396.55	0	14650fb0739d0383	11.97
lit-nfc-pair	t-64k-asc	C	2	396.62	0	14650fb0739d0383	11.97
lit-nfc-pair	t-64k-asc	M	2	7178.78	0	14650fb0739d0383	11.97
lit-nfc-pair	t-64k-asc	P	2	394.65	0	14650fb0739d0383	11.97
lit-nfc-pair	t-64k-asc	S	2	2407.69	0	14650fb0739d0383	11.97
lit-nfc-pair	t-64k-asc	A	3	394.78	0	14650fb0739d0383	11.97
lit-nfc-pair	t-64k-asc	B	3	394.78	0	14650fb0739d0383	11.97
lit-nfc-pair	t-64k-asc	C	3	394.68	0	14650fb0739d0383	11.97
lit-nfc-pair	t-64k-asc	M	3	7254.63	0	14650fb0739d0383	11.97
lit-nfc-pair	t-64k-asc	P	3	394.74	0	14650fb0739d0383	11.97
lit-nfc-pair	t-64k-asc	S	3	2398.06	0	14650fb0739d0383	11.97
lit-nfc-pair	t-64k-asc	A	4	403.51	0	14650fb0739d0383	11.97
lit-nfc-pair	t-64k-asc	B	4	394.68	0	14650fb0739d0383	11.97
lit-nfc-pair	t-64k-asc	C	4	394.65	0	14650fb0739d0383	11.97
lit-nfc-pair	t-64k-asc	M	4	7157.95	0	14650fb0739d0383	11.97
lit-nfc-pair	t-64k-asc	P	4	407.13	0	14650fb0739d0383	11.97
lit-nfc-pair	t-64k-asc	S	4	2509.29	0	14650fb0739d0383	11.97
lit-nfc-pair	t-64k-asc	A	5	394.71	0	14650fb0739d0383	11.97
lit-nfc-pair	t-64k-asc	B	5	394.81	0	14650fb0739d0383	11.97
lit-nfc-pair	t-64k-asc	C	5	394.58	0	14650fb0739d0383	11.97
lit-nfc-pair	t-64k-asc	M	5	7157.92	0	14650fb0739d0383	11.97
lit-nfc-pair	t-64k-asc	P	5	419.68	0	14650fb0739d0383	11.97
lit-nfc-pair	t-64k-asc	S	5	2501.73	0	14650fb0739d0383	11.97
lit-nfc-pair	t-64k-asc	A	6	394.68	0	14650fb0739d0383	11.97
lit-nfc-pair	t-64k-asc	B	6	403.71	0	14650fb0739d0383	11.97
lit-nfc-pair	t-64k-asc	C	6	394.78	0	14650fb0739d0383	11.97
lit-nfc-pair	t-64k-asc	M	6	7153.71	0	14650fb0739d0383	11.97
lit-nfc-pair	t-64k-asc	P	6	394.65	0	14650fb0739d0383	11.97
lit-nfc-pair	t-64k-asc	S	6	2404.96	0	14650fb0739d0383	11.97
lit-nfc-pair	t-64k-asc	A	7	394.68	0	14650fb0739d0383	11.97
lit-nfc-pair	t-64k-asc	B	7	394.78	0	14650fb0739d0383	11.97
lit-nfc-pair	t-64k-asc	C	7	394.78	0	14650fb0739d0383	11.97
lit-nfc-pair	t-64k-asc	M	7	7152.96	0	14650fb0739d0383	11.97
lit-nfc-pair	t-64k-asc	P	7	394.74	0	14650fb0739d0383	11.97
lit-nfc-pair	t-64k-asc	S	7	3060.79	0	14650fb0739d0383	11.97
lit-nfc-pair	t-64k-asc	A	8	394.81	0	14650fb0739d0383	11.97
lit-nfc-pair	t-64k-asc	B	8	402.63	0	14650fb0739d0383	11.97
lit-nfc-pair	t-64k-asc	C	8	394.71	0	14650fb0739d0383	11.97
lit-nfc-pair	t-64k-asc	M	8	7144.42	0	14650fb0739d0383	11.97
lit-nfc-pair	t-64k-asc	P	8	394.71	0	14650fb0739d0383	11.97
lit-nfc-pair	t-64k-asc	S	8	2427.46	0	14650fb0739d0383	11.97
lit-nfc-pair	t-64k-asc	A	9	396.58	0	14650fb0739d0383	11.97
lit-nfc-pair	t-64k-asc	B	9	396.71	0	14650fb0739d0383	11.97
lit-nfc-pair	t-64k-asc	C	9	396.58	0	14650fb0739d0383	11.97
lit-nfc-pair	t-64k-asc	M	9	7180.26	0	14650fb0739d0383	11.97
lit-nfc-pair	t-64k-asc	P	9	396.65	0	14650fb0739d0383	11.97
lit-nfc-pair	t-64k-asc	S	9	2430.71	0	14650fb0739d0383	11.97
lit-nfc-pair	t-64k-asc	A	10	394.65	0	14650fb0739d0383	11.97
lit-nfc-pair	t-64k-asc	B	10	394.74	0	14650fb0739d0383	11.97
lit-nfc-pair	t-64k-asc	C	10	405.06	0	14650fb0739d0383	11.97
lit-nfc-pair	t-64k-asc	M	10	7153.49	0	14650fb0739d0383	11.97
lit-nfc-pair	t-64k-asc	P	10	394.65	0	14650fb0739d0383	11.97
lit-nfc-pair	t-64k-asc	S	10	2438.27	0	14650fb0739d0383	11.97
lit-nfc-pair	t-64k-asc	A	11	394.68	0	14650fb0739d0383	11.97
lit-nfc-pair	t-64k-asc	B	11	394.71	0	14650fb0739d0383	11.97
lit-nfc-pair	t-64k-asc	C	11	394.74	0	14650fb0739d0383	11.97
lit-nfc-pair	t-64k-asc	M	11	7179.96	0	14650fb0739d0383	11.97
lit-nfc-pair	t-64k-asc	P	11	396.52	0	14650fb0739d0383	11.97
lit-nfc-pair	t-64k-asc	S	11	2417.87	0	14650fb0739d0383	11.97
lit-nfc-pair	t-64k-asc	A	12	396.58	0	14650fb0739d0383	11.97
lit-nfc-pair	t-64k-asc	B	12	408.87	0	14650fb0739d0383	11.97
lit-nfc-pair	t-64k-asc	C	12	394.78	0	14650fb0739d0383	11.97
lit-nfc-pair	t-64k-asc	M	12	9942.54	0	14650fb0739d0383	11.97
lit-nfc-pair	t-64k-asc	P	12	402.13	0	14650fb0739d0383	11.97
lit-nfc-pair	t-64k-asc	S	12	2404.70	0	14650fb0739d0383	11.97
lit-nfc-pair	t-64k-asc	A	13	394.71	0	14650fb0739d0383	11.97
lit-nfc-pair	t-64k-asc	B	13	394.94	0	14650fb0739d0383	11.97
lit-nfc-pair	t-64k-asc	C	13	402.96	0	14650fb0739d0383	11.97
lit-nfc-pair	t-64k-asc	M	13	7156.28	0	14650fb0739d0383	11.97
lit-nfc-pair	t-64k-asc	P	13	394.65	0	14650fb0739d0383	11.97
lit-nfc-pair	t-64k-asc	S	13	2408.67	0	14650fb0739d0383	11.97
lit-nfc-pair	t-64k-asc	A	14	394.71	0	14650fb0739d0383	11.97
lit-nfc-pair	t-64k-asc	B	14	394.74	0	14650fb0739d0383	11.97
lit-nfc-pair	t-64k-asc	C	14	394.74	0	14650fb0739d0383	11.97
lit-nfc-pair	t-64k-asc	M	14	7144.29	0	14650fb0739d0383	11.97
lit-nfc-pair	t-64k-asc	P	14	394.61	0	14650fb0739d0383	11.97
lit-nfc-pair	t-64k-asc	S	14	2539.18	0	14650fb0739d0383	11.97
