pattern	subject	algo	rounds	median_ns	ns_per_byte	ns_per_call	load1
pfx3-256	f-cnt2	serial	11	11750.0	734.3750	734.3750	1.09
pfx3-256	f-cnt2	firstbyte	11	200.0	12.5000	12.5000	1.09
pfx3-256	f-cnt2	trie	11	220.0	13.7500	13.7500	1.09
pfx3-256	f-cnt2	hash2	11	280.0	17.5000	17.5000	1.09
pfx3-256	f-cnt2	hash4	11	280.0	17.5000	17.5000	1.09
pfx3-256	f-cnt2	vm	11	220.0	13.7500	13.7500	1.09
pfx3-256	f-nar4	serial	11	6540.0	726.6667	726.6667	1.09
pfx3-256	f-nar4	firstbyte	11	120.0	13.3333	13.3333	1.09
pfx3-256	f-nar4	trie	11	140.0	15.5556	15.5556	1.09
pfx3-256	f-nar4	hash2	11	170.0	18.8889	18.8889	1.09
pfx3-256	f-nar4	hash4	11	160.0	17.7778	17.7778	1.09
pfx3-256	f-nar4	vm	11	130.0	14.4444	14.4444	1.09
pfx3-256	f-w0	serial	11	8790.0	732.5000	732.5000	1.09
pfx3-256	f-w0	firstbyte	11	150.0	12.5000	12.5000	1.09
pfx3-256	f-w0	trie	11	180.0	15.0000	15.0000	1.09
pfx3-256	f-w0	hash2	11	220.0	18.3333	18.3333	1.09
pfx3-256	f-w0	hash4	11	210.0	17.5000	17.5000	1.09
pfx3-256	f-w0	vm	11	170.0	14.1667	14.1667	1.09
pfx3-256	f-s4095	serial	11	2760.0	690.0000	690.0000	1.09
pfx3-256	f-s4095	firstbyte	11	80.0	20.0000	20.0000	1.09
pfx3-256	f-s4095	trie	11	80.0	20.0000	20.0000	1.09
pfx3-256	f-s4095	hash2	11	90.0	22.5000	22.5000	1.09
pfx3-256	f-s4095	hash4	11	80.0	20.0000	20.0000	1.09
pfx3-256	f-s4095	vm	11	80.0	20.0000	20.0000	1.09
pfx3-256	f-s0	serial	11	2760.0	690.0000	690.0000	1.09
pfx3-256	f-s0	firstbyte	11	70.0	17.5000	17.5000	1.09
pfx3-256	f-s0	trie	11	80.0	20.0000	20.0000	1.09
pfx3-256	f-s0	hash2	11	90.0	22.5000	22.5000	1.09
pfx3-256	f-s0	hash4	11	80.0	20.0000	20.0000	1.09
pfx3-256	f-s0	vm	11	80.0	20.0000	20.0000	1.09
pfx3-256	t-128k-clean	serial	11	86965662.0	663.4953	663.4953	1.09
pfx3-256	t-128k-clean	firstbyte	11	5211468.0	39.7603	39.7603	1.09
pfx3-256	t-128k-clean	trie	11	1592519.0	12.1500	12.1500	1.09
pfx3-256	t-128k-clean	hash2	11	2234492.0	17.0478	17.0478	1.09
pfx3-256	t-128k-clean	hash4	11	2343442.0	17.8790	17.8790	1.09
pfx3-256	t-128k-clean	vm	11	1517778.0	11.5797	11.5797	1.09
pfx3-256	f-w511	serial	11	4530.0	755.0000	755.0000	1.09
pfx3-256	f-w511	firstbyte	11	1090.0	181.6667	181.6667	1.09
pfx3-256	f-w511	trie	11	110.0	18.3333	18.3333	1.09
pfx3-256	f-w511	hash2	11	120.0	20.0000	20.0000	1.09
pfx3-256	f-w511	hash4	11	110.0	18.3333	18.3333	1.09
pfx3-256	f-w511	vm	11	100.0	16.6667	16.6667	1.09
pfx3-256	f-prefix	serial	11	8120.0	738.1818	738.1818	1.09
pfx3-256	f-prefix	firstbyte	11	140.0	12.7273	12.7273	1.09
pfx3-256	f-prefix	trie	11	160.0	14.5455	14.5455	1.09
pfx3-256	f-prefix	hash2	11	200.0	18.1818	18.1818	1.09
pfx3-256	f-prefix	hash4	11	190.0	17.2727	17.2727	1.09
pfx3-256	f-prefix	vm	11	160.0	14.5455	14.5455	1.09
pfx3-256	f-w2047	serial	11	5760.0	720.0000	720.0000	1.09
pfx3-256	f-w2047	firstbyte	11	110.0	13.7500	13.7500	1.09
pfx3-256	f-w2047	trie	11	130.0	16.2500	16.2500	1.09
pfx3-256	f-w2047	hash2	11	150.0	18.7500	18.7500	1.09
pfx3-256	f-w2047	hash4	11	140.0	17.5000	17.5000	1.09
pfx3-256	f-w2047	vm	11	120.0	15.0000	15.0000	1.09
pfx3-256	f-w7	serial	11	2960.0	740.0000	740.0000	1.09
pfx3-256	f-w7	firstbyte	11	1070.0	267.5000	267.5000	1.09
pfx3-256	f-w7	trie	11	80.0	20.0000	20.0000	1.09
pfx3-256	f-w7	hash2	11	90.0	22.5000	22.5000	1.09
pfx3-256	f-w7	hash4	11	80.0	20.0000	20.0000	1.09
pfx3-256	f-w7	vm	11	80.0	20.0000	20.0000	1.09
pfx3-256	t-512k-sparse	serial	11	350323858.0	668.1897	668.1897	1.16
pfx3-256	t-512k-sparse	firstbyte	11	21326593.0	40.6772	40.6772	1.16
pfx3-256	t-512k-sparse	trie	11	6393804.0	12.1952	12.1952	1.16
pfx3-256	t-512k-sparse	hash2	11	8991828.0	17.1506	17.1506	1.16
pfx3-256	t-512k-sparse	hash4	11	9368539.0	17.8691	17.8691	1.16
pfx3-256	t-512k-sparse	vm	11	6074732.0	11.5866	11.5866	1.16
pfx3-256	t-128k-dense	serial	11	87041072.0	664.0707	664.0707	1.16
pfx3-256	t-128k-dense	firstbyte	11	5347629.0	40.7992	40.7992	1.16
pfx3-256	t-128k-dense	trie	11	1597029.0	12.1844	12.1844	1.16
pfx3-256	t-128k-dense	hash2	11	2242462.0	17.1086	17.1086	1.16
pfx3-256	t-128k-dense	hash4	11	2346103.0	17.8993	17.8993	1.16
pfx3-256	t-128k-dense	vm	11	1520638.0	11.6015	11.6015	1.16
pfx3-256	f-sh1	serial	11	3450.0	690.0000	690.0000	1.16
pfx3-256	f-sh1	firstbyte	11	80.0	16.0000	16.0000	1.16
pfx3-256	f-sh1	trie	11	90.0	18.0000	18.0000	1.16
pfx3-256	f-sh1	hash2	11	110.0	22.0000	22.0000	1.16
pfx3-256	f-sh1	hash4	11	100.0	20.0000	20.0000	1.16
pfx3-256	f-sh1	vm	11	90.0	18.0000	18.0000	1.16
pfx3-256	f-glued	serial	11	12740.0	707.7778	707.7778	1.16
pfx3-256	f-glued	firstbyte	11	220.0	12.2222	12.2222	1.16
pfx3-256	f-glued	trie	11	250.0	13.8889	13.8889	1.16
pfx3-256	f-glued	hash2	11	310.0	17.2222	17.2222	1.16
pfx3-256	f-glued	hash4	11	310.0	17.2222	17.2222	1.16
pfx3-256	f-glued	vm	11	240.0	13.3333	13.3333	1.16
pfx3-256	f-w255	serial	11	5000.0	714.2857	714.2857	1.16
pfx3-256	f-w255	firstbyte	11	100.0	14.2857	14.2857	1.16
pfx3-256	f-w255	trie	11	120.0	17.1429	17.1429	1.16
pfx3-256	f-w255	hash2	11	140.0	20.0000	20.0000	1.16
pfx3-256	f-w255	hash4	11	130.0	18.5714	18.5714	1.16
pfx3-256	f-w255	vm	11	110.0	15.7143	15.7143	1.16
pfx3-256	f-pfx3	serial	11	5230.0	653.7500	653.7500	1.16
pfx3-256	f-pfx3	firstbyte	11	1130.0	141.2500	141.2500	1.16
pfx3-256	f-pfx3	trie	11	150.0	18.7500	18.7500	1.16
pfx3-256	f-pfx3	hash2	11	170.0	21.2500	21.2500	1.16
pfx3-256	f-pfx3	hash4	11	160.0	20.0000	20.0000	1.16
pfx3-256	f-pfx3	vm	11	140.0	17.5000	17.5000	1.16
pfx3-256	t-128k-sparse	serial	11	87075772.0	664.3354	664.3354	1.16
pfx3-256	t-128k-sparse	firstbyte	11	5269248.0	40.2012	40.2012	1.16
pfx3-256	t-128k-sparse	trie	11	1592788.0	12.1520	12.1520	1.16
pfx3-256	t-128k-sparse	hash2	11	2231212.0	17.0228	17.0228	1.16
pfx3-256	t-128k-sparse	hash4	11	2338992.0	17.8451	17.8451	1.16
pfx3-256	t-128k-sparse	vm	11	1517818.0	11.5800	11.5800	1.16
pfx3-256	f-bg	serial	11	5750.0	718.7500	718.7500	1.16
pfx3-256	f-bg	firstbyte	11	110.0	13.7500	13.7500	1.16
pfx3-256	f-bg	trie	11	130.0	16.2500	16.2500	1.16
pfx3-256	f-bg	hash2	11	150.0	18.7500	18.7500	1.16
pfx3-256	f-bg	hash4	11	150.0	18.7500	18.7500	1.16
pfx3-256	f-bg	vm	11	120.0	15.0000	15.0000	1.16
pfx3-256	f-upper	serial	11	8770.0	730.8333	730.8333	1.16
pfx3-256	f-upper	firstbyte	11	150.0	12.5000	12.5000	1.16
pfx3-256	f-upper	trie	11	170.0	14.1667	14.1667	1.16
pfx3-256	f-upper	hash2	11	220.0	18.3333	18.3333	1.16
pfx3-256	f-upper	hash4	11	210.0	17.5000	17.5000	1.16
pfx3-256	f-upper	vm	11	170.0	14.1667	14.1667	1.16
pfx3-256	f-near	serial	11	8710.0	725.8333	725.8333	1.16
pfx3-256	f-near	firstbyte	11	150.0	12.5000	12.5000	1.16
pfx3-256	f-near	trie	11	180.0	15.0000	15.0000	1.16
pfx3-256	f-near	hash2	11	220.0	18.3333	18.3333	1.16
pfx3-256	f-near	hash4	11	210.0	17.5000	17.5000	1.16
pfx3-256	f-near	vm	11	170.0	14.1667	14.1667	1.16
pfx3-256	f-sfx	serial	11	6540.0	726.6667	726.6667	1.16
pfx3-256	f-sfx	firstbyte	11	120.0	13.3333	13.3333	1.16
pfx3-256	f-sfx	trie	11	140.0	15.5556	15.5556	1.16
pfx3-256	f-sfx	hash2	11	170.0	18.8889	18.8889	1.16
pfx3-256	f-sfx	hash4	11	160.0	17.7778	17.7778	1.16
pfx3-256	f-sfx	vm	11	140.0	15.5556	15.5556	1.16
srt-2048	f-cnt2	serial	11	102130.0	6383.1250	6383.1250	1.16
srt-2048	f-cnt2	firstbyte	11	5250.0	328.1250	328.1250	1.16
srt-2048	f-cnt2	trie	11	910.0	56.8750	56.8750	1.16
srt-2048	f-cnt2	hash2	11	580.0	36.2500	36.2500	1.16
srt-2048	f-cnt2	hash4	11	8690.0	543.1250	543.1250	1.16
srt-2048	f-cnt2	vm	11	820.0	51.2500	51.2500	1.16
srt-2048	f-nar4	serial	11	67261.0	7473.4444	7473.4444	1.16
srt-2048	f-nar4	firstbyte	11	3190.0	354.4444	354.4444	1.16
srt-2048	f-nar4	trie	11	360.0	40.0000	40.0000	1.16
srt-2048	f-nar4	hash2	11	370.0	41.1111	41.1111	1.16
srt-2048	f-nar4	hash4	11	4810.0	534.4444	534.4444	1.16
srt-2048	f-nar4	vm	11	380.0	42.2222	42.2222	1.16
srt-2048	f-w0	serial	11	86720.0	7226.6667	7226.6667	1.16
srt-2048	f-w0	firstbyte	11	3880.0	323.3333	323.3333	1.16
srt-2048	f-w0	trie	11	610.0	50.8333	50.8333	1.16
srt-2048	f-w0	hash2	11	460.0	38.3333	38.3333	1.16
srt-2048	f-w0	hash4	11	6500.0	541.6667	541.6667	1.16
srt-2048	f-w0	vm	11	630.0	52.5000	52.5000	1.16
srt-2048	f-s4095	serial	11	23890.0	5972.5000	5972.5000	1.16
srt-2048	f-s4095	firstbyte	11	1250.0	312.5000	312.5000	1.16
srt-2048	f-s4095	trie	11	170.0	42.5000	42.5000	1.16
srt-2048	f-s4095	hash2	11	140.0	35.0000	35.0000	1.16
srt-2048	f-s4095	hash4	11	2120.0	530.0000	530.0000	1.16
srt-2048	f-s4095	vm	11	180.0	45.0000	45.0000	1.16
srt-2048	f-s0	serial	11	23941.0	5985.2500	5985.2500	1.16
srt-2048	f-s0	firstbyte	11	1230.0	307.5000	307.5000	1.16
srt-2048	f-s0	trie	11	140.0	35.0000	35.0000	1.16
srt-2048	f-s0	hash2	11	130.0	32.5000	32.5000	1.16
srt-2048	f-s0	hash4	11	2140.0	535.0000	535.0000	1.16
srt-2048	f-s0	vm	11	150.0	37.5000	37.5000	1.16
srt-2048	t-128k-clean	serial	11	732211615.0	5586.3313	5586.3313	1.45
srt-2048	t-128k-clean	firstbyte	11	37330498.0	284.8091	284.8091	1.45
srt-2048	t-128k-clean	trie	11	6926037.0	52.8415	52.8415	1.45
srt-2048	t-128k-clean	hash2	11	5356569.0	40.8674	40.8674	1.45
srt-2048	t-128k-clean	hash4	11	71512910.0	545.6002	545.6002	1.45
srt-2048	t-128k-clean	vm	11	6859936.0	52.3372	52.3372	1.49
srt-2048	f-w511	serial	11	38080.0	6346.6667	6346.6667	1.49
srt-2048	f-w511	firstbyte	11	1860.0	310.0000	310.0000	1.49
srt-2048	f-w511	trie	11	300.0	50.0000	50.0000	1.49
srt-2048	f-w511	hash2	11	240.0	40.0000	40.0000	1.49
srt-2048	f-w511	hash4	11	3270.0	545.0000	545.0000	1.49
srt-2048	f-w511	vm	11	240.0	40.0000	40.0000	1.49
srt-2048	f-prefix	serial	11	81560.0	7414.5455	7414.5455	1.49
srt-2048	f-prefix	firstbyte	11	3690.0	335.4545	335.4545	1.49
srt-2048	f-prefix	trie	11	600.0	54.5455	54.5455	1.49
srt-2048	f-prefix	hash2	11	410.0	37.2727	37.2727	1.49
srt-2048	f-prefix	hash4	11	5870.0	533.6364	533.6364	1.49
srt-2048	f-prefix	vm	11	590.0	53.6364	53.6364	1.49
srt-2048	f-w2047	serial	11	59860.0	7482.5000	7482.5000	1.49
srt-2048	f-w2047	firstbyte	11	2700.0	337.5000	337.5000	1.49
srt-2048	f-w2047	trie	11	410.0	51.2500	51.2500	1.49
srt-2048	f-w2047	hash2	11	340.0	42.5000	42.5000	1.49
srt-2048	f-w2047	hash4	11	4320.0	540.0000	540.0000	1.49
srt-2048	f-w2047	vm	11	450.0	56.2500	56.2500	1.49
srt-2048	f-w7	serial	11	21890.0	5472.5000	5472.5000	1.49
srt-2048	f-w7	firstbyte	11	1250.0	312.5000	312.5000	1.49
srt-2048	f-w7	trie	11	170.0	42.5000	42.5000	1.49
srt-2048	f-w7	hash2	11	150.0	37.5000	37.5000	1.49
srt-2048	f-w7	hash4	11	2100.0	525.0000	525.0000	1.49
srt-2048	f-w7	vm	11	200.0	50.0000	50.0000	1.49
srt-2048	t-512k-sparse	serial	11	2931734455.0	5591.8397	5591.8397	1.91
srt-2048	t-512k-sparse	firstbyte	11	149446503.0	285.0466	285.0466	1.91
srt-2048	t-512k-sparse	trie	11	27723097.0	52.8776	52.8776	1.91
srt-2048	t-512k-sparse	hash2	11	21483834.0	40.9772	40.9772	1.91
srt-2048	t-512k-sparse	hash4	11	280485738.0	534.9841	534.9841	1.92
srt-2048	t-512k-sparse	vm	11	27520396.0	52.4910	52.4910	1.92
srt-2048	t-128k-dense	serial	11	729822653.0	5568.1050	5568.1050	1.93
srt-2048	t-128k-dense	firstbyte	11	37756981.0	288.0629	288.0629	1.93
srt-2048	t-128k-dense	trie	11	6994078.0	53.3606	53.3606	1.93
srt-2048	t-128k-dense	hash2	11	5381809.0	41.0599	41.0599	1.93
srt-2048	t-128k-dense	hash4	11	69859051.0	532.9823	532.9823	1.93
srt-2048	t-128k-dense	vm	11	6941187.0	52.9571	52.9571	1.93
srt-2048	f-sh1	serial	11	31580.0	6316.0000	6316.0000	1.93
srt-2048	f-sh1	firstbyte	11	1670.0	334.0000	334.0000	1.93
srt-2048	f-sh1	trie	11	260.0	52.0000	52.0000	1.93
srt-2048	f-sh1	hash2	11	160.0	32.0000	32.0000	1.93
srt-2048	f-sh1	hash4	11	2670.0	534.0000	534.0000	1.93
srt-2048	f-sh1	vm	11	240.0	48.0000	48.0000	1.93
srt-2048	f-glued	serial	11	119831.0	6657.2778	6657.2778	1.93
srt-2048	f-glued	firstbyte	11	5841.0	324.5000	324.5000	1.93
srt-2048	f-glued	trie	11	1010.0	56.1111	56.1111	1.93
srt-2048	f-glued	hash2	11	610.0	33.8889	33.8889	1.93
srt-2048	f-glued	hash4	11	9680.0	537.7778	537.7778	1.93
srt-2048	f-glued	vm	11	990.0	55.0000	55.0000	1.93
srt-2048	f-w255	serial	11	44130.0	6304.2857	6304.2857	1.93
srt-2048	f-w255	firstbyte	11	2310.0	330.0000	330.0000	1.93
srt-2048	f-w255	trie	11	380.0	54.2857	54.2857	1.93
srt-2048	f-w255	hash2	11	290.0	41.4286	41.4286	1.93
srt-2048	f-w255	hash4	11	3801.0	543.0000	543.0000	1.93
srt-2048	f-w255	vm	11	360.0	51.4286	51.4286	1.93
srt-2048	f-pfx3	serial	11	58450.0	7306.2500	7306.2500	1.93
srt-2048	f-pfx3	firstbyte	11	2740.0	342.5000	342.5000	1.93
srt-2048	f-pfx3	trie	11	440.0	55.0000	55.0000	1.93
srt-2048	f-pfx3	hash2	11	290.0	36.2500	36.2500	1.93
srt-2048	f-pfx3	hash4	11	4240.0	530.0000	530.0000	1.93
srt-2048	f-pfx3	vm	11	450.0	56.2500	56.2500	1.93
srt-2048	t-128k-sparse	serial	11	733920624.0	5599.3700	5599.3700	1.94
srt-2048	t-128k-sparse	firstbyte	11	37266368.0	284.3198	284.3198	1.94
srt-2048	t-128k-sparse	trie	11	6929727.0	52.8696	52.8696	1.94
srt-2048	t-128k-sparse	hash2	11	5361899.0	40.9080	40.9080	1.94
srt-2048	t-128k-sparse	hash4	11	69626969.0	531.2116	531.2116	1.94
srt-2048	t-128k-sparse	vm	11	6863937.0	52.3677	52.3677	1.94
srt-2048	f-bg	serial	11	59131.0	7391.3750	7391.3750	1.94
srt-2048	f-bg	firstbyte	11	2570.0	321.2500	321.2500	1.94
srt-2048	f-bg	trie	11	380.0	47.5000	47.5000	1.94
srt-2048	f-bg	hash2	11	310.0	38.7500	38.7500	1.94
srt-2048	f-bg	hash4	11	4300.0	537.5000	537.5000	1.94
srt-2048	f-bg	vm	11	320.0	40.0000	40.0000	1.94
srt-2048	f-upper	serial	11	85071.0	7089.2500	7089.2500	1.94
srt-2048	f-upper	firstbyte	11	150.0	12.5000	12.5000	1.94
srt-2048	f-upper	trie	11	290.0	24.1667	24.1667	1.94
srt-2048	f-upper	hash2	11	220.0	18.3333	18.3333	1.94
srt-2048	f-upper	hash4	11	5910.0	492.5000	492.5000	1.94
srt-2048	f-upper	vm	11	290.0	24.1667	24.1667	1.94
srt-2048	f-near	serial	11	87030.0	7252.5000	7252.5000	1.94
srt-2048	f-near	firstbyte	11	4080.0	340.0000	340.0000	1.94
srt-2048	f-near	trie	11	630.0	52.5000	52.5000	1.94
srt-2048	f-near	hash2	11	460.0	38.3333	38.3333	1.94
srt-2048	f-near	hash4	11	6490.0	540.8333	540.8333	1.94
srt-2048	f-near	vm	11	600.0	50.0000	50.0000	1.94
srt-2048	f-sfx	serial	11	67180.0	7464.4444	7464.4444	1.94
srt-2048	f-sfx	firstbyte	11	3090.0	343.3333	343.3333	1.94
srt-2048	f-sfx	trie	11	400.0	44.4444	44.4444	1.94
srt-2048	f-sfx	hash2	11	330.0	36.6667	36.6667	1.94
srt-2048	f-sfx	hash4	11	4830.0	536.6667	536.6667	1.94
srt-2048	f-sfx	vm	11	410.0	45.5556	45.5556	1.94
sh1-64	f-cnt2	serial	11	2910.0	181.8750	181.8750	1.94
sh1-64	f-cnt2	firstbyte	11	190.0	11.8750	11.8750	1.94
sh1-64	f-cnt2	trie	11	220.0	13.7500	13.7500	1.94
sh1-64	f-cnt2	hash2	11	280.0	17.5000	17.5000	1.94
sh1-64	f-cnt2	hash4	11	330.0	20.6250	20.6250	1.94
sh1-64	f-cnt2	vm	11	220.0	13.7500	13.7500	1.94
sh1-64	f-nar4	serial	11	1640.0	182.2222	182.2222	1.94
sh1-64	f-nar4	firstbyte	11	120.0	13.3333	13.3333	1.94
sh1-64	f-nar4	trie	11	140.0	15.5556	15.5556	1.94
sh1-64	f-nar4	hash2	11	170.0	18.8889	18.8889	1.94
sh1-64	f-nar4	hash4	11	190.0	21.1111	21.1111	1.94
sh1-64	f-nar4	vm	11	140.0	15.5556	15.5556	1.94
sh1-64	f-w0	serial	11	2140.0	178.3333	178.3333	1.94
sh1-64	f-w0	firstbyte	11	160.0	13.3333	13.3333	1.94
sh1-64	f-w0	trie	11	180.0	15.0000	15.0000	1.94
sh1-64	f-w0	hash2	11	220.0	18.3333	18.3333	1.94
sh1-64	f-w0	hash4	11	250.0	20.8333	20.8333	1.94
sh1-64	f-w0	vm	11	170.0	14.1667	14.1667	1.94
sh1-64	f-s4095	serial	11	810.0	202.5000	202.5000	1.94
sh1-64	f-s4095	firstbyte	11	320.0	80.0000	80.0000	1.94
sh1-64	f-s4095	trie	11	80.0	20.0000	20.0000	1.94
sh1-64	f-s4095	hash2	11	100.0	25.0000	25.0000	1.94
sh1-64	f-s4095	hash4	11	90.0	22.5000	22.5000	1.94
sh1-64	f-s4095	vm	11	80.0	20.0000	20.0000	1.94
sh1-64	f-s0	serial	11	780.0	195.0000	195.0000	1.94
sh1-64	f-s0	firstbyte	11	300.0	75.0000	75.0000	1.94
sh1-64	f-s0	trie	11	100.0	25.0000	25.0000	1.94
sh1-64	f-s0	hash2	11	90.0	22.5000	22.5000	1.94
sh1-64	f-s0	hash4	11	90.0	22.5000	22.5000	1.94
sh1-64	f-s0	vm	11	90.0	22.5000	22.5000	1.94
sh1-64	t-128k-clean	serial	11	22106807.0	168.6616	168.6616	1.94
sh1-64	t-128k-clean	firstbyte	11	2339403.0	17.8482	17.8482	1.94
sh1-64	t-128k-clean	trie	11	1663808.0	12.6938	12.6938	1.94
sh1-64	t-128k-clean	hash2	11	2214432.0	16.8948	16.8948	1.94
sh1-64	t-128k-clean	hash4	11	2596794.0	19.8120	19.8120	1.94
sh1-64	t-128k-clean	vm	11	1580978.0	12.0619	12.0619	1.94
sh1-64	f-w511	serial	11	1091.0	181.8333	181.8333	1.94
sh1-64	f-w511	firstbyte	11	90.0	15.0000	15.0000	1.94
sh1-64	f-w511	trie	11	100.0	16.6667	16.6667	1.94
sh1-64	f-w511	hash2	11	120.0	20.0000	20.0000	1.94
sh1-64	f-w511	hash4	11	120.0	20.0000	20.0000	1.94
sh1-64	f-w511	vm	11	100.0	16.6667	16.6667	1.94
sh1-64	f-prefix	serial	11	1980.0	180.0000	180.0000	1.94
sh1-64	f-prefix	firstbyte	11	140.0	12.7273	12.7273	1.94
sh1-64	f-prefix	trie	11	160.0	14.5455	14.5455	1.94
sh1-64	f-prefix	hash2	11	200.0	18.1818	18.1818	1.94
sh1-64	f-prefix	hash4	11	210.0	19.0909	19.0909	1.94
sh1-64	f-prefix	vm	11	160.0	14.5455	14.5455	1.94
sh1-64	f-w2047	serial	11	1440.0	180.0000	180.0000	1.94
sh1-64	f-w2047	firstbyte	11	110.0	13.7500	13.7500	1.94
sh1-64	f-w2047	trie	11	130.0	16.2500	16.2500	1.94
sh1-64	f-w2047	hash2	11	150.0	18.7500	18.7500	1.94
sh1-64	f-w2047	hash4	11	160.0	20.0000	20.0000	1.94
sh1-64	f-w2047	vm	11	120.0	15.0000	15.0000	1.94
sh1-64	f-w7	serial	11	720.0	180.0000	180.0000	1.94
sh1-64	f-w7	firstbyte	11	70.0	17.5000	17.5000	1.94
sh1-64	f-w7	trie	11	80.0	20.0000	20.0000	1.94
sh1-64	f-w7	hash2	11	90.0	22.5000	22.5000	1.94
sh1-64	f-w7	hash4	11	100.0	25.0000	25.0000	1.94
sh1-64	f-w7	vm	11	80.0	20.0000	20.0000	1.94
sh1-64	t-512k-sparse	serial	11	88517619.0	168.8340	168.8340	1.94
sh1-64	t-512k-sparse	firstbyte	11	9296059.0	17.7308	17.7308	1.94
sh1-64	t-512k-sparse	trie	11	6656396.0	12.6961	12.6961	1.94
sh1-64	t-512k-sparse	hash2	11	8883887.0	16.9447	16.9447	1.94
sh1-64	t-512k-sparse	hash4	11	10447185.0	19.9264	19.9264	1.94
sh1-64	t-512k-sparse	vm	11	6315674.0	12.0462	12.0462	1.94
sh1-64	t-128k-dense	serial	11	22117577.0	168.7437	168.7437	1.94
sh1-64	t-128k-dense	firstbyte	11	2366212.0	18.0528	18.0528	1.94
sh1-64	t-128k-dense	trie	11	1667428.0	12.7215	12.7215	1.94
sh1-64	t-128k-dense	hash2	11	2219902.0	16.9365	16.9365	1.94
sh1-64	t-128k-dense	hash4	11	2622544.0	20.0084	20.0084	1.94
sh1-64	t-128k-dense	vm	11	1589699.0	12.1284	12.1284	1.94
sh1-64	f-sh1	serial	11	1080.0	216.0000	216.0000	1.94
sh1-64	f-sh1	firstbyte	11	520.0	104.0000	104.0000	1.94
sh1-64	f-sh1	trie	11	130.0	26.0000	26.0000	1.94
sh1-64	f-sh1	hash2	11	190.0	38.0000	38.0000	1.94
sh1-64	f-sh1	hash4	11	170.0	34.0000	34.0000	1.94
sh1-64	f-sh1	vm	11	130.0	26.0000	26.0000	1.94
sh1-64	f-glued	serial	11	3210.0	178.3333	178.3333	1.94
sh1-64	f-glued	firstbyte	11	230.0	12.7778	12.7778	1.94
sh1-64	f-glued	trie	11	300.0	16.6667	16.6667	1.94
sh1-64	f-glued	hash2	11	390.0	21.6667	21.6667	1.94
sh1-64	f-glued	hash4	11	530.0	29.4444	29.4444	1.94
sh1-64	f-glued	vm	11	260.0	14.4444	14.4444	1.94
sh1-64	f-w255	serial	11	1870.0	267.1429	267.1429	1.94
sh1-64	f-w255	firstbyte	11	430.0	61.4286	61.4286	1.94
sh1-64	f-w255	trie	11	170.0	24.2857	24.2857	1.94
sh1-64	f-w255	hash2	11	190.0	27.1429	27.1429	1.94
sh1-64	f-w255	hash4	11	200.0	28.5714	28.5714	1.94
sh1-64	f-w255	vm	11	170.0	24.2857	24.2857	1.94
sh1-64	f-pfx3	serial	11	1830.0	228.7500	228.7500	1.94
sh1-64	f-pfx3	firstbyte	11	120.0	15.0000	15.0000	1.94
sh1-64	f-pfx3	trie	11	140.0	17.5000	17.5000	1.94
sh1-64	f-pfx3	hash2	11	190.0	23.7500	23.7500	1.94
sh1-64	f-pfx3	hash4	11	230.0	28.7500	28.7500	1.94
sh1-64	f-pfx3	vm	11	140.0	17.5000	17.5000	1.94
sh1-64	t-128k-sparse	serial	11	22159538.0	169.0639	169.0639	1.94
sh1-64	t-128k-sparse	firstbyte	11	2339823.0	17.8514	17.8514	2.03
sh1-64	t-128k-sparse	trie	11	1664699.0	12.7006	12.7006	2.03
sh1-64	t-128k-sparse	hash2	11	2213582.0	16.8883	16.8883	2.03
sh1-64	t-128k-sparse	hash4	11	2598653.0	19.8261	19.8261	2.03
sh1-64	t-128k-sparse	vm	11	1581118.0	12.0630	12.0630	2.03
sh1-64	f-bg	serial	11	2120.0	265.0000	265.0000	2.03
sh1-64	f-bg	firstbyte	11	740.0	92.5000	92.5000	2.03
sh1-64	f-bg	trie	11	190.0	23.7500	23.7500	2.03
sh1-64	f-bg	hash2	11	230.0	28.7500	28.7500	2.03
sh1-64	f-bg	hash4	11	260.0	32.5000	32.5000	2.03
sh1-64	f-bg	vm	11	160.0	20.0000	20.0000	2.03
sh1-64	f-upper	serial	11	2770.0	230.8333	230.8333	2.03
sh1-64	f-upper	firstbyte	11	160.0	13.3333	13.3333	2.03
sh1-64	f-upper	trie	11	210.0	17.5000	17.5000	2.03
sh1-64	f-upper	hash2	11	280.0	23.3333	23.3333	2.03
sh1-64	f-upper	hash4	11	350.0	29.1667	29.1667	2.03
sh1-64	f-upper	vm	11	190.0	15.8333	15.8333	2.03
sh1-64	f-near	serial	11	2740.0	228.3333	228.3333	2.03
sh1-64	f-near	firstbyte	11	160.0	13.3333	13.3333	2.03
sh1-64	f-near	trie	11	210.0	17.5000	17.5000	2.03
sh1-64	f-near	hash2	11	270.0	22.5000	22.5000	2.03
sh1-64	f-near	hash4	11	340.0	28.3333	28.3333	2.03
sh1-64	f-near	vm	11	180.0	15.0000	15.0000	2.03
sh1-64	f-sfx	serial	11	2030.0	225.5556	225.5556	2.03
sh1-64	f-sfx	firstbyte	11	130.0	14.4444	14.4444	2.03
sh1-64	f-sfx	trie	11	170.0	18.8889	18.8889	2.03
sh1-64	f-sfx	hash2	11	210.0	23.3333	23.3333	2.03
sh1-64	f-sfx	hash4	11	260.0	28.8889	28.8889	2.03
sh1-64	f-sfx	vm	11	130.0	14.4444	14.4444	2.03
sh1-512	f-cnt2	serial	11	25081.0	1567.5625	1567.5625	2.03
sh1-512	f-cnt2	firstbyte	11	200.0	12.5000	12.5000	2.03
sh1-512	f-cnt2	trie	11	220.0	13.7500	13.7500	2.03
sh1-512	f-cnt2	hash2	11	280.0	17.5000	17.5000	2.03
sh1-512	f-cnt2	hash4	11	790.0	49.3750	49.3750	2.03
sh1-512	f-cnt2	vm	11	220.0	13.7500	13.7500	2.03
sh1-512	f-nar4	serial	11	14351.0	1594.5556	1594.5556	2.03
sh1-512	f-nar4	firstbyte	11	120.0	13.3333	13.3333	2.03
sh1-512	f-nar4	trie	11	140.0	15.5556	15.5556	2.03
sh1-512	f-nar4	hash2	11	170.0	18.8889	18.8889	2.03
sh1-512	f-nar4	hash4	11	450.0	50.0000	50.0000	2.03
sh1-512	f-nar4	vm	11	130.0	14.4444	14.4444	2.03
sh1-512	f-w0	serial	11	19190.0	1599.1667	1599.1667	2.03
sh1-512	f-w0	firstbyte	11	150.0	12.5000	12.5000	2.03
sh1-512	f-w0	trie	11	180.0	15.0000	15.0000	2.03
sh1-512	f-w0	hash2	11	220.0	18.3333	18.3333	2.03
sh1-512	f-w0	hash4	11	600.0	50.0000	50.0000	2.03
sh1-512	f-w0	vm	11	170.0	14.1667	14.1667	2.03
sh1-512	f-s4095	serial	11	6540.0	1635.0000	1635.0000	2.03
sh1-512	f-s4095	firstbyte	11	2400.0	600.0000	600.0000	2.03
sh1-512	f-s4095	trie	11	90.0	22.5000	22.5000	2.03
sh1-512	f-s4095	hash2	11	190.0	47.5000	47.5000	2.03
sh1-512	f-s4095	hash4	11	220.0	55.0000	55.0000	2.03
sh1-512	f-s4095	vm	11	100.0	25.0000	25.0000	2.03
sh1-512	f-s0	serial	11	6420.0	1605.0000	1605.0000	2.03
sh1-512	f-s0	firstbyte	11	2340.0	585.0000	585.0000	2.03
sh1-512	f-s0	trie	11	110.0	27.5000	27.5000	2.03
sh1-512	f-s0	hash2	11	200.0	50.0000	50.0000	2.03
sh1-512	f-s0	hash4	11	220.0	55.0000	55.0000	2.03
sh1-512	f-s0	vm	11	100.0	25.0000	25.0000	2.03
sh1-512	t-128k-clean	serial	11	181825944.0	1387.2219	1387.2219	2.03
sh1-512	t-128k-clean	firstbyte	11	10141884.0	77.3764	77.3764	2.03
sh1-512	t-128k-clean	trie	11	1719519.0	13.1189	13.1189	2.03
sh1-512	t-128k-clean	hash2	11	2563734.0	19.5597	19.5597	2.03
sh1-512	t-128k-clean	hash4	11	7030098.0	53.6354	53.6354	2.03
sh1-512	t-128k-clean	vm	11	1633978.0	12.4663	12.4663	2.03
sh1-512	f-w511	serial	11	9220.0	1536.6667	1536.6667	2.03
sh1-512	f-w511	firstbyte	11	90.0	15.0000	15.0000	2.03
sh1-512	f-w511	trie	11	100.0	16.6667	16.6667	2.03
sh1-512	f-w511	hash2	11	120.0	20.0000	20.0000	2.03
sh1-512	f-w511	hash4	11	320.0	53.3333	53.3333	2.03
sh1-512	f-w511	vm	11	100.0	16.6667	16.6667	2.03
sh1-512	f-prefix	serial	11	18050.0	1640.9091	1640.9091	2.03
sh1-512	f-prefix	firstbyte	11	140.0	12.7273	12.7273	2.03
sh1-512	f-prefix	trie	11	160.0	14.5455	14.5455	2.03
sh1-512	f-prefix	hash2	11	200.0	18.1818	18.1818	2.03
sh1-512	f-prefix	hash4	11	550.0	50.0000	50.0000	2.03
sh1-512	f-prefix	vm	11	160.0	14.5455	14.5455	2.03
sh1-512	f-w2047	serial	11	12630.0	1578.7500	1578.7500	2.03
sh1-512	f-w2047	firstbyte	11	110.0	13.7500	13.7500	2.03
sh1-512	f-w2047	trie	11	130.0	16.2500	16.2500	2.03
sh1-512	f-w2047	hash2	11	150.0	18.7500	18.7500	2.03
sh1-512	f-w2047	hash4	11	410.0	51.2500	51.2500	2.03
sh1-512	f-w2047	vm	11	120.0	15.0000	15.0000	2.03
sh1-512	f-w7	serial	11	5740.0	1435.0000	1435.0000	2.03
sh1-512	f-w7	firstbyte	11	70.0	17.5000	17.5000	2.03
sh1-512	f-w7	trie	11	80.0	20.0000	20.0000	2.03
sh1-512	f-w7	hash2	11	90.0	22.5000	22.5000	2.03
sh1-512	f-w7	hash4	11	220.0	55.0000	55.0000	2.03
sh1-512	f-w7	vm	11	80.0	20.0000	20.0000	2.03
sh1-512	t-512k-sparse	serial	11	726599505.0	1385.8786	1385.8786	2.02
sh1-512	t-512k-sparse	firstbyte	11	40057343.0	76.4033	76.4033	2.02
sh1-512	t-512k-sparse	trie	11	6875377.0	13.1137	13.1137	2.02
sh1-512	t-512k-sparse	hash2	11	10233955.0	19.5197	19.5197	2.02
sh1-512	t-512k-sparse	hash4	11	28228390.0	53.8414	53.8414	2.02
sh1-512	t-512k-sparse	vm	11	6529265.0	12.4536	12.4536	2.02
sh1-512	t-128k-dense	serial	11	181752394.0	1386.6607	1386.6607	2.02
sh1-512	t-128k-dense	firstbyte	11	10378565.0	79.1822	79.1822	2.02
sh1-512	t-128k-dense	trie	11	1737859.0	13.2588	13.2588	2.02
sh1-512	t-128k-dense	hash2	11	2584724.0	19.7199	19.7199	2.02
sh1-512	t-128k-dense	hash4	11	7040577.0	53.7153	53.7153	2.02
sh1-512	t-128k-dense	vm	11	1646589.0	12.5625	12.5625	2.02
sh1-512	f-sh1	serial	11	6410.0	1282.0000	1282.0000	2.02
sh1-512	f-sh1	firstbyte	11	2321.0	464.2000	464.2000	2.02
sh1-512	f-sh1	trie	11	120.0	24.0000	24.0000	2.02
sh1-512	f-sh1	hash2	11	170.0	34.0000	34.0000	2.02
sh1-512	f-sh1	hash4	11	300.0	60.0000	60.0000	2.02
sh1-512	f-sh1	vm	11	100.0	20.0000	20.0000	2.02
sh1-512	f-glued	serial	11	27880.0	1548.8889	1548.8889	2.02
sh1-512	f-glued	firstbyte	11	220.0	12.2222	12.2222	2.02
sh1-512	f-glued	trie	11	250.0	13.8889	13.8889	2.02
sh1-512	f-glued	hash2	11	310.0	17.2222	17.2222	2.02
sh1-512	f-glued	hash4	11	890.0	49.4444	49.4444	2.02
sh1-512	f-glued	vm	11	240.0	13.3333	13.3333	2.02
sh1-512	f-w255	serial	11	11880.0	1697.1429	1697.1429	2.02
sh1-512	f-w255	firstbyte	11	2450.0	350.0000	350.0000	2.02
sh1-512	f-w255	trie	11	150.0	21.4286	21.4286	2.02
sh1-512	f-w255	hash2	11	270.0	38.5714	38.5714	2.02
sh1-512	f-w255	hash4	11	390.0	55.7143	55.7143	2.02
sh1-512	f-w255	vm	11	140.0	20.0000	20.0000	2.02
sh1-512	f-pfx3	serial	11	12660.0	1582.5000	1582.5000	2.02
sh1-512	f-pfx3	firstbyte	11	110.0	13.7500	13.7500	2.02
sh1-512	f-pfx3	trie	11	130.0	16.2500	16.2500	2.02
sh1-512	f-pfx3	hash2	11	150.0	18.7500	18.7500	2.02
sh1-512	f-pfx3	hash4	11	430.0	53.7500	53.7500	2.02
sh1-512	f-pfx3	vm	11	120.0	15.0000	15.0000	2.02
sh1-512	t-128k-sparse	serial	11	181389623.0	1383.8930	1383.8930	2.02
sh1-512	t-128k-sparse	firstbyte	11	10085054.0	76.9429	76.9429	2.02
sh1-512	t-128k-sparse	trie	11	1720459.0	13.1261	13.1261	2.02
sh1-512	t-128k-sparse	hash2	11	2561593.0	19.5434	19.5434	2.02
sh1-512	t-128k-sparse	hash4	11	7026557.0	53.6084	53.6084	2.02
sh1-512	t-128k-sparse	vm	11	1634959.0	12.4737	12.4737	2.02
sh1-512	f-bg	serial	11	13560.0	1695.0000	1695.0000	2.02
sh1-512	f-bg	firstbyte	11	3960.0	495.0000	495.0000	2.02
sh1-512	f-bg	trie	11	160.0	20.0000	20.0000	2.02
sh1-512	f-bg	hash2	11	250.0	31.2500	31.2500	2.02
sh1-512	f-bg	hash4	11	460.0	57.5000	57.5000	2.02
sh1-512	f-bg	vm	11	140.0	17.5000	17.5000	2.02
sh1-512	f-upper	serial	11	19350.0	1612.5000	1612.5000	2.02
sh1-512	f-upper	firstbyte	11	150.0	12.5000	12.5000	2.02
sh1-512	f-upper	trie	11	180.0	15.0000	15.0000	2.02
sh1-512	f-upper	hash2	11	220.0	18.3333	18.3333	2.02
sh1-512	f-upper	hash4	11	630.0	52.5000	52.5000	2.02
sh1-512	f-upper	vm	11	170.0	14.1667	14.1667	2.02
sh1-512	f-near	serial	11	19140.0	1595.0000	1595.0000	2.02
sh1-512	f-near	firstbyte	11	150.0	12.5000	12.5000	2.02
sh1-512	f-near	trie	11	180.0	15.0000	15.0000	2.02
sh1-512	f-near	hash2	11	220.0	18.3333	18.3333	2.02
sh1-512	f-near	hash4	11	600.0	50.0000	50.0000	2.02
sh1-512	f-near	vm	11	170.0	14.1667	14.1667	2.02
sh1-512	f-sfx	serial	11	14300.0	1588.8889	1588.8889	2.02
sh1-512	f-sfx	firstbyte	11	120.0	13.3333	13.3333	2.02
sh1-512	f-sfx	trie	11	140.0	15.5556	15.5556	2.02
sh1-512	f-sfx	hash2	11	170.0	18.8889	18.8889	2.02
sh1-512	f-sfx	hash4	11	450.0	50.0000	50.0000	2.02
sh1-512	f-sfx	vm	11	140.0	15.5556	15.5556	2.02
sh1-256	f-cnt2	serial	11	11820.0	738.7500	738.7500	2.02
sh1-256	f-cnt2	firstbyte	11	200.0	12.5000	12.5000	2.02
sh1-256	f-cnt2	trie	11	220.0	13.7500	13.7500	2.02
sh1-256	f-cnt2	hash2	11	280.0	17.5000	17.5000	2.02
sh1-256	f-cnt2	hash4	11	570.0	35.6250	35.6250	2.02
sh1-256	f-cnt2	vm	11	210.0	13.1250	13.1250	2.02
sh1-256	f-nar4	serial	11	6780.0	753.3333	753.3333	2.02
sh1-256	f-nar4	firstbyte	11	120.0	13.3333	13.3333	2.02
sh1-256	f-nar4	trie	11	140.0	15.5556	15.5556	2.02
sh1-256	f-nar4	hash2	11	170.0	18.8889	18.8889	2.02
sh1-256	f-nar4	hash4	11	340.0	37.7778	37.7778	2.02
sh1-256	f-nar4	vm	11	140.0	15.5556	15.5556	2.02
sh1-256	f-w0	serial	11	9060.0	755.0000	755.0000	2.02
sh1-256	f-w0	firstbyte	11	150.0	12.5000	12.5000	2.02
sh1-256	f-w0	trie	11	180.0	15.0000	15.0000	2.02
sh1-256	f-w0	hash2	11	210.0	17.5000	17.5000	2.02
sh1-256	f-w0	hash4	11	440.0	36.6667	36.6667	2.02
sh1-256	f-w0	vm	11	170.0	14.1667	14.1667	2.02
sh1-256	f-s4095	serial	11	3200.0	800.0000	800.0000	2.02
sh1-256	f-s4095	firstbyte	11	1210.0	302.5000	302.5000	2.02
sh1-256	f-s4095	trie	11	90.0	22.5000	22.5000	2.02
sh1-256	f-s4095	hash2	11	130.0	32.5000	32.5000	2.02
sh1-256	f-s4095	hash4	11	190.0	47.5000	47.5000	2.02
sh1-256	f-s4095	vm	11	90.0	22.5000	22.5000	2.02
sh1-256	f-s0	serial	11	3110.0	777.5000	777.5000	2.02
sh1-256	f-s0	firstbyte	11	1160.0	290.0000	290.0000	2.02
sh1-256	f-s0	trie	11	110.0	27.5000	27.5000	2.02
sh1-256	f-s0	hash2	11	130.0	32.5000	32.5000	2.02
sh1-256	f-s0	hash4	11	170.0	42.5000	42.5000	2.02
sh1-256	f-s0	vm	11	100.0	25.0000	25.0000	2.02
sh1-256	t-128k-clean	serial	11	88026357.0	671.5878	671.5878	2.02
sh1-256	t-128k-clean	firstbyte	11	5754360.0	43.9023	43.9023	2.02
sh1-256	t-128k-clean	trie	11	1695558.0	12.9361	12.9361	2.02
sh1-256	t-128k-clean	hash2	11	2374883.0	18.1189	18.1189	2.02
sh1-256	t-128k-clean	hash4	11	4949677.0	37.7630	37.7630	2.02
sh1-256	t-128k-clean	vm	11	1619438.0	12.3553	12.3553	2.02
sh1-256	f-w511	serial	11	4470.0	745.0000	745.0000	2.02
sh1-256	f-w511	firstbyte	11	90.0	15.0000	15.0000	2.02
sh1-256	f-w511	trie	11	100.0	16.6667	16.6667	2.02
sh1-256	f-w511	hash2	11	120.0	20.0000	20.0000	2.02
sh1-256	f-w511	hash4	11	260.0	43.3333	43.3333	2.02
sh1-256	f-w511	vm	11	100.0	16.6667	16.6667	2.02
sh1-256	f-prefix	serial	11	8540.0	776.3636	776.3636	2.02
sh1-256	f-prefix	firstbyte	11	140.0	12.7273	12.7273	2.02
sh1-256	f-prefix	trie	11	160.0	14.5455	14.5455	2.02
sh1-256	f-prefix	hash2	11	200.0	18.1818	18.1818	2.02
sh1-256	f-prefix	hash4	11	400.0	36.3636	36.3636	2.02
sh1-256	f-prefix	vm	11	160.0	14.5455	14.5455	2.02
sh1-256	f-w2047	serial	11	5980.0	747.5000	747.5000	2.02
sh1-256	f-w2047	firstbyte	11	110.0	13.7500	13.7500	2.02
sh1-256	f-w2047	trie	11	130.0	16.2500	16.2500	2.02
sh1-256	f-w2047	hash2	11	150.0	18.7500	18.7500	2.02
sh1-256	f-w2047	hash4	11	300.0	37.5000	37.5000	2.02
sh1-256	f-w2047	vm	11	120.0	15.0000	15.0000	2.02
sh1-256	f-w7	serial	11	2820.0	705.0000	705.0000	2.02
sh1-256	f-w7	firstbyte	11	70.0	17.5000	17.5000	2.02
sh1-256	f-w7	trie	11	80.0	20.0000	20.0000	2.02
sh1-256	f-w7	hash2	11	90.0	22.5000	22.5000	2.02
sh1-256	f-w7	hash4	11	160.0	40.0000	40.0000	2.02
sh1-256	f-w7	vm	11	80.0	20.0000	20.0000	2.02
sh1-256	t-512k-sparse	serial	11	353749117.0	674.7229	674.7229	2.10
sh1-256	t-512k-sparse	firstbyte	11	22658800.0	43.2182	43.2182	2.10
sh1-256	t-512k-sparse	trie	11	6770546.0	12.9138	12.9138	2.10
sh1-256	t-512k-sparse	hash2	11	9496881.0	18.1139	18.1139	2.10
sh1-256	t-512k-sparse	hash4	11	19656314.0	37.4914	37.4914	2.10
sh1-256	t-512k-sparse	vm	11	6465584.0	12.3321	12.3321	2.10
sh1-256	t-128k-dense	serial	11	88082377.0	672.0152	672.0152	2.10
sh1-256	t-128k-dense	firstbyte	11	5871031.0	44.7924	44.7924	2.10
sh1-256	t-128k-dense	trie	11	1700519.0	12.9739	12.9739	2.10
sh1-256	t-128k-dense	hash2	11	2377272.0	18.1371	18.1371	2.10
sh1-256	t-128k-dense	hash4	11	5005786.0	38.1911	38.1911	2.10
sh1-256	t-128k-dense	vm	11	1622399.0	12.3779	12.3779	2.10
sh1-256	f-sh1	serial	11	3140.0	628.0000	628.0000	2.10
sh1-256	f-sh1	firstbyte	11	1190.0	238.0000	238.0000	2.10
sh1-256	f-sh1	trie	11	100.0	20.0000	20.0000	2.10
sh1-256	f-sh1	hash2	11	150.0	30.0000	30.0000	2.10
sh1-256	f-sh1	hash4	11	230.0	46.0000	46.0000	2.10
sh1-256	f-sh1	vm	11	100.0	20.0000	20.0000	2.10
sh1-256	f-glued	serial	11	13320.0	740.0000	740.0000	2.10
sh1-256	f-glued	firstbyte	11	220.0	12.2222	12.2222	2.10
sh1-256	f-glued	trie	11	250.0	13.8889	13.8889	2.10
sh1-256	f-glued	hash2	11	310.0	17.2222	17.2222	2.10
sh1-256	f-glued	hash4	11	640.0	35.5556	35.5556	2.10
sh1-256	f-glued	vm	11	240.0	13.3333	13.3333	2.10
sh1-256	f-w255	serial	11	5620.0	802.8571	802.8571	2.10
sh1-256	f-w255	firstbyte	11	1320.0	188.5714	188.5714	2.10
sh1-256	f-w255	trie	11	150.0	21.4286	21.4286	2.10
sh1-256	f-w255	hash2	11	200.0	28.5714	28.5714	2.10
sh1-256	f-w255	hash4	11	310.0	44.2857	44.2857	2.10
sh1-256	f-w255	vm	11	140.0	20.0000	20.0000	2.10
sh1-256	f-pfx3	serial	11	6080.0	760.0000	760.0000	2.10
sh1-256	f-pfx3	firstbyte	11	110.0	13.7500	13.7500	2.10
sh1-256	f-pfx3	trie	11	130.0	16.2500	16.2500	2.10
sh1-256	f-pfx3	hash2	11	150.0	18.7500	18.7500	2.10
sh1-256	f-pfx3	hash4	11	310.0	38.7500	38.7500	2.10
sh1-256	f-pfx3	vm	11	120.0	15.0000	15.0000	2.10
sh1-256	t-128k-sparse	serial	11	88255748.0	673.3379	673.3379	2.09
sh1-256	t-128k-sparse	firstbyte	11	5709380.0	43.5591	43.5591	2.09
sh1-256	t-128k-sparse	trie	11	1694569.0	12.9285	12.9285	2.09
sh1-256	t-128k-sparse	hash2	11	2370413.0	18.0848	18.0848	2.09
sh1-256	t-128k-sparse	hash4	11	4967166.0	37.8965	37.8965	2.09
sh1-256	t-128k-sparse	vm	11	1617488.0	12.3405	12.3405	2.09
sh1-256	f-bg	serial	11	6550.0	818.7500	818.7500	2.09
sh1-256	f-bg	firstbyte	11	2010.0	251.2500	251.2500	2.09
sh1-256	f-bg	trie	11	140.0	17.5000	17.5000	2.09
sh1-256	f-bg	hash2	11	210.0	26.2500	26.2500	2.09
sh1-256	f-bg	hash4	11	330.0	41.2500	41.2500	2.09
sh1-256	f-bg	vm	11	130.0	16.2500	16.2500	2.09
sh1-256	f-upper	serial	11	9240.0	770.0000	770.0000	2.09
sh1-256	f-upper	firstbyte	11	150.0	12.5000	12.5000	2.09
sh1-256	f-upper	trie	11	180.0	15.0000	15.0000	2.09
sh1-256	f-upper	hash2	11	220.0	18.3333	18.3333	2.09
sh1-256	f-upper	hash4	11	440.0	36.6667	36.6667	2.09
sh1-256	f-upper	vm	11	170.0	14.1667	14.1667	2.09
sh1-256	f-near	serial	11	9100.0	758.3333	758.3333	2.09
sh1-256	f-near	firstbyte	11	150.0	12.5000	12.5000	2.09
sh1-256	f-near	trie	11	180.0	15.0000	15.0000	2.09
sh1-256	f-near	hash2	11	220.0	18.3333	18.3333	2.09
sh1-256	f-near	hash4	11	470.0	39.1667	39.1667	2.09
sh1-256	f-near	vm	11	170.0	14.1667	14.1667	2.09
sh1-256	f-sfx	serial	11	6770.0	752.2222	752.2222	2.09
sh1-256	f-sfx	firstbyte	11	120.0	13.3333	13.3333	2.09
sh1-256	f-sfx	trie	11	140.0	15.5556	15.5556	2.09
sh1-256	f-sfx	hash2	11	170.0	18.8889	18.8889	2.09
sh1-256	f-sfx	hash4	11	340.0	37.7778	37.7778	2.09
sh1-256	f-sfx	vm	11	140.0	15.5556	15.5556	2.09
pfx3-512	f-cnt2	serial	11	24730.0	1545.6250	1545.6250	2.09
pfx3-512	f-cnt2	firstbyte	11	190.0	11.8750	11.8750	2.09
pfx3-512	f-cnt2	trie	11	220.0	13.7500	13.7500	2.09
pfx3-512	f-cnt2	hash2	11	280.0	17.5000	17.5000	2.09
pfx3-512	f-cnt2	hash4	11	280.0	17.5000	17.5000	2.09
pfx3-512	f-cnt2	vm	11	220.0	13.7500	13.7500	2.09
pfx3-512	f-nar4	serial	11	13760.0	1528.8889	1528.8889	2.09
pfx3-512	f-nar4	firstbyte	11	120.0	13.3333	13.3333	2.09
pfx3-512	f-nar4	trie	11	140.0	15.5556	15.5556	2.09
pfx3-512	f-nar4	hash2	11	170.0	18.8889	18.8889	2.09
pfx3-512	f-nar4	hash4	11	160.0	17.7778	17.7778	2.09
pfx3-512	f-nar4	vm	11	130.0	14.4444	14.4444	2.09
pfx3-512	f-w0	serial	11	18630.0	1552.5000	1552.5000	2.09
pfx3-512	f-w0	firstbyte	11	150.0	12.5000	12.5000	2.09
pfx3-512	f-w0	trie	11	180.0	15.0000	15.0000	2.09
pfx3-512	f-w0	hash2	11	220.0	18.3333	18.3333	2.09
pfx3-512	f-w0	hash4	11	210.0	17.5000	17.5000	2.09
pfx3-512	f-w0	vm	11	170.0	14.1667	14.1667	2.09
pfx3-512	f-s4095	serial	11	5650.0	1412.5000	1412.5000	2.09
pfx3-512	f-s4095	firstbyte	11	70.0	17.5000	17.5000	2.09
pfx3-512	f-s4095	trie	11	80.0	20.0000	20.0000	2.09
pfx3-512	f-s4095	hash2	11	90.0	22.5000	22.5000	2.09
pfx3-512	f-s4095	hash4	11	80.0	20.0000	20.0000	2.09
pfx3-512	f-s4095	vm	11	80.0	20.0000	20.0000	2.09
pfx3-512	f-s0	serial	11	5670.0	1417.5000	1417.5000	2.09
pfx3-512	f-s0	firstbyte	11	70.0	17.5000	17.5000	2.09
pfx3-512	f-s0	trie	11	80.0	20.0000	20.0000	2.09
pfx3-512	f-s0	hash2	11	90.0	22.5000	22.5000	2.09
pfx3-512	f-s0	hash4	11	80.0	20.0000	20.0000	2.09
pfx3-512	f-s0	vm	11	80.0	20.0000	20.0000	2.09
pfx3-512	t-128k-clean	serial	11	181782074.0	1386.8872	1386.8872	2.09
pfx3-512	t-128k-clean	firstbyte	11	9147169.0	69.7874	69.7874	2.09
pfx3-512	t-128k-clean	trie	11	1593408.0	12.1567	12.1567	2.09
pfx3-512	t-128k-clean	hash2	11	2377523.0	18.1391	18.1391	2.09
pfx3-512	t-128k-clean	hash4	11	2598623.0	19.8259	19.8259	2.09
pfx3-512	t-128k-clean	vm	11	1518788.0	11.5874	11.5874	2.09
pfx3-512	f-w511	serial	11	9280.0	1546.6667	1546.6667	2.09
pfx3-512	f-w511	firstbyte	11	2100.0	350.0000	350.0000	2.09
pfx3-512	f-w511	trie	11	100.0	16.6667	16.6667	2.09
pfx3-512	f-w511	hash2	11	120.0	20.0000	20.0000	2.09
pfx3-512	f-w511	hash4	11	110.0	18.3333	18.3333	2.09
pfx3-512	f-w511	vm	11	100.0	16.6667	16.6667	2.09
pfx3-512	f-prefix	serial	11	17350.0	1577.2727	1577.2727	2.09
pfx3-512	f-prefix	firstbyte	11	140.0	12.7273	12.7273	2.09
pfx3-512	f-prefix	trie	11	160.0	14.5455	14.5455	2.09
pfx3-512	f-prefix	hash2	11	200.0	18.1818	18.1818	2.09
pfx3-512	f-prefix	hash4	11	190.0	17.2727	17.2727	2.09
pfx3-512	f-prefix	vm	11	160.0	14.5455	14.5455	2.09
pfx3-512	f-w2047	serial	11	11991.0	1498.8750	1498.8750	2.09
pfx3-512	f-w2047	firstbyte	11	110.0	13.7500	13.7500	2.09
pfx3-512	f-w2047	trie	11	130.0	16.2500	16.2500	2.09
pfx3-512	f-w2047	hash2	11	150.0	18.7500	18.7500	2.09
pfx3-512	f-w2047	hash4	11	140.0	17.5000	17.5000	2.09
pfx3-512	f-w2047	vm	11	120.0	15.0000	15.0000	2.09
pfx3-512	f-w7	serial	11	6030.0	1507.5000	1507.5000	2.09
pfx3-512	f-w7	firstbyte	11	2070.0	517.5000	517.5000	2.09
pfx3-512	f-w7	trie	11	80.0	20.0000	20.0000	2.09
pfx3-512	f-w7	hash2	11	90.0	22.5000	22.5000	2.09
pfx3-512	f-w7	hash4	11	80.0	20.0000	20.0000	2.09
pfx3-512	f-w7	vm	11	80.0	20.0000	20.0000	2.09
pfx3-512	t-512k-sparse	serial	11	723299298.0	1379.5839	1379.5839	2.08
pfx3-512	t-512k-sparse	firstbyte	11	37465879.0	71.4605	71.4605	2.08
pfx3-512	t-512k-sparse	trie	11	6373354.0	12.1562	12.1562	2.08
pfx3-512	t-512k-sparse	hash2	11	9601451.0	18.3133	18.3133	2.08
pfx3-512	t-512k-sparse	hash4	11	10394425.0	19.8258	19.8258	2.08
pfx3-512	t-512k-sparse	vm	11	6075283.0	11.5877	11.5877	2.08
pfx3-512	t-128k-dense	serial	11	180830519.0	1379.6274	1379.6274	2.07
pfx3-512	t-128k-dense	firstbyte	11	9389460.0	71.6359	71.6359	2.07
pfx3-512	t-128k-dense	trie	11	1600178.0	12.2084	12.2084	2.07
pfx3-512	t-128k-dense	hash2	11	2386473.0	18.2073	18.2073	2.07
pfx3-512	t-128k-dense	hash4	11	2593744.0	19.7887	19.7887	2.07
pfx3-512	t-128k-dense	vm	11	1522358.0	11.6147	11.6147	2.07
pfx3-512	f-sh1	serial	11	7061.0	1412.2000	1412.2000	2.07
pfx3-512	f-sh1	firstbyte	11	80.0	16.0000	16.0000	2.07
pfx3-512	f-sh1	trie	11	90.0	18.0000	18.0000	2.07
pfx3-512	f-sh1	hash2	11	110.0	22.0000	22.0000	2.07
pfx3-512	f-sh1	hash4	11	100.0	20.0000	20.0000	2.07
pfx3-512	f-sh1	vm	11	90.0	18.0000	18.0000	2.07
pfx3-512	f-glued	serial	11	27030.0	1501.6667	1501.6667	2.07
pfx3-512	f-glued	firstbyte	11	220.0	12.2222	12.2222	2.07
pfx3-512	f-glued	trie	11	250.0	13.8889	13.8889	2.07
pfx3-512	f-glued	hash2	11	310.0	17.2222	17.2222	2.07
pfx3-512	f-glued	hash4	11	300.0	16.6667	16.6667	2.07
pfx3-512	f-glued	vm	11	240.0	13.3333	13.3333	2.07
pfx3-512	f-w255	serial	11	10260.0	1465.7143	1465.7143	2.07
pfx3-512	f-w255	firstbyte	11	100.0	14.2857	14.2857	2.07
pfx3-512	f-w255	trie	11	120.0	17.1429	17.1429	2.07
pfx3-512	f-w255	hash2	11	140.0	20.0000	20.0000	2.07
pfx3-512	f-w255	hash4	11	130.0	18.5714	18.5714	2.07
pfx3-512	f-w255	vm	11	110.0	15.7143	15.7143	2.07
pfx3-512	f-pfx3	serial	11	10640.0	1330.0000	1330.0000	2.07
pfx3-512	f-pfx3	firstbyte	11	2130.0	266.2500	266.2500	2.07
pfx3-512	f-pfx3	trie	11	150.0	18.7500	18.7500	2.07
pfx3-512	f-pfx3	hash2	11	170.0	21.2500	21.2500	2.07
pfx3-512	f-pfx3	hash4	11	170.0	21.2500	21.2500	2.07
pfx3-512	f-pfx3	vm	11	140.0	17.5000	17.5000	2.07
pfx3-512	t-128k-sparse	serial	11	180433737.0	1376.6002	1376.6002	2.07
pfx3-512	t-128k-sparse	firstbyte	11	9238259.0	70.4823	70.4823	2.07
pfx3-512	t-128k-sparse	trie	11	1594079.0	12.1619	12.1619	2.07
pfx3-512	t-128k-sparse	hash2	11	2373793.0	18.1106	18.1106	2.07
pfx3-512	t-128k-sparse	hash4	11	2597854.0	19.8201	19.8201	2.07
pfx3-512	t-128k-sparse	vm	11	1519377.0	11.5919	11.5919	2.07
pfx3-512	f-bg	serial	11	12090.0	1511.2500	1511.2500	2.07
pfx3-512	f-bg	firstbyte	11	110.0	13.7500	13.7500	2.07
pfx3-512	f-bg	trie	11	130.0	16.2500	16.2500	2.07
pfx3-512	f-bg	hash2	11	150.0	18.7500	18.7500	2.07
pfx3-512	f-bg	hash4	11	150.0	18.7500	18.7500	2.07
pfx3-512	f-bg	vm	11	120.0	15.0000	15.0000	2.07
pfx3-512	f-upper	serial	11	18770.0	1564.1667	1564.1667	2.07
pfx3-512	f-upper	firstbyte	11	150.0	12.5000	12.5000	2.07
pfx3-512	f-upper	trie	11	180.0	15.0000	15.0000	2.07
pfx3-512	f-upper	hash2	11	220.0	18.3333	18.3333	2.07
pfx3-512	f-upper	hash4	11	210.0	17.5000	17.5000	2.07
pfx3-512	f-upper	vm	11	170.0	14.1667	14.1667	2.07
pfx3-512	f-near	serial	11	18550.0	1545.8333	1545.8333	2.07
pfx3-512	f-near	firstbyte	11	160.0	13.3333	13.3333	2.07
pfx3-512	f-near	trie	11	170.0	14.1667	14.1667	2.07
pfx3-512	f-near	hash2	11	220.0	18.3333	18.3333	2.07
pfx3-512	f-near	hash4	11	210.0	17.5000	17.5000	2.07
pfx3-512	f-near	vm	11	170.0	14.1667	14.1667	2.07
pfx3-512	f-sfx	serial	11	13750.0	1527.7778	1527.7778	2.07
pfx3-512	f-sfx	firstbyte	11	120.0	13.3333	13.3333	2.07
pfx3-512	f-sfx	trie	11	140.0	15.5556	15.5556	2.07
pfx3-512	f-sfx	hash2	11	170.0	18.8889	18.8889	2.07
pfx3-512	f-sfx	hash4	11	160.0	17.7778	17.7778	2.07
pfx3-512	f-sfx	vm	11	130.0	14.4444	14.4444	2.07
s-4096	f-cnt2	serial	11	242261.0	15141.3125	15141.3125	2.07
s-4096	f-cnt2	firstbyte	11	13270.0	829.3750	829.3750	2.07
s-4096	f-cnt2	trie	11	790.0	49.3750	49.3750	2.07
s-4096	f-cnt2	hash2	11	860.0	53.7500	53.7500	2.07
s-4096	f-cnt2	hash4	11	9280.0	580.0000	580.0000	2.07
s-4096	f-cnt2	vm	11	750.0	46.8750	46.8750	2.07
s-4096	f-nar4	serial	11	141180.0	15686.6667	15686.6667	2.07
s-4096	f-nar4	firstbyte	11	7390.0	821.1111	821.1111	2.07
s-4096	f-nar4	trie	11	460.0	51.1111	51.1111	2.07
s-4096	f-nar4	hash2	11	490.0	54.4444	54.4444	2.07
s-4096	f-nar4	hash4	11	4970.0	552.2222	552.2222	2.07
s-4096	f-nar4	vm	11	480.0	53.3333	53.3333	2.07
s-4096	f-w0	serial	11	187641.0	15636.7500	15636.7500	2.07
s-4096	f-w0	firstbyte	11	9740.0	811.6667	811.6667	2.07
s-4096	f-w0	trie	11	560.0	46.6667	46.6667	2.07
s-4096	f-w0	hash2	11	670.0	55.8333	55.8333	2.07
s-4096	f-w0	hash4	11	7010.0	584.1667	584.1667	2.07
s-4096	f-w0	vm	11	530.0	44.1667	44.1667	2.07
s-4096	f-s4095	serial	11	63490.0	15872.5000	15872.5000	2.07
s-4096	f-s4095	firstbyte	11	3200.0	800.0000	800.0000	2.07
s-4096	f-s4095	trie	11	190.0	47.5000	47.5000	2.07
s-4096	f-s4095	hash2	11	210.0	52.5000	52.5000	2.07
s-4096	f-s4095	hash4	11	2320.0	580.0000	580.0000	2.07
s-4096	f-s4095	vm	11	180.0	45.0000	45.0000	2.07
s-4096	f-s0	serial	11	43560.0	10890.0000	10890.0000	2.07
s-4096	f-s0	firstbyte	11	2180.0	545.0000	545.0000	2.07
s-4096	f-s0	trie	11	110.0	27.5000	27.5000	2.07
s-4096	f-s0	hash2	11	140.0	35.0000	35.0000	2.07
s-4096	f-s0	hash4	11	2160.0	540.0000	540.0000	2.07
s-4096	f-s0	vm	11	130.0	32.5000	32.5000	2.07
s-4096	t-128k-clean	serial	11	1832975145.0	13984.4905	13984.4905	2.24
s-4096	t-128k-clean	firstbyte	11	89849657.0	685.4985	685.4985	2.24
s-4096	t-128k-clean	trie	11	7490400.0	57.1472	57.1472	2.24
s-4096	t-128k-clean	hash2	11	7395240.0	56.4212	56.4212	2.24
s-4096	t-128k-clean	hash4	11	70923846.0	541.1060	541.1060	2.24
s-4096	t-128k-clean	vm	11	7462190.0	56.9320	56.9320	2.24
s-4096	f-w511	serial	11	97931.0	16321.8333	16321.8333	2.24
s-4096	f-w511	firstbyte	11	4630.0	771.6667	771.6667	2.24
s-4096	f-w511	trie	11	310.0	51.6667	51.6667	2.24
s-4096	f-w511	hash2	11	270.0	45.0000	45.0000	2.24
s-4096	f-w511	hash4	11	3290.0	548.3333	548.3333	2.24
s-4096	f-w511	vm	11	320.0	53.3333	53.3333	2.24
s-4096	f-prefix	serial	11	169271.0	15388.2727	15388.2727	2.24
s-4096	f-prefix	firstbyte	11	8870.0	806.3636	806.3636	2.24
s-4096	f-prefix	trie	11	510.0	46.3636	46.3636	2.24
s-4096	f-prefix	hash2	11	580.0	52.7273	52.7273	2.24
s-4096	f-prefix	hash4	11	6380.0	580.0000	580.0000	2.24
s-4096	f-prefix	vm	11	520.0	47.2727	47.2727	2.24
s-4096	f-w2047	serial	11	126950.0	15868.7500	15868.7500	2.24
s-4096	f-w2047	firstbyte	11	6260.0	782.5000	782.5000	2.24
s-4096	f-w2047	trie	11	410.0	51.2500	51.2500	2.24
s-4096	f-w2047	hash2	11	380.0	47.5000	47.5000	2.24
s-4096	f-w2047	hash4	11	4510.0	563.7500	563.7500	2.24
s-4096	f-w2047	vm	11	400.0	50.0000	50.0000	2.24
s-4096	f-w7	serial	11	63130.0	15782.5000	15782.5000	2.24
s-4096	f-w7	firstbyte	11	3110.0	777.5000	777.5000	2.24
s-4096	f-w7	trie	11	190.0	47.5000	47.5000	2.24
s-4096	f-w7	hash2	11	190.0	47.5000	47.5000	2.24
s-4096	f-w7	hash4	11	2220.0	555.0000	555.0000	2.24
s-4096	f-w7	vm	11	210.0	52.5000	52.5000	2.24
s-4096	t-512k-sparse	serial	11	7346896921.0	14013.0938	14013.0938	2.20
s-4096	t-512k-sparse	firstbyte	11	358920988.0	684.5875	684.5875	2.18
s-4096	t-512k-sparse	trie	11	30162443.0	57.5303	57.5303	2.18
s-4096	t-512k-sparse	hash2	11	29687560.0	56.6245	56.6245	2.18
s-4096	t-512k-sparse	hash4	11	285923585.0	545.3560	545.3560	2.18
s-4096	t-512k-sparse	vm	11	29847661.0	56.9299	56.9299	2.18
s-4096	t-128k-dense	serial	11	1838612477.0	14027.5000	14027.5000	2.18
s-4096	t-128k-dense	firstbyte	11	90842332.0	693.0720	693.0720	2.18
s-4096	t-128k-dense	trie	11	7549626.0	57.5991	57.5991	2.18
s-4096	t-128k-dense	hash2	11	7473845.0	57.0209	57.0209	2.18
s-4096	t-128k-dense	hash4	11	73855528.0	563.4730	563.4730	2.18
s-4096	t-128k-dense	vm	11	7524486.0	57.4073	57.4073	2.18
s-4096	f-sh1	serial	11	83290.0	16658.0000	16658.0000	2.18
s-4096	f-sh1	firstbyte	11	5710.0	1142.0000	1142.0000	2.18
s-4096	f-sh1	trie	11	300.0	60.0000	60.0000	2.18
s-4096	f-sh1	hash2	11	340.0	68.0000	68.0000	2.18
s-4096	f-sh1	hash4	11	4680.0	936.0000	936.0000	2.18
s-4096	f-sh1	vm	11	340.0	68.0000	68.0000	2.18
s-4096	f-glued	serial	11	276091.0	15338.3889	15338.3889	2.18
s-4096	f-glued	firstbyte	11	14630.0	812.7778	812.7778	2.18
s-4096	f-glued	trie	11	1110.0	61.6667	61.6667	2.18
s-4096	f-glued	hash2	11	1570.0	87.2222	87.2222	2.18
s-4096	f-glued	hash4	11	10380.0	576.6667	576.6667	2.18
s-4096	f-glued	vm	11	1150.0	63.8889	63.8889	2.18
s-4096	f-w255	serial	11	111530.0	15932.8571	15932.8571	2.18
s-4096	f-w255	firstbyte	11	5450.0	778.5714	778.5714	2.18
s-4096	f-w255	trie	11	480.0	68.5714	68.5714	2.18
s-4096	f-w255	hash2	11	460.0	65.7143	65.7143	2.18
s-4096	f-w255	hash4	11	3920.0	560.0000	560.0000	2.18
s-4096	f-w255	vm	11	480.0	68.5714	68.5714	2.18
s-4096	f-pfx3	serial	11	126821.0	15852.6250	15852.6250	2.18
s-4096	f-pfx3	firstbyte	11	6600.0	825.0000	825.0000	2.18
s-4096	f-pfx3	trie	11	420.0	52.5000	52.5000	2.18
s-4096	f-pfx3	hash2	11	560.0	70.0000	70.0000	2.18
s-4096	f-pfx3	hash4	11	4160.0	520.0000	520.0000	2.18
s-4096	f-pfx3	vm	11	480.0	60.0000	60.0000	2.18
s-4096	t-128k-sparse	serial	11	1839159680.0	14031.6748	14031.6748	2.12
s-4096	t-128k-sparse	firstbyte	11	89547363.0	683.1922	683.1922	2.12
s-4096	t-128k-sparse	trie	11	7495976.0	57.1898	57.1898	2.12
s-4096	t-128k-sparse	hash2	11	7462075.0	56.9311	56.9311	2.12
s-4096	t-128k-sparse	hash4	11	72268399.0	551.3641	551.3641	2.12
s-4096	t-128k-sparse	vm	11	7577246.0	57.8098	57.8098	2.12
s-4096	f-bg	serial	11	126391.0	15798.8750	15798.8750	2.12
s-4096	f-bg	firstbyte	11	6190.0	773.7500	773.7500	2.12
s-4096	f-bg	trie	11	480.0	60.0000	60.0000	2.12
s-4096	f-bg	hash2	11	520.0	65.0000	65.0000	2.12
s-4096	f-bg	hash4	11	4390.0	548.7500	548.7500	2.12
s-4096	f-bg	vm	11	510.0	63.7500	63.7500	2.12
s-4096	f-upper	serial	11	152731.0	12727.5833	12727.5833	2.12
s-4096	f-upper	firstbyte	11	170.0	14.1667	14.1667	2.12
s-4096	f-upper	trie	11	430.0	35.8333	35.8333	2.12
s-4096	f-upper	hash2	11	270.0	22.5000	22.5000	2.12
s-4096	f-upper	hash4	11	5630.0	469.1667	469.1667	2.12
s-4096	f-upper	vm	11	410.0	34.1667	34.1667	2.12
s-4096	f-near	serial	11	184211.0	15350.9167	15350.9167	2.12
s-4096	f-near	firstbyte	11	9840.0	820.0000	820.0000	2.12
s-4096	f-near	trie	11	780.0	65.0000	65.0000	2.12
s-4096	f-near	hash2	11	1050.0	87.5000	87.5000	2.12
s-4096	f-near	hash4	11	7030.0	585.8333	585.8333	2.12
s-4096	f-near	vm	11	820.0	68.3333	68.3333	2.12
s-4096	f-sfx	serial	11	140771.0	15641.2222	15641.2222	2.12
s-4096	f-sfx	firstbyte	11	7470.0	830.0000	830.0000	2.12
s-4096	f-sfx	trie	11	540.0	60.0000	60.0000	2.12
s-4096	f-sfx	hash2	11	850.0	94.4444	94.4444	2.12
s-4096	f-sfx	hash4	11	5160.0	573.3333	573.3333	2.12
s-4096	f-sfx	vm	11	550.0	61.1111	61.1111	2.12
w-192	f-cnt2	serial	11	9020.0	563.7500	563.7500	2.12
w-192	f-cnt2	firstbyte	11	770.0	48.1250	48.1250	2.12
w-192	f-cnt2	trie	11	760.0	47.5000	47.5000	2.12
w-192	f-cnt2	hash2	11	510.0	31.8750	31.8750	2.12
w-192	f-cnt2	hash4	11	2340.0	146.2500	146.2500	2.12
w-192	f-cnt2	vm	11	720.0	45.0000	45.0000	2.12
w-192	f-nar4	serial	11	6120.0	680.0000	680.0000	2.12
w-192	f-nar4	firstbyte	11	540.0	60.0000	60.0000	2.12
w-192	f-nar4	trie	11	410.0	45.5556	45.5556	2.12
w-192	f-nar4	hash2	11	261.0	29.0000	29.0000	2.12
w-192	f-nar4	hash4	11	1540.0	171.1111	171.1111	2.12
w-192	f-nar4	vm	11	440.0	48.8889	48.8889	2.12
w-192	f-w0	serial	11	7260.0	605.0000	605.0000	2.12
w-192	f-w0	firstbyte	11	610.0	50.8333	50.8333	2.12
w-192	f-w0	trie	11	520.0	43.3333	43.3333	2.12
w-192	f-w0	hash2	11	390.0	32.5000	32.5000	2.12
w-192	f-w0	hash4	11	1810.0	150.8333	150.8333	2.12
w-192	f-w0	vm	11	460.0	38.3333	38.3333	2.12
w-192	f-s4095	serial	11	3430.0	857.5000	857.5000	2.12
w-192	f-s4095	firstbyte	11	260.0	65.0000	65.0000	2.12
w-192	f-s4095	trie	11	200.0	50.0000	50.0000	2.12
w-192	f-s4095	hash2	11	120.0	30.0000	30.0000	2.12
w-192	f-s4095	hash4	11	510.0	127.5000	127.5000	2.12
w-192	f-s4095	vm	11	140.0	35.0000	35.0000	2.12
w-192	f-s0	serial	11	3390.0	847.5000	847.5000	2.12
w-192	f-s0	firstbyte	11	300.0	75.0000	75.0000	2.12
w-192	f-s0	trie	11	160.0	40.0000	40.0000	2.12
w-192	f-s0	hash2	11	120.0	30.0000	30.0000	2.12
w-192	f-s0	hash4	11	570.0	142.5000	142.5000	2.12
w-192	f-s0	vm	11	190.0	47.5000	47.5000	2.12
w-192	t-128k-clean	serial	11	75231926.0	573.9740	573.9740	2.12
w-192	t-128k-clean	firstbyte	11	4465337.0	34.0678	34.0678	2.12
w-192	t-128k-clean	trie	11	4296536.0	32.7800	32.7800	2.12
w-192	t-128k-clean	hash2	11	2881788.0	21.9863	21.9863	2.12
w-192	t-128k-clean	hash4	11	11934453.0	91.0527	91.0527	2.12
w-192	t-128k-clean	vm	11	4286936.0	32.7067	32.7067	2.12
w-192	f-w511	serial	11	5610.0	935.0000	935.0000	2.12
w-192	f-w511	firstbyte	11	370.0	61.6667	61.6667	2.12
w-192	f-w511	trie	11	270.0	45.0000	45.0000	2.12
w-192	f-w511	hash2	11	150.0	25.0000	25.0000	2.12
w-192	f-w511	hash4	11	1010.0	168.3333	168.3333	2.12
w-192	f-w511	vm	11	250.0	41.6667	41.6667	2.12
w-192	f-prefix	serial	11	7260.0	660.0000	660.0000	2.12
w-192	f-prefix	firstbyte	11	580.0	52.7273	52.7273	2.12
w-192	f-prefix	trie	11	550.0	50.0000	50.0000	2.12
w-192	f-prefix	hash2	11	340.0	30.9091	30.9091	2.12
w-192	f-prefix	hash4	11	1670.0	151.8182	151.8182	2.12
w-192	f-prefix	vm	11	510.0	46.3636	46.3636	2.12
w-192	f-w2047	serial	11	5470.0	683.7500	683.7500	2.12
w-192	f-w2047	firstbyte	11	570.0	71.2500	71.2500	2.12
w-192	f-w2047	trie	11	320.0	40.0000	40.0000	2.12
w-192	f-w2047	hash2	11	240.0	30.0000	30.0000	2.12
w-192	f-w2047	hash4	11	1210.0	151.2500	151.2500	2.12
w-192	f-w2047	vm	11	390.0	48.7500	48.7500	2.12
w-192	f-w7	serial	11	2650.0	662.5000	662.5000	2.12
w-192	f-w7	firstbyte	11	210.0	52.5000	52.5000	2.12
w-192	f-w7	trie	11	210.0	52.5000	52.5000	2.12
w-192	f-w7	hash2	11	130.0	32.5000	32.5000	2.12
w-192	f-w7	hash4	11	580.0	145.0000	145.0000	2.12
w-192	f-w7	vm	11	200.0	50.0000	50.0000	2.12
w-192	t-512k-sparse	serial	11	300779165.0	573.6907	573.6907	2.19
w-192	t-512k-sparse	firstbyte	11	17898339.0	34.1384	34.1384	2.19
w-192	t-512k-sparse	trie	11	17196305.0	32.7993	32.7993	2.19
w-192	t-512k-sparse	hash2	11	11561290.0	22.0514	22.0514	2.19
w-192	t-512k-sparse	hash4	11	48520134.0	92.5448	92.5448	2.19
w-192	t-512k-sparse	vm	11	17130624.0	32.6741	32.6741	2.19
w-192	t-128k-dense	serial	11	75067375.0	572.7186	572.7186	2.17
w-192	t-128k-dense	firstbyte	11	4542438.0	34.6561	34.6561	2.17
w-192	t-128k-dense	trie	11	4335526.0	33.0774	33.0774	2.17
w-192	t-128k-dense	hash2	11	2904908.0	22.1627	22.1627	2.17
w-192	t-128k-dense	hash4	11	12135184.0	92.5841	92.5841	2.17
w-192	t-128k-dense	vm	11	4319697.0	32.9567	32.9567	2.17
w-192	f-sh1	serial	11	3400.0	680.0000	680.0000	2.17
w-192	f-sh1	firstbyte	11	230.0	46.0000	46.0000	2.17
w-192	f-sh1	trie	11	200.0	40.0000	40.0000	2.17
w-192	f-sh1	hash2	11	110.0	22.0000	22.0000	2.17
w-192	f-sh1	hash4	11	460.0	92.0000	92.0000	2.17
w-192	f-sh1	vm	11	150.0	30.0000	30.0000	2.17
w-192	f-glued	serial	11	10930.0	607.2222	607.2222	2.17
w-192	f-glued	firstbyte	11	650.0	36.1111	36.1111	2.17
w-192	f-glued	trie	11	590.0	32.7778	32.7778	2.17
w-192	f-glued	hash2	11	430.0	23.8889	23.8889	2.17
w-192	f-glued	hash4	11	1650.0	91.6667	91.6667	2.17
w-192	f-glued	vm	11	740.0	41.1111	41.1111	2.17
w-192	f-w255	serial	11	5150.0	735.7143	735.7143	2.17
w-192	f-w255	firstbyte	11	500.0	71.4286	71.4286	2.17
w-192	f-w255	trie	11	210.0	30.0000	30.0000	2.17
w-192	f-w255	hash2	11	180.0	25.7143	25.7143	2.17
w-192	f-w255	hash4	11	700.0	100.0000	100.0000	2.17
w-192	f-w255	vm	11	240.0	34.2857	34.2857	2.17
w-192	f-pfx3	serial	11	5550.0	693.7500	693.7500	2.17
w-192	f-pfx3	firstbyte	11	320.0	40.0000	40.0000	2.17
w-192	f-pfx3	trie	11	260.0	32.5000	32.5000	2.17
w-192	f-pfx3	hash2	11	190.0	23.7500	23.7500	2.17
w-192	f-pfx3	hash4	11	790.0	98.7500	98.7500	2.17
w-192	f-pfx3	vm	11	270.0	33.7500	33.7500	2.17
w-192	t-128k-sparse	serial	11	74893454.0	571.3917	571.3917	2.17
w-192	t-128k-sparse	firstbyte	11	4469817.0	34.1020	34.1020	2.17
w-192	t-128k-sparse	trie	11	4299836.0	32.8051	32.8051	2.17
w-192	t-128k-sparse	hash2	11	2893098.0	22.0726	22.0726	2.17
w-192	t-128k-sparse	hash4	11	12070213.0	92.0884	92.0884	2.17
w-192	t-128k-sparse	vm	11	4252866.0	32.4468	32.4468	2.17
w-192	f-bg	serial	11	5550.0	693.7500	693.7500	2.17
w-192	f-bg	firstbyte	11	360.0	45.0000	45.0000	2.17
w-192	f-bg	trie	11	260.0	32.5000	32.5000	2.17
w-192	f-bg	hash2	11	200.0	25.0000	25.0000	2.17
w-192	f-bg	hash4	11	730.0	91.2500	91.2500	2.17
w-192	f-bg	vm	11	260.0	32.5000	32.5000	2.17
w-192	f-upper	serial	11	7300.0	608.3333	608.3333	2.17
w-192	f-upper	firstbyte	11	150.0	12.5000	12.5000	2.17
w-192	f-upper	trie	11	280.0	23.3333	23.3333	2.17
w-192	f-upper	hash2	11	210.0	17.5000	17.5000	2.17
w-192	f-upper	hash4	11	1010.0	84.1667	84.1667	2.17
w-192	f-upper	vm	11	390.0	32.5000	32.5000	2.17
w-192	f-near	serial	11	8010.0	667.5000	667.5000	2.17
w-192	f-near	firstbyte	11	460.0	38.3333	38.3333	2.17
w-192	f-near	trie	11	420.0	35.0000	35.0000	2.17
w-192	f-near	hash2	11	280.0	23.3333	23.3333	2.17
w-192	f-near	hash4	11	1110.0	92.5000	92.5000	2.17
w-192	f-near	vm	11	410.0	34.1667	34.1667	2.17
w-192	f-sfx	serial	11	6880.0	764.4444	764.4444	2.17
w-192	f-sfx	firstbyte	11	370.0	41.1111	41.1111	2.17
w-192	f-sfx	trie	11	300.0	33.3333	33.3333	2.17
w-192	f-sfx	hash2	11	210.0	23.3333	23.3333	2.17
w-192	f-sfx	hash4	11	880.0	97.7778	97.7778	2.17
w-192	f-sfx	vm	11	400.0	44.4444	44.4444	2.17
cnt-64	f-cnt2	serial	11	2960.0	185.0000	185.0000	2.17
cnt-64	f-cnt2	firstbyte	11	440.0	27.5000	27.5000	2.17
cnt-64	f-cnt2	trie	11	480.0	30.0000	30.0000	2.17
cnt-64	f-cnt2	hash2	11	360.0	22.5000	22.5000	2.17
cnt-64	f-cnt2	hash4	11	890.0	55.6250	55.6250	2.17
cnt-64	f-cnt2	vm	11	460.0	28.7500	28.7500	2.17
cnt-64	f-nar4	serial	11	1840.0	204.4444	204.4444	2.17
cnt-64	f-nar4	firstbyte	11	250.0	27.7778	27.7778	2.17
cnt-64	f-nar4	trie	11	300.0	33.3333	33.3333	2.17
cnt-64	f-nar4	hash2	11	190.0	21.1111	21.1111	2.17
cnt-64	f-nar4	hash4	11	470.0	52.2222	52.2222	2.17
cnt-64	f-nar4	vm	11	300.0	33.3333	33.3333	2.17
cnt-64	f-w0	serial	11	2280.0	190.0000	190.0000	2.17
cnt-64	f-w0	firstbyte	11	300.0	25.0000	25.0000	2.17
cnt-64	f-w0	trie	11	280.0	23.3333	23.3333	2.17
cnt-64	f-w0	hash2	11	260.0	21.6667	21.6667	2.17
cnt-64	f-w0	hash4	11	980.0	81.6667	81.6667	2.17
cnt-64	f-w0	vm	11	410.0	34.1667	34.1667	2.17
cnt-64	f-s4095	serial	11	880.0	220.0000	220.0000	2.17
cnt-64	f-s4095	firstbyte	11	130.0	32.5000	32.5000	2.17
cnt-64	f-s4095	trie	11	140.0	35.0000	35.0000	2.17
cnt-64	f-s4095	hash2	11	110.0	27.5000	27.5000	2.17
cnt-64	f-s4095	hash4	11	200.0	50.0000	50.0000	2.17
cnt-64	f-s4095	vm	11	90.0	22.5000	22.5000	2.17
cnt-64	f-s0	serial	11	930.0	232.5000	232.5000	2.17
cnt-64	f-s0	firstbyte	11	140.0	35.0000	35.0000	2.17
cnt-64	f-s0	trie	11	130.0	32.5000	32.5000	2.17
cnt-64	f-s0	hash2	11	100.0	25.0000	25.0000	2.17
cnt-64	f-s0	hash4	11	210.0	52.5000	52.5000	2.17
cnt-64	f-s0	vm	11	110.0	27.5000	27.5000	2.17
cnt-64	t-128k-clean	serial	11	24753190.0	188.8519	188.8519	2.17
cnt-64	t-128k-clean	firstbyte	11	2380065.0	18.1585	18.1585	2.17
cnt-64	t-128k-clean	trie	11	5986546.0	45.6737	45.6737	2.17
cnt-64	t-128k-clean	hash2	11	2344834.0	17.8897	17.8897	2.17
cnt-64	t-128k-clean	hash4	11	6453529.0	49.2365	49.2365	2.17
cnt-64	t-128k-clean	vm	11	3582482.0	27.3322	27.3322	2.17
cnt-64	f-w511	serial	11	1340.0	223.3333	223.3333	2.17
cnt-64	f-w511	firstbyte	11	130.0	21.6667	21.6667	2.17
cnt-64	f-w511	trie	11	190.0	31.6667	31.6667	2.17
cnt-64	f-w511	hash2	11	120.0	20.0000	20.0000	2.17
cnt-64	f-w511	hash4	11	320.0	53.3333	53.3333	2.17
cnt-64	f-w511	vm	11	150.0	25.0000	25.0000	2.17
cnt-64	f-prefix	serial	11	2350.0	213.6364	213.6364	2.17
cnt-64	f-prefix	firstbyte	11	210.0	19.0909	19.0909	2.17
cnt-64	f-prefix	trie	11	340.0	30.9091	30.9091	2.17
cnt-64	f-prefix	hash2	11	240.0	21.8182	21.8182	2.17
cnt-64	f-prefix	hash4	11	590.0	53.6364	53.6364	2.17
cnt-64	f-prefix	vm	11	320.0	29.0909	29.0909	2.17
cnt-64	f-w2047	serial	11	1670.0	208.7500	208.7500	2.17
cnt-64	f-w2047	firstbyte	11	180.0	22.5000	22.5000	2.17
cnt-64	f-w2047	trie	11	220.0	27.5000	27.5000	2.17
cnt-64	f-w2047	hash2	11	150.0	18.7500	18.7500	2.17
cnt-64	f-w2047	hash4	11	430.0	53.7500	53.7500	2.17
cnt-64	f-w2047	vm	11	240.0	30.0000	30.0000	2.17
cnt-64	f-w7	serial	11	690.0	172.5000	172.5000	2.17
cnt-64	f-w7	firstbyte	11	90.0	22.5000	22.5000	2.17
cnt-64	f-w7	trie	11	110.0	27.5000	27.5000	2.17
cnt-64	f-w7	hash2	11	100.0	25.0000	25.0000	2.17
cnt-64	f-w7	hash4	11	230.0	57.5000	57.5000	2.17
cnt-64	f-w7	vm	11	120.0	30.0000	30.0000	2.17
cnt-64	t-512k-sparse	serial	11	100222438.0	191.1591	191.1591	2.17
cnt-64	t-512k-sparse	firstbyte	11	9505628.0	18.1305	18.1305	2.17
cnt-64	t-512k-sparse	trie	11	14862610.0	28.3482	28.3482	2.17
cnt-64	t-512k-sparse	hash2	11	9328886.0	17.7934	17.7934	2.17
cnt-64	t-512k-sparse	hash4	11	25740076.0	49.0953	49.0953	2.17
cnt-64	t-512k-sparse	vm	11	14281666.0	27.2401	27.2401	2.17
cnt-64	t-128k-dense	serial	11	24983451.0	190.6086	190.6086	2.24
cnt-64	t-128k-dense	firstbyte	11	2388975.0	18.2264	18.2264	2.24
cnt-64	t-128k-dense	trie	11	3733823.0	28.4868	28.4868	2.24
cnt-64	t-128k-dense	hash2	11	2341324.0	17.8629	17.8629	2.24
cnt-64	t-128k-dense	hash4	11	6463439.0	49.3121	49.3121	2.24
cnt-64	t-128k-dense	vm	11	3586742.0	27.3647	27.3647	2.24
cnt-64	f-sh1	serial	11	1110.0	222.0000	222.0000	2.24
cnt-64	f-sh1	firstbyte	11	110.0	22.0000	22.0000	2.24
cnt-64	f-sh1	trie	11	180.0	36.0000	36.0000	2.24
cnt-64	f-sh1	hash2	11	120.0	24.0000	24.0000	2.24
cnt-64	f-sh1	hash4	11	240.0	48.0000	48.0000	2.24
cnt-64	f-sh1	vm	11	160.0	32.0000	32.0000	2.24
cnt-64	f-glued	serial	11	3560.0	197.7778	197.7778	2.24
cnt-64	f-glued	firstbyte	11	320.0	17.7778	17.7778	2.24
cnt-64	f-glued	trie	11	540.0	30.0000	30.0000	2.24
cnt-64	f-glued	hash2	11	400.0	22.2222	22.2222	2.24
cnt-64	f-glued	hash4	11	920.0	51.1111	51.1111	2.24
cnt-64	f-glued	vm	11	500.0	27.7778	27.7778	2.24
cnt-64	f-w255	serial	11	1530.0	218.5714	218.5714	2.24
cnt-64	f-w255	firstbyte	11	160.0	22.8571	22.8571	2.24
cnt-64	f-w255	trie	11	190.0	27.1429	27.1429	2.24
cnt-64	f-w255	hash2	11	140.0	20.0000	20.0000	2.24
cnt-64	f-w255	hash4	11	380.0	54.2857	54.2857	2.24
cnt-64	f-w255	vm	11	180.0	25.7143	25.7143	2.24
cnt-64	f-pfx3	serial	11	1710.0	213.7500	213.7500	2.24
cnt-64	f-pfx3	firstbyte	11	170.0	21.2500	21.2500	2.24
cnt-64	f-pfx3	trie	11	240.0	30.0000	30.0000	2.24
cnt-64	f-pfx3	hash2	11	180.0	22.5000	22.5000	2.24
cnt-64	f-pfx3	hash4	11	430.0	53.7500	53.7500	2.24
cnt-64	f-pfx3	vm	11	230.0	28.7500	28.7500	2.24
cnt-64	t-128k-sparse	serial	11	24955262.0	190.3935	190.3935	2.24
cnt-64	t-128k-sparse	firstbyte	11	2384854.0	18.1950	18.1950	2.24
cnt-64	t-128k-sparse	trie	11	3744013.0	28.5646	28.5646	2.24
cnt-64	t-128k-sparse	hash2	11	2333045.0	17.7997	17.7997	2.24
cnt-64	t-128k-sparse	hash4	11	6454499.0	49.2439	49.2439	2.24
cnt-64	t-128k-sparse	vm	11	3572411.0	27.2553	27.2553	2.24
cnt-64	f-bg	serial	11	1850.0	231.2500	231.2500	2.24
cnt-64	f-bg	firstbyte	11	220.0	27.5000	27.5000	2.24
cnt-64	f-bg	trie	11	220.0	27.5000	27.5000	2.24
cnt-64	f-bg	hash2	11	200.0	25.0000	25.0000	2.24
cnt-64	f-bg	hash4	11	450.0	56.2500	56.2500	2.24
cnt-64	f-bg	vm	11	220.0	27.5000	27.5000	2.24
cnt-64	f-upper	serial	11	2240.0	186.6667	186.6667	2.24
cnt-64	f-upper	firstbyte	11	150.0	12.5000	12.5000	2.24
cnt-64	f-upper	trie	11	280.0	23.3333	23.3333	2.24
cnt-64	f-upper	hash2	11	260.0	21.6667	21.6667	2.24
cnt-64	f-upper	hash4	11	560.0	46.6667	46.6667	2.24
cnt-64	f-upper	vm	11	280.0	23.3333	23.3333	2.24
cnt-64	f-near	serial	11	2560.0	213.3333	213.3333	2.24
cnt-64	f-near	firstbyte	11	220.0	18.3333	18.3333	2.24
cnt-64	f-near	trie	11	370.0	30.8333	30.8333	2.24
cnt-64	f-near	hash2	11	260.0	21.6667	21.6667	2.24
cnt-64	f-near	hash4	11	650.0	54.1667	54.1667	2.24
cnt-64	f-near	vm	11	360.0	30.0000	30.0000	2.24
cnt-64	f-sfx	serial	11	1870.0	207.7778	207.7778	2.24
cnt-64	f-sfx	firstbyte	11	190.0	21.1111	21.1111	2.24
cnt-64	f-sfx	trie	11	260.0	28.8889	28.8889	2.24
cnt-64	f-sfx	hash2	11	190.0	21.1111	21.1111	2.24
cnt-64	f-sfx	hash4	11	480.0	53.3333	53.3333	2.24
cnt-64	f-sfx	vm	11	280.0	31.1111	31.1111	2.24
srt-512	f-cnt2	serial	11	24430.0	1526.8750	1526.8750	2.24
srt-512	f-cnt2	firstbyte	11	1430.0	89.3750	89.3750	2.24
srt-512	f-cnt2	trie	11	700.0	43.7500	43.7500	2.24
srt-512	f-cnt2	hash2	11	450.0	28.1250	28.1250	2.24
srt-512	f-cnt2	hash4	11	3250.0	203.1250	203.1250	2.24
srt-512	f-cnt2	vm	11	710.0	44.3750	44.3750	2.24
srt-512	f-nar4	serial	11	15790.0	1754.4444	1754.4444	2.24
srt-512	f-nar4	firstbyte	11	930.0	103.3333	103.3333	2.24
srt-512	f-nar4	trie	11	350.0	38.8889	38.8889	2.24
srt-512	f-nar4	hash2	11	260.0	28.8889	28.8889	2.24
srt-512	f-nar4	hash4	11	1780.0	197.7778	197.7778	2.24
srt-512	f-nar4	vm	11	330.0	36.6667	36.6667	2.24
srt-512	f-w0	serial	11	20000.0	1666.6667	1666.6667	2.24
srt-512	f-w0	firstbyte	11	1060.0	88.3333	88.3333	2.24
srt-512	f-w0	trie	11	490.0	40.8333	40.8333	2.24
srt-512	f-w0	hash2	11	350.0	29.1667	29.1667	2.24
srt-512	f-w0	hash4	11	2410.0	200.8333	200.8333	2.24
srt-512	f-w0	vm	11	490.0	40.8333	40.8333	2.24
srt-512	f-s4095	serial	11	6180.0	1545.0000	1545.0000	2.24
srt-512	f-s4095	firstbyte	11	340.0	85.0000	85.0000	2.24
srt-512	f-s4095	trie	11	150.0	37.5000	37.5000	2.24
srt-512	f-s4095	hash2	11	100.0	25.0000	25.0000	2.24
srt-512	f-s4095	hash4	11	790.0	197.5000	197.5000	2.24
srt-512	f-s4095	vm	11	160.0	40.0000	40.0000	2.24
srt-512	f-s0	serial	11	6200.0	1550.0000	1550.0000	2.24
srt-512	f-s0	firstbyte	11	390.0	97.5000	97.5000	2.24
srt-512	f-s0	trie	11	150.0	37.5000	37.5000	2.24
srt-512	f-s0	hash2	11	100.0	25.0000	25.0000	2.24
srt-512	f-s0	hash4	11	870.0	217.5000	217.5000	2.24
srt-512	f-s0	vm	11	150.0	37.5000	37.5000	2.24
srt-512	t-128k-clean	serial	11	184602690.0	1408.4068	1408.4068	2.24
srt-512	t-128k-clean	firstbyte	11	10335812.0	78.8560	78.8560	2.24
srt-512	t-128k-clean	trie	11	5291073.0	40.3677	40.3677	2.24
srt-512	t-128k-clean	hash2	11	3906233.0	29.8022	29.8022	2.24
srt-512	t-128k-clean	hash4	11	26323130.0	200.8295	200.8295	2.24
srt-512	t-128k-clean	vm	11	5190902.0	39.6034	39.6034	2.24
srt-512	f-w511	serial	11	9860.0	1643.3333	1643.3333	2.24
srt-512	f-w511	firstbyte	11	580.0	96.6667	96.6667	2.24
srt-512	f-w511	trie	11	260.0	43.3333	43.3333	2.24
srt-512	f-w511	hash2	11	170.0	28.3333	28.3333	2.24
srt-512	f-w511	hash4	11	1220.0	203.3333	203.3333	2.24
srt-512	f-w511	vm	11	230.0	38.3333	38.3333	2.24
srt-512	f-prefix	serial	11	19180.0	1743.6364	1743.6364	2.24
srt-512	f-prefix	firstbyte	11	980.0	89.0909	89.0909	2.24
srt-512	f-prefix	trie	11	540.0	49.0909	49.0909	2.24
srt-512	f-prefix	hash2	11	300.0	27.2727	27.2727	2.24
srt-512	f-prefix	hash4	11	2210.0	200.9091	200.9091	2.24
srt-512	f-prefix	vm	11	500.0	45.4545	45.4545	2.24
srt-512	f-w2047	serial	11	13700.0	1712.5000	1712.5000	2.24
srt-512	f-w2047	firstbyte	11	770.0	96.2500	96.2500	2.24
srt-512	f-w2047	trie	11	350.0	43.7500	43.7500	2.24
srt-512	f-w2047	hash2	11	190.0	23.7500	23.7500	2.24
srt-512	f-w2047	hash4	11	1690.0	211.2500	211.2500	2.24
srt-512	f-w2047	vm	11	350.0	43.7500	43.7500	2.24
srt-512	f-w7	serial	11	5780.0	1445.0000	1445.0000	2.24
srt-512	f-w7	firstbyte	11	380.0	95.0000	95.0000	2.24
srt-512	f-w7	trie	11	180.0	45.0000	45.0000	2.24
srt-512	f-w7	hash2	11	110.0	27.5000	27.5000	2.24
srt-512	f-w7	hash4	11	790.0	197.5000	197.5000	2.24
srt-512	f-w7	vm	11	180.0	45.0000	45.0000	2.24
srt-512	t-512k-sparse	serial	11	739522477.0	1410.5272	1410.5272	2.28
srt-512	t-512k-sparse	firstbyte	11	41206620.0	78.5954	78.5954	2.28
srt-512	t-512k-sparse	trie	11	21161838.0	40.3630	40.3630	2.28
srt-512	t-512k-sparse	hash2	11	15587015.0	29.7299	29.7299	2.28
srt-512	t-512k-sparse	hash4	11	104943906.0	200.1646	200.1646	2.18
srt-512	t-512k-sparse	vm	11	20777186.0	39.6293	39.6293	2.18
srt-512	t-128k-dense	serial	11	183780485.0	1402.1338	1402.1338	2.18
srt-512	t-128k-dense	firstbyte	11	10384513.0	79.2275	79.2275	2.18
srt-512	t-128k-dense	trie	11	5329393.0	40.6600	40.6600	2.18
srt-512	t-128k-dense	hash2	11	3920073.0	29.9078	29.9078	2.18
srt-512	t-128k-dense	hash4	11	26279829.0	200.4992	200.4992	2.18
srt-512	t-128k-dense	vm	11	5246952.0	40.0311	40.0311	2.18
srt-512	f-sh1	serial	11	8040.0	1608.0000	1608.0000	2.18
srt-512	f-sh1	firstbyte	11	470.0	94.0000	94.0000	2.18
srt-512	f-sh1	trie	11	220.0	44.0000	44.0000	2.18
srt-512	f-sh1	hash2	11	120.0	24.0000	24.0000	2.18
srt-512	f-sh1	hash4	11	1010.0	202.0000	202.0000	2.18
srt-512	f-sh1	vm	11	200.0	40.0000	40.0000	2.18
srt-512	f-glued	serial	11	29120.0	1617.7778	1617.7778	2.18
srt-512	f-glued	firstbyte	11	1540.0	85.5556	85.5556	2.18
srt-512	f-glued	trie	11	850.0	47.2222	47.2222	2.18
srt-512	f-glued	hash2	11	500.0	27.7778	27.7778	2.18
srt-512	f-glued	hash4	11	3630.0	201.6667	201.6667	2.18
srt-512	f-glued	vm	11	800.0	44.4444	44.4444	2.18
srt-512	f-w255	serial	11	10850.0	1550.0000	1550.0000	2.18
srt-512	f-w255	firstbyte	11	700.0	100.0000	100.0000	2.18
srt-512	f-w255	trie	11	320.0	45.7143	45.7143	2.18
srt-512	f-w255	hash2	11	210.0	30.0000	30.0000	2.18
srt-512	f-w255	hash4	11	1490.0	212.8571	212.8571	2.18
srt-512	f-w255	vm	11	340.0	48.5714	48.5714	2.18
srt-512	f-pfx3	serial	11	13670.0	1708.7500	1708.7500	2.18
srt-512	f-pfx3	firstbyte	11	750.0	93.7500	93.7500	2.18
srt-512	f-pfx3	trie	11	380.0	47.5000	47.5000	2.18
srt-512	f-pfx3	hash2	11	220.0	27.5000	27.5000	2.18
srt-512	f-pfx3	hash4	11	1530.0	191.2500	191.2500	2.18
srt-512	f-pfx3	vm	11	390.0	48.7500	48.7500	2.18
srt-512	t-128k-sparse	serial	11	184236368.0	1405.6119	1405.6119	2.08
srt-512	t-128k-sparse	firstbyte	11	10267272.0	78.3331	78.3331	2.08
srt-512	t-128k-sparse	trie	11	5290443.0	40.3629	40.3629	2.08
srt-512	t-128k-sparse	hash2	11	3911474.0	29.8422	29.8422	2.08
srt-512	t-128k-sparse	hash4	11	26177969.0	199.7221	199.7221	2.08
srt-512	t-128k-sparse	vm	11	5187491.0	39.5774	39.5774	2.08
srt-512	f-bg	serial	11	13980.0	1747.5000	1747.5000	2.08
srt-512	f-bg	firstbyte	11	760.0	95.0000	95.0000	2.08
srt-512	f-bg	trie	11	330.0	41.2500	41.2500	2.08
srt-512	f-bg	hash2	11	240.0	30.0000	30.0000	2.08
srt-512	f-bg	hash4	11	1660.0	207.5000	207.5000	2.08
srt-512	f-bg	vm	11	350.0	43.7500	43.7500	2.08
srt-512	f-upper	serial	11	19990.0	1665.8333	1665.8333	2.08
srt-512	f-upper	firstbyte	11	150.0	12.5000	12.5000	2.08
srt-512	f-upper	trie	11	290.0	24.1667	24.1667	2.08
srt-512	f-upper	hash2	11	220.0	18.3333	18.3333	2.08
srt-512	f-upper	hash4	11	2150.0	179.1667	179.1667	2.08
srt-512	f-upper	vm	11	290.0	24.1667	24.1667	2.08
srt-512	f-near	serial	11	20480.0	1706.6667	1706.6667	2.08
srt-512	f-near	firstbyte	11	1070.0	89.1667	89.1667	2.08
srt-512	f-near	trie	11	560.0	46.6667	46.6667	2.08
srt-512	f-near	hash2	11	340.0	28.3333	28.3333	2.08
srt-512	f-near	hash4	11	2370.0	197.5000	197.5000	2.08
srt-512	f-near	vm	11	560.0	46.6667	46.6667	2.08
srt-512	f-sfx	serial	11	15500.0	1722.2222	1722.2222	2.08
srt-512	f-sfx	firstbyte	11	870.0	96.6667	96.6667	2.08
srt-512	f-sfx	trie	11	380.0	42.2222	42.2222	2.08
srt-512	f-sfx	hash2	11	250.0	27.7778	27.7778	2.08
srt-512	f-sfx	hash4	11	1800.0	200.0000	200.0000	2.08
srt-512	f-sfx	vm	11	370.0	41.1111	41.1111	2.08
srt-256	f-cnt2	serial	11	11811.0	738.1875	738.1875	2.08
srt-256	f-cnt2	firstbyte	11	770.0	48.1250	48.1250	2.08
srt-256	f-cnt2	trie	11	660.0	41.2500	41.2500	2.08
srt-256	f-cnt2	hash2	11	390.0	24.3750	24.3750	2.08
srt-256	f-cnt2	hash4	11	1851.0	115.6875	115.6875	2.08
srt-256	f-cnt2	vm	11	610.0	38.1250	38.1250	2.08
srt-256	f-nar4	serial	11	7410.0	823.3333	823.3333	2.08
srt-256	f-nar4	firstbyte	11	480.0	53.3333	53.3333	2.08
srt-256	f-nar4	trie	11	300.0	33.3333	33.3333	2.08
srt-256	f-nar4	hash2	11	230.0	25.5556	25.5556	2.08
srt-256	f-nar4	hash4	11	1060.0	117.7778	117.7778	2.08
srt-256	f-nar4	vm	11	320.0	35.5556	35.5556	2.08
srt-256	f-w0	serial	11	9430.0	785.8333	785.8333	2.08
srt-256	f-w0	firstbyte	11	560.0	46.6667	46.6667	2.08
srt-256	f-w0	trie	11	470.0	39.1667	39.1667	2.08
srt-256	f-w0	hash2	11	280.0	23.3333	23.3333	2.08
srt-256	f-w0	hash4	11	1420.0	118.3333	118.3333	2.08
srt-256	f-w0	vm	11	470.0	39.1667	39.1667	2.08
srt-256	f-s4095	serial	11	3030.0	757.5000	757.5000	2.08
srt-256	f-s4095	firstbyte	11	200.0	50.0000	50.0000	2.08
srt-256	f-s4095	trie	11	150.0	37.5000	37.5000	2.08
srt-256	f-s4095	hash2	11	100.0	25.0000	25.0000	2.08
srt-256	f-s4095	hash4	11	450.0	112.5000	112.5000	2.08
srt-256	f-s4095	vm	11	130.0	32.5000	32.5000	2.08
srt-256	f-s0	serial	11	3050.0	762.5000	762.5000	2.08
srt-256	f-s0	firstbyte	11	240.0	60.0000	60.0000	2.08
srt-256	f-s0	trie	11	140.0	35.0000	35.0000	2.08
srt-256	f-s0	hash2	11	100.0	25.0000	25.0000	2.08
srt-256	f-s0	hash4	11	450.0	112.5000	112.5000	2.08
srt-256	f-s0	vm	11	150.0	37.5000	37.5000	2.08
srt-256	t-128k-clean	serial	11	89785455.0	685.0087	685.0087	2.08
srt-256	t-128k-clean	firstbyte	11	5579934.0	42.5715	42.5715	2.08
srt-256	t-128k-clean	trie	11	4556568.0	34.7639	34.7639	2.08
srt-256	t-128k-clean	hash2	11	3177080.0	24.2392	24.2392	2.08
srt-256	t-128k-clean	hash4	11	15138381.0	115.4967	115.4967	2.08
srt-256	t-128k-clean	vm	11	4444237.0	33.9068	33.9068	2.08
srt-256	f-w511	serial	11	4780.0	796.6667	796.6667	2.08
srt-256	f-w511	firstbyte	11	340.0	56.6667	56.6667	2.08
srt-256	f-w511	trie	11	180.0	30.0000	30.0000	2.08
srt-256	f-w511	hash2	11	120.0	20.0000	20.0000	2.08
srt-256	f-w511	hash4	11	730.0	121.6667	121.6667	2.08
srt-256	f-w511	vm	11	150.0	25.0000	25.0000	2.08
srt-256	f-prefix	serial	11	9110.0	828.1818	828.1818	2.08
srt-256	f-prefix	firstbyte	11	530.0	48.1818	48.1818	2.08
srt-256	f-prefix	trie	11	470.0	42.7273	42.7273	2.08
srt-256	f-prefix	hash2	11	260.0	23.6364	23.6364	2.08
srt-256	f-prefix	hash4	11	1280.0	116.3636	116.3636	2.08
srt-256	f-prefix	vm	11	430.0	39.0909	39.0909	2.08
srt-256	f-w2047	serial	11	6370.0	796.2500	796.2500	2.08
srt-256	f-w2047	firstbyte	11	450.0	56.2500	56.2500	2.08
srt-256	f-w2047	trie	11	280.0	35.0000	35.0000	2.08
srt-256	f-w2047	hash2	11	180.0	22.5000	22.5000	2.08
srt-256	f-w2047	hash4	11	940.0	117.5000	117.5000	2.08
srt-256	f-w2047	vm	11	290.0	36.2500	36.2500	2.08
srt-256	f-w7	serial	11	2750.0	687.5000	687.5000	2.08
srt-256	f-w7	firstbyte	11	210.0	52.5000	52.5000	2.08
srt-256	f-w7	trie	11	130.0	32.5000	32.5000	2.08
srt-256	f-w7	hash2	11	100.0	25.0000	25.0000	2.08
srt-256	f-w7	hash4	11	470.0	117.5000	117.5000	2.08
srt-256	f-w7	vm	11	130.0	32.5000	32.5000	2.08
srt-256	t-512k-sparse	serial	11	360941391.0	688.4411	688.4411	2.00
srt-256	t-512k-sparse	firstbyte	11	22371516.0	42.6703	42.6703	2.00
srt-256	t-512k-sparse	trie	11	18295021.0	34.8950	34.8950	2.00
srt-256	t-512k-sparse	hash2	11	12737367.0	24.2946	24.2946	2.00
srt-256	t-512k-sparse	hash4	11	60657268.0	115.6946	115.6946	2.00
srt-256	t-512k-sparse	vm	11	17819239.0	33.9875	33.9875	2.00
srt-256	t-128k-dense	serial	11	89871675.0	685.6665	685.6665	2.00
srt-256	t-128k-dense	firstbyte	11	5652724.0	43.1269	43.1269	2.00
srt-256	t-128k-dense	trie	11	4585118.0	34.9817	34.9817	2.00
srt-256	t-128k-dense	hash2	11	3202420.0	24.4325	24.4325	2.00
srt-256	t-128k-dense	hash4	11	15284343.0	116.6103	116.6103	2.00
srt-256	t-128k-dense	vm	11	4472768.0	34.1245	34.1245	2.00
srt-256	f-sh1	serial	11	3960.0	792.0000	792.0000	2.00
srt-256	f-sh1	firstbyte	11	290.0	58.0000	58.0000	2.00
srt-256	f-sh1	trie	11	200.0	40.0000	40.0000	2.00
srt-256	f-sh1	hash2	11	110.0	22.0000	22.0000	2.00
srt-256	f-sh1	hash4	11	550.0	110.0000	110.0000	2.00
srt-256	f-sh1	vm	11	180.0	36.0000	36.0000	2.00
srt-256	f-glued	serial	11	13950.0	775.0000	775.0000	2.00
srt-256	f-glued	firstbyte	11	870.0	48.3333	48.3333	2.00
srt-256	f-glued	trie	11	760.0	42.2222	42.2222	2.00
srt-256	f-glued	hash2	11	440.0	24.4444	24.4444	2.00
srt-256	f-glued	hash4	11	2040.0	113.3333	113.3333	2.00
srt-256	f-glued	vm	11	710.0	39.4444	39.4444	2.00
srt-256	f-w255	serial	11	5150.0	735.7143	735.7143	2.00
srt-256	f-w255	firstbyte	11	420.0	60.0000	60.0000	2.00
srt-256	f-w255	trie	11	280.0	40.0000	40.0000	2.00
srt-256	f-w255	hash2	11	200.0	28.5714	28.5714	2.00
srt-256	f-w255	hash4	11	880.0	125.7143	125.7143	2.00
srt-256	f-w255	vm	11	280.0	40.0000	40.0000	2.00
srt-256	f-pfx3	serial	11	6380.0	797.5000	797.5000	2.00
srt-256	f-pfx3	firstbyte	11	450.0	56.2500	56.2500	2.00
srt-256	f-pfx3	trie	11	330.0	41.2500	41.2500	2.00
srt-256	f-pfx3	hash2	11	200.0	25.0000	25.0000	2.00
srt-256	f-pfx3	hash4	11	920.0	115.0000	115.0000	2.00
srt-256	f-pfx3	vm	11	340.0	42.5000	42.5000	2.00
srt-256	t-128k-sparse	serial	11	89959036.0	686.3330	686.3330	1.92
srt-256	t-128k-sparse	firstbyte	11	5581874.0	42.5863	42.5863	1.92
srt-256	t-128k-sparse	trie	11	4573608.0	34.8939	34.8939	1.92
srt-256	t-128k-sparse	hash2	11	3188369.0	24.3253	24.3253	1.92
srt-256	t-128k-sparse	hash4	11	15132442.0	115.4514	115.4514	1.92
srt-256	t-128k-sparse	vm	11	4463817.0	34.0562	34.0562	1.92
srt-256	f-bg	serial	11	6720.0	840.0000	840.0000	1.92
srt-256	f-bg	firstbyte	11	450.0	56.2500	56.2500	1.92
srt-256	f-bg	trie	11	300.0	37.5000	37.5000	1.92
srt-256	f-bg	hash2	11	210.0	26.2500	26.2500	1.92
srt-256	f-bg	hash4	11	970.0	121.2500	121.2500	1.92
srt-256	f-bg	vm	11	310.0	38.7500	38.7500	1.92
srt-256	f-upper	serial	11	9210.0	767.5000	767.5000	1.92
srt-256	f-upper	firstbyte	11	150.0	12.5000	12.5000	1.92
srt-256	f-upper	trie	11	290.0	24.1667	24.1667	1.92
srt-256	f-upper	hash2	11	220.0	18.3333	18.3333	1.92
srt-256	f-upper	hash4	11	1240.0	103.3333	103.3333	1.92
srt-256	f-upper	vm	11	300.0	25.0000	25.0000	1.92
srt-256	f-near	serial	11	9530.0	794.1667	794.1667	1.92
srt-256	f-near	firstbyte	11	570.0	47.5000	47.5000	1.92
srt-256	f-near	trie	11	520.0	43.3333	43.3333	1.92
srt-256	f-near	hash2	11	270.0	22.5000	22.5000	1.92
srt-256	f-near	hash4	11	1380.0	115.0000	115.0000	1.92
srt-256	f-near	vm	11	440.0	36.6667	36.6667	1.92
srt-256	f-sfx	serial	11	7150.0	794.4444	794.4444	1.92
srt-256	f-sfx	firstbyte	11	480.0	53.3333	53.3333	1.92
srt-256	f-sfx	trie	11	350.0	38.8889	38.8889	1.92
srt-256	f-sfx	hash2	11	230.0	25.5556	25.5556	1.92
srt-256	f-sfx	hash4	11	1070.0	118.8889	118.8889	1.92
srt-256	f-sfx	vm	11	350.0	38.8889	38.8889	1.92
s-2048	f-cnt2	serial	11	112020.0	7001.2500	7001.2500	1.92
s-2048	f-cnt2	firstbyte	11	6660.0	416.2500	416.2500	1.92
s-2048	f-cnt2	trie	11	750.0	46.8750	46.8750	1.92
s-2048	f-cnt2	hash2	11	690.0	43.1250	43.1250	1.92
s-2048	f-cnt2	hash4	11	5870.0	366.8750	366.8750	1.92
s-2048	f-cnt2	vm	11	770.0	48.1250	48.1250	1.92
s-2048	f-nar4	serial	11	64360.0	7151.1111	7151.1111	1.92
s-2048	f-nar4	firstbyte	11	3630.0	403.3333	403.3333	1.92
s-2048	f-nar4	trie	11	461.0	51.2222	51.2222	1.92
s-2048	f-nar4	hash2	11	370.0	41.1111	41.1111	1.92
s-2048	f-nar4	hash4	11	3200.0	355.5556	355.5556	1.92
s-2048	f-nar4	vm	11	490.0	54.4444	54.4444	1.92
s-2048	f-w0	serial	11	84930.0	7077.5000	7077.5000	1.92
s-2048	f-w0	firstbyte	11	5020.0	418.3333	418.3333	1.92
s-2048	f-w0	trie	11	510.0	42.5000	42.5000	1.92
s-2048	f-w0	hash2	11	530.0	44.1667	44.1667	1.92
s-2048	f-w0	hash4	11	4500.0	375.0000	375.0000	1.92
s-2048	f-w0	vm	11	520.0	43.3333	43.3333	1.92
s-2048	f-s4095	serial	11	29011.0	7252.7500	7252.7500	1.92
s-2048	f-s4095	firstbyte	11	1600.0	400.0000	400.0000	1.92
s-2048	f-s4095	trie	11	160.0	40.0000	40.0000	1.92
s-2048	f-s4095	hash2	11	160.0	40.0000	40.0000	1.92
s-2048	f-s4095	hash4	11	1460.0	365.0000	365.0000	1.92
s-2048	f-s4095	vm	11	170.0	42.5000	42.5000	1.92
s-2048	f-s0	serial	11	20210.0	5052.5000	5052.5000	1.92
s-2048	f-s0	firstbyte	11	1100.0	275.0000	275.0000	1.92
s-2048	f-s0	trie	11	120.0	30.0000	30.0000	1.92
s-2048	f-s0	hash2	11	120.0	30.0000	30.0000	1.92
s-2048	f-s0	hash4	11	1370.0	342.5000	342.5000	1.92
s-2048	f-s0	vm	11	130.0	32.5000	32.5000	1.92
s-2048	t-128k-clean	serial	11	842857205.0	6430.4902	6430.4902	1.78
s-2048	t-128k-clean	firstbyte	11	41725243.0	318.3383	318.3383	1.78
s-2048	t-128k-clean	trie	11	7011492.0	53.4934	53.4934	1.78
s-2048	t-128k-clean	hash2	11	5381123.0	41.0547	41.0547	1.78
s-2048	t-128k-clean	hash4	11	44381839.0	338.6066	338.6066	1.78
s-2048	t-128k-clean	vm	11	6953502.0	53.0510	53.0510	1.78
s-2048	f-w511	serial	11	44580.0	7430.0000	7430.0000	1.78
s-2048	f-w511	firstbyte	11	2370.0	395.0000	395.0000	1.78
s-2048	f-w511	trie	11	290.0	48.3333	48.3333	1.78
s-2048	f-w511	hash2	11	260.0	43.3333	43.3333	1.78
s-2048	f-w511	hash4	11	2070.0	345.0000	345.0000	1.78
s-2048	f-w511	vm	11	290.0	48.3333	48.3333	1.78
s-2048	f-prefix	serial	11	78341.0	7121.9091	7121.9091	1.78
s-2048	f-prefix	firstbyte	11	4530.0	411.8182	411.8182	1.78
s-2048	f-prefix	trie	11	510.0	46.3636	46.3636	1.78
s-2048	f-prefix	hash2	11	470.0	42.7273	42.7273	1.78
s-2048	f-prefix	hash4	11	4100.0	372.7273	372.7273	1.78
s-2048	f-prefix	vm	11	520.0	47.2727	47.2727	1.78
s-2048	f-w2047	serial	11	57590.0	7198.7500	7198.7500	1.78
s-2048	f-w2047	firstbyte	11	3280.0	410.0000	410.0000	1.78
s-2048	f-w2047	trie	11	350.0	43.7500	43.7500	1.78
s-2048	f-w2047	hash2	11	280.0	35.0000	35.0000	1.78
s-2048	f-w2047	hash4	11	2840.0	355.0000	355.0000	1.78
s-2048	f-w2047	vm	11	350.0	43.7500	43.7500	1.78
s-2048	f-w7	serial	11	28480.0	7120.0000	7120.0000	1.78
s-2048	f-w7	firstbyte	11	1580.0	395.0000	395.0000	1.78
s-2048	f-w7	trie	11	220.0	55.0000	55.0000	1.78
s-2048	f-w7	hash2	11	140.0	35.0000	35.0000	1.78
s-2048	f-w7	hash4	11	1410.0	352.5000	352.5000	1.78
s-2048	f-w7	vm	11	210.0	52.5000	52.5000	1.78
s-2048	t-512k-sparse	serial	11	3436740994.0	6555.0632	6555.0632	1.47
s-2048	t-512k-sparse	firstbyte	11	169848421.0	323.9602	323.9602	1.43
s-2048	t-512k-sparse	trie	11	27994850.0	53.3959	53.3959	1.43
s-2048	t-512k-sparse	hash2	11	21586981.0	41.1739	41.1739	1.43
s-2048	t-512k-sparse	hash4	11	177556037.0	338.6613	338.6613	1.43
s-2048	t-512k-sparse	vm	11	27696478.0	52.8268	52.8268	1.43
s-2048	t-128k-dense	serial	11	859294184.0	6555.8943	6555.8943	1.45
s-2048	t-128k-dense	firstbyte	11	42808409.0	326.6022	326.6022	1.41
s-2048	t-128k-dense	trie	11	7032763.0	53.6557	53.6557	1.41
s-2048	t-128k-dense	hash2	11	5482583.0	41.8288	41.8288	1.41
s-2048	t-128k-dense	hash4	11	44495650.0	339.4749	339.4749	1.41
s-2048	t-128k-dense	vm	11	7012292.0	53.4995	53.4995	1.41
s-2048	f-sh1	serial	11	38480.0	7696.0000	7696.0000	1.41
s-2048	f-sh1	firstbyte	11	1840.0	368.0000	368.0000	1.41
s-2048	f-sh1	trie	11	210.0	42.0000	42.0000	1.41
s-2048	f-sh1	hash2	11	170.0	34.0000	34.0000	1.41
s-2048	f-sh1	hash4	11	1640.0	328.0000	328.0000	1.41
s-2048	f-sh1	vm	11	210.0	42.0000	42.0000	1.41
s-2048	f-glued	serial	11	127740.0	7096.6667	7096.6667	1.41
s-2048	f-glued	firstbyte	11	7540.0	418.8889	418.8889	1.41
s-2048	f-glued	trie	11	730.0	40.5556	40.5556	1.41
s-2048	f-glued	hash2	11	790.0	43.8889	43.8889	1.41
s-2048	f-glued	hash4	11	6550.0	363.8889	363.8889	1.41
s-2048	f-glued	vm	11	750.0	41.6667	41.6667	1.41
s-2048	f-w255	serial	11	52220.0	7460.0000	7460.0000	1.41
s-2048	f-w255	firstbyte	11	2730.0	390.0000	390.0000	1.41
s-2048	f-w255	trie	11	340.0	48.5714	48.5714	1.41
s-2048	f-w255	hash2	11	260.0	37.1429	37.1429	1.41
s-2048	f-w255	hash4	11	2530.0	361.4286	361.4286	1.41
s-2048	f-w255	vm	11	350.0	50.0000	50.0000	1.41
s-2048	f-pfx3	serial	11	59070.0	7383.7500	7383.7500	1.41
s-2048	f-pfx3	firstbyte	11	3210.0	401.2500	401.2500	1.41
s-2048	f-pfx3	trie	11	330.0	41.2500	41.2500	1.41
s-2048	f-pfx3	hash2	11	270.0	33.7500	33.7500	1.41
s-2048	f-pfx3	hash4	11	2601.0	325.1250	325.1250	1.41
s-2048	f-pfx3	vm	11	360.0	45.0000	45.0000	1.41
s-2048	t-128k-sparse	serial	11	858011166.0	6546.1057	6546.1057	1.43
s-2048	t-128k-sparse	firstbyte	11	42469148.0	324.0139	324.0139	1.43
s-2048	t-128k-sparse	trie	11	6999272.0	53.4002	53.4002	1.43
s-2048	t-128k-sparse	hash2	11	5387563.0	41.1038	41.1038	1.43
s-2048	t-128k-sparse	hash4	11	44519550.0	339.6572	339.6572	1.43
s-2048	t-128k-sparse	vm	11	6916262.0	52.7669	52.7669	1.43
s-2048	f-bg	serial	11	58840.0	7355.0000	7355.0000	1.43
s-2048	f-bg	firstbyte	11	3000.0	375.0000	375.0000	1.43
s-2048	f-bg	trie	11	330.0	41.2500	41.2500	1.43
s-2048	f-bg	hash2	11	290.0	36.2500	36.2500	1.43
s-2048	f-bg	hash4	11	2760.0	345.0000	345.0000	1.43
s-2048	f-bg	vm	11	350.0	43.7500	43.7500	1.43
s-2048	f-upper	serial	11	71820.0	5985.0000	5985.0000	1.43
s-2048	f-upper	firstbyte	11	150.0	12.5000	12.5000	1.43
s-2048	f-upper	trie	11	300.0	25.0000	25.0000	1.43
s-2048	f-upper	hash2	11	220.0	18.3333	18.3333	1.43
s-2048	f-upper	hash4	11	3460.0	288.3333	288.3333	1.43
s-2048	f-upper	vm	11	290.0	24.1667	24.1667	1.43
s-2048	f-near	serial	11	85980.0	7165.0000	7165.0000	1.43
s-2048	f-near	firstbyte	11	5000.0	416.6667	416.6667	1.43
s-2048	f-near	trie	11	540.0	45.0000	45.0000	1.43
s-2048	f-near	hash2	11	530.0	44.1667	44.1667	1.43
s-2048	f-near	hash4	11	4470.0	372.5000	372.5000	1.43
s-2048	f-near	vm	11	590.0	49.1667	49.1667	1.43
s-2048	f-sfx	serial	11	65750.0	7305.5556	7305.5556	1.43
s-2048	f-sfx	firstbyte	11	3910.0	434.4444	434.4444	1.43
s-2048	f-sfx	trie	11	420.0	46.6667	46.6667	1.43
s-2048	f-sfx	hash2	11	410.0	45.5556	45.5556	1.43
s-2048	f-sfx	hash4	11	3240.0	360.0000	360.0000	1.43
s-2048	f-sfx	vm	11	430.0	47.7778	47.7778	1.43
w-8	f-cnt2	serial	11	490.0	30.6250	30.6250	1.43
w-8	f-cnt2	firstbyte	11	220.0	13.7500	13.7500	1.43
w-8	f-cnt2	trie	11	310.0	19.3750	19.3750	1.43
w-8	f-cnt2	hash2	11	350.0	21.8750	21.8750	1.43
w-8	f-cnt2	hash4	11	340.0	21.2500	21.2500	1.43
w-8	f-cnt2	vm	11	310.0	19.3750	19.3750	1.43
w-8	f-nar4	serial	11	250.0	27.7778	27.7778	1.43
w-8	f-nar4	firstbyte	11	130.0	14.4444	14.4444	1.43
w-8	f-nar4	trie	11	150.0	16.6667	16.6667	1.43
w-8	f-nar4	hash2	11	190.0	21.1111	21.1111	1.43
w-8	f-nar4	hash4	11	170.0	18.8889	18.8889	1.43
w-8	f-nar4	vm	11	140.0	15.5556	15.5556	1.43
w-8	f-w0	serial	11	350.0	29.1667	29.1667	1.43
w-8	f-w0	firstbyte	11	170.0	14.1667	14.1667	1.43
w-8	f-w0	trie	11	220.0	18.3333	18.3333	1.43
w-8	f-w0	hash2	11	250.0	20.8333	20.8333	1.43
w-8	f-w0	hash4	11	230.0	19.1667	19.1667	1.43
w-8	f-w0	vm	11	210.0	17.5000	17.5000	1.43
w-8	f-s4095	serial	11	140.0	35.0000	35.0000	1.43
w-8	f-s4095	firstbyte	11	70.0	17.5000	17.5000	1.43
w-8	f-s4095	trie	11	90.0	22.5000	22.5000	1.43
w-8	f-s4095	hash2	11	90.0	22.5000	22.5000	1.43
w-8	f-s4095	hash4	11	80.0	20.0000	20.0000	1.43
w-8	f-s4095	vm	11	80.0	20.0000	20.0000	1.43
w-8	f-s0	serial	11	120.0	30.0000	30.0000	1.43
w-8	f-s0	firstbyte	11	70.0	17.5000	17.5000	1.43
w-8	f-s0	trie	11	80.0	20.0000	20.0000	1.43
w-8	f-s0	hash2	11	90.0	22.5000	22.5000	1.43
w-8	f-s0	hash4	11	80.0	20.0000	20.0000	1.43
w-8	f-s0	vm	11	80.0	20.0000	20.0000	1.43
w-8	t-128k-clean	serial	11	3196970.0	24.3909	24.3909	1.43
w-8	t-128k-clean	firstbyte	11	1439539.0	10.9828	10.9828	1.43
w-8	t-128k-clean	trie	11	1751081.0	13.3597	13.3597	1.43
w-8	t-128k-clean	hash2	11	2208563.0	16.8500	16.8500	1.43
w-8	t-128k-clean	hash4	11	2126543.0	16.2242	16.2242	1.43
w-8	t-128k-clean	vm	11	1680300.0	12.8197	12.8197	1.43
w-8	f-w511	serial	11	180.0	30.0000	30.0000	1.43
w-8	f-w511	firstbyte	11	90.0	15.0000	15.0000	1.43
w-8	f-w511	trie	11	120.0	20.0000	20.0000	1.43
w-8	f-w511	hash2	11	120.0	20.0000	20.0000	1.43
w-8	f-w511	hash4	11	110.0	18.3333	18.3333	1.43
w-8	f-w511	vm	11	110.0	18.3333	18.3333	1.43
w-8	f-prefix	serial	11	340.0	30.9091	30.9091	1.43
w-8	f-prefix	firstbyte	11	170.0	15.4545	15.4545	1.43
w-8	f-prefix	trie	11	210.0	19.0909	19.0909	1.43
w-8	f-prefix	hash2	11	230.0	20.9091	20.9091	1.43
w-8	f-prefix	hash4	11	220.0	20.0000	20.0000	1.43
w-8	f-prefix	vm	11	200.0	18.1818	18.1818	1.43
w-8	f-w2047	serial	11	220.0	27.5000	27.5000	1.43
w-8	f-w2047	firstbyte	11	120.0	15.0000	15.0000	1.43
w-8	f-w2047	trie	11	140.0	17.5000	17.5000	1.43
w-8	f-w2047	hash2	11	150.0	18.7500	18.7500	1.43
w-8	f-w2047	hash4	11	140.0	17.5000	17.5000	1.43
w-8	f-w2047	vm	11	130.0	16.2500	16.2500	1.43
w-8	f-w7	serial	11	130.0	32.5000	32.5000	1.43
w-8	f-w7	firstbyte	11	80.0	20.0000	20.0000	1.43
w-8	f-w7	trie	11	90.0	22.5000	22.5000	1.43
w-8	f-w7	hash2	11	100.0	25.0000	25.0000	1.43
w-8	f-w7	hash4	11	90.0	22.5000	22.5000	1.43
w-8	f-w7	vm	11	90.0	22.5000	22.5000	1.43
w-8	t-512k-sparse	serial	11	12777737.0	24.3716	24.3716	1.43
w-8	t-512k-sparse	firstbyte	11	5759855.0	10.9861	10.9861	1.43
w-8	t-512k-sparse	trie	11	7009173.0	13.3689	13.3689	1.43
w-8	t-512k-sparse	hash2	11	8839674.0	16.8603	16.8603	1.43
w-8	t-512k-sparse	hash4	11	8504642.0	16.2213	16.2213	1.43
w-8	t-512k-sparse	vm	11	6742611.0	12.8605	12.8605	1.43
w-8	t-128k-dense	serial	11	3207750.0	24.4732	24.4732	1.43
w-8	t-128k-dense	firstbyte	11	1444899.0	11.0237	11.0237	1.43
w-8	t-128k-dense	trie	11	1763611.0	13.4553	13.4553	1.43
w-8	t-128k-dense	hash2	11	2218753.0	16.9277	16.9277	1.43
w-8	t-128k-dense	hash4	11	2133103.0	16.2743	16.2743	1.43
w-8	t-128k-dense	vm	11	1695910.0	12.9388	12.9388	1.43
w-8	f-sh1	serial	11	160.0	32.0000	32.0000	1.43
w-8	f-sh1	firstbyte	11	80.0	16.0000	16.0000	1.43
w-8	f-sh1	trie	11	90.0	18.0000	18.0000	1.43
w-8	f-sh1	hash2	11	100.0	20.0000	20.0000	1.43
w-8	f-sh1	hash4	11	110.0	22.0000	22.0000	1.43
w-8	f-sh1	vm	11	90.0	18.0000	18.0000	1.43
w-8	f-glued	serial	11	490.0	27.2222	27.2222	1.43
w-8	f-glued	firstbyte	11	240.0	13.3333	13.3333	1.43
w-8	f-glued	trie	11	330.0	18.3333	18.3333	1.43
w-8	f-glued	hash2	11	390.0	21.6667	21.6667	1.43
w-8	f-glued	hash4	11	340.0	18.8889	18.8889	1.43
w-8	f-glued	vm	11	300.0	16.6667	16.6667	1.43
w-8	f-w255	serial	11	210.0	30.0000	30.0000	1.43
w-8	f-w255	firstbyte	11	110.0	15.7143	15.7143	1.43
w-8	f-w255	trie	11	130.0	18.5714	18.5714	1.43
w-8	f-w255	hash2	11	140.0	20.0000	20.0000	1.43
w-8	f-w255	hash4	11	130.0	18.5714	18.5714	1.43
w-8	f-w255	vm	11	120.0	17.1429	17.1429	1.43
w-8	f-pfx3	serial	11	260.0	32.5000	32.5000	1.43
w-8	f-pfx3	firstbyte	11	120.0	15.0000	15.0000	1.43
w-8	f-pfx3	trie	11	150.0	18.7500	18.7500	1.43
w-8	f-pfx3	hash2	11	170.0	21.2500	21.2500	1.43
w-8	f-pfx3	hash4	11	150.0	18.7500	18.7500	1.43
w-8	f-pfx3	vm	11	160.0	20.0000	20.0000	1.43
w-8	t-128k-sparse	serial	11	3195200.0	24.3774	24.3774	1.43
w-8	t-128k-sparse	firstbyte	11	1439249.0	10.9806	10.9806	1.43
w-8	t-128k-sparse	trie	11	1749711.0	13.3492	13.3492	1.43
w-8	t-128k-sparse	hash2	11	2208834.0	16.8521	16.8521	1.43
w-8	t-128k-sparse	hash4	11	2124712.0	16.2103	16.2103	1.43
w-8	t-128k-sparse	vm	11	1679150.0	12.8109	12.8109	1.43
w-8	f-bg	serial	11	260.0	32.5000	32.5000	1.43
w-8	f-bg	firstbyte	11	130.0	16.2500	16.2500	1.43
w-8	f-bg	trie	11	160.0	20.0000	20.0000	1.43
w-8	f-bg	hash2	11	170.0	21.2500	21.2500	1.43
w-8	f-bg	hash4	11	160.0	20.0000	20.0000	1.43
w-8	f-bg	vm	11	160.0	20.0000	20.0000	1.43
w-8	f-upper	serial	11	310.0	25.8333	25.8333	1.43
w-8	f-upper	firstbyte	11	150.0	12.5000	12.5000	1.43
w-8	f-upper	trie	11	180.0	15.0000	15.0000	1.43
w-8	f-upper	hash2	11	230.0	19.1667	19.1667	1.43
w-8	f-upper	hash4	11	210.0	17.5000	17.5000	1.43
w-8	f-upper	vm	11	170.0	14.1667	14.1667	1.43
w-8	f-near	serial	11	340.0	28.3333	28.3333	1.43
w-8	f-near	firstbyte	11	170.0	14.1667	14.1667	1.43
w-8	f-near	trie	11	240.0	20.0000	20.0000	1.43
w-8	f-near	hash2	11	250.0	20.8333	20.8333	1.43
w-8	f-near	hash4	11	250.0	20.8333	20.8333	1.43
w-8	f-near	vm	11	220.0	18.3333	18.3333	1.43
w-8	f-sfx	serial	11	270.0	30.0000	30.0000	1.43
w-8	f-sfx	firstbyte	11	130.0	14.4444	14.4444	1.43
w-8	f-sfx	trie	11	150.0	16.6667	16.6667	1.43
w-8	f-sfx	hash2	11	170.0	18.8889	18.8889	1.43
w-8	f-sfx	hash4	11	160.0	17.7778	17.7778	1.43
w-8	f-sfx	vm	11	150.0	16.6667	16.6667	1.43
w-384	f-cnt2	serial	11	19240.0	1202.5000	1202.5000	1.43
w-384	f-cnt2	firstbyte	11	1050.0	65.6250	65.6250	1.43
w-384	f-cnt2	trie	11	580.0	36.2500	36.2500	1.43
w-384	f-cnt2	hash2	11	430.0	26.8750	26.8750	1.43
w-384	f-cnt2	hash4	11	2650.0	165.6250	165.6250	1.43
w-384	f-cnt2	vm	11	580.0	36.2500	36.2500	1.43
w-384	f-nar4	serial	11	12940.0	1437.7778	1437.7778	1.43
w-384	f-nar4	firstbyte	11	680.0	75.5556	75.5556	1.43
w-384	f-nar4	trie	11	390.0	43.3333	43.3333	1.43
w-384	f-nar4	hash2	11	240.0	26.6667	26.6667	1.43
w-384	f-nar4	hash4	11	1470.0	163.3333	163.3333	1.43
w-384	f-nar4	vm	11	380.0	42.2222	42.2222	1.43
w-384	f-w0	serial	11	15960.0	1330.0000	1330.0000	1.43
w-384	f-w0	firstbyte	11	810.0	67.5000	67.5000	1.43
w-384	f-w0	trie	11	430.0	35.8333	35.8333	1.43
w-384	f-w0	hash2	11	320.0	26.6667	26.6667	1.43
w-384	f-w0	hash4	11	1960.0	163.3333	163.3333	1.43
w-384	f-w0	vm	11	410.0	34.1667	34.1667	1.43
w-384	f-s4095	serial	11	5290.0	1322.5000	1322.5000	1.43
w-384	f-s4095	firstbyte	11	300.0	75.0000	75.0000	1.43
w-384	f-s4095	trie	11	140.0	35.0000	35.0000	1.43
w-384	f-s4095	hash2	11	100.0	25.0000	25.0000	1.43
w-384	f-s4095	hash4	11	660.0	165.0000	165.0000	1.43
w-384	f-s4095	vm	11	120.0	30.0000	30.0000	1.43
w-384	f-s0	serial	11	5300.0	1325.0000	1325.0000	1.43
w-384	f-s0	firstbyte	11	330.0	82.5000	82.5000	1.43
w-384	f-s0	trie	11	140.0	35.0000	35.0000	1.43
w-384	f-s0	hash2	11	100.0	25.0000	25.0000	1.43
w-384	f-s0	hash4	11	710.0	177.5000	177.5000	1.43
w-384	f-s0	vm	11	130.0	32.5000	32.5000	1.43
w-384	t-128k-clean	serial	11	154461898.0	1178.4508	1178.4508	1.39
w-384	t-128k-clean	firstbyte	11	8059789.0	61.4913	61.4913	1.39
w-384	t-128k-clean	trie	11	4949270.0	37.7599	37.7599	1.39
w-384	t-128k-clean	hash2	11	3621302.0	27.6283	27.6283	1.39
w-384	t-128k-clean	hash4	11	21000487.0	160.2210	160.2210	1.39
w-384	t-128k-clean	vm	11	4759879.0	36.3150	36.3150	1.39
w-384	f-w511	serial	11	8520.0	1420.0000	1420.0000	1.39
w-384	f-w511	firstbyte	11	470.0	78.3333	78.3333	1.39
w-384	f-w511	trie	11	220.0	36.6667	36.6667	1.39
w-384	f-w511	hash2	11	140.0	23.3333	23.3333	1.39
w-384	f-w511	hash4	11	1010.0	168.3333	168.3333	1.39
w-384	f-w511	vm	11	200.0	33.3333	33.3333	1.39
w-384	f-prefix	serial	11	15860.0	1441.8182	1441.8182	1.39
w-384	f-prefix	firstbyte	11	780.0	70.9091	70.9091	1.39
w-384	f-prefix	trie	11	470.0	42.7273	42.7273	1.39
w-384	f-prefix	hash2	11	300.0	27.2727	27.2727	1.39
w-384	f-prefix	hash4	11	1740.0	158.1818	158.1818	1.39
w-384	f-prefix	vm	11	420.0	38.1818	38.1818	1.39
w-384	f-w2047	serial	11	11580.0	1447.5000	1447.5000	1.39
w-384	f-w2047	firstbyte	11	630.0	78.7500	78.7500	1.39
w-384	f-w2047	trie	11	330.0	41.2500	41.2500	1.39
w-384	f-w2047	hash2	11	200.0	25.0000	25.0000	1.39
w-384	f-w2047	hash4	11	1320.0	165.0000	165.0000	1.39
w-384	f-w2047	vm	11	330.0	41.2500	41.2500	1.39
w-384	f-w7	serial	11	4010.0	1002.5000	1002.5000	1.39
w-384	f-w7	firstbyte	11	270.0	67.5000	67.5000	1.39
w-384	f-w7	trie	11	160.0	40.0000	40.0000	1.39
w-384	f-w7	hash2	11	100.0	25.0000	25.0000	1.39
w-384	f-w7	hash4	11	670.0	167.5000	167.5000	1.39
w-384	f-w7	vm	11	160.0	40.0000	40.0000	1.39
w-384	t-512k-sparse	serial	11	620153093.0	1182.8482	1182.8482	1.36
w-384	t-512k-sparse	firstbyte	11	32299666.0	61.6067	61.6067	1.36
w-384	t-512k-sparse	trie	11	19809380.0	37.7834	37.7834	1.36
w-384	t-512k-sparse	hash2	11	14581189.0	27.8114	27.8114	1.36
w-384	t-512k-sparse	hash4	11	83547327.0	159.3539	159.3539	1.33
w-384	t-512k-sparse	vm	11	19106786.0	36.4433	36.4433	1.33
w-384	t-128k-dense	serial	11	155050711.0	1182.9430	1182.9430	1.33
w-384	t-128k-dense	firstbyte	11	8174040.0	62.3630	62.3630	1.33
w-384	t-128k-dense	trie	11	4986921.0	38.0472	38.0472	1.33
w-384	t-128k-dense	hash2	11	3664472.0	27.9577	27.9577	1.33
w-384	t-128k-dense	hash4	11	21042787.0	160.5437	160.5437	1.33
w-384	t-128k-dense	vm	11	4811249.0	36.7069	36.7069	1.33
w-384	f-sh1	serial	11	7820.0	1564.0000	1564.0000	1.33
w-384	f-sh1	firstbyte	11	380.0	76.0000	76.0000	1.33
w-384	f-sh1	trie	11	190.0	38.0000	38.0000	1.33
w-384	f-sh1	hash2	11	120.0	24.0000	24.0000	1.33
w-384	f-sh1	hash4	11	820.0	164.0000	164.0000	1.33
w-384	f-sh1	vm	11	210.0	42.0000	42.0000	1.33
w-384	f-glued	serial	11	23190.0	1288.3333	1288.3333	1.33
w-384	f-glued	firstbyte	11	1190.0	66.1111	66.1111	1.33
w-384	f-glued	trie	11	700.0	38.8889	38.8889	1.33
w-384	f-glued	hash2	11	510.0	28.3333	28.3333	1.33
w-384	f-glued	hash4	11	4390.0	243.8889	243.8889	1.33
w-384	f-glued	vm	11	610.0	33.8889	33.8889	1.33
w-384	f-w255	serial	11	9900.0	1414.2857	1414.2857	1.33
w-384	f-w255	firstbyte	11	560.0	80.0000	80.0000	1.33
w-384	f-w255	trie	11	250.0	35.7143	35.7143	1.33
w-384	f-w255	hash2	11	200.0	28.5714	28.5714	1.33
w-384	f-w255	hash4	11	1230.0	175.7143	175.7143	1.33
w-384	f-w255	vm	11	250.0	35.7143	35.7143	1.33
w-384	f-pfx3	serial	11	11390.0	1423.7500	1423.7500	1.33
w-384	f-pfx3	firstbyte	11	620.0	77.5000	77.5000	1.33
w-384	f-pfx3	trie	11	330.0	41.2500	41.2500	1.33
w-384	f-pfx3	hash2	11	230.0	28.7500	28.7500	1.33
w-384	f-pfx3	hash4	11	1290.0	161.2500	161.2500	1.33
w-384	f-pfx3	vm	11	340.0	42.5000	42.5000	1.33
w-384	t-128k-sparse	serial	11	154468567.0	1178.5016	1178.5016	1.33
w-384	t-128k-sparse	firstbyte	11	8076599.0	61.6196	61.6196	1.33
w-384	t-128k-sparse	trie	11	4947800.0	37.7487	37.7487	1.33
w-384	t-128k-sparse	hash2	11	3651452.0	27.8584	27.8584	1.33
w-384	t-128k-sparse	hash4	11	20933857.0	159.7127	159.7127	1.39
w-384	t-128k-sparse	vm	11	4769809.0	36.3908	36.3908	1.39
w-384	f-bg	serial	11	11480.0	1435.0000	1435.0000	1.39
w-384	f-bg	firstbyte	11	600.0	75.0000	75.0000	1.39
w-384	f-bg	trie	11	270.0	33.7500	33.7500	1.39
w-384	f-bg	hash2	11	210.0	26.2500	26.2500	1.39
w-384	f-bg	hash4	11	1380.0	172.5000	172.5000	1.39
w-384	f-bg	vm	11	270.0	33.7500	33.7500	1.39
w-384	f-upper	serial	11	14710.0	1225.8333	1225.8333	1.39
w-384	f-upper	firstbyte	11	150.0	12.5000	12.5000	1.39
w-384	f-upper	trie	11	290.0	24.1667	24.1667	1.39
w-384	f-upper	hash2	11	220.0	18.3333	18.3333	1.39
w-384	f-upper	hash4	11	1650.0	137.5000	137.5000	1.39
w-384	f-upper	vm	11	290.0	24.1667	24.1667	1.39
w-384	f-near	serial	11	16850.0	1404.1667	1404.1667	1.39
w-384	f-near	firstbyte	11	860.0	71.6667	71.6667	1.39
w-384	f-near	trie	11	480.0	40.0000	40.0000	1.39
w-384	f-near	hash2	11	340.0	28.3333	28.3333	1.39
w-384	f-near	hash4	11	1890.0	157.5000	157.5000	1.39
w-384	f-near	vm	11	460.0	38.3333	38.3333	1.39
w-384	f-sfx	serial	11	12640.0	1404.4444	1404.4444	1.39
w-384	f-sfx	firstbyte	11	670.0	74.4444	74.4444	1.39
w-384	f-sfx	trie	11	350.0	38.8889	38.8889	1.39
w-384	f-sfx	hash2	11	240.0	26.6667	26.6667	1.39
w-384	f-sfx	hash4	11	1430.0	158.8889	158.8889	1.39
w-384	f-sfx	vm	11	350.0	38.8889	38.8889	1.39
s-256	f-cnt2	serial	11	13330.0	833.1250	833.1250	1.39
s-256	f-cnt2	firstbyte	11	890.0	55.6250	55.6250	1.39
s-256	f-cnt2	trie	11	530.0	33.1250	33.1250	1.39
s-256	f-cnt2	hash2	11	380.0	23.7500	23.7500	1.39
s-256	f-cnt2	hash4	11	1340.0	83.7500	83.7500	1.39
s-256	f-cnt2	vm	11	480.0	30.0000	30.0000	1.39
s-256	f-nar4	serial	11	7670.0	852.2222	852.2222	1.39
s-256	f-nar4	firstbyte	11	500.0	55.5556	55.5556	1.39
s-256	f-nar4	trie	11	380.0	42.2222	42.2222	1.39
s-256	f-nar4	hash2	11	230.0	25.5556	25.5556	1.39
s-256	f-nar4	hash4	11	750.0	83.3333	83.3333	1.39
s-256	f-nar4	vm	11	350.0	38.8889	38.8889	1.39
s-256	f-w0	serial	11	10210.0	850.8333	850.8333	1.39
s-256	f-w0	firstbyte	11	680.0	56.6667	56.6667	1.39
s-256	f-w0	trie	11	350.0	29.1667	29.1667	1.39
s-256	f-w0	hash2	11	270.0	22.5000	22.5000	1.39
s-256	f-w0	hash4	11	1010.0	84.1667	84.1667	1.39
s-256	f-w0	vm	11	330.0	27.5000	27.5000	1.39
s-256	f-s4095	serial	11	3320.0	830.0000	830.0000	1.39
s-256	f-s4095	firstbyte	11	190.0	47.5000	47.5000	1.39
s-256	f-s4095	trie	11	160.0	40.0000	40.0000	1.39
s-256	f-s4095	hash2	11	100.0	25.0000	25.0000	1.39
s-256	f-s4095	hash4	11	310.0	77.5000	77.5000	1.39
s-256	f-s4095	vm	11	140.0	35.0000	35.0000	1.39
s-256	f-s0	serial	11	2610.0	652.5000	652.5000	1.39
s-256	f-s0	firstbyte	11	220.0	55.0000	55.0000	1.39
s-256	f-s0	trie	11	100.0	25.0000	25.0000	1.39
s-256	f-s0	hash2	11	120.0	30.0000	30.0000	1.39
s-256	f-s0	hash4	11	330.0	82.5000	82.5000	1.39
s-256	f-s0	vm	11	120.0	30.0000	30.0000	1.39
s-256	t-128k-clean	serial	11	101780958.0	776.5271	776.5271	1.39
s-256	t-128k-clean	firstbyte	11	5574994.0	42.5338	42.5338	1.39
s-256	t-128k-clean	trie	11	4541108.0	34.6459	34.6459	1.39
s-256	t-128k-clean	hash2	11	3081879.0	23.5129	23.5129	1.39
s-256	t-128k-clean	hash4	11	10493133.0	80.0563	80.0563	1.39
s-256	t-128k-clean	vm	11	4420587.0	33.7264	33.7264	1.39
s-256	f-w511	serial	11	5030.0	838.3333	838.3333	1.39
s-256	f-w511	firstbyte	11	300.0	50.0000	50.0000	1.39
s-256	f-w511	trie	11	210.0	35.0000	35.0000	1.39
s-256	f-w511	hash2	11	120.0	20.0000	20.0000	1.39
s-256	f-w511	hash4	11	470.0	78.3333	78.3333	1.39
s-256	f-w511	vm	11	230.0	38.3333	38.3333	1.39
s-256	f-prefix	serial	11	9120.0	829.0909	829.0909	1.39
s-256	f-prefix	firstbyte	11	610.0	55.4545	55.4545	1.39
s-256	f-prefix	trie	11	390.0	35.4545	35.4545	1.39
s-256	f-prefix	hash2	11	260.0	23.6364	23.6364	1.39
s-256	f-prefix	hash4	11	890.0	80.9091	80.9091	1.39
s-256	f-prefix	vm	11	350.0	31.8182	31.8182	1.39
s-256	f-w2047	serial	11	6570.0	821.2500	821.2500	1.39
s-256	f-w2047	firstbyte	11	410.0	51.2500	51.2500	1.39
s-256	f-w2047	trie	11	270.0	33.7500	33.7500	1.39
s-256	f-w2047	hash2	11	160.0	20.0000	20.0000	1.39
s-256	f-w2047	hash4	11	620.0	77.5000	77.5000	1.39
s-256	f-w2047	vm	11	230.0	28.7500	28.7500	1.39
s-256	f-w7	serial	11	3220.0	805.0000	805.0000	1.39
s-256	f-w7	firstbyte	11	210.0	52.5000	52.5000	1.39
s-256	f-w7	trie	11	140.0	35.0000	35.0000	1.39
s-256	f-w7	hash2	11	90.0	22.5000	22.5000	1.39
s-256	f-w7	hash4	11	320.0	80.0000	80.0000	1.39
s-256	f-w7	vm	11	150.0	37.5000	37.5000	1.39
s-256	t-512k-sparse	serial	11	408805401.0	779.7344	779.7344	1.35
s-256	t-512k-sparse	firstbyte	11	22372346.0	42.6719	42.6719	1.35
s-256	t-512k-sparse	trie	11	18196470.0	34.7070	34.7070	1.35
s-256	t-512k-sparse	hash2	11	12337345.0	23.5316	23.5316	1.35
s-256	t-512k-sparse	hash4	11	41997885.0	80.1046	80.1046	1.35
s-256	t-512k-sparse	vm	11	17721357.0	33.8008	33.8008	1.35
s-256	t-128k-dense	serial	11	101840968.0	776.9849	776.9849	1.35
s-256	t-128k-dense	firstbyte	11	5629904.0	42.9528	42.9528	1.35
s-256	t-128k-dense	trie	11	4555107.0	34.7527	34.7527	1.35
s-256	t-128k-dense	hash2	11	3083229.0	23.5232	23.5232	1.35
s-256	t-128k-dense	hash4	11	10526104.0	80.3078	80.3078	1.35
s-256	t-128k-dense	vm	11	4436727.0	33.8495	33.8495	1.35
s-256	f-sh1	serial	11	4270.0	854.0000	854.0000	1.35
s-256	f-sh1	firstbyte	11	250.0	50.0000	50.0000	1.35
s-256	f-sh1	trie	11	130.0	26.0000	26.0000	1.35
s-256	f-sh1	hash2	11	110.0	22.0000	22.0000	1.35
s-256	f-sh1	hash4	11	380.0	76.0000	76.0000	1.35
s-256	f-sh1	vm	11	160.0	32.0000	32.0000	1.35
s-256	f-glued	serial	11	14990.0	832.7778	832.7778	1.35
s-256	f-glued	firstbyte	11	1040.0	57.7778	57.7778	1.35
s-256	f-glued	trie	11	550.0	30.5556	30.5556	1.35
s-256	f-glued	hash2	11	430.0	23.8889	23.8889	1.35
s-256	f-glued	hash4	11	1560.0	86.6667	86.6667	1.35
s-256	f-glued	vm	11	690.0	38.3333	38.3333	1.35
s-256	f-w255	serial	11	5870.0	838.5714	838.5714	1.35
s-256	f-w255	firstbyte	11	290.0	41.4286	41.4286	1.35
s-256	f-w255	trie	11	250.0	35.7143	35.7143	1.35
s-256	f-w255	hash2	11	140.0	20.0000	20.0000	1.35
s-256	f-w255	hash4	11	560.0	80.0000	80.0000	1.35
s-256	f-w255	vm	11	300.0	42.8571	42.8571	1.35
s-256	f-pfx3	serial	11	6860.0	857.5000	857.5000	1.35
s-256	f-pfx3	firstbyte	11	460.0	57.5000	57.5000	1.35
s-256	f-pfx3	trie	11	290.0	36.2500	36.2500	1.35
s-256	f-pfx3	hash2	11	200.0	25.0000	25.0000	1.35
s-256	f-pfx3	hash4	11	640.0	80.0000	80.0000	1.35
s-256	f-pfx3	vm	11	270.0	33.7500	33.7500	1.35
s-256	t-128k-sparse	serial	11	102120540.0	779.1179	779.1179	1.33
s-256	t-128k-sparse	firstbyte	11	5617284.0	42.8565	42.8565	1.33
s-256	t-128k-sparse	trie	11	4567878.0	34.8501	34.8501	1.33
s-256	t-128k-sparse	hash2	11	3073799.0	23.4512	23.4512	1.33
s-256	t-128k-sparse	hash4	11	10500664.0	80.1137	80.1137	1.33
s-256	t-128k-sparse	vm	11	4412927.0	33.6680	33.6680	1.33
s-256	f-bg	serial	11	6940.0	867.5000	867.5000	1.33
s-256	f-bg	firstbyte	11	490.0	61.2500	61.2500	1.33
s-256	f-bg	trie	11	300.0	37.5000	37.5000	1.33
s-256	f-bg	hash2	11	200.0	25.0000	25.0000	1.33
s-256	f-bg	hash4	11	690.0	86.2500	86.2500	1.33
s-256	f-bg	vm	11	290.0	36.2500	36.2500	1.33
s-256	f-upper	serial	11	8420.0	701.6667	701.6667	1.33
s-256	f-upper	firstbyte	11	200.0	16.6667	16.6667	1.33
s-256	f-upper	trie	11	300.0	25.0000	25.0000	1.33
s-256	f-upper	hash2	11	220.0	18.3333	18.3333	1.33
s-256	f-upper	hash4	11	850.0	70.8333	70.8333	1.33
s-256	f-upper	vm	11	290.0	24.1667	24.1667	1.33
s-256	f-near	serial	11	9920.0	826.6667	826.6667	1.33
s-256	f-near	firstbyte	11	650.0	54.1667	54.1667	1.33
s-256	f-near	trie	11	420.0	35.0000	35.0000	1.33
s-256	f-near	hash2	11	280.0	23.3333	23.3333	1.33
s-256	f-near	hash4	11	980.0	81.6667	81.6667	1.33
s-256	f-near	vm	11	390.0	32.5000	32.5000	1.33
s-256	f-sfx	serial	11	7600.0	844.4444	844.4444	1.33
s-256	f-sfx	firstbyte	11	540.0	60.0000	60.0000	1.33
s-256	f-sfx	trie	11	300.0	33.3333	33.3333	1.33
s-256	f-sfx	hash2	11	220.0	24.4444	24.4444	1.33
s-256	f-sfx	hash4	11	740.0	82.2222	82.2222	1.33
s-256	f-sfx	vm	11	310.0	34.4444	34.4444	1.33
w-96	f-cnt2	serial	11	4470.0	279.3750	279.3750	1.33
w-96	f-cnt2	firstbyte	11	400.0	25.0000	25.0000	1.33
w-96	f-cnt2	trie	11	530.0	33.1250	33.1250	1.33
w-96	f-cnt2	hash2	11	380.0	23.7500	23.7500	1.33
w-96	f-cnt2	hash4	11	1060.0	66.2500	66.2500	1.33
w-96	f-cnt2	vm	11	500.0	31.2500	31.2500	1.33
w-96	f-nar4	serial	11	2850.0	316.6667	316.6667	1.33
w-96	f-nar4	firstbyte	11	190.0	21.1111	21.1111	1.33
w-96	f-nar4	trie	11	320.0	35.5556	35.5556	1.33
w-96	f-nar4	hash2	11	200.0	22.2222	22.2222	1.33
w-96	f-nar4	hash4	11	560.0	62.2222	62.2222	1.33
w-96	f-nar4	vm	11	290.0	32.2222	32.2222	1.33
w-96	f-w0	serial	11	3600.0	300.0000	300.0000	1.33
w-96	f-w0	firstbyte	11	290.0	24.1667	24.1667	1.33
w-96	f-w0	trie	11	340.0	28.3333	28.3333	1.33
w-96	f-w0	hash2	11	290.0	24.1667	24.1667	1.33
w-96	f-w0	hash4	11	750.0	62.5000	62.5000	1.33
w-96	f-w0	vm	11	320.0	26.6667	26.6667	1.33
w-96	f-s4095	serial	11	1310.0	327.5000	327.5000	1.33
w-96	f-s4095	firstbyte	11	130.0	32.5000	32.5000	1.33
w-96	f-s4095	trie	11	130.0	32.5000	32.5000	1.33
w-96	f-s4095	hash2	11	110.0	27.5000	27.5000	1.33
w-96	f-s4095	hash4	11	240.0	60.0000	60.0000	1.33
w-96	f-s4095	vm	11	110.0	27.5000	27.5000	1.33
w-96	f-s0	serial	11	1310.0	327.5000	327.5000	1.33
w-96	f-s0	firstbyte	11	170.0	42.5000	42.5000	1.33
w-96	f-s0	trie	11	130.0	32.5000	32.5000	1.33
w-96	f-s0	hash2	11	100.0	25.0000	25.0000	1.33
w-96	f-s0	hash4	11	260.0	65.0000	65.0000	1.33
w-96	f-s0	vm	11	110.0	27.5000	27.5000	1.33
w-96	t-128k-clean	serial	11	37227686.0	284.0247	284.0247	1.33
w-96	t-128k-clean	firstbyte	11	2882848.0	21.9944	21.9944	1.33
w-96	t-128k-clean	trie	11	3999514.0	30.5139	30.5139	1.33
w-96	t-128k-clean	hash2	11	2448845.0	18.6832	18.6832	1.33
w-96	t-128k-clean	hash4	11	7771918.0	59.2950	59.2950	1.33
w-96	t-128k-clean	vm	11	3877904.0	29.5861	29.5861	1.33
w-96	f-w511	serial	11	2010.0	335.0000	335.0000	1.33
w-96	f-w511	firstbyte	11	170.0	28.3333	28.3333	1.33
w-96	f-w511	trie	11	180.0	30.0000	30.0000	1.33
w-96	f-w511	hash2	11	120.0	20.0000	20.0000	1.33
w-96	f-w511	hash4	11	380.0	63.3333	63.3333	1.33
w-96	f-w511	vm	11	140.0	23.3333	23.3333	1.33
w-96	f-prefix	serial	11	3670.0	333.6364	333.6364	1.33
w-96	f-prefix	firstbyte	11	310.0	28.1818	28.1818	1.33
w-96	f-prefix	trie	11	390.0	35.4545	35.4545	1.33
w-96	f-prefix	hash2	11	300.0	27.2727	27.2727	1.33
w-96	f-prefix	hash4	11	680.0	61.8182	61.8182	1.33
w-96	f-prefix	vm	11	350.0	31.8182	31.8182	1.33
w-96	f-w2047	serial	11	2560.0	320.0000	320.0000	1.33
w-96	f-w2047	firstbyte	11	200.0	25.0000	25.0000	1.33
w-96	f-w2047	trie	11	240.0	30.0000	30.0000	1.33
w-96	f-w2047	hash2	11	150.0	18.7500	18.7500	1.33
w-96	f-w2047	hash4	11	500.0	62.5000	62.5000	1.33
w-96	f-w2047	vm	11	240.0	30.0000	30.0000	1.33
w-96	f-w7	serial	11	960.0	240.0000	240.0000	1.33
w-96	f-w7	firstbyte	11	90.0	22.5000	22.5000	1.33
w-96	f-w7	trie	11	130.0	32.5000	32.5000	1.33
w-96	f-w7	hash2	11	100.0	25.0000	25.0000	1.33
w-96	f-w7	hash4	11	260.0	65.0000	65.0000	1.33
w-96	f-w7	vm	11	110.0	27.5000	27.5000	1.33
w-96	t-512k-sparse	serial	11	149259075.0	284.6891	284.6891	1.33
w-96	t-512k-sparse	firstbyte	11	11547210.0	22.0246	22.0246	1.33
w-96	t-512k-sparse	trie	11	16044447.0	30.6024	30.6024	1.33
w-96	t-512k-sparse	hash2	11	9836039.0	18.7608	18.7608	1.33
w-96	t-512k-sparse	hash4	11	31238220.0	59.5822	59.5822	1.33
w-96	t-512k-sparse	vm	11	15576884.0	29.7105	29.7105	1.33
w-96	t-128k-dense	serial	11	37384417.0	285.2205	285.2205	1.30
w-96	t-128k-dense	firstbyte	11	2922267.0	22.2951	22.2951	1.30
w-96	t-128k-dense	trie	11	4031264.0	30.7561	30.7561	1.30
w-96	t-128k-dense	hash2	11	2477435.0	18.9013	18.9013	1.30
w-96	t-128k-dense	hash4	11	7794558.0	59.4678	59.4678	1.30
w-96	t-128k-dense	vm	11	3910564.0	29.8352	29.8352	1.30
w-96	f-sh1	serial	11	1670.0	334.0000	334.0000	1.30
w-96	f-sh1	firstbyte	11	160.0	32.0000	32.0000	1.30
w-96	f-sh1	trie	11	200.0	40.0000	40.0000	1.30
w-96	f-sh1	hash2	11	120.0	24.0000	24.0000	1.30
w-96	f-sh1	hash4	11	300.0	60.0000	60.0000	1.30
w-96	f-sh1	vm	11	170.0	34.0000	34.0000	1.30
w-96	f-glued	serial	11	5520.0	306.6667	306.6667	1.30
w-96	f-glued	firstbyte	11	490.0	27.2222	27.2222	1.30
w-96	f-glued	trie	11	520.0	28.8889	28.8889	1.30
w-96	f-glued	hash2	11	450.0	25.0000	25.0000	1.30
w-96	f-glued	hash4	11	1140.0	63.3333	63.3333	1.30
w-96	f-glued	vm	11	510.0	28.3333	28.3333	1.30
w-96	f-w255	serial	11	2210.0	315.7143	315.7143	1.30
w-96	f-w255	firstbyte	11	180.0	25.7143	25.7143	1.30
w-96	f-w255	trie	11	200.0	28.5714	28.5714	1.30
w-96	f-w255	hash2	11	160.0	22.8571	22.8571	1.30
w-96	f-w255	hash4	11	450.0	64.2857	64.2857	1.30
w-96	f-w255	vm	11	200.0	28.5714	28.5714	1.30
w-96	f-pfx3	serial	11	2550.0	318.7500	318.7500	1.30
w-96	f-pfx3	firstbyte	11	180.0	22.5000	22.5000	1.30
w-96	f-pfx3	trie	11	250.0	31.2500	31.2500	1.30
w-96	f-pfx3	hash2	11	180.0	22.5000	22.5000	1.30
w-96	f-pfx3	hash4	11	500.0	62.5000	62.5000	1.30
w-96	f-pfx3	vm	11	230.0	28.7500	28.7500	1.30
w-96	t-128k-sparse	serial	11	37444757.0	285.6808	285.6808	1.30
w-96	t-128k-sparse	firstbyte	11	2887627.0	22.0308	22.0308	1.30
w-96	t-128k-sparse	trie	11	4007605.0	30.5756	30.5756	1.30
w-96	t-128k-sparse	hash2	11	2462375.0	18.7864	18.7864	1.30
w-96	t-128k-sparse	hash4	11	7775447.0	59.3220	59.3220	1.30
w-96	t-128k-sparse	vm	11	3880144.0	29.6031	29.6031	1.30
w-96	f-bg	serial	11	2730.0	341.2500	341.2500	1.30
w-96	f-bg	firstbyte	11	280.0	35.0000	35.0000	1.30
w-96	f-bg	trie	11	220.0	27.5000	27.5000	1.30
w-96	f-bg	hash2	11	200.0	25.0000	25.0000	1.30
w-96	f-bg	hash4	11	490.0	61.2500	61.2500	1.30
w-96	f-bg	vm	11	220.0	27.5000	27.5000	1.30
w-96	f-upper	serial	11	3480.0	290.0000	290.0000	1.30
w-96	f-upper	firstbyte	11	150.0	12.5000	12.5000	1.30
w-96	f-upper	trie	11	270.0	22.5000	22.5000	1.30
w-96	f-upper	hash2	11	260.0	21.6667	21.6667	1.30
w-96	f-upper	hash4	11	660.0	55.0000	55.0000	1.30
w-96	f-upper	vm	11	290.0	24.1667	24.1667	1.30
w-96	f-near	serial	11	3930.0	327.5000	327.5000	1.30
w-96	f-near	firstbyte	11	320.0	26.6667	26.6667	1.30
w-96	f-near	trie	11	410.0	34.1667	34.1667	1.30
w-96	f-near	hash2	11	280.0	23.3333	23.3333	1.30
w-96	f-near	hash4	11	740.0	61.6667	61.6667	1.30
w-96	f-near	vm	11	390.0	32.5000	32.5000	1.30
w-96	f-sfx	serial	11	2910.0	323.3333	323.3333	1.30
w-96	f-sfx	firstbyte	11	240.0	26.6667	26.6667	1.30
w-96	f-sfx	trie	11	290.0	32.2222	32.2222	1.30
w-96	f-sfx	hash2	11	190.0	21.1111	21.1111	1.30
w-96	f-sfx	hash4	11	570.0	63.3333	63.3333	1.30
w-96	f-sfx	vm	11	290.0	32.2222	32.2222	1.30
w-1024	f-cnt2	serial	11	53711.0	3356.9375	3356.9375	1.30
w-1024	f-cnt2	firstbyte	11	2590.0	161.8750	161.8750	1.30
w-1024	f-cnt2	trie	11	670.0	41.8750	41.8750	1.30
w-1024	f-cnt2	hash2	11	480.0	30.0000	30.0000	1.30
w-1024	f-cnt2	hash4	11	5560.0	347.5000	347.5000	1.30
w-1024	f-cnt2	vm	11	720.0	45.0000	45.0000	1.30
w-1024	f-nar4	serial	11	37780.0	4197.7778	4197.7778	1.30
w-1024	f-nar4	firstbyte	11	1890.0	210.0000	210.0000	1.30
w-1024	f-nar4	trie	11	410.0	45.5556	45.5556	1.30
w-1024	f-nar4	hash2	11	320.0	35.5556	35.5556	1.30
w-1024	f-nar4	hash4	11	3130.0	347.7778	347.7778	1.30
w-1024	f-nar4	vm	11	460.0	51.1111	51.1111	1.30
w-1024	f-w0	serial	11	45361.0	3780.0833	3780.0833	1.30
w-1024	f-w0	firstbyte	11	2051.0	170.9167	170.9167	1.30
w-1024	f-w0	trie	11	440.0	36.6667	36.6667	1.30
w-1024	f-w0	hash2	11	370.0	30.8333	30.8333	1.30
w-1024	f-w0	hash4	11	4160.0	346.6667	346.6667	1.30
w-1024	f-w0	vm	11	460.0	38.3333	38.3333	1.30
w-1024	f-s4095	serial	11	14251.0	3562.7500	3562.7500	1.30
w-1024	f-s4095	firstbyte	11	730.0	182.5000	182.5000	1.30
w-1024	f-s4095	trie	11	150.0	37.5000	37.5000	1.30
w-1024	f-s4095	hash2	11	110.0	27.5000	27.5000	1.30
w-1024	f-s4095	hash4	11	1390.0	347.5000	347.5000	1.30
w-1024	f-s4095	vm	11	150.0	37.5000	37.5000	1.30
w-1024	f-s0	serial	11	14140.0	3535.0000	3535.0000	1.30
w-1024	f-s0	firstbyte	11	730.0	182.5000	182.5000	1.30
w-1024	f-s0	trie	11	160.0	40.0000	40.0000	1.30
w-1024	f-s0	hash2	11	110.0	27.5000	27.5000	1.30
w-1024	f-s0	hash4	11	1450.0	362.5000	362.5000	1.30
w-1024	f-s0	vm	11	160.0	40.0000	40.0000	1.30
w-1024	t-128k-clean	serial	11	423730291.0	3232.8056	3232.8056	1.27
w-1024	t-128k-clean	firstbyte	11	20632406.0	157.4128	157.4128	1.27
w-1024	t-128k-clean	trie	11	6285789.0	47.9568	47.9568	1.27
w-1024	t-128k-clean	hash2	11	4514297.0	34.4414	34.4414	1.27
w-1024	t-128k-clean	hash4	11	44068378.0	336.2150	336.2150	1.27
w-1024	t-128k-clean	vm	11	6191038.0	47.2339	47.2339	1.27
w-1024	f-w511	serial	11	21320.0	3553.3333	3553.3333	1.27
w-1024	f-w511	firstbyte	11	1090.0	181.6667	181.6667	1.27
w-1024	f-w511	trie	11	290.0	48.3333	48.3333	1.27
w-1024	f-w511	hash2	11	190.0	31.6667	31.6667	1.27
w-1024	f-w511	hash4	11	2140.0	356.6667	356.6667	1.27
w-1024	f-w511	vm	11	270.0	45.0000	45.0000	1.27
w-1024	f-prefix	serial	11	45470.0	4133.6364	4133.6364	1.27
w-1024	f-prefix	firstbyte	11	2020.0	183.6364	183.6364	1.27
w-1024	f-prefix	trie	11	470.0	42.7273	42.7273	1.27
w-1024	f-prefix	hash2	11	350.0	31.8182	31.8182	1.27
w-1024	f-prefix	hash4	11	3780.0	343.6364	343.6364	1.27
w-1024	f-prefix	vm	11	460.0	41.8182	41.8182	1.27
w-1024	f-w2047	serial	11	32601.0	4075.1250	4075.1250	1.27
w-1024	f-w2047	firstbyte	11	1650.0	206.2500	206.2500	1.27
w-1024	f-w2047	trie	11	370.0	46.2500	46.2500	1.27
w-1024	f-w2047	hash2	11	230.0	28.7500	28.7500	1.27
w-1024	f-w2047	hash4	11	2780.0	347.5000	347.5000	1.27
w-1024	f-w2047	vm	11	380.0	47.5000	47.5000	1.27
w-1024	f-w7	serial	11	10460.0	2615.0000	2615.0000	1.27
w-1024	f-w7	firstbyte	11	540.0	135.0000	135.0000	1.27
w-1024	f-w7	trie	11	180.0	45.0000	45.0000	1.27
w-1024	f-w7	hash2	11	110.0	27.5000	27.5000	1.27
w-1024	f-w7	hash4	11	1410.0	352.5000	352.5000	1.27
w-1024	f-w7	vm	11	180.0	45.0000	45.0000	1.27
w-1024	t-512k-sparse	serial	11	1693905529.0	3230.8684	3230.8684	1.20
w-1024	t-512k-sparse	firstbyte	11	82765182.0	157.8621	157.8621	1.20
w-1024	t-512k-sparse	trie	11	25228403.0	48.1194	48.1194	1.20
w-1024	t-512k-sparse	hash2	11	18063879.0	34.4541	34.4541	1.20
w-1024	t-512k-sparse	hash4	11	176978613.0	337.5599	337.5599	1.18
w-1024	t-512k-sparse	vm	11	24803051.0	47.3081	47.3081	1.18
w-1024	t-128k-dense	serial	11	423208178.0	3228.8222	3228.8222	1.16
w-1024	t-128k-dense	firstbyte	11	20839706.0	158.9943	158.9943	1.16
w-1024	t-128k-dense	trie	11	6355309.0	48.4872	48.4872	1.16
w-1024	t-128k-dense	hash2	11	4547387.0	34.6938	34.6938	1.16
w-1024	t-128k-dense	hash4	11	44271689.0	337.7662	337.7662	1.16
w-1024	t-128k-dense	vm	11	6260468.0	47.7636	47.7636	1.16
w-1024	f-sh1	serial	11	18710.0	3742.0000	3742.0000	1.16
w-1024	f-sh1	firstbyte	11	900.0	180.0000	180.0000	1.16
w-1024	f-sh1	trie	11	240.0	48.0000	48.0000	1.16
w-1024	f-sh1	hash2	11	130.0	26.0000	26.0000	1.16
w-1024	f-sh1	hash4	11	1720.0	344.0000	344.0000	1.16
w-1024	f-sh1	vm	11	230.0	46.0000	46.0000	1.16
w-1024	f-glued	serial	11	64680.0	3593.3333	3593.3333	1.16
w-1024	f-glued	firstbyte	11	2950.0	163.8889	163.8889	1.16
w-1024	f-glued	trie	11	760.0	42.2222	42.2222	1.16
w-1024	f-glued	hash2	11	530.0	29.4444	29.4444	1.16
w-1024	f-glued	hash4	11	6200.0	344.4444	344.4444	1.16
w-1024	f-glued	vm	11	720.0	40.0000	40.0000	1.16
w-1024	f-w255	serial	11	24410.0	3487.1429	3487.1429	1.16
w-1024	f-w255	firstbyte	11	1360.0	194.2857	194.2857	1.16
w-1024	f-w255	trie	11	290.0	41.4286	41.4286	1.16
w-1024	f-w255	hash2	11	230.0	32.8571	32.8571	1.16
w-1024	f-w255	hash4	11	2500.0	357.1429	357.1429	1.16
w-1024	f-w255	vm	11	280.0	40.0000	40.0000	1.16
w-1024	f-pfx3	serial	11	32330.0	4041.2500	4041.2500	1.16
w-1024	f-pfx3	firstbyte	11	1450.0	181.2500	181.2500	1.16
w-1024	f-pfx3	trie	11	330.0	41.2500	41.2500	1.16
w-1024	f-pfx3	hash2	11	240.0	30.0000	30.0000	1.16
w-1024	f-pfx3	hash4	11	2690.0	336.2500	336.2500	1.16
w-1024	f-pfx3	vm	11	350.0	43.7500	43.7500	1.16
w-1024	t-128k-sparse	serial	11	422921446.0	3226.6346	3226.6346	1.15
w-1024	t-128k-sparse	firstbyte	11	20653296.0	157.5721	157.5721	1.15
w-1024	t-128k-sparse	trie	11	6298158.0	48.0511	48.0511	1.15
w-1024	t-128k-sparse	hash2	11	4513718.0	34.4369	34.4369	1.15
w-1024	t-128k-sparse	hash4	11	44332439.0	338.2297	338.2297	1.15
w-1024	t-128k-sparse	vm	11	6194018.0	47.2566	47.2566	1.15
w-1024	f-bg	serial	11	32620.0	4077.5000	4077.5000	1.15
w-1024	f-bg	firstbyte	11	1530.0	191.2500	191.2500	1.15
w-1024	f-bg	trie	11	340.0	42.5000	42.5000	1.15
w-1024	f-bg	hash2	11	300.0	37.5000	37.5000	1.15
w-1024	f-bg	hash4	11	2870.0	358.7500	358.7500	1.15
w-1024	f-bg	vm	11	360.0	45.0000	45.0000	1.15
w-1024	f-upper	serial	11	41580.0	3465.0000	3465.0000	1.15
w-1024	f-upper	firstbyte	11	150.0	12.5000	12.5000	1.15
w-1024	f-upper	trie	11	310.0	25.8333	25.8333	1.15
w-1024	f-upper	hash2	11	220.0	18.3333	18.3333	1.15
w-1024	f-upper	hash4	11	3480.0	290.0000	290.0000	1.15
w-1024	f-upper	vm	11	280.0	23.3333	23.3333	1.15
w-1024	f-near	serial	11	48351.0	4029.2500	4029.2500	1.15
w-1024	f-near	firstbyte	11	2230.0	185.8333	185.8333	1.15
w-1024	f-near	trie	11	560.0	46.6667	46.6667	1.15
w-1024	f-near	hash2	11	410.0	34.1667	34.1667	1.15
w-1024	f-near	hash4	11	4070.0	339.1667	339.1667	1.15
w-1024	f-near	vm	11	560.0	46.6667	46.6667	1.15
w-1024	f-sfx	serial	11	36410.0	4045.5556	4045.5556	1.15
w-1024	f-sfx	firstbyte	11	1890.0	210.0000	210.0000	1.15
w-1024	f-sfx	trie	11	440.0	48.8889	48.8889	1.15
w-1024	f-sfx	hash2	11	300.0	33.3333	33.3333	1.15
w-1024	f-sfx	hash4	11	3140.0	348.8889	348.8889	1.15
w-1024	f-sfx	vm	11	430.0	47.7778	47.7778	1.15
w-256	f-cnt2	serial	11	12280.0	767.5000	767.5000	1.15
w-256	f-cnt2	firstbyte	11	680.0	42.5000	42.5000	1.15
w-256	f-cnt2	trie	11	570.0	35.6250	35.6250	1.15
w-256	f-cnt2	hash2	11	400.0	25.0000	25.0000	1.15
w-256	f-cnt2	hash4	11	1910.0	119.3750	119.3750	1.15
w-256	f-cnt2	vm	11	550.0	34.3750	34.3750	1.15
w-256	f-nar4	serial	11	8350.0	927.7778	927.7778	1.15
w-256	f-nar4	firstbyte	11	460.0	51.1111	51.1111	1.15
w-256	f-nar4	trie	11	340.0	37.7778	37.7778	1.15
w-256	f-nar4	hash2	11	240.0	26.6667	26.6667	1.15
w-256	f-nar4	hash4	11	1100.0	122.2222	122.2222	1.15
w-256	f-nar4	vm	11	370.0	41.1111	41.1111	1.15
w-256	f-w0	serial	11	9850.0	820.8333	820.8333	1.15
w-256	f-w0	firstbyte	11	550.0	45.8333	45.8333	1.15
w-256	f-w0	trie	11	340.0	28.3333	28.3333	1.15
w-256	f-w0	hash2	11	290.0	24.1667	24.1667	1.15
w-256	f-w0	hash4	11	1470.0	122.5000	122.5000	1.15
w-256	f-w0	vm	11	340.0	28.3333	28.3333	1.15
w-256	f-s4095	serial	11	3410.0	852.5000	852.5000	1.15
w-256	f-s4095	firstbyte	11	210.0	52.5000	52.5000	1.15
w-256	f-s4095	trie	11	150.0	37.5000	37.5000	1.15
w-256	f-s4095	hash2	11	100.0	25.0000	25.0000	1.15
w-256	f-s4095	hash4	11	460.0	115.0000	115.0000	1.15
w-256	f-s4095	vm	11	130.0	32.5000	32.5000	1.15
w-256	f-s0	serial	11	3510.0	877.5000	877.5000	1.15
w-256	f-s0	firstbyte	11	240.0	60.0000	60.0000	1.15
w-256	f-s0	trie	11	120.0	30.0000	30.0000	1.15
w-256	f-s0	hash2	11	100.0	25.0000	25.0000	1.15
w-256	f-s0	hash4	11	500.0	125.0000	125.0000	1.15
w-256	f-s0	vm	11	110.0	27.5000	27.5000	1.15
w-256	t-128k-clean	serial	11	100616870.0	767.6458	767.6458	1.14
w-256	t-128k-clean	firstbyte	11	5635534.0	42.9957	42.9957	1.14
w-256	t-128k-clean	trie	11	4679128.0	35.6989	35.6989	1.14
w-256	t-128k-clean	hash2	11	3178320.0	24.2487	24.2487	1.14
w-256	t-128k-clean	hash4	11	15390314.0	117.4188	117.4188	1.14
w-256	t-128k-clean	vm	11	4523707.0	34.5131	34.5131	1.14
w-256	f-w511	serial	11	5520.0	920.0000	920.0000	1.14
w-256	f-w511	firstbyte	11	340.0	56.6667	56.6667	1.14
w-256	f-w511	trie	11	210.0	35.0000	35.0000	1.14
w-256	f-w511	hash2	11	120.0	20.0000	20.0000	1.14
w-256	f-w511	hash4	11	780.0	130.0000	130.0000	1.14
w-256	f-w511	vm	11	170.0	28.3333	28.3333	1.14
w-256	f-prefix	serial	11	10100.0	918.1818	918.1818	1.14
w-256	f-prefix	firstbyte	11	530.0	48.1818	48.1818	1.14
w-256	f-prefix	trie	11	350.0	31.8182	31.8182	1.14
w-256	f-prefix	hash2	11	270.0	24.5455	24.5455	1.14
w-256	f-prefix	hash4	11	1330.0	120.9091	120.9091	1.14
w-256	f-prefix	vm	11	390.0	35.4545	35.4545	1.14
w-256	f-w2047	serial	11	7380.0	922.5000	922.5000	1.14
w-256	f-w2047	firstbyte	11	450.0	56.2500	56.2500	1.14
w-256	f-w2047	trie	11	280.0	35.0000	35.0000	1.14
w-256	f-w2047	hash2	11	180.0	22.5000	22.5000	1.14
w-256	f-w2047	hash4	11	950.0	118.7500	118.7500	1.14
w-256	f-w2047	vm	11	280.0	35.0000	35.0000	1.14
w-256	f-w7	serial	11	2600.0	650.0000	650.0000	1.14
w-256	f-w7	firstbyte	11	180.0	45.0000	45.0000	1.14
w-256	f-w7	trie	11	170.0	42.5000	42.5000	1.14
w-256	f-w7	hash2	11	100.0	25.0000	25.0000	1.14
w-256	f-w7	hash4	11	490.0	122.5000	122.5000	1.14
w-256	f-w7	vm	11	150.0	37.5000	37.5000	1.14
w-256	t-512k-sparse	serial	11	403208387.0	769.0590	769.0590	1.13
w-256	t-512k-sparse	firstbyte	11	22605207.0	43.1160	43.1160	1.13
w-256	t-512k-sparse	trie	11	18730224.0	35.7251	35.7251	1.13
w-256	t-512k-sparse	hash2	11	12795978.0	24.4064	24.4064	1.13
w-256	t-512k-sparse	hash4	11	61464303.0	117.2339	117.2339	1.13
w-256	t-512k-sparse	vm	11	18235831.0	34.7821	34.7821	1.13
w-256	t-128k-dense	serial	11	100897802.0	769.7891	769.7891	1.13
w-256	t-128k-dense	firstbyte	11	5766355.0	43.9938	43.9938	1.13
w-256	t-128k-dense	trie	11	4736959.0	36.1401	36.1401	1.13
w-256	t-128k-dense	hash2	11	3211760.0	24.5038	24.5038	1.13
w-256	t-128k-dense	hash4	11	15415963.0	117.6145	117.6145	1.13
w-256	t-128k-dense	vm	11	4565428.0	34.8315	34.8315	1.13
w-256	f-sh1	serial	11	4500.0	900.0000	900.0000	1.13
w-256	f-sh1	firstbyte	11	390.0	78.0000	78.0000	1.13
w-256	f-sh1	trie	11	180.0	36.0000	36.0000	1.13
w-256	f-sh1	hash2	11	120.0	24.0000	24.0000	1.13
w-256	f-sh1	hash4	11	560.0	112.0000	112.0000	1.13
w-256	f-sh1	vm	11	180.0	36.0000	36.0000	1.13
w-256	f-glued	serial	11	15040.0	835.5556	835.5556	1.13
w-256	f-glued	firstbyte	11	870.0	48.3333	48.3333	1.13
w-256	f-glued	trie	11	650.0	36.1111	36.1111	1.13
w-256	f-glued	hash2	11	440.0	24.4444	24.4444	1.13
w-256	f-glued	hash4	11	3110.0	172.7778	172.7778	1.13
w-256	f-glued	vm	11	580.0	32.2222	32.2222	1.13
w-256	f-w255	serial	11	6750.0	964.2857	964.2857	1.13
w-256	f-w255	firstbyte	11	450.0	64.2857	64.2857	1.13
w-256	f-w255	trie	11	260.0	37.1429	37.1429	1.13
w-256	f-w255	hash2	11	190.0	27.1429	27.1429	1.13
w-256	f-w255	hash4	11	900.0	128.5714	128.5714	1.13
w-256	f-w255	vm	11	250.0	35.7143	35.7143	1.13
w-256	f-pfx3	serial	11	7380.0	922.5000	922.5000	1.13
w-256	f-pfx3	firstbyte	11	440.0	55.0000	55.0000	1.13
w-256	f-pfx3	trie	11	310.0	38.7500	38.7500	1.13
w-256	f-pfx3	hash2	11	210.0	26.2500	26.2500	1.13
w-256	f-pfx3	hash4	11	980.0	122.5000	122.5000	1.13
w-256	f-pfx3	vm	11	280.0	35.0000	35.0000	1.13
w-256	t-128k-sparse	serial	11	100644761.0	767.8586	767.8586	1.13
w-256	t-128k-sparse	firstbyte	11	5650035.0	43.1063	43.1063	1.13
w-256	t-128k-sparse	trie	11	4674919.0	35.6668	35.6668	1.13
w-256	t-128k-sparse	hash2	11	3189669.0	24.3352	24.3352	1.13
w-256	t-128k-sparse	hash4	11	15419804.0	117.6438	117.6438	1.12
w-256	t-128k-sparse	vm	11	4537077.0	34.6152	34.6152	1.12
w-256	f-bg	serial	11	7450.0	931.2500	931.2500	1.12
w-256	f-bg	firstbyte	11	470.0	58.7500	58.7500	1.12
w-256	f-bg	trie	11	280.0	35.0000	35.0000	1.12
w-256	f-bg	hash2	11	190.0	23.7500	23.7500	1.12
w-256	f-bg	hash4	11	1000.0	125.0000	125.0000	1.12
w-256	f-bg	vm	11	270.0	33.7500	33.7500	1.12
w-256	f-upper	serial	11	9450.0	787.5000	787.5000	1.12
w-256	f-upper	firstbyte	11	150.0	12.5000	12.5000	1.12
w-256	f-upper	trie	11	290.0	24.1667	24.1667	1.12
w-256	f-upper	hash2	11	220.0	18.3333	18.3333	1.12
w-256	f-upper	hash4	11	1240.0	103.3333	103.3333	1.12
w-256	f-upper	vm	11	290.0	24.1667	24.1667	1.12
w-256	f-near	serial	11	10890.0	907.5000	907.5000	1.12
w-256	f-near	firstbyte	11	590.0	49.1667	49.1667	1.12
w-256	f-near	trie	11	430.0	35.8333	35.8333	1.12
w-256	f-near	hash2	11	290.0	24.1667	24.1667	1.12
w-256	f-near	hash4	11	1400.0	116.6667	116.6667	1.12
w-256	f-near	vm	11	420.0	35.0000	35.0000	1.12
w-256	f-sfx	serial	11	8070.0	896.6667	896.6667	1.12
w-256	f-sfx	firstbyte	11	480.0	53.3333	53.3333	1.12
w-256	f-sfx	trie	11	330.0	36.6667	36.6667	1.12
w-256	f-sfx	hash2	11	240.0	26.6667	26.6667	1.12
w-256	f-sfx	hash4	11	1100.0	122.2222	122.2222	1.12
w-256	f-sfx	vm	11	330.0	36.6667	36.6667	1.12
ci-2048	f-cnt2	serial	11	110581.0	6911.3125	6911.3125	1.12
ci-2048	f-cnt2	firstbyte	11	5490.0	343.1250	343.1250	1.12
ci-2048	f-cnt2	trie	11	750.0	46.8750	46.8750	1.12
ci-2048	f-cnt2	hash2	11	640.0	40.0000	40.0000	1.12
ci-2048	f-cnt2	hash4	11	9610.0	600.6250	600.6250	1.12
ci-2048	f-cnt2	vm	11	690.0	43.1250	43.1250	1.12
ci-2048	f-nar4	serial	11	76960.0	8551.1111	8551.1111	1.12
ci-2048	f-nar4	firstbyte	11	3780.0	420.0000	420.0000	1.12
ci-2048	f-nar4	trie	11	430.0	47.7778	47.7778	1.12
ci-2048	f-nar4	hash2	11	370.0	41.1111	41.1111	1.12
ci-2048	f-nar4	hash4	11	5510.0	612.2222	612.2222	1.12
ci-2048	f-nar4	vm	11	440.0	48.8889	48.8889	1.12
ci-2048	f-w0	serial	11	92410.0	7700.8333	7700.8333	1.12
ci-2048	f-w0	firstbyte	11	4260.0	355.0000	355.0000	1.12
ci-2048	f-w0	trie	11	470.0	39.1667	39.1667	1.12
ci-2048	f-w0	hash2	11	470.0	39.1667	39.1667	1.12
ci-2048	f-w0	hash4	11	7130.0	594.1667	594.1667	1.12
ci-2048	f-w0	vm	11	450.0	37.5000	37.5000	1.12
ci-2048	f-s4095	serial	11	28190.0	7047.5000	7047.5000	1.12
ci-2048	f-s4095	firstbyte	11	1450.0	362.5000	362.5000	1.12
ci-2048	f-s4095	trie	11	160.0	40.0000	40.0000	1.12
ci-2048	f-s4095	hash2	11	140.0	35.0000	35.0000	1.12
ci-2048	f-s4095	hash4	11	2370.0	592.5000	592.5000	1.12
ci-2048	f-s4095	vm	11	170.0	42.5000	42.5000	1.12
ci-2048	f-s0	serial	11	28080.0	7020.0000	7020.0000	1.12
ci-2048	f-s0	firstbyte	11	1490.0	372.5000	372.5000	1.12
ci-2048	f-s0	trie	11	160.0	40.0000	40.0000	1.12
ci-2048	f-s0	hash2	11	140.0	35.0000	35.0000	1.12
ci-2048	f-s0	hash4	11	2470.0	617.5000	617.5000	1.12
ci-2048	f-s0	vm	11	160.0	40.0000	40.0000	1.12
ci-2048	t-128k-clean	serial	11	846552417.0	6458.6824	6458.6824	1.17
ci-2048	t-128k-clean	firstbyte	11	42634879.0	325.2783	325.2783	1.17
ci-2048	t-128k-clean	trie	11	7116114.0	54.2916	54.2916	1.17
ci-2048	t-128k-clean	hash2	11	5487983.0	41.8700	41.8700	1.17
ci-2048	t-128k-clean	hash4	11	77973533.0	594.8908	594.8908	1.17
ci-2048	t-128k-clean	vm	11	7034352.0	53.6678	53.6678	1.17
ci-2048	f-w511	serial	11	39430.0	6571.6667	6571.6667	1.17
ci-2048	f-w511	firstbyte	11	2230.0	371.6667	371.6667	1.17
ci-2048	f-w511	trie	11	320.0	53.3333	53.3333	1.17
ci-2048	f-w511	hash2	11	220.0	36.6667	36.6667	1.17
ci-2048	f-w511	hash4	11	3750.0	625.0000	625.0000	1.17
ci-2048	f-w511	vm	11	280.0	46.6667	46.6667	1.17
ci-2048	f-prefix	serial	11	94550.0	8595.4545	8595.4545	1.17
ci-2048	f-prefix	firstbyte	11	4240.0	385.4545	385.4545	1.17
ci-2048	f-prefix	trie	11	490.0	44.5455	44.5455	1.17
ci-2048	f-prefix	hash2	11	460.0	41.8182	41.8182	1.17
ci-2048	f-prefix	hash4	11	6500.0	590.9091	590.9091	1.17
ci-2048	f-prefix	vm	11	490.0	44.5455	44.5455	1.17
ci-2048	f-w2047	serial	11	67360.0	8420.0000	8420.0000	1.17
ci-2048	f-w2047	firstbyte	11	3440.0	430.0000	430.0000	1.17
ci-2048	f-w2047	trie	11	420.0	52.5000	52.5000	1.17
ci-2048	f-w2047	hash2	11	340.0	42.5000	42.5000	1.17
ci-2048	f-w2047	hash4	11	4830.0	603.7500	603.7500	1.17
ci-2048	f-w2047	vm	11	410.0	51.2500	51.2500	1.17
ci-2048	f-w7	serial	11	20720.0	5180.0000	5180.0000	1.17
ci-2048	f-w7	firstbyte	11	1220.0	305.0000	305.0000	1.17
ci-2048	f-w7	trie	11	200.0	50.0000	50.0000	1.17
ci-2048	f-w7	hash2	11	140.0	35.0000	35.0000	1.17
ci-2048	f-w7	hash4	11	2350.0	587.5000	587.5000	1.17
ci-2048	f-w7	vm	11	180.0	45.0000	45.0000	1.17
ci-2048	t-512k-sparse	serial	11	3390841136.0	6467.5162	6467.5162	1.14
ci-2048	t-512k-sparse	firstbyte	11	170988237.0	326.1342	326.1342	1.13
ci-2048	t-512k-sparse	trie	11	28437902.0	54.2410	54.2410	1.13
ci-2048	t-512k-sparse	hash2	11	21963963.0	41.8929	41.8929	1.13
ci-2048	t-512k-sparse	hash4	11	313763334.0	598.4561	598.4561	1.13
ci-2048	t-512k-sparse	vm	11	28157240.0	53.7057	53.7057	1.13
ci-2048	t-128k-dense	serial	11	847044010.0	6462.4329	6462.4329	1.19
ci-2048	t-128k-dense	firstbyte	11	43023111.0	328.2403	328.2403	1.26
ci-2048	t-128k-dense	trie	11	7172804.0	54.7242	54.7242	1.26
ci-2048	t-128k-dense	hash2	11	5537534.0	42.2480	42.2480	1.26
ci-2048	t-128k-dense	hash4	11	78811209.0	601.2818	601.2818	1.26
ci-2048	t-128k-dense	vm	11	7130053.0	54.3980	54.3980	1.26
ci-2048	f-sh1	serial	11	36980.0	7396.0000	7396.0000	1.26
ci-2048	f-sh1	firstbyte	11	1870.0	374.0000	374.0000	1.26
ci-2048	f-sh1	trie	11	270.0	54.0000	54.0000	1.26
ci-2048	f-sh1	hash2	11	160.0	32.0000	32.0000	1.26
ci-2048	f-sh1	hash4	11	3070.0	614.0000	614.0000	1.26
ci-2048	f-sh1	vm	11	290.0	58.0000	58.0000	1.26
ci-2048	f-glued	serial	11	132321.0	7351.1667	7351.1667	1.26
ci-2048	f-glued	firstbyte	11	6360.0	353.3333	353.3333	1.26
ci-2048	f-glued	trie	11	750.0	41.6667	41.6667	1.26
ci-2048	f-glued	hash2	11	680.0	37.7778	37.7778	1.26
ci-2048	f-glued	hash4	11	10710.0	595.0000	595.0000	1.26
ci-2048	f-glued	vm	11	750.0	41.6667	41.6667	1.26
ci-2048	f-w255	serial	11	48310.0	6901.4286	6901.4286	1.26
ci-2048	f-w255	firstbyte	11	2631.0	375.8571	375.8571	1.26
ci-2048	f-w255	trie	11	310.0	44.2857	44.2857	1.26
ci-2048	f-w255	hash2	11	270.0	38.5714	38.5714	1.26
ci-2048	f-w255	hash4	11	4340.0	620.0000	620.0000	1.26
ci-2048	f-w255	vm	11	310.0	44.2857	44.2857	1.26
ci-2048	f-pfx3	serial	11	67731.0	8466.3750	8466.3750	1.26
ci-2048	f-pfx3	firstbyte	11	3210.0	401.2500	401.2500	1.26
ci-2048	f-pfx3	trie	11	340.0	42.5000	42.5000	1.26
ci-2048	f-pfx3	hash2	11	310.0	38.7500	38.7500	1.26
ci-2048	f-pfx3	hash4	11	4780.0	597.5000	597.5000	1.26
ci-2048	f-pfx3	vm	11	370.0	46.2500	46.2500	1.26
ci-2048	t-128k-sparse	serial	11	846524906.0	6458.4725	6458.4725	1.22
ci-2048	t-128k-sparse	firstbyte	11	42587408.0	324.9161	324.9161	1.22
ci-2048	t-128k-sparse	trie	11	7101763.0	54.1822	54.1822	1.22
ci-2048	t-128k-sparse	hash2	11	5487884.0	41.8692	41.8692	1.22
ci-2048	t-128k-sparse	hash4	11	78578197.0	599.5041	599.5041	1.22
ci-2048	t-128k-sparse	vm	11	7030073.0	53.6352	53.6352	1.22
ci-2048	f-bg	serial	11	66850.0	8356.2500	8356.2500	1.22
ci-2048	f-bg	firstbyte	11	3030.0	378.7500	378.7500	1.22
ci-2048	f-bg	trie	11	300.0	37.5000	37.5000	1.22
ci-2048	f-bg	hash2	11	310.0	38.7500	38.7500	1.22
ci-2048	f-bg	hash4	11	4990.0	623.7500	623.7500	1.22
ci-2048	f-bg	vm	11	340.0	42.5000	42.5000	1.22
ci-2048	f-upper	serial	11	92531.0	7710.9167	7710.9167	1.22
ci-2048	f-upper	firstbyte	11	4300.0	358.3333	358.3333	1.22
ci-2048	f-upper	trie	11	560.0	46.6667	46.6667	1.22
ci-2048	f-upper	hash2	11	500.0	41.6667	41.6667	1.22
ci-2048	f-upper	hash4	11	7110.0	592.5000	592.5000	1.22
ci-2048	f-upper	vm	11	550.0	45.8333	45.8333	1.22
ci-2048	f-near	serial	11	98811.0	8234.2500	8234.2500	1.22
ci-2048	f-near	firstbyte	11	4690.0	390.8333	390.8333	1.22
ci-2048	f-near	trie	11	530.0	44.1667	44.1667	1.22
ci-2048	f-near	hash2	11	480.0	40.0000	40.0000	1.22
ci-2048	f-near	hash4	11	7000.0	583.3333	583.3333	1.22
ci-2048	f-near	vm	11	530.0	44.1667	44.1667	1.22
ci-2048	f-sfx	serial	11	78271.0	8696.7778	8696.7778	1.22
ci-2048	f-sfx	firstbyte	11	3770.0	418.8889	418.8889	1.22
ci-2048	f-sfx	trie	11	450.0	50.0000	50.0000	1.22
ci-2048	f-sfx	hash2	11	360.0	40.0000	40.0000	1.22
ci-2048	f-sfx	hash4	11	5400.0	600.0000	600.0000	1.22
ci-2048	f-sfx	vm	11	420.0	46.6667	46.6667	1.22
ci-512	f-cnt2	serial	11	26270.0	1641.8750	1641.8750	1.22
ci-512	f-cnt2	firstbyte	11	1300.0	81.2500	81.2500	1.22
ci-512	f-cnt2	trie	11	660.0	41.2500	41.2500	1.22
ci-512	f-cnt2	hash2	11	490.0	30.6250	30.6250	1.22
ci-512	f-cnt2	hash4	11	3630.0	226.8750	226.8750	1.22
ci-512	f-cnt2	vm	11	650.0	40.6250	40.6250	1.22
ci-512	f-nar4	serial	11	17841.0	1982.3333	1982.3333	1.22
ci-512	f-nar4	firstbyte	11	940.0	104.4444	104.4444	1.22
ci-512	f-nar4	trie	11	420.0	46.6667	46.6667	1.22
ci-512	f-nar4	hash2	11	250.0	27.7778	27.7778	1.22
ci-512	f-nar4	hash4	11	2010.0	223.3333	223.3333	1.22
ci-512	f-nar4	vm	11	390.0	43.3333	43.3333	1.22
ci-512	f-w0	serial	11	21490.0	1790.8333	1790.8333	1.22
ci-512	f-w0	firstbyte	11	1020.0	85.0000	85.0000	1.22
ci-512	f-w0	trie	11	390.0	32.5000	32.5000	1.22
ci-512	f-w0	hash2	11	320.0	26.6667	26.6667	1.22
ci-512	f-w0	hash4	11	2661.0	221.7500	221.7500	1.22
ci-512	f-w0	vm	11	400.0	33.3333	33.3333	1.22
ci-512	f-s4095	serial	11	7230.0	1807.5000	1807.5000	1.22
ci-512	f-s4095	firstbyte	11	360.0	90.0000	90.0000	1.22
ci-512	f-s4095	trie	11	140.0	35.0000	35.0000	1.22
ci-512	f-s4095	hash2	11	100.0	25.0000	25.0000	1.22
ci-512	f-s4095	hash4	11	860.0	215.0000	215.0000	1.22
ci-512	f-s4095	vm	11	130.0	32.5000	32.5000	1.22
ci-512	f-s0	serial	11	7190.0	1797.5000	1797.5000	1.22
ci-512	f-s0	firstbyte	11	410.0	102.5000	102.5000	1.22
ci-512	f-s0	trie	11	150.0	37.5000	37.5000	1.22
ci-512	f-s0	hash2	11	100.0	25.0000	25.0000	1.22
ci-512	f-s0	hash4	11	960.0	240.0000	240.0000	1.22
ci-512	f-s0	vm	11	130.0	32.5000	32.5000	1.22
ci-512	t-128k-clean	serial	11	212052747.0	1617.8341	1617.8341	1.20
ci-512	t-128k-clean	firstbyte	11	10619344.0	81.0192	81.0192	1.20
ci-512	t-128k-clean	trie	11	5274722.0	40.2429	40.2429	1.20
ci-512	t-128k-clean	hash2	11	4003054.0	30.5409	30.5409	1.20
ci-512	t-128k-clean	hash4	11	29230117.0	223.0081	223.0081	1.20
ci-512	t-128k-clean	vm	11	5205331.0	39.7135	39.7135	1.20
ci-512	f-w511	serial	11	11730.0	1955.0000	1955.0000	1.20
ci-512	f-w511	firstbyte	11	680.0	113.3333	113.3333	1.20
ci-512	f-w511	trie	11	280.0	46.6667	46.6667	1.20
ci-512	f-w511	hash2	11	160.0	26.6667	26.6667	1.20
ci-512	f-w511	hash4	11	1340.0	223.3333	223.3333	1.20
ci-512	f-w511	vm	11	290.0	48.3333	48.3333	1.20
ci-512	f-prefix	serial	11	21730.0	1975.4545	1975.4545	1.20
ci-512	f-prefix	firstbyte	11	990.0	90.0000	90.0000	1.20
ci-512	f-prefix	trie	11	460.0	41.8182	41.8182	1.20
ci-512	f-prefix	hash2	11	330.0	30.0000	30.0000	1.20
ci-512	f-prefix	hash4	11	2380.0	216.3636	216.3636	1.20
ci-512	f-prefix	vm	11	420.0	38.1818	38.1818	1.20
ci-512	f-w2047	serial	11	16200.0	2025.0000	2025.0000	1.20
ci-512	f-w2047	firstbyte	11	790.0	98.7500	98.7500	1.20
ci-512	f-w2047	trie	11	340.0	42.5000	42.5000	1.20
ci-512	f-w2047	hash2	11	180.0	22.5000	22.5000	1.20
ci-512	f-w2047	hash4	11	1820.0	227.5000	227.5000	1.20
ci-512	f-w2047	vm	11	330.0	41.2500	41.2500	1.20
ci-512	f-w7	serial	11	5330.0	1332.5000	1332.5000	1.20
ci-512	f-w7	firstbyte	11	300.0	75.0000	75.0000	1.20
ci-512	f-w7	trie	11	180.0	45.0000	45.0000	1.20
ci-512	f-w7	hash2	11	110.0	27.5000	27.5000	1.20
ci-512	f-w7	hash4	11	840.0	210.0000	210.0000	1.20
ci-512	f-w7	vm	11	160.0	40.0000	40.0000	1.20
ci-512	t-512k-sparse	serial	11	845657121.0	1612.9630	1612.9630	1.17
ci-512	t-512k-sparse	firstbyte	11	42502838.0	81.0677	81.0677	1.17
ci-512	t-512k-sparse	trie	11	21263679.0	40.5572	40.5572	1.17
ci-512	t-512k-sparse	hash2	11	16087788.0	30.6850	30.6850	1.17
ci-512	t-512k-sparse	hash4	11	116687628.0	222.5640	222.5640	1.17
ci-512	t-512k-sparse	vm	11	20888607.0	39.8419	39.8419	1.17
ci-512	t-128k-dense	serial	11	211445553.0	1613.2015	1613.2015	1.16
ci-512	t-128k-dense	firstbyte	11	10727655.0	81.8455	81.8455	1.16
ci-512	t-128k-dense	trie	11	5347473.0	40.7980	40.7980	1.16
ci-512	t-128k-dense	hash2	11	4048744.0	30.8895	30.8895	1.16
ci-512	t-128k-dense	hash4	11	29207377.0	222.8346	222.8346	1.16
ci-512	t-128k-dense	vm	11	5264752.0	40.1669	40.1669	1.16
ci-512	f-sh1	serial	11	9330.0	1866.0000	1866.0000	1.16
ci-512	f-sh1	firstbyte	11	460.0	92.0000	92.0000	1.16
ci-512	f-sh1	trie	11	200.0	40.0000	40.0000	1.16
ci-512	f-sh1	hash2	11	120.0	24.0000	24.0000	1.16
ci-512	f-sh1	hash4	11	1080.0	216.0000	216.0000	1.16
ci-512	f-sh1	vm	11	180.0	36.0000	36.0000	1.16
ci-512	f-glued	serial	11	31940.0	1774.4444	1774.4444	1.16
ci-512	f-glued	firstbyte	11	1530.0	85.0000	85.0000	1.16
ci-512	f-glued	trie	11	680.0	37.7778	37.7778	1.16
ci-512	f-glued	hash2	11	490.0	27.2222	27.2222	1.16
ci-512	f-glued	hash4	11	3970.0	220.5556	220.5556	1.16
ci-512	f-glued	vm	11	650.0	36.1111	36.1111	1.16
ci-512	f-w255	serial	11	12310.0	1758.5714	1758.5714	1.16
ci-512	f-w255	firstbyte	11	670.0	95.7143	95.7143	1.16
ci-512	f-w255	trie	11	260.0	37.1429	37.1429	1.16
ci-512	f-w255	hash2	11	200.0	28.5714	28.5714	1.16
ci-512	f-w255	hash4	11	1620.0	231.4286	231.4286	1.16
ci-512	f-w255	vm	11	240.0	34.2857	34.2857	1.16
ci-512	f-pfx3	serial	11	15780.0	1972.5000	1972.5000	1.16
ci-512	f-pfx3	firstbyte	11	780.0	97.5000	97.5000	1.16
ci-512	f-pfx3	trie	11	320.0	40.0000	40.0000	1.16
ci-512	f-pfx3	hash2	11	240.0	30.0000	30.0000	1.16
ci-512	f-pfx3	hash4	11	1660.0	207.5000	207.5000	1.16
ci-512	f-pfx3	vm	11	340.0	42.5000	42.5000	1.16
ci-512	t-128k-sparse	serial	11	211253491.0	1611.7362	1611.7362	1.14
ci-512	t-128k-sparse	firstbyte	11	10608144.0	80.9337	80.9337	1.14
ci-512	t-128k-sparse	trie	11	5305042.0	40.4743	40.4743	1.14
ci-512	t-128k-sparse	hash2	11	4013275.0	30.6189	30.6189	1.14
ci-512	t-128k-sparse	hash4	11	29262957.0	223.2586	223.2586	1.14
ci-512	t-128k-sparse	vm	11	5216952.0	39.8022	39.8022	1.14
ci-512	f-bg	serial	11	15930.0	1991.2500	1991.2500	1.14
ci-512	f-bg	firstbyte	11	830.0	103.7500	103.7500	1.14
ci-512	f-bg	trie	11	310.0	38.7500	38.7500	1.14
ci-512	f-bg	hash2	11	250.0	31.2500	31.2500	1.14
ci-512	f-bg	hash4	11	1790.0	223.7500	223.7500	1.14
ci-512	f-bg	vm	11	300.0	37.5000	37.5000	1.14
ci-512	f-upper	serial	11	21621.0	1801.7500	1801.7500	1.14
ci-512	f-upper	firstbyte	11	1050.0	87.5000	87.5000	1.14
ci-512	f-upper	trie	11	500.0	41.6667	41.6667	1.14
ci-512	f-upper	hash2	11	330.0	27.5000	27.5000	1.14
ci-512	f-upper	hash4	11	2650.0	220.8333	220.8333	1.14
ci-512	f-upper	vm	11	420.0	35.0000	35.0000	1.14
ci-512	f-near	serial	11	22910.0	1909.1667	1909.1667	1.14
ci-512	f-near	firstbyte	11	1070.0	89.1667	89.1667	1.14
ci-512	f-near	trie	11	480.0	40.0000	40.0000	1.14
ci-512	f-near	hash2	11	330.0	27.5000	27.5000	1.14
ci-512	f-near	hash4	11	2560.0	213.3333	213.3333	1.14
ci-512	f-near	vm	11	460.0	38.3333	38.3333	1.14
ci-512	f-sfx	serial	11	17410.0	1934.4444	1934.4444	1.14
ci-512	f-sfx	firstbyte	11	900.0	100.0000	100.0000	1.14
ci-512	f-sfx	trie	11	380.0	42.2222	42.2222	1.14
ci-512	f-sfx	hash2	11	280.0	31.1111	31.1111	1.14
ci-512	f-sfx	hash4	11	1930.0	214.4444	214.4444	1.14
ci-512	f-sfx	vm	11	370.0	41.1111	41.1111	1.14
w-128	f-cnt2	serial	11	5980.0	373.7500	373.7500	1.14
w-128	f-cnt2	firstbyte	11	450.0	28.1250	28.1250	1.14
w-128	f-cnt2	trie	11	500.0	31.2500	31.2500	1.14
w-128	f-cnt2	hash2	11	430.0	26.8750	26.8750	1.14
w-128	f-cnt2	hash4	11	1220.0	76.2500	76.2500	1.14
w-128	f-cnt2	vm	11	510.0	31.8750	31.8750	1.14
w-128	f-nar4	serial	11	3930.0	436.6667	436.6667	1.14
w-128	f-nar4	firstbyte	11	260.0	28.8889	28.8889	1.14
w-128	f-nar4	trie	11	330.0	36.6667	36.6667	1.14
w-128	f-nar4	hash2	11	200.0	22.2222	22.2222	1.14
w-128	f-nar4	hash4	11	720.0	80.0000	80.0000	1.14
w-128	f-nar4	vm	11	320.0	35.5556	35.5556	1.14
w-128	f-w0	serial	11	4730.0	394.1667	394.1667	1.14
w-128	f-w0	firstbyte	11	360.0	30.0000	30.0000	1.14
w-128	f-w0	trie	11	360.0	30.0000	30.0000	1.14
w-128	f-w0	hash2	11	300.0	25.0000	25.0000	1.14
w-128	f-w0	hash4	11	940.0	78.3333	78.3333	1.14
w-128	f-w0	vm	11	320.0	26.6667	26.6667	1.14
w-128	f-s4095	serial	11	1730.0	432.5000	432.5000	1.14
w-128	f-s4095	firstbyte	11	150.0	37.5000	37.5000	1.14
w-128	f-s4095	trie	11	110.0	27.5000	27.5000	1.14
w-128	f-s4095	hash2	11	100.0	25.0000	25.0000	1.14
w-128	f-s4095	hash4	11	290.0	72.5000	72.5000	1.14
w-128	f-s4095	vm	11	120.0	30.0000	30.0000	1.14
w-128	f-s0	serial	11	1790.0	447.5000	447.5000	1.14
w-128	f-s0	firstbyte	11	180.0	45.0000	45.0000	1.14
w-128	f-s0	trie	11	110.0	27.5000	27.5000	1.14
w-128	f-s0	hash2	11	100.0	25.0000	25.0000	1.14
w-128	f-s0	hash4	11	330.0	82.5000	82.5000	1.14
w-128	f-s0	vm	11	110.0	27.5000	27.5000	1.14
w-128	t-128k-clean	serial	11	50066114.0	381.9741	381.9741	1.14
w-128	t-128k-clean	firstbyte	11	3399780.0	25.9383	25.9383	1.14
w-128	t-128k-clean	trie	11	4115435.0	31.3983	31.3983	1.14
w-128	t-128k-clean	hash2	11	2616446.0	19.9619	19.9619	1.14
w-128	t-128k-clean	hash4	11	9868260.0	75.2888	75.2888	1.14
w-128	t-128k-clean	vm	11	4016215.0	30.6413	30.6413	1.14
w-128	f-w511	serial	11	6250.0	1041.6667	1041.6667	1.14
w-128	f-w511	firstbyte	11	270.0	45.0000	45.0000	1.14
w-128	f-w511	trie	11	260.0	43.3333	43.3333	1.14
w-128	f-w511	hash2	11	120.0	20.0000	20.0000	1.14
w-128	f-w511	hash4	11	460.0	76.6667	76.6667	1.14
w-128	f-w511	vm	11	150.0	25.0000	25.0000	1.14
w-128	f-prefix	serial	11	4950.0	450.0000	450.0000	1.14
w-128	f-prefix	firstbyte	11	350.0	31.8182	31.8182	1.14
w-128	f-prefix	trie	11	370.0	33.6364	33.6364	1.14
w-128	f-prefix	hash2	11	280.0	25.4545	25.4545	1.14
w-128	f-prefix	hash4	11	830.0	75.4545	75.4545	1.14
w-128	f-prefix	vm	11	360.0	32.7273	32.7273	1.14
w-128	f-w2047	serial	11	3560.0	445.0000	445.0000	1.14
w-128	f-w2047	firstbyte	11	270.0	33.7500	33.7500	1.14
w-128	f-w2047	trie	11	260.0	32.5000	32.5000	1.14
w-128	f-w2047	hash2	11	150.0	18.7500	18.7500	1.14
w-128	f-w2047	hash4	11	660.0	82.5000	82.5000	1.14
w-128	f-w2047	vm	11	250.0	31.2500	31.2500	1.14
w-128	f-w7	serial	11	1330.0	332.5000	332.5000	1.14
w-128	f-w7	firstbyte	11	130.0	32.5000	32.5000	1.14
w-128	f-w7	trie	11	140.0	35.0000	35.0000	1.14
w-128	f-w7	hash2	11	100.0	25.0000	25.0000	1.14
w-128	f-w7	hash4	11	320.0	80.0000	80.0000	1.14
w-128	f-w7	vm	11	160.0	40.0000	40.0000	1.14
w-128	t-512k-sparse	serial	11	200409796.0	382.2514	382.2514	1.14
w-128	t-512k-sparse	firstbyte	11	13653883.0	26.0427	26.0427	1.14
w-128	t-512k-sparse	trie	11	16508070.0	31.4866	31.4866	1.14
w-128	t-512k-sparse	hash2	11	10496273.0	20.0201	20.0201	1.14
w-128	t-512k-sparse	hash4	11	39336368.0	75.0282	75.0282	1.13
w-128	t-512k-sparse	vm	11	16083857.0	30.6775	30.6775	1.13
w-128	t-128k-dense	serial	11	50249315.0	383.3718	383.3718	1.13
w-128	t-128k-dense	firstbyte	11	3442640.0	26.2653	26.2653	1.13
w-128	t-128k-dense	trie	11	4142925.0	31.6080	31.6080	1.13
w-128	t-128k-dense	hash2	11	2630696.0	20.0706	20.0706	1.13
w-128	t-128k-dense	hash4	11	9842070.0	75.0890	75.0890	1.13
w-128	t-128k-dense	vm	11	4048315.0	30.8862	30.8862	1.13
w-128	f-sh1	serial	11	2280.0	456.0000	456.0000	1.13
w-128	f-sh1	firstbyte	11	220.0	44.0000	44.0000	1.13
w-128	f-sh1	trie	11	170.0	34.0000	34.0000	1.13
w-128	f-sh1	hash2	11	120.0	24.0000	24.0000	1.13
w-128	f-sh1	hash4	11	380.0	76.0000	76.0000	1.13
w-128	f-sh1	vm	11	160.0	32.0000	32.0000	1.13
w-128	f-glued	serial	11	7410.0	411.6667	411.6667	1.13
w-128	f-glued	firstbyte	11	530.0	29.4444	29.4444	1.13
w-128	f-glued	trie	11	540.0	30.0000	30.0000	1.13
w-128	f-glued	hash2	11	440.0	24.4444	24.4444	1.13
w-128	f-glued	hash4	11	1360.0	75.5556	75.5556	1.13
w-128	f-glued	vm	11	530.0	29.4444	29.4444	1.13
w-128	f-w255	serial	11	3170.0	452.8571	452.8571	1.13
w-128	f-w255	firstbyte	11	260.0	37.1429	37.1429	1.13
w-128	f-w255	trie	11	210.0	30.0000	30.0000	1.13
w-128	f-w255	hash2	11	160.0	22.8571	22.8571	1.13
w-128	f-w255	hash4	11	560.0	80.0000	80.0000	1.13
w-128	f-w255	vm	11	240.0	34.2857	34.2857	1.13
w-128	f-pfx3	serial	11	3400.0	425.0000	425.0000	1.13
w-128	f-pfx3	firstbyte	11	230.0	28.7500	28.7500	1.13
w-128	f-pfx3	trie	11	240.0	30.0000	30.0000	1.13
w-128	f-pfx3	hash2	11	180.0	22.5000	22.5000	1.13
w-128	f-pfx3	hash4	11	650.0	81.2500	81.2500	1.13
w-128	f-pfx3	vm	11	240.0	30.0000	30.0000	1.13
w-128	t-128k-sparse	serial	11	50158325.0	382.6777	382.6777	1.13
w-128	t-128k-sparse	firstbyte	11	3403711.0	25.9683	25.9683	1.13
w-128	t-128k-sparse	trie	11	4128605.0	31.4988	31.4988	1.13
w-128	t-128k-sparse	hash2	11	2632536.0	20.0847	20.0847	1.13
w-128	t-128k-sparse	hash4	11	9852340.0	75.1674	75.1674	1.13
w-128	t-128k-sparse	vm	11	4019815.0	30.6688	30.6688	1.13
w-128	f-bg	serial	11	3610.0	451.2500	451.2500	1.13
w-128	f-bg	firstbyte	11	360.0	45.0000	45.0000	1.13
w-128	f-bg	trie	11	240.0	30.0000	30.0000	1.13
w-128	f-bg	hash2	11	200.0	25.0000	25.0000	1.13
w-128	f-bg	hash4	11	620.0	77.5000	77.5000	1.13
w-128	f-bg	vm	11	260.0	32.5000	32.5000	1.13
w-128	f-upper	serial	11	4670.0	389.1667	389.1667	1.13
w-128	f-upper	firstbyte	11	150.0	12.5000	12.5000	1.13
w-128	f-upper	trie	11	290.0	24.1667	24.1667	1.13
w-128	f-upper	hash2	11	220.0	18.3333	18.3333	1.13
w-128	f-upper	hash4	11	830.0	69.1667	69.1667	1.13
w-128	f-upper	vm	11	290.0	24.1667	24.1667	1.13
w-128	f-near	serial	11	5210.0	434.1667	434.1667	1.13
w-128	f-near	firstbyte	11	360.0	30.0000	30.0000	1.13
w-128	f-near	trie	11	410.0	34.1667	34.1667	1.13
w-128	f-near	hash2	11	290.0	24.1667	24.1667	1.13
w-128	f-near	hash4	11	900.0	75.0000	75.0000	1.13
w-128	f-near	vm	11	360.0	30.0000	30.0000	1.13
w-128	f-sfx	serial	11	3980.0	442.2222	442.2222	1.13
w-128	f-sfx	firstbyte	11	290.0	32.2222	32.2222	1.13
w-128	f-sfx	trie	11	300.0	33.3333	33.3333	1.13
w-128	f-sfx	hash2	11	190.0	21.1111	21.1111	1.13
w-128	f-sfx	hash4	11	710.0	78.8889	78.8889	1.13
w-128	f-sfx	vm	11	290.0	32.2222	32.2222	1.13
w-64	f-cnt2	serial	11	2880.0	180.0000	180.0000	1.13
w-64	f-cnt2	firstbyte	11	290.0	18.1250	18.1250	1.13
w-64	f-cnt2	trie	11	450.0	28.1250	28.1250	1.13
w-64	f-cnt2	hash2	11	350.0	21.8750	21.8750	1.13
w-64	f-cnt2	hash4	11	910.0	56.8750	56.8750	1.13
w-64	f-cnt2	vm	11	450.0	28.1250	28.1250	1.13
w-64	f-nar4	serial	11	1850.0	205.5556	205.5556	1.13
w-64	f-nar4	firstbyte	11	170.0	18.8889	18.8889	1.13
w-64	f-nar4	trie	11	280.0	31.1111	31.1111	1.13
w-64	f-nar4	hash2	11	190.0	21.1111	21.1111	1.13
w-64	f-nar4	hash4	11	480.0	53.3333	53.3333	1.13
w-64	f-nar4	vm	11	310.0	34.4444	34.4444	1.13
w-64	f-w0	serial	11	2300.0	191.6667	191.6667	1.13
w-64	f-w0	firstbyte	11	210.0	17.5000	17.5000	1.13
w-64	f-w0	trie	11	280.0	23.3333	23.3333	1.13
w-64	f-w0	hash2	11	260.0	21.6667	21.6667	1.13
w-64	f-w0	hash4	11	660.0	55.0000	55.0000	1.13
w-64	f-w0	vm	11	280.0	23.3333	23.3333	1.13
w-64	f-s4095	serial	11	880.0	220.0000	220.0000	1.13
w-64	f-s4095	firstbyte	11	100.0	25.0000	25.0000	1.13
w-64	f-s4095	trie	11	110.0	27.5000	27.5000	1.13
w-64	f-s4095	hash2	11	120.0	30.0000	30.0000	1.13
w-64	f-s4095	hash4	11	200.0	50.0000	50.0000	1.13
w-64	f-s4095	vm	11	120.0	30.0000	30.0000	1.13
w-64	f-s0	serial	11	930.0	232.5000	232.5000	1.13
w-64	f-s0	firstbyte	11	140.0	35.0000	35.0000	1.13
w-64	f-s0	trie	11	110.0	27.5000	27.5000	1.13
w-64	f-s0	hash2	11	100.0	25.0000	25.0000	1.13
w-64	f-s0	hash4	11	210.0	52.5000	52.5000	1.13
w-64	f-s0	vm	11	100.0	25.0000	25.0000	1.13
w-64	t-128k-clean	serial	11	24902641.0	189.9921	189.9921	1.13
w-64	t-128k-clean	firstbyte	11	2372625.0	18.1017	18.1017	1.13
w-64	t-128k-clean	trie	11	3714412.0	28.3387	28.3387	1.13
w-64	t-128k-clean	hash2	11	2317494.0	17.6811	17.6811	1.13
w-64	t-128k-clean	hash4	11	6437749.0	49.1161	49.1161	1.13
w-64	t-128k-clean	vm	11	3558821.0	27.1516	27.1516	1.13
w-64	f-w511	serial	11	1360.0	226.6667	226.6667	1.13
w-64	f-w511	firstbyte	11	120.0	20.0000	20.0000	1.13
w-64	f-w511	trie	11	170.0	28.3333	28.3333	1.13
w-64	f-w511	hash2	11	120.0	20.0000	20.0000	1.13
w-64	f-w511	hash4	11	320.0	53.3333	53.3333	1.13
w-64	f-w511	vm	11	170.0	28.3333	28.3333	1.13
w-64	f-prefix	serial	11	2390.0	217.2727	217.2727	1.13
w-64	f-prefix	firstbyte	11	210.0	19.0909	19.0909	1.13
w-64	f-prefix	trie	11	360.0	32.7273	32.7273	1.13
w-64	f-prefix	hash2	11	240.0	21.8182	21.8182	1.13
w-64	f-prefix	hash4	11	600.0	54.5455	54.5455	1.13
w-64	f-prefix	vm	11	350.0	31.8182	31.8182	1.13
w-64	f-w2047	serial	11	1710.0	213.7500	213.7500	1.13
w-64	f-w2047	firstbyte	11	180.0	22.5000	22.5000	1.13
w-64	f-w2047	trie	11	270.0	33.7500	33.7500	1.13
w-64	f-w2047	hash2	11	150.0	18.7500	18.7500	1.13
w-64	f-w2047	hash4	11	430.0	53.7500	53.7500	1.13
w-64	f-w2047	vm	11	270.0	33.7500	33.7500	1.13
w-64	f-w7	serial	11	680.0	170.0000	170.0000	1.13
w-64	f-w7	firstbyte	11	90.0	22.5000	22.5000	1.13
w-64	f-w7	trie	11	140.0	35.0000	35.0000	1.13
w-64	f-w7	hash2	11	120.0	30.0000	30.0000	1.13
w-64	f-w7	hash4	11	230.0	57.5000	57.5000	1.13
w-64	f-w7	vm	11	130.0	32.5000	32.5000	1.13
w-64	t-512k-sparse	serial	11	99774236.0	190.3043	190.3043	1.13
w-64	t-512k-sparse	firstbyte	11	9530078.0	18.1772	18.1772	1.13
w-64	t-512k-sparse	trie	11	14968241.0	28.5497	28.5497	1.13
w-64	t-512k-sparse	hash2	11	9294377.0	17.7276	17.7276	1.13
w-64	t-512k-sparse	hash4	11	25730926.0	49.0778	49.0778	1.13
w-64	t-512k-sparse	vm	11	14275457.0	27.2283	27.2283	1.13
w-64	t-128k-dense	serial	11	24958652.0	190.4194	190.4194	1.20
w-64	t-128k-dense	firstbyte	11	2387514.0	18.2153	18.2153	1.20
w-64	t-128k-dense	trie	11	3719943.0	28.3809	28.3809	1.20
w-64	t-128k-dense	hash2	11	2336554.0	17.8265	17.8265	1.20
w-64	t-128k-dense	hash4	11	6487259.0	49.4939	49.4939	1.20
w-64	t-128k-dense	vm	11	3594992.0	27.4276	27.4276	1.20
w-64	f-sh1	serial	11	1120.0	224.0000	224.0000	1.20
w-64	f-sh1	firstbyte	11	110.0	22.0000	22.0000	1.20
w-64	f-sh1	trie	11	180.0	36.0000	36.0000	1.20
w-64	f-sh1	hash2	11	120.0	24.0000	24.0000	1.20
w-64	f-sh1	hash4	11	240.0	48.0000	48.0000	1.20
w-64	f-sh1	vm	11	170.0	34.0000	34.0000	1.20
w-64	f-glued	serial	11	3650.0	202.7778	202.7778	1.20
w-64	f-glued	firstbyte	11	340.0	18.8889	18.8889	1.20
w-64	f-glued	trie	11	520.0	28.8889	28.8889	1.20
w-64	f-glued	hash2	11	420.0	23.3333	23.3333	1.20
w-64	f-glued	hash4	11	930.0	51.6667	51.6667	1.20
w-64	f-glued	vm	11	490.0	27.2222	27.2222	1.20
w-64	f-w255	serial	11	1500.0	214.2857	214.2857	1.20
w-64	f-w255	firstbyte	11	150.0	21.4286	21.4286	1.20
w-64	f-w255	trie	11	210.0	30.0000	30.0000	1.20
w-64	f-w255	hash2	11	140.0	20.0000	20.0000	1.20
w-64	f-w255	hash4	11	390.0	55.7143	55.7143	1.20
w-64	f-w255	vm	11	200.0	28.5714	28.5714	1.20
w-64	f-pfx3	serial	11	1700.0	212.5000	212.5000	1.20
w-64	f-pfx3	firstbyte	11	190.0	23.7500	23.7500	1.20
w-64	f-pfx3	trie	11	260.0	32.5000	32.5000	1.20
w-64	f-pfx3	hash2	11	190.0	23.7500	23.7500	1.20
w-64	f-pfx3	hash4	11	400.0	50.0000	50.0000	1.20
w-64	f-pfx3	vm	11	240.0	30.0000	30.0000	1.20
w-64	t-128k-sparse	serial	11	24907071.0	190.0259	190.0259	1.20
w-64	t-128k-sparse	firstbyte	11	2374624.0	18.1169	18.1169	1.20
w-64	t-128k-sparse	trie	11	3707142.0	28.2832	28.2832	1.20
w-64	t-128k-sparse	hash2	11	2322094.0	17.7162	17.7162	1.20
w-64	t-128k-sparse	hash4	11	6455599.0	49.2523	49.2523	1.20
w-64	t-128k-sparse	vm	11	3556611.0	27.1348	27.1348	1.20
w-64	f-bg	serial	11	1800.0	225.0000	225.0000	1.20
w-64	f-bg	firstbyte	11	220.0	27.5000	27.5000	1.20
w-64	f-bg	trie	11	220.0	27.5000	27.5000	1.20
w-64	f-bg	hash2	11	200.0	25.0000	25.0000	1.20
w-64	f-bg	hash4	11	470.0	58.7500	58.7500	1.20
w-64	f-bg	vm	11	210.0	26.2500	26.2500	1.20
w-64	f-upper	serial	11	2250.0	187.5000	187.5000	1.20
w-64	f-upper	firstbyte	11	160.0	13.3333	13.3333	1.20
w-64	f-upper	trie	11	290.0	24.1667	24.1667	1.20
w-64	f-upper	hash2	11	250.0	20.8333	20.8333	1.20
w-64	f-upper	hash4	11	560.0	46.6667	46.6667	1.20
w-64	f-upper	vm	11	280.0	23.3333	23.3333	1.20
w-64	f-near	serial	11	2530.0	210.8333	210.8333	1.20
w-64	f-near	firstbyte	11	240.0	20.0000	20.0000	1.20
w-64	f-near	trie	11	400.0	33.3333	33.3333	1.20
w-64	f-near	hash2	11	270.0	22.5000	22.5000	1.20
w-64	f-near	hash4	11	640.0	53.3333	53.3333	1.20
w-64	f-near	vm	11	360.0	30.0000	30.0000	1.20
w-64	f-sfx	serial	11	1860.0	206.6667	206.6667	1.20
w-64	f-sfx	firstbyte	11	180.0	20.0000	20.0000	1.20
w-64	f-sfx	trie	11	270.0	30.0000	30.0000	1.20
w-64	f-sfx	hash2	11	190.0	21.1111	21.1111	1.20
w-64	f-sfx	hash4	11	480.0	53.3333	53.3333	1.20
w-64	f-sfx	vm	11	270.0	30.0000	30.0000	1.20
s-512	f-cnt2	serial	11	28040.0	1752.5000	1752.5000	1.20
s-512	f-cnt2	firstbyte	11	1700.0	106.2500	106.2500	1.20
s-512	f-cnt2	trie	11	610.0	38.1250	38.1250	1.20
s-512	f-cnt2	hash2	11	420.0	26.2500	26.2500	1.20
s-512	f-cnt2	hash4	11	2200.0	137.5000	137.5000	1.20
s-512	f-cnt2	vm	11	620.0	38.7500	38.7500	1.20
s-512	f-nar4	serial	11	15700.0	1744.4444	1744.4444	1.20
s-512	f-nar4	firstbyte	11	880.0	97.7778	97.7778	1.20
s-512	f-nar4	trie	11	440.0	48.8889	48.8889	1.20
s-512	f-nar4	hash2	11	260.0	28.8889	28.8889	1.20
s-512	f-nar4	hash4	11	1130.0	125.5556	125.5556	1.20
s-512	f-nar4	vm	11	410.0	45.5556	45.5556	1.20
s-512	f-w0	serial	11	21350.0	1779.1667	1779.1667	1.20
s-512	f-w0	firstbyte	11	1300.0	108.3333	108.3333	1.20
s-512	f-w0	trie	11	400.0	33.3333	33.3333	1.20
s-512	f-w0	hash2	11	320.0	26.6667	26.6667	1.20
s-512	f-w0	hash4	11	1660.0	138.3333	138.3333	1.20
s-512	f-w0	vm	11	400.0	33.3333	33.3333	1.20
s-512	f-s4095	serial	11	7220.0	1805.0000	1805.0000	1.20
s-512	f-s4095	firstbyte	11	440.0	110.0000	110.0000	1.20
s-512	f-s4095	trie	11	160.0	40.0000	40.0000	1.20
s-512	f-s4095	hash2	11	120.0	30.0000	30.0000	1.20
s-512	f-s4095	hash4	11	530.0	132.5000	132.5000	1.20
s-512	f-s4095	vm	11	160.0	40.0000	40.0000	1.20
s-512	f-s0	serial	11	5200.0	1300.0000	1300.0000	1.20
s-512	f-s0	firstbyte	11	310.0	77.5000	77.5000	1.20
s-512	f-s0	trie	11	110.0	27.5000	27.5000	1.20
s-512	f-s0	hash2	11	120.0	30.0000	30.0000	1.20
s-512	f-s0	hash4	11	510.0	127.5000	127.5000	1.20
s-512	f-s0	vm	11	120.0	30.0000	30.0000	1.20
s-512	t-128k-clean	serial	11	211741985.0	1615.4631	1615.4631	1.20
s-512	t-128k-clean	firstbyte	11	10463523.0	79.8303	79.8303	1.20
s-512	t-128k-clean	trie	11	5261102.0	40.1390	40.1390	1.20
s-512	t-128k-clean	hash2	11	3898414.0	29.7425	29.7425	1.20
s-512	t-128k-clean	hash4	11	16427310.0	125.3304	125.3304	1.20
s-512	t-128k-clean	vm	11	5178631.0	39.5098	39.5098	1.20
s-512	f-w511	serial	11	11000.0	1833.3333	1833.3333	1.20
s-512	f-w511	firstbyte	11	580.0	96.6667	96.6667	1.20
s-512	f-w511	trie	11	280.0	46.6667	46.6667	1.20
s-512	f-w511	hash2	11	150.0	25.0000	25.0000	1.20
s-512	f-w511	hash4	11	780.0	130.0000	130.0000	1.20
s-512	f-w511	vm	11	260.0	43.3333	43.3333	1.20
s-512	f-prefix	serial	11	19370.0	1760.9091	1760.9091	1.20
s-512	f-prefix	firstbyte	11	1190.0	108.1818	108.1818	1.20
s-512	f-prefix	trie	11	470.0	42.7273	42.7273	1.20
s-512	f-prefix	hash2	11	300.0	27.2727	27.2727	1.20
s-512	f-prefix	hash4	11	1490.0	135.4545	135.4545	1.20
s-512	f-prefix	vm	11	430.0	39.0909	39.0909	1.20
s-512	f-w2047	serial	11	13660.0	1707.5000	1707.5000	1.20
s-512	f-w2047	firstbyte	11	700.0	87.5000	87.5000	1.20
s-512	f-w2047	trie	11	290.0	36.2500	36.2500	1.20
s-512	f-w2047	hash2	11	190.0	23.7500	23.7500	1.20
s-512	f-w2047	hash4	11	1010.0	126.2500	126.2500	1.20
s-512	f-w2047	vm	11	240.0	30.0000	30.0000	1.20
s-512	f-w7	serial	11	7230.0	1807.5000	1807.5000	1.20
s-512	f-w7	firstbyte	11	380.0	95.0000	95.0000	1.20
s-512	f-w7	trie	11	180.0	45.0000	45.0000	1.20
s-512	f-w7	hash2	11	110.0	27.5000	27.5000	1.20
s-512	f-w7	hash4	11	520.0	130.0000	130.0000	1.20
s-512	f-w7	vm	11	170.0	42.5000	42.5000	1.20
s-512	t-512k-sparse	serial	11	847169121.0	1615.8469	1615.8469	1.32
s-512	t-512k-sparse	firstbyte	11	41957485.0	80.0276	80.0276	1.32
s-512	t-512k-sparse	trie	11	21190768.0	40.4182	40.4182	1.32
s-512	t-512k-sparse	hash2	11	15644775.0	29.8400	29.8400	1.29
s-512	t-512k-sparse	hash4	11	65696299.0	125.3057	125.3057	1.29
s-512	t-512k-sparse	vm	11	20739676.0	39.5578	39.5578	1.29
s-512	t-128k-dense	serial	11	212053227.0	1617.8377	1617.8377	1.29
s-512	t-128k-dense	firstbyte	11	10573004.0	80.6656	80.6656	1.29
s-512	t-128k-dense	trie	11	5280642.0	40.2881	40.2881	1.29
s-512	t-128k-dense	hash2	11	3921634.0	29.9197	29.9197	1.29
s-512	t-128k-dense	hash4	11	16451429.0	125.5144	125.5144	1.29
s-512	t-128k-dense	vm	11	5224871.0	39.8626	39.8626	1.29
s-512	f-sh1	serial	11	9041.0	1808.2000	1808.2000	1.29
s-512	f-sh1	firstbyte	11	390.0	78.0000	78.0000	1.29
s-512	f-sh1	trie	11	150.0	30.0000	30.0000	1.29
s-512	f-sh1	hash2	11	110.0	22.0000	22.0000	1.29
s-512	f-sh1	hash4	11	580.0	116.0000	116.0000	1.29
s-512	f-sh1	vm	11	160.0	32.0000	32.0000	1.29
s-512	f-glued	serial	11	31780.0	1765.5556	1765.5556	1.29
s-512	f-glued	firstbyte	11	1940.0	107.7778	107.7778	1.29
s-512	f-glued	trie	11	610.0	33.8889	33.8889	1.29
s-512	f-glued	hash2	11	500.0	27.7778	27.7778	1.29
s-512	f-glued	hash4	11	2520.0	140.0000	140.0000	1.29
s-512	f-glued	vm	11	610.0	33.8889	33.8889	1.29
s-512	f-w255	serial	11	12200.0	1742.8571	1742.8571	1.29
s-512	f-w255	firstbyte	11	620.0	88.5714	88.5714	1.29
s-512	f-w255	trie	11	290.0	41.4286	41.4286	1.29
s-512	f-w255	hash2	11	170.0	24.2857	24.2857	1.29
s-512	f-w255	hash4	11	910.0	130.0000	130.0000	1.29
s-512	f-w255	vm	11	290.0	41.4286	41.4286	1.29
s-512	f-pfx3	serial	11	14220.0	1777.5000	1777.5000	1.29
s-512	f-pfx3	firstbyte	11	790.0	98.7500	98.7500	1.29
s-512	f-pfx3	trie	11	320.0	40.0000	40.0000	1.29
s-512	f-pfx3	hash2	11	200.0	25.0000	25.0000	1.29
s-512	f-pfx3	hash4	11	990.0	123.7500	123.7500	1.29
s-512	f-pfx3	vm	11	320.0	40.0000	40.0000	1.29
s-512	t-128k-sparse	serial	11	211636184.0	1614.6559	1614.6559	1.27
s-512	t-128k-sparse	firstbyte	11	10456244.0	79.7748	79.7748	1.27
s-512	t-128k-sparse	trie	11	5234832.0	39.9386	39.9386	1.27
s-512	t-128k-sparse	hash2	11	3899713.0	29.7524	29.7524	1.27
s-512	t-128k-sparse	hash4	11	16486680.0	125.7834	125.7834	1.27
s-512	t-128k-sparse	vm	11	5178792.0	39.5110	39.5110	1.27
s-512	f-bg	serial	11	14340.0	1792.5000	1792.5000	1.27
s-512	f-bg	firstbyte	11	790.0	98.7500	98.7500	1.27
s-512	f-bg	trie	11	310.0	38.7500	38.7500	1.27
s-512	f-bg	hash2	11	200.0	25.0000	25.0000	1.27
s-512	f-bg	hash4	11	1070.0	133.7500	133.7500	1.27
s-512	f-bg	vm	11	270.0	33.7500	33.7500	1.27
s-512	f-upper	serial	11	17170.0	1430.8333	1430.8333	1.27
s-512	f-upper	firstbyte	11	150.0	12.5000	12.5000	1.27
s-512	f-upper	trie	11	300.0	25.0000	25.0000	1.27
s-512	f-upper	hash2	11	220.0	18.3333	18.3333	1.27
s-512	f-upper	hash4	11	1310.0	109.1667	109.1667	1.27
s-512	f-upper	vm	11	290.0	24.1667	24.1667	1.27
s-512	f-near	serial	11	21090.0	1757.5000	1757.5000	1.27
s-512	f-near	firstbyte	11	1260.0	105.0000	105.0000	1.27
s-512	f-near	trie	11	510.0	42.5000	42.5000	1.27
s-512	f-near	hash2	11	330.0	27.5000	27.5000	1.27
s-512	f-near	hash4	11	1620.0	135.0000	135.0000	1.27
s-512	f-near	vm	11	500.0	41.6667	41.6667	1.27
s-512	f-sfx	serial	11	15810.0	1756.6667	1756.6667	1.27
s-512	f-sfx	firstbyte	11	930.0	103.3333	103.3333	1.27
s-512	f-sfx	trie	11	370.0	41.1111	41.1111	1.27
s-512	f-sfx	hash2	11	280.0	31.1111	31.1111	1.27
s-512	f-sfx	hash4	11	1190.0	132.2222	132.2222	1.27
s-512	f-sfx	vm	11	370.0	41.1111	41.1111	1.27
w-2048	f-cnt2	serial	11	111251.0	6953.1875	6953.1875	1.27
w-2048	f-cnt2	firstbyte	11	5500.0	343.7500	343.7500	1.27
w-2048	f-cnt2	trie	11	750.0	46.8750	46.8750	1.27
w-2048	f-cnt2	hash2	11	640.0	40.0000	40.0000	1.27
w-2048	f-cnt2	hash4	11	9341.0	583.8125	583.8125	1.27
w-2048	f-cnt2	vm	11	730.0	45.6250	45.6250	1.27
w-2048	f-nar4	serial	11	77061.0	8562.3333	8562.3333	1.27
w-2048	f-nar4	firstbyte	11	3810.0	423.3333	423.3333	1.27
w-2048	f-nar4	trie	11	420.0	46.6667	46.6667	1.27
w-2048	f-nar4	hash2	11	350.0	38.8889	38.8889	1.27
w-2048	f-nar4	hash4	11	5470.0	607.7778	607.7778	1.27
w-2048	f-nar4	vm	11	420.0	46.6667	46.6667	1.27
w-2048	f-w0	serial	11	92571.0	7714.2500	7714.2500	1.27
w-2048	f-w0	firstbyte	11	4260.0	355.0000	355.0000	1.27
w-2048	f-w0	trie	11	480.0	40.0000	40.0000	1.27
w-2048	f-w0	hash2	11	470.0	39.1667	39.1667	1.27
w-2048	f-w0	hash4	11	6990.0	582.5000	582.5000	1.27
w-2048	f-w0	vm	11	450.0	37.5000	37.5000	1.27
w-2048	f-s4095	serial	11	28000.0	7000.0000	7000.0000	1.27
w-2048	f-s4095	firstbyte	11	1450.0	362.5000	362.5000	1.27
w-2048	f-s4095	trie	11	130.0	32.5000	32.5000	1.27
w-2048	f-s4095	hash2	11	130.0	32.5000	32.5000	1.27
w-2048	f-s4095	hash4	11	2370.0	592.5000	592.5000	1.27
w-2048	f-s4095	vm	11	190.0	47.5000	47.5000	1.27
w-2048	f-s0	serial	11	27970.0	6992.5000	6992.5000	1.27
w-2048	f-s0	firstbyte	11	1520.0	380.0000	380.0000	1.27
w-2048	f-s0	trie	11	180.0	45.0000	45.0000	1.27
w-2048	f-s0	hash2	11	140.0	35.0000	35.0000	1.27
w-2048	f-s0	hash4	11	2480.0	620.0000	620.0000	1.27
w-2048	f-s0	vm	11	160.0	40.0000	40.0000	1.27
w-2048	t-128k-clean	serial	11	846125454.0	6455.4249	6455.4249	1.23
w-2048	t-128k-clean	firstbyte	11	42263366.0	322.4439	322.4439	1.23
w-2048	t-128k-clean	trie	11	7110124.0	54.2459	54.2459	1.23
w-2048	t-128k-clean	hash2	11	5361683.0	40.9064	40.9064	1.23
w-2048	t-128k-clean	hash4	11	75999291.0	579.8286	579.8286	1.23
w-2048	t-128k-clean	vm	11	7011653.0	53.4947	53.4947	1.23
w-2048	f-w511	serial	11	39740.0	6623.3333	6623.3333	1.23
w-2048	f-w511	firstbyte	11	2250.0	375.0000	375.0000	1.23
w-2048	f-w511	trie	11	310.0	51.6667	51.6667	1.23
w-2048	f-w511	hash2	11	230.0	38.3333	38.3333	1.23
w-2048	f-w511	hash4	11	3660.0	610.0000	610.0000	1.23
w-2048	f-w511	vm	11	300.0	50.0000	50.0000	1.23
w-2048	f-prefix	serial	11	95200.0	8654.5455	8654.5455	1.23
w-2048	f-prefix	firstbyte	11	4240.0	385.4545	385.4545	1.23
w-2048	f-prefix	trie	11	520.0	47.2727	47.2727	1.23
w-2048	f-prefix	hash2	11	450.0	40.9091	40.9091	1.23
w-2048	f-prefix	hash4	11	6460.0	587.2727	587.2727	1.23
w-2048	f-prefix	vm	11	490.0	44.5455	44.5455	1.23
w-2048	f-w2047	serial	11	68460.0	8557.5000	8557.5000	1.23
w-2048	f-w2047	firstbyte	11	3450.0	431.2500	431.2500	1.23
w-2048	f-w2047	trie	11	410.0	51.2500	51.2500	1.23
w-2048	f-w2047	hash2	11	360.0	45.0000	45.0000	1.23
w-2048	f-w2047	hash4	11	4820.0	602.5000	602.5000	1.23
w-2048	f-w2047	vm	11	420.0	52.5000	52.5000	1.23
w-2048	f-w7	serial	11	20800.0	5200.0000	5200.0000	1.23
w-2048	f-w7	firstbyte	11	1240.0	310.0000	310.0000	1.23
w-2048	f-w7	trie	11	190.0	47.5000	47.5000	1.23
w-2048	f-w7	hash2	11	140.0	35.0000	35.0000	1.23
w-2048	f-w7	hash4	11	2320.0	580.0000	580.0000	1.23
w-2048	f-w7	vm	11	180.0	45.0000	45.0000	1.23
w-2048	t-512k-sparse	serial	11	3384983110.0	6456.3429	6456.3429	1.15
w-2048	t-512k-sparse	firstbyte	11	170314313.0	324.8488	324.8488	1.15
w-2048	t-512k-sparse	trie	11	28386003.0	54.1420	54.1420	1.15
w-2048	t-512k-sparse	hash2	11	21485201.0	40.9798	40.9798	1.15
w-2048	t-512k-sparse	hash4	11	304927320.0	581.6027	581.6027	1.13
w-2048	t-512k-sparse	vm	11	28071140.0	53.5415	53.5415	1.13
w-2048	t-128k-dense	serial	11	847894935.0	6468.9250	6468.9250	1.11
w-2048	t-128k-dense	firstbyte	11	42575479.0	324.8251	324.8251	1.11
w-2048	t-128k-dense	trie	11	7155004.0	54.5883	54.5883	1.11
w-2048	t-128k-dense	hash2	11	5380153.0	41.0473	41.0473	1.11
w-2048	t-128k-dense	hash4	11	76276863.0	581.9463	581.9463	1.11
w-2048	t-128k-dense	vm	11	7101863.0	54.1829	54.1829	1.11
w-2048	f-sh1	serial	11	36940.0	7388.0000	7388.0000	1.11
w-2048	f-sh1	firstbyte	11	1870.0	374.0000	374.0000	1.11
w-2048	f-sh1	trie	11	240.0	48.0000	48.0000	1.11
w-2048	f-sh1	hash2	11	160.0	32.0000	32.0000	1.11
w-2048	f-sh1	hash4	11	3000.0	600.0000	600.0000	1.11
w-2048	f-sh1	vm	11	250.0	50.0000	50.0000	1.11
w-2048	f-glued	serial	11	131950.0	7330.5556	7330.5556	1.11
w-2048	f-glued	firstbyte	11	6290.0	349.4444	349.4444	1.11
w-2048	f-glued	trie	11	750.0	41.6667	41.6667	1.11
w-2048	f-glued	hash2	11	700.0	38.8889	38.8889	1.11
w-2048	f-glued	hash4	11	10500.0	583.3333	583.3333	1.11
w-2048	f-glued	vm	11	760.0	42.2222	42.2222	1.11
w-2048	f-w255	serial	11	47931.0	6847.2857	6847.2857	1.11
w-2048	f-w255	firstbyte	11	2640.0	377.1429	377.1429	1.11
w-2048	f-w255	trie	11	300.0	42.8571	42.8571	1.11
w-2048	f-w255	hash2	11	260.0	37.1429	37.1429	1.11
w-2048	f-w255	hash4	11	4310.0	615.7143	615.7143	1.11
w-2048	f-w255	vm	11	290.0	41.4286	41.4286	1.11
w-2048	f-pfx3	serial	11	66650.0	8331.2500	8331.2500	1.11
w-2048	f-pfx3	firstbyte	11	3190.0	398.7500	398.7500	1.11
w-2048	f-pfx3	trie	11	330.0	41.2500	41.2500	1.11
w-2048	f-pfx3	hash2	11	270.0	33.7500	33.7500	1.11
w-2048	f-pfx3	hash4	11	4680.0	585.0000	585.0000	1.11
w-2048	f-pfx3	vm	11	360.0	45.0000	45.0000	1.11
w-2048	t-128k-sparse	serial	11	844423944.0	6442.4434	6442.4434	1.10
w-2048	t-128k-sparse	firstbyte	11	42280296.0	322.5731	322.5731	1.10
w-2048	t-128k-sparse	trie	11	7104343.0	54.2018	54.2018	1.10
w-2048	t-128k-sparse	hash2	11	5388033.0	41.1074	41.1074	1.10
w-2048	t-128k-sparse	hash4	11	75846240.0	578.6609	578.6609	1.09
w-2048	t-128k-sparse	vm	11	7005723.0	53.4494	53.4494	1.09
w-2048	f-bg	serial	11	66590.0	8323.7500	8323.7500	1.09
w-2048	f-bg	firstbyte	11	2990.0	373.7500	373.7500	1.09
w-2048	f-bg	trie	11	270.0	33.7500	33.7500	1.09
w-2048	f-bg	hash2	11	300.0	37.5000	37.5000	1.09
w-2048	f-bg	hash4	11	4930.0	616.2500	616.2500	1.09
w-2048	f-bg	vm	11	330.0	41.2500	41.2500	1.09
w-2048	f-upper	serial	11	85360.0	7113.3333	7113.3333	1.09
w-2048	f-upper	firstbyte	11	150.0	12.5000	12.5000	1.09
w-2048	f-upper	trie	11	290.0	24.1667	24.1667	1.09
w-2048	f-upper	hash2	11	220.0	18.3333	18.3333	1.09
w-2048	f-upper	hash4	11	6030.0	502.5000	502.5000	1.09
w-2048	f-upper	vm	11	270.0	22.5000	22.5000	1.09
w-2048	f-near	serial	11	98841.0	8236.7500	8236.7500	1.09
w-2048	f-near	firstbyte	11	4750.0	395.8333	395.8333	1.09
w-2048	f-near	trie	11	550.0	45.8333	45.8333	1.09
w-2048	f-near	hash2	11	510.0	42.5000	42.5000	1.09
w-2048	f-near	hash4	11	6980.0	581.6667	581.6667	1.09
w-2048	f-near	vm	11	570.0	47.5000	47.5000	1.09
w-2048	f-sfx	serial	11	77210.0	8578.8889	8578.8889	1.09
w-2048	f-sfx	firstbyte	11	3740.0	415.5556	415.5556	1.09
w-2048	f-sfx	trie	11	430.0	47.7778	47.7778	1.09
w-2048	f-sfx	hash2	11	360.0	40.0000	40.0000	1.09
w-2048	f-sfx	hash4	11	5330.0	592.2222	592.2222	1.09
w-2048	f-sfx	vm	11	430.0	47.7778	47.7778	1.09
srt-1024	f-cnt2	serial	11	51010.0	3188.1250	3188.1250	1.09
srt-1024	f-cnt2	firstbyte	11	2750.0	171.8750	171.8750	1.09
srt-1024	f-cnt2	trie	11	830.0	51.8750	51.8750	1.09
srt-1024	f-cnt2	hash2	11	500.0	31.2500	31.2500	1.09
srt-1024	f-cnt2	hash4	11	5160.0	322.5000	322.5000	1.09
srt-1024	f-cnt2	vm	11	830.0	51.8750	51.8750	1.09
srt-1024	f-nar4	serial	11	33390.0	3710.0000	3710.0000	1.09
srt-1024	f-nar4	firstbyte	11	1760.0	195.5556	195.5556	1.09
srt-1024	f-nar4	trie	11	380.0	42.2222	42.2222	1.09
srt-1024	f-nar4	hash2	11	300.0	33.3333	33.3333	1.09
srt-1024	f-nar4	hash4	11	2870.0	318.8889	318.8889	1.09
srt-1024	f-nar4	vm	11	390.0	43.3333	43.3333	1.09
srt-1024	f-w0	serial	11	42220.0	3518.3333	3518.3333	1.09
srt-1024	f-w0	firstbyte	11	2020.0	168.3333	168.3333	1.09
srt-1024	f-w0	trie	11	570.0	47.5000	47.5000	1.09
srt-1024	f-w0	hash2	11	350.0	29.1667	29.1667	1.09
srt-1024	f-w0	hash4	11	3890.0	324.1667	324.1667	1.09
srt-1024	f-w0	vm	11	570.0	47.5000	47.5000	1.09
srt-1024	f-s4095	serial	11	12140.0	3035.0000	3035.0000	1.09
srt-1024	f-s4095	firstbyte	11	720.0	180.0000	180.0000	1.09
srt-1024	f-s4095	trie	11	170.0	42.5000	42.5000	1.09
srt-1024	f-s4095	hash2	11	110.0	27.5000	27.5000	1.09
srt-1024	f-s4095	hash4	11	1290.0	322.5000	322.5000	1.09
srt-1024	f-s4095	vm	11	180.0	45.0000	45.0000	1.09
srt-1024	f-s0	serial	11	12260.0	3065.0000	3065.0000	1.09
srt-1024	f-s0	firstbyte	11	660.0	165.0000	165.0000	1.09
srt-1024	f-s0	trie	11	140.0	35.0000	35.0000	1.09
srt-1024	f-s0	hash2	11	130.0	32.5000	32.5000	1.09
srt-1024	f-s0	hash4	11	1300.0	325.0000	325.0000	1.09
srt-1024	f-s0	vm	11	170.0	42.5000	42.5000	1.09
srt-1024	t-128k-clean	serial	11	366989126.0	2799.9048	2799.9048	1.09
srt-1024	t-128k-clean	firstbyte	11	19619589.0	149.6856	149.6856	1.09
srt-1024	t-128k-clean	trie	11	6270208.0	47.8379	47.8379	1.09
srt-1024	t-128k-clean	hash2	11	4483817.0	34.2088	34.2088	1.09
srt-1024	t-128k-clean	hash4	11	41808694.0	318.9750	318.9750	1.08
srt-1024	t-128k-clean	vm	11	6165448.0	47.0386	47.0386	1.08
srt-1024	f-w511	serial	11	18680.0	3113.3333	3113.3333	1.08
srt-1024	f-w511	firstbyte	11	1040.0	173.3333	173.3333	1.08
srt-1024	f-w511	trie	11	300.0	50.0000	50.0000	1.08
srt-1024	f-w511	hash2	11	190.0	31.6667	31.6667	1.08
srt-1024	f-w511	hash4	11	2000.0	333.3333	333.3333	1.08
srt-1024	f-w511	vm	11	250.0	41.6667	41.6667	1.08
srt-1024	f-prefix	serial	11	40230.0	3657.2727	3657.2727	1.08
srt-1024	f-prefix	firstbyte	11	1950.0	177.2727	177.2727	1.08
srt-1024	f-prefix	trie	11	570.0	51.8182	51.8182	1.08
srt-1024	f-prefix	hash2	11	340.0	30.9091	30.9091	1.08
srt-1024	f-prefix	hash4	11	3540.0	321.8182	321.8182	1.08
srt-1024	f-prefix	vm	11	540.0	49.0909	49.0909	1.08
srt-1024	f-w2047	serial	11	28490.0	3561.2500	3561.2500	1.08
srt-1024	f-w2047	firstbyte	11	1570.0	196.2500	196.2500	1.08
srt-1024	f-w2047	trie	11	410.0	51.2500	51.2500	1.08
srt-1024	f-w2047	hash2	11	260.0	32.5000	32.5000	1.08
srt-1024	f-w2047	hash4	11	2610.0	326.2500	326.2500	1.08
srt-1024	f-w2047	vm	11	360.0	45.0000	45.0000	1.08
srt-1024	f-w7	serial	11	11090.0	2772.5000	2772.5000	1.08
srt-1024	f-w7	firstbyte	11	630.0	157.5000	157.5000	1.08
srt-1024	f-w7	trie	11	200.0	50.0000	50.0000	1.08
srt-1024	f-w7	hash2	11	110.0	27.5000	27.5000	1.08
srt-1024	f-w7	hash4	11	1310.0	327.5000	327.5000	1.08
srt-1024	f-w7	vm	11	210.0	52.5000	52.5000	1.08
srt-1024	t-512k-sparse	serial	11	1470587464.0	2804.9230	2804.9230	1.06
srt-1024	t-512k-sparse	firstbyte	11	78619287.0	149.9544	149.9544	1.06
srt-1024	t-512k-sparse	trie	11	25158643.0	47.9863	47.9863	1.06
srt-1024	t-512k-sparse	hash2	11	17973289.0	34.2813	34.2813	1.06
srt-1024	t-512k-sparse	hash4	11	167146254.0	318.8062	318.8062	1.06
srt-1024	t-512k-sparse	vm	11	24731250.0	47.1711	47.1711	1.06
srt-1024	t-128k-dense	serial	11	367348130.0	2802.6438	2802.6438	1.05
srt-1024	t-128k-dense	firstbyte	11	19747500.0	150.6615	150.6615	1.05
srt-1024	t-128k-dense	trie	11	6341689.0	48.3832	48.3832	1.05
srt-1024	t-128k-dense	hash2	11	4560778.0	34.7960	34.7960	1.05
srt-1024	t-128k-dense	hash4	11	41832504.0	319.1567	319.1567	1.05
srt-1024	t-128k-dense	vm	11	6239438.0	47.6031	47.6031	1.05
srt-1024	f-sh1	serial	11	16190.0	3238.0000	3238.0000	1.05
srt-1024	f-sh1	firstbyte	11	880.0	176.0000	176.0000	1.05
srt-1024	f-sh1	trie	11	260.0	52.0000	52.0000	1.05
srt-1024	f-sh1	hash2	11	130.0	26.0000	26.0000	1.05
srt-1024	f-sh1	hash4	11	1590.0	318.0000	318.0000	1.05
srt-1024	f-sh1	vm	11	230.0	46.0000	46.0000	1.05
srt-1024	f-glued	serial	11	59250.0	3291.6667	3291.6667	1.05
srt-1024	f-glued	firstbyte	11	2950.0	163.8889	163.8889	1.05
srt-1024	f-glued	trie	11	910.0	50.5556	50.5556	1.05
srt-1024	f-glued	hash2	11	530.0	29.4444	29.4444	1.05
srt-1024	f-glued	hash4	11	5810.0	322.7778	322.7778	1.05
srt-1024	f-glued	vm	11	900.0	50.0000	50.0000	1.05
srt-1024	f-w255	serial	11	22390.0	3198.5714	3198.5714	1.05
srt-1024	f-w255	firstbyte	11	1370.0	195.7143	195.7143	1.05
srt-1024	f-w255	trie	11	400.0	57.1429	57.1429	1.05
srt-1024	f-w255	hash2	11	240.0	34.2857	34.2857	1.05
srt-1024	f-w255	hash4	11	2350.0	335.7143	335.7143	1.05
srt-1024	f-w255	vm	11	370.0	52.8571	52.8571	1.05
srt-1024	f-pfx3	serial	11	28670.0	3583.7500	3583.7500	1.05
srt-1024	f-pfx3	firstbyte	11	1380.0	172.5000	172.5000	1.05
srt-1024	f-pfx3	trie	11	430.0	53.7500	53.7500	1.05
srt-1024	f-pfx3	hash2	11	250.0	31.2500	31.2500	1.05
srt-1024	f-pfx3	hash4	11	2540.0	317.5000	317.5000	1.05
srt-1024	f-pfx3	vm	11	380.0	47.5000	47.5000	1.05
srt-1024	t-128k-sparse	serial	11	367844172.0	2806.4283	2806.4283	1.05
srt-1024	t-128k-sparse	firstbyte	11	19532509.0	149.0212	149.0212	1.05
srt-1024	t-128k-sparse	trie	11	6276088.0	47.8828	47.8828	1.05
srt-1024	t-128k-sparse	hash2	11	4518218.0	34.4713	34.4713	1.05
srt-1024	t-128k-sparse	hash4	11	41878704.0	319.5092	319.5092	1.05
srt-1024	t-128k-sparse	vm	11	6192578.0	47.2456	47.2456	1.05
srt-1024	f-bg	serial	11	28830.0	3603.7500	3603.7500	1.05
srt-1024	f-bg	firstbyte	11	1430.0	178.7500	178.7500	1.05
srt-1024	f-bg	trie	11	320.0	40.0000	40.0000	1.05
srt-1024	f-bg	hash2	11	300.0	37.5000	37.5000	1.05
srt-1024	f-bg	hash4	11	2600.0	325.0000	325.0000	1.05
srt-1024	f-bg	vm	11	350.0	43.7500	43.7500	1.05
srt-1024	f-upper	serial	11	42081.0	3506.7500	3506.7500	1.05
srt-1024	f-upper	firstbyte	11	150.0	12.5000	12.5000	1.05
srt-1024	f-upper	trie	11	300.0	25.0000	25.0000	1.05
srt-1024	f-upper	hash2	11	220.0	18.3333	18.3333	1.05
srt-1024	f-upper	hash4	11	4260.0	355.0000	355.0000	1.05
srt-1024	f-upper	vm	11	290.0	24.1667	24.1667	1.05
srt-1024	f-near	serial	11	42861.0	3571.7500	3571.7500	1.05
srt-1024	f-near	firstbyte	11	2170.0	180.8333	180.8333	1.05
srt-1024	f-near	trie	11	600.0	50.0000	50.0000	1.05
srt-1024	f-near	hash2	11	400.0	33.3333	33.3333	1.05
srt-1024	f-near	hash4	11	3900.0	325.0000	325.0000	1.05
srt-1024	f-near	vm	11	600.0	50.0000	50.0000	1.05
srt-1024	f-sfx	serial	11	32810.0	3645.5556	3645.5556	1.05
srt-1024	f-sfx	firstbyte	11	1720.0	191.1111	191.1111	1.05
srt-1024	f-sfx	trie	11	420.0	46.6667	46.6667	1.05
srt-1024	f-sfx	hash2	11	320.0	35.5556	35.5556	1.05
srt-1024	f-sfx	hash4	11	2900.0	322.2222	322.2222	1.05
srt-1024	f-sfx	vm	11	390.0	43.3333	43.3333	1.05
ci-1024	f-cnt2	serial	11	54110.0	3381.8750	3381.8750	1.05
ci-1024	f-cnt2	firstbyte	11	2590.0	161.8750	161.8750	1.05
ci-1024	f-cnt2	trie	11	680.0	42.5000	42.5000	1.05
ci-1024	f-cnt2	hash2	11	520.0	32.5000	32.5000	1.05
ci-1024	f-cnt2	hash4	11	5680.0	355.0000	355.0000	1.05
ci-1024	f-cnt2	vm	11	650.0	40.6250	40.6250	1.05
ci-1024	f-nar4	serial	11	37430.0	4158.8889	4158.8889	1.05
ci-1024	f-nar4	firstbyte	11	1880.0	208.8889	208.8889	1.05
ci-1024	f-nar4	trie	11	410.0	45.5556	45.5556	1.05
ci-1024	f-nar4	hash2	11	310.0	34.4444	34.4444	1.05
ci-1024	f-nar4	hash4	11	3230.0	358.8889	358.8889	1.05
ci-1024	f-nar4	vm	11	410.0	45.5556	45.5556	1.05
ci-1024	f-w0	serial	11	45140.0	3761.6667	3761.6667	1.05
ci-1024	f-w0	firstbyte	11	2030.0	169.1667	169.1667	1.05
ci-1024	f-w0	trie	11	450.0	37.5000	37.5000	1.05
ci-1024	f-w0	hash2	11	380.0	31.6667	31.6667	1.05
ci-1024	f-w0	hash4	11	4220.0	351.6667	351.6667	1.05
ci-1024	f-w0	vm	11	490.0	40.8333	40.8333	1.05
ci-1024	f-s4095	serial	11	14370.0	3592.5000	3592.5000	1.05
ci-1024	f-s4095	firstbyte	11	710.0	177.5000	177.5000	1.05
ci-1024	f-s4095	trie	11	140.0	35.0000	35.0000	1.05
ci-1024	f-s4095	hash2	11	120.0	30.0000	30.0000	1.05
ci-1024	f-s4095	hash4	11	1450.0	362.5000	362.5000	1.05
ci-1024	f-s4095	vm	11	160.0	40.0000	40.0000	1.05
ci-1024	f-s0	serial	11	14180.0	3545.0000	3545.0000	1.05
ci-1024	f-s0	firstbyte	11	720.0	180.0000	180.0000	1.05
ci-1024	f-s0	trie	11	180.0	45.0000	45.0000	1.05
ci-1024	f-s0	hash2	11	120.0	30.0000	30.0000	1.05
ci-1024	f-s0	hash4	11	1490.0	372.5000	372.5000	1.05
ci-1024	f-s0	vm	11	150.0	37.5000	37.5000	1.05
ci-1024	t-128k-clean	serial	11	425094549.0	3243.2140	3243.2140	1.04
ci-1024	t-128k-clean	firstbyte	11	20709796.0	158.0032	158.0032	1.04
ci-1024	t-128k-clean	trie	11	6319578.0	48.2146	48.2146	1.04
ci-1024	t-128k-clean	hash2	11	4560188.0	34.7915	34.7915	1.04
ci-1024	t-128k-clean	hash4	11	45641097.0	348.2139	348.2139	1.04
ci-1024	t-128k-clean	vm	11	6300698.0	48.0705	48.0705	1.04
ci-1024	f-w511	serial	11	20880.0	3480.0000	3480.0000	1.04
ci-1024	f-w511	firstbyte	11	1130.0	188.3333	188.3333	1.04
ci-1024	f-w511	trie	11	290.0	48.3333	48.3333	1.04
ci-1024	f-w511	hash2	11	180.0	30.0000	30.0000	1.04
ci-1024	f-w511	hash4	11	2130.0	355.0000	355.0000	1.04
ci-1024	f-w511	vm	11	280.0	46.6667	46.6667	1.04
ci-1024	f-prefix	serial	11	45860.0	4169.0909	4169.0909	1.04
ci-1024	f-prefix	firstbyte	11	2020.0	183.6364	183.6364	1.04
ci-1024	f-prefix	trie	11	490.0	44.5455	44.5455	1.04
ci-1024	f-prefix	hash2	11	350.0	31.8182	31.8182	1.04
ci-1024	f-prefix	hash4	11	3840.0	349.0909	349.0909	1.04
ci-1024	f-prefix	vm	11	460.0	41.8182	41.8182	1.04
ci-1024	f-w2047	serial	11	32741.0	4092.6250	4092.6250	1.04
ci-1024	f-w2047	firstbyte	11	1640.0	205.0000	205.0000	1.04
ci-1024	f-w2047	trie	11	390.0	48.7500	48.7500	1.04
ci-1024	f-w2047	hash2	11	250.0	31.2500	31.2500	1.04
ci-1024	f-w2047	hash4	11	2830.0	353.7500	353.7500	1.04
ci-1024	f-w2047	vm	11	370.0	46.2500	46.2500	1.04
ci-1024	f-w7	serial	11	10550.0	2637.5000	2637.5000	1.04
ci-1024	f-w7	firstbyte	11	540.0	135.0000	135.0000	1.04
ci-1024	f-w7	trie	11	180.0	45.0000	45.0000	1.04
ci-1024	f-w7	hash2	11	120.0	30.0000	30.0000	1.04
ci-1024	f-w7	hash4	11	1400.0	350.0000	350.0000	1.04
ci-1024	f-w7	vm	11	180.0	45.0000	45.0000	1.04
ci-1024	t-512k-sparse	serial	11	1695856671.0	3234.5899	3234.5899	1.09
ci-1024	t-512k-sparse	firstbyte	11	82771762.0	157.8746	157.8746	1.08
ci-1024	t-512k-sparse	trie	11	25328174.0	48.3097	48.3097	1.08
ci-1024	t-512k-sparse	hash2	11	18247981.0	34.8053	34.8053	1.08
ci-1024	t-512k-sparse	hash4	11	183184882.0	349.3974	349.3974	1.08
ci-1024	t-512k-sparse	vm	11	25182233.0	48.0313	48.0313	1.08
ci-1024	t-128k-dense	serial	11	423732111.0	3232.8195	3232.8195	1.08
ci-1024	t-128k-dense	firstbyte	11	21158948.0	161.4300	161.4300	1.08
ci-1024	t-128k-dense	trie	11	6384218.0	48.7077	48.7077	1.08
ci-1024	t-128k-dense	hash2	11	4607238.0	35.1504	35.1504	1.08
ci-1024	t-128k-dense	hash4	11	45950039.0	350.5710	350.5710	1.08
ci-1024	t-128k-dense	vm	11	6343618.0	48.3980	48.3980	1.08
ci-1024	f-sh1	serial	11	19000.0	3800.0000	3800.0000	1.08
ci-1024	f-sh1	firstbyte	11	900.0	180.0000	180.0000	1.08
ci-1024	f-sh1	trie	11	250.0	50.0000	50.0000	1.08
ci-1024	f-sh1	hash2	11	130.0	26.0000	26.0000	1.08
ci-1024	f-sh1	hash4	11	1780.0	356.0000	356.0000	1.08
ci-1024	f-sh1	vm	11	300.0	60.0000	60.0000	1.08
ci-1024	f-glued	serial	11	64500.0	3583.3333	3583.3333	1.08
ci-1024	f-glued	firstbyte	11	2920.0	162.2222	162.2222	1.08
ci-1024	f-glued	trie	11	710.0	39.4444	39.4444	1.08
ci-1024	f-glued	hash2	11	550.0	30.5556	30.5556	1.08
ci-1024	f-glued	hash4	11	6190.0	343.8889	343.8889	1.08
ci-1024	f-glued	vm	11	690.0	38.3333	38.3333	1.08
ci-1024	f-w255	serial	11	24250.0	3464.2857	3464.2857	1.08
ci-1024	f-w255	firstbyte	11	1320.0	188.5714	188.5714	1.08
ci-1024	f-w255	trie	11	300.0	42.8571	42.8571	1.08
ci-1024	f-w255	hash2	11	240.0	34.2857	34.2857	1.08
ci-1024	f-w255	hash4	11	2630.0	375.7143	375.7143	1.08
ci-1024	f-w255	vm	11	290.0	41.4286	41.4286	1.08
ci-1024	f-pfx3	serial	11	32681.0	4085.1250	4085.1250	1.08
ci-1024	f-pfx3	firstbyte	11	1460.0	182.5000	182.5000	1.08
ci-1024	f-pfx3	trie	11	350.0	43.7500	43.7500	1.08
ci-1024	f-pfx3	hash2	11	250.0	31.2500	31.2500	1.08
ci-1024	f-pfx3	hash4	11	2770.0	346.2500	346.2500	1.08
ci-1024	f-pfx3	vm	11	360.0	45.0000	45.0000	1.08
ci-1024	t-128k-sparse	serial	11	423983102.0	3234.7344	3234.7344	1.15
ci-1024	t-128k-sparse	firstbyte	11	20660035.0	157.6236	157.6236	1.15
ci-1024	t-128k-sparse	trie	11	6319528.0	48.2142	48.2142	1.15
ci-1024	t-128k-sparse	hash2	11	4570518.0	34.8703	34.8703	1.14
ci-1024	t-128k-sparse	hash4	11	45732057.0	348.9079	348.9079	1.14
ci-1024	t-128k-sparse	vm	11	6279238.0	47.9068	47.9068	1.14
ci-1024	f-bg	serial	11	32600.0	4075.0000	4075.0000	1.14
ci-1024	f-bg	firstbyte	11	1540.0	192.5000	192.5000	1.14
ci-1024	f-bg	trie	11	340.0	42.5000	42.5000	1.14
ci-1024	f-bg	hash2	11	260.0	32.5000	32.5000	1.14
ci-1024	f-bg	hash4	11	2960.0	370.0000	370.0000	1.14
ci-1024	f-bg	vm	11	340.0	42.5000	42.5000	1.14
ci-1024	f-upper	serial	11	44881.0	3740.0833	3740.0833	1.14
ci-1024	f-upper	firstbyte	11	2000.0	166.6667	166.6667	1.14
ci-1024	f-upper	trie	11	490.0	40.8333	40.8333	1.14
ci-1024	f-upper	hash2	11	380.0	31.6667	31.6667	1.14
ci-1024	f-upper	hash4	11	4210.0	350.8333	350.8333	1.14
ci-1024	f-upper	vm	11	500.0	41.6667	41.6667	1.14
ci-1024	f-near	serial	11	47850.0	3987.5000	3987.5000	1.14
ci-1024	f-near	firstbyte	11	2220.0	185.0000	185.0000	1.14
ci-1024	f-near	trie	11	520.0	43.3333	43.3333	1.14
ci-1024	f-near	hash2	11	360.0	30.0000	30.0000	1.14
ci-1024	f-near	hash4	11	4110.0	342.5000	342.5000	1.14
ci-1024	f-near	vm	11	500.0	41.6667	41.6667	1.14
ci-1024	f-sfx	serial	11	36860.0	4095.5556	4095.5556	1.14
ci-1024	f-sfx	firstbyte	11	1890.0	210.0000	210.0000	1.14
ci-1024	f-sfx	trie	11	410.0	45.5556	45.5556	1.14
ci-1024	f-sfx	hash2	11	320.0	35.5556	35.5556	1.14
ci-1024	f-sfx	hash4	11	3220.0	357.7778	357.7778	1.14
ci-1024	f-sfx	vm	11	430.0	47.7778	47.7778	1.14
ci-256	f-cnt2	serial	11	12230.0	764.3750	764.3750	1.14
ci-256	f-cnt2	firstbyte	11	700.0	43.7500	43.7500	1.14
ci-256	f-cnt2	trie	11	580.0	36.2500	36.2500	1.14
ci-256	f-cnt2	hash2	11	400.0	25.0000	25.0000	1.14
ci-256	f-cnt2	hash4	11	2070.0	129.3750	129.3750	1.14
ci-256	f-cnt2	vm	11	530.0	33.1250	33.1250	1.14
ci-256	f-nar4	serial	11	8280.0	920.0000	920.0000	1.14
ci-256	f-nar4	firstbyte	11	460.0	51.1111	51.1111	1.14
ci-256	f-nar4	trie	11	370.0	41.1111	41.1111	1.14
ci-256	f-nar4	hash2	11	230.0	25.5556	25.5556	1.14
ci-256	f-nar4	hash4	11	1140.0	126.6667	126.6667	1.14
ci-256	f-nar4	vm	11	360.0	40.0000	40.0000	1.14
ci-256	f-w0	serial	11	9920.0	826.6667	826.6667	1.14
ci-256	f-w0	firstbyte	11	550.0	45.8333	45.8333	1.14
ci-256	f-w0	trie	11	340.0	28.3333	28.3333	1.14
ci-256	f-w0	hash2	11	290.0	24.1667	24.1667	1.14
ci-256	f-w0	hash4	11	1590.0	132.5000	132.5000	1.14
ci-256	f-w0	vm	11	340.0	28.3333	28.3333	1.14
ci-256	f-s4095	serial	11	3440.0	860.0000	860.0000	1.14
ci-256	f-s4095	firstbyte	11	210.0	52.5000	52.5000	1.14
ci-256	f-s4095	trie	11	120.0	30.0000	30.0000	1.14
ci-256	f-s4095	hash2	11	100.0	25.0000	25.0000	1.14
ci-256	f-s4095	hash4	11	470.0	117.5000	117.5000	1.14
ci-256	f-s4095	vm	11	130.0	32.5000	32.5000	1.14
ci-256	f-s0	serial	11	3530.0	882.5000	882.5000	1.14
ci-256	f-s0	firstbyte	11	250.0	62.5000	62.5000	1.14
ci-256	f-s0	trie	11	150.0	37.5000	37.5000	1.14
ci-256	f-s0	hash2	11	100.0	25.0000	25.0000	1.14
ci-256	f-s0	hash4	11	490.0	122.5000	122.5000	1.14
ci-256	f-s0	vm	11	120.0	30.0000	30.0000	1.14
ci-256	t-128k-clean	serial	11	100825752.0	769.2394	769.2394	1.14
ci-256	t-128k-clean	firstbyte	11	5641315.0	43.0398	43.0398	1.14
ci-256	t-128k-clean	trie	11	4636548.0	35.3741	35.3741	1.14
ci-256	t-128k-clean	hash2	11	3414501.0	26.0506	26.0506	1.14
ci-256	t-128k-clean	hash4	11	17348376.0	132.3576	132.3576	1.14
ci-256	t-128k-clean	vm	11	4486917.0	34.2325	34.2325	1.14
ci-256	f-w511	serial	11	5510.0	918.3333	918.3333	1.14
ci-256	f-w511	firstbyte	11	340.0	56.6667	56.6667	1.14
ci-256	f-w511	trie	11	200.0	33.3333	33.3333	1.14
ci-256	f-w511	hash2	11	120.0	20.0000	20.0000	1.14
ci-256	f-w511	hash4	11	800.0	133.3333	133.3333	1.14
ci-256	f-w511	vm	11	170.0	28.3333	28.3333	1.14
ci-256	f-prefix	serial	11	10060.0	914.5455	914.5455	1.14
ci-256	f-prefix	firstbyte	11	530.0	48.1818	48.1818	1.14
ci-256	f-prefix	trie	11	370.0	33.6364	33.6364	1.14
ci-256	f-prefix	hash2	11	270.0	24.5455	24.5455	1.14
ci-256	f-prefix	hash4	11	1400.0	127.2727	127.2727	1.14
ci-256	f-prefix	vm	11	380.0	34.5455	34.5455	1.14
ci-256	f-w2047	serial	11	7400.0	925.0000	925.0000	1.14
ci-256	f-w2047	firstbyte	11	450.0	56.2500	56.2500	1.14
ci-256	f-w2047	trie	11	290.0	36.2500	36.2500	1.14
ci-256	f-w2047	hash2	11	180.0	22.5000	22.5000	1.14
ci-256	f-w2047	hash4	11	1000.0	125.0000	125.0000	1.14
ci-256	f-w2047	vm	11	280.0	35.0000	35.0000	1.14
ci-256	f-w7	serial	11	2590.0	647.5000	647.5000	1.14
ci-256	f-w7	firstbyte	11	190.0	47.5000	47.5000	1.14
ci-256	f-w7	trie	11	150.0	37.5000	37.5000	1.14
ci-256	f-w7	hash2	11	100.0	25.0000	25.0000	1.14
ci-256	f-w7	hash4	11	500.0	125.0000	125.0000	1.14
ci-256	f-w7	vm	11	150.0	37.5000	37.5000	1.14
ci-256	t-512k-sparse	serial	11	403682380.0	769.9630	769.9630	1.13
ci-256	t-512k-sparse	firstbyte	11	22657858.0	43.2164	43.2164	1.13
ci-256	t-512k-sparse	trie	11	18586493.0	35.4509	35.4509	1.13
ci-256	t-512k-sparse	hash2	11	13681523.0	26.0954	26.0954	1.13
ci-256	t-512k-sparse	hash4	11	69449652.0	132.4647	132.4647	1.13
ci-256	t-512k-sparse	vm	11	18028089.0	34.3859	34.3859	1.13
ci-256	t-128k-dense	serial	11	100873233.0	769.6017	769.6017	1.12
ci-256	t-128k-dense	firstbyte	11	5698155.0	43.4735	43.4735	1.12
ci-256	t-128k-dense	trie	11	4668138.0	35.6151	35.6151	1.12
ci-256	t-128k-dense	hash2	11	3419451.0	26.0883	26.0883	1.12
ci-256	t-128k-dense	hash4	11	17326835.0	132.1933	132.1933	1.12
ci-256	t-128k-dense	vm	11	4521668.0	34.4976	34.4976	1.12
ci-256	f-sh1	serial	11	4520.0	904.0000	904.0000	1.12
ci-256	f-sh1	firstbyte	11	280.0	56.0000	56.0000	1.12
ci-256	f-sh1	trie	11	180.0	36.0000	36.0000	1.12
ci-256	f-sh1	hash2	11	110.0	22.0000	22.0000	1.12
ci-256	f-sh1	hash4	11	570.0	114.0000	114.0000	1.12
ci-256	f-sh1	vm	11	190.0	38.0000	38.0000	1.12
ci-256	f-glued	serial	11	14920.0	828.8889	828.8889	1.12
ci-256	f-glued	firstbyte	11	860.0	47.7778	47.7778	1.12
ci-256	f-glued	trie	11	620.0	34.4444	34.4444	1.12
ci-256	f-glued	hash2	11	450.0	25.0000	25.0000	1.12
ci-256	f-glued	hash4	11	2340.0	130.0000	130.0000	1.12
ci-256	f-glued	vm	11	580.0	32.2222	32.2222	1.12
ci-256	f-w255	serial	11	6370.0	910.0000	910.0000	1.12
ci-256	f-w255	firstbyte	11	460.0	65.7143	65.7143	1.12
ci-256	f-w255	trie	11	250.0	35.7143	35.7143	1.12
ci-256	f-w255	hash2	11	180.0	25.7143	25.7143	1.12
ci-256	f-w255	hash4	11	950.0	135.7143	135.7143	1.12
ci-256	f-w255	vm	11	240.0	34.2857	34.2857	1.12
ci-256	f-pfx3	serial	11	7320.0	915.0000	915.0000	1.12
ci-256	f-pfx3	firstbyte	11	440.0	55.0000	55.0000	1.12
ci-256	f-pfx3	trie	11	330.0	41.2500	41.2500	1.12
ci-256	f-pfx3	hash2	11	200.0	25.0000	25.0000	1.12
ci-256	f-pfx3	hash4	11	1010.0	126.2500	126.2500	1.12
ci-256	f-pfx3	vm	11	290.0	36.2500	36.2500	1.12
ci-256	t-128k-sparse	serial	11	100777671.0	768.8726	768.8726	1.12
ci-256	t-128k-sparse	firstbyte	11	5640324.0	43.0323	43.0323	1.12
ci-256	t-128k-sparse	trie	11	4642168.0	35.4169	35.4169	1.12
ci-256	t-128k-sparse	hash2	11	3405271.0	25.9802	25.9802	1.12
ci-256	t-128k-sparse	hash4	11	17406166.0	132.7985	132.7985	1.12
ci-256	t-128k-sparse	vm	11	4499928.0	34.3317	34.3317	1.12
ci-256	f-bg	serial	11	7430.0	928.7500	928.7500	1.12
ci-256	f-bg	firstbyte	11	450.0	56.2500	56.2500	1.12
ci-256	f-bg	trie	11	250.0	31.2500	31.2500	1.12
ci-256	f-bg	hash2	11	220.0	27.5000	27.5000	1.12
ci-256	f-bg	hash4	11	1020.0	127.5000	127.5000	1.12
ci-256	f-bg	vm	11	270.0	33.7500	33.7500	1.12
ci-256	f-upper	serial	11	10190.0	849.1667	849.1667	1.12
ci-256	f-upper	firstbyte	11	550.0	45.8333	45.8333	1.12
ci-256	f-upper	trie	11	430.0	35.8333	35.8333	1.12
ci-256	f-upper	hash2	11	310.0	25.8333	25.8333	1.12
ci-256	f-upper	hash4	11	1531.0	127.5833	127.5833	1.12
ci-256	f-upper	vm	11	410.0	34.1667	34.1667	1.12
ci-256	f-near	serial	11	10430.0	869.1667	869.1667	1.12
ci-256	f-near	firstbyte	11	550.0	45.8333	45.8333	1.12
ci-256	f-near	trie	11	400.0	33.3333	33.3333	1.12
ci-256	f-near	hash2	11	270.0	22.5000	22.5000	1.12
ci-256	f-near	hash4	11	1560.0	130.0000	130.0000	1.12
ci-256	f-near	vm	11	410.0	34.1667	34.1667	1.12
ci-256	f-sfx	serial	11	8160.0	906.6667	906.6667	1.12
ci-256	f-sfx	firstbyte	11	480.0	53.3333	53.3333	1.12
ci-256	f-sfx	trie	11	340.0	37.7778	37.7778	1.12
ci-256	f-sfx	hash2	11	220.0	24.4444	24.4444	1.12
ci-256	f-sfx	hash4	11	1200.0	133.3333	133.3333	1.12
ci-256	f-sfx	vm	11	310.0	34.4444	34.4444	1.12
w-512	f-cnt2	serial	11	25950.0	1621.8750	1621.8750	1.12
w-512	f-cnt2	firstbyte	11	1290.0	80.6250	80.6250	1.12
w-512	f-cnt2	trie	11	570.0	35.6250	35.6250	1.12
w-512	f-cnt2	hash2	11	440.0	27.5000	27.5000	1.12
w-512	f-cnt2	hash4	11	3340.0	208.7500	208.7500	1.12
w-512	f-cnt2	vm	11	600.0	37.5000	37.5000	1.12
w-512	f-nar4	serial	11	18091.0	2010.1111	2010.1111	1.12
w-512	f-nar4	firstbyte	11	930.0	103.3333	103.3333	1.12
w-512	f-nar4	trie	11	400.0	44.4444	44.4444	1.12
w-512	f-nar4	hash2	11	260.0	28.8889	28.8889	1.12
w-512	f-nar4	hash4	11	1900.0	211.1111	211.1111	1.12
w-512	f-nar4	vm	11	410.0	45.5556	45.5556	1.12
w-512	f-w0	serial	11	21490.0	1790.8333	1790.8333	1.12
w-512	f-w0	firstbyte	11	1010.0	84.1667	84.1667	1.12
w-512	f-w0	trie	11	430.0	35.8333	35.8333	1.12
w-512	f-w0	hash2	11	340.0	28.3333	28.3333	1.12
w-512	f-w0	hash4	11	2530.0	210.8333	210.8333	1.12
w-512	f-w0	vm	11	390.0	32.5000	32.5000	1.12
w-512	f-s4095	serial	11	7000.0	1750.0000	1750.0000	1.12
w-512	f-s4095	firstbyte	11	360.0	90.0000	90.0000	1.12
w-512	f-s4095	trie	11	140.0	35.0000	35.0000	1.12
w-512	f-s4095	hash2	11	100.0	25.0000	25.0000	1.12
w-512	f-s4095	hash4	11	850.0	212.5000	212.5000	1.12
w-512	f-s4095	vm	11	130.0	32.5000	32.5000	1.12
w-512	f-s0	serial	11	7211.0	1802.7500	1802.7500	1.12
w-512	f-s0	firstbyte	11	400.0	100.0000	100.0000	1.12
w-512	f-s0	trie	11	150.0	37.5000	37.5000	1.12
w-512	f-s0	hash2	11	100.0	25.0000	25.0000	1.12
w-512	f-s0	hash4	11	950.0	237.5000	237.5000	1.12
w-512	f-s0	vm	11	130.0	32.5000	32.5000	1.12
w-512	t-128k-clean	serial	11	210776639.0	1608.0981	1608.0981	1.12
w-512	t-128k-clean	firstbyte	11	10511594.0	80.1971	80.1971	1.12
w-512	t-128k-clean	trie	11	5229522.0	39.8981	39.8981	1.12
w-512	t-128k-clean	hash2	11	3876864.0	29.5781	29.5781	1.11
w-512	t-128k-clean	hash4	11	26976283.0	205.8127	205.8127	1.11
w-512	t-128k-clean	vm	11	5165101.0	39.4066	39.4066	1.11
w-512	f-w511	serial	11	11690.0	1948.3333	1948.3333	1.11
w-512	f-w511	firstbyte	11	640.0	106.6667	106.6667	1.11
w-512	f-w511	trie	11	290.0	48.3333	48.3333	1.11
w-512	f-w511	hash2	11	170.0	28.3333	28.3333	1.11
w-512	f-w511	hash4	11	1340.0	223.3333	223.3333	1.11
w-512	f-w511	vm	11	270.0	45.0000	45.0000	1.11
w-512	f-prefix	serial	11	21910.0	1991.8182	1991.8182	1.11
w-512	f-prefix	firstbyte	11	980.0	89.0909	89.0909	1.11
w-512	f-prefix	trie	11	460.0	41.8182	41.8182	1.11
w-512	f-prefix	hash2	11	340.0	30.9091	30.9091	1.11
w-512	f-prefix	hash4	11	2240.0	203.6364	203.6364	1.11
w-512	f-prefix	vm	11	410.0	37.2727	37.2727	1.11
w-512	f-w2047	serial	11	15851.0	1981.3750	1981.3750	1.11
w-512	f-w2047	firstbyte	11	800.0	100.0000	100.0000	1.11
w-512	f-w2047	trie	11	310.0	38.7500	38.7500	1.11
w-512	f-w2047	hash2	11	200.0	25.0000	25.0000	1.11
w-512	f-w2047	hash4	11	1690.0	211.2500	211.2500	1.11
w-512	f-w2047	vm	11	340.0	42.5000	42.5000	1.11
w-512	f-w7	serial	11	5350.0	1337.5000	1337.5000	1.11
w-512	f-w7	firstbyte	11	300.0	75.0000	75.0000	1.11
w-512	f-w7	trie	11	180.0	45.0000	45.0000	1.11
w-512	f-w7	hash2	11	110.0	27.5000	27.5000	1.11
w-512	f-w7	hash4	11	840.0	210.0000	210.0000	1.11
w-512	f-w7	vm	11	170.0	42.5000	42.5000	1.11
w-512	t-512k-sparse	serial	11	842901875.0	1607.7077	1607.7077	1.09
w-512	t-512k-sparse	firstbyte	11	42188266.0	80.4677	80.4677	1.09
w-512	t-512k-sparse	trie	11	21110809.0	40.2657	40.2657	1.09
w-512	t-512k-sparse	hash2	11	15663585.0	29.8759	29.8759	1.09
w-512	t-512k-sparse	hash4	11	108398747.0	206.7542	206.7542	1.09
w-512	t-512k-sparse	vm	11	20793696.0	39.6608	39.6608	1.09
w-512	t-128k-dense	serial	11	211026651.0	1610.0056	1610.0056	1.08
w-512	t-128k-dense	firstbyte	11	10631215.0	81.1097	81.1097	1.08
w-512	t-128k-dense	trie	11	5309682.0	40.5097	40.5097	1.08
w-512	t-128k-dense	hash2	11	3932013.0	29.9989	29.9989	1.08
w-512	t-128k-dense	hash4	11	27198576.0	207.5087	207.5087	1.08
w-512	t-128k-dense	vm	11	5222041.0	39.8410	39.8410	1.08
w-512	f-sh1	serial	11	9300.0	1860.0000	1860.0000	1.08
w-512	f-sh1	firstbyte	11	470.0	94.0000	94.0000	1.08
w-512	f-sh1	trie	11	210.0	42.0000	42.0000	1.08
w-512	f-sh1	hash2	11	120.0	24.0000	24.0000	1.08
w-512	f-sh1	hash4	11	1070.0	214.0000	214.0000	1.08
w-512	f-sh1	vm	11	190.0	38.0000	38.0000	1.08
w-512	f-glued	serial	11	32000.0	1777.7778	1777.7778	1.08
w-512	f-glued	firstbyte	11	1510.0	83.8889	83.8889	1.08
w-512	f-glued	trie	11	670.0	37.2222	37.2222	1.08
w-512	f-glued	hash2	11	490.0	27.2222	27.2222	1.08
w-512	f-glued	hash4	11	3720.0	206.6667	206.6667	1.08
w-512	f-glued	vm	11	620.0	34.4444	34.4444	1.08
w-512	f-w255	serial	11	12220.0	1745.7143	1745.7143	1.08
w-512	f-w255	firstbyte	11	680.0	97.1429	97.1429	1.08
w-512	f-w255	trie	11	280.0	40.0000	40.0000	1.08
w-512	f-w255	hash2	11	200.0	28.5714	28.5714	1.08
w-512	f-w255	hash4	11	1550.0	221.4286	221.4286	1.08
w-512	f-w255	vm	11	240.0	34.2857	34.2857	1.08
w-512	f-pfx3	serial	11	15721.0	1965.1250	1965.1250	1.08
w-512	f-pfx3	firstbyte	11	770.0	96.2500	96.2500	1.08
w-512	f-pfx3	trie	11	330.0	41.2500	41.2500	1.08
w-512	f-pfx3	hash2	11	250.0	31.2500	31.2500	1.08
w-512	f-pfx3	hash4	11	1600.0	200.0000	200.0000	1.08
w-512	f-pfx3	vm	11	340.0	42.5000	42.5000	1.08
w-512	t-128k-sparse	serial	11	210595368.0	1606.7151	1606.7151	1.08
w-512	t-128k-sparse	firstbyte	11	10524124.0	80.2927	80.2927	1.08
w-512	t-128k-sparse	trie	11	5266182.0	40.1778	40.1778	1.08
w-512	t-128k-sparse	hash2	11	3893024.0	29.7014	29.7014	1.08
w-512	t-128k-sparse	hash4	11	27113835.0	206.8621	206.8621	1.08
w-512	t-128k-sparse	vm	11	5174852.0	39.4810	39.4810	1.08
w-512	f-bg	serial	11	15930.0	1991.2500	1991.2500	1.08
w-512	f-bg	firstbyte	11	820.0	102.5000	102.5000	1.08
w-512	f-bg	trie	11	300.0	37.5000	37.5000	1.08
w-512	f-bg	hash2	11	220.0	27.5000	27.5000	1.08
w-512	f-bg	hash4	11	1740.0	217.5000	217.5000	1.08
w-512	f-bg	vm	11	320.0	40.0000	40.0000	1.08
w-512	f-upper	serial	11	19990.0	1665.8333	1665.8333	1.08
w-512	f-upper	firstbyte	11	150.0	12.5000	12.5000	1.08
w-512	f-upper	trie	11	300.0	25.0000	25.0000	1.08
w-512	f-upper	hash2	11	220.0	18.3333	18.3333	1.08
w-512	f-upper	hash4	11	2150.0	179.1667	179.1667	1.08
w-512	f-upper	vm	11	290.0	24.1667	24.1667	1.08
w-512	f-near	serial	11	23620.0	1968.3333	1968.3333	1.08
w-512	f-near	firstbyte	11	1090.0	90.8333	90.8333	1.08
w-512	f-near	trie	11	490.0	40.8333	40.8333	1.08
w-512	f-near	hash2	11	330.0	27.5000	27.5000	1.08
w-512	f-near	hash4	11	2400.0	200.0000	200.0000	1.08
w-512	f-near	vm	11	450.0	37.5000	37.5000	1.08
w-512	f-sfx	serial	11	17510.0	1945.5556	1945.5556	1.08
w-512	f-sfx	firstbyte	11	890.0	98.8889	98.8889	1.08
w-512	f-sfx	trie	11	380.0	42.2222	42.2222	1.08
w-512	f-sfx	hash2	11	260.0	28.8889	28.8889	1.08
w-512	f-sfx	hash4	11	1950.0	216.6667	216.6667	1.08
w-512	f-sfx	vm	11	360.0	40.0000	40.0000	1.08
